timestamp_ms,voltage_V,current_mA,power_mW,marker_ble,marker_wifi,marker_sleep
0,3.308,61.90,205.00,1,0,1
3,3.304,62.00,205.00,1,0,1
5,3.304,61.90,205.00,1,0,1
8,3.304,61.90,205.00,1,0,1
10,3.308,61.70,203.00,1,0,1
13,3.304,61.80,205.00,1,0,1
15,3.304,61.90,205.00,1,0,1
17,3.308,61.90,205.00,1,0,1
20,3.308,62.00,205.00,1,0,1
22,3.304,61.90,205.00,1,0,1
25,3.304,61.80,205.00,1,0,1
27,3.304,61.80,205.00,1,0,1
30,3.308,62.30,205.00,1,0,1
32,3.308,61.90,205.00,1,0,1
35,3.308,62.00,205.00,1,0,1
37,3.308,62.00,205.00,1,0,1
40,3.284,99.20,313.00,1,0,1
42,3.284,61.90,205.00,1,0,1
45,3.308,61.90,205.00,1,0,1
47,3.308,62.00,205.00,1,0,1
50,3.304,65.40,216.00,1,1,0
52,3.264,101.10,333.00,1,1,0
54,3.280,98.50,321.00,1,1,0
67,3.284,97.90,321.00,1,1,0
70,3.284,98.00,321.00,1,1,0
72,3.284,98.00,321.00,1,1,0
74,3.284,97.90,321.00,1,1,0
77,3.284,97.40,324.00,1,1,0
79,3.284,98.70,324.00,1,1,0
82,3.288,99.50,326.00,1,1,0
84,3.284,90.20,298.00,1,1,0
87,3.284,98.60,324.00,1,1,0
89,3.284,98.50,323.00,1,1,0
92,3.284,97.90,321.00,1,1,0
94,3.284,98.20,323.00,1,1,0
97,3.284,98.60,324.00,1,1,0
99,3.284,98.40,323.00,1,1,0
102,3.284,106.00,347.00,1,0,1
104,3.284,98.50,323.00,1,0,1
107,3.284,128.30,421.00,1,1,0
109,3.284,95.40,324.00,1,1,0
112,3.284,100.60,331.00,1,1,0
114,3.280,100.00,328.00,1,1,0
127,3.284,98.30,323.00,1,1,0
129,3.284,98.30,323.00,1,1,0
132,3.284,98.10,323.00,1,1,0
134,3.284,99.40,326.00,1,1,0
136,3.284,98.80,323.00,1,1,0
139,3.284,98.00,321.00,1,1,0
141,3.280,93.70,308.00,1,1,0
144,3.280,98.10,324.00,1,1,0
146,3.284,98.20,324.00,1,1,0
149,3.284,98.40,323.00,1,1,0
151,3.284,98.10,323.00,1,1,0
154,3.284,99.80,326.00,1,1,0
156,3.284,98.00,321.00,1,0,1
159,3.284,110.30,362.00,1,0,1
161,3.284,98.80,328.00,1,1,0
164,3.284,94.80,311.00,1,1,0
166,3.284,98.40,323.00,1,1,0
169,3.284,98.50,321.00,1,1,0
171,3.284,98.00,321.00,1,1,0
184,3.284,99.70,328.00,1,1,0
186,3.284,90.10,297.00,1,1,0
189,3.284,94.30,301.00,1,1,0
191,3.284,92.10,303.00,1,1,0
194,3.284,98.30,323.00,1,1,0
196,3.284,96.60,324.00,1,1,0
199,3.284,98.10,323.00,1,1,0
201,3.284,98.60,324.00,1,1,0
203,3.284,101.60,334.00,1,1,0
206,3.284,100.90,324.00,1,1,0
208,3.284,98.40,323.00,1,1,0
211,3.284,98.60,323.00,1,1,0
213,3.284,105.60,316.00,1,0,1
216,3.284,98.50,323.00,1,0,1
218,3.284,130.10,426.00,1,1,0
221,3.280,100.90,323.00,1,1,0
223,3.284,98.10,323.00,1,1,0
226,3.284,98.60,323.00,1,1,0
238,3.284,97.00,318.00,1,1,0
241,3.284,98.90,323.00,1,1,0
243,3.284,98.60,324.00,1,1,0
246,3.284,96.70,318.00,1,1,0
248,3.284,98.40,333.00,1,1,0
251,3.288,98.10,326.00,1,1,0
253,3.284,98.20,323.00,1,1,0
256,3.284,98.10,323.00,1,1,0
258,3.284,99.00,323.00,1,1,0
261,3.284,98.30,323.00,1,1,0
263,3.284,98.80,324.00,1,1,0
266,3.284,99.20,323.00,1,1,0
268,3.284,100.40,329.00,1,0,1
271,3.260,98.30,323.00,1,0,1
273,3.284,97.90,406.00,1,1,0
275,3.284,98.80,324.00,1,1,0
278,3.284,98.40,323.00,1,1,0
280,3.284,99.00,323.00,1,1,0
283,3.284,99.70,328.00,1,1,0
296,3.284,99.00,324.00,1,1,0
298,3.284,98.60,323.00,1,1,0
300,3.284,98.20,323.00,1,1,0
303,3.284,98.50,323.00,1,1,0
305,3.284,98.80,324.00,1,1,0
308,3.284,98.80,324.00,1,1,0
310,3.284,98.70,324.00,1,1,0
313,3.284,99.10,326.00,1,1,0
315,3.284,98.50,323.00,1,1,0
318,3.284,98.40,323.00,1,1,0
320,3.284,98.70,324.00,1,1,0
323,3.284,98.30,323.00,1,0,1
325,3.284,101.30,419.00,1,0,1
328,3.284,102.20,336.00,1,1,0
330,3.284,99.10,324.00,1,1,0
333,3.280,93.50,326.00,1,1,0
335,3.284,98.70,324.00,1,1,0
338,3.284,99.60,328.00,1,1,0
350,3.284,98.20,323.00,1,1,0
353,3.284,98.50,333.00,1,1,0
355,3.284,101.00,329.00,1,1,0
358,3.284,97.80,321.00,1,1,0
360,3.284,99.70,328.00,1,1,0
363,3.280,98.10,324.00,1,1,0
365,3.284,98.30,323.00,1,1,0
368,3.284,98.40,323.00,1,1,0
370,3.284,98.40,323.00,1,1,0
372,3.284,98.90,324.00,1,1,0
375,3.284,93.30,306.00,1,1,0
377,3.284,99.50,303.00,1,0,1
380,3.284,95.50,313.00,1,0,1
382,3.284,98.20,319.00,1,1,0
385,3.280,133.20,324.00,1,1,0
387,3.284,93.40,306.00,1,1,0
390,3.284,98.40,323.00,1,1,0
392,3.284,90.00,297.00,1,1,0
405,3.284,98.70,324.00,1,1,0
407,3.284,98.20,323.00,1,1,0
410,3.284,102.20,336.00,1,1,0
412,3.284,98.70,324.00,1,1,0
415,3.284,98.20,326.00,1,1,0
417,3.284,98.50,323.00,1,1,0
420,3.284,98.80,324.00,1,1,0
422,3.284,98.70,323.00,1,1,0
425,3.284,98.20,323.00,1,1,0
427,3.284,98.10,323.00,1,1,0
434,3.284,98.30,323.00,1,0,1
437,3.284,98.50,323.00,1,0,1
439,3.264,100.10,436.00,1,1,0
442,3.276,97.10,319.00,1,1,0
444,3.280,96.90,318.00,1,1,0
447,3.284,98.00,329.00,1,1,0
449,3.280,93.80,308.00,1,1,0
451,3.284,98.90,324.00,1,1,0
454,3.284,98.80,324.00,1,1,0
456,3.284,98.50,323.00,1,1,0
459,3.284,98.10,323.00,1,1,0
461,3.284,96.40,316.00,1,1,0
464,3.284,98.40,323.00,1,1,0
466,3.284,98.80,324.00,1,1,0
469,3.284,100.70,331.00,1,1,0
471,3.284,100.20,338.00,1,1,0
474,3.240,98.50,323.00,1,1,0
476,3.288,98.80,324.00,1,1,0
489,3.284,98.70,324.00,1,0,1
491,3.288,99.80,323.00,1,0,1
494,3.284,90.10,297.00,1,1,0
496,3.276,98.60,323.00,1,1,0
499,3.280,99.20,326.00,1,1,0
501,3.284,99.50,326.00,1,1,0
504,3.284,99.50,326.00,1,1,0
506,3.284,99.50,324.00,1,1,0
509,3.284,98.40,323.00,1,1,0
511,3.284,97.90,321.00,1,1,0
514,3.284,98.30,324.00,1,1,0
516,3.288,98.80,323.00,1,1,0
519,3.284,98.70,324.00,1,1,0
521,3.284,99.10,326.00,1,1,0
523,3.284,98.50,323.00,1,1,0
526,3.284,98.00,321.00,1,1,0
528,3.284,98.20,323.00,1,1,0
531,3.284,99.20,324.00,1,1,0
533,3.284,100.20,329.00,1,1,0
546,3.280,98.40,323.00,1,0,1
548,3.284,124.00,408.00,1,1,0
551,3.260,105.70,316.00,1,1,0
553,3.284,100.90,331.00,1,1,0
556,3.284,98.20,323.00,1,1,0
558,3.284,100.70,323.00,1,1,0
561,3.284,98.00,321.00,1,1,0
563,3.284,98.30,323.00,1,1,0
566,3.280,98.70,324.00,1,1,0
568,3.284,99.20,324.00,1,1,0
571,3.284,99.50,326.00,1,1,0
573,3.284,100.40,329.00,1,1,0
576,3.288,98.40,321.00,1,1,0
578,3.284,98.40,323.00,1,1,0
581,3.284,98.40,323.00,1,1,0
583,3.284,98.60,323.00,1,1,0
586,3.284,98.50,323.00,1,1,0
588,3.284,98.60,324.00,1,1,0
601,3.276,99.20,326.00,1,0,1
603,3.284,128.00,324.00,1,1,0
606,3.284,137.40,451.00,1,1,0
608,3.280,98.00,321.00,1,1,0
611,3.276,98.80,323.00,1,1,0
613,3.284,98.20,323.00,1,1,0
615,3.284,98.80,324.00,1,1,0
618,3.284,99.50,326.00,1,1,0
620,3.284,98.90,323.00,1,1,0
623,3.284,98.80,324.00,1,1,0
625,3.284,98.00,321.00,1,1,0
628,3.284,98.70,323.00,1,1,0
630,3.284,98.40,323.00,1,1,0
633,3.280,98.60,324.00,1,1,0
635,3.284,97.80,328.00,1,1,0
638,3.284,98.30,323.00,1,1,0
640,3.284,98.60,323.00,1,1,0
643,3.280,98.10,326.00,1,1,0
655,3.280,93.70,347.00,1,0,1
658,3.284,130.50,429.00,1,0,1
660,3.284,99.50,326.00,1,1,0
663,3.252,265.60,375.00,1,1,0
665,3.280,99.10,326.00,1,1,0
668,3.284,98.50,323.00,1,1,0
670,3.284,98.30,323.00,1,1,0
673,3.280,93.50,323.00,1,1,0
675,3.284,98.30,323.00,1,1,0
678,3.284,99.10,326.00,1,1,0
680,3.284,98.50,324.00,1,1,0
683,3.280,98.20,323.00,1,1,0
685,3.284,98.20,323.00,1,1,0
687,3.284,98.30,323.00,1,1,0
690,3.284,98.40,323.00,1,1,0
692,3.284,98.80,324.00,1,1,0
695,3.284,100.30,326.00,1,1,0
697,3.284,97.50,319.00,1,1,0
710,3.284,98.70,324.00,1,0,1
713,3.276,99.40,326.00,1,0,1
715,3.284,98.90,331.00,1,0,1
717,3.284,98.60,324.00,1,1,0
720,3.284,99.00,324.00,1,1,0
722,3.280,98.50,323.00,1,1,0
725,3.284,102.30,334.00,1,1,0
727,3.284,101.40,333.00,1,1,0
730,3.284,98.30,323.00,1,1,0
732,3.284,101.00,323.00,1,1,0
735,3.284,98.20,323.00,1,1,0
737,3.284,98.40,323.00,1,1,0
740,3.284,99.80,324.00,1,1,0
742,3.284,98.60,324.00,1,1,0
745,3.284,96.40,316.00,1,1,0
747,3.288,98.90,324.00,1,1,0
750,3.284,98.90,324.00,1,1,0
752,3.284,98.70,324.00,1,1,0
765,3.284,98.10,323.00,1,1,0
767,3.284,105.80,323.00,1,0,1
770,3.284,98.20,323.00,1,0,1
772,3.284,138.90,454.00,1,1,0
775,3.280,98.20,338.00,1,1,0
777,3.284,98.80,324.00,1,1,0
780,3.284,99.30,326.00,1,1,0
782,3.284,98.10,323.00,1,1,0
784,3.284,98.00,329.00,1,1,0
787,3.280,98.70,324.00,1,1,0
789,3.284,98.50,323.00,1,1,0
792,3.284,99.00,324.00,1,1,0
794,3.280,98.60,324.00,1,1,0
797,3.284,98.20,323.00,1,1,0
799,3.284,99.70,324.00,1,1,0
802,3.284,90.30,297.00,1,1,0
804,3.284,98.50,323.00,1,1,0
807,3.288,100.60,323.00,1,1,0
819,3.284,98.40,323.00,1,1,0
822,3.284,101.70,334.00,1,0,1
824,3.260,99.00,324.00,1,0,1
827,3.284,98.80,346.00,1,1,0
829,3.256,94.00,308.00,1,1,0
832,3.280,98.20,323.00,1,1,0
834,3.284,101.20,333.00,1,1,0
837,3.284,98.30,323.00,1,1,0
839,3.284,98.50,323.00,1,1,0
842,3.284,100.90,331.00,1,1,0
844,3.284,98.60,323.00,1,1,0
847,3.284,98.10,323.00,1,1,0
849,3.284,98.00,321.00,1,1,0
852,3.284,101.10,324.00,1,1,0
854,3.284,98.40,323.00,1,1,0
856,3.280,99.20,326.00,1,1,0
859,3.284,94.60,306.00,1,1,0
861,3.284,98.90,324.00,1,1,0
874,3.284,102.60,338.00,1,1,0
877,3.284,98.00,321.00,1,0,1
879,3.276,98.20,323.00,1,0,1
881,3.260,99.60,328.00,1,1,0
884,3.284,93.50,306.00,1,1,0
886,3.284,98.20,323.00,1,1,0
889,3.284,98.90,323.00,1,1,0
891,3.284,98.30,323.00,1,1,0
894,3.284,99.10,326.00,1,1,0
896,3.284,98.60,324.00,1,1,0
899,3.284,99.30,326.00,1,1,0
901,3.284,99.70,328.00,1,1,0
904,3.284,90.00,295.00,1,1,0
906,3.284,99.00,324.00,1,1,0
909,3.280,99.50,326.00,1,1,0
911,3.280,100.10,324.00,1,1,0
914,3.284,98.30,323.00,1,1,0
916,3.284,99.00,324.00,1,1,0
929,3.280,98.20,323.00,1,1,0
931,3.284,98.80,323.00,1,0,1
934,3.284,99.60,324.00,1,0,1
936,3.284,98.20,323.00,1,1,0
939,3.280,131.60,315.00,1,1,0
941,3.284,98.20,319.00,1,1,0
944,3.284,98.20,323.00,1,1,0
946,3.284,98.40,323.00,1,1,0
949,3.284,97.80,326.00,1,1,0
951,3.284,99.30,326.00,1,1,0
953,3.284,98.00,321.00,1,1,0
956,3.284,98.90,323.00,1,1,0
958,3.284,98.40,323.00,1,1,0
961,3.284,98.60,324.00,1,1,0
963,3.280,95.30,323.00,1,1,0
966,3.284,98.50,323.00,1,1,0
968,3.284,98.40,323.00,1,1,0
971,3.284,98.40,323.00,1,1,0
973,3.280,98.60,324.00,1,1,0
986,3.284,98.80,324.00,1,1,0
988,3.284,98.50,323.00,1,0,1
991,3.264,98.40,323.00,1,0,1
993,3.284,99.90,321.00,1,1,0
996,3.284,98.80,324.00,1,1,0
998,3.284,98.40,323.00,1,1,0
1001,3.284,99.10,333.00,1,1,0
1003,3.288,99.70,328.00,1,1,0
1006,3.284,89.90,295.00,1,1,0
1008,3.284,95.90,328.00,1,1,0
1011,3.284,96.30,316.00,1,1,0
1013,3.284,98.50,323.00,1,1,0
1016,3.284,98.40,324.00,1,1,0
1018,3.284,97.20,319.00,1,1,0
1020,3.284,99.00,324.00,1,1,0
1023,3.284,99.10,324.00,1,1,0
1025,3.284,99.10,326.00,1,1,0
1038,3.284,98.10,323.00,1,1,0
1041,3.284,98.10,323.00,1,1,0
1043,3.284,103.80,341.00,1,0,1
1045,3.284,132.90,333.00,1,0,1
1048,3.284,103.00,338.00,1,1,0
1050,3.284,95.10,311.00,1,1,0
1053,3.288,97.90,323.00,1,1,0
1055,3.284,99.90,328.00,1,1,0
1058,3.284,98.20,323.00,1,1,0
1060,3.284,99.60,323.00,1,1,0
1063,3.284,96.00,315.00,1,1,0
1065,3.280,98.10,323.00,1,1,0
1068,3.284,98.50,321.00,1,1,0
1070,3.284,96.20,316.00,1,1,0
1073,3.284,98.10,323.00,1,1,0
1075,3.284,98.20,324.00,1,1,0
1088,3.284,99.60,328.00,1,1,0
1090,3.284,98.40,323.00,1,1,0
1093,3.284,98.90,324.00,1,1,0
1095,3.284,98.30,323.00,1,1,0
1098,3.284,98.20,321.00,1,0,1
1100,3.280,98.40,323.00,1,0,1
1103,3.284,98.70,324.00,1,1,0
1105,3.268,105.40,328.00,1,1,0
1108,3.284,90.00,295.00,1,1,0
1110,3.284,94.10,308.00,1,1,0
1113,3.284,93.90,328.00,1,1,0
1115,3.284,98.60,324.00,1,1,0
1117,3.284,98.60,324.00,1,1,0
1120,3.284,98.70,326.00,1,1,0
1122,3.284,99.00,324.00,1,1,0
1125,3.280,98.60,324.00,1,1,0
1138,3.284,98.50,323.00,1,1,0
1140,3.284,98.90,326.00,1,1,0
1142,3.284,100.00,324.00,1,1,0
1145,3.284,98.40,323.00,1,1,0
1147,3.284,98.70,324.00,1,1,0
1150,3.284,98.90,323.00,1,1,0
1152,3.284,98.90,324.00,1,0,1
1155,3.276,98.70,324.00,1,0,1
1157,3.288,98.70,326.00,1,1,0
1160,3.284,138.00,454.00,1,1,0
1162,3.284,97.50,319.00,1,1,0
1165,3.284,101.10,323.00,1,1,0
1167,3.284,100.70,329.00,1,1,0
1170,3.284,98.40,323.00,1,1,0
1172,3.284,98.60,316.00,1,1,0
1185,3.284,98.20,326.00,1,1,0
1187,3.280,99.30,326.00,1,1,0
1190,3.284,98.20,323.00,1,1,0
1192,3.284,98.30,323.00,1,1,0
1195,3.284,98.20,323.00,1,1,0
1197,3.288,98.50,323.00,1,1,0
1200,3.284,98.50,319.00,1,1,0
1202,3.284,99.00,324.00,1,1,0
1205,3.284,99.50,326.00,1,1,0
1207,3.284,99.30,326.00,1,1,0
1210,3.284,99.70,333.00,1,0,1
1212,3.284,96.20,315.00,1,0,1
1215,3.284,98.30,323.00,1,1,0
1217,3.280,96.10,316.00,1,1,0
1219,3.284,99.60,328.00,1,1,0
1222,3.288,98.30,323.00,1,1,0
1235,3.288,98.50,323.00,1,1,0
1237,3.284,98.40,324.00,1,1,0
1240,3.284,98.70,324.00,1,1,0
1242,3.284,98.40,323.00,1,1,0
1244,3.284,98.50,319.00,1,1,0
1247,3.284,98.30,323.00,1,1,0
1249,3.284,98.40,323.00,1,1,0
1252,3.284,98.60,324.00,1,1,0
1254,3.284,98.60,324.00,1,1,0
1257,3.284,98.70,324.00,1,1,0
1259,3.284,97.10,319.00,1,1,0
1262,3.280,98.10,328.00,1,1,0
1264,3.284,98.50,323.00,1,0,1
1267,3.284,100.20,329.00,1,0,1
1269,3.284,98.30,385.00,1,1,0
1272,3.256,99.50,326.00,1,1,0
1284,3.284,100.10,329.00,1,1,0
1287,3.284,98.40,323.00,1,1,0
1289,3.284,100.90,326.00,1,1,0
1292,3.284,98.60,324.00,1,1,0
1294,3.284,98.20,323.00,1,1,0
1297,3.284,96.30,321.00,1,1,0
1299,3.284,101.20,333.00,1,1,0
1302,3.284,98.50,323.00,1,1,0
1304,3.284,98.10,323.00,1,1,0
1307,3.284,98.80,324.00,1,1,0
1309,3.284,97.70,321.00,1,1,0
1312,3.284,99.70,328.00,1,1,0
1314,3.284,89.90,295.00,1,1,0
1316,3.284,98.70,324.00,1,1,0
1319,3.284,98.40,323.00,1,0,1
1321,3.284,99.00,336.00,1,0,1
1334,3.284,100.50,328.00,1,1,0
1337,3.284,98.70,324.00,1,1,0
1339,3.284,98.90,324.00,1,1,0
1341,3.284,98.10,323.00,1,1,0
1344,3.284,98.00,321.00,1,1,0
1346,3.284,98.10,323.00,1,1,0
1349,3.284,98.70,324.00,1,1,0
1351,3.284,99.30,326.00,1,1,0
1354,3.284,99.40,326.00,1,1,0
1356,3.284,98.70,324.00,1,1,0
1359,3.284,100.20,329.00,1,1,0
1361,3.284,98.10,323.00,1,1,0
1364,3.288,98.20,323.00,1,1,0
1366,3.284,96.10,324.00,1,1,0
1369,3.284,100.70,331.00,1,1,0
1381,3.284,129.00,424.00,1,1,0
1384,3.284,98.60,324.00,1,1,0
1386,3.284,99.10,324.00,1,1,0
1389,3.284,98.40,323.00,1,1,0
1391,3.284,98.10,323.00,1,1,0
1394,3.284,98.50,326.00,1,1,0
1396,3.280,99.10,326.00,1,1,0
1399,3.284,100.90,331.00,1,1,0
1401,3.284,98.30,323.00,1,1,0
1404,3.284,101.90,334.00,1,1,0
1406,3.284,98.30,323.00,1,1,0
1409,3.288,100.20,323.00,1,1,0
1411,3.276,98.40,323.00,1,1,0
1413,3.284,99.50,326.00,1,1,0
1416,3.284,90.10,297.00,1,1,0
1429,3.284,98.90,324.00,1,1,0
1431,3.284,99.20,321.00,1,0,1
1434,3.284,99.10,326.00,1,0,1
1436,3.284,102.50,334.00,1,1,0
1438,3.268,95.40,308.00,1,1,0
1441,3.280,95.60,315.00,1,1,0
1443,3.284,97.90,321.00,1,1,0
1446,3.288,98.60,324.00,1,1,0
1448,3.284,98.40,323.00,1,1,0
1451,3.284,98.40,323.00,1,1,0
1453,3.284,98.40,324.00,1,1,0
1456,3.284,102.10,336.00,1,1,0
1458,3.288,98.60,324.00,1,1,0
1461,3.288,98.60,324.00,1,1,0
1463,3.284,98.60,324.00,1,1,0
1466,3.284,96.80,318.00,1,1,0
1478,3.284,100.70,331.00,1,1,0
1481,3.284,99.20,326.00,1,1,0
1483,3.284,98.30,323.00,1,1,0
1486,3.284,99.60,328.00,1,0,1
1488,3.284,98.30,323.00,1,0,1
1491,3.284,98.40,323.00,1,1,0
1493,3.280,99.00,324.00,1,1,0
1496,3.280,96.20,316.00,1,1,0
1498,3.284,98.30,331.00,1,1,0
1501,3.288,98.30,323.00,1,1,0
1503,3.284,96.70,318.00,1,1,0
1506,3.284,98.10,323.00,1,1,0
1508,3.284,98.40,323.00,1,1,0
1510,3.284,98.40,323.00,1,1,0
1513,3.284,98.80,324.00,1,1,0
1515,3.284,89.60,295.00,1,1,0
1528,3.284,98.60,323.00,1,1,0
1531,3.284,98.60,324.00,1,1,0
1533,3.284,98.30,323.00,1,1,0
1536,3.284,98.20,323.00,1,1,0
1538,3.280,98.90,324.00,1,1,0
1540,3.284,98.50,323.00,1,1,0
1543,3.284,98.50,324.00,1,0,1
1545,3.284,130.00,428.00,1,0,1
1548,3.284,100.70,328.00,1,1,0
1550,3.284,98.80,323.00,1,1,0
1553,3.284,98.10,323.00,1,1,0
1555,3.284,98.20,323.00,1,1,0
1558,3.284,98.00,324.00,1,1,0
1560,3.284,98.40,323.00,1,1,0
1563,3.284,98.80,324.00,1,1,0
1565,3.284,99.00,326.00,1,1,0
1578,3.288,101.50,334.00,1,1,0
1580,3.284,101.70,326.00,1,1,0
1583,3.284,101.90,334.00,1,1,0
1585,3.284,94.20,310.00,1,1,0
1588,3.288,101.60,326.00,1,1,0
1590,3.284,99.00,324.00,1,1,0
1593,3.284,98.20,323.00,1,1,0
1595,3.284,98.50,324.00,1,1,0
1598,3.284,106.20,349.00,1,0,1
1600,3.284,131.60,433.00,1,0,1
1603,3.284,98.20,426.00,1,1,0
1605,3.276,99.70,328.00,1,1,0
1608,3.284,98.60,324.00,1,1,0
1610,3.284,98.50,324.00,1,1,0
1612,3.284,99.60,328.00,1,1,0
1625,3.284,99.00,324.00,1,1,0
1628,3.284,98.90,324.00,1,1,0
1630,3.284,99.10,328.00,1,1,0
1633,3.284,98.80,324.00,1,1,0
1635,3.284,98.00,321.00,1,1,0
1637,3.284,98.20,323.00,1,1,0
1640,3.284,99.30,326.00,1,1,0
1642,3.288,102.70,338.00,1,1,0
1645,3.284,100.10,329.00,1,1,0
1647,3.284,98.90,321.00,1,1,0
1650,3.284,98.80,324.00,1,1,0
1652,3.284,98.40,323.00,1,0,1
1655,3.284,98.50,324.00,1,0,1
1657,3.284,99.30,326.00,1,1,0
1660,3.260,93.70,308.00,1,1,0
1662,3.284,97.60,324.00,1,1,0
1675,3.284,99.50,329.00,1,1,0
1677,3.288,94.10,310.00,1,1,0
1680,3.284,98.40,323.00,1,1,0
1682,3.284,98.20,324.00,1,1,0
1685,3.284,100.70,324.00,1,1,0
1687,3.284,98.40,323.00,1,1,0
1690,3.284,98.30,323.00,1,1,0
1692,3.284,98.30,318.00,1,1,0
1695,3.284,98.20,323.00,1,1,0
1697,3.284,98.20,323.00,1,1,0
1700,3.284,98.30,323.00,1,1,0
1702,3.284,98.20,323.00,1,1,0
1705,3.284,98.60,324.00,1,1,0
1707,3.284,98.60,329.00,1,0,1
1709,3.284,99.10,326.00,1,0,1
1712,3.264,99.10,326.00,1,0,1
1725,3.284,98.50,323.00,1,1,0
1727,3.284,98.90,324.00,1,1,0
1730,3.284,98.20,323.00,1,1,0
1732,3.284,98.20,323.00,1,1,0
1735,3.284,99.20,334.00,1,1,0
1737,3.288,101.50,324.00,1,1,0
1739,3.284,98.60,324.00,1,1,0
1742,3.284,98.40,323.00,1,1,0
1744,3.284,99.20,329.00,1,1,0
1747,3.284,98.40,323.00,1,1,0
1749,3.284,98.70,324.00,1,1,0
1752,3.288,98.20,323.00,1,1,0
1754,3.284,98.90,324.00,1,1,0
1757,3.284,98.10,323.00,1,1,0
1759,3.284,98.30,323.00,1,1,0
1762,3.284,98.20,323.00,1,1,0
1774,3.284,98.60,324.00,1,1,0
1777,3.284,98.40,323.00,1,1,0
1779,3.284,100.00,310.00,1,1,0
1782,3.284,98.30,323.00,1,1,0
1784,3.284,99.30,326.00,1,1,0
1787,3.284,100.50,319.00,1,1,0
1789,3.288,98.40,323.00,1,1,0
1792,3.284,98.40,323.00,1,1,0
1794,3.288,102.00,334.00,1,1,0
1797,3.284,98.20,324.00,1,1,0
1799,3.284,98.10,323.00,1,1,0
1802,3.284,98.70,324.00,1,1,0
1804,3.284,98.40,326.00,1,1,0
1806,3.284,98.20,323.00,1,1,0
1809,3.284,98.10,323.00,1,1,0
1822,3.284,99.50,326.00,1,0,1
1824,3.284,106.40,308.00,1,1,0
1827,3.268,115.70,380.00,1,1,0
1829,3.284,100.00,328.00,1,1,0
1831,3.284,99.10,326.00,1,1,0
1834,3.284,98.70,324.00,1,1,0
1836,3.288,96.30,316.00,1,1,0
1839,3.284,99.10,326.00,1,1,0
1841,3.284,98.60,334.00,1,1,0
1844,3.284,98.30,323.00,1,1,0
1846,3.288,99.30,326.00,1,1,0
1849,3.284,98.20,324.00,1,1,0
1851,3.284,98.90,324.00,1,1,0
1854,3.284,100.50,331.00,1,1,0
1856,3.276,99.20,324.00,1,1,0
1869,3.284,97.70,326.00,1,1,0
1871,3.288,99.50,328.00,1,1,0
1874,3.284,99.40,326.00,1,0,1
1876,3.284,99.50,323.00,1,0,1
1879,3.280,128.00,421.00,1,1,0
1881,3.284,129.70,426.00,1,1,0
1884,3.280,101.50,308.00,1,1,0
1886,3.284,97.00,329.00,1,1,0
1889,3.284,99.90,328.00,1,1,0
1891,3.284,98.20,323.00,1,1,0
1894,3.288,99.10,324.00,1,1,0
1896,3.284,98.50,323.00,1,1,0
1898,3.284,98.10,323.00,1,1,0
1901,3.284,98.80,326.00,1,1,0
1903,3.284,99.00,324.00,1,1,0
1916,3.284,96.10,316.00,1,1,0
1919,3.284,98.20,323.00,1,1,0
1921,3.284,95.60,321.00,1,1,0
1923,3.284,99.40,326.00,1,1,0
1926,3.284,99.70,328.00,1,1,0
1928,3.284,90.20,297.00,1,1,0
1931,3.284,100.20,329.00,1,0,1
1933,3.288,102.10,333.00,1,0,1
1936,3.284,98.40,321.00,1,1,0
1938,3.280,98.50,323.00,1,1,0
1941,3.284,98.90,324.00,1,1,0
1943,3.284,98.40,323.00,1,1,0
1946,3.284,98.20,324.00,1,1,0
1948,3.284,98.90,324.00,1,1,0
1951,3.280,98.00,321.00,1,1,0
1953,3.284,99.00,324.00,1,1,0
1966,3.284,100.00,324.00,1,1,0
1968,3.284,98.50,323.00,1,1,0
1971,3.284,98.40,323.00,1,1,0
1973,3.284,98.50,315.00,1,1,0
1976,3.284,95.80,315.00,1,1,0
1978,3.284,92.80,305.00,1,1,0
1981,3.284,98.80,333.00,1,1,0
1983,3.284,98.20,323.00,1,1,0
1986,3.280,94.70,310.00,1,0,1
1988,3.280,132.00,434.00,1,0,1
1990,3.284,98.50,349.00,1,1,0
1993,3.260,99.60,328.00,1,1,0
1995,3.288,99.80,328.00,1,1,0
1998,3.284,98.40,323.00,1,1,0
2000,3.284,98.40,323.00,1,1,0
2003,3.288,103.00,339.00,1,1,0
2016,3.284,98.40,323.00,1,1,0
2018,3.284,98.40,321.00,1,1,0
2020,3.284,98.70,324.00,1,1,0
2023,3.284,98.60,324.00,1,1,0
2025,3.284,98.20,323.00,1,1,0
2028,3.284,99.60,328.00,1,1,0
2030,3.284,90.20,297.00,1,1,0
2033,3.284,98.30,328.00,1,1,0
2035,3.288,99.00,324.00,1,1,0
2038,3.284,98.30,323.00,1,1,0
2040,3.284,98.70,324.00,1,0,1
2043,3.288,99.70,326.00,1,0,1
2045,3.284,98.40,323.00,1,0,1
2048,3.284,98.30,323.00,1,0,1
2050,3.288,81.30,208.00,1,1,0
2053,3.304,93.90,308.00,1,1,0
2065,3.284,98.20,323.00,1,1,0
2068,3.284,98.30,323.00,1,1,0
2070,3.284,98.90,324.00,1,1,0
2073,3.284,99.30,326.00,1,1,0
2075,3.284,98.80,324.00,1,1,0
2078,3.284,98.40,323.00,1,1,0
2080,3.284,99.40,326.00,1,1,0
2083,3.284,98.60,324.00,1,1,0
2085,3.284,96.60,329.00,1,1,0
2088,3.280,94.10,310.00,1,1,0
2090,3.284,98.60,324.00,1,1,0
2092,3.284,98.40,323.00,1,1,0
2095,3.288,99.00,324.00,1,1,0
2097,3.284,98.30,323.00,1,1,0
2100,3.284,98.90,324.00,1,1,0
2102,3.284,103.60,324.00,1,0,1
2115,3.284,98.20,323.00,1,1,0
2117,3.284,98.50,323.00,1,1,0
2120,3.284,99.40,326.00,1,1,0
2122,3.284,97.10,326.00,1,1,0
2125,3.276,98.60,324.00,1,1,0
2127,3.284,98.00,323.00,1,1,0
2130,3.284,99.70,328.00,1,1,0
2132,3.284,90.20,297.00,1,1,0
2135,3.284,98.70,324.00,1,1,0
2137,3.284,99.40,324.00,1,1,0
2140,3.284,98.30,323.00,1,1,0
2142,3.284,98.30,323.00,1,1,0
2145,3.288,99.00,324.00,1,1,0
2147,3.284,98.80,323.00,1,1,0
2150,3.284,98.20,323.00,1,1,0
2152,3.288,99.00,324.00,1,1,0
2165,3.280,93.90,308.00,1,1,0
2167,3.284,98.70,324.00,1,1,0
2170,3.288,98.40,323.00,1,1,0
2172,3.288,98.70,324.00,1,1,0
2175,3.284,98.50,323.00,1,1,0
2177,3.284,98.50,323.00,1,1,0
2180,3.284,99.60,328.00,1,1,0
2182,3.284,98.40,323.00,1,1,0
2185,3.284,101.30,333.00,1,1,0
2187,3.284,100.90,331.00,1,1,0
2189,3.284,96.60,306.00,1,1,0
2192,3.280,103.10,339.00,1,1,0
2194,3.284,98.30,323.00,1,1,0
2197,3.284,98.00,321.00,1,1,0
2199,3.284,100.50,324.00,1,1,0
2212,3.288,98.50,323.00,1,0,1
2214,3.276,98.60,324.00,1,0,1
2217,3.288,98.80,324.00,1,1,0
2219,3.260,93.80,323.00,1,1,0
2222,3.284,98.50,323.00,1,1,0
2224,3.284,98.30,323.00,1,1,0
2227,3.284,99.40,323.00,1,1,0
2229,3.284,100.90,331.00,1,1,0
2232,3.284,100.10,329.00,1,1,0
2234,3.284,92.50,297.00,1,1,0
2237,3.284,98.60,324.00,1,1,0
2239,3.284,98.90,324.00,1,1,0
2242,3.284,98.10,323.00,1,1,0
2244,3.284,98.40,323.00,1,1,0
2247,3.288,99.10,326.00,1,1,0
2249,3.284,99.50,326.00,1,1,0
2262,3.284,98.70,324.00,1,1,0
2264,3.284,98.50,334.00,1,1,0
2267,3.284,101.00,331.00,1,0,1
2269,3.288,98.50,321.00,1,0,1
2272,3.288,98.30,323.00,1,1,0
2274,3.280,99.50,326.00,1,1,0
2277,3.284,93.70,308.00,1,1,0
2279,3.284,98.70,324.00,1,1,0
2281,3.284,99.80,328.00,1,1,0
2284,3.276,99.30,326.00,1,1,0
2286,3.284,98.60,323.00,1,1,0
2289,3.284,98.20,323.00,1,1,0
2291,3.284,98.70,324.00,1,1,0
2294,3.284,96.80,324.00,1,1,0
2296,3.284,98.90,323.00,1,1,0
2299,3.284,99.60,328.00,1,1,0
2311,3.284,98.90,324.00,1,1,0
2314,3.284,98.80,324.00,1,1,0
2316,3.284,98.50,323.00,1,1,0
2319,3.284,98.10,323.00,1,1,0
2321,3.284,98.10,323.00,1,1,0
2324,3.284,101.50,334.00,1,0,1
2326,3.288,98.50,324.00,1,0,1
2329,3.284,100.00,328.00,1,1,0
2331,3.268,99.10,319.00,1,1,0
2334,3.276,93.80,308.00,1,1,0
2336,3.288,99.60,328.00,1,1,0
2339,3.284,90.10,298.00,1,1,0
2341,3.284,99.10,326.00,1,1,0
2344,3.284,98.40,323.00,1,1,0
2346,3.284,98.50,324.00,1,1,0
2349,3.284,98.90,324.00,1,1,0
2361,3.284,98.60,326.00,1,1,0
2364,3.284,101.10,333.00,1,1,0
2366,3.284,98.90,324.00,1,1,0
2369,3.284,98.40,323.00,1,1,0
2371,3.284,98.80,324.00,1,1,0
2374,3.284,97.80,321.00,1,1,0
2376,3.284,98.60,324.00,1,1,0
2378,3.284,98.50,323.00,1,0,1
2381,3.280,98.60,324.00,1,0,1
2383,3.284,98.60,324.00,1,1,0
2386,3.280,128.20,421.00,1,1,0
2388,3.280,98.40,323.00,1,1,0
2391,3.284,98.90,324.00,1,1,0
2393,3.284,100.20,329.00,1,1,0
2396,3.280,98.90,324.00,1,1,0
2408,3.288,99.00,324.00,1,1,0
2411,3.284,98.60,324.00,1,1,0
2413,3.284,98.20,328.00,1,1,0
2416,3.288,101.60,334.00,1,1,0
2418,3.288,101.30,333.00,1,1,0
2421,3.288,101.50,323.00,1,1,0
2423,3.284,98.40,323.00,1,1,0
2426,3.284,98.70,324.00,1,1,0
2428,3.284,98.60,324.00,1,1,0
2435,3.288,100.80,331.00,1,0,1
2438,3.288,99.70,324.00,1,0,1
2440,3.284,90.00,293.00,1,1,0
2443,3.260,95.50,313.00,1,1,0
2445,3.288,99.50,326.00,1,1,0
2448,3.284,98.70,323.00,1,1,0
2450,3.284,98.20,323.00,1,1,0
2452,3.288,98.10,323.00,1,1,0
2455,3.280,99.60,329.00,1,1,0
2457,3.284,99.00,324.00,1,1,0
2460,3.284,99.30,326.00,1,1,0
2462,3.284,98.20,323.00,1,1,0
2465,3.284,98.80,324.00,1,1,0
2467,3.284,98.70,324.00,1,1,0
2480,3.284,98.60,324.00,1,1,0
2482,3.284,98.40,324.00,1,1,0
2485,3.284,97.40,319.00,1,1,0
2487,3.284,97.30,319.00,1,1,0
2490,3.284,98.00,321.00,1,0,1
2492,3.276,98.40,316.00,1,0,1
2495,3.284,99.10,326.00,1,1,0
2497,3.256,93.80,308.00,1,1,0
2500,3.284,93.50,323.00,1,1,0
2502,3.284,101.40,333.00,1,1,0
2505,3.288,99.10,326.00,1,1,0
2507,3.284,98.30,324.00,1,1,0
2510,3.280,99.70,328.00,1,1,0
2512,3.284,98.20,323.00,1,1,0
2515,3.284,98.10,321.00,1,1,0
2517,3.284,98.70,324.00,1,1,0
2530,3.284,98.30,323.00,1,1,0
2532,3.284,98.20,323.00,1,1,0
2535,3.284,98.40,321.00,1,1,0
2537,3.284,99.60,328.00,1,1,0
2540,3.284,93.10,306.00,1,1,0
2542,3.284,90.20,297.00,1,1,0
2545,3.284,98.40,323.00,1,0,1
2547,3.284,99.30,326.00,1,0,1
2549,3.284,98.30,323.00,1,1,0
2552,3.280,102.50,318.00,1,1,0
2554,3.284,99.90,328.00,1,1,0
2557,3.288,99.50,326.00,1,1,0
2559,3.284,98.20,323.00,1,1,0
2562,3.284,99.40,326.00,1,1,0
2564,3.284,98.30,323.00,1,1,0
2567,3.284,98.10,323.00,1,1,0
2579,3.284,98.50,323.00,1,1,0
2582,3.284,98.20,323.00,1,1,0
2584,3.284,99.00,326.00,1,1,0
2587,3.288,98.90,323.00,1,1,0
2589,3.284,99.50,328.00,1,1,0
2592,3.288,96.90,318.00,1,1,0
2594,3.284,92.60,311.00,1,1,0
2597,3.280,93.10,303.00,1,1,0
2599,3.284,93.30,306.00,1,1,0
2602,3.284,98.40,323.00,1,0,1
2604,3.284,101.40,326.00,1,0,1
2607,3.288,100.40,328.00,1,1,0
2609,3.284,99.20,326.00,1,1,0
2612,3.284,97.90,324.00,1,1,0
2614,3.284,97.80,321.00,1,1,0
2616,3.280,98.90,324.00,1,1,0
2629,3.284,99.60,328.00,1,1,0
2632,3.284,98.50,324.00,1,1,0
2634,3.284,92.50,303.00,1,1,0
2637,3.284,97.20,319.00,1,1,0
2639,3.284,99.20,326.00,1,1,0
2642,3.284,99.70,328.00,1,1,0
2644,3.284,89.90,295.00,1,1,0
2646,3.284,97.90,321.00,1,1,0
2649,3.284,100.30,326.00,1,1,0
2651,3.288,98.90,324.00,1,1,0
2654,3.284,98.90,324.00,1,1,0
2656,3.284,95.10,339.00,1,0,1
2659,3.284,101.10,333.00,1,0,1
2661,3.284,98.70,323.00,1,1,0
2664,3.284,98.20,338.00,1,1,0
2666,3.284,148.00,485.00,1,1,0
2679,3.284,98.30,323.00,1,1,0
2681,3.284,99.80,328.00,1,1,0
2684,3.284,98.60,324.00,1,1,0
2686,3.284,98.80,324.00,1,1,0
2689,3.284,98.80,324.00,1,1,0
2691,3.284,98.20,334.00,1,1,0
2694,3.276,100.70,331.00,1,1,0
2696,3.284,98.50,323.00,1,1,0
2699,3.284,98.50,334.00,1,1,0
2701,3.280,98.40,323.00,1,1,0
2704,3.284,98.50,323.00,1,1,0
2706,3.284,98.70,324.00,1,1,0
2709,3.284,99.40,323.00,1,1,0
2711,3.284,98.20,323.00,1,0,1
2714,3.284,98.30,323.00,1,0,1
2716,3.284,99.50,324.00,1,1,0
2729,3.284,98.20,323.00,1,1,0
2731,3.284,98.20,323.00,1,1,0
2734,3.284,99.60,328.00,1,1,0
2736,3.284,98.40,324.00,1,1,0
2739,3.284,98.30,323.00,1,1,0
2741,3.276,98.80,324.00,1,1,0
2743,3.284,102.00,328.00,1,1,0
2746,3.288,92.40,303.00,1,1,0
2748,3.284,90.40,297.00,1,1,0
2751,3.288,98.50,326.00,1,1,0
2753,3.288,99.40,334.00,1,1,0
2756,3.284,98.50,323.00,1,1,0
2758,3.284,98.50,323.00,1,1,0
2761,3.284,98.80,324.00,1,1,0
2763,3.284,98.50,323.00,1,1,0
2766,3.284,98.40,323.00,1,1,0
2778,3.284,101.90,334.00,1,1,0
2781,3.284,101.50,323.00,1,1,0
2783,3.284,98.70,324.00,1,1,0
2786,3.284,98.80,324.00,1,1,0
2788,3.284,98.30,323.00,1,1,0
2791,3.284,98.90,324.00,1,1,0
2793,3.284,98.90,324.00,1,1,0
2796,3.284,98.90,333.00,1,1,0
2798,3.284,98.50,323.00,1,1,0
2801,3.284,98.40,323.00,1,1,0
2803,3.284,99.70,306.00,1,1,0
2806,3.280,98.30,323.00,1,1,0
2808,3.284,98.60,324.00,1,1,0
2811,3.284,98.60,324.00,1,1,0
2813,3.284,99.10,324.00,1,1,0
2815,3.284,99.70,328.00,1,1,0
2828,3.284,105.20,342.00,1,1,0
2831,3.284,93.60,306.00,1,1,0
2833,3.284,98.50,323.00,1,1,0
2836,3.284,98.30,323.00,1,1,0
2838,3.284,98.30,323.00,1,1,0
2840,3.284,98.30,324.00,1,1,0
2843,3.284,99.10,326.00,1,1,0
2845,3.284,98.80,324.00,1,1,0
2848,3.284,99.50,297.00,1,1,0
2850,3.284,91.70,301.00,1,1,0
2853,3.284,98.50,323.00,1,1,0
2855,3.288,102.10,323.00,1,1,0
2858,3.284,98.20,323.00,1,1,0
2860,3.284,98.20,323.00,1,1,0
2863,3.284,98.20,323.00,1,1,0
2865,3.284,98.20,326.00,1,1,0
2878,3.284,98.10,321.00,1,0,1
2880,3.276,98.20,323.00,1,0,1
2883,3.284,98.30,323.00,1,1,0
2885,3.288,134.40,308.00,1,1,0
2888,3.280,99.30,326.00,1,1,0
2890,3.284,98.60,324.00,1,1,0
2893,3.284,98.50,323.00,1,1,0
2895,3.284,98.20,323.00,1,1,0
2898,3.284,98.00,321.00,1,1,0
2900,3.284,98.40,323.00,1,1,0
2903,3.284,98.70,324.00,1,1,0
2905,3.284,99.80,328.00,1,1,0
2908,3.280,94.10,319.00,1,1,0
2910,3.284,97.40,319.00,1,1,0
2912,3.284,98.30,323.00,1,1,0
2915,3.284,98.20,324.00,1,1,0
2928,3.284,98.10,323.00,1,1,0
2930,3.288,98.20,316.00,1,1,0
2933,3.284,98.20,323.00,1,1,0
2935,3.284,106.10,349.00,1,0,1
2937,3.284,132.00,324.00,1,0,1
2940,3.284,100.10,328.00,1,1,0
2942,3.284,95.10,313.00,1,1,0
2945,3.284,98.90,324.00,1,1,0
2947,3.284,98.90,324.00,1,1,0
2950,3.284,99.80,328.00,1,1,0
2952,3.284,90.20,305.00,1,1,0
2955,3.284,98.50,323.00,1,1,0
2957,3.288,98.70,324.00,1,1,0
2960,3.284,98.30,323.00,1,1,0
2962,3.284,98.10,323.00,1,1,0
2965,3.284,98.70,324.00,1,1,0
2977,3.284,97.90,321.00,1,1,0
2980,3.284,97.60,321.00,1,1,0
2982,3.284,98.20,323.00,1,1,0
2985,3.284,98.30,323.00,1,1,0
2987,3.284,98.30,323.00,1,1,0
2990,3.288,98.70,323.00,1,0,1
2992,3.276,98.40,323.00,1,0,1
2995,3.284,98.50,324.00,1,1,0
2997,3.256,101.00,326.00,1,1,0
3000,3.284,98.30,323.00,1,1,0
3002,3.288,98.50,323.00,1,1,0
3005,3.288,98.20,318.00,1,1,0
3007,3.284,100.80,331.00,1,1,0
3009,3.284,94.20,310.00,1,1,0
3012,3.284,98.70,324.00,1,1,0
3014,3.280,94.90,311.00,1,1,0
3027,3.284,98.30,311.00,1,1,0
3030,3.284,93.80,308.00,1,1,0
3032,3.284,96.40,316.00,1,1,0
3034,3.284,92.30,303.00,1,1,0
3037,3.284,98.00,321.00,1,1,0
3039,3.284,102.50,338.00,1,1,0
3042,3.284,98.20,324.00,1,1,0
3044,3.284,98.50,323.00,1,0,1
3047,3.280,96.40,316.00,1,0,1
3049,3.284,98.90,423.00,1,1,0
3052,3.284,96.10,316.00,1,1,0
3054,3.284,90.20,297.00,1,1,0
3057,3.284,93.50,323.00,1,1,0
3059,3.284,99.60,328.00,1,1,0
3062,3.284,98.10,323.00,1,1,0
3064,3.284,98.60,323.00,1,1,0
3077,3.284,98.30,323.00,1,1,0
3079,3.288,98.90,326.00,1,1,0
3082,3.288,98.40,323.00,1,1,0
3084,3.280,95.80,315.00,1,1,0
3087,3.284,98.50,329.00,1,1,0
3089,3.284,98.40,323.00,1,1,0
3092,3.284,95.60,315.00,1,1,0
3094,3.284,93.90,324.00,1,1,0
3097,3.284,98.70,324.00,1,1,0
3099,3.284,98.70,324.00,1,0,1
3102,3.284,105.70,323.00,1,0,1
3104,3.284,98.30,323.00,1,0,1
3106,3.276,128.50,423.00,1,1,0
3109,3.284,98.20,331.00,1,1,0
3111,3.280,94.20,310.00,1,1,0
3114,3.288,98.60,324.00,1,1,0
3127,3.284,99.90,328.00,1,1,0
3129,3.276,99.30,326.00,1,1,0
3131,3.284,99.10,326.00,1,1,0
3134,3.284,98.50,323.00,1,1,0
3136,3.284,98.20,323.00,1,1,0
3139,3.284,98.10,323.00,1,1,0
3141,3.284,98.80,324.00,1,1,0
3144,3.288,98.70,324.00,1,1,0
3146,3.284,98.40,323.00,1,1,0
3149,3.284,98.30,323.00,1,1,0
3151,3.288,101.80,334.00,1,1,0
3154,3.284,98.80,328.00,1,1,0
3156,3.284,90.00,295.00,1,0,1
3159,3.284,126.40,416.00,1,0,1
3161,3.284,99.80,324.00,1,1,0
3164,3.276,99.70,328.00,1,1,0
3176,3.284,98.90,324.00,1,1,0
3179,3.284,98.10,323.00,1,1,0
3181,3.284,98.80,324.00,1,1,0
3184,3.284,98.80,324.00,1,1,0
3186,3.284,98.10,323.00,1,1,0
3189,3.288,98.40,323.00,1,1,0
3191,3.284,98.20,323.00,1,1,0
3194,3.280,98.20,323.00,1,1,0
3196,3.284,100.70,329.00,1,1,0
3199,3.284,98.50,324.00,1,1,0
3201,3.284,98.40,323.00,1,1,0
3203,3.284,98.30,323.00,1,1,0
3206,3.284,98.50,323.00,1,1,0
3208,3.288,95.90,315.00,1,1,0
3211,3.284,105.00,344.00,1,0,1
3213,3.288,100.00,339.00,1,0,1
3226,3.284,96.40,321.00,1,1,0
3229,3.284,98.30,323.00,1,1,0
3231,3.284,98.30,323.00,1,1,0
3233,3.288,101.50,334.00,1,1,0
3236,3.284,98.40,323.00,1,1,0
3238,3.284,98.20,323.00,1,1,0
3241,3.288,98.40,323.00,1,1,0
3243,3.284,100.20,326.00,1,1,0
3246,3.284,98.40,323.00,1,1,0
3248,3.284,98.50,323.00,1,1,0
3251,3.288,96.00,323.00,1,1,0
3253,3.284,99.20,326.00,1,1,0
3256,3.284,99.70,328.00,1,1,0
3258,3.288,95.60,297.00,1,1,0
3261,3.284,98.40,323.00,1,1,0
3263,3.284,101.10,333.00,1,1,0
3276,3.284,99.10,326.00,1,1,0
3278,3.284,99.60,324.00,1,1,0
3281,3.284,98.10,323.00,1,1,0
3283,3.284,98.40,323.00,1,1,0
3286,3.284,98.90,324.00,1,1,0
3288,3.284,98.60,323.00,1,1,0
3291,3.284,98.60,324.00,1,1,0
3293,3.284,98.40,323.00,1,1,0
3296,3.284,98.20,324.00,1,1,0
3298,3.284,98.20,323.00,1,1,0
3300,3.288,98.50,323.00,1,1,0
3303,3.284,98.60,324.00,1,1,0
3305,3.284,99.40,326.00,1,1,0
3308,3.284,99.00,324.00,1,1,0
3310,3.284,95.60,324.00,1,1,0
3313,3.284,98.30,323.00,1,1,0
3326,3.288,103.00,336.00,1,1,0
3328,3.280,99.10,326.00,1,1,0
3330,3.284,100.40,323.00,1,1,0
3333,3.280,98.30,323.00,1,1,0
3335,3.284,98.30,323.00,1,1,0
3338,3.288,98.90,324.00,1,1,0
3340,3.276,101.00,324.00,1,1,0
3343,3.288,98.50,323.00,1,1,0
3345,3.284,99.30,326.00,1,1,0
3348,3.284,100.60,329.00,1,1,0
3350,3.284,99.00,324.00,1,1,0
3353,3.284,96.50,318.00,1,1,0
3355,3.284,99.30,324.00,1,1,0
3358,3.284,99.50,326.00,1,1,0
3360,3.284,97.80,321.00,1,1,0
3373,3.284,98.40,323.00,1,1,0
3375,3.284,98.90,347.00,1,0,1
3378,3.284,129.00,424.00,1,0,1
3380,3.284,101.90,334.00,1,1,0
3383,3.264,101.00,401.00,1,1,0
3385,3.280,97.60,321.00,1,1,0
3388,3.284,98.60,324.00,1,1,0
3390,3.284,96.70,326.00,1,1,0
3393,3.284,98.30,323.00,1,1,0
3395,3.284,98.00,323.00,1,1,0
3398,3.284,98.30,334.00,1,1,0
3400,3.288,100.80,331.00,1,1,0
3403,3.280,98.40,323.00,1,1,0
3405,3.284,98.70,324.00,1,1,0
3407,3.288,98.90,326.00,1,1,0
3420,3.284,110.30,324.00,1,1,0
3423,3.284,98.90,324.00,1,1,0
3425,3.288,100.90,331.00,1,1,0
3428,3.284,98.20,323.00,1,1,0
3430,3.284,98.20,323.00,1,0,0
3432,3.272,98.90,324.00,1,0,1
3435,3.284,99.20,434.00,1,0,1
3437,3.280,111.60,364.00,1,1,0
3440,3.280,94.10,310.00,1,1,0
3442,3.284,99.10,324.00,1,1,0
3445,3.284,98.20,323.00,1,1,0
3447,3.284,97.20,319.00,1,1,0
3450,3.284,98.80,323.00,1,1,0
3452,3.284,98.60,324.00,1,1,0
3455,3.284,98.40,323.00,1,1,0
3467,3.284,99.20,326.00,1,1,0
3470,3.284,98.90,324.00,1,1,0
3472,3.284,104.10,334.00,1,1,0
3475,3.288,98.30,323.00,1,1,0
3477,3.288,101.60,334.00,1,1,0
3480,3.284,98.10,323.00,1,1,0
3482,3.284,98.80,324.00,1,1,0
3485,3.288,99.00,324.00,1,1,0
3487,3.284,98.70,347.00,1,0,1
3490,3.284,99.90,328.00,1,0,1
3492,3.284,98.40,323.00,1,1,0
3495,3.280,133.10,308.00,1,1,0
3497,3.284,98.50,323.00,1,1,0
3499,3.284,98.70,324.00,1,1,0
3502,3.284,98.90,326.00,1,1,0
3504,3.284,99.00,324.00,1,1,0
3517,3.284,98.40,324.00,1,1,0
3520,3.284,101.00,331.00,1,1,0
3522,3.284,93.70,308.00,1,1,0
3525,3.284,98.40,323.00,1,1,0
3527,3.284,99.80,328.00,1,1,0
3529,3.284,98.50,323.00,1,1,0
3532,3.284,98.10,316.00,1,1,0
3534,3.284,98.20,323.00,1,1,0
3537,3.284,98.20,323.00,1,1,0
3539,3.284,97.00,318.00,1,1,0
3542,3.284,98.00,321.00,1,1,0
3544,3.280,101.20,333.00,1,0,1
3547,3.284,131.10,324.00,1,0,1
3549,3.284,109.30,359.00,1,1,0
3552,3.284,100.20,329.00,1,1,0
3564,3.284,99.40,326.00,1,1,0
3567,3.284,90.00,295.00,1,1,0
3569,3.284,92.40,308.00,1,1,0
3572,3.288,99.00,324.00,1,1,0
3574,3.284,98.30,323.00,1,1,0
3577,3.284,98.40,323.00,1,1,0
3579,3.284,99.70,328.00,1,1,0
3582,3.284,99.90,328.00,1,1,0
3584,3.284,99.10,321.00,1,1,0
3587,3.284,99.00,324.00,1,1,0
3589,3.284,98.20,323.00,1,1,0
3592,3.288,99.10,324.00,1,1,0
3594,3.284,98.60,324.00,1,1,0
3597,3.284,99.50,328.00,1,1,0
3599,3.288,98.90,324.00,1,0,1
3601,3.284,98.50,323.00,1,0,1
3614,3.284,96.80,323.00,1,1,0
3617,3.284,97.20,319.00,1,1,0
3619,3.284,93.50,306.00,1,1,0
3622,3.284,92.40,318.00,1,1,0
3624,3.284,94.00,308.00,1,1,0
3626,3.284,98.10,323.00,1,1,0
3629,3.284,98.60,326.00,1,1,0
3631,3.288,98.60,324.00,1,1,0
3634,3.284,98.30,323.00,1,1,0
3636,3.284,98.20,326.00,1,1,0
3639,3.284,99.10,326.00,1,1,0
3641,3.284,98.90,324.00,1,1,0
3644,3.276,98.70,331.00,1,1,0
3646,3.284,99.10,326.00,1,1,0
3649,3.284,98.90,324.00,1,1,0
3651,3.284,98.20,323.00,1,1,0
3664,3.284,98.60,324.00,1,1,0
3666,3.284,99.80,328.00,1,1,0
3669,3.284,90.10,297.00,1,1,0
3671,3.284,98.90,324.00,1,1,0
3674,3.284,98.80,324.00,1,1,0
3676,3.284,99.00,324.00,1,1,0
3679,3.284,98.60,324.00,1,1,0
3681,3.284,99.00,324.00,1,1,0
3684,3.284,100.50,329.00,1,1,0
3686,3.288,98.30,323.00,1,1,0
3689,3.284,99.00,326.00,1,1,0
3691,3.284,99.80,328.00,1,1,0
3694,3.284,99.30,326.00,1,1,0
3696,3.284,96.20,324.00,1,1,0
3698,3.284,99.70,328.00,1,1,0
3701,3.288,101.70,334.00,1,1,0
3714,3.284,101.10,331.00,1,1,0
3716,3.276,93.80,318.00,1,1,0
3719,3.284,100.40,323.00,1,1,0
3721,3.284,97.40,319.00,1,1,0
3724,3.284,98.60,324.00,1,1,0
3726,3.276,98.00,308.00,1,1,0
3728,3.280,98.60,324.00,1,1,0
3731,3.284,98.40,323.00,1,1,0
3733,3.284,99.00,323.00,1,1,0
3736,3.284,99.10,326.00,1,1,0
3738,3.284,98.40,323.00,1,1,0
3741,3.284,98.60,323.00,1,1,0
3743,3.284,98.50,323.00,1,1,0
3746,3.284,98.90,324.00,1,1,0
3748,3.284,100.00,334.00,1,1,0
3751,3.288,98.20,323.00,1,1,0
3763,3.284,101.90,334.00,1,0,1
3766,3.284,97.70,321.00,1,0,1
3768,3.288,99.80,326.00,1,1,0
3771,3.264,90.10,297.00,1,1,0
3773,3.284,93.70,308.00,1,1,0
3776,3.284,99.10,326.00,1,1,0
3778,3.284,98.60,323.00,1,1,0
3781,3.284,98.40,323.00,1,1,0
3783,3.284,99.00,324.00,1,1,0
3786,3.284,98.90,323.00,1,1,0
3788,3.284,99.80,328.00,1,1,0
3791,3.284,98.60,324.00,1,1,0
3793,3.284,99.20,323.00,1,1,0
3795,3.284,99.00,324.00,1,1,0
3798,3.284,98.80,324.00,1,1,0
3800,3.284,99.80,323.00,1,1,0
3813,3.284,99.10,323.00,1,1,0
3816,3.284,98.50,323.00,1,1,0
3818,3.284,99.80,328.00,1,0,1
3821,3.284,102.90,323.00,1,0,1
3823,3.284,98.70,323.00,1,0,1
3825,3.268,112.00,367.00,1,1,0
3828,3.280,96.60,318.00,1,1,0
3830,3.280,93.70,323.00,1,1,0
3833,3.284,98.30,323.00,1,1,0
3835,3.288,98.70,324.00,1,1,0
3838,3.284,98.40,326.00,1,1,0
3840,3.284,98.20,323.00,1,1,0
3843,3.284,98.80,324.00,1,1,0
3845,3.284,98.10,323.00,1,1,0
3848,3.284,97.70,321.00,1,1,0
3850,3.284,98.40,323.00,1,1,0
3863,3.284,98.80,324.00,1,1,0
3865,3.284,98.60,323.00,1,1,0
3868,3.284,99.00,324.00,1,1,0
3870,3.284,99.70,328.00,1,1,0
3873,3.284,90.20,295.00,1,1,0
3875,3.280,98.40,323.00,1,0,1
3878,3.284,102.00,334.00,1,0,1
3880,3.256,102.90,308.00,1,1,0
3883,3.280,99.10,326.00,1,1,0
3885,3.284,99.40,326.00,1,1,0
3888,3.284,98.60,324.00,1,1,0
3890,3.284,98.40,334.00,1,1,0
3893,3.284,99.00,324.00,1,1,0
3895,3.284,99.00,324.00,1,1,0
3897,3.284,98.50,323.00,1,1,0
3900,3.284,101.40,333.00,1,1,0
3913,3.284,98.80,324.00,1,1,0
3915,3.284,98.80,324.00,1,1,0
3918,3.276,99.50,319.00,1,1,0
3920,3.284,99.10,326.00,1,1,0
3922,3.284,97.40,319.00,1,1,0
3925,3.284,98.20,323.00,1,1,0
3927,3.284,98.20,323.00,1,1,0
3930,3.284,106.10,349.00,1,0,1
3932,3.280,126.40,415.00,1,0,1
3935,3.284,98.40,434.00,1,1,0
3937,3.280,100.00,328.00,1,1,0
3940,3.284,98.00,321.00,1,1,0
3942,3.280,98.10,323.00,1,1,0
3945,3.284,98.60,324.00,1,1,0
3947,3.284,99.30,326.00,1,1,0
3950,3.284,99.10,323.00,1,1,0
3962,3.284,98.10,324.00,1,1,0
3965,3.284,100.40,329.00,1,1,0
3967,3.284,99.10,326.00,1,1,0
3970,3.284,98.90,324.00,1,1,0
3972,3.288,99.70,328.00,1,1,0
3975,3.284,91.90,301.00,1,1,0
3977,3.284,90.00,326.00,1,1,0
3980,3.284,101.50,334.00,1,1,0
3982,3.284,98.70,324.00,1,1,0
3985,3.284,98.90,324.00,1,0,1
3987,3.284,98.50,324.00,1,0,1
3990,3.284,98.80,324.00,1,1,0
3992,3.260,95.00,311.00,1,1,0
3994,3.280,98.60,326.00,1,1,0
3997,3.284,98.90,324.00,1,1,0
3999,3.284,98.50,323.00,1,1,0
4012,3.284,98.50,323.00,1,1,0
4015,3.284,98.70,323.00,1,1,0
4017,3.284,99.20,326.00,1,1,0
4019,3.284,101.60,334.00,1,1,0
4022,3.284,99.70,323.00,1,1,0
4024,3.284,99.20,326.00,1,1,0
4027,3.284,98.90,324.00,1,1,0
4029,3.284,98.50,323.00,1,1,0
4032,3.284,96.30,316.00,1,1,0
4034,3.284,93.50,306.00,1,1,0
4037,3.288,98.30,323.00,1,1,0
4039,3.288,98.30,328.00,1,0,1
4042,3.284,98.20,323.00,1,0,1
4044,3.260,98.70,324.00,1,1,0
4047,3.288,103.10,436.00,1,1,0
4049,3.284,98.40,323.00,1,1,0
4062,3.284,98.40,323.00,1,1,0
4064,3.284,98.30,323.00,1,1,0
4067,3.284,98.70,323.00,1,1,0
4069,3.284,98.80,324.00,1,1,0
4072,3.284,98.20,323.00,1,1,0
4074,3.284,99.00,328.00,1,1,0
4077,3.288,94.30,310.00,1,1,0
4079,3.284,90.30,297.00,1,1,0
4082,3.284,98.80,324.00,1,1,0
4084,3.284,98.70,324.00,1,1,0
4087,3.284,98.20,323.00,1,1,0
4089,3.280,98.30,324.00,1,1,0
4091,3.284,98.80,324.00,1,1,0
4094,3.284,99.10,324.00,1,1,0
4096,3.284,98.60,324.00,1,0,1
4099,3.284,99.00,323.00,1,0,1
4112,3.284,97.20,324.00,1,1,0
4114,3.284,102.40,336.00,1,1,0
4116,3.284,98.30,323.00,1,1,0
4119,3.284,98.80,323.00,1,1,0
4121,3.284,98.40,323.00,1,1,0
4124,3.284,98.50,323.00,1,1,0
4126,3.284,98.50,323.00,1,1,0
4129,3.284,98.10,323.00,1,1,0
4131,3.284,98.20,323.00,1,1,0
4134,3.284,99.70,328.00,1,1,0
4136,3.284,95.40,313.00,1,1,0
4139,3.284,98.90,324.00,1,1,0
4141,3.284,99.50,331.00,1,1,0
4144,3.284,98.90,324.00,1,1,0
4146,3.284,98.90,324.00,1,1,0
4149,3.284,98.70,324.00,1,1,0
4161,3.284,98.10,321.00,1,1,0
4164,3.276,93.60,326.00,1,1,0
4166,3.284,98.40,323.00,1,1,0
4169,3.284,98.90,324.00,1,1,0
4171,3.284,98.60,323.00,1,1,0
4174,3.284,99.10,326.00,1,1,0
4176,3.284,98.70,324.00,1,1,0
4179,3.284,100.00,323.00,1,1,0
4181,3.284,90.20,297.00,1,1,0
4184,3.288,98.80,324.00,1,1,0
4186,3.284,99.30,324.00,1,1,0
4188,3.284,98.20,323.00,1,1,0
4191,3.284,98.50,323.00,1,1,0
4193,3.284,98.60,319.00,1,1,0
4196,3.284,98.10,315.00,1,1,0
4198,3.280,98.60,324.00,1,1,0
4211,3.284,97.90,321.00,1,0,1
4213,3.284,98.10,319.00,1,0,1
4216,3.284,98.20,321.00,1,1,0
4218,3.264,98.50,323.00,1,1,0
4221,3.284,98.50,323.00,1,1,0
4223,3.284,98.70,323.00,1,1,0
4226,3.284,99.60,328.00,1,1,0
4228,3.284,94.70,311.00,1,1,0
4231,3.284,96.00,315.00,1,1,0
4233,3.284,97.50,319.00,1,1,0
4236,3.284,99.00,324.00,1,1,0
4238,3.284,95.60,306.00,1,1,0
4241,3.280,98.60,324.00,1,1,0
4243,3.284,96.90,318.00,1,1,0
4246,3.284,99.00,342.00,1,1,0
4248,3.284,98.50,323.00,1,1,0
4261,3.284,99.00,318.00,1,1,0
4263,3.284,98.40,323.00,1,1,0
4266,3.284,98.50,323.00,1,0,1
4268,3.276,99.40,429.00,1,0,1
4271,3.284,92.40,303.00,1,1,0
4273,3.256,93.80,308.00,1,1,0
4276,3.284,92.90,303.00,1,1,0
4278,3.284,96.60,318.00,1,1,0
4281,3.284,99.60,328.00,1,1,0
4283,3.284,90.00,297.00,1,1,0
4285,3.284,92.20,303.00,1,1,0
4288,3.284,98.90,324.00,1,1,0
4290,3.284,99.60,323.00,1,1,0
4293,3.284,98.50,323.00,1,1,0
4295,3.284,95.90,315.00,1,1,0
4298,3.284,98.00,323.00,1,1,0
4311,3.284,98.10,323.00,1,1,0
4313,3.284,98.20,328.00,1,1,0
4315,3.284,98.30,323.00,1,1,0
4318,3.284,96.60,318.00,1,1,0
4320,3.284,98.80,333.00,1,0,1
4323,3.284,100.60,329.00,1,0,1
4325,3.284,96.30,316.00,1,1,0
4328,3.284,96.60,406.00,1,1,0
4330,3.284,99.30,326.00,1,1,0
4333,3.284,100.30,329.00,1,1,0
4335,3.284,99.30,328.00,1,1,0
4338,3.284,96.60,318.00,1,1,0
4340,3.288,94.00,308.00,1,1,0
4343,3.284,99.20,324.00,1,1,0
4345,3.284,98.20,323.00,1,1,0
4348,3.284,98.70,324.00,1,1,0
4360,3.284,98.20,323.00,1,1,0
4363,3.280,98.20,323.00,1,1,0
4365,3.284,98.90,331.00,1,1,0
4368,3.276,98.90,324.00,1,1,0
4370,3.284,97.90,321.00,1,1,0
4373,3.284,96.20,323.00,1,1,0
4375,3.284,98.20,323.00,1,1,0
4378,3.284,98.30,321.00,1,0,1
4380,3.284,98.90,329.00,1,0,1
4382,3.284,101.20,331.00,1,1,0
4385,3.284,90.20,297.00,1,1,0
4387,3.284,98.20,326.00,1,1,0
4390,3.284,101.00,331.00,1,1,0
4392,3.284,98.80,323.00,1,1,0
4395,3.284,98.70,323.00,1,1,0
4397,3.284,98.90,324.00,1,1,0
4410,3.284,99.30,326.00,1,1,0
4412,3.288,98.00,323.00,1,1,0
4415,3.284,98.60,324.00,1,1,0
4417,3.284,98.50,324.00,1,1,0
4420,3.284,98.80,324.00,1,1,0
4422,3.284,97.10,319.00,1,1,0
4425,3.284,98.40,323.00,1,1,0
4427,3.288,98.40,323.00,1,1,0
4430,3.284,99.00,326.00,1,1,0
4437,3.288,98.40,323.00,1,1,0
4440,3.276,116.70,308.00,1,1,0
4442,3.280,97.60,321.00,1,1,0
4445,3.284,95.20,313.00,1,1,0
4447,3.284,99.00,323.00,1,1,0
4450,3.284,98.50,323.00,1,1,0
4452,3.284,98.50,323.00,1,1,0
4455,3.284,98.40,323.00,1,1,0
4457,3.284,98.60,324.00,1,1,0
4459,3.284,98.00,321.00,1,1,0
4462,3.284,98.40,323.00,1,1,0
4464,3.284,98.40,323.00,1,1,0
4467,3.284,98.60,324.00,1,1,0
4469,3.284,98.40,323.00,1,1,0
4472,3.288,98.90,326.00,1,1,0
4474,3.284,98.10,323.00,1,1,0
4487,3.288,90.10,297.00,1,1,0
4489,3.280,95.50,313.00,1,0,1
4492,3.264,100.40,324.00,1,0,1
4494,3.284,104.60,341.00,1,1,0
4497,3.280,93.80,308.00,1,1,0
4499,3.280,98.90,344.00,1,1,0
4502,3.284,99.00,324.00,1,1,0
4504,3.284,98.40,323.00,1,1,0
4507,3.284,98.20,324.00,1,1,0
4509,3.284,98.80,324.00,1,1,0
4512,3.284,100.30,329.00,1,1,0
4514,3.288,102.80,323.00,1,1,0
4517,3.284,98.60,323.00,1,1,0
4519,3.284,96.20,316.00,1,1,0
4522,3.284,98.20,331.00,1,1,0
4534,3.284,98.50,323.00,1,1,0
4537,3.284,98.00,331.00,1,1,0
4539,3.284,98.30,323.00,1,1,0
4542,3.284,98.20,323.00,1,1,0
4544,3.284,98.00,323.00,1,0,1
4547,3.276,114.00,372.00,1,0,1
4549,3.284,98.40,323.00,1,1,0
4552,3.252,97.50,326.00,1,1,0
4554,3.280,104.20,342.00,1,1,0
4557,3.284,98.70,324.00,1,1,0
4559,3.284,96.10,326.00,1,1,0
4561,3.284,98.30,323.00,1,1,0
4564,3.284,98.40,323.00,1,1,0
4566,3.284,100.00,324.00,1,1,0
4569,3.284,98.60,324.00,1,1,0
4582,3.288,98.40,323.00,1,1,0
4584,3.284,99.40,326.00,1,1,0
4586,3.288,102.40,336.00,1,1,0
4589,3.288,99.70,297.00,1,1,0
4591,3.284,94.00,308.00,1,1,0
4594,3.288,100.50,329.00,1,1,0
4596,3.284,99.10,324.00,1,1,0
4599,3.284,98.40,323.00,1,1,0
4601,3.280,105.10,346.00,1,0,1
4604,3.284,98.90,324.00,1,0,1
4606,3.264,129.40,424.00,1,1,0
4609,3.284,98.20,323.00,1,1,0
4611,3.284,99.00,324.00,1,1,0
4614,3.284,98.30,323.00,1,1,0
4616,3.284,98.90,324.00,1,1,0
4629,3.284,98.60,323.00,1,1,0
4631,3.284,96.20,324.00,1,1,0
4634,3.284,98.60,323.00,1,1,0
4636,3.288,102.40,336.00,1,1,0
4639,3.284,98.50,324.00,1,1,0
4641,3.284,98.50,323.00,1,1,0
4644,3.284,98.30,323.00,1,1,0
4646,3.284,98.30,323.00,1,1,0
4649,3.280,93.70,308.00,1,1,0
4651,3.284,94.50,310.00,1,1,0
4654,3.284,98.50,323.00,1,1,0
4656,3.284,98.60,323.00,1,0,1
4658,3.284,98.70,324.00,1,0,1
4661,3.284,100.30,326.00,1,1,0
4663,3.284,101.20,323.00,1,1,0
4666,3.284,98.70,324.00,1,1,0
4679,3.284,98.80,324.00,1,1,0
4681,3.284,98.40,323.00,1,1,0
4684,3.284,98.40,323.00,1,1,0
4686,3.284,99.70,328.00,1,1,0
4688,3.288,101.90,334.00,1,1,0
4691,3.284,99.80,295.00,1,1,0
4693,3.284,90.10,303.00,1,1,0
4696,3.284,98.90,324.00,1,1,0
4698,3.284,101.90,334.00,1,1,0
4701,3.284,98.90,324.00,1,1,0
4703,3.284,99.10,326.00,1,1,0
4706,3.284,98.00,321.00,1,1,0
4708,3.284,101.20,318.00,1,1,0
4711,3.284,107.70,354.00,1,0,1
4713,3.284,101.40,333.00,1,0,1
4726,3.284,98.40,323.00,1,1,0
4728,3.284,98.40,323.00,1,1,0
4731,3.284,99.00,324.00,1,1,0
4733,3.284,99.20,326.00,1,1,0
4736,3.284,98.70,324.00,1,1,0
4738,3.284,98.30,323.00,1,1,0
4741,3.284,98.10,323.00,1,1,0
4743,3.284,98.10,323.00,1,1,0
4746,3.284,98.40,323.00,1,1,0
4748,3.284,100.70,331.00,1,1,0
4751,3.280,94.50,311.00,1,1,0
4753,3.284,92.40,303.00,1,1,0
4756,3.284,92.40,303.00,1,1,0
4758,3.284,92.40,303.00,1,1,0
4760,3.284,92.70,311.00,1,1,0
4763,3.284,96.90,318.00,1,1,0
4776,3.284,98.90,324.00,1,1,0
4778,3.284,98.60,324.00,1,1,0
4781,3.280,98.60,323.00,1,1,0
4783,3.284,98.60,324.00,1,1,0
4785,3.284,98.60,324.00,1,1,0
4788,3.284,98.70,324.00,1,1,0
4790,3.284,98.40,323.00,1,1,0
4793,3.284,99.80,328.00,1,1,0
4795,3.284,90.20,297.00,1,1,0
4798,3.284,98.50,323.00,1,1,0
4800,3.288,100.20,329.00,1,1,0
4803,3.284,98.30,318.00,1,1,0
4805,3.284,102.10,336.00,1,1,0
4808,3.284,98.70,324.00,1,1,0
4810,3.284,98.80,324.00,1,1,0
4813,3.284,98.40,324.00,1,1,0
4825,3.284,100.10,341.00,1,1,0
4828,3.256,100.90,331.00,1,1,0
4830,3.284,98.60,324.00,1,1,0
4833,3.284,98.50,324.00,1,1,0
4835,3.284,98.70,324.00,1,1,0
4838,3.284,98.80,324.00,1,1,0
4840,3.288,99.30,323.00,1,1,0
4843,3.284,98.30,323.00,1,1,0
4845,3.284,98.30,323.00,1,1,0
4848,3.284,98.50,323.00,1,1,0
4850,3.284,100.60,331.00,1,1,0
4853,3.284,94.10,308.00,1,1,0
4855,3.284,98.90,323.00,1,1,0
4857,3.284,98.30,323.00,1,1,0
4860,3.284,98.30,323.00,1,1,0
4862,3.284,98.20,323.00,1,1,0
4875,3.284,98.30,323.00,1,0,1
4878,3.284,99.20,339.00,1,0,1
4880,3.284,98.40,323.00,1,1,0
4883,3.260,102.70,338.00,1,1,0
4885,3.280,98.20,324.00,1,1,0
4887,3.288,98.60,324.00,1,1,0
4890,3.284,98.70,324.00,1,1,0
4892,3.288,101.60,324.00,1,1,0
4895,3.288,99.70,328.00,1,1,0
4897,3.284,90.10,297.00,1,1,0
4900,3.284,98.70,323.00,1,1,0
4902,3.284,98.90,324.00,1,1,0
4905,3.284,98.30,323.00,1,1,0
4907,3.284,99.20,323.00,1,1,0
4910,3.284,99.00,324.00,1,1,0
4912,3.288,100.10,329.00,1,1,0
4925,3.284,97.90,321.00,1,1,0
4927,3.284,98.10,323.00,1,1,0
4930,3.284,98.40,324.00,1,1,0
4932,3.284,98.50,323.00,1,0,1
4935,3.276,112.10,369.00,1,0,1
4937,3.284,100.20,378.00,1,1,0
4940,3.268,93.90,308.00,1,1,0
4942,3.276,98.80,324.00,1,1,0
4945,3.284,98.40,326.00,1,1,0
4947,3.284,98.60,324.00,1,1,0
4950,3.284,98.50,323.00,1,1,0
4952,3.284,98.30,328.00,1,1,0
4955,3.284,94.40,310.00,1,1,0
4957,3.284,98.70,324.00,1,1,0
4959,3.284,98.80,323.00,1,1,0
4962,3.284,98.50,323.00,1,1,0
4975,3.284,99.60,326.00,1,1,0
4977,3.284,98.70,324.00,1,1,0
4980,3.284,93.90,308.00,1,1,0
4982,3.284,98.10,303.00,1,1,0
4984,3.284,98.50,323.00,1,1,0
4987,3.284,95.20,313.00,1,0,1
4989,3.284,99.00,308.00,1,0,1
4992,3.284,92.40,303.00,1,1,0
4994,3.272,108.10,356.00,1,1,0
4997,3.284,100.10,329.00,1,1,0
4999,3.276,99.60,328.00,1,1,0
5002,3.284,90.20,297.00,1,1,0
5004,3.284,93.80,328.00,1,1,0
5007,3.288,98.50,323.00,1,1,0
5009,3.284,96.90,318.00,1,1,0
5012,3.284,98.70,319.00,1,1,0
5024,3.284,99.10,326.00,1,1,0
5027,3.284,100.70,326.00,1,1,0
5029,3.284,98.10,323.00,1,1,0
5032,3.284,98.10,323.00,1,1,0
5034,3.284,98.30,323.00,1,1,0
5037,3.288,98.80,324.00,1,1,0
5039,3.284,99.60,328.00,1,1,0
5042,3.288,99.00,324.00,1,1,0
5044,3.288,99.30,326.00,1,0,1
5047,3.288,98.20,323.00,1,0,1
5049,3.288,98.20,347.00,1,1,0
5052,3.260,93.80,308.00,1,1,0
5054,3.284,99.20,326.00,1,1,0
5056,3.284,100.10,318.00,1,1,0
5059,3.280,98.80,324.00,1,1,0
5061,3.288,98.20,323.00,1,1,0
5074,3.284,95.80,315.00,1,1,0
5077,3.284,98.40,323.00,1,1,0
5079,3.284,98.50,323.00,1,1,0
5081,3.284,98.80,324.00,1,1,0
5084,3.284,98.30,323.00,1,1,0
5086,3.284,99.10,324.00,1,1,0
5089,3.284,99.60,328.00,1,1,0
5091,3.284,98.70,324.00,1,1,0
5094,3.284,98.30,326.00,1,1,0
5096,3.284,98.60,324.00,1,1,0
5099,3.284,99.70,328.00,1,0,1
5101,3.280,97.40,297.00,1,0,1
5104,3.280,100.60,331.00,1,1,0
5106,3.268,93.80,308.00,1,1,0
5109,3.284,98.40,323.00,1,1,0
5111,3.284,98.30,323.00,1,1,0
5124,3.284,98.90,324.00,1,1,0
5126,3.284,98.10,323.00,1,1,0
5129,3.284,98.70,324.00,1,1,0
5131,3.284,98.30,323.00,1,1,0
5134,3.284,98.80,324.00,1,1,0
5136,3.284,99.10,326.00,1,1,0
5139,3.284,99.10,334.00,1,1,0
5141,3.284,98.70,324.00,1,1,0
5144,3.288,101.70,334.00,1,1,0
5146,3.288,101.70,323.00,1,1,0
5149,3.288,99.30,326.00,1,1,0
5151,3.284,97.20,319.00,1,1,0
5153,3.280,98.50,326.00,1,0,1
5156,3.288,100.50,328.00,1,0,1
5158,3.288,100.10,329.00,1,1,0
5171,3.284,98.90,324.00,1,1,0
5174,3.284,98.50,326.00,1,1,0
5176,3.284,98.20,323.00,1,1,0
5179,3.284,98.40,323.00,1,1,0
5181,3.284,98.80,324.00,1,1,0
5183,3.284,97.30,319.00,1,1,0
5186,3.284,98.70,324.00,1,1,0
5188,3.284,101.20,333.00,1,1,0
5191,3.284,98.40,323.00,1,1,0
5193,3.284,98.50,323.00,1,1,0
5196,3.284,98.30,323.00,1,1,0
5198,3.284,99.20,326.00,1,1,0
5201,3.288,99.80,328.00,1,1,0
5203,3.284,99.10,324.00,1,1,0
5206,3.284,90.20,323.00,1,1,0
5208,3.284,98.80,324.00,1,0,1
5221,3.284,98.50,323.00,1,1,0
5223,3.284,98.90,324.00,1,1,0
5226,3.284,98.90,323.00,1,1,0
5228,3.284,98.40,323.00,1,1,0
5231,3.284,99.50,326.00,1,1,0
5233,3.288,101.80,334.00,1,1,0
5236,3.288,99.40,326.00,1,1,0
5238,3.284,98.30,323.00,1,1,0
5241,3.284,98.60,323.00,1,1,0
5243,3.284,98.60,324.00,1,1,0
5246,3.284,98.80,324.00,1,1,0
5248,3.284,98.60,324.00,1,1,0
5251,3.284,99.30,324.00,1,1,0
5253,3.288,99.30,326.00,1,1,0
5255,3.284,98.50,323.00,1,1,0
5258,3.284,99.20,323.00,1,1,0
5271,3.284,102.70,434.00,1,1,0
5273,3.284,99.40,326.00,1,1,0
5276,3.284,98.20,323.00,1,1,0
5278,3.284,98.40,324.00,1,1,0
5280,3.284,98.30,323.00,1,1,0
5283,3.284,98.80,324.00,1,1,0
5285,3.284,99.20,338.00,1,1,0
5288,3.288,98.20,323.00,1,1,0
5290,3.288,101.10,333.00,1,1,0
5293,3.284,98.20,323.00,1,1,0
5295,3.284,98.70,323.00,1,1,0
5298,3.288,99.10,326.00,1,1,0
5300,3.284,98.70,324.00,1,1,0
5303,3.284,98.90,328.00,1,1,0
5305,3.288,99.30,326.00,1,1,0
5308,3.284,90.20,297.00,1,1,0
5320,3.284,101.80,334.00,1,0,1
5323,3.284,98.50,431.00,1,0,1
5325,3.284,101.90,333.00,1,1,0
5328,3.284,99.10,326.00,1,1,0
5330,3.284,93.70,323.00,1,1,0
5333,3.284,99.60,328.00,1,1,0
5335,3.284,99.60,328.00,1,1,0
5338,3.284,99.40,326.00,1,1,0
5340,3.284,98.20,323.00,1,1,0
5343,3.284,97.40,319.00,1,1,0
5345,3.284,98.80,324.00,1,1,0
5348,3.284,97.60,321.00,1,1,0
5350,3.284,98.70,324.00,1,1,0
5352,3.284,98.30,323.00,1,1,0
5355,3.284,100.90,323.00,1,1,0
5357,3.284,99.30,326.00,1,1,0
5370,3.280,99.60,328.00,1,1,0
5373,3.276,97.10,319.00,1,1,0
5375,3.284,98.50,326.00,1,0,1
5378,3.280,98.90,324.00,1,0,1
5380,3.284,98.60,321.00,1,1,0
5382,3.260,94.10,324.00,1,1,0
5385,3.284,99.50,326.00,1,1,0
5387,3.284,96.70,318.00,1,1,0
5390,3.284,98.50,324.00,1,1,0
5392,3.284,100.70,331.00,1,1,0
5395,3.284,98.40,323.00,1,1,0
5397,3.284,98.80,329.00,1,1,0
5400,3.288,98.30,323.00,1,1,0
5402,3.284,98.80,324.00,1,1,0
5405,3.284,98.80,324.00,1,1,0
5407,3.288,99.60,328.00,1,1,0
5420,3.284,98.60,323.00,1,1,0
5422,3.284,99.30,326.00,1,1,0
5425,3.284,98.90,324.00,1,1,0
5427,3.284,99.10,334.00,1,1,0
5430,3.288,99.00,324.00,1,0,1
5432,3.284,98.30,321.00,1,0,1
5435,3.284,99.20,333.00,1,1,0
5437,3.276,93.80,308.00,1,1,0
5440,3.284,98.40,323.00,1,1,0
5442,3.284,98.30,323.00,1,1,0
5445,3.284,98.80,324.00,1,1,0
5447,3.284,98.60,324.00,1,1,0
5450,3.284,98.60,324.00,1,1,0
5452,3.284,98.30,323.00,1,1,0
5454,3.284,98.70,324.00,1,1,0
5457,3.284,99.50,324.00,1,1,0
5470,3.284,98.30,323.00,1,1,0
5472,3.284,99.30,323.00,1,1,0
5475,3.284,98.60,324.00,1,1,0
5477,3.284,98.40,323.00,1,1,0
5479,3.284,98.40,323.00,1,1,0
5482,3.284,103.00,338.00,1,1,0
5484,3.284,99.30,326.00,1,0,1
5487,3.276,98.50,324.00,1,0,1
5489,3.264,101.20,331.00,1,1,0
5492,3.284,111.30,362.00,1,1,0
5494,3.284,96.20,324.00,1,1,0
5497,3.284,98.40,323.00,1,1,0
5499,3.284,98.30,323.00,1,1,0
5502,3.284,98.30,323.00,1,1,0
5504,3.284,98.70,324.00,1,1,0
5507,3.284,100.50,331.00,1,1,0
5519,3.284,98.40,323.00,1,1,0
5522,3.284,98.30,323.00,1,1,0
5524,3.284,101.30,336.00,1,1,0
5527,3.284,98.90,324.00,1,1,0
5529,3.284,97.30,319.00,1,1,0
5532,3.284,99.10,326.00,1,1,0
5534,3.284,98.60,324.00,1,1,0
5537,3.284,98.60,324.00,1,1,0
5539,3.284,98.60,323.00,1,1,0
5542,3.284,105.60,347.00,1,0,1
5544,3.284,129.00,423.00,1,0,1
5547,3.284,99.00,336.00,1,1,0
5549,3.272,94.90,311.00,1,1,0
5551,3.284,99.10,326.00,1,1,0
5554,3.284,93.90,324.00,1,1,0
5556,3.284,98.90,324.00,1,1,0
5569,3.280,97.90,306.00,1,1,0
5572,3.284,96.20,316.00,1,1,0
5574,3.284,98.40,323.00,1,1,0
5576,3.288,98.80,324.00,1,1,0
5579,3.284,100.10,329.00,1,1,0
5581,3.284,98.10,323.00,1,1,0
5584,3.284,98.60,323.00,1,1,0
5586,3.284,98.40,323.00,1,1,0
5589,3.284,98.90,324.00,1,1,0
5591,3.284,98.50,324.00,1,1,0
5594,3.284,98.40,323.00,1,1,0
5596,3.284,98.60,324.00,1,0,1
5599,3.276,100.00,323.00,1,0,1
5601,3.280,98.80,324.00,1,1,0
5604,3.256,104.20,342.00,1,1,0
5606,3.280,98.90,324.00,1,1,0
5619,3.284,98.80,324.00,1,1,0
5621,3.284,98.50,323.00,1,1,0
5624,3.284,98.30,323.00,1,1,0
5626,3.284,99.00,324.00,1,1,0
5629,3.284,98.80,323.00,1,1,0
5631,3.284,98.50,323.00,1,1,0
5634,3.288,98.90,324.00,1,1,0
5636,3.284,99.00,323.00,1,1,0
5639,3.284,98.80,324.00,1,1,0
5641,3.284,99.60,328.00,1,1,0
5644,3.284,99.20,324.00,1,1,0
5646,3.284,99.10,326.00,1,1,0
5648,3.284,97.20,319.00,1,1,0
5651,3.284,98.50,323.00,1,1,0
5653,3.284,98.80,324.00,1,0,1
5656,3.284,98.40,323.00,1,0,1
5669,3.284,93.50,306.00,1,1,0
5671,3.284,103.40,339.00,1,1,0
5673,3.284,93.70,341.00,1,1,0
5676,3.284,98.40,323.00,1,1,0
5678,3.284,99.20,326.00,1,1,0
5681,3.284,98.50,323.00,1,1,0
5683,3.284,98.30,323.00,1,1,0
5686,3.284,98.90,324.00,1,1,0
5688,3.284,99.40,324.00,1,1,0
5691,3.284,98.60,324.00,1,1,0
5693,3.284,98.60,324.00,1,1,0
5696,3.284,98.40,323.00,1,1,0
5698,3.284,98.60,324.00,1,1,0
5701,3.284,98.20,323.00,1,1,0
5703,3.284,98.60,323.00,1,1,0
5706,3.284,98.60,323.00,1,1,0
5718,3.284,100.10,329.00,1,1,0
5721,3.288,98.60,324.00,1,1,0
5723,3.284,100.90,329.00,1,1,0
5726,3.284,98.90,319.00,1,1,0
5728,3.268,95.80,315.00,1,1,0
5731,3.284,98.20,323.00,1,1,0
5733,3.284,98.70,328.00,1,1,0
5736,3.284,98.80,324.00,1,1,0
5738,3.284,99.50,326.00,1,1,0
5741,3.284,98.40,324.00,1,1,0
5743,3.284,98.70,324.00,1,1,0
5745,3.284,98.20,323.00,1,1,0
5748,3.284,98.40,323.00,1,1,0
5750,3.284,100.10,329.00,1,1,0
5753,3.284,98.30,323.00,1,1,0
5766,3.276,100.30,329.00,1,0,1
5768,3.284,101.70,334.00,1,1,0
5770,3.268,116.60,333.00,1,1,0
5773,3.268,96.50,316.00,1,1,0
5775,3.284,96.10,316.00,1,1,0
5778,3.284,99.60,323.00,1,1,0
5780,3.284,100.10,329.00,1,1,0
5783,3.284,101.30,333.00,1,1,0
5785,3.284,99.10,324.00,1,1,0
5788,3.284,99.60,328.00,1,1,0
5790,3.284,99.00,324.00,1,1,0
5793,3.284,99.40,326.00,1,1,0
5795,3.284,97.10,319.00,1,1,0
5798,3.284,98.50,323.00,1,1,0
5800,3.280,98.40,323.00,1,1,0
5813,3.284,98.60,331.00,1,1,0
5815,3.288,99.90,328.00,1,1,0
5818,3.284,94.10,310.00,1,1,0
5820,3.284,97.70,324.00,1,0,1
5823,3.284,103.10,339.00,1,0,1
5825,3.284,149.70,490.00,1,1,0
5828,3.280,98.40,323.00,1,1,0
5830,3.284,99.60,328.00,1,1,0
5833,3.284,96.90,318.00,1,1,0
5835,3.284,98.40,323.00,1,1,0
5838,3.284,98.50,324.00,1,1,0
5840,3.284,98.80,324.00,1,1,0
5842,3.280,99.00,324.00,1,1,0
5845,3.284,98.60,324.00,1,1,0
5847,3.284,98.30,323.00,1,1,0
5850,3.284,98.50,323.00,1,1,0
5863,3.284,100.90,331.00,1,1,0
5865,3.284,98.50,318.00,1,1,0
5868,3.284,98.40,323.00,1,1,0
5870,3.284,98.60,324.00,1,1,0
5872,3.280,100.80,324.00,1,1,0
5875,3.284,102.90,338.00,1,0,1
5877,3.284,93.50,305.00,1,0,1
5880,3.284,98.50,321.00,1,1,0
5882,3.280,98.40,331.00,1,1,0
5885,3.280,98.90,324.00,1,1,0
5887,3.284,98.90,324.00,1,1,0
5890,3.284,99.00,326.00,1,1,0
5892,3.284,99.20,326.00,1,1,0
5895,3.284,98.40,323.00,1,1,0
5897,3.284,98.60,324.00,1,1,0
5900,3.284,98.80,324.00,1,1,0
5912,3.284,98.20,323.00,1,1,0
5915,3.284,98.90,324.00,1,1,0
5917,3.284,98.60,328.00,1,1,0
5920,3.288,97.90,321.00,1,1,0
5922,3.280,90.10,297.00,1,1,0
5925,3.284,97.50,324.00,1,1,0
5927,3.284,101.30,333.00,1,1,0
5930,3.284,99.40,326.00,1,0,1
5932,3.284,131.30,301.00,1,0,1
5935,3.284,106.50,347.00,1,1,0
5937,3.260,98.80,324.00,1,1,0
5939,3.284,99.00,324.00,1,1,0
5942,3.284,99.30,326.00,1,1,0
5944,3.284,98.50,323.00,1,1,0
5947,3.284,98.80,324.00,1,1,0
5949,3.284,98.50,319.00,1,1,0
5962,3.284,99.60,324.00,1,1,0
5965,3.288,98.70,324.00,1,1,0
5967,3.284,98.60,324.00,1,1,0
5969,3.288,99.20,324.00,1,1,0
5972,3.284,99.20,326.00,1,1,0
5974,3.284,98.40,323.00,1,1,0
5977,3.284,98.20,331.00,1,1,0
5979,3.284,93.80,308.00,1,1,0
5982,3.284,99.30,326.00,1,1,0
5984,3.284,98.90,357.00,1,0,1
5987,3.284,98.80,431.00,1,0,1
5989,3.280,98.50,323.00,1,1,0
5992,3.280,93.70,308.00,1,1,0
5994,3.284,98.10,323.00,1,1,0
5997,3.284,98.50,324.00,1,1,0
5999,3.284,98.70,324.00,1,1,0
6012,3.284,98.30,323.00,1,1,0
6014,3.284,98.40,324.00,1,1,0
6017,3.284,99.70,328.00,1,1,0
6019,3.284,98.70,324.00,1,1,0
6022,3.284,99.70,328.00,1,1,0
6024,3.284,90.20,297.00,1,1,0
6027,3.284,98.10,323.00,1,1,0
6029,3.284,98.70,323.00,1,1,0
6032,3.284,98.50,323.00,1,1,0
6034,3.284,98.60,324.00,1,1,0
6037,3.284,99.00,334.00,1,1,0
6039,3.288,98.20,321.00,1,0,1
6041,3.276,98.30,321.00,1,0,1
6044,3.284,98.40,323.00,1,1,0
6046,3.268,115.90,323.00,1,1,0
6049,3.280,99.30,326.00,1,1,0
6062,3.284,98.60,323.00,1,1,0
6064,3.284,99.90,328.00,1,1,0
6066,3.284,99.30,326.00,1,1,0
6069,3.284,98.60,324.00,1,1,0
6071,3.284,98.70,324.00,1,1,0
6074,3.280,99.50,326.00,1,1,0
6076,3.284,98.60,324.00,1,1,0
6079,3.284,98.70,324.00,1,1,0
6081,3.284,97.20,310.00,1,1,0
6084,3.284,98.40,323.00,1,1,0
6086,3.284,98.70,324.00,1,1,0
6089,3.284,98.50,323.00,1,1,0
6091,3.284,99.10,326.00,1,1,0
6094,3.284,98.40,323.00,1,0,1
6096,3.280,98.60,324.00,1,0,1
6099,3.284,98.90,324.00,1,1,0
6111,3.284,97.60,336.00,1,1,0
6114,3.280,98.40,323.00,1,1,0
6116,3.284,98.70,324.00,1,1,0
6119,3.284,98.50,328.00,1,1,0
6121,3.284,100.60,331.00,1,1,0
6124,3.284,99.70,328.00,1,1,0
6126,3.284,91.30,295.00,1,1,0
6129,3.284,98.30,323.00,1,1,0
6131,3.284,98.80,324.00,1,1,0
6134,3.284,98.60,324.00,1,1,0
6136,3.284,98.80,324.00,1,1,0
6138,3.284,98.80,324.00,1,1,0
6141,3.284,98.20,323.00,1,1,0
6143,3.284,99.10,326.00,1,1,0
6146,3.284,98.90,324.00,1,1,0
6148,3.284,92.20,303.00,1,0,1
6161,3.304,79.10,257.00,1,1,0
6163,3.284,93.90,326.00,1,1,0
6166,3.284,99.50,326.00,1,1,0
6168,3.284,98.70,324.00,1,1,0
6171,3.284,98.80,324.00,1,1,0
6173,3.284,98.00,321.00,1,1,0
6176,3.284,101.10,331.00,1,1,0
6178,3.284,98.50,324.00,1,1,0
6181,3.284,98.40,323.00,1,1,0
6183,3.284,95.70,315.00,1,1,0
6186,3.280,98.40,326.00,1,1,0
6188,3.284,98.30,323.00,1,1,0
6191,3.284,98.60,324.00,1,1,0
6193,3.280,98.40,324.00,1,1,0
6196,3.284,98.70,324.00,1,1,0
6198,3.284,98.30,323.00,1,1,0
6211,3.284,106.10,349.00,1,0,1
6213,3.284,98.60,321.00,1,0,1
6216,3.284,98.30,334.00,1,1,0
6218,3.272,94.70,311.00,1,1,0
6221,3.284,98.30,323.00,1,1,0
6223,3.284,97.90,324.00,1,1,0
6226,3.284,99.70,328.00,1,1,0
6228,3.284,90.00,295.00,1,1,0
6231,3.284,95.80,323.00,1,1,0
6233,3.284,98.70,324.00,1,1,0
6235,3.284,98.00,321.00,1,1,0
6238,3.284,97.60,323.00,1,1,0
6240,3.284,99.00,324.00,1,1,0
6243,3.284,98.10,323.00,1,1,0
6245,3.284,98.80,324.00,1,1,0
6248,3.284,99.20,326.00,1,1,0
6260,3.284,98.60,326.00,1,1,0
6263,3.284,98.70,324.00,1,1,0
6265,3.284,98.20,323.00,1,0,1
6268,3.276,98.70,321.00,1,0,1
6270,3.264,99.30,326.00,1,1,0
6273,3.256,100.10,329.00,1,1,0
6275,3.280,98.80,324.00,1,1,0
6278,3.284,99.40,326.00,1,1,0
6280,3.284,98.30,323.00,1,1,0
6283,3.284,98.70,323.00,1,1,0
6285,3.284,93.30,306.00,1,1,0
6288,3.284,98.50,323.00,1,1,0
6290,3.284,95.10,303.00,1,1,0
6293,3.284,99.00,324.00,1,1,0
6295,3.284,96.30,316.00,1,1,0
6298,3.284,95.70,303.00,1,1,0
6310,3.284,97.90,321.00,1,1,0
6313,3.284,98.50,313.00,1,1,0
6315,3.284,92.40,303.00,1,1,0
6318,3.284,93.70,308.00,1,1,0
6320,3.284,98.30,324.00,1,0,1
6323,3.284,98.90,324.00,1,0,1
6325,3.280,98.40,323.00,1,0,0
6328,3.284,109.90,328.00,1,1,0
6330,3.284,90.00,295.00,1,1,0
6332,3.284,93.60,305.00,1,1,0
6335,3.280,99.30,324.00,1,1,0
6337,3.284,99.70,328.00,1,1,0
6340,3.284,98.30,323.00,1,1,0
6342,3.284,99.30,326.00,1,1,0
6345,3.284,98.40,323.00,1,1,0
6347,3.284,98.90,324.00,1,1,0
6360,3.284,98.40,323.00,1,1,0
6362,3.284,98.40,323.00,1,1,0
6365,3.284,98.10,324.00,1,1,0
6367,3.288,98.50,323.00,1,1,0
6370,3.284,99.70,328.00,1,1,0
6372,3.276,98.70,324.00,1,1,0
6375,3.284,99.20,326.00,1,1,0
6377,3.284,104.30,342.00,1,0,1
6380,3.284,101.70,326.00,1,0,1
6382,3.284,127.10,416.00,1,1,0
6385,3.284,95.70,315.00,1,1,0
6387,3.284,98.20,303.00,1,1,0
6390,3.284,94.30,310.00,1,1,0
6392,3.284,96.60,318.00,1,1,0
6395,3.280,95.70,303.00,1,1,0
6397,3.284,98.70,324.00,1,1,0
6410,3.284,97.70,321.00,1,1,0
6412,3.284,98.20,323.00,1,1,0
6415,3.284,98.20,323.00,1,1,0
6417,3.284,98.50,324.00,1,1,0
6420,3.284,98.40,323.00,1,1,0
6422,3.284,98.90,324.00,1,1,0
6425,3.284,99.30,324.00,1,1,0
6427,3.284,98.80,324.00,1,1,0
6429,3.284,98.00,321.00,1,1,0
6432,3.284,99.70,297.00,1,0,1
6439,3.280,99.20,313.00,1,1,0
6442,3.280,99.00,324.00,1,1,0
6444,3.284,98.60,324.00,1,1,0
6447,3.284,99.20,326.00,1,1,0
6449,3.284,98.20,323.00,1,1,0
6452,3.284,100.50,331.00,1,1,0
6454,3.284,99.20,326.00,1,1,0
6456,3.284,95.10,323.00,1,1,0
6459,3.284,99.30,326.00,1,1,0
6461,3.284,101.80,334.00,1,1,0
6464,3.284,98.10,321.00,1,1,0
6466,3.284,99.80,328.00,1,1,0
6469,3.284,98.70,324.00,1,1,0
6471,3.284,99.00,342.00,1,1,0
6484,3.284,99.30,329.00,1,1,0
6486,3.284,99.10,326.00,1,0,1
6489,3.284,102.30,336.00,1,0,1
6491,3.280,93.70,326.00,1,1,0
6494,3.280,93.90,308.00,1,1,0
6496,3.280,98.00,321.00,1,1,0
6499,3.288,99.10,326.00,1,1,0
6501,3.284,98.90,323.00,1,1,0
6504,3.284,97.50,319.00,1,1,0
6506,3.284,98.80,324.00,1,1,0
6509,3.288,98.40,316.00,1,1,0
6511,3.284,98.30,323.00,1,1,0
6514,3.284,98.60,324.00,1,1,0
6516,3.280,98.60,326.00,1,1,0
6519,3.284,98.40,323.00,1,1,0
6521,3.284,98.70,324.00,1,1,0
6534,3.284,99.90,328.00,1,1,0
6536,3.284,90.30,297.00,1,1,0
6539,3.284,99.10,326.00,1,1,0
6541,3.284,98.20,323.00,1,0,1
6544,3.280,100.20,315.00,1,0,1
6546,3.264,98.70,324.00,1,1,0
6549,3.280,108.10,354.00,1,1,0
6551,3.264,93.80,308.00,1,1,0
6554,3.280,98.40,323.00,1,1,0
6556,3.284,99.00,324.00,1,1,0
6558,3.284,98.30,323.00,1,1,0
6561,3.284,98.40,326.00,1,1,0
6563,3.284,98.00,321.00,1,1,0
6566,3.284,98.40,323.00,1,1,0
6568,3.284,98.40,323.00,1,1,0
6571,3.284,98.40,323.00,1,1,0
6584,3.284,98.90,324.00,1,1,0
6586,3.284,98.60,324.00,1,1,0
6588,3.284,98.40,323.00,1,1,0
6591,3.284,100.70,331.00,1,1,0
6593,3.280,94.10,310.00,1,1,0
6596,3.284,98.20,323.00,1,1,0
6598,3.284,105.40,346.00,1,0,1
6601,3.284,98.80,324.00,1,0,1
6603,3.260,98.90,336.00,1,1,0
6606,3.280,93.60,308.00,1,1,0
6608,3.284,98.20,323.00,1,1,0
6611,3.284,98.30,323.00,1,1,0
6613,3.284,98.30,323.00,1,1,0
6616,3.284,98.60,324.00,1,1,0
6618,3.284,98.50,323.00,1,1,0
6621,3.284,98.90,324.00,1,1,0
6633,3.284,98.30,324.00,1,1,0
6636,3.288,99.90,328.00,1,1,0
6638,3.284,90.30,297.00,1,1,0
6641,3.284,98.10,323.00,1,1,0
6643,3.284,98.50,323.00,1,1,0
6646,3.288,98.40,323.00,1,1,0
6648,3.284,101.70,324.00,1,1,0
6651,3.284,99.30,326.00,1,1,0
6653,3.284,98.40,323.00,1,0,1
6655,3.284,104.90,326.00,1,0,1
6658,3.284,98.80,324.00,1,0,1
6660,3.288,128.70,423.00,1,1,0
6663,3.284,99.00,324.00,1,1,0
6665,3.288,98.80,323.00,1,1,0
6668,3.284,98.30,323.00,1,1,0
6680,3.284,98.50,323.00,1,1,0
6683,3.284,98.90,324.00,1,1,0
6685,3.284,98.40,324.00,1,1,0
6688,3.284,99.90,328.00,1,1,0
6690,3.284,100.60,329.00,1,1,0
6693,3.284,96.10,329.00,1,1,0
6695,3.284,94.80,311.00,1,1,0
6698,3.280,98.80,324.00,1,1,0
6700,3.284,98.40,324.00,1,1,0
6703,3.284,98.60,324.00,1,1,0
6705,3.284,98.40,323.00,1,1,0
6708,3.284,98.30,326.00,1,1,0
6710,3.284,98.20,323.00,1,0,1
6713,3.284,99.20,326.00,1,0,1
6715,3.284,101.10,329.00,1,1,0
6718,3.280,100.40,326.00,1,1,0
6730,3.284,98.30,326.00,1,1,0
6733,3.284,98.30,323.00,1,1,0
6735,3.284,98.30,323.00,1,1,0
6738,3.284,99.70,328.00,1,1,0
6740,3.284,90.10,297.00,1,1,0
6743,3.284,98.40,323.00,1,1,0
6745,3.284,99.20,323.00,1,1,0
6748,3.284,98.40,323.00,1,1,0
6750,3.284,98.50,323.00,1,1,0
6752,3.284,98.80,326.00,1,1,0
6755,3.284,98.70,324.00,1,1,0
6757,3.284,98.30,323.00,1,1,0
6760,3.284,98.60,324.00,1,1,0
6762,3.284,99.00,323.00,1,1,0
6765,3.284,105.70,347.00,1,0,1
6767,3.280,127.90,419.00,1,0,1
6780,3.284,99.00,324.00,1,1,0
6782,3.284,99.20,326.00,1,1,0
6785,3.284,99.40,326.00,1,1,0
6787,3.288,98.40,323.00,1,1,0
6790,3.288,98.50,329.00,1,1,0
6792,3.284,99.80,328.00,1,1,0
6795,3.284,98.40,323.00,1,1,0
6797,3.284,98.20,308.00,1,1,0
6800,3.284,102.40,336.00,1,1,0
6802,3.288,99.70,328.00,1,1,0
6805,3.284,100.80,324.00,1,1,0
6807,3.284,98.20,323.00,1,1,0
6810,3.284,99.10,326.00,1,1,0
6812,3.284,97.30,323.00,1,1,0
6815,3.284,98.60,324.00,1,1,0
6817,3.284,98.80,324.00,1,1,0
6830,3.284,98.60,324.00,1,1,0
6832,3.284,98.50,323.00,1,1,0
6835,3.284,98.70,323.00,1,1,0
6837,3.284,99.10,326.00,1,1,0
6840,3.284,99.60,328.00,1,1,0
6842,3.284,98.10,297.00,1,1,0
6845,3.284,98.20,323.00,1,1,0
6847,3.284,98.10,321.00,1,1,0
6849,3.284,98.40,326.00,1,1,0
6852,3.284,99.00,324.00,1,1,0
6854,3.284,98.50,323.00,1,1,0
6857,3.284,98.70,324.00,1,1,0
6859,3.284,98.30,323.00,1,1,0
6862,3.284,98.20,323.00,1,1,0
6864,3.284,99.10,323.00,1,1,0
6867,3.284,99.00,324.00,1,1,0
6879,3.284,98.50,334.00,1,1,0
6882,3.284,95.10,313.00,1,1,0
6884,3.284,99.40,326.00,1,1,0
6887,3.280,99.40,324.00,1,1,0
6889,3.284,99.30,326.00,1,1,0
6892,3.288,98.40,323.00,1,1,0
6894,3.284,98.70,324.00,1,1,0
6897,3.284,98.60,324.00,1,1,0
6899,3.284,101.40,333.00,1,1,0
6902,3.280,94.10,323.00,1,1,0
6904,3.284,99.60,328.00,1,1,0
6907,3.284,100.50,329.00,1,1,0
6909,3.284,98.30,323.00,1,1,0
6912,3.284,98.70,324.00,1,1,0
6914,3.284,98.80,324.00,1,1,0
6917,3.284,98.40,324.00,1,1,0
6929,3.284,99.10,326.00,1,0,1
6932,3.284,106.40,324.00,1,0,1
6934,3.284,98.80,324.00,1,1,0
6937,3.276,131.90,433.00,1,1,0
6939,3.284,100.40,326.00,1,1,0
6942,3.284,99.60,328.00,1,1,0
6944,3.284,99.30,326.00,1,1,0
6947,3.284,90.30,324.00,1,1,0
6949,3.284,98.90,324.00,1,1,0
6951,3.284,98.70,324.00,1,1,0
6954,3.284,99.10,329.00,1,1,0
6956,3.284,98.50,323.00,1,1,0
6959,3.284,99.00,324.00,1,1,0
6961,3.284,97.50,324.00,1,1,0
6964,3.280,99.20,326.00,1,1,0
6976,3.284,98.30,323.00,1,1,0
6979,3.284,98.80,324.00,1,1,0
6981,3.284,98.50,323.00,1,1,0
6984,3.276,102.60,334.00,1,1,0
6986,3.280,100.00,328.00,1,0,1
6989,3.284,99.00,324.00,1,0,1
6991,3.280,100.40,318.00,1,1,0
6994,3.280,98.60,324.00,1,1,0
6996,3.284,98.70,324.00,1,1,0
6999,3.284,100.30,323.00,1,1,0
7001,3.284,99.50,326.00,1,1,0
7004,3.284,93.50,306.00,1,1,0
7006,3.284,90.20,297.00,1,1,0
7009,3.284,92.90,305.00,1,1,0
7011,3.284,90.30,297.00,1,1,0
7024,3.284,95.50,313.00,1,1,0
7026,3.284,98.50,324.00,1,1,0
7029,3.284,94.60,310.00,1,1,0
7031,3.280,97.20,319.00,1,1,0
7034,3.284,95.80,315.00,1,1,0
7036,3.284,92.70,321.00,1,1,0
7039,3.284,98.80,324.00,1,1,0
7041,3.284,105.20,346.00,1,0,1
7044,3.284,114.60,328.00,1,0,1
7046,3.288,103.60,339.00,1,1,0
7048,3.284,91.50,300.00,1,1,0
7051,3.284,93.60,316.00,1,1,0
7053,3.284,100.90,331.00,1,1,0
7056,3.284,98.70,324.00,1,1,0
7058,3.284,97.80,303.00,1,1,0
7071,3.284,98.50,339.00,1,1,0
7073,3.284,96.30,316.00,1,1,0
7076,3.284,102.70,338.00,1,1,0
7078,3.280,102.70,338.00,1,1,0
7081,3.280,102.40,326.00,1,1,0
7083,3.284,98.20,323.00,1,1,0
7086,3.284,98.20,323.00,1,1,0
7088,3.284,98.50,323.00,1,1,0
7091,3.284,97.80,321.00,1,1,0
7093,3.284,98.40,323.00,1,1,0
7096,3.284,98.30,324.00,1,0,1
7098,3.280,98.70,324.00,1,0,1
7101,3.284,99.90,328.00,1,1,0
7103,3.268,103.30,310.00,1,1,0
7106,3.280,102.50,336.00,1,1,0
7118,3.284,98.60,324.00,1,1,0
7121,3.284,98.70,324.00,1,1,0
7123,3.284,98.60,326.00,1,1,0
7126,3.284,98.80,324.00,1,1,0
7128,3.284,99.60,328.00,1,1,0
7131,3.284,98.20,326.00,1,1,0
7133,3.284,98.20,323.00,1,1,0
7136,3.284,98.30,323.00,1,1,0
7138,3.284,98.80,324.00,1,1,0
7141,3.284,99.30,324.00,1,1,0
7143,3.284,97.40,319.00,1,1,0
7145,3.284,99.10,326.00,1,1,0
7148,3.284,99.70,328.00,1,1,0
7150,3.284,89.90,295.00,1,1,0
7153,3.284,94.50,310.00,1,0,1
7155,3.284,98.80,324.00,1,0,1
7168,3.284,96.50,338.00,1,1,0
7170,3.284,99.30,326.00,1,1,0
7173,3.284,98.60,324.00,1,1,0
7175,3.284,96.30,324.00,1,1,0
7178,3.284,98.00,321.00,1,1,0
7180,3.284,95.70,315.00,1,1,0
7183,3.284,98.80,324.00,1,1,0
7185,3.284,98.50,323.00,1,1,0
7188,3.284,98.80,324.00,1,1,0
7190,3.284,98.70,324.00,1,1,0
7193,3.284,98.70,324.00,1,1,0
7195,3.284,98.90,324.00,1,1,0
7198,3.284,98.50,324.00,1,1,0
7200,3.284,100.20,323.00,1,1,0
7203,3.284,99.10,326.00,1,1,0
7205,3.284,98.80,324.00,1,1,0
7218,3.288,98.80,324.00,1,1,0
7220,3.284,98.60,323.00,1,1,0
7223,3.284,99.40,326.00,1,1,0
7225,3.284,92.90,305.00,1,1,0
7228,3.284,98.20,321.00,1,1,0
7230,3.284,98.70,324.00,1,1,0
7233,3.284,98.30,323.00,1,1,0
7235,3.288,98.70,324.00,1,1,0
7238,3.284,98.50,323.00,1,1,0
7240,3.284,98.80,324.00,1,1,0
7242,3.284,98.80,334.00,1,1,0
7245,3.284,99.40,323.00,1,1,0
7247,3.284,98.60,324.00,1,1,0
7250,3.284,98.20,323.00,1,1,0
7252,3.284,90.20,297.00,1,1,0
7255,3.288,93.20,306.00,1,1,0
7268,3.284,101.20,331.00,1,1,0
7270,3.276,93.90,308.00,1,1,0
7272,3.284,100.40,328.00,1,1,0
7275,3.284,98.80,324.00,1,1,0
7277,3.284,98.90,324.00,1,1,0
7280,3.284,99.20,323.00,1,1,0
7282,3.288,101.70,334.00,1,1,0
7285,3.288,98.40,323.00,1,1,0
7287,3.288,98.50,324.00,1,1,0
7290,3.284,99.20,326.00,1,1,0
7292,3.284,98.30,323.00,1,1,0
7295,3.280,99.80,336.00,1,1,0
7297,3.288,98.30,323.00,1,1,0
7300,3.288,99.30,326.00,1,1,0
7302,3.284,98.30,323.00,1,1,0
7305,3.284,95.20,339.00,1,1,0
7317,3.284,98.40,323.00,1,0,1
7320,3.284,99.50,326.00,1,0,1
7322,3.284,98.90,324.00,1,1,0
7325,3.284,103.20,424.00,1,1,0
7327,3.284,98.90,324.00,1,1,0
7330,3.284,98.10,323.00,1,1,0
7332,3.284,98.80,326.00,1,1,0
7335,3.284,99.00,324.00,1,1,0
7337,3.284,98.60,324.00,1,1,0
7340,3.284,98.60,323.00,1,1,0
7342,3.284,98.20,323.00,1,1,0
7344,3.284,98.10,323.00,1,1,0
7347,3.284,99.50,323.00,1,1,0
7349,3.288,99.70,328.00,1,1,0
7352,3.284,96.60,318.00,1,1,0
7354,3.288,93.50,306.00,1,1,0
7367,3.288,99.30,326.00,1,1,0
7369,3.284,98.70,324.00,1,1,0
7372,3.284,98.10,323.00,1,1,0
7374,3.284,99.00,324.00,1,0,1
7377,3.284,99.30,426.00,1,0,1
7379,3.284,98.70,323.00,1,1,0
7382,3.284,101.00,329.00,1,1,0
7384,3.284,93.30,321.00,1,1,0
7387,3.284,98.50,323.00,1,1,0
7389,3.288,98.60,324.00,1,1,0
7392,3.284,98.10,323.00,1,1,0
7394,3.284,98.60,323.00,1,1,0
7397,3.280,98.40,323.00,1,1,0
7399,3.284,98.80,324.00,1,1,0
7402,3.284,100.30,329.00,1,1,0
7404,3.284,97.50,321.00,1,1,0
7417,3.284,98.70,324.00,1,1,0
7419,3.284,99.40,326.00,1,1,0
7422,3.284,98.80,323.00,1,1,0
7424,3.288,96.30,316.00,1,1,0
7427,3.284,98.80,324.00,1,1,0
7429,3.288,98.80,329.00,1,0,1
7432,3.280,98.50,323.00,1,0,1
7434,3.284,129.30,424.00,1,1,0
7437,3.260,93.90,323.00,1,1,0
7439,3.284,99.20,326.00,1,1,0
7441,3.284,98.60,324.00,1,1,0
7444,3.284,98.80,323.00,1,1,0
7446,3.284,99.50,326.00,1,1,0
7449,3.284,96.00,315.00,1,1,0
7451,3.284,99.10,326.00,1,1,0
7454,3.284,99.80,328.00,1,1,0
7466,3.284,98.50,315.00,1,1,0
7469,3.284,97.60,321.00,1,1,0
7471,3.284,98.30,323.00,1,1,0
7474,3.284,93.30,323.00,1,1,0
7476,3.284,99.70,328.00,1,1,0
7479,3.284,99.10,326.00,1,1,0
7481,3.284,96.00,324.00,1,1,0
7484,3.284,98.40,323.00,1,0,1
7486,3.280,98.10,319.00,1,0,1
7489,3.284,98.50,323.00,1,1,0
7491,3.280,122.90,403.00,1,1,0
7494,3.284,98.90,324.00,1,1,0
7496,3.284,99.50,329.00,1,1,0
7499,3.284,98.70,324.00,1,1,0
7501,3.284,98.80,324.00,1,1,0
7504,3.284,95.60,318.00,1,1,0
7516,3.280,94.30,310.00,1,1,0
7519,3.284,92.30,305.00,1,1,0
7521,3.280,98.70,324.00,1,1,0
7524,3.284,100.50,329.00,1,1,0
7526,3.284,98.30,324.00,1,1,0
7529,3.284,98.70,324.00,1,1,0
7531,3.284,99.40,326.00,1,1,0
7534,3.288,98.30,328.00,1,1,0
7536,3.284,98.50,324.00,1,1,0
7538,3.284,98.50,323.00,1,1,0
7541,3.284,98.20,316.00,1,0,1
7543,3.284,130.90,429.00,1,0,1
7546,3.280,97.60,318.00,1,1,0
7548,3.284,92.50,315.00,1,1,0
7551,3.280,97.80,321.00,1,1,0
7553,3.284,98.20,323.00,1,1,0
7566,3.288,98.60,324.00,1,1,0
7568,3.284,98.50,323.00,1,1,0
7571,3.288,98.70,324.00,1,1,0
7573,3.284,98.60,324.00,1,1,0
7576,3.284,98.40,323.00,1,1,0
7578,3.284,98.60,333.00,1,1,0
7581,3.284,99.10,326.00,1,1,0
7583,3.284,98.60,324.00,1,1,0
7586,3.284,98.70,326.00,1,1,0
7588,3.272,98.20,323.00,1,1,0
7591,3.284,98.30,323.00,1,1,0
7593,3.284,98.90,324.00,1,1,0
7596,3.288,108.40,357.00,1,0,1
7598,3.288,101.90,334.00,1,0,1
7601,3.280,98.90,455.00,1,1,0
7603,3.280,99.00,324.00,1,1,0
7616,3.280,99.80,328.00,1,1,0
7618,3.284,94.00,308.00,1,1,0
7621,3.284,96.20,328.00,1,1,0
7623,3.284,98.90,323.00,1,1,0
7626,3.284,100.80,331.00,1,1,0
7628,3.284,98.30,323.00,1,1,0
7631,3.284,98.00,324.00,1,1,0
7633,3.284,98.60,324.00,1,1,0
7636,3.284,98.70,324.00,1,1,0
7638,3.284,98.30,324.00,1,1,0
7640,3.284,98.50,323.00,1,1,0
7643,3.284,98.90,324.00,1,1,0
7645,3.284,98.40,323.00,1,1,0
7648,3.284,98.10,323.00,1,1,0
7650,3.284,98.00,321.00,1,0,1
7653,3.284,98.40,323.00,1,0,1
7665,3.284,98.30,326.00,1,1,0
7668,3.288,99.30,326.00,1,1,0
7670,3.284,98.20,323.00,1,1,0
7673,3.284,98.30,324.00,1,1,0
7675,3.284,102.50,326.00,1,1,0
7678,3.284,98.70,324.00,1,1,0
7680,3.284,98.40,323.00,1,1,0
7683,3.284,99.20,324.00,1,1,0
7685,3.284,98.70,324.00,1,1,0
7688,3.284,98.70,324.00,1,1,0
7690,3.284,98.00,323.00,1,1,0
7693,3.284,98.40,323.00,1,1,0
7695,3.284,98.60,324.00,1,1,0
7698,3.284,98.50,323.00,1,1,0
7700,3.284,98.60,324.00,1,1,0
7703,3.284,98.90,324.00,1,1,0
7715,3.284,98.60,324.00,1,1,0
7718,3.284,98.80,331.00,1,1,0
7720,3.284,93.50,306.00,1,1,0
7723,3.284,98.70,324.00,1,1,0
7725,3.284,98.50,333.00,1,1,0
7728,3.284,98.90,324.00,1,1,0
7730,3.284,98.70,324.00,1,1,0
7733,3.284,99.40,326.00,1,1,0
7735,3.284,98.60,326.00,1,1,0
7737,3.284,100.70,329.00,1,1,0
7740,3.276,98.40,323.00,1,1,0
7742,3.284,98.00,323.00,1,1,0
7745,3.280,99.20,326.00,1,1,0
7747,3.284,98.40,323.00,1,1,0
7750,3.284,98.30,323.00,1,1,0
7752,3.284,98.40,323.00,1,1,0
7765,3.284,90.00,295.00,1,1,0
7767,3.280,93.70,308.00,1,1,0
7770,3.284,99.40,326.00,1,1,0
7772,3.284,98.30,323.00,1,1,0
7775,3.284,98.30,323.00,1,1,0
7777,3.276,100.00,334.00,1,1,0
7780,3.288,96.80,318.00,1,1,0
7782,3.284,101.80,334.00,1,1,0
7785,3.288,99.20,326.00,1,1,0
7787,3.284,98.60,324.00,1,1,0
7790,3.284,98.70,324.00,1,1,0
7792,3.284,98.90,324.00,1,1,0
7795,3.284,98.30,328.00,1,1,0
7797,3.284,98.50,323.00,1,1,0
7800,3.284,98.70,324.00,1,1,0
7802,3.284,98.80,323.00,1,1,0
7815,3.284,98.70,319.00,1,0,1
7817,3.276,99.20,324.00,1,0,1
7820,3.284,98.40,323.00,1,1,0
7822,3.268,121.00,319.00,1,1,0
7825,3.284,99.00,324.00,1,1,0
7827,3.284,98.40,323.00,1,1,0
7830,3.284,98.70,324.00,1,1,0
7832,3.288,98.70,324.00,1,1,0
7834,3.284,99.30,326.00,1,1,0
7837,3.284,98.30,323.00,1,1,0
7839,3.284,98.40,323.00,1,1,0
7842,3.284,98.40,323.00,1,1,0
7844,3.284,98.90,324.00,1,1,0
7847,3.288,98.50,324.00,1,1,0
7849,3.284,100.30,329.00,1,1,0
7852,3.284,102.40,336.00,1,1,0
7864,3.288,99.80,328.00,1,1,0
7867,3.284,90.10,297.00,1,1,0
7869,3.284,98.60,324.00,1,0,1
7872,3.280,99.00,324.00,1,0,1
7874,3.288,128.10,324.00,1,1,0
7877,3.284,93.60,306.00,1,1,0
7879,3.284,100.40,329.00,1,1,0
7882,3.284,98.80,324.00,1,1,0
7884,3.284,98.10,323.00,1,1,0
7887,3.284,99.20,326.00,1,1,0
7889,3.284,98.80,323.00,1,1,0
7892,3.284,98.20,323.00,1,1,0
7894,3.284,98.20,323.00,1,1,0
7897,3.284,100.00,328.00,1,1,0
7899,3.284,99.90,323.00,1,1,0
7902,3.284,98.60,324.00,1,1,0
7914,3.284,98.30,323.00,1,1,0
7917,3.288,100.90,331.00,1,1,0
7919,3.288,98.50,321.00,1,1,0
7922,3.284,98.50,324.00,1,1,0
7924,3.284,96.20,316.00,1,1,0
7927,3.280,118.70,323.00,1,0,1
7929,3.260,100.90,331.00,1,0,1
7931,3.276,102.50,334.00,1,1,0
7934,3.280,93.70,328.00,1,1,0
7936,3.284,98.50,323.00,1,1,0
7939,3.288,98.60,324.00,1,1,0
7941,3.284,98.50,323.00,1,1,0
7944,3.284,98.10,323.00,1,1,0
7946,3.284,99.10,326.00,1,1,0
7949,3.284,98.20,323.00,1,1,0
7961,3.284,98.40,323.00,1,1,0
7964,3.288,98.80,324.00,1,1,0
7966,3.284,99.80,328.00,1,1,0
7969,3.284,90.20,297.00,1,1,0
7971,3.284,96.10,333.00,1,1,0
7974,3.284,99.10,326.00,1,1,0
7976,3.284,98.30,323.00,1,1,0
7979,3.284,99.80,324.00,1,1,0
7981,3.284,98.70,323.00,1,0,1
7984,3.284,98.80,324.00,1,0,1
7986,3.288,98.40,331.00,1,1,0
7989,3.264,99.30,326.00,1,1,0
7991,3.284,99.70,328.00,1,1,0
7994,3.280,98.50,323.00,1,1,0
7996,3.284,103.70,321.00,1,1,0
7998,3.284,98.20,323.00,1,1,0
8011,3.288,102.40,336.00,1,1,0
8014,3.284,98.30,323.00,1,1,0
8016,3.284,98.20,334.00,1,1,0
8019,3.284,98.20,323.00,1,1,0
8021,3.284,98.70,324.00,1,1,0
8024,3.284,99.00,323.00,1,1,0
8026,3.284,93.70,308.00,1,1,0
8028,3.284,98.10,323.00,1,1,0
8031,3.284,97.20,323.00,1,1,0
8033,3.284,98.50,323.00,1,1,0
8036,3.284,99.20,326.00,1,0,1
8038,3.284,98.80,324.00,1,0,1
8041,3.284,98.50,323.00,1,1,0
8043,3.280,93.90,308.00,1,1,0
8046,3.280,98.60,324.00,1,1,0
8048,3.288,98.20,328.00,1,1,0
8061,3.284,98.40,324.00,1,1,0
8063,3.284,98.10,323.00,1,1,0
8066,3.284,98.20,323.00,1,1,0
8068,3.284,99.20,328.00,1,1,0
8071,3.288,90.10,295.00,1,1,0
8073,3.284,94.10,310.00,1,1,0
8076,3.284,98.30,324.00,1,1,0
8078,3.284,98.60,323.00,1,1,0
8081,3.284,98.80,324.00,1,1,0
8083,3.284,98.60,324.00,1,1,0
8086,3.284,98.70,324.00,1,1,0
8088,3.284,98.90,324.00,1,1,0
8091,3.284,95.90,326.00,1,0,1
8093,3.276,99.90,328.00,1,0,1
8096,3.284,98.30,323.00,1,1,0
8098,3.264,103.80,310.00,1,1,0
8111,3.284,98.50,323.00,1,1,0
8113,3.284,98.20,323.00,1,1,0
8116,3.284,98.30,323.00,1,1,0
8118,3.284,98.40,323.00,1,1,0
8121,3.284,98.70,336.00,1,1,0
8123,3.284,98.60,324.00,1,1,0
8125,3.284,95.30,313.00,1,1,0
8128,3.288,92.50,306.00,1,1,0
8130,3.284,93.50,306.00,1,1,0
8133,3.284,92.40,303.00,1,1,0
8135,3.284,98.80,326.00,1,1,0
8138,3.284,98.80,324.00,1,1,0
8140,3.284,98.00,321.00,1,1,0
8143,3.284,98.00,323.00,1,1,0
8145,3.284,98.40,323.00,1,0,1
8148,3.276,98.50,323.00,1,0,1
8160,3.284,98.10,323.00,1,1,0
8163,3.284,98.40,323.00,1,1,0
8165,3.284,98.60,323.00,1,1,0
8168,3.284,97.00,318.00,1,1,0
8170,3.284,99.20,326.00,1,1,0
8173,3.284,99.90,300.00,1,1,0
8175,3.284,91.60,301.00,1,1,0
8178,3.284,96.80,318.00,1,1,0
8180,3.284,98.80,324.00,1,1,0
8183,3.284,99.00,324.00,1,1,0
8185,3.284,98.70,324.00,1,1,0
8188,3.284,98.90,339.00,1,1,0
8190,3.284,98.30,323.00,1,1,0
8193,3.284,98.30,323.00,1,1,0
8195,3.288,98.90,326.00,1,1,0
8197,3.288,95.20,313.00,1,1,0
8210,3.292,62.20,206.00,1,1,0
8213,3.308,100.20,329.00,1,1,0
8215,3.284,100.20,329.00,1,1,0
8218,3.284,99.10,324.00,1,1,0
8220,3.284,98.50,323.00,1,1,0
8222,3.284,98.50,323.00,1,1,0
8225,3.284,98.10,323.00,1,1,0
8227,3.284,98.50,324.00,1,1,0
8230,3.284,100.70,331.00,1,1,0
8232,3.280,94.20,323.00,1,1,0
8235,3.280,98.70,324.00,1,1,0
8237,3.284,98.90,324.00,1,1,0
8240,3.284,98.50,323.00,1,1,0
8242,3.284,100.20,329.00,1,1,0
8245,3.284,98.80,324.00,1,1,0
8257,3.280,98.30,323.00,1,1,0
8260,3.280,102.10,334.00,1,1,0
8262,3.284,102.20,324.00,1,0,1
8265,3.284,98.40,323.00,1,0,1
8267,3.284,109.30,356.00,1,1,0
8270,3.276,99.80,323.00,1,1,0
8272,3.284,101.80,334.00,1,1,0
8275,3.284,99.10,326.00,1,1,0
8277,3.284,90.10,297.00,1,1,0
8280,3.284,98.40,323.00,1,1,0
8282,3.284,98.90,324.00,1,1,0
8285,3.284,99.10,319.00,1,1,0
8287,3.284,98.20,323.00,1,1,0
8289,3.284,98.60,323.00,1,1,0
8292,3.284,98.20,323.00,1,1,0
8305,3.284,98.50,324.00,1,1,0
8307,3.284,98.60,324.00,1,1,0
8310,3.284,98.90,324.00,1,1,0
8312,3.284,97.20,319.00,1,1,0
8315,3.284,99.60,326.00,1,1,0
8317,3.284,109.10,359.00,1,0,1
8319,3.280,98.60,324.00,1,0,1
8322,3.264,98.90,336.00,1,1,0
8324,3.264,94.40,310.00,1,1,0
8327,3.280,98.70,324.00,1,1,0
8329,3.284,98.80,326.00,1,1,0
8332,3.284,99.90,328.00,1,1,0
8334,3.284,93.60,308.00,1,1,0
8337,3.284,98.60,328.00,1,1,0
8339,3.284,98.90,324.00,1,1,0
8342,3.268,98.80,324.00,1,1,0
8354,3.284,97.60,321.00,1,1,0
8357,3.284,98.10,324.00,1,1,0
8359,3.288,98.70,324.00,1,1,0
8362,3.284,99.50,328.00,1,1,0
8364,3.284,98.90,324.00,1,1,0
8367,3.288,99.50,323.00,1,1,0
8369,3.284,98.50,323.00,1,1,0
8372,3.284,99.40,326.00,1,0,1
8374,3.272,99.00,323.00,1,0,1
8377,3.288,99.80,328.00,1,1,0
8379,3.268,90.40,297.00,1,1,0
8382,3.272,95.30,326.00,1,1,0
8384,3.280,98.20,323.00,1,1,0
8387,3.284,98.60,324.00,1,1,0
8389,3.284,98.70,323.00,1,1,0
8391,3.284,101.70,334.00,1,1,0
8404,3.284,98.60,324.00,1,1,0
8407,3.284,100.00,328.00,1,1,0
8409,3.284,98.10,324.00,1,1,0
8412,3.284,98.40,323.00,1,1,0
8414,3.284,97.80,321.00,1,1,0
8416,3.284,98.30,323.00,1,1,0
8419,3.284,98.40,324.00,1,1,0
8421,3.284,98.80,324.00,1,1,0
8424,3.284,99.20,326.00,1,1,0
8426,3.284,98.90,324.00,1,0,1
8429,3.284,99.50,326.00,1,0,1
8431,3.284,98.70,324.00,1,1,0
8434,3.280,131.20,308.00,1,1,0
8441,3.284,98.70,333.00,1,1,0
8444,3.276,98.70,324.00,1,1,0
8446,3.284,98.40,323.00,1,1,0
8449,3.284,98.00,326.00,1,1,0
8451,3.284,98.30,323.00,1,1,0
8454,3.284,98.50,324.00,1,1,0
8456,3.284,98.90,323.00,1,1,0
8459,3.284,98.70,324.00,1,1,0
8461,3.284,98.40,323.00,1,1,0
8463,3.288,101.70,331.00,1,1,0
8466,3.280,98.40,323.00,1,1,0
8479,3.284,99.80,328.00,1,1,0
8481,3.284,90.10,297.00,1,0,1
8484,3.276,98.40,323.00,1,0,1
8486,3.260,99.10,326.00,1,0,1
8489,3.284,124.70,410.00,1,1,0
8491,3.280,98.80,324.00,1,1,0
8493,3.284,99.10,324.00,1,1,0
8496,3.284,98.20,323.00,1,1,0
8498,3.284,98.30,323.00,1,1,0
8501,3.284,98.90,326.00,1,1,0
8503,3.284,98.50,323.00,1,1,0
8506,3.284,99.10,326.00,1,1,0
8508,3.284,98.80,324.00,1,1,0
8511,3.284,103.40,339.00,1,1,0
8513,3.284,98.10,323.00,1,1,0
8516,3.284,98.20,323.00,1,1,0
8528,3.284,98.70,324.00,1,1,0
8531,3.284,98.30,323.00,1,1,0
8533,3.284,98.40,323.00,1,1,0
8536,3.284,98.40,323.00,1,1,0
8538,3.284,100.70,310.00,1,0,1
8541,3.280,102.20,336.00,1,0,1
8543,3.284,107.10,349.00,1,1,0
8546,3.280,98.90,334.00,1,1,0
8548,3.288,98.40,323.00,1,1,0
8551,3.284,98.40,323.00,1,1,0
8553,3.284,98.60,326.00,1,1,0
8556,3.284,98.70,324.00,1,1,0
8558,3.284,98.50,323.00,1,1,0
8561,3.284,98.50,324.00,1,1,0
8563,3.284,98.80,324.00,1,1,0
8565,3.284,98.20,323.00,1,1,0
8578,3.280,98.40,323.00,1,1,0
8581,3.284,99.60,328.00,1,1,0
8583,3.284,98.40,295.00,1,1,0
8586,3.284,98.70,324.00,1,1,0
8588,3.284,98.80,324.00,1,1,0
8590,3.284,98.70,324.00,1,1,0
8593,3.284,105.80,347.00,1,0,1
8595,3.260,99.80,328.00,1,0,1
8598,3.284,100.50,436.00,1,1,0
8600,3.284,99.00,326.00,1,1,0
8603,3.284,98.90,324.00,1,1,0
8605,3.288,99.70,324.00,1,1,0
8608,3.284,98.60,324.00,1,1,0
8610,3.284,98.80,324.00,1,1,0
8613,3.284,98.80,323.00,1,1,0
8615,3.284,98.10,323.00,1,1,0
8628,3.284,98.60,324.00,1,1,0
8630,3.284,98.60,324.00,1,1,0
8633,3.284,98.40,323.00,1,1,0
8635,3.284,98.80,324.00,1,1,0
8638,3.284,98.40,323.00,1,1,0
8640,3.288,100.10,329.00,1,1,0
8643,3.280,93.80,323.00,1,1,0
8645,3.284,98.40,323.00,1,1,0
8648,3.284,98.20,321.00,1,0,1
8650,3.284,105.60,326.00,1,0,1
8653,3.284,100.60,328.00,1,1,0
8655,3.284,101.60,334.00,1,1,0
8658,3.284,98.30,323.00,1,1,0
8660,3.284,98.30,323.00,1,1,0
8662,3.284,98.90,324.00,1,1,0
8675,3.284,98.00,321.00,1,1,0
8678,3.284,98.60,323.00,1,1,0
8680,3.280,98.10,323.00,1,1,0
8683,3.284,99.70,328.00,1,1,0
8685,3.284,99.40,297.00,1,1,0
8688,3.284,99.00,324.00,1,1,0
8690,3.284,99.00,324.00,1,1,0
8692,3.284,99.10,324.00,1,1,0
8695,3.284,99.60,324.00,1,1,0
8697,3.284,98.60,324.00,1,1,0
8700,3.284,98.30,323.00,1,1,0
8702,3.284,102.40,344.00,1,0,1
8705,3.280,101.20,333.00,1,0,1
8707,3.284,99.10,326.00,1,1,0
8710,3.284,135.10,308.00,1,1,0
8712,3.280,99.00,324.00,1,1,0
8725,3.284,101.10,333.00,1,1,0
8727,3.288,98.10,323.00,1,1,0
8730,3.284,98.50,324.00,1,1,0
8732,3.284,98.70,324.00,1,1,0
8735,3.284,98.80,324.00,1,1,0
8737,3.284,98.60,323.00,1,1,0
8740,3.284,98.40,323.00,1,1,0
8742,3.288,100.30,329.00,1,1,0
8745,3.280,94.10,321.00,1,1,0
8747,3.284,100.30,329.00,1,1,0
8750,3.284,99.70,328.00,1,1,0
8752,3.280,99.40,323.00,1,1,0
8755,3.284,98.90,323.00,1,1,0
8757,3.284,98.30,323.00,1,0,0
8760,3.280,100.30,329.00,1,0,1
8772,3.284,98.60,324.00,1,1,0
8775,3.284,99.00,323.00,1,1,0
8777,3.284,98.10,323.00,1,1,0
8780,3.284,98.40,323.00,1,1,0
8782,3.284,98.60,323.00,1,1,0
8785,3.284,99.40,326.00,1,1,0
8787,3.284,99.90,328.00,1,1,0
8790,3.284,90.30,318.00,1,1,0
8792,3.284,96.60,318.00,1,1,0
8794,3.284,98.70,324.00,1,1,0
8797,3.284,98.40,323.00,1,1,0
8799,3.284,98.60,324.00,1,1,0
8802,3.284,99.40,326.00,1,1,0
8804,3.284,98.80,326.00,1,1,0
8807,3.284,98.70,326.00,1,1,0
8809,3.284,99.10,326.00,1,1,0
8822,3.260,98.60,324.00,1,1,0
8824,3.284,100.10,329.00,1,1,0
8827,3.284,98.40,324.00,1,1,0
8829,3.284,98.40,323.00,1,1,0
8832,3.284,98.40,323.00,1,1,0
8834,3.284,98.50,323.00,1,1,0
8837,3.284,98.40,323.00,1,1,0
8839,3.284,99.30,326.00,1,1,0
8842,3.284,100.00,334.00,1,1,0
8844,3.284,99.50,326.00,1,1,0
8847,3.280,93.60,308.00,1,1,0
8849,3.284,98.30,323.00,1,1,0
8852,3.284,98.90,324.00,1,1,0
8854,3.284,99.00,324.00,1,1,0
8857,3.288,98.70,323.00,1,1,0
8859,3.284,98.70,324.00,1,1,0
8872,3.284,98.90,326.00,1,0,1
8874,3.284,98.90,324.00,1,1,0
8877,3.252,98.00,321.00,1,1,0
8879,3.280,98.40,323.00,1,1,0
8882,3.284,98.40,323.00,1,1,0
8884,3.284,98.50,323.00,1,1,0
8887,3.284,98.80,326.00,1,1,0
8889,3.284,99.70,328.00,1,1,0
8891,3.284,90.10,297.00,1,1,0
8894,3.284,98.50,328.00,1,1,0
8896,3.284,102.00,336.00,1,1,0
8899,3.284,98.60,324.00,1,1,0
8901,3.284,98.40,326.00,1,1,0
8904,3.284,98.80,324.00,1,1,0
8906,3.284,98.90,324.00,1,1,0
8909,3.284,98.60,338.00,1,1,0
8921,3.288,101.70,334.00,1,1,0
8924,3.284,98.70,323.00,1,1,0
8926,3.284,98.10,323.00,1,0,1
8929,3.264,98.30,323.00,1,0,1
8931,3.284,100.50,431.00,1,1,0
8934,3.276,96.10,316.00,1,1,0
8936,3.284,99.00,324.00,1,1,0
8939,3.284,99.10,323.00,1,1,0
8941,3.284,98.80,324.00,1,1,0
8944,3.284,98.80,324.00,1,1,0
8946,3.284,97.50,331.00,1,1,0
8949,3.280,94.00,308.00,1,1,0
8951,3.284,98.90,324.00,1,1,0
8954,3.284,100.20,328.00,1,1,0
8956,3.284,98.20,323.00,1,1,0
8959,3.284,98.60,324.00,1,1,0
8971,3.284,99.50,326.00,1,1,0
8974,3.284,98.30,323.00,1,1,0
8976,3.284,97.70,326.00,1,1,0
8979,3.284,98.00,321.00,1,1,0
8981,3.284,98.60,324.00,1,0,1
8984,3.284,96.70,326.00,1,0,1
8986,3.264,98.50,323.00,1,1,0
8988,3.276,93.70,308.00,1,1,0
8991,3.284,92.50,328.00,1,1,0
8993,3.284,90.10,297.00,1,1,0
8996,3.284,92.40,303.00,1,1,0
8998,3.284,92.50,308.00,1,1,0
9001,3.284,92.50,303.00,1,1,0
9003,3.284,92.40,303.00,1,1,0
9006,3.288,98.60,303.00,1,1,0
9008,3.280,92.20,303.00,1,1,0
9021,3.280,93.80,303.00,1,1,0
9023,3.280,97.60,321.00,1,1,0
9026,3.284,97.50,319.00,1,1,0
9028,3.284,98.50,323.00,1,1,0
9031,3.284,99.20,326.00,1,1,0
9033,3.284,99.20,326.00,1,1,0
9036,3.284,99.10,324.00,1,0,1
9038,3.276,98.70,323.00,1,0,1
9041,3.284,98.30,323.00,1,1,0
9043,3.268,111.50,308.00,1,1,0
9046,3.280,98.80,324.00,1,1,0
9048,3.284,98.70,324.00,1,1,0
9051,3.284,96.80,306.00,1,1,0
9053,3.280,98.80,324.00,1,1,0
9056,3.284,96.90,318.00,1,1,0
9058,3.288,98.30,316.00,1,1,0
9071,3.284,98.20,306.00,1,1,0
9073,3.284,94.50,310.00,1,1,0
9076,3.284,99.80,328.00,1,1,0
9078,3.280,92.30,303.00,1,1,0
9081,3.284,92.50,310.00,1,1,0
9083,3.284,99.90,328.00,1,1,0
9085,3.284,98.80,324.00,1,1,0
9088,3.284,98.50,323.00,1,1,0
9090,3.284,99.30,326.00,1,1,0
9093,3.284,103.20,338.00,1,0,1
9095,3.288,90.40,297.00,1,0,1
9098,3.284,97.10,316.00,1,1,0
9100,3.276,95.60,315.00,1,1,0
9103,3.272,97.30,308.00,1,1,0
9105,3.280,98.20,323.00,1,1,0
9108,3.284,99.10,326.00,1,1,0
9120,3.284,98.30,323.00,1,1,0
9123,3.284,99.30,321.00,1,1,0
9125,3.284,96.00,315.00,1,1,0
9128,3.284,98.80,324.00,1,1,0
9130,3.284,98.50,323.00,1,1,0
9133,3.284,98.80,324.00,1,1,0
9135,3.284,98.20,323.00,1,1,0
9138,3.284,98.50,323.00,1,1,0
9140,3.284,98.30,324.00,1,1,0
9143,3.284,98.60,324.00,1,1,0
9145,3.284,101.50,334.00,1,1,0
9148,3.288,101.50,334.00,1,0,1
9150,3.284,98.60,324.00,1,0,1
9153,3.280,98.30,323.00,1,1,0
9155,3.276,130.70,308.00,1,1,0
9157,3.280,98.30,323.00,1,1,0
9170,3.284,98.20,323.00,1,1,0
9173,3.284,98.10,323.00,1,1,0
9175,3.284,98.40,336.00,1,1,0
9178,3.288,98.50,323.00,1,1,0
9180,3.284,98.40,323.00,1,1,0
9182,3.284,98.80,324.00,1,1,0
9185,3.280,94.40,306.00,1,1,0
9187,3.280,93.50,306.00,1,1,0
9190,3.284,94.00,308.00,1,1,0
9192,3.280,95.90,323.00,1,1,0
9195,3.284,99.70,328.00,1,1,0
9197,3.284,92.30,303.00,1,1,0
9200,3.284,90.00,324.00,1,1,0
9202,3.284,98.80,324.00,1,0,1
9205,3.268,98.20,323.00,1,0,1
9207,3.280,99.20,324.00,1,1,0
9220,3.284,99.50,323.00,1,1,0
9222,3.284,98.30,323.00,1,1,0
9225,3.284,98.30,323.00,1,1,0
9227,3.284,98.60,324.00,1,1,0
9230,3.284,98.80,324.00,1,1,0
9232,3.284,98.40,323.00,1,1,0
9235,3.284,98.30,323.00,1,1,0
9237,3.284,98.60,323.00,1,1,0
9240,3.288,98.70,324.00,1,1,0
9242,3.284,98.60,324.00,1,1,0
9245,3.284,99.30,326.00,1,1,0
9247,3.280,100.00,328.00,1,1,0
9250,3.284,99.30,326.00,1,1,0
9252,3.284,99.10,326.00,1,1,0
9254,3.284,97.80,321.00,1,1,0
9257,3.280,98.40,323.00,1,1,0
9270,3.284,98.60,324.00,1,1,0
9272,3.284,98.90,324.00,1,1,0
9275,3.284,96.30,316.00,1,1,0
9277,3.276,104.30,341.00,1,1,0
9280,3.284,99.10,331.00,1,1,0
9282,3.284,98.90,324.00,1,1,0
9284,3.284,98.20,323.00,1,1,0
9287,3.284,99.20,324.00,1,1,0
9289,3.284,99.70,336.00,1,1,0
9292,3.284,101.00,331.00,1,1,0
9294,3.284,99.70,328.00,1,1,0
9297,3.284,99.30,328.00,1,1,0
9299,3.284,94.40,310.00,1,1,0
9302,3.284,90.00,295.00,1,1,0
9304,3.284,98.90,324.00,1,1,0
9307,3.288,97.00,318.00,1,1,0
9319,3.288,105.40,344.00,1,1,0
9322,3.284,99.60,328.00,1,1,0
9324,3.252,96.10,308.00,1,1,0
9327,3.280,97.90,321.00,1,1,0
9329,3.284,101.90,334.00,1,1,0
9332,3.288,98.90,323.00,1,1,0
9334,3.284,98.20,323.00,1,1,0
9337,3.284,99.60,328.00,1,1,0
9339,3.288,99.60,334.00,1,1,0
9342,3.280,98.60,324.00,1,1,0
9344,3.284,98.30,323.00,1,1,0
9347,3.284,98.10,323.00,1,1,0
9349,3.284,98.20,324.00,1,1,0
9351,3.284,99.60,328.00,1,1,0
9354,3.284,98.90,324.00,1,1,0
9356,3.288,99.90,329.00,1,1,0
9369,3.288,99.00,333.00,1,0,1
9372,3.280,98.90,324.00,1,0,1
9374,3.284,99.10,326.00,1,1,0
9377,3.268,93.70,324.00,1,1,0
9379,3.284,98.70,324.00,1,1,0
9381,3.284,98.30,323.00,1,1,0
9384,3.284,98.80,326.00,1,1,0
9386,3.284,98.90,324.00,1,1,0
9389,3.284,98.60,324.00,1,1,0
9391,3.284,98.80,324.00,1,1,0
9394,3.284,98.50,329.00,1,1,0
9396,3.288,99.40,326.00,1,1,0
9399,3.284,98.40,323.00,1,1,0
9401,3.288,99.70,333.00,1,1,0
9404,3.284,90.20,297.00,1,1,0
9406,3.284,98.80,324.00,1,1,0
9419,3.284,98.80,324.00,1,1,0
9421,3.284,98.60,324.00,1,1,0
9424,3.284,99.30,326.00,1,0,1
9426,3.284,98.30,321.00,1,0,1
9429,3.284,98.30,323.00,1,1,0
9431,3.280,123.50,405.00,1,1,0
9434,3.280,97.80,321.00,1,1,0
9436,3.284,98.70,324.00,1,1,0
9439,3.284,99.80,328.00,1,1,0
9441,3.284,99.00,324.00,1,1,0
9444,3.288,98.40,323.00,1,1,0
9446,3.284,98.20,323.00,1,1,0
9449,3.284,98.00,321.00,1,1,0
9451,3.284,98.60,324.00,1,1,0
9453,3.284,102.10,324.00,1,1,0
9456,3.284,102.40,338.00,1,1,0
9469,3.284,98.30,323.00,1,1,0
9471,3.284,98.80,324.00,1,1,0
9474,3.288,98.60,323.00,1,1,0
9476,3.284,98.40,323.00,1,1,0
9478,3.284,98.60,324.00,1,1,0
9481,3.284,99.00,324.00,1,0,1
9483,3.288,131.90,433.00,1,0,1
9486,3.284,101.70,331.00,1,1,0
9488,3.280,99.90,329.00,1,1,0
9491,3.284,98.40,323.00,1,1,0
9493,3.288,98.30,323.00,1,1,0
9496,3.284,98.30,326.00,1,1,0
9498,3.284,98.50,323.00,1,1,0
9501,3.284,98.80,324.00,1,1,0
9503,3.284,99.80,328.00,1,1,0
9506,3.284,90.20,297.00,1,1,0
9518,3.284,102.70,326.00,1,1,0
9521,3.284,98.50,323.00,1,1,0
9523,3.284,97.40,319.00,1,1,0
9526,3.284,99.10,326.00,1,1,0
9528,3.288,98.20,323.00,1,1,0
9531,3.288,98.80,324.00,1,1,0
9533,3.288,100.60,328.00,1,1,0
9536,3.288,105.70,347.00,1,0,1
9538,3.284,130.30,428.00,1,0,1
9541,3.284,98.50,431.00,1,1,0
9543,3.284,98.50,323.00,1,1,0
9546,3.288,98.00,321.00,1,1,0
9548,3.284,100.30,334.00,1,1,0
9550,3.272,98.60,324.00,1,1,0
9553,3.284,98.20,323.00,1,1,0
9566,3.284,98.90,324.00,1,1,0
9568,3.284,98.70,324.00,1,1,0
9571,3.288,98.60,323.00,1,1,0
9573,3.284,100.70,331.00,1,1,0
9576,3.284,99.20,326.00,1,1,0
9578,3.284,93.60,303.00,1,1,0
9580,3.284,98.90,324.00,1,1,0
9583,3.288,98.30,323.00,1,1,0
9585,3.288,98.80,324.00,1,1,0
9588,3.284,98.20,323.00,1,1,0
9590,3.284,99.00,324.00,1,0,1
9593,3.284,98.60,323.00,1,0,1
9595,3.284,98.30,323.00,1,1,0
9598,3.260,95.00,311.00,1,1,0
9600,3.284,98.50,323.00,1,1,0
9603,3.284,98.50,323.00,1,1,0
9615,3.284,99.10,334.00,1,1,0
9618,3.288,98.50,323.00,1,1,0
9620,3.284,99.10,326.00,1,1,0
9623,3.284,97.80,326.00,1,1,0
9625,3.284,99.20,326.00,1,1,0
9628,3.288,102.00,336.00,1,1,0
9630,3.288,99.40,324.00,1,1,0
9633,3.284,99.00,324.00,1,1,0
9635,3.284,98.80,324.00,1,1,0
9638,3.284,98.70,323.00,1,1,0
9640,3.284,98.90,324.00,1,1,0
9643,3.284,98.30,323.00,1,1,0
9645,3.284,98.50,324.00,1,0,1
9648,3.284,98.60,324.00,1,0,1
9650,3.280,103.70,341.00,1,0,1
9652,3.284,108.10,308.00,1,1,0
9665,3.284,97.80,321.00,1,1,0
9668,3.284,98.00,323.00,1,1,0
9670,3.284,97.50,319.00,1,1,0
9673,3.284,96.40,316.00,1,1,0
9675,3.284,98.50,303.00,1,1,0
9677,3.284,92.20,303.00,1,1,0
9680,3.284,92.30,303.00,1,1,0
9682,3.284,97.00,303.00,1,1,0
9685,3.280,99.20,326.00,1,1,0
9687,3.284,100.70,331.00,1,1,0
9690,3.284,98.80,323.00,1,1,0
9692,3.284,98.10,323.00,1,1,0
9695,3.284,98.20,323.00,1,1,0
9697,3.284,98.70,323.00,1,1,0
9700,3.284,98.20,323.00,1,1,0
9702,3.284,106.60,351.00,1,0,1
9715,3.284,98.80,324.00,1,1,0
9717,3.284,98.30,323.00,1,1,0
9720,3.288,98.40,323.00,1,1,0
9722,3.284,100.60,329.00,1,1,0
9725,3.284,99.20,326.00,1,1,0
9727,3.284,98.80,323.00,1,1,0
9730,3.284,99.50,326.00,1,1,0
9732,3.284,99.10,326.00,1,1,0
9735,3.288,99.00,324.00,1,1,0
9737,3.284,98.80,324.00,1,1,0
9740,3.280,99.30,326.00,1,1,0
9742,3.284,98.50,323.00,1,1,0
9745,3.284,96.60,318.00,1,1,0
9747,3.284,98.90,324.00,1,1,0
9749,3.288,98.90,326.00,1,1,0
9752,3.288,99.00,326.00,1,1,0
9765,3.284,98.50,323.00,1,1,0
9767,3.284,93.80,308.00,1,1,0
9770,3.284,98.30,329.00,1,1,0
9772,3.284,98.80,323.00,1,1,0
9774,3.284,98.60,324.00,1,1,0
9777,3.284,98.30,323.00,1,1,0
9779,3.284,98.20,323.00,1,1,0
9782,3.284,98.40,323.00,1,1,0
9784,3.284,99.00,324.00,1,1,0
9787,3.284,98.40,323.00,1,1,0
9789,3.284,98.70,324.00,1,1,0
9792,3.284,99.20,326.00,1,1,0
9794,3.284,98.30,323.00,1,1,0
9797,3.284,98.30,323.00,1,1,0
9799,3.284,98.40,323.00,1,1,0
9802,3.284,98.50,324.00,1,1,0
9814,3.284,125.40,323.00,1,0,1
9817,3.284,103.10,338.00,1,1,0
9819,3.268,95.30,313.00,1,1,0
9822,3.280,98.60,323.00,1,1,0
9824,3.284,100.30,329.00,1,1,0
9827,3.284,98.70,324.00,1,1,0
9829,3.284,98.30,323.00,1,1,0
9832,3.284,98.80,336.00,1,1,0
9834,3.288,98.80,324.00,1,1,0
9837,3.284,98.30,323.00,1,1,0
9839,3.284,98.80,326.00,1,1,0
9842,3.284,99.00,324.00,1,1,0
9844,3.284,99.20,326.00,1,1,0
9846,3.288,99.00,326.00,1,1,0
9849,3.284,100.40,329.00,1,1,0
9862,3.288,98.40,323.00,1,1,0
9864,3.288,99.60,328.00,1,1,0
9867,3.284,98.30,323.00,1,0,1
9869,3.276,98.20,323.00,1,0,1
9871,3.284,127.30,418.00,1,1,0
9874,3.268,124.30,408.00,1,1,0
9876,3.284,98.40,328.00,1,1,0
9879,3.288,99.20,326.00,1,1,0
9881,3.288,98.60,324.00,1,1,0
9884,3.284,98.40,319.00,1,1,0
9886,3.284,98.70,324.00,1,1,0
9889,3.284,98.30,323.00,1,1,0
9891,3.284,98.40,316.00,1,1,0
9894,3.284,98.30,323.00,1,1,0
9896,3.288,98.40,323.00,1,1,0
9899,3.284,98.60,323.00,1,1,0
9911,3.288,99.40,328.00,1,1,0
9914,3.288,93.40,306.00,1,1,0
9916,3.284,90.10,297.00,1,1,0
9919,3.284,96.00,328.00,1,1,0
9921,3.284,99.80,328.00,1,0,1
9924,3.284,100.10,329.00,1,0,1
9926,3.284,98.70,324.00,1,1,0
9929,3.284,105.80,324.00,1,1,0
9931,3.284,97.40,319.00,1,1,0
9934,3.284,98.80,324.00,1,1,0
9936,3.284,99.30,326.00,1,1,0
9938,3.284,98.20,323.00,1,1,0
9941,3.284,99.00,324.00,1,1,0
9943,3.288,102.00,331.00,1,1,0
9946,3.284,98.20,323.00,1,1,0
9948,3.284,96.00,315.00,1,1,0
9961,3.284,99.00,324.00,1,1,0
9964,3.284,99.00,326.00,1,1,0
9966,3.284,100.70,331.00,1,1,0
9968,3.284,98.40,323.00,1,1,0
9971,3.284,100.00,311.00,1,1,0
9973,3.284,99.40,326.00,1,1,0
9976,3.288,99.00,324.00,1,1,0
9978,3.284,106.50,351.00,1,0,1
9981,3.284,98.40,429.00,1,0,1
9983,3.284,132.20,434.00,1,1,0
9986,3.280,97.00,318.00,1,1,0
9988,3.284,98.30,323.00,1,1,0
9991,3.284,96.40,316.00,1,1,0
9993,3.284,98.90,324.00,1,1,0
9996,3.284,98.80,326.00,1,1,0
10008,3.284,98.50,324.00,1,1,0
10011,3.284,99.00,324.00,1,1,0
10013,3.284,96.50,316.00,1,1,0
10016,3.284,99.60,301.00,1,1,0
10018,3.284,90.20,297.00,1,1,0
10021,3.284,96.60,318.00,1,1,0
10023,3.284,98.80,323.00,1,1,0
10026,3.284,98.40,323.00,1,1,0
10028,3.284,98.50,323.00,1,1,0
10031,3.284,98.80,324.00,1,1,0
10033,3.288,98.10,323.00,1,0,1
10036,3.260,99.20,326.00,1,0,1
10038,3.284,100.50,331.00,1,1,0
10040,3.268,99.60,328.00,1,1,0
10053,3.284,98.10,323.00,1,1,0
10056,3.284,98.80,324.00,1,1,0
10058,3.284,98.40,323.00,1,1,0
10061,3.284,98.70,321.00,1,1,0
10063,3.284,98.50,323.00,1,1,0
10066,3.284,99.30,326.00,1,1,0
10068,3.284,99.00,326.00,1,1,0
10070,3.284,98.90,324.00,1,1,0
10073,3.284,100.60,329.00,1,1,0
10075,3.284,93.40,323.00,1,1,0
10078,3.284,98.40,323.00,1,1,0
10080,3.284,98.90,324.00,1,1,0
10083,3.284,98.30,323.00,1,1,0
10085,3.284,98.40,323.00,1,1,0
10098,3.284,99.30,333.00,1,1,0
10100,3.284,98.20,323.00,1,1,0
10103,3.284,98.50,323.00,1,1,0
10105,3.284,98.50,326.00,1,1,0
10108,3.284,99.00,324.00,1,1,0
10110,3.284,98.10,323.00,1,1,0
10113,3.284,96.00,313.00,1,1,0
10115,3.284,93.60,308.00,1,1,0
10118,3.284,99.70,328.00,1,1,0
10120,3.284,90.30,297.00,1,1,0
10123,3.284,98.40,323.00,1,1,0
10125,3.284,97.10,319.00,1,1,0
10128,3.284,94.30,303.00,1,1,0
10130,3.284,92.20,303.00,1,1,0
10143,3.288,98.70,323.00,1,0,1
10145,3.280,98.40,323.00,1,0,1
10148,3.284,98.90,324.00,1,1,0
10150,3.268,107.10,369.00,1,1,0
10153,3.284,98.40,323.00,1,1,0
10155,3.284,98.80,324.00,1,1,0
10158,3.284,98.50,326.00,1,1,0
10160,3.284,98.90,324.00,1,1,0
10163,3.284,99.00,324.00,1,1,0
10165,3.284,98.40,315.00,1,1,0
10167,3.284,92.50,303.00,1,1,0
10170,3.284,96.20,316.00,1,1,0
10172,3.284,99.20,324.00,1,1,0
10175,3.284,98.80,324.00,1,1,0
10188,3.288,98.70,324.00,1,1,0
10190,3.284,100.40,329.00,1,1,0
10192,3.284,98.30,323.00,1,1,0
10195,3.284,98.20,324.00,1,1,0
10197,3.284,98.40,323.00,1,0,1
10200,3.268,98.80,324.00,1,0,1
10202,3.284,133.60,323.00,1,1,0
10205,3.284,98.30,323.00,1,1,0
10207,3.284,100.50,329.00,1,1,0
10210,3.284,98.80,323.00,1,1,0
10212,3.284,98.30,323.00,1,1,0
10215,3.284,98.20,323.00,1,1,0
10217,3.284,97.60,328.00,1,1,0
10220,3.284,100.20,329.00,1,1,0
10232,3.284,98.40,323.00,1,1,0
10235,3.284,100.50,329.00,1,1,0
10237,3.284,98.90,326.00,1,1,0
10240,3.284,99.10,326.00,1,1,0
10242,3.284,99.00,324.00,1,1,0
10245,3.284,98.20,324.00,1,1,0
10247,3.284,99.10,326.00,1,1,0
10250,3.284,98.90,324.00,1,1,0
10252,3.284,96.80,318.00,1,0,1
10255,3.284,106.80,324.00,1,0,1
10257,3.284,98.30,323.00,1,0,1
10260,3.284,95.80,315.00,1,0,1
10262,3.284,69.20,205.00,1,0,1
10264,3.304,112.90,370.00,1,1,0
10277,3.284,101.70,334.00,1,1,0
10280,3.284,94.20,310.00,1,1,0
10282,3.284,97.10,324.00,1,1,0
10285,3.284,98.90,324.00,1,1,0
10287,3.284,96.10,316.00,1,1,0
10289,3.284,98.90,324.00,1,1,0
10292,3.284,98.80,324.00,1,1,0
10294,3.280,98.10,323.00,1,1,0
10297,3.284,98.30,326.00,1,1,0
10299,3.284,101.90,336.00,1,1,0
10302,3.288,100.20,329.00,1,1,0
10304,3.284,99.00,324.00,1,1,0
10307,3.284,99.50,323.00,1,1,0
10319,3.288,107.50,316.00,1,1,0
10322,3.284,99.70,328.00,1,1,0
10324,3.284,89.90,295.00,1,1,0
10327,3.284,99.20,316.00,1,1,0
10329,3.284,98.80,324.00,1,1,0
10332,3.284,99.10,326.00,1,1,0
10334,3.284,98.60,324.00,1,1,0
10337,3.284,99.00,324.00,1,1,0
10339,3.284,99.00,324.00,1,1,0
10342,3.284,98.30,323.00,1,1,0
10344,3.284,99.00,324.00,1,1,0
10347,3.284,99.00,326.00,1,1,0
10349,3.284,98.90,324.00,1,1,0
10352,3.284,99.30,338.00,1,1,0
10364,3.284,100.30,326.00,1,1,0
10367,3.284,100.30,329.00,1,1,0
10369,3.284,106.20,349.00,1,0,1
10372,3.284,129.30,323.00,1,0,1
10374,3.288,135.60,444.00,1,1,0
10377,3.280,99.60,328.00,1,1,0
10379,3.284,98.50,324.00,1,1,0
10382,3.288,96.90,318.00,1,1,0
10384,3.284,96.30,316.00,1,1,0
10386,3.284,98.60,323.00,1,1,0
10389,3.284,98.90,324.00,1,1,0
10391,3.284,98.40,323.00,1,1,0
10394,3.284,98.80,331.00,1,1,0
10407,3.284,98.50,323.00,1,1,0
10409,3.284,98.10,321.00,1,1,0
10412,3.284,98.50,323.00,1,1,0
10414,3.284,98.80,324.00,1,1,0
10416,3.284,100.80,328.00,1,1,0
10419,3.284,98.40,323.00,1,1,0
10421,3.284,103.00,338.00,1,1,0
10424,3.288,99.50,328.00,1,0,1
10426,3.284,90.10,297.00,1,0,1
10429,3.284,129.10,421.00,1,1,0
10431,3.280,93.70,313.00,1,1,0
10434,3.284,100.60,331.00,1,1,0
10436,3.288,98.30,323.00,1,1,0
10453,3.284,98.90,324.00,1,1,0
10456,3.284,103.70,324.00,1,1,0
10458,3.288,99.20,326.00,1,1,0
10461,3.284,98.50,323.00,1,1,0
10463,3.284,98.60,324.00,1,1,0
10466,3.284,98.90,324.00,1,1,0
10468,3.284,98.60,324.00,1,1,0
10471,3.284,98.60,324.00,1,1,0
10473,3.276,98.20,326.00,1,1,0
10475,3.284,98.20,323.00,1,1,0
10478,3.284,99.20,326.00,1,0,1
10480,3.280,98.70,323.00,1,0,1
10483,3.264,100.10,329.00,1,1,0
10485,3.272,93.70,306.00,1,1,0
10498,3.284,98.50,323.00,1,1,0
10500,3.284,98.30,323.00,1,1,0
10503,3.284,97.40,319.00,1,1,0
10505,3.284,98.90,324.00,1,1,0
10508,3.284,98.80,323.00,1,1,0
10510,3.284,98.60,324.00,1,1,0
10513,3.284,100.70,331.00,1,1,0
10515,3.284,102.40,315.00,1,1,0
10518,3.284,99.30,324.00,1,1,0
10520,3.284,102.10,336.00,1,1,0
10523,3.284,98.20,323.00,1,1,0
10525,3.284,98.70,328.00,1,1,0
10528,3.284,99.50,326.00,1,1,0
10530,3.284,93.10,306.00,1,1,0
10543,3.284,99.00,324.00,1,1,0
10545,3.284,100.30,318.00,1,1,0
10548,3.284,98.60,324.00,1,1,0
10550,3.284,99.30,326.00,1,1,0
10553,3.284,92.40,306.00,1,1,0
10555,3.284,98.60,324.00,1,1,0
10558,3.284,96.60,318.00,1,1,0
10560,3.284,98.10,324.00,1,1,0
10563,3.284,92.40,303.00,1,1,0
10565,3.284,92.40,303.00,1,1,0
10568,3.284,92.30,305.00,1,1,0
10570,3.284,92.20,303.00,1,1,0
10572,3.284,92.30,303.00,1,1,0
10575,3.284,93.80,308.00,1,1,0
10588,3.284,94.20,310.00,1,0,1
10590,3.276,98.60,323.00,1,0,1
10593,3.284,99.10,326.00,1,1,0
10595,3.256,94.80,311.00,1,1,0
10597,3.284,100.40,324.00,1,1,0
10600,3.284,98.30,323.00,1,1,0
10602,3.284,98.70,324.00,1,1,0
10605,3.284,98.10,310.00,1,1,0
10607,3.284,97.90,321.00,1,1,0
10610,3.284,98.90,324.00,1,1,0
10612,3.284,98.20,323.00,1,1,0
10615,3.284,98.40,323.00,1,1,0
10617,3.284,98.40,323.00,1,1,0
10620,3.284,98.60,323.00,1,1,0
10632,3.284,90.80,298.00,1,1,0
10635,3.284,98.50,323.00,1,1,0
10637,3.284,99.20,326.00,1,1,0
10640,3.288,99.50,326.00,1,1,0
10642,3.284,98.90,323.00,1,0,1
10645,3.284,98.50,323.00,1,0,1
10647,3.284,98.80,324.00,1,1,0
10650,3.284,131.40,308.00,1,1,0
10652,3.280,99.00,324.00,1,1,0
10655,3.284,98.30,323.00,1,1,0
10657,3.284,99.00,324.00,1,1,0
10660,3.284,96.40,316.00,1,1,0
10662,3.284,98.20,323.00,1,1,0
10665,3.284,98.20,311.00,1,1,0
10677,3.284,98.50,323.00,1,1,0
10680,3.284,98.40,323.00,1,1,0
10682,3.284,98.40,323.00,1,1,0
10685,3.284,99.40,326.00,1,1,0
10687,3.284,98.50,326.00,1,1,0
10690,3.280,93.70,308.00,1,1,0
10692,3.284,98.60,324.00,1,1,0
10694,3.284,98.50,324.00,1,1,0
10697,3.284,98.40,323.00,1,1,0
10699,3.280,101.30,333.00,1,0,1
10702,3.264,100.00,328.00,1,0,1
10704,3.284,105.30,342.00,1,1,0
10707,3.280,93.80,308.00,1,1,0
10709,3.284,97.30,324.00,1,1,0
10722,3.284,98.60,324.00,1,1,0
10724,3.284,98.60,323.00,1,1,0
10727,3.284,98.80,324.00,1,1,0
10729,3.284,98.90,324.00,1,1,0
10732,3.284,99.60,328.00,1,1,0
10734,3.284,90.10,297.00,1,1,0
10737,3.284,98.40,323.00,1,1,0
10739,3.284,98.90,324.00,1,1,0
10742,3.284,98.90,324.00,1,1,0
10744,3.284,100.30,329.00,1,1,0
10747,3.288,101.80,333.00,1,1,0
10749,3.288,96.70,318.00,1,1,0
10752,3.284,98.30,323.00,1,1,0
10754,3.284,99.60,331.00,1,0,1
10767,3.284,98.40,323.00,1,1,0
10769,3.284,98.50,323.00,1,1,0
10772,3.284,99.40,326.00,1,1,0
10774,3.284,98.70,324.00,1,1,0
10777,3.284,98.50,324.00,1,1,0
10779,3.284,100.90,331.00,1,1,0
10782,3.284,98.50,323.00,1,1,0
10784,3.284,99.40,323.00,1,1,0
10787,3.284,98.40,323.00,1,1,0
10789,3.284,93.10,305.00,1,1,0
10791,3.280,98.60,308.00,1,1,0
10794,3.284,98.50,323.00,1,1,0
10796,3.284,98.50,323.00,1,1,0
10799,3.288,98.70,323.00,1,1,0
10812,3.284,98.80,326.00,1,0,1
10814,3.284,102.00,333.00,1,1,0
10817,3.280,93.70,308.00,1,1,0
10819,3.284,98.60,326.00,1,1,0
10821,3.284,99.10,326.00,1,1,0
10824,3.284,98.60,324.00,1,1,0
10826,3.288,98.50,323.00,1,1,0
10829,3.284,98.60,324.00,1,1,0
10831,3.284,99.30,326.00,1,1,0
10834,3.284,99.70,328.00,1,1,0
10836,3.284,90.90,297.00,1,1,0
10839,3.284,96.80,318.00,1,1,0
10841,3.284,98.80,324.00,1,1,0
10844,3.284,98.40,326.00,1,1,0
10856,3.284,99.00,326.00,1,1,0
10859,3.288,98.60,324.00,1,1,0
10861,3.284,99.40,326.00,1,1,0
10864,3.284,98.90,323.00,1,0,1
10866,3.276,98.20,319.00,1,0,1
10869,3.284,98.40,323.00,1,1,0
10871,3.264,117.00,323.00,1,1,0
10874,3.284,98.30,323.00,1,1,0
10876,3.288,98.70,324.00,1,1,0
10879,3.284,98.90,323.00,1,1,0
10881,3.284,98.90,324.00,1,1,0
10884,3.284,98.30,323.00,1,1,0
10886,3.284,99.80,328.00,1,1,0
10888,3.284,98.50,324.00,1,1,0
10901,3.284,98.60,323.00,1,1,0
10904,3.284,98.50,323.00,1,1,0
10906,3.284,98.50,323.00,1,1,0
10909,3.284,99.10,321.00,1,1,0
10911,3.284,98.60,324.00,1,1,0
10913,3.284,98.40,323.00,1,1,0
10916,3.284,102.90,328.00,1,1,0
10918,3.284,98.40,323.00,1,0,1
10921,3.284,98.60,324.00,1,0,1
10923,3.284,98.90,324.00,1,1,0
10926,3.284,93.60,306.00,1,1,0
10928,3.284,98.50,323.00,1,1,0
10931,3.284,98.40,323.00,1,1,0
10933,3.288,98.70,324.00,1,1,0
10946,3.284,96.20,324.00,1,1,0
10948,3.284,98.20,323.00,1,1,0
10951,3.284,100.00,328.00,1,1,0
10953,3.284,99.50,326.00,1,1,0
10956,3.284,98.50,323.00,1,1,0
10958,3.284,98.80,324.00,1,1,0
10961,3.284,99.00,323.00,1,1,0
10963,3.284,98.20,323.00,1,1,0
10966,3.284,99.10,326.00,1,1,0
10968,3.284,98.00,321.00,1,1,0
10971,3.284,98.60,324.00,1,1,0
10973,3.284,99.50,326.00,1,0,1
10976,3.280,103.70,326.00,1,0,1
10978,3.280,92.50,303.00,1,0,1
10991,3.284,98.30,323.00,1,1,0
10993,3.284,98.50,323.00,1,1,0
10996,3.280,99.50,326.00,1,1,0
10998,3.280,93.50,323.00,1,1,0
11001,3.284,98.30,323.00,1,1,0
11003,3.272,99.60,328.00,1,1,0
11006,3.284,98.40,323.00,1,1,0
11008,3.284,98.50,323.00,1,1,0
11011,3.284,98.30,323.00,1,1,0
11013,3.284,98.20,313.00,1,1,0
11015,3.284,95.30,313.00,1,1,0
11018,3.284,96.30,316.00,1,1,0
11020,3.284,92.50,315.00,1,1,0
11023,3.284,92.30,303.00,1,1,0
11036,3.268,101.10,429.00,1,1,0
11038,3.276,96.00,316.00,1,1,0
11040,3.284,95.60,313.00,1,1,0
11043,3.284,90.10,324.00,1,1,0
11045,3.284,99.10,326.00,1,1,0
11048,3.280,98.10,323.00,1,1,0
11050,3.284,98.40,326.00,1,1,0
11053,3.284,98.70,324.00,1,1,0
11055,3.284,99.60,328.00,1,1,0
11058,3.284,97.70,324.00,1,1,0
11060,3.280,102.10,336.00,1,1,0
11063,3.284,98.70,324.00,1,1,0
11065,3.284,99.40,324.00,1,1,0
11068,3.284,99.80,328.00,1,1,0
11080,3.284,98.90,324.00,1,1,0
11083,3.284,100.30,329.00,1,1,0
11085,3.284,99.10,349.00,1,0,1
11088,3.284,98.70,375.00,1,0,1
11090,3.276,98.20,323.00,1,1,0
11093,3.260,100.60,329.00,1,1,0
11095,3.280,98.30,323.00,1,1,0
11098,3.284,100.10,329.00,1,1,0
11100,3.284,95.80,315.00,1,1,0
11103,3.284,99.30,323.00,1,1,0
11105,3.284,100.90,331.00,1,1,0
11108,3.284,98.50,323.00,1,1,0
11110,3.284,98.60,323.00,1,1,0
11123,3.284,101.50,324.00,1,1,0
11125,3.284,98.30,323.00,1,1,0
11128,3.284,99.00,324.00,1,1,0
11130,3.284,99.00,323.00,1,1,0
11133,3.284,98.90,324.00,1,1,0
11135,3.284,99.10,326.00,1,1,0
11137,3.284,99.00,338.00,1,1,0
11140,3.280,98.60,324.00,1,1,0
11142,3.284,99.60,326.00,1,0,1
11145,3.280,90.00,295.00,1,0,1
11147,3.288,100.10,364.00,1,1,0
11150,3.276,119.10,390.00,1,1,0
11152,3.280,97.30,319.00,1,1,0
11165,3.284,99.20,326.00,1,1,0
11167,3.284,99.00,324.00,1,1,0
11170,3.284,100.40,329.00,1,1,0
11172,3.284,98.70,324.00,1,1,0
11175,3.284,98.50,323.00,1,1,0
11177,3.284,98.30,323.00,1,1,0
11180,3.284,98.30,323.00,1,1,0
11182,3.288,99.70,324.00,1,1,0
11185,3.284,100.20,329.00,1,1,0
11187,3.280,99.50,326.00,1,1,0
11190,3.284,98.70,323.00,1,1,0
11192,3.284,98.20,323.00,1,1,0
11195,3.288,98.50,323.00,1,1,0
11197,3.284,97.00,318.00,1,0,1
11210,3.284,98.40,323.00,1,1,0
11212,3.284,98.90,323.00,1,1,0
11215,3.284,99.20,326.00,1,1,0
11217,3.284,99.10,326.00,1,1,0
11220,3.284,96.50,324.00,1,1,0
11222,3.284,99.30,326.00,1,1,0
11225,3.284,98.30,323.00,1,1,0
11227,3.284,99.30,326.00,1,1,0
11230,3.284,100.40,329.00,1,1,0
11232,3.284,98.70,324.00,1,1,0
11234,3.284,98.80,323.00,1,1,0
11237,3.284,98.50,323.00,1,1,0
11239,3.284,99.10,326.00,1,1,0
11242,3.288,99.30,326.00,1,1,0
11255,3.280,99.10,326.00,1,0,1
11257,3.268,101.40,323.00,1,0,1
11259,3.284,108.30,354.00,1,1,0
11262,3.280,93.80,308.00,1,1,0
11264,3.284,98.70,326.00,1,1,0
11267,3.284,99.20,326.00,1,1,0
11269,3.284,98.40,323.00,1,1,0
11272,3.284,99.10,324.00,1,1,0
11274,3.284,97.90,321.00,1,1,0
11277,3.284,98.30,323.00,1,1,0
11279,3.284,100.90,328.00,1,1,0
11282,3.276,98.80,324.00,1,1,0
11284,3.284,99.20,326.00,1,1,0
11287,3.288,98.40,323.00,1,1,0
11299,3.284,98.50,323.00,1,1,0
11302,3.284,98.40,328.00,1,1,0
11304,3.284,93.60,306.00,1,1,0
11307,3.288,98.30,323.00,1,1,0
11309,3.284,97.80,344.00,1,0,1
11312,3.280,100.80,331.00,1,0,1
11314,3.284,99.30,326.00,1,1,0
11317,3.256,93.90,323.00,1,1,0
11319,3.284,98.40,323.00,1,1,0
11322,3.284,98.10,323.00,1,1,0
11324,3.284,98.30,324.00,1,1,0
11327,3.284,100.20,329.00,1,1,0
11329,3.284,98.40,323.00,1,1,0
11331,3.284,98.80,324.00,1,1,0
11344,3.288,101.70,334.00,1,1,0
11347,3.288,100.00,324.00,1,1,0
11349,3.284,90.00,295.00,1,1,0
11352,3.284,98.10,323.00,1,1,0
11354,3.284,98.90,324.00,1,1,0
11356,3.288,98.30,323.00,1,1,0
11359,3.284,98.70,324.00,1,1,0
11361,3.284,99.40,336.00,1,1,0
11364,3.288,98.60,324.00,1,0,1
11366,3.284,98.60,323.00,1,0,1
11369,3.288,99.30,326.00,1,1,0
11371,3.276,96.20,316.00,1,1,0
11374,3.284,99.40,326.00,1,1,0
11376,3.284,98.30,328.00,1,1,0
11389,3.284,98.80,333.00,1,1,0
11391,3.280,98.40,323.00,1,1,0
11394,3.284,99.00,324.00,1,1,0
11396,3.284,99.00,324.00,1,1,0
11399,3.284,101.10,323.00,1,1,0
11401,3.284,101.60,334.00,1,1,0
11404,3.288,98.50,324.00,1,1,0
11406,3.284,99.00,310.00,1,1,0
11409,3.284,99.50,328.00,1,1,0
11411,3.284,98.60,324.00,1,1,0
11414,3.284,98.80,323.00,1,1,0
11416,3.284,96.70,318.00,1,1,0
11419,3.288,98.30,323.00,1,0,1
11421,3.272,98.70,369.00,1,0,1
11434,3.284,98.80,323.00,1,1,0
11436,3.284,98.50,323.00,1,1,0
11439,3.284,98.60,324.00,1,1,0
11441,3.284,98.60,324.00,1,1,0
11444,3.284,98.90,324.00,1,1,0
11446,3.284,99.10,326.00,1,1,0
11449,3.284,99.70,328.00,1,1,0
11451,3.284,91.20,297.00,1,1,0
11453,3.284,98.80,324.00,1,1,0
11456,3.284,99.00,326.00,1,1,0
11458,3.288,98.50,334.00,1,1,0
11461,3.284,101.70,334.00,1,1,0
11463,3.284,98.70,324.00,1,1,0
11466,3.284,98.80,324.00,1,1,0
11479,3.284,99.10,338.00,1,1,0
11481,3.284,93.80,308.00,1,1,0
11483,3.284,98.30,323.00,1,1,0
11486,3.284,96.60,324.00,1,1,0
11488,3.284,98.50,323.00,1,1,0
11491,3.284,98.70,324.00,1,1,0
11493,3.284,98.70,324.00,1,1,0
11496,3.284,98.40,323.00,1,1,0
11498,3.284,98.30,323.00,1,1,0
11501,3.284,100.20,326.00,1,1,0
11503,3.284,98.60,324.00,1,1,0
11506,3.284,99.50,326.00,1,1,0
11508,3.284,95.20,313.00,1,1,0
11511,3.284,98.40,328.00,1,1,0
11523,3.284,99.40,324.00,1,1,0
11526,3.284,100.20,329.00,1,1,0
11528,3.280,98.60,324.00,1,0,1
11531,3.280,101.70,321.00,1,0,1
11533,3.260,99.00,324.00,1,1,0
11536,3.276,104.60,341.00,1,1,0
11538,3.280,93.90,323.00,1,1,0
11541,3.284,98.50,323.00,1,1,0
11543,3.284,98.40,323.00,1,1,0
11546,3.284,98.30,323.00,1,1,0
11548,3.284,98.30,323.00,1,1,0
11550,3.288,98.60,324.00,1,1,0
11553,3.284,90.10,297.00,1,1,0
11555,3.284,93.30,328.00,1,1,0
11568,3.288,96.90,326.00,1,1,0
11571,3.284,99.10,326.00,1,1,0
11573,3.288,99.20,326.00,1,1,0
11576,3.288,99.10,324.00,1,1,0
11578,3.284,98.80,324.00,1,1,0
11580,3.280,99.00,324.00,1,1,0
11583,3.284,98.20,323.00,1,1,0
11585,3.284,100.00,328.00,1,0,1
11588,3.288,99.40,324.00,1,0,1
11590,3.284,98.70,336.00,1,1,0
11593,3.280,93.90,308.00,1,1,0
11595,3.284,98.60,324.00,1,1,0
11598,3.284,98.60,323.00,1,1,0
11600,3.284,98.50,323.00,1,1,0
11613,3.284,95.90,323.00,1,1,0
11615,3.284,98.00,323.00,1,1,0
11618,3.284,98.80,324.00,1,1,0
11620,3.284,98.60,323.00,1,1,0
11623,3.284,99.10,326.00,1,1,0
11625,3.284,98.80,324.00,1,1,0
11628,3.284,98.10,323.00,1,1,0
11630,3.284,101.00,331.00,1,1,0
11633,3.284,98.80,324.00,1,1,0
11635,3.284,103.00,324.00,1,1,0
11638,3.284,98.50,323.00,1,1,0
11640,3.284,98.40,323.00,1,0,1
11643,3.284,106.40,323.00,1,0,1
11645,3.284,99.30,326.00,1,0,1
11658,3.284,91.50,323.00,1,1,0
11660,3.284,99.10,326.00,1,1,0
11663,3.284,98.90,324.00,1,1,0
11665,3.284,99.10,323.00,1,1,0
11668,3.284,99.10,326.00,1,1,0
11670,3.284,99.20,326.00,1,1,0
11673,3.284,98.60,323.00,1,1,0
11675,3.284,99.10,326.00,1,1,0
11677,3.288,99.50,326.00,1,1,0
11680,3.284,98.80,324.00,1,1,0
11682,3.288,99.20,326.00,1,1,0
11685,3.284,98.90,324.00,1,1,0
11687,3.284,98.60,323.00,1,1,0
11690,3.284,98.30,323.00,1,1,0
11702,3.284,94.30,310.00,1,1,0
11705,3.280,98.50,323.00,1,1,0
11707,3.284,98.60,324.00,1,1,0
11710,3.284,98.60,324.00,1,1,0
11712,3.284,96.80,318.00,1,1,0
11715,3.284,98.70,324.00,1,1,0
11717,3.284,99.00,331.00,1,1,0
11720,3.284,97.70,321.00,1,1,0
11722,3.284,99.00,324.00,1,1,0
11725,3.288,99.70,326.00,1,1,0
11727,3.284,99.20,326.00,1,1,0
11730,3.280,93.60,308.00,1,1,0
11732,3.284,92.30,326.00,1,1,0
11735,3.284,99.10,326.00,1,1,0
11747,3.284,99.40,326.00,1,1,0
11750,3.284,98.70,324.00,1,1,0
11752,3.284,105.60,323.00,1,0,1
11755,3.284,100.00,329.00,1,0,1
11757,3.288,106.20,349.00,1,1,0
11760,3.284,90.20,297.00,1,1,0
11762,3.280,93.80,324.00,1,1,0
11765,3.284,98.50,323.00,1,1,0
11767,3.284,98.40,323.00,1,1,0
11770,3.284,98.60,326.00,1,1,0
11772,3.284,99.30,326.00,1,1,0
11774,3.284,98.40,323.00,1,1,0
11777,3.284,100.90,329.00,1,1,0
11790,3.284,98.80,323.00,1,1,0
11792,3.284,92.20,303.00,1,1,0
11795,3.280,92.20,303.00,1,1,0
11797,3.284,92.30,324.00,1,1,0
11800,3.280,98.60,324.00,1,1,0
11802,3.288,98.80,324.00,1,1,0
11804,3.284,98.70,324.00,1,1,0
11807,3.284,102.10,336.00,1,0,1
11809,3.284,100.90,331.00,1,0,1
11812,3.288,98.60,334.00,1,1,0
11814,3.252,94.10,308.00,1,1,0
11817,3.280,94.20,310.00,1,1,0
11819,3.284,98.70,324.00,1,1,0
11822,3.284,99.00,319.00,1,1,0
11834,3.280,97.60,324.00,1,1,0
11837,3.284,98.70,324.00,1,1,0
11839,3.284,98.60,324.00,1,1,0
11842,3.284,98.40,324.00,1,1,0
11844,3.284,98.20,323.00,1,1,0
11847,3.284,98.50,323.00,1,1,0
11849,3.284,98.80,324.00,1,1,0
11852,3.284,96.50,316.00,1,1,0
11854,3.284,99.30,326.00,1,1,0
11857,3.284,99.00,328.00,1,1,0
11859,3.284,93.90,308.00,1,1,0
11862,3.284,90.50,297.00,1,0,1
11864,3.276,98.50,326.00,1,0,1
11867,3.280,128.80,423.00,1,1,0
11879,3.284,98.30,323.00,1,1,0
11882,3.284,99.30,326.00,1,1,0
11884,3.284,98.60,324.00,1,1,0
11887,3.284,99.00,324.00,1,1,0
11889,3.284,98.40,323.00,1,1,0
11892,3.284,98.40,323.00,1,1,0
11894,3.284,98.50,323.00,1,1,0
11897,3.284,98.20,323.00,1,1,0
11899,3.284,98.50,323.00,1,1,0
11901,3.284,98.90,328.00,1,1,0
11904,3.276,98.30,323.00,1,1,0
11906,3.284,98.30,323.00,1,1,0
11909,3.284,97.60,339.00,1,1,0
11911,3.284,97.20,319.00,1,1,0
11924,3.276,133.40,315.00,1,1,0
11926,3.284,98.10,323.00,1,1,0
11929,3.284,98.60,324.00,1,1,0
11931,3.284,98.60,324.00,1,1,0
11934,3.284,99.00,324.00,1,1,0
11936,3.284,98.40,323.00,1,1,0
11939,3.284,98.50,324.00,1,1,0
11941,3.284,98.00,321.00,1,1,0
11944,3.284,97.20,319.00,1,1,0
11946,3.284,98.50,324.00,1,1,0
11949,3.284,98.90,324.00,1,1,0
11951,3.284,99.40,326.00,1,1,0
11954,3.284,98.30,326.00,1,1,0
11956,3.288,98.20,323.00,1,1,0
11969,3.284,98.50,323.00,1,1,0
11971,3.284,98.80,324.00,1,0,1
11974,3.276,98.40,323.00,1,0,1
11976,3.284,98.70,324.00,1,1,0
11979,3.284,99.90,328.00,1,1,0
11981,3.284,98.80,324.00,1,1,0
11984,3.280,99.30,328.00,1,1,0
11986,3.284,98.60,324.00,1,1,0
11989,3.284,98.80,324.00,1,1,0
11991,3.284,100.90,321.00,1,1,0
11994,3.284,98.50,323.00,1,1,0
11996,3.284,98.30,323.00,1,1,0
11998,3.284,98.50,323.00,1,1,0
12001,3.280,98.70,324.00,1,1,0
12014,3.284,98.90,324.00,1,1,0
12016,3.284,98.60,324.00,1,1,0
12019,3.284,99.50,329.00,1,1,0
12021,3.284,93.60,308.00,1,1,0
12023,3.284,97.70,321.00,1,1,0
12026,3.284,98.80,324.00,1,1,0
12028,3.284,103.90,323.00,1,0,1
12031,3.284,99.00,324.00,1,0,1
12033,3.284,103.60,339.00,1,1,0
12036,3.260,95.30,308.00,1,1,0
12038,3.280,98.70,324.00,1,1,0
12041,3.284,98.30,323.00,1,1,0
12043,3.280,99.10,323.00,1,1,0
12046,3.284,98.80,324.00,1,1,0
12058,3.284,99.50,326.00,1,1,0
12061,3.284,98.80,324.00,1,1,0
12063,3.284,99.80,326.00,1,1,0
12066,3.284,90.20,297.00,1,1,0
12068,3.284,96.20,316.00,1,1,0
12071,3.284,91.30,324.00,1,1,0
12073,3.284,98.30,323.00,1,1,0
12076,3.284,98.40,323.00,1,1,0
12078,3.284,99.10,324.00,1,1,0
12081,3.284,99.10,326.00,1,1,0
12083,3.284,98.60,323.00,1,0,1
12086,3.284,99.30,326.00,1,0,1
12088,3.280,127.90,321.00,1,1,0
12091,3.272,97.30,319.00,1,1,0
12103,3.284,98.30,323.00,1,1,0
12106,3.284,98.50,323.00,1,1,0
12108,3.284,98.60,324.00,1,1,0
12111,3.284,98.70,324.00,1,1,0
12113,3.284,100.20,329.00,1,1,0
12116,3.284,98.90,323.00,1,1,0
12118,3.284,98.40,323.00,1,1,0
12121,3.284,98.60,324.00,1,1,0
12123,3.284,93.70,310.00,1,1,0
12125,3.284,99.10,326.00,1,1,0
12128,3.284,98.90,324.00,1,1,0
12130,3.284,98.80,324.00,1,1,0
12133,3.284,99.40,328.00,1,1,0
12135,3.284,98.10,323.00,1,1,0
12148,3.284,97.20,319.00,1,1,0
12150,3.284,98.60,324.00,1,1,0
12153,3.284,98.40,324.00,1,1,0
12155,3.284,96.50,316.00,1,1,0
12158,3.288,98.80,324.00,1,1,0
12160,3.284,98.80,331.00,1,1,0
12163,3.276,99.20,326.00,1,1,0
12165,3.284,99.80,328.00,1,1,0
12168,3.284,90.40,297.00,1,1,0
12170,3.284,98.30,323.00,1,1,0
12173,3.288,98.80,324.00,1,1,0
12175,3.284,98.70,324.00,1,1,0
12178,3.284,98.40,323.00,1,1,0
12180,3.284,98.80,324.00,1,1,0
12193,3.288,99.50,326.00,1,1,0
12195,3.284,106.10,349.00,1,0,1
12198,3.284,130.70,323.00,1,0,1
12200,3.284,116.70,383.00,1,1,0
12203,3.268,95.20,313.00,1,1,0
12205,3.288,98.40,324.00,1,1,0
12208,3.284,98.60,324.00,1,1,0
12210,3.284,99.40,326.00,1,1,0
12213,3.284,98.60,324.00,1,1,0
12215,3.284,98.80,324.00,1,1,0
12218,3.284,100.90,331.00,1,1,0
12220,3.284,98.30,323.00,1,1,0
12222,3.284,99.10,326.00,1,1,0
12235,3.284,92.30,303.00,1,1,0
12238,3.284,92.40,303.00,1,1,0
12240,3.284,92.50,303.00,1,1,0
12243,3.284,92.50,303.00,1,1,0
12245,3.284,94.00,308.00,1,1,0
12248,3.284,96.00,315.00,1,1,0
12250,3.284,93.90,324.00,1,0,1
12252,3.284,98.30,323.00,1,0,1
12255,3.284,98.10,319.00,1,1,0
12257,3.284,96.80,303.00,1,1,0
12260,3.280,97.20,319.00,1,1,0
12262,3.284,94.30,310.00,1,1,0
12265,3.284,95.60,326.00,1,1,0
12267,3.288,99.50,326.00,1,1,0
12280,3.284,96.20,316.00,1,1,0
12282,3.284,98.90,324.00,1,1,0
12285,3.284,98.00,326.00,1,1,0
12287,3.284,98.50,323.00,1,1,0
12290,3.284,99.10,326.00,1,1,0
12292,3.284,99.00,324.00,1,1,0
12295,3.284,98.30,324.00,1,1,0
12297,3.284,99.00,324.00,1,1,0
12300,3.284,98.10,323.00,1,1,0
12302,3.284,98.40,323.00,1,1,0
12305,3.284,103.90,341.00,1,0,1
12307,3.284,130.30,428.00,1,0,1
12310,3.284,99.70,326.00,1,0,1
12312,3.284,88.60,293.00,1,0,1
12325,3.284,92.30,303.00,1,1,0
12327,3.284,93.90,308.00,1,1,0
12330,3.284,99.00,323.00,1,1,0
12332,3.284,98.10,323.00,1,1,0
12335,3.284,99.10,326.00,1,1,0
12337,3.280,99.10,324.00,1,1,0
12340,3.284,98.60,323.00,1,1,0
12342,3.280,99.00,324.00,1,1,0
12345,3.284,98.80,324.00,1,1,0
12347,3.284,98.10,323.00,1,1,0
12349,3.284,98.30,323.00,1,1,0
12352,3.284,98.50,323.00,1,1,0
12354,3.284,98.50,324.00,1,1,0
12357,3.284,98.80,324.00,1,1,0
12370,3.280,101.60,331.00,1,1,0
12372,3.284,94.20,310.00,1,1,0
12374,3.284,114.20,308.00,1,1,0
12377,3.280,99.40,326.00,1,1,0
12379,3.284,98.70,324.00,1,1,0
12382,3.284,98.50,324.00,1,1,0
12384,3.288,99.20,326.00,1,1,0
12387,3.284,99.20,326.00,1,1,0
12389,3.284,98.80,318.00,1,1,0
12392,3.288,99.20,326.00,1,1,0
12394,3.288,98.80,324.00,1,1,0
12397,3.284,98.30,328.00,1,1,0
12399,3.284,97.00,318.00,1,1,0
12402,3.284,99.00,324.00,1,1,0
12414,3.284,98.80,324.00,1,1,0
12417,3.284,98.60,324.00,1,1,0
12419,3.284,98.80,346.00,1,0,1
12422,3.284,100.60,331.00,1,0,1
12424,3.284,98.70,324.00,1,1,0
12427,3.252,134.90,308.00,1,1,0
12429,3.284,93.60,308.00,1,1,0
12432,3.264,98.50,323.00,1,1,0
12434,3.284,98.70,324.00,1,1,0
12437,3.284,99.50,326.00,1,1,0
12439,3.284,99.90,328.00,1,1,0
12442,3.284,98.20,324.00,1,1,0
12444,3.284,98.60,323.00,1,1,0
12446,3.284,98.50,323.00,1,1,0
12463,3.284,98.90,324.00,1,1,0
12466,3.284,98.50,323.00,1,1,0
12468,3.284,99.90,326.00,1,1,0
12471,3.284,100.40,329.00,1,1,0
12473,3.284,98.10,323.00,1,1,0
12476,3.284,90.20,313.00,1,0,1
12478,3.284,98.00,444.00,1,0,1
12481,3.284,99.50,324.00,1,1,0
12483,3.268,93.90,308.00,1,1,0
12485,3.284,98.50,324.00,1,1,0
12488,3.284,99.60,328.00,1,1,0
12490,3.284,98.40,323.00,1,1,0
12493,3.284,98.30,323.00,1,1,0
12495,3.284,98.90,324.00,1,1,0
12508,3.284,98.20,323.00,1,1,0
12510,3.284,98.30,323.00,1,1,0
12513,3.284,99.30,329.00,1,1,0
12515,3.284,99.00,324.00,1,1,0
12518,3.284,100.00,328.00,1,1,0
12520,3.284,98.90,326.00,1,1,0
12523,3.284,98.30,323.00,1,1,0
12525,3.288,98.90,324.00,1,1,0
12528,3.284,98.50,324.00,1,1,0
12530,3.284,98.80,323.00,1,0,1
12533,3.268,94.50,310.00,1,0,1
12535,3.284,98.90,324.00,1,1,0
12538,3.260,93.90,324.00,1,1,0
12540,3.284,98.50,323.00,1,1,0
12553,3.284,98.90,324.00,1,1,0
12555,3.284,96.70,318.00,1,1,0
12558,3.284,98.30,323.00,1,1,0
12560,3.284,98.30,323.00,1,1,0
12563,3.284,98.30,323.00,1,1,0
12565,3.284,98.50,324.00,1,1,0
12568,3.284,98.70,324.00,1,1,0
12570,3.284,99.00,324.00,1,1,0
12573,3.284,99.10,324.00,1,1,0
12575,3.284,99.70,328.00,1,1,0
12578,3.284,90.30,297.00,1,1,0
12580,3.284,99.10,328.00,1,1,0
12582,3.284,99.00,342.00,1,1,0
12585,3.284,96.90,318.00,1,0,1
12598,3.284,99.20,326.00,1,1,0
12600,3.284,98.60,324.00,1,1,0
12603,3.284,98.20,326.00,1,1,0
12605,3.284,98.30,323.00,1,1,0
12607,3.284,98.40,323.00,1,1,0
12610,3.284,98.10,326.00,1,1,0
12612,3.284,99.50,326.00,1,1,0
12615,3.284,100.30,329.00,1,1,0
12617,3.284,102.10,324.00,1,1,0
12620,3.284,98.50,323.00,1,1,0
12622,3.284,98.40,323.00,1,1,0
12625,3.284,98.30,326.00,1,1,0
12627,3.284,98.10,323.00,1,1,0
12630,3.284,98.80,324.00,1,1,0
12642,3.288,101.80,334.00,1,0,1
12645,3.260,98.60,324.00,1,0,1
12647,3.284,100.40,316.00,1,1,0
12650,3.280,99.70,328.00,1,1,0
12652,3.284,98.60,324.00,1,1,0
12655,3.284,98.20,324.00,1,1,0
12657,3.284,98.80,324.00,1,1,0
12660,3.284,93.60,308.00,1,1,0
12662,3.284,96.80,303.00,1,1,0
12665,3.284,94.60,310.00,1,1,0
12667,3.284,98.40,323.00,1,1,0
12670,3.280,95.10,311.00,1,1,0
12672,3.284,92.70,305.00,1,1,0
12675,3.284,98.50,323.00,1,1,0
12687,3.284,98.40,323.00,1,1,0
12690,3.284,98.30,323.00,1,1,0
12692,3.284,98.50,334.00,1,1,0
12695,3.288,95.00,311.00,1,1,0
12697,3.280,99.20,326.00,1,0,1
12700,3.284,99.10,323.00,1,0,1
12702,3.284,103.80,341.00,1,1,0
12704,3.284,94.90,311.00,1,1,0
12707,3.264,121.90,308.00,1,1,0
12709,3.284,97.90,321.00,1,1,0
12712,3.284,98.60,324.00,1,1,0
12714,3.284,98.90,324.00,1,1,0
12717,3.284,98.40,323.00,1,1,0
12719,3.284,93.60,308.00,1,1,0
12732,3.284,94.40,310.00,1,1,0
12734,3.284,92.60,305.00,1,1,0
12737,3.280,92.30,305.00,1,1,0
12739,3.284,94.10,310.00,1,1,0
12742,3.284,98.40,323.00,1,1,0
12744,3.284,98.30,319.00,1,1,0
12747,3.284,98.40,323.00,1,1,0
12749,3.284,98.40,323.00,1,1,0
12752,3.284,98.90,323.00,1,0,1
12754,3.280,100.00,328.00,1,0,1
12757,3.280,99.30,326.00,1,1,0
12759,3.256,103.00,324.00,1,1,0
12762,3.284,99.10,326.00,1,1,0
12764,3.284,98.80,324.00,1,1,0
12777,3.284,98.20,323.00,1,1,0
12779,3.284,99.70,328.00,1,1,0
12782,3.284,90.20,297.00,1,1,0
12784,3.284,93.50,306.00,1,1,0
12787,3.284,92.30,303.00,1,1,0
12789,3.284,98.30,324.00,1,1,0
12792,3.284,98.70,324.00,1,1,0
12794,3.284,98.90,324.00,1,1,0
12797,3.284,98.40,328.00,1,1,0
12799,3.288,98.80,324.00,1,1,0
12801,3.284,99.20,326.00,1,1,0
12804,3.284,98.90,321.00,1,1,0
12806,3.280,98.40,323.00,1,0,1
12809,3.276,99.00,324.00,1,0,1
12822,3.284,98.60,324.00,1,1,0
12824,3.284,98.60,329.00,1,1,0
12826,3.284,98.70,324.00,1,1,0
12829,3.284,100.30,329.00,1,1,0
12831,3.284,102.40,336.00,1,1,0
12834,3.284,98.50,323.00,1,1,0
12836,3.284,98.50,323.00,1,1,0
12839,3.284,98.20,323.00,1,1,0
12841,3.284,98.40,324.00,1,1,0
12844,3.284,97.70,321.00,1,1,0
12846,3.284,101.30,333.00,1,1,0
12849,3.284,98.80,318.00,1,1,0
12851,3.284,98.20,323.00,1,1,0
12854,3.284,99.00,324.00,1,1,0
12866,3.284,96.60,318.00,1,1,0
12869,3.280,102.70,326.00,1,1,0
12871,3.280,99.60,328.00,1,1,0
12874,3.284,98.40,323.00,1,1,0
12876,3.284,98.40,324.00,1,1,0
12879,3.284,98.80,324.00,1,1,0
12881,3.284,99.70,328.00,1,1,0
12884,3.288,96.10,297.00,1,1,0
12886,3.284,98.60,324.00,1,1,0
12889,3.284,100.20,329.00,1,1,0
12891,3.284,98.70,323.00,1,1,0
12894,3.284,98.50,324.00,1,1,0
12896,3.284,98.70,324.00,1,1,0
12898,3.288,99.20,326.00,1,1,0
12911,3.284,99.20,326.00,1,1,0
12914,3.284,99.70,323.00,1,1,0
12916,3.280,99.80,328.00,1,1,0
12919,3.284,98.70,323.00,1,0,1
12921,3.284,98.10,324.00,1,0,1
12923,3.284,100.10,326.00,1,1,0
12926,3.284,100.80,331.00,1,1,0
12928,3.284,98.50,324.00,1,1,0
12931,3.284,98.60,324.00,1,1,0
12933,3.284,96.50,316.00,1,1,0
12936,3.284,98.70,319.00,1,1,0
12938,3.284,99.10,326.00,1,1,0
12941,3.284,100.60,331.00,1,1,0
12943,3.284,94.30,310.00,1,1,0
12956,3.284,98.30,323.00,1,1,0
12958,3.284,98.40,323.00,1,1,0
12961,3.284,98.40,323.00,1,1,0
12963,3.284,100.60,329.00,1,1,0
12966,3.284,98.40,323.00,1,1,0
12968,3.284,98.30,323.00,1,1,0
12971,3.284,98.80,324.00,1,1,0
12973,3.284,100.10,346.00,1,0,1
12976,3.284,132.40,434.00,1,0,1
12978,3.284,98.80,324.00,1,1,0
12981,3.272,93.60,326.00,1,1,0
12983,3.284,99.80,328.00,1,1,0
12986,3.284,98.80,324.00,1,1,0
12988,3.284,90.40,324.00,1,1,0
13001,3.284,98.80,324.00,1,1,0
13003,3.284,98.30,323.00,1,1,0
13006,3.284,97.90,321.00,1,1,0
13008,3.284,99.20,326.00,1,1,0
13011,3.284,99.60,328.00,1,1,0
13013,3.284,99.00,324.00,1,1,0
13016,3.284,98.40,323.00,1,1,0
13018,3.284,98.00,324.00,1,1,0
13020,3.284,99.30,326.00,1,1,0
13023,3.284,98.40,323.00,1,1,0
13025,3.284,99.10,333.00,1,1,0
13028,3.284,97.70,321.00,1,0,1
13030,3.284,98.90,323.00,1,0,1
13033,3.284,98.50,323.00,1,1,0
13046,3.280,94.20,310.00,1,1,0
13048,3.280,98.80,339.00,1,1,0
13050,3.284,99.90,328.00,1,1,0
13053,3.284,100.30,329.00,1,1,0
13055,3.276,99.00,323.00,1,1,0
13058,3.284,98.60,324.00,1,1,0
13060,3.284,98.20,323.00,1,1,0
13063,3.284,98.20,323.00,1,1,0
13065,3.284,98.60,324.00,1,1,0
13068,3.284,99.40,326.00,1,1,0
13070,3.284,98.70,323.00,1,1,0
13073,3.284,99.30,326.00,1,1,0
13075,3.284,98.90,324.00,1,1,0
13078,3.284,98.60,328.00,1,1,0
13090,3.284,104.70,313.00,1,1,0
13093,3.268,93.70,306.00,1,1,0
13095,3.280,99.10,326.00,1,1,0
13098,3.284,98.30,323.00,1,1,0
13100,3.284,98.40,323.00,1,1,0
13103,3.284,98.90,324.00,1,1,0
13105,3.284,98.50,323.00,1,1,0
13108,3.284,98.50,333.00,1,1,0
13110,3.284,99.10,326.00,1,1,0
13113,3.284,98.20,323.00,1,1,0
13115,3.284,103.50,326.00,1,1,0
13117,3.284,96.10,316.00,1,1,0
13120,3.284,98.90,324.00,1,1,0
13122,3.284,98.60,323.00,1,1,0
13135,3.284,98.70,324.00,1,1,0
13138,3.284,99.00,324.00,1,1,0
13140,3.284,105.50,346.00,1,0,1
13142,3.284,98.60,319.00,1,0,1
13145,3.264,103.60,339.00,1,1,0
13147,3.268,93.70,308.00,1,1,0
13150,3.280,93.90,308.00,1,1,0
13152,3.280,98.50,324.00,1,1,0
13155,3.284,98.60,324.00,1,1,0
13157,3.284,98.10,323.00,1,1,0
13160,3.284,99.00,323.00,1,1,0
13162,3.284,98.30,323.00,1,1,0
13165,3.284,98.20,323.00,1,1,0
13167,3.284,98.70,324.00,1,1,0
13180,3.284,93.80,303.00,1,1,0
13182,3.284,92.40,303.00,1,1,0
13185,3.284,92.40,303.00,1,1,0
13187,3.284,98.50,319.00,1,1,0
13190,3.288,99.70,328.00,1,1,0
13192,3.284,90.30,297.00,1,1,0
13195,3.284,98.00,323.00,1,0,1
13197,3.276,99.60,328.00,1,0,1
13200,3.284,98.40,321.00,1,1,0
13202,3.256,96.90,318.00,1,1,0
13205,3.288,99.30,326.00,1,1,0
13207,3.284,98.30,323.00,1,1,0
13210,3.284,98.20,323.00,1,1,0
13212,3.284,99.20,324.00,1,1,0
13225,3.284,98.40,316.00,1,1,0
13227,3.284,97.20,319.00,1,1,0
13230,3.284,98.40,323.00,1,1,0
13232,3.284,99.40,321.00,1,1,0
13235,3.284,98.20,323.00,1,1,0
13237,3.284,98.90,324.00,1,1,0
13239,3.284,98.70,324.00,1,1,0
13242,3.284,98.30,323.00,1,1,0
13244,3.284,98.10,323.00,1,1,0
13247,3.284,98.10,328.00,1,1,0
13249,3.284,98.50,310.00,1,0,1
13252,3.280,98.80,324.00,1,0,1
13254,3.284,98.60,324.00,1,1,0
13257,3.284,103.10,433.00,1,1,0
13269,3.284,98.70,324.00,1,1,0
13272,3.284,98.80,324.00,1,1,0
13274,3.284,98.30,323.00,1,1,0
13277,3.284,99.00,323.00,1,1,0
13279,3.284,98.30,323.00,1,1,0
13282,3.284,98.80,324.00,1,1,0
13284,3.284,98.40,324.00,1,1,0
13287,3.280,98.50,323.00,1,1,0
13289,3.284,98.90,324.00,1,1,0
13292,3.284,99.70,328.00,1,1,0
13294,3.284,90.10,297.00,1,1,0
13297,3.284,99.20,326.00,1,1,0
13299,3.284,99.10,328.00,1,1,0
13302,3.284,98.90,324.00,1,1,0
13314,3.284,99.60,328.00,1,1,0
13317,3.284,95.10,311.00,1,1,0
13319,3.284,101.40,333.00,1,1,0
13322,3.284,99.10,331.00,1,1,0
13324,3.284,98.10,323.00,1,1,0
13327,3.284,98.50,323.00,1,1,0
13329,3.284,98.50,324.00,1,1,0
13332,3.284,98.90,324.00,1,1,0
13334,3.284,99.20,326.00,1,1,0
13336,3.284,99.20,324.00,1,1,0
13339,3.284,99.00,324.00,1,1,0
13341,3.284,98.30,323.00,1,1,0
13344,3.284,98.60,321.00,1,1,0
13346,3.284,99.50,326.00,1,1,0
13359,3.284,98.60,323.00,1,1,0
13362,3.284,99.90,328.00,1,0,1
13364,3.284,98.90,324.00,1,0,1
13366,3.284,98.70,346.00,1,1,0
13369,3.260,98.70,324.00,1,1,0
13371,3.284,98.40,323.00,1,1,0
13374,3.284,100.60,323.00,1,1,0
13376,3.284,98.30,323.00,1,1,0
13379,3.284,97.30,319.00,1,1,0
13381,3.284,98.70,324.00,1,1,0
13384,3.284,99.10,326.00,1,1,0
13386,3.284,99.00,326.00,1,1,0
13389,3.284,98.50,324.00,1,1,0
13391,3.284,98.70,324.00,1,1,0
13404,3.284,99.40,323.00,1,1,0
13406,3.284,98.30,323.00,1,1,0
13409,3.284,99.10,326.00,1,1,0
13411,3.288,101.80,324.00,1,1,0
13414,3.284,95.50,313.00,1,1,0
13416,3.284,99.30,326.00,1,0,1
13419,3.284,99.50,323.00,1,0,1
13421,3.284,98.70,324.00,1,1,0
13424,3.288,102.60,336.00,1,1,0
13426,3.280,98.40,326.00,1,1,0
13429,3.284,101.00,331.00,1,1,0
13431,3.284,98.70,324.00,1,1,0
13434,3.284,100.40,329.00,1,1,0
13446,3.284,98.60,323.00,1,1,0
13449,3.284,98.60,324.00,1,1,0
13451,3.284,98.60,324.00,1,1,0
13454,3.280,98.70,308.00,1,1,0
13456,3.280,98.40,323.00,1,1,0
13459,3.284,98.50,323.00,1,1,0
13461,3.284,99.30,326.00,1,1,0
13463,3.284,98.50,323.00,1,1,0
13466,3.284,98.80,324.00,1,1,0
13468,3.284,98.70,324.00,1,1,0
13471,3.284,98.30,323.00,1,0,1
13473,3.272,98.20,323.00,1,0,1
13476,3.280,126.20,415.00,1,1,0
13478,3.268,109.70,308.00,1,1,0
13491,3.276,98.20,316.00,1,1,0
13493,3.284,98.40,323.00,1,1,0
13496,3.288,99.90,328.00,1,1,0
13498,3.284,93.40,297.00,1,1,0
13501,3.284,98.70,324.00,1,1,0
13503,3.284,99.20,326.00,1,1,0
13506,3.284,98.10,323.00,1,1,0
13508,3.284,99.30,326.00,1,1,0
13511,3.284,98.80,324.00,1,1,0
13513,3.284,99.00,324.00,1,1,0
13516,3.284,98.40,323.00,1,1,0
13518,3.284,98.70,324.00,1,1,0
13521,3.284,99.10,326.00,1,1,0
13523,3.284,98.60,323.00,1,1,0
13536,3.284,99.70,326.00,1,1,0
13538,3.284,99.80,326.00,1,1,0
13541,3.284,99.40,326.00,1,1,0
13543,3.284,99.40,326.00,1,1,0
13546,3.284,99.10,324.00,1,1,0
13548,3.280,104.40,342.00,1,1,0
13551,3.288,99.60,308.00,1,1,0
13553,3.284,98.40,323.00,1,1,0
13556,3.284,96.40,316.00,1,1,0
13558,3.280,112.30,323.00,1,1,0
13561,3.284,98.80,324.00,1,1,0
13563,3.284,98.80,324.00,1,1,0
13565,3.284,98.80,323.00,1,1,0
13568,3.284,98.50,318.00,1,1,0
13581,3.284,98.60,324.00,1,1,0
13583,3.284,98.50,323.00,1,0,1
13586,3.284,98.50,323.00,1,0,1
13588,3.284,98.50,321.00,1,1,0
13590,3.268,96.50,316.00,1,1,0
13593,3.284,98.80,324.00,1,1,0
13595,3.284,99.10,326.00,1,1,0
13598,3.284,99.80,328.00,1,1,0
13600,3.284,93.70,308.00,1,1,0
13603,3.284,90.30,306.00,1,1,0
13605,3.284,92.50,303.00,1,1,0
13608,3.284,92.50,303.00,1,1,0
13610,3.284,99.20,323.00,1,1,0
13613,3.284,96.80,318.00,1,1,0
13625,3.284,98.80,324.00,1,1,0
13628,3.284,104.30,342.00,1,1,0
13630,3.284,99.30,326.00,1,1,0
13633,3.284,98.30,323.00,1,1,0
13635,3.284,98.40,323.00,1,1,0
13638,3.284,99.30,326.00,1,0,1
13640,3.272,98.30,360.00,1,0,1
13643,3.272,93.20,306.00,1,1,0
13645,3.268,95.80,313.00,1,1,0
13648,3.284,96.30,323.00,1,1,0
13650,3.284,98.70,324.00,1,1,0
13653,3.284,98.70,324.00,1,1,0
13655,3.288,98.40,326.00,1,1,0
13658,3.284,101.10,333.00,1,1,0
13670,3.284,96.30,318.00,1,1,0
13673,3.284,96.00,315.00,1,1,0
13675,3.284,94.20,310.00,1,1,0
13678,3.284,92.40,306.00,1,1,0
13680,3.284,98.60,324.00,1,1,0
13683,3.284,97.70,321.00,1,1,0
13685,3.280,92.20,310.00,1,1,0
13687,3.280,94.90,311.00,1,1,0
13690,3.284,98.70,324.00,1,1,0
13692,3.284,98.80,323.00,1,0,1
13695,3.284,98.80,324.00,1,0,1
13697,3.284,127.70,419.00,1,1,0
13700,3.280,102.30,341.00,1,1,0
13702,3.284,97.70,321.00,1,1,0
13715,3.284,98.10,323.00,1,1,0
13717,3.284,98.60,324.00,1,1,0
13720,3.284,98.30,323.00,1,1,0
13722,3.284,98.80,324.00,1,1,0
13725,3.284,99.10,326.00,1,1,0
13727,3.284,98.30,323.00,1,1,0
13730,3.284,99.00,323.00,1,1,0
13732,3.284,98.20,323.00,1,1,0
13735,3.284,98.30,323.00,1,1,0
13737,3.284,97.40,303.00,1,1,0
13740,3.284,92.40,303.00,1,1,0
13742,3.280,96.90,318.00,1,1,0
13745,3.284,98.90,323.00,1,1,0
13747,3.284,96.50,316.00,1,1,0
13760,3.284,98.80,324.00,1,1,0
13762,3.280,98.30,323.00,1,1,0
13765,3.284,98.40,324.00,1,1,0
13767,3.284,100.80,331.00,1,1,0
13770,3.288,98.50,323.00,1,1,0
13772,3.284,98.30,323.00,1,1,0
13775,3.284,99.40,323.00,1,1,0
13777,3.284,98.70,324.00,1,1,0
13780,3.284,98.90,324.00,1,1,0
13782,3.284,99.90,334.00,1,1,0
13784,3.284,99.00,324.00,1,1,0
13787,3.284,97.20,319.00,1,1,0
13789,3.284,102.40,329.00,1,1,0
13792,3.284,98.70,324.00,1,1,0
13805,3.284,104.90,344.00,1,0,1
13807,3.284,91.30,300.00,1,0,1
13809,3.284,98.70,369.00,1,1,0
13812,3.276,116.60,382.00,1,1,0
13814,3.280,99.90,328.00,1,1,0
13817,3.284,98.80,326.00,1,1,0
13819,3.288,98.80,324.00,1,1,0
13822,3.284,98.60,324.00,1,1,0
13824,3.284,98.70,324.00,1,1,0
13827,3.288,99.20,326.00,1,1,0
13829,3.284,98.60,324.00,1,1,0
13832,3.284,98.90,324.00,1,1,0
13834,3.288,98.00,341.00,1,1,0
13837,3.284,98.60,324.00,1,1,0
13849,3.284,103.80,341.00,1,1,0
13852,3.284,99.50,326.00,1,1,0
13854,3.284,98.50,323.00,1,1,0
13857,3.284,98.70,324.00,1,1,0
13859,3.284,98.60,324.00,1,0,1
13862,3.284,98.40,328.00,1,0,1
13864,3.280,93.70,305.00,1,1,0
13867,3.284,96.80,318.00,1,1,0
13869,3.284,97.60,333.00,1,1,0
13872,3.284,98.20,323.00,1,1,0
13874,3.284,98.30,323.00,1,1,0
13877,3.284,97.10,321.00,1,1,0
13879,3.284,98.70,323.00,1,1,0
13881,3.284,98.50,323.00,1,1,0
13894,3.284,99.00,324.00,1,1,0
13897,3.284,98.60,324.00,1,1,0
13899,3.284,96.60,326.00,1,1,0
13902,3.284,98.10,323.00,1,1,0
13904,3.284,99.10,326.00,1,1,0
13907,3.284,99.80,326.00,1,1,0
13909,3.284,90.20,297.00,1,1,0
13911,3.284,102.30,336.00,1,1,0
13914,3.284,98.90,323.00,1,0,1
13916,3.276,128.10,419.00,1,0,1
13919,3.284,98.60,324.00,1,1,0
13921,3.288,114.50,329.00,1,1,0
13924,3.284,93.80,308.00,1,1,0
13926,3.280,97.90,321.00,1,1,0
13939,3.284,101.40,333.00,1,1,0
13941,3.284,99.00,324.00,1,1,0
13944,3.284,97.20,323.00,1,1,0
13946,3.284,98.10,323.00,1,1,0
13949,3.284,98.80,324.00,1,1,0
13951,3.284,99.70,324.00,1,1,0
13954,3.284,98.70,324.00,1,1,0
13956,3.284,98.00,321.00,1,1,0
13959,3.284,99.10,323.00,1,1,0
13961,3.284,98.80,324.00,1,1,0
13964,3.284,98.20,323.00,1,1,0
13966,3.284,94.30,318.00,1,1,0
13969,3.284,98.50,323.00,1,1,0
13971,3.284,106.10,349.00,1,0,1
13984,3.284,98.60,324.00,1,1,0
13986,3.284,98.70,324.00,1,1,0
13989,3.284,96.70,323.00,1,1,0
13991,3.284,92.30,303.00,1,1,0
13994,3.284,98.30,323.00,1,1,0
13996,3.284,98.20,323.00,1,1,0
13999,3.284,98.70,324.00,1,1,0
14001,3.284,98.40,323.00,1,1,0
14004,3.284,98.60,324.00,1,1,0
14006,3.284,98.50,323.00,1,1,0
14008,3.284,99.70,328.00,1,1,0
14011,3.284,90.10,297.00,1,1,0
14013,3.284,98.10,323.00,1,1,0
14016,3.284,99.00,324.00,1,1,0
14029,3.284,101.80,334.00,1,0,1
14031,3.284,100.20,328.00,1,1,0
14033,3.276,123.60,308.00,1,1,0
14036,3.280,98.90,324.00,1,1,0
14038,3.284,98.40,323.00,1,1,0
14041,3.288,98.10,339.00,1,1,0
14043,3.284,98.20,323.00,1,1,0
14046,3.284,98.30,323.00,1,1,0
14048,3.284,99.50,324.00,1,1,0
14051,3.284,101.60,334.00,1,1,0
14053,3.284,99.60,328.00,1,1,0
14056,3.288,98.80,324.00,1,1,0
14058,3.284,101.40,333.00,1,1,0
14071,3.284,98.80,324.00,1,1,0
14073,3.284,98.70,324.00,1,1,0
14076,3.284,98.40,316.00,1,1,0
14078,3.284,98.30,323.00,1,1,0
14081,3.284,98.70,324.00,1,0,1
14083,3.284,98.90,326.00,1,0,1
14086,3.284,99.50,326.00,1,1,0
14088,3.284,93.90,308.00,1,1,0
14091,3.284,100.60,331.00,1,1,0
14093,3.288,101.10,329.00,1,1,0
14096,3.284,98.40,323.00,1,1,0
14098,3.284,98.60,324.00,1,1,0
14101,3.284,99.80,324.00,1,1,0
14103,3.284,99.40,326.00,1,1,0
14116,3.284,98.90,324.00,1,1,0
14118,3.284,96.80,318.00,1,1,0
14121,3.284,99.10,323.00,1,1,0
14123,3.284,99.00,324.00,1,1,0
14126,3.284,98.70,324.00,1,1,0
14128,3.284,98.20,323.00,1,1,0
14131,3.284,98.80,324.00,1,1,0
14133,3.284,99.50,326.00,1,1,0
14135,3.284,99.00,324.00,1,0,1
14138,3.280,99.10,324.00,1,0,1
14140,3.280,106.60,349.00,1,1,0
14143,3.268,124.30,408.00,1,1,0
14145,3.284,101.90,328.00,1,1,0
14158,3.288,98.40,324.00,1,1,0
14160,3.284,100.30,329.00,1,1,0
14163,3.284,98.60,324.00,1,1,0
14165,3.284,99.00,328.00,1,1,0
14168,3.284,99.00,324.00,1,1,0
14170,3.284,98.50,323.00,1,1,0
14173,3.284,96.50,323.00,1,1,0
14175,3.284,98.30,323.00,1,1,0
14178,3.288,98.60,324.00,1,1,0
14180,3.284,98.40,323.00,1,1,0
14183,3.284,99.40,326.00,1,1,0
14185,3.284,98.70,324.00,1,1,0
14188,3.284,98.60,324.00,1,1,0
14190,3.284,98.30,321.00,1,0,1
14203,3.284,98.60,323.00,1,1,0
14205,3.284,98.40,323.00,1,1,0
14208,3.284,98.20,323.00,1,1,0
14210,3.284,99.10,324.00,1,1,0
14213,3.284,99.80,328.00,1,1,0
14215,3.284,90.40,297.00,1,1,0
14218,3.284,92.40,324.00,1,1,0
14220,3.284,99.40,326.00,1,1,0
14223,3.284,98.20,323.00,1,1,0
14225,3.284,99.00,326.00,1,1,0
14227,3.284,98.90,324.00,1,1,0
14230,3.284,99.20,326.00,1,1,0
14232,3.284,99.00,324.00,1,1,0
14235,3.284,99.10,326.00,1,1,0
14248,3.284,106.00,324.00,1,0,1
14250,3.280,98.90,324.00,1,0,1
14252,3.280,115.00,378.00,1,1,0
14255,3.268,93.70,329.00,1,1,0
14257,3.276,98.70,324.00,1,1,0
14260,3.284,99.50,326.00,1,1,0
14262,3.284,98.50,328.00,1,1,0
14265,3.284,101.90,334.00,1,1,0
14267,3.288,100.30,329.00,1,1,0
14270,3.272,100.30,326.00,1,1,0
14272,3.284,95.00,311.00,1,1,0
14275,3.284,98.40,323.00,1,1,0
14277,3.284,99.10,329.00,1,1,0
14290,3.284,98.70,324.00,1,1,0
14292,3.284,98.50,323.00,1,1,0
14295,3.284,100.60,331.00,1,1,0
14297,3.288,99.90,328.00,1,1,0
14300,3.284,101.50,323.00,1,1,0
14302,3.284,98.80,324.00,1,0,1
14305,3.284,98.30,321.00,1,0,1
14307,3.284,96.90,334.00,1,1,0
14310,3.284,99.60,326.00,1,1,0
14312,3.284,98.70,324.00,1,1,0
14315,3.288,101.30,328.00,1,1,0
14317,3.288,91.20,300.00,1,1,0
14320,3.284,90.00,295.00,1,1,0
14322,3.284,98.40,334.00,1,1,0
14335,3.288,98.40,324.00,1,1,0
14337,3.284,99.20,326.00,1,1,0
14340,3.288,99.10,326.00,1,1,0
14342,3.284,98.90,326.00,1,1,0
14345,3.284,98.90,324.00,1,1,0
14347,3.284,99.40,326.00,1,1,0
14350,3.284,98.30,323.00,1,1,0
14352,3.284,98.30,323.00,1,1,0
14354,3.284,98.50,323.00,1,1,0
14357,3.284,100.60,329.00,1,0,1
14359,3.284,105.20,428.00,1,0,1
14362,3.284,99.20,326.00,1,0,1
14364,3.284,95.80,315.00,1,0,1
14367,3.308,62.20,216.00,1,1,0
14379,3.284,98.80,328.00,1,1,0
14382,3.284,98.60,324.00,1,1,0
14384,3.284,98.40,323.00,1,1,0
14387,3.284,98.10,323.00,1,1,0
14389,3.284,101.00,331.00,1,1,0
14392,3.284,98.90,324.00,1,1,0
14394,3.280,98.70,323.00,1,1,0
14397,3.280,100.60,323.00,1,1,0
14399,3.284,98.40,323.00,1,1,0
14402,3.284,98.60,324.00,1,1,0
14404,3.284,98.30,324.00,1,1,0
14407,3.284,98.90,324.00,1,1,0
14409,3.284,98.90,324.00,1,1,0
14412,3.284,100.80,324.00,1,1,0
14424,3.256,97.50,329.00,1,1,0
14427,3.284,97.80,321.00,1,1,0
14429,3.284,92.30,303.00,1,1,0
14432,3.284,92.30,323.00,1,1,0
14434,3.284,95.00,311.00,1,1,0
14437,3.284,92.70,305.00,1,1,0
14439,3.284,96.00,305.00,1,1,0
14442,3.284,92.30,303.00,1,1,0
14444,3.284,98.30,323.00,1,1,0
14447,3.284,96.90,303.00,1,1,0
14449,3.284,102.70,336.00,1,1,0
14451,3.268,98.50,324.00,1,1,0
14454,3.284,98.70,324.00,1,1,0
14456,3.284,99.30,324.00,1,1,0
14473,3.284,98.40,321.00,1,0,1
14476,3.280,95.70,315.00,1,0,1
14478,3.280,67.80,224.00,1,1,0
14481,3.284,93.80,324.00,1,1,0
14483,3.288,98.50,323.00,1,1,0
14486,3.284,99.80,328.00,1,1,0
14488,3.284,98.40,323.00,1,1,0
14491,3.284,98.70,334.00,1,1,0
14493,3.284,98.40,323.00,1,1,0
14495,3.284,98.40,323.00,1,1,0
14498,3.284,99.10,318.00,1,1,0
14500,3.284,98.70,324.00,1,1,0
14503,3.284,99.00,324.00,1,1,0
14505,3.284,99.00,324.00,1,1,0
14518,3.284,102.60,324.00,1,1,0
14520,3.284,99.80,328.00,1,1,0
14523,3.284,90.30,297.00,1,1,0
14525,3.284,98.40,323.00,1,1,0
14528,3.284,99.30,326.00,1,0,1
14530,3.284,98.20,323.00,1,0,1
14533,3.284,98.40,324.00,1,1,0
14535,3.280,122.90,403.00,1,1,0
14538,3.284,93.90,308.00,1,1,0
14540,3.284,98.20,323.00,1,1,0
14543,3.284,97.00,328.00,1,1,0
14545,3.284,98.30,323.00,1,1,0
14548,3.284,98.40,323.00,1,1,0
14550,3.284,100.30,323.00,1,1,0
14563,3.284,98.50,324.00,1,1,0
14565,3.284,98.90,324.00,1,1,0
14568,3.284,99.90,328.00,1,1,0
14570,3.284,100.20,323.00,1,1,0
14573,3.284,99.20,326.00,1,1,0
14575,3.284,96.50,316.00,1,1,0
14578,3.284,98.20,324.00,1,1,0
14580,3.284,93.80,308.00,1,1,0
14583,3.284,98.50,323.00,1,1,0
14585,3.284,100.20,324.00,1,0,1
14588,3.284,99.20,323.00,1,0,1
14590,3.260,106.80,349.00,1,1,0
14592,3.280,98.40,323.00,1,1,0
14595,3.284,98.60,323.00,1,1,0
14608,3.284,98.50,324.00,1,1,0
14610,3.284,98.20,323.00,1,1,0
14613,3.288,100.00,328.00,1,1,0
14615,3.284,98.30,316.00,1,1,0
14617,3.284,98.80,324.00,1,1,0
14620,3.284,97.40,319.00,1,1,0
14622,3.284,99.90,328.00,1,1,0
14625,3.288,90.10,297.00,1,1,0
14627,3.284,99.20,326.00,1,1,0
14630,3.284,99.30,324.00,1,1,0
14632,3.284,99.60,328.00,1,1,0
14635,3.284,99.20,326.00,1,1,0
14637,3.284,99.70,336.00,1,1,0
14640,3.288,106.20,349.00,1,0,1
14652,3.284,99.50,326.00,1,1,0
14655,3.284,98.20,323.00,1,1,0
14657,3.284,98.40,323.00,1,1,0
14660,3.284,98.20,324.00,1,1,0
14662,3.284,98.30,323.00,1,1,0
14665,3.280,101.30,333.00,1,1,0
14667,3.284,99.10,324.00,1,1,0
14670,3.284,104.00,341.00,1,1,0
14672,3.284,98.60,324.00,1,1,0
14675,3.280,98.70,324.00,1,1,0
14677,3.284,99.40,326.00,1,1,0
14680,3.288,98.60,324.00,1,1,0
14682,3.284,99.80,316.00,1,1,0
14685,3.284,112.80,370.00,1,1,0
14697,3.272,98.50,323.00,1,0,1
14700,3.284,108.20,356.00,1,1,0
14702,3.272,115.50,378.00,1,1,0
14705,3.284,120.00,308.00,1,1,0
14707,3.284,98.80,324.00,1,1,0
14710,3.284,99.30,326.00,1,1,0
14712,3.284,101.40,334.00,1,1,0
14714,3.284,102.80,338.00,1,1,0
14717,3.284,100.60,331.00,1,1,0
14719,3.284,99.80,329.00,1,1,0
14722,3.284,98.40,323.00,1,1,0
14724,3.284,99.80,328.00,1,1,0
14727,3.284,98.90,295.00,1,1,0
14740,3.288,101.70,324.00,1,1,0
14742,3.284,99.40,326.00,1,1,0
14744,3.284,99.50,326.00,1,1,0
14747,3.284,98.20,323.00,1,1,0
14749,3.284,99.20,324.00,1,1,0
14752,3.284,106.80,351.00,1,0,1
14754,3.284,99.20,326.00,1,0,1
14757,3.284,129.60,433.00,1,1,0
14759,3.280,97.80,321.00,1,1,0
14762,3.280,99.80,328.00,1,1,0
14764,3.284,98.60,323.00,1,1,0
14767,3.284,100.10,329.00,1,1,0
14769,3.284,99.20,326.00,1,1,0
14782,3.284,98.40,323.00,1,1,0
14784,3.284,100.80,308.00,1,1,0
14787,3.284,98.70,324.00,1,1,0
14789,3.284,98.90,324.00,1,1,0
14792,3.284,100.90,324.00,1,1,0
14794,3.284,98.40,323.00,1,1,0
14797,3.284,98.50,323.00,1,1,0
14799,3.276,98.60,324.00,1,1,0
14802,3.284,98.40,323.00,1,1,0
14804,3.284,99.40,326.00,1,1,0
14807,3.284,98.80,328.00,1,0,1
14809,3.284,99.40,329.00,1,0,1
14812,3.284,98.40,321.00,1,1,0
14814,3.284,102.00,334.00,1,1,0
14827,3.284,99.60,328.00,1,1,0
14829,3.284,99.30,297.00,1,1,0
14832,3.284,97.30,319.00,1,1,0
14834,3.284,99.30,326.00,1,1,0
14837,3.284,99.40,324.00,1,1,0
14839,3.284,99.30,326.00,1,1,0
14842,3.284,99.00,324.00,1,1,0
14844,3.284,98.20,324.00,1,1,0
14846,3.284,98.80,324.00,1,1,0
14849,3.284,98.70,324.00,1,1,0
14851,3.284,99.20,326.00,1,1,0
14854,3.284,92.30,303.00,1,1,0
14856,3.284,95.40,313.00,1,1,0
14859,3.284,96.40,316.00,1,1,0
14871,3.284,98.80,324.00,1,1,0
14874,3.284,92.30,315.00,1,1,0
14876,3.280,94.30,310.00,1,1,0
14879,3.284,93.10,306.00,1,1,0
14881,3.284,93.10,300.00,1,1,0
14884,3.284,98.70,324.00,1,1,0
14886,3.284,99.80,328.00,1,1,0
14889,3.284,94.10,323.00,1,1,0
14891,3.284,101.50,334.00,1,1,0
14894,3.284,98.90,324.00,1,1,0
14896,3.284,98.30,323.00,1,1,0
14899,3.284,98.30,323.00,1,1,0
14901,3.284,98.60,324.00,1,1,0
14904,3.284,98.50,324.00,1,1,0
14916,3.284,99.20,326.00,1,0,1
14919,3.284,99.80,329.00,1,0,1
14921,3.284,99.00,324.00,1,1,0
14924,3.284,95.80,315.00,1,1,0
14926,3.284,98.10,324.00,1,1,0
14929,3.284,99.30,326.00,1,1,0
14931,3.284,99.60,328.00,1,1,0
14934,3.284,90.40,315.00,1,1,0
14936,3.284,98.90,324.00,1,1,0
14939,3.284,99.20,326.00,1,1,0
14941,3.284,98.40,323.00,1,1,0
14943,3.284,98.50,323.00,1,1,0
14946,3.284,99.20,326.00,1,1,0
14948,3.284,98.50,324.00,1,1,0
14961,3.284,99.10,326.00,1,1,0
14964,3.284,98.80,323.00,1,1,0
14966,3.284,98.60,324.00,1,1,0
14968,3.284,97.50,319.00,1,1,0
14971,3.288,98.40,323.00,1,0,1
14973,3.272,109.10,357.00,1,0,1
14976,3.288,98.70,324.00,1,1,0
14978,3.256,98.30,333.00,1,1,0
14981,3.284,100.80,331.00,1,1,0
14983,3.288,99.90,328.00,1,1,0
14986,3.284,98.60,324.00,1,1,0
14988,3.284,98.10,321.00,1,1,0
14991,3.284,93.50,306.00,1,1,0
14993,3.284,96.60,324.00,1,1,0
15006,3.284,98.20,323.00,1,1,0
15008,3.284,98.50,323.00,1,1,0
15011,3.284,98.60,324.00,1,1,0
15013,3.284,99.00,326.00,1,1,0
15016,3.284,98.70,323.00,1,1,0
15018,3.284,98.40,323.00,1,1,0
15021,3.284,98.80,324.00,1,1,0
15023,3.284,98.20,334.00,1,1,0
15026,3.276,99.00,326.00,1,0,1
15028,3.280,98.50,323.00,1,0,1
15031,3.284,99.40,326.00,1,1,0
15033,3.288,99.80,326.00,1,1,0
15036,3.284,90.40,297.00,1,1,0
15038,3.284,93.70,321.00,1,1,0
15051,3.284,98.60,323.00,1,1,0
15053,3.284,98.30,323.00,1,1,0
15056,3.284,99.00,324.00,1,1,0
15058,3.284,98.60,323.00,1,1,0
15061,3.284,102.50,334.00,1,1,0
15063,3.268,98.50,323.00,1,1,0
15065,3.284,98.70,324.00,1,1,0
15068,3.284,98.40,324.00,1,1,0
15070,3.284,98.30,323.00,1,1,0
15073,3.284,99.10,326.00,1,1,0
15075,3.284,98.50,324.00,1,1,0
15078,3.284,100.40,329.00,1,1,0
15080,3.272,98.90,324.00,1,0,1
15083,3.280,105.30,324.00,1,0,1
15095,3.284,96.20,303.00,1,1,0
15098,3.284,92.30,303.00,1,1,0
15100,3.280,94.30,310.00,1,1,0
15103,3.284,92.40,316.00,1,1,0
15105,3.284,96.00,315.00,1,1,0
15108,3.284,98.60,324.00,1,1,0
15110,3.284,98.70,326.00,1,1,0
15113,3.284,99.10,326.00,1,1,0
15115,3.284,101.60,334.00,1,1,0
15118,3.284,101.90,334.00,1,1,0
15120,3.284,98.30,323.00,1,1,0
15123,3.284,98.30,323.00,1,1,0
15125,3.284,98.90,324.00,1,1,0
15128,3.284,98.70,324.00,1,1,0
15140,3.280,128.00,324.00,1,1,0
15143,3.288,98.90,324.00,1,1,0
15145,3.280,97.80,321.00,1,1,0
15148,3.284,98.80,323.00,1,1,0
15150,3.284,99.10,326.00,1,1,0
15153,3.284,98.70,324.00,1,1,0
15155,3.284,98.30,324.00,1,1,0
15158,3.284,99.10,326.00,1,1,0
15160,3.284,98.60,324.00,1,1,0
15162,3.284,98.70,324.00,1,1,0
15165,3.284,98.40,326.00,1,1,0
15167,3.288,98.30,323.00,1,1,0
15170,3.284,98.10,323.00,1,1,0
15172,3.284,98.40,324.00,1,1,0
15185,3.284,99.80,328.00,1,1,0
15187,3.284,98.90,324.00,1,1,0
15190,3.284,98.40,323.00,1,1,0
15192,3.284,105.80,331.00,1,0,1
15195,3.280,97.60,319.00,1,0,1
15197,3.280,132.60,434.00,1,1,0
15200,3.280,98.50,324.00,1,1,0
15202,3.284,98.30,323.00,1,1,0
15205,3.284,98.50,323.00,1,1,0
15207,3.284,98.50,323.00,1,1,0
15210,3.284,98.70,324.00,1,1,0
15212,3.284,98.90,324.00,1,1,0
15215,3.284,98.60,323.00,1,1,0
15217,3.284,98.60,324.00,1,1,0
15230,3.288,101.90,334.00,1,1,0
15232,3.288,98.40,323.00,1,1,0
15235,3.284,98.90,324.00,1,1,0
15237,3.284,96.80,328.00,1,1,0
15240,3.284,90.20,297.00,1,1,0
15242,3.284,98.50,323.00,1,1,0
15245,3.284,99.80,324.00,1,1,0
15247,3.284,99.50,326.00,1,0,1
15250,3.260,98.30,323.00,1,0,1
15252,3.284,98.90,351.00,1,1,0
15255,3.260,93.80,308.00,1,1,0
15257,3.284,99.20,326.00,1,1,0
15259,3.280,98.30,326.00,1,1,0
15262,3.284,99.00,324.00,1,1,0
15275,3.284,98.50,323.00,1,1,0
15277,3.284,98.90,324.00,1,1,0
15280,3.284,98.50,323.00,1,1,0
15282,3.284,99.50,323.00,1,1,0
15284,3.284,99.10,324.00,1,1,0
15287,3.284,98.50,323.00,1,1,0
15289,3.284,99.10,326.00,1,1,0
15292,3.284,99.20,326.00,1,1,0
15294,3.284,98.40,323.00,1,1,0
15297,3.280,98.50,308.00,1,1,0
15299,3.280,98.30,323.00,1,1,0
15302,3.284,98.80,324.00,1,0,1
15304,3.280,99.30,323.00,1,0,1
15307,3.260,98.70,324.00,1,1,0
15319,3.288,98.90,324.00,1,1,0
15322,3.284,98.90,324.00,1,1,0
15324,3.284,98.70,324.00,1,1,0
15327,3.284,98.30,323.00,1,1,0
15329,3.284,98.40,323.00,1,1,0
15332,3.280,98.30,323.00,1,1,0
15334,3.284,96.50,328.00,1,1,0
15337,3.288,98.40,323.00,1,1,0
15339,3.284,100.10,329.00,1,1,0
15342,3.284,94.00,295.00,1,1,0
15344,3.284,98.70,324.00,1,1,0
15347,3.288,101.80,334.00,1,1,0
15349,3.284,98.50,303.00,1,1,0
15352,3.284,99.00,324.00,1,1,0
15364,3.272,95.20,313.00,1,1,0
15367,3.284,98.50,323.00,1,1,0
15369,3.272,99.50,324.00,1,1,0
15372,3.284,99.30,323.00,1,1,0
15374,3.284,102.10,336.00,1,1,0
15377,3.280,99.00,324.00,1,1,0
15379,3.284,98.50,323.00,1,1,0
15381,3.284,99.20,326.00,1,1,0
15384,3.284,99.50,326.00,1,1,0
15386,3.284,99.20,326.00,1,1,0
15389,3.284,100.00,328.00,1,1,0
15391,3.284,99.10,326.00,1,1,0
15394,3.284,98.80,306.00,1,1,0
15396,3.284,98.00,321.00,1,1,0
15409,3.284,98.30,323.00,1,1,0
15411,3.284,98.50,323.00,1,0,1
15414,3.276,98.80,329.00,1,0,1
15416,3.284,98.70,324.00,1,1,0
15419,3.252,95.80,315.00,1,1,0
15421,3.284,100.20,324.00,1,1,0
15424,3.284,98.50,324.00,1,1,0
15426,3.284,98.10,323.00,1,1,0
15429,3.284,98.20,323.00,1,1,0
15431,3.284,98.10,324.00,1,1,0
15434,3.284,98.60,324.00,1,1,0
15436,3.284,99.10,326.00,1,1,0
15439,3.284,98.40,323.00,1,1,0
15441,3.284,99.70,328.00,1,1,0
15454,3.284,95.40,313.00,1,1,0
15456,3.284,98.80,324.00,1,1,0
15459,3.284,98.90,326.00,1,1,0
15461,3.284,98.60,324.00,1,1,0
15464,3.288,101.80,334.00,1,1,0
15466,3.284,99.90,324.00,1,0,1
15469,3.284,98.80,324.00,1,0,1
15471,3.284,99.50,326.00,1,0,1
15474,3.284,113.80,324.00,1,1,0
15476,3.284,97.70,321.00,1,1,0
15478,3.284,98.50,323.00,1,1,0
15481,3.284,98.40,323.00,1,1,0
15483,3.284,98.30,336.00,1,1,0
15486,3.284,98.20,323.00,1,1,0
15499,3.288,98.70,324.00,1,1,0
15501,3.284,100.50,329.00,1,1,0
15504,3.280,93.90,324.00,1,1,0
15506,3.284,96.40,316.00,1,1,0
15508,3.284,94.80,311.00,1,1,0
15511,3.284,96.40,326.00,1,1,0
15513,3.284,102.00,334.00,1,1,0
15516,3.284,99.20,326.00,1,1,0
15518,3.284,99.30,324.00,1,1,0
15521,3.284,98.90,324.00,1,1,0
15523,3.280,105.00,344.00,1,0,1
15526,3.284,98.40,433.00,1,0,1
15528,3.284,108.70,357.00,1,1,0
15541,3.284,100.30,321.00,1,1,0
15543,3.284,99.60,328.00,1,1,0
15546,3.284,99.00,324.00,1,1,0
15548,3.284,90.20,326.00,1,1,0
15551,3.284,99.50,326.00,1,1,0
15553,3.284,96.30,316.00,1,1,0
15556,3.284,98.90,324.00,1,1,0
15558,3.284,98.40,323.00,1,1,0
15561,3.288,98.80,324.00,1,1,0
15563,3.284,99.10,324.00,1,1,0
15566,3.284,99.10,326.00,1,1,0
15568,3.284,99.10,326.00,1,1,0
15571,3.284,92.40,321.00,1,1,0
15573,3.284,97.10,319.00,1,1,0
15586,3.276,102.20,336.00,1,1,0
15588,3.288,98.50,323.00,1,1,0
15591,3.284,99.20,326.00,1,1,0
15593,3.288,99.40,316.00,1,1,0
15596,3.284,98.80,324.00,1,1,0
15598,3.288,98.90,324.00,1,1,0
15601,3.288,98.50,324.00,1,1,0
15603,3.284,101.10,333.00,1,1,0
15605,3.280,95.00,311.00,1,1,0
15608,3.284,98.80,323.00,1,1,0
15610,3.284,100.30,329.00,1,1,0
15613,3.284,98.70,324.00,1,1,0
15615,3.288,98.80,326.00,1,1,0
15618,3.284,98.50,323.00,1,1,0
15631,3.284,98.70,324.00,1,1,0
15633,3.284,107.50,352.00,1,0,1
15635,3.264,100.50,329.00,1,0,1
15638,3.284,98.30,341.00,1,1,0
15640,3.260,93.80,308.00,1,1,0
15643,3.284,98.70,324.00,1,1,0
15645,3.284,98.50,328.00,1,1,0
15648,3.288,99.70,328.00,1,1,0
15650,3.284,90.30,297.00,1,1,0
15653,3.284,98.30,324.00,1,1,0
15655,3.284,98.90,324.00,1,1,0
15658,3.284,98.20,323.00,1,1,0
15660,3.284,98.60,324.00,1,1,0
15663,3.284,99.10,326.00,1,1,0
15675,3.284,99.20,326.00,1,1,0
15678,3.288,102.00,336.00,1,1,0
15680,3.284,98.40,323.00,1,1,0
15683,3.284,98.50,323.00,1,1,0
15685,3.284,98.20,323.00,1,1,0
15688,3.284,98.30,323.00,1,0,1
15690,3.272,101.60,323.00,1,0,1
15693,3.264,98.70,324.00,1,1,0
15695,3.256,98.40,323.00,1,1,0
15698,3.284,98.40,324.00,1,1,0
15700,3.284,98.50,323.00,1,1,0
15703,3.284,98.90,324.00,1,1,0
15705,3.284,98.60,331.00,1,1,0
15707,3.284,93.40,306.00,1,1,0
15720,3.284,98.60,324.00,1,1,0
15723,3.284,99.90,328.00,1,1,0
15725,3.284,99.40,326.00,1,1,0
15728,3.284,99.30,326.00,1,1,0
15730,3.288,99.40,326.00,1,1,0
15732,3.284,98.80,324.00,1,1,0
15735,3.284,98.80,324.00,1,1,0
15737,3.284,96.70,318.00,1,1,0
15740,3.284,95.80,315.00,1,1,0
15742,3.288,98.90,324.00,1,0,1
15745,3.288,99.70,328.00,1,0,1
15747,3.284,96.60,318.00,1,1,0
15750,3.284,112.30,328.00,1,1,0
15752,3.284,90.20,297.00,1,1,0
15765,3.284,98.80,324.00,1,1,0
15767,3.284,98.60,324.00,1,1,0
15770,3.284,98.50,326.00,1,1,0
15772,3.288,98.90,324.00,1,1,0
15775,3.284,98.70,324.00,1,1,0
15777,3.284,98.40,326.00,1,1,0
15780,3.284,98.80,324.00,1,1,0
15782,3.284,99.20,326.00,1,1,0
15785,3.284,98.30,324.00,1,1,0
15787,3.284,98.50,323.00,1,1,0
15790,3.288,98.50,323.00,1,1,0
15792,3.284,98.60,323.00,1,1,0
15795,3.284,95.60,324.00,1,1,0
15797,3.284,96.70,318.00,1,1,0
15810,3.284,93.70,306.00,1,1,0
15812,3.284,98.50,323.00,1,1,0
15815,3.284,98.30,323.00,1,1,0
15817,3.288,98.60,324.00,1,1,0
15820,3.284,98.20,323.00,1,1,0
15822,3.284,99.00,323.00,1,1,0
15825,3.284,99.80,328.00,1,1,0
15827,3.284,98.30,323.00,1,1,0
15829,3.288,98.30,323.00,1,1,0
15832,3.284,95.70,315.00,1,1,0
15834,3.284,96.80,318.00,1,1,0
15837,3.284,98.50,323.00,1,1,0
15839,3.284,98.30,323.00,1,1,0
15842,3.284,99.10,326.00,1,1,0
15854,3.284,90.30,297.00,1,0,1
15857,3.280,98.40,323.00,1,0,1
15859,3.284,102.70,336.00,1,1,0
15862,3.268,98.90,324.00,1,1,0
15864,3.284,98.60,324.00,1,1,0
15867,3.284,96.70,324.00,1,1,0
15869,3.284,98.30,323.00,1,1,0
15872,3.284,98.40,323.00,1,1,0
15874,3.284,100.90,326.00,1,1,0
15877,3.284,96.40,316.00,1,1,0
15879,3.280,92.40,303.00,1,1,0
15882,3.284,95.70,303.00,1,1,0
15884,3.284,92.40,303.00,1,1,0
15887,3.284,95.80,315.00,1,1,0
15899,3.284,101.70,334.00,1,1,0
15902,3.284,98.30,323.00,1,1,0
15904,3.284,99.50,323.00,1,1,0
15907,3.288,98.40,323.00,1,1,0
15909,3.284,107.10,352.00,1,0,1
15912,3.280,98.60,310.00,1,0,1
15914,3.280,102.50,336.00,1,1,0
15917,3.284,94.10,308.00,1,1,0
15919,3.284,100.30,323.00,1,1,0
15922,3.284,98.70,324.00,1,1,0
15924,3.284,98.40,323.00,1,1,0
15926,3.284,98.80,326.00,1,1,0
15929,3.288,98.40,323.00,1,1,0
15942,3.284,98.40,323.00,1,1,0
15944,3.288,98.50,324.00,1,1,0
15947,3.284,98.40,323.00,1,1,0
15949,3.280,98.70,324.00,1,1,0
15952,3.284,98.00,321.00,1,1,0
15954,3.284,99.90,328.00,1,1,0
15956,3.284,90.30,297.00,1,1,0
15959,3.284,98.80,324.00,1,1,0
15961,3.284,99.20,326.00,1,1,0
15964,3.284,99.00,323.00,1,0,1
15966,3.276,98.80,324.00,1,0,1
15969,3.284,99.20,326.00,1,1,0
15971,3.268,103.20,316.00,1,1,0
15974,3.280,97.90,321.00,1,1,0
15986,3.284,98.80,324.00,1,1,0
15989,3.284,98.40,323.00,1,1,0
15991,3.284,98.30,323.00,1,1,0
15994,3.284,98.20,323.00,1,1,0
15996,3.288,98.40,323.00,1,1,0
15999,3.284,98.90,324.00,1,1,0
16001,3.284,98.50,323.00,1,1,0
16004,3.284,99.20,326.00,1,1,0
16006,3.284,98.90,324.00,1,1,0
16009,3.284,98.60,326.00,1,1,0
16011,3.284,96.70,318.00,1,1,0
16014,3.280,96.60,318.00,1,1,0
16016,3.284,98.30,323.00,1,1,0
16019,3.288,98.50,323.00,1,0,1
16031,3.284,98.30,323.00,1,1,0
16034,3.284,98.50,324.00,1,1,0
16036,3.284,98.60,324.00,1,1,0
16039,3.288,102.50,338.00,1,1,0
16041,3.284,98.60,324.00,1,1,0
16044,3.284,99.40,323.00,1,1,0
16046,3.284,98.40,323.00,1,1,0
16049,3.284,98.00,321.00,1,1,0
16051,3.284,98.40,323.00,1,1,0
16053,3.284,98.30,323.00,1,1,0
16056,3.284,99.80,328.00,1,1,0
16058,3.284,91.00,298.00,1,1,0
16061,3.284,90.10,329.00,1,1,0
16063,3.284,99.20,326.00,1,1,0
16076,3.284,98.90,323.00,1,0,1
16078,3.288,99.90,328.00,1,1,0
16081,3.276,111.80,308.00,1,1,0
16083,3.280,99.20,326.00,1,1,0
16086,3.284,98.20,323.00,1,1,0
16088,3.284,98.90,326.00,1,1,0
16091,3.284,99.20,326.00,1,1,0
16093,3.284,98.60,324.00,1,1,0
16096,3.288,98.70,324.00,1,1,0
16098,3.284,98.70,324.00,1,1,0
16101,3.284,99.20,326.00,1,1,0
16103,3.284,99.20,326.00,1,1,0
16106,3.284,99.20,326.00,1,1,0
16108,3.284,98.90,324.00,1,1,0
16121,3.284,98.10,323.00,1,1,0
16123,3.288,98.90,324.00,1,1,0
16126,3.284,98.90,323.00,1,1,0
16128,3.284,100.50,329.00,1,0,1
16131,3.272,98.80,324.00,1,0,1
16133,3.284,127.90,324.00,1,1,0
16136,3.284,96.20,316.00,1,1,0
16138,3.284,100.30,329.00,1,1,0
16141,3.284,98.70,324.00,1,1,0
16143,3.284,97.40,319.00,1,1,0
16146,3.284,101.50,334.00,1,1,0
16148,3.284,100.80,323.00,1,1,0
16150,3.276,99.50,328.00,1,1,0
16163,3.284,90.10,321.00,1,1,0
16166,3.284,99.70,328.00,1,1,0
16168,3.280,98.90,324.00,1,1,0
16171,3.284,98.70,323.00,1,1,0
16173,3.284,98.30,323.00,1,1,0
16176,3.284,98.80,324.00,1,1,0
16178,3.284,98.30,323.00,1,1,0
16180,3.284,99.30,326.00,1,1,0
16183,3.284,99.20,326.00,1,1,0
16185,3.284,105.60,324.00,1,0,1
16188,3.284,101.10,329.00,1,0,1
16190,3.284,119.00,390.00,1,1,0
16193,3.280,98.40,323.00,1,1,0
16195,3.284,98.90,324.00,1,1,0
16208,3.284,98.30,323.00,1,1,0
16210,3.284,98.10,323.00,1,1,0
16213,3.284,98.40,323.00,1,1,0
16215,3.284,98.40,328.00,1,1,0
16218,3.284,97.70,321.00,1,1,0
16220,3.284,98.50,323.00,1,1,0
16223,3.284,98.60,323.00,1,1,0
16225,3.284,100.40,329.00,1,1,0
16228,3.284,98.40,323.00,1,1,0
16230,3.284,98.20,323.00,1,1,0
16233,3.284,99.70,328.00,1,1,0
16235,3.284,99.60,328.00,1,1,0
16238,3.284,98.80,329.00,1,1,0
16240,3.280,108.80,357.00,1,0,1
16253,3.284,98.80,324.00,1,1,0
16255,3.284,98.40,323.00,1,1,0
16258,3.284,99.10,341.00,1,1,0
16260,3.284,99.70,328.00,1,1,0
16263,3.284,94.90,311.00,1,1,0
16265,3.284,90.40,323.00,1,1,0
16268,3.284,99.00,324.00,1,1,0
16270,3.284,98.60,324.00,1,1,0
16273,3.284,98.30,323.00,1,1,0
16275,3.284,98.30,323.00,1,1,0
16277,3.284,98.80,324.00,1,1,0
16280,3.284,98.90,324.00,1,1,0
16282,3.284,100.10,328.00,1,1,0
16285,3.284,99.40,326.00,1,1,0
16298,3.284,98.40,323.00,1,0,1
16300,3.284,104.20,339.00,1,1,0
16302,3.280,100.00,324.00,1,1,0
16305,3.284,98.60,324.00,1,1,0
16307,3.284,98.40,323.00,1,1,0
16310,3.284,98.80,323.00,1,1,0
16312,3.284,99.60,328.00,1,1,0
16315,3.284,98.50,323.00,1,1,0
16317,3.284,99.90,324.00,1,1,0
16320,3.284,93.30,308.00,1,1,0
16322,3.284,93.60,308.00,1,1,0
16325,3.284,98.70,324.00,1,1,0
16327,3.284,98.30,324.00,1,1,0
16330,3.284,99.50,326.00,1,1,0
16342,3.284,101.70,334.00,1,1,0
16345,3.288,101.80,334.00,1,1,0
16347,3.284,98.50,324.00,1,1,0
16350,3.284,106.10,347.00,1,0,1
16352,3.264,100.20,329.00,1,0,1
16355,3.284,98.60,436.00,1,1,0
16357,3.280,98.30,323.00,1,1,0
16360,3.272,100.60,331.00,1,1,0
16362,3.284,99.20,328.00,1,1,0
16365,3.284,97.30,319.00,1,1,0
16367,3.284,90.30,297.00,1,1,0
16370,3.284,99.00,324.00,1,1,0
16372,3.284,98.90,324.00,1,1,0
16385,3.284,98.50,323.00,1,1,0
16387,3.284,99.20,326.00,1,1,0
16390,3.284,97.30,319.00,1,1,0
16392,3.284,98.10,324.00,1,1,0
16395,3.284,98.40,323.00,1,1,0
16397,3.284,98.70,324.00,1,1,0
16400,3.284,99.90,324.00,1,1,0
16402,3.284,98.30,323.00,1,1,0
16404,3.284,98.80,324.00,1,0,1
16407,3.288,100.20,324.00,1,0,1
16409,3.284,99.00,324.00,1,0,1
16412,3.284,96.80,319.00,1,0,1
16414,3.304,62.40,228.00,1,1,0
16417,3.260,99.00,324.00,1,1,0
16429,3.284,99.80,334.00,1,1,0
16432,3.288,98.90,324.00,1,1,0
16434,3.284,98.40,323.00,1,1,0
16437,3.288,98.10,323.00,1,1,0
16439,3.288,98.10,323.00,1,1,0
16442,3.284,98.80,324.00,1,1,0
16444,3.284,98.60,324.00,1,1,0
16447,3.284,98.60,324.00,1,1,0
16449,3.284,98.30,323.00,1,1,0
16452,3.284,99.30,324.00,1,1,0
16454,3.284,98.70,324.00,1,1,0
16457,3.284,99.30,326.00,1,1,0
16459,3.288,99.00,326.00,1,1,0
16462,3.284,98.90,324.00,1,1,0
16479,3.284,98.90,324.00,1,1,0
16482,3.284,99.10,324.00,1,1,0
16484,3.284,98.70,324.00,1,1,0
16487,3.288,98.40,323.00,1,1,0
16489,3.288,99.10,326.00,1,1,0
16492,3.284,98.50,323.00,1,1,0
16494,3.284,102.40,336.00,1,1,0
16497,3.284,98.50,324.00,1,1,0
16499,3.284,97.30,319.00,1,1,0
16501,3.284,98.30,323.00,1,1,0
16504,3.284,98.60,323.00,1,1,0
16506,3.284,98.10,323.00,1,1,0
16509,3.284,98.80,324.00,1,1,0
16511,3.284,99.00,324.00,1,1,0
16524,3.264,100.10,331.00,1,1,0
16526,3.256,95.70,315.00,1,1,0
16529,3.280,98.60,324.00,1,1,0
16531,3.284,98.50,323.00,1,1,0
16534,3.288,97.50,326.00,1,1,0
16536,3.284,98.80,324.00,1,1,0
16539,3.284,98.80,324.00,1,1,0
16541,3.284,99.00,324.00,1,1,0
16544,3.288,98.80,324.00,1,1,0
16546,3.284,99.00,324.00,1,1,0
16549,3.284,98.90,324.00,1,1,0
16551,3.284,99.50,326.00,1,1,0
16554,3.284,98.70,324.00,1,1,0
16556,3.284,98.90,328.00,1,1,0
16569,3.284,99.70,328.00,1,1,0
16571,3.284,90.60,297.00,1,1,0
16574,3.288,97.40,319.00,1,0,1
16576,3.280,98.90,336.00,1,0,1
16579,3.268,98.60,324.00,1,1,0
16581,3.284,132.00,434.00,1,1,0
16584,3.280,100.40,329.00,1,1,0
16586,3.288,99.30,324.00,1,1,0
16589,3.284,98.30,323.00,1,1,0
16591,3.284,99.10,326.00,1,1,0
16594,3.284,98.60,324.00,1,1,0
16596,3.284,100.00,328.00,1,1,0
16598,3.284,98.20,323.00,1,1,0
16601,3.284,98.20,323.00,1,1,0
16614,3.288,102.90,331.00,1,1,0
16616,3.284,102.50,336.00,1,1,0
16619,3.284,100.20,329.00,1,1,0
16621,3.284,98.40,324.00,1,1,0
16623,3.284,98.80,324.00,1,1,0
16626,3.288,98.90,324.00,1,1,0
16628,3.284,98.00,310.00,1,1,0
16631,3.284,101.70,334.00,1,0,1
16633,3.284,129.80,426.00,1,0,1
16636,3.284,98.30,323.00,1,1,0
16638,3.252,93.70,308.00,1,1,0
16641,3.280,98.40,323.00,1,1,0
16643,3.288,98.30,323.00,1,1,0
16656,3.284,99.20,326.00,1,1,0
16658,3.284,98.60,324.00,1,1,0
16661,3.284,98.60,324.00,1,1,0
16663,3.284,98.40,323.00,1,1,0
16666,3.284,98.70,323.00,1,1,0
16668,3.284,100.60,331.00,1,1,0
16671,3.284,99.80,328.00,1,1,0
16673,3.288,90.00,297.00,1,1,0
16676,3.284,98.90,324.00,1,1,0
16678,3.284,98.70,324.00,1,1,0
16681,3.284,99.10,326.00,1,1,0
16683,3.284,99.30,326.00,1,1,0
16686,3.284,98.70,324.00,1,0,1
16688,3.276,102.10,326.00,1,0,1
16701,3.284,98.70,324.00,1,1,0
16703,3.284,99.20,324.00,1,1,0
16706,3.288,98.30,323.00,1,1,0
16708,3.284,98.90,324.00,1,1,0
16711,3.284,98.20,323.00,1,1,0
16713,3.284,99.60,328.00,1,1,0
16716,3.284,98.80,324.00,1,1,0
16718,3.284,98.60,326.00,1,1,0
16721,3.288,99.50,328.00,1,1,0
16723,3.284,98.60,324.00,1,1,0
16725,3.284,98.30,324.00,1,1,0
16728,3.284,98.90,324.00,1,1,0
16730,3.284,93.60,306.00,1,1,0
16733,3.284,98.80,324.00,1,1,0
16746,3.284,98.60,324.00,1,1,0
16748,3.264,134.10,310.00,1,1,0
16750,3.284,98.40,323.00,1,1,0
16753,3.284,98.90,324.00,1,1,0
16755,3.284,96.70,326.00,1,1,0
16758,3.284,103.50,339.00,1,1,0
16760,3.284,98.30,323.00,1,1,0
16763,3.284,102.40,324.00,1,1,0
16765,3.284,98.40,323.00,1,1,0
16768,3.284,98.70,324.00,1,1,0
16770,3.288,98.90,326.00,1,1,0
16773,3.284,98.90,324.00,1,1,0
16775,3.288,90.50,297.00,1,1,0
16778,3.284,92.70,323.00,1,1,0
16790,3.284,98.80,323.00,1,1,0
16793,3.284,98.60,324.00,1,1,0
16795,3.284,98.50,323.00,1,0,1
16798,3.272,98.40,323.00,1,0,1
16800,3.264,98.20,326.00,1,1,0
16803,3.284,107.80,354.00,1,1,0
16805,3.284,98.70,324.00,1,1,0
16808,3.284,98.50,323.00,1,1,0
16810,3.284,98.40,323.00,1,1,0
16813,3.284,98.70,324.00,1,1,0
16815,3.284,98.70,324.00,1,1,0
16818,3.284,98.70,324.00,1,1,0
16820,3.284,98.70,324.00,1,1,0
16822,3.284,98.40,324.00,1,1,0
16835,3.284,98.80,324.00,1,1,0
16838,3.284,98.60,324.00,1,1,0
16840,3.284,98.90,324.00,1,1,0
16843,3.284,99.00,323.00,1,1,0
16845,3.284,98.60,324.00,1,1,0
16847,3.284,98.70,324.00,1,1,0
16850,3.284,98.50,323.00,1,1,0
16852,3.284,103.60,323.00,1,0,1
16855,3.284,98.70,324.00,1,0,1
16857,3.272,111.10,362.00,1,1,0
16860,3.280,99.40,324.00,1,1,0
16862,3.284,98.30,323.00,1,1,0
16865,3.284,99.00,326.00,1,1,0
16867,3.284,98.60,323.00,1,1,0
16880,3.284,90.10,323.00,1,1,0
16882,3.284,99.10,326.00,1,1,0
16885,3.284,98.30,323.00,1,1,0
16887,3.284,98.30,323.00,1,1,0
16890,3.284,98.50,323.00,1,1,0
16892,3.284,98.90,324.00,1,1,0
16895,3.284,99.20,324.00,1,1,0
16897,3.284,98.60,324.00,1,1,0
16900,3.284,99.00,324.00,1,1,0
16902,3.284,98.20,323.00,1,1,0
16905,3.284,98.90,324.00,1,1,0
16907,3.284,106.10,349.00,1,0,1
16910,3.264,99.20,326.00,1,0,1
16912,3.288,98.40,336.00,1,1,0
16925,3.284,99.00,326.00,1,1,0
16927,3.288,98.40,323.00,1,1,0
16930,3.284,98.60,324.00,1,1,0
16932,3.280,100.30,324.00,1,1,0
16935,3.284,94.70,311.00,1,1,0
16937,3.272,103.60,341.00,1,1,0
16940,3.284,98.60,319.00,1,1,0
16942,3.284,99.60,328.00,1,1,0
16944,3.284,98.40,323.00,1,1,0
16947,3.284,98.20,323.00,1,1,0
16949,3.284,98.80,324.00,1,1,0
16952,3.284,98.30,323.00,1,1,0
16954,3.284,98.60,324.00,1,1,0
16957,3.284,98.80,324.00,1,1,0
16970,3.252,103.80,318.00,1,1,0
16972,3.280,101.80,334.00,1,1,0
16974,3.284,98.60,324.00,1,1,0
16977,3.284,99.20,328.00,1,1,0
16979,3.288,91.80,301.00,1,1,0
16982,3.284,90.20,297.00,1,1,0
16984,3.288,102.50,326.00,1,1,0
16987,3.288,98.60,324.00,1,1,0
16989,3.288,98.70,324.00,1,1,0
16992,3.288,102.50,323.00,1,1,0
16994,3.288,99.00,324.00,1,1,0
16997,3.288,98.40,323.00,1,1,0
16999,3.284,97.80,324.00,1,1,0
17012,3.284,98.20,323.00,1,1,0
17014,3.284,97.30,323.00,1,1,0
17017,3.288,98.60,324.00,1,0,1
17019,3.284,99.10,326.00,1,0,1
17022,3.280,99.30,321.00,1,1,0
17024,3.280,103.20,339.00,1,1,0
17027,3.280,98.20,323.00,1,1,0
17029,3.284,98.90,336.00,1,1,0
17032,3.288,98.50,323.00,1,1,0
17034,3.284,98.40,323.00,1,1,0
17037,3.284,100.40,324.00,1,1,0
17039,3.284,96.10,316.00,1,1,0
17042,3.284,98.60,324.00,1,1,0
17044,3.284,98.40,329.00,1,1,0
17057,3.284,98.80,324.00,1,1,0
17059,3.284,98.90,342.00,1,1,0
17062,3.284,98.50,323.00,1,1,0
17064,3.284,98.50,323.00,1,1,0
17067,3.284,99.30,324.00,1,1,0
17069,3.284,99.20,326.00,1,1,0
17071,3.284,98.50,323.00,1,1,0
17074,3.284,98.60,323.00,1,0,1
17076,3.284,99.00,324.00,1,0,1
17079,3.284,129.60,423.00,1,1,0
17081,3.284,100.00,319.00,1,1,0
17084,3.280,91.70,301.00,1,1,0
17086,3.284,98.40,323.00,1,1,0
17089,3.288,100.00,334.00,1,1,0
17101,3.284,98.80,324.00,1,1,0
17104,3.284,99.20,326.00,1,1,0
17106,3.288,98.50,323.00,1,1,0
17109,3.284,98.70,324.00,1,1,0
17111,3.284,98.70,323.00,1,1,0
17114,3.284,98.80,324.00,1,1,0
17116,3.284,99.60,328.00,1,1,0
17119,3.284,98.60,323.00,1,1,0
17121,3.284,98.50,323.00,1,1,0
17124,3.284,98.60,324.00,1,1,0
17126,3.284,102.10,336.00,1,1,0
17129,3.288,103.60,339.00,1,0,1
17131,3.284,98.30,323.00,1,0,1
17134,3.284,132.30,341.00,1,1,0
17146,3.284,99.30,326.00,1,1,0
17149,3.284,98.80,324.00,1,1,0
17151,3.284,99.00,324.00,1,1,0
17154,3.284,96.90,324.00,1,1,0
17156,3.284,98.30,323.00,1,1,0
17159,3.280,103.40,339.00,1,1,0
17161,3.284,99.00,324.00,1,1,0
17164,3.284,99.20,326.00,1,1,0
17166,3.284,98.60,324.00,1,1,0
17169,3.284,99.10,326.00,1,1,0
17171,3.284,99.00,323.00,1,1,0
17173,3.284,98.30,323.00,1,1,0
17176,3.284,98.40,323.00,1,1,0
17178,3.284,98.80,324.00,1,1,0
17191,3.268,108.50,387.00,1,1,0
17194,3.280,98.50,323.00,1,1,0
17196,3.284,99.90,328.00,1,1,0
17198,3.284,102.30,326.00,1,1,0
17201,3.284,97.30,319.00,1,1,0
17203,3.284,98.40,323.00,1,1,0
17206,3.284,99.20,326.00,1,1,0
17208,3.284,99.30,326.00,1,1,0
17211,3.284,99.30,326.00,1,1,0
17213,3.284,99.20,324.00,1,1,0
17216,3.288,98.80,324.00,1,1,0
17218,3.284,98.50,324.00,1,1,0
17221,3.288,98.50,323.00,1,1,0
17223,3.284,98.40,323.00,1,1,0
17236,3.284,101.60,323.00,1,1,0
17238,3.284,101.70,334.00,1,0,1
17241,3.272,96.40,316.00,1,0,1
17243,3.284,96.90,410.00,1,1,0
17246,3.280,120.30,393.00,1,1,0
17248,3.284,95.80,315.00,1,1,0
17251,3.288,98.50,323.00,1,1,0
17253,3.284,98.60,324.00,1,1,0
17256,3.284,98.20,323.00,1,1,0
17258,3.284,98.80,324.00,1,1,0
17261,3.284,99.20,326.00,1,1,0
17263,3.284,98.90,324.00,1,1,0
17266,3.284,99.10,321.00,1,1,0
17268,3.288,98.50,323.00,1,1,0
17281,3.284,99.70,326.00,1,1,0
17283,3.284,98.80,324.00,1,1,0
17286,3.284,99.80,328.00,1,1,0
17288,3.284,90.20,297.00,1,1,0
17291,3.284,99.10,326.00,1,1,0
17293,3.288,99.30,326.00,1,1,0
17295,3.284,99.50,349.00,1,0,1
17298,3.284,113.60,372.00,1,0,1
17300,3.284,99.10,324.00,1,1,0
17303,3.272,93.70,331.00,1,1,0
17305,3.284,98.40,323.00,1,1,0
17308,3.288,99.20,326.00,1,1,0
17310,3.284,99.70,324.00,1,1,0
17313,3.284,98.60,324.00,1,1,0
17325,3.284,98.70,324.00,1,1,0
17328,3.284,99.00,324.00,1,1,0
17330,3.284,98.70,324.00,1,1,0
17333,3.284,98.50,323.00,1,1,0
17335,3.284,98.10,323.00,1,1,0
17338,3.284,98.40,323.00,1,1,0
17340,3.276,98.70,324.00,1,1,0
17343,3.288,99.10,326.00,1,1,0
17345,3.284,97.50,319.00,1,1,0
17348,3.284,97.60,324.00,1,1,0
17350,3.284,98.50,323.00,1,0,1
17353,3.284,98.50,323.00,1,0,1
17355,3.284,98.60,326.00,1,1,0
17358,3.256,99.20,326.00,1,1,0
17370,3.284,98.30,326.00,1,1,0
17373,3.280,99.00,324.00,1,1,0
17375,3.284,96.30,316.00,1,1,0
17378,3.284,99.00,326.00,1,1,0
17380,3.284,98.30,323.00,1,1,0
17383,3.284,97.30,319.00,1,1,0
17385,3.284,98.80,326.00,1,1,0
17388,3.288,99.80,328.00,1,1,0
17390,3.284,90.20,297.00,1,1,0
17392,3.284,99.00,323.00,1,1,0
17395,3.284,99.00,324.00,1,1,0
17397,3.284,98.10,323.00,1,1,0
17400,3.284,98.40,324.00,1,1,0
17402,3.284,98.80,324.00,1,1,0
17415,3.284,98.30,323.00,1,1,0
17417,3.284,98.20,323.00,1,1,0
17420,3.284,99.30,326.00,1,1,0
17422,3.284,98.70,324.00,1,1,0
17425,3.284,101.30,333.00,1,1,0
17427,3.288,101.70,334.00,1,1,0
17430,3.284,98.20,324.00,1,1,0
17432,3.284,98.60,324.00,1,1,0
17435,3.284,99.00,326.00,1,1,0
17437,3.284,97.80,331.00,1,1,0
17440,3.284,98.80,324.00,1,1,0
17442,3.284,99.00,324.00,1,1,0
17445,3.284,102.50,323.00,1,1,0
17447,3.284,95.10,311.00,1,1,0
17460,3.284,97.60,321.00,1,0,1
17462,3.284,98.60,324.00,1,0,1
17465,3.272,98.50,323.00,1,1,0
17467,3.276,94.40,310.00,1,1,0
17470,3.284,97.10,319.00,1,1,0
17472,3.284,103.40,324.00,1,1,0
17475,3.284,99.20,324.00,1,1,0
17477,3.284,99.60,328.00,1,1,0
17480,3.284,98.40,323.00,1,1,0
17482,3.284,98.20,324.00,1,1,0
17485,3.284,98.80,324.00,1,1,0
17487,3.284,98.50,323.00,1,1,0
17489,3.284,99.70,328.00,1,1,0
17492,3.284,90.10,297.00,1,1,0
17505,3.284,99.00,324.00,1,1,0
17507,3.284,98.90,324.00,1,1,0
17510,3.284,98.40,323.00,1,1,0
17512,3.284,98.90,324.00,1,1,0
17514,3.284,98.60,324.00,1,1,0
17517,3.284,98.20,324.00,1,0,1
17519,3.284,99.10,326.00,1,0,1
17522,3.288,131.20,426.00,1,1,0
17524,3.284,99.10,326.00,1,1,0
17527,3.284,98.40,328.00,1,1,0
17529,3.284,98.30,323.00,1,1,0
17532,3.284,98.50,323.00,1,1,0
17534,3.284,98.60,324.00,1,1,0
17537,3.284,99.10,326.00,1,1,0
17549,3.284,94.30,310.00,1,1,0
17552,3.284,98.80,324.00,1,1,0
17554,3.284,99.10,324.00,1,1,0
17557,3.284,98.70,324.00,1,1,0
17559,3.284,98.30,323.00,1,1,0
17562,3.284,98.30,324.00,1,1,0
17564,3.284,98.80,324.00,1,1,0
17567,3.284,98.90,324.00,1,1,0
17569,3.284,99.90,324.00,1,1,0
17572,3.284,105.90,347.00,1,0,1
17574,3.284,131.40,431.00,1,0,1
17577,3.284,98.40,434.00,1,1,0
17579,3.280,99.50,326.00,1,1,0
17582,3.284,98.80,324.00,1,1,0
17594,3.284,90.30,297.00,1,1,0
17597,3.284,94.10,310.00,1,1,0
17599,3.284,98.40,324.00,1,1,0
17602,3.284,98.80,324.00,1,1,0
17604,3.284,98.30,323.00,1,1,0
17607,3.284,98.50,326.00,1,1,0
17609,3.284,98.80,324.00,1,1,0
17611,3.284,98.50,323.00,1,1,0
17614,3.284,97.10,328.00,1,1,0
17616,3.284,99.20,326.00,1,1,0
17619,3.284,98.80,324.00,1,1,0
17621,3.284,99.70,342.00,1,1,0
17624,3.284,98.80,324.00,1,1,0
17626,3.284,95.90,315.00,1,0,1
17639,3.284,98.60,324.00,1,1,0
17641,3.284,98.40,323.00,1,1,0
17644,3.284,98.20,324.00,1,1,0
17646,3.284,98.90,324.00,1,1,0
17649,3.280,98.40,323.00,1,1,0
17651,3.284,100.60,323.00,1,1,0
17654,3.284,97.00,318.00,1,1,0
17656,3.284,98.60,324.00,1,1,0
17659,3.284,98.30,323.00,1,1,0
17661,3.284,98.30,323.00,1,1,0
17664,3.284,98.70,324.00,1,1,0
17666,3.284,99.00,324.00,1,1,0
17669,3.284,98.60,324.00,1,1,0
17671,3.284,98.50,323.00,1,1,0
17684,3.280,131.20,431.00,1,0,1
17686,3.284,98.80,324.00,1,1,0
17689,3.260,94.90,331.00,1,1,0
17691,3.284,99.30,326.00,1,1,0
17694,3.288,100.90,331.00,1,1,0
17696,3.284,99.70,295.00,1,1,0
17699,3.280,92.20,303.00,1,1,0
17701,3.284,99.10,326.00,1,1,0
17704,3.284,99.30,326.00,1,1,0
17706,3.284,99.10,326.00,1,1,0
17709,3.288,99.40,326.00,1,1,0
17711,3.284,98.80,331.00,1,1,0
17713,3.284,100.90,331.00,1,1,0
17716,3.284,99.10,326.00,1,1,0
17729,3.284,98.30,323.00,1,1,0
17731,3.284,98.60,324.00,1,1,0
17734,3.284,98.70,318.00,1,1,0
17736,3.284,98.70,324.00,1,0,1
17738,3.284,98.90,324.00,1,0,1
17741,3.284,98.90,323.00,1,1,0
17743,3.276,96.10,316.00,1,1,0
17746,3.284,98.30,323.00,1,1,0
17748,3.284,98.50,324.00,1,1,0
17751,3.288,98.60,324.00,1,1,0
17753,3.284,100.70,331.00,1,1,0
17756,3.284,93.60,324.00,1,1,0
17758,3.288,98.00,321.00,1,1,0
17761,3.284,98.30,323.00,1,1,0
17773,3.284,98.40,323.00,1,1,0
17776,3.284,98.30,324.00,1,1,0
17778,3.288,99.30,326.00,1,1,0
17781,3.284,99.30,326.00,1,1,0
17783,3.284,99.80,328.00,1,1,0
17786,3.288,100.00,328.00,1,1,0
17788,3.284,99.70,328.00,1,1,0
17791,3.284,99.70,328.00,1,0,1
17793,3.272,98.50,375.00,1,0,1
17796,3.276,99.10,326.00,1,1,0
17798,3.264,100.40,329.00,1,1,0
17801,3.284,100.00,297.00,1,1,0
17803,3.284,114.40,375.00,1,1,0
17816,3.284,98.10,323.00,1,1,0
17818,3.284,97.60,321.00,1,1,0
17821,3.284,98.90,324.00,1,1,0
17823,3.284,98.50,323.00,1,1,0
17826,3.280,98.90,324.00,1,1,0
17828,3.284,99.00,324.00,1,1,0
17831,3.284,98.60,324.00,1,1,0
17833,3.284,98.50,323.00,1,1,0
17835,3.284,98.70,323.00,1,1,0
17838,3.284,98.70,323.00,1,1,0
17840,3.276,99.00,326.00,1,1,0
17843,3.284,96.50,316.00,1,1,0
17845,3.284,98.70,323.00,1,0,1
17848,3.284,97.20,319.00,1,0,1
17861,3.284,98.70,324.00,1,1,0
17863,3.284,98.40,323.00,1,1,0
17865,3.284,98.60,323.00,1,1,0
17868,3.280,99.20,326.00,1,1,0
17870,3.284,98.50,323.00,1,1,0
17873,3.284,98.60,324.00,1,1,0
17875,3.284,100.30,329.00,1,1,0
17878,3.284,98.40,323.00,1,1,0
17880,3.284,98.60,324.00,1,1,0
17883,3.284,98.60,324.00,1,1,0
17885,3.284,96.20,316.00,1,1,0
17888,3.284,98.60,316.00,1,1,0
17890,3.284,98.50,323.00,1,1,0
17893,3.280,98.30,323.00,1,1,0
17905,3.260,98.50,323.00,1,1,0
17908,3.268,111.40,367.00,1,1,0
17910,3.268,94.10,328.00,1,1,0
17913,3.284,97.90,321.00,1,1,0
17915,3.284,99.20,326.00,1,1,0
17918,3.280,99.00,323.00,1,1,0
17920,3.284,99.20,326.00,1,1,0
17923,3.284,98.90,324.00,1,1,0
17925,3.284,98.40,323.00,1,1,0
17928,3.284,99.00,324.00,1,1,0
17930,3.284,98.70,324.00,1,1,0
17933,3.284,99.20,323.00,1,1,0
17935,3.284,98.80,324.00,1,1,0
17937,3.284,98.40,323.00,1,1,0
17950,3.284,98.70,324.00,1,1,0
17953,3.284,99.30,326.00,1,1,0
17955,3.284,98.40,323.00,1,1,0
17958,3.284,98.80,324.00,1,0,1
17960,3.284,98.50,323.00,1,0,1
17962,3.284,102.40,324.00,1,1,0
17965,3.284,99.70,328.00,1,1,0
17967,3.284,93.80,308.00,1,1,0
17970,3.280,93.80,326.00,1,1,0
17972,3.284,98.30,323.00,1,1,0
17975,3.284,98.40,323.00,1,1,0
17977,3.284,98.60,323.00,1,1,0
17980,3.284,99.00,324.00,1,1,0
17982,3.284,100.50,329.00,1,1,0
17995,3.284,98.00,321.00,1,1,0
17997,3.284,98.80,324.00,1,1,0
18000,3.284,100.80,328.00,1,1,0
18002,3.284,99.70,328.00,1,1,0
18005,3.284,90.00,295.00,1,1,0
18007,3.284,98.80,324.00,1,1,0
18010,3.284,99.60,328.00,1,1,0
18012,3.284,105.70,347.00,1,0,1
18015,3.284,99.30,326.00,1,0,1
18017,3.284,114.30,375.00,1,1,0
18020,3.284,116.60,382.00,1,1,0
18022,3.284,98.20,323.00,1,1,0
18025,3.284,99.10,326.00,1,1,0
18037,3.284,98.30,323.00,1,1,0
18040,3.284,98.70,324.00,1,1,0
18042,3.288,98.70,324.00,1,1,0
18045,3.284,99.30,326.00,1,1,0
18047,3.284,98.70,324.00,1,1,0
18050,3.284,98.80,324.00,1,1,0
18052,3.284,98.60,324.00,1,1,0
18055,3.284,100.30,329.00,1,1,0
18057,3.284,98.90,324.00,1,1,0
18060,3.284,97.60,324.00,1,1,0
18062,3.284,93.80,308.00,1,1,0
18064,3.268,98.80,324.00,1,1,0
18067,3.284,98.90,329.00,1,0,1
18069,3.284,98.30,323.00,1,0,1
18082,3.284,99.40,326.00,1,1,0
18085,3.284,98.80,324.00,1,1,0
18087,3.284,98.30,323.00,1,1,0
18089,3.284,98.40,323.00,1,1,0
18092,3.280,98.80,324.00,1,1,0
18094,3.284,98.70,323.00,1,1,0
18097,3.284,98.60,323.00,1,1,0
18099,3.284,98.50,323.00,1,1,0
18102,3.284,97.70,323.00,1,1,0
18104,3.284,99.80,328.00,1,1,0
18107,3.284,90.10,297.00,1,1,0
18109,3.284,97.40,319.00,1,1,0
18112,3.284,99.40,333.00,1,1,0
18114,3.288,98.40,323.00,1,1,0
18127,3.284,107.60,352.00,1,1,0
18129,3.284,99.30,326.00,1,1,0
18132,3.284,100.70,329.00,1,1,0
18134,3.284,116.80,383.00,1,1,0
18137,3.284,98.60,324.00,1,1,0
18139,3.284,99.10,326.00,1,1,0
18142,3.284,99.30,326.00,1,1,0
18144,3.284,99.20,326.00,1,1,0
18147,3.284,99.00,326.00,1,1,0
18149,3.284,98.60,324.00,1,1,0
18152,3.284,98.30,323.00,1,1,0
18154,3.284,98.40,324.00,1,1,0
18157,3.284,101.10,333.00,1,1,0
18169,3.284,98.60,323.00,1,1,0
18172,3.284,98.80,324.00,1,1,0
18174,3.284,98.50,323.00,1,1,0
18177,3.284,98.70,349.00,1,0,1
18179,3.284,98.60,324.00,1,0,1
18182,3.284,98.40,323.00,1,1,0
18184,3.284,96.70,324.00,1,1,0
18187,3.288,99.70,328.00,1,1,0
18189,3.284,98.80,324.00,1,1,0
18191,3.284,98.40,329.00,1,1,0
18194,3.288,99.00,324.00,1,1,0
18196,3.284,98.90,324.00,1,1,0
18199,3.284,98.90,323.00,1,1,0
18201,3.284,98.30,323.00,1,1,0
18214,3.284,98.90,339.00,1,1,0
18216,3.284,98.50,323.00,1,1,0
18219,3.284,99.40,326.00,1,1,0
18221,3.284,99.30,328.00,1,1,0
18224,3.284,99.30,326.00,1,1,0
18226,3.284,98.80,324.00,1,1,0
18229,3.284,98.90,326.00,1,1,0
18231,3.288,98.30,323.00,1,0,1
18234,3.284,129.40,424.00,1,0,1
18236,3.288,97.10,329.00,1,1,0
18239,3.256,100.50,329.00,1,1,0
18241,3.284,98.60,324.00,1,1,0
18244,3.284,98.40,323.00,1,1,0
18246,3.284,98.20,323.00,1,1,0
18259,3.284,99.30,326.00,1,1,0
18261,3.284,98.20,323.00,1,1,0
18264,3.284,98.50,315.00,1,1,0
18266,3.284,94.70,311.00,1,1,0
18269,3.280,98.50,323.00,1,1,0
18271,3.288,99.50,326.00,1,1,0
18274,3.284,100.10,321.00,1,1,0
18276,3.284,98.90,324.00,1,1,0
18279,3.284,98.40,323.00,1,1,0
18281,3.284,98.40,323.00,1,1,0
18284,3.284,98.30,323.00,1,1,0
18286,3.284,98.80,324.00,1,0,1
18288,3.284,98.80,431.00,1,0,1
18291,3.284,98.70,324.00,1,1,0
18304,3.288,98.90,324.00,1,1,0
18306,3.284,99.00,326.00,1,1,0
18309,3.284,99.80,328.00,1,1,0
18311,3.288,90.00,295.00,1,1,0
18313,3.284,97.60,321.00,1,1,0
18316,3.284,98.60,326.00,1,1,0
18318,3.280,99.00,324.00,1,1,0
18321,3.284,104.30,342.00,1,1,0
18323,3.284,99.50,326.00,1,1,0
18326,3.284,99.00,326.00,1,1,0
18328,3.288,98.90,324.00,1,1,0
18331,3.284,100.10,329.00,1,1,0
18333,3.284,99.80,321.00,1,1,0
18336,3.284,98.60,324.00,1,1,0
18348,3.268,98.30,323.00,1,1,0
18351,3.284,99.10,326.00,1,1,0
18353,3.284,99.00,324.00,1,1,0
18356,3.284,99.00,324.00,1,1,0
18358,3.284,98.30,323.00,1,1,0
18361,3.284,98.80,331.00,1,1,0
18363,3.284,99.00,324.00,1,1,0
18366,3.284,98.80,324.00,1,1,0
18368,3.288,101.00,310.00,1,1,0
18371,3.280,98.50,323.00,1,1,0
18373,3.284,101.30,333.00,1,1,0
18376,3.284,98.90,324.00,1,1,0
18378,3.284,101.90,329.00,1,1,0
18381,3.288,98.80,324.00,1,1,0
18393,3.288,98.40,323.00,1,1,0
18396,3.284,98.50,323.00,1,0,1
18398,3.276,98.40,431.00,1,0,1
18401,3.284,99.00,324.00,1,1,0
18403,3.264,118.10,388.00,1,1,0
18406,3.280,98.20,331.00,1,1,0
18408,3.288,98.70,324.00,1,1,0
18410,3.284,99.30,326.00,1,1,0
18413,3.284,99.70,297.00,1,1,0
18415,3.284,94.00,308.00,1,1,0
18418,3.284,98.70,324.00,1,1,0
18420,3.284,99.10,323.00,1,1,0
18423,3.284,98.40,324.00,1,1,0
18425,3.284,98.90,324.00,1,1,0
18438,3.284,99.10,326.00,1,1,0
18440,3.288,99.00,324.00,1,1,0
18443,3.284,98.80,323.00,1,1,0
18445,3.284,98.50,323.00,1,1,0
18448,3.288,101.90,334.00,1,1,0
18450,3.284,98.70,324.00,1,0,1
18453,3.284,99.00,324.00,1,0,1
18455,3.260,98.90,324.00,1,0,1
18458,3.284,98.60,328.00,1,0,1
18460,3.284,62.20,205.00,1,1,0
18463,3.304,68.20,223.00,1,1,0
18465,3.280,93.80,324.00,1,1,0
18468,3.284,99.20,326.00,1,1,0
18470,3.284,99.40,326.00,1,1,0
18487,3.284,98.40,323.00,1,1,0
18490,3.284,98.70,323.00,1,1,0
18492,3.284,99.40,326.00,1,1,0
18495,3.284,98.60,324.00,1,1,0
18497,3.288,98.60,323.00,1,1,0
18500,3.284,98.90,324.00,1,1,0
18502,3.284,98.30,323.00,1,1,0
18505,3.284,98.20,323.00,1,1,0
18507,3.284,98.30,323.00,1,1,0
18509,3.284,99.00,324.00,1,1,0
18512,3.284,99.30,326.00,1,0,1
18514,3.276,100.00,328.00,1,0,1
18517,3.280,90.20,297.00,1,1,0
18519,3.264,138.50,454.00,1,1,0
18532,3.284,98.40,323.00,1,1,0
18534,3.284,98.50,323.00,1,1,0
18537,3.284,98.70,324.00,1,1,0
18539,3.284,99.50,326.00,1,1,0
18542,3.284,99.00,324.00,1,1,0
18544,3.284,98.70,324.00,1,1,0
18547,3.284,98.70,324.00,1,1,0
18549,3.284,98.70,323.00,1,1,0
18552,3.284,98.20,323.00,1,1,0
18554,3.284,98.30,323.00,1,1,0
18557,3.284,98.30,323.00,1,1,0
18559,3.284,98.70,323.00,1,1,0
18562,3.284,99.20,326.00,1,1,0
18564,3.288,98.60,324.00,1,1,0
18577,3.280,98.90,324.00,1,1,0
18579,3.284,99.00,324.00,1,1,0
18582,3.284,98.70,324.00,1,1,0
18584,3.284,98.70,324.00,1,1,0
18587,3.284,98.30,336.00,1,1,0
18589,3.284,98.10,323.00,1,1,0
18592,3.284,98.30,323.00,1,1,0
18594,3.284,99.00,323.00,1,1,0
18597,3.284,102.10,336.00,1,1,0
18599,3.284,99.50,326.00,1,1,0
18602,3.284,98.40,323.00,1,1,0
18604,3.284,99.00,324.00,1,1,0
18606,3.280,98.40,323.00,1,1,0
18609,3.284,99.00,326.00,1,1,0
18622,3.284,98.20,323.00,1,1,0
18624,3.284,99.00,324.00,1,0,1
18627,3.284,108.80,357.00,1,0,1
18629,3.284,100.60,328.00,1,1,0
18631,3.284,99.50,328.00,1,1,0
18634,3.288,101.40,333.00,1,1,0
18636,3.284,99.00,324.00,1,1,0
18639,3.284,98.60,324.00,1,1,0
18641,3.284,98.40,323.00,1,1,0
18644,3.288,98.60,324.00,1,1,0
18646,3.284,99.20,326.00,1,1,0
18649,3.284,99.00,324.00,1,1,0
18651,3.284,99.00,324.00,1,1,0
18654,3.288,99.00,324.00,1,1,0
18666,3.284,98.70,324.00,1,1,0
18669,3.284,98.50,326.00,1,1,0
18671,3.284,98.30,323.00,1,1,0
18674,3.284,98.40,323.00,1,1,0
18676,3.284,97.80,310.00,1,1,0
18679,3.284,106.20,349.00,1,0,1
18681,3.284,129.20,424.00,1,0,1
18684,3.284,99.90,336.00,1,1,0
18686,3.276,94.00,308.00,1,1,0
18689,3.284,98.60,324.00,1,1,0
18691,3.284,98.50,324.00,1,1,0
18694,3.284,98.40,323.00,1,1,0
18696,3.288,98.50,323.00,1,1,0
18699,3.284,98.70,323.00,1,1,0
18711,3.288,98.70,324.00,1,1,0
18714,3.288,98.60,324.00,1,1,0
18716,3.284,98.40,323.00,1,1,0
18719,3.284,99.80,328.00,1,1,0
18721,3.284,92.00,295.00,1,1,0
18724,3.284,98.80,324.00,1,1,0
18726,3.284,99.10,326.00,1,1,0
18728,3.284,98.80,324.00,1,1,0
18731,3.284,98.60,324.00,1,1,0
18733,3.284,98.90,324.00,1,0,1
18736,3.276,99.60,328.00,1,0,1
18738,3.280,99.50,326.00,1,1,0
18741,3.268,103.30,339.00,1,1,0
18743,3.284,99.40,308.00,1,1,0
18756,3.284,98.60,333.00,1,1,0
18758,3.284,99.20,326.00,1,1,0
18761,3.284,99.30,326.00,1,1,0
18763,3.288,99.30,326.00,1,1,0
18766,3.284,99.20,324.00,1,1,0
18768,3.284,99.00,324.00,1,1,0
18771,3.284,98.20,323.00,1,1,0
18773,3.284,98.70,324.00,1,1,0
18776,3.284,98.90,324.00,1,1,0
18778,3.280,98.60,324.00,1,1,0
18781,3.284,94.30,321.00,1,1,0
18783,3.284,99.00,324.00,1,1,0
18786,3.284,100.20,329.00,1,1,0
18788,3.284,98.70,323.00,1,0,1
18801,3.284,98.60,329.00,1,1,0
18803,3.288,98.40,323.00,1,1,0
18806,3.284,98.30,323.00,1,1,0
18808,3.284,98.50,324.00,1,1,0
18811,3.284,99.20,326.00,1,1,0
18813,3.284,98.60,324.00,1,1,0
18816,3.284,98.20,324.00,1,1,0
18818,3.284,98.90,324.00,1,1,0
18821,3.284,99.70,328.00,1,1,0
18823,3.284,94.10,310.00,1,1,0
18826,3.284,91.90,323.00,1,1,0
18828,3.284,99.30,326.00,1,1,0
18830,3.284,99.00,324.00,1,1,0
18833,3.284,98.70,324.00,1,1,0
18846,3.284,106.50,323.00,1,0,1
18848,3.280,98.50,323.00,1,0,1
18851,3.276,115.50,380.00,1,1,0
18853,3.268,93.80,323.00,1,1,0
18855,3.284,98.60,324.00,1,1,0
18858,3.284,98.50,323.00,1,1,0
18860,3.284,98.90,326.00,1,1,0
18863,3.284,99.50,326.00,1,1,0
18865,3.284,98.70,324.00,1,1,0
18868,3.284,98.30,324.00,1,1,0
18870,3.284,98.20,323.00,1,1,0
18873,3.284,98.50,323.00,1,1,0
18875,3.284,98.60,324.00,1,1,0
18878,3.284,98.40,326.00,1,1,0
18890,3.284,98.70,323.00,1,1,0
18893,3.284,96.00,315.00,1,1,0
18895,3.284,98.70,324.00,1,1,0
18898,3.284,99.70,323.00,1,1,0
18900,3.284,100.00,328.00,1,0,1
18903,3.284,98.40,321.00,1,0,1
18905,3.284,99.90,321.00,1,1,0
18908,3.284,98.50,323.00,1,1,0
18910,3.284,98.50,323.00,1,1,0
18913,3.284,99.30,323.00,1,1,0
18915,3.284,98.10,323.00,1,1,0
18918,3.284,98.20,323.00,1,1,0
18920,3.284,98.90,323.00,1,1,0
18923,3.284,98.70,324.00,1,1,0
18935,3.288,98.80,326.00,1,1,0
18938,3.288,97.80,321.00,1,1,0
18940,3.284,99.10,326.00,1,1,0
18943,3.284,99.00,324.00,1,1,0
18945,3.284,98.50,323.00,1,1,0
18948,3.284,99.20,326.00,1,1,0
18950,3.284,99.20,324.00,1,1,0
18952,3.284,99.00,324.00,1,1,0
18955,3.284,104.80,344.00,1,0,1
18957,3.284,131.00,323.00,1,0,1
18960,3.284,129.20,423.00,1,1,0
18962,3.280,98.90,324.00,1,1,0
18965,3.284,99.10,324.00,1,1,0
18967,3.284,98.50,323.00,1,1,0
18980,3.284,100.90,336.00,1,1,0
18982,3.288,100.30,329.00,1,1,0
18985,3.284,93.80,308.00,1,1,0
18987,3.288,98.50,323.00,1,1,0
18990,3.284,100.60,331.00,1,1,0
18992,3.284,98.90,324.00,1,1,0
18995,3.284,98.30,323.00,1,1,0
18997,3.284,98.70,324.00,1,1,0
19000,3.284,98.40,323.00,1,1,0
19002,3.284,98.80,324.00,1,1,0
19005,3.284,98.70,324.00,1,1,0
19007,3.284,99.20,326.00,1,1,0
19010,3.284,99.10,341.00,1,0,1
19012,3.284,100.40,329.00,1,0,1
19025,3.284,99.90,328.00,1,1,0
19027,3.288,98.40,323.00,1,1,0
19030,3.284,90.20,297.00,1,1,0
19032,3.284,98.20,324.00,1,1,0
19035,3.284,98.70,324.00,1,1,0
19037,3.284,98.90,324.00,1,1,0
19040,3.284,98.90,324.00,1,1,0
19042,3.284,99.50,326.00,1,1,0
19045,3.284,98.60,324.00,1,1,0
19047,3.284,99.50,328.00,1,1,0
19049,3.288,99.30,326.00,1,1,0
19052,3.284,98.40,323.00,1,1,0
19054,3.284,99.20,324.00,1,1,0
19057,3.284,99.10,326.00,1,1,0
19070,3.284,101.60,334.00,1,1,0
19072,3.280,95.10,311.00,1,1,0
19074,3.284,98.90,324.00,1,1,0
19077,3.284,98.50,323.00,1,1,0
19079,3.284,98.30,323.00,1,1,0
19082,3.284,98.50,324.00,1,1,0
19084,3.284,98.80,331.00,1,1,0
19087,3.284,97.70,321.00,1,1,0
19089,3.284,98.60,324.00,1,1,0
19092,3.280,98.70,329.00,1,1,0
19094,3.288,98.30,323.00,1,1,0
19097,3.284,98.60,324.00,1,1,0
19099,3.284,98.70,324.00,1,1,0
19102,3.288,99.10,326.00,1,1,0
19114,3.284,99.60,326.00,1,1,0
19117,3.284,98.60,324.00,1,1,0
19119,3.284,99.70,324.00,1,0,1
19122,3.284,98.80,324.00,1,0,1
19124,3.284,99.30,326.00,1,1,0
19127,3.280,102.80,347.00,1,1,0
19129,3.288,99.20,326.00,1,1,0
19132,3.284,90.20,297.00,1,1,0
19134,3.284,99.20,326.00,1,1,0
19137,3.284,99.20,324.00,1,1,0
19139,3.284,96.00,315.00,1,1,0
19142,3.280,98.50,323.00,1,1,0
19144,3.284,99.00,324.00,1,1,0
19146,3.284,98.40,323.00,1,1,0
19159,3.288,98.90,324.00,1,1,0
19162,3.284,98.20,323.00,1,1,0
19164,3.284,98.70,323.00,1,1,0
19167,3.284,98.90,324.00,1,1,0
19169,3.284,98.60,324.00,1,1,0
19172,3.284,99.40,338.00,1,1,0
19174,3.284,98.70,324.00,1,1,0
19176,3.284,98.40,323.00,1,0,1
19179,3.272,103.40,323.00,1,0,1
19181,3.284,99.70,328.00,1,1,0
19184,3.276,93.90,308.00,1,1,0
19186,3.284,98.80,324.00,1,1,0
19189,3.280,97.30,306.00,1,1,0
19191,3.276,98.40,323.00,1,1,0
19204,3.284,98.60,324.00,1,1,0
19206,3.284,98.70,324.00,1,1,0
19209,3.284,98.40,326.00,1,1,0
19211,3.276,98.50,323.00,1,1,0
19214,3.284,98.60,324.00,1,1,0
19216,3.284,99.50,326.00,1,1,0
19219,3.284,98.70,324.00,1,1,0
19221,3.284,98.80,324.00,1,1,0
19224,3.284,98.40,323.00,1,1,0
19226,3.284,98.10,323.00,1,1,0
19229,3.284,98.70,324.00,1,1,0
19231,3.284,100.00,328.00,1,0,1
19234,3.284,90.20,297.00,1,0,1
19236,3.284,128.90,423.00,1,0,1
19249,3.288,99.20,326.00,1,1,0
19251,3.284,98.90,324.00,1,1,0
19254,3.284,99.30,326.00,1,1,0
19256,3.284,98.60,324.00,1,1,0
19259,3.284,98.30,323.00,1,1,0
19261,3.284,98.80,323.00,1,1,0
19264,3.284,98.70,324.00,1,1,0
19266,3.284,99.00,324.00,1,1,0
19269,3.288,99.10,324.00,1,1,0
19271,3.288,98.50,324.00,1,1,0
19273,3.284,98.40,323.00,1,1,0
19276,3.284,98.40,324.00,1,1,0
19278,3.284,98.90,324.00,1,1,0
19281,3.284,101.30,333.00,1,1,0
19294,3.260,98.40,323.00,1,1,0
19296,3.260,93.90,308.00,1,1,0
19298,3.280,99.20,328.00,1,1,0
19301,3.284,99.10,326.00,1,1,0
19303,3.284,98.40,323.00,1,1,0
19306,3.288,98.60,329.00,1,1,0
19308,3.284,97.60,321.00,1,1,0
19311,3.284,98.50,323.00,1,1,0
19313,3.284,99.90,324.00,1,1,0
19316,3.284,99.40,326.00,1,1,0
19318,3.284,98.80,324.00,1,1,0
19321,3.284,103.10,324.00,1,1,0
19323,3.284,99.00,324.00,1,1,0
19326,3.284,98.50,323.00,1,1,0
19338,3.284,99.40,326.00,1,1,0
19341,3.284,97.80,321.00,1,1,0
19343,3.284,98.50,323.00,1,0,1
19346,3.284,98.10,323.00,1,0,1
19348,3.284,99.20,326.00,1,1,0
19351,3.284,109.50,324.00,1,1,0
19353,3.284,98.80,323.00,1,1,0
19356,3.284,99.20,326.00,1,1,0
19358,3.284,97.90,319.00,1,1,0
19361,3.284,98.40,323.00,1,1,0
19363,3.284,99.00,324.00,1,1,0
19366,3.284,98.70,326.00,1,1,0
19368,3.288,98.40,323.00,1,1,0
19370,3.284,98.20,323.00,1,1,0
19383,3.284,98.80,324.00,1,1,0
19386,3.284,98.70,331.00,1,1,0
19388,3.284,98.30,323.00,1,1,0
19391,3.284,98.60,324.00,1,1,0
19393,3.280,97.00,318.00,1,1,0
19395,3.280,98.60,336.00,1,1,0
19398,3.272,99.10,326.00,1,1,0
19400,3.288,106.50,349.00,1,0,1
19403,3.284,98.50,323.00,1,0,1
19405,3.284,128.50,423.00,1,1,0
19408,3.284,98.60,324.00,1,1,0
19410,3.284,99.10,326.00,1,1,0
19413,3.284,98.60,324.00,1,1,0
19415,3.284,98.60,324.00,1,1,0
19428,3.284,98.70,324.00,1,1,0
19430,3.284,98.80,324.00,1,1,0
19433,3.284,98.90,324.00,1,1,0
19435,3.288,99.90,328.00,1,1,0
19438,3.288,91.20,295.00,1,1,0
19440,3.280,99.00,326.00,1,1,0
19443,3.288,99.40,326.00,1,1,0
19445,3.284,99.30,326.00,1,1,0
19448,3.284,98.50,324.00,1,1,0
19450,3.284,99.20,326.00,1,1,0
19453,3.284,98.70,324.00,1,1,0
19455,3.284,98.30,323.00,1,0,1
19458,3.284,99.70,328.00,1,0,1
19460,3.284,101.20,328.00,1,1,0
19473,3.276,99.30,326.00,1,1,0
19475,3.284,99.40,324.00,1,1,0
19478,3.284,98.80,324.00,1,1,0
19480,3.284,98.80,324.00,1,1,0
19483,3.288,98.70,323.00,1,1,0
19485,3.284,98.70,324.00,1,1,0
19488,3.284,102.10,334.00,1,1,0
19490,3.284,95.80,323.00,1,1,0
19492,3.284,97.80,321.00,1,1,0
19495,3.284,93.80,308.00,1,1,0
19497,3.284,98.60,324.00,1,1,0
19500,3.284,99.20,324.00,1,1,0
19502,3.284,99.00,324.00,1,1,0
19505,3.280,102.60,338.00,1,1,0
19518,3.268,95.40,313.00,1,1,0
19520,3.280,98.50,324.00,1,1,0
19522,3.284,98.50,323.00,1,1,0
19525,3.284,98.60,324.00,1,1,0
19527,3.284,98.00,324.00,1,1,0
19530,3.284,98.50,323.00,1,1,0
19532,3.288,99.70,328.00,1,1,0
19535,3.284,99.30,324.00,1,1,0
19537,3.288,100.10,329.00,1,1,0
19540,3.284,90.80,298.00,1,1,0
19542,3.284,90.50,324.00,1,1,0
19545,3.288,98.90,324.00,1,1,0
19547,3.284,99.30,326.00,1,1,0
19550,3.284,98.40,323.00,1,1,0
19562,3.284,99.30,326.00,1,1,0
19565,3.284,98.40,324.00,1,0,1
19567,3.276,99.10,326.00,1,0,1
19570,3.280,99.10,323.00,1,1,0
19572,3.256,103.50,319.00,1,1,0
19575,3.284,98.50,323.00,1,1,0
19577,3.284,98.70,324.00,1,1,0
19580,3.284,98.90,323.00,1,1,0
19582,3.284,98.50,323.00,1,1,0
19585,3.284,98.80,324.00,1,1,0
19587,3.284,98.80,324.00,1,1,0
19589,3.284,98.80,324.00,1,1,0
19592,3.284,98.80,324.00,1,1,0
19594,3.280,98.40,323.00,1,1,0
19607,3.284,98.70,324.00,1,1,0
19610,3.276,98.40,324.00,1,1,0
19612,3.284,98.80,324.00,1,1,0
19615,3.284,98.40,323.00,1,1,0
19617,3.280,98.50,323.00,1,1,0
19619,3.284,99.00,324.00,1,0,1
19622,3.276,98.80,324.00,1,0,1
19624,3.284,98.30,324.00,1,1,0
19627,3.284,135.90,446.00,1,1,0
19629,3.280,99.70,328.00,1,1,0
19632,3.284,98.70,324.00,1,1,0
19634,3.284,98.70,324.00,1,1,0
19637,3.284,99.80,328.00,1,1,0
19639,3.284,98.70,328.00,1,1,0
19652,3.284,99.40,326.00,1,1,0
19654,3.284,99.00,328.00,1,1,0
19657,3.284,99.20,326.00,1,1,0
19659,3.284,99.30,326.00,1,1,0
19662,3.284,99.00,323.00,1,1,0
19664,3.288,99.30,326.00,1,1,0
19667,3.284,98.90,324.00,1,1,0
19669,3.284,101.40,334.00,1,1,0
19672,3.284,98.70,324.00,1,1,0
19674,3.284,99.30,326.00,1,1,0
19677,3.284,99.00,346.00,1,0,1
19679,3.284,131.30,431.00,1,0,1
19682,3.284,98.90,324.00,1,1,0
19684,3.284,96.10,324.00,1,1,0
19697,3.284,99.20,324.00,1,1,0
19699,3.284,98.60,323.00,1,1,0
19702,3.280,93.80,308.00,1,1,0
19704,3.284,98.50,323.00,1,1,0
19707,3.284,98.60,331.00,1,1,0
19709,3.284,98.80,324.00,1,1,0
19712,3.284,101.60,333.00,1,1,0
19714,3.284,98.80,326.00,1,1,0
19716,3.284,98.60,324.00,1,1,0
19719,3.284,99.40,326.00,1,1,0
19721,3.284,98.70,324.00,1,1,0
19724,3.284,98.90,324.00,1,1,0
19726,3.284,98.60,324.00,1,1,0
19729,3.284,102.50,329.00,1,1,0
19741,3.284,98.40,328.00,1,1,0
19744,3.284,95.30,313.00,1,1,0
19746,3.284,90.30,297.00,1,1,0
19749,3.284,98.70,324.00,1,1,0
19751,3.284,99.00,324.00,1,1,0
19754,3.284,98.70,324.00,1,1,0
19756,3.284,98.60,324.00,1,1,0
19759,3.284,99.20,324.00,1,1,0
19761,3.284,99.90,328.00,1,1,0
19764,3.284,98.70,324.00,1,1,0
19766,3.284,99.20,326.00,1,1,0
19769,3.284,98.70,324.00,1,1,0
19771,3.284,99.20,326.00,1,1,0
19774,3.288,101.70,336.00,1,1,0
19786,3.284,97.00,347.00,1,0,1
19789,3.284,130.40,428.00,1,0,1
19791,3.284,98.60,323.00,1,1,0
19794,3.276,121.50,308.00,1,1,0
19796,3.280,98.60,324.00,1,1,0
19799,3.284,98.50,323.00,1,1,0
19801,3.284,99.40,324.00,1,1,0
19804,3.284,98.30,323.00,1,1,0
19806,3.284,98.50,323.00,1,1,0
19809,3.284,98.60,324.00,1,1,0
19811,3.284,99.80,323.00,1,1,0
19813,3.284,98.70,324.00,1,1,0
19816,3.280,98.50,323.00,1,1,0
19818,3.284,98.40,323.00,1,1,0
19831,3.284,98.50,323.00,1,1,0
19834,3.284,97.40,319.00,1,1,0
19836,3.284,96.90,318.00,1,1,0
19838,3.284,98.40,323.00,1,1,0
19841,3.284,99.10,326.00,1,1,0
19843,3.276,99.50,326.00,1,0,1
19846,3.280,99.80,419.00,1,0,1
19848,3.284,98.20,323.00,1,1,0
19851,3.280,98.00,321.00,1,1,0
19853,3.284,99.10,324.00,1,1,0
19856,3.284,99.30,324.00,1,1,0
19858,3.284,98.60,324.00,1,1,0
19861,3.284,99.20,326.00,1,1,0
19863,3.284,98.70,324.00,1,1,0
19876,3.284,99.10,336.00,1,1,0
19878,3.288,101.10,333.00,1,1,0
19881,3.284,98.70,324.00,1,1,0
19883,3.284,99.60,329.00,1,1,0
19886,3.284,98.80,324.00,1,1,0
19888,3.284,99.30,326.00,1,1,0
19891,3.284,98.70,324.00,1,1,0
19893,3.284,98.30,323.00,1,1,0
19896,3.280,99.10,326.00,1,1,0
19898,3.284,102.00,324.00,1,0,1
19901,3.284,131.00,431.00,1,0,1
19903,3.284,107.10,349.00,1,1,0
19906,3.280,95.60,311.00,1,1,0
19918,3.284,98.50,323.00,1,1,0
19921,3.284,99.50,323.00,1,1,0
19923,3.284,98.70,324.00,1,1,0
19926,3.284,98.40,323.00,1,1,0
19928,3.284,98.80,339.00,1,1,0
19931,3.284,98.80,324.00,1,1,0
19933,3.284,98.40,323.00,1,1,0
19936,3.284,98.70,323.00,1,1,0
19938,3.284,98.30,323.00,1,1,0
19940,3.284,98.20,323.00,1,1,0
19943,3.284,98.60,333.00,1,1,0
19945,3.288,98.90,324.00,1,1,0
19948,3.284,99.90,328.00,1,1,0
19950,3.284,90.20,297.00,1,1,0
19963,3.284,99.30,326.00,1,1,0
19965,3.284,99.00,324.00,1,1,0
19968,3.284,99.00,324.00,1,1,0
19970,3.284,99.40,326.00,1,1,0
19973,3.280,99.30,323.00,1,1,0
19975,3.284,99.00,324.00,1,1,0
19978,3.284,98.00,321.00,1,1,0
19980,3.284,98.40,324.00,1,1,0
19983,3.284,98.50,323.00,1,1,0
19985,3.284,98.90,324.00,1,1,0
19988,3.284,98.30,324.00,1,1,0
19990,3.284,98.70,324.00,1,1,0
19993,3.284,98.70,324.00,1,1,0
19995,3.284,98.80,324.00,1,1,0
20008,3.284,93.60,311.00,1,0,1
20010,3.284,98.60,324.00,1,0,1
20013,3.284,100.20,326.00,1,1,0
20015,3.280,100.90,324.00,1,1,0
20018,3.284,98.90,324.00,1,1,0
20020,3.284,98.90,324.00,1,1,0
20023,3.284,98.50,323.00,1,1,0
20025,3.284,99.10,323.00,1,1,0
20028,3.288,98.40,323.00,1,1,0
20030,3.284,98.70,324.00,1,1,0
20033,3.284,98.80,324.00,1,1,0
20035,3.284,98.80,324.00,1,1,0
20037,3.280,100.50,329.00,1,1,0
20040,3.284,97.80,324.00,1,1,0
20053,3.284,90.30,297.00,1,1,0
20055,3.284,98.50,323.00,1,1,0
20058,3.284,99.00,324.00,1,1,0
20060,3.284,98.90,311.00,1,1,0
20062,3.284,104.60,344.00,1,0,1
20065,3.284,102.30,336.00,1,0,1
20067,3.288,126.50,416.00,1,1,0
20070,3.268,93.60,323.00,1,1,0
20072,3.284,100.40,329.00,1,1,0
20075,3.284,98.70,324.00,1,1,0
20077,3.284,98.60,323.00,1,1,0
20080,3.284,99.10,326.00,1,1,0
20082,3.284,98.70,324.00,1,1,0
20095,3.284,98.80,324.00,1,1,0
20097,3.284,99.20,324.00,1,1,0
20100,3.284,99.10,326.00,1,1,0
20102,3.284,101.00,331.00,1,1,0
20105,3.284,98.70,323.00,1,1,0
20107,3.284,98.80,324.00,1,1,0
20110,3.284,98.00,321.00,1,1,0
20112,3.284,98.80,324.00,1,1,0
20115,3.284,99.30,326.00,1,1,0
20117,3.284,93.30,306.00,1,0,1
20120,3.284,98.50,328.00,1,0,1
20122,3.284,98.50,323.00,1,1,0
20125,3.280,97.20,319.00,1,1,0
20127,3.284,98.70,323.00,1,1,0
20140,3.284,98.20,323.00,1,1,0
20142,3.284,98.50,323.00,1,1,0
20145,3.284,98.80,324.00,1,1,0
20147,3.284,98.50,323.00,1,1,0
20150,3.284,98.90,323.00,1,1,0
20152,3.284,99.80,328.00,1,1,0
20155,3.284,90.20,297.00,1,1,0
20157,3.284,97.80,338.00,1,1,0
20160,3.284,99.90,328.00,1,1,0
20162,3.288,98.80,324.00,1,1,0
20164,3.284,99.10,324.00,1,1,0
20167,3.284,98.90,324.00,1,1,0
20169,3.284,99.20,326.00,1,1,0
20172,3.284,98.30,323.00,1,0,1
20185,3.284,100.90,331.00,1,1,0
20187,3.288,98.30,323.00,1,1,0
20190,3.284,98.20,323.00,1,1,0
20192,3.284,98.50,323.00,1,1,0
20194,3.284,98.80,324.00,1,1,0
20197,3.284,98.90,324.00,1,1,0
20199,3.284,99.60,328.00,1,1,0
20202,3.284,98.30,323.00,1,1,0
20204,3.284,99.70,328.00,1,1,0
20207,3.284,92.50,303.00,1,1,0
20209,3.288,98.70,324.00,1,1,0
20212,3.284,93.80,308.00,1,1,0
20214,3.284,98.40,323.00,1,1,0
20217,3.284,98.80,323.00,1,1,0
20229,3.284,98.70,324.00,1,0,1
20232,3.280,129.00,323.00,1,1,0
20234,3.280,129.00,423.00,1,1,0
20237,3.284,99.60,328.00,1,1,0
20239,3.284,98.80,324.00,1,1,0
20242,3.288,98.80,324.00,1,1,0
20244,3.284,98.90,324.00,1,1,0
20247,3.284,99.30,324.00,1,1,0
20249,3.284,98.30,323.00,1,1,0
20252,3.284,98.90,324.00,1,1,0
20254,3.288,98.80,328.00,1,1,0
20257,3.284,90.20,297.00,1,1,0
20259,3.284,93.50,306.00,1,1,0
20261,3.284,99.10,324.00,1,1,0
20274,3.284,98.90,321.00,1,1,0
20277,3.284,99.60,328.00,1,1,0
20279,3.284,99.30,326.00,1,1,0
20282,3.284,98.30,323.00,1,1,0
20284,3.284,100.50,328.00,1,0,1
20287,3.284,100.30,328.00,1,0,1
20289,3.284,99.30,323.00,1,1,0
20291,3.284,99.60,328.00,1,1,0
20294,3.284,98.70,324.00,1,1,0
20296,3.284,99.10,326.00,1,1,0
20299,3.284,100.80,342.00,1,1,0
20301,3.284,98.60,324.00,1,1,0
20304,3.284,98.60,324.00,1,1,0
20306,3.284,98.80,326.00,1,1,0
20319,3.284,98.90,324.00,1,1,0
20321,3.284,99.50,326.00,1,1,0
20324,3.284,99.00,324.00,1,1,0
20326,3.284,98.90,326.00,1,1,0
20329,3.284,101.40,333.00,1,1,0
20331,3.288,98.30,323.00,1,1,0
20334,3.288,98.80,326.00,1,1,0
20336,3.288,99.00,324.00,1,1,0
20339,3.284,102.70,336.00,1,0,1
20341,3.284,135.40,444.00,1,0,1
20344,3.284,98.60,372.00,1,1,0
20346,3.252,100.30,329.00,1,1,0
20349,3.284,97.30,319.00,1,1,0
20361,3.284,91.50,301.00,1,1,0
20364,3.284,98.50,326.00,1,1,0
20366,3.288,98.30,323.00,1,1,0
20369,3.284,98.40,323.00,1,1,0
20371,3.288,100.10,336.00,1,1,0
20374,3.284,99.30,326.00,1,1,0
20376,3.284,98.70,324.00,1,1,0
20379,3.284,98.50,324.00,1,1,0
20381,3.284,99.00,324.00,1,1,0
20384,3.284,98.80,324.00,1,1,0
20386,3.280,99.00,324.00,1,1,0
20388,3.284,99.30,324.00,1,1,0
20391,3.272,98.50,323.00,1,1,0
20393,3.284,98.70,324.00,1,0,1
20406,3.284,98.80,324.00,1,1,0
20409,3.284,99.00,324.00,1,1,0
20411,3.284,98.70,324.00,1,1,0
20414,3.284,98.70,324.00,1,1,0
20416,3.284,100.60,323.00,1,1,0
20418,3.284,93.80,308.00,1,1,0
20421,3.284,99.40,326.00,1,1,0
20423,3.284,98.80,326.00,1,1,0
20426,3.284,99.30,326.00,1,1,0
20428,3.284,98.50,323.00,1,1,0
20431,3.288,98.60,323.00,1,1,0
20433,3.284,98.60,324.00,1,1,0
20436,3.284,98.50,323.00,1,1,0
20438,3.284,98.80,324.00,1,1,0
20451,3.284,129.90,426.00,1,0,1
20453,3.284,98.80,331.00,1,1,0
20456,3.284,95.20,313.00,1,1,0
20458,3.284,99.00,326.00,1,1,0
20461,3.284,99.70,303.00,1,1,0
20463,3.284,90.40,297.00,1,1,0
20466,3.288,98.50,323.00,1,1,0
20468,3.284,99.40,324.00,1,1,0
20471,3.284,98.70,324.00,1,1,0
20473,3.284,98.70,324.00,1,1,0
20476,3.284,98.90,326.00,1,1,0
20478,3.288,99.10,326.00,1,1,0
20481,3.284,99.00,324.00,1,1,0
20483,3.288,99.90,326.00,1,1,0
20500,3.284,98.60,326.00,1,1,0
20503,3.284,98.80,324.00,1,1,0
20505,3.288,106.40,351.00,1,0,1
20508,3.288,128.80,323.00,1,0,1
20510,3.284,98.50,323.00,1,0,1
20513,3.284,89.60,297.00,1,0,1
20515,3.304,62.40,224.00,1,1,0
20518,3.260,93.80,308.00,1,1,0
20520,3.284,94.20,310.00,1,1,0
20522,3.284,98.80,324.00,1,1,0
20525,3.284,98.50,323.00,1,1,0
20527,3.284,98.50,323.00,1,1,0
20530,3.284,98.70,323.00,1,1,0
20532,3.284,98.60,324.00,1,1,0
20545,3.288,98.50,324.00,1,1,0
20547,3.284,98.70,324.00,1,1,0
20550,3.284,99.20,326.00,1,1,0
20552,3.284,98.80,336.00,1,1,0
20555,3.288,99.00,324.00,1,1,0
20557,3.284,98.50,323.00,1,1,0
20560,3.288,98.70,324.00,1,1,0
20562,3.284,99.70,328.00,1,1,0
20565,3.284,90.30,297.00,1,0,1
20567,3.280,99.00,323.00,1,0,1
20570,3.260,99.20,326.00,1,1,0
20572,3.260,93.90,308.00,1,1,0
20575,3.280,98.60,324.00,1,1,0
20577,3.284,98.70,324.00,1,1,0
20590,3.284,100.80,326.00,1,1,0
20592,3.284,98.20,323.00,1,1,0
20595,3.284,97.80,321.00,1,1,0
20597,3.284,98.40,324.00,1,1,0
20600,3.284,99.40,326.00,1,1,0
20602,3.284,98.30,323.00,1,1,0
20605,3.284,98.60,324.00,1,1,0
20607,3.284,98.50,323.00,1,1,0
20610,3.284,98.70,324.00,1,1,0
20612,3.284,98.70,323.00,1,1,0
20615,3.284,100.00,328.00,1,1,0
20617,3.284,98.70,324.00,1,1,0
20619,3.284,99.50,328.00,1,0,1
20622,3.284,93.90,308.00,1,0,1
20635,3.284,98.70,324.00,1,1,0
20637,3.284,98.40,323.00,1,1,0
20640,3.284,98.40,324.00,1,1,0
20642,3.284,98.80,323.00,1,1,0
20644,3.284,98.60,324.00,1,1,0
20647,3.284,98.30,323.00,1,1,0
20649,3.284,98.70,324.00,1,1,0
20652,3.284,98.80,324.00,1,1,0
20654,3.284,98.60,324.00,1,1,0
20657,3.284,98.40,323.00,1,1,0
20659,3.284,98.40,323.00,1,1,0
20662,3.284,98.20,323.00,1,1,0
20664,3.284,100.00,329.00,1,1,0
20667,3.288,90.50,297.00,1,1,0
20679,3.288,99.10,326.00,1,0,1
20682,3.288,100.80,329.00,1,1,0
20684,3.288,99.20,326.00,1,1,0
20687,3.284,99.40,326.00,1,1,0
20689,3.284,110.10,362.00,1,1,0
20692,3.284,99.60,326.00,1,1,0
20694,3.284,98.50,323.00,1,1,0
20697,3.284,98.70,324.00,1,1,0
20699,3.284,98.60,324.00,1,1,0
20702,3.284,92.50,316.00,1,1,0
20704,3.284,98.30,323.00,1,1,0
20707,3.288,98.70,324.00,1,1,0
20709,3.284,98.70,324.00,1,1,0
20712,3.284,100.40,329.00,1,1,0
20724,3.288,94.20,310.00,1,1,0
20727,3.284,98.60,324.00,1,1,0
20729,3.288,99.20,324.00,1,1,0
20732,3.288,106.20,349.00,1,0,1
20734,3.284,96.80,318.00,1,0,1
20737,3.284,96.40,336.00,1,1,0
20739,3.272,93.80,308.00,1,1,0
20741,3.284,98.70,324.00,1,1,0
20744,3.284,98.60,324.00,1,1,0
20746,3.284,100.30,324.00,1,1,0
20749,3.288,98.60,324.00,1,1,0
20751,3.288,98.60,324.00,1,1,0
20754,3.288,98.90,324.00,1,1,0
20756,3.284,99.10,326.00,1,1,0
20769,3.288,90.30,297.00,1,1,0
20771,3.284,98.40,323.00,1,1,0
20774,3.284,99.10,331.00,1,1,0
20776,3.284,98.60,324.00,1,1,0
20779,3.284,97.10,319.00,1,1,0
20781,3.284,98.60,324.00,1,1,0
20784,3.284,98.70,324.00,1,1,0
20786,3.284,98.40,323.00,1,0,1
20789,3.280,103.60,324.00,1,0,1
20791,3.284,128.20,421.00,1,1,0
20794,3.256,102.30,336.00,1,1,0
20796,3.284,99.10,326.00,1,1,0
20799,3.284,99.10,326.00,1,1,0
20801,3.284,98.50,323.00,1,1,0
20814,3.284,98.40,323.00,1,1,0
20816,3.284,97.10,319.00,1,1,0
20819,3.284,98.40,328.00,1,1,0
20821,3.284,98.80,324.00,1,1,0
20824,3.284,94.60,311.00,1,1,0
20826,3.284,94.20,303.00,1,1,0
20829,3.284,93.70,308.00,1,1,0
20831,3.284,92.50,303.00,1,1,0
20834,3.284,92.60,303.00,1,1,0
20836,3.284,101.40,333.00,1,1,0
20838,3.284,92.30,303.00,1,1,0
20841,3.284,92.40,306.00,1,1,0
20843,3.284,93.70,308.00,1,0,1
20846,3.284,95.70,315.00,1,0,1
20859,3.284,93.70,308.00,1,1,0
20861,3.284,98.70,324.00,1,1,0
20863,3.284,100.50,323.00,1,1,0
20866,3.284,99.20,326.00,1,1,0
20868,3.284,99.50,328.00,1,1,0
20871,3.284,99.50,297.00,1,1,0
20873,3.284,97.80,321.00,1,1,0
20876,3.284,98.70,324.00,1,1,0
20878,3.284,101.20,323.00,1,1,0
20881,3.284,98.40,323.00,1,1,0
20883,3.284,98.70,324.00,1,1,0
20886,3.288,98.70,326.00,1,1,0
20888,3.284,98.60,324.00,1,1,0
20891,3.284,98.80,324.00,1,1,0
20903,3.264,132.50,434.00,1,1,0
20906,3.284,98.60,324.00,1,1,0
20908,3.284,98.40,324.00,1,1,0
20911,3.284,99.40,326.00,1,1,0
20913,3.284,98.60,324.00,1,1,0
20916,3.284,99.40,324.00,1,1,0
20918,3.284,98.90,324.00,1,1,0
20921,3.284,98.40,323.00,1,1,0
20923,3.284,98.40,323.00,1,1,0
20926,3.288,98.40,323.00,1,1,0
20928,3.284,100.80,331.00,1,1,0
20931,3.280,95.40,324.00,1,1,0
20933,3.288,98.70,324.00,1,1,0
20935,3.284,99.50,326.00,1,1,0
20948,3.284,98.70,324.00,1,1,0
20951,3.284,98.70,324.00,1,1,0
20953,3.284,99.10,324.00,1,0,1
20956,3.284,98.70,324.00,1,0,1
20958,3.284,99.60,324.00,1,1,0
20960,3.284,100.50,323.00,1,1,0
20963,3.284,99.00,324.00,1,1,0
20965,3.284,98.50,323.00,1,1,0
20968,3.284,98.40,323.00,1,1,0
20970,3.284,99.60,328.00,1,1,0
20973,3.280,99.50,326.00,1,1,0
20975,3.284,90.20,316.00,1,1,0
20978,3.284,98.70,324.00,1,1,0
20980,3.284,98.90,324.00,1,1,0
20993,3.288,98.60,324.00,1,1,0
20995,3.284,99.50,326.00,1,1,0
20998,3.284,99.10,326.00,1,1,0
21000,3.284,98.90,324.00,1,1,0
21003,3.284,98.70,324.00,1,1,0
21005,3.284,98.40,323.00,1,1,0
21008,3.284,103.10,339.00,1,0,1
21010,3.284,132.00,434.00,1,0,1
21013,3.284,99.00,406.00,1,1,0
21015,3.276,100.40,329.00,1,1,0
21018,3.284,98.60,324.00,1,1,0
21020,3.284,98.30,323.00,1,1,0
21023,3.284,98.60,324.00,1,1,0
21025,3.284,98.90,324.00,1,1,0
21038,3.284,98.40,323.00,1,1,0
21040,3.284,98.50,324.00,1,1,0
21043,3.284,98.60,324.00,1,1,0
21045,3.284,92.20,303.00,1,1,0
21048,3.288,98.60,326.00,1,1,0
21050,3.284,102.60,338.00,1,1,0
21053,3.284,98.90,324.00,1,1,0
21055,3.284,95.20,310.00,1,1,0
21057,3.284,92.40,313.00,1,1,0
21060,3.284,94.80,311.00,1,1,0
21062,3.284,95.00,311.00,1,0,1
21065,3.284,94.60,323.00,1,0,1
21067,3.284,98.30,321.00,1,1,0
21070,3.284,96.70,318.00,1,1,0
21083,3.284,98.70,324.00,1,1,0
21085,3.284,98.40,324.00,1,1,0
21087,3.284,98.40,323.00,1,1,0
21090,3.284,99.10,326.00,1,1,0
21092,3.284,99.20,324.00,1,1,0
21095,3.284,100.90,331.00,1,1,0
21097,3.284,99.10,326.00,1,1,0
21100,3.284,98.40,323.00,1,1,0
21102,3.284,98.90,324.00,1,1,0
21105,3.284,98.40,323.00,1,1,0
21107,3.284,99.30,324.00,1,1,0
21110,3.284,99.20,324.00,1,1,0
21112,3.284,98.70,324.00,1,1,0
21115,3.284,98.80,324.00,1,1,0
21127,3.284,98.60,324.00,1,1,0
21130,3.284,99.00,324.00,1,1,0
21132,3.284,98.70,324.00,1,1,0
21135,3.284,93.70,308.00,1,1,0
21137,3.284,98.40,326.00,1,1,0
21140,3.284,98.80,324.00,1,1,0
21142,3.284,98.70,324.00,1,1,0
21145,3.288,99.10,324.00,1,1,0
21147,3.284,98.40,323.00,1,1,0
21150,3.284,98.40,323.00,1,1,0
21152,3.284,98.30,324.00,1,1,0
21154,3.284,98.30,323.00,1,1,0
21157,3.284,96.00,315.00,1,1,0
21159,3.284,98.40,323.00,1,1,0
21172,3.284,98.70,324.00,1,0,1
21175,3.284,98.80,423.00,1,0,1
21177,3.284,99.80,328.00,1,1,0
21180,3.272,95.50,313.00,1,1,0
21182,3.284,98.80,318.00,1,1,0
21184,3.280,99.50,326.00,1,1,0
21187,3.284,98.40,323.00,1,1,0
21189,3.280,99.30,324.00,1,1,0
21192,3.284,102.10,334.00,1,1,0
21194,3.284,98.80,324.00,1,1,0
21197,3.284,98.50,323.00,1,1,0
21199,3.284,98.90,324.00,1,1,0
21202,3.284,98.50,323.00,1,1,0
21204,3.284,93.40,315.00,1,1,0
21217,3.284,98.30,323.00,1,1,0
21219,3.284,98.50,326.00,1,1,0
21222,3.284,99.10,326.00,1,1,0
21224,3.284,98.90,324.00,1,1,0
21227,3.284,101.90,334.00,1,1,0
21229,3.284,102.70,338.00,1,0,1
21232,3.284,101.20,333.00,1,0,1
21234,3.284,98.70,370.00,1,1,0
21237,3.280,94.40,310.00,1,1,0
21239,3.284,98.90,324.00,1,1,0
21242,3.284,98.70,328.00,1,1,0
21244,3.288,98.50,323.00,1,1,0
21247,3.284,98.40,323.00,1,1,0
21249,3.284,98.20,323.00,1,1,0
21262,3.284,98.40,323.00,1,1,0
21264,3.284,95.40,316.00,1,1,0
21267,3.284,98.50,323.00,1,1,0
21269,3.284,99.10,326.00,1,1,0
21272,3.284,98.80,324.00,1,1,0
21274,3.284,98.70,324.00,1,1,0
21276,3.284,98.80,324.00,1,1,0
21279,3.288,99.80,326.00,1,1,0
21281,3.284,90.30,297.00,1,1,0
21284,3.284,101.10,331.00,1,0,1
21286,3.284,102.40,326.00,1,0,1
21289,3.284,107.90,352.00,1,1,0
21291,3.280,98.60,324.00,1,1,0
21304,3.284,101.20,333.00,1,1,0
21306,3.284,98.50,324.00,1,1,0
21309,3.284,98.40,323.00,1,1,0
21311,3.284,97.60,321.00,1,1,0
21314,3.284,98.50,323.00,1,1,0
21316,3.284,99.80,326.00,1,1,0
21319,3.284,98.80,324.00,1,1,0
21321,3.284,99.30,326.00,1,1,0
21324,3.288,99.30,321.00,1,1,0
21326,3.284,98.50,324.00,1,1,0
21329,3.284,98.40,323.00,1,1,0
21331,3.284,98.30,323.00,1,1,0
21334,3.284,99.50,326.00,1,1,0
21336,3.288,98.00,321.00,1,1,0
21349,3.284,99.20,326.00,1,1,0
21351,3.288,98.50,323.00,1,1,0
21354,3.284,99.10,326.00,1,1,0
21356,3.284,99.40,326.00,1,1,0
21359,3.284,98.30,323.00,1,1,0
21361,3.284,98.30,323.00,1,1,0
21364,3.272,98.90,324.00,1,1,0
21366,3.284,99.70,328.00,1,1,0
21369,3.284,98.90,324.00,1,1,0
21371,3.284,98.90,324.00,1,1,0
21373,3.284,98.50,323.00,1,1,0
21376,3.284,98.40,323.00,1,1,0
21378,3.284,102.30,336.00,1,1,0
21381,3.284,99.90,328.00,1,1,0
21394,3.288,98.90,324.00,1,0,1
21396,3.276,98.80,328.00,1,0,1
21398,3.288,100.30,329.00,1,1,0
21401,3.256,93.80,308.00,1,1,0
21403,3.284,99.20,326.00,1,1,0
21406,3.284,99.20,326.00,1,1,0
21408,3.284,98.80,324.00,1,1,0
21411,3.284,98.90,324.00,1,1,0
21413,3.284,99.90,324.00,1,1,0
21416,3.284,98.80,324.00,1,1,0
21418,3.284,98.90,324.00,1,1,0
21421,3.284,99.50,324.00,1,1,0
21423,3.284,98.60,324.00,1,1,0
21426,3.284,98.40,323.00,1,1,0
21438,3.284,96.50,316.00,1,1,0
21441,3.280,98.30,324.00,1,1,0
21443,3.276,93.40,306.00,1,1,0
21446,3.284,99.00,324.00,1,1,0
21448,3.284,101.10,324.00,1,0,1
21451,3.284,99.10,324.00,1,0,1
21453,3.284,98.50,323.00,1,1,0
21456,3.280,114.70,308.00,1,1,0
21458,3.280,98.20,323.00,1,1,0
21461,3.284,98.90,324.00,1,1,0
21463,3.284,99.40,324.00,1,1,0
21466,3.284,98.50,334.00,1,1,0
21468,3.284,98.40,323.00,1,1,0
21470,3.284,98.30,323.00,1,1,0
21483,3.288,99.70,328.00,1,1,0
21486,3.288,95.50,297.00,1,1,0
21488,3.284,96.60,316.00,1,1,0
21491,3.280,92.40,303.00,1,1,0
21493,3.284,92.30,323.00,1,1,0
21495,3.284,94.60,311.00,1,1,0
21498,3.280,98.80,324.00,1,1,0
21500,3.284,97.10,303.00,1,1,0
21503,3.284,92.30,303.00,1,1,0
21505,3.280,95.70,315.00,1,0,1
21508,3.276,96.50,303.00,1,0,1
21510,3.284,99.30,324.00,1,1,0
21513,3.268,99.10,326.00,1,1,0
21515,3.284,98.80,324.00,1,1,0
21528,3.284,93.30,306.00,1,1,0
21530,3.280,94.00,303.00,1,1,0
21533,3.284,92.50,303.00,1,1,0
21535,3.284,93.40,306.00,1,1,0
21538,3.284,93.90,303.00,1,1,0
21540,3.284,97.50,319.00,1,1,0
21543,3.280,96.70,318.00,1,1,0
21545,3.280,100.20,310.00,1,1,0
21548,3.280,99.80,328.00,1,1,0
21550,3.284,92.50,303.00,1,1,0
21553,3.280,92.30,323.00,1,1,0
21555,3.284,92.20,303.00,1,1,0
21558,3.284,92.60,305.00,1,1,0
21560,3.284,93.90,311.00,1,0,1
21573,3.284,100.60,331.00,1,1,0
21575,3.284,94.00,303.00,1,1,0
21578,3.284,99.50,326.00,1,1,0
21580,3.280,92.40,303.00,1,1,0
21583,3.280,92.50,305.00,1,1,0
21585,3.284,93.90,308.00,1,1,0
21588,3.284,97.10,319.00,1,1,0
21590,3.284,90.20,324.00,1,1,0
21592,3.284,100.10,329.00,1,1,0
21595,3.284,99.00,324.00,1,1,0
21597,3.284,98.80,326.00,1,1,0
21600,3.284,99.30,326.00,1,1,0
21602,3.284,98.80,324.00,1,1,0
21605,3.284,98.30,323.00,1,1,0
21618,3.284,98.10,323.00,1,0,1
21620,3.284,98.20,370.00,1,1,0
21622,3.276,98.40,323.00,1,1,0
21625,3.280,98.50,323.00,1,1,0
21627,3.284,98.80,324.00,1,1,0
21630,3.284,98.70,324.00,1,1,0
21632,3.284,98.70,324.00,1,1,0
21635,3.284,98.60,324.00,1,1,0
21637,3.284,98.60,324.00,1,1,0
21640,3.284,98.50,323.00,1,1,0
21642,3.284,102.00,329.00,1,1,0
21645,3.284,98.70,324.00,1,1,0
21647,3.284,98.70,324.00,1,1,0
21650,3.284,98.50,324.00,1,1,0
21662,3.284,99.80,323.00,1,1,0
21665,3.284,98.40,323.00,1,1,0
21667,3.284,98.60,324.00,1,1,0
21670,3.284,98.90,324.00,1,1,0
21672,3.284,98.70,331.00,1,0,1
21675,3.288,102.00,336.00,1,0,1
21677,3.284,130.40,428.00,1,1,0
21680,3.272,98.90,323.00,1,1,0
21682,3.264,95.00,311.00,1,1,0
21685,3.284,98.80,324.00,1,1,0
21687,3.288,101.60,329.00,1,1,0
21690,3.284,99.10,326.00,1,1,0
21692,3.284,90.00,295.00,1,1,0
21694,3.288,99.00,324.00,1,1,0
21707,3.284,98.80,326.00,1,1,0
21710,3.288,99.10,326.00,1,1,0
21712,3.284,99.40,326.00,1,1,0
21715,3.284,101.40,334.00,1,1,0
21717,3.288,98.80,324.00,1,1,0
21719,3.284,98.80,324.00,1,1,0
21722,3.284,98.90,324.00,1,1,0
21724,3.284,98.70,324.00,1,1,0
21727,3.284,98.90,324.00,1,0,1
21729,3.284,98.90,324.00,1,0,1
21732,3.284,103.00,323.00,1,1,0
21734,3.264,94.80,311.00,1,1,0
21737,3.284,98.60,324.00,1,1,0
21739,3.284,98.90,323.00,1,1,0
21752,3.284,98.40,323.00,1,1,0
21754,3.284,100.20,329.00,1,1,0
21757,3.288,98.40,323.00,1,1,0
21759,3.288,98.30,323.00,1,1,0
21762,3.284,98.40,323.00,1,1,0
21764,3.284,98.40,323.00,1,1,0
21767,3.284,99.20,323.00,1,1,0
21769,3.284,98.80,324.00,1,1,0
21772,3.284,98.90,324.00,1,1,0
21774,3.284,98.50,323.00,1,1,0
21777,3.284,98.40,323.00,1,1,0
21779,3.284,98.60,324.00,1,1,0
21782,3.284,98.70,324.00,1,0,1
21784,3.276,99.40,324.00,1,0,1
21797,3.284,93.70,323.00,1,1,0
21799,3.284,98.70,324.00,1,1,0
21802,3.284,98.60,324.00,1,1,0
21804,3.284,98.70,323.00,1,1,0
21807,3.284,98.80,324.00,1,1,0
21809,3.284,98.40,323.00,1,1,0
21812,3.284,98.50,324.00,1,1,0
21814,3.284,99.20,326.00,1,1,0
21816,3.284,98.70,324.00,1,1,0
21819,3.284,99.00,323.00,1,1,0
21821,3.284,98.90,324.00,1,1,0
21824,3.284,98.20,323.00,1,1,0
21826,3.284,98.30,323.00,1,1,0
21829,3.284,99.20,324.00,1,1,0
21841,3.284,98.40,324.00,1,1,0
21844,3.284,93.90,308.00,1,1,0
21846,3.284,98.60,324.00,1,1,0
21849,3.288,98.60,331.00,1,1,0
21851,3.284,94.20,310.00,1,1,0
21854,3.284,98.40,323.00,1,1,0
21856,3.284,98.40,323.00,1,1,0
21859,3.284,98.90,324.00,1,1,0
21861,3.284,99.40,326.00,1,1,0
21864,3.284,99.10,324.00,1,1,0
21866,3.284,99.50,326.00,1,1,0
21869,3.284,98.30,323.00,1,1,0
21871,3.284,98.70,323.00,1,1,0
21874,3.280,99.20,326.00,1,1,0
21886,3.284,98.90,324.00,1,1,0
21889,3.284,98.40,323.00,1,1,0
21891,3.284,98.40,323.00,1,0,1
21894,3.284,107.10,328.00,1,0,1
21896,3.280,90.20,297.00,1,1,0
21899,3.276,103.10,336.00,1,1,0
21901,3.288,98.90,342.00,1,1,0
21904,3.284,99.00,324.00,1,1,0
21906,3.284,138.30,454.00,1,1,0
21909,3.284,100.20,324.00,1,1,0
21911,3.284,98.20,323.00,1,1,0
21913,3.284,98.30,323.00,1,1,0
21916,3.284,99.20,326.00,1,1,0
21929,3.284,98.40,323.00,1,1,0
21931,3.288,98.50,323.00,1,1,0
21934,3.284,96.20,316.00,1,1,0
21936,3.284,98.60,323.00,1,1,0
21939,3.288,98.60,319.00,1,1,0
21941,3.284,98.90,324.00,1,1,0
21943,3.284,98.50,323.00,1,1,0
21946,3.284,100.30,323.00,1,1,0
21948,3.284,98.60,323.00,1,0,1
21951,3.288,98.40,323.00,1,0,1
21953,3.284,93.90,316.00,1,1,0
21956,3.288,93.90,308.00,1,1,0
21958,3.284,98.40,323.00,1,1,0
21961,3.284,98.70,323.00,1,1,0
21973,3.284,98.70,323.00,1,1,0
21976,3.284,98.70,324.00,1,1,0
21978,3.284,98.90,324.00,1,1,0
21981,3.284,98.90,323.00,1,1,0
21983,3.284,99.20,326.00,1,1,0
21986,3.284,98.30,323.00,1,1,0
21988,3.284,98.30,324.00,1,1,0
21991,3.288,98.50,323.00,1,1,0
21993,3.288,98.60,324.00,1,1,0
21996,3.288,99.80,328.00,1,1,0
21998,3.284,90.40,297.00,1,1,0
22001,3.284,98.50,323.00,1,1,0
22003,3.284,98.40,323.00,1,1,0
22006,3.284,105.70,326.00,1,0,1
22018,3.284,99.00,326.00,1,1,0
22021,3.284,98.30,323.00,1,1,0
22023,3.284,99.30,326.00,1,1,0
22026,3.284,98.80,329.00,1,1,0
22028,3.288,102.00,336.00,1,1,0
22031,3.284,98.20,323.00,1,1,0
22033,3.284,98.90,324.00,1,1,0
22036,3.288,102.80,338.00,1,1,0
22038,3.288,98.80,324.00,1,1,0
22040,3.284,100.80,331.00,1,1,0
22043,3.284,98.40,323.00,1,1,0
22045,3.284,98.70,324.00,1,1,0
22048,3.284,100.50,329.00,1,1,0
22061,3.284,98.70,323.00,1,0,1
22063,3.288,99.20,323.00,1,0,1
22066,3.284,100.10,326.00,1,1,0
22068,3.280,98.10,323.00,1,1,0
22070,3.284,98.50,328.00,1,1,0
22073,3.284,98.80,324.00,1,1,0
22075,3.284,98.40,323.00,1,1,0
22078,3.284,98.60,323.00,1,1,0
22080,3.284,99.30,326.00,1,1,0
22083,3.280,98.50,323.00,1,1,0
22085,3.284,98.80,324.00,1,1,0
22088,3.284,99.10,326.00,1,1,0
22090,3.284,98.70,324.00,1,1,0
22093,3.284,101.50,336.00,1,1,0
22105,3.288,99.30,326.00,1,1,0
22108,3.284,101.80,329.00,1,1,0
22110,3.284,98.80,324.00,1,1,0
22113,3.284,99.00,324.00,1,1,0
22115,3.284,102.20,336.00,1,0,1
22118,3.280,131.20,431.00,1,0,1
22120,3.284,98.80,324.00,1,1,0
22123,3.276,99.10,329.00,1,1,0
22125,3.284,93.90,308.00,1,1,0
22128,3.284,99.70,328.00,1,1,0
22130,3.284,99.20,323.00,1,1,0
22133,3.284,98.40,323.00,1,1,0
22135,3.284,99.90,328.00,1,1,0
22138,3.284,98.40,324.00,1,1,0
22150,3.284,99.00,324.00,1,1,0
22153,3.284,99.00,324.00,1,1,0
22155,3.284,99.30,326.00,1,1,0
22158,3.284,94.90,311.00,1,1,0
22160,3.284,98.60,323.00,1,1,0
22163,3.284,98.30,323.00,1,1,0
22165,3.284,99.10,326.00,1,1,0
22167,3.276,98.40,324.00,1,1,0
22170,3.284,98.80,324.00,1,0,1
22172,3.284,98.90,324.00,1,0,1
22175,3.284,98.40,324.00,1,1,0
22177,3.276,117.40,385.00,1,1,0
22180,3.288,101.90,334.00,1,1,0
22182,3.284,98.80,323.00,1,1,0
22195,3.284,98.30,324.00,1,1,0
22197,3.284,99.40,323.00,1,1,0
22200,3.284,100.00,329.00,1,1,0
22202,3.284,92.50,303.00,1,1,0
22205,3.284,90.30,324.00,1,1,0
22207,3.284,104.40,342.00,1,1,0
22210,3.284,98.20,323.00,1,1,0
22212,3.284,98.60,336.00,1,1,0
22215,3.288,98.60,324.00,1,1,0
22217,3.284,100.60,331.00,1,1,0
22220,3.284,99.50,324.00,1,1,0
22222,3.284,98.90,324.00,1,1,0
22225,3.284,99.10,326.00,1,0,1
22227,3.276,98.20,324.00,1,0,1
22240,3.284,98.40,341.00,1,1,0
22242,3.284,100.00,328.00,1,1,0
22245,3.284,101.90,334.00,1,1,0
22247,3.288,98.70,328.00,1,1,0
22250,3.284,99.30,326.00,1,1,0
22252,3.284,98.90,324.00,1,1,0
22255,3.284,101.50,333.00,1,1,0
22257,3.284,98.50,323.00,1,1,0
22260,3.284,98.40,323.00,1,1,0
22262,3.284,95.60,315.00,1,1,0
22264,3.284,98.70,326.00,1,1,0
22267,3.284,99.10,326.00,1,1,0
22269,3.288,98.50,323.00,1,1,0
22272,3.288,98.60,323.00,1,1,0
22285,3.264,102.50,324.00,1,1,0
22287,3.284,93.90,308.00,1,1,0
22290,3.280,99.00,324.00,1,1,0
22292,3.284,99.40,324.00,1,1,0
22294,3.284,99.00,324.00,1,1,0
22297,3.288,99.00,324.00,1,1,0
22299,3.284,99.00,324.00,1,1,0
22302,3.288,98.90,324.00,1,1,0
22304,3.288,99.50,326.00,1,1,0
22307,3.284,90.10,297.00,1,1,0
22309,3.284,99.30,324.00,1,1,0
22312,3.288,99.30,326.00,1,1,0
22314,3.288,99.30,326.00,1,1,0
22317,3.284,99.40,324.00,1,1,0
22329,3.284,99.10,323.00,1,1,0
22332,3.284,99.10,326.00,1,1,0
22334,3.288,98.80,324.00,1,0,1
22337,3.280,101.40,321.00,1,0,1
22339,3.264,98.60,324.00,1,1,0
22342,3.268,117.20,385.00,1,1,0
22344,3.284,98.80,326.00,1,1,0
22347,3.288,99.00,324.00,1,1,0
22349,3.284,98.70,324.00,1,1,0
22352,3.284,98.90,339.00,1,1,0
22354,3.288,97.30,319.00,1,1,0
22357,3.284,98.30,323.00,1,1,0
22359,3.284,98.90,326.00,1,1,0
22362,3.288,99.50,326.00,1,1,0
22374,3.280,98.80,326.00,1,1,0
22377,3.284,98.80,324.00,1,1,0
22379,3.284,99.00,324.00,1,1,0
22382,3.284,98.70,326.00,1,1,0
22384,3.284,98.40,323.00,1,1,0
22387,3.280,103.30,339.00,1,1,0
22389,3.284,98.50,323.00,1,1,0
22391,3.284,101.70,334.00,1,0,1
22394,3.284,99.00,324.00,1,0,1
22396,3.284,104.50,308.00,1,1,0
22399,3.280,99.00,326.00,1,1,0
22401,3.288,98.80,324.00,1,1,0
22404,3.276,103.60,328.00,1,1,0
22417,3.288,98.90,324.00,1,1,0
22419,3.288,98.30,324.00,1,1,0
22421,3.284,98.70,324.00,1,1,0
22424,3.288,98.60,324.00,1,1,0
22426,3.284,99.10,331.00,1,1,0
22429,3.288,99.30,326.00,1,1,0
22431,3.284,98.80,324.00,1,1,0
22434,3.288,98.50,324.00,1,1,0
22436,3.288,98.70,324.00,1,1,0
22439,3.288,98.30,323.00,1,1,0
22441,3.288,98.40,324.00,1,1,0
22444,3.284,98.50,324.00,1,1,0
22446,3.284,105.80,347.00,1,0,1
22449,3.280,131.40,324.00,1,0,1
22461,3.288,99.00,324.00,1,1,0
22464,3.284,98.70,329.00,1,1,0
22466,3.284,93.50,306.00,1,1,0
22469,3.284,98.30,323.00,1,1,0
22471,3.288,98.70,323.00,1,1,0
22474,3.280,98.50,323.00,1,1,0
22476,3.288,100.90,331.00,1,1,0
22479,3.284,98.60,326.00,1,1,0
22481,3.284,98.40,323.00,1,1,0
22484,3.284,98.40,323.00,1,1,0
22486,3.288,98.40,324.00,1,1,0
22489,3.284,98.80,324.00,1,1,0
22491,3.284,98.80,324.00,1,1,0
22493,3.288,98.70,324.00,1,1,0
22510,3.288,90.30,297.00,1,1,0
22513,3.284,93.30,334.00,1,1,0
22515,3.280,93.80,308.00,1,1,0
22518,3.284,98.50,323.00,1,1,0
22520,3.284,100.90,323.00,1,1,0
22523,3.284,98.90,324.00,1,1,0
22525,3.284,98.60,324.00,1,1,0
22528,3.288,98.60,324.00,1,1,0
22530,3.288,99.30,326.00,1,1,0
22532,3.284,98.30,323.00,1,1,0
22535,3.284,98.50,326.00,1,1,0
22537,3.284,98.40,323.00,1,1,0
22540,3.284,97.10,319.00,1,1,0
22542,3.284,98.60,326.00,1,1,0
22555,3.288,99.30,326.00,1,0,1
22557,3.268,103.10,326.00,1,0,1
22560,3.284,99.30,326.00,1,0,1
22562,3.284,98.80,324.00,1,0,1
22565,3.284,98.60,323.00,1,1,0
22567,3.276,94.10,308.00,1,1,0
22570,3.284,104.40,342.00,1,1,0
22572,3.284,100.20,324.00,1,1,0
22575,3.284,99.10,326.00,1,1,0
22577,3.284,98.90,324.00,1,1,0
22580,3.284,99.10,324.00,1,1,0
22582,3.284,98.20,323.00,1,1,0
22585,3.284,98.70,324.00,1,1,0
22587,3.284,99.40,326.00,1,1,0
22600,3.288,98.40,323.00,1,1,0
22602,3.284,98.50,323.00,1,1,0
22605,3.284,99.40,326.00,1,1,0
22607,3.284,99.30,326.00,1,1,0
22610,3.284,99.80,328.00,1,1,0
22612,3.284,90.20,297.00,1,1,0
22615,3.284,97.80,321.00,1,0,1
22617,3.276,98.70,323.00,1,0,1
22620,3.280,98.80,324.00,1,1,0
22622,3.284,114.10,372.00,1,1,0
22625,3.280,97.70,324.00,1,1,0
22627,3.284,99.20,326.00,1,1,0
22629,3.284,98.30,323.00,1,1,0
22632,3.284,99.00,326.00,1,1,0
22645,3.288,98.40,323.00,1,1,0
22647,3.284,98.70,324.00,1,1,0
22650,3.284,98.30,323.00,1,1,0
22652,3.284,100.10,324.00,1,1,0
22654,3.288,98.90,324.00,1,1,0
22657,3.284,98.90,324.00,1,1,0
22659,3.284,98.60,324.00,1,1,0
22662,3.284,98.30,331.00,1,1,0
22664,3.284,98.60,324.00,1,1,0
22667,3.288,98.60,324.00,1,1,0
22669,3.284,102.30,315.00,1,1,0
22672,3.284,105.90,347.00,1,0,1
22674,3.284,106.90,349.00,1,0,1
22687,3.288,99.20,326.00,1,1,0
22689,3.288,99.40,326.00,1,1,0
22692,3.284,98.70,324.00,1,1,0
22694,3.288,98.30,323.00,1,1,0
22697,3.284,98.60,324.00,1,1,0
22699,3.284,98.40,323.00,1,1,0
22702,3.284,98.90,324.00,1,1,0
22704,3.284,98.60,324.00,1,1,0
22707,3.284,98.70,324.00,1,1,0
22709,3.288,99.00,324.00,1,1,0
22712,3.284,99.40,328.00,1,1,0
22714,3.284,90.30,297.00,1,1,0
22717,3.284,95.50,313.00,1,1,0
22719,3.284,100.10,329.00,1,1,0
22732,3.284,99.00,323.00,1,1,0
22734,3.284,97.70,331.00,1,1,0
22737,3.284,99.20,326.00,1,1,0
22739,3.284,98.50,324.00,1,1,0
22742,3.284,98.90,324.00,1,1,0
22744,3.284,99.10,326.00,1,1,0
22747,3.284,98.20,323.00,1,1,0
22749,3.284,98.10,323.00,1,1,0
22752,3.284,98.70,324.00,1,1,0
22754,3.284,98.90,324.00,1,1,0
22756,3.284,98.80,324.00,1,1,0
22759,3.284,98.80,324.00,1,1,0
22761,3.284,98.30,323.00,1,1,0
22764,3.284,98.50,323.00,1,1,0
22777,3.284,98.50,323.00,1,1,0
22779,3.284,98.80,324.00,1,1,0
22781,3.284,98.50,323.00,1,0,1
22784,3.284,131.60,433.00,1,0,1
22786,3.284,99.80,339.00,1,1,0
22789,3.256,98.70,324.00,1,1,0
22791,3.288,98.80,324.00,1,1,0
22794,3.284,98.40,323.00,1,1,0
22796,3.284,100.90,331.00,1,1,0
22799,3.284,98.70,324.00,1,1,0
22801,3.284,98.50,324.00,1,1,0
22804,3.284,98.50,323.00,1,1,0
22806,3.284,98.50,323.00,1,1,0
22809,3.288,100.50,326.00,1,1,0
22821,3.284,98.40,323.00,1,1,0
22824,3.284,99.30,324.00,1,1,0
22826,3.280,98.40,323.00,1,1,0
22829,3.284,98.60,324.00,1,1,0
22831,3.284,98.90,328.00,1,1,0
22834,3.284,96.80,318.00,1,1,0
22836,3.284,102.70,338.00,1,0,1
22839,3.284,98.80,333.00,1,0,1
22841,3.264,99.70,328.00,1,1,0
22844,3.284,98.80,324.00,1,1,0
22846,3.284,98.90,390.00,1,1,0
22849,3.284,98.60,324.00,1,1,0
22851,3.284,98.40,323.00,1,1,0
22853,3.284,98.40,323.00,1,1,0
22866,3.284,98.60,324.00,1,1,0
22869,3.284,102.60,338.00,1,1,0
22871,3.284,98.60,324.00,1,1,0
22874,3.284,99.90,328.00,1,1,0
22876,3.284,94.00,331.00,1,1,0
22878,3.284,99.00,324.00,1,1,0
22881,3.284,98.60,324.00,1,1,0
22883,3.284,98.80,324.00,1,1,0
22886,3.284,98.40,323.00,1,1,0
22888,3.284,98.40,323.00,1,1,0
22891,3.284,98.80,326.00,1,0,1
22893,3.276,98.90,324.00,1,0,1
22896,3.284,98.90,324.00,1,1,0
22898,3.256,99.30,326.00,1,1,0
22911,3.284,98.60,323.00,1,1,0
22913,3.284,99.30,326.00,1,1,0
22916,3.284,99.20,326.00,1,1,0
22918,3.284,99.90,297.00,1,1,0
22921,3.284,91.50,300.00,1,1,0
22923,3.284,98.80,324.00,1,1,0
22926,3.284,98.90,324.00,1,1,0
22928,3.288,98.90,323.00,1,1,0
22931,3.284,99.50,326.00,1,1,0
22933,3.284,99.10,326.00,1,1,0
22936,3.284,98.50,324.00,1,1,0
22938,3.284,98.70,324.00,1,1,0
22941,3.284,98.90,324.00,1,1,0
22943,3.284,98.30,323.00,1,1,0
22956,3.284,98.30,323.00,1,1,0
22958,3.284,98.50,323.00,1,1,0
22961,3.288,98.80,324.00,1,1,0
22963,3.288,99.10,326.00,1,1,0
22966,3.284,98.50,323.00,1,1,0
22968,3.284,98.80,324.00,1,1,0
22971,3.284,98.30,323.00,1,1,0
22973,3.280,98.60,324.00,1,1,0
22976,3.284,100.60,331.00,1,1,0
22978,3.284,93.60,308.00,1,1,0
22980,3.284,98.50,324.00,1,1,0
22983,3.284,98.90,324.00,1,1,0
22985,3.284,98.50,323.00,1,1,0
22988,3.284,98.50,324.00,1,1,0
23001,3.284,98.80,324.00,1,0,1
23003,3.284,99.00,323.00,1,0,1
23005,3.284,98.60,324.00,1,1,0
23008,3.276,132.50,315.00,1,1,0
23010,3.280,99.10,326.00,1,1,0
23013,3.280,99.90,328.00,1,1,0
23015,3.284,98.90,324.00,1,1,0
23018,3.288,99.70,328.00,1,1,0
23020,3.288,99.80,328.00,1,1,0
23023,3.284,90.00,297.00,1,1,0
23025,3.284,98.70,324.00,1,1,0
23028,3.284,99.30,326.00,1,1,0
23030,3.284,98.70,324.00,1,1,0
23033,3.284,98.80,326.00,1,1,0
23045,3.284,99.40,321.00,1,1,0
23048,3.284,99.10,326.00,1,1,0
23050,3.280,99.40,326.00,1,1,0
23053,3.284,98.30,323.00,1,1,0
23055,3.284,98.60,324.00,1,0,1
23058,3.272,97.00,318.00,1,0,1
23060,3.280,102.20,336.00,1,1,0
23063,3.288,96.70,318.00,1,1,0
23065,3.284,99.00,324.00,1,1,0
23068,3.288,100.40,324.00,1,1,0
23070,3.284,99.40,326.00,1,1,0
23073,3.284,98.40,323.00,1,1,0
23075,3.284,98.30,326.00,1,1,0
23077,3.284,100.60,331.00,1,1,0
23090,3.284,98.30,323.00,1,1,0
23093,3.284,98.50,323.00,1,1,0
23095,3.284,98.40,323.00,1,1,0
23098,3.284,98.90,324.00,1,1,0
23100,3.284,98.60,324.00,1,1,0
23102,3.284,98.60,324.00,1,1,0
23105,3.284,98.30,323.00,1,1,0
23107,3.284,98.30,323.00,1,1,0
23110,3.284,98.70,324.00,1,1,0
23112,3.284,105.60,324.00,1,0,1
23115,3.284,99.50,326.00,1,0,1
23117,3.284,130.70,428.00,1,1,0
23120,3.280,100.50,324.00,1,1,0
23122,3.284,99.70,328.00,1,1,0
23135,3.284,99.50,324.00,1,1,0
23137,3.284,99.30,326.00,1,1,0
23140,3.284,98.40,323.00,1,1,0
23142,3.288,98.40,323.00,1,1,0
23145,3.284,99.50,328.00,1,1,0
23147,3.284,99.00,324.00,1,1,0
23150,3.284,99.10,328.00,1,1,0
23152,3.288,98.80,324.00,1,1,0
23155,3.284,98.80,324.00,1,1,0
23157,3.288,98.20,324.00,1,1,0
23160,3.284,98.70,324.00,1,1,0
23162,3.284,98.90,324.00,1,1,0
23165,3.288,99.20,324.00,1,1,0
23167,3.284,102.60,338.00,1,0,1
23180,3.288,99.10,324.00,1,1,0
23182,3.284,94.20,310.00,1,1,0
23185,3.288,98.70,324.00,1,1,0
23187,3.284,101.70,324.00,1,1,0
23190,3.288,98.50,323.00,1,1,0
23192,3.284,99.20,326.00,1,1,0
23195,3.284,98.80,329.00,1,1,0
23197,3.288,100.60,331.00,1,1,0
23199,3.284,98.60,324.00,1,1,0
23202,3.284,98.40,323.00,1,1,0
23204,3.284,98.40,323.00,1,1,0
23207,3.284,98.40,323.00,1,1,0
23209,3.288,98.90,323.00,1,1,0
23212,3.284,98.70,324.00,1,1,0
23224,3.276,99.80,328.00,1,0,1
23227,3.284,90.40,297.00,1,1,0
23229,3.264,97.20,324.00,1,1,0
23232,3.284,98.90,334.00,1,1,0
23234,3.288,95.60,315.00,1,1,0
23237,3.288,98.50,323.00,1,1,0
23239,3.288,98.50,326.00,1,1,0
23242,3.288,99.90,328.00,1,1,0
23244,3.288,101.50,333.00,1,1,0
23247,3.284,99.40,328.00,1,1,0
23249,3.288,102.70,338.00,1,1,0
23252,3.284,98.40,323.00,1,1,0
23254,3.288,98.90,324.00,1,1,0
23257,3.288,98.80,324.00,1,1,0
23269,3.288,98.60,324.00,1,1,0
23272,3.284,98.80,324.00,1,1,0
23274,3.284,98.60,326.00,1,1,0
23277,3.284,98.60,324.00,1,0,1
23279,3.284,99.20,326.00,1,0,1
23282,3.284,98.60,324.00,1,1,0
23284,3.280,93.80,308.00,1,1,0
23287,3.280,97.10,319.00,1,1,0
23289,3.284,99.00,324.00,1,1,0
23292,3.284,100.20,326.00,1,1,0
23294,3.284,98.90,324.00,1,1,0
23296,3.284,99.00,324.00,1,1,0
23299,3.284,99.00,324.00,1,1,0
23301,3.284,98.40,323.00,1,1,0
23314,3.288,98.40,323.00,1,1,0
23317,3.284,98.50,323.00,1,1,0
23319,3.284,98.20,323.00,1,1,0
23321,3.288,98.30,323.00,1,1,0
23324,3.284,98.30,323.00,1,1,0
23326,3.284,99.90,326.00,1,1,0
23329,3.284,90.10,297.00,1,1,0
23331,3.284,98.70,324.00,1,0,1
23334,3.276,99.00,326.00,1,0,1
23336,3.280,99.20,326.00,1,1,0
23339,3.284,111.80,364.00,1,1,0
23341,3.280,95.20,313.00,1,1,0
23344,3.288,101.20,324.00,1,1,0
23346,3.284,99.00,324.00,1,1,0
23359,3.284,98.60,324.00,1,1,0
23361,3.288,102.30,336.00,1,1,0
23364,3.284,98.50,323.00,1,1,0
23366,3.284,98.30,323.00,1,1,0
23369,3.284,98.70,324.00,1,1,0
23371,3.268,99.20,324.00,1,1,0
23374,3.284,98.80,324.00,1,1,0
23376,3.284,98.60,324.00,1,1,0
23379,3.284,98.40,323.00,1,1,0
23381,3.284,100.20,329.00,1,1,0
23384,3.288,98.50,323.00,1,1,0
23386,3.284,101.50,310.00,1,1,0
23389,3.284,105.60,347.00,1,0,1
23401,3.284,98.40,323.00,1,1,0
23404,3.284,99.60,328.00,1,1,0
23406,3.284,98.60,324.00,1,1,0
23409,3.284,99.70,324.00,1,1,0
23411,3.284,98.60,324.00,1,1,0
23414,3.288,98.40,323.00,1,1,0
23416,3.284,98.60,323.00,1,1,0
23419,3.284,99.30,326.00,1,1,0
23421,3.284,98.60,324.00,1,1,0
23423,3.284,98.90,324.00,1,1,0
23426,3.288,99.30,326.00,1,1,0
23428,3.284,99.80,328.00,1,1,0
23431,3.288,98.80,297.00,1,1,0
23433,3.284,99.40,326.00,1,1,0
23446,3.280,101.10,328.00,1,0,1
23449,3.284,98.50,323.00,1,1,0
23451,3.268,105.20,346.00,1,1,0
23453,3.284,99.80,387.00,1,1,0
23456,3.284,98.80,324.00,1,1,0
23458,3.284,99.30,326.00,1,1,0
23461,3.288,99.00,324.00,1,1,0
23463,3.284,98.20,323.00,1,1,0
23466,3.284,98.40,323.00,1,1,0
23468,3.284,98.80,324.00,1,1,0
23471,3.284,99.50,326.00,1,1,0
23473,3.284,99.00,324.00,1,1,0
23476,3.284,98.80,323.00,1,1,0
23478,3.284,98.60,324.00,1,1,0
23491,3.280,98.70,324.00,1,1,0
23493,3.284,99.50,326.00,1,1,0
23496,3.284,99.20,324.00,1,1,0
23498,3.284,98.40,323.00,1,0,1
23501,3.284,98.60,324.00,1,0,1
23503,3.284,98.60,324.00,1,1,0
23506,3.284,107.00,444.00,1,1,0
23508,3.272,97.40,319.00,1,1,0
23511,3.284,99.10,326.00,1,1,0
23513,3.284,98.70,324.00,1,1,0
23516,3.284,98.90,324.00,1,1,0
23518,3.284,98.60,324.00,1,1,0
23520,3.284,99.30,326.00,1,1,0
23523,3.284,99.00,324.00,1,1,0
23536,3.284,97.20,319.00,1,1,0
23538,3.284,100.90,331.00,1,1,0
23541,3.284,99.00,323.00,1,1,0
23543,3.284,98.60,324.00,1,1,0
23546,3.284,98.90,324.00,1,1,0
23548,3.284,99.20,324.00,1,1,0
23550,3.284,98.90,324.00,1,1,0
23553,3.284,102.50,336.00,1,1,0
23555,3.284,99.20,326.00,1,0,1
23558,3.284,98.70,429.00,1,0,1
23560,3.284,99.00,324.00,1,1,0
23563,3.252,94.00,308.00,1,1,0
23565,3.280,98.90,323.00,1,1,0
23568,3.284,98.80,324.00,1,1,0
23580,3.284,98.60,324.00,1,1,0
23583,3.284,98.70,324.00,1,1,0
23585,3.284,98.90,324.00,1,1,0
23588,3.284,99.00,326.00,1,1,0
23590,3.284,102.10,336.00,1,1,0
23593,3.284,93.50,324.00,1,1,0
23595,3.284,98.60,324.00,1,1,0
23598,3.288,99.70,328.00,1,1,0
23600,3.284,98.80,324.00,1,1,0
23603,3.284,98.60,324.00,1,1,0
23605,3.284,98.60,324.00,1,1,0
23608,3.284,98.50,323.00,1,1,0
23610,3.284,98.50,326.00,1,1,0
23613,3.284,99.90,328.00,1,0,1
23625,3.284,98.40,323.00,1,1,0
23628,3.284,98.90,324.00,1,1,0
23630,3.284,98.80,324.00,1,1,0
23633,3.284,99.50,326.00,1,1,0
23635,3.284,99.70,328.00,1,1,0
23638,3.284,90.20,311.00,1,1,0
23640,3.284,98.90,324.00,1,1,0
23643,3.284,98.80,324.00,1,1,0
23645,3.288,99.20,324.00,1,1,0
23647,3.284,99.40,326.00,1,1,0
23650,3.284,97.90,321.00,1,1,0
23652,3.284,99.00,326.00,1,1,0
23655,3.288,99.80,323.00,1,1,0
23657,3.284,99.10,326.00,1,1,0
23670,3.284,98.50,323.00,1,0,1
23672,3.280,130.80,429.00,1,1,0
23675,3.280,99.50,324.00,1,1,0
23677,3.284,98.60,324.00,1,1,0
23680,3.284,99.10,326.00,1,1,0
23682,3.284,98.70,323.00,1,1,0
23685,3.288,98.40,323.00,1,1,0
23687,3.288,98.50,323.00,1,1,0
23690,3.284,99.40,324.00,1,1,0
23692,3.284,101.70,334.00,1,1,0
23695,3.284,93.60,308.00,1,1,0
23697,3.276,98.60,324.00,1,1,0
23700,3.284,98.60,324.00,1,1,0
23702,3.272,99.40,326.00,1,1,0
23715,3.284,94.40,310.00,1,1,0
23717,3.284,92.40,303.00,1,1,0
23720,3.284,92.50,313.00,1,1,0
23722,3.284,96.00,315.00,1,0,1
23725,3.276,92.80,303.00,1,0,1
23727,3.284,92.40,352.00,1,1,0
23730,3.284,93.90,308.00,1,1,0
23732,3.284,92.60,305.00,1,1,0
23735,3.288,96.00,298.00,1,1,0
23737,3.284,100.10,329.00,1,1,0
23740,3.284,90.20,297.00,1,1,0
23742,3.284,98.40,311.00,1,1,0
23744,3.284,99.20,326.00,1,1,0
23747,3.284,99.10,326.00,1,1,0
23760,3.284,98.80,324.00,1,1,0
23762,3.288,98.80,324.00,1,1,0
23765,3.284,92.40,311.00,1,1,0
23767,3.284,98.60,324.00,1,1,0
23769,3.284,98.20,323.00,1,1,0
23772,3.284,98.00,323.00,1,1,0
23774,3.284,92.30,303.00,1,1,0
23777,3.288,93.00,305.00,1,0,1
23779,3.284,93.50,301.00,1,0,1
23782,3.260,99.80,326.00,1,1,0
23784,3.284,92.60,305.00,1,1,0
23787,3.280,92.40,303.00,1,1,0
23789,3.284,97.00,318.00,1,1,0
23792,3.284,97.70,321.00,1,1,0
23804,3.284,92.30,303.00,1,1,0
23807,3.284,92.40,324.00,1,1,0
23809,3.288,98.80,323.00,1,1,0
23812,3.284,99.20,326.00,1,1,0
23814,3.284,96.10,315.00,1,1,0
23817,3.284,95.00,306.00,1,1,0
23819,3.284,92.30,303.00,1,1,0
23822,3.284,92.40,303.00,1,1,0
23824,3.284,92.40,313.00,1,1,0
23827,3.284,92.50,303.00,1,1,0
23829,3.284,92.50,303.00,1,1,0
23832,3.284,95.00,329.00,1,0,1
23834,3.284,95.20,313.00,1,0,1
23837,3.264,100.00,328.00,1,1,0
23849,3.288,99.30,326.00,1,1,0
23852,3.284,92.30,306.00,1,1,0
23854,3.280,92.40,303.00,1,1,0
23857,3.284,98.70,324.00,1,1,0
23859,3.284,93.90,324.00,1,1,0
23862,3.288,99.50,328.00,1,1,0
23864,3.288,98.90,324.00,1,1,0
23866,3.284,92.50,303.00,1,1,0
23869,3.284,92.40,311.00,1,1,0
23871,3.284,98.50,323.00,1,1,0
23874,3.284,98.00,323.00,1,1,0
23876,3.288,98.30,303.00,1,1,0
23879,3.284,92.60,305.00,1,1,0
23881,3.284,92.60,305.00,1,1,0
23894,3.284,109.40,357.00,1,1,0
23896,3.284,93.90,331.00,1,1,0
23899,3.280,92.40,303.00,1,1,0
23901,3.284,94.00,308.00,1,1,0
23904,3.284,92.40,311.00,1,1,0
23906,3.284,97.30,319.00,1,1,0
23909,3.280,92.50,303.00,1,1,0
23911,3.284,92.50,326.00,1,1,0
23914,3.284,92.50,303.00,1,1,0
23916,3.284,98.60,324.00,1,1,0
23919,3.284,92.30,303.00,1,1,0
23921,3.280,92.20,313.00,1,1,0
23924,3.284,92.60,303.00,1,1,0
23926,3.284,96.40,316.00,1,1,0
23939,3.288,98.80,324.00,1,1,0
23941,3.284,99.90,328.00,1,1,0
23944,3.284,97.40,319.00,1,0,1
23946,3.284,98.50,321.00,1,0,1
23949,3.288,99.40,372.00,1,1,0
23951,3.280,96.70,318.00,1,1,0
23954,3.284,93.70,308.00,1,1,0
23956,3.284,93.80,303.00,1,1,0
23959,3.284,92.50,303.00,1,1,0
23961,3.284,92.50,303.00,1,1,0
23963,3.284,99.10,328.00,1,1,0
23966,3.284,98.50,323.00,1,1,0
23968,3.284,98.80,324.00,1,1,0
23971,3.284,94.20,310.00,1,1,0
23984,3.284,98.70,324.00,1,1,0
23986,3.284,98.80,328.00,1,1,0
23989,3.284,99.40,326.00,1,1,0
23991,3.288,98.60,324.00,1,1,0
23993,3.284,98.60,324.00,1,1,0
23996,3.284,98.90,324.00,1,1,0
23998,3.288,96.70,316.00,1,0,1
24001,3.280,100.30,323.00,1,0,1
24003,3.284,98.70,323.00,1,1,0
24006,3.280,97.90,321.00,1,1,0
24008,3.280,101.70,326.00,1,1,0
24011,3.284,99.50,326.00,1,1,0
24013,3.284,98.80,324.00,1,1,0
24016,3.288,99.40,323.00,1,1,0
24028,3.284,98.90,324.00,1,1,0
24031,3.288,100.10,326.00,1,1,0
24033,3.284,98.00,321.00,1,1,0
24036,3.284,98.50,323.00,1,1,0
24038,3.284,98.40,323.00,1,1,0
24041,3.284,98.30,323.00,1,1,0
24043,3.288,100.10,329.00,1,1,0
24046,3.288,94.70,297.00,1,1,0
24048,3.284,98.30,323.00,1,1,0
24051,3.284,99.30,326.00,1,1,0
24053,3.284,98.50,323.00,1,0,1
24056,3.276,131.60,433.00,1,0,1
24058,3.284,98.70,324.00,1,1,0
24061,3.268,99.10,367.00,1,1,0
24073,3.288,99.10,326.00,1,1,0
24076,3.284,98.90,328.00,1,1,0
24078,3.284,98.80,324.00,1,1,0
24081,3.284,98.60,324.00,1,1,0
24083,3.284,98.20,324.00,1,1,0
24086,3.284,98.50,323.00,1,1,0
24088,3.284,98.60,324.00,1,1,0
24090,3.284,98.70,324.00,1,1,0
24093,3.284,99.30,326.00,1,1,0
24095,3.284,98.20,323.00,1,1,0
24098,3.284,98.70,326.00,1,1,0
24100,3.284,98.80,324.00,1,1,0
24103,3.284,98.50,323.00,1,1,0
24105,3.280,93.80,326.00,1,1,0
24118,3.284,100.00,323.00,1,1,0
24120,3.288,98.60,324.00,1,1,0
24123,3.284,100.80,331.00,1,1,0
24125,3.284,99.30,326.00,1,1,0
24128,3.284,98.80,326.00,1,1,0
24130,3.284,98.60,324.00,1,1,0
24133,3.288,98.40,323.00,1,1,0
24135,3.284,98.80,324.00,1,1,0
24138,3.284,99.30,326.00,1,1,0
24140,3.284,99.10,326.00,1,1,0
24143,3.284,99.20,326.00,1,1,0
24145,3.284,99.80,328.00,1,1,0
24148,3.284,98.10,323.00,1,1,0
24150,3.284,90.10,313.00,1,1,0
24163,3.284,98.80,324.00,1,0,1
24165,3.276,102.50,334.00,1,0,1
24168,3.280,99.00,324.00,1,1,0
24170,3.264,101.60,383.00,1,1,0
24173,3.280,98.40,323.00,1,1,0
24175,3.284,98.90,324.00,1,1,0
24178,3.284,98.30,323.00,1,1,0
24180,3.284,97.90,324.00,1,1,0
24183,3.284,98.50,323.00,1,1,0
24185,3.284,98.70,324.00,1,1,0
24187,3.284,98.70,326.00,1,1,0
24190,3.284,99.00,324.00,1,1,0
24192,3.284,98.90,324.00,1,1,0
24195,3.284,98.40,331.00,1,1,0
24208,3.280,98.00,326.00,1,1,0
24210,3.284,99.20,326.00,1,1,0
24212,3.284,100.60,331.00,1,1,0
24215,3.284,98.30,323.00,1,1,0
24217,3.284,98.40,323.00,1,0,1
24220,3.280,99.40,326.00,1,0,1
24222,3.288,129.80,323.00,1,1,0
24225,3.284,134.10,439.00,1,1,0
24227,3.280,100.80,331.00,1,1,0
24230,3.284,98.50,323.00,1,1,0
24232,3.284,98.50,324.00,1,1,0
24235,3.284,98.80,324.00,1,1,0
24237,3.284,99.10,326.00,1,1,0
24250,3.288,99.30,326.00,1,1,0
24252,3.284,90.10,323.00,1,1,0
24255,3.284,99.20,326.00,1,1,0
24257,3.288,98.80,324.00,1,1,0
24260,3.288,101.70,334.00,1,1,0
24262,3.288,98.40,323.00,1,1,0
24265,3.284,98.80,324.00,1,1,0
24267,3.284,98.60,324.00,1,1,0
24270,3.288,100.00,328.00,1,1,0
24272,3.284,99.20,326.00,1,1,0
24275,3.284,98.80,356.00,1,0,1
24277,3.288,102.10,336.00,1,0,1
24280,3.288,98.60,323.00,1,1,0
24282,3.284,97.40,324.00,1,1,0
24295,3.284,98.50,323.00,1,1,0
24297,3.284,98.60,324.00,1,1,0
24300,3.288,99.20,326.00,1,1,0
24302,3.284,100.10,329.00,1,1,0
24305,3.284,98.80,324.00,1,1,0
24307,3.284,101.10,333.00,1,1,0
24310,3.284,93.60,308.00,1,1,0
24312,3.284,98.50,323.00,1,1,0
24314,3.284,99.80,328.00,1,1,0
24317,3.284,98.60,324.00,1,1,0
24319,3.284,99.00,324.00,1,1,0
24322,3.284,98.70,324.00,1,1,0
24324,3.284,98.40,323.00,1,1,0
24327,3.284,98.00,324.00,1,1,0
24339,3.280,98.60,324.00,1,1,0
24342,3.284,98.30,323.00,1,1,0
24344,3.284,98.60,323.00,1,1,0
24347,3.284,98.10,323.00,1,1,0
24349,3.284,98.70,326.00,1,1,0
24352,3.284,99.80,328.00,1,1,0
24354,3.284,96.10,315.00,1,1,0
24357,3.284,90.10,324.00,1,1,0
24359,3.284,99.50,326.00,1,1,0
24362,3.276,101.40,333.00,1,1,0
24364,3.284,98.90,324.00,1,1,0
24367,3.284,98.10,323.00,1,1,0
24369,3.284,99.30,326.00,1,1,0
24372,3.284,99.30,323.00,1,1,0
24384,3.284,98.60,324.00,1,0,1
24387,3.284,98.80,324.00,1,0,1
24389,3.284,98.20,323.00,1,1,0
24392,3.280,132.50,434.00,1,1,0
24394,3.284,99.60,326.00,1,1,0
24397,3.284,99.10,326.00,1,1,0
24399,3.288,99.10,326.00,1,1,0
24402,3.284,99.60,324.00,1,1,0
24404,3.284,98.40,323.00,1,1,0
24407,3.280,98.50,323.00,1,1,0
24409,3.284,98.30,329.00,1,1,0
24411,3.284,96.10,316.00,1,1,0
24414,3.284,98.80,324.00,1,1,0
24416,3.284,97.50,328.00,1,1,0
24429,3.284,98.90,324.00,1,1,0
24432,3.284,98.80,324.00,1,1,0
24434,3.284,98.70,324.00,1,1,0
24437,3.284,98.50,323.00,1,1,0
24439,3.284,98.50,323.00,1,1,0
24441,3.284,98.60,324.00,1,0,1
24444,3.264,99.20,326.00,1,0,1
24446,3.284,100.80,369.00,1,1,0
24449,3.260,94.10,310.00,1,1,0
24451,3.284,100.10,329.00,1,1,0
24454,3.288,99.80,328.00,1,1,0
24456,3.284,90.10,297.00,1,1,0
24459,3.284,98.20,323.00,1,1,0
24461,3.284,98.60,324.00,1,1,0
24474,3.284,98.40,323.00,1,1,0
24476,3.284,99.20,326.00,1,1,0
24479,3.284,99.10,326.00,1,1,0
24481,3.284,99.00,326.00,1,1,0
24484,3.284,98.50,323.00,1,1,0
24486,3.284,98.20,323.00,1,1,0
24489,3.284,98.30,338.00,1,1,0
24491,3.280,98.40,323.00,1,1,0
24494,3.272,100.00,328.00,1,1,0
24496,3.284,99.00,324.00,1,0,1
24499,3.284,99.10,326.00,1,0,1
24501,3.260,98.80,324.00,1,1,0
24504,3.280,135.20,444.00,1,1,0
24506,3.284,99.10,331.00,1,1,0
24523,3.284,98.80,324.00,1,1,0
24526,3.284,95.60,315.00,1,1,0
24528,3.284,98.90,331.00,1,1,0
24531,3.284,98.90,324.00,1,1,0
24533,3.284,98.70,324.00,1,1,0
24536,3.284,98.90,324.00,1,1,0
24538,3.284,98.40,323.00,1,1,0
24541,3.284,98.80,324.00,1,1,0
24543,3.284,98.70,324.00,1,1,0
24545,3.284,98.60,324.00,1,1,0
24548,3.284,102.50,336.00,1,1,0
24550,3.284,99.70,328.00,1,1,0
24553,3.284,99.00,331.00,1,0,1
24555,3.284,103.40,341.00,1,0,1
24568,3.284,98.50,323.00,1,1,0
24570,3.284,99.10,326.00,1,1,0
24573,3.284,98.70,321.00,1,1,0
24575,3.284,98.90,324.00,1,1,0
24578,3.284,99.10,326.00,1,1,0
24580,3.284,99.20,324.00,1,1,0
24583,3.284,99.00,324.00,1,1,0
24585,3.284,98.90,324.00,1,1,0
24588,3.284,98.90,324.00,1,1,0
24590,3.284,98.80,324.00,1,1,0
24593,3.284,98.60,324.00,1,1,0
24595,3.284,98.80,324.00,1,1,0
24598,3.284,95.90,319.00,1,1,0
24600,3.284,94.80,311.00,1,1,0
24613,3.280,92.90,305.00,1,0,1
24615,3.280,98.70,324.00,1,0,1
24618,3.304,62.40,369.00,1,1,0
24620,3.276,98.40,323.00,1,1,0
24623,3.284,95.00,311.00,1,1,0
24625,3.284,97.60,310.00,1,1,0
24628,3.284,95.40,313.00,1,1,0
24630,3.284,98.60,324.00,1,1,0
24633,3.284,92.50,303.00,1,1,0
24635,3.284,92.40,303.00,1,1,0
24638,3.284,92.50,303.00,1,1,0
24640,3.284,92.30,315.00,1,1,0
24642,3.284,92.40,303.00,1,1,0
24645,3.284,98.70,324.00,1,1,0
24658,3.284,99.80,328.00,1,1,0
24660,3.284,95.70,315.00,1,1,0
24663,3.284,90.20,303.00,1,1,0
24665,3.284,94.90,311.00,1,1,0
24667,3.284,92.50,303.00,1,0,1
24670,3.284,99.00,372.00,1,0,1
24672,3.288,92.40,303.00,1,1,0
24675,3.272,92.50,303.00,1,1,0
24677,3.284,91.00,308.00,1,1,0
24680,3.284,92.50,303.00,1,1,0
24682,3.288,99.10,326.00,1,1,0
24685,3.284,99.30,319.00,1,1,0
24687,3.284,95.10,313.00,1,1,0
24690,3.284,99.70,328.00,1,1,0
24702,3.284,99.20,326.00,1,1,0
24705,3.284,92.20,303.00,1,1,0
24707,3.284,92.40,308.00,1,1,0
24710,3.284,97.70,321.00,1,1,0
24712,3.280,94.20,310.00,1,1,0
24715,3.280,95.60,303.00,1,1,0
24717,3.284,101.50,334.00,1,1,0
24720,3.284,98.90,324.00,1,1,0
24722,3.284,92.30,308.00,1,0,1
24725,3.280,99.00,324.00,1,0,1
24727,3.280,96.90,318.00,1,0,1
24730,3.284,136.70,308.00,1,1,0
24732,3.280,92.30,303.00,1,1,0
24735,3.284,93.70,308.00,1,1,0
24747,3.284,92.40,303.00,1,1,0
24750,3.284,96.30,316.00,1,1,0
24752,3.284,98.50,323.00,1,1,0
24755,3.284,97.20,319.00,1,1,0
24757,3.284,94.20,310.00,1,1,0
24760,3.284,92.40,326.00,1,1,0
24762,3.288,97.30,319.00,1,1,0
24765,3.284,90.30,297.00,1,1,0
24767,3.284,92.40,303.00,1,1,0
24769,3.284,92.30,303.00,1,1,0
24772,3.284,98.60,324.00,1,1,0
24774,3.284,98.70,324.00,1,1,0
24777,3.284,96.30,316.00,1,1,0
24779,3.284,103.60,341.00,1,0,1
24792,3.284,92.40,303.00,1,1,0
24794,3.284,98.70,323.00,1,1,0
24797,3.284,95.30,313.00,1,1,0
24799,3.288,93.60,308.00,1,1,0
24802,3.284,92.30,303.00,1,1,0
24804,3.284,93.10,303.00,1,1,0
24807,3.284,99.10,326.00,1,1,0
24809,3.284,98.50,323.00,1,1,0
24812,3.284,94.40,303.00,1,1,0
24814,3.284,98.80,324.00,1,1,0
24817,3.284,92.30,303.00,1,1,0
24819,3.280,92.40,328.00,1,1,0
24822,3.284,92.50,303.00,1,1,0
24824,3.280,93.70,306.00,1,1,0
24837,3.284,93.10,306.00,1,0,1
24839,3.264,98.50,338.00,1,1,0
24842,3.284,119.40,392.00,1,1,0
24844,3.280,94.60,311.00,1,1,0
24847,3.284,100.40,323.00,1,1,0
24849,3.284,92.40,303.00,1,1,0
24852,3.284,92.30,303.00,1,1,0
24854,3.284,93.60,303.00,1,1,0
24857,3.284,95.40,303.00,1,1,0
24859,3.284,92.40,303.00,1,1,0
24862,3.280,96.70,318.00,1,1,0
24864,3.284,99.80,315.00,1,1,0
24866,3.284,90.20,297.00,1,1,0
24869,3.284,92.40,303.00,1,1,0
24882,3.284,97.10,319.00,1,1,0
24884,3.284,98.90,324.00,1,1,0
24887,3.284,99.00,324.00,1,1,0
24889,3.280,100.00,328.00,1,1,0
24891,3.284,106.30,326.00,1,0,1
24894,3.280,97.70,321.00,1,0,1
24896,3.272,115.60,375.00,1,1,0
24899,3.280,98.60,323.00,1,1,0
24901,3.284,95.80,315.00,1,1,0
24904,3.284,96.20,316.00,1,1,0
24906,3.284,99.70,303.00,1,1,0
24909,3.284,99.40,328.00,1,1,0
24911,3.284,98.60,324.00,1,1,0
24914,3.284,98.70,324.00,1,1,0
24926,3.284,98.50,323.00,1,1,0
24929,3.284,97.30,328.00,1,1,0
24931,3.284,98.00,321.00,1,1,0
24934,3.284,93.00,305.00,1,1,0
24936,3.284,96.90,326.00,1,1,0
24939,3.284,99.30,326.00,1,1,0
24941,3.280,98.70,324.00,1,1,0
24944,3.284,98.30,324.00,1,1,0
24946,3.284,100.10,329.00,1,0,1
24949,3.272,108.40,356.00,1,0,1
24951,3.284,98.90,329.00,1,1,0
24954,3.280,98.50,323.00,1,1,0
24956,3.284,98.40,323.00,1,1,0
24959,3.284,98.70,324.00,1,1,0
24971,3.284,99.00,324.00,1,1,0
24974,3.284,99.60,324.00,1,1,0
24976,3.284,98.60,324.00,1,1,0
24979,3.284,98.60,324.00,1,1,0
24981,3.284,98.80,324.00,1,1,0
24984,3.284,98.40,323.00,1,1,0
24986,3.284,98.70,324.00,1,1,0
24988,3.284,99.20,326.00,1,1,0
24991,3.284,98.60,324.00,1,1,0
24993,3.284,99.20,326.00,1,1,0
24996,3.284,98.60,324.00,1,1,0
24998,3.284,98.20,323.00,1,1,0
25001,3.284,101.60,333.00,1,0,1
25003,3.284,131.80,323.00,1,0,1
25016,3.284,98.80,324.00,1,1,0
25018,3.284,98.40,324.00,1,1,0
25021,3.284,98.90,324.00,1,1,0
25023,3.284,98.80,324.00,1,1,0
25026,3.280,94.20,323.00,1,1,0
25028,3.284,98.40,323.00,1,1,0
25031,3.284,98.90,324.00,1,1,0
25033,3.284,98.80,324.00,1,1,0
25036,3.284,100.10,329.00,1,1,0
25038,3.284,98.60,324.00,1,1,0
25041,3.284,99.10,323.00,1,1,0
25043,3.284,98.40,323.00,1,1,0
25046,3.284,98.30,323.00,1,1,0
25048,3.284,98.70,338.00,1,1,0
25061,3.284,98.50,323.00,1,1,0
25063,3.284,96.40,324.00,1,1,0
25066,3.284,97.90,321.00,1,1,0
25068,3.284,100.00,328.00,1,1,0
25071,3.284,90.20,297.00,1,1,0
25073,3.284,99.20,326.00,1,1,0
25076,3.284,99.30,326.00,1,1,0
25078,3.284,98.70,324.00,1,1,0
25081,3.284,99.10,326.00,1,1,0
25083,3.284,98.90,324.00,1,1,0
25086,3.284,99.20,323.00,1,1,0
25088,3.284,99.80,328.00,1,1,0
25090,3.284,99.20,326.00,1,1,0
25093,3.284,98.60,324.00,1,1,0
25106,3.284,99.60,334.00,1,1,0
25108,3.276,98.90,324.00,1,1,0
25111,3.284,98.70,323.00,1,0,1
25113,3.284,129.00,326.00,1,0,1
25115,3.284,98.80,329.00,1,1,0
25118,3.272,95.30,313.00,1,1,0
25120,3.280,98.70,324.00,1,1,0
25123,3.284,98.50,324.00,1,1,0
25125,3.284,98.70,324.00,1,1,0
25128,3.284,93.70,308.00,1,1,0
25130,3.284,98.70,324.00,1,1,0
25133,3.284,98.80,324.00,1,1,0
25135,3.284,99.40,326.00,1,1,0
25138,3.284,99.30,311.00,1,1,0
25150,3.284,98.50,326.00,1,1,0
25153,3.284,98.50,323.00,1,1,0
25155,3.284,99.70,328.00,1,1,0
25158,3.284,98.30,328.00,1,1,0
25160,3.284,97.70,321.00,1,1,0
25163,3.284,98.30,323.00,1,1,0
25165,3.284,98.50,328.00,1,0,1
25168,3.284,98.40,323.00,1,0,1
25170,3.284,99.80,328.00,1,1,0
25173,3.284,94.00,308.00,1,1,0
25175,3.284,93.80,324.00,1,1,0
25178,3.284,99.00,324.00,1,1,0
25180,3.284,99.00,324.00,1,1,0
25183,3.256,97.40,308.00,1,1,0
25195,3.284,98.80,305.00,1,1,0
25198,3.284,92.50,303.00,1,1,0
25200,3.284,92.50,303.00,1,1,0
25203,3.284,92.50,305.00,1,1,0
25205,3.284,92.80,305.00,1,1,0
25208,3.280,92.40,303.00,1,1,0
25210,3.284,92.40,315.00,1,1,0
25212,3.284,98.70,324.00,1,1,0
25215,3.284,99.00,324.00,1,1,0
25217,3.284,99.30,326.00,1,1,0
25220,3.284,100.30,326.00,1,1,0
25222,3.284,100.60,329.00,1,0,1
25225,3.284,98.70,324.00,1,0,1
25227,3.284,98.40,323.00,1,1,0
25240,3.284,97.50,323.00,1,1,0
25242,3.284,98.30,323.00,1,1,0
25245,3.284,98.80,324.00,1,1,0
25247,3.284,98.90,326.00,1,1,0
25250,3.284,98.80,324.00,1,1,0
25252,3.284,99.10,326.00,1,1,0
25255,3.284,98.80,323.00,1,1,0
25257,3.284,98.70,324.00,1,1,0
25260,3.284,98.30,323.00,1,1,0
25262,3.284,98.80,324.00,1,1,0
25265,3.284,98.90,324.00,1,1,0
25267,3.288,98.80,324.00,1,1,0
25270,3.288,98.80,323.00,1,1,0
25272,3.284,99.70,328.00,1,1,0
25285,3.280,134.00,311.00,1,1,0
25287,3.284,98.80,324.00,1,1,0
25290,3.284,98.70,324.00,1,1,0
25292,3.284,98.00,324.00,1,1,0
25295,3.288,99.40,326.00,1,1,0
25297,3.288,98.90,324.00,1,1,0
25300,3.284,98.80,326.00,1,1,0
25302,3.288,98.80,324.00,1,1,0
25305,3.284,98.70,324.00,1,1,0
25307,3.284,99.10,323.00,1,1,0
25309,3.288,98.70,324.00,1,1,0
25312,3.284,98.40,323.00,1,1,0
25314,3.284,99.00,326.00,1,1,0
25317,3.284,98.70,324.00,1,1,0
25330,3.284,99.00,326.00,1,1,0
25332,3.284,94.30,310.00,1,1,0
25335,3.284,105.30,346.00,1,0,1
25337,3.284,131.90,323.00,1,0,1
25339,3.284,102.80,334.00,1,1,0
25342,3.280,94.30,310.00,1,1,0
25344,3.284,99.00,324.00,1,1,0
25347,3.284,98.80,324.00,1,1,0
25349,3.284,98.60,324.00,1,1,0
25352,3.288,101.80,323.00,1,1,0
25354,3.284,98.30,323.00,1,1,0
25357,3.284,98.30,323.00,1,1,0
25359,3.284,98.60,324.00,1,1,0
25372,3.284,98.00,323.00,1,1,0
25374,3.284,99.50,328.00,1,1,0
25377,3.284,90.20,297.00,1,1,0
25379,3.284,93.80,326.00,1,1,0
25382,3.284,99.50,328.00,1,1,0
25384,3.288,99.00,324.00,1,1,0
25387,3.280,98.90,324.00,1,1,0
25389,3.284,98.20,324.00,1,0,1
25392,3.276,98.90,323.00,1,0,1
25394,3.284,99.50,326.00,1,1,0
25397,3.272,114.00,326.00,1,1,0
25399,3.284,99.10,324.00,1,1,0
25402,3.284,94.00,308.00,1,1,0
25404,3.284,99.50,324.00,1,1,0
25417,3.284,99.00,326.00,1,1,0
25419,3.288,98.40,323.00,1,1,0
25422,3.284,98.30,323.00,1,1,0
25424,3.284,98.80,329.00,1,1,0
25427,3.288,99.60,328.00,1,1,0
25429,3.284,99.70,328.00,1,1,0
25432,3.284,100.30,323.00,1,1,0
25434,3.284,94.80,311.00,1,1,0
25437,3.284,99.20,326.00,1,1,0
25439,3.284,98.50,323.00,1,1,0
25441,3.284,99.20,326.00,1,1,0
25444,3.284,98.70,324.00,1,1,0
25446,3.284,106.20,349.00,1,0,1
25449,3.284,98.40,324.00,1,0,1
25462,3.284,98.60,323.00,1,1,0
25464,3.284,98.40,323.00,1,1,0
25466,3.284,98.20,323.00,1,1,0
25469,3.284,98.40,323.00,1,1,0
25471,3.284,98.70,323.00,1,1,0
25474,3.288,99.10,326.00,1,1,0
25476,3.284,99.40,326.00,1,1,0
25479,3.284,90.50,297.00,1,1,0
25481,3.284,92.50,303.00,1,1,0
25484,3.284,98.80,326.00,1,1,0
25486,3.288,98.20,323.00,1,1,0
25489,3.284,103.40,339.00,1,1,0
25491,3.284,97.50,321.00,1,1,0
25494,3.288,99.10,326.00,1,1,0
25506,3.288,100.30,338.00,1,1,0
25509,3.268,99.00,326.00,1,1,0
25511,3.284,98.60,324.00,1,1,0
25514,3.288,98.40,323.00,1,1,0
25516,3.284,98.40,323.00,1,1,0
25519,3.284,98.40,323.00,1,1,0
25521,3.284,98.80,324.00,1,1,0
25524,3.284,98.80,324.00,1,1,0
25526,3.284,98.90,324.00,1,1,0
25529,3.288,98.40,326.00,1,1,0
25531,3.284,101.10,333.00,1,1,0
25534,3.288,98.40,323.00,1,1,0
25536,3.288,98.90,316.00,1,1,0
25538,3.284,94.90,311.00,1,1,0
25551,3.284,98.30,326.00,1,1,0
25554,3.288,98.40,323.00,1,1,0
25556,3.284,103.80,341.00,1,0,1
25559,3.284,98.50,344.00,1,0,1
25561,3.268,125.20,410.00,1,1,0
25563,3.280,98.70,324.00,1,1,0
25566,3.284,98.80,324.00,1,1,0
25568,3.288,98.40,323.00,1,1,0
25571,3.284,98.80,324.00,1,1,0
25573,3.284,99.00,324.00,1,1,0
25576,3.284,99.70,328.00,1,1,0
25578,3.288,103.10,339.00,1,1,0
25581,3.288,99.90,308.00,1,1,0
25583,3.284,90.20,297.00,1,1,0
25596,3.284,99.10,324.00,1,1,0
25598,3.288,98.70,324.00,1,1,0
25601,3.284,99.80,328.00,1,1,0
25603,3.288,99.20,326.00,1,1,0
25606,3.284,99.00,326.00,1,1,0
25608,3.288,99.50,328.00,1,1,0
25611,3.284,98.80,347.00,1,0,1
25613,3.288,98.20,323.00,1,0,1
25616,3.284,98.30,321.00,1,1,0
25618,3.284,96.70,324.00,1,1,0
25621,3.288,100.40,329.00,1,1,0
25623,3.284,98.80,324.00,1,1,0
25626,3.284,99.00,324.00,1,1,0
25628,3.284,98.30,323.00,1,1,0
25641,3.284,94.30,324.00,1,1,0
25643,3.284,99.10,326.00,1,1,0
25646,3.284,99.50,326.00,1,1,0
25648,3.284,98.90,326.00,1,1,0
25651,3.284,98.50,324.00,1,1,0
25653,3.284,98.60,324.00,1,1,0
25656,3.284,98.80,324.00,1,1,0
25658,3.284,98.80,324.00,1,1,0
25660,3.284,98.50,323.00,1,1,0
25663,3.288,98.60,323.00,1,1,0
25665,3.284,98.40,323.00,1,0,1
25668,3.284,129.80,426.00,1,0,1
25670,3.284,98.40,329.00,1,1,0
25673,3.272,95.30,313.00,1,1,0
25685,3.284,90.20,297.00,1,1,0
25688,3.288,100.60,331.00,1,1,0
25690,3.284,98.90,328.00,1,1,0
25693,3.288,99.00,324.00,1,1,0
25695,3.284,99.50,326.00,1,1,0
25698,3.288,100.10,329.00,1,1,0
25700,3.284,98.80,326.00,1,1,0
25703,3.288,99.70,328.00,1,1,0
25705,3.288,99.10,326.00,1,1,0
25708,3.288,98.60,323.00,1,1,0
25710,3.284,98.90,324.00,1,1,0
25713,3.284,98.30,323.00,1,1,0
25715,3.284,98.20,324.00,1,1,0
25718,3.284,97.80,321.00,1,1,0
25730,3.284,98.60,324.00,1,1,0
25733,3.284,98.40,323.00,1,1,0
25735,3.288,98.40,328.00,1,1,0
25738,3.276,98.40,323.00,1,1,0
25740,3.284,99.70,328.00,1,1,0
25743,3.284,93.60,310.00,1,1,0
25745,3.284,98.50,324.00,1,1,0
25748,3.288,98.80,324.00,1,1,0
25750,3.288,101.80,334.00,1,1,0
25753,3.284,98.60,324.00,1,1,0
25755,3.284,98.60,324.00,1,1,0
25757,3.284,98.40,323.00,1,1,0
25760,3.284,98.50,324.00,1,1,0
25762,3.284,99.10,326.00,1,1,0
25775,3.284,98.50,323.00,1,1,0
25778,3.276,98.70,324.00,1,0,1
25780,3.260,98.40,326.00,1,0,1
25782,3.284,121.10,396.00,1,1,0
25785,3.280,101.00,333.00,1,1,0
25787,3.284,90.80,298.00,1,1,0
25790,3.284,95.00,311.00,1,1,0
25792,3.288,99.30,326.00,1,1,0
25795,3.288,98.40,323.00,1,1,0
25797,3.288,97.40,319.00,1,1,0
25800,3.284,99.00,324.00,1,1,0
25802,3.284,98.50,323.00,1,1,0
25805,3.284,98.70,326.00,1,1,0
25807,3.284,99.60,328.00,1,1,0
25820,3.284,98.80,324.00,1,1,0
25822,3.284,98.60,324.00,1,1,0
25825,3.284,98.40,323.00,1,1,0
25827,3.284,98.70,324.00,1,1,0
25830,3.284,99.10,326.00,1,1,0
25832,3.284,101.20,323.00,1,0,1
25835,3.284,128.50,423.00,1,0,1
25837,3.284,102.40,336.00,1,1,0
25840,3.280,93.70,334.00,1,1,0
25842,3.284,98.40,323.00,1,1,0
25845,3.280,93.40,306.00,1,1,0
25847,3.284,98.90,324.00,1,1,0
25850,3.284,98.70,324.00,1,1,0
25852,3.284,98.20,323.00,1,1,0
25865,3.284,98.40,323.00,1,1,0
25867,3.284,98.50,324.00,1,1,0
25870,3.284,98.40,323.00,1,1,0
25872,3.284,98.60,324.00,1,1,0
25875,3.288,90.00,295.00,1,1,0
25877,3.284,90.20,316.00,1,1,0
25879,3.284,90.30,297.00,1,1,0
25882,3.284,90.40,297.00,1,1,0
25884,3.284,90.20,297.00,1,1,0
25887,3.284,99.70,328.00,1,0,1
25889,3.284,90.00,295.00,1,0,1
25892,3.280,96.00,419.00,1,1,0
25894,3.272,98.80,324.00,1,1,0
25897,3.280,93.80,308.00,1,1,0
25909,3.288,99.10,326.00,1,1,0
25912,3.284,98.50,323.00,1,1,0
25914,3.284,98.50,326.00,1,1,0
25917,3.288,101.90,334.00,1,1,0
25919,3.288,98.70,324.00,1,1,0
25922,3.284,98.10,326.00,1,1,0
25924,3.288,98.50,323.00,1,1,0
25927,3.284,98.70,324.00,1,1,0
25929,3.284,98.80,324.00,1,1,0
25932,3.284,98.80,324.00,1,1,0
25934,3.288,98.70,324.00,1,1,0
25937,3.284,98.50,324.00,1,1,0
25939,3.284,99.70,328.00,1,1,0
25942,3.284,98.30,323.00,1,0,1
25954,3.284,98.80,324.00,1,1,0
25957,3.288,99.10,326.00,1,1,0
25959,3.284,98.60,323.00,1,1,0
25962,3.284,98.50,323.00,1,1,0
25964,3.284,98.90,324.00,1,1,0
25967,3.284,98.70,324.00,1,1,0
25969,3.284,100.40,329.00,1,1,0
25972,3.284,98.80,324.00,1,1,0
25974,3.288,99.10,324.00,1,1,0
25977,3.284,98.30,323.00,1,1,0
25979,3.284,95.70,315.00,1,1,0
25981,3.284,98.70,324.00,1,1,0
25984,3.284,98.70,324.00,1,1,0
25986,3.284,98.50,324.00,1,1,0
25999,3.284,106.70,351.00,1,0,1
26002,3.284,133.90,324.00,1,0,1
26004,3.288,102.90,338.00,1,1,0
26006,3.276,123.30,405.00,1,1,0
26009,3.284,97.30,319.00,1,1,0
26011,3.284,98.60,326.00,1,1,0
26014,3.288,98.60,324.00,1,1,0
26016,3.284,98.50,323.00,1,1,0
26019,3.284,98.80,324.00,1,1,0
26021,3.284,98.50,323.00,1,1,0
26024,3.284,98.80,324.00,1,1,0
26026,3.284,98.40,324.00,1,1,0
26029,3.284,98.70,324.00,1,1,0
26041,3.284,99.90,328.00,1,1,0
26044,3.284,97.70,321.00,1,1,0
26046,3.284,98.80,324.00,1,1,0
26049,3.288,94.30,310.00,1,1,0
26051,3.284,101.40,333.00,1,1,0
26054,3.284,98.50,323.00,1,0,1
26056,3.276,103.00,338.00,1,0,1
26059,3.284,130.70,429.00,1,1,0
26061,3.256,99.50,328.00,1,1,0
26064,3.284,102.10,336.00,1,1,0
26066,3.284,98.80,324.00,1,1,0
26069,3.284,99.40,319.00,1,1,0
26071,3.284,98.60,324.00,1,1,0
26084,3.284,98.80,329.00,1,1,0
26086,3.284,98.80,324.00,1,1,0
26089,3.284,98.40,323.00,1,1,0
26091,3.284,99.10,328.00,1,1,0
26094,3.284,90.40,297.00,1,1,0
26096,3.284,98.00,321.00,1,1,0
26099,3.284,98.70,324.00,1,1,0
26101,3.284,99.00,324.00,1,1,0
26104,3.284,98.70,324.00,1,1,0
26106,3.284,98.90,334.00,1,1,0
26109,3.288,101.00,333.00,1,0,1
26111,3.280,99.00,324.00,1,0,1
26113,3.284,99.60,326.00,1,1,0
26116,3.284,98.90,324.00,1,1,0
26129,3.284,99.00,326.00,1,1,0
26131,3.284,99.10,326.00,1,1,0
26134,3.288,99.40,326.00,1,1,0
26136,3.284,98.40,323.00,1,1,0
26138,3.284,98.40,323.00,1,1,0
26141,3.284,98.80,324.00,1,1,0
26143,3.284,98.70,331.00,1,1,0
26146,3.284,98.70,324.00,1,1,0
26148,3.284,98.70,324.00,1,1,0
26151,3.284,101.10,311.00,1,1,0
26153,3.284,98.40,323.00,1,1,0
26156,3.284,98.30,323.00,1,1,0
26158,3.284,98.70,326.00,1,1,0
26161,3.284,98.70,324.00,1,1,0
26173,3.284,98.50,324.00,1,1,0
26176,3.284,97.10,319.00,1,1,0
26178,3.284,98.80,324.00,1,1,0
26181,3.284,99.00,324.00,1,1,0
26183,3.284,98.50,323.00,1,1,0
26186,3.284,98.30,323.00,1,1,0
26188,3.284,98.50,326.00,1,1,0
26191,3.284,98.40,323.00,1,1,0
26193,3.284,99.60,328.00,1,1,0
26196,3.284,99.30,297.00,1,1,0
26198,3.284,95.60,315.00,1,1,0
26201,3.284,98.40,323.00,1,1,0
26203,3.284,98.80,329.00,1,1,0
26206,3.284,98.50,323.00,1,1,0
26218,3.284,98.80,324.00,1,0,1
26221,3.276,98.30,323.00,1,0,1
26223,3.284,99.10,324.00,1,0,1
26226,3.284,101.10,387.00,1,1,0
26228,3.284,99.20,326.00,1,1,0
26231,3.284,99.10,326.00,1,1,0
26233,3.284,98.50,336.00,1,1,0
26235,3.284,98.50,323.00,1,1,0
26238,3.284,98.40,323.00,1,1,0
26240,3.284,98.90,326.00,1,1,0
26243,3.284,99.20,326.00,1,1,0
26245,3.284,99.30,326.00,1,1,0
26248,3.284,99.00,323.00,1,1,0
26250,3.284,98.40,323.00,1,1,0
26263,3.288,98.70,324.00,1,1,0
26265,3.284,98.30,323.00,1,1,0
26268,3.284,98.40,329.00,1,1,0
26270,3.288,98.60,324.00,1,1,0
26273,3.284,98.80,324.00,1,1,0
26275,3.284,106.10,326.00,1,0,1
26278,3.284,104.70,328.00,1,0,1
26280,3.288,102.60,336.00,1,1,0
26283,3.284,93.70,308.00,1,1,0
26285,3.284,98.30,323.00,1,1,0
26288,3.288,98.50,324.00,1,1,0
26290,3.284,95.50,313.00,1,1,0
26293,3.284,98.70,333.00,1,1,0
26295,3.268,98.90,324.00,1,1,0
26308,3.284,98.50,323.00,1,1,0
26310,3.284,98.60,324.00,1,1,0
26313,3.288,101.30,326.00,1,1,0
26315,3.288,98.40,323.00,1,1,0
26318,3.284,98.60,324.00,1,1,0
26320,3.288,99.20,326.00,1,1,0
26323,3.284,99.10,326.00,1,1,0
26325,3.284,99.60,328.00,1,1,0
26328,3.284,99.40,326.00,1,1,0
26330,3.284,98.40,323.00,1,0,1
26332,3.276,98.50,323.00,1,0,1
26335,3.284,98.40,323.00,1,1,0
26337,3.276,109.50,308.00,1,1,0
26340,3.280,99.00,324.00,1,1,0
26353,3.284,98.70,324.00,1,1,0
26355,3.284,100.80,331.00,1,1,0
26357,3.284,94.40,324.00,1,1,0
26360,3.284,99.30,326.00,1,1,0
26362,3.284,98.40,323.00,1,1,0
26365,3.288,98.70,323.00,1,1,0
26367,3.284,98.90,324.00,1,1,0
26370,3.284,98.60,324.00,1,1,0
26372,3.284,99.00,324.00,1,1,0
26375,3.288,99.00,324.00,1,1,0
26377,3.284,98.50,323.00,1,1,0
26380,3.284,98.70,326.00,1,1,0
26382,3.284,98.40,323.00,1,1,0
26385,3.284,98.90,324.00,1,1,0
26397,3.288,98.70,324.00,1,1,0
26400,3.284,99.70,328.00,1,1,0
26402,3.284,90.40,297.00,1,1,0
26405,3.284,99.00,324.00,1,1,0
26407,3.284,99.10,326.00,1,1,0
26410,3.284,98.70,323.00,1,1,0
26412,3.284,98.40,323.00,1,1,0
26415,3.288,98.70,324.00,1,1,0
26417,3.288,98.40,323.00,1,1,0
26420,3.284,101.00,331.00,1,1,0
26422,3.284,99.30,326.00,1,1,0
26425,3.284,98.60,326.00,1,1,0
26427,3.284,102.90,339.00,1,1,0
26429,3.288,98.90,324.00,1,1,0
26442,3.284,105.30,346.00,1,0,1
26445,3.260,99.80,328.00,1,0,1
26447,3.284,98.60,418.00,1,1,0
26450,3.280,98.60,324.00,1,1,0
26452,3.284,104.00,339.00,1,1,0
26454,3.284,99.10,324.00,1,1,0
26457,3.284,101.10,333.00,1,1,0
26459,3.284,93.60,306.00,1,1,0
26462,3.284,100.60,323.00,1,1,0
26464,3.284,98.80,324.00,1,1,0
26467,3.284,98.60,324.00,1,1,0
26469,3.284,99.30,324.00,1,1,0
26472,3.284,103.60,341.00,1,1,0
26484,3.284,99.10,326.00,1,1,0
26487,3.284,98.80,324.00,1,1,0
26489,3.284,98.60,324.00,1,1,0
26492,3.284,98.50,323.00,1,1,0
26494,3.284,94.80,311.00,1,1,0
26497,3.284,98.60,323.00,1,0,1
26499,3.284,101.80,326.00,1,0,1
26502,3.284,102.00,334.00,1,1,0
26504,3.280,91.70,301.00,1,1,0
26507,3.276,103.00,324.00,1,1,0
26509,3.280,99.00,324.00,1,1,0
26512,3.284,98.30,323.00,1,1,0
26514,3.284,98.50,324.00,1,1,0
26517,3.284,100.40,329.00,1,1,0
26534,3.284,98.80,323.00,1,1,0
26537,3.284,98.30,323.00,1,1,0
26539,3.284,98.50,323.00,1,1,0
26542,3.288,98.10,323.00,1,1,0
26544,3.284,98.50,324.00,1,1,0
26547,3.284,98.60,324.00,1,1,0
26549,3.284,98.60,324.00,1,1,0
26552,3.284,98.60,323.00,1,0,1
26554,3.284,99.10,326.00,1,0,1
26556,3.284,98.40,323.00,1,1,0
26559,3.280,131.10,310.00,1,1,0
26561,3.280,94.20,310.00,1,1,0
26564,3.284,99.00,324.00,1,1,0
26566,3.284,99.00,324.00,1,1,0
26579,3.284,98.60,323.00,1,1,0
26581,3.284,98.80,324.00,1,1,0
26584,3.284,99.30,326.00,1,1,0
26586,3.284,98.60,324.00,1,1,0
26589,3.284,98.60,324.00,1,1,0
26591,3.284,98.40,323.00,1,1,0
26594,3.284,101.50,333.00,1,1,0
26596,3.284,99.20,324.00,1,1,0
26599,3.284,102.40,336.00,1,1,0
26601,3.284,101.90,334.00,1,1,0
26604,3.284,100.40,329.00,1,1,0
26606,3.284,90.20,297.00,1,0,1
26609,3.276,98.80,324.00,1,0,1
26621,3.284,96.70,318.00,1,1,0
26624,3.284,98.50,323.00,1,1,0
26626,3.284,99.20,326.00,1,1,0
26629,3.284,98.20,323.00,1,1,0
26631,3.284,98.40,326.00,1,1,0
26634,3.288,98.20,323.00,1,1,0
26636,3.284,98.50,323.00,1,1,0
26639,3.284,102.60,324.00,1,1,0
26641,3.284,98.90,324.00,1,1,0
26644,3.284,98.60,324.00,1,1,0
26646,3.284,98.80,324.00,1,1,0
26649,3.284,99.00,324.00,1,1,0
26651,3.284,99.20,326.00,1,1,0
26654,3.284,98.30,323.00,1,1,0
26666,3.264,98.90,324.00,1,0,1
26669,3.284,99.10,324.00,1,0,1
26671,3.284,62.40,206.00,1,0,1
26674,3.304,117.30,385.00,1,1,0
26676,3.280,98.60,324.00,1,1,0
26679,3.284,99.40,326.00,1,1,0
26681,3.284,98.70,324.00,1,1,0
26683,3.284,98.60,324.00,1,1,0
26686,3.284,98.70,324.00,1,1,0
26688,3.284,98.60,324.00,1,1,0
26691,3.284,98.80,323.00,1,1,0
26693,3.284,98.40,323.00,1,1,0
26696,3.284,99.00,324.00,1,1,0
26698,3.284,98.60,326.00,1,1,0
26711,3.284,99.20,326.00,1,1,0
26713,3.284,99.80,329.00,1,1,0
26716,3.284,99.30,326.00,1,1,0
26718,3.284,99.50,326.00,1,1,0
26721,3.288,99.00,324.00,1,1,0
26723,3.284,99.30,326.00,1,0,1
26726,3.284,102.70,338.00,1,0,1
26728,3.284,129.50,357.00,1,1,0
26731,3.272,115.70,380.00,1,1,0
26733,3.280,100.10,329.00,1,1,0
26736,3.284,97.10,324.00,1,1,0
26738,3.284,97.80,321.00,1,1,0
26741,3.284,98.40,323.00,1,1,0
26753,3.284,99.20,326.00,1,1,0
26756,3.284,99.10,324.00,1,1,0
26758,3.284,102.60,336.00,1,1,0
26761,3.280,98.70,324.00,1,1,0
26763,3.284,98.70,324.00,1,1,0
26766,3.284,99.90,308.00,1,1,0
26768,3.284,98.40,323.00,1,1,0
26771,3.284,98.60,324.00,1,1,0
26773,3.284,100.50,324.00,1,1,0
26776,3.284,98.70,324.00,1,1,0
26778,3.284,98.70,324.00,1,0,1
26781,3.284,98.80,324.00,1,0,1
26783,3.284,124.00,408.00,1,1,0
26785,3.272,93.70,308.00,1,1,0
26798,3.284,98.40,323.00,1,1,0
26801,3.284,98.60,323.00,1,1,0
26803,3.284,98.80,324.00,1,1,0
26806,3.284,99.20,326.00,1,1,0
26808,3.284,99.40,328.00,1,1,0
26810,3.284,90.40,297.00,1,1,0
26813,3.284,99.30,326.00,1,1,0
26815,3.284,98.80,324.00,1,1,0
26818,3.284,99.20,326.00,1,1,0
26820,3.284,98.40,323.00,1,1,0
26823,3.284,98.50,324.00,1,1,0
26825,3.284,100.00,324.00,1,1,0
26828,3.284,98.60,324.00,1,1,0
26830,3.284,98.70,324.00,1,1,0
26843,3.284,98.70,324.00,1,1,0
26845,3.284,98.70,324.00,1,1,0
26848,3.284,98.60,324.00,1,1,0
26850,3.284,98.80,324.00,1,1,0
26853,3.284,98.60,326.00,1,1,0
26855,3.284,98.60,324.00,1,1,0
26858,3.284,98.60,324.00,1,1,0
26860,3.284,98.80,329.00,1,1,0
26863,3.284,98.80,324.00,1,1,0
26865,3.284,99.20,326.00,1,1,0
26868,3.284,100.40,321.00,1,1,0
26870,3.280,94.10,321.00,1,1,0
26873,3.284,98.20,323.00,1,1,0
26875,3.284,100.10,329.00,1,1,0
26888,3.284,98.50,323.00,1,0,1
26890,3.276,98.40,326.00,1,0,1
26893,3.264,98.70,324.00,1,1,0
26895,3.252,93.80,308.00,1,1,0
26898,3.284,98.70,324.00,1,1,0
26900,3.284,99.10,326.00,1,1,0
26903,3.284,98.50,323.00,1,1,0
26905,3.284,98.70,323.00,1,1,0
26907,3.284,99.10,324.00,1,1,0
26910,3.284,99.90,328.00,1,1,0
26912,3.284,99.20,297.00,1,1,0
26915,3.284,98.40,323.00,1,1,0
26917,3.284,98.70,324.00,1,1,0
26920,3.284,98.80,324.00,1,1,0
26933,3.284,99.20,326.00,1,1,0
26935,3.284,99.30,324.00,1,1,0
26937,3.284,98.30,323.00,1,1,0
26940,3.284,99.20,326.00,1,1,0
26942,3.284,98.20,324.00,1,0,1
26945,3.284,98.70,324.00,1,0,1
26947,3.284,98.60,324.00,1,1,0
26950,3.280,131.90,308.00,1,1,0
26952,3.280,98.90,324.00,1,1,0
26955,3.284,98.60,324.00,1,1,0
26957,3.284,99.00,324.00,1,1,0
26960,3.284,98.60,324.00,1,1,0
26962,3.288,98.90,324.00,1,1,0
26965,3.284,98.70,323.00,1,1,0
26977,3.284,99.20,326.00,1,1,0
26980,3.284,98.90,324.00,1,1,0
26982,3.284,98.40,323.00,1,1,0
26985,3.284,99.20,326.00,1,1,0
26987,3.284,98.40,324.00,1,1,0
26990,3.284,98.90,324.00,1,1,0
26992,3.284,99.00,324.00,1,1,0
26995,3.284,98.90,324.00,1,1,0
26997,3.284,98.40,323.00,1,1,0
27000,3.276,99.60,328.00,1,0,1
27002,3.260,98.60,323.00,1,0,1
27005,3.284,106.40,349.00,1,1,0
27007,3.284,98.60,324.00,1,1,0
27009,3.284,98.70,324.00,1,1,0
27022,3.284,99.00,324.00,1,1,0
27025,3.284,98.80,324.00,1,1,0
27027,3.284,99.70,328.00,1,1,0
27030,3.284,99.00,324.00,1,1,0
27032,3.284,99.20,323.00,1,1,0
27034,3.284,99.30,326.00,1,1,0
27037,3.284,99.60,328.00,1,1,0
27039,3.284,98.60,324.00,1,1,0
27042,3.288,98.90,324.00,1,1,0
27044,3.280,98.30,323.00,1,1,0
27047,3.284,98.50,324.00,1,1,0
27049,3.284,98.40,323.00,1,1,0
27052,3.284,98.30,323.00,1,1,0
27054,3.284,100.00,324.00,1,0,1
27067,3.284,98.40,324.00,1,1,0
27069,3.284,102.10,336.00,1,1,0
27072,3.284,101.60,334.00,1,1,0
27074,3.280,93.80,308.00,1,1,0
27077,3.272,98.70,324.00,1,1,0
27079,3.284,99.40,326.00,1,1,0
27082,3.284,98.60,324.00,1,1,0
27084,3.284,98.60,324.00,1,1,0
27087,3.284,100.00,328.00,1,1,0
27089,3.284,98.80,324.00,1,1,0
27092,3.288,99.10,324.00,1,1,0
27094,3.284,98.80,324.00,1,1,0
27097,3.284,103.20,339.00,1,1,0
27109,3.284,108.30,356.00,1,0,1
27112,3.264,99.40,323.00,1,0,1
27114,3.284,121.70,400.00,1,1,0
27117,3.280,99.90,328.00,1,1,0
27119,3.284,90.20,301.00,1,1,0
27122,3.272,98.80,324.00,1,1,0
27124,3.284,99.30,326.00,1,1,0
27127,3.284,99.00,326.00,1,1,0
27129,3.284,98.70,324.00,1,1,0
27132,3.284,100.00,328.00,1,1,0
27134,3.284,98.30,323.00,1,1,0
27136,3.284,98.60,334.00,1,1,0
27139,3.288,99.30,326.00,1,1,0
27141,3.284,98.80,324.00,1,1,0
27154,3.284,98.80,324.00,1,1,0
27157,3.284,99.30,326.00,1,1,0
27159,3.284,99.10,326.00,1,1,0
27161,3.284,99.70,328.00,1,1,0
27164,3.284,98.30,323.00,1,0,1
27166,3.284,98.30,323.00,1,0,1
27169,3.284,99.70,324.00,1,1,0
27171,3.280,100.10,323.00,1,1,0
27174,3.284,99.90,328.00,1,1,0
27176,3.280,94.40,310.00,1,1,0
27179,3.284,102.70,323.00,1,1,0
27181,3.284,98.50,323.00,1,1,0
27184,3.284,98.60,324.00,1,1,0
27186,3.284,98.80,324.00,1,1,0
27199,3.288,99.00,324.00,1,1,0
27201,3.284,98.40,323.00,1,1,0
27204,3.284,98.80,324.00,1,1,0
27206,3.284,99.10,326.00,1,1,0
27209,3.284,99.00,324.00,1,1,0
27211,3.284,98.40,323.00,1,1,0
27214,3.284,98.40,323.00,1,1,0
27216,3.284,98.90,328.00,1,1,0
27219,3.288,105.50,346.00,1,0,1
27221,3.284,93.90,308.00,1,0,1
27224,3.280,99.20,369.00,1,1,0
27226,3.268,98.90,324.00,1,1,0
27229,3.280,99.90,328.00,1,1,0
27231,3.284,98.40,324.00,1,1,0
27244,3.284,98.50,323.00,1,1,0
27246,3.284,99.10,324.00,1,1,0
27249,3.284,99.10,326.00,1,1,0
27251,3.284,99.00,324.00,1,1,0
27254,3.284,98.90,324.00,1,1,0
27256,3.284,99.00,324.00,1,1,0
27258,3.284,99.00,324.00,1,1,0
27261,3.284,98.50,324.00,1,1,0
27263,3.284,98.80,324.00,1,1,0
27266,3.284,98.90,324.00,1,1,0
27268,3.284,99.20,324.00,1,1,0
27271,3.284,99.10,326.00,1,1,0
27273,3.284,98.70,324.00,1,0,1
27276,3.288,98.60,331.00,1,0,1
27288,3.284,99.00,326.00,1,1,0
27291,3.284,101.60,328.00,1,1,0
27293,3.284,98.30,323.00,1,1,0
27296,3.284,98.40,323.00,1,1,0
27298,3.284,99.00,324.00,1,1,0
27301,3.284,100.20,328.00,1,1,0
27303,3.284,98.90,324.00,1,1,0
27306,3.284,98.70,323.00,1,1,0
27308,3.280,99.20,326.00,1,1,0
27311,3.284,98.90,324.00,1,1,0
27313,3.284,98.40,323.00,1,1,0
27316,3.284,98.40,323.00,1,1,0
27318,3.284,99.00,324.00,1,1,0
27321,3.288,100.00,328.00,1,1,0
27333,3.284,100.10,344.00,1,1,0
27336,3.272,99.80,328.00,1,1,0
27338,3.284,99.10,326.00,1,1,0
27341,3.284,120.90,396.00,1,1,0
27343,3.280,97.00,326.00,1,1,0
27346,3.284,98.50,323.00,1,1,0
27348,3.284,99.10,326.00,1,1,0
27351,3.284,98.90,326.00,1,1,0
27353,3.284,98.60,324.00,1,1,0
27355,3.284,98.40,323.00,1,1,0
27358,3.284,98.60,324.00,1,1,0
27360,3.284,98.60,324.00,1,1,0
27363,3.284,98.80,324.00,1,1,0
27365,3.288,99.10,324.00,1,1,0
27378,3.284,97.30,329.00,1,1,0
27380,3.284,94.40,310.00,1,1,0
27383,3.284,99.10,326.00,1,1,0
27385,3.284,106.20,326.00,1,0,1
27388,3.284,99.10,326.00,1,0,1
27390,3.284,102.30,334.00,1,1,0
27393,3.284,93.70,308.00,1,1,0
27395,3.284,98.80,326.00,1,1,0
27398,3.284,98.70,324.00,1,1,0
27400,3.284,99.50,326.00,1,1,0
27403,3.284,98.70,336.00,1,1,0
27405,3.288,98.40,323.00,1,1,0
27408,3.284,98.50,323.00,1,1,0
27410,3.284,98.50,324.00,1,1,0
27423,3.284,99.90,328.00,1,1,0
27425,3.284,90.20,297.00,1,1,0
27428,3.284,98.60,324.00,1,1,0
27430,3.284,100.90,326.00,1,1,0
27433,3.284,100.10,329.00,1,1,0
27435,3.284,98.90,324.00,1,1,0
27438,3.284,98.80,326.00,1,1,0
27440,3.284,98.70,323.00,1,0,1
27443,3.276,99.10,323.00,1,0,1
27445,3.288,99.20,326.00,1,1,0
27448,3.272,111.40,311.00,1,1,0
27450,3.280,99.60,328.00,1,1,0
27452,3.284,99.30,326.00,1,1,0
27455,3.284,99.10,323.00,1,1,0
27468,3.284,98.80,324.00,1,1,0
27470,3.284,98.60,324.00,1,1,0
27473,3.276,98.40,323.00,1,1,0
27475,3.284,98.40,328.00,1,1,0
27477,3.284,98.50,323.00,1,1,0
27480,3.288,99.10,326.00,1,1,0
27482,3.280,99.00,310.00,1,1,0
27485,3.280,99.00,324.00,1,1,0
27487,3.284,99.40,326.00,1,1,0
27490,3.284,101.80,334.00,1,1,0
27492,3.284,98.40,323.00,1,1,0
27495,3.284,96.50,316.00,1,1,0
27497,3.284,106.40,349.00,1,0,1
27500,3.284,98.70,324.00,1,0,1
27512,3.284,98.90,324.00,1,1,0
27515,3.284,99.00,324.00,1,1,0
27517,3.284,98.40,323.00,1,1,0
27520,3.284,98.50,323.00,1,1,0
27522,3.284,98.10,323.00,1,1,0
27525,3.284,99.70,328.00,1,1,0
27527,3.284,95.70,297.00,1,1,0
27530,3.284,99.00,324.00,1,1,0
27532,3.284,99.30,326.00,1,1,0
27535,3.284,99.30,324.00,1,1,0
27537,3.284,98.30,323.00,1,1,0
27540,3.284,98.80,324.00,1,1,0
27542,3.288,101.30,326.00,1,1,0
27545,3.284,99.90,328.00,1,1,0
27557,3.264,98.70,323.00,1,1,0
27560,3.280,93.90,308.00,1,1,0
27562,3.280,99.20,326.00,1,1,0
27565,3.284,98.70,324.00,1,1,0
27567,3.284,98.80,324.00,1,1,0
27570,3.284,98.40,323.00,1,1,0
27572,3.284,98.70,324.00,1,1,0
27574,3.284,98.40,323.00,1,1,0
27577,3.284,101.20,333.00,1,1,0
27579,3.284,99.00,324.00,1,1,0
27582,3.284,98.90,324.00,1,1,0
27584,3.284,98.60,323.00,1,1,0
27587,3.280,96.40,324.00,1,1,0
27589,3.284,98.60,324.00,1,1,0
27602,3.284,98.40,323.00,1,1,0
27604,3.288,101.90,334.00,1,1,0
27607,3.284,102.00,336.00,1,1,0
27609,3.284,102.60,324.00,1,0,1
27612,3.284,98.80,324.00,1,0,1
27614,3.280,103.00,338.00,1,1,0
27617,3.280,94.30,324.00,1,1,0
27619,3.284,98.60,324.00,1,1,0
27622,3.284,98.50,323.00,1,1,0
27624,3.284,98.80,324.00,1,1,0
27627,3.284,100.00,328.00,1,1,0
27629,3.288,98.60,324.00,1,1,0
27632,3.284,90.30,324.00,1,1,0
27644,3.284,99.30,324.00,1,1,0
27647,3.284,98.80,324.00,1,1,0
27649,3.284,98.40,323.00,1,1,0
27652,3.284,99.30,324.00,1,1,0
27654,3.284,99.00,324.00,1,1,0
27657,3.284,99.80,328.00,1,1,0
27659,3.284,98.70,324.00,1,1,0
27662,3.284,99.10,326.00,1,1,0
27664,3.284,98.70,324.00,1,0,1
27667,3.284,98.50,323.00,1,0,1
27669,3.284,98.80,324.00,1,1,0
27672,3.268,96.00,316.00,1,1,0
27674,3.284,99.00,324.00,1,1,0
27676,3.284,98.90,324.00,1,1,0
27689,3.284,94.30,324.00,1,1,0
27692,3.284,99.30,326.00,1,1,0
27694,3.284,100.30,329.00,1,1,0
27697,3.284,98.40,323.00,1,1,0
27699,3.284,98.60,324.00,1,1,0
27702,3.284,98.90,324.00,1,1,0
27704,3.284,98.30,324.00,1,1,0
27706,3.284,98.70,324.00,1,1,0
27709,3.284,99.30,326.00,1,1,0
27711,3.284,99.00,326.00,1,1,0
27714,3.284,98.70,324.00,1,1,0
27716,3.284,99.50,326.00,1,1,0
27719,3.284,98.50,323.00,1,0,1
27721,3.272,98.50,398.00,1,0,1
27734,3.284,91.10,303.00,1,1,0
27736,3.284,93.80,308.00,1,1,0
27739,3.284,98.80,324.00,1,1,0
27741,3.284,98.40,323.00,1,1,0
27744,3.284,98.90,324.00,1,1,0
27746,3.288,102.10,336.00,1,1,0
27749,3.284,98.30,324.00,1,1,0
27751,3.284,101.00,331.00,1,1,0
27754,3.284,98.90,324.00,1,1,0
27756,3.284,98.40,323.00,1,1,0
27759,3.284,99.10,326.00,1,1,0
27761,3.284,102.40,338.00,1,1,0
27764,3.284,98.50,323.00,1,1,0
27766,3.284,98.70,323.00,1,1,0
27779,3.284,98.80,324.00,1,0,1
27781,3.284,102.90,334.00,1,1,0
27784,3.280,93.90,308.00,1,1,0
27786,3.284,98.40,326.00,1,1,0
27789,3.284,100.40,329.00,1,1,0
27791,3.280,93.80,308.00,1,1,0
27794,3.284,101.90,326.00,1,1,0
27796,3.284,99.20,326.00,1,1,0
27799,3.284,98.70,324.00,1,1,0
27801,3.284,98.60,324.00,1,1,0
27803,3.284,98.80,324.00,1,1,0
27806,3.284,98.80,324.00,1,1,0
27808,3.284,98.60,323.00,1,1,0
27821,3.284,99.10,326.00,1,1,0
27824,3.284,98.80,324.00,1,1,0
27826,3.284,99.20,326.00,1,1,0
27828,3.284,98.70,324.00,1,1,0
27831,3.284,99.00,328.00,1,0,1
27833,3.276,98.90,324.00,1,0,1
27836,3.284,90.20,297.00,1,1,0
27838,3.256,98.90,328.00,1,1,0
27841,3.284,99.00,324.00,1,1,0
27843,3.280,98.90,324.00,1,1,0
27846,3.284,98.80,324.00,1,1,0
27848,3.284,99.00,324.00,1,1,0
27851,3.284,102.00,334.00,1,1,0
27853,3.284,98.50,324.00,1,1,0
27866,3.284,98.80,324.00,1,1,0
27868,3.284,98.70,323.00,1,1,0
27871,3.284,98.60,324.00,1,1,0
27873,3.284,98.60,324.00,1,1,0
27876,3.284,98.70,324.00,1,1,0
27878,3.288,98.80,324.00,1,1,0
27881,3.284,98.70,324.00,1,1,0
27883,3.284,98.30,323.00,1,1,0
27886,3.284,98.40,323.00,1,0,1
27888,3.284,98.50,323.00,1,0,1
27891,3.284,98.70,334.00,1,1,0
27893,3.284,108.80,357.00,1,1,0
27895,3.284,93.90,308.00,1,1,0
27898,3.284,98.60,324.00,1,1,0
27911,3.284,98.50,323.00,1,1,0
27913,3.288,98.60,324.00,1,1,0
27916,3.284,101.80,334.00,1,1,0
27918,3.284,98.40,323.00,1,1,0
27921,3.284,98.30,323.00,1,1,0
27923,3.284,98.50,323.00,1,1,0
27925,3.284,98.60,324.00,1,1,0
27928,3.284,98.60,323.00,1,1,0
27930,3.284,98.80,324.00,1,1,0
27933,3.284,98.20,323.00,1,1,0
27935,3.284,100.00,323.00,1,1,0
27938,3.284,90.60,298.00,1,1,0
27940,3.284,99.10,326.00,1,1,0
27943,3.284,98.40,347.00,1,0,1
27955,3.284,98.40,324.00,1,1,0
27958,3.284,98.90,324.00,1,1,0
27960,3.284,98.50,323.00,1,1,0
27963,3.284,99.10,326.00,1,1,0
27965,3.288,99.20,326.00,1,1,0
27968,3.284,98.40,323.00,1,1,0
27970,3.284,98.30,323.00,1,1,0
27973,3.284,100.50,323.00,1,1,0
27975,3.284,98.40,323.00,1,1,0
27978,3.284,98.80,324.00,1,1,0
27980,3.288,99.00,324.00,1,1,0
27983,3.288,98.90,324.00,1,1,0
27985,3.284,98.50,323.00,1,1,0
27988,3.284,99.40,324.00,1,1,0
28000,3.276,98.30,324.00,1,0,1
28003,3.276,98.90,324.00,1,1,0
28005,3.256,93.80,308.00,1,1,0
28008,3.284,98.10,323.00,1,1,0
28010,3.284,98.40,323.00,1,1,0
28013,3.284,99.10,326.00,1,1,0
28015,3.288,98.60,324.00,1,1,0
28017,3.284,98.80,324.00,1,1,0
28020,3.284,98.60,324.00,1,1,0
28022,3.284,98.60,324.00,1,1,0
28025,3.288,99.10,323.00,1,1,0
28027,3.288,98.90,324.00,1,1,0
28030,3.288,98.40,323.00,1,1,0
28032,3.284,98.60,334.00,1,1,0
28045,3.284,98.90,326.00,1,1,0
28047,3.284,98.40,323.00,1,1,0
28050,3.284,98.60,324.00,1,1,0
28052,3.284,99.40,324.00,1,0,1
28055,3.284,98.80,323.00,1,0,1
28057,3.284,98.40,323.00,1,1,0
28060,3.280,113.50,324.00,1,1,0
28062,3.280,93.80,308.00,1,1,0
28065,3.280,99.40,326.00,1,1,0
28067,3.284,99.30,326.00,1,1,0
28070,3.284,99.60,326.00,1,1,0
28072,3.284,98.60,324.00,1,1,0
28075,3.284,98.70,324.00,1,1,0
28077,3.288,98.40,323.00,1,1,0
28090,3.284,98.20,323.00,1,1,0
28092,3.288,99.90,328.00,1,1,0
28095,3.284,98.50,323.00,1,1,0
28097,3.280,98.60,308.00,1,1,0
28100,3.284,98.60,324.00,1,1,0
28102,3.284,99.70,326.00,1,1,0
28105,3.284,99.50,324.00,1,1,0
28107,3.288,98.60,324.00,1,1,0
28110,3.276,98.40,323.00,1,0,1
28112,3.284,98.50,321.00,1,0,1
28115,3.264,98.90,324.00,1,1,0
28117,3.280,98.80,324.00,1,1,0
28119,3.280,98.90,324.00,1,1,0
28122,3.284,98.70,324.00,1,1,0
28135,3.288,99.00,323.00,1,1,0
28137,3.284,98.00,323.00,1,1,0
28140,3.288,99.70,328.00,1,1,0
28142,3.284,90.40,297.00,1,1,0
28144,3.284,99.20,326.00,1,1,0
28147,3.284,98.80,324.00,1,1,0
28149,3.284,99.20,324.00,1,1,0
28152,3.284,99.20,326.00,1,1,0
28154,3.284,99.00,324.00,1,1,0
28157,3.288,99.20,324.00,1,1,0
28159,3.284,98.50,323.00,1,1,0
28162,3.280,103.10,339.00,1,1,0
28164,3.284,104.20,324.00,1,0,1
28167,3.284,99.20,326.00,1,0,1
28179,3.284,99.10,324.00,1,1,0
28182,3.284,98.80,324.00,1,1,0
28184,3.284,99.10,326.00,1,1,0
28187,3.284,98.90,324.00,1,1,0
28189,3.284,98.30,323.00,1,1,0
28192,3.284,98.30,323.00,1,1,0
28194,3.284,98.50,324.00,1,1,0
28197,3.284,98.70,324.00,1,1,0
28199,3.284,98.10,323.00,1,1,0
28202,3.284,115.50,324.00,1,1,0
28204,3.284,98.40,323.00,1,1,0
28207,3.284,98.60,324.00,1,1,0
28209,3.284,98.20,323.00,1,1,0
28211,3.284,98.60,324.00,1,1,0
28224,3.260,98.40,441.00,1,1,0
28227,3.284,98.70,324.00,1,1,0
28229,3.284,99.00,324.00,1,1,0
28232,3.284,99.30,326.00,1,1,0
28234,3.284,99.10,326.00,1,1,0
28237,3.288,98.30,323.00,1,1,0
28239,3.284,98.80,324.00,1,1,0
28241,3.288,99.80,328.00,1,1,0
28244,3.284,92.10,303.00,1,1,0
28246,3.284,90.50,326.00,1,1,0
28249,3.288,98.70,324.00,1,1,0
28251,3.284,98.70,324.00,1,1,0
28254,3.284,98.30,323.00,1,1,0
28256,3.284,98.70,324.00,1,1,0
28269,3.284,98.60,324.00,1,1,0
28271,3.284,99.50,328.00,1,1,0
28274,3.284,98.60,323.00,1,0,1
28276,3.284,101.30,324.00,1,0,1
28279,3.284,102.10,333.00,1,1,0
28281,3.280,100.40,329.00,1,1,0
28284,3.284,99.20,324.00,1,1,0
28286,3.284,98.90,324.00,1,1,0
28289,3.288,98.50,324.00,1,1,0
28291,3.288,98.50,324.00,1,1,0
28294,3.284,99.00,324.00,1,1,0
28296,3.288,100.10,329.00,1,1,0
28299,3.284,99.40,324.00,1,1,0
28311,3.284,99.20,315.00,1,1,0
28314,3.284,98.80,324.00,1,1,0
28316,3.284,98.90,324.00,1,1,0
28319,3.284,98.40,323.00,1,1,0
28321,3.284,98.60,324.00,1,1,0
28324,3.284,98.60,324.00,1,1,0
28326,3.284,99.10,326.00,1,1,0
28329,3.284,98.90,352.00,1,0,1
28331,3.288,104.40,342.00,1,0,1
28334,3.284,98.40,323.00,1,1,0
28336,3.280,93.80,323.00,1,1,0
28338,3.284,98.50,323.00,1,1,0
28341,3.284,99.10,326.00,1,1,0
28343,3.288,102.50,328.00,1,1,0
28356,3.284,98.80,324.00,1,1,0
28359,3.284,99.10,326.00,1,1,0
28361,3.288,99.30,326.00,1,1,0
28364,3.284,101.40,326.00,1,1,0
28366,3.288,98.80,324.00,1,1,0
28368,3.284,99.00,324.00,1,1,0
28371,3.284,98.50,323.00,1,1,0
28373,3.280,99.00,324.00,1,1,0
28376,3.284,98.40,323.00,1,1,0
28378,3.284,98.40,323.00,1,1,0
28381,3.284,98.70,324.00,1,1,0
28383,3.288,98.90,324.00,1,0,1
28386,3.276,98.30,321.00,1,0,1
28388,3.284,98.50,323.00,1,1,0
28401,3.284,98.40,328.00,1,1,0
28403,3.284,98.30,323.00,1,1,0
28406,3.284,96.10,316.00,1,1,0
28408,3.284,100.00,329.00,1,1,0
28411,3.284,99.30,326.00,1,1,0
28413,3.288,101.50,333.00,1,1,0
28416,3.284,98.50,319.00,1,1,0
28418,3.284,98.60,324.00,1,1,0
28421,3.284,98.50,324.00,1,1,0
28423,3.284,99.90,328.00,1,1,0
28426,3.284,98.90,324.00,1,1,0
28428,3.284,99.00,324.00,1,1,0
28431,3.284,98.50,323.00,1,1,0
28433,3.284,98.40,324.00,1,1,0
28446,3.284,109.60,329.00,1,1,0
28448,3.288,93.70,308.00,1,1,0
28451,3.284,90.20,297.00,1,1,0
28453,3.284,100.50,338.00,1,1,0
28456,3.280,99.60,328.00,1,1,0
28458,3.284,99.10,326.00,1,1,0
28461,3.288,99.00,324.00,1,1,0
28463,3.284,99.30,326.00,1,1,0
28465,3.284,98.40,323.00,1,1,0
28468,3.284,98.50,334.00,1,1,0
28470,3.288,99.30,326.00,1,1,0
28473,3.280,98.70,324.00,1,1,0
28475,3.288,99.40,333.00,1,1,0
28478,3.284,98.90,324.00,1,1,0
28490,3.284,98.80,326.00,1,1,0
28493,3.284,98.80,324.00,1,1,0
28495,3.284,105.90,347.00,1,0,1
28498,3.288,98.70,323.00,1,0,1
28500,3.284,133.20,437.00,1,1,0
28503,3.284,98.70,324.00,1,1,0
28505,3.284,100.10,328.00,1,1,0
28508,3.284,93.80,308.00,1,1,0
28510,3.284,98.60,323.00,1,1,0
28513,3.284,98.30,329.00,1,1,0
28515,3.280,98.40,323.00,1,1,0
28518,3.284,98.50,323.00,1,1,0
28520,3.284,98.80,324.00,1,1,0
28523,3.284,98.80,324.00,1,1,0
28540,3.284,98.30,323.00,1,1,0
28543,3.284,98.30,323.00,1,1,0
28545,3.284,99.20,326.00,1,1,0
28548,3.288,100.80,331.00,1,1,0
28550,3.288,99.80,323.00,1,0,1
28553,3.284,90.50,297.00,1,0,1
28555,3.284,100.30,329.00,1,1,0
28558,3.276,100.80,324.00,1,1,0
28560,3.264,93.90,308.00,1,1,0
28562,3.284,98.50,323.00,1,1,0
28565,3.284,99.00,326.00,1,1,0
28567,3.284,98.40,323.00,1,1,0
28570,3.284,99.70,328.00,1,1,0
28572,3.284,99.20,326.00,1,1,0
28585,3.284,98.30,323.00,1,1,0
28587,3.284,100.50,328.00,1,1,0
28590,3.284,98.50,323.00,1,1,0
28592,3.288,98.70,324.00,1,1,0
28595,3.288,98.90,324.00,1,1,0
28597,3.284,99.00,324.00,1,1,0
28600,3.284,98.60,324.00,1,1,0
28602,3.284,99.00,328.00,1,1,0
28605,3.284,98.90,324.00,1,0,1
28607,3.284,98.50,324.00,1,0,1
28610,3.284,93.60,306.00,1,1,0
28612,3.260,113.40,372.00,1,1,0
28615,3.280,98.70,324.00,1,1,0
28617,3.284,99.70,324.00,1,1,0
28630,3.284,98.30,323.00,1,1,0
28632,3.284,99.20,326.00,1,1,0
28635,3.284,99.20,326.00,1,1,0
28637,3.284,98.60,323.00,1,1,0
28640,3.284,98.50,323.00,1,1,0
28642,3.284,98.40,323.00,1,1,0
28645,3.288,98.30,323.00,1,1,0
28647,3.284,98.70,324.00,1,1,0
28650,3.288,99.00,326.00,1,1,0
28652,3.288,99.90,328.00,1,1,0
28655,3.284,90.00,297.00,1,1,0
28657,3.284,101.90,334.00,1,1,0
28659,3.288,99.00,324.00,1,1,0
28662,3.284,102.30,326.00,1,0,1
28675,3.264,99.50,326.00,1,1,0
28677,3.284,93.80,308.00,1,1,0
28680,3.284,99.60,328.00,1,1,0
28682,3.284,98.80,324.00,1,1,0
28684,3.284,98.50,323.00,1,1,0
28687,3.284,99.30,326.00,1,1,0
28689,3.284,98.50,323.00,1,1,0
28692,3.284,98.70,324.00,1,1,0
28694,3.284,98.80,324.00,1,1,0
28697,3.284,100.40,328.00,1,1,0
28699,3.288,99.30,324.00,1,1,0
28702,3.284,101.10,333.00,1,1,0
28704,3.284,98.40,323.00,1,1,0
28707,3.284,98.90,324.00,1,1,0
28719,3.276,99.00,324.00,1,0,1
28722,3.284,98.90,324.00,1,0,1
28724,3.284,98.60,324.00,1,0,1
28727,3.284,98.90,326.00,1,1,0
28729,3.276,105.20,346.00,1,1,0
28732,3.280,98.90,324.00,1,1,0
28734,3.284,98.90,324.00,1,1,0
28737,3.284,98.50,323.00,1,1,0
28739,3.284,98.70,324.00,1,1,0
28742,3.284,98.40,324.00,1,1,0
28744,3.284,97.80,323.00,1,1,0
28747,3.284,98.90,324.00,1,1,0
28749,3.284,98.80,324.00,1,1,0
28752,3.284,99.10,326.00,1,1,0
28764,3.288,98.80,324.00,1,1,0
28767,3.284,99.50,326.00,1,1,0
28769,3.288,99.30,326.00,1,1,0
28772,3.288,98.70,326.00,1,1,0
28774,3.284,99.20,326.00,1,1,0
28777,3.284,99.00,324.00,1,1,0
28779,3.284,99.00,324.00,1,0,1
28781,3.288,99.40,326.00,1,0,1
28784,3.272,101.00,329.00,1,1,0
28786,3.280,98.70,324.00,1,1,0
28789,3.284,98.30,323.00,1,1,0
28791,3.284,98.40,323.00,1,1,0
28794,3.288,98.70,324.00,1,1,0
28796,3.284,98.40,328.00,1,1,0
28809,3.284,98.70,324.00,1,1,0
28811,3.288,98.40,323.00,1,1,0
28814,3.288,95.00,311.00,1,1,0
28816,3.284,98.50,323.00,1,1,0
28819,3.284,98.40,323.00,1,1,0
28821,3.284,99.30,326.00,1,1,0
28824,3.284,98.90,324.00,1,1,0
28826,3.284,99.10,326.00,1,1,0
28829,3.284,98.60,324.00,1,1,0
28831,3.284,98.70,324.00,1,1,0
28834,3.284,106.90,351.00,1,0,1
28836,3.288,134.00,441.00,1,0,1
28839,3.284,96.10,433.00,1,1,0
28841,3.276,99.90,328.00,1,1,0
28854,3.288,99.40,328.00,1,1,0
28856,3.288,99.70,328.00,1,1,0
28859,3.284,90.40,297.00,1,1,0
28861,3.284,93.60,326.00,1,1,0
28864,3.284,99.30,326.00,1,1,0
28866,3.288,98.50,323.00,1,1,0
28869,3.284,99.20,324.00,1,1,0
28871,3.284,99.70,328.00,1,1,0
28874,3.284,98.90,324.00,1,1,0
28876,3.284,98.30,324.00,1,1,0
28879,3.288,99.20,326.00,1,1,0
28881,3.288,99.00,324.00,1,1,0
28883,3.284,98.50,324.00,1,1,0
28886,3.284,99.10,326.00,1,1,0
28899,3.288,99.90,324.00,1,1,0
28901,3.288,98.90,324.00,1,1,0
28904,3.280,99.20,326.00,1,1,0
28906,3.284,98.70,328.00,1,1,0
28908,3.288,98.50,323.00,1,1,0
28911,3.284,98.60,324.00,1,1,0
28913,3.284,98.90,324.00,1,1,0
28916,3.284,99.20,326.00,1,1,0
28918,3.284,95.60,315.00,1,1,0
28921,3.284,99.60,331.00,1,1,0
28923,3.284,99.20,326.00,1,1,0
28926,3.284,98.60,324.00,1,1,0
28928,3.284,98.50,324.00,1,1,0
28931,3.288,98.60,324.00,1,1,0
28943,3.284,99.10,324.00,1,0,1
28946,3.276,131.70,433.00,1,0,1
28948,3.284,98.50,323.00,1,1,0
28951,3.260,94.00,328.00,1,1,0
28953,3.284,100.10,329.00,1,1,0
28956,3.284,98.90,324.00,1,1,0
28958,3.284,99.10,328.00,1,1,0
28961,3.288,90.40,297.00,1,1,0
28963,3.280,92.20,303.00,1,1,0
28966,3.284,98.70,328.00,1,1,0
28968,3.284,98.40,323.00,1,1,0
28971,3.284,99.00,324.00,1,1,0
28973,3.280,100.70,328.00,1,1,0
28976,3.284,99.00,324.00,1,1,0
28988,3.284,99.30,326.00,1,1,0
28991,3.284,98.80,324.00,1,1,0
28993,3.284,98.50,323.00,1,1,0
28996,3.284,98.70,324.00,1,1,0
28998,3.288,98.70,324.00,1,0,1
29001,3.284,99.20,324.00,1,0,1
29003,3.288,100.10,324.00,1,1,0
29005,3.280,95.40,313.00,1,1,0
29008,3.284,98.30,323.00,1,1,0
29010,3.288,98.40,324.00,1,1,0
29013,3.284,98.50,323.00,1,1,0
29015,3.284,99.20,326.00,1,1,0
29018,3.288,99.40,324.00,1,1,0
29020,3.288,98.90,324.00,1,1,0
29033,3.288,99.00,324.00,1,1,0
29035,3.284,98.70,324.00,1,1,0
29038,3.284,99.30,323.00,1,1,0
29040,3.284,98.60,324.00,1,1,0
29043,3.284,99.70,328.00,1,1,0
29045,3.284,98.60,321.00,1,1,0
29048,3.284,98.80,324.00,1,1,0
29050,3.284,98.50,323.00,1,1,0
29053,3.284,98.50,323.00,1,0,1
29055,3.276,101.50,331.00,1,0,1
29058,3.268,98.50,324.00,1,1,0
29060,3.268,101.00,331.00,1,1,0
29063,3.288,99.70,301.00,1,1,0
29065,3.284,90.30,297.00,1,1,0
29078,3.288,99.10,326.00,1,1,0
29080,3.284,99.10,326.00,1,1,0
29083,3.284,99.00,326.00,1,1,0
29085,3.284,99.10,326.00,1,1,0
29088,3.288,98.50,323.00,1,1,0
29090,3.284,98.90,324.00,1,1,0
29093,3.288,99.10,326.00,1,1,0
29095,3.284,98.90,324.00,1,1,0
29098,3.284,99.00,324.00,1,1,0
29100,3.288,98.60,324.00,1,1,0
29102,3.284,98.80,324.00,1,1,0
29105,3.284,98.50,323.00,1,1,0
29107,3.284,99.00,324.00,1,0,1
29110,3.284,100.70,331.00,1,0,1
29123,3.284,98.40,323.00,1,1,0
29125,3.284,98.70,324.00,1,1,0
29127,3.284,99.10,324.00,1,1,0
29130,3.284,100.50,331.00,1,1,0
29132,3.284,98.70,324.00,1,1,0
29135,3.288,99.80,328.00,1,1,0
29137,3.288,98.70,324.00,1,1,0
29140,3.284,99.10,326.00,1,1,0
29142,3.284,99.40,326.00,1,1,0
29145,3.284,99.10,326.00,1,1,0
29147,3.284,99.20,326.00,1,1,0
29150,3.284,99.10,323.00,1,1,0
29152,3.284,98.40,323.00,1,1,0
29155,3.284,98.30,323.00,1,1,0
29167,3.280,90.30,295.00,1,1,0
29170,3.276,102.40,333.00,1,1,0
29172,3.288,100.70,313.00,1,1,0
29175,3.284,99.40,326.00,1,1,0
29177,3.284,98.70,324.00,1,1,0
29180,3.284,99.60,334.00,1,1,0
29182,3.280,98.40,323.00,1,1,0
29185,3.284,102.50,338.00,1,1,0
29187,3.288,99.00,326.00,1,1,0
29190,3.284,98.40,323.00,1,1,0
29192,3.288,99.30,326.00,1,1,0
29195,3.288,100.40,329.00,1,1,0
29197,3.284,99.00,324.00,1,1,0
29210,3.284,99.40,326.00,1,1,0
29212,3.284,99.00,324.00,1,1,0
29215,3.284,98.40,323.00,1,1,0
29217,3.284,99.20,323.00,1,1,0
29220,3.284,98.30,323.00,1,0,1
29222,3.284,99.30,326.00,1,0,1
29225,3.284,93.90,324.00,1,1,0
29227,3.244,98.10,323.00,1,1,0
29229,3.284,99.20,326.00,1,1,0
29232,3.284,99.10,329.00,1,1,0
29234,3.288,98.60,324.00,1,1,0
29237,3.284,98.20,323.00,1,1,0
29239,3.284,98.90,324.00,1,1,0
29242,3.284,99.00,324.00,1,1,0
29254,3.288,99.10,326.00,1,1,0
29257,3.284,99.30,326.00,1,1,0
29259,3.284,98.60,324.00,1,1,0
29262,3.288,99.10,326.00,1,1,0
29264,3.284,98.70,324.00,1,1,0
29267,3.284,99.80,328.00,1,1,0
29269,3.284,90.00,297.00,1,1,0
29272,3.284,99.80,328.00,1,1,0
29274,3.284,99.20,326.00,1,0,1
29277,3.288,99.20,428.00,1,0,1
29279,3.284,99.60,326.00,1,1,0
29282,3.284,95.00,311.00,1,1,0
29284,3.284,98.70,324.00,1,1,0
29287,3.284,101.50,333.00,1,1,0
29299,3.284,98.30,323.00,1,1,0
29302,3.284,98.20,323.00,1,1,0
29304,3.284,98.60,324.00,1,1,0
29307,3.284,99.40,326.00,1,1,0
29309,3.284,99.00,324.00,1,1,0
29312,3.284,98.70,324.00,1,1,0
29314,3.284,98.40,323.00,1,1,0
29317,3.284,98.30,323.00,1,1,0
29319,3.284,100.30,329.00,1,1,0
29322,3.284,99.10,324.00,1,1,0
29324,3.284,98.70,324.00,1,1,0
29326,3.280,93.60,306.00,1,1,0
29329,3.284,98.30,323.00,1,0,1
29331,3.276,101.30,331.00,1,0,1
29344,3.284,98.20,323.00,1,1,0
29347,3.284,98.60,324.00,1,1,0
29349,3.284,99.70,324.00,1,1,0
29351,3.284,99.00,324.00,1,1,0
29354,3.284,100.40,329.00,1,1,0
29356,3.284,98.90,326.00,1,1,0
29359,3.288,98.60,324.00,1,1,0
29361,3.284,98.40,323.00,1,1,0
29364,3.284,98.50,328.00,1,1,0
29366,3.284,98.40,323.00,1,1,0
29369,3.272,99.90,328.00,1,1,0
29371,3.284,90.30,297.00,1,1,0
29374,3.284,98.90,336.00,1,1,0
29376,3.276,99.00,324.00,1,1,0
29389,3.284,97.80,321.00,1,1,0
29391,3.260,99.30,326.00,1,1,0
29394,3.288,98.80,308.00,1,1,0
29396,3.280,98.70,324.00,1,1,0
29399,3.272,98.40,323.00,1,1,0
29401,3.284,99.20,326.00,1,1,0
29404,3.284,102.10,336.00,1,1,0
29406,3.284,99.40,326.00,1,1,0
29409,3.288,98.40,324.00,1,1,0
29411,3.284,99.10,326.00,1,1,0
29414,3.284,98.70,324.00,1,1,0
29416,3.284,99.40,326.00,1,1,0
29419,3.284,100.30,329.00,1,1,0
29421,3.284,98.90,324.00,1,1,0
29434,3.284,99.30,326.00,1,1,0
29436,3.284,98.70,324.00,1,1,0
29439,3.284,97.00,326.00,1,0,1
29441,3.284,99.20,326.00,1,0,1
29444,3.284,100.10,329.00,1,1,0
29446,3.260,133.30,308.00,1,1,0
29448,3.280,99.00,324.00,1,1,0
29451,3.280,98.80,324.00,1,1,0
29453,3.284,98.60,326.00,1,1,0
29456,3.284,98.30,323.00,1,1,0
29458,3.284,98.40,323.00,1,1,0
29461,3.284,98.50,324.00,1,1,0
29463,3.284,98.70,324.00,1,1,0
29466,3.284,98.70,324.00,1,1,0
29478,3.284,99.30,326.00,1,1,0
29481,3.284,92.10,303.00,1,1,0
29483,3.284,98.80,324.00,1,1,0
29486,3.288,99.40,326.00,1,1,0
29488,3.284,98.90,324.00,1,1,0
29491,3.284,99.40,323.00,1,1,0
29493,3.284,99.10,326.00,1,0,1
29496,3.276,99.40,326.00,1,0,1
29498,3.264,98.80,329.00,1,1,0
29501,3.288,121.50,400.00,1,1,0
29503,3.280,98.80,324.00,1,1,0
29506,3.284,99.20,323.00,1,1,0
29508,3.284,98.30,323.00,1,1,0
29511,3.284,98.60,324.00,1,1,0
29523,3.284,98.30,323.00,1,1,0
29526,3.284,98.50,323.00,1,1,0
29528,3.284,98.70,323.00,1,1,0
29531,3.284,97.70,321.00,1,1,0
29533,3.280,98.90,324.00,1,1,0
29536,3.284,100.00,324.00,1,1,0
29538,3.284,98.60,324.00,1,1,0
29541,3.288,98.20,323.00,1,1,0
29543,3.284,98.30,326.00,1,1,0
29545,3.284,98.50,323.00,1,1,0
29548,3.288,100.00,328.00,1,1,0
29550,3.284,105.20,324.00,1,0,1
29553,3.284,98.70,324.00,1,0,1
29555,3.284,129.70,424.00,1,1,0
29568,3.284,98.60,324.00,1,1,0
29571,3.288,99.40,326.00,1,1,0
29573,3.284,99.70,328.00,1,1,0
29575,3.288,90.30,297.00,1,1,0
29578,3.284,97.10,319.00,1,1,0
29580,3.284,98.90,326.00,1,1,0
29583,3.288,99.10,326.00,1,1,0
29585,3.284,98.70,324.00,1,1,0
29588,3.284,98.50,326.00,1,1,0
29590,3.284,98.60,324.00,1,1,0
29593,3.284,98.70,324.00,1,1,0
29595,3.284,100.70,326.00,1,1,0
29598,3.284,99.20,326.00,1,1,0
29600,3.284,100.00,328.00,1,1,0
29613,3.280,94.00,308.00,1,1,0
29615,3.284,99.30,324.00,1,1,0
29618,3.284,98.70,324.00,1,1,0
29620,3.284,98.40,323.00,1,1,0
29623,3.284,100.80,328.00,1,1,0
29625,3.284,98.70,324.00,1,1,0
29628,3.284,100.50,329.00,1,1,0
29630,3.284,99.60,328.00,1,1,0
29633,3.288,100.00,326.00,1,1,0
29635,3.284,99.10,326.00,1,1,0
29638,3.284,94.40,310.00,1,1,0
29640,3.284,101.60,326.00,1,1,0
29642,3.284,100.30,329.00,1,1,0
29655,3.288,98.60,324.00,1,1,0
29658,3.284,98.60,324.00,1,1,0
29660,3.284,98.90,326.00,1,0,1
29663,3.276,98.90,324.00,1,0,1
29665,3.284,128.20,421.00,1,1,0
29668,3.260,98.80,321.00,1,1,0
29670,3.284,98.30,323.00,1,1,0
29672,3.288,99.30,326.00,1,1,0
29675,3.280,98.90,328.00,1,1,0
29677,3.288,90.20,297.00,1,1,0
29680,3.284,95.00,311.00,1,1,0
29682,3.284,101.10,329.00,1,1,0
29685,3.284,99.60,323.00,1,1,0
29687,3.288,98.30,323.00,1,1,0
29700,3.288,99.00,324.00,1,1,0
29702,3.284,98.40,323.00,1,1,0
29705,3.284,98.90,328.00,1,1,0
29707,3.288,98.70,324.00,1,1,0
29710,3.288,98.60,324.00,1,1,0
29712,3.284,98.70,328.00,1,1,0
29715,3.288,98.60,324.00,1,0,1
29717,3.284,99.00,324.00,1,0,1
29720,3.284,98.60,324.00,1,1,0
29722,3.280,99.40,326.00,1,1,0
29725,3.288,118.00,388.00,1,1,0
29727,3.284,99.30,326.00,1,1,0
29730,3.284,99.30,326.00,1,1,0
29732,3.284,99.10,326.00,1,1,0
29745,3.284,98.70,324.00,1,1,0
29747,3.284,98.70,324.00,1,1,0
29750,3.288,98.70,324.00,1,1,0
29752,3.288,98.70,324.00,1,1,0
29755,3.284,98.50,323.00,1,1,0
29757,3.284,98.50,324.00,1,1,0
29760,3.284,98.70,324.00,1,1,0
29762,3.284,99.00,324.00,1,1,0
29765,3.284,101.20,324.00,1,1,0
29767,3.284,98.20,323.00,1,1,0
29769,3.284,98.50,323.00,1,0,1
29772,3.276,98.50,323.00,1,0,1
29774,3.284,99.00,324.00,1,1,0
29777,3.264,105.00,344.00,1,1,0
29790,3.272,98.30,323.00,1,1,0
29792,3.284,98.70,324.00,1,1,0
29795,3.288,99.40,326.00,1,1,0
29797,3.288,98.70,324.00,1,1,0
29799,3.280,98.80,324.00,1,1,0
29802,3.288,99.20,324.00,1,1,0
29804,3.284,98.80,324.00,1,1,0
29807,3.288,96.60,318.00,1,1,0
29809,3.284,98.60,328.00,1,1,0
29812,3.288,98.60,324.00,1,1,0
29814,3.284,98.40,323.00,1,1,0
29817,3.288,99.20,323.00,1,1,0
29819,3.284,98.40,323.00,1,1,0
29822,3.288,98.70,324.00,1,1,0
29834,3.284,93.80,308.00,1,1,0
29837,3.284,99.10,308.00,1,1,0
29839,3.280,93.70,324.00,1,1,0
29842,3.284,98.70,324.00,1,1,0
29844,3.284,101.40,333.00,1,1,0
29847,3.280,99.20,326.00,1,1,0
29849,3.284,98.80,324.00,1,1,0
29852,3.284,99.50,326.00,1,1,0
29854,3.284,98.50,324.00,1,1,0
29857,3.284,98.90,324.00,1,1,0
29859,3.288,99.00,326.00,1,1,0
29862,3.284,98.80,329.00,1,1,0
29864,3.284,98.80,324.00,1,1,0
29866,3.288,98.70,324.00,1,1,0
29879,3.276,99.50,328.00,1,1,0
29882,3.288,99.70,313.00,1,0,1
29884,3.284,90.80,298.00,1,0,1
29887,3.284,99.10,324.00,1,1,0
29889,3.288,99.20,378.00,1,1,0
29892,3.280,99.20,324.00,1,1,0
29894,3.284,99.00,326.00,1,1,0
29896,3.288,99.40,326.00,1,1,0
29899,3.284,98.90,324.00,1,1,0
29901,3.288,98.40,323.00,1,1,0
29904,3.284,99.10,326.00,1,1,0
29906,3.284,98.70,323.00,1,1,0
29909,3.284,99.30,326.00,1,1,0
29911,3.284,98.40,323.00,1,1,0
29924,3.284,98.60,324.00,1,1,0
29926,3.284,99.00,324.00,1,1,0
29929,3.284,98.60,324.00,1,1,0
29931,3.288,98.60,324.00,1,1,0
29934,3.284,101.30,321.00,1,1,0
29936,3.284,98.60,323.00,1,0,1
29939,3.284,99.90,328.00,1,0,1
29941,3.284,97.60,426.00,1,1,0
29944,3.280,93.90,308.00,1,1,0
29946,3.284,98.90,324.00,1,1,0
29949,3.284,99.10,326.00,1,1,0
29951,3.288,98.80,324.00,1,1,0
29954,3.284,98.30,323.00,1,1,0
29956,3.284,98.60,324.00,1,1,0
29969,3.284,98.40,323.00,1,1,0
29971,3.284,98.60,331.00,1,1,0
29974,3.284,98.60,324.00,1,1,0
29976,3.284,98.70,324.00,1,1,0
29979,3.284,99.00,323.00,1,1,0
29981,3.288,98.60,324.00,1,1,0
29984,3.288,99.70,328.00,1,1,0
29986,3.284,90.30,297.00,1,1,0
29989,3.284,98.60,324.00,1,1,0
29991,3.288,99.30,326.00,1,1,0
29993,3.284,106.20,316.00,1,0,1
29996,3.288,129.90,324.00,1,0,1
29998,3.284,103.00,336.00,1,1,0
30011,3.284,99.10,326.00,1,1,0
30014,3.284,98.50,324.00,1,1,0
30016,3.284,100.00,323.00,1,1,0
30018,3.284,99.10,326.00,1,1,0
30021,3.284,98.50,323.00,1,1,0
30023,3.284,99.10,324.00,1,1,0
30026,3.284,99.40,326.00,1,1,0
30028,3.284,98.90,324.00,1,1,0
30031,3.284,98.90,324.00,1,1,0
30033,3.284,96.90,318.00,1,1,0
30036,3.288,98.60,324.00,1,1,0
30038,3.284,98.70,324.00,1,1,0
30041,3.284,99.80,328.00,1,1,0
30043,3.280,93.90,308.00,1,1,0
30056,3.268,99.30,326.00,1,1,0
30058,3.268,94.10,308.00,1,1,0
30061,3.284,98.80,324.00,1,1,0
30063,3.284,102.80,338.00,1,1,0
30066,3.284,99.10,326.00,1,1,0
30068,3.284,98.50,324.00,1,1,0
30071,3.284,98.60,324.00,1,1,0
30073,3.284,98.70,324.00,1,1,0
30076,3.284,98.70,324.00,1,1,0
30078,3.284,98.70,324.00,1,1,0
30081,3.284,99.00,324.00,1,1,0
30083,3.284,99.10,324.00,1,1,0
30085,3.288,99.90,328.00,1,1,0
30088,3.284,90.40,297.00,1,1,0
30101,3.284,98.90,324.00,1,1,0
30103,3.284,98.50,323.00,1,1,0
30106,3.284,105.50,326.00,1,0,1
30108,3.284,99.40,326.00,1,0,1
30111,3.280,115.70,378.00,1,1,0
30113,3.268,93.90,324.00,1,1,0
30115,3.284,98.70,324.00,1,1,0
30118,3.284,98.80,324.00,1,1,0
30120,3.288,98.40,324.00,1,1,0
30123,3.284,98.50,323.00,1,1,0
30125,3.284,98.60,324.00,1,1,0
30128,3.284,99.70,324.00,1,1,0
30130,3.284,98.80,324.00,1,1,0
30133,3.284,98.80,324.00,1,1,0
30145,3.284,94.40,310.00,1,1,0
30148,3.284,98.80,324.00,1,1,0
30150,3.284,98.60,324.00,1,1,0
30153,3.280,98.90,324.00,1,1,0
30155,3.284,99.10,326.00,1,1,0
30158,3.284,98.80,336.00,1,1,0
30160,3.284,100.70,331.00,1,0,1
30163,3.284,98.70,323.00,1,0,1
30165,3.284,98.50,344.00,1,1,0
30168,3.256,93.90,308.00,1,1,0
30170,3.284,98.80,324.00,1,1,0
30173,3.284,100.30,333.00,1,1,0
30175,3.288,99.30,326.00,1,1,0
30178,3.284,98.80,324.00,1,1,0
30190,3.288,90.30,297.00,1,1,0
30193,3.284,98.80,323.00,1,1,0
30195,3.284,98.90,324.00,1,1,0
30198,3.284,98.80,324.00,1,1,0
30200,3.284,98.70,324.00,1,1,0
30203,3.284,98.50,326.00,1,1,0
30205,3.288,99.00,324.00,1,1,0
30207,3.284,98.70,324.00,1,1,0
30210,3.288,99.00,328.00,1,1,0
30212,3.284,98.60,324.00,1,1,0
30215,3.284,100.10,328.00,1,0,1
30217,3.280,99.40,323.00,1,0,1
30220,3.264,98.90,324.00,1,1,0
30222,3.284,135.70,446.00,1,1,0
30235,3.284,99.60,328.00,1,1,0
30237,3.284,98.60,331.00,1,1,0
30240,3.284,98.50,323.00,1,1,0
30242,3.284,99.20,326.00,1,1,0
30245,3.284,98.50,323.00,1,1,0
30247,3.284,98.90,308.00,1,1,0
30250,3.284,98.70,324.00,1,1,0
30252,3.284,98.90,324.00,1,1,0
30255,3.284,99.40,323.00,1,1,0
30257,3.284,98.40,323.00,1,1,0
30260,3.284,98.20,323.00,1,1,0
30262,3.284,98.50,324.00,1,1,0
30265,3.284,98.40,323.00,1,1,0
30267,3.284,99.70,328.00,1,1,0
30280,3.280,95.20,313.00,1,1,0
30282,3.284,98.70,331.00,1,1,0
30285,3.284,99.20,326.00,1,1,0
30287,3.284,98.90,324.00,1,1,0
30290,3.284,99.80,328.00,1,1,0
30292,3.288,90.20,297.00,1,1,0
30295,3.280,99.20,326.00,1,1,0
30297,3.284,99.10,334.00,1,1,0
30300,3.284,98.60,324.00,1,1,0
30302,3.288,99.10,326.00,1,1,0
30305,3.284,98.40,323.00,1,1,0
30307,3.288,98.90,324.00,1,1,0
30309,3.284,98.50,324.00,1,1,0
30312,3.284,98.40,323.00,1,1,0
30325,3.284,98.30,323.00,1,1,0
30327,3.284,98.10,323.00,1,0,1
30330,3.272,98.90,323.00,1,0,1
30332,3.284,98.80,324.00,1,1,0
30334,3.256,93.80,334.00,1,1,0
30337,3.284,97.10,319.00,1,1,0
30339,3.288,98.40,323.00,1,1,0
30342,3.288,98.20,334.00,1,1,0
30344,3.288,98.40,323.00,1,1,0
30347,3.284,99.40,326.00,1,1,0
30349,3.288,103.40,308.00,1,1,0
30352,3.284,97.30,324.00,1,1,0
30354,3.284,98.30,323.00,1,1,0
30357,3.284,99.50,326.00,1,1,0
30369,3.284,98.80,324.00,1,1,0
30372,3.284,97.50,324.00,1,1,0
30374,3.276,98.20,323.00,1,1,0
30377,3.284,98.30,323.00,1,1,0
30379,3.284,99.20,336.00,1,1,0
30382,3.284,99.30,326.00,1,0,1
30384,3.284,98.90,324.00,1,0,1
30387,3.284,99.30,324.00,1,1,0
30389,3.280,99.00,324.00,1,1,0
30392,3.284,100.00,329.00,1,1,0
30394,3.284,99.10,297.00,1,1,0
30397,3.284,98.20,323.00,1,1,0
30399,3.288,99.80,328.00,1,1,0
30402,3.284,99.00,326.00,1,1,0
30414,3.288,99.70,328.00,1,1,0
30417,3.284,99.00,324.00,1,1,0
30419,3.284,98.30,323.00,1,1,0
30422,3.284,99.00,324.00,1,1,0
30424,3.284,98.60,323.00,1,1,0
30427,3.284,98.70,324.00,1,1,0
30429,3.284,99.50,326.00,1,1,0
30431,3.284,99.60,326.00,1,1,0
30434,3.284,98.70,324.00,1,1,0
30436,3.284,98.60,324.00,1,0,1
30439,3.276,99.60,326.00,1,0,1
30441,3.284,98.10,323.00,1,1,0
30444,3.280,107.70,352.00,1,1,0
30446,3.280,96.60,324.00,1,1,0
30459,3.276,98.50,323.00,1,1,0
30461,3.284,99.10,324.00,1,1,0
30464,3.280,99.00,324.00,1,1,0
30466,3.284,98.90,324.00,1,1,0
30469,3.288,98.90,338.00,1,1,0
30471,3.284,98.60,323.00,1,1,0
30474,3.284,98.90,324.00,1,1,0
30476,3.284,98.90,326.00,1,1,0
30479,3.288,98.80,324.00,1,1,0
30481,3.284,99.30,326.00,1,1,0
30484,3.284,99.50,323.00,1,1,0
30486,3.284,98.60,324.00,1,1,0
30489,3.284,98.30,323.00,1,1,0
30491,3.280,100.00,323.00,1,1,0
30504,3.288,99.00,324.00,1,1,0
30506,3.284,98.40,324.00,1,1,0
30509,3.284,98.50,323.00,1,1,0
30511,3.284,99.60,328.00,1,1,0
30514,3.284,100.20,324.00,1,1,0
30516,3.284,98.80,324.00,1,1,0
30519,3.284,98.90,324.00,1,1,0
30521,3.284,98.20,323.00,1,1,0
30524,3.284,99.70,328.00,1,1,0
30526,3.280,98.60,324.00,1,1,0
30528,3.284,99.20,324.00,1,1,0
30531,3.284,98.50,323.00,1,1,0
30533,3.284,98.30,323.00,1,1,0
30540,3.284,99.10,324.00,1,1,0
30543,3.284,99.20,326.00,1,1,0
30545,3.284,99.00,324.00,1,1,0
30548,3.284,99.90,324.00,1,1,0
30550,3.284,103.60,341.00,1,0,1
30553,3.284,131.40,433.00,1,0,1
30555,3.284,89.40,415.00,1,1,0
30568,3.288,98.20,323.00,1,1,0
30570,3.284,98.50,323.00,1,1,0
30573,3.284,98.20,323.00,1,1,0
30575,3.284,98.90,324.00,1,1,0
30578,3.284,99.70,326.00,1,1,0
30580,3.284,98.50,323.00,1,1,0
30583,3.284,98.30,323.00,1,1,0
30585,3.284,98.30,323.00,1,1,0
30587,3.284,98.60,324.00,1,1,0
30590,3.284,99.10,326.00,1,1,0
30592,3.284,98.90,324.00,1,1,0
30595,3.284,101.10,333.00,1,1,0
30597,3.284,100.00,329.00,1,1,0
30600,3.284,90.20,297.00,1,1,0
30613,3.280,99.20,324.00,1,1,0
30615,3.284,99.50,326.00,1,1,0
30617,3.284,98.30,323.00,1,1,0
30620,3.284,98.70,324.00,1,1,0
30622,3.284,99.50,326.00,1,1,0
30625,3.284,99.00,324.00,1,1,0
30627,3.284,98.60,324.00,1,1,0
30630,3.284,99.00,326.00,1,1,0
30632,3.284,98.40,323.00,1,1,0
30635,3.284,98.50,323.00,1,1,0
30637,3.284,98.30,326.00,1,1,0
30640,3.284,99.10,326.00,1,1,0
30642,3.284,99.40,326.00,1,1,0
30645,3.284,99.20,324.00,1,1,0
30657,3.276,95.50,308.00,1,1,0
30660,3.284,106.10,349.00,1,0,1
30662,3.264,100.70,331.00,1,0,1
30665,3.284,98.60,434.00,1,1,0
30667,3.280,98.50,324.00,1,1,0
30670,3.284,98.80,324.00,1,1,0
30672,3.284,98.50,333.00,1,1,0
30675,3.284,98.60,324.00,1,1,0
30677,3.280,98.70,324.00,1,1,0
30680,3.284,98.80,323.00,1,1,0
30682,3.284,98.40,323.00,1,1,0
30684,3.284,98.50,323.00,1,1,0
30687,3.284,98.50,323.00,1,1,0
30689,3.284,99.00,324.00,1,1,0
30702,3.284,90.20,297.00,1,1,0
30705,3.284,98.40,323.00,1,1,0
30707,3.288,99.10,326.00,1,1,0
30710,3.288,98.80,326.00,1,1,0
30712,3.284,99.20,326.00,1,1,0
30714,3.284,92.00,301.00,1,0,1
30717,3.284,99.40,329.00,1,0,1
30719,3.288,98.40,321.00,1,1,0
30722,3.288,99.00,324.00,1,1,0
30724,3.284,99.30,308.00,1,1,0
30727,3.280,99.40,326.00,1,1,0
30729,3.288,98.40,323.00,1,1,0
30732,3.284,98.80,324.00,1,1,0
30734,3.284,98.60,323.00,1,1,0
30747,3.284,99.20,324.00,1,1,0
30749,3.288,98.60,324.00,1,1,0
30752,3.284,98.70,324.00,1,1,0
30754,3.284,98.40,324.00,1,1,0
30757,3.284,100.80,331.00,1,1,0
30759,3.272,99.60,328.00,1,1,0
30762,3.280,94.80,321.00,1,1,0
30764,3.272,98.60,324.00,1,1,0
30767,3.284,99.90,328.00,1,1,0
30769,3.284,98.50,331.00,1,0,1
30772,3.280,98.80,324.00,1,0,1
30774,3.284,99.30,326.00,1,0,1
30777,3.260,98.80,324.00,1,0,1
30779,3.284,98.80,324.00,1,1,0
30792,3.284,98.90,323.00,1,1,0
30794,3.284,98.80,324.00,1,1,0
30797,3.284,98.80,324.00,1,1,0
30799,3.284,99.40,326.00,1,1,0
30802,3.284,99.00,324.00,1,1,0
30804,3.284,91.40,300.00,1,1,0
30806,3.284,90.30,328.00,1,1,0
30809,3.284,99.00,324.00,1,1,0
30811,3.284,99.10,326.00,1,1,0
30814,3.284,98.90,324.00,1,1,0
30816,3.284,99.00,324.00,1,1,0
30819,3.284,102.60,338.00,1,1,0
30821,3.284,99.00,323.00,1,1,0
30824,3.284,98.70,324.00,1,1,0
30836,3.256,100.50,326.00,1,1,0
30839,3.284,98.90,324.00,1,1,0
30841,3.288,99.10,326.00,1,1,0
30844,3.284,99.20,326.00,1,1,0
30846,3.284,99.00,324.00,1,1,0
30849,3.284,98.90,324.00,1,1,0
30851,3.288,98.50,323.00,1,1,0
30854,3.284,98.40,323.00,1,1,0
30856,3.284,98.60,324.00,1,1,0
30859,3.284,98.60,324.00,1,1,0
30861,3.284,97.80,321.00,1,1,0
30864,3.284,98.60,324.00,1,1,0
30866,3.280,100.80,324.00,1,1,0
30869,3.288,100.60,331.00,1,1,0
30881,3.284,98.60,324.00,1,1,0
30884,3.284,98.40,323.00,1,0,1
30886,3.280,98.60,324.00,1,0,1
30889,3.284,98.40,323.00,1,1,0
30891,3.284,93.70,308.00,1,1,0
30894,3.284,98.70,324.00,1,1,0
30896,3.284,99.00,326.00,1,1,0
30899,3.284,98.70,324.00,1,1,0
30901,3.284,103.10,339.00,1,1,0
30904,3.284,98.20,328.00,1,1,0
30906,3.288,93.50,306.00,1,1,0
30908,3.284,90.40,297.00,1,1,0
30911,3.284,98.70,326.00,1,1,0
30913,3.284,99.90,328.00,1,1,0
30926,3.284,100.10,329.00,1,1,0
30929,3.284,99.20,326.00,1,1,0
30931,3.284,98.80,324.00,1,1,0
30933,3.284,97.90,321.00,1,1,0
30936,3.284,99.10,326.00,1,1,0
30938,3.284,98.50,323.00,1,0,1
30941,3.288,105.50,323.00,1,0,1
30943,3.260,98.80,324.00,1,1,0
30946,3.280,104.50,339.00,1,1,0
30948,3.284,94.00,326.00,1,1,0
30951,3.284,99.00,324.00,1,1,0
30953,3.284,98.80,324.00,1,1,0
30956,3.284,99.50,329.00,1,1,0
30958,3.284,98.80,324.00,1,1,0
30971,3.284,99.70,328.00,1,1,0
30973,3.284,99.10,326.00,1,1,0
30976,3.284,102.30,334.00,1,1,0
30978,3.276,99.30,326.00,1,1,0
30981,3.284,98.80,324.00,1,1,0
30983,3.284,99.30,326.00,1,1,0
30986,3.284,99.10,326.00,1,1,0
30988,3.284,99.00,324.00,1,1,0
30991,3.284,98.40,323.00,1,1,0
30993,3.284,98.60,331.00,1,1,0
30996,3.284,98.40,323.00,1,0,1
30998,3.284,98.70,321.00,1,0,1
31001,3.284,98.80,333.00,1,1,0
31003,3.252,99.50,326.00,1,1,0
31016,3.284,98.70,324.00,1,1,0
31018,3.284,98.60,324.00,1,1,0
31021,3.288,99.00,324.00,1,1,0
31023,3.284,99.20,326.00,1,1,0
31026,3.284,98.60,324.00,1,1,0
31028,3.288,98.40,324.00,1,1,0
31030,3.284,99.50,328.00,1,1,0
31033,3.284,97.90,321.00,1,1,0
31035,3.284,99.20,329.00,1,1,0
31038,3.280,99.30,324.00,1,1,0
31040,3.284,98.80,324.00,1,1,0
31043,3.284,98.90,324.00,1,1,0
31045,3.284,98.40,323.00,1,1,0
31048,3.284,98.60,324.00,1,1,0
31060,3.284,99.20,326.00,1,1,0
31063,3.284,99.20,326.00,1,1,0
31065,3.284,98.50,323.00,1,1,0
31068,3.284,96.80,318.00,1,1,0
31070,3.284,98.50,323.00,1,1,0
31073,3.288,101.60,329.00,1,1,0
31075,3.284,98.60,324.00,1,1,0
31078,3.284,102.40,338.00,1,1,0
31080,3.288,101.90,326.00,1,1,0
31083,3.276,98.80,324.00,1,1,0
31085,3.284,98.80,324.00,1,1,0
31088,3.284,99.20,324.00,1,1,0
31090,3.284,98.90,324.00,1,1,0
31093,3.284,98.40,323.00,1,1,0
31105,3.284,98.40,323.00,1,0,1
31108,3.284,98.90,324.00,1,0,1
31110,3.288,100.00,415.00,1,1,0
31113,3.272,90.50,297.00,1,1,0
31115,3.284,94.00,308.00,1,1,0
31118,3.284,100.10,333.00,1,1,0
31120,3.284,98.50,324.00,1,1,0
31123,3.288,98.40,323.00,1,1,0
31125,3.284,98.90,326.00,1,1,0
31127,3.288,96.40,316.00,1,1,0
31130,3.288,98.80,324.00,1,1,0
31132,3.284,99.30,326.00,1,1,0
31135,3.284,99.60,328.00,1,1,0
31137,3.280,102.10,336.00,1,1,0
31150,3.284,98.70,324.00,1,1,0
31152,3.288,102.20,336.00,1,1,0
31155,3.288,99.60,324.00,1,1,0
31157,3.284,98.60,324.00,1,1,0
31160,3.288,98.40,323.00,1,0,1
31162,3.276,101.40,324.00,1,0,1
31165,3.284,98.90,323.00,1,1,0
31167,3.260,94.00,308.00,1,1,0
31170,3.284,96.10,308.00,1,1,0
31172,3.284,98.40,323.00,1,1,0
31175,3.288,98.60,324.00,1,1,0
31177,3.284,99.00,324.00,1,1,0
31180,3.284,98.70,324.00,1,1,0
31182,3.284,99.60,328.00,1,1,0
31195,3.284,98.60,324.00,1,1,0
31197,3.284,98.80,324.00,1,1,0
31200,3.284,98.60,328.00,1,1,0
31202,3.284,98.60,324.00,1,1,0
31205,3.284,98.20,323.00,1,1,0
31207,3.284,99.50,324.00,1,1,0
31210,3.284,98.40,323.00,1,1,0
31212,3.284,100.10,329.00,1,1,0
31215,3.284,90.50,297.00,1,0,1
31217,3.284,99.30,326.00,1,0,1
31220,3.288,99.30,326.00,1,1,0
31222,3.280,115.70,324.00,1,1,0
31224,3.284,99.20,326.00,1,1,0
31227,3.284,101.30,333.00,1,1,0
31240,3.284,99.00,324.00,1,1,0
31242,3.288,98.70,324.00,1,1,0
31245,3.284,99.00,324.00,1,1,0
31247,3.284,98.70,324.00,1,1,0
31249,3.284,99.00,324.00,1,1,0
31252,3.284,98.60,323.00,1,1,0
31254,3.284,96.40,316.00,1,1,0
31257,3.284,97.60,321.00,1,1,0
31259,3.284,96.50,323.00,1,1,0
31262,3.284,93.90,308.00,1,1,0
31264,3.284,100.30,329.00,1,1,0
31267,3.284,92.70,303.00,1,1,0
31269,3.284,99.00,324.00,1,0,1
31272,3.276,93.70,308.00,1,0,1
31284,3.284,98.40,323.00,1,1,0
31287,3.288,98.60,326.00,1,1,0
31289,3.284,98.40,323.00,1,1,0
31292,3.284,98.60,324.00,1,1,0
31294,3.284,99.60,324.00,1,1,0
31297,3.284,98.90,324.00,1,1,0
31299,3.284,99.00,324.00,1,1,0
31302,3.284,99.60,326.00,1,1,0
31304,3.280,102.20,324.00,1,1,0
31307,3.284,99.50,326.00,1,1,0
31309,3.280,99.70,328.00,1,1,0
31312,3.284,99.60,326.00,1,1,0
31314,3.284,96.00,316.00,1,1,0
31317,3.284,90.10,297.00,1,1,0
31329,3.284,102.30,336.00,1,0,1
31332,3.284,99.60,428.00,1,1,0
31334,3.280,98.50,323.00,1,1,0
31337,3.288,100.20,329.00,1,1,0
31339,3.288,98.70,324.00,1,1,0
31342,3.284,99.30,326.00,1,1,0
31344,3.288,100.60,331.00,1,1,0
31346,3.284,99.30,326.00,1,1,0
31349,3.284,98.30,323.00,1,1,0
31351,3.284,98.40,323.00,1,1,0
31354,3.284,98.40,323.00,1,1,0
31356,3.288,98.90,326.00,1,1,0
31359,3.288,98.90,324.00,1,1,0
31361,3.284,99.10,326.00,1,1,0
31374,3.284,98.10,321.00,1,1,0
31376,3.280,98.80,326.00,1,1,0
31379,3.288,98.80,324.00,1,1,0
31381,3.288,98.70,324.00,1,0,1
31384,3.284,98.50,323.00,1,0,1
31386,3.284,98.90,323.00,1,1,0
31389,3.284,98.00,321.00,1,1,0
31391,3.284,98.80,324.00,1,1,0
31394,3.284,98.90,324.00,1,1,0
31396,3.284,98.70,324.00,1,1,0
31399,3.288,98.90,336.00,1,1,0
31401,3.288,98.30,323.00,1,1,0
31404,3.284,98.40,323.00,1,1,0
31406,3.284,99.00,326.00,1,1,0
31419,3.284,90.20,297.00,1,1,0
31421,3.284,95.40,324.00,1,1,0
31424,3.284,99.20,326.00,1,1,0
31426,3.284,98.40,323.00,1,1,0
31429,3.284,99.20,328.00,1,1,0
31431,3.284,99.20,326.00,1,1,0
31434,3.284,98.80,324.00,1,1,0
31436,3.284,98.30,328.00,1,0,1
31439,3.276,102.20,336.00,1,0,1
31441,3.284,115.70,380.00,1,1,0
31443,3.260,93.90,323.00,1,1,0
31446,3.284,100.00,328.00,1,1,0
31448,3.280,98.60,324.00,1,1,0
31451,3.284,98.40,334.00,1,1,0
31464,3.280,101.60,334.00,1,1,0
31466,3.284,102.00,329.00,1,1,0
31469,3.284,98.50,323.00,1,1,0
31471,3.284,98.90,324.00,1,1,0
31473,3.284,99.20,324.00,1,1,0
31476,3.284,94.50,310.00,1,1,0
31478,3.284,98.40,323.00,1,1,0
31481,3.284,98.40,323.00,1,1,0
31483,3.284,99.10,326.00,1,1,0
31486,3.284,98.30,323.00,1,1,0
31488,3.288,99.60,333.00,1,1,0
31491,3.268,98.80,324.00,1,0,1
31493,3.284,98.70,323.00,1,0,1
31496,3.288,99.20,331.00,1,1,0
31508,3.284,98.60,324.00,1,1,0
31511,3.288,98.50,328.00,1,1,0
31513,3.284,98.60,324.00,1,1,0
31516,3.272,98.60,324.00,1,1,0
31518,3.284,99.20,329.00,1,1,0
31521,3.288,90.20,297.00,1,1,0
31523,3.280,93.00,305.00,1,1,0
31526,3.288,99.10,326.00,1,1,0
31528,3.288,98.40,323.00,1,1,0
31531,3.280,98.60,324.00,1,1,0
31533,3.276,98.70,316.00,1,1,0
31536,3.284,98.80,324.00,1,1,0
31538,3.288,97.30,319.00,1,1,0
31540,3.284,99.10,342.00,1,1,0
31553,3.256,102.50,336.00,1,1,0
31556,3.284,99.30,329.00,1,1,0
31558,3.288,99.10,326.00,1,1,0
31561,3.288,99.30,326.00,1,1,0
31563,3.288,99.20,326.00,1,1,0
31565,3.284,99.30,326.00,1,1,0
31568,3.288,99.20,326.00,1,1,0
31570,3.288,99.10,326.00,1,1,0
31573,3.284,99.10,326.00,1,1,0
31575,3.288,99.40,326.00,1,1,0
31578,3.284,99.40,323.00,1,1,0
31580,3.284,110.90,364.00,1,1,0
31583,3.284,98.20,323.00,1,1,0
31585,3.284,97.20,329.00,1,1,0
31598,3.284,98.60,324.00,1,1,0
31600,3.288,100.60,331.00,1,0,1
31603,3.288,98.70,324.00,1,0,1
31605,3.280,98.70,324.00,1,1,0
31608,3.284,110.40,310.00,1,1,0
31610,3.280,98.50,324.00,1,1,0
31613,3.284,99.20,326.00,1,1,0
31615,3.284,98.90,323.00,1,1,0
31618,3.284,98.70,324.00,1,1,0
31620,3.284,99.20,326.00,1,1,0
31623,3.288,99.90,298.00,1,1,0
31625,3.284,90.70,298.00,1,1,0
31628,3.284,98.40,323.00,1,1,0
31630,3.272,99.10,324.00,1,1,0
31643,3.284,99.30,324.00,1,1,0
31645,3.288,99.20,326.00,1,1,0
31648,3.284,99.10,326.00,1,1,0
31650,3.284,98.90,324.00,1,1,0
31653,3.284,98.50,323.00,1,1,0
31655,3.284,98.50,323.00,1,1,0
31658,3.284,106.10,349.00,1,0,1
31660,3.280,118.70,324.00,1,0,1
31662,3.284,132.40,434.00,1,1,0
31665,3.280,98.70,324.00,1,1,0
31667,3.284,99.10,326.00,1,1,0
31670,3.284,98.70,324.00,1,1,0
31672,3.284,98.40,323.00,1,1,0
31675,3.284,98.50,324.00,1,1,0
31688,3.280,98.70,329.00,1,1,0
31690,3.284,98.90,324.00,1,1,0
31692,3.284,98.50,324.00,1,1,0
31695,3.280,98.70,324.00,1,1,0
31697,3.284,98.50,324.00,1,1,0
31700,3.276,99.00,324.00,1,1,0
31702,3.284,101.10,324.00,1,1,0
31705,3.284,99.00,324.00,1,1,0
31707,3.284,99.20,326.00,1,1,0
31710,3.284,98.40,323.00,1,1,0
31712,3.284,98.60,324.00,1,0,1
31715,3.284,98.00,321.00,1,0,1
31717,3.284,100.70,328.00,1,1,0
31720,3.284,101.10,324.00,1,1,0
31732,3.284,99.00,324.00,1,1,0
31735,3.284,101.50,333.00,1,1,0
31737,3.284,98.80,324.00,1,1,0
31740,3.284,98.90,324.00,1,1,0
31742,3.284,98.80,324.00,1,1,0
31745,3.284,98.30,323.00,1,1,0
31747,3.288,99.20,328.00,1,1,0
31750,3.284,98.40,323.00,1,1,0
31752,3.284,99.00,324.00,1,1,0
31755,3.288,101.20,324.00,1,1,0
31757,3.284,98.50,324.00,1,1,0
31759,3.288,98.40,323.00,1,1,0
31762,3.284,97.80,321.00,1,1,0
31764,3.284,98.70,324.00,1,1,0
31777,3.288,99.90,326.00,1,1,0
31780,3.284,98.80,324.00,1,1,0
31782,3.284,99.20,324.00,1,1,0
31785,3.284,99.00,326.00,1,1,0
31787,3.284,95.70,315.00,1,1,0
31789,3.284,99.10,326.00,1,1,0
31792,3.284,99.00,326.00,1,1,0
31794,3.284,99.10,326.00,1,1,0
31797,3.288,99.00,324.00,1,1,0
31799,3.288,99.10,326.00,1,1,0
31802,3.284,98.50,323.00,1,1,0
31804,3.284,98.30,323.00,1,1,0
31807,3.288,102.50,324.00,1,1,0
31809,3.288,98.50,323.00,1,1,0
31822,3.284,99.40,324.00,1,0,1
31824,3.276,100.30,328.00,1,0,1
31827,3.288,99.90,328.00,1,1,0
31829,3.272,97.80,297.00,1,1,0
31832,3.268,100.40,329.00,1,1,0
31834,3.284,98.60,324.00,1,1,0
31837,3.284,96.60,324.00,1,1,0
31839,3.284,98.50,324.00,1,1,0
31842,3.288,99.30,326.00,1,1,0
31844,3.284,98.50,323.00,1,1,0
31847,3.284,98.50,323.00,1,1,0
31849,3.284,99.60,328.00,1,1,0
31852,3.284,98.40,323.00,1,1,0
31854,3.284,99.60,326.00,1,1,0
31867,3.284,98.70,324.00,1,1,0
31869,3.284,98.80,324.00,1,1,0
31872,3.284,98.40,323.00,1,1,0
31874,3.284,99.00,324.00,1,1,0
31877,3.284,98.80,324.00,1,0,1
31879,3.280,98.70,324.00,1,0,1
31881,3.284,98.50,428.00,1,1,0
31884,3.284,93.90,308.00,1,1,0
31886,3.284,94.40,310.00,1,1,0
31889,3.288,99.00,323.00,1,1,0
31891,3.288,98.70,324.00,1,1,0
31894,3.284,99.00,324.00,1,1,0
31896,3.284,98.40,324.00,1,1,0
31899,3.284,99.20,326.00,1,1,0
31911,3.288,98.70,323.00,1,1,0
31914,3.284,98.50,324.00,1,1,0
31916,3.288,99.20,326.00,1,1,0
31919,3.284,98.70,323.00,1,1,0
31921,3.284,98.50,324.00,1,1,0
31924,3.284,98.50,323.00,1,1,0
31926,3.284,100.40,326.00,1,1,0
31929,3.284,99.90,328.00,1,1,0
31931,3.284,90.50,297.00,1,0,1
31934,3.284,106.10,323.00,1,0,1
31936,3.264,98.90,324.00,1,0,1
31939,3.280,134.00,441.00,1,1,0
31941,3.280,98.70,324.00,1,1,0
31944,3.288,98.90,324.00,1,1,0
31956,3.280,98.80,324.00,1,1,0
31959,3.284,100.30,329.00,1,1,0
31961,3.284,99.40,324.00,1,1,0
31964,3.288,98.50,323.00,1,1,0
31966,3.284,98.50,323.00,1,1,0
31969,3.284,99.00,324.00,1,1,0
31971,3.284,98.90,324.00,1,1,0
31974,3.280,98.60,324.00,1,1,0
31976,3.284,98.50,323.00,1,1,0
31979,3.284,99.20,324.00,1,1,0
31981,3.284,98.50,324.00,1,1,0
31983,3.284,98.80,324.00,1,1,0
31986,3.288,98.60,323.00,1,1,0
31988,3.280,93.60,306.00,1,0,1
32001,3.284,98.50,324.00,1,1,0
32004,3.288,99.70,328.00,1,1,0
32006,3.288,99.10,323.00,1,1,0
32008,3.284,98.40,323.00,1,1,0
32011,3.276,99.20,326.00,1,1,0
32013,3.284,98.70,326.00,1,1,0
32016,3.284,98.70,324.00,1,1,0
32018,3.284,98.50,323.00,1,1,0
32021,3.288,98.40,323.00,1,1,0
32023,3.284,99.00,324.00,1,1,0
32026,3.284,99.10,326.00,1,1,0
32028,3.284,98.30,323.00,1,1,0
32031,3.284,99.70,328.00,1,1,0
32033,3.284,90.10,297.00,1,1,0
32046,3.284,102.90,339.00,1,0,1
32048,3.284,127.00,416.00,1,1,0
32051,3.276,93.70,324.00,1,1,0
32053,3.284,100.90,331.00,1,1,0
32056,3.284,98.60,324.00,1,1,0
32058,3.284,98.40,324.00,1,1,0
32061,3.288,98.80,324.00,1,1,0
32063,3.284,99.10,326.00,1,1,0
32066,3.288,98.70,331.00,1,1,0
32068,3.284,98.60,324.00,1,1,0
32071,3.284,98.60,324.00,1,1,0
32073,3.284,98.70,324.00,1,1,0
32076,3.284,101.20,324.00,1,1,0
32088,3.284,98.40,323.00,1,1,0
32091,3.288,94.40,310.00,1,1,0
32093,3.284,98.80,324.00,1,1,0
32096,3.284,99.00,326.00,1,1,0
32098,3.284,98.80,324.00,1,0,1
32101,3.288,98.40,321.00,1,0,1
32103,3.288,98.50,323.00,1,1,0
32106,3.268,98.60,323.00,1,1,0
32108,3.284,98.80,324.00,1,1,0
32110,3.284,99.00,326.00,1,1,0
32113,3.284,100.00,328.00,1,1,0
32115,3.288,99.20,326.00,1,1,0
32118,3.284,98.60,323.00,1,1,0
32120,3.284,99.20,326.00,1,1,0
32133,3.288,99.80,328.00,1,1,0
32135,3.288,90.10,297.00,1,1,0
32138,3.284,98.50,324.00,1,1,0
32140,3.284,99.00,328.00,1,1,0
32143,3.284,99.00,324.00,1,1,0
32145,3.284,99.30,326.00,1,1,0
32148,3.284,99.80,328.00,1,1,0
32150,3.288,98.60,324.00,1,1,0
32153,3.284,98.40,323.00,1,0,1
32155,3.276,98.50,338.00,1,0,1
32158,3.284,128.30,421.00,1,1,0
32160,3.280,137.30,451.00,1,1,0
32163,3.284,100.00,329.00,1,1,0
32165,3.284,98.40,323.00,1,1,0
32178,3.284,99.50,328.00,1,1,0
32180,3.284,99.00,326.00,1,1,0
32183,3.284,99.00,326.00,1,1,0
32185,3.284,98.10,329.00,1,1,0
32188,3.288,98.50,323.00,1,1,0
32190,3.284,98.70,324.00,1,1,0
32193,3.284,101.40,308.00,1,1,0
32195,3.284,98.60,324.00,1,1,0
32198,3.284,98.50,323.00,1,1,0
32200,3.284,98.50,323.00,1,1,0
32203,3.284,98.40,323.00,1,1,0
32205,3.284,98.30,323.00,1,1,0
32207,3.284,99.20,324.00,1,1,0
32210,3.284,106.60,351.00,1,0,1
32223,3.288,100.00,329.00,1,1,0
32225,3.284,98.80,324.00,1,1,0
32228,3.284,98.70,324.00,1,1,0
32230,3.284,98.60,324.00,1,1,0
32232,3.284,98.90,324.00,1,1,0
32235,3.284,98.80,324.00,1,1,0
32237,3.288,100.00,297.00,1,1,0
32240,3.284,96.20,316.00,1,1,0
32242,3.284,98.60,324.00,1,1,0
32245,3.284,99.00,326.00,1,1,0
32247,3.284,98.40,323.00,1,1,0
32250,3.288,98.20,323.00,1,1,0
32252,3.288,99.10,326.00,1,1,0
32255,3.284,99.40,326.00,1,1,0
32267,3.276,98.50,323.00,1,0,1
32270,3.280,112.40,369.00,1,1,0
32272,3.256,95.20,328.00,1,1,0
32275,3.284,98.70,324.00,1,1,0
32277,3.284,98.40,323.00,1,1,0
32280,3.288,99.30,324.00,1,1,0
32282,3.288,98.70,324.00,1,1,0
32285,3.284,99.40,326.00,1,1,0
32287,3.284,99.30,326.00,1,1,0
32290,3.288,98.50,324.00,1,1,0
32292,3.284,98.80,324.00,1,1,0
32295,3.284,100.20,329.00,1,1,0
32297,3.280,96.90,324.00,1,1,0
32300,3.284,98.40,323.00,1,1,0
32312,3.288,98.40,323.00,1,1,0
32315,3.284,98.50,323.00,1,1,0
32317,3.284,98.40,339.00,1,1,0
32320,3.284,99.70,328.00,1,0,1
32322,3.280,100.70,331.00,1,0,1
32325,3.284,101.00,324.00,1,1,0
32327,3.284,94.00,308.00,1,1,0
32329,3.284,98.60,324.00,1,1,0
32332,3.288,98.30,323.00,1,1,0
32334,3.284,98.60,326.00,1,1,0
32337,3.284,99.80,328.00,1,1,0
32339,3.284,99.90,328.00,1,1,0
32342,3.284,90.40,310.00,1,1,0
32344,3.288,98.40,323.00,1,1,0
32357,3.284,98.60,324.00,1,1,0
32359,3.284,98.30,323.00,1,1,0
32362,3.284,98.90,324.00,1,1,0
32364,3.284,98.30,323.00,1,1,0
32367,3.284,99.50,326.00,1,1,0
32369,3.288,100.30,324.00,1,1,0
32372,3.284,98.70,324.00,1,1,0
32374,3.284,99.10,326.00,1,0,1
32377,3.280,101.90,321.00,1,0,1
32379,3.264,98.80,324.00,1,1,0
32382,3.272,103.80,338.00,1,1,0
32384,3.280,94.30,326.00,1,1,0
32387,3.284,99.00,324.00,1,1,0
32389,3.284,99.00,324.00,1,1,0
32402,3.284,99.20,326.00,1,1,0
32404,3.288,99.20,326.00,1,1,0
32407,3.288,99.50,323.00,1,1,0
32409,3.284,98.50,323.00,1,1,0
32412,3.288,98.50,323.00,1,1,0
32414,3.288,99.10,324.00,1,1,0
32417,3.288,99.40,326.00,1,1,0
32419,3.284,99.40,326.00,1,1,0
32422,3.284,99.10,326.00,1,1,0
32424,3.284,98.80,324.00,1,1,0
32427,3.284,99.40,326.00,1,1,0
32429,3.284,98.40,324.00,1,1,0
32431,3.288,99.60,326.00,1,0,1
32434,3.284,96.60,315.00,1,0,1
32447,3.288,98.80,324.00,1,1,0
32449,3.288,99.00,326.00,1,1,0
32452,3.288,99.20,326.00,1,1,0
32454,3.288,99.60,328.00,1,1,0
32456,3.284,98.90,324.00,1,1,0
32459,3.288,98.60,323.00,1,1,0
32461,3.288,101.90,334.00,1,1,0
32464,3.284,99.00,326.00,1,1,0
32466,3.288,98.60,324.00,1,1,0
32469,3.284,99.00,324.00,1,1,0
32471,3.284,99.10,326.00,1,1,0
32474,3.288,98.90,323.00,1,1,0
32476,3.284,98.30,323.00,1,1,0
32479,3.284,98.40,323.00,1,1,0
32491,3.288,98.30,323.00,1,1,0
32494,3.276,103.10,336.00,1,1,0
32496,3.284,94.00,324.00,1,1,0
32499,3.284,99.10,326.00,1,1,0
32501,3.284,94.20,310.00,1,1,0
32504,3.288,99.00,323.00,1,1,0
32506,3.284,98.40,323.00,1,1,0
32509,3.288,98.30,323.00,1,1,0
32511,3.284,98.50,324.00,1,1,0
32514,3.284,99.00,324.00,1,1,0
32516,3.288,98.90,324.00,1,1,0
32519,3.284,98.70,324.00,1,1,0
32521,3.288,98.40,323.00,1,1,0
32524,3.288,99.00,324.00,1,1,0
32536,3.288,98.70,324.00,1,1,0
32543,3.288,99.90,328.00,1,0,1
32546,3.276,90.40,297.00,1,0,1
32548,3.264,99.80,328.00,1,1,0
32551,3.256,99.60,308.00,1,1,0
32553,3.284,98.60,324.00,1,1,0
32556,3.288,99.20,326.00,1,1,0
32558,3.284,98.90,326.00,1,1,0
32561,3.288,99.20,326.00,1,1,0
32563,3.268,102.60,338.00,1,1,0
32565,3.280,99.40,326.00,1,1,0
32568,3.284,99.30,326.00,1,1,0
32570,3.288,99.10,326.00,1,1,0
32573,3.288,99.00,324.00,1,1,0
32575,3.284,99.00,324.00,1,1,0
32588,3.284,98.60,324.00,1,1,0
32590,3.288,98.80,324.00,1,1,0
32593,3.288,98.60,324.00,1,1,0
32595,3.284,99.00,328.00,1,1,0
32598,3.288,99.00,326.00,1,0,1
32600,3.284,98.70,324.00,1,0,1
32603,3.260,97.00,308.00,1,1,0
32605,3.288,101.80,334.00,1,1,0
32608,3.280,93.70,308.00,1,1,0
32610,3.284,99.00,324.00,1,1,0
32613,3.288,98.50,323.00,1,1,0
32615,3.284,98.50,324.00,1,1,0
32618,3.284,98.90,323.00,1,1,0
32620,3.284,98.30,323.00,1,1,0
32633,3.284,98.70,324.00,1,1,0
32635,3.284,98.50,323.00,1,1,0
32638,3.288,98.30,323.00,1,1,0
32640,3.284,99.20,326.00,1,1,0
32643,3.288,98.40,323.00,1,1,0
32645,3.288,100.00,329.00,1,1,0
32648,3.288,93.50,297.00,1,1,0
32650,3.284,99.30,326.00,1,1,0
32653,3.284,99.00,324.00,1,0,1
32655,3.280,100.50,324.00,1,0,1
32658,3.284,98.50,323.00,1,1,0
32660,3.276,106.40,347.00,1,1,0
32662,3.288,98.90,401.00,1,1,0
32665,3.280,99.00,324.00,1,1,0
32678,3.284,98.50,323.00,1,1,0
32680,3.284,98.40,323.00,1,1,0
32683,3.288,98.50,323.00,1,1,0
32685,3.284,98.50,323.00,1,1,0
32687,3.288,98.80,324.00,1,1,0
32690,3.284,98.90,323.00,1,1,0
32692,3.284,99.10,326.00,1,1,0
32695,3.288,98.90,324.00,1,1,0
32697,3.288,98.80,324.00,1,1,0
32700,3.288,98.70,324.00,1,1,0
32702,3.288,98.50,323.00,1,1,0
32705,3.284,98.40,323.00,1,1,0
32707,3.284,107.40,324.00,1,1,0
32710,3.288,101.80,334.00,1,0,1
32722,3.288,98.50,323.00,1,1,0
32725,3.284,98.70,324.00,1,1,0
32727,3.284,98.80,324.00,1,1,0
32730,3.284,98.60,324.00,1,1,0
32732,3.284,98.30,323.00,1,1,0
32735,3.284,99.00,323.00,1,1,0
32737,3.284,98.80,324.00,1,1,0
32740,3.284,98.40,323.00,1,1,0
32742,3.288,99.00,324.00,1,1,0
32745,3.284,99.20,326.00,1,1,0
32747,3.288,99.90,328.00,1,1,0
32750,3.288,95.80,297.00,1,1,0
32752,3.284,90.20,323.00,1,1,0
32755,3.284,98.60,324.00,1,1,0
32767,3.284,132.10,434.00,1,0,1
32770,3.284,100.00,328.00,1,1,0
32772,3.276,109.90,393.00,1,1,0
32775,3.280,98.40,323.00,1,1,0
32777,3.284,98.70,324.00,1,1,0
32780,3.284,98.80,324.00,1,1,0
32782,3.284,99.00,324.00,1,1,0
32784,3.288,99.50,324.00,1,1,0
32787,3.284,99.00,324.00,1,1,0
32789,3.284,99.20,326.00,1,1,0
32792,3.284,99.00,326.00,1,1,0
32794,3.284,102.80,328.00,1,1,0
32797,3.288,99.30,326.00,1,1,0
32810,3.284,98.40,324.00,1,1,0
32812,3.284,98.60,324.00,1,1,0
32814,3.284,100.90,331.00,1,1,0
32817,3.284,98.70,323.00,1,1,0
32819,3.284,100.80,331.00,1,0,1
32822,3.276,101.00,331.00,1,0,1
32824,3.288,100.00,329.00,1,0,1
32827,3.284,99.20,326.00,1,0,1
32829,3.284,97.90,323.00,1,1,0
32832,3.308,99.00,308.00,1,1,0
32834,3.284,98.70,324.00,1,1,0
32837,3.288,99.20,326.00,1,1,0
32839,3.284,99.00,324.00,1,1,0
32852,3.288,97.30,297.00,1,1,0
32854,3.284,98.60,324.00,1,1,0
32857,3.284,99.00,324.00,1,1,0
32859,3.284,99.00,324.00,1,1,0
32862,3.284,95.40,313.00,1,1,0
32864,3.284,94.00,308.00,1,1,0
32867,3.284,98.80,324.00,1,1,0
32869,3.284,98.50,323.00,1,1,0
32872,3.288,98.80,324.00,1,1,0
32874,3.288,99.40,326.00,1,1,0
32877,3.284,98.60,323.00,1,1,0
32879,3.284,98.40,323.00,1,1,0
32882,3.280,102.80,338.00,1,0,1
32884,3.260,98.50,324.00,1,0,1
32897,3.288,98.90,324.00,1,1,0
32899,3.284,98.60,324.00,1,1,0
32902,3.284,98.30,323.00,1,1,0
32904,3.284,98.70,324.00,1,1,0
32907,3.284,101.60,334.00,1,1,0
32909,3.284,100.30,329.00,1,1,0
32912,3.284,95.60,324.00,1,1,0
32914,3.284,98.80,323.00,1,1,0
32916,3.284,100.10,329.00,1,1,0
32919,3.284,98.80,324.00,1,1,0
32921,3.284,98.70,324.00,1,1,0
32924,3.284,98.80,324.00,1,1,0
32926,3.288,98.80,324.00,1,1,0
32929,3.288,99.10,324.00,1,1,0
32941,3.284,103.60,308.00,1,1,0
32944,3.280,98.70,324.00,1,1,0
32946,3.288,99.60,328.00,1,1,0
32949,3.288,98.50,326.00,1,1,0
32951,3.288,100.00,328.00,1,1,0
32954,3.284,99.20,326.00,1,1,0
32956,3.284,90.30,323.00,1,1,0
32959,3.284,98.80,324.00,1,1,0
32961,3.288,99.60,328.00,1,1,0
32964,3.288,100.20,323.00,1,1,0
32966,3.284,98.60,324.00,1,1,0
32969,3.288,98.90,324.00,1,1,0
32971,3.284,98.70,324.00,1,1,0
32974,3.284,103.20,326.00,1,1,0
32986,3.284,98.60,323.00,1,1,0
32989,3.284,98.60,324.00,1,1,0
32991,3.284,106.20,349.00,1,0,1
32994,3.280,120.90,326.00,1,0,1
32996,3.284,133.40,437.00,1,1,0
32999,3.280,100.20,329.00,1,1,0
33001,3.284,98.70,321.00,1,1,0
33004,3.284,99.50,326.00,1,1,0
33006,3.284,98.50,324.00,1,1,0
33009,3.284,98.90,326.00,1,1,0
33011,3.284,99.60,328.00,1,1,0
33013,3.284,93.70,308.00,1,1,0
33016,3.284,98.60,323.00,1,1,0
33029,3.288,98.60,324.00,1,1,0
33031,3.284,98.40,324.00,1,1,0
33034,3.284,98.50,324.00,1,1,0
33036,3.288,98.70,324.00,1,1,0
33039,3.288,98.60,324.00,1,1,0
33041,3.284,100.00,328.00,1,1,0
33043,3.284,98.50,324.00,1,1,0
33046,3.284,98.60,326.00,1,0,1
33048,3.288,98.40,323.00,1,0,1
33051,3.284,99.20,324.00,1,1,0
33053,3.284,99.90,328.00,1,1,0
33056,3.288,118.70,390.00,1,1,0
33058,3.280,90.20,297.00,1,1,0
33061,3.284,97.80,324.00,1,1,0
33073,3.284,98.50,326.00,1,1,0
33076,3.284,98.70,324.00,1,1,0
33078,3.284,99.20,326.00,1,1,0
33081,3.284,98.70,324.00,1,1,0
33083,3.288,99.10,326.00,1,1,0
33086,3.288,99.20,326.00,1,1,0
33088,3.284,99.00,324.00,1,1,0
33091,3.284,99.20,324.00,1,1,0
33093,3.284,98.70,324.00,1,1,0
33096,3.284,98.30,323.00,1,1,0
33098,3.284,98.80,333.00,1,1,0
33101,3.288,101.10,331.00,1,0,1
33103,3.288,99.10,326.00,1,0,1
33106,3.284,98.50,360.00,1,1,0
33118,3.284,98.50,324.00,1,1,0
33121,3.284,98.50,323.00,1,1,0
33123,3.288,98.40,323.00,1,1,0
33126,3.284,98.50,323.00,1,1,0
33128,3.284,98.80,324.00,1,1,0
33131,3.284,99.20,326.00,1,1,0
33133,3.284,98.40,323.00,1,1,0
33136,3.284,98.50,323.00,1,1,0
33138,3.284,98.60,324.00,1,1,0
33140,3.284,98.60,324.00,1,1,0
33143,3.284,98.40,324.00,1,1,0
33145,3.288,99.50,326.00,1,1,0
33148,3.284,102.80,338.00,1,1,0
33150,3.284,98.80,324.00,1,1,0
33163,3.256,96.50,311.00,1,1,0
33166,3.280,101.90,334.00,1,1,0
33168,3.284,98.80,324.00,1,1,0
33170,3.284,98.70,326.00,1,1,0
33173,3.288,98.90,324.00,1,1,0
33175,3.284,102.10,336.00,1,1,0
33178,3.284,98.60,326.00,1,1,0
33180,3.284,98.90,324.00,1,1,0
33183,3.284,98.70,324.00,1,1,0
33185,3.284,99.10,326.00,1,1,0
33188,3.284,98.70,324.00,1,1,0
33190,3.284,99.40,326.00,1,1,0
33193,3.284,98.40,323.00,1,1,0
33195,3.284,92.40,324.00,1,1,0
33208,3.284,98.70,323.00,1,1,0
33210,3.284,98.60,324.00,1,0,1
33213,3.272,99.10,326.00,1,0,1
33215,3.260,98.60,336.00,1,1,0
33218,3.284,77.00,251.00,1,1,0
33220,3.284,93.80,308.00,1,1,0
33223,3.284,99.00,326.00,1,1,0
33225,3.284,98.70,324.00,1,1,0
33228,3.288,99.20,326.00,1,1,0
33230,3.288,98.40,324.00,1,1,0
33233,3.284,98.80,324.00,1,1,0
33235,3.284,98.70,324.00,1,1,0
33237,3.284,98.50,324.00,1,1,0
33240,3.284,98.50,323.00,1,1,0
33253,3.284,99.00,324.00,1,1,0
33255,3.284,98.80,324.00,1,1,0
33258,3.288,98.30,323.00,1,1,0
33260,3.288,99.80,328.00,1,1,0
33263,3.284,90.20,297.00,1,1,0
33265,3.284,98.90,324.00,1,1,0
33267,3.284,99.50,351.00,1,0,1
33270,3.288,98.90,323.00,1,0,1
33272,3.284,98.80,324.00,1,1,0
33275,3.280,94.00,324.00,1,1,0
33277,3.284,98.40,323.00,1,1,0
33280,3.288,98.50,324.00,1,1,0
33282,3.284,99.40,328.00,1,1,0
33285,3.288,98.80,324.00,1,1,0
33297,3.288,98.60,324.00,1,1,0
33300,3.288,98.80,324.00,1,1,0
33302,3.284,98.90,324.00,1,1,0
33305,3.288,98.70,326.00,1,1,0
33307,3.288,99.10,326.00,1,1,0
33310,3.288,99.00,326.00,1,1,0
33312,3.288,101.80,326.00,1,1,0
33315,3.284,99.10,326.00,1,1,0
33317,3.288,98.60,324.00,1,1,0
33320,3.284,93.70,308.00,1,1,0
33322,3.284,98.80,324.00,1,0,1
33325,3.288,98.60,321.00,1,0,1
33327,3.284,100.20,321.00,1,1,0
33330,3.256,99.30,326.00,1,1,0
33342,3.284,99.60,336.00,1,1,0
33345,3.288,98.60,324.00,1,1,0
33347,3.288,98.90,324.00,1,1,0
33350,3.288,98.70,324.00,1,1,0
33352,3.284,98.90,324.00,1,1,0
33355,3.284,98.50,323.00,1,1,0
33357,3.284,99.00,323.00,1,1,0
33360,3.284,98.50,323.00,1,1,0
33362,3.288,99.70,328.00,1,1,0
33364,3.288,90.60,297.00,1,1,0
33367,3.284,98.80,324.00,1,1,0
33369,3.284,98.90,324.00,1,1,0
33372,3.284,98.30,323.00,1,1,0
33374,3.284,98.70,324.00,1,1,0
33387,3.288,93.90,308.00,1,1,0
33389,3.280,98.20,323.00,1,1,0
33392,3.288,99.10,326.00,1,1,0
33394,3.288,99.40,323.00,1,1,0
33397,3.284,98.50,323.00,1,1,0
33399,3.288,98.70,324.00,1,1,0
33402,3.288,98.40,323.00,1,1,0
33404,3.284,98.90,324.00,1,1,0
33407,3.288,99.80,328.00,1,1,0
33409,3.288,99.50,329.00,1,1,0
33412,3.288,99.20,326.00,1,1,0
33414,3.288,98.80,324.00,1,1,0
33417,3.284,101.70,324.00,1,1,0
33419,3.288,98.40,323.00,1,1,0
33432,3.284,99.00,324.00,1,0,1
33434,3.284,98.80,324.00,1,0,1
33437,3.284,98.60,321.00,1,1,0
33439,3.260,93.90,308.00,1,1,0
33442,3.284,99.20,326.00,1,1,0
33444,3.280,98.90,324.00,1,1,0
33447,3.284,99.30,324.00,1,1,0
33449,3.288,98.50,323.00,1,1,0
33452,3.284,98.40,323.00,1,1,0
33454,3.284,98.60,323.00,1,1,0
33457,3.284,98.50,323.00,1,1,0
33459,3.284,100.30,329.00,1,1,0
33461,3.284,99.60,326.00,1,1,0
33464,3.288,100.00,329.00,1,1,0
33477,3.284,99.00,324.00,1,1,0
33479,3.284,99.00,326.00,1,1,0
33482,3.288,99.30,324.00,1,1,0
33484,3.288,98.40,323.00,1,1,0
33486,3.288,98.80,324.00,1,0,1
33489,3.276,98.70,321.00,1,0,1
33491,3.260,98.80,324.00,1,1,0
33494,3.284,127.30,416.00,1,1,0
33496,3.280,97.50,321.00,1,1,0
33499,3.284,99.10,336.00,1,1,0
33501,3.288,100.30,329.00,1,1,0
33504,3.288,98.30,323.00,1,1,0
33506,3.284,98.70,328.00,1,1,0
33509,3.288,99.20,326.00,1,1,0
33521,3.288,98.30,323.00,1,1,0
33524,3.280,99.20,326.00,1,1,0
33526,3.284,94.30,324.00,1,1,0
33529,3.288,103.10,338.00,1,1,0
33531,3.284,101.20,333.00,1,1,0
33534,3.288,98.40,323.00,1,1,0
33536,3.284,98.40,323.00,1,1,0
33539,3.284,99.00,324.00,1,1,0
33541,3.284,98.80,326.00,1,1,0
33544,3.288,106.80,351.00,1,0,1
33546,3.284,130.20,428.00,1,0,1
33549,3.284,98.80,431.00,1,1,0
33551,3.280,93.90,328.00,1,1,0
33564,3.288,99.80,324.00,1,1,0
33566,3.288,96.10,316.00,1,1,0
33569,3.284,94.70,311.00,1,1,0
33571,3.284,90.30,326.00,1,1,0
33574,3.288,101.60,334.00,1,1,0
33576,3.288,99.00,326.00,1,1,0
33579,3.284,99.10,324.00,1,1,0
33581,3.284,98.70,324.00,1,1,0
33584,3.288,99.10,326.00,1,1,0
33586,3.284,98.60,324.00,1,1,0
33588,3.284,98.70,324.00,1,1,0
33591,3.288,99.40,326.00,1,1,0
33593,3.284,98.80,329.00,1,1,0
33596,3.284,99.30,326.00,1,1,0
33609,3.284,99.10,326.00,1,1,0
33611,3.284,99.80,328.00,1,1,0
33614,3.288,99.00,326.00,1,1,0
33616,3.288,98.60,324.00,1,1,0
33618,3.288,99.00,324.00,1,1,0
33621,3.284,98.90,324.00,1,1,0
33623,3.284,99.10,324.00,1,1,0
33626,3.288,98.10,323.00,1,1,0
33628,3.284,98.50,324.00,1,1,0
33631,3.284,98.40,323.00,1,1,0
33633,3.284,100.90,331.00,1,1,0
33636,3.284,98.40,323.00,1,1,0
33638,3.284,98.40,323.00,1,1,0
33641,3.284,98.90,324.00,1,1,0
33653,3.284,98.60,323.00,1,0,1
33656,3.276,131.60,433.00,1,0,1
33658,3.284,98.80,324.00,1,1,0
33661,3.260,94.00,329.00,1,1,0
33663,3.284,98.70,324.00,1,1,0
33666,3.284,98.20,323.00,1,1,0
33668,3.284,98.20,329.00,1,1,0
33671,3.288,97.20,319.00,1,1,0
33673,3.284,90.40,297.00,1,1,0
33676,3.288,99.20,326.00,1,1,0
33678,3.284,101.00,333.00,1,1,0
33681,3.284,98.60,324.00,1,1,0
33683,3.288,98.30,324.00,1,1,0
33685,3.288,98.80,324.00,1,1,0
33698,3.288,99.10,326.00,1,1,0
33701,3.288,98.80,324.00,1,1,0
33703,3.284,98.60,326.00,1,1,0
33706,3.284,98.80,324.00,1,1,0
33708,3.284,98.40,323.00,1,0,1
33711,3.284,98.50,323.00,1,0,1
33713,3.284,98.90,324.00,1,1,0
33715,3.280,94.00,308.00,1,1,0
33718,3.284,98.80,324.00,1,1,0
33720,3.284,99.70,324.00,1,1,0
33723,3.288,98.50,324.00,1,1,0
33725,3.284,98.40,323.00,1,1,0
33728,3.276,99.80,326.00,1,1,0
33730,3.284,93.80,308.00,1,1,0
33743,3.284,98.90,324.00,1,1,0
33745,3.288,98.10,323.00,1,1,0
33748,3.288,99.10,324.00,1,1,0
33750,3.284,98.50,323.00,1,1,0
33753,3.284,100.50,329.00,1,1,0
33755,3.288,98.60,323.00,1,1,0
33758,3.284,98.60,324.00,1,1,0
33760,3.288,98.40,323.00,1,1,0
33763,3.288,99.30,326.00,1,0,1
33765,3.276,98.80,321.00,1,0,1
33768,3.260,99.20,326.00,1,1,0
33770,3.272,110.80,364.00,1,1,0
33773,3.284,99.80,392.00,1,1,0
33775,3.280,90.40,297.00,1,1,0
33788,3.288,99.00,326.00,1,1,0
33790,3.288,98.50,323.00,1,1,0
33793,3.288,98.50,323.00,1,1,0
33795,3.288,99.30,326.00,1,1,0
33798,3.288,98.40,323.00,1,1,0
33800,3.288,99.20,326.00,1,1,0
33803,3.288,98.60,324.00,1,1,0
33805,3.284,99.60,326.00,1,1,0
33808,3.284,99.00,324.00,1,1,0
33810,3.284,99.70,328.00,1,1,0
33812,3.288,99.20,326.00,1,1,0
33815,3.280,99.00,324.00,1,1,0
33817,3.288,99.10,324.00,1,1,0
33820,3.284,105.10,346.00,1,0,1
33833,3.284,115.10,378.00,1,1,0
33835,3.284,98.60,324.00,1,1,0
33837,3.284,98.50,328.00,1,1,0
33840,3.288,98.40,323.00,1,1,0
33842,3.284,98.70,324.00,1,1,0
33845,3.288,98.60,324.00,1,1,0
33847,3.284,98.80,324.00,1,1,0
33850,3.288,99.80,328.00,1,1,0
33852,3.288,98.40,324.00,1,1,0
33855,3.284,98.60,324.00,1,1,0
33857,3.288,98.50,323.00,1,1,0
33860,3.284,98.30,323.00,1,1,0
33862,3.288,98.50,324.00,1,1,0
33865,3.284,98.80,324.00,1,1,0
33877,3.284,90.30,297.00,1,0,1
33880,3.284,100.40,328.00,1,1,0
33882,3.288,99.10,321.00,1,1,0
33885,3.268,115.60,378.00,1,1,0
33887,3.280,98.60,324.00,1,1,0
33890,3.284,99.40,326.00,1,1,0
33892,3.288,99.10,326.00,1,1,0
33895,3.284,98.70,324.00,1,1,0
33897,3.284,99.20,326.00,1,1,0
33900,3.288,98.40,323.00,1,1,0
33902,3.284,99.00,326.00,1,1,0
33905,3.284,98.70,324.00,1,1,0
33907,3.288,98.90,324.00,1,1,0
33909,3.288,98.50,323.00,1,1,0
33922,3.284,98.60,324.00,1,1,0
33925,3.284,98.80,324.00,1,1,0
33927,3.288,98.40,323.00,1,1,0
33930,3.284,98.50,323.00,1,0,1
33932,3.284,98.40,323.00,1,0,1
33934,3.288,94.00,319.00,1,1,0
33937,3.256,95.90,315.00,1,1,0
33939,3.284,98.40,323.00,1,1,0
33942,3.288,98.90,331.00,1,1,0
33944,3.284,99.20,326.00,1,1,0
33947,3.284,98.90,324.00,1,1,0
33949,3.284,98.70,323.00,1,1,0
33952,3.284,98.30,323.00,1,1,0
33954,3.284,98.40,323.00,1,1,0
33967,3.288,100.90,331.00,1,1,0
33969,3.284,98.40,323.00,1,1,0
33972,3.284,98.90,329.00,1,1,0
33974,3.288,102.30,336.00,1,1,0
33977,3.284,98.60,324.00,1,1,0
33979,3.284,90.50,298.00,1,1,0
33982,3.284,98.40,323.00,1,1,0
33984,3.288,99.00,324.00,1,0,1
33987,3.284,99.00,336.00,1,0,1
33989,3.268,98.80,324.00,1,1,0
33992,3.264,95.00,311.00,1,1,0
33994,3.284,99.00,324.00,1,1,0
33997,3.288,99.30,326.00,1,1,0
33999,3.288,98.80,324.00,1,1,0
34012,3.284,99.40,326.00,1,1,0
34014,3.284,98.50,324.00,1,1,0
34017,3.288,98.40,323.00,1,1,0
34019,3.288,99.60,326.00,1,1,0
34022,3.272,98.90,324.00,1,1,0
34024,3.280,101.90,336.00,1,1,0
34027,3.268,98.40,323.00,1,1,0
34029,3.288,98.90,324.00,1,1,0
34031,3.284,98.50,324.00,1,1,0
34034,3.284,98.60,324.00,1,1,0
34036,3.284,94.30,310.00,1,1,0
34039,3.284,98.70,323.00,1,0,1
34041,3.276,98.60,324.00,1,0,1
34044,3.284,98.80,324.00,1,1,0
34057,3.284,99.20,326.00,1,1,0
34059,3.284,98.40,323.00,1,1,0
34061,3.284,99.80,328.00,1,1,0
34064,3.284,98.40,323.00,1,1,0
34066,3.284,98.60,324.00,1,1,0
34069,3.284,99.00,324.00,1,1,0
34071,3.284,98.40,323.00,1,1,0
34074,3.284,98.70,324.00,1,1,0
34076,3.284,99.60,328.00,1,1,0
34079,3.288,100.10,329.00,1,1,0
34081,3.284,90.60,298.00,1,1,0
34084,3.284,94.30,324.00,1,1,0
34086,3.284,101.90,334.00,1,1,0
34089,3.288,98.70,324.00,1,1,0
34101,3.180,107.00,351.00,1,1,0
34104,3.288,99.70,316.00,1,1,0
34106,3.284,99.10,326.00,1,1,0
34109,3.284,99.00,326.00,1,1,0
34111,3.280,103.00,328.00,1,1,0
34114,3.284,98.80,324.00,1,1,0
34116,3.288,98.70,324.00,1,1,0
34119,3.288,98.90,321.00,1,1,0
34121,3.284,99.10,326.00,1,1,0
34124,3.288,98.60,324.00,1,1,0
34126,3.284,99.00,326.00,1,1,0
34128,3.288,99.20,326.00,1,1,0
34131,3.284,99.40,326.00,1,1,0
34133,3.284,99.60,328.00,1,1,0
34146,3.288,99.10,326.00,1,1,0
34149,3.284,98.40,324.00,1,0,1
34151,3.284,98.50,323.00,1,0,1
34154,3.284,99.10,326.00,1,1,0
34156,3.276,129.90,318.00,1,1,0
34158,3.284,98.70,324.00,1,1,0
34161,3.288,98.40,323.00,1,1,0
34163,3.284,99.20,324.00,1,1,0
34166,3.288,99.20,326.00,1,1,0
34168,3.280,98.30,323.00,1,1,0
34171,3.288,98.80,323.00,1,1,0
34173,3.288,98.70,324.00,1,1,0
34176,3.284,98.70,324.00,1,1,0
34178,3.288,98.70,324.00,1,1,0
34191,3.288,98.70,324.00,1,1,0
34193,3.288,98.60,324.00,1,1,0
34196,3.284,99.10,326.00,1,1,0
34198,3.284,99.00,324.00,1,1,0
34201,3.284,98.40,329.00,1,1,0
34203,3.288,98.80,324.00,1,0,1
34206,3.272,99.10,326.00,1,0,1
34208,3.280,98.60,326.00,1,0,1
34211,3.284,99.60,326.00,1,1,0
34213,3.280,98.90,324.00,1,1,0
34216,3.288,99.40,324.00,1,1,0
34218,3.288,98.50,324.00,1,1,0
34221,3.284,98.50,324.00,1,1,0
34223,3.288,98.60,324.00,1,1,0
34236,3.284,98.90,324.00,1,1,0
34238,3.288,99.00,324.00,1,1,0
34241,3.288,98.50,323.00,1,1,0
34243,3.284,96.30,316.00,1,1,0
34246,3.284,98.90,324.00,1,1,0
34248,3.288,99.10,326.00,1,1,0
34250,3.284,98.40,323.00,1,1,0
34253,3.284,101.70,323.00,1,1,0
34255,3.284,98.40,323.00,1,1,0
34258,3.288,98.40,323.00,1,1,0
34260,3.284,105.90,326.00,1,0,1
34263,3.288,99.50,328.00,1,0,1
34265,3.288,103.20,338.00,1,1,0
34268,3.284,93.90,326.00,1,1,0
34280,3.288,99.10,326.00,1,1,0
34283,3.284,98.70,328.00,1,1,0
34285,3.284,94.10,310.00,1,1,0
34288,3.284,90.50,297.00,1,1,0
34290,3.288,98.60,326.00,1,1,0
34293,3.288,99.10,326.00,1,1,0
34295,3.288,98.80,324.00,1,1,0
34298,3.284,99.80,326.00,1,1,0
34300,3.284,98.90,324.00,1,1,0
34303,3.284,98.90,324.00,1,1,0
34305,3.284,99.10,324.00,1,1,0
34308,3.284,100.00,328.00,1,1,0
34310,3.284,98.70,324.00,1,1,0
34313,3.288,99.70,326.00,1,1,0
34325,3.288,98.60,324.00,1,1,0
34328,3.284,94.50,326.00,1,1,0
34330,3.284,103.70,339.00,1,1,0
34333,3.276,99.00,326.00,1,1,0
34335,3.288,98.70,324.00,1,1,0
34338,3.284,98.50,323.00,1,1,0
34340,3.284,98.90,324.00,1,1,0
34343,3.284,99.00,321.00,1,1,0
34345,3.284,99.60,328.00,1,1,0
34347,3.284,100.00,329.00,1,1,0
34350,3.288,98.50,323.00,1,1,0
34352,3.284,98.50,324.00,1,1,0
34355,3.284,98.20,323.00,1,1,0
34357,3.288,98.70,326.00,1,1,0
34370,3.288,98.30,323.00,1,0,1
34373,3.276,131.60,433.00,1,0,1
34375,3.284,99.10,326.00,1,1,0
34377,3.268,101.60,334.00,1,1,0
34380,3.268,99.20,308.00,1,1,0
34382,3.280,98.70,324.00,1,1,0
34385,3.288,98.90,324.00,1,1,0
34387,3.284,99.50,308.00,1,1,0
34390,3.284,90.30,297.00,1,1,0
34392,3.284,97.90,321.00,1,1,0
34395,3.288,99.00,328.00,1,1,0
34397,3.288,98.10,323.00,1,1,0
34400,3.284,98.70,324.00,1,1,0
34402,3.284,99.00,324.00,1,1,0
34415,3.288,99.10,328.00,1,1,0
34417,3.284,99.10,326.00,1,1,0
34420,3.284,98.50,324.00,1,1,0
34422,3.284,99.10,324.00,1,1,0
34425,3.284,99.50,326.00,1,0,1
34427,3.284,99.10,326.00,1,0,1
34430,3.284,99.00,310.00,1,1,0
34432,3.276,109.10,392.00,1,1,0
34435,3.280,98.60,324.00,1,1,0
34437,3.288,98.60,323.00,1,1,0
34440,3.284,99.20,328.00,1,1,0
34442,3.284,99.20,326.00,1,1,0
34444,3.284,98.80,324.00,1,1,0
34447,3.288,93.70,308.00,1,1,0
34460,3.284,98.90,326.00,1,1,0
34462,3.284,98.50,324.00,1,1,0
34465,3.284,98.60,324.00,1,1,0
34467,3.284,98.50,324.00,1,1,0
34470,3.288,91.50,300.00,1,1,0
34472,3.284,98.40,323.00,1,1,0
34474,3.288,100.60,328.00,1,1,0
34477,3.284,99.40,326.00,1,1,0
34479,3.284,98.70,324.00,1,0,1
34482,3.276,98.70,324.00,1,0,1
34484,3.284,130.20,326.00,1,1,0
34487,3.284,110.40,360.00,1,1,0
34489,3.288,101.20,333.00,1,1,0
34502,3.284,93.90,308.00,1,1,0
34504,3.280,93.60,308.00,1,1,0
34507,3.284,94.00,308.00,1,1,0
34509,3.284,98.50,323.00,1,1,0
34512,3.288,99.60,326.00,1,1,0
34514,3.288,99.20,326.00,1,1,0
34517,3.288,98.00,321.00,1,1,0
34519,3.288,99.60,326.00,1,1,0
34522,3.284,98.90,324.00,1,1,0
34524,3.284,98.60,324.00,1,1,0
34527,3.284,98.40,323.00,1,1,0
34529,3.284,98.80,324.00,1,1,0
34532,3.284,95.10,313.00,1,1,0
34534,3.284,99.50,326.00,1,1,0
34551,3.288,99.20,300.00,1,1,0
34554,3.284,99.90,328.00,1,1,0
34556,3.288,99.60,328.00,1,1,0
34559,3.288,99.00,328.00,1,1,0
34561,3.288,99.80,328.00,1,1,0
34564,3.288,99.50,326.00,1,1,0
34566,3.288,100.10,326.00,1,1,0
34569,3.284,98.70,324.00,1,1,0
34571,3.284,99.20,326.00,1,1,0
34573,3.284,91.30,300.00,1,1,0
34576,3.288,98.90,324.00,1,1,0
34578,3.288,99.10,326.00,1,1,0
34581,3.288,99.50,326.00,1,1,0
34583,3.284,99.60,326.00,1,1,0
34596,3.272,100.80,324.00,1,1,0
34598,3.272,99.50,326.00,1,1,0
34601,3.268,93.90,308.00,1,1,0
34603,3.280,99.10,323.00,1,1,0
34606,3.284,99.20,326.00,1,1,0
34608,3.284,98.70,324.00,1,1,0
34611,3.288,98.50,324.00,1,1,0
34613,3.284,99.40,326.00,1,1,0
34616,3.288,99.50,328.00,1,1,0
34618,3.284,99.20,329.00,1,1,0
34621,3.284,92.60,326.00,1,1,0
34623,3.284,99.30,326.00,1,1,0
34626,3.284,98.50,323.00,1,1,0
34628,3.284,98.50,324.00,1,1,0
34641,3.284,92.60,324.00,1,1,0
34643,3.284,99.00,326.00,1,1,0
34646,3.284,99.30,326.00,1,1,0
34648,3.284,99.30,326.00,1,0,1
34651,3.284,99.80,328.00,1,0,1
34653,3.264,108.10,354.00,1,1,0
34656,3.284,99.30,324.00,1,1,0
34658,3.272,97.30,319.00,1,1,0
34661,3.284,92.60,305.00,1,1,0
34663,3.284,97.80,326.00,1,1,0
34666,3.284,98.90,324.00,1,1,0
34668,3.284,98.60,324.00,1,1,0
34670,3.284,98.70,324.00,1,1,0
34673,3.284,98.50,324.00,1,1,0
34686,3.284,98.80,324.00,1,1,0
34688,3.288,99.50,326.00,1,1,0
34691,3.284,98.90,324.00,1,1,0
34693,3.284,99.60,324.00,1,1,0
34695,3.288,90.50,297.00,1,1,0
34698,3.284,98.50,323.00,1,1,0
34700,3.284,99.10,326.00,1,1,0
34703,3.284,105.70,347.00,1,0,1
34705,3.284,98.40,323.00,1,0,1
34708,3.288,99.20,375.00,1,1,0
34710,3.276,99.30,326.00,1,1,0
34713,3.288,99.00,326.00,1,1,0
34715,3.284,98.80,328.00,1,1,0
34718,3.284,98.90,324.00,1,1,0
34730,3.280,95.30,324.00,1,1,0
34733,3.284,98.60,324.00,1,1,0
34735,3.284,99.00,324.00,1,1,0
34738,3.284,98.70,324.00,1,1,0
34740,3.288,99.90,328.00,1,1,0
34743,3.284,98.80,324.00,1,1,0
34745,3.284,98.60,328.00,1,1,0
34748,3.284,98.80,324.00,1,1,0
34750,3.284,97.90,321.00,1,1,0
34753,3.288,100.60,316.00,1,1,0
34755,3.284,98.30,323.00,1,1,0
34758,3.284,98.50,323.00,1,0,1
34760,3.284,99.90,434.00,1,0,1
34763,3.284,100.00,328.00,1,1,0
34775,3.284,98.60,323.00,1,1,0
34778,3.284,99.10,326.00,1,1,0
34780,3.284,99.00,326.00,1,1,0
34783,3.288,98.80,324.00,1,1,0
34785,3.284,98.90,324.00,1,1,0
34788,3.284,98.40,323.00,1,1,0
34790,3.288,99.70,323.00,1,1,0
34792,3.284,99.90,328.00,1,1,0
34795,3.284,99.70,328.00,1,1,0
34797,3.288,99.00,297.00,1,1,0
34800,3.284,97.80,321.00,1,1,0
34802,3.288,99.10,326.00,1,1,0
34805,3.284,97.90,326.00,1,1,0
34807,3.284,94.60,311.00,1,1,0
34820,3.288,131.90,433.00,1,1,0
34822,3.284,99.20,326.00,1,1,0
34825,3.284,98.90,324.00,1,1,0
34827,3.284,102.90,324.00,1,1,0
34830,3.288,98.90,324.00,1,1,0
34832,3.288,99.10,326.00,1,1,0
34835,3.284,98.50,323.00,1,1,0
34837,3.288,98.80,324.00,1,1,0
34840,3.284,98.60,324.00,1,1,0
34842,3.288,98.90,324.00,1,1,0
34845,3.284,98.50,324.00,1,1,0
34847,3.284,98.50,323.00,1,1,0
34850,3.284,99.50,324.00,1,1,0
34852,3.284,99.40,326.00,1,1,0
34865,3.284,98.80,324.00,1,1,0
34867,3.288,98.90,324.00,1,1,0
34870,3.288,99.70,333.00,1,0,1
34872,3.284,131.90,433.00,1,0,1
34875,3.284,98.60,324.00,1,0,1
34877,3.288,99.50,269.00,1,0,1
34880,3.304,66.50,216.00,1,1,0
34882,3.264,100.10,329.00,1,1,0
34885,3.284,98.60,324.00,1,1,0
34887,3.284,98.60,323.00,1,1,0
34890,3.284,98.60,324.00,1,1,0
34892,3.284,98.50,323.00,1,1,0
34894,3.288,98.50,323.00,1,1,0
34897,3.284,99.30,326.00,1,1,0
34910,3.288,98.70,324.00,1,1,0
34912,3.284,99.50,326.00,1,1,0
34915,3.288,100.30,326.00,1,1,0
34917,3.284,99.10,326.00,1,1,0
34919,3.284,98.70,324.00,1,1,0
34922,3.288,99.30,326.00,1,1,0
34924,3.288,98.60,324.00,1,1,0
34927,3.288,99.10,326.00,1,1,0
34929,3.284,99.70,349.00,1,0,1
34932,3.284,98.70,433.00,1,0,1
34934,3.284,99.20,326.00,1,1,0
34937,3.284,93.80,308.00,1,1,0
34939,3.284,98.80,329.00,1,1,0
34942,3.284,99.10,326.00,1,1,0
34954,3.284,98.80,324.00,1,1,0
34957,3.284,102.60,338.00,1,1,0
34959,3.284,93.70,374.00,1,1,0
34962,3.288,100.70,331.00,1,1,0
34964,3.284,98.70,324.00,1,1,0
34967,3.288,98.70,328.00,1,1,0
34969,3.288,98.90,324.00,1,1,0
34972,3.288,101.60,333.00,1,1,0
34974,3.284,99.50,326.00,1,1,0
34977,3.284,99.00,324.00,1,1,0
34979,3.288,99.30,326.00,1,1,0
34982,3.284,99.30,324.00,1,1,0
34984,3.284,98.60,323.00,1,0,1
34987,3.276,98.70,324.00,1,0,1
34999,3.288,98.40,323.00,1,1,0
35002,3.288,99.00,326.00,1,1,0
35004,3.284,90.20,306.00,1,1,0
35007,3.284,98.90,324.00,1,1,0
35009,3.284,99.10,326.00,1,1,0
35012,3.284,98.70,324.00,1,1,0
35014,3.284,99.40,326.00,1,1,0
35016,3.288,99.10,326.00,1,1,0
35019,3.288,98.80,324.00,1,1,0
35021,3.284,98.80,324.00,1,1,0
35024,3.284,99.60,328.00,1,1,0
35026,3.288,98.80,329.00,1,1,0
35029,3.284,99.00,326.00,1,1,0
35031,3.284,98.80,324.00,1,1,0
35044,3.276,98.90,323.00,1,0,1
35046,3.284,111.20,364.00,1,1,0
35049,3.284,98.90,324.00,1,1,0
35051,3.280,99.40,326.00,1,1,0
35054,3.284,98.40,323.00,1,1,0
35056,3.284,98.40,326.00,1,1,0
35059,3.284,102.60,336.00,1,1,0
35061,3.284,94.00,308.00,1,1,0
35064,3.284,99.40,324.00,1,1,0
35066,3.284,98.50,324.00,1,1,0
35069,3.284,98.30,323.00,1,1,0
35071,3.284,98.30,323.00,1,1,0
35074,3.284,98.70,324.00,1,1,0
35076,3.288,98.60,324.00,1,1,0
35089,3.284,98.80,324.00,1,1,0
35091,3.288,98.70,324.00,1,1,0
35094,3.284,99.10,324.00,1,1,0
35096,3.284,106.00,347.00,1,0,1
35099,3.260,98.60,324.00,1,0,1
35101,3.288,99.00,429.00,1,1,0
35104,3.284,99.00,324.00,1,1,0
35106,3.280,90.40,297.00,1,1,0
35109,3.284,97.90,326.00,1,1,0
35111,3.284,99.60,328.00,1,1,0
35113,3.284,98.90,324.00,1,1,0
35116,3.284,98.50,324.00,1,1,0
35118,3.284,98.90,324.00,1,1,0
35121,3.288,98.70,324.00,1,1,0
35134,3.288,98.90,324.00,1,1,0
35136,3.284,98.90,324.00,1,1,0
35138,3.284,98.70,324.00,1,1,0
35141,3.284,99.90,328.00,1,1,0
35143,3.284,100.40,329.00,1,1,0
35146,3.284,99.20,323.00,1,1,0
35148,3.284,100.40,329.00,1,1,0
35151,3.284,98.80,324.00,1,0,1
35153,3.284,99.10,326.00,1,0,1
35156,3.288,101.40,331.00,1,1,0
35158,3.284,98.90,324.00,1,1,0
35161,3.284,98.90,328.00,1,1,0
35163,3.280,94.20,310.00,1,1,0
35166,3.284,98.40,323.00,1,1,0
35178,3.288,98.80,324.00,1,1,0
35181,3.284,98.70,324.00,1,1,0
35183,3.284,98.40,323.00,1,1,0
35186,3.284,98.70,324.00,1,1,0
35188,3.284,98.70,326.00,1,1,0
35191,3.284,98.80,324.00,1,1,0
35193,3.284,99.50,326.00,1,1,0
35196,3.288,99.60,328.00,1,1,0
35198,3.284,99.00,323.00,1,1,0
35201,3.284,98.30,323.00,1,1,0
35203,3.284,102.40,338.00,1,1,0
35206,3.284,99.80,352.00,1,0,1
35208,3.284,94.20,310.00,1,0,1
35210,3.264,98.90,324.00,1,1,0
35223,3.288,98.50,324.00,1,1,0
35226,3.288,98.80,324.00,1,1,0
35228,3.284,99.20,326.00,1,1,0
35231,3.284,99.40,326.00,1,1,0
35233,3.284,98.90,326.00,1,1,0
35236,3.288,98.90,324.00,1,1,0
35238,3.288,99.80,328.00,1,1,0
35240,3.284,98.50,324.00,1,1,0
35243,3.284,98.60,323.00,1,1,0
35245,3.284,98.50,323.00,1,1,0
35248,3.288,98.60,324.00,1,1,0
35250,3.288,98.50,323.00,1,1,0
35253,3.284,99.10,326.00,1,1,0
35255,3.288,99.30,326.00,1,1,0
35268,3.272,94.00,308.00,1,1,0
35270,3.284,99.20,324.00,1,1,0
35273,3.284,98.90,324.00,1,1,0
35275,3.284,99.20,326.00,1,1,0
35278,3.284,98.50,323.00,1,1,0
35280,3.284,98.20,323.00,1,1,0
35283,3.284,98.60,324.00,1,1,0
35285,3.284,98.60,324.00,1,1,0
35288,3.284,99.50,326.00,1,1,0
35290,3.284,98.80,324.00,1,1,0
35293,3.284,98.90,324.00,1,1,0
35295,3.288,98.30,323.00,1,1,0
35298,3.288,98.40,323.00,1,1,0
35300,3.288,98.70,324.00,1,1,0
35313,3.284,99.10,324.00,1,1,0
35315,3.288,99.00,326.00,1,0,1
35318,3.276,98.80,324.00,1,0,1
35320,3.284,99.00,324.00,1,1,0
35323,3.260,94.10,326.00,1,1,0
35325,3.284,98.70,324.00,1,1,0
35328,3.284,98.30,323.00,1,1,0
35330,3.284,98.80,326.00,1,1,0
35333,3.284,98.60,324.00,1,1,0
35335,3.284,98.70,324.00,1,1,0
35337,3.288,99.30,324.00,1,1,0
35340,3.284,98.90,324.00,1,1,0
35342,3.284,98.30,323.00,1,1,0
35345,3.284,98.40,323.00,1,1,0
35358,3.288,98.40,323.00,1,1,0
35360,3.284,98.30,323.00,1,1,0
35362,3.288,98.60,324.00,1,1,0
35365,3.284,98.60,324.00,1,1,0
35367,3.284,98.30,310.00,1,1,0
35370,3.284,98.70,324.00,1,0,1
35372,3.284,98.80,323.00,1,0,1
35375,3.284,101.30,323.00,1,1,0
35377,3.280,95.00,311.00,1,1,0
35380,3.284,99.00,324.00,1,1,0
35382,3.284,99.00,323.00,1,1,0
35385,3.288,98.70,324.00,1,1,0
35387,3.284,98.70,324.00,1,1,0
35390,3.284,98.60,331.00,1,1,0
35402,3.288,98.80,324.00,1,1,0
35405,3.288,99.60,324.00,1,1,0
35407,3.284,98.50,324.00,1,1,0
35410,3.284,99.50,326.00,1,1,0
35412,3.288,96.50,297.00,1,1,0
35415,3.284,98.70,324.00,1,1,0
35417,3.284,99.20,326.00,1,1,0
35420,3.284,99.30,326.00,1,1,0
35422,3.284,98.60,324.00,1,1,0
35425,3.288,98.40,323.00,1,0,1
35427,3.276,99.00,329.00,1,0,1
35430,3.264,98.90,324.00,1,1,0
35432,3.272,108.30,352.00,1,1,0
35434,3.284,99.30,308.00,1,1,0
35447,3.284,98.50,303.00,1,1,0
35450,3.284,94.50,310.00,1,1,0
35452,3.284,92.50,303.00,1,1,0
35455,3.284,92.70,305.00,1,1,0
35457,3.284,94.20,324.00,1,1,0
35459,3.284,95.40,313.00,1,1,0
35462,3.284,99.10,326.00,1,1,0
35464,3.284,99.70,324.00,1,1,0
35467,3.284,99.10,326.00,1,1,0
35469,3.284,99.10,326.00,1,1,0
35472,3.284,93.90,329.00,1,1,0
35474,3.288,98.40,323.00,1,1,0
35477,3.284,100.60,331.00,1,1,0
35479,3.284,98.60,324.00,1,1,0
35492,3.288,98.50,326.00,1,1,0
35494,3.276,98.70,324.00,1,1,0
35497,3.284,97.40,319.00,1,1,0
35499,3.284,98.90,329.00,1,1,0
35502,3.284,98.60,324.00,1,1,0
35504,3.284,98.60,324.00,1,1,0
35507,3.284,98.40,323.00,1,1,0
35509,3.284,99.20,326.00,1,1,0
35512,3.288,99.00,326.00,1,1,0
35514,3.284,98.70,324.00,1,1,0
35517,3.284,90.30,324.00,1,1,0
35519,3.284,98.70,324.00,1,1,0
35522,3.284,98.80,324.00,1,1,0
35524,3.284,99.40,323.00,1,1,0
35537,3.284,99.10,324.00,1,0,1
35539,3.276,98.50,323.00,1,0,1
35542,3.284,129.10,424.00,1,1,0
35544,3.268,105.40,338.00,1,1,0
35547,3.284,98.80,324.00,1,1,0
35549,3.284,99.20,326.00,1,1,0
35552,3.284,98.70,323.00,1,1,0
35554,3.284,98.50,323.00,1,1,0
35556,3.284,98.80,324.00,1,1,0
35559,3.284,98.70,324.00,1,1,0
35561,3.284,99.20,324.00,1,1,0
35564,3.284,99.20,326.00,1,1,0
35566,3.284,98.80,324.00,1,1,0
35569,3.288,99.20,324.00,1,1,0
35582,3.284,99.20,326.00,1,1,0
35584,3.284,101.30,333.00,1,1,0
35586,3.284,98.70,324.00,1,1,0
35589,3.288,98.20,324.00,1,1,0
35591,3.288,98.50,323.00,1,0,1
35594,3.276,99.40,326.00,1,0,1
35596,3.284,132.10,326.00,1,1,0
35599,3.284,93.90,308.00,1,1,0
35601,3.284,100.00,328.00,1,1,0
35604,3.284,98.40,326.00,1,1,0
35606,3.288,98.60,324.00,1,1,0
35609,3.284,100.30,328.00,1,1,0
35611,3.284,99.30,333.00,1,1,0
35624,3.288,99.10,326.00,1,1,0
35626,3.284,99.00,324.00,1,1,0
35629,3.284,99.40,326.00,1,1,0
35631,3.288,99.30,326.00,1,1,0
35634,3.284,98.80,323.00,1,1,0
35636,3.284,98.30,323.00,1,1,0
35639,3.284,99.10,326.00,1,1,0
35641,3.284,98.60,324.00,1,1,0
35644,3.284,99.90,328.00,1,1,0
35646,3.284,99.40,326.00,1,1,0
35649,3.284,106.00,324.00,1,0,1
35651,3.264,98.50,324.00,1,0,1
35654,3.280,132.90,436.00,1,1,0
35656,3.284,98.60,324.00,1,1,0
35669,3.284,98.30,323.00,1,1,0
35671,3.288,99.10,324.00,1,1,0
35674,3.284,101.30,333.00,1,1,0
35676,3.284,94.50,310.00,1,1,0
35679,3.284,99.20,324.00,1,1,0
35681,3.284,102.90,338.00,1,1,0
35683,3.288,98.50,323.00,1,1,0
35686,3.284,98.40,324.00,1,1,0
35688,3.284,98.70,324.00,1,1,0
35691,3.284,98.70,324.00,1,1,0
35693,3.284,98.60,324.00,1,1,0
35696,3.284,98.50,324.00,1,1,0
35698,3.284,98.50,323.00,1,1,0
35701,3.284,98.30,324.00,1,1,0
35713,3.284,99.10,326.00,1,1,0
35716,3.284,99.30,328.00,1,1,0
35718,3.288,100.10,329.00,1,1,0
35721,3.284,90.30,297.00,1,1,0
35723,3.284,99.20,326.00,1,1,0
35726,3.284,98.30,323.00,1,1,0
35728,3.284,99.40,326.00,1,1,0
35731,3.284,99.20,326.00,1,1,0
35733,3.284,98.60,324.00,1,1,0
35736,3.288,99.20,326.00,1,1,0
35738,3.280,99.30,326.00,1,1,0
35741,3.284,99.50,326.00,1,1,0
35743,3.284,98.90,324.00,1,1,0
35746,3.284,99.20,326.00,1,1,0
35758,3.284,102.80,324.00,1,0,1
35761,3.284,99.10,326.00,1,0,1
35763,3.284,113.70,372.00,1,1,0
35766,3.280,99.90,321.00,1,1,0
35768,3.284,98.40,324.00,1,1,0
35771,3.284,98.50,323.00,1,1,0
35773,3.284,98.70,324.00,1,1,0
35776,3.284,98.80,329.00,1,1,0
35778,3.284,94.00,308.00,1,1,0
35780,3.284,98.90,324.00,1,1,0
35783,3.288,98.40,323.00,1,1,0
35785,3.284,98.50,324.00,1,1,0
35788,3.284,100.60,331.00,1,1,0
35790,3.284,99.50,326.00,1,1,0
35803,3.284,98.50,323.00,1,1,0
35806,3.280,99.00,324.00,1,1,0
35808,3.284,98.60,324.00,1,1,0
35810,3.288,98.80,326.00,1,1,0
35813,3.284,106.30,349.00,1,0,1
35815,3.284,99.00,326.00,1,0,1
35818,3.284,100.50,329.00,1,1,0
35820,3.268,99.20,324.00,1,1,0
35823,3.268,90.30,297.00,1,1,0
35825,3.280,101.60,334.00,1,1,0
35828,3.284,97.20,326.00,1,1,0
35830,3.284,99.00,324.00,1,1,0
35833,3.284,98.70,324.00,1,1,0
35835,3.284,98.90,326.00,1,1,0
35848,3.288,99.30,329.00,1,1,0
35850,3.288,98.60,324.00,1,1,0
35853,3.284,100.60,331.00,1,1,0
35855,3.284,98.60,324.00,1,1,0
35858,3.284,99.00,324.00,1,1,0
35860,3.284,102.40,336.00,1,1,0
35863,3.288,99.10,326.00,1,1,0
35865,3.288,99.10,326.00,1,1,0
35868,3.284,98.50,323.00,1,0,1
35870,3.272,98.80,324.00,1,0,1
35873,3.284,98.60,324.00,1,1,0
35875,3.284,94.00,308.00,1,1,0
35877,3.284,99.20,326.00,1,1,0
35880,3.284,98.90,310.00,1,1,0
35893,3.284,98.70,324.00,1,1,0
35895,3.284,100.50,329.00,1,1,0
35898,3.284,98.80,324.00,1,1,0
35900,3.284,98.70,324.00,1,1,0
35903,3.284,99.30,326.00,1,1,0
35905,3.284,98.60,324.00,1,1,0
35907,3.284,98.60,326.00,1,1,0
35910,3.284,98.60,324.00,1,1,0
35912,3.284,98.70,324.00,1,1,0
35915,3.284,98.50,324.00,1,1,0
35917,3.284,98.40,323.00,1,1,0
35920,3.276,99.30,326.00,1,1,0
35922,3.284,99.10,328.00,1,0,1
35925,3.284,97.80,297.00,1,0,1
35937,3.284,99.00,328.00,1,1,0
35940,3.284,98.70,324.00,1,1,0
35942,3.284,98.70,324.00,1,1,0
35945,3.284,98.60,326.00,1,1,0
35947,3.288,98.60,324.00,1,1,0
35950,3.284,98.60,324.00,1,1,0
35952,3.288,99.10,323.00,1,1,0
35955,3.284,99.00,324.00,1,1,0
35957,3.284,98.80,324.00,1,1,0
35960,3.288,99.20,324.00,1,1,0
35962,3.288,98.80,324.00,1,1,0
35965,3.288,99.20,326.00,1,1,0
35967,3.288,98.70,324.00,1,1,0
35970,3.288,98.90,324.00,1,1,0
35982,3.284,97.90,306.00,1,0,1
35985,3.280,100.00,326.00,1,1,0
35987,3.284,99.70,328.00,1,1,0
35990,3.284,99.50,326.00,1,1,0
35992,3.284,98.70,324.00,1,1,0
35995,3.284,98.60,324.00,1,1,0
35997,3.284,98.60,324.00,1,1,0
35999,3.288,98.30,323.00,1,1,0
36002,3.284,98.40,323.00,1,1,0
36004,3.284,98.80,334.00,1,1,0
36007,3.288,98.70,324.00,1,1,0
36009,3.284,98.60,324.00,1,1,0
36012,3.288,98.90,324.00,1,1,0
36014,3.288,98.30,323.00,1,1,0
36027,3.284,91.40,297.00,1,1,0
36029,3.284,98.60,324.00,1,1,0
36032,3.284,99.00,324.00,1,1,0
36034,3.284,98.70,336.00,1,0,1
36037,3.280,131.30,431.00,1,0,1
36039,3.284,98.90,324.00,1,1,0
36042,3.276,99.40,318.00,1,1,0
36044,3.284,99.00,326.00,1,1,0
36047,3.288,99.00,324.00,1,1,0
36049,3.288,99.10,324.00,1,1,0
36052,3.284,99.00,324.00,1,1,0
36054,3.288,98.90,324.00,1,1,0
36057,3.284,99.40,326.00,1,1,0
36059,3.288,98.60,324.00,1,1,0
36072,3.288,99.30,326.00,1,1,0
36074,3.288,99.10,326.00,1,1,0
36077,3.288,98.80,324.00,1,1,0
36079,3.288,99.00,324.00,1,1,0
36082,3.288,98.60,324.00,1,1,0
36084,3.284,93.70,308.00,1,1,0
36087,3.264,99.10,326.00,1,1,0
36089,3.288,99.10,326.00,1,0,1
36092,3.284,100.30,329.00,1,0,1
36094,3.284,135.60,323.00,1,1,0
36097,3.276,100.30,329.00,1,1,0
36099,3.280,100.40,329.00,1,1,0
36101,3.284,98.60,326.00,1,1,0
36114,3.284,98.60,324.00,1,1,0
36117,3.288,99.20,326.00,1,1,0
36119,3.288,99.00,324.00,1,1,0
36122,3.284,99.10,324.00,1,1,0
36124,3.284,98.70,324.00,1,1,0
36126,3.288,99.70,328.00,1,1,0
36129,3.284,93.50,297.00,1,1,0
36131,3.284,90.50,324.00,1,1,0
36134,3.284,99.60,328.00,1,1,0
36136,3.288,99.00,326.00,1,1,0
36139,3.284,98.90,324.00,1,1,0
36141,3.284,98.70,324.00,1,1,0
36144,3.284,104.10,342.00,1,1,0
36146,3.288,98.30,324.00,1,0,1
36159,3.284,99.10,324.00,1,1,0
36161,3.284,98.40,323.00,1,1,0
36164,3.284,98.50,323.00,1,1,0
36166,3.284,98.30,326.00,1,1,0
36169,3.284,103.20,339.00,1,1,0
36171,3.284,99.00,324.00,1,1,0
36174,3.284,98.70,324.00,1,1,0
36176,3.284,98.90,324.00,1,1,0
36179,3.288,98.50,323.00,1,1,0
36181,3.284,98.70,324.00,1,1,0
36184,3.284,98.70,324.00,1,1,0
36186,3.284,97.90,321.00,1,1,0
36189,3.284,98.90,324.00,1,1,0
36191,3.284,98.80,324.00,1,1,0
36204,3.284,131.60,324.00,1,0,1
36206,3.284,102.80,336.00,1,1,0
36209,3.284,95.00,311.00,1,1,0
36211,3.284,98.60,323.00,1,1,0
36214,3.284,99.00,326.00,1,1,0
36216,3.288,98.90,324.00,1,1,0
36219,3.284,99.10,324.00,1,1,0
36221,3.284,99.00,324.00,1,1,0
36224,3.284,98.50,323.00,1,1,0
36226,3.288,98.60,324.00,1,1,0
36228,3.284,99.70,328.00,1,1,0
36231,3.284,95.20,313.00,1,1,0
36233,3.284,90.40,323.00,1,1,0
36236,3.284,98.60,324.00,1,1,0
36249,3.284,99.00,326.00,1,1,0
36251,3.284,98.80,324.00,1,1,0
36253,3.284,99.00,324.00,1,1,0
36256,3.284,98.60,323.00,1,0,1
36258,3.276,99.10,324.00,1,0,1
36261,3.280,99.40,326.00,1,1,0
36263,3.264,116.60,323.00,1,1,0
36266,3.284,99.40,326.00,1,1,0
36268,3.288,100.00,328.00,1,1,0
36271,3.288,98.60,324.00,1,1,0
36273,3.284,98.90,324.00,1,1,0
36276,3.284,98.40,323.00,1,1,0
36278,3.288,98.80,324.00,1,1,0
36281,3.284,98.70,324.00,1,1,0
36293,3.288,99.00,326.00,1,1,0
36296,3.288,99.50,326.00,1,1,0
36298,3.288,98.90,324.00,1,1,0
36301,3.284,98.90,324.00,1,1,0
36303,3.284,101.60,334.00,1,1,0
36306,3.284,98.40,323.00,1,1,0
36308,3.284,98.30,323.00,1,1,0
36311,3.284,98.70,324.00,1,0,1
36313,3.280,98.90,324.00,1,0,1
36316,3.284,98.90,324.00,1,1,0
36318,3.284,93.70,308.00,1,1,0
36321,3.288,98.30,323.00,1,1,0
36323,3.284,99.20,336.00,1,1,0
36325,3.288,98.80,324.00,1,1,0
36338,3.284,98.50,324.00,1,1,0
36341,3.284,97.50,319.00,1,1,0
36343,3.284,98.50,323.00,1,1,0
36346,3.288,99.20,326.00,1,1,0
36348,3.284,98.80,324.00,1,1,0
36350,3.284,99.10,326.00,1,1,0
36353,3.284,99.00,329.00,1,1,0
36355,3.284,99.30,326.00,1,1,0
36358,3.284,99.20,326.00,1,1,0
36360,3.284,99.60,328.00,1,1,0
36363,3.288,99.10,326.00,1,1,0
36365,3.284,99.20,326.00,1,0,1
36368,3.284,105.60,321.00,1,0,1
36370,3.264,98.20,323.00,1,1,0
36383,3.284,98.60,324.00,1,1,0
36385,3.284,98.40,323.00,1,1,0
36388,3.288,98.50,323.00,1,1,0
36390,3.288,98.50,323.00,1,1,0
36393,3.284,96.80,318.00,1,1,0
36395,3.284,99.00,324.00,1,1,0
36398,3.288,98.80,324.00,1,1,0
36400,3.284,98.40,323.00,1,1,0
36403,3.284,98.10,323.00,1,1,0
36405,3.288,98.40,326.00,1,1,0
36408,3.284,98.40,323.00,1,1,0
36410,3.280,99.30,326.00,1,1,0
36413,3.288,99.20,326.00,1,1,0
36415,3.284,98.90,324.00,1,1,0
36428,3.284,135.30,444.00,1,1,0
36430,3.280,97.60,321.00,1,1,0
36433,3.284,99.30,326.00,1,1,0
36435,3.288,99.00,324.00,1,1,0
36438,3.284,90.10,297.00,1,1,0
36440,3.284,99.00,324.00,1,1,0
36443,3.284,100.90,331.00,1,1,0
36445,3.284,99.10,326.00,1,1,0
36447,3.284,99.80,328.00,1,1,0
36450,3.284,99.40,324.00,1,1,0
36452,3.284,98.30,323.00,1,1,0
36455,3.284,98.50,323.00,1,1,0
36457,3.284,99.40,326.00,1,1,0
36460,3.284,93.50,306.00,1,1,0
36473,3.288,98.70,324.00,1,1,0
36475,3.284,98.80,324.00,1,1,0
36477,3.288,99.20,352.00,1,0,1
36480,3.284,130.90,429.00,1,0,1
36482,3.288,98.70,324.00,1,1,0
36485,3.276,93.80,328.00,1,1,0
36487,3.284,98.40,323.00,1,1,0
36490,3.284,99.00,324.00,1,1,0
36492,3.284,99.10,333.00,1,1,0
36495,3.288,99.80,328.00,1,1,0
36497,3.284,101.50,333.00,1,1,0
36500,3.284,97.60,321.00,1,1,0
36502,3.288,98.60,323.00,1,1,0
36505,3.284,102.30,334.00,1,1,0
36517,3.280,98.80,324.00,1,1,0
36520,3.284,98.60,324.00,1,1,0
36522,3.288,98.80,324.00,1,1,0
36525,3.284,99.10,326.00,1,1,0
36527,3.284,98.90,324.00,1,1,0
36530,3.284,98.70,326.00,1,1,0
36532,3.288,98.70,323.00,1,0,1
36535,3.284,98.60,321.00,1,0,1
36537,3.288,99.50,326.00,1,1,0
36540,3.268,90.30,297.00,1,1,0
36542,3.288,99.40,326.00,1,1,0
36545,3.288,99.30,326.00,1,1,0
36547,3.272,99.20,326.00,1,1,0
36554,3.284,99.20,328.00,1,1,0
36557,3.280,98.40,323.00,1,1,0
36559,3.288,99.30,326.00,1,1,0
36562,3.288,99.00,324.00,1,1,0
36564,3.288,99.00,324.00,1,1,0
36567,3.288,98.60,324.00,1,1,0
36569,3.284,99.40,324.00,1,1,0
36571,3.288,98.80,324.00,1,1,0
36584,3.288,98.70,324.00,1,1,0
36587,3.284,98.60,324.00,1,0,1
36589,3.276,98.80,324.00,1,0,1
36592,3.284,99.40,326.00,1,1,0
36594,3.288,134.40,441.00,1,1,0
36596,3.284,96.70,318.00,1,1,0
36599,3.284,98.80,324.00,1,1,0
36601,3.288,98.80,324.00,1,1,0
36604,3.288,100.30,329.00,1,1,0
36606,3.284,98.70,324.00,1,1,0
36609,3.284,100.00,328.00,1,1,0
36611,3.288,99.00,326.00,1,1,0
36614,3.288,98.50,323.00,1,1,0
36616,3.288,99.20,326.00,1,1,0
36629,3.288,98.60,328.00,1,1,0
36631,3.288,98.50,324.00,1,1,0
36634,3.288,99.00,324.00,1,1,0
36636,3.284,99.20,323.00,1,1,0
36639,3.284,99.50,328.00,1,1,0
36641,3.284,91.00,298.00,1,1,0
36644,3.284,95.60,344.00,1,0,1
36646,3.284,103.10,339.00,1,0,1
36649,3.268,100.30,329.00,1,1,0
36651,3.284,96.90,324.00,1,1,0
36654,3.288,99.20,326.00,1,1,0
36656,3.288,99.10,326.00,1,1,0
36659,3.284,98.50,323.00,1,1,0
36661,3.284,99.50,328.00,1,1,0
36674,3.288,98.80,324.00,1,1,0
36676,3.284,98.80,324.00,1,1,0
36679,3.288,98.50,324.00,1,1,0
36681,3.288,99.10,324.00,1,1,0
36684,3.288,98.80,324.00,1,1,0
36686,3.284,99.50,328.00,1,1,0
36689,3.284,99.00,324.00,1,1,0
36691,3.284,98.60,324.00,1,1,0
36693,3.288,98.50,324.00,1,1,0
36696,3.288,99.50,324.00,1,1,0
36698,3.284,93.60,306.00,1,0,1
36701,3.284,129.90,426.00,1,0,1
36703,3.284,98.80,328.00,1,1,0
36706,3.256,100.90,331.00,1,1,0
36719,3.288,99.50,328.00,1,1,0
36721,3.284,100.10,329.00,1,1,0
36723,3.288,98.60,326.00,1,1,0
36726,3.284,98.40,323.00,1,1,0
36728,3.284,98.60,324.00,1,1,0
36731,3.288,98.80,324.00,1,1,0
36733,3.284,98.60,328.00,1,1,0
36736,3.288,97.50,319.00,1,1,0
36738,3.288,99.50,326.00,1,1,0
36741,3.284,98.70,328.00,1,1,0
36743,3.284,90.50,297.00,1,1,0
36746,3.284,93.40,306.00,1,1,0
36748,3.284,98.60,326.00,1,1,0
36751,3.284,98.50,323.00,1,1,0
36763,3.284,99.10,324.00,1,1,0
36766,3.284,99.00,324.00,1,1,0
36768,3.284,98.50,324.00,1,1,0
36771,3.284,98.50,323.00,1,1,0
36773,3.284,99.10,326.00,1,1,0
36776,3.284,98.30,323.00,1,1,0
36778,3.284,98.60,324.00,1,1,0
36781,3.284,98.60,324.00,1,1,0
36783,3.284,99.10,326.00,1,1,0
36786,3.284,99.00,324.00,1,1,0
36788,3.284,98.80,324.00,1,1,0
36791,3.284,98.40,323.00,1,1,0
36793,3.284,98.40,324.00,1,1,0
36795,3.288,99.50,328.00,1,1,0
36808,3.284,99.30,326.00,1,0,1
36811,3.284,98.70,321.00,1,0,1
36813,3.284,101.30,323.00,1,1,0
36816,3.268,98.50,323.00,1,1,0
36818,3.284,98.70,324.00,1,1,0
36820,3.280,98.70,326.00,1,1,0
36823,3.288,99.00,326.00,1,1,0
36825,3.280,99.30,326.00,1,1,0
36828,3.288,99.20,324.00,1,1,0
36830,3.284,98.80,323.00,1,1,0
36833,3.284,98.50,323.00,1,1,0
36835,3.284,98.70,324.00,1,1,0
36838,3.284,98.80,324.00,1,1,0
36840,3.284,102.00,334.00,1,1,0
36853,3.284,98.90,324.00,1,1,0
36855,3.284,98.90,324.00,1,1,0
36858,3.284,99.00,324.00,1,1,0
36860,3.284,99.40,326.00,1,1,0
36863,3.284,98.90,324.00,1,0,1
36865,3.276,98.90,338.00,1,0,1
36868,3.284,99.40,324.00,1,1,0
36870,3.264,118.80,390.00,1,1,0
36873,3.284,99.30,324.00,1,1,0
36875,3.284,98.90,324.00,1,1,0
36878,3.284,98.90,324.00,1,1,0
36880,3.284,103.90,324.00,1,1,0
36883,3.284,98.70,324.00,1,1,0
36885,3.284,99.10,326.00,1,1,0
36898,3.284,98.40,323.00,1,1,0
36900,3.284,99.20,326.00,1,1,0
36903,3.288,98.50,308.00,1,1,0
36905,3.284,98.70,324.00,1,1,0
36908,3.288,98.50,324.00,1,1,0
36910,3.284,101.90,326.00,1,1,0
36913,3.288,98.60,324.00,1,1,0
36915,3.284,98.60,324.00,1,1,0
36917,3.284,99.60,324.00,1,0,1
36920,3.284,99.00,324.00,1,0,1
36922,3.264,98.80,324.00,1,0,1
36925,3.284,98.50,331.00,1,0,1
36927,3.288,62.50,206.00,1,1,0
36930,3.304,72.00,234.00,1,1,0
36942,3.284,102.00,336.00,1,1,0
36945,3.284,99.50,326.00,1,1,0
36947,3.284,100.10,301.00,1,1,0
36950,3.284,90.30,297.00,1,1,0
36952,3.284,99.00,326.00,1,1,0
36955,3.284,98.30,324.00,1,1,0
36957,3.284,98.80,324.00,1,1,0
36960,3.284,99.40,326.00,1,1,0
36962,3.288,99.20,329.00,1,1,0
36965,3.284,98.60,324.00,1,1,0
36967,3.280,99.20,326.00,1,1,0
36970,3.288,99.30,326.00,1,1,0
36972,3.284,98.50,324.00,1,1,0
36975,3.284,99.10,326.00,1,1,0
36987,3.264,100.40,329.00,1,1,0
36990,3.284,99.20,326.00,1,1,0
36992,3.288,98.90,324.00,1,1,0
36995,3.284,98.80,324.00,1,1,0
36997,3.280,98.80,324.00,1,1,0
37000,3.284,98.60,324.00,1,1,0
37002,3.284,98.80,324.00,1,1,0
37005,3.284,99.10,326.00,1,1,0
37007,3.280,94.30,323.00,1,1,0
37010,3.284,98.90,324.00,1,1,0
37012,3.284,98.60,324.00,1,1,0
37014,3.284,98.80,323.00,1,1,0
37017,3.284,100.20,329.00,1,1,0
37019,3.284,99.30,326.00,1,1,0
37032,3.284,98.90,324.00,1,1,0
37035,3.284,99.20,347.00,1,0,1
37037,3.284,98.40,329.00,1,0,1
37039,3.284,98.40,323.00,1,1,0
37042,3.284,97.00,318.00,1,1,0
37044,3.284,98.80,328.00,1,1,0
37047,3.284,98.20,323.00,1,1,0
37049,3.284,99.50,326.00,1,1,0
37052,3.284,90.40,297.00,1,1,0
37054,3.284,98.60,324.00,1,1,0
37057,3.284,99.50,326.00,1,1,0
37059,3.284,99.10,324.00,1,1,0
37062,3.284,98.90,324.00,1,1,0
37064,3.284,99.20,326.00,1,1,0
37077,3.288,99.20,326.00,1,1,0
37079,3.288,99.30,334.00,1,1,0
37082,3.284,98.70,324.00,1,1,0
37084,3.288,99.60,328.00,1,1,0
37087,3.284,98.60,323.00,1,1,0
37089,3.284,98.70,323.00,1,0,1
37092,3.276,129.60,426.00,1,0,1
37094,3.288,99.10,326.00,1,1,0
37097,3.256,94.50,333.00,1,1,0
37099,3.288,98.70,324.00,1,1,0
37102,3.284,99.20,326.00,1,1,0
37104,3.284,98.70,323.00,1,1,0
37107,3.284,98.50,323.00,1,1,0
37109,3.284,93.70,308.00,1,1,0
37122,3.284,100.50,329.00,1,1,0
37124,3.284,98.30,324.00,1,1,0
37127,3.284,98.70,324.00,1,1,0
37129,3.284,97.90,321.00,1,1,0
37132,3.284,98.80,326.00,1,1,0
37134,3.284,99.00,324.00,1,1,0
37136,3.284,98.40,323.00,1,1,0
37139,3.284,98.50,323.00,1,1,0
37141,3.284,98.70,324.00,1,1,0
37144,3.284,98.60,324.00,1,0,1
37146,3.280,99.60,328.00,1,0,1
37149,3.284,99.50,323.00,1,1,0
37151,3.280,110.70,364.00,1,1,0
37154,3.284,90.20,297.00,1,1,0
37166,3.284,99.30,326.00,1,1,0
37169,3.284,98.80,323.00,1,1,0
37171,3.284,98.50,323.00,1,1,0
37174,3.288,99.30,326.00,1,1,0
37176,3.288,98.70,323.00,1,1,0
37179,3.284,99.40,326.00,1,1,0
37181,3.284,98.80,324.00,1,1,0
37184,3.284,99.00,323.00,1,1,0
37186,3.284,98.30,323.00,1,1,0
37189,3.284,98.70,324.00,1,1,0
37191,3.284,98.60,328.00,1,1,0
37194,3.284,99.30,326.00,1,1,0
37196,3.284,98.70,324.00,1,1,0
37199,3.284,98.70,324.00,1,1,0
37211,3.284,94.00,308.00,1,1,0
37214,3.284,99.00,323.00,1,1,0
37216,3.288,100.30,329.00,1,1,0
37219,3.284,98.60,324.00,1,1,0
37221,3.284,98.40,324.00,1,1,0
37224,3.284,98.40,323.00,1,1,0
37226,3.284,99.20,326.00,1,1,0
37229,3.288,98.70,324.00,1,1,0
37231,3.288,101.80,334.00,1,1,0
37233,3.284,99.50,326.00,1,1,0
37236,3.284,98.20,323.00,1,1,0
37238,3.284,98.50,324.00,1,1,0
37241,3.288,98.70,324.00,1,1,0
37243,3.288,101.50,324.00,1,1,0
37256,3.284,92.50,303.00,1,0,1
37258,3.284,136.00,326.00,1,0,1
37261,3.284,109.30,357.00,1,1,0
37263,3.272,95.60,313.00,1,1,0
37266,3.288,98.80,323.00,1,1,0
37268,3.284,98.90,324.00,1,1,0
37271,3.288,98.60,324.00,1,1,0
37273,3.284,98.40,324.00,1,1,0
37276,3.284,99.50,326.00,1,1,0
37278,3.284,98.70,324.00,1,1,0
37281,3.288,99.00,326.00,1,1,0
37283,3.284,98.40,323.00,1,1,0
37286,3.284,98.90,324.00,1,1,0
37288,3.284,99.10,324.00,1,1,0
37301,3.288,98.60,324.00,1,1,0
37303,3.284,98.30,323.00,1,1,0
37306,3.284,99.40,326.00,1,1,0
37308,3.284,99.00,324.00,1,1,0
37311,3.284,98.90,347.00,1,0,1
37313,3.284,94.80,311.00,1,0,1
37316,3.264,99.10,324.00,1,1,0
37318,3.284,96.00,324.00,1,1,0
37321,3.284,98.80,324.00,1,1,0
37323,3.284,99.50,326.00,1,1,0
37326,3.284,99.50,324.00,1,1,0
37328,3.284,98.60,324.00,1,1,0
37330,3.284,98.50,324.00,1,1,0
37333,3.284,98.30,323.00,1,1,0
37346,3.288,100.10,329.00,1,1,0
37348,3.284,98.40,323.00,1,1,0
37351,3.284,98.40,323.00,1,1,0
37353,3.288,102.20,336.00,1,1,0
37356,3.288,99.20,326.00,1,1,0
37358,3.284,90.50,297.00,1,1,0
37360,3.284,98.80,324.00,1,1,0
37363,3.284,99.50,334.00,1,1,0
37365,3.288,100.40,329.00,1,0,1
37368,3.284,102.30,336.00,1,0,1
37370,3.288,99.50,329.00,1,1,0
37373,3.276,99.40,326.00,1,1,0
37375,3.284,150.30,493.00,1,1,0
37388,3.284,99.20,326.00,1,1,0
37390,3.284,98.50,326.00,1,1,0
37393,3.284,99.00,326.00,1,1,0
37395,3.284,98.40,323.00,1,1,0
37398,3.284,98.80,326.00,1,1,0
37400,3.284,98.70,324.00,1,1,0
37403,3.284,99.80,328.00,1,1,0
37405,3.284,99.00,324.00,1,1,0
37408,3.284,99.60,331.00,1,1,0
37410,3.284,99.40,326.00,1,1,0
37413,3.284,98.60,324.00,1,1,0
37415,3.284,100.80,310.00,1,1,0
37418,3.284,98.60,324.00,1,1,0
37420,3.284,99.00,324.00,1,1,0
37433,3.284,99.60,328.00,1,1,0
37435,3.284,98.70,328.00,1,1,0
37438,3.288,99.10,326.00,1,1,0
37440,3.284,98.90,324.00,1,1,0
37443,3.288,98.50,328.00,1,1,0
37445,3.284,98.50,323.00,1,1,0
37448,3.284,98.40,323.00,1,1,0
37450,3.284,98.30,324.00,1,1,0
37453,3.284,99.40,326.00,1,1,0
37455,3.284,98.50,323.00,1,1,0
37458,3.288,98.90,328.00,1,1,0
37460,3.284,99.30,297.00,1,1,0
37462,3.284,96.80,318.00,1,1,0
37465,3.284,98.70,324.00,1,1,0
37478,3.280,101.70,334.00,1,0,1
37480,3.268,105.80,326.00,1,0,1
37483,3.284,108.80,354.00,1,1,0
37485,3.284,94.60,311.00,1,1,0
37487,3.284,99.20,326.00,1,1,0
37490,3.284,98.70,324.00,1,1,0
37492,3.284,98.40,323.00,1,1,0
37495,3.284,98.40,323.00,1,1,0
37497,3.284,96.60,318.00,1,1,0
37500,3.284,99.30,326.00,1,1,0
37502,3.284,101.20,326.00,1,1,0
37505,3.284,99.30,326.00,1,1,0
37507,3.284,98.70,324.00,1,1,0
37520,3.284,98.50,323.00,1,1,0
37522,3.284,98.80,324.00,1,1,0
37525,3.284,98.90,324.00,1,1,0
37527,3.284,98.80,324.00,1,1,0
37530,3.284,98.70,324.00,1,1,0
37532,3.284,98.80,329.00,1,0,1
37535,3.276,100.50,328.00,1,0,1
37537,3.284,100.50,329.00,1,1,0
37540,3.264,94.10,329.00,1,1,0
37542,3.284,102.20,336.00,1,1,0
37545,3.284,98.00,321.00,1,1,0
37547,3.284,99.20,326.00,1,1,0
37550,3.284,98.90,324.00,1,1,0
37552,3.284,99.20,326.00,1,1,0
37565,3.284,94.60,311.00,1,1,0
37567,3.284,99.00,324.00,1,1,0
37570,3.284,99.90,324.00,1,1,0
37572,3.284,98.80,324.00,1,1,0
37575,3.284,98.50,323.00,1,1,0
37577,3.288,99.00,324.00,1,1,0
37580,3.284,98.70,324.00,1,1,0
37582,3.284,98.60,324.00,1,1,0
37584,3.284,99.60,328.00,1,1,0
37587,3.284,98.80,324.00,1,0,1
37589,3.284,99.10,324.00,1,0,1
37592,3.284,99.50,323.00,1,1,0
37594,3.276,98.80,324.00,1,1,0
37597,3.284,98.20,323.00,1,1,0
37610,3.284,99.50,326.00,1,1,0
37612,3.284,99.10,326.00,1,1,0
37614,3.284,99.10,326.00,1,1,0
37617,3.284,99.00,324.00,1,1,0
37619,3.284,102.90,338.00,1,1,0
37622,3.284,94.40,324.00,1,1,0
37624,3.284,98.40,323.00,1,1,0
37627,3.284,98.70,324.00,1,1,0
37629,3.284,98.60,326.00,1,1,0
37632,3.284,99.00,324.00,1,1,0
37634,3.284,98.50,323.00,1,1,0
37637,3.288,98.40,324.00,1,1,0
37639,3.288,99.20,326.00,1,1,0
37642,3.288,98.60,324.00,1,0,1
37654,3.284,99.10,326.00,1,1,0
37657,3.284,98.50,324.00,1,1,0
37659,3.284,99.50,326.00,1,1,0
37662,3.284,98.70,324.00,1,1,0
37664,3.284,99.40,297.00,1,1,0
37667,3.284,92.70,305.00,1,1,0
37669,3.288,99.00,324.00,1,1,0
37672,3.288,99.20,326.00,1,1,0
37674,3.288,99.10,326.00,1,1,0
37677,3.284,99.70,328.00,1,1,0
37679,3.288,98.00,323.00,1,1,0
37682,3.288,99.70,326.00,1,1,0
37684,3.288,102.30,336.00,1,1,0
37686,3.284,99.30,326.00,1,1,0
37699,3.284,99.30,326.00,1,0,1
37702,3.284,99.00,324.00,1,1,0
37704,3.288,129.90,426.00,1,1,0
37707,3.280,99.30,326.00,1,1,0
37709,3.288,99.00,324.00,1,1,0
37711,3.284,99.20,326.00,1,1,0
37714,3.284,99.10,326.00,1,1,0
37716,3.288,99.20,324.00,1,1,0
37719,3.284,98.70,324.00,1,1,0
37721,3.288,100.80,331.00,1,1,0
37724,3.280,94.00,308.00,1,1,0
37726,3.288,98.80,324.00,1,1,0
37729,3.284,99.70,328.00,1,1,0
37731,3.284,98.50,323.00,1,1,0
37744,3.284,99.00,324.00,1,1,0
37746,3.284,98.90,323.00,1,1,0
37749,3.284,99.00,324.00,1,1,0
37751,3.284,98.80,324.00,1,1,0
37754,3.284,98.80,333.00,1,0,1
37756,3.280,129.20,424.00,1,0,1
37759,3.284,98.70,323.00,1,1,0
37761,3.284,97.80,328.00,1,1,0
37764,3.288,98.80,324.00,1,1,0
37766,3.284,99.10,326.00,1,1,0
37769,3.284,90.30,298.00,1,1,0
37771,3.284,99.70,328.00,1,1,0
37774,3.284,99.40,326.00,1,1,0
37776,3.284,98.90,324.00,1,1,0
37789,3.284,99.30,326.00,1,1,0
37791,3.284,98.40,324.00,1,1,0
37794,3.284,100.10,328.00,1,1,0
37796,3.284,99.60,328.00,1,1,0
37799,3.284,98.70,326.00,1,1,0
37801,3.284,98.40,323.00,1,1,0
37804,3.284,99.00,324.00,1,1,0
37806,3.284,98.70,324.00,1,1,0
37808,3.284,99.20,324.00,1,0,1
37811,3.284,131.00,431.00,1,0,1
37813,3.288,98.90,342.00,1,1,0
37816,3.260,99.90,328.00,1,1,0
37818,3.288,99.30,326.00,1,1,0
37821,3.284,98.80,324.00,1,1,0
37833,3.284,98.80,324.00,1,1,0
37836,3.284,98.40,323.00,1,1,0
37838,3.284,98.70,324.00,1,1,0
37841,3.288,99.30,326.00,1,1,0
37843,3.284,98.90,323.00,1,1,0
37846,3.284,99.00,324.00,1,1,0
37848,3.284,101.00,333.00,1,1,0
37851,3.284,98.50,323.00,1,1,0
37853,3.284,98.90,324.00,1,1,0
37856,3.284,98.50,324.00,1,1,0
37858,3.284,99.10,323.00,1,1,0
37861,3.284,98.80,324.00,1,1,0
37863,3.284,99.10,326.00,1,0,1
37866,3.284,98.60,421.00,1,0,1
37878,3.284,98.90,324.00,1,1,0
37881,3.284,98.70,324.00,1,1,0
37883,3.284,101.70,334.00,1,1,0
37886,3.288,98.80,324.00,1,1,0
37888,3.288,98.70,324.00,1,1,0
37891,3.284,99.40,326.00,1,1,0
37893,3.288,99.20,326.00,1,1,0
37896,3.284,99.60,326.00,1,1,0
37898,3.284,99.20,326.00,1,1,0
37901,3.284,98.60,324.00,1,1,0
37903,3.284,98.40,323.00,1,1,0
37905,3.288,98.80,324.00,1,1,0
37908,3.284,98.90,324.00,1,1,0
37910,3.284,99.20,326.00,1,1,0
37923,3.284,99.00,323.00,1,1,0
37926,3.260,104.70,328.00,1,1,0
37928,3.284,93.80,308.00,1,1,0
37930,3.284,99.00,324.00,1,1,0
37933,3.284,98.70,324.00,1,1,0
37935,3.284,98.90,324.00,1,1,0
37938,3.284,98.50,323.00,1,1,0
37940,3.284,98.50,324.00,1,1,0
37943,3.284,98.80,324.00,1,1,0
37945,3.284,98.90,324.00,1,1,0
37948,3.288,98.80,324.00,1,1,0
37950,3.284,98.60,324.00,1,1,0
37953,3.284,98.60,324.00,1,1,0
37955,3.284,98.50,324.00,1,1,0
37968,3.284,98.60,323.00,1,1,0
37970,3.284,99.10,326.00,1,1,0
37973,3.284,90.90,298.00,1,0,1
37975,3.284,98.50,323.00,1,0,1
37978,3.284,99.30,336.00,1,1,0
37980,3.288,93.90,308.00,1,1,0
37983,3.284,98.80,324.00,1,1,0
37985,3.288,98.70,324.00,1,1,0
37988,3.288,98.60,324.00,1,1,0
37990,3.284,98.70,324.00,1,1,0
37993,3.284,98.60,326.00,1,1,0
37995,3.284,98.40,323.00,1,1,0
37998,3.284,98.80,324.00,1,1,0
38000,3.288,98.70,324.00,1,1,0
38013,3.284,99.60,326.00,1,1,0
38015,3.284,98.70,324.00,1,1,0
38018,3.284,99.10,326.00,1,1,0
38020,3.276,98.30,324.00,1,1,0
38023,3.284,98.70,324.00,1,1,0
38025,3.284,98.90,324.00,1,1,0
38027,3.284,99.50,326.00,1,0,1
38030,3.284,105.90,310.00,1,0,1
38032,3.280,98.70,324.00,1,1,0
38035,3.272,128.60,423.00,1,1,0
38037,3.284,99.20,324.00,1,1,0
38040,3.284,99.10,326.00,1,1,0
38042,3.284,99.00,324.00,1,1,0
38045,3.284,99.50,324.00,1,1,0
38057,3.284,98.80,324.00,1,1,0
38060,3.284,99.00,324.00,1,1,0
38062,3.284,98.80,324.00,1,1,0
38065,3.284,98.30,324.00,1,1,0
38067,3.288,98.40,323.00,1,1,0
38070,3.280,99.30,326.00,1,1,0
38072,3.284,99.70,326.00,1,1,0
38075,3.288,90.70,298.00,1,1,0
38077,3.284,98.50,323.00,1,1,0
38080,3.284,99.40,324.00,1,1,0
38082,3.284,98.90,326.00,1,1,0
38085,3.288,98.50,323.00,1,0,1
38087,3.280,98.80,324.00,1,0,1
38090,3.284,101.70,388.00,1,1,0
38102,3.284,98.50,324.00,1,1,0
38105,3.284,98.40,323.00,1,1,0
38107,3.284,98.70,324.00,1,1,0
38110,3.284,99.20,324.00,1,1,0
38112,3.288,98.60,324.00,1,1,0
38115,3.284,100.20,329.00,1,1,0
38117,3.284,98.60,324.00,1,1,0
38120,3.284,98.80,324.00,1,1,0
38122,3.284,99.10,326.00,1,1,0
38124,3.284,99.50,333.00,1,1,0
38127,3.284,102.00,336.00,1,1,0
38129,3.288,101.80,334.00,1,1,0
38132,3.280,98.70,324.00,1,1,0
38134,3.280,93.70,324.00,1,1,0
38147,3.284,100.30,323.00,1,1,0
38150,3.288,98.60,324.00,1,1,0
38152,3.284,98.50,323.00,1,1,0
38154,3.284,98.80,324.00,1,1,0
38157,3.284,99.00,324.00,1,1,0
38159,3.284,98.80,324.00,1,1,0
38162,3.288,99.00,324.00,1,1,0
38164,3.284,98.60,324.00,1,1,0
38167,3.284,98.40,323.00,1,1,0
38169,3.288,98.60,331.00,1,1,0
38172,3.284,99.00,326.00,1,1,0
38174,3.284,99.70,328.00,1,1,0
38177,3.288,98.90,297.00,1,1,0
38179,3.284,98.40,323.00,1,1,0
38192,3.288,99.00,326.00,1,1,0
38194,3.284,101.20,333.00,1,0,1
38197,3.264,98.90,324.00,1,0,1
38199,3.288,99.30,408.00,1,1,0
38202,3.284,98.70,324.00,1,1,0
38204,3.284,99.20,326.00,1,1,0
38207,3.284,99.10,324.00,1,1,0
38209,3.284,98.80,324.00,1,1,0
38212,3.284,99.20,326.00,1,1,0
38214,3.288,98.40,323.00,1,1,0
38217,3.284,98.80,324.00,1,1,0
38219,3.284,99.00,324.00,1,1,0
38221,3.284,98.80,329.00,1,1,0
38224,3.284,98.80,324.00,1,1,0
38237,3.280,97.00,324.00,1,1,0
38239,3.284,98.80,324.00,1,1,0
38242,3.284,99.80,328.00,1,1,0
38244,3.284,98.50,323.00,1,1,0
38247,3.284,98.50,323.00,1,1,0
38249,3.284,99.60,326.00,1,0,1
38251,3.288,108.70,324.00,1,0,1
38254,3.284,105.70,344.00,1,1,0
38256,3.280,100.50,329.00,1,1,0
38259,3.284,99.10,324.00,1,1,0
38261,3.284,98.60,324.00,1,1,0
38264,3.284,98.80,324.00,1,1,0
38266,3.284,98.90,328.00,1,1,0
38269,3.284,98.80,324.00,1,1,0
38281,3.284,90.30,323.00,1,1,0
38284,3.284,99.40,326.00,1,1,0
38286,3.284,99.90,328.00,1,1,0
38289,3.284,98.70,324.00,1,1,0
38291,3.284,98.60,324.00,1,1,0
38294,3.284,99.20,326.00,1,1,0
38296,3.284,99.80,324.00,1,1,0
38299,3.288,98.70,324.00,1,1,0
38301,3.288,99.30,326.00,1,1,0
38304,3.284,98.90,349.00,1,0,1
38306,3.288,99.50,326.00,1,0,1
38309,3.276,105.10,344.00,1,1,0
38311,3.276,95.50,326.00,1,1,0
38314,3.288,98.90,324.00,1,1,0
38326,3.288,98.60,324.00,1,1,0
38329,3.284,98.60,324.00,1,1,0
38331,3.284,98.50,326.00,1,1,0
38334,3.288,99.10,326.00,1,1,0
38336,3.284,101.30,333.00,1,1,0
38339,3.284,93.70,308.00,1,1,0
38341,3.284,99.70,324.00,1,1,0
38344,3.284,98.70,324.00,1,1,0
38346,3.288,100.30,329.00,1,1,0
38348,3.284,99.80,331.00,1,1,0
38351,3.284,99.30,326.00,1,1,0
38353,3.284,100.00,329.00,1,1,0
38356,3.284,98.80,324.00,1,1,0
38358,3.284,98.60,323.00,1,0,1
38371,3.284,98.80,324.00,1,1,0
38373,3.284,98.90,324.00,1,1,0
38376,3.284,99.10,323.00,1,1,0
38378,3.284,99.50,326.00,1,1,0
38381,3.288,99.40,326.00,1,1,0
38383,3.284,90.40,316.00,1,1,0
38386,3.284,98.60,324.00,1,1,0
38388,3.284,100.90,331.00,1,1,0
38391,3.284,98.30,323.00,1,1,0
38393,3.284,98.50,326.00,1,1,0
38396,3.288,99.30,326.00,1,1,0
38398,3.284,99.20,326.00,1,1,0
38401,3.284,98.60,326.00,1,1,0
38403,3.288,100.00,329.00,1,1,0
38416,3.284,99.00,324.00,1,0,1
38418,3.264,99.50,326.00,1,1,0
38421,3.288,129.70,308.00,1,1,0
38423,3.284,99.30,326.00,1,1,0
38426,3.284,98.70,324.00,1,1,0
38428,3.288,99.10,324.00,1,1,0
38431,3.284,98.80,324.00,1,1,0
38433,3.284,99.20,326.00,1,1,0
38436,3.284,99.50,326.00,1,1,0
38438,3.288,102.80,338.00,1,1,0
38441,3.284,93.70,308.00,1,1,0
38443,3.284,98.50,323.00,1,1,0
38445,3.284,99.40,323.00,1,1,0
38448,3.276,99.10,326.00,1,1,0
38461,3.284,98.60,324.00,1,1,0
38463,3.284,99.60,328.00,1,1,0
38466,3.288,98.70,324.00,1,1,0
38468,3.284,98.60,324.00,1,1,0
38470,3.280,103.30,339.00,1,0,1
38473,3.252,98.70,324.00,1,0,1
38475,3.284,128.60,423.00,1,1,0
38478,3.280,98.80,324.00,1,1,0
38480,3.284,99.10,326.00,1,1,0
38483,3.288,98.70,324.00,1,1,0
38485,3.284,90.20,297.00,1,1,0
38488,3.288,98.10,323.00,1,1,0
38490,3.288,99.20,326.00,1,1,0
38493,3.284,100.30,329.00,1,1,0
38505,3.284,99.40,326.00,1,1,0
38508,3.284,98.20,323.00,1,1,0
38510,3.284,99.10,326.00,1,1,0
38513,3.284,99.00,324.00,1,1,0
38515,3.284,98.60,324.00,1,1,0
38518,3.288,98.70,323.00,1,1,0
38520,3.284,98.40,323.00,1,1,0
38523,3.284,99.90,328.00,1,1,0
38525,3.288,98.80,328.00,1,0,1
38528,3.284,98.90,324.00,1,0,1
38530,3.288,103.80,338.00,1,1,0
38533,3.284,95.50,326.00,1,1,0
38535,3.284,98.50,323.00,1,1,0
38538,3.288,98.70,324.00,1,1,0
38554,3.284,98.30,323.00,1,1,0
38557,3.284,99.60,328.00,1,1,0
38559,3.284,99.10,324.00,1,1,0
38562,3.284,98.60,324.00,1,1,0
38564,3.284,98.60,324.00,1,1,0
38567,3.284,98.50,324.00,1,1,0
38569,3.288,98.40,323.00,1,1,0
38572,3.284,98.20,323.00,1,1,0
38574,3.284,98.60,324.00,1,1,0
38576,3.284,98.90,324.00,1,1,0
38579,3.284,99.10,326.00,1,0,1
38581,3.284,99.40,326.00,1,0,1
38584,3.272,99.20,324.00,1,1,0
38586,3.284,99.90,328.00,1,1,0
38599,3.288,98.60,324.00,1,1,0
38601,3.284,98.80,324.00,1,1,0
38604,3.284,98.20,326.00,1,1,0
38606,3.288,98.80,324.00,1,1,0
38609,3.284,99.30,326.00,1,1,0
38611,3.284,98.90,328.00,1,1,0
38614,3.288,99.30,326.00,1,1,0
38616,3.284,100.50,329.00,1,1,0
38619,3.284,98.50,323.00,1,1,0
38621,3.284,98.50,324.00,1,1,0
38624,3.284,99.00,324.00,1,1,0
38626,3.284,99.50,326.00,1,1,0
38629,3.288,99.00,326.00,1,1,0
38631,3.288,98.10,323.00,1,1,0
38644,3.268,94.10,308.00,1,1,0
38646,3.284,95.30,313.00,1,1,0
38649,3.284,98.80,323.00,1,1,0
38651,3.284,100.20,329.00,1,1,0
38654,3.284,98.90,324.00,1,1,0
38656,3.284,98.70,323.00,1,1,0
38659,3.288,100.20,329.00,1,1,0
38661,3.284,98.70,324.00,1,1,0
38664,3.288,98.50,324.00,1,1,0
38666,3.288,98.60,323.00,1,1,0
38669,3.288,98.50,323.00,1,1,0
38671,3.284,98.60,323.00,1,1,0
38673,3.284,98.70,328.00,1,1,0
38676,3.284,99.10,326.00,1,1,0
38689,3.284,91.40,300.00,1,1,0
38691,3.284,90.40,297.00,1,0,1
38694,3.284,99.30,326.00,1,0,1
38696,3.284,99.40,326.00,1,1,0
38698,3.280,98.80,323.00,1,1,0
38701,3.284,99.10,323.00,1,1,0
38703,3.284,98.00,321.00,1,1,0
38706,3.284,99.20,326.00,1,1,0
38708,3.284,99.40,308.00,1,1,0
38711,3.280,99.40,326.00,1,1,0
38713,3.284,98.40,323.00,1,1,0
38716,3.284,98.80,324.00,1,1,0
38718,3.284,98.70,324.00,1,1,0
38721,3.284,98.60,324.00,1,1,0
38733,3.288,100.80,331.00,1,1,0
38736,3.284,98.50,323.00,1,1,0
38738,3.288,98.40,326.00,1,1,0
38741,3.288,98.80,324.00,1,1,0
38743,3.284,98.70,324.00,1,1,0
38746,3.284,100.20,323.00,1,0,1
38748,3.280,96.10,316.00,1,0,1
38751,3.284,98.60,324.00,1,1,0
38753,3.272,119.90,319.00,1,1,0
38756,3.284,98.90,324.00,1,1,0
38758,3.284,98.60,324.00,1,1,0
38761,3.288,98.70,324.00,1,1,0
38763,3.284,98.40,323.00,1,1,0
38766,3.284,98.70,324.00,1,1,0
38778,3.284,98.70,324.00,1,1,0
38781,3.288,98.60,324.00,1,1,0
38783,3.288,98.40,324.00,1,1,0
38786,3.284,100.90,331.00,1,1,0
38788,3.288,99.50,326.00,1,1,0
38791,3.288,99.30,308.00,1,1,0
38793,3.284,90.50,297.00,1,1,0
38795,3.276,99.40,326.00,1,1,0
38798,3.284,99.30,328.00,1,1,0
38800,3.288,98.50,323.00,1,0,1
38803,3.276,99.40,326.00,1,0,1
38805,3.280,99.20,329.00,1,1,0
38808,3.284,99.20,326.00,1,1,0
38810,3.272,99.50,326.00,1,1,0
38823,3.288,101.90,334.00,1,1,0
38825,3.288,101.80,334.00,1,1,0
38828,3.284,98.50,324.00,1,1,0
38830,3.280,98.70,324.00,1,1,0
38833,3.284,98.80,324.00,1,1,0
38835,3.284,99.00,331.00,1,1,0
38838,3.288,99.10,326.00,1,1,0
38840,3.288,98.70,324.00,1,1,0
38843,3.288,98.70,324.00,1,1,0
38845,3.284,98.70,324.00,1,1,0
38848,3.288,99.10,324.00,1,1,0
38850,3.284,94.30,323.00,1,1,0
38853,3.284,98.70,324.00,1,1,0
38855,3.284,98.90,324.00,1,1,0
38868,3.280,98.90,324.00,1,1,0
38870,3.284,98.80,324.00,1,1,0
38873,3.284,101.00,331.00,1,1,0
38875,3.284,98.60,324.00,1,1,0
38878,3.284,99.00,326.00,1,1,0
38880,3.284,98.30,324.00,1,1,0
38883,3.284,98.50,323.00,1,1,0
38885,3.288,98.20,323.00,1,1,0
38888,3.284,98.50,324.00,1,1,0
38890,3.284,100.30,329.00,1,1,0
38892,3.284,99.50,326.00,1,1,0
38895,3.284,90.30,297.00,1,1,0
38897,3.284,98.90,324.00,1,1,0
38900,3.284,98.90,324.00,1,1,0
38913,3.284,98.90,324.00,1,0,1
38915,3.284,99.20,326.00,1,0,1
38918,3.284,99.70,324.00,1,1,0
38920,3.284,99.80,328.00,1,1,0
38922,3.284,99.10,326.00,1,1,0
38925,3.288,99.80,328.00,1,1,0
38927,3.284,98.60,324.00,1,1,0
38930,3.284,99.00,324.00,1,1,0
38932,3.284,98.50,323.00,1,1,0
38935,3.284,98.70,324.00,1,1,0
38937,3.288,99.60,328.00,1,1,0
38940,3.284,98.80,324.00,1,1,0
38942,3.284,98.60,324.00,1,1,0
38945,3.288,100.30,329.00,1,1,0
38957,3.284,99.20,326.00,1,1,0
38960,3.284,98.70,324.00,1,1,0
38962,3.284,98.50,323.00,1,1,0
38965,3.284,98.80,324.00,1,1,0
38967,3.284,98.80,338.00,1,0,1
38970,3.280,131.20,431.00,1,0,1
38972,3.284,101.00,331.00,1,0,1
38975,3.284,99.20,221.00,1,0,1
38977,3.304,62.50,206.00,1,1,0
38980,3.280,93.70,308.00,1,1,0
38982,3.288,101.90,323.00,1,1,0
38985,3.284,98.90,324.00,1,1,0
38987,3.288,98.80,324.00,1,1,0
38990,3.284,98.90,324.00,1,1,0
39002,3.284,99.20,326.00,1,1,0
39005,3.284,99.00,326.00,1,1,0
39007,3.284,98.60,324.00,1,1,0
39010,3.288,99.40,326.00,1,1,0
39012,3.284,98.90,324.00,1,1,0
39015,3.288,98.70,324.00,1,1,0
39017,3.284,99.30,326.00,1,1,0
39019,3.288,99.20,324.00,1,1,0
39022,3.284,99.00,324.00,1,1,0
39024,3.284,99.10,326.00,1,1,0
39027,3.288,98.10,324.00,1,0,1
39029,3.276,98.60,321.00,1,0,1
39032,3.260,98.40,323.00,1,1,0
39034,3.252,96.60,318.00,1,1,0
39047,3.284,101.00,331.00,1,1,0
39049,3.284,98.60,324.00,1,1,0
39052,3.284,98.80,324.00,1,1,0
39054,3.284,94.30,310.00,1,1,0
39057,3.284,99.00,328.00,1,1,0
39059,3.288,98.70,324.00,1,1,0
39062,3.284,98.80,324.00,1,1,0
39064,3.284,98.60,324.00,1,1,0
39067,3.288,99.40,326.00,1,1,0
39069,3.288,98.60,324.00,1,1,0
39072,3.276,100.70,324.00,1,1,0
39074,3.284,99.60,328.00,1,1,0
39077,3.288,98.60,324.00,1,1,0
39079,3.284,98.50,323.00,1,1,0
39092,3.284,98.80,324.00,1,1,0
39094,3.284,99.20,326.00,1,1,0
39097,3.284,99.40,326.00,1,1,0
39099,3.284,90.50,297.00,1,1,0
39102,3.284,98.60,323.00,1,1,0
39104,3.284,99.30,326.00,1,1,0
39107,3.288,98.70,324.00,1,1,0
39109,3.284,98.80,328.00,1,1,0
39112,3.284,99.00,326.00,1,1,0
39114,3.284,99.40,326.00,1,1,0
39116,3.284,99.10,324.00,1,1,0
39119,3.284,99.20,326.00,1,1,0
39121,3.288,98.80,324.00,1,1,0
39124,3.284,98.80,326.00,1,1,0
39137,3.284,98.60,324.00,1,0,1
39139,3.280,103.50,323.00,1,0,1
39141,3.260,98.80,324.00,1,1,0
39144,3.268,126.70,416.00,1,1,0
39146,3.280,99.00,326.00,1,1,0
39149,3.284,100.80,331.00,1,1,0
39151,3.284,99.20,326.00,1,1,0
39154,3.284,99.10,323.00,1,1,0
39156,3.284,95.10,313.00,1,1,0
39159,3.284,98.50,323.00,1,1,0
39161,3.288,98.70,324.00,1,1,0
39164,3.284,98.70,324.00,1,1,0
39166,3.284,98.90,324.00,1,1,0
39169,3.284,98.90,328.00,1,1,0
39181,3.284,99.40,324.00,1,1,0
39184,3.284,99.00,324.00,1,1,0
39186,3.284,98.60,324.00,1,1,0
39189,3.284,98.90,324.00,1,1,0
39191,3.284,98.40,323.00,1,0,1
39194,3.284,97.80,321.00,1,0,1
39196,3.260,99.40,326.00,1,0,1
39199,3.288,106.80,328.00,1,1,0
39201,3.284,93.40,306.00,1,1,0
39204,3.280,90.20,295.00,1,1,0
39206,3.280,99.00,324.00,1,1,0
39209,3.284,99.20,326.00,1,1,0
39211,3.284,98.90,324.00,1,1,0
39213,3.284,98.40,326.00,1,1,0
39226,3.284,98.40,326.00,1,1,0
39229,3.284,99.50,326.00,1,1,0
39231,3.284,99.20,326.00,1,1,0
39234,3.284,98.40,324.00,1,1,0
39236,3.284,98.40,323.00,1,1,0
39238,3.284,98.40,323.00,1,1,0
39241,3.284,98.70,324.00,1,1,0
39243,3.288,98.80,324.00,1,1,0
39246,3.284,98.60,324.00,1,1,0
39248,3.284,106.00,347.00,1,0,1
39251,3.284,98.80,329.00,1,0,1
39253,3.288,102.40,333.00,1,1,0
39256,3.280,93.80,308.00,1,1,0
39258,3.284,99.90,308.00,1,1,0
39271,3.284,98.40,323.00,1,1,0
39273,3.284,98.70,324.00,1,1,0
39276,3.284,98.70,324.00,1,1,0
39278,3.284,99.00,324.00,1,1,0
39281,3.284,101.10,331.00,1,1,0
39283,3.284,99.00,324.00,1,1,0
39286,3.284,98.60,323.00,1,1,0
39288,3.288,98.60,324.00,1,1,0
39291,3.284,98.40,323.00,1,1,0
39293,3.288,99.30,326.00,1,1,0
39296,3.284,99.00,326.00,1,1,0
39298,3.284,99.40,326.00,1,1,0
39301,3.284,98.80,324.00,1,1,0
39303,3.284,98.30,295.00,1,0,1
39316,3.284,98.50,324.00,1,1,0
39318,3.288,101.60,334.00,1,1,0
39321,3.284,98.30,323.00,1,1,0
39323,3.288,98.50,329.00,1,1,0
39326,3.288,99.00,324.00,1,1,0
39328,3.284,98.60,324.00,1,1,0
39331,3.284,99.40,324.00,1,1,0
39333,3.288,98.80,324.00,1,1,0
39335,3.284,98.30,323.00,1,1,0
39338,3.288,98.40,323.00,1,1,0
39340,3.284,97.60,321.00,1,1,0
39343,3.284,99.10,326.00,1,1,0
39345,3.280,99.00,324.00,1,1,0
39348,3.284,99.30,326.00,1,1,0
39361,3.280,100.90,319.00,1,0,1
39363,3.280,104.20,341.00,1,1,0
39365,3.244,95.60,315.00,1,1,0
39368,3.284,98.60,324.00,1,1,0
39370,3.284,98.40,323.00,1,1,0
39373,3.284,98.50,323.00,1,1,0
39375,3.284,98.80,324.00,1,1,0
39378,3.284,98.90,324.00,1,1,0
39380,3.288,99.20,326.00,1,1,0
39383,3.284,99.70,331.00,1,1,0
39385,3.280,98.30,323.00,1,1,0
39388,3.284,98.30,323.00,1,1,0
39390,3.284,98.70,324.00,1,1,0
39393,3.284,99.60,328.00,1,1,0
39405,3.284,98.70,297.00,1,1,0
39408,3.280,93.20,306.00,1,1,0
39410,3.284,99.40,326.00,1,1,0
39413,3.284,98.50,326.00,1,0,1
39415,3.288,99.00,324.00,1,0,1
39418,3.284,99.10,326.00,1,1,0
39420,3.276,108.70,324.00,1,1,0
39423,3.284,94.10,308.00,1,1,0
39425,3.284,98.90,324.00,1,1,0
39428,3.288,100.20,326.00,1,1,0
39430,3.284,98.40,323.00,1,1,0
39433,3.284,99.10,326.00,1,1,0
39435,3.284,98.10,324.00,1,1,0
39437,3.284,98.60,324.00,1,1,0
39450,3.284,98.60,323.00,1,1,0
39453,3.284,98.20,323.00,1,1,0
39455,3.284,98.50,323.00,1,1,0
39458,3.284,98.70,324.00,1,1,0
39460,3.288,98.90,324.00,1,1,0
39462,3.284,100.40,329.00,1,1,0
39465,3.284,93.80,324.00,1,1,0
39467,3.284,98.40,323.00,1,0,1
39470,3.272,99.00,324.00,1,0,1
39472,3.284,102.10,326.00,1,1,0
39475,3.284,102.00,334.00,1,1,0
39477,3.284,99.00,324.00,1,1,0
39480,3.284,99.00,323.00,1,1,0
39482,3.284,99.60,328.00,1,1,0
39495,3.284,98.60,324.00,1,1,0
39497,3.284,98.30,323.00,1,1,0
39500,3.284,98.40,323.00,1,1,0
39502,3.284,98.60,323.00,1,1,0
39505,3.284,98.70,324.00,1,1,0
39507,3.284,99.50,328.00,1,1,0
39510,3.284,90.40,298.00,1,1,0
39512,3.284,98.50,323.00,1,1,0
39515,3.284,99.10,326.00,1,1,0
39517,3.284,98.80,324.00,1,1,0
39520,3.284,98.90,324.00,1,1,0
39522,3.284,99.70,328.00,1,1,0
39525,3.288,106.40,326.00,1,0,1
39527,3.284,99.10,326.00,1,0,1
39540,3.284,99.30,326.00,1,1,0
39542,3.288,99.10,326.00,1,1,0
39545,3.284,99.00,324.00,1,1,0
39547,3.284,102.70,338.00,1,1,0
39550,3.280,99.10,326.00,1,1,0
39552,3.280,99.00,324.00,1,1,0
39555,3.284,99.30,324.00,1,1,0
39557,3.284,99.10,326.00,1,1,0
39559,3.284,99.00,324.00,1,1,0
39562,3.284,98.80,323.00,1,1,0
39564,3.284,98.90,324.00,1,1,0
39567,3.284,94.30,310.00,1,1,0
39569,3.284,98.70,324.00,1,1,0
39572,3.284,98.70,324.00,1,1,0
39584,3.288,117.80,387.00,1,1,0
39587,3.288,98.90,324.00,1,1,0
39589,3.284,100.00,324.00,1,1,0
39592,3.284,98.80,324.00,1,1,0
39594,3.284,98.50,323.00,1,1,0
39597,3.284,98.40,323.00,1,1,0
39599,3.284,99.50,326.00,1,1,0
39602,3.284,98.80,324.00,1,1,0
39604,3.284,100.20,329.00,1,1,0
39607,3.288,99.00,338.00,1,1,0
39609,3.284,99.50,326.00,1,1,0
39612,3.284,90.40,297.00,1,1,0
39614,3.288,99.00,323.00,1,1,0
39617,3.284,98.70,324.00,1,1,0
39629,3.284,98.50,323.00,1,1,0
39632,3.288,99.00,326.00,1,1,0
39634,3.284,98.90,326.00,1,0,1
39637,3.284,98.90,324.00,1,0,1
39639,3.284,105.40,344.00,1,1,0
39642,3.284,98.90,324.00,1,1,0
39644,3.288,98.40,323.00,1,1,0
39647,3.288,98.70,324.00,1,1,0
39649,3.284,99.20,326.00,1,1,0
39652,3.284,98.80,324.00,1,1,0
39654,3.284,98.80,324.00,1,1,0
39656,3.284,99.20,326.00,1,1,0
39659,3.284,98.80,324.00,1,1,0
39661,3.284,99.00,324.00,1,1,0
39674,3.284,98.70,324.00,1,1,0
39677,3.284,98.60,324.00,1,1,0
39679,3.284,98.60,323.00,1,1,0
39681,3.284,99.00,324.00,1,1,0
39684,3.284,98.90,324.00,1,1,0
39686,3.284,99.00,324.00,1,1,0
39689,3.284,107.00,351.00,1,0,1
39691,3.288,129.70,426.00,1,0,1
39694,3.284,99.00,441.00,1,1,0
39696,3.284,99.80,328.00,1,1,0
39699,3.276,100.80,331.00,1,1,0
39701,3.284,98.70,324.00,1,1,0
39704,3.284,98.30,323.00,1,1,0
39706,3.280,98.40,323.00,1,1,0
39719,3.284,101.90,334.00,1,1,0
39721,3.288,98.30,323.00,1,1,0
39724,3.284,98.60,323.00,1,1,0
39726,3.284,99.70,328.00,1,1,0
39729,3.284,99.40,326.00,1,1,0
39731,3.288,98.70,326.00,1,1,0
39734,3.284,99.30,326.00,1,1,0
39736,3.284,98.90,324.00,1,1,0
39739,3.284,98.80,326.00,1,1,0
39741,3.284,98.90,324.00,1,1,0
39744,3.284,98.50,323.00,1,0,1
39746,3.288,98.50,324.00,1,0,1
39749,3.284,99.60,324.00,1,1,0
39751,3.268,95.60,313.00,1,1,0
39764,3.284,99.10,326.00,1,1,0
39766,3.284,98.60,324.00,1,1,0
39769,3.288,98.30,323.00,1,1,0
39771,3.280,94.20,310.00,1,1,0
39774,3.284,98.40,323.00,1,1,0
39776,3.284,98.50,324.00,1,1,0
39778,3.284,98.60,324.00,1,1,0
39781,3.284,98.80,324.00,1,1,0
39783,3.284,98.40,324.00,1,1,0
39786,3.284,98.30,323.00,1,1,0
39788,3.288,102.20,336.00,1,1,0
39791,3.284,98.60,323.00,1,1,0
39793,3.284,98.90,324.00,1,1,0
39796,3.284,98.70,324.00,1,1,0
39808,3.284,98.50,323.00,1,1,0
39811,3.284,98.70,324.00,1,1,0
39813,3.284,99.20,326.00,1,1,0
39816,3.284,90.30,297.00,1,1,0
39818,3.284,98.50,323.00,1,1,0
39821,3.284,98.90,324.00,1,1,0
39823,3.284,98.40,323.00,1,1,0
39826,3.284,98.70,324.00,1,1,0
39828,3.284,98.60,326.00,1,1,0
39831,3.284,98.60,324.00,1,1,0
39833,3.284,98.40,323.00,1,1,0
39836,3.284,98.60,326.00,1,1,0
39838,3.284,98.90,324.00,1,1,0
39841,3.284,99.10,326.00,1,1,0
39853,3.284,98.40,323.00,1,0,1
39856,3.284,99.40,326.00,1,0,1
39858,3.284,98.80,326.00,1,1,0
39861,3.276,93.90,308.00,1,1,0
39863,3.280,98.80,324.00,1,1,0
39866,3.284,98.50,331.00,1,1,0
39868,3.284,98.40,323.00,1,1,0
39871,3.284,98.50,323.00,1,1,0
39873,3.284,96.00,308.00,1,1,0
39875,3.284,98.60,324.00,1,1,0
39878,3.284,98.70,324.00,1,1,0
39880,3.284,99.30,324.00,1,1,0
39883,3.284,99.50,326.00,1,1,0
39885,3.284,98.50,323.00,1,1,0
39898,3.284,98.40,323.00,1,1,0
39901,3.288,102.40,323.00,1,1,0
39903,3.284,98.60,324.00,1,1,0
39905,3.284,98.50,324.00,1,1,0
39908,3.284,98.70,323.00,1,1,0
39910,3.284,98.50,338.00,1,0,1
39913,3.284,99.20,326.00,1,0,1
39915,3.288,104.50,341.00,1,1,0
39918,3.288,98.50,297.00,1,1,0
39920,3.284,99.10,326.00,1,1,0
39923,3.284,129.00,424.00,1,1,0
39925,3.284,98.90,334.00,1,1,0
39928,3.284,99.50,326.00,1,1,0
39930,3.284,98.40,323.00,1,1,0
39943,3.284,98.40,323.00,1,1,0
39945,3.284,99.50,324.00,1,1,0
39948,3.284,98.80,324.00,1,1,0
39950,3.284,98.40,323.00,1,1,0
39953,3.284,98.30,323.00,1,1,0
39955,3.284,98.70,324.00,1,1,0
39958,3.284,99.90,328.00,1,1,0
39960,3.284,98.80,324.00,1,1,0
39963,3.284,98.80,324.00,1,1,0
39965,3.284,106.00,347.00,1,0,1
39968,3.288,98.50,323.00,1,0,1
39970,3.284,98.60,336.00,1,1,0
39972,3.268,93.80,308.00,1,1,0
39975,3.284,99.30,326.00,1,1,0
39988,3.284,98.50,323.00,1,1,0
39990,3.284,98.80,324.00,1,1,0
39993,3.284,98.50,323.00,1,1,0
39995,3.284,98.60,324.00,1,1,0
39998,3.284,99.20,328.00,1,1,0
40000,3.284,98.50,323.00,1,1,0
40002,3.284,98.20,323.00,1,1,0
40005,3.284,98.50,326.00,1,1,0
40007,3.284,98.50,323.00,1,1,0
40010,3.284,98.50,323.00,1,1,0
40012,3.284,98.40,323.00,1,1,0
40015,3.284,99.10,324.00,1,1,0
40017,3.272,98.40,323.00,1,1,0
40020,3.284,99.40,326.00,1,0,1
40032,3.284,98.80,324.00,1,1,0
40035,3.284,98.90,324.00,1,1,0
40037,3.284,99.10,326.00,1,1,0
40040,3.284,98.60,324.00,1,1,0
40042,3.284,99.20,324.00,1,1,0
40045,3.284,98.50,324.00,1,1,0
40047,3.284,99.00,324.00,1,1,0
40050,3.288,99.00,324.00,1,1,0
40052,3.284,98.70,324.00,1,1,0
40055,3.284,98.90,324.00,1,1,0
40057,3.284,98.80,324.00,1,1,0
40060,3.284,98.90,324.00,1,1,0
40062,3.284,99.00,324.00,1,1,0
40065,3.284,99.20,326.00,1,1,0
40077,3.284,108.20,356.00,1,0,1
40080,3.280,93.80,333.00,1,0,1
40082,3.284,130.60,428.00,1,1,0
40085,3.280,98.70,324.00,1,1,0
40087,3.284,98.40,323.00,1,1,0
40090,3.284,98.50,323.00,1,1,0
40092,3.284,98.70,324.00,1,1,0
40095,3.284,98.50,323.00,1,1,0
40097,3.284,103.50,339.00,1,1,0
40099,3.284,99.00,324.00,1,1,0
40102,3.284,99.00,324.00,1,1,0
40104,3.288,98.50,323.00,1,1,0
40107,3.284,98.60,324.00,1,1,0
40119,3.284,99.30,326.00,1,1,0
40122,3.284,99.40,326.00,1,1,0
40124,3.284,90.50,319.00,1,1,0
40127,3.288,99.10,326.00,1,1,0
40129,3.284,98.10,323.00,1,1,0
40132,3.284,98.90,339.00,1,0,1
40134,3.284,98.70,324.00,1,0,1
40137,3.284,99.00,324.00,1,1,0
40139,3.268,94.00,324.00,1,1,0
40142,3.288,98.70,324.00,1,1,0
40144,3.284,99.70,328.00,1,1,0
40147,3.284,98.60,323.00,1,1,0
40149,3.284,98.80,324.00,1,1,0
40152,3.284,99.20,326.00,1,1,0
40164,3.284,98.80,324.00,1,1,0
40167,3.284,100.70,331.00,1,1,0
40169,3.284,102.10,324.00,1,1,0
40172,3.284,98.60,324.00,1,1,0
40174,3.288,98.40,323.00,1,1,0
40177,3.284,98.90,326.00,1,1,0
40179,3.284,103.90,341.00,1,1,0
40182,3.284,94.20,310.00,1,1,0
40184,3.284,98.50,323.00,1,1,0
40187,3.284,98.70,323.00,1,0,1
40189,3.284,98.80,323.00,1,0,1
40191,3.284,98.80,334.00,1,1,0
40194,3.284,94.00,308.00,1,1,0
40196,3.284,99.00,324.00,1,1,0
40209,3.284,98.50,323.00,1,1,0
40212,3.284,98.70,324.00,1,1,0
40214,3.284,98.40,323.00,1,1,0
40216,3.280,98.50,323.00,1,1,0
40219,3.284,98.20,323.00,1,1,0
40221,3.284,98.90,326.00,1,1,0
40224,3.284,99.60,328.00,1,1,0
40226,3.284,90.50,297.00,1,1,0
40229,3.284,98.90,324.00,1,1,0
40231,3.284,99.80,328.00,1,1,0
40234,3.284,99.30,326.00,1,1,0
40236,3.284,98.70,324.00,1,1,0
40239,3.284,99.00,324.00,1,1,0
40241,3.284,98.00,323.00,1,1,0
40254,3.284,99.10,326.00,1,1,0
40256,3.284,99.00,324.00,1,1,0
40259,3.284,98.50,323.00,1,1,0
40261,3.284,98.50,323.00,1,1,0
40264,3.284,98.60,324.00,1,1,0
40266,3.288,99.30,324.00,1,1,0
40269,3.284,98.80,324.00,1,1,0
40271,3.284,98.90,324.00,1,1,0
40274,3.284,99.10,324.00,1,1,0
40276,3.284,99.00,324.00,1,1,0
40279,3.284,98.80,324.00,1,1,0
40281,3.284,98.60,336.00,1,1,0
40284,3.284,93.80,308.00,1,1,0
40286,3.288,98.50,323.00,1,1,0
40299,3.276,98.90,324.00,1,0,1
40301,3.264,98.80,324.00,1,0,1
40304,3.284,98.50,323.00,1,1,0
40306,3.284,98.80,324.00,1,1,0
40309,3.284,98.60,326.00,1,1,0
40311,3.284,99.10,326.00,1,1,0
40314,3.284,98.90,324.00,1,1,0
40316,3.284,98.80,324.00,1,1,0
40318,3.284,98.40,323.00,1,1,0
40321,3.288,98.80,324.00,1,1,0
40323,3.284,98.80,324.00,1,1,0
40326,3.284,99.10,326.00,1,1,0
40328,3.288,90.30,297.00,1,1,0
40331,3.284,99.00,324.00,1,1,0
40343,3.288,99.40,326.00,1,1,0
40346,3.284,99.10,333.00,1,1,0
40348,3.284,99.20,326.00,1,1,0
40351,3.284,98.80,324.00,1,1,0
40353,3.284,104.20,326.00,1,0,1
40356,3.284,99.10,326.00,1,0,1
40358,3.284,128.50,421.00,1,1,0
40361,3.280,98.70,323.00,1,1,0
40363,3.284,98.40,323.00,1,1,0
40366,3.284,98.80,324.00,1,1,0
40368,3.284,99.30,326.00,1,1,0
40371,3.284,99.10,326.00,1,1,0
40373,3.284,98.80,324.00,1,1,0
40376,3.284,98.90,324.00,1,1,0
40388,3.284,99.30,326.00,1,1,0
40391,3.284,98.70,324.00,1,1,0
40393,3.284,99.00,324.00,1,1,0
40396,3.284,98.70,324.00,1,1,0
40398,3.284,98.50,324.00,1,1,0
40401,3.284,99.10,326.00,1,1,0
40403,3.284,98.80,324.00,1,1,0
40406,3.284,98.70,324.00,1,1,0
40408,3.284,105.50,346.00,1,0,1
40411,3.260,98.80,324.00,1,0,1
40413,3.284,98.70,423.00,1,1,0
40415,3.284,98.40,323.00,1,1,0
40418,3.284,99.70,328.00,1,1,0
40420,3.284,98.90,328.00,1,1,0
40433,3.284,98.90,324.00,1,1,0
40436,3.284,99.40,331.00,1,1,0
40438,3.288,99.20,326.00,1,1,0
40440,3.284,99.20,326.00,1,1,0
40443,3.288,99.10,324.00,1,1,0
40445,3.280,99.40,326.00,1,1,0
40448,3.284,99.50,326.00,1,1,0
40450,3.284,98.90,326.00,1,1,0
40453,3.284,98.90,324.00,1,1,0
40455,3.288,98.70,324.00,1,1,0
40458,3.284,98.80,324.00,1,1,0
40460,3.284,98.50,323.00,1,1,0
40463,3.284,98.50,323.00,1,0,1
40465,3.284,101.80,328.00,1,0,1
40478,3.284,98.60,324.00,1,1,0
40480,3.284,98.60,328.00,1,1,0
40483,3.284,99.20,326.00,1,1,0
40485,3.284,99.00,324.00,1,1,0
40488,3.280,96.40,308.00,1,1,0
40490,3.280,99.20,326.00,1,1,0
40493,3.284,98.80,324.00,1,1,0
40495,3.284,100.90,324.00,1,1,0
40498,3.284,98.70,324.00,1,1,0
40500,3.284,99.10,326.00,1,1,0
40503,3.284,98.90,329.00,1,1,0
40505,3.284,98.50,323.00,1,1,0
40508,3.284,99.10,326.00,1,1,0
40510,3.284,98.50,324.00,1,1,0
40523,3.272,99.10,326.00,1,1,0
40525,3.280,117.80,387.00,1,1,0
40528,3.284,99.10,326.00,1,1,0
40530,3.288,99.90,328.00,1,1,0
40533,3.284,92.80,297.00,1,1,0
40535,3.284,98.70,324.00,1,1,0
40537,3.288,99.50,328.00,1,1,0
40540,3.284,99.30,319.00,1,1,0
40542,3.284,98.60,324.00,1,1,0
40545,3.284,97.30,319.00,1,1,0
40547,3.284,99.10,323.00,1,1,0
40550,3.284,98.60,324.00,1,1,0
40557,3.288,98.60,324.00,1,1,0
40560,3.284,99.30,326.00,1,1,0
40562,3.284,99.00,323.00,1,1,0
40565,3.284,98.80,324.00,1,1,0
40567,3.284,98.50,323.00,1,1,0
40570,3.284,100.50,323.00,1,1,0
40572,3.284,98.60,324.00,1,1,0
40575,3.284,99.10,326.00,1,0,1
40577,3.284,101.70,333.00,1,0,1
40590,3.284,98.70,324.00,1,1,0
40592,3.284,101.20,324.00,1,1,0
40595,3.284,99.00,324.00,1,1,0
40597,3.284,100.00,329.00,1,1,0
40600,3.284,98.80,323.00,1,1,0
40602,3.284,98.50,323.00,1,1,0
40605,3.284,98.80,324.00,1,1,0
40607,3.284,98.80,326.00,1,1,0
40609,3.284,98.80,324.00,1,1,0
40612,3.284,99.30,326.00,1,1,0
40614,3.280,98.90,324.00,1,1,0
40617,3.284,98.50,323.00,1,1,0
40619,3.284,98.50,324.00,1,1,0
40622,3.284,98.60,324.00,1,1,0
40634,3.284,105.40,344.00,1,1,0
40637,3.284,90.40,326.00,1,1,0
40639,3.284,98.90,324.00,1,1,0
40642,3.276,99.00,326.00,1,1,0
40644,3.280,119.00,326.00,1,1,0
40647,3.284,102.90,338.00,1,1,0
40649,3.284,98.70,324.00,1,1,0
40652,3.284,99.30,326.00,1,1,0
40654,3.288,94.50,310.00,1,1,0
40657,3.288,99.30,326.00,1,1,0
40659,3.284,98.90,326.00,1,1,0
40662,3.284,99.00,326.00,1,1,0
40664,3.284,99.20,326.00,1,1,0
40667,3.284,98.90,323.00,1,1,0
40679,3.284,99.10,326.00,1,1,0
40682,3.284,98.70,323.00,1,1,0
40684,3.284,105.90,347.00,1,0,1
40687,3.288,98.50,323.00,1,0,1
40689,3.284,98.60,418.00,1,1,0
40692,3.284,97.30,319.00,1,1,0
40694,3.284,99.10,326.00,1,1,0
40697,3.284,98.80,324.00,1,1,0
40699,3.284,101.90,334.00,1,1,0
40702,3.284,98.80,324.00,1,1,0
40704,3.284,98.90,324.00,1,1,0
40706,3.288,99.30,326.00,1,1,0
40709,3.284,99.20,326.00,1,1,0
40711,3.284,98.90,324.00,1,1,0
40724,3.284,99.80,324.00,1,1,0
40727,3.284,99.00,324.00,1,1,0
40729,3.288,98.50,324.00,1,1,0
40731,3.284,98.50,328.00,1,1,0
40734,3.288,98.30,336.00,1,1,0
40736,3.284,99.40,326.00,1,1,0
40739,3.284,90.20,295.00,1,0,1
40741,3.284,131.40,326.00,1,0,1
40744,3.288,101.10,331.00,1,1,0
40746,3.276,95.40,313.00,1,1,0
40749,3.284,99.00,323.00,1,1,0
40751,3.284,98.70,324.00,1,1,0
40754,3.284,98.70,324.00,1,1,0
40756,3.284,99.00,326.00,1,1,0
40769,3.284,98.70,324.00,1,1,0
40771,3.284,98.80,324.00,1,1,0
40774,3.288,98.60,324.00,1,1,0
40776,3.284,99.00,326.00,1,1,0
40779,3.288,98.80,324.00,1,1,0
40781,3.284,99.30,326.00,1,1,0
40784,3.284,98.90,326.00,1,1,0
40786,3.284,99.10,326.00,1,1,0
40789,3.284,99.10,326.00,1,1,0
40791,3.284,99.20,326.00,1,1,0
40794,3.284,98.40,323.00,1,0,1
40796,3.284,94.10,310.00,1,0,1
40799,3.284,98.60,324.00,1,1,0
40801,3.280,131.80,308.00,1,1,0
40814,3.284,99.00,324.00,1,1,0
40816,3.284,98.90,324.00,1,1,0
40819,3.284,99.70,328.00,1,1,0
40821,3.280,98.90,326.00,1,1,0
40824,3.284,99.20,326.00,1,1,0
40826,3.284,98.50,323.00,1,1,0
40828,3.284,99.70,324.00,1,1,0
40831,3.284,98.40,323.00,1,1,0
40833,3.284,98.80,324.00,1,1,0
40836,3.284,98.50,328.00,1,1,0
40838,3.284,99.20,326.00,1,1,0
40841,3.284,90.40,297.00,1,1,0
40843,3.284,98.40,323.00,1,1,0
40846,3.284,99.10,324.00,1,1,0
40858,3.284,98.70,324.00,1,1,0
40861,3.284,99.20,326.00,1,1,0
40863,3.284,98.40,323.00,1,1,0
40866,3.288,99.40,324.00,1,1,0
40868,3.284,99.20,326.00,1,1,0
40871,3.284,98.40,323.00,1,1,0
40873,3.284,98.40,323.00,1,1,0
40876,3.284,98.70,324.00,1,1,0
40878,3.284,98.60,324.00,1,1,0
40881,3.284,99.30,326.00,1,1,0
40883,3.284,99.10,326.00,1,1,0
40886,3.284,99.60,328.00,1,1,0
40888,3.284,98.70,323.00,1,1,0
40891,3.284,98.50,323.00,1,1,0
40903,3.284,98.50,328.00,1,0,1
40906,3.288,99.00,324.00,1,0,1
40908,3.284,98.90,324.00,1,0,1
40911,3.284,106.80,308.00,1,1,0
40913,3.280,99.00,324.00,1,1,0
40916,3.284,98.70,324.00,1,1,0
40918,3.284,99.20,324.00,1,1,0
40921,3.284,99.80,328.00,1,1,0
40923,3.284,98.50,323.00,1,1,0
40925,3.284,98.70,324.00,1,1,0
40928,3.284,98.90,324.00,1,1,0
40930,3.284,98.80,324.00,1,1,0
40933,3.284,98.90,326.00,1,1,0
40935,3.284,98.60,324.00,1,1,0
40948,3.288,100.40,326.00,1,1,0
40951,3.284,98.70,324.00,1,1,0
40953,3.284,98.70,324.00,1,1,0
40955,3.284,99.50,328.00,1,1,0
40958,3.284,98.80,324.00,1,1,0
40960,3.284,106.00,347.00,1,0,1
40963,3.280,99.00,324.00,1,0,1
40965,3.284,131.70,433.00,1,1,0
40968,3.284,99.00,324.00,1,1,0
40970,3.288,100.80,324.00,1,1,0
40973,3.284,98.50,323.00,1,1,0
40975,3.284,98.50,323.00,1,1,0
40978,3.284,99.00,324.00,1,1,0
40990,3.288,98.40,323.00,1,1,0
40993,3.284,99.00,326.00,1,1,0
40995,3.288,99.00,324.00,1,1,0
40998,3.284,98.70,324.00,1,1,0
41000,3.284,95.80,308.00,1,1,0
41003,3.284,98.60,324.00,1,1,0
41005,3.284,98.70,324.00,1,1,0
41008,3.280,98.90,324.00,1,1,0
41010,3.284,98.70,324.00,1,1,0
41013,3.284,99.40,326.00,1,1,0
41015,3.284,100.30,326.00,1,0,1
41018,3.284,98.60,324.00,1,0,1
41020,3.284,99.70,328.00,1,0,1
41023,3.284,92.10,206.00,1,0,1
41035,3.284,98.60,324.00,1,1,0
41038,3.284,98.30,323.00,1,1,0
41040,3.284,99.30,326.00,1,1,0
41043,3.284,99.30,326.00,1,1,0
41045,3.284,90.30,297.00,1,1,0
41048,3.284,98.80,324.00,1,1,0
41050,3.284,98.90,324.00,1,1,0
41052,3.284,98.40,323.00,1,1,0
41055,3.284,98.40,323.00,1,1,0
41057,3.284,99.70,328.00,1,1,0
41060,3.288,101.80,323.00,1,1,0
41062,3.284,100.40,329.00,1,1,0
41065,3.284,99.10,326.00,1,1,0
41067,3.288,98.90,324.00,1,1,0
41080,3.288,98.80,323.00,1,1,0
41082,3.272,96.80,318.00,1,1,0
41085,3.284,100.20,329.00,1,1,0
41087,3.284,98.80,324.00,1,1,0
41090,3.288,99.00,324.00,1,1,0
41092,3.284,98.90,324.00,1,1,0
41095,3.284,98.80,324.00,1,1,0
41097,3.288,98.40,323.00,1,1,0
41100,3.284,98.90,324.00,1,1,0
41102,3.284,93.60,311.00,1,1,0
41105,3.284,98.40,324.00,1,1,0
41107,3.284,98.70,324.00,1,1,0
41110,3.288,99.00,324.00,1,1,0
41112,3.284,98.70,324.00,1,1,0
41125,3.288,100.00,326.00,1,1,0
41127,3.284,98.60,324.00,1,1,0
41130,3.284,98.60,324.00,1,0,1
41132,3.276,98.70,426.00,1,0,1
41135,3.280,98.50,323.00,1,1,0
41137,3.252,94.40,310.00,1,1,0
41140,3.284,98.70,326.00,1,1,0
41142,3.284,99.50,326.00,1,1,0
41145,3.288,100.20,329.00,1,1,0
41147,3.284,90.40,297.00,1,1,0
41150,3.284,98.40,323.00,1,1,0
41152,3.288,99.60,328.00,1,1,0
41154,3.284,98.80,324.00,1,1,0
41157,3.284,98.80,324.00,1,1,0
41170,3.284,99.00,324.00,1,1,0
41172,3.284,99.70,328.00,1,1,0
41175,3.284,98.80,324.00,1,1,0
41177,3.284,99.60,324.00,1,1,0
41179,3.284,98.90,324.00,1,1,0
41182,3.284,98.80,324.00,1,1,0
41184,3.284,98.50,324.00,1,0,1
41187,3.284,99.00,324.00,1,0,1
41189,3.284,98.80,324.00,1,1,0
41192,3.284,103.00,419.00,1,1,0
41194,3.280,99.70,328.00,1,1,0
41197,3.284,98.40,323.00,1,1,0
41199,3.280,98.20,324.00,1,1,0
41202,3.284,98.80,324.00,1,1,0
41214,3.284,98.40,323.00,1,1,0
41217,3.284,98.60,323.00,1,1,0
41219,3.284,98.90,324.00,1,1,0
41222,3.284,98.60,328.00,1,1,0
41224,3.284,99.00,324.00,1,1,0
41227,3.284,99.00,324.00,1,1,0
41229,3.284,98.80,324.00,1,1,0
41232,3.284,99.20,326.00,1,1,0
41234,3.284,99.30,326.00,1,1,0
41237,3.284,98.40,324.00,1,1,0
41239,3.284,98.50,323.00,1,1,0
41242,3.284,98.60,323.00,1,0,1
41244,3.284,99.20,426.00,1,0,1
41247,3.284,100.00,326.00,1,1,0
41259,3.284,99.60,324.00,1,1,0
41262,3.284,99.10,326.00,1,1,0
41264,3.284,99.30,326.00,1,1,0
41267,3.284,98.90,324.00,1,1,0
41269,3.288,98.80,324.00,1,1,0
41272,3.284,99.40,326.00,1,1,0
41274,3.284,98.70,326.00,1,1,0
41276,3.284,98.60,324.00,1,1,0
41279,3.284,99.60,328.00,1,1,0
41281,3.284,98.40,324.00,1,1,0
41284,3.284,98.90,324.00,1,1,0
41286,3.284,98.70,324.00,1,1,0
41289,3.284,97.60,326.00,1,1,0
41291,3.284,99.10,326.00,1,1,0
41304,3.264,99.30,326.00,1,1,0
41306,3.284,94.10,310.00,1,1,0
41309,3.284,98.60,324.00,1,1,0
41311,3.284,98.80,326.00,1,1,0
41314,3.284,99.20,326.00,1,1,0
41316,3.284,99.00,324.00,1,1,0
41319,3.284,98.50,324.00,1,1,0
41321,3.284,98.50,323.00,1,1,0
41324,3.284,98.50,323.00,1,1,0
41326,3.284,98.50,324.00,1,1,0
41329,3.284,98.70,324.00,1,1,0
41331,3.284,98.70,324.00,1,1,0
41334,3.284,99.10,323.00,1,1,0
41336,3.284,99.70,328.00,1,1,0
41349,3.284,98.90,324.00,1,1,0
41351,3.284,91.90,301.00,1,0,1
41354,3.284,90.30,424.00,1,0,1
41356,3.284,99.50,326.00,1,1,0
41359,3.264,124.20,408.00,1,1,0
41361,3.280,98.90,326.00,1,1,0
41364,3.284,98.90,324.00,1,1,0
41366,3.284,100.90,331.00,1,1,0
41369,3.284,98.80,324.00,1,1,0
41371,3.284,98.30,324.00,1,1,0
41374,3.284,99.10,326.00,1,1,0
41376,3.284,99.70,328.00,1,1,0
41378,3.284,102.80,324.00,1,1,0
41381,3.284,99.30,326.00,1,1,0
41394,3.284,99.00,324.00,1,1,0
41396,3.284,99.30,326.00,1,1,0
41399,3.284,98.60,324.00,1,1,0
41401,3.284,98.50,323.00,1,1,0
41403,3.280,98.50,323.00,1,1,0
41406,3.284,98.60,323.00,1,1,0
41408,3.284,98.60,324.00,1,0,1
41411,3.284,129.90,426.00,1,0,1
41413,3.284,101.20,446.00,1,1,0
41416,3.280,93.90,326.00,1,1,0
41418,3.284,98.40,323.00,1,1,0
41421,3.284,98.40,323.00,1,1,0
41423,3.284,98.30,324.00,1,1,0
41426,3.284,98.80,324.00,1,1,0
41438,3.284,98.60,324.00,1,1,0
41441,3.284,97.20,319.00,1,1,0
41443,3.284,98.00,326.00,1,1,0
41446,3.284,98.60,324.00,1,1,0
41448,3.284,99.10,326.00,1,1,0
41451,3.284,98.50,326.00,1,1,0
41453,3.284,93.10,306.00,1,1,0
41456,3.284,90.40,297.00,1,1,0
41458,3.284,98.90,326.00,1,1,0
41461,3.284,99.30,326.00,1,1,0
41463,3.284,98.60,324.00,1,0,1
41466,3.284,98.80,428.00,1,0,1
41468,3.284,98.70,324.00,1,1,0
41470,3.280,94.50,310.00,1,1,0
41483,3.288,99.10,326.00,1,1,0
41486,3.284,98.60,324.00,1,1,0
41488,3.284,98.60,324.00,1,1,0
41491,3.288,98.80,324.00,1,1,0
41493,3.284,99.50,328.00,1,1,0
41496,3.288,99.30,324.00,1,1,0
41498,3.284,98.80,324.00,1,1,0
41500,3.268,102.80,338.00,1,1,0
41503,3.288,98.40,324.00,1,1,0
41505,3.284,98.50,323.00,1,1,0
41508,3.284,99.20,326.00,1,1,0
41510,3.284,98.70,318.00,1,1,0
41513,3.280,98.60,324.00,1,1,0
41515,3.288,98.80,324.00,1,1,0
41528,3.284,99.10,326.00,1,1,0
41530,3.284,98.40,323.00,1,1,0
41533,3.284,98.60,323.00,1,1,0
41535,3.284,98.60,324.00,1,1,0
41538,3.284,98.90,324.00,1,1,0
41540,3.284,99.50,326.00,1,1,0
41543,3.288,102.00,334.00,1,1,0
41545,3.284,98.70,324.00,1,1,0
41548,3.284,98.90,324.00,1,1,0
41550,3.284,99.50,326.00,1,1,0
41553,3.284,98.30,323.00,1,1,0
41555,3.284,99.30,326.00,1,1,0
41558,3.284,90.20,297.00,1,1,0
41560,3.284,98.90,324.00,1,1,0
41573,3.284,99.20,326.00,1,0,1
41575,3.280,99.10,326.00,1,0,1
41578,3.284,99.20,326.00,1,1,0
41580,3.284,93.90,308.00,1,1,0
41583,3.288,99.60,328.00,1,1,0
41585,3.288,99.70,324.00,1,1,0
41588,3.284,98.90,324.00,1,1,0
41590,3.288,99.00,324.00,1,1,0
41593,3.284,99.20,324.00,1,1,0
41595,3.284,98.60,324.00,1,1,0
41597,3.288,98.60,324.00,1,1,0
41600,3.284,98.70,323.00,1,1,0
41602,3.284,98.90,324.00,1,1,0
41605,3.284,99.90,328.00,1,1,0
41618,3.284,101.90,334.00,1,1,0
41620,3.284,98.70,331.00,1,1,0
41623,3.284,98.90,324.00,1,1,0
41625,3.284,98.80,324.00,1,1,0
41627,3.284,99.50,326.00,1,0,1
41630,3.284,106.50,321.00,1,0,1
41632,3.260,98.60,324.00,1,1,0
41635,3.276,130.90,429.00,1,1,0
41637,3.276,98.70,324.00,1,1,0
41640,3.284,99.30,326.00,1,1,0
41642,3.284,98.70,324.00,1,1,0
41645,3.284,98.90,324.00,1,1,0
41647,3.284,98.60,324.00,1,1,0
41650,3.284,99.00,324.00,1,1,0
41662,3.284,99.10,326.00,1,1,0
41665,3.284,98.70,324.00,1,1,0
41667,3.284,99.50,326.00,1,1,0
41670,3.284,99.10,326.00,1,1,0
41672,3.284,104.90,336.00,1,1,0
41675,3.284,99.00,324.00,1,1,0
41677,3.284,98.90,324.00,1,1,0
41680,3.284,99.30,326.00,1,1,0
41682,3.284,98.50,326.00,1,1,0
41685,3.284,99.00,324.00,1,0,1
41687,3.284,126.20,415.00,1,0,1
41690,3.284,100.90,439.00,1,1,0
41692,3.276,97.90,321.00,1,1,0
41694,3.284,98.60,324.00,1,1,0
41707,3.284,98.60,323.00,1,1,0
41710,3.284,100.20,326.00,1,1,0
41712,3.284,98.60,324.00,1,1,0
41715,3.284,98.70,324.00,1,1,0
41717,3.284,93.60,378.00,1,1,0
41720,3.284,100.50,329.00,1,1,0
41722,3.284,98.70,324.00,1,1,0
41724,3.288,98.50,323.00,1,1,0
41727,3.284,98.40,323.00,1,1,0
41729,3.284,99.00,324.00,1,1,0
41732,3.288,99.00,324.00,1,1,0
41734,3.284,98.70,324.00,1,1,0
41737,3.284,98.90,324.00,1,1,0
41739,3.284,99.00,324.00,1,0,1
41752,3.284,98.60,324.00,1,1,0
41754,3.284,98.50,324.00,1,1,0
41757,3.284,99.30,326.00,1,1,0
41759,3.284,99.30,326.00,1,1,0
41762,3.284,90.40,297.00,1,1,0
41764,3.280,98.60,324.00,1,1,0
41767,3.284,99.30,326.00,1,1,0
41769,3.284,98.50,324.00,1,1,0
41772,3.284,98.80,324.00,1,1,0
41774,3.284,99.40,326.00,1,1,0
41777,3.284,100.90,324.00,1,1,0
41779,3.284,98.70,324.00,1,1,0
41782,3.284,98.90,324.00,1,1,0
41784,3.284,99.00,324.00,1,1,0
41797,3.284,99.10,326.00,1,0,1
41799,3.284,99.70,323.00,1,1,0
41802,3.260,98.40,323.00,1,1,0
41804,3.284,98.90,324.00,1,1,0
41807,3.284,98.70,324.00,1,1,0
41809,3.284,98.50,323.00,1,1,0
41812,3.284,99.60,328.00,1,1,0
41814,3.284,98.80,324.00,1,1,0
41817,3.288,99.10,326.00,1,1,0
41819,3.284,94.60,311.00,1,1,0
41821,3.284,98.50,323.00,1,1,0
41824,3.284,98.70,324.00,1,1,0
41826,3.284,99.10,326.00,1,1,0
41829,3.284,99.60,328.00,1,1,0
41842,3.288,98.90,324.00,1,1,0
41844,3.288,99.30,324.00,1,1,0
41846,3.284,98.70,324.00,1,1,0
41849,3.284,98.40,323.00,1,0,1
41851,3.276,97.20,431.00,1,0,1
41854,3.280,98.80,324.00,1,1,0
41856,3.208,161.90,529.00,1,1,0
41859,3.280,100.00,328.00,1,1,0
41861,3.280,99.10,326.00,1,1,0
41864,3.284,91.70,301.00,1,1,0
41866,3.284,97.20,324.00,1,1,0
41869,3.288,99.00,324.00,1,1,0
41871,3.284,98.60,324.00,1,1,0
41874,3.284,99.30,324.00,1,1,0
41886,3.284,98.90,324.00,1,1,0
41889,3.284,99.00,329.00,1,1,0
41891,3.284,99.10,326.00,1,1,0
41894,3.284,98.60,324.00,1,1,0
41896,3.284,98.80,324.00,1,1,0
41899,3.284,98.60,324.00,1,1,0
41901,3.284,98.50,323.00,1,1,0
41904,3.284,98.70,324.00,1,0,1
41906,3.284,100.20,329.00,1,0,1
41909,3.280,118.70,390.00,1,1,0
41911,3.276,133.10,313.00,1,1,0
41914,3.284,99.70,328.00,1,1,0
41916,3.284,98.80,324.00,1,1,0
41918,3.284,98.50,329.00,1,1,0
41931,3.284,98.60,324.00,1,1,0
41934,3.284,98.50,323.00,1,1,0
41936,3.284,99.90,328.00,1,1,0
41939,3.284,98.70,324.00,1,1,0
41941,3.284,99.40,324.00,1,1,0
41943,3.284,99.40,326.00,1,1,0
41946,3.276,101.40,333.00,1,1,0
41948,3.284,99.60,326.00,1,1,0
41951,3.284,98.80,324.00,1,1,0
41953,3.284,98.50,323.00,1,1,0
41956,3.284,99.10,324.00,1,1,0
41958,3.284,100.00,329.00,1,0,1
41961,3.276,100.10,329.00,1,0,1
41973,3.284,99.20,326.00,1,1,0
41976,3.284,98.90,324.00,1,1,0
41978,3.284,99.30,326.00,1,1,0
41981,3.284,99.00,324.00,1,1,0
41983,3.284,99.30,326.00,1,1,0
41986,3.284,98.40,326.00,1,1,0
41988,3.284,99.10,326.00,1,1,0
41991,3.284,98.50,323.00,1,1,0
41993,3.284,99.30,324.00,1,1,0
41996,3.284,98.80,324.00,1,1,0
41998,3.284,98.40,323.00,1,1,0
42001,3.284,98.50,323.00,1,1,0
42003,3.280,98.80,324.00,1,1,0
42006,3.284,99.30,326.00,1,1,0
42018,3.284,98.70,324.00,1,0,1
42021,3.284,132.80,428.00,1,1,0
42023,3.276,97.10,318.00,1,1,0
42026,3.280,100.90,331.00,1,1,0
42028,3.284,98.70,324.00,1,1,0
42031,3.284,98.80,324.00,1,1,0
42033,3.284,98.40,323.00,1,1,0
42036,3.284,98.70,324.00,1,1,0
42038,3.284,98.40,324.00,1,1,0
42040,3.284,97.70,321.00,1,1,0
42043,3.284,98.70,324.00,1,1,0
42045,3.284,98.50,318.00,1,1,0
42048,3.284,98.70,324.00,1,1,0
42050,3.284,98.80,324.00,1,1,0
42063,3.284,98.60,324.00,1,1,0
42065,3.284,99.20,328.00,1,1,0
42068,3.288,91.50,300.00,1,1,0
42070,3.284,94.10,308.00,1,0,1
42073,3.284,99.10,324.00,1,0,1
42075,3.284,98.80,323.00,1,1,0
42078,3.284,97.70,321.00,1,1,0
42080,3.284,98.60,324.00,1,1,0
42083,3.284,99.00,324.00,1,1,0
42085,3.284,99.50,326.00,1,1,0
42088,3.284,99.00,324.00,1,1,0
42090,3.288,99.00,324.00,1,1,0
42093,3.284,98.50,324.00,1,1,0
42095,3.288,99.10,326.00,1,1,0
42108,3.284,98.90,324.00,1,1,0
42110,3.284,98.90,324.00,1,1,0
42113,3.284,98.80,324.00,1,1,0
42115,3.284,98.60,324.00,1,1,0
42118,3.284,98.70,329.00,1,1,0
42120,3.284,98.70,324.00,1,1,0
42123,3.284,98.60,324.00,1,1,0
42125,3.284,102.40,306.00,1,0,1
42128,3.272,130.60,429.00,1,0,1
42130,3.284,98.60,324.00,1,1,0
42133,3.256,93.80,329.00,1,1,0
42135,3.284,99.20,326.00,1,1,0
42137,3.284,99.20,326.00,1,1,0
42140,3.284,98.50,323.00,1,1,0
42153,3.284,99.00,324.00,1,1,0
42155,3.284,98.50,328.00,1,1,0
42158,3.284,98.80,324.00,1,1,0
42160,3.284,99.20,326.00,1,1,0
42162,3.284,98.50,324.00,1,1,0
42165,3.288,99.80,328.00,1,1,0
42167,3.284,98.90,324.00,1,1,0
42170,3.288,99.30,297.00,1,1,0
42172,3.284,91.00,298.00,1,1,0
42175,3.284,98.80,324.00,1,1,0
42177,3.288,99.80,324.00,1,1,0
42180,3.284,99.10,326.00,1,0,1
42182,3.288,99.70,326.00,1,0,1
42185,3.284,99.20,326.00,1,1,0
42197,3.288,99.30,326.00,1,1,0
42200,3.284,99.00,326.00,1,1,0
42202,3.284,98.80,324.00,1,1,0
42205,3.284,98.30,323.00,1,1,0
42207,3.284,98.50,323.00,1,1,0
42210,3.284,99.00,324.00,1,1,0
42212,3.284,99.10,326.00,1,1,0
42215,3.284,99.00,324.00,1,1,0
42217,3.284,98.80,324.00,1,1,0
42220,3.284,98.50,323.00,1,1,0
42222,3.288,99.00,323.00,1,1,0
42225,3.284,98.70,324.00,1,1,0
42227,3.284,100.40,329.00,1,1,0
42230,3.284,94.50,329.00,1,1,0
42242,3.284,99.90,326.00,1,1,0
42245,3.280,99.90,328.00,1,1,0
42247,3.284,98.70,324.00,1,1,0
42250,3.284,98.50,323.00,1,1,0
42252,3.284,98.80,324.00,1,1,0
42255,3.284,98.60,324.00,1,1,0
42257,3.284,98.60,324.00,1,1,0
42259,3.284,98.60,324.00,1,1,0
42262,3.284,99.50,326.00,1,1,0
42264,3.284,99.60,328.00,1,1,0
42267,3.284,99.50,323.00,1,1,0
42269,3.284,102.90,338.00,1,1,0
42272,3.284,99.30,326.00,1,1,0
42274,3.284,90.40,297.00,1,1,0
42287,3.284,99.00,326.00,1,1,0
42289,3.284,98.60,324.00,1,1,0
42292,3.284,104.10,341.00,1,0,1
42294,3.284,102.10,336.00,1,0,1
42297,3.268,100.20,362.00,1,1,0
42299,3.260,99.80,328.00,1,1,0
42302,3.280,99.00,324.00,1,1,0
42304,3.284,99.00,323.00,1,1,0
42307,3.284,98.70,324.00,1,1,0
42309,3.284,98.80,324.00,1,1,0
42312,3.284,99.20,326.00,1,1,0
42314,3.288,99.30,326.00,1,1,0
42317,3.284,98.90,324.00,1,1,0
42319,3.284,99.10,328.00,1,1,0
42332,3.284,93.80,324.00,1,1,0
42334,3.284,98.70,324.00,1,1,0
42337,3.284,101.70,334.00,1,1,0
42339,3.284,99.30,326.00,1,1,0
42342,3.284,99.80,328.00,1,1,0
42344,3.284,99.80,328.00,1,1,0
42347,3.284,98.70,344.00,1,0,1
42349,3.284,98.50,424.00,1,0,1
42352,3.284,98.40,323.00,1,1,0
42354,3.256,93.70,308.00,1,1,0
42357,3.284,98.80,324.00,1,1,0
42359,3.284,98.80,324.00,1,1,0
42361,3.284,98.90,324.00,1,1,0
42364,3.284,98.90,324.00,1,1,0
42377,3.284,90.40,297.00,1,1,0
42379,3.284,99.10,326.00,1,1,0
42382,3.284,99.30,326.00,1,1,0
42384,3.284,99.10,324.00,1,1,0
42386,3.284,100.10,329.00,1,1,0
42389,3.284,98.70,324.00,1,1,0
42391,3.284,99.10,326.00,1,1,0
42394,3.284,101.50,334.00,1,1,0
42396,3.288,99.20,326.00,1,1,0
42399,3.284,99.10,326.00,1,1,0
42401,3.284,99.00,334.00,1,0,1
42404,3.288,99.70,328.00,1,0,1
42406,3.264,99.20,326.00,1,0,1
42409,3.284,104.40,308.00,1,1,0
42421,3.284,99.50,328.00,1,1,0
42424,3.284,99.40,326.00,1,1,0
42426,3.284,99.00,324.00,1,1,0
42429,3.284,98.80,326.00,1,1,0
42431,3.288,98.50,323.00,1,1,0
42434,3.284,94.40,310.00,1,1,0
42436,3.284,98.90,324.00,1,1,0
42439,3.284,99.00,324.00,1,1,0
42441,3.284,99.40,326.00,1,1,0
42444,3.284,98.90,324.00,1,1,0
42446,3.284,99.00,324.00,1,1,0
42449,3.284,98.50,323.00,1,1,0
42451,3.284,98.30,324.00,1,1,0
42453,3.288,98.70,324.00,1,1,0
42466,3.280,93.70,323.00,1,1,0
42469,3.284,99.00,324.00,1,1,0
42471,3.284,98.80,324.00,1,1,0
42474,3.284,99.90,336.00,1,1,0
42476,3.280,99.60,328.00,1,1,0
42479,3.280,91.70,301.00,1,1,0
42481,3.284,98.80,324.00,1,1,0
42483,3.284,99.40,326.00,1,1,0
42486,3.284,98.90,324.00,1,1,0
42488,3.284,102.60,336.00,1,1,0
42491,3.280,99.10,326.00,1,1,0
42493,3.284,100.00,328.00,1,1,0
42496,3.284,98.90,324.00,1,1,0
42498,3.284,99.20,326.00,1,1,0
42511,3.280,99.10,323.00,1,1,0
42513,3.284,98.90,324.00,1,0,1
42516,3.288,98.80,323.00,1,0,1
42518,3.284,98.90,329.00,1,1,0
42521,3.264,118.60,390.00,1,1,0
42523,3.284,99.20,326.00,1,1,0
42526,3.288,99.50,326.00,1,1,0
42528,3.284,101.00,331.00,1,1,0
42531,3.284,98.60,324.00,1,1,0
42533,3.284,99.00,326.00,1,1,0
42536,3.280,93.90,308.00,1,1,0
42538,3.284,99.10,326.00,1,1,0
42541,3.284,99.40,326.00,1,1,0
42543,3.284,99.20,326.00,1,1,0
42560,3.284,98.80,324.00,1,1,0
42563,3.284,99.00,324.00,1,1,0
42565,3.284,94.40,323.00,1,1,0
42568,3.280,98.90,324.00,1,0,1
42570,3.280,98.60,324.00,1,0,1
42573,3.284,99.80,324.00,1,1,0
42575,3.284,116.70,382.00,1,1,0
42578,3.284,100.30,329.00,1,1,0
42580,3.284,99.10,300.00,1,1,0
42582,3.280,120.50,395.00,1,1,0
42585,3.280,97.10,319.00,1,1,0
42587,3.284,100.00,328.00,1,1,0
42590,3.280,98.90,326.00,1,1,0
42602,3.284,99.30,324.00,1,1,0
42605,3.288,98.70,324.00,1,1,0
42607,3.284,99.00,324.00,1,1,0
42610,3.284,99.60,324.00,1,1,0
42612,3.288,99.10,326.00,1,1,0
42615,3.284,98.60,324.00,1,1,0
42617,3.284,99.10,324.00,1,1,0
42620,3.284,98.80,324.00,1,1,0
42622,3.288,101.40,333.00,1,1,0
42625,3.284,98.70,336.00,1,0,1
42627,3.284,98.40,323.00,1,0,1
42630,3.284,98.80,323.00,1,1,0
42632,3.280,98.80,324.00,1,1,0
42635,3.284,98.60,324.00,1,1,0
42647,3.284,98.80,323.00,1,1,0
42650,3.284,98.70,324.00,1,1,0
42652,3.284,98.70,324.00,1,1,0
42655,3.284,99.50,324.00,1,1,0
42657,3.284,98.50,323.00,1,1,0
42660,3.284,98.80,324.00,1,1,0
42662,3.284,99.10,324.00,1,1,0
42665,3.284,99.20,326.00,1,1,0
42667,3.284,100.30,329.00,1,1,0
42670,3.284,98.70,323.00,1,1,0
42672,3.284,98.80,324.00,1,1,0
42674,3.284,98.50,323.00,1,1,0
42677,3.284,99.20,326.00,1,1,0
42679,3.284,99.10,324.00,1,0,1
42692,3.280,99.00,324.00,1,1,0
42695,3.280,99.20,326.00,1,1,0
42697,3.284,101.40,333.00,1,1,0
42699,3.284,102.00,324.00,1,1,0
42702,3.284,98.70,324.00,1,1,0
42704,3.284,99.30,326.00,1,1,0
42707,3.284,98.40,324.00,1,1,0
42709,3.288,99.10,326.00,1,1,0
42712,3.284,99.50,326.00,1,1,0
42714,3.284,98.50,324.00,1,1,0
42717,3.284,98.50,323.00,1,1,0
42719,3.284,98.60,324.00,1,1,0
42722,3.284,98.40,324.00,1,1,0
42724,3.284,98.70,324.00,1,1,0
42737,3.284,98.70,323.00,1,0,1
42739,3.264,101.70,334.00,1,1,0
42742,3.276,101.00,329.00,1,1,0
42744,3.284,94.20,308.00,1,1,0
42747,3.280,99.50,326.00,1,1,0
42749,3.284,98.60,324.00,1,1,0
42752,3.284,98.50,326.00,1,1,0
42754,3.284,98.30,323.00,1,1,0
42757,3.284,98.90,324.00,1,1,0
42759,3.284,98.90,324.00,1,1,0
42762,3.284,98.80,324.00,1,1,0
42764,3.284,99.00,324.00,1,1,0
42767,3.284,98.50,323.00,1,1,0
42769,3.284,98.40,323.00,1,1,0
42782,3.284,99.60,328.00,1,1,0
42784,3.284,99.30,326.00,1,1,0
42787,3.284,90.30,316.00,1,1,0
42789,3.288,99.60,324.00,1,1,0
42792,3.288,103.50,339.00,1,0,1
42794,3.284,99.20,326.00,1,0,1
42797,3.264,101.10,321.00,1,1,0
42799,3.284,99.10,326.00,1,1,0
42801,3.284,98.60,324.00,1,1,0
42804,3.288,98.50,326.00,1,1,0
42806,3.284,99.40,326.00,1,1,0
42809,3.284,99.40,326.00,1,1,0
42811,3.288,99.50,326.00,1,1,0
42814,3.284,98.60,324.00,1,1,0
42826,3.284,99.00,324.00,1,1,0
42829,3.284,99.90,328.00,1,1,0
42831,3.288,98.80,324.00,1,1,0
42834,3.284,98.40,323.00,1,1,0
42836,3.284,98.50,323.00,1,1,0
42839,3.284,98.90,326.00,1,1,0
42841,3.288,99.40,331.00,1,1,0
42844,3.280,114.50,377.00,1,1,0
42846,3.284,104.30,342.00,1,0,1
42849,3.284,135.00,324.00,1,0,1
42851,3.284,112.50,367.00,1,1,0
42854,3.276,118.70,390.00,1,1,0
42856,3.284,98.80,331.00,1,1,0
42869,3.284,98.50,323.00,1,1,0
42871,3.284,98.50,323.00,1,1,0
42874,3.284,98.60,324.00,1,1,0
42876,3.284,99.20,328.00,1,1,0
42879,3.284,98.50,323.00,1,1,0
42881,3.284,98.70,324.00,1,1,0
42884,3.284,99.00,324.00,1,1,0
42886,3.284,99.90,328.00,1,1,0
42889,3.284,91.80,301.00,1,1,0
42891,3.288,98.90,324.00,1,1,0
42894,3.288,102.60,336.00,1,1,0
42896,3.280,98.90,324.00,1,1,0
42899,3.284,98.90,324.00,1,1,0
42901,3.284,104.80,344.00,1,0,1
42914,3.284,99.50,326.00,1,1,0
42916,3.284,98.90,324.00,1,1,0
42919,3.284,99.50,326.00,1,1,0
42921,3.284,98.80,324.00,1,1,0
42924,3.284,99.10,326.00,1,1,0
42926,3.284,98.60,324.00,1,1,0
42928,3.284,99.10,324.00,1,1,0
42931,3.288,98.70,324.00,1,1,0
42933,3.284,98.80,324.00,1,1,0
42936,3.288,98.50,326.00,1,1,0
42938,3.288,99.70,328.00,1,1,0
42941,3.284,99.00,324.00,1,1,0
42943,3.284,98.70,341.00,1,1,0
42946,3.284,93.90,308.00,1,1,0
42958,3.284,98.50,324.00,1,0,1
42961,3.284,100.90,328.00,1,1,0
42963,3.284,97.60,321.00,1,1,0
42966,3.284,99.80,324.00,1,1,0
42968,3.284,100.50,329.00,1,1,0
42971,3.284,98.40,323.00,1,1,0
42973,3.280,98.70,324.00,1,1,0
42976,3.284,98.60,324.00,1,1,0
42978,3.284,98.50,324.00,1,1,0
42981,3.284,98.60,324.00,1,1,0
42983,3.284,98.80,324.00,1,1,0
42986,3.284,99.30,326.00,1,1,0
42988,3.288,99.00,326.00,1,1,0
42991,3.288,91.80,301.00,1,1,0
43003,3.288,98.80,324.00,1,1,0
43006,3.284,99.20,326.00,1,1,0
43008,3.284,98.80,324.00,1,1,0
43011,3.288,99.20,351.00,1,0,1
43013,3.284,131.00,429.00,1,0,1
43016,3.284,98.80,324.00,1,1,0
43018,3.280,98.50,313.00,1,1,0
43021,3.280,98.50,323.00,1,1,0
43023,3.284,98.70,324.00,1,1,0
43025,3.284,98.50,324.00,1,1,0
43028,3.288,98.60,324.00,1,1,0
43030,3.284,99.10,326.00,1,1,0
43033,3.284,98.90,324.00,1,1,0
43035,3.284,98.80,324.00,1,1,0
43048,3.284,94.30,310.00,1,1,0
43050,3.284,99.20,326.00,1,1,0
43053,3.288,100.50,329.00,1,1,0
43055,3.284,102.10,324.00,1,1,0
43058,3.284,98.70,324.00,1,1,0
43060,3.288,98.80,324.00,1,1,0
43063,3.284,98.40,324.00,1,1,0
43065,3.284,98.60,323.00,1,0,1
43068,3.284,98.90,324.00,1,0,1
43070,3.284,129.60,323.00,1,0,1
43073,3.284,98.60,324.00,1,0,1
43075,3.284,62.80,208.00,1,1,0
43078,3.260,94.10,324.00,1,1,0
43080,3.288,98.50,323.00,1,1,0
43093,3.284,91.90,301.00,1,1,0
43095,3.284,98.70,324.00,1,1,0
43098,3.284,99.30,326.00,1,1,0
43100,3.284,98.90,324.00,1,1,0
43103,3.284,99.10,326.00,1,1,0
43105,3.288,98.80,326.00,1,1,0
43108,3.284,99.10,323.00,1,1,0
43110,3.284,99.00,324.00,1,1,0
43113,3.284,98.90,324.00,1,1,0
43115,3.284,99.00,324.00,1,1,0
43118,3.284,99.10,326.00,1,1,0
43120,3.284,98.50,323.00,1,1,0
43122,3.284,99.20,323.00,1,1,0
43125,3.284,98.50,323.00,1,0,1
43138,3.284,99.00,324.00,1,1,0
43140,3.284,98.50,324.00,1,1,0
43143,3.284,99.10,324.00,1,1,0
43145,3.288,102.10,336.00,1,1,0
43147,3.284,98.50,324.00,1,1,0
43150,3.280,94.40,308.00,1,1,0
43152,3.284,98.50,323.00,1,1,0
43155,3.284,97.20,318.00,1,1,0
43157,3.284,99.00,324.00,1,1,0
43160,3.288,98.90,326.00,1,1,0
43162,3.288,98.90,324.00,1,1,0
43165,3.284,98.90,324.00,1,1,0
43167,3.284,98.60,324.00,1,1,0
43170,3.288,98.80,324.00,1,1,0
43182,3.284,98.50,323.00,1,0,1
43185,3.264,100.20,329.00,1,0,1
43187,3.284,99.90,323.00,1,1,0
43190,3.284,101.80,334.00,1,1,0
43192,3.288,99.70,328.00,1,1,0
43195,3.288,94.20,301.00,1,1,0
43197,3.280,99.40,326.00,1,1,0
43200,3.280,101.50,333.00,1,1,0
43202,3.288,99.10,338.00,1,1,0
43205,3.280,98.50,323.00,1,1,0
43207,3.284,98.90,324.00,1,1,0
43210,3.276,99.50,324.00,1,1,0
43212,3.284,98.80,326.00,1,1,0
43215,3.284,98.60,324.00,1,1,0
43227,3.284,98.90,324.00,1,1,0
43230,3.284,98.70,324.00,1,1,0
43232,3.284,98.60,324.00,1,1,0
43235,3.284,98.80,324.00,1,1,0
43237,3.284,103.90,341.00,1,0,1
43240,3.288,131.80,324.00,1,0,1
43242,3.284,129.30,424.00,1,1,0
43244,3.276,99.00,324.00,1,1,0
43247,3.284,99.10,324.00,1,1,0
43249,3.284,98.80,324.00,1,1,0
43252,3.284,98.80,324.00,1,1,0
43254,3.284,96.00,326.00,1,1,0
43257,3.288,98.60,324.00,1,1,0
43259,3.284,99.70,328.00,1,1,0
43272,3.288,98.90,324.00,1,1,0
43274,3.288,98.90,324.00,1,1,0
43277,3.284,99.90,324.00,1,1,0
43279,3.284,98.50,323.00,1,1,0
43282,3.284,98.40,323.00,1,1,0
43284,3.284,98.50,324.00,1,1,0
43287,3.284,99.00,326.00,1,1,0
43289,3.288,98.90,324.00,1,1,0
43292,3.284,99.60,347.00,1,0,1
43294,3.284,100.30,329.00,1,0,1
43297,3.288,96.90,318.00,1,1,0
43299,3.272,90.30,400.00,1,1,0
43302,3.280,99.40,326.00,1,1,0
43304,3.276,99.20,326.00,1,1,0
43317,3.284,98.80,324.00,1,1,0
43319,3.284,99.10,326.00,1,1,0
43322,3.284,98.60,324.00,1,1,0
43324,3.284,99.20,326.00,1,1,0
43327,3.288,104.80,344.00,1,1,0
43329,3.288,98.40,323.00,1,1,0
43332,3.284,98.60,324.00,1,1,0
43334,3.288,98.80,324.00,1,1,0
43337,3.284,98.80,326.00,1,1,0
43339,3.288,99.40,326.00,1,1,0
43342,3.284,98.50,323.00,1,1,0
43344,3.284,98.80,324.00,1,1,0
43346,3.284,98.40,323.00,1,0,1
43349,3.276,98.80,324.00,1,0,1
43362,3.288,99.10,326.00,1,1,0
43364,3.284,99.10,326.00,1,1,0
43367,3.288,98.80,326.00,1,1,0
43369,3.288,98.90,324.00,1,1,0
43371,3.288,98.80,324.00,1,1,0
43374,3.284,98.70,326.00,1,1,0
43376,3.284,98.80,324.00,1,1,0
43379,3.284,98.60,324.00,1,1,0
43381,3.284,98.30,324.00,1,1,0
43384,3.284,99.10,326.00,1,1,0
43386,3.288,99.30,326.00,1,1,0
43389,3.284,99.00,326.00,1,1,0
43391,3.288,98.90,324.00,1,1,0
43394,3.284,99.30,326.00,1,1,0
43406,3.284,99.10,326.00,1,1,0
43409,3.268,133.30,308.00,1,1,0
43411,3.280,99.30,326.00,1,1,0
43414,3.288,99.40,326.00,1,1,0
43416,3.284,98.80,324.00,1,1,0
43419,3.288,99.60,324.00,1,1,0
43421,3.288,99.40,326.00,1,1,0
43424,3.284,98.50,323.00,1,1,0
43426,3.288,99.40,326.00,1,1,0
43429,3.284,99.10,326.00,1,1,0
43431,3.284,98.80,324.00,1,1,0
43434,3.288,98.70,324.00,1,1,0
43436,3.284,98.70,324.00,1,1,0
43439,3.284,98.70,324.00,1,1,0
43451,3.284,98.80,324.00,1,1,0
43454,3.288,98.80,324.00,1,1,0
43456,3.288,98.80,324.00,1,1,0
43459,3.276,97.60,321.00,1,0,1
43461,3.260,98.90,331.00,1,0,1
43464,3.288,103.90,341.00,1,1,0
43466,3.284,99.10,326.00,1,1,0
43468,3.284,99.10,326.00,1,1,0
43471,3.288,99.50,326.00,1,1,0
43473,3.284,99.60,328.00,1,1,0
43476,3.288,99.20,326.00,1,1,0
43478,3.288,98.90,324.00,1,1,0
43481,3.284,99.90,328.00,1,1,0
43483,3.284,98.40,323.00,1,1,0
43496,3.284,99.60,328.00,1,1,0
43498,3.288,101.20,328.00,1,1,0
43501,3.288,98.80,324.00,1,1,0
43503,3.284,91.80,301.00,1,1,0
43506,3.284,98.90,326.00,1,1,0
43508,3.284,99.20,326.00,1,1,0
43511,3.288,98.70,324.00,1,1,0
43513,3.284,101.80,324.00,1,0,1
43516,3.288,102.60,338.00,1,0,1
43518,3.284,137.40,447.00,1,1,0
43521,3.280,99.00,334.00,1,1,0
43523,3.288,99.10,329.00,1,1,0
43526,3.284,99.20,326.00,1,1,0
43538,3.288,98.60,324.00,1,1,0
43541,3.284,98.70,324.00,1,1,0
43543,3.288,99.70,326.00,1,1,0
43546,3.284,98.60,324.00,1,1,0
43548,3.284,99.10,326.00,1,1,0
43551,3.284,101.20,324.00,1,1,0
43553,3.284,98.70,324.00,1,1,0
43556,3.288,99.00,326.00,1,1,0
43558,3.284,98.80,329.00,1,1,0
43561,3.284,93.90,308.00,1,1,0
43563,3.284,99.90,328.00,1,1,0
43566,3.284,99.80,328.00,1,1,0
43568,3.284,106.50,349.00,1,0,1
43570,3.268,100.30,329.00,1,0,1
43583,3.288,98.70,324.00,1,1,0
43586,3.284,98.60,324.00,1,1,0
43588,3.288,98.90,326.00,1,1,0
43591,3.288,99.10,326.00,1,1,0
43593,3.284,99.70,328.00,1,1,0
43595,3.284,99.00,324.00,1,1,0
43598,3.288,98.60,324.00,1,1,0
43600,3.288,102.00,336.00,1,1,0
43603,3.284,99.60,326.00,1,1,0
43605,3.284,91.70,301.00,1,1,0
43608,3.284,98.80,324.00,1,1,0
43610,3.288,100.70,334.00,1,1,0
43613,3.288,98.70,324.00,1,1,0
43615,3.284,98.50,324.00,1,1,0
43628,3.280,98.70,324.00,1,1,0
43630,3.256,95.60,313.00,1,1,0
43633,3.284,100.00,324.00,1,1,0
43635,3.288,100.20,329.00,1,1,0
43638,3.284,98.70,324.00,1,1,0
43640,3.284,99.00,324.00,1,1,0
43643,3.284,98.90,324.00,1,1,0
43645,3.288,99.10,326.00,1,1,0
43648,3.288,98.70,324.00,1,1,0
43650,3.284,98.70,324.00,1,1,0
43653,3.284,98.60,324.00,1,1,0
43655,3.284,99.30,324.00,1,1,0
43658,3.284,99.20,326.00,1,1,0
43660,3.288,98.90,324.00,1,1,0
43673,3.284,98.70,324.00,1,1,0
43675,3.284,98.70,324.00,1,1,0
43678,3.284,98.70,324.00,1,0,1
43680,3.284,98.60,324.00,1,0,1
43683,3.284,98.60,324.00,1,1,0
43685,3.284,132.30,308.00,1,1,0
43688,3.280,99.30,326.00,1,1,0
43690,3.284,99.10,326.00,1,1,0
43692,3.288,99.20,324.00,1,1,0
43695,3.284,98.60,324.00,1,1,0
43697,3.284,98.60,324.00,1,1,0
43700,3.284,98.70,324.00,1,1,0
43702,3.288,99.40,326.00,1,1,0
43705,3.284,99.40,326.00,1,1,0
43717,3.284,99.60,328.00,1,1,0
43720,3.284,98.60,324.00,1,1,0
43722,3.288,99.00,326.00,1,1,0
43725,3.284,99.40,326.00,1,1,0
43727,3.288,99.20,326.00,1,1,0
43730,3.288,99.30,326.00,1,1,0
43732,3.288,99.20,326.00,1,0,1
43735,3.280,99.90,328.00,1,0,1
43737,3.260,99.80,328.00,1,1,0
43740,3.288,104.10,341.00,1,1,0
43742,3.280,98.60,324.00,1,1,0
43745,3.284,98.60,324.00,1,1,0
43747,3.288,98.70,324.00,1,1,0
43750,3.284,98.70,324.00,1,1,0
43762,3.284,98.40,323.00,1,1,0
43765,3.288,94.00,308.00,1,1,0
43767,3.284,99.10,326.00,1,1,0
43770,3.284,98.90,324.00,1,1,0
43772,3.288,99.40,326.00,1,1,0
43775,3.288,98.80,324.00,1,1,0
43777,3.284,101.70,334.00,1,1,0
43780,3.284,98.70,324.00,1,1,0
43782,3.284,98.80,324.00,1,1,0
43785,3.284,98.60,324.00,1,1,0
43787,3.284,98.80,324.00,1,1,0
43789,3.288,99.90,324.00,1,0,1
43792,3.284,98.60,324.00,1,0,1
43794,3.288,106.60,347.00,1,1,0
43807,3.284,98.70,324.00,1,1,0
43810,3.284,90.40,297.00,1,1,0
43812,3.284,98.50,324.00,1,1,0
43815,3.284,99.30,326.00,1,1,0
43817,3.284,98.60,324.00,1,1,0
43819,3.284,98.80,324.00,1,1,0
43822,3.284,99.50,326.00,1,1,0
43824,3.284,99.30,329.00,1,1,0
43827,3.284,100.00,328.00,1,1,0
43829,3.284,99.00,324.00,1,1,0
43832,3.284,99.20,324.00,1,1,0
43834,3.284,99.20,326.00,1,1,0
43837,3.284,99.80,328.00,1,1,0
43839,3.284,102.90,338.00,1,1,0
43852,3.280,99.10,326.00,1,1,0
43854,3.288,99.00,324.00,1,1,0
43857,3.284,98.60,324.00,1,1,0
43859,3.288,99.00,326.00,1,1,0
43862,3.284,98.80,324.00,1,1,0
43864,3.284,98.80,324.00,1,1,0
43867,3.280,93.80,308.00,1,1,0
43869,3.284,98.60,324.00,1,1,0
43872,3.284,98.50,323.00,1,1,0
43874,3.284,99.50,326.00,1,1,0
43877,3.284,98.70,324.00,1,1,0
43879,3.284,98.30,323.00,1,1,0
43882,3.284,99.00,326.00,1,1,0
43884,3.284,98.70,324.00,1,1,0
43897,3.284,98.80,324.00,1,1,0
43899,3.284,98.90,326.00,1,0,1
43902,3.284,99.10,326.00,1,0,1
43904,3.284,100.20,326.00,1,1,0
43907,3.284,101.40,326.00,1,1,0
43909,3.280,99.60,328.00,1,1,0
43912,3.284,90.30,297.00,1,1,0
43914,3.284,91.70,324.00,1,1,0
43916,3.284,99.20,326.00,1,1,0
43919,3.284,98.40,323.00,1,1,0
43921,3.288,98.60,323.00,1,1,0
43924,3.284,98.80,324.00,1,1,0
43926,3.288,99.20,326.00,1,1,0
43929,3.284,98.70,324.00,1,1,0
43941,3.288,98.50,323.00,1,1,0
43944,3.284,99.10,326.00,1,1,0
43946,3.288,98.70,324.00,1,1,0
43949,3.284,99.60,328.00,1,1,0
43951,3.284,98.60,326.00,1,1,0
43954,3.288,104.10,342.00,1,0,1
43956,3.284,130.90,429.00,1,0,1
43959,3.280,98.70,423.00,1,1,0
43961,3.276,99.10,326.00,1,1,0
43964,3.284,99.00,326.00,1,1,0
43966,3.284,98.90,324.00,1,1,0
43969,3.284,94.70,311.00,1,1,0
43971,3.272,103.10,339.00,1,1,0
43974,3.288,98.70,326.00,1,1,0
43986,3.284,98.40,323.00,1,1,0
43989,3.288,98.50,324.00,1,1,0
43991,3.288,99.20,326.00,1,1,0
43994,3.284,98.90,324.00,1,1,0
43996,3.284,98.90,323.00,1,1,0
43999,3.288,99.20,326.00,1,1,0
44001,3.284,98.40,323.00,1,1,0
44004,3.288,98.90,324.00,1,1,0
44006,3.284,98.50,323.00,1,1,0
44009,3.284,99.00,324.00,1,0,1
44011,3.284,98.30,326.00,1,0,1
44013,3.284,92.00,301.00,1,1,0
44016,3.284,90.40,295.00,1,1,0
44018,3.284,98.90,326.00,1,1,0
44031,3.288,98.90,323.00,1,1,0
44034,3.284,98.60,324.00,1,1,0
44036,3.284,99.40,326.00,1,1,0
44038,3.284,99.00,323.00,1,1,0
44041,3.284,98.80,324.00,1,1,0
44043,3.284,99.00,324.00,1,1,0
44046,3.288,98.70,324.00,1,1,0
44048,3.284,98.40,323.00,1,1,0
44051,3.284,98.50,324.00,1,1,0
44053,3.284,98.60,324.00,1,1,0
44056,3.288,99.00,324.00,1,1,0
44058,3.288,99.10,326.00,1,1,0
44061,3.284,99.00,324.00,1,1,0
44063,3.284,98.80,324.00,1,0,1
44076,3.284,94.60,319.00,1,1,0
44078,3.284,99.20,326.00,1,1,0
44081,3.288,99.60,328.00,1,1,0
44083,3.288,98.60,324.00,1,1,0
44086,3.284,98.60,324.00,1,1,0
44088,3.284,99.00,324.00,1,1,0
44091,3.284,98.90,324.00,1,1,0
44093,3.288,98.70,324.00,1,1,0
44096,3.284,99.20,326.00,1,1,0
44098,3.284,98.60,324.00,1,1,0
44101,3.288,98.80,321.00,1,1,0
44103,3.284,98.80,324.00,1,1,0
44106,3.284,99.10,326.00,1,1,0
44108,3.288,100.80,326.00,1,1,0
44121,3.288,107.00,326.00,1,0,1
44123,3.288,98.50,323.00,1,0,1
44126,3.280,103.00,336.00,1,1,0
44128,3.284,102.50,328.00,1,1,0
44131,3.284,103.80,341.00,1,1,0
44133,3.280,93.90,308.00,1,1,0
44135,3.284,98.80,324.00,1,1,0
44138,3.284,99.50,326.00,1,1,0
44140,3.284,98.90,324.00,1,1,0
44143,3.284,97.50,326.00,1,1,0
44145,3.288,98.60,324.00,1,1,0
44148,3.288,99.20,326.00,1,1,0
44150,3.284,98.40,323.00,1,1,0
44163,3.288,98.70,324.00,1,1,0
44165,3.284,98.40,323.00,1,1,0
44168,3.284,98.40,323.00,1,1,0
44170,3.284,99.00,324.00,1,1,0
44173,3.284,98.70,319.00,1,1,0
44175,3.284,98.60,323.00,1,0,1
44178,3.284,98.70,324.00,1,0,1
44180,3.284,98.80,328.00,1,1,0
44183,3.268,94.00,308.00,1,1,0
44185,3.284,100.60,329.00,1,1,0
44188,3.272,98.70,326.00,1,1,0
44190,3.284,98.60,324.00,1,1,0
44193,3.284,98.50,323.00,1,1,0
44195,3.284,98.40,326.00,1,1,0
44208,3.284,99.00,326.00,1,1,0
44210,3.288,99.10,324.00,1,1,0
44213,3.288,99.30,326.00,1,1,0
44215,3.284,99.00,324.00,1,1,0
44218,3.284,99.70,313.00,1,1,0
44220,3.284,90.20,297.00,1,1,0
44223,3.284,99.20,326.00,1,1,0
44225,3.288,99.40,326.00,1,1,0
44228,3.284,98.70,324.00,1,1,0
44230,3.284,98.50,323.00,1,1,0
44232,3.284,108.10,326.00,1,0,1
44235,3.284,98.70,324.00,1,0,1
44237,3.284,130.60,428.00,1,1,0
44240,3.284,100.50,326.00,1,1,0
44253,3.284,99.30,326.00,1,1,0
44255,3.284,98.60,323.00,1,1,0
44257,3.284,99.10,324.00,1,1,0
44260,3.288,99.10,326.00,1,1,0
44262,3.284,99.20,324.00,1,1,0
44265,3.284,99.00,324.00,1,1,0
44267,3.284,98.90,324.00,1,1,0
44270,3.284,99.00,324.00,1,1,0
44272,3.284,98.50,323.00,1,1,0
44275,3.284,98.60,324.00,1,1,0
44277,3.284,93.90,311.00,1,1,0
44280,3.284,99.10,326.00,1,1,0
44282,3.284,98.90,324.00,1,1,0
44285,3.288,98.60,324.00,1,1,0
44297,3.284,98.80,324.00,1,1,0
44300,3.288,99.00,324.00,1,1,0
44302,3.288,98.70,324.00,1,1,0
44305,3.284,98.60,324.00,1,1,0
44307,3.284,98.50,323.00,1,1,0
44310,3.284,98.80,324.00,1,1,0
44312,3.288,98.70,324.00,1,1,0
44315,3.288,98.80,326.00,1,1,0
44317,3.288,98.70,324.00,1,1,0
44320,3.288,99.80,328.00,1,1,0
44322,3.284,90.40,297.00,1,1,0
44325,3.284,98.70,324.00,1,1,0
44327,3.284,99.10,326.00,1,1,0
44329,3.288,99.00,324.00,1,1,0
44342,3.288,99.30,328.00,1,0,1
44345,3.288,98.70,324.00,1,0,1
44347,3.284,104.70,341.00,1,1,0
44350,3.284,101.70,334.00,1,1,0
44352,3.284,101.90,324.00,1,1,0
44354,3.288,98.30,323.00,1,1,0
44357,3.284,98.70,324.00,1,1,0
44359,3.284,99.00,324.00,1,1,0
44362,3.284,98.80,324.00,1,1,0
44364,3.288,99.50,326.00,1,1,0
44367,3.284,99.10,324.00,1,1,0
44369,3.288,98.40,323.00,1,1,0
44372,3.288,98.30,323.00,1,1,0
44374,3.288,98.50,324.00,1,1,0
44387,3.288,98.60,324.00,1,1,0
44389,3.288,98.40,323.00,1,1,0
44392,3.284,99.50,326.00,1,1,0
44394,3.284,98.50,324.00,1,1,0
44397,3.284,106.70,351.00,1,0,1
44399,3.284,129.50,426.00,1,0,1
44402,3.284,99.80,439.00,1,1,0
44404,3.284,93.90,326.00,1,1,0
44407,3.284,98.40,323.00,1,1,0
44409,3.288,98.50,323.00,1,1,0
44412,3.284,98.80,324.00,1,1,0
44414,3.284,98.70,324.00,1,1,0
44417,3.284,98.50,324.00,1,1,0
44419,3.284,99.10,341.00,1,1,0
44432,3.284,98.70,323.00,1,1,0
44434,3.288,98.70,324.00,1,1,0
44437,3.284,99.30,326.00,1,1,0
44439,3.284,99.50,324.00,1,1,0
44442,3.284,97.20,319.00,1,1,0
44444,3.284,99.30,326.00,1,1,0
44447,3.288,99.60,324.00,1,1,0
44449,3.284,99.10,326.00,1,1,0
44451,3.288,99.30,324.00,1,0,1
44454,3.288,98.60,321.00,1,0,1
44456,3.288,99.90,324.00,1,1,0
44459,3.252,99.70,328.00,1,1,0
44461,3.284,98.80,324.00,1,1,0
44464,3.284,98.80,324.00,1,1,0
44477,3.288,99.00,324.00,1,1,0
44479,3.288,93.30,306.00,1,1,0
44481,3.284,90.30,297.00,1,1,0
44484,3.284,91.10,295.00,1,1,0
44486,3.284,91.70,301.00,1,1,0
44489,3.284,90.40,297.00,1,1,0
44491,3.284,93.90,308.00,1,1,0
44494,3.284,94.70,311.00,1,1,0
44496,3.284,99.50,328.00,1,1,0
44499,3.284,91.70,306.00,1,1,0
44501,3.284,92.10,303.00,1,1,0
44504,3.284,91.70,301.00,1,1,0
44506,3.284,90.40,297.00,1,0,1
44509,3.280,90.50,315.00,1,0,1
44521,3.284,99.50,326.00,1,1,0
44524,3.284,100.10,329.00,1,1,0
44526,3.284,90.90,298.00,1,1,0
44529,3.284,93.40,319.00,1,1,0
44531,3.280,97.00,319.00,1,1,0
44534,3.284,98.50,324.00,1,1,0
44536,3.284,99.40,324.00,1,1,0
44539,3.284,99.60,328.00,1,1,0
44541,3.288,99.30,326.00,1,1,0
44544,3.284,95.10,308.00,1,1,0
44546,3.284,99.10,326.00,1,1,0
44549,3.288,98.30,323.00,1,1,0
44551,3.284,93.50,308.00,1,1,0
44553,3.284,97.00,318.00,1,1,0
44570,3.280,98.90,326.00,1,1,0
44573,3.284,98.90,324.00,1,1,0
44575,3.288,98.70,324.00,1,1,0
44578,3.284,99.20,326.00,1,1,0
44580,3.288,98.80,324.00,1,1,0
44583,3.284,101.30,333.00,1,1,0
44585,3.284,95.20,308.00,1,1,0
44588,3.284,99.20,326.00,1,1,0
44590,3.284,99.90,328.00,1,1,0
44592,3.284,98.70,324.00,1,1,0
44595,3.284,98.80,323.00,1,1,0
44597,3.288,98.70,324.00,1,1,0
44600,3.284,98.50,323.00,1,1,0
44602,3.284,98.40,328.00,1,1,0
44615,3.284,99.60,324.00,1,1,0
44617,3.284,99.10,326.00,1,0,1
44620,3.280,99.60,328.00,1,0,1
44622,3.284,100.40,303.00,1,1,0
44625,3.284,91.10,300.00,1,1,0
44627,3.288,99.30,326.00,1,1,0
44630,3.284,90.80,298.00,1,1,0
44632,3.284,90.70,298.00,1,1,0
44635,3.284,90.80,298.00,1,1,0
44637,3.284,90.50,297.00,1,1,0
44640,3.284,93.80,308.00,1,1,0
44642,3.284,101.80,334.00,1,1,0
44645,3.288,98.40,323.00,1,1,0
44647,3.288,98.40,324.00,1,1,0
44660,3.288,101.50,326.00,1,1,0
44662,3.284,98.30,323.00,1,1,0
44665,3.284,99.70,328.00,1,1,0
44667,3.284,98.30,324.00,1,1,0
44670,3.284,99.50,326.00,1,1,0
44672,3.288,105.90,347.00,1,0,1
44675,3.288,98.90,326.00,1,0,1
44677,3.284,129.90,426.00,1,1,0
44680,3.280,98.40,323.00,1,1,0
44682,3.284,99.30,324.00,1,1,0
44685,3.284,101.00,331.00,1,1,0
44687,3.284,94.90,311.00,1,1,0
44689,3.284,98.90,324.00,1,1,0
44702,3.284,98.50,323.00,1,1,0
44705,3.284,98.90,324.00,1,1,0
44707,3.288,98.70,324.00,1,1,0
44710,3.284,99.00,324.00,1,1,0
44712,3.284,98.80,328.00,1,1,0
44715,3.284,98.90,324.00,1,1,0
44717,3.284,98.60,324.00,1,1,0
44719,3.284,99.30,326.00,1,1,0
44722,3.288,98.80,324.00,1,1,0
44724,3.284,98.70,324.00,1,1,0
44727,3.288,98.90,338.00,1,0,1
44729,3.288,99.40,324.00,1,0,1
44732,3.284,90.20,297.00,1,1,0
44734,3.268,99.30,331.00,1,1,0
44747,3.284,99.30,328.00,1,1,0
44749,3.284,99.30,326.00,1,1,0
44752,3.284,99.50,328.00,1,1,0
44754,3.284,98.60,324.00,1,1,0
44757,3.284,99.30,326.00,1,1,0
44759,3.284,99.10,324.00,1,1,0
44762,3.288,99.60,328.00,1,1,0
44764,3.284,98.70,324.00,1,1,0
44767,3.284,98.60,324.00,1,1,0
44769,3.288,98.60,324.00,1,1,0
44772,3.288,99.00,324.00,1,1,0
44774,3.288,99.10,326.00,1,1,0
44777,3.288,98.90,324.00,1,1,0
44779,3.284,99.10,323.00,1,1,0
44792,3.284,98.80,308.00,1,1,0
44794,3.280,98.90,324.00,1,1,0
44797,3.284,102.10,336.00,1,1,0
44799,3.284,98.70,324.00,1,1,0
44802,3.288,100.10,329.00,1,1,0
44804,3.288,98.50,323.00,1,1,0
44807,3.284,98.80,324.00,1,1,0
44809,3.288,98.40,324.00,1,1,0
44812,3.284,98.60,324.00,1,1,0
44814,3.284,98.30,323.00,1,1,0
44816,3.288,98.80,323.00,1,1,0
44819,3.284,98.40,323.00,1,1,0
44821,3.284,98.70,324.00,1,1,0
44824,3.284,98.90,324.00,1,1,0
44837,3.288,98.80,323.00,1,0,1
44839,3.284,100.00,329.00,1,0,1
44842,3.284,98.00,323.00,1,1,0
44844,3.276,131.40,336.00,1,1,0
44846,3.284,99.00,324.00,1,1,0
44849,3.280,98.50,324.00,1,1,0
44851,3.284,99.00,336.00,1,1,0
44854,3.288,99.20,326.00,1,1,0
44856,3.288,99.00,326.00,1,1,0
44859,3.284,99.30,326.00,1,1,0
44861,3.284,98.90,324.00,1,1,0
44864,3.284,99.10,326.00,1,1,0
44866,3.288,98.20,323.00,1,1,0
44869,3.288,99.30,323.00,1,1,0
44881,3.288,98.70,324.00,1,1,0
44884,3.288,100.50,329.00,1,1,0
44886,3.284,98.60,324.00,1,1,0
44889,3.288,98.70,328.00,1,1,0
44891,3.284,94.60,311.00,1,1,0
44894,3.284,98.70,323.00,1,0,1
44896,3.288,98.40,339.00,1,0,1
44899,3.284,100.60,328.00,1,1,0
44901,3.284,97.70,321.00,1,1,0
44904,3.284,98.70,324.00,1,1,0
44906,3.288,98.50,324.00,1,1,0
44909,3.288,98.90,324.00,1,1,0
44911,3.284,98.70,324.00,1,1,0
44913,3.284,98.90,324.00,1,1,0
44926,3.284,98.60,324.00,1,1,0
44929,3.288,99.30,326.00,1,1,0
44931,3.284,98.50,324.00,1,1,0
44934,3.288,99.30,328.00,1,1,0
44936,3.284,90.20,297.00,1,1,0
44939,3.284,99.20,326.00,1,1,0
44941,3.288,99.90,324.00,1,1,0
44943,3.284,99.40,326.00,1,1,0
44946,3.284,98.70,324.00,1,1,0
44948,3.284,100.50,349.00,1,0,1
44951,3.284,129.90,426.00,1,0,1
44953,3.284,98.60,324.00,1,1,0
44956,3.276,93.90,331.00,1,1,0
44958,3.284,99.20,326.00,1,1,0
44971,3.288,98.50,329.00,1,1,0
44973,3.280,98.70,324.00,1,1,0
44976,3.284,99.20,326.00,1,1,0
44978,3.284,98.90,326.00,1,1,0
44981,3.288,99.00,326.00,1,1,0
44983,3.288,99.20,326.00,1,1,0
44986,3.284,93.70,318.00,1,1,0
44988,3.288,99.60,328.00,1,1,0
44991,3.284,98.50,323.00,1,1,0
44993,3.276,96.80,308.00,1,1,0
44996,3.284,98.70,324.00,1,1,0
44998,3.288,98.40,323.00,1,1,0
45001,3.288,101.30,326.00,1,1,0
45003,3.288,98.80,324.00,1,0,1
45016,3.288,99.00,324.00,1,1,0
45018,3.288,98.60,324.00,1,1,0
45021,3.288,99.50,328.00,1,1,0
45023,3.284,98.80,324.00,1,1,0
45026,3.288,99.00,324.00,1,1,0
45028,3.284,98.60,324.00,1,1,0
45031,3.288,98.60,323.00,1,1,0
45033,3.284,101.90,334.00,1,1,0
45036,3.284,99.70,328.00,1,1,0
45038,3.284,94.80,300.00,1,1,0
45040,3.284,97.80,321.00,1,1,0
45043,3.284,99.20,326.00,1,1,0
45045,3.284,99.40,323.00,1,1,0
45048,3.284,98.50,323.00,1,1,0
45061,3.288,98.50,323.00,1,0,1
45063,3.284,98.90,324.00,1,0,1
45065,3.284,102.80,336.00,1,1,0
45068,3.284,102.00,333.00,1,1,0
45070,3.268,96.20,316.00,1,1,0
45073,3.284,98.90,324.00,1,1,0
45075,3.284,98.50,324.00,1,1,0
45078,3.284,99.10,326.00,1,1,0
45080,3.284,98.80,324.00,1,1,0
45083,3.284,99.80,324.00,1,1,0
45085,3.288,100.30,329.00,1,1,0
45088,3.284,98.70,324.00,1,1,0
45090,3.288,98.50,324.00,1,1,0
45093,3.288,100.70,331.00,1,1,0
45105,3.284,98.40,323.00,1,1,0
45108,3.284,98.80,324.00,1,1,0
45110,3.288,98.90,324.00,1,1,0
45113,3.284,98.70,324.00,1,1,0
45115,3.284,98.60,324.00,1,0,1
45118,3.288,97.90,334.00,1,0,1
45120,3.284,99.40,336.00,1,0,1
45123,3.280,96.60,318.00,1,0,1
45125,3.280,96.60,318.00,1,1,0
45128,3.264,126.00,321.00,1,1,0
45130,3.284,98.40,323.00,1,1,0
45133,3.284,93.90,308.00,1,1,0
45135,3.284,93.80,319.00,1,1,0
45137,3.284,97.10,319.00,1,1,0
45150,3.288,98.70,324.00,1,1,0
45153,3.284,98.50,323.00,1,1,0
45155,3.284,99.30,324.00,1,1,0
45158,3.284,98.50,323.00,1,1,0
45160,3.284,98.80,324.00,1,1,0
45163,3.284,99.30,324.00,1,1,0
45165,3.284,99.10,326.00,1,1,0
45167,3.284,99.10,326.00,1,1,0
45170,3.284,99.60,328.00,1,1,0
45172,3.284,98.30,323.00,1,1,0
45175,3.284,98.60,324.00,1,1,0
45177,3.284,105.70,347.00,1,0,1
45180,3.284,98.80,324.00,1,0,1
45182,3.284,130.90,429.00,1,1,0
45195,3.288,98.70,324.00,1,1,0
45197,3.280,97.70,321.00,1,1,0
45200,3.284,98.70,324.00,1,1,0
45202,3.284,98.60,324.00,1,1,0
45205,3.284,100.50,329.00,1,1,0
45207,3.284,99.00,324.00,1,1,0
45210,3.284,98.60,324.00,1,1,0
45212,3.280,99.40,326.00,1,1,0
45215,3.284,98.80,324.00,1,1,0
45217,3.288,101.40,333.00,1,1,0
45220,3.284,99.00,326.00,1,1,0
45222,3.280,101.20,326.00,1,1,0
45225,3.284,99.00,326.00,1,1,0
45227,3.284,98.80,324.00,1,1,0
45240,3.276,99.60,328.00,1,1,0
45242,3.284,98.80,324.00,1,1,0
45245,3.284,90.30,324.00,1,1,0
45247,3.288,99.00,324.00,1,1,0
45250,3.284,99.30,326.00,1,1,0
45252,3.284,98.70,324.00,1,1,0
45255,3.284,98.90,324.00,1,1,0
45257,3.284,99.60,328.00,1,1,0
45260,3.288,99.00,324.00,1,1,0
45262,3.284,98.70,324.00,1,1,0
45264,3.284,99.30,326.00,1,1,0
45267,3.284,98.40,323.00,1,1,0
45269,3.284,99.10,326.00,1,1,0
45272,3.284,99.70,328.00,1,1,0
45285,3.284,98.90,324.00,1,1,0
45287,3.284,98.70,323.00,1,0,1
45289,3.284,99.10,326.00,1,0,1
45292,3.284,101.80,333.00,1,1,0
45294,3.280,94.10,308.00,1,1,0
45297,3.288,99.10,324.00,1,1,0
45299,3.288,101.50,333.00,1,1,0
45302,3.284,93.70,308.00,1,1,0
45304,3.284,99.10,324.00,1,1,0
45307,3.284,102.20,336.00,1,1,0
45309,3.288,98.90,324.00,1,1,0
45312,3.288,99.70,324.00,1,1,0
45314,3.284,99.00,324.00,1,1,0
45317,3.284,98.30,323.00,1,1,0
45329,3.284,98.40,323.00,1,1,0
45332,3.284,98.30,323.00,1,1,0
45334,3.284,98.40,323.00,1,1,0
45337,3.284,98.60,324.00,1,1,0
45339,3.284,99.10,326.00,1,1,0
45342,3.284,98.40,328.00,1,0,1
45344,3.288,99.40,326.00,1,0,1
45347,3.284,91.50,300.00,1,1,0
45349,3.280,103.10,496.00,1,1,0
45352,3.284,101.60,334.00,1,1,0
45354,3.284,96.10,316.00,1,1,0
45357,3.284,99.50,326.00,1,1,0
45359,3.288,99.10,326.00,1,1,0
45361,3.284,98.60,324.00,1,1,0
45374,3.284,99.40,326.00,1,1,0
45377,3.284,98.90,324.00,1,1,0
45379,3.288,98.70,324.00,1,1,0
45382,3.284,98.70,324.00,1,1,0
45384,3.288,99.10,326.00,1,1,0
45386,3.288,99.90,324.00,1,1,0
45389,3.284,98.90,324.00,1,1,0
45391,3.284,99.00,324.00,1,1,0
45394,3.284,98.90,324.00,1,1,0
45396,3.284,100.00,329.00,1,1,0
45399,3.284,98.80,324.00,1,0,1
45401,3.288,98.30,334.00,1,0,1
45404,3.284,112.20,365.00,1,1,0
45406,3.284,99.00,324.00,1,1,0
45419,3.284,98.90,324.00,1,1,0
45421,3.284,97.10,324.00,1,1,0
45424,3.284,98.90,324.00,1,1,0
45426,3.288,98.90,324.00,1,1,0
45429,3.284,98.90,324.00,1,1,0
45431,3.284,98.80,324.00,1,1,0
45434,3.288,99.10,326.00,1,1,0
45436,3.288,99.50,328.00,1,1,0
45439,3.284,99.00,336.00,1,1,0
45441,3.288,103.70,341.00,1,1,0
45444,3.288,99.10,326.00,1,1,0
45446,3.288,99.50,324.00,1,1,0
45449,3.284,91.50,300.00,1,1,0
45451,3.288,99.30,326.00,1,1,0
45464,3.280,98.60,324.00,1,1,0
45466,3.284,98.90,326.00,1,1,0
45469,3.284,99.30,326.00,1,1,0
45471,3.288,99.20,326.00,1,1,0
45474,3.288,99.60,324.00,1,1,0
45476,3.284,97.90,321.00,1,1,0
45479,3.288,98.30,323.00,1,1,0
45481,3.288,99.40,323.00,1,1,0
45484,3.288,98.80,324.00,1,1,0
45486,3.284,98.70,324.00,1,1,0
45488,3.284,99.20,326.00,1,1,0
45491,3.284,98.80,324.00,1,1,0
45493,3.288,98.80,324.00,1,1,0
45496,3.284,98.40,323.00,1,1,0
45509,3.284,99.00,324.00,1,0,1
45511,3.284,99.30,329.00,1,0,1
45513,3.288,99.00,323.00,1,1,0
45516,3.284,98.50,323.00,1,1,0
45518,3.288,98.60,331.00,1,1,0
45521,3.280,98.80,324.00,1,1,0
45523,3.288,98.60,324.00,1,1,0
45526,3.288,99.10,324.00,1,1,0
45528,3.288,99.50,328.00,1,1,0
45531,3.288,98.70,324.00,1,1,0
45533,3.284,98.90,324.00,1,1,0
45536,3.284,98.90,324.00,1,1,0
45538,3.288,98.60,324.00,1,1,0
45541,3.288,98.70,324.00,1,1,0
45553,3.288,99.00,324.00,1,1,0
45556,3.288,99.30,324.00,1,1,0
45558,3.288,98.80,324.00,1,1,0
45561,3.284,98.70,324.00,1,1,0
45563,3.284,98.90,323.00,1,0,1
45566,3.276,130.20,428.00,1,0,1
45568,3.284,98.60,324.00,1,1,0
45571,3.268,112.70,331.00,1,1,0
45573,3.288,94.00,308.00,1,1,0
45576,3.280,98.70,324.00,1,1,0
45578,3.288,97.90,324.00,1,1,0
45581,3.288,98.60,324.00,1,1,0
45583,3.288,98.50,323.00,1,1,0
45585,3.288,99.00,328.00,1,1,0
45598,3.288,98.60,324.00,1,1,0
45601,3.284,98.70,324.00,1,1,0
45603,3.284,98.50,324.00,1,1,0
45606,3.284,98.90,324.00,1,1,0
45608,3.280,94.20,311.00,1,1,0
45610,3.284,98.90,324.00,1,1,0
45613,3.288,98.70,324.00,1,1,0
45615,3.284,98.80,297.00,1,1,0
45618,3.284,93.80,308.00,1,1,0
45620,3.284,98.80,324.00,1,0,1
45623,3.284,92.30,303.00,1,0,1
45625,3.280,106.30,349.00,1,1,0
45628,3.284,97.00,316.00,1,1,0
45630,3.280,99.00,324.00,1,1,0
45643,3.284,91.90,301.00,1,1,0
45645,3.284,92.20,303.00,1,1,0
45648,3.284,91.50,300.00,1,1,0
45650,3.284,99.40,326.00,1,1,0
45653,3.284,91.70,300.00,1,1,0
45655,3.284,98.80,324.00,1,1,0
45658,3.284,99.70,328.00,1,1,0
45660,3.284,99.00,324.00,1,1,0
45663,3.284,98.50,323.00,1,1,0
45665,3.284,99.10,326.00,1,1,0
45668,3.284,99.70,326.00,1,1,0
45670,3.284,98.70,324.00,1,1,0
45673,3.280,99.60,328.00,1,1,0
45675,3.284,99.20,324.00,1,0,1
45688,3.284,98.30,323.00,1,1,0
45690,3.284,98.60,324.00,1,1,0
45693,3.284,99.70,328.00,1,1,0
45695,3.284,99.20,326.00,1,1,0
45698,3.288,99.00,324.00,1,1,0
45700,3.284,98.60,324.00,1,1,0
45703,3.284,98.50,324.00,1,1,0
45705,3.284,101.20,323.00,1,1,0
45707,3.284,98.50,323.00,1,1,0
45710,3.280,97.30,319.00,1,1,0
45712,3.284,98.70,324.00,1,1,0
45715,3.284,98.40,323.00,1,1,0
45717,3.284,98.90,324.00,1,1,0
45720,3.284,98.30,326.00,1,1,0
45733,3.284,98.70,324.00,1,0,1
45735,3.284,129.10,423.00,1,1,0
45737,3.284,98.30,323.00,1,1,0
45740,3.284,98.60,323.00,1,1,0
45742,3.284,98.60,324.00,1,1,0
45745,3.284,98.70,324.00,1,1,0
45747,3.284,98.40,323.00,1,1,0
45750,3.280,103.90,326.00,1,1,0
45752,3.288,99.40,326.00,1,1,0
45755,3.284,92.10,303.00,1,1,0
45757,3.284,92.10,324.00,1,1,0
45760,3.284,99.50,328.00,1,1,0
45762,3.284,99.40,326.00,1,1,0
45765,3.284,98.50,323.00,1,1,0
45777,3.288,99.40,324.00,1,1,0
45780,3.284,99.40,326.00,1,1,0
45782,3.284,99.10,326.00,1,1,0
45785,3.284,98.80,339.00,1,0,1
45787,3.280,98.50,323.00,1,0,1
45790,3.284,98.60,323.00,1,1,0
45792,3.284,97.20,328.00,1,1,0
45795,3.284,99.00,324.00,1,1,0
45797,3.284,98.70,324.00,1,1,0
45800,3.284,99.00,324.00,1,1,0
45802,3.284,98.40,323.00,1,1,0
45805,3.284,98.70,324.00,1,1,0
45807,3.284,98.80,324.00,1,1,0
45809,3.284,98.60,324.00,1,1,0
45822,3.284,98.40,324.00,1,1,0
45825,3.284,99.70,328.00,1,1,0
45827,3.284,98.80,324.00,1,1,0
45830,3.284,98.90,324.00,1,1,0
45832,3.284,98.50,323.00,1,1,0
45834,3.284,98.70,324.00,1,1,0
45837,3.284,98.90,324.00,1,1,0
45839,3.284,98.80,324.00,1,0,1
45842,3.284,130.10,426.00,1,0,1
45844,3.284,98.60,331.00,1,1,0
45847,3.256,100.20,329.00,1,1,0
45849,3.284,98.50,323.00,1,1,0
45852,3.284,98.60,324.00,1,1,0
45854,3.284,99.60,326.00,1,1,0
45867,3.288,98.50,324.00,1,1,0
45869,3.284,98.70,324.00,1,1,0
45872,3.284,99.00,324.00,1,1,0
45874,3.284,98.90,324.00,1,1,0
45877,3.284,98.70,324.00,1,1,0
45879,3.284,98.90,324.00,1,1,0
45882,3.284,98.90,324.00,1,1,0
45884,3.284,99.10,326.00,1,1,0
45887,3.284,98.80,324.00,1,1,0
45889,3.284,99.30,324.00,1,1,0
45892,3.284,98.40,323.00,1,1,0
45894,3.284,99.60,328.00,1,0,1
45897,3.288,99.00,418.00,1,0,1
45899,3.284,98.90,324.00,1,1,0
45912,3.284,99.50,323.00,1,1,0
45914,3.284,98.50,323.00,1,1,0
45917,3.280,96.80,318.00,1,1,0
45919,3.284,98.50,324.00,1,1,0
45922,3.284,101.80,334.00,1,1,0
45924,3.284,98.60,324.00,1,1,0
45927,3.284,98.50,323.00,1,1,0
45929,3.284,98.50,323.00,1,1,0
45931,3.288,98.30,323.00,1,1,0
45934,3.284,98.50,324.00,1,1,0
45936,3.284,101.10,333.00,1,1,0
45939,3.288,98.70,324.00,1,1,0
45941,3.284,98.10,324.00,1,1,0
45944,3.284,98.90,324.00,1,1,0
45956,3.268,109.80,329.00,1,1,0
45959,3.288,95.90,315.00,1,1,0
45961,3.284,90.40,297.00,1,1,0
45964,3.284,99.00,324.00,1,1,0
45966,3.284,122.40,401.00,1,1,0
45969,3.284,103.00,338.00,1,1,0
45971,3.284,93.90,329.00,1,1,0
45974,3.284,97.70,321.00,1,1,0
45976,3.284,102.70,338.00,1,1,0
45979,3.284,98.70,338.00,1,1,0
45981,3.284,99.20,326.00,1,1,0
45984,3.288,101.80,334.00,1,1,0
45986,3.288,98.90,324.00,1,1,0
45999,3.284,98.50,326.00,1,1,0
46001,3.284,99.00,324.00,1,1,0
46004,3.284,99.00,326.00,1,1,0
46006,3.284,102.90,316.00,1,0,1
46009,3.284,99.00,324.00,1,0,1
46011,3.284,109.70,359.00,1,1,0
46014,3.280,98.80,324.00,1,1,0
46016,3.284,98.50,315.00,1,1,0
46019,3.280,98.40,323.00,1,1,0
46021,3.284,98.70,324.00,1,1,0
46024,3.284,99.20,329.00,1,1,0
46026,3.284,98.50,323.00,1,1,0
46029,3.284,98.60,324.00,1,1,0
46031,3.284,98.60,324.00,1,1,0
46044,3.284,99.10,324.00,1,1,0
46046,3.284,99.30,326.00,1,1,0
46049,3.284,98.80,324.00,1,1,0
46051,3.284,99.20,323.00,1,1,0
46054,3.284,98.70,324.00,1,1,0
46056,3.288,99.10,326.00,1,1,0
46058,3.284,99.00,328.00,1,1,0
46061,3.284,99.40,344.00,1,0,1
46063,3.280,91.60,300.00,1,0,1
46066,3.284,100.60,329.00,1,1,0
46068,3.264,99.00,324.00,1,1,0
46071,3.264,96.30,316.00,1,1,0
46073,3.284,98.90,324.00,1,1,0
46076,3.284,99.30,324.00,1,1,0
46088,3.284,99.30,326.00,1,1,0
46091,3.284,99.60,328.00,1,1,0
46093,3.284,98.70,324.00,1,1,0
46096,3.284,98.40,324.00,1,1,0
46098,3.284,99.00,324.00,1,1,0
46101,3.284,101.10,331.00,1,1,0
46103,3.284,98.90,328.00,1,1,0
46106,3.284,98.90,324.00,1,1,0
46108,3.284,98.80,324.00,1,1,0
46111,3.284,98.50,324.00,1,1,0
46113,3.284,98.50,323.00,1,1,0
46116,3.284,98.50,323.00,1,0,1
46118,3.276,98.40,323.00,1,0,1
46121,3.284,94.70,316.00,1,1,0
46133,3.284,98.40,324.00,1,1,0
46136,3.284,98.80,324.00,1,1,0
46138,3.284,98.90,324.00,1,1,0
46141,3.284,99.50,324.00,1,1,0
46143,3.284,98.80,324.00,1,1,0
46146,3.284,99.00,324.00,1,1,0
46148,3.284,98.40,323.00,1,1,0
46151,3.284,98.80,324.00,1,1,0
46153,3.284,99.20,326.00,1,1,0
46155,3.284,99.90,324.00,1,1,0
46158,3.284,98.80,324.00,1,1,0
46160,3.284,99.20,326.00,1,1,0
46163,3.284,99.40,338.00,1,1,0
46165,3.284,90.20,297.00,1,1,0
46178,3.280,114.00,297.00,1,1,0
46180,3.284,90.20,295.00,1,1,0
46183,3.284,90.00,295.00,1,1,0
46185,3.280,94.10,300.00,1,1,0
46188,3.284,93.00,305.00,1,1,0
46190,3.284,99.30,326.00,1,1,0
46193,3.284,98.00,321.00,1,1,0
46195,3.236,93.80,308.00,1,1,0
46198,3.284,98.40,323.00,1,1,0
46200,3.284,98.70,324.00,1,1,0
46203,3.284,98.70,324.00,1,1,0
46205,3.284,98.80,324.00,1,1,0
46208,3.284,99.10,326.00,1,1,0
46210,3.284,99.00,324.00,1,1,0
46223,3.284,93.70,351.00,1,1,0
46225,3.280,101.90,334.00,1,0,1
46228,3.276,100.90,331.00,1,0,1
46230,3.288,98.60,321.00,1,0,1
46233,3.284,107.70,351.00,1,1,0
46235,3.280,94.00,308.00,1,1,0
46238,3.284,99.30,328.00,1,1,0
46240,3.284,99.30,326.00,1,1,0
46243,3.284,100.50,329.00,1,1,0
46245,3.284,99.10,323.00,1,1,0
46248,3.284,98.50,323.00,1,1,0
46250,3.284,98.50,323.00,1,1,0
46252,3.284,98.80,324.00,1,1,0
46265,3.284,99.80,326.00,1,1,0
46268,3.284,91.60,301.00,1,1,0
46270,3.280,98.80,324.00,1,1,0
46273,3.284,99.40,326.00,1,1,0
46275,3.284,98.60,324.00,1,1,0
46278,3.284,98.50,323.00,1,1,0
46280,3.288,99.20,326.00,1,1,0
46282,3.288,101.80,336.00,1,0,1
46285,3.280,99.10,323.00,1,0,1
46287,3.284,99.10,326.00,1,1,0
46290,3.276,99.30,308.00,1,1,0
46292,3.280,99.30,326.00,1,1,0
46295,3.284,98.50,323.00,1,1,0
46297,3.284,98.40,323.00,1,1,0
46310,3.284,98.80,326.00,1,1,0
46312,3.284,98.60,323.00,1,1,0
46315,3.284,100.70,331.00,1,1,0
46317,3.284,98.70,326.00,1,1,0
46320,3.284,99.20,326.00,1,1,0
46322,3.284,98.80,324.00,1,1,0
46325,3.284,94.90,308.00,1,1,0
46327,3.284,98.70,323.00,1,1,0
46330,3.280,99.40,326.00,1,1,0
46332,3.284,99.00,324.00,1,1,0
46335,3.284,99.00,323.00,1,1,0
46337,3.284,92.20,303.00,1,0,1
46340,3.284,98.60,324.00,1,0,1
46342,3.260,99.20,324.00,1,1,0
46355,3.284,99.40,323.00,1,1,0
46357,3.284,98.40,323.00,1,1,0
46360,3.284,98.00,321.00,1,1,0
46362,3.284,98.40,324.00,1,1,0
46365,3.284,99.60,328.00,1,1,0
46367,3.284,99.90,328.00,1,1,0
46370,3.284,90.10,297.00,1,1,0
46372,3.284,99.10,326.00,1,1,0
46375,3.284,98.80,324.00,1,1,0
46377,3.284,98.90,326.00,1,1,0
46380,3.284,99.30,326.00,1,1,0
46382,3.284,99.40,326.00,1,1,0
46384,3.284,99.10,326.00,1,1,0
46387,3.284,98.90,324.00,1,1,0
46400,3.264,117.70,316.00,1,1,0
46402,3.284,99.00,324.00,1,1,0
46405,3.284,99.00,326.00,1,1,0
46407,3.284,98.50,323.00,1,1,0
46409,3.284,98.60,324.00,1,1,0
46412,3.284,99.10,326.00,1,1,0
46414,3.284,100.30,326.00,1,1,0
46417,3.284,99.00,324.00,1,1,0
46419,3.284,98.90,324.00,1,1,0
46422,3.284,99.50,323.00,1,1,0
46424,3.284,98.30,323.00,1,1,0
46427,3.284,93.80,308.00,1,1,0
46429,3.288,99.30,329.00,1,1,0
46432,3.284,98.50,323.00,1,1,0
46444,3.284,99.10,324.00,1,1,0
46447,3.284,98.60,324.00,1,0,1
46449,3.284,101.10,333.00,1,0,1
46452,3.264,100.70,323.00,1,1,0
46454,3.284,93.80,308.00,1,1,0
46457,3.280,98.50,323.00,1,1,0
46459,3.288,98.70,323.00,1,1,0
46462,3.284,98.80,324.00,1,1,0
46464,3.284,98.80,324.00,1,1,0
46467,3.284,99.50,324.00,1,1,0
46469,3.284,99.20,326.00,1,1,0
46472,3.284,91.70,301.00,1,1,0
46474,3.284,94.80,324.00,1,1,0
46477,3.284,99.60,328.00,1,1,0
46489,3.284,98.70,323.00,1,1,0
46492,3.284,98.90,324.00,1,1,0
46494,3.284,99.20,326.00,1,1,0
46497,3.284,99.00,326.00,1,1,0
46499,3.284,98.10,323.00,1,1,0
46502,3.284,98.60,324.00,1,0,1
46504,3.280,101.30,321.00,1,0,1
46506,3.256,98.50,323.00,1,1,0
46509,3.268,125.80,413.00,1,1,0
46511,3.280,98.70,324.00,1,1,0
46514,3.284,98.80,324.00,1,1,0
46516,3.284,101.70,334.00,1,1,0
46519,3.288,99.30,323.00,1,1,0
46521,3.284,98.30,323.00,1,1,0
46534,3.284,98.40,323.00,1,1,0
46536,3.284,98.70,324.00,1,1,0
46539,3.284,98.40,323.00,1,1,0
46541,3.284,97.80,323.00,1,1,0
46544,3.284,98.20,323.00,1,1,0
46546,3.284,99.00,324.00,1,1,0
46549,3.284,98.90,324.00,1,1,0
46551,3.284,98.80,324.00,1,1,0
46554,3.284,98.40,323.00,1,1,0
46556,3.284,98.50,323.00,1,1,0
46559,3.284,99.10,326.00,1,0,1
46561,3.284,98.90,324.00,1,0,1
46564,3.284,105.40,308.00,1,1,0
46566,3.280,98.80,324.00,1,1,0
46583,3.284,98.60,324.00,1,1,0
46586,3.284,98.30,323.00,1,1,0
46588,3.284,98.30,323.00,1,1,0
46591,3.284,99.30,326.00,1,1,0
46593,3.284,99.10,326.00,1,1,0
46596,3.284,99.20,326.00,1,1,0
46598,3.288,98.90,324.00,1,1,0
46601,3.284,98.50,323.00,1,1,0
46603,3.284,98.40,324.00,1,1,0
46605,3.284,98.60,324.00,1,1,0
46608,3.284,99.30,326.00,1,1,0
46610,3.284,99.10,324.00,1,1,0
46613,3.284,106.50,349.00,1,0,1
46615,3.276,128.60,423.00,1,0,1
46628,3.284,100.10,329.00,1,1,0
46630,3.284,99.90,328.00,1,1,0
46633,3.280,93.70,323.00,1,1,0
46635,3.284,94.10,310.00,1,1,0
46638,3.284,98.90,324.00,1,1,0
46640,3.284,99.10,324.00,1,1,0
46643,3.284,99.00,324.00,1,1,0
46645,3.288,98.40,323.00,1,1,0
46648,3.284,98.40,323.00,1,1,0
46650,3.284,99.10,326.00,1,1,0
46653,3.284,98.90,324.00,1,1,0
46655,3.288,99.00,324.00,1,1,0
46658,3.284,98.60,324.00,1,1,0
46660,3.284,98.60,324.00,1,1,0
46673,3.284,101.10,331.00,1,1,0
46675,3.276,99.10,326.00,1,1,0
46678,3.284,90.30,295.00,1,1,0
46680,3.268,93.60,306.00,1,1,0
46683,3.288,99.50,326.00,1,1,0
46685,3.284,98.90,323.00,1,1,0
46688,3.284,98.70,324.00,1,1,0
46690,3.284,99.30,326.00,1,1,0
46693,3.284,98.80,323.00,1,1,0
46695,3.284,98.70,324.00,1,1,0
46698,3.288,98.90,324.00,1,1,0
46700,3.284,98.30,324.00,1,1,0
46702,3.284,99.00,326.00,1,1,0
46705,3.284,99.00,326.00,1,1,0
46718,3.288,98.60,324.00,1,1,0
46720,3.288,99.00,324.00,1,1,0
46723,3.284,99.50,326.00,1,0,1
46725,3.284,99.80,328.00,1,0,1
46727,3.284,98.80,324.00,1,1,0
46730,3.288,128.20,308.00,1,1,0
46732,3.284,98.60,323.00,1,1,0
46735,3.284,94.20,310.00,1,1,0
46737,3.288,99.00,326.00,1,1,0
46740,3.284,99.10,326.00,1,1,0
46742,3.284,99.10,326.00,1,1,0
46745,3.284,98.70,326.00,1,1,0
46747,3.288,98.20,323.00,1,1,0
46750,3.288,99.70,328.00,1,1,0
46762,3.284,93.20,306.00,1,1,0
46765,3.284,98.40,324.00,1,1,0
46767,3.284,98.40,323.00,1,1,0
46770,3.284,98.60,324.00,1,1,0
46772,3.284,99.10,328.00,1,1,0
46775,3.288,98.90,324.00,1,1,0
46777,3.284,99.00,326.00,1,1,0
46780,3.280,96.80,318.00,1,0,1
46782,3.260,98.60,319.00,1,0,1
46785,3.284,109.00,357.00,1,1,0
46787,3.276,94.10,310.00,1,1,0
46790,3.284,98.70,323.00,1,1,0
46792,3.288,99.10,326.00,1,1,0
46795,3.284,99.20,326.00,1,1,0
46807,3.288,99.30,326.00,1,1,0
46810,3.288,99.50,326.00,1,1,0
46812,3.288,98.80,324.00,1,1,0
46815,3.288,98.70,324.00,1,1,0
46817,3.284,99.20,326.00,1,1,0
46820,3.284,99.50,326.00,1,1,0
46822,3.284,100.20,329.00,1,1,0
46825,3.288,98.90,329.00,1,1,0
46827,3.284,98.30,323.00,1,1,0
46829,3.288,100.70,331.00,1,1,0
46832,3.288,98.60,324.00,1,1,0
46834,3.288,98.60,324.00,1,0,1
46837,3.280,93.90,306.00,1,0,1
46839,3.284,102.00,333.00,1,1,0
46852,3.288,100.80,331.00,1,1,0
46854,3.284,98.70,323.00,1,1,0
46857,3.284,98.80,324.00,1,1,0
46859,3.276,99.40,326.00,1,1,0
46862,3.284,98.60,324.00,1,1,0
46864,3.284,98.60,324.00,1,1,0
46867,3.284,98.70,324.00,1,1,0
46869,3.284,99.40,324.00,1,1,0
46872,3.284,98.90,324.00,1,1,0
46874,3.284,98.90,324.00,1,1,0
46877,3.284,99.00,324.00,1,1,0
46879,3.288,99.20,326.00,1,1,0
46882,3.284,90.10,297.00,1,1,0
46884,3.284,99.20,326.00,1,1,0
46897,3.284,119.70,393.00,1,1,0
46899,3.284,98.70,324.00,1,1,0
46902,3.284,99.10,326.00,1,1,0
46904,3.288,98.90,324.00,1,1,0
46907,3.284,98.90,324.00,1,1,0
46909,3.284,98.90,324.00,1,1,0
46912,3.284,98.80,324.00,1,1,0
46914,3.284,98.60,323.00,1,1,0
46917,3.284,99.10,326.00,1,1,0
46919,3.284,99.40,326.00,1,1,0
46922,3.284,99.10,324.00,1,1,0
46924,3.284,98.80,324.00,1,1,0
46926,3.284,98.70,324.00,1,1,0
46929,3.284,98.70,324.00,1,1,0
46942,3.284,98.70,324.00,1,1,0
46944,3.284,98.60,328.00,1,0,1
46947,3.284,98.90,324.00,1,0,1
46949,3.260,98.40,321.00,1,1,0
46951,3.284,99.10,323.00,1,1,0
46954,3.284,99.10,326.00,1,1,0
46956,3.284,98.60,324.00,1,1,0
46959,3.288,99.00,324.00,1,1,0
46961,3.284,98.70,324.00,1,1,0
46964,3.284,98.40,323.00,1,1,0
46966,3.284,98.50,324.00,1,1,0
46969,3.284,99.00,324.00,1,1,0
46971,3.284,99.10,326.00,1,1,0
46974,3.284,98.80,306.00,1,1,0
46986,3.284,98.80,324.00,1,1,0
46989,3.284,98.70,326.00,1,1,0
46991,3.284,99.50,328.00,1,1,0
46994,3.284,98.70,324.00,1,1,0
46996,3.284,98.50,326.00,1,1,0
46999,3.284,100.50,329.00,1,0,1
47001,3.284,131.60,433.00,1,0,1
47004,3.284,98.80,336.00,1,1,0
47006,3.268,100.90,329.00,1,1,0
47009,3.280,96.50,316.00,1,1,0
47011,3.280,98.80,323.00,1,1,0
47014,3.284,98.30,323.00,1,1,0
47016,3.284,98.50,323.00,1,1,0
47019,3.284,98.30,323.00,1,1,0
47031,3.284,98.50,323.00,1,1,0
47034,3.284,100.80,331.00,1,1,0
47036,3.284,99.00,324.00,1,1,0
47039,3.280,99.30,326.00,1,1,0
47041,3.280,97.80,310.00,1,1,0
47044,3.280,98.70,324.00,1,1,0
47046,3.284,98.50,323.00,1,1,0
47048,3.284,100.00,324.00,1,1,0
47051,3.284,98.40,323.00,1,1,0
47053,3.284,97.60,321.00,1,0,1
47056,3.284,105.90,323.00,1,0,1
47058,3.284,126.00,413.00,1,1,0
47061,3.276,130.10,426.00,1,1,0
47074,3.284,99.10,326.00,1,1,0
47076,3.284,99.00,324.00,1,1,0
47078,3.284,98.70,324.00,1,1,0
47081,3.284,99.50,326.00,1,1,0
47083,3.284,99.80,324.00,1,1,0
47086,3.284,91.60,301.00,1,1,0
47088,3.284,98.50,323.00,1,1,0
47091,3.284,98.60,333.00,1,1,0
47093,3.284,102.00,324.00,1,1,0
47096,3.284,98.60,324.00,1,1,0
47098,3.284,98.70,324.00,1,1,0
47101,3.284,99.10,326.00,1,1,0
47103,3.284,98.40,323.00,1,1,0
47106,3.284,99.10,326.00,1,1,0
47118,3.284,99.00,324.00,1,1,0
47121,3.280,98.50,324.00,1,1,0
47123,3.284,98.70,324.00,1,1,0
47126,3.284,100.50,329.00,1,1,0
47128,3.284,98.70,324.00,1,1,0
47131,3.284,99.30,326.00,1,1,0
47133,3.284,98.90,324.00,1,1,0
47136,3.284,101.00,326.00,1,1,0
47138,3.284,98.80,324.00,1,1,0
47141,3.284,98.60,324.00,1,1,0
47143,3.284,100.50,310.00,1,1,0
47146,3.280,98.90,324.00,1,1,0
47148,3.284,99.10,326.00,1,1,0
47150,3.284,99.70,328.00,1,1,0
47163,3.284,98.70,324.00,1,1,0
47166,3.284,106.20,338.00,1,0,1
47168,3.280,98.90,324.00,1,0,1
47171,3.280,99.20,326.00,1,0,1
47173,3.284,90.30,206.00,1,0,1
47175,3.304,127.40,418.00,1,1,0
47178,3.284,100.80,331.00,1,1,0
47180,3.284,97.70,324.00,1,1,0
47183,3.284,100.30,329.00,1,1,0
47185,3.284,99.70,328.00,1,1,0
47188,3.284,98.80,300.00,1,1,0
47190,3.284,97.20,319.00,1,1,0
47193,3.284,99.00,324.00,1,1,0
47205,3.284,98.60,324.00,1,1,0
47208,3.288,98.60,324.00,1,1,0
47210,3.284,99.30,326.00,1,1,0
47213,3.284,98.70,324.00,1,1,0
47215,3.284,99.00,324.00,1,1,0
47218,3.284,99.30,324.00,1,1,0
47220,3.284,98.90,324.00,1,1,0
47223,3.284,98.70,324.00,1,1,0
47225,3.284,98.80,323.00,1,0,1
47228,3.284,98.80,324.00,1,0,1
47230,3.284,102.60,334.00,1,1,0
47233,3.284,101.80,333.00,1,1,0
47235,3.288,98.60,324.00,1,1,0
47238,3.284,98.20,323.00,1,1,0
47250,3.288,99.10,326.00,1,1,0
47253,3.284,99.10,326.00,1,1,0
47255,3.284,98.70,324.00,1,1,0
47258,3.288,102.60,336.00,1,1,0
47260,3.284,98.50,323.00,1,1,0
47263,3.284,99.50,324.00,1,1,0
47265,3.284,99.00,324.00,1,1,0
47268,3.284,98.70,324.00,1,1,0
47270,3.280,101.90,324.00,1,1,0
47272,3.284,98.30,323.00,1,1,0
47275,3.284,98.80,324.00,1,1,0
47277,3.284,98.80,324.00,1,1,0
47280,3.284,106.30,349.00,1,0,1
47292,3.284,91.10,306.00,1,1,0
47295,3.284,98.60,324.00,1,1,0
47297,3.284,98.70,324.00,1,1,0
47300,3.284,98.60,324.00,1,1,0
47302,3.284,99.90,328.00,1,1,0
47305,3.284,98.90,324.00,1,1,0
47307,3.288,98.40,323.00,1,1,0
47310,3.284,98.80,324.00,1,1,0
47312,3.284,99.20,326.00,1,1,0
47315,3.284,98.80,324.00,1,1,0
47317,3.288,98.90,324.00,1,1,0
47320,3.284,99.00,324.00,1,1,0
47322,3.284,98.50,323.00,1,1,0
47325,3.284,98.60,324.00,1,1,0
47337,3.284,98.30,323.00,1,0,1
47340,3.284,98.00,321.00,1,1,0
47342,3.256,94.80,311.00,1,1,0
47345,3.280,98.30,326.00,1,1,0
47347,3.284,100.90,331.00,1,1,0
47350,3.280,93.70,306.00,1,1,0
47352,3.284,98.40,324.00,1,1,0
47355,3.284,98.80,324.00,1,1,0
47357,3.284,99.40,326.00,1,1,0
47360,3.284,99.10,324.00,1,1,0
47362,3.284,97.10,319.00,1,1,0
47364,3.284,98.70,324.00,1,1,0
47367,3.284,99.10,323.00,1,1,0
47369,3.284,98.30,323.00,1,1,0
47382,3.284,98.90,324.00,1,1,0
47385,3.284,98.40,323.00,1,1,0
47387,3.284,95.70,315.00,1,1,0
47389,3.284,98.20,323.00,1,0,1
47392,3.288,99.60,328.00,1,0,1
47394,3.276,91.90,301.00,1,1,0
47397,3.264,112.80,308.00,1,1,0
47399,3.280,99.10,326.00,1,1,0
47402,3.284,98.50,323.00,1,1,0
47404,3.284,98.50,324.00,1,1,0
47407,3.284,99.70,328.00,1,1,0
47409,3.284,99.90,328.00,1,1,0
47412,3.284,100.40,326.00,1,1,0
47414,3.284,99.10,326.00,1,1,0
47427,3.284,98.60,324.00,1,1,0
47429,3.284,98.60,324.00,1,1,0
47432,3.284,98.40,324.00,1,1,0
47434,3.284,98.70,324.00,1,1,0
47437,3.284,99.70,328.00,1,1,0
47439,3.284,98.90,324.00,1,1,0
47442,3.284,99.70,328.00,1,1,0
47444,3.284,99.50,326.00,1,1,0
47447,3.284,105.40,346.00,1,0,1
47449,3.272,101.50,339.00,1,0,1
47452,3.284,105.10,344.00,1,1,0
47454,3.284,100.00,328.00,1,1,0
47457,3.284,99.00,315.00,1,1,0
47469,3.284,98.40,326.00,1,1,0
47472,3.284,102.30,336.00,1,1,0
47474,3.284,99.60,328.00,1,1,0
47477,3.284,99.10,324.00,1,1,0
47479,3.284,98.50,323.00,1,1,0
47482,3.284,98.70,324.00,1,1,0
47484,3.284,97.50,323.00,1,1,0
47487,3.284,99.50,326.00,1,1,0
47489,3.284,99.50,326.00,1,1,0
47491,3.284,99.50,326.00,1,1,0
47494,3.284,99.50,328.00,1,1,0
47496,3.284,90.10,297.00,1,1,0
47499,3.284,98.50,323.00,1,1,0
47501,3.284,99.20,324.00,1,0,1
47514,3.284,98.30,324.00,1,1,0
47517,3.284,99.10,326.00,1,1,0
47519,3.284,97.10,319.00,1,1,0
47521,3.280,99.40,324.00,1,1,0
47524,3.284,99.10,326.00,1,1,0
47526,3.284,98.70,324.00,1,1,0
47529,3.284,98.40,326.00,1,1,0
47531,3.284,98.20,323.00,1,1,0
47534,3.284,98.50,324.00,1,1,0
47536,3.284,98.90,324.00,1,1,0
47539,3.284,99.20,326.00,1,1,0
47541,3.284,99.10,326.00,1,1,0
47544,3.284,98.50,323.00,1,1,0
47546,3.284,98.70,324.00,1,1,0
47559,3.284,98.90,434.00,1,0,1
47561,3.284,99.50,326.00,1,1,0
47564,3.276,93.90,308.00,1,1,0
47566,3.284,99.10,324.00,1,1,0
47569,3.284,98.80,324.00,1,1,0
47571,3.284,98.70,324.00,1,1,0
47574,3.284,99.20,323.00,1,1,0
47576,3.284,98.80,324.00,1,1,0
47579,3.284,98.50,323.00,1,1,0
47581,3.284,98.30,324.00,1,1,0
47584,3.284,99.40,326.00,1,1,0
47586,3.284,98.80,324.00,1,1,0
47588,3.284,98.90,324.00,1,1,0
47591,3.284,98.90,324.00,1,1,0
47604,3.284,99.20,324.00,1,1,0
47606,3.284,98.90,324.00,1,1,0
47609,3.284,98.70,324.00,1,1,0
47611,3.284,98.50,334.00,1,0,1
47614,3.280,98.60,321.00,1,0,1
47616,3.280,98.40,323.00,1,1,0
47618,3.256,105.50,326.00,1,1,0
47621,3.280,94.10,308.00,1,1,0
47623,3.272,100.60,331.00,1,1,0
47626,3.288,100.60,326.00,1,1,0
47628,3.284,98.60,324.00,1,1,0
47631,3.284,98.90,324.00,1,1,0
47633,3.284,97.00,323.00,1,1,0
47636,3.284,98.80,324.00,1,1,0
47648,3.284,100.30,329.00,1,1,0
47651,3.284,99.20,326.00,1,1,0
47653,3.284,98.70,324.00,1,1,0
47656,3.284,93.90,308.00,1,1,0
47658,3.284,98.60,324.00,1,1,0
47661,3.284,99.30,326.00,1,1,0
47663,3.284,99.10,313.00,1,1,0
47666,3.284,98.90,324.00,1,0,1
47668,3.276,98.90,324.00,1,0,1
47671,3.288,99.40,324.00,1,1,0
47673,3.276,94.20,310.00,1,1,0
47676,3.288,98.90,324.00,1,1,0
47678,3.276,99.50,323.00,1,1,0
47681,3.284,98.60,324.00,1,1,0
47693,3.284,98.50,323.00,1,1,0
47696,3.284,99.30,326.00,1,1,0
47698,3.288,99.70,326.00,1,1,0
47701,3.288,90.40,297.00,1,1,0
47703,3.284,99.20,326.00,1,1,0
47706,3.284,99.60,339.00,1,1,0
47708,3.284,99.20,326.00,1,1,0
47711,3.288,99.20,326.00,1,1,0
47713,3.288,99.00,324.00,1,1,0
47715,3.288,103.20,326.00,1,1,0
47718,3.288,99.50,328.00,1,1,0
47720,3.284,104.60,344.00,1,0,1
47723,3.288,106.70,321.00,1,0,1
47725,3.264,99.30,326.00,1,1,0
47738,3.284,98.80,324.00,1,1,0
47740,3.284,100.70,331.00,1,1,0
47743,3.284,99.10,329.00,1,1,0
47745,3.284,99.20,326.00,1,1,0
47748,3.284,99.30,326.00,1,1,0
47750,3.284,99.00,333.00,1,1,0
47753,3.284,98.70,324.00,1,1,0
47755,3.288,98.60,324.00,1,1,0
47758,3.280,97.80,310.00,1,1,0
47760,3.280,98.40,323.00,1,1,0
47763,3.284,99.20,326.00,1,1,0
47765,3.284,99.50,326.00,1,1,0
47768,3.284,99.00,323.00,1,1,0
47770,3.284,98.80,324.00,1,1,0
47783,3.284,122.10,400.00,1,1,0
47785,3.280,98.90,324.00,1,1,0
47788,3.284,100.20,324.00,1,1,0
47790,3.284,98.70,324.00,1,1,0
47793,3.284,98.70,324.00,1,1,0
47795,3.284,98.60,324.00,1,1,0
47798,3.284,100.50,331.00,1,1,0
47800,3.284,99.20,326.00,1,1,0
47803,3.284,93.40,297.00,1,1,0
47805,3.284,91.90,301.00,1,1,0
47808,3.284,98.80,324.00,1,1,0
47810,3.272,99.00,323.00,1,1,0
47812,3.284,98.90,324.00,1,1,0
47815,3.284,97.10,319.00,1,1,0
47828,3.284,98.80,324.00,1,1,0
47830,3.284,99.10,326.00,1,1,0
47833,3.284,105.20,324.00,1,0,1
47835,3.284,98.60,324.00,1,0,1
47837,3.284,126.60,415.00,1,1,0
47840,3.280,99.90,324.00,1,1,0
47842,3.284,99.00,324.00,1,1,0
47845,3.284,99.10,326.00,1,1,0
47847,3.284,99.20,324.00,1,1,0
47850,3.288,98.80,324.00,1,1,0
47852,3.284,98.70,324.00,1,1,0
47855,3.284,99.20,334.00,1,1,0
47857,3.284,98.90,324.00,1,1,0
47860,3.280,96.30,316.00,1,1,0
47872,3.284,98.60,324.00,1,1,0
47875,3.284,99.50,326.00,1,1,0
47877,3.284,98.90,324.00,1,1,0
47880,3.284,99.10,326.00,1,1,0
47882,3.284,99.40,326.00,1,1,0
47885,3.284,99.10,326.00,1,1,0
47887,3.284,102.90,338.00,1,0,1
47890,3.260,98.60,324.00,1,0,1
47892,3.284,99.00,415.00,1,1,0
47895,3.284,98.30,323.00,1,1,0
47897,3.284,98.90,324.00,1,1,0
47900,3.284,99.20,324.00,1,1,0
47902,3.276,99.40,326.00,1,1,0
47905,3.280,99.20,326.00,1,1,0
47917,3.284,98.80,324.00,1,1,0
47920,3.284,99.10,326.00,1,1,0
47922,3.284,98.60,324.00,1,1,0
47925,3.284,98.70,324.00,1,1,0
47927,3.284,99.90,328.00,1,1,0
47930,3.284,98.80,324.00,1,1,0
47932,3.284,99.00,324.00,1,1,0
47935,3.284,99.20,326.00,1,1,0
47937,3.284,102.20,336.00,1,1,0
47939,3.284,98.40,323.00,1,1,0
47942,3.284,99.10,324.00,1,0,1
47944,3.284,130.70,334.00,1,0,1
47947,3.284,103.10,336.00,1,1,0
47949,3.280,101.00,331.00,1,1,0
47962,3.284,99.60,328.00,1,1,0
47964,3.280,94.30,319.00,1,1,0
47967,3.284,94.40,310.00,1,1,0
47969,3.284,99.40,326.00,1,1,0
47972,3.284,99.10,324.00,1,1,0
47974,3.284,99.40,326.00,1,1,0
47977,3.284,99.10,326.00,1,1,0
47979,3.284,99.20,326.00,1,1,0
47982,3.284,97.60,324.00,1,1,0
47984,3.272,99.60,328.00,1,1,0
47987,3.284,99.30,326.00,1,1,0
47989,3.284,98.60,324.00,1,1,0
47992,3.284,98.50,323.00,1,1,0
47994,3.288,98.50,323.00,1,1,0
48007,3.280,99.80,328.00,1,1,0
48009,3.280,91.90,301.00,1,1,0
48012,3.284,98.80,324.00,1,1,0
48014,3.284,99.40,326.00,1,1,0
48017,3.288,98.50,324.00,1,1,0
48019,3.284,98.90,324.00,1,1,0
48022,3.284,98.90,324.00,1,1,0
48024,3.284,98.60,324.00,1,1,0
48027,3.284,98.80,324.00,1,1,0
48029,3.284,99.20,326.00,1,1,0
48032,3.284,99.70,328.00,1,1,0
48034,3.284,99.30,326.00,1,1,0
48036,3.284,98.70,324.00,1,1,0
48039,3.284,98.70,324.00,1,1,0
48052,3.284,99.00,324.00,1,0,1
48054,3.272,99.00,324.00,1,0,1
48057,3.284,99.20,326.00,1,1,0
48059,3.272,108.20,352.00,1,1,0
48061,3.280,94.10,324.00,1,1,0
48064,3.284,102.80,338.00,1,1,0
48066,3.280,97.50,319.00,1,1,0
48069,3.284,98.80,324.00,1,1,0
48071,3.284,99.40,326.00,1,1,0
48074,3.284,98.60,324.00,1,1,0
48076,3.284,92.60,305.00,1,1,0
48079,3.284,98.60,328.00,1,1,0
48081,3.284,98.90,324.00,1,1,0
48084,3.284,99.00,324.00,1,1,0
48096,3.284,98.90,324.00,1,1,0
48099,3.284,99.00,324.00,1,1,0
48101,3.284,98.70,324.00,1,1,0
48104,3.284,98.50,323.00,1,1,0
48106,3.284,98.50,328.00,1,1,0
48109,3.284,105.40,346.00,1,0,1
48111,3.284,90.20,297.00,1,0,1
48114,3.264,98.80,339.00,1,1,0
48116,3.276,98.90,324.00,1,1,0
48119,3.284,93.70,308.00,1,1,0
48121,3.284,98.50,329.00,1,1,0
48124,3.284,99.50,326.00,1,1,0
48126,3.284,99.50,326.00,1,1,0
48129,3.284,98.80,324.00,1,1,0
48141,3.284,99.30,326.00,1,1,0
48144,3.284,98.50,323.00,1,1,0
48146,3.284,99.10,326.00,1,1,0
48149,3.284,98.60,324.00,1,1,0
48151,3.284,99.00,324.00,1,1,0
48154,3.284,99.00,324.00,1,1,0
48156,3.284,99.10,326.00,1,1,0
48158,3.284,99.30,328.00,1,1,0
48161,3.284,100.40,329.00,1,1,0
48163,3.284,99.60,328.00,1,0,1
48166,3.280,101.30,329.00,1,0,1
48168,3.284,93.90,308.00,1,1,0
48171,3.272,106.50,347.00,1,1,0
48183,3.284,98.40,323.00,1,1,0
48186,3.284,99.80,328.00,1,1,0
48188,3.284,99.20,324.00,1,1,0
48191,3.284,99.10,324.00,1,1,0
48193,3.284,99.00,324.00,1,1,0
48196,3.284,99.50,324.00,1,1,0
48198,3.284,98.60,324.00,1,1,0
48201,3.284,96.90,318.00,1,1,0
48203,3.284,98.60,324.00,1,1,0
48206,3.284,98.70,324.00,1,1,0
48208,3.288,99.40,326.00,1,1,0
48211,3.288,99.50,328.00,1,1,0
48213,3.284,90.40,297.00,1,1,0
48216,3.284,99.50,326.00,1,1,0
48228,3.268,123.80,406.00,1,1,0
48231,3.280,99.80,328.00,1,1,0
48233,3.284,98.70,324.00,1,1,0
48236,3.284,99.00,324.00,1,1,0
48238,3.284,99.30,326.00,1,1,0
48241,3.284,99.20,328.00,1,1,0
48243,3.284,99.00,324.00,1,1,0
48246,3.284,98.50,323.00,1,1,0
48248,3.284,98.70,319.00,1,1,0
48251,3.284,98.70,324.00,1,1,0
48253,3.284,99.50,326.00,1,1,0
48255,3.284,99.60,328.00,1,1,0
48258,3.284,99.80,328.00,1,1,0
48260,3.284,99.10,326.00,1,1,0
48273,3.284,99.10,326.00,1,1,0
48276,3.284,98.90,324.00,1,0,1
48278,3.284,107.40,324.00,1,0,1
48280,3.284,131.60,433.00,1,1,0
48283,3.276,130.40,428.00,1,1,0
48285,3.280,98.80,329.00,1,1,0
48288,3.284,99.50,326.00,1,1,0
48290,3.284,98.90,324.00,1,1,0
48293,3.284,98.80,324.00,1,1,0
48295,3.284,98.60,324.00,1,1,0
48298,3.284,98.70,324.00,1,1,0
48300,3.284,98.40,324.00,1,1,0
48303,3.288,98.60,324.00,1,1,0
48305,3.284,99.40,326.00,1,1,0
48318,3.284,98.50,323.00,1,1,0
48320,3.284,99.30,326.00,1,1,0
48323,3.284,98.90,324.00,1,1,0
48325,3.284,98.90,324.00,1,1,0
48328,3.284,98.80,324.00,1,1,0
48330,3.284,99.80,328.00,1,1,0
48333,3.284,99.00,324.00,1,0,1
48335,3.284,99.50,326.00,1,0,1
48338,3.284,101.20,315.00,1,1,0
48340,3.280,99.30,326.00,1,1,0
48343,3.288,99.40,326.00,1,1,0
48345,3.284,99.10,323.00,1,1,0
48348,3.284,98.30,323.00,1,1,0
48350,3.284,98.20,323.00,1,1,0
48363,3.284,98.90,324.00,1,1,0
48365,3.284,98.40,323.00,1,1,0
48368,3.284,98.80,324.00,1,1,0
48370,3.284,99.10,326.00,1,1,0
48373,3.284,97.30,308.00,1,1,0
48375,3.280,99.00,324.00,1,1,0
48377,3.284,98.90,324.00,1,1,0
48380,3.284,100.30,329.00,1,1,0
48382,3.284,98.00,323.00,1,1,0
48385,3.284,99.10,326.00,1,1,0
48387,3.284,106.30,349.00,1,0,1
48390,3.284,131.40,324.00,1,0,1
48392,3.284,131.70,431.00,1,1,0
48405,3.284,99.00,324.00,1,1,0
48407,3.284,99.60,328.00,1,1,0
48410,3.284,98.20,326.00,1,1,0
48412,3.284,98.30,323.00,1,1,0
48415,3.284,99.50,326.00,1,1,0
48417,3.284,91.20,298.00,1,1,0
48420,3.284,98.90,324.00,1,1,0
48422,3.284,99.00,324.00,1,1,0
48425,3.284,99.10,326.00,1,1,0
48427,3.284,98.40,323.00,1,1,0
48430,3.284,98.90,324.00,1,1,0
48432,3.284,99.00,324.00,1,1,0
48435,3.284,98.90,324.00,1,1,0
48437,3.284,100.20,329.00,1,1,0
48450,3.284,100.10,329.00,1,1,0
48452,3.284,98.90,324.00,1,1,0
48455,3.284,98.80,324.00,1,1,0
48457,3.284,98.90,324.00,1,1,0
48460,3.284,99.10,326.00,1,1,0
48462,3.288,98.70,326.00,1,1,0
48465,3.284,98.80,324.00,1,1,0
48467,3.284,99.50,326.00,1,1,0
48470,3.284,99.30,333.00,1,1,0
48472,3.284,103.00,338.00,1,1,0
48475,3.276,93.90,308.00,1,1,0
48477,3.264,99.90,324.00,1,1,0
48479,3.284,94.50,310.00,1,1,0
48482,3.284,97.70,321.00,1,1,0
48495,3.284,98.70,324.00,1,1,0
48497,3.284,99.20,324.00,1,0,1
48500,3.284,132.70,326.00,1,0,1
48502,3.284,105.40,342.00,1,1,0
48504,3.284,102.20,336.00,1,1,0
48507,3.284,98.80,328.00,1,1,0
48509,3.284,98.70,324.00,1,1,0
48512,3.284,99.00,324.00,1,1,0
48514,3.284,99.20,324.00,1,1,0
48517,3.284,99.50,328.00,1,1,0
48519,3.288,94.00,308.00,1,1,0
48522,3.284,90.30,324.00,1,1,0
48524,3.284,99.20,326.00,1,1,0
48527,3.276,100.10,329.00,1,1,0
48539,3.284,98.60,324.00,1,1,0
48542,3.284,99.40,326.00,1,1,0
48544,3.284,98.60,326.00,1,1,0
48547,3.284,99.40,326.00,1,1,0
48549,3.284,101.20,333.00,1,1,0
48552,3.284,99.20,349.00,1,0,1
48554,3.284,132.20,434.00,1,0,1
48557,3.284,98.50,323.00,1,1,0
48559,3.284,90.30,298.00,1,1,0
48562,3.284,91.00,298.00,1,1,0
48564,3.284,90.30,297.00,1,1,0
48567,3.284,90.40,297.00,1,1,0
48569,3.284,99.80,328.00,1,1,0
48572,3.268,90.20,297.00,1,1,0
48588,3.284,98.50,323.00,1,1,0
48591,3.284,98.50,323.00,1,1,0
48593,3.284,98.80,324.00,1,1,0
48596,3.284,99.00,324.00,1,1,0
48598,3.284,99.00,324.00,1,1,0
48601,3.284,98.80,331.00,1,1,0
48603,3.284,98.60,324.00,1,1,0
48606,3.284,98.60,324.00,1,0,1
48608,3.276,98.60,326.00,1,0,1
48610,3.284,98.90,324.00,1,1,0
48613,3.284,99.20,326.00,1,1,0
48615,3.284,98.00,321.00,1,1,0
48618,3.284,99.30,339.00,1,1,0
48620,3.284,98.90,324.00,1,1,0
48633,3.284,98.90,324.00,1,1,0
48635,3.284,99.30,326.00,1,1,0
48638,3.284,98.70,324.00,1,1,0
48640,3.280,99.50,326.00,1,1,0
48643,3.284,99.10,326.00,1,1,0
48645,3.284,99.20,324.00,1,1,0
48648,3.284,99.30,326.00,1,1,0
48650,3.284,99.10,326.00,1,1,0
48653,3.284,99.10,326.00,1,1,0
48655,3.284,98.70,324.00,1,1,0
48658,3.284,98.60,324.00,1,1,0
48660,3.284,99.10,324.00,1,1,0
48663,3.284,100.00,328.00,1,0,1
48665,3.284,98.90,324.00,1,0,1
48678,3.284,96.70,318.00,1,1,0
48680,3.284,93.70,308.00,1,1,0
48683,3.284,98.80,324.00,1,1,0
48685,3.284,98.80,324.00,1,1,0
48688,3.284,99.20,326.00,1,1,0
48690,3.284,98.90,324.00,1,1,0
48693,3.284,98.70,324.00,1,1,0
48695,3.284,98.80,324.00,1,1,0
48698,3.284,98.40,324.00,1,1,0
48700,3.284,98.50,323.00,1,1,0
48703,3.284,98.50,323.00,1,1,0
48705,3.284,98.40,324.00,1,1,0
48707,3.284,99.30,326.00,1,1,0
48710,3.284,97.80,321.00,1,1,0
48723,3.284,111.20,365.00,1,1,0
48725,3.284,90.30,297.00,1,1,0
48728,3.284,119.30,308.00,1,1,0
48730,3.280,99.50,326.00,1,1,0
48732,3.284,98.80,324.00,1,1,0
48735,3.280,98.50,323.00,1,1,0
48737,3.284,99.60,328.00,1,1,0
48740,3.284,100.10,329.00,1,1,0
48742,3.284,98.60,326.00,1,1,0
48745,3.284,99.50,326.00,1,1,0
48747,3.284,99.40,326.00,1,1,0
48750,3.284,98.90,326.00,1,1,0
48752,3.284,97.90,321.00,1,1,0
48755,3.284,99.00,324.00,1,1,0
48767,3.284,98.70,324.00,1,1,0
48770,3.284,99.10,326.00,1,1,0
48772,3.284,99.70,324.00,1,0,1
48775,3.284,99.50,326.00,1,0,1
48777,3.284,100.80,328.00,1,1,0
48780,3.280,98.80,323.00,1,1,0
48782,3.280,94.30,310.00,1,1,0
48785,3.288,96.70,318.00,1,1,0
48787,3.284,99.20,324.00,1,1,0
48790,3.284,98.90,324.00,1,1,0
48792,3.284,98.70,324.00,1,1,0
48795,3.284,98.70,324.00,1,1,0
48797,3.284,98.40,323.00,1,1,0
48800,3.284,97.60,321.00,1,1,0
48812,3.284,99.30,326.00,1,1,0
48815,3.284,99.40,324.00,1,1,0
48817,3.284,98.70,324.00,1,1,0
48820,3.284,98.70,324.00,1,1,0
48822,3.284,98.40,324.00,1,1,0
48825,3.280,95.40,318.00,1,1,0
48827,3.284,97.90,321.00,1,0,1
48829,3.280,127.10,418.00,1,0,1
48832,3.284,98.40,338.00,1,1,0
48834,3.264,114.20,374.00,1,1,0
48837,3.284,95.40,313.00,1,1,0
48839,3.284,99.30,326.00,1,1,0
48842,3.284,99.80,328.00,1,1,0
48844,3.284,98.60,324.00,1,1,0
48857,3.284,99.70,328.00,1,1,0
48859,3.280,98.10,326.00,1,1,0
48862,3.284,98.60,324.00,1,1,0
48864,3.284,100.10,329.00,1,1,0
48867,3.284,103.00,326.00,1,1,0
48869,3.284,99.60,328.00,1,1,0
48872,3.284,100.00,328.00,1,1,0
48874,3.284,99.20,326.00,1,1,0
48877,3.284,98.80,329.00,1,1,0
48879,3.284,99.10,326.00,1,1,0
48882,3.284,99.20,326.00,1,0,1
48884,3.276,101.60,308.00,1,0,1
48887,3.284,101.50,331.00,1,1,0
48899,3.284,98.80,324.00,1,1,0
48902,3.284,98.70,324.00,1,1,0
48904,3.288,98.60,326.00,1,1,0
48907,3.284,98.50,323.00,1,1,0
48909,3.284,99.00,324.00,1,1,0
48912,3.284,98.70,324.00,1,1,0
48914,3.284,98.50,323.00,1,1,0
48917,3.284,98.50,323.00,1,1,0
48919,3.284,99.10,324.00,1,1,0
48922,3.284,98.80,324.00,1,1,0
48924,3.284,98.90,324.00,1,1,0
48927,3.284,99.80,328.00,1,1,0
48929,3.288,90.30,297.00,1,1,0
48931,3.284,97.90,321.00,1,1,0
48944,3.284,136.90,449.00,1,1,0
48947,3.284,99.70,328.00,1,1,0
48949,3.284,99.00,324.00,1,1,0
48952,3.284,99.00,324.00,1,1,0
48954,3.284,98.60,324.00,1,1,0
48957,3.284,99.20,326.00,1,1,0
48959,3.284,98.70,324.00,1,1,0
48961,3.284,97.70,321.00,1,1,0
48964,3.284,98.50,326.00,1,1,0
48966,3.284,98.50,323.00,1,1,0
48969,3.284,98.90,324.00,1,1,0
48971,3.284,98.90,336.00,1,1,0
48974,3.284,99.60,328.00,1,1,0
48976,3.284,98.40,323.00,1,1,0
48989,3.280,98.60,324.00,1,1,0
48991,3.284,98.70,324.00,1,1,0
48994,3.284,99.20,349.00,1,0,1
48996,3.284,133.10,436.00,1,0,1
48999,3.284,98.70,323.00,1,1,0
49001,3.284,93.90,328.00,1,1,0
49004,3.284,99.00,324.00,1,1,0
49006,3.284,99.60,328.00,1,1,0
49009,3.284,99.00,326.00,1,1,0
49011,3.284,98.70,324.00,1,1,0
49014,3.284,98.60,324.00,1,1,0
49016,3.284,98.70,324.00,1,1,0
49019,3.284,98.90,324.00,1,1,0
49021,3.284,99.20,326.00,1,1,0
49034,3.284,90.30,297.00,1,1,0
49036,3.288,98.60,324.00,1,1,0
49039,3.284,99.60,324.00,1,1,0
49041,3.284,99.10,326.00,1,1,0
49044,3.284,97.60,321.00,1,1,0
49046,3.288,100.60,334.00,1,1,0
49049,3.288,99.20,324.00,1,0,1
49051,3.284,99.10,323.00,1,0,1
49054,3.284,100.50,329.00,1,1,0
49056,3.256,99.90,328.00,1,1,0
49058,3.284,99.00,324.00,1,1,0
49061,3.284,98.10,328.00,1,1,0
49063,3.284,98.70,324.00,1,1,0
49066,3.284,98.70,324.00,1,1,0
49079,3.284,96.70,318.00,1,1,0
49081,3.288,98.70,324.00,1,1,0
49083,3.284,98.90,324.00,1,1,0
49086,3.284,98.80,324.00,1,1,0
49088,3.288,103.30,339.00,1,1,0
49091,3.284,93.80,328.00,1,1,0
49093,3.284,99.10,326.00,1,1,0
49096,3.288,98.90,324.00,1,1,0
49098,3.280,96.60,324.00,1,1,0
49101,3.288,96.50,318.00,1,1,0
49103,3.284,98.70,324.00,1,0,1
49106,3.284,98.80,434.00,1,0,1
49108,3.284,99.10,326.00,1,1,0
49111,3.276,93.80,308.00,1,1,0
49123,3.284,97.40,319.00,1,1,0
49126,3.284,99.30,328.00,1,1,0
49128,3.284,99.90,328.00,1,1,0
49131,3.284,99.20,326.00,1,1,0
49133,3.284,99.40,297.00,1,1,0
49136,3.284,93.60,308.00,1,1,0
49138,3.284,99.40,326.00,1,1,0
49141,3.284,99.40,324.00,1,1,0
49143,3.284,98.70,324.00,1,1,0
49146,3.284,98.40,323.00,1,1,0
49148,3.284,98.90,324.00,1,1,0
49151,3.288,99.00,326.00,1,1,0
49153,3.284,99.60,328.00,1,1,0
49155,3.284,99.10,326.00,1,1,0
49168,3.284,98.90,324.00,1,1,0
49171,3.284,99.40,326.00,1,1,0
49173,3.284,99.40,326.00,1,1,0
49176,3.284,99.00,324.00,1,1,0
49178,3.284,98.70,326.00,1,1,0
49180,3.284,98.60,324.00,1,1,0
49183,3.284,98.60,324.00,1,1,0
49185,3.284,98.60,333.00,1,1,0
49188,3.284,98.90,324.00,1,1,0
49190,3.284,101.10,333.00,1,1,0
49193,3.280,94.80,311.00,1,1,0
49195,3.284,98.50,323.00,1,1,0
49198,3.284,99.00,326.00,1,1,0
49200,3.288,98.60,324.00,1,1,0
49213,3.284,98.40,323.00,1,0,1
49215,3.276,99.00,431.00,1,0,1
49218,3.284,98.80,324.00,1,0,1
49220,3.284,101.20,333.00,1,0,1
49223,3.308,62.30,206.00,1,1,0
49225,3.304,93.80,308.00,1,1,0
49228,3.284,98.50,324.00,1,1,0
49230,3.284,99.20,329.00,1,1,0
49233,3.288,99.00,324.00,1,1,0
49235,3.288,100.10,329.00,1,1,0
49238,3.284,90.20,297.00,1,1,0
49240,3.288,99.50,328.00,1,1,0
49243,3.284,99.20,326.00,1,1,0
49245,3.284,98.40,323.00,1,1,0
49258,3.288,99.50,326.00,1,1,0
49260,3.288,99.80,328.00,1,1,0
49263,3.284,99.20,326.00,1,1,0
49265,3.288,99.50,326.00,1,1,0
49268,3.280,99.40,326.00,1,1,0
49270,3.288,99.00,324.00,1,1,0
49273,3.288,98.90,324.00,1,0,1
49275,3.276,99.40,324.00,1,0,1
49277,3.256,99.20,326.00,1,1,0
49280,3.260,102.60,338.00,1,1,0
49282,3.268,100.90,326.00,1,1,0
49285,3.284,99.00,324.00,1,1,0
49287,3.284,98.80,324.00,1,1,0
49290,3.284,99.90,324.00,1,1,0
49303,3.288,100.40,329.00,1,1,0
49305,3.284,96.00,323.00,1,1,0
49307,3.284,98.40,323.00,1,1,0
49310,3.284,98.60,324.00,1,1,0
49312,3.284,98.90,324.00,1,1,0
49315,3.284,97.70,321.00,1,1,0
49317,3.284,99.10,326.00,1,1,0
49320,3.284,97.30,324.00,1,1,0
49322,3.284,98.40,323.00,1,1,0
49325,3.284,99.20,326.00,1,1,0
49327,3.284,98.60,324.00,1,1,0
49330,3.284,99.10,326.00,1,0,1
49332,3.284,99.20,326.00,1,0,1
49335,3.284,107.40,324.00,1,1,0
49347,3.284,99.30,326.00,1,1,0
49350,3.288,99.80,328.00,1,1,0
49352,3.284,98.50,324.00,1,1,0
49355,3.288,100.00,328.00,1,1,0
49357,3.284,98.00,324.00,1,1,0
49360,3.284,99.30,326.00,1,1,0
49362,3.284,99.50,326.00,1,1,0
49365,3.284,99.00,328.00,1,1,0
49367,3.288,99.30,326.00,1,1,0
49370,3.284,99.00,326.00,1,1,0
49372,3.284,99.30,324.00,1,1,0
49375,3.284,98.80,324.00,1,1,0
49377,3.284,98.40,323.00,1,1,0
49379,3.288,100.00,328.00,1,1,0
49392,3.284,98.60,321.00,1,1,0
49395,3.284,99.10,326.00,1,1,0
49397,3.284,94.50,310.00,1,1,0
49400,3.284,99.50,326.00,1,1,0
49402,3.284,99.20,324.00,1,1,0
49404,3.284,98.60,324.00,1,1,0
49407,3.284,98.40,323.00,1,1,0
49409,3.284,98.70,324.00,1,1,0
49412,3.284,99.20,326.00,1,1,0
49414,3.284,99.10,326.00,1,1,0
49417,3.284,99.30,328.00,1,1,0
49419,3.284,102.50,336.00,1,1,0
49422,3.284,99.00,324.00,1,1,0
49424,3.284,98.70,326.00,1,1,0
49437,3.284,98.50,323.00,1,1,0
49439,3.284,99.30,326.00,1,0,1
49442,3.284,90.30,297.00,1,0,1
49444,3.264,101.40,336.00,1,1,0
49447,3.284,101.40,333.00,1,1,0
49449,3.288,99.40,326.00,1,1,0
49452,3.284,98.40,323.00,1,1,0
49454,3.284,98.40,324.00,1,1,0
49457,3.284,98.80,324.00,1,1,0
49459,3.284,99.70,328.00,1,1,0
49462,3.284,100.90,326.00,1,1,0
49464,3.284,99.10,326.00,1,1,0
49467,3.288,98.90,324.00,1,1,0
49469,3.284,98.90,324.00,1,1,0
49482,3.284,99.20,324.00,1,1,0
49484,3.284,98.80,324.00,1,1,0
49487,3.284,99.90,328.00,1,1,0
49489,3.284,98.80,328.00,1,1,0
49492,3.288,101.30,333.00,1,1,0
49494,3.284,105.00,344.00,1,0,1
49497,3.288,99.10,318.00,1,0,1
49499,3.268,108.10,352.00,1,1,0
49501,3.260,99.10,324.00,1,1,0
49504,3.280,99.70,328.00,1,1,0
49506,3.272,99.50,326.00,1,1,0
49509,3.284,99.30,326.00,1,1,0
49511,3.284,98.50,323.00,1,1,0
49514,3.284,98.90,324.00,1,1,0
49526,3.284,98.80,324.00,1,1,0
49529,3.284,98.80,324.00,1,1,0
49531,3.284,98.50,323.00,1,1,0
49534,3.284,98.30,338.00,1,1,0
49536,3.276,99.60,328.00,1,1,0
49539,3.284,98.90,324.00,1,1,0
49541,3.288,100.00,326.00,1,1,0
49544,3.284,90.30,297.00,1,1,0
49546,3.284,92.20,303.00,1,1,0
49549,3.284,98.70,342.00,1,0,1
49551,3.284,98.40,323.00,1,0,1
49554,3.284,98.60,323.00,1,1,0
49556,3.252,94.00,308.00,1,1,0
49559,3.280,99.50,326.00,1,1,0
49571,3.272,101.10,324.00,1,1,0
49574,3.284,99.10,326.00,1,1,0
49576,3.284,98.60,324.00,1,1,0
49579,3.288,100.80,334.00,1,1,0
49581,3.284,99.40,326.00,1,1,0
49584,3.288,97.20,319.00,1,1,0
49586,3.284,98.70,326.00,1,1,0
49589,3.288,99.20,326.00,1,1,0
49591,3.284,99.10,326.00,1,1,0
49594,3.284,98.80,334.00,1,1,0
49596,3.284,98.60,324.00,1,1,0
49598,3.284,98.40,323.00,1,1,0
49601,3.280,100.10,306.00,1,1,0
49603,3.280,98.60,324.00,1,0,1
49616,3.284,98.60,323.00,1,1,0
49619,3.284,98.50,323.00,1,1,0
49621,3.284,97.20,319.00,1,1,0
49623,3.284,101.60,329.00,1,1,0
49626,3.280,99.10,326.00,1,1,0
49628,3.284,98.70,324.00,1,1,0
49631,3.284,98.50,326.00,1,1,0
49633,3.284,99.00,324.00,1,1,0
49636,3.284,99.00,324.00,1,1,0
49638,3.284,92.40,326.00,1,1,0
49641,3.284,99.30,326.00,1,1,0
49643,3.288,99.00,326.00,1,1,0
49646,3.288,98.60,297.00,1,1,0
49648,3.284,99.00,326.00,1,1,0
49661,3.284,106.90,326.00,1,0,1
49663,3.284,98.30,323.00,1,1,0
49666,3.276,133.80,439.00,1,1,0
49668,3.288,99.70,315.00,1,1,0
49671,3.280,99.00,324.00,1,1,0
49673,3.284,99.30,326.00,1,1,0
49676,3.288,99.20,324.00,1,1,0
49678,3.284,98.60,324.00,1,1,0
49681,3.284,98.40,323.00,1,1,0
49683,3.284,98.80,321.00,1,1,0
49686,3.284,98.60,324.00,1,1,0
49688,3.284,99.90,328.00,1,1,0
49691,3.284,99.30,326.00,1,1,0
49693,3.284,98.50,323.00,1,1,0
49706,3.284,98.80,324.00,1,1,0
49708,3.284,98.90,324.00,1,1,0
49711,3.284,99.80,328.00,1,1,0
49713,3.288,98.60,323.00,1,1,0
49716,3.284,92.20,303.00,1,0,1
49718,3.284,98.90,324.00,1,0,1
49720,3.284,132.80,336.00,1,1,0
49723,3.284,99.80,328.00,1,1,0
49725,3.284,100.50,329.00,1,1,0
49728,3.284,98.60,323.00,1,1,0
49730,3.284,98.30,323.00,1,1,0
49733,3.284,98.70,324.00,1,1,0
49735,3.284,98.70,326.00,1,1,0
49738,3.288,99.00,326.00,1,1,0
49750,3.284,98.70,324.00,1,1,0
49753,3.288,99.40,326.00,1,1,0
49755,3.288,99.40,326.00,1,1,0
49758,3.288,99.00,326.00,1,1,0
49760,3.288,98.40,323.00,1,1,0
49763,3.288,99.80,328.00,1,1,0
49765,3.284,98.60,324.00,1,1,0
49768,3.288,98.70,324.00,1,1,0
49770,3.284,103.60,339.00,1,0,1
49773,3.288,131.20,326.00,1,0,1
49775,3.288,110.40,362.00,1,1,0
49778,3.284,99.10,326.00,1,1,0
49780,3.284,98.50,324.00,1,1,0
49783,3.284,99.00,324.00,1,1,0
49795,3.284,98.60,324.00,1,1,0
49798,3.284,99.30,326.00,1,1,0
49800,3.284,97.90,329.00,1,1,0
49803,3.284,99.00,324.00,1,1,0
49805,3.284,100.10,329.00,1,1,0
49808,3.284,94.10,324.00,1,1,0
49810,3.284,98.60,324.00,1,1,0
49813,3.284,99.90,328.00,1,1,0
49815,3.284,98.80,324.00,1,1,0
49817,3.284,99.30,324.00,1,1,0
49820,3.284,98.80,324.00,1,1,0
49822,3.284,98.70,324.00,1,1,0
49825,3.284,98.60,347.00,1,0,1
49827,3.284,131.40,431.00,1,0,1
49840,3.284,98.60,324.00,1,1,0
49843,3.284,98.70,324.00,1,1,0
49845,3.284,93.00,306.00,1,1,0
49847,3.284,99.50,326.00,1,1,0
49850,3.284,96.90,318.00,1,1,0
49852,3.284,90.80,319.00,1,1,0
49855,3.284,98.70,324.00,1,1,0
49857,3.288,99.20,326.00,1,1,0
49860,3.284,98.50,324.00,1,1,0
49862,3.288,98.90,324.00,1,1,0
49865,3.284,98.80,324.00,1,1,0
49867,3.284,99.20,326.00,1,1,0
49870,3.284,99.80,329.00,1,1,0
49872,3.288,99.40,326.00,1,1,0
49885,3.284,100.50,329.00,1,1,0
49887,3.280,95.50,313.00,1,1,0
49890,3.288,98.40,324.00,1,1,0
49892,3.288,99.60,328.00,1,1,0
49895,3.284,99.00,324.00,1,1,0
49897,3.284,98.60,324.00,1,1,0
49900,3.284,98.50,323.00,1,1,0
49902,3.288,98.90,324.00,1,1,0
49905,3.288,99.30,324.00,1,1,0
49907,3.284,100.70,331.00,1,1,0
49910,3.284,97.20,319.00,1,1,0
49912,3.284,98.70,321.00,1,1,0
49914,3.288,99.10,326.00,1,1,0
49917,3.284,98.80,324.00,1,1,0
49930,3.288,98.80,324.00,1,1,0
49932,3.284,99.00,326.00,1,1,0
49935,3.288,98.90,324.00,1,0,1
49937,3.284,98.60,324.00,1,0,1
49940,3.284,99.30,326.00,1,1,0
49942,3.280,152.00,387.00,1,1,0
49944,3.280,99.90,328.00,1,1,0
49947,3.284,98.70,324.00,1,1,0
49949,3.284,98.20,328.00,1,1,0
49952,3.288,99.40,326.00,1,1,0
49954,3.284,90.30,297.00,1,1,0
49957,3.284,98.50,324.00,1,1,0
49959,3.288,99.80,328.00,1,1,0
49962,3.288,98.20,323.00,1,1,0
49974,3.288,99.40,326.00,1,1,0
49977,3.288,99.10,326.00,1,1,0
49979,3.284,99.10,323.00,1,1,0
49982,3.284,98.30,323.00,1,1,0
49984,3.288,99.00,324.00,1,1,0
49987,3.284,98.50,334.00,1,1,0
49989,3.288,99.60,328.00,1,1,0
49992,3.276,99.30,326.00,1,0,1
49994,3.284,98.60,331.00,1,0,1
49997,3.288,123.20,405.00,1,1,0
49999,3.288,98.70,324.00,1,1,0
50002,3.288,99.90,324.00,1,1,0
50004,3.284,98.60,324.00,1,1,0
50007,3.284,98.70,324.00,1,1,0
50019,3.288,102.10,336.00,1,1,0
50022,3.284,98.70,324.00,1,1,0
50024,3.284,98.90,324.00,1,1,0
50027,3.288,98.70,324.00,1,1,0
50029,3.284,98.50,323.00,1,1,0
50032,3.284,98.90,324.00,1,1,0
50034,3.284,98.40,323.00,1,1,0
50037,3.288,99.20,326.00,1,1,0
50039,3.284,98.70,324.00,1,1,0
50041,3.288,98.80,324.00,1,1,0
50044,3.284,99.30,326.00,1,1,0
50046,3.284,100.80,326.00,1,0,1
50049,3.284,100.20,328.00,1,0,1
50051,3.284,102.40,336.00,1,1,0
50064,3.288,98.50,324.00,1,1,0
50066,3.288,98.50,328.00,1,1,0
50069,3.284,98.90,326.00,1,1,0
50071,3.284,97.90,321.00,1,1,0
50074,3.284,98.60,324.00,1,1,0
50076,3.284,99.10,324.00,1,1,0
50079,3.284,98.50,323.00,1,1,0
50081,3.284,99.50,326.00,1,1,0
50084,3.284,98.70,329.00,1,1,0
50086,3.284,99.40,326.00,1,1,0
50089,3.284,99.30,326.00,1,1,0
50091,3.284,102.20,333.00,1,1,0
50094,3.284,98.80,324.00,1,1,0
50096,3.288,99.00,324.00,1,1,0
50109,3.280,94.20,310.00,1,1,0
50111,3.280,99.00,336.00,1,1,0
50114,3.284,95.20,313.00,1,1,0
50116,3.284,99.00,324.00,1,1,0
50119,3.284,98.80,323.00,1,1,0
50121,3.288,98.80,324.00,1,1,0
50124,3.288,98.50,323.00,1,1,0
50126,3.284,97.90,321.00,1,1,0
50129,3.284,98.40,324.00,1,1,0
50131,3.284,98.60,324.00,1,1,0
50134,3.284,98.80,324.00,1,1,0
50136,3.284,98.80,326.00,1,1,0
50138,3.284,98.60,324.00,1,1,0
50141,3.284,98.50,323.00,1,1,0
50154,3.288,98.40,323.00,1,1,0
50156,3.284,99.90,326.00,1,0,1
50159,3.276,90.40,297.00,1,0,1
50161,3.264,98.60,324.00,1,1,0
50163,3.252,93.90,324.00,1,1,0
50166,3.276,98.90,324.00,1,1,0
50168,3.284,98.60,324.00,1,1,0
50171,3.284,98.90,326.00,1,1,0
50173,3.284,99.20,321.00,1,1,0
50176,3.284,97.20,319.00,1,1,0
50178,3.284,98.60,324.00,1,1,0
50181,3.284,99.30,328.00,1,1,0
50183,3.288,99.10,326.00,1,1,0
50186,3.284,98.70,324.00,1,1,0
50198,3.284,99.50,328.00,1,1,0
50201,3.284,98.90,333.00,1,1,0
50203,3.284,98.80,324.00,1,1,0
50206,3.284,98.40,323.00,1,1,0
50208,3.284,99.10,326.00,1,1,0
50211,3.284,96.70,318.00,1,0,1
50213,3.288,98.60,323.00,1,0,1
50216,3.280,98.00,324.00,1,1,0
50218,3.284,159.50,523.00,1,1,0
50221,3.284,95.80,315.00,1,1,0
50223,3.284,98.70,333.00,1,1,0
50226,3.288,100.80,331.00,1,1,0
50228,3.288,99.30,326.00,1,1,0
50231,3.284,100.00,329.00,1,1,0
50243,3.284,98.60,324.00,1,1,0
50246,3.284,98.40,324.00,1,1,0
50248,3.284,98.50,323.00,1,1,0
50251,3.284,97.00,318.00,1,1,0
50253,3.288,98.30,324.00,1,1,0
50256,3.276,100.00,328.00,1,1,0
50258,3.288,100.00,328.00,1,1,0
50260,3.288,94.10,297.00,1,1,0
50263,3.284,95.80,315.00,1,1,0
50265,3.284,92.00,301.00,1,1,0
50268,3.288,98.70,324.00,1,0,1
50270,3.284,98.70,324.00,1,0,1
50273,3.284,131.00,428.00,1,1,0
50275,3.268,99.60,398.00,1,1,0
50288,3.284,99.20,326.00,1,1,0
50290,3.288,99.50,328.00,1,1,0
50293,3.288,98.90,324.00,1,1,0
50295,3.284,99.40,326.00,1,1,0
50298,3.284,98.70,324.00,1,1,0
50300,3.284,98.60,324.00,1,1,0
50303,3.284,98.80,324.00,1,1,0
50305,3.284,98.80,326.00,1,1,0
50308,3.284,99.10,326.00,1,1,0
50310,3.284,99.70,328.00,1,1,0
50313,3.284,99.60,324.00,1,1,0
50315,3.284,98.60,324.00,1,1,0
50318,3.280,97.80,321.00,1,1,0
50320,3.280,97.50,326.00,1,1,0
50333,3.280,98.80,324.00,1,1,0
50335,3.284,94.30,323.00,1,1,0
50338,3.284,98.80,324.00,1,1,0
50340,3.284,98.90,324.00,1,1,0
50343,3.284,99.20,324.00,1,1,0
50345,3.284,98.90,324.00,1,1,0
50348,3.284,99.10,326.00,1,1,0
50350,3.284,98.70,323.00,1,1,0
50353,3.284,97.80,321.00,1,1,0
50355,3.280,99.50,326.00,1,1,0
50358,3.288,99.50,328.00,1,1,0
50360,3.284,99.80,328.00,1,1,0
50362,3.284,95.50,313.00,1,1,0
50365,3.284,90.20,323.00,1,1,0
50378,3.288,101.90,334.00,1,1,0
50380,3.284,98.70,338.00,1,0,1
50383,3.284,131.80,433.00,1,0,1
50385,3.284,99.60,326.00,1,1,0
50387,3.284,97.00,331.00,1,1,0
50390,3.288,99.80,328.00,1,1,0
50392,3.284,99.50,326.00,1,1,0
50395,3.284,98.70,324.00,1,1,0
50397,3.284,97.00,318.00,1,1,0
50400,3.284,98.30,323.00,1,1,0
50402,3.288,98.80,329.00,1,1,0
50405,3.284,99.70,328.00,1,1,0
50407,3.284,99.50,326.00,1,1,0
50410,3.284,99.80,326.00,1,1,0
50422,3.280,99.40,331.00,1,1,0
50425,3.288,99.20,326.00,1,1,0
50427,3.284,101.10,333.00,1,1,0
50430,3.284,98.40,324.00,1,1,0
50432,3.284,98.60,324.00,1,1,0
50435,3.284,98.80,323.00,1,0,1
50437,3.284,129.90,426.00,1,0,1
50440,3.284,99.60,336.00,1,1,0
50442,3.256,102.10,336.00,1,1,0
50445,3.284,98.90,324.00,1,1,0
50447,3.284,97.90,323.00,1,1,0
50450,3.284,98.40,323.00,1,1,0
50452,3.284,99.20,326.00,1,1,0
50455,3.284,99.10,326.00,1,1,0
50467,3.284,90.30,308.00,1,1,0
50470,3.284,99.00,324.00,1,1,0
50472,3.284,103.80,341.00,1,1,0
50475,3.284,99.30,323.00,1,1,0
50477,3.284,98.60,324.00,1,1,0
50480,3.284,99.00,324.00,1,1,0
50482,3.284,98.80,324.00,1,1,0
50484,3.284,98.60,328.00,1,1,0
50487,3.284,99.30,326.00,1,1,0
50489,3.284,98.80,324.00,1,0,1
50492,3.284,99.30,428.00,1,0,1
50494,3.284,102.40,336.00,1,1,0
50497,3.276,93.90,308.00,1,1,0
50499,3.284,98.30,323.00,1,1,0
50512,3.284,98.90,324.00,1,1,0
50514,3.288,99.40,326.00,1,1,0
50517,3.284,99.10,326.00,1,1,0
50519,3.284,98.60,324.00,1,1,0
50522,3.288,99.30,326.00,1,1,0
50524,3.284,96.50,316.00,1,1,0
50527,3.284,98.70,326.00,1,1,0
50529,3.284,98.80,324.00,1,1,0
50532,3.284,99.70,328.00,1,1,0
50534,3.284,99.80,328.00,1,1,0
50537,3.284,98.90,324.00,1,1,0
50539,3.284,98.80,324.00,1,1,0
50542,3.284,98.90,324.00,1,1,0
50544,3.284,98.30,316.00,1,0,1
50557,3.284,99.70,321.00,1,1,0
50559,3.284,99.40,326.00,1,1,0
50562,3.284,102.50,336.00,1,1,0
50564,3.284,99.10,328.00,1,1,0
50567,3.288,99.50,326.00,1,1,0
50569,3.284,90.40,297.00,1,1,0
50572,3.284,100.00,328.00,1,1,0
50574,3.288,99.40,326.00,1,1,0
50577,3.284,101.30,331.00,1,1,0
50579,3.276,98.30,321.00,1,1,0
50581,3.284,99.20,326.00,1,1,0
50584,3.288,100.30,329.00,1,1,0
50591,3.288,99.10,326.00,1,1,0
50594,3.288,101.90,334.00,1,1,0
50596,3.288,99.40,323.00,1,1,0
50599,3.284,100.10,329.00,1,1,0
50601,3.284,103.40,339.00,1,0,1
50604,3.284,102.10,328.00,1,0,1
50606,3.284,110.80,364.00,1,1,0
50609,3.280,95.30,313.00,1,1,0
50621,3.284,96.80,318.00,1,1,0
50624,3.284,98.50,323.00,1,1,0
50626,3.284,93.70,323.00,1,1,0
50629,3.284,98.90,324.00,1,1,0
50631,3.288,100.10,329.00,1,1,0
50634,3.284,99.10,324.00,1,1,0
50636,3.284,99.10,326.00,1,1,0
50638,3.284,99.10,326.00,1,1,0
50641,3.288,99.70,324.00,1,1,0
50643,3.284,98.40,323.00,1,1,0
50646,3.284,99.30,326.00,1,1,0
50648,3.284,100.90,339.00,1,1,0
50651,3.288,99.60,328.00,1,1,0
50653,3.288,98.80,324.00,1,1,0
50666,3.280,102.20,336.00,1,1,0
50668,3.288,99.40,326.00,1,1,0
50671,3.284,90.40,297.00,1,1,0
50673,3.284,98.50,324.00,1,1,0
50676,3.272,100.20,329.00,1,1,0
50678,3.288,98.40,324.00,1,1,0
50681,3.284,97.60,321.00,1,1,0
50683,3.284,99.60,328.00,1,1,0
50686,3.284,99.30,324.00,1,1,0
50688,3.284,98.60,323.00,1,1,0
50691,3.284,99.10,326.00,1,1,0
50693,3.284,99.10,326.00,1,1,0
50696,3.288,99.60,328.00,1,1,0
50698,3.284,100.60,331.00,1,1,0
50711,3.284,99.10,326.00,1,0,1
50713,3.272,99.20,328.00,1,0,1
50716,3.264,99.50,328.00,1,1,0
50718,3.284,116.60,380.00,1,1,0
50721,3.280,94.10,324.00,1,1,0
50723,3.284,98.60,324.00,1,1,0
50726,3.284,99.20,326.00,1,1,0
50728,3.284,93.70,308.00,1,1,0
50731,3.276,99.20,329.00,1,1,0
50733,3.284,98.90,324.00,1,1,0
50735,3.284,99.10,326.00,1,1,0
50738,3.284,98.80,324.00,1,1,0
50740,3.284,99.40,326.00,1,1,0
50743,3.284,98.50,324.00,1,1,0
50756,3.288,98.30,323.00,1,1,0
50758,3.284,98.60,323.00,1,1,0
50760,3.284,97.80,321.00,1,1,0
50763,3.288,99.40,326.00,1,1,0
50765,3.284,98.80,342.00,1,1,0
50768,3.284,109.60,360.00,1,0,1
50770,3.288,99.70,326.00,1,0,1
50773,3.268,91.20,310.00,1,1,0
50775,3.272,126.70,308.00,1,1,0
50778,3.284,101.90,333.00,1,1,0
50780,3.284,98.80,324.00,1,1,0
50783,3.284,98.80,323.00,1,1,0
50785,3.284,99.10,326.00,1,1,0
50788,3.272,99.10,326.00,1,1,0
50800,3.288,98.80,324.00,1,1,0
50803,3.284,98.00,326.00,1,1,0
50805,3.284,99.10,326.00,1,1,0
50808,3.288,98.50,323.00,1,1,0
50810,3.288,97.00,324.00,1,1,0
50813,3.284,98.90,324.00,1,1,0
50815,3.288,98.90,324.00,1,1,0
50818,3.284,99.70,324.00,1,1,0
50820,3.284,99.50,326.00,1,1,0
50823,3.284,99.30,326.00,1,0,1
50825,3.268,98.90,324.00,1,0,1
50828,3.284,99.20,326.00,1,1,0
50830,3.284,111.00,364.00,1,1,0
50832,3.272,102.60,338.00,1,1,0
50845,3.284,98.60,324.00,1,1,0
50848,3.288,98.90,324.00,1,1,0
50850,3.284,98.50,323.00,1,1,0
50853,3.280,100.30,329.00,1,1,0
50855,3.284,98.60,324.00,1,1,0
50857,3.284,98.60,324.00,1,1,0
50860,3.284,100.50,329.00,1,1,0
50862,3.284,98.80,324.00,1,1,0
50865,3.284,98.80,324.00,1,1,0
50867,3.284,98.50,323.00,1,1,0
50870,3.284,99.00,324.00,1,1,0
50872,3.284,99.70,328.00,1,1,0
50875,3.284,90.40,297.00,1,1,0
50877,3.284,93.90,326.00,1,1,0
50890,3.272,102.70,338.00,1,1,0
50892,3.284,99.90,336.00,1,1,0
50895,3.288,98.90,324.00,1,1,0
50897,3.284,99.10,326.00,1,1,0
50900,3.284,102.10,324.00,1,1,0
50902,3.284,99.60,328.00,1,1,0
50905,3.288,98.90,324.00,1,1,0
50907,3.284,99.10,326.00,1,1,0
50910,3.288,98.80,324.00,1,1,0
50912,3.284,99.30,326.00,1,1,0
50915,3.288,99.70,326.00,1,1,0
50917,3.288,97.70,321.00,1,1,0
50920,3.288,99.10,326.00,1,1,0
50922,3.284,98.50,326.00,1,1,0
50935,3.288,99.00,324.00,1,0,1
50937,3.284,99.00,421.00,1,0,1
50940,3.284,99.20,324.00,1,1,0
50942,3.276,96.40,316.00,1,1,0
50945,3.284,98.60,326.00,1,1,0
50947,3.284,98.60,324.00,1,1,0
50950,3.284,99.60,328.00,1,1,0
50952,3.284,98.20,324.00,1,1,0
50955,3.284,99.30,326.00,1,1,0
50957,3.284,98.60,324.00,1,1,0
50959,3.284,99.00,324.00,1,1,0
50962,3.284,97.60,321.00,1,1,0
50964,3.284,98.50,323.00,1,1,0
50967,3.284,99.10,326.00,1,1,0
50980,3.284,92.10,303.00,1,1,0
50982,3.288,99.20,328.00,1,1,0
50984,3.288,99.00,326.00,1,1,0
50987,3.284,98.70,324.00,1,1,0
50989,3.288,100.20,326.00,1,0,1
50992,3.276,100.00,328.00,1,0,1
50994,3.284,98.70,324.00,1,1,0
50997,3.284,137.50,324.00,1,1,0
50999,3.288,99.10,326.00,1,1,0
51002,3.284,93.80,308.00,1,1,0
51004,3.288,99.30,323.00,1,1,0
51007,3.284,98.90,324.00,1,1,0
51009,3.284,98.70,324.00,1,1,0
51012,3.288,98.80,323.00,1,1,0
51024,3.284,99.10,326.00,1,1,0
51027,3.288,98.70,324.00,1,1,0
51029,3.288,99.00,324.00,1,1,0
51032,3.284,98.60,326.00,1,1,0
51034,3.284,102.40,318.00,1,1,0
51037,3.284,98.90,324.00,1,1,0
51039,3.284,98.80,324.00,1,1,0
51042,3.284,98.80,331.00,1,1,0
51044,3.288,97.20,319.00,1,1,0
51047,3.284,106.80,351.00,1,0,1
51049,3.284,98.70,323.00,1,0,1
51052,3.288,129.50,426.00,1,1,0
51054,3.284,98.50,323.00,1,1,0
51056,3.284,98.80,324.00,1,1,0
51069,3.284,99.00,329.00,1,1,0
51072,3.284,99.00,324.00,1,1,0
51074,3.284,99.60,328.00,1,1,0
51077,3.284,99.50,326.00,1,1,0
51079,3.288,91.50,300.00,1,1,0
51081,3.284,90.20,297.00,1,1,0
51084,3.284,98.80,324.00,1,1,0
51086,3.284,99.20,336.00,1,1,0
51089,3.288,98.80,324.00,1,1,0
51091,3.288,98.80,324.00,1,1,0
51094,3.284,99.40,326.00,1,1,0
51096,3.284,98.70,324.00,1,1,0
51099,3.284,98.80,324.00,1,1,0
51101,3.284,99.20,326.00,1,0,1
51114,3.284,98.90,324.00,1,1,0
51116,3.284,98.60,324.00,1,1,0
51119,3.284,98.80,324.00,1,1,0
51121,3.284,99.00,331.00,1,1,0
51124,3.288,99.00,324.00,1,1,0
51126,3.284,98.90,324.00,1,1,0
51129,3.284,98.60,324.00,1,1,0
51131,3.284,98.60,324.00,1,1,0
51134,3.288,98.80,324.00,1,1,0
51136,3.284,98.90,308.00,1,1,0
51139,3.280,93.80,324.00,1,1,0
51141,3.284,100.10,329.00,1,1,0
51144,3.284,98.90,324.00,1,1,0
51146,3.284,98.90,323.00,1,1,0
51159,3.284,98.80,323.00,1,0,1
51161,3.268,99.00,324.00,1,1,0
51164,3.276,93.80,308.00,1,1,0
51166,3.284,98.30,323.00,1,1,0
51169,3.288,98.50,323.00,1,1,0
51171,3.284,99.00,324.00,1,1,0
51174,3.284,98.70,338.00,1,1,0
51176,3.280,99.20,324.00,1,1,0
51178,3.288,99.20,326.00,1,1,0
51181,3.288,99.80,310.00,1,1,0
51183,3.284,90.20,297.00,1,1,0
51186,3.288,98.60,324.00,1,1,0
51188,3.284,99.30,326.00,1,1,0
51191,3.288,99.60,324.00,1,1,0
51203,3.288,99.40,326.00,1,1,0
51206,3.288,99.50,326.00,1,1,0
51208,3.288,102.00,336.00,1,1,0
51211,3.288,101.90,333.00,1,0,1
51213,3.280,101.00,329.00,1,0,1
51216,3.284,98.60,324.00,1,1,0
51218,3.264,105.30,324.00,1,1,0
51221,3.280,98.90,324.00,1,1,0
51223,3.288,100.50,329.00,1,1,0
51226,3.288,99.00,324.00,1,1,0
51228,3.284,98.80,324.00,1,1,0
51231,3.284,98.50,323.00,1,1,0
51233,3.284,100.50,329.00,1,1,0
51246,3.288,97.80,321.00,1,1,0
51248,3.284,99.30,324.00,1,1,0
51251,3.284,98.00,323.00,1,1,0
51253,3.284,98.50,323.00,1,1,0
51256,3.284,98.80,324.00,1,1,0
51258,3.284,99.30,326.00,1,1,0
51261,3.284,98.40,323.00,1,1,0
51263,3.288,98.80,326.00,1,1,0
51266,3.284,98.80,324.00,1,0,1
51268,3.276,98.90,324.00,1,0,1
51271,3.284,99.10,328.00,1,0,1
51273,3.284,99.30,326.00,1,0,1
51276,3.304,62.40,206.00,1,1,0
51278,3.304,114.80,308.00,1,1,0
51291,3.288,99.50,326.00,1,1,0
51293,3.284,98.30,323.00,1,1,0
51296,3.284,99.10,326.00,1,1,0
51298,3.288,99.90,328.00,1,1,0
51301,3.288,99.10,323.00,1,1,0
51303,3.284,103.00,338.00,1,1,0
51305,3.284,99.70,328.00,1,1,0
51308,3.288,99.00,324.00,1,1,0
51310,3.288,99.10,326.00,1,1,0
51313,3.284,98.90,324.00,1,1,0
51315,3.284,98.60,324.00,1,1,0
51318,3.288,99.00,324.00,1,1,0
51320,3.284,99.00,326.00,1,1,0
51323,3.284,99.70,324.00,1,1,0
51335,3.284,98.30,326.00,1,1,0
51338,3.284,99.10,326.00,1,1,0
51340,3.284,98.80,324.00,1,1,0
51343,3.284,93.80,323.00,1,1,0
51345,3.284,98.50,323.00,1,1,0
51348,3.284,98.70,324.00,1,1,0
51350,3.284,99.10,324.00,1,1,0
51353,3.284,100.00,323.00,1,1,0
51355,3.288,99.30,326.00,1,1,0
51358,3.284,100.00,328.00,1,1,0
51360,3.284,98.40,323.00,1,1,0
51363,3.284,98.50,323.00,1,1,0
51365,3.276,98.80,324.00,1,1,0
51368,3.284,98.70,326.00,1,1,0
51380,3.284,98.30,326.00,1,1,0
51383,3.284,99.00,326.00,1,0,1
51385,3.284,103.10,339.00,1,0,1
51388,3.284,94.30,349.00,1,1,0
51390,3.284,93.90,308.00,1,1,0
51393,3.288,98.40,323.00,1,1,0
51395,3.280,97.00,324.00,1,1,0
51398,3.284,98.70,324.00,1,1,0
51400,3.284,100.50,329.00,1,1,0
51402,3.288,99.90,328.00,1,1,0
51405,3.280,98.70,324.00,1,1,0
51407,3.284,99.20,326.00,1,1,0
51410,3.288,98.50,323.00,1,1,0
51412,3.284,98.30,324.00,1,1,0
51425,3.288,98.50,324.00,1,1,0
51428,3.288,97.70,321.00,1,1,0
51430,3.288,99.50,326.00,1,1,0
51432,3.288,100.30,328.00,1,1,0
51435,3.288,98.50,323.00,1,1,0
51437,3.284,99.70,328.00,1,0,1
51440,3.288,98.70,324.00,1,0,1
51442,3.284,98.70,323.00,1,1,0
51445,3.264,94.60,311.00,1,1,0
51447,3.284,100.60,323.00,1,1,0
51450,3.284,99.20,326.00,1,1,0
51452,3.284,99.90,328.00,1,1,0
51455,3.268,98.90,324.00,1,1,0
51457,3.284,100.70,331.00,1,1,0
51470,3.288,98.70,324.00,1,1,0
51472,3.288,99.10,326.00,1,1,0
51475,3.284,98.70,324.00,1,1,0
51477,3.284,98.50,324.00,1,1,0
51480,3.288,98.60,324.00,1,1,0
51482,3.284,99.30,326.00,1,1,0
51485,3.284,99.10,324.00,1,1,0
51487,3.284,99.40,326.00,1,1,0
51490,3.284,90.30,297.00,1,1,0
51492,3.284,98.60,326.00,1,1,0
51495,3.288,99.60,328.00,1,0,1
51497,3.284,98.90,324.00,1,0,1
51500,3.284,104.10,477.00,1,1,0
51502,3.268,97.30,319.00,1,1,0
51515,3.280,101.80,326.00,1,1,0
51517,3.284,100.30,329.00,1,1,0
51520,3.288,101.90,334.00,1,1,0
51522,3.284,99.40,324.00,1,1,0
51525,3.284,98.60,324.00,1,1,0
51527,3.288,99.40,326.00,1,1,0
51529,3.288,100.00,324.00,1,1,0
51532,3.284,100.00,328.00,1,1,0
51534,3.284,99.30,326.00,1,1,0
51537,3.284,97.40,324.00,1,1,0
51539,3.288,99.90,328.00,1,1,0
51542,3.288,99.10,326.00,1,1,0
51544,3.284,99.50,324.00,1,1,0
51557,3.284,95.40,331.00,1,1,0
51559,3.288,99.60,328.00,1,1,0
51562,3.284,98.40,323.00,1,1,0
51564,3.288,98.70,324.00,1,1,0
51567,3.284,100.20,323.00,1,1,0
51569,3.284,98.60,324.00,1,1,0
51572,3.284,99.10,326.00,1,1,0
51574,3.288,100.60,326.00,1,1,0
51577,3.288,102.10,336.00,1,1,0
51579,3.284,99.40,326.00,1,1,0
51582,3.288,99.10,326.00,1,1,0
51584,3.284,98.70,324.00,1,1,0
51587,3.288,99.20,326.00,1,1,0
51589,3.288,99.60,326.00,1,1,0
51602,3.284,98.60,324.00,1,1,0
51604,3.284,99.50,326.00,1,0,1
51607,3.284,101.50,331.00,1,0,1
51609,3.288,99.10,328.00,1,1,0
51612,3.264,99.30,326.00,1,1,0
51614,3.288,98.60,324.00,1,1,0
51617,3.284,98.70,336.00,1,1,0
51619,3.288,101.80,324.00,1,1,0
51622,3.288,98.30,323.00,1,1,0
51624,3.284,99.10,326.00,1,1,0
51627,3.288,98.60,324.00,1,1,0
51629,3.284,98.70,324.00,1,1,0
51631,3.284,98.80,324.00,1,1,0
51634,3.288,98.90,324.00,1,1,0
51647,3.284,98.80,326.00,1,1,0
51649,3.284,99.40,326.00,1,1,0
51652,3.288,99.00,326.00,1,1,0
51654,3.288,99.40,318.00,1,1,0
51656,3.284,99.00,324.00,1,1,0
51659,3.284,99.10,326.00,1,0,1
51661,3.284,99.80,324.00,1,0,1
51664,3.284,99.00,326.00,1,1,0
51666,3.288,137.80,452.00,1,1,0
51669,3.284,99.40,326.00,1,1,0
51671,3.284,100.00,334.00,1,1,0
51674,3.284,98.80,324.00,1,1,0
51676,3.284,98.70,324.00,1,1,0
51679,3.284,98.40,323.00,1,1,0
51691,3.284,99.20,328.00,1,1,0
51694,3.288,90.40,297.00,1,1,0
51696,3.284,95.50,313.00,1,1,0
51699,3.284,98.50,326.00,1,1,0
51701,3.288,98.40,323.00,1,1,0
51704,3.284,98.70,324.00,1,1,0
51706,3.284,98.80,324.00,1,1,0
51709,3.284,101.40,333.00,1,1,0
51711,3.284,98.40,323.00,1,1,0
51714,3.284,98.70,324.00,1,1,0
51716,3.284,103.60,341.00,1,0,1
51719,3.288,130.60,429.00,1,0,1
51721,3.284,99.20,342.00,1,1,0
51724,3.256,94.10,310.00,1,1,0
51736,3.284,99.80,324.00,1,1,0
51739,3.284,99.50,328.00,1,1,0
51741,3.284,99.10,326.00,1,1,0
51744,3.288,99.70,323.00,1,1,0
51746,3.284,98.90,324.00,1,1,0
51749,3.284,98.80,324.00,1,1,0
51751,3.288,103.40,311.00,1,1,0
51753,3.284,100.60,331.00,1,1,0
51756,3.288,98.80,324.00,1,1,0
51758,3.284,99.40,326.00,1,1,0
51761,3.284,98.50,323.00,1,1,0
51763,3.284,98.40,323.00,1,1,0
51766,3.288,98.40,323.00,1,1,0
51768,3.284,98.50,323.00,1,1,0
51781,3.284,98.80,323.00,1,1,0
51783,3.284,101.80,334.00,1,1,0
51786,3.288,98.70,324.00,1,1,0
51788,3.288,99.10,326.00,1,1,0
51791,3.284,98.50,324.00,1,1,0
51793,3.284,99.20,326.00,1,1,0
51796,3.288,99.10,298.00,1,1,0
51798,3.284,93.60,308.00,1,1,0
51801,3.288,99.00,324.00,1,1,0
51803,3.276,99.00,324.00,1,1,0
51806,3.284,98.80,324.00,1,1,0
51808,3.284,98.50,323.00,1,1,0
51811,3.284,99.00,326.00,1,1,0
51813,3.288,98.40,323.00,1,1,0
51826,3.288,100.10,324.00,1,0,1
51828,3.284,98.50,323.00,1,0,1
51831,3.288,98.40,323.00,1,1,0
51833,3.280,134.10,308.00,1,1,0
51836,3.280,99.50,328.00,1,1,0
51838,3.288,99.40,326.00,1,1,0
51841,3.288,98.90,324.00,1,1,0
51843,3.284,99.00,324.00,1,1,0
51846,3.288,98.20,323.00,1,1,0
51848,3.284,100.20,331.00,1,1,0
51850,3.284,98.70,324.00,1,1,0
51853,3.284,101.30,333.00,1,1,0
51855,3.284,103.80,324.00,1,1,0
51868,3.284,98.60,324.00,1,1,0
51871,3.288,98.80,324.00,1,1,0
51873,3.288,98.50,323.00,1,1,0
51876,3.288,98.60,323.00,1,1,0
51878,3.276,97.20,319.00,1,1,0
51880,3.284,98.60,324.00,1,0,1
51883,3.276,98.80,324.00,1,0,1
51885,3.260,99.20,324.00,1,1,0
51888,3.284,126.90,416.00,1,1,0
51890,3.280,98.80,324.00,1,1,0
51893,3.288,99.10,328.00,1,1,0
51895,3.288,98.70,324.00,1,1,0
51898,3.284,99.00,324.00,1,1,0
51900,3.284,90.10,298.00,1,1,0
51913,3.284,98.10,323.00,1,1,0
51915,3.288,99.50,326.00,1,1,0
51918,3.284,102.80,336.00,1,1,0
51920,3.272,99.10,326.00,1,1,0
51923,3.288,99.40,326.00,1,1,0
51925,3.284,99.40,326.00,1,1,0
51928,3.280,97.90,324.00,1,1,0
51930,3.284,98.50,323.00,1,1,0
51933,3.284,98.40,323.00,1,1,0
51935,3.284,98.70,324.00,1,1,0
51938,3.288,103.00,324.00,1,0,1
51940,3.288,103.90,342.00,1,0,1
51943,3.280,108.60,356.00,1,1,0
51955,3.284,102.40,336.00,1,1,0
51958,3.284,94.00,324.00,1,1,0
51960,3.284,98.30,323.00,1,1,0
51963,3.284,98.40,323.00,1,1,0
51965,3.284,98.50,328.00,1,1,0
51968,3.284,98.60,324.00,1,1,0
51970,3.284,98.80,324.00,1,1,0
51973,3.284,101.50,323.00,1,1,0
51975,3.284,99.10,326.00,1,1,0
51978,3.284,98.80,324.00,1,1,0
51980,3.276,98.40,323.00,1,1,0
51982,3.284,97.40,319.00,1,1,0
51985,3.284,98.50,323.00,1,1,0
51987,3.284,98.60,324.00,1,1,0
52000,3.264,99.90,328.00,1,1,0
52003,3.284,91.80,298.00,1,1,0
52005,3.284,93.90,308.00,1,1,0
52007,3.284,99.50,326.00,1,1,0
52010,3.284,99.30,323.00,1,1,0
52012,3.284,98.70,324.00,1,1,0
52015,3.284,99.20,326.00,1,1,0
52017,3.284,98.70,324.00,1,1,0
52020,3.284,98.30,323.00,1,1,0
52022,3.284,99.30,326.00,1,1,0
52025,3.284,99.00,324.00,1,1,0
52027,3.288,99.10,326.00,1,1,0
52030,3.288,98.10,323.00,1,1,0
52032,3.284,99.00,324.00,1,1,0
52045,3.288,99.30,326.00,1,1,0
52047,3.288,99.10,341.00,1,0,1
52050,3.284,97.90,321.00,1,0,1
52052,3.284,99.10,326.00,1,0,1
52055,3.284,104.60,308.00,1,1,0
52057,3.280,100.00,328.00,1,1,0
52060,3.284,94.20,310.00,1,1,0
52062,3.288,99.40,324.00,1,1,0
52065,3.284,98.70,324.00,1,1,0
52067,3.284,98.70,324.00,1,1,0
52070,3.288,98.50,326.00,1,1,0
52072,3.284,99.10,326.00,1,1,0
52075,3.284,98.60,324.00,1,1,0
52077,3.284,98.80,323.00,1,1,0
52090,3.284,99.40,324.00,1,1,0
52092,3.288,98.80,324.00,1,1,0
52095,3.284,98.50,323.00,1,1,0
52097,3.284,100.00,328.00,1,1,0
52100,3.288,99.10,324.00,1,1,0
52102,3.284,99.30,326.00,1,1,0
52104,3.284,97.60,321.00,1,0,1
52107,3.264,100.80,326.00,1,0,1
52109,3.284,116.10,382.00,1,1,0
52112,3.280,117.60,387.00,1,1,0
52114,3.288,99.10,326.00,1,1,0
52117,3.288,99.20,326.00,1,1,0
52119,3.284,99.20,326.00,1,1,0
52132,3.284,99.00,326.00,1,1,0
52135,3.284,98.60,324.00,1,1,0
52137,3.284,98.90,324.00,1,1,0
52139,3.284,97.90,321.00,1,1,0
52142,3.284,98.60,323.00,1,1,0
52144,3.288,98.80,324.00,1,1,0
52147,3.284,98.70,324.00,1,1,0
52149,3.284,98.90,326.00,1,1,0
52152,3.284,99.10,326.00,1,1,0
52154,3.288,98.90,324.00,1,1,0
52157,3.284,101.20,333.00,1,1,0
52159,3.284,99.10,324.00,1,0,1
52162,3.280,93.70,308.00,1,0,1
52164,3.276,100.00,326.00,1,1,0
52177,3.284,98.50,323.00,1,1,0
52179,3.288,99.30,336.00,1,1,0
52182,3.288,98.40,323.00,1,1,0
52184,3.284,98.70,324.00,1,1,0
52187,3.284,98.50,324.00,1,1,0
52189,3.284,99.00,324.00,1,1,0
52192,3.284,101.70,334.00,1,1,0
52194,3.284,98.60,323.00,1,1,0
52197,3.288,98.40,323.00,1,1,0
52199,3.284,98.60,324.00,1,1,0
52202,3.284,98.70,326.00,1,1,0
52204,3.284,99.30,326.00,1,1,0
52207,3.284,90.10,297.00,1,1,0
52209,3.284,98.50,323.00,1,1,0
52222,3.272,95.10,311.00,1,1,0
52224,3.284,98.90,324.00,1,1,0
52227,3.284,99.20,326.00,1,1,0
52229,3.284,98.60,324.00,1,1,0
52232,3.284,101.70,326.00,1,1,0
52234,3.288,98.80,324.00,1,1,0
52236,3.288,99.00,324.00,1,1,0
52239,3.284,98.80,326.00,1,1,0
52241,3.284,99.10,326.00,1,1,0
52244,3.288,98.40,323.00,1,1,0
52246,3.284,98.70,324.00,1,1,0
52249,3.288,99.10,326.00,1,1,0
52251,3.284,99.00,324.00,1,1,0
52254,3.288,99.40,326.00,1,1,0
52266,3.288,98.50,324.00,1,1,0
52269,3.284,98.60,349.00,1,0,1
52271,3.288,99.00,323.00,1,0,1
52274,3.284,98.40,323.00,1,1,0
52276,3.252,95.00,308.00,1,1,0
52279,3.280,98.70,324.00,1,1,0
52281,3.284,98.60,324.00,1,1,0
52284,3.284,98.60,324.00,1,1,0
52286,3.288,105.60,347.00,1,1,0
52289,3.288,98.80,324.00,1,1,0
52291,3.284,98.60,324.00,1,1,0
52294,3.288,99.30,326.00,1,1,0
52296,3.284,98.70,324.00,1,1,0
52299,3.284,98.40,324.00,1,1,0
52311,3.284,99.00,324.00,1,1,0
52314,3.284,99.90,329.00,1,1,0
52316,3.284,98.50,323.00,1,1,0
52319,3.284,98.80,324.00,1,1,0
52321,3.284,98.80,328.00,1,1,0
52324,3.284,99.10,326.00,1,0,1
52326,3.276,98.60,324.00,1,0,1
52329,3.264,100.80,326.00,1,1,0
52331,3.288,117.40,385.00,1,1,0
52333,3.280,98.70,324.00,1,1,0
52336,3.288,98.90,323.00,1,1,0
52338,3.284,98.70,324.00,1,1,0
52341,3.284,98.40,323.00,1,1,0
52343,3.284,99.20,326.00,1,1,0
52356,3.284,98.60,324.00,1,1,0
52358,3.288,99.00,324.00,1,1,0
52361,3.272,99.10,326.00,1,1,0
52363,3.288,99.50,328.00,1,1,0
52366,3.284,100.70,310.00,1,1,0
52368,3.284,98.50,324.00,1,1,0
52371,3.288,99.20,326.00,1,1,0
52373,3.284,99.30,326.00,1,1,0
52376,3.288,98.80,324.00,1,1,0
52378,3.288,98.60,324.00,1,1,0
52381,3.288,106.30,326.00,1,0,1
52383,3.288,99.20,326.00,1,0,1
52386,3.280,118.40,387.00,1,1,0
52388,3.284,116.80,318.00,1,1,0
52401,3.288,99.30,336.00,1,1,0
52403,3.288,100.70,331.00,1,1,0
52406,3.280,102.30,336.00,1,1,0
52408,3.284,99.80,328.00,1,1,0
52411,3.284,90.80,298.00,1,1,0
52413,3.284,99.70,328.00,1,1,0
52416,3.288,99.20,326.00,1,1,0
52418,3.284,102.50,323.00,1,1,0
52421,3.284,99.20,326.00,1,1,0
52423,3.284,98.70,324.00,1,1,0
52426,3.288,99.30,326.00,1,1,0
52428,3.288,98.70,324.00,1,1,0
52430,3.288,98.80,324.00,1,1,0
52433,3.288,99.00,326.00,1,1,0
52446,3.288,99.60,324.00,1,1,0
52448,3.288,99.50,328.00,1,1,0
52451,3.288,96.40,316.00,1,1,0
52453,3.288,99.10,324.00,1,1,0
52456,3.284,98.70,324.00,1,1,0
52458,3.284,98.70,324.00,1,1,0
52460,3.288,98.80,324.00,1,1,0
52463,3.288,98.90,324.00,1,1,0
52465,3.288,98.70,324.00,1,1,0
52468,3.288,100.80,331.00,1,1,0
52470,3.284,94.20,324.00,1,1,0
52473,3.284,99.10,326.00,1,1,0
52475,3.288,99.10,326.00,1,1,0
52478,3.288,98.70,324.00,1,1,0
52490,3.284,102.00,328.00,1,0,1
52493,3.288,99.30,326.00,1,0,1
52495,3.284,108.40,354.00,1,1,0
52498,3.280,102.50,324.00,1,1,0
52500,3.288,99.40,326.00,1,1,0
52503,3.284,99.00,324.00,1,1,0
52505,3.284,98.70,326.00,1,1,0
52508,3.288,99.70,328.00,1,1,0
52510,3.288,99.40,326.00,1,1,0
52513,3.284,99.30,297.00,1,1,0
52515,3.284,97.10,319.00,1,1,0
52518,3.284,99.20,326.00,1,1,0
52520,3.284,99.20,326.00,1,1,0
52523,3.288,98.70,324.00,1,1,0
52535,3.284,99.20,326.00,1,1,0
52538,3.288,99.00,324.00,1,1,0
52540,3.288,99.10,326.00,1,1,0
52543,3.288,99.00,324.00,1,1,0
52545,3.284,104.70,344.00,1,0,1
52548,3.264,100.30,329.00,1,0,1
52550,3.288,99.10,426.00,1,1,0
52553,3.284,99.40,326.00,1,1,0
52555,3.288,99.00,326.00,1,1,0
52557,3.288,101.60,326.00,1,1,0
52560,3.284,98.90,324.00,1,1,0
52562,3.284,98.60,324.00,1,1,0
52565,3.288,98.90,324.00,1,1,0
52567,3.284,98.60,324.00,1,1,0
52580,3.284,98.30,323.00,1,1,0
52582,3.288,98.30,323.00,1,1,0
52585,3.284,98.50,324.00,1,1,0
52592,3.288,98.90,324.00,1,1,0
52595,3.284,98.70,324.00,1,1,0
52597,3.284,98.40,323.00,1,1,0
52600,3.288,98.30,323.00,1,0,1
52602,3.284,102.70,336.00,1,0,1
52605,3.284,98.80,328.00,1,1,0
52607,3.276,95.50,313.00,1,1,0
52610,3.284,98.50,323.00,1,1,0
52612,3.284,98.60,326.00,1,1,0
52614,3.288,99.30,326.00,1,1,0
52617,3.284,90.30,297.00,1,1,0
52619,3.288,98.90,324.00,1,1,0
52622,3.288,102.90,336.00,1,1,0
52624,3.284,99.70,328.00,1,1,0
52637,3.288,99.20,326.00,1,1,0
52639,3.284,98.70,324.00,1,1,0
52642,3.288,98.60,324.00,1,1,0
52644,3.288,96.60,318.00,1,1,0
52647,3.284,102.20,324.00,1,1,0
52649,3.284,99.10,326.00,1,1,0
52652,3.284,99.20,326.00,1,1,0
52654,3.276,95.20,313.00,1,0,1
52657,3.288,106.20,328.00,1,0,1
52659,3.288,101.90,334.00,1,0,1
52662,3.284,114.30,375.00,1,1,0
52664,3.284,118.60,308.00,1,1,0
52667,3.280,100.30,329.00,1,1,0
52679,3.284,98.70,324.00,1,1,0
52682,3.284,98.90,324.00,1,1,0
52684,3.284,100.00,324.00,1,1,0
52687,3.284,98.90,324.00,1,1,0
52689,3.284,98.80,324.00,1,1,0
52692,3.288,98.80,324.00,1,1,0
52694,3.284,99.00,326.00,1,1,0
52697,3.288,97.40,319.00,1,1,0
52699,3.288,98.80,324.00,1,1,0
52702,3.284,98.80,324.00,1,1,0
52704,3.288,98.60,324.00,1,1,0
52707,3.288,98.60,324.00,1,1,0
52709,3.288,98.50,323.00,1,1,0
52711,3.284,101.30,333.00,1,0,1
52724,3.280,99.70,328.00,1,1,0
52727,3.284,99.30,326.00,1,1,0
52729,3.284,98.40,324.00,1,1,0
52732,3.284,102.50,336.00,1,1,0
52734,3.284,98.60,324.00,1,1,0
52737,3.284,98.80,324.00,1,1,0
52739,3.284,99.30,326.00,1,1,0
52741,3.284,98.60,324.00,1,1,0
52744,3.284,101.90,324.00,1,1,0
52746,3.284,98.90,324.00,1,1,0
52749,3.284,98.50,323.00,1,1,0
52751,3.284,98.60,324.00,1,1,0
52754,3.284,98.70,324.00,1,1,0
52756,3.284,98.90,324.00,1,1,0
52769,3.280,98.60,324.00,1,0,1
52771,3.284,98.60,324.00,1,1,0
52774,3.260,94.10,331.00,1,1,0
52776,3.284,95.70,315.00,1,1,0
52779,3.284,99.10,326.00,1,1,0
52781,3.284,99.00,326.00,1,1,0
52784,3.284,98.80,324.00,1,1,0
52786,3.284,99.00,324.00,1,1,0
52789,3.284,98.60,324.00,1,1,0
52791,3.284,99.00,326.00,1,1,0
52794,3.288,99.50,326.00,1,1,0
52796,3.284,96.60,326.00,1,1,0
52799,3.288,100.10,329.00,1,1,0
52801,3.284,98.80,324.00,1,1,0
52814,3.284,98.60,324.00,1,1,0
52816,3.288,102.20,336.00,1,1,0
52819,3.288,99.20,328.00,1,1,0
52821,3.284,90.40,297.00,1,0,1
52824,3.284,98.40,321.00,1,0,1
52826,3.284,99.30,324.00,1,1,0
52829,3.276,93.90,308.00,1,1,0
52831,3.288,98.80,324.00,1,1,0
52834,3.288,99.50,326.00,1,1,0
52836,3.288,98.60,324.00,1,1,0
52838,3.284,98.50,323.00,1,1,0
52841,3.284,98.80,326.00,1,1,0
52843,3.288,98.50,323.00,1,1,0
52846,3.284,99.40,326.00,1,1,0
52859,3.284,99.00,324.00,1,1,0
52861,3.288,99.80,326.00,1,1,0
52864,3.284,99.30,326.00,1,1,0
52866,3.288,99.30,326.00,1,1,0
52868,3.288,98.50,324.00,1,1,0
52871,3.288,98.70,324.00,1,1,0
52873,3.284,99.60,328.00,1,1,0
52876,3.284,98.70,324.00,1,0,1
52878,3.272,95.60,306.00,1,0,1
52881,3.260,99.30,326.00,1,1,0
52883,3.268,133.80,439.00,1,1,0
52886,3.280,97.80,326.00,1,1,0
52888,3.288,98.70,324.00,1,1,0
52891,3.288,98.90,324.00,1,1,0
52903,3.288,99.40,326.00,1,1,0
52906,3.288,99.60,326.00,1,1,0
52908,3.284,101.10,331.00,1,1,0
52911,3.284,99.20,326.00,1,1,0
52913,3.284,102.30,326.00,1,1,0
52916,3.284,98.50,323.00,1,1,0
52918,3.284,98.90,324.00,1,1,0
52921,3.284,99.10,326.00,1,1,0
52923,3.284,93.00,297.00,1,1,0
52926,3.284,98.30,323.00,1,1,0
52928,3.284,101.50,333.00,1,1,0
52931,3.284,99.00,326.00,1,1,0
52933,3.284,105.70,347.00,1,0,1
52946,3.288,98.80,324.00,1,1,0
52948,3.284,98.00,321.00,1,1,0
52951,3.284,99.30,326.00,1,1,0
52953,3.284,99.00,324.00,1,1,0
52956,3.284,98.80,324.00,1,1,0
52958,3.284,99.10,324.00,1,1,0
52961,3.284,98.90,324.00,1,1,0
52963,3.284,98.80,324.00,1,1,0
52965,3.284,98.80,331.00,1,1,0
52968,3.288,99.60,326.00,1,1,0
52970,3.284,99.30,326.00,1,1,0
52973,3.284,98.70,329.00,1,1,0
52975,3.284,99.00,326.00,1,1,0
52978,3.288,98.80,324.00,1,1,0
52991,3.288,99.20,326.00,1,0,1
52993,3.284,99.90,326.00,1,1,0
52995,3.284,96.50,323.00,1,1,0
52998,3.284,99.10,326.00,1,1,0
53000,3.284,98.80,324.00,1,1,0
53003,3.284,99.20,324.00,1,1,0
53005,3.284,98.80,324.00,1,1,0
53008,3.284,98.50,323.00,1,1,0
53010,3.288,98.80,323.00,1,1,0
53013,3.284,98.70,324.00,1,1,0
53015,3.284,97.40,319.00,1,1,0
53018,3.284,98.80,326.00,1,1,0
53020,3.288,99.70,328.00,1,1,0
53023,3.284,99.30,326.00,1,1,0
53035,3.288,98.70,324.00,1,1,0
53038,3.284,98.70,324.00,1,1,0
53040,3.284,99.10,324.00,1,1,0
53043,3.284,99.10,324.00,1,0,1
53045,3.280,121.80,400.00,1,0,1
53048,3.288,99.90,344.00,1,1,0
53050,3.256,100.80,331.00,1,1,0
53053,3.288,99.20,326.00,1,1,0
53055,3.284,99.10,324.00,1,1,0
53058,3.284,100.90,331.00,1,1,0
53060,3.284,97.90,321.00,1,1,0
53063,3.284,98.50,323.00,1,1,0
53065,3.284,98.90,324.00,1,1,0
53067,3.284,100.20,329.00,1,1,0
53080,3.284,98.40,323.00,1,1,0
53083,3.276,95.80,315.00,1,1,0
53085,3.284,98.80,324.00,1,1,0
53088,3.284,98.70,324.00,1,1,0
53090,3.284,100.60,331.00,1,1,0
53092,3.284,98.50,328.00,1,1,0
53095,3.284,98.50,323.00,1,1,0
53097,3.284,98.80,324.00,1,0,1
53100,3.284,98.70,349.00,1,0,1
53102,3.284,98.80,324.00,1,1,0
53105,3.284,95.70,315.00,1,1,0
53107,3.284,100.10,326.00,1,1,0
53110,3.284,99.50,326.00,1,1,0
53112,3.280,99.10,326.00,1,1,0
53125,3.284,99.70,328.00,1,1,0
53127,3.284,97.00,297.00,1,1,0
53130,3.284,98.60,324.00,1,1,0
53132,3.284,98.60,324.00,1,1,0
53135,3.288,99.20,326.00,1,1,0
53137,3.284,98.80,324.00,1,1,0
53140,3.288,99.30,326.00,1,1,0
53142,3.288,98.20,323.00,1,1,0
53145,3.284,98.50,323.00,1,1,0
53147,3.284,98.80,324.00,1,1,0
53150,3.284,99.40,326.00,1,1,0
53152,3.284,98.90,324.00,1,0,1
53155,3.276,101.70,334.00,1,0,1
53157,3.288,99.40,326.00,1,1,0
53170,3.288,98.90,324.00,1,1,0
53172,3.288,99.10,329.00,1,1,0
53175,3.284,98.70,324.00,1,1,0
53177,3.284,99.00,326.00,1,1,0
53180,3.284,98.40,328.00,1,1,0
53182,3.284,98.60,324.00,1,1,0
53185,3.284,98.20,323.00,1,1,0
53187,3.284,95.40,313.00,1,1,0
53189,3.288,98.90,324.00,1,1,0
53192,3.288,99.90,328.00,1,1,0
53194,3.284,98.70,324.00,1,1,0
53197,3.284,98.80,328.00,1,1,0
53199,3.284,99.00,324.00,1,1,0
53202,3.284,99.00,324.00,1,1,0
53214,3.264,93.80,308.00,1,1,0
53217,3.288,99.00,324.00,1,1,0
53219,3.284,98.40,323.00,1,1,0
53222,3.284,99.40,326.00,1,1,0
53224,3.284,99.10,326.00,1,1,0
53227,3.288,99.20,326.00,1,1,0
53229,3.288,99.40,326.00,1,1,0
53232,3.284,90.40,326.00,1,1,0
53234,3.284,98.80,324.00,1,1,0
53237,3.288,99.40,326.00,1,1,0
53239,3.284,98.70,324.00,1,1,0
53242,3.284,98.70,324.00,1,1,0
53244,3.284,98.90,324.00,1,1,0
53247,3.288,99.50,326.00,1,1,0
53259,3.288,99.70,328.00,1,1,0
53262,3.288,100.50,324.00,1,0,1
53264,3.284,100.70,329.00,1,0,1
53267,3.284,98.50,323.00,1,1,0
53269,3.276,127.70,318.00,1,1,0
53272,3.280,98.90,324.00,1,1,0
53274,3.284,98.60,324.00,1,1,0
53277,3.288,99.10,324.00,1,1,0
53279,3.288,100.10,329.00,1,1,0
53282,3.284,98.90,324.00,1,1,0
53284,3.284,98.50,324.00,1,1,0
53286,3.288,98.70,324.00,1,1,0
53289,3.284,98.80,324.00,1,1,0
53302,3.288,98.60,324.00,1,1,0
53304,3.284,99.00,324.00,1,1,0
53307,3.284,98.50,326.00,1,1,0
53309,3.284,98.80,324.00,1,1,0
53312,3.288,102.60,338.00,1,1,0
53314,3.284,100.00,323.00,1,1,0
53316,3.284,98.50,323.00,1,0,1
53319,3.276,98.30,323.00,1,0,1
53321,3.280,98.80,324.00,1,0,1
53324,3.284,98.80,324.00,1,0,1
53326,3.304,62.50,206.00,1,1,0
53329,3.304,83.10,326.00,1,1,0
53331,3.288,99.30,326.00,1,1,0
53334,3.284,90.30,297.00,1,1,0
53346,3.284,99.10,326.00,1,1,0
53349,3.288,98.40,323.00,1,1,0
53351,3.284,98.80,324.00,1,1,0
53354,3.284,99.40,326.00,1,1,0
53356,3.288,98.80,324.00,1,1,0
53359,3.284,98.80,326.00,1,1,0
53361,3.284,99.00,324.00,1,1,0
53364,3.284,98.40,323.00,1,1,0
53366,3.284,98.40,323.00,1,1,0
53369,3.288,98.40,323.00,1,1,0
53371,3.284,99.00,324.00,1,1,0
53374,3.288,99.00,328.00,1,1,0
53376,3.284,99.20,326.00,1,1,0
53379,3.284,103.80,341.00,1,0,1
53391,3.284,94.20,310.00,1,1,0
53394,3.284,98.80,324.00,1,1,0
53396,3.284,99.10,326.00,1,1,0
53399,3.284,98.60,324.00,1,1,0
53401,3.284,98.20,323.00,1,1,0
53404,3.284,99.00,326.00,1,1,0
53406,3.284,98.80,324.00,1,1,0
53409,3.288,98.70,324.00,1,1,0
53411,3.284,99.10,328.00,1,1,0
53413,3.284,98.90,324.00,1,1,0
53416,3.284,98.60,324.00,1,1,0
53418,3.284,99.40,331.00,1,1,0
53421,3.284,99.40,326.00,1,1,0
53423,3.284,98.90,324.00,1,1,0
53436,3.284,90.60,298.00,1,0,1
53439,3.280,103.10,310.00,1,1,0
53441,3.280,99.40,326.00,1,1,0
53443,3.284,98.60,324.00,1,1,0
53446,3.284,98.50,326.00,1,1,0
53448,3.284,100.20,329.00,1,1,0
53451,3.288,97.80,321.00,1,1,0
53453,3.284,98.90,324.00,1,1,0
53456,3.284,99.20,326.00,1,1,0
53458,3.288,98.90,324.00,1,1,0
53461,3.284,99.00,324.00,1,1,0
53463,3.288,100.90,324.00,1,1,0
53466,3.288,102.30,336.00,1,1,0
53478,3.284,98.70,324.00,1,1,0
53481,3.284,97.40,319.00,1,1,0
53483,3.284,98.80,324.00,1,1,0
53486,3.284,98.70,324.00,1,1,0
53488,3.284,106.60,351.00,1,0,1
53491,3.264,100.80,334.00,1,0,1
53493,3.284,92.00,301.00,1,1,0
53496,3.284,94.10,308.00,1,1,0
53498,3.284,98.60,326.00,1,1,0
53501,3.288,98.80,324.00,1,1,0
53503,3.284,98.70,324.00,1,1,0
53506,3.288,98.90,324.00,1,1,0
53508,3.284,98.60,324.00,1,1,0
53511,3.284,99.20,326.00,1,1,0
53523,3.284,99.50,326.00,1,1,0
53526,3.280,98.50,323.00,1,1,0
53528,3.288,98.40,328.00,1,1,0
53531,3.288,98.60,324.00,1,1,0
53533,3.284,99.40,326.00,1,1,0
53536,3.284,99.50,326.00,1,1,0
53538,3.284,90.30,297.00,1,1,0
53540,3.284,98.70,324.00,1,1,0
53543,3.284,99.20,326.00,1,0,1
53545,3.284,98.40,321.00,1,0,1
53548,3.284,98.60,321.00,1,1,0
53550,3.284,98.50,321.00,1,1,0
53553,3.280,99.00,324.00,1,1,0
53555,3.284,98.70,324.00,1,1,0
53568,3.288,98.90,324.00,1,1,0
53570,3.284,99.00,324.00,1,1,0
53573,3.284,98.60,324.00,1,1,0
53575,3.284,98.40,323.00,1,1,0
53578,3.288,98.90,324.00,1,1,0
53580,3.284,98.80,324.00,1,1,0
53583,3.284,99.70,328.00,1,1,0
53585,3.284,99.10,326.00,1,1,0
53588,3.284,101.10,341.00,1,1,0
53590,3.284,98.60,324.00,1,1,0
53593,3.284,98.60,324.00,1,1,0
53595,3.288,93.70,308.00,1,1,0
53598,3.288,101.00,331.00,1,0,1
53600,3.284,131.40,433.00,1,0,1
53613,3.288,100.30,329.00,1,1,0
53615,3.284,98.30,323.00,1,1,0
53618,3.284,99.60,326.00,1,1,0
53620,3.288,97.80,321.00,1,1,0
53623,3.284,98.80,324.00,1,1,0
53625,3.288,98.70,326.00,1,1,0
53628,3.288,99.20,326.00,1,1,0
53630,3.284,98.80,324.00,1,1,0
53633,3.284,98.70,338.00,1,1,0
53635,3.288,99.10,326.00,1,1,0
53638,3.288,99.50,326.00,1,1,0
53640,3.284,90.50,297.00,1,1,0
53642,3.284,98.70,324.00,1,1,0
53645,3.284,99.30,326.00,1,1,0
53658,3.284,99.10,326.00,1,1,0
53660,3.276,109.00,326.00,1,1,0
53663,3.284,100.30,326.00,1,1,0
53665,3.284,129.20,423.00,1,1,0
53667,3.284,97.10,319.00,1,1,0
53670,3.288,99.20,328.00,1,1,0
53672,3.284,98.90,324.00,1,1,0
53675,3.284,98.50,323.00,1,1,0
53677,3.284,98.70,323.00,1,1,0
53680,3.284,99.00,326.00,1,1,0
53682,3.284,99.20,326.00,1,1,0
53685,3.284,99.00,324.00,1,1,0
53687,3.284,98.60,324.00,1,1,0
53690,3.284,97.90,321.00,1,1,0
53702,3.284,99.00,324.00,1,1,0
53705,3.284,101.10,324.00,1,1,0
53707,3.284,99.00,324.00,1,0,1
53710,3.276,98.60,324.00,1,0,1
53712,3.284,98.70,324.00,1,0,1
53715,3.284,94.00,308.00,1,1,0
53717,3.280,99.10,326.00,1,1,0
53720,3.284,99.30,326.00,1,1,0
53722,3.288,98.70,324.00,1,1,0
53725,3.284,98.80,324.00,1,1,0
53727,3.284,98.80,324.00,1,1,0
53730,3.284,99.00,324.00,1,1,0
53732,3.288,98.40,323.00,1,1,0
53734,3.284,98.80,324.00,1,1,0
53747,3.284,99.50,328.00,1,1,0
53750,3.284,98.20,324.00,1,1,0
53752,3.284,99.10,326.00,1,1,0
53755,3.284,98.40,323.00,1,1,0
53757,3.288,98.50,324.00,1,1,0
53760,3.284,98.40,323.00,1,1,0
53762,3.288,99.10,326.00,1,1,0
53764,3.284,105.90,323.00,1,0,1
53767,3.276,110.00,326.00,1,0,1
53769,3.288,131.90,433.00,1,1,0
53772,3.280,99.10,326.00,1,1,0
53774,3.284,98.60,324.00,1,1,0
53777,3.284,98.60,324.00,1,1,0
53779,3.288,98.70,324.00,1,1,0
53792,3.284,98.90,324.00,1,1,0
53794,3.284,98.70,326.00,1,1,0
53797,3.284,98.60,324.00,1,1,0
53799,3.280,93.80,308.00,1,1,0
53802,3.284,99.00,324.00,1,1,0
53804,3.284,99.40,326.00,1,1,0
53807,3.284,100.30,329.00,1,1,0
53809,3.288,99.40,324.00,1,1,0
53812,3.284,98.40,323.00,1,1,0
53814,3.284,98.60,324.00,1,1,0
53817,3.284,98.40,323.00,1,1,0
53819,3.284,98.40,336.00,1,0,1
53822,3.288,99.10,326.00,1,0,1
53824,3.284,99.00,323.00,1,1,0
53837,3.284,99.20,326.00,1,1,0
53839,3.284,99.80,326.00,1,1,0
53842,3.284,99.90,328.00,1,1,0
53844,3.288,98.10,323.00,1,1,0
53847,3.284,90.30,323.00,1,1,0
53849,3.288,99.10,326.00,1,1,0
53852,3.284,98.70,324.00,1,1,0
53854,3.288,99.30,326.00,1,1,0
53857,3.288,99.10,326.00,1,1,0
53859,3.288,97.50,319.00,1,1,0
53861,3.284,98.60,323.00,1,1,0
53864,3.284,98.60,324.00,1,1,0
53866,3.284,99.00,326.00,1,1,0
53869,3.284,98.90,324.00,1,1,0
53882,3.280,99.90,328.00,1,1,0
53884,3.284,99.30,326.00,1,1,0
53886,3.284,99.00,326.00,1,1,0
53889,3.284,99.00,324.00,1,1,0
53891,3.288,100.00,326.00,1,1,0
53894,3.284,98.50,323.00,1,1,0
53896,3.284,98.60,324.00,1,1,0
53899,3.288,98.60,329.00,1,1,0
53901,3.288,98.80,324.00,1,1,0
53904,3.284,97.50,321.00,1,1,0
53906,3.288,98.70,324.00,1,1,0
53909,3.284,101.00,333.00,1,1,0
53911,3.288,99.60,328.00,1,1,0
53914,3.284,98.60,324.00,1,1,0
53926,3.284,98.60,324.00,1,1,0
53929,3.284,98.80,349.00,1,0,1
53931,3.284,99.60,328.00,1,0,1
53934,3.284,98.50,323.00,1,1,0
53936,3.284,95.70,324.00,1,1,0
53939,3.288,99.20,326.00,1,1,0
53941,3.288,98.70,324.00,1,1,0
53944,3.284,99.70,328.00,1,1,0
53946,3.288,96.30,316.00,1,1,0
53949,3.284,90.30,297.00,1,1,0
53951,3.284,98.80,326.00,1,1,0
53954,3.284,99.20,326.00,1,1,0
53956,3.284,99.80,328.00,1,1,0
53958,3.284,98.50,324.00,1,1,0
53971,3.284,102.30,336.00,1,1,0
53974,3.284,99.20,326.00,1,1,0
53976,3.284,99.30,326.00,1,1,0
53979,3.284,98.40,323.00,1,1,0
53981,3.284,98.60,326.00,1,1,0
53983,3.288,98.90,324.00,1,0,1
53986,3.284,104.60,342.00,1,0,1
53988,3.284,98.60,324.00,1,1,0
53991,3.256,100.30,329.00,1,1,0
53993,3.284,98.90,324.00,1,1,0
53996,3.284,98.70,324.00,1,1,0
53998,3.284,98.80,324.00,1,1,0
54001,3.284,99.80,328.00,1,1,0
54003,3.284,98.80,310.00,1,1,0
54016,3.284,98.90,326.00,1,1,0
54018,3.284,99.70,328.00,1,1,0
54021,3.284,98.80,324.00,1,1,0
54023,3.284,99.60,328.00,1,1,0
54026,3.288,98.60,324.00,1,1,0
54028,3.284,98.80,324.00,1,1,0
54031,3.284,99.10,326.00,1,1,0
54033,3.284,98.90,324.00,1,1,0
54036,3.284,98.70,324.00,1,1,0
54038,3.288,98.60,324.00,1,0,1
54041,3.284,98.70,434.00,1,0,1
54043,3.288,99.40,326.00,1,1,0
54046,3.272,115.80,380.00,1,1,0
54048,3.284,99.10,403.00,1,1,0
54061,3.284,99.30,326.00,1,1,0
54063,3.288,97.30,319.00,1,1,0
54066,3.284,99.20,326.00,1,1,0
54068,3.284,97.50,326.00,1,1,0
54071,3.284,99.50,326.00,1,1,0
54073,3.284,98.80,324.00,1,1,0
54076,3.284,99.20,326.00,1,1,0
54078,3.284,99.10,328.00,1,1,0
54080,3.284,98.90,324.00,1,1,0
54083,3.284,98.80,324.00,1,1,0
54085,3.284,98.90,324.00,1,1,0
54088,3.284,98.60,324.00,1,1,0
54090,3.284,98.90,324.00,1,1,0
54093,3.288,100.00,328.00,1,1,0
54105,3.284,98.80,323.00,1,1,0
54108,3.284,101.50,333.00,1,1,0
54110,3.280,100.00,329.00,1,1,0
54113,3.284,98.50,328.00,1,1,0
54115,3.288,98.80,324.00,1,1,0
54118,3.284,99.10,326.00,1,1,0
54120,3.284,101.30,324.00,1,1,0
54123,3.284,98.70,324.00,1,1,0
54125,3.284,98.90,324.00,1,1,0
54128,3.284,98.80,324.00,1,1,0
54130,3.288,98.80,324.00,1,1,0
54133,3.284,99.20,326.00,1,1,0
54135,3.284,99.30,326.00,1,1,0
54138,3.284,98.90,324.00,1,1,0
54150,3.288,99.30,324.00,1,0,1
54153,3.284,90.50,297.00,1,0,1
54155,3.284,102.80,334.00,1,1,0
54158,3.280,100.30,326.00,1,1,0
54160,3.284,98.60,324.00,1,1,0
54163,3.284,98.60,324.00,1,1,0
54165,3.284,99.00,324.00,1,1,0
54168,3.284,98.70,324.00,1,1,0
54170,3.284,98.70,324.00,1,1,0
54173,3.284,99.80,326.00,1,1,0
54175,3.288,98.90,324.00,1,1,0
54177,3.284,99.00,324.00,1,1,0
54180,3.284,98.90,324.00,1,1,0
54182,3.284,98.60,324.00,1,1,0
54195,3.284,99.00,324.00,1,1,0
54198,3.284,98.70,324.00,1,1,0
54200,3.284,98.70,324.00,1,1,0
54202,3.284,99.50,326.00,1,1,0
54205,3.288,106.30,349.00,1,0,1
54207,3.284,133.60,437.00,1,0,1
54210,3.284,69.50,218.00,1,1,0
54212,3.292,95.50,313.00,1,1,0
54215,3.280,98.40,323.00,1,1,0
54217,3.284,100.50,323.00,1,1,0
54220,3.284,99.40,326.00,1,1,0
54222,3.284,98.50,323.00,1,1,0
54225,3.288,98.60,324.00,1,1,0
54227,3.284,99.20,326.00,1,1,0
54240,3.284,99.00,324.00,1,1,0
54242,3.288,99.10,326.00,1,1,0
54245,3.288,98.90,324.00,1,1,0
54247,3.284,98.80,326.00,1,1,0
54250,3.284,98.60,324.00,1,1,0
54252,3.288,99.50,328.00,1,1,0
54255,3.284,90.60,297.00,1,1,0
54257,3.284,99.20,326.00,1,1,0
54260,3.284,100.60,331.00,1,0,1
54262,3.276,99.00,324.00,1,0,1
54265,3.284,100.40,329.00,1,1,0
54267,3.268,111.30,364.00,1,1,0
54270,3.288,99.20,308.00,1,1,0
54272,3.280,99.00,324.00,1,1,0
54285,3.284,98.60,326.00,1,1,0
54287,3.284,97.50,319.00,1,1,0
54290,3.284,98.80,324.00,1,1,0
54292,3.284,98.90,324.00,1,1,0
54295,3.288,98.80,324.00,1,1,0
54297,3.284,98.70,324.00,1,1,0
54299,3.284,98.80,324.00,1,1,0
54302,3.288,100.00,328.00,1,1,0
54304,3.288,98.80,324.00,1,1,0
54307,3.288,99.00,324.00,1,1,0
54309,3.284,98.30,323.00,1,1,0
54312,3.284,93.70,308.00,1,1,0
54314,3.284,98.90,324.00,1,1,0
54317,3.288,104.80,344.00,1,0,1
54329,3.284,98.60,323.00,1,1,0
54332,3.284,98.70,324.00,1,1,0
54334,3.288,99.70,328.00,1,1,0
54337,3.288,99.00,324.00,1,1,0
54339,3.288,98.90,324.00,1,1,0
54342,3.288,98.80,324.00,1,1,0
54344,3.284,98.60,326.00,1,1,0
54347,3.288,98.40,323.00,1,1,0
54349,3.288,97.10,319.00,1,1,0
54352,3.284,98.90,324.00,1,1,0
54354,3.284,99.80,328.00,1,1,0
54357,3.284,90.30,297.00,1,1,0
54359,3.284,94.20,323.00,1,1,0
54362,3.284,99.20,326.00,1,1,0
54374,3.280,99.00,324.00,1,0,1
54377,3.288,99.30,326.00,1,1,0
54379,3.268,106.70,380.00,1,1,0
54382,3.280,99.00,326.00,1,1,0
54384,3.284,99.00,324.00,1,1,0
54387,3.288,99.60,328.00,1,1,0
54389,3.284,98.80,339.00,1,1,0
54392,3.288,98.70,324.00,1,1,0
54394,3.288,98.50,323.00,1,1,0
54396,3.284,98.80,326.00,1,1,0
54399,3.288,98.80,324.00,1,1,0
54401,3.284,99.20,326.00,1,1,0
54404,3.284,99.00,324.00,1,1,0
54406,3.284,98.90,324.00,1,1,0
54419,3.288,99.00,326.00,1,1,0
54421,3.288,99.90,328.00,1,1,0
54424,3.272,99.20,326.00,1,1,0
54426,3.288,98.60,324.00,1,0,1
54429,3.276,98.90,324.00,1,0,1
54431,3.284,128.60,324.00,1,1,0
54434,3.284,104.70,308.00,1,1,0
54436,3.280,100.30,329.00,1,1,0
54439,3.284,98.40,323.00,1,1,0
54441,3.284,98.60,323.00,1,1,0
54444,3.284,98.30,323.00,1,1,0
54446,3.284,98.60,324.00,1,1,0
54449,3.284,98.00,324.00,1,1,0
54451,3.284,98.90,324.00,1,1,0
54464,3.284,99.40,326.00,1,1,0
54466,3.288,99.70,328.00,1,1,0
54469,3.288,98.80,324.00,1,1,0
54471,3.284,99.20,326.00,1,1,0
54474,3.276,99.60,328.00,1,1,0
54476,3.284,98.40,324.00,1,1,0
54479,3.284,98.80,324.00,1,1,0
54481,3.288,99.30,326.00,1,1,0
54484,3.284,106.00,326.00,1,0,1
54486,3.280,98.90,324.00,1,0,1
54489,3.284,134.90,442.00,1,1,0
54491,3.284,100.00,328.00,1,1,0
54493,3.284,97.30,326.00,1,1,0
54496,3.288,98.70,324.00,1,1,0
54509,3.284,98.90,324.00,1,1,0
54511,3.288,98.90,324.00,1,1,0
54514,3.284,98.70,324.00,1,1,0
54516,3.288,94.80,311.00,1,1,0
54518,3.284,98.60,324.00,1,1,0
54521,3.284,99.10,324.00,1,1,0
54523,3.284,100.80,331.00,1,1,0
54526,3.284,98.60,324.00,1,1,0
54528,3.284,98.80,326.00,1,1,0
54531,3.284,99.10,326.00,1,1,0
54533,3.288,99.10,326.00,1,1,0
54536,3.288,98.70,324.00,1,1,0
54538,3.284,98.70,326.00,1,0,1
54541,3.288,128.70,423.00,1,0,1
54553,3.284,98.70,324.00,1,1,0
54556,3.284,98.70,324.00,1,1,0
54558,3.288,99.20,326.00,1,1,0
54561,3.288,91.00,298.00,1,1,0
54563,3.280,90.30,297.00,1,1,0
54566,3.280,99.10,326.00,1,1,0
54568,3.284,99.30,326.00,1,1,0
54571,3.284,98.80,324.00,1,1,0
54573,3.276,101.20,324.00,1,1,0
54576,3.284,99.30,326.00,1,1,0
54578,3.284,99.10,326.00,1,1,0
54581,3.284,99.10,326.00,1,1,0
54583,3.288,99.20,326.00,1,1,0
54586,3.288,99.50,328.00,1,1,0
54602,3.288,118.30,388.00,1,1,0
54605,3.284,99.60,328.00,1,1,0
54607,3.284,99.60,326.00,1,1,0
54610,3.284,99.00,326.00,1,1,0
54612,3.284,99.00,326.00,1,1,0
54615,3.284,99.20,326.00,1,1,0
54617,3.284,98.90,331.00,1,1,0
54620,3.284,94.20,310.00,1,1,0
54622,3.288,99.20,326.00,1,1,0
54624,3.284,99.30,326.00,1,1,0
54627,3.284,98.90,324.00,1,1,0
54629,3.284,98.70,324.00,1,1,0
54632,3.284,98.70,338.00,1,1,0
54634,3.276,98.60,324.00,1,1,0
54647,3.284,98.80,324.00,1,0,1
54649,3.284,99.20,326.00,1,0,1
54652,3.284,96.90,324.00,1,1,0
54654,3.280,94.10,310.00,1,1,0
54657,3.284,100.30,329.00,1,1,0
54659,3.288,98.90,324.00,1,1,0
54662,3.284,99.60,326.00,1,1,0
54664,3.284,90.30,297.00,1,1,0
54667,3.284,98.40,323.00,1,1,0
54669,3.284,99.10,326.00,1,1,0
54672,3.288,99.40,326.00,1,1,0
54674,3.284,100.90,331.00,1,1,0
54677,3.288,98.70,334.00,1,1,0
54679,3.268,98.60,324.00,1,1,0
54692,3.288,99.20,326.00,1,1,0
54694,3.284,98.60,324.00,1,1,0
54697,3.288,98.70,324.00,1,1,0
54699,3.284,98.30,323.00,1,1,0
54702,3.288,98.80,324.00,1,0,1
54704,3.276,100.00,323.00,1,0,1
54707,3.260,99.10,326.00,1,1,0
54709,3.256,96.70,318.00,1,1,0
54712,3.284,101.90,324.00,1,1,0
54714,3.288,99.20,326.00,1,1,0
54717,3.284,98.70,324.00,1,1,0
54719,3.288,98.70,324.00,1,1,0
54721,3.280,97.40,310.00,1,1,0
54724,3.284,98.90,324.00,1,1,0
54737,3.284,98.80,324.00,1,1,0
54739,3.284,99.40,326.00,1,1,0
54742,3.284,98.90,324.00,1,1,0
54744,3.284,98.80,324.00,1,1,0
54746,3.284,98.30,323.00,1,1,0
54749,3.284,97.00,324.00,1,1,0
54751,3.284,99.50,326.00,1,1,0
54754,3.284,99.60,328.00,1,1,0
54756,3.288,99.10,324.00,1,0,1
54759,3.284,98.50,323.00,1,0,1
54761,3.284,99.60,328.00,1,0,1
54764,3.284,102.30,349.00,1,1,0
54766,3.288,90.30,297.00,1,1,0
54769,3.284,93.10,305.00,1,1,0
54781,3.284,98.60,324.00,1,1,0
54784,3.284,97.30,319.00,1,1,0
54786,3.284,99.20,326.00,1,1,0
54789,3.284,98.70,324.00,1,1,0
54791,3.284,99.20,326.00,1,1,0
54794,3.284,99.00,324.00,1,1,0
54796,3.284,99.10,326.00,1,1,0
54799,3.288,98.90,324.00,1,1,0
54801,3.284,98.70,324.00,1,1,0
54804,3.284,98.70,324.00,1,1,0
54806,3.284,98.70,324.00,1,1,0
54809,3.284,98.70,324.00,1,1,0
54811,3.284,98.70,324.00,1,1,0
54814,3.284,98.80,324.00,1,0,1
54826,3.280,98.80,324.00,1,1,0
54829,3.284,98.60,324.00,1,1,0
54831,3.288,99.70,324.00,1,1,0
54834,3.288,98.70,324.00,1,1,0
54836,3.284,99.40,326.00,1,1,0
54839,3.288,99.10,324.00,1,1,0
54841,3.288,99.00,324.00,1,1,0
54843,3.284,99.30,326.00,1,1,0
54846,3.288,100.50,323.00,1,1,0
54848,3.284,99.00,324.00,1,1,0
54851,3.284,98.80,324.00,1,1,0
54853,3.284,99.00,321.00,1,1,0
54856,3.288,98.50,323.00,1,1,0
54858,3.284,98.60,324.00,1,1,0
54871,3.280,132.00,434.00,1,0,1
54873,3.288,98.90,324.00,1,1,0
54876,3.268,113.30,313.00,1,1,0
54878,3.284,99.10,326.00,1,1,0
54881,3.284,99.20,326.00,1,1,0
54883,3.288,98.90,326.00,1,1,0
54886,3.288,98.40,323.00,1,1,0
54888,3.288,102.30,336.00,1,1,0
54891,3.284,99.80,326.00,1,1,0
54893,3.284,99.50,328.00,1,1,0
54896,3.280,99.10,326.00,1,1,0
54898,3.284,101.30,328.00,1,1,0
54901,3.284,99.40,326.00,1,1,0
54913,3.284,99.90,328.00,1,1,0
54916,3.284,98.60,324.00,1,1,0
54918,3.284,98.40,326.00,1,1,0
54921,3.284,99.20,326.00,1,1,0
54923,3.288,99.30,326.00,1,1,0
54926,3.280,106.20,349.00,1,0,1
54928,3.284,98.90,328.00,1,0,1
54931,3.288,106.50,349.00,1,1,0
54933,3.288,99.50,326.00,1,1,0
54936,3.284,99.30,324.00,1,1,0
54938,3.264,99.20,326.00,1,1,0
54941,3.272,94.10,310.00,1,1,0
54943,3.284,99.20,326.00,1,1,0
54945,3.284,99.40,326.00,1,1,0
54958,3.284,98.90,324.00,1,1,0
54961,3.284,99.20,326.00,1,1,0
54963,3.284,98.60,324.00,1,1,0
54966,3.284,99.00,324.00,1,1,0
54968,3.284,99.80,328.00,1,1,0
54970,3.288,99.20,323.00,1,1,0
54973,3.284,99.50,326.00,1,1,0
54975,3.284,91.80,301.00,1,1,0
54978,3.284,90.40,297.00,1,1,0
54980,3.288,98.40,324.00,1,0,1
54983,3.284,98.60,324.00,1,0,1
54985,3.284,100.90,329.00,1,1,0
54988,3.268,93.90,324.00,1,1,0
54990,3.280,98.70,324.00,1,1,0
55003,3.288,98.60,324.00,1,1,0
55005,3.284,98.80,324.00,1,1,0
55008,3.284,98.80,324.00,1,1,0
55010,3.284,99.60,328.00,1,1,0
55013,3.288,98.50,324.00,1,1,0
55015,3.284,98.80,324.00,1,1,0
55018,3.288,98.50,323.00,1,1,0
55020,3.284,99.10,326.00,1,1,0
55023,3.288,99.30,326.00,1,1,0
55025,3.284,99.20,326.00,1,1,0
55028,3.284,99.70,328.00,1,1,0
55030,3.284,93.70,308.00,1,1,0
55033,3.284,98.60,326.00,1,1,0
55035,3.284,105.90,347.00,1,0,1
55048,3.288,98.50,323.00,1,1,0
55050,3.284,98.50,324.00,1,1,0
55053,3.284,99.80,324.00,1,1,0
55055,3.284,98.90,324.00,1,1,0
55058,3.284,99.20,326.00,1,1,0
55060,3.284,98.70,324.00,1,1,0
55063,3.284,98.40,323.00,1,1,0
55065,3.284,97.90,321.00,1,1,0
55067,3.288,98.60,323.00,1,1,0
55070,3.284,99.40,326.00,1,1,0
55072,3.284,99.10,326.00,1,1,0
55075,3.284,90.30,323.00,1,1,0
55077,3.288,99.20,324.00,1,1,0
55080,3.284,99.10,326.00,1,1,0
55092,3.284,103.10,338.00,1,0,1
55095,3.284,99.10,324.00,1,1,0
55097,3.256,93.90,308.00,1,1,0
55100,3.280,99.10,326.00,1,1,0
55102,3.284,97.20,319.00,1,1,0
55105,3.284,97.80,326.00,1,1,0
55107,3.284,98.80,324.00,1,1,0
55110,3.284,98.60,324.00,1,1,0
55112,3.284,98.70,324.00,1,1,0
55115,3.284,98.60,324.00,1,1,0
55117,3.284,99.00,324.00,1,1,0
55120,3.284,99.30,326.00,1,1,0
55122,3.284,99.10,326.00,1,1,0
55125,3.284,99.80,328.00,1,1,0
55137,3.284,98.80,324.00,1,1,0
55140,3.284,98.50,324.00,1,1,0
55142,3.288,98.80,323.00,1,1,0
55145,3.284,99.60,328.00,1,0,1
55147,3.276,98.50,324.00,1,0,1
55150,3.260,98.50,326.00,1,1,0
55152,3.288,136.90,449.00,1,1,0
55155,3.280,100.20,329.00,1,1,0
55157,3.284,98.60,324.00,1,1,0
55160,3.284,98.50,323.00,1,1,0
55162,3.284,98.40,323.00,1,1,0
55164,3.284,98.50,324.00,1,1,0
55167,3.284,98.70,324.00,1,1,0
55169,3.284,98.90,324.00,1,1,0
55182,3.284,99.00,324.00,1,1,0
55185,3.284,98.70,324.00,1,1,0
55187,3.284,98.90,324.00,1,1,0
55189,3.284,99.10,326.00,1,1,0
55192,3.284,98.60,324.00,1,1,0
55194,3.284,98.90,323.00,1,1,0
55197,3.284,99.10,326.00,1,1,0
55199,3.284,98.50,323.00,1,1,0
55202,3.284,99.20,349.00,1,0,1
55204,3.284,130.50,429.00,1,0,1
55207,3.284,99.10,324.00,1,1,0
55209,3.284,97.10,329.00,1,1,0
55212,3.284,98.40,323.00,1,1,0
55214,3.284,98.50,323.00,1,1,0
55227,3.284,100.30,329.00,1,1,0
55229,3.288,98.80,324.00,1,1,0
55232,3.288,99.00,338.00,1,1,0
55234,3.288,94.10,308.00,1,1,0
55237,3.284,98.80,324.00,1,1,0
55239,3.284,98.80,324.00,1,1,0
55242,3.284,98.60,324.00,1,1,0
55244,3.284,98.50,323.00,1,1,0
55247,3.284,98.50,324.00,1,1,0
55249,3.284,99.40,326.00,1,1,0
55252,3.284,97.70,321.00,1,1,0
55254,3.284,99.20,324.00,1,1,0
55257,3.288,103.20,338.00,1,0,1
55259,3.284,132.50,434.00,1,0,1
55272,3.284,98.40,323.00,1,1,0
55274,3.284,98.40,328.00,1,1,0
55277,3.284,99.20,326.00,1,1,0
55279,3.284,90.40,297.00,1,1,0
55282,3.284,98.80,326.00,1,1,0
55284,3.284,101.70,336.00,1,1,0
55286,3.276,97.50,321.00,1,1,0
55289,3.284,98.00,321.00,1,1,0
55291,3.284,98.80,334.00,1,1,0
55294,3.288,99.20,326.00,1,1,0
55296,3.284,98.70,324.00,1,1,0
55299,3.284,99.20,326.00,1,1,0
55301,3.284,99.90,328.00,1,1,0
55304,3.288,99.10,326.00,1,1,0
55316,3.260,99.20,326.00,1,1,0
55319,3.280,131.90,308.00,1,1,0
55321,3.280,97.40,319.00,1,1,0
55324,3.284,99.20,326.00,1,1,0
55326,3.284,98.60,324.00,1,1,0
55329,3.284,99.20,326.00,1,1,0
55331,3.284,99.30,326.00,1,1,0
55334,3.284,99.00,341.00,1,1,0
55336,3.288,93.90,308.00,1,1,0
55339,3.288,98.80,324.00,1,1,0
55341,3.284,99.00,326.00,1,1,0
55344,3.288,100.00,323.00,1,1,0
55346,3.284,98.60,324.00,1,1,0
55349,3.284,98.70,324.00,1,1,0
55361,3.288,99.00,326.00,1,1,0
55364,3.284,96.20,324.00,1,1,0
55366,3.284,98.60,324.00,1,1,0
55369,3.280,100.30,329.00,1,0,1
55371,3.260,98.70,324.00,1,0,1
55374,3.284,98.60,323.00,1,0,1
55376,3.304,62.50,206.00,1,0,1
55379,3.304,68.80,359.00,1,1,0
55381,3.280,90.40,297.00,1,1,0
55384,3.284,99.10,326.00,1,1,0
55386,3.288,99.30,326.00,1,1,0
55388,3.284,99.50,326.00,1,1,0
55391,3.284,96.90,318.00,1,1,0
55393,3.288,99.20,326.00,1,1,0
55406,3.284,99.30,326.00,1,1,0
55409,3.284,100.70,326.00,1,1,0
55411,3.284,99.20,326.00,1,1,0
55413,3.284,100.50,329.00,1,1,0
55416,3.284,98.70,324.00,1,1,0
55418,3.284,98.70,324.00,1,1,0
55421,3.284,98.70,324.00,1,1,0
55423,3.284,99.10,326.00,1,1,0
55426,3.284,101.30,333.00,1,1,0
55428,3.284,105.20,346.00,1,0,1
55431,3.284,99.20,323.00,1,0,1
55433,3.284,130.30,428.00,1,1,0
55436,3.280,98.60,324.00,1,1,0
55448,3.284,98.40,323.00,1,1,0
55451,3.284,98.40,323.00,1,1,0
55453,3.284,98.50,323.00,1,1,0
55456,3.288,98.60,324.00,1,1,0
55458,3.284,99.40,326.00,1,1,0
55461,3.284,99.20,326.00,1,1,0
55463,3.284,98.60,324.00,1,1,0
55466,3.284,98.50,323.00,1,1,0
55468,3.284,98.40,321.00,1,1,0
55471,3.284,98.40,323.00,1,1,0
55473,3.280,99.20,326.00,1,1,0
55476,3.284,100.70,324.00,1,1,0
55478,3.284,98.80,324.00,1,1,0
55481,3.288,99.50,328.00,1,1,0
55493,3.284,99.00,324.00,1,1,0
55496,3.284,98.40,326.00,1,1,0
55498,3.288,98.80,324.00,1,1,0
55501,3.284,98.70,324.00,1,1,0
55503,3.288,98.30,323.00,1,1,0
55506,3.288,99.40,324.00,1,1,0
55508,3.284,99.00,324.00,1,1,0
55511,3.284,99.40,326.00,1,1,0
55513,3.284,99.00,324.00,1,1,0
55515,3.288,98.50,323.00,1,1,0
55518,3.284,98.60,323.00,1,1,0
55520,3.284,98.60,326.00,1,1,0
55523,3.284,99.00,324.00,1,1,0
55525,3.284,98.90,324.00,1,1,0
55538,3.284,98.70,324.00,1,0,1
55540,3.276,95.50,308.00,1,0,1
55543,3.284,100.40,329.00,1,1,0
55545,3.284,132.90,436.00,1,1,0
55548,3.280,101.50,333.00,1,1,0
55550,3.288,98.50,323.00,1,1,0
55553,3.276,98.70,324.00,1,1,0
55555,3.284,99.00,324.00,1,1,0
55558,3.284,98.90,326.00,1,1,0
55560,3.288,98.50,323.00,1,1,0
55563,3.284,99.00,324.00,1,1,0
55565,3.284,98.50,324.00,1,1,0
55568,3.288,98.60,324.00,1,1,0
55570,3.284,98.80,324.00,1,1,0
55583,3.288,99.90,328.00,1,1,0
55585,3.288,94.10,297.00,1,1,0
55588,3.284,97.90,321.00,1,1,0
55590,3.284,98.80,324.00,1,1,0
55593,3.288,99.20,323.00,1,1,0
55595,3.284,102.00,334.00,1,0,1
55598,3.284,131.40,431.00,1,0,1
55600,3.272,100.40,411.00,1,1,0
55603,3.280,101.40,333.00,1,1,0
55605,3.284,99.30,326.00,1,1,0
55608,3.288,99.30,326.00,1,1,0
55610,3.284,98.60,324.00,1,1,0
55612,3.284,99.20,326.00,1,1,0
55625,3.288,99.40,326.00,1,1,0
55628,3.288,99.40,326.00,1,1,0
55630,3.284,99.20,326.00,1,1,0
55633,3.284,99.20,326.00,1,1,0
55635,3.288,99.50,326.00,1,1,0
55638,3.288,100.60,328.00,1,1,0
55640,3.284,98.70,324.00,1,1,0
55642,3.276,98.50,323.00,1,1,0
55645,3.284,96.30,324.00,1,1,0
55647,3.284,98.50,323.00,1,1,0
55650,3.284,100.00,328.00,1,0,1
55652,3.284,98.80,324.00,1,0,1
55655,3.284,105.70,344.00,1,1,0
55657,3.260,99.50,326.00,1,1,0
55670,3.288,98.70,324.00,1,1,0
55672,3.284,98.70,324.00,1,1,0
55675,3.288,98.90,324.00,1,1,0
55677,3.284,98.70,324.00,1,1,0
55680,3.288,98.80,324.00,1,1,0
55682,3.288,98.90,326.00,1,1,0
55685,3.288,99.10,326.00,1,1,0
55687,3.288,96.20,316.00,1,1,0
55690,3.284,90.50,326.00,1,1,0
55692,3.284,98.80,324.00,1,1,0
55695,3.284,99.20,326.00,1,1,0
55697,3.284,100.30,324.00,1,1,0
55700,3.288,98.60,324.00,1,1,0
55702,3.284,99.00,326.00,1,1,0
55715,3.284,99.00,326.00,1,1,0
55717,3.284,99.40,326.00,1,1,0
55720,3.284,100.00,323.00,1,1,0
55722,3.284,98.80,324.00,1,1,0
55725,3.284,98.80,324.00,1,1,0
55727,3.288,98.60,324.00,1,1,0
55730,3.284,99.00,326.00,1,1,0
55732,3.284,98.80,324.00,1,1,0
55735,3.284,99.50,324.00,1,1,0
55737,3.284,98.70,324.00,1,1,0
55739,3.284,98.70,324.00,1,1,0
55742,3.284,99.60,323.00,1,1,0
55744,3.284,97.20,319.00,1,1,0
55747,3.284,99.30,326.00,1,1,0
55760,3.284,99.20,324.00,1,0,1
55762,3.284,100.00,326.00,1,0,1
55764,3.284,99.10,324.00,1,1,0
55767,3.256,99.50,328.00,1,1,0
55769,3.284,99.50,328.00,1,1,0
55772,3.284,98.60,338.00,1,1,0
55774,3.280,98.60,324.00,1,1,0
55777,3.284,99.00,326.00,1,1,0
55779,3.284,99.40,324.00,1,1,0
55782,3.284,99.50,326.00,1,1,0
55784,3.284,98.90,324.00,1,1,0
55787,3.284,98.60,328.00,1,1,0
55789,3.284,98.40,323.00,1,1,0
55792,3.284,90.40,297.00,1,1,0
55804,3.284,99.30,326.00,1,1,0
55807,3.284,98.50,323.00,1,1,0
55809,3.284,97.50,319.00,1,1,0
55812,3.284,99.20,326.00,1,1,0
55814,3.288,99.10,334.00,1,0,1
55817,3.280,99.00,336.00,1,0,1
55819,3.284,101.70,334.00,1,1,0
55822,3.264,94.20,310.00,1,1,0
55824,3.284,98.50,324.00,1,1,0
55827,3.280,98.70,324.00,1,1,0
55829,3.288,98.70,324.00,1,1,0
55832,3.284,99.10,326.00,1,1,0
55834,3.284,98.90,324.00,1,1,0
55836,3.284,98.90,324.00,1,1,0
55849,3.284,95.90,315.00,1,1,0
55852,3.284,98.60,326.00,1,1,0
55854,3.288,99.50,326.00,1,1,0
55857,3.284,99.50,328.00,1,1,0
55859,3.284,99.00,324.00,1,1,0
55861,3.284,101.50,334.00,1,1,0
55864,3.288,99.00,324.00,1,1,0
55866,3.284,98.40,323.00,1,1,0
55869,3.288,98.50,326.00,1,0,1
55871,3.284,99.30,326.00,1,0,1
55874,3.276,102.30,334.00,1,1,0
55876,3.276,102.70,323.00,1,1,0
55879,3.280,99.20,326.00,1,1,0
55881,3.288,99.20,326.00,1,1,0
55894,3.284,90.30,297.00,1,1,0
55896,3.288,98.60,326.00,1,1,0
55899,3.284,99.10,326.00,1,1,0
55901,3.284,98.70,324.00,1,1,0
55904,3.284,98.60,324.00,1,1,0
55906,3.288,99.10,326.00,1,1,0
55909,3.284,102.00,334.00,1,1,0
55911,3.284,98.80,324.00,1,1,0
55914,3.284,99.10,326.00,1,1,0
55916,3.284,98.80,324.00,1,1,0
55919,3.288,99.70,326.00,1,1,0
55921,3.284,99.10,326.00,1,1,0
55924,3.284,99.20,326.00,1,1,0
55926,3.288,98.60,323.00,1,0,1
55939,3.284,99.00,326.00,1,1,0
55941,3.288,98.70,323.00,1,1,0
55944,3.284,98.60,324.00,1,1,0
55946,3.284,97.90,321.00,1,1,0
55949,3.288,98.50,321.00,1,1,0
55951,3.284,99.20,326.00,1,1,0
55954,3.284,97.00,318.00,1,1,0
55956,3.284,99.30,326.00,1,1,0
55958,3.284,99.00,324.00,1,1,0
55961,3.284,98.80,324.00,1,1,0
55963,3.284,101.10,324.00,1,1,0
55966,3.284,98.50,323.00,1,1,0
55968,3.284,98.80,324.00,1,1,0
55971,3.284,98.50,324.00,1,1,0
55984,3.284,98.70,324.00,1,0,1
55986,3.284,99.20,326.00,1,1,0
55988,3.280,105.10,346.00,1,1,0
55991,3.280,98.70,324.00,1,1,0
55993,3.284,99.40,324.00,1,1,0
55996,3.284,90.50,297.00,1,1,0
55998,3.284,98.60,324.00,1,1,0
56001,3.288,99.50,326.00,1,1,0
56003,3.284,99.60,328.00,1,1,0
56006,3.288,98.90,324.00,1,1,0
56008,3.288,99.10,326.00,1,1,0
56011,3.284,98.70,324.00,1,1,0
56013,3.284,98.80,324.00,1,1,0
56016,3.284,98.90,324.00,1,1,0
56028,3.284,98.40,323.00,1,1,0
56031,3.284,98.60,323.00,1,1,0
56033,3.284,99.80,328.00,1,1,0
56036,3.288,99.00,324.00,1,1,0
56038,3.284,98.90,326.00,1,0,1
56041,3.284,128.90,423.00,1,0,1
56043,3.284,99.80,324.00,1,1,0
56046,3.284,99.40,328.00,1,1,0
56048,3.284,98.70,324.00,1,1,0
56051,3.284,98.80,324.00,1,1,0
56053,3.284,94.40,313.00,1,1,0
56056,3.284,98.90,324.00,1,1,0
56058,3.284,98.50,323.00,1,1,0
56060,3.284,98.70,324.00,1,1,0
56073,3.284,98.60,324.00,1,1,0
56076,3.284,98.60,323.00,1,1,0
56078,3.280,98.60,324.00,1,1,0
56081,3.284,98.70,324.00,1,1,0
56083,3.284,98.70,324.00,1,1,0
56085,3.284,98.90,324.00,1,1,0
56088,3.284,98.80,324.00,1,1,0
56090,3.284,98.40,326.00,1,1,0
56093,3.284,103.80,341.00,1,0,1
56095,3.280,101.20,333.00,1,0,1
56098,3.284,90.40,339.00,1,1,0
56100,3.280,94.00,308.00,1,1,0
56103,3.284,99.50,326.00,1,1,0
56105,3.284,100.00,323.00,1,1,0
56118,3.288,99.00,326.00,1,1,0
56120,3.288,98.90,324.00,1,1,0
56123,3.284,99.50,328.00,1,1,0
56125,3.284,99.20,326.00,1,1,0
56128,3.288,99.30,323.00,1,1,0
56130,3.284,99.00,324.00,1,1,0
56133,3.284,98.70,324.00,1,1,0
56135,3.284,98.90,326.00,1,1,0
56138,3.284,98.70,324.00,1,1,0
56140,3.284,98.90,324.00,1,1,0
56143,3.284,98.60,324.00,1,1,0
56145,3.284,98.70,324.00,1,1,0
56148,3.284,99.20,326.00,1,0,1
56150,3.288,99.50,324.00,1,0,1
56163,3.280,99.70,326.00,1,1,0
56165,3.284,98.10,323.00,1,1,0
56168,3.284,99.40,326.00,1,1,0
56170,3.284,101.40,324.00,1,1,0
56173,3.284,98.80,324.00,1,1,0
56175,3.284,98.60,324.00,1,1,0
56178,3.284,101.60,334.00,1,1,0
56180,3.284,98.80,324.00,1,1,0
56182,3.284,98.80,324.00,1,1,0
56185,3.284,99.20,326.00,1,1,0
56187,3.284,98.60,324.00,1,1,0
56190,3.284,98.50,324.00,1,1,0
56192,3.284,98.70,324.00,1,1,0
56195,3.284,99.10,326.00,1,1,0
56207,3.272,102.50,424.00,1,1,0
56210,3.284,94.00,308.00,1,1,0
56212,3.284,99.20,326.00,1,1,0
56215,3.288,99.00,324.00,1,1,0
56217,3.284,98.70,324.00,1,1,0
56220,3.284,99.10,326.00,1,1,0
56222,3.288,99.40,328.00,1,1,0
56225,3.280,99.30,326.00,1,1,0
56227,3.284,98.80,324.00,1,1,0
56230,3.284,99.00,323.00,1,1,0
56232,3.284,99.60,324.00,1,1,0
56235,3.288,98.70,324.00,1,1,0
56237,3.288,98.70,324.00,1,1,0
56240,3.284,100.10,329.00,1,1,0
56252,3.288,100.10,324.00,1,1,0
56255,3.288,98.70,324.00,1,1,0
56257,3.288,98.90,324.00,1,1,0
56260,3.284,105.70,323.00,1,0,1
56262,3.268,98.90,324.00,1,0,1
56265,3.280,102.90,334.00,1,1,0
56267,3.280,117.20,308.00,1,1,0
56270,3.280,98.70,324.00,1,1,0
56272,3.288,98.50,324.00,1,1,0
56275,3.284,98.70,324.00,1,1,0
56277,3.284,99.00,326.00,1,1,0
56279,3.284,99.10,326.00,1,1,0
56282,3.284,98.50,324.00,1,1,0
56295,3.284,98.70,324.00,1,1,0
56297,3.284,99.60,336.00,1,1,0
56300,3.288,98.80,324.00,1,1,0
56302,3.284,91.00,298.00,1,1,0
56305,3.284,90.60,331.00,1,1,0
56307,3.284,99.50,326.00,1,1,0
56309,3.284,98.80,324.00,1,1,0
56312,3.284,99.00,334.00,1,1,0
56314,3.284,98.60,323.00,1,0,1
56317,3.284,99.50,326.00,1,0,1
56319,3.264,100.40,326.00,1,1,0
56322,3.256,99.00,326.00,1,1,0
56324,3.284,99.10,326.00,1,1,0
56327,3.280,98.90,324.00,1,1,0
56339,3.288,99.00,324.00,1,1,0
56342,3.284,99.10,331.00,1,1,0
56344,3.288,98.90,324.00,1,1,0
56347,3.284,98.60,324.00,1,1,0
56349,3.284,98.50,323.00,1,1,0
56352,3.284,98.50,323.00,1,1,0
56354,3.284,97.50,319.00,1,1,0
56357,3.284,100.40,326.00,1,1,0
56359,3.288,95.70,315.00,1,1,0
56362,3.276,108.20,356.00,1,1,0
56364,3.288,98.60,324.00,1,1,0
56367,3.284,99.10,326.00,1,1,0
56369,3.284,99.10,326.00,1,0,1
56372,3.280,99.20,326.00,1,0,1
56384,3.284,98.80,324.00,1,1,0
56387,3.284,98.70,324.00,1,1,0
56389,3.284,101.10,333.00,1,1,0
56392,3.288,99.30,326.00,1,1,0
56394,3.284,99.10,323.00,1,1,0
56397,3.284,98.80,324.00,1,1,0
56399,3.284,98.50,324.00,1,1,0
56402,3.284,99.20,326.00,1,1,0
56404,3.284,93.90,308.00,1,1,0
56406,3.284,90.80,298.00,1,1,0
56409,3.288,98.70,326.00,1,1,0
56411,3.284,99.00,324.00,1,1,0
56414,3.284,98.50,324.00,1,1,0
56416,3.284,98.50,324.00,1,1,0
56429,3.280,129.20,323.00,1,1,0
56431,3.272,96.70,318.00,1,1,0
56434,3.280,102.20,336.00,1,1,0
56436,3.288,99.20,326.00,1,1,0
56439,3.288,99.20,326.00,1,1,0
56441,3.288,98.60,324.00,1,1,0
56444,3.284,98.50,323.00,1,1,0
56446,3.288,98.70,326.00,1,1,0
56449,3.284,98.30,323.00,1,1,0
56451,3.288,99.10,326.00,1,1,0
56454,3.284,98.90,326.00,1,1,0
56456,3.288,99.20,326.00,1,1,0
56459,3.284,98.70,324.00,1,1,0
56461,3.284,99.00,324.00,1,1,0
56474,3.284,98.60,323.00,1,1,0
56476,3.284,99.60,328.00,1,1,0
56479,3.284,99.10,326.00,1,0,1
56481,3.276,98.50,426.00,1,0,1
56484,3.280,100.00,328.00,1,1,0
56486,3.256,96.30,316.00,1,1,0
56489,3.284,98.60,324.00,1,1,0
56491,3.284,102.60,338.00,1,1,0
56494,3.284,98.20,323.00,1,1,0
56496,3.284,98.30,323.00,1,1,0
56499,3.284,98.60,329.00,1,1,0
56501,3.288,99.90,328.00,1,1,0
56503,3.284,101.60,334.00,1,1,0
56506,3.288,99.50,313.00,1,1,0
56519,3.284,99.50,324.00,1,1,0
56521,3.284,99.30,326.00,1,1,0
56524,3.284,98.40,323.00,1,1,0
56526,3.284,98.40,323.00,1,1,0
56528,3.288,99.30,326.00,1,1,0
56531,3.288,97.70,321.00,1,1,0
56533,3.284,99.10,324.00,1,0,1
56536,3.284,99.20,326.00,1,0,1
56538,3.284,99.60,328.00,1,1,0
56541,3.280,102.90,385.00,1,1,0
56543,3.284,100.50,329.00,1,1,0
56546,3.284,99.00,326.00,1,1,0
56548,3.288,99.00,324.00,1,1,0
56551,3.284,99.00,324.00,1,1,0
56563,3.288,98.70,324.00,1,1,0
56566,3.284,93.90,308.00,1,1,0
56568,3.284,98.70,324.00,1,1,0
56571,3.284,99.10,329.00,1,1,0
56573,3.284,98.60,324.00,1,1,0
56576,3.284,98.50,323.00,1,1,0
56578,3.284,98.80,326.00,1,1,0
56581,3.284,98.70,324.00,1,1,0
56583,3.284,98.70,324.00,1,1,0
56586,3.284,98.70,324.00,1,1,0
56588,3.284,99.00,324.00,1,1,0
56591,3.288,98.50,323.00,1,0,1
56593,3.284,98.50,424.00,1,0,1
56596,3.284,97.70,318.00,1,1,0
56612,3.284,99.10,324.00,1,1,0
56615,3.284,102.10,334.00,1,1,0
56617,3.276,99.00,324.00,1,1,0
56620,3.284,98.50,324.00,1,1,0
56622,3.288,98.90,328.00,1,1,0
56625,3.288,99.10,326.00,1,1,0
56627,3.284,98.80,324.00,1,1,0
56630,3.284,101.40,326.00,1,1,0
56632,3.284,98.70,324.00,1,1,0
56634,3.284,98.60,324.00,1,1,0
56637,3.288,99.20,326.00,1,1,0
56639,3.288,99.00,326.00,1,1,0
56642,3.284,98.40,323.00,1,1,0
56644,3.284,99.00,324.00,1,0,1
56657,3.284,99.40,323.00,1,1,0
56659,3.284,99.40,326.00,1,1,0
56662,3.284,99.00,324.00,1,1,0
56664,3.284,99.50,324.00,1,1,0
56667,3.280,98.40,310.00,1,1,0
56669,3.280,98.60,324.00,1,1,0
56672,3.284,98.80,324.00,1,1,0
56674,3.288,99.70,324.00,1,1,0
56677,3.284,98.40,323.00,1,1,0
56679,3.284,98.70,324.00,1,1,0
56682,3.284,100.20,324.00,1,1,0
56684,3.284,98.60,324.00,1,1,0
56687,3.284,98.50,324.00,1,1,0
56689,3.284,99.20,333.00,1,1,0
56702,3.284,99.20,344.00,1,0,1
56704,3.284,130.90,429.00,1,0,1
56707,3.284,101.40,333.00,1,1,0
56709,3.260,100.00,326.00,1,1,0
56712,3.288,90.30,297.00,1,1,0
56714,3.284,99.00,324.00,1,1,0
56717,3.284,99.10,323.00,1,1,0
56719,3.284,99.20,326.00,1,1,0
56722,3.288,102.00,336.00,1,1,0
56724,3.284,99.10,326.00,1,1,0
56727,3.284,98.30,321.00,1,1,0
56729,3.284,99.20,326.00,1,1,0
56731,3.284,100.40,329.00,1,1,0
56744,3.284,98.40,323.00,1,1,0
56747,3.284,98.50,323.00,1,1,0
56749,3.284,98.80,324.00,1,1,0
56752,3.284,99.40,326.00,1,1,0
56754,3.284,97.20,328.00,1,1,0
56757,3.284,99.30,326.00,1,0,1
56759,3.276,99.30,326.00,1,0,1
56761,3.284,99.00,323.00,1,1,0
56764,3.284,93.90,308.00,1,1,0
56766,3.284,98.90,324.00,1,1,0
56769,3.280,100.70,321.00,1,1,0
56771,3.280,98.70,324.00,1,1,0
56774,3.284,99.10,326.00,1,1,0
56776,3.284,99.20,328.00,1,1,0
56789,3.284,99.20,326.00,1,1,0
56791,3.284,98.70,324.00,1,1,0
56794,3.284,99.10,326.00,1,1,0
56796,3.284,98.80,324.00,1,1,0
56799,3.284,98.70,324.00,1,1,0
56801,3.284,99.00,324.00,1,1,0
56804,3.284,97.70,321.00,1,1,0
56806,3.284,98.90,324.00,1,1,0
56809,3.284,99.80,328.00,1,1,0
56811,3.284,99.00,324.00,1,1,0
56814,3.288,106.50,297.00,1,0,1
56816,3.280,127.20,418.00,1,0,1
56819,3.280,132.70,436.00,1,1,0
56821,3.284,100.80,328.00,1,1,0
56834,3.284,98.70,324.00,1,1,0
56836,3.284,99.10,326.00,1,1,0
56839,3.284,99.30,326.00,1,1,0
56841,3.284,99.10,326.00,1,1,0
56844,3.284,99.10,323.00,1,1,0
56846,3.284,98.90,324.00,1,1,0
56849,3.284,98.30,323.00,1,1,0
56851,3.284,98.90,324.00,1,1,0
56854,3.284,101.10,333.00,1,1,0
56856,3.284,99.10,326.00,1,1,0
56858,3.284,98.90,324.00,1,1,0
56861,3.284,98.70,324.00,1,1,0
56863,3.284,98.50,323.00,1,1,0
56866,3.284,98.60,324.00,1,1,0
56879,3.284,99.70,328.00,1,1,0
56881,3.288,98.70,324.00,1,1,0
56883,3.280,99.40,326.00,1,1,0
56886,3.284,99.30,326.00,1,1,0
56888,3.284,98.80,324.00,1,1,0
56891,3.284,98.50,323.00,1,1,0
56893,3.288,98.70,324.00,1,1,0
56896,3.288,100.10,326.00,1,1,0
56898,3.284,99.10,326.00,1,1,0
56901,3.284,99.20,326.00,1,1,0
56903,3.284,99.50,324.00,1,1,0
56906,3.288,98.80,324.00,1,1,0
56908,3.288,98.50,323.00,1,1,0
56911,3.284,98.50,326.00,1,1,0
56923,3.284,100.20,324.00,1,0,1
56926,3.284,98.70,324.00,1,0,1
56928,3.288,109.10,356.00,1,1,0
56931,3.280,100.50,326.00,1,1,0
56933,3.284,99.50,326.00,1,1,0
56936,3.284,99.90,328.00,1,1,0
56938,3.284,100.00,328.00,1,1,0
56941,3.284,98.60,324.00,1,1,0
56943,3.288,99.00,324.00,1,1,0
56946,3.284,99.10,326.00,1,1,0
56948,3.288,98.70,324.00,1,1,0
56951,3.284,96.90,318.00,1,1,0
56953,3.284,98.70,324.00,1,1,0
56966,3.284,98.70,324.00,1,1,0
56968,3.284,98.90,324.00,1,1,0
56971,3.284,98.80,324.00,1,1,0
56973,3.284,101.70,334.00,1,1,0
56976,3.280,97.20,324.00,1,1,0
56978,3.284,106.40,349.00,1,0,1
56981,3.256,100.90,331.00,1,0,1
56983,3.284,99.10,437.00,1,1,0
56985,3.280,98.90,324.00,1,1,0
56988,3.284,98.90,324.00,1,1,0
56990,3.284,98.50,323.00,1,1,0
56993,3.284,98.50,324.00,1,1,0
56995,3.284,99.40,326.00,1,1,0
56998,3.284,98.80,324.00,1,1,0
57010,3.284,98.80,324.00,1,1,0
57013,3.288,98.80,329.00,1,1,0
57015,3.288,99.50,328.00,1,1,0
57018,3.288,99.70,328.00,1,1,0
57020,3.284,90.60,310.00,1,1,0
57023,3.284,98.80,324.00,1,1,0
57025,3.280,99.70,328.00,1,1,0
57028,3.284,98.60,324.00,1,1,0
57030,3.284,98.40,323.00,1,1,0
57033,3.288,99.30,326.00,1,0,1
57035,3.284,98.60,324.00,1,0,1
57038,3.284,100.70,328.00,1,1,0
57040,3.284,100.30,329.00,1,1,0
57043,3.284,93.80,324.00,1,1,0
57055,3.288,98.60,324.00,1,1,0
57058,3.284,98.60,324.00,1,1,0
57060,3.284,99.30,326.00,1,1,0
57063,3.284,99.60,328.00,1,1,0
57065,3.284,98.10,323.00,1,1,0
57068,3.284,99.40,326.00,1,1,0
57070,3.284,102.80,334.00,1,1,0
57073,3.280,98.70,324.00,1,1,0
57075,3.288,101.10,333.00,1,1,0
57078,3.280,93.80,308.00,1,1,0
57080,3.284,100.30,324.00,1,1,0
57082,3.284,98.90,324.00,1,1,0
57085,3.284,98.60,324.00,1,1,0
57087,3.284,98.60,349.00,1,0,1
57100,3.284,98.50,323.00,1,1,0
57103,3.284,98.70,324.00,1,1,0
57105,3.284,98.60,324.00,1,1,0
57107,3.284,98.70,324.00,1,1,0
57110,3.284,98.90,324.00,1,1,0
57112,3.284,99.50,328.00,1,1,0
57115,3.284,98.60,324.00,1,1,0
57117,3.288,99.20,326.00,1,1,0
57120,3.284,99.40,326.00,1,1,0
57122,3.284,90.50,297.00,1,1,0
57125,3.284,99.70,328.00,1,1,0
57127,3.284,99.60,328.00,1,1,0
57130,3.284,99.50,326.00,1,1,0
57132,3.284,98.70,324.00,1,1,0
57145,3.284,99.00,323.00,1,0,1
57147,3.284,99.20,324.00,1,1,0
57150,3.272,94.30,310.00,1,1,0
57152,3.280,99.80,328.00,1,1,0
57155,3.284,98.60,324.00,1,1,0
57157,3.284,99.30,326.00,1,1,0
57160,3.284,98.90,324.00,1,1,0
57162,3.284,97.60,326.00,1,1,0
57165,3.284,98.50,323.00,1,1,0
57167,3.284,99.00,324.00,1,1,0
57170,3.284,98.90,324.00,1,1,0
57172,3.284,99.60,328.00,1,1,0
57175,3.284,98.90,324.00,1,1,0
57177,3.284,99.00,334.00,1,1,0
57190,3.284,99.20,331.00,1,1,0
57192,3.272,98.80,324.00,1,1,0
57195,3.284,98.80,324.00,1,1,0
57197,3.284,98.70,324.00,1,1,0
57200,3.288,100.10,323.00,1,0,1
57202,3.280,98.90,324.00,1,0,1
57204,3.284,106.20,346.00,1,1,0
57207,3.284,98.90,324.00,1,1,0
57209,3.284,99.00,324.00,1,1,0
57212,3.284,98.80,324.00,1,1,0
57214,3.288,100.90,326.00,1,1,0
57217,3.288,98.50,323.00,1,1,0
57219,3.284,99.20,326.00,1,1,0
57222,3.284,99.40,328.00,1,1,0
57234,3.284,90.30,324.00,1,1,0
57237,3.284,99.60,328.00,1,1,0
57239,3.284,99.70,328.00,1,1,0
57242,3.284,98.90,331.00,1,1,0
57244,3.288,99.20,326.00,1,1,0
57247,3.284,98.50,323.00,1,1,0
57249,3.284,99.20,326.00,1,1,0
57252,3.284,99.50,326.00,1,1,0
57254,3.284,105.80,347.00,1,0,1
57257,3.284,100.30,329.00,1,0,1
57259,3.284,98.80,336.00,1,1,0
57262,3.252,93.90,308.00,1,1,0
57264,3.284,98.80,324.00,1,1,0
57267,3.276,99.00,338.00,1,1,0
57279,3.284,98.50,331.00,1,1,0
57282,3.280,94.00,308.00,1,1,0
57284,3.284,98.80,324.00,1,1,0
57287,3.284,99.20,324.00,1,1,0
57289,3.284,99.10,326.00,1,1,0
57292,3.288,98.60,324.00,1,1,0
57294,3.288,98.30,323.00,1,1,0
57297,3.284,98.50,326.00,1,1,0
57299,3.284,99.20,326.00,1,1,0
57301,3.284,102.90,338.00,1,1,0
57304,3.284,98.90,324.00,1,1,0
57306,3.284,99.00,326.00,1,1,0
57309,3.288,98.60,324.00,1,0,1
57311,3.272,98.40,321.00,1,0,1
57324,3.284,99.30,326.00,1,1,0
57326,3.284,90.00,295.00,1,1,0
57329,3.284,99.00,324.00,1,1,0
57331,3.288,99.20,334.00,1,1,0
57334,3.288,98.60,324.00,1,1,0
57336,3.284,99.00,324.00,1,1,0
57339,3.284,99.40,323.00,1,1,0
57341,3.284,98.90,324.00,1,1,0
57344,3.284,99.00,326.00,1,1,0
57346,3.288,101.80,326.00,1,1,0
57349,3.288,99.10,323.00,1,1,0
57351,3.288,99.20,326.00,1,1,0
57354,3.288,97.30,319.00,1,1,0
57356,3.284,99.10,324.00,1,1,0
57369,3.288,103.10,324.00,1,0,1
57371,3.284,131.10,429.00,1,1,0
57374,3.280,99.90,328.00,1,1,0
57376,3.284,98.40,323.00,1,1,0
57379,3.284,98.80,324.00,1,1,0
57381,3.284,98.40,323.00,1,1,0
57384,3.284,98.70,308.00,1,1,0
57386,3.284,99.10,326.00,1,1,0
57389,3.284,99.10,326.00,1,1,0
57391,3.284,99.50,324.00,1,1,0
57394,3.284,99.50,326.00,1,1,0
57396,3.284,98.50,323.00,1,1,0
57398,3.284,98.80,323.00,1,1,0
57401,3.284,98.90,324.00,1,1,0
57414,3.284,98.90,324.00,1,1,0
57416,3.284,98.00,321.00,1,1,0
57419,3.284,98.90,324.00,1,1,0
57421,3.284,98.50,329.00,1,0,1
57423,3.284,98.90,324.00,1,0,1
57426,3.284,99.40,326.00,1,0,1
57428,3.284,96.40,206.00,1,0,1
57431,3.308,65.40,216.00,1,1,0
57433,3.280,93.90,308.00,1,1,0
57436,3.288,100.10,323.00,1,1,0
57438,3.284,98.60,324.00,1,1,0
57441,3.284,98.60,324.00,1,1,0
57443,3.284,99.20,326.00,1,1,0
57446,3.288,98.40,323.00,1,1,0
57458,3.284,98.40,323.00,1,1,0
57461,3.284,98.80,324.00,1,1,0
57463,3.284,99.00,324.00,1,1,0
57466,3.284,99.80,324.00,1,1,0
57468,3.284,98.80,324.00,1,1,0
57471,3.284,99.10,326.00,1,1,0
57473,3.280,98.70,324.00,1,1,0
57476,3.284,99.00,326.00,1,1,0
57478,3.284,98.80,324.00,1,1,0
57481,3.284,98.90,324.00,1,0,1
57483,3.284,98.80,324.00,1,0,1
57486,3.276,95.00,311.00,1,0,1
57488,3.280,74.80,293.00,1,1,0
57491,3.260,96.10,316.00,1,1,0
57503,3.284,98.50,323.00,1,1,0
57506,3.284,97.10,319.00,1,1,0
57508,3.288,98.40,323.00,1,1,0
57511,3.284,98.70,326.00,1,1,0
57513,3.284,98.80,324.00,1,1,0
57516,3.284,99.40,326.00,1,1,0
57518,3.284,99.20,324.00,1,1,0
57520,3.284,98.80,324.00,1,1,0
57523,3.284,98.70,324.00,1,1,0
57525,3.284,98.90,328.00,1,1,0
57528,3.288,99.60,328.00,1,1,0
57530,3.288,98.10,323.00,1,1,0
57533,3.284,90.50,329.00,1,1,0
57535,3.284,98.60,324.00,1,1,0
57548,3.284,98.80,324.00,1,1,0
57550,3.284,99.10,326.00,1,1,0
57553,3.284,99.40,326.00,1,1,0
57555,3.284,99.00,324.00,1,1,0
57558,3.284,99.20,326.00,1,1,0
57560,3.284,99.00,324.00,1,1,0
57563,3.284,98.80,324.00,1,1,0
57565,3.284,99.10,326.00,1,1,0
57568,3.284,98.80,324.00,1,1,0
57570,3.280,99.60,324.00,1,1,0
57573,3.284,99.00,324.00,1,1,0
57575,3.284,99.30,326.00,1,1,0
57578,3.284,99.00,323.00,1,1,0
57580,3.284,98.30,323.00,1,1,0
57593,3.288,98.80,324.00,1,0,1
57595,3.284,99.60,328.00,1,0,1
57598,3.284,97.80,324.00,1,1,0
57600,3.280,102.60,338.00,1,1,0
57603,3.284,99.10,326.00,1,1,0
57605,3.284,100.10,324.00,1,1,0
57608,3.284,98.90,324.00,1,1,0
57610,3.284,98.60,324.00,1,1,0
57613,3.284,99.00,324.00,1,1,0
57615,3.284,98.70,324.00,1,1,0
57617,3.284,99.50,326.00,1,1,0
57620,3.284,99.10,326.00,1,1,0
57622,3.284,98.90,324.00,1,1,0
57625,3.284,98.90,324.00,1,1,0
57638,3.284,98.70,324.00,1,1,0
57640,3.284,99.40,326.00,1,1,0
57643,3.284,98.80,324.00,1,1,0
57645,3.284,99.00,324.00,1,1,0
57647,3.288,98.90,324.00,1,1,0
57650,3.284,98.80,326.00,1,0,1
57652,3.284,99.60,328.00,1,0,1
57655,3.284,99.40,324.00,1,1,0
57657,3.280,94.20,310.00,1,1,0
57660,3.284,99.00,326.00,1,1,0
57662,3.284,99.50,326.00,1,1,0
57665,3.284,99.30,326.00,1,1,0
57667,3.284,98.60,324.00,1,1,0
57670,3.284,98.50,323.00,1,1,0
57682,3.284,98.30,323.00,1,1,0
57685,3.284,98.50,323.00,1,1,0
57687,3.284,98.80,324.00,1,1,0
57690,3.284,97.00,318.00,1,1,0
57692,3.284,98.60,324.00,1,1,0
57695,3.284,98.60,324.00,1,1,0
57697,3.284,98.70,323.00,1,1,0
57700,3.284,98.50,323.00,1,1,0
57702,3.284,99.20,324.00,1,1,0
57705,3.284,101.90,334.00,1,0,1
57707,3.284,98.60,321.00,1,0,1
57710,3.284,98.50,354.00,1,1,0
57712,3.256,94.90,326.00,1,1,0
57715,3.280,98.60,324.00,1,1,0
57727,3.280,98.50,323.00,1,1,0
57730,3.284,98.40,323.00,1,1,0
57732,3.284,99.00,326.00,1,1,0
57735,3.284,97.60,321.00,1,1,0
57737,3.284,90.80,298.00,1,1,0
57740,3.284,99.50,323.00,1,1,0
57742,3.284,100.30,329.00,1,1,0
57744,3.284,98.50,323.00,1,1,0
57747,3.284,98.40,323.00,1,1,0
57749,3.284,99.10,326.00,1,1,0
57752,3.284,98.60,324.00,1,1,0
57754,3.284,98.80,326.00,1,1,0
57757,3.284,99.00,324.00,1,1,0
57759,3.284,98.50,323.00,1,0,1
57772,3.284,98.80,324.00,1,1,0
57774,3.284,99.00,324.00,1,1,0
57777,3.284,99.00,319.00,1,1,0
57779,3.284,98.60,324.00,1,1,0
57782,3.288,100.30,329.00,1,1,0
57784,3.284,98.70,324.00,1,1,0
57787,3.284,98.80,324.00,1,1,0
57789,3.284,98.80,324.00,1,1,0
57792,3.284,100.10,336.00,1,1,0
57794,3.284,94.70,311.00,1,1,0
57797,3.284,98.70,324.00,1,1,0
57799,3.284,100.70,324.00,1,1,0
57802,3.284,99.50,326.00,1,1,0
57804,3.284,99.50,326.00,1,1,0
57817,3.276,99.90,326.00,1,0,1
57819,3.284,98.80,324.00,1,1,0
57822,3.280,118.60,313.00,1,1,0
57824,3.280,98.60,323.00,1,1,0
57827,3.284,98.40,323.00,1,1,0
57829,3.288,98.70,324.00,1,1,0
57832,3.284,98.60,324.00,1,1,0
57834,3.284,98.90,324.00,1,1,0
57837,3.284,99.70,326.00,1,1,0
57839,3.284,90.60,298.00,1,1,0
57841,3.284,98.40,323.00,1,1,0
57844,3.284,100.00,326.00,1,1,0
57846,3.284,98.90,324.00,1,1,0
57849,3.284,98.70,324.00,1,1,0
57862,3.284,98.40,323.00,1,1,0
57864,3.284,98.60,324.00,1,1,0
57866,3.284,98.40,326.00,1,1,0
57869,3.284,99.00,326.00,1,1,0
57871,3.284,105.60,347.00,1,0,1
57874,3.284,116.50,324.00,1,0,1
57876,3.284,132.00,433.00,1,1,0
57879,3.280,100.80,331.00,1,1,0
57881,3.284,99.00,324.00,1,1,0
57884,3.284,98.80,324.00,1,1,0
57886,3.284,98.40,323.00,1,1,0
57889,3.284,99.80,324.00,1,1,0
57891,3.284,98.50,323.00,1,1,0
57904,3.280,98.70,324.00,1,1,0
57906,3.284,99.10,326.00,1,1,0
57909,3.284,98.50,324.00,1,1,0
57911,3.284,98.40,323.00,1,1,0
57914,3.284,99.00,324.00,1,1,0
57916,3.284,98.80,323.00,1,1,0
57919,3.284,98.60,323.00,1,1,0
57921,3.284,98.70,324.00,1,1,0
57924,3.284,98.60,324.00,1,1,0
57926,3.284,99.40,333.00,1,0,1
57929,3.284,99.10,326.00,1,0,1
57931,3.284,101.70,333.00,1,1,0
57934,3.284,100.30,326.00,1,1,0
57936,3.284,98.70,324.00,1,1,0
57949,3.288,98.70,324.00,1,1,0
57951,3.284,99.30,326.00,1,1,0
57954,3.284,98.40,326.00,1,1,0
57956,3.284,98.60,324.00,1,1,0
57959,3.284,99.80,328.00,1,1,0
57961,3.284,98.80,324.00,1,1,0
57964,3.284,98.70,324.00,1,1,0
57966,3.284,99.30,326.00,1,1,0
57968,3.288,99.30,323.00,1,1,0
57971,3.284,99.80,324.00,1,1,0
57973,3.284,99.10,326.00,1,1,0
57976,3.288,99.10,326.00,1,1,0
57978,3.284,99.30,324.00,1,1,0
57981,3.288,99.40,326.00,1,0,1
57993,3.288,99.10,326.00,1,1,0
57996,3.284,98.60,324.00,1,1,0
57998,3.288,93.90,308.00,1,1,0
58001,3.284,98.70,324.00,1,1,0
58003,3.284,98.60,324.00,1,1,0
58006,3.284,100.60,324.00,1,1,0
58008,3.284,98.60,324.00,1,1,0
58011,3.284,98.60,324.00,1,1,0
58013,3.284,98.40,324.00,1,1,0
58016,3.284,101.30,333.00,1,1,0
58018,3.284,98.80,324.00,1,1,0
58021,3.284,99.00,326.00,1,1,0
58023,3.284,98.70,328.00,1,1,0
58026,3.284,98.60,324.00,1,1,0
58038,3.284,128.40,421.00,1,0,1
58041,3.284,99.30,326.00,1,1,0
58043,3.252,94.80,301.00,1,1,0
58046,3.284,94.00,308.00,1,1,0
58048,3.284,99.20,326.00,1,1,0
58051,3.284,99.90,324.00,1,1,0
58053,3.284,99.20,326.00,1,1,0
58056,3.284,97.40,319.00,1,1,0
58058,3.284,99.10,319.00,1,1,0
58061,3.284,98.80,324.00,1,1,0
58063,3.284,99.00,326.00,1,1,0
58065,3.284,99.20,323.00,1,1,0
58068,3.284,99.20,326.00,1,1,0
58070,3.284,99.10,326.00,1,1,0
58083,3.288,98.80,324.00,1,1,0
58086,3.284,99.30,326.00,1,1,0
58088,3.284,99.80,326.00,1,1,0
58090,3.284,99.80,328.00,1,0,1
58093,3.276,99.30,326.00,1,0,1
58095,3.284,99.40,334.00,1,1,0
58098,3.288,120.50,396.00,1,1,0
58100,3.280,99.10,326.00,1,1,0
58103,3.284,98.60,324.00,1,1,0
58105,3.284,99.10,326.00,1,1,0
58108,3.284,99.50,326.00,1,1,0
58110,3.284,98.60,323.00,1,1,0
58113,3.284,98.40,323.00,1,1,0
58115,3.280,98.60,324.00,1,1,0
58128,3.284,98.60,324.00,1,1,0
58130,3.284,98.50,323.00,1,1,0
58133,3.284,98.60,329.00,1,1,0
58135,3.284,99.00,324.00,1,1,0
58138,3.284,98.90,324.00,1,1,0
58140,3.284,99.10,324.00,1,1,0
58143,3.280,99.80,328.00,1,1,0
58145,3.284,92.70,305.00,1,1,0
58148,3.284,97.40,331.00,1,0,1
58150,3.284,99.30,326.00,1,0,1
58153,3.284,103.40,339.00,1,1,0
58155,3.284,95.30,329.00,1,1,0
58158,3.284,98.80,324.00,1,1,0
58160,3.284,99.10,326.00,1,1,0
58173,3.280,100.90,331.00,1,1,0
58175,3.288,102.10,336.00,1,1,0
58178,3.288,98.40,323.00,1,1,0
58180,3.284,98.50,323.00,1,1,0
58183,3.284,98.70,324.00,1,1,0
58185,3.284,98.70,326.00,1,1,0
58187,3.288,99.50,326.00,1,1,0
58190,3.284,99.00,324.00,1,1,0
58192,3.284,98.50,323.00,1,1,0
58195,3.284,98.60,324.00,1,1,0
58197,3.284,98.70,324.00,1,1,0
58200,3.284,98.90,329.00,1,1,0
58202,3.284,97.20,318.00,1,0,1
58205,3.280,98.70,324.00,1,0,1
58217,3.284,99.00,324.00,1,1,0
58220,3.284,98.90,324.00,1,1,0
58222,3.280,98.60,324.00,1,1,0
58225,3.284,98.70,324.00,1,1,0
58227,3.284,98.80,324.00,1,1,0
58230,3.284,98.90,326.00,1,1,0
58232,3.284,98.90,324.00,1,1,0
58235,3.284,98.60,324.00,1,1,0
58237,3.284,98.90,324.00,1,1,0
58240,3.284,99.30,326.00,1,1,0
58242,3.280,94.90,311.00,1,1,0
58245,3.284,98.20,328.00,1,1,0
58247,3.284,94.60,311.00,1,1,0
58250,3.284,90.50,297.00,1,1,0
58262,3.288,99.20,326.00,1,1,0
58265,3.288,136.90,308.00,1,1,0
58267,3.284,99.00,324.00,1,1,0
58270,3.284,99.20,326.00,1,1,0
58272,3.280,98.60,326.00,1,1,0
58275,3.284,98.90,324.00,1,1,0
58277,3.284,98.80,324.00,1,1,0
58280,3.284,99.00,324.00,1,1,0
58282,3.284,98.90,324.00,1,1,0
58284,3.284,99.50,326.00,1,1,0
58287,3.284,98.90,324.00,1,1,0
58289,3.284,98.90,324.00,1,1,0
58292,3.284,98.50,323.00,1,1,0
58294,3.284,99.90,328.00,1,1,0
58307,3.280,94.60,311.00,1,1,0
58309,3.284,98.70,324.00,1,1,0
58312,3.284,99.20,326.00,1,1,0
58314,3.284,106.40,349.00,1,0,1
58317,3.284,131.50,326.00,1,0,1
58319,3.284,132.00,434.00,1,1,0
58322,3.284,100.10,329.00,1,1,0
58324,3.284,98.80,324.00,1,1,0
58327,3.284,99.30,326.00,1,1,0
58329,3.284,97.40,319.00,1,1,0
58332,3.284,99.20,324.00,1,1,0
58334,3.284,98.70,324.00,1,1,0
58337,3.284,98.70,324.00,1,1,0
58349,3.288,96.70,318.00,1,1,0
58352,3.284,90.60,298.00,1,1,0
58354,3.288,102.20,326.00,1,1,0
58357,3.284,98.50,323.00,1,1,0
58359,3.284,99.50,326.00,1,1,0
58362,3.284,100.80,329.00,1,1,0
58364,3.284,98.10,323.00,1,1,0
58367,3.284,99.10,324.00,1,1,0
58369,3.280,99.10,326.00,1,0,1
58372,3.284,99.50,326.00,1,0,1
58374,3.284,100.60,331.00,1,1,0
58377,3.264,97.60,308.00,1,1,0
58379,3.280,99.20,326.00,1,1,0
58382,3.284,98.50,323.00,1,1,0
58394,3.284,99.50,326.00,1,1,0
58397,3.284,98.80,324.00,1,1,0
58399,3.284,98.50,323.00,1,1,0
58402,3.284,98.40,323.00,1,1,0
58404,3.276,98.80,324.00,1,1,0
58407,3.284,97.70,323.00,1,1,0
58409,3.284,97.80,321.00,1,1,0
58411,3.284,99.40,326.00,1,1,0
58414,3.284,98.70,328.00,1,1,0
58416,3.284,98.80,324.00,1,1,0
58419,3.284,99.20,326.00,1,1,0
58421,3.284,98.90,328.00,1,1,0
58424,3.284,98.80,324.00,1,0,1
58426,3.284,99.00,324.00,1,0,1
58439,3.284,98.60,324.00,1,1,0
58441,3.284,98.70,324.00,1,1,0
58444,3.284,98.60,328.00,1,1,0
58446,3.284,98.30,323.00,1,1,0
58449,3.284,97.80,321.00,1,1,0
58451,3.284,99.80,326.00,1,1,0
58454,3.284,90.50,297.00,1,1,0
58456,3.284,98.60,324.00,1,1,0
58459,3.284,102.40,326.00,1,1,0
58461,3.284,98.60,324.00,1,1,0
58464,3.284,98.40,323.00,1,1,0
58466,3.284,99.20,326.00,1,1,0
58469,3.284,98.50,323.00,1,1,0
58471,3.284,102.20,336.00,1,1,0
58484,3.284,98.90,324.00,1,1,0
58486,3.268,123.70,323.00,1,1,0
58489,3.280,99.00,324.00,1,1,0
58491,3.284,98.70,324.00,1,1,0
58494,3.280,98.90,324.00,1,1,0
58496,3.284,98.80,326.00,1,1,0
58499,3.284,98.80,324.00,1,1,0
58501,3.284,99.50,326.00,1,1,0
58504,3.284,99.00,326.00,1,1,0
58506,3.284,99.60,328.00,1,1,0
58508,3.284,99.30,326.00,1,1,0
58511,3.284,93.90,308.00,1,1,0
58513,3.284,98.80,324.00,1,1,0
58516,3.284,98.90,324.00,1,1,0
58529,3.284,98.90,324.00,1,1,0
58531,3.284,99.00,324.00,1,1,0
58534,3.284,99.20,326.00,1,0,1
58536,3.276,98.80,324.00,1,0,1
58538,3.280,98.80,326.00,1,1,0
58541,3.284,94.00,308.00,1,1,0
58543,3.280,98.60,324.00,1,1,0
58546,3.284,98.80,324.00,1,1,0
58548,3.284,98.70,324.00,1,1,0
58551,3.284,98.10,323.00,1,1,0
58553,3.288,97.20,319.00,1,1,0
58556,3.284,90.40,297.00,1,1,0
58558,3.284,104.50,342.00,1,1,0
58561,3.284,98.60,324.00,1,1,0
58573,3.288,99.30,326.00,1,1,0
58576,3.284,99.20,326.00,1,1,0
58578,3.284,98.80,324.00,1,1,0
58581,3.284,99.10,326.00,1,1,0
58583,3.284,98.60,328.00,1,1,0
58586,3.284,101.80,334.00,1,1,0
58588,3.284,96.90,318.00,1,1,0
58591,3.284,106.00,324.00,1,0,1
58593,3.280,128.50,423.00,1,0,1
58596,3.284,114.80,377.00,1,1,0
58598,3.284,119.00,331.00,1,1,0
58601,3.284,99.70,324.00,1,1,0
58603,3.276,99.30,326.00,1,1,0
58620,3.284,99.10,326.00,1,1,0
58623,3.284,99.60,319.00,1,1,0
58625,3.284,99.20,326.00,1,1,0
58628,3.284,99.40,326.00,1,1,0
58630,3.284,99.20,329.00,1,1,0
58633,3.284,98.90,324.00,1,1,0
58635,3.284,99.10,326.00,1,1,0
58638,3.284,98.70,324.00,1,1,0
58640,3.284,99.20,324.00,1,1,0
58642,3.284,98.60,324.00,1,1,0
58645,3.284,99.10,324.00,1,0,1
58647,3.284,98.90,324.00,1,0,1
58650,3.284,100.70,329.00,1,1,0
58652,3.284,94.50,310.00,1,1,0
58665,3.280,98.80,324.00,1,1,0
58667,3.284,98.80,324.00,1,1,0
58670,3.284,103.10,339.00,1,1,0
58672,3.284,99.20,326.00,1,1,0
58675,3.284,98.70,324.00,1,1,0
58677,3.284,99.00,324.00,1,1,0
58680,3.284,99.20,326.00,1,1,0
58682,3.284,99.60,326.00,1,1,0
58685,3.284,99.00,324.00,1,1,0
58687,3.284,98.70,324.00,1,1,0
58690,3.284,97.80,328.00,1,1,0
58692,3.284,99.10,326.00,1,1,0
58695,3.284,98.80,324.00,1,1,0
58697,3.284,99.50,326.00,1,1,0
58710,3.284,98.90,324.00,1,1,0
58712,3.284,98.80,326.00,1,1,0
58715,3.284,95.40,313.00,1,1,0
58717,3.284,98.90,324.00,1,1,0
58720,3.288,98.90,324.00,1,1,0
58722,3.284,99.50,326.00,1,1,0
58725,3.284,98.90,324.00,1,1,0
58727,3.284,99.60,326.00,1,1,0
58730,3.284,99.50,326.00,1,1,0
58732,3.284,98.90,324.00,1,1,0
58735,3.284,99.30,324.00,1,1,0
58737,3.284,98.70,324.00,1,1,0
58739,3.284,98.80,324.00,1,1,0
58742,3.284,98.70,326.00,1,1,0
58755,3.284,98.60,324.00,1,0,1
58757,3.284,99.30,326.00,1,0,1
58760,3.284,96.00,315.00,1,1,0
58762,3.284,90.40,295.00,1,1,0
58764,3.284,100.70,326.00,1,1,0
58767,3.288,100.00,328.00,1,1,0
58769,3.288,99.20,326.00,1,1,0
58772,3.284,99.50,326.00,1,1,0
58774,3.284,99.20,326.00,1,1,0
58777,3.284,98.70,324.00,1,1,0
58779,3.284,101.40,328.00,1,1,0
58782,3.284,99.20,326.00,1,1,0
58784,3.284,98.80,324.00,1,1,0
58787,3.288,99.40,326.00,1,1,0
58799,3.284,99.20,326.00,1,1,0
58802,3.284,98.90,324.00,1,1,0
58804,3.284,97.30,319.00,1,1,0
58807,3.284,98.50,323.00,1,1,0
58809,3.288,98.50,326.00,1,0,1
58812,3.276,99.40,326.00,1,0,1
58814,3.284,131.70,433.00,1,1,0
58817,3.280,115.80,310.00,1,1,0
58819,3.284,98.80,324.00,1,1,0
58822,3.284,98.60,324.00,1,1,0
58824,3.284,99.10,324.00,1,1,0
58827,3.284,98.40,323.00,1,1,0
58829,3.284,98.80,324.00,1,1,0
58832,3.284,98.30,324.00,1,1,0
58844,3.284,99.50,326.00,1,1,0
58847,3.284,98.70,324.00,1,1,0
58849,3.284,100.30,329.00,1,1,0
58852,3.284,99.10,326.00,1,1,0
58854,3.284,97.80,326.00,1,1,0
58857,3.288,99.50,326.00,1,1,0
58859,3.284,99.10,326.00,1,1,0
58861,3.284,99.20,297.00,1,1,0
58864,3.284,92.40,303.00,1,1,0
58866,3.284,106.00,347.00,1,0,1
58869,3.284,102.10,424.00,1,0,1
58871,3.284,134.60,441.00,1,1,0
58874,3.280,98.60,324.00,1,1,0
58887,3.284,98.80,324.00,1,1,0
58889,3.288,102.10,326.00,1,1,0
58891,3.284,100.30,329.00,1,1,0
58894,3.284,99.00,324.00,1,1,0
58896,3.288,98.70,326.00,1,1,0
58899,3.288,98.50,323.00,1,1,0
58901,3.284,99.60,328.00,1,1,0
58904,3.288,98.90,324.00,1,1,0
58906,3.288,98.70,329.00,1,1,0
58909,3.288,99.90,328.00,1,1,0
58911,3.284,99.10,326.00,1,1,0
58914,3.284,102.80,326.00,1,1,0
58916,3.284,99.50,328.00,1,1,0
58919,3.284,101.60,334.00,1,1,0
58931,3.284,97.20,318.00,1,1,0
58934,3.284,94.20,329.00,1,1,0
58936,3.284,98.70,324.00,1,1,0
58939,3.288,99.60,328.00,1,1,0
58941,3.284,99.40,324.00,1,1,0
58944,3.284,98.80,324.00,1,1,0
58946,3.284,98.70,324.00,1,1,0
58949,3.284,99.50,324.00,1,1,0
58951,3.284,98.80,324.00,1,1,0
58954,3.284,97.90,321.00,1,1,0
58956,3.284,98.80,326.00,1,1,0
58959,3.288,98.50,326.00,1,1,0
58961,3.284,98.30,323.00,1,1,0
58963,3.288,99.70,328.00,1,1,0
58976,3.284,98.50,323.00,1,0,1
58979,3.284,102.80,336.00,1,0,1
58981,3.288,98.50,324.00,1,1,0
58984,3.264,101.00,333.00,1,1,0
58986,3.288,99.20,326.00,1,1,0
58988,3.288,98.90,324.00,1,1,0
58991,3.284,102.80,338.00,1,1,0
58993,3.284,98.40,324.00,1,1,0
58996,3.284,99.00,326.00,1,1,0
58998,3.284,99.10,326.00,1,1,0
59001,3.284,99.50,324.00,1,1,0
59003,3.284,99.30,326.00,1,1,0
59006,3.284,99.30,326.00,1,1,0
59008,3.284,99.00,324.00,1,1,0
59021,3.288,101.80,334.00,1,1,0
59023,3.284,94.30,321.00,1,1,0
59026,3.288,98.60,324.00,1,1,0
59028,3.284,98.80,324.00,1,1,0
59031,3.284,99.00,324.00,1,0,1
59033,3.284,98.40,323.00,1,0,1
59036,3.284,99.00,326.00,1,1,0
59038,3.276,126.80,318.00,1,1,0
59041,3.288,98.60,324.00,1,1,0
59043,3.288,98.30,323.00,1,1,0
59046,3.288,98.60,323.00,1,1,0
59048,3.284,100.00,328.00,1,1,0
59051,3.284,98.60,324.00,1,1,0
59053,3.288,98.70,324.00,1,1,0
59066,3.284,99.30,326.00,1,1,0
59068,3.284,90.40,297.00,1,1,0
59071,3.284,98.80,324.00,1,1,0
59073,3.288,99.20,326.00,1,1,0
59076,3.288,98.60,324.00,1,1,0
59078,3.284,99.80,328.00,1,1,0
59081,3.280,102.90,338.00,1,1,0
59083,3.288,99.00,324.00,1,1,0
59085,3.284,103.90,341.00,1,0,1
59088,3.276,99.10,326.00,1,0,1
59090,3.284,127.00,324.00,1,1,0
59093,3.284,94.00,308.00,1,1,0
59095,3.284,99.00,324.00,1,1,0
59098,3.284,99.40,326.00,1,1,0
59111,3.284,98.90,324.00,1,1,0
59113,3.284,99.30,326.00,1,1,0
59115,3.284,98.90,324.00,1,1,0
59118,3.284,99.30,326.00,1,1,0
59120,3.284,98.60,324.00,1,1,0
59123,3.288,98.70,324.00,1,1,0
59125,3.284,94.10,310.00,1,1,0
59128,3.284,98.60,326.00,1,1,0
59130,3.288,101.40,333.00,1,1,0
59133,3.284,103.40,339.00,1,1,0
59135,3.288,99.20,324.00,1,1,0
59138,3.280,98.70,324.00,1,1,0
59140,3.288,99.00,324.00,1,1,0
59143,3.284,105.90,324.00,1,0,1
59155,3.284,98.60,326.00,1,1,0
59158,3.284,99.60,323.00,1,1,0
59160,3.284,99.20,326.00,1,1,0
59163,3.284,99.70,328.00,1,1,0
59165,3.288,99.70,326.00,1,1,0
59168,3.288,100.10,329.00,1,1,0
59170,3.284,90.40,297.00,1,1,0
59173,3.284,99.30,324.00,1,1,0
59175,3.288,99.10,326.00,1,1,0
59178,3.284,99.50,328.00,1,1,0
59180,3.284,98.40,324.00,1,1,0
59182,3.284,98.90,324.00,1,1,0
59185,3.284,99.30,326.00,1,1,0
59187,3.288,99.20,324.00,1,1,0
59200,3.260,98.90,324.00,1,0,1
59203,3.280,122.00,401.00,1,1,0
59205,3.280,98.70,324.00,1,1,0
59207,3.284,99.00,326.00,1,1,0
59210,3.284,99.50,333.00,1,1,0
59212,3.284,99.70,328.00,1,1,0
59215,3.284,98.80,324.00,1,1,0
59217,3.284,98.40,331.00,1,1,0
59220,3.284,98.50,323.00,1,1,0
59222,3.284,99.20,326.00,1,1,0
59225,3.284,99.60,323.00,1,1,0
59227,3.284,94.40,310.00,1,1,0
59230,3.284,98.90,324.00,1,1,0
59232,3.284,98.60,324.00,1,1,0
59245,3.284,98.90,329.00,1,1,0
59247,3.284,98.70,324.00,1,1,0
59250,3.284,98.60,324.00,1,1,0
59252,3.284,99.30,324.00,1,0,1
59255,3.288,98.90,324.00,1,0,1
59257,3.284,102.50,336.00,1,1,0
59260,3.280,95.10,319.00,1,1,0
59262,3.284,99.00,324.00,1,1,0
59265,3.284,99.70,328.00,1,1,0
59267,3.284,98.40,323.00,1,1,0
59270,3.288,99.30,324.00,1,1,0
59272,3.284,90.40,297.00,1,1,0
59275,3.284,99.70,328.00,1,1,0
59277,3.284,99.00,326.00,1,1,0
59290,3.288,99.30,324.00,1,1,0
59292,3.284,99.10,326.00,1,1,0
59295,3.284,98.50,323.00,1,1,0
59297,3.284,98.80,329.00,1,1,0
59300,3.284,98.50,324.00,1,1,0
59302,3.284,98.60,324.00,1,1,0
59304,3.288,98.80,324.00,1,1,0
59307,3.268,100.70,329.00,1,0,1
59309,3.288,101.80,333.00,1,0,1
59312,3.288,125.20,336.00,1,1,0
59314,3.268,112.40,326.00,1,1,0
59317,3.288,100.80,331.00,1,1,0
59319,3.268,94.10,308.00,1,1,0
59332,3.284,99.60,328.00,1,1,0
59334,3.288,99.00,324.00,1,1,0
59337,3.284,100.10,329.00,1,1,0
59339,3.284,99.10,326.00,1,1,0
59342,3.288,99.00,326.00,1,1,0
59344,3.284,98.70,324.00,1,1,0
59347,3.284,98.70,324.00,1,1,0
59349,3.284,98.60,326.00,1,1,0
59352,3.284,98.70,324.00,1,1,0
59354,3.284,98.90,324.00,1,1,0
59357,3.284,99.10,326.00,1,1,0
59359,3.284,99.10,326.00,1,1,0
59362,3.284,98.70,324.00,1,0,1
59364,3.276,97.10,319.00,1,0,1
59377,3.284,90.20,297.00,1,1,0
59379,3.284,98.20,326.00,1,1,0
59382,3.288,98.40,323.00,1,1,0
59384,3.284,98.90,324.00,1,1,0
59387,3.288,99.10,326.00,1,1,0
59389,3.284,99.20,326.00,1,1,0
59392,3.284,98.80,324.00,1,1,0
59394,3.288,98.20,326.00,1,1,0
59397,3.288,99.40,326.00,1,1,0
59399,3.284,98.70,324.00,1,1,0
59401,3.288,99.10,326.00,1,1,0
59404,3.288,97.60,321.00,1,1,0
59406,3.284,99.10,326.00,1,1,0
59409,3.284,98.60,324.00,1,1,0
59422,3.284,99.70,328.00,1,0,1
59424,3.284,98.60,428.00,1,1,0
59426,3.280,98.70,324.00,1,1,0
59429,3.284,98.60,324.00,1,1,0
59431,3.280,100.20,310.00,1,1,0
59434,3.280,98.60,324.00,1,1,0
59436,3.288,99.30,326.00,1,1,0
59439,3.284,99.80,324.00,1,1,0
59441,3.284,98.60,324.00,1,1,0
59444,3.284,98.50,323.00,1,1,0
59446,3.284,98.80,323.00,1,1,0
59449,3.284,98.70,324.00,1,1,0
59451,3.284,98.80,324.00,1,1,0
59454,3.284,99.80,324.00,1,1,0
59466,3.284,98.90,324.00,1,1,0
59469,3.284,98.90,324.00,1,1,0
59471,3.276,99.50,326.00,1,1,0
59474,3.284,99.90,328.00,1,0,1
59476,3.284,99.30,297.00,1,0,1
59479,3.284,98.30,321.00,1,0,1
59481,3.284,99.00,326.00,1,0,1
59484,3.284,101.20,341.00,1,1,0
59486,3.264,97.40,319.00,1,1,0
59489,3.284,98.50,323.00,1,1,0
59491,3.284,96.90,326.00,1,1,0
59494,3.284,98.40,323.00,1,1,0
59496,3.284,99.10,326.00,1,1,0
59498,3.284,99.30,328.00,1,1,0
59511,3.284,98.50,324.00,1,1,0
59514,3.284,98.80,324.00,1,1,0
59516,3.288,99.30,326.00,1,1,0
59519,3.284,99.30,326.00,1,1,0
59521,3.284,99.20,324.00,1,1,0
59523,3.284,97.00,318.00,1,1,0
59526,3.284,98.70,324.00,1,1,0
59528,3.284,99.00,326.00,1,1,0
59531,3.284,98.60,324.00,1,1,0
59533,3.284,101.30,333.00,1,0,1
59536,3.284,93.90,426.00,1,0,1
59538,3.280,99.70,328.00,1,1,0
59541,3.256,105.20,346.00,1,1,0
59543,3.280,98.70,323.00,1,1,0
59556,3.284,98.90,324.00,1,1,0
59558,3.284,99.10,326.00,1,1,0
59561,3.284,97.00,319.00,1,1,0
59563,3.284,98.60,324.00,1,1,0
59566,3.284,98.90,324.00,1,1,0
59568,3.284,99.10,326.00,1,1,0
59571,3.284,98.70,324.00,1,1,0
59573,3.284,97.80,328.00,1,1,0
59576,3.284,99.50,326.00,1,1,0
59578,3.288,99.50,326.00,1,1,0
59581,3.284,90.50,313.00,1,1,0
59583,3.284,99.50,326.00,1,1,0
59586,3.284,100.00,328.00,1,1,0
59588,3.284,98.60,324.00,1,1,0
59601,3.284,99.30,326.00,1,1,0
59603,3.284,98.60,324.00,1,1,0
59606,3.284,99.10,326.00,1,1,0
59608,3.288,98.90,326.00,1,1,0
59611,3.288,99.30,326.00,1,1,0
59613,3.284,98.80,324.00,1,1,0
59616,3.284,99.00,324.00,1,1,0
59618,3.284,99.00,324.00,1,1,0
59620,3.284,98.90,324.00,1,1,0
59623,3.288,98.90,324.00,1,1,0
59625,3.288,98.70,324.00,1,1,0
59628,3.284,98.80,324.00,1,1,0
59630,3.284,99.50,326.00,1,1,0
59633,3.284,98.30,324.00,1,1,0
59646,3.284,98.90,347.00,1,0,1
59648,3.284,129.60,424.00,1,0,1
59650,3.284,98.70,324.00,1,1,0
59653,3.276,93.90,331.00,1,1,0
59655,3.284,99.00,324.00,1,1,0
59658,3.272,101.00,331.00,1,1,0
59660,3.284,99.10,326.00,1,1,0
59663,3.288,98.90,324.00,1,1,0
59665,3.284,98.60,324.00,1,1,0
59668,3.284,98.70,324.00,1,1,0
59670,3.284,99.00,324.00,1,1,0
59673,3.284,99.00,324.00,1,1,0
59675,3.288,98.80,324.00,1,1,0
59678,3.284,101.00,328.00,1,1,0
59690,3.288,99.50,326.00,1,1,0
59693,3.288,99.40,326.00,1,1,0
59695,3.284,98.90,324.00,1,1,0
59698,3.284,99.70,326.00,1,1,0
59700,3.284,100.20,329.00,1,0,1
59703,3.284,99.00,324.00,1,0,1
59705,3.264,99.20,323.00,1,1,0
59708,3.272,98.60,324.00,1,1,0
59710,3.284,99.80,328.00,1,1,0
59713,3.288,98.60,324.00,1,1,0
59715,3.284,98.90,324.00,1,1,0
59718,3.284,98.90,324.00,1,1,0
59720,3.284,99.10,326.00,1,1,0
59722,3.288,99.10,326.00,1,1,0
59735,3.288,98.70,326.00,1,1,0
59738,3.288,101.70,334.00,1,1,0
59740,3.284,93.60,306.00,1,1,0
59743,3.288,98.70,329.00,1,1,0
59745,3.288,100.10,329.00,1,1,0
59747,3.284,99.80,328.00,1,1,0
59750,3.284,98.60,326.00,1,1,0
59752,3.288,98.80,324.00,1,1,0
59755,3.284,98.70,324.00,1,0,1
59757,3.268,98.70,441.00,1,0,1
59760,3.284,99.60,328.00,1,1,0
59762,3.252,100.00,328.00,1,1,0
59765,3.288,98.80,323.00,1,1,0
59767,3.284,98.50,324.00,1,1,0
59780,3.284,99.20,328.00,1,1,0
59782,3.288,99.50,326.00,1,1,0
59785,3.284,90.40,297.00,1,1,0
59787,3.288,98.80,324.00,1,1,0
59790,3.284,99.50,326.00,1,1,0
59792,3.288,99.90,328.00,1,1,0
59795,3.284,98.70,324.00,1,1,0
59797,3.288,99.10,326.00,1,1,0
59800,3.288,98.90,324.00,1,1,0
59802,3.284,99.50,324.00,1,1,0
59805,3.284,99.90,328.00,1,1,0
59807,3.288,98.90,324.00,1,1,0
59810,3.288,99.30,324.00,1,0,1
59812,3.284,98.80,324.00,1,0,1
59825,3.288,99.10,331.00,1,1,0
59827,3.284,98.90,324.00,1,1,0
59830,3.288,99.30,326.00,1,1,0
59832,3.284,99.00,326.00,1,1,0
59835,3.284,99.40,326.00,1,1,0
59837,3.284,99.90,328.00,1,1,0
59840,3.288,98.90,333.00,1,1,0
59842,3.284,94.00,308.00,1,1,0
59844,3.284,98.40,323.00,1,1,0
59847,3.288,99.80,326.00,1,1,0
59849,3.284,99.30,326.00,1,1,0
59852,3.288,99.40,326.00,1,1,0
59854,3.288,99.40,324.00,1,1,0
59857,3.284,98.80,324.00,1,1,0
59869,3.284,99.80,328.00,1,1,0
59872,3.268,109.00,356.00,1,1,0
59874,3.284,94.90,324.00,1,1,0
59877,3.284,98.80,328.00,1,1,0
59879,3.288,98.40,323.00,1,1,0
59882,3.284,99.10,326.00,1,1,0
59884,3.288,99.60,328.00,1,1,0
59887,3.288,90.50,297.00,1,1,0
59889,3.284,98.70,324.00,1,1,0
59892,3.284,99.10,339.00,1,1,0
59894,3.288,99.80,328.00,1,1,0
59897,3.284,98.90,324.00,1,1,0
59899,3.284,98.90,326.00,1,1,0
59902,3.288,98.90,324.00,1,1,0
59914,3.288,99.50,328.00,1,1,0
59917,3.284,99.30,326.00,1,1,0
59919,3.284,98.30,328.00,1,1,0
59922,3.288,103.90,341.00,1,0,1
59924,3.288,101.40,333.00,1,0,1
59927,3.284,99.50,364.00,1,1,0
59929,3.256,96.70,318.00,1,1,0
59932,3.288,99.40,326.00,1,1,0
59934,3.284,99.10,324.00,1,1,0
59937,3.284,99.10,336.00,1,1,0
59939,3.288,99.00,324.00,1,1,0
59941,3.268,102.00,336.00,1,1,0
59944,3.280,99.30,310.00,1,1,0
59946,3.284,99.10,324.00,1,1,0
59959,3.284,98.70,324.00,1,1,0
59962,3.284,98.80,324.00,1,1,0
59964,3.288,98.90,324.00,1,1,0
59966,3.288,100.40,329.00,1,1,0
59969,3.284,98.70,324.00,1,1,0
59971,3.288,99.60,334.00,1,1,0
59974,3.288,98.60,324.00,1,1,0
59976,3.284,98.70,324.00,1,0,1
59979,3.284,98.90,408.00,1,0,1
59981,3.280,98.50,323.00,1,1,0
59984,3.276,98.30,323.00,1,1,0
59986,3.284,99.90,328.00,1,1,0
59989,3.284,117.30,311.00,1,1,0
59991,3.284,98.40,323.00,1,1,0
60004,3.284,99.30,326.00,1,1,0
60006,3.288,98.70,324.00,1,1,0
60009,3.284,102.40,328.00,1,1,0
60011,3.288,99.20,326.00,1,1,0
60014,3.284,98.90,324.00,1,1,0
60016,3.284,99.10,323.00,1,1,0
60019,3.284,98.60,324.00,1,1,0
60021,3.284,98.70,324.00,1,1,0
60024,3.284,98.80,326.00,1,1,0
60026,3.288,98.70,324.00,1,1,0
60029,3.284,99.10,326.00,1,1,0
60031,3.284,99.70,324.00,1,0,1
60034,3.276,99.40,326.00,1,0,1
60036,3.280,98.70,324.00,1,1,0
60049,3.284,98.70,324.00,1,1,0
60051,3.288,98.90,324.00,1,1,0
60054,3.288,99.20,324.00,1,1,0
60056,3.284,98.70,324.00,1,1,0
60059,3.288,99.10,326.00,1,1,0
60061,3.284,99.70,326.00,1,1,0
60063,3.288,99.60,328.00,1,1,0
60066,3.288,98.80,324.00,1,1,0
60068,3.288,98.90,324.00,1,1,0
60071,3.284,99.10,326.00,1,1,0
60073,3.284,99.20,326.00,1,1,0
60076,3.288,98.80,324.00,1,1,0
60078,3.284,99.20,326.00,1,1,0
60081,3.284,98.70,324.00,1,1,0
60093,3.280,117.00,385.00,1,1,0
60096,3.284,99.80,328.00,1,1,0
60098,3.284,103.00,324.00,1,1,0
60101,3.288,98.50,323.00,1,1,0
60103,3.288,98.60,324.00,1,1,0
60106,3.284,99.30,328.00,1,1,0
60108,3.288,99.10,326.00,1,1,0
60111,3.284,99.10,326.00,1,1,0
60113,3.288,99.00,324.00,1,1,0
60116,3.284,98.70,324.00,1,1,0
60118,3.284,99.10,326.00,1,1,0
60121,3.280,99.40,326.00,1,1,0
60123,3.288,99.30,326.00,1,1,0
60126,3.284,99.30,326.00,1,1,0
60138,3.284,99.10,326.00,1,1,0
60141,3.288,99.20,326.00,1,0,1
60143,3.280,100.80,326.00,1,0,1
60146,3.288,98.80,324.00,1,1,0
60148,3.268,125.40,411.00,1,1,0
60151,3.280,96.00,324.00,1,1,0
60153,3.288,99.10,326.00,1,1,0
60156,3.284,99.60,328.00,1,1,0
60158,3.288,97.40,328.00,1,1,0
60161,3.288,97.80,321.00,1,1,0
60163,3.284,98.80,324.00,1,1,0
60165,3.284,98.60,324.00,1,1,0
60168,3.284,98.90,324.00,1,1,0
60170,3.284,98.90,324.00,1,1,0
60183,3.268,100.00,329.00,1,1,0
60186,3.288,98.70,324.00,1,1,0
60188,3.284,98.90,328.00,1,1,0
60190,3.284,100.00,328.00,1,1,0
60193,3.284,98.30,323.00,1,1,0
60195,3.284,90.40,323.00,1,0,1
60198,3.288,98.60,324.00,1,0,1
60200,3.284,99.20,324.00,1,0,1
60203,3.284,102.40,452.00,1,1,0
60205,3.280,97.90,321.00,1,1,0
60208,3.288,99.20,326.00,1,1,0
60210,3.284,98.60,326.00,1,1,0
60213,3.284,99.40,326.00,1,1,0
60215,3.288,99.30,326.00,1,1,0
60228,3.288,98.90,324.00,1,1,0
60230,3.284,98.50,324.00,1,1,0
60233,3.284,99.10,326.00,1,1,0
60235,3.284,99.30,326.00,1,1,0
60238,3.284,99.50,326.00,1,1,0
60240,3.288,98.70,324.00,1,1,0
60243,3.284,98.90,324.00,1,1,0
60245,3.284,98.80,324.00,1,1,0
60248,3.284,98.60,324.00,1,1,0
60250,3.288,99.50,326.00,1,1,0
60253,3.280,94.40,310.00,1,0,1
60255,3.284,99.00,433.00,1,0,1
60258,3.284,98.90,324.00,1,1,0
60260,3.256,98.90,324.00,1,1,0
60273,3.284,100.20,329.00,1,1,0
60275,3.284,98.70,324.00,1,1,0
60278,3.284,98.40,323.00,1,1,0
60280,3.284,98.90,324.00,1,1,0
60283,3.284,98.90,326.00,1,1,0
60285,3.288,99.20,326.00,1,1,0
60287,3.284,98.70,324.00,1,1,0
60290,3.284,98.20,323.00,1,1,0
60292,3.284,99.70,326.00,1,1,0
60295,3.284,99.20,326.00,1,1,0
60297,3.284,91.40,300.00,1,1,0
60300,3.284,98.90,326.00,1,1,0
60302,3.288,100.70,331.00,1,1,0
60305,3.284,98.90,324.00,1,1,0
60317,3.280,99.30,326.00,1,1,0
60320,3.284,99.10,326.00,1,1,0
60322,3.288,99.00,324.00,1,1,0
60325,3.284,98.30,323.00,1,1,0
60327,3.288,98.50,323.00,1,1,0
60330,3.284,101.40,333.00,1,1,0
60332,3.288,99.10,326.00,1,1,0
60335,3.284,98.60,324.00,1,1,0
60337,3.288,98.60,324.00,1,1,0
60340,3.288,99.00,324.00,1,1,0
60342,3.288,101.70,334.00,1,1,0
60345,3.288,98.80,324.00,1,1,0
60347,3.284,99.00,324.00,1,1,0
60350,3.284,99.00,326.00,1,1,0
60362,3.284,98.90,324.00,1,1,0
60365,3.284,107.00,324.00,1,0,1
60367,3.288,101.00,333.00,1,0,1
60370,3.284,132.10,433.00,1,1,0
60372,3.284,100.70,333.00,1,1,0
60375,3.284,98.40,323.00,1,1,0
60377,3.284,98.90,324.00,1,1,0
60380,3.284,98.70,326.00,1,1,0
60382,3.284,98.60,324.00,1,1,0
60384,3.284,98.80,324.00,1,1,0
60387,3.284,98.50,324.00,1,1,0
60389,3.284,98.80,324.00,1,1,0
60392,3.288,99.10,326.00,1,1,0
60405,3.284,98.40,323.00,1,1,0
60407,3.284,99.90,328.00,1,1,0
60410,3.284,99.30,324.00,1,1,0
60412,3.284,99.50,326.00,1,1,0
60414,3.284,98.50,323.00,1,1,0
60417,3.284,101.90,324.00,1,1,0
60419,3.284,101.50,333.00,1,0,1
60422,3.260,98.70,324.00,1,0,1
60424,3.284,99.90,398.00,1,1,0
60427,3.280,98.00,323.00,1,1,0
60429,3.284,99.00,324.00,1,1,0
60432,3.284,98.60,326.00,1,1,0
60434,3.284,98.70,324.00,1,1,0
60437,3.288,98.80,324.00,1,1,0
60449,3.288,99.20,326.00,1,1,0
60452,3.284,98.80,324.00,1,1,0
60454,3.284,98.70,336.00,1,1,0
60457,3.284,94.00,308.00,1,1,0
60459,3.284,98.90,324.00,1,1,0
60462,3.284,99.30,326.00,1,1,0
60464,3.280,98.80,324.00,1,1,0
60467,3.284,98.70,324.00,1,1,0
60469,3.284,98.70,324.00,1,1,0
60472,3.284,98.50,323.00,1,1,0
60474,3.284,99.10,324.00,1,0,1
60477,3.288,131.90,324.00,1,0,1
60479,3.284,103.30,338.00,1,1,0
60482,3.280,95.30,313.00,1,1,0
60494,3.284,100.40,329.00,1,1,0
60497,3.284,98.70,326.00,1,1,0
60499,3.284,99.00,324.00,1,1,0
60502,3.284,90.50,297.00,1,1,0
60504,3.284,98.80,324.00,1,1,0
60507,3.284,99.60,326.00,1,1,0
60509,3.284,98.90,324.00,1,1,0
60511,3.284,99.00,324.00,1,1,0
60514,3.284,99.10,328.00,1,1,0
60516,3.284,99.60,328.00,1,1,0
60519,3.284,98.70,324.00,1,1,0
60521,3.284,99.20,326.00,1,1,0
60524,3.284,98.90,324.00,1,1,0
60526,3.284,99.30,326.00,1,1,0
60539,3.284,98.80,324.00,1,1,0
60541,3.284,98.90,326.00,1,1,0
60544,3.280,99.30,326.00,1,1,0
60546,3.284,99.20,326.00,1,1,0
60549,3.288,99.10,324.00,1,1,0
60551,3.284,99.00,324.00,1,1,0
60554,3.284,98.60,324.00,1,1,0
60556,3.284,98.70,324.00,1,1,0
60559,3.284,94.50,324.00,1,1,0
60561,3.284,98.90,324.00,1,1,0
60564,3.284,98.80,324.00,1,1,0
60566,3.284,100.60,324.00,1,1,0
60569,3.284,99.30,326.00,1,1,0
60571,3.284,99.30,326.00,1,1,0
60584,3.276,99.10,326.00,1,0,1
60586,3.276,98.40,333.00,1,0,1
60589,3.264,99.30,326.00,1,1,0
60591,3.256,96.70,318.00,1,1,0
60594,3.284,98.90,324.00,1,1,0
60596,3.284,98.70,324.00,1,1,0
60599,3.284,98.90,324.00,1,1,0
60601,3.284,99.70,324.00,1,1,0
60604,3.284,90.40,297.00,1,1,0
60606,3.284,98.70,324.00,1,1,0
60608,3.284,99.30,326.00,1,1,0
60611,3.288,99.60,324.00,1,1,0
60613,3.284,98.40,323.00,1,1,0
60616,3.288,98.90,324.00,1,1,0
60633,3.284,102.50,328.00,1,1,0
60636,3.288,98.70,324.00,1,1,0
60638,3.284,98.70,324.00,1,1,0
60641,3.284,106.00,326.00,1,0,1
60643,3.284,99.10,326.00,1,0,1
60646,3.284,131.50,431.00,1,1,0
60648,3.280,99.80,326.00,1,1,0
60651,3.288,98.80,324.00,1,1,0
60653,3.284,98.80,324.00,1,1,0
60655,3.284,99.10,324.00,1,1,0
60658,3.284,98.70,324.00,1,1,0
60660,3.288,93.90,308.00,1,1,0
60663,3.284,101.00,324.00,1,1,0
60676,3.284,98.60,324.00,1,1,0
60678,3.284,99.00,324.00,1,1,0
60681,3.284,98.90,324.00,1,1,0
60683,3.284,99.00,324.00,1,1,0
60685,3.284,98.10,324.00,1,1,0
60688,3.284,99.10,326.00,1,1,0
60690,3.284,102.20,336.00,1,1,0
60693,3.284,99.20,324.00,1,1,0
60695,3.284,102.90,338.00,1,0,1
60698,3.260,98.60,324.00,1,0,1
60700,3.284,99.10,419.00,1,1,0
60703,3.284,99.70,328.00,1,1,0
60705,3.284,91.30,300.00,1,1,0
60708,3.284,90.50,308.00,1,1,0
60720,3.284,99.70,323.00,1,1,0
60723,3.284,98.60,324.00,1,1,0
60725,3.284,98.70,324.00,1,1,0
60728,3.288,99.10,326.00,1,1,0
60730,3.284,98.90,319.00,1,1,0
60733,3.284,99.30,326.00,1,1,0
60735,3.284,99.40,326.00,1,1,0
60738,3.284,98.60,324.00,1,1,0
60740,3.288,98.60,324.00,1,1,0
60743,3.288,98.80,324.00,1,1,0
60745,3.284,98.60,324.00,1,1,0
60748,3.284,98.70,324.00,1,1,0
60750,3.284,98.80,323.00,1,0,1
60753,3.284,99.00,324.00,1,0,1
60765,3.280,98.20,318.00,1,1,0
60768,3.284,98.80,324.00,1,1,0
60770,3.284,99.30,326.00,1,1,0
60773,3.284,98.50,323.00,1,1,0
60775,3.284,98.70,324.00,1,1,0
60778,3.284,98.90,324.00,1,1,0
60780,3.284,99.10,326.00,1,1,0
60782,3.284,98.80,328.00,1,1,0
60785,3.288,99.10,326.00,1,1,0
60787,3.284,98.90,324.00,1,1,0
60790,3.284,98.40,324.00,1,1,0
60792,3.284,98.90,324.00,1,1,0
60795,3.272,99.60,328.00,1,1,0
60797,3.284,98.90,323.00,1,1,0
60810,3.284,90.20,336.00,1,1,0
60812,3.280,102.30,336.00,1,1,0
60815,3.284,98.90,323.00,1,1,0
60817,3.280,98.80,324.00,1,1,0
60820,3.284,98.80,324.00,1,1,0
60822,3.284,99.70,328.00,1,1,0
60825,3.284,98.80,321.00,1,1,0
60827,3.284,99.70,328.00,1,1,0
60830,3.284,99.20,326.00,1,1,0
60832,3.284,99.70,326.00,1,1,0
60835,3.288,99.20,326.00,1,1,0
60837,3.288,99.20,326.00,1,1,0
60840,3.284,98.50,324.00,1,1,0
60842,3.284,98.70,326.00,1,1,0
60855,3.284,99.40,324.00,1,1,0
60857,3.284,99.80,328.00,1,1,0
60860,3.284,98.80,324.00,1,0,1
60862,3.276,98.90,324.00,1,0,1
60865,3.284,95.90,315.00,1,1,0
60867,3.260,118.80,390.00,1,1,0
60870,3.284,94.10,324.00,1,1,0
60872,3.284,99.20,324.00,1,1,0
60875,3.288,97.60,321.00,1,1,0
60877,3.284,99.10,324.00,1,1,0
60879,3.288,101.60,333.00,1,1,0
60882,3.284,99.40,326.00,1,1,0
60884,3.288,98.90,328.00,1,1,0
60887,3.284,99.00,324.00,1,1,0
60900,3.284,98.60,324.00,1,1,0
60902,3.284,99.00,326.00,1,1,0
60905,3.288,98.80,324.00,1,1,0
60907,3.280,98.90,328.00,1,1,0
60909,3.284,95.40,313.00,1,1,0
60912,3.284,90.80,298.00,1,1,0
60914,3.284,99.20,326.00,1,1,0
60917,3.284,106.90,351.00,1,0,1
60919,3.284,98.80,323.00,1,0,1
60922,3.284,101.30,341.00,1,1,0
60924,3.268,122.30,401.00,1,1,0
60927,3.284,97.70,321.00,1,1,0
60929,3.284,99.00,326.00,1,1,0
60932,3.284,99.30,326.00,1,1,0
60944,3.284,99.00,324.00,1,1,0
60947,3.284,98.80,324.00,1,1,0
60949,3.284,100.00,328.00,1,1,0
60952,3.288,99.40,319.00,1,1,0
60954,3.284,98.90,324.00,1,1,0
60957,3.284,100.10,329.00,1,1,0
60959,3.288,99.30,326.00,1,1,0
60962,3.288,99.10,326.00,1,1,0
60964,3.288,99.70,328.00,1,1,0
60967,3.288,98.80,326.00,1,1,0
60969,3.284,94.90,311.00,1,1,0
60972,3.284,99.20,326.00,1,0,1
60974,3.280,101.60,329.00,1,0,1
60977,3.284,131.90,433.00,1,1,0
60989,3.284,97.20,326.00,1,1,0
60992,3.284,99.20,326.00,1,1,0
60994,3.284,98.50,323.00,1,1,0
60997,3.284,98.40,324.00,1,1,0
60999,3.284,98.60,324.00,1,1,0
61002,3.284,98.70,324.00,1,1,0
61004,3.284,99.70,324.00,1,1,0
61006,3.284,98.90,324.00,1,1,0
61009,3.284,99.30,326.00,1,1,0
61011,3.284,99.40,321.00,1,1,0
61014,3.284,90.40,297.00,1,1,0
61016,3.284,99.40,326.00,1,1,0
61019,3.284,98.20,336.00,1,1,0
61021,3.284,100.00,329.00,1,1,0
61034,3.284,109.30,357.00,1,1,0
61036,3.272,95.40,313.00,1,1,0
61039,3.284,99.10,333.00,1,1,0
61041,3.284,98.50,326.00,1,1,0
61044,3.284,99.10,326.00,1,1,0
61046,3.284,99.00,324.00,1,1,0
61049,3.284,98.30,326.00,1,1,0
61051,3.284,99.00,324.00,1,1,0
61054,3.284,99.70,328.00,1,1,0
61056,3.284,99.50,326.00,1,1,0
61059,3.284,99.40,326.00,1,1,0
61061,3.288,98.60,324.00,1,1,0
61064,3.284,98.70,326.00,1,1,0
61066,3.288,98.80,324.00,1,1,0
61079,3.288,98.50,323.00,1,1,0
61081,3.284,98.60,324.00,1,1,0
61084,3.284,99.00,359.00,1,0,1
61086,3.284,101.70,333.00,1,0,1
61089,3.284,97.30,319.00,1,1,0
61091,3.252,98.10,313.00,1,1,0
61094,3.280,98.60,323.00,1,1,0
61096,3.284,98.40,323.00,1,1,0
61099,3.284,98.70,324.00,1,1,0
61101,3.288,98.70,323.00,1,1,0
61103,3.284,98.70,324.00,1,1,0
61106,3.284,98.80,324.00,1,1,0
61108,3.284,98.50,323.00,1,1,0
61111,3.284,99.00,324.00,1,1,0
61124,3.284,98.50,323.00,1,1,0
61126,3.284,97.10,319.00,1,1,0
61128,3.284,99.80,326.00,1,1,0
61131,3.284,98.90,324.00,1,1,0
61133,3.288,99.60,328.00,1,1,0
61136,3.276,100.50,328.00,1,1,0
61138,3.288,99.10,326.00,1,0,1
61141,3.268,102.80,338.00,1,0,1
61143,3.280,124.50,338.00,1,0,1
61146,3.288,94.20,310.00,1,1,0
61148,3.280,98.90,324.00,1,1,0
61151,3.284,98.60,324.00,1,1,0
61153,3.284,99.30,324.00,1,1,0
61156,3.284,98.90,324.00,1,1,0
61168,3.284,98.70,324.00,1,1,0
61171,3.284,98.70,324.00,1,1,0
61173,3.284,99.50,326.00,1,1,0
61176,3.284,98.80,324.00,1,1,0
61178,3.284,94.50,310.00,1,1,0
61181,3.284,98.70,324.00,1,1,0
61183,3.284,98.50,323.00,1,1,0
61186,3.284,99.80,328.00,1,1,0
61188,3.284,99.50,324.00,1,1,0
61191,3.284,98.70,324.00,1,1,0
61193,3.284,100.10,329.00,1,1,0
61196,3.284,106.10,324.00,1,0,1
61198,3.284,100.50,329.00,1,0,1
61200,3.284,131.20,429.00,1,1,0
61213,3.284,99.50,326.00,1,1,0
61216,3.284,99.20,326.00,1,1,0
61218,3.284,90.30,297.00,1,1,0
61221,3.284,99.30,326.00,1,1,0
61223,3.284,98.70,324.00,1,1,0
61226,3.284,99.20,334.00,1,1,0
61228,3.280,99.10,326.00,1,1,0
61230,3.284,99.10,326.00,1,1,0
61233,3.284,99.40,324.00,1,1,0
61235,3.284,100.80,331.00,1,1,0
61238,3.284,99.10,326.00,1,1,0
61240,3.284,99.40,324.00,1,1,0
61243,3.284,99.40,326.00,1,1,0
61245,3.284,98.70,324.00,1,1,0
61258,3.284,99.00,324.00,1,1,0
61260,3.284,99.30,326.00,1,1,0
61263,3.288,99.20,326.00,1,1,0
61265,3.284,101.60,334.00,1,1,0
61268,3.284,99.00,324.00,1,1,0
61270,3.284,99.30,324.00,1,1,0
61273,3.284,98.70,324.00,1,1,0
61275,3.284,94.70,311.00,1,1,0
61278,3.284,98.80,326.00,1,1,0
61280,3.284,99.20,326.00,1,1,0
61283,3.284,98.80,324.00,1,1,0
61285,3.284,98.90,324.00,1,1,0
61288,3.284,99.10,326.00,1,1,0
61290,3.288,98.60,324.00,1,1,0
61303,3.284,98.50,323.00,1,1,0
61305,3.284,99.70,326.00,1,0,1
61308,3.284,131.00,326.00,1,0,1
61310,3.284,105.50,344.00,1,1,0
61313,3.280,100.40,329.00,1,1,0
61315,3.284,98.90,334.00,1,1,0
61318,3.284,99.70,328.00,1,1,0
61320,3.284,90.30,297.00,1,1,0
61323,3.284,95.90,324.00,1,1,0
61325,3.284,99.20,326.00,1,1,0
61327,3.284,99.20,326.00,1,1,0
61330,3.284,98.50,324.00,1,1,0
61332,3.284,99.00,324.00,1,1,0
61335,3.284,104.20,342.00,1,1,0
61348,3.284,99.30,326.00,1,1,0
61350,3.284,99.60,328.00,1,1,0
61352,3.284,98.80,324.00,1,1,0
61355,3.284,98.80,324.00,1,1,0
61357,3.284,98.60,324.00,1,1,0
61360,3.284,98.80,352.00,1,0,1
61362,3.284,101.20,333.00,1,0,1
61365,3.284,99.20,324.00,1,1,0
61367,3.284,95.60,326.00,1,1,0
61370,3.288,99.10,326.00,1,1,0
61372,3.284,99.20,326.00,1,1,0
61375,3.284,99.10,331.00,1,1,0
61377,3.288,93.70,308.00,1,1,0
61380,3.284,98.40,321.00,1,1,0
61392,3.284,98.50,323.00,1,1,0
61395,3.284,98.80,324.00,1,1,0
61397,3.284,98.70,324.00,1,1,0
61400,3.284,98.70,324.00,1,1,0
61402,3.284,98.60,324.00,1,1,0
61405,3.284,98.90,324.00,1,1,0
61407,3.284,98.50,323.00,1,1,0
61410,3.284,99.30,326.00,1,1,0
61412,3.284,98.50,326.00,1,1,0
61415,3.284,98.60,323.00,1,0,1
61417,3.284,102.20,336.00,1,0,1
61420,3.284,100.20,329.00,1,1,0
61422,3.264,90.40,297.00,1,1,0
61424,3.280,94.10,310.00,1,1,0
61437,3.288,99.20,326.00,1,1,0
61440,3.284,98.70,326.00,1,1,0
61442,3.284,99.10,326.00,1,1,0
61445,3.284,99.20,326.00,1,1,0
61447,3.284,98.50,326.00,1,1,0
61449,3.284,98.30,323.00,1,1,0
61452,3.288,99.30,326.00,1,1,0
61454,3.284,98.90,324.00,1,1,0
61457,3.284,98.90,324.00,1,1,0
61459,3.284,98.90,324.00,1,1,0
61462,3.284,98.50,323.00,1,1,0
61464,3.284,98.60,323.00,1,1,0
61467,3.284,99.30,326.00,1,1,0
61469,3.284,99.70,328.00,1,0,1
61482,3.288,97.60,321.00,1,1,0
61484,3.284,99.80,324.00,1,1,0
61487,3.284,98.90,324.00,1,1,0
61489,3.284,98.90,324.00,1,1,0
61492,3.284,99.00,324.00,1,1,0
61494,3.284,99.00,324.00,1,1,0
61497,3.284,98.90,324.00,1,1,0
61499,3.284,98.50,328.00,1,1,0
61502,3.288,99.70,328.00,1,1,0
61504,3.288,98.80,324.00,1,1,0
61507,3.288,98.90,326.00,1,1,0
61509,3.284,99.00,326.00,1,1,0
61512,3.284,98.90,324.00,1,1,0
61514,3.284,98.90,324.00,1,1,0
61527,3.284,91.90,300.00,1,0,1
61529,3.284,98.70,344.00,1,0,1
61532,3.284,99.10,326.00,1,0,1
61534,3.304,62.70,206.00,1,1,0
61537,3.272,98.90,329.00,1,1,0
61539,3.288,99.40,326.00,1,1,0
61542,3.288,99.00,326.00,1,1,0
61544,3.288,99.20,326.00,1,1,0
61546,3.288,99.30,326.00,1,1,0
61549,3.284,97.80,321.00,1,1,0
61551,3.284,99.30,321.00,1,1,0
61554,3.284,99.50,326.00,1,1,0
61556,3.284,99.20,326.00,1,1,0
61559,3.284,98.60,329.00,1,1,0
61572,3.284,99.70,328.00,1,1,0
61574,3.284,98.80,323.00,1,1,0
61576,3.284,98.40,323.00,1,1,0
61579,3.284,98.50,323.00,1,1,0
61581,3.284,101.20,313.00,1,1,0
61584,3.284,99.00,324.00,1,0,1
61586,3.284,99.40,326.00,1,0,1
61589,3.284,99.80,328.00,1,1,0
61591,3.272,129.10,424.00,1,1,0
61594,3.280,98.60,324.00,1,1,0
61596,3.284,98.60,324.00,1,1,0
61599,3.288,98.70,324.00,1,1,0
61601,3.284,99.10,326.00,1,1,0
61604,3.288,99.10,326.00,1,1,0
61616,3.284,98.80,324.00,1,1,0
61619,3.284,99.10,329.00,1,1,0
61621,3.288,98.90,324.00,1,1,0
61624,3.288,99.20,326.00,1,1,0
61626,3.288,99.90,303.00,1,1,0
61629,3.284,90.30,297.00,1,1,0
61631,3.284,99.00,324.00,1,1,0
61634,3.288,99.40,326.00,1,1,0
61636,3.284,99.10,326.00,1,1,0
61639,3.284,99.10,326.00,1,1,0
61641,3.284,99.60,333.00,1,0,1
61644,3.284,128.30,421.00,1,0,1
61646,3.288,98.80,323.00,1,1,0
61648,3.288,100.10,326.00,1,1,0
61661,3.284,98.90,326.00,1,1,0
61664,3.284,98.50,323.00,1,1,0
61666,3.284,99.00,324.00,1,1,0
61669,3.288,97.80,321.00,1,1,0
61671,3.284,99.00,329.00,1,1,0
61673,3.284,98.80,324.00,1,1,0
61676,3.284,98.60,324.00,1,1,0
61678,3.284,100.60,324.00,1,1,0
61681,3.284,98.80,324.00,1,1,0
61683,3.284,101.80,334.00,1,1,0
61686,3.284,94.70,328.00,1,1,0
61688,3.284,98.80,324.00,1,1,0
61691,3.284,98.40,323.00,1,1,0
61693,3.288,99.30,324.00,1,1,0
61706,3.284,98.70,324.00,1,1,0
61708,3.284,100.20,329.00,1,1,0
61711,3.284,98.60,324.00,1,1,0
61713,3.284,99.20,324.00,1,1,0
61716,3.284,98.90,324.00,1,1,0
61718,3.284,98.80,324.00,1,1,0
61721,3.284,99.10,323.00,1,1,0
61723,3.284,99.10,324.00,1,1,0
61726,3.284,99.00,324.00,1,1,0
61728,3.288,99.50,326.00,1,1,0
61731,3.280,90.30,297.00,1,1,0
61733,3.284,99.10,326.00,1,1,0
61736,3.284,97.70,321.00,1,1,0
61738,3.284,99.00,336.00,1,1,0
61751,3.288,99.40,351.00,1,0,1
61753,3.288,99.40,326.00,1,0,1
61756,3.284,99.80,326.00,1,1,0
61758,3.280,93.90,329.00,1,1,0
61761,3.280,99.00,324.00,1,1,0
61763,3.284,98.80,324.00,1,1,0
61766,3.284,98.60,324.00,1,1,0
61768,3.288,98.50,323.00,1,1,0
61770,3.284,98.60,324.00,1,1,0
61773,3.288,98.90,324.00,1,1,0
61775,3.284,98.70,333.00,1,1,0
61778,3.276,98.70,324.00,1,1,0
61780,3.284,99.00,324.00,1,1,0
61783,3.288,98.60,324.00,1,1,0
61795,3.288,99.10,326.00,1,1,0
61798,3.288,98.50,323.00,1,1,0
61800,3.288,99.80,328.00,1,1,0
61803,3.288,99.00,324.00,1,1,0
61805,3.288,100.00,328.00,1,0,1
61808,3.284,99.00,323.00,1,0,1
61810,3.284,98.60,329.00,1,1,0
61813,3.276,94.00,308.00,1,1,0
61815,3.284,98.60,324.00,1,1,0
61818,3.284,98.60,323.00,1,1,0
61820,3.288,98.90,324.00,1,1,0
61823,3.288,98.70,324.00,1,1,0
61825,3.288,98.80,326.00,1,1,0
61828,3.288,99.80,324.00,1,1,0
61840,3.284,98.90,324.00,1,1,0
61843,3.288,98.80,324.00,1,1,0
61845,3.284,100.10,328.00,1,1,0
61848,3.288,99.10,326.00,1,1,0
61850,3.284,98.70,324.00,1,1,0
61853,3.284,99.20,326.00,1,1,0
61855,3.288,98.90,326.00,1,1,0
61858,3.284,98.80,324.00,1,1,0
61860,3.284,98.80,324.00,1,1,0
61863,3.288,105.60,334.00,1,0,1
61865,3.284,99.00,324.00,1,0,1
61867,3.284,129.40,424.00,1,1,0
61870,3.284,100.80,326.00,1,1,0
61883,3.284,98.60,324.00,1,1,0
61885,3.284,99.10,324.00,1,1,0
61888,3.284,98.90,324.00,1,1,0
61890,3.288,93.90,308.00,1,1,0
61893,3.284,98.90,324.00,1,1,0
61895,3.284,98.60,324.00,1,1,0
61897,3.288,98.60,324.00,1,1,0
61900,3.284,98.70,326.00,1,1,0
61902,3.284,98.60,324.00,1,1,0
61905,3.284,99.00,324.00,1,1,0
61907,3.284,98.90,324.00,1,1,0
61910,3.284,98.60,324.00,1,1,0
61912,3.284,98.80,324.00,1,1,0
61915,3.284,98.70,324.00,1,1,0
61927,3.284,99.40,326.00,1,1,0
61930,3.284,101.20,333.00,1,1,0
61932,3.284,99.60,328.00,1,1,0
61935,3.284,90.20,297.00,1,1,0
61937,3.284,99.30,324.00,1,1,0
61940,3.284,101.80,334.00,1,1,0
61942,3.284,98.50,323.00,1,1,0
61945,3.284,99.30,323.00,1,1,0
61947,3.284,99.60,328.00,1,1,0
61950,3.284,99.30,326.00,1,1,0
61952,3.284,98.70,326.00,1,1,0
61955,3.284,99.20,326.00,1,1,0
61957,3.288,99.20,326.00,1,1,0
61960,3.284,98.60,326.00,1,1,0
61972,3.284,99.50,323.00,1,0,1
61975,3.284,98.70,324.00,1,0,1
61977,3.284,106.80,347.00,1,1,0
61980,3.284,101.90,328.00,1,1,0
61982,3.288,99.70,328.00,1,1,0
61985,3.284,99.80,328.00,1,1,0
61987,3.284,99.30,326.00,1,1,0
61990,3.284,98.80,324.00,1,1,0
61992,3.280,93.90,308.00,1,1,0
61994,3.284,98.60,324.00,1,1,0
61997,3.284,98.50,323.00,1,1,0
61999,3.284,99.30,326.00,1,1,0
62002,3.284,98.90,324.00,1,1,0
62004,3.284,99.30,324.00,1,1,0
62017,3.284,98.80,324.00,1,1,0
62019,3.284,98.80,324.00,1,1,0
62022,3.284,102.90,338.00,1,1,0
62024,3.288,99.10,324.00,1,1,0
62027,3.284,109.30,359.00,1,0,1
62029,3.284,133.10,437.00,1,0,1
62032,3.288,99.80,395.00,1,1,0
62034,3.268,99.90,328.00,1,1,0
62037,3.284,90.50,297.00,1,1,0
62039,3.284,98.20,323.00,1,1,0
62042,3.284,98.40,326.00,1,1,0
62044,3.288,99.60,328.00,1,1,0
62047,3.284,99.50,326.00,1,1,0
62049,3.284,99.10,315.00,1,1,0
62062,3.288,98.80,329.00,1,1,0
62064,3.284,98.50,323.00,1,1,0
62067,3.284,98.80,324.00,1,1,0
62069,3.288,98.70,323.00,1,1,0
62072,3.284,98.80,324.00,1,1,0
62074,3.284,99.00,326.00,1,1,0
62077,3.284,98.90,328.00,1,1,0
62079,3.284,97.00,319.00,1,1,0
62082,3.284,99.10,324.00,1,0,1
62084,3.284,99.20,329.00,1,0,1
62087,3.284,99.30,324.00,1,1,0
62089,3.272,94.10,310.00,1,1,0
62091,3.280,98.70,324.00,1,1,0
62094,3.280,98.90,308.00,1,1,0
62107,3.284,98.50,324.00,1,1,0
62109,3.284,98.60,324.00,1,1,0
62112,3.284,98.30,323.00,1,1,0
62114,3.288,99.30,326.00,1,1,0
62117,3.284,99.20,326.00,1,1,0
62119,3.288,98.90,324.00,1,1,0
62121,3.284,98.90,324.00,1,1,0
62124,3.288,98.50,323.00,1,1,0
62126,3.284,99.00,324.00,1,1,0
62129,3.280,99.60,324.00,1,1,0
62131,3.284,98.60,324.00,1,1,0
62134,3.288,98.90,324.00,1,1,0
62136,3.284,99.50,324.00,1,1,0
62139,3.284,90.50,297.00,1,0,1
62151,3.284,98.50,324.00,1,1,0
62154,3.288,99.20,326.00,1,1,0
62156,3.284,98.50,323.00,1,1,0
62159,3.288,98.90,326.00,1,1,0
62161,3.284,98.90,324.00,1,1,0
62164,3.288,98.90,324.00,1,1,0
62166,3.284,99.20,324.00,1,1,0
62169,3.284,99.30,326.00,1,1,0
62171,3.284,98.80,324.00,1,1,0
62174,3.288,98.70,328.00,1,1,0
62176,3.284,100.00,329.00,1,1,0
62179,3.284,99.30,326.00,1,1,0
62181,3.288,99.00,331.00,1,1,0
62184,3.288,98.90,324.00,1,1,0
62196,3.260,101.00,283.00,1,0,1
62199,3.304,126.70,416.00,1,1,0
62201,3.280,98.30,323.00,1,1,0
62204,3.284,99.10,326.00,1,1,0
62206,3.288,99.00,326.00,1,1,0
62209,3.284,99.40,326.00,1,1,0
62211,3.284,98.90,326.00,1,1,0
62214,3.284,99.20,326.00,1,1,0
62216,3.284,98.80,324.00,1,1,0
62218,3.284,98.70,331.00,1,1,0
62221,3.284,99.50,328.00,1,1,0
62223,3.284,98.80,324.00,1,1,0
62226,3.284,98.90,318.00,1,1,0
62228,3.288,98.90,324.00,1,1,0
62241,3.288,99.70,297.00,1,1,0
62243,3.284,94.70,311.00,1,1,0
62246,3.284,98.60,324.00,1,1,0
62248,3.284,99.30,324.00,1,0,1
62251,3.284,132.20,434.00,1,0,1
62253,3.288,101.00,329.00,1,1,0
62256,3.284,100.50,329.00,1,1,0
62258,3.284,101.10,331.00,1,1,0
62261,3.284,100.50,329.00,1,1,0
62263,3.284,99.00,326.00,1,1,0
62266,3.288,98.60,324.00,1,1,0
62268,3.288,99.20,326.00,1,1,0
62271,3.284,99.30,328.00,1,1,0
62283,3.288,99.60,326.00,1,1,0
62286,3.288,99.30,326.00,1,1,0
62288,3.284,99.20,326.00,1,1,0
62291,3.288,99.00,328.00,1,1,0
62293,3.284,99.10,326.00,1,1,0
62296,3.284,99.10,326.00,1,1,0
62298,3.288,100.90,313.00,1,1,0
62301,3.284,98.70,324.00,1,1,0
62303,3.288,106.10,349.00,1,0,1
62306,3.284,131.60,433.00,1,0,1
62308,3.284,99.20,429.00,1,1,0
62311,3.276,102.40,336.00,1,1,0
62313,3.288,99.30,326.00,1,1,0
62326,3.284,99.10,326.00,1,1,0
62328,3.284,98.80,324.00,1,1,0
62331,3.288,98.40,323.00,1,1,0
62333,3.284,98.60,324.00,1,1,0
62336,3.284,99.50,328.00,1,1,0
62338,3.288,99.50,326.00,1,1,0
62341,3.276,96.50,316.00,1,1,0
62343,3.288,98.90,297.00,1,1,0
62345,3.284,92.90,305.00,1,1,0
62348,3.288,98.80,324.00,1,1,0
62350,3.284,100.80,326.00,1,1,0
62353,3.288,99.00,326.00,1,1,0
62355,3.288,98.10,323.00,1,1,0
62358,3.284,99.20,333.00,1,0,1
62371,3.288,99.10,326.00,1,1,0
62373,3.288,99.70,324.00,1,1,0
62375,3.284,99.40,326.00,1,1,0
62378,3.288,98.90,324.00,1,1,0
62380,3.284,98.70,324.00,1,1,0
62383,3.288,99.00,326.00,1,1,0
62385,3.284,99.20,326.00,1,1,0
62388,3.284,99.20,326.00,1,1,0
62390,3.288,98.90,324.00,1,1,0
62393,3.284,98.50,324.00,1,1,0
62395,3.288,98.60,324.00,1,1,0
62398,3.284,98.80,324.00,1,1,0
62400,3.288,101.50,333.00,1,1,0
62403,3.284,96.30,324.00,1,1,0
62415,3.288,98.80,324.00,1,0,1
62418,3.284,99.00,442.00,1,1,0
62420,3.256,99.80,328.00,1,1,0
62423,3.284,98.60,324.00,1,1,0
62425,3.284,98.50,323.00,1,1,0
62428,3.284,98.30,323.00,1,1,0
62430,3.284,98.40,323.00,1,1,0
62433,3.288,98.90,324.00,1,1,0
62435,3.288,99.00,324.00,1,1,0
62438,3.288,99.50,328.00,1,1,0
62440,3.284,99.40,324.00,1,1,0
62443,3.284,99.30,326.00,1,1,0
62445,3.288,99.20,326.00,1,1,0
62447,3.284,90.40,300.00,1,1,0
62460,3.288,99.10,326.00,1,1,0
62463,3.284,99.00,324.00,1,1,0
62465,3.284,98.80,324.00,1,1,0
62468,3.284,99.60,328.00,1,0,1
62470,3.288,98.80,331.00,1,0,1
62472,3.284,102.30,336.00,1,1,0
62475,3.268,104.20,342.00,1,1,0
62477,3.268,93.80,310.00,1,1,0
62480,3.284,98.80,324.00,1,1,0
62482,3.284,98.70,324.00,1,1,0
62485,3.284,99.30,326.00,1,1,0
62487,3.288,99.30,326.00,1,1,0
62490,3.280,101.70,334.00,1,1,0
62492,3.284,99.00,331.00,1,1,0
62505,3.284,94.40,321.00,1,1,0
62507,3.284,99.20,326.00,1,1,0
62510,3.284,99.10,326.00,1,1,0
62512,3.288,99.10,326.00,1,1,0
62515,3.284,98.60,324.00,1,1,0
62517,3.284,98.20,323.00,1,1,0
62520,3.284,98.70,324.00,1,1,0
62522,3.284,98.80,324.00,1,1,0
62525,3.284,98.60,324.00,1,0,1
62527,3.284,101.60,334.00,1,0,1
62530,3.260,100.60,323.00,1,1,0
62532,3.284,100.10,329.00,1,1,0
62535,3.284,99.10,326.00,1,1,0
62537,3.284,98.60,324.00,1,1,0
62550,3.284,90.50,298.00,1,1,0
62552,3.284,98.90,324.00,1,1,0
62555,3.284,99.50,326.00,1,1,0
62557,3.284,98.50,323.00,1,1,0
62560,3.284,99.00,324.00,1,1,0
62562,3.284,102.00,334.00,1,1,0
62565,3.284,98.80,324.00,1,1,0
62567,3.284,98.80,324.00,1,1,0
62569,3.284,99.10,326.00,1,1,0
62572,3.284,99.10,326.00,1,1,0
62574,3.288,98.90,324.00,1,1,0
62577,3.284,98.80,324.00,1,1,0
62579,3.280,108.30,356.00,1,0,1
62582,3.284,131.20,331.00,1,0,1
62594,3.284,98.80,319.00,1,1,0
62597,3.288,98.70,324.00,1,1,0
62599,3.284,98.50,323.00,1,1,0
62602,3.284,98.80,326.00,1,1,0
62604,3.284,99.80,328.00,1,1,0
62607,3.280,93.80,308.00,1,1,0
62609,3.284,98.90,324.00,1,1,0
62612,3.284,99.10,326.00,1,1,0
62614,3.288,99.50,326.00,1,1,0
62617,3.284,98.90,324.00,1,1,0
62619,3.288,99.20,326.00,1,1,0
62622,3.288,98.80,324.00,1,1,0
62624,3.284,99.50,326.00,1,1,0
62627,3.284,98.90,324.00,1,1,0
62644,3.284,99.80,328.00,1,1,0
62647,3.284,98.80,318.00,1,1,0
62649,3.284,92.60,305.00,1,1,0
62652,3.284,91.60,301.00,1,1,0
62654,3.284,98.80,324.00,1,1,0
62657,3.284,100.00,329.00,1,1,0
62659,3.284,99.00,324.00,1,1,0
62662,3.284,98.80,324.00,1,1,0
62664,3.284,98.70,324.00,1,1,0
62666,3.284,99.20,326.00,1,1,0
62669,3.284,98.70,324.00,1,1,0
62671,3.288,98.70,326.00,1,1,0
62674,3.284,99.30,326.00,1,1,0
62676,3.284,98.90,324.00,1,1,0
62689,3.284,98.80,324.00,1,0,1
62691,3.280,99.30,433.00,1,0,1
62694,3.280,102.30,336.00,1,1,0
62696,3.256,94.90,311.00,1,1,0
62699,3.284,97.70,324.00,1,1,0
62701,3.284,101.20,333.00,1,1,0
62704,3.284,99.70,328.00,1,1,0
62706,3.280,98.70,324.00,1,1,0
62709,3.280,94.30,310.00,1,1,0
62711,3.284,98.70,324.00,1,1,0
62714,3.284,98.60,324.00,1,1,0
62716,3.284,98.60,324.00,1,1,0
62719,3.284,98.80,324.00,1,1,0
62721,3.284,98.90,328.00,1,1,0
62734,3.284,98.70,324.00,1,1,0
62736,3.284,100.40,326.00,1,1,0
62739,3.284,98.90,324.00,1,1,0
62741,3.284,98.90,324.00,1,1,0
62744,3.288,99.20,324.00,1,0,1
62746,3.284,98.70,324.00,1,0,1
62749,3.284,99.50,326.00,1,1,0
62751,3.276,117.40,328.00,1,1,0
62754,3.284,90.40,297.00,1,1,0
62756,3.284,100.90,331.00,1,1,0
62759,3.288,101.90,331.00,1,1,0
62761,3.288,99.60,328.00,1,1,0
62763,3.272,98.40,323.00,1,1,0
62776,3.288,98.90,324.00,1,1,0
62779,3.284,98.60,324.00,1,1,0
62781,3.284,99.10,326.00,1,1,0
62784,3.288,98.40,323.00,1,1,0
62786,3.284,98.70,324.00,1,1,0
62789,3.288,98.90,331.00,1,1,0
62791,3.288,99.20,326.00,1,1,0
62793,3.288,102.00,336.00,1,1,0
62796,3.284,98.90,323.00,1,1,0
62798,3.288,98.90,324.00,1,0,1
62801,3.276,98.70,324.00,1,0,1
62803,3.284,99.20,326.00,1,0,1
62806,3.284,98.30,323.00,1,1,0
62808,3.284,98.70,324.00,1,1,0
62821,3.284,98.70,324.00,1,1,0
62823,3.284,98.60,328.00,1,1,0
62826,3.284,98.70,323.00,1,1,0
62828,3.276,98.80,324.00,1,1,0
62831,3.284,99.20,324.00,1,1,0
62833,3.284,99.40,338.00,1,1,0
62836,3.288,98.80,324.00,1,1,0
62838,3.284,98.60,324.00,1,1,0
62841,3.284,99.80,326.00,1,1,0
62843,3.284,98.60,324.00,1,1,0
62846,3.284,98.40,323.00,1,1,0
62848,3.288,99.10,324.00,1,1,0
62851,3.284,99.50,328.00,1,1,0
62853,3.284,99.30,326.00,1,1,0
62866,3.284,94.10,308.00,1,1,0
62868,3.284,98.20,326.00,1,1,0
62871,3.284,98.80,324.00,1,1,0
62873,3.284,98.60,324.00,1,1,0
62876,3.284,98.60,326.00,1,1,0
62878,3.284,98.80,324.00,1,1,0
62881,3.284,99.00,324.00,1,1,0
62883,3.284,99.40,326.00,1,1,0
62886,3.284,99.30,324.00,1,1,0
62888,3.284,98.60,324.00,1,1,0
62890,3.288,98.50,323.00,1,1,0
62893,3.284,98.60,323.00,1,1,0
62895,3.280,99.40,326.00,1,1,0
62898,3.284,99.70,328.00,1,1,0
62911,3.288,98.70,324.00,1,0,1
62913,3.280,99.10,305.00,1,0,1
62916,3.284,98.90,323.00,1,1,0
62918,3.284,94.10,308.00,1,1,0
62920,3.288,99.10,324.00,1,1,0
62923,3.284,98.60,324.00,1,1,0
62925,3.284,98.70,324.00,1,1,0
62928,3.284,98.00,328.00,1,1,0
62930,3.284,98.60,324.00,1,1,0
62933,3.288,98.90,324.00,1,1,0
62935,3.284,99.10,326.00,1,1,0
62938,3.284,98.90,324.00,1,1,0
62940,3.288,98.10,323.00,1,1,0
62943,3.284,98.80,324.00,1,1,0
62955,3.288,99.80,328.00,1,1,0
62958,3.284,99.00,297.00,1,1,0
62960,3.284,98.70,324.00,1,1,0
62963,3.284,98.60,324.00,1,1,0
62965,3.284,99.40,324.00,1,0,1
62968,3.276,98.90,323.00,1,0,1
62970,3.284,99.10,326.00,1,1,0
62973,3.272,114.30,324.00,1,1,0
62975,3.268,93.90,308.00,1,1,0
62978,3.284,97.70,321.00,1,1,0
62980,3.284,99.30,324.00,1,1,0
62983,3.284,99.40,326.00,1,1,0
62985,3.284,99.10,326.00,1,1,0
62987,3.284,98.80,326.00,1,1,0
63000,3.284,99.10,326.00,1,1,0
63003,3.284,99.60,324.00,1,1,0
63005,3.280,98.60,324.00,1,1,0
63008,3.284,98.70,324.00,1,1,0
63010,3.288,99.00,326.00,1,1,0
63013,3.284,99.10,326.00,1,1,0
63015,3.280,99.80,328.00,1,1,0
63017,3.284,93.80,324.00,1,1,0
63020,3.288,98.60,324.00,1,1,0
63022,3.284,106.50,351.00,1,0,1
63025,3.284,98.80,324.00,1,0,1
63027,3.280,136.00,446.00,1,1,0
63030,3.280,99.30,326.00,1,1,0
63032,3.284,100.10,326.00,1,1,0
63045,3.284,99.50,326.00,1,1,0
63047,3.284,99.00,324.00,1,1,0
63050,3.284,98.80,324.00,1,1,0
63052,3.280,98.70,324.00,1,1,0
63055,3.284,99.20,324.00,1,1,0
63057,3.284,99.30,326.00,1,1,0
63060,3.284,99.40,326.00,1,1,0
63062,3.284,90.30,297.00,1,1,0
63065,3.284,98.50,324.00,1,1,0
63067,3.284,99.10,326.00,1,1,0
63070,3.288,98.70,326.00,1,1,0
63072,3.288,98.80,324.00,1,1,0
63075,3.284,99.60,328.00,1,1,0
63077,3.284,99.00,326.00,1,0,1
63090,3.284,99.90,328.00,1,1,0
63092,3.284,99.00,333.00,1,1,0
63095,3.276,99.30,326.00,1,1,0
63097,3.288,98.90,324.00,1,1,0
63100,3.284,98.60,326.00,1,1,0
63102,3.288,98.80,324.00,1,1,0
63105,3.288,99.80,328.00,1,1,0
63107,3.284,99.30,326.00,1,1,0
63110,3.284,99.10,326.00,1,1,0
63112,3.288,99.40,326.00,1,1,0
63114,3.284,99.00,324.00,1,1,0
63117,3.288,102.70,338.00,1,1,0
63119,3.280,103.00,338.00,1,1,0
63122,3.288,99.10,326.00,1,1,0
63135,3.280,98.60,321.00,1,0,1
63137,3.260,99.40,326.00,1,1,0
63139,3.260,93.90,308.00,1,1,0
63142,3.284,99.10,324.00,1,1,0
63144,3.284,98.60,323.00,1,1,0
63147,3.288,97.80,321.00,1,1,0
63149,3.284,98.60,324.00,1,1,0
63152,3.284,101.20,328.00,1,1,0
63154,3.284,99.90,328.00,1,1,0
63157,3.288,101.90,334.00,1,1,0
63159,3.284,100.40,328.00,1,1,0
63162,3.288,99.40,326.00,1,1,0
63164,3.284,90.20,297.00,1,1,0
63167,3.284,98.80,324.00,1,1,0
63179,3.288,99.00,324.00,1,1,0
63182,3.288,98.60,324.00,1,1,0
63184,3.284,99.20,326.00,1,1,0
63187,3.284,98.70,323.00,1,0,1
63189,3.284,99.20,326.00,1,0,1
63192,3.284,98.80,324.00,1,1,0
63194,3.276,105.50,308.00,1,1,0
63197,3.280,98.40,323.00,1,1,0
63199,3.284,98.60,324.00,1,1,0
63202,3.284,98.70,326.00,1,1,0
63204,3.284,99.30,333.00,1,1,0
63207,3.288,99.30,326.00,1,1,0
63209,3.284,101.50,333.00,1,1,0
63212,3.284,99.20,324.00,1,1,0
63224,3.284,99.10,324.00,1,1,0
63227,3.284,99.00,324.00,1,1,0
63229,3.284,99.90,328.00,1,1,0
63232,3.284,98.60,324.00,1,1,0
63234,3.284,98.60,324.00,1,1,0
63237,3.284,99.00,324.00,1,1,0
63239,3.284,99.10,324.00,1,1,0
63241,3.284,98.40,323.00,1,1,0
63244,3.284,98.90,324.00,1,0,1
63246,3.284,98.60,331.00,1,0,1
63249,3.284,99.20,334.00,1,1,0
63251,3.268,94.20,310.00,1,1,0
63254,3.284,97.10,319.00,1,1,0
63256,3.288,97.00,324.00,1,1,0
63269,3.284,99.40,334.00,1,1,0
63271,3.284,99.50,326.00,1,1,0
63274,3.284,98.90,324.00,1,1,0
63276,3.284,98.40,324.00,1,1,0
63279,3.284,98.90,324.00,1,1,0
63281,3.284,98.90,324.00,1,1,0
63284,3.284,98.90,326.00,1,1,0
63286,3.284,99.60,328.00,1,1,0
63289,3.284,98.70,324.00,1,1,0
63291,3.284,99.50,323.00,1,1,0
63294,3.288,98.50,323.00,1,1,0
63296,3.284,98.90,324.00,1,1,0
63299,3.284,99.00,319.00,1,0,1
63301,3.288,99.10,326.00,1,0,1
63314,3.284,99.90,326.00,1,1,0
63316,3.284,99.10,326.00,1,1,0
63319,3.284,99.40,326.00,1,1,0
63321,3.288,98.90,336.00,1,1,0
63324,3.284,94.40,310.00,1,1,0
63326,3.284,101.10,333.00,1,1,0
63329,3.288,99.70,326.00,1,1,0
63331,3.284,99.20,326.00,1,1,0
63334,3.284,99.30,326.00,1,1,0
63336,3.284,99.00,324.00,1,1,0
63338,3.284,98.60,324.00,1,1,0
63341,3.284,99.50,326.00,1,1,0
63343,3.284,99.20,326.00,1,1,0
63346,3.284,100.20,328.00,1,1,0
63359,3.264,98.80,324.00,1,1,0
63361,3.288,96.80,318.00,1,1,0
63363,3.276,100.10,329.00,1,1,0
63366,3.288,99.30,328.00,1,1,0
63368,3.284,90.30,297.00,1,1,0
63371,3.284,99.30,326.00,1,1,0
63373,3.288,102.20,336.00,1,1,0
63376,3.288,98.90,324.00,1,1,0
63378,3.284,98.90,324.00,1,1,0
63381,3.284,99.20,308.00,1,1,0
63383,3.284,99.20,326.00,1,1,0
63386,3.284,99.60,328.00,1,1,0
63388,3.284,99.60,326.00,1,1,0
63391,3.288,99.30,326.00,1,1,0
63403,3.288,98.70,324.00,1,1,0
63406,3.284,99.20,326.00,1,1,0
63408,3.288,99.20,326.00,1,1,0
63411,3.284,106.10,326.00,1,0,1
63413,3.284,100.30,329.00,1,0,1
63416,3.284,130.20,426.00,1,1,0
63418,3.280,98.90,326.00,1,1,0
63421,3.280,98.60,324.00,1,1,0
63423,3.280,99.50,326.00,1,1,0
63426,3.284,93.80,308.00,1,1,0
63428,3.284,100.90,331.00,1,1,0
63431,3.284,100.10,329.00,1,1,0
63433,3.284,99.10,326.00,1,1,0
63446,3.284,100.00,326.00,1,1,0
63448,3.284,100.70,329.00,1,1,0
63451,3.284,98.70,324.00,1,1,0
63453,3.284,98.90,324.00,1,1,0
63456,3.284,98.60,324.00,1,1,0
63458,3.284,94.40,310.00,1,1,0
63461,3.284,99.20,326.00,1,1,0
63463,3.288,98.60,324.00,1,1,0
63465,3.288,104.40,342.00,1,0,1
63468,3.280,99.80,328.00,1,0,1
63470,3.288,124.70,329.00,1,1,0
63473,3.284,98.20,323.00,1,1,0
63475,3.288,101.30,333.00,1,1,0
63488,3.284,98.80,324.00,1,1,0
63491,3.284,100.10,328.00,1,1,0
63493,3.288,98.90,324.00,1,1,0
63495,3.284,99.80,328.00,1,1,0
63498,3.288,99.10,324.00,1,1,0
63500,3.284,98.80,324.00,1,1,0
63503,3.284,98.30,323.00,1,1,0
63505,3.284,98.60,326.00,1,1,0
63508,3.288,99.90,328.00,1,1,0
63510,3.284,99.30,326.00,1,1,0
63513,3.284,99.50,324.00,1,1,0
63515,3.284,99.00,324.00,1,1,0
63518,3.284,98.60,324.00,1,1,0
63520,3.284,99.10,331.00,1,0,1
63533,3.284,99.20,326.00,1,1,0
63535,3.284,100.80,324.00,1,1,0
63538,3.284,98.90,324.00,1,1,0
63540,3.284,98.70,324.00,1,1,0
63543,3.284,99.70,326.00,1,1,0
63545,3.284,98.70,324.00,1,1,0
63548,3.284,98.90,324.00,1,1,0
63550,3.284,99.20,326.00,1,1,0
63553,3.288,98.70,324.00,1,1,0
63555,3.284,99.20,326.00,1,1,0
63558,3.284,98.60,333.00,1,1,0
63560,3.284,98.80,324.00,1,1,0
63563,3.284,98.60,324.00,1,1,0
63565,3.284,98.50,324.00,1,1,0
63578,3.284,129.00,424.00,1,0,1
63580,3.284,99.20,324.00,1,0,1
63583,3.288,62.50,206.00,1,0,1
63585,3.304,62.40,206.00,1,1,0
63588,3.280,94.10,326.00,1,1,0
63590,3.284,98.50,324.00,1,1,0
63592,3.284,99.20,326.00,1,1,0
63595,3.284,99.10,324.00,1,1,0
63597,3.288,98.60,324.00,1,1,0
63600,3.288,99.40,326.00,1,1,0
63602,3.284,98.90,326.00,1,1,0
63605,3.284,98.80,324.00,1,1,0
63607,3.288,99.00,326.00,1,1,0
63610,3.284,98.50,324.00,1,1,0
63622,3.284,98.90,323.00,1,1,0
63625,3.284,99.20,324.00,1,1,0
63627,3.284,102.60,338.00,1,1,0
63630,3.280,96.30,316.00,1,1,0
63632,3.284,98.70,326.00,1,1,0
63635,3.284,98.90,324.00,1,0,1
63637,3.284,100.00,326.00,1,0,1
63640,3.288,99.80,346.00,1,1,0
63642,3.256,98.50,323.00,1,1,0
63645,3.288,98.60,324.00,1,1,0
63647,3.284,98.30,324.00,1,1,0
63650,3.284,99.30,326.00,1,1,0
63652,3.284,100.20,329.00,1,1,0
63655,3.284,96.40,324.00,1,1,0
63667,3.284,98.80,324.00,1,1,0
63670,3.284,100.00,328.00,1,1,0
63672,3.284,99.80,328.00,1,1,0
63675,3.284,97.80,297.00,1,1,0
63677,3.284,99.00,324.00,1,1,0
63680,3.284,98.60,323.00,1,1,0
63682,3.288,99.70,328.00,1,1,0
63685,3.284,99.40,323.00,1,1,0
63687,3.284,98.90,324.00,1,1,0
63690,3.284,99.20,326.00,1,0,1
63692,3.280,98.50,329.00,1,0,1
63694,3.284,98.60,323.00,1,1,0
63697,3.284,98.80,324.00,1,1,0
63699,3.284,93.80,328.00,1,1,0
63712,3.284,98.50,324.00,1,1,0
63715,3.284,99.10,326.00,1,1,0
63717,3.288,99.60,328.00,1,1,0
63719,3.276,100.00,326.00,1,1,0
63722,3.288,99.70,328.00,1,1,0
63724,3.284,98.90,324.00,1,1,0
63727,3.284,98.50,323.00,1,1,0
63729,3.284,98.70,324.00,1,1,0
63732,3.284,98.90,324.00,1,1,0
63734,3.284,95.10,313.00,1,1,0
63737,3.284,98.80,324.00,1,1,0
63739,3.284,99.20,326.00,1,1,0
63742,3.284,98.30,323.00,1,1,0
63744,3.284,98.40,323.00,1,0,1
63757,3.284,99.60,324.00,1,1,0
63759,3.284,98.60,324.00,1,1,0
63762,3.284,99.50,326.00,1,1,0
63764,3.284,98.50,324.00,1,1,0
63767,3.284,98.70,324.00,1,1,0
63769,3.284,98.60,324.00,1,1,0
63772,3.284,98.70,326.00,1,1,0
63774,3.284,99.60,328.00,1,1,0
63777,3.284,98.70,324.00,1,1,0
63779,3.284,90.10,324.00,1,1,0
63782,3.284,98.60,324.00,1,1,0
63784,3.284,99.10,326.00,1,1,0
63787,3.284,99.10,326.00,1,1,0
63789,3.284,98.50,323.00,1,1,0
63802,3.280,99.00,431.00,1,0,1
63804,3.284,98.50,323.00,1,1,0
63807,3.276,118.80,390.00,1,1,0
63809,3.280,98.70,324.00,1,1,0
63812,3.284,98.90,324.00,1,1,0
63814,3.284,98.70,324.00,1,1,0
63816,3.284,98.70,324.00,1,1,0
63819,3.284,98.70,324.00,1,1,0
63821,3.284,100.20,329.00,1,1,0
63824,3.284,99.00,323.00,1,1,0
63826,3.284,98.60,324.00,1,1,0
63829,3.284,98.60,324.00,1,1,0
63831,3.284,98.80,326.00,1,1,0
63834,3.284,99.60,328.00,1,1,0
63846,3.284,99.60,323.00,1,1,0
63849,3.284,98.80,324.00,1,1,0
63851,3.284,98.50,324.00,1,1,0
63854,3.284,99.20,324.00,1,0,1
63856,3.284,98.40,323.00,1,0,1
63859,3.260,98.70,324.00,1,1,0
63861,3.276,102.80,315.00,1,1,0
63864,3.280,98.60,324.00,1,1,0
63866,3.284,98.40,323.00,1,1,0
63869,3.284,98.60,324.00,1,1,0
63871,3.284,98.50,323.00,1,1,0
63874,3.284,98.50,323.00,1,1,0
63876,3.284,98.60,326.00,1,1,0
63879,3.284,99.20,326.00,1,1,0
63891,3.284,99.00,324.00,1,1,0
63894,3.284,98.90,324.00,1,1,0
63896,3.284,98.80,324.00,1,1,0
63899,3.284,98.70,324.00,1,1,0
63901,3.284,99.40,326.00,1,1,0
63904,3.284,98.80,324.00,1,1,0
63906,3.284,99.10,323.00,1,1,0
63909,3.288,98.70,324.00,1,1,0
63911,3.280,98.80,324.00,1,0,1
63913,3.284,98.40,424.00,1,0,1
63916,3.288,101.10,331.00,1,1,0
63918,3.276,94.10,308.00,1,1,0
63921,3.284,98.80,326.00,1,1,0
63923,3.284,98.70,324.00,1,1,0
63936,3.284,100.30,333.00,1,1,0
63939,3.284,94.00,308.00,1,1,0
63941,3.284,98.60,324.00,1,1,0
63943,3.284,98.80,324.00,1,1,0
63946,3.288,98.60,324.00,1,1,0
63948,3.284,98.60,324.00,1,1,0
63951,3.284,98.90,324.00,1,1,0
63953,3.284,98.50,323.00,1,1,0
63956,3.284,98.60,324.00,1,1,0
63958,3.284,99.70,324.00,1,1,0
63961,3.284,98.90,324.00,1,1,0
63963,3.284,98.90,324.00,1,1,0
63966,3.284,98.70,324.00,1,0,1
63968,3.284,98.90,324.00,1,0,1
63981,3.284,99.00,324.00,1,1,0
63983,3.284,90.30,297.00,1,1,0
63986,3.276,102.60,336.00,1,1,0
63988,3.284,100.30,329.00,1,1,0
63991,3.284,100.30,329.00,1,1,0
63993,3.284,99.10,326.00,1,1,0
63996,3.284,99.40,338.00,1,1,0
63998,3.284,98.50,323.00,1,1,0
64001,3.284,98.80,324.00,1,1,0
64003,3.284,99.00,326.00,1,1,0
64006,3.284,99.30,326.00,1,1,0
64008,3.284,98.90,324.00,1,1,0
64010,3.284,98.50,324.00,1,1,0
64013,3.288,98.60,324.00,1,1,0
64026,3.260,98.70,324.00,1,1,0
64028,3.268,128.20,419.00,1,1,0
64031,3.280,97.80,324.00,1,1,0
64033,3.284,99.40,326.00,1,1,0
64036,3.284,99.10,326.00,1,1,0
64038,3.280,100.20,329.00,1,1,0
64040,3.284,94.30,316.00,1,1,0
64043,3.284,98.70,324.00,1,1,0
64045,3.284,98.40,323.00,1,1,0
64048,3.284,99.90,324.00,1,1,0
64050,3.284,98.70,324.00,1,1,0
64053,3.284,98.90,324.00,1,1,0
64055,3.284,99.10,324.00,1,1,0
64058,3.284,98.40,323.00,1,1,0
64070,3.284,98.50,323.00,1,1,0
64073,3.284,98.80,324.00,1,1,0
64075,3.284,98.70,324.00,1,1,0
64078,3.284,105.00,344.00,1,0,1
64080,3.284,102.70,338.00,1,0,1
64083,3.284,99.90,369.00,1,1,0
64085,3.264,90.30,297.00,1,1,0
64088,3.284,93.90,308.00,1,1,0
64090,3.284,99.10,326.00,1,1,0
64093,3.284,98.50,323.00,1,1,0
64095,3.284,98.70,324.00,1,1,0
64098,3.284,98.80,324.00,1,1,0
64100,3.284,100.00,324.00,1,1,0
64103,3.284,99.10,326.00,1,1,0
64115,3.284,98.80,324.00,1,1,0
64118,3.284,98.60,324.00,1,1,0
64120,3.284,98.90,324.00,1,1,0
64123,3.284,98.50,323.00,1,1,0
64125,3.284,98.60,324.00,1,1,0
64128,3.284,98.70,324.00,1,1,0
64130,3.284,99.00,324.00,1,1,0
64133,3.284,98.90,324.00,1,0,1
64135,3.284,98.80,326.00,1,0,1
64137,3.288,98.90,323.00,1,1,0
64140,3.256,96.80,318.00,1,1,0
64142,3.280,95.10,308.00,1,1,0
64145,3.280,98.60,324.00,1,1,0
64147,3.284,99.20,326.00,1,1,0
64160,3.284,98.40,323.00,1,1,0
64162,3.288,98.80,324.00,1,1,0
64165,3.284,99.40,326.00,1,1,0
64167,3.288,99.20,326.00,1,1,0
64170,3.288,98.90,324.00,1,1,0
64172,3.284,97.30,328.00,1,1,0
64175,3.284,98.80,324.00,1,1,0
64177,3.288,98.50,323.00,1,1,0
64180,3.288,100.00,326.00,1,1,0
64182,3.284,99.50,328.00,1,1,0
64185,3.284,99.80,328.00,1,1,0
64187,3.284,90.10,297.00,1,1,0
64190,3.284,99.30,326.00,1,0,1
64192,3.280,98.20,321.00,1,0,1
64205,3.280,99.10,326.00,1,1,0
64207,3.288,98.90,324.00,1,1,0
64210,3.288,99.30,326.00,1,1,0
64212,3.284,99.20,326.00,1,1,0
64215,3.288,98.10,323.00,1,1,0
64217,3.288,99.50,324.00,1,1,0
64220,3.284,98.60,324.00,1,1,0
64222,3.284,98.90,324.00,1,1,0
64225,3.284,98.50,324.00,1,1,0
64227,3.284,99.30,326.00,1,1,0
64230,3.284,99.20,326.00,1,1,0
64232,3.284,99.80,326.00,1,1,0
64234,3.284,99.10,326.00,1,1,0
64237,3.284,100.40,329.00,1,1,0
64250,3.284,133.60,437.00,1,1,0
64252,3.260,117.20,385.00,1,1,0
64255,3.280,99.30,329.00,1,1,0
64257,3.284,98.60,324.00,1,1,0
64259,3.288,99.00,324.00,1,1,0
64262,3.288,98.90,326.00,1,1,0
64264,3.288,99.40,326.00,1,1,0
64267,3.284,99.00,326.00,1,1,0
64269,3.288,98.50,324.00,1,1,0
64272,3.284,98.70,324.00,1,1,0
64274,3.284,98.90,324.00,1,1,0
64277,3.284,99.10,326.00,1,1,0
64279,3.284,98.90,324.00,1,1,0
64282,3.284,99.20,326.00,1,1,0
64294,3.284,99.00,324.00,1,1,0
64297,3.284,99.10,326.00,1,1,0
64299,3.284,99.20,326.00,1,1,0
64302,3.284,98.60,324.00,1,0,1
64304,3.280,128.00,421.00,1,0,1
64307,3.284,101.00,311.00,1,1,0
64309,3.280,100.50,329.00,1,1,0
64312,3.284,99.60,328.00,1,1,0
64314,3.288,98.30,321.00,1,1,0
64317,3.284,99.10,326.00,1,1,0
64319,3.288,99.10,326.00,1,1,0
64322,3.284,98.70,324.00,1,1,0
64324,3.284,98.80,324.00,1,1,0
64327,3.284,98.60,324.00,1,1,0
64339,3.284,99.10,326.00,1,1,0
64342,3.284,98.80,324.00,1,1,0
64344,3.284,99.00,324.00,1,1,0
64347,3.288,95.60,315.00,1,1,0
64349,3.284,98.60,321.00,1,1,0
64352,3.284,98.70,324.00,1,1,0
64354,3.284,101.20,333.00,1,1,0
64356,3.284,106.20,349.00,1,0,1
64359,3.284,129.50,324.00,1,0,1
64361,3.284,103.10,338.00,1,1,0
64364,3.280,95.40,313.00,1,1,0
64366,3.284,98.90,323.00,1,1,0
64369,3.284,98.70,324.00,1,1,0
64382,3.284,98.50,323.00,1,1,0
64384,3.284,99.10,326.00,1,1,0
64387,3.284,99.40,326.00,1,1,0
64389,3.284,99.80,328.00,1,1,0
64391,3.284,94.00,308.00,1,1,0
64394,3.284,90.10,326.00,1,1,0
64396,3.284,99.10,326.00,1,1,0
64399,3.284,97.60,321.00,1,1,0
64401,3.284,99.70,326.00,1,1,0
64404,3.284,99.50,326.00,1,1,0
64406,3.284,97.90,321.00,1,1,0
64409,3.284,100.30,324.00,1,1,0
64411,3.284,98.40,323.00,1,0,1
64414,3.276,99.40,326.00,1,0,1
64426,3.284,98.60,324.00,1,1,0
64429,3.284,99.30,326.00,1,1,0
64431,3.288,99.30,331.00,1,1,0
64434,3.284,99.40,326.00,1,1,0
64436,3.284,99.70,328.00,1,1,0
64439,3.284,99.00,324.00,1,1,0
64441,3.284,99.00,324.00,1,1,0
64444,3.284,99.20,326.00,1,1,0
64446,3.284,99.10,328.00,1,1,0
64449,3.284,97.60,321.00,1,1,0
64451,3.280,96.80,318.00,1,1,0
64454,3.284,99.20,326.00,1,1,0
64456,3.284,101.20,333.00,1,1,0
64459,3.284,101.40,333.00,1,1,0
64471,3.288,100.10,329.00,1,0,1
64474,3.264,104.20,342.00,1,1,0
64476,3.284,93.90,326.00,1,1,0
64479,3.288,102.10,336.00,1,1,0
64481,3.288,99.70,328.00,1,1,0
64484,3.284,99.70,326.00,1,1,0
64486,3.284,98.80,324.00,1,1,0
64488,3.288,99.60,328.00,1,1,0
64491,3.288,99.80,326.00,1,1,0
64493,3.284,97.00,318.00,1,1,0
64496,3.284,90.30,297.00,1,1,0
64498,3.284,98.70,324.00,1,1,0
64501,3.280,100.90,331.00,1,1,0
64514,3.284,98.30,323.00,1,1,0
64516,3.284,99.10,326.00,1,1,0
64518,3.284,98.60,324.00,1,1,0
64521,3.288,99.10,311.00,1,1,0
64523,3.284,93.70,308.00,1,0,1
64526,3.284,98.60,324.00,1,0,1
64528,3.284,99.50,323.00,1,1,0
64531,3.272,98.00,321.00,1,1,0
64533,3.284,100.20,329.00,1,1,0
64536,3.288,99.10,326.00,1,1,0
64538,3.288,99.10,326.00,1,1,0
64541,3.284,98.90,324.00,1,1,0
64543,3.284,90.20,308.00,1,1,0
64546,3.280,98.50,323.00,1,1,0
64558,3.284,99.90,328.00,1,1,0
64561,3.284,98.50,324.00,1,1,0
64563,3.284,90.20,308.00,1,1,0
64566,3.280,93.90,308.00,1,1,0
64568,3.280,93.80,308.00,1,1,0
64571,3.280,94.20,308.00,1,1,0
64573,3.284,99.10,326.00,1,1,0
64576,3.284,98.90,324.00,1,1,0
64578,3.284,98.70,324.00,1,0,1
64581,3.276,99.50,336.00,1,0,1
64583,3.284,97.30,319.00,1,1,0
64586,3.272,116.40,382.00,1,1,0
64588,3.288,99.90,326.00,1,1,0
64590,3.284,94.10,310.00,1,1,0
64603,3.284,99.10,326.00,1,1,0
64606,3.288,99.80,328.00,1,1,0
64608,3.288,96.60,328.00,1,1,0
64611,3.284,98.50,323.00,1,1,0
64613,3.284,98.70,324.00,1,1,0
64615,3.284,99.00,324.00,1,1,0
64618,3.284,99.60,328.00,1,1,0
64620,3.288,91.00,298.00,1,1,0
64623,3.284,98.60,323.00,1,1,0
64625,3.284,99.00,336.00,1,1,0
64628,3.284,99.70,328.00,1,1,0
64630,3.288,99.20,326.00,1,1,0
64633,3.284,98.80,324.00,1,1,0
64635,3.284,106.10,349.00,1,0,1
64652,3.284,90.50,297.00,1,1,0
64655,3.280,93.60,308.00,1,1,0
64657,3.284,98.40,323.00,1,1,0
64660,3.284,99.50,326.00,1,1,0
64662,3.288,98.90,324.00,1,1,0
64665,3.284,98.60,324.00,1,1,0
64667,3.284,100.80,331.00,1,1,0
64670,3.284,98.80,324.00,1,1,0
64672,3.284,98.70,328.00,1,1,0
64674,3.288,99.40,326.00,1,1,0
64677,3.284,99.30,326.00,1,1,0
64679,3.284,99.30,326.00,1,1,0
64682,3.284,99.20,326.00,1,1,0
64684,3.284,100.50,329.00,1,1,0
64697,3.268,99.40,326.00,1,1,0
64699,3.284,99.50,326.00,1,1,0
64702,3.284,90.40,297.00,1,1,0
64704,3.280,97.00,318.00,1,1,0
64707,3.284,93.00,305.00,1,1,0
64709,3.284,99.00,326.00,1,1,0
64712,3.288,99.70,328.00,1,1,0
64714,3.284,100.00,328.00,1,1,0
64717,3.284,100.00,328.00,1,1,0
64719,3.284,99.10,326.00,1,1,0
64722,3.284,99.20,326.00,1,1,0
64724,3.284,98.80,324.00,1,1,0
64727,3.284,95.20,313.00,1,1,0
64729,3.284,99.40,326.00,1,1,0
64742,3.288,99.30,326.00,1,1,0
64744,3.284,99.20,326.00,1,0,1
64747,3.280,99.10,324.00,1,0,1
64749,3.284,99.90,328.00,1,1,0
64752,3.276,94.10,308.00,1,1,0
64754,3.284,98.90,324.00,1,1,0
64757,3.280,94.40,310.00,1,1,0
64759,3.284,99.10,326.00,1,1,0
64762,3.284,99.10,323.00,1,1,0
64764,3.284,99.50,326.00,1,1,0
64767,3.284,93.80,308.00,1,1,0
64769,3.284,90.50,298.00,1,1,0
64771,3.280,90.40,297.00,1,1,0
64774,3.284,91.40,300.00,1,1,0
64787,3.284,99.00,324.00,1,1,0
64789,3.284,99.30,324.00,1,1,0
64792,3.284,99.70,329.00,1,1,0
64794,3.288,98.70,324.00,1,1,0
64796,3.284,98.80,324.00,1,1,0
64799,3.284,90.30,298.00,1,0,1
64801,3.284,93.90,308.00,1,0,1
64804,3.284,90.60,298.00,1,1,0
64806,3.280,101.10,297.00,1,1,0
64809,3.284,90.60,298.00,1,1,0
64811,3.284,91.00,298.00,1,1,0
64814,3.284,110.50,310.00,1,1,0
64816,3.284,94.10,310.00,1,1,0
64819,3.208,121.30,396.00,1,1,0
64831,3.284,98.90,324.00,1,1,0
64834,3.284,98.40,326.00,1,1,0
64836,3.284,98.70,324.00,1,1,0
64839,3.284,99.20,326.00,1,1,0
64841,3.284,98.70,324.00,1,1,0
64844,3.284,98.80,324.00,1,1,0
64846,3.284,99.10,326.00,1,1,0
64849,3.284,98.60,324.00,1,1,0
64851,3.284,98.90,324.00,1,1,0
64854,3.280,99.00,324.00,1,0,1
64856,3.272,99.60,328.00,1,0,1
64859,3.284,100.40,311.00,1,1,0
64861,3.280,99.60,328.00,1,1,0
64864,3.284,94.00,308.00,1,1,0
64876,3.288,99.30,326.00,1,1,0
64879,3.284,99.30,326.00,1,1,0
64881,3.284,99.00,324.00,1,1,0
64884,3.284,98.80,324.00,1,1,0
64886,3.284,98.90,326.00,1,1,0
64889,3.284,102.50,336.00,1,1,0
64891,3.284,97.60,321.00,1,1,0
64894,3.288,98.60,323.00,1,1,0
64896,3.284,99.50,326.00,1,1,0
64898,3.284,100.10,329.00,1,1,0
64901,3.284,99.60,328.00,1,1,0
64903,3.288,99.20,297.00,1,1,0
64906,3.284,94.20,310.00,1,1,0
64908,3.284,98.50,323.00,1,1,0
64921,3.284,100.40,329.00,1,1,0
64923,3.284,99.30,336.00,1,1,0
64926,3.284,99.40,326.00,1,1,0
64928,3.284,97.90,321.00,1,1,0
64931,3.284,99.20,324.00,1,1,0
64933,3.284,99.30,326.00,1,1,0
64936,3.284,98.70,324.00,1,1,0
64938,3.284,99.30,324.00,1,1,0
64941,3.284,98.50,323.00,1,1,0
64943,3.284,98.80,324.00,1,1,0
64946,3.288,99.40,326.00,1,1,0
64948,3.288,98.60,324.00,1,1,0
64951,3.288,98.70,324.00,1,1,0
64953,3.288,99.00,324.00,1,1,0
64966,3.284,100.70,329.00,1,0,1
64968,3.284,99.50,433.00,1,0,1
64971,3.284,99.50,326.00,1,1,0
64973,3.260,94.00,308.00,1,1,0
64976,3.284,98.80,323.00,1,1,0
64978,3.284,99.00,324.00,1,1,0
64981,3.284,99.60,328.00,1,1,0
64983,3.284,99.90,326.00,1,1,0
64986,3.284,99.30,326.00,1,1,0
64988,3.284,99.70,328.00,1,1,0
64991,3.284,99.20,324.00,1,1,0
64993,3.284,98.80,324.00,1,1,0
64995,3.284,99.20,326.00,1,1,0
64998,3.284,100.30,323.00,1,1,0
65011,3.284,98.40,323.00,1,1,0
65013,3.284,100.20,328.00,1,1,0
65016,3.284,99.10,326.00,1,1,0
65018,3.284,99.30,326.00,1,1,0
65020,3.284,99.60,326.00,1,0,1
65023,3.284,98.60,324.00,1,0,1
65025,3.280,99.10,326.00,1,1,0
65028,3.284,111.20,324.00,1,1,0
65030,3.272,100.90,331.00,1,1,0
65033,3.284,99.70,328.00,1,1,0
65035,3.284,98.80,326.00,1,1,0
65038,3.284,99.70,328.00,1,1,0
65040,3.284,99.00,324.00,1,1,0
65043,3.284,98.40,324.00,1,1,0
65055,3.284,99.20,326.00,1,1,0
65058,3.284,98.50,324.00,1,1,0
65060,3.284,99.10,326.00,1,1,0
65063,3.284,100.90,331.00,1,1,0
65065,3.280,93.80,324.00,1,1,0
65068,3.288,99.30,326.00,1,1,0
65070,3.284,98.90,324.00,1,1,0
65073,3.284,98.90,323.00,1,1,0
65075,3.284,99.00,324.00,1,1,0
65078,3.284,105.20,346.00,1,0,1
65080,3.288,99.00,429.00,1,0,1
65083,3.284,129.30,424.00,1,1,0
65085,3.284,98.70,324.00,1,1,0
65088,3.284,99.50,324.00,1,1,0
65100,3.288,99.10,324.00,1,1,0
65103,3.284,99.50,326.00,1,1,0
65105,3.284,97.80,321.00,1,1,0
65108,3.280,95.20,313.00,1,1,0
65110,3.284,90.20,297.00,1,1,0
65113,3.284,98.90,324.00,1,1,0
65115,3.284,100.10,329.00,1,1,0
65117,3.284,99.40,324.00,1,1,0
65120,3.284,98.60,324.00,1,1,0
65122,3.284,99.00,324.00,1,1,0
65125,3.284,99.40,326.00,1,1,0
65127,3.284,99.20,326.00,1,1,0
65130,3.288,99.30,326.00,1,1,0
65132,3.284,98.60,324.00,1,0,1
65145,3.284,99.00,324.00,1,1,0
65147,3.284,98.90,324.00,1,1,0
65150,3.284,98.80,324.00,1,1,0
65152,3.284,99.00,328.00,1,1,0
65155,3.288,99.00,324.00,1,1,0
65157,3.284,98.90,324.00,1,1,0
65160,3.284,99.90,328.00,1,1,0
65162,3.284,98.70,324.00,1,1,0
65165,3.284,100.90,331.00,1,1,0
65167,3.284,95.10,313.00,1,1,0
65170,3.288,98.90,324.00,1,1,0
65172,3.284,98.80,324.00,1,1,0
65175,3.284,98.70,324.00,1,1,0
65177,3.284,98.70,324.00,1,1,0
65190,3.284,98.90,421.00,1,0,1
65192,3.284,131.70,433.00,1,1,0
65195,3.280,99.10,326.00,1,1,0
65197,3.284,98.60,324.00,1,1,0
65200,3.284,98.70,324.00,1,1,0
65202,3.284,98.70,324.00,1,1,0
65205,3.284,99.30,324.00,1,1,0
65207,3.284,98.50,324.00,1,1,0
65210,3.288,98.70,324.00,1,1,0
65212,3.284,90.20,297.00,1,1,0
65214,3.284,98.40,329.00,1,1,0
65217,3.284,99.50,328.00,1,1,0
65219,3.284,98.80,324.00,1,1,0
65222,3.284,99.20,319.00,1,1,0
65235,3.284,98.50,324.00,1,1,0
65237,3.284,99.00,324.00,1,1,0
65240,3.284,99.40,326.00,1,1,0
65242,3.284,99.20,333.00,1,0,1
65244,3.288,99.00,324.00,1,0,1
65247,3.284,99.00,323.00,1,1,0
65249,3.280,99.50,324.00,1,1,0
65252,3.288,99.20,326.00,1,1,0
65254,3.288,99.30,326.00,1,1,0
65257,3.284,99.20,326.00,1,1,0
65259,3.284,99.40,326.00,1,1,0
65262,3.288,98.40,323.00,1,1,0
65264,3.284,98.50,323.00,1,1,0
65267,3.284,98.70,328.00,1,1,0
65279,3.288,98.60,324.00,1,1,0
65282,3.284,99.30,326.00,1,1,0
65284,3.284,99.20,326.00,1,1,0
65287,3.284,98.80,324.00,1,1,0
65289,3.284,99.00,324.00,1,1,0
65292,3.284,98.90,324.00,1,1,0
65294,3.284,99.00,323.00,1,1,0
65297,3.288,99.50,326.00,1,0,1
65299,3.288,131.60,433.00,1,0,1
65302,3.284,99.30,347.00,1,1,0
65304,3.260,100.40,329.00,1,1,0
65307,3.288,101.30,333.00,1,1,0
65309,3.288,102.00,334.00,1,1,0
65322,3.288,98.50,324.00,1,1,0
65324,3.284,98.90,324.00,1,1,0
65327,3.284,99.10,326.00,1,1,0
65329,3.284,98.90,324.00,1,1,0
65332,3.284,97.70,326.00,1,1,0
65334,3.284,99.00,324.00,1,1,0
65337,3.284,98.90,324.00,1,1,0
65339,3.288,99.00,329.00,1,1,0
65341,3.284,98.60,324.00,1,1,0
65344,3.288,98.80,324.00,1,1,0
65346,3.284,98.60,324.00,1,1,0
65349,3.284,98.80,324.00,1,1,0
65351,3.284,99.20,326.00,1,0,1
65354,3.288,99.10,331.00,1,0,1
65367,3.284,97.60,321.00,1,1,0
65369,3.288,99.00,324.00,1,1,0
65371,3.280,93.70,308.00,1,1,0
65374,3.272,98.60,324.00,1,1,0
65376,3.288,98.40,319.00,1,1,0
65379,3.284,98.90,324.00,1,1,0
65381,3.288,99.00,324.00,1,1,0
65384,3.288,99.00,324.00,1,1,0
65386,3.284,100.00,329.00,1,1,0
65389,3.288,98.80,324.00,1,1,0
65391,3.284,98.90,324.00,1,1,0
65394,3.284,97.70,321.00,1,1,0
65396,3.284,98.70,324.00,1,1,0
65399,3.288,100.40,328.00,1,1,0
65411,3.288,99.10,329.00,1,1,0
65414,3.264,101.60,334.00,1,1,0
65416,3.284,90.50,297.00,1,1,0
65419,3.284,96.50,324.00,1,1,0
65421,3.288,99.10,326.00,1,1,0
65424,3.284,98.40,323.00,1,1,0
65426,3.288,98.40,323.00,1,1,0
65429,3.288,99.00,326.00,1,1,0
65431,3.288,99.40,326.00,1,1,0
65434,3.284,98.80,324.00,1,1,0
65436,3.276,99.20,326.00,1,1,0
65439,3.284,98.70,324.00,1,1,0
65441,3.284,98.40,323.00,1,1,0
65443,3.284,99.00,323.00,1,1,0
65456,3.284,98.90,323.00,1,1,0
65459,3.284,98.60,324.00,1,1,0
65461,3.284,98.80,324.00,1,0,1
65464,3.280,99.20,336.00,1,0,1
65466,3.272,99.20,326.00,1,1,0
65468,3.284,94.00,308.00,1,1,0
65471,3.284,101.30,333.00,1,1,0
65473,3.272,98.90,311.00,1,1,0
65476,3.284,98.60,324.00,1,1,0
65478,3.284,98.80,324.00,1,1,0
65481,3.284,99.60,324.00,1,1,0
65483,3.284,98.80,324.00,1,1,0
65486,3.284,98.60,324.00,1,1,0
65488,3.284,99.00,323.00,1,1,0
65501,3.284,99.00,324.00,1,1,0
65503,3.284,98.60,324.00,1,1,0
65506,3.284,98.50,323.00,1,1,0
65508,3.284,98.60,326.00,1,1,0
65511,3.284,98.80,324.00,1,1,0
65513,3.284,99.00,324.00,1,1,0
65516,3.288,99.30,328.00,1,0,1
65518,3.284,90.30,297.00,1,0,1
65521,3.284,125.90,413.00,1,1,0
65523,3.272,131.60,318.00,1,1,0
65526,3.284,100.60,331.00,1,1,0
65528,3.288,98.80,324.00,1,1,0
65531,3.288,98.70,324.00,1,1,0
65533,3.284,99.50,326.00,1,1,0
65546,3.284,99.10,324.00,1,1,0
65548,3.284,98.80,324.00,1,1,0
65551,3.284,98.50,324.00,1,1,0
65553,3.288,98.80,324.00,1,1,0
65556,3.284,98.50,323.00,1,1,0
65558,3.284,97.80,321.00,1,1,0
65561,3.284,99.10,323.00,1,1,0
65563,3.284,98.90,324.00,1,1,0
65565,3.288,98.60,324.00,1,1,0
65568,3.284,99.00,324.00,1,1,0
65570,3.288,98.60,324.00,1,0,1
65573,3.288,98.80,324.00,1,0,1
65575,3.260,100.20,329.00,1,0,1
65578,3.304,65.10,383.00,1,1,0
65590,3.284,98.90,326.00,1,1,0
65593,3.284,98.80,324.00,1,1,0
65595,3.284,99.10,326.00,1,1,0
65598,3.284,98.70,318.00,1,1,0
65600,3.284,98.90,324.00,1,1,0
65603,3.284,99.30,326.00,1,1,0
65605,3.284,98.80,326.00,1,1,0
65608,3.284,99.30,326.00,1,1,0
65610,3.284,98.90,324.00,1,1,0
65613,3.284,99.20,319.00,1,1,0
65615,3.284,99.10,326.00,1,1,0
65618,3.284,99.30,326.00,1,1,0
65620,3.288,99.10,297.00,1,1,0
65623,3.284,98.20,323.00,1,1,0
65635,3.288,97.30,326.00,1,0,1
65638,3.288,62.50,206.00,1,1,0
65640,3.288,116.80,383.00,1,1,0
65643,3.284,99.00,326.00,1,1,0
65645,3.284,98.60,324.00,1,1,0
65648,3.284,98.40,323.00,1,1,0
65650,3.284,98.70,324.00,1,1,0
65653,3.284,98.80,324.00,1,1,0
65655,3.288,99.60,328.00,1,1,0
65658,3.284,100.50,324.00,1,1,0
65660,3.284,98.90,324.00,1,1,0
65662,3.284,98.80,324.00,1,1,0
65665,3.284,99.00,324.00,1,1,0
65667,3.284,98.90,324.00,1,1,0
65680,3.284,98.60,323.00,1,1,0
65683,3.284,98.60,324.00,1,1,0
65685,3.284,98.90,324.00,1,1,0
65687,3.284,98.70,326.00,1,0,1
65690,3.276,98.90,324.00,1,0,1
65692,3.284,99.30,326.00,1,1,0
65695,3.260,94.00,324.00,1,1,0
65697,3.284,99.50,326.00,1,1,0
65700,3.284,97.30,319.00,1,1,0
65702,3.284,98.60,324.00,1,1,0
65705,3.284,99.10,326.00,1,1,0
65707,3.284,97.60,321.00,1,1,0
65710,3.284,98.60,324.00,1,1,0
65712,3.284,98.40,323.00,1,1,0
65725,3.284,96.30,316.00,1,1,0
65727,3.284,99.20,326.00,1,1,0
65730,3.288,98.70,324.00,1,1,0
65732,3.280,99.20,326.00,1,1,0
65735,3.284,99.50,326.00,1,1,0
65737,3.288,99.50,328.00,1,1,0
65740,3.288,99.30,326.00,1,1,0
65742,3.284,99.00,324.00,1,0,1
65745,3.284,98.90,324.00,1,0,1
65747,3.264,98.90,323.00,1,1,0
65750,3.280,94.00,308.00,1,1,0
65752,3.284,99.80,328.00,1,1,0
65755,3.284,97.00,326.00,1,1,0
65757,3.288,98.60,324.00,1,1,0
65770,3.288,99.60,328.00,1,1,0
65772,3.284,99.10,326.00,1,1,0
65775,3.288,99.20,326.00,1,1,0
65777,3.288,99.70,328.00,1,1,0
65780,3.288,102.10,336.00,1,1,0
65782,3.284,93.80,308.00,1,1,0
65784,3.284,98.90,324.00,1,1,0
65787,3.284,99.00,324.00,1,1,0
65789,3.284,98.90,324.00,1,1,0
65792,3.284,98.80,324.00,1,1,0
65794,3.284,98.80,324.00,1,1,0
65797,3.284,98.80,324.00,1,0,1
65799,3.272,99.20,323.00,1,0,1
65802,3.260,99.10,326.00,1,1,0
65814,3.284,98.80,324.00,1,1,0
65817,3.284,98.60,324.00,1,1,0
65819,3.284,98.90,328.00,1,1,0
65822,3.288,99.50,326.00,1,1,0
65824,3.284,98.90,324.00,1,1,0
65827,3.280,90.70,308.00,1,1,0
65829,3.284,98.40,323.00,1,1,0
65832,3.284,101.80,334.00,1,1,0
65834,3.284,98.80,324.00,1,1,0
65837,3.284,98.70,324.00,1,1,0
65839,3.284,99.80,328.00,1,1,0
65842,3.284,99.60,328.00,1,1,0
65844,3.284,98.70,324.00,1,1,0
65847,3.284,99.20,326.00,1,1,0
65859,3.284,129.10,423.00,1,1,0
65862,3.284,99.10,326.00,1,1,0
65864,3.284,98.80,326.00,1,1,0
65867,3.284,99.50,326.00,1,1,0
65869,3.284,99.60,328.00,1,1,0
65872,3.284,98.90,328.00,1,1,0
65874,3.284,98.60,324.00,1,1,0
65877,3.284,98.40,323.00,1,1,0
65879,3.284,98.70,324.00,1,1,0
65881,3.284,100.50,329.00,1,1,0
65884,3.284,97.30,319.00,1,1,0
65886,3.284,99.20,326.00,1,1,0
65889,3.284,98.60,324.00,1,1,0
65891,3.284,99.10,326.00,1,1,0
65904,3.284,98.80,324.00,1,1,0
65907,3.284,98.90,324.00,1,1,0
65909,3.284,98.80,339.00,1,0,1
65911,3.284,132.30,434.00,1,0,1
65914,3.284,99.20,324.00,1,1,0
65916,3.252,97.20,313.00,1,1,0
65919,3.280,98.80,324.00,1,1,0
65921,3.284,98.70,324.00,1,1,0
65924,3.284,98.10,331.00,1,1,0
65926,3.288,99.30,326.00,1,1,0
65929,3.284,90.30,297.00,1,1,0
65931,3.284,98.70,324.00,1,1,0
65934,3.284,104.20,342.00,1,1,0
65936,3.284,98.90,324.00,1,1,0
65949,3.284,98.90,324.00,1,1,0
65951,3.284,98.80,324.00,1,1,0
65954,3.284,99.70,326.00,1,1,0
65956,3.284,98.50,323.00,1,1,0
65959,3.284,98.80,324.00,1,1,0
65961,3.284,99.00,324.00,1,1,0
65964,3.284,98.90,324.00,1,0,1
65966,3.276,98.90,324.00,1,0,1
65969,3.268,101.40,326.00,1,1,0
65971,3.288,138.00,454.00,1,1,0
65974,3.280,98.90,324.00,1,1,0
65976,3.284,98.90,324.00,1,1,0
65978,3.288,99.40,326.00,1,1,0
65981,3.288,99.10,326.00,1,1,0
65994,3.284,99.00,324.00,1,1,0
65996,3.284,98.70,324.00,1,1,0
65999,3.284,98.70,324.00,1,1,0
66001,3.284,98.70,324.00,1,1,0
66003,3.284,99.60,328.00,1,1,0
66006,3.288,98.70,324.00,1,1,0
66008,3.284,99.40,326.00,1,1,0
66011,3.284,98.50,323.00,1,1,0
66013,3.284,102.30,328.00,1,1,0
66016,3.284,98.60,324.00,1,1,0
66018,3.284,98.70,324.00,1,1,0
66021,3.284,98.80,351.00,1,0,1
66023,3.288,132.00,434.00,1,0,1
66026,3.284,99.40,326.00,1,1,0
66038,3.288,99.90,328.00,1,1,0
66041,3.284,99.00,326.00,1,1,0
66043,3.284,99.00,329.00,1,1,0
66046,3.288,98.80,324.00,1,1,0
66048,3.288,99.30,326.00,1,1,0
66051,3.288,98.50,326.00,1,1,0
66053,3.284,98.70,324.00,1,1,0
66056,3.284,99.40,326.00,1,1,0
66058,3.284,99.60,328.00,1,1,0
66061,3.284,97.80,321.00,1,1,0
66063,3.284,98.40,323.00,1,1,0
66066,3.284,99.30,324.00,1,1,0
66068,3.284,98.60,324.00,1,1,0
66071,3.284,99.40,326.00,1,1,0
66083,3.260,94.00,308.00,1,1,0
66086,3.288,98.90,331.00,1,1,0
66088,3.288,94.30,310.00,1,1,0
66091,3.284,98.80,324.00,1,1,0
66093,3.284,98.70,324.00,1,1,0
66096,3.288,101.30,338.00,1,1,0
66098,3.288,99.50,328.00,1,1,0
66101,3.284,98.60,324.00,1,1,0
66103,3.288,99.50,328.00,1,1,0
66105,3.288,100.70,331.00,1,1,0
66108,3.284,99.10,326.00,1,1,0
66110,3.284,98.90,324.00,1,1,0
66113,3.284,98.50,324.00,1,1,0
66115,3.288,99.10,326.00,1,1,0
66128,3.288,99.70,328.00,1,1,0
66130,3.284,98.10,326.00,1,0,1
66133,3.284,90.80,298.00,1,0,1
66135,3.268,101.20,333.00,1,1,0
66138,3.280,114.50,390.00,1,1,0
66140,3.284,98.90,324.00,1,1,0
66143,3.284,98.90,324.00,1,1,0
66145,3.284,98.50,324.00,1,1,0
66148,3.288,99.80,336.00,1,1,0
66150,3.284,98.70,324.00,1,1,0
66153,3.284,100.50,329.00,1,1,0
66155,3.284,99.60,318.00,1,1,0
66158,3.284,97.60,321.00,1,1,0
66160,3.284,97.60,321.00,1,1,0
66173,3.288,99.20,326.00,1,1,0
66175,3.284,98.60,324.00,1,1,0
66178,3.284,101.20,333.00,1,1,0
66180,3.284,98.40,323.00,1,1,0
66183,3.284,98.90,333.00,1,1,0
66185,3.288,98.60,324.00,1,1,0
66188,3.280,101.00,333.00,1,0,1
66190,3.280,95.00,306.00,1,0,1
66193,3.264,105.30,342.00,1,1,0
66195,3.256,94.20,310.00,1,1,0
66198,3.284,100.70,331.00,1,1,0
66200,3.284,98.80,324.00,1,1,0
66202,3.284,98.50,323.00,1,1,0
66215,3.288,99.30,326.00,1,1,0
66218,3.284,98.70,324.00,1,1,0
66220,3.284,99.10,329.00,1,1,0
66223,3.284,98.80,324.00,1,1,0
66225,3.284,99.50,326.00,1,1,0
66228,3.280,103.30,324.00,1,1,0
66230,3.284,99.00,324.00,1,1,0
66232,3.284,99.70,328.00,1,1,0
66235,3.284,96.00,297.00,1,1,0
66237,3.284,99.00,324.00,1,1,0
66240,3.284,98.80,324.00,1,1,0
66242,3.284,98.30,329.00,1,0,1
66245,3.268,98.80,323.00,1,0,1
66247,3.272,98.20,323.00,1,1,0
66260,3.284,98.80,324.00,1,1,0
66262,3.284,98.70,324.00,1,1,0
66265,3.284,98.90,326.00,1,1,0
66267,3.284,99.20,326.00,1,1,0
66270,3.284,99.30,326.00,1,1,0
66272,3.284,98.70,324.00,1,1,0
66275,3.284,99.00,326.00,1,1,0
66277,3.284,99.80,328.00,1,1,0
66280,3.288,99.00,324.00,1,1,0
66282,3.284,98.80,324.00,1,1,0
66285,3.284,98.70,324.00,1,1,0
66287,3.288,98.60,331.00,1,1,0
66290,3.284,98.40,323.00,1,1,0
66292,3.284,98.70,324.00,1,1,0
66305,3.276,96.30,316.00,1,1,0
66307,3.280,99.60,328.00,1,1,0
66310,3.284,98.60,331.00,1,1,0
66312,3.284,99.10,326.00,1,1,0
66315,3.284,99.10,326.00,1,1,0
66317,3.284,99.20,324.00,1,1,0
66320,3.284,98.80,324.00,1,1,0
66322,3.288,98.40,323.00,1,1,0
66325,3.284,97.80,324.00,1,1,0
66327,3.284,98.90,324.00,1,1,0
66329,3.284,99.20,326.00,1,1,0
66332,3.284,99.10,326.00,1,1,0
66334,3.284,99.80,328.00,1,1,0
66337,3.284,98.20,323.00,1,1,0
66350,3.280,100.10,329.00,1,1,0
66352,3.284,100.50,326.00,1,0,1
66354,3.276,102.10,334.00,1,0,1
66357,3.276,98.80,324.00,1,1,0
66359,3.260,99.70,328.00,1,1,0
66362,3.276,93.90,326.00,1,1,0
66364,3.284,102.60,338.00,1,1,0
66367,3.284,98.80,324.00,1,1,0
66369,3.288,98.60,324.00,1,1,0
66372,3.284,98.40,323.00,1,1,0
66374,3.284,99.20,326.00,1,1,0
66377,3.284,98.40,326.00,1,1,0
66379,3.284,99.50,326.00,1,1,0
66392,3.284,98.70,324.00,1,1,0
66394,3.280,98.30,323.00,1,1,0
66397,3.280,98.90,324.00,1,1,0
66399,3.284,99.00,326.00,1,1,0
66402,3.284,99.30,326.00,1,1,0
66404,3.284,98.70,324.00,1,1,0
66407,3.284,99.50,326.00,1,0,1
66409,3.284,99.50,328.00,1,0,1
66412,3.284,99.00,326.00,1,1,0
66414,3.284,130.00,428.00,1,1,0
66417,3.284,99.80,328.00,1,1,0
66419,3.288,99.40,326.00,1,1,0
66422,3.284,98.50,324.00,1,1,0
66424,3.284,99.40,326.00,1,1,0
66437,3.284,99.80,328.00,1,1,0
66439,3.284,99.30,326.00,1,1,0
66442,3.284,90.40,324.00,1,1,0
66444,3.284,98.70,324.00,1,1,0
66447,3.284,99.20,326.00,1,1,0
66449,3.284,98.60,326.00,1,1,0
66452,3.288,98.80,324.00,1,1,0
66454,3.280,100.40,329.00,1,1,0
66456,3.284,98.60,323.00,1,1,0
66459,3.284,98.00,321.00,1,1,0
66461,3.284,99.10,326.00,1,1,0
66464,3.284,92.20,326.00,1,0,1
66466,3.284,99.20,329.00,1,0,1
66469,3.288,98.70,323.00,1,1,0
66481,3.284,98.80,324.00,1,1,0
66484,3.284,99.00,324.00,1,1,0
66486,3.284,99.00,324.00,1,1,0
66489,3.284,100.30,329.00,1,1,0
66491,3.284,99.60,328.00,1,1,0
66494,3.280,99.70,338.00,1,1,0
66496,3.284,98.90,324.00,1,1,0
66499,3.284,93.90,306.00,1,1,0
66501,3.284,98.60,324.00,1,1,0
66504,3.284,99.40,326.00,1,1,0
66506,3.284,98.80,324.00,1,1,0
66509,3.284,98.90,324.00,1,1,0
66511,3.284,98.80,324.00,1,1,0
66514,3.284,98.40,323.00,1,1,0
66526,3.284,96.70,318.00,1,1,0
66529,3.280,98.90,324.00,1,1,0
66531,3.284,98.90,324.00,1,1,0
66534,3.284,98.40,323.00,1,1,0
66536,3.284,98.50,323.00,1,1,0
66539,3.284,98.90,328.00,1,1,0
66541,3.284,99.50,326.00,1,1,0
66544,3.284,90.20,297.00,1,1,0
66546,3.284,98.60,324.00,1,1,0
66549,3.288,99.20,326.00,1,1,0
66551,3.284,98.70,324.00,1,1,0
66553,3.288,99.00,323.00,1,1,0
66556,3.288,99.20,326.00,1,1,0
66558,3.288,98.40,323.00,1,1,0
66571,3.284,99.00,326.00,1,1,0
66574,3.284,99.00,324.00,1,0,1
66576,3.284,106.40,323.00,1,0,1
66578,3.284,98.60,324.00,1,1,0
66581,3.276,103.00,334.00,1,1,0
66583,3.284,95.20,311.00,1,1,0
66586,3.288,98.20,323.00,1,1,0
66588,3.288,99.10,326.00,1,1,0
66591,3.288,98.90,324.00,1,1,0
66593,3.288,100.60,331.00,1,1,0
66596,3.284,97.30,319.00,1,1,0
66598,3.288,98.70,328.00,1,1,0
66601,3.284,97.40,319.00,1,1,0
66603,3.284,99.10,326.00,1,1,0
66616,3.280,98.70,324.00,1,1,0
66618,3.284,99.10,324.00,1,1,0
66621,3.284,99.40,334.00,1,1,0
66623,3.284,98.80,324.00,1,1,0
66626,3.284,98.80,324.00,1,1,0
66628,3.284,102.90,334.00,1,1,0
66631,3.284,98.70,323.00,1,0,1
66633,3.284,98.80,323.00,1,0,1
66636,3.284,99.30,329.00,1,1,0
66638,3.256,100.00,328.00,1,1,0
66641,3.284,99.40,326.00,1,1,0
66643,3.288,99.50,326.00,1,1,0
66646,3.284,90.30,297.00,1,1,0
66648,3.284,99.40,326.00,1,1,0
66665,3.284,99.10,326.00,1,1,0
66668,3.288,99.50,324.00,1,1,0
66670,3.284,99.70,328.00,1,1,0
66673,3.284,94.80,311.00,1,1,0
66675,3.284,102.60,324.00,1,1,0
66678,3.288,99.30,326.00,1,1,0
66680,3.284,98.50,323.00,1,1,0
66683,3.288,98.80,334.00,1,1,0
66685,3.284,100.10,329.00,1,0,1
66687,3.284,99.40,326.00,1,0,1
66690,3.284,99.20,324.00,1,1,0
66692,3.280,93.90,308.00,1,1,0
66695,3.284,99.50,326.00,1,1,0
66697,3.284,99.50,324.00,1,1,0
66710,3.284,98.90,324.00,1,1,0
66712,3.284,96.80,318.00,1,1,0
66715,3.288,101.30,333.00,1,1,0
66717,3.284,99.20,326.00,1,1,0
66720,3.288,98.70,324.00,1,1,0
66722,3.284,99.80,328.00,1,1,0
66725,3.284,98.80,324.00,1,1,0
66727,3.284,98.70,324.00,1,1,0
66730,3.284,98.40,323.00,1,1,0
66732,3.284,99.70,328.00,1,1,0
66735,3.288,98.90,324.00,1,1,0
66737,3.284,99.50,326.00,1,1,0
66740,3.288,98.60,324.00,1,0,1
66742,3.280,101.90,323.00,1,0,1
66755,3.284,98.60,324.00,1,1,0
66757,3.288,98.50,324.00,1,1,0
66760,3.284,99.30,326.00,1,1,0
66762,3.288,100.50,334.00,1,1,0
66765,3.284,98.90,324.00,1,1,0
66767,3.284,98.90,324.00,1,1,0
66770,3.284,99.30,324.00,1,1,0
66772,3.288,102.80,333.00,1,1,0
66775,3.288,99.40,326.00,1,1,0
66777,3.288,99.80,328.00,1,1,0
66780,3.284,98.60,324.00,1,1,0
66782,3.284,98.90,324.00,1,1,0
66784,3.284,99.90,328.00,1,1,0
66787,3.288,97.90,326.00,1,1,0
66800,3.284,99.20,324.00,1,1,0
66802,3.272,137.30,451.00,1,1,0
66805,3.280,96.20,316.00,1,1,0
66807,3.284,98.50,336.00,1,1,0
66809,3.288,101.50,333.00,1,1,0
66812,3.284,99.00,324.00,1,1,0
66814,3.284,100.90,324.00,1,1,0
66817,3.288,98.60,324.00,1,1,0
66819,3.284,98.30,323.00,1,1,0
66822,3.288,97.80,321.00,1,1,0
66824,3.288,98.80,323.00,1,1,0
66827,3.280,99.60,328.00,1,1,0
66829,3.284,99.40,326.00,1,1,0
66832,3.284,99.10,323.00,1,1,0
66844,3.284,98.50,326.00,1,1,0
66847,3.288,99.20,326.00,1,1,0
66849,3.288,90.50,297.00,1,1,0
66852,3.284,91.00,349.00,1,0,1
66854,3.284,131.60,433.00,1,0,1
66857,3.288,99.20,324.00,1,1,0
66859,3.280,93.90,329.00,1,1,0
66862,3.284,99.70,328.00,1,1,0
66864,3.284,99.10,326.00,1,1,0
66867,3.288,102.00,329.00,1,1,0
66869,3.288,98.60,324.00,1,1,0
66872,3.284,99.00,324.00,1,1,0
66874,3.284,98.20,326.00,1,1,0
66877,3.288,98.90,324.00,1,1,0
66889,3.284,99.50,328.00,1,1,0
66892,3.284,99.30,326.00,1,1,0
66894,3.288,99.20,326.00,1,1,0
66897,3.284,99.00,329.00,1,1,0
66899,3.288,99.40,326.00,1,1,0
66902,3.284,98.70,324.00,1,1,0
66904,3.284,99.00,326.00,1,1,0
66906,3.284,93.70,306.00,1,0,1
66909,3.284,98.70,323.00,1,0,1
66911,3.284,99.00,326.00,1,1,0
66914,3.256,99.00,324.00,1,1,0
66916,3.284,99.40,326.00,1,1,0
66919,3.288,99.10,326.00,1,1,0
66921,3.288,100.40,329.00,1,1,0
66934,3.288,99.20,326.00,1,1,0
66936,3.284,99.50,328.00,1,1,0
66939,3.288,99.30,326.00,1,1,0
66941,3.284,99.40,324.00,1,1,0
66944,3.284,98.70,324.00,1,1,0
66946,3.284,99.30,326.00,1,1,0
66949,3.284,98.40,321.00,1,1,0
66951,3.288,92.70,305.00,1,1,0
66954,3.284,90.60,298.00,1,1,0
66956,3.284,98.90,324.00,1,1,0
66959,3.284,98.70,324.00,1,1,0
66961,3.284,98.50,323.00,1,0,1
66964,3.284,98.70,431.00,1,0,1
66966,3.284,99.30,326.00,1,1,0
66979,3.284,99.20,324.00,1,1,0
66981,3.284,98.60,324.00,1,1,0
66984,3.284,99.00,324.00,1,1,0
66986,3.284,98.10,329.00,1,1,0
66989,3.284,99.60,328.00,1,1,0
66991,3.284,99.30,326.00,1,1,0
66994,3.288,99.00,324.00,1,1,0
66996,3.288,98.80,324.00,1,1,0
66999,3.284,98.80,324.00,1,1,0
67001,3.284,99.20,326.00,1,1,0
67003,3.284,98.80,324.00,1,1,0
67006,3.284,98.90,324.00,1,1,0
67008,3.288,99.90,319.00,1,1,0
67011,3.284,98.60,324.00,1,1,0
67024,3.284,125.80,413.00,1,1,0
67026,3.284,99.30,326.00,1,1,0
67029,3.284,98.60,324.00,1,1,0
67031,3.284,98.70,326.00,1,1,0
67033,3.280,99.60,328.00,1,1,0
67036,3.284,99.00,324.00,1,1,0
67038,3.284,99.30,324.00,1,1,0
67041,3.284,98.70,324.00,1,1,0
67043,3.284,98.90,324.00,1,1,0
67046,3.284,98.80,326.00,1,1,0
67048,3.284,98.50,324.00,1,1,0
67051,3.284,99.10,326.00,1,1,0
67053,3.284,99.10,311.00,1,1,0
67056,3.284,90.20,297.00,1,1,0
67068,3.284,98.70,324.00,1,1,0
67071,3.284,98.80,324.00,1,1,0
67073,3.288,98.50,324.00,1,0,1
67076,3.288,99.40,326.00,1,0,1
67078,3.284,105.20,342.00,1,1,0
67081,3.280,99.10,328.00,1,1,0
67083,3.284,99.90,323.00,1,1,0
67086,3.284,97.10,319.00,1,1,0
67088,3.284,98.70,324.00,1,1,0
67091,3.284,98.60,326.00,1,1,0
67093,3.284,99.20,326.00,1,1,0
67096,3.284,98.80,324.00,1,1,0
67098,3.292,98.80,326.00,1,1,0
67100,3.288,99.90,328.00,1,1,0
67113,3.284,99.00,324.00,1,1,0
67116,3.284,98.40,323.00,1,1,0
67118,3.284,98.70,326.00,1,1,0
67121,3.284,102.10,336.00,1,1,0
67123,3.284,98.70,324.00,1,1,0
67126,3.288,98.40,326.00,1,1,0
67128,3.288,106.50,349.00,1,0,1
67130,3.284,100.80,331.00,1,0,1
67133,3.284,99.80,328.00,1,1,0
67135,3.280,94.10,324.00,1,1,0
67138,3.288,98.50,323.00,1,1,0
67140,3.284,98.70,324.00,1,1,0
67143,3.284,98.90,326.00,1,1,0
67145,3.288,99.20,326.00,1,1,0
67158,3.284,90.20,297.00,1,1,0
67160,3.284,99.50,328.00,1,1,0
67163,3.284,100.80,326.00,1,1,0
67165,3.284,99.30,326.00,1,1,0
67168,3.284,98.70,324.00,1,1,0
67170,3.284,98.10,323.00,1,1,0
67173,3.284,100.60,331.00,1,1,0
67175,3.288,100.60,331.00,1,1,0
67178,3.288,99.00,324.00,1,1,0
67180,3.284,98.90,324.00,1,1,0
67183,3.284,98.60,323.00,1,0,1
67185,3.288,101.20,324.00,1,0,1
67188,3.284,98.70,324.00,1,1,0
67200,3.284,98.80,324.00,1,1,0
67203,3.288,98.80,324.00,1,1,0
67205,3.284,98.60,323.00,1,1,0
67208,3.284,100.30,324.00,1,1,0
67210,3.284,99.00,324.00,1,1,0
67213,3.284,99.90,328.00,1,1,0
67215,3.284,94.40,323.00,1,1,0
67218,3.284,99.00,326.00,1,1,0
67220,3.284,98.80,324.00,1,1,0
67223,3.288,98.70,323.00,1,1,0
67225,3.280,99.60,326.00,1,1,0
67227,3.284,99.10,326.00,1,1,0
67230,3.288,102.10,336.00,1,1,0
67232,3.288,102.50,336.00,1,1,0
67245,3.268,93.90,333.00,1,1,0
67248,3.284,101.90,334.00,1,1,0
67250,3.276,97.00,319.00,1,1,0
67253,3.284,99.20,323.00,1,1,0
67255,3.288,100.00,329.00,1,1,0
67257,3.284,97.60,321.00,1,1,0
67260,3.284,90.30,295.00,1,1,0
67262,3.280,100.80,331.00,1,1,0
67265,3.288,99.60,328.00,1,1,0
67267,3.288,99.30,324.00,1,1,0
67270,3.288,98.60,324.00,1,1,0
67272,3.284,98.90,324.00,1,1,0
67275,3.288,99.00,324.00,1,1,0
67277,3.284,99.20,326.00,1,1,0
67290,3.284,98.90,328.00,1,1,0
67292,3.284,98.80,324.00,1,0,1
67295,3.288,99.10,323.00,1,0,1
67297,3.288,98.90,326.00,1,1,0
67300,3.276,94.10,308.00,1,1,0
67302,3.280,98.90,324.00,1,1,0
67305,3.288,99.00,324.00,1,1,0
67307,3.288,99.40,326.00,1,1,0
67310,3.288,98.50,323.00,1,1,0
67312,3.284,98.80,324.00,1,1,0
67315,3.284,98.40,323.00,1,1,0
67317,3.288,93.80,308.00,1,1,0
67320,3.284,98.80,323.00,1,1,0
67322,3.284,98.80,324.00,1,1,0
67335,3.288,101.00,331.00,1,1,0
67337,3.284,98.90,324.00,1,1,0
67340,3.288,98.80,326.00,1,1,0
67342,3.288,98.50,323.00,1,1,0
67345,3.284,98.70,324.00,1,1,0
67347,3.288,100.00,328.00,1,1,0
67350,3.272,98.80,324.00,1,0,1
67352,3.284,98.70,324.00,1,0,1
67354,3.288,103.20,336.00,1,1,0
67357,3.280,99.00,324.00,1,1,0
67359,3.284,99.70,328.00,1,1,0
67362,3.284,90.10,297.00,1,1,0
67364,3.288,98.70,328.00,1,1,0
67377,3.288,99.40,326.00,1,1,0
67379,3.288,99.10,326.00,1,1,0
67382,3.276,99.20,326.00,1,1,0
67384,3.284,99.00,324.00,1,1,0
67387,3.284,99.80,328.00,1,1,0
67389,3.284,99.40,326.00,1,1,0
67392,3.284,98.60,324.00,1,1,0
67394,3.288,98.50,324.00,1,1,0
67397,3.288,98.70,324.00,1,1,0
67399,3.288,97.20,319.00,1,1,0
67402,3.284,99.40,328.00,1,1,0
67404,3.288,106.70,351.00,1,0,1
67407,3.276,130.50,429.00,1,0,1
67409,3.288,99.40,433.00,1,1,0
67422,3.284,102.40,324.00,1,1,0
67424,3.288,98.60,324.00,1,1,0
67427,3.284,98.90,324.00,1,1,0
67429,3.284,98.50,324.00,1,1,0
67432,3.284,99.10,326.00,1,1,0
67434,3.284,99.00,324.00,1,1,0
67437,3.284,99.90,324.00,1,1,0
67439,3.284,98.70,324.00,1,1,0
67442,3.284,98.90,324.00,1,1,0
67444,3.284,98.60,324.00,1,1,0
67446,3.288,98.30,323.00,1,1,0
67449,3.288,99.00,326.00,1,1,0
67451,3.284,98.80,324.00,1,1,0
67454,3.288,100.10,328.00,1,1,0
67467,3.284,110.70,308.00,1,1,0
67469,3.280,98.40,323.00,1,1,0
67472,3.284,99.00,326.00,1,1,0
67474,3.288,101.80,326.00,1,1,0
67476,3.288,99.70,328.00,1,1,0
67479,3.284,99.00,326.00,1,1,0
67481,3.284,98.80,326.00,1,1,0
67484,3.272,98.90,324.00,1,1,0
67486,3.288,99.10,326.00,1,1,0
67489,3.288,99.30,326.00,1,1,0
67491,3.288,98.70,324.00,1,1,0
67494,3.284,98.30,323.00,1,1,0
67496,3.284,101.80,326.00,1,1,0
67499,3.288,98.80,326.00,1,1,0
67511,3.288,98.90,323.00,1,1,0
67514,3.284,101.00,331.00,1,0,1
67516,3.284,98.80,324.00,1,0,1
67519,3.264,101.40,356.00,1,1,0
67521,3.260,101.70,334.00,1,1,0
67524,3.284,99.20,326.00,1,1,0
67526,3.288,98.70,326.00,1,1,0
67529,3.276,98.80,324.00,1,1,0
67531,3.288,99.10,326.00,1,1,0
67534,3.288,98.90,333.00,1,1,0
67536,3.284,97.20,319.00,1,1,0
67539,3.288,98.50,324.00,1,1,0
67541,3.284,102.20,336.00,1,1,0
67554,3.288,99.20,326.00,1,1,0
67556,3.288,98.90,328.00,1,1,0
67559,3.288,98.70,323.00,1,1,0
67561,3.284,101.10,333.00,1,1,0
67564,3.288,98.20,326.00,1,1,0
67566,3.288,90.70,298.00,1,1,0
67569,3.284,94.10,310.00,1,0,1
67571,3.288,98.70,331.00,1,0,1
67573,3.288,98.60,323.00,1,1,0
67576,3.284,96.40,316.00,1,1,0
67578,3.288,99.90,324.00,1,1,0
67581,3.288,99.40,326.00,1,1,0
67583,3.288,98.80,324.00,1,1,0
67586,3.288,99.00,326.00,1,1,0
67599,3.284,99.30,331.00,1,1,0
67601,3.284,98.70,324.00,1,1,0
67603,3.288,98.50,323.00,1,1,0
67606,3.288,98.70,324.00,1,1,0
67608,3.288,98.70,326.00,1,1,0
67611,3.288,98.70,324.00,1,1,0
67613,3.284,98.80,324.00,1,1,0
67616,3.284,98.60,324.00,1,1,0
67618,3.284,101.70,334.00,1,1,0
67621,3.288,98.60,324.00,1,1,0
67623,3.288,101.50,308.00,1,0,1
67626,3.276,104.50,341.00,1,0,1
67628,3.288,98.80,324.00,1,1,0
67631,3.268,115.40,313.00,1,1,0
67643,3.288,99.10,324.00,1,1,0
67646,3.288,98.70,324.00,1,1,0
67648,3.288,99.30,326.00,1,1,0
67651,3.284,99.00,326.00,1,1,0
67653,3.288,101.50,334.00,1,1,0
67656,3.288,101.50,334.00,1,1,0
67658,3.284,99.40,324.00,1,1,0
67661,3.288,99.10,323.00,1,1,0
67663,3.284,101.70,334.00,1,1,0
67666,3.288,99.10,326.00,1,1,0
67668,3.288,98.90,297.00,1,1,0
67671,3.284,91.80,301.00,1,1,0
67673,3.284,99.20,326.00,1,1,0
67675,3.284,98.40,326.00,1,1,0
67688,3.284,99.20,206.00,1,0,1
67691,3.304,66.60,218.00,1,1,0
67693,3.284,94.20,310.00,1,1,0
67696,3.284,99.40,334.00,1,1,0
67698,3.288,102.30,336.00,1,1,0
67700,3.284,98.70,324.00,1,1,0
67703,3.284,98.70,324.00,1,1,0
67705,3.284,98.30,323.00,1,1,0
67708,3.284,98.40,323.00,1,1,0
67710,3.288,99.00,324.00,1,1,0
67713,3.284,98.90,326.00,1,1,0
67715,3.284,99.20,326.00,1,1,0
67718,3.284,98.70,323.00,1,1,0
67720,3.288,98.80,324.00,1,1,0
67733,3.284,99.70,336.00,1,1,0
67735,3.288,98.80,324.00,1,1,0
67738,3.288,98.80,324.00,1,1,0
67740,3.288,98.60,324.00,1,0,1
67743,3.276,99.30,326.00,1,0,1
67745,3.284,98.90,324.00,1,1,0
67748,3.260,94.00,319.00,1,1,0
67750,3.284,98.90,324.00,1,1,0
67753,3.288,98.60,324.00,1,1,0
67755,3.284,98.90,323.00,1,1,0
67758,3.284,99.00,324.00,1,1,0
67760,3.284,98.90,324.00,1,1,0
67763,3.284,98.40,323.00,1,1,0
67765,3.288,99.30,326.00,1,1,0
67778,3.284,99.00,324.00,1,1,0
67780,3.284,99.00,324.00,1,1,0
67783,3.284,98.50,324.00,1,1,0
67785,3.284,99.40,326.00,1,1,0
67788,3.284,98.20,323.00,1,1,0
67790,3.288,97.50,321.00,1,1,0
67793,3.288,99.40,326.00,1,1,0
67795,3.284,99.10,326.00,1,0,1
67797,3.280,100.10,328.00,1,0,1
67800,3.264,99.20,323.00,1,1,0
67802,3.280,94.00,308.00,1,1,0
67805,3.284,98.80,324.00,1,1,0
67807,3.288,99.40,324.00,1,1,0
67810,3.288,97.60,321.00,1,1,0
67822,3.284,99.70,324.00,1,1,0
67825,3.284,100.40,329.00,1,1,0
67827,3.284,101.00,333.00,1,1,0
67830,3.280,93.90,326.00,1,1,0
67832,3.288,99.10,326.00,1,1,0
67835,3.288,98.70,324.00,1,1,0
67837,3.288,98.80,324.00,1,1,0
67840,3.288,98.70,324.00,1,1,0
67842,3.284,99.20,326.00,1,1,0
67845,3.284,98.70,324.00,1,1,0
67847,3.284,98.60,324.00,1,1,0
67850,3.284,98.60,324.00,1,0,1
67852,3.268,102.40,324.00,1,0,1
67855,3.260,98.80,324.00,1,1,0
67867,3.288,99.80,324.00,1,1,0
67870,3.288,98.90,324.00,1,1,0
67872,3.288,99.60,328.00,1,1,0
67875,3.284,91.00,298.00,1,1,0
67877,3.284,98.60,324.00,1,1,0
67880,3.288,99.20,326.00,1,1,0
67882,3.288,98.80,326.00,1,1,0
67885,3.288,98.60,324.00,1,1,0
67887,3.284,100.30,329.00,1,1,0
67890,3.288,99.10,324.00,1,1,0
67892,3.288,98.80,324.00,1,1,0
67894,3.288,99.10,326.00,1,1,0
67897,3.284,100.70,324.00,1,1,0
67899,3.288,98.90,324.00,1,1,0
67912,3.288,116.50,308.00,1,1,0
67915,3.280,99.40,326.00,1,1,0
67917,3.288,99.50,328.00,1,1,0
67919,3.288,99.30,334.00,1,1,0
67922,3.276,98.20,323.00,1,1,0
67924,3.284,101.20,333.00,1,1,0
67927,3.288,99.00,324.00,1,1,0
67929,3.288,100.00,328.00,1,1,0
67932,3.284,94.30,310.00,1,1,0
67934,3.288,99.10,326.00,1,1,0
67937,3.284,98.90,324.00,1,1,0
67939,3.284,102.80,338.00,1,1,0
67942,3.288,98.80,324.00,1,1,0
67954,3.284,98.70,333.00,1,1,0
67957,3.284,99.10,326.00,1,1,0
67959,3.284,98.30,323.00,1,0,1
67962,3.284,105.70,323.00,1,0,1
67964,3.260,98.80,324.00,1,0,1
67967,3.276,105.90,346.00,1,1,0
67969,3.280,93.90,328.00,1,1,0
67972,3.288,101.90,334.00,1,1,0
67974,3.288,99.80,328.00,1,1,0
67977,3.284,90.40,297.00,1,1,0
67979,3.284,98.80,323.00,1,1,0
67982,3.284,99.60,328.00,1,1,0
67984,3.284,99.20,326.00,1,1,0
67987,3.288,98.70,324.00,1,1,0
67999,3.284,99.00,323.00,1,1,0
68002,3.284,96.80,318.00,1,1,0
68004,3.284,100.50,329.00,1,1,0
68007,3.284,98.50,323.00,1,1,0
68009,3.284,99.10,326.00,1,1,0
68012,3.288,98.60,324.00,1,1,0
68014,3.288,98.50,324.00,1,1,0
68017,3.288,99.50,326.00,1,0,1
68019,3.284,99.30,326.00,1,0,1
68021,3.288,99.10,336.00,1,1,0
68024,3.256,95.30,324.00,1,1,0
68026,3.288,99.00,326.00,1,1,0
68029,3.288,99.40,326.00,1,1,0
68031,3.284,98.70,323.00,1,1,0
68044,3.288,99.30,324.00,1,1,0
68047,3.288,99.00,326.00,1,1,0
68049,3.288,99.50,328.00,1,1,0
68051,3.288,98.70,324.00,1,1,0
68054,3.288,98.60,324.00,1,1,0
68056,3.284,98.90,324.00,1,1,0
68059,3.284,98.90,326.00,1,1,0
68061,3.284,98.60,324.00,1,1,0
68064,3.284,97.80,321.00,1,1,0
68066,3.284,98.70,326.00,1,1,0
68069,3.284,98.90,324.00,1,1,0
68071,3.284,98.80,324.00,1,0,1
68074,3.288,99.30,431.00,1,0,1
68076,3.284,99.10,326.00,1,1,0
68089,3.288,99.40,339.00,1,1,0
68091,3.280,99.60,328.00,1,1,0
68094,3.280,99.20,326.00,1,1,0
68096,3.284,99.30,328.00,1,1,0
68099,3.288,99.50,328.00,1,1,0
68101,3.284,98.90,324.00,1,1,0
68104,3.284,98.70,326.00,1,1,0
68106,3.288,98.80,324.00,1,1,0
68109,3.284,98.80,324.00,1,1,0
68111,3.288,98.70,324.00,1,1,0
68114,3.288,98.60,324.00,1,1,0
68116,3.284,98.60,324.00,1,1,0
68118,3.288,99.60,326.00,1,1,0
68121,3.288,98.80,324.00,1,1,0
68134,3.252,124.40,318.00,1,1,0
68136,3.284,94.60,310.00,1,1,0
68139,3.284,98.70,324.00,1,1,0
68141,3.284,98.70,324.00,1,1,0
68144,3.284,99.10,326.00,1,1,0
68146,3.284,98.80,324.00,1,1,0
68148,3.288,99.80,324.00,1,1,0
68151,3.288,98.80,324.00,1,1,0
68153,3.288,98.50,323.00,1,1,0
68156,3.284,99.10,319.00,1,1,0
68158,3.284,101.80,334.00,1,1,0
68161,3.288,99.60,328.00,1,1,0
68163,3.284,98.60,324.00,1,1,0
68166,3.288,98.60,324.00,1,1,0
68178,3.284,99.20,326.00,1,1,0
68181,3.284,90.30,297.00,1,0,1
68183,3.280,99.00,326.00,1,0,1
68186,3.284,98.80,329.00,1,1,0
68188,3.284,136.50,449.00,1,1,0
68191,3.284,99.30,326.00,1,1,0
68193,3.284,97.90,326.00,1,1,0
68196,3.284,99.20,326.00,1,1,0
68198,3.284,99.50,328.00,1,1,0
68201,3.284,102.10,326.00,1,1,0
68203,3.288,99.80,328.00,1,1,0
68206,3.284,98.80,324.00,1,1,0
68208,3.284,99.40,324.00,1,1,0
68211,3.284,99.90,328.00,1,1,0
68223,3.284,99.10,326.00,1,1,0
68226,3.284,104.10,342.00,1,1,0
68228,3.288,98.70,331.00,1,1,0
68231,3.284,98.60,324.00,1,1,0
68233,3.284,99.00,326.00,1,1,0
68236,3.288,99.10,326.00,1,1,0
68238,3.280,99.30,331.00,1,0,1
68241,3.284,132.30,434.00,1,0,1
68243,3.284,98.60,323.00,1,1,0
68245,3.284,97.50,328.00,1,1,0
68248,3.284,98.70,324.00,1,1,0
68250,3.284,98.60,324.00,1,1,0
68253,3.284,99.10,324.00,1,1,0
68255,3.284,98.50,324.00,1,1,0
68268,3.284,99.10,326.00,1,1,0
68270,3.284,99.30,326.00,1,1,0
68273,3.284,99.60,326.00,1,1,0
68275,3.284,98.60,324.00,1,1,0
68278,3.284,98.40,323.00,1,1,0
68280,3.284,97.20,315.00,1,1,0
68283,3.284,99.90,297.00,1,1,0
68285,3.284,98.60,324.00,1,1,0
68288,3.284,99.40,326.00,1,1,0
68290,3.288,99.50,324.00,1,1,0
68293,3.284,98.90,324.00,1,0,1
68295,3.284,129.90,426.00,1,0,1
68298,3.284,99.10,331.00,1,1,0
68300,3.252,100.50,329.00,1,1,0
68313,3.284,98.70,324.00,1,1,0
68315,3.284,99.50,326.00,1,1,0
68318,3.284,99.10,324.00,1,1,0
68320,3.284,99.20,326.00,1,1,0
68323,3.284,99.80,328.00,1,1,0
68325,3.284,99.50,326.00,1,1,0
68328,3.288,99.10,326.00,1,1,0
68330,3.288,99.20,326.00,1,1,0
68333,3.288,99.00,324.00,1,1,0
68335,3.284,98.80,324.00,1,1,0
68338,3.288,101.90,334.00,1,1,0
68340,3.284,100.90,331.00,1,1,0
68342,3.284,93.80,324.00,1,1,0
68345,3.284,98.50,323.00,1,1,0
68358,3.284,98.90,324.00,1,1,0
68360,3.284,99.00,324.00,1,1,0
68363,3.284,98.50,324.00,1,1,0
68365,3.284,98.90,324.00,1,1,0
68367,3.284,98.80,324.00,1,1,0
68370,3.284,98.80,323.00,1,1,0
68372,3.284,99.70,328.00,1,1,0
68375,3.284,98.40,323.00,1,1,0
68377,3.288,98.50,324.00,1,1,0
68380,3.284,100.40,329.00,1,1,0
68382,3.284,97.90,321.00,1,1,0
68385,3.284,99.20,297.00,1,1,0
68387,3.284,95.60,315.00,1,1,0
68390,3.284,98.30,323.00,1,1,0
68402,3.276,99.30,326.00,1,0,1
68405,3.284,98.30,323.00,1,0,1
68407,3.284,99.10,323.00,1,1,0
68410,3.252,97.80,321.00,1,1,0
68412,3.288,99.90,328.00,1,1,0
68415,3.284,100.50,326.00,1,1,0
68417,3.288,98.70,324.00,1,1,0
68420,3.284,98.50,323.00,1,1,0
68422,3.284,98.40,326.00,1,1,0
68425,3.288,98.70,324.00,1,1,0
68427,3.284,99.10,326.00,1,1,0
68430,3.284,99.40,326.00,1,1,0
68432,3.284,98.90,324.00,1,1,0
68435,3.288,98.80,324.00,1,1,0
68447,3.284,98.90,324.00,1,1,0
68450,3.284,97.80,321.00,1,1,0
68452,3.284,98.20,328.00,1,1,0
68455,3.284,98.80,324.00,1,1,0
68457,3.280,98.80,324.00,1,0,1
68460,3.276,98.80,431.00,1,0,1
68462,3.284,98.80,324.00,1,1,0
68464,3.280,138.30,454.00,1,1,0
68467,3.280,99.20,324.00,1,1,0
68469,3.288,98.90,324.00,1,1,0
68472,3.284,98.80,324.00,1,1,0
68474,3.284,98.70,324.00,1,1,0
68477,3.288,98.70,324.00,1,1,0
68479,3.284,99.10,326.00,1,1,0
68492,3.284,100.20,329.00,1,1,0
68494,3.284,99.00,326.00,1,1,0
68497,3.288,98.90,324.00,1,1,0
68499,3.288,98.80,324.00,1,1,0
68502,3.288,99.10,326.00,1,1,0
68504,3.284,98.60,324.00,1,1,0
68507,3.288,99.00,324.00,1,1,0
68509,3.288,99.30,326.00,1,1,0
68512,3.284,98.50,324.00,1,1,0
68514,3.284,106.60,351.00,1,0,1
68517,3.284,102.90,336.00,1,0,1
68519,3.284,98.60,441.00,1,1,0
68522,3.284,98.50,323.00,1,1,0
68524,3.288,98.80,324.00,1,1,0
68537,3.284,98.50,323.00,1,1,0
68539,3.288,100.20,324.00,1,1,0
68542,3.284,98.80,324.00,1,1,0
68544,3.288,102.40,338.00,1,1,0
68547,3.284,93.80,308.00,1,1,0
68549,3.288,98.50,324.00,1,1,0
68552,3.284,98.80,324.00,1,1,0
68554,3.284,98.40,323.00,1,1,0
68557,3.284,98.60,328.00,1,1,0
68559,3.284,98.80,324.00,1,1,0
68561,3.284,99.90,328.00,1,1,0
68564,3.284,98.90,326.00,1,1,0
68566,3.288,98.80,324.00,1,1,0
68569,3.280,100.20,328.00,1,0,1
68582,3.284,98.90,324.00,1,1,0
68584,3.284,99.30,326.00,1,1,0
68587,3.288,99.50,326.00,1,1,0
68589,3.284,99.20,326.00,1,1,0
68591,3.284,90.20,298.00,1,1,0
68594,3.284,98.90,324.00,1,1,0
68596,3.284,102.50,338.00,1,1,0
68599,3.284,99.00,324.00,1,1,0
68601,3.288,98.60,333.00,1,1,0
68604,3.288,99.30,326.00,1,1,0
68606,3.284,98.80,324.00,1,1,0
68609,3.284,98.70,326.00,1,1,0
68611,3.284,99.00,324.00,1,1,0
68614,3.284,98.50,323.00,1,1,0
68626,3.284,131.30,431.00,1,0,1
68629,3.288,98.80,426.00,1,1,0
68631,3.276,101.90,334.00,1,1,0
68634,3.288,100.10,329.00,1,1,0
68636,3.272,101.10,326.00,1,1,0
68639,3.284,99.00,326.00,1,1,0
68641,3.284,99.10,326.00,1,1,0
68644,3.288,99.20,324.00,1,1,0
68646,3.284,101.10,333.00,1,1,0
68649,3.284,95.20,313.00,1,1,0
68651,3.284,98.70,324.00,1,1,0
68654,3.284,98.80,326.00,1,1,0
68656,3.284,98.70,324.00,1,1,0
68673,3.288,98.70,324.00,1,1,0
68676,3.288,98.80,334.00,1,1,0
68678,3.288,98.50,323.00,1,0,1
68681,3.288,98.70,321.00,1,0,1
68683,3.284,98.90,328.00,1,1,0
68686,3.272,98.00,321.00,1,1,0
68688,3.284,99.00,326.00,1,1,0
68691,3.284,99.50,326.00,1,1,0
68693,3.284,92.30,297.00,1,1,0
68695,3.284,99.40,326.00,1,1,0
68698,3.284,99.00,326.00,1,1,0
68700,3.288,101.90,336.00,1,1,0
68703,3.288,101.10,333.00,1,1,0
68705,3.284,99.00,324.00,1,1,0
68718,3.288,98.90,324.00,1,1,0
68720,3.284,101.00,324.00,1,1,0
68723,3.284,99.10,326.00,1,1,0
68725,3.284,98.80,324.00,1,1,0
68728,3.272,98.30,323.00,1,1,0
68730,3.284,98.50,323.00,1,1,0
68733,3.284,99.30,326.00,1,0,1
68735,3.276,99.80,429.00,1,0,1
68738,3.284,99.20,326.00,1,1,0
68740,3.284,94.00,308.00,1,1,0
68743,3.284,99.10,326.00,1,1,0
68745,3.284,98.90,328.00,1,1,0
68748,3.284,98.90,324.00,1,1,0
68750,3.288,97.50,319.00,1,1,0
68763,3.284,99.00,324.00,1,1,0
68765,3.284,99.00,326.00,1,1,0
68768,3.288,100.00,328.00,1,1,0
68770,3.288,98.80,324.00,1,1,0
68773,3.284,99.10,326.00,1,1,0
68775,3.284,101.80,334.00,1,1,0
68778,3.284,98.40,323.00,1,1,0
68780,3.284,98.40,324.00,1,1,0
68783,3.284,99.60,326.00,1,1,0
68785,3.284,98.90,324.00,1,1,0
68788,3.276,99.20,324.00,1,0,1
68790,3.284,98.40,323.00,1,0,1
68792,3.280,99.10,326.00,1,1,0
68795,3.280,98.60,323.00,1,1,0
68808,3.284,98.80,324.00,1,1,0
68810,3.280,100.70,331.00,1,1,0
68813,3.284,99.10,326.00,1,1,0
68815,3.284,99.00,324.00,1,1,0
68817,3.288,99.20,326.00,1,1,0
68820,3.288,99.10,326.00,1,1,0
68822,3.288,99.30,326.00,1,1,0
68825,3.284,100.50,326.00,1,1,0
68827,3.288,98.70,324.00,1,1,0
68830,3.284,99.80,328.00,1,1,0
68832,3.288,98.60,324.00,1,1,0
68835,3.288,103.90,341.00,1,1,0
68837,3.284,99.70,328.00,1,1,0
68840,3.284,99.10,324.00,1,1,0
68852,3.280,95.90,315.00,1,1,0
68855,3.284,98.90,336.00,1,1,0
68857,3.288,98.40,323.00,1,1,0
68860,3.288,99.60,328.00,1,1,0
68862,3.284,99.30,328.00,1,1,0
68865,3.284,99.00,324.00,1,1,0
68867,3.284,99.10,326.00,1,1,0
68870,3.284,98.70,324.00,1,1,0
68872,3.284,98.70,324.00,1,1,0
68875,3.284,98.60,324.00,1,1,0
68877,3.284,98.80,326.00,1,1,0
68880,3.288,98.50,323.00,1,1,0
68882,3.288,98.80,324.00,1,1,0
68885,3.284,98.90,326.00,1,1,0
68897,3.284,96.10,316.00,1,1,0
68900,3.284,90.60,341.00,1,0,1
68902,3.280,103.40,339.00,1,0,1
68905,3.288,99.40,324.00,1,1,0
68907,3.268,93.80,336.00,1,1,0
68910,3.284,99.00,324.00,1,1,0
68912,3.284,100.50,331.00,1,1,0
68915,3.284,98.90,326.00,1,1,0
68917,3.284,98.70,324.00,1,1,0
68919,3.284,99.20,326.00,1,1,0
68922,3.284,98.60,324.00,1,1,0
68924,3.284,99.00,324.00,1,1,0
68927,3.284,99.20,326.00,1,1,0
68929,3.284,98.40,324.00,1,1,0
68942,3.284,99.00,331.00,1,1,0
68944,3.288,99.50,326.00,1,1,0
68947,3.284,99.10,326.00,1,1,0
68949,3.284,98.70,324.00,1,1,0
68952,3.288,99.20,326.00,1,1,0
68954,3.288,103.00,338.00,1,0,1
68957,3.284,96.50,315.00,1,0,1
68959,3.280,100.00,323.00,1,1,0
68962,3.276,96.80,318.00,1,1,0
68964,3.284,104.60,344.00,1,1,0
68967,3.288,99.10,324.00,1,1,0
68969,3.284,99.00,324.00,1,1,0
68972,3.284,98.50,323.00,1,1,0
68974,3.284,98.70,324.00,1,1,0
68987,3.284,98.90,331.00,1,1,0
68989,3.284,98.80,324.00,1,1,0
68992,3.284,99.00,324.00,1,1,0
68994,3.284,99.50,323.00,1,1,0
68997,3.284,98.20,323.00,1,1,0
68999,3.284,98.70,324.00,1,1,0
69002,3.284,90.60,311.00,1,1,0
69004,3.284,99.00,326.00,1,1,0
69007,3.284,99.50,326.00,1,1,0
69009,3.284,99.00,324.00,1,0,1
69012,3.276,98.90,401.00,1,0,1
69014,3.280,105.00,346.00,1,1,0
69016,3.264,99.40,326.00,1,1,0
69019,3.268,96.60,321.00,1,1,0
69032,3.284,98.60,324.00,1,1,0
69034,3.284,98.70,324.00,1,1,0
69037,3.284,99.00,324.00,1,1,0
69039,3.284,98.80,326.00,1,1,0
69041,3.284,99.20,326.00,1,1,0
69044,3.288,98.90,324.00,1,1,0
69046,3.284,98.90,328.00,1,1,0
69049,3.284,98.10,323.00,1,1,0
69051,3.288,98.30,323.00,1,1,0
69054,3.284,100.10,329.00,1,1,0
69056,3.288,99.00,321.00,1,1,0
69059,3.284,98.90,324.00,1,1,0
69061,3.284,102.20,336.00,1,1,0
69064,3.284,98.80,326.00,1,0,1
69076,3.284,98.60,324.00,1,1,0
69079,3.288,99.00,324.00,1,1,0
69081,3.288,98.80,324.00,1,1,0
69084,3.284,98.80,326.00,1,1,0
69086,3.284,99.50,328.00,1,1,0
69089,3.284,99.40,326.00,1,1,0
69091,3.284,98.70,323.00,1,1,0
69094,3.284,98.90,324.00,1,1,0
69096,3.284,98.60,324.00,1,1,0
69099,3.284,98.30,328.00,1,1,0
69101,3.284,99.80,328.00,1,1,0
69104,3.284,90.30,297.00,1,1,0
69106,3.288,98.70,324.00,1,1,0
69109,3.284,99.20,326.00,1,1,0
69121,3.280,100.70,323.00,1,0,1
69124,3.260,98.80,324.00,1,1,0
69126,3.272,105.60,344.00,1,1,0
69129,3.280,94.00,326.00,1,1,0
69131,3.284,101.50,333.00,1,1,0
69134,3.284,99.10,326.00,1,1,0
69136,3.288,99.60,324.00,1,1,0
69138,3.284,99.40,326.00,1,1,0
69141,3.288,98.70,324.00,1,1,0
69143,3.288,98.60,323.00,1,1,0
69146,3.284,98.50,323.00,1,1,0
69148,3.288,99.20,326.00,1,1,0
69151,3.284,100.10,331.00,1,1,0
69164,3.284,98.80,324.00,1,1,0
69166,3.284,98.80,331.00,1,1,0
69168,3.284,98.70,324.00,1,1,0
69171,3.284,99.50,326.00,1,1,0
69173,3.284,98.70,326.00,1,1,0
69176,3.284,101.20,331.00,1,0,1
69178,3.284,98.50,321.00,1,0,1
69181,3.284,98.90,336.00,1,1,0
69183,3.272,94.00,308.00,1,1,0
69186,3.284,99.60,328.00,1,1,0
69188,3.284,99.20,324.00,1,1,0
69191,3.284,98.90,324.00,1,1,0
69193,3.284,98.90,324.00,1,1,0
69196,3.284,100.70,323.00,1,1,0
69208,3.284,98.20,324.00,1,1,0
69211,3.288,99.20,326.00,1,1,0
69213,3.284,99.10,326.00,1,1,0
69216,3.284,100.20,329.00,1,1,0
69218,3.284,100.00,328.00,1,1,0
69221,3.288,99.20,326.00,1,1,0
69223,3.284,98.80,324.00,1,1,0
69226,3.284,98.70,326.00,1,1,0
69228,3.284,98.70,324.00,1,1,0
69231,3.284,99.10,326.00,1,0,1
69233,3.284,106.30,324.00,1,0,1
69236,3.284,99.30,326.00,1,1,0
69238,3.276,104.00,338.00,1,1,0
69251,3.284,103.70,341.00,1,1,0
69253,3.288,100.80,324.00,1,1,0
69256,3.284,98.70,324.00,1,1,0
69258,3.284,99.00,326.00,1,1,0
69261,3.284,98.90,326.00,1,1,0
69263,3.284,98.90,324.00,1,1,0
69266,3.284,99.30,326.00,1,1,0
69268,3.284,96.00,344.00,1,1,0
69270,3.284,99.10,326.00,1,1,0
69273,3.284,98.80,324.00,1,1,0
69275,3.284,98.70,324.00,1,1,0
69278,3.284,98.70,324.00,1,1,0
69280,3.284,99.30,326.00,1,1,0
69283,3.284,99.20,326.00,1,1,0
69296,3.280,94.00,308.00,1,1,0
69298,3.284,99.10,326.00,1,1,0
69300,3.284,98.70,324.00,1,1,0
69303,3.284,99.10,326.00,1,1,0
69305,3.284,99.20,326.00,1,1,0
69308,3.284,90.20,297.00,1,1,0
69310,3.284,98.80,324.00,1,1,0
69313,3.284,99.20,324.00,1,1,0
69315,3.284,98.60,324.00,1,1,0
69318,3.284,98.60,324.00,1,1,0
69320,3.284,98.70,326.00,1,1,0
69323,3.288,98.90,324.00,1,1,0
69325,3.284,99.00,324.00,1,1,0
69328,3.284,98.70,324.00,1,1,0
69340,3.284,98.70,324.00,1,1,0
69343,3.288,98.70,324.00,1,0,1
69345,3.284,98.70,324.00,1,0,1
69348,3.284,99.00,324.00,1,1,0
69350,3.280,102.70,321.00,1,1,0
69353,3.284,98.90,324.00,1,1,0
69355,3.284,99.80,328.00,1,1,0
69358,3.284,98.60,326.00,1,1,0
69360,3.284,98.80,324.00,1,1,0
69363,3.284,98.50,324.00,1,1,0
69365,3.280,94.40,321.00,1,1,0
69367,3.284,99.90,328.00,1,1,0
69370,3.284,98.60,324.00,1,1,0
69372,3.284,99.90,323.00,1,1,0
69385,3.284,98.70,324.00,1,1,0
69388,3.284,98.70,334.00,1,1,0
69390,3.284,98.80,324.00,1,1,0
69393,3.284,98.80,324.00,1,1,0
69395,3.284,98.80,324.00,1,1,0
69397,3.284,98.50,323.00,1,1,0
69400,3.284,98.50,323.00,1,0,1
69402,3.284,98.60,324.00,1,0,1
69405,3.284,100.40,329.00,1,1,0
69407,3.272,99.30,326.00,1,1,0
69410,3.284,90.50,297.00,1,1,0
69412,3.284,98.10,323.00,1,1,0
69415,3.284,99.20,326.00,1,1,0
69417,3.288,98.60,328.00,1,1,0
69430,3.284,98.50,323.00,1,1,0
69432,3.284,98.80,323.00,1,1,0
69435,3.284,98.80,324.00,1,1,0
69437,3.288,99.10,326.00,1,1,0
69440,3.284,99.30,324.00,1,1,0
69442,3.284,102.30,336.00,1,1,0
69445,3.284,99.20,326.00,1,1,0
69447,3.288,102.60,339.00,1,1,0
69450,3.288,98.80,324.00,1,1,0
69452,3.272,99.30,326.00,1,1,0
69455,3.284,101.50,334.00,1,0,1
69457,3.288,99.40,326.00,1,0,1
69460,3.284,99.40,326.00,1,1,0
69462,3.284,105.70,419.00,1,1,0
69475,3.288,98.90,324.00,1,1,0
69477,3.284,100.40,329.00,1,1,0
69480,3.284,98.70,324.00,1,1,0
69482,3.284,98.50,323.00,1,1,0
69485,3.288,98.60,324.00,1,1,0
69487,3.284,98.90,324.00,1,1,0
69490,3.284,101.00,333.00,1,1,0
69492,3.288,100.10,324.00,1,1,0
69494,3.288,98.40,323.00,1,1,0
69497,3.284,98.40,323.00,1,1,0
69499,3.276,98.90,324.00,1,1,0
69502,3.284,98.60,324.00,1,1,0
69504,3.284,98.80,324.00,1,1,0
69507,3.284,101.70,321.00,1,1,0
69519,3.268,99.10,311.00,1,1,0
69522,3.284,98.70,324.00,1,1,0
69524,3.284,98.80,324.00,1,1,0
69527,3.288,98.90,324.00,1,1,0
69529,3.284,98.60,324.00,1,1,0
69532,3.284,98.50,323.00,1,1,0
69534,3.284,98.80,324.00,1,1,0
69537,3.284,99.90,324.00,1,1,0
69539,3.288,99.60,328.00,1,1,0
69542,3.284,98.80,324.00,1,1,0
69544,3.284,98.60,324.00,1,1,0
69547,3.288,98.90,324.00,1,1,0
69549,3.284,98.80,324.00,1,1,0
69552,3.288,98.80,326.00,1,1,0
69564,3.288,100.20,324.00,1,1,0
69567,3.288,100.20,329.00,1,0,1
69569,3.280,98.50,323.00,1,0,1
69572,3.284,98.40,324.00,1,1,0
69574,3.284,93.70,308.00,1,1,0
69577,3.284,101.60,333.00,1,1,0
69579,3.284,98.80,323.00,1,1,0
69582,3.284,99.70,328.00,1,1,0
69584,3.284,98.70,324.00,1,1,0
69587,3.284,98.90,326.00,1,1,0
69589,3.284,101.50,324.00,1,1,0
69591,3.284,99.10,326.00,1,1,0
69594,3.284,98.60,324.00,1,1,0
69607,3.284,98.50,323.00,1,1,0
69609,3.284,98.30,324.00,1,1,0
69612,3.284,98.90,324.00,1,1,0
69614,3.288,93.10,306.00,1,1,0
69617,3.284,90.30,324.00,1,1,0
69619,3.284,99.30,326.00,1,1,0
69621,3.284,99.30,326.00,1,0,1
69624,3.284,104.90,321.00,1,0,1
69626,3.264,98.60,324.00,1,0,1
69629,3.272,109.60,360.00,1,1,0
69631,3.280,94.20,324.00,1,1,0
69634,3.284,99.20,326.00,1,1,0
69636,3.284,98.90,324.00,1,1,0
69639,3.284,98.60,324.00,1,1,0
69651,3.284,99.70,328.00,1,1,0
69654,3.284,98.80,324.00,1,1,0
69656,3.288,98.80,324.00,1,1,0
69659,3.284,98.80,324.00,1,1,0
69661,3.284,98.90,324.00,1,1,0
69664,3.284,99.00,326.00,1,1,0
69666,3.284,98.90,324.00,1,1,0
69669,3.284,98.80,324.00,1,1,0
69671,3.284,93.90,308.00,1,1,0
69674,3.284,98.40,323.00,1,1,0
69676,3.288,98.40,323.00,1,1,0
69679,3.284,100.50,331.00,1,0,1
69681,3.284,98.60,321.00,1,0,1
69684,3.284,101.30,451.00,1,1,0
69696,3.284,98.70,324.00,1,1,0
69699,3.284,98.80,324.00,1,1,0
69701,3.284,98.80,324.00,1,1,0
69704,3.284,98.60,324.00,1,1,0
69706,3.284,98.50,323.00,1,1,0
69709,3.284,98.80,324.00,1,1,0
69711,3.284,98.50,323.00,1,1,0
69714,3.288,99.40,326.00,1,1,0
69716,3.288,95.40,313.00,1,1,0
69718,3.284,90.20,297.00,1,1,0
69721,3.280,99.50,324.00,1,1,0
69723,3.288,99.00,326.00,1,1,0
69726,3.284,98.60,324.00,1,1,0
69728,3.284,98.40,324.00,1,1,0
69741,3.284,98.40,234.00,1,0,1
69744,3.304,62.40,205.00,1,1,0
69746,3.288,101.60,334.00,1,1,0
69748,3.284,98.30,323.00,1,1,0
69751,3.284,101.30,326.00,1,1,0
69753,3.288,98.30,323.00,1,1,0
69756,3.284,98.70,324.00,1,1,0
69758,3.288,99.20,324.00,1,1,0
69761,3.284,98.30,323.00,1,1,0
69763,3.284,99.00,324.00,1,1,0
69766,3.284,99.80,324.00,1,1,0
69768,3.284,97.30,319.00,1,1,0
69771,3.284,98.50,323.00,1,1,0
69773,3.288,98.40,323.00,1,1,0
69786,3.284,98.80,326.00,1,1,0
69788,3.284,98.60,324.00,1,1,0
69791,3.284,98.60,324.00,1,1,0
69793,3.284,98.60,324.00,1,0,1
69796,3.276,99.20,326.00,1,0,1
69798,3.284,131.60,433.00,1,1,0
69801,3.260,94.00,308.00,1,1,0
69803,3.284,98.60,329.00,1,1,0
69806,3.284,98.50,323.00,1,1,0
69808,3.284,98.50,323.00,1,1,0
69811,3.288,98.70,324.00,1,1,0
69813,3.288,98.90,324.00,1,1,0
69815,3.288,98.30,323.00,1,1,0
69818,3.284,100.10,319.00,1,1,0
69831,3.284,98.70,323.00,1,1,0
69833,3.284,99.10,326.00,1,1,0
69836,3.284,98.40,323.00,1,1,0
69838,3.288,98.80,328.00,1,1,0
69841,3.284,98.60,324.00,1,1,0
69843,3.284,99.10,326.00,1,1,0
69845,3.284,98.60,324.00,1,1,0
69848,3.288,99.10,326.00,1,0,1
69850,3.288,98.40,321.00,1,0,1
69853,3.284,98.40,323.00,1,1,0
69855,3.276,134.40,310.00,1,1,0
69858,3.280,98.90,324.00,1,1,0
69860,3.288,99.70,328.00,1,1,0
69863,3.288,102.50,329.00,1,1,0
69875,3.284,98.70,318.00,1,1,0
69878,3.284,107.40,352.00,1,1,0
69880,3.284,98.60,324.00,1,1,0
69883,3.288,99.10,324.00,1,1,0
69885,3.284,98.80,324.00,1,1,0
69888,3.288,98.80,324.00,1,1,0
69890,3.284,98.80,323.00,1,1,0
69893,3.284,99.10,326.00,1,1,0
69895,3.288,99.60,328.00,1,1,0
69898,3.284,98.50,326.00,1,1,0
69900,3.288,99.20,326.00,1,1,0
69903,3.288,98.60,324.00,1,0,1
69905,3.272,99.00,326.00,1,0,1
69908,3.260,98.60,324.00,1,1,0
69920,3.284,99.60,326.00,1,1,0
69923,3.284,90.30,297.00,1,1,0
69925,3.284,98.70,324.00,1,1,0
69928,3.276,102.80,326.00,1,1,0
69930,3.284,98.50,323.00,1,1,0
69933,3.288,99.10,326.00,1,1,0
69935,3.284,99.40,334.00,1,1,0
69938,3.284,98.60,324.00,1,1,0
69940,3.288,98.60,324.00,1,1,0
69942,3.288,98.90,324.00,1,1,0
69945,3.284,98.70,324.00,1,1,0
69947,3.284,98.80,324.00,1,1,0
69950,3.288,99.10,323.00,1,1,0
69952,3.284,98.80,324.00,1,1,0
69965,3.284,120.90,328.00,1,1,0
69967,3.288,100.30,329.00,1,1,0
69970,3.284,95.90,315.00,1,1,0
69972,3.288,99.00,333.00,1,1,0
69975,3.284,98.60,324.00,1,1,0
69977,3.284,98.50,323.00,1,1,0
69980,3.284,94.20,313.00,1,1,0
69982,3.284,98.90,324.00,1,1,0
69985,3.284,99.70,328.00,1,1,0
69987,3.288,99.00,324.00,1,1,0
69990,3.284,98.80,324.00,1,1,0
69992,3.284,98.50,323.00,1,1,0
69995,3.284,99.70,324.00,1,1,0
69997,3.284,98.80,324.00,1,1,0
70010,3.284,99.20,324.00,1,1,0
70012,3.280,98.70,324.00,1,1,0
70015,3.284,105.90,347.00,1,0,1
70017,3.288,99.70,331.00,1,0,1
70020,3.288,105.60,344.00,1,1,0
70022,3.288,99.30,326.00,1,1,0
70025,3.284,90.10,297.00,1,1,0
70027,3.284,99.20,326.00,1,1,0
70030,3.288,99.60,328.00,1,1,0
70032,3.288,152.60,328.00,1,1,0
70035,3.288,93.90,308.00,1,1,0
70037,3.284,99.20,326.00,1,1,0
70039,3.288,98.90,338.00,1,1,0
70042,3.288,98.40,323.00,1,1,0
70055,3.288,98.90,323.00,1,1,0
70057,3.284,98.40,323.00,1,1,0
70060,3.284,98.50,323.00,1,1,0
70062,3.284,98.80,326.00,1,1,0
70064,3.288,101.20,333.00,1,1,0
70067,3.284,98.90,324.00,1,1,0
70069,3.284,99.40,319.00,1,0,1
70072,3.276,98.60,324.00,1,0,1
70074,3.284,98.70,324.00,1,1,0
70077,3.260,93.90,324.00,1,1,0
70079,3.284,98.50,323.00,1,1,0
70082,3.284,94.40,310.00,1,1,0
70084,3.288,99.60,328.00,1,1,0
70087,3.288,98.90,324.00,1,1,0
70099,3.288,99.30,326.00,1,1,0
70102,3.288,98.80,324.00,1,1,0
70104,3.288,99.40,326.00,1,1,0
70107,3.284,100.30,329.00,1,1,0
70109,3.288,98.90,324.00,1,1,0
70112,3.288,99.00,324.00,1,1,0
70114,3.284,99.00,324.00,1,1,0
70117,3.284,98.70,324.00,1,1,0
70119,3.284,98.40,323.00,1,1,0
70122,3.284,99.50,329.00,1,1,0
70124,3.284,99.60,328.00,1,0,1
70127,3.284,90.20,297.00,1,0,1
70129,3.284,96.00,328.00,1,1,0
70132,3.280,129.40,426.00,1,1,0
70144,3.284,98.80,324.00,1,1,0
70147,3.284,98.60,324.00,1,1,0
70149,3.284,98.60,326.00,1,1,0
70152,3.288,99.30,326.00,1,1,0
70154,3.288,100.80,331.00,1,1,0
70157,3.284,98.60,323.00,1,1,0
70159,3.284,98.40,323.00,1,1,0
70161,3.284,98.70,324.00,1,1,0
70164,3.284,98.40,323.00,1,1,0
70166,3.284,99.50,324.00,1,1,0
70169,3.288,99.10,324.00,1,1,0
70171,3.284,99.00,326.00,1,1,0
70174,3.288,99.00,328.00,1,1,0
70176,3.284,98.70,324.00,1,1,0
70189,3.284,99.40,326.00,1,1,0
70191,3.284,98.70,324.00,1,1,0
70194,3.284,98.70,324.00,1,1,0
70196,3.284,98.50,323.00,1,1,0
70199,3.284,103.10,339.00,1,1,0
70201,3.284,99.60,324.00,1,1,0
70204,3.284,98.70,323.00,1,1,0
70206,3.288,99.00,324.00,1,1,0
70209,3.288,102.00,336.00,1,1,0
70211,3.288,99.20,326.00,1,1,0
70214,3.284,98.90,324.00,1,1,0
70216,3.284,98.80,324.00,1,1,0
70219,3.284,99.20,324.00,1,1,0
70221,3.284,98.60,324.00,1,1,0
70234,3.284,99.50,326.00,1,1,0
70236,3.284,103.20,339.00,1,0,1
70239,3.288,99.20,324.00,1,0,1
70241,3.288,110.40,362.00,1,1,0
70244,3.284,99.20,326.00,1,1,0
70246,3.284,96.00,324.00,1,1,0
70249,3.284,99.80,328.00,1,1,0
70251,3.284,99.20,326.00,1,1,0
70254,3.284,98.60,326.00,1,1,0
70256,3.284,100.30,329.00,1,1,0
70259,3.284,98.50,324.00,1,1,0
70261,3.284,98.40,324.00,1,1,0
70263,3.284,98.50,323.00,1,1,0
70266,3.284,99.50,326.00,1,1,0
70279,3.284,98.90,324.00,1,1,0
70281,3.284,98.70,324.00,1,1,0
70284,3.284,99.10,324.00,1,1,0
70286,3.284,94.40,310.00,1,1,0
70288,3.284,98.90,324.00,1,1,0
70291,3.284,99.10,346.00,1,0,1
70293,3.284,100.60,331.00,1,0,1
70296,3.284,115.60,378.00,1,1,0
70298,3.252,96.20,308.00,1,1,0
70301,3.280,100.20,329.00,1,1,0
70303,3.284,98.80,324.00,1,1,0
70306,3.288,99.00,328.00,1,1,0
70308,3.288,99.50,326.00,1,1,0
70311,3.288,98.70,324.00,1,1,0
70323,3.284,102.00,334.00,1,1,0
70326,3.284,99.10,326.00,1,1,0
70328,3.284,99.30,328.00,1,1,0
70331,3.284,90.30,297.00,1,1,0
70333,3.284,91.90,301.00,1,1,0
70336,3.284,98.90,328.00,1,1,0
70338,3.288,98.90,324.00,1,1,0
70341,3.288,98.80,324.00,1,1,0
70343,3.284,98.80,319.00,1,1,0
70346,3.288,99.20,326.00,1,0,1
70348,3.276,99.40,326.00,1,0,1
70351,3.260,100.50,324.00,1,1,0
70353,3.284,99.10,324.00,1,1,0
70355,3.284,98.80,324.00,1,1,0
70368,3.288,98.60,324.00,1,1,0
70371,3.288,99.40,326.00,1,1,0
70373,3.288,102.20,326.00,1,1,0
70376,3.288,99.10,326.00,1,1,0
70378,3.288,98.80,324.00,1,1,0
70381,3.288,98.40,324.00,1,1,0
70383,3.288,98.50,323.00,1,1,0
70385,3.288,98.90,324.00,1,1,0
70388,3.288,102.10,316.00,1,1,0
70390,3.284,99.60,328.00,1,1,0
70393,3.288,99.30,326.00,1,1,0
70395,3.284,99.20,326.00,1,1,0
70398,3.288,99.10,326.00,1,1,0
70400,3.288,99.20,326.00,1,1,0
70413,3.276,98.70,324.00,1,1,0
70415,3.284,98.90,324.00,1,1,0
70418,3.288,98.80,324.00,1,1,0
70420,3.288,98.90,324.00,1,1,0
70423,3.288,99.60,328.00,1,1,0
70425,3.288,98.70,324.00,1,1,0
70428,3.284,99.40,326.00,1,1,0
70430,3.288,99.30,326.00,1,1,0
70433,3.284,99.30,301.00,1,1,0
70435,3.284,90.30,297.00,1,1,0
70438,3.288,99.10,326.00,1,1,0
70440,3.288,99.00,324.00,1,1,0
70443,3.284,98.80,324.00,1,1,0
70445,3.284,98.40,323.00,1,1,0
70458,3.284,98.40,323.00,1,0,1
70460,3.284,102.90,329.00,1,0,1
70463,3.268,99.80,328.00,1,1,0
70465,3.264,94.00,308.00,1,1,0
70468,3.284,98.80,324.00,1,1,0
70470,3.288,101.10,333.00,1,1,0
70473,3.284,98.60,324.00,1,1,0
70475,3.284,99.20,326.00,1,1,0
70478,3.284,99.00,323.00,1,1,0
70480,3.284,98.90,324.00,1,1,0
70482,3.288,98.70,324.00,1,1,0
70485,3.284,98.80,331.00,1,1,0
70487,3.288,98.60,324.00,1,1,0
70490,3.288,100.10,329.00,1,1,0
70503,3.284,98.90,324.00,1,1,0
70505,3.284,98.50,323.00,1,1,0
70507,3.284,98.70,324.00,1,1,0
70510,3.284,98.80,324.00,1,1,0
70512,3.284,98.70,326.00,1,0,1
70515,3.288,99.10,326.00,1,0,1
70517,3.272,98.80,324.00,1,0,1
70520,3.284,103.20,442.00,1,1,0
70522,3.284,100.00,328.00,1,1,0
70525,3.284,98.80,324.00,1,1,0
70527,3.288,98.80,324.00,1,1,0
70530,3.284,98.80,324.00,1,1,0
70532,3.284,99.20,326.00,1,1,0
70535,3.288,98.90,324.00,1,1,0
70547,3.284,98.80,324.00,1,1,0
70550,3.288,101.00,326.00,1,1,0
70552,3.288,98.90,324.00,1,1,0
70555,3.280,98.80,324.00,1,1,0
70557,3.288,98.80,324.00,1,1,0
70560,3.288,99.10,326.00,1,1,0
70562,3.284,99.00,324.00,1,1,0
70565,3.288,98.70,326.00,1,1,0
70567,3.288,98.80,324.00,1,1,0
70570,3.288,99.00,324.00,1,0,1
70572,3.284,98.70,433.00,1,0,1
70575,3.284,98.70,321.00,1,1,0
70577,3.260,99.00,324.00,1,1,0
70579,3.268,103.30,339.00,1,1,0
70592,3.288,100.10,329.00,1,1,0
70595,3.284,94.40,323.00,1,1,0
70597,3.284,98.90,324.00,1,1,0
70600,3.284,98.90,324.00,1,1,0
70602,3.288,98.70,324.00,1,1,0
70604,3.280,99.20,326.00,1,1,0
70607,3.284,98.80,324.00,1,1,0
70609,3.284,99.40,324.00,1,1,0
70612,3.284,98.60,324.00,1,1,0
70614,3.288,99.00,324.00,1,1,0
70617,3.288,99.10,324.00,1,1,0
70619,3.288,98.60,324.00,1,1,0
70622,3.284,98.70,324.00,1,1,0
70624,3.288,98.70,326.00,1,0,1
70637,3.284,100.00,329.00,1,1,0
70639,3.284,90.40,297.00,1,1,0
70642,3.284,98.80,324.00,1,1,0
70644,3.284,98.90,324.00,1,1,0
70647,3.288,99.50,324.00,1,1,0
70649,3.284,98.70,324.00,1,1,0
70652,3.288,99.20,326.00,1,1,0
70654,3.280,102.20,324.00,1,1,0
70657,3.288,98.60,324.00,1,1,0
70659,3.288,99.00,324.00,1,1,0
70662,3.288,98.90,326.00,1,1,0
70664,3.284,99.50,328.00,1,1,0
70667,3.284,99.10,324.00,1,1,0
70669,3.288,99.20,324.00,1,1,0
70686,3.284,99.30,334.00,1,1,0
70689,3.256,94.50,310.00,1,1,0
70691,3.288,98.90,324.00,1,1,0
70694,3.284,98.70,324.00,1,1,0
70696,3.284,93.90,308.00,1,1,0
70699,3.284,98.80,324.00,1,1,0
70701,3.284,98.50,324.00,1,1,0
70704,3.284,98.70,324.00,1,1,0
70706,3.284,102.00,334.00,1,1,0
70708,3.284,98.70,329.00,1,1,0
70711,3.284,98.50,323.00,1,1,0
70713,3.284,98.50,323.00,1,1,0
70716,3.284,98.70,334.00,1,1,0
70718,3.284,99.50,323.00,1,1,0
70731,3.288,99.50,328.00,1,1,0
70733,3.288,99.00,324.00,1,1,0
70736,3.284,98.20,323.00,1,0,1
70738,3.276,99.60,326.00,1,0,1
70741,3.280,90.20,297.00,1,1,0
70743,3.268,99.10,326.00,1,1,0
70746,3.288,99.00,331.00,1,1,0
70748,3.288,98.10,323.00,1,1,0
70751,3.288,99.00,326.00,1,1,0
70753,3.252,100.50,324.00,1,1,0
70756,3.288,99.30,326.00,1,1,0
70758,3.288,99.90,328.00,1,1,0
70761,3.284,97.70,324.00,1,1,0
70763,3.284,98.90,324.00,1,1,0
70776,3.284,98.70,324.00,1,1,0
70778,3.288,98.70,324.00,1,1,0
70781,3.284,98.80,324.00,1,1,0
70783,3.288,98.90,324.00,1,1,0
70786,3.288,99.10,326.00,1,1,0
70788,3.284,101.00,333.00,1,1,0
70791,3.288,98.70,324.00,1,0,1
70793,3.288,98.60,324.00,1,0,1
70796,3.288,98.90,324.00,1,1,0
70798,3.280,103.60,324.00,1,1,0
70801,3.284,99.10,326.00,1,1,0
70803,3.284,94.30,310.00,1,1,0
70805,3.288,100.80,328.00,1,1,0
70808,3.288,98.60,324.00,1,1,0
70821,3.288,98.80,324.00,1,1,0
70823,3.284,98.70,324.00,1,1,0
70826,3.284,100.20,329.00,1,1,0
70828,3.284,98.50,324.00,1,1,0
70830,3.284,98.50,324.00,1,1,0
70833,3.284,99.30,326.00,1,1,0
70835,3.288,99.00,324.00,1,1,0
70838,3.288,99.30,326.00,1,1,0
70840,3.288,99.20,326.00,1,1,0
70843,3.288,98.80,297.00,1,1,0
70845,3.284,98.50,323.00,1,1,0
70848,3.284,98.60,323.00,1,0,1
70850,3.288,99.00,329.00,1,0,1
70853,3.280,99.30,324.00,1,1,0
70865,3.284,98.80,324.00,1,1,0
70868,3.284,99.00,326.00,1,1,0
70870,3.288,98.20,323.00,1,1,0
70873,3.284,98.50,324.00,1,1,0
70875,3.288,98.80,324.00,1,1,0
70878,3.284,98.90,324.00,1,1,0
70880,3.284,99.40,326.00,1,1,0
70883,3.288,99.30,326.00,1,1,0
70885,3.284,99.10,326.00,1,1,0
70888,3.288,99.50,324.00,1,1,0
70890,3.284,98.50,323.00,1,1,0
70893,3.288,98.60,324.00,1,1,0
70895,3.288,98.70,323.00,1,1,0
70898,3.284,99.10,326.00,1,1,0
70910,3.264,99.70,328.00,1,1,0
70913,3.284,98.60,324.00,1,1,0
70915,3.288,98.80,323.00,1,1,0
70918,3.284,98.80,324.00,1,1,0
70920,3.284,98.60,324.00,1,1,0
70923,3.284,98.70,324.00,1,1,0
70925,3.284,98.30,324.00,1,1,0
70927,3.284,98.90,324.00,1,1,0
70930,3.288,99.10,326.00,1,1,0
70932,3.284,99.10,326.00,1,1,0
70935,3.288,99.00,326.00,1,1,0
70937,3.284,98.70,324.00,1,1,0
70940,3.288,99.00,328.00,1,1,0
70942,3.288,99.80,328.00,1,1,0
70955,3.284,98.60,324.00,1,1,0
70957,3.288,98.90,324.00,1,0,1
70960,3.284,99.20,423.00,1,0,1
70962,3.288,99.20,326.00,1,1,0
70965,3.260,123.10,403.00,1,1,0
70967,3.284,94.10,326.00,1,1,0
70970,3.288,99.20,326.00,1,1,0
70972,3.284,104.40,342.00,1,1,0
70975,3.284,99.10,326.00,1,1,0
70977,3.284,99.10,324.00,1,1,0
70980,3.284,99.10,326.00,1,1,0
70982,3.284,99.00,324.00,1,1,0
70985,3.284,99.30,326.00,1,1,0
70987,3.284,98.90,324.00,1,1,0
71000,3.284,99.20,326.00,1,1,0
71002,3.280,101.10,333.00,1,1,0
71005,3.284,94.00,324.00,1,1,0
71007,3.276,99.30,326.00,1,1,0
71010,3.288,98.90,324.00,1,1,0
71012,3.284,98.70,333.00,1,1,0
71015,3.288,98.40,323.00,1,0,1
71017,3.288,102.50,336.00,1,0,1
71020,3.284,102.30,382.00,1,1,0
71022,3.272,123.00,405.00,1,1,0
71024,3.284,100.90,331.00,1,1,0
71027,3.284,100.60,331.00,1,1,0
71029,3.284,100.40,326.00,1,1,0
71042,3.284,99.00,328.00,1,1,0
71045,3.288,98.40,323.00,1,1,0
71047,3.284,99.40,326.00,1,1,0
71050,3.284,90.50,298.00,1,1,0
71052,3.284,98.60,324.00,1,1,0
71054,3.284,99.30,326.00,1,1,0
71057,3.284,99.10,326.00,1,1,0
71059,3.284,99.10,326.00,1,1,0
71062,3.284,99.60,328.00,1,1,0
71064,3.284,99.00,326.00,1,1,0
71067,3.284,98.80,324.00,1,1,0
71069,3.284,99.10,326.00,1,0,1
71072,3.284,98.90,324.00,1,0,1
71074,3.284,103.10,338.00,1,1,0
71087,3.288,98.80,324.00,1,1,0
71089,3.288,99.90,328.00,1,1,0
71092,3.284,98.50,323.00,1,1,0
71094,3.288,98.90,324.00,1,1,0
71097,3.284,98.50,323.00,1,1,0
71099,3.288,98.70,324.00,1,1,0
71102,3.284,98.70,324.00,1,1,0
71104,3.284,103.50,339.00,1,1,0
71107,3.284,94.90,311.00,1,1,0
71109,3.284,100.00,326.00,1,1,0
71112,3.284,98.90,324.00,1,1,0
71114,3.284,98.70,324.00,1,1,0
71117,3.288,98.90,324.00,1,1,0
71119,3.288,98.70,324.00,1,1,0
71132,3.284,99.70,326.00,1,1,0
71134,3.284,99.00,326.00,1,1,0
71137,3.288,98.80,324.00,1,1,0
71139,3.284,98.60,324.00,1,1,0
71142,3.288,98.90,324.00,1,1,0
71144,3.284,98.50,323.00,1,1,0
71147,3.288,98.40,329.00,1,1,0
71149,3.284,99.00,326.00,1,1,0
71151,3.284,90.50,297.00,1,1,0
71154,3.284,98.70,324.00,1,1,0
71156,3.284,99.90,328.00,1,1,0
71159,3.284,98.50,323.00,1,1,0
71161,3.284,98.50,324.00,1,1,0
71164,3.284,99.40,326.00,1,1,0
71176,3.284,98.60,324.00,1,1,0
71179,3.288,99.10,326.00,1,1,0
71181,3.288,102.20,326.00,1,0,1
71184,3.284,131.00,326.00,1,0,1
71186,3.284,103.60,339.00,1,1,0
71189,3.284,94.50,310.00,1,1,0
71191,3.284,99.00,324.00,1,1,0
71194,3.284,99.30,326.00,1,1,0
71196,3.284,98.90,324.00,1,1,0
71199,3.288,98.70,323.00,1,1,0
71201,3.284,99.40,326.00,1,1,0
71204,3.284,98.70,324.00,1,1,0
71206,3.288,99.30,334.00,1,1,0
71209,3.284,93.70,308.00,1,1,0
71221,3.284,99.00,324.00,1,1,0
71224,3.284,99.70,328.00,1,1,0
71226,3.284,98.50,324.00,1,1,0
71229,3.288,98.60,324.00,1,1,0
71231,3.284,99.10,326.00,1,1,0
71234,3.284,99.10,326.00,1,1,0
71236,3.284,98.80,324.00,1,0,1
71239,3.284,99.00,323.00,1,0,1
71241,3.284,98.70,324.00,1,1,0
71244,3.272,125.60,321.00,1,1,0
71246,3.284,102.40,336.00,1,1,0
71248,3.280,98.30,323.00,1,1,0
71251,3.288,99.80,328.00,1,1,0
71253,3.288,90.40,297.00,1,1,0
71266,3.288,99.50,328.00,1,1,0
71269,3.284,98.90,324.00,1,1,0
71271,3.284,99.10,324.00,1,1,0
71273,3.284,98.80,324.00,1,1,0
71276,3.288,98.40,323.00,1,1,0
71278,3.284,98.80,324.00,1,1,0
71281,3.272,98.80,324.00,1,1,0
71283,3.280,99.10,326.00,1,1,0
71286,3.284,100.80,331.00,1,1,0
71288,3.284,98.80,324.00,1,1,0
71291,3.284,98.90,324.00,1,0,1
71293,3.276,99.70,328.00,1,0,1
71296,3.276,97.70,326.00,1,1,0
71298,3.284,94.00,308.00,1,1,0
71311,3.284,94.70,311.00,1,1,0
71313,3.284,98.90,324.00,1,1,0
71316,3.284,98.60,324.00,1,1,0
71318,3.284,99.00,324.00,1,1,0
71321,3.284,98.50,323.00,1,1,0
71323,3.284,98.50,323.00,1,1,0
71326,3.284,99.00,326.00,1,1,0
71328,3.284,98.80,324.00,1,1,0
71331,3.284,99.10,324.00,1,1,0
71333,3.284,102.50,336.00,1,1,0
71336,3.284,99.30,326.00,1,1,0
71338,3.284,99.00,324.00,1,1,0
71341,3.288,98.50,324.00,1,1,0
71343,3.288,98.50,323.00,1,1,0
71356,3.280,91.10,300.00,1,1,0
71358,3.284,90.50,297.00,1,1,0
71361,3.280,93.90,326.00,1,1,0
71363,3.288,99.20,326.00,1,1,0
71366,3.284,100.50,329.00,1,1,0
71368,3.284,98.80,326.00,1,1,0
71370,3.284,98.90,324.00,1,1,0
71373,3.284,98.50,323.00,1,1,0
71375,3.268,101.60,326.00,1,1,0
71378,3.288,98.70,324.00,1,1,0
71380,3.284,98.70,324.00,1,1,0
71383,3.288,99.30,326.00,1,1,0
71385,3.284,98.80,324.00,1,1,0
71388,3.284,98.60,324.00,1,1,0
71400,3.284,98.90,324.00,1,1,0
71403,3.284,98.70,323.00,1,0,1
71405,3.284,98.50,324.00,1,0,1
71408,3.288,99.60,326.00,1,1,0
71410,3.260,94.00,308.00,1,1,0
71413,3.280,97.70,311.00,1,1,0
71415,3.284,99.60,328.00,1,1,0
71418,3.284,98.90,324.00,1,1,0
71420,3.288,101.00,323.00,1,1,0
71423,3.284,98.50,323.00,1,1,0
71425,3.284,98.50,323.00,1,1,0
71428,3.288,98.70,324.00,1,1,0
71430,3.284,98.50,323.00,1,1,0
71433,3.284,98.70,324.00,1,1,0
71445,3.284,98.70,324.00,1,1,0
71448,3.288,98.90,324.00,1,1,0
71450,3.284,98.60,323.00,1,1,0
71453,3.284,98.60,324.00,1,1,0
71455,3.284,99.20,326.00,1,1,0
71458,3.284,94.10,297.00,1,0,1
71460,3.284,98.70,324.00,1,0,1
71463,3.260,99.40,326.00,1,1,0
71465,3.284,112.80,382.00,1,1,0
71467,3.284,98.60,324.00,1,1,0
71470,3.284,98.80,324.00,1,1,0
71472,3.284,99.10,328.00,1,1,0
71475,3.288,98.50,323.00,1,1,0
71477,3.284,101.00,333.00,1,1,0
71490,3.288,98.80,324.00,1,1,0
71493,3.284,99.00,324.00,1,1,0
71495,3.284,99.50,324.00,1,1,0
71497,3.284,98.90,324.00,1,1,0
71500,3.284,98.90,324.00,1,1,0
71502,3.284,99.00,324.00,1,1,0
71505,3.284,98.50,323.00,1,1,0
71507,3.284,98.60,324.00,1,1,0
71510,3.284,98.80,324.00,1,1,0
71512,3.284,99.50,326.00,1,1,0
71515,3.280,103.80,341.00,1,0,1
71517,3.284,93.90,326.00,1,0,1
71520,3.284,106.90,347.00,1,1,0
71522,3.280,94.10,308.00,1,1,0
71535,3.284,98.60,324.00,1,1,0
71537,3.284,99.00,326.00,1,1,0
71540,3.288,98.60,324.00,1,1,0
71542,3.284,98.70,324.00,1,1,0
71545,3.288,98.80,324.00,1,1,0
71547,3.284,99.10,324.00,1,1,0
71550,3.284,98.70,324.00,1,1,0
71552,3.284,98.60,324.00,1,1,0
71555,3.284,99.50,326.00,1,1,0
71557,3.284,99.70,328.00,1,1,0
71560,3.284,96.60,318.00,1,1,0
71562,3.284,90.40,324.00,1,1,0
71565,3.284,98.40,323.00,1,1,0
71567,3.284,99.30,326.00,1,1,0
71580,3.284,98.70,324.00,1,1,0
71582,3.284,99.40,324.00,1,1,0
71585,3.288,99.10,326.00,1,1,0
71587,3.284,99.10,326.00,1,1,0
71590,3.284,98.50,326.00,1,1,0
71592,3.284,98.70,324.00,1,1,0
71594,3.284,98.80,324.00,1,1,0
71597,3.284,98.70,324.00,1,1,0
71599,3.284,98.60,326.00,1,1,0
71602,3.284,99.70,328.00,1,1,0
71604,3.288,98.60,324.00,1,1,0
71607,3.272,102.40,326.00,1,1,0
71609,3.284,98.50,323.00,1,1,0
71612,3.288,98.80,324.00,1,1,0
71624,3.284,99.70,328.00,1,0,1
71627,3.284,105.90,323.00,1,0,1
71629,3.284,98.70,324.00,1,0,1
71632,3.276,133.80,439.00,1,1,0
71634,3.284,100.50,324.00,1,1,0
71637,3.284,100.80,329.00,1,1,0
71639,3.284,99.20,326.00,1,1,0
71642,3.284,99.10,323.00,1,1,0
71644,3.284,98.40,323.00,1,1,0
71647,3.284,98.40,323.00,1,1,0
71649,3.284,98.50,324.00,1,1,0
71652,3.284,98.70,324.00,1,1,0
71654,3.284,99.00,326.00,1,1,0
71667,3.288,99.00,326.00,1,1,0
71669,3.284,99.20,326.00,1,1,0
71672,3.284,99.30,303.00,1,1,0
71674,3.284,99.80,328.00,1,1,0
71677,3.284,99.00,324.00,1,1,0
71679,3.284,98.20,324.00,1,1,0
71682,3.284,99.70,328.00,1,0,1
71684,3.280,99.10,326.00,1,0,1
71687,3.284,100.70,437.00,1,1,0
71689,3.276,97.40,319.00,1,1,0
71692,3.288,102.00,336.00,1,1,0
71694,3.284,98.70,324.00,1,1,0
71696,3.284,98.60,324.00,1,1,0
71699,3.284,98.70,324.00,1,1,0
71712,3.284,98.70,324.00,1,1,0
71714,3.284,99.50,326.00,1,1,0
71717,3.284,98.60,324.00,1,1,0
71719,3.284,97.10,318.00,1,1,0
71721,3.284,99.10,326.00,1,1,0
71724,3.284,98.50,324.00,1,1,0
71726,3.284,98.80,324.00,1,1,0
71729,3.284,98.40,323.00,1,1,0
71731,3.284,99.70,326.00,1,1,0
71734,3.284,99.10,326.00,1,1,0
71736,3.284,98.90,324.00,1,0,1
71739,3.284,99.50,428.00,1,0,1
71741,3.284,98.40,323.00,1,0,1
71744,3.284,98.20,323.00,1,0,1
71756,3.284,98.50,323.00,1,1,0
71759,3.284,98.20,323.00,1,1,0
71761,3.284,99.20,328.00,1,1,0
71764,3.288,99.20,326.00,1,1,0
71766,3.284,90.40,297.00,1,1,0
71769,3.288,101.40,326.00,1,1,0
71771,3.288,97.70,321.00,1,1,0
71774,3.284,99.70,328.00,1,1,0
71776,3.288,99.40,324.00,1,1,0
71779,3.288,99.90,328.00,1,1,0
71781,3.288,102.20,336.00,1,1,0
71784,3.284,99.20,326.00,1,1,0
71786,3.284,99.20,326.00,1,1,0
71789,3.288,99.10,326.00,1,1,0
71801,3.284,99.50,324.00,1,1,0
71804,3.256,99.60,326.00,1,1,0
71806,3.284,94.00,324.00,1,1,0
71809,3.272,101.50,333.00,1,1,0
71811,3.288,102.60,338.00,1,1,0
71814,3.288,100.90,326.00,1,1,0
71816,3.288,98.90,324.00,1,1,0
71818,3.284,98.80,324.00,1,1,0
71821,3.288,98.60,331.00,1,1,0
71823,3.284,94.90,311.00,1,1,0
71826,3.276,94.50,310.00,1,1,0
71828,3.284,98.40,326.00,1,1,0
71831,3.284,99.00,324.00,1,1,0
71833,3.284,98.90,324.00,1,1,0
71846,3.284,101.40,333.00,1,1,0
71848,3.284,98.50,324.00,1,1,0
71851,3.284,98.70,324.00,1,0,1
71853,3.284,98.60,324.00,1,0,1
71856,3.284,101.20,324.00,1,1,0
71858,3.280,133.60,308.00,1,1,0
71861,3.280,100.30,329.00,1,1,0
71863,3.284,101.80,334.00,1,1,0
71866,3.284,98.50,326.00,1,1,0
71868,3.284,90.60,298.00,1,1,0
71871,3.284,98.60,324.00,1,1,0
71873,3.284,99.20,326.00,1,1,0
71876,3.284,98.60,324.00,1,1,0
71888,3.284,99.30,326.00,1,1,0
71891,3.284,98.30,323.00,1,1,0
71893,3.288,99.30,324.00,1,1,0
71896,3.288,99.20,326.00,1,1,0
71898,3.284,103.70,341.00,1,1,0
71901,3.284,98.80,323.00,1,1,0
71903,3.284,98.70,324.00,1,1,0
71906,3.284,103.20,339.00,1,0,1
71908,3.276,99.60,324.00,1,0,1
71911,3.260,100.00,328.00,1,1,0
71913,3.268,119.10,390.00,1,1,0
71916,3.280,97.40,331.00,1,1,0
71918,3.284,98.90,324.00,1,1,0
71931,3.284,99.20,324.00,1,1,0
71933,3.284,98.80,324.00,1,1,0
71936,3.280,101.90,334.00,1,1,0
71938,3.284,98.50,324.00,1,1,0
71941,3.284,98.50,323.00,1,1,0
71943,3.284,98.80,324.00,1,1,0
71945,3.284,98.90,324.00,1,1,0
71948,3.284,98.60,324.00,1,1,0
71950,3.284,99.50,326.00,1,1,0
71953,3.284,98.60,324.00,1,1,0
71955,3.284,98.80,324.00,1,1,0
71958,3.284,98.60,324.00,1,1,0
71960,3.284,98.70,326.00,1,1,0
71963,3.284,102.90,338.00,1,0,1
71975,3.280,99.90,328.00,1,1,0
71978,3.288,98.60,324.00,1,1,0
71980,3.284,98.60,324.00,1,1,0
71983,3.288,98.80,321.00,1,1,0
71985,3.284,98.90,324.00,1,1,0
71988,3.284,98.80,324.00,1,1,0
71990,3.276,98.80,324.00,1,1,0
71993,3.284,98.90,324.00,1,1,0
71995,3.284,98.50,323.00,1,1,0
71998,3.284,98.70,324.00,1,1,0
72000,3.284,99.10,326.00,1,1,0
72003,3.288,101.70,334.00,1,1,0
72005,3.284,99.10,323.00,1,1,0
72008,3.284,98.60,324.00,1,1,0
72020,3.280,98.60,324.00,1,0,1
72023,3.284,98.80,324.00,1,1,0
72025,3.252,102.90,334.00,1,1,0
72028,3.284,94.10,308.00,1,1,0
72030,3.280,98.70,324.00,1,1,0
72033,3.284,98.80,324.00,1,1,0
72035,3.284,100.50,324.00,1,1,0
72038,3.284,98.90,324.00,1,1,0
72040,3.284,99.00,324.00,1,1,0
72043,3.284,98.50,323.00,1,1,0
72045,3.284,98.60,324.00,1,1,0
72047,3.284,99.00,324.00,1,1,0
72050,3.284,97.60,326.00,1,1,0
72052,3.288,98.60,324.00,1,1,0
72065,3.284,98.50,323.00,1,1,0
72068,3.284,99.10,326.00,1,1,0
72070,3.284,98.80,326.00,1,1,0
72072,3.284,90.10,297.00,1,1,0
72075,3.284,98.50,323.00,1,0,1
72077,3.284,99.30,326.00,1,0,1
72080,3.284,127.00,344.00,1,1,0
72082,3.260,99.00,324.00,1,1,0
72085,3.284,100.20,329.00,1,1,0
72087,3.288,99.70,326.00,1,1,0
72090,3.288,99.60,328.00,1,1,0
72092,3.284,98.70,324.00,1,1,0
72095,3.284,99.30,324.00,1,1,0
72097,3.284,99.00,324.00,1,1,0
72110,3.284,98.50,323.00,1,1,0
72112,3.284,98.90,324.00,1,1,0
72115,3.284,99.30,326.00,1,1,0
72117,3.284,99.40,326.00,1,1,0
72120,3.284,100.00,328.00,1,1,0
72122,3.284,100.30,328.00,1,1,0
72125,3.284,98.50,323.00,1,1,0
72127,3.280,98.60,324.00,1,1,0
72130,3.284,94.00,308.00,1,0,1
72132,3.276,99.10,431.00,1,0,1
72135,3.284,99.70,328.00,1,1,0
72137,3.268,119.30,392.00,1,1,0
72140,3.280,98.80,323.00,1,1,0
72142,3.284,98.50,323.00,1,1,0
72155,3.284,98.60,324.00,1,1,0
72157,3.288,98.40,323.00,1,1,0
72160,3.280,98.50,323.00,1,1,0
72162,3.288,98.80,324.00,1,1,0
72165,3.288,99.00,324.00,1,1,0
72167,3.288,98.70,324.00,1,1,0
72169,3.284,104.40,342.00,1,1,0
72172,3.284,100.00,328.00,1,1,0
72174,3.284,91.00,297.00,1,1,0
72177,3.284,98.40,323.00,1,1,0
72179,3.284,99.00,326.00,1,1,0
72182,3.288,99.40,326.00,1,1,0
72184,3.284,99.10,326.00,1,0,1
72187,3.276,98.70,324.00,1,0,1
72199,3.284,98.80,324.00,1,1,0
72202,3.284,99.10,326.00,1,1,0
72204,3.288,98.50,334.00,1,1,0
72207,3.284,98.50,323.00,1,1,0
72209,3.284,98.60,324.00,1,1,0
72212,3.284,98.80,326.00,1,1,0
72214,3.284,99.50,326.00,1,1,0
72217,3.288,99.30,326.00,1,1,0
72219,3.284,99.10,326.00,1,1,0
72222,3.284,98.80,324.00,1,1,0
72224,3.284,98.50,324.00,1,1,0
72227,3.284,98.80,324.00,1,1,0
72229,3.284,100.10,329.00,1,1,0
72232,3.284,93.90,308.00,1,1,0
72244,3.284,99.90,328.00,1,1,0
72247,3.272,94.00,308.00,1,1,0
72249,3.288,98.80,323.00,1,1,0
72252,3.284,98.60,324.00,1,1,0
72254,3.284,98.50,324.00,1,1,0
72257,3.288,99.40,321.00,1,1,0
72259,3.288,98.50,323.00,1,1,0
72262,3.284,99.30,326.00,1,1,0
72264,3.288,98.50,324.00,1,1,0
72266,3.284,98.80,324.00,1,1,0
72269,3.284,99.00,324.00,1,1,0
72271,3.288,99.10,326.00,1,1,0
72274,3.284,100.00,328.00,1,1,0
72276,3.288,93.00,305.00,1,1,0
72289,3.284,98.50,324.00,1,1,0
72291,3.288,99.10,326.00,1,1,0
72294,3.284,98.50,324.00,1,0,1
72296,3.288,99.50,326.00,1,0,1
72299,3.288,99.50,326.00,1,1,0
72301,3.276,126.10,321.00,1,1,0
72304,3.288,99.40,326.00,1,1,0
72306,3.284,98.80,324.00,1,1,0
72309,3.284,98.40,324.00,1,1,0
72311,3.284,99.80,328.00,1,1,0
72314,3.284,99.10,326.00,1,1,0
72316,3.284,98.70,324.00,1,1,0
72319,3.284,99.10,326.00,1,1,0
72321,3.288,99.00,324.00,1,1,0
72334,3.288,98.50,323.00,1,1,0
72336,3.284,99.40,326.00,1,1,0
72339,3.284,98.80,324.00,1,1,0
72341,3.288,100.70,331.00,1,1,0
72344,3.284,98.50,324.00,1,1,0
72346,3.284,98.80,324.00,1,1,0
72349,3.284,98.80,324.00,1,0,1
72351,3.276,98.60,324.00,1,0,1
72354,3.276,98.70,324.00,1,1,0
72356,3.284,137.40,451.00,1,1,0
72359,3.280,99.60,328.00,1,1,0
72361,3.284,98.80,326.00,1,1,0
72363,3.288,98.60,324.00,1,1,0
72366,3.284,98.60,324.00,1,1,0
72379,3.284,95.40,313.00,1,1,0
72381,3.284,90.40,324.00,1,1,0
72384,3.288,98.60,324.00,1,1,0
72386,3.288,99.20,326.00,1,1,0
72388,3.284,98.80,324.00,1,1,0
72391,3.288,98.70,324.00,1,1,0
72393,3.288,99.10,326.00,1,1,0
72396,3.284,99.60,328.00,1,1,0
72398,3.288,98.90,326.00,1,1,0
72401,3.288,99.60,328.00,1,1,0
72403,3.288,99.90,328.00,1,1,0
72406,3.284,102.00,351.00,1,0,1
72408,3.288,129.80,426.00,1,0,1
72411,3.284,99.50,326.00,1,1,0
72423,3.284,99.30,326.00,1,1,0
72426,3.284,99.50,324.00,1,1,0
72428,3.284,98.70,324.00,1,1,0
72431,3.284,100.10,329.00,1,1,0
72433,3.288,99.30,339.00,1,1,0
72436,3.284,98.60,310.00,1,1,0
72438,3.284,99.00,324.00,1,1,0
72441,3.284,99.20,326.00,1,1,0
72443,3.284,99.30,329.00,1,1,0
72446,3.288,99.10,326.00,1,1,0
72448,3.284,98.50,324.00,1,1,0
72451,3.284,98.90,326.00,1,1,0
72453,3.288,99.60,328.00,1,1,0
72456,3.284,99.10,326.00,1,1,0
72468,3.284,100.00,328.00,1,1,0
72471,3.284,99.30,324.00,1,1,0
72473,3.284,99.20,326.00,1,1,0
72476,3.284,98.80,324.00,1,1,0
72478,3.288,99.60,328.00,1,1,0
72481,3.284,97.20,319.00,1,1,0
72483,3.284,90.40,297.00,1,1,0
72485,3.284,100.90,331.00,1,1,0
72488,3.284,101.10,336.00,1,1,0
72490,3.288,98.90,324.00,1,1,0
72493,3.288,98.50,323.00,1,1,0
72495,3.284,99.10,324.00,1,1,0
72498,3.284,101.70,334.00,1,1,0
72511,3.284,98.80,324.00,1,1,0
72513,3.284,98.40,323.00,1,1,0
72515,3.284,98.80,331.00,1,0,1
72518,3.280,104.30,341.00,1,0,1
72520,3.284,99.60,328.00,1,1,0
72523,3.260,93.90,328.00,1,1,0
72525,3.284,98.70,324.00,1,1,0
72528,3.284,99.20,326.00,1,1,0
72530,3.284,98.80,323.00,1,1,0
72533,3.284,99.10,326.00,1,1,0
72535,3.284,99.10,326.00,1,1,0
72538,3.284,99.60,333.00,1,1,0
72540,3.284,97.10,319.00,1,1,0
72543,3.284,98.80,324.00,1,1,0
72555,3.284,98.90,324.00,1,1,0
72558,3.284,99.00,324.00,1,1,0
72560,3.284,98.90,324.00,1,1,0
72563,3.288,99.00,324.00,1,1,0
72565,3.284,100.50,329.00,1,1,0
72568,3.284,99.10,324.00,1,1,0
72570,3.284,99.10,326.00,1,0,1
72573,3.284,98.50,321.00,1,0,1
72575,3.284,98.60,323.00,1,1,0
72578,3.276,96.70,318.00,1,1,0
72580,3.284,98.80,324.00,1,1,0
72583,3.288,99.10,326.00,1,1,0
72585,3.284,90.40,297.00,1,1,0
72587,3.284,98.60,324.00,1,1,0
72600,3.268,98.70,324.00,1,1,0
72603,3.284,99.10,326.00,1,1,0
72605,3.284,99.30,326.00,1,1,0
72608,3.284,98.70,324.00,1,1,0
72610,3.284,99.20,326.00,1,1,0
72612,3.284,98.90,324.00,1,1,0
72615,3.288,98.90,324.00,1,1,0
72617,3.284,99.10,326.00,1,1,0
72620,3.284,99.00,324.00,1,1,0
72622,3.284,98.80,324.00,1,1,0
72625,3.284,99.10,326.00,1,0,1
72627,3.276,98.60,426.00,1,0,1
72630,3.284,99.00,324.00,1,1,0
72632,3.256,95.80,315.00,1,1,0
72645,3.284,98.50,323.00,1,1,0
72647,3.284,98.70,324.00,1,1,0
72650,3.288,101.70,324.00,1,1,0
72652,3.280,98.70,324.00,1,1,0
72655,3.284,98.50,324.00,1,1,0
72657,3.284,98.50,324.00,1,1,0
72660,3.284,99.10,326.00,1,1,0
72662,3.284,98.90,324.00,1,1,0
72665,3.288,98.90,326.00,1,1,0
72667,3.284,98.70,324.00,1,1,0
72670,3.284,98.60,324.00,1,1,0
72672,3.284,99.00,323.00,1,1,0
72675,3.284,98.30,323.00,1,1,0
72677,3.284,99.00,324.00,1,1,0
72694,3.284,99.20,326.00,1,1,0
72697,3.288,100.00,326.00,1,1,0
72699,3.284,99.20,326.00,1,1,0
72702,3.284,99.50,326.00,1,1,0
72704,3.288,98.80,324.00,1,1,0
72707,3.284,99.30,326.00,1,1,0
72709,3.288,99.30,326.00,1,1,0
72712,3.284,98.80,326.00,1,1,0
72714,3.284,99.50,326.00,1,1,0
72716,3.284,98.90,324.00,1,1,0
72719,3.288,98.90,324.00,1,1,0
72721,3.280,98.70,324.00,1,1,0
72724,3.284,99.70,328.00,1,1,0
72726,3.284,99.50,328.00,1,1,0
72739,3.288,100.00,328.00,1,0,1
72741,3.288,98.90,328.00,1,1,0
72744,3.256,94.00,308.00,1,1,0
72746,3.280,96.80,318.00,1,1,0
72749,3.284,98.60,324.00,1,1,0
72751,3.284,98.70,324.00,1,1,0
72754,3.284,99.50,326.00,1,1,0
72756,3.284,99.10,324.00,1,1,0
72759,3.284,99.80,328.00,1,1,0
72761,3.284,98.10,323.00,1,1,0
72764,3.284,99.30,326.00,1,1,0
72766,3.284,99.30,326.00,1,1,0
72769,3.288,99.10,326.00,1,1,0
72771,3.288,98.90,324.00,1,1,0
72784,3.284,99.30,323.00,1,1,0
72786,3.284,99.80,328.00,1,1,0
72789,3.288,90.30,297.00,1,1,0
72791,3.284,96.10,316.00,1,0,1
72794,3.276,99.20,326.00,1,0,1
72796,3.280,128.30,421.00,1,1,0
72799,3.284,136.60,449.00,1,1,0
72801,3.284,99.80,329.00,1,1,0
72804,3.284,99.20,326.00,1,1,0
72806,3.284,98.50,324.00,1,1,0
72809,3.284,100.90,326.00,1,1,0
72811,3.288,99.20,326.00,1,1,0
72813,3.284,98.70,324.00,1,1,0
72816,3.288,99.30,324.00,1,1,0
72829,3.280,98.70,326.00,1,1,0
72831,3.288,99.20,326.00,1,1,0
72834,3.284,99.20,326.00,1,1,0
72836,3.288,99.10,324.00,1,1,0
72838,3.284,98.50,324.00,1,1,0
72841,3.288,98.90,324.00,1,1,0
72843,3.284,98.80,324.00,1,1,0
72846,3.284,101.50,313.00,1,1,0
72848,3.280,106.90,351.00,1,0,1
72851,3.288,131.80,433.00,1,0,1
72853,3.284,100.00,444.00,1,1,0
72856,3.284,98.80,324.00,1,1,0
72858,3.284,99.10,326.00,1,1,0
72871,3.284,98.70,324.00,1,1,0
72873,3.284,98.70,324.00,1,1,0
72876,3.284,99.40,326.00,1,1,0
72878,3.284,98.70,324.00,1,1,0
72881,3.284,99.10,326.00,1,1,0
72883,3.288,99.00,324.00,1,1,0
72886,3.284,99.50,326.00,1,1,0
72888,3.284,98.90,326.00,1,1,0
72891,3.288,90.30,297.00,1,1,0
72893,3.284,93.90,308.00,1,1,0
72896,3.284,102.00,326.00,1,1,0
72898,3.284,100.00,328.00,1,1,0
72901,3.284,98.80,324.00,1,1,0
72903,3.284,101.20,331.00,1,0,1
72916,3.288,99.10,326.00,1,1,0
72918,3.284,99.50,326.00,1,1,0
72921,3.288,99.30,326.00,1,1,0
72923,3.284,98.50,323.00,1,1,0
72926,3.284,98.60,324.00,1,1,0
72928,3.284,98.80,324.00,1,1,0
72931,3.284,99.10,326.00,1,1,0
72933,3.284,99.40,326.00,1,1,0
72936,3.280,99.10,326.00,1,1,0
72938,3.284,98.80,324.00,1,1,0
72940,3.284,98.80,324.00,1,1,0
72943,3.284,98.60,324.00,1,1,0
72945,3.284,98.90,324.00,1,1,0
72948,3.284,101.90,310.00,1,1,0
72961,3.284,130.30,428.00,1,0,1
72963,3.284,99.00,426.00,1,1,0
72965,3.276,99.30,326.00,1,1,0
72968,3.288,98.90,324.00,1,1,0
72970,3.284,101.60,326.00,1,1,0
72973,3.288,98.40,323.00,1,1,0
72975,3.284,98.60,324.00,1,1,0
72978,3.284,98.60,326.00,1,1,0
72980,3.284,99.50,326.00,1,1,0
72983,3.284,99.60,328.00,1,1,0
72985,3.284,99.00,318.00,1,1,0
72988,3.280,99.20,326.00,1,1,0
72990,3.284,99.50,328.00,1,1,0
72993,3.284,99.10,297.00,1,1,0
73005,3.284,98.70,324.00,1,1,0
73008,3.284,99.10,326.00,1,1,0
73010,3.288,98.70,324.00,1,1,0
73013,3.284,99.40,326.00,1,0,1
73015,3.288,99.40,326.00,1,0,1
73018,3.288,98.70,323.00,1,1,0
73020,3.256,93.80,308.00,1,1,0
73023,3.280,98.80,324.00,1,1,0
73025,3.288,98.40,323.00,1,1,0
73028,3.288,98.50,323.00,1,1,0
73030,3.284,99.00,324.00,1,1,0
73033,3.288,99.40,326.00,1,1,0
73035,3.284,99.10,326.00,1,1,0
73037,3.288,99.50,328.00,1,1,0
73050,3.284,100.80,316.00,1,1,0
73053,3.284,93.90,323.00,1,1,0
73055,3.284,98.90,324.00,1,1,0
73058,3.288,99.00,326.00,1,1,0
73060,3.284,98.90,326.00,1,1,0
73062,3.284,99.50,326.00,1,1,0
73065,3.284,99.60,328.00,1,1,0
73067,3.284,99.10,326.00,1,0,1
73070,3.284,99.00,324.00,1,0,1
73072,3.260,98.60,324.00,1,0,1
73075,3.288,102.50,452.00,1,1,0
73077,3.284,99.40,326.00,1,1,0
73080,3.284,102.20,336.00,1,1,0
73082,3.284,98.90,326.00,1,1,0
73095,3.288,99.50,301.00,1,1,0
73097,3.284,90.40,297.00,1,1,0
73100,3.284,100.20,329.00,1,1,0
73102,3.288,99.70,326.00,1,1,0
73105,3.284,98.60,324.00,1,1,0
73107,3.284,98.90,324.00,1,1,0
73110,3.284,99.50,326.00,1,1,0
73112,3.284,99.10,326.00,1,1,0
73115,3.284,100.30,329.00,1,1,0
73117,3.280,99.20,326.00,1,1,0
73120,3.288,99.20,323.00,1,1,0
73122,3.284,99.00,324.00,1,1,0
73125,3.284,99.40,326.00,1,0,1
73127,3.288,98.90,431.00,1,0,1
73140,3.288,98.90,326.00,1,1,0
73142,3.284,100.00,328.00,1,1,0
73145,3.288,98.80,324.00,1,1,0
73147,3.284,101.20,324.00,1,1,0
73150,3.284,98.60,324.00,1,1,0
73152,3.284,101.20,333.00,1,1,0
73155,3.284,95.30,323.00,1,1,0
73157,3.284,98.50,331.00,1,1,0
73159,3.284,98.60,324.00,1,1,0
73162,3.284,98.70,324.00,1,1,0
73164,3.284,98.50,324.00,1,1,0
73167,3.284,98.80,324.00,1,1,0
73169,3.284,98.90,324.00,1,1,0
73172,3.284,98.80,326.00,1,1,0
73184,3.284,99.30,326.00,1,1,0
73187,3.256,101.30,333.00,1,1,0
73189,3.284,99.00,324.00,1,1,0
73192,3.284,102.50,324.00,1,1,0
73194,3.284,98.70,324.00,1,1,0
73197,3.284,99.70,328.00,1,1,0
73199,3.288,90.10,297.00,1,1,0
73202,3.284,99.30,326.00,1,1,0
73204,3.284,99.20,326.00,1,1,0
73207,3.288,100.10,329.00,1,1,0
73209,3.288,99.80,326.00,1,1,0
73212,3.272,99.40,326.00,1,1,0
73214,3.288,99.70,328.00,1,1,0
73217,3.284,98.70,326.00,1,1,0
73229,3.288,98.60,324.00,1,1,0
73232,3.288,101.20,333.00,1,1,0
73234,3.288,102.20,336.00,1,0,1
73237,3.280,99.40,431.00,1,0,1
73239,3.288,99.30,326.00,1,1,0
73242,3.276,93.90,308.00,1,1,0
73244,3.284,99.20,326.00,1,1,0
73247,3.288,100.60,331.00,1,1,0
73249,3.288,98.70,324.00,1,1,0
73252,3.284,98.50,324.00,1,1,0
73254,3.288,100.30,329.00,1,1,0
73256,3.284,93.70,308.00,1,1,0
73259,3.288,98.80,324.00,1,1,0
73272,3.284,99.40,326.00,1,1,0
73274,3.284,99.50,324.00,1,1,0
73277,3.284,98.70,324.00,1,1,0
73279,3.284,102.60,336.00,1,1,0
73282,3.288,99.60,329.00,1,1,0
73284,3.288,98.80,324.00,1,1,0
73286,3.280,100.50,329.00,1,1,0
73289,3.288,99.50,324.00,1,0,1
73291,3.284,99.30,324.00,1,0,1
73294,3.284,98.90,324.00,1,1,0
73296,3.268,116.00,324.00,1,1,0
73299,3.284,99.40,326.00,1,1,0
73301,3.284,94.10,310.00,1,1,0
73304,3.284,90.50,326.00,1,1,0
73316,3.288,99.70,328.00,1,1,0
73319,3.288,98.90,326.00,1,1,0
73321,3.288,99.20,326.00,1,1,0
73324,3.288,99.10,326.00,1,1,0
73326,3.284,99.40,326.00,1,1,0
73329,3.284,98.70,324.00,1,1,0
73331,3.288,98.70,324.00,1,1,0
73334,3.284,99.00,324.00,1,1,0
73336,3.284,99.00,326.00,1,1,0
73339,3.288,99.00,324.00,1,1,0
73341,3.288,102.20,324.00,1,1,0
73344,3.284,98.80,324.00,1,0,1
73346,3.268,102.90,339.00,1,0,1
73349,3.284,98.60,324.00,1,1,0
73361,3.284,98.60,324.00,1,1,0
73364,3.284,99.10,326.00,1,1,0
73366,3.288,99.30,326.00,1,1,0
73369,3.284,98.90,324.00,1,1,0
73371,3.288,99.60,324.00,1,1,0
73374,3.284,98.70,324.00,1,1,0
73376,3.288,98.00,321.00,1,1,0
73379,3.284,98.60,323.00,1,1,0
73381,3.288,99.20,324.00,1,1,0
73383,3.284,98.80,324.00,1,1,0
73386,3.284,98.90,328.00,1,1,0
73388,3.284,99.00,326.00,1,1,0
73391,3.284,98.40,323.00,1,1,0
73393,3.288,98.40,323.00,1,1,0
73406,3.284,102.50,406.00,1,1,0
73409,3.284,99.30,326.00,1,1,0
73411,3.288,99.00,326.00,1,1,0
73413,3.288,99.60,326.00,1,1,0
73416,3.288,99.20,326.00,1,1,0
73418,3.284,99.50,328.00,1,1,0
73421,3.284,99.70,328.00,1,1,0
73423,3.284,99.60,324.00,1,1,0
73426,3.284,98.80,324.00,1,1,0
73428,3.284,98.80,324.00,1,1,0
73431,3.288,99.30,324.00,1,1,0
73433,3.288,100.30,329.00,1,1,0
73436,3.284,99.00,324.00,1,1,0
73438,3.288,98.70,324.00,1,1,0
73451,3.288,99.20,336.00,1,1,0
73453,3.284,98.80,324.00,1,1,0
73456,3.288,98.60,323.00,1,0,1
73458,3.284,99.10,336.00,1,0,1
73461,3.284,89.70,297.00,1,1,0
73463,3.264,98.80,324.00,1,1,0
73466,3.284,94.40,331.00,1,1,0
73468,3.284,99.50,326.00,1,1,0
73471,3.284,99.20,326.00,1,1,0
73473,3.272,99.50,328.00,1,1,0
73476,3.284,99.80,323.00,1,1,0
73478,3.288,98.80,324.00,1,1,0
73480,3.288,98.30,323.00,1,1,0
73483,3.288,102.10,326.00,1,1,0
73496,3.288,99.20,324.00,1,1,0
73498,3.288,99.00,326.00,1,1,0
73501,3.288,99.70,328.00,1,1,0
73503,3.284,99.20,326.00,1,1,0
73506,3.288,90.40,297.00,1,1,0
73508,3.284,98.70,324.00,1,1,0
73510,3.284,99.00,326.00,1,0,1
73513,3.284,99.20,326.00,1,0,1
73515,3.288,99.90,328.00,1,0,1
73518,3.284,103.50,444.00,1,1,0
73520,3.284,99.30,326.00,1,1,0
73523,3.288,98.40,323.00,1,1,0
73525,3.284,99.40,326.00,1,1,0
73528,3.288,98.90,324.00,1,1,0
73540,3.284,98.80,324.00,1,1,0
73543,3.284,98.50,323.00,1,1,0
73545,3.288,99.10,326.00,1,1,0
73548,3.284,99.30,326.00,1,1,0
73550,3.284,98.90,324.00,1,1,0
73553,3.288,98.50,323.00,1,1,0
73555,3.284,99.00,323.00,1,1,0
73558,3.284,98.70,324.00,1,1,0
73560,3.284,98.70,324.00,1,1,0
73563,3.280,97.10,308.00,1,1,0
73565,3.284,98.70,324.00,1,1,0
73568,3.284,98.90,324.00,1,0,1
73570,3.284,99.00,434.00,1,0,1
73573,3.288,98.90,323.00,1,1,0
73585,3.288,99.00,324.00,1,1,0
73588,3.284,98.70,324.00,1,1,0
73590,3.288,99.40,326.00,1,1,0
73593,3.284,99.40,326.00,1,1,0
73595,3.288,99.00,326.00,1,1,0
73598,3.284,99.50,326.00,1,1,0
73600,3.284,99.10,328.00,1,1,0
73603,3.284,99.20,326.00,1,1,0
73605,3.284,99.00,324.00,1,1,0
73607,3.284,100.30,297.00,1,1,0
73610,3.284,96.80,318.00,1,1,0
73612,3.284,99.00,324.00,1,1,0
73615,3.284,98.80,326.00,1,1,0
73617,3.284,98.80,324.00,1,1,0
73630,3.272,99.20,329.00,1,1,0
73632,3.268,98.00,323.00,1,1,0
73635,3.288,99.60,328.00,1,1,0
73637,3.284,98.90,326.00,1,1,0
73640,3.284,99.40,326.00,1,1,0
73642,3.284,98.90,324.00,1,1,0
73645,3.284,98.90,324.00,1,1,0
73647,3.288,99.20,326.00,1,1,0
73650,3.280,99.60,328.00,1,1,0
73652,3.288,99.70,328.00,1,1,0
73655,3.288,99.50,326.00,1,1,0
73657,3.288,99.10,326.00,1,1,0
73660,3.284,99.40,331.00,1,1,0
73662,3.288,99.50,328.00,1,1,0
73675,3.288,99.00,324.00,1,1,0
73677,3.288,100.40,329.00,1,0,1
73680,3.284,98.70,324.00,1,0,1
73682,3.288,99.00,336.00,1,1,0
73685,3.280,96.00,315.00,1,1,0
73687,3.280,99.00,324.00,1,1,0
73690,3.284,98.60,328.00,1,1,0
73692,3.284,98.70,324.00,1,1,0
73695,3.284,98.50,324.00,1,1,0
73697,3.284,98.50,324.00,1,1,0
73700,3.288,99.00,324.00,1,1,0
73702,3.284,98.60,324.00,1,1,0
73704,3.284,98.90,328.00,1,1,0
73707,3.288,99.20,326.00,1,1,0
73720,3.288,98.60,324.00,1,1,0
73722,3.284,98.70,324.00,1,1,0
73725,3.288,99.00,326.00,1,1,0
73727,3.284,98.80,323.00,1,1,0
73729,3.284,98.80,324.00,1,1,0
73732,3.284,98.90,324.00,1,0,1
73734,3.276,99.00,367.00,1,0,1
73737,3.276,99.70,328.00,1,1,0
73739,3.264,101.00,331.00,1,1,0
73742,3.280,98.60,324.00,1,1,0
73744,3.284,99.40,326.00,1,1,0
73747,3.284,98.80,324.00,1,1,0
73749,3.284,98.70,326.00,1,1,0
73752,3.288,99.40,326.00,1,1,0
73764,3.284,98.70,324.00,1,1,0
73767,3.284,101.00,331.00,1,1,0
73769,3.284,95.10,326.00,1,1,0
73772,3.284,99.20,326.00,1,1,0
73774,3.284,99.20,326.00,1,1,0
73777,3.284,98.60,324.00,1,1,0
73779,3.284,98.60,324.00,1,1,0
73782,3.284,98.80,324.00,1,1,0
73784,3.288,98.70,324.00,1,1,0
73787,3.284,101.00,324.00,1,0,1
73789,3.284,99.20,326.00,1,0,1
73792,3.264,99.70,328.00,1,0,1
73794,3.284,99.30,324.00,1,0,1
73797,3.284,62.50,206.00,1,1,0
73809,3.284,102.20,336.00,1,1,0
73812,3.284,99.20,326.00,1,1,0
73814,3.284,90.40,297.00,1,1,0
73817,3.284,98.50,324.00,1,1,0
73819,3.284,99.10,326.00,1,1,0
73822,3.284,98.60,324.00,1,1,0
73824,3.284,98.70,324.00,1,1,0
73826,3.284,99.60,328.00,1,1,0
73829,3.284,98.90,326.00,1,1,0
73831,3.284,98.80,324.00,1,1,0
73834,3.284,99.60,328.00,1,1,0
73836,3.284,98.90,324.00,1,1,0
73839,3.284,98.70,326.00,1,1,0
73841,3.288,99.30,326.00,1,1,0
73854,3.284,98.50,323.00,1,1,0
73856,3.284,99.10,326.00,1,1,0
73859,3.288,99.80,326.00,1,1,0
73861,3.288,98.90,324.00,1,1,0
73864,3.284,99.50,328.00,1,1,0
73866,3.284,99.10,324.00,1,1,0
73869,3.284,101.50,333.00,1,1,0
73871,3.284,93.80,308.00,1,1,0
73874,3.288,98.60,324.00,1,1,0
73876,3.284,98.50,323.00,1,1,0
73879,3.284,98.90,324.00,1,1,0
73881,3.284,98.70,326.00,1,1,0
73884,3.288,99.20,326.00,1,1,0
73886,3.288,98.80,324.00,1,1,0
73899,3.288,99.80,328.00,1,1,0
73901,3.284,98.90,324.00,1,1,0
73904,3.288,105.30,324.00,1,0,1
73906,3.284,98.50,323.00,1,0,1
73909,3.284,129.80,426.00,1,1,0
73911,3.280,100.10,323.00,1,1,0
73914,3.288,100.30,329.00,1,1,0
73916,3.284,90.30,297.00,1,1,0
73919,3.284,98.90,324.00,1,1,0
73921,3.284,99.10,326.00,1,1,0
73923,3.284,98.60,324.00,1,1,0
73926,3.288,98.30,324.00,1,1,0
73928,3.284,99.10,326.00,1,1,0
73941,3.284,99.50,326.00,1,1,0
73944,3.284,99.00,324.00,1,1,0
73946,3.284,98.70,324.00,1,1,0
73949,3.284,98.60,324.00,1,1,0
73951,3.284,98.70,324.00,1,1,0
73953,3.284,99.50,326.00,1,1,0
73956,3.288,98.90,326.00,1,1,0
73958,3.288,103.40,341.00,1,0,1
73961,3.264,99.00,326.00,1,0,1
73963,3.288,98.50,415.00,1,1,0
73966,3.280,99.00,326.00,1,1,0
73968,3.284,98.80,324.00,1,1,0
73971,3.288,98.70,331.00,1,1,0
73973,3.288,94.50,310.00,1,1,0
73986,3.284,99.20,326.00,1,1,0
73988,3.288,98.50,323.00,1,1,0
73991,3.284,99.50,323.00,1,1,0
73993,3.284,98.80,323.00,1,1,0
73996,3.284,98.70,324.00,1,1,0
73998,3.284,98.70,324.00,1,1,0
74001,3.288,98.60,324.00,1,1,0
74003,3.284,99.80,328.00,1,1,0
74006,3.284,98.80,324.00,1,1,0
74008,3.288,98.60,323.00,1,1,0
74011,3.284,98.70,324.00,1,1,0
74013,3.288,99.30,324.00,1,0,1
74016,3.288,102.70,328.00,1,0,1
74018,3.288,95.70,313.00,1,1,0
74031,3.284,99.20,326.00,1,1,0
74033,3.288,99.00,324.00,1,1,0
74036,3.288,98.70,324.00,1,1,0
74038,3.284,99.00,326.00,1,1,0
74041,3.284,98.60,324.00,1,1,0
74043,3.284,99.50,324.00,1,1,0
74046,3.284,99.30,326.00,1,1,0
74048,3.284,98.70,324.00,1,1,0
74050,3.284,98.90,324.00,1,1,0
74053,3.288,98.80,324.00,1,1,0
74055,3.284,98.70,324.00,1,1,0
74058,3.284,99.40,326.00,1,1,0
74060,3.284,99.40,326.00,1,1,0
74063,3.284,100.70,331.00,1,1,0
74076,3.284,94.50,310.00,1,1,0
74078,3.284,98.70,324.00,1,1,0
74080,3.284,98.60,324.00,1,1,0
74083,3.284,98.80,324.00,1,1,0
74085,3.284,99.00,324.00,1,1,0
74088,3.284,98.80,324.00,1,1,0
74090,3.284,98.80,324.00,1,1,0
74093,3.284,98.60,324.00,1,1,0
74095,3.288,103.20,339.00,1,1,0
74098,3.284,99.00,324.00,1,1,0
74100,3.284,97.90,321.00,1,1,0
74103,3.288,102.50,336.00,1,1,0
74105,3.284,98.60,326.00,1,1,0
74108,3.284,101.40,333.00,1,1,0
74120,3.288,90.40,297.00,1,1,0
74123,3.284,98.80,324.00,1,0,1
74125,3.288,101.40,326.00,1,0,1
74128,3.288,99.40,324.00,1,1,0
74130,3.284,98.20,323.00,1,1,0
74133,3.284,98.60,328.00,1,1,0
74135,3.284,99.20,326.00,1,1,0
74138,3.284,100.10,329.00,1,1,0
74140,3.288,99.20,326.00,1,1,0
74143,3.288,98.80,324.00,1,1,0
74145,3.288,98.50,323.00,1,1,0
74147,3.288,99.20,324.00,1,1,0
74150,3.288,101.80,328.00,1,1,0
74152,3.288,98.00,323.00,1,1,0
74165,3.284,98.90,324.00,1,1,0
74168,3.288,99.00,326.00,1,1,0
74170,3.284,99.60,328.00,1,1,0
74173,3.284,101.50,333.00,1,1,0
74175,3.288,98.40,323.00,1,1,0
74177,3.284,94.30,316.00,1,0,1
74180,3.280,131.60,433.00,1,0,1
74182,3.284,99.10,326.00,1,1,0
74185,3.264,94.10,331.00,1,1,0
74187,3.284,99.30,326.00,1,1,0
74190,3.288,98.90,324.00,1,1,0
74192,3.284,98.40,326.00,1,1,0
74195,3.288,99.00,324.00,1,1,0
74197,3.284,98.60,324.00,1,1,0
74210,3.288,98.60,324.00,1,1,0
74212,3.284,99.10,326.00,1,1,0
74215,3.288,99.20,326.00,1,1,0
74217,3.284,99.30,326.00,1,1,0
74220,3.288,99.70,328.00,1,1,0
74222,3.288,97.50,297.00,1,1,0
74225,3.284,98.60,324.00,1,1,0
74227,3.288,98.60,324.00,1,1,0
74230,3.288,99.10,326.00,1,1,0
74232,3.284,99.10,326.00,1,0,1
74235,3.284,99.60,324.00,1,0,1
74237,3.284,99.30,328.00,1,1,0
74240,3.276,93.90,308.00,1,1,0
74242,3.284,98.50,323.00,1,1,0
74255,3.284,98.60,324.00,1,1,0
74257,3.288,99.20,326.00,1,1,0
74260,3.288,98.40,324.00,1,1,0
74262,3.288,99.00,324.00,1,1,0
74265,3.288,99.10,326.00,1,1,0
74267,3.284,101.00,326.00,1,1,0
74269,3.288,98.80,324.00,1,1,0
74272,3.284,98.30,323.00,1,1,0
74274,3.288,98.50,328.00,1,1,0
74277,3.284,98.50,323.00,1,1,0
74279,3.284,100.50,329.00,1,1,0
74282,3.284,98.40,328.00,1,1,0
74284,3.284,98.50,323.00,1,1,0
74287,3.288,100.70,331.00,1,0,1
74299,3.284,98.90,324.00,1,1,0
74302,3.284,98.90,324.00,1,1,0
74304,3.288,98.70,323.00,1,1,0
74307,3.284,98.30,323.00,1,1,0
74309,3.284,98.40,323.00,1,1,0
74312,3.284,98.90,324.00,1,1,0
74314,3.284,98.90,324.00,1,1,0
74317,3.284,99.00,324.00,1,1,0
74319,3.284,98.60,326.00,1,1,0
74322,3.284,99.30,326.00,1,1,0
74324,3.284,99.00,324.00,1,1,0
74327,3.284,90.40,326.00,1,1,0
74329,3.284,98.80,324.00,1,1,0
74332,3.284,99.30,326.00,1,1,0
74344,3.276,103.00,339.00,1,0,1
74347,3.284,99.30,415.00,1,1,0
74349,3.284,94.00,308.00,1,1,0
74352,3.280,98.60,324.00,1,1,0
74354,3.284,98.80,324.00,1,1,0
74357,3.280,101.90,323.00,1,1,0
74359,3.284,98.70,324.00,1,1,0
74362,3.284,98.50,323.00,1,1,0
74364,3.284,98.60,324.00,1,1,0
74366,3.284,102.10,336.00,1,1,0
74369,3.288,98.80,324.00,1,1,0
74371,3.284,98.90,324.00,1,1,0
74374,3.284,98.70,324.00,1,1,0
74376,3.284,98.80,324.00,1,1,0
74389,3.284,98.70,324.00,1,1,0
74392,3.284,98.70,324.00,1,1,0
74394,3.284,99.00,324.00,1,1,0
74396,3.284,99.00,324.00,1,0,1
74399,3.280,104.90,321.00,1,0,1
74401,3.256,98.90,328.00,1,0,1
74404,3.284,104.80,341.00,1,1,0
74406,3.280,94.30,310.00,1,1,0
74409,3.284,98.90,329.00,1,1,0
74411,3.284,99.00,324.00,1,1,0
74414,3.284,99.20,326.00,1,1,0
74416,3.284,98.80,324.00,1,1,0
74419,3.284,98.80,324.00,1,1,0
74421,3.284,98.50,324.00,1,1,0
74434,3.284,99.10,326.00,1,1,0
74436,3.284,98.50,323.00,1,1,0
74439,3.284,98.90,324.00,1,1,0
74441,3.284,99.10,326.00,1,1,0
74444,3.284,98.80,324.00,1,1,0
74446,3.284,104.40,342.00,1,1,0
74449,3.288,99.60,328.00,1,1,0
74451,3.288,98.90,324.00,1,1,0
74454,3.288,103.20,338.00,1,0,1
74456,3.276,98.50,323.00,1,0,1
74459,3.288,98.90,324.00,1,1,0
74461,3.260,94.10,326.00,1,1,0
74464,3.284,98.80,324.00,1,1,0
74466,3.284,98.70,324.00,1,1,0
74479,3.284,98.70,324.00,1,1,0
74481,3.288,98.60,324.00,1,1,0
74484,3.284,101.50,333.00,1,1,0
74486,3.280,94.60,311.00,1,1,0
74489,3.284,99.40,324.00,1,1,0
74491,3.284,98.90,324.00,1,1,0
74493,3.284,99.10,326.00,1,1,0
74496,3.284,98.40,323.00,1,1,0
74498,3.284,98.80,324.00,1,1,0
74501,3.288,98.40,323.00,1,1,0
74503,3.284,98.70,324.00,1,1,0
74506,3.284,98.60,324.00,1,1,0
74508,3.284,98.80,324.00,1,0,1
74511,3.284,99.30,324.00,1,0,1
74523,3.284,98.90,324.00,1,1,0
74526,3.288,102.90,326.00,1,1,0
74528,3.288,99.20,326.00,1,1,0
74531,3.284,91.70,301.00,1,1,0
74533,3.284,98.40,324.00,1,1,0
74536,3.284,100.30,329.00,1,1,0
74538,3.284,98.70,324.00,1,1,0
74541,3.284,99.10,324.00,1,1,0
74543,3.284,99.10,326.00,1,1,0
74546,3.284,98.60,324.00,1,1,0
74548,3.284,99.10,324.00,1,1,0
74551,3.288,99.40,326.00,1,1,0
74553,3.284,99.10,326.00,1,1,0
74556,3.284,99.50,326.00,1,1,0
74568,3.284,99.20,326.00,1,1,0
74571,3.272,132.60,313.00,1,1,0
74573,3.284,99.00,324.00,1,1,0
74576,3.284,99.20,326.00,1,1,0
74578,3.284,98.50,324.00,1,1,0
74581,3.288,98.40,323.00,1,1,0
74583,3.284,99.20,326.00,1,1,0
74586,3.284,99.70,326.00,1,1,0
74588,3.284,98.60,324.00,1,1,0
74590,3.284,99.10,326.00,1,1,0
74593,3.288,101.80,324.00,1,1,0
74595,3.284,98.80,324.00,1,1,0
74598,3.288,99.20,326.00,1,1,0
74600,3.288,98.60,324.00,1,1,0
74613,3.288,98.80,324.00,1,1,0
74615,3.288,98.50,328.00,1,1,0
74618,3.284,99.00,324.00,1,1,0
74620,3.284,105.60,347.00,1,0,1
74623,3.284,131.10,324.00,1,0,1
74625,3.284,102.80,338.00,1,1,0
74628,3.280,103.70,341.00,1,1,0
74630,3.288,99.40,321.00,1,1,0
74633,3.284,92.00,301.00,1,1,0
74635,3.284,90.90,298.00,1,1,0
74638,3.284,99.30,326.00,1,1,0
74640,3.284,98.70,324.00,1,1,0
74643,3.284,98.70,324.00,1,1,0
74655,3.288,98.50,324.00,1,1,0
74658,3.284,99.60,326.00,1,1,0
74660,3.284,98.40,323.00,1,1,0
74663,3.284,98.60,324.00,1,1,0
74665,3.284,98.50,324.00,1,1,0
74668,3.284,99.60,328.00,1,1,0
74670,3.284,98.70,324.00,1,1,0
74673,3.284,98.90,324.00,1,1,0
74675,3.284,98.90,323.00,1,0,1
74678,3.280,98.90,324.00,1,0,1
74680,3.288,98.90,324.00,1,1,0
74683,3.256,105.40,315.00,1,1,0
74685,3.284,99.20,326.00,1,1,0
74688,3.284,98.70,324.00,1,1,0
74704,3.288,98.60,324.00,1,1,0
74707,3.284,98.60,324.00,1,1,0
74709,3.288,99.20,324.00,1,1,0
74712,3.288,99.20,326.00,1,1,0
74714,3.284,98.80,324.00,1,1,0
74717,3.284,98.90,324.00,1,1,0
74719,3.284,98.90,324.00,1,1,0
74722,3.284,98.90,324.00,1,1,0
74724,3.284,98.70,324.00,1,1,0
74726,3.288,98.50,324.00,1,1,0
74729,3.284,98.40,323.00,1,1,0
74731,3.284,100.10,328.00,1,0,1
74734,3.284,90.40,297.00,1,0,1
74736,3.284,98.60,323.00,1,1,0
74749,3.280,98.90,324.00,1,1,0
74751,3.284,99.10,326.00,1,1,0
74754,3.284,94.00,326.00,1,1,0
74756,3.284,99.30,326.00,1,1,0
74759,3.284,98.90,324.00,1,1,0
74761,3.288,99.50,324.00,1,1,0
74764,3.284,98.90,324.00,1,1,0
74766,3.284,99.20,326.00,1,1,0
74769,3.284,99.30,326.00,1,1,0
74771,3.284,97.90,321.00,1,1,0
74774,3.284,99.20,326.00,1,1,0
74776,3.284,99.40,326.00,1,1,0
74779,3.288,100.00,328.00,1,1,0
74781,3.288,99.30,326.00,1,1,0
74794,3.284,93.90,308.00,1,1,0
74796,3.284,98.80,324.00,1,1,0
74799,3.284,98.80,333.00,1,1,0
74801,3.288,98.80,324.00,1,1,0
74804,3.284,98.60,324.00,1,1,0
74806,3.284,98.50,324.00,1,1,0
74809,3.284,98.70,324.00,1,1,0
74811,3.284,98.90,324.00,1,1,0
74814,3.284,98.90,336.00,1,1,0
74816,3.284,99.10,326.00,1,1,0
74819,3.284,98.70,324.00,1,1,0
74821,3.284,98.80,324.00,1,1,0
74823,3.284,98.70,324.00,1,1,0
74826,3.284,99.50,328.00,1,1,0
74839,3.284,90.20,297.00,1,1,0
74841,3.284,98.50,324.00,1,0,1
74844,3.288,99.90,328.00,1,0,1
74846,3.280,109.80,357.00,1,1,0
74848,3.280,98.80,324.00,1,1,0
74851,3.288,98.70,328.00,1,1,0
74853,3.288,98.80,324.00,1,1,0
74856,3.284,101.40,333.00,1,1,0
74858,3.284,99.40,328.00,1,1,0
74861,3.288,98.60,324.00,1,1,0
74863,3.284,98.70,324.00,1,1,0
74866,3.284,99.00,324.00,1,1,0
74868,3.284,99.30,326.00,1,1,0
74871,3.284,98.90,324.00,1,1,0
74883,3.288,98.90,324.00,1,1,0
74886,3.288,99.70,326.00,1,1,0
74888,3.288,98.80,324.00,1,1,0
74891,3.284,98.80,324.00,1,1,0
74893,3.284,100.40,316.00,1,1,0
74896,3.284,103.20,339.00,1,0,1
74898,3.284,132.00,434.00,1,0,1
74901,3.280,100.40,329.00,1,1,0
74903,3.268,134.90,313.00,1,1,0
74906,3.280,99.40,326.00,1,1,0
74908,3.284,98.60,324.00,1,1,0
74911,3.288,98.90,324.00,1,1,0
74913,3.284,98.80,324.00,1,1,0
74926,3.288,98.80,324.00,1,1,0
74928,3.284,98.70,324.00,1,1,0
74931,3.284,98.70,324.00,1,1,0
74933,3.288,99.20,326.00,1,1,0
74936,3.288,98.90,324.00,1,1,0
74938,3.288,99.70,315.00,1,1,0
74941,3.284,91.60,301.00,1,1,0
74943,3.288,99.10,326.00,1,1,0
74946,3.288,99.40,334.00,1,1,0
74948,3.288,98.80,324.00,1,1,0
74950,3.288,99.20,326.00,1,0,1
74953,3.284,104.00,326.00,1,0,1
74955,3.288,99.40,324.00,1,0,1
74958,3.284,107.50,351.00,1,1,0
74971,3.284,98.80,324.00,1,1,0
74973,3.280,99.30,326.00,1,1,0
74975,3.288,98.30,326.00,1,1,0
74978,3.288,98.50,323.00,1,1,0
74980,3.284,99.30,326.00,1,1,0
74983,3.284,99.10,324.00,1,1,0
74985,3.284,99.40,326.00,1,1,0
74988,3.284,101.00,331.00,1,1,0
74990,3.284,99.70,324.00,1,1,0
74993,3.284,101.10,333.00,1,1,0
74995,3.284,100.30,329.00,1,1,0
74998,3.284,94.10,326.00,1,1,0
75000,3.284,99.00,324.00,1,1,0
75003,3.284,99.00,324.00,1,1,0
75015,3.284,94.10,308.00,1,1,0
75018,3.284,97.60,321.00,1,1,0
75020,3.284,98.90,324.00,1,1,0
75023,3.284,100.40,329.00,1,1,0
75025,3.284,98.60,324.00,1,1,0
75028,3.288,99.20,324.00,1,1,0
75030,3.284,98.80,324.00,1,1,0
75033,3.284,98.90,324.00,1,1,0
75035,3.284,98.60,326.00,1,1,0
75038,3.284,99.20,326.00,1,1,0
75040,3.288,99.60,328.00,1,1,0
75043,3.284,90.40,297.00,1,1,0
75045,3.284,98.50,324.00,1,1,0
75047,3.284,99.10,326.00,1,1,0
75060,3.284,98.90,324.00,1,1,0
75063,3.284,99.40,326.00,1,0,1
75065,3.284,106.10,324.00,1,0,1
75068,3.284,99.00,324.00,1,1,0
75070,3.260,131.50,433.00,1,1,0
75072,3.280,98.50,323.00,1,1,0
75075,3.284,98.40,323.00,1,1,0
75077,3.284,98.30,323.00,1,1,0
75080,3.284,98.50,324.00,1,1,0
75082,3.284,98.80,324.00,1,1,0
75085,3.284,99.20,326.00,1,1,0
75087,3.284,98.80,324.00,1,1,0
75090,3.288,98.60,324.00,1,1,0
75092,3.284,100.40,329.00,1,1,0
75105,3.288,98.50,323.00,1,1,0
75107,3.284,98.60,324.00,1,1,0
75110,3.288,98.40,324.00,1,1,0
75112,3.284,98.60,324.00,1,1,0
75115,3.284,99.10,326.00,1,1,0
75117,3.284,98.90,326.00,1,1,0
75120,3.284,99.10,326.00,1,0,1
75122,3.264,98.80,324.00,1,0,1
75125,3.284,100.20,360.00,1,1,0
75127,3.264,94.20,310.00,1,1,0
75130,3.284,100.90,331.00,1,1,0
75132,3.284,99.40,326.00,1,1,0
75135,3.288,98.80,324.00,1,1,0
75137,3.284,98.60,324.00,1,1,0
75150,3.288,98.60,324.00,1,1,0
75152,3.284,98.50,326.00,1,1,0
75155,3.284,98.80,324.00,1,1,0
75157,3.284,99.20,326.00,1,1,0
75160,3.288,101.90,323.00,1,1,0
75162,3.284,98.60,326.00,1,1,0
75165,3.284,99.60,328.00,1,1,0
75167,3.288,99.40,326.00,1,1,0
75169,3.284,98.60,326.00,1,1,0
75172,3.284,98.80,324.00,1,1,0
75174,3.284,98.90,324.00,1,0,1
75177,3.288,98.90,324.00,1,0,1
75179,3.260,99.50,326.00,1,1,0
75182,3.272,98.80,324.00,1,1,0
75194,3.288,100.50,329.00,1,1,0
75197,3.288,99.00,324.00,1,1,0
75199,3.288,99.90,328.00,1,1,0
75202,3.284,93.90,308.00,1,1,0
75204,3.284,98.60,324.00,1,1,0
75207,3.284,98.50,324.00,1,1,0
75209,3.288,99.20,326.00,1,1,0
75212,3.288,99.30,326.00,1,1,0
75214,3.288,98.90,324.00,1,1,0
75217,3.284,98.90,324.00,1,1,0
75219,3.284,98.60,324.00,1,1,0
75222,3.288,98.60,323.00,1,1,0
75224,3.284,98.70,324.00,1,1,0
75227,3.288,99.30,326.00,1,1,0
75239,3.284,98.60,324.00,1,1,0
75242,3.288,99.60,324.00,1,1,0
75244,3.288,99.50,328.00,1,1,0
75247,3.284,91.70,301.00,1,1,0
75249,3.284,97.50,336.00,1,1,0
75252,3.288,98.60,324.00,1,1,0
75254,3.288,99.80,328.00,1,1,0
75257,3.288,98.50,324.00,1,1,0
75259,3.284,99.10,326.00,1,1,0
75262,3.284,99.10,326.00,1,1,0
75264,3.288,99.70,328.00,1,1,0
75266,3.288,102.50,328.00,1,1,0
75269,3.284,99.70,328.00,1,1,0
75271,3.284,98.70,324.00,1,1,0
75284,3.288,102.10,336.00,1,1,0
75287,3.288,101.10,326.00,1,0,1
75289,3.284,99.60,328.00,1,0,1
75291,3.288,110.10,360.00,1,1,0
75294,3.284,95.00,334.00,1,1,0
75296,3.288,99.30,326.00,1,1,0
75299,3.284,99.00,324.00,1,1,0
75301,3.284,98.80,324.00,1,1,0
75304,3.284,94.60,311.00,1,1,0
75306,3.284,99.00,324.00,1,1,0
75309,3.288,98.90,326.00,1,1,0
75311,3.284,99.60,328.00,1,1,0
75314,3.284,98.80,324.00,1,1,0
75316,3.284,98.80,324.00,1,1,0
75329,3.288,98.50,323.00,1,1,0
75331,3.288,98.50,324.00,1,1,0
75334,3.288,99.10,326.00,1,1,0
75336,3.284,98.70,324.00,1,1,0
75339,3.284,99.10,324.00,1,1,0
75341,3.288,106.40,349.00,1,0,1
75344,3.284,99.20,326.00,1,0,1
75346,3.288,99.90,372.00,1,1,0
75349,3.284,90.40,297.00,1,1,0
75351,3.284,97.80,321.00,1,1,0
75354,3.284,96.40,326.00,1,1,0
75356,3.288,98.30,323.00,1,1,0
75359,3.284,98.60,324.00,1,1,0
75361,3.284,101.90,324.00,1,1,0
75374,3.284,99.00,324.00,1,1,0
75376,3.284,99.20,324.00,1,1,0
75379,3.284,98.40,323.00,1,1,0
75381,3.284,98.40,323.00,1,1,0
75384,3.284,98.80,324.00,1,1,0
75386,3.284,98.90,324.00,1,1,0
75388,3.284,99.20,326.00,1,1,0
75391,3.284,99.30,326.00,1,1,0
75393,3.284,99.10,326.00,1,1,0
75396,3.284,98.70,323.00,1,0,1
75398,3.284,98.90,324.00,1,0,1
75401,3.288,100.20,326.00,1,1,0
75403,3.284,100.00,328.00,1,1,0
75406,3.284,99.20,308.00,1,1,0
75418,3.284,99.10,326.00,1,1,0
75421,3.284,99.30,326.00,1,1,0
75423,3.284,98.90,324.00,1,1,0
75426,3.284,98.70,324.00,1,1,0
75428,3.284,98.70,328.00,1,1,0
75431,3.284,98.70,324.00,1,1,0
75433,3.284,98.90,324.00,1,1,0
75436,3.284,98.50,324.00,1,1,0
75438,3.284,99.00,324.00,1,1,0
75441,3.284,100.10,329.00,1,1,0
75443,3.284,99.10,331.00,1,1,0
75446,3.288,99.50,328.00,1,1,0
75448,3.276,102.10,336.00,1,1,0
75451,3.284,99.90,351.00,1,0,1
75463,3.284,98.70,324.00,1,1,0
75466,3.288,99.30,324.00,1,1,0
75468,3.288,99.00,324.00,1,1,0
75471,3.284,99.10,326.00,1,1,0
75473,3.284,103.80,326.00,1,1,0
75476,3.284,95.50,315.00,1,1,0
75478,3.284,99.10,326.00,1,1,0
75481,3.284,98.20,326.00,1,1,0
75483,3.284,98.70,324.00,1,1,0
75485,3.284,99.10,326.00,1,1,0
75488,3.288,99.10,326.00,1,1,0
75490,3.288,99.00,324.00,1,1,0
75493,3.288,99.20,326.00,1,1,0
75495,3.284,98.70,324.00,1,1,0
75508,3.284,99.20,308.00,1,0,1
75510,3.284,100.90,331.00,1,1,0
75513,3.276,101.70,334.00,1,1,0
75515,3.284,99.00,333.00,1,1,0
75518,3.284,99.60,326.00,1,1,0
75520,3.288,98.70,324.00,1,1,0
75523,3.288,98.70,324.00,1,1,0
75525,3.288,99.10,324.00,1,1,0
75528,3.284,98.50,323.00,1,1,0
75530,3.284,99.10,326.00,1,1,0
75533,3.284,98.80,324.00,1,1,0
75535,3.288,99.10,326.00,1,1,0
75538,3.284,98.80,324.00,1,1,0
75540,3.284,99.10,324.00,1,1,0
75553,3.288,99.10,297.00,1,1,0
75555,3.284,93.10,306.00,1,1,0
75558,3.284,98.90,324.00,1,1,0
75560,3.284,98.90,324.00,1,1,0
75563,3.284,99.10,326.00,1,0,1
75565,3.260,99.70,328.00,1,0,1
75568,3.288,102.50,462.00,1,1,0
75570,3.280,94.20,323.00,1,1,0
75573,3.284,99.00,326.00,1,1,0
75575,3.288,99.30,326.00,1,1,0
75578,3.288,98.90,326.00,1,1,0
75580,3.284,98.80,324.00,1,1,0
75582,3.288,97.00,318.00,1,1,0
75585,3.284,99.10,324.00,1,1,0
75598,3.284,99.00,326.00,1,1,0
75600,3.284,99.10,326.00,1,1,0
75603,3.284,99.00,324.00,1,1,0
75605,3.288,98.50,324.00,1,1,0
75607,3.288,98.60,324.00,1,1,0
75610,3.284,102.40,336.00,1,1,0
75612,3.280,97.20,326.00,1,1,0
75615,3.284,98.80,324.00,1,1,0
75617,3.284,99.10,326.00,1,0,1
75620,3.288,98.60,324.00,1,0,1
75622,3.284,98.50,323.00,1,1,0
75625,3.276,96.60,318.00,1,1,0
75627,3.284,98.90,324.00,1,1,0
75630,3.284,98.70,324.00,1,1,0
75642,3.284,98.60,324.00,1,1,0
75645,3.284,100.10,329.00,1,1,0
75647,3.284,98.80,324.00,1,1,0
75650,3.284,99.00,321.00,1,1,0
75652,3.284,99.70,328.00,1,1,0
75655,3.288,99.70,328.00,1,1,0
75657,3.284,90.30,300.00,1,1,0
75660,3.284,98.50,323.00,1,1,0
75662,3.284,99.10,326.00,1,1,0
75665,3.284,98.80,324.00,1,1,0
75667,3.284,98.60,324.00,1,1,0
75670,3.284,99.10,326.00,1,1,0
75672,3.284,98.80,323.00,1,0,1
75675,3.276,98.60,336.00,1,0,1
75687,3.284,98.50,324.00,1,1,0
75690,3.284,98.60,324.00,1,1,0
75692,3.284,99.00,324.00,1,1,0
75695,3.284,98.60,324.00,1,1,0
75697,3.284,99.20,326.00,1,1,0
75700,3.284,98.90,324.00,1,1,0
75702,3.284,98.90,324.00,1,1,0
75704,3.284,98.30,323.00,1,1,0
75707,3.284,100.70,331.00,1,1,0
75709,3.284,98.70,331.00,1,1,0
75712,3.284,101.00,331.00,1,1,0
75714,3.284,94.00,308.00,1,1,0
75717,3.284,98.60,323.00,1,1,0
75719,3.284,98.60,324.00,1,1,0
75732,3.264,98.90,324.00,1,1,0
75734,3.284,134.00,441.00,1,1,0
75737,3.280,99.40,326.00,1,1,0
75739,3.284,99.10,324.00,1,1,0
75742,3.284,98.50,323.00,1,1,0
75744,3.284,98.60,324.00,1,1,0
75747,3.284,99.20,328.00,1,1,0
75749,3.288,98.40,323.00,1,1,0
75752,3.284,98.60,324.00,1,1,0
75754,3.284,98.70,323.00,1,1,0
75757,3.288,99.30,326.00,1,1,0
75759,3.284,90.50,297.00,1,1,0
75762,3.284,98.70,324.00,1,1,0
75764,3.284,101.90,334.00,1,1,0
75777,3.284,99.00,324.00,1,1,0
75779,3.284,99.60,328.00,1,1,0
75782,3.284,98.70,324.00,1,1,0
75784,3.284,99.20,334.00,1,0,1
75787,3.288,131.10,431.00,1,0,1
75789,3.284,98.40,323.00,1,1,0
75792,3.256,98.90,310.00,1,1,0
75794,3.280,98.60,324.00,1,1,0
75797,3.284,98.60,324.00,1,1,0
75799,3.284,98.70,324.00,1,1,0
75801,3.284,99.20,326.00,1,1,0
75804,3.288,99.10,326.00,1,1,0
75806,3.288,99.00,328.00,1,1,0
75809,3.284,98.70,324.00,1,1,0
75822,3.284,98.60,324.00,1,1,0
75824,3.284,99.10,326.00,1,1,0
75827,3.284,98.60,324.00,1,1,0
75829,3.284,98.50,324.00,1,1,0
75831,3.284,98.40,323.00,1,1,0
75834,3.284,98.50,323.00,1,1,0
75836,3.284,98.50,324.00,1,1,0
75839,3.284,98.50,323.00,1,0,1
75841,3.280,98.70,324.00,1,0,1
75844,3.284,99.50,328.00,1,0,1
75846,3.288,98.90,324.00,1,0,1
75849,3.284,98.90,326.00,1,1,0
75851,3.304,119.20,310.00,1,1,0
75854,3.280,101.20,331.00,1,1,0
75866,3.284,98.40,323.00,1,1,0
75869,3.284,99.00,324.00,1,1,0
75871,3.284,99.00,324.00,1,1,0
75874,3.284,98.50,324.00,1,1,0
75876,3.288,98.90,324.00,1,1,0
75879,3.284,98.50,323.00,1,1,0
75881,3.284,98.70,326.00,1,1,0
75884,3.284,99.90,328.00,1,1,0
75886,3.284,98.80,324.00,1,1,0
75889,3.284,99.20,326.00,1,1,0
75891,3.284,98.80,324.00,1,1,0
75894,3.284,98.50,323.00,1,1,0
75896,3.288,98.80,324.00,1,1,0
75898,3.284,100.70,331.00,1,0,1
75911,3.284,98.50,323.00,1,1,0
75914,3.284,98.40,323.00,1,1,0
75916,3.284,98.60,329.00,1,1,0
75919,3.288,94.30,310.00,1,1,0
75921,3.284,99.10,326.00,1,1,0
75924,3.284,98.50,324.00,1,1,0
75926,3.288,100.20,324.00,1,1,0
75928,3.284,98.40,323.00,1,1,0
75931,3.288,99.10,326.00,1,1,0
75933,3.288,99.00,324.00,1,1,0
75936,3.288,98.90,324.00,1,1,0
75938,3.284,98.70,324.00,1,1,0
75941,3.284,99.00,326.00,1,1,0
75943,3.284,98.50,323.00,1,1,0
75956,3.284,98.70,324.00,1,0,1
75958,3.288,99.40,326.00,1,0,1
75961,3.284,111.50,326.00,1,1,0
75963,3.284,90.40,297.00,1,1,0
75966,3.284,117.10,385.00,1,1,0
75968,3.288,98.50,316.00,1,1,0
75971,3.284,99.10,326.00,1,1,0
75973,3.288,98.80,324.00,1,1,0
75976,3.288,98.70,328.00,1,1,0
75978,3.284,99.30,326.00,1,1,0
75981,3.284,99.20,326.00,1,1,0
75983,3.288,99.10,326.00,1,1,0
75986,3.284,99.30,326.00,1,1,0
75988,3.284,98.60,324.00,1,1,0
76001,3.272,99.00,324.00,1,1,0
76003,3.284,99.00,324.00,1,1,0
76006,3.284,99.10,324.00,1,1,0
76008,3.284,99.00,326.00,1,1,0
76011,3.288,105.90,347.00,1,0,1
76013,3.284,99.30,331.00,1,0,1
76016,3.284,127.30,418.00,1,1,0
76018,3.284,98.60,324.00,1,1,0
76021,3.284,94.10,308.00,1,1,0
76023,3.284,98.80,324.00,1,1,0
76025,3.284,98.50,323.00,1,1,0
76028,3.284,99.70,324.00,1,1,0
76030,3.284,98.50,326.00,1,1,0
76033,3.284,98.70,324.00,1,1,0
76046,3.288,99.20,326.00,1,1,0
76048,3.288,95.90,315.00,1,1,0
76050,3.284,98.40,326.00,1,1,0
76053,3.284,99.00,324.00,1,1,0
76055,3.284,98.50,323.00,1,1,0
76058,3.284,98.90,326.00,1,1,0
76060,3.284,99.30,326.00,1,1,0
76063,3.288,99.10,326.00,1,1,0
76065,3.288,97.60,297.00,1,0,1
76068,3.284,126.70,416.00,1,0,1
76070,3.284,100.70,329.00,1,1,0
76073,3.284,99.10,323.00,1,1,0
76075,3.280,99.10,326.00,1,1,0
76078,3.288,98.70,324.00,1,1,0
76090,3.284,100.10,329.00,1,1,0
76093,3.284,99.20,326.00,1,1,0
76095,3.284,98.80,323.00,1,1,0
76098,3.288,99.10,326.00,1,1,0
76100,3.288,98.70,324.00,1,1,0
76103,3.284,98.70,324.00,1,1,0
76105,3.288,99.20,326.00,1,1,0
76108,3.284,99.10,326.00,1,1,0
76110,3.284,99.30,333.00,1,1,0
76113,3.276,99.50,328.00,1,1,0
76115,3.284,97.70,321.00,1,1,0
76118,3.288,98.90,326.00,1,1,0
76120,3.284,104.10,342.00,1,0,1
76122,3.280,101.00,331.00,1,0,1
76135,3.288,98.80,324.00,1,1,0
76138,3.284,98.90,324.00,1,1,0
76140,3.284,99.60,324.00,1,1,0
76143,3.284,98.70,324.00,1,1,0
76145,3.284,98.90,324.00,1,1,0
76147,3.284,99.10,323.00,1,1,0
76150,3.284,98.60,324.00,1,1,0
76152,3.284,98.60,323.00,1,1,0
76155,3.284,98.70,324.00,1,1,0
76157,3.284,98.90,324.00,1,1,0
76160,3.284,99.00,324.00,1,1,0
76162,3.284,98.70,326.00,1,1,0
76165,3.284,99.90,328.00,1,1,0
76167,3.288,99.30,326.00,1,1,0
76180,3.264,99.00,326.00,1,1,0
76182,3.268,104.00,341.00,1,1,0
76185,3.284,98.20,328.00,1,1,0
76187,3.284,99.40,326.00,1,1,0
76190,3.284,99.20,326.00,1,1,0
76192,3.284,99.30,324.00,1,1,0
76195,3.284,99.30,326.00,1,1,0
76197,3.284,98.90,324.00,1,1,0
76200,3.284,98.60,324.00,1,1,0
76202,3.284,98.60,324.00,1,1,0
76205,3.284,98.70,324.00,1,1,0
76207,3.284,98.60,324.00,1,1,0
76210,3.284,99.00,326.00,1,1,0
76212,3.284,98.80,324.00,1,1,0
76225,3.280,96.90,318.00,1,1,0
76227,3.284,98.90,324.00,1,1,0
76230,3.288,98.70,324.00,1,0,1
76232,3.284,98.90,324.00,1,0,1
76235,3.288,130.40,428.00,1,1,0
76237,3.284,108.60,308.00,1,1,0
76240,3.280,101.10,333.00,1,1,0
76242,3.284,99.20,326.00,1,1,0
76244,3.288,98.60,324.00,1,1,0
76247,3.288,98.60,324.00,1,1,0
76249,3.276,98.80,324.00,1,1,0
76252,3.288,99.00,324.00,1,1,0
76254,3.284,98.70,324.00,1,1,0
76257,3.284,98.90,324.00,1,1,0
76269,3.288,99.40,326.00,1,1,0
76272,3.280,90.20,318.00,1,1,0
76274,3.284,100.50,329.00,1,1,0
76277,3.284,99.10,326.00,1,1,0
76279,3.284,100.20,324.00,1,1,0
76282,3.288,98.70,324.00,1,1,0
76284,3.288,99.30,326.00,1,1,0
76287,3.288,106.30,349.00,1,0,1
76289,3.280,128.30,336.00,1,0,1
76292,3.288,112.20,369.00,1,1,0
76294,3.268,94.00,308.00,1,1,0
76297,3.288,98.60,328.00,1,1,0
76299,3.288,98.70,324.00,1,1,0
76312,3.288,98.80,324.00,1,1,0
76314,3.284,99.00,324.00,1,1,0
76317,3.288,99.00,324.00,1,1,0
76319,3.284,98.60,324.00,1,1,0
76322,3.284,93.60,308.00,1,1,0
76324,3.284,95.80,326.00,1,1,0
76327,3.284,100.80,331.00,1,1,0
76329,3.284,94.80,311.00,1,1,0
76332,3.284,98.90,324.00,1,1,0
76334,3.284,99.20,326.00,1,1,0
76337,3.284,98.50,324.00,1,1,0
76339,3.284,98.50,323.00,1,1,0
76342,3.284,98.80,324.00,1,0,1
76344,3.284,98.60,324.00,1,0,1
76357,3.284,98.60,324.00,1,1,0
76359,3.284,98.60,324.00,1,1,0
76362,3.288,98.80,324.00,1,1,0
76364,3.288,99.50,328.00,1,1,0
76367,3.284,99.00,324.00,1,1,0
76369,3.284,99.10,328.00,1,1,0
76371,3.284,99.00,324.00,1,1,0
76374,3.284,90.50,298.00,1,1,0
76376,3.288,99.00,326.00,1,1,0
76379,3.284,98.80,324.00,1,1,0
76381,3.288,102.30,336.00,1,1,0
76384,3.288,100.30,326.00,1,1,0
76386,3.288,98.60,324.00,1,1,0
76389,3.288,99.50,328.00,1,1,0
76401,3.284,103.40,339.00,1,1,0
76404,3.284,94.00,308.00,1,1,0
76406,3.284,99.50,323.00,1,1,0
76409,3.284,98.30,323.00,1,1,0
76411,3.284,99.20,326.00,1,1,0
76414,3.288,99.20,324.00,1,1,0
76416,3.288,99.10,326.00,1,1,0
76419,3.288,102.30,336.00,1,1,0
76421,3.284,99.20,326.00,1,1,0
76424,3.288,98.80,324.00,1,1,0
76426,3.284,95.70,315.00,1,1,0
76429,3.288,99.10,331.00,1,1,0
76431,3.284,98.60,324.00,1,1,0
76434,3.288,99.20,326.00,1,1,0
76446,3.284,98.70,324.00,1,1,0
76449,3.284,101.10,333.00,1,1,0
76451,3.284,99.20,324.00,1,0,1
76454,3.280,98.90,324.00,1,0,1
76456,3.284,98.80,324.00,1,1,0
76459,3.272,120.40,323.00,1,1,0
76461,3.284,99.00,324.00,1,1,0
76464,3.284,100.60,331.00,1,1,0
76466,3.288,99.30,334.00,1,1,0
76468,3.284,98.80,324.00,1,1,0
76471,3.288,99.20,326.00,1,1,0
76473,3.280,99.20,328.00,1,1,0
76476,3.288,90.40,297.00,1,1,0
76478,3.288,99.30,326.00,1,1,0
76491,3.288,98.80,324.00,1,1,0
76493,3.284,100.00,326.00,1,1,0
76496,3.288,99.40,326.00,1,1,0
76498,3.288,99.00,326.00,1,1,0
76501,3.288,99.70,328.00,1,1,0
76503,3.288,99.20,324.00,1,1,0
76506,3.284,98.30,323.00,1,0,1
76508,3.276,98.70,324.00,1,0,1
76511,3.284,98.80,326.00,1,1,0
76513,3.288,96.90,318.00,1,1,0
76516,3.288,99.10,326.00,1,1,0
76518,3.288,98.90,324.00,1,1,0
76521,3.284,98.80,324.00,1,1,0
76523,3.288,98.50,324.00,1,1,0
76536,3.288,98.40,323.00,1,1,0
76538,3.288,98.50,324.00,1,1,0
76541,3.288,98.80,324.00,1,1,0
76543,3.288,98.70,324.00,1,1,0
76546,3.288,98.80,338.00,1,1,0
76548,3.284,98.60,324.00,1,1,0
76551,3.288,98.50,323.00,1,1,0
76553,3.284,98.60,324.00,1,1,0
76556,3.284,98.60,324.00,1,1,0
76558,3.288,99.10,326.00,1,1,0
76561,3.288,99.40,326.00,1,0,1
76563,3.284,106.60,339.00,1,0,1
76565,3.284,99.00,324.00,1,1,0
76568,3.280,134.10,439.00,1,1,0
76581,3.288,99.30,326.00,1,1,0
76583,3.288,99.30,326.00,1,1,0
76586,3.284,99.60,328.00,1,1,0
76588,3.284,98.70,324.00,1,1,0
76590,3.288,98.80,328.00,1,1,0
76593,3.284,99.60,328.00,1,1,0
76595,3.288,98.40,323.00,1,1,0
76598,3.284,99.40,328.00,1,1,0
76600,3.284,99.80,328.00,1,1,0
76603,3.288,99.00,324.00,1,1,0
76605,3.284,99.50,328.00,1,1,0
76608,3.288,99.10,326.00,1,1,0
76610,3.288,99.40,326.00,1,1,0
76613,3.284,98.70,324.00,1,1,0
76625,3.280,101.20,333.00,1,1,0
76628,3.284,98.60,323.00,1,1,0
76630,3.284,99.10,326.00,1,1,0
76633,3.284,91.70,301.00,1,1,0
76635,3.284,93.80,344.00,1,1,0
76638,3.276,99.40,326.00,1,1,0
76640,3.288,98.60,324.00,1,1,0
76643,3.284,100.10,333.00,1,1,0
76645,3.284,99.40,326.00,1,1,0
76648,3.288,99.30,326.00,1,1,0
76650,3.284,99.30,328.00,1,1,0
76653,3.288,99.40,326.00,1,1,0
76655,3.284,100.50,329.00,1,1,0
76658,3.284,98.90,324.00,1,1,0
76670,3.288,99.40,326.00,1,1,0
76673,3.284,103.80,324.00,1,0,1
76675,3.288,128.40,421.00,1,0,1
76678,3.288,112.40,365.00,1,1,0
76680,3.288,99.00,305.00,1,1,0
76683,3.284,90.50,297.00,1,1,0
76685,3.280,99.40,326.00,1,1,0
76687,3.284,99.00,324.00,1,1,0
76690,3.284,99.20,326.00,1,1,0
76692,3.288,98.70,324.00,1,1,0
76695,3.288,99.00,328.00,1,1,0
76697,3.284,98.60,324.00,1,1,0
76700,3.284,98.80,324.00,1,1,0
76707,3.284,99.50,326.00,1,1,0
76710,3.284,98.70,324.00,1,1,0
76712,3.284,98.50,324.00,1,1,0
76715,3.288,98.90,324.00,1,1,0
76717,3.284,99.10,326.00,1,1,0
76720,3.288,99.10,328.00,1,1,0
76722,3.288,99.10,326.00,1,1,0
76725,3.284,98.80,324.00,1,1,0
76737,3.288,96.50,316.00,1,1,0
76740,3.284,99.90,324.00,1,1,0
76742,3.288,98.60,324.00,1,1,0
76745,3.288,100.40,329.00,1,1,0
76747,3.288,98.60,324.00,1,1,0
76750,3.288,98.90,324.00,1,1,0
76752,3.288,100.90,331.00,1,1,0
76755,3.284,98.80,324.00,1,1,0
76757,3.284,98.60,324.00,1,1,0
76759,3.284,98.90,324.00,1,1,0
76762,3.284,98.60,324.00,1,1,0
76764,3.284,98.40,324.00,1,1,0
76767,3.284,98.90,324.00,1,1,0
76769,3.284,99.10,326.00,1,1,0
76782,3.288,95.70,315.00,1,0,1
76784,3.284,95.10,424.00,1,0,1
76787,3.284,102.60,334.00,1,1,0
76789,3.284,99.50,324.00,1,1,0
76792,3.280,99.40,324.00,1,1,0
76794,3.284,98.50,323.00,1,1,0
76797,3.284,99.10,326.00,1,1,0
76799,3.284,98.90,324.00,1,1,0
76802,3.284,103.30,339.00,1,1,0
76804,3.284,99.70,328.00,1,1,0
76807,3.284,98.90,324.00,1,1,0
76809,3.284,100.00,328.00,1,1,0
76812,3.284,99.00,324.00,1,1,0
76814,3.284,98.70,324.00,1,1,0
76827,3.284,99.10,326.00,1,1,0
76829,3.284,99.20,324.00,1,1,0
76832,3.284,98.60,324.00,1,1,0
76834,3.284,99.80,328.00,1,1,0
76837,3.284,99.10,336.00,1,0,1
76839,3.284,93.90,308.00,1,0,1
76842,3.280,130.00,428.00,1,1,0
76844,3.276,93.90,326.00,1,1,0
76847,3.284,100.20,329.00,1,1,0
76849,3.284,99.10,326.00,1,1,0
76852,3.284,98.90,324.00,1,1,0
76854,3.284,98.90,324.00,1,1,0
76856,3.284,99.00,326.00,1,1,0
76859,3.284,98.70,324.00,1,1,0
76872,3.284,99.80,328.00,1,1,0
76874,3.284,99.70,324.00,1,1,0
76877,3.284,98.90,324.00,1,1,0
76879,3.284,98.90,324.00,1,1,0
76881,3.284,99.70,328.00,1,1,0
76884,3.288,97.10,319.00,1,1,0
76886,3.284,90.30,297.00,1,1,0
76889,3.284,98.40,324.00,1,1,0
76891,3.284,101.60,333.00,1,0,1
76894,3.288,99.30,324.00,1,0,1
76896,3.284,98.60,323.00,1,1,0
76899,3.260,97.70,321.00,1,1,0
76901,3.284,99.40,326.00,1,1,0
76904,3.284,99.20,324.00,1,1,0
76916,3.284,98.60,324.00,1,1,0
76919,3.284,98.50,324.00,1,1,0
76921,3.284,99.40,326.00,1,1,0
76924,3.284,99.00,324.00,1,1,0
76926,3.284,99.20,326.00,1,1,0
76929,3.288,99.00,326.00,1,1,0
76931,3.284,99.20,326.00,1,1,0
76934,3.284,101.40,324.00,1,1,0
76936,3.284,98.80,324.00,1,1,0
76939,3.284,98.40,323.00,1,1,0
76941,3.284,99.30,328.00,1,1,0
76944,3.280,97.80,321.00,1,1,0
76946,3.284,98.60,324.00,1,0,1
76949,3.276,99.00,433.00,1,0,1
76961,3.284,98.70,324.00,1,1,0
76964,3.284,98.80,324.00,1,1,0
76966,3.284,99.50,326.00,1,1,0
76969,3.284,98.60,324.00,1,1,0
76971,3.284,98.50,323.00,1,1,0
76974,3.284,102.10,336.00,1,1,0
76976,3.284,98.60,324.00,1,1,0
76978,3.284,98.60,324.00,1,1,0
76981,3.284,98.80,324.00,1,1,0
76983,3.284,99.40,326.00,1,1,0
76986,3.284,99.70,326.00,1,1,0
76988,3.284,90.30,297.00,1,1,0
76991,3.284,99.10,326.00,1,1,0
76993,3.284,99.30,333.00,1,1,0
77006,3.288,99.10,326.00,1,1,0
77008,3.280,99.40,326.00,1,1,0
77011,3.284,93.90,308.00,1,1,0
77013,3.284,99.00,324.00,1,1,0
77016,3.288,100.00,326.00,1,1,0
77018,3.288,98.60,324.00,1,1,0
77021,3.284,99.00,324.00,1,1,0
77023,3.284,98.90,324.00,1,1,0
77026,3.284,99.20,326.00,1,1,0
77028,3.288,98.70,324.00,1,1,0
77031,3.284,98.90,324.00,1,1,0
77033,3.288,99.10,326.00,1,1,0
77036,3.284,100.80,331.00,1,1,0
77038,3.288,99.00,324.00,1,1,0
77051,3.284,99.00,326.00,1,1,0
77053,3.288,98.70,324.00,1,1,0
77056,3.288,98.60,324.00,1,0,1
77058,3.276,99.70,324.00,1,0,1
77061,3.284,98.60,321.00,1,1,0
77063,3.264,109.20,356.00,1,1,0
77066,3.284,95.50,315.00,1,1,0
77068,3.280,98.90,328.00,1,1,0
77071,3.284,98.70,324.00,1,1,0
77073,3.284,100.00,329.00,1,1,0
77075,3.284,98.70,324.00,1,1,0
77078,3.284,98.60,324.00,1,1,0
77080,3.288,98.60,324.00,1,1,0
77083,3.288,98.70,324.00,1,1,0
77096,3.284,99.10,326.00,1,1,0
77098,3.284,98.70,324.00,1,1,0
77100,3.284,99.00,326.00,1,1,0
77103,3.288,99.30,328.00,1,1,0
77105,3.284,99.10,326.00,1,1,0
77108,3.284,99.20,326.00,1,1,0
77110,3.288,103.10,328.00,1,1,0
77113,3.288,105.20,346.00,1,0,1
77115,3.284,101.70,333.00,1,0,1
77118,3.288,99.90,328.00,1,1,0
77120,3.268,94.00,331.00,1,1,0
77123,3.288,99.00,324.00,1,1,0
77125,3.284,98.60,324.00,1,1,0
77128,3.288,98.60,324.00,1,1,0
77140,3.284,98.80,324.00,1,1,0
77143,3.284,98.70,324.00,1,1,0
77145,3.284,98.80,324.00,1,1,0
77148,3.284,94.50,321.00,1,1,0
77150,3.288,100.50,329.00,1,1,0
77153,3.284,98.80,324.00,1,1,0
77155,3.288,99.60,324.00,1,1,0
77158,3.284,98.90,324.00,1,1,0
77160,3.284,98.70,324.00,1,1,0
77163,3.288,98.60,324.00,1,1,0
77165,3.288,98.90,324.00,1,1,0
77168,3.288,98.80,324.00,1,0,1
77170,3.288,98.80,328.00,1,0,1
77172,3.284,98.90,323.00,1,1,0
77185,3.288,102.10,336.00,1,1,0
77188,3.288,99.00,324.00,1,1,0
77190,3.288,99.80,328.00,1,1,0
77193,3.288,90.20,297.00,1,1,0
77195,3.284,98.60,324.00,1,1,0
77197,3.284,99.80,328.00,1,1,0
77200,3.288,99.30,331.00,1,1,0
77202,3.284,99.10,326.00,1,1,0
77205,3.284,98.80,324.00,1,1,0
77207,3.284,99.00,324.00,1,1,0
77210,3.288,98.80,324.00,1,1,0
77212,3.288,99.30,326.00,1,1,0
77215,3.288,99.50,324.00,1,1,0
77217,3.284,99.30,326.00,1,1,0
77230,3.256,94.00,331.00,1,1,0
77232,3.284,98.90,324.00,1,1,0
77235,3.284,99.10,326.00,1,1,0
77237,3.284,98.80,324.00,1,1,0
77240,3.284,98.90,324.00,1,1,0
77242,3.288,98.50,324.00,1,1,0
77245,3.284,98.90,326.00,1,1,0
77247,3.288,99.00,324.00,1,1,0
77250,3.284,94.70,311.00,1,1,0
77252,3.284,98.70,324.00,1,1,0
77255,3.284,98.50,324.00,1,1,0
77257,3.288,100.00,328.00,1,1,0
77260,3.288,98.60,324.00,1,1,0
77262,3.288,99.00,324.00,1,1,0
77275,3.288,98.60,324.00,1,1,0
77277,3.284,98.90,324.00,1,0,1
77280,3.288,99.00,324.00,1,0,1
77282,3.284,99.00,324.00,1,1,0
77285,3.280,94.00,308.00,1,1,0
77287,3.288,98.40,323.00,1,1,0
77290,3.284,99.60,323.00,1,1,0
77292,3.288,99.20,326.00,1,1,0
77294,3.284,90.60,298.00,1,1,0
77297,3.284,94.20,329.00,1,1,0
77299,3.284,99.10,326.00,1,1,0
77302,3.288,100.00,329.00,1,1,0
77304,3.288,98.50,324.00,1,1,0
77307,3.284,98.50,324.00,1,1,0
77319,3.284,99.40,326.00,1,1,0
77322,3.284,98.80,324.00,1,1,0
77324,3.284,98.60,324.00,1,1,0
77327,3.288,98.70,324.00,1,1,0
77329,3.284,98.80,324.00,1,1,0
77332,3.284,98.70,324.00,1,0,1
77334,3.280,99.40,323.00,1,0,1
77337,3.260,99.00,326.00,1,1,0
77339,3.256,100.60,331.00,1,1,0
77342,3.288,99.10,324.00,1,1,0
77344,3.284,98.80,324.00,1,1,0
77347,3.288,98.80,324.00,1,1,0
77349,3.284,98.80,324.00,1,1,0
77352,3.288,94.30,310.00,1,1,0
77364,3.288,99.40,326.00,1,1,0
77367,3.284,99.10,326.00,1,1,0
77369,3.288,98.90,324.00,1,1,0
77372,3.288,99.00,324.00,1,1,0
77374,3.284,98.60,324.00,1,1,0
77377,3.284,98.80,324.00,1,1,0
77379,3.284,98.60,328.00,1,1,0
77382,3.284,98.90,324.00,1,1,0
77384,3.284,99.10,326.00,1,1,0
77387,3.284,98.70,324.00,1,0,1
77389,3.284,98.90,324.00,1,0,1
77391,3.272,100.10,329.00,1,0,0
77394,3.288,109.20,328.00,1,1,0
77396,3.288,97.40,319.00,1,1,0
77409,3.284,98.90,324.00,1,1,0
77412,3.284,99.70,328.00,1,1,0
77414,3.288,98.80,324.00,1,1,0
77416,3.284,99.60,328.00,1,1,0
77419,3.288,99.50,328.00,1,1,0
77421,3.284,98.90,326.00,1,1,0
77424,3.284,99.00,324.00,1,1,0
77426,3.288,99.70,328.00,1,1,0
77429,3.288,98.90,324.00,1,1,0
77431,3.284,98.70,324.00,1,1,0
77434,3.288,99.70,328.00,1,1,0
77436,3.288,98.70,324.00,1,1,0
77439,3.288,99.10,328.00,1,1,0
77441,3.288,99.00,324.00,1,1,0
77454,3.284,95.20,313.00,1,1,0
77456,3.284,102.30,336.00,1,1,0
77459,3.284,99.00,326.00,1,1,0
77461,3.284,101.50,333.00,1,1,0
77464,3.284,99.10,326.00,1,1,0
77466,3.284,98.50,324.00,1,1,0
77469,3.284,98.80,324.00,1,1,0
77471,3.284,98.50,323.00,1,1,0
77474,3.288,99.10,324.00,1,1,0
77476,3.284,99.20,326.00,1,1,0
77479,3.284,98.50,323.00,1,1,0
77481,3.284,98.60,324.00,1,1,0
77484,3.288,98.70,321.00,1,1,0
77486,3.284,98.50,323.00,1,1,0
77499,3.284,91.90,301.00,1,0,1
77501,3.284,90.50,297.00,1,0,1
77504,3.284,98.90,331.00,1,1,0
77506,3.264,99.10,324.00,1,1,0
77509,3.284,99.20,326.00,1,1,0
77511,3.284,98.80,324.00,1,1,0
77513,3.288,99.40,326.00,1,1,0
77516,3.284,98.60,324.00,1,1,0
77518,3.288,99.20,329.00,1,1,0
77521,3.288,99.50,326.00,1,1,0
77523,3.284,99.40,326.00,1,1,0
77526,3.284,99.50,324.00,1,1,0
77528,3.284,98.40,323.00,1,1,0
77531,3.284,98.90,324.00,1,1,0
77543,3.284,99.10,326.00,1,1,0
77546,3.284,99.10,326.00,1,1,0
77548,3.284,98.70,324.00,1,1,0
77551,3.284,100.00,328.00,1,1,0
77553,3.284,99.80,328.00,1,0,1
77556,3.284,100.50,311.00,1,0,1
77558,3.284,98.80,324.00,1,1,0
77561,3.280,94.10,308.00,1,1,0
77563,3.284,98.80,331.00,1,1,0
77566,3.284,98.60,324.00,1,1,0
77568,3.284,99.00,324.00,1,1,0
77571,3.284,98.80,324.00,1,1,0
77573,3.288,99.00,324.00,1,1,0
77576,3.280,98.90,324.00,1,1,0
77588,3.284,99.10,326.00,1,1,0
77591,3.284,100.80,331.00,1,1,0
77593,3.284,98.70,324.00,1,1,0
77596,3.284,99.00,326.00,1,1,0
77598,3.272,98.70,324.00,1,1,0
77601,3.284,99.80,308.00,1,1,0
77603,3.284,90.50,297.00,1,1,0
77606,3.284,99.00,324.00,1,1,0
77608,3.284,99.20,326.00,1,0,1
77610,3.280,98.80,323.00,1,0,1
77613,3.284,99.80,328.00,1,1,0
77615,3.268,105.50,326.00,1,1,0
77618,3.284,94.20,310.00,1,1,0
77620,3.284,99.00,324.00,1,1,0
77633,3.284,99.10,326.00,1,1,0
77635,3.284,98.90,324.00,1,1,0
77638,3.284,98.90,326.00,1,1,0
77640,3.284,98.70,324.00,1,1,0
77643,3.284,100.10,329.00,1,1,0
77645,3.288,99.10,324.00,1,1,0
77648,3.284,99.30,326.00,1,1,0
77650,3.284,100.10,329.00,1,1,0
77653,3.288,98.90,326.00,1,1,0
77655,3.284,99.10,326.00,1,1,0
77658,3.288,100.20,329.00,1,1,0
77660,3.284,94.00,324.00,1,1,0
77663,3.284,99.40,326.00,1,0,1
77665,3.276,99.70,328.00,1,0,1
77678,3.284,98.40,323.00,1,1,0
77680,3.284,98.80,324.00,1,1,0
77683,3.284,98.80,324.00,1,1,0
77685,3.284,99.40,326.00,1,1,0
77688,3.288,98.70,324.00,1,1,0
77690,3.284,98.60,324.00,1,1,0
77693,3.288,98.70,324.00,1,1,0
77695,3.284,98.60,324.00,1,1,0
77698,3.284,98.60,324.00,1,1,0
77700,3.288,98.70,324.00,1,1,0
77703,3.288,100.00,328.00,1,1,0
77705,3.284,90.40,297.00,1,1,0
77707,3.284,99.20,326.00,1,1,0
77710,3.284,98.80,324.00,1,1,0
77723,3.280,102.30,336.00,1,0,1
77725,3.288,99.20,362.00,1,1,0
77728,3.284,94.00,308.00,1,1,0
77730,3.280,99.10,326.00,1,1,0
77732,3.288,100.40,329.00,1,1,0
77735,3.284,98.60,323.00,1,1,0
77737,3.284,98.40,323.00,1,1,0
77740,3.284,98.40,323.00,1,1,0
77742,3.284,98.80,324.00,1,1,0
77745,3.284,100.00,328.00,1,1,0
77747,3.284,99.20,326.00,1,1,0
77750,3.280,102.50,324.00,1,1,0
77752,3.284,98.00,321.00,1,1,0
77765,3.276,99.10,326.00,1,1,0
77767,3.288,99.40,326.00,1,1,0
77770,3.284,103.00,324.00,1,1,0
77772,3.288,98.90,324.00,1,1,0
77775,3.288,98.90,324.00,1,0,1
77777,3.284,98.90,323.00,1,0,1
77780,3.272,101.20,331.00,1,1,0
77782,3.256,94.20,310.00,1,1,0
77785,3.276,99.00,324.00,1,1,0
77787,3.284,98.70,324.00,1,1,0
77790,3.288,98.80,324.00,1,1,0
77792,3.284,99.00,324.00,1,1,0
77795,3.284,99.20,324.00,1,1,0
77797,3.288,99.10,326.00,1,1,0
77810,3.284,98.50,323.00,1,1,0
77812,3.284,98.60,324.00,1,1,0
77815,3.288,102.20,331.00,1,1,0
77817,3.284,98.70,324.00,1,1,0
77820,3.288,98.60,324.00,1,1,0
77822,3.284,99.30,326.00,1,1,0
77825,3.284,99.90,328.00,1,1,0
77827,3.276,99.20,326.00,1,1,0
77830,3.284,98.70,324.00,1,0,1
77832,3.288,99.00,324.00,1,0,1
77834,3.280,127.40,418.00,1,1,0
77837,3.284,131.80,323.00,1,1,0
77839,3.284,101.00,331.00,1,1,0
77852,3.284,99.00,324.00,1,1,0
77855,3.284,100.90,331.00,1,1,0
77857,3.284,98.70,324.00,1,1,0
77860,3.284,99.10,324.00,1,1,0
77862,3.288,98.60,324.00,1,1,0
77864,3.280,94.00,308.00,1,1,0
77867,3.288,98.80,324.00,1,1,0
77869,3.284,98.70,324.00,1,1,0
77872,3.288,98.70,324.00,1,1,0
77874,3.284,99.00,323.00,1,1,0
77877,3.284,99.10,326.00,1,1,0
77879,3.284,98.60,324.00,1,1,0
77882,3.280,99.10,326.00,1,1,0
77884,3.288,98.90,324.00,1,1,0
77897,3.304,66.30,311.00,1,1,0
77899,3.284,100.20,329.00,1,1,0
77902,3.284,98.60,324.00,1,1,0
77904,3.284,98.80,326.00,1,1,0
77907,3.284,99.70,328.00,1,1,0
77909,3.284,90.50,297.00,1,1,0
77912,3.284,98.90,324.00,1,1,0
77914,3.284,100.30,329.00,1,1,0
77917,3.288,98.60,324.00,1,1,0
77919,3.284,99.10,324.00,1,1,0
77922,3.288,99.00,324.00,1,1,0
77924,3.288,99.10,326.00,1,1,0
77927,3.284,98.60,323.00,1,1,0
77929,3.284,99.20,326.00,1,1,0
77942,3.284,100.50,331.00,1,1,0
77944,3.288,98.50,323.00,1,1,0
77947,3.284,106.40,324.00,1,0,1
77949,3.280,99.00,326.00,1,0,1
77952,3.288,133.10,436.00,1,1,0
77954,3.280,97.60,321.00,1,1,0
77957,3.288,98.60,339.00,1,1,0
77959,3.284,98.60,324.00,1,1,0
77962,3.288,99.30,326.00,1,1,0
77964,3.288,98.50,323.00,1,1,0
77966,3.284,94.30,310.00,1,1,0
77969,3.288,98.50,324.00,1,1,0
77971,3.284,98.80,326.00,1,1,0
77974,3.280,99.10,326.00,1,1,0
77987,3.284,98.90,324.00,1,1,0
77989,3.284,102.80,338.00,1,1,0
77991,3.280,98.70,328.00,1,1,0
77994,3.288,98.50,324.00,1,1,0
77996,3.284,98.70,324.00,1,1,0
77999,3.288,98.80,326.00,1,1,0
78001,3.288,99.20,326.00,1,0,1
78004,3.284,99.50,328.00,1,0,1
78006,3.284,98.90,324.00,1,1,0
78009,3.268,100.40,326.00,1,1,0
78011,3.288,90.40,297.00,1,1,0
78014,3.280,98.40,315.00,1,1,0
78016,3.260,94.00,308.00,1,1,0
78019,3.280,99.50,328.00,1,1,0
78031,3.284,98.90,324.00,1,1,0
78034,3.288,99.20,326.00,1,1,0
78036,3.284,99.10,326.00,1,1,0
78039,3.288,100.10,329.00,1,1,0
78041,3.284,98.50,323.00,1,1,0
78044,3.284,98.40,324.00,1,1,0
78046,3.288,99.70,328.00,1,1,0
78049,3.288,99.50,328.00,1,1,0
78051,3.284,99.40,328.00,1,1,0
78054,3.284,99.20,326.00,1,1,0
78056,3.288,99.20,326.00,1,0,1
78059,3.284,98.60,324.00,1,0,1
78061,3.288,99.00,339.00,1,1,0
78063,3.288,93.80,308.00,1,1,0
78076,3.288,99.30,326.00,1,1,0
78079,3.288,99.00,326.00,1,1,0
78081,3.284,98.60,324.00,1,1,0
78084,3.284,98.80,324.00,1,1,0
78086,3.284,98.90,324.00,1,1,0
78088,3.284,98.60,324.00,1,1,0
78091,3.284,99.10,324.00,1,1,0
78093,3.284,98.80,324.00,1,1,0
78096,3.284,95.30,323.00,1,1,0
78098,3.284,98.60,324.00,1,1,0
78101,3.288,102.10,336.00,1,1,0
78103,3.288,98.70,324.00,1,1,0
78106,3.288,98.60,324.00,1,1,0
78108,3.288,99.50,328.00,1,1,0
78121,3.284,98.70,324.00,1,1,0
78123,3.280,99.10,326.00,1,1,0
78126,3.284,100.60,324.00,1,1,0
78128,3.288,99.70,326.00,1,1,0
78131,3.288,99.10,326.00,1,1,0
78133,3.284,98.90,326.00,1,1,0
78136,3.288,98.80,324.00,1,1,0
78138,3.284,98.90,324.00,1,1,0
78141,3.288,101.80,328.00,1,1,0
78143,3.284,98.50,323.00,1,1,0
78146,3.284,98.50,323.00,1,1,0
78148,3.288,99.50,326.00,1,1,0
78151,3.284,98.80,324.00,1,1,0
78153,3.288,98.30,323.00,1,1,0
78166,3.284,98.90,324.00,1,1,0
78168,3.284,98.70,323.00,1,0,1
78171,3.288,102.00,311.00,1,0,1
78173,3.288,67.60,221.00,1,1,0
78176,3.280,99.60,328.00,1,1,0
78178,3.288,99.60,333.00,1,1,0
78181,3.288,99.20,326.00,1,1,0
78183,3.284,99.10,326.00,1,1,0
78185,3.288,98.70,324.00,1,1,0
78188,3.284,98.60,323.00,1,1,0
78190,3.288,98.90,324.00,1,1,0
78193,3.288,99.20,328.00,1,1,0
78195,3.284,99.00,324.00,1,1,0
78198,3.284,98.90,324.00,1,1,0
78210,3.288,99.60,328.00,1,1,0
78213,3.284,99.40,326.00,1,1,0
78215,3.288,99.70,297.00,1,1,0
78218,3.284,93.10,306.00,1,1,0
78220,3.284,98.50,324.00,1,1,0
78223,3.288,99.20,349.00,1,0,1
78225,3.284,123.40,406.00,1,0,1
78228,3.288,98.90,324.00,1,1,0
78230,3.268,105.20,336.00,1,1,0
78233,3.288,94.10,310.00,1,1,0
78235,3.284,98.70,324.00,1,1,0
78238,3.284,99.00,326.00,1,1,0
78240,3.288,98.80,324.00,1,1,0
78243,3.284,99.10,326.00,1,1,0
78255,3.284,99.20,326.00,1,1,0
78258,3.288,99.20,326.00,1,1,0
78260,3.288,99.00,326.00,1,1,0
78263,3.284,99.20,326.00,1,1,0
78265,3.288,101.00,331.00,1,1,0
78268,3.288,98.80,326.00,1,1,0
78270,3.288,98.50,323.00,1,1,0
78273,3.284,100.60,331.00,1,1,0
78275,3.284,95.70,324.00,1,1,0
78278,3.284,98.80,324.00,1,0,1
78280,3.276,99.00,324.00,1,0,1
78282,3.284,99.00,324.00,1,0,1
78285,3.284,121.90,398.00,1,1,0
78287,3.284,97.40,319.00,1,1,0
78300,3.284,98.60,324.00,1,1,0
78303,3.284,98.90,326.00,1,1,0
78305,3.288,98.90,324.00,1,1,0
78307,3.288,99.00,326.00,1,1,0
78310,3.288,98.90,324.00,1,1,0
78312,3.288,98.40,326.00,1,1,0
78315,3.288,99.20,326.00,1,1,0
78317,3.288,99.60,328.00,1,1,0
78320,3.284,90.40,298.00,1,1,0
78322,3.284,98.40,323.00,1,1,0
78325,3.288,99.40,326.00,1,1,0
78327,3.284,98.70,328.00,1,1,0
78330,3.284,98.60,324.00,1,1,0
78332,3.288,99.20,326.00,1,1,0
78345,3.284,99.40,326.00,1,1,0
78347,3.284,101.30,324.00,1,1,0
78350,3.288,101.60,333.00,1,1,0
78352,3.284,98.60,324.00,1,1,0
78355,3.288,98.80,323.00,1,1,0
78357,3.284,100.10,329.00,1,1,0
78360,3.284,101.50,333.00,1,1,0
78362,3.288,99.00,326.00,1,1,0
78365,3.288,99.60,324.00,1,1,0
78367,3.284,99.60,328.00,1,1,0
78370,3.288,98.90,324.00,1,1,0
78372,3.288,99.40,326.00,1,1,0
78375,3.288,101.10,333.00,1,1,0
78387,3.288,99.10,326.00,1,1,0
78390,3.288,99.00,326.00,1,0,1
78392,3.280,101.90,324.00,1,0,1
78395,3.284,98.50,323.00,1,1,0
78397,3.268,113.50,372.00,1,1,0
78400,3.288,103.40,329.00,1,1,0
78402,3.288,99.30,326.00,1,1,0
78405,3.288,98.70,324.00,1,1,0
78407,3.280,99.00,324.00,1,1,0
78409,3.288,98.70,324.00,1,1,0
78412,3.288,98.50,323.00,1,1,0
78414,3.288,98.70,326.00,1,1,0
78417,3.288,99.50,328.00,1,1,0
78419,3.288,99.90,328.00,1,1,0
78432,3.284,99.10,326.00,1,1,0
78435,3.288,99.40,326.00,1,1,0
78437,3.284,99.20,326.00,1,1,0
78439,3.284,99.00,326.00,1,1,0
78442,3.288,98.70,324.00,1,1,0
78444,3.284,99.20,324.00,1,1,0
78447,3.288,99.40,326.00,1,0,1
78449,3.288,128.60,423.00,1,0,1
78452,3.288,106.10,308.00,1,1,0
78454,3.280,98.60,324.00,1,1,0
78457,3.284,98.50,324.00,1,1,0
78459,3.288,98.40,331.00,1,1,0
78462,3.288,99.40,326.00,1,1,0
78464,3.288,99.70,328.00,1,1,0
78477,3.284,100.20,329.00,1,1,0
78479,3.284,94.10,310.00,1,1,0
78482,3.288,98.90,324.00,1,1,0
78484,3.288,99.30,326.00,1,1,0
78487,3.288,99.50,326.00,1,1,0
78489,3.288,98.70,324.00,1,1,0
78492,3.288,99.60,328.00,1,1,0
78494,3.284,98.60,324.00,1,1,0
78497,3.288,100.00,324.00,1,1,0
78499,3.288,98.90,324.00,1,1,0
78502,3.288,106.20,349.00,1,0,1
78504,3.264,100.10,324.00,1,0,1
78506,3.288,135.60,444.00,1,1,0
78519,3.288,98.90,324.00,1,1,0
78522,3.288,99.90,328.00,1,1,0
78524,3.284,90.40,297.00,1,1,0
78527,3.284,100.30,329.00,1,1,0
78529,3.284,99.60,328.00,1,1,0
78532,3.288,99.60,328.00,1,1,0
78534,3.284,99.20,324.00,1,1,0
78536,3.284,99.20,326.00,1,1,0
78539,3.288,101.50,334.00,1,1,0
78541,3.284,98.60,324.00,1,1,0
78544,3.284,98.90,324.00,1,1,0
78546,3.284,99.00,324.00,1,1,0
78549,3.284,98.80,329.00,1,1,0
78551,3.288,98.70,324.00,1,1,0
78564,3.284,99.50,328.00,1,1,0
78566,3.288,99.10,326.00,1,1,0
78569,3.288,99.10,329.00,1,1,0
78571,3.288,98.70,324.00,1,1,0
78574,3.284,99.20,326.00,1,1,0
78576,3.284,98.50,324.00,1,1,0
78579,3.284,100.40,329.00,1,1,0
78581,3.288,94.50,310.00,1,1,0
78584,3.288,99.20,326.00,1,1,0
78586,3.288,98.90,324.00,1,1,0
78589,3.284,100.80,331.00,1,1,0
78591,3.288,98.60,324.00,1,1,0
78594,3.288,98.90,326.00,1,1,0
78596,3.288,98.90,324.00,1,1,0
78609,3.288,98.60,324.00,1,1,0
78611,3.284,103.20,339.00,1,0,1
78614,3.288,131.60,324.00,1,0,1
78616,3.284,103.30,338.00,1,1,0
78619,3.284,95.00,311.00,1,1,0
78621,3.284,99.50,326.00,1,1,0
78624,3.288,99.80,328.00,1,1,0
78626,3.284,90.50,297.00,1,1,0
78629,3.284,99.70,326.00,1,1,0
78631,3.284,99.90,328.00,1,1,0
78634,3.288,98.50,323.00,1,1,0
78636,3.288,98.70,324.00,1,1,0
78638,3.284,98.50,326.00,1,1,0
78641,3.288,99.40,326.00,1,1,0
78654,3.288,98.90,324.00,1,1,0
78656,3.284,98.90,324.00,1,1,0
78659,3.284,98.80,324.00,1,1,0
78661,3.288,99.00,326.00,1,1,0
78663,3.284,98.90,324.00,1,1,0
78666,3.288,99.20,326.00,1,0,1
78668,3.284,99.20,326.00,1,0,1
78671,3.284,99.10,326.00,1,1,0
78673,3.272,124.50,321.00,1,1,0
78676,3.284,100.10,329.00,1,1,0
78678,3.288,98.80,324.00,1,1,0
78681,3.284,98.70,324.00,1,1,0
78683,3.284,94.00,310.00,1,1,0
78686,3.288,98.60,324.00,1,1,0
78698,3.284,98.70,324.00,1,1,0
78701,3.284,99.30,326.00,1,1,0
78708,3.284,98.80,324.00,1,1,0
78711,3.284,100.80,326.00,1,1,0
78713,3.288,98.60,324.00,1,1,0
78716,3.284,98.60,324.00,1,1,0
78718,3.284,98.90,324.00,1,1,0
78721,3.288,98.60,324.00,1,0,1
78723,3.276,101.00,331.00,1,0,1
78726,3.284,100.00,328.00,1,1,0
78728,3.288,90.50,297.00,1,1,0
78730,3.284,118.60,390.00,1,1,0
78733,3.284,98.60,324.00,1,1,0
78735,3.288,99.10,324.00,1,1,0
78738,3.284,101.20,333.00,1,1,0
78750,3.284,98.90,324.00,1,1,0
78753,3.288,98.70,324.00,1,1,0
78755,3.288,99.20,324.00,1,1,0
78758,3.284,98.60,324.00,1,1,0
78760,3.284,98.40,323.00,1,1,0
78763,3.288,98.80,328.00,1,1,0
78765,3.288,98.70,324.00,1,1,0
78768,3.288,99.50,328.00,1,1,0
78770,3.288,99.60,323.00,1,1,0
78773,3.288,100.10,329.00,1,1,0
78775,3.288,99.10,326.00,1,1,0
78778,3.288,106.40,334.00,1,0,1
78780,3.288,101.80,334.00,1,0,1
78783,3.288,114.30,374.00,1,1,0
78795,3.284,98.70,324.00,1,1,0
78798,3.284,99.30,326.00,1,1,0
78800,3.280,98.60,326.00,1,1,0
78803,3.288,99.60,328.00,1,1,0
78805,3.288,99.50,328.00,1,1,0
78808,3.288,99.00,326.00,1,1,0
78810,3.288,99.20,326.00,1,1,0
78813,3.288,98.70,324.00,1,1,0
78815,3.288,98.60,323.00,1,1,0
78818,3.284,98.90,324.00,1,1,0
78820,3.284,98.60,324.00,1,1,0
78822,3.284,99.00,324.00,1,1,0
78825,3.284,100.30,329.00,1,1,0
78827,3.284,99.60,328.00,1,1,0
78840,3.272,99.70,328.00,1,1,0
78843,3.284,98.90,324.00,1,1,0
78845,3.284,99.30,326.00,1,1,0
78847,3.288,98.90,324.00,1,1,0
78850,3.272,98.90,324.00,1,1,0
78852,3.284,99.00,324.00,1,1,0
78855,3.284,99.20,326.00,1,1,0
78857,3.284,99.20,326.00,1,1,0
78860,3.284,98.70,324.00,1,1,0
78862,3.284,99.00,326.00,1,1,0
78865,3.284,98.60,324.00,1,1,0
78867,3.284,98.90,324.00,1,1,0
78870,3.284,101.20,333.00,1,1,0
78872,3.284,98.90,324.00,1,1,0
78885,3.288,98.80,324.00,1,1,0
78887,3.280,99.60,326.00,1,0,1
78890,3.280,113.50,349.00,1,0,1
78892,3.288,112.40,365.00,1,1,0
78895,3.284,100.70,331.00,1,1,0
78897,3.288,101.00,333.00,1,1,0
78900,3.288,98.90,324.00,1,1,0
78902,3.288,99.10,326.00,1,1,0
78905,3.288,99.10,324.00,1,1,0
78907,3.288,98.70,324.00,1,1,0
78910,3.288,99.20,326.00,1,1,0
78912,3.284,99.20,326.00,1,1,0
78915,3.284,98.90,324.00,1,1,0
78927,3.284,99.50,326.00,1,1,0
78930,3.288,99.90,328.00,1,1,0
78932,3.288,99.30,301.00,1,1,0
78935,3.284,97.00,319.00,1,1,0
78937,3.288,99.10,326.00,1,1,0
78940,3.288,99.30,326.00,1,1,0
78942,3.284,98.60,324.00,1,0,1
78945,3.288,131.10,431.00,1,0,1
78947,3.288,100.30,329.00,1,1,0
78949,3.272,128.60,318.00,1,1,0
78952,3.284,99.10,326.00,1,1,0
78954,3.288,99.30,326.00,1,1,0
78957,3.284,98.70,323.00,1,1,0
78959,3.284,99.40,326.00,1,1,0
78972,3.288,101.80,334.00,1,1,0
78975,3.288,99.00,324.00,1,1,0
78977,3.288,99.00,326.00,1,1,0
78979,3.288,98.50,324.00,1,1,0
78982,3.284,98.90,324.00,1,1,0
78984,3.288,99.00,324.00,1,1,0
78987,3.284,99.00,324.00,1,1,0
78989,3.284,101.10,333.00,1,1,0
78992,3.284,94.50,311.00,1,1,0
78994,3.288,99.00,326.00,1,1,0
78997,3.288,99.10,326.00,1,0,1
78999,3.276,98.90,324.00,1,0,1
79002,3.284,102.40,324.00,1,1,0
79004,3.288,136.50,447.00,1,1,0
79017,3.288,98.90,324.00,1,1,0
79019,3.284,98.60,324.00,1,1,0
79022,3.284,98.60,323.00,1,1,0
79024,3.284,98.90,324.00,1,1,0
79027,3.284,98.90,324.00,1,1,0
79029,3.284,100.20,326.00,1,1,0
79032,3.284,99.60,328.00,1,1,0
79034,3.288,99.50,326.00,1,1,0
79037,3.284,90.40,310.00,1,1,0
79039,3.288,103.30,339.00,1,1,0
79042,3.280,99.80,328.00,1,1,0
79044,3.288,100.90,331.00,1,1,0
79046,3.288,98.60,326.00,1,1,0
79049,3.288,99.40,326.00,1,1,0
79062,3.260,93.80,308.00,1,1,0
79064,3.280,98.70,324.00,1,1,0
79067,3.284,98.60,324.00,1,1,0
79069,3.284,98.70,324.00,1,1,0
79072,3.284,98.50,323.00,1,1,0
79074,3.284,99.90,326.00,1,1,0
79076,3.284,101.00,333.00,1,1,0
79079,3.280,99.50,326.00,1,1,0
79081,3.284,99.60,324.00,1,1,0
79084,3.284,98.60,324.00,1,1,0
79086,3.288,99.30,326.00,1,1,0
79089,3.284,99.10,326.00,1,1,0
79091,3.284,99.40,326.00,1,1,0
79094,3.284,98.50,323.00,1,1,0
79106,3.284,99.00,326.00,1,1,0
79109,3.284,98.60,324.00,1,0,1
79111,3.276,98.60,321.00,1,0,1
79114,3.260,98.70,324.00,1,1,0
79116,3.256,99.30,326.00,1,1,0
79119,3.280,98.70,324.00,1,1,0
79121,3.284,99.30,326.00,1,1,0
79124,3.284,99.40,326.00,1,1,0
79126,3.288,99.50,334.00,1,1,0
79129,3.288,99.00,324.00,1,1,0
79131,3.284,98.50,323.00,1,1,0
79134,3.288,98.70,324.00,1,1,0
79136,3.284,99.40,326.00,1,1,0
79139,3.284,91.70,301.00,1,1,0
79151,3.284,102.10,336.00,1,1,0
79154,3.288,102.30,336.00,1,1,0
79156,3.284,99.60,331.00,1,1,0
79159,3.284,99.20,326.00,1,1,0
79161,3.284,99.00,324.00,1,1,0
79164,3.284,98.70,324.00,1,0,1
79166,3.284,98.70,324.00,1,0,1
79169,3.284,98.70,324.00,1,1,0
79171,3.288,117.20,308.00,1,1,0
79173,3.280,99.20,326.00,1,1,0
79176,3.284,104.00,341.00,1,1,0
79178,3.284,99.10,326.00,1,1,0
79181,3.284,103.30,339.00,1,1,0
79193,3.284,98.80,333.00,1,1,0
79196,3.284,94.00,308.00,1,1,0
79198,3.284,98.60,324.00,1,1,0
79201,3.284,98.60,326.00,1,1,0
79203,3.288,98.90,324.00,1,1,0
79206,3.284,98.70,324.00,1,1,0
79208,3.288,99.20,324.00,1,1,0
79211,3.284,98.40,323.00,1,1,0
79213,3.284,98.80,324.00,1,1,0
79216,3.284,98.60,324.00,1,1,0
79218,3.288,98.90,324.00,1,1,0
79221,3.284,104.70,344.00,1,0,1
79223,3.264,98.50,324.00,1,0,1
79226,3.288,128.30,421.00,1,1,0
79238,3.284,99.40,326.00,1,1,0
79241,3.284,91.80,301.00,1,1,0
79243,3.284,98.60,324.00,1,1,0
79246,3.280,99.70,336.00,1,1,0
79248,3.288,99.90,328.00,1,1,0
79251,3.284,98.80,324.00,1,1,0
79253,3.284,98.80,326.00,1,1,0
79256,3.288,98.50,323.00,1,1,0
79258,3.284,98.90,324.00,1,1,0
79261,3.288,98.80,326.00,1,1,0
79263,3.284,98.50,324.00,1,1,0
79265,3.284,99.10,326.00,1,1,0
79268,3.288,99.10,324.00,1,1,0
79270,3.288,98.90,324.00,1,1,0
79283,3.280,99.40,326.00,1,1,0
79286,3.284,99.50,326.00,1,1,0
79288,3.284,98.80,326.00,1,1,0
79290,3.284,98.50,324.00,1,1,0
79293,3.288,98.20,323.00,1,1,0
79295,3.284,98.50,323.00,1,1,0
79298,3.284,94.50,318.00,1,1,0
79300,3.284,100.70,331.00,1,1,0
79303,3.284,98.50,323.00,1,1,0
79305,3.284,102.60,336.00,1,1,0
79308,3.288,99.30,326.00,1,1,0
79310,3.284,100.00,328.00,1,1,0
79313,3.284,98.50,326.00,1,1,0
79315,3.284,99.70,328.00,1,1,0
79328,3.284,98.60,324.00,1,1,0
79330,3.284,106.30,349.00,1,0,1
79333,3.272,103.30,326.00,1,0,1
79335,3.284,103.20,338.00,1,1,0
79338,3.284,94.00,308.00,1,1,0
79340,3.284,99.30,324.00,1,1,0
79343,3.284,90.50,297.00,1,1,0
79345,3.284,98.90,324.00,1,1,0
79348,3.280,99.10,328.00,1,1,0
79350,3.284,99.30,328.00,1,1,0
79353,3.284,98.80,324.00,1,1,0
79355,3.284,98.40,323.00,1,1,0
79358,3.284,99.00,328.00,1,1,0
79360,3.284,98.50,323.00,1,1,0
79373,3.284,98.30,323.00,1,1,0
79375,3.284,98.30,323.00,1,1,0
79378,3.284,98.50,326.00,1,1,0
79380,3.288,102.20,336.00,1,1,0
79383,3.284,98.90,324.00,1,1,0
79385,3.284,99.00,324.00,1,0,1
79387,3.276,98.80,323.00,1,0,1
79390,3.284,98.60,324.00,1,1,0
79392,3.264,102.10,308.00,1,1,0
79395,3.280,99.40,326.00,1,1,0
79397,3.284,99.20,326.00,1,1,0
79400,3.288,97.20,319.00,1,1,0
79402,3.284,99.20,324.00,1,1,0
79405,3.284,98.60,324.00,1,1,0
79417,3.284,99.00,326.00,1,1,0
79420,3.284,98.80,324.00,1,1,0
79422,3.284,99.50,324.00,1,1,0
79425,3.284,98.80,324.00,1,1,0
79427,3.284,98.90,324.00,1,1,0
79430,3.284,99.10,328.00,1,1,0
79432,3.284,99.00,326.00,1,1,0
79435,3.284,98.50,323.00,1,1,0
79437,3.284,98.70,326.00,1,1,0
79440,3.284,98.40,323.00,1,0,1
79442,3.280,99.30,326.00,1,0,1
79445,3.280,95.60,297.00,1,1,0
79447,3.284,99.90,328.00,1,1,0
79450,3.288,99.10,326.00,1,1,0
79462,3.288,98.70,324.00,1,1,0
79465,3.288,98.90,324.00,1,1,0
79467,3.288,99.10,324.00,1,1,0
79470,3.284,98.50,323.00,1,1,0
79472,3.284,98.40,323.00,1,1,0
79475,3.284,99.40,324.00,1,1,0
79477,3.284,99.40,326.00,1,1,0
79480,3.284,98.80,324.00,1,1,0
79482,3.284,100.20,324.00,1,1,0
79485,3.284,98.90,324.00,1,1,0
79487,3.284,98.80,324.00,1,1,0
79489,3.284,99.20,324.00,1,1,0
79492,3.284,98.80,324.00,1,1,0
79494,3.284,101.60,334.00,1,1,0
79507,3.284,99.60,328.00,1,1,0
79510,3.284,100.00,328.00,1,1,0
79512,3.284,98.90,333.00,1,1,0
79514,3.284,98.70,324.00,1,1,0
79517,3.284,98.80,324.00,1,1,0
79519,3.284,98.80,323.00,1,1,0
79522,3.284,98.60,324.00,1,1,0
79524,3.288,100.30,329.00,1,1,0
79527,3.284,99.40,324.00,1,1,0
79529,3.284,98.60,324.00,1,1,0
79532,3.284,98.50,323.00,1,1,0
79534,3.284,98.90,324.00,1,1,0
79537,3.284,98.80,324.00,1,1,0
79539,3.288,98.80,324.00,1,1,0
79552,3.284,99.10,326.00,1,0,1
79554,3.284,101.70,333.00,1,0,1
79557,3.284,100.60,316.00,1,1,0
79559,3.284,98.70,324.00,1,1,0
79562,3.280,99.20,326.00,1,1,0
79564,3.284,99.20,324.00,1,1,0
79567,3.284,98.90,324.00,1,1,0
79569,3.288,99.10,326.00,1,1,0
79572,3.284,98.60,326.00,1,1,0
79574,3.288,99.90,328.00,1,1,0
79577,3.288,99.10,326.00,1,1,0
79579,3.284,98.40,323.00,1,1,0
79582,3.288,98.60,324.00,1,1,0
79584,3.284,98.60,324.00,1,1,0
79597,3.284,98.60,324.00,1,1,0
79599,3.288,98.60,329.00,1,1,0
79602,3.284,98.80,324.00,1,1,0
79604,3.284,99.00,324.00,1,1,0
79607,3.284,109.40,359.00,1,0,1
79609,3.288,131.10,324.00,1,0,1
79611,3.284,102.90,336.00,1,1,0
79614,3.284,95.40,313.00,1,1,0
79616,3.284,99.80,324.00,1,1,0
79619,3.288,99.10,326.00,1,1,0
79621,3.288,98.60,323.00,1,1,0
79624,3.288,98.80,324.00,1,1,0
79626,3.284,99.70,328.00,1,1,0
79639,3.288,99.00,326.00,1,1,0
79641,3.288,99.10,326.00,1,1,0
79644,3.284,98.60,326.00,1,1,0
79646,3.284,99.60,328.00,1,1,0
79649,3.288,98.90,324.00,1,1,0
79651,3.284,90.60,298.00,1,1,0
79654,3.284,100.90,324.00,1,1,0
79656,3.288,99.20,326.00,1,1,0
79659,3.288,98.40,323.00,1,1,0
79661,3.284,98.70,323.00,1,0,1
79664,3.276,99.10,326.00,1,0,1
79666,3.264,98.90,324.00,1,1,0
79669,3.276,107.90,310.00,1,1,0
79671,3.280,99.20,326.00,1,1,0
79684,3.288,99.60,328.00,1,1,0
79686,3.284,99.30,326.00,1,1,0
79689,3.284,101.80,338.00,1,1,0
79691,3.288,101.80,334.00,1,1,0
79694,3.284,100.00,329.00,1,1,0
79696,3.284,99.00,339.00,1,1,0
79699,3.288,99.30,326.00,1,1,0
79701,3.284,99.70,328.00,1,1,0
79704,3.288,99.30,326.00,1,1,0
79706,3.284,99.30,310.00,1,1,0
79708,3.284,98.70,324.00,1,1,0
79711,3.280,101.30,333.00,1,1,0
79713,3.288,102.40,338.00,1,1,0
79726,3.284,93.80,323.00,1,1,0
79728,3.284,98.80,324.00,1,1,0
79731,3.284,98.70,324.00,1,1,0
79733,3.284,98.90,333.00,1,1,0
79736,3.272,99.10,326.00,1,1,0
79738,3.284,98.50,323.00,1,1,0
79741,3.284,98.50,323.00,1,1,0
79743,3.284,98.90,324.00,1,1,0
79746,3.288,98.70,324.00,1,1,0
79748,3.284,99.40,331.00,1,1,0
79751,3.288,100.10,326.00,1,1,0
79753,3.284,90.30,297.00,1,1,0
79756,3.284,99.30,326.00,1,1,0
79758,3.288,102.70,326.00,1,1,0
79771,3.284,103.20,324.00,1,1,0
79773,3.288,99.30,326.00,1,0,1
79776,3.284,99.10,326.00,1,0,1
79778,3.284,99.00,324.00,1,1,0
79781,3.272,99.20,326.00,1,1,0
79783,3.284,98.90,324.00,1,1,0
79786,3.284,98.70,324.00,1,1,0
79788,3.284,98.80,324.00,1,1,0
79791,3.284,99.10,326.00,1,1,0
79793,3.284,99.10,326.00,1,1,0
79796,3.288,102.20,336.00,1,1,0
79798,3.288,99.70,328.00,1,1,0
79800,3.284,99.10,326.00,1,1,0
79803,3.288,98.80,334.00,1,1,0
79816,3.284,99.20,326.00,1,1,0
79818,3.284,98.70,324.00,1,1,0
79821,3.288,102.30,336.00,1,1,0
79823,3.288,99.00,328.00,1,1,0
79826,3.288,98.80,324.00,1,1,0
79828,3.284,99.20,326.00,1,0,1
79830,3.276,99.50,433.00,1,0,1
79833,3.284,100.30,329.00,1,1,0
79835,3.272,139.90,459.00,1,1,0
79838,3.284,98.10,326.00,1,1,0
79840,3.288,98.70,324.00,1,1,0
79843,3.284,101.30,333.00,1,1,0
79845,3.284,99.30,333.00,1,1,0
79858,3.288,99.60,328.00,1,1,0
79860,3.284,99.60,328.00,1,1,0
79863,3.288,99.00,326.00,1,1,0
79865,3.284,99.10,326.00,1,1,0
79868,3.288,99.10,326.00,1,1,0
79870,3.284,99.00,326.00,1,1,0
79873,3.284,98.60,324.00,1,1,0
79875,3.284,98.90,326.00,1,1,0
79878,3.284,99.80,328.00,1,1,0
79880,3.284,99.40,326.00,1,1,0
79883,3.288,102.20,324.00,1,1,0
79885,3.284,106.50,349.00,1,0,1
79888,3.284,131.20,431.00,1,0,1
79890,3.284,98.80,437.00,1,1,0
79903,3.284,98.70,324.00,1,1,0
79905,3.288,100.20,329.00,1,1,0
79908,3.284,99.70,328.00,1,1,0
79910,3.284,98.60,328.00,1,1,0
79913,3.284,96.20,316.00,1,1,0
79915,3.284,98.70,324.00,1,1,0
79918,3.284,98.70,324.00,1,1,0
79920,3.284,100.00,323.00,1,1,0
79923,3.284,98.50,323.00,1,1,0
79925,3.284,99.40,326.00,1,1,0
79928,3.284,98.40,324.00,1,1,0
79930,3.284,98.80,324.00,1,1,0
79932,3.284,102.00,336.00,1,1,0
79935,3.284,99.30,326.00,1,1,0
79948,3.284,99.10,206.00,1,0,1
79950,3.304,70.50,229.00,1,1,0
79953,3.280,98.20,323.00,1,1,0
79955,3.288,99.20,326.00,1,1,0
79957,3.288,90.40,297.00,1,1,0
79960,3.284,98.50,323.00,1,1,0
79962,3.284,98.80,324.00,1,1,0
79965,3.288,100.20,324.00,1,1,0
79967,3.284,98.70,324.00,1,1,0
79970,3.284,98.50,323.00,1,1,0
79972,3.284,99.00,326.00,1,1,0
79975,3.284,98.60,324.00,1,1,0
79977,3.284,102.50,336.00,1,1,0
79980,3.284,99.10,323.00,1,1,0
79992,3.284,98.40,329.00,1,1,0
79995,3.284,98.60,324.00,1,1,0
79997,3.284,99.80,328.00,1,1,0
80000,3.276,101.60,349.00,1,0,1
80002,3.284,100.80,331.00,1,0,1
80005,3.284,98.70,324.00,1,1,0
80007,3.280,94.50,333.00,1,1,0
80010,3.284,99.10,326.00,1,1,0
80012,3.284,98.60,324.00,1,1,0
80015,3.288,98.00,308.00,1,1,0
80017,3.280,112.90,324.00,1,1,0
80020,3.284,99.30,326.00,1,1,0
80022,3.284,100.80,331.00,1,1,0
80035,3.284,98.50,323.00,1,1,0
80037,3.284,99.50,324.00,1,1,0
80040,3.284,98.40,323.00,1,1,0
80042,3.284,100.70,331.00,1,1,0
80045,3.280,98.70,324.00,1,1,0
80047,3.284,98.70,324.00,1,1,0
80050,3.284,98.90,324.00,1,1,0
80052,3.284,99.10,328.00,1,1,0
80054,3.284,101.70,333.00,1,0,1
80057,3.284,101.50,333.00,1,0,1
80059,3.284,91.10,303.00,1,1,0
80062,3.280,122.50,403.00,1,1,0
80064,3.280,99.50,326.00,1,1,0
80077,3.284,98.60,324.00,1,1,0
80080,3.284,98.70,324.00,1,1,0
80082,3.284,99.20,324.00,1,1,0
80085,3.284,99.30,326.00,1,1,0
80087,3.284,99.00,324.00,1,1,0
80089,3.288,99.70,323.00,1,1,0
80092,3.284,98.50,323.00,1,1,0
80094,3.284,98.40,323.00,1,1,0
80097,3.284,98.60,324.00,1,1,0
80099,3.284,99.10,326.00,1,1,0
80102,3.288,99.40,326.00,1,1,0
80104,3.284,99.80,341.00,1,1,0
80107,3.288,98.50,323.00,1,1,0
80109,3.284,98.70,324.00,1,1,0
80122,3.284,98.90,324.00,1,1,0
80124,3.288,101.20,324.00,1,1,0
80127,3.284,98.50,323.00,1,1,0
80129,3.280,98.70,324.00,1,1,0
80132,3.288,99.50,328.00,1,1,0
80134,3.284,99.20,324.00,1,1,0
80137,3.284,98.80,324.00,1,1,0
80139,3.284,98.60,324.00,1,1,0
80142,3.284,99.00,323.00,1,1,0
80144,3.284,98.60,324.00,1,1,0
80147,3.284,98.80,324.00,1,1,0
80149,3.284,99.50,326.00,1,1,0
80152,3.284,99.10,326.00,1,1,0
80154,3.284,99.40,326.00,1,1,0
80167,3.280,103.20,339.00,1,0,1
80169,3.284,99.30,421.00,1,0,1
80172,3.284,103.70,338.00,1,1,0
80174,3.280,94.20,310.00,1,1,0
80177,3.284,99.20,324.00,1,1,0
80179,3.284,98.60,324.00,1,1,0
80182,3.284,101.20,333.00,1,1,0
80184,3.288,99.20,326.00,1,1,0
80186,3.284,99.20,326.00,1,1,0
80189,3.284,103.10,339.00,1,1,0
80191,3.284,98.50,324.00,1,1,0
80194,3.284,99.20,324.00,1,1,0
80196,3.284,99.60,328.00,1,1,0
80209,3.288,99.00,326.00,1,1,0
80211,3.284,99.30,326.00,1,1,0
80214,3.288,99.20,326.00,1,1,0
80216,3.284,99.20,326.00,1,1,0
80219,3.288,99.30,326.00,1,1,0
80221,3.284,98.60,324.00,1,0,1
80224,3.276,98.60,321.00,1,0,1
80226,3.260,99.40,326.00,1,1,0
80229,3.260,94.00,308.00,1,1,0
80231,3.280,98.90,319.00,1,1,0
80234,3.288,99.20,326.00,1,1,0
80236,3.284,98.60,324.00,1,1,0
80239,3.288,98.60,324.00,1,1,0
80241,3.284,98.50,323.00,1,1,0
80254,3.284,98.40,323.00,1,1,0
80256,3.284,99.50,326.00,1,1,0
80259,3.284,98.90,328.00,1,1,0
80261,3.288,101.20,333.00,1,1,0
80264,3.288,98.80,324.00,1,1,0
80266,3.284,90.50,324.00,1,1,0
80269,3.284,99.00,324.00,1,1,0
80271,3.284,98.80,324.00,1,1,0
80274,3.284,98.60,324.00,1,1,0
80276,3.284,99.00,324.00,1,0,1
80278,3.284,101.70,333.00,1,0,1
80281,3.288,99.10,326.00,1,1,0
80283,3.280,103.30,334.00,1,1,0
80296,3.284,98.80,336.00,1,1,0
80299,3.284,99.60,328.00,1,1,0
80301,3.284,98.70,324.00,1,1,0
80303,3.284,98.70,324.00,1,1,0
80306,3.284,99.70,328.00,1,1,0
80308,3.284,99.00,326.00,1,1,0
80311,3.284,99.20,326.00,1,1,0
80313,3.280,99.00,324.00,1,1,0
80316,3.284,98.80,324.00,1,1,0
80318,3.284,98.60,323.00,1,1,0
80321,3.288,94.10,310.00,1,1,0
80323,3.284,98.60,324.00,1,1,0
80326,3.284,97.20,319.00,1,1,0
80328,3.288,99.30,336.00,1,1,0
80341,3.280,99.80,328.00,1,1,0
80343,3.284,99.70,328.00,1,1,0
80346,3.284,99.20,326.00,1,1,0
80348,3.284,98.60,328.00,1,1,0
80351,3.284,98.50,323.00,1,1,0
80353,3.284,98.80,324.00,1,1,0
80356,3.288,98.80,324.00,1,1,0
80358,3.288,99.70,328.00,1,1,0
80361,3.284,99.30,326.00,1,1,0
80363,3.284,99.80,329.00,1,1,0
80366,3.288,97.00,318.00,1,1,0
80368,3.284,90.40,297.00,1,1,0
80371,3.284,98.50,324.00,1,1,0
80373,3.288,99.70,328.00,1,1,0
80386,3.284,98.70,324.00,1,1,0
80388,3.284,106.00,347.00,1,0,1
80391,3.280,129.90,426.00,1,0,1
80393,3.284,99.10,346.00,1,1,0
80396,3.268,93.90,308.00,1,1,0
80398,3.288,102.30,336.00,1,1,0
80400,3.284,99.10,324.00,1,1,0
80403,3.284,98.90,324.00,1,1,0
80405,3.288,98.90,324.00,1,1,0
80408,3.288,99.60,326.00,1,1,0
80410,3.284,99.50,328.00,1,1,0
80413,3.284,98.90,324.00,1,1,0
80415,3.284,101.20,323.00,1,1,0
80428,3.284,98.80,341.00,1,1,0
80430,3.284,99.70,326.00,1,1,0
80433,3.288,99.10,326.00,1,1,0
80435,3.280,98.80,324.00,1,1,0
80438,3.284,99.10,328.00,1,1,0
80440,3.284,99.20,326.00,1,1,0
80443,3.284,98.90,324.00,1,0,1
80445,3.280,105.00,328.00,1,0,1
80448,3.280,98.70,324.00,1,1,0
80450,3.264,108.70,357.00,1,1,0
80453,3.284,99.10,316.00,1,1,0
80455,3.284,97.90,321.00,1,1,0
80458,3.284,98.20,323.00,1,1,0
80460,3.284,98.60,324.00,1,1,0
80473,3.288,104.30,326.00,1,1,0
80475,3.288,98.80,324.00,1,1,0
80478,3.284,98.40,323.00,1,1,0
80480,3.288,103.10,324.00,1,1,0
80483,3.284,98.40,323.00,1,1,0
80485,3.284,99.00,324.00,1,1,0
80488,3.284,98.70,324.00,1,1,0
80490,3.284,99.20,326.00,1,1,0
80493,3.288,99.00,324.00,1,1,0
80495,3.288,98.80,324.00,1,1,0
80498,3.284,98.50,323.00,1,0,1
80500,3.272,98.70,324.00,1,0,1
80502,3.284,97.70,321.00,1,0,1
80505,3.288,102.80,454.00,1,1,0
80518,3.284,101.00,324.00,1,1,0
80520,3.284,98.90,324.00,1,1,0
80523,3.284,99.00,324.00,1,1,0
80525,3.284,98.70,308.00,1,1,0
80527,3.280,99.00,324.00,1,1,0
80530,3.284,98.60,324.00,1,1,0
80532,3.284,99.30,326.00,1,1,0
80535,3.288,98.90,333.00,1,1,0
80537,3.280,99.40,326.00,1,1,0
80540,3.284,99.00,326.00,1,1,0
80542,3.284,99.80,324.00,1,1,0
80545,3.284,98.60,324.00,1,1,0
80547,3.284,99.30,326.00,1,1,0
80550,3.284,99.50,326.00,1,1,0
80562,3.256,95.90,313.00,1,1,0
80565,3.284,99.20,326.00,1,1,0
80567,3.284,99.20,326.00,1,1,0
80570,3.288,100.20,333.00,1,1,0
80572,3.284,91.60,301.00,1,1,0
80575,3.284,98.80,324.00,1,1,0
80577,3.288,99.60,326.00,1,1,0
80580,3.288,98.80,324.00,1,1,0
80582,3.284,99.20,326.00,1,1,0
80585,3.288,99.20,326.00,1,1,0
80587,3.288,99.20,326.00,1,1,0
80590,3.284,98.80,324.00,1,1,0
80592,3.284,99.10,326.00,1,1,0
80595,3.284,99.10,324.00,1,1,0
80607,3.284,98.80,324.00,1,1,0
80610,3.284,98.70,324.00,1,0,1
80612,3.276,99.20,326.00,1,0,1
80615,3.264,99.30,326.00,1,1,0
80617,3.284,93.90,308.00,1,1,0
80620,3.280,99.80,328.00,1,1,0
80622,3.288,98.90,324.00,1,1,0
80624,3.288,98.70,324.00,1,1,0
80627,3.284,98.40,323.00,1,1,0
80629,3.284,94.40,319.00,1,1,0
80632,3.284,99.00,324.00,1,1,0
80634,3.284,99.00,324.00,1,1,0
80637,3.284,99.20,324.00,1,1,0
80639,3.284,98.80,324.00,1,1,0
80652,3.284,98.90,338.00,1,1,0
80654,3.288,102.00,334.00,1,1,0
80657,3.284,99.00,324.00,1,1,0
80659,3.284,98.60,324.00,1,1,0
80662,3.284,99.00,324.00,1,1,0
80664,3.284,99.00,324.00,1,1,0
80667,3.284,106.40,324.00,1,0,1
80669,3.280,101.30,333.00,1,0,1
80672,3.284,125.90,413.00,1,1,0
80674,3.280,94.10,297.00,1,1,0
80677,3.284,98.50,323.00,1,1,0
80679,3.284,101.00,333.00,1,1,0
80682,3.284,98.80,324.00,1,1,0
80694,3.288,98.80,324.00,1,1,0
80697,3.284,99.60,328.00,1,1,0
80699,3.284,99.80,328.00,1,1,0
80702,3.284,99.00,324.00,1,1,0
80709,3.288,99.00,324.00,1,1,0
80712,3.276,98.80,326.00,1,1,0
80714,3.284,100.60,331.00,1,1,0
80717,3.284,98.90,324.00,1,1,0
80719,3.284,99.10,324.00,1,1,0
80722,3.284,102.20,336.00,1,0,1
80724,3.284,100.10,326.00,1,0,1
80726,3.284,98.60,393.00,1,1,0
80729,3.284,99.80,328.00,1,1,0
80731,3.284,94.00,308.00,1,1,0
80734,3.288,99.50,326.00,1,1,0
80736,3.288,98.30,323.00,1,1,0
80739,3.284,99.50,328.00,1,1,0
80751,3.284,98.90,324.00,1,1,0
80754,3.284,99.20,326.00,1,1,0
80756,3.288,99.20,324.00,1,1,0
80759,3.284,98.70,324.00,1,1,0
80761,3.284,98.90,324.00,1,1,0
80764,3.284,99.20,324.00,1,1,0
80766,3.288,98.90,324.00,1,1,0
80769,3.284,98.80,324.00,1,1,0
80771,3.280,99.30,324.00,1,1,0
80774,3.284,100.10,329.00,1,1,0
80776,3.284,91.50,300.00,1,0,1
80779,3.284,98.80,306.00,1,0,1
80781,3.264,107.50,351.00,1,1,0
80784,3.284,97.20,319.00,1,1,0
80796,3.288,98.80,324.00,1,1,0
80799,3.288,99.00,324.00,1,1,0
80801,3.284,98.60,324.00,1,1,0
80804,3.284,99.00,326.00,1,1,0
80806,3.284,99.70,328.00,1,1,0
80809,3.288,98.70,333.00,1,1,0
80811,3.288,102.00,336.00,1,1,0
80814,3.288,101.50,333.00,1,1,0
80816,3.288,102.20,336.00,1,1,0
80819,3.284,98.80,324.00,1,1,0
80821,3.284,99.50,326.00,1,1,0
80823,3.284,98.90,329.00,1,1,0
80826,3.288,98.70,324.00,1,1,0
80828,3.284,101.30,333.00,1,1,0
80841,3.284,100.60,331.00,1,1,0
80844,3.284,98.90,328.00,1,1,0
80846,3.284,100.70,331.00,1,1,0
80848,3.284,98.60,324.00,1,1,0
80851,3.288,102.00,334.00,1,1,0
80853,3.288,99.60,331.00,1,1,0
80856,3.284,98.50,323.00,1,1,0
80858,3.284,99.10,326.00,1,1,0
80861,3.284,98.60,324.00,1,1,0
80863,3.284,98.80,324.00,1,1,0
80866,3.288,102.90,339.00,1,1,0
80868,3.284,99.90,326.00,1,1,0
80871,3.280,100.10,329.00,1,1,0
80883,3.288,99.90,328.00,1,1,0
80886,3.284,99.50,326.00,1,0,1
80888,3.284,98.80,342.00,1,0,1
80891,3.276,103.50,339.00,1,1,0
80893,3.268,93.90,308.00,1,1,0
80896,3.280,98.90,324.00,1,1,0
80898,3.284,98.80,324.00,1,1,0
80901,3.284,99.00,324.00,1,1,0
80903,3.284,99.00,326.00,1,1,0
80906,3.284,99.30,326.00,1,1,0
80908,3.284,98.70,324.00,1,1,0
80911,3.288,98.60,323.00,1,1,0
80913,3.284,98.90,324.00,1,1,0
80916,3.284,98.70,324.00,1,1,0
80928,3.288,103.20,339.00,1,1,0
80931,3.276,99.00,326.00,1,1,0
80933,3.284,99.10,326.00,1,1,0
80936,3.284,94.30,310.00,1,1,0
80938,3.284,98.80,324.00,1,1,0
80941,3.284,98.70,324.00,1,0,1
80943,3.288,102.30,336.00,1,0,1
80946,3.264,99.30,326.00,1,1,0
80948,3.284,130.70,310.00,1,1,0
80950,3.280,99.10,324.00,1,1,0
80953,3.284,99.40,326.00,1,1,0
80955,3.284,98.90,324.00,1,1,0
80958,3.284,99.20,326.00,1,1,0
80971,3.284,98.80,326.00,1,1,0
80973,3.288,98.70,324.00,1,1,0
80975,3.284,99.60,328.00,1,1,0
80978,3.284,99.50,329.00,1,1,0
80980,3.288,90.60,298.00,1,1,0
80983,3.288,91.20,300.00,1,1,0
80985,3.284,99.10,328.00,1,1,0
80988,3.288,100.10,329.00,1,1,0
80990,3.284,98.70,324.00,1,1,0
80993,3.284,98.60,324.00,1,1,0
80995,3.288,99.70,328.00,1,1,0
80998,3.280,102.60,338.00,1,0,1
81000,3.264,99.30,326.00,1,0,1
81003,3.288,107.90,356.00,1,1,0
81015,3.284,100.40,338.00,1,1,0
81018,3.288,99.00,324.00,1,1,0
81020,3.284,98.90,324.00,1,1,0
81023,3.288,98.90,324.00,1,1,0
81025,3.288,103.00,339.00,1,1,0
81028,3.276,101.90,334.00,1,1,0
81030,3.284,100.50,324.00,1,1,0
81033,3.284,98.90,324.00,1,1,0
81035,3.284,98.80,324.00,1,1,0
81038,3.288,100.70,308.00,1,1,0
81040,3.284,98.60,323.00,1,1,0
81043,3.284,102.80,338.00,1,1,0
81045,3.284,99.10,326.00,1,1,0
81058,3.284,102.00,452.00,1,1,0
81060,3.280,100.20,329.00,1,1,0
81063,3.284,100.20,329.00,1,1,0
81065,3.284,98.90,324.00,1,1,0
81068,3.280,98.80,324.00,1,1,0
81070,3.284,98.50,323.00,1,1,0
81073,3.288,98.50,324.00,1,1,0
81075,3.288,98.90,324.00,1,1,0
81077,3.280,99.60,328.00,1,1,0
81080,3.284,99.80,328.00,1,1,0
81082,3.288,99.80,303.00,1,1,0
81085,3.284,90.50,297.00,1,1,0
81087,3.288,98.50,323.00,1,1,0
81090,3.288,102.40,333.00,1,1,0
81102,3.284,103.60,324.00,1,1,0
81105,3.288,99.30,326.00,1,1,0
81107,3.288,98.70,324.00,1,0,1
81110,3.284,99.40,333.00,1,0,1
81112,3.264,99.20,324.00,1,1,0
81115,3.276,98.30,323.00,1,1,0
81117,3.280,98.90,324.00,1,1,0
81120,3.288,99.20,326.00,1,1,0
81122,3.288,98.70,324.00,1,1,0
81125,3.284,99.20,326.00,1,1,0
81127,3.288,99.80,326.00,1,1,0
81130,3.288,101.30,333.00,1,1,0
81132,3.284,98.90,324.00,1,1,0
81135,3.284,98.70,324.00,1,1,0
81147,3.284,99.10,331.00,1,1,0
81150,3.284,98.50,323.00,1,1,0
81152,3.284,98.60,324.00,1,1,0
81155,3.288,99.50,324.00,1,1,0
81157,3.284,98.70,324.00,1,1,0
81160,3.284,98.70,324.00,1,1,0
81162,3.284,99.00,324.00,1,1,0
81165,3.284,98.80,324.00,1,0,1
81167,3.284,103.70,341.00,1,0,1
81170,3.284,101.50,331.00,1,1,0
81172,3.284,99.00,324.00,1,1,0
81174,3.284,99.80,328.00,1,1,0
81177,3.284,99.10,326.00,1,1,0
81179,3.284,99.20,324.00,1,1,0
81192,3.288,99.50,324.00,1,1,0
81195,3.288,98.60,324.00,1,1,0
81197,3.284,99.00,326.00,1,1,0
81199,3.288,99.60,326.00,1,1,0
81202,3.284,98.50,323.00,1,1,0
81204,3.284,98.70,324.00,1,1,0
81207,3.284,99.10,324.00,1,1,0
81209,3.284,98.70,324.00,1,1,0
81212,3.284,101.90,334.00,1,1,0
81214,3.288,98.90,324.00,1,1,0
81217,3.284,98.90,324.00,1,1,0
81219,3.284,105.90,347.00,1,0,1
81222,3.284,132.20,434.00,1,0,1
81224,3.284,98.90,370.00,1,1,0
81237,3.284,99.00,326.00,1,1,0
81239,3.284,99.60,328.00,1,1,0
81242,3.284,101.70,334.00,1,1,0
81244,3.284,93.90,326.00,1,1,0
81247,3.284,98.60,323.00,1,1,0
81249,3.288,99.10,326.00,1,1,0
81252,3.284,98.80,323.00,1,1,0
81254,3.284,99.20,326.00,1,1,0
81257,3.288,99.50,326.00,1,1,0
81259,3.280,99.60,326.00,1,1,0
81262,3.284,98.80,324.00,1,1,0
81264,3.288,98.50,324.00,1,1,0
81267,3.284,98.70,324.00,1,1,0
81269,3.284,99.30,326.00,1,1,0
81282,3.252,94.20,310.00,1,1,0
81284,3.280,99.00,326.00,1,1,0
81287,3.284,100.20,329.00,1,1,0
81289,3.284,90.50,297.00,1,1,0
81292,3.284,100.10,329.00,1,1,0
81294,3.288,98.90,324.00,1,1,0
81296,3.280,99.40,324.00,1,1,0
81299,3.284,98.70,324.00,1,1,0
81301,3.284,99.60,328.00,1,1,0
81304,3.284,99.30,324.00,1,1,0
81306,3.284,98.80,324.00,1,1,0
81309,3.284,99.10,326.00,1,1,0
81311,3.288,99.00,324.00,1,1,0
81314,3.288,98.70,324.00,1,1,0
81326,3.284,98.90,324.00,1,1,0
81329,3.284,98.90,324.00,1,0,1
81331,3.280,99.50,326.00,1,0,1
81334,3.264,99.40,324.00,1,1,0
81336,3.284,135.80,446.00,1,1,0
81339,3.280,97.00,318.00,1,1,0
81341,3.288,98.90,324.00,1,1,0
81344,3.288,98.30,323.00,1,1,0
81346,3.284,94.50,310.00,1,1,0
81349,3.288,98.70,326.00,1,1,0
81351,3.284,99.00,324.00,1,1,0
81354,3.284,99.70,328.00,1,1,0
81356,3.284,96.60,326.00,1,1,0
81359,3.284,98.40,323.00,1,1,0
81371,3.284,99.30,326.00,1,1,0
81374,3.284,98.70,324.00,1,1,0
81376,3.288,98.80,324.00,1,1,0
81379,3.284,98.50,326.00,1,1,0
81381,3.284,98.90,324.00,1,1,0
81384,3.288,100.20,329.00,1,1,0
81386,3.288,100.10,352.00,1,0,1
81389,3.288,103.50,339.00,1,0,1
81391,3.284,90.30,297.00,1,1,0
81393,3.284,99.00,323.00,1,1,0
81396,3.256,99.30,326.00,1,1,0
81398,3.288,98.50,324.00,1,1,0
81401,3.280,98.90,326.00,1,1,0
81414,3.284,99.10,324.00,1,1,0
81416,3.284,99.50,328.00,1,1,0
81418,3.288,99.40,326.00,1,1,0
81421,3.284,99.60,328.00,1,1,0
81423,3.288,99.00,324.00,1,1,0
81426,3.284,98.60,324.00,1,1,0
81428,3.288,98.70,324.00,1,1,0
81431,3.284,99.10,326.00,1,1,0
81433,3.284,101.70,334.00,1,1,0
81436,3.284,98.80,324.00,1,1,0
81438,3.284,98.50,324.00,1,1,0
81441,3.288,98.30,321.00,1,0,1
81443,3.288,98.70,324.00,1,0,1
81446,3.284,99.00,431.00,1,1,0
81458,3.284,98.40,324.00,1,1,0
81461,3.288,100.00,328.00,1,1,0
81463,3.284,99.00,324.00,1,1,0
81466,3.284,99.20,326.00,1,1,0
81468,3.284,99.40,326.00,1,1,0
81471,3.284,99.10,326.00,1,1,0
81473,3.276,98.90,324.00,1,1,0
81476,3.284,100.80,324.00,1,1,0
81478,3.288,100.90,331.00,1,1,0
81481,3.284,98.80,324.00,1,1,0
81483,3.284,99.20,324.00,1,1,0
81485,3.284,99.20,326.00,1,1,0
81488,3.288,99.30,326.00,1,1,0
81490,3.284,100.00,328.00,1,1,0
81503,3.260,94.00,329.00,1,1,0
81506,3.280,100.30,329.00,1,1,0
81508,3.284,99.10,326.00,1,1,0
81511,3.284,98.80,326.00,1,1,0
81513,3.288,99.20,326.00,1,1,0
81515,3.284,99.40,326.00,1,1,0
81518,3.284,99.00,326.00,1,1,0
81520,3.288,98.50,323.00,1,1,0
81523,3.284,98.90,324.00,1,1,0
81525,3.284,98.50,324.00,1,1,0
81528,3.288,100.00,324.00,1,1,0
81530,3.288,98.80,324.00,1,1,0
81533,3.288,98.80,324.00,1,1,0
81535,3.284,98.70,323.00,1,1,0
81548,3.288,99.30,326.00,1,1,0
81550,3.280,93.90,308.00,1,0,1
81553,3.284,98.90,324.00,1,0,1
81555,3.288,98.70,323.00,1,1,0
81558,3.268,98.10,323.00,1,1,0
81560,3.288,98.80,324.00,1,1,0
81563,3.284,98.90,324.00,1,1,0
81565,3.284,99.20,326.00,1,1,0
81568,3.284,98.80,324.00,1,1,0
81570,3.288,98.60,323.00,1,1,0
81573,3.284,98.90,324.00,1,1,0
81575,3.288,98.60,324.00,1,1,0
81578,3.284,98.50,323.00,1,1,0
81580,3.288,98.90,326.00,1,1,0
81593,3.288,100.30,329.00,1,1,0
81595,3.288,90.40,297.00,1,1,0
81598,3.284,97.10,319.00,1,1,0
81600,3.288,98.70,326.00,1,1,0
81603,3.284,98.50,323.00,1,1,0
81605,3.284,98.50,323.00,1,0,1
81608,3.272,98.90,339.00,1,0,1
81610,3.288,99.30,326.00,1,1,0
81612,3.256,136.30,447.00,1,1,0
81615,3.284,99.90,324.00,1,1,0
81617,3.288,99.10,326.00,1,1,0
81620,3.288,98.50,323.00,1,1,0
81622,3.288,99.80,329.00,1,1,0
81625,3.284,99.10,326.00,1,1,0
81637,3.288,98.70,326.00,1,1,0
81640,3.284,98.90,324.00,1,1,0
81642,3.284,99.50,326.00,1,1,0
81645,3.284,99.10,326.00,1,1,0
81647,3.284,99.00,324.00,1,1,0
81650,3.284,98.90,324.00,1,1,0
81652,3.284,100.90,310.00,1,1,0
81655,3.284,99.10,326.00,1,1,0
81657,3.288,99.30,326.00,1,1,0
81660,3.284,99.10,328.00,1,1,0
81662,3.288,106.00,349.00,1,0,1
81665,3.284,130.30,428.00,1,0,1
81667,3.284,98.90,439.00,1,1,0
81670,3.284,98.90,324.00,1,1,0
81682,3.284,98.00,324.00,1,1,0
81685,3.284,98.60,324.00,1,1,0
81687,3.284,98.60,324.00,1,1,0
81690,3.284,98.60,324.00,1,1,0
81692,3.284,99.20,326.00,1,1,0
81695,3.284,100.30,329.00,1,1,0
81697,3.288,99.60,297.00,1,1,0
81700,3.284,95.10,311.00,1,1,0
81702,3.284,99.50,326.00,1,1,0
81705,3.284,100.10,326.00,1,1,0
81707,3.288,99.90,328.00,1,1,0
81709,3.288,99.20,326.00,1,1,0
81712,3.288,99.30,324.00,1,1,0
81714,3.288,99.20,326.00,1,1,0
81727,3.284,98.80,324.00,1,1,0
81730,3.288,98.60,324.00,1,1,0
81732,3.288,98.40,323.00,1,1,0
81734,3.288,99.00,324.00,1,1,0
81737,3.284,99.10,326.00,1,1,0
81739,3.284,99.20,326.00,1,1,0
81742,3.284,102.10,324.00,1,1,0
81744,3.288,98.80,324.00,1,1,0
81747,3.288,98.50,324.00,1,1,0
81749,3.288,98.80,324.00,1,1,0
81752,3.284,98.50,323.00,1,1,0
81754,3.284,97.00,318.00,1,1,0
81757,3.284,98.50,324.00,1,1,0
81759,3.284,98.70,324.00,1,1,0
81772,3.284,108.30,356.00,1,0,1
81774,3.284,130.80,429.00,1,0,1
81777,3.288,99.00,339.00,1,1,0
81779,3.280,94.10,308.00,1,1,0
81782,3.280,98.60,324.00,1,1,0
81784,3.288,99.00,324.00,1,1,0
81787,3.284,98.60,323.00,1,1,0
81789,3.284,99.10,326.00,1,1,0
81792,3.284,98.70,324.00,1,1,0
81794,3.288,98.60,328.00,1,1,0
81797,3.288,99.20,326.00,1,1,0
81799,3.288,100.00,329.00,1,1,0
81802,3.284,90.20,303.00,1,1,0
81804,3.284,98.70,324.00,1,1,0
81817,3.284,99.10,326.00,1,1,0
81819,3.284,98.90,324.00,1,1,0
81822,3.288,99.30,326.00,1,1,0
81824,3.288,98.50,323.00,1,1,0
81827,3.280,102.10,336.00,1,0,1
81829,3.280,101.60,323.00,1,0,1
81831,3.268,98.80,324.00,1,1,0
81834,3.284,112.70,370.00,1,1,0
81836,3.284,98.90,324.00,1,1,0
81839,3.284,98.60,324.00,1,1,0
81841,3.284,98.90,324.00,1,1,0
81844,3.284,98.70,324.00,1,1,0
81846,3.284,101.50,324.00,1,1,0
81859,3.284,94.00,323.00,1,1,0
81861,3.284,99.10,326.00,1,1,0
81864,3.284,99.00,324.00,1,1,0
81866,3.284,98.80,324.00,1,1,0
81869,3.288,99.00,324.00,1,1,0
81871,3.288,98.60,324.00,1,1,0
81874,3.288,98.50,324.00,1,1,0
81876,3.284,98.60,324.00,1,1,0
81879,3.288,98.70,324.00,1,1,0
81881,3.284,99.00,324.00,1,1,0
81884,3.284,97.90,326.00,1,0,1
81886,3.284,99.00,326.00,1,0,1
81889,3.284,104.90,341.00,1,1,0
81891,3.280,100.00,324.00,1,1,0
81904,3.284,91.80,303.00,1,1,0
81906,3.284,97.70,321.00,1,1,0
81909,3.284,99.00,324.00,1,1,0
81911,3.288,98.90,324.00,1,1,0
81914,3.284,100.30,329.00,1,1,0
81916,3.288,99.30,326.00,1,1,0
81919,3.284,99.40,326.00,1,1,0
81921,3.288,101.30,333.00,1,1,0
81924,3.288,99.20,326.00,1,1,0
81926,3.284,98.40,326.00,1,1,0
81928,3.288,99.20,326.00,1,1,0
81931,3.284,99.70,328.00,1,1,0
81933,3.284,99.40,326.00,1,1,0
81936,3.284,101.00,324.00,1,1,0
81949,3.284,100.10,326.00,1,1,0
81951,3.284,99.10,326.00,1,1,0
81953,3.284,97.70,321.00,1,1,0
81956,3.276,102.50,326.00,1,1,0
81958,3.272,99.40,326.00,1,1,0
81961,3.284,94.30,310.00,1,1,0
81963,3.288,99.30,336.00,1,1,0
81966,3.284,99.20,326.00,1,1,0
81968,3.288,102.60,338.00,1,1,0
81971,3.288,98.60,326.00,1,1,0
81973,3.284,98.70,324.00,1,1,0
81976,3.284,98.80,324.00,1,1,0
81978,3.284,98.40,333.00,1,1,0
81981,3.288,99.20,326.00,1,1,0
81993,3.284,98.80,324.00,1,0,1
81996,3.276,98.60,321.00,1,0,1
81998,3.284,99.40,326.00,1,0,1
82001,3.284,99.30,331.00,1,0,1
82003,3.288,62.50,206.00,1,1,0
82006,3.272,90.10,297.00,1,1,0
82008,3.284,100.30,324.00,1,1,0
82011,3.268,99.50,326.00,1,1,0
82013,3.284,104.00,341.00,1,1,0
82016,3.284,94.50,326.00,1,1,0
82018,3.284,99.50,328.00,1,1,0
82021,3.284,101.50,333.00,1,1,0
82023,3.284,99.00,326.00,1,1,0
82025,3.288,99.40,326.00,1,1,0
82038,3.284,98.80,323.00,1,1,0
82041,3.284,98.50,323.00,1,1,0
82043,3.284,97.90,321.00,1,1,0
82046,3.288,99.00,328.00,1,1,0
82048,3.284,98.80,324.00,1,1,0
82050,3.284,98.70,324.00,1,1,0
82053,3.288,98.80,324.00,1,0,1
82055,3.288,99.00,324.00,1,0,1
82058,3.284,98.80,324.00,1,1,0
82060,3.276,125.70,326.00,1,1,0
82063,3.288,94.10,310.00,1,1,0
82065,3.288,98.70,324.00,1,1,0
82068,3.288,100.20,326.00,1,1,0
82070,3.288,102.00,336.00,1,1,0
82083,3.284,99.50,328.00,1,1,0
82085,3.288,99.40,326.00,1,1,0
82088,3.284,99.20,326.00,1,1,0
82090,3.284,98.90,326.00,1,1,0
82093,3.288,98.60,324.00,1,1,0
82095,3.288,98.70,324.00,1,1,0
82098,3.288,99.20,326.00,1,1,0
82100,3.284,98.70,324.00,1,1,0
82103,3.288,99.60,328.00,1,1,0
82105,3.288,100.10,328.00,1,1,0
82108,3.288,90.20,297.00,1,0,1
82110,3.276,99.20,326.00,1,0,1
82113,3.284,97.50,329.00,1,1,0
82115,3.288,95.10,313.00,1,1,0
82128,3.276,100.10,329.00,1,1,0
82130,3.284,99.40,326.00,1,1,0
82133,3.288,100.00,326.00,1,1,0
82135,3.288,99.40,326.00,1,1,0
82138,3.288,98.70,324.00,1,1,0
82140,3.284,98.70,324.00,1,1,0
82143,3.288,98.60,324.00,1,1,0
82145,3.284,98.80,324.00,1,1,0
82148,3.288,99.10,326.00,1,1,0
82150,3.288,99.10,326.00,1,1,0
82152,3.284,98.60,324.00,1,1,0
82155,3.284,98.80,324.00,1,1,0
82157,3.288,98.70,319.00,1,1,0
82160,3.284,99.10,326.00,1,1,0
82173,3.284,100.40,329.00,1,1,0
82175,3.284,98.90,324.00,1,1,0
82177,3.288,99.20,324.00,1,1,0
82180,3.288,99.50,328.00,1,1,0
82182,3.288,99.10,326.00,1,1,0
82185,3.288,100.50,326.00,1,1,0
82187,3.288,99.10,326.00,1,1,0
82190,3.288,98.80,324.00,1,1,0
82192,3.288,99.00,326.00,1,1,0
82195,3.284,98.90,326.00,1,1,0
82197,3.288,98.90,324.00,1,1,0
82200,3.284,99.20,326.00,1,1,0
82202,3.284,98.80,324.00,1,1,0
82205,3.288,99.80,328.00,1,1,0
82217,3.288,99.10,326.00,1,1,0
82220,3.288,98.80,324.00,1,0,1
82222,3.288,98.60,333.00,1,0,1
82225,3.264,99.20,323.00,1,1,0
82227,3.280,98.70,324.00,1,1,0
82230,3.284,99.10,328.00,1,1,0
82232,3.288,99.40,326.00,1,1,0
82235,3.284,98.90,324.00,1,1,0
82237,3.288,98.40,326.00,1,1,0
82240,3.288,98.60,324.00,1,1,0
82242,3.288,98.70,324.00,1,1,0
82245,3.284,98.70,324.00,1,1,0
82247,3.284,98.80,324.00,1,1,0
82249,3.284,99.10,326.00,1,1,0
82262,3.284,98.80,324.00,1,1,0
82265,3.276,101.50,334.00,1,1,0
82267,3.284,98.30,308.00,1,1,0
82270,3.280,99.00,324.00,1,1,0
82272,3.284,98.40,323.00,1,1,0
82274,3.284,98.70,331.00,1,0,1
82277,3.276,134.70,442.00,1,0,1
82279,3.284,99.50,328.00,1,1,0
82282,3.280,140.60,313.00,1,1,0
82284,3.280,98.90,324.00,1,1,0
82287,3.284,99.00,324.00,1,1,0
82289,3.284,98.70,324.00,1,1,0
82292,3.284,98.90,324.00,1,1,0
82294,3.288,103.30,339.00,1,1,0
82307,3.288,99.40,326.00,1,1,0
82309,3.288,100.10,329.00,1,1,0
82312,3.284,99.10,298.00,1,1,0
82314,3.284,98.90,324.00,1,1,0
82317,3.284,100.40,329.00,1,1,0
82319,3.288,99.00,326.00,1,1,0
82322,3.284,98.60,324.00,1,1,0
82324,3.288,99.00,324.00,1,1,0
82327,3.284,99.40,326.00,1,1,0
82329,3.284,98.90,324.00,1,1,0
82332,3.288,106.20,349.00,1,0,1
82334,3.284,103.30,342.00,1,0,1
82337,3.272,103.50,336.00,1,1,0
82349,3.288,98.80,324.00,1,1,0
82352,3.284,98.80,324.00,1,1,0
82354,3.284,98.70,324.00,1,1,0
82357,3.284,98.80,324.00,1,1,0
82359,3.288,99.80,328.00,1,1,0
82362,3.284,99.10,326.00,1,1,0
82364,3.284,98.90,324.00,1,1,0
82367,3.288,99.00,326.00,1,1,0
82369,3.284,100.90,331.00,1,1,0
82372,3.284,93.80,324.00,1,1,0
82374,3.284,99.00,326.00,1,1,0
82376,3.284,100.00,328.00,1,1,0
82379,3.288,99.70,326.00,1,1,0
82381,3.284,98.70,324.00,1,1,0
82394,3.264,95.80,315.00,1,1,0
82397,3.288,98.70,324.00,1,1,0
82399,3.284,99.00,326.00,1,1,0
82401,3.284,98.80,324.00,1,1,0
82404,3.284,98.80,324.00,1,1,0
82406,3.284,98.90,324.00,1,1,0
82409,3.288,99.50,328.00,1,1,0
82411,3.288,100.10,329.00,1,1,0
82414,3.284,101.60,334.00,1,1,0
82416,3.284,90.20,321.00,1,1,0
82419,3.284,102.00,334.00,1,1,0
82421,3.284,98.40,323.00,1,1,0
82424,3.288,99.40,326.00,1,1,0
82426,3.288,100.60,331.00,1,1,0
82439,3.284,98.70,324.00,1,1,0
82441,3.284,98.90,324.00,1,0,1
82444,3.288,99.60,351.00,1,0,1
82446,3.272,98.80,324.00,1,1,0
82449,3.268,113.80,374.00,1,1,0
82451,3.280,98.60,324.00,1,1,0
82454,3.284,98.60,324.00,1,1,0
82456,3.284,98.90,324.00,1,1,0
82459,3.288,99.10,326.00,1,1,0
82461,3.284,99.10,324.00,1,1,0
82464,3.284,99.50,326.00,1,1,0
82466,3.284,98.60,324.00,1,1,0
82469,3.288,99.20,326.00,1,1,0
82471,3.284,100.10,329.00,1,1,0
82484,3.284,98.60,324.00,1,1,0
82486,3.288,98.90,324.00,1,1,0
82489,3.288,99.30,324.00,1,1,0
82491,3.288,98.70,324.00,1,1,0
82494,3.284,99.00,326.00,1,1,0
82496,3.288,98.50,324.00,1,1,0
82498,3.284,99.00,326.00,1,0,1
82501,3.288,101.10,333.00,1,0,1
82503,3.284,100.60,356.00,1,1,0
82506,3.284,94.00,324.00,1,1,0
82508,3.288,98.90,324.00,1,1,0
82511,3.288,98.20,323.00,1,1,0
82513,3.284,99.00,328.00,1,1,0
82516,3.288,99.20,326.00,1,1,0
82528,3.284,98.60,324.00,1,1,0
82531,3.284,99.20,326.00,1,1,0
82533,3.284,99.40,324.00,1,1,0
82536,3.284,99.10,326.00,1,1,0
82538,3.284,99.50,328.00,1,1,0
82541,3.284,98.90,333.00,1,1,0
82543,3.284,98.30,323.00,1,1,0
82546,3.284,98.50,324.00,1,1,0
82548,3.284,99.10,326.00,1,1,0
82551,3.288,99.10,326.00,1,1,0
82553,3.288,102.80,338.00,1,0,1
82556,3.288,99.90,324.00,1,0,1
82558,3.288,116.40,380.00,1,1,0
82561,3.272,99.80,328.00,1,1,0
82573,3.284,101.30,333.00,1,1,0
82576,3.284,93.90,308.00,1,1,0
82578,3.288,98.40,324.00,1,1,0
82581,3.284,98.70,324.00,1,1,0
82583,3.288,99.00,326.00,1,1,0
82586,3.288,98.90,324.00,1,1,0
82588,3.288,98.90,324.00,1,1,0
82591,3.288,99.20,326.00,1,1,0
82593,3.288,98.80,323.00,1,1,0
82595,3.284,101.60,334.00,1,1,0
82598,3.284,100.20,329.00,1,1,0
82600,3.284,99.20,324.00,1,1,0
82603,3.284,99.10,326.00,1,1,0
82605,3.284,98.60,324.00,1,1,0
82618,3.288,100.10,329.00,1,1,0
82621,3.284,90.20,297.00,1,1,0
82623,3.284,98.60,324.00,1,1,0
82625,3.284,99.00,324.00,1,1,0
82628,3.284,98.50,323.00,1,1,0
82630,3.288,99.60,324.00,1,1,0
82633,3.284,99.70,328.00,1,1,0
82635,3.284,99.00,324.00,1,1,0
82638,3.284,100.00,326.00,1,1,0
82640,3.288,99.40,326.00,1,1,0
82643,3.288,98.40,323.00,1,1,0
82645,3.288,98.60,324.00,1,1,0
82648,3.288,98.80,324.00,1,1,0
82650,3.284,99.00,324.00,1,1,0
82663,3.288,98.70,323.00,1,0,1
82665,3.288,120.10,393.00,1,0,1
82668,3.284,100.10,331.00,1,1,0
82670,3.256,100.80,331.00,1,1,0
82673,3.284,98.70,324.00,1,1,0
82675,3.284,101.10,326.00,1,1,0
82678,3.284,94.50,311.00,1,1,0
82680,3.284,99.10,326.00,1,1,0
82683,3.284,99.90,326.00,1,1,0
82685,3.284,99.00,324.00,1,1,0
82688,3.288,99.30,326.00,1,1,0
82690,3.284,98.60,324.00,1,1,0
82693,3.288,98.60,324.00,1,1,0
82709,3.284,98.50,324.00,1,1,0
82712,3.288,99.00,326.00,1,1,0
82714,3.284,99.30,326.00,1,1,0
82717,3.288,99.00,324.00,1,0,1
82719,3.284,100.10,329.00,1,0,1
82722,3.288,90.50,297.00,1,1,0
82724,3.284,107.00,326.00,1,1,0
82727,3.288,112.10,367.00,1,1,0
82729,3.280,100.00,328.00,1,1,0
82731,3.288,99.20,326.00,1,1,0
82734,3.284,98.90,324.00,1,1,0
82736,3.284,99.60,328.00,1,1,0
82739,3.288,99.20,326.00,1,1,0
82752,3.288,99.40,326.00,1,1,0
82754,3.288,99.10,328.00,1,1,0
82757,3.288,98.60,324.00,1,1,0
82759,3.284,98.50,324.00,1,1,0
82761,3.284,98.90,326.00,1,1,0
82764,3.288,97.80,321.00,1,1,0
82766,3.288,99.20,326.00,1,1,0
82769,3.288,98.80,324.00,1,1,0
82771,3.284,98.40,323.00,1,1,0
82774,3.280,100.90,331.00,1,0,1
82776,3.288,98.60,324.00,1,0,1
82779,3.288,100.20,329.00,1,1,0
82781,3.284,97.50,321.00,1,1,0
82784,3.288,99.60,324.00,1,1,0
82796,3.284,99.50,326.00,1,1,0
82799,3.284,99.40,326.00,1,1,0
82801,3.284,99.00,326.00,1,1,0
82804,3.288,98.80,324.00,1,1,0
82806,3.288,99.60,323.00,1,1,0
82809,3.284,99.30,326.00,1,1,0
82811,3.284,99.50,326.00,1,1,0
82814,3.284,99.70,328.00,1,1,0
82816,3.284,99.20,326.00,1,1,0
82819,3.288,99.40,326.00,1,1,0
82821,3.284,98.00,328.00,1,1,0
82824,3.288,91.30,300.00,1,1,0
82826,3.284,90.30,297.00,1,1,0
82829,3.284,99.30,326.00,1,0,1
82841,3.284,99.00,326.00,1,1,0
82844,3.284,99.00,326.00,1,1,0
82846,3.288,99.60,328.00,1,1,0
82849,3.284,98.90,324.00,1,1,0
82851,3.284,98.80,324.00,1,1,0
82854,3.288,98.60,324.00,1,1,0
82856,3.284,98.70,324.00,1,1,0
82858,3.288,98.90,324.00,1,1,0
82861,3.288,99.10,326.00,1,1,0
82863,3.284,99.30,326.00,1,1,0
82866,3.284,99.10,326.00,1,1,0
82868,3.288,98.90,324.00,1,1,0
82871,3.284,98.80,324.00,1,1,0
82873,3.284,98.30,324.00,1,1,0
82886,3.284,98.60,424.00,1,0,1
82888,3.280,101.10,331.00,1,1,0
82891,3.284,95.80,315.00,1,1,0
82893,3.284,99.00,326.00,1,1,0
82896,3.284,98.80,324.00,1,1,0
82898,3.284,98.60,324.00,1,1,0
82901,3.288,98.60,324.00,1,1,0
82903,3.288,98.40,324.00,1,1,0
82906,3.288,98.80,324.00,1,1,0
82908,3.288,99.50,326.00,1,1,0
82911,3.284,99.60,326.00,1,1,0
82913,3.284,98.90,324.00,1,1,0
82916,3.284,98.80,324.00,1,1,0
82918,3.284,98.70,323.00,1,1,0
82931,3.288,99.10,326.00,1,1,0
82933,3.284,99.40,326.00,1,1,0
82936,3.284,97.60,321.00,1,1,0
82938,3.288,98.90,323.00,1,0,1
82941,3.276,101.90,334.00,1,0,1
82943,3.264,99.20,326.00,1,1,0
82946,3.264,104.00,310.00,1,1,0
82948,3.280,99.70,328.00,1,1,0
82951,3.284,98.50,323.00,1,1,0
82953,3.284,98.80,324.00,1,1,0
82955,3.284,99.00,324.00,1,1,0
82958,3.288,99.00,326.00,1,1,0
82960,3.284,99.10,326.00,1,1,0
82963,3.284,100.60,326.00,1,1,0
82976,3.288,102.70,326.00,1,1,0
82978,3.284,99.20,326.00,1,1,0
82981,3.288,99.00,326.00,1,1,0
82983,3.288,100.20,326.00,1,1,0
82985,3.284,96.80,318.00,1,1,0
82988,3.288,99.20,326.00,1,1,0
82990,3.284,99.50,333.00,1,1,0
82993,3.284,99.20,326.00,1,0,1
82995,3.284,99.00,326.00,1,0,1
82998,3.288,132.10,324.00,1,1,0
83000,3.288,93.80,308.00,1,1,0
83003,3.280,99.20,326.00,1,1,0
83005,3.284,98.60,326.00,1,1,0
83008,3.284,101.00,326.00,1,1,0
83020,3.284,99.00,324.00,1,1,0
83023,3.284,99.00,326.00,1,1,0
83025,3.284,98.50,324.00,1,1,0
83028,3.288,100.20,315.00,1,1,0
83030,3.284,90.60,298.00,1,1,0
83033,3.288,98.90,324.00,1,1,0
83035,3.284,99.20,326.00,1,1,0
83038,3.284,98.90,324.00,1,1,0
83040,3.288,99.20,326.00,1,1,0
83043,3.288,99.50,326.00,1,1,0
83045,3.288,98.70,324.00,1,1,0
83048,3.276,100.10,329.00,1,0,1
83050,3.284,103.30,326.00,1,0,1
83052,3.280,98.70,324.00,1,0,1
83065,3.284,98.70,324.00,1,1,0
83068,3.288,98.80,324.00,1,1,0
83070,3.284,99.10,326.00,1,1,0
83073,3.284,99.30,328.00,1,1,0
83075,3.288,99.30,326.00,1,1,0
83078,3.284,101.70,334.00,1,1,0
83080,3.288,98.70,324.00,1,1,0
83082,3.284,98.80,324.00,1,1,0
83085,3.284,100.50,329.00,1,1,0
83087,3.284,93.70,324.00,1,1,0
83090,3.284,98.80,324.00,1,1,0
83092,3.284,99.70,328.00,1,1,0
83095,3.284,98.90,324.00,1,1,0
83097,3.288,99.30,326.00,1,1,0
83110,3.284,107.40,329.00,1,1,0
83112,3.268,98.70,324.00,1,1,0
83115,3.284,99.00,326.00,1,1,0
83117,3.284,98.80,324.00,1,1,0
83120,3.284,99.10,326.00,1,1,0
83122,3.284,99.20,326.00,1,1,0
83125,3.284,99.10,324.00,1,1,0
83127,3.284,98.30,323.00,1,1,0
83130,3.288,100.10,329.00,1,1,0
83132,3.284,90.30,297.00,1,1,0
83135,3.284,98.80,324.00,1,1,0
83137,3.284,99.30,326.00,1,1,0
83140,3.288,98.50,323.00,1,1,0
83142,3.284,98.60,324.00,1,1,0
83155,3.288,98.80,324.00,1,1,0
83157,3.284,98.90,324.00,1,1,0
83160,3.288,106.60,351.00,1,0,1
83162,3.284,99.00,331.00,1,0,1
83165,3.284,133.00,436.00,1,1,0
83167,3.284,102.80,338.00,1,1,0
83170,3.284,98.70,324.00,1,1,0
83172,3.284,99.00,324.00,1,1,0
83175,3.288,98.80,324.00,1,1,0
83177,3.288,98.90,324.00,1,1,0
83179,3.288,99.50,326.00,1,1,0
83182,3.284,98.80,324.00,1,1,0
83184,3.284,98.80,323.00,1,1,0
83197,3.284,98.80,326.00,1,1,0
83200,3.284,99.20,326.00,1,1,0
83202,3.284,99.30,326.00,1,1,0
83204,3.288,98.70,324.00,1,1,0
83207,3.288,98.60,326.00,1,1,0
83209,3.288,98.90,324.00,1,1,0
83212,3.284,99.00,326.00,1,1,0
83214,3.288,99.00,326.00,1,0,1
83217,3.288,98.90,324.00,1,0,1
83219,3.288,99.00,324.00,1,1,0
83222,3.268,95.20,316.00,1,1,0
83224,3.284,98.60,324.00,1,1,0
83227,3.288,98.60,324.00,1,1,0
83229,3.288,99.40,326.00,1,1,0
83242,3.288,99.10,324.00,1,1,0
83244,3.288,98.70,324.00,1,1,0
83247,3.288,99.30,326.00,1,1,0
83249,3.288,99.50,326.00,1,1,0
83252,3.284,99.20,326.00,1,1,0
83254,3.284,99.70,328.00,1,1,0
83257,3.288,99.70,326.00,1,1,0
83259,3.288,98.60,324.00,1,1,0
83262,3.284,101.00,331.00,1,1,0
83264,3.284,99.00,324.00,1,1,0
83267,3.284,98.70,329.00,1,1,0
83269,3.288,98.80,324.00,1,0,1
83271,3.280,98.80,324.00,1,0,1
83274,3.264,99.20,328.00,1,1,0
83287,3.288,98.80,324.00,1,1,0
83289,3.284,99.00,324.00,1,1,0
83292,3.284,93.80,308.00,1,1,0
83294,3.284,98.60,324.00,1,1,0
83297,3.288,98.60,324.00,1,1,0
83299,3.288,99.00,324.00,1,1,0
83301,3.284,98.70,324.00,1,1,0
83304,3.288,98.80,324.00,1,1,0
83306,3.284,99.20,326.00,1,1,0
83309,3.288,98.70,324.00,1,1,0
83311,3.284,98.70,311.00,1,1,0
83314,3.288,99.30,326.00,1,1,0
83316,3.284,99.50,328.00,1,1,0
83319,3.284,99.00,328.00,1,1,0
83331,3.272,110.90,326.00,1,1,0
83334,3.284,100.20,329.00,1,1,0
83336,3.284,90.50,297.00,1,1,0
83339,3.284,98.30,308.00,1,1,0
83341,3.280,99.00,324.00,1,1,0
83344,3.288,99.20,326.00,1,1,0
83346,3.284,98.70,324.00,1,1,0
83349,3.284,99.00,326.00,1,1,0
83351,3.284,99.40,326.00,1,1,0
83354,3.284,98.80,324.00,1,1,0
83356,3.284,99.40,326.00,1,1,0
83359,3.288,99.40,326.00,1,1,0
83361,3.288,98.40,324.00,1,1,0
83364,3.288,98.80,326.00,1,1,0
83376,3.288,99.00,324.00,1,1,0
83379,3.288,98.90,324.00,1,0,1
83381,3.276,98.90,324.00,1,0,1
83384,3.288,99.40,328.00,1,1,0
83386,3.288,94.00,308.00,1,1,0
83389,3.284,99.10,326.00,1,1,0
83391,3.284,96.60,323.00,1,1,0
83394,3.280,94.30,310.00,1,1,0
83396,3.272,100.70,331.00,1,1,0
83398,3.284,98.80,324.00,1,1,0
83401,3.288,100.30,329.00,1,1,0
83403,3.280,98.60,324.00,1,1,0
83406,3.288,98.80,324.00,1,1,0
83408,3.288,98.50,323.00,1,1,0
83421,3.284,99.30,324.00,1,1,0
83423,3.288,98.90,324.00,1,1,0
83426,3.288,98.20,323.00,1,1,0
83428,3.288,98.80,324.00,1,1,0
83431,3.284,99.20,326.00,1,1,0
83433,3.284,100.70,331.00,1,1,0
83436,3.284,109.10,328.00,1,0,1
83438,3.280,90.40,297.00,1,0,1
83441,3.284,113.20,370.00,1,1,0
83443,3.280,98.40,326.00,1,1,0
83446,3.288,98.90,324.00,1,1,0
83448,3.284,98.80,324.00,1,1,0
83451,3.284,98.60,326.00,1,1,0
83453,3.284,101.30,333.00,1,1,0
83466,3.288,99.30,329.00,1,1,0
83468,3.288,98.50,324.00,1,1,0
83471,3.284,99.10,326.00,1,1,0
83473,3.284,102.10,323.00,1,1,0
83476,3.284,98.60,324.00,1,1,0
83478,3.288,99.20,326.00,1,1,0
83481,3.288,99.30,328.00,1,1,0
83483,3.288,100.90,331.00,1,1,0
83486,3.284,99.00,326.00,1,1,0
83488,3.288,102.30,324.00,1,1,0
83491,3.284,100.50,331.00,1,0,1
83493,3.276,130.80,429.00,1,0,1
83495,3.284,100.90,342.00,1,1,0
83508,3.284,98.60,326.00,1,1,0
83511,3.284,98.50,323.00,1,1,0
83513,3.288,99.10,326.00,1,1,0
83516,3.288,98.70,324.00,1,1,0
83518,3.284,98.90,324.00,1,1,0
83521,3.284,98.60,324.00,1,1,0
83523,3.288,98.20,323.00,1,1,0
83525,3.284,98.40,321.00,1,1,0
83528,3.288,98.70,324.00,1,1,0
83530,3.284,99.30,326.00,1,1,0
83533,3.284,99.00,326.00,1,1,0
83535,3.284,99.10,326.00,1,1,0
83538,3.284,99.90,328.00,1,1,0
83540,3.288,99.10,297.00,1,1,0
83553,3.284,94.10,328.00,1,1,0
83555,3.284,99.20,326.00,1,1,0
83558,3.284,98.80,324.00,1,1,0
83560,3.288,99.10,326.00,1,1,0
83563,3.288,99.60,328.00,1,1,0
83565,3.284,99.00,326.00,1,1,0
83568,3.284,99.00,324.00,1,1,0
83570,3.288,99.40,326.00,1,1,0
83573,3.288,98.60,324.00,1,1,0
83575,3.284,99.10,324.00,1,1,0
83578,3.284,99.00,326.00,1,1,0
83580,3.288,98.80,324.00,1,1,0
83583,3.284,99.30,326.00,1,1,0
83585,3.288,98.80,324.00,1,1,0
83598,3.284,99.90,318.00,1,1,0
83600,3.284,98.80,324.00,1,0,1
83603,3.288,98.50,323.00,1,0,1
83605,3.288,98.70,331.00,1,1,0
83608,3.276,96.70,318.00,1,1,0
83610,3.288,99.00,324.00,1,1,0
83613,3.284,99.50,326.00,1,1,0
83615,3.288,99.60,328.00,1,1,0
83618,3.284,98.80,324.00,1,1,0
83620,3.284,98.70,324.00,1,1,0
83622,3.284,98.60,324.00,1,1,0
83625,3.284,98.80,324.00,1,1,0
83627,3.284,99.20,326.00,1,1,0
83630,3.288,99.00,324.00,1,1,0
83643,3.268,100.40,297.00,1,1,0
83645,3.284,92.10,303.00,1,1,0
83648,3.284,98.80,324.00,1,1,0
83650,3.288,99.20,326.00,1,1,0
83652,3.284,98.50,324.00,1,1,0
83655,3.284,98.60,324.00,1,0,1
83657,3.272,99.40,336.00,1,0,1
83660,3.284,98.80,324.00,1,1,0
83662,3.284,136.20,447.00,1,1,0
83665,3.284,101.20,326.00,1,1,0
83667,3.288,93.90,308.00,1,1,0
83670,3.284,98.60,324.00,1,1,0
83672,3.288,98.70,324.00,1,1,0
83675,3.284,99.00,324.00,1,1,0
83687,3.288,98.90,324.00,1,1,0
83690,3.284,99.60,328.00,1,1,0
83692,3.288,100.00,328.00,1,1,0
83695,3.288,99.90,328.00,1,1,0
83697,3.288,99.60,328.00,1,1,0
83700,3.284,100.80,331.00,1,1,0
83702,3.284,94.00,326.00,1,1,0
83705,3.288,98.70,324.00,1,1,0
83707,3.284,99.60,328.00,1,1,0
83710,3.288,99.30,333.00,1,1,0
83712,3.288,106.50,351.00,1,0,1
83715,3.288,98.90,324.00,1,0,1
83717,3.288,98.50,429.00,1,1,0
83719,3.280,98.80,324.00,1,1,0
83732,3.284,100.80,324.00,1,1,0
83735,3.288,98.50,324.00,1,1,0
83737,3.284,98.60,324.00,1,1,0
83740,3.284,98.80,326.00,1,1,0
83742,3.288,100.20,329.00,1,1,0
83745,3.284,99.60,328.00,1,1,0
83747,3.284,90.30,297.00,1,1,0
83749,3.284,99.20,326.00,1,1,0
83752,3.288,99.10,326.00,1,1,0
83754,3.284,99.20,328.00,1,1,0
83757,3.284,99.10,326.00,1,1,0
83759,3.288,99.40,326.00,1,1,0
83762,3.284,99.40,323.00,1,1,0
83764,3.284,102.40,336.00,1,1,0
83777,3.280,98.80,324.00,1,1,0
83779,3.284,98.60,324.00,1,1,0
83782,3.284,98.50,324.00,1,1,0
83784,3.288,99.00,326.00,1,1,0
83787,3.288,99.70,328.00,1,1,0
83789,3.288,99.40,326.00,1,1,0
83792,3.288,99.20,328.00,1,1,0
83794,3.288,100.20,329.00,1,1,0
83797,3.284,99.30,326.00,1,1,0
83799,3.284,98.60,324.00,1,1,0
83802,3.288,100.70,331.00,1,1,0
83804,3.280,97.50,319.00,1,1,0
83807,3.284,99.30,326.00,1,1,0
83809,3.284,99.30,326.00,1,1,0
83822,3.288,98.70,324.00,1,0,1
83824,3.280,99.30,326.00,1,0,1
83827,3.260,98.90,324.00,1,1,0
83829,3.284,136.00,447.00,1,1,0
83832,3.284,99.80,328.00,1,1,0
83834,3.284,98.90,324.00,1,1,0
83837,3.288,98.70,324.00,1,1,0
83839,3.288,99.70,328.00,1,1,0
83842,3.288,99.00,326.00,1,1,0
83844,3.288,99.20,326.00,1,1,0
83846,3.288,100.10,329.00,1,1,0
83849,3.284,90.40,297.00,1,1,0
83851,3.284,98.90,326.00,1,1,0
83854,3.288,100.10,329.00,1,1,0
83867,3.288,99.30,326.00,1,1,0
83869,3.280,99.30,326.00,1,1,0
83871,3.288,99.10,328.00,1,1,0
83874,3.284,99.00,326.00,1,1,0
83876,3.288,98.40,323.00,1,1,0
83879,3.284,98.60,342.00,1,0,1
83881,3.288,131.60,433.00,1,0,1
83884,3.288,98.90,324.00,1,1,0
83886,3.284,96.50,326.00,1,1,0
83889,3.288,99.30,326.00,1,1,0
83891,3.288,99.50,326.00,1,1,0
83894,3.284,98.90,324.00,1,1,0
83896,3.288,99.30,323.00,1,1,0
83899,3.284,99.90,328.00,1,1,0
83911,3.288,98.60,324.00,1,1,0
83914,3.284,99.00,326.00,1,1,0
83916,3.288,98.70,324.00,1,1,0
83919,3.288,98.70,324.00,1,1,0
83921,3.284,98.80,324.00,1,1,0
83924,3.288,99.20,323.00,1,1,0
83926,3.284,98.70,324.00,1,1,0
83929,3.288,99.30,326.00,1,1,0
83931,3.288,98.60,328.00,1,1,0
83934,3.288,99.00,324.00,1,0,1
83936,3.288,128.10,419.00,1,0,1
83939,3.284,98.50,329.00,1,1,0
83941,3.268,95.50,313.00,1,1,0
83943,3.284,99.10,326.00,1,1,0
83956,3.288,99.10,326.00,1,1,0
83959,3.284,98.60,324.00,1,1,0
83961,3.288,98.70,324.00,1,1,0
83964,3.288,99.10,326.00,1,1,0
83966,3.288,99.20,326.00,1,1,0
83969,3.288,98.90,326.00,1,1,0
83971,3.288,99.50,328.00,1,1,0
83973,3.288,99.20,326.00,1,1,0
83976,3.284,99.10,324.00,1,1,0
83978,3.284,98.60,324.00,1,1,0
83981,3.280,99.80,328.00,1,1,0
83983,3.288,99.30,326.00,1,1,0
83986,3.288,99.20,326.00,1,1,0
83988,3.288,99.10,324.00,1,1,0
84001,3.288,99.00,324.00,1,1,0
84003,3.284,99.00,324.00,1,1,0
84006,3.288,98.80,329.00,1,1,0
84008,3.284,94.30,310.00,1,1,0
84011,3.284,98.80,324.00,1,1,0
84013,3.288,98.50,324.00,1,1,0
84016,3.288,99.00,324.00,1,1,0
84018,3.288,99.00,324.00,1,1,0
84021,3.284,99.40,324.00,1,1,0
84023,3.288,98.60,324.00,1,1,0
84026,3.284,98.70,324.00,1,1,0
84028,3.288,98.40,324.00,1,1,0
84031,3.288,99.90,328.00,1,1,0
84033,3.288,99.20,326.00,1,1,0
84046,3.284,99.00,324.00,1,0,1
84048,3.284,99.30,324.00,1,0,1
84051,3.288,100.50,329.00,1,0,1
84053,3.284,91.60,303.00,1,0,1
84056,3.304,70.50,229.00,1,1,0
84058,3.280,98.00,328.00,1,1,0
84061,3.280,99.10,326.00,1,1,0
84063,3.288,99.10,326.00,1,1,0
84066,3.288,99.50,326.00,1,1,0
84068,3.284,100.00,328.00,1,1,0
84070,3.284,99.30,326.00,1,1,0
84073,3.288,99.30,326.00,1,1,0
84075,3.284,99.40,326.00,1,1,0
84078,3.284,101.00,331.00,1,1,0
84091,3.288,98.70,324.00,1,1,0
84093,3.284,98.80,326.00,1,1,0
84095,3.288,99.10,326.00,1,1,0
84098,3.284,98.90,324.00,1,1,0
84100,3.288,98.90,324.00,1,1,0
84103,3.284,98.70,326.00,1,1,0
84105,3.284,106.10,349.00,1,0,1
84108,3.276,114.30,375.00,1,0,1
84110,3.280,98.40,336.00,1,1,0
84113,3.280,93.80,308.00,1,1,0
84115,3.288,98.80,324.00,1,1,0
84118,3.284,98.90,326.00,1,1,0
84120,3.284,99.10,326.00,1,1,0
84123,3.284,98.80,324.00,1,1,0
84135,3.284,99.20,326.00,1,1,0
84138,3.284,98.60,324.00,1,1,0
84140,3.288,98.70,324.00,1,1,0
84143,3.288,98.70,324.00,1,1,0
84145,3.288,98.80,324.00,1,1,0
84148,3.284,99.00,326.00,1,1,0
84150,3.288,100.00,328.00,1,1,0
84153,3.288,99.90,328.00,1,1,0
84155,3.284,99.00,295.00,1,1,0
84158,3.280,99.20,326.00,1,1,0
84160,3.284,98.90,324.00,1,0,1
84163,3.288,99.50,323.00,1,0,1
84165,3.260,100.50,328.00,1,1,0
84167,3.276,94.10,310.00,1,1,0
84180,3.284,100.20,329.00,1,1,0
84183,3.284,98.60,326.00,1,1,0
84185,3.284,98.10,323.00,1,1,0
84188,3.284,98.10,323.00,1,1,0
84190,3.288,98.90,324.00,1,1,0
84192,3.284,99.10,326.00,1,1,0
84195,3.284,98.80,324.00,1,1,0
84197,3.280,98.90,338.00,1,1,0
84200,3.288,102.60,326.00,1,1,0
84202,3.288,99.20,326.00,1,1,0
84205,3.284,101.30,333.00,1,1,0
84207,3.284,97.80,324.00,1,1,0
84210,3.284,98.60,324.00,1,1,0
84212,3.280,101.10,333.00,1,1,0
84225,3.284,98.70,324.00,1,1,0
84227,3.288,98.90,328.00,1,1,0
84230,3.288,98.80,324.00,1,1,0
84232,3.288,98.70,324.00,1,1,0
84235,3.284,98.90,326.00,1,1,0
84237,3.284,98.70,324.00,1,1,0
84240,3.284,98.80,324.00,1,1,0
84242,3.288,98.50,324.00,1,1,0
84245,3.284,98.80,324.00,1,1,0
84247,3.284,99.70,328.00,1,1,0
84250,3.284,99.10,324.00,1,1,0
84252,3.284,99.40,326.00,1,1,0
84255,3.284,99.90,328.00,1,1,0
84257,3.288,99.20,326.00,1,1,0
84270,3.284,98.80,324.00,1,0,1
84272,3.280,102.60,326.00,1,0,1
84275,3.280,98.40,323.00,1,1,0
84277,3.268,126.10,413.00,1,1,0
84280,3.280,99.90,328.00,1,1,0
84282,3.288,98.50,323.00,1,1,0
84285,3.288,99.50,326.00,1,1,0
84287,3.284,99.90,334.00,1,1,0
84290,3.276,98.40,323.00,1,1,0
84292,3.280,99.20,326.00,1,1,0
84294,3.288,98.70,324.00,1,1,0
84297,3.288,98.90,324.00,1,1,0
84299,3.288,99.50,328.00,1,1,0
84302,3.288,99.10,326.00,1,1,0
84315,3.280,100.50,329.00,1,1,0
84317,3.284,97.20,326.00,1,1,0
84319,3.288,98.60,324.00,1,1,0
84322,3.284,98.70,324.00,1,1,0
84324,3.284,100.10,323.00,1,1,0
84327,3.284,100.90,331.00,1,0,1
84329,3.268,102.00,334.00,1,0,1
84332,3.276,105.00,310.00,1,1,0
84334,3.280,99.10,326.00,1,1,0
84337,3.284,99.10,326.00,1,1,0
84339,3.284,98.50,324.00,1,1,0
84342,3.284,99.20,326.00,1,1,0
84344,3.288,98.60,324.00,1,1,0
84357,3.284,100.00,329.00,1,1,0
84359,3.288,99.80,297.00,1,1,0
84362,3.284,90.40,315.00,1,1,0
84364,3.284,98.80,324.00,1,1,0
84367,3.288,99.10,326.00,1,1,0
84369,3.288,99.50,334.00,1,1,0
84372,3.288,99.00,326.00,1,1,0
84374,3.288,99.00,324.00,1,1,0
84377,3.280,99.30,326.00,1,1,0
84379,3.288,100.40,329.00,1,1,0
84382,3.288,106.70,351.00,1,0,1
84384,3.284,123.30,328.00,1,0,1
84387,3.288,116.50,383.00,1,1,0
84399,3.288,99.10,326.00,1,1,0
84402,3.284,99.00,326.00,1,1,0
84404,3.288,98.70,324.00,1,1,0
84407,3.288,98.60,324.00,1,1,0
84409,3.288,99.00,326.00,1,1,0
84412,3.284,99.30,329.00,1,1,0
84414,3.284,99.20,326.00,1,1,0
84417,3.284,100.60,331.00,1,1,0
84419,3.284,93.90,324.00,1,1,0
84422,3.284,98.80,324.00,1,1,0
84424,3.284,99.10,326.00,1,1,0
84426,3.288,98.80,324.00,1,1,0
84429,3.284,99.00,326.00,1,1,0
84431,3.284,99.20,326.00,1,1,0
84444,3.284,99.30,326.00,1,1,0
84447,3.288,99.60,328.00,1,1,0
84449,3.288,98.80,324.00,1,1,0
84451,3.288,98.50,323.00,1,1,0
84454,3.288,99.10,326.00,1,1,0
84456,3.288,98.80,328.00,1,1,0
84459,3.288,100.00,329.00,1,1,0
84461,3.288,99.20,326.00,1,1,0
84464,3.284,90.40,303.00,1,1,0
84466,3.284,98.80,324.00,1,1,0
84469,3.288,99.10,326.00,1,1,0
84471,3.288,98.50,324.00,1,1,0
84474,3.280,99.30,324.00,1,1,0
84476,3.288,99.50,328.00,1,1,0
84489,3.288,98.90,324.00,1,1,0
84491,3.288,102.90,338.00,1,0,1
84494,3.288,132.10,324.00,1,0,1
84496,3.288,103.40,338.00,1,1,0
84499,3.284,95.30,313.00,1,1,0
84501,3.288,98.80,324.00,1,1,0
84504,3.288,98.90,324.00,1,1,0
84506,3.288,99.20,326.00,1,1,0
84509,3.288,99.10,326.00,1,1,0
84511,3.288,99.40,326.00,1,1,0
84514,3.284,99.20,326.00,1,1,0
84516,3.288,99.30,324.00,1,1,0
84519,3.288,100.10,329.00,1,1,0
84531,3.288,98.50,324.00,1,1,0
84534,3.288,98.70,324.00,1,1,0
84536,3.284,98.60,324.00,1,1,0
84539,3.288,100.40,328.00,1,1,0
84541,3.284,98.90,324.00,1,1,0
84544,3.288,98.90,324.00,1,1,0
84546,3.288,98.90,324.00,1,0,1
84549,3.284,98.60,324.00,1,0,1
84551,3.280,98.60,324.00,1,1,0
84553,3.272,135.20,308.00,1,1,0
84556,3.280,99.00,324.00,1,1,0
84558,3.284,99.00,326.00,1,1,0
84561,3.284,98.60,329.00,1,1,0
84563,3.288,99.50,326.00,1,1,0
84576,3.284,98.90,324.00,1,1,0
84578,3.284,99.20,326.00,1,1,0
84581,3.288,98.80,324.00,1,1,0
84583,3.288,98.50,326.00,1,1,0
84586,3.288,100.00,329.00,1,1,0
84588,3.288,99.60,328.00,1,1,0
84591,3.288,99.20,326.00,1,1,0
84593,3.288,99.20,326.00,1,1,0
84596,3.284,98.80,324.00,1,1,0
84598,3.288,98.50,324.00,1,1,0
84601,3.288,99.60,328.00,1,0,1
84603,3.276,99.30,326.00,1,0,1
84606,3.260,99.30,326.00,1,1,0
84608,3.288,94.10,308.00,1,1,0
84621,3.288,101.40,333.00,1,1,0
84623,3.284,94.70,311.00,1,1,0
84626,3.288,100.10,326.00,1,1,0
84628,3.288,99.40,326.00,1,1,0
84631,3.288,98.70,324.00,1,1,0
84633,3.288,98.60,324.00,1,1,0
84636,3.288,99.20,326.00,1,1,0
84638,3.288,99.50,328.00,1,1,0
84641,3.288,98.50,324.00,1,1,0
84643,3.280,98.70,324.00,1,1,0
84646,3.288,98.70,324.00,1,1,0
84648,3.288,99.00,326.00,1,1,0
84650,3.288,98.50,324.00,1,1,0
84653,3.288,98.70,324.00,1,1,0
84666,3.288,100.00,329.00,1,1,0
84668,3.284,90.50,297.00,1,1,0
84671,3.288,122.00,310.00,1,1,0
84673,3.284,99.50,328.00,1,1,0
84675,3.288,99.10,326.00,1,1,0
84678,3.288,99.00,324.00,1,1,0
84680,3.288,99.40,326.00,1,1,0
84683,3.288,99.50,328.00,1,1,0
84685,3.288,100.30,328.00,1,1,0
84688,3.288,102.30,336.00,1,1,0
84690,3.276,98.70,324.00,1,1,0
84693,3.288,100.30,329.00,1,1,0
84695,3.288,98.80,323.00,1,1,0
84712,3.284,98.70,323.00,1,0,1
84715,3.276,99.10,326.00,1,0,1
84717,3.288,98.90,324.00,1,1,0
84720,3.256,97.90,329.00,1,1,0
84722,3.288,98.70,324.00,1,1,0
84725,3.284,94.00,308.00,1,1,0
84727,3.284,99.00,324.00,1,1,0
84730,3.288,98.60,324.00,1,1,0
84732,3.284,100.30,329.00,1,1,0
84734,3.284,98.90,326.00,1,1,0
84737,3.284,99.00,326.00,1,1,0
84739,3.288,99.10,326.00,1,1,0
84742,3.284,98.50,324.00,1,1,0
84744,3.288,98.70,324.00,1,1,0
84757,3.284,98.60,324.00,1,1,0
84759,3.288,99.10,326.00,1,1,0
84762,3.288,98.60,324.00,1,1,0
84764,3.288,98.80,326.00,1,1,0
84767,3.284,100.30,329.00,1,0,1
84769,3.280,94.50,310.00,1,0,1
84772,3.284,90.60,421.00,1,1,0
84774,3.288,94.00,308.00,1,1,0
84777,3.288,99.20,326.00,1,1,0
84779,3.284,99.60,326.00,1,1,0
84782,3.284,99.50,328.00,1,1,0
84784,3.288,102.10,336.00,1,1,0
84787,3.288,99.10,324.00,1,1,0
84789,3.288,100.60,331.00,1,1,0
84802,3.284,101.70,329.00,1,1,0
84804,3.284,99.20,326.00,1,1,0
84807,3.288,97.70,321.00,1,1,0
84809,3.288,99.10,324.00,1,1,0
84812,3.284,98.90,324.00,1,1,0
84814,3.288,99.00,326.00,1,1,0
84817,3.288,98.80,324.00,1,1,0
84819,3.288,98.80,324.00,1,1,0
84822,3.284,98.80,324.00,1,0,1
84824,3.284,105.50,321.00,1,0,1
84827,3.260,99.90,328.00,1,1,0
84829,3.304,66.30,216.00,1,1,0
84831,3.284,94.00,324.00,1,1,0
84834,3.284,100.40,329.00,1,1,0
84847,3.284,98.90,324.00,1,1,0
84849,3.288,99.00,324.00,1,1,0
84852,3.284,99.30,326.00,1,1,0
84854,3.288,104.40,324.00,1,1,0
84856,3.284,99.50,328.00,1,1,0
84859,3.284,98.70,324.00,1,1,0
84861,3.284,99.80,326.00,1,1,0
84864,3.288,99.70,328.00,1,1,0
84866,3.284,99.50,326.00,1,1,0
84869,3.284,98.50,324.00,1,1,0
84871,3.288,100.10,329.00,1,1,0
84874,3.284,90.30,297.00,1,1,0
84876,3.284,99.40,328.00,1,1,0
84879,3.284,102.40,336.00,1,0,1
84891,3.284,99.40,326.00,1,1,0
84894,3.288,99.50,328.00,1,1,0
84896,3.284,99.40,326.00,1,1,0
84899,3.284,99.50,324.00,1,1,0
84901,3.284,98.70,324.00,1,1,0
84904,3.284,99.10,326.00,1,1,0
84906,3.288,98.40,326.00,1,1,0
84909,3.288,99.40,326.00,1,1,0
84911,3.284,98.90,324.00,1,1,0
84914,3.288,98.90,326.00,1,1,0
84916,3.288,99.40,326.00,1,1,0
84919,3.288,99.50,328.00,1,1,0
84921,3.288,101.30,323.00,1,1,0
84924,3.288,98.70,324.00,1,1,0
84936,3.288,98.90,324.00,1,0,1
84939,3.284,98.70,324.00,1,1,0
84941,3.280,103.00,338.00,1,1,0
84944,3.284,100.10,329.00,1,1,0
84946,3.284,99.30,326.00,1,1,0
84949,3.288,99.00,326.00,1,1,0
84951,3.288,98.90,324.00,1,1,0
84954,3.288,98.60,324.00,1,1,0
84956,3.288,98.80,324.00,1,1,0
84958,3.284,98.70,326.00,1,1,0
84961,3.288,99.10,326.00,1,1,0
84963,3.288,99.50,326.00,1,1,0
84966,3.284,98.90,324.00,1,1,0
84968,3.288,98.70,324.00,1,1,0
84981,3.288,99.20,326.00,1,1,0
84983,3.288,99.40,326.00,1,1,0
84986,3.288,98.70,324.00,1,1,0
84988,3.288,99.10,326.00,1,1,0
84991,3.288,98.50,323.00,1,0,1
84993,3.288,99.20,326.00,1,0,1
84996,3.288,101.40,331.00,1,1,0
84998,3.268,94.10,308.00,1,1,0
85001,3.288,99.10,324.00,1,1,0
85003,3.284,99.00,324.00,1,1,0
85006,3.284,98.50,323.00,1,1,0
85008,3.284,99.40,326.00,1,1,0
85011,3.288,102.20,334.00,1,1,0
85013,3.284,99.30,326.00,1,1,0
85026,3.284,99.20,326.00,1,1,0
85028,3.284,99.00,324.00,1,1,0
85031,3.284,98.80,333.00,1,1,0
85033,3.284,94.70,311.00,1,1,0
85036,3.288,98.80,324.00,1,1,0
85038,3.288,99.10,326.00,1,1,0
85041,3.284,98.90,324.00,1,1,0
85043,3.284,98.90,324.00,1,1,0
85046,3.280,99.10,346.00,1,0,1
85048,3.284,99.00,323.00,1,0,1
85051,3.284,98.70,324.00,1,1,0
85053,3.276,93.90,324.00,1,1,0
85055,3.284,98.80,324.00,1,1,0
85058,3.284,98.60,324.00,1,1,0
85071,3.284,98.70,324.00,1,1,0
85073,3.284,99.20,326.00,1,1,0
85076,3.288,100.10,326.00,1,1,0
85078,3.284,90.50,297.00,1,1,0
85080,3.284,99.40,326.00,1,1,0
85083,3.284,99.20,326.00,1,1,0
85085,3.288,99.90,328.00,1,1,0
85088,3.284,98.50,324.00,1,1,0
85090,3.284,98.90,328.00,1,1,0
85093,3.288,102.30,336.00,1,1,0
85095,3.288,102.50,336.00,1,1,0
85098,3.276,102.10,328.00,1,1,0
85100,3.288,98.70,324.00,1,0,1
85113,3.284,102.10,326.00,1,1,0
85115,3.288,98.80,324.00,1,1,0
85118,3.288,99.00,324.00,1,1,0
85120,3.288,99.20,326.00,1,1,0
85123,3.288,99.20,326.00,1,1,0
85125,3.284,99.90,328.00,1,1,0
85128,3.288,99.40,326.00,1,1,0
85130,3.288,99.20,326.00,1,1,0
85133,3.288,98.90,324.00,1,1,0
85135,3.284,94.40,324.00,1,1,0
85138,3.284,98.60,324.00,1,1,0
85140,3.284,99.20,326.00,1,1,0
85143,3.284,99.40,328.00,1,1,0
85145,3.288,98.50,324.00,1,1,0
85158,3.276,126.70,416.00,1,0,1
85160,3.284,99.00,326.00,1,1,0
85163,3.256,93.90,331.00,1,1,0
85165,3.288,98.60,324.00,1,1,0
85168,3.288,99.00,324.00,1,1,0
85170,3.288,98.60,324.00,1,1,0
85173,3.284,98.80,324.00,1,1,0
85175,3.284,99.30,326.00,1,1,0
85178,3.284,100.20,329.00,1,1,0
85180,3.284,90.50,297.00,1,1,0
85182,3.284,100.00,328.00,1,1,0
85185,3.288,97.80,321.00,1,1,0
85187,3.288,99.50,326.00,1,1,0
85190,3.284,99.10,326.00,1,1,0
85203,3.288,99.00,326.00,1,1,0
85205,3.284,99.50,328.00,1,1,0
85208,3.288,102.10,324.00,1,1,0
85210,3.288,98.90,324.00,1,0,1
85212,3.284,98.80,324.00,1,0,1
85215,3.284,100.70,324.00,1,1,0
85217,3.280,93.90,308.00,1,1,0
85220,3.276,99.20,326.00,1,1,0
85222,3.288,98.90,324.00,1,1,0
85225,3.284,98.90,326.00,1,1,0
85227,3.288,99.00,324.00,1,1,0
85230,3.284,98.60,324.00,1,1,0
85232,3.284,98.70,324.00,1,1,0
85235,3.288,98.80,324.00,1,1,0
85247,3.288,98.70,324.00,1,1,0
85250,3.284,98.70,324.00,1,1,0
85252,3.284,99.40,323.00,1,1,0
85255,3.288,98.80,324.00,1,1,0
85257,3.288,98.80,324.00,1,1,0
85260,3.288,99.40,326.00,1,1,0
85262,3.284,99.00,324.00,1,1,0
85265,3.284,98.70,324.00,1,0,1
85267,3.276,99.40,324.00,1,0,1
85270,3.264,98.60,324.00,1,1,0
85272,3.284,102.90,338.00,1,1,0
85275,3.284,98.70,324.00,1,1,0
85277,3.284,99.40,328.00,1,1,0
85279,3.288,100.10,329.00,1,1,0
85292,3.284,99.20,326.00,1,1,0
85295,3.284,99.00,326.00,1,1,0
85297,3.284,99.00,328.00,1,1,0
85300,3.284,99.10,326.00,1,1,0
85302,3.288,99.10,326.00,1,1,0
85305,3.288,99.50,324.00,1,1,0
85307,3.284,98.50,323.00,1,1,0
85309,3.284,99.30,326.00,1,1,0
85312,3.288,99.20,324.00,1,1,0
85314,3.284,100.10,329.00,1,1,0
85317,3.284,99.30,326.00,1,1,0
85319,3.288,98.80,326.00,1,1,0
85322,3.288,101.00,326.00,1,0,1
85324,3.288,99.40,326.00,1,0,1
85337,3.288,98.90,324.00,1,1,0
85339,3.284,94.40,310.00,1,1,0
85342,3.284,99.20,324.00,1,1,0
85344,3.284,98.80,324.00,1,1,0
85347,3.284,99.90,328.00,1,1,0
85349,3.288,98.50,323.00,1,1,0
85352,3.284,102.00,336.00,1,1,0
85354,3.288,99.40,326.00,1,1,0
85357,3.284,99.20,326.00,1,1,0
85359,3.284,97.90,321.00,1,1,0
85362,3.284,99.00,324.00,1,1,0
85364,3.284,98.90,324.00,1,1,0
85367,3.288,98.80,324.00,1,1,0
85369,3.284,99.30,326.00,1,1,0
85382,3.288,100.10,328.00,1,1,0
85384,3.288,90.30,297.00,1,1,0
85387,3.284,92.20,326.00,1,1,0
85389,3.284,98.60,324.00,1,1,0
85392,3.284,100.90,331.00,1,1,0
85394,3.284,92.40,324.00,1,1,0
85397,3.284,99.10,326.00,1,1,0
85399,3.288,98.90,324.00,1,1,0
85402,3.288,99.00,331.00,1,1,0
85404,3.284,98.90,324.00,1,1,0
85406,3.288,99.50,326.00,1,1,0
85409,3.288,99.80,324.00,1,1,0
85411,3.284,98.80,324.00,1,1,0
85414,3.288,96.40,316.00,1,1,0
85427,3.288,98.70,324.00,1,1,0
85429,3.288,98.80,324.00,1,1,0
85431,3.288,98.70,323.00,1,0,1
85434,3.272,99.20,326.00,1,0,1
85436,3.288,98.80,324.00,1,1,0
85439,3.256,93.90,324.00,1,1,0
85441,3.284,96.30,316.00,1,1,0
85444,3.284,98.70,324.00,1,1,0
85446,3.284,98.70,324.00,1,1,0
85449,3.284,100.20,329.00,1,1,0
85451,3.284,98.90,324.00,1,1,0
85454,3.288,99.70,324.00,1,1,0
85456,3.284,99.10,326.00,1,1,0
85459,3.288,98.80,324.00,1,1,0
85471,3.288,98.90,324.00,1,1,0
85474,3.288,100.10,329.00,1,1,0
85476,3.288,98.90,324.00,1,1,0
85479,3.288,98.50,324.00,1,1,0
85481,3.284,102.60,336.00,1,1,0
85484,3.288,100.30,329.00,1,1,0
85486,3.288,90.70,298.00,1,0,1
85489,3.284,90.90,298.00,1,0,1
85491,3.284,99.00,326.00,1,1,0
85494,3.284,99.10,324.00,1,1,0
85496,3.280,98.80,324.00,1,1,0
85499,3.284,99.20,326.00,1,1,0
85501,3.288,99.40,326.00,1,1,0
85503,3.284,99.40,326.00,1,1,0
85516,3.288,99.30,326.00,1,1,0
85519,3.288,99.20,326.00,1,1,0
85521,3.284,99.50,326.00,1,1,0
85524,3.288,99.30,326.00,1,1,0
85526,3.284,98.50,324.00,1,1,0
85528,3.288,99.00,324.00,1,1,0
85531,3.284,98.90,324.00,1,1,0
85533,3.284,99.70,328.00,1,1,0
85536,3.284,100.00,323.00,1,1,0
85538,3.284,98.70,324.00,1,1,0
85541,3.284,98.60,324.00,1,0,1
85543,3.280,102.50,308.00,1,0,1
85546,3.284,98.80,324.00,1,1,0
85548,3.268,117.90,387.00,1,1,0
85561,3.288,98.40,323.00,1,1,0
85563,3.284,98.70,326.00,1,1,0
85566,3.284,99.50,326.00,1,1,0
85568,3.284,99.20,326.00,1,1,0
85571,3.284,99.00,324.00,1,1,0
85573,3.284,98.60,324.00,1,1,0
85576,3.284,98.70,324.00,1,1,0
85578,3.288,98.60,324.00,1,1,0
85581,3.284,99.10,326.00,1,1,0
85583,3.284,99.30,326.00,1,1,0
85586,3.288,100.00,329.00,1,1,0
85588,3.284,93.50,306.00,1,1,0
85591,3.284,90.30,297.00,1,1,0
85593,3.284,96.60,318.00,1,1,0
85606,3.284,120.50,395.00,1,1,0
85608,3.284,97.60,324.00,1,1,0
85611,3.284,99.20,326.00,1,1,0
85613,3.284,98.90,324.00,1,1,0
85616,3.284,98.90,326.00,1,1,0
85618,3.284,99.30,326.00,1,1,0
85621,3.284,98.60,324.00,1,1,0
85623,3.284,98.50,326.00,1,1,0
85625,3.284,98.60,324.00,1,1,0
85628,3.284,98.90,324.00,1,1,0
85630,3.284,100.10,333.00,1,1,0
85633,3.284,99.50,326.00,1,1,0
85635,3.276,99.80,328.00,1,1,0
85638,3.284,98.90,324.00,1,1,0
85651,3.284,99.10,326.00,1,1,0
85653,3.284,98.80,356.00,1,0,1
85655,3.284,98.70,324.00,1,0,1
85658,3.284,132.70,434.00,1,1,0
85660,3.276,94.10,324.00,1,1,0
85663,3.284,102.40,336.00,1,1,0
85665,3.284,99.30,326.00,1,1,0
85668,3.284,99.30,324.00,1,1,0
85670,3.288,98.50,323.00,1,1,0
85673,3.284,98.60,324.00,1,1,0
85675,3.284,98.50,324.00,1,1,0
85678,3.284,99.20,326.00,1,1,0
85680,3.284,99.80,328.00,1,1,0
85683,3.284,101.30,326.00,1,1,0
85695,3.284,99.50,326.00,1,1,0
85698,3.284,99.10,326.00,1,1,0
85700,3.284,99.50,326.00,1,1,0
85703,3.284,99.20,326.00,1,1,0
85705,3.284,98.80,326.00,1,1,0
85708,3.288,99.20,324.00,1,0,1
85710,3.288,99.80,328.00,1,0,1
85713,3.284,99.20,329.00,1,1,0
85715,3.264,94.10,308.00,1,1,0
85718,3.284,99.30,326.00,1,1,0
85720,3.284,98.50,323.00,1,1,0
85722,3.284,98.60,324.00,1,1,0
85725,3.284,98.80,324.00,1,1,0
85727,3.284,99.70,326.00,1,1,0
85740,3.284,101.30,333.00,1,1,0
85743,3.284,98.90,326.00,1,1,0
85745,3.288,99.50,326.00,1,1,0
85748,3.284,102.20,336.00,1,1,0
85750,3.280,94.20,324.00,1,1,0
85752,3.284,98.40,323.00,1,1,0
85755,3.284,99.70,326.00,1,1,0
85757,3.288,99.10,329.00,1,1,0
85760,3.288,99.30,326.00,1,1,0
85762,3.284,98.90,324.00,1,0,1
85765,3.280,99.10,323.00,1,0,1
85767,3.260,98.90,324.00,1,1,0
85770,3.276,93.90,308.00,1,1,0
85772,3.288,98.80,324.00,1,1,0
85785,3.284,99.70,328.00,1,1,0
85787,3.284,98.60,324.00,1,1,0
85790,3.284,99.10,326.00,1,1,0
85792,3.288,99.90,328.00,1,1,0
85795,3.284,90.30,297.00,1,1,0
85797,3.284,98.50,323.00,1,1,0
85800,3.288,102.20,336.00,1,1,0
85802,3.284,98.60,324.00,1,1,0
85805,3.288,98.50,323.00,1,1,0
85807,3.284,99.40,326.00,1,1,0
85810,3.284,99.80,324.00,1,1,0
85812,3.284,99.10,326.00,1,1,0
85815,3.284,99.40,326.00,1,1,0
85817,3.284,99.10,323.00,1,0,1
85830,3.284,99.30,326.00,1,1,0
85832,3.284,99.00,324.00,1,1,0
85835,3.284,98.90,324.00,1,1,0
85837,3.288,98.80,326.00,1,1,0
85840,3.284,99.40,326.00,1,1,0
85842,3.288,99.10,326.00,1,1,0
85845,3.284,99.50,328.00,1,1,0
85847,3.284,98.70,326.00,1,1,0
85849,3.288,100.50,329.00,1,1,0
85852,3.284,94.10,310.00,1,1,0
85854,3.288,99.70,326.00,1,1,0
85857,3.284,98.90,324.00,1,1,0
85859,3.288,100.70,331.00,1,1,0
85862,3.284,98.90,324.00,1,1,0
85874,3.276,98.90,326.00,1,0,1
85877,3.284,99.10,326.00,1,1,0
85879,3.280,110.80,360.00,1,1,0
85882,3.284,94.70,326.00,1,1,0
85884,3.284,98.80,324.00,1,1,0
85887,3.288,99.50,326.00,1,1,0
85889,3.284,99.20,326.00,1,1,0
85892,3.284,99.40,328.00,1,1,0
85894,3.284,100.10,329.00,1,1,0
85897,3.284,90.40,297.00,1,1,0
85899,3.284,98.90,324.00,1,1,0
85902,3.284,99.50,326.00,1,1,0
85904,3.284,99.10,326.00,1,1,0
85907,3.288,98.80,324.00,1,1,0
85919,3.288,98.90,326.00,1,1,0
85922,3.284,99.00,324.00,1,1,0
85924,3.284,99.20,326.00,1,1,0
85927,3.284,98.70,324.00,1,1,0
85929,3.288,105.90,349.00,1,0,1
85932,3.288,100.90,331.00,1,0,1
85934,3.264,98.60,439.00,1,1,0
85937,3.284,98.60,324.00,1,1,0
85939,3.284,102.30,336.00,1,1,0
85942,3.288,99.20,324.00,1,1,0
85944,3.288,100.60,331.00,1,1,0
85946,3.288,98.80,324.00,1,1,0
85949,3.288,99.20,326.00,1,1,0
85962,3.288,99.10,326.00,1,1,0
85964,3.288,98.70,323.00,1,1,0
85967,3.288,98.80,324.00,1,1,0
85969,3.284,98.60,324.00,1,1,0
85972,3.284,99.20,328.00,1,1,0
85974,3.284,98.90,324.00,1,1,0
85976,3.284,99.00,324.00,1,1,0
85979,3.284,98.80,324.00,1,1,0
85981,3.284,99.60,328.00,1,1,0
85984,3.284,98.80,324.00,1,0,1
85986,3.288,100.80,324.00,1,0,1
85989,3.284,100.70,328.00,1,1,0
85991,3.284,100.30,329.00,1,1,0
85994,3.284,99.40,328.00,1,1,0
86006,3.284,98.80,324.00,1,1,0
86009,3.284,98.40,323.00,1,1,0
86011,3.284,99.80,328.00,1,1,0
86014,3.288,99.30,326.00,1,1,0
86016,3.284,99.10,328.00,1,1,0
86019,3.288,99.10,326.00,1,1,0
86021,3.284,99.10,326.00,1,1,0
86024,3.284,98.80,324.00,1,1,0
86026,3.284,98.70,324.00,1,1,0
86029,3.284,98.60,324.00,1,1,0
86031,3.284,98.80,326.00,1,1,0
86034,3.284,101.30,333.00,1,1,0
86036,3.288,98.80,324.00,1,1,0
86039,3.284,98.60,342.00,1,0,1
86051,3.288,98.80,324.00,1,1,0
86054,3.284,98.80,323.00,1,1,0
86056,3.284,93.90,308.00,1,1,0
86059,3.284,99.00,324.00,1,1,0
86061,3.284,98.70,324.00,1,1,0
86064,3.284,99.40,326.00,1,1,0
86066,3.284,99.10,326.00,1,1,0
86069,3.284,99.30,324.00,1,1,0
86071,3.284,99.00,324.00,1,1,0
86073,3.284,98.90,324.00,1,1,0
86076,3.288,98.90,324.00,1,1,0
86078,3.288,98.80,324.00,1,1,0
86081,3.284,98.90,324.00,1,1,0
86083,3.288,98.90,324.00,1,1,0
86096,3.288,99.40,338.00,1,0,1
86098,3.288,99.90,328.00,1,0,1
86101,3.284,90.20,297.00,1,0,1
86103,3.304,62.60,206.00,1,1,0
86106,3.272,98.80,329.00,1,1,0
86108,3.288,98.90,324.00,1,1,0
86111,3.284,98.70,324.00,1,1,0
86113,3.288,98.80,324.00,1,1,0
86116,3.284,99.10,326.00,1,1,0
86118,3.284,98.60,324.00,1,1,0
86121,3.288,92.60,328.00,1,1,0
86123,3.288,98.90,324.00,1,1,0
86126,3.288,98.90,324.00,1,1,0
86128,3.288,99.00,326.00,1,1,0
86141,3.284,98.80,326.00,1,1,0
86143,3.288,99.30,326.00,1,1,0
86146,3.288,99.20,326.00,1,1,0
86148,3.288,99.50,329.00,1,1,0
86151,3.284,99.10,326.00,1,1,0
86153,3.284,99.00,324.00,1,0,1
86156,3.284,99.10,433.00,1,0,1
86158,3.284,99.70,280.00,1,1,0
86161,3.304,132.50,436.00,1,1,0
86163,3.284,97.00,319.00,1,1,0
86166,3.288,99.00,329.00,1,1,0
86168,3.288,98.80,324.00,1,1,0
86170,3.288,98.70,324.00,1,1,0
86173,3.284,98.80,324.00,1,1,0
86186,3.284,100.50,326.00,1,1,0
86188,3.284,98.80,324.00,1,1,0
86191,3.284,98.90,324.00,1,1,0
86193,3.284,98.80,324.00,1,1,0
86195,3.284,99.00,326.00,1,1,0
86198,3.284,99.30,326.00,1,1,0
86200,3.284,100.10,329.00,1,1,0
86203,3.288,91.80,301.00,1,1,0
86205,3.284,95.20,313.00,1,1,0
86208,3.284,99.00,324.00,1,1,0
86210,3.288,100.50,333.00,1,0,1
86213,3.284,129.80,426.00,1,0,1
86215,3.288,99.40,324.00,1,1,0
86228,3.284,99.20,326.00,1,1,0
86230,3.284,99.30,324.00,1,1,0
86233,3.284,98.90,324.00,1,1,0
86235,3.284,98.90,324.00,1,1,0
86238,3.284,98.90,328.00,1,1,0
86240,3.288,98.80,324.00,1,1,0
86243,3.284,98.80,324.00,1,1,0
86245,3.284,99.10,324.00,1,1,0
86248,3.288,98.90,324.00,1,1,0
86250,3.288,98.80,324.00,1,1,0
86253,3.284,98.70,324.00,1,1,0
86255,3.284,98.90,324.00,1,1,0
86258,3.284,98.60,324.00,1,1,0
86260,3.284,99.20,313.00,1,1,0
86273,3.280,100.80,331.00,1,1,0
86275,3.288,98.60,324.00,1,1,0
86278,3.284,98.00,323.00,1,1,0
86280,3.284,98.90,324.00,1,1,0
86283,3.284,98.80,326.00,1,1,0
86285,3.288,98.80,324.00,1,1,0
86288,3.284,98.30,323.00,1,1,0
86290,3.288,98.90,326.00,1,1,0
86293,3.288,98.70,324.00,1,1,0
86295,3.284,99.00,326.00,1,1,0
86297,3.284,99.30,324.00,1,1,0
86300,3.288,98.80,324.00,1,1,0
86302,3.272,99.70,328.00,1,1,0
86305,3.288,97.70,297.00,1,1,0
86318,3.280,100.30,329.00,1,1,0
86320,3.288,98.60,351.00,1,0,1
86323,3.288,100.40,329.00,1,0,1
86325,3.288,98.80,324.00,1,1,0
86327,3.268,99.70,324.00,1,1,0
86330,3.280,94.00,308.00,1,1,0
86332,3.288,99.10,326.00,1,1,0
86335,3.288,98.90,324.00,1,1,0
86337,3.288,98.40,323.00,1,1,0
86340,3.288,98.90,324.00,1,1,0
86342,3.288,99.30,324.00,1,1,0
86345,3.288,99.60,328.00,1,1,0
86347,3.288,99.20,326.00,1,1,0
86350,3.288,99.40,328.00,1,1,0
86362,3.288,100.20,310.00,1,1,0
86365,3.284,98.80,324.00,1,1,0
86367,3.288,99.20,326.00,1,1,0
86370,3.288,98.30,323.00,1,1,0
86372,3.288,99.10,324.00,1,1,0
86375,3.288,98.50,324.00,1,0,1
86377,3.276,98.70,324.00,1,0,1
86380,3.288,98.70,323.00,1,1,0
86382,3.268,97.10,319.00,1,1,0
86385,3.288,99.20,326.00,1,1,0
86387,3.284,97.80,326.00,1,1,0
86390,3.288,98.10,323.00,1,1,0
86392,3.288,98.90,324.00,1,1,0
86394,3.288,98.40,324.00,1,1,0
86407,3.288,99.40,300.00,1,1,0
86410,3.284,90.90,298.00,1,1,0
86412,3.288,99.30,326.00,1,1,0
86415,3.288,99.10,323.00,1,1,0
86417,3.288,100.60,331.00,1,1,0
86420,3.288,99.10,326.00,1,1,0
86422,3.284,100.20,329.00,1,1,0
86424,3.284,99.80,324.00,1,1,0
86427,3.288,102.30,336.00,1,1,0
86429,3.288,99.10,326.00,1,1,0
86432,3.288,105.80,324.00,1,0,1
86434,3.284,98.50,324.00,1,0,1
86437,3.284,103.00,336.00,1,1,0
86450,3.288,99.90,328.00,1,1,0
86452,3.288,99.50,328.00,1,1,0
86454,3.288,102.30,336.00,1,1,0
86457,3.284,101.80,334.00,1,1,0
86459,3.280,102.00,326.00,1,1,0
86462,3.284,99.30,326.00,1,1,0
86464,3.288,101.50,333.00,1,1,0
86467,3.284,94.50,324.00,1,1,0
86469,3.284,98.90,324.00,1,1,0
86472,3.284,98.60,323.00,1,1,0
86474,3.284,99.20,326.00,1,1,0
86477,3.284,98.90,324.00,1,1,0
86479,3.288,99.00,326.00,1,1,0
86492,3.284,98.80,323.00,1,1,0
86494,3.284,97.20,319.00,1,1,0
86497,3.284,99.50,326.00,1,1,0
86499,3.284,99.30,326.00,1,1,0
86502,3.288,99.20,326.00,1,1,0
86504,3.288,98.70,328.00,1,1,0
86507,3.288,99.30,326.00,1,1,0
86509,3.288,100.50,329.00,1,1,0
86512,3.284,91.90,301.00,1,1,0
86514,3.284,99.10,326.00,1,1,0
86517,3.284,100.20,329.00,1,1,0
86519,3.284,97.60,324.00,1,1,0
86522,3.284,98.50,323.00,1,1,0
86524,3.284,99.20,326.00,1,1,0
86537,3.284,98.60,324.00,1,1,0
86539,3.284,98.50,324.00,1,1,0
86542,3.284,98.60,321.00,1,0,1
86544,3.276,101.90,333.00,1,0,1
86547,3.288,99.40,326.00,1,1,0
86549,3.260,94.20,329.00,1,1,0
86551,3.288,98.80,324.00,1,1,0
86554,3.284,98.90,324.00,1,1,0
86556,3.288,98.20,324.00,1,1,0
86559,3.288,99.30,326.00,1,1,0
86561,3.284,99.70,328.00,1,1,0
86564,3.284,99.20,324.00,1,1,0
86566,3.288,100.50,329.00,1,1,0
86569,3.284,93.80,308.00,1,1,0
86581,3.284,98.80,324.00,1,1,0
86584,3.288,99.00,324.00,1,1,0
86586,3.288,98.50,324.00,1,1,0
86589,3.288,99.00,326.00,1,1,0
86591,3.288,99.80,328.00,1,1,0
86594,3.284,99.50,326.00,1,1,0
86596,3.284,92.40,303.00,1,0,1
86599,3.288,98.80,323.00,1,0,1
86601,3.288,98.60,323.00,1,1,0
86604,3.280,95.30,313.00,1,1,0
86606,3.288,98.50,323.00,1,1,0
86609,3.288,99.70,324.00,1,1,0
86611,3.288,100.00,328.00,1,1,0
86614,3.284,90.30,297.00,1,1,0
86626,3.288,99.60,328.00,1,1,0
86629,3.284,99.50,326.00,1,1,0
86631,3.288,102.50,336.00,1,1,0
86634,3.284,98.90,324.00,1,1,0
86636,3.288,98.80,324.00,1,1,0
86639,3.284,98.90,326.00,1,1,0
86641,3.284,99.40,326.00,1,1,0
86644,3.284,99.50,326.00,1,1,0
86646,3.284,98.90,324.00,1,1,0
86649,3.288,98.90,324.00,1,1,0
86651,3.284,98.50,323.00,1,0,1
86653,3.272,98.80,329.00,1,0,1
86656,3.256,99.40,326.00,1,1,0
86658,3.256,98.10,323.00,1,1,0
86671,3.284,93.60,308.00,1,1,0
86674,3.284,98.60,328.00,1,1,0
86676,3.284,98.80,324.00,1,1,0
86678,3.288,98.90,324.00,1,1,0
86681,3.288,98.70,324.00,1,1,0
86683,3.288,99.50,328.00,1,1,0
86686,3.288,98.70,324.00,1,1,0
86688,3.284,99.10,326.00,1,1,0
86691,3.284,101.60,324.00,1,1,0
86693,3.288,101.30,333.00,1,1,0
86696,3.284,98.90,324.00,1,1,0
86698,3.284,98.40,323.00,1,1,0
86701,3.284,98.50,323.00,1,1,0
86703,3.284,98.80,324.00,1,1,0
86720,3.288,99.40,326.00,1,1,0
86723,3.284,99.60,328.00,1,1,0
86725,3.288,104.90,344.00,1,1,0
86728,3.288,99.30,326.00,1,1,0
86730,3.288,99.00,324.00,1,1,0
86733,3.284,99.10,326.00,1,1,0
86735,3.284,99.10,326.00,1,1,0
86738,3.284,99.20,326.00,1,1,0
86740,3.284,99.00,324.00,1,1,0
86742,3.284,102.30,336.00,1,1,0
86745,3.288,99.30,326.00,1,1,0
86747,3.288,98.70,324.00,1,1,0
86750,3.284,98.70,324.00,1,1,0
86752,3.288,99.40,326.00,1,1,0
86765,3.284,100.30,329.00,1,0,1
86767,3.284,98.90,342.00,1,1,0
86770,3.260,95.70,315.00,1,1,0
86772,3.284,99.30,326.00,1,1,0
86775,3.288,99.40,308.00,1,1,0
86777,3.284,99.40,326.00,1,1,0
86780,3.288,99.40,326.00,1,1,0
86782,3.288,99.20,326.00,1,1,0
86785,3.288,99.60,328.00,1,1,0
86787,3.288,99.50,326.00,1,1,0
86790,3.288,98.80,326.00,1,1,0
86792,3.288,98.70,324.00,1,1,0
86795,3.284,98.60,324.00,1,1,0
86797,3.288,99.10,324.00,1,1,0
86810,3.288,101.90,334.00,1,1,0
86812,3.288,98.80,326.00,1,1,0
86815,3.284,99.90,328.00,1,1,0
86817,3.288,99.20,326.00,1,0,1
86820,3.276,90.40,334.00,1,0,1
86822,3.260,99.50,326.00,1,1,0
86825,3.260,104.10,342.00,1,1,0
86827,3.284,94.10,324.00,1,1,0
86830,3.288,98.50,323.00,1,1,0
86832,3.284,97.20,319.00,1,1,0
86835,3.288,99.00,324.00,1,1,0
86837,3.284,99.10,326.00,1,1,0
86839,3.284,99.30,326.00,1,1,0
86842,3.284,98.70,324.00,1,1,0
86855,3.288,99.80,326.00,1,1,0
86857,3.288,99.90,328.00,1,1,0
86860,3.288,99.00,326.00,1,1,0
86862,3.284,98.90,324.00,1,1,0
86864,3.284,103.00,324.00,1,1,0
86867,3.284,99.00,324.00,1,1,0
86869,3.288,99.70,328.00,1,1,0
86872,3.288,99.10,324.00,1,0,1
86874,3.284,101.10,333.00,1,0,1
86877,3.284,96.40,315.00,1,1,0
86879,3.280,133.30,308.00,1,1,0
86882,3.284,99.10,324.00,1,1,0
86884,3.284,99.60,328.00,1,1,0
86887,3.284,99.00,326.00,1,1,0
86899,3.288,99.60,326.00,1,1,0
86902,3.284,99.10,326.00,1,1,0
86904,3.288,99.00,324.00,1,1,0
86907,3.284,103.70,324.00,1,1,0
86909,3.288,98.70,324.00,1,1,0
86912,3.284,99.10,326.00,1,1,0
86914,3.284,98.90,328.00,1,1,0
86917,3.284,99.70,328.00,1,1,0
86919,3.288,100.00,328.00,1,1,0
86922,3.284,90.40,297.00,1,1,0
86924,3.284,99.50,324.00,1,1,0
86927,3.284,99.00,326.00,1,0,1
86929,3.276,99.40,326.00,1,0,1
86932,3.260,99.10,326.00,1,0,0
86944,3.288,99.30,324.00,1,1,0
86947,3.284,99.50,326.00,1,1,0
86949,3.284,101.90,334.00,1,1,0
86952,3.284,99.60,329.00,1,1,0
86954,3.288,99.30,326.00,1,1,0
86957,3.276,103.10,339.00,1,1,0
86959,3.284,99.20,324.00,1,1,0
86961,3.284,99.10,324.00,1,1,0
86964,3.280,99.30,326.00,1,1,0
86966,3.288,98.90,324.00,1,1,0
86969,3.284,99.30,324.00,1,1,0
86971,3.288,98.80,324.00,1,1,0
86974,3.284,98.70,324.00,1,1,0
86976,3.288,99.40,316.00,1,1,0
86989,3.272,102.80,364.00,1,1,0
86991,3.264,98.90,324.00,1,1,0
86994,3.284,98.70,324.00,1,1,0
86996,3.284,98.70,326.00,1,1,0
86999,3.284,98.90,324.00,1,1,0
87001,3.284,98.90,324.00,1,1,0
87004,3.284,99.10,324.00,1,1,0
87006,3.288,98.80,324.00,1,1,0
87009,3.288,99.30,326.00,1,1,0
87011,3.288,98.80,324.00,1,1,0
87014,3.284,98.80,324.00,1,1,0
87016,3.284,98.70,324.00,1,1,0
87019,3.288,99.90,326.00,1,1,0
87021,3.288,99.10,326.00,1,1,0
87034,3.284,90.50,319.00,1,1,0
87036,3.288,99.10,326.00,1,1,0
87039,3.288,98.80,324.00,1,0,1
87041,3.288,99.20,326.00,1,0,1
87044,3.268,99.30,324.00,1,1,0
87046,3.272,94.00,308.00,1,1,0
87049,3.284,99.20,334.00,1,1,0
87051,3.284,99.70,328.00,1,1,0
87054,3.288,98.80,324.00,1,1,0
87056,3.284,99.00,326.00,1,1,0
87058,3.288,99.00,324.00,1,1,0
87061,3.284,98.70,324.00,1,1,0
87063,3.284,99.20,326.00,1,1,0
87066,3.284,98.80,324.00,1,1,0
87079,3.288,99.00,331.00,1,1,0
87081,3.284,94.10,310.00,1,1,0
87084,3.288,99.20,326.00,1,1,0
87086,3.284,98.80,324.00,1,1,0
87088,3.288,99.00,324.00,1,1,0
87091,3.284,99.30,326.00,1,1,0
87093,3.284,98.90,324.00,1,0,1
87096,3.272,98.90,324.00,1,0,1
87098,3.284,99.10,326.00,1,1,0
87101,3.256,94.90,326.00,1,1,0
87103,3.284,98.80,324.00,1,1,0
87106,3.284,98.70,324.00,1,1,0
87108,3.288,98.90,326.00,1,1,0
87111,3.284,99.20,326.00,1,1,0
87123,3.272,103.40,328.00,1,1,0
87126,3.284,90.20,297.00,1,1,0
87128,3.288,99.00,326.00,1,1,0
87131,3.284,99.30,328.00,1,1,0
87133,3.288,99.10,326.00,1,1,0
87136,3.288,98.90,324.00,1,1,0
87138,3.284,98.80,331.00,1,1,0
87141,3.288,101.30,333.00,1,1,0
87143,3.272,101.70,334.00,1,1,0
87146,3.284,99.10,326.00,1,1,0
87148,3.284,98.80,324.00,1,0,1
87151,3.284,99.80,328.00,1,0,1
87153,3.280,99.50,324.00,1,1,0
87155,3.280,94.10,308.00,1,1,0
87168,3.288,99.30,326.00,1,1,0
87171,3.288,99.00,324.00,1,1,0
87173,3.284,98.70,324.00,1,1,0
87176,3.288,99.00,326.00,1,1,0
87178,3.288,99.10,326.00,1,1,0
87181,3.288,99.10,326.00,1,1,0
87183,3.284,94.70,315.00,1,1,0
87185,3.284,98.70,324.00,1,1,0
87188,3.288,98.80,324.00,1,1,0
87190,3.288,99.50,324.00,1,1,0
87193,3.284,98.90,324.00,1,1,0
87195,3.288,99.20,326.00,1,1,0
87198,3.284,99.00,326.00,1,1,0
87200,3.288,98.80,324.00,1,1,0
87213,3.284,99.30,326.00,1,1,0
87215,3.284,99.20,326.00,1,1,0
87218,3.288,99.30,319.00,1,1,0
87220,3.284,98.80,324.00,1,1,0
87223,3.288,98.80,324.00,1,1,0
87225,3.284,99.80,328.00,1,1,0
87228,3.284,91.40,298.00,1,1,0
87230,3.284,98.90,324.00,1,1,0
87233,3.284,99.30,326.00,1,1,0
87235,3.280,103.70,324.00,1,1,0
87238,3.284,98.80,324.00,1,1,0
87240,3.284,98.90,324.00,1,1,0
87243,3.284,99.20,326.00,1,1,0
87245,3.284,98.70,324.00,1,1,0
87258,3.288,98.80,324.00,1,0,1
87260,3.272,99.60,328.00,1,0,1
87263,3.288,99.50,336.00,1,1,0
87265,3.288,137.50,452.00,1,1,0
87268,3.284,99.20,326.00,1,1,0
87270,3.288,99.10,324.00,1,1,0
87273,3.284,99.00,324.00,1,1,0
87275,3.284,99.00,324.00,1,1,0
87278,3.284,99.00,324.00,1,1,0
87280,3.284,99.00,326.00,1,1,0
87282,3.284,99.00,324.00,1,1,0
87285,3.284,96.90,318.00,1,1,0
87287,3.284,99.00,324.00,1,1,0
87290,3.288,98.70,324.00,1,1,0
87303,3.284,98.80,324.00,1,1,0
87305,3.284,98.50,323.00,1,1,0
87307,3.284,98.90,326.00,1,1,0
87310,3.284,98.90,324.00,1,1,0
87312,3.284,99.20,326.00,1,1,0
87315,3.284,98.90,351.00,1,0,1
87317,3.284,131.50,433.00,1,0,1
87320,3.280,98.90,324.00,1,1,0
87322,3.280,96.70,329.00,1,1,0
87325,3.284,102.50,338.00,1,1,0
87327,3.288,102.50,338.00,1,1,0
87330,3.284,92.00,301.00,1,1,0
87332,3.284,91.10,324.00,1,1,0
87335,3.284,98.90,324.00,1,1,0
87347,3.284,99.50,326.00,1,1,0
87350,3.284,99.40,326.00,1,1,0
87352,3.284,99.10,324.00,1,1,0
87355,3.284,99.40,326.00,1,1,0
87357,3.284,99.40,326.00,1,1,0
87360,3.284,99.00,326.00,1,1,0
87362,3.284,99.10,326.00,1,1,0
87365,3.284,101.70,334.00,1,1,0
87367,3.284,98.90,324.00,1,1,0
87370,3.284,98.80,324.00,1,0,1
87372,3.284,127.90,419.00,1,0,1
87375,3.288,98.90,329.00,1,1,0
87377,3.276,95.50,313.00,1,1,0
87379,3.284,98.80,324.00,1,1,0
87392,3.284,98.90,324.00,1,1,0
87395,3.284,101.30,333.00,1,1,0
87397,3.284,99.00,324.00,1,1,0
87400,3.284,98.70,324.00,1,1,0
87402,3.284,98.40,323.00,1,1,0
87404,3.284,98.60,324.00,1,1,0
87407,3.284,98.90,324.00,1,1,0
87409,3.284,99.50,326.00,1,1,0
87412,3.284,99.30,324.00,1,1,0
87414,3.284,98.90,324.00,1,1,0
87417,3.284,98.70,324.00,1,1,0
87419,3.284,99.00,326.00,1,1,0
87422,3.284,99.30,326.00,1,1,0
87424,3.284,99.80,328.00,1,1,0
87437,3.252,99.80,328.00,1,1,0
87439,3.284,101.70,334.00,1,1,0
87442,3.284,99.50,331.00,1,1,0
87444,3.288,99.10,326.00,1,1,0
87447,3.288,99.40,326.00,1,1,0
87449,3.284,99.30,333.00,1,1,0
87452,3.288,102.70,338.00,1,1,0
87454,3.288,99.20,326.00,1,1,0
87457,3.288,99.20,324.00,1,1,0
87459,3.284,99.40,326.00,1,1,0
87462,3.284,98.90,324.00,1,1,0
87464,3.284,99.00,324.00,1,1,0
87467,3.284,99.10,326.00,1,1,0
87469,3.284,99.00,324.00,1,1,0
87482,3.284,99.90,328.00,1,0,1
87484,3.288,99.10,326.00,1,0,1
87487,3.284,98.60,344.00,1,1,0
87489,3.284,99.10,326.00,1,1,0
87492,3.284,98.00,321.00,1,1,0
87494,3.288,99.90,324.00,1,1,0
87497,3.284,100.00,329.00,1,1,0
87499,3.284,99.30,326.00,1,1,0
87501,3.284,98.70,324.00,1,1,0
87504,3.284,99.00,324.00,1,1,0
87506,3.288,98.50,323.00,1,1,0
87509,3.284,98.90,328.00,1,1,0
87511,3.288,99.20,326.00,1,1,0
87514,3.284,99.10,326.00,1,1,0
87526,3.284,98.90,324.00,1,1,0
87529,3.284,98.60,326.00,1,1,0
87531,3.284,99.40,329.00,1,1,0
87534,3.284,96.00,315.00,1,1,0
87536,3.284,91.70,301.00,1,0,1
87539,3.284,132.20,326.00,1,0,1
87541,3.284,105.00,342.00,1,1,0
87544,3.268,98.20,323.00,1,1,0
87546,3.280,98.60,323.00,1,1,0
87549,3.284,99.10,326.00,1,1,0
87551,3.284,98.90,324.00,1,1,0
87554,3.284,99.20,326.00,1,1,0
87556,3.284,99.30,326.00,1,1,0
87559,3.288,98.80,324.00,1,1,0
87571,3.288,99.20,326.00,1,1,0
87574,3.284,99.10,324.00,1,1,0
87576,3.284,98.70,324.00,1,1,0
87579,3.284,98.90,324.00,1,1,0
87581,3.284,98.80,323.00,1,1,0
87584,3.284,98.70,324.00,1,1,0
87586,3.288,98.90,324.00,1,1,0
87589,3.284,98.90,324.00,1,1,0
87591,3.284,100.20,313.00,1,0,1
87594,3.284,98.50,323.00,1,0,1
87596,3.264,100.30,329.00,1,1,0
87598,3.276,102.60,318.00,1,1,0
87601,3.284,99.10,326.00,1,1,0
87603,3.284,99.10,326.00,1,1,0
87616,3.284,98.60,324.00,1,1,0
87619,3.284,99.00,324.00,1,1,0
87621,3.284,98.80,324.00,1,1,0
87623,3.284,98.60,324.00,1,1,0
87626,3.284,98.60,324.00,1,1,0
87628,3.288,98.50,323.00,1,1,0
87631,3.284,98.40,323.00,1,1,0
87633,3.284,99.10,328.00,1,1,0
87636,3.288,100.30,333.00,1,1,0
87638,3.288,90.30,297.00,1,1,0
87641,3.284,98.70,324.00,1,1,0
87643,3.284,99.10,324.00,1,1,0
87646,3.284,98.50,323.00,1,1,0
87648,3.284,99.00,324.00,1,0,1
87661,3.284,98.50,323.00,1,1,0
87663,3.284,98.80,326.00,1,1,0
87666,3.284,99.00,324.00,1,1,0
87668,3.284,98.50,323.00,1,1,0
87671,3.284,98.80,326.00,1,1,0
87673,3.284,99.00,324.00,1,1,0
87676,3.284,98.50,323.00,1,1,0
87678,3.284,98.70,331.00,1,1,0
87681,3.284,99.20,326.00,1,1,0
87683,3.284,98.90,324.00,1,1,0
87686,3.284,99.10,324.00,1,1,0
87688,3.284,98.90,324.00,1,1,0
87691,3.284,98.40,323.00,1,1,0
87693,3.288,98.50,323.00,1,1,0
87706,3.280,128.20,421.00,1,0,1
87708,3.284,98.40,434.00,1,1,0
87711,3.280,98.50,324.00,1,1,0
87713,3.284,98.80,324.00,1,1,0
87716,3.284,99.00,324.00,1,1,0
87718,3.284,99.00,324.00,1,1,0
87720,3.284,98.80,324.00,1,1,0
87723,3.288,98.60,323.00,1,1,0
87725,3.280,98.40,323.00,1,1,0
87728,3.284,98.50,323.00,1,1,0
87730,3.288,98.70,326.00,1,1,0
87733,3.284,99.40,326.00,1,1,0
87735,3.288,100.20,329.00,1,1,0
87738,3.288,100.10,329.00,1,1,0
87750,3.284,99.00,326.00,1,1,0
87753,3.288,99.10,326.00,1,1,0
87755,3.288,98.40,323.00,1,1,0
87758,3.284,101.30,333.00,1,0,1
87760,3.288,99.10,326.00,1,0,1
87763,3.288,99.00,324.00,1,1,0
87765,3.268,99.50,328.00,1,1,0
87768,3.284,94.60,323.00,1,1,0
87770,3.288,99.10,326.00,1,1,0
87773,3.284,98.50,323.00,1,1,0
87775,3.288,99.00,326.00,1,1,0
87778,3.284,98.70,324.00,1,1,0
87780,3.288,99.10,326.00,1,1,0
87783,3.288,99.10,326.00,1,1,0
87795,3.284,98.80,324.00,1,1,0
87798,3.284,93.80,326.00,1,1,0
87800,3.284,98.70,324.00,1,1,0
87803,3.284,99.10,326.00,1,1,0
87805,3.284,99.20,324.00,1,1,0
87808,3.284,98.50,323.00,1,1,0
87810,3.284,98.60,324.00,1,1,0
87813,3.284,99.10,324.00,1,0,1
87815,3.288,98.80,324.00,1,0,1
87817,3.288,98.70,324.00,1,0,1
87820,3.284,110.90,308.00,1,1,0
87822,3.280,98.50,323.00,1,1,0
87825,3.284,99.40,326.00,1,1,0
87827,3.288,99.00,328.00,1,1,0
87840,3.288,100.00,329.00,1,1,0
87843,3.284,90.50,297.00,1,1,0
87845,3.284,98.80,324.00,1,1,0
87847,3.288,99.50,328.00,1,1,0
87850,3.288,102.00,333.00,1,1,0
87852,3.284,98.70,324.00,1,1,0
87855,3.288,98.70,324.00,1,1,0
87857,3.288,99.10,326.00,1,1,0
87860,3.288,99.30,326.00,1,1,0
87862,3.288,100.10,329.00,1,1,0
87865,3.284,99.20,324.00,1,1,0
87867,3.284,99.00,326.00,1,1,0
87870,3.284,105.80,347.00,1,0,1
87882,3.284,99.00,324.00,1,1,0
87885,3.288,99.00,324.00,1,1,0
87887,3.284,98.70,324.00,1,1,0
87890,3.284,98.50,324.00,1,1,0
87892,3.284,98.90,326.00,1,1,0
87895,3.284,98.80,324.00,1,1,0
87897,3.284,98.70,324.00,1,1,0
87900,3.284,95.40,313.00,1,1,0
87902,3.276,107.70,323.00,1,1,0
87905,3.284,98.90,324.00,1,1,0
87907,3.276,99.90,328.00,1,1,0
87910,3.284,98.70,324.00,1,1,0
87912,3.284,98.90,324.00,1,1,0
87915,3.284,98.80,324.00,1,1,0
87927,3.264,98.70,324.00,1,0,1
87930,3.284,101.50,375.00,1,1,0
87932,3.260,95.30,313.00,1,1,0
87935,3.284,98.50,323.00,1,1,0
87937,3.284,98.60,324.00,1,1,0
87940,3.284,99.40,326.00,1,1,0
87942,3.284,100.00,328.00,1,1,0
87944,3.284,90.30,297.00,1,1,0
87947,3.284,99.40,326.00,1,1,0
87949,3.288,99.40,326.00,1,1,0
87952,3.288,98.90,324.00,1,1,0
87954,3.288,99.30,324.00,1,1,0
87957,3.284,99.00,324.00,1,1,0
87959,3.284,99.30,326.00,1,1,0
87972,3.284,98.90,324.00,1,1,0
87974,3.288,99.00,324.00,1,1,0
87977,3.288,98.70,324.00,1,1,0
87979,3.284,99.00,324.00,1,0,1
87982,3.288,99.60,334.00,1,0,1
87984,3.284,99.50,326.00,1,1,0
87987,3.280,94.10,308.00,1,1,0
87989,3.284,101.10,326.00,1,1,0
87992,3.288,99.00,326.00,1,1,0
87994,3.284,98.80,324.00,1,1,0
87997,3.284,98.90,326.00,1,1,0
87999,3.284,99.20,326.00,1,1,0
88002,3.280,93.90,308.00,1,1,0
88004,3.284,99.20,326.00,1,1,0
88017,3.284,99.00,324.00,1,1,0
88019,3.284,99.20,326.00,1,1,0
88022,3.284,99.20,326.00,1,1,0
88024,3.288,99.20,326.00,1,1,0
88027,3.284,98.90,324.00,1,1,0
88029,3.284,98.80,324.00,1,1,0
88032,3.288,98.70,324.00,1,1,0
88034,3.284,99.20,324.00,1,0,1
88037,3.276,98.80,323.00,1,0,1
88039,3.284,99.30,326.00,1,1,0
88042,3.256,107.70,310.00,1,1,0
88044,3.284,99.50,328.00,1,1,0
88046,3.284,91.80,301.00,1,1,0
88049,3.284,94.70,328.00,1,1,0
88062,3.288,99.40,326.00,1,1,0
88064,3.288,99.20,326.00,1,1,0
88067,3.280,99.30,326.00,1,1,0
88069,3.284,99.20,326.00,1,1,0
88071,3.288,98.90,324.00,1,1,0
88074,3.284,98.90,324.00,1,1,0
88076,3.288,98.60,324.00,1,1,0
88079,3.284,98.20,324.00,1,1,0
88081,3.284,99.30,326.00,1,1,0
88084,3.288,100.30,329.00,1,1,0
88086,3.284,98.80,324.00,1,1,0
88089,3.288,98.60,324.00,1,0,1
88091,3.276,99.00,324.00,1,0,1
88094,3.284,129.30,324.00,1,1,0
88106,3.284,98.70,324.00,1,1,0
88109,3.284,98.60,324.00,1,1,0
88111,3.288,98.80,324.00,1,1,0
88114,3.288,99.40,326.00,1,1,0
88116,3.284,98.90,324.00,1,1,0
88119,3.284,98.60,324.00,1,1,0
88121,3.284,98.50,323.00,1,1,0
88124,3.284,98.50,324.00,1,1,0
88126,3.284,99.00,324.00,1,1,0
88129,3.284,99.20,326.00,1,1,0
88131,3.284,98.80,324.00,1,1,0
88134,3.284,100.40,329.00,1,1,0
88136,3.284,98.80,324.00,1,1,0
88139,3.284,98.80,324.00,1,1,0
88151,3.284,91.80,319.00,1,0,1
88154,3.288,128.10,421.00,1,0,1
88156,3.284,100.30,328.00,1,1,0
88159,3.276,94.10,308.00,1,1,0
88161,3.284,99.00,326.00,1,1,0
88164,3.288,100.60,331.00,1,1,0
88166,3.284,99.00,324.00,1,1,0
88168,3.288,99.30,324.00,1,1,0
88171,3.284,99.10,326.00,1,1,0
88173,3.284,98.00,321.00,1,1,0
88176,3.284,98.50,324.00,1,1,0
88178,3.284,98.90,324.00,1,1,0
88181,3.284,98.40,323.00,1,1,0
88183,3.288,98.60,324.00,1,1,0
88196,3.284,99.10,324.00,1,1,0
88198,3.284,98.80,324.00,1,1,0
88201,3.284,98.70,324.00,1,1,0
88203,3.284,98.50,324.00,1,1,0
88206,3.284,100.00,310.00,1,0,1
88208,3.284,98.70,324.00,1,0,1
88211,3.280,99.30,326.00,1,1,0
88213,3.284,131.10,310.00,1,1,0
88216,3.284,99.20,326.00,1,1,0
88218,3.284,98.90,324.00,1,1,0
88221,3.284,98.90,324.00,1,1,0
88223,3.284,98.60,324.00,1,1,0
88226,3.284,98.80,324.00,1,1,0
88228,3.284,98.70,324.00,1,1,0
88241,3.284,98.90,324.00,1,1,0
88243,3.284,99.10,326.00,1,1,0
88246,3.284,100.10,329.00,1,1,0
88248,3.284,98.90,329.00,1,1,0
88251,3.284,93.60,308.00,1,1,0
88253,3.280,91.90,301.00,1,1,0
88256,3.284,99.30,324.00,1,1,0
88258,3.288,99.00,326.00,1,1,0
88261,3.288,99.30,326.00,1,0,1
88263,3.280,102.40,336.00,1,0,1
88265,3.264,99.40,326.00,1,0,1
88268,3.284,123.50,406.00,1,1,0
88270,3.284,98.80,324.00,1,1,0
88283,3.284,98.60,324.00,1,1,0
88286,3.284,98.60,324.00,1,1,0
88288,3.288,99.20,326.00,1,1,0
88290,3.284,99.50,328.00,1,1,0
88293,3.288,99.00,326.00,1,1,0
88295,3.288,98.40,323.00,1,1,0
88298,3.284,99.00,324.00,1,1,0
88300,3.284,98.60,324.00,1,1,0
88303,3.288,98.70,324.00,1,1,0
88305,3.284,98.80,324.00,1,1,0
88308,3.284,100.70,331.00,1,1,0
88310,3.284,94.40,324.00,1,1,0
88313,3.284,98.60,324.00,1,1,0
88315,3.284,98.80,324.00,1,1,0
88328,3.284,99.40,326.00,1,1,0
88330,3.284,98.90,324.00,1,1,0
88333,3.284,98.60,324.00,1,1,0
88335,3.284,98.60,324.00,1,1,0
88338,3.284,98.80,326.00,1,1,0
88340,3.284,99.30,326.00,1,1,0
88343,3.284,99.40,326.00,1,1,0
88345,3.288,99.40,326.00,1,1,0
88348,3.284,99.10,326.00,1,1,0
88350,3.284,98.90,324.00,1,1,0
88353,3.288,99.90,313.00,1,1,0
88355,3.284,91.60,301.00,1,1,0
88358,3.284,99.30,326.00,1,1,0
88360,3.284,99.30,326.00,1,1,0
88373,3.284,106.90,351.00,1,0,1
88375,3.280,99.40,328.00,1,0,1
88378,3.284,133.80,439.00,1,1,0
88380,3.280,99.60,328.00,1,1,0
88383,3.284,100.40,324.00,1,1,0
88385,3.284,98.50,323.00,1,1,0
88387,3.284,99.80,328.00,1,1,0
88390,3.284,99.20,324.00,1,1,0
88392,3.284,98.80,324.00,1,1,0
88395,3.284,98.90,324.00,1,1,0
88397,3.288,98.90,324.00,1,1,0
88400,3.284,99.00,324.00,1,1,0
88402,3.284,101.40,333.00,1,1,0
88415,3.284,98.70,324.00,1,1,0
88417,3.284,98.80,324.00,1,1,0
88420,3.288,99.10,326.00,1,1,0
88422,3.284,99.60,328.00,1,1,0
88425,3.280,100.10,329.00,1,1,0
88427,3.288,98.70,324.00,1,0,1
88430,3.284,99.70,328.00,1,0,1
88432,3.284,99.40,324.00,1,1,0
88435,3.284,99.90,324.00,1,1,0
88437,3.284,99.00,324.00,1,1,0
88440,3.284,99.00,324.00,1,1,0
88442,3.284,98.70,324.00,1,1,0
88445,3.284,99.50,326.00,1,1,0
88447,3.284,98.50,323.00,1,1,0
88460,3.284,99.10,326.00,1,1,0
88462,3.284,98.60,324.00,1,1,0
88465,3.284,101.90,334.00,1,1,0
88467,3.284,99.00,324.00,1,1,0
88470,3.284,101.40,333.00,1,1,0
88472,3.284,101.60,349.00,1,1,0
88475,3.276,100.90,331.00,1,1,0
88477,3.284,99.10,326.00,1,1,0
88480,3.284,99.10,324.00,1,1,0
88482,3.284,102.50,336.00,1,0,1
88485,3.288,132.20,434.00,1,0,1
88487,3.288,98.90,338.00,1,1,0
88489,3.280,125.00,410.00,1,1,0
88502,3.288,99.20,326.00,1,1,0
88505,3.284,100.00,328.00,1,1,0
88507,3.280,99.50,323.00,1,1,0
88510,3.284,98.90,324.00,1,1,0
88512,3.284,100.00,328.00,1,1,0
88515,3.284,94.70,318.00,1,1,0
88517,3.284,100.30,329.00,1,1,0
88519,3.284,98.90,324.00,1,1,0
88522,3.288,99.10,326.00,1,1,0
88524,3.284,97.50,326.00,1,1,0
88527,3.284,99.20,326.00,1,1,0
88529,3.284,98.70,324.00,1,1,0
88532,3.284,98.80,324.00,1,1,0
88534,3.284,99.60,328.00,1,1,0
88547,3.284,100.00,328.00,1,1,0
88549,3.280,94.00,308.00,1,1,0
88552,3.288,99.00,326.00,1,1,0
88554,3.284,98.60,324.00,1,1,0
88557,3.284,99.80,328.00,1,1,0
88559,3.284,91.60,301.00,1,1,0
88562,3.284,99.10,326.00,1,1,0
88564,3.280,102.10,336.00,1,1,0
88567,3.284,99.80,326.00,1,1,0
88569,3.284,99.40,326.00,1,1,0
88572,3.284,99.50,326.00,1,1,0
88574,3.288,99.10,324.00,1,1,0
88577,3.284,99.40,324.00,1,1,0
88579,3.276,99.20,326.00,1,1,0
88592,3.284,98.50,323.00,1,1,0
88594,3.288,100.40,329.00,1,0,1
88597,3.284,99.10,326.00,1,0,1
88599,3.284,104.80,342.00,1,1,0
88602,3.284,99.90,328.00,1,1,0
88604,3.288,99.00,324.00,1,1,0
88607,3.284,98.60,324.00,1,1,0
88609,3.284,98.50,323.00,1,1,0
88612,3.284,98.80,324.00,1,1,0
88614,3.284,98.70,324.00,1,1,0
88616,3.280,93.90,308.00,1,1,0
88619,3.288,98.70,323.00,1,1,0
88621,3.284,98.50,324.00,1,1,0
88624,3.288,101.40,333.00,1,1,0
88637,3.284,98.70,324.00,1,1,0
88639,3.288,98.80,324.00,1,1,0
88641,3.288,98.70,324.00,1,1,0
88644,3.288,98.90,324.00,1,1,0
88646,3.284,99.20,326.00,1,1,0
88649,3.284,98.90,349.00,1,0,1
88651,3.284,131.70,433.00,1,0,1
88654,3.284,99.50,326.00,1,1,0
88656,3.272,127.40,313.00,1,1,0
88659,3.280,99.90,328.00,1,1,0
88661,3.284,90.40,297.00,1,1,0
88664,3.284,96.20,338.00,1,1,0
88666,3.280,99.30,326.00,1,1,0
88669,3.284,98.60,324.00,1,1,0
88681,3.284,99.30,326.00,1,1,0
88684,3.284,99.20,326.00,1,1,0
88686,3.288,99.60,324.00,1,1,0
88689,3.284,98.40,323.00,1,1,0
88691,3.284,98.90,324.00,1,1,0
88694,3.284,98.80,324.00,1,1,0
88696,3.288,99.90,328.00,1,1,0
88699,3.288,99.00,324.00,1,1,0
88701,3.284,98.80,328.00,1,1,0
88704,3.288,98.80,324.00,1,0,1
88706,3.276,98.80,324.00,1,0,1
88709,3.284,131.50,324.00,1,0,1
88711,3.284,96.40,316.00,1,1,0
88713,3.288,100.10,329.00,1,1,0
88730,3.276,98.70,324.00,1,1,0
88733,3.284,98.90,324.00,1,1,0
88735,3.284,98.40,323.00,1,1,0
88738,3.284,98.60,324.00,1,1,0
88740,3.284,98.80,324.00,1,1,0
88743,3.284,99.10,324.00,1,1,0
88745,3.284,99.20,326.00,1,1,0
88748,3.284,99.50,326.00,1,1,0
88750,3.284,99.40,328.00,1,1,0
88752,3.288,99.20,326.00,1,1,0
88755,3.288,99.50,328.00,1,1,0
88757,3.276,101.10,333.00,1,1,0
88760,3.288,105.90,347.00,1,0,1
88762,3.280,107.30,352.00,1,0,1
88775,3.284,98.90,324.00,1,1,0
88777,3.288,99.30,326.00,1,1,0
88780,3.284,98.90,326.00,1,1,0
88782,3.288,98.70,324.00,1,1,0
88785,3.288,99.10,326.00,1,1,0
88787,3.288,98.90,326.00,1,1,0
88790,3.284,99.70,328.00,1,1,0
88792,3.284,99.90,328.00,1,1,0
88795,3.284,97.50,328.00,1,1,0
88797,3.288,99.00,326.00,1,1,0
88800,3.284,99.10,326.00,1,1,0
88802,3.284,99.20,328.00,1,1,0
88805,3.284,99.40,326.00,1,1,0
88807,3.288,101.60,334.00,1,1,0
88820,3.288,99.40,326.00,1,1,0
88822,3.284,117.20,385.00,1,1,0
88825,3.284,98.90,331.00,1,1,0
88827,3.284,98.80,324.00,1,1,0
88830,3.284,98.70,324.00,1,1,0
88832,3.284,98.60,323.00,1,1,0
88835,3.284,99.20,326.00,1,1,0
88837,3.284,98.60,324.00,1,1,0
88840,3.284,98.70,324.00,1,1,0
88842,3.284,98.90,324.00,1,1,0
88845,3.284,98.90,324.00,1,1,0
88847,3.284,98.90,324.00,1,1,0
88849,3.288,98.80,324.00,1,1,0
88852,3.284,98.90,324.00,1,1,0
88865,3.288,99.10,326.00,1,1,0
88867,3.284,91.70,301.00,1,1,0
88870,3.284,98.60,323.00,1,0,1
88872,3.276,99.40,326.00,1,0,1
88874,3.264,99.00,324.00,1,1,0
88877,3.256,94.10,328.00,1,1,0
88879,3.288,102.00,336.00,1,1,0
88882,3.288,98.70,324.00,1,1,0
88884,3.284,99.00,326.00,1,1,0
88887,3.288,99.00,326.00,1,1,0
88889,3.284,98.90,324.00,1,1,0
88892,3.288,98.90,323.00,1,1,0
88894,3.284,99.20,326.00,1,1,0
88897,3.288,98.40,323.00,1,1,0
88909,3.284,99.10,326.00,1,1,0
88912,3.284,99.10,324.00,1,1,0
88914,3.284,99.10,324.00,1,1,0
88917,3.284,101.60,334.00,1,1,0
88919,3.284,98.70,324.00,1,1,0
88922,3.288,98.80,329.00,1,1,0
88924,3.284,94.00,308.00,1,0,1
88927,3.288,99.00,324.00,1,0,1
88929,3.284,98.80,326.00,1,1,0
88932,3.280,94.10,308.00,1,1,0
88934,3.288,99.30,326.00,1,1,0
88937,3.288,99.40,326.00,1,1,0
88939,3.284,98.90,324.00,1,1,0
88942,3.284,98.70,324.00,1,1,0
88954,3.288,98.80,324.00,1,1,0
88957,3.288,98.70,324.00,1,1,0
88959,3.284,99.00,326.00,1,1,0
88962,3.288,98.80,324.00,1,1,0
88964,3.288,99.30,326.00,1,1,0
88967,3.288,100.00,326.00,1,1,0
88969,3.288,90.20,297.00,1,1,0
88971,3.284,98.30,323.00,1,1,0
88974,3.288,99.10,328.00,1,1,0
88976,3.288,99.00,324.00,1,1,0
88979,3.284,99.10,326.00,1,0,1
88981,3.276,100.80,329.00,1,0,1
88984,3.280,129.00,424.00,1,1,0
88986,3.268,107.40,349.00,1,1,0
88999,3.284,100.60,331.00,1,1,0
89001,3.288,98.50,326.00,1,1,0
89004,3.288,99.30,326.00,1,1,0
89006,3.288,98.50,324.00,1,1,0
89009,3.288,99.10,326.00,1,1,0
89011,3.288,99.40,326.00,1,1,0
89014,3.284,99.50,326.00,1,1,0
89016,3.284,99.80,326.00,1,1,0
89019,3.284,99.10,324.00,1,1,0
89021,3.284,98.90,324.00,1,1,0
89024,3.284,98.70,324.00,1,1,0
89026,3.288,93.80,336.00,1,1,0
89029,3.276,98.70,324.00,1,1,0
89031,3.284,98.80,324.00,1,1,0
89044,3.280,99.90,328.00,1,1,0
89046,3.284,99.10,324.00,1,1,0
89049,3.284,98.50,323.00,1,1,0
89051,3.284,99.00,324.00,1,1,0
89054,3.284,98.60,324.00,1,1,0
89056,3.284,98.60,324.00,1,1,0
89059,3.284,98.90,324.00,1,1,0
89061,3.284,99.20,324.00,1,1,0
89064,3.284,99.50,326.00,1,1,0
89066,3.288,98.40,323.00,1,1,0
89068,3.288,100.10,329.00,1,1,0
89071,3.288,92.00,301.00,1,1,0
89073,3.284,101.90,334.00,1,1,0
89076,3.284,99.20,326.00,1,1,0
89089,3.284,99.50,326.00,1,1,0
89091,3.284,98.90,349.00,1,0,1
89094,3.288,128.70,423.00,1,0,1
89096,3.284,99.40,326.00,1,1,0
89098,3.264,95.60,324.00,1,1,0
89101,3.284,98.70,324.00,1,1,0
89103,3.284,99.10,326.00,1,1,0
89106,3.288,99.30,326.00,1,1,0
89108,3.288,99.30,326.00,1,1,0
89111,3.288,99.20,326.00,1,1,0
89113,3.288,99.30,326.00,1,1,0
89116,3.288,98.80,324.00,1,1,0
89118,3.284,98.70,324.00,1,1,0
89121,3.280,100.70,324.00,1,1,0
89133,3.288,99.20,326.00,1,1,0
89136,3.284,100.90,324.00,1,1,0
89138,3.288,99.00,326.00,1,1,0
89141,3.284,99.00,324.00,1,1,0
89143,3.284,99.10,326.00,1,1,0
89146,3.284,99.30,326.00,1,0,1
89148,3.284,98.80,324.00,1,0,1
89151,3.284,98.80,328.00,1,1,0
89153,3.256,99.50,328.00,1,1,0
89156,3.284,99.00,326.00,1,1,0
89158,3.284,99.10,324.00,1,1,0
89161,3.284,98.70,324.00,1,1,0
89163,3.288,99.00,324.00,1,1,0
89165,3.284,98.80,326.00,1,1,0
89178,3.284,99.00,324.00,1,1,0
89181,3.288,99.90,326.00,1,1,0
89183,3.288,98.60,324.00,1,1,0
89186,3.288,98.50,324.00,1,1,0
89188,3.288,99.40,328.00,1,1,0
89191,3.288,98.80,324.00,1,1,0
89193,3.284,99.00,326.00,1,1,0
89195,3.288,98.90,324.00,1,1,0
89198,3.288,100.90,331.00,1,1,0
89200,3.288,98.80,324.00,1,0,1
89203,3.288,98.90,333.00,1,0,1
89205,3.264,98.90,324.00,1,1,0
89208,3.280,94.10,310.00,1,1,0
89210,3.284,99.20,326.00,1,1,0
89223,3.284,99.10,326.00,1,1,0
89225,3.288,99.30,324.00,1,1,0
89228,3.288,98.40,323.00,1,1,0
89230,3.284,99.30,326.00,1,1,0
89233,3.284,99.20,326.00,1,1,0
89235,3.288,99.10,326.00,1,1,0
89238,3.288,99.40,326.00,1,1,0
89240,3.284,98.90,310.00,1,1,0
89243,3.280,91.70,301.00,1,1,0
89245,3.284,91.70,301.00,1,1,0
89248,3.284,91.60,301.00,1,1,0
89250,3.280,91.90,301.00,1,1,0
89253,3.284,98.40,323.00,1,1,0
89255,3.284,100.40,324.00,1,0,1
89268,3.280,99.00,331.00,1,1,0
89270,3.284,100.60,331.00,1,1,0
89273,3.288,99.30,326.00,1,1,0
89275,3.284,96.40,316.00,1,1,0
89278,3.284,90.30,326.00,1,1,0
89280,3.288,99.10,326.00,1,1,0
89283,3.284,99.50,326.00,1,1,0
89285,3.284,99.40,326.00,1,1,0
89288,3.284,99.20,326.00,1,1,0
89290,3.284,100.20,329.00,1,1,0
89292,3.288,99.30,326.00,1,1,0
89295,3.288,98.80,324.00,1,1,0
89297,3.284,99.20,326.00,1,1,0
89300,3.284,99.10,329.00,1,1,0
89313,3.288,100.80,324.00,1,0,1
89315,3.284,99.10,326.00,1,0,1
89317,3.284,102.50,334.00,1,1,0
89320,3.284,94.30,329.00,1,1,0
89322,3.288,99.10,326.00,1,1,0
89325,3.284,98.50,323.00,1,1,0
89327,3.284,98.60,324.00,1,1,0
89330,3.288,98.70,326.00,1,1,0
89332,3.284,94.60,311.00,1,1,0
89335,3.284,99.30,326.00,1,1,0
89337,3.284,99.30,326.00,1,1,0
89340,3.284,99.50,328.00,1,1,0
89342,3.284,100.10,329.00,1,1,0
89345,3.284,99.00,324.00,1,1,0
89357,3.288,98.30,324.00,1,1,0
89360,3.284,98.60,324.00,1,1,0
89362,3.284,98.90,324.00,1,1,0
89365,3.284,99.00,328.00,1,1,0
89367,3.284,99.30,326.00,1,0,1
89370,3.284,98.90,324.00,1,0,1
89372,3.284,98.70,324.00,1,1,0
89375,3.276,100.00,328.00,1,1,0
89377,3.284,97.90,321.00,1,1,0
89380,3.280,91.70,301.00,1,1,0
89382,3.268,94.00,326.00,1,1,0
89385,3.288,99.20,326.00,1,1,0
89387,3.284,99.10,326.00,1,1,0
89389,3.284,98.60,324.00,1,1,0
89402,3.288,100.40,324.00,1,1,0
89405,3.284,99.30,326.00,1,1,0
89407,3.284,98.20,323.00,1,1,0
89410,3.288,98.60,324.00,1,1,0
89412,3.276,99.70,328.00,1,1,0
89414,3.284,99.20,326.00,1,1,0
89417,3.288,98.90,326.00,1,1,0
89419,3.284,98.80,324.00,1,1,0
89422,3.284,98.80,324.00,1,0,1
89424,3.272,98.80,324.00,1,0,1
89427,3.288,98.90,324.00,1,1,0
89429,3.284,93.90,308.00,1,1,0
89432,3.284,99.30,326.00,1,1,0
89434,3.284,100.40,313.00,1,1,0
89447,3.284,99.10,324.00,1,1,0
89449,3.284,99.40,326.00,1,1,0
89452,3.284,98.70,324.00,1,1,0
89454,3.284,98.80,324.00,1,1,0
89457,3.284,98.70,324.00,1,1,0
89459,3.288,98.80,324.00,1,1,0
89462,3.284,98.70,324.00,1,1,0
89464,3.288,99.30,326.00,1,1,0
89467,3.284,98.90,324.00,1,1,0
89469,3.288,98.70,323.00,1,1,0
89472,3.280,98.80,324.00,1,1,0
89474,3.288,98.80,324.00,1,1,0
89477,3.288,99.20,329.00,1,0,1
89479,3.288,99.60,328.00,1,0,1
89492,3.284,99.60,328.00,1,1,0
89494,3.288,99.30,326.00,1,1,0
89497,3.284,98.80,324.00,1,1,0
89499,3.288,99.30,324.00,1,1,0
89502,3.288,99.10,326.00,1,1,0
89504,3.284,98.60,324.00,1,1,0
89507,3.284,98.60,324.00,1,1,0
89509,3.288,98.80,324.00,1,1,0
89511,3.284,98.70,324.00,1,1,0
89514,3.284,99.00,336.00,1,1,0
89516,3.284,100.80,331.00,1,1,0
89519,3.284,98.80,324.00,1,1,0
89521,3.284,98.70,324.00,1,1,0
89524,3.284,100.40,329.00,1,1,0
89536,3.284,98.70,333.00,1,0,1
89539,3.284,116.40,382.00,1,1,0
89541,3.284,100.30,329.00,1,1,0
89544,3.284,98.90,326.00,1,1,0
89546,3.288,101.10,333.00,1,1,0
89549,3.284,98.70,324.00,1,1,0
89551,3.284,99.50,326.00,1,1,0
89554,3.284,98.80,324.00,1,1,0
89556,3.288,98.80,324.00,1,1,0
89559,3.284,99.00,324.00,1,1,0
89561,3.284,99.10,326.00,1,1,0
89564,3.288,99.10,326.00,1,1,0
89566,3.284,98.80,323.00,1,1,0
89569,3.284,98.40,323.00,1,1,0
89581,3.288,100.10,326.00,1,1,0
89584,3.284,91.70,301.00,1,1,0
89586,3.284,98.70,324.00,1,1,0
89589,3.284,99.60,326.00,1,0,1
89591,3.284,131.70,433.00,1,0,1
89594,3.288,105.40,344.00,1,1,0
89596,3.280,99.20,326.00,1,1,0
89599,3.284,99.10,326.00,1,1,0
89601,3.284,99.20,326.00,1,1,0
89604,3.288,99.00,326.00,1,1,0
89606,3.288,98.90,324.00,1,1,0
89608,3.288,99.40,326.00,1,1,0
89611,3.284,99.30,326.00,1,1,0
89613,3.284,102.80,338.00,1,1,0
89626,3.288,99.50,326.00,1,1,0
89629,3.284,99.20,326.00,1,1,0
89631,3.288,97.60,324.00,1,1,0
89633,3.284,99.10,326.00,1,1,0
89636,3.284,98.80,324.00,1,1,0
89638,3.284,98.80,324.00,1,1,0
89641,3.284,94.60,326.00,1,1,0
89643,3.284,107.10,352.00,1,0,1
89646,3.264,100.60,331.00,1,0,1
89648,3.288,99.10,439.00,1,1,0
89651,3.284,98.50,324.00,1,1,0
89653,3.284,99.90,328.00,1,1,0
89656,3.284,98.80,324.00,1,1,0
89658,3.284,99.30,326.00,1,1,0
89671,3.288,98.90,324.00,1,1,0
89673,3.284,99.10,326.00,1,1,0
89676,3.288,99.00,324.00,1,1,0
89678,3.284,99.30,326.00,1,1,0
89681,3.284,101.90,334.00,1,1,0
89683,3.288,100.10,324.00,1,1,0
89686,3.284,90.40,297.00,1,1,0
89688,3.284,98.70,324.00,1,1,0
89691,3.288,99.00,324.00,1,1,0
89693,3.288,99.00,336.00,1,1,0
89696,3.284,98.70,324.00,1,1,0
89698,3.284,98.80,324.00,1,0,1
89701,3.288,102.00,423.00,1,0,1
89703,3.288,100.70,329.00,1,1,0
89716,3.288,98.20,323.00,1,1,0
89718,3.284,98.80,324.00,1,1,0
89721,3.288,99.30,326.00,1,1,0
89723,3.284,98.70,324.00,1,1,0
89726,3.288,98.90,324.00,1,1,0
89728,3.288,98.80,324.00,1,1,0
89730,3.280,98.80,324.00,1,1,0
89733,3.288,99.50,326.00,1,1,0
89735,3.288,98.80,324.00,1,1,0
89738,3.284,99.40,324.00,1,1,0
89740,3.288,99.00,324.00,1,1,0
89743,3.288,94.10,310.00,1,1,0
89745,3.284,98.50,326.00,1,1,0
89748,3.288,101.00,333.00,1,1,0
89760,3.268,151.40,496.00,1,1,0
89763,3.284,99.00,326.00,1,1,0
89765,3.288,99.30,331.00,1,1,0
89768,3.288,99.00,326.00,1,1,0
89770,3.288,101.40,333.00,1,1,0
89773,3.284,98.70,324.00,1,1,0
89775,3.288,98.70,324.00,1,1,0
89778,3.288,98.60,324.00,1,1,0
89780,3.288,100.00,323.00,1,1,0
89783,3.284,98.20,323.00,1,1,0
89785,3.288,100.10,329.00,1,1,0
89788,3.288,90.50,297.00,1,1,0
89790,3.284,99.00,326.00,1,1,0
89803,3.288,99.50,326.00,1,1,0
89805,3.284,99.20,326.00,1,1,0
89808,3.288,99.50,328.00,1,0,1
89810,3.284,103.70,324.00,1,0,1
89813,3.288,129.70,426.00,1,1,0
89815,3.268,108.70,356.00,1,1,0
89818,3.280,99.30,329.00,1,1,0
89820,3.288,99.00,326.00,1,1,0
89823,3.288,102.60,338.00,1,1,0
89825,3.284,98.90,326.00,1,1,0
89828,3.284,99.10,326.00,1,1,0
89830,3.284,99.10,326.00,1,1,0
89832,3.288,99.00,326.00,1,1,0
89845,3.284,94.60,321.00,1,1,0
89848,3.288,98.90,324.00,1,1,0
89850,3.284,99.00,326.00,1,1,0
89853,3.284,101.00,333.00,1,1,0
89855,3.288,98.70,324.00,1,1,0
89858,3.284,98.70,324.00,1,1,0
89860,3.284,98.70,324.00,1,1,0
89862,3.288,99.10,324.00,1,1,0
89865,3.284,98.80,324.00,1,0,1
89867,3.276,106.10,349.00,1,0,1
89870,3.284,104.10,310.00,1,1,0
89872,3.284,98.90,324.00,1,1,0
89875,3.288,98.70,324.00,1,1,0
89877,3.284,99.10,326.00,1,1,0
89890,3.288,90.30,297.00,1,1,0
89892,3.284,98.60,324.00,1,1,0
89895,3.284,98.70,324.00,1,1,0
89897,3.284,99.10,326.00,1,1,0
89900,3.284,98.70,324.00,1,1,0
89902,3.288,98.60,324.00,1,1,0
89905,3.284,99.60,328.00,1,1,0
89907,3.288,99.20,324.00,1,1,0
89910,3.284,99.30,326.00,1,1,0
89912,3.284,99.10,326.00,1,1,0
89915,3.284,99.60,326.00,1,1,0
89917,3.288,102.00,334.00,1,1,0
89920,3.288,105.70,347.00,1,0,1
89922,3.284,129.60,324.00,1,0,1
89935,3.284,99.30,324.00,1,1,0
89937,3.284,99.60,328.00,1,1,0
89940,3.284,99.10,326.00,1,1,0
89942,3.284,99.60,324.00,1,1,0
89945,3.284,99.00,324.00,1,1,0
89947,3.288,95.90,315.00,1,1,0
89950,3.284,99.10,326.00,1,1,0
89952,3.284,98.90,324.00,1,1,0
89955,3.284,101.60,334.00,1,1,0
89957,3.288,99.10,326.00,1,1,0
89959,3.288,98.80,323.00,1,1,0
89962,3.284,99.20,326.00,1,1,0
89964,3.284,98.80,324.00,1,1,0
89967,3.284,98.90,324.00,1,1,0
89980,3.284,99.60,362.00,1,1,0
89982,3.264,97.30,319.00,1,1,0
89985,3.284,99.10,326.00,1,1,0
89987,3.284,99.20,324.00,1,1,0
89989,3.284,100.10,329.00,1,1,0
89992,3.284,91.70,301.00,1,1,0
89994,3.284,90.30,324.00,1,1,0
89997,3.288,99.70,328.00,1,1,0
89999,3.284,99.30,326.00,1,1,0
90002,3.284,99.00,324.00,1,1,0
90004,3.276,98.70,324.00,1,1,0
90007,3.288,99.80,328.00,1,1,0
90009,3.284,98.80,326.00,1,1,0
90012,3.288,99.00,326.00,1,1,0
90024,3.284,99.30,326.00,1,1,0
90027,3.284,98.80,324.00,1,1,0
90029,3.284,99.40,326.00,1,0,1
90032,3.280,98.70,426.00,1,0,1
90034,3.284,99.00,326.00,1,1,0
90037,3.272,94.10,308.00,1,1,0
90039,3.284,99.90,324.00,1,1,0
90042,3.284,99.30,326.00,1,1,0
90044,3.288,98.90,324.00,1,1,0
90047,3.284,99.00,328.00,1,1,0
90049,3.284,94.10,310.00,1,1,0
90052,3.288,99.00,324.00,1,1,0
90054,3.284,99.50,324.00,1,1,0
90056,3.284,99.00,326.00,1,1,0
90069,3.288,100.30,326.00,1,1,0
90072,3.284,99.90,328.00,1,1,0
90074,3.288,98.90,324.00,1,1,0
90077,3.284,101.00,324.00,1,1,0
90079,3.288,98.60,324.00,1,1,0
90082,3.288,99.00,324.00,1,1,0
90084,3.284,99.10,328.00,1,0,1
90086,3.284,99.20,324.00,1,0,1
90089,3.284,99.00,324.00,1,1,0
90091,3.276,112.20,328.00,1,1,0
90094,3.284,94.60,310.00,1,1,0
90096,3.284,91.90,301.00,1,1,0
90099,3.284,96.20,324.00,1,1,0
90101,3.284,97.40,319.00,1,1,0
90114,3.284,99.40,326.00,1,1,0
90116,3.288,99.50,326.00,1,1,0
90119,3.288,99.20,326.00,1,1,0
90121,3.284,99.10,324.00,1,1,0
90124,3.284,98.90,324.00,1,1,0
90126,3.284,98.50,323.00,1,1,0
90129,3.288,98.80,326.00,1,1,0
90131,3.288,99.10,326.00,1,1,0
90134,3.284,99.30,326.00,1,1,0
90136,3.284,99.20,326.00,1,1,0
90139,3.284,99.00,326.00,1,0,1
90141,3.276,98.80,324.00,1,0,1
90144,3.288,98.80,324.00,1,1,0
90146,3.284,132.90,436.00,1,1,0
90159,3.284,98.60,328.00,1,1,0
90161,3.288,100.80,331.00,1,1,0
90164,3.284,98.70,324.00,1,1,0
90166,3.284,99.00,326.00,1,1,0
90169,3.288,98.90,324.00,1,1,0
90171,3.288,98.70,324.00,1,1,0
90174,3.284,98.70,326.00,1,1,0
90176,3.284,98.80,324.00,1,1,0
90179,3.284,99.00,324.00,1,1,0
90181,3.284,98.70,326.00,1,1,0
90183,3.284,99.60,328.00,1,1,0
90186,3.284,99.20,326.00,1,1,0
90188,3.284,98.80,324.00,1,1,0
90191,3.288,98.90,324.00,1,1,0
90204,3.288,98.90,324.00,1,0,1
90206,3.304,62.40,206.00,1,1,0
90208,3.260,96.40,310.00,1,1,0
90211,3.280,99.30,326.00,1,1,0
90213,3.284,98.90,324.00,1,1,0
90216,3.284,99.10,326.00,1,1,0
90218,3.284,99.20,324.00,1,1,0
90221,3.284,98.80,324.00,1,1,0
90223,3.284,98.80,324.00,1,1,0
90226,3.284,98.70,329.00,1,1,0
90228,3.288,98.80,324.00,1,1,0
90231,3.288,99.00,324.00,1,1,0
90233,3.288,101.00,324.00,1,1,0
90236,3.284,98.80,324.00,1,1,0
90248,3.288,99.20,326.00,1,1,0
90251,3.284,99.10,326.00,1,1,0
90253,3.284,101.20,308.00,1,1,0
90256,3.284,98.70,324.00,1,0,1
90258,3.280,98.80,324.00,1,0,1
90261,3.260,98.90,326.00,1,1,0
90263,3.284,94.10,308.00,1,1,0
90266,3.280,99.30,326.00,1,1,0
90268,3.288,99.10,326.00,1,1,0
90271,3.284,97.30,323.00,1,1,0
90273,3.284,98.80,324.00,1,1,0
90276,3.288,98.70,324.00,1,1,0
90278,3.288,99.30,326.00,1,1,0
90280,3.284,99.30,326.00,1,1,0
90293,3.288,99.40,326.00,1,1,0
90296,3.288,99.50,326.00,1,1,0
90298,3.284,100.10,321.00,1,1,0
90301,3.284,91.70,301.00,1,1,0
90303,3.288,98.40,323.00,1,1,0
90305,3.284,99.30,326.00,1,1,0
90308,3.284,98.70,324.00,1,1,0
90310,3.288,99.30,326.00,1,1,0
90313,3.284,106.50,326.00,1,0,1
90315,3.276,101.10,333.00,1,0,1
90318,3.284,131.20,431.00,1,1,0
90320,3.284,94.10,308.00,1,1,0
90323,3.284,99.20,324.00,1,1,0
90335,3.284,101.80,329.00,1,1,0
90338,3.284,98.90,324.00,1,1,0
90340,3.284,98.90,324.00,1,1,0
90343,3.284,99.80,324.00,1,1,0
90345,3.284,99.80,328.00,1,1,0
90348,3.284,99.30,326.00,1,1,0
90350,3.288,99.60,324.00,1,1,0
90353,3.288,98.70,324.00,1,1,0
90355,3.288,98.70,324.00,1,1,0
90358,3.280,94.60,326.00,1,1,0
90360,3.288,100.30,329.00,1,1,0
90363,3.288,99.50,328.00,1,1,0
90365,3.284,99.40,326.00,1,1,0
90368,3.288,98.90,324.00,1,0,1
90380,3.288,99.20,329.00,1,1,0
90383,3.288,98.70,324.00,1,1,0
90385,3.284,98.60,324.00,1,1,0
90388,3.284,99.00,324.00,1,1,0
90390,3.284,99.40,326.00,1,1,0
90393,3.284,100.30,329.00,1,1,0
90395,3.284,100.00,328.00,1,1,0
90398,3.288,102.50,336.00,1,1,0
90400,3.288,100.10,329.00,1,1,0
90403,3.284,90.20,297.00,1,1,0
90405,3.284,98.60,324.00,1,1,0
90407,3.284,99.50,326.00,1,1,0
90410,3.288,99.10,326.00,1,1,0
90423,3.284,106.00,326.00,1,0,1
90425,3.284,127.90,419.00,1,0,1
90428,3.284,112.20,367.00,1,1,0
90430,3.280,94.20,331.00,1,1,0
90433,3.288,99.20,328.00,1,1,0
90435,3.288,98.90,324.00,1,1,0
90437,3.284,98.80,324.00,1,1,0
90440,3.284,99.40,326.00,1,1,0
90442,3.284,99.30,326.00,1,1,0
90445,3.288,99.40,326.00,1,1,0
90447,3.284,99.20,326.00,1,1,0
90450,3.284,100.10,329.00,1,1,0
90452,3.288,98.60,324.00,1,1,0
90465,3.284,98.70,324.00,1,1,0
90467,3.284,98.70,324.00,1,1,0
90470,3.284,98.90,324.00,1,1,0
90472,3.284,104.50,342.00,1,1,0
90475,3.288,99.20,326.00,1,1,0
90477,3.284,103.80,341.00,1,0,1
90480,3.284,98.70,321.00,1,0,1
90482,3.284,98.20,431.00,1,1,0
90485,3.284,98.80,324.00,1,1,0
90487,3.280,99.00,324.00,1,1,0
90490,3.284,99.20,326.00,1,1,0
90492,3.284,99.70,326.00,1,1,0
90495,3.288,98.90,324.00,1,1,0
90497,3.276,98.80,324.00,1,1,0
90510,3.284,99.40,326.00,1,1,0
90512,3.284,98.90,324.00,1,1,0
90515,3.284,98.70,324.00,1,1,0
90517,3.284,98.60,324.00,1,1,0
90520,3.288,99.50,326.00,1,1,0
90522,3.288,99.60,328.00,1,1,0
90525,3.284,99.20,326.00,1,1,0
90527,3.288,99.20,324.00,1,1,0
90530,3.288,98.80,324.00,1,1,0
90532,3.280,98.50,323.00,1,0,1
90535,3.284,98.90,328.00,1,0,1
90537,3.280,101.60,333.00,1,1,0
90539,3.268,100.00,328.00,1,1,0
90542,3.288,99.40,326.00,1,1,0
90555,3.288,99.70,328.00,1,1,0
90557,3.284,102.10,336.00,1,1,0
90560,3.284,99.10,324.00,1,1,0
90562,3.284,94.10,310.00,1,1,0
90564,3.284,98.60,324.00,1,1,0
90567,3.288,99.30,326.00,1,1,0
90569,3.288,99.80,328.00,1,1,0
90572,3.288,101.50,326.00,1,1,0
90574,3.288,100.00,329.00,1,1,0
90577,3.288,98.70,324.00,1,1,0
90579,3.288,98.40,324.00,1,1,0
90582,3.288,99.30,326.00,1,1,0
90584,3.284,98.90,324.00,1,1,0
90587,3.284,99.20,324.00,1,0,1
90599,3.288,99.10,326.00,1,1,0
90602,3.284,99.40,326.00,1,1,0
90604,3.288,100.10,329.00,1,1,0
90607,3.284,90.30,297.00,1,1,0
90609,3.284,95.40,326.00,1,1,0
90612,3.284,99.20,326.00,1,1,0
90614,3.284,99.90,328.00,1,1,0
90617,3.288,99.30,324.00,1,1,0
90619,3.288,99.40,326.00,1,1,0
90622,3.288,99.10,326.00,1,1,0
90624,3.284,98.70,326.00,1,1,0
90627,3.284,100.40,329.00,1,1,0
90629,3.288,99.10,326.00,1,1,0
90632,3.284,98.90,326.00,1,1,0
90644,3.284,99.30,326.00,1,0,1
90647,3.288,98.90,328.00,1,0,1
90649,3.284,101.20,329.00,1,1,0
90652,3.284,100.50,329.00,1,1,0
90654,3.288,97.60,324.00,1,1,0
90657,3.284,98.40,323.00,1,1,0
90659,3.288,98.80,324.00,1,1,0
90662,3.284,99.30,324.00,1,1,0
90664,3.284,94.70,311.00,1,1,0
90666,3.284,98.80,324.00,1,1,0
90669,3.284,98.90,329.00,1,1,0
90671,3.284,101.50,334.00,1,1,0
90674,3.284,98.50,323.00,1,1,0
90676,3.284,98.70,326.00,1,1,0
90689,3.284,98.90,326.00,1,1,0
90691,3.284,98.70,324.00,1,1,0
90694,3.284,99.10,326.00,1,1,0
90696,3.284,99.10,326.00,1,1,0
90699,3.284,99.40,347.00,1,0,1
90701,3.284,131.10,431.00,1,0,1
90704,3.288,101.50,333.00,1,1,0
90706,3.268,112.20,331.00,1,1,0
90709,3.288,90.20,297.00,1,1,0
90711,3.284,93.20,305.00,1,1,0
90714,3.284,94.00,324.00,1,1,0
90716,3.284,98.90,324.00,1,1,0
90719,3.288,98.90,324.00,1,1,0
90721,3.288,98.30,324.00,1,1,0
90738,3.284,99.00,324.00,1,1,0
90741,3.284,98.40,323.00,1,1,0
90743,3.284,99.00,324.00,1,1,0
90746,3.284,99.30,324.00,1,1,0
90748,3.288,99.20,326.00,1,1,0
90751,3.288,99.20,326.00,1,1,0
90753,3.288,99.20,326.00,1,1,0
90756,3.288,101.00,331.00,1,0,1
90758,3.288,98.90,324.00,1,0,1
90760,3.284,98.90,331.00,1,1,0
90763,3.284,99.00,324.00,1,1,0
90765,3.280,99.10,326.00,1,1,0
90768,3.284,94.60,323.00,1,1,0
90770,3.284,98.60,324.00,1,1,0
90783,3.284,98.70,326.00,1,1,0
90785,3.284,99.00,326.00,1,1,0
90788,3.284,98.90,324.00,1,1,0
90790,3.284,99.10,324.00,1,1,0
90793,3.284,98.90,324.00,1,1,0
90795,3.284,100.60,331.00,1,1,0
90798,3.284,99.10,326.00,1,1,0
90800,3.284,99.10,326.00,1,1,0
90803,3.284,98.90,324.00,1,1,0
90805,3.288,98.60,326.00,1,1,0
90808,3.284,100.00,328.00,1,1,0
90810,3.284,100.00,328.00,1,0,1
90813,3.284,94.10,301.00,1,0,1
90815,3.288,102.70,336.00,1,1,0
90828,3.284,99.60,326.00,1,1,0
90830,3.284,99.40,326.00,1,1,0
90833,3.284,99.10,326.00,1,1,0
90835,3.284,99.00,324.00,1,1,0
90838,3.284,99.10,326.00,1,1,0
90840,3.288,99.60,328.00,1,1,0
90843,3.288,99.90,326.00,1,1,0
90845,3.284,99.00,326.00,1,1,0
90848,3.288,99.30,326.00,1,1,0
90850,3.280,99.80,324.00,1,1,0
90853,3.284,98.70,324.00,1,1,0
90855,3.288,99.00,324.00,1,1,0
90857,3.288,98.80,326.00,1,1,0
90860,3.288,99.30,326.00,1,1,0
90873,3.272,94.10,308.00,1,1,0
90875,3.284,99.10,326.00,1,1,0
90878,3.284,98.90,324.00,1,1,0
90880,3.284,98.60,324.00,1,1,0
90882,3.284,99.30,326.00,1,1,0
90885,3.284,99.40,326.00,1,1,0
90887,3.284,99.30,329.00,1,1,0
90890,3.284,98.90,324.00,1,1,0
90892,3.284,101.70,334.00,1,1,0
90895,3.284,98.70,324.00,1,1,0
90897,3.284,99.20,326.00,1,1,0
90900,3.284,99.50,326.00,1,1,0
90902,3.284,99.40,326.00,1,1,0
90905,3.284,98.70,324.00,1,1,0
90917,3.288,98.60,324.00,1,1,0
90920,3.284,98.90,324.00,1,0,1
90922,3.276,98.70,323.00,1,0,1
90925,3.260,99.10,326.00,1,1,0
90927,3.256,96.20,316.00,1,1,0
90930,3.284,99.10,324.00,1,1,0
90932,3.284,98.80,324.00,1,1,0
90935,3.284,98.90,324.00,1,1,0
90937,3.288,99.10,326.00,1,1,0
90940,3.284,98.50,324.00,1,1,0
90942,3.288,100.70,331.00,1,1,0
90945,3.288,98.80,324.00,1,1,0
90947,3.288,99.30,328.00,1,1,0
90950,3.288,102.50,338.00,1,1,0
90962,3.284,101.20,333.00,1,1,0
90965,3.284,98.70,324.00,1,1,0
90967,3.288,98.90,324.00,1,1,0
90970,3.284,100.60,331.00,1,1,0
90972,3.280,95.40,313.00,1,1,0
90975,3.288,99.10,324.00,1,0,1
90977,3.284,99.00,324.00,1,0,1
90979,3.284,98.90,324.00,1,0,1
90982,3.284,103.20,431.00,1,1,0
90984,3.284,95.30,328.00,1,1,0
90987,3.284,98.90,324.00,1,1,0
90989,3.284,98.70,324.00,1,1,0
90992,3.288,98.70,324.00,1,1,0
91004,3.284,98.60,323.00,1,1,0
91007,3.284,99.40,326.00,1,1,0
91009,3.284,98.50,323.00,1,1,0
91012,3.284,99.40,329.00,1,1,0
91014,3.288,100.10,329.00,1,1,0
91017,3.284,90.40,297.00,1,1,0
91019,3.284,99.20,326.00,1,1,0
91022,3.284,99.10,326.00,1,1,0
91024,3.284,99.10,326.00,1,1,0
91027,3.284,99.00,326.00,1,1,0
91029,3.288,99.20,326.00,1,1,0
91032,3.288,100.80,331.00,1,0,1
91034,3.284,99.10,326.00,1,0,1
91037,3.284,101.60,323.00,1,1,0
91049,3.284,98.80,324.00,1,1,0
91052,3.288,99.10,326.00,1,1,0
91054,3.284,98.70,324.00,1,1,0
91057,3.284,99.00,324.00,1,1,0
91059,3.284,100.80,331.00,1,1,0
91062,3.288,101.60,334.00,1,1,0
91064,3.284,98.80,324.00,1,1,0
91067,3.284,98.60,324.00,1,1,0
91069,3.288,98.90,324.00,1,1,0
91072,3.284,101.40,329.00,1,1,0
91074,3.284,93.90,308.00,1,1,0
91076,3.284,98.70,324.00,1,1,0
91079,3.288,98.90,326.00,1,1,0
91081,3.288,99.80,324.00,1,1,0
91094,3.260,94.10,326.00,1,1,0
91097,3.284,99.10,326.00,1,1,0
91099,3.284,99.00,324.00,1,1,0
91101,3.284,98.60,326.00,1,1,0
91104,3.288,98.70,324.00,1,1,0
91106,3.284,98.80,324.00,1,1,0
91109,3.288,98.60,323.00,1,1,0
91111,3.284,98.80,324.00,1,1,0
91114,3.288,99.60,328.00,1,1,0
91116,3.288,100.00,329.00,1,1,0
91119,3.284,90.20,297.00,1,1,0
91121,3.284,98.90,324.00,1,1,0
91124,3.284,98.60,328.00,1,1,0
91126,3.284,99.10,326.00,1,1,0
91139,3.284,102.30,326.00,1,1,0
91141,3.288,99.10,326.00,1,0,1
91144,3.284,99.50,324.00,1,0,1
91146,3.284,99.40,326.00,1,1,0
91149,3.280,94.00,308.00,1,1,0
91151,3.288,98.50,324.00,1,1,0
91154,3.288,99.20,326.00,1,1,0
91156,3.284,98.80,324.00,1,1,0
91159,3.284,100.20,329.00,1,1,0
91161,3.288,99.60,326.00,1,1,0
91164,3.288,99.50,326.00,1,1,0
91166,3.284,98.50,323.00,1,1,0
91169,3.288,98.50,323.00,1,1,0
91171,3.284,98.70,324.00,1,1,0
91184,3.284,98.80,324.00,1,1,0
91186,3.284,98.70,324.00,1,1,0
91189,3.284,98.90,324.00,1,1,0
91191,3.284,99.20,324.00,1,1,0
91194,3.284,99.00,326.00,1,1,0
91196,3.288,98.90,324.00,1,0,1
91198,3.276,99.00,319.00,1,0,1
91201,3.288,98.60,324.00,1,1,0
