timestamp_ms,voltage_V,current_mA,power_mW,marker_ble,marker_wifi,marker_sleep
0,3.308,143.20,467.00,1,0,1
3,3.292,105.80,351.00,1,0,1
5,3.308,62.20,205.00,1,0,1
8,3.308,71.70,238.00,1,0,0
10,3.312,62.00,205.00,1,0,0
12,3.312,62.00,205.00,1,0,0
15,3.308,61.90,205.00,1,0,0
17,3.312,61.90,205.00,1,0,1
20,3.308,62.10,323.00,1,0,1
22,3.272,111.10,367.00,1,0,1
25,3.308,62.20,206.00,1,0,1
27,3.308,62.10,246.00,1,0,0
30,3.308,62.00,205.00,1,0,0
32,3.308,61.90,205.00,1,0,0
35,3.312,61.90,205.00,1,0,0
37,3.312,63.00,208.00,1,0,1
40,3.312,62.10,205.00,1,0,1
42,3.264,104.30,472.00,1,0,1
45,3.284,62.10,206.00,1,0,1
47,3.312,62.10,205.00,1,0,0
49,3.308,62.00,205.00,1,0,0
52,3.312,62.00,205.00,1,0,0
54,3.312,62.00,205.00,1,0,0
67,3.312,62.50,206.00,1,0,0
70,3.312,62.00,205.00,1,0,0
72,3.308,62.00,205.00,1,0,0
74,3.312,62.00,205.00,1,0,0
77,3.308,62.00,205.00,1,0,1
79,3.308,62.10,205.00,1,0,1
82,3.308,105.00,346.00,1,0,1
84,3.292,101.00,333.00,1,0,1
87,3.280,77.40,226.00,1,0,0
89,3.304,62.10,206.00,1,0,0
92,3.312,62.00,205.00,1,0,0
94,3.308,62.00,206.00,1,0,0
97,3.312,62.00,205.00,1,0,1
99,3.308,62.10,205.00,1,0,1
102,3.312,62.10,205.00,1,0,1
104,3.308,62.10,206.00,1,0,1
107,3.312,62.10,206.00,1,0,0
109,3.308,133.30,436.00,1,0,0
111,3.268,64.80,205.00,1,0,0
114,3.308,62.10,206.00,1,0,0
116,3.308,62.10,206.00,1,0,1
129,3.312,62.00,205.00,1,0,0
132,3.312,62.00,244.00,1,0,0
134,3.272,132.10,437.00,1,0,0
136,3.308,62.10,206.00,1,0,1
139,3.308,62.10,206.00,1,0,1
141,3.312,62.10,205.00,1,0,1
144,3.308,62.20,206.00,1,0,1
146,3.308,62.10,206.00,1,0,0
149,3.296,62.10,206.00,1,0,0
151,3.312,62.00,205.00,1,0,0
154,3.312,62.00,205.00,1,0,0
156,3.312,62.00,203.00,1,0,1
159,3.264,142.30,467.00,1,0,1
161,3.308,62.20,206.00,1,0,1
164,3.308,62.10,206.00,1,0,1
166,3.312,62.10,205.00,1,0,0
169,3.304,62.10,206.00,1,0,0
171,3.308,62.10,205.00,1,0,0
184,3.312,62.20,206.00,1,0,1
186,3.288,99.20,324.00,1,0,0
189,3.288,90.90,300.00,1,0,0
191,3.312,61.90,205.00,1,0,0
194,3.308,62.00,205.00,1,0,0
196,3.312,62.00,205.00,1,0,1
198,3.312,62.20,206.00,1,0,1
201,3.308,62.20,434.00,1,0,1
203,3.292,62.30,206.00,1,0,1
206,3.308,62.00,205.00,1,0,0
208,3.308,74.40,205.00,1,0,0
211,3.308,62.00,205.00,1,0,0
213,3.312,62.10,206.00,1,0,0
216,3.312,62.10,205.00,1,0,1
218,3.308,62.20,206.00,1,0,1
221,3.308,62.00,205.00,1,0,1
223,3.308,62.00,478.00,1,0,1
226,3.288,67.00,221.00,1,0,1
228,3.308,63.70,211.00,1,0,0
241,3.308,62.00,205.00,1,0,1
243,3.312,62.10,206.00,1,0,1
246,3.308,62.10,206.00,1,0,0
248,3.312,143.20,470.00,1,0,0
251,3.308,62.10,205.00,1,0,0
253,3.312,62.00,205.00,1,0,0
256,3.312,61.90,205.00,1,0,0
258,3.308,62.00,205.00,1,0,1
261,3.312,62.00,205.00,1,0,1
263,3.308,62.20,206.00,1,0,1
265,3.312,62.10,205.00,1,0,1
268,3.312,70.80,206.00,1,0,0
270,3.312,140.20,460.00,1,0,0
273,3.280,140.70,462.00,1,0,0
275,3.312,62.00,206.00,1,0,0
278,3.312,62.00,206.00,1,0,1
280,3.312,62.20,206.00,1,0,1
283,3.312,63.10,210.00,1,0,1
295,3.292,174.30,573.00,1,0,0
298,3.308,68.30,206.00,1,0,1
300,3.312,62.20,206.00,1,0,1
303,3.312,63.20,210.00,1,0,1
305,3.308,61.90,205.00,1,0,1
308,3.312,69.40,229.00,1,0,0
310,3.312,62.00,205.00,1,0,0
313,3.312,62.00,206.00,1,0,0
315,3.312,62.00,205.00,1,0,0
318,3.312,79.90,262.00,1,0,1
320,3.264,68.80,205.00,1,0,1
323,3.312,62.00,205.00,1,0,1
325,3.308,62.00,205.00,1,0,1
328,3.312,62.10,206.00,1,0,0
330,3.312,62.00,205.00,1,0,0
333,3.312,62.00,205.00,1,0,0
335,3.312,61.90,205.00,1,0,0
337,3.312,61.90,208.00,1,0,1
350,3.312,62.00,205.00,1,0,0
353,3.312,61.90,205.00,1,0,0
355,3.312,61.90,205.00,1,0,0
357,3.312,61.80,205.00,1,0,1
360,3.308,62.20,206.00,1,0,1
362,3.312,62.80,208.00,1,0,1
365,3.312,62.20,395.00,1,0,1
367,3.268,76.10,252.00,1,0,0
370,3.312,61.90,205.00,1,0,0
372,3.312,61.80,205.00,1,0,0
375,3.312,61.80,205.00,1,0,0
377,3.312,62.70,208.00,1,0,1
380,3.312,62.20,206.00,1,0,1
382,3.312,62.10,208.00,1,0,1
385,3.312,62.00,205.00,1,0,1
387,3.316,61.90,205.00,1,0,0
390,3.312,87.00,323.00,1,0,0
392,3.288,99.60,328.00,1,0,0
395,3.288,62.10,206.00,1,0,0
407,3.312,61.90,205.00,1,0,0
410,3.312,62.00,205.00,1,0,0
412,3.312,62.10,206.00,1,0,0
415,3.268,132.60,434.00,1,0,0
417,3.308,62.10,236.00,1,0,1
420,3.312,62.00,205.00,1,0,1
422,3.312,62.00,205.00,1,0,1
424,3.312,61.90,205.00,1,0,1
427,3.308,62.10,211.00,1,0,0
429,3.304,62.10,206.00,1,0,0
432,3.312,62.00,205.00,1,0,0
434,3.312,61.90,395.00,1,0,0
437,3.272,63.00,208.00,1,0,1
439,3.312,62.00,205.00,1,0,1
442,3.312,62.00,210.00,1,0,1
444,3.312,62.10,206.00,1,0,1
447,3.312,62.20,206.00,1,0,0
449,3.312,62.00,205.00,1,0,0
452,3.312,61.80,205.00,1,0,0
464,3.312,62.20,206.00,1,0,1
467,3.312,62.00,205.00,1,0,0
469,3.312,61.80,205.00,1,0,0
472,3.312,61.80,205.00,1,0,0
474,3.312,62.00,205.00,1,0,0
477,3.312,62.00,205.00,1,0,1
479,3.312,62.10,206.00,1,0,1
482,3.312,122.50,400.00,1,0,1
484,3.308,62.10,206.00,1,0,1
487,3.312,62.00,205.00,1,0,0
489,3.304,61.90,205.00,1,0,0
491,3.312,73.00,239.00,1,0,0
494,3.288,102.80,324.00,1,0,0
496,3.292,93.20,306.00,1,0,1
499,3.312,62.00,205.00,1,0,1
501,3.312,62.00,205.00,1,0,1
504,3.312,143.60,469.00,1,0,1
506,3.264,70.00,231.00,1,0,0
519,3.308,62.00,205.00,1,0,1
521,3.312,61.90,205.00,1,0,1
524,3.308,62.10,205.00,1,0,1
526,3.308,62.00,205.00,1,0,0
529,3.264,146.70,478.00,1,0,0
531,3.296,62.10,205.00,1,0,0
534,3.312,61.80,205.00,1,0,0
536,3.312,61.90,205.00,1,0,1
539,3.300,62.00,205.00,1,0,1
541,3.308,62.10,206.00,1,0,1
544,3.308,62.10,206.00,1,0,1
546,3.308,62.10,206.00,1,0,0
549,3.312,61.90,205.00,1,0,0
551,3.312,65.20,213.00,1,0,0
554,3.264,71.30,205.00,1,0,0
556,3.312,61.90,205.00,1,0,1
559,3.308,62.00,205.00,1,0,1
561,3.308,62.10,206.00,1,0,1
574,3.312,61.90,203.00,1,0,0
576,3.284,156.20,338.00,1,0,1
579,3.312,62.20,206.00,1,0,1
581,3.312,62.00,205.00,1,0,1
583,3.308,62.00,205.00,1,0,1
586,3.312,61.90,205.00,1,0,0
588,3.300,61.90,205.00,1,0,0
591,3.312,61.90,205.00,1,0,0
593,3.312,63.20,206.00,1,0,0
596,3.288,98.20,323.00,1,0,1
598,3.288,98.60,300.00,1,0,1
601,3.284,62.00,205.00,1,0,1
603,3.308,61.80,205.00,1,0,1
606,3.312,61.90,205.00,1,0,1
608,3.312,62.00,205.00,1,0,0
611,3.312,61.90,205.00,1,0,0
613,3.312,61.90,205.00,1,0,0
616,3.312,61.80,205.00,1,0,0
618,3.312,61.80,205.00,1,0,1
631,3.312,61.80,205.00,1,0,0
633,3.312,61.80,205.00,1,0,0
636,3.308,61.80,205.00,1,0,0
638,3.312,62.00,205.00,1,0,1
641,3.308,63.30,210.00,1,0,1
643,3.268,130.00,352.00,1,0,1
646,3.308,61.90,205.00,1,0,1
648,3.308,72.20,239.00,1,0,0
650,3.312,61.90,205.00,1,0,0
653,3.312,61.90,205.00,1,0,0
655,3.312,61.90,205.00,1,0,0
658,3.312,72.90,206.00,1,0,1
660,3.312,62.10,206.00,1,0,1
663,3.312,61.90,202.00,1,0,1
665,3.252,132.70,437.00,1,0,1
668,3.308,61.90,208.00,1,0,0
670,3.312,61.90,205.00,1,0,0
673,3.312,61.90,205.00,1,0,0
685,3.308,61.90,205.00,1,0,1
688,3.300,125.90,464.00,1,0,0
690,3.304,62.00,205.00,1,0,0
693,3.312,61.90,205.00,1,0,0
695,3.312,61.90,203.00,1,0,0
698,3.280,98.60,324.00,1,0,1
700,3.292,100.40,329.00,1,0,1
703,3.312,63.20,206.00,1,0,1
705,3.312,62.00,205.00,1,0,1
708,3.308,72.90,241.00,1,0,0
710,3.312,62.00,205.00,1,0,0
713,3.312,174.70,572.00,1,0,0
715,3.276,62.00,205.00,1,0,0
718,3.312,61.90,205.00,1,0,1
720,3.312,62.00,205.00,1,0,1
722,3.308,63.20,210.00,1,0,1
725,3.312,62.10,206.00,1,0,1
727,3.312,62.00,247.00,1,0,0
740,3.312,62.00,206.00,1,0,1
743,3.312,65.20,216.00,1,0,1
745,3.308,62.00,205.00,1,0,1
752,3.312,62.00,205.00,1,0,0
755,3.312,61.90,205.00,1,0,0
757,3.312,61.80,206.00,1,0,1
760,3.264,142.30,467.00,1,0,1
762,3.312,62.00,205.00,1,0,1
765,3.312,62.10,205.00,1,0,1
767,3.312,62.60,206.00,1,0,0
769,3.312,61.90,205.00,1,0,0
772,3.312,62.00,205.00,1,0,0
774,3.312,62.00,205.00,1,0,0
777,3.312,61.90,205.00,1,0,1
779,3.312,135.50,531.00,1,0,1
782,3.268,62.10,205.00,1,0,1
784,3.308,62.10,206.00,1,0,1
787,3.312,62.10,206.00,1,0,0
789,3.308,61.90,205.00,1,0,0
792,3.312,61.80,205.00,1,0,0
794,3.312,61.90,205.00,1,0,0
807,3.292,98.30,323.00,1,0,0
809,3.284,98.20,328.00,1,0,0
812,3.292,98.40,323.00,1,0,0
814,3.288,98.30,323.00,1,0,0
817,3.288,98.10,326.00,1,0,1
819,3.288,98.40,324.00,1,0,1
822,3.296,98.10,323.00,1,0,1
824,3.288,98.50,324.00,1,0,1
827,3.292,101.10,331.00,1,0,0
829,3.288,98.30,323.00,1,0,0
832,3.292,98.30,323.00,1,0,0
834,3.288,98.70,324.00,1,0,0
837,3.292,99.60,328.00,1,0,1
839,3.288,98.40,326.00,1,0,1
841,3.292,98.70,324.00,1,0,1
844,3.288,101.90,334.00,1,0,1
846,3.288,99.20,326.00,1,0,0
849,3.276,99.00,424.00,1,0,0
862,3.308,62.10,205.00,1,0,1
864,3.308,62.20,206.00,1,0,1
867,3.312,62.20,206.00,1,0,0
869,3.304,62.10,206.00,1,0,0
871,3.312,62.00,203.00,1,0,0
874,3.276,117.50,388.00,1,0,0
876,3.312,62.00,205.00,1,0,1
879,3.308,62.10,205.00,1,0,1
881,3.312,62.20,206.00,1,0,1
884,3.312,62.20,206.00,1,0,1
886,3.312,62.20,206.00,1,0,0
889,3.312,62.00,205.00,1,0,0
891,3.312,61.90,205.00,1,0,0
894,3.308,150.70,492.00,1,0,0
896,3.264,62.10,206.00,1,0,1
899,3.300,62.30,206.00,1,0,1
901,3.312,62.20,455.00,1,0,1
904,3.288,98.50,324.00,1,0,1
916,3.292,121.00,395.00,1,0,1
919,3.288,98.30,323.00,1,0,1
921,3.276,99.80,328.00,1,0,1
924,3.288,101.60,334.00,1,0,1
926,3.292,101.60,334.00,1,0,0
929,3.280,102.10,334.00,1,0,0
931,3.292,98.10,323.00,1,0,0
934,3.288,98.10,323.00,1,0,0
936,3.288,98.80,324.00,1,0,1
939,3.280,101.70,334.00,1,0,1
941,3.288,101.10,333.00,1,0,1
943,3.288,98.40,333.00,1,0,1
946,3.292,98.40,323.00,1,0,0
948,3.288,99.30,326.00,1,0,0
951,3.288,98.60,324.00,1,0,0
953,3.268,89.90,295.00,1,0,0
956,3.288,98.80,324.00,1,0,1
958,3.304,63.80,211.00,1,0,1
971,3.312,61.90,205.00,1,0,0
973,3.312,61.80,205.00,1,0,0
976,3.312,61.90,205.00,1,0,1
978,3.312,62.10,205.00,1,0,1
981,3.308,62.20,457.00,1,0,1
983,3.260,70.40,233.00,1,0,1
986,3.308,62.10,206.00,1,0,0
988,3.308,73.00,205.00,1,0,0
991,3.312,61.90,205.00,1,0,0
993,3.312,61.90,205.00,1,0,0
996,3.312,62.00,205.00,1,0,0
998,3.312,62.10,206.00,1,0,1
1001,3.312,62.00,205.00,1,0,1
1003,3.312,62.40,206.00,1,0,1
1006,3.288,98.60,334.00,1,0,1
1008,3.288,102.30,336.00,1,0,0
1010,3.312,62.10,206.00,1,0,0
1013,3.312,62.10,205.00,1,0,0
1026,3.312,62.00,460.00,1,0,1
1028,3.284,95.40,315.00,1,0,0
1031,3.312,62.20,206.00,1,0,0
1033,3.316,62.10,206.00,1,0,0
1035,3.312,62.00,205.00,1,0,0
1038,3.312,62.00,205.00,1,0,1
1040,3.308,62.00,205.00,1,0,1
1043,3.312,62.00,206.00,1,0,1
1045,3.312,62.20,206.00,1,0,1
1048,3.308,68.20,226.00,1,0,0
1050,3.312,64.70,203.00,1,0,0
1053,3.264,77.90,257.00,1,0,0
1055,3.312,62.90,208.00,1,0,0
1058,3.312,62.00,205.00,1,0,1
1060,3.308,62.20,206.00,1,0,1
1063,3.308,63.30,210.00,1,0,1
1075,3.312,62.10,205.00,1,0,0
1078,3.312,65.80,206.00,1,0,1
1080,3.312,62.30,206.00,1,0,1
1083,3.312,63.30,210.00,1,0,1
1085,3.308,61.90,205.00,1,0,1
1088,3.312,69.60,231.00,1,0,0
1090,3.312,62.00,205.00,1,0,0
1093,3.312,62.00,206.00,1,0,0
1095,3.312,146.50,478.00,1,0,0
1098,3.264,63.50,210.00,1,0,1
1100,3.308,62.20,206.00,1,0,1
1102,3.312,62.00,205.00,1,0,1
1105,3.312,62.00,205.00,1,0,1
1107,3.292,98.10,321.00,1,0,0
1110,3.288,98.10,313.00,1,0,0
1112,3.312,62.10,206.00,1,0,0
1125,3.312,62.10,206.00,1,0,1
1128,3.312,65.30,216.00,1,0,0
1130,3.312,62.20,206.00,1,0,0
1132,3.312,62.00,205.00,1,0,0
1135,3.312,61.90,205.00,1,0,0
1137,3.312,61.90,206.00,1,0,1
1140,3.312,96.70,315.00,1,0,1
1142,3.304,63.60,210.00,1,0,1
1145,3.312,62.20,206.00,1,0,1
1147,3.312,74.70,247.00,1,0,0
1150,3.312,62.00,205.00,1,0,0
1152,3.312,61.90,205.00,1,0,0
1155,3.312,61.90,205.00,1,0,0
1157,3.312,63.20,210.00,1,0,1
1160,3.312,62.10,205.00,1,0,1
1162,3.312,62.20,208.00,1,0,1
1175,3.312,62.00,205.00,1,0,0
1177,3.312,62.90,208.00,1,0,1
1180,3.312,62.10,206.00,1,0,1
1182,3.312,62.10,206.00,1,0,1
1185,3.312,62.00,205.00,1,0,1
1187,3.308,62.00,205.00,1,0,0
1190,3.272,119.20,206.00,1,0,0
1192,3.312,62.10,206.00,1,0,0
1195,3.308,62.10,206.00,1,0,0
1197,3.312,62.10,238.00,1,0,1
1199,3.312,62.10,206.00,1,0,1
1202,3.312,62.00,205.00,1,0,1
1204,3.312,62.00,205.00,1,0,1
1207,3.308,62.00,208.00,1,0,0
1209,3.300,99.80,328.00,1,0,0
1212,3.288,98.30,323.00,1,0,0
1225,3.308,62.00,205.00,1,0,1
1227,3.312,62.10,236.00,1,0,0
1229,3.304,62.00,205.00,1,0,0
1232,3.312,102.10,334.00,1,0,0
1234,3.268,109.50,205.00,1,0,0
1237,3.312,61.80,205.00,1,0,1
1239,3.308,62.00,205.00,1,0,1
1242,3.308,62.00,208.00,1,0,1
1244,3.308,62.00,205.00,1,0,1
1247,3.312,62.00,205.00,1,0,0
1249,3.308,61.90,205.00,1,0,0
1252,3.312,61.80,203.00,1,0,0
1254,3.296,119.40,390.00,1,0,0
1257,3.312,62.00,205.00,1,0,1
1259,3.304,62.10,208.00,1,0,1
1272,3.312,61.80,205.00,1,0,0
1274,3.312,140.10,457.00,1,0,0
1277,3.252,71.80,238.00,1,0,1
1279,3.312,62.10,205.00,1,0,1
1282,3.312,62.00,205.00,1,0,1
1284,3.308,61.90,205.00,1,0,1
1287,3.312,61.90,205.00,1,0,0
1289,3.300,61.90,205.00,1,0,0
1292,3.312,61.90,205.00,1,0,0
1294,3.312,61.90,205.00,1,0,0
1296,3.312,122.40,400.00,1,0,1
1299,3.264,62.10,205.00,1,0,1
1301,3.308,61.90,205.00,1,0,1
1304,3.312,61.90,205.00,1,0,1
1306,3.312,62.00,205.00,1,0,0
1309,3.308,61.90,205.00,1,0,0
1321,3.264,112.30,367.00,1,0,1
1324,3.304,62.10,206.00,1,0,1
1326,3.312,62.20,206.00,1,0,0
1329,3.312,62.00,205.00,1,0,0
1331,3.312,62.00,205.00,1,0,0
1334,3.312,61.90,205.00,1,0,0
1336,3.312,61.90,205.00,1,0,1
1339,3.312,62.00,205.00,1,0,1
1341,3.308,62.10,206.00,1,0,1
1344,3.312,62.10,206.00,1,0,1
1346,3.276,95.40,259.00,1,0,0
1349,3.308,61.90,205.00,1,0,0
1351,3.312,61.90,205.00,1,0,0
1354,3.312,61.90,205.00,1,0,0
1356,3.312,62.00,205.00,1,0,1
1359,3.308,62.00,205.00,1,0,1
1371,3.264,62.10,206.00,1,0,0
1374,3.312,62.00,205.00,1,0,0
1376,3.312,62.00,205.00,1,0,1
1379,3.312,62.10,206.00,1,0,1
1381,3.308,62.10,206.00,1,0,1
1384,3.312,61.90,205.00,1,0,1
1386,3.312,62.00,205.00,1,0,0
1389,3.304,62.00,205.00,1,0,0
1391,3.312,62.00,203.00,1,0,0
1393,3.288,138.60,459.00,1,0,0
1396,3.312,62.00,205.00,1,0,1
1398,3.308,62.00,205.00,1,0,1
1401,3.308,62.10,206.00,1,0,1
1403,3.312,62.10,206.00,1,0,1
1406,3.312,62.00,205.00,1,0,0
1408,3.312,73.50,206.00,1,0,0
1421,3.312,62.10,205.00,1,0,1
1423,3.312,62.10,205.00,1,0,1
1426,3.308,62.00,205.00,1,0,0
1428,3.308,76.10,205.00,1,0,0
1431,3.312,61.90,205.00,1,0,0
1433,3.312,61.90,205.00,1,0,0
1436,3.312,62.00,401.00,1,0,1
1438,3.272,62.20,206.00,1,0,1
1441,3.312,62.20,206.00,1,0,1
1443,3.308,62.10,206.00,1,0,1
1446,3.312,62.10,206.00,1,0,1
1448,3.300,64.90,215.00,1,0,0
1451,3.312,62.00,205.00,1,0,0
1453,3.308,62.00,205.00,1,0,0
1456,3.312,62.00,205.00,1,0,0
1458,3.312,62.80,208.00,1,0,1
1471,3.312,62.00,205.00,1,0,0
1473,3.312,62.00,205.00,1,0,0
1476,3.312,62.00,205.00,1,0,0
1478,3.312,62.00,205.00,1,0,1
1481,3.312,62.10,205.00,1,0,1
1483,3.308,122.40,401.00,1,0,1
1486,3.280,62.20,206.00,1,0,1
1488,3.312,70.30,205.00,1,0,0
1490,3.312,62.00,205.00,1,0,0
1493,3.308,62.00,205.00,1,0,0
1495,3.312,61.90,205.00,1,0,0
1498,3.312,62.10,205.00,1,0,1
1500,3.308,62.10,205.00,1,0,1
1503,3.312,62.70,392.00,1,0,1
1505,3.260,62.60,208.00,1,0,1
1508,3.312,75.00,249.00,1,0,0
1520,3.296,62.10,206.00,1,0,1
1523,3.312,63.10,210.00,1,0,1
1525,3.312,62.00,205.00,1,0,1
1528,3.308,151.00,498.00,1,0,0
1530,3.312,62.00,205.00,1,0,0
1533,3.312,62.10,205.00,1,0,0
1535,3.312,62.00,205.00,1,0,0
1538,3.312,63.40,210.00,1,0,1
1540,3.312,62.00,205.00,1,0,1
1543,3.308,62.00,205.00,1,0,1
1545,3.308,62.00,205.00,1,0,1
1548,3.308,67.70,467.00,1,0,0
1550,3.264,62.00,205.00,1,0,0
1553,3.312,62.00,205.00,1,0,0
1555,3.312,61.90,205.00,1,0,0
1558,3.312,67.90,224.00,1,0,1
1570,3.312,61.90,205.00,1,0,0
1573,3.312,88.20,287.00,1,0,0
1575,3.312,62.00,205.00,1,0,0
1578,3.312,62.00,205.00,1,0,1
1580,3.312,62.20,206.00,1,0,1
1583,3.312,63.10,210.00,1,0,1
1585,3.312,62.10,205.00,1,0,1
1587,3.308,74.30,246.00,1,0,0
1590,3.308,61.80,205.00,1,0,0
1592,3.312,61.90,205.00,1,0,0
1595,3.312,142.90,472.00,1,0,0
1597,3.312,63.20,210.00,1,0,1
1600,3.312,62.10,206.00,1,0,1
1602,3.312,63.00,208.00,1,0,1
1605,3.312,62.00,205.00,1,0,1
1607,3.312,62.00,231.00,1,0,0
1620,3.288,98.30,323.00,1,0,1
1622,3.288,102.90,298.00,1,0,1
1625,3.288,62.00,205.00,1,0,1
1627,3.312,62.00,205.00,1,0,0
1630,3.312,62.00,205.00,1,0,0
1632,3.312,62.00,205.00,1,0,0
1635,3.312,61.90,205.00,1,0,0
1637,3.296,123.70,469.00,1,0,1
1640,3.284,62.10,206.00,1,0,1
1642,3.312,62.00,205.00,1,0,1
1645,3.312,61.90,205.00,1,0,1
1647,3.308,63.80,211.00,1,0,0
1650,3.312,62.00,205.00,1,0,0
1652,3.312,62.00,205.00,1,0,0
1655,3.312,61.80,205.00,1,0,0
1657,3.312,61.80,205.00,1,0,1
1670,3.312,61.90,205.00,1,0,0
1672,3.312,61.80,205.00,1,0,0
1675,3.312,61.80,205.00,1,0,0
1677,3.312,61.90,205.00,1,0,1
1680,3.312,62.20,206.00,1,0,1
1682,3.288,104.20,395.00,1,0,1
1684,3.284,62.00,205.00,1,0,1
1687,3.308,62.00,205.00,1,0,0
1689,3.312,61.80,205.00,1,0,0
1692,3.312,61.80,205.00,1,0,0
1694,3.312,62.00,205.00,1,0,0
1697,3.308,62.10,208.00,1,0,1
1699,3.312,62.10,206.00,1,0,1
1702,3.308,62.00,205.00,1,0,1
1704,3.312,61.90,401.00,1,0,1
1707,3.288,62.00,205.00,1,0,0
1719,3.312,61.90,203.00,1,0,1
1722,3.284,99.50,326.00,1,0,1
1724,3.288,95.80,315.00,1,0,1
1727,3.288,82.70,360.00,1,0,0
1729,3.256,62.20,206.00,1,0,0
1732,3.312,62.00,205.00,1,0,0
1734,3.312,62.00,205.00,1,0,0
1737,3.312,61.90,205.00,1,0,1
1739,3.312,61.90,205.00,1,0,1
1742,3.312,61.90,205.00,1,0,1
1744,3.312,62.10,206.00,1,0,1
1747,3.312,62.10,206.00,1,0,0
1749,3.308,62.10,205.00,1,0,0
1752,3.316,140.70,462.00,1,0,0
1754,3.264,70.80,234.00,1,0,0
1756,3.312,61.90,205.00,1,0,1
1769,3.312,61.80,205.00,1,0,0
1772,3.312,61.80,205.00,1,0,0
1774,3.308,114.00,372.00,1,0,0
1777,3.252,82.30,272.00,1,0,1
1779,3.308,62.10,205.00,1,0,1
1782,3.308,62.10,206.00,1,0,1
1784,3.308,62.00,205.00,1,0,1
1786,3.308,61.90,205.00,1,0,0
1789,3.308,61.90,205.00,1,0,0
1791,3.312,61.90,205.00,1,0,0
1794,3.312,61.90,205.00,1,0,0
1796,3.312,62.00,205.00,1,0,1
1799,3.308,140.50,459.00,1,0,1
1801,3.284,63.60,206.00,1,0,1
1804,3.312,61.90,205.00,1,0,1
1806,3.312,61.90,205.00,1,0,0
1819,3.312,62.00,205.00,1,0,1
1821,3.312,61.90,205.00,1,0,1
1824,3.268,110.50,324.00,1,0,1
1826,3.292,98.20,323.00,1,0,0
1829,3.292,62.10,206.00,1,0,0
1831,3.312,62.10,205.00,1,0,0
1834,3.312,61.80,205.00,1,0,0
1836,3.312,61.80,205.00,1,0,1
1839,3.312,61.90,205.00,1,0,1
1841,3.308,62.00,205.00,1,0,1
1844,3.312,62.00,205.00,1,0,1
1846,3.312,62.10,403.00,1,0,0
1849,3.268,62.50,206.00,1,0,0
1851,3.312,61.90,205.00,1,0,0
1853,3.312,61.80,205.00,1,0,0
1856,3.312,61.80,205.00,1,0,1
1869,3.308,112.40,367.00,1,0,0
1871,3.260,61.90,205.00,1,0,0
1874,3.312,62.00,205.00,1,0,0
1876,3.312,62.00,205.00,1,0,1
1879,3.312,62.10,206.00,1,0,1
1881,3.312,62.10,206.00,1,0,1
1883,3.308,62.00,205.00,1,0,1
1886,3.312,61.90,205.00,1,0,0
1888,3.304,63.40,210.00,1,0,0
1891,3.312,61.90,205.00,1,0,0
1893,3.312,143.70,469.00,1,0,0
1896,3.312,62.10,206.00,1,0,1
1898,3.312,62.60,205.00,1,0,1
1901,3.308,61.90,205.00,1,0,1
1903,3.308,61.90,205.00,1,0,1
1906,3.308,61.90,205.00,1,0,1
1918,3.304,63.10,205.00,1,0,1
1921,3.308,62.00,205.00,1,0,1
1923,3.312,62.00,205.00,1,0,1
1926,3.300,101.00,333.00,1,0,0
1928,3.292,108.80,323.00,1,0,0
1931,3.288,62.00,205.00,1,0,0
1933,3.312,62.00,205.00,1,0,0
1936,3.312,61.90,203.00,1,0,0
1938,3.280,119.30,392.00,1,0,1
1941,3.308,62.10,205.00,1,0,1
1943,3.308,63.40,205.00,1,0,1
1946,3.308,62.10,206.00,1,0,1
1948,3.308,75.20,249.00,1,0,0
1950,3.312,61.90,205.00,1,0,0
1953,3.308,61.80,205.00,1,0,0
1966,3.308,62.00,205.00,1,0,1
1968,3.312,65.00,215.00,1,0,0
1971,3.312,61.90,205.00,1,0,0
1973,3.312,62.00,205.00,1,0,0
1975,3.308,62.00,205.00,1,0,0
1978,3.312,72.50,241.00,1,0,1
1980,3.264,105.40,433.00,1,0,1
1983,3.280,62.10,205.00,1,0,1
1985,3.308,62.00,205.00,1,0,1
1988,3.308,62.50,205.00,1,0,0
1990,3.308,62.00,205.00,1,0,0
1993,3.308,62.00,205.00,1,0,0
1995,3.312,62.00,205.00,1,0,0
1998,3.312,62.00,205.00,1,0,1
2000,3.308,62.00,205.00,1,0,1
2003,3.292,110.40,392.00,1,0,1
2015,3.308,62.00,205.00,1,0,0
2018,3.312,61.90,205.00,1,0,1
2020,3.312,62.00,205.00,1,0,1
2023,3.312,62.70,208.00,1,0,1
2025,3.312,62.10,342.00,1,0,1
2028,3.264,116.80,383.00,1,0,0
2030,3.288,98.40,324.00,1,0,0
2033,3.292,91.00,205.00,1,0,0
2035,3.312,61.90,205.00,1,0,0
2038,3.312,66.10,218.00,1,0,1
2040,3.312,62.10,206.00,1,0,1
2043,3.312,62.90,208.00,1,0,1
2045,3.308,62.10,206.00,1,0,1
2047,3.312,62.00,477.00,1,0,0
2050,3.280,111.30,369.00,1,0,0
2052,3.312,62.00,205.00,1,0,0
2065,3.312,62.00,205.00,1,0,1
2068,3.312,61.90,205.00,1,0,0
2070,3.308,61.90,205.00,1,0,0
2072,3.312,140.90,462.00,1,0,0
2075,3.264,69.50,229.00,1,0,0
2077,3.308,61.90,205.00,1,0,1
2080,3.308,62.00,205.00,1,0,1
2082,3.308,62.00,205.00,1,0,1
2085,3.308,62.00,205.00,1,0,1
2087,3.308,65.40,216.00,1,0,0
2090,3.312,61.90,205.00,1,0,0
2092,3.312,61.90,205.00,1,0,0
2095,3.300,139.80,462.00,1,0,0
2097,3.312,61.90,205.00,1,0,1
2100,3.308,62.00,206.00,1,0,1
2102,3.308,63.00,208.00,1,0,1
2115,3.312,61.90,205.00,1,0,0
2117,3.260,120.30,395.00,1,0,1
2120,3.312,62.10,206.00,1,0,1
2122,3.312,63.20,210.00,1,0,1
2125,3.312,62.00,205.00,1,0,1
2127,3.308,62.00,205.00,1,0,0
2130,3.312,61.90,339.00,1,0,0
2132,3.292,98.00,323.00,1,0,0
2135,3.288,80.70,267.00,1,0,0
2137,3.312,62.00,208.00,1,0,1
2140,3.312,140.40,457.00,1,0,1
2142,3.260,73.00,241.00,1,0,1
2144,3.312,62.10,206.00,1,0,1
2147,3.312,62.00,205.00,1,0,0
2149,3.308,62.00,205.00,1,0,0
2152,3.312,62.00,205.00,1,0,0
2165,3.272,87.00,205.00,1,0,1
2167,3.312,63.80,211.00,1,0,0
2169,3.312,62.00,205.00,1,0,0
2172,3.312,62.00,205.00,1,0,0
2174,3.312,61.90,205.00,1,0,0
2177,3.312,62.00,205.00,1,0,1
2179,3.312,62.00,205.00,1,0,1
2182,3.308,62.90,206.00,1,0,1
2184,3.312,120.40,396.00,1,0,1
2187,3.276,90.70,300.00,1,0,0
2189,3.308,62.00,205.00,1,0,0
2192,3.312,61.90,205.00,1,0,0
2194,3.312,61.90,205.00,1,0,0
2197,3.312,61.90,205.00,1,0,1
2199,3.312,62.10,206.00,1,0,1
2202,3.312,62.00,205.00,1,0,1
2214,3.312,62.00,205.00,1,0,0
2217,3.312,62.00,226.00,1,0,1
2219,3.304,62.00,205.00,1,0,1
2222,3.312,62.10,206.00,1,0,1
2224,3.308,61.90,205.00,1,0,1
2227,3.312,62.00,205.00,1,0,0
2229,3.304,61.90,205.00,1,0,0
2232,3.312,62.00,205.00,1,0,0
2234,3.288,109.50,333.00,1,0,0
2237,3.288,91.10,300.00,1,0,1
2239,3.312,62.10,205.00,1,0,1
2241,3.308,62.00,205.00,1,0,1
2244,3.308,62.10,205.00,1,0,1
2246,3.308,62.10,206.00,1,0,0
2249,3.296,62.10,206.00,1,0,0
2251,3.312,62.00,205.00,1,0,0
2264,3.312,62.20,206.00,1,0,1
2267,3.312,62.20,206.00,1,0,0
2269,3.304,62.10,205.00,1,0,0
2271,3.312,61.90,205.00,1,0,0
2274,3.312,61.90,205.00,1,0,0
2276,3.312,61.90,205.00,1,0,1
2279,3.300,62.10,205.00,1,0,1
2281,3.308,121.70,401.00,1,0,1
2284,3.312,63.10,210.00,1,0,1
2286,3.312,62.10,205.00,1,0,0
2289,3.308,61.90,205.00,1,0,0
2291,3.312,61.90,205.00,1,0,0
2294,3.312,62.00,205.00,1,0,0
2296,3.312,62.10,206.00,1,0,1
2299,3.308,62.10,206.00,1,0,1
2301,3.312,62.10,206.00,1,0,1
2314,3.312,62.10,206.00,1,0,0
2316,3.316,62.10,206.00,1,0,1
2319,3.312,62.10,206.00,1,0,1
2321,3.312,62.00,205.00,1,0,1
2324,3.312,62.00,205.00,1,0,1
2326,3.272,119.80,392.00,1,0,1
2329,3.312,62.20,206.00,1,0,1
2331,3.312,62.20,206.00,1,0,0
2334,3.308,62.10,206.00,1,0,0
2336,3.288,98.40,333.00,1,0,0
2338,3.288,98.00,321.00,1,0,0
2341,3.288,61.80,205.00,1,0,1
2343,3.304,62.00,205.00,1,0,1
2346,3.312,62.10,206.00,1,0,1
2348,3.312,62.10,206.00,1,0,1
2351,3.260,137.10,452.00,1,0,0
2364,3.312,62.10,206.00,1,0,1
2366,3.312,62.10,205.00,1,0,1
2368,3.312,62.00,205.00,1,0,1
2371,3.272,125.00,408.00,1,0,0
2373,3.308,69.40,205.00,1,0,0
2376,3.312,61.90,205.00,1,0,0
2378,3.312,62.00,205.00,1,0,0
2381,3.312,62.00,205.00,1,0,1
2383,3.312,62.00,205.00,1,0,1
2386,3.312,62.70,208.00,1,0,1
2388,3.308,61.90,205.00,1,0,1
2391,3.312,61.90,205.00,1,0,1
2393,3.312,122.50,401.00,1,0,0
2396,3.284,62.10,206.00,1,0,0
2398,3.312,62.00,205.00,1,0,0
2401,3.312,62.00,205.00,1,0,0
2413,3.312,117.30,385.00,1,0,0
2416,3.276,93.00,308.00,1,0,0
2418,3.312,62.00,205.00,1,0,0
2421,3.312,61.80,205.00,1,0,0
2423,3.312,61.90,205.00,1,0,1
2426,3.312,61.90,205.00,1,0,1
2428,3.308,62.10,206.00,1,0,1
2431,3.312,62.10,206.00,1,0,1
2433,3.312,73.70,205.00,1,0,0
2436,3.312,61.80,205.00,1,0,0
2438,3.272,101.50,334.00,1,0,0
2440,3.292,101.30,308.00,1,0,0
2443,3.292,62.00,205.00,1,0,1
2445,3.308,62.10,206.00,1,0,1
2448,3.312,63.10,210.00,1,0,1
2460,3.312,62.00,203.00,1,0,0
2463,3.264,95.90,206.00,1,0,1
2465,3.312,62.20,206.00,1,0,1
2468,3.308,62.00,205.00,1,0,1
2470,3.308,61.90,205.00,1,0,1
2473,3.308,64.90,215.00,1,0,0
2475,3.312,61.90,205.00,1,0,0
2478,3.312,62.00,205.00,1,0,0
2480,3.312,62.00,205.00,1,0,0
2483,3.312,62.70,208.00,1,0,1
2485,3.312,61.90,470.00,1,0,1
2488,3.276,130.20,223.00,1,0,1
2490,3.308,62.00,205.00,1,0,1
2493,3.312,63.60,210.00,1,0,0
2495,3.312,62.00,205.00,1,0,0
2498,3.312,62.00,205.00,1,0,0
2510,3.312,119.40,392.00,1,0,1
2513,3.312,70.40,233.00,1,0,0
2515,3.312,62.00,205.00,1,0,0
2518,3.308,61.80,205.00,1,0,0
2520,3.312,61.80,205.00,1,0,0
2523,3.312,61.80,205.00,1,0,1
2525,3.312,62.00,205.00,1,0,1
2528,3.308,62.80,208.00,1,0,1
2530,3.312,62.10,378.00,1,0,1
2532,3.272,76.70,254.00,1,0,0
2535,3.308,61.90,205.00,1,0,0
2537,3.312,61.90,205.00,1,0,0
2540,3.308,62.60,323.00,1,0,0
2542,3.288,99.50,328.00,1,0,1
2545,3.288,81.90,272.00,1,0,1
2547,3.308,62.20,208.00,1,0,1
2560,3.312,62.20,206.00,1,0,0
2562,3.312,63.60,210.00,1,0,1
2565,3.312,62.10,205.00,1,0,1
2567,3.312,62.00,205.00,1,0,1
2570,3.312,62.00,205.00,1,0,1
2572,3.308,62.00,205.00,1,0,0
2575,3.308,62.10,205.00,1,0,0
2577,3.312,122.30,401.00,1,0,0
2580,3.292,101.10,334.00,1,0,0
2582,3.312,62.00,224.00,1,0,1
2585,3.312,62.00,205.00,1,0,1
2587,3.312,62.00,205.00,1,0,1
2590,3.312,62.10,206.00,1,0,1
2592,3.308,62.10,223.00,1,0,0
2595,3.304,62.10,206.00,1,0,0
2597,3.312,62.10,205.00,1,0,0
2610,3.308,62.20,206.00,1,0,1
2612,3.308,62.10,247.00,1,0,0
2615,3.312,62.00,205.00,1,0,0
2617,3.312,61.90,205.00,1,0,0
2620,3.312,61.90,205.00,1,0,0
2622,3.312,62.60,208.00,1,0,1
2625,3.308,62.20,203.00,1,0,1
2627,3.284,157.10,211.00,1,0,1
2629,3.308,62.20,206.00,1,0,1
2632,3.312,62.10,205.00,1,0,0
2634,3.312,61.90,205.00,1,0,0
2637,3.312,61.90,205.00,1,0,0
2639,3.312,62.10,206.00,1,0,0
2642,3.312,62.00,203.00,1,0,1
2644,3.292,98.90,324.00,1,0,1
2647,3.288,96.70,318.00,1,0,1
2659,3.312,62.00,205.00,1,0,0
2662,3.312,62.10,206.00,1,0,1
2664,3.308,62.10,205.00,1,0,1
2667,3.308,61.90,205.00,1,0,1
2669,3.308,61.90,205.00,1,0,1
2672,3.308,62.10,211.00,1,0,0
2674,3.308,104.00,339.00,1,0,0
2677,3.312,62.10,205.00,1,0,0
2679,3.312,62.00,205.00,1,0,0
2682,3.312,62.00,205.00,1,0,1
2684,3.308,62.00,205.00,1,0,1
2687,3.308,62.10,208.00,1,0,1
2689,3.308,62.00,205.00,1,0,1
2692,3.308,62.00,205.00,1,1,0
2694,3.308,65.90,218.00,1,1,0
2696,3.308,66.00,218.00,1,1,0
2709,3.292,98.40,326.00,1,1,0
2712,3.292,98.50,324.00,1,1,0
2714,3.288,98.40,323.00,1,1,0
2717,3.288,98.50,324.00,1,1,0
2719,3.292,98.60,324.00,1,1,0
2722,3.292,98.10,323.00,1,1,0
2724,3.288,98.30,324.00,1,1,0
2726,3.292,98.30,324.00,1,1,0
2729,3.292,98.90,324.00,1,1,0
2731,3.292,99.20,333.00,1,1,0
2734,3.292,98.40,323.00,1,1,0
2736,3.292,101.50,334.00,1,1,0
2739,3.288,98.40,324.00,1,1,0
2741,3.292,98.50,324.00,1,1,0
2744,3.284,98.30,319.00,1,1,0
2746,3.288,91.40,300.00,1,1,0
2763,3.292,102.20,336.00,1,1,0
2766,3.292,102.40,621.00,1,1,0
2768,3.280,91.30,300.00,1,1,0
2771,3.288,91.20,300.00,1,1,0
2773,3.288,91.40,300.00,1,1,0
2776,3.288,91.50,301.00,1,1,0
2778,3.288,91.40,300.00,1,1,0
2780,3.292,98.70,324.00,1,1,0
2783,3.288,101.80,336.00,1,1,0
2785,3.292,99.40,328.00,1,1,0
2788,3.288,100.70,331.00,1,1,0
2790,3.292,103.10,339.00,1,1,0
2793,3.292,97.80,323.00,1,1,0
2795,3.288,99.00,295.00,1,1,0
2798,3.288,94.80,311.00,1,1,0
2810,3.292,99.90,326.00,1,1,0
2813,3.292,98.50,324.00,1,1,0
2815,3.292,99.00,326.00,1,1,0
2818,3.280,102.90,338.00,1,1,0
2820,3.296,102.10,336.00,1,1,0
2823,3.292,102.60,338.00,1,1,0
2825,3.288,102.30,336.00,1,1,0
2828,3.276,102.20,333.00,1,1,0
2830,3.288,91.20,300.00,1,1,0
2833,3.288,91.30,300.00,1,1,0
2835,3.292,91.30,300.00,1,1,0
2838,3.288,91.30,300.00,1,1,0
2840,3.288,91.30,301.00,1,1,0
2843,3.288,100.40,331.00,1,1,0
2845,3.280,98.70,324.00,1,1,0
2858,3.292,99.50,328.00,1,1,0
2860,3.296,102.00,336.00,1,1,0
2863,3.292,98.50,336.00,1,1,0
2865,3.292,101.90,336.00,1,1,0
2868,3.288,98.30,324.00,1,1,0
2870,3.288,98.30,310.00,1,1,0
2873,3.288,98.60,324.00,1,1,0
2875,3.288,98.60,324.00,1,1,0
2878,3.292,100.30,339.00,1,1,0
2880,3.292,103.20,339.00,1,1,0
2882,3.276,102.40,336.00,1,1,0
2885,3.288,102.30,336.00,1,1,0
2887,3.292,102.10,334.00,1,1,0
2890,3.292,101.10,328.00,1,1,0
2892,3.288,91.20,300.00,1,1,0
2905,3.292,98.60,324.00,1,1,0
2908,3.292,98.80,326.00,1,1,0
2910,3.292,98.50,324.00,1,1,0
2912,3.292,102.00,323.00,1,1,0
2915,3.288,98.90,326.00,1,1,0
2917,3.292,101.40,333.00,1,1,0
2920,3.288,98.30,324.00,1,1,0
2922,3.292,98.50,329.00,1,1,0
2925,3.292,98.30,323.00,1,1,0
2927,3.288,98.20,323.00,1,1,0
2930,3.292,101.90,336.00,1,1,0
2932,3.292,99.00,326.00,1,1,0
2935,3.292,99.10,326.00,1,1,0
2937,3.292,99.40,324.00,1,1,0
2940,3.292,103.10,338.00,1,1,0
2952,3.288,93.80,308.00,1,1,0
2955,3.288,93.80,308.00,1,1,0
2957,3.288,93.70,308.00,1,1,0
2960,3.288,93.80,308.00,1,1,0
2962,3.288,95.60,315.00,1,1,0
2965,3.288,98.70,334.00,1,1,0
2967,3.292,101.70,334.00,1,1,0
2970,3.292,101.50,334.00,1,1,0
2972,3.292,98.50,326.00,1,1,0
2975,3.292,98.60,324.00,1,1,0
2977,3.288,98.30,324.00,1,1,0
2980,3.292,98.30,324.00,1,1,0
2982,3.292,98.50,324.00,1,1,0
2985,3.292,101.90,336.00,1,1,0
2987,3.292,99.60,328.00,1,1,0
2989,3.292,101.80,336.00,1,1,0
3002,3.288,104.50,301.00,1,1,0
3005,3.268,91.20,300.00,1,1,0
3007,3.288,98.40,324.00,1,1,0
3010,3.292,103.80,324.00,1,1,0
3012,3.292,102.20,336.00,1,1,0
3014,3.284,98.50,324.00,1,1,0
3017,3.292,99.10,326.00,1,1,0
3019,3.292,98.60,324.00,1,1,0
3022,3.288,98.50,324.00,1,1,0
3024,3.288,98.30,324.00,1,1,0
3027,3.288,102.70,338.00,1,1,0
3029,3.280,102.40,338.00,1,1,0
3032,3.292,98.50,324.00,1,1,0
3034,3.292,99.40,334.00,1,1,0
3037,3.288,98.40,323.00,1,1,0
3049,3.292,99.30,328.00,1,1,0
3052,3.292,115.20,377.00,1,0,1
3054,3.292,98.50,347.00,1,0,1
3057,3.260,91.20,298.00,1,0,0
3059,3.272,98.70,324.00,1,0,0
3062,3.292,98.40,323.00,1,0,0
3064,3.292,100.00,329.00,1,0,0
3067,3.284,98.60,324.00,1,0,1
3069,3.292,102.60,324.00,1,0,1
3072,3.292,98.50,324.00,1,0,1
3074,3.288,103.10,339.00,1,0,1
3077,3.292,96.90,324.00,1,0,1
3079,3.292,98.30,323.00,1,0,0
3082,3.288,98.90,326.00,1,0,0
3084,3.292,99.30,324.00,1,0,0
3097,3.288,98.50,324.00,1,0,0
3099,3.292,107.90,326.00,1,0,0
3102,3.288,101.80,333.00,1,0,0
3104,3.288,89.80,295.00,1,0,0
3107,3.288,100.00,326.00,1,0,0
3109,3.304,62.20,206.00,1,0,1
3112,3.312,62.30,206.00,1,0,1
3114,3.312,63.50,206.00,1,0,1
3117,3.312,62.10,206.00,1,0,1
3119,3.308,78.50,261.00,1,0,0
3121,3.312,62.00,205.00,1,0,0
3124,3.312,119.70,392.00,1,0,0
3126,3.312,62.20,206.00,1,0,0
3129,3.312,63.50,206.00,1,0,1
3131,3.312,62.10,206.00,1,0,1
3144,3.312,62.00,205.00,1,0,0
3146,3.312,112.80,367.00,1,0,0
3149,3.280,63.40,210.00,1,0,1
3151,3.312,62.00,205.00,1,0,1
3154,3.308,100.40,331.00,1,0,1
3156,3.288,98.90,324.00,1,0,1
3159,3.288,94.10,211.00,1,0,0
3161,3.312,62.10,206.00,1,0,0
3164,3.312,62.10,206.00,1,0,0
3166,3.312,62.10,405.00,1,0,0
3169,3.264,99.80,331.00,1,0,1
3171,3.308,62.10,206.00,1,0,1
3174,3.312,62.10,206.00,1,0,1
3176,3.312,62.20,206.00,1,0,1
3179,3.308,67.70,224.00,1,0,0
3181,3.312,62.10,206.00,1,0,0
3194,3.312,63.30,210.00,1,0,1
3196,3.308,62.20,206.00,1,0,1
3199,3.312,74.30,246.00,1,0,0
3201,3.308,62.00,205.00,1,0,0
3204,3.312,61.90,205.00,1,0,0
3206,3.312,61.90,205.00,1,0,0
3209,3.312,62.80,208.00,1,0,1
3211,3.280,143.80,234.00,1,0,1
3213,3.308,63.40,210.00,1,0,1
3216,3.308,62.10,206.00,1,0,1
3218,3.308,62.00,234.00,1,0,0
3221,3.312,61.80,205.00,1,0,0
3223,3.308,62.00,205.00,1,0,0
3226,3.312,62.00,206.00,1,0,0
3228,3.312,72.30,239.00,1,0,1
3231,3.312,62.20,206.00,1,0,1
3243,3.308,62.10,206.00,1,0,0
3246,3.312,66.60,221.00,1,0,0
3248,3.312,62.10,206.00,1,0,1
3251,3.312,62.00,205.00,1,0,1
3253,3.312,62.00,205.00,1,0,1
3256,3.280,144.40,321.00,1,0,1
3258,3.276,101.50,333.00,1,0,0
3261,3.292,94.10,310.00,1,0,0
3263,3.312,62.10,206.00,1,0,0
3266,3.312,62.00,205.00,1,0,0
3268,3.312,61.90,205.00,1,0,1
3271,3.312,62.00,205.00,1,0,1
3273,3.308,62.80,208.00,1,0,1
3276,3.312,62.10,206.00,1,0,1
3278,3.312,62.20,434.00,1,0,0
3281,3.288,62.00,205.00,1,0,0
3293,3.312,62.10,210.00,1,0,1
3296,3.312,62.10,206.00,1,0,1
3298,3.308,62.00,205.00,1,0,0
3301,3.260,134.20,300.00,1,0,0
3303,3.312,62.00,205.00,1,0,0
3306,3.312,62.00,205.00,1,0,0
3308,3.312,62.80,210.00,1,0,1
3310,3.312,62.10,206.00,1,0,1
3313,3.312,62.10,206.00,1,0,1
3315,3.308,62.00,205.00,1,0,1
3318,3.308,62.00,205.00,1,0,0
3320,3.276,136.60,446.00,1,0,0
3323,3.312,62.10,205.00,1,0,0
3325,3.312,62.10,206.00,1,0,0
3328,3.308,62.00,205.00,1,0,1
3330,3.312,62.10,206.00,1,0,1
3343,3.312,62.00,477.00,1,0,0
3345,3.280,62.10,206.00,1,0,0
3348,3.312,62.00,205.00,1,0,1
3350,3.312,62.10,206.00,1,0,1
3353,3.312,62.00,206.00,1,0,1
3355,3.312,62.10,206.00,1,0,1
3358,3.312,62.10,206.00,1,0,0
3360,3.272,99.50,338.00,1,0,0
3363,3.292,91.70,303.00,1,0,0
3365,3.260,142.80,469.00,1,0,0
3368,3.312,62.00,205.00,1,0,1
3370,3.312,62.00,205.00,1,0,1
3373,3.312,62.00,205.00,1,0,1
3375,3.312,62.10,206.00,1,0,1
3378,3.312,62.10,205.00,1,0,0
3380,3.312,61.90,205.00,1,0,0
3393,3.312,62.10,206.00,1,0,1
3395,3.312,62.00,205.00,1,0,1
3398,3.312,62.00,205.00,1,0,0
3400,3.308,61.90,205.00,1,0,0
3403,3.312,61.90,205.00,1,0,0
3405,3.312,61.90,205.00,1,0,0
3407,3.312,62.00,205.00,1,0,1
3410,3.312,63.00,206.00,1,0,1
3412,3.264,71.30,205.00,1,0,1
3415,3.308,62.00,205.00,1,0,1
3417,3.308,61.90,205.00,1,0,0
3420,3.296,62.10,205.00,1,0,0
3422,3.312,61.90,205.00,1,0,0
3425,3.312,61.90,205.00,1,0,0
3427,3.312,62.00,205.00,1,0,1
3430,3.312,62.00,205.00,1,0,1
3442,3.312,62.00,205.00,1,0,0
3445,3.312,61.90,205.00,1,0,0
3447,3.312,61.90,205.00,1,0,1
3450,3.312,62.00,205.00,1,0,1
3452,3.312,62.00,205.00,1,0,1
3455,3.312,62.00,205.00,1,0,1
3457,3.264,142.80,233.00,1,0,0
3460,3.312,62.00,205.00,1,0,0
3462,3.284,97.90,323.00,1,0,0
3465,3.288,98.10,313.00,1,0,0
3467,3.288,62.00,205.00,1,0,1
3470,3.304,62.10,206.00,1,0,1
3472,3.312,62.10,206.00,1,0,1
3475,3.312,62.10,205.00,1,0,1
3477,3.272,128.80,421.00,1,0,0
3479,3.308,74.40,205.00,1,0,0
3492,3.312,62.00,205.00,1,0,1
3495,3.308,62.00,205.00,1,0,1
3497,3.312,62.00,205.00,1,0,0
3500,3.304,61.90,203.00,1,0,0
3502,3.268,131.50,434.00,1,0,0
3505,3.300,62.00,205.00,1,0,0
3507,3.312,61.90,205.00,1,0,1
3509,3.312,62.00,205.00,1,0,1
3512,3.312,62.00,205.00,1,0,1
3514,3.308,62.00,205.00,1,0,1
3517,3.312,62.10,205.00,1,0,0
3519,3.312,62.00,205.00,1,0,0
3522,3.312,62.00,205.00,1,0,0
3524,3.312,141.50,362.00,1,0,0
3527,3.264,62.00,205.00,1,0,1
3529,3.300,62.30,206.00,1,0,1
3542,3.312,61.90,205.00,1,0,0
3544,3.312,61.90,202.00,1,0,0
3547,3.264,87.30,287.00,1,0,1
3549,3.308,62.10,206.00,1,0,1
3552,3.308,62.00,205.00,1,0,1
3554,3.312,62.10,206.00,1,0,1
3557,3.312,62.00,205.00,1,0,0
3559,3.312,72.70,241.00,1,0,0
3562,3.312,62.00,205.00,1,0,0
3564,3.312,100.40,329.00,1,0,0
3567,3.292,98.40,323.00,1,0,0
3569,3.288,104.50,206.00,1,0,1
3572,3.312,62.20,206.00,1,0,1
3574,3.312,62.20,206.00,1,0,1
3576,3.312,62.10,206.00,1,0,1
3579,3.312,66.90,221.00,1,0,0
3592,3.268,62.20,206.00,1,0,1
3594,3.308,62.10,205.00,1,0,1
3597,3.312,62.10,206.00,1,0,1
3599,3.308,62.10,206.00,1,0,0
3602,3.308,62.10,206.00,1,0,0
3604,3.312,62.00,205.00,1,0,0
3606,3.312,61.90,205.00,1,0,0
3609,3.308,62.00,205.00,1,0,1
3611,3.312,62.10,203.00,1,0,1
3614,3.260,142.90,206.00,1,0,1
3616,3.308,62.20,206.00,1,0,1
3619,3.308,70.00,231.00,1,0,0
3621,3.312,62.10,205.00,1,0,0
3624,3.312,61.90,205.00,1,0,0
3626,3.312,62.00,205.00,1,0,0
3629,3.308,62.00,206.00,1,0,1
3641,3.312,62.00,205.00,1,0,0
3644,3.308,62.00,205.00,1,0,0
3646,3.308,62.10,205.00,1,0,0
3649,3.312,67.10,206.00,1,0,1
3651,3.308,62.10,205.00,1,0,1
3654,3.308,62.80,208.00,1,0,1
3656,3.308,140.30,446.00,1,0,1
3659,3.292,69.10,229.00,1,0,0
3661,3.312,62.00,205.00,1,0,0
3664,3.308,62.10,206.00,1,0,0
3666,3.308,62.10,303.00,1,0,0
3669,3.288,99.90,329.00,1,0,1
3671,3.288,65.90,218.00,1,0,1
3674,3.312,62.00,205.00,1,0,1
3676,3.312,61.90,205.00,1,0,1
3678,3.312,62.00,205.00,1,0,0
3691,3.312,61.90,205.00,1,0,1
3694,3.312,61.90,205.00,1,0,1
3696,3.308,62.10,206.00,1,0,1
3699,3.312,66.40,220.00,1,0,0
3701,3.312,61.90,205.00,1,0,0
3703,3.312,61.80,203.00,1,0,0
3706,3.272,142.10,470.00,1,0,0
3708,3.312,61.90,206.00,1,0,1
3711,3.312,62.10,205.00,1,0,1
3713,3.308,63.20,210.00,1,0,1
3716,3.308,62.10,205.00,1,0,1
3718,3.312,62.00,251.00,1,0,0
3721,3.312,61.90,205.00,1,0,0
3723,3.308,61.80,205.00,1,0,0
3726,3.312,61.80,205.00,1,0,0
3728,3.312,143.50,472.00,1,0,1
3741,3.312,61.80,205.00,1,0,0
3743,3.312,61.90,205.00,1,0,0
3746,3.312,65.90,205.00,1,0,0
3748,3.312,172.40,564.00,1,0,1
3751,3.308,62.10,205.00,1,0,1
3753,3.308,62.00,205.00,1,0,1
3756,3.312,61.90,205.00,1,0,1
3758,3.308,61.90,205.00,1,0,0
3761,3.312,62.00,205.00,1,0,0
3763,3.312,62.00,205.00,1,0,0
3766,3.312,62.00,205.00,1,0,0
3768,3.312,61.90,203.00,1,0,1
3771,3.288,98.60,329.00,1,0,1
3773,3.276,91.10,300.00,1,0,1
3775,3.312,62.00,205.00,1,0,1
3778,3.312,62.20,211.00,1,0,0
3791,3.312,61.90,205.00,1,0,1
3793,3.308,62.90,208.00,1,0,1
3796,3.276,88.90,288.00,1,0,1
3798,3.292,62.40,241.00,1,0,0
3800,3.308,62.00,205.00,1,0,0
3803,3.312,61.90,205.00,1,0,0
3805,3.312,61.90,205.00,1,0,0
3808,3.312,61.90,205.00,1,0,1
3810,3.308,62.20,206.00,1,0,1
3813,3.312,62.20,208.00,1,0,1
3815,3.312,62.20,206.00,1,0,1
3818,3.312,62.00,205.00,1,0,0
3820,3.312,140.20,457.00,1,0,0
3823,3.256,70.40,205.00,1,0,0
3825,3.312,62.00,205.00,1,0,0
3828,3.312,62.10,206.00,1,0,1
3840,3.312,61.90,205.00,1,0,0
3843,3.312,62.10,206.00,1,0,0
3845,3.312,145.40,475.00,1,0,0
3848,3.296,62.20,206.00,1,0,1
3850,3.312,62.10,205.00,1,0,1
3853,3.312,62.00,205.00,1,0,1
3855,3.308,62.00,205.00,1,0,1
3858,3.308,61.90,206.00,1,0,0
3860,3.300,62.00,205.00,1,0,0
3863,3.312,62.10,206.00,1,0,0
3865,3.312,62.10,205.00,1,0,0
3868,3.312,62.00,203.00,1,0,1
3870,3.264,70.00,231.00,1,0,1
3872,3.288,103.80,341.00,1,0,1
3875,3.284,100.40,249.00,1,0,1
3888,3.312,61.90,203.00,1,0,1
3890,3.300,62.00,205.00,1,0,1
3893,3.308,75.90,249.00,1,0,1
3895,3.264,71.70,206.00,1,0,1
3897,3.312,62.10,206.00,1,0,0
3900,3.312,61.90,205.00,1,0,0
3902,3.312,61.90,205.00,1,0,0
3905,3.312,61.90,205.00,1,0,0
3907,3.312,61.90,205.00,1,0,1
3910,3.312,62.10,206.00,1,0,1
3912,3.312,62.10,206.00,1,0,1
3915,3.312,62.00,205.00,1,0,1
3917,3.280,147.10,234.00,1,0,0
3920,3.308,70.70,205.00,1,0,0
3922,3.312,62.00,205.00,1,0,0
3925,3.312,61.90,205.00,1,0,0
3937,3.264,144.20,474.00,1,0,0
3940,3.296,63.60,205.00,1,0,0
3942,3.312,62.00,205.00,1,0,0
3945,3.312,62.10,206.00,1,0,0
3947,3.308,62.00,205.00,1,0,1
3950,3.308,62.00,205.00,1,0,1
3952,3.312,61.90,205.00,1,0,1
3955,3.308,61.90,205.00,1,0,1
3957,3.308,97.50,319.00,1,0,0
3960,3.260,74.00,244.00,1,0,0
3962,3.312,62.10,205.00,1,0,0
3964,3.312,61.90,205.00,1,0,0
3967,3.312,61.90,205.00,1,0,1
3969,3.308,62.00,205.00,1,0,1
3972,3.308,61.90,205.00,1,0,1
3974,3.308,98.20,323.00,1,0,1
3987,3.308,61.90,205.00,1,0,1
3990,3.308,62.10,205.00,1,0,1
3992,3.312,62.10,205.00,1,0,1
3994,3.308,62.10,206.00,1,0,1
3997,3.308,62.00,205.00,1,0,0
3999,3.308,72.50,205.00,1,0,0
4002,3.312,61.90,205.00,1,0,0
4004,3.272,120.10,393.00,1,0,0
4007,3.312,62.00,205.00,1,0,1
4009,3.308,62.20,206.00,1,0,1
4012,3.308,62.20,206.00,1,0,1
4014,3.308,62.10,205.00,1,0,1
4017,3.308,62.00,205.00,1,0,1
4019,3.308,64.30,213.00,1,0,0
4022,3.312,62.00,205.00,1,0,0
4024,3.312,62.00,208.00,1,0,0
4037,3.312,62.00,206.00,1,0,0
4039,3.312,62.00,205.00,1,0,0
4042,3.312,62.00,205.00,1,0,0
4044,3.308,62.00,205.00,1,0,0
4047,3.312,61.90,205.00,1,0,1
4049,3.312,62.00,205.00,1,0,1
4052,3.264,137.40,311.00,1,0,1
4054,3.308,62.10,206.00,1,0,1
4057,3.312,62.10,206.00,1,0,1
4059,3.312,71.80,206.00,1,0,0
4062,3.312,62.00,205.00,1,0,0
4064,3.312,62.00,205.00,1,0,0
4066,3.312,62.00,205.00,1,0,0
4069,3.312,62.00,205.00,1,0,1
4071,3.268,95.20,310.00,1,0,1
4074,3.288,83.50,206.00,1,0,1
4087,3.312,62.00,205.00,1,0,0
4089,3.312,62.80,205.00,1,0,1
4091,3.308,62.10,206.00,1,0,1
4094,3.264,112.50,367.00,1,0,1
4096,3.300,62.20,206.00,1,0,1
4099,3.312,68.40,226.00,1,0,0
4101,3.308,61.90,205.00,1,0,0
4104,3.312,62.00,205.00,1,0,0
4106,3.312,62.00,205.00,1,0,0
4109,3.312,62.90,208.00,1,0,1
4111,3.308,62.10,205.00,1,0,1
4114,3.308,62.10,205.00,1,0,1
4116,3.260,130.50,431.00,1,0,1
4119,3.308,62.60,205.00,1,0,0
4121,3.308,62.10,205.00,1,0,0
4124,3.308,62.00,205.00,1,0,0
4136,3.312,102.50,334.00,1,0,1
4139,3.288,82.20,272.00,1,0,0
4141,3.312,62.10,206.00,1,0,0
4144,3.312,62.00,205.00,1,0,0
4146,3.312,62.00,205.00,1,0,0
4149,3.312,62.00,205.00,1,0,1
4151,3.308,62.20,206.00,1,0,1
4154,3.312,62.90,208.00,1,0,1
4156,3.308,62.10,205.00,1,0,1
4159,3.304,132.70,434.00,1,0,0
4161,3.312,62.00,205.00,1,0,0
4163,3.308,62.00,205.00,1,0,0
4166,3.312,62.00,205.00,1,0,0
4168,3.312,63.10,210.00,1,0,1
4171,3.308,62.00,205.00,1,0,1
4173,3.312,62.90,208.00,1,0,1
4186,3.308,62.00,205.00,1,0,0
4188,3.312,73.70,244.00,1,0,1
4191,3.308,62.20,206.00,1,0,1
4193,3.308,62.10,205.00,1,0,1
4196,3.308,62.10,206.00,1,0,1
4198,3.308,62.10,205.00,1,0,0
4201,3.264,125.90,465.00,1,0,0
4203,3.280,62.10,205.00,1,0,0
4206,3.312,62.10,206.00,1,0,0
4208,3.312,61.90,205.00,1,0,1
4211,3.308,62.10,206.00,1,0,1
4213,3.312,62.10,205.00,1,0,1
4216,3.308,62.10,206.00,1,0,1
4218,3.312,65.20,215.00,1,0,0
4221,3.312,62.00,205.00,1,0,0
4223,3.264,119.60,206.00,1,0,0
4236,3.308,62.10,205.00,1,0,1
4238,3.308,62.00,247.00,1,0,0
4241,3.312,61.90,205.00,1,0,0
4243,3.312,61.90,205.00,1,0,0
4246,3.312,138.30,290.00,1,0,0
4248,3.248,62.50,206.00,1,0,1
4251,3.308,62.20,206.00,1,0,1
4253,3.308,62.10,210.00,1,0,1
4256,3.308,62.00,205.00,1,0,1
4258,3.308,61.90,205.00,1,0,0
4260,3.312,62.00,205.00,1,0,0
4263,3.312,62.00,205.00,1,0,0
4265,3.312,62.00,205.00,1,0,0
4268,3.308,95.70,415.00,1,0,1
4270,3.264,62.20,206.00,1,0,1
4273,3.308,62.00,205.00,1,0,1
4285,3.288,62.00,205.00,1,0,0
4288,3.312,62.00,205.00,1,0,1
4290,3.308,62.00,203.00,1,0,1
4293,3.284,135.80,449.00,1,0,1
4295,3.308,62.10,206.00,1,0,1
4298,3.308,62.10,210.00,1,0,0
4300,3.300,61.90,205.00,1,0,0
4303,3.312,61.90,205.00,1,0,0
4305,3.312,61.90,205.00,1,0,0
4308,3.308,61.80,205.00,1,0,1
4310,3.308,62.00,205.00,1,0,1
4313,3.312,62.00,206.00,1,0,1
4315,3.308,62.10,206.00,1,0,1
4318,3.264,142.60,469.00,1,0,0
4320,3.304,62.00,206.00,1,0,0
4323,3.312,61.80,205.00,1,0,0
4335,3.312,62.10,205.00,1,0,1
4338,3.308,62.00,205.00,1,0,0
4340,3.276,140.50,460.00,1,0,0
4343,3.308,61.90,205.00,1,0,0
4345,3.312,62.00,205.00,1,0,0
4348,3.312,62.10,206.00,1,0,1
4350,3.308,62.10,205.00,1,0,1
4353,3.308,62.00,205.00,1,0,1
4355,3.308,62.00,205.00,1,0,1
4357,3.308,61.90,205.00,1,0,0
4360,3.304,122.30,401.00,1,0,0
4362,3.296,62.10,205.00,1,0,0
4365,3.312,62.10,205.00,1,0,0
4367,3.308,62.00,205.00,1,0,1
4370,3.308,62.10,206.00,1,0,1
4372,3.308,62.00,205.00,1,0,1
4385,3.288,98.20,323.00,1,0,0
4387,3.288,95.50,218.00,1,0,1
4390,3.308,62.00,205.00,1,0,1
4392,3.312,62.00,205.00,1,0,1
4395,3.308,62.00,205.00,1,0,1
4397,3.308,62.00,205.00,1,0,0
4400,3.304,62.00,205.00,1,0,0
4402,3.308,61.90,205.00,1,0,0
4405,3.312,61.90,205.00,1,0,0
4407,3.312,61.90,202.00,1,0,1
4410,3.264,141.50,205.00,1,0,1
4412,3.308,62.20,206.00,1,0,1
4415,3.308,62.10,206.00,1,0,1
4417,3.308,62.10,205.00,1,0,0
4420,3.308,61.90,205.00,1,0,0
4422,3.312,61.90,205.00,1,0,0
4435,3.284,62.10,205.00,1,0,1
4437,3.308,62.00,205.00,1,0,0
4440,3.304,61.80,205.00,1,0,0
4442,3.312,61.90,205.00,1,0,0
4445,3.312,62.00,205.00,1,0,0
4447,3.312,62.10,205.00,1,0,1
4450,3.308,62.10,206.00,1,0,1
4452,3.308,62.00,205.00,1,0,1
4454,3.288,170.70,318.00,1,0,1
4457,3.308,62.00,205.00,1,0,0
4459,3.300,62.00,205.00,1,0,0
4462,3.308,62.00,206.00,1,0,0
4464,3.312,62.10,206.00,1,0,0
4467,3.312,62.00,205.00,1,0,1
4469,3.312,62.00,205.00,1,0,1
4472,3.312,61.90,205.00,1,0,1
4484,3.312,62.50,205.00,1,0,0
4487,3.276,99.60,328.00,1,0,1
4489,3.280,98.70,324.00,1,0,1
4492,3.308,62.00,206.00,1,0,1
4494,3.312,138.30,454.00,1,0,1
4497,3.308,62.20,206.00,1,0,0
4499,3.308,74.20,206.00,1,0,0
4502,3.312,61.90,205.00,1,0,0
4504,3.312,61.90,205.00,1,0,0
4507,3.308,61.90,205.00,1,0,1
4509,3.312,62.10,206.00,1,0,1
4512,3.312,62.00,205.00,1,0,1
4514,3.308,62.90,465.00,1,0,1
4517,3.276,66.30,220.00,1,0,1
4519,3.312,73.40,242.00,1,0,0
4522,3.312,61.90,205.00,1,0,0
4534,3.308,62.10,457.00,1,0,1
4537,3.268,71.10,236.00,1,0,1
4539,3.308,65.70,218.00,1,0,0
4542,3.312,62.00,205.00,1,0,0
4544,3.312,62.00,205.00,1,0,0
4547,3.312,62.00,205.00,1,0,0
4549,3.312,72.20,239.00,1,0,1
4551,3.312,62.00,205.00,1,0,1
4554,3.308,61.90,205.00,1,0,1
4556,3.312,61.90,205.00,1,0,1
4559,3.312,62.70,457.00,1,0,0
4561,3.268,106.60,352.00,1,0,0
4564,3.312,62.10,206.00,1,0,0
4566,3.312,61.90,205.00,1,0,0
4569,3.312,61.90,205.00,1,0,1
4571,3.312,61.90,205.00,1,0,1
4584,3.312,61.90,205.00,1,0,0
4586,3.312,61.90,203.00,1,0,0
4589,3.284,98.10,323.00,1,0,1
4591,3.292,96.40,318.00,1,0,1
4594,3.312,63.20,206.00,1,0,1
4596,3.312,62.10,206.00,1,0,1
4599,3.312,75.80,251.00,1,0,0
4601,3.312,61.80,205.00,1,0,0
4604,3.312,61.80,205.00,1,0,0
4606,3.312,128.80,423.00,1,0,0
4609,3.312,67.70,224.00,1,0,1
4611,3.308,62.20,206.00,1,0,1
4614,3.312,63.20,210.00,1,0,1
4616,3.308,62.00,205.00,1,0,1
4619,3.312,61.90,229.00,1,0,0
4621,3.312,61.80,205.00,1,0,0
4634,3.312,64.50,213.00,1,0,1
4636,3.312,61.90,205.00,1,0,1
4639,3.312,61.90,205.00,1,0,0
4641,3.312,61.90,205.00,1,0,0
4644,3.312,62.00,205.00,1,0,0
4646,3.312,62.10,206.00,1,0,0
4648,3.312,62.00,205.00,1,0,1
4651,3.308,130.10,426.00,1,0,1
4653,3.308,62.10,206.00,1,0,1
4656,3.312,62.10,206.00,1,0,1
4658,3.312,66.70,221.00,1,0,0
4661,3.312,62.00,205.00,1,0,0
4663,3.312,62.10,205.00,1,0,0
4666,3.312,61.90,205.00,1,0,0
4668,3.312,61.80,205.00,1,0,1
4671,3.312,62.00,205.00,1,0,1
4683,3.312,61.90,205.00,1,0,0
4686,3.312,61.80,205.00,1,0,0
4688,3.312,62.60,208.00,1,0,1
4691,3.288,98.10,323.00,1,0,1
4693,3.292,99.60,328.00,1,0,1
4696,3.312,62.10,203.00,1,0,1
4698,3.256,140.50,256.00,1,0,0
4701,3.312,61.90,205.00,1,0,0
4703,3.312,61.90,205.00,1,0,0
4706,3.312,62.00,205.00,1,0,0
4708,3.312,62.00,208.00,1,0,1
4711,3.308,62.10,206.00,1,0,1
4713,3.312,62.10,206.00,1,0,1
4716,3.308,62.00,205.00,1,0,1
4718,3.308,62.00,205.00,1,0,0
4720,3.268,147.30,483.00,1,0,0
4733,3.312,62.00,205.00,1,0,1
4736,3.308,61.90,215.00,1,0,1
4738,3.308,63.60,210.00,1,0,0
4741,3.312,62.00,205.00,1,0,0
4743,3.312,62.00,203.00,1,0,0
4745,3.268,105.20,346.00,1,0,0
4748,3.280,62.00,205.00,1,0,1
4750,3.312,62.00,205.00,1,0,1
4753,3.308,62.00,210.00,1,0,1
4755,3.312,62.00,205.00,1,0,1
4758,3.312,62.10,205.00,1,0,0
4765,3.312,61.90,205.00,1,0,0
4768,3.312,61.90,467.00,1,0,1
4770,3.264,62.10,205.00,1,0,1
4773,3.312,62.10,205.00,1,0,1
4775,3.308,62.10,206.00,1,0,1
4778,3.312,62.00,205.00,1,0,0
4780,3.312,62.00,205.00,1,0,0
4782,3.312,61.90,205.00,1,0,0
4785,3.308,61.90,205.00,1,0,0
4787,3.308,61.90,205.00,1,0,1
4790,3.280,122.60,426.00,1,0,1
4792,3.308,99.70,328.00,1,0,1
4795,3.284,98.50,324.00,1,0,1
4808,3.312,62.00,205.00,1,0,1
4810,3.308,62.00,205.00,1,0,1
4812,3.308,114.70,570.00,1,0,1
4815,3.276,62.20,206.00,1,0,1
4817,3.308,62.00,205.00,1,0,0
4820,3.300,62.10,205.00,1,0,0
4822,3.312,62.00,205.00,1,0,0
4825,3.308,62.00,205.00,1,0,0
4827,3.308,62.00,205.00,1,0,1
4830,3.308,62.20,206.00,1,0,1
4832,3.308,134.60,441.00,1,0,1
4835,3.268,64.60,206.00,1,0,1
4837,3.312,62.10,205.00,1,0,0
4840,3.304,62.00,205.00,1,0,0
4842,3.312,62.00,205.00,1,0,0
4845,3.308,62.00,205.00,1,0,0
4857,3.308,62.20,206.00,1,0,0
4860,3.308,62.00,205.00,1,0,0
4862,3.312,62.00,205.00,1,0,0
4865,3.312,62.00,205.00,1,0,0
4867,3.312,62.10,206.00,1,0,1
4870,3.308,62.10,206.00,1,0,1
4872,3.308,62.10,206.00,1,0,1
4875,3.312,140.30,460.00,1,0,1
4877,3.264,70.40,233.00,1,0,0
4879,3.308,68.80,205.00,1,0,0
4882,3.312,62.00,205.00,1,0,0
4884,3.312,62.00,205.00,1,0,0
4887,3.312,62.00,205.00,1,0,1
4889,3.312,62.10,206.00,1,0,1
4892,3.312,62.00,205.00,1,0,1
4894,3.308,62.10,342.00,1,0,1
4907,3.312,62.00,205.00,1,0,1
4909,3.308,68.90,205.00,1,0,1
4912,3.308,62.10,206.00,1,0,1
4914,3.308,62.10,206.00,1,0,1
4917,3.308,62.10,206.00,1,0,0
4919,3.312,62.00,205.00,1,0,0
4922,3.260,135.60,447.00,1,0,0
4924,3.312,62.00,205.00,1,0,0
4927,3.312,62.00,205.00,1,0,1
4929,3.308,62.10,205.00,1,0,1
4932,3.308,62.10,206.00,1,0,1
4934,3.312,62.10,206.00,1,0,1
4937,3.312,62.00,205.00,1,0,1
4939,3.308,75.50,205.00,1,0,0
4942,3.308,61.90,205.00,1,0,0
4944,3.280,143.90,470.00,1,0,0
4957,3.312,62.00,205.00,1,0,0
4959,3.308,72.40,239.00,1,0,0
4962,3.312,61.90,205.00,1,0,0
4964,3.312,62.00,203.00,1,0,0
4967,3.264,112.70,369.00,1,0,0
4969,3.312,71.90,206.00,1,0,1
4972,3.312,62.20,206.00,1,0,1
4974,3.312,62.00,205.00,1,0,1
4977,3.308,62.10,205.00,1,0,1
4979,3.308,62.60,206.00,1,0,0
4981,3.308,62.00,205.00,1,0,0
4984,3.312,62.00,206.00,1,0,0
4986,3.312,142.60,469.00,1,0,0
4989,3.308,62.80,208.00,1,0,1
4991,3.308,62.00,205.00,1,0,1
4994,3.308,62.10,205.00,1,0,1
5006,3.296,121.10,392.00,1,0,0
5009,3.272,62.00,205.00,1,0,1
5011,3.312,62.10,205.00,1,0,1
5014,3.312,63.10,206.00,1,0,1
5016,3.312,62.10,206.00,1,0,1
5019,3.312,72.10,239.00,1,0,0
5021,3.312,61.90,205.00,1,0,0
5024,3.312,61.80,205.00,1,0,0
5026,3.312,61.90,205.00,1,0,0
5029,3.260,94.40,234.00,1,0,1
5031,3.308,62.30,206.00,1,0,1
5034,3.312,63.30,210.00,1,0,1
5036,3.312,62.10,206.00,1,0,1
5039,3.312,74.70,247.00,1,0,0
5041,3.312,61.90,205.00,1,0,0
5044,3.308,61.90,205.00,1,0,0
5056,3.312,62.00,205.00,1,0,1
5059,3.308,62.00,221.00,1,0,0
5061,3.308,61.90,205.00,1,0,0
5064,3.308,62.10,206.00,1,0,0
5066,3.308,62.00,205.00,1,0,0
5069,3.312,62.70,208.00,1,0,1
5071,3.308,61.90,205.00,1,0,1
5074,3.308,61.90,205.00,1,0,1
5076,3.308,140.50,464.00,1,0,1
5078,3.308,62.70,206.00,1,0,0
5081,3.312,62.10,205.00,1,0,0
5083,3.308,62.00,205.00,1,0,0
5086,3.312,62.00,205.00,1,0,0
5088,3.312,61.80,215.00,1,0,1
5091,3.308,61.90,205.00,1,0,1
5093,3.308,62.10,205.00,1,0,1
5106,3.288,62.00,205.00,1,0,0
5108,3.312,62.00,205.00,1,0,1
5111,3.308,62.10,206.00,1,0,1
5113,3.308,63.30,210.00,1,0,1
5116,3.308,62.20,206.00,1,0,1
5118,3.308,62.20,257.00,1,0,0
5121,3.312,87.10,283.00,1,0,0
5123,3.296,62.00,205.00,1,0,0
5126,3.312,62.00,205.00,1,0,0
5128,3.312,63.30,210.00,1,0,1
5131,3.308,62.20,206.00,1,0,1
5133,3.308,62.20,210.00,1,0,1
5136,3.308,62.00,205.00,1,0,1
5138,3.308,62.00,205.00,1,0,0
5141,3.312,61.90,205.00,1,0,0
5143,3.264,70.00,233.00,1,0,0
5156,3.308,61.90,205.00,1,0,1
5158,3.308,62.00,205.00,1,0,0
5161,3.308,62.00,205.00,1,0,0
5163,3.308,62.10,205.00,1,0,0
5166,3.308,139.30,455.00,1,0,0
5168,3.308,62.00,205.00,1,0,1
5171,3.312,62.00,205.00,1,0,1
5173,3.308,62.00,205.00,1,0,1
5175,3.308,62.00,205.00,1,0,1
5178,3.308,62.20,216.00,1,0,0
5180,3.304,62.10,205.00,1,0,0
5183,3.312,62.10,206.00,1,0,0
5185,3.312,61.90,467.00,1,0,0
5188,3.264,62.00,205.00,1,0,1
5190,3.312,62.10,206.00,1,0,1
5193,3.308,62.10,210.00,1,0,1
5205,3.288,101.70,306.00,1,0,0
5208,3.288,62.60,206.00,1,0,1
5210,3.300,62.10,205.00,1,0,1
5213,3.308,62.10,205.00,1,0,1
5215,3.312,62.00,205.00,1,0,1
5218,3.308,61.90,205.00,1,0,0
5220,3.308,61.80,205.00,1,0,0
5223,3.312,61.70,205.00,1,0,0
5225,3.312,61.90,205.00,1,0,0
5228,3.312,62.00,205.00,1,0,1
5230,3.308,62.10,205.00,1,0,1
5233,3.292,119.50,392.00,1,0,1
5235,3.308,61.90,205.00,1,0,1
5238,3.312,61.90,205.00,1,0,0
5240,3.300,61.80,205.00,1,0,0
5242,3.312,61.90,205.00,1,0,0
5255,3.268,65.00,215.00,1,0,1
5258,3.308,62.00,211.00,1,0,0
5260,3.300,62.00,205.00,1,0,0
5263,3.312,62.00,205.00,1,0,0
5265,3.312,62.00,205.00,1,0,0
5268,3.312,61.80,205.00,1,0,1
5270,3.304,61.90,205.00,1,0,1
5272,3.308,61.90,205.00,1,0,1
5275,3.308,62.00,205.00,1,0,1
5277,3.308,123.10,403.00,1,0,0
5280,3.276,63.40,210.00,1,0,0
5282,3.312,62.00,205.00,1,0,0
5285,3.312,61.80,205.00,1,0,0
5287,3.312,61.80,205.00,1,0,1
5290,3.308,62.00,205.00,1,0,1
5292,3.308,62.00,205.00,1,0,1
5305,3.312,99.80,328.00,1,0,0
5307,3.292,101.10,333.00,1,0,1
5310,3.288,91.10,301.00,1,0,1
5312,3.312,62.00,205.00,1,0,1
5315,3.308,62.00,205.00,1,0,1
5317,3.312,61.90,205.00,1,0,0
5320,3.304,73.40,205.00,1,0,0
5322,3.312,61.90,202.00,1,0,0
5325,3.292,160.10,528.00,1,0,0
5327,3.312,62.00,205.00,1,0,1
5330,3.312,62.10,206.00,1,0,1
5332,3.308,62.00,205.00,1,0,1
5335,3.308,62.00,205.00,1,0,1
5337,3.312,61.90,205.00,1,0,0
5340,3.296,61.90,205.00,1,0,0
5342,3.308,61.90,205.00,1,0,0
5355,3.308,62.00,208.00,1,0,1
5357,3.308,61.90,205.00,1,0,0
5360,3.304,61.90,205.00,1,0,0
5362,3.312,61.90,205.00,1,0,0
5365,3.308,61.90,205.00,1,0,0
5367,3.308,61.80,205.00,1,0,1
5369,3.264,111.20,364.00,1,0,1
5372,3.264,66.80,205.00,1,0,1
5374,3.308,62.00,205.00,1,0,1
5377,3.312,62.00,205.00,1,0,0
5379,3.308,74.30,205.00,1,0,0
5382,3.312,61.80,205.00,1,0,0
5384,3.308,61.80,205.00,1,0,0
5387,3.312,61.80,205.00,1,0,1
5389,3.312,62.00,205.00,1,0,1
5392,3.272,142.30,464.00,1,0,1
5404,3.312,61.90,205.00,1,0,0
5407,3.312,67.00,324.00,1,0,1
5409,3.288,102.00,336.00,1,0,1
5412,3.292,62.10,206.00,1,0,1
5414,3.308,62.10,382.00,1,0,1
5417,3.260,64.30,213.00,1,0,0
5419,3.300,64.10,211.00,1,0,0
5422,3.308,62.00,205.00,1,0,0
5424,3.312,62.00,205.00,1,0,0
5427,3.308,62.00,205.00,1,0,0
5429,3.312,62.00,205.00,1,0,1
5432,3.308,62.00,205.00,1,0,1
5434,3.308,61.90,205.00,1,0,1
5437,3.312,62.00,205.00,1,0,1
5439,3.312,64.60,477.00,1,0,0
5441,3.280,62.10,205.00,1,0,0
5454,3.308,62.00,205.00,1,0,1
5457,3.308,62.10,205.00,1,0,1
5459,3.308,74.30,205.00,1,0,0
5462,3.312,122.80,403.00,1,0,0
5464,3.280,62.10,206.00,1,0,0
5466,3.312,61.90,205.00,1,0,0
5469,3.308,62.10,205.00,1,0,1
5471,3.308,62.00,205.00,1,0,1
5474,3.308,63.10,210.00,1,0,1
5476,3.312,62.00,205.00,1,0,1
5479,3.308,72.60,241.00,1,0,0
5481,3.312,61.90,205.00,1,0,0
5484,3.312,61.90,472.00,1,0,0
5486,3.276,66.40,220.00,1,0,0
5489,3.312,63.30,210.00,1,0,1
5491,3.312,62.10,205.00,1,0,1
5504,3.312,61.90,205.00,1,0,0
5506,3.312,119.00,392.00,1,0,0
5509,3.308,72.20,238.00,1,0,1
5511,3.288,98.10,323.00,1,0,1
5514,3.292,87.80,290.00,1,0,1
5516,3.312,62.10,206.00,1,0,1
5519,3.312,63.10,205.00,1,0,0
5521,3.312,62.00,205.00,1,0,0
5524,3.312,62.00,205.00,1,0,0
5526,3.312,62.00,205.00,1,0,0
5529,3.312,140.60,464.00,1,0,1
5531,3.300,62.20,206.00,1,0,1
5534,3.308,62.20,206.00,1,0,1
5536,3.312,62.10,205.00,1,0,1
5538,3.312,70.70,234.00,1,0,0
5541,3.312,62.00,205.00,1,0,0
5554,3.312,63.20,210.00,1,0,1
5556,3.308,64.60,205.00,1,0,1
5559,3.308,74.10,246.00,1,0,0
5561,3.308,61.90,205.00,1,0,0
5563,3.312,62.00,205.00,1,0,0
5566,3.308,62.00,205.00,1,0,0
5568,3.308,126.20,413.00,1,0,1
5571,3.272,107.30,206.00,1,0,1
5573,3.312,63.50,210.00,1,0,1
5576,3.312,62.00,205.00,1,0,1
5578,3.308,62.10,205.00,1,0,0
5581,3.312,62.00,205.00,1,0,0
5583,3.308,62.00,205.00,1,0,0
5586,3.312,62.00,205.00,1,0,0
5588,3.312,62.00,208.00,1,0,1
5591,3.312,61.90,205.00,1,0,1
5603,3.312,61.90,205.00,1,0,0
5606,3.312,62.00,205.00,1,0,0
5608,3.312,61.90,205.00,1,0,1
5611,3.308,62.00,203.00,1,0,1
5613,3.292,98.00,323.00,1,0,1
5616,3.288,94.80,206.00,1,0,1
5618,3.308,148.10,482.00,1,0,0
5621,3.304,62.10,205.00,1,0,0
5623,3.308,62.00,205.00,1,0,0
5626,3.312,61.90,205.00,1,0,0
5628,3.312,62.00,205.00,1,0,1
5631,3.308,62.10,206.00,1,0,1
5633,3.308,62.20,210.00,1,0,1
5635,3.312,62.10,205.00,1,0,1
5638,3.312,62.00,205.00,1,0,0
5640,3.312,61.90,205.00,1,0,0
5653,3.312,62.10,208.00,1,0,1
5656,3.312,62.00,205.00,1,0,1
5658,3.308,64.60,213.00,1,0,0
5661,3.312,61.90,205.00,1,0,0
5663,3.312,62.00,205.00,1,0,0
5665,3.268,131.30,431.00,1,0,0
5668,3.308,62.10,210.00,1,0,1
5670,3.312,62.10,206.00,1,0,1
5673,3.308,62.00,205.00,1,0,1
5675,3.312,62.00,205.00,1,0,1
5678,3.308,62.00,205.00,1,0,0
5680,3.300,62.00,205.00,1,0,0
5683,3.312,62.10,206.00,1,0,0
5685,3.308,62.00,205.00,1,0,0
5688,3.308,143.20,467.00,1,0,1
5690,3.308,62.10,205.00,1,0,1
5703,3.312,62.00,205.00,1,0,0
5705,3.312,61.80,205.00,1,0,0
5708,3.312,61.90,205.00,1,0,1
5710,3.260,119.50,393.00,1,0,1
5713,3.308,62.10,208.00,1,0,1
5715,3.292,98.20,323.00,1,0,1
5718,3.292,98.70,324.00,1,0,0
5720,3.304,62.10,205.00,1,0,0
5723,3.312,61.90,205.00,1,0,0
5725,3.312,61.90,205.00,1,0,0
5728,3.308,62.00,205.00,1,0,1
5730,3.308,125.30,410.00,1,0,1
5732,3.276,63.80,211.00,1,0,1
5735,3.312,62.10,205.00,1,0,1
5737,3.308,62.10,205.00,1,0,0
5740,3.308,61.90,205.00,1,0,0
5753,3.288,137.90,455.00,1,0,1
5755,3.308,62.00,205.00,1,0,1
5758,3.308,62.00,205.00,1,0,0
5760,3.300,64.60,213.00,1,0,0
5762,3.308,62.10,206.00,1,0,0
5765,3.308,62.10,206.00,1,0,0
5767,3.312,61.90,205.00,1,0,1
5770,3.308,62.00,205.00,1,0,1
5772,3.312,61.90,205.00,1,0,1
5775,3.308,119.10,392.00,1,0,1
5777,3.308,62.10,205.00,1,0,0
5780,3.300,62.10,206.00,1,0,0
5782,3.312,62.10,206.00,1,0,0
5785,3.312,62.10,205.00,1,0,0
5787,3.308,61.90,205.00,1,0,1
5790,3.308,62.00,205.00,1,0,1
5802,3.308,62.10,205.00,1,0,0
5805,3.308,61.80,205.00,1,0,0
5807,3.312,61.90,205.00,1,0,1
5810,3.300,62.00,206.00,1,0,1
5812,3.312,62.10,206.00,1,0,1
5815,3.308,62.20,206.00,1,0,1
5817,3.296,101.50,324.00,1,0,0
5820,3.292,94.80,311.00,1,0,0
5822,3.312,61.90,205.00,1,0,0
5825,3.312,61.90,205.00,1,0,0
5827,3.312,62.10,206.00,1,0,1
5830,3.308,62.20,206.00,1,0,1
5832,3.308,62.30,206.00,1,0,1
5834,3.312,62.00,205.00,1,0,1
5837,3.308,62.00,205.00,1,0,0
5839,3.308,68.30,226.00,1,0,0
5852,3.308,62.00,205.00,1,0,1
5855,3.308,62.00,205.00,1,0,1
5857,3.308,62.00,205.00,1,0,0
5859,3.300,62.10,206.00,1,0,0
5862,3.308,62.00,215.00,1,0,0
5864,3.308,62.10,206.00,1,0,0
5867,3.272,119.30,392.00,1,0,1
5869,3.308,68.50,206.00,1,0,1
5872,3.312,62.10,206.00,1,0,1
5874,3.308,62.00,205.00,1,0,1
5877,3.308,62.10,205.00,1,0,0
5879,3.308,62.10,205.00,1,0,0
5882,3.312,62.10,206.00,1,0,0
5884,3.312,62.00,205.00,1,0,0
5887,3.312,61.90,205.00,1,0,0
5889,3.308,62.00,205.00,1,0,1
5902,3.308,61.90,205.00,1,0,0
5904,3.312,61.90,205.00,1,0,0
5907,3.308,61.90,205.00,1,0,1
5909,3.308,62.20,206.00,1,0,1
5912,3.308,62.10,206.00,1,0,1
5914,3.308,62.80,401.00,1,0,1
5917,3.276,62.10,205.00,1,0,1
5919,3.304,118.30,388.00,1,0,0
5922,3.292,98.30,338.00,1,0,0
5924,3.288,61.90,205.00,1,0,0
5927,3.308,62.00,205.00,1,0,0
5929,3.312,71.80,206.00,1,0,1
5931,3.312,62.10,205.00,1,0,1
5934,3.308,61.90,205.00,1,0,1
5936,3.276,123.40,406.00,1,0,1
5939,3.280,64.40,213.00,1,0,0
5952,3.312,61.90,205.00,1,0,1
5954,3.312,61.80,205.00,1,0,1
5956,3.312,61.80,202.00,1,0,1
5959,3.260,144.30,206.00,1,0,0
5961,3.312,62.00,205.00,1,0,0
5964,3.312,62.00,205.00,1,0,0
5966,3.308,61.80,205.00,1,0,0
5969,3.312,61.90,205.00,1,0,1
5971,3.308,61.90,205.00,1,0,1
5974,3.308,62.90,205.00,1,0,1
5976,3.308,62.00,205.00,1,0,1
5979,3.308,72.40,238.00,1,0,0
5981,3.268,127.10,206.00,1,0,0
5984,3.312,61.80,205.00,1,0,0
5986,3.312,61.80,205.00,1,0,0
5989,3.312,61.70,205.00,1,0,1
6001,3.276,119.70,392.00,1,0,0
6004,3.308,61.80,205.00,1,0,0
6006,3.312,61.90,205.00,1,0,0
6009,3.312,63.10,208.00,1,0,1
6011,3.308,62.00,205.00,1,0,1
6014,3.308,62.40,206.00,1,0,1
6016,3.308,61.80,205.00,1,0,1
6019,3.308,61.80,215.00,1,0,0
6021,3.312,101.50,334.00,1,0,0
6024,3.276,101.90,334.00,1,0,0
6026,3.288,94.50,205.00,1,0,0
6028,3.308,63.50,210.00,1,0,1
6031,3.312,62.00,205.00,1,0,1
6033,3.308,62.00,205.00,1,0,1
6036,3.308,62.00,205.00,1,0,1
6049,3.272,132.50,401.00,1,0,1
6051,3.308,62.10,205.00,1,0,1
6053,3.308,62.00,205.00,1,0,1
6056,3.308,62.10,205.00,1,0,1
6058,3.308,69.00,228.00,1,0,0
6061,3.312,62.00,205.00,1,0,0
6063,3.308,62.00,205.00,1,0,0
6066,3.312,61.90,205.00,1,0,0
6068,3.308,61.90,205.00,1,0,1
6071,3.264,145.20,236.00,1,0,1
6073,3.308,63.30,210.00,1,0,1
6076,3.308,62.10,205.00,1,0,1
6078,3.308,62.10,249.00,1,0,0
6081,3.312,62.00,205.00,1,0,0
6083,3.308,61.90,205.00,1,0,0
6086,3.308,61.80,205.00,1,0,0
6098,3.312,62.10,205.00,1,0,0
6101,3.308,61.90,205.00,1,0,0
6103,3.308,62.00,205.00,1,0,0
6106,3.312,61.90,205.00,1,0,0
6108,3.312,62.00,236.00,1,0,1
6111,3.312,62.10,205.00,1,0,1
6113,3.260,134.70,444.00,1,0,1
6116,3.312,62.10,205.00,1,0,1
6118,3.308,62.00,205.00,1,0,0
6120,3.312,62.00,205.00,1,0,0
6123,3.308,61.90,310.00,1,0,0
6125,3.276,98.40,323.00,1,0,0
6128,3.288,93.60,310.00,1,0,1
6130,3.308,62.10,205.00,1,0,1
6133,3.308,120.40,393.00,1,0,1
6135,3.300,62.10,205.00,1,0,1
6148,3.312,61.90,205.00,1,0,1
6150,3.312,62.00,205.00,1,0,1
6153,3.308,62.00,208.00,1,0,1
6155,3.312,62.00,205.00,1,0,1
6158,3.312,139.90,457.00,1,0,0
6160,3.284,62.10,205.00,1,0,0
6163,3.312,61.90,205.00,1,0,0
6165,3.308,61.90,205.00,1,0,0
6168,3.312,61.90,208.00,1,0,1
6170,3.304,62.10,205.00,1,0,1
6173,3.312,62.00,205.00,1,0,1
6175,3.308,62.90,205.00,1,0,1
6178,3.312,62.00,205.00,1,0,0
6180,3.308,61.90,205.00,1,0,0
6183,3.308,139.90,392.00,1,0,0
6185,3.288,62.00,205.00,1,0,0
6198,3.308,62.00,205.00,1,0,0
6200,3.300,61.90,205.00,1,0,0
6203,3.312,61.90,203.00,1,0,0
6205,3.248,123.20,205.00,1,0,0
6208,3.308,62.00,205.00,1,0,1
6210,3.308,61.90,205.00,1,0,1
6213,3.308,62.00,205.00,1,0,1
6215,3.308,62.00,205.00,1,0,1
6218,3.312,62.10,206.00,1,0,0
6220,3.300,62.00,205.00,1,0,0
6222,3.308,61.90,205.00,1,0,0
6225,3.308,112.80,369.00,1,0,0
6227,3.280,101.80,321.00,1,0,1
6230,3.280,94.70,311.00,1,0,1
6232,3.312,62.10,205.00,1,0,1
6245,3.312,62.00,205.00,1,0,0
6247,3.264,139.30,457.00,1,0,1
6250,3.308,62.20,205.00,1,0,1
6252,3.308,62.10,205.00,1,0,1
6255,3.308,62.10,205.00,1,0,1
6257,3.312,62.10,205.00,1,0,0
6260,3.308,61.90,205.00,1,0,0
6262,3.312,61.90,205.00,1,0,0
6265,3.312,62.00,205.00,1,0,0
6267,3.312,62.00,205.00,1,0,1
6270,3.308,139.40,459.00,1,0,1
6272,3.264,71.20,206.00,1,0,1
6275,3.308,62.00,205.00,1,0,1
6277,3.312,62.90,208.00,1,0,0
6280,3.304,67.50,205.00,1,0,0
6282,3.308,62.00,205.00,1,0,0
6295,3.264,62.10,205.00,1,0,1
6297,3.308,62.10,205.00,1,0,0
6300,3.300,62.10,205.00,1,0,0
6302,3.308,62.00,205.00,1,0,0
6305,3.312,62.00,205.00,1,0,0
6307,3.312,61.90,205.00,1,0,1
6310,3.308,62.00,205.00,1,0,1
6312,3.308,62.00,205.00,1,0,1
6314,3.312,62.20,206.00,1,0,1
6317,3.308,106.20,537.00,1,0,0
6319,3.276,62.10,206.00,1,0,0
6322,3.308,62.00,205.00,1,0,0
6324,3.312,61.90,205.00,1,0,0
6327,3.312,62.00,205.00,1,0,1
6329,3.284,98.10,323.00,1,0,1
6332,3.284,99.30,328.00,1,0,1
6344,3.304,69.80,205.00,1,0,0
6347,3.308,62.00,205.00,1,0,0
6349,3.312,62.00,205.00,1,0,0
6352,3.312,61.90,205.00,1,0,1
6354,3.308,72.30,205.00,1,0,1
6357,3.308,61.90,205.00,1,0,1
6359,3.308,62.00,205.00,1,0,1
6362,3.308,61.90,205.00,1,0,0
6364,3.312,143.70,469.00,1,0,0
6367,3.284,69.00,228.00,1,0,0
6369,3.312,62.00,205.00,1,0,0
6372,3.312,61.80,205.00,1,0,0
6374,3.308,61.80,205.00,1,0,1
6377,3.312,61.90,205.00,1,0,1
6379,3.312,62.00,205.00,1,0,1
6382,3.308,62.00,205.00,1,0,1
6394,3.308,62.00,205.00,1,0,1
6397,3.312,62.10,205.00,1,0,1
6399,3.308,62.10,205.00,1,0,1
6402,3.308,62.00,205.00,1,0,1
6404,3.308,73.60,244.00,1,0,0
6407,3.312,61.80,205.00,1,0,0
6409,3.312,61.80,205.00,1,0,0
6411,3.312,74.40,244.00,1,0,0
6414,3.268,113.10,206.00,1,0,1
6416,3.308,62.10,206.00,1,0,1
6419,3.312,63.10,208.00,1,0,1
6421,3.312,61.90,205.00,1,0,1
6424,3.312,70.40,233.00,1,0,0
6426,3.312,61.80,205.00,1,0,0
6429,3.312,62.00,205.00,1,0,0
6431,3.312,98.80,324.00,1,0,0
6444,3.308,66.90,221.00,1,0,0
6446,3.312,62.10,206.00,1,0,0
6449,3.308,62.00,205.00,1,0,0
6451,3.312,62.00,205.00,1,0,0
6454,3.312,62.00,205.00,1,0,1
6456,3.264,145.70,478.00,1,0,1
6459,3.280,63.90,205.00,1,0,1
6461,3.308,62.20,206.00,1,0,1
6464,3.312,65.20,215.00,1,0,0
6466,3.312,62.10,206.00,1,0,0
6469,3.312,62.00,205.00,1,0,0
6471,3.312,61.90,205.00,1,0,0
6474,3.312,61.90,206.00,1,0,1
6476,3.308,62.00,205.00,1,0,1
6479,3.264,140.60,460.00,1,0,1
6481,3.308,62.20,206.00,1,0,1
6494,3.312,62.30,206.00,1,0,1
6496,3.312,62.10,205.00,1,0,1
6499,3.288,139.20,454.00,1,0,1
6501,3.308,62.20,205.00,1,0,1
6504,3.308,72.20,239.00,1,0,0
6506,3.312,61.90,205.00,1,0,0
6508,3.312,61.90,205.00,1,0,0
6511,3.308,62.10,205.00,1,0,0
6513,3.308,62.90,208.00,1,0,1
6516,3.308,62.20,206.00,1,0,1
6518,3.308,140.50,346.00,1,0,1
6521,3.264,62.00,205.00,1,0,1
6523,3.312,62.00,205.00,1,0,0
6526,3.312,62.00,205.00,1,0,0
6528,3.308,62.10,205.00,1,0,0
6531,3.308,62.10,206.00,1,0,0
6543,3.308,63.80,210.00,1,0,0
6546,3.312,62.00,205.00,1,0,0
6548,3.308,62.10,206.00,1,0,0
6551,3.308,62.00,205.00,1,0,0
6553,3.312,61.90,205.00,1,0,1
6556,3.308,61.90,205.00,1,0,1
6558,3.308,62.30,206.00,1,0,1
6561,3.292,160.90,526.00,1,0,1
6563,3.308,62.20,236.00,1,0,0
6566,3.304,62.10,206.00,1,0,0
6568,3.312,61.90,205.00,1,0,0
6571,3.312,61.90,205.00,1,0,0
6573,3.312,61.90,205.00,1,0,1
6576,3.308,62.00,205.00,1,0,1
6578,3.312,62.10,208.00,1,0,1
6580,3.308,62.20,206.00,1,0,1
6593,3.312,68.30,226.00,1,0,1
6596,3.308,62.20,206.00,1,0,1
6598,3.312,62.30,210.00,1,0,1
6601,3.308,62.00,205.00,1,0,1
6603,3.308,71.70,234.00,1,0,0
6606,3.264,111.50,205.00,1,0,0
6608,3.312,62.00,205.00,1,0,0
6610,3.312,62.10,205.00,1,0,0
6613,3.308,62.10,205.00,1,0,1
6615,3.308,62.20,205.00,1,0,1
6618,3.308,62.00,205.00,1,0,1
6620,3.312,62.00,205.00,1,0,1
6623,3.308,62.00,205.00,1,0,0
6625,3.300,112.60,367.00,1,0,0
6628,3.304,62.20,206.00,1,0,0
6630,3.308,62.10,205.00,1,0,0
6643,3.308,62.10,223.00,1,0,0
6645,3.300,62.10,206.00,1,0,0
6648,3.308,62.10,205.00,1,0,0
6650,3.272,109.20,229.00,1,0,0
6653,3.308,61.90,205.00,1,0,1
6655,3.308,62.00,205.00,1,0,1
6658,3.308,62.10,208.00,1,0,1
6660,3.308,62.10,205.00,1,0,1
6663,3.308,62.10,205.00,1,0,0
6665,3.312,61.90,205.00,1,0,0
6668,3.312,62.00,205.00,1,0,0
6670,3.312,129.40,423.00,1,0,0
6673,3.304,62.10,206.00,1,0,1
6675,3.308,62.10,206.00,1,0,1
6677,3.312,62.20,206.00,1,0,1
6680,3.308,62.20,206.00,1,0,1
6693,3.312,62.10,206.00,1,0,1
6695,3.308,88.30,442.00,1,0,1
6698,3.272,62.20,206.00,1,0,1
6700,3.312,62.10,206.00,1,0,1
6703,3.312,62.00,205.00,1,0,0
6705,3.300,62.00,205.00,1,0,0
6707,3.308,61.90,205.00,1,0,0
6710,3.312,62.00,205.00,1,0,0
6712,3.308,62.10,205.00,1,0,1
6715,3.308,62.10,205.00,1,0,1
6717,3.264,141.00,462.00,1,0,1
6720,3.308,62.00,205.00,1,0,1
6722,3.308,62.10,205.00,1,1,0
6725,3.300,66.00,218.00,1,1,0
6727,3.308,66.10,218.00,1,1,0
6730,3.308,66.00,218.00,1,1,0
6742,3.288,93.60,308.00,1,1,0
6745,3.288,93.80,308.00,1,1,0
6747,3.288,93.60,308.00,1,1,0
6750,3.292,93.70,308.00,1,1,0
6752,3.288,96.90,318.00,1,1,0
6755,3.292,98.40,313.00,1,1,0
6757,3.292,101.90,336.00,1,1,0
6760,3.292,101.90,336.00,1,1,0
6766,3.280,100.50,329.00,1,1,0
6769,3.288,98.40,334.00,1,1,0
6771,3.292,101.80,336.00,1,1,0
6774,3.288,98.50,324.00,1,1,0
6776,3.292,101.70,323.00,1,1,0
6779,3.288,101.40,334.00,1,1,0
6781,3.292,98.90,324.00,1,1,0
6784,3.288,98.60,319.00,1,1,0
6786,3.292,98.90,326.00,1,1,0
6788,3.280,102.90,339.00,1,1,0
6791,3.288,95.30,318.00,1,1,0
6793,3.280,102.60,336.00,1,1,0
6796,3.280,104.60,341.00,1,1,0
6798,3.292,99.20,326.00,1,1,0
6811,3.288,93.70,308.00,1,1,0
6814,3.292,98.50,324.00,1,1,0
6816,3.292,98.70,324.00,1,1,0
6818,3.292,98.60,324.00,1,1,0
6821,3.292,98.20,338.00,1,1,0
6823,3.288,98.30,323.00,1,1,0
6826,3.292,99.10,326.00,1,1,0
6828,3.288,98.50,324.00,1,1,0
6831,3.292,98.60,324.00,1,1,0
6833,3.292,94.90,311.00,1,1,0
6836,3.288,93.10,338.00,1,1,0
6838,3.288,98.50,324.00,1,1,0
6841,3.292,101.80,336.00,1,1,0
6843,3.292,98.60,329.00,1,1,0
6846,3.292,93.90,308.00,1,1,0
6848,3.276,102.40,338.00,1,1,0
6861,3.288,93.40,306.00,1,1,0
6863,3.288,93.50,308.00,1,1,0
6866,3.288,93.50,308.00,1,1,0
6868,3.288,93.70,308.00,1,1,0
6871,3.288,98.20,323.00,1,1,0
6873,3.288,98.40,324.00,1,1,0
6876,3.292,98.80,326.00,1,1,0
6878,3.292,100.00,329.00,1,1,0
6881,3.292,101.70,334.00,1,1,0
6883,3.292,99.20,326.00,1,1,0
6885,3.292,98.60,324.00,1,1,0
6888,3.292,98.50,324.00,1,1,0
6890,3.288,98.90,326.00,1,1,0
6893,3.288,89.90,295.00,1,1,0
6895,3.288,98.30,326.00,1,1,0
6898,3.292,98.60,324.00,1,1,0
6911,3.292,102.00,338.00,1,1,0
6913,3.276,102.90,338.00,1,1,0
6915,3.292,102.40,338.00,1,1,0
6918,3.292,102.40,582.00,1,1,0
6920,3.284,93.70,308.00,1,1,0
6923,3.288,93.80,308.00,1,1,0
6925,3.288,93.70,308.00,1,1,0
6928,3.288,93.80,308.00,1,1,0
6930,3.288,93.70,308.00,1,1,0
6933,3.288,98.30,324.00,1,1,0
6935,3.292,98.40,323.00,1,1,0
6938,3.292,98.40,324.00,1,1,0
6940,3.292,98.60,329.00,1,1,0
6943,3.284,98.40,324.00,1,1,0
6945,3.292,101.70,334.00,1,1,0
6958,3.276,100.70,331.00,1,1,0
6960,3.292,99.10,324.00,1,1,0
6963,3.292,98.80,324.00,1,1,0
6965,3.292,98.50,324.00,1,1,0
6968,3.280,98.50,324.00,1,1,0
6970,3.280,102.40,334.00,1,1,0
6973,3.256,93.70,308.00,1,1,0
6975,3.288,97.80,323.00,1,1,0
6978,3.292,98.10,326.00,1,1,0
6980,3.292,101.40,334.00,1,1,0
6983,3.292,98.40,324.00,1,1,0
6985,3.284,98.40,336.00,1,1,0
6987,3.292,98.50,324.00,1,1,0
6990,3.292,97.00,319.00,1,1,0
6992,3.292,93.80,326.00,1,1,0
6995,3.292,95.30,313.00,1,1,0
7008,3.276,102.10,336.00,1,1,0
7010,3.292,101.80,336.00,1,1,0
7013,3.292,99.20,324.00,1,1,0
7015,3.288,98.50,324.00,1,1,0
7017,3.288,99.50,328.00,1,1,0
7020,3.284,98.30,324.00,1,0,1
7022,3.268,107.70,323.00,1,0,1
7025,3.264,143.40,469.00,1,0,0
7027,3.280,119.60,393.00,1,0,0
7030,3.288,98.30,326.00,1,0,0
7032,3.296,62.10,205.00,1,0,0
7035,3.312,62.00,205.00,1,0,1
7037,3.312,63.00,205.00,1,0,1
7040,3.308,62.00,205.00,1,0,1
7042,3.312,62.00,205.00,1,0,1
7055,3.288,97.70,321.00,1,0,1
7057,3.288,98.20,323.00,1,0,1
7060,3.292,98.60,324.00,1,0,1
7062,3.288,98.30,324.00,1,0,1
7065,3.288,103.70,326.00,1,0,1
7067,3.292,98.80,324.00,1,0,0
7070,3.288,98.20,323.00,1,0,0
7072,3.288,98.10,338.00,1,0,0
7075,3.292,98.30,323.00,1,0,0
7077,3.288,98.30,323.00,1,0,1
7080,3.292,98.50,324.00,1,0,1
7082,3.292,99.50,324.00,1,0,1
7085,3.292,99.50,328.00,1,0,1
7087,3.292,111.40,367.00,1,0,0
7089,3.292,98.20,488.00,1,0,0
7092,3.288,91.90,303.00,1,0,0
7105,3.308,62.00,205.00,1,0,1
7107,3.308,75.10,249.00,1,0,0
7110,3.312,61.90,205.00,1,0,0
7112,3.312,62.10,206.00,1,0,0
7115,3.272,121.00,395.00,1,0,0
7117,3.312,63.40,206.00,1,0,1
7119,3.308,62.10,206.00,1,0,1
7122,3.312,62.00,205.00,1,0,1
7124,3.308,62.00,205.00,1,0,1
7127,3.308,62.00,205.00,1,0,0
7129,3.312,62.00,205.00,1,0,0
7132,3.312,62.10,206.00,1,0,0
7134,3.312,62.00,205.00,1,0,0
7137,3.312,127.80,418.00,1,0,1
7139,3.304,62.10,206.00,1,0,1
7142,3.312,62.10,205.00,1,0,1
7154,3.308,62.00,205.00,1,0,0
7157,3.312,62.00,203.00,1,0,1
7159,3.292,169.10,559.00,1,0,1
7162,3.312,63.70,206.00,1,0,1
7164,3.312,62.20,206.00,1,0,1
7167,3.312,74.30,246.00,1,0,0
7169,3.312,61.80,205.00,1,0,0
7172,3.312,61.90,205.00,1,0,0
7174,3.312,61.80,205.00,1,0,0
7177,3.312,61.90,206.00,1,0,1
7179,3.312,62.10,206.00,1,0,1
7182,3.312,120.20,393.00,1,0,1
7184,3.308,62.10,205.00,1,0,1
7186,3.308,62.00,242.00,1,0,0
7189,3.308,61.90,205.00,1,0,0
7191,3.312,61.90,205.00,1,0,0
7204,3.264,116.00,378.00,1,0,1
7207,3.276,63.50,220.00,1,0,0
7209,3.312,62.00,205.00,1,0,0
7212,3.308,62.10,206.00,1,0,0
7214,3.308,62.10,206.00,1,0,0
7216,3.312,63.00,208.00,1,0,1
7219,3.308,62.00,205.00,1,0,1
7221,3.308,62.00,205.00,1,0,1
7224,3.308,61.90,205.00,1,0,1
7226,3.308,62.80,208.00,1,0,0
7229,3.264,124.50,410.00,1,0,0
7231,3.312,62.10,206.00,1,0,0
7234,3.312,61.90,205.00,1,0,0
7236,3.312,61.90,205.00,1,0,1
7239,3.312,62.00,205.00,1,0,1
7241,3.308,61.90,205.00,1,0,1
7254,3.292,97.30,319.00,1,0,0
7256,3.312,62.00,205.00,1,0,1
7259,3.312,62.20,205.00,1,0,1
7261,3.308,63.50,210.00,1,0,1
7264,3.308,62.20,206.00,1,0,1
7266,3.312,62.10,257.00,1,0,0
7269,3.312,62.00,205.00,1,0,0
7271,3.312,62.00,205.00,1,0,0
7274,3.312,62.00,487.00,1,0,0
7276,3.288,63.40,210.00,1,0,1
7279,3.312,62.30,206.00,1,0,1
7281,3.312,62.20,210.00,1,0,1
7283,3.308,62.10,205.00,1,0,1
7286,3.308,62.00,205.00,1,0,0
7288,3.312,61.90,205.00,1,0,0
7291,3.312,62.00,206.00,1,0,0
7304,3.312,62.00,205.00,1,0,1
7306,3.312,62.00,205.00,1,0,0
7309,3.312,62.10,206.00,1,0,0
7311,3.312,62.00,206.00,1,0,0
7313,3.312,62.10,206.00,1,0,0
7316,3.312,62.00,205.00,1,0,1
7318,3.312,62.10,205.00,1,0,1
7321,3.308,140.30,460.00,1,0,1
7323,3.264,71.50,238.00,1,0,1
7326,3.308,62.20,221.00,1,0,0
7328,3.304,62.10,206.00,1,0,0
7331,3.312,62.20,206.00,1,0,0
7333,3.312,62.00,205.00,1,0,0
7336,3.312,62.00,205.00,1,0,1
7338,3.308,62.00,205.00,1,0,1
7341,3.308,62.20,206.00,1,0,1
7353,3.280,97.90,321.00,1,0,0
7356,3.292,98.30,311.00,1,0,1
7358,3.296,62.10,205.00,1,0,1
7361,3.308,62.20,206.00,1,0,1
7363,3.308,62.20,436.00,1,0,1
7366,3.272,63.10,208.00,1,0,0
7368,3.308,62.00,205.00,1,0,0
7371,3.312,61.90,205.00,1,0,0
7373,3.308,62.00,205.00,1,0,0
7376,3.308,62.00,205.00,1,0,1
7378,3.308,62.20,206.00,1,0,1
7380,3.308,62.20,206.00,1,0,1
7383,3.312,62.10,205.00,1,0,1
7385,3.264,111.50,465.00,1,0,0
7388,3.296,67.20,205.00,1,0,0
7390,3.308,62.10,206.00,1,0,0
7403,3.308,62.00,205.00,1,0,1
7406,3.308,62.10,203.00,1,0,0
7408,3.268,95.70,206.00,1,0,0
7410,3.312,62.10,206.00,1,0,0
7413,3.312,62.10,205.00,1,0,0
7415,3.308,62.00,205.00,1,0,1
7418,3.308,62.00,205.00,1,0,1
7420,3.308,62.10,205.00,1,0,1
7423,3.308,62.10,206.00,1,0,1
7425,3.308,62.20,206.00,1,0,0
7428,3.260,143.20,470.00,1,0,0
7430,3.308,62.00,205.00,1,0,0
7433,3.308,62.10,205.00,1,0,0
7435,3.308,62.00,205.00,1,0,1
7438,3.300,62.10,205.00,1,0,1
7440,3.308,62.20,205.00,1,0,1
7453,3.312,62.00,205.00,1,0,0
7455,3.312,98.60,324.00,1,0,1
7458,3.292,98.40,323.00,1,0,1
7460,3.288,76.80,205.00,1,0,1
7463,3.308,62.00,205.00,1,0,1
7465,3.308,62.00,205.00,1,0,0
7468,3.304,67.20,205.00,1,0,0
7470,3.308,62.00,205.00,1,0,0
7473,3.268,148.10,485.00,1,0,0
7475,3.288,62.00,205.00,1,0,1
7478,3.308,62.00,205.00,1,0,1
7480,3.312,62.00,205.00,1,0,1
7482,3.308,62.00,205.00,1,0,1
7485,3.308,61.90,205.00,1,0,0
7487,3.300,61.90,205.00,1,0,0
7490,3.312,61.90,205.00,1,0,0
7503,3.308,62.10,206.00,1,0,1
7505,3.312,62.00,205.00,1,0,0
7507,3.308,61.90,205.00,1,0,0
7510,3.312,62.00,205.00,1,0,0
7512,3.312,61.90,205.00,1,0,0
7515,3.312,146.30,477.00,1,0,1
7517,3.308,62.00,205.00,1,0,1
7520,3.308,62.00,206.00,1,0,1
7522,3.312,62.00,205.00,1,0,1
7525,3.312,62.10,205.00,1,0,0
7527,3.312,73.60,205.00,1,0,0
7530,3.312,61.80,205.00,1,0,0
7532,3.312,61.90,205.00,1,0,0
7535,3.312,61.90,205.00,1,0,0
7537,3.312,62.10,205.00,1,0,1
7540,3.268,130.60,428.00,1,0,1
7552,3.312,61.90,205.00,1,0,0
7555,3.312,61.90,205.00,1,0,1
7557,3.312,71.70,324.00,1,0,1
7560,3.292,108.70,357.00,1,0,1
7562,3.288,93.50,308.00,1,0,1
7565,3.308,62.00,205.00,1,0,1
7567,3.308,62.20,206.00,1,0,0
7570,3.312,61.90,205.00,1,0,0
7572,3.312,61.90,205.00,1,0,0
7575,3.312,62.00,205.00,1,0,0
7577,3.308,62.00,205.00,1,0,1
7579,3.308,62.00,205.00,1,0,1
7582,3.312,146.90,482.00,1,0,1
7584,3.304,62.30,206.00,1,0,1
7587,3.312,66.40,205.00,1,0,0
7589,3.308,61.90,205.00,1,0,0
7602,3.312,62.60,400.00,1,0,1
7604,3.272,62.50,206.00,1,0,1
7607,3.312,76.00,251.00,1,0,0
7609,3.312,61.90,205.00,1,0,0
7612,3.312,61.90,205.00,1,0,0
7614,3.308,61.90,205.00,1,0,0
7617,3.312,63.70,206.00,1,0,1
7619,3.312,62.10,205.00,1,0,1
7622,3.312,62.80,208.00,1,0,1
7624,3.308,62.00,202.00,1,0,1
7627,3.268,149.50,493.00,1,0,0
7629,3.308,61.90,205.00,1,0,0
7632,3.312,61.90,205.00,1,0,0
7634,3.312,62.00,205.00,1,0,0
7637,3.312,63.10,210.00,1,0,1
7639,3.312,62.00,205.00,1,0,1
7652,3.312,62.00,205.00,1,0,0
7654,3.312,62.00,205.00,1,0,0
7657,3.308,62.30,206.00,1,0,1
7659,3.308,61.90,203.00,1,0,1
7662,3.292,101.70,328.00,1,0,1
7664,3.292,77.40,256.00,1,0,1
7667,3.308,63.60,210.00,1,0,0
7669,3.276,119.70,229.00,1,0,0
7672,3.312,62.00,205.00,1,0,0
7674,3.312,61.90,205.00,1,0,0
7676,3.308,62.00,208.00,1,0,1
7679,3.308,62.10,206.00,1,0,1
7681,3.308,63.40,210.00,1,0,1
7684,3.308,62.10,206.00,1,0,1
7686,3.312,72.30,239.00,1,0,0
7689,3.268,147.20,482.00,1,0,0
7702,3.308,63.10,208.00,1,0,1
7704,3.308,62.10,206.00,1,0,1
7706,3.308,64.50,247.00,1,0,0
7709,3.308,62.00,205.00,1,0,0
7711,3.308,62.00,205.00,1,0,0
7714,3.280,144.50,234.00,1,0,0
7716,3.312,63.50,210.00,1,0,1
7719,3.312,62.10,205.00,1,0,1
7721,3.308,62.10,206.00,1,0,1
7724,3.312,62.00,205.00,1,0,1
7726,3.308,62.00,205.00,1,0,0
7729,3.312,62.00,205.00,1,0,0
7731,3.308,62.10,206.00,1,0,0
7734,3.312,62.00,205.00,1,0,0
7736,3.280,143.70,264.00,1,0,1
7739,3.308,62.10,205.00,1,0,1
7751,3.308,62.00,205.00,1,0,0
7754,3.312,62.00,205.00,1,0,0
7756,3.312,61.80,205.00,1,0,1
7759,3.300,126.90,460.00,1,0,1
7761,3.304,62.10,205.00,1,0,1
7764,3.292,98.60,324.00,1,0,1
7766,3.288,98.50,329.00,1,0,0
7769,3.292,62.00,205.00,1,0,0
7771,3.312,62.00,205.00,1,0,0
7773,3.308,61.90,205.00,1,0,0
7776,3.308,62.00,205.00,1,0,1
7778,3.312,62.10,205.00,1,0,1
7781,3.312,62.20,206.00,1,0,1
7783,3.264,94.60,313.00,1,0,1
7786,3.308,62.20,206.00,1,0,0
7788,3.312,61.90,205.00,1,0,0
7801,3.308,62.20,208.00,1,0,1
7803,3.308,101.10,469.00,1,0,1
7806,3.264,62.00,205.00,1,0,0
7808,3.312,64.70,215.00,1,0,0
7811,3.312,62.00,206.00,1,0,0
7813,3.312,62.20,206.00,1,0,0
7816,3.312,62.10,205.00,1,0,1
7818,3.312,62.10,205.00,1,0,1
7821,3.308,62.00,205.00,1,0,1
7823,3.308,62.00,203.00,1,0,1
7826,3.276,108.40,205.00,1,0,0
7828,3.300,62.10,206.00,1,0,0
7831,3.308,62.00,205.00,1,0,0
7833,3.308,62.00,205.00,1,0,0
7836,3.308,61.90,205.00,1,0,1
7838,3.308,62.00,205.00,1,0,1
7851,3.312,62.00,205.00,1,0,0
7853,3.312,62.00,205.00,1,0,0
7856,3.312,61.90,205.00,1,0,1
7858,3.304,62.00,205.00,1,0,1
7861,3.308,62.20,206.00,1,0,1
7863,3.312,62.10,205.00,1,0,1
7866,3.308,99.50,326.00,1,0,0
7868,3.284,100.10,329.00,1,0,0
7870,3.312,61.90,205.00,1,0,0
7873,3.312,61.90,205.00,1,0,0
7875,3.308,61.90,205.00,1,0,1
7878,3.308,62.10,206.00,1,0,1
7880,3.312,62.20,206.00,1,0,1
7883,3.312,62.20,206.00,1,0,1
7885,3.312,62.00,205.00,1,0,0
7888,3.308,61.80,205.00,1,0,0
7900,3.312,62.00,205.00,1,0,1
7903,3.308,62.10,206.00,1,0,1
7905,3.308,61.90,205.00,1,0,0
7908,3.300,62.20,205.00,1,0,0
7910,3.312,63.40,210.00,1,0,0
7913,3.312,62.10,203.00,1,0,0
7915,3.276,141.50,210.00,1,0,1
7918,3.312,62.00,205.00,1,0,1
7920,3.308,62.00,205.00,1,0,1
7923,3.312,62.10,205.00,1,0,1
7925,3.312,62.10,206.00,1,0,0
7928,3.300,62.10,205.00,1,0,0
7930,3.312,62.10,206.00,1,0,0
7933,3.312,62.10,205.00,1,0,0
7935,3.312,61.90,205.00,1,0,1
7938,3.264,125.50,208.00,1,0,1
7950,3.312,62.00,205.00,1,0,0
7953,3.312,61.90,205.00,1,0,0
7955,3.312,61.90,205.00,1,0,1
7958,3.308,62.00,205.00,1,0,1
7960,3.308,131.40,431.00,1,0,1
7963,3.276,62.30,206.00,1,0,1
7965,3.308,62.30,206.00,1,0,0
7967,3.308,110.00,329.00,1,0,0
7970,3.292,98.30,324.00,1,0,0
7972,3.296,61.90,205.00,1,0,0
7975,3.312,62.00,205.00,1,0,1
7977,3.312,62.10,205.00,1,0,1
7980,3.308,62.20,206.00,1,0,1
7982,3.312,140.30,392.00,1,0,1
7985,3.268,62.00,205.00,1,0,0
7997,3.312,62.10,206.00,1,0,1
8000,3.308,62.00,205.00,1,0,1
8002,3.308,61.90,205.00,1,0,1
8005,3.308,140.30,326.00,1,0,0
8007,3.260,62.10,206.00,1,0,0
8010,3.312,62.00,205.00,1,0,0
8012,3.312,62.00,205.00,1,0,0
8015,3.308,62.00,205.00,1,0,1
8017,3.308,61.90,205.00,1,0,1
8020,3.308,61.90,205.00,1,0,1
8022,3.308,62.00,205.00,1,0,1
8025,3.308,62.00,205.00,1,0,1
8027,3.300,127.70,460.00,1,0,0
8030,3.280,62.00,205.00,1,0,0
8032,3.308,61.90,205.00,1,0,0
8034,3.308,61.90,205.00,1,0,0
8047,3.312,82.90,469.00,1,0,0
8050,3.264,62.00,205.00,1,0,0
8052,3.308,61.90,205.00,1,0,0
8055,3.308,61.80,205.00,1,0,0
8057,3.312,62.00,205.00,1,0,1
8060,3.308,62.10,205.00,1,0,1
8062,3.308,63.00,208.00,1,0,1
8064,3.312,62.00,205.00,1,0,1
8067,3.312,69.10,229.00,1,0,0
8069,3.312,93.50,308.00,1,0,0
8072,3.292,98.10,321.00,1,0,0
8074,3.288,77.20,256.00,1,0,0
8077,3.312,63.60,210.00,1,0,1
8079,3.308,62.10,205.00,1,0,1
8082,3.308,62.00,205.00,1,0,1
8084,3.308,61.90,205.00,1,0,1
8097,3.276,117.80,390.00,1,0,1
8099,3.308,62.10,205.00,1,0,1
8102,3.308,61.90,205.00,1,0,1
8104,3.308,62.00,205.00,1,0,1
8107,3.308,64.80,205.00,1,0,0
8109,3.312,61.90,205.00,1,0,0
8112,3.312,61.90,205.00,1,0,0
8114,3.312,61.90,205.00,1,0,0
8117,3.308,93.10,419.00,1,0,1
8119,3.264,62.00,205.00,1,0,1
8122,3.308,63.20,210.00,1,0,1
8124,3.312,61.90,205.00,1,0,1
8127,3.312,74.20,246.00,1,0,0
8129,3.312,61.80,205.00,1,0,0
8131,3.312,61.90,205.00,1,0,0
8134,3.308,61.80,205.00,1,0,0
8147,3.312,72.40,239.00,1,0,0
8149,3.308,61.90,205.00,1,0,0
8152,3.312,61.80,205.00,1,0,0
8154,3.312,61.90,205.00,1,0,0
8157,3.312,70.70,234.00,1,0,1
8159,3.312,62.00,205.00,1,0,1
8161,3.312,62.00,203.00,1,0,1
8164,3.264,142.90,470.00,1,0,1
8166,3.308,62.10,205.00,1,0,0
8169,3.308,61.80,205.00,1,0,0
8171,3.312,84.40,277.00,1,0,0
8174,3.288,98.30,324.00,1,0,0
8176,3.292,91.00,301.00,1,0,1
8179,3.284,62.00,205.00,1,0,1
8181,3.312,62.00,205.00,1,0,1
8184,3.308,62.00,205.00,1,0,1
8196,3.312,61.90,205.00,1,0,1
8199,3.308,62.00,205.00,1,0,1
8201,3.312,62.10,205.00,1,0,1
8204,3.312,62.00,205.00,1,0,1
8206,3.308,70.60,234.00,1,0,0
8209,3.312,140.10,457.00,1,0,0
8211,3.292,62.00,205.00,1,0,0
8214,3.312,61.90,205.00,1,0,0
8216,3.312,61.80,203.00,1,0,1
8219,3.308,62.00,205.00,1,0,1
8221,3.308,62.00,208.00,1,0,1
8224,3.312,62.00,205.00,1,0,1
8226,3.312,62.00,205.00,1,0,0
8229,3.312,61.90,205.00,1,0,0
8231,3.312,143.60,469.00,1,0,0
8233,3.304,62.00,205.00,1,0,0
8246,3.308,61.90,205.00,1,0,0
8249,3.308,61.80,205.00,1,0,0
8251,3.312,61.90,205.00,1,0,0
8254,3.312,61.90,205.00,1,0,0
8256,3.312,143.60,472.00,1,0,1
8258,3.284,62.00,205.00,1,0,1
8261,3.312,62.00,205.00,1,0,1
8263,3.312,61.90,205.00,1,0,1
8266,3.312,62.00,205.00,1,0,0
8268,3.300,61.90,205.00,1,0,0
8271,3.312,61.80,205.00,1,0,0
8273,3.312,61.90,238.00,1,0,0
8276,3.284,98.50,323.00,1,0,1
8278,3.288,106.40,351.00,1,0,1
8281,3.308,62.20,205.00,1,0,1
8283,3.308,62.20,206.00,1,0,1
8296,3.312,62.00,205.00,1,0,1
8298,3.312,62.10,205.00,1,0,1
8301,3.264,147.70,349.00,1,0,1
8303,3.308,62.20,206.00,1,0,1
8306,3.312,62.20,206.00,1,0,0
8308,3.312,61.90,205.00,1,0,0
8311,3.312,62.00,205.00,1,0,0
8313,3.312,62.00,205.00,1,0,0
8316,3.312,62.10,208.00,1,0,1
8318,3.308,62.10,206.00,1,0,1
8321,3.312,62.20,206.00,1,0,1
8323,3.312,62.10,205.00,1,0,1
8326,3.276,132.80,221.00,1,0,0
8328,3.308,62.00,205.00,1,0,0
8330,3.312,62.00,205.00,1,0,0
8333,3.312,62.10,206.00,1,0,0
8346,3.312,62.10,205.00,1,0,0
8348,3.304,140.40,460.00,1,0,0
8351,3.264,72.10,239.00,1,0,0
8353,3.312,62.10,205.00,1,0,0
8355,3.308,62.00,205.00,1,0,1
8358,3.308,62.10,205.00,1,0,1
8360,3.308,62.00,205.00,1,0,1
8363,3.308,62.00,205.00,1,0,1
8365,3.312,62.20,206.00,1,0,0
8368,3.300,62.00,205.00,1,0,0
8370,3.312,62.00,205.00,1,0,0
8373,3.312,102.90,338.00,1,0,0
8375,3.268,107.90,357.00,1,0,1
8378,3.280,98.30,324.00,1,0,1
8380,3.284,93.50,308.00,1,0,1
8383,3.308,62.20,206.00,1,0,1
8395,3.312,99.00,324.00,1,0,1
8398,3.260,68.10,206.00,1,0,1
8400,3.312,62.20,206.00,1,0,1
8403,3.308,62.10,206.00,1,0,1
8405,3.308,62.10,205.00,1,0,0
8408,3.308,61.90,205.00,1,0,0
8410,3.312,61.90,205.00,1,0,0
8413,3.308,62.00,205.00,1,0,0
8415,3.308,62.10,206.00,1,0,1
8418,3.308,62.20,203.00,1,0,1
8420,3.276,118.80,206.00,1,0,1
8423,3.308,63.70,211.00,1,0,1
8425,3.312,62.00,205.00,1,0,0
8427,3.300,65.00,215.00,1,0,0
8430,3.312,62.10,205.00,1,0,0
8432,3.308,62.00,205.00,1,0,0
8445,3.308,62.20,206.00,1,0,0
8448,3.300,62.10,206.00,1,0,0
8450,3.312,62.00,206.00,1,0,0
8453,3.312,62.00,205.00,1,0,0
8455,3.308,61.90,205.00,1,0,1
8457,3.304,64.70,205.00,1,0,1
8460,3.308,103.60,338.00,1,0,1
8462,3.300,62.30,206.00,1,0,1
8465,3.308,62.30,206.00,1,0,0
8467,3.308,62.10,205.00,1,0,0
8470,3.308,62.00,205.00,1,0,0
8472,3.308,61.90,205.00,1,0,0
8475,3.308,61.90,205.00,1,0,1
8477,3.308,62.10,206.00,1,0,1
8480,3.284,98.50,331.00,1,0,1
8482,3.292,99.70,331.00,1,0,1
8495,3.312,61.90,205.00,1,0,1
8497,3.308,62.10,205.00,1,0,1
8500,3.308,62.10,206.00,1,0,1
8502,3.312,62.80,205.00,1,0,1
8505,3.308,61.90,205.00,1,0,0
8507,3.264,150.10,490.00,1,0,0
8510,3.308,61.90,205.00,1,0,0
8512,3.312,62.00,205.00,1,0,0
8515,3.312,62.00,205.00,1,0,0
8517,3.312,72.80,206.00,1,0,1
8520,3.312,61.90,205.00,1,0,1
8522,3.308,61.90,205.00,1,0,1
8524,3.308,61.90,213.00,1,0,1
8527,3.308,62.00,205.00,1,0,0
8529,3.312,62.00,202.00,1,0,0
8532,3.264,72.10,239.00,1,0,0
8545,3.308,62.00,205.00,1,0,1
8547,3.308,66.50,205.00,1,0,0
8550,3.312,62.00,205.00,1,0,0
8552,3.312,139.30,459.00,1,0,0
8554,3.264,89.50,205.00,1,0,0
8557,3.308,61.90,205.00,1,0,1
8559,3.312,62.00,205.00,1,0,1
8562,3.308,63.00,206.00,1,0,1
8564,3.312,62.20,206.00,1,0,1
8567,3.312,74.00,244.00,1,0,0
8569,3.308,61.80,205.00,1,0,0
8572,3.312,61.80,205.00,1,0,0
8574,3.312,61.80,205.00,1,0,0
8577,3.292,173.50,285.00,1,0,1
8579,3.308,62.20,206.00,1,0,1
8582,3.288,99.70,328.00,1,0,1
8594,3.312,62.00,205.00,1,0,0
8597,3.312,62.90,208.00,1,0,1
8599,3.308,78.40,465.00,1,0,1
8602,3.264,62.00,205.00,1,0,1
8604,3.308,61.90,205.00,1,0,1
8607,3.312,61.80,205.00,1,0,0
8609,3.312,61.90,205.00,1,0,0
8612,3.312,62.00,205.00,1,0,0
8614,3.312,62.00,206.00,1,0,0
8617,3.312,62.00,205.00,1,0,1
8619,3.312,61.90,205.00,1,0,1
8622,3.312,61.90,457.00,1,0,1
8624,3.260,98.60,326.00,1,0,1
8626,3.308,64.10,211.00,1,0,0
8629,3.312,62.00,205.00,1,0,0
8631,3.312,62.00,205.00,1,0,0
8644,3.292,113.50,392.00,1,0,1
8647,3.276,73.10,242.00,1,0,0
8649,3.308,62.00,205.00,1,0,0
8651,3.312,61.80,205.00,1,0,0
8654,3.312,61.80,205.00,1,0,0
8656,3.312,61.80,205.00,1,0,1
8659,3.312,62.00,205.00,1,0,1
8661,3.312,62.70,208.00,1,0,1
8664,3.308,62.10,206.00,1,0,1
8666,3.308,62.00,482.00,1,0,0
8669,3.260,61.90,205.00,1,0,0
8671,3.312,61.80,205.00,1,0,0
8674,3.312,61.80,205.00,1,0,0
8676,3.312,63.00,208.00,1,0,1
8679,3.308,62.00,205.00,1,0,1
8681,3.308,62.10,206.00,1,0,1
8694,3.308,62.10,205.00,1,0,0
8696,3.308,62.10,241.00,1,0,1
8699,3.308,62.10,205.00,1,0,1
8701,3.308,62.00,205.00,1,0,1
8704,3.308,62.00,205.00,1,0,1
8706,3.308,62.60,206.00,1,0,0
8709,3.308,62.00,205.00,1,0,0
8711,3.308,62.00,203.00,1,0,0
8714,3.264,142.40,470.00,1,0,0
8716,3.312,62.00,205.00,1,0,1
8719,3.308,62.00,205.00,1,0,1
8721,3.308,62.00,205.00,1,0,1
8723,3.308,62.10,205.00,1,0,1
8726,3.308,62.10,228.00,1,0,0
8728,3.304,62.10,206.00,1,0,0
8731,3.312,62.00,205.00,1,0,0
8743,3.308,62.10,205.00,1,0,1
8746,3.308,67.70,224.00,1,0,0
8748,3.312,62.00,205.00,1,0,0
8751,3.312,61.90,205.00,1,0,0
8753,3.312,61.90,205.00,1,0,0
8756,3.312,61.90,220.00,1,0,1
8758,3.304,113.50,370.00,1,0,1
8761,3.300,62.30,206.00,1,0,1
8768,3.312,61.90,205.00,1,0,0
8771,3.312,61.90,205.00,1,0,0
8773,3.312,62.00,205.00,1,0,0
8776,3.312,62.00,205.00,1,0,1
8778,3.312,62.20,205.00,1,0,1
8781,3.308,62.00,205.00,1,0,1
8783,3.264,145.50,477.00,1,0,1
8785,3.308,62.00,342.00,1,0,0
8788,3.272,104.50,323.00,1,0,0
8790,3.288,93.80,308.00,1,0,0
8793,3.312,62.00,205.00,1,0,0
8795,3.312,62.00,205.00,1,0,1
8798,3.312,62.00,205.00,1,0,1
8800,3.308,62.00,205.00,1,0,1
8803,3.308,61.90,205.00,1,0,1
8805,3.312,148.10,485.00,1,0,0
8818,3.300,61.90,205.00,1,0,1
8820,3.312,62.00,205.00,1,0,1
8823,3.308,62.00,205.00,1,0,1
8825,3.308,62.10,206.00,1,0,0
8828,3.308,62.00,205.00,1,0,0
8830,3.284,97.90,392.00,1,0,0
8833,3.288,62.00,205.00,1,0,0
8835,3.308,61.90,205.00,1,0,1
8838,3.312,63.00,206.00,1,0,1
8840,3.312,62.00,205.00,1,0,1
8843,3.312,62.10,205.00,1,0,1
8845,3.312,62.00,205.00,1,0,0
8848,3.308,73.00,205.00,1,0,0
8850,3.312,61.90,205.00,1,0,0
8853,3.308,61.90,205.00,1,0,0
8855,3.268,143.80,233.00,1,0,1
8868,3.304,62.00,205.00,1,0,0
8870,3.312,62.00,205.00,1,0,0
8873,3.308,61.90,205.00,1,0,0
8875,3.312,61.90,205.00,1,0,1
8878,3.312,141.00,462.00,1,0,1
8880,3.276,132.00,437.00,1,0,1
8883,3.308,62.10,205.00,1,0,1
8885,3.312,62.00,205.00,1,0,0
8887,3.300,62.00,205.00,1,0,0
8890,3.288,95.60,323.00,1,0,0
8892,3.288,98.20,279.00,1,0,0
8895,3.312,62.00,205.00,1,0,1
8897,3.312,62.10,205.00,1,0,1
8900,3.268,87.40,244.00,1,0,1
8902,3.312,62.20,206.00,1,0,1
8905,3.312,62.10,205.00,1,0,0
8917,3.308,62.10,206.00,1,0,1
8920,3.264,144.60,334.00,1,0,1
8922,3.304,62.10,205.00,1,0,1
8925,3.308,62.10,206.00,1,0,0
8927,3.308,73.60,205.00,1,0,0
8930,3.312,62.00,205.00,1,0,0
8932,3.312,62.00,205.00,1,0,0
8935,3.308,62.00,205.00,1,0,1
8937,3.308,62.10,205.00,1,0,1
8940,3.308,63.00,208.00,1,0,1
8942,3.308,62.70,203.00,1,0,1
8945,3.264,115.40,382.00,1,0,1
8947,3.308,67.50,223.00,1,0,0
8950,3.308,61.90,205.00,1,0,0
8952,3.308,62.00,205.00,1,0,0
8954,3.312,62.00,205.00,1,0,0
8967,3.308,137.90,451.00,1,0,0
8970,3.304,62.10,206.00,1,0,0
8972,3.308,62.00,205.00,1,0,0
8975,3.312,61.90,205.00,1,0,0
8977,3.308,62.00,205.00,1,0,1
8980,3.308,62.10,205.00,1,0,1
8982,3.308,62.10,206.00,1,0,1
8984,3.312,62.10,206.00,1,0,1
8987,3.308,68.20,457.00,1,0,0
8989,3.268,105.10,347.00,1,0,0
8992,3.312,101.50,333.00,1,0,0
8994,3.288,98.30,311.00,1,0,0
8997,3.288,61.80,205.00,1,0,1
8999,3.308,62.00,205.00,1,0,1
9002,3.308,63.30,210.00,1,0,1
9014,3.248,73.40,242.00,1,0,0
9017,3.312,63.50,205.00,1,0,1
9019,3.312,62.00,205.00,1,0,1
9022,3.308,62.90,208.00,1,0,1
9024,3.312,61.90,205.00,1,0,1
9027,3.312,69.50,229.00,1,0,0
9029,3.312,61.80,205.00,1,0,0
9032,3.312,62.00,205.00,1,0,0
9034,3.312,84.80,279.00,1,0,0
9037,3.264,111.40,369.00,1,0,1
9039,3.312,62.10,205.00,1,0,1
9042,3.312,62.80,208.00,1,0,1
9044,3.312,61.90,205.00,1,0,1
9047,3.312,61.90,205.00,1,0,0
9049,3.312,62.00,205.00,1,0,0
9051,3.312,61.90,205.00,1,0,0
9064,3.312,62.10,206.00,1,0,1
9067,3.312,65.30,216.00,1,0,0
9069,3.312,61.90,205.00,1,0,0
9072,3.312,61.80,205.00,1,0,0
9074,3.312,61.80,205.00,1,0,0
9076,3.312,61.80,205.00,1,0,1
9079,3.308,92.50,301.00,1,0,1
9081,3.312,63.20,210.00,1,0,1
9084,3.308,62.00,205.00,1,0,1
9086,3.312,74.10,246.00,1,0,0
9089,3.312,61.80,205.00,1,0,0
9091,3.312,61.70,205.00,1,0,0
9094,3.312,90.00,323.00,1,0,0
9096,3.288,98.50,324.00,1,0,1
9099,3.308,62.10,205.00,1,0,1
9101,3.276,140.40,213.00,1,0,1
9114,3.312,61.90,205.00,1,0,0
9116,3.312,71.20,236.00,1,0,1
9119,3.312,62.00,203.00,1,0,1
9121,3.256,142.20,205.00,1,0,1
9124,3.308,61.90,205.00,1,0,1
9126,3.312,61.90,205.00,1,0,0
9129,3.312,61.80,205.00,1,0,0
9131,3.312,62.00,205.00,1,0,0
9134,3.312,61.90,205.00,1,0,0
9136,3.312,61.90,208.00,1,0,1
9139,3.312,61.90,205.00,1,0,1
9141,3.312,61.90,205.00,1,0,1
9144,3.312,61.90,483.00,1,0,1
9146,3.272,63.70,210.00,1,0,0
9148,3.300,62.00,205.00,1,0,0
9151,3.312,62.00,205.00,1,0,0
9164,3.312,62.10,206.00,1,0,1
9166,3.312,107.30,419.00,1,0,0
9169,3.268,62.00,205.00,1,0,0
9171,3.312,61.80,205.00,1,0,0
9173,3.312,61.80,205.00,1,0,0
9176,3.312,61.80,205.00,1,0,1
9178,3.308,62.10,205.00,1,0,1
9181,3.308,62.10,210.00,1,0,1
9183,3.312,62.00,205.00,1,0,1
9186,3.312,61.90,205.00,1,0,0
9188,3.312,61.70,203.00,1,0,0
9191,3.292,119.10,392.00,1,0,0
9193,3.312,61.80,205.00,1,0,0
9196,3.312,77.90,328.00,1,0,1
9198,3.280,98.50,324.00,1,0,1
9201,3.292,93.30,306.00,1,0,1
9213,3.260,62.20,206.00,1,0,0
9216,3.312,62.10,206.00,1,0,1
9218,3.312,62.20,205.00,1,0,1
9221,3.312,61.90,205.00,1,0,1
9223,3.308,62.00,205.00,1,0,1
9226,3.308,62.00,205.00,1,0,0
9228,3.300,62.10,206.00,1,0,0
9231,3.312,62.00,205.00,1,0,0
9233,3.312,118.10,567.00,1,0,0
9236,3.276,62.00,205.00,1,0,1
9238,3.308,62.10,206.00,1,0,1
9241,3.312,62.00,205.00,1,0,1
9243,3.308,62.20,206.00,1,0,1
9245,3.308,65.30,216.00,1,0,0
9248,3.304,62.10,205.00,1,0,0
9250,3.312,62.10,205.00,1,0,0
9263,3.312,62.20,206.00,1,0,1
9266,3.308,62.20,206.00,1,0,0
9268,3.312,61.90,205.00,1,0,0
9270,3.312,61.90,205.00,1,0,0
9273,3.312,61.90,205.00,1,0,0
9275,3.312,62.00,205.00,1,0,1
9278,3.304,132.40,459.00,1,0,1
9280,3.280,62.20,206.00,1,0,1
9283,3.312,62.20,206.00,1,0,1
9285,3.312,62.00,205.00,1,0,0
9288,3.308,61.90,205.00,1,0,0
9290,3.312,61.80,205.00,1,0,0
9293,3.312,62.00,205.00,1,0,0
9295,3.312,62.00,205.00,1,0,1
9298,3.312,66.80,220.00,1,0,1
9300,3.288,101.70,323.00,1,0,1
9313,3.308,62.10,206.00,1,0,0
9315,3.312,62.10,205.00,1,0,1
9318,3.312,62.00,205.00,1,0,1
9320,3.312,62.00,205.00,1,0,1
9323,3.308,62.00,205.00,1,0,1
9325,3.312,62.10,205.00,1,0,0
9328,3.256,111.60,364.00,1,0,0
9330,3.308,62.20,206.00,1,0,0
9333,3.308,62.00,205.00,1,0,0
9335,3.312,61.90,205.00,1,0,1
9338,3.308,61.90,205.00,1,0,1
9340,3.312,62.10,206.00,1,0,1
9342,3.308,62.10,205.00,1,0,1
9345,3.308,62.40,206.00,1,0,0
9347,3.312,62.10,206.00,1,0,0
9350,3.312,62.00,205.00,1,0,0
9363,3.312,62.20,206.00,1,0,1
9365,3.312,62.10,206.00,1,0,0
9368,3.312,73.90,205.00,1,0,0
9370,3.312,61.90,205.00,1,0,0
9372,3.312,61.90,205.00,1,0,0
9375,3.312,140.10,393.00,1,0,1
9377,3.292,62.20,206.00,1,0,1
9380,3.312,62.20,206.00,1,0,1
9382,3.312,62.10,205.00,1,0,1
9385,3.308,62.00,205.00,1,0,0
9387,3.304,63.00,208.00,1,0,0
9390,3.312,62.00,205.00,1,0,0
9392,3.308,62.00,205.00,1,0,0
9395,3.312,62.00,203.00,1,0,0
9397,3.252,133.60,300.00,1,0,1
9400,3.308,62.20,203.00,1,0,1
9412,3.312,61.90,205.00,1,0,0
9415,3.312,62.00,205.00,1,0,1
9417,3.276,148.80,485.00,1,0,1
9420,3.312,62.10,205.00,1,0,1
9422,3.308,62.00,205.00,1,0,1
9425,3.312,62.00,205.00,1,0,1
9427,3.308,70.40,205.00,1,0,0
9430,3.308,62.00,205.00,1,0,0
9432,3.312,62.00,205.00,1,0,0
9435,3.312,61.90,205.00,1,0,0
9437,3.312,61.90,205.00,1,0,1
9439,3.312,62.00,205.00,1,0,1
9442,3.264,143.00,206.00,1,0,1
9444,3.312,62.10,206.00,1,0,1
9447,3.308,77.30,256.00,1,0,0
9449,3.312,61.90,205.00,1,0,0
9462,3.272,120.70,395.00,1,0,1
9465,3.312,62.10,205.00,1,0,1
9467,3.308,67.80,224.00,1,0,0
9469,3.312,61.80,205.00,1,0,0
9472,3.312,61.90,205.00,1,0,0
9474,3.308,61.90,205.00,1,0,0
9477,3.312,72.00,239.00,1,0,1
9479,3.312,62.00,205.00,1,0,1
9482,3.308,112.30,367.00,1,0,1
9484,3.304,62.00,205.00,1,0,1
9487,3.312,62.00,205.00,1,0,0
9489,3.312,62.00,205.00,1,0,0
9492,3.312,62.00,205.00,1,0,0
9494,3.312,62.00,205.00,1,0,0
9497,3.312,62.00,205.00,1,0,1
9499,3.312,62.00,205.00,1,0,1
9512,3.312,62.00,205.00,1,0,0
9514,3.312,62.00,205.00,1,0,0
9517,3.312,61.90,205.00,1,0,1
9519,3.312,62.00,205.00,1,0,1
9522,3.312,62.80,208.00,1,0,1
9524,3.308,62.00,205.00,1,0,1
9527,3.312,71.90,238.00,1,0,0
9529,3.312,108.20,354.00,1,0,0
9532,3.268,108.70,205.00,1,0,0
9534,3.308,62.00,205.00,1,0,0
9537,3.312,64.50,213.00,1,0,1
9539,3.308,62.00,205.00,1,0,1
9541,3.308,63.10,210.00,1,0,1
9544,3.312,62.00,205.00,1,0,1
9546,3.308,61.90,236.00,1,0,0
9549,3.312,64.50,213.00,1,0,0
9562,3.308,62.00,205.00,1,0,1
9564,3.308,62.00,205.00,1,0,1
9566,3.312,62.00,205.00,1,0,0
9569,3.312,61.90,205.00,1,0,0
9571,3.312,61.90,205.00,1,0,0
9574,3.268,119.10,392.00,1,0,0
9576,3.312,62.00,206.00,1,0,1
9579,3.312,62.10,206.00,1,0,1
9581,3.308,61.90,205.00,1,0,1
9584,3.312,62.00,205.00,1,0,1
9586,3.312,63.90,211.00,1,0,0
9589,3.308,61.90,205.00,1,0,0
9591,3.312,61.90,205.00,1,0,0
9594,3.312,61.90,205.00,1,0,0
9596,3.312,140.30,460.00,1,0,1
9599,3.264,70.70,206.00,1,0,1
9611,3.304,62.00,205.00,1,0,0
9614,3.312,62.00,205.00,1,0,0
9616,3.312,62.00,205.00,1,0,1
9619,3.308,142.10,464.00,1,0,1
9621,3.268,71.50,210.00,1,0,1
9624,3.312,62.10,205.00,1,0,1
9626,3.308,62.00,205.00,1,0,0
9629,3.312,62.00,205.00,1,0,0
9631,3.312,62.00,205.00,1,0,0
9634,3.308,62.10,206.00,1,0,0
9636,3.312,62.00,208.00,1,0,1
9638,3.312,62.00,205.00,1,0,1
9641,3.276,102.90,334.00,1,0,1
9643,3.288,62.10,206.00,1,0,1
9646,3.312,62.10,205.00,1,0,0
9648,3.312,62.00,205.00,1,0,0
9661,3.264,145.10,474.00,1,0,1
9663,3.308,62.00,205.00,1,0,1
9666,3.308,62.10,208.00,1,0,0
9668,3.300,62.10,206.00,1,0,0
9671,3.312,62.00,205.00,1,0,0
9673,3.312,62.00,205.00,1,0,0
9676,3.312,62.00,205.00,1,0,1
9678,3.312,62.10,206.00,1,0,1
9681,3.308,62.10,203.00,1,0,1
9683,3.264,79.00,262.00,1,0,1
9686,3.308,62.20,206.00,1,0,0
9688,3.308,62.00,205.00,1,0,0
9691,3.312,61.90,205.00,1,0,0
9693,3.308,62.00,205.00,1,0,0
9696,3.312,62.00,205.00,1,0,1
9698,3.308,62.10,206.00,1,0,1
9711,3.296,100.40,329.00,1,0,0
9713,3.312,62.00,205.00,1,0,0
9716,3.308,62.10,221.00,1,0,1
9718,3.304,62.20,206.00,1,0,1
9721,3.312,62.10,206.00,1,0,1
9723,3.308,62.00,205.00,1,0,1
9726,3.312,62.00,460.00,1,0,0
9728,3.280,73.00,242.00,1,0,0
9731,3.312,62.10,206.00,1,0,0
9733,3.312,62.10,206.00,1,0,0
9735,3.312,62.00,205.00,1,0,1
9738,3.308,62.10,206.00,1,0,1
9740,3.312,62.00,205.00,1,0,1
9743,3.308,62.00,205.00,1,0,1
9745,3.308,62.00,205.00,1,0,0
9748,3.300,140.00,392.00,1,0,0
9760,3.308,62.10,205.00,1,0,1
9763,3.308,62.10,205.00,1,0,1
9765,3.308,62.20,206.00,1,0,0
9768,3.304,133.00,308.00,1,0,0
9770,3.248,87.10,206.00,1,0,0
9773,3.312,62.00,205.00,1,0,0
9775,3.308,62.00,205.00,1,0,1
9778,3.300,62.10,206.00,1,0,1
9780,3.312,62.20,206.00,1,0,1
9783,3.312,62.20,206.00,1,0,1
9785,3.312,62.10,206.00,1,0,0
9788,3.312,124.10,408.00,1,0,0
9790,3.276,86.50,287.00,1,0,0
9793,3.312,62.00,205.00,1,0,0
9795,3.312,62.00,205.00,1,0,1
9798,3.308,62.30,206.00,1,0,1
9810,3.308,104.90,346.00,1,0,0
9813,3.288,98.20,328.00,1,0,0
9815,3.288,62.10,205.00,1,0,1
9818,3.308,62.00,205.00,1,0,1
9820,3.312,62.00,205.00,1,0,1
9823,3.308,61.90,205.00,1,0,1
9825,3.312,61.90,205.00,1,0,0
9828,3.300,64.60,215.00,1,0,0
9830,3.312,62.00,205.00,1,0,0
9832,3.312,147.90,483.00,1,0,0
9835,3.312,62.10,206.00,1,0,1
9837,3.308,71.80,205.00,1,0,1
9840,3.308,62.00,205.00,1,0,1
9842,3.308,61.90,205.00,1,0,1
9845,3.312,62.00,206.00,1,0,0
9847,3.312,62.00,205.00,1,0,0
9860,3.308,61.90,205.00,1,0,1
9862,3.312,62.10,205.00,1,0,1
9865,3.312,62.20,205.00,1,0,0
9867,3.308,62.00,205.00,1,0,0
9870,3.312,61.80,205.00,1,0,0
9872,3.312,61.80,205.00,1,0,0
9875,3.312,61.80,202.00,1,0,1
9877,3.264,94.40,311.00,1,0,1
9880,3.312,62.10,206.00,1,0,1
9882,3.308,63.40,206.00,1,0,1
9885,3.312,62.00,205.00,1,0,1
9887,3.308,73.20,242.00,1,0,0
9890,3.312,61.80,205.00,1,0,0
9892,3.312,61.90,205.00,1,0,0
9895,3.312,62.00,205.00,1,0,0
9897,3.268,103.20,470.00,1,0,1
9910,3.312,61.80,205.00,1,0,0
9912,3.312,101.50,334.00,1,0,0
9915,3.292,98.20,323.00,1,0,0
9917,3.288,89.10,415.00,1,0,1
9920,3.264,108.60,359.00,1,0,1
9922,3.308,62.00,205.00,1,0,1
9925,3.308,62.00,205.00,1,0,1
9927,3.308,62.10,206.00,1,0,0
9929,3.312,62.10,205.00,1,0,0
9932,3.312,62.00,205.00,1,0,0
9934,3.312,62.00,205.00,1,0,0
9937,3.312,62.00,205.00,1,0,1
9939,3.312,62.00,205.00,1,0,1
9942,3.272,127.40,365.00,1,0,1
9944,3.312,62.20,206.00,1,0,1
9957,3.312,62.00,205.00,1,0,1
9959,3.308,62.00,205.00,1,0,1
9962,3.308,62.80,205.00,1,0,1
9964,3.308,73.50,241.00,1,0,1
9967,3.276,146.30,483.00,1,0,0
9969,3.312,61.90,205.00,1,0,0
9972,3.312,61.80,205.00,1,0,0
9974,3.312,61.90,205.00,1,0,0
9977,3.312,63.30,210.00,1,0,1
9979,3.312,62.10,206.00,1,0,1
9982,3.312,63.20,210.00,1,0,1
9984,3.308,62.00,205.00,1,0,1
9987,3.276,131.90,411.00,1,0,0
9989,3.308,61.90,205.00,1,0,0
9992,3.312,62.00,205.00,1,0,0
9994,3.312,62.00,205.00,1,0,0
10007,3.308,61.90,205.00,1,0,0
10009,3.312,124.90,408.00,1,0,0
10012,3.308,62.10,206.00,1,0,0
10014,3.312,62.10,310.00,1,0,0
10017,3.292,109.00,359.00,1,0,1
10019,3.292,95.10,313.00,1,0,1
10021,3.312,62.10,206.00,1,0,1
10024,3.312,62.10,206.00,1,0,1
10026,3.312,65.60,216.00,1,0,0
10029,3.312,62.10,206.00,1,0,0
10031,3.312,62.10,464.00,1,0,0
10034,3.264,62.00,205.00,1,0,0
10036,3.312,61.90,205.00,1,0,1
10039,3.308,62.00,205.00,1,0,1
10051,3.312,62.00,423.00,1,0,0
10054,3.276,62.00,205.00,1,0,0
10056,3.312,62.90,208.00,1,0,1
10059,3.312,62.10,206.00,1,0,1
10061,3.312,63.20,210.00,1,0,1
10064,3.308,62.20,206.00,1,0,1
10066,3.312,62.90,239.00,1,0,0
10069,3.312,61.90,205.00,1,0,0
10071,3.312,61.90,205.00,1,0,0
10074,3.308,62.00,241.00,1,0,0
10076,3.268,143.00,469.00,1,0,1
10079,3.280,62.30,206.00,1,0,1
10081,3.312,62.20,206.00,1,0,1
10084,3.308,62.10,205.00,1,0,1
10096,3.312,62.10,208.00,1,0,1
10099,3.308,62.00,203.00,1,0,1
10101,3.248,130.00,429.00,1,0,1
10104,3.308,62.10,205.00,1,0,1
10106,3.308,63.70,210.00,1,0,0
10109,3.312,62.10,205.00,1,0,0
10111,3.312,62.00,206.00,1,0,0
10114,3.312,62.10,205.00,1,0,0
10116,3.308,62.00,205.00,1,0,1
10118,3.292,97.40,323.00,1,0,1
10121,3.292,95.30,315.00,1,0,1
10123,3.308,61.90,205.00,1,0,1
10126,3.312,62.00,238.00,1,0,0
10128,3.304,62.00,205.00,1,0,0
10141,3.312,62.00,205.00,1,0,1
10144,3.268,141.60,469.00,1,0,1
10146,3.308,62.00,205.00,1,0,0
10148,3.312,61.90,205.00,1,0,0
10151,3.312,61.80,205.00,1,0,0
10153,3.312,61.80,205.00,1,0,0
10156,3.308,61.90,208.00,1,0,1
10158,3.312,62.00,205.00,1,0,1
10161,3.312,62.00,205.00,1,0,1
10163,3.308,62.00,205.00,1,0,1
10166,3.308,128.90,424.00,1,0,0
10168,3.288,150.00,495.00,1,0,0
10171,3.312,61.90,205.00,1,0,0
10173,3.312,61.90,205.00,1,0,0
10186,3.312,61.90,205.00,1,0,0
10188,3.300,61.90,205.00,1,0,0
10191,3.280,143.40,469.00,1,0,0
10193,3.312,62.00,205.00,1,0,0
10196,3.312,61.90,205.00,1,0,1
10198,3.312,62.00,205.00,1,0,1
10201,3.308,62.00,205.00,1,0,1
10203,3.312,62.00,205.00,1,0,1
10206,3.308,62.00,205.00,1,0,0
10208,3.304,61.90,205.00,1,0,0
10211,3.312,61.90,205.00,1,0,0
10213,3.308,95.10,311.00,1,0,0
10216,3.276,114.00,205.00,1,0,1
10218,3.312,61.90,205.00,1,0,1
10231,3.312,62.00,205.00,1,0,0
10233,3.312,62.00,205.00,1,0,0
10236,3.312,62.00,205.00,1,0,1
10238,3.280,92.20,392.00,1,0,1
10241,3.288,62.10,205.00,1,0,1
10243,3.312,62.10,206.00,1,0,1
10245,3.312,62.10,205.00,1,0,0
10248,3.308,62.00,205.00,1,0,0
10250,3.312,61.90,205.00,1,0,0
10253,3.312,62.00,205.00,1,0,0
10255,3.312,62.00,205.00,1,0,1
10258,3.312,62.20,206.00,1,0,1
10260,3.312,94.90,501.00,1,0,1
10263,3.276,62.10,205.00,1,0,1
10275,3.312,62.00,205.00,1,0,1
10278,3.308,62.10,206.00,1,0,1
10280,3.308,62.00,205.00,1,0,1
10283,3.308,111.00,378.00,1,0,1
10285,3.260,62.20,206.00,1,0,0
10288,3.304,62.10,206.00,1,0,0
10290,3.312,62.00,205.00,1,0,0
10293,3.312,61.90,205.00,1,0,0
10295,3.312,62.00,205.00,1,0,1
10298,3.312,62.10,205.00,1,0,1
10300,3.308,62.10,205.00,1,0,1
10303,3.312,62.10,206.00,1,0,1
10305,3.312,62.10,403.00,1,0,0
10308,3.288,96.20,318.00,1,0,0
10320,3.312,62.10,206.00,1,0,1
10323,3.280,102.90,339.00,1,0,1
10325,3.288,98.30,306.00,1,0,0
10328,3.288,85.40,280.00,1,0,0
10330,3.276,153.70,506.00,1,0,0
10333,3.312,62.00,205.00,1,0,0
10335,3.312,62.00,205.00,1,0,1
10338,3.312,61.90,205.00,1,0,1
10340,3.312,62.00,205.00,1,0,1
10342,3.308,61.90,205.00,1,0,1
10345,3.308,61.90,205.00,1,0,1
10347,3.308,61.90,205.00,1,0,1
10350,3.292,110.30,310.00,1,0,0
10362,3.312,61.90,205.00,1,0,1
10365,3.312,62.10,206.00,1,0,1
10367,3.304,62.00,205.00,1,0,1
10370,3.312,62.00,205.00,1,0,0
10372,3.312,61.90,203.00,1,0,0
10375,3.292,140.60,460.00,1,0,0
10377,3.312,61.90,205.00,1,0,0
10380,3.312,61.90,205.00,1,0,1
10382,3.312,62.00,205.00,1,0,1
10385,3.312,62.00,205.00,1,0,1
10387,3.312,63.00,205.00,1,0,1
10390,3.312,61.90,205.00,1,0,1
10392,3.308,72.50,241.00,1,0,0
10395,3.312,61.80,205.00,1,0,0
10407,3.308,61.90,205.00,1,0,1
10410,3.312,61.90,205.00,1,0,0
10412,3.304,63.10,210.00,1,0,0
10415,3.312,62.00,205.00,1,0,0
10417,3.312,61.90,205.00,1,0,0
10420,3.312,61.90,205.00,1,0,0
10422,3.312,71.40,455.00,1,0,1
10425,3.272,98.70,324.00,1,0,1
10427,3.292,98.20,323.00,1,0,1
10430,3.288,93.30,306.00,1,0,1
10432,3.308,64.10,206.00,1,0,0
10434,3.312,62.00,205.00,1,0,0
10437,3.312,62.00,205.00,1,0,0
10439,3.312,61.90,205.00,1,0,0
10452,3.312,70.60,205.00,1,0,0
10455,3.312,61.90,205.00,1,0,0
10457,3.312,61.80,205.00,1,0,0
10459,3.312,61.80,205.00,1,0,0
10462,3.312,62.00,205.00,1,0,1
10464,3.312,62.10,206.00,1,0,1
10467,3.312,63.00,205.00,1,0,1
10469,3.296,123.90,406.00,1,0,1
10472,3.308,75.00,249.00,1,0,0
10474,3.312,61.90,205.00,1,0,0
10477,3.308,61.90,205.00,1,0,0
10479,3.312,62.00,205.00,1,0,0
10482,3.312,67.90,224.00,1,0,1
10484,3.312,62.10,206.00,1,0,1
10497,3.312,62.00,205.00,1,0,0
10499,3.312,62.00,205.00,1,0,0
10502,3.312,62.70,208.00,1,0,1
10504,3.312,61.90,205.00,1,0,1
10507,3.312,61.90,205.00,1,0,1
10509,3.312,62.00,205.00,1,0,1
10512,3.312,61.90,459.00,1,0,0
10514,3.260,111.50,369.00,1,0,0
10517,3.312,62.00,205.00,1,0,0
10519,3.312,62.00,205.00,1,0,0
10522,3.312,62.00,205.00,1,0,1
10524,3.312,61.90,205.00,1,0,1
10527,3.312,61.90,324.00,1,0,1
10529,3.292,98.60,324.00,1,0,1
10542,3.312,62.00,206.00,1,0,1
10544,3.312,62.20,206.00,1,0,1
10547,3.312,63.40,210.00,1,0,1
10549,3.312,62.20,206.00,1,0,1
10552,3.312,76.70,254.00,1,0,0
10554,3.312,61.90,205.00,1,0,0
10556,3.312,61.90,205.00,1,0,0
10559,3.312,143.80,469.00,1,0,0
10561,3.312,63.30,210.00,1,0,1
10564,3.312,62.20,206.00,1,0,1
10566,3.312,63.00,208.00,1,0,1
10569,3.312,62.10,206.00,1,0,1
10571,3.308,62.00,231.00,1,0,0
10574,3.312,61.90,205.00,1,0,0
10586,3.312,62.10,206.00,1,0,1
10589,3.312,62.00,205.00,1,0,1
10591,3.308,61.90,205.00,1,0,0
10594,3.312,62.00,206.00,1,0,0
10596,3.312,62.00,205.00,1,0,0
10599,3.312,62.10,206.00,1,0,0
10601,3.312,62.10,233.00,1,0,1
10604,3.312,162.70,532.00,1,0,1
10606,3.292,62.10,205.00,1,0,1
10609,3.312,62.10,205.00,1,0,1
10611,3.308,64.10,211.00,1,0,0
10614,3.312,62.10,206.00,1,0,0
10616,3.312,62.10,206.00,1,0,0
10619,3.312,61.90,205.00,1,0,0
10631,3.292,102.00,374.00,1,0,0
10634,3.284,93.70,308.00,1,0,0
10636,3.312,61.90,205.00,1,0,0
10639,3.312,61.90,205.00,1,0,0
10641,3.312,61.90,205.00,1,0,1
10644,3.312,62.10,206.00,1,0,1
10646,3.312,62.10,470.00,1,0,1
10649,3.260,70.20,233.00,1,0,1
10651,3.312,62.00,205.00,1,0,0
10653,3.312,61.80,205.00,1,0,0
10656,3.312,61.90,205.00,1,0,0
10658,3.312,62.00,205.00,1,0,0
10661,3.312,62.00,231.00,1,0,1
10663,3.308,62.10,206.00,1,0,1
10676,3.312,64.70,205.00,1,0,0
10679,3.312,62.00,205.00,1,0,0
10681,3.312,62.10,206.00,1,0,1
10683,3.312,62.00,205.00,1,0,1
10686,3.312,61.90,205.00,1,0,1
10688,3.312,61.90,205.00,1,0,1
10691,3.312,62.00,206.00,1,0,0
10693,3.304,87.20,283.00,1,0,0
10696,3.312,62.10,206.00,1,0,0
10698,3.312,62.00,205.00,1,0,0
10701,3.312,61.90,205.00,1,0,1
10703,3.312,61.90,205.00,1,0,1
10706,3.312,61.90,205.00,1,0,1
10708,3.308,62.10,206.00,1,0,1
10721,3.312,61.80,205.00,1,0,1
10723,3.312,62.10,205.00,1,0,1
10726,3.308,62.10,210.00,1,0,1
10728,3.312,62.10,205.00,1,0,1
10731,3.308,62.20,205.00,1,0,0
10733,3.284,98.10,323.00,1,0,0
10736,3.292,98.30,300.00,1,0,0
10738,3.312,154.20,503.00,1,0,0
10741,3.312,62.10,206.00,1,0,1
10743,3.312,62.10,206.00,1,0,1
10746,3.308,68.30,226.00,1,0,1
10748,3.312,62.10,205.00,1,0,1
10750,3.308,62.00,205.00,1,0,0
10753,3.308,61.90,205.00,1,0,0
10770,3.308,62.00,205.00,1,0,0
10773,3.300,62.00,205.00,1,0,0
10775,3.312,62.00,205.00,1,0,0
10778,3.312,64.60,215.00,1,0,0
10780,3.312,62.00,205.00,1,0,1
10783,3.280,129.30,428.00,1,0,1
10785,3.284,62.00,205.00,1,0,1
10788,3.308,62.00,205.00,1,0,1
10790,3.312,62.10,206.00,1,0,0
10792,3.312,62.10,206.00,1,0,0
10795,3.312,62.00,205.00,1,0,0
10797,3.312,62.00,205.00,1,0,0
10800,3.312,62.00,205.00,1,0,1
10802,3.312,62.00,203.00,1,0,1
10815,3.312,62.00,205.00,1,0,0
10817,3.312,62.00,205.00,1,0,0
10820,3.312,61.90,205.00,1,0,1
10822,3.308,62.10,206.00,1,0,1
10825,3.312,93.30,419.00,1,0,1
10827,3.264,62.20,206.00,1,0,1
10830,3.308,62.10,205.00,1,0,0
10832,3.308,70.60,234.00,1,0,0
10835,3.312,105.00,328.00,1,0,0
10837,3.292,98.00,323.00,1,0,0
10840,3.292,62.00,205.00,1,0,0
10842,3.312,72.10,206.00,1,0,1
10845,3.312,62.20,206.00,1,0,1
10847,3.308,62.10,206.00,1,0,1
10860,3.312,62.00,205.00,1,0,1
10862,3.312,62.20,206.00,1,0,1
10865,3.312,62.00,205.00,1,0,1
10867,3.312,62.00,205.00,1,0,1
10870,3.312,62.00,249.00,1,0,1
10872,3.272,70.30,233.00,1,0,0
10875,3.312,62.00,205.00,1,0,0
10877,3.312,62.00,205.00,1,0,0
10880,3.312,62.00,205.00,1,0,0
10882,3.308,62.00,205.00,1,0,1
10885,3.308,62.00,205.00,1,0,1
10887,3.312,63.00,206.00,1,0,1
10889,3.312,62.10,205.00,1,0,1
10892,3.312,72.30,236.00,1,0,0
10905,3.312,62.20,206.00,1,0,1
10907,3.312,63.00,206.00,1,0,1
10910,3.312,62.10,206.00,1,0,1
10912,3.312,73.70,244.00,1,0,0
10914,3.272,136.30,428.00,1,0,0
10917,3.308,62.00,205.00,1,0,0
10919,3.312,62.00,205.00,1,0,0
10922,3.312,63.20,205.00,1,0,1
10924,3.308,62.10,206.00,1,0,1
10927,3.308,62.60,206.00,1,0,1
10929,3.308,62.00,205.00,1,0,1
10932,3.308,65.30,216.00,1,0,0
10934,3.312,61.90,205.00,1,0,0
10937,3.312,102.10,336.00,1,0,0
10949,3.308,62.00,205.00,1,0,1
10952,3.308,62.40,205.00,1,0,0
10954,3.312,61.90,205.00,1,0,0
10957,3.312,61.90,205.00,1,0,0
10959,3.312,61.90,405.00,1,0,0
10962,3.264,66.10,218.00,1,0,1
10964,3.308,62.00,205.00,1,0,1
10967,3.312,62.00,205.00,1,0,1
10969,3.312,62.00,205.00,1,0,1
10972,3.312,68.50,226.00,1,0,0
10974,3.308,61.90,205.00,1,0,0
10977,3.312,61.80,205.00,1,0,0
10979,3.312,61.90,205.00,1,0,0
10982,3.312,137.40,526.00,1,0,1
10994,3.312,61.90,205.00,1,0,0
10997,3.312,61.90,205.00,1,0,0
10999,3.312,61.90,205.00,1,0,0
11002,3.312,62.70,208.00,1,0,1
11004,3.312,62.00,203.00,1,0,1
11007,3.284,147.60,485.00,1,0,1
11009,3.312,61.90,205.00,1,0,1
11011,3.312,62.00,228.00,1,0,0
11014,3.312,61.90,205.00,1,0,0
11016,3.312,61.90,205.00,1,0,0
11019,3.312,61.90,205.00,1,0,0
11021,3.312,71.60,238.00,1,0,1
11024,3.312,62.00,205.00,1,0,1
11026,3.312,61.90,205.00,1,0,1
11039,3.308,87.70,287.00,1,1,0
11041,3.276,102.10,338.00,1,1,0
11044,3.276,101.30,331.00,1,1,0
11046,3.288,93.50,308.00,1,1,0
11049,3.288,93.60,308.00,1,1,0
11051,3.288,93.60,308.00,1,1,0
11054,3.288,93.60,308.00,1,1,0
11056,3.288,93.60,308.00,1,1,0
11059,3.288,98.60,324.00,1,1,0
11061,3.292,98.90,326.00,1,1,0
11064,3.292,102.60,323.00,1,1,0
11066,3.288,98.30,324.00,1,1,0
11069,3.288,98.50,324.00,1,1,0
11071,3.292,98.50,329.00,1,1,0
11084,3.288,99.10,326.00,1,1,0
11086,3.288,98.50,315.00,1,1,0
11089,3.292,98.70,324.00,1,1,0
11091,3.292,91.10,300.00,1,1,0
11094,3.292,98.40,338.00,1,1,0
11096,3.280,102.10,336.00,1,1,0
11099,3.276,102.40,336.00,1,1,0
11101,3.276,103.30,333.00,1,1,0
11104,3.296,102.00,334.00,1,1,0
11106,3.280,93.60,308.00,1,1,0
11108,3.288,93.50,308.00,1,1,0
11111,3.288,93.70,308.00,1,1,0
11113,3.288,93.80,308.00,1,1,0
11126,3.292,99.20,326.00,1,1,0
11129,3.292,98.30,323.00,1,1,0
11131,3.292,97.70,321.00,1,1,0
11134,3.292,100.50,331.00,1,1,0
11136,3.288,99.20,326.00,1,1,0
11138,3.288,98.50,324.00,1,1,0
11141,3.292,100.20,329.00,1,1,0
11143,3.292,102.80,338.00,1,1,0
11146,3.292,91.10,310.00,1,1,0
11148,3.292,97.50,321.00,1,1,0
11151,3.292,98.70,324.00,1,1,0
11153,3.288,99.30,328.00,1,1,0
11156,3.292,102.40,338.00,1,1,0
11168,3.288,93.80,308.00,1,1,0
11171,3.288,93.50,308.00,1,1,0
11173,3.288,93.60,308.00,1,1,0
11176,3.288,93.50,308.00,1,1,0
11178,3.288,93.50,308.00,1,1,0
11181,3.288,93.70,308.00,1,1,0
11183,3.288,99.60,328.00,1,1,0
11186,3.292,98.30,324.00,1,1,0
11188,3.292,99.10,318.00,1,1,0
11191,3.292,102.70,338.00,1,1,0
11193,3.292,91.50,301.00,1,1,0
11196,3.288,98.10,326.00,1,1,0
11198,3.292,99.50,326.00,1,1,0
11201,3.284,99.20,326.00,1,1,0
11213,3.292,98.40,324.00,1,1,0
11216,3.288,93.80,308.00,1,1,0
11218,3.288,95.50,321.00,1,1,0
11221,3.292,95.50,315.00,1,1,0
11223,3.288,102.30,338.00,1,1,0
11226,3.292,101.90,383.00,1,1,0
11228,3.252,93.60,308.00,1,1,0
11231,3.288,93.70,308.00,1,1,0
11233,3.288,93.60,308.00,1,1,0
11236,3.288,93.50,308.00,1,1,0
11238,3.288,93.60,308.00,1,1,0
11240,3.292,98.40,324.00,1,1,0
11243,3.292,98.00,323.00,1,1,0
11245,3.292,101.70,334.00,1,1,0
11258,3.292,98.70,324.00,1,1,0
11261,3.292,98.80,326.00,1,1,0
11263,3.292,98.80,324.00,1,1,0
11265,3.292,98.80,326.00,1,1,0
11268,3.292,98.80,326.00,1,1,0
11270,3.288,91.50,300.00,1,1,0
11273,3.288,91.20,300.00,1,1,0
11275,3.288,91.30,300.00,1,1,0
11278,3.288,95.30,313.00,1,1,0
11280,3.288,97.40,319.00,1,1,0
11283,3.288,93.50,308.00,1,1,0
11285,3.292,93.40,308.00,1,1,0
11288,3.288,93.50,308.00,1,1,0
11290,3.288,98.20,323.00,1,1,0
11303,3.292,101.10,333.00,1,1,0
11305,3.292,98.30,324.00,1,1,0
11308,3.292,98.10,323.00,1,1,0
11310,3.288,102.60,338.00,1,1,0
11313,3.292,98.70,324.00,1,1,0
11315,3.292,98.60,336.00,1,1,0
11318,3.296,98.40,324.00,1,1,0
11320,3.292,98.80,326.00,1,1,0
11323,3.288,98.00,324.00,1,1,0
11325,3.292,99.00,326.00,1,1,0
11328,3.292,98.50,324.00,1,1,0
11330,3.292,99.00,372.00,1,0,1
11333,3.268,98.30,321.00,1,0,1
11335,3.244,120.60,396.00,1,0,0
11348,3.292,101.10,334.00,1,0,1
11350,3.284,92.10,303.00,1,0,1
11353,3.288,72.00,205.00,1,0,1
11355,3.312,62.00,205.00,1,0,0
11358,3.268,143.40,469.00,1,0,0
11360,3.308,62.10,206.00,1,0,0
11362,3.312,62.10,206.00,1,0,0
11365,3.312,62.10,206.00,1,0,1
11367,3.312,62.00,205.00,1,0,1
11370,3.312,62.00,205.00,1,0,1
11372,3.312,61.90,205.00,1,0,1
11375,3.308,62.00,205.00,1,0,0
11377,3.308,119.50,392.00,1,0,0
11390,3.312,62.10,206.00,1,0,1
11392,3.312,62.10,206.00,1,0,1
11395,3.312,62.10,206.00,1,0,0
11397,3.308,73.90,205.00,1,0,0
11400,3.312,125.00,408.00,1,0,0
11402,3.304,62.00,205.00,1,0,0
11405,3.312,61.90,205.00,1,0,1
11407,3.312,62.00,205.00,1,0,1
11410,3.312,62.00,205.00,1,0,1
11412,3.308,63.20,205.00,1,0,1
11415,3.308,62.00,205.00,1,0,1
11417,3.308,71.80,238.00,1,0,0
11420,3.308,61.90,205.00,1,0,0
11422,3.312,139.70,457.00,1,0,0
11435,3.308,61.90,205.00,1,0,1
11437,3.304,62.60,208.00,1,0,0
11440,3.312,61.90,205.00,1,0,0
11442,3.312,61.90,205.00,1,0,0
11445,3.312,61.90,202.00,1,0,0
11447,3.276,111.10,365.00,1,0,1
11450,3.284,98.50,324.00,1,0,1
11452,3.292,98.30,323.00,1,0,1
11455,3.308,61.90,205.00,1,0,1
11457,3.312,63.10,205.00,1,0,0
11459,3.312,61.90,205.00,1,0,0
11462,3.308,61.90,205.00,1,0,0
11464,3.312,61.90,205.00,1,0,0
11467,3.312,61.90,205.00,1,0,1
11480,3.312,61.90,205.00,1,0,0
11482,3.312,61.90,205.00,1,0,0
11484,3.312,61.80,205.00,1,0,0
11487,3.308,61.90,205.00,1,0,1
11489,3.312,61.90,205.00,1,0,1
11492,3.312,62.60,205.00,1,0,1
11494,3.296,143.00,469.00,1,0,1
11497,3.280,75.10,249.00,1,0,0
11499,3.312,61.90,205.00,1,0,0
11502,3.312,61.90,205.00,1,0,0
11504,3.312,61.90,205.00,1,0,0
11507,3.312,67.60,223.00,1,0,1
11509,3.308,62.00,205.00,1,0,1
11512,3.308,62.90,208.00,1,0,1
11524,3.312,61.90,205.00,1,0,0
11527,3.308,63.00,208.00,1,0,1
11529,3.308,61.90,205.00,1,0,1
11532,3.312,61.90,205.00,1,0,1
11534,3.308,61.90,205.00,1,0,1
11537,3.308,61.90,205.00,1,0,0
11539,3.308,61.80,205.00,1,0,0
11542,3.276,127.40,416.00,1,0,0
11544,3.312,62.00,205.00,1,0,0
11547,3.312,62.00,205.00,1,0,1
11549,3.312,62.00,205.00,1,0,1
11552,3.292,98.80,324.00,1,0,1
11554,3.292,98.40,324.00,1,0,1
11556,3.292,66.90,221.00,1,0,0
11569,3.308,62.10,206.00,1,0,1
11572,3.308,63.00,208.00,1,0,1
11574,3.308,62.00,205.00,1,0,1
11577,3.308,75.50,249.00,1,0,0
11579,3.312,61.90,205.00,1,0,0
11581,3.312,61.90,205.00,1,0,0
11584,3.308,122.10,400.00,1,0,0
11586,3.312,63.10,208.00,1,0,1
11589,3.312,62.00,205.00,1,0,1
11591,3.312,62.90,208.00,1,0,1
11594,3.312,62.00,205.00,1,0,1
11596,3.308,62.00,241.00,1,0,0
11599,3.312,61.90,205.00,1,0,0
11601,3.308,61.80,205.00,1,0,0
11614,3.312,62.00,205.00,1,0,1
11616,3.308,62.00,205.00,1,0,0
11619,3.312,61.90,205.00,1,0,0
11621,3.312,61.90,205.00,1,0,0
11624,3.312,62.00,205.00,1,0,0
11626,3.312,61.90,329.00,1,0,1
11629,3.272,66.30,220.00,1,0,1
11631,3.308,62.10,205.00,1,0,1
11634,3.308,62.00,205.00,1,0,1
11636,3.308,63.80,211.00,1,0,0
11639,3.312,61.90,205.00,1,0,0
11641,3.312,61.90,205.00,1,0,0
11644,3.312,61.90,205.00,1,0,0
11646,3.312,61.80,205.00,1,0,1
11659,3.284,61.90,205.00,1,0,0
11661,3.312,61.90,205.00,1,0,0
11664,3.312,61.90,205.00,1,0,0
11666,3.312,61.90,205.00,1,0,1
11669,3.308,62.00,205.00,1,0,1
11671,3.312,62.00,256.00,1,0,1
11674,3.272,111.70,370.00,1,0,1
11676,3.308,61.90,205.00,1,0,0
11678,3.308,61.90,205.00,1,0,0
11681,3.308,61.90,205.00,1,0,0
11683,3.308,61.90,205.00,1,0,0
11686,3.312,62.00,231.00,1,0,1
11688,3.308,62.00,205.00,1,0,1
11691,3.312,62.10,206.00,1,0,1
11704,3.308,62.00,205.00,1,0,0
11706,3.312,62.00,205.00,1,0,1
11708,3.312,61.90,205.00,1,0,1
11711,3.312,62.00,205.00,1,0,1
11713,3.308,62.00,205.00,1,0,1
11716,3.308,140.30,333.00,1,1,0
11718,3.296,66.00,218.00,1,1,0
11721,3.308,65.90,218.00,1,1,0
11723,3.312,65.80,218.00,1,1,0
11726,3.312,103.40,341.00,1,1,0
11728,3.292,98.40,324.00,1,1,0
11731,3.292,99.10,326.00,1,1,0
11733,3.292,98.60,324.00,1,1,0
11736,3.288,98.20,323.00,1,1,0
11748,3.284,101.40,334.00,1,1,0
11751,3.292,98.30,324.00,1,1,0
11753,3.292,100.10,329.00,1,1,0
11756,3.284,169.60,557.00,1,1,0
11758,3.292,91.00,300.00,1,1,0
11761,3.288,91.10,300.00,1,1,0
11763,3.288,91.20,300.00,1,1,0
11766,3.288,94.90,311.00,1,1,0
11768,3.280,111.40,324.00,1,1,0
11771,3.292,99.00,326.00,1,1,0
11773,3.292,98.40,324.00,1,1,0
11775,3.292,100.00,398.00,1,0,1
11778,3.268,102.30,334.00,1,0,1
11791,3.292,98.20,323.00,1,0,1
11793,3.292,99.90,329.00,1,0,1
11796,3.292,98.60,326.00,1,0,1
11798,3.292,98.30,324.00,1,0,1
11801,3.292,98.40,324.00,1,0,0
11803,3.288,99.20,401.00,1,0,0
11805,3.284,98.80,326.00,1,0,0
11808,3.292,91.20,300.00,1,0,0
11810,3.292,102.60,338.00,1,0,1
11813,3.288,102.00,324.00,1,0,1
11815,3.292,111.10,365.00,1,0,1
11818,3.276,101.10,333.00,1,0,1
11820,3.292,98.40,324.00,1,0,0
11833,3.304,62.20,206.00,1,0,1
11835,3.312,62.10,206.00,1,0,1
11838,3.308,62.00,205.00,1,0,1
11840,3.312,61.90,205.00,1,0,0
11843,3.308,61.90,205.00,1,0,0
11845,3.312,61.90,205.00,1,0,0
11848,3.272,138.40,226.00,1,0,0
11850,3.308,62.10,206.00,1,0,1
11853,3.312,62.00,205.00,1,0,1
11855,3.308,61.90,205.00,1,0,1
11858,3.308,61.90,205.00,1,0,1
11860,3.308,61.90,205.00,1,0,0
11863,3.256,100.10,329.00,1,0,0
11865,3.276,105.30,323.00,1,0,0
11878,3.288,98.70,324.00,1,0,1
11880,3.292,102.30,336.00,1,0,0
11883,3.268,103.50,341.00,1,0,0
11885,3.292,98.10,326.00,1,0,0
11888,3.292,99.00,326.00,1,0,0
11890,3.292,101.10,333.00,1,0,1
11893,3.268,99.30,324.00,1,0,1
11895,3.292,102.30,338.00,1,0,1
11898,3.288,98.30,324.00,1,0,1
11900,3.292,98.80,323.00,1,0,0
11902,3.280,98.40,324.00,1,0,0
11905,3.292,99.00,326.00,1,0,0
11907,3.292,98.80,324.00,1,0,0
11920,3.308,62.10,205.00,1,0,0
11922,3.308,76.40,205.00,1,0,0
11925,3.308,61.90,205.00,1,0,0
11927,3.312,62.10,205.00,1,0,0
11930,3.312,62.10,206.00,1,0,1
11932,3.312,62.30,206.00,1,0,1
11935,3.308,62.10,205.00,1,0,1
11937,3.264,144.80,233.00,1,0,1
11940,3.308,62.10,205.00,1,0,0
11942,3.300,62.50,206.00,1,0,0
11945,3.312,62.00,205.00,1,0,0
11947,3.308,62.10,206.00,1,0,0
11950,3.312,62.10,206.00,1,0,0
11952,3.312,72.20,206.00,1,0,1
11965,3.288,94.50,313.00,1,0,0
11967,3.312,62.10,205.00,1,0,0
11970,3.308,62.00,205.00,1,0,1
11972,3.308,62.00,205.00,1,0,1
11975,3.308,62.10,205.00,1,0,1
11977,3.308,62.20,206.00,1,0,1
11980,3.308,62.20,206.00,1,0,1
11982,3.312,71.60,439.00,1,0,0
11985,3.268,67.70,224.00,1,0,0
11987,3.308,62.00,205.00,1,0,0
11990,3.312,61.90,205.00,1,0,0
11992,3.308,62.20,206.00,1,0,1
11994,3.308,62.20,206.00,1,0,1
11997,3.308,63.70,206.00,1,0,1
12010,3.308,62.10,205.00,1,0,0
12012,3.312,69.20,206.00,1,0,1
12015,3.308,62.30,206.00,1,0,1
12017,3.308,63.00,208.00,1,0,1
12019,3.308,62.00,205.00,1,0,1
12022,3.308,66.80,221.00,1,0,0
12024,3.292,122.70,401.00,1,0,0
12027,3.280,62.60,205.00,1,0,0
12029,3.308,62.20,206.00,1,0,0
12032,3.308,63.40,210.00,1,0,1
12034,3.308,62.10,205.00,1,0,1
12037,3.308,62.10,205.00,1,0,1
12039,3.308,62.00,205.00,1,0,1
12042,3.308,62.30,205.00,1,0,0
12054,3.308,62.00,205.00,1,0,1
12057,3.308,62.00,206.00,1,0,1
12059,3.308,62.20,206.00,1,0,1
12062,3.308,68.30,226.00,1,0,0
12064,3.288,98.50,328.00,1,0,0
12067,3.292,97.60,321.00,1,0,0
12069,3.300,123.80,405.00,1,0,0
12072,3.300,62.00,205.00,1,0,1
12074,3.308,62.20,206.00,1,0,1
12077,3.308,63.50,210.00,1,0,1
12079,3.308,62.10,205.00,1,0,1
12082,3.308,78.30,259.00,1,0,0
12084,3.308,61.90,205.00,1,0,0
12087,3.312,61.90,205.00,1,0,0
12099,3.308,62.00,205.00,1,0,1
12102,3.308,69.40,229.00,1,0,0
12104,3.312,61.90,205.00,1,0,0
12107,3.312,62.00,205.00,1,0,0
12109,3.308,62.00,205.00,1,0,0
12112,3.312,62.80,208.00,1,0,1
12114,3.292,123.50,403.00,1,0,1
12116,3.280,62.40,205.00,1,0,1
12119,3.308,62.00,205.00,1,0,1
12121,3.308,62.00,205.00,1,0,0
12124,3.312,61.90,205.00,1,0,0
12126,3.312,62.00,205.00,1,0,0
12129,3.312,62.00,205.00,1,0,0
12131,3.312,62.00,229.00,1,0,1
12144,3.312,62.00,205.00,1,0,0
12146,3.312,62.00,205.00,1,0,0
12149,3.312,62.00,205.00,1,0,0
12151,3.312,61.90,205.00,1,0,1
12154,3.312,61.90,205.00,1,0,1
12156,3.312,62.70,208.00,1,0,1
12159,3.308,142.40,465.00,1,0,1
12161,3.264,65.70,246.00,1,0,0
12164,3.308,62.00,205.00,1,0,0
12166,3.284,98.10,323.00,1,0,0
12169,3.288,98.30,308.00,1,0,0
12171,3.300,62.40,206.00,1,0,1
12174,3.308,62.10,205.00,1,0,1
12176,3.308,62.20,208.00,1,0,1
12189,3.312,62.00,205.00,1,0,0
12191,3.312,71.50,236.00,1,0,1
12194,3.312,62.20,206.00,1,0,1
12196,3.308,62.10,205.00,1,0,1
12199,3.308,62.10,206.00,1,0,1
12201,3.308,62.10,205.00,1,0,0
12204,3.272,142.00,206.00,1,0,0
12206,3.312,62.10,205.00,1,0,0
12209,3.308,62.00,205.00,1,0,0
12211,3.312,62.10,205.00,1,0,1
12214,3.308,62.00,205.00,1,0,1
12216,3.308,62.10,205.00,1,0,1
12218,3.308,62.00,205.00,1,0,1
12221,3.308,62.10,208.00,1,0,0
12234,3.308,62.10,205.00,1,0,1
12236,3.308,62.40,206.00,1,0,1
12239,3.308,62.10,205.00,1,0,1
12241,3.308,62.10,234.00,1,0,0
12243,3.308,62.10,206.00,1,0,0
12246,3.308,63.10,208.00,1,0,0
12248,3.268,128.50,557.00,1,0,0
12251,3.300,62.00,205.00,1,0,1
12253,3.300,62.20,206.00,1,0,1
12256,3.312,62.10,210.00,1,0,1
12258,3.308,62.10,206.00,1,0,1
12261,3.312,62.00,205.00,1,0,0
12263,3.308,62.00,205.00,1,0,0
12266,3.312,62.00,205.00,1,0,0
12278,3.308,62.10,205.00,1,0,1
12281,3.308,62.10,205.00,1,0,0
12283,3.308,62.00,205.00,1,0,0
12286,3.312,62.10,206.00,1,0,0
12288,3.312,62.00,205.00,1,0,0
12291,3.264,100.00,326.00,1,0,1
12293,3.304,62.30,205.00,1,0,1
12296,3.308,62.10,206.00,1,0,1
12298,3.308,62.10,206.00,1,0,1
12301,3.312,62.00,205.00,1,1,0
12303,3.296,65.90,218.00,1,1,0
12306,3.308,66.00,218.00,1,1,0
12308,3.312,66.00,218.00,1,1,0
12310,3.308,79.40,416.00,1,1,0
12323,3.288,95.20,324.00,1,1,0
12326,3.292,101.50,334.00,1,1,0
12328,3.292,98.60,324.00,1,1,0
12331,3.288,98.80,324.00,1,1,0
12333,3.288,101.90,336.00,1,1,0
12336,3.292,98.70,324.00,1,1,0
12338,3.292,101.50,326.00,1,1,0
12340,3.292,101.60,334.00,1,1,0
12343,3.292,98.20,323.00,1,1,0
12345,3.292,98.10,323.00,1,1,0
12348,3.292,98.50,324.00,1,1,0
12350,3.292,98.80,324.00,1,1,0
12353,3.292,98.40,329.00,1,1,0
12366,3.264,99.40,328.00,1,0,1
12368,3.292,98.70,328.00,1,0,1
12370,3.276,103.40,341.00,1,0,0
12373,3.276,98.30,324.00,1,0,0
12375,3.288,93.30,344.00,1,0,0
12378,3.292,99.20,326.00,1,0,0
12380,3.288,98.20,323.00,1,0,1
12383,3.276,102.40,326.00,1,0,1
12385,3.288,98.40,324.00,1,0,1
12388,3.292,98.30,324.00,1,0,1
12390,3.292,98.80,336.00,1,0,0
12393,3.288,103.30,341.00,1,0,0
12395,3.292,98.30,324.00,1,0,0
12398,3.292,98.40,324.00,1,0,0
12410,3.292,98.30,323.00,1,0,0
12413,3.280,98.30,324.00,1,0,0
12415,3.292,98.30,323.00,1,0,0
12418,3.292,97.90,326.00,1,0,0
12420,3.292,131.60,324.00,1,0,1
12423,3.292,90.10,297.00,1,0,1
12425,3.292,72.90,241.00,1,0,1
12428,3.308,62.00,205.00,1,0,1
12430,3.308,62.00,205.00,1,0,0
12433,3.296,101.70,333.00,1,0,0
12435,3.268,110.30,205.00,1,0,0
12438,3.312,62.00,205.00,1,0,0
12440,3.312,61.90,205.00,1,0,1
12442,3.312,61.90,205.00,1,0,1
12455,3.256,141.60,205.00,1,0,0
12458,3.308,61.80,205.00,1,0,0
12460,3.312,61.90,205.00,1,0,1
12463,3.308,62.00,205.00,1,0,1
12465,3.308,62.20,206.00,1,0,1
12467,3.308,62.10,205.00,1,0,1
12470,3.308,62.00,205.00,1,0,0
12472,3.308,73.70,323.00,1,0,0
12475,3.280,98.10,323.00,1,0,0
12477,3.288,85.00,282.00,1,0,0
12480,3.308,62.00,205.00,1,0,1
12482,3.308,62.30,206.00,1,0,1
12485,3.312,62.20,206.00,1,0,1
12487,3.312,63.30,205.00,1,0,1
12500,3.308,62.10,205.00,1,0,1
12502,3.308,62.10,205.00,1,0,1
12505,3.308,62.10,206.00,1,0,1
12507,3.308,62.00,205.00,1,0,1
12510,3.312,62.00,205.00,1,0,0
12512,3.300,62.00,205.00,1,0,0
12515,3.308,62.00,206.00,1,0,0
12517,3.312,172.10,564.00,1,0,0
12520,3.276,62.10,206.00,1,0,0
12522,3.308,62.10,205.00,1,0,1
12525,3.308,61.90,205.00,1,0,1
12527,3.308,62.00,205.00,1,0,1
12530,3.312,62.10,206.00,1,0,1
12532,3.312,64.10,206.00,1,0,0
12545,3.308,62.10,206.00,1,0,1
12547,3.308,62.20,206.00,1,0,1
12550,3.308,62.10,205.00,1,0,1
12552,3.308,73.20,205.00,1,0,0
12555,3.312,61.90,205.00,1,0,0
12557,3.308,61.90,205.00,1,0,0
12560,3.308,61.90,205.00,1,0,0
12562,3.308,62.20,206.00,1,0,1
12564,3.308,90.80,298.00,1,0,1
12567,3.264,67.50,205.00,1,0,1
12569,3.308,62.10,206.00,1,0,1
12572,3.312,72.70,241.00,1,0,0
12574,3.312,61.80,203.00,1,0,0
12577,3.296,101.60,334.00,1,0,0
12590,3.308,136.00,395.00,1,0,1
12592,3.268,68.10,224.00,1,0,0
12594,3.308,62.10,205.00,1,0,0
12597,3.312,62.10,205.00,1,0,0
12599,3.308,62.10,206.00,1,0,0
12602,3.312,72.80,241.00,1,0,1
12604,3.312,62.00,205.00,1,0,1
12607,3.308,62.00,205.00,1,0,1
12609,3.308,62.00,205.00,1,0,1
12612,3.308,122.90,393.00,1,0,0
12614,3.276,62.20,206.00,1,0,0
12617,3.308,62.00,205.00,1,0,0
12619,3.308,61.90,205.00,1,0,0
12622,3.308,62.00,205.00,1,0,1
12634,3.312,62.10,203.00,1,0,0
12637,3.272,127.80,421.00,1,0,0
12639,3.312,61.90,205.00,1,0,0
12642,3.308,61.90,205.00,1,0,1
12644,3.312,62.10,206.00,1,0,1
12647,3.308,63.20,210.00,1,0,1
12649,3.312,62.20,206.00,1,0,1
12652,3.312,73.80,244.00,1,0,0
12654,3.312,61.90,205.00,1,0,0
12657,3.312,61.90,449.00,1,0,0
12659,3.296,62.10,206.00,1,0,0
12662,3.308,67.00,221.00,1,0,1
12664,3.312,62.20,206.00,1,0,1
12666,3.312,63.10,210.00,1,0,1
12679,3.292,98.00,323.00,1,0,0
12682,3.288,89.00,295.00,1,0,1
12684,3.308,62.20,206.00,1,0,1
12687,3.312,62.00,205.00,1,0,1
12689,3.312,62.00,205.00,1,0,1
12691,3.312,62.00,205.00,1,0,0
12694,3.312,62.00,206.00,1,0,0
12696,3.312,62.10,206.00,1,0,0
12699,3.312,62.10,205.00,1,0,0
12701,3.288,108.30,392.00,1,0,1
12704,3.280,62.10,206.00,1,0,1
12706,3.308,62.00,205.00,1,0,1
12709,3.308,62.10,206.00,1,0,1
12711,3.312,66.30,220.00,1,0,0
12724,3.312,64.10,203.00,1,0,1
12726,3.264,162.90,539.00,1,0,1
12729,3.312,63.10,208.00,1,0,1
12731,3.308,62.20,252.00,1,0,0
12734,3.308,62.00,205.00,1,0,0
12736,3.308,62.00,205.00,1,0,0
12739,3.312,61.90,205.00,1,0,0
12741,3.312,62.70,208.00,1,0,1
12744,3.312,62.10,205.00,1,0,1
12746,3.308,145.90,469.00,1,0,1
12749,3.300,62.30,206.00,1,0,1
12751,3.308,62.10,205.00,1,0,0
12754,3.308,62.00,205.00,1,0,0
12756,3.312,62.00,205.00,1,0,0
12773,3.256,62.10,206.00,1,0,0
12776,3.312,62.10,205.00,1,0,0
12778,3.312,62.10,206.00,1,0,0
12781,3.312,98.20,323.00,1,0,1
12783,3.292,98.50,324.00,1,0,1
12786,3.292,62.10,205.00,1,0,1
12788,3.308,62.00,205.00,1,0,1
12791,3.312,143.20,467.00,1,0,0
12793,3.292,62.40,206.00,1,0,0
12795,3.312,62.10,206.00,1,0,0
12798,3.312,62.00,205.00,1,0,0
12800,3.308,62.00,205.00,1,0,1
12803,3.308,62.00,205.00,1,0,1
12805,3.312,62.00,205.00,1,0,1
12818,3.312,61.90,205.00,1,0,0
12820,3.312,61.90,205.00,1,0,1
12823,3.308,62.10,205.00,1,0,1
12825,3.308,62.10,205.00,1,0,1
12828,3.312,62.10,206.00,1,0,1
12830,3.312,62.20,206.00,1,0,0
12833,3.264,88.90,295.00,1,0,0
12835,3.312,62.00,205.00,1,0,0
12838,3.312,62.00,205.00,1,0,0
12840,3.312,62.00,205.00,1,0,1
12843,3.308,62.20,206.00,1,0,1
12845,3.312,62.20,206.00,1,0,1
12848,3.308,62.10,206.00,1,0,1
12850,3.312,62.10,206.00,1,0,0
12863,3.308,62.10,206.00,1,0,1
12865,3.308,62.10,205.00,1,0,1
12868,3.308,62.00,205.00,1,0,1
12870,3.308,62.00,205.00,1,0,0
12873,3.304,62.00,205.00,1,0,0
12875,3.312,62.00,205.00,1,0,0
12878,3.312,115.90,382.00,1,0,0
12880,3.276,93.00,308.00,1,0,1
12883,3.308,96.00,324.00,1,0,1
12885,3.292,101.70,334.00,1,0,1
12888,3.288,81.30,269.00,1,0,1
12890,3.308,62.00,205.00,1,0,0
12892,3.312,61.90,205.00,1,0,0
12895,3.312,62.00,205.00,1,0,0
12908,3.308,61.90,205.00,1,0,1
12910,3.308,62.00,205.00,1,0,0
12913,3.308,61.90,205.00,1,0,0
12915,3.312,62.00,205.00,1,0,0
12917,3.308,61.90,205.00,1,0,0
12920,3.308,61.80,205.00,1,0,1
12922,3.312,135.60,442.00,1,0,1
12925,3.308,62.10,206.00,1,0,1
12927,3.312,63.20,205.00,1,0,1
12930,3.308,62.00,205.00,1,0,0
12932,3.308,70.20,233.00,1,0,0
12935,3.312,61.90,205.00,1,0,0
12937,3.312,61.90,205.00,1,0,0
12940,3.312,61.90,205.00,1,0,0
12952,3.304,61.90,205.00,1,0,0
12955,3.312,61.90,205.00,1,0,0
12957,3.312,61.90,205.00,1,0,0
12960,3.308,62.00,205.00,1,0,1
12962,3.308,68.40,203.00,1,0,1
12965,3.264,141.20,467.00,1,0,1
12967,3.308,62.00,205.00,1,0,1
12970,3.312,62.00,205.00,1,0,1
12972,3.312,61.90,205.00,1,0,0
12975,3.312,61.90,205.00,1,0,0
12977,3.312,61.90,205.00,1,0,0
12980,3.312,61.90,205.00,1,0,0
12982,3.312,62.10,206.00,1,0,1
12985,3.312,86.60,285.00,1,0,1
12997,3.312,61.90,205.00,1,0,0
13000,3.312,61.90,205.00,1,0,0
13002,3.312,62.00,205.00,1,0,1
13005,3.312,62.00,205.00,1,0,1
13007,3.312,62.70,205.00,1,0,1
13010,3.308,108.40,356.00,1,0,1
13012,3.276,113.90,377.00,1,0,0
13014,3.312,62.00,205.00,1,0,0
13017,3.312,62.00,205.00,1,0,0
13019,3.312,61.90,205.00,1,0,0
13022,3.316,71.70,205.00,1,0,1
13024,3.308,62.10,206.00,1,0,1
13027,3.312,62.00,205.00,1,0,1
13029,3.312,62.00,205.00,1,0,1
13042,3.312,63.10,210.00,1,0,1
13044,3.312,62.00,205.00,1,0,1
13047,3.308,62.10,206.00,1,0,1
13049,3.308,62.10,206.00,1,0,1
13052,3.312,63.10,205.00,1,0,0
13054,3.312,61.90,205.00,1,0,0
13057,3.280,154.50,506.00,1,0,0
13059,3.312,62.00,205.00,1,0,0
13062,3.312,62.00,205.00,1,0,1
13064,3.312,62.00,205.00,1,0,1
13067,3.312,62.60,206.00,1,0,1
13069,3.312,62.00,205.00,1,0,1
13072,3.312,71.00,234.00,1,0,0
13074,3.312,61.90,205.00,1,0,0
13087,3.312,75.00,246.00,1,0,1
13089,3.292,101.60,324.00,1,0,1
13092,3.292,99.30,328.00,1,0,0
13094,3.312,61.90,205.00,1,0,0
13097,3.308,61.90,205.00,1,0,0
13099,3.312,119.20,392.00,1,0,0
13102,3.312,63.30,210.00,1,0,1
13104,3.308,62.00,205.00,1,0,1
13107,3.308,63.10,208.00,1,0,1
13109,3.308,61.90,205.00,1,0,1
13112,3.312,62.00,223.00,1,0,0
13114,3.308,62.00,205.00,1,0,0
13116,3.312,62.00,205.00,1,0,0
13119,3.312,61.90,205.00,1,0,0
13132,3.312,62.20,205.00,1,0,0
13134,3.308,62.10,205.00,1,0,0
13137,3.312,61.90,205.00,1,0,0
13139,3.312,61.90,205.00,1,0,0
13141,3.312,61.80,221.00,1,0,1
13144,3.312,62.00,205.00,1,0,1
13146,3.272,109.20,356.00,1,0,1
13149,3.312,62.30,206.00,1,0,1
13151,3.312,67.90,224.00,1,0,0
13154,3.312,62.00,205.00,1,0,0
13156,3.312,61.80,205.00,1,0,0
13159,3.312,61.90,205.00,1,0,0
13161,3.312,61.90,205.00,1,0,1
13164,3.308,62.10,205.00,1,0,1
13176,3.312,61.80,205.00,1,0,0
13179,3.312,61.90,205.00,1,0,0
13181,3.312,62.80,208.00,1,0,1
13184,3.308,62.10,205.00,1,0,1
13186,3.312,62.00,208.00,1,0,1
13189,3.312,62.70,206.00,1,0,1
13191,3.292,98.20,323.00,1,0,0
13194,3.292,94.60,206.00,1,0,0
13196,3.312,62.10,206.00,1,0,0
13199,3.312,62.20,206.00,1,0,0
13201,3.312,62.10,239.00,1,0,1
13204,3.312,62.10,206.00,1,0,1
13206,3.308,62.00,205.00,1,0,1
13209,3.312,62.00,205.00,1,0,1
13221,3.312,62.00,205.00,1,0,1
13224,3.308,62.00,205.00,1,0,1
13226,3.312,62.00,205.00,1,0,1
13229,3.312,62.10,206.00,1,0,1
13231,3.308,62.30,215.00,1,0,0
13234,3.304,62.20,206.00,1,0,0
13236,3.312,64.20,213.00,1,0,0
13238,3.308,61.90,369.00,1,0,0
13241,3.268,63.20,210.00,1,0,1
13243,3.308,62.10,205.00,1,0,1
13246,3.308,62.70,210.00,1,0,1
13248,3.308,62.30,206.00,1,0,1
13251,3.308,62.10,205.00,1,0,0
13253,3.308,62.00,205.00,1,0,0
13266,3.312,62.30,210.00,1,0,1
13268,3.312,62.10,206.00,1,0,1
13271,3.312,61.90,205.00,1,0,0
13273,3.312,61.90,205.00,1,0,0
13276,3.312,61.90,205.00,1,0,0
13278,3.312,62.10,206.00,1,0,0
13281,3.288,106.60,395.00,1,0,1
13283,3.280,62.20,206.00,1,0,1
13286,3.308,62.20,206.00,1,0,1
13288,3.312,62.00,205.00,1,0,1
13291,3.312,62.00,203.00,1,0,0
13293,3.276,98.30,324.00,1,0,0
13296,3.292,98.50,324.00,1,0,0
13298,3.312,62.10,206.00,1,0,0
13311,3.308,62.20,208.00,1,0,0
13313,3.300,62.10,206.00,1,0,0
13316,3.312,62.10,206.00,1,0,0
13318,3.312,62.00,205.00,1,0,0
13321,3.312,61.90,205.00,1,0,1
13323,3.308,62.00,205.00,1,0,1
13326,3.308,62.00,365.00,1,0,1
13328,3.264,65.90,218.00,1,0,1
13331,3.308,62.30,206.00,1,0,0
13333,3.308,62.20,206.00,1,0,0
13335,3.312,62.00,205.00,1,0,0
13338,3.312,64.90,215.00,1,0,0
13340,3.312,61.80,205.00,1,0,1
13343,3.308,62.00,206.00,1,0,1
13356,3.312,61.90,205.00,1,0,0
13358,3.312,61.90,205.00,1,0,0
13361,3.312,62.10,206.00,1,0,1
13363,3.312,62.20,206.00,1,0,1
13365,3.308,62.30,206.00,1,0,1
13368,3.308,62.00,205.00,1,0,1
13370,3.308,61.90,203.00,1,0,0
13373,3.276,154.90,510.00,1,0,0
13375,3.312,62.00,205.00,1,0,0
13378,3.312,62.10,206.00,1,0,0
13380,3.312,62.20,206.00,1,0,1
13383,3.308,62.20,206.00,1,0,1
13385,3.312,62.00,205.00,1,0,1
13388,3.312,62.00,205.00,1,0,1
13400,3.312,62.00,205.00,1,0,1
13403,3.308,61.90,205.00,1,0,1
13405,3.308,61.80,205.00,1,0,1
13408,3.312,61.90,205.00,1,0,1
13410,3.308,62.10,205.00,1,0,0
13413,3.300,62.00,205.00,1,0,0
13415,3.296,167.90,262.00,1,0,0
13418,3.308,61.90,205.00,1,0,0
13420,3.312,61.90,205.00,1,0,1
13423,3.312,61.90,205.00,1,0,1
13425,3.308,62.00,205.00,1,0,1
13428,3.308,62.10,205.00,1,0,1
13430,3.308,62.10,206.00,1,0,0
13432,3.312,62.00,205.00,1,0,0
13445,3.308,62.20,205.00,1,0,1
13448,3.308,62.20,206.00,1,0,1
13450,3.308,62.10,205.00,1,0,0
13453,3.308,72.00,205.00,1,0,0
13455,3.312,61.80,205.00,1,0,0
13458,3.312,61.90,205.00,1,0,0
13460,3.308,62.00,474.00,1,0,1
13462,3.264,62.30,206.00,1,0,1
13465,3.308,62.20,206.00,1,0,1
13467,3.308,62.00,205.00,1,0,1
13470,3.312,61.90,205.00,1,0,0
13472,3.300,62.00,205.00,1,0,0
13475,3.312,61.90,205.00,1,0,0
13477,3.312,62.00,205.00,1,0,0
13490,3.312,62.00,205.00,1,0,0
13492,3.308,62.00,205.00,1,0,0
13495,3.312,62.00,205.00,1,0,0
13497,3.296,96.90,323.00,1,0,0
13500,3.292,98.70,324.00,1,0,1
13502,3.300,62.10,205.00,1,0,1
13505,3.312,62.00,205.00,1,0,1
13507,3.312,62.10,203.00,1,0,1
13510,3.264,73.70,244.00,1,0,1
13512,3.308,73.70,206.00,1,0,0
13515,3.312,62.00,205.00,1,0,0
13517,3.312,62.00,205.00,1,0,0
13520,3.312,61.90,205.00,1,0,0
13522,3.312,62.10,206.00,1,0,1
13535,3.308,62.00,205.00,1,0,0
13537,3.308,61.90,205.00,1,0,0
13540,3.312,61.90,205.00,1,0,0
13542,3.312,63.20,215.00,1,0,1
13545,3.312,62.10,205.00,1,0,1
13547,3.312,62.20,206.00,1,0,1
13550,3.312,62.10,206.00,1,0,1
13552,3.312,65.10,216.00,1,0,0
13555,3.312,61.90,202.00,1,0,0
13557,3.288,135.70,206.00,1,0,0
13559,3.312,62.10,206.00,1,0,0
13562,3.312,72.60,241.00,1,0,1
13564,3.312,62.10,205.00,1,0,1
13567,3.308,62.10,206.00,1,0,1
13580,3.312,119.30,392.00,1,0,0
13582,3.308,62.10,205.00,1,0,1
13585,3.308,62.00,205.00,1,0,1
13587,3.308,62.00,205.00,1,0,1
13589,3.312,62.00,205.00,1,0,1
13592,3.312,69.40,229.00,1,0,0
13594,3.312,62.00,206.00,1,0,0
13597,3.312,61.90,205.00,1,0,0
13599,3.304,103.60,341.00,1,0,0
13602,3.292,98.20,315.00,1,0,1
13604,3.288,62.00,205.00,1,0,1
13607,3.312,63.30,210.00,1,0,1
13609,3.308,62.10,206.00,1,0,1
13612,3.312,77.30,256.00,1,0,0
13624,3.260,72.10,239.00,1,0,1
13627,3.312,63.30,210.00,1,0,1
13629,3.312,62.10,205.00,1,0,1
13632,3.308,69.20,229.00,1,0,0
13634,3.308,61.90,205.00,1,0,0
13637,3.312,62.00,205.00,1,0,0
13639,3.312,62.00,205.00,1,0,0
13642,3.312,62.70,208.00,1,0,1
13644,3.308,62.10,410.00,1,0,1
13647,3.276,130.80,206.00,1,0,1
13649,3.312,62.20,206.00,1,0,1
13652,3.312,62.00,205.00,1,0,0
13654,3.312,61.90,205.00,1,0,0
13656,3.312,62.00,205.00,1,0,0
13669,3.272,130.90,433.00,1,0,1
13672,3.308,66.20,218.00,1,0,0
13674,3.312,62.00,205.00,1,0,0
13677,3.312,61.90,205.00,1,0,0
13679,3.312,62.00,205.00,1,0,0
13682,3.312,62.00,206.00,1,0,1
13684,3.312,62.10,205.00,1,0,1
13686,3.312,62.70,208.00,1,0,1
13689,3.312,65.90,470.00,1,0,1
13691,3.284,75.60,251.00,1,0,0
13694,3.312,62.00,205.00,1,0,0
13696,3.312,62.00,205.00,1,0,0
13699,3.312,62.00,205.00,1,0,0
13701,3.312,106.70,351.00,1,0,1
13714,3.264,139.40,460.00,1,0,0
13716,3.312,62.00,205.00,1,0,0
13719,3.312,62.00,205.00,1,0,0
13721,3.312,63.30,210.00,1,0,1
13724,3.308,62.00,205.00,1,0,1
13726,3.312,61.90,205.00,1,0,1
13729,3.312,62.00,205.00,1,0,1
13731,3.312,62.10,205.00,1,0,0
13734,3.312,62.00,280.00,1,0,0
13736,3.272,122.10,405.00,1,0,0
13739,3.312,62.00,205.00,1,0,0
13741,3.312,62.00,239.00,1,0,1
13744,3.308,62.00,205.00,1,0,1
13746,3.304,62.10,205.00,1,0,1
13759,3.312,61.90,205.00,1,0,0
13761,3.312,61.90,205.00,1,0,1
13764,3.312,62.00,205.00,1,0,1
13766,3.308,63.10,210.00,1,0,1
13769,3.312,62.00,205.00,1,0,1
13771,3.312,62.00,238.00,1,0,0
13774,3.308,62.00,205.00,1,0,0
13776,3.304,133.40,436.00,1,0,0
13779,3.268,64.20,205.00,1,0,0
13781,3.312,62.00,205.00,1,0,1
13783,3.308,62.20,206.00,1,0,1
13786,3.312,62.10,208.00,1,0,1
13788,3.308,62.00,205.00,1,0,1
13791,3.308,61.90,205.00,1,0,0
13804,3.308,98.00,323.00,1,0,1
13806,3.292,97.10,319.00,1,0,1
13808,3.284,89.40,205.00,1,0,1
13811,3.308,62.00,205.00,1,0,0
13813,3.312,61.90,205.00,1,0,0
13816,3.308,62.10,205.00,1,0,0
13818,3.312,62.00,205.00,1,0,0
13821,3.312,61.90,202.00,1,0,1
13823,3.272,88.10,205.00,1,0,1
13826,3.312,61.90,205.00,1,0,1
13828,3.312,62.10,205.00,1,0,1
13831,3.312,62.10,206.00,1,0,0
13833,3.300,62.00,205.00,1,0,0
13836,3.312,62.00,205.00,1,0,0
13848,3.308,62.20,206.00,1,0,1
13851,3.308,62.10,206.00,1,0,0
13853,3.308,62.00,205.00,1,0,0
13856,3.312,61.80,205.00,1,0,0
13858,3.308,61.90,205.00,1,0,0
13861,3.312,61.80,205.00,1,0,1
13863,3.304,62.10,205.00,1,0,1
13866,3.308,62.20,206.00,1,0,1
13868,3.264,139.80,206.00,1,0,1
13871,3.312,62.00,205.00,1,0,0
13873,3.312,61.80,205.00,1,0,0
13876,3.312,61.80,205.00,1,0,0
13878,3.312,61.90,205.00,1,0,0
13880,3.308,62.10,206.00,1,0,1
13893,3.308,61.80,205.00,1,0,0
13896,3.312,61.90,205.00,1,0,0
13898,3.308,62.10,205.00,1,0,0
13901,3.308,62.00,205.00,1,0,1
13903,3.312,62.00,205.00,1,0,1
13906,3.308,61.90,297.00,1,0,1
13908,3.288,98.10,323.00,1,0,1
13910,3.280,93.30,306.00,1,0,0
13913,3.300,63.40,206.00,1,0,0
13915,3.312,62.10,206.00,1,0,0
13918,3.308,62.00,205.00,1,0,0
13920,3.312,61.90,205.00,1,0,1
13923,3.308,61.90,205.00,1,0,1
13925,3.312,61.90,205.00,1,0,1
13938,3.308,61.80,205.00,1,0,0
13940,3.312,61.80,205.00,1,0,1
13943,3.308,62.00,205.00,1,0,1
13945,3.308,62.10,205.00,1,0,1
13948,3.308,62.20,206.00,1,0,1
13950,3.312,62.10,206.00,1,0,0
13953,3.312,138.70,457.00,1,0,0
13955,3.268,72.10,239.00,1,0,0
13958,3.308,62.80,205.00,1,0,0
13960,3.312,61.90,205.00,1,0,1
13963,3.308,62.10,205.00,1,0,1
13965,3.308,62.20,206.00,1,0,1
13968,3.308,62.10,205.00,1,0,1
13970,3.308,61.90,205.00,1,0,0
13983,3.312,62.30,206.00,1,0,1
13985,3.312,62.10,205.00,1,0,1
13988,3.308,62.00,205.00,1,0,1
13990,3.308,61.90,205.00,1,0,0
13993,3.300,62.80,205.00,1,0,0
13995,3.308,62.00,203.00,1,0,0
13998,3.276,115.80,380.00,1,0,0
14000,3.308,62.10,205.00,1,0,1
14003,3.308,61.90,205.00,1,0,1
14005,3.308,61.90,205.00,1,0,1
14007,3.308,61.90,205.00,1,0,1
14010,3.292,98.20,333.00,1,0,0
14012,3.288,91.10,300.00,1,0,0
14015,3.308,62.10,205.00,1,0,0
14028,3.312,62.00,205.00,1,0,1
14030,3.312,62.10,206.00,1,0,0
14032,3.312,62.00,205.00,1,0,0
14035,3.312,61.80,205.00,1,0,0
14037,3.312,61.70,205.00,1,0,0
14040,3.312,61.70,205.00,1,0,1
14042,3.256,109.00,356.00,1,0,1
14045,3.308,62.10,206.00,1,0,1
14047,3.312,62.10,206.00,1,0,1
14050,3.308,62.10,206.00,1,0,0
14052,3.308,74.70,205.00,1,0,0
14055,3.312,61.70,205.00,1,0,0
14057,3.312,61.80,205.00,1,0,0
14060,3.312,62.60,205.00,1,0,0
14072,3.304,68.00,224.00,1,0,0
14075,3.312,61.70,205.00,1,0,0
14077,3.312,62.00,205.00,1,0,0
14080,3.312,61.90,205.00,1,0,1
14082,3.312,62.80,205.00,1,0,1
14085,3.308,78.90,259.00,1,0,1
14087,3.276,127.60,423.00,1,0,1
14090,3.312,61.90,205.00,1,0,1
14092,3.312,61.90,205.00,1,0,0
14095,3.312,61.90,205.00,1,0,0
14097,3.312,62.00,205.00,1,0,0
14100,3.312,61.90,205.00,1,0,0
14102,3.308,66.40,220.00,1,0,1
14104,3.308,61.90,205.00,1,0,1
14117,3.292,88.10,292.00,1,0,0
14120,3.312,61.90,205.00,1,0,0
14122,3.312,61.90,205.00,1,0,1
14125,3.308,62.00,205.00,1,0,1
14127,3.308,63.30,203.00,1,0,1
14129,3.284,133.50,437.00,1,0,1
14132,3.312,78.10,259.00,1,0,0
14134,3.312,61.90,205.00,1,0,0
14137,3.312,61.80,205.00,1,0,0
14139,3.312,61.80,205.00,1,0,0
14142,3.312,62.90,205.00,1,0,1
14144,3.312,62.10,206.00,1,0,1
14147,3.312,63.00,208.00,1,0,1
14149,3.312,62.10,205.00,1,0,1
14162,3.312,73.40,242.00,1,0,1
14164,3.312,62.10,206.00,1,0,1
14167,3.312,62.10,206.00,1,0,1
14169,3.312,61.90,205.00,1,0,1
14172,3.312,61.80,205.00,1,0,0
14174,3.312,61.90,205.00,1,0,0
14177,3.264,121.70,401.00,1,0,0
14179,3.312,62.10,206.00,1,0,0
14182,3.312,62.20,206.00,1,0,1
14184,3.308,62.00,205.00,1,0,1
14187,3.312,61.90,205.00,1,0,1
14189,3.312,62.00,205.00,1,0,1
14192,3.312,64.30,213.00,1,0,0
14194,3.312,62.00,206.00,1,0,0
14207,3.308,62.80,205.00,1,0,1
14209,3.312,62.00,205.00,1,0,1
14212,3.308,73.40,242.00,1,0,0
14214,3.284,98.30,324.00,1,0,0
14217,3.292,98.60,300.00,1,0,0
14219,3.296,61.90,202.00,1,0,0
14222,3.288,136.60,451.00,1,0,1
14224,3.308,62.10,206.00,1,0,1
14226,3.312,63.70,211.00,1,0,1
14229,3.308,62.20,206.00,1,0,1
14231,3.312,62.00,256.00,1,0,0
14234,3.312,61.80,205.00,1,0,0
14236,3.312,61.90,205.00,1,0,0
14239,3.308,61.90,205.00,1,0,0
14252,3.308,61.90,216.00,1,0,0
14254,3.312,61.90,205.00,1,0,0
14256,3.312,61.90,205.00,1,0,0
14259,3.312,62.00,215.00,1,0,0
14261,3.312,62.90,208.00,1,0,1
14264,3.308,62.00,205.00,1,0,1
14266,3.268,131.70,431.00,1,0,1
14269,3.304,62.10,205.00,1,0,1
14271,3.308,63.60,210.00,1,0,0
14274,3.312,61.90,205.00,1,0,0
14276,3.312,62.00,205.00,1,0,0
14279,3.312,61.90,205.00,1,0,0
14281,3.308,62.00,205.00,1,0,1
14284,3.308,62.10,205.00,1,0,1
14296,3.308,62.00,205.00,1,0,0
14299,3.308,62.00,205.00,1,0,0
14301,3.312,61.90,205.00,1,0,1
14304,3.312,62.00,205.00,1,0,1
14306,3.312,62.90,208.00,1,0,1
14309,3.308,62.10,205.00,1,0,1
14311,3.312,62.00,242.00,1,0,0
14314,3.308,62.00,203.00,1,0,0
14316,3.264,98.80,324.00,1,0,0
14319,3.292,98.00,323.00,1,0,0
14321,3.292,79.00,210.00,1,0,1
14324,3.308,62.00,205.00,1,0,1
14326,3.308,62.10,205.00,1,0,1
14328,3.308,62.00,205.00,1,0,1
14341,3.312,62.00,242.00,1,0,1
14344,3.312,62.00,205.00,1,0,1
14346,3.308,62.10,205.00,1,0,1
14349,3.308,62.00,206.00,1,0,1
14351,3.312,62.00,205.00,1,0,0
14353,3.312,61.90,205.00,1,0,0
14356,3.312,61.90,205.00,1,0,0
14358,3.312,61.90,205.00,1,0,0
14361,3.280,148.20,485.00,1,0,1
14363,3.284,62.20,205.00,1,0,1
14366,3.308,62.10,205.00,1,0,1
14368,3.308,62.00,205.00,1,0,1
14371,3.308,62.00,205.00,1,0,1
14373,3.312,62.00,205.00,1,0,1
14386,3.248,118.30,210.00,1,0,1
14388,3.312,62.00,205.00,1,0,1
14391,3.312,62.00,205.00,1,0,1
14393,3.312,62.00,205.00,1,0,1
14396,3.308,62.10,205.00,1,0,0
14398,3.308,62.00,205.00,1,0,0
14401,3.312,61.90,205.00,1,0,0
14403,3.312,61.90,205.00,1,0,0
14406,3.312,61.90,205.00,1,0,1
14408,3.312,62.00,451.00,1,0,1
14411,3.264,62.10,205.00,1,0,1
14413,3.308,62.00,205.00,1,0,1
14416,3.308,62.10,205.00,1,0,0
14418,3.300,98.40,324.00,1,0,0
14431,3.312,62.10,205.00,1,0,1
14433,3.308,112.30,367.00,1,0,1
14436,3.300,62.30,206.00,1,0,0
14438,3.300,62.10,205.00,1,0,0
14441,3.312,62.00,205.00,1,0,0
14443,3.312,61.90,205.00,1,0,0
14446,3.312,62.00,205.00,1,0,1
14448,3.304,62.20,206.00,1,0,1
14450,3.308,62.30,206.00,1,0,1
14453,3.312,62.10,206.00,1,0,1
14455,3.312,62.10,206.00,1,0,0
14458,3.264,143.70,472.00,1,0,0
14460,3.308,62.00,205.00,1,0,0
14463,3.312,62.00,205.00,1,0,0
14475,3.312,62.00,205.00,1,0,0
14478,3.308,62.00,205.00,1,0,0
14480,3.264,139.40,457.00,1,0,0
14483,3.308,62.20,206.00,1,0,0
14485,3.312,62.10,206.00,1,0,1
14488,3.312,62.00,205.00,1,0,1
14490,3.312,62.10,205.00,1,0,1
14493,3.312,61.90,205.00,1,0,1
14495,3.312,62.10,206.00,1,0,0
14498,3.300,62.10,206.00,1,0,0
14500,3.312,62.10,206.00,1,0,0
14503,3.312,140.20,460.00,1,0,0
14505,3.264,70.10,206.00,1,0,1
14508,3.312,62.00,205.00,1,0,1
14520,3.312,62.00,336.00,1,0,0
14523,3.292,98.60,324.00,1,0,0
14525,3.288,79.50,264.00,1,0,1
14528,3.312,141.70,472.00,1,0,1
14530,3.300,62.10,205.00,1,0,1
14533,3.312,62.20,206.00,1,0,1
14535,3.312,62.10,205.00,1,0,0
14538,3.312,61.90,205.00,1,0,0
14540,3.312,61.80,205.00,1,0,0
14543,3.312,61.70,205.00,1,0,0
14545,3.312,61.90,205.00,1,0,1
14547,3.308,62.10,206.00,1,0,1
14550,3.312,115.50,393.00,1,0,1
14552,3.272,62.00,205.00,1,0,1
14565,3.312,62.00,205.00,1,0,1
14568,3.312,62.10,206.00,1,0,1
14570,3.308,92.30,493.00,1,0,1
14573,3.276,119.90,205.00,1,0,1
14575,3.308,61.90,205.00,1,0,0
14577,3.304,67.00,221.00,1,0,0
14580,3.312,61.90,205.00,1,0,0
14582,3.312,62.10,206.00,1,0,0
14585,3.308,61.90,205.00,1,0,1
14587,3.312,62.80,205.00,1,0,1
14590,3.308,61.90,205.00,1,0,1
14592,3.312,61.90,205.00,1,0,1
14595,3.308,63.80,467.00,1,0,1
14597,3.268,62.10,206.00,1,0,0
14610,3.312,61.90,205.00,1,0,1
14612,3.308,62.10,205.00,1,0,1
14615,3.308,62.10,206.00,1,0,0
14617,3.312,61.90,205.00,1,0,0
14620,3.312,105.70,346.00,1,0,0
14622,3.264,66.90,351.00,1,0,0
14625,3.292,98.40,326.00,1,0,0
14627,3.292,90.90,300.00,1,0,1
14630,3.308,62.10,205.00,1,0,1
14632,3.308,63.30,206.00,1,0,1
14635,3.308,62.00,205.00,1,0,1
14637,3.308,77.10,256.00,1,0,0
14640,3.308,61.80,308.00,1,0,0
14642,3.276,115.10,380.00,1,0,0
14655,3.308,61.90,205.00,1,0,1
14657,3.304,69.60,231.00,1,0,0
14660,3.308,61.80,205.00,1,0,0
14662,3.308,62.00,205.00,1,0,0
14665,3.264,141.00,462.00,1,0,0
14667,3.308,63.10,205.00,1,0,1
14670,3.308,61.90,205.00,1,0,1
14672,3.308,61.80,205.00,1,0,1
14674,3.312,62.70,208.00,1,0,1
14677,3.308,61.90,205.00,1,0,0
14679,3.308,62.00,205.00,1,0,0
14682,3.308,62.00,205.00,1,0,0
14684,3.312,62.00,202.00,1,0,0
14687,3.268,140.10,464.00,1,0,1
14699,3.312,62.10,205.00,1,0,0
14702,3.312,61.90,205.00,1,0,0
14704,3.312,61.80,205.00,1,0,0
14707,3.308,61.80,205.00,1,0,1
14709,3.312,61.80,205.00,1,0,1
14712,3.264,112.20,226.00,1,0,1
14714,3.308,62.10,205.00,1,0,1
14717,3.308,74.90,247.00,1,0,0
14719,3.308,61.80,205.00,1,0,0
14722,3.312,61.70,205.00,1,0,0
14724,3.312,61.70,205.00,1,0,0
14727,3.288,99.20,324.00,1,0,1
14729,3.288,98.50,324.00,1,0,1
14732,3.292,99.70,328.00,1,0,1
14744,3.312,62.00,205.00,1,0,0
14747,3.308,72.00,238.00,1,0,1
14749,3.308,62.30,206.00,1,0,1
14752,3.308,62.00,205.00,1,0,1
14754,3.312,61.90,205.00,1,0,1
14757,3.312,142.80,483.00,1,0,0
14759,3.300,62.00,205.00,1,0,0
14762,3.308,62.10,206.00,1,0,0
14764,3.308,62.10,206.00,1,0,0
14767,3.312,63.20,210.00,1,0,1
14769,3.308,61.90,205.00,1,0,1
14776,3.308,64.10,211.00,1,0,0
14779,3.312,62.10,206.00,1,0,0
14781,3.308,143.30,467.00,1,0,0
14784,3.284,62.00,205.00,1,0,0
14786,3.308,61.90,205.00,1,0,1
14789,3.312,61.80,205.00,1,0,1
14791,3.308,62.70,208.00,1,0,1
14793,3.308,62.00,205.00,1,0,1
14796,3.312,62.20,238.00,1,0,0
14798,3.308,62.10,205.00,1,0,0
14811,3.308,62.10,208.00,1,0,1
14814,3.308,62.20,206.00,1,0,1
14816,3.308,62.10,205.00,1,0,0
14819,3.312,61.90,205.00,1,0,0
14821,3.312,61.80,205.00,1,0,0
14823,3.308,61.80,205.00,1,0,0
14826,3.312,140.30,328.00,1,0,1
14828,3.260,98.40,324.00,1,0,1
14831,3.292,98.60,324.00,1,0,1
14833,3.288,74.40,205.00,1,0,1
14836,3.308,62.00,205.00,1,0,0
14838,3.312,61.90,205.00,1,0,0
14841,3.312,62.00,205.00,1,0,0
14843,3.312,62.00,205.00,1,0,0
14856,3.308,62.00,205.00,1,0,0
14858,3.300,61.90,205.00,1,0,0
14861,3.312,62.10,206.00,1,0,0
14863,3.308,62.10,206.00,1,0,0
14866,3.312,62.00,205.00,1,0,1
14868,3.308,61.90,205.00,1,0,1
14871,3.308,62.00,455.00,1,0,1
14873,3.268,62.20,205.00,1,0,1
14876,3.308,62.10,205.00,1,0,0
14878,3.304,62.10,208.00,1,0,0
14881,3.312,62.00,205.00,1,0,0
14883,3.312,62.00,205.00,1,0,0
14886,3.308,61.90,205.00,1,0,1
14888,3.308,62.00,205.00,1,0,1
14901,3.312,62.00,205.00,1,0,0
14903,3.312,61.90,205.00,1,0,0
14906,3.312,62.00,205.00,1,0,1
14908,3.312,62.10,206.00,1,0,1
14911,3.312,62.20,206.00,1,0,1
14913,3.308,62.20,206.00,1,0,1
14916,3.308,62.10,205.00,1,0,0
14918,3.308,143.40,469.00,1,0,0
14920,3.308,62.00,205.00,1,0,0
14923,3.312,62.10,205.00,1,0,0
14925,3.312,62.00,205.00,1,0,1
14928,3.308,62.20,206.00,1,0,1
14930,3.308,83.40,336.00,1,0,1
14933,3.288,98.20,323.00,1,0,1
14945,3.312,62.00,205.00,1,0,1
14948,3.308,62.10,205.00,1,0,1
14950,3.308,62.00,205.00,1,0,1
14953,3.308,61.90,205.00,1,0,1
14955,3.312,61.90,205.00,1,0,0
14958,3.304,61.90,205.00,1,0,0
14960,3.312,142.10,464.00,1,0,0
14963,3.280,62.00,205.00,1,0,0
14965,3.308,62.00,205.00,1,0,1
14968,3.312,62.00,205.00,1,0,1
14970,3.312,62.00,205.00,1,0,1
14973,3.312,62.00,205.00,1,0,1
14975,3.312,62.00,205.00,1,0,0
14978,3.308,62.00,205.00,1,0,0
14990,3.312,62.00,205.00,1,0,1
14993,3.308,62.00,205.00,1,0,1
14995,3.312,62.00,205.00,1,0,0
14998,3.308,62.00,205.00,1,0,0
15000,3.312,61.90,205.00,1,0,0
15003,3.312,61.80,205.00,1,0,0
15005,3.312,127.30,419.00,1,0,1
15008,3.292,62.10,205.00,1,0,1
15010,3.308,62.10,206.00,1,0,1
15013,3.308,62.00,205.00,1,0,1
15015,3.308,62.00,205.00,1,0,0
15017,3.300,62.90,208.00,1,0,0
15020,3.312,61.90,205.00,1,0,0
15022,3.308,61.90,205.00,1,0,0
15035,3.292,97.70,321.00,1,0,0
15038,3.276,76.00,252.00,1,0,0
15040,3.312,61.90,205.00,1,0,0
15042,3.312,61.90,205.00,1,0,0
15045,3.312,61.90,205.00,1,0,1
15047,3.268,100.70,457.00,1,0,1
15050,3.308,62.10,206.00,1,0,1
15052,3.308,62.00,205.00,1,0,1
15055,3.308,62.00,205.00,1,0,0
15057,3.308,70.90,205.00,1,0,0
15060,3.312,61.90,205.00,1,0,0
15062,3.308,61.90,205.00,1,0,0
15065,3.308,61.90,205.00,1,0,0
15067,3.312,145.90,478.00,1,0,1
15080,3.308,61.90,205.00,1,0,0
15082,3.312,61.90,205.00,1,0,0
15085,3.308,61.90,205.00,1,0,1
15087,3.312,61.90,205.00,1,0,1
15090,3.312,143.60,469.00,1,0,1
15092,3.304,63.30,205.00,1,0,1
15095,3.308,62.00,205.00,1,0,1
15097,3.304,67.60,223.00,1,0,0
15100,3.308,62.00,211.00,1,0,0
15102,3.312,61.90,205.00,1,0,0
15105,3.312,61.90,205.00,1,0,0
15107,3.312,72.10,205.00,1,0,1
15110,3.312,62.00,205.00,1,0,1
15112,3.312,62.00,205.00,1,0,1
15125,3.312,61.70,205.00,1,0,0
15127,3.312,61.90,205.00,1,0,1
15130,3.312,62.00,206.00,1,0,1
15132,3.312,62.10,206.00,1,0,1
15135,3.312,62.10,203.00,1,0,1
15137,3.292,103.50,339.00,1,0,0
15139,3.284,90.90,300.00,1,0,0
15142,3.312,61.80,205.00,1,0,0
15144,3.312,61.80,205.00,1,0,0
15147,3.312,61.90,205.00,1,0,1
15149,3.308,62.00,205.00,1,0,1
15152,3.308,63.20,205.00,1,0,1
15154,3.312,61.90,205.00,1,0,1
15157,3.312,75.60,251.00,1,0,0
15169,3.312,61.90,205.00,1,0,1
15172,3.312,62.90,208.00,1,0,1
15174,3.312,61.80,205.00,1,0,1
15177,3.312,70.50,234.00,1,0,0
15179,3.312,140.10,457.00,1,0,0
15182,3.300,64.80,206.00,1,0,0
15184,3.312,62.00,205.00,1,0,0
15187,3.312,63.20,210.00,1,0,1
15189,3.312,62.00,205.00,1,0,1
15192,3.312,61.90,205.00,1,0,1
15194,3.312,61.90,205.00,1,0,1
15197,3.308,61.90,205.00,1,0,0
15199,3.312,61.90,205.00,1,0,0
15202,3.312,61.80,205.00,1,0,0
15214,3.312,62.00,205.00,1,0,1
15217,3.312,64.10,211.00,1,0,0
15219,3.312,61.90,205.00,1,0,0
15222,3.308,61.80,205.00,1,0,0
15224,3.312,61.70,205.00,1,0,0
15227,3.312,61.70,205.00,1,0,1
15229,3.308,133.40,436.00,1,0,1
15232,3.312,63.30,210.00,1,0,1
15234,3.312,62.10,205.00,1,0,1
15237,3.312,73.40,241.00,1,0,0
15239,3.292,98.00,323.00,1,0,0
15241,3.288,97.10,306.00,1,0,0
15244,3.288,61.90,205.00,1,0,0
15246,3.308,61.90,205.00,1,0,1
15259,3.312,61.70,205.00,1,0,0
15262,3.312,61.80,205.00,1,0,0
15264,3.312,62.00,205.00,1,0,0
15266,3.312,62.80,208.00,1,0,1
15269,3.312,62.00,205.00,1,0,1
15271,3.308,119.90,392.00,1,0,1
15274,3.276,61.90,205.00,1,0,1
15276,3.308,61.90,205.00,1,0,0
15279,3.312,61.80,205.00,1,0,0
15281,3.312,62.00,205.00,1,0,0
15284,3.312,65.10,216.00,1,0,0
15286,3.312,61.90,244.00,1,0,1
15289,3.312,61.90,205.00,1,0,1
15291,3.312,61.90,205.00,1,0,1
15304,3.308,61.70,205.00,1,0,0
15306,3.308,61.80,205.00,1,0,1
15309,3.308,61.80,205.00,1,0,1
15311,3.308,61.90,205.00,1,0,1
15314,3.312,62.10,465.00,1,0,1
15316,3.264,143.30,233.00,1,0,0
15319,3.308,62.00,205.00,1,0,0
15321,3.312,61.80,205.00,1,0,0
15324,3.312,61.80,205.00,1,0,0
15326,3.312,61.70,205.00,1,0,1
15329,3.308,62.00,205.00,1,0,1
15331,3.312,62.10,208.00,1,0,1
15334,3.312,62.00,205.00,1,0,1
15336,3.308,61.90,202.00,1,0,0
15349,3.312,62.40,206.00,1,0,1
15351,3.312,62.20,210.00,1,0,1
15354,3.312,62.00,205.00,1,0,1
15356,3.312,61.90,205.00,1,0,0
15359,3.312,61.90,205.00,1,0,0
15361,3.312,110.80,362.00,1,0,0
15363,3.264,62.20,206.00,1,0,0
15366,3.312,62.20,206.00,1,0,1
15368,3.312,62.10,205.00,1,0,1
15371,3.312,62.00,205.00,1,0,1
15373,3.312,61.90,205.00,1,0,1
15376,3.312,61.90,205.00,1,0,0
15378,3.300,62.10,206.00,1,0,0
15381,3.312,62.10,206.00,1,0,0
15393,3.312,62.00,205.00,1,0,1
15396,3.312,62.20,220.00,1,0,0
15398,3.304,62.10,206.00,1,0,0
15401,3.312,62.10,206.00,1,0,0
15403,3.312,61.90,205.00,1,0,0
15406,3.312,113.90,374.00,1,0,1
15408,3.276,96.90,321.00,1,0,1
15411,3.312,62.20,210.00,1,0,1
15413,3.308,62.20,206.00,1,0,1
15416,3.308,62.20,206.00,1,0,0
15418,3.312,61.90,205.00,1,0,0
15421,3.312,61.80,205.00,1,0,0
15423,3.312,61.80,205.00,1,0,0
15426,3.312,61.90,205.00,1,0,1
15438,3.312,61.80,205.00,1,0,0
15441,3.312,61.90,203.00,1,0,0
15443,3.296,98.20,323.00,1,0,0
15446,3.288,97.40,319.00,1,0,1
15448,3.308,139.20,392.00,1,0,1
15451,3.284,62.10,205.00,1,0,1
15453,3.312,61.90,205.00,1,0,1
15456,3.312,61.90,205.00,1,0,0
15458,3.300,61.90,205.00,1,0,0
15460,3.312,62.00,205.00,1,0,0
15463,3.312,62.00,205.00,1,0,0
15465,3.312,62.10,206.00,1,0,1
15468,3.312,61.90,205.00,1,0,1
15470,3.308,61.90,205.00,1,0,1
15483,3.312,62.00,205.00,1,0,0
15485,3.312,61.80,205.00,1,0,1
15488,3.312,64.60,215.00,1,0,1
15490,3.308,61.80,205.00,1,0,1
15493,3.312,62.00,205.00,1,0,1
15495,3.308,62.10,206.00,1,0,0
15498,3.312,141.30,460.00,1,0,0
15500,3.292,81.60,205.00,1,0,0
15503,3.312,61.80,205.00,1,0,0
15505,3.312,61.80,205.00,1,0,1
15508,3.312,62.00,205.00,1,0,1
15510,3.312,62.10,205.00,1,0,1
15513,3.312,62.10,206.00,1,0,1
15515,3.308,62.10,205.00,1,0,0
15528,3.308,62.10,206.00,1,0,1
15530,3.312,62.10,206.00,1,0,1
15533,3.312,62.10,206.00,1,0,1
15535,3.312,61.90,205.00,1,0,0
15538,3.304,64.70,205.00,1,0,0
15540,3.312,61.90,205.00,1,0,0
15543,3.312,61.90,205.00,1,0,0
15545,3.300,116.50,323.00,1,0,1
15548,3.292,98.30,323.00,1,0,1
15550,3.300,62.20,206.00,1,0,1
15553,3.308,62.00,205.00,1,0,1
15555,3.312,61.90,205.00,1,0,0
15557,3.296,62.10,206.00,1,0,0
15560,3.312,62.00,206.00,1,0,0
15573,3.308,62.10,205.00,1,0,1
15575,3.308,62.10,206.00,1,0,0
15578,3.312,62.10,206.00,1,0,0
15580,3.312,62.10,206.00,1,0,0
15582,3.312,62.00,205.00,1,0,0
15585,3.312,62.00,205.00,1,0,1
15587,3.300,62.00,203.00,1,0,1
15590,3.260,142.40,213.00,1,0,1
15592,3.312,62.10,205.00,1,0,1
15595,3.308,62.20,206.00,1,0,0
15597,3.308,75.80,206.00,1,0,0
15600,3.312,62.00,205.00,1,0,0
15602,3.312,61.90,205.00,1,0,0
15605,3.312,61.90,205.00,1,0,0
15617,3.308,68.90,228.00,1,0,0
15620,3.312,61.80,205.00,1,0,0
15622,3.312,62.00,205.00,1,0,0
15625,3.312,62.00,205.00,1,0,1
15627,3.312,62.70,206.00,1,0,1
15630,3.312,62.00,205.00,1,0,1
15632,3.308,62.20,206.00,1,0,1
15635,3.264,112.00,464.00,1,0,1
15637,3.304,62.10,206.00,1,0,0
15640,3.312,62.00,205.00,1,0,0
15642,3.312,62.00,206.00,1,0,0
15645,3.312,62.10,206.00,1,0,0
15647,3.308,109.90,362.00,1,0,1
15650,3.292,98.40,331.00,1,0,1
15662,3.312,62.00,205.00,1,0,0
15665,3.312,62.00,205.00,1,0,0
15667,3.308,62.00,205.00,1,0,1
15670,3.312,61.90,205.00,1,0,1
15672,3.312,63.20,205.00,1,0,1
15675,3.312,62.00,205.00,1,0,1
15677,3.312,75.20,249.00,1,0,0
15679,3.312,62.00,202.00,1,0,0
15682,3.260,108.90,360.00,1,0,0
15684,3.312,62.00,205.00,1,0,0
15687,3.312,62.80,205.00,1,0,1
15689,3.312,62.00,205.00,1,0,1
15692,3.312,63.00,208.00,1,0,1
15694,3.304,62.10,205.00,1,0,1
15707,3.312,71.90,205.00,1,0,1
15709,3.308,62.10,206.00,1,0,1
15712,3.308,62.00,205.00,1,0,1
15714,3.308,62.00,205.00,1,0,1
15717,3.308,62.70,208.00,1,0,0
15719,3.312,61.90,205.00,1,0,0
15722,3.312,61.90,205.00,1,0,0
15724,3.312,61.90,205.00,1,0,0
15727,3.312,119.60,393.00,1,0,1
15729,3.308,62.10,205.00,1,0,1
15732,3.308,62.00,206.00,1,0,1
15734,3.312,62.00,205.00,1,0,1
15737,3.308,63.20,208.00,1,0,0
15739,3.312,61.90,205.00,1,0,0
15752,3.288,99.60,323.00,1,0,1
15754,3.288,62.00,205.00,1,0,1
15757,3.308,72.00,238.00,1,0,0
15759,3.312,62.00,205.00,1,0,0
15762,3.312,62.00,205.00,1,0,0
15764,3.312,62.00,205.00,1,0,0
15767,3.312,62.00,206.00,1,0,1
15769,3.312,62.00,205.00,1,0,1
15772,3.308,62.80,208.00,1,0,1
15774,3.312,62.00,205.00,1,0,1
15776,3.264,147.60,534.00,1,0,0
15779,3.300,61.90,205.00,1,0,0
15781,3.312,62.00,205.00,1,0,0
15784,3.312,62.00,205.00,1,0,0
15797,3.264,142.40,315.00,1,0,0
15799,3.284,62.10,206.00,1,0,0
15802,3.312,62.00,205.00,1,0,0
15804,3.312,61.90,205.00,1,0,0
15806,3.312,63.20,210.00,1,0,1
15809,3.308,61.90,205.00,1,0,1
15811,3.312,62.00,205.00,1,0,1
15814,3.312,62.00,205.00,1,0,1
15816,3.312,62.40,203.00,1,0,0
15819,3.264,139.40,205.00,1,0,0
15821,3.312,62.00,205.00,1,0,0
15824,3.312,62.00,205.00,1,0,0
15826,3.312,61.90,205.00,1,0,1
15829,3.312,62.10,205.00,1,0,1
15841,3.308,62.00,205.00,1,0,0
15844,3.312,62.00,205.00,1,0,0
15846,3.312,62.00,205.00,1,0,1
15849,3.312,62.00,206.00,1,0,1
15851,3.312,87.80,288.00,1,0,1
15854,3.292,98.10,323.00,1,0,1
15856,3.292,91.20,259.00,1,0,0
15859,3.312,133.70,436.00,1,0,0
15861,3.280,67.50,223.00,1,0,0
15864,3.312,61.90,205.00,1,0,0
15866,3.312,63.40,210.00,1,0,1
15869,3.312,62.00,205.00,1,0,1
15871,3.308,62.00,210.00,1,0,1
15874,3.312,61.80,205.00,1,0,1
15886,3.308,61.90,241.00,1,0,1
15889,3.312,62.00,205.00,1,0,1
15891,3.312,61.90,205.00,1,0,1
15894,3.312,61.80,205.00,1,0,1
15896,3.308,62.00,205.00,1,0,0
15899,3.308,62.00,205.00,1,0,0
15901,3.312,62.00,205.00,1,0,0
15903,3.312,61.90,205.00,1,0,0
15906,3.312,61.80,205.00,1,0,1
15908,3.272,89.20,244.00,1,0,1
15911,3.312,62.00,205.00,1,0,1
15913,3.312,62.00,205.00,1,0,1
15916,3.308,62.20,215.00,1,0,0
15918,3.304,61.90,205.00,1,0,0
15931,3.276,122.40,398.00,1,0,1
15933,3.308,62.10,206.00,1,0,1
15936,3.312,62.00,205.00,1,0,0
15938,3.312,61.80,205.00,1,0,0
15941,3.312,61.80,205.00,1,0,0
15943,3.312,61.80,205.00,1,0,0
15946,3.312,61.90,205.00,1,0,1
15948,3.304,62.20,206.00,1,0,1
15951,3.312,62.10,206.00,1,0,1
15953,3.312,61.90,247.00,1,0,1
15956,3.272,99.60,326.00,1,0,0
15958,3.292,95.30,313.00,1,0,0
15961,3.312,62.00,205.00,1,0,0
15963,3.312,62.10,206.00,1,0,0
15976,3.312,61.90,403.00,1,0,0
15978,3.272,62.00,205.00,1,0,0
15981,3.312,62.10,206.00,1,0,0
15983,3.312,62.10,206.00,1,0,0
15986,3.312,62.00,205.00,1,0,1
15988,3.312,62.00,205.00,1,0,1
15991,3.312,61.90,205.00,1,0,1
15993,3.308,61.90,205.00,1,0,1
15996,3.308,62.20,206.00,1,0,0
15998,3.300,88.60,434.00,1,0,0
16000,3.264,62.20,206.00,1,0,0
16003,3.312,62.00,205.00,1,0,0
16005,3.312,62.10,205.00,1,0,1
16008,3.304,61.90,205.00,1,0,1
16021,3.308,111.10,364.00,1,0,0
16023,3.312,61.90,205.00,1,0,0
16025,3.312,61.90,205.00,1,0,1
16028,3.312,62.00,205.00,1,0,1
16030,3.308,62.20,206.00,1,0,1
16033,3.308,62.20,206.00,1,0,1
16035,3.308,62.10,205.00,1,0,0
16038,3.312,61.80,205.00,1,0,0
16040,3.312,61.80,205.00,1,0,0
16043,3.312,61.80,205.00,1,0,0
16045,3.312,137.80,452.00,1,0,1
16048,3.288,104.00,344.00,1,0,1
16050,3.312,62.30,206.00,1,0,1
16053,3.308,62.00,205.00,1,0,1
16065,3.312,62.60,205.00,1,0,1
16068,3.284,145.80,482.00,1,0,1
16070,3.308,62.00,205.00,1,0,1
16073,3.308,62.00,205.00,1,0,1
16075,3.312,62.00,205.00,1,0,0
16078,3.300,62.00,205.00,1,0,0
16080,3.312,62.10,206.00,1,0,0
16083,3.312,62.20,206.00,1,0,0
16085,3.312,61.90,205.00,1,0,1
16088,3.312,61.90,203.00,1,0,1
16090,3.292,129.40,424.00,1,0,1
16093,3.308,62.00,205.00,1,0,1
16095,3.312,62.10,206.00,1,0,0
16097,3.312,62.20,206.00,1,0,0
16110,3.312,62.10,206.00,1,0,1
16113,3.312,62.20,205.00,1,0,1
16115,3.248,119.20,206.00,1,0,0
16118,3.312,62.00,205.00,1,0,0
16120,3.312,61.90,205.00,1,0,0
16122,3.312,61.90,205.00,1,0,0
16125,3.308,61.90,205.00,1,0,1
16127,3.312,62.20,206.00,1,0,1
16130,3.308,62.20,206.00,1,0,1
16132,3.308,62.90,206.00,1,0,1
16135,3.308,62.00,203.00,1,0,0
16137,3.288,129.70,429.00,1,0,0
16140,3.312,61.90,205.00,1,0,0
16142,3.312,62.00,205.00,1,0,0
16155,3.312,61.90,203.00,1,0,0
16157,3.268,138.40,454.00,1,0,0
16160,3.284,98.20,321.00,1,0,0
16162,3.288,98.20,323.00,1,0,0
16165,3.312,62.10,206.00,1,0,1
16167,3.312,62.10,205.00,1,0,1
16170,3.312,61.90,205.00,1,0,1
16172,3.312,61.90,205.00,1,0,1
16175,3.312,62.00,205.00,1,0,1
16177,3.308,100.40,329.00,1,0,0
16180,3.276,110.40,365.00,1,0,0
16182,3.312,62.20,205.00,1,0,0
16185,3.312,61.90,205.00,1,0,0
16187,3.312,62.20,206.00,1,0,1
16200,3.312,62.00,205.00,1,0,0
16202,3.264,139.90,462.00,1,0,0
16205,3.312,61.90,215.00,1,0,0
16207,3.312,62.00,205.00,1,0,1
16210,3.312,62.00,205.00,1,0,1
16212,3.312,63.10,206.00,1,0,1
16215,3.312,62.10,206.00,1,0,1
16217,3.308,73.50,244.00,1,0,0
16220,3.312,61.90,205.00,1,0,0
16222,3.312,73.80,241.00,1,0,0
16224,3.264,111.60,369.00,1,0,0
16227,3.312,63.20,206.00,1,0,1
16229,3.312,62.10,206.00,1,0,1
16232,3.312,62.20,206.00,1,0,1
16245,3.312,99.40,323.00,1,0,0
16247,3.284,72.70,241.00,1,0,1
16249,3.308,62.20,206.00,1,0,1
16252,3.312,62.00,205.00,1,0,1
16254,3.312,61.90,205.00,1,0,1
16257,3.312,62.70,205.00,1,0,0
16259,3.312,61.90,205.00,1,0,0
16262,3.288,98.40,324.00,1,0,0
16264,3.288,98.20,308.00,1,0,0
16267,3.288,62.00,205.00,1,0,1
16269,3.260,96.20,313.00,1,0,1
16272,3.308,61.90,205.00,1,0,1
16274,3.308,62.00,205.00,1,0,1
16277,3.312,70.20,233.00,1,0,0
16289,3.312,61.90,203.00,1,0,1
16292,3.280,151.10,498.00,1,0,1
16294,3.312,62.00,206.00,1,0,1
16297,3.312,73.50,244.00,1,0,0
16299,3.312,62.00,205.00,1,0,0
16302,3.312,61.80,205.00,1,0,0
16304,3.312,61.90,205.00,1,0,0
16307,3.312,67.30,223.00,1,0,1
16309,3.312,62.00,205.00,1,0,1
16312,3.312,72.70,238.00,1,0,1
16314,3.276,133.90,442.00,1,0,1
16317,3.312,62.10,233.00,1,0,0
16319,3.308,61.80,205.00,1,0,0
16321,3.312,61.80,205.00,1,0,0
16334,3.312,61.90,202.00,1,0,1
16337,3.268,86.70,285.00,1,0,0
16339,3.312,61.90,205.00,1,0,0
16342,3.312,61.90,205.00,1,0,0
16344,3.312,61.90,205.00,1,0,0
16346,3.312,61.90,205.00,1,0,1
16349,3.312,62.00,205.00,1,0,1
16351,3.312,61.90,205.00,1,0,1
16354,3.312,61.90,205.00,1,0,1
16356,3.312,66.20,220.00,1,0,0
16359,3.292,163.20,534.00,1,0,0
16361,3.312,62.00,205.00,1,0,0
16364,3.308,98.50,324.00,1,0,0
16366,3.288,98.10,321.00,1,0,1
16379,3.312,61.90,205.00,1,0,1
16381,3.264,112.70,277.00,1,0,0
16384,3.312,62.00,205.00,1,0,0
16386,3.312,61.90,205.00,1,0,0
16389,3.312,61.80,205.00,1,0,0
16391,3.312,61.90,208.00,1,0,1
16394,3.312,61.90,205.00,1,0,1
16396,3.312,62.00,205.00,1,0,1
16399,3.308,62.00,205.00,1,0,1
16401,3.312,61.90,205.00,1,0,0
16404,3.272,122.60,401.00,1,0,0
16406,3.284,61.90,205.00,1,0,0
16409,3.312,61.90,205.00,1,0,0
16411,3.312,61.80,205.00,1,0,1
16424,3.304,129.30,423.00,1,0,0
16426,3.304,62.00,205.00,1,0,0
16429,3.312,61.90,205.00,1,0,0
16431,3.312,61.80,205.00,1,0,1
16434,3.308,62.00,205.00,1,0,1
16436,3.312,61.90,208.00,1,0,1
16439,3.312,62.00,205.00,1,0,1
16441,3.308,62.00,205.00,1,0,0
16443,3.312,61.80,205.00,1,0,0
16446,3.312,61.90,205.00,1,0,0
16448,3.312,142.00,464.00,1,0,0
16451,3.292,62.00,208.00,1,0,1
16453,3.312,62.00,205.00,1,0,1
16456,3.312,61.90,205.00,1,0,1
16468,3.292,99.30,326.00,1,0,0
16471,3.292,91.10,241.00,1,0,1
16473,3.312,62.10,206.00,1,0,1
16476,3.308,61.90,205.00,1,0,1
16478,3.312,62.00,205.00,1,0,1
16481,3.308,62.10,205.00,1,0,0
16483,3.300,62.10,206.00,1,0,0
16486,3.312,61.90,205.00,1,0,0
16488,3.312,61.90,205.00,1,0,0
16491,3.312,61.90,205.00,1,0,1
16493,3.308,61.90,205.00,1,0,1
16496,3.312,91.40,434.00,1,0,1
16498,3.272,62.10,206.00,1,0,1
16501,3.312,62.20,206.00,1,0,0
16513,3.312,62.00,205.00,1,0,1
16516,3.308,62.10,208.00,1,0,1
16518,3.312,88.80,292.00,1,0,1
16521,3.264,110.70,367.00,1,0,0
16523,3.308,62.00,205.00,1,0,0
16526,3.312,61.90,205.00,1,0,0
16528,3.312,61.90,205.00,1,0,0
16531,3.312,61.90,205.00,1,0,1
16533,3.304,62.20,206.00,1,0,1
16536,3.312,62.10,206.00,1,0,1
16538,3.312,62.00,205.00,1,0,1
16540,3.308,61.90,205.00,1,0,0
16543,3.312,99.90,328.00,1,0,0
16545,3.276,108.20,356.00,1,0,0
16558,3.312,61.90,205.00,1,0,1
16561,3.312,61.90,205.00,1,0,0
16563,3.304,61.90,205.00,1,0,0
16565,3.312,62.10,206.00,1,0,0
16568,3.312,143.60,367.00,1,0,0
16570,3.288,98.30,324.00,1,0,1
16573,3.288,85.70,283.00,1,0,1
16575,3.308,62.00,205.00,1,0,1
16578,3.308,62.00,205.00,1,0,1
16580,3.312,62.10,206.00,1,0,0
16583,3.300,62.20,206.00,1,0,0
16585,3.312,62.00,205.00,1,0,0
16588,3.312,62.00,203.00,1,0,0
16590,3.296,169.20,283.00,1,0,1
16603,3.308,62.00,205.00,1,0,0
16605,3.312,62.00,205.00,1,0,0
16608,3.312,61.90,205.00,1,0,0
16610,3.312,61.90,205.00,1,0,1
16613,3.312,140.50,292.00,1,0,1
16615,3.256,62.30,206.00,1,0,1
16618,3.312,62.20,206.00,1,0,1
16620,3.312,63.00,206.00,1,0,0
16623,3.312,61.80,205.00,1,0,0
16625,3.312,61.90,205.00,1,0,0
16628,3.312,62.00,205.00,1,0,0
16630,3.308,62.10,206.00,1,0,1
16633,3.308,62.30,206.00,1,0,1
16635,3.312,143.80,367.00,1,0,1
16648,3.312,62.20,206.00,1,0,0
16650,3.308,62.10,206.00,1,0,1
16653,3.312,62.20,206.00,1,0,1
16655,3.312,62.10,206.00,1,0,1
16658,3.284,119.50,339.00,1,0,1
16660,3.312,62.10,206.00,1,0,0
16662,3.300,62.20,206.00,1,0,0
16665,3.312,62.20,206.00,1,0,0
16667,3.312,62.20,206.00,1,0,0
16670,3.312,62.00,205.00,1,0,1
16672,3.288,97.90,324.00,1,0,1
16675,3.292,91.30,301.00,1,0,1
16677,3.300,127.30,416.00,1,0,1
16680,3.272,66.60,206.00,1,0,1
16692,3.312,61.90,205.00,1,0,1
16695,3.312,62.00,206.00,1,0,1
16697,3.312,62.20,206.00,1,0,1
16700,3.312,62.20,206.00,1,0,0
16702,3.312,109.70,410.00,1,0,0
16705,3.268,62.00,205.00,1,0,0
16707,3.312,61.90,205.00,1,0,0
16710,3.312,61.80,205.00,1,0,1
16712,3.312,62.20,206.00,1,0,1
16715,3.312,62.20,206.00,1,0,1
16717,3.312,63.10,206.00,1,0,1
16720,3.312,61.90,205.00,1,0,1
16722,3.312,73.30,242.00,1,0,0
16725,3.312,141.60,326.00,1,0,0
16737,3.312,62.00,205.00,1,0,1
16740,3.312,61.90,205.00,1,0,1
16742,3.312,62.60,208.00,1,0,0
16745,3.312,62.00,205.00,1,0,0
16747,3.308,62.10,205.00,1,0,0
16750,3.296,124.30,408.00,1,0,0
16752,3.312,63.30,210.00,1,0,1
16755,3.312,62.00,205.00,1,0,1
16757,3.312,61.90,205.00,1,0,1
16760,3.312,61.90,205.00,1,0,1
16762,3.312,63.10,206.00,1,0,0
16764,3.312,62.10,206.00,1,0,0
16767,3.312,62.10,206.00,1,0,0
16769,3.316,62.80,465.00,1,0,0
16786,3.312,61.90,205.00,1,0,0
16789,3.312,61.90,205.00,1,0,0
16791,3.312,142.50,467.00,1,0,1
16794,3.312,62.20,206.00,1,0,1
16796,3.312,62.20,210.00,1,0,1
16799,3.312,62.30,206.00,1,0,1
16801,3.308,62.10,205.00,1,0,0
16804,3.312,61.90,205.00,1,0,0
16806,3.312,61.90,205.00,1,0,0
16808,3.312,61.90,205.00,1,0,0
16811,3.312,62.00,208.00,1,0,1
16813,3.312,134.20,439.00,1,0,1
16816,3.280,62.30,206.00,1,0,1
16818,3.312,62.10,205.00,1,0,1
16831,3.312,62.10,239.00,1,0,1
16833,3.308,62.30,251.00,1,0,1
16836,3.272,69.80,231.00,1,0,1
16838,3.312,62.00,205.00,1,0,1
16841,3.312,62.00,205.00,1,0,0
16843,3.300,62.00,205.00,1,0,0
16846,3.312,62.10,206.00,1,0,0
16848,3.308,62.10,206.00,1,0,0
16851,3.312,61.90,205.00,1,0,1
16853,3.312,62.00,205.00,1,0,1
16856,3.312,140.00,496.00,1,0,1
16858,3.264,62.20,206.00,1,0,1
16861,3.312,62.10,206.00,1,0,0
16863,3.304,62.10,206.00,1,0,0
16876,3.312,80.10,324.00,1,0,1
16878,3.280,98.70,324.00,1,0,1
16881,3.292,62.30,206.00,1,0,0
16883,3.312,62.00,205.00,1,0,0
16886,3.312,61.80,205.00,1,0,0
16888,3.312,61.90,205.00,1,0,0
16891,3.312,61.90,205.00,1,0,1
16893,3.304,62.10,206.00,1,0,1
16896,3.312,62.20,206.00,1,0,1
16898,3.308,62.20,206.00,1,0,1
16901,3.312,62.00,205.00,1,0,0
16903,3.308,142.90,472.00,1,0,0
16905,3.312,61.90,205.00,1,0,0
16908,3.312,61.90,205.00,1,0,0
16921,3.308,61.90,205.00,1,0,0
16923,3.300,61.90,205.00,1,0,0
16926,3.312,140.20,460.00,1,0,0
16928,3.264,70.80,206.00,1,0,0
16930,3.312,62.00,205.00,1,0,1
16933,3.312,62.10,206.00,1,0,1
16935,3.312,62.00,205.00,1,0,1
16938,3.312,61.90,205.00,1,0,1
16940,3.312,62.00,205.00,1,1,0
16943,3.304,65.90,218.00,1,1,0
16945,3.312,66.00,218.00,1,1,0
16948,3.312,66.00,218.00,1,1,0
16950,3.308,66.00,218.00,1,1,0
16953,3.312,65.80,310.00,1,1,0
16965,3.292,98.50,324.00,1,1,0
16968,3.292,98.30,324.00,1,1,0
16970,3.288,98.20,323.00,1,1,0
16973,3.292,98.60,323.00,1,1,0
16975,3.292,98.20,323.00,1,1,0
16978,3.292,101.60,329.00,1,1,0
16980,3.288,91.20,301.00,1,1,0
16983,3.292,91.30,300.00,1,1,0
16985,3.288,91.20,300.00,1,1,0
16988,3.288,91.40,301.00,1,1,0
16990,3.292,94.60,311.00,1,1,0
16993,3.288,98.60,323.00,1,1,0
16995,3.292,98.80,326.00,1,1,0
16998,3.292,101.10,323.00,1,1,0
17010,3.292,102.30,338.00,1,1,0
17013,3.292,102.10,336.00,1,1,0
17015,3.268,186.20,613.00,1,1,0
17018,3.288,91.40,300.00,1,1,0
17020,3.288,91.30,300.00,1,1,0
17023,3.288,91.30,300.00,1,1,0
17025,3.288,91.40,300.00,1,1,0
17027,3.288,101.20,333.00,1,1,0
17030,3.288,90.10,297.00,1,1,0
17032,3.288,97.50,326.00,1,1,0
17035,3.292,98.80,326.00,1,1,0
17037,3.292,99.20,326.00,1,1,0
17040,3.292,98.60,324.00,1,1,0
17053,3.292,98.50,324.00,1,1,0
17055,3.288,98.40,336.00,1,1,0
17057,3.292,98.90,326.00,1,1,0
17060,3.292,99.10,326.00,1,1,0
17062,3.292,98.70,324.00,1,1,0
17065,3.292,102.90,338.00,1,1,0
17067,3.276,102.70,338.00,1,1,0
17070,3.292,102.00,336.00,1,1,0
17072,3.280,102.10,334.00,1,1,0
17075,3.276,102.10,334.00,1,1,0
17077,3.288,91.30,300.00,1,1,0
17080,3.288,91.30,300.00,1,1,0
17082,3.288,91.30,300.00,1,1,0
17095,3.292,98.40,324.00,1,1,0
17097,3.292,96.40,326.00,1,1,0
17100,3.292,98.70,324.00,1,1,0
17102,3.288,98.60,324.00,1,1,0
17105,3.292,98.60,324.00,1,1,0
17107,3.288,99.40,328.00,1,1,0
17110,3.288,98.20,323.00,1,1,0
17112,3.288,98.60,324.00,1,1,0
17115,3.292,98.40,324.00,1,1,0
17117,3.292,99.50,328.00,1,1,0
17120,3.292,98.40,324.00,1,1,0
17122,3.292,98.40,326.00,1,1,0
17125,3.292,98.40,324.00,1,1,0
17127,3.276,102.90,338.00,1,1,0
17140,3.288,93.80,308.00,1,1,0
17142,3.288,93.90,308.00,1,1,0
17145,3.288,93.70,308.00,1,1,0
17147,3.288,93.80,308.00,1,1,0
17150,3.288,97.40,324.00,1,1,0
17152,3.292,98.40,324.00,1,1,0
17155,3.292,98.70,324.00,1,1,0
17157,3.292,98.70,324.00,1,1,0
17159,3.292,98.80,326.00,1,1,0
17162,3.292,98.30,324.00,1,1,0
17164,3.292,98.20,323.00,1,1,0
17167,3.292,98.40,324.00,1,1,0
17169,3.292,98.80,324.00,1,1,0
17172,3.284,98.70,324.00,1,1,0
17184,3.292,98.70,324.00,1,1,0
17187,3.288,100.70,318.00,1,1,0
17189,3.292,102.50,338.00,1,1,0
17192,3.292,102.30,338.00,1,1,0
17194,3.276,105.50,346.00,1,1,0
17197,3.276,112.70,365.00,1,1,0
17199,3.288,91.50,301.00,1,1,0
17202,3.288,91.40,300.00,1,1,0
17204,3.292,91.50,301.00,1,1,0
17207,3.288,91.50,301.00,1,1,0
17209,3.288,91.40,300.00,1,1,0
17212,3.292,101.80,334.00,1,1,0
17214,3.288,99.60,328.00,1,1,0
17227,3.292,102.90,339.00,1,1,0
17229,3.292,98.50,324.00,1,1,0
17232,3.292,99.60,338.00,1,1,0
17234,3.292,90.20,297.00,1,1,0
17237,3.288,93.20,306.00,1,1,0
17239,3.292,99.10,331.00,1,1,0
17242,3.292,99.70,328.00,1,1,0
17244,3.288,98.70,324.00,1,1,0
17247,3.280,100.00,324.00,1,1,0
17249,3.288,102.50,338.00,1,1,0
17252,3.280,105.20,346.00,1,1,0
17254,3.288,91.30,300.00,1,1,0
17257,3.292,91.20,300.00,1,1,0
17269,3.292,102.00,326.00,1,1,0
17272,3.292,99.00,326.00,1,1,0
17274,3.292,98.30,324.00,1,1,0
17277,3.288,98.40,324.00,1,1,0
17279,3.292,98.40,324.00,1,1,0
17282,3.292,98.60,324.00,1,1,0
17284,3.288,99.50,338.00,1,1,0
17287,3.292,99.50,328.00,1,1,0
17289,3.288,93.40,306.00,1,1,0
17291,3.288,98.60,323.00,1,1,0
17294,3.292,98.30,324.00,1,1,0
17296,3.280,99.30,328.00,1,1,0
17299,3.292,98.90,329.00,1,1,0
17301,3.292,113.40,374.00,1,0,1
17314,3.292,62.10,206.00,1,0,0
17316,3.312,63.20,210.00,1,0,1
17319,3.312,62.00,205.00,1,0,1
17321,3.312,62.10,205.00,1,0,1
17324,3.308,61.90,205.00,1,0,1
17326,3.308,61.90,205.00,1,0,0
17329,3.264,143.10,238.00,1,0,0
17331,3.312,62.10,206.00,1,0,0
17334,3.312,62.10,206.00,1,0,0
17336,3.312,62.00,208.00,1,0,1
17339,3.312,61.90,205.00,1,0,1
17341,3.312,61.90,205.00,1,0,1
17344,3.308,61.90,205.00,1,0,1
17346,3.308,62.60,206.00,1,0,0
17359,3.308,62.00,205.00,1,0,1
17361,3.308,62.00,205.00,1,0,1
17364,3.308,62.10,205.00,1,0,1
17366,3.312,69.20,229.00,1,0,0
17369,3.308,62.00,205.00,1,0,0
17371,3.308,61.80,205.00,1,0,0
17374,3.308,61.80,205.00,1,0,0
17376,3.308,142.60,470.00,1,0,1
17379,3.308,62.20,206.00,1,0,1
17381,3.308,62.20,210.00,1,0,1
17384,3.308,62.10,205.00,1,0,1
17386,3.308,62.00,205.00,1,0,0
17388,3.308,61.90,205.00,1,0,0
17391,3.312,144.20,474.00,1,0,0
17404,3.288,98.40,323.00,1,0,1
17406,3.288,98.30,323.00,1,0,0
17409,3.292,98.30,324.00,1,0,0
17411,3.292,98.90,324.00,1,0,0
17413,3.288,98.30,323.00,1,0,0
17416,3.288,98.90,362.00,1,0,1
17418,3.292,101.30,324.00,1,0,1
17421,3.292,98.30,323.00,1,0,1
17423,3.292,98.20,323.00,1,0,1
17426,3.288,98.30,321.00,1,0,0
17428,3.276,98.40,323.00,1,0,0
17431,3.288,98.50,324.00,1,0,0
17433,3.292,99.30,326.00,1,0,0
17436,3.288,99.00,326.00,1,0,1
17448,3.300,62.60,206.00,1,0,0
17451,3.308,62.60,206.00,1,0,0
17453,3.308,62.30,206.00,1,0,0
17456,3.308,62.30,206.00,1,0,1
17458,3.308,62.30,206.00,1,0,1
17461,3.308,62.60,210.00,1,0,1
17463,3.308,62.60,206.00,1,0,1
17466,3.308,62.70,205.00,1,0,0
17468,3.248,129.20,206.00,1,0,0
17471,3.308,62.30,206.00,1,0,0
17473,3.308,62.30,206.00,1,0,0
17476,3.308,62.30,206.00,1,0,1
17478,3.300,62.60,208.00,1,0,1
17481,3.308,62.60,206.00,1,0,1
17493,3.288,98.70,324.00,1,0,0
17496,3.288,81.70,270.00,1,0,1
17498,3.308,62.20,206.00,1,0,1
17501,3.308,62.00,205.00,1,0,1
17503,3.308,61.90,205.00,1,0,1
17506,3.308,62.00,205.00,1,0,0
17508,3.300,61.90,205.00,1,0,0
17510,3.264,142.30,467.00,1,0,0
17513,3.312,62.10,206.00,1,0,0
17515,3.312,62.10,205.00,1,0,1
17518,3.308,62.00,205.00,1,0,1
17520,3.308,61.90,205.00,1,0,1
17523,3.308,61.90,205.00,1,0,1
17525,3.312,62.00,205.00,1,0,0
17538,3.304,62.00,205.00,1,0,1
17540,3.308,61.90,205.00,1,0,1
17543,3.308,62.10,205.00,1,0,1
17545,3.308,62.10,205.00,1,0,0
17548,3.308,62.10,206.00,1,0,0
17550,3.312,62.00,205.00,1,0,0
17553,3.312,61.80,205.00,1,0,0
17555,3.312,61.80,205.00,1,0,1
17558,3.308,140.40,437.00,1,0,1
17560,3.292,62.20,206.00,1,0,1
17563,3.308,62.10,205.00,1,0,1
17565,3.308,62.20,205.00,1,0,0
17568,3.308,61.90,205.00,1,0,0
17570,3.312,61.80,205.00,1,0,0
17583,3.308,164.40,539.00,1,0,1
17585,3.312,62.10,205.00,1,0,0
17588,3.304,65.70,205.00,1,0,0
17590,3.312,61.90,205.00,1,0,0
17593,3.312,101.30,333.00,1,0,0
17595,3.292,99.00,326.00,1,0,1
17598,3.292,71.60,238.00,1,0,1
17600,3.308,62.10,205.00,1,0,1
17603,3.308,62.00,202.00,1,0,1
17605,3.264,73.60,244.00,1,0,0
17607,3.296,62.00,205.00,1,0,0
17610,3.312,61.90,205.00,1,0,0
17612,3.312,62.00,205.00,1,0,0
17615,3.312,61.90,205.00,1,0,1
17628,3.308,138.80,454.00,1,0,0
17630,3.280,105.40,349.00,1,0,0
17633,3.312,62.00,205.00,1,0,0
17635,3.312,61.80,205.00,1,0,1
17637,3.308,61.90,205.00,1,0,1
17640,3.308,62.00,205.00,1,0,1
17642,3.308,62.00,205.00,1,0,1
17645,3.308,62.10,205.00,1,0,0
17647,3.308,74.80,205.00,1,0,0
17650,3.312,80.50,264.00,1,0,0
17652,3.268,68.00,224.00,1,0,0
17655,3.312,61.80,205.00,1,0,0
17657,3.312,62.00,205.00,1,0,1
17660,3.308,62.00,205.00,1,0,1
17672,3.312,61.90,205.00,1,0,0
17675,3.284,96.80,315.00,1,0,0
17677,3.288,106.50,206.00,1,0,1
17680,3.308,62.00,205.00,1,0,1
17682,3.308,62.00,205.00,1,0,1
17685,3.312,61.90,205.00,1,0,1
17687,3.308,61.90,205.00,1,0,0
17690,3.312,61.90,205.00,1,0,0
17692,3.312,61.90,205.00,1,0,0
17695,3.312,140.20,460.00,1,0,0
17697,3.288,96.90,319.00,1,0,1
17700,3.288,91.20,205.00,1,0,1
17702,3.308,62.00,205.00,1,0,1
17704,3.312,62.00,205.00,1,0,1
17717,3.272,88.50,290.00,1,0,1
17720,3.308,62.00,206.00,1,0,1
17722,3.312,63.20,205.00,1,0,1
17725,3.312,62.00,205.00,1,0,1
17727,3.308,74.60,247.00,1,0,0
17730,3.308,62.00,205.00,1,0,0
17732,3.312,62.00,205.00,1,0,0
17734,3.312,61.90,205.00,1,0,0
17737,3.268,144.40,295.00,1,0,1
17739,3.288,62.10,206.00,1,0,1
17742,3.308,63.30,210.00,1,0,1
17744,3.312,62.10,205.00,1,0,1
17747,3.308,74.60,247.00,1,0,0
17749,3.312,62.10,206.00,1,0,0
17762,3.304,62.20,206.00,1,0,1
17764,3.312,62.10,206.00,1,0,1
17767,3.308,65.10,216.00,1,0,0
17769,3.312,62.00,205.00,1,0,0
17772,3.312,61.90,205.00,1,0,0
17774,3.312,61.90,205.00,1,0,0
17777,3.312,72.30,239.00,1,0,1
17779,3.312,62.10,205.00,1,0,1
17782,3.276,119.20,336.00,1,0,1
17784,3.308,62.10,205.00,1,0,1
17787,3.308,63.50,210.00,1,0,0
17789,3.312,62.00,205.00,1,0,0
17792,3.312,61.90,205.00,1,0,0
17794,3.312,61.90,205.00,1,0,0
17807,3.308,71.00,234.00,1,0,0
17809,3.312,62.00,205.00,1,0,0
17812,3.312,62.00,205.00,1,0,0
17814,3.312,62.00,205.00,1,0,0
17817,3.312,62.10,205.00,1,0,1
17819,3.308,62.10,205.00,1,0,1
17822,3.308,62.80,208.00,1,0,1
17824,3.284,122.60,442.00,1,0,1
17827,3.308,62.10,244.00,1,0,0
17829,3.312,62.00,205.00,1,0,0
17831,3.312,62.00,205.00,1,0,0
17834,3.312,62.00,205.00,1,0,0
17836,3.312,68.10,224.00,1,0,1
17839,3.312,62.10,206.00,1,0,1
17852,3.308,62.10,206.00,1,0,0
17854,3.312,62.00,205.00,1,0,0
17856,3.312,63.40,210.00,1,0,1
17859,3.308,62.00,205.00,1,0,1
17861,3.308,62.10,205.00,1,0,1
17864,3.308,62.10,205.00,1,0,1
17866,3.312,62.30,205.00,1,0,0
17869,3.312,62.00,205.00,1,0,0
17871,3.312,141.20,462.00,1,0,0
17874,3.276,62.10,206.00,1,0,0
17876,3.312,61.90,205.00,1,0,1
17879,3.312,62.00,205.00,1,0,1
17881,3.308,62.10,205.00,1,0,1
17884,3.312,62.20,206.00,1,0,1
17896,3.304,62.00,205.00,1,0,1
17899,3.308,62.20,236.00,1,0,1
17901,3.284,99.70,328.00,1,0,1
17904,3.288,91.10,300.00,1,0,1
17906,3.312,62.10,256.00,1,0,0
17909,3.312,61.90,205.00,1,0,0
17911,3.312,62.00,205.00,1,0,0
17914,3.312,62.00,206.00,1,0,0
17916,3.268,112.00,370.00,1,0,1
17919,3.312,62.20,206.00,1,0,1
17921,3.312,62.10,211.00,1,0,1
17924,3.312,61.90,205.00,1,0,1
17926,3.312,62.00,205.00,1,0,0
17928,3.312,62.00,205.00,1,0,0
17941,3.312,62.00,205.00,1,0,1
17944,3.308,62.00,205.00,1,0,1
17946,3.308,62.00,205.00,1,0,0
17949,3.308,62.20,206.00,1,0,0
17951,3.308,62.20,205.00,1,0,0
17953,3.308,62.00,205.00,1,0,0
17956,3.312,61.90,202.00,1,0,1
17958,3.276,108.50,205.00,1,0,1
17961,3.308,62.10,205.00,1,0,1
17963,3.308,62.10,206.00,1,0,1
17966,3.312,62.30,213.00,1,0,0
17968,3.304,62.00,205.00,1,0,0
17971,3.312,62.00,205.00,1,0,0
17973,3.308,61.80,205.00,1,0,0
17986,3.308,62.10,206.00,1,0,0
17988,3.308,62.10,205.00,1,0,0
17991,3.312,61.90,205.00,1,0,0
17993,3.308,61.90,205.00,1,0,0
17996,3.312,61.90,205.00,1,0,1
17998,3.308,125.20,410.00,1,0,1
18001,3.308,62.20,206.00,1,0,1
18003,3.280,98.80,323.00,1,0,1
18006,3.288,97.50,321.00,1,0,0
18008,3.312,61.90,205.00,1,0,0
18011,3.312,61.90,205.00,1,0,0
18013,3.308,62.10,206.00,1,0,0
18016,3.312,62.20,206.00,1,0,1
18018,3.308,62.10,415.00,1,0,1
18031,3.312,62.00,205.00,1,0,0
18033,3.308,62.10,205.00,1,0,0
18036,3.308,61.90,205.00,1,0,1
18038,3.308,61.90,205.00,1,0,1
18041,3.312,61.90,205.00,1,0,1
18043,3.312,123.20,403.00,1,0,1
18046,3.280,63.90,211.00,1,0,0
18048,3.300,62.10,213.00,1,0,0
18050,3.312,62.00,205.00,1,0,0
18053,3.312,61.90,205.00,1,0,0
18055,3.312,61.80,205.00,1,0,1
18058,3.312,61.80,205.00,1,0,1
18060,3.312,61.90,205.00,1,0,1
18063,3.308,62.20,206.00,1,0,1
18075,3.312,61.80,205.00,1,0,1
18078,3.300,62.00,206.00,1,0,1
18080,3.312,62.20,206.00,1,0,1
18083,3.312,62.20,206.00,1,0,1
18085,3.312,62.00,205.00,1,0,0
18088,3.308,61.80,205.00,1,0,0
18090,3.288,122.20,400.00,1,0,0
18093,3.308,61.90,205.00,1,0,0
18095,3.308,62.00,205.00,1,0,1
18098,3.308,62.20,206.00,1,0,1
18100,3.308,62.20,211.00,1,0,1
18103,3.308,61.90,205.00,1,0,1
18105,3.284,98.20,323.00,1,0,0
18108,3.284,106.90,300.00,1,0,0
18120,3.312,61.90,205.00,1,0,1
18123,3.308,62.00,205.00,1,0,1
18125,3.308,61.90,205.00,1,0,0
18128,3.300,62.10,205.00,1,0,0
18130,3.312,62.10,206.00,1,0,0
18133,3.312,62.10,205.00,1,0,0
18135,3.276,122.10,400.00,1,0,1
18138,3.308,68.10,205.00,1,0,1
18140,3.308,62.00,205.00,1,0,1
18143,3.312,62.00,205.00,1,0,1
18145,3.308,62.10,206.00,1,0,0
18147,3.312,62.10,205.00,1,0,0
18150,3.312,62.10,206.00,1,0,0
18152,3.312,61.90,205.00,1,0,0
18165,3.312,62.20,206.00,1,0,0
18168,3.312,61.90,205.00,1,0,0
18170,3.312,61.90,205.00,1,0,0
18172,3.312,61.80,205.00,1,0,0
18175,3.312,61.80,205.00,1,0,1
18177,3.312,62.10,205.00,1,0,1
18180,3.308,62.10,205.00,1,0,1
18182,3.308,62.90,367.00,1,0,1
18185,3.264,62.10,206.00,1,0,0
18187,3.308,71.40,236.00,1,0,0
18190,3.312,61.90,205.00,1,0,0
18192,3.312,61.90,205.00,1,0,0
18195,3.312,62.10,206.00,1,0,0
18197,3.312,71.90,206.00,1,0,1
18210,3.292,101.60,328.00,1,0,0
18212,3.288,62.20,206.00,1,0,0
18215,3.312,62.20,206.00,1,0,1
18217,3.312,62.50,205.00,1,0,1
18220,3.308,62.00,205.00,1,0,1
18222,3.308,62.00,205.00,1,0,1
18225,3.312,62.10,205.00,1,0,1
18227,3.308,62.10,203.00,1,0,0
18230,3.268,87.40,288.00,1,0,0
18232,3.312,62.30,206.00,1,0,0
18235,3.312,62.10,205.00,1,0,0
18237,3.312,62.10,205.00,1,0,1
18240,3.308,62.00,205.00,1,0,1
18242,3.308,63.00,205.00,1,0,1
18255,3.308,62.10,205.00,1,0,0
18257,3.308,62.20,206.00,1,0,1
18260,3.312,62.20,206.00,1,0,1
18262,3.308,63.60,206.00,1,0,1
18265,3.308,62.30,206.00,1,0,1
18267,3.308,75.60,251.00,1,0,0
18269,3.312,62.00,205.00,1,0,0
18272,3.312,62.00,205.00,1,0,0
18274,3.312,62.00,203.00,1,0,0
18277,3.264,108.10,206.00,1,0,1
18279,3.308,62.30,206.00,1,0,1
18282,3.308,62.60,206.00,1,0,1
18284,3.308,62.10,205.00,1,0,1
18287,3.312,62.00,218.00,1,0,0
18299,3.304,62.30,206.00,1,0,1
18302,3.308,62.10,205.00,1,0,1
18304,3.308,61.90,205.00,1,0,1
18307,3.308,62.70,205.00,1,0,0
18309,3.312,100.00,329.00,1,0,0
18312,3.292,98.40,324.00,1,0,0
18314,3.288,94.70,205.00,1,0,0
18317,3.308,143.90,469.00,1,0,1
18319,3.264,73.60,244.00,1,0,1
18322,3.308,62.00,205.00,1,0,1
18324,3.312,62.10,206.00,1,0,1
18327,3.308,69.20,229.00,1,0,0
18329,3.308,62.00,206.00,1,0,0
18332,3.312,62.00,205.00,1,0,0
18344,3.288,62.20,205.00,1,0,1
18347,3.308,74.60,247.00,1,0,0
18349,3.308,62.00,205.00,1,0,0
18352,3.312,61.90,205.00,1,0,0
18354,3.308,61.90,205.00,1,0,0
18357,3.312,62.80,208.00,1,0,1
18359,3.312,62.00,205.00,1,0,1
18362,3.308,144.70,474.00,1,0,1
18364,3.264,66.90,221.00,1,0,1
18366,3.308,62.10,233.00,1,0,0
18369,3.312,61.80,205.00,1,0,0
18371,3.312,61.90,205.00,1,0,0
18374,3.312,61.90,205.00,1,0,0
18376,3.312,72.00,239.00,1,0,1
18389,3.312,62.00,205.00,1,0,0
18391,3.312,61.90,205.00,1,0,0
18394,3.312,61.90,205.00,1,0,0
18396,3.308,61.90,205.00,1,0,1
18399,3.308,62.10,205.00,1,0,1
18401,3.312,62.00,205.00,1,0,1
18404,3.312,62.00,205.00,1,0,1
18406,3.312,65.40,216.00,1,0,0
18409,3.276,119.60,392.00,1,0,0
18411,3.312,62.10,344.00,1,0,0
18414,3.288,98.20,323.00,1,0,0
18416,3.288,91.00,300.00,1,0,1
18419,3.308,62.10,205.00,1,0,1
18421,3.308,62.90,208.00,1,0,1
18434,3.308,62.10,205.00,1,0,0
18436,3.312,63.20,208.00,1,0,1
18439,3.308,62.20,206.00,1,0,1
18441,3.312,62.10,210.00,1,0,1
18444,3.312,62.10,205.00,1,0,1
18446,3.308,62.10,205.00,1,0,0
18449,3.312,62.00,206.00,1,0,0
18451,3.312,61.90,202.00,1,0,0
18454,3.256,140.20,462.00,1,0,0
18456,3.312,62.10,210.00,1,0,1
18459,3.308,62.10,206.00,1,0,1
18461,3.312,62.10,205.00,1,0,1
18463,3.308,63.00,205.00,1,0,1
18466,3.308,62.10,205.00,1,0,0
18479,3.308,62.10,206.00,1,0,1
18481,3.312,62.10,205.00,1,0,1
18484,3.308,62.10,206.00,1,0,1
18486,3.308,62.10,208.00,1,0,0
18488,3.300,61.90,205.00,1,0,0
18491,3.312,62.00,205.00,1,0,0
18493,3.288,107.00,298.00,1,0,0
18496,3.252,62.10,205.00,1,0,1
18498,3.308,62.20,206.00,1,0,1
18501,3.308,62.10,208.00,1,0,1
18503,3.312,62.10,205.00,1,0,1
18506,3.308,62.10,206.00,1,0,0
18508,3.308,61.90,206.00,1,0,0
18511,3.312,61.90,205.00,1,0,0
18523,3.312,62.00,205.00,1,0,1
18526,3.312,61.90,205.00,1,0,0
18528,3.312,61.90,205.00,1,0,0
18531,3.312,62.00,205.00,1,0,0
18533,3.312,62.00,205.00,1,0,0
18536,3.312,61.90,205.00,1,0,1
18538,3.308,62.00,418.00,1,0,1
18541,3.264,66.30,220.00,1,0,1
18543,3.308,61.90,205.00,1,0,1
18546,3.308,62.00,205.00,1,0,0
18548,3.304,62.00,205.00,1,0,0
18551,3.312,62.10,206.00,1,0,0
18553,3.312,62.00,205.00,1,0,0
18556,3.312,61.90,205.00,1,0,1
18568,3.300,62.00,205.00,1,0,0
18571,3.312,62.00,205.00,1,0,0
18573,3.312,61.90,205.00,1,0,0
18576,3.312,61.80,205.00,1,0,1
18578,3.308,62.00,205.00,1,0,1
18581,3.312,62.00,205.00,1,0,1
18583,3.308,120.10,393.00,1,0,1
18585,3.268,62.10,205.00,1,0,0
18588,3.304,61.90,205.00,1,0,0
18590,3.312,61.80,205.00,1,0,0
18593,3.312,61.90,205.00,1,0,0
18595,3.308,61.90,205.00,1,0,1
18598,3.308,62.00,205.00,1,0,1
18600,3.308,62.10,205.00,1,0,1
18613,3.308,61.90,205.00,1,0,0
18615,3.308,62.20,206.00,1,0,1
18618,3.284,98.90,324.00,1,0,1
18620,3.292,91.10,300.00,1,0,1
18623,3.312,62.10,205.00,1,0,1
18625,3.308,61.90,205.00,1,0,0
18628,3.308,61.90,205.00,1,0,0
18630,3.312,61.90,203.00,1,0,0
18633,3.276,114.30,206.00,1,0,0
18635,3.312,62.00,205.00,1,0,1
18638,3.312,62.10,206.00,1,0,1
18640,3.312,61.90,205.00,1,0,1
18643,3.308,61.90,205.00,1,0,1
18645,3.312,62.10,206.00,1,0,0
18658,3.308,61.90,205.00,1,0,1
18660,3.308,62.00,205.00,1,0,1
18663,3.308,62.00,205.00,1,0,1
18665,3.308,62.20,206.00,1,0,0
18668,3.304,63.00,208.00,1,0,0
18670,3.312,61.90,205.00,1,0,0
18673,3.312,61.90,205.00,1,0,0
18675,3.312,140.10,457.00,1,0,1
18678,3.292,65.20,205.00,1,0,1
18680,3.308,62.20,206.00,1,0,1
18683,3.308,62.30,206.00,1,0,1
18685,3.308,62.20,205.00,1,0,0
18687,3.308,61.90,205.00,1,0,0
18690,3.312,61.80,205.00,1,0,0
18703,3.308,62.00,205.00,1,0,1
18705,3.312,62.00,205.00,1,0,0
18708,3.308,72.30,205.00,1,0,0
18710,3.308,61.90,205.00,1,0,0
18712,3.312,62.00,205.00,1,0,0
18715,3.312,62.10,206.00,1,0,1
18717,3.312,62.10,205.00,1,0,1
18720,3.280,98.60,324.00,1,0,1
18722,3.288,98.30,324.00,1,0,1
18725,3.292,61.90,205.00,1,0,0
18727,3.300,66.90,221.00,1,0,0
18730,3.312,62.00,205.00,1,0,0
18732,3.312,62.00,205.00,1,0,0
18735,3.312,62.00,205.00,1,0,0
18747,3.308,62.10,206.00,1,0,0
18750,3.312,62.00,205.00,1,0,0
18752,3.308,61.90,205.00,1,0,0
18755,3.312,61.80,205.00,1,0,1
18757,3.308,61.80,205.00,1,0,1
18760,3.308,62.00,205.00,1,0,1
18762,3.308,62.10,205.00,1,0,1
18765,3.276,112.70,367.00,1,0,1
18767,3.280,71.20,205.00,1,0,0
18770,3.308,62.80,208.00,1,0,0
18772,3.312,61.90,205.00,1,0,0
18775,3.312,61.80,205.00,1,0,0
18777,3.312,61.90,205.00,1,0,1
18779,3.308,62.10,206.00,1,0,1
18796,3.312,68.20,226.00,1,0,1
18799,3.308,62.20,206.00,1,0,1
18801,3.312,62.10,208.00,1,0,1
18804,3.312,61.90,205.00,1,0,1
18806,3.312,61.90,205.00,1,0,0
18809,3.312,61.80,205.00,1,0,0
18811,3.312,119.40,392.00,1,0,0
18814,3.276,106.00,351.00,1,0,0
18816,3.308,62.10,206.00,1,0,1
18818,3.308,62.10,205.00,1,0,1
18821,3.312,76.50,251.00,1,0,1
18823,3.292,98.20,323.00,1,0,1
18826,3.292,93.70,205.00,1,0,0
18828,3.296,62.00,205.00,1,0,0
18841,3.308,61.90,205.00,1,0,1
18843,3.312,62.00,205.00,1,0,1
18846,3.308,62.10,223.00,1,0,0
18848,3.304,62.10,206.00,1,0,0
18851,3.312,62.00,205.00,1,0,0
18853,3.312,61.80,205.00,1,0,0
18856,3.312,61.90,205.00,1,0,1
18858,3.264,133.60,439.00,1,0,1
18861,3.304,62.30,210.00,1,0,1
18863,3.312,62.10,206.00,1,0,1
18866,3.312,62.20,206.00,1,0,0
18868,3.308,61.90,205.00,1,0,0
18871,3.312,61.80,205.00,1,0,0
18873,3.312,61.80,205.00,1,0,0
18886,3.312,61.90,205.00,1,0,0
18888,3.312,61.80,205.00,1,0,0
18891,3.312,61.80,205.00,1,0,0
18893,3.312,61.90,205.00,1,0,0
18896,3.312,62.00,205.00,1,0,1
18898,3.312,62.10,205.00,1,0,1
18901,3.308,141.00,465.00,1,0,1
18903,3.312,62.00,205.00,1,0,1
18906,3.312,61.80,205.00,1,0,0
18908,3.300,61.90,205.00,1,0,0
18911,3.312,62.00,205.00,1,0,0
18913,3.308,62.00,205.00,1,0,0
18915,3.308,62.10,206.00,1,0,1
18918,3.312,62.10,206.00,1,0,1
18931,3.312,62.10,206.00,1,0,0
18933,3.312,62.00,205.00,1,0,0
18936,3.312,61.90,205.00,1,0,1
18938,3.312,61.90,205.00,1,0,1
18940,3.308,62.00,205.00,1,0,1
18943,3.308,62.00,205.00,1,0,1
18945,3.312,133.00,436.00,1,0,0
18948,3.276,110.10,364.00,1,0,0
18950,3.312,62.00,205.00,1,0,0
18953,3.312,61.80,205.00,1,0,0
18955,3.312,61.80,205.00,1,0,1
18958,3.312,62.00,205.00,1,0,1
18960,3.312,62.00,205.00,1,0,1
18963,3.312,62.20,206.00,1,0,1
18975,3.312,61.90,205.00,1,0,1
18978,3.308,62.20,206.00,1,0,1
18980,3.312,62.10,206.00,1,0,1
18983,3.308,62.10,206.00,1,0,1
18985,3.308,61.90,205.00,1,0,0
18988,3.288,126.10,421.00,1,0,0
18990,3.276,61.90,205.00,1,0,0
18993,3.312,61.90,205.00,1,0,0
18995,3.312,62.00,205.00,1,0,1
18998,3.312,62.00,205.00,1,0,1
19000,3.308,62.00,205.00,1,0,1
19003,3.312,62.00,205.00,1,0,1
19005,3.312,62.00,205.00,1,0,0
19008,3.300,61.90,205.00,1,0,0
19020,3.312,61.90,205.00,1,0,1
19023,3.312,62.00,205.00,1,0,1
19025,3.312,62.00,203.00,1,0,0
19028,3.284,98.50,324.00,1,0,0
19030,3.288,93.70,308.00,1,0,0
19033,3.312,62.10,359.00,1,0,0
19035,3.272,101.20,336.00,1,0,1
19037,3.300,62.10,206.00,1,0,1
19040,3.312,62.20,206.00,1,0,1
19042,3.312,62.10,205.00,1,0,1
19045,3.308,62.20,206.00,1,0,0
19047,3.308,76.70,205.00,1,0,0
19050,3.312,62.10,206.00,1,0,0
19052,3.312,62.00,205.00,1,0,0
19065,3.312,62.20,206.00,1,0,0
19067,3.304,67.80,224.00,1,0,0
19070,3.312,61.90,205.00,1,0,0
19072,3.312,64.80,215.00,1,0,0
19075,3.312,62.00,205.00,1,0,1
19077,3.264,112.80,465.00,1,0,1
19080,3.300,62.10,205.00,1,0,1
19082,3.308,62.20,206.00,1,0,1
19085,3.312,62.10,205.00,1,0,1
19087,3.308,62.10,206.00,1,0,0
19090,3.308,62.00,205.00,1,0,0
19092,3.312,62.00,205.00,1,0,0
19095,3.312,62.10,206.00,1,0,0
19097,3.308,67.60,224.00,1,0,1
19110,3.312,62.00,205.00,1,0,0
19112,3.312,62.00,205.00,1,0,0
19115,3.312,62.10,205.00,1,0,0
19117,3.308,62.10,206.00,1,0,1
19120,3.312,62.10,206.00,1,0,1
19122,3.308,62.70,206.00,1,0,1
19125,3.312,147.40,482.00,1,0,1
19127,3.292,75.00,247.00,1,0,0
19130,3.288,98.50,323.00,1,0,0
19132,3.292,98.10,323.00,1,0,0
19134,3.308,61.90,205.00,1,0,0
19137,3.312,62.90,205.00,1,0,1
19139,3.312,62.00,205.00,1,0,1
19142,3.312,62.80,208.00,1,0,1
19155,3.312,61.90,205.00,1,0,0
19157,3.312,72.60,205.00,1,0,1
19160,3.308,62.10,205.00,1,0,1
19162,3.308,62.00,205.00,1,0,1
19164,3.312,61.90,205.00,1,0,1
19167,3.308,62.00,205.00,1,0,0
19169,3.312,61.90,205.00,1,0,0
19172,3.264,139.30,460.00,1,0,0
19174,3.312,61.90,215.00,1,0,0
19177,3.312,62.10,205.00,1,0,1
19179,3.312,62.00,205.00,1,0,1
19182,3.308,62.00,205.00,1,0,1
19184,3.312,62.10,206.00,1,0,1
19187,3.308,63.50,210.00,1,0,0
19199,3.312,62.00,205.00,1,0,1
19202,3.312,62.90,205.00,1,0,1
19204,3.312,62.00,205.00,1,0,1
19207,3.312,72.60,241.00,1,0,0
19209,3.308,61.80,205.00,1,0,0
19212,3.312,61.80,205.00,1,0,0
19214,3.312,61.90,205.00,1,0,0
19217,3.308,62.00,485.00,1,0,1
19219,3.288,62.10,205.00,1,0,1
19222,3.308,63.10,208.00,1,0,1
19224,3.308,62.00,205.00,1,0,1
19227,3.308,61.90,244.00,1,0,0
19229,3.312,61.90,205.00,1,0,0
19231,3.292,98.80,326.00,1,0,0
19244,3.312,62.10,206.00,1,0,1
19247,3.308,62.10,233.00,1,0,0
19249,3.312,62.20,206.00,1,0,0
19252,3.312,62.10,205.00,1,0,0
19254,3.312,62.10,205.00,1,0,0
19256,3.312,62.80,208.00,1,0,1
19259,3.312,62.00,205.00,1,0,1
19261,3.312,62.10,413.00,1,0,1
19264,3.264,62.20,206.00,1,0,1
19266,3.308,63.40,210.00,1,0,0
19269,3.312,62.10,206.00,1,0,0
19271,3.312,62.10,205.00,1,0,0
19274,3.312,61.90,205.00,1,0,0
19276,3.312,61.90,205.00,1,0,1
19289,3.312,62.10,206.00,1,0,0
19291,3.312,62.00,205.00,1,0,0
19294,3.312,62.00,205.00,1,0,0
19296,3.312,62.10,205.00,1,0,1
19299,3.308,62.30,206.00,1,0,1
19301,3.308,62.80,208.00,1,0,1
19304,3.312,62.10,203.00,1,0,1
19306,3.272,80.10,244.00,1,0,0
19309,3.312,61.90,205.00,1,0,0
19311,3.312,62.00,205.00,1,0,0
19314,3.312,62.00,206.00,1,0,0
19316,3.312,63.00,208.00,1,0,1
19319,3.312,62.10,206.00,1,0,1
19321,3.312,62.10,208.00,1,0,1
19334,3.304,103.00,339.00,1,0,0
19336,3.288,98.20,357.00,1,0,1
19339,3.292,62.20,206.00,1,0,1
19341,3.308,62.00,205.00,1,0,1
19344,3.312,62.00,205.00,1,0,1
19346,3.312,62.10,205.00,1,0,0
19349,3.312,62.20,206.00,1,0,0
19351,3.272,126.70,369.00,1,0,0
19353,3.312,62.00,205.00,1,0,0
19356,3.312,61.90,205.00,1,0,1
19358,3.312,62.00,205.00,1,0,1
19361,3.312,62.00,205.00,1,0,1
19363,3.308,62.20,206.00,1,0,1
19366,3.312,62.20,218.00,1,0,0
19379,3.312,62.10,206.00,1,0,1
19381,3.312,62.20,210.00,1,0,1
19383,3.308,62.20,206.00,1,0,1
19386,3.312,62.10,206.00,1,0,0
19388,3.312,61.90,205.00,1,0,0
19391,3.312,61.90,205.00,1,0,0
19393,3.312,105.20,344.00,1,0,0
19396,3.268,64.50,210.00,1,0,1
19398,3.304,62.30,206.00,1,0,1
19401,3.308,62.30,206.00,1,0,1
19403,3.308,62.10,205.00,1,0,1
19406,3.308,61.90,205.00,1,0,0
19408,3.312,61.90,205.00,1,0,0
19411,3.312,61.90,205.00,1,0,0
19423,3.312,62.00,205.00,1,0,1
19426,3.312,61.90,205.00,1,0,0
19428,3.304,62.00,205.00,1,0,0
19431,3.312,62.10,206.00,1,0,0
19433,3.312,62.10,206.00,1,0,0
19436,3.312,107.20,352.00,1,0,1
19438,3.288,98.00,323.00,1,0,1
19441,3.292,93.40,205.00,1,0,1
19443,3.312,61.90,205.00,1,0,1
19446,3.312,62.10,206.00,1,0,0
19448,3.296,62.00,205.00,1,0,0
19450,3.312,61.90,205.00,1,0,0
19453,3.312,61.80,205.00,1,0,0
19455,3.312,61.70,205.00,1,0,1
19468,3.312,62.00,205.00,1,0,0
19471,3.312,61.80,205.00,1,0,0
19473,3.312,61.70,205.00,1,0,0
19476,3.312,61.80,205.00,1,0,1
19478,3.308,62.00,205.00,1,0,1
19480,3.308,62.10,203.00,1,0,1
19483,3.276,100.40,329.00,1,0,1
19485,3.312,62.10,205.00,1,0,0
19488,3.308,61.80,205.00,1,0,0
19490,3.312,61.70,205.00,1,0,0
19493,3.312,61.80,205.00,1,0,0
19495,3.312,62.00,205.00,1,0,1
19498,3.308,62.10,205.00,1,0,1
19500,3.308,62.10,205.00,1,0,1
19513,3.312,62.00,205.00,1,0,0
19515,3.312,62.00,205.00,1,0,1
19518,3.312,62.10,206.00,1,0,1
19520,3.312,61.90,205.00,1,0,1
19523,3.308,61.90,205.00,1,0,1
19525,3.312,61.80,205.00,1,0,0
19528,3.260,127.60,419.00,1,0,0
19530,3.304,62.10,206.00,1,0,0
19533,3.312,62.10,206.00,1,0,0
19535,3.312,61.90,205.00,1,0,1
19538,3.308,61.90,326.00,1,0,1
19540,3.288,98.30,323.00,1,0,1
19543,3.288,90.80,298.00,1,0,1
19545,3.312,62.00,206.00,1,0,0
19558,3.308,61.90,205.00,1,0,1
19560,3.312,62.00,205.00,1,0,1
19563,3.312,62.10,206.00,1,0,1
19565,3.312,62.10,206.00,1,0,0
19568,3.308,61.80,205.00,1,0,0
19570,3.312,61.80,205.00,1,0,0
19572,3.268,128.00,341.00,1,0,0
19575,3.312,61.80,205.00,1,0,1
19577,3.312,62.10,205.00,1,0,1
19580,3.312,62.10,206.00,1,0,1
19582,3.312,63.20,206.00,1,0,1
19585,3.312,61.90,205.00,1,0,0
19587,3.304,70.40,233.00,1,0,0
19590,3.308,62.70,205.00,1,0,0
19602,3.312,61.80,205.00,1,0,1
19605,3.312,61.80,205.00,1,0,0
19607,3.300,61.90,205.00,1,0,0
19610,3.312,61.80,205.00,1,0,0
19612,3.312,62.00,205.00,1,0,0
19615,3.312,62.10,206.00,1,0,1
19617,3.264,107.40,472.00,1,0,1
19620,3.304,61.90,205.00,1,0,1
19622,3.308,61.90,205.00,1,0,1
19625,3.308,62.00,205.00,1,0,1
19627,3.312,62.00,205.00,1,0,0
19630,3.312,62.00,205.00,1,0,0
19632,3.312,62.00,205.00,1,0,0
19635,3.312,61.90,205.00,1,0,0
19647,3.284,80.20,206.00,1,0,0
19650,3.312,61.90,205.00,1,0,0
19652,3.312,61.70,205.00,1,0,0
19655,3.312,61.70,205.00,1,0,0
19657,3.312,119.20,390.00,1,0,1
19660,3.272,109.30,362.00,1,0,1
19662,3.312,63.90,206.00,1,0,1
19665,3.312,62.00,205.00,1,0,1
19667,3.308,73.90,244.00,1,0,0
19670,3.312,61.70,205.00,1,0,0
19672,3.312,61.80,205.00,1,0,0
19674,3.312,61.80,205.00,1,0,0
19677,3.312,62.60,205.00,1,0,1
19679,3.312,62.00,205.00,1,0,1
19692,3.312,62.80,205.00,1,0,0
19695,3.312,61.90,205.00,1,0,0
19697,3.312,73.60,244.00,1,0,1
19699,3.308,62.00,205.00,1,0,1
19702,3.308,61.90,205.00,1,0,1
19704,3.276,119.80,392.00,1,0,1
19707,3.312,63.60,205.00,1,0,0
19709,3.312,61.90,205.00,1,0,0
19712,3.312,62.00,205.00,1,0,0
19714,3.312,61.90,205.00,1,0,0
19717,3.312,62.00,205.00,1,0,1
19719,3.312,61.80,205.00,1,0,1
19722,3.312,62.00,205.00,1,0,1
19724,3.312,61.90,205.00,1,0,1
19737,3.312,61.80,205.00,1,0,1
19739,3.312,61.90,205.00,1,0,1
19742,3.308,62.90,208.00,1,0,1
19744,3.288,98.30,324.00,1,0,1
19747,3.292,108.80,360.00,1,0,0
19749,3.312,62.00,205.00,1,0,0
19752,3.312,61.90,272.00,1,0,0
19754,3.276,126.30,415.00,1,0,0
19757,3.312,68.20,226.00,1,0,1
19759,3.312,62.00,206.00,1,0,1
19762,3.312,63.50,210.00,1,0,1
19764,3.312,62.00,205.00,1,0,1
19767,3.312,62.00,229.00,1,0,0
19769,3.312,61.90,205.00,1,0,0
19782,3.308,62.00,205.00,1,0,1
19784,3.312,62.00,205.00,1,0,1
19787,3.312,61.90,205.00,1,0,0
19789,3.312,61.90,205.00,1,0,0
19792,3.312,61.90,205.00,1,0,0
19794,3.312,62.80,208.00,1,0,0
19796,3.312,61.90,465.00,1,0,1
19799,3.276,62.10,205.00,1,0,1
19801,3.308,62.00,205.00,1,0,1
19804,3.312,62.00,205.00,1,0,1
19806,3.312,67.30,223.00,1,0,0
19809,3.312,61.90,205.00,1,0,0
19811,3.312,61.90,205.00,1,0,0
19814,3.308,61.90,205.00,1,0,0
19826,3.308,62.00,252.00,1,0,0
19829,3.312,61.90,205.00,1,0,0
19831,3.312,61.90,205.00,1,0,0
19834,3.312,61.90,205.00,1,0,0
19836,3.308,62.60,208.00,1,0,1
19839,3.312,61.90,205.00,1,0,1
19841,3.264,147.00,290.00,1,0,1
19844,3.292,61.90,205.00,1,0,1
19846,3.284,98.40,323.00,1,0,0
19849,3.292,98.10,315.00,1,0,0
19851,3.288,62.00,205.00,1,0,0
19854,3.312,62.10,206.00,1,0,0
19856,3.312,62.00,208.00,1,0,1
19859,3.312,62.10,206.00,1,0,1
19871,3.312,61.90,205.00,1,0,0
19874,3.308,62.00,205.00,1,0,0
19876,3.312,62.00,233.00,1,0,1
19879,3.308,62.10,206.00,1,0,1
19881,3.312,62.20,206.00,1,0,1
19884,3.308,62.00,205.00,1,0,1
19886,3.312,62.10,403.00,1,0,0
19889,3.268,105.10,347.00,1,0,0
19891,3.308,62.10,206.00,1,0,0
19893,3.312,61.90,205.00,1,0,0
19896,3.312,62.00,205.00,1,0,1
19898,3.312,62.10,205.00,1,0,1
19901,3.308,62.20,210.00,1,0,1
19903,3.308,62.00,205.00,1,0,1
19916,3.312,62.10,205.00,1,0,1
19918,3.312,62.10,206.00,1,0,1
19921,3.312,62.10,210.00,1,0,1
19923,3.312,62.00,205.00,1,0,1
19926,3.312,61.90,205.00,1,0,0
19928,3.312,76.40,441.00,1,0,0
19931,3.276,130.00,205.00,1,0,0
19933,3.312,62.20,206.00,1,0,0
19936,3.312,62.00,205.00,1,0,1
19938,3.308,62.10,205.00,1,0,1
19941,3.308,62.10,205.00,1,0,1
19943,3.308,62.00,205.00,1,0,1
19946,3.308,62.00,205.00,1,0,0
19948,3.300,98.20,323.00,1,0,0
19961,3.312,62.00,205.00,1,0,1
19963,3.312,62.10,206.00,1,0,1
19966,3.312,62.10,208.00,1,0,0
19968,3.300,62.00,205.00,1,0,0
19971,3.312,61.90,205.00,1,0,0
19973,3.312,61.90,239.00,1,0,0
19976,3.272,133.80,439.00,1,0,1
19978,3.308,62.00,205.00,1,0,1
19981,3.312,62.00,205.00,1,0,1
19983,3.308,62.10,205.00,1,0,1
19986,3.308,62.00,205.00,1,0,0
19988,3.308,62.00,205.00,1,0,0
19990,3.312,61.90,205.00,1,0,0
19993,3.312,61.80,205.00,1,0,0
20006,3.312,62.00,205.00,1,0,0
20008,3.312,61.80,205.00,1,0,0
20011,3.312,61.80,205.00,1,0,0
20013,3.312,62.00,205.00,1,0,0
20015,3.312,62.10,206.00,1,0,1
20018,3.312,62.10,203.00,1,0,1
20020,3.264,106.80,352.00,1,0,1
20023,3.312,62.00,205.00,1,0,1
20025,3.312,62.00,205.00,1,0,0
20028,3.308,61.90,205.00,1,0,0
20030,3.308,62.00,205.00,1,0,0
20033,3.312,62.00,205.00,1,0,0
20035,3.312,62.00,205.00,1,0,1
20038,3.312,62.10,206.00,1,0,1
20050,3.312,98.40,324.00,1,0,0
20053,3.292,101.70,334.00,1,0,0
20055,3.288,62.90,205.00,1,0,1
20058,3.308,61.90,205.00,1,0,1
20060,3.308,62.00,205.00,1,0,1
20063,3.308,61.90,205.00,1,0,1
20065,3.308,62.10,203.00,1,0,0
20068,3.284,159.40,526.00,1,0,0
20070,3.312,62.00,205.00,1,0,0
20073,3.312,61.90,205.00,1,0,0
20075,3.312,61.70,205.00,1,0,1
20078,3.308,61.90,205.00,1,0,1
20080,3.312,62.10,205.00,1,0,1
20083,3.312,62.10,205.00,1,0,1
20095,3.312,61.90,205.00,1,0,1
20098,3.312,62.10,205.00,1,0,1
20100,3.308,62.10,211.00,1,0,1
20103,3.308,62.00,205.00,1,0,1
20105,3.308,61.90,205.00,1,0,0
20108,3.308,72.50,469.00,1,0,0
20110,3.276,66.60,220.00,1,0,0
20112,3.312,61.90,205.00,1,0,0
20115,3.312,62.00,205.00,1,0,1
20117,3.308,62.10,205.00,1,0,1
20120,3.308,62.00,205.00,1,0,1
20122,3.308,61.80,205.00,1,0,1
20125,3.312,61.80,205.00,1,0,0
20127,3.300,62.50,206.00,1,0,0
20140,3.312,61.80,205.00,1,0,1
20142,3.312,61.80,205.00,1,0,1
20145,3.308,62.00,206.00,1,0,0
20147,3.312,62.00,205.00,1,0,0
20150,3.312,62.00,205.00,1,0,0
20152,3.312,61.90,354.00,1,0,0
20155,3.288,98.40,324.00,1,0,1
20157,3.288,92.60,306.00,1,0,1
20160,3.308,62.00,205.00,1,0,1
20162,3.312,62.30,206.00,1,0,1
20165,3.308,62.30,206.00,1,0,1
20167,3.308,73.10,206.00,1,0,0
20170,3.312,61.90,205.00,1,0,0
20172,3.312,61.90,205.00,1,0,0
20185,3.308,62.10,206.00,1,0,1
20187,3.308,74.20,246.00,1,0,0
20190,3.312,61.90,205.00,1,0,0
20192,3.312,61.90,205.00,1,0,0
20195,3.312,62.10,206.00,1,0,0
20197,3.312,114.20,393.00,1,0,1
20200,3.272,62.30,206.00,1,0,1
20202,3.308,62.50,206.00,1,0,1
20205,3.308,62.00,205.00,1,0,1
20207,3.308,66.60,221.00,1,0,0
20210,3.312,61.90,205.00,1,0,0
20212,3.312,62.10,206.00,1,0,0
20214,3.312,62.10,206.00,1,0,0
20217,3.312,63.00,208.00,1,0,1
20230,3.312,62.20,206.00,1,0,0
20232,3.312,62.20,206.00,1,0,0
20235,3.312,62.00,205.00,1,0,0
20237,3.312,65.30,216.00,1,0,1
20239,3.312,62.00,205.00,1,0,1
20242,3.276,87.30,303.00,1,0,1
20244,3.260,62.30,206.00,1,0,1
20247,3.312,69.20,229.00,1,0,0
20249,3.312,62.20,206.00,1,0,0
20252,3.312,62.00,205.00,1,0,0
20254,3.308,61.90,205.00,1,0,0
20257,3.292,98.10,324.00,1,0,1
20259,3.292,73.90,244.00,1,0,1
20262,3.312,63.00,208.00,1,0,1
20274,3.312,61.90,205.00,1,0,0
20277,3.312,62.90,205.00,1,0,1
20279,3.308,62.20,206.00,1,0,1
20282,3.308,62.90,208.00,1,0,1
20284,3.308,62.10,205.00,1,0,1
20287,3.312,65.50,216.00,1,0,0
20289,3.312,108.40,352.00,1,0,0
20292,3.284,62.20,206.00,1,0,0
20294,3.312,62.10,206.00,1,0,0
20297,3.312,73.50,244.00,1,0,1
20299,3.312,62.40,206.00,1,0,1
20302,3.308,65.10,206.00,1,0,1
20304,3.312,62.00,205.00,1,0,1
20306,3.312,62.00,205.00,1,0,0
20319,3.312,62.00,205.00,1,0,1
20322,3.312,61.90,205.00,1,0,1
20324,3.312,62.10,205.00,1,0,1
20327,3.308,65.70,216.00,1,0,0
20329,3.312,62.10,206.00,1,0,0
20332,3.312,143.00,469.00,1,0,0
20334,3.308,62.10,206.00,1,0,0
20336,3.312,61.90,205.00,1,0,1
20339,3.312,62.00,205.00,1,0,1
20341,3.312,63.10,210.00,1,0,1
20344,3.312,62.10,205.00,1,0,1
20346,3.312,62.10,246.00,1,0,0
20349,3.308,62.10,206.00,1,0,0
20351,3.312,62.00,205.00,1,0,0
20364,3.308,62.10,205.00,1,0,1
20366,3.308,62.10,251.00,1,0,0
20369,3.312,61.90,205.00,1,0,0
20371,3.312,61.80,205.00,1,0,0
20374,3.312,61.90,205.00,1,0,0
20376,3.312,62.90,208.00,1,0,1
20379,3.264,146.50,480.00,1,0,1
20381,3.280,66.50,206.00,1,0,1
20384,3.312,62.00,205.00,1,0,1
20386,3.308,61.90,205.00,1,0,1
20389,3.312,62.00,205.00,1,0,1
20391,3.308,65.60,216.00,1,0,0
20394,3.304,62.00,205.00,1,0,0
20396,3.308,62.10,205.00,1,0,0
20409,3.308,63.00,208.00,1,0,1
20411,3.312,62.10,249.00,1,0,0
20414,3.308,62.00,205.00,1,0,0
20416,3.308,62.00,205.00,1,0,0
20419,3.312,61.90,205.00,1,0,0
20421,3.308,62.70,208.00,1,0,1
20424,3.308,140.20,457.00,1,0,1
20426,3.252,72.00,210.00,1,0,1
20429,3.308,62.20,206.00,1,0,1
20431,3.308,62.10,205.00,1,0,0
20433,3.312,62.00,205.00,1,0,0
20436,3.312,61.80,205.00,1,0,0
20438,3.312,62.00,205.00,1,0,0
20441,3.312,61.90,205.00,1,0,1
20454,3.312,61.80,205.00,1,0,0
20456,3.308,61.90,205.00,1,0,0
20458,3.312,61.90,205.00,1,0,0
20461,3.288,98.10,323.00,1,0,1
20463,3.288,96.60,277.00,1,0,1
20466,3.312,62.10,205.00,1,0,1
20468,3.312,62.00,205.00,1,0,1
20471,3.308,62.00,208.00,1,0,0
20473,3.296,61.90,205.00,1,0,0
20476,3.308,61.90,205.00,1,0,0
20478,3.312,62.00,205.00,1,0,0
20481,3.312,62.00,205.00,1,0,1
20483,3.308,62.00,205.00,1,0,1
20486,3.312,61.90,203.00,1,0,1
20498,3.308,61.90,205.00,1,0,0
20501,3.312,62.00,205.00,1,0,1
20503,3.308,62.00,205.00,1,0,1
20506,3.308,62.00,205.00,1,0,1
20508,3.308,62.00,205.00,1,0,1
20511,3.312,141.00,460.00,1,0,0
20513,3.288,62.10,206.00,1,0,0
20516,3.312,62.00,205.00,1,0,0
20518,3.312,61.90,205.00,1,0,0
20521,3.312,61.90,205.00,1,0,1
20523,3.308,62.10,205.00,1,0,1
20526,3.308,62.10,205.00,1,0,1
20528,3.308,62.00,205.00,1,0,1
20530,3.312,62.00,462.00,1,0,0
20543,3.312,62.00,205.00,1,0,1
20546,3.312,61.90,205.00,1,0,1
20548,3.308,62.10,206.00,1,0,1
20551,3.308,62.00,205.00,1,0,0
20553,3.300,62.00,205.00,1,0,0
20555,3.308,140.20,464.00,1,0,0
20558,3.312,62.00,205.00,1,0,0
20560,3.312,61.90,205.00,1,0,1
20563,3.312,98.20,323.00,1,0,1
20565,3.288,98.80,326.00,1,0,1
20568,3.300,62.20,205.00,1,0,1
20570,3.308,62.10,206.00,1,0,0
20573,3.304,62.00,205.00,1,0,0
20575,3.312,62.00,347.00,1,0,0
20588,3.312,62.20,205.00,1,0,1
20590,3.308,62.10,205.00,1,0,0
20593,3.308,61.80,205.00,1,0,0
20595,3.312,62.00,205.00,1,0,0
20598,3.312,140.10,283.00,1,0,0
20600,3.252,62.10,206.00,1,0,1
20603,3.312,62.10,206.00,1,0,1
20605,3.312,62.10,205.00,1,0,1
20608,3.308,62.00,205.00,1,0,1
20610,3.312,62.00,205.00,1,0,0
20613,3.308,70.70,208.00,1,0,0
20615,3.312,62.00,205.00,1,0,0
20618,3.312,62.10,206.00,1,0,0
20620,3.312,140.20,475.00,1,0,1
20633,3.300,62.10,206.00,1,0,0
20635,3.312,62.00,205.00,1,0,0
20638,3.312,62.00,205.00,1,0,0
20640,3.312,62.00,405.00,1,0,1
20643,3.276,62.10,205.00,1,0,1
20645,3.308,62.20,206.00,1,0,1
20648,3.308,62.10,205.00,1,0,1
20650,3.312,62.20,206.00,1,0,0
20652,3.312,62.00,205.00,1,0,0
20655,3.312,62.00,205.00,1,0,0
20657,3.312,61.90,205.00,1,0,0
20660,3.312,61.80,205.00,1,0,1
20662,3.312,62.10,206.00,1,0,1
20665,3.312,133.00,333.00,1,0,1
20678,3.312,61.80,205.00,1,0,0
20680,3.312,62.00,205.00,1,0,1
20682,3.312,62.20,206.00,1,0,1
20685,3.308,62.00,328.00,1,0,1
20687,3.260,76.90,254.00,1,0,1
20690,3.312,61.90,205.00,1,0,0
20692,3.308,73.30,205.00,1,0,0
20695,3.312,61.90,205.00,1,0,0
20697,3.312,61.90,205.00,1,0,0
20700,3.312,62.10,206.00,1,0,0
20702,3.312,70.90,205.00,1,0,1
20705,3.312,62.00,205.00,1,0,1
20707,3.308,61.90,205.00,1,0,1
20710,3.260,140.50,205.00,1,0,1
20722,3.312,62.70,205.00,1,0,1
20725,3.308,61.90,205.00,1,0,1
20727,3.312,61.80,205.00,1,0,1
20730,3.276,144.40,511.00,1,0,1
20732,3.296,62.10,206.00,1,0,0
20735,3.312,62.00,205.00,1,0,0
20737,3.312,61.90,205.00,1,0,0
20740,3.312,61.80,205.00,1,0,0
20742,3.312,61.90,205.00,1,0,1
20745,3.312,61.90,205.00,1,0,1
20747,3.304,62.10,206.00,1,0,1
20750,3.312,62.10,206.00,1,0,1
20752,3.312,70.30,233.00,1,0,0
20754,3.264,119.60,211.00,1,0,0
20767,3.312,74.80,324.00,1,0,1
20770,3.288,98.20,323.00,1,0,1
20772,3.292,106.90,352.00,1,0,0
20775,3.280,146.90,467.00,1,0,0
20777,3.304,61.90,205.00,1,0,0
20779,3.312,62.00,205.00,1,0,0
20782,3.312,64.00,206.00,1,0,1
20784,3.312,62.00,205.00,1,0,1
20787,3.312,63.80,211.00,1,0,1
20789,3.312,61.90,205.00,1,0,1
20792,3.312,74.00,246.00,1,0,0
20799,3.312,62.10,206.00,1,0,0
20802,3.312,63.20,210.00,1,0,1
20804,3.312,61.90,205.00,1,0,1
20807,3.308,61.80,205.00,1,0,1
20809,3.312,61.90,205.00,1,0,1
20812,3.312,62.00,205.00,1,0,0
20814,3.308,62.00,205.00,1,0,0
20817,3.312,62.00,205.00,1,0,0
20819,3.280,144.30,474.00,1,0,0
20821,3.308,61.90,228.00,1,0,1
20834,3.312,62.00,205.00,1,0,0
20837,3.312,61.70,205.00,1,0,0
20839,3.308,61.70,205.00,1,0,0
20842,3.312,61.70,460.00,1,0,1
20844,3.280,134.20,441.00,1,0,1
20846,3.280,63.20,210.00,1,0,1
20849,3.312,62.10,206.00,1,0,1
20851,3.308,62.10,247.00,1,0,0
20854,3.312,61.80,205.00,1,0,0
20856,3.312,61.70,205.00,1,0,0
20859,3.312,61.70,205.00,1,0,0
20861,3.312,62.60,208.00,1,0,1
20864,3.268,87.20,283.00,1,0,1
20866,3.300,62.20,210.00,1,0,1
20879,3.312,62.00,206.00,1,0,0
20881,3.312,72.20,239.00,1,0,1
20884,3.264,96.30,313.00,1,0,1
20886,3.300,62.20,205.00,1,0,1
20889,3.308,62.00,205.00,1,0,1
20891,3.308,62.00,205.00,1,0,0
20894,3.312,62.00,206.00,1,0,0
20896,3.312,62.10,206.00,1,0,0
20899,3.312,62.10,206.00,1,0,0
20901,3.312,62.10,205.00,1,0,1
20904,3.312,62.00,205.00,1,0,1
20906,3.312,88.60,288.00,1,0,1
20909,3.312,62.00,205.00,1,0,1
20911,3.312,62.20,213.00,1,0,0
20924,3.312,62.00,205.00,1,0,1
20926,3.308,62.70,208.00,1,0,1
20929,3.312,62.20,206.00,1,0,1
20931,3.264,140.50,257.00,1,0,0
20934,3.308,62.10,206.00,1,0,0
20936,3.312,61.90,205.00,1,0,0
20939,3.312,61.90,205.00,1,0,0
20941,3.312,61.90,205.00,1,0,1
20943,3.312,62.10,205.00,1,0,1
20946,3.312,62.30,208.00,1,0,1
20948,3.308,62.20,206.00,1,0,1
20951,3.308,62.00,205.00,1,0,0
20953,3.276,114.10,372.00,1,0,0
20956,3.312,62.00,205.00,1,0,0
20968,3.312,62.00,205.00,1,0,1
20971,3.312,62.00,203.00,1,0,0
20973,3.292,101.40,333.00,1,0,0
20976,3.288,93.50,206.00,1,0,0
20978,3.312,62.10,206.00,1,0,0
20981,3.312,62.10,206.00,1,0,1
20983,3.308,62.20,206.00,1,0,1
20986,3.312,62.00,205.00,1,0,1
20988,3.312,62.00,205.00,1,0,1
20991,3.308,62.00,206.00,1,0,0
20993,3.300,62.00,205.00,1,0,0
20996,3.308,62.10,206.00,1,0,0
20998,3.260,126.30,206.00,1,0,0
21001,3.312,62.00,205.00,1,0,1
21013,3.308,62.10,205.00,1,0,0
21016,3.308,62.00,205.00,1,0,0
21018,3.312,64.40,213.00,1,0,0
21021,3.312,61.90,202.00,1,0,1
21023,3.264,141.20,467.00,1,0,1
21026,3.308,62.10,205.00,1,0,1
21028,3.308,62.20,206.00,1,0,1
21031,3.308,62.10,205.00,1,0,0
21033,3.308,62.00,205.00,1,0,0
21036,3.312,62.00,205.00,1,0,0
21038,3.312,61.90,205.00,1,0,0
21040,3.312,62.00,205.00,1,0,1
21043,3.292,122.40,465.00,1,0,1
21045,3.280,62.30,206.00,1,0,1
21058,3.312,62.00,205.00,1,0,0
21061,3.312,62.10,206.00,1,0,1
21063,3.308,62.30,206.00,1,0,1
21065,3.312,95.30,501.00,1,0,1
21068,3.272,62.10,205.00,1,0,1
21070,3.312,62.00,205.00,1,0,0
21073,3.300,62.00,205.00,1,0,0
21075,3.292,98.10,323.00,1,0,0
21078,3.288,98.20,323.00,1,0,0
21080,3.308,62.20,205.00,1,0,1
21083,3.308,62.20,206.00,1,0,1
21085,3.308,62.10,203.00,1,0,1
21088,3.276,99.80,206.00,1,0,1
21090,3.312,62.10,206.00,1,0,0
21103,3.312,62.00,205.00,1,0,1
21105,3.308,62.10,206.00,1,0,1
21108,3.308,101.30,331.00,1,0,1
21110,3.268,109.30,206.00,1,0,0
21113,3.308,62.00,205.00,1,0,0
21115,3.308,62.10,206.00,1,0,0
21118,3.308,62.00,205.00,1,0,0
21120,3.312,64.60,215.00,1,0,1
21123,3.304,62.10,206.00,1,0,1
21125,3.312,62.10,205.00,1,0,1
21128,3.308,62.10,206.00,1,0,1
21130,3.308,62.10,206.00,1,0,0
21133,3.308,102.60,424.00,1,0,0
21135,3.264,62.00,205.00,1,0,0
21148,3.312,62.10,205.00,1,0,1
21150,3.312,62.10,206.00,1,0,0
21153,3.300,62.40,205.00,1,0,0
21155,3.312,62.00,203.00,1,0,0
21158,3.268,140.70,462.00,1,0,0
21160,3.312,62.10,206.00,1,0,1
21162,3.312,62.40,205.00,1,0,1
21165,3.308,62.10,205.00,1,0,1
21167,3.308,62.10,206.00,1,0,1
21170,3.312,62.10,205.00,1,0,0
21172,3.312,62.00,205.00,1,0,0
21175,3.312,62.00,205.00,1,0,0
21177,3.296,100.60,323.00,1,0,0
21180,3.292,98.20,323.00,1,0,0
21192,3.312,61.90,205.00,1,0,0
21195,3.312,61.90,205.00,1,0,0
21197,3.312,61.80,205.00,1,0,0
21200,3.312,62.00,205.00,1,0,1
21202,3.268,148.00,487.00,1,0,1
21205,3.280,67.20,205.00,1,0,1
21207,3.312,63.10,205.00,1,0,1
21210,3.312,61.90,205.00,1,0,1
21212,3.308,73.80,244.00,1,0,0
21215,3.312,61.80,205.00,1,0,0
21217,3.312,61.80,205.00,1,0,0
21220,3.312,61.80,205.00,1,0,0
21222,3.312,62.60,477.00,1,0,1
21225,3.264,67.30,223.00,1,0,1
21237,3.312,61.80,205.00,1,0,0
21240,3.312,61.80,205.00,1,0,0
21242,3.312,71.60,202.00,1,0,1
21245,3.264,141.10,462.00,1,0,1
21247,3.308,62.00,205.00,1,0,1
21250,3.312,62.00,205.00,1,0,1
21252,3.312,61.90,205.00,1,0,0
21255,3.312,61.80,205.00,1,0,0
21257,3.308,61.80,205.00,1,0,0
21260,3.308,61.80,205.00,1,0,0
21262,3.312,62.00,205.00,1,0,1
21264,3.308,62.00,205.00,1,0,1
21267,3.268,126.90,346.00,1,0,1
21269,3.308,62.00,205.00,1,0,1
21282,3.292,98.20,323.00,1,0,1
21285,3.312,62.10,206.00,1,0,1
21287,3.312,141.00,392.00,1,0,1
21289,3.288,62.00,205.00,1,0,1
21292,3.308,78.40,259.00,1,0,0
21294,3.312,61.80,205.00,1,0,0
21297,3.312,61.90,205.00,1,0,0
21299,3.312,61.90,205.00,1,0,0
21302,3.312,66.20,205.00,1,0,1
21304,3.312,62.00,205.00,1,0,1
21307,3.312,62.80,208.00,1,0,1
21309,3.312,61.80,365.00,1,0,1
21312,3.264,75.20,249.00,1,0,0
21314,3.312,62.00,205.00,1,0,0
21327,3.312,61.80,205.00,1,0,1
21329,3.312,61.90,205.00,1,0,1
21332,3.312,61.90,429.00,1,0,0
21334,3.276,106.20,352.00,1,0,0
21337,3.312,61.90,205.00,1,0,0
21339,3.312,61.90,205.00,1,0,0
21342,3.312,61.90,205.00,1,0,1
21344,3.308,61.90,205.00,1,0,1
21347,3.312,62.00,205.00,1,0,1
21349,3.312,62.10,206.00,1,0,1
21352,3.312,65.50,216.00,1,0,0
21354,3.312,73.70,434.00,1,0,0
21357,3.276,61.90,205.00,1,0,0
21359,3.312,61.80,205.00,1,0,0
21372,3.312,74.20,246.00,1,0,0
21374,3.312,61.70,205.00,1,0,0
21377,3.268,143.00,467.00,1,0,0
21379,3.280,61.90,205.00,1,0,0
21382,3.312,106.20,349.00,1,0,1
21384,3.288,98.80,324.00,1,0,1
21386,3.292,69.30,229.00,1,0,1
21389,3.312,62.00,205.00,1,0,1
21391,3.312,61.90,246.00,1,0,0
21394,3.312,61.80,205.00,1,0,0
21396,3.312,61.90,205.00,1,0,0
21399,3.272,120.30,364.00,1,0,0
21401,3.308,63.70,211.00,1,0,1
21404,3.312,62.00,205.00,1,0,1
21416,3.312,62.10,206.00,1,0,0
21419,3.312,61.90,205.00,1,0,0
21421,3.312,61.90,331.00,1,0,1
21424,3.256,62.10,206.00,1,0,1
21426,3.308,62.00,205.00,1,0,1
21429,3.304,62.00,205.00,1,0,1
21431,3.308,63.40,210.00,1,0,0
21434,3.312,62.00,205.00,1,0,0
21436,3.312,62.00,205.00,1,0,0
21439,3.312,61.80,205.00,1,0,0
21441,3.312,61.80,205.00,1,0,1
21444,3.276,121.20,347.00,1,0,1
21446,3.284,62.70,208.00,1,0,1
21449,3.312,62.10,206.00,1,0,1
21461,3.312,61.80,205.00,1,0,1
21464,3.312,62.10,206.00,1,0,1
21466,3.312,62.10,205.00,1,0,1
21469,3.264,141.60,464.00,1,0,1
21471,3.312,62.00,205.00,1,0,0
21474,3.312,61.80,205.00,1,0,0
21476,3.312,61.80,205.00,1,0,0
21479,3.312,61.90,205.00,1,0,0
21481,3.312,62.10,226.00,1,0,1
21484,3.308,97.60,321.00,1,0,1
21486,3.288,98.30,324.00,1,0,1
21488,3.288,91.00,205.00,1,0,1
21491,3.312,89.60,290.00,1,0,0
21493,3.288,62.10,206.00,1,0,0
21506,3.312,62.00,205.00,1,0,1
21509,3.308,62.00,205.00,1,0,1
21511,3.308,62.20,205.00,1,0,0
21513,3.300,62.10,206.00,1,0,0
21516,3.308,140.40,459.00,1,0,0
21518,3.288,104.10,206.00,1,0,0
21521,3.312,61.80,205.00,1,0,1
21523,3.312,62.00,205.00,1,0,1
21526,3.312,61.90,205.00,1,0,1
21528,3.308,62.10,206.00,1,0,1
21531,3.308,62.20,206.00,1,0,0
21533,3.304,62.10,206.00,1,0,0
21536,3.312,61.90,205.00,1,0,0
21538,3.268,128.20,419.00,1,0,0
21551,3.312,62.10,206.00,1,0,0
21553,3.312,61.90,205.00,1,0,0
21556,3.312,61.80,205.00,1,0,0
21558,3.312,61.90,203.00,1,0,0
21561,3.284,160.50,334.00,1,0,1
21563,3.312,62.30,206.00,1,0,1
21566,3.308,62.20,206.00,1,0,1
21568,3.308,62.10,205.00,1,0,1
21571,3.312,62.00,205.00,1,0,0
21573,3.308,61.90,205.00,1,0,0
21576,3.312,61.80,205.00,1,0,0
21578,3.312,62.00,206.00,1,0,0
21581,3.312,130.10,426.00,1,0,1
21583,3.276,104.60,346.00,1,0,1
21596,3.308,62.00,205.00,1,0,0
21598,3.312,62.10,206.00,1,0,0
21601,3.312,62.00,205.00,1,0,1
21603,3.280,145.90,477.00,1,0,1
21606,3.312,62.00,205.00,1,0,1
21608,3.308,61.90,205.00,1,0,1
21610,3.308,62.00,205.00,1,0,0
21613,3.300,62.00,206.00,1,0,0
21615,3.312,62.10,206.00,1,0,0
21618,3.312,61.90,205.00,1,0,0
21620,3.312,61.80,205.00,1,0,1
21623,3.308,61.90,205.00,1,0,1
21625,3.308,109.90,359.00,1,0,1
21628,3.312,62.10,206.00,1,0,1
21640,3.312,61.70,205.00,1,0,1
21643,3.312,62.00,205.00,1,0,1
21645,3.312,62.10,206.00,1,0,1
21648,3.276,122.60,401.00,1,0,1
21650,3.284,62.20,205.00,1,0,0
21653,3.312,61.80,205.00,1,0,0
21655,3.312,61.80,205.00,1,0,0
21658,3.312,61.80,205.00,1,0,0
21660,3.312,61.90,205.00,1,0,1
21663,3.308,62.10,206.00,1,0,1
21665,3.312,62.20,206.00,1,0,1
21668,3.312,62.00,205.00,1,0,1
21670,3.312,61.90,205.00,1,0,0
21673,3.264,124.40,359.00,1,0,0
21685,3.308,61.90,205.00,1,0,1
21688,3.308,61.90,254.00,1,0,1
21690,3.288,101.30,333.00,1,0,0
21693,3.276,94.00,310.00,1,0,0
21695,3.312,62.10,206.00,1,0,0
21698,3.312,62.10,206.00,1,0,0
21700,3.312,62.10,205.00,1,0,1
21703,3.308,62.00,205.00,1,0,1
21705,3.312,61.90,205.00,1,0,1
21707,3.312,62.10,205.00,1,0,1
21710,3.312,62.10,206.00,1,0,0
21712,3.312,62.00,205.00,1,0,0
21715,3.312,62.10,205.00,1,0,0
21717,3.284,149.10,319.00,1,0,0
21730,3.312,62.20,206.00,1,0,0
21733,3.312,75.20,206.00,1,0,0
21735,3.312,62.00,205.00,1,0,0
21737,3.308,61.90,205.00,1,0,0
21740,3.312,62.60,459.00,1,0,1
21742,3.260,71.20,236.00,1,0,1
21745,3.308,62.30,206.00,1,0,1
21747,3.308,63.50,205.00,1,0,1
21750,3.308,62.10,205.00,1,0,1
21752,3.304,69.70,231.00,1,0,0
21755,3.308,61.80,205.00,1,0,0
21757,3.312,62.00,205.00,1,0,0
21760,3.312,62.00,205.00,1,0,0
21762,3.308,62.90,206.00,1,0,1
21775,3.312,62.00,205.00,1,0,0
21777,3.312,62.00,205.00,1,0,0
21780,3.312,62.00,205.00,1,0,0
21782,3.308,67.60,223.00,1,0,1
21785,3.308,62.10,205.00,1,0,1
21787,3.308,61.90,205.00,1,0,1
21790,3.308,89.90,295.00,1,0,1
21792,3.272,103.70,323.00,1,0,0
21795,3.288,95.50,315.00,1,0,0
21797,3.284,63.00,208.00,1,0,0
21800,3.312,61.90,205.00,1,0,0
21802,3.312,62.00,205.00,1,0,1
21804,3.312,62.00,205.00,1,0,1
21807,3.312,62.70,205.00,1,0,1
21820,3.312,61.90,205.00,1,0,0
21822,3.312,62.00,205.00,1,0,1
21825,3.308,61.90,205.00,1,0,1
21827,3.308,63.00,208.00,1,0,1
21830,3.312,62.00,205.00,1,0,1
21832,3.312,71.00,234.00,1,0,0
21834,3.312,61.90,205.00,1,0,0
21837,3.312,61.80,388.00,1,0,0
21839,3.268,62.30,206.00,1,0,0
21842,3.312,72.70,241.00,1,0,1
21844,3.308,62.10,205.00,1,0,1
21847,3.308,62.00,205.00,1,0,1
21849,3.312,62.10,206.00,1,0,1
21852,3.312,62.00,208.00,1,0,0
21864,3.308,62.10,206.00,1,0,1
21867,3.312,62.00,205.00,1,0,1
21869,3.308,62.00,205.00,1,0,1
21872,3.312,64.00,205.00,1,0,0
21874,3.308,61.90,205.00,1,0,0
21877,3.312,62.00,205.00,1,0,0
21879,3.312,61.90,205.00,1,0,0
21882,3.268,126.50,557.00,1,0,1
21884,3.304,62.10,205.00,1,0,1
21887,3.308,63.10,210.00,1,0,1
21889,3.312,62.00,205.00,1,0,1
21892,3.312,72.90,241.00,1,0,0
21894,3.284,98.90,326.00,1,0,0
21897,3.292,98.40,319.00,1,0,0
21909,3.312,62.00,205.00,1,0,1
21912,3.312,81.70,270.00,1,0,0
21914,3.312,61.90,205.00,1,0,0
21917,3.312,61.90,205.00,1,0,0
21919,3.312,61.90,205.00,1,0,0
21922,3.312,62.70,208.00,1,0,1
21924,3.312,61.90,205.00,1,0,1
21927,3.312,134.00,437.00,1,0,1
21929,3.268,62.00,205.00,1,0,1
21931,3.312,62.00,205.00,1,0,0
21934,3.312,61.90,205.00,1,0,0
21936,3.308,61.80,205.00,1,0,0
21939,3.312,61.90,205.00,1,0,0
21941,3.312,61.80,208.00,1,0,1
21954,3.312,61.90,205.00,1,0,0
21956,3.312,61.80,205.00,1,0,0
21959,3.312,61.80,205.00,1,0,0
21961,3.312,61.80,216.00,1,0,1
21964,3.308,62.00,205.00,1,0,1
21966,3.312,62.10,205.00,1,0,1
21969,3.308,62.00,205.00,1,0,1
21971,3.308,126.10,413.00,1,0,0
21974,3.312,61.90,205.00,1,0,0
21976,3.312,61.70,205.00,1,0,0
21979,3.312,61.90,205.00,1,0,0
21981,3.312,61.90,205.00,1,0,1
21984,3.312,62.10,205.00,1,0,1
21986,3.312,62.00,208.00,1,0,1
21999,3.288,98.40,316.00,1,0,0
22001,3.288,63.70,211.00,1,0,1
22004,3.312,62.10,206.00,1,0,1
22006,3.312,62.00,210.00,1,0,1
22009,3.312,61.90,205.00,1,0,1
22011,3.308,62.00,205.00,1,0,0
22014,3.312,61.90,203.00,1,0,0
22016,3.276,120.50,395.00,1,0,0
22019,3.312,62.10,206.00,1,0,0
22021,3.308,62.00,241.00,1,0,1
22024,3.312,62.10,206.00,1,0,1
22026,3.308,62.00,205.00,1,0,1
22028,3.312,62.00,206.00,1,0,1
22031,3.312,62.10,205.00,1,0,0
22044,3.312,62.10,205.00,1,0,1
22046,3.308,62.10,205.00,1,0,1
22049,3.308,62.20,206.00,1,0,1
22051,3.312,62.10,218.00,1,0,0
22053,3.304,62.00,205.00,1,0,0
22056,3.308,62.00,205.00,1,0,0
22058,3.312,61.90,342.00,1,0,0
22061,3.276,105.10,347.00,1,0,1
22063,3.312,62.10,205.00,1,0,1
22066,3.312,62.20,210.00,1,0,1
22068,3.308,62.10,206.00,1,0,1
22071,3.308,62.00,205.00,1,0,0
22073,3.312,61.90,205.00,1,0,0
22076,3.312,61.80,205.00,1,0,0
22088,3.312,62.10,205.00,1,0,1
22091,3.308,61.90,205.00,1,0,0
22093,3.312,61.90,205.00,1,0,0
22096,3.312,61.90,205.00,1,0,0
22098,3.312,98.50,324.00,1,0,0
22101,3.292,100.00,329.00,1,0,1
22103,3.288,93.40,206.00,1,0,1
22106,3.312,95.50,313.00,1,0,1
22108,3.276,114.30,378.00,1,0,1
22111,3.308,62.10,205.00,1,0,0
22113,3.300,62.10,206.00,1,0,0
22116,3.312,62.10,206.00,1,0,0
22118,3.308,62.10,205.00,1,0,0
22121,3.312,62.00,205.00,1,0,1
22133,3.256,71.40,206.00,1,0,0
22136,3.312,62.10,206.00,1,0,0
22138,3.312,61.90,205.00,1,0,0
22141,3.308,61.80,205.00,1,0,1
22143,3.304,62.00,205.00,1,0,1
22146,3.308,62.10,205.00,1,0,1
22148,3.308,62.20,206.00,1,0,1
22150,3.308,62.20,206.00,1,0,0
22153,3.308,62.00,205.00,1,0,0
22155,3.308,61.90,362.00,1,0,0
22158,3.264,62.00,205.00,1,0,0
22160,3.312,61.90,205.00,1,0,1
22163,3.308,62.20,206.00,1,0,1
22165,3.312,62.30,206.00,1,0,1
22178,3.276,95.30,316.00,1,0,0
22180,3.312,62.10,205.00,1,0,1
22183,3.312,62.20,206.00,1,0,1
22185,3.308,62.20,205.00,1,0,1
22188,3.308,61.90,205.00,1,0,1
22190,3.308,61.90,205.00,1,0,0
22193,3.304,64.90,205.00,1,0,0
22195,3.308,62.10,206.00,1,0,0
22198,3.308,62.10,206.00,1,0,0
22200,3.312,62.10,347.00,1,0,1
22203,3.280,98.50,324.00,1,0,1
22205,3.288,73.20,242.00,1,0,1
22208,3.308,61.90,205.00,1,0,1
22210,3.312,61.90,205.00,1,0,0
22223,3.312,89.10,288.00,1,0,1
22225,3.292,62.00,205.00,1,0,1
22228,3.308,62.10,206.00,1,0,1
22230,3.308,62.20,206.00,1,0,0
22233,3.304,62.20,206.00,1,0,0
22235,3.312,62.10,205.00,1,0,0
22238,3.312,61.80,205.00,1,0,0
22240,3.312,61.80,205.00,1,0,1
22243,3.312,61.90,205.00,1,0,1
22245,3.308,62.10,216.00,1,0,1
22248,3.304,140.60,464.00,1,0,1
22250,3.308,62.30,206.00,1,0,0
22252,3.308,77.50,205.00,1,0,0
22255,3.312,61.90,205.00,1,0,0
22268,3.308,122.80,401.00,1,0,1
22270,3.280,63.80,211.00,1,0,0
22273,3.308,70.80,205.00,1,0,0
22275,3.308,61.80,205.00,1,0,0
22277,3.312,62.00,205.00,1,0,0
22280,3.312,62.00,205.00,1,0,1
22282,3.312,62.20,206.00,1,0,1
22285,3.308,62.00,205.00,1,0,1
22287,3.308,62.00,257.00,1,0,1
22290,3.272,136.70,423.00,1,0,0
22292,3.308,62.00,205.00,1,0,0
22295,3.312,62.00,205.00,1,0,0
22297,3.308,62.00,205.00,1,0,0
22300,3.308,62.10,205.00,1,0,0
22312,3.308,141.50,467.00,1,0,0
22315,3.312,62.10,206.00,1,0,0
22317,3.308,62.00,205.00,1,0,0
22320,3.308,61.80,205.00,1,0,1
22322,3.300,61.90,205.00,1,0,1
22325,3.312,61.90,205.00,1,0,1
22327,3.308,62.00,205.00,1,0,1
22330,3.312,62.10,205.00,1,0,1
22332,3.308,75.00,206.00,1,0,0
22335,3.312,111.90,365.00,1,0,0
22337,3.304,61.80,205.00,1,0,0
22340,3.312,61.80,205.00,1,0,0
22342,3.308,62.00,205.00,1,0,1
22345,3.312,62.10,205.00,1,0,1
22357,3.308,61.80,205.00,1,0,0
22360,3.268,119.00,392.00,1,0,0
22362,3.312,63.40,205.00,1,0,1
22365,3.308,62.10,206.00,1,0,1
22367,3.308,62.00,205.00,1,0,1
22370,3.308,62.00,205.00,1,0,1
22372,3.312,62.00,205.00,1,0,0
22374,3.312,61.90,205.00,1,0,0
22377,3.312,61.90,205.00,1,0,0
22379,3.312,62.00,205.00,1,0,0
22382,3.268,154.30,503.00,1,0,1
22384,3.300,62.20,205.00,1,0,1
22387,3.308,61.90,205.00,1,0,1
22389,3.308,61.80,205.00,1,0,1
22402,3.312,61.80,205.00,1,0,0
22404,3.312,61.80,202.00,1,0,0
22407,3.284,98.60,326.00,1,0,1
22409,3.292,95.60,315.00,1,0,1
22412,3.308,63.20,210.00,1,0,1
22414,3.308,62.20,205.00,1,0,1
22417,3.308,74.80,247.00,1,0,0
22419,3.312,61.90,205.00,1,0,0
22422,3.312,61.80,205.00,1,0,0
22424,3.312,62.00,205.00,1,0,0
22427,3.308,62.60,206.00,1,0,1
22429,3.308,62.10,403.00,1,0,1
22432,3.268,70.10,233.00,1,0,1
22434,3.312,62.10,205.00,1,0,1
22447,3.312,62.70,208.00,1,0,1
22449,3.308,62.10,206.00,1,0,1
22452,3.308,62.00,459.00,1,0,1
22454,3.260,62.00,205.00,1,0,1
22457,3.308,64.50,213.00,1,0,0
22459,3.312,61.90,205.00,1,0,0
22462,3.312,62.00,205.00,1,0,0
22464,3.312,61.90,205.00,1,0,0
22467,3.312,62.00,205.00,1,0,1
22469,3.312,61.90,205.00,1,0,1
22472,3.312,62.30,206.00,1,0,1
22474,3.312,62.00,401.00,1,0,1
22476,3.276,71.30,236.00,1,0,0
22479,3.308,62.10,205.00,1,0,0
22492,3.312,62.90,208.00,1,0,1
22494,3.312,62.10,205.00,1,0,1
22497,3.308,62.00,234.00,1,0,0
22499,3.312,140.30,459.00,1,0,0
22501,3.280,67.70,224.00,1,0,0
22504,3.308,62.00,205.00,1,0,0
22506,3.312,63.10,208.00,1,0,1
22509,3.292,98.80,326.00,1,0,1
22511,3.292,98.40,305.00,1,0,1
22514,3.296,62.10,205.00,1,0,1
22516,3.308,62.10,205.00,1,0,0
22519,3.312,61.90,205.00,1,0,0
22521,3.308,144.80,472.00,1,0,0
22524,3.312,62.10,206.00,1,0,0
22536,3.312,62.20,205.00,1,0,0
22539,3.312,62.00,205.00,1,0,0
22541,3.312,62.00,203.00,1,0,0
22544,3.268,82.50,274.00,1,0,0
22546,3.312,62.10,223.00,1,0,1
22549,3.308,62.10,206.00,1,0,1
22551,3.312,62.10,205.00,1,0,1
22554,3.308,62.10,205.00,1,0,1
22556,3.312,62.10,223.00,1,0,0
22559,3.304,62.90,208.00,1,0,0
22561,3.308,62.00,205.00,1,0,0
22564,3.312,62.00,205.00,1,0,0
22566,3.308,121.30,396.00,1,0,1
22569,3.308,62.00,205.00,1,0,1
22581,3.312,62.00,205.00,1,0,0
22584,3.312,62.10,205.00,1,0,0
22586,3.308,62.70,208.00,1,0,1
22589,3.280,143.50,469.00,1,0,1
22591,3.308,62.10,208.00,1,0,1
22594,3.308,62.00,205.00,1,0,1
22596,3.308,62.10,205.00,1,0,0
22598,3.308,62.00,205.00,1,0,0
22601,3.308,62.00,205.00,1,0,0
22603,3.308,62.00,205.00,1,0,0
22606,3.308,62.00,205.00,1,0,1
22608,3.312,62.20,328.00,1,0,1
22611,3.276,100.90,333.00,1,0,1
22613,3.292,98.00,323.00,1,0,1
22626,3.312,65.90,218.00,1,1,0
22628,3.308,84.00,321.00,1,1,0
22631,3.288,91.30,300.00,1,1,0
22633,3.292,91.40,300.00,1,1,0
22636,3.288,91.40,300.00,1,1,0
22638,3.288,91.30,300.00,1,1,0
22641,3.288,91.50,301.00,1,1,0
22643,3.292,98.90,334.00,1,1,0
22646,3.292,99.40,326.00,1,1,0
22648,3.276,99.30,328.00,1,1,0
22651,3.292,99.10,326.00,1,1,0
22653,3.292,98.50,324.00,1,1,0
22656,3.292,98.70,324.00,1,1,0
22658,3.292,99.40,328.00,1,1,0
22671,3.292,98.80,326.00,1,1,0
22673,3.292,98.40,324.00,1,1,0
22676,3.292,98.50,324.00,1,1,0
22678,3.292,99.50,328.00,1,1,0
22681,3.284,103.70,338.00,1,1,0
22683,3.292,102.20,336.00,1,1,0
22686,3.292,102.40,338.00,1,1,0
22688,3.292,102.80,336.00,1,1,0
22691,3.276,101.30,333.00,1,1,0
22693,3.288,91.10,300.00,1,1,0
22695,3.288,91.20,300.00,1,1,0
22698,3.288,91.30,300.00,1,1,0
22700,3.288,91.50,301.00,1,1,0
22713,3.296,100.00,329.00,1,1,0
22716,3.292,99.30,328.00,1,1,0
22718,3.288,91.10,364.00,1,1,0
22721,3.292,98.40,323.00,1,1,0
22723,3.292,98.40,324.00,1,1,0
22725,3.292,98.20,324.00,1,1,0
22728,3.284,100.50,331.00,1,1,0
22730,3.292,98.90,326.00,1,1,0
22733,3.292,99.10,326.00,1,1,0
22735,3.292,99.60,328.00,1,1,0
22738,3.292,98.90,326.00,1,1,0
22740,3.292,102.60,339.00,1,1,0
22743,3.284,102.20,336.00,1,1,0
22755,3.288,91.40,300.00,1,1,0
22758,3.288,91.00,300.00,1,1,0
22760,3.292,91.20,300.00,1,1,0
22763,3.288,91.30,300.00,1,1,0
22765,3.288,90.00,297.00,1,1,0
22768,3.292,99.00,326.00,1,1,0
22770,3.292,98.80,336.00,1,1,0
22773,3.288,98.30,324.00,1,1,0
22775,3.292,98.60,324.00,1,1,0
22778,3.292,99.00,333.00,1,1,0
22780,3.280,98.90,326.00,1,1,0
22783,3.292,99.10,326.00,1,1,0
22785,3.292,99.10,326.00,1,1,0
22788,3.292,98.40,324.00,1,1,0
22805,3.296,102.20,336.00,1,1,0
22808,3.292,102.30,338.00,1,1,0
22810,3.296,102.50,338.00,1,1,0
22813,3.244,91.30,300.00,1,1,0
22815,3.288,91.40,301.00,1,1,0
22818,3.292,91.40,300.00,1,1,0
22820,3.288,91.20,300.00,1,1,0
22823,3.288,91.20,300.00,1,1,0
22825,3.292,93.50,308.00,1,1,0
22827,3.288,98.40,324.00,1,1,0
22830,3.292,98.90,334.00,1,1,0
22832,3.292,99.00,326.00,1,1,0
22835,3.292,98.40,324.00,1,1,0
22847,3.292,100.50,331.00,1,1,0
22850,3.292,98.60,324.00,1,1,0
22852,3.292,98.50,324.00,1,1,0
22855,3.292,99.80,329.00,1,1,0
22857,3.292,99.70,328.00,1,1,0
22860,3.292,98.90,324.00,1,1,0
22862,3.292,103.30,339.00,1,1,0
22865,3.288,102.70,338.00,1,1,0
22867,3.292,94.10,310.00,1,1,0
22870,3.288,103.10,338.00,1,1,0
22872,3.292,105.00,339.00,1,1,0
22875,3.292,91.10,300.00,1,1,0
22877,3.288,91.30,300.00,1,1,0
22890,3.292,98.30,324.00,1,1,0
22892,3.292,98.20,323.00,1,1,0
22895,3.292,98.90,328.00,1,1,0
22897,3.292,98.50,324.00,1,1,0
22900,3.292,98.30,324.00,1,1,0
22902,3.292,99.00,326.00,1,1,0
22905,3.292,99.50,328.00,1,1,0
22907,3.292,99.20,326.00,1,1,0
22910,3.288,99.50,324.00,1,1,0
22912,3.292,98.60,324.00,1,1,0
22915,3.288,97.60,321.00,1,1,0
22917,3.288,98.40,324.00,1,1,0
22920,3.292,99.20,323.00,1,1,0
22922,3.288,92.00,303.00,1,1,0
22935,3.276,91.40,300.00,1,1,0
22937,3.288,91.40,300.00,1,1,0
22940,3.288,91.20,300.00,1,1,0
22942,3.292,91.20,300.00,1,1,0
22945,3.288,91.40,300.00,1,1,0
22947,3.288,98.40,324.00,1,1,0
22949,3.292,98.50,324.00,1,1,0
22952,3.292,99.00,326.00,1,1,0
22954,3.292,98.10,323.00,1,1,0
22957,3.288,98.60,324.00,1,1,0
22959,3.292,98.30,324.00,1,1,0
22962,3.292,98.40,324.00,1,1,0
22964,3.292,99.30,328.00,1,1,0
22967,3.292,98.80,326.00,1,1,0
22979,3.292,98.60,324.00,1,1,0
22982,3.292,99.20,326.00,1,1,0
22984,3.292,102.50,338.00,1,1,0
22987,3.292,103.30,339.00,1,1,0
22989,3.260,91.20,300.00,1,1,0
22992,3.288,91.20,300.00,1,1,0
22994,3.288,98.20,323.00,1,1,0
22997,3.292,98.60,324.00,1,1,0
22999,3.292,98.90,324.00,1,1,0
23002,3.292,98.30,324.00,1,1,0
23004,3.292,100.40,331.00,1,1,0
23007,3.292,99.10,336.00,1,1,0
23009,3.292,98.30,324.00,1,1,0
23012,3.292,98.70,324.00,1,1,0
23024,3.292,91.70,301.00,1,1,0
23027,3.292,98.30,324.00,1,1,0
23029,3.292,98.40,324.00,1,1,0
23032,3.292,99.00,326.00,1,1,0
23034,3.292,98.60,324.00,1,1,0
23037,3.292,98.60,324.00,1,1,0
23039,3.292,119.60,392.00,1,0,1
23042,3.292,143.20,469.00,1,0,1
23044,3.280,122.70,469.00,1,0,0
23046,3.272,98.40,324.00,1,0,0
23049,3.292,98.60,324.00,1,0,0
23051,3.308,62.00,205.00,1,0,0
23054,3.312,61.90,205.00,1,0,1
23056,3.312,61.90,205.00,1,0,1
23069,3.312,61.90,205.00,1,0,0
23072,3.312,61.80,205.00,1,0,0
23074,3.312,61.90,208.00,1,0,1
23076,3.312,62.00,205.00,1,0,1
23079,3.312,62.00,205.00,1,0,1
23081,3.312,62.20,206.00,1,0,1
23084,3.312,62.00,205.00,1,0,0
23086,3.312,61.80,205.00,1,0,0
23089,3.264,109.50,215.00,1,0,0
23091,3.312,62.00,205.00,1,0,0
23094,3.312,62.00,205.00,1,0,1
23096,3.312,62.10,206.00,1,0,1
23099,3.308,62.10,205.00,1,0,1
23101,3.308,62.00,205.00,1,0,1
23114,3.312,62.00,205.00,1,0,1
23116,3.308,62.10,205.00,1,0,1
23119,3.312,62.00,205.00,1,0,1
23121,3.308,61.90,205.00,1,0,1
23124,3.308,62.00,205.00,1,0,0
23126,3.300,101.80,298.00,1,0,0
23129,3.288,62.10,206.00,1,0,0
23131,3.264,116.00,378.00,1,0,0
23134,3.300,62.10,205.00,1,0,1
23136,3.312,61.90,205.00,1,0,1
23139,3.308,61.90,205.00,1,0,1
23141,3.312,62.00,205.00,1,0,1
23143,3.308,62.00,205.00,1,0,0
23146,3.304,62.00,205.00,1,0,0
23159,3.312,62.00,205.00,1,0,1
23161,3.312,62.10,206.00,1,0,1
23164,3.312,62.10,205.00,1,0,0
23166,3.308,62.00,205.00,1,0,0
23169,3.308,61.90,205.00,1,0,0
23171,3.312,61.70,211.00,1,0,0
23173,3.312,137.40,449.00,1,0,1
23176,3.264,66.30,220.00,1,0,1
23178,3.312,62.10,206.00,1,0,1
23181,3.312,62.00,205.00,1,0,1
23183,3.308,62.00,205.00,1,0,0
23186,3.304,66.30,205.00,1,0,0
23188,3.312,61.80,205.00,1,0,0
23191,3.312,61.80,205.00,1,0,0
23203,3.308,62.00,205.00,1,0,0
23206,3.300,61.90,205.00,1,0,0
23208,3.312,61.90,205.00,1,0,0
23211,3.312,61.90,205.00,1,0,0
23213,3.312,61.90,457.00,1,0,1
23216,3.256,86.10,285.00,1,0,1
23218,3.312,62.00,205.00,1,0,1
23221,3.308,62.00,205.00,1,0,1
23223,3.312,61.90,205.00,1,0,0
23226,3.308,98.50,324.00,1,0,0
23228,3.288,98.60,324.00,1,0,0
23231,3.308,62.10,205.00,1,0,0
23233,3.308,62.10,206.00,1,0,1
23236,3.308,142.30,465.00,1,0,1
23248,3.312,62.10,205.00,1,0,0
23251,3.312,62.10,206.00,1,0,0
23253,3.312,62.00,205.00,1,0,1
23256,3.308,142.70,465.00,1,0,1
23258,3.292,62.30,206.00,1,0,1
23261,3.312,62.10,205.00,1,0,1
23263,3.308,62.20,206.00,1,0,0
23266,3.304,68.90,206.00,1,0,0
23268,3.312,62.10,206.00,1,0,0
23270,3.312,63.60,210.00,1,0,0
23273,3.312,62.00,205.00,1,0,1
23275,3.312,73.20,210.00,1,0,1
23278,3.312,146.20,477.00,1,0,1
23280,3.308,62.30,206.00,1,0,1
23293,3.312,62.00,205.00,1,0,1
23295,3.312,62.10,206.00,1,0,1
23298,3.312,138.40,452.00,1,0,1
23300,3.284,62.30,206.00,1,0,1
23303,3.312,62.20,206.00,1,0,0
23305,3.312,62.10,206.00,1,0,0
23308,3.308,62.10,205.00,1,0,0
23310,3.308,62.00,205.00,1,0,0
23313,3.312,62.00,205.00,1,0,0
23315,3.312,62.20,206.00,1,0,1
23318,3.308,62.30,206.00,1,0,1
23320,3.312,101.20,331.00,1,0,1
23323,3.276,64.60,213.00,1,0,1
23325,3.312,74.30,205.00,1,0,0
23338,3.312,62.10,206.00,1,0,1
23340,3.312,62.90,206.00,1,0,1
23343,3.312,62.00,205.00,1,0,1
23345,3.264,157.30,516.00,1,0,0
23348,3.284,62.10,205.00,1,0,0
23350,3.308,62.20,206.00,1,0,0
23353,3.312,62.10,206.00,1,0,0
23355,3.312,63.40,206.00,1,0,1
23358,3.312,62.00,205.00,1,0,1
23360,3.308,62.00,205.00,1,0,1
23363,3.308,62.10,205.00,1,0,1
23365,3.312,136.50,447.00,1,0,0
23367,3.264,64.70,215.00,1,0,0
23370,3.312,62.00,205.00,1,0,0
23383,3.308,62.20,206.00,1,0,1
23385,3.312,63.60,205.00,1,0,0
23388,3.312,143.10,467.00,1,0,0
23390,3.268,67.50,223.00,1,0,0
23392,3.312,62.00,205.00,1,0,0
23395,3.308,63.20,210.00,1,0,1
23397,3.312,62.10,205.00,1,0,1
23400,3.312,63.30,206.00,1,0,1
23402,3.308,62.10,205.00,1,0,1
23405,3.308,72.60,241.00,1,0,0
23407,3.312,62.00,205.00,1,0,0
23410,3.312,61.90,202.00,1,0,0
23412,3.276,94.20,311.00,1,0,0
23415,3.308,62.10,206.00,1,0,1
23427,3.312,61.90,205.00,1,0,0
23430,3.312,95.40,324.00,1,0,0
23432,3.292,99.00,326.00,1,0,0
23435,3.264,137.20,452.00,1,0,1
23437,3.300,62.20,206.00,1,0,1
23440,3.312,62.70,208.00,1,0,1
23442,3.312,62.00,205.00,1,0,1
23445,3.312,62.00,228.00,1,0,0
23447,3.312,62.00,205.00,1,0,0
23450,3.312,62.10,206.00,1,0,0
23452,3.312,62.10,205.00,1,0,0
23455,3.312,72.30,239.00,1,0,1
23457,3.312,62.00,205.00,1,0,1
23460,3.264,139.50,213.00,1,0,1
23472,3.312,62.00,205.00,1,0,0
23475,3.312,61.80,205.00,1,0,1
23477,3.308,61.90,205.00,1,0,1
23480,3.268,94.10,306.00,1,0,1
23482,3.304,62.30,206.00,1,0,1
23485,3.308,69.10,228.00,1,0,0
23487,3.308,62.00,205.00,1,0,0
23489,3.312,61.90,205.00,1,0,0
23492,3.312,61.90,205.00,1,0,0
23494,3.312,61.90,205.00,1,0,1
23497,3.312,62.20,206.00,1,0,1
23499,3.312,63.00,206.00,1,0,1
23502,3.256,109.20,357.00,1,0,1
23504,3.312,62.10,247.00,1,0,0
23517,3.312,62.20,206.00,1,0,1
23519,3.312,62.80,208.00,1,0,1
23522,3.312,61.90,205.00,1,0,1
23524,3.312,61.90,470.00,1,0,0
23527,3.264,104.10,344.00,1,0,0
23529,3.312,62.10,206.00,1,0,0
23532,3.312,87.00,287.00,1,0,0
23534,3.292,102.80,328.00,1,0,1
23537,3.292,65.30,216.00,1,0,1
23539,3.312,62.10,206.00,1,0,1
23542,3.312,61.90,205.00,1,0,1
23544,3.308,62.10,205.00,1,0,0
23547,3.312,140.30,460.00,1,0,0
23549,3.268,72.70,206.00,1,0,0
23562,3.308,62.10,206.00,1,0,1
23564,3.312,65.70,216.00,1,0,0
23567,3.312,62.20,206.00,1,0,0
23569,3.312,62.00,205.00,1,0,0
23572,3.312,119.30,392.00,1,0,0
23574,3.312,62.00,205.00,1,0,1
23577,3.312,62.10,205.00,1,0,1
23579,3.308,63.20,210.00,1,0,1
23582,3.308,62.20,206.00,1,0,1
23584,3.308,62.20,206.00,1,0,0
23587,3.312,62.00,205.00,1,0,0
23589,3.312,61.90,205.00,1,0,0
23591,3.312,61.90,205.00,1,0,0
23594,3.312,61.90,462.00,1,0,1
23607,3.312,61.90,205.00,1,0,0
23609,3.312,61.90,205.00,1,0,0
23612,3.312,62.10,205.00,1,0,0
23614,3.312,62.10,208.00,1,0,1
23616,3.308,109.80,359.00,1,0,1
23619,3.312,62.10,205.00,1,0,1
23621,3.312,62.10,206.00,1,0,1
23624,3.312,62.00,205.00,1,0,0
23626,3.308,62.00,205.00,1,0,0
23629,3.312,62.00,205.00,1,0,0
23631,3.308,62.10,205.00,1,0,0
23634,3.308,74.60,246.00,1,0,1
23636,3.292,98.20,323.00,1,0,1
23639,3.292,90.90,203.00,1,0,1
23651,3.312,62.00,205.00,1,0,0
23654,3.308,61.80,205.00,1,0,1
23656,3.308,61.90,205.00,1,0,1
23659,3.308,62.00,206.00,1,0,1
23661,3.312,163.50,534.00,1,0,1
23664,3.308,62.30,206.00,1,0,0
23666,3.308,62.20,206.00,1,0,0
23669,3.312,61.90,205.00,1,0,0
23671,3.308,61.80,205.00,1,0,0
23674,3.312,61.90,205.00,1,0,1
23676,3.308,62.00,205.00,1,0,1
23679,3.308,62.20,206.00,1,0,1
23681,3.308,62.20,206.00,1,0,1
23684,3.308,70.50,231.00,1,0,0
23696,3.308,62.20,206.00,1,0,1
23699,3.312,62.30,206.00,1,0,1
23701,3.312,62.00,205.00,1,0,1
23704,3.312,61.90,205.00,1,0,0
23706,3.304,120.10,393.00,1,0,0
23709,3.312,62.00,205.00,1,0,0
23711,3.308,62.00,206.00,1,0,0
23713,3.308,62.10,206.00,1,0,1
23716,3.308,62.30,206.00,1,0,1
23718,3.308,62.10,206.00,1,0,1
23721,3.312,61.90,205.00,1,0,1
23723,3.308,61.90,205.00,1,0,0
23726,3.300,62.00,205.00,1,0,0
23728,3.312,115.10,378.00,1,0,0
23741,3.292,95.20,218.00,1,0,1
23743,3.308,62.20,206.00,1,0,0
23746,3.304,68.50,226.00,1,0,0
23748,3.308,62.00,234.00,1,0,0
23751,3.268,134.10,442.00,1,0,0
23753,3.308,62.00,205.00,1,0,1
23756,3.300,62.10,205.00,1,0,1
23758,3.308,62.10,206.00,1,0,1
23761,3.308,62.10,205.00,1,0,1
23763,3.308,62.30,206.00,1,0,0
23766,3.308,62.00,205.00,1,0,0
23768,3.308,62.00,205.00,1,0,0
23771,3.312,61.80,205.00,1,0,0
23773,3.308,105.00,346.00,1,0,1
23786,3.308,71.20,205.00,1,0,0
23788,3.312,62.00,205.00,1,0,0
23791,3.308,62.10,206.00,1,0,0
23793,3.312,62.10,205.00,1,0,1
23796,3.312,143.90,472.00,1,0,1
23798,3.308,62.10,205.00,1,0,1
23801,3.308,62.10,206.00,1,0,1
23803,3.312,62.00,205.00,1,0,0
23806,3.300,61.90,205.00,1,0,0
23808,3.312,62.00,205.00,1,0,0
23810,3.312,62.00,205.00,1,0,0
23813,3.312,62.10,206.00,1,0,1
23815,3.308,69.30,206.00,1,0,1
23818,3.312,143.10,467.00,1,0,1
23831,3.308,61.90,205.00,1,0,0
23833,3.308,62.00,205.00,1,0,1
23836,3.312,62.00,205.00,1,0,1
23838,3.312,130.00,426.00,1,0,1
23840,3.280,98.40,324.00,1,0,1
23843,3.292,101.10,333.00,1,0,0
23845,3.304,74.70,206.00,1,0,0
23848,3.312,62.00,205.00,1,0,0
23850,3.312,61.90,205.00,1,0,0
23853,3.312,62.00,205.00,1,0,1
23855,3.312,62.20,206.00,1,0,1
23858,3.312,62.00,205.00,1,0,1
23860,3.312,62.90,460.00,1,0,1
23863,3.264,62.20,206.00,1,0,1
23875,3.312,62.20,206.00,1,0,1
23878,3.308,62.20,206.00,1,0,1
23880,3.308,62.10,205.00,1,0,1
23883,3.308,103.20,338.00,1,0,1
23885,3.260,113.80,377.00,1,0,0
23888,3.312,62.10,206.00,1,0,0
23890,3.312,62.00,205.00,1,0,0
23893,3.312,62.10,206.00,1,0,0
23895,3.312,63.30,210.00,1,0,1
23898,3.308,62.10,206.00,1,0,1
23900,3.312,62.00,205.00,1,0,1
23903,3.312,62.10,206.00,1,0,1
23905,3.312,63.00,454.00,1,0,0
23908,3.292,72.00,239.00,1,0,0
23920,3.312,62.20,206.00,1,0,1
23923,3.308,62.10,206.00,1,0,1
23925,3.308,70.80,203.00,1,0,0
23928,3.288,138.90,455.00,1,0,0
23930,3.312,62.00,205.00,1,0,0
23933,3.312,62.10,205.00,1,0,0
23935,3.308,62.20,206.00,1,0,1
23937,3.308,62.20,206.00,1,0,1
23940,3.312,63.20,203.00,1,0,1
23942,3.288,98.10,326.00,1,0,1
23945,3.292,110.10,362.00,1,0,0
23947,3.312,141.40,460.00,1,0,0
23950,3.292,82.70,206.00,1,0,0
23952,3.312,62.10,206.00,1,0,0
23965,3.312,69.10,229.00,1,0,0
23967,3.308,62.00,205.00,1,0,0
23970,3.296,123.90,392.00,1,0,0
23972,3.276,62.10,206.00,1,0,0
23975,3.312,63.20,210.00,1,0,1
23977,3.312,62.10,205.00,1,0,1
23980,3.312,62.10,205.00,1,0,1
23982,3.308,62.10,205.00,1,0,1
23985,3.312,62.10,206.00,1,0,0
23987,3.312,64.70,215.00,1,0,0
23990,3.312,62.00,205.00,1,0,0
23992,3.284,122.60,439.00,1,0,0
23995,3.284,67.60,224.00,1,0,1
23997,3.312,62.10,206.00,1,0,1
24010,3.308,61.90,205.00,1,0,0
24012,3.312,62.00,205.00,1,0,0
24015,3.288,150.90,238.00,1,0,1
24017,3.312,62.20,206.00,1,0,1
24020,3.312,63.20,210.00,1,0,1
24022,3.308,62.10,206.00,1,0,1
24025,3.312,74.40,246.00,1,0,0
24027,3.312,61.90,205.00,1,0,0
24030,3.312,62.00,205.00,1,0,0
24032,3.312,62.00,205.00,1,0,0
24034,3.312,62.70,208.00,1,0,1
24037,3.280,122.50,406.00,1,0,1
24039,3.284,63.30,210.00,1,0,1
24042,3.312,62.00,205.00,1,0,1
24055,3.312,71.80,238.00,1,0,1
24057,3.312,62.10,206.00,1,0,1
24060,3.308,62.00,205.00,1,0,1
24062,3.312,120.30,396.00,1,0,1
24064,3.308,62.00,205.00,1,0,0
24067,3.312,62.00,206.00,1,0,0
24069,3.312,62.00,205.00,1,0,0
24072,3.308,62.00,205.00,1,0,0
24074,3.312,61.90,205.00,1,0,1
24077,3.308,62.00,205.00,1,0,1
24079,3.308,62.00,205.00,1,0,1
24082,3.312,62.00,206.00,1,0,1
24084,3.312,89.30,290.00,1,0,0
24087,3.296,62.10,206.00,1,0,0
24099,3.308,63.00,208.00,1,0,1
24102,3.308,62.10,206.00,1,0,1
24104,3.312,62.10,242.00,1,0,0
24107,3.308,61.90,205.00,1,0,0
24109,3.312,143.20,467.00,1,0,0
24112,3.264,67.60,205.00,1,0,0
24114,3.308,61.90,205.00,1,0,1
24117,3.312,62.30,206.00,1,0,1
24119,3.312,62.10,210.00,1,0,1
24122,3.308,62.00,205.00,1,0,1
24124,3.308,61.90,205.00,1,0,0
24127,3.312,61.90,205.00,1,0,0
24129,3.312,61.90,205.00,1,0,0
24131,3.276,122.90,401.00,1,0,0
24144,3.312,62.00,205.00,1,0,0
24147,3.304,103.90,323.00,1,0,0
24149,3.288,98.20,315.00,1,0,0
24152,3.288,62.70,208.00,1,0,0
24154,3.312,62.00,205.00,1,0,1
24157,3.268,87.30,244.00,1,0,1
24159,3.312,62.10,206.00,1,0,1
24161,3.312,62.00,205.00,1,0,1
24164,3.312,62.00,208.00,1,0,0
24166,3.300,62.10,206.00,1,0,0
24169,3.312,62.10,206.00,1,0,0
24171,3.312,62.00,205.00,1,0,0
24174,3.312,61.80,205.00,1,0,1
24176,3.264,87.40,283.00,1,0,1
24189,3.312,61.90,205.00,1,0,0
24191,3.312,61.90,213.00,1,0,0
24194,3.312,61.90,205.00,1,0,1
24196,3.308,62.10,206.00,1,0,1
24199,3.312,62.20,206.00,1,0,1
24201,3.268,112.50,460.00,1,0,1
24204,3.304,62.10,206.00,1,0,0
24206,3.312,61.90,205.00,1,0,0
24209,3.312,61.80,205.00,1,0,0
24211,3.312,61.90,205.00,1,0,0
24214,3.312,62.10,206.00,1,0,1
24216,3.312,62.20,206.00,1,0,1
24219,3.312,62.00,205.00,1,0,1
24221,3.308,93.20,305.00,1,0,1
24234,3.312,62.10,205.00,1,0,1
24236,3.308,62.20,205.00,1,0,1
24239,3.308,62.00,205.00,1,0,1
24241,3.308,61.90,205.00,1,0,1
24244,3.312,61.90,205.00,1,0,0
24246,3.304,119.70,392.00,1,0,0
24249,3.308,106.50,351.00,1,0,0
24251,3.292,98.50,324.00,1,0,0
24254,3.292,91.00,298.00,1,0,1
24256,3.288,62.00,205.00,1,0,1
24258,3.308,62.00,205.00,1,0,1
24261,3.308,61.90,206.00,1,0,1
24263,3.308,62.10,205.00,1,0,0
24266,3.296,62.10,206.00,1,0,0
24279,3.308,62.20,206.00,1,0,1
24281,3.308,62.20,206.00,1,0,1
24283,3.312,62.20,206.00,1,0,0
24286,3.308,61.90,205.00,1,0,0
24288,3.308,61.90,205.00,1,0,0
24291,3.308,61.90,205.00,1,0,0
24293,3.312,82.50,270.00,1,0,1
24296,3.268,127.00,206.00,1,0,1
24298,3.308,62.30,206.00,1,0,1
24301,3.312,62.10,205.00,1,0,1
24303,3.308,61.90,205.00,1,0,0
24306,3.308,73.70,205.00,1,0,0
24308,3.312,61.90,205.00,1,0,0
24311,3.312,62.00,205.00,1,0,0
24323,3.312,62.00,205.00,1,0,0
24326,3.300,62.00,205.00,1,0,0
24328,3.312,62.00,205.00,1,0,0
24331,3.312,62.00,205.00,1,0,0
24333,3.312,62.10,205.00,1,0,1
24336,3.308,62.00,205.00,1,0,1
24338,3.312,62.00,205.00,1,0,1
24341,3.312,61.90,401.00,1,0,1
24343,3.272,62.20,206.00,1,0,0
24346,3.304,62.10,206.00,1,0,0
24348,3.312,62.10,206.00,1,0,0
24351,3.312,99.50,328.00,1,0,0
24353,3.292,98.10,323.00,1,0,1
24355,3.280,77.60,206.00,1,0,1
24368,3.308,62.00,205.00,1,0,0
24371,3.312,62.00,205.00,1,0,0
24373,3.312,61.90,205.00,1,0,1
24376,3.308,62.20,206.00,1,0,1
24378,3.308,62.20,205.00,1,0,1
24380,3.308,62.20,206.00,1,0,1
24383,3.272,124.50,406.00,1,0,0
24385,3.308,73.30,205.00,1,0,0
24388,3.312,62.00,205.00,1,0,0
24390,3.308,61.90,205.00,1,0,0
24393,3.312,62.10,205.00,1,0,1
24395,3.312,62.20,206.00,1,0,1
24398,3.308,62.20,206.00,1,0,1
24400,3.308,62.10,206.00,1,0,1
24413,3.308,62.10,205.00,1,0,1
24415,3.308,72.90,206.00,1,0,1
24418,3.308,62.10,205.00,1,0,1
24420,3.308,62.00,205.00,1,0,1
24423,3.312,62.00,203.00,1,0,0
24425,3.264,90.60,298.00,1,0,0
24428,3.312,62.10,206.00,1,0,0
24430,3.312,62.10,206.00,1,0,0
24433,3.312,62.00,205.00,1,0,0
24435,3.308,62.00,205.00,1,0,1
24438,3.312,62.00,205.00,1,0,1
24440,3.312,62.10,205.00,1,0,1
24443,3.312,62.10,205.00,1,0,1
24445,3.308,68.70,206.00,1,0,0
24458,3.292,91.00,301.00,1,0,1
24460,3.312,63.10,205.00,1,0,1
24463,3.312,62.00,205.00,1,0,1
24465,3.312,77.90,257.00,1,0,0
24468,3.312,61.80,205.00,1,0,0
24470,3.312,140.00,457.00,1,0,0
24473,3.252,100.00,331.00,1,0,0
24475,3.312,66.20,205.00,1,0,1
24477,3.312,62.00,205.00,1,0,1
24480,3.312,63.00,208.00,1,0,1
24482,3.312,61.90,205.00,1,0,1
24485,3.308,70.10,233.00,1,0,0
24487,3.312,61.80,205.00,1,0,0
24490,3.312,61.90,205.00,1,0,0
24503,3.312,61.90,205.00,1,0,1
24505,3.312,61.90,205.00,1,0,0
24507,3.312,61.90,205.00,1,0,0
24510,3.312,62.00,205.00,1,0,0
24512,3.288,122.50,444.00,1,0,0
24515,3.312,62.00,205.00,1,0,1
24517,3.308,62.00,205.00,1,0,1
24520,3.312,61.90,205.00,1,0,1
24522,3.308,61.90,205.00,1,0,1
24525,3.308,65.30,216.00,1,0,0
24527,3.312,61.90,205.00,1,0,0
24530,3.312,61.80,205.00,1,0,0
24532,3.312,61.80,203.00,1,0,0
24535,3.268,141.20,216.00,1,0,1
24547,3.312,61.80,205.00,1,0,0
24550,3.312,61.90,205.00,1,0,0
24552,3.312,61.80,205.00,1,0,0
24555,3.312,62.40,261.00,1,0,1
24557,3.284,99.50,328.00,1,0,1
24560,3.292,98.00,323.00,1,0,1
24562,3.312,62.20,206.00,1,0,1
24565,3.312,62.10,249.00,1,0,0
24567,3.308,62.00,205.00,1,0,0
24570,3.312,61.90,205.00,1,0,0
24572,3.312,62.00,205.00,1,0,0
24575,3.312,62.70,208.00,1,0,1
24577,3.312,62.10,206.00,1,0,1
24579,3.312,62.00,206.00,1,0,1
24592,3.312,62.10,206.00,1,0,0
24595,3.312,72.30,239.00,1,0,1
24597,3.312,62.10,206.00,1,0,1
24600,3.308,62.10,205.00,1,0,1
24602,3.308,62.00,205.00,1,0,1
24604,3.312,95.30,311.00,1,0,0
24607,3.264,110.50,206.00,1,0,0
24609,3.312,62.10,206.00,1,0,0
24612,3.312,61.90,205.00,1,0,0
24614,3.312,61.90,205.00,1,0,1
24617,3.312,62.10,205.00,1,0,1
24619,3.312,62.60,208.00,1,0,1
24622,3.312,62.00,205.00,1,0,1
24624,3.312,62.10,236.00,1,0,0
24637,3.312,62.10,205.00,1,0,1
24639,3.312,63.00,208.00,1,0,1
24642,3.308,62.10,206.00,1,0,1
24644,3.308,62.00,241.00,1,0,0
24647,3.312,61.90,205.00,1,0,0
24649,3.272,99.40,324.00,1,0,0
24652,3.312,62.00,206.00,1,0,0
24654,3.312,68.40,226.00,1,0,1
24657,3.308,62.20,206.00,1,0,1
24659,3.284,98.30,326.00,1,0,1
24662,3.288,90.90,300.00,1,0,1
24664,3.300,62.00,205.00,1,0,0
24667,3.312,61.90,205.00,1,0,0
24669,3.312,62.00,205.00,1,0,0
24682,3.312,61.90,205.00,1,0,1
24684,3.312,62.20,205.00,1,0,0
24687,3.312,61.90,205.00,1,0,0
24689,3.312,61.90,205.00,1,0,0
24692,3.312,61.90,205.00,1,0,0
24694,3.312,140.10,457.00,1,0,1
24697,3.252,70.00,206.00,1,0,1
24699,3.312,62.00,205.00,1,0,1
24701,3.308,62.10,206.00,1,0,1
24704,3.312,62.00,224.00,1,0,0
24706,3.304,61.90,205.00,1,0,0
24709,3.312,61.80,205.00,1,0,0
24711,3.312,61.90,205.00,1,0,0
24714,3.312,61.90,205.00,1,0,1
24726,3.312,61.90,205.00,1,0,0
24729,3.312,61.90,205.00,1,0,0
24731,3.308,61.90,205.00,1,0,0
24734,3.312,62.00,208.00,1,0,1
24736,3.312,62.00,205.00,1,0,1
24739,3.308,140.10,460.00,1,0,1
24741,3.264,70.40,205.00,1,0,1
24744,3.308,61.90,205.00,1,0,0
24746,3.308,61.90,205.00,1,0,0
24749,3.312,61.90,205.00,1,0,0
24751,3.312,61.90,205.00,1,0,0
24754,3.312,61.90,205.00,1,0,1
24756,3.312,62.00,205.00,1,0,1
24759,3.308,61.90,205.00,1,0,1
24771,3.312,62.00,205.00,1,0,0
24774,3.312,61.90,205.00,1,0,1
24776,3.308,62.00,205.00,1,0,1
24779,3.308,62.00,206.00,1,0,1
24781,3.312,62.00,205.00,1,0,1
24784,3.312,62.20,203.00,1,0,0
24786,3.268,96.60,206.00,1,0,0
24789,3.312,62.00,205.00,1,0,0
24791,3.312,61.90,205.00,1,0,0
24794,3.312,61.90,205.00,1,0,1
24796,3.312,62.00,205.00,1,0,1
24798,3.312,62.10,206.00,1,0,1
24805,3.312,74.00,205.00,1,0,0
24808,3.312,140.00,460.00,1,0,0
24810,3.264,70.80,234.00,1,0,0
24813,3.308,61.90,205.00,1,0,0
24815,3.308,62.10,205.00,1,0,1
24818,3.312,62.10,205.00,1,0,1
24820,3.308,63.10,205.00,1,0,1
24823,3.312,61.90,205.00,1,0,1
24835,3.284,71.00,206.00,1,0,1
24838,3.312,62.10,205.00,1,0,1
24840,3.308,62.00,205.00,1,0,1
24843,3.312,61.90,205.00,1,0,1
24845,3.312,63.50,210.00,1,0,0
24848,3.312,62.00,205.00,1,0,0
24850,3.312,62.10,205.00,1,0,0
24852,3.312,61.90,205.00,1,0,0
24855,3.312,62.70,208.00,1,0,1
24857,3.284,145.90,319.00,1,0,1
24860,3.304,62.00,205.00,1,0,1
24862,3.308,62.00,203.00,1,0,1
24865,3.292,103.00,324.00,1,0,0
24867,3.292,91.00,300.00,1,0,0
24880,3.308,64.80,472.00,1,0,1
24882,3.280,62.20,206.00,1,0,1
24885,3.312,70.70,234.00,1,0,0
24887,3.312,62.00,205.00,1,0,0
24890,3.308,61.80,205.00,1,0,0
24892,3.312,61.90,205.00,1,0,0
24895,3.312,61.80,205.00,1,0,1
24897,3.312,62.10,206.00,1,0,1
24900,3.312,63.00,208.00,1,0,1
24902,3.276,122.90,408.00,1,0,1
24905,3.284,74.40,246.00,1,0,0
24907,3.312,61.90,205.00,1,0,0
24910,3.312,64.60,205.00,1,0,0
24912,3.312,62.00,205.00,1,0,0
24925,3.312,61.90,467.00,1,0,0
24927,3.260,61.90,205.00,1,0,0
24930,3.312,62.00,205.00,1,0,0
24932,3.312,62.00,205.00,1,0,0
24935,3.312,63.30,210.00,1,0,1
24937,3.312,61.90,205.00,1,0,1
24940,3.308,61.90,205.00,1,0,1
24942,3.312,61.90,205.00,1,0,1
24945,3.312,61.90,205.00,1,0,0
24947,3.312,62.00,205.00,1,0,0
24950,3.312,111.30,364.00,1,0,0
24952,3.312,62.10,206.00,1,0,0
24954,3.312,61.90,221.00,1,0,1
24957,3.308,62.00,205.00,1,0,1
24970,3.288,79.10,262.00,1,0,0
24972,3.264,145.60,475.00,1,0,0
24975,3.312,61.90,205.00,1,0,1
24977,3.312,61.90,205.00,1,0,1
24979,3.312,63.10,208.00,1,0,1
24982,3.312,62.00,205.00,1,0,1
24984,3.308,62.00,256.00,1,0,0
24987,3.312,61.80,205.00,1,0,0
24989,3.312,61.80,205.00,1,0,0
24992,3.312,61.80,205.00,1,0,0
24994,3.312,62.50,205.00,1,0,1
24997,3.280,142.30,470.00,1,0,1
24999,3.312,62.10,210.00,1,0,1
25002,3.312,61.90,205.00,1,0,1
25014,3.312,72.10,239.00,1,0,1
25017,3.312,62.10,206.00,1,0,1
25019,3.292,122.80,467.00,1,0,1
25022,3.280,61.90,205.00,1,0,1
25024,3.308,61.90,205.00,1,0,0
25027,3.312,61.90,205.00,1,0,0
25029,3.312,61.90,205.00,1,0,0
25032,3.312,61.90,205.00,1,0,0
25034,3.312,62.00,205.00,1,0,1
25037,3.312,61.90,205.00,1,0,1
25039,3.312,127.60,419.00,1,0,1
25042,3.272,81.40,269.00,1,0,1
25044,3.312,62.00,211.00,1,0,0
25047,3.304,61.90,205.00,1,0,0
25059,3.312,62.60,208.00,1,0,1
25062,3.264,144.40,474.00,1,0,1
25064,3.304,62.10,242.00,1,0,0
25067,3.312,62.00,205.00,1,0,0
25069,3.288,99.00,326.00,1,0,0
25072,3.292,98.40,300.00,1,0,0
25074,3.300,61.90,205.00,1,0,1
25076,3.304,62.00,205.00,1,0,1
25079,3.312,62.10,206.00,1,0,1
25081,3.312,62.10,206.00,1,0,1
25084,3.312,143.70,469.00,1,0,0
25086,3.284,74.10,246.00,1,0,0
25089,3.312,61.80,205.00,1,0,0
25091,3.312,61.90,205.00,1,0,0
25104,3.308,61.80,202.00,1,0,0
25106,3.276,96.30,318.00,1,0,0
25109,3.308,61.90,205.00,1,0,0
25111,3.312,62.00,205.00,1,0,0
25114,3.312,64.60,215.00,1,0,1
25116,3.308,62.00,205.00,1,0,1
25119,3.312,62.10,205.00,1,0,1
25121,3.308,61.90,205.00,1,0,1
25124,3.312,61.90,205.00,1,0,0
25126,3.260,140.30,464.00,1,0,0
25129,3.312,62.00,205.00,1,0,0
25131,3.312,62.00,205.00,1,0,0
25134,3.312,61.90,205.00,1,0,1
25136,3.304,61.90,205.00,1,0,1
25149,3.312,111.60,364.00,1,0,0
25151,3.284,66.60,221.00,1,0,0
25154,3.312,62.00,205.00,1,0,1
25156,3.308,61.90,205.00,1,0,1
25159,3.312,62.10,206.00,1,0,1
25161,3.312,62.00,206.00,1,0,1
25164,3.312,62.10,206.00,1,0,0
25166,3.312,61.90,205.00,1,0,0
25169,3.312,61.90,365.00,1,0,0
25171,3.264,98.70,324.00,1,0,0
25173,3.288,97.90,323.00,1,0,1
25176,3.308,62.20,206.00,1,0,1
25178,3.312,62.10,206.00,1,0,1
25181,3.312,62.10,205.00,1,0,1
25194,3.312,62.10,206.00,1,0,1
25196,3.312,62.20,206.00,1,0,1
25199,3.308,62.10,205.00,1,0,1
25201,3.308,62.10,206.00,1,0,1
25203,3.312,62.00,205.00,1,0,0
25206,3.300,62.00,205.00,1,0,0
25208,3.308,62.00,205.00,1,0,0
25211,3.260,129.00,424.00,1,0,0
25213,3.312,62.20,205.00,1,0,1
25216,3.308,62.10,205.00,1,0,1
25218,3.308,62.00,205.00,1,0,1
25221,3.308,61.90,208.00,1,0,1
25223,3.312,62.00,205.00,1,0,0
25226,3.304,62.00,205.00,1,0,0
25238,3.312,62.10,206.00,1,0,1
25241,3.308,62.10,206.00,1,0,1
25243,3.312,62.10,206.00,1,0,0
25246,3.312,64.50,213.00,1,0,0
25248,3.312,62.00,205.00,1,0,0
25251,3.312,62.00,203.00,1,0,0
25253,3.276,123.40,405.00,1,0,1
25256,3.304,62.20,206.00,1,0,1
25258,3.312,62.20,206.00,1,0,1
25261,3.312,62.20,206.00,1,0,1
25263,3.312,62.10,206.00,1,0,0
25266,3.312,73.30,205.00,1,0,0
25268,3.312,62.00,205.00,1,0,0
25270,3.312,62.00,205.00,1,0,0
25283,3.308,61.90,205.00,1,0,0
25286,3.300,64.10,213.00,1,0,0
25288,3.312,61.80,205.00,1,0,0
25291,3.312,61.80,205.00,1,0,0
25293,3.308,61.80,205.00,1,0,1
25296,3.312,61.90,457.00,1,0,1
25298,3.260,70.60,234.00,1,0,1
25300,3.308,62.00,205.00,1,0,1
25303,3.312,61.90,205.00,1,0,0
25305,3.312,61.80,205.00,1,0,0
25308,3.312,61.80,205.00,1,0,0
25310,3.312,61.80,205.00,1,0,0
25313,3.312,61.80,205.00,1,0,0
25315,3.304,62.40,206.00,1,0,1
25328,3.312,61.80,205.00,1,0,0
25330,3.312,61.90,205.00,1,0,0
25333,3.312,61.80,205.00,1,0,1
25335,3.312,62.00,205.00,1,0,1
25338,3.312,61.90,205.00,1,0,1
25340,3.308,89.70,431.00,1,0,1
25343,3.264,62.00,205.00,1,0,1
25345,3.308,72.70,241.00,1,0,0
25348,3.312,61.80,205.00,1,0,0
25350,3.312,61.90,205.00,1,0,0
25353,3.312,61.90,205.00,1,0,0
25355,3.312,62.70,205.00,1,0,1
25358,3.312,61.90,205.00,1,0,1
25360,3.312,62.10,206.00,1,0,1
25373,3.312,61.90,205.00,1,0,0
25375,3.312,99.80,326.00,1,0,1
25378,3.292,98.20,323.00,1,0,1
25380,3.288,92.40,306.00,1,0,1
25383,3.312,62.00,205.00,1,0,1
25385,3.312,142.40,467.00,1,0,0
25388,3.276,62.00,205.00,1,0,0
25390,3.312,61.90,205.00,1,0,0
25393,3.312,62.00,205.00,1,0,0
25395,3.312,61.90,205.00,1,0,1
25397,3.308,62.00,205.00,1,0,1
25400,3.312,62.00,205.00,1,0,1
25402,3.308,62.10,206.00,1,0,1
25405,3.312,68.70,228.00,1,0,0
25418,3.312,62.10,206.00,1,0,1
25420,3.312,63.10,205.00,1,0,1
25422,3.308,62.10,206.00,1,0,1
25425,3.312,75.20,249.00,1,0,0
25427,3.312,61.80,205.00,1,0,0
25430,3.312,61.90,205.00,1,0,0
25432,3.312,62.00,205.00,1,0,0
25435,3.264,115.50,367.00,1,0,1
25437,3.308,62.10,206.00,1,0,1
25440,3.312,63.40,210.00,1,0,1
25442,3.312,61.90,205.00,1,0,1
25445,3.312,61.90,233.00,1,0,0
25447,3.312,61.80,205.00,1,0,0
25450,3.312,62.00,205.00,1,0,0
25462,3.312,61.90,205.00,1,0,1
25465,3.312,62.00,205.00,1,0,0
25467,3.312,62.00,205.00,1,0,0
25470,3.312,62.00,205.00,1,0,0
25472,3.312,61.90,205.00,1,0,0
25475,3.312,61.90,205.00,1,0,1
25477,3.312,84.10,277.00,1,0,1
25480,3.292,98.20,326.00,1,0,1
25482,3.292,62.10,206.00,1,0,1
25485,3.308,65.80,218.00,1,0,0
25487,3.312,61.90,205.00,1,0,0
25490,3.312,61.80,205.00,1,0,0
25492,3.316,61.80,205.00,1,0,0
25494,3.312,61.80,205.00,1,0,1
25507,3.312,61.80,205.00,1,0,0
25510,3.312,61.80,205.00,1,0,0
25512,3.312,61.80,205.00,1,0,0
25515,3.308,62.50,206.00,1,0,1
25517,3.312,62.00,206.00,1,0,1
25519,3.312,62.50,206.00,1,0,1
25522,3.312,62.00,205.00,1,0,1
25524,3.264,123.00,505.00,1,0,0
25527,3.304,61.80,205.00,1,0,0
25529,3.312,61.90,205.00,1,0,0
25532,3.312,62.00,205.00,1,0,0
25534,3.312,63.20,210.00,1,0,1
25537,3.312,61.90,205.00,1,0,1
25539,3.312,61.80,205.00,1,0,1
25552,3.312,61.90,205.00,1,0,0
25554,3.312,61.80,238.00,1,0,1
25557,3.312,61.90,205.00,1,0,1
25559,3.308,61.90,205.00,1,0,1
25562,3.312,61.80,205.00,1,0,1
25564,3.312,63.00,206.00,1,0,0
25567,3.276,142.50,467.00,1,0,0
25569,3.312,62.00,205.00,1,0,0
25572,3.312,61.80,205.00,1,0,0
25574,3.312,61.70,205.00,1,0,1
25577,3.312,61.90,205.00,1,0,1
25579,3.312,71.40,234.00,1,0,1
25582,3.292,100.90,333.00,1,0,1
25584,3.288,98.60,277.00,1,0,0
25597,3.312,62.10,206.00,1,0,1
25599,3.312,62.10,210.00,1,0,1
25602,3.312,62.10,206.00,1,0,1
25604,3.312,61.90,205.00,1,0,0
25607,3.312,61.90,205.00,1,0,0
25609,3.312,61.80,205.00,1,0,0
25612,3.312,61.90,205.00,1,0,0
25614,3.260,130.30,333.00,1,0,1
25617,3.308,62.20,206.00,1,0,1
25619,3.312,62.10,206.00,1,0,1
25621,3.312,61.90,205.00,1,0,1
25624,3.312,61.90,205.00,1,0,0
25626,3.308,61.90,205.00,1,0,0
25629,3.312,61.90,205.00,1,0,0
25642,3.312,61.90,205.00,1,0,1
25644,3.308,62.20,205.00,1,0,0
25646,3.300,62.00,205.00,1,0,0
25649,3.312,62.00,205.00,1,0,0
25651,3.312,62.00,205.00,1,0,0
25654,3.312,61.80,205.00,1,0,1
25656,3.312,61.90,205.00,1,0,1
25659,3.264,143.30,231.00,1,0,1
25661,3.312,62.10,205.00,1,0,1
25664,3.308,62.10,206.00,1,0,0
25666,3.308,62.00,205.00,1,0,0
25669,3.312,61.80,205.00,1,0,0
25671,3.312,61.80,205.00,1,0,0
25674,3.312,61.90,205.00,1,0,1
25686,3.284,95.10,218.00,1,1,0
25689,3.312,65.90,218.00,1,1,0
25691,3.308,65.90,218.00,1,1,0
25694,3.312,66.00,218.00,1,1,0
25696,3.312,107.30,352.00,1,1,0
25699,3.284,98.90,326.00,1,1,0
25701,3.292,98.90,324.00,1,1,0
25704,3.292,98.70,324.00,1,1,0
25706,3.292,93.40,306.00,1,1,0
25709,3.288,91.30,300.00,1,1,0
25711,3.292,91.30,300.00,1,1,0
25714,3.288,91.50,301.00,1,1,0
25716,3.292,91.50,301.00,1,1,0
25718,3.292,91.80,323.00,1,1,0
25731,3.292,98.80,334.00,1,1,0
25734,3.292,90.00,297.00,1,1,0
25736,3.288,94.80,311.00,1,1,0
25739,3.284,100.00,324.00,1,1,0
25741,3.292,99.10,326.00,1,1,0
25743,3.292,98.80,326.00,1,1,0
25746,3.292,104.40,333.00,1,1,0
25748,3.288,102.40,336.00,1,1,0
25751,3.280,102.60,338.00,1,1,0
25753,3.292,102.40,338.00,1,1,0
25756,3.296,102.30,336.00,1,1,0
25758,3.292,99.30,328.00,1,1,0
25761,3.288,99.30,324.00,1,1,0
25773,3.288,91.20,300.00,1,1,0
25776,3.292,98.80,324.00,1,1,0
25778,3.292,98.40,324.00,1,1,0
25781,3.292,98.30,324.00,1,1,0
25783,3.292,98.20,326.00,1,1,0
25786,3.288,98.60,324.00,1,1,0
25788,3.288,98.40,323.00,1,1,0
25791,3.288,93.80,326.00,1,1,0
25793,3.296,98.50,324.00,1,1,0
25796,3.292,98.60,324.00,1,1,0
25798,3.288,98.30,324.00,1,1,0
25801,3.292,102.40,338.00,1,1,0
25803,3.292,98.40,324.00,1,1,0
25806,3.292,98.30,326.00,1,1,0
25818,3.292,107.20,351.00,1,1,0
25821,3.268,91.20,300.00,1,1,0
25823,3.288,91.30,300.00,1,1,0
25826,3.288,91.20,300.00,1,1,0
25828,3.288,91.30,300.00,1,1,0
25831,3.292,91.40,300.00,1,1,0
25833,3.292,99.10,326.00,1,1,0
25836,3.292,99.40,297.00,1,1,0
25838,3.288,92.20,303.00,1,1,0
25841,3.292,99.00,326.00,1,1,0
25843,3.292,98.60,324.00,1,1,0
25845,3.292,99.40,326.00,1,1,0
25848,3.292,98.40,323.00,1,1,0
25850,3.288,98.40,324.00,1,1,0
25863,3.292,102.20,336.00,1,1,0
25866,3.292,99.60,324.00,1,1,0
25868,3.292,99.80,328.00,1,1,0
25870,3.292,102.30,338.00,1,1,0
25873,3.292,103.10,339.00,1,1,0
25875,3.292,102.60,338.00,1,1,0
25878,3.280,102.80,338.00,1,1,0
25880,3.272,109.20,311.00,1,1,0
25883,3.288,91.30,300.00,1,1,0
25885,3.288,91.30,300.00,1,1,0
25888,3.288,91.20,300.00,1,1,0
25890,3.288,91.40,301.00,1,1,0
25893,3.288,91.50,301.00,1,1,0
25905,3.292,98.30,324.00,1,1,0
25908,3.292,99.70,324.00,1,1,0
25910,3.292,98.60,324.00,1,1,0
25913,3.292,99.00,326.00,1,1,0
25915,3.288,98.30,323.00,1,1,0
25918,3.292,98.80,329.00,1,1,0
25920,3.292,98.40,323.00,1,1,0
25923,3.292,98.40,323.00,1,1,0
25925,3.288,98.30,324.00,1,1,0
25928,3.292,98.30,323.00,1,1,0
25930,3.292,101.20,333.00,1,1,0
25933,3.288,91.40,301.00,1,1,0
25935,3.288,99.50,328.00,1,1,0
25938,3.292,99.90,329.00,1,1,0
25950,3.288,98.80,324.00,1,1,0
25953,3.288,98.80,324.00,1,1,0
25955,3.292,99.00,326.00,1,1,0
25958,3.288,98.40,324.00,1,1,0
25960,3.288,92.20,323.00,1,1,0
25963,3.292,97.40,321.00,1,1,0
25965,3.292,101.40,333.00,1,1,0
25968,3.292,100.60,331.00,1,1,0
25970,3.292,98.50,324.00,1,1,0
25972,3.292,98.20,323.00,1,1,0
25975,3.292,99.10,326.00,1,1,0
25977,3.292,98.80,324.00,1,1,0
25980,3.292,98.60,323.00,1,0,1
25982,3.272,98.50,324.00,1,0,1
25995,3.288,78.30,259.00,1,0,1
25998,3.308,62.20,206.00,1,0,1
26000,3.312,62.20,206.00,1,0,1
26002,3.312,62.20,206.00,1,0,1
26005,3.312,62.10,206.00,1,0,0
26007,3.312,167.30,549.00,1,0,0
26010,3.308,62.20,206.00,1,0,0
26012,3.312,62.00,205.00,1,0,0
26015,3.312,62.10,206.00,1,0,0
26017,3.312,62.10,206.00,1,0,1
26020,3.312,62.20,206.00,1,0,1
26022,3.312,63.60,206.00,1,0,1
26025,3.312,62.10,206.00,1,0,1
26027,3.312,76.20,252.00,1,0,0
26040,3.308,62.20,206.00,1,0,1
26042,3.312,63.20,205.00,1,0,1
26045,3.308,62.10,205.00,1,0,1
26047,3.308,71.00,234.00,1,0,0
26050,3.312,62.10,205.00,1,0,0
26052,3.312,143.30,474.00,1,0,0
26055,3.312,62.00,205.00,1,0,0
26057,3.312,63.30,205.00,1,0,1
26060,3.308,62.10,206.00,1,0,1
26062,3.312,62.10,206.00,1,0,1
26065,3.312,62.10,205.00,1,0,1
26067,3.312,62.10,206.00,1,0,0
26069,3.312,62.10,206.00,1,0,0
26072,3.312,62.00,205.00,1,0,0
26085,3.312,62.20,206.00,1,0,1
26087,3.312,65.30,205.00,1,0,0
26090,3.308,62.00,205.00,1,0,0
26092,3.308,105.50,347.00,1,0,0
26095,3.288,99.20,323.00,1,0,0
26097,3.288,62.20,206.00,1,0,1
26099,3.264,144.70,475.00,1,0,1
26102,3.280,67.30,206.00,1,0,1
26104,3.312,62.20,206.00,1,0,1
26107,3.312,75.40,249.00,1,0,0
26109,3.312,62.00,205.00,1,0,0
26112,3.312,62.00,205.00,1,0,0
26114,3.312,62.00,205.00,1,0,0
26117,3.312,62.70,206.00,1,0,1
26129,3.312,62.00,205.00,1,0,0
26132,3.312,62.10,206.00,1,0,0
26134,3.312,62.20,206.00,1,0,0
26137,3.312,62.90,208.00,1,0,1
26139,3.308,62.20,206.00,1,0,1
26142,3.312,114.40,375.00,1,0,1
26144,3.260,95.50,316.00,1,0,1
26147,3.308,62.20,215.00,1,0,0
26149,3.312,62.20,206.00,1,0,0
26152,3.312,62.10,206.00,1,0,0
26154,3.312,62.10,206.00,1,0,0
26157,3.312,72.70,241.00,1,0,1
26159,3.312,62.10,206.00,1,0,1
26162,3.312,62.00,206.00,1,0,1
26174,3.312,62.00,205.00,1,0,0
26177,3.312,62.00,205.00,1,0,1
26179,3.312,62.10,206.00,1,0,1
26182,3.308,62.70,208.00,1,0,1
26184,3.312,62.30,206.00,1,0,1
26187,3.312,71.30,236.00,1,0,0
26189,3.284,145.50,475.00,1,0,0
26192,3.312,62.00,205.00,1,0,0
26194,3.312,105.00,346.00,1,0,0
26196,3.292,98.30,323.00,1,0,1
26199,3.292,93.70,206.00,1,0,1
26201,3.312,63.30,210.00,1,0,1
26204,3.312,62.10,206.00,1,0,1
26206,3.312,62.00,254.00,1,0,0
26219,3.312,62.10,205.00,1,0,1
26221,3.308,63.30,210.00,1,0,1
26224,3.312,61.90,205.00,1,0,1
26226,3.312,61.90,205.00,1,0,0
26229,3.312,61.80,205.00,1,0,0
26231,3.312,62.00,205.00,1,0,0
26234,3.300,124.30,406.00,1,0,0
26236,3.260,92.90,210.00,1,0,1
26239,3.312,62.00,205.00,1,0,1
26241,3.308,62.00,205.00,1,0,1
26244,3.312,61.90,205.00,1,0,1
26246,3.308,62.30,205.00,1,0,0
26249,3.312,62.00,205.00,1,0,0
26251,3.312,62.00,205.00,1,0,0
26264,3.312,62.10,206.00,1,0,1
26266,3.312,67.70,224.00,1,0,0
26269,3.312,62.00,205.00,1,0,0
26271,3.312,61.80,205.00,1,0,0
26274,3.308,76.60,251.00,1,0,0
26276,3.272,68.00,224.00,1,0,1
26279,3.312,62.00,205.00,1,0,1
26281,3.308,62.10,208.00,1,0,1
26284,3.308,62.10,206.00,1,0,1
26286,3.308,62.10,205.00,1,0,0
26289,3.312,61.80,205.00,1,0,0
26291,3.312,61.90,205.00,1,0,0
26293,3.312,61.90,205.00,1,0,0
26296,3.312,62.00,354.00,1,0,1
26309,3.312,61.90,205.00,1,0,0
26311,3.312,62.00,205.00,1,0,0
26314,3.312,62.00,205.00,1,0,0
26316,3.312,62.00,208.00,1,0,1
26318,3.312,92.50,301.00,1,0,1
26321,3.308,62.00,205.00,1,0,1
26323,3.312,62.00,205.00,1,0,1
26326,3.312,62.00,205.00,1,0,0
26328,3.300,62.00,205.00,1,0,0
26331,3.312,62.10,206.00,1,0,0
26333,3.312,62.00,206.00,1,0,0
26336,3.312,61.90,205.00,1,0,1
26338,3.312,62.00,205.00,1,0,1
26341,3.312,62.00,205.00,1,0,1
26353,3.312,61.90,205.00,1,0,0
26356,3.312,61.90,205.00,1,0,1
26358,3.308,61.90,205.00,1,0,1
26361,3.308,62.00,208.00,1,0,1
26363,3.312,62.10,206.00,1,0,1
26366,3.312,140.30,460.00,1,0,0
26368,3.264,70.50,205.00,1,0,0
26371,3.312,61.90,205.00,1,0,0
26373,3.312,61.80,205.00,1,0,0
26376,3.312,61.80,205.00,1,0,1
26378,3.312,62.00,205.00,1,0,1
26381,3.312,62.20,206.00,1,0,1
26383,3.308,62.10,206.00,1,0,1
26386,3.312,62.00,205.00,1,0,0
26398,3.312,62.20,290.00,1,0,1
26401,3.288,93.70,308.00,1,0,1
26403,3.288,93.90,310.00,1,0,1
26406,3.308,61.90,205.00,1,0,0
26408,3.304,61.80,205.00,1,0,0
26411,3.272,134.70,439.00,1,0,0
26413,3.308,62.10,205.00,1,0,0
26415,3.312,62.00,205.00,1,0,1
26418,3.312,61.90,205.00,1,0,1
26420,3.308,61.90,205.00,1,0,1
26423,3.312,61.90,205.00,1,0,1
26425,3.308,62.00,205.00,1,0,0
26428,3.300,61.90,205.00,1,0,0
26430,3.312,61.90,203.00,1,0,0
26443,3.312,62.00,205.00,1,0,1
26445,3.312,62.00,205.00,1,0,0
26448,3.308,61.90,205.00,1,0,0
26450,3.312,62.70,205.00,1,0,0
26453,3.312,61.80,205.00,1,0,0
26455,3.312,61.80,202.00,1,0,1
26458,3.268,87.30,205.00,1,0,1
26460,3.308,62.10,206.00,1,0,1
26463,3.308,62.10,205.00,1,0,1
26465,3.308,62.10,205.00,1,0,0
26468,3.308,61.80,205.00,1,0,0
26470,3.312,61.80,205.00,1,0,0
26473,3.312,61.80,205.00,1,0,0
26475,3.312,61.80,205.00,1,0,1
26488,3.304,66.90,205.00,1,0,0
26490,3.308,61.90,205.00,1,0,0
26493,3.312,61.90,205.00,1,0,0
26495,3.312,61.90,205.00,1,0,1
26498,3.312,62.00,205.00,1,0,1
26500,3.308,62.40,203.00,1,0,1
26503,3.280,98.30,311.00,1,0,1
26505,3.288,90.90,300.00,1,0,0
26508,3.296,62.10,206.00,1,0,0
26510,3.312,62.00,205.00,1,0,0
26513,3.312,62.10,206.00,1,0,0
26515,3.308,62.10,205.00,1,0,1
26517,3.308,68.00,206.00,1,0,1
26520,3.312,62.20,206.00,1,0,1
26533,3.312,62.00,205.00,1,0,0
26535,3.312,61.90,205.00,1,0,1
26538,3.312,62.00,205.00,1,0,1
26540,3.312,62.00,205.00,1,0,1
26542,3.308,62.10,206.00,1,0,1
26545,3.308,62.10,205.00,1,0,0
26547,3.308,70.80,383.00,1,0,0
26550,3.272,62.90,208.00,1,0,0
26552,3.312,62.20,206.00,1,0,0
26555,3.312,61.90,205.00,1,0,0
26557,3.312,62.10,205.00,1,0,1
26560,3.308,62.10,206.00,1,0,1
26562,3.312,63.20,205.00,1,0,1
26565,3.308,62.10,206.00,1,0,1
26577,3.312,62.20,206.00,1,0,1
26580,3.312,62.20,206.00,1,0,1
26582,3.308,62.20,206.00,1,0,1
26585,3.312,62.10,206.00,1,0,1
26587,3.312,62.00,205.00,1,0,0
26590,3.312,62.00,205.00,1,0,0
26592,3.312,62.10,205.00,1,0,0
26595,3.312,111.10,365.00,1,0,0
26597,3.276,99.30,328.00,1,0,1
26600,3.312,62.10,206.00,1,0,1
26602,3.312,62.00,205.00,1,0,1
26605,3.280,100.80,333.00,1,0,1
26607,3.292,103.50,324.00,1,0,0
26610,3.292,62.00,205.00,1,0,0
26622,3.312,62.00,205.00,1,0,1
26625,3.312,62.00,205.00,1,0,1
26627,3.312,73.00,205.00,1,0,0
26630,3.312,61.90,205.00,1,0,0
26632,3.312,61.90,205.00,1,0,0
26635,3.312,61.90,205.00,1,0,0
26637,3.312,61.80,206.00,1,0,1
26639,3.312,62.00,205.00,1,0,1
26642,3.280,123.20,403.00,1,0,1
26644,3.284,62.10,205.00,1,0,1
26647,3.308,74.20,246.00,1,0,0
26649,3.312,62.00,205.00,1,0,0
26652,3.312,61.90,205.00,1,0,0
26654,3.312,61.90,205.00,1,0,0
26667,3.308,66.50,220.00,1,0,0
26669,3.312,61.90,205.00,1,0,0
26672,3.312,61.90,205.00,1,0,0
26674,3.308,62.00,205.00,1,0,0
26677,3.312,62.90,208.00,1,0,1
26679,3.308,62.00,205.00,1,0,1
26682,3.312,62.00,205.00,1,0,1
26684,3.308,62.00,205.00,1,0,1
26687,3.312,140.70,283.00,1,0,0
26689,3.248,62.00,205.00,1,0,0
26692,3.312,62.00,205.00,1,0,0
26694,3.308,61.80,205.00,1,0,0
26697,3.308,61.90,215.00,1,0,1
26699,3.308,62.10,206.00,1,0,1
26712,3.288,61.90,205.00,1,0,0
26714,3.312,61.90,205.00,1,0,0
26717,3.308,61.90,205.00,1,0,1
26719,3.308,62.00,205.00,1,0,1
26722,3.312,63.20,210.00,1,0,1
26724,3.308,62.00,205.00,1,0,1
26727,3.308,75.30,249.00,1,0,0
26729,3.312,61.90,205.00,1,0,0
26732,3.264,143.00,205.00,1,0,0
26734,3.312,62.00,205.00,1,0,0
26736,3.312,63.10,210.00,1,0,1
26739,3.312,62.00,205.00,1,0,1
26741,3.308,62.00,208.00,1,0,1
26744,3.308,61.90,205.00,1,0,1
26757,3.312,73.10,242.00,1,0,1
26759,3.308,62.00,205.00,1,0,1
26762,3.312,62.00,205.00,1,0,1
26764,3.308,61.90,205.00,1,0,1
26766,3.312,62.00,205.00,1,0,0
26769,3.312,62.00,205.00,1,0,0
26771,3.308,61.90,205.00,1,0,0
26774,3.308,140.40,457.00,1,0,0
26776,3.292,95.00,205.00,1,0,1
26779,3.312,62.00,205.00,1,0,1
26781,3.308,61.90,205.00,1,0,1
26784,3.308,62.10,205.00,1,0,1
26786,3.308,66.00,218.00,1,0,0
26789,3.312,61.90,205.00,1,0,0
26801,3.308,63.10,208.00,1,0,1
26808,3.312,61.80,324.00,1,0,0
26811,3.292,98.70,326.00,1,0,0
26813,3.292,91.00,300.00,1,0,0
26816,3.312,62.00,205.00,1,0,1
26818,3.304,62.20,205.00,1,0,1
26821,3.304,139.50,460.00,1,0,1
26823,3.308,62.10,205.00,1,0,1
26825,3.312,62.00,205.00,1,0,0
26828,3.308,61.90,205.00,1,0,0
26830,3.312,62.00,205.00,1,0,0
26833,3.312,62.10,206.00,1,0,0
26835,3.312,62.00,205.00,1,0,1
26838,3.312,62.00,205.00,1,0,1
26840,3.308,62.10,469.00,1,0,1
26853,3.312,62.00,205.00,1,0,0
26855,3.308,62.00,205.00,1,0,1
26858,3.312,61.90,205.00,1,0,1
26860,3.312,62.00,205.00,1,0,1
26863,3.264,87.60,316.00,1,0,1
26865,3.304,62.20,206.00,1,0,0
26868,3.300,62.10,206.00,1,0,0
26870,3.312,62.10,205.00,1,0,0
26873,3.312,62.00,205.00,1,0,0
26875,3.312,61.90,205.00,1,0,1
26878,3.304,62.70,205.00,1,0,1
26880,3.308,62.10,206.00,1,0,1
26883,3.312,62.10,205.00,1,0,1
26885,3.308,62.10,462.00,1,0,0
26898,3.308,62.10,206.00,1,0,1
26900,3.312,62.20,206.00,1,0,1
26903,3.312,62.10,206.00,1,0,1
26905,3.312,62.10,205.00,1,0,0
26908,3.312,137.40,449.00,1,0,0
26910,3.280,62.00,205.00,1,0,0
26913,3.292,98.00,323.00,1,0,0
26915,3.292,98.20,272.00,1,0,1
26918,3.312,62.10,206.00,1,0,1
26920,3.308,61.90,205.00,1,0,1
26923,3.312,62.70,205.00,1,0,1
26925,3.308,61.90,205.00,1,0,0
26927,3.304,68.50,226.00,1,0,0
26930,3.312,61.90,203.00,1,0,0
26943,3.308,61.90,205.00,1,0,1
26945,3.312,62.00,205.00,1,0,0
26948,3.300,62.00,205.00,1,0,0
26950,3.312,62.00,205.00,1,0,0
26952,3.312,131.70,434.00,1,0,0
26955,3.304,62.00,205.00,1,0,1
26957,3.312,64.40,205.00,1,0,1
26960,3.312,61.80,205.00,1,0,1
26962,3.312,62.10,206.00,1,0,1
26965,3.312,62.00,205.00,1,0,1
26967,3.312,68.30,205.00,1,0,0
26970,3.312,61.90,205.00,1,0,0
26972,3.312,61.80,205.00,1,0,0
26975,3.268,146.30,292.00,1,0,0
26987,3.312,74.20,205.00,1,0,0
26990,3.312,61.70,205.00,1,0,0
26992,3.312,61.80,205.00,1,0,0
26995,3.312,61.80,205.00,1,0,0
26997,3.312,159.60,523.00,1,0,1
27000,3.312,62.10,206.00,1,0,1
27002,3.312,63.20,205.00,1,0,1
27005,3.308,61.80,205.00,1,0,1
27007,3.308,70.10,233.00,1,0,0
27010,3.312,61.80,205.00,1,0,0
27012,3.312,62.00,205.00,1,0,0
27015,3.304,98.10,323.00,1,0,0
27017,3.292,101.40,334.00,1,0,1
27020,3.292,91.20,205.00,1,0,1
27032,3.312,61.90,205.00,1,0,0
27035,3.312,62.00,205.00,1,0,0
27037,3.312,61.90,205.00,1,0,1
27040,3.312,61.80,205.00,1,0,1
27042,3.312,61.80,205.00,1,0,1
27045,3.264,139.30,457.00,1,0,1
27047,3.308,65.30,205.00,1,0,0
27049,3.312,61.90,205.00,1,0,0
27052,3.312,61.90,205.00,1,0,0
27054,3.312,61.80,205.00,1,0,0
27057,3.312,61.90,205.00,1,0,1
27059,3.312,64.60,215.00,1,0,1
27062,3.308,62.70,205.00,1,0,1
27064,3.312,160.50,524.00,1,0,1
27077,3.312,62.10,205.00,1,0,1
27079,3.312,62.00,205.00,1,0,1
27082,3.312,62.80,208.00,1,0,1
27084,3.312,62.00,202.00,1,0,1
27087,3.268,178.90,591.00,1,0,0
27089,3.312,61.80,205.00,1,0,0
27092,3.312,61.70,205.00,1,0,0
27094,3.312,61.90,205.00,1,0,0
27097,3.312,63.10,210.00,1,0,1
27099,3.312,62.00,205.00,1,0,1
27102,3.308,61.90,205.00,1,0,1
27104,3.312,61.80,205.00,1,0,1
27107,3.268,139.50,311.00,1,0,0
27109,3.284,61.90,205.00,1,0,0
27122,3.292,92.90,205.00,1,0,1
27124,3.312,62.00,205.00,1,0,1
27127,3.312,63.30,208.00,1,0,0
27129,3.292,176.30,318.00,1,0,0
27132,3.312,62.10,206.00,1,0,0
27134,3.312,62.00,205.00,1,0,0
27137,3.312,61.90,205.00,1,0,1
27139,3.308,62.00,205.00,1,0,1
27142,3.312,62.20,206.00,1,0,1
27144,3.312,62.10,205.00,1,0,1
27146,3.308,71.00,234.00,1,0,0
27149,3.312,99.40,326.00,1,0,0
27151,3.268,109.60,205.00,1,0,0
27154,3.312,61.90,205.00,1,0,0
27167,3.308,62.10,252.00,1,0,0
27169,3.308,140.10,457.00,1,0,0
27172,3.288,104.90,347.00,1,0,0
27174,3.312,61.90,205.00,1,0,0
27176,3.312,68.40,226.00,1,0,1
27179,3.312,62.20,206.00,1,0,1
27181,3.312,62.20,210.00,1,0,1
27184,3.308,62.00,205.00,1,0,1
27186,3.308,62.00,205.00,1,0,0
27189,3.308,61.90,205.00,1,0,0
27191,3.308,61.90,205.00,1,0,0
27194,3.276,103.00,336.00,1,0,0
27196,3.288,62.10,210.00,1,0,1
27199,3.308,62.10,205.00,1,0,1
27211,3.312,62.00,205.00,1,0,0
27214,3.312,139.80,457.00,1,0,0
27216,3.284,104.00,205.00,1,0,1
27219,3.308,98.40,324.00,1,0,1
27221,3.292,98.30,324.00,1,0,1
27224,3.296,62.10,205.00,1,0,1
27226,3.312,62.10,223.00,1,0,0
27229,3.300,62.00,205.00,1,0,0
27231,3.312,62.00,205.00,1,0,0
27234,3.312,62.00,205.00,1,0,0
27236,3.312,61.90,203.00,1,0,1
27239,3.276,141.10,467.00,1,0,1
27241,3.308,62.20,210.00,1,0,1
27243,3.312,62.10,206.00,1,0,1
27256,3.312,62.80,208.00,1,0,1
27259,3.308,62.10,206.00,1,0,1
27261,3.284,123.00,470.00,1,0,1
27264,3.284,62.10,205.00,1,0,1
27266,3.312,62.10,205.00,1,0,0
27268,3.312,62.00,208.00,1,0,0
27271,3.312,61.90,205.00,1,0,0
27273,3.312,62.00,205.00,1,0,0
27276,3.312,62.00,205.00,1,0,1
27278,3.312,62.10,206.00,1,0,1
27281,3.312,62.00,205.00,1,0,1
27283,3.264,122.70,405.00,1,0,1
27286,3.308,62.10,205.00,1,0,0
27288,3.300,62.00,205.00,1,0,0
27301,3.308,62.10,205.00,1,0,1
27303,3.308,61.90,205.00,1,0,1
27306,3.312,62.10,474.00,1,0,0
27308,3.276,69.80,231.00,1,0,0
27311,3.312,62.00,205.00,1,0,0
27313,3.312,62.00,205.00,1,0,0
27316,3.312,62.00,205.00,1,0,1
27318,3.312,62.10,206.00,1,0,1
27321,3.312,90.50,326.00,1,0,1
27323,3.292,99.50,328.00,1,0,1
27326,3.288,62.20,206.00,1,0,0
27328,3.308,62.00,205.00,1,0,0
27331,3.312,141.10,360.00,1,0,0
27333,3.264,62.10,206.00,1,0,0
27346,3.312,62.00,205.00,1,0,0
27348,3.312,61.90,205.00,1,0,0
27351,3.312,61.90,205.00,1,0,0
27353,3.312,62.00,203.00,1,0,0
27356,3.260,141.10,467.00,1,0,1
27358,3.308,62.20,205.00,1,0,1
27361,3.308,62.20,206.00,1,0,1
27363,3.308,62.10,206.00,1,0,1
27366,3.312,62.10,205.00,1,0,0
27368,3.304,61.90,205.00,1,0,0
27370,3.308,62.00,205.00,1,0,0
27373,3.312,62.00,205.00,1,0,0
27375,3.312,62.00,356.00,1,0,1
27378,3.276,102.10,338.00,1,0,1
27391,3.312,62.00,205.00,1,0,0
27393,3.312,62.00,205.00,1,0,0
27395,3.312,61.90,205.00,1,0,1
27398,3.312,119.50,392.00,1,0,1
27400,3.308,62.10,206.00,1,0,1
27403,3.312,62.20,206.00,1,0,1
27405,3.312,62.10,206.00,1,0,0
27408,3.308,62.00,205.00,1,0,0
27410,3.312,62.00,205.00,1,0,0
27413,3.312,62.00,205.00,1,0,0
27415,3.312,62.00,205.00,1,0,1
27418,3.300,62.10,282.00,1,0,1
27420,3.276,122.70,406.00,1,0,1
27423,3.312,79.20,261.00,1,0,1
27435,3.312,62.00,205.00,1,0,1
27438,3.312,62.10,206.00,1,0,1
27440,3.312,89.40,474.00,1,0,1
27443,3.280,62.00,205.00,1,0,1
27445,3.312,62.00,205.00,1,0,0
27448,3.304,69.90,205.00,1,0,0
27450,3.312,62.00,205.00,1,0,0
27453,3.312,62.00,205.00,1,0,0
27455,3.312,62.00,205.00,1,0,1
27458,3.312,62.00,205.00,1,0,1
27460,3.308,62.00,205.00,1,0,1
27462,3.308,61.90,203.00,1,0,1
27465,3.264,102.80,338.00,1,0,0
27467,3.300,62.10,206.00,1,0,0
27480,3.308,62.00,205.00,1,0,1
27483,3.312,62.00,205.00,1,0,1
27485,3.308,62.10,205.00,1,0,0
27488,3.292,119.60,392.00,1,0,0
27490,3.312,62.10,206.00,1,0,0
27492,3.312,61.80,205.00,1,0,0
27495,3.312,61.80,205.00,1,0,1
27497,3.312,62.00,205.00,1,0,1
27500,3.312,62.00,206.00,1,0,1
27502,3.312,62.10,206.00,1,0,1
27505,3.312,62.00,205.00,1,0,1
27507,3.312,74.50,205.00,1,0,0
27510,3.312,140.30,459.00,1,0,0
27512,3.256,69.80,231.00,1,0,0
27525,3.312,66.20,218.00,1,0,0
27527,3.284,110.80,364.00,1,0,0
27530,3.292,97.90,285.00,1,0,0
27532,3.284,131.70,436.00,1,0,0
27535,3.312,62.10,205.00,1,0,0
27537,3.312,72.40,206.00,1,0,1
27540,3.312,62.00,205.00,1,0,1
27542,3.312,61.90,205.00,1,0,1
27545,3.312,62.00,205.00,1,0,1
27547,3.312,63.50,210.00,1,0,0
27550,3.312,62.00,205.00,1,0,0
27552,3.312,62.00,416.00,1,0,0
27555,3.264,64.10,213.00,1,0,0
27557,3.312,62.30,206.00,1,0,1
27570,3.312,62.00,205.00,1,0,0
27572,3.308,62.10,203.00,1,0,0
27575,3.280,125.70,413.00,1,0,0
27577,3.284,62.00,205.00,1,0,1
27580,3.308,61.90,205.00,1,0,1
27582,3.308,63.00,205.00,1,0,1
27585,3.308,62.10,205.00,1,0,1
27587,3.308,72.30,239.00,1,0,0
27589,3.312,61.90,205.00,1,0,0
27592,3.312,61.80,205.00,1,0,0
27594,3.312,61.80,205.00,1,0,0
27597,3.312,139.80,506.00,1,0,1
27599,3.264,62.20,206.00,1,0,1
27602,3.312,63.20,210.00,1,0,1
27614,3.312,62.00,205.00,1,0,0
27617,3.312,62.70,206.00,1,0,1
27619,3.312,111.40,364.00,1,0,1
27622,3.264,67.20,223.00,1,0,1
27624,3.312,62.00,205.00,1,0,1
27627,3.312,65.20,215.00,1,0,0
27629,3.284,98.20,323.00,1,0,0
27632,3.288,93.00,306.00,1,0,0
27634,3.312,62.00,205.00,1,0,0
27637,3.312,62.80,208.00,1,0,1
27639,3.312,61.90,203.00,1,0,1
27642,3.276,131.10,206.00,1,0,1
27644,3.312,61.90,205.00,1,0,1
27647,3.312,62.60,206.00,1,0,0
27659,3.312,61.90,205.00,1,0,1
27662,3.312,61.90,236.00,1,0,1
27664,3.272,134.00,444.00,1,0,1
27667,3.312,68.80,228.00,1,0,0
27669,3.312,62.10,205.00,1,0,0
27672,3.312,61.80,205.00,1,0,0
27674,3.312,64.50,213.00,1,0,0
27677,3.312,61.80,205.00,1,0,1
27679,3.312,62.10,206.00,1,0,1
27682,3.312,62.90,208.00,1,0,1
27684,3.312,62.10,206.00,1,0,1
27686,3.280,122.70,547.00,1,0,0
27689,3.292,61.80,205.00,1,0,0
27691,3.312,61.90,205.00,1,0,0
27704,3.312,61.90,205.00,1,0,1
27707,3.312,61.90,423.00,1,0,0
27709,3.276,62.00,205.00,1,0,0
27711,3.312,62.00,205.00,1,0,0
27714,3.312,62.00,205.00,1,0,0
27716,3.312,72.40,239.00,1,0,1
27719,3.312,62.10,206.00,1,0,1
27721,3.312,62.00,205.00,1,0,1
27724,3.312,61.90,205.00,1,0,1
27726,3.312,61.90,205.00,1,0,0
27729,3.312,62.00,203.00,1,0,0
27731,3.288,98.30,323.00,1,0,0
27734,3.288,98.10,323.00,1,0,0
27736,3.312,61.90,205.00,1,0,1
27749,3.312,62.00,205.00,1,0,0
27751,3.312,62.00,205.00,1,0,0
27754,3.312,104.80,342.00,1,0,0
27756,3.268,109.60,362.00,1,0,1
27759,3.312,62.00,205.00,1,0,1
27761,3.312,63.30,210.00,1,0,1
27764,3.312,62.00,205.00,1,0,1
27766,3.312,62.10,247.00,1,0,0
27769,3.312,61.80,205.00,1,0,0
27771,3.312,61.80,205.00,1,0,0
27774,3.312,61.80,205.00,1,0,0
27776,3.312,65.60,216.00,1,0,1
27779,3.308,136.50,447.00,1,0,1
27781,3.268,66.80,210.00,1,0,1
27794,3.312,61.90,205.00,1,0,0
27796,3.312,62.00,208.00,1,0,1
27799,3.312,62.10,206.00,1,0,1
27801,3.280,122.60,401.00,1,0,1
27804,3.292,62.00,205.00,1,0,1
27806,3.312,61.90,205.00,1,0,0
27808,3.316,61.80,205.00,1,0,0
27811,3.312,61.90,205.00,1,0,0
27813,3.312,62.00,205.00,1,0,0
27816,3.312,62.00,205.00,1,0,1
27818,3.312,62.00,205.00,1,0,1
27821,3.312,61.90,205.00,1,0,1
27823,3.308,61.90,205.00,1,0,1
27826,3.264,141.60,223.00,1,0,0
27838,3.312,61.90,205.00,1,0,1
27841,3.312,62.00,206.00,1,0,1
27843,3.312,62.00,205.00,1,0,1
27846,3.312,62.00,205.00,1,0,0
27848,3.308,62.00,400.00,1,0,0
27851,3.276,62.00,205.00,1,0,0
27853,3.312,61.90,205.00,1,0,0
27856,3.312,61.80,205.00,1,0,1
27858,3.308,61.90,205.00,1,0,1
27861,3.312,62.00,205.00,1,0,1
27863,3.312,62.00,205.00,1,0,1
27866,3.312,61.90,205.00,1,0,0
27868,3.312,61.80,205.00,1,0,0
27871,3.312,61.80,205.00,1,0,0
27883,3.312,62.00,205.00,1,0,1
27886,3.312,61.90,205.00,1,0,0
27888,3.308,61.80,205.00,1,0,0
27891,3.312,61.80,205.00,1,0,0
27893,3.312,61.90,205.00,1,0,0
27896,3.312,143.80,472.00,1,0,1
27898,3.308,62.20,206.00,1,0,1
27901,3.312,62.10,205.00,1,0,1
27903,3.308,61.90,205.00,1,0,1
27905,3.312,61.90,205.00,1,0,0
27908,3.300,61.90,205.00,1,0,0
27910,3.312,61.90,205.00,1,0,0
27913,3.312,61.90,205.00,1,0,0
27915,3.312,142.40,365.00,1,0,1
27928,3.308,62.00,205.00,1,0,0
27931,3.312,61.90,205.00,1,0,0
27933,3.312,61.90,205.00,1,0,0
27935,3.304,101.90,334.00,1,0,1
27938,3.288,98.20,357.00,1,0,1
27940,3.288,62.00,205.00,1,0,1
27943,3.308,62.10,205.00,1,0,1
27945,3.312,62.00,206.00,1,0,0
27948,3.312,61.90,205.00,1,0,0
27950,3.308,61.90,205.00,1,0,0
27953,3.312,61.90,205.00,1,0,0
27955,3.312,61.90,205.00,1,0,1
27958,3.308,62.10,206.00,1,0,1
27960,3.312,62.10,205.00,1,0,1
27973,3.312,61.90,205.00,1,0,0
27975,3.312,61.90,205.00,1,0,1
27978,3.312,62.00,205.00,1,0,1
27980,3.312,62.00,215.00,1,0,1
27983,3.312,62.00,205.00,1,0,1
27985,3.308,140.40,457.00,1,0,0
27988,3.296,66.30,220.00,1,0,0
27990,3.312,61.90,205.00,1,0,0
27993,3.312,61.90,205.00,1,0,0
27995,3.312,62.00,205.00,1,0,1
27998,3.312,61.90,205.00,1,0,1
28000,3.308,62.00,205.00,1,0,1
28002,3.312,62.00,205.00,1,0,1
28005,3.308,62.00,205.00,1,0,0
28018,3.304,62.20,205.00,1,0,1
28020,3.312,62.00,205.00,1,0,1
28023,3.312,62.00,205.00,1,0,1
28025,3.308,62.00,205.00,1,0,0
28028,3.312,62.00,205.00,1,0,0
28030,3.312,104.00,341.00,1,0,0
28032,3.276,105.80,205.00,1,0,0
28035,3.312,61.90,205.00,1,0,1
28037,3.312,106.40,351.00,1,0,1
28040,3.292,98.30,323.00,1,0,1
28042,3.292,92.90,205.00,1,0,1
28045,3.312,61.90,205.00,1,0,1
28047,3.308,76.90,254.00,1,0,0
28050,3.312,61.90,203.00,1,0,0
28062,3.308,61.90,205.00,1,0,1
28065,3.312,61.90,205.00,1,0,0
28067,3.304,63.40,210.00,1,0,0
28070,3.312,61.80,205.00,1,0,0
28072,3.312,143.80,469.00,1,0,0
28075,3.312,61.90,205.00,1,0,0
28077,3.312,72.40,205.00,1,0,1
28080,3.312,62.00,205.00,1,0,1
28082,3.312,62.00,205.00,1,0,1
28085,3.308,62.00,205.00,1,0,1
28087,3.308,61.80,205.00,1,0,0
28090,3.312,61.80,205.00,1,0,0
28092,3.312,61.80,205.00,1,0,0
28095,3.312,61.80,401.00,1,0,0
28107,3.312,70.10,205.00,1,0,0
28110,3.312,61.70,205.00,1,0,0
28112,3.312,61.80,205.00,1,0,0
28115,3.316,61.80,205.00,1,0,0
28117,3.312,142.50,469.00,1,0,1
28120,3.308,62.00,205.00,1,0,1
28122,3.312,63.00,205.00,1,0,1
28125,3.312,62.00,205.00,1,0,1
28127,3.312,73.20,242.00,1,0,0
28129,3.312,61.80,205.00,1,0,0
28132,3.312,61.80,205.00,1,0,0
28134,3.312,61.90,205.00,1,0,0
28137,3.312,67.10,205.00,1,0,1
28139,3.312,61.90,360.00,1,0,1
28152,3.312,61.90,205.00,1,0,0
28154,3.312,61.90,205.00,1,0,0
28157,3.312,62.70,208.00,1,0,1
28159,3.312,61.90,205.00,1,0,1
28162,3.312,139.60,455.00,1,0,1
28164,3.248,87.20,287.00,1,0,1
28167,3.308,62.00,206.00,1,0,0
28169,3.312,61.90,205.00,1,0,0
28172,3.312,61.80,205.00,1,0,0
28174,3.312,61.90,205.00,1,0,0
28177,3.312,61.80,205.00,1,0,1
28179,3.312,61.90,205.00,1,0,1
28182,3.312,61.90,205.00,1,0,1
28184,3.312,62.10,205.00,1,0,1
28197,3.312,61.80,205.00,1,0,1
28199,3.312,62.10,205.00,1,0,1
28202,3.312,63.10,210.00,1,0,1
28204,3.312,62.00,205.00,1,0,1
28207,3.312,75.70,251.00,1,0,0
28209,3.312,61.80,205.00,1,0,0
28212,3.312,142.60,449.00,1,0,0
28214,3.264,61.80,205.00,1,0,0
28217,3.312,63.10,210.00,1,0,1
28219,3.312,62.00,205.00,1,0,1
28222,3.312,62.90,208.00,1,0,1
28224,3.312,61.90,205.00,1,0,1
28226,3.312,61.80,233.00,1,0,0
28229,3.312,61.80,205.00,1,0,0
28242,3.312,61.90,303.00,1,0,1
28244,3.292,98.20,323.00,1,0,1
28247,3.288,92.20,303.00,1,0,0
28249,3.284,71.20,205.00,1,0,0
28251,3.312,62.00,205.00,1,0,0
28254,3.312,62.00,205.00,1,0,0
28256,3.312,140.80,503.00,1,0,1
28259,3.300,62.00,205.00,1,0,1
28261,3.312,62.00,205.00,1,0,1
28264,3.312,62.00,205.00,1,0,1
28266,3.308,63.80,210.00,1,0,0
28269,3.312,62.00,205.00,1,0,0
28271,3.312,61.90,205.00,1,0,0
28274,3.308,61.80,205.00,1,0,0
28286,3.312,72.70,241.00,1,0,0
28289,3.312,61.90,205.00,1,0,0
28291,3.312,61.80,205.00,1,0,0
28294,3.312,62.90,205.00,1,0,0
28296,3.312,61.90,205.00,1,0,1
28299,3.312,62.10,203.00,1,0,1
28301,3.264,92.40,210.00,1,0,1
28304,3.308,62.00,205.00,1,0,1
28306,3.312,61.90,205.00,1,0,0
28309,3.312,61.80,205.00,1,0,0
28311,3.312,61.90,205.00,1,0,0
28314,3.312,62.00,205.00,1,0,0
28316,3.312,61.90,229.00,1,0,1
28319,3.312,62.10,206.00,1,0,1
28331,3.312,62.00,205.00,1,0,0
28334,3.312,62.00,205.00,1,0,0
28336,3.316,61.90,208.00,1,0,1
28339,3.312,61.90,205.00,1,0,1
28341,3.312,61.80,205.00,1,0,1
28344,3.312,61.90,205.00,1,0,1
28346,3.288,98.10,324.00,1,0,0
28348,3.276,90.30,300.00,1,0,0
28351,3.312,62.00,205.00,1,0,0
28353,3.312,62.00,205.00,1,0,0
28356,3.312,61.80,205.00,1,0,1
28358,3.312,61.90,205.00,1,0,1
28361,3.312,61.90,205.00,1,0,1
28363,3.308,62.10,206.00,1,0,1
28376,3.312,61.90,205.00,1,0,1
28378,3.312,62.10,206.00,1,0,1
28381,3.312,62.10,210.00,1,0,1
28383,3.312,62.00,205.00,1,0,1
28386,3.312,62.00,205.00,1,0,0
28388,3.312,61.80,205.00,1,0,0
28391,3.312,61.80,205.00,1,0,0
28393,3.312,139.80,457.00,1,0,0
28396,3.264,68.10,210.00,1,0,1
28398,3.308,62.10,205.00,1,0,1
28401,3.312,62.10,206.00,1,0,1
28403,3.312,62.00,205.00,1,0,1
28406,3.312,62.00,205.00,1,0,1
28408,3.312,61.90,205.00,1,0,1
28421,3.280,61.90,205.00,1,0,1
28423,3.312,61.90,205.00,1,0,1
28426,3.312,61.90,205.00,1,0,1
28428,3.304,62.10,206.00,1,0,1
28431,3.312,62.10,206.00,1,0,0
28433,3.308,62.00,205.00,1,0,0
28436,3.312,61.80,205.00,1,0,0
28438,3.312,61.80,205.00,1,0,0
28441,3.300,121.20,392.00,1,0,1
28443,3.276,62.00,205.00,1,0,1
28445,3.308,62.10,206.00,1,0,1
28448,3.284,98.50,324.00,1,0,1
28450,3.292,98.60,306.00,1,0,0
28453,3.292,62.00,205.00,1,0,0
28466,3.312,62.20,206.00,1,0,1
28468,3.312,62.10,206.00,1,0,1
28471,3.312,61.90,205.00,1,0,0
28473,3.308,61.90,205.00,1,0,0
28475,3.312,61.90,205.00,1,0,0
28478,3.312,62.00,205.00,1,0,0
28480,3.312,62.00,205.00,1,0,1
28483,3.272,139.00,454.00,1,0,1
28485,3.308,62.10,206.00,1,0,1
28488,3.312,62.00,205.00,1,0,1
28490,3.312,62.00,205.00,1,0,0
28493,3.300,62.00,205.00,1,0,0
28495,3.312,62.00,205.00,1,0,0
28498,3.312,62.00,205.00,1,0,0
28510,3.312,62.10,205.00,1,0,0
28513,3.304,62.10,206.00,1,0,0
28515,3.312,62.00,205.00,1,0,0
28518,3.308,61.90,205.00,1,0,0
28520,3.312,61.90,205.00,1,0,1
28523,3.308,61.90,205.00,1,0,1
28525,3.312,99.70,326.00,1,0,1
28528,3.268,109.00,360.00,1,0,1
28530,3.308,62.20,205.00,1,0,0
28533,3.312,62.10,206.00,1,0,0
28535,3.308,61.90,205.00,1,0,0
28538,3.312,61.90,205.00,1,0,0
28540,3.312,61.80,205.00,1,0,1
28542,3.304,62.10,206.00,1,0,1
28555,3.288,62.00,205.00,1,0,0
28558,3.312,61.90,205.00,1,0,0
28560,3.312,62.00,205.00,1,0,1
28563,3.312,62.00,205.00,1,0,1
28565,3.312,62.00,205.00,1,0,1
28568,3.308,62.00,205.00,1,0,1
28570,3.264,141.40,467.00,1,0,0
28572,3.300,64.70,215.00,1,0,0
28575,3.312,61.90,205.00,1,0,0
28577,3.312,62.00,205.00,1,0,0
28580,3.312,62.00,205.00,1,0,1
28582,3.312,62.50,205.00,1,0,1
28585,3.312,61.90,205.00,1,0,1
28587,3.308,61.90,205.00,1,0,1
28600,3.308,61.90,205.00,1,0,1
28602,3.304,64.20,213.00,1,0,1
28605,3.308,61.90,205.00,1,0,1
28607,3.312,62.00,205.00,1,0,1
28610,3.312,62.00,205.00,1,0,1
28612,3.308,71.50,205.00,1,0,0
28615,3.312,65.40,213.00,1,0,0
28617,3.264,72.00,239.00,1,0,0
28620,3.312,61.90,205.00,1,0,0
28622,3.312,61.90,205.00,1,0,1
28625,3.312,62.00,205.00,1,0,1
28627,3.308,63.00,205.00,1,0,1
28630,3.312,61.90,205.00,1,0,1
28632,3.308,73.80,244.00,1,0,0
28645,3.312,62.00,205.00,1,0,1
28647,3.308,62.90,205.00,1,0,1
28650,3.312,62.00,205.00,1,0,1
28652,3.308,110.60,364.00,1,0,0
28655,3.288,98.40,323.00,1,0,0
28657,3.288,92.50,205.00,1,0,0
28660,3.312,61.90,205.00,1,0,0
28662,3.312,72.20,239.00,1,0,1
28665,3.280,123.40,498.00,1,0,1
28667,3.288,62.10,206.00,1,0,1
28669,3.308,62.00,205.00,1,0,1
28672,3.312,62.20,205.00,1,0,0
28674,3.312,62.00,205.00,1,0,0
28677,3.312,62.00,205.00,1,0,0
28690,3.308,62.10,205.00,1,0,1
28692,3.308,68.00,205.00,1,0,0
28694,3.312,62.00,205.00,1,0,0
28697,3.312,61.80,205.00,1,0,0
28699,3.308,61.90,205.00,1,0,0
28702,3.312,61.90,205.00,1,0,1
28704,3.308,62.00,205.00,1,0,1
28707,3.308,62.60,208.00,1,0,1
28709,3.308,62.00,287.00,1,0,1
28712,3.276,132.90,439.00,1,0,0
28714,3.312,61.90,205.00,1,0,0
28717,3.312,62.00,205.00,1,0,0
28719,3.312,61.90,205.00,1,0,0
28722,3.312,65.20,215.00,1,0,1
28734,3.312,61.90,205.00,1,0,0
28737,3.308,62.00,205.00,1,0,0
28739,3.312,62.00,205.00,1,0,0
28742,3.308,63.10,208.00,1,0,1
28744,3.308,62.00,205.00,1,0,1
28747,3.308,62.00,205.00,1,0,1
28749,3.312,62.00,205.00,1,0,1
28752,3.312,62.00,205.00,1,0,0
28754,3.308,140.40,347.00,1,0,0
28757,3.292,99.00,326.00,1,0,0
28759,3.288,66.30,220.00,1,0,0
28762,3.312,61.90,205.00,1,0,1
28764,3.308,62.00,205.00,1,0,1
28766,3.312,62.00,205.00,1,0,1
28779,3.284,62.00,205.00,1,0,0
28782,3.312,61.90,206.00,1,0,1
28784,3.308,62.00,205.00,1,0,1
28787,3.308,63.10,210.00,1,0,1
28789,3.312,62.00,205.00,1,0,1
28791,3.308,74.30,246.00,1,0,0
28794,3.312,61.90,205.00,1,0,0
28796,3.312,61.90,205.00,1,0,0
28799,3.312,61.90,205.00,1,0,0
28801,3.308,120.30,393.00,1,0,1
28804,3.308,62.10,206.00,1,0,1
28811,3.308,61.90,205.00,1,0,0
28814,3.312,61.90,205.00,1,0,0
28816,3.312,61.90,205.00,1,0,0
28819,3.308,62.10,206.00,1,0,0
28821,3.312,61.90,208.00,1,0,1
28824,3.312,62.00,203.00,1,0,1
28826,3.276,139.60,462.00,1,0,1
28829,3.308,62.00,205.00,1,0,1
28831,3.308,62.00,205.00,1,0,0
28833,3.308,62.00,205.00,1,0,0
28846,3.308,62.00,205.00,1,0,1
28849,3.308,62.10,480.00,1,0,1
28851,3.272,63.60,210.00,1,0,0
28854,3.300,62.00,205.00,1,0,0
28856,3.308,62.00,205.00,1,0,0
28858,3.292,98.00,323.00,1,0,0
28861,3.288,91.80,303.00,1,0,1
28863,3.312,62.00,205.00,1,0,1
28866,3.308,61.90,205.00,1,0,1
28868,3.308,62.10,205.00,1,0,1
28871,3.312,62.00,205.00,1,0,0
28873,3.308,132.60,308.00,1,0,0
28876,3.252,61.90,205.00,1,0,0
28878,3.312,61.80,205.00,1,0,0
28891,3.312,62.00,205.00,1,0,0
28893,3.312,61.80,205.00,1,0,0
28896,3.312,119.00,392.00,1,0,0
28898,3.312,61.90,205.00,1,0,0
28901,3.312,62.00,224.00,1,0,1
28903,3.308,62.10,206.00,1,0,1
28906,3.312,62.00,205.00,1,0,1
28908,3.308,62.00,205.00,1,0,1
28911,3.312,61.90,205.00,1,0,0
28913,3.308,61.80,205.00,1,0,0
28916,3.308,62.00,205.00,1,0,0
28918,3.308,61.90,205.00,1,0,0
28921,3.308,122.80,401.00,1,0,1
28923,3.308,62.10,206.00,1,0,1
28936,3.312,62.00,205.00,1,0,0
28938,3.312,61.90,205.00,1,0,0
28941,3.308,61.80,205.00,1,0,1
28943,3.272,127.10,415.00,1,0,1
28946,3.312,61.90,205.00,1,0,1
28948,3.312,62.00,205.00,1,0,1
28951,3.312,62.10,206.00,1,0,0
28953,3.308,61.90,205.00,1,0,0
28955,3.312,61.90,205.00,1,0,0
28958,3.312,61.80,205.00,1,0,0
28960,3.292,92.50,305.00,1,0,1
28963,3.280,93.70,251.00,1,0,1
28965,3.308,62.20,206.00,1,0,1
28968,3.312,62.10,205.00,1,0,1
28981,3.312,61.90,205.00,1,0,1
28983,3.308,62.10,206.00,1,0,1
28985,3.312,142.90,469.00,1,0,1
28988,3.264,110.10,364.00,1,0,1
28990,3.312,62.00,205.00,1,0,0
28993,3.308,61.90,205.00,1,0,0
28995,3.312,61.80,205.00,1,0,0
28998,3.312,62.00,205.00,1,0,0
29000,3.312,61.90,205.00,1,0,1
29003,3.312,62.00,205.00,1,0,1
29005,3.308,63.80,205.00,1,0,1
29008,3.308,137.70,449.00,1,0,1
29010,3.264,108.90,360.00,1,0,0
29023,3.308,62.00,205.00,1,0,1
29025,3.308,61.90,205.00,1,0,1
29028,3.308,61.90,205.00,1,0,1
29030,3.312,62.00,203.00,1,0,0
29033,3.268,132.40,437.00,1,0,0
29035,3.312,62.00,205.00,1,0,0
29038,3.312,61.80,205.00,1,0,0
29040,3.312,61.80,205.00,1,0,1
29043,3.308,61.90,205.00,1,0,1
29045,3.312,62.00,205.00,1,0,1
29048,3.312,62.10,206.00,1,0,1
29050,3.312,62.10,206.00,1,0,0
29053,3.312,145.00,475.00,1,0,0
29055,3.304,61.90,205.00,1,0,0
29068,3.308,62.10,206.00,1,0,1
29070,3.312,62.00,205.00,1,0,0
29073,3.308,76.00,205.00,1,0,0
29075,3.308,119.00,392.00,1,0,0
29078,3.312,61.90,205.00,1,0,0
29080,3.312,62.10,205.00,1,0,1
29082,3.312,62.20,206.00,1,0,1
29085,3.312,62.20,206.00,1,0,1
29087,3.308,62.30,205.00,1,0,1
29090,3.312,61.90,205.00,1,0,0
29092,3.304,66.30,220.00,1,0,0
29095,3.312,143.20,446.00,1,0,0
29097,3.264,62.10,206.00,1,0,0
29100,3.308,62.10,206.00,1,0,0
29112,3.308,62.90,208.00,1,0,0
29115,3.312,62.10,205.00,1,0,0
29117,3.312,62.10,205.00,1,0,0
29120,3.312,93.50,305.00,1,0,1
29122,3.308,62.10,206.00,1,0,1
29125,3.312,61.90,205.00,1,0,1
29127,3.308,62.10,206.00,1,0,1
29130,3.312,62.20,206.00,1,0,1
29132,3.308,69.60,205.00,1,0,0
29135,3.312,62.00,205.00,1,0,0
29137,3.312,61.80,205.00,1,0,0
29140,3.308,61.80,202.00,1,0,0
29142,3.264,107.60,356.00,1,0,1
29145,3.308,62.20,206.00,1,0,1
29157,3.312,61.90,205.00,1,0,0
29160,3.312,61.90,205.00,1,0,0
29162,3.308,62.00,205.00,1,0,1
29165,3.312,107.50,354.00,1,0,1
29167,3.288,99.90,329.00,1,0,1
29170,3.288,70.00,205.00,1,0,1
29172,3.312,71.30,236.00,1,0,0
29175,3.312,61.80,205.00,1,0,0
29177,3.312,61.90,205.00,1,0,0
29180,3.312,61.90,205.00,1,0,0
29182,3.308,62.70,208.00,1,0,1
29184,3.308,62.00,205.00,1,0,1
29187,3.312,137.00,449.00,1,0,1
29189,3.248,73.20,242.00,1,0,1
29202,3.308,68.50,226.00,1,0,1
29205,3.312,61.90,205.00,1,0,1
29207,3.308,61.90,205.00,1,0,1
29209,3.272,119.40,392.00,1,0,1
29212,3.312,66.30,206.00,1,0,0
29214,3.312,62.90,208.00,1,0,0
29217,3.312,61.90,205.00,1,0,0
29219,3.312,61.80,205.00,1,0,0
29222,3.312,61.80,205.00,1,0,1
29224,3.312,61.90,205.00,1,0,1
29227,3.312,62.70,208.00,1,0,1
29229,3.308,62.10,338.00,1,0,1
29232,3.284,79.00,262.00,1,0,0
29234,3.312,62.00,205.00,1,0,0
29247,3.308,63.10,210.00,1,0,1
29249,3.308,62.00,205.00,1,0,1
29252,3.308,69.00,226.00,1,0,0
29254,3.276,108.70,357.00,1,0,0
29257,3.308,61.90,205.00,1,0,0
29259,3.312,61.90,205.00,1,0,0
29262,3.312,71.90,238.00,1,0,1
29264,3.312,62.20,206.00,1,0,1
29267,3.312,98.40,324.00,1,0,1
29269,3.292,98.50,324.00,1,0,1
29272,3.288,90.80,300.00,1,0,0
29274,3.312,61.90,306.00,1,0,0
29277,3.280,116.10,385.00,1,0,0
29279,3.312,62.00,205.00,1,0,0
29292,3.312,63.10,208.00,1,0,0
29294,3.312,61.90,205.00,1,0,0
29297,3.312,62.00,205.00,1,0,0
29299,3.312,61.90,202.00,1,0,0
29302,3.276,93.20,205.00,1,0,1
29304,3.308,61.90,205.00,1,0,1
29306,3.312,62.80,208.00,1,0,1
29309,3.312,62.00,205.00,1,0,1
29311,3.312,71.90,238.00,1,0,0
29314,3.312,62.00,205.00,1,0,0
29316,3.312,61.90,208.00,1,0,0
29319,3.312,62.00,203.00,1,0,0
29321,3.288,136.40,447.00,1,0,1
29324,3.312,62.10,206.00,1,0,1
29336,3.312,61.90,205.00,1,0,0
29339,3.312,61.90,205.00,1,0,0
29341,3.312,62.60,208.00,1,0,1
29344,3.312,62.00,205.00,1,0,1
29346,3.288,152.30,234.00,1,0,1
29349,3.308,62.10,205.00,1,0,1
29351,3.308,62.10,205.00,1,0,0
29354,3.308,61.80,205.00,1,0,0
29356,3.312,61.90,205.00,1,0,0
29359,3.308,62.00,205.00,1,0,0
29361,3.312,62.00,208.00,1,0,1
29364,3.312,62.00,205.00,1,0,1
29366,3.276,122.30,401.00,1,0,1
29369,3.312,73.80,324.00,1,0,1
29381,3.308,61.90,205.00,1,0,1
29384,3.312,62.00,205.00,1,0,1
29386,3.312,61.90,205.00,1,0,1
29389,3.260,142.00,465.00,1,0,1
29391,3.312,62.10,228.00,1,0,0
29394,3.300,62.00,205.00,1,0,0
29396,3.312,61.90,205.00,1,0,0
29399,3.312,61.90,205.00,1,0,0
29401,3.312,61.90,205.00,1,0,1
29403,3.312,62.00,205.00,1,0,1
29406,3.312,62.00,208.00,1,0,1
29408,3.312,113.00,372.00,1,0,1
29411,3.280,96.20,318.00,1,0,0
29413,3.312,61.90,205.00,1,0,0
29426,3.312,62.00,205.00,1,0,1
29428,3.308,62.00,205.00,1,0,1
29431,3.312,62.00,205.00,1,0,0
29433,3.260,136.60,449.00,1,0,0
29436,3.312,62.00,205.00,1,0,0
29438,3.312,61.90,205.00,1,0,0
29441,3.312,61.90,205.00,1,0,1
29443,3.312,62.00,206.00,1,0,1
29446,3.312,62.00,205.00,1,0,1
29448,3.312,62.00,205.00,1,0,1
29451,3.312,62.00,205.00,1,0,0
29453,3.300,61.90,205.00,1,0,0
29456,3.312,140.30,460.00,1,0,0
29458,3.264,70.90,205.00,1,0,0
29471,3.312,62.70,205.00,1,0,0
29473,3.280,98.40,324.00,1,0,0
29476,3.292,69.10,229.00,1,0,0
29478,3.312,61.90,205.00,1,0,0
29481,3.272,109.90,313.00,1,0,1
29483,3.308,62.10,205.00,1,0,1
29486,3.308,62.10,206.00,1,0,1
29488,3.312,62.10,206.00,1,0,1
29491,3.312,62.10,205.00,1,0,0
29493,3.312,61.90,205.00,1,0,0
29496,3.312,61.80,205.00,1,0,0
29498,3.312,61.90,205.00,1,0,0
29500,3.312,61.90,205.00,1,0,1
29503,3.304,62.10,374.00,1,0,1
29516,3.312,61.80,205.00,1,0,0
29518,3.308,62.00,205.00,1,0,0
29521,3.312,61.90,205.00,1,0,1
29523,3.308,62.00,205.00,1,0,1
29525,3.312,62.10,205.00,1,0,1
29528,3.308,62.00,203.00,1,0,1
29530,3.264,139.50,460.00,1,0,0
29533,3.300,65.00,205.00,1,0,0
29535,3.312,62.00,205.00,1,0,0
29538,3.308,62.00,205.00,1,0,0
29540,3.312,62.00,205.00,1,0,1
29543,3.312,61.90,205.00,1,0,1
29545,3.308,62.00,205.00,1,0,1
29548,3.312,62.00,205.00,1,0,1
29560,3.312,61.90,205.00,1,0,1
29563,3.304,62.10,205.00,1,0,1
29565,3.312,62.00,205.00,1,0,1
29568,3.312,62.20,205.00,1,0,1
29570,3.308,62.10,203.00,1,0,0
29573,3.284,143.70,470.00,1,0,0
29575,3.292,98.00,323.00,1,0,0
29578,3.292,97.90,301.00,1,0,0
29580,3.308,61.90,205.00,1,0,1
29583,3.308,62.10,206.00,1,0,1
29585,3.312,62.10,206.00,1,0,1
29588,3.312,62.00,205.00,1,0,1
29590,3.312,62.10,206.00,1,0,0
29593,3.308,76.50,483.00,1,0,0
29605,3.308,62.10,205.00,1,0,1
29608,3.312,61.90,205.00,1,0,1
29610,3.312,61.90,205.00,1,0,0
29613,3.304,66.80,455.00,1,0,0
29615,3.276,62.10,205.00,1,0,0
29618,3.312,62.10,206.00,1,0,0
29620,3.312,64.60,205.00,1,0,1
29622,3.312,62.10,205.00,1,0,1
29625,3.308,62.00,205.00,1,0,1
29627,3.312,62.00,205.00,1,0,1
29630,3.308,62.00,205.00,1,0,0
29632,3.312,62.00,205.00,1,0,0
29635,3.280,139.10,454.00,1,0,0
29637,3.308,62.10,205.00,1,0,0
29650,3.308,62.10,206.00,1,0,0
29652,3.312,62.00,205.00,1,0,0
29655,3.276,115.40,377.00,1,0,0
29657,3.312,61.90,205.00,1,0,0
29660,3.312,61.90,205.00,1,0,1
29662,3.308,62.00,205.00,1,0,1
29665,3.312,62.20,206.00,1,0,1
29667,3.312,62.10,206.00,1,0,1
29670,3.308,62.10,206.00,1,0,1
29672,3.312,74.00,205.00,1,0,0
29675,3.312,61.90,203.00,1,0,0
29677,3.292,98.70,324.00,1,0,0
29680,3.288,92.00,303.00,1,0,0
29682,3.288,85.10,206.00,1,0,1
29695,3.312,61.80,205.00,1,0,0
29697,3.312,105.50,346.00,1,0,0
29700,3.308,62.10,206.00,1,0,0
29702,3.308,63.60,206.00,1,0,1
29705,3.312,61.90,205.00,1,0,1
29707,3.312,61.90,205.00,1,0,1
29710,3.308,61.90,205.00,1,0,1
29712,3.312,61.90,205.00,1,0,0
29715,3.312,61.90,205.00,1,0,0
29717,3.312,62.00,205.00,1,0,0
29720,3.312,61.90,205.00,1,0,0
29722,3.264,146.40,483.00,1,0,1
29724,3.308,61.90,205.00,1,0,1
29727,3.308,61.90,205.00,1,0,1
29740,3.312,61.70,205.00,1,0,0
29742,3.312,120.80,396.00,1,0,1
29745,3.312,62.00,205.00,1,0,1
29747,3.308,63.20,205.00,1,0,1
29749,3.312,62.10,206.00,1,0,1
29752,3.312,73.70,244.00,1,0,0
29754,3.312,61.80,205.00,1,0,0
29757,3.312,61.70,205.00,1,0,0
29759,3.312,61.80,205.00,1,0,0
29762,3.312,61.80,360.00,1,0,1
29764,3.260,62.30,206.00,1,0,1
29767,3.308,63.70,211.00,1,0,1
29769,3.312,62.10,205.00,1,0,1
29772,3.308,73.40,242.00,1,0,0
29784,3.296,140.50,338.00,1,0,1
29787,3.264,62.20,206.00,1,0,1
29789,3.312,62.00,205.00,1,0,1
29792,3.308,61.90,221.00,1,0,0
29794,3.312,61.90,205.00,1,0,0
29797,3.312,62.00,205.00,1,0,0
29799,3.312,62.00,205.00,1,0,0
29802,3.312,73.00,242.00,1,0,1
29804,3.308,61.90,205.00,1,0,1
29807,3.312,61.90,205.00,1,0,1
29809,3.304,139.30,457.00,1,0,1
29812,3.312,63.30,208.00,1,0,0
29814,3.312,62.00,205.00,1,0,0
29817,3.316,62.00,205.00,1,0,0
29829,3.312,62.10,206.00,1,0,1
29832,3.312,140.60,460.00,1,0,0
29834,3.284,62.20,206.00,1,0,0
29837,3.312,61.90,205.00,1,0,0
29839,3.312,61.80,205.00,1,0,0
29842,3.312,61.80,205.00,1,0,1
29844,3.312,62.00,205.00,1,0,1
29846,3.312,63.00,208.00,1,0,1
29849,3.308,62.10,206.00,1,0,1
29851,3.312,62.10,469.00,1,0,0
29854,3.276,61.90,205.00,1,0,0
29856,3.312,61.90,205.00,1,0,0
29859,3.312,61.80,205.00,1,0,0
29861,3.312,67.10,221.00,1,0,1
29874,3.312,147.00,480.00,1,0,0
29876,3.292,62.00,205.00,1,0,0
29879,3.312,62.00,205.00,1,0,0
29881,3.308,96.70,308.00,1,0,1
29884,3.288,96.70,318.00,1,0,1
29886,3.312,62.00,205.00,1,0,1
29889,3.312,61.90,205.00,1,0,1
29891,3.312,61.90,205.00,1,0,0
29894,3.312,61.90,205.00,1,0,0
29896,3.312,62.00,439.00,1,0,0
29899,3.296,62.10,206.00,1,0,0
29901,3.312,62.00,205.00,1,0,1
29904,3.312,61.90,205.00,1,0,1
29906,3.312,61.90,205.00,1,0,1
29919,3.276,120.80,396.00,1,0,0
29921,3.312,61.80,205.00,1,0,1
29924,3.312,62.00,205.00,1,0,1
29926,3.312,65.40,216.00,1,0,1
29929,3.312,62.00,205.00,1,0,1
29931,3.312,62.00,252.00,1,0,0
29934,3.312,61.90,205.00,1,0,0
29936,3.312,61.90,205.00,1,0,0
29939,3.312,61.80,205.00,1,0,0
29941,3.316,76.40,447.00,1,0,1
29943,3.276,62.20,206.00,1,0,1
29946,3.308,62.20,206.00,1,0,1
29948,3.308,62.10,206.00,1,0,1
29951,3.312,62.00,205.00,1,0,0
29964,3.268,155.00,513.00,1,0,1
29966,3.308,62.00,205.00,1,0,1
29968,3.308,62.10,205.00,1,0,1
29971,3.308,61.90,205.00,1,0,0
29973,3.312,61.90,205.00,1,0,0
29976,3.312,61.90,205.00,1,0,0
29978,3.312,62.00,205.00,1,0,0
29981,3.312,62.00,205.00,1,0,1
29983,3.268,107.60,354.00,1,0,1
29986,3.288,98.60,326.00,1,0,1
29988,3.288,62.60,206.00,1,0,1
29991,3.312,62.00,205.00,1,0,0
29993,3.300,62.00,205.00,1,0,0
29996,3.308,61.90,205.00,1,0,0
30008,3.312,62.00,205.00,1,0,1
30011,3.312,62.10,206.00,1,0,0
30013,3.312,62.00,205.00,1,0,0
30016,3.312,61.90,205.00,1,0,0
30018,3.312,61.90,205.00,1,0,0
30021,3.312,61.80,205.00,1,0,1
30023,3.308,62.10,206.00,1,0,1
30026,3.312,131.40,431.00,1,0,1
30028,3.280,62.20,205.00,1,0,1
30031,3.308,62.00,205.00,1,0,0
30033,3.312,62.00,205.00,1,0,0
30036,3.312,61.90,205.00,1,0,0
30038,3.312,61.80,205.00,1,0,0
30040,3.312,61.90,205.00,1,0,1
30053,3.288,61.90,205.00,1,0,0
30056,3.312,61.90,205.00,1,0,0
30058,3.312,61.90,205.00,1,0,0
30061,3.312,62.00,205.00,1,0,1
30063,3.312,62.00,205.00,1,0,1
30065,3.312,62.00,205.00,1,0,1
30068,3.308,62.00,205.00,1,0,1
30070,3.312,61.90,205.00,1,0,0
30073,3.304,61.90,285.00,1,0,0
30075,3.252,62.10,206.00,1,0,0
30078,3.312,62.00,205.00,1,0,0
30080,3.312,61.90,205.00,1,0,1
30083,3.312,62.00,205.00,1,0,1
30085,3.312,97.00,319.00,1,0,1
30098,3.284,61.90,205.00,1,0,0
30100,3.312,61.90,205.00,1,0,1
30103,3.300,62.00,205.00,1,0,1
30105,3.312,62.00,205.00,1,0,1
30108,3.308,62.00,205.00,1,0,1
30110,3.312,62.00,205.00,1,0,0
30113,3.312,61.80,205.00,1,0,0
30115,3.312,61.90,205.00,1,0,0
30118,3.308,61.90,365.00,1,0,0
30120,3.264,62.00,205.00,1,0,1
30123,3.308,62.00,205.00,1,0,1
30125,3.308,61.90,205.00,1,0,1
30128,3.312,61.90,205.00,1,0,1
30130,3.308,61.90,205.00,1,0,0
30143,3.280,62.00,205.00,1,0,1
30145,3.312,61.90,205.00,1,0,1
30148,3.312,61.90,205.00,1,0,1
30150,3.312,61.90,205.00,1,0,0
30153,3.300,61.90,205.00,1,0,0
30155,3.312,61.90,205.00,1,0,0
30158,3.308,61.90,205.00,1,0,0
30160,3.312,61.90,205.00,1,0,1
30162,3.312,147.30,469.00,1,0,1
30165,3.292,62.10,205.00,1,0,1
30167,3.312,62.00,205.00,1,0,1
30170,3.308,62.00,205.00,1,0,0
30172,3.308,61.90,205.00,1,0,0
30175,3.312,61.90,205.00,1,0,0
30188,3.312,129.80,426.00,1,0,1
30190,3.292,101.30,334.00,1,0,0
30192,3.292,110.40,246.00,1,0,0
30195,3.312,61.90,205.00,1,0,0
30197,3.312,61.80,205.00,1,0,0
30200,3.316,61.80,205.00,1,0,1
30202,3.312,62.00,205.00,1,0,1
30205,3.312,62.00,205.00,1,0,1
30207,3.308,62.80,205.00,1,0,1
30210,3.312,140.60,459.00,1,0,1
30212,3.308,73.60,244.00,1,0,0
30215,3.312,61.90,205.00,1,0,0
30217,3.312,62.00,205.00,1,0,0
30230,3.312,62.00,203.00,1,0,0
30232,3.268,140.00,464.00,1,0,0
30235,3.308,62.20,205.00,1,0,0
30237,3.312,61.90,205.00,1,0,0
30240,3.312,61.90,205.00,1,0,0
30242,3.312,63.10,205.00,1,0,1
30245,3.312,61.90,205.00,1,0,1
30247,3.308,62.00,205.00,1,0,1
30250,3.308,62.00,205.00,1,0,1
30252,3.312,63.10,205.00,1,0,0
30255,3.312,79.10,259.00,1,0,0
30257,3.276,127.50,421.00,1,0,0
30260,3.312,61.90,205.00,1,0,0
30262,3.312,61.90,205.00,1,0,1
30275,3.312,120.50,395.00,1,0,0
30277,3.272,104.20,346.00,1,0,0
30280,3.312,61.90,205.00,1,0,0
30282,3.312,62.10,206.00,1,0,1
30285,3.312,62.10,206.00,1,0,1
30287,3.312,63.10,205.00,1,0,1
30290,3.308,75.00,247.00,1,0,1
30292,3.288,113.30,372.00,1,0,0
30294,3.288,90.90,205.00,1,0,0
30297,3.312,135.40,536.00,1,0,0
30299,3.268,62.00,205.00,1,0,0
30302,3.308,63.30,210.00,1,0,1
30304,3.308,62.10,205.00,1,0,1
30317,3.312,62.10,203.00,1,0,0
30319,3.276,160.20,528.00,1,0,0
30322,3.312,63.10,210.00,1,0,1
30324,3.312,61.90,205.00,1,0,1
30327,3.312,61.90,205.00,1,0,1
30329,3.312,62.00,205.00,1,0,1
30332,3.312,62.20,205.00,1,0,0
30334,3.312,62.00,205.00,1,0,0
30337,3.308,62.00,205.00,1,0,0
30339,3.312,61.90,470.00,1,0,0
30342,3.264,67.00,221.00,1,0,1
30344,3.312,61.90,205.00,1,0,1
30347,3.308,62.00,205.00,1,0,1
30349,3.312,62.10,206.00,1,0,1
30362,3.312,61.90,203.00,1,0,1
30364,3.264,96.70,319.00,1,0,1
30367,3.308,63.20,210.00,1,0,1
30369,3.312,62.10,205.00,1,0,1
30372,3.308,74.00,246.00,1,0,0
30374,3.312,61.90,205.00,1,0,0
30377,3.312,61.80,205.00,1,0,0
30379,3.312,61.90,205.00,1,0,0
30382,3.312,62.70,208.00,1,0,1
30384,3.292,122.50,467.00,1,0,1
30386,3.312,63.20,210.00,1,0,1
30389,3.312,62.00,205.00,1,0,1
30391,3.312,61.90,233.00,1,0,0
30394,3.280,98.00,323.00,1,0,0
30407,3.268,144.40,444.00,1,0,1
30409,3.300,61.90,205.00,1,0,1
30412,3.312,62.00,205.00,1,0,1
30414,3.308,62.10,206.00,1,0,1
30416,3.312,67.90,224.00,1,0,0
30419,3.312,61.90,205.00,1,0,0
30421,3.312,61.80,205.00,1,0,0
30424,3.308,61.80,205.00,1,0,0
30426,3.312,61.90,202.00,1,0,1
30429,3.268,139.60,205.00,1,0,1
30431,3.308,63.20,210.00,1,0,1
30434,3.308,62.10,205.00,1,0,1
30436,3.312,62.10,246.00,1,0,0
30439,3.312,62.50,206.00,1,0,0
30451,3.312,62.10,434.00,1,0,1
30454,3.276,62.00,205.00,1,0,1
30456,3.312,62.00,205.00,1,0,0
30459,3.312,61.80,205.00,1,0,0
30461,3.312,61.90,205.00,1,0,0
30464,3.312,61.90,205.00,1,0,0
30466,3.316,61.90,208.00,1,0,1
30469,3.308,62.00,205.00,1,0,1
30471,3.308,61.80,205.00,1,0,1
30474,3.264,124.80,205.00,1,0,1
30476,3.312,61.90,205.00,1,0,0
30479,3.312,61.90,205.00,1,0,0
30481,3.312,61.90,205.00,1,0,0
30483,3.312,62.00,205.00,1,0,0
30496,3.284,108.70,331.00,1,0,0
30499,3.276,91.00,300.00,1,0,0
30501,3.284,66.90,221.00,1,0,0
30504,3.312,61.80,205.00,1,0,0
30506,3.312,61.70,203.00,1,0,1
30509,3.312,61.90,205.00,1,0,1
30511,3.312,62.00,210.00,1,0,1
30513,3.312,62.10,205.00,1,0,1
30516,3.312,62.00,205.00,1,0,0
30518,3.304,62.00,202.00,1,0,0
30521,3.268,80.80,267.00,1,0,0
30523,3.312,61.80,205.00,1,0,0
30526,3.312,61.80,205.00,1,0,1
30528,3.312,62.00,205.00,1,0,1
30541,3.312,64.80,213.00,1,0,0
30543,3.264,140.00,459.00,1,0,0
30546,3.312,62.00,210.00,1,0,1
30548,3.312,62.10,206.00,1,0,1
30551,3.312,62.00,205.00,1,0,1
30553,3.312,61.90,205.00,1,0,1
30556,3.312,61.90,205.00,1,0,0
30558,3.304,61.80,205.00,1,0,0
30561,3.312,61.90,205.00,1,0,0
30563,3.312,62.00,205.00,1,0,0
30566,3.312,62.00,203.00,1,0,1
30568,3.288,162.20,534.00,1,0,1
30571,3.312,62.00,205.00,1,0,1
30573,3.308,61.90,205.00,1,0,1
30586,3.312,61.90,205.00,1,0,1
30588,3.312,61.90,202.00,1,0,1
30591,3.264,93.90,205.00,1,0,1
30593,3.312,62.00,205.00,1,0,1
30596,3.312,62.00,205.00,1,0,0
30598,3.284,98.30,313.00,1,0,0
30601,3.292,98.10,318.00,1,0,0
30603,3.292,62.00,205.00,1,0,0
30606,3.312,61.90,205.00,1,0,1
30608,3.312,62.00,206.00,1,0,1
30610,3.312,144.20,470.00,1,0,1
30613,3.312,62.20,206.00,1,0,1
30615,3.308,62.10,206.00,1,0,0
30618,3.312,61.90,205.00,1,0,0
30631,3.308,62.20,206.00,1,0,1
30633,3.312,140.20,459.00,1,0,1
30635,3.288,105.90,205.00,1,0,0
30638,3.304,61.90,205.00,1,0,0
30640,3.312,61.90,205.00,1,0,0
30643,3.312,62.00,215.00,1,0,0
30645,3.312,62.00,205.00,1,0,1
30648,3.312,62.10,205.00,1,0,1
30650,3.312,62.00,205.00,1,0,1
30653,3.308,62.00,205.00,1,0,1
30655,3.308,61.90,205.00,1,0,0
30658,3.304,62.00,203.00,1,0,0
30660,3.272,141.70,210.00,1,0,0
30663,3.308,62.10,206.00,1,0,0
30675,3.312,62.00,205.00,1,0,0
30678,3.304,62.00,205.00,1,0,0
30680,3.312,62.00,459.00,1,0,0
30683,3.264,69.60,231.00,1,0,0
30685,3.308,62.00,205.00,1,0,1
30688,3.304,62.10,205.00,1,0,1
30690,3.312,62.10,206.00,1,0,1
30693,3.312,62.10,206.00,1,0,1
30695,3.312,62.10,205.00,1,0,0
30698,3.308,61.90,205.00,1,0,0
30700,3.308,94.20,310.00,1,0,0
30703,3.288,93.30,303.00,1,0,0
30705,3.292,97.50,205.00,1,0,1
30707,3.312,62.00,205.00,1,0,1
30720,3.312,61.70,205.00,1,0,0
30723,3.312,61.80,205.00,1,0,0
30725,3.312,61.80,205.00,1,0,1
30728,3.312,62.00,205.00,1,0,1
30730,3.268,119.00,390.00,1,0,1
30732,3.312,62.00,205.00,1,0,1
30735,3.312,61.80,205.00,1,0,0
30737,3.300,61.90,205.00,1,0,0
30740,3.312,61.80,205.00,1,0,0
30742,3.312,61.80,205.00,1,0,0
30745,3.312,61.90,205.00,1,0,0
30747,3.312,71.20,205.00,1,0,1
30750,3.308,61.90,205.00,1,0,1
30752,3.312,123.60,405.00,1,0,1
30765,3.312,61.80,205.00,1,0,1
30767,3.308,61.90,205.00,1,0,1
30770,3.308,61.80,205.00,1,0,1
30772,3.312,61.90,205.00,1,0,1
30775,3.264,105.50,344.00,1,0,1
30777,3.308,72.70,205.00,1,0,0
30780,3.312,61.70,205.00,1,0,0
30782,3.312,61.80,205.00,1,0,0
30785,3.312,61.90,205.00,1,0,0
30787,3.312,61.90,205.00,1,0,1
30790,3.308,61.90,205.00,1,0,1
30792,3.308,62.60,205.00,1,0,1
30795,3.308,111.80,365.00,1,0,1
30797,3.308,73.00,242.00,1,0,0
30814,3.308,86.80,285.00,1,0,1
30817,3.272,123.60,254.00,1,0,0
30819,3.312,62.00,205.00,1,0,0
30822,3.312,62.00,205.00,1,0,0
30824,3.312,62.00,205.00,1,0,0
30827,3.312,63.20,210.00,1,0,1
30829,3.308,61.90,205.00,1,0,1
30832,3.312,61.90,205.00,1,0,1
30834,3.312,62.00,205.00,1,0,1
30836,3.272,145.10,475.00,1,0,0
30839,3.308,62.00,205.00,1,0,0
30841,3.312,62.00,205.00,1,0,0
30844,3.312,61.90,205.00,1,0,0
30846,3.312,61.90,205.00,1,0,1
30859,3.264,70.00,233.00,1,0,0
30861,3.312,61.90,205.00,1,0,0
30864,3.312,61.90,205.00,1,0,0
30866,3.312,61.90,205.00,1,0,1
30869,3.312,62.10,205.00,1,0,1
30871,3.308,63.20,210.00,1,0,1
30874,3.312,62.00,205.00,1,0,1
30876,3.312,62.00,500.00,1,0,0
30879,3.264,71.70,238.00,1,0,0
30881,3.312,62.00,205.00,1,0,0
30884,3.312,61.90,205.00,1,0,0
30886,3.312,63.30,210.00,1,0,1
30889,3.308,62.00,205.00,1,0,1
30891,3.312,62.00,210.00,1,0,1
30904,3.312,62.00,205.00,1,0,0
30906,3.288,94.80,308.00,1,0,1
30909,3.292,92.00,303.00,1,0,1
30911,3.308,61.90,205.00,1,0,1
30914,3.312,62.00,205.00,1,0,1
30916,3.308,62.00,205.00,1,0,0
30919,3.312,62.00,205.00,1,0,0
30921,3.312,62.00,470.00,1,0,0
30924,3.264,62.00,205.00,1,0,0
30926,3.308,61.70,205.00,1,0,1
30929,3.308,62.00,205.00,1,0,1
30931,3.308,62.00,205.00,1,0,1
30933,3.312,62.00,205.00,1,0,1
30936,3.308,62.10,216.00,1,0,0
30949,3.312,61.90,205.00,1,0,1
30951,3.308,62.10,208.00,1,0,1
30954,3.312,62.00,205.00,1,0,1
30956,3.312,62.80,208.00,1,0,0
30958,3.312,61.80,205.00,1,0,0
30961,3.312,61.80,205.00,1,0,0
30963,3.312,61.80,205.00,1,0,0
30966,3.312,61.90,323.00,1,0,1
30968,3.272,62.40,206.00,1,0,1
30971,3.312,62.00,205.00,1,0,1
30973,3.312,62.10,206.00,1,0,1
30976,3.312,61.90,205.00,1,0,0
30978,3.312,61.80,205.00,1,0,0
30981,3.312,61.90,205.00,1,0,0
30993,3.252,70.70,234.00,1,0,1
30996,3.312,62.00,205.00,1,0,0
30998,3.300,61.90,205.00,1,0,0
31001,3.312,61.90,205.00,1,0,0
31003,3.312,62.00,205.00,1,0,0
31006,3.312,61.90,205.00,1,0,1
31008,3.292,98.00,323.00,1,0,1
31011,3.292,98.20,313.00,1,0,1
31013,3.288,124.30,410.00,1,0,1
31016,3.308,62.60,206.00,1,0,0
31018,3.300,62.50,206.00,1,0,0
31021,3.312,62.30,206.00,1,0,0
31023,3.308,62.30,206.00,1,0,0
31026,3.312,62.10,206.00,1,0,1
31038,3.308,62.30,206.00,1,0,0
31041,3.312,62.20,206.00,1,0,0
31043,3.308,62.20,206.00,1,0,0
31046,3.308,62.20,205.00,1,0,1
31048,3.304,62.50,206.00,1,0,1
31051,3.312,62.50,206.00,1,0,1
31053,3.280,123.00,403.00,1,0,1
31055,3.280,62.50,206.00,1,0,0
31058,3.308,63.20,210.00,1,0,0
31060,3.308,62.20,206.00,1,0,0
31063,3.312,62.20,206.00,1,0,0
31065,3.308,62.30,206.00,1,0,1
31068,3.308,62.50,206.00,1,0,1
31070,3.312,62.40,206.00,1,0,1
31083,3.312,62.40,206.00,1,0,0
31085,3.308,62.30,206.00,1,0,1
31088,3.312,62.40,206.00,1,0,1
31090,3.308,62.30,206.00,1,0,1
31093,3.308,62.40,206.00,1,0,1
31095,3.308,62.30,206.00,1,0,0
31098,3.304,128.80,423.00,1,0,0
31100,3.276,104.70,213.00,1,0,0
31103,3.312,62.30,206.00,1,0,0
31105,3.312,62.20,206.00,1,0,1
31108,3.308,66.70,206.00,1,0,1
31110,3.308,97.70,321.00,1,0,1
31113,3.288,98.00,323.00,1,0,1
31115,3.304,62.10,206.00,1,0,0
31128,3.308,61.90,205.00,1,0,1
31130,3.312,62.00,205.00,1,0,1
31133,3.308,62.00,205.00,1,0,1
31135,3.312,62.10,205.00,1,0,0
31138,3.312,61.80,205.00,1,0,0
31140,3.312,61.80,205.00,1,0,0
31143,3.260,136.80,205.00,1,0,0
31145,3.308,62.00,205.00,1,0,1
31148,3.312,62.00,205.00,1,0,1
31150,3.308,62.10,205.00,1,0,1
31152,3.308,62.90,205.00,1,0,1
31155,3.312,61.90,205.00,1,0,0
31157,3.308,69.20,229.00,1,0,0
31160,3.312,61.80,206.00,1,0,0
31173,3.308,61.90,205.00,1,0,1
31175,3.308,61.90,205.00,1,0,0
31178,3.300,62.00,205.00,1,0,0
31180,3.312,62.00,205.00,1,0,0
31182,3.312,62.00,205.00,1,0,0
31185,3.308,61.90,205.00,1,0,1
31187,3.268,146.00,288.00,1,0,1
31190,3.288,61.90,205.00,1,0,1
31192,3.308,61.80,205.00,1,0,1
31195,3.312,61.90,205.00,1,0,1
31197,3.308,62.00,205.00,1,0,0
31200,3.312,61.90,205.00,1,0,0
31202,3.312,61.90,205.00,1,0,0
31205,3.312,61.70,205.00,1,0,0
31217,3.288,81.40,206.00,1,0,0
31220,3.312,61.90,205.00,1,0,0
31222,3.312,61.80,205.00,1,0,0
31225,3.312,61.80,205.00,1,0,0
31227,3.312,62.10,206.00,1,0,1
31230,3.312,116.70,382.00,1,0,1
31232,3.276,66.00,206.00,1,0,1
31235,3.312,62.00,205.00,1,0,1
31237,3.308,74.40,246.00,1,0,0
31240,3.312,61.80,205.00,1,0,0
31242,3.308,61.80,205.00,1,0,0
31245,3.312,61.90,205.00,1,0,0
31247,3.312,62.90,205.00,1,0,1
31249,3.308,62.10,205.00,1,0,1
31262,3.308,62.00,208.00,1,0,0
31265,3.312,62.00,205.00,1,0,0
31267,3.308,63.00,208.00,1,0,1
31270,3.308,61.90,205.00,1,0,1
31272,3.312,141.20,460.00,1,0,1
31275,3.304,62.10,206.00,1,0,1
31277,3.312,63.50,205.00,1,0,0
31279,3.312,62.00,205.00,1,0,0
31282,3.312,62.00,205.00,1,0,0
31284,3.312,61.90,205.00,1,0,0
31287,3.308,63.80,211.00,1,0,1
31289,3.308,61.90,205.00,1,0,1
31292,3.312,62.10,205.00,1,0,1
31294,3.296,141.80,465.00,1,0,1
31307,3.312,61.80,205.00,1,0,1
31309,3.312,61.90,205.00,1,0,1
31312,3.308,62.60,206.00,1,0,1
31314,3.312,65.90,306.00,1,0,1
31317,3.288,105.90,349.00,1,0,0
31319,3.288,90.90,300.00,1,0,0
31322,3.308,61.90,205.00,1,0,0
31324,3.312,61.90,205.00,1,0,0
31327,3.308,63.30,210.00,1,0,1
31329,3.308,62.10,205.00,1,0,1
31332,3.308,63.40,210.00,1,0,1
31334,3.312,62.00,205.00,1,0,1
31337,3.312,61.90,224.00,1,0,0
31339,3.312,61.80,205.00,1,0,0
31352,3.308,62.10,205.00,1,0,1
31354,3.308,62.00,205.00,1,0,1
31357,3.308,62.00,205.00,1,0,0
31359,3.308,61.90,205.00,1,0,0
31362,3.308,61.90,205.00,1,0,0
31364,3.260,138.30,455.00,1,0,0
31367,3.308,62.00,206.00,1,0,1
31369,3.312,62.00,205.00,1,0,1
31372,3.312,62.00,205.00,1,0,1
31374,3.312,62.00,205.00,1,0,1
31376,3.312,67.10,221.00,1,0,0
31379,3.312,61.90,205.00,1,0,0
31381,3.312,62.00,205.00,1,0,0
31384,3.312,144.10,470.00,1,0,0
31397,3.308,73.90,244.00,1,0,0
31399,3.312,62.00,205.00,1,0,0
31401,3.312,61.90,205.00,1,0,0
31404,3.312,61.80,205.00,1,0,0
31406,3.312,146.30,477.00,1,0,1
31409,3.264,67.10,223.00,1,0,1
31411,3.308,62.10,210.00,1,0,1
31414,3.312,61.90,205.00,1,0,1
31416,3.308,62.00,203.00,1,0,0
31419,3.284,99.80,334.00,1,0,0
31421,3.296,89.80,298.00,1,0,0
31424,3.312,62.00,205.00,1,0,0
31426,3.312,61.90,206.00,1,0,1
31429,3.308,62.10,203.00,1,0,1
31441,3.312,61.90,205.00,1,0,0
31444,3.312,61.90,205.00,1,0,0
31446,3.312,61.90,205.00,1,0,1
31449,3.312,61.90,205.00,1,0,1
31451,3.312,61.90,205.00,1,0,1
31454,3.276,109.80,303.00,1,0,1
31456,3.308,64.30,213.00,1,0,0
31459,3.304,61.90,205.00,1,0,0
31461,3.312,61.90,205.00,1,0,0
31464,3.312,64.40,205.00,1,0,0
31466,3.312,61.90,205.00,1,0,1
31469,3.308,61.90,205.00,1,0,1
31471,3.308,62.00,208.00,1,0,1
31473,3.308,62.00,205.00,1,0,1
31486,3.308,61.80,205.00,1,0,1
31489,3.308,61.90,205.00,1,0,1
31491,3.308,61.90,208.00,1,0,1
31494,3.308,61.90,205.00,1,0,1
31496,3.312,61.90,205.00,1,0,0
31498,3.312,61.80,205.00,1,0,0
31501,3.312,143.30,467.00,1,0,0
31503,3.304,62.00,205.00,1,0,0
31506,3.312,61.90,208.00,1,0,1
31508,3.312,61.90,205.00,1,0,1
31511,3.312,62.00,205.00,1,0,1
31513,3.308,61.90,205.00,1,0,1
31516,3.308,62.00,205.00,1,0,0
31518,3.304,61.90,203.00,1,0,0
31531,3.312,62.10,205.00,1,0,1
31533,3.312,62.10,206.00,1,0,1
31536,3.308,62.10,206.00,1,0,0
31538,3.300,61.80,205.00,1,0,0
31541,3.308,61.90,205.00,1,0,0
31543,3.312,62.00,205.00,1,0,0
31546,3.308,61.90,202.00,1,0,1
31548,3.264,108.20,357.00,1,0,1
31551,3.312,62.00,205.00,1,0,1
31553,3.308,62.10,205.00,1,0,1
31556,3.308,62.10,206.00,1,0,0
31558,3.308,61.90,205.00,1,0,0
31561,3.312,62.00,205.00,1,0,0
31563,3.312,61.90,205.00,1,0,0
31576,3.312,62.00,205.00,1,0,0
31578,3.312,61.80,205.00,1,0,0
31581,3.312,61.90,205.00,1,0,0
31583,3.312,61.90,205.00,1,0,0
31586,3.312,62.00,205.00,1,0,1
31588,3.308,62.10,205.00,1,0,1
31591,3.312,62.10,205.00,1,0,1
31593,3.308,61.90,205.00,1,0,1
31595,3.272,119.30,205.00,1,0,0
31598,3.304,62.00,205.00,1,0,0
31600,3.312,61.90,205.00,1,0,0
31603,3.312,62.00,205.00,1,0,0
31605,3.312,61.90,205.00,1,0,1
31608,3.312,61.90,205.00,1,0,1
31620,3.312,62.00,205.00,1,0,0
31623,3.292,98.10,323.00,1,0,0
31625,3.292,97.80,301.00,1,0,1
31628,3.288,69.30,229.00,1,0,1
31630,3.312,62.00,205.00,1,0,1
31633,3.312,62.00,206.00,1,0,1
31635,3.312,62.10,206.00,1,0,0
31638,3.260,147.20,483.00,1,0,0
31640,3.280,66.70,205.00,1,0,0
31643,3.312,61.80,205.00,1,0,0
31645,3.312,61.90,205.00,1,0,1
31648,3.300,62.10,206.00,1,0,1
31650,3.312,62.20,206.00,1,0,1
31653,3.312,62.10,206.00,1,0,1
31665,3.312,62.00,205.00,1,0,1
31668,3.308,65.20,216.00,1,0,1
31670,3.312,62.10,205.00,1,0,1
31673,3.308,62.00,205.00,1,0,1
31675,3.312,62.00,205.00,1,0,0
31678,3.308,72.90,205.00,1,0,0
31680,3.312,61.90,205.00,1,0,0
31683,3.276,132.90,434.00,1,0,0
31685,3.312,62.10,206.00,1,0,1
31688,3.312,62.10,206.00,1,0,1
31690,3.312,62.00,205.00,1,0,1
31692,3.312,62.00,205.00,1,0,1
31695,3.312,62.00,205.00,1,0,0
31697,3.300,62.10,206.00,1,0,0
31710,3.312,61.90,205.00,1,0,1
31713,3.308,61.90,205.00,1,0,1
31715,3.312,62.10,205.00,1,0,0
31717,3.308,62.00,205.00,1,0,0
31720,3.308,62.00,205.00,1,0,0
31722,3.312,61.90,205.00,1,0,0
31725,3.300,99.60,328.00,1,0,1
31727,3.288,98.30,324.00,1,0,1
31730,3.312,62.00,206.00,1,0,1
31732,3.312,62.10,205.00,1,0,1
31735,3.308,62.20,206.00,1,0,1
31737,3.312,72.80,205.00,1,0,0
31740,3.312,61.90,205.00,1,0,0
31742,3.312,61.80,205.00,1,0,0
31755,3.312,62.00,205.00,1,0,0
31757,3.308,75.70,205.00,1,0,0
31760,3.312,61.80,205.00,1,0,0
31762,3.312,61.80,205.00,1,0,0
31765,3.312,62.00,205.00,1,0,0
31767,3.312,69.50,206.00,1,0,1
31770,3.312,142.90,467.00,1,0,1
31772,3.288,62.70,208.00,1,0,1
31775,3.308,62.00,206.00,1,0,1
31777,3.308,67.20,223.00,1,0,0
31780,3.312,61.90,205.00,1,0,0
31782,3.312,62.00,205.00,1,0,0
31785,3.312,62.00,205.00,1,0,0
31787,3.312,62.80,208.00,1,0,1
31800,3.312,62.10,206.00,1,0,0
31802,3.312,62.10,205.00,1,0,0
31805,3.312,61.80,205.00,1,0,0
31807,3.312,61.90,205.00,1,0,1
31810,3.312,61.90,205.00,1,0,1
31812,3.312,62.00,203.00,1,0,1
31814,3.272,126.60,418.00,1,0,1
31817,3.312,68.80,228.00,1,0,0
31819,3.312,62.00,205.00,1,0,0
31822,3.308,61.90,205.00,1,0,0
31824,3.312,61.80,205.00,1,0,0
31827,3.308,106.20,324.00,1,0,1
31829,3.292,98.40,323.00,1,0,1
31832,3.292,63.30,210.00,1,0,1
31844,3.312,61.80,205.00,1,0,0
31847,3.312,62.80,205.00,1,0,1
31849,3.312,62.10,205.00,1,0,1
31852,3.308,62.70,208.00,1,0,1
31854,3.312,61.90,349.00,1,0,1
31857,3.276,114.50,378.00,1,0,0
31859,3.312,61.80,205.00,1,0,0
31862,3.312,61.90,205.00,1,0,0
31864,3.312,62.00,205.00,1,0,0
31867,3.312,63.40,210.00,1,0,1
31869,3.312,62.00,205.00,1,0,1
31872,3.308,61.90,208.00,1,0,1
31874,3.312,61.90,205.00,1,0,1
31877,3.308,61.90,205.00,1,0,0
31889,3.312,62.00,205.00,1,0,1
31892,3.308,61.90,205.00,1,0,1
31894,3.308,62.00,205.00,1,0,1
31897,3.308,65.50,216.00,1,0,0
31899,3.312,62.00,205.00,1,0,0
31902,3.312,61.90,205.00,1,0,0
31904,3.264,143.20,470.00,1,0,0
31907,3.304,61.90,205.00,1,0,1
31909,3.308,61.90,205.00,1,0,1
31911,3.312,63.10,208.00,1,0,1
31914,3.308,62.10,206.00,1,0,1
31916,3.312,62.10,247.00,1,0,0
31919,3.312,61.80,205.00,1,0,0
31921,3.308,61.90,205.00,1,0,0
31934,3.308,62.20,206.00,1,0,1
31937,3.308,62.00,249.00,1,0,0
31939,3.312,61.90,205.00,1,0,0
31941,3.308,61.80,205.00,1,0,0
31944,3.312,61.90,205.00,1,0,0
31946,3.312,71.60,238.00,1,0,1
31949,3.264,146.60,478.00,1,0,1
31951,3.308,62.10,206.00,1,0,1
31954,3.312,62.00,205.00,1,0,1
31956,3.312,62.00,205.00,1,0,0
31959,3.312,61.80,205.00,1,0,0
31961,3.312,62.00,205.00,1,0,0
31964,3.312,62.00,205.00,1,0,0
31966,3.312,62.00,208.00,1,0,1
31979,3.312,62.00,205.00,1,0,0
31981,3.312,62.00,205.00,1,0,0
31984,3.312,61.90,205.00,1,0,0
31986,3.312,61.90,205.00,1,0,1
31989,3.308,62.00,205.00,1,0,1
31991,3.312,62.40,206.00,1,0,1
31994,3.312,62.10,205.00,1,0,1
31996,3.264,121.30,501.00,1,0,0
31999,3.304,62.00,205.00,1,0,0
32001,3.312,62.00,205.00,1,0,0
32004,3.312,61.90,205.00,1,0,0
32006,3.312,61.80,205.00,1,0,1
32009,3.308,62.10,206.00,1,0,1
32011,3.312,62.00,208.00,1,0,1
32024,3.312,61.90,205.00,1,0,0
32026,3.312,62.00,210.00,1,0,1
32029,3.312,62.00,205.00,1,0,1
32031,3.308,93.30,306.00,1,0,1
32034,3.292,98.10,323.00,1,0,1
32036,3.292,66.00,218.00,1,0,0
32038,3.312,61.80,205.00,1,0,0
32041,3.312,99.80,523.00,1,0,0
32043,3.288,91.90,305.00,1,0,0
32046,3.308,62.00,205.00,1,0,1
32048,3.308,62.00,205.00,1,0,1
32051,3.308,62.00,205.00,1,0,1
32053,3.308,61.90,205.00,1,0,1
32056,3.312,61.90,205.00,1,0,0
32068,3.312,62.10,206.00,1,0,1
32071,3.312,62.00,205.00,1,0,1
32073,3.308,62.00,205.00,1,0,1
32076,3.312,61.90,205.00,1,0,0
32078,3.304,62.00,205.00,1,0,0
32081,3.312,61.90,205.00,1,0,0
32083,3.312,61.90,205.00,1,0,0
32086,3.312,62.00,205.00,1,0,1
32088,3.308,165.20,542.00,1,0,1
32091,3.304,62.10,206.00,1,0,1
32093,3.308,62.00,205.00,1,0,1
32096,3.312,62.10,205.00,1,0,0
32098,3.308,61.80,205.00,1,0,0
32101,3.312,61.90,205.00,1,0,0
32113,3.308,62.10,205.00,1,0,1
32116,3.308,61.90,205.00,1,0,0
32118,3.308,61.80,205.00,1,0,0
32121,3.308,61.80,205.00,1,0,0
32123,3.312,61.90,205.00,1,0,0
32126,3.312,61.90,205.00,1,0,1
32128,3.312,62.10,206.00,1,0,1
32131,3.308,61.90,205.00,1,0,1
32133,3.308,81.20,267.00,1,0,1
32135,3.288,92.00,303.00,1,0,0
32138,3.276,94.70,308.00,1,0,0
32140,3.292,62.00,205.00,1,0,0
32143,3.308,62.00,205.00,1,0,0
32145,3.312,61.90,205.00,1,0,1
32158,3.304,140.00,505.00,1,0,0
32160,3.264,62.10,205.00,1,0,0
32163,3.308,61.90,205.00,1,0,0
32165,3.308,61.90,205.00,1,0,1
32168,3.308,62.00,205.00,1,0,1
32170,3.308,62.10,205.00,1,0,1
32173,3.308,62.00,205.00,1,0,1
32175,3.312,62.00,205.00,1,0,0
32178,3.308,141.80,465.00,1,0,0
32180,3.264,69.40,229.00,1,0,0
32183,3.308,61.90,205.00,1,0,0
32185,3.312,61.80,205.00,1,0,1
32188,3.300,62.10,206.00,1,0,1
32190,3.312,62.00,205.00,1,0,1
32203,3.308,61.90,205.00,1,0,0
32205,3.312,61.90,205.00,1,0,1
32208,3.312,62.10,205.00,1,0,1
32210,3.312,62.00,205.00,1,0,1
32213,3.308,61.90,205.00,1,0,1
32215,3.308,62.00,205.00,1,0,0
32218,3.304,63.90,205.00,1,0,0
32220,3.312,62.00,205.00,1,0,0
32223,3.312,61.90,202.00,1,0,0
32225,3.276,109.20,359.00,1,0,1
32228,3.308,63.10,205.00,1,0,1
32230,3.308,62.00,205.00,1,0,1
32232,3.312,62.00,205.00,1,0,1
32235,3.312,62.10,234.00,1,0,0
32248,3.304,133.30,401.00,1,0,1
32250,3.268,62.10,205.00,1,0,1
32253,3.312,62.10,205.00,1,0,1
32255,3.312,62.00,205.00,1,0,0
32257,3.308,61.90,205.00,1,0,0
32260,3.312,61.80,205.00,1,0,0
32262,3.308,61.80,205.00,1,0,0
32265,3.308,61.80,205.00,1,0,1
32267,3.308,62.00,205.00,1,0,1
32270,3.264,142.10,206.00,1,0,1
32272,3.308,63.10,205.00,1,0,1
32275,3.308,62.00,205.00,1,0,1
32277,3.308,73.40,242.00,1,0,0
32280,3.308,61.80,205.00,1,0,0
32292,3.308,63.30,205.00,1,0,1
32295,3.312,62.00,205.00,1,0,1
32297,3.304,69.10,229.00,1,0,0
32300,3.312,61.90,205.00,1,0,0
32302,3.312,62.00,205.00,1,0,0
32305,3.312,61.90,205.00,1,0,0
32307,3.312,71.90,206.00,1,0,1
32310,3.312,62.00,205.00,1,0,1
32312,3.264,119.10,392.00,1,0,1
32315,3.308,62.00,205.00,1,0,1
32317,3.312,62.00,205.00,1,0,0
32320,3.312,62.00,205.00,1,0,0
32322,3.312,61.90,205.00,1,0,0
32325,3.312,61.90,205.00,1,0,0
32337,3.312,66.90,203.00,1,0,0
32340,3.280,94.60,311.00,1,0,0
32342,3.288,98.30,323.00,1,0,0
32345,3.312,61.90,205.00,1,0,0
32347,3.312,62.00,205.00,1,0,1
32350,3.308,62.10,206.00,1,0,1
32352,3.312,141.50,429.00,1,0,1
32354,3.296,62.10,205.00,1,0,1
32357,3.308,77.00,254.00,1,0,0
32359,3.308,61.80,205.00,1,0,0
32362,3.312,61.90,205.00,1,0,0
32364,3.308,61.90,205.00,1,0,0
32367,3.312,64.40,205.00,1,0,1
32369,3.308,62.10,206.00,1,0,1
32382,3.312,61.90,205.00,1,0,0
32384,3.308,64.90,215.00,1,0,0
32387,3.312,62.70,208.00,1,0,1
32389,3.312,62.00,205.00,1,0,1
32392,3.308,61.90,205.00,1,0,1
32394,3.312,61.90,205.00,1,0,1
32397,3.308,61.90,436.00,1,0,0
32399,3.276,106.00,351.00,1,0,0
32402,3.312,62.10,206.00,1,0,0
32404,3.308,61.90,205.00,1,0,0
32407,3.312,62.00,205.00,1,0,1
32409,3.308,62.00,205.00,1,0,1
32412,3.308,61.90,205.00,1,0,1
32414,3.308,62.10,205.00,1,0,1
32427,3.308,61.80,205.00,1,0,0
32429,3.308,61.90,205.00,1,0,0
32432,3.308,64.10,211.00,1,0,1
32434,3.308,62.20,206.00,1,0,1
32437,3.308,62.90,208.00,1,0,1
32439,3.308,61.90,205.00,1,0,1
32442,3.280,101.30,365.00,1,0,0
32444,3.292,92.10,303.00,1,0,0
32447,3.312,61.90,205.00,1,0,0
32449,3.308,62.10,205.00,1,0,0
32452,3.312,63.60,210.00,1,0,1
32454,3.308,62.00,205.00,1,0,1
32456,3.308,61.90,205.00,1,0,1
32459,3.308,62.00,205.00,1,0,1
32472,3.312,62.10,206.00,1,0,1
32474,3.312,61.90,205.00,1,0,1
32477,3.308,61.90,205.00,1,0,1
32479,3.312,62.00,206.00,1,0,1
32481,3.312,63.60,210.00,1,0,0
32484,3.312,62.10,205.00,1,0,0
32486,3.312,62.00,375.00,1,0,0
32489,3.264,62.00,205.00,1,0,0
32491,3.312,61.90,205.00,1,0,1
32494,3.308,62.00,205.00,1,0,1
32496,3.308,63.20,210.00,1,0,1
32499,3.308,62.10,205.00,1,0,1
32501,3.308,62.10,241.00,1,0,0
32504,3.308,61.90,205.00,1,0,0
32516,3.308,63.20,210.00,1,0,1
32519,3.312,62.10,205.00,1,0,1
32521,3.312,61.90,242.00,1,0,0
32524,3.312,61.80,205.00,1,0,0
32526,3.312,61.80,205.00,1,0,0
32529,3.312,61.90,205.00,1,0,0
32531,3.296,122.40,472.00,1,0,1
32534,3.304,62.10,206.00,1,0,1
32536,3.312,62.10,205.00,1,0,1
32539,3.312,61.90,205.00,1,0,1
32541,3.312,61.90,205.00,1,0,0
32544,3.292,92.20,303.00,1,0,0
32546,3.288,92.00,316.00,1,0,0
32549,3.288,83.60,277.00,1,0,0
32561,3.308,63.00,208.00,1,0,0
32564,3.308,61.90,205.00,1,0,0
32566,3.312,62.00,205.00,1,0,0
32569,3.308,61.90,205.00,1,0,0
32571,3.312,61.80,205.00,1,0,1
32574,3.312,61.90,205.00,1,0,1
32576,3.312,134.60,439.00,1,0,1
32578,3.264,62.10,205.00,1,0,1
32581,3.308,62.00,205.00,1,0,0
32583,3.308,62.00,205.00,1,0,0
32586,3.312,61.80,205.00,1,0,0
32588,3.312,61.70,205.00,1,0,0
32591,3.312,61.80,205.00,1,0,1
32593,3.308,62.00,205.00,1,0,1
32606,3.312,61.70,205.00,1,0,0
32608,3.312,61.80,205.00,1,0,0
32611,3.312,61.80,220.00,1,0,1
32613,3.304,62.10,205.00,1,0,1
32616,3.312,62.10,206.00,1,0,1
32618,3.308,61.90,205.00,1,0,1
32621,3.312,144.20,472.00,1,0,0
32623,3.308,61.80,205.00,1,0,0
32626,3.312,61.80,205.00,1,0,0
32628,3.308,62.00,205.00,1,0,0
32631,3.312,62.00,205.00,1,0,1
32633,3.308,62.10,205.00,1,0,1
32636,3.308,62.00,205.00,1,0,1
32638,3.312,61.90,205.00,1,0,1
32651,3.288,61.90,205.00,1,0,1
32653,3.312,61.90,205.00,1,0,1
32656,3.312,61.80,205.00,1,0,1
32658,3.312,61.90,205.00,1,0,1
32661,3.312,61.90,205.00,1,0,0
32663,3.300,82.20,472.00,1,0,0
32666,3.264,62.00,205.00,1,0,0
32668,3.312,61.80,205.00,1,0,0
32671,3.312,61.70,203.00,1,0,1
32673,3.304,61.80,205.00,1,0,1
32675,3.312,61.90,205.00,1,0,1
32678,3.312,62.00,205.00,1,0,1
32680,3.312,62.00,205.00,1,0,0
32683,3.312,61.80,205.00,1,0,0
32696,3.312,62.00,205.00,1,0,1
32698,3.312,62.00,205.00,1,0,1
32700,3.312,61.90,205.00,1,0,0
32703,3.308,61.80,205.00,1,0,0
32705,3.312,61.70,203.00,1,0,0
32708,3.268,140.70,211.00,1,0,0
32710,3.312,61.90,205.00,1,0,1
32713,3.312,62.00,205.00,1,0,1
32715,3.308,62.00,205.00,1,0,1
32718,3.308,61.90,205.00,1,0,1
32720,3.308,61.90,205.00,1,0,0
32723,3.300,62.30,205.00,1,0,0
32725,3.312,61.80,205.00,1,0,0
32728,3.312,61.80,205.00,1,0,0
32740,3.312,61.90,205.00,1,0,0
32743,3.300,61.80,205.00,1,0,0
32745,3.312,61.70,223.00,1,0,0
32748,3.312,99.80,328.00,1,0,0
32750,3.288,97.90,321.00,1,0,1
32753,3.288,91.00,300.00,1,0,1
32755,3.288,61.80,205.00,1,0,1
32758,3.308,61.90,205.00,1,0,1
32760,3.312,61.90,205.00,1,0,0
32763,3.312,62.00,205.00,1,0,0
32765,3.308,61.80,205.00,1,0,0
32768,3.312,61.80,205.00,1,0,0
32770,3.312,61.70,205.00,1,0,1
32772,3.308,61.90,202.00,1,0,1
32785,3.312,61.80,205.00,1,0,0
32788,3.312,61.70,205.00,1,0,0
32790,3.312,61.80,205.00,1,0,1
32793,3.312,61.90,205.00,1,0,1
32795,3.312,62.00,205.00,1,0,1
32797,3.308,87.50,446.00,1,0,1
32800,3.272,61.90,205.00,1,0,0
32802,3.304,69.80,231.00,1,0,0
32805,3.312,61.70,205.00,1,0,0
32807,3.312,61.80,205.00,1,0,0
32810,3.312,61.80,205.00,1,0,0
32817,3.308,61.90,205.00,1,0,1
32820,3.312,61.80,436.00,1,0,1
32822,3.276,62.00,205.00,1,0,0
32825,3.312,61.80,205.00,1,0,0
32827,3.312,61.90,205.00,1,0,0
32830,3.312,61.80,205.00,1,0,0
32832,3.312,61.80,205.00,1,0,1
32835,3.308,61.90,205.00,1,0,1
32837,3.312,61.80,205.00,1,0,1
32839,3.312,61.90,205.00,1,0,1
32852,3.292,94.00,310.00,1,0,1
32855,3.288,91.60,303.00,1,0,1
32857,3.312,63.20,206.00,1,0,1
32860,3.312,62.10,206.00,1,0,1
32862,3.312,78.10,259.00,1,0,0
32864,3.312,61.90,341.00,1,0,0
32867,3.284,168.00,554.00,1,0,0
32869,3.312,61.90,205.00,1,0,0
32872,3.312,63.40,205.00,1,0,1
32874,3.308,62.00,205.00,1,0,1
32877,3.308,63.10,210.00,1,0,1
32879,3.312,62.00,205.00,1,0,1
32882,3.308,70.10,233.00,1,0,0
32884,3.312,61.90,205.00,1,0,0
32897,3.308,62.00,205.00,1,0,1
32899,3.312,62.00,205.00,1,0,1
32902,3.308,62.90,205.00,1,0,0
32904,3.312,61.90,205.00,1,0,0
32907,3.312,61.90,205.00,1,0,0
32909,3.312,61.90,205.00,1,0,0
32912,3.312,69.30,229.00,1,0,1
32914,3.308,143.80,469.00,1,0,1
32917,3.264,68.20,205.00,1,0,1
32919,3.308,62.00,205.00,1,0,1
32922,3.312,64.90,215.00,1,0,0
32924,3.312,61.90,205.00,1,0,0
32927,3.312,61.90,205.00,1,0,0
32929,3.312,61.80,205.00,1,0,0
32942,3.312,74.10,246.00,1,0,0
32944,3.312,61.90,205.00,1,0,0
32947,3.312,61.90,205.00,1,0,0
32949,3.312,61.90,205.00,1,0,0
32952,3.312,62.10,206.00,1,0,1
32954,3.292,98.90,324.00,1,0,1
32957,3.292,101.10,333.00,1,0,1
32959,3.312,62.00,205.00,1,0,1
32962,3.312,61.90,252.00,1,0,0
32964,3.312,61.90,205.00,1,0,0
32966,3.312,62.00,205.00,1,0,0
32969,3.312,62.00,205.00,1,0,0
32971,3.312,70.80,234.00,1,0,1
32974,3.312,62.00,205.00,1,0,1
32987,3.312,62.00,205.00,1,0,0
32989,3.312,62.00,205.00,1,0,0
32991,3.312,61.90,208.00,1,0,1
32994,3.312,61.90,205.00,1,0,1
32996,3.308,61.90,205.00,1,0,1
32999,3.308,140.10,392.00,1,0,1
33001,3.288,63.60,210.00,1,0,0
33004,3.312,63.00,208.00,1,0,0
33006,3.312,61.90,205.00,1,0,0
33009,3.312,61.80,205.00,1,0,0
33011,3.312,61.80,205.00,1,0,1
33014,3.312,62.00,205.00,1,0,1
33016,3.312,62.10,205.00,1,0,1
33019,3.312,62.10,205.00,1,0,1
33031,3.312,61.90,205.00,1,0,1
33034,3.308,62.10,206.00,1,0,1
33036,3.312,63.10,210.00,1,0,1
33039,3.312,62.10,206.00,1,0,1
33041,3.312,62.00,505.00,1,0,0
33044,3.280,141.80,205.00,1,0,0
33046,3.308,61.90,205.00,1,0,0
33049,3.312,62.00,205.00,1,0,0
33051,3.312,62.10,210.00,1,0,1
33054,3.312,62.00,205.00,1,0,1
33056,3.292,98.30,323.00,1,0,1
33059,3.288,96.80,305.00,1,0,1
33061,3.312,61.90,205.00,1,0,0
33063,3.312,61.80,205.00,1,0,0
33076,3.312,61.80,205.00,1,0,1
33079,3.308,61.80,205.00,1,0,1
33081,3.308,61.90,205.00,1,0,0
33084,3.312,61.90,205.00,1,0,0
33086,3.312,61.90,202.00,1,0,0
33088,3.268,142.10,470.00,1,0,0
33091,3.304,61.80,205.00,1,0,1
33093,3.312,61.90,205.00,1,0,1
33096,3.308,61.90,205.00,1,0,1
33098,3.308,62.00,205.00,1,0,1
33101,3.312,64.00,211.00,1,0,0
33103,3.304,61.90,205.00,1,0,0
33106,3.312,62.80,208.00,1,0,0
33108,3.312,139.90,457.00,1,0,0
33121,3.312,61.90,205.00,1,0,0
33123,3.312,61.80,205.00,1,0,0
33126,3.312,61.70,205.00,1,0,0
33128,3.312,61.70,205.00,1,0,0
33131,3.312,61.90,206.00,1,0,1
33133,3.308,111.20,364.00,1,0,1
33136,3.284,66.10,220.00,1,0,1
33138,3.308,62.00,205.00,1,0,1
33141,3.312,61.80,205.00,1,0,0
33143,3.312,61.70,205.00,1,0,0
33146,3.312,61.80,205.00,1,0,0
33148,3.308,62.00,205.00,1,0,0
33151,3.312,61.90,205.00,1,0,1
33153,3.308,62.10,205.00,1,0,1
33166,3.312,62.00,205.00,1,0,0
33168,3.312,61.90,205.00,1,0,0
33171,3.312,61.90,205.00,1,0,1
33173,3.312,61.80,205.00,1,0,1
33176,3.308,61.80,205.00,1,0,1
33178,3.308,134.40,439.00,1,0,1
33181,3.280,68.30,226.00,1,0,0
33183,3.300,62.00,205.00,1,0,0
33185,3.312,62.00,205.00,1,0,0
33188,3.308,61.80,205.00,1,0,0
33190,3.312,61.80,205.00,1,0,1
33193,3.308,61.80,205.00,1,0,1
33195,3.308,61.90,205.00,1,0,1
33198,3.312,62.00,205.00,1,0,1
33211,3.312,61.80,205.00,1,0,1
33213,3.304,62.00,205.00,1,0,1
33215,3.308,62.10,205.00,1,0,1
33218,3.308,62.00,205.00,1,0,1
33220,3.312,62.00,401.00,1,0,0
33223,3.276,61.90,205.00,1,0,0
33225,3.312,61.80,205.00,1,0,0
33228,3.312,61.80,205.00,1,0,0
33230,3.312,61.90,205.00,1,0,1
33233,3.308,62.10,205.00,1,0,1
33235,3.312,62.00,205.00,1,0,1
33238,3.308,61.90,205.00,1,0,1
33240,3.312,61.80,205.00,1,0,0
33243,3.304,63.70,205.00,1,0,0
33255,3.312,61.80,205.00,1,0,1
33258,3.308,61.90,205.00,1,0,1
33260,3.312,97.90,323.00,1,0,0
33263,3.272,98.10,323.00,1,0,0
33265,3.288,91.00,205.00,1,0,0
33268,3.312,61.90,202.00,1,0,0
33270,3.272,141.70,469.00,1,0,1
33273,3.304,65.50,205.00,1,0,1
33275,3.308,61.80,205.00,1,0,1
33278,3.308,61.90,205.00,1,0,1
33280,3.308,61.90,205.00,1,0,0
33283,3.308,61.90,205.00,1,0,0
33285,3.312,62.00,205.00,1,0,0
33287,3.312,61.80,202.00,1,0,0
33300,3.312,62.00,205.00,1,0,0
33303,3.308,73.40,205.00,1,0,0
33305,3.308,61.70,205.00,1,0,0
33308,3.312,61.80,205.00,1,0,0
33310,3.312,61.80,205.00,1,0,1
33312,3.308,145.90,477.00,1,0,1
33315,3.308,62.10,205.00,1,0,1
33317,3.308,63.20,205.00,1,0,1
33320,3.312,61.80,205.00,1,0,1
33322,3.304,69.50,229.00,1,0,0
33325,3.312,61.70,205.00,1,0,0
33327,3.312,61.80,205.00,1,0,0
33330,3.312,61.90,205.00,1,0,0
33332,3.312,71.30,205.00,1,0,1
33345,3.312,61.90,205.00,1,0,0
33347,3.312,61.90,205.00,1,0,0
33350,3.312,62.00,205.00,1,0,1
33352,3.312,61.80,205.00,1,0,1
33355,3.312,61.80,205.00,1,0,1
33357,3.308,140.30,460.00,1,0,1
33360,3.264,110.90,367.00,1,0,1
33362,3.308,66.20,323.00,1,0,0
33365,3.288,98.20,323.00,1,0,0
33367,3.288,62.00,205.00,1,0,0
33370,3.308,61.90,205.00,1,0,0
33372,3.312,62.00,205.00,1,0,1
33375,3.312,61.90,205.00,1,0,1
33377,3.312,63.00,206.00,1,0,1
33390,3.312,61.80,205.00,1,0,0
33392,3.308,62.10,206.00,1,0,1
33395,3.312,62.10,206.00,1,0,1
33397,3.308,63.20,206.00,1,0,1
33400,3.312,62.10,251.00,1,0,1
33402,3.272,81.80,270.00,1,0,0
33405,3.308,61.90,205.00,1,0,0
33407,3.312,61.80,205.00,1,0,0
33409,3.308,62.00,205.00,1,0,0
33412,3.308,63.20,210.00,1,0,1
33414,3.308,62.10,205.00,1,0,1
33417,3.308,62.00,205.00,1,0,1
33419,3.308,62.00,205.00,1,0,1
33422,3.312,61.90,206.00,1,0,0
33434,3.312,62.00,205.00,1,0,1
33437,3.312,62.00,205.00,1,0,1
33439,3.312,62.00,205.00,1,0,1
33442,3.308,63.20,205.00,1,0,0
33444,3.312,61.90,205.00,1,0,0
33447,3.312,62.00,203.00,1,0,0
33449,3.276,121.30,205.00,1,0,0
33452,3.312,62.00,208.00,1,0,1
33454,3.308,62.00,205.00,1,0,1
33457,3.312,62.90,208.00,1,0,1
33459,3.312,62.00,205.00,1,0,1
33462,3.312,72.00,239.00,1,0,0
33464,3.312,62.00,203.00,1,0,0
33467,3.292,98.00,318.00,1,0,0
33479,3.312,62.00,205.00,1,0,1
33482,3.308,76.10,252.00,1,0,0
33484,3.312,61.90,205.00,1,0,0
33487,3.312,61.80,205.00,1,0,0
33489,3.312,61.90,205.00,1,0,0
33492,3.312,62.70,206.00,1,0,1
33494,3.276,125.50,205.00,1,0,1
33497,3.308,62.70,208.00,1,0,1
33499,3.308,62.00,205.00,1,0,1
33502,3.308,62.00,218.00,1,0,0
33504,3.312,61.90,205.00,1,0,0
33506,3.308,62.00,205.00,1,0,0
33509,3.308,62.00,205.00,1,0,0
33511,3.312,64.50,239.00,1,0,1
33524,3.312,61.90,205.00,1,0,0
33527,3.312,61.90,205.00,1,0,0
33529,3.312,61.90,205.00,1,0,0
33531,3.312,61.80,205.00,1,0,1
33534,3.308,62.00,205.00,1,0,1
33536,3.312,62.00,205.00,1,0,1
33539,3.308,62.00,205.00,1,0,1
33541,3.312,125.30,410.00,1,0,0
33544,3.312,62.00,205.00,1,0,0
33546,3.312,61.90,205.00,1,0,0
33549,3.312,61.90,205.00,1,0,0
33551,3.312,61.90,205.00,1,0,1
33554,3.312,61.90,205.00,1,0,1
33556,3.312,63.00,208.00,1,0,1
33569,3.288,97.40,308.00,1,0,0
33571,3.292,87.60,290.00,1,0,1
33574,3.312,62.10,206.00,1,0,1
33576,3.312,62.10,210.00,1,0,1
33579,3.312,61.90,205.00,1,0,1
33581,3.312,62.00,205.00,1,1,0
33584,3.312,65.90,218.00,1,1,0
33586,3.308,65.90,218.00,1,1,0
33589,3.312,65.80,218.00,1,1,0
33591,3.312,65.80,218.00,1,1,0
33594,3.312,169.90,559.00,1,1,0
33596,3.288,91.20,300.00,1,1,0
33599,3.288,91.30,300.00,1,1,0
33601,3.288,91.40,300.00,1,1,0
33614,3.292,100.20,323.00,1,1,0
33616,3.292,99.20,326.00,1,1,0
33619,3.288,93.00,306.00,1,1,0
33621,3.288,90.00,316.00,1,1,0
33624,3.292,93.90,310.00,1,1,0
33626,3.288,98.50,324.00,1,1,0
33628,3.292,98.70,303.00,1,1,0
33631,3.288,92.20,303.00,1,1,0
33633,3.292,97.90,321.00,1,1,0
33636,3.288,92.10,311.00,1,1,0
33638,3.288,94.50,311.00,1,1,0
33641,3.288,98.30,324.00,1,1,0
33643,3.292,98.40,321.00,1,1,0
33646,3.292,100.80,331.00,1,1,0
33658,3.288,91.40,300.00,1,1,0
33661,3.288,91.30,300.00,1,1,0
33663,3.288,91.40,301.00,1,1,0
33666,3.292,91.40,300.00,1,1,0
33668,3.288,94.40,310.00,1,1,0
33671,3.288,96.00,316.00,1,1,0
33673,3.292,93.00,318.00,1,1,0
33676,3.288,119.50,393.00,1,1,0
33678,3.292,97.60,321.00,1,1,0
33681,3.288,98.90,324.00,1,1,0
33683,3.292,92.80,305.00,1,1,0
33686,3.292,95.30,313.00,1,1,0
33688,3.292,98.30,316.00,1,1,0
33691,3.292,97.00,319.00,1,1,0
33703,3.292,96.50,318.00,1,1,0
33706,3.292,102.20,336.00,1,1,0
33708,3.284,100.50,323.00,1,1,0
33711,3.288,98.10,323.00,1,1,0
33713,3.288,98.90,324.00,1,1,0
33716,3.292,118.80,388.00,1,1,0
33718,3.292,91.40,300.00,1,1,0
33721,3.288,91.30,300.00,1,1,0
33723,3.288,91.30,300.00,1,1,0
33726,3.288,91.20,300.00,1,1,0
33728,3.292,91.20,300.00,1,1,0
33730,3.292,98.10,323.00,1,1,0
33733,3.292,98.40,303.00,1,1,0
33746,3.292,98.30,326.00,1,1,0
33748,3.292,98.50,324.00,1,1,0
33750,3.292,101.90,336.00,1,1,0
33753,3.292,97.20,319.00,1,1,0
33755,3.292,94.60,321.00,1,1,0
33758,3.288,97.30,321.00,1,1,0
33760,3.288,97.00,319.00,1,1,0
33763,3.292,92.90,316.00,1,1,0
33765,3.288,96.30,316.00,1,1,0
33768,3.288,101.30,333.00,1,1,0
33770,3.288,102.70,319.00,1,1,0
33773,3.288,101.20,333.00,1,1,0
33775,3.288,100.00,329.00,1,1,0
33788,3.288,91.40,300.00,1,1,0
33790,3.288,93.00,318.00,1,1,0
33793,3.288,97.70,321.00,1,1,0
33795,3.292,99.20,326.00,1,1,0
33798,3.292,101.30,316.00,1,1,0
33800,3.288,98.70,324.00,1,1,0
33803,3.292,98.70,324.00,1,1,0
33805,3.288,98.20,324.00,1,1,0
33808,3.292,99.50,328.00,1,1,0
33810,3.292,98.40,324.00,1,1,0
33813,3.292,98.50,303.00,1,1,0
33815,3.288,93.00,306.00,1,1,0
33818,3.288,92.20,303.00,1,1,0
33820,3.292,99.10,326.00,1,1,0
33833,3.288,102.80,339.00,1,1,0
33835,3.292,102.30,336.00,1,1,0
33838,3.292,169.20,557.00,1,1,0
33840,3.288,91.30,300.00,1,1,0
33843,3.288,91.20,300.00,1,1,0
33845,3.292,91.30,300.00,1,1,0
33848,3.288,91.40,300.00,1,1,0
33850,3.288,91.50,324.00,1,1,0
33852,3.292,98.50,324.00,1,1,0
33855,3.292,98.30,324.00,1,1,0
33857,3.292,98.20,326.00,1,1,0
33860,3.292,98.70,324.00,1,1,0
33862,3.292,99.00,326.00,1,1,0
33865,3.292,98.40,324.00,1,1,0
33877,3.292,99.70,328.00,1,1,0
33880,3.288,91.80,308.00,1,1,0
33882,3.288,98.60,324.00,1,1,0
33885,3.288,98.40,324.00,1,1,0
33887,3.292,98.30,336.00,1,1,0
33890,3.284,103.00,339.00,1,1,0
33892,3.292,102.30,338.00,1,1,0
33895,3.296,102.40,338.00,1,1,0
33897,3.292,102.30,336.00,1,1,0
33900,3.284,91.50,301.00,1,1,0
33902,3.288,91.40,301.00,1,1,0
33905,3.288,91.40,300.00,1,1,0
33907,3.288,91.40,300.00,1,1,0
33920,3.296,101.50,334.00,1,1,0
33922,3.292,99.00,326.00,1,1,0
33925,3.292,98.40,319.00,1,1,0
33927,3.288,89.90,297.00,1,1,0
33930,3.292,98.90,326.00,1,1,0
33932,3.292,98.80,331.00,1,1,0
33935,3.292,99.20,326.00,1,1,0
33937,3.292,98.80,326.00,1,1,0
33940,3.292,98.40,323.00,1,1,0
33942,3.288,98.60,324.00,1,1,0
33945,3.292,98.50,324.00,1,1,0
33947,3.292,98.60,324.00,1,1,0
33950,3.292,102.40,338.00,1,1,0
33952,3.284,102.60,336.00,1,1,0
33965,3.292,98.40,324.00,1,1,0
33967,3.292,98.50,324.00,1,1,0
33970,3.292,98.60,324.00,1,1,0
33972,3.292,98.60,324.00,1,1,0
33975,3.292,98.60,324.00,1,1,0
33977,3.292,98.20,324.00,1,1,0
33979,3.292,99.80,328.00,1,1,0
33982,3.288,91.30,300.00,1,1,0
33984,3.292,99.80,324.00,1,1,0
33987,3.292,99.30,328.00,1,1,0
33989,3.292,98.30,324.00,1,1,0
33992,3.292,98.40,324.00,1,1,0
33994,3.292,98.50,324.00,1,1,0
33997,3.292,98.30,324.00,1,1,0
34009,3.292,98.60,323.00,1,0,0
34012,3.288,108.60,324.00,1,0,0
34014,3.292,98.20,323.00,1,0,0
34017,3.292,98.70,328.00,1,0,0
34019,3.312,61.90,205.00,1,0,1
34022,3.312,61.90,205.00,1,0,1
34024,3.312,61.90,205.00,1,0,1
34027,3.312,61.90,205.00,1,0,1
34029,3.312,62.00,223.00,1,0,0
34032,3.304,125.10,408.00,1,0,0
34034,3.312,61.90,205.00,1,0,0
34037,3.312,61.90,205.00,1,0,0
34039,3.312,61.70,205.00,1,0,1
34042,3.312,61.90,205.00,1,0,1
34054,3.312,61.80,202.00,1,0,0
34057,3.280,141.50,205.00,1,0,0
34059,3.312,65.10,215.00,1,0,1
34062,3.312,62.00,205.00,1,0,1
34064,3.308,62.00,210.00,1,0,1
34067,3.308,61.90,205.00,1,0,1
34069,3.308,61.90,205.00,1,0,0
34072,3.312,61.80,205.00,1,0,0
34074,3.312,61.80,205.00,1,0,0
34077,3.312,120.30,393.00,1,0,0
34079,3.312,61.90,205.00,1,0,1
34081,3.312,62.00,224.00,1,0,1
34084,3.284,91.00,300.00,1,0,1
34086,3.312,61.90,205.00,1,0,1
34099,3.312,61.80,205.00,1,0,1
34102,3.280,162.60,364.00,1,0,1
34104,3.308,61.90,205.00,1,0,1
34106,3.312,61.90,205.00,1,0,1
34109,3.312,61.90,213.00,1,0,0
34111,3.304,61.90,205.00,1,0,0
34114,3.312,61.90,205.00,1,0,0
34116,3.312,61.80,205.00,1,0,0
34119,3.312,61.70,203.00,1,0,1
34121,3.308,139.10,454.00,1,0,1
34124,3.304,62.00,208.00,1,0,1
34126,3.308,61.90,205.00,1,0,1
34129,3.312,62.30,206.00,1,0,0
34131,3.312,61.90,205.00,1,0,0
34144,3.280,63.50,210.00,1,0,1
34146,3.312,62.00,205.00,1,0,1
34149,3.312,62.00,205.00,1,0,0
34151,3.312,61.90,205.00,1,0,0
34154,3.312,61.80,205.00,1,0,0
34156,3.308,61.80,205.00,1,0,0
34159,3.312,61.90,205.00,1,0,1
34161,3.312,62.00,282.00,1,0,1
34164,3.276,121.80,403.00,1,0,1
34166,3.308,62.00,205.00,1,0,1
34169,3.308,61.90,205.00,1,0,0
34171,3.304,61.70,205.00,1,0,0
34174,3.312,61.80,205.00,1,0,0
34176,3.312,61.90,205.00,1,0,0
34189,3.312,62.10,205.00,1,0,0
34191,3.296,62.00,205.00,1,0,0
34194,3.312,62.00,205.00,1,0,0
34196,3.312,62.00,205.00,1,0,0
34199,3.312,62.00,205.00,1,0,1
34201,3.308,62.00,205.00,1,0,1
34203,3.312,62.00,205.00,1,0,1
34206,3.312,62.10,205.00,1,0,1
34208,3.308,62.10,206.00,1,0,0
34211,3.276,121.00,395.00,1,0,0
34213,3.312,62.00,205.00,1,0,0
34216,3.312,62.10,206.00,1,0,0
34218,3.312,61.90,205.00,1,0,1
34221,3.308,62.10,206.00,1,0,1
34233,3.268,68.60,228.00,1,0,0
34236,3.312,62.00,205.00,1,0,0
34238,3.312,62.00,205.00,1,0,1
34241,3.304,62.10,206.00,1,0,1
34243,3.312,62.10,205.00,1,0,1
34246,3.308,65.50,216.00,1,0,1
34248,3.308,62.00,205.00,1,0,0
34251,3.308,70.50,205.00,1,0,0
34253,3.312,62.00,205.00,1,0,0
34256,3.312,140.20,457.00,1,0,0
34258,3.288,107.20,206.00,1,0,1
34261,3.312,62.10,205.00,1,0,1
34263,3.308,62.00,205.00,1,0,1
34266,3.308,62.00,206.00,1,0,1
34278,3.312,62.00,205.00,1,0,1
34281,3.308,62.10,370.00,1,0,1
34283,3.268,62.10,203.00,1,0,1
34286,3.288,97.80,323.00,1,0,1
34288,3.292,98.70,298.00,1,0,0
34291,3.312,62.00,205.00,1,0,0
34293,3.312,62.00,205.00,1,0,0
34296,3.312,61.90,205.00,1,0,0
34298,3.312,61.90,205.00,1,0,1
34300,3.300,62.10,205.00,1,0,1
34303,3.308,62.10,459.00,1,0,1
34305,3.260,62.20,206.00,1,0,1
34308,3.308,62.10,205.00,1,0,1
34310,3.308,76.40,205.00,1,0,0
34323,3.308,62.00,460.00,1,0,1
34325,3.260,62.10,205.00,1,0,1
34328,3.308,62.10,205.00,1,0,0
34330,3.308,74.50,246.00,1,0,0
34333,3.312,62.00,205.00,1,0,0
34335,3.308,62.10,205.00,1,0,0
34338,3.312,62.00,205.00,1,0,0
34340,3.312,62.60,205.00,1,0,1
34343,3.308,62.00,205.00,1,0,1
34345,3.308,62.00,205.00,1,0,1
34348,3.280,143.20,360.00,1,0,1
34350,3.304,63.10,208.00,1,0,0
34353,3.312,62.00,205.00,1,0,0
34355,3.312,62.00,205.00,1,0,0
34368,3.312,62.10,205.00,1,0,1
34370,3.284,144.60,475.00,1,0,0
34373,3.312,62.10,206.00,1,0,0
34375,3.312,62.00,205.00,1,0,0
34378,3.312,61.80,205.00,1,0,0
34380,3.312,62.00,205.00,1,0,1
34383,3.312,62.00,205.00,1,0,1
34385,3.312,63.10,205.00,1,0,1
34388,3.292,98.10,323.00,1,0,1
34390,3.292,104.20,342.00,1,0,0
34393,3.292,107.50,306.00,1,0,0
34395,3.288,97.80,321.00,1,0,0
34397,3.288,93.30,306.00,1,0,0
34400,3.292,98.00,324.00,1,0,1
34413,3.312,61.90,205.00,1,0,0
34415,3.312,147.50,483.00,1,0,0
34418,3.312,62.10,206.00,1,0,0
34420,3.312,69.70,206.00,1,0,1
34422,3.312,62.10,206.00,1,0,1
34425,3.312,62.00,205.00,1,0,1
34427,3.312,61.90,205.00,1,0,1
34430,3.312,65.30,216.00,1,0,0
34432,3.312,64.50,213.00,1,0,0
34435,3.312,62.00,205.00,1,0,0
34437,3.312,61.90,203.00,1,0,0
34440,3.292,142.00,465.00,1,0,1
34442,3.312,62.00,205.00,1,0,1
34445,3.312,61.90,205.00,1,0,1
34457,3.312,61.90,205.00,1,0,0
34460,3.312,61.90,205.00,1,0,1
34462,3.264,143.20,467.00,1,0,1
34465,3.312,62.10,206.00,1,0,1
34467,3.312,62.10,206.00,1,0,1
34470,3.312,69.00,228.00,1,0,0
34472,3.312,62.00,205.00,1,0,0
34475,3.312,61.90,205.00,1,0,0
34477,3.312,61.80,205.00,1,0,0
34480,3.312,61.80,205.00,1,0,1
34482,3.312,122.70,401.00,1,0,1
34485,3.276,63.30,210.00,1,0,1
34487,3.312,62.10,205.00,1,0,1
34490,3.292,95.50,377.00,1,0,0
34502,3.308,62.10,292.00,1,0,1
34505,3.276,70.20,233.00,1,0,1
34507,3.308,62.00,205.00,1,0,1
34510,3.312,61.90,231.00,1,0,0
34512,3.312,61.90,205.00,1,0,0
34515,3.312,62.00,205.00,1,0,0
34517,3.312,62.00,206.00,1,0,0
34519,3.312,62.70,208.00,1,0,1
34522,3.312,62.00,205.00,1,0,1
34524,3.268,109.80,470.00,1,0,1
34527,3.304,61.90,205.00,1,0,1
34529,3.312,61.90,205.00,1,0,0
34532,3.312,61.90,205.00,1,0,0
34534,3.312,64.50,213.00,1,0,0
34547,3.312,62.00,410.00,1,0,1
34549,3.276,87.30,288.00,1,0,0
34552,3.312,62.10,206.00,1,0,0
34554,3.308,62.00,205.00,1,0,0
34557,3.312,61.80,205.00,1,0,0
34559,3.312,61.80,205.00,1,0,1
34562,3.312,61.90,205.00,1,0,1
34564,3.308,62.70,208.00,1,0,1
34567,3.308,62.10,205.00,1,0,1
34569,3.312,62.10,505.00,1,0,0
34572,3.276,61.90,205.00,1,0,0
34574,3.312,61.90,205.00,1,0,0
34577,3.312,61.90,205.00,1,0,0
34579,3.312,62.80,208.00,1,0,1
34592,3.304,102.90,323.00,1,0,0
34594,3.280,97.10,319.00,1,0,0
34597,3.312,62.10,206.00,1,0,0
34599,3.312,62.00,239.00,1,0,1
34602,3.312,62.20,206.00,1,0,1
34604,3.308,62.00,205.00,1,0,1
34607,3.308,62.00,205.00,1,0,1
34609,3.312,61.90,205.00,1,0,0
34612,3.312,61.80,205.00,1,0,0
34614,3.312,61.90,205.00,1,0,0
34617,3.312,72.90,239.00,1,0,0
34619,3.268,111.80,369.00,1,0,1
34621,3.308,62.00,205.00,1,0,1
34624,3.312,61.90,205.00,1,0,1
34637,3.312,62.00,213.00,1,0,0
34639,3.312,61.80,205.00,1,0,1
34642,3.312,137.60,452.00,1,0,1
34644,3.268,72.30,208.00,1,0,1
34646,3.308,62.10,205.00,1,0,1
34649,3.312,62.10,205.00,1,0,0
34651,3.308,62.00,205.00,1,0,0
34654,3.312,61.80,205.00,1,0,0
34656,3.312,61.90,205.00,1,0,0
34659,3.312,61.80,203.00,1,0,1
34661,3.300,62.10,205.00,1,0,1
34664,3.256,98.40,319.00,1,0,1
34666,3.308,62.20,206.00,1,0,1
34669,3.308,62.00,205.00,1,0,0
34681,3.312,62.00,203.00,1,0,1
34684,3.248,119.30,392.00,1,0,1
34686,3.308,62.10,205.00,1,0,1
34689,3.312,62.00,205.00,1,0,0
34691,3.304,61.80,205.00,1,0,0
34694,3.312,106.90,352.00,1,0,0
34696,3.292,97.50,324.00,1,0,0
34699,3.292,62.10,205.00,1,0,1
34701,3.308,62.30,206.00,1,0,1
34704,3.308,62.00,203.00,1,0,1
34706,3.264,142.70,470.00,1,0,1
34709,3.308,62.00,205.00,1,0,0
34711,3.296,62.10,205.00,1,0,0
34714,3.308,62.00,205.00,1,0,0
34726,3.312,95.80,313.00,1,0,1
34729,3.308,62.10,206.00,1,0,0
34731,3.304,62.00,206.00,1,0,0
34734,3.312,61.90,205.00,1,0,0
34736,3.308,62.00,205.00,1,0,0
34739,3.312,61.90,205.00,1,0,1
34741,3.308,61.90,205.00,1,0,1
34743,3.308,62.10,205.00,1,0,1
34746,3.312,146.30,477.00,1,0,1
34748,3.296,62.20,205.00,1,0,0
34751,3.308,62.00,205.00,1,0,0
34753,3.308,61.90,205.00,1,0,0
34756,3.308,61.80,205.00,1,0,0
34758,3.312,62.00,205.00,1,0,1
34771,3.308,61.90,205.00,1,0,0
34773,3.308,61.90,205.00,1,0,0
34776,3.312,62.00,205.00,1,0,0
34778,3.308,62.00,205.00,1,0,1
34781,3.308,62.20,206.00,1,0,1
34783,3.308,62.10,205.00,1,0,1
34786,3.308,62.00,205.00,1,0,1
34788,3.308,140.40,459.00,1,0,0
34791,3.288,65.10,215.00,1,0,0
34793,3.308,61.90,205.00,1,0,0
34796,3.308,99.20,326.00,1,0,0
34798,3.292,98.10,323.00,1,0,1
34801,3.288,81.10,205.00,1,0,1
34803,3.312,61.90,205.00,1,0,1
34820,3.312,61.90,205.00,1,0,1
34823,3.308,61.80,205.00,1,0,1
34825,3.312,62.90,205.00,1,0,1
34828,3.312,61.90,205.00,1,0,1
34830,3.312,74.10,246.00,1,0,0
34833,3.312,61.80,205.00,1,0,0
34835,3.312,61.80,205.00,1,0,0
34838,3.312,140.80,460.00,1,0,0
34840,3.292,62.10,205.00,1,0,1
34842,3.308,62.10,206.00,1,0,1
34845,3.312,63.00,208.00,1,0,1
34847,3.312,62.80,205.00,1,0,1
34850,3.308,74.30,246.00,1,0,0
34852,3.312,61.80,205.00,1,0,0
34865,3.308,61.90,205.00,1,0,1
34867,3.308,61.90,205.00,1,0,1
34870,3.308,64.20,213.00,1,0,0
34872,3.312,61.80,205.00,1,0,0
34875,3.312,61.80,205.00,1,0,0
34877,3.312,61.90,205.00,1,0,0
34880,3.312,92.00,300.00,1,0,1
34882,3.300,62.00,205.00,1,0,1
34885,3.312,61.90,205.00,1,0,1
34887,3.308,61.80,205.00,1,0,1
34890,3.312,62.90,208.00,1,0,0
34892,3.308,61.90,205.00,1,0,0
34895,3.312,61.80,205.00,1,0,0
34897,3.312,61.80,205.00,1,0,0
34910,3.312,70.60,233.00,1,0,0
34912,3.312,62.00,205.00,1,0,0
34915,3.312,61.90,205.00,1,0,0
34917,3.312,62.00,205.00,1,0,0
34920,3.312,61.90,205.00,1,0,1
34922,3.308,119.60,392.00,1,0,1
34925,3.308,63.20,210.00,1,0,1
34927,3.312,62.10,205.00,1,0,1
34930,3.312,62.00,244.00,1,0,0
34932,3.312,61.90,205.00,1,0,0
34935,3.312,61.90,205.00,1,0,0
34937,3.312,61.90,205.00,1,0,0
34939,3.312,62.80,208.00,1,0,1
34942,3.312,62.00,205.00,1,0,1
34955,3.312,61.90,205.00,1,0,0
34957,3.312,61.90,205.00,1,0,0
34960,3.312,72.00,239.00,1,0,1
34962,3.312,62.00,205.00,1,0,1
34964,3.312,61.90,205.00,1,0,1
34967,3.312,62.00,203.00,1,0,1
34969,3.268,74.00,244.00,1,0,0
34972,3.312,62.00,205.00,1,0,0
34974,3.312,61.90,205.00,1,0,0
34977,3.312,61.90,205.00,1,0,0
34979,3.312,61.90,205.00,1,0,1
34982,3.312,61.90,205.00,1,0,1
34984,3.312,62.00,205.00,1,0,1
34987,3.308,62.10,206.00,1,0,1
34999,3.312,61.80,205.00,1,0,1
35002,3.288,98.00,324.00,1,0,1
35004,3.292,92.30,305.00,1,0,1
35007,3.312,62.20,206.00,1,0,1
35009,3.308,62.10,510.00,1,0,0
35012,3.280,72.70,241.00,1,0,0
35014,3.312,62.00,205.00,1,0,0
35017,3.308,62.00,205.00,1,0,0
35019,3.312,64.70,213.00,1,0,1
35022,3.308,62.20,206.00,1,0,1
35024,3.308,62.10,210.00,1,0,1
35027,3.312,61.90,205.00,1,0,1
35029,3.312,61.90,205.00,1,0,0
35032,3.312,61.90,205.00,1,0,0
35044,3.312,61.90,205.00,1,0,1
35047,3.308,61.90,205.00,1,0,1
35049,3.308,62.00,205.00,1,0,0
35052,3.312,62.80,208.00,1,0,0
35054,3.308,62.00,401.00,1,0,0
35057,3.268,62.70,208.00,1,0,0
35059,3.312,62.00,205.00,1,0,1
35061,3.312,61.90,205.00,1,0,1
35064,3.308,62.00,205.00,1,0,1
35066,3.312,62.00,205.00,1,0,1
35069,3.308,62.10,211.00,1,0,0
35071,3.300,62.00,205.00,1,0,0
35074,3.312,62.00,205.00,1,0,0
35076,3.312,61.90,239.00,1,0,0
35089,3.308,62.10,206.00,1,0,0
35091,3.312,62.00,205.00,1,0,0
35094,3.312,61.80,205.00,1,0,0
35096,3.312,61.90,205.00,1,0,0
35099,3.308,61.90,290.00,1,0,1
35101,3.276,122.30,401.00,1,0,1
35104,3.284,98.20,323.00,1,0,1
35106,3.292,99.90,316.00,1,0,1
35109,3.288,63.70,211.00,1,0,0
35111,3.312,61.80,205.00,1,0,0
35114,3.312,61.80,205.00,1,0,0
35116,3.312,62.00,205.00,1,0,0
35119,3.312,62.00,205.00,1,0,1
35121,3.268,147.90,469.00,1,0,1
35134,3.312,62.00,205.00,1,0,0
35136,3.312,62.00,205.00,1,0,0
35139,3.312,61.90,205.00,1,0,1
35141,3.308,62.00,203.00,1,0,1
35144,3.284,156.70,205.00,1,0,1
35146,3.308,62.00,205.00,1,0,1
35149,3.308,62.00,205.00,1,0,0
35151,3.300,62.00,205.00,1,0,0
35154,3.312,62.00,205.00,1,0,0
35156,3.312,61.90,205.00,1,0,0
35158,3.312,61.80,205.00,1,0,1
35161,3.312,61.90,205.00,1,0,1
35163,3.308,61.90,205.00,1,0,1
35166,3.308,107.20,393.00,1,0,1
35179,3.308,61.80,205.00,1,0,1
35181,3.312,61.90,205.00,1,0,1
35184,3.312,62.10,206.00,1,0,1
35186,3.308,62.10,205.00,1,0,1
35188,3.268,113.10,223.00,1,0,0
35191,3.312,61.90,205.00,1,0,0
35193,3.312,61.80,205.00,1,0,0
35196,3.312,61.80,205.00,1,0,0
35198,3.308,62.00,205.00,1,0,1
35201,3.304,62.20,206.00,1,0,1
35203,3.308,62.10,205.00,1,0,1
35206,3.308,98.50,324.00,1,0,1
35208,3.292,102.80,338.00,1,0,0
35211,3.284,103.80,205.00,1,0,0
35223,3.312,61.80,205.00,1,0,1
35226,3.308,61.90,205.00,1,0,1
35228,3.308,61.80,205.00,1,0,0
35231,3.300,141.30,462.00,1,0,0
35233,3.300,62.00,205.00,1,0,0
35236,3.312,62.00,205.00,1,0,0
35238,3.308,61.90,205.00,1,0,1
35241,3.308,61.80,205.00,1,0,1
35243,3.308,61.80,205.00,1,0,1
35246,3.308,61.90,205.00,1,0,1
35248,3.312,62.10,205.00,1,0,0
35251,3.312,61.90,205.00,1,0,0
35253,3.308,132.90,436.00,1,0,0
35255,3.248,78.20,205.00,1,0,0
35268,3.308,62.00,205.00,1,0,0
35271,3.308,61.80,205.00,1,0,0
35273,3.312,61.70,205.00,1,0,0
35276,3.312,61.70,205.00,1,0,0
35278,3.312,119.80,392.00,1,0,1
35281,3.308,62.00,205.00,1,0,1
35283,3.308,62.00,206.00,1,0,1
35285,3.312,63.00,205.00,1,0,1
35288,3.312,61.90,205.00,1,0,0
35290,3.308,71.00,236.00,1,0,0
35293,3.312,61.70,205.00,1,0,0
35295,3.312,61.80,205.00,1,0,0
35298,3.312,61.90,205.00,1,0,0
35300,3.312,62.60,203.00,1,0,1
35313,3.288,72.70,206.00,1,0,0
35315,3.312,62.10,205.00,1,0,0
35318,3.312,62.10,206.00,1,0,1
35320,3.312,71.10,205.00,1,0,1
35323,3.312,62.00,205.00,1,0,1
35325,3.264,144.40,474.00,1,0,1
35328,3.304,62.10,206.00,1,0,1
35330,3.312,62.10,206.00,1,0,0
35333,3.312,62.10,205.00,1,0,0
35335,3.312,62.10,205.00,1,0,0
35338,3.312,61.90,205.00,1,0,0
35340,3.312,62.00,205.00,1,0,1
35343,3.312,61.90,205.00,1,0,1
35345,3.312,62.70,401.00,1,0,1
35358,3.312,61.80,205.00,1,0,0
35360,3.308,62.10,206.00,1,0,1
35363,3.308,62.10,205.00,1,0,1
35365,3.308,63.00,206.00,1,0,1
35368,3.312,62.10,206.00,1,0,1
35370,3.288,141.30,462.00,1,0,0
35373,3.312,61.90,205.00,1,0,0
35375,3.312,61.90,205.00,1,0,0
35378,3.312,62.00,205.00,1,0,0
35380,3.312,69.20,206.00,1,0,1
35382,3.308,62.20,206.00,1,0,1
35385,3.308,62.60,206.00,1,0,1
35387,3.312,62.00,205.00,1,0,1
35390,3.312,62.00,216.00,1,0,0
35403,3.308,62.10,205.00,1,0,1
35405,3.308,62.00,205.00,1,0,1
35407,3.312,61.90,205.00,1,0,1
35410,3.312,62.40,344.00,1,0,0
35412,3.292,102.80,339.00,1,0,0
35415,3.292,91.10,301.00,1,0,0
35417,3.312,62.10,365.00,1,0,0
35420,3.264,62.10,205.00,1,0,1
35422,3.308,62.00,205.00,1,0,1
35425,3.312,61.90,205.00,1,0,1
35427,3.312,62.00,205.00,1,0,1
35430,3.308,68.50,226.00,1,0,0
35432,3.312,62.00,205.00,1,0,0
35435,3.312,61.90,205.00,1,0,0
35447,3.312,62.20,206.00,1,0,1
35450,3.312,75.50,251.00,1,0,0
35452,3.308,61.90,205.00,1,0,0
35455,3.312,61.80,205.00,1,0,0
35457,3.312,61.80,205.00,1,0,0
35460,3.312,62.50,206.00,1,0,1
35462,3.308,63.00,205.00,1,0,1
35465,3.308,135.80,446.00,1,0,1
35467,3.280,106.60,352.00,1,0,1
35470,3.308,62.00,236.00,1,0,0
35472,3.308,61.90,205.00,1,0,0
35475,3.308,61.90,205.00,1,0,0
35477,3.312,61.90,205.00,1,0,0
35479,3.312,62.80,208.00,1,0,1
35492,3.312,61.90,205.00,1,0,0
35495,3.312,62.00,205.00,1,0,0
35497,3.312,62.00,205.00,1,0,0
35500,3.312,61.90,228.00,1,0,1
35502,3.308,62.00,205.00,1,0,1
35504,3.308,61.90,205.00,1,0,1
35507,3.312,61.90,205.00,1,0,1
35509,3.308,65.20,213.00,1,0,0
35512,3.276,124.20,410.00,1,0,0
35514,3.292,94.40,323.00,1,0,0
35517,3.288,91.00,301.00,1,0,0
35519,3.308,61.90,205.00,1,0,1
35522,3.312,62.00,205.00,1,0,1
35524,3.308,63.00,208.00,1,0,1
35537,3.312,62.00,205.00,1,0,0
35539,3.312,62.50,206.00,1,0,1
35542,3.308,62.00,205.00,1,0,1
35544,3.308,62.00,210.00,1,0,1
35547,3.308,62.00,205.00,1,0,1
35549,3.308,61.90,205.00,1,0,0
35552,3.312,61.90,203.00,1,0,0
35554,3.288,140.00,462.00,1,0,0
35557,3.312,61.90,205.00,1,0,0
35559,3.312,64.50,236.00,1,0,1
35562,3.308,62.00,205.00,1,0,1
35564,3.312,62.20,206.00,1,0,1
35567,3.308,62.00,205.00,1,0,1
35569,3.308,61.90,205.00,1,0,0
35582,3.312,62.00,205.00,1,0,1
35584,3.308,62.00,205.00,1,0,1
35587,3.312,61.90,205.00,1,0,1
35589,3.308,62.90,208.00,1,0,0
35592,3.304,61.90,205.00,1,0,0
35594,3.312,61.90,205.00,1,0,0
35597,3.312,61.90,205.00,1,0,0
35599,3.312,143.40,469.00,1,0,1
35601,3.308,62.00,205.00,1,0,1
35604,3.312,62.00,206.00,1,0,1
35606,3.312,62.00,205.00,1,0,1
35609,3.312,62.00,205.00,1,0,0
35611,3.308,61.90,205.00,1,0,0
35614,3.312,61.90,205.00,1,0,0
35626,3.308,62.00,205.00,1,0,1
35629,3.308,62.00,205.00,1,0,0
35631,3.308,61.90,205.00,1,0,0
35634,3.312,61.90,205.00,1,0,0
35636,3.312,61.90,205.00,1,0,0
35639,3.312,61.90,208.00,1,0,1
35641,3.312,61.90,205.00,1,0,1
35644,3.312,62.00,205.00,1,0,1
35646,3.264,143.30,467.00,1,0,1
35649,3.308,62.00,205.00,1,0,0
35651,3.304,61.90,205.00,1,0,0
35654,3.312,62.00,205.00,1,0,0
35656,3.312,61.90,205.00,1,0,0
35659,3.312,61.90,205.00,1,0,1
35671,3.300,62.00,205.00,1,0,0
35674,3.312,61.90,205.00,1,0,0
35676,3.312,61.90,205.00,1,0,0
35679,3.312,61.80,205.00,1,0,1
35681,3.308,62.00,205.00,1,0,1
35684,3.308,62.00,205.00,1,0,1
35686,3.308,62.10,205.00,1,0,1
35689,3.312,64.00,210.00,1,0,0
35691,3.276,140.10,205.00,1,0,0
35694,3.312,61.90,205.00,1,0,0
35696,3.312,61.90,205.00,1,0,0
35698,3.308,61.80,205.00,1,0,1
35701,3.312,62.00,205.00,1,0,1
35703,3.308,62.00,205.00,1,0,1
35716,3.312,61.90,205.00,1,0,0
35719,3.288,98.70,324.00,1,0,1
35721,3.292,98.80,300.00,1,0,1
35723,3.296,62.10,206.00,1,0,1
35726,3.312,61.90,205.00,1,0,1
35728,3.312,61.90,205.00,1,0,0
35731,3.308,61.90,205.00,1,0,0
35733,3.308,61.90,205.00,1,0,0
35736,3.312,62.00,406.00,1,0,0
35738,3.280,62.10,206.00,1,0,1
35741,3.312,62.10,206.00,1,0,1
35743,3.312,62.00,205.00,1,0,1
35746,3.308,62.00,205.00,1,0,1
35748,3.308,62.00,205.00,1,0,0
35761,3.312,119.60,392.00,1,0,1
35763,3.308,62.00,205.00,1,0,1
35766,3.308,62.00,205.00,1,0,1
35768,3.308,63.00,208.00,1,0,0
35771,3.300,62.00,205.00,1,0,0
35773,3.312,61.90,205.00,1,0,0
35776,3.312,61.80,205.00,1,0,0
35778,3.312,61.80,205.00,1,0,1
35781,3.312,61.90,205.00,1,0,1
35783,3.308,62.10,205.00,1,0,1
35786,3.260,119.60,392.00,1,0,1
35788,3.312,62.10,205.00,1,0,0
35791,3.312,62.00,205.00,1,0,0
35793,3.312,61.80,205.00,1,0,0
35806,3.312,62.00,203.00,1,0,1
35808,3.264,70.30,233.00,1,0,0
35811,3.312,73.80,205.00,1,0,0
35813,3.312,61.80,205.00,1,0,0
35816,3.312,61.90,205.00,1,0,0
35818,3.312,62.00,205.00,1,0,1
35820,3.312,98.10,323.00,1,0,1
35823,3.292,98.10,323.00,1,0,1
35825,3.308,62.00,205.00,1,0,1
35828,3.308,62.00,205.00,1,0,0
35830,3.304,68.00,223.00,1,0,0
35833,3.264,72.90,206.00,1,0,0
35835,3.312,62.10,206.00,1,0,0
35838,3.312,62.00,205.00,1,0,0
35850,3.308,62.10,206.00,1,0,0
35853,3.312,66.10,216.00,1,0,0
35855,3.280,138.60,205.00,1,0,0
35858,3.312,62.00,205.00,1,0,1
35860,3.308,64.90,215.00,1,0,1
35863,3.312,62.00,205.00,1,0,1
35865,3.312,62.10,206.00,1,0,1
35868,3.312,62.20,206.00,1,0,1
35870,3.312,70.20,208.00,1,0,0
35873,3.312,61.90,205.00,1,0,0
35875,3.312,61.90,205.00,1,0,0
35878,3.276,122.40,380.00,1,0,0
35880,3.312,62.00,205.00,1,0,1
35883,3.312,62.20,206.00,1,0,1
35895,3.312,61.90,205.00,1,0,0
35898,3.312,121.70,401.00,1,0,0
35900,3.276,88.90,206.00,1,0,1
35903,3.308,62.20,206.00,1,0,1
35905,3.308,63.00,208.00,1,0,1
35908,3.312,62.00,205.00,1,0,1
35910,3.312,67.10,223.00,1,0,0
35913,3.312,61.90,205.00,1,0,0
35915,3.312,62.00,205.00,1,0,0
35918,3.312,62.10,206.00,1,0,0
35920,3.312,71.30,236.00,1,0,1
35922,3.312,85.00,331.00,1,0,1
35925,3.292,97.80,323.00,1,0,1
35927,3.296,62.00,205.00,1,0,1
35940,3.312,62.00,205.00,1,0,1
35943,3.312,61.90,205.00,1,0,1
35945,3.312,124.00,405.00,1,0,1
35947,3.268,64.10,213.00,1,0,1
35950,3.312,67.00,221.00,1,0,0
35952,3.312,62.10,206.00,1,0,0
35955,3.312,61.90,205.00,1,0,0
35957,3.312,61.80,205.00,1,0,0
35960,3.312,61.90,205.00,1,0,1
35962,3.312,62.00,205.00,1,0,1
35965,3.312,62.70,208.00,1,0,1
35967,3.308,62.10,462.00,1,0,1
35970,3.280,79.80,264.00,1,0,0
35972,3.312,62.00,205.00,1,0,0
35985,3.308,63.20,210.00,1,0,1
35987,3.312,62.00,205.00,1,0,1
35990,3.312,130.50,429.00,1,0,0
35992,3.312,61.90,205.00,1,0,0
35995,3.312,61.90,205.00,1,0,0
35997,3.312,62.10,206.00,1,0,0
36000,3.312,63.20,210.00,1,0,1
36002,3.312,62.10,205.00,1,0,1
36005,3.312,62.00,205.00,1,0,1
36007,3.308,61.90,205.00,1,0,1
36010,3.312,62.00,205.00,1,0,0
36012,3.312,61.90,459.00,1,0,0
36015,3.268,62.10,206.00,1,0,0
36017,3.312,62.10,206.00,1,0,0
36030,3.288,82.50,272.00,1,0,0
36032,3.312,62.00,265.00,1,0,0
36035,3.276,126.00,416.00,1,0,0
36037,3.312,62.00,205.00,1,0,0
36040,3.312,61.80,208.00,1,0,1
36042,3.308,62.00,205.00,1,0,1
36044,3.312,63.40,210.00,1,0,1
36047,3.312,62.10,206.00,1,0,1
36049,3.312,62.10,241.00,1,0,0
36052,3.308,62.00,205.00,1,0,0
36054,3.308,61.90,205.00,1,0,0
36057,3.312,118.40,392.00,1,0,0
36059,3.276,61.90,205.00,1,0,1
36062,3.308,62.10,205.00,1,0,1
36074,3.312,61.80,205.00,1,0,0
36077,3.308,135.80,529.00,1,0,0
36079,3.268,63.30,210.00,1,0,1
36082,3.308,62.10,205.00,1,0,1
36084,3.312,62.20,206.00,1,0,1
36087,3.308,62.00,205.00,1,0,1
36089,3.312,61.90,205.00,1,0,0
36092,3.312,61.80,205.00,1,0,0
36094,3.312,62.00,205.00,1,0,0
36097,3.312,62.00,205.00,1,0,0
36099,3.284,122.70,506.00,1,0,1
36102,3.288,62.20,206.00,1,0,1
36104,3.308,62.00,205.00,1,0,1
36107,3.312,61.90,205.00,1,0,1
36119,3.296,123.20,403.00,1,0,1
36122,3.300,62.00,205.00,1,0,1
36124,3.308,61.90,205.00,1,0,1
36127,3.308,62.20,205.00,1,0,1
36129,3.292,98.50,347.00,1,0,0
36132,3.280,62.00,205.00,1,0,0
36134,3.312,61.90,205.00,1,0,0
36137,3.312,61.80,205.00,1,0,0
36139,3.312,61.70,205.00,1,0,1
36141,3.308,61.80,205.00,1,0,1
36144,3.280,145.30,269.00,1,0,1
36146,3.312,62.10,206.00,1,0,1
36149,3.312,62.00,205.00,1,0,0
36151,3.312,61.80,205.00,1,0,0
36164,3.308,62.00,205.00,1,0,1
36166,3.276,103.00,283.00,1,0,1
36169,3.308,62.00,205.00,1,0,0
36171,3.312,61.70,205.00,1,0,0
36174,3.312,64.20,205.00,1,0,0
36176,3.312,61.90,205.00,1,0,0
36179,3.308,61.90,205.00,1,0,1
36181,3.308,62.00,205.00,1,0,1
36184,3.312,61.90,205.00,1,0,1
36186,3.312,61.80,205.00,1,0,1
36189,3.312,61.80,457.00,1,0,0
36191,3.256,90.60,300.00,1,0,0
36194,3.312,61.90,205.00,1,0,0
36196,3.312,61.90,205.00,1,0,0
36209,3.312,61.80,205.00,1,0,0
36211,3.304,61.80,457.00,1,0,0
36214,3.260,62.00,205.00,1,0,0
36216,3.312,61.90,205.00,1,0,0
36219,3.312,61.90,205.00,1,0,1
36221,3.304,61.90,205.00,1,0,1
36224,3.312,61.90,205.00,1,0,1
36226,3.312,62.00,205.00,1,0,1
36229,3.308,61.90,203.00,1,0,0
36231,3.292,92.50,305.00,1,0,0
36234,3.288,92.90,298.00,1,0,0
36236,3.280,61.90,205.00,1,0,0
36238,3.312,61.90,205.00,1,0,1
36241,3.308,62.10,205.00,1,0,1
36254,3.312,61.90,205.00,1,0,0
36256,3.312,62.00,205.00,1,0,0
36259,3.312,62.00,203.00,1,0,1
36261,3.276,99.70,331.00,1,0,1
36263,3.312,62.20,205.00,1,0,1
36266,3.308,62.00,205.00,1,0,1
36268,3.308,62.10,206.00,1,0,0
36271,3.300,62.10,205.00,1,0,0
36273,3.308,61.90,205.00,1,0,0
36276,3.312,64.60,215.00,1,0,0
36278,3.308,62.00,205.00,1,0,1
36281,3.300,120.40,393.00,1,0,1
36283,3.312,62.20,206.00,1,0,1
36286,3.308,62.10,206.00,1,0,1
36298,3.312,62.00,205.00,1,0,1
36301,3.312,62.00,205.00,1,0,1
36303,3.308,129.30,424.00,1,0,1
36306,3.276,104.20,346.00,1,0,1
36308,3.308,62.20,205.00,1,0,0
36311,3.308,62.00,205.00,1,0,0
36313,3.308,61.90,205.00,1,0,0
36316,3.312,61.90,205.00,1,0,0
36318,3.312,62.00,205.00,1,0,1
36321,3.308,62.10,205.00,1,0,1
36323,3.312,62.00,451.00,1,0,1
36326,3.292,72.90,241.00,1,0,1
36328,3.308,62.10,205.00,1,0,0
36331,3.308,73.10,203.00,1,0,0
36343,3.312,62.00,205.00,1,0,1
36346,3.312,61.90,205.00,1,0,1
36348,3.308,75.20,246.00,1,0,0
36351,3.260,86.60,205.00,1,0,0
36353,3.308,61.90,205.00,1,0,0
36356,3.312,61.90,205.00,1,0,0
36358,3.312,61.80,205.00,1,0,1
36360,3.312,63.00,205.00,1,0,1
36363,3.312,61.90,205.00,1,0,1
36365,3.308,61.80,205.00,1,0,1
36368,3.312,61.90,205.00,1,0,0
36370,3.308,122.40,401.00,1,0,0
36373,3.312,61.90,205.00,1,0,0
36375,3.312,61.80,205.00,1,0,0
36388,3.312,61.90,205.00,1,0,0
36390,3.312,61.80,205.00,1,0,0
36393,3.312,61.80,205.00,1,0,0
36395,3.276,138.40,408.00,1,0,0
36398,3.312,61.80,205.00,1,0,1
36400,3.300,62.00,205.00,1,0,1
36403,3.308,62.00,205.00,1,0,1
36405,3.308,61.80,205.00,1,0,1
36408,3.312,61.80,205.00,1,0,1
36410,3.308,75.40,249.00,1,0,0
36413,3.312,61.70,205.00,1,0,0
36415,3.312,145.70,477.00,1,0,0
36418,3.312,62.00,205.00,1,0,0
36420,3.312,63.10,205.00,1,0,1
36433,3.308,61.90,205.00,1,0,1
36435,3.300,103.30,339.00,1,0,0
36438,3.292,98.20,323.00,1,0,0
36440,3.312,61.90,205.00,1,0,0
36443,3.312,61.70,205.00,1,0,0
36445,3.308,61.90,205.00,1,0,1
36448,3.312,62.00,205.00,1,0,1
36450,3.308,62.10,205.00,1,0,1
36453,3.308,62.20,206.00,1,0,1
36455,3.308,67.90,205.00,1,0,0
36458,3.312,138.80,455.00,1,0,0
36460,3.276,61.90,205.00,1,0,0
36462,3.312,61.80,205.00,1,0,0
36465,3.312,61.90,205.00,1,0,1
36478,3.312,61.70,205.00,1,0,0
36480,3.312,143.90,472.00,1,0,0
36483,3.312,61.90,205.00,1,0,0
36485,3.312,63.30,206.00,1,0,1
36487,3.312,62.00,205.00,1,0,1
36490,3.312,62.90,208.00,1,0,1
36492,3.308,61.90,205.00,1,0,1
36495,3.312,70.00,233.00,1,0,0
36497,3.312,61.80,205.00,1,0,0
36500,3.312,62.00,205.00,1,0,0
36502,3.312,140.30,460.00,1,0,0
36505,3.276,71.90,238.00,1,0,1
36507,3.312,62.00,205.00,1,0,1
36510,3.312,61.90,205.00,1,0,1
36522,3.312,61.90,446.00,1,0,0
36525,3.264,108.20,357.00,1,0,1
36527,3.312,61.90,205.00,1,0,1
36530,3.312,61.90,205.00,1,0,1
36532,3.308,62.10,205.00,1,0,1
36535,3.312,65.00,215.00,1,0,0
36537,3.308,104.60,326.00,1,0,0
36540,3.292,98.10,323.00,1,0,0
36542,3.300,61.90,205.00,1,0,0
36545,3.312,61.90,205.00,1,0,1
36547,3.312,119.30,392.00,1,0,1
36550,3.308,63.60,210.00,1,0,1
36552,3.308,62.20,205.00,1,0,1
36555,3.308,74.70,247.00,1,0,0
36567,3.312,62.20,205.00,1,0,1
36570,3.276,124.30,410.00,1,0,1
36572,3.312,62.10,205.00,1,0,1
36575,3.308,61.90,246.00,1,0,0
36577,3.312,61.80,205.00,1,0,0
36580,3.312,61.90,205.00,1,0,0
36582,3.312,62.00,213.00,1,0,0
36584,3.312,62.90,208.00,1,0,1
36587,3.308,62.10,205.00,1,0,1
36589,3.308,61.90,205.00,1,0,1
36592,3.308,61.90,202.00,1,0,1
36594,3.276,105.10,347.00,1,0,0
36597,3.312,61.90,205.00,1,0,0
36599,3.312,62.00,205.00,1,0,0
36612,3.308,61.90,205.00,1,0,1
36614,3.308,63.00,208.00,1,0,0
36617,3.312,136.90,451.00,1,0,0
36619,3.268,72.90,206.00,1,0,0
36622,3.312,61.90,205.00,1,0,0
36624,3.312,61.80,205.00,1,0,1
36627,3.312,62.00,205.00,1,0,1
36629,3.312,62.20,206.00,1,0,1
36632,3.312,62.10,206.00,1,0,1
36634,3.312,62.10,234.00,1,0,0
36637,3.308,140.20,459.00,1,0,0
36639,3.292,104.60,344.00,1,0,0
36642,3.292,98.80,323.00,1,0,0
36644,3.288,61.90,205.00,1,0,1
36657,3.312,129.20,423.00,1,0,0
36659,3.276,107.30,356.00,1,0,0
36662,3.312,61.90,205.00,1,0,0
36664,3.312,62.00,210.00,1,0,1
36667,3.312,62.20,206.00,1,0,1
36669,3.308,62.10,205.00,1,0,1
36672,3.312,62.00,205.00,1,0,1
36674,3.312,61.90,205.00,1,0,0
36677,3.312,61.90,205.00,1,0,0
36679,3.272,137.50,421.00,1,0,0
36681,3.312,62.10,206.00,1,0,0
36684,3.312,62.10,206.00,1,0,1
36686,3.308,62.20,205.00,1,0,1
36699,3.312,62.00,398.00,1,0,0
36702,3.276,63.10,210.00,1,0,0
36704,3.312,62.00,205.00,1,0,1
36706,3.312,61.90,205.00,1,0,1
36709,3.312,62.00,205.00,1,0,1
36711,3.308,62.00,205.00,1,0,1
36714,3.312,62.10,206.00,1,0,0
36716,3.308,62.00,206.00,1,0,0
36719,3.312,62.00,205.00,1,0,0
36721,3.312,61.90,205.00,1,0,0
36724,3.272,119.20,349.00,1,0,1
36726,3.312,61.90,205.00,1,0,1
36729,3.312,62.00,205.00,1,0,1
36731,3.312,62.10,206.00,1,0,1
36744,3.292,98.60,331.00,1,0,1
36746,3.276,62.20,206.00,1,0,1
36749,3.308,62.20,206.00,1,0,1
36751,3.312,62.10,205.00,1,0,1
36754,3.312,61.90,205.00,1,0,0
36756,3.312,61.80,205.00,1,0,0
36759,3.312,61.80,205.00,1,0,0
36761,3.312,61.80,205.00,1,0,0
36764,3.312,62.00,205.00,1,0,1
36766,3.308,62.00,205.00,1,0,1
36769,3.312,62.10,206.00,1,0,1
36771,3.312,143.10,474.00,1,0,1
36774,3.312,61.90,205.00,1,0,0
36776,3.300,61.90,205.00,1,0,0
36789,3.308,61.90,205.00,1,0,1
36791,3.312,61.80,205.00,1,0,1
36794,3.292,122.80,403.00,1,0,0
36796,3.272,63.30,205.00,1,0,0
36799,3.312,62.10,206.00,1,0,0
36801,3.312,61.90,205.00,1,0,0
36803,3.312,61.90,205.00,1,0,1
36806,3.304,61.90,205.00,1,0,1
36808,3.312,61.90,205.00,1,0,1
36811,3.308,61.90,205.00,1,0,1
36813,3.312,62.00,205.00,1,0,0
36816,3.308,122.00,398.00,1,0,0
36823,3.312,61.70,205.00,1,0,1
36826,3.312,62.00,205.00,1,0,1
36828,3.312,61.90,205.00,1,0,1
36831,3.308,62.10,206.00,1,0,1
36833,3.308,62.10,205.00,1,0,0
36836,3.304,144.20,462.00,1,0,0
36838,3.304,61.90,205.00,1,0,0
36841,3.312,61.80,205.00,1,0,0
36843,3.312,61.90,292.00,1,0,1
36856,3.304,67.00,205.00,1,0,0
36858,3.304,139.40,457.00,1,0,0
36861,3.280,61.90,205.00,1,0,0
36863,3.312,62.00,205.00,1,0,1
36866,3.312,72.80,205.00,1,0,1
36868,3.312,62.10,205.00,1,0,1
36870,3.312,62.00,205.00,1,0,1
36873,3.308,61.90,205.00,1,0,0
36875,3.312,62.00,205.00,1,0,0
36878,3.312,61.90,202.00,1,0,0
36880,3.280,102.40,206.00,1,0,0
36883,3.312,62.00,205.00,1,0,0
36885,3.312,62.00,205.00,1,0,1
36888,3.308,61.90,205.00,1,0,1
36900,3.312,61.90,423.00,1,0,0
36903,3.264,64.60,215.00,1,0,1
36905,3.308,62.00,205.00,1,0,1
36908,3.308,62.00,205.00,1,0,1
36910,3.312,63.00,205.00,1,0,1
36913,3.312,62.00,205.00,1,0,1
36915,3.308,73.60,244.00,1,0,0
36918,3.312,61.90,205.00,1,0,0
36920,3.312,61.90,205.00,1,0,0
36923,3.312,61.90,205.00,1,0,0
36925,3.312,67.00,469.00,1,0,1
36928,3.264,62.10,206.00,1,0,1
36930,3.308,63.10,208.00,1,0,1
36933,3.312,62.00,206.00,1,0,1
36945,3.312,109.30,490.00,1,0,1
36948,3.280,101.50,334.00,1,0,1
36950,3.288,96.50,318.00,1,0,1
36953,3.308,62.00,205.00,1,0,1
36955,3.312,62.00,205.00,1,0,0
36958,3.312,61.90,205.00,1,0,0
36960,3.312,61.90,205.00,1,0,0
36963,3.312,61.90,205.00,1,0,0
36965,3.312,61.90,205.00,1,0,1
36967,3.312,62.00,205.00,1,0,1
36970,3.264,94.50,206.00,1,0,1
36972,3.312,62.00,205.00,1,0,1
36975,3.312,66.40,220.00,1,0,0
36977,3.312,61.90,205.00,1,0,0
36990,3.312,62.80,447.00,1,0,1
36992,3.292,62.10,206.00,1,0,1
36995,3.312,76.20,252.00,1,0,0
36997,3.312,62.10,205.00,1,0,0
37000,3.312,61.90,205.00,1,0,0
37002,3.312,61.90,205.00,1,0,0
37005,3.312,62.70,205.00,1,0,1
37007,3.312,61.90,205.00,1,0,1
37010,3.312,62.90,208.00,1,0,1
37012,3.308,61.90,482.00,1,0,1
37015,3.272,71.00,236.00,1,0,0
37017,3.312,61.90,205.00,1,0,0
37020,3.312,61.90,205.00,1,0,0
37022,3.312,61.90,205.00,1,0,0
37035,3.276,120.00,360.00,1,0,0
37037,3.312,61.90,205.00,1,0,0
37040,3.312,61.90,205.00,1,0,0
37042,3.312,61.80,205.00,1,0,0
37045,3.308,70.70,234.00,1,0,1
37047,3.312,62.00,205.00,1,0,1
37050,3.280,98.00,323.00,1,0,1
37052,3.292,98.20,323.00,1,0,1
37055,3.292,99.90,328.00,1,0,0
37057,3.288,89.50,205.00,1,0,0
37060,3.312,61.90,205.00,1,0,0
37062,3.312,61.80,205.00,1,0,0
37064,3.312,61.90,205.00,1,0,1
37067,3.312,62.00,205.00,1,0,1
37080,3.284,61.90,205.00,1,0,0
37082,3.312,61.90,205.00,1,0,0
37085,3.312,61.90,205.00,1,0,1
37087,3.308,62.00,205.00,1,0,1
37090,3.312,62.80,208.00,1,0,1
37092,3.308,61.90,205.00,1,0,1
37094,3.308,61.80,251.00,1,0,0
37097,3.312,61.80,205.00,1,0,0
37099,3.264,119.70,395.00,1,0,0
37102,3.308,62.10,205.00,1,0,0
37104,3.308,69.40,229.00,1,0,1
37107,3.312,62.00,205.00,1,0,1
37109,3.308,62.00,206.00,1,0,1
37112,3.312,61.80,205.00,1,0,1
37124,3.312,62.00,210.00,1,0,1
37127,3.312,61.80,205.00,1,0,1
37129,3.312,61.80,205.00,1,0,1
37132,3.312,61.90,205.00,1,0,1
37134,3.312,62.60,206.00,1,0,0
37137,3.312,62.00,205.00,1,0,0
37139,3.312,61.90,205.00,1,0,0
37142,3.312,61.90,205.00,1,0,0
37144,3.280,121.80,400.00,1,0,1
37147,3.312,62.00,205.00,1,0,1
37149,3.312,62.00,205.00,1,0,1
37152,3.284,98.30,324.00,1,0,1
37154,3.292,98.20,338.00,1,0,0
37157,3.284,61.90,205.00,1,0,0
37169,3.276,138.80,210.00,1,0,1
37172,3.312,61.90,205.00,1,0,1
37174,3.312,61.90,205.00,1,0,0
37177,3.312,61.70,205.00,1,0,0
37179,3.312,61.80,205.00,1,0,0
37182,3.312,61.90,205.00,1,0,0
37184,3.312,62.00,208.00,1,0,1
37187,3.312,62.00,205.00,1,0,1
37189,3.312,140.30,459.00,1,0,1
37191,3.280,62.00,205.00,1,0,1
37194,3.312,61.90,205.00,1,0,0
37196,3.312,61.80,205.00,1,0,0
37199,3.312,61.90,205.00,1,0,0
37201,3.312,62.00,205.00,1,0,0
37214,3.308,61.90,205.00,1,0,0
37216,3.300,62.00,205.00,1,0,0
37219,3.312,61.90,205.00,1,0,0
37221,3.312,61.90,205.00,1,0,0
37224,3.312,61.80,205.00,1,0,1
37226,3.312,61.90,205.00,1,0,1
37229,3.312,61.90,205.00,1,0,1
37231,3.312,62.00,205.00,1,0,1
37234,3.312,140.40,460.00,1,0,0
37236,3.256,71.30,206.00,1,0,0
37239,3.312,61.90,205.00,1,0,0
37241,3.312,61.70,205.00,1,0,0
37244,3.312,61.70,205.00,1,0,1
37246,3.308,61.90,205.00,1,0,1
37259,3.288,61.90,205.00,1,0,0
37261,3.312,61.90,205.00,1,0,0
37264,3.308,62.00,208.00,1,0,1
37266,3.308,62.20,206.00,1,0,1
37269,3.308,62.30,206.00,1,0,1
37271,3.308,62.10,205.00,1,0,1
37274,3.308,62.00,205.00,1,0,0
37276,3.308,61.90,205.00,1,0,0
37279,3.272,128.20,418.00,1,0,0
37281,3.312,62.10,206.00,1,0,0
37284,3.312,62.20,206.00,1,0,1
37286,3.308,62.30,206.00,1,0,1
37288,3.312,62.20,205.00,1,0,1
37291,3.308,61.90,205.00,1,0,1
37304,3.312,62.10,206.00,1,0,1
37306,3.312,62.00,205.00,1,0,1
37309,3.312,62.00,205.00,1,0,1
37311,3.312,62.00,205.00,1,0,1
37313,3.308,62.10,206.00,1,0,0
37316,3.300,62.10,206.00,1,0,0
37318,3.312,62.20,206.00,1,0,0
37321,3.312,62.00,205.00,1,0,0
37323,3.276,108.50,354.00,1,0,1
37326,3.308,62.10,205.00,1,0,1
37328,3.312,62.00,205.00,1,0,1
37331,3.308,62.10,205.00,1,0,1
37333,3.308,62.20,206.00,1,0,0
37336,3.312,62.10,205.00,1,0,0
37348,3.268,114.40,375.00,1,0,1
37351,3.308,62.30,206.00,1,0,1
37353,3.308,62.20,205.00,1,0,0
37356,3.308,98.50,324.00,1,0,0
37358,3.288,103.40,341.00,1,0,0
37361,3.288,90.80,238.00,1,0,0
37363,3.312,61.90,205.00,1,0,1
37366,3.308,62.00,205.00,1,0,1
37368,3.312,62.10,203.00,1,0,1
37371,3.284,119.00,392.00,1,0,1
37373,3.312,61.80,205.00,1,0,0
37376,3.304,70.00,205.00,1,0,0
37378,3.312,61.70,205.00,1,0,0
37381,3.312,61.90,205.00,1,0,0
37393,3.268,69.70,231.00,1,0,0
37396,3.300,61.90,205.00,1,0,0
37398,3.312,61.90,205.00,1,0,0
37401,3.312,62.00,205.00,1,0,0
37403,3.312,61.80,205.00,1,0,1
37406,3.308,66.50,205.00,1,0,1
37408,3.308,61.80,205.00,1,0,1
37410,3.308,61.80,205.00,1,0,1
37413,3.312,62.00,469.00,1,0,0
37415,3.264,62.00,205.00,1,0,0
37418,3.312,62.00,205.00,1,0,0
37420,3.312,61.80,205.00,1,0,0
37423,3.312,61.70,205.00,1,0,0
37425,3.312,61.80,205.00,1,0,1
37438,3.312,113.80,370.00,1,0,0
37440,3.308,61.80,205.00,1,0,0
37443,3.312,61.70,205.00,1,0,1
37445,3.312,61.90,205.00,1,0,1
37448,3.312,62.00,205.00,1,0,1
37450,3.312,62.90,206.00,1,0,1
37453,3.312,61.90,205.00,1,0,1
37455,3.308,69.40,229.00,1,0,0
37458,3.312,61.70,342.00,1,0,0
37460,3.292,98.70,324.00,1,0,0
37463,3.292,90.90,298.00,1,0,0
37465,3.288,74.30,205.00,1,0,1
37468,3.308,62.00,205.00,1,0,1
37470,3.308,61.90,205.00,1,0,1
37483,3.312,92.90,301.00,1,0,0
37485,3.288,62.40,206.00,1,0,1
37488,3.312,61.90,205.00,1,0,1
37490,3.312,61.80,205.00,1,0,1
37493,3.312,61.90,205.00,1,0,1
37495,3.312,64.40,205.00,1,0,0
37498,3.312,61.90,205.00,1,0,0
37500,3.312,61.90,205.00,1,0,0
37503,3.312,61.90,477.00,1,0,0
37505,3.264,61.90,205.00,1,0,1
37508,3.312,61.80,205.00,1,0,1
37510,3.312,63.90,205.00,1,0,1
37512,3.312,61.90,205.00,1,0,1
37515,3.308,73.90,244.00,1,0,0
37528,3.300,140.20,460.00,1,0,1
37530,3.312,63.20,210.00,1,0,1
37533,3.312,62.10,205.00,1,0,1
37535,3.312,74.20,246.00,1,0,0
37537,3.312,61.80,205.00,1,0,0
37540,3.312,61.70,205.00,1,0,0
37542,3.308,61.70,205.00,1,0,0
37545,3.312,62.60,208.00,1,0,1
37547,3.312,62.00,205.00,1,0,1
37550,3.308,121.30,396.00,1,0,1
37552,3.308,62.00,205.00,1,0,1
37555,3.312,61.90,211.00,1,0,0
37557,3.312,61.70,205.00,1,0,0
37560,3.312,61.80,205.00,1,0,0
37572,3.312,68.80,224.00,1,0,1
37575,3.276,138.20,223.00,1,0,0
37577,3.312,61.90,205.00,1,0,0
37580,3.312,62.00,205.00,1,0,0
37582,3.312,62.00,205.00,1,0,0
37585,3.312,61.90,215.00,1,0,1
37587,3.312,62.00,205.00,1,0,1
37590,3.312,61.90,205.00,1,0,1
37592,3.312,62.00,205.00,1,0,1
37595,3.312,70.20,233.00,1,0,0
37597,3.268,90.40,295.00,1,0,0
37600,3.300,62.00,205.00,1,0,0
37602,3.312,62.00,205.00,1,0,0
37605,3.312,61.90,205.00,1,0,1
37617,3.312,62.00,205.00,1,0,0
37620,3.276,137.40,224.00,1,0,0
37622,3.312,62.00,205.00,1,0,0
37625,3.312,63.20,210.00,1,0,1
37627,3.312,62.00,205.00,1,0,1
37630,3.312,62.00,210.00,1,0,1
37632,3.312,62.00,205.00,1,0,1
37634,3.312,62.00,205.00,1,0,0
37637,3.312,61.90,205.00,1,0,0
37639,3.312,144.50,472.00,1,0,0
37642,3.304,61.90,205.00,1,0,0
37644,3.312,62.00,238.00,1,0,1
37647,3.308,62.00,205.00,1,0,1
37649,3.308,62.00,205.00,1,0,1
37662,3.276,87.80,285.00,1,0,0
37664,3.288,98.10,323.00,1,0,1
37667,3.292,93.60,310.00,1,0,1
37669,3.308,62.00,205.00,1,0,1
37672,3.312,62.00,205.00,1,0,1
37674,3.312,66.70,220.00,1,0,0
37677,3.312,61.90,205.00,1,0,0
37679,3.312,61.80,205.00,1,0,0
37682,3.312,61.90,205.00,1,0,0
37684,3.308,61.90,205.00,1,0,1
37687,3.308,143.80,469.00,1,0,1
37689,3.296,62.00,208.00,1,0,1
37692,3.308,61.90,205.00,1,0,1
37694,3.312,62.00,205.00,1,0,0
37707,3.292,122.40,401.00,1,0,1
37709,3.280,62.20,210.00,1,0,1
37712,3.308,61.90,205.00,1,0,1
37714,3.312,62.90,208.00,1,0,0
37717,3.308,61.90,205.00,1,0,0
37719,3.312,61.90,205.00,1,0,0
37722,3.312,61.90,205.00,1,0,0
37724,3.312,61.90,208.00,1,0,1
37727,3.312,61.90,205.00,1,0,1
37729,3.280,89.20,290.00,1,0,1
37731,3.292,62.10,205.00,1,0,1
37734,3.312,62.00,205.00,1,0,0
37736,3.300,61.90,205.00,1,0,0
37739,3.308,61.90,205.00,1,0,0
37752,3.276,132.80,434.00,1,0,1
37754,3.308,62.10,211.00,1,0,0
37756,3.300,61.90,205.00,1,0,0
37759,3.312,61.90,205.00,1,0,0
37761,3.312,61.70,205.00,1,0,0
37764,3.312,61.80,205.00,1,0,1
37766,3.288,98.30,324.00,1,0,1
37769,3.292,98.90,324.00,1,0,1
37771,3.288,62.10,205.00,1,0,1
37774,3.264,112.40,367.00,1,0,0
37776,3.296,62.10,205.00,1,0,0
37779,3.312,62.00,205.00,1,0,0
37781,3.312,61.90,205.00,1,0,0
37784,3.312,62.00,205.00,1,0,1
37796,3.264,111.00,362.00,1,0,0
37799,3.312,62.10,206.00,1,0,0
37801,3.312,62.20,206.00,1,0,0
37804,3.312,62.10,206.00,1,0,1
37806,3.312,62.10,205.00,1,0,1
37809,3.312,62.00,205.00,1,0,1
37811,3.312,62.00,205.00,1,0,1
37814,3.308,62.00,205.00,1,0,0
37816,3.304,62.90,205.00,1,0,0
37819,3.264,70.80,234.00,1,0,0
37821,3.312,62.00,205.00,1,0,0
37824,3.312,62.00,205.00,1,0,1
37826,3.308,62.00,205.00,1,0,1
37828,3.308,62.00,205.00,1,0,1
37841,3.312,61.90,203.00,1,0,0
37844,3.280,130.10,205.00,1,0,1
37846,3.308,62.00,205.00,1,0,1
37849,3.312,62.00,205.00,1,0,1
37851,3.308,62.20,206.00,1,0,1
37853,3.312,62.10,205.00,1,0,0
37856,3.308,61.90,205.00,1,0,0
37858,3.312,62.00,205.00,1,0,0
37861,3.312,61.80,205.00,1,0,0
37863,3.312,140.20,457.00,1,0,1
37866,3.300,62.10,206.00,1,0,1
37868,3.312,98.50,324.00,1,0,1
37871,3.292,98.20,323.00,1,0,1
37873,3.296,62.00,205.00,1,0,0
37886,3.308,62.20,206.00,1,0,1
37888,3.300,125.30,459.00,1,0,1
37891,3.280,61.90,205.00,1,0,1
37893,3.312,61.90,205.00,1,0,0
37896,3.304,70.70,205.00,1,0,0
37898,3.312,61.90,205.00,1,0,0
37901,3.312,62.00,205.00,1,0,0
37903,3.308,62.10,205.00,1,0,1
37906,3.312,61.90,205.00,1,0,1
37908,3.312,61.80,205.00,1,0,1
37911,3.312,61.80,362.00,1,0,1
37913,3.276,63.20,210.00,1,0,0
37916,3.300,62.10,206.00,1,0,0
37918,3.312,62.00,208.00,1,0,0
37931,3.308,62.00,205.00,1,0,1
37933,3.308,145.60,475.00,1,0,0
37936,3.264,62.10,206.00,1,0,0
37938,3.312,61.90,205.00,1,0,0
37941,3.312,61.80,205.00,1,0,0
37943,3.312,61.80,205.00,1,0,1
37946,3.304,62.00,205.00,1,0,1
37948,3.308,62.00,205.00,1,0,1
37950,3.308,62.10,205.00,1,0,1
37953,3.308,62.10,206.00,1,0,0
37955,3.312,71.60,205.00,1,0,0
37958,3.312,143.60,470.00,1,0,0
37960,3.284,61.90,205.00,1,0,0
37963,3.312,61.80,205.00,1,0,0
37976,3.288,92.90,205.00,1,0,0
37978,3.312,61.80,205.00,1,0,0
37980,3.312,62.00,205.00,1,0,0
37983,3.260,139.50,206.00,1,0,1
37985,3.308,62.20,206.00,1,0,1
37988,3.308,62.10,205.00,1,0,1
37990,3.308,61.90,205.00,1,0,1
37993,3.308,61.80,205.00,1,0,1
37995,3.312,62.50,206.00,1,0,0
37998,3.308,62.10,206.00,1,0,0
38000,3.308,62.10,205.00,1,0,0
38003,3.312,62.00,205.00,1,0,0
38005,3.264,150.10,492.00,1,0,1
38008,3.308,62.00,205.00,1,0,1
38020,3.312,62.00,205.00,1,0,0
38023,3.312,61.80,205.00,1,0,0
38025,3.308,101.90,334.00,1,0,1
38028,3.276,108.20,205.00,1,0,1
38030,3.312,62.10,205.00,1,0,1
38033,3.308,62.10,206.00,1,0,1
38035,3.308,72.00,206.00,1,0,0
38038,3.312,61.80,205.00,1,0,0
38040,3.308,61.80,205.00,1,0,0
38043,3.312,61.80,205.00,1,0,0
38045,3.312,61.80,205.00,1,0,1
38047,3.312,62.00,205.00,1,0,1
38050,3.272,123.90,408.00,1,0,1
38052,3.308,62.30,205.00,1,0,1
38065,3.312,68.70,206.00,1,0,1
38068,3.308,62.20,206.00,1,0,1
38070,3.308,62.60,208.00,1,0,1
38072,3.312,61.90,336.00,1,0,1
38075,3.280,107.70,354.00,1,0,0
38077,3.292,101.40,334.00,1,0,0
38080,3.312,62.10,205.00,1,0,0
38082,3.308,62.10,205.00,1,0,0
38085,3.308,62.90,208.00,1,0,1
38087,3.312,62.00,205.00,1,0,1
38090,3.308,61.90,205.00,1,0,1
38092,3.308,61.90,205.00,1,0,1
38095,3.308,62.20,205.00,1,0,0
38097,3.308,62.00,405.00,1,0,0
38110,3.312,62.00,205.00,1,0,1
38112,3.312,62.10,205.00,1,0,1
38115,3.312,68.20,226.00,1,0,0
38117,3.312,62.10,206.00,1,0,0
38120,3.312,119.90,392.00,1,0,0
38122,3.312,61.90,205.00,1,0,0
38125,3.312,61.90,205.00,1,0,1
38127,3.312,62.10,206.00,1,0,1
38130,3.312,63.20,210.00,1,0,1
38132,3.312,62.10,206.00,1,0,1
38135,3.312,77.20,256.00,1,0,0
38137,3.312,62.00,205.00,1,0,0
38140,3.312,61.80,205.00,1,0,0
38142,3.312,148.50,487.00,1,0,0
38155,3.308,62.00,229.00,1,0,0
38157,3.312,61.80,205.00,1,0,0
38160,3.312,62.00,205.00,1,0,0
38162,3.312,62.00,205.00,1,0,0
38165,3.312,123.00,403.00,1,0,1
38167,3.308,62.30,206.00,1,0,1
38169,3.308,62.10,205.00,1,0,1
38172,3.308,62.00,205.00,1,0,1
38174,3.312,61.90,203.00,1,0,0
38177,3.288,98.30,323.00,1,0,0
38179,3.292,64.80,215.00,1,0,0
38182,3.312,62.00,205.00,1,0,0
38184,3.312,62.00,229.00,1,0,1
38187,3.308,62.00,205.00,1,0,1
38199,3.312,62.00,206.00,1,0,0
38202,3.312,61.90,205.00,1,0,0
38204,3.312,61.90,205.00,1,0,1
38207,3.312,61.90,205.00,1,0,1
38209,3.308,62.60,208.00,1,0,1
38212,3.284,98.70,321.00,1,0,1
38214,3.288,62.20,246.00,1,0,0
38217,3.312,62.00,205.00,1,0,0
38219,3.312,62.00,205.00,1,0,0
38222,3.308,64.50,205.00,1,0,0
38224,3.312,62.10,206.00,1,0,1
38227,3.308,62.00,205.00,1,0,1
38229,3.312,62.00,208.00,1,0,1
38232,3.312,62.20,206.00,1,0,1
38244,3.312,61.90,236.00,1,0,1
38247,3.312,62.10,205.00,1,0,1
38249,3.308,62.10,205.00,1,0,1
38252,3.312,62.10,206.00,1,0,1
38254,3.312,62.00,205.00,1,0,0
38257,3.312,61.80,205.00,1,0,0
38259,3.272,97.90,464.00,1,0,0
38262,3.304,62.00,205.00,1,0,0
38264,3.308,62.00,205.00,1,0,1
38266,3.312,62.00,206.00,1,0,1
38269,3.312,62.00,205.00,1,0,1
38271,3.312,61.90,205.00,1,0,1
38274,3.308,62.00,206.00,1,0,0
38276,3.300,61.90,203.00,1,0,0
38289,3.308,61.90,205.00,1,0,1
38292,3.308,61.90,205.00,1,0,1
38294,3.312,62.00,205.00,1,0,0
38296,3.308,61.90,205.00,1,0,0
38299,3.312,61.90,205.00,1,0,0
38301,3.312,62.00,205.00,1,0,0
38304,3.268,119.10,349.00,1,0,1
38306,3.304,62.10,206.00,1,0,1
38309,3.312,61.90,205.00,1,0,1
38311,3.312,62.00,205.00,1,0,1
38314,3.312,62.00,205.00,1,0,0
38316,3.312,61.90,205.00,1,0,0
38319,3.312,62.00,205.00,1,0,0
38321,3.312,61.80,205.00,1,0,0
38334,3.308,62.00,205.00,1,0,0
38336,3.312,61.90,205.00,1,0,0
38339,3.312,61.80,205.00,1,0,0
38341,3.312,61.90,205.00,1,0,0
38344,3.312,61.90,205.00,1,0,1
38346,3.308,62.00,205.00,1,0,1
38349,3.312,61.90,205.00,1,0,1
38351,3.308,118.10,387.00,1,0,1
38354,3.308,62.10,206.00,1,0,0
38356,3.304,61.90,205.00,1,0,0
38359,3.312,61.90,205.00,1,0,0
38361,3.312,61.90,205.00,1,0,0
38363,3.312,61.90,205.00,1,0,1
38366,3.308,62.10,206.00,1,0,1
38379,3.312,62.00,205.00,1,0,0
38381,3.292,98.50,324.00,1,0,0
38384,3.292,95.80,236.00,1,0,1
38386,3.308,62.00,205.00,1,0,1
38389,3.308,62.00,205.00,1,0,1
38391,3.312,62.00,205.00,1,0,1
38393,3.308,62.00,205.00,1,0,0
38396,3.308,61.80,205.00,1,0,0
38398,3.312,61.90,203.00,1,0,0
38401,3.248,118.90,206.00,1,0,0
38403,3.312,62.00,205.00,1,0,1
38406,3.312,62.00,205.00,1,0,1
38408,3.312,62.00,205.00,1,0,1
38411,3.312,62.10,206.00,1,0,1
38423,3.264,62.00,205.00,1,0,1
38426,3.312,64.70,215.00,1,0,1
38428,3.312,62.00,205.00,1,0,1
38431,3.308,62.30,206.00,1,0,1
38433,3.308,62.00,205.00,1,0,1
38436,3.308,62.00,206.00,1,0,1
38438,3.308,62.00,205.00,1,0,0
38441,3.312,61.90,205.00,1,0,0
38443,3.264,149.10,279.00,1,0,0
38446,3.312,61.90,205.00,1,0,0
38448,3.312,61.90,205.00,1,0,1
38451,3.308,62.00,205.00,1,0,1
38453,3.312,62.10,205.00,1,0,1
38456,3.308,62.00,205.00,1,0,1
38468,3.272,111.30,369.00,1,0,1
38471,3.312,62.20,206.00,1,0,1
38473,3.308,62.00,205.00,1,0,1
38476,3.308,62.10,206.00,1,0,1
38478,3.308,62.00,205.00,1,0,0
38481,3.308,71.00,205.00,1,0,0
38483,3.308,98.10,323.00,1,0,0
38485,3.292,98.60,324.00,1,0,0
38488,3.288,93.20,457.00,1,0,1
38490,3.260,95.50,316.00,1,0,1
38493,3.308,62.00,205.00,1,0,1
38495,3.308,61.80,205.00,1,0,1
38498,3.308,61.90,205.00,1,0,1
38500,3.308,64.60,213.00,1,0,0
38513,3.308,61.90,202.00,1,0,1
38515,3.280,140.00,462.00,1,0,1
38518,3.308,62.10,205.00,1,0,0
38520,3.308,61.90,205.00,1,0,0
38523,3.312,61.90,205.00,1,0,0
38525,3.312,61.90,205.00,1,0,0
38528,3.312,61.80,205.00,1,0,0
38530,3.304,62.30,206.00,1,0,1
38533,3.308,62.00,208.00,1,0,1
38535,3.312,62.10,206.00,1,0,1
38538,3.312,62.00,203.00,1,0,1
38540,3.264,76.70,205.00,1,0,0
38543,3.312,61.80,205.00,1,0,0
38545,3.312,61.80,205.00,1,0,0
38558,3.312,61.90,205.00,1,0,1
38560,3.308,70.20,233.00,1,0,0
38563,3.268,91.40,347.00,1,0,0
38565,3.264,61.90,205.00,1,0,0
38568,3.308,62.00,205.00,1,0,0
38570,3.312,63.20,205.00,1,0,1
38573,3.312,62.00,205.00,1,0,1
38575,3.308,62.00,205.00,1,0,1
38578,3.312,61.90,205.00,1,0,1
38580,3.312,64.60,215.00,1,0,0
38583,3.272,122.50,403.00,1,0,0
38585,3.300,101.80,324.00,1,0,0
38587,3.292,98.10,323.00,1,0,0
38590,3.288,101.20,333.00,1,0,1
38603,3.312,62.00,205.00,1,0,0
38605,3.312,62.00,205.00,1,0,0
38608,3.260,141.40,205.00,1,0,0
38610,3.312,62.00,205.00,1,0,1
38612,3.308,62.00,205.00,1,0,1
38615,3.308,62.00,205.00,1,0,1
38617,3.308,62.20,206.00,1,0,1
38620,3.312,69.30,229.00,1,0,0
38622,3.312,62.00,205.00,1,0,0
38625,3.308,61.80,205.00,1,0,0
38627,3.292,173.60,569.00,1,0,0
38630,3.292,62.00,205.00,1,0,1
38632,3.308,62.20,206.00,1,0,1
38635,3.312,63.30,210.00,1,0,1
38647,3.312,120.00,392.00,1,0,0
38650,3.308,66.90,221.00,1,0,1
38652,3.312,62.30,206.00,1,0,1
38655,3.312,63.00,208.00,1,0,1
38657,3.312,61.90,205.00,1,0,1
38660,3.312,61.90,229.00,1,0,0
38662,3.312,61.80,205.00,1,0,0
38665,3.312,62.00,205.00,1,0,0
38667,3.312,62.10,203.00,1,0,0
38670,3.268,105.10,346.00,1,0,1
38672,3.312,62.10,206.00,1,0,1
38675,3.308,61.90,205.00,1,0,1
38677,3.308,61.90,205.00,1,0,1
38680,3.308,62.00,205.00,1,0,0
38692,3.284,62.20,206.00,1,0,1
38695,3.308,62.00,205.00,1,0,1
38697,3.312,62.10,206.00,1,0,1
38700,3.312,66.10,218.00,1,0,0
38702,3.312,62.10,206.00,1,0,0
38705,3.308,62.00,205.00,1,0,0
38707,3.312,61.80,205.00,1,0,0
38709,3.312,61.80,205.00,1,0,1
38712,3.308,62.00,203.00,1,0,1
38714,3.264,94.00,308.00,1,0,1
38717,3.308,62.20,206.00,1,0,1
38719,3.312,62.20,251.00,1,0,0
38722,3.312,61.80,205.00,1,0,0
38724,3.312,61.80,205.00,1,0,0
38737,3.308,62.20,206.00,1,0,1
38739,3.308,61.90,242.00,1,0,0
38742,3.312,61.90,205.00,1,0,0
38744,3.312,61.90,205.00,1,0,0
38747,3.308,62.00,205.00,1,0,0
38749,3.312,62.10,210.00,1,0,1
38752,3.312,62.10,206.00,1,0,1
38754,3.312,62.00,205.00,1,0,1
38757,3.260,98.10,364.00,1,0,1
38759,3.304,62.00,205.00,1,0,0
38762,3.312,61.90,205.00,1,0,0
38764,3.312,62.10,205.00,1,0,0
38767,3.312,62.10,206.00,1,0,0
38769,3.308,62.20,206.00,1,0,1
38782,3.312,62.20,206.00,1,0,0
38784,3.312,62.10,205.00,1,0,0
38787,3.308,61.90,205.00,1,0,0
38789,3.312,82.00,270.00,1,0,1
38792,3.292,98.50,329.00,1,0,1
38794,3.288,62.70,208.00,1,0,1
38797,3.312,62.00,205.00,1,0,1
38799,3.268,107.70,352.00,1,0,0
38802,3.296,62.20,206.00,1,0,0
38804,3.312,61.90,205.00,1,0,0
38806,3.312,61.80,205.00,1,0,0
38809,3.312,61.80,205.00,1,0,1
38811,3.308,62.00,205.00,1,0,1
38814,3.312,62.10,206.00,1,0,1
38831,3.308,62.20,206.00,1,0,1
38834,3.312,62.20,206.00,1,0,1
38836,3.308,62.00,205.00,1,0,1
38839,3.308,61.90,205.00,1,0,0
38841,3.304,61.70,205.00,1,0,0
38844,3.268,135.20,442.00,1,0,0
38846,3.284,62.00,205.00,1,0,0
38849,3.312,62.10,206.00,1,0,1
38851,3.312,62.10,206.00,1,0,1
38853,3.312,62.00,205.00,1,0,1
38856,3.308,61.90,205.00,1,0,1
38858,3.312,61.90,205.00,1,0,0
38861,3.304,61.90,205.00,1,0,0
38863,3.312,62.00,205.00,1,0,0
38876,3.308,62.00,205.00,1,0,1
38878,3.312,62.00,205.00,1,0,0
38881,3.308,62.00,205.00,1,0,0
38883,3.312,62.00,205.00,1,0,0
38886,3.308,62.00,203.00,1,0,0
38888,3.280,139.80,462.00,1,0,1
38891,3.304,61.90,228.00,1,0,1
38893,3.284,98.20,323.00,1,0,1
38896,3.292,94.20,310.00,1,0,1
38898,3.312,62.10,206.00,1,0,0
38901,3.308,62.00,205.00,1,0,0
38903,3.312,61.90,205.00,1,0,0
38906,3.312,61.80,205.00,1,0,0
38908,3.312,61.90,203.00,1,0,1
38921,3.308,70.30,205.00,1,0,0
38923,3.312,61.70,205.00,1,0,0
38926,3.312,61.90,205.00,1,0,0
38928,3.312,61.80,205.00,1,0,1
38931,3.312,62.10,203.00,1,0,1
38933,3.276,104.10,344.00,1,0,1
38936,3.308,62.10,205.00,1,0,1
38938,3.308,62.00,205.00,1,0,0
38941,3.300,61.90,205.00,1,0,0
38943,3.312,61.90,205.00,1,0,0
38946,3.312,62.00,205.00,1,0,0
38948,3.312,62.00,205.00,1,0,1
38950,3.312,69.80,206.00,1,0,1
38953,3.312,120.10,393.00,1,0,1
38966,3.312,62.00,205.00,1,0,0
38968,3.312,61.90,205.00,1,0,1
38971,3.312,61.90,205.00,1,0,1
38973,3.312,61.90,205.00,1,0,1
38975,3.312,62.00,205.00,1,0,1
38978,3.268,127.60,418.00,1,0,0
38980,3.308,74.10,206.00,1,0,0
38983,3.312,61.90,205.00,1,0,0
38985,3.312,62.00,205.00,1,0,0
38988,3.312,61.90,205.00,1,0,0
38990,3.312,62.00,205.00,1,0,1
38993,3.312,62.00,205.00,1,0,1
38995,3.284,99.20,324.00,1,0,1
38998,3.292,98.80,326.00,1,0,1
39010,3.312,62.00,205.00,1,0,1
39013,3.312,62.00,205.00,1,0,1
39015,3.312,62.10,205.00,1,0,1
39018,3.312,62.00,415.00,1,0,1
39020,3.264,72.40,239.00,1,0,0
39023,3.312,61.90,205.00,1,0,0
39025,3.312,61.90,205.00,1,0,0
39028,3.312,61.80,205.00,1,0,0
39030,3.312,63.20,210.00,1,0,1
39033,3.312,62.00,205.00,1,0,1
39035,3.308,62.00,205.00,1,0,1
39038,3.312,61.90,205.00,1,0,1
39040,3.308,62.80,213.00,1,0,0
39043,3.312,143.70,469.00,1,0,0
39055,3.312,62.00,205.00,1,0,1
39058,3.312,62.00,205.00,1,0,1
39060,3.312,70.60,205.00,1,0,0
39063,3.312,61.90,205.00,1,0,0
39065,3.312,143.10,470.00,1,0,0
39068,3.308,62.00,205.00,1,0,0
39070,3.312,62.00,205.00,1,0,1
39072,3.312,62.00,205.00,1,0,1
39075,3.312,63.00,208.00,1,0,1
39077,3.308,62.00,205.00,1,0,1
39080,3.308,74.10,246.00,1,0,0
39082,3.312,61.90,205.00,1,0,0
39085,3.308,61.90,205.00,1,0,0
39087,3.304,139.30,457.00,1,0,0
39100,3.292,103.00,339.00,1,0,0
39102,3.308,61.90,205.00,1,0,0
39105,3.308,62.00,205.00,1,0,0
39107,3.312,141.10,462.00,1,0,0
39110,3.264,69.50,229.00,1,0,1
39112,3.312,61.90,205.00,1,0,1
39115,3.312,62.00,205.00,1,0,1
39117,3.308,62.00,205.00,1,0,1
39120,3.308,62.00,205.00,1,0,0
39122,3.312,61.90,205.00,1,0,0
39125,3.308,61.90,205.00,1,0,0
39127,3.312,61.90,205.00,1,0,0
39130,3.312,61.80,223.00,1,0,1
39132,3.308,87.20,283.00,1,0,1
39145,3.312,61.80,205.00,1,0,0
39147,3.308,61.90,205.00,1,0,0
39150,3.312,61.90,205.00,1,0,1
39152,3.312,62.10,205.00,1,0,1
39155,3.268,111.10,362.00,1,0,1
39157,3.304,62.10,205.00,1,0,1
39160,3.308,76.60,254.00,1,0,0
39162,3.312,61.80,205.00,1,0,0
39165,3.312,61.90,205.00,1,0,0
39167,3.312,61.90,205.00,1,0,0
39169,3.312,62.70,208.00,1,0,1
39172,3.312,62.00,205.00,1,0,1
39174,3.312,62.00,206.00,1,0,1
39177,3.312,61.80,205.00,1,0,1
39190,3.312,71.60,238.00,1,0,1
39192,3.312,62.00,205.00,1,0,1
39194,3.312,61.80,205.00,1,0,1
39197,3.312,61.90,205.00,1,0,1
39199,3.288,98.50,323.00,1,0,0
39202,3.292,98.30,323.00,1,0,0
39204,3.280,62.00,205.00,1,0,0
39207,3.312,61.90,205.00,1,0,0
39209,3.312,61.90,206.00,1,0,1
39212,3.312,61.90,205.00,1,0,1
39214,3.312,62.00,205.00,1,0,1
39217,3.308,62.00,206.00,1,0,1
39219,3.312,67.30,223.00,1,1,0
39222,3.300,65.90,218.00,1,1,0
39234,3.288,91.50,301.00,1,1,0
39237,3.288,91.50,301.00,1,1,0
39239,3.288,91.30,301.00,1,1,0
39242,3.292,91.30,300.00,1,1,0
39244,3.288,95.00,313.00,1,1,0
39247,3.288,99.00,326.00,1,1,0
39249,3.292,98.80,326.00,1,1,0
39252,3.292,90.20,297.00,1,1,0
39254,3.292,98.40,326.00,1,1,0
39257,3.292,98.10,323.00,1,1,0
39259,3.292,98.40,324.00,1,1,0
39262,3.292,98.10,323.00,1,1,0
39264,3.292,98.40,324.00,1,1,0
39266,3.292,98.30,324.00,1,1,0
39279,3.292,97.90,321.00,1,1,0
39282,3.292,98.30,324.00,1,1,0
39284,3.296,102.20,338.00,1,1,0
39287,3.296,102.40,338.00,1,1,0
39289,3.292,100.30,331.00,1,1,0
39291,3.296,102.20,333.00,1,1,0
39294,3.240,91.10,300.00,1,1,0
39296,3.288,91.10,300.00,1,1,0
39299,3.292,91.30,300.00,1,1,0
39301,3.288,91.40,300.00,1,1,0
39304,3.288,91.40,301.00,1,1,0
39306,3.288,91.00,344.00,1,1,0
39309,3.280,100.30,331.00,1,1,0
39321,3.292,98.50,324.00,1,1,0
39324,3.292,98.30,324.00,1,1,0
39326,3.292,98.50,324.00,1,1,0
39329,3.292,98.10,323.00,1,1,0
39331,3.292,98.30,323.00,1,1,0
39334,3.292,99.10,326.00,1,1,0
39336,3.292,100.70,331.00,1,1,0
39339,3.292,99.60,328.00,1,1,0
39341,3.288,98.30,323.00,1,1,0
39344,3.288,102.10,344.00,1,1,0
39346,3.292,102.50,338.00,1,1,0
39349,3.296,103.30,341.00,1,1,0
39351,3.292,102.40,339.00,1,1,0
39364,3.292,91.10,300.00,1,1,0
39366,3.292,91.30,300.00,1,1,0
39369,3.288,98.50,324.00,1,1,0
39371,3.292,99.10,324.00,1,1,0
39374,3.288,98.20,323.00,1,1,0
39376,3.292,98.00,323.00,1,1,0
39379,3.292,99.00,324.00,1,1,0
39381,3.292,98.70,324.00,1,1,0
39384,3.288,98.70,324.00,1,1,0
39386,3.292,98.70,324.00,1,1,0
39389,3.292,100.40,326.00,1,1,0
39391,3.292,98.50,324.00,1,1,0
39394,3.292,98.30,324.00,1,1,0
39396,3.288,98.20,326.00,1,1,0
39409,3.288,96.50,315.00,1,1,0
39411,3.292,103.90,341.00,1,1,0
39414,3.284,102.40,336.00,1,1,0
39416,3.256,91.30,300.00,1,1,0
39419,3.292,91.50,301.00,1,1,0
39421,3.292,91.30,300.00,1,1,0
39423,3.288,91.20,300.00,1,1,0
39426,3.288,91.20,300.00,1,1,0
39428,3.292,98.20,323.00,1,1,0
39431,3.292,99.10,324.00,1,1,0
39433,3.292,98.60,326.00,1,1,0
39436,3.292,98.40,323.00,1,1,0
39438,3.292,98.30,324.00,1,1,0
39441,3.292,98.20,326.00,1,1,0
39453,3.292,99.10,324.00,1,1,0
39456,3.292,89.70,295.00,1,1,0
39458,3.288,98.60,324.00,1,1,0
39461,3.292,99.00,336.00,1,1,0
39463,3.292,99.00,326.00,1,1,0
39466,3.292,104.00,341.00,1,1,0
39468,3.280,102.50,338.00,1,1,0
39471,3.284,102.60,336.00,1,1,0
39473,3.292,101.70,334.00,1,1,0
39476,3.296,113.10,321.00,1,1,0
39478,3.248,98.60,324.00,1,1,0
39481,3.292,91.30,300.00,1,1,0
39483,3.288,91.40,301.00,1,1,0
39496,3.292,99.00,326.00,1,1,0
39498,3.292,98.90,324.00,1,1,0
39501,3.292,98.40,324.00,1,1,0
39503,3.292,98.50,324.00,1,1,0
39506,3.292,102.10,324.00,1,1,0
39508,3.292,98.20,323.00,1,1,0
39511,3.292,91.70,301.00,1,1,0
39513,3.292,98.70,326.00,1,1,0
39516,3.288,98.60,324.00,1,1,0
39518,3.292,99.00,326.00,1,1,0
39521,3.292,98.30,324.00,1,1,0
39523,3.292,98.20,323.00,1,1,0
39525,3.292,98.50,324.00,1,1,0
39528,3.292,102.30,338.00,1,1,0
39541,3.288,91.30,300.00,1,1,0
39543,3.288,91.20,300.00,1,1,0
39546,3.292,91.40,300.00,1,1,0
39548,3.288,91.60,301.00,1,1,0
39550,3.288,103.10,326.00,1,1,0
39553,3.292,99.00,326.00,1,1,0
39555,3.292,99.00,326.00,1,1,0
39558,3.292,98.80,295.00,1,1,0
39560,3.288,98.40,323.00,1,1,0
39563,3.292,99.30,328.00,1,1,0
39565,3.292,98.30,328.00,1,1,0
39568,3.292,102.00,336.00,1,1,0
39570,3.292,98.30,324.00,1,1,0
39573,3.292,98.40,324.00,1,1,0
39585,3.292,97.80,324.00,1,1,0
39588,3.288,100.10,329.00,1,1,0
39590,3.292,99.60,328.00,1,1,0
39593,3.252,92.50,305.00,1,1,0
39595,3.288,91.40,301.00,1,1,0
39598,3.288,91.50,301.00,1,1,0
39600,3.292,98.60,324.00,1,1,0
39603,3.292,98.20,324.00,1,1,0
39605,3.292,98.70,324.00,1,1,0
39608,3.292,98.80,326.00,1,1,0
39610,3.292,98.90,326.00,1,1,0
39613,3.292,93.40,308.00,1,1,0
39615,3.292,98.40,324.00,1,1,0
39618,3.292,98.40,324.00,1,1,0
39630,3.292,98.40,324.00,1,1,0
39633,3.292,98.30,324.00,1,1,0
39635,3.292,98.30,324.00,1,1,0
39638,3.284,99.10,326.00,1,1,0
39640,3.292,99.10,326.00,1,1,0
39643,3.292,118.80,390.00,1,0,1
39645,3.292,142.50,467.00,1,0,1
39647,3.268,97.40,385.00,1,0,0
39650,3.276,102.10,336.00,1,0,0
39652,3.292,99.90,329.00,1,0,0
39655,3.292,98.70,205.00,1,0,0
39657,3.312,63.00,208.00,1,0,1
39660,3.308,62.10,206.00,1,0,1
39662,3.312,62.10,210.00,1,0,1
39675,3.312,62.00,205.00,1,0,0
39677,3.312,63.10,210.00,1,0,1
39680,3.312,62.20,206.00,1,0,1
39682,3.312,62.10,205.00,1,0,1
39685,3.308,62.20,206.00,1,0,1
39687,3.312,62.10,205.00,1,0,0
39690,3.312,62.00,203.00,1,0,0
39692,3.268,71.20,236.00,1,0,0
39695,3.312,62.10,206.00,1,0,0
39697,3.312,62.10,206.00,1,0,1
39700,3.312,62.20,206.00,1,0,1
39702,3.312,62.20,206.00,1,0,1
39705,3.312,62.10,206.00,1,0,1
39707,3.308,62.10,210.00,1,0,0
39720,3.312,62.00,205.00,1,0,1
39722,3.312,63.20,210.00,1,0,1
39725,3.312,62.00,205.00,1,0,1
39727,3.308,61.90,241.00,1,0,0
39730,3.304,61.90,205.00,1,0,0
39732,3.312,61.90,205.00,1,0,0
39735,3.312,61.90,205.00,1,0,0
39737,3.312,61.90,205.00,1,0,1
39740,3.268,140.90,462.00,1,0,1
39742,3.312,62.10,210.00,1,0,1
39744,3.312,61.90,205.00,1,0,1
39747,3.312,62.00,205.00,1,0,0
39749,3.312,61.90,205.00,1,0,0
39752,3.312,61.90,205.00,1,0,0
39765,3.280,144.70,241.00,1,0,1
39767,3.308,62.00,205.00,1,0,0
39770,3.312,61.90,205.00,1,0,0
39772,3.312,61.90,205.00,1,0,0
39774,3.312,61.90,205.00,1,0,0
39777,3.312,61.90,205.00,1,0,1
39779,3.312,61.90,205.00,1,0,1
39782,3.312,62.00,205.00,1,0,1
39784,3.312,62.00,205.00,1,0,1
39787,3.276,136.70,398.00,1,0,0
39789,3.280,61.90,205.00,1,0,0
39792,3.312,61.80,205.00,1,0,0
39794,3.312,61.90,205.00,1,0,0
39797,3.312,61.80,205.00,1,0,1
39809,3.264,111.30,205.00,1,0,0
39812,3.312,61.80,205.00,1,0,0
39814,3.284,98.30,324.00,1,0,0
39817,3.292,98.90,318.00,1,0,1
39819,3.280,62.30,206.00,1,0,1
39822,3.308,62.20,206.00,1,0,1
39824,3.312,62.10,206.00,1,0,1
39827,3.312,62.20,206.00,1,0,0
39829,3.312,96.10,315.00,1,0,0
39832,3.276,114.10,206.00,1,0,0
39834,3.312,62.10,206.00,1,0,0
39837,3.312,62.10,206.00,1,0,1
39839,3.312,62.10,206.00,1,0,1
39841,3.312,62.10,206.00,1,0,1
39854,3.272,62.80,206.00,1,0,0
39857,3.312,62.00,205.00,1,0,1
39859,3.308,62.20,206.00,1,0,1
39862,3.308,62.00,205.00,1,0,1
39864,3.308,62.10,205.00,1,0,1
39866,3.308,62.10,206.00,1,0,0
39869,3.300,62.20,206.00,1,0,0
39871,3.312,62.10,206.00,1,0,0
39874,3.312,105.30,346.00,1,0,0
39876,3.272,64.30,205.00,1,0,1
39879,3.312,62.10,205.00,1,0,1
39881,3.312,62.20,206.00,1,0,1
39884,3.312,62.10,206.00,1,0,1
39886,3.312,62.30,206.00,1,0,0
39899,3.312,62.20,206.00,1,0,1
39901,3.312,62.30,206.00,1,0,1
39904,3.312,62.20,206.00,1,0,1
39906,3.308,62.10,206.00,1,0,0
39909,3.312,62.00,205.00,1,0,0
39911,3.312,61.90,205.00,1,0,0
39914,3.312,62.10,205.00,1,0,0
39916,3.312,98.40,324.00,1,0,1
39919,3.288,98.70,324.00,1,0,1
39921,3.304,62.20,206.00,1,0,1
39924,3.312,62.00,205.00,1,0,1
39926,3.312,62.00,205.00,1,0,0
39929,3.308,75.30,205.00,1,0,0
39931,3.308,62.00,205.00,1,0,0
39944,3.312,89.60,292.00,1,0,1
39946,3.292,62.10,206.00,1,1,0
39949,3.300,68.20,218.00,1,1,0
39951,3.308,66.10,220.00,1,1,0
39954,3.312,66.00,218.00,1,1,0
39956,3.312,77.30,254.00,1,1,0
39959,3.288,91.10,300.00,1,1,0
39961,3.292,91.20,300.00,1,1,0
39964,3.288,91.40,300.00,1,1,0
39966,3.288,91.20,321.00,1,1,0
39968,3.292,91.00,300.00,1,1,0
39971,3.288,90.10,297.00,1,1,0
39973,3.292,98.60,324.00,1,1,0
39976,3.292,99.20,326.00,1,1,0
39989,3.292,98.20,323.00,1,1,0
39991,3.292,98.10,323.00,1,1,0
39993,3.292,98.80,324.00,1,1,0
39996,3.292,98.50,324.00,1,1,0
39998,3.292,98.40,324.00,1,1,0
40001,3.296,98.50,324.00,1,1,0
40003,3.292,98.40,324.00,1,1,0
40006,3.296,99.70,328.00,1,0,1
40008,3.268,100.60,331.00,1,0,1
40011,3.264,112.80,464.00,1,0,1
40013,3.292,109.70,360.00,1,0,0
40016,3.292,97.20,319.00,1,0,0
40018,3.288,99.10,326.00,1,0,0
40021,3.292,98.10,323.00,1,0,0
40033,3.292,98.70,324.00,1,0,0
40036,3.292,98.50,324.00,1,0,0
40038,3.292,102.20,323.00,1,0,0
40041,3.288,98.10,323.00,1,0,0
40043,3.288,98.40,324.00,1,0,1
40046,3.292,98.90,324.00,1,0,1
40048,3.292,98.40,324.00,1,0,1
40051,3.292,98.50,324.00,1,0,1
40053,3.292,108.70,326.00,1,0,0
40056,3.292,98.40,324.00,1,0,0
40058,3.292,102.70,338.00,1,0,0
40061,3.292,98.10,323.00,1,0,0
40063,3.288,98.20,324.00,1,0,1
40065,3.292,97.80,323.00,1,0,1
40078,3.312,61.80,205.00,1,0,0
40081,3.312,61.90,205.00,1,0,0
40083,3.280,142.40,415.00,1,0,1
40086,3.308,62.20,206.00,1,0,1
40088,3.312,63.50,210.00,1,0,1
40090,3.308,61.90,205.00,1,0,1
40093,3.308,68.60,228.00,1,0,0
40095,3.312,61.70,205.00,1,0,0
40098,3.312,62.00,206.00,1,0,0
40100,3.312,64.10,213.00,1,0,0
40103,3.312,140.70,460.00,1,0,1
40105,3.284,63.20,205.00,1,0,1
40108,3.312,61.90,205.00,1,0,1
40110,3.312,61.80,205.00,1,0,1
40123,3.292,103.90,342.00,1,0,1
40125,3.288,91.00,301.00,1,0,1
40128,3.280,145.00,244.00,1,0,1
40130,3.312,62.20,206.00,1,0,1
40133,3.312,67.70,224.00,1,0,0
40135,3.312,62.20,206.00,1,0,0
40138,3.312,61.90,205.00,1,0,0
40140,3.312,61.80,205.00,1,0,0
40143,3.312,61.90,205.00,1,0,1
40145,3.312,62.00,205.00,1,0,1
40148,3.312,62.80,205.00,1,0,1
40150,3.292,166.60,206.00,1,0,1
40153,3.312,75.10,249.00,1,0,0
40155,3.312,61.90,205.00,1,0,0
40168,3.312,62.90,208.00,1,0,1
40170,3.312,62.00,203.00,1,0,1
40173,3.276,122.10,236.00,1,0,0
40175,3.312,61.90,205.00,1,0,0
40178,3.312,61.80,205.00,1,0,0
40180,3.316,62.00,205.00,1,0,0
40183,3.312,72.50,241.00,1,0,1
40185,3.312,62.20,206.00,1,0,1
40187,3.312,62.10,205.00,1,0,1
40190,3.312,61.90,205.00,1,0,1
40192,3.312,62.00,205.00,1,0,0
40195,3.268,133.90,554.00,1,0,0
40197,3.304,62.10,206.00,1,0,0
40200,3.312,62.10,206.00,1,0,0
40213,3.312,64.10,211.00,1,0,0
40215,3.312,62.10,206.00,1,0,0
40217,3.312,127.10,392.00,1,0,0
40220,3.276,62.00,205.00,1,0,0
40222,3.312,61.90,205.00,1,0,1
40225,3.292,98.70,324.00,1,0,1
40227,3.292,78.30,259.00,1,0,1
40230,3.312,62.10,206.00,1,0,1
40232,3.312,62.20,242.00,1,0,0
40235,3.308,62.00,205.00,1,0,0
40237,3.312,61.90,205.00,1,0,0
40240,3.312,61.80,205.00,1,0,0
40242,3.312,132.00,433.00,1,0,1
40245,3.308,62.20,206.00,1,0,1
40257,3.312,61.80,205.00,1,0,0
40260,3.312,61.90,205.00,1,0,0
40262,3.312,61.90,208.00,1,0,1
40265,3.312,122.70,401.00,1,0,1
40267,3.308,62.20,206.00,1,0,1
40270,3.312,65.00,205.00,1,0,1
40272,3.312,61.90,205.00,1,0,0
40275,3.312,61.90,205.00,1,0,0
40277,3.312,61.90,205.00,1,0,0
40280,3.312,62.00,205.00,1,0,0
40282,3.312,62.00,205.00,1,0,1
40284,3.312,62.10,205.00,1,0,1
40287,3.312,62.00,205.00,1,0,1
40289,3.312,141.70,462.00,1,0,1
40302,3.312,62.00,205.00,1,0,1
40305,3.312,62.00,205.00,1,0,1
40307,3.312,61.90,205.00,1,0,1
40310,3.312,62.00,205.00,1,0,1
40312,3.312,62.00,205.00,1,0,0
40314,3.264,141.00,206.00,1,0,0
40317,3.312,62.00,205.00,1,0,0
40319,3.312,62.00,205.00,1,0,0
40322,3.312,61.80,205.00,1,0,1
40324,3.312,62.00,205.00,1,0,1
40327,3.292,98.40,324.00,1,0,1
40329,3.292,98.60,303.00,1,0,1
40332,3.296,62.10,205.00,1,0,0
40334,3.312,62.00,205.00,1,0,0
40347,3.312,62.10,206.00,1,0,1
40349,3.312,62.00,205.00,1,0,1
40352,3.312,62.00,205.00,1,0,0
40354,3.312,61.80,205.00,1,0,0
40357,3.312,61.80,205.00,1,0,0
40359,3.312,114.10,372.00,1,0,0
40362,3.260,81.10,269.00,1,0,1
40364,3.308,62.20,206.00,1,0,1
40367,3.308,62.10,205.00,1,0,1
40369,3.308,62.10,205.00,1,0,1
40372,3.312,64.10,213.00,1,0,0
40374,3.300,62.00,205.00,1,0,0
40377,3.312,62.80,208.00,1,0,0
40379,3.312,61.90,205.00,1,0,0
40392,3.312,62.00,205.00,1,0,0
40394,3.304,61.90,205.00,1,0,0
40397,3.312,61.90,205.00,1,0,0
40399,3.312,61.90,205.00,1,0,0
40402,3.264,140.60,218.00,1,0,1
40404,3.308,62.00,205.00,1,0,1
40407,3.312,62.00,205.00,1,0,1
40409,3.312,62.00,205.00,1,0,1
40411,3.312,62.00,205.00,1,0,0
40414,3.312,61.90,205.00,1,0,0
40416,3.312,61.90,205.00,1,0,0
40419,3.312,62.00,205.00,1,0,0
40421,3.308,171.60,562.00,1,0,1
40424,3.304,62.10,206.00,1,0,1
40436,3.312,62.00,205.00,1,0,0
40439,3.312,61.90,205.00,1,0,0
40441,3.312,61.90,205.00,1,0,1
40444,3.312,62.00,203.00,1,0,1
40446,3.292,167.30,205.00,1,0,1
40449,3.312,62.10,206.00,1,0,1
40451,3.308,62.10,206.00,1,0,0
40454,3.300,63.40,205.00,1,0,0
40456,3.312,61.90,205.00,1,0,0
40459,3.312,61.90,205.00,1,0,0
40461,3.312,61.90,205.00,1,0,1
40464,3.312,62.00,205.00,1,0,1
40466,3.312,62.00,205.00,1,0,1
40469,3.276,122.30,401.00,1,0,1
40481,3.312,62.00,205.00,1,0,1
40484,3.304,63.40,206.00,1,0,1
40486,3.308,62.00,205.00,1,0,1
40489,3.312,62.10,205.00,1,0,1
40491,3.260,119.60,210.00,1,0,0
40494,3.308,62.00,205.00,1,0,0
40496,3.312,61.90,205.00,1,0,0
40499,3.312,61.90,205.00,1,0,0
40501,3.308,62.00,205.00,1,0,1
40504,3.312,62.10,206.00,1,0,1
40506,3.312,62.00,205.00,1,0,1
40508,3.312,62.00,205.00,1,0,1
40511,3.312,141.80,462.00,1,0,0
40513,3.264,79.80,205.00,1,0,0
40526,3.312,62.00,205.00,1,0,1
40529,3.312,62.40,205.00,1,0,1
40531,3.312,98.00,323.00,1,0,0
40533,3.280,104.30,342.00,1,0,0
40536,3.288,62.10,206.00,1,0,0
40538,3.312,61.90,205.00,1,0,0
40541,3.312,61.90,205.00,1,0,1
40543,3.312,72.30,205.00,1,0,1
40546,3.312,62.00,205.00,1,0,1
40548,3.312,62.00,205.00,1,0,1
40551,3.312,62.10,205.00,1,0,1
40553,3.312,137.20,454.00,1,0,0
40556,3.312,62.00,205.00,1,0,0
40558,3.312,61.90,205.00,1,0,0
40571,3.308,62.10,206.00,1,0,1
40573,3.312,68.30,459.00,1,0,0
40576,3.264,101.20,334.00,1,0,0
40578,3.312,61.90,205.00,1,0,0
40581,3.312,61.90,208.00,1,0,0
40583,3.312,62.00,205.00,1,0,1
40586,3.312,62.20,206.00,1,0,1
40588,3.312,63.20,205.00,1,0,1
40591,3.312,62.00,205.00,1,0,1
40593,3.308,75.20,249.00,1,0,0
40596,3.312,61.80,205.00,1,0,0
40598,3.312,128.00,423.00,1,0,0
40601,3.272,82.30,272.00,1,0,0
40603,3.312,66.00,206.00,1,0,1
40616,3.316,61.90,205.00,1,0,0
40618,3.312,62.00,206.00,1,0,0
40621,3.312,62.00,205.00,1,0,0
40623,3.312,62.60,205.00,1,0,1
40626,3.292,153.50,205.00,1,0,1
40628,3.312,61.90,205.00,1,0,1
40630,3.312,62.00,205.00,1,0,1
40633,3.312,86.80,324.00,1,0,0
40635,3.292,98.40,324.00,1,0,0
40638,3.312,62.10,206.00,1,0,0
40640,3.312,61.90,205.00,1,0,0
40643,3.312,61.90,205.00,1,0,1
40645,3.312,61.90,205.00,1,0,1
40648,3.276,123.60,390.00,1,0,1
40660,3.312,61.90,205.00,1,0,0
40663,3.312,62.00,205.00,1,0,1
40665,3.312,62.10,206.00,1,0,1
40668,3.312,110.70,362.00,1,0,1
40670,3.272,64.30,206.00,1,0,1
40673,3.312,74.50,247.00,1,0,0
40675,3.312,61.80,205.00,1,0,0
40678,3.312,61.80,205.00,1,0,0
40680,3.308,61.90,205.00,1,0,0
40683,3.312,62.50,206.00,1,0,1
40685,3.312,62.20,206.00,1,0,1
40688,3.312,62.80,208.00,1,0,1
40690,3.312,62.00,203.00,1,0,1
40693,3.276,126.30,242.00,1,0,0
40705,3.312,62.10,205.00,1,0,1
40708,3.312,61.90,205.00,1,0,1
40710,3.312,61.90,205.00,1,0,1
40713,3.312,61.90,462.00,1,0,0
40715,3.280,70.20,233.00,1,0,0
40718,3.312,62.10,206.00,1,0,0
40720,3.312,62.00,205.00,1,0,0
40723,3.312,61.90,238.00,1,0,1
40725,3.312,61.90,205.00,1,0,1
40727,3.312,61.90,205.00,1,0,1
40730,3.312,61.90,205.00,1,0,1
40732,3.312,64.80,215.00,1,1,0
40735,3.308,76.40,251.00,1,1,0
40737,3.292,102.80,338.00,1,1,0
40750,3.288,91.20,300.00,1,1,0
40753,3.292,98.30,324.00,1,1,0
40755,3.292,98.30,324.00,1,1,0
40757,3.292,98.10,323.00,1,1,0
40760,3.292,98.40,324.00,1,1,0
40762,3.288,98.40,324.00,1,1,0
40765,3.292,99.10,324.00,1,1,0
40767,3.292,99.10,326.00,1,1,0
40770,3.292,98.40,324.00,1,1,0
40772,3.292,98.10,323.00,1,1,0
40775,3.288,98.30,324.00,1,1,0
40777,3.292,98.20,323.00,1,1,0
40780,3.292,98.30,324.00,1,1,0
40782,3.292,99.00,326.00,1,1,0
40795,3.292,111.40,447.00,1,0,1
40797,3.272,101.10,331.00,1,0,0
40800,3.292,98.30,324.00,1,0,0
40802,3.292,143.10,326.00,1,0,0
40805,3.288,98.70,324.00,1,0,0
40807,3.292,83.00,275.00,1,0,1
40810,3.312,61.90,205.00,1,0,1
40812,3.312,62.00,205.00,1,0,1
40815,3.312,69.70,228.00,1,0,1
40817,3.276,135.80,234.00,1,0,0
40820,3.308,62.00,205.00,1,0,0
40822,3.312,61.80,205.00,1,0,0
40825,3.316,61.70,205.00,1,0,0
40841,3.268,101.00,333.00,1,0,0
40844,3.288,94.80,205.00,1,0,0
40846,3.312,62.00,205.00,1,0,1
40849,3.312,62.20,206.00,1,0,1
40851,3.312,62.20,206.00,1,0,1
40854,3.312,63.90,205.00,1,0,1
40856,3.312,61.80,205.00,1,0,0
40859,3.304,76.60,254.00,1,0,0
40861,3.312,61.80,202.00,1,0,0
40863,3.268,74.40,246.00,1,0,0
40866,3.312,62.10,206.00,1,0,1
40868,3.312,63.30,206.00,1,0,1
40871,3.312,61.90,205.00,1,0,1
40873,3.312,61.90,205.00,1,0,1
40886,3.312,62.10,206.00,1,0,1
40888,3.312,61.90,205.00,1,0,1
40891,3.312,61.90,205.00,1,0,1
40893,3.312,61.90,205.00,1,0,1
40896,3.312,62.00,205.00,1,0,1
40898,3.312,62.00,205.00,1,0,0
40901,3.312,62.00,205.00,1,0,0
40903,3.312,61.90,205.00,1,0,0
40906,3.264,123.70,205.00,1,0,0
40908,3.316,61.90,205.00,1,0,1
40911,3.312,62.00,205.00,1,0,1
40913,3.312,63.10,205.00,1,0,1
40916,3.312,62.10,206.00,1,0,1
40918,3.312,75.80,251.00,1,0,0
40931,3.312,62.10,206.00,1,0,1
40933,3.312,63.10,206.00,1,0,1
40936,3.312,62.00,205.00,1,0,1
40938,3.308,70.10,233.00,1,0,0
40941,3.284,97.90,323.00,1,0,0
40943,3.288,94.00,310.00,1,0,0
40946,3.312,62.00,203.00,1,0,0
40948,3.280,154.20,351.00,1,0,1
40951,3.312,62.20,206.00,1,0,1
40953,3.312,62.00,205.00,1,0,1
40956,3.312,61.90,205.00,1,0,1
40958,3.312,61.90,213.00,1,0,0
40960,3.312,62.00,205.00,1,0,0
40963,3.312,62.00,205.00,1,0,0
40976,3.312,62.00,205.00,1,0,1
40978,3.312,63.90,205.00,1,0,0
40981,3.312,62.00,205.00,1,0,0
40983,3.312,62.10,206.00,1,0,0
40985,3.312,62.00,215.00,1,0,0
40988,3.312,61.80,205.00,1,0,1
40990,3.312,61.90,205.00,1,0,1
40993,3.312,79.40,467.00,1,0,1
40995,3.276,62.10,206.00,1,0,1
40998,3.312,73.30,242.00,1,0,0
41000,3.312,62.00,205.00,1,0,0
41003,3.312,61.90,205.00,1,0,0
41005,3.312,61.80,205.00,1,0,0
41008,3.312,61.80,205.00,1,0,1
41020,3.312,62.00,205.00,1,0,0
41023,3.312,61.80,205.00,1,0,0
41025,3.312,61.90,205.00,1,0,0
41028,3.312,69.80,231.00,1,0,1
41030,3.312,62.10,205.00,1,0,1
41033,3.308,62.20,206.00,1,0,1
41035,3.312,62.10,206.00,1,0,1
41038,3.312,62.00,452.00,1,0,0
41040,3.280,61.90,205.00,1,0,0
41043,3.292,98.00,323.00,1,0,0
41045,3.292,98.10,323.00,1,0,0
41048,3.292,63.70,211.00,1,0,1
41050,3.312,62.00,205.00,1,0,1
41053,3.312,62.00,205.00,1,0,1
41065,3.312,62.00,205.00,1,0,0
41068,3.312,61.90,205.00,1,0,1
41070,3.312,61.90,205.00,1,0,1
41073,3.312,61.90,205.00,1,0,1
41075,3.312,62.00,205.00,1,0,1
41078,3.312,69.30,229.00,1,0,0
41080,3.312,61.90,205.00,1,0,0
41082,3.312,61.90,313.00,1,0,0
41085,3.260,80.60,267.00,1,0,0
41087,3.312,61.90,205.00,1,0,1
41090,3.312,62.00,205.00,1,0,1
41092,3.312,63.00,208.00,1,0,1
41095,3.312,62.00,205.00,1,0,1
41097,3.312,62.00,252.00,1,0,0
41110,3.312,62.00,205.00,1,0,1
41112,3.312,62.00,210.00,1,0,1
41115,3.312,62.00,205.00,1,0,1
41117,3.312,62.00,205.00,1,0,0
41120,3.312,62.00,205.00,1,0,0
41122,3.312,61.90,205.00,1,0,0
41125,3.312,61.90,203.00,1,0,0
41127,3.280,117.20,210.00,1,0,1
41130,3.312,62.00,205.00,1,0,1
41132,3.312,61.90,205.00,1,0,1
41135,3.312,62.00,205.00,1,0,1
41137,3.312,61.90,205.00,1,0,0
41140,3.312,61.80,205.00,1,0,0
41142,3.312,61.90,205.00,1,0,0
41155,3.312,62.10,206.00,1,0,1
41157,3.312,62.00,218.00,1,0,0
41160,3.300,61.90,205.00,1,0,0
41162,3.312,61.90,205.00,1,0,0
41165,3.312,61.90,205.00,1,0,0
41167,3.312,62.00,205.00,1,0,1
41170,3.312,62.10,203.00,1,0,1
41172,3.284,140.70,223.00,1,0,1
41175,3.308,62.00,205.00,1,0,1
41177,3.312,62.00,205.00,1,0,0
41179,3.312,61.90,205.00,1,0,0
41182,3.312,61.90,205.00,1,0,0
41184,3.312,61.90,205.00,1,0,0
41187,3.312,62.00,208.00,1,0,1
41200,3.312,61.90,205.00,1,0,0
41202,3.312,61.90,205.00,1,0,0
41204,3.312,62.00,205.00,1,0,0
41207,3.316,61.90,205.00,1,0,1
41209,3.312,62.10,205.00,1,0,1
41212,3.312,62.00,203.00,1,0,1
41214,3.276,99.80,328.00,1,0,1
41217,3.312,62.10,205.00,1,1,0
41219,3.300,66.10,220.00,1,1,0
41222,3.308,65.90,218.00,1,1,0
41224,3.312,65.90,218.00,1,1,0
41227,3.308,107.80,354.00,1,1,0
41229,3.292,99.10,326.00,1,1,0
41232,3.292,101.70,324.00,1,1,0
41244,3.292,98.60,324.00,1,1,0
41247,3.288,166.50,549.00,1,1,0
41249,3.292,91.20,300.00,1,1,0
41252,3.288,91.40,301.00,1,1,0
41254,3.288,91.40,300.00,1,1,0
41257,3.288,93.50,308.00,1,1,0
41259,3.280,109.60,360.00,1,1,0
41262,3.292,98.40,324.00,1,1,0
41264,3.292,98.50,324.00,1,1,0
41267,3.292,99.40,328.00,1,1,0
41269,3.292,98.50,324.00,1,1,0
41272,3.288,98.80,326.00,1,1,0
41274,3.288,98.40,324.00,1,1,0
41276,3.288,95.60,390.00,1,0,1
41289,3.292,98.10,324.00,1,0,0
41292,3.288,98.70,324.00,1,0,1
41294,3.292,99.10,326.00,1,0,1
41297,3.292,98.70,324.00,1,0,1
41299,3.288,90.00,297.00,1,0,1
41301,3.292,119.10,390.00,1,0,0
41304,3.260,111.60,329.00,1,0,0
41306,3.288,111.30,365.00,1,0,0
41309,3.288,131.40,433.00,1,0,0
41311,3.292,99.00,326.00,1,0,1
41314,3.288,98.40,247.00,1,0,1
41316,3.312,62.00,205.00,1,0,1
41319,3.312,62.20,206.00,1,0,1
41331,3.312,61.80,205.00,1,0,1
41334,3.304,62.10,206.00,1,0,1
41336,3.312,62.10,206.00,1,0,1
41339,3.312,62.00,205.00,1,0,1
41341,3.312,62.00,205.00,1,0,0
41344,3.312,61.80,205.00,1,0,0
41346,3.272,143.40,469.00,1,0,0
41349,3.312,61.90,205.00,1,0,0
41351,3.312,62.10,206.00,1,0,1
41354,3.272,91.10,300.00,1,0,1
41356,3.272,103.80,324.00,1,0,1
41359,3.292,98.50,324.00,1,0,1
41361,3.292,98.10,323.00,1,0,0
41364,3.280,111.80,316.00,1,0,0
41376,3.292,98.20,323.00,1,0,1
41379,3.288,98.70,324.00,1,0,1
41381,3.288,98.90,324.00,1,0,0
41384,3.276,98.50,324.00,1,0,0
41386,3.288,98.50,334.00,1,0,0
41389,3.292,99.40,328.00,1,0,0
41391,3.288,98.90,326.00,1,0,1
41394,3.288,104.90,323.00,1,0,1
41396,3.292,99.40,328.00,1,0,1
41399,3.288,99.20,326.00,1,0,1
41401,3.292,98.80,295.00,1,0,0
41403,3.288,102.60,338.00,1,0,0
41406,3.288,103.50,339.00,1,0,0
41408,3.280,150.50,354.00,1,0,0
41421,3.312,62.50,206.00,1,0,0
41424,3.312,77.20,206.00,1,0,0
41426,3.312,62.20,206.00,1,0,0
41429,3.312,62.30,206.00,1,0,0
41431,3.260,126.50,206.00,1,0,1
41433,3.312,62.60,208.00,1,0,1
41436,3.312,62.60,208.00,1,0,1
41438,3.312,63.50,206.00,1,0,1
41441,3.312,62.30,206.00,1,0,1
41443,3.308,69.40,229.00,1,0,0
41446,3.312,62.20,206.00,1,0,0
41448,3.312,62.40,206.00,1,0,0
41451,3.276,120.60,395.00,1,0,0
41453,3.292,112.70,323.00,1,0,1
41466,3.312,62.10,206.00,1,0,0
41468,3.312,62.20,206.00,1,0,0
41471,3.312,62.00,205.00,1,0,0
41473,3.272,119.40,392.00,1,0,1
41476,3.312,62.00,205.00,1,0,1
41478,3.312,61.90,205.00,1,0,1
41481,3.308,62.10,206.00,1,0,1
41483,3.312,64.90,206.00,1,0,0
41486,3.312,62.10,206.00,1,0,0
41488,3.312,62.00,205.00,1,0,0
41491,3.312,61.80,205.00,1,0,0
41493,3.312,143.20,467.00,1,0,1
41496,3.304,62.00,205.00,1,0,1
41498,3.308,63.10,206.00,1,0,1
41511,3.312,61.80,205.00,1,0,0
41513,3.312,62.20,206.00,1,0,1
41516,3.312,137.90,452.00,1,0,1
41518,3.292,63.70,211.00,1,0,1
41521,3.308,62.20,205.00,1,0,1
41523,3.312,73.80,244.00,1,0,0
41526,3.312,61.90,205.00,1,0,0
41528,3.312,61.80,205.00,1,0,0
41530,3.312,62.00,205.00,1,0,0
41533,3.312,62.70,208.00,1,0,1
41535,3.308,62.20,411.00,1,0,1
41538,3.292,88.30,290.00,1,0,1
41540,3.312,61.90,205.00,1,0,1
41543,3.308,61.90,210.00,1,0,0
41555,3.288,98.40,321.00,1,0,1
41558,3.288,96.80,318.00,1,0,1
41560,3.312,61.90,205.00,1,0,1
41563,3.312,63.50,205.00,1,0,0
41565,3.312,62.10,206.00,1,0,0
41568,3.312,62.10,206.00,1,0,0
41570,3.312,62.00,205.00,1,0,0
41573,3.312,61.90,213.00,1,0,1
41575,3.308,62.00,205.00,1,0,1
41578,3.308,62.00,205.00,1,0,1
41580,3.312,62.10,206.00,1,0,1
41583,3.312,134.00,441.00,1,0,0
41585,3.268,116.00,383.00,1,0,0
41588,3.312,61.90,205.00,1,0,0
41600,3.312,62.20,206.00,1,0,1
41603,3.308,75.50,247.00,1,0,0
41605,3.276,114.30,378.00,1,0,0
41608,3.312,61.90,205.00,1,0,0
41610,3.312,61.90,205.00,1,0,0
41613,3.312,63.30,210.00,1,0,1
41615,3.308,62.10,205.00,1,0,1
41618,3.308,63.20,210.00,1,0,1
41620,3.312,62.00,205.00,1,0,1
41623,3.312,61.90,221.00,1,0,0
41625,3.312,61.80,205.00,1,0,0
41627,3.312,129.90,426.00,1,0,0
41630,3.308,62.10,206.00,1,0,0
41632,3.312,62.10,239.00,1,0,1
41645,3.316,61.90,205.00,1,0,0
41648,3.312,134.20,441.00,1,0,0
41650,3.268,107.60,357.00,1,0,0
41652,3.312,62.10,206.00,1,0,1
41655,3.312,62.00,205.00,1,0,1
41657,3.288,99.40,328.00,1,0,1
41660,3.292,98.40,324.00,1,0,1
41662,3.288,66.90,221.00,1,0,0
41665,3.312,62.10,206.00,1,0,0
41667,3.312,62.10,205.00,1,0,0
41670,3.312,62.00,205.00,1,0,0
41672,3.304,139.30,460.00,1,0,1
41675,3.312,62.00,205.00,1,0,1
41677,3.312,63.10,210.00,1,0,1
41690,3.312,61.80,205.00,1,0,0
41692,3.312,64.40,213.00,1,0,1
41695,3.276,111.90,365.00,1,0,1
41697,3.308,62.20,210.00,1,0,1
41700,3.308,62.10,205.00,1,0,1
41702,3.308,62.10,205.00,1,0,0
41705,3.312,61.90,205.00,1,0,0
41707,3.312,62.00,205.00,1,0,0
41710,3.312,61.90,205.00,1,0,0
41712,3.308,61.90,208.00,1,0,1
41715,3.308,139.40,455.00,1,0,1
41717,3.308,62.10,205.00,1,0,1
41720,3.308,62.10,206.00,1,0,1
41722,3.312,62.00,205.00,1,0,0
41735,3.308,62.10,205.00,1,0,1
41737,3.308,140.40,457.00,1,0,1
41740,3.296,62.00,205.00,1,0,1
41742,3.312,62.10,211.00,1,0,0
41745,3.304,62.00,205.00,1,0,0
41747,3.312,62.00,205.00,1,0,0
41749,3.312,61.90,205.00,1,0,0
41752,3.308,62.00,205.00,1,0,1
41754,3.312,62.00,205.00,1,0,1
41757,3.308,61.90,208.00,1,0,1
41759,3.312,98.20,323.00,1,0,1
41762,3.292,96.80,318.00,1,0,0
41764,3.284,62.20,206.00,1,0,0
41767,3.312,62.00,205.00,1,0,0
41779,3.312,62.10,205.00,1,0,1
41782,3.308,62.10,206.00,1,0,0
41784,3.312,62.20,203.00,1,0,0
41787,3.264,71.60,205.00,1,0,0
41789,3.312,62.00,205.00,1,0,0
41792,3.312,62.00,205.00,1,0,1
41794,3.308,62.10,205.00,1,0,1
41797,3.312,62.20,206.00,1,0,1
41799,3.312,62.00,205.00,1,0,1
41802,3.312,62.10,205.00,1,0,0
41804,3.304,62.00,205.00,1,0,0
41807,3.312,62.00,205.00,1,0,0
41809,3.312,127.60,392.00,1,0,0
41812,3.276,62.10,206.00,1,0,1
41824,3.300,62.00,205.00,1,0,0
41827,3.312,62.00,205.00,1,0,0
41829,3.312,62.00,205.00,1,0,0
41832,3.312,118.30,393.00,1,0,1
41834,3.276,62.10,206.00,1,0,1
41837,3.308,62.10,206.00,1,0,1
41839,3.312,62.10,206.00,1,0,1
41842,3.312,62.10,206.00,1,0,0
41844,3.308,62.00,205.00,1,0,0
41846,3.312,62.00,205.00,1,0,0
41849,3.312,62.00,205.00,1,0,0
41851,3.312,62.10,206.00,1,0,1
41854,3.308,62.10,206.00,1,0,1
41856,3.312,172.50,565.00,1,0,1
41869,3.312,62.10,206.00,1,0,0
41872,3.312,61.90,205.00,1,0,1
41874,3.308,62.10,206.00,1,0,1
41876,3.312,62.10,415.00,1,0,1
41879,3.268,65.60,218.00,1,0,1
41881,3.312,62.10,206.00,1,0,0
41884,3.304,71.50,205.00,1,0,0
41886,3.312,61.90,205.00,1,0,0
41889,3.312,62.00,205.00,1,0,0
41891,3.312,61.90,205.00,1,0,1
41894,3.312,62.00,205.00,1,0,1
41896,3.312,61.90,205.00,1,0,1
41899,3.308,62.00,457.00,1,0,1
41901,3.268,63.10,210.00,1,0,0
41914,3.312,62.00,205.00,1,0,1
41916,3.312,62.00,205.00,1,0,1
41919,3.308,62.00,203.00,1,0,1
41921,3.268,87.10,287.00,1,0,0
41924,3.304,62.00,205.00,1,0,0
41926,3.312,62.00,205.00,1,0,0
41929,3.312,61.80,205.00,1,0,0
41931,3.312,61.90,205.00,1,0,1
41934,3.304,62.10,206.00,1,0,1
41936,3.312,62.10,206.00,1,0,1
41939,3.312,62.00,205.00,1,0,1
41941,3.312,62.10,206.00,1,0,0
41943,3.312,71.60,464.00,1,0,0
41946,3.280,70.00,233.00,1,0,0
41959,3.312,62.00,205.00,1,0,1
41961,3.312,61.80,205.00,1,0,0
41964,3.312,71.60,323.00,1,0,0
41966,3.292,98.90,324.00,1,0,0
41969,3.288,62.10,206.00,1,0,0
41971,3.312,62.00,205.00,1,0,1
41973,3.312,62.00,205.00,1,0,1
41976,3.312,62.00,205.00,1,0,1
41978,3.312,62.00,205.00,1,0,1
41981,3.308,62.00,205.00,1,0,1
41983,3.312,64.50,213.00,1,0,0
41986,3.312,62.10,206.00,1,0,0
41988,3.312,62.00,205.00,1,0,0
41991,3.312,119.50,392.00,1,0,0
42003,3.312,62.00,205.00,1,0,0
42006,3.312,62.00,205.00,1,0,0
42008,3.316,61.90,205.00,1,0,0
42011,3.312,61.80,203.00,1,0,0
42013,3.276,130.20,431.00,1,0,1
42016,3.312,62.10,206.00,1,0,1
42018,3.312,62.20,206.00,1,0,1
42021,3.312,62.20,206.00,1,0,1
42023,3.312,72.00,205.00,1,0,0
42026,3.312,61.90,205.00,1,0,0
42028,3.312,61.80,205.00,1,0,0
42031,3.312,61.80,205.00,1,0,0
42033,3.312,93.20,305.00,1,0,1
42036,3.276,110.70,367.00,1,0,1
42048,3.312,61.90,205.00,1,0,0
42051,3.312,62.00,205.00,1,0,0
42053,3.312,68.70,206.00,1,0,1
42056,3.312,94.60,308.00,1,0,1
42058,3.304,63.00,208.00,1,0,1
42061,3.312,61.90,205.00,1,0,1
42063,3.312,66.40,220.00,1,0,0
42066,3.312,62.00,205.00,1,0,0
42068,3.292,98.40,323.00,1,0,0
42070,3.288,92.20,303.00,1,0,0
42073,3.312,62.90,208.00,1,0,1
42075,3.312,61.90,485.00,1,0,1
42078,3.288,62.00,205.00,1,0,1
42080,3.312,62.00,205.00,1,0,1
42093,3.312,61.90,205.00,1,0,1
42095,3.312,61.90,205.00,1,0,1
42098,3.312,62.00,206.00,1,0,1
42100,3.312,130.60,429.00,1,0,1
42103,3.312,68.40,226.00,1,0,0
42105,3.312,62.00,205.00,1,0,0
42108,3.312,61.90,205.00,1,0,0
42110,3.312,61.80,205.00,1,0,0
42113,3.312,64.40,205.00,1,0,1
42115,3.312,62.20,206.00,1,0,1
42118,3.312,63.00,208.00,1,0,1
42120,3.312,62.20,441.00,1,0,1
42123,3.268,78.50,261.00,1,0,0
42125,3.312,61.90,205.00,1,0,0
42138,3.312,62.60,208.00,1,0,1
42140,3.312,61.90,205.00,1,0,1
42143,3.312,61.90,472.00,1,0,0
42145,3.264,61.90,205.00,1,0,0
42148,3.312,62.00,205.00,1,0,0
42150,3.312,62.00,206.00,1,0,0
42153,3.312,63.20,210.00,1,0,1
42155,3.312,62.10,206.00,1,0,1
42158,3.312,61.80,205.00,1,0,1
42160,3.312,61.80,205.00,1,0,1
42163,3.312,61.90,205.00,1,0,0
42165,3.312,62.10,206.00,1,0,0
42167,3.312,144.90,477.00,1,0,0
42170,3.292,96.70,318.00,1,0,0
42183,3.312,65.10,215.00,1,0,0
42185,3.312,62.10,206.00,1,0,0
42188,3.312,62.10,205.00,1,0,0
42190,3.312,61.80,205.00,1,0,0
42192,3.276,123.40,405.00,1,0,1
42195,3.296,62.00,205.00,1,0,1
42197,3.312,63.30,210.00,1,0,1
42200,3.312,62.10,206.00,1,0,1
42202,3.312,62.20,246.00,1,0,0
42205,3.312,62.00,205.00,1,0,0
42207,3.312,61.90,205.00,1,0,0
42210,3.312,61.80,205.00,1,0,0
42212,3.312,122.60,401.00,1,0,1
42215,3.300,64.70,215.00,1,0,1
42227,3.312,61.80,205.00,1,0,0
42230,3.312,62.00,205.00,1,0,0
42232,3.312,70.80,234.00,1,0,1
42235,3.308,62.20,206.00,1,0,1
42237,3.296,170.40,496.00,1,0,1
42240,3.304,62.00,205.00,1,0,1
42242,3.312,62.00,205.00,1,0,0
42245,3.312,61.80,205.00,1,0,0
42247,3.312,62.00,205.00,1,0,0
42250,3.312,62.10,206.00,1,0,0
42252,3.312,62.10,206.00,1,0,1
42255,3.308,62.00,205.00,1,0,1
42257,3.308,121.50,398.00,1,0,1
42260,3.276,62.20,206.00,1,0,1
42272,3.292,98.30,323.00,1,0,1
42275,3.288,98.10,310.00,1,0,1
42277,3.288,62.10,205.00,1,0,1
42280,3.312,62.00,205.00,1,0,1
42282,3.264,140.40,249.00,1,0,0
42285,3.304,62.20,206.00,1,0,0
42287,3.312,62.00,205.00,1,0,0
42290,3.312,61.80,205.00,1,0,0
42292,3.312,61.90,205.00,1,0,1
42294,3.300,62.10,206.00,1,0,1
42297,3.312,62.10,206.00,1,0,1
42299,3.312,62.10,206.00,1,0,1
42302,3.312,62.20,203.00,1,0,0
42304,3.268,140.60,465.00,1,0,0
42317,3.312,62.20,206.00,1,0,1
42319,3.312,62.20,205.00,1,0,1
42322,3.308,62.80,208.00,1,0,0
42324,3.312,61.80,205.00,1,0,0
42327,3.268,147.40,257.00,1,0,0
42329,3.312,62.00,205.00,1,0,0
42332,3.312,62.10,206.00,1,0,1
42334,3.312,62.20,206.00,1,0,1
42337,3.312,62.10,206.00,1,0,1
42339,3.308,62.00,205.00,1,0,1
42342,3.312,61.90,205.00,1,0,0
42344,3.300,61.90,205.00,1,0,0
42347,3.312,62.00,205.00,1,0,0
42349,3.312,78.40,257.00,1,0,0
42362,3.312,62.00,205.00,1,0,0
42364,3.304,62.10,206.00,1,0,0
42367,3.312,62.00,205.00,1,0,0
42369,3.308,62.10,206.00,1,0,0
42372,3.272,87.00,418.00,1,0,1
42374,3.296,98.20,323.00,1,0,1
42377,3.288,99.00,326.00,1,0,1
42379,3.288,90.70,206.00,1,0,1
42382,3.312,62.00,205.00,1,0,0
42384,3.312,61.90,205.00,1,0,0
42387,3.312,61.90,205.00,1,0,0
42389,3.312,61.70,205.00,1,0,0
42391,3.312,61.70,205.00,1,0,1
42394,3.312,61.90,202.00,1,0,1
42407,3.312,61.70,205.00,1,0,0
42409,3.312,61.80,205.00,1,0,0
42412,3.312,61.80,205.00,1,0,1
42414,3.312,62.00,205.00,1,0,1
42416,3.312,143.10,469.00,1,0,1
42419,3.300,62.00,205.00,1,0,1
42421,3.312,61.80,205.00,1,0,0
42424,3.300,62.20,208.00,1,0,0
42426,3.312,61.80,205.00,1,0,0
42429,3.312,61.80,205.00,1,0,0
42431,3.312,61.90,205.00,1,0,1
42434,3.312,61.90,205.00,1,0,1
42436,3.312,61.90,205.00,1,0,1
42439,3.312,61.80,202.00,1,0,1
42451,3.312,61.80,205.00,1,0,1
42454,3.308,61.90,205.00,1,0,1
42456,3.312,61.80,205.00,1,0,1
42459,3.312,61.90,205.00,1,0,1
42461,3.312,61.90,205.00,1,0,0
42464,3.312,72.10,236.00,1,0,0
42466,3.280,134.50,444.00,1,0,0
42469,3.312,61.90,205.00,1,0,0
42471,3.312,61.70,205.00,1,0,1
42474,3.300,62.00,205.00,1,0,1
42476,3.312,90.00,324.00,1,0,1
42479,3.292,98.30,323.00,1,0,1
42481,3.288,91.00,300.00,1,0,0
42484,3.308,81.90,205.00,1,0,0
42496,3.312,62.00,205.00,1,0,1
42499,3.312,62.40,205.00,1,0,1
42501,3.312,61.90,205.00,1,0,0
42504,3.304,64.10,213.00,1,0,0
42506,3.312,61.80,205.00,1,0,0
42509,3.312,67.50,221.00,1,0,0
42511,3.268,69.80,231.00,1,0,1
42513,3.312,63.10,205.00,1,0,1
42516,3.312,61.90,205.00,1,0,1
42518,3.312,61.90,205.00,1,0,1
42521,3.312,61.80,205.00,1,0,1
42523,3.308,61.80,205.00,1,0,0
42526,3.312,61.80,205.00,1,0,0
42528,3.312,61.80,202.00,1,0,0
42541,3.312,61.90,205.00,1,0,0
42543,3.312,61.90,205.00,1,0,0
42546,3.312,61.80,205.00,1,0,0
42548,3.312,61.80,205.00,1,0,0
42551,3.312,61.80,205.00,1,0,0
42553,3.296,123.70,405.00,1,0,1
42556,3.312,61.90,205.00,1,0,1
42558,3.312,63.10,205.00,1,0,1
42561,3.308,61.90,205.00,1,0,1
42563,3.308,73.50,244.00,1,0,0
42566,3.312,61.70,205.00,1,0,0
42568,3.312,61.80,205.00,1,0,0
42571,3.312,61.90,205.00,1,0,0
42573,3.312,62.60,205.00,1,0,1
42586,3.312,62.10,205.00,1,0,0
42588,3.312,62.00,205.00,1,0,0
42591,3.312,61.90,205.00,1,0,0
42593,3.312,71.70,206.00,1,0,1
42596,3.312,62.00,205.00,1,0,1
42598,3.312,62.00,205.00,1,0,1
42601,3.312,141.90,465.00,1,0,1
42603,3.264,68.60,206.00,1,0,0
42606,3.312,62.00,205.00,1,0,0
42608,3.312,62.00,205.00,1,0,0
42610,3.312,61.90,205.00,1,0,0
42613,3.312,61.90,205.00,1,0,1
42615,3.308,62.00,205.00,1,0,1
42618,3.312,62.00,206.00,1,0,1
42631,3.312,61.90,205.00,1,0,0
42633,3.312,62.00,205.00,1,0,1
42636,3.308,62.10,206.00,1,0,1
42638,3.312,63.20,205.00,1,0,1
42640,3.312,62.10,206.00,1,0,1
42643,3.276,155.80,510.00,1,0,0
42645,3.308,61.90,205.00,1,0,0
42648,3.312,62.00,205.00,1,0,0
42650,3.312,62.00,205.00,1,0,0
42653,3.312,63.60,210.00,1,0,1
42655,3.312,62.10,205.00,1,0,1
42658,3.312,63.20,210.00,1,0,1
42660,3.312,62.00,205.00,1,0,1
42663,3.312,62.00,238.00,1,0,0
42675,3.312,62.00,205.00,1,0,1
42678,3.312,61.90,205.00,1,0,1
42680,3.312,65.40,215.00,1,0,1
42683,3.288,98.50,334.00,1,0,0
42685,3.288,76.20,252.00,1,0,0
42688,3.312,62.00,205.00,1,0,0
42690,3.264,114.40,220.00,1,0,0
42693,3.312,62.80,208.00,1,0,1
42695,3.312,62.00,205.00,1,0,1
42698,3.312,62.00,205.00,1,0,1
42700,3.312,62.10,206.00,1,0,1
42703,3.312,63.30,208.00,1,0,0
42705,3.312,62.00,205.00,1,0,0
42707,3.312,61.90,205.00,1,0,0
42720,3.312,62.20,206.00,1,0,1
42723,3.312,72.00,238.00,1,0,0
42725,3.316,61.90,205.00,1,0,0
42728,3.312,62.10,205.00,1,0,0
42730,3.312,61.90,205.00,1,0,0
42733,3.312,61.90,205.00,1,0,1
42735,3.276,120.30,342.00,1,0,1
42737,3.308,63.30,210.00,1,0,1
42740,3.312,62.10,206.00,1,0,1
42742,3.312,61.90,247.00,1,0,0
42745,3.312,61.80,205.00,1,0,0
42747,3.312,62.00,205.00,1,0,0
42750,3.312,62.00,205.00,1,0,0
42752,3.312,62.90,208.00,1,0,1
42765,3.312,61.90,205.00,1,0,0
42767,3.312,62.00,205.00,1,0,0
42770,3.308,62.10,206.00,1,0,0
42772,3.312,62.00,239.00,1,0,1
42775,3.312,61.90,205.00,1,0,1
42777,3.308,61.90,205.00,1,0,1
42780,3.312,143.70,364.00,1,0,1
42782,3.264,62.80,206.00,1,0,0
42785,3.292,98.40,324.00,1,0,0
42787,3.292,91.30,205.00,1,0,0
42790,3.312,61.90,205.00,1,0,0
42792,3.312,61.80,205.00,1,0,1
42795,3.312,61.90,205.00,1,0,1
42797,3.312,62.00,205.00,1,0,1
42810,3.312,61.80,205.00,1,0,0
42812,3.312,61.80,205.00,1,0,1
42815,3.312,61.90,205.00,1,0,1
42817,3.312,62.00,208.00,1,0,1
42820,3.308,62.10,206.00,1,0,1
42822,3.312,61.90,205.00,1,0,0
42825,3.312,61.70,203.00,1,0,0
42827,3.300,139.80,462.00,1,0,0
42830,3.312,64.80,215.00,1,0,0
42832,3.312,62.00,218.00,1,0,1
42834,3.304,62.10,206.00,1,0,1
42837,3.308,62.10,206.00,1,0,1
42844,3.308,61.70,205.00,1,0,0
42847,3.312,61.80,205.00,1,0,0
42849,3.276,120.10,215.00,1,0,0
42852,3.312,62.10,206.00,1,0,1
42854,3.312,62.10,206.00,1,0,1
42857,3.312,61.90,205.00,1,0,1
42859,3.312,61.90,205.00,1,0,1
42862,3.312,61.80,205.00,1,0,0
42864,3.300,61.90,205.00,1,0,0
42877,3.312,61.90,205.00,1,0,1
42879,3.312,61.90,205.00,1,0,1
42882,3.312,62.00,205.00,1,0,0
42884,3.304,62.00,205.00,1,0,0
42887,3.288,98.50,324.00,1,0,0
42889,3.288,97.80,321.00,1,0,0
42892,3.312,124.40,390.00,1,0,1
42894,3.272,62.00,205.00,1,0,1
42896,3.312,62.10,206.00,1,0,1
42899,3.312,62.10,206.00,1,0,1
42901,3.312,62.20,205.00,1,0,0
42904,3.308,62.00,205.00,1,0,0
42906,3.312,61.90,205.00,1,0,0
42909,3.312,61.80,205.00,1,0,0
42921,3.312,61.90,205.00,1,0,0
42924,3.312,61.70,205.00,1,0,0
42926,3.312,61.80,205.00,1,0,0
42929,3.312,61.80,205.00,1,0,0
42931,3.312,64.60,215.00,1,0,1
42934,3.312,62.10,206.00,1,0,1
42936,3.312,62.10,238.00,1,0,1
42939,3.272,111.40,369.00,1,0,1
42941,3.312,61.90,205.00,1,0,0
42944,3.300,64.60,205.00,1,0,0
42946,3.312,61.90,205.00,1,0,0
42949,3.312,61.90,205.00,1,0,0
42951,3.312,62.00,205.00,1,0,1
42954,3.312,72.10,205.00,1,0,1
42966,3.312,62.10,205.00,1,0,0
42969,3.312,62.00,205.00,1,0,0
42971,3.312,61.90,205.00,1,0,1
42974,3.312,61.90,205.00,1,0,1
42976,3.312,61.90,205.00,1,0,1
42979,3.312,62.00,205.00,1,0,1
42981,3.312,110.50,382.00,1,0,0
42984,3.264,62.10,206.00,1,0,0
42986,3.312,62.00,205.00,1,0,0
42989,3.296,98.70,321.00,1,0,0
42991,3.288,93.90,308.00,1,0,1
42993,3.312,61.90,205.00,1,0,1
42996,3.312,61.90,205.00,1,0,1
42998,3.312,62.00,205.00,1,0,1
43011,3.312,61.80,205.00,1,0,1
43014,3.312,62.00,205.00,1,0,1
43016,3.312,62.10,206.00,1,0,1
43018,3.312,63.10,205.00,1,0,1
43021,3.312,61.80,205.00,1,0,0
43023,3.308,136.50,447.00,1,0,0
43026,3.280,61.90,205.00,1,0,0
43028,3.312,61.90,205.00,1,0,0
43031,3.312,62.00,205.00,1,0,0
43033,3.312,63.30,215.00,1,0,1
43036,3.312,62.00,205.00,1,0,1
43038,3.312,61.90,205.00,1,0,1
43041,3.312,61.80,205.00,1,0,1
43043,3.312,71.30,233.00,1,0,0
43056,3.312,61.80,205.00,1,0,1
43058,3.312,61.80,205.00,1,0,1
43061,3.312,61.90,205.00,1,0,1
43063,3.312,67.10,205.00,1,0,0
43066,3.312,62.00,205.00,1,0,0
43068,3.276,107.00,349.00,1,0,0
43071,3.312,61.90,205.00,1,0,0
43073,3.312,61.90,205.00,1,0,1
43076,3.312,61.90,205.00,1,0,1
43078,3.312,62.90,205.00,1,0,1
43081,3.312,62.00,205.00,1,0,1
43083,3.312,75.40,249.00,1,0,0
43086,3.312,61.90,205.00,1,0,0
43088,3.312,61.70,205.00,1,0,0
43101,3.312,62.00,206.00,1,0,1
43103,3.312,74.20,246.00,1,0,0
43106,3.312,61.80,205.00,1,0,0
43108,3.312,61.80,205.00,1,0,0
43111,3.312,61.80,205.00,1,0,0
43113,3.264,140.90,465.00,1,0,1
43115,3.308,62.10,205.00,1,0,1
43118,3.312,62.00,205.00,1,0,1
43120,3.312,61.90,205.00,1,0,1
43123,3.312,61.90,205.00,1,0,0
43125,3.312,61.80,205.00,1,0,0
43128,3.312,61.90,205.00,1,0,0
43130,3.312,62.00,205.00,1,0,0
43133,3.312,70.30,233.00,1,0,1
43145,3.312,61.90,205.00,1,0,0
43148,3.312,62.00,205.00,1,0,0
43150,3.312,61.90,205.00,1,0,0
43153,3.312,62.00,205.00,1,0,1
43155,3.312,61.90,205.00,1,0,1
43158,3.300,123.50,403.00,1,0,1
43160,3.276,62.60,205.00,1,0,1
43163,3.308,73.40,242.00,1,0,0
43165,3.312,61.90,205.00,1,0,0
43168,3.312,61.90,205.00,1,0,0
43170,3.312,61.80,205.00,1,0,0
43173,3.312,61.70,205.00,1,0,1
43175,3.312,62.00,205.00,1,0,1
43178,3.312,62.50,206.00,1,0,1
43190,3.312,61.90,205.00,1,0,0
43193,3.312,113.20,372.00,1,0,1
43195,3.292,98.70,328.00,1,0,1
43198,3.292,64.90,215.00,1,0,1
43200,3.312,62.00,205.00,1,0,1
43203,3.308,62.00,205.00,1,0,0
43205,3.308,107.60,547.00,1,0,0
43208,3.276,62.00,205.00,1,0,0
43210,3.312,61.90,205.00,1,0,0
43212,3.312,62.00,210.00,1,0,1
43215,3.312,62.00,205.00,1,0,1
43217,3.308,62.00,205.00,1,0,1
43220,3.312,62.00,205.00,1,0,1
43222,3.312,62.60,206.00,1,0,0
43235,3.312,62.10,206.00,1,0,1
43237,3.312,62.00,205.00,1,0,1
43240,3.308,62.00,205.00,1,0,1
43242,3.312,69.60,231.00,1,0,0
43245,3.312,61.90,205.00,1,0,0
43247,3.312,61.90,205.00,1,0,0
43250,3.312,61.90,202.00,1,0,0
43252,3.268,107.20,354.00,1,0,1
43255,3.312,62.10,206.00,1,0,1
43257,3.312,62.10,208.00,1,0,1
43260,3.312,62.00,205.00,1,0,1
43262,3.312,62.00,205.00,1,0,0
43265,3.312,61.80,205.00,1,0,0
43267,3.312,61.90,205.00,1,0,0
43280,3.312,61.90,205.00,1,0,1
43282,3.312,62.00,205.00,1,0,0
43285,3.312,61.90,205.00,1,0,0
43287,3.312,61.90,205.00,1,0,0
43290,3.312,61.90,205.00,1,0,0
43292,3.312,61.80,218.00,1,0,1
43295,3.268,107.50,354.00,1,0,1
43297,3.292,102.10,336.00,1,0,1
43300,3.288,91.20,205.00,1,0,1
43302,3.308,62.10,205.00,1,0,0
43305,3.296,62.00,205.00,1,0,0
43307,3.312,62.00,205.00,1,0,0
43309,3.312,61.90,205.00,1,0,0
43312,3.312,61.80,205.00,1,0,1
43325,3.304,61.90,205.00,1,0,0
43327,3.312,61.90,205.00,1,0,0
43330,3.312,61.80,205.00,1,0,0
43332,3.312,61.90,205.00,1,0,1
43334,3.312,62.10,206.00,1,0,1
43337,3.308,62.10,208.00,1,0,1
43339,3.312,76.90,252.00,1,0,1
43342,3.276,131.00,431.00,1,0,0
43344,3.312,61.90,205.00,1,0,0
43347,3.312,61.80,205.00,1,0,0
43349,3.312,61.90,205.00,1,0,0
43352,3.312,62.00,208.00,1,0,1
43354,3.312,62.10,206.00,1,0,1
43357,3.312,62.00,205.00,1,0,1
43369,3.312,62.00,205.00,1,0,0
43372,3.312,61.90,205.00,1,0,1
43374,3.312,62.00,205.00,1,0,1
43377,3.312,61.90,205.00,1,0,1
43379,3.312,61.90,205.00,1,0,1
43382,3.312,62.00,205.00,1,0,0
43384,3.304,62.00,205.00,1,0,0
43387,3.276,122.50,401.00,1,0,0
43389,3.312,62.00,205.00,1,0,0
43392,3.312,62.00,205.00,1,0,1
43394,3.312,61.90,205.00,1,0,1
43397,3.312,62.00,300.00,1,0,1
43399,3.288,98.70,324.00,1,0,1
43402,3.292,94.80,311.00,1,0,0
43414,3.312,61.90,205.00,1,0,1
43417,3.312,61.90,205.00,1,0,1
43419,3.308,62.10,205.00,1,0,1
43422,3.312,62.00,205.00,1,0,0
43424,3.312,61.80,205.00,1,0,0
43427,3.312,61.70,205.00,1,0,0
43429,3.316,61.70,205.00,1,0,0
43431,3.264,143.50,469.00,1,0,1
43434,3.300,62.10,206.00,1,0,1
43436,3.312,62.10,206.00,1,0,1
43439,3.312,61.90,205.00,1,0,1
43441,3.312,61.80,205.00,1,0,0
43444,3.312,61.70,205.00,1,0,0
43446,3.312,61.70,205.00,1,0,0
43459,3.316,61.90,205.00,1,0,1
43461,3.312,61.80,205.00,1,0,0
43464,3.304,66.50,205.00,1,0,0
43466,3.312,61.90,205.00,1,0,0
43469,3.312,61.90,205.00,1,0,0
43471,3.316,61.90,205.00,1,0,1
43474,3.312,61.90,205.00,1,0,1
43476,3.312,61.70,205.00,1,0,1
43479,3.276,121.20,357.00,1,0,1
43481,3.312,61.90,205.00,1,0,0
43484,3.300,61.90,205.00,1,0,0
43486,3.312,62.00,205.00,1,0,0
43489,3.312,61.80,205.00,1,0,0
43491,3.312,61.70,205.00,1,0,1
43504,3.292,90.80,298.00,1,0,0
43506,3.312,61.90,205.00,1,0,0
43509,3.312,61.80,205.00,1,0,0
43511,3.312,61.80,205.00,1,0,1
43514,3.312,61.90,205.00,1,0,1
43516,3.312,62.00,205.00,1,0,1
43519,3.312,62.10,206.00,1,0,1
43521,3.312,62.10,206.00,1,0,0
43524,3.312,150.00,459.00,1,0,0
43526,3.304,61.80,205.00,1,0,0
43528,3.312,61.80,205.00,1,0,0
43531,3.312,61.80,205.00,1,0,1
43533,3.312,62.10,206.00,1,0,1
43536,3.312,62.10,206.00,1,0,1
43549,3.312,62.00,205.00,1,0,0
43551,3.312,62.80,205.00,1,0,1
43554,3.312,62.10,206.00,1,0,1
43556,3.312,61.90,205.00,1,0,1
43558,3.312,61.90,205.00,1,0,1
43561,3.312,61.80,205.00,1,0,1
43563,3.312,61.90,202.00,1,0,0
43566,3.276,102.90,341.00,1,0,0
43568,3.312,62.10,205.00,1,0,0
43571,3.312,61.90,205.00,1,0,0
43573,3.312,62.00,205.00,1,0,1
43576,3.312,61.80,205.00,1,0,1
43578,3.312,61.90,205.00,1,0,1
43581,3.312,62.10,206.00,1,0,1
43593,3.312,61.90,205.00,1,0,1
43596,3.308,61.90,205.00,1,0,1
43598,3.308,62.10,206.00,1,0,1
43601,3.312,62.10,206.00,1,0,1
43603,3.284,111.00,323.00,1,0,0
43606,3.288,94.80,311.00,1,0,0
43608,3.288,79.20,262.00,1,0,0
43611,3.264,148.90,496.00,1,0,0
43613,3.280,70.70,206.00,1,0,1
43616,3.312,62.10,206.00,1,0,1
43618,3.312,64.00,211.00,1,0,1
43621,3.308,62.00,205.00,1,0,1
43623,3.312,80.60,267.00,1,0,0
43625,3.312,61.70,205.00,1,0,0
43638,3.312,61.90,205.00,1,0,1
43641,3.312,61.80,205.00,1,0,1
43643,3.312,62.10,206.00,1,0,0
43646,3.312,61.90,205.00,1,0,0
43648,3.312,61.90,206.00,1,0,0
43651,3.312,62.00,205.00,1,0,0
43653,3.312,62.70,208.00,1,0,1
43655,3.268,145.30,293.00,1,0,1
43658,3.284,61.80,205.00,1,0,1
43660,3.312,61.90,205.00,1,0,1
43663,3.312,63.20,208.00,1,0,0
43665,3.312,61.90,205.00,1,0,0
43668,3.312,62.00,205.00,1,0,0
43670,3.312,61.80,205.00,1,0,0
43683,3.312,71.20,236.00,1,0,0
43685,3.312,62.00,205.00,1,0,0
43688,3.312,61.70,205.00,1,0,0
43690,3.312,61.70,205.00,1,0,0
43693,3.312,61.70,205.00,1,0,1
43695,3.312,125.50,410.00,1,0,1
43698,3.272,64.10,213.00,1,0,1
43700,3.312,62.10,206.00,1,0,1
43703,3.312,73.20,242.00,1,0,0
43705,3.280,97.90,323.00,1,0,0
43708,3.288,98.50,323.00,1,0,0
43710,3.288,62.00,205.00,1,0,0
43713,3.312,62.70,208.00,1,0,1
43715,3.312,62.20,203.00,1,0,1
43728,3.312,61.90,205.00,1,0,0
43730,3.312,62.00,205.00,1,0,0
43733,3.312,72.40,239.00,1,0,1
43735,3.312,62.20,206.00,1,0,1
43738,3.312,62.10,205.00,1,0,1
43740,3.308,144.00,470.00,1,0,1
43743,3.308,62.30,205.00,1,0,0
43745,3.312,61.90,226.00,1,0,0
43748,3.312,62.00,205.00,1,0,0
43750,3.312,62.10,206.00,1,0,0
43752,3.312,62.10,205.00,1,0,1
43755,3.308,62.00,205.00,1,0,1
43757,3.312,61.90,205.00,1,0,1
43760,3.312,62.00,206.00,1,0,1
43773,3.312,61.80,205.00,1,0,1
43775,3.312,61.90,206.00,1,0,1
43777,3.312,63.20,210.00,1,0,1
43780,3.308,62.10,206.00,1,0,1
43782,3.312,62.10,439.00,1,0,0
43785,3.272,62.10,206.00,1,0,0
43787,3.312,62.00,205.00,1,0,0
43790,3.308,61.90,205.00,1,0,0
43792,3.312,65.00,215.00,1,0,1
43795,3.312,62.10,206.00,1,0,1
43797,3.308,62.10,210.00,1,0,1
43800,3.312,62.10,206.00,1,0,1
43802,3.312,62.10,205.00,1,0,0
43805,3.312,61.90,202.00,1,0,0
43817,3.312,62.00,205.00,1,0,1
43820,3.312,62.00,205.00,1,0,1
43822,3.312,61.80,203.00,1,0,0
43825,3.312,61.80,205.00,1,0,0
43827,3.312,72.80,475.00,1,0,0
43830,3.280,62.00,205.00,1,0,0
43832,3.312,62.00,205.00,1,0,1
43835,3.312,61.90,205.00,1,0,1
43837,3.308,61.90,205.00,1,0,1
43840,3.312,61.80,205.00,1,0,1
43842,3.312,62.00,211.00,1,0,0
43845,3.304,61.80,205.00,1,0,0
43847,3.312,61.90,205.00,1,0,0
43849,3.312,61.80,457.00,1,0,0
43862,3.312,61.90,244.00,1,0,0
43865,3.312,61.90,205.00,1,0,0
43867,3.312,61.80,205.00,1,0,0
43870,3.312,61.90,205.00,1,0,0
43872,3.264,141.50,205.00,1,0,1
43874,3.312,62.00,205.00,1,0,1
43877,3.312,61.90,205.00,1,0,1
43879,3.312,62.00,205.00,1,0,1
43882,3.312,62.00,205.00,1,0,0
43884,3.312,61.90,205.00,1,0,0
43887,3.312,61.90,205.00,1,0,0
43889,3.312,61.80,205.00,1,0,0
43892,3.312,61.80,205.00,1,0,1
43894,3.268,119.00,349.00,1,0,1
43907,3.312,61.80,205.00,1,0,0
43909,3.312,99.40,328.00,1,0,0
43912,3.292,97.90,321.00,1,0,1
43914,3.288,91.40,205.00,1,0,1
43917,3.308,62.00,205.00,1,0,1
43919,3.312,62.00,205.00,1,0,1
43922,3.312,62.00,205.00,1,0,0
43924,3.300,61.90,205.00,1,0,0
43927,3.312,61.80,205.00,1,0,0
43929,3.312,61.80,205.00,1,0,0
43932,3.312,61.80,205.00,1,0,1
43934,3.308,62.00,205.00,1,0,1
43937,3.308,138.90,454.00,1,0,1
43939,3.304,62.00,205.00,1,0,1
43952,3.312,61.90,205.00,1,0,1
43954,3.308,61.90,205.00,1,0,1
43957,3.312,61.90,205.00,1,0,1
43959,3.312,62.00,333.00,1,0,1
43962,3.276,110.00,364.00,1,0,0
43964,3.312,61.90,205.00,1,0,0
43967,3.312,61.90,205.00,1,0,0
43969,3.312,61.90,205.00,1,0,0
43971,3.312,61.90,205.00,1,0,1
43974,3.308,62.00,205.00,1,0,1
43976,3.312,61.90,205.00,1,0,1
43979,3.312,61.80,205.00,1,0,1
43981,3.312,61.90,205.00,1,0,0
43984,3.308,65.50,367.00,1,0,0
43996,3.312,61.90,205.00,1,0,1
43999,3.312,62.00,205.00,1,0,1
44001,3.312,62.00,205.00,1,0,0
44004,3.304,61.90,205.00,1,0,0
44006,3.312,61.80,205.00,1,0,0
44009,3.276,119.80,392.00,1,0,0
44011,3.312,61.90,336.00,1,0,1
44014,3.288,98.70,324.00,1,0,1
44016,3.288,68.90,228.00,1,0,1
44019,3.312,62.10,206.00,1,0,1
44021,3.312,62.10,206.00,1,0,0
44024,3.312,61.90,205.00,1,0,0
44026,3.312,61.90,205.00,1,0,0
44029,3.312,61.80,202.00,1,0,0
44041,3.312,62.00,205.00,1,0,0
44044,3.312,61.80,205.00,1,0,0
44046,3.312,61.80,205.00,1,0,0
44049,3.312,61.90,205.00,1,0,0
44051,3.312,75.30,246.00,1,0,1
44054,3.268,69.70,231.00,1,0,1
44056,3.312,62.10,206.00,1,0,1
44059,3.312,62.00,205.00,1,0,1
44061,3.312,61.90,205.00,1,0,0
44064,3.308,72.10,205.00,1,0,0
44066,3.312,61.90,205.00,1,0,0
44068,3.312,62.10,206.00,1,0,0
44071,3.312,62.00,205.00,1,0,1
44073,3.312,142.90,470.00,1,0,1
44086,3.312,62.00,205.00,1,0,0
44089,3.312,61.90,205.00,1,0,0
44091,3.308,61.90,205.00,1,0,1
44093,3.308,146.40,392.00,1,0,1
44096,3.284,62.00,205.00,1,0,1
44098,3.308,62.00,205.00,1,0,1
44101,3.308,63.60,205.00,1,0,1
44103,3.308,62.00,205.00,1,0,0
44106,3.312,61.90,205.00,1,0,0
44108,3.312,61.90,205.00,1,0,0
44111,3.312,61.80,205.00,1,0,0
44113,3.312,61.90,205.00,1,0,1
44116,3.288,106.80,323.00,1,0,1
44118,3.292,91.10,301.00,1,0,1
44131,3.312,61.90,205.00,1,0,0
44133,3.312,62.10,206.00,1,0,1
44136,3.312,62.10,206.00,1,0,1
44138,3.312,144.50,467.00,1,0,1
44141,3.284,62.00,205.00,1,0,1
44143,3.312,73.80,244.00,1,0,0
44146,3.312,61.90,205.00,1,0,0
44148,3.312,61.90,205.00,1,0,0
44151,3.312,62.10,206.00,1,0,0
44153,3.312,69.50,206.00,1,0,1
44156,3.312,62.00,205.00,1,0,1
44158,3.312,62.20,206.00,1,0,1
44161,3.312,62.90,231.00,1,0,1
44163,3.268,77.60,257.00,1,0,0
44176,3.312,61.90,205.00,1,0,1
44178,3.312,61.90,205.00,1,0,1
44181,3.312,61.90,205.00,1,0,1
44183,3.312,62.50,470.00,1,0,0
44186,3.264,62.10,206.00,1,0,0
44188,3.312,62.00,205.00,1,0,0
44190,3.312,61.90,205.00,1,0,0
44193,3.312,61.90,205.00,1,0,1
44195,3.312,61.90,205.00,1,0,1
44198,3.312,62.00,206.00,1,0,1
44200,3.312,62.10,206.00,1,0,1
44203,3.312,68.80,228.00,1,0,0
44205,3.312,61.90,205.00,1,0,0
44208,3.312,141.80,462.00,1,0,0
44220,3.292,98.40,321.00,1,0,1
44223,3.288,77.50,257.00,1,0,0
44225,3.312,61.90,205.00,1,0,0
44228,3.312,61.80,205.00,1,0,0
44230,3.312,61.90,203.00,1,0,0
44233,3.276,143.50,474.00,1,0,1
44235,3.308,62.20,206.00,1,0,1
44238,3.308,63.70,211.00,1,0,1
44240,3.312,61.90,205.00,1,0,1
44243,3.312,61.90,228.00,1,0,0
44245,3.312,61.80,205.00,1,0,0
44248,3.312,62.00,205.00,1,0,0
44250,3.312,62.00,205.00,1,0,0
44253,3.312,63.00,208.00,1,0,1
44265,3.312,62.00,205.00,1,0,0
44268,3.312,63.20,210.00,1,0,0
44270,3.312,62.00,205.00,1,0,0
44273,3.312,69.30,229.00,1,0,1
44275,3.312,108.00,356.00,1,0,1
44278,3.280,102.70,339.00,1,0,1
44280,3.312,62.00,206.00,1,0,1
44283,3.312,65.70,216.00,1,0,0
44285,3.312,62.10,206.00,1,0,0
44288,3.312,62.00,205.00,1,0,0
44290,3.312,61.80,205.00,1,0,0
44292,3.312,61.80,205.00,1,0,1
44295,3.312,61.90,205.00,1,0,1
44297,3.312,62.80,208.00,1,0,1
44310,3.312,61.80,205.00,1,0,0
44313,3.312,62.40,206.00,1,0,1
44315,3.312,62.10,205.00,1,0,1
44317,3.308,62.70,208.00,1,0,1
44320,3.284,98.40,324.00,1,0,1
44322,3.288,99.60,342.00,1,0,0
44325,3.304,61.80,205.00,1,0,0
44327,3.312,61.60,205.00,1,0,0
44330,3.312,61.90,205.00,1,0,0
44332,3.312,61.90,238.00,1,0,1
44335,3.312,62.10,206.00,1,0,1
44337,3.312,61.90,205.00,1,0,1
44340,3.312,61.80,457.00,1,0,1
44342,3.260,61.80,205.00,1,0,0
44355,3.312,61.80,205.00,1,0,1
44357,3.312,61.80,205.00,1,0,1
44360,3.312,61.80,205.00,1,0,1
44362,3.312,62.80,208.00,1,0,0
44365,3.264,138.10,455.00,1,0,0
44367,3.312,62.00,206.00,1,0,0
44370,3.312,62.80,208.00,1,0,0
44372,3.312,61.70,205.00,1,0,1
44375,3.312,61.80,205.00,1,0,1
44377,3.312,62.20,206.00,1,0,1
44380,3.312,61.90,205.00,1,0,1
44382,3.312,62.00,205.00,1,0,0
44385,3.312,62.00,205.00,1,0,0
44387,3.312,139.30,455.00,1,0,0
44400,3.312,62.10,206.00,1,0,1
44402,3.312,61.90,205.00,1,0,0
44405,3.312,61.80,205.00,1,0,0
44407,3.312,61.70,205.00,1,0,0
44410,3.312,61.70,205.00,1,0,0
44412,3.284,144.40,239.00,1,0,1
44414,3.312,62.00,205.00,1,0,1
44417,3.312,62.00,205.00,1,0,1
44419,3.312,62.00,205.00,1,0,1
44422,3.312,97.60,319.00,1,0,0
44424,3.280,98.10,323.00,1,0,0
44427,3.288,79.30,205.00,1,0,0
44429,3.312,61.90,205.00,1,0,0
44432,3.312,62.00,205.00,1,0,1
44444,3.300,61.90,205.00,1,0,0
44447,3.312,61.90,205.00,1,0,0
44449,3.312,62.00,205.00,1,0,0
44452,3.312,61.90,205.00,1,0,1
44454,3.312,62.00,205.00,1,0,1
44457,3.312,61.90,205.00,1,0,1
44459,3.312,144.00,470.00,1,0,1
44462,3.312,62.00,205.00,1,0,1
44464,3.312,62.10,205.00,1,0,1
44467,3.312,62.00,205.00,1,0,0
44469,3.312,62.00,205.00,1,0,0
44472,3.312,61.90,208.00,1,0,0
44474,3.312,61.80,205.00,1,0,0
44477,3.312,61.90,205.00,1,0,1
44489,3.304,61.80,205.00,1,0,0
44492,3.312,61.90,205.00,1,0,0
44494,3.312,61.90,205.00,1,0,0
44497,3.312,61.90,205.00,1,0,1
44499,3.312,62.10,205.00,1,0,1
44502,3.264,144.60,265.00,1,0,1
44504,3.304,62.00,205.00,1,0,1
44507,3.312,61.90,205.00,1,0,0
44509,3.300,62.00,205.00,1,0,0
44511,3.312,61.90,205.00,1,0,0
44514,3.312,62.00,205.00,1,0,0
44516,3.312,61.90,205.00,1,0,1
44519,3.312,62.00,205.00,1,0,1
44521,3.312,61.90,205.00,1,0,1
44534,3.312,62.00,205.00,1,0,0
44536,3.312,62.00,205.00,1,0,1
44539,3.312,61.90,205.00,1,0,1
44541,3.312,62.00,205.00,1,0,1
44544,3.312,62.10,206.00,1,0,1
44546,3.312,62.00,451.00,1,0,0
44549,3.264,65.60,216.00,1,0,0
44551,3.312,62.00,205.00,1,0,0
44554,3.312,62.00,205.00,1,0,0
44556,3.312,61.90,205.00,1,0,1
44559,3.304,62.00,205.00,1,0,1
44561,3.312,62.10,205.00,1,0,1
44564,3.312,62.10,206.00,1,0,1
44566,3.312,62.10,206.00,1,0,0
44579,3.312,62.10,206.00,1,0,1
44581,3.312,62.10,206.00,1,0,1
44584,3.308,62.10,206.00,1,0,1
44586,3.312,62.00,205.00,1,0,0
44589,3.300,62.20,206.00,1,0,0
44591,3.276,139.30,413.00,1,0,0
44594,3.312,62.00,205.00,1,0,0
44596,3.312,62.00,205.00,1,0,1
44599,3.312,62.20,205.00,1,0,1
44601,3.312,62.00,205.00,1,0,1
44604,3.308,62.10,205.00,1,0,1
44606,3.312,62.00,205.00,1,0,0
44608,3.312,62.00,205.00,1,0,0
44611,3.312,140.40,459.00,1,0,0
44624,3.312,62.00,205.00,1,0,1
44626,3.312,62.00,323.00,1,0,0
44629,3.292,98.20,323.00,1,0,0
44631,3.292,90.90,298.00,1,0,0
44633,3.312,61.90,205.00,1,0,0
44636,3.312,108.30,551.00,1,0,1
44638,3.280,62.00,205.00,1,0,1
44641,3.312,61.90,205.00,1,0,1
44643,3.312,63.10,205.00,1,0,1
44646,3.312,61.90,205.00,1,0,1
44648,3.312,74.90,247.00,1,0,0
44651,3.312,61.80,205.00,1,0,0
44653,3.312,61.90,205.00,1,0,0
44656,3.312,61.80,205.00,1,0,0
44668,3.304,63.50,210.00,1,0,0
44671,3.312,61.90,205.00,1,0,0
44673,3.312,61.80,205.00,1,0,0
44676,3.312,61.80,205.00,1,0,0
44678,3.312,72.00,441.00,1,0,1
44681,3.264,62.00,205.00,1,0,1
44683,3.308,62.00,205.00,1,0,1
44686,3.312,61.90,205.00,1,0,1
44688,3.312,62.90,205.00,1,0,0
44691,3.312,61.80,205.00,1,0,0
44693,3.312,61.80,205.00,1,0,0
44696,3.312,61.80,205.00,1,0,0
44698,3.312,61.90,205.00,1,0,1
44701,3.308,61.90,203.00,1,0,1
44713,3.312,61.70,205.00,1,0,0
44716,3.312,61.90,205.00,1,0,0
44718,3.312,62.00,205.00,1,0,1
44721,3.312,62.00,205.00,1,0,1
44723,3.308,62.50,400.00,1,0,1
44726,3.276,62.00,205.00,1,0,1
44728,3.308,73.50,242.00,1,0,0
44730,3.292,98.00,321.00,1,0,0
44733,3.292,93.10,298.00,1,0,0
44735,3.288,61.90,205.00,1,0,0
44738,3.312,67.00,221.00,1,0,1
44740,3.312,61.90,205.00,1,0,1
44743,3.312,63.60,211.00,1,0,1
44745,3.312,61.80,205.00,1,0,1
44758,3.312,63.20,210.00,1,0,1
44760,3.312,61.80,205.00,1,0,1
44763,3.312,61.80,205.00,1,0,1
44765,3.312,61.90,205.00,1,0,1
44768,3.312,61.90,205.00,1,0,0
44770,3.312,123.50,405.00,1,0,0
44773,3.284,62.00,205.00,1,0,0
44775,3.312,64.90,205.00,1,0,0
44778,3.312,61.90,205.00,1,0,1
44780,3.308,61.90,205.00,1,0,1
44783,3.312,61.90,205.00,1,0,1
44785,3.312,62.00,205.00,1,0,1
44788,3.308,66.00,218.00,1,0,0
44790,3.312,61.80,205.00,1,0,0
44803,3.312,63.40,210.00,1,0,1
44805,3.312,62.00,205.00,1,0,1
44808,3.312,75.30,249.00,1,0,0
44810,3.312,61.70,205.00,1,0,0
44813,3.312,61.70,205.00,1,0,0
44815,3.312,61.80,205.00,1,0,0
44818,3.312,62.70,206.00,1,0,1
44820,3.276,141.30,206.00,1,0,1
44823,3.312,63.00,208.00,1,0,1
44825,3.312,61.90,205.00,1,0,1
44827,3.312,61.70,233.00,1,0,0
44830,3.312,61.80,203.00,1,0,0
44832,3.292,97.70,321.00,1,0,0
44835,3.292,99.50,295.00,1,0,0
44852,3.312,62.10,206.00,1,0,0
44855,3.312,62.00,205.00,1,0,0
44857,3.312,61.90,205.00,1,0,1
44860,3.312,61.90,205.00,1,0,1
44862,3.312,140.30,459.00,1,0,1
44865,3.292,105.40,349.00,1,0,1
44867,3.312,62.20,211.00,1,0,0
44870,3.300,62.10,206.00,1,0,0
44872,3.312,62.00,205.00,1,0,0
44874,3.312,61.90,205.00,1,0,0
44877,3.312,64.50,213.00,1,0,1
44879,3.312,61.90,205.00,1,0,1
44882,3.312,62.00,208.00,1,0,1
44884,3.312,110.00,359.00,1,0,1
44897,3.312,61.80,205.00,1,0,1
44899,3.312,62.10,206.00,1,0,1
44902,3.312,62.20,206.00,1,0,1
44904,3.312,62.20,206.00,1,0,1
44907,3.312,122.50,400.00,1,0,0
44909,3.276,62.00,205.00,1,0,0
44912,3.312,61.90,205.00,1,0,0
44914,3.312,62.00,205.00,1,0,0
44917,3.312,62.00,205.00,1,0,1
44919,3.308,62.20,206.00,1,0,1
44922,3.312,62.10,206.00,1,0,1
44924,3.312,61.90,205.00,1,0,1
44927,3.312,61.90,205.00,1,0,0
44929,3.308,61.90,205.00,1,0,0
44942,3.312,61.80,205.00,1,0,1
44944,3.312,61.80,205.00,1,0,1
44947,3.312,61.80,205.00,1,0,0
44949,3.300,61.90,205.00,1,0,0
44952,3.312,62.00,205.00,1,0,0
44954,3.272,122.70,403.00,1,0,0
44957,3.296,61.80,205.00,1,0,1
44959,3.312,61.80,205.00,1,0,1
44962,3.312,61.80,205.00,1,0,1
44964,3.308,62.00,205.00,1,0,1
44967,3.312,62.00,205.00,1,0,0
44969,3.308,62.00,205.00,1,0,0
44971,3.312,61.90,205.00,1,0,0
44974,3.312,61.70,205.00,1,0,0
44987,3.312,62.00,205.00,1,0,0
44989,3.312,61.70,205.00,1,0,0
44992,3.312,61.70,205.00,1,0,0
44994,3.312,61.70,205.00,1,0,0
44996,3.312,61.80,205.00,1,0,1
44999,3.268,109.60,357.00,1,0,1
45001,3.304,62.20,206.00,1,0,1
45004,3.312,62.10,206.00,1,0,1
45006,3.312,61.80,205.00,1,0,0
45009,3.308,69.20,205.00,1,0,0
45011,3.312,61.70,205.00,1,0,0
45014,3.312,61.90,205.00,1,0,0
45016,3.312,62.00,205.00,1,0,1
45019,3.312,62.00,205.00,1,0,1
45031,3.312,61.90,205.00,1,0,0
45034,3.312,62.00,205.00,1,0,0
45036,3.308,105.70,326.00,1,0,1
45039,3.292,100.40,329.00,1,0,1
45041,3.312,62.00,205.00,1,0,1
45044,3.308,61.90,411.00,1,0,1
45046,3.268,108.10,359.00,1,0,0
45049,3.300,62.10,206.00,1,0,0
45051,3.312,62.00,205.00,1,0,0
45054,3.312,62.00,205.00,1,0,0
45056,3.312,61.80,205.00,1,0,1
45059,3.312,61.80,205.00,1,0,1
45061,3.312,61.80,205.00,1,0,1
45064,3.312,62.00,205.00,1,0,1
45076,3.312,61.80,205.00,1,0,1
45079,3.312,61.90,205.00,1,0,1
45081,3.312,62.00,210.00,1,0,1
45084,3.312,62.00,205.00,1,0,1
45086,3.312,61.90,205.00,1,0,0
45089,3.308,72.90,405.00,1,0,0
45091,3.268,62.70,208.00,1,0,0
45093,3.312,61.80,205.00,1,0,0
45096,3.312,61.80,205.00,1,0,1
45098,3.312,62.10,206.00,1,0,1
45101,3.312,64.00,211.00,1,0,1
45103,3.312,62.00,205.00,1,0,1
45106,3.312,61.80,205.00,1,0,1
45108,3.312,64.10,213.00,1,0,0
45121,3.308,61.80,205.00,1,0,1
45123,3.312,61.80,205.00,1,0,1
45126,3.312,61.80,205.00,1,0,1
45128,3.312,61.80,205.00,1,0,0
45131,3.312,61.90,205.00,1,0,0
45133,3.312,135.70,388.00,1,0,0
45136,3.280,61.90,205.00,1,0,0
45138,3.312,102.00,336.00,1,0,1
45141,3.292,98.10,323.00,1,0,1
45143,3.292,62.00,205.00,1,0,1
45146,3.312,62.00,205.00,1,0,1
45148,3.312,71.10,205.00,1,0,0
45151,3.312,62.00,205.00,1,0,0
45153,3.312,62.00,205.00,1,0,0
45166,3.312,62.10,206.00,1,0,1
45168,3.308,75.80,251.00,1,0,0
45171,3.312,62.00,205.00,1,0,0
45173,3.312,61.80,205.00,1,0,0
45176,3.312,61.80,205.00,1,0,0
45178,3.312,62.60,205.00,1,0,1
45181,3.312,62.00,203.00,1,0,1
45183,3.248,120.50,396.00,1,0,1
45186,3.308,62.10,205.00,1,0,1
45188,3.308,67.80,224.00,1,0,0
45190,3.312,61.80,205.00,1,0,0
45193,3.312,61.90,205.00,1,0,0
45195,3.312,61.90,205.00,1,0,0
45198,3.312,63.00,208.00,1,0,1
45211,3.312,61.90,205.00,1,0,0
45213,3.312,61.90,205.00,1,0,0
45216,3.312,62.10,205.00,1,0,0
45218,3.312,66.50,220.00,1,0,1
45220,3.308,62.00,205.00,1,0,1
45223,3.312,62.00,205.00,1,0,1
45225,3.308,62.00,203.00,1,0,1
45228,3.276,114.20,377.00,1,0,0
45230,3.312,62.10,205.00,1,0,0
45233,3.312,61.90,205.00,1,0,0
45235,3.312,62.00,205.00,1,0,0
45238,3.312,61.90,205.00,1,0,1
45240,3.312,93.10,306.00,1,0,1
45243,3.288,99.50,328.00,1,0,1
45255,3.312,61.90,205.00,1,0,0
45258,3.312,63.30,210.00,1,0,1
45260,3.312,62.00,205.00,1,0,1
45263,3.312,63.50,210.00,1,0,1
45265,3.312,62.10,206.00,1,0,1
45268,3.308,62.10,236.00,1,0,0
45270,3.312,61.90,205.00,1,0,0
45273,3.312,125.50,411.00,1,0,0
45275,3.276,104.00,206.00,1,0,0
45278,3.312,72.70,241.00,1,0,1
45280,3.312,62.10,206.00,1,0,1
45283,3.312,62.10,206.00,1,0,1
45285,3.312,62.10,206.00,1,0,1
45287,3.308,62.00,205.00,1,0,0
45300,3.312,62.10,205.00,1,0,1
45303,3.308,62.10,206.00,1,0,1
45305,3.312,62.00,205.00,1,0,1
45308,3.312,64.10,211.00,1,0,0
45310,3.312,62.00,205.00,1,0,0
45312,3.312,61.90,205.00,1,0,0
45315,3.312,62.00,205.00,1,0,0
45317,3.272,118.90,390.00,1,0,1
45320,3.312,62.10,206.00,1,0,1
45322,3.312,63.10,210.00,1,0,1
45325,3.308,62.00,205.00,1,0,1
45327,3.312,62.00,242.00,1,0,0
45330,3.312,61.90,205.00,1,0,0
45332,3.312,62.00,205.00,1,0,0
45345,3.292,98.30,324.00,1,0,1
45347,3.288,93.00,259.00,1,0,0
45350,3.312,61.90,205.00,1,0,0
45352,3.312,62.00,205.00,1,0,0
45355,3.312,62.00,205.00,1,0,0
45357,3.312,61.90,208.00,1,0,1
45360,3.312,62.00,205.00,1,0,1
45362,3.312,62.00,205.00,1,0,1
45365,3.276,87.70,401.00,1,0,1
45367,3.292,62.10,205.00,1,0,0
45370,3.312,62.10,206.00,1,0,0
45372,3.312,62.00,205.00,1,0,0
45375,3.312,62.00,205.00,1,0,0
45377,3.312,61.90,205.00,1,0,1
45390,3.304,62.10,206.00,1,0,0
45392,3.312,61.90,205.00,1,0,0
45395,3.312,61.90,205.00,1,0,0
45397,3.312,61.90,205.00,1,0,1
45400,3.312,62.00,205.00,1,0,1
45402,3.308,62.20,206.00,1,0,1
45405,3.312,62.10,206.00,1,0,1
45407,3.308,62.00,231.00,1,0,0
45409,3.304,61.90,205.00,1,0,0
45412,3.312,119.10,392.00,1,0,0
45414,3.312,62.00,205.00,1,0,0
45417,3.312,62.00,205.00,1,0,1
45419,3.308,62.10,205.00,1,0,1
45422,3.312,62.10,205.00,1,0,1
45435,3.288,62.10,206.00,1,0,0
45437,3.312,62.10,210.00,1,0,1
45439,3.312,62.10,206.00,1,0,1
45442,3.312,62.00,205.00,1,0,1
45444,3.312,61.90,234.00,1,0,1
45447,3.284,98.20,323.00,1,0,0
45449,3.288,98.30,324.00,1,0,0
45452,3.312,62.00,459.00,1,0,0
45454,3.264,69.00,228.00,1,0,0
45457,3.312,62.00,205.00,1,0,1
45459,3.312,62.10,205.00,1,0,1
45462,3.312,62.00,205.00,1,0,1
45464,3.312,62.00,205.00,1,0,1
45467,3.312,62.00,205.00,1,0,0
45479,3.308,62.00,205.00,1,0,1
45482,3.312,62.00,205.00,1,0,1
45484,3.312,62.10,206.00,1,0,1
45487,3.312,62.10,206.00,1,0,0
45489,3.304,62.00,205.00,1,0,0
45492,3.312,61.90,205.00,1,0,0
45494,3.312,61.90,202.00,1,0,0
45497,3.272,85.20,205.00,1,0,1
45499,3.308,62.00,205.00,1,0,1
45502,3.312,62.20,206.00,1,0,1
45504,3.312,62.10,206.00,1,0,1
45506,3.312,62.00,205.00,1,0,0
45509,3.312,61.80,205.00,1,0,0
45511,3.312,61.80,205.00,1,0,0
45524,3.312,62.00,205.00,1,0,1
45527,3.312,62.00,205.00,1,0,0
45529,3.308,61.80,205.00,1,0,0
45532,3.312,62.00,205.00,1,0,0
45534,3.312,62.00,206.00,1,0,0
45536,3.312,62.00,205.00,1,0,1
45539,3.312,62.00,205.00,1,0,1
45541,3.264,115.90,467.00,1,0,1
45544,3.308,62.00,205.00,1,0,1
45546,3.312,61.90,205.00,1,0,0
45549,3.272,106.70,323.00,1,0,0
45551,3.288,96.50,318.00,1,0,0
45554,3.312,61.90,205.00,1,0,0
45556,3.312,61.80,205.00,1,0,1
45569,3.300,62.00,205.00,1,0,0
45571,3.312,61.90,205.00,1,0,0
45574,3.312,61.70,205.00,1,0,0
45576,3.312,61.70,205.00,1,0,1
45579,3.304,62.50,205.00,1,0,1
45581,3.312,61.90,205.00,1,0,1
45584,3.312,62.10,206.00,1,0,1
45586,3.312,62.00,459.00,1,0,0
45589,3.268,107.50,356.00,1,0,0
45591,3.312,61.70,205.00,1,0,0
45594,3.312,61.70,213.00,1,0,0
45596,3.312,61.70,205.00,1,0,1
45599,3.308,61.90,205.00,1,0,1
45601,3.312,62.00,206.00,1,0,1
45614,3.276,141.10,462.00,1,0,0
45616,3.312,61.90,205.00,1,0,1
45619,3.312,62.00,205.00,1,0,1
45621,3.312,62.00,205.00,1,0,1
45624,3.312,62.40,205.00,1,0,1
45626,3.312,61.80,205.00,1,0,0
45629,3.304,64.80,215.00,1,0,0
45631,3.312,61.80,205.00,1,0,0
45633,3.312,122.00,400.00,1,0,0
45636,3.276,104.40,346.00,1,0,0
45638,3.312,71.80,205.00,1,0,1
45641,3.312,61.90,205.00,1,0,1
45643,3.312,61.80,205.00,1,0,1
45646,3.312,61.80,205.00,1,0,1
45658,3.264,73.20,242.00,1,0,1
45661,3.312,61.90,205.00,1,0,1
45663,3.312,62.10,205.00,1,0,1
45666,3.312,62.20,206.00,1,0,1
45668,3.308,68.70,206.00,1,0,0
45671,3.312,62.00,205.00,1,0,0
45673,3.312,61.80,205.00,1,0,0
45676,3.312,61.90,205.00,1,0,0
45678,3.312,61.90,205.00,1,0,1
45681,3.272,96.70,315.00,1,0,1
45683,3.308,63.50,206.00,1,0,1
45686,3.312,62.20,206.00,1,0,1
45688,3.308,74.50,247.00,1,0,0
45691,3.312,61.80,205.00,1,0,0
45703,3.280,123.50,418.00,1,0,1
45706,3.284,62.00,205.00,1,0,1
45708,3.308,71.70,238.00,1,0,0
45711,3.312,61.90,205.00,1,0,0
45713,3.312,62.00,205.00,1,0,0
45716,3.312,62.10,206.00,1,0,0
45718,3.312,62.90,208.00,1,0,1
45721,3.312,62.20,205.00,1,0,1
45723,3.312,62.00,205.00,1,0,1
45726,3.312,61.90,203.00,1,0,1
45728,3.252,132.70,210.00,1,0,0
45730,3.312,62.10,206.00,1,0,0
45733,3.312,62.10,206.00,1,0,0
45735,3.312,62.10,206.00,1,0,0
45748,3.312,145.80,477.00,1,0,0
45751,3.304,62.10,206.00,1,0,0
45753,3.288,98.20,323.00,1,0,0
45755,3.288,98.10,324.00,1,0,0
45758,3.292,93.30,310.00,1,0,1
45760,3.312,61.80,205.00,1,0,1
45763,3.312,63.30,205.00,1,0,1
45765,3.312,62.00,205.00,1,0,1
45768,3.312,74.90,247.00,1,0,0
45770,3.268,147.90,483.00,1,0,0
45773,3.292,61.80,205.00,1,0,0
45775,3.312,61.70,205.00,1,0,0
45778,3.312,62.30,206.00,1,0,1
45780,3.312,62.00,205.00,1,0,1
45793,3.308,132.40,462.00,1,0,0
45795,3.308,61.80,205.00,1,0,0
45798,3.312,63.10,210.00,1,0,1
45800,3.312,62.00,205.00,1,0,1
45803,3.312,61.90,205.00,1,0,1
45805,3.312,61.80,205.00,1,0,1
45808,3.312,61.90,208.00,1,0,0
45810,3.312,61.80,205.00,1,0,0
45813,3.312,61.90,205.00,1,0,0
45815,3.312,61.90,205.00,1,0,0
45818,3.312,122.50,600.00,1,0,1
45820,3.276,62.10,205.00,1,0,1
45823,3.312,61.90,205.00,1,0,1
45825,3.312,61.80,205.00,1,0,1
45838,3.312,61.80,205.00,1,0,1
45840,3.312,61.80,205.00,1,0,1
45843,3.264,116.30,380.00,1,0,1
45845,3.304,61.90,205.00,1,0,1
45848,3.312,71.00,234.00,1,0,0
45850,3.312,61.90,205.00,1,0,0
45852,3.312,61.90,205.00,1,0,0
45855,3.312,100.20,329.00,1,0,0
45857,3.288,98.30,323.00,1,0,1
45860,3.288,91.10,290.00,1,0,1
45862,3.312,63.50,210.00,1,0,1
45865,3.312,61.90,205.00,1,0,1
45867,3.280,124.50,408.00,1,0,0
45870,3.300,62.00,205.00,1,0,0
45882,3.312,62.10,210.00,1,0,1
45885,3.312,62.00,205.00,1,0,1
45887,3.312,61.90,205.00,1,0,0
45890,3.272,119.20,352.00,1,0,0
45892,3.312,61.80,205.00,1,0,0
45895,3.312,61.80,205.00,1,0,0
45897,3.312,61.80,210.00,1,0,1
45900,3.312,61.90,205.00,1,0,1
45902,3.308,62.00,205.00,1,0,1
45905,3.312,61.90,205.00,1,0,1
45907,3.312,61.90,205.00,1,0,0
45910,3.312,61.80,205.00,1,0,0
45912,3.288,155.30,238.00,1,0,0
45915,3.312,62.00,205.00,1,0,0
45927,3.312,61.90,221.00,1,0,0
45930,3.304,61.80,205.00,1,0,0
45932,3.312,61.90,205.00,1,0,0
45935,3.260,139.10,205.00,1,0,0
45937,3.312,61.80,205.00,1,0,1
45940,3.312,61.90,205.00,1,0,1
45942,3.312,61.90,208.00,1,0,1
45945,3.312,61.90,205.00,1,0,1
45947,3.312,61.90,205.00,1,0,0
45949,3.312,61.80,205.00,1,0,0
45952,3.312,61.90,205.00,1,0,0
45954,3.312,61.70,205.00,1,0,0
45957,3.312,136.60,380.00,1,0,1
45959,3.292,98.30,324.00,1,0,1
45972,3.312,61.90,205.00,1,0,0
45974,3.308,62.00,205.00,1,0,0
45977,3.312,61.90,205.00,1,0,1
45979,3.312,142.30,364.00,1,0,1
45982,3.264,62.10,205.00,1,0,1
45984,3.308,62.10,205.00,1,0,1
45987,3.308,62.10,205.00,1,0,0
45989,3.300,61.90,205.00,1,0,0
45992,3.312,61.90,205.00,1,0,0
45994,3.312,62.00,205.00,1,0,0
45997,3.312,62.00,205.00,1,0,1
45999,3.308,62.10,206.00,1,0,1
46002,3.312,62.20,205.00,1,0,1
46004,3.308,121.00,395.00,1,0,1
46017,3.312,61.90,205.00,1,0,1
46019,3.312,62.10,205.00,1,0,1
46022,3.312,62.10,205.00,1,0,1
46024,3.312,62.00,347.00,1,0,1
46027,3.288,104.20,346.00,1,0,0
46029,3.312,62.00,205.00,1,0,0
46032,3.312,61.90,205.00,1,0,0
46034,3.312,62.00,205.00,1,0,0
46037,3.312,62.00,205.00,1,0,1
46039,3.312,62.00,206.00,1,0,1
46042,3.312,62.00,205.00,1,0,1
46044,3.312,62.00,205.00,1,0,1
46046,3.276,126.50,367.00,1,0,0
46049,3.284,62.10,206.00,1,0,0
46062,3.292,98.10,323.00,1,0,1
46064,3.288,76.40,252.00,1,0,1
46067,3.312,62.10,405.00,1,0,0
46069,3.272,129.70,206.00,1,0,0
46072,3.312,62.10,206.00,1,0,0
46074,3.312,62.00,205.00,1,0,0
46076,3.312,61.90,205.00,1,0,1
46079,3.312,62.00,205.00,1,0,1
46081,3.308,62.00,205.00,1,0,1
46084,3.308,62.10,206.00,1,0,1
46086,3.312,62.20,206.00,1,0,0
46089,3.300,62.00,205.00,1,0,0
46091,3.276,130.10,218.00,1,0,0
46094,3.312,62.10,206.00,1,0,0
46106,3.312,62.10,206.00,1,0,0
46109,3.308,61.90,205.00,1,0,0
46111,3.312,62.90,462.00,1,0,0
46114,3.292,62.00,205.00,1,0,0
46116,3.312,62.00,205.00,1,0,1
46119,3.304,62.20,206.00,1,0,1
46121,3.312,62.10,206.00,1,0,1
46124,3.312,62.10,206.00,1,0,1
46126,3.312,62.10,206.00,1,0,0
46129,3.312,75.10,205.00,1,0,0
46131,3.312,61.90,202.00,1,0,0
46134,3.276,84.70,280.00,1,0,0
46136,3.312,62.10,206.00,1,0,1
46139,3.312,62.10,206.00,1,0,1
46151,3.312,62.10,206.00,1,0,0
46154,3.312,62.10,206.00,1,0,0
46156,3.312,62.00,424.00,1,0,1
46159,3.264,63.70,211.00,1,0,1
46161,3.308,62.00,205.00,1,0,1
46164,3.288,98.20,326.00,1,0,1
46166,3.292,91.00,300.00,1,0,0
46168,3.296,62.30,206.00,1,0,0
46171,3.312,62.00,205.00,1,0,0
46173,3.312,62.00,205.00,1,0,0
46176,3.312,61.90,205.00,1,0,0
46178,3.260,146.10,483.00,1,0,1
46181,3.312,62.10,206.00,1,0,1
46183,3.312,62.10,206.00,1,0,1
46196,3.312,61.90,205.00,1,0,1
46198,3.264,119.80,392.00,1,0,1
46201,3.312,62.30,206.00,1,0,1
46203,3.312,62.20,206.00,1,0,1
46206,3.312,62.00,205.00,1,0,1
46208,3.312,74.40,205.00,1,0,0
46211,3.312,61.80,205.00,1,0,0
46213,3.312,62.80,208.00,1,0,0
46216,3.312,62.00,205.00,1,0,0
46218,3.312,139.70,457.00,1,0,1
46221,3.252,71.80,238.00,1,0,1
46223,3.312,63.60,205.00,1,0,1
46226,3.312,62.00,205.00,1,0,1
46228,3.312,72.40,239.00,1,0,0
46241,3.276,111.10,367.00,1,0,1
46243,3.308,62.10,206.00,1,0,1
46246,3.312,61.90,205.00,1,0,1
46248,3.312,64.00,211.00,1,0,0
46251,3.312,62.10,206.00,1,0,0
46253,3.312,62.00,205.00,1,0,0
46256,3.312,61.90,205.00,1,0,0
46258,3.312,62.10,206.00,1,0,1
46261,3.308,61.90,205.00,1,0,1
46263,3.312,62.00,203.00,1,0,1
46266,3.280,98.20,323.00,1,0,1
46268,3.292,100.40,324.00,1,0,0
46270,3.288,62.10,206.00,1,0,0
46273,3.312,61.90,205.00,1,0,0
46286,3.312,62.20,203.00,1,0,1
46288,3.280,151.80,501.00,1,0,0
46291,3.312,62.00,205.00,1,0,0
46293,3.312,61.90,205.00,1,0,0
46295,3.312,61.90,205.00,1,0,0
46298,3.312,61.90,206.00,1,0,1
46300,3.312,62.20,206.00,1,0,1
46303,3.312,63.10,210.00,1,0,1
46305,3.312,62.00,205.00,1,0,1
46308,3.312,155.50,508.00,1,0,0
46310,3.300,61.90,205.00,1,0,0
46313,3.312,61.90,205.00,1,0,0
46315,3.312,62.90,208.00,1,0,0
46318,3.312,63.30,210.00,1,0,1
46330,3.312,123.40,406.00,1,0,0
46333,3.276,87.00,288.00,1,0,0
46335,3.312,62.20,206.00,1,0,0
46338,3.312,63.40,210.00,1,0,1
46340,3.312,62.00,205.00,1,0,1
46343,3.312,61.90,205.00,1,0,1
46345,3.312,61.90,205.00,1,0,1
46348,3.312,62.50,206.00,1,0,0
46350,3.312,62.00,316.00,1,0,0
46353,3.276,111.70,370.00,1,0,0
46355,3.312,62.00,205.00,1,0,0
46358,3.312,61.90,218.00,1,0,1
46360,3.312,61.90,205.00,1,0,1
46363,3.308,62.10,206.00,1,0,1
46375,3.264,75.60,251.00,1,0,0
46378,3.312,61.80,205.00,1,0,1
46380,3.312,62.00,205.00,1,0,1
46383,3.312,63.20,210.00,1,0,1
46385,3.308,62.20,206.00,1,0,1
46388,3.312,62.10,251.00,1,0,0
46390,3.312,61.70,205.00,1,0,0
46392,3.312,61.70,205.00,1,0,0
46395,3.312,61.80,205.00,1,0,0
46397,3.312,139.50,457.00,1,0,1
46400,3.284,62.20,206.00,1,0,1
46402,3.312,62.10,210.00,1,0,1
46405,3.312,61.90,205.00,1,0,1
46407,3.312,61.80,205.00,1,0,0
46420,3.284,62.20,206.00,1,0,1
46422,3.312,61.90,205.00,1,0,1
46425,3.312,61.90,205.00,1,0,1
46427,3.312,61.70,203.00,1,0,0
46430,3.312,61.90,205.00,1,0,0
46432,3.312,61.90,205.00,1,0,0
46435,3.312,62.00,205.00,1,0,0
46437,3.312,61.90,205.00,1,0,1
46440,3.312,140.10,488.00,1,0,1
46442,3.264,61.90,205.00,1,0,1
46445,3.312,61.80,205.00,1,0,1
46447,3.312,62.00,216.00,1,0,0
46450,3.304,62.00,205.00,1,0,0
46452,3.312,62.00,205.00,1,0,0
46465,3.312,62.10,206.00,1,0,1
46467,3.312,62.00,206.00,1,0,1
46470,3.312,98.50,324.00,1,0,1
46472,3.292,95.30,313.00,1,0,0
46475,3.288,88.80,205.00,1,0,0
46477,3.312,61.90,205.00,1,0,0
46480,3.312,62.00,205.00,1,0,0
46482,3.312,62.00,205.00,1,0,1
46485,3.264,140.20,318.00,1,0,1
46487,3.308,62.10,205.00,1,0,1
46489,3.312,61.90,205.00,1,0,1
46492,3.312,61.90,205.00,1,0,0
46494,3.300,61.90,205.00,1,0,0
46497,3.312,61.90,205.00,1,0,0
46510,3.268,139.60,462.00,1,0,1
46512,3.312,62.10,215.00,1,0,0
46514,3.304,62.00,205.00,1,0,0
46517,3.312,62.00,205.00,1,0,0
46519,3.312,62.00,205.00,1,0,0
46522,3.308,61.80,205.00,1,0,1
46524,3.312,61.90,205.00,1,0,1
46527,3.312,61.90,206.00,1,0,1
46529,3.280,122.50,467.00,1,0,1
46532,3.308,62.20,206.00,1,0,0
46534,3.312,62.00,205.00,1,0,0
46537,3.308,61.90,205.00,1,0,0
46539,3.312,61.80,205.00,1,0,0
46542,3.312,61.80,205.00,1,0,1
46554,3.260,131.80,434.00,1,0,0
46557,3.312,61.90,205.00,1,0,0
46559,3.312,61.90,205.00,1,0,0
46562,3.312,61.90,205.00,1,0,1
46564,3.312,62.00,206.00,1,0,1
46567,3.312,62.10,206.00,1,0,1
46569,3.312,62.10,206.00,1,0,1
46572,3.312,61.90,323.00,1,0,0
46574,3.276,98.90,326.00,1,0,0
46577,3.288,91.20,301.00,1,0,0
46579,3.260,109.10,238.00,1,0,0
46582,3.312,62.00,205.00,1,0,1
46584,3.312,62.00,205.00,1,0,1
46586,3.308,62.00,205.00,1,0,1
46599,3.312,61.90,205.00,1,0,0
46602,3.312,61.90,246.00,1,0,1
46604,3.268,111.50,369.00,1,0,1
46607,3.312,61.90,205.00,1,0,1
46609,3.312,62.00,205.00,1,0,1
46611,3.312,61.90,205.00,1,0,0
46614,3.308,62.00,205.00,1,0,0
46616,3.312,61.90,205.00,1,0,0
46619,3.312,61.90,205.00,1,0,0
46621,3.312,61.80,205.00,1,0,1
46624,3.312,61.80,467.00,1,0,1
46626,3.264,62.00,205.00,1,0,1
46629,3.312,62.00,205.00,1,0,1
46631,3.312,62.10,205.00,1,0,0
46644,3.312,61.90,205.00,1,0,1
46646,3.268,124.50,356.00,1,0,1
46649,3.312,62.00,205.00,1,0,1
46651,3.312,62.00,205.00,1,0,0
46654,3.304,66.20,205.00,1,0,0
46656,3.312,61.90,205.00,1,0,0
46659,3.312,61.90,205.00,1,0,0
46661,3.312,61.80,205.00,1,0,1
46664,3.312,62.00,205.00,1,0,1
46666,3.312,62.00,205.00,1,0,1
46669,3.264,140.60,206.00,1,0,1
46671,3.312,62.00,205.00,1,0,0
46674,3.304,61.90,203.00,1,0,0
46676,3.292,98.80,323.00,1,0,0
46689,3.312,61.90,205.00,1,0,1
46691,3.296,121.30,392.00,1,0,0
46694,3.276,61.90,205.00,1,0,0
46696,3.312,61.90,205.00,1,0,0
46699,3.312,61.80,205.00,1,0,0
46701,3.312,61.90,205.00,1,0,1
46704,3.312,61.90,205.00,1,0,1
46706,3.312,61.90,205.00,1,0,1
46708,3.312,61.90,205.00,1,0,1
46711,3.312,61.90,205.00,1,0,0
46713,3.312,70.70,464.00,1,0,0
46716,3.264,75.50,251.00,1,0,0
46718,3.312,62.00,205.00,1,0,0
46721,3.312,64.40,205.00,1,0,0
46734,3.312,71.70,238.00,1,0,0
46736,3.312,61.90,205.00,1,0,0
46738,3.312,122.20,398.00,1,0,0
46741,3.312,61.80,205.00,1,0,1
46743,3.312,63.40,205.00,1,0,1
46746,3.312,67.40,223.00,1,0,1
46748,3.312,62.00,205.00,1,0,1
46751,3.312,62.00,205.00,1,0,1
46753,3.312,63.00,208.00,1,0,0
46756,3.312,61.90,205.00,1,0,0
46758,3.312,61.80,205.00,1,0,0
46761,3.312,140.90,460.00,1,0,0
46763,3.312,62.00,205.00,1,0,1
46766,3.308,61.90,205.00,1,0,1
46778,3.292,98.00,323.00,1,0,0
46781,3.292,90.70,300.00,1,0,0
46783,3.308,120.50,393.00,1,0,1
46786,3.312,62.20,206.00,1,0,1
46788,3.312,63.60,206.00,1,0,1
46791,3.312,62.00,205.00,1,0,1
46793,3.312,73.60,244.00,1,0,0
46796,3.312,61.80,205.00,1,0,0
46798,3.312,61.90,205.00,1,0,0
46801,3.312,61.90,205.00,1,0,0
46803,3.312,62.00,203.00,1,0,1
46806,3.284,132.40,434.00,1,0,1
46808,3.312,63.20,210.00,1,0,1
46810,3.312,62.00,205.00,1,0,1
46823,3.312,65.60,205.00,1,0,1
46826,3.312,62.00,205.00,1,0,1
46828,3.312,62.00,205.00,1,0,1
46831,3.280,143.90,229.00,1,0,1
46833,3.312,66.20,220.00,1,0,0
46835,3.312,62.00,205.00,1,0,0
46838,3.312,62.00,205.00,1,0,0
46840,3.316,61.90,205.00,1,0,0
46843,3.312,72.20,239.00,1,0,1
46845,3.312,61.90,205.00,1,0,1
46848,3.312,62.00,205.00,1,0,1
46855,3.264,135.00,298.00,1,0,0
46858,3.312,62.00,205.00,1,0,0
46860,3.312,61.80,205.00,1,0,0
46863,3.312,61.80,205.00,1,0,1
46865,3.312,62.00,205.00,1,0,1
46868,3.312,62.00,205.00,1,0,1
46870,3.312,62.10,206.00,1,0,1
46873,3.312,69.30,229.00,1,0,0
46875,3.312,61.80,205.00,1,0,0
46877,3.316,61.70,356.00,1,0,0
46890,3.312,61.90,205.00,1,0,1
46893,3.312,61.80,256.00,1,0,0
46895,3.312,61.70,205.00,1,0,0
46898,3.312,61.70,205.00,1,0,0
46900,3.312,61.80,205.00,1,0,0
46902,3.312,148.80,485.00,1,0,1
46905,3.312,62.10,206.00,1,0,1
46907,3.312,62.00,210.00,1,0,1
46910,3.312,61.80,205.00,1,0,1
46912,3.312,61.80,205.00,1,0,0
46915,3.312,61.80,205.00,1,0,0
46917,3.316,61.90,205.00,1,0,0
46920,3.312,62.00,205.00,1,0,0
46922,3.312,61.80,208.00,1,0,1
46935,3.312,62.00,205.00,1,0,0
46937,3.312,61.90,205.00,1,0,0
46940,3.312,61.80,205.00,1,0,0
46942,3.312,61.70,205.00,1,0,1
46945,3.312,61.80,205.00,1,0,1
46947,3.312,137.80,454.00,1,0,1
46950,3.268,72.10,239.00,1,0,1
46952,3.312,62.10,218.00,1,0,0
46955,3.304,61.80,205.00,1,0,0
46957,3.312,61.80,205.00,1,0,0
46960,3.312,61.70,205.00,1,0,0
46962,3.312,61.70,203.00,1,0,1
46965,3.312,61.90,205.00,1,0,1
46967,3.312,62.00,206.00,1,0,1
46980,3.312,61.70,205.00,1,0,0
46982,3.312,104.40,344.00,1,0,1
46985,3.292,98.30,324.00,1,0,1
46987,3.292,91.60,211.00,1,0,1
46990,3.312,61.90,205.00,1,0,1
46992,3.312,141.40,467.00,1,0,0
46995,3.312,61.70,205.00,1,0,0
46997,3.312,61.70,205.00,1,0,0
46999,3.316,61.90,205.00,1,0,0
47002,3.312,61.90,205.00,1,0,1
47004,3.312,61.90,205.00,1,0,1
47007,3.312,61.70,205.00,1,0,1
47009,3.312,61.80,205.00,1,0,1
47012,3.312,61.80,205.00,1,0,0
47024,3.312,61.80,205.00,1,0,1
47027,3.312,61.80,205.00,1,0,1
47029,3.312,61.80,205.00,1,0,1
47032,3.312,62.00,211.00,1,0,0
47034,3.304,61.80,205.00,1,0,0
47037,3.312,61.90,205.00,1,0,0
47039,3.260,142.30,267.00,1,0,0
47042,3.312,61.70,205.00,1,0,1
47044,3.308,61.70,205.00,1,0,1
47047,3.312,61.80,205.00,1,0,1
47049,3.312,61.90,205.00,1,0,1
47052,3.312,61.90,205.00,1,0,0
47054,3.312,61.80,205.00,1,0,0
47057,3.312,61.60,205.00,1,0,0
47069,3.312,62.00,205.00,1,0,1
47072,3.312,61.80,205.00,1,0,0
47074,3.312,61.70,205.00,1,0,0
47077,3.312,61.60,205.00,1,0,0
47079,3.312,61.80,205.00,1,0,0
47082,3.312,61.80,205.00,1,0,1
47084,3.280,116.10,323.00,1,0,1
47087,3.292,98.50,324.00,1,0,1
47089,3.292,86.30,285.00,1,0,1
47092,3.312,61.80,205.00,1,0,0
47094,3.304,61.80,205.00,1,0,0
47096,3.312,61.90,205.00,1,0,0
47099,3.312,62.00,205.00,1,0,0
47101,3.312,63.90,205.00,1,0,1
47114,3.304,62.00,205.00,1,0,0
47117,3.312,62.00,205.00,1,0,0
47119,3.312,62.00,205.00,1,0,0
47121,3.312,61.90,205.00,1,0,1
47124,3.312,61.80,202.00,1,0,1
47126,3.280,100.70,334.00,1,0,1
47129,3.308,62.00,205.00,1,0,1
47131,3.308,62.10,206.00,1,0,0
47134,3.308,61.90,205.00,1,0,0
47136,3.312,62.00,205.00,1,0,0
47139,3.312,61.80,205.00,1,0,0
47141,3.312,61.80,205.00,1,0,1
47144,3.304,61.90,205.00,1,0,1
47146,3.312,62.00,206.00,1,0,1
47159,3.312,61.70,205.00,1,0,0
47161,3.312,61.90,205.00,1,0,1
47164,3.312,62.00,205.00,1,0,1
47166,3.312,62.10,206.00,1,0,1
47169,3.312,62.10,206.00,1,0,1
47171,3.312,140.30,459.00,1,0,0
47174,3.296,71.50,205.00,1,0,0
47176,3.312,61.90,205.00,1,0,0
47179,3.312,61.90,205.00,1,0,0
47181,3.316,61.90,205.00,1,0,1
47184,3.312,62.10,206.00,1,0,1
47186,3.312,87.60,288.00,1,0,1
47189,3.292,97.90,323.00,1,0,1
47191,3.292,61.90,205.00,1,0,0
47204,3.312,69.80,205.00,1,0,1
47206,3.308,61.90,205.00,1,0,1
47209,3.312,61.90,205.00,1,0,1
47211,3.312,62.00,205.00,1,0,0
47214,3.312,62.00,205.00,1,0,0
47216,3.312,136.10,446.00,1,0,0
47218,3.284,105.60,205.00,1,0,0
47221,3.312,61.90,205.00,1,0,1
47223,3.312,61.90,205.00,1,0,1
47226,3.312,61.80,205.00,1,0,1
47228,3.312,62.00,205.00,1,0,1
47231,3.312,62.00,205.00,1,0,1
47233,3.308,74.50,205.00,1,0,0
47236,3.312,61.90,205.00,1,0,0
47248,3.312,63.40,205.00,1,0,1
47251,3.312,62.00,205.00,1,0,0
47253,3.312,74.00,246.00,1,0,0
47256,3.312,61.80,205.00,1,0,0
47258,3.312,61.80,205.00,1,0,0
47261,3.312,61.90,205.00,1,0,0
47263,3.312,71.00,229.00,1,0,1
47266,3.272,139.10,457.00,1,0,1
47268,3.308,62.10,206.00,1,0,1
47271,3.312,62.00,205.00,1,0,1
47273,3.312,64.20,213.00,1,0,0
47276,3.312,61.90,205.00,1,0,0
47278,3.312,61.90,205.00,1,0,0
47281,3.312,62.00,205.00,1,0,0
47293,3.292,92.30,306.00,1,0,0
47296,3.312,61.90,205.00,1,0,0
47298,3.316,62.00,205.00,1,0,0
47301,3.312,61.90,205.00,1,0,0
47303,3.312,62.10,205.00,1,0,1
47306,3.308,61.90,205.00,1,0,1
47308,3.312,62.10,205.00,1,0,1
47311,3.312,62.00,205.00,1,0,1
47313,3.268,127.20,418.00,1,0,0
47316,3.312,62.10,205.00,1,0,0
47318,3.312,61.90,205.00,1,0,0
47320,3.312,61.90,205.00,1,0,0
47323,3.312,61.80,205.00,1,0,1
47325,3.312,62.00,205.00,1,0,1
47338,3.312,61.80,205.00,1,0,0
47341,3.312,61.90,205.00,1,0,0
47343,3.316,63.20,205.00,1,0,1
47345,3.312,62.00,205.00,1,0,1
47348,3.312,63.20,210.00,1,0,1
47350,3.312,62.00,205.00,1,0,1
47353,3.312,62.00,483.00,1,0,0
47355,3.264,61.90,205.00,1,0,0
47358,3.312,61.90,205.00,1,0,0
47360,3.312,61.90,205.00,1,0,0
47363,3.312,63.20,210.00,1,0,1
47365,3.312,62.00,205.00,1,0,1
47368,3.312,62.00,205.00,1,0,1
47370,3.308,62.00,205.00,1,0,1
47383,3.312,66.80,221.00,1,0,1
47385,3.312,62.00,205.00,1,0,1
47388,3.312,62.00,205.00,1,0,1
47390,3.312,63.10,206.00,1,0,1
47393,3.288,103.30,339.00,1,0,0
47395,3.288,95.10,236.00,1,0,0
47398,3.312,61.90,205.00,1,0,0
47400,3.312,61.90,205.00,1,0,0
47403,3.312,61.90,205.00,1,0,1
47405,3.312,62.00,205.00,1,0,1
47408,3.312,63.10,210.00,1,0,1
47410,3.308,61.90,205.00,1,0,1
47413,3.312,62.00,247.00,1,0,0
47415,3.312,61.80,205.00,1,0,0
47428,3.312,63.10,210.00,1,0,1
47430,3.312,61.90,205.00,1,0,1
47433,3.312,61.90,229.00,1,0,0
47435,3.312,61.90,205.00,1,0,0
47438,3.308,63.00,208.00,1,0,0
47440,3.312,61.90,205.00,1,0,0
47442,3.312,72.00,239.00,1,0,1
47445,3.312,75.50,247.00,1,0,1
47447,3.276,130.90,205.00,1,0,1
47450,3.308,61.90,205.00,1,0,1
47452,3.312,62.00,205.00,1,0,0
47455,3.312,61.90,205.00,1,0,0
47457,3.312,61.90,205.00,1,0,0
47460,3.312,61.90,205.00,1,0,0
47472,3.308,64.20,211.00,1,0,0
47475,3.312,61.90,205.00,1,0,0
47477,3.308,61.90,205.00,1,0,0
47480,3.312,61.80,205.00,1,0,0
47482,3.312,61.80,205.00,1,0,1
47485,3.312,62.00,205.00,1,0,1
47487,3.308,62.60,206.00,1,0,1
47490,3.268,144.70,472.00,1,0,1
47492,3.312,62.00,241.00,1,0,0
47495,3.284,97.90,323.00,1,0,0
47497,3.292,98.10,323.00,1,0,0
47500,3.312,61.80,205.00,1,0,0
47502,3.312,61.90,205.00,1,0,1
47505,3.312,62.00,205.00,1,0,1
47517,3.296,61.90,205.00,1,0,0
47520,3.312,61.90,205.00,1,0,0
47522,3.312,61.90,210.00,1,0,1
47525,3.312,61.90,205.00,1,0,1
47527,3.312,61.90,205.00,1,0,1
47530,3.312,61.80,205.00,1,0,1
47532,3.312,61.80,205.00,1,0,0
47535,3.312,61.80,205.00,1,0,0
47537,3.312,143.60,437.00,1,0,0
47539,3.264,64.50,213.00,1,0,0
47542,3.312,61.80,205.00,1,0,1
47544,3.312,61.80,205.00,1,0,1
47547,3.312,61.90,205.00,1,0,1
47549,3.312,61.90,205.00,1,0,1
47562,3.276,61.80,205.00,1,0,1
47565,3.312,62.00,205.00,1,0,1
47567,3.312,61.90,205.00,1,0,1
47569,3.312,62.00,205.00,1,0,1
47572,3.312,62.00,205.00,1,0,0
47574,3.308,61.90,205.00,1,0,0
47577,3.312,61.70,205.00,1,0,0
47579,3.312,61.80,205.00,1,0,0
47582,3.264,140.10,223.00,1,0,1
47584,3.312,62.00,205.00,1,0,1
47587,3.312,62.00,205.00,1,0,1
47589,3.312,62.00,205.00,1,0,1
47592,3.312,61.90,205.00,1,0,0
47594,3.312,61.80,205.00,1,0,0
47607,3.312,62.00,205.00,1,0,1
47609,3.312,61.90,205.00,1,0,1
47612,3.312,61.90,205.00,1,0,0
47614,3.308,61.90,205.00,1,0,0
47617,3.312,61.80,205.00,1,0,0
47619,3.312,62.00,205.00,1,0,0
47622,3.312,61.90,205.00,1,0,1
47624,3.312,62.00,205.00,1,0,1
47627,3.276,119.50,206.00,1,0,1
47629,3.308,62.00,205.00,1,0,1
47632,3.312,62.00,205.00,1,0,0
47634,3.300,62.00,205.00,1,0,0
47637,3.312,62.00,205.00,1,0,0
47639,3.312,61.90,205.00,1,0,0
47652,3.312,62.10,206.00,1,0,0
47654,3.304,62.00,205.00,1,0,0
47657,3.312,61.90,205.00,1,0,0
47659,3.312,61.80,205.00,1,0,0
47662,3.312,61.80,205.00,1,0,1
47664,3.312,61.90,205.00,1,0,1
47666,3.312,62.00,205.00,1,0,1
47669,3.312,62.10,206.00,1,0,1
47671,3.280,144.00,233.00,1,0,0
47674,3.312,61.90,205.00,1,0,0
47676,3.312,61.80,205.00,1,0,0
47679,3.308,61.90,205.00,1,0,0
47681,3.312,61.90,205.00,1,0,1
47684,3.304,62.00,205.00,1,0,1
47696,3.312,61.90,205.00,1,0,0
47699,3.296,99.20,324.00,1,0,0
47701,3.292,99.20,326.00,1,0,1
47704,3.308,62.20,206.00,1,0,1
47706,3.312,62.00,205.00,1,0,1
47709,3.312,61.90,205.00,1,0,1
47711,3.312,61.90,205.00,1,0,0
47714,3.304,62.80,208.00,1,0,0
47716,3.284,147.00,241.00,1,0,0
47719,3.312,62.10,206.00,1,0,0
47721,3.312,62.00,205.00,1,0,1
47724,3.312,63.10,205.00,1,0,1
47726,3.312,61.90,205.00,1,0,1
47729,3.312,61.90,205.00,1,0,1
47741,3.312,61.80,205.00,1,0,1
47744,3.304,63.20,215.00,1,0,1
47746,3.312,61.90,205.00,1,0,1
47749,3.312,62.10,206.00,1,0,1
47751,3.312,62.10,206.00,1,0,0
47754,3.312,62.00,205.00,1,0,0
47756,3.312,96.60,316.00,1,0,0
47759,3.264,110.20,205.00,1,0,0
47761,3.312,61.80,205.00,1,0,1
47763,3.312,62.00,205.00,1,0,1
47766,3.312,62.00,205.00,1,0,1
47768,3.308,63.30,206.00,1,0,1
47771,3.312,62.00,205.00,1,0,1
47773,3.312,74.30,246.00,1,0,0
47786,3.312,62.10,206.00,1,0,1
47788,3.312,62.70,205.00,1,0,1
47791,3.312,61.90,205.00,1,0,0
47793,3.304,64.50,213.00,1,0,0
47796,3.312,61.80,205.00,1,0,0
47798,3.312,62.00,205.00,1,0,0
47801,3.308,104.00,342.00,1,0,0
47803,3.292,110.00,315.00,1,0,1
47806,3.292,62.00,205.00,1,0,1
47808,3.312,61.90,205.00,1,0,1
47811,3.312,61.90,205.00,1,0,1
47813,3.312,62.00,205.00,1,0,0
47816,3.312,62.00,205.00,1,0,0
47818,3.308,62.10,206.00,1,0,0
47831,3.312,62.10,205.00,1,0,1
47833,3.312,68.30,205.00,1,0,0
47836,3.312,62.00,205.00,1,0,0
47838,3.308,61.90,205.00,1,0,0
47841,3.312,61.80,205.00,1,0,0
47843,3.312,61.90,205.00,1,0,1
47846,3.304,128.00,418.00,1,0,1
47848,3.272,107.80,206.00,1,0,1
47851,3.308,62.10,206.00,1,0,1
47853,3.312,76.10,252.00,1,0,0
47856,3.312,61.90,205.00,1,0,0
47858,3.312,61.80,205.00,1,0,0
47860,3.312,61.80,205.00,1,0,0
47863,3.312,65.60,206.00,1,0,1
47876,3.312,61.80,205.00,1,0,0
47878,3.312,61.90,205.00,1,0,0
47881,3.312,62.00,205.00,1,0,0
47883,3.312,62.70,208.00,1,0,1
47885,3.312,62.10,205.00,1,0,1
47888,3.312,61.90,205.00,1,0,1
47890,3.312,61.90,205.00,1,0,1
47893,3.264,143.00,220.00,1,1,0
47895,3.312,66.00,218.00,1,1,0
47898,3.308,66.00,218.00,1,1,0
47900,3.312,65.90,218.00,1,1,0
47903,3.312,104.40,342.00,1,1,0
47905,3.236,101.60,334.00,1,1,0
47908,3.288,91.20,300.00,1,1,0
47920,3.284,113.10,372.00,1,1,0
47923,3.292,98.30,318.00,1,1,0
47925,3.292,98.60,324.00,1,1,0
47928,3.292,98.20,323.00,1,1,0
47930,3.292,100.00,324.00,1,1,0
47933,3.292,99.20,326.00,1,1,0
47935,3.292,98.40,324.00,1,1,0
47938,3.292,98.40,323.00,1,1,0
47940,3.292,99.50,328.00,1,1,0
47943,3.284,96.60,318.00,1,1,0
47945,3.292,98.90,324.00,1,1,0
47948,3.292,98.30,324.00,1,1,0
47950,3.292,99.40,328.00,1,1,0
47953,3.292,91.70,321.00,1,1,0
47965,3.276,102.60,542.00,1,1,0
47968,3.276,91.20,300.00,1,1,0
47970,3.292,91.20,300.00,1,1,0
47973,3.292,91.10,300.00,1,1,0
47975,3.288,91.20,300.00,1,1,0
47978,3.288,91.30,300.00,1,1,0
47980,3.292,98.50,324.00,1,1,0
47982,3.292,98.10,324.00,1,1,0
47985,3.292,98.50,324.00,1,1,0
47987,3.292,98.90,326.00,1,1,0
47990,3.292,99.90,324.00,1,1,0
47992,3.292,99.00,326.00,1,1,0
47995,3.292,98.20,323.00,1,1,0
47997,3.292,98.70,324.00,1,1,0
48010,3.292,96.30,306.00,1,1,0
48012,3.288,100.00,329.00,1,1,0
48015,3.292,98.70,326.00,1,1,0
48017,3.284,102.50,336.00,1,1,0
48020,3.280,102.40,336.00,1,1,0
48022,3.276,103.20,338.00,1,1,0
48025,3.280,102.50,336.00,1,1,0
48027,3.276,117.20,324.00,1,1,0
48030,3.296,98.60,324.00,1,1,0
48032,3.292,98.70,324.00,1,1,0
48035,3.292,98.60,528.00,1,1,0
48037,3.284,98.70,324.00,1,1,0
48040,3.292,98.60,324.00,1,1,0
48052,3.292,91.20,300.00,1,1,0
48055,3.288,91.20,300.00,1,1,0
48057,3.292,91.30,300.00,1,1,0
48060,3.292,91.30,300.00,1,1,0
48062,3.292,90.80,326.00,1,1,0
48065,3.292,98.50,324.00,1,1,0
48067,3.292,98.30,324.00,1,1,0
48070,3.292,98.00,324.00,1,1,0
48072,3.292,98.30,324.00,1,1,0
48075,3.292,98.80,326.00,1,1,0
48077,3.292,100.60,336.00,1,1,0
48080,3.276,102.50,336.00,1,1,0
48082,3.276,102.30,336.00,1,1,0
48084,3.284,104.30,342.00,1,1,0
48097,3.288,93.90,308.00,1,1,0
48100,3.288,93.80,323.00,1,1,0
48102,3.284,95.90,316.00,1,1,0
48105,3.292,98.30,324.00,1,1,0
48107,3.292,98.50,324.00,1,1,0
48110,3.292,98.30,323.00,1,1,0
48112,3.292,91.30,300.00,1,1,0
48114,3.292,98.20,326.00,1,1,0
48117,3.292,98.70,324.00,1,1,0
48119,3.292,98.40,324.00,1,1,0
48122,3.292,98.40,324.00,1,1,0
48124,3.292,98.40,324.00,1,1,0
48127,3.292,99.30,328.00,1,1,0
48129,3.292,98.70,323.00,1,1,0
48142,3.276,101.20,331.00,1,1,0
48144,3.276,102.90,338.00,1,1,0
48147,3.288,103.00,338.00,1,1,0
48149,3.252,128.50,423.00,1,1,0
48152,3.288,91.20,300.00,1,1,0
48154,3.288,91.30,300.00,1,1,0
48157,3.288,91.20,300.00,1,1,0
48159,3.292,91.30,300.00,1,1,0
48162,3.288,90.60,298.00,1,1,0
48164,3.292,96.40,318.00,1,1,0
48167,3.292,98.10,341.00,1,1,0
48169,3.292,101.80,334.00,1,1,0
48172,3.292,98.10,323.00,1,1,0
48184,3.292,98.70,324.00,1,1,0
48187,3.292,99.00,326.00,1,1,0
48189,3.292,98.70,324.00,1,1,0
48192,3.292,98.90,326.00,1,1,0
48194,3.292,98.50,324.00,1,1,0
48197,3.292,98.50,324.00,1,1,0
48199,3.292,102.20,336.00,1,1,0
48202,3.276,102.50,338.00,1,1,0
48204,3.276,102.30,352.00,1,1,0
48207,3.276,102.30,336.00,1,1,0
48209,3.276,102.20,334.00,1,1,0
48212,3.288,91.20,300.00,1,1,0
48214,3.292,91.20,300.00,1,1,0
48227,3.288,98.70,324.00,1,1,0
48229,3.292,99.20,326.00,1,1,0
48232,3.292,98.30,323.00,1,1,0
48234,3.292,98.30,323.00,1,1,0
48237,3.292,98.50,324.00,1,1,0
48239,3.288,98.00,326.00,1,1,0
48241,3.292,98.70,324.00,1,1,0
48244,3.292,101.20,333.00,1,1,0
48246,3.288,98.30,324.00,1,1,0
48249,3.292,103.20,336.00,1,1,0
48251,3.292,98.20,323.00,1,1,0
48254,3.292,101.80,336.00,1,1,0
48256,3.292,98.80,328.00,1,1,0
48259,3.292,98.50,324.00,1,1,0
48271,3.292,91.40,300.00,1,1,0
48274,3.292,99.60,328.00,1,1,0
48276,3.292,98.40,333.00,1,1,0
48279,3.284,98.50,324.00,1,1,0
48281,3.292,98.40,324.00,1,1,0
48284,3.292,98.30,328.00,1,1,0
48286,3.296,99.00,326.00,1,1,0
48289,3.292,98.80,324.00,1,1,0
48291,3.292,98.20,338.00,1,1,0
48294,3.292,99.20,326.00,1,1,0
48296,3.288,98.10,323.00,1,1,0
48299,3.280,98.90,326.00,1,1,0
48301,3.292,98.50,324.00,1,1,0
48304,3.292,98.40,324.00,1,1,0
48316,3.276,92.10,303.00,1,0,1
48319,3.268,98.70,324.00,1,0,1
48321,3.292,104.80,334.00,1,0,0
48324,3.292,113.00,370.00,1,0,0
48326,3.292,98.40,324.00,1,0,0
48329,3.292,99.80,323.00,1,0,0
48331,3.292,62.00,205.00,1,0,1
48334,3.312,62.10,206.00,1,0,1
48336,3.312,63.00,206.00,1,0,1
48339,3.312,62.00,205.00,1,0,1
48341,3.272,134.60,441.00,1,0,0
48343,3.312,61.90,205.00,1,0,0
48346,3.312,61.90,205.00,1,0,0
48348,3.312,61.90,205.00,1,0,0
48361,3.312,70.70,234.00,1,0,0
48364,3.312,61.90,205.00,1,0,0
48366,3.312,140.00,500.00,1,0,0
48368,3.264,62.20,206.00,1,0,0
48371,3.312,73.90,244.00,1,0,1
48373,3.312,62.10,205.00,1,0,1
48376,3.312,62.00,205.00,1,0,1
48378,3.312,61.90,205.00,1,0,1
48381,3.308,62.00,210.00,1,0,0
48383,3.312,62.00,205.00,1,0,0
48386,3.312,62.00,205.00,1,0,0
48388,3.312,130.90,546.00,1,0,0
48391,3.272,62.00,205.00,1,0,1
48393,3.312,61.90,205.00,1,0,1
48406,3.312,61.90,205.00,1,0,0
48408,3.308,61.80,205.00,1,0,0
48411,3.312,140.10,446.00,1,0,1
48413,3.304,61.90,205.00,1,0,1
48416,3.280,99.30,328.00,1,0,1
48418,3.288,98.60,318.00,1,0,1
48421,3.288,73.90,244.00,1,0,0
48423,3.312,61.90,205.00,1,0,0
48426,3.312,61.90,205.00,1,0,0
48428,3.312,61.90,205.00,1,0,0
48431,3.308,127.90,418.00,1,0,1
48433,3.276,108.20,206.00,1,0,1
48436,3.312,63.70,211.00,1,0,1
48438,3.308,62.10,206.00,1,0,1
48451,3.312,62.80,208.00,1,0,1
48453,3.312,62.10,206.00,1,0,1
48456,3.268,146.60,238.00,1,0,1
48458,3.312,62.00,205.00,1,0,1
48461,3.312,61.90,205.00,1,0,0
48463,3.308,62.00,205.00,1,0,0
48465,3.312,62.10,205.00,1,0,0
48468,3.312,62.10,205.00,1,0,0
48470,3.312,62.10,208.00,1,0,1
48473,3.312,61.90,205.00,1,0,1
48475,3.308,61.90,205.00,1,0,1
48478,3.264,128.50,316.00,1,0,1
48480,3.308,63.50,210.00,1,0,0
48483,3.312,62.10,206.00,1,0,0
48495,3.308,62.10,205.00,1,0,1
48498,3.264,119.80,392.00,1,0,1
48500,3.308,62.20,231.00,1,0,0
48503,3.308,62.10,206.00,1,0,0
48505,3.312,61.90,205.00,1,0,0
48508,3.312,61.90,205.00,1,0,0
48510,3.312,61.80,205.00,1,0,1
48513,3.312,62.10,205.00,1,0,1
48515,3.308,62.10,208.00,1,0,1
48518,3.312,98.40,324.00,1,0,1
48520,3.292,101.10,333.00,1,0,0
48523,3.284,93.30,205.00,1,0,0
48525,3.312,61.80,205.00,1,0,0
48528,3.312,61.70,205.00,1,0,0
48540,3.312,61.80,205.00,1,0,0
48543,3.312,61.80,469.00,1,0,0
48545,3.264,61.90,205.00,1,0,0
48548,3.312,61.90,205.00,1,0,0
48550,3.312,61.90,205.00,1,0,1
48553,3.312,62.10,205.00,1,0,1
48555,3.308,61.90,205.00,1,0,1
48558,3.312,61.80,205.00,1,0,1
48560,3.312,61.80,203.00,1,0,0
48562,3.300,61.90,205.00,1,0,0
48565,3.312,61.90,203.00,1,0,0
48567,3.276,120.00,205.00,1,0,0
48570,3.312,61.90,205.00,1,0,1
48572,3.312,61.80,205.00,1,0,1
48585,3.312,61.90,205.00,1,0,0
48587,3.312,61.80,205.00,1,0,0
48590,3.312,121.00,398.00,1,0,1
48592,3.308,61.80,205.00,1,0,1
48595,3.308,61.90,208.00,1,0,1
48597,3.312,62.00,205.00,1,0,1
48600,3.312,62.00,205.00,1,0,0
48602,3.312,61.90,205.00,1,0,0
48605,3.312,61.80,205.00,1,0,0
48607,3.312,61.70,205.00,1,0,0
48610,3.312,61.70,205.00,1,0,1
48612,3.304,62.00,205.00,1,0,1
48615,3.312,146.30,480.00,1,0,1
48617,3.296,62.10,205.00,1,0,1
48630,3.312,62.10,206.00,1,0,1
48632,3.312,62.10,205.00,1,0,1
48635,3.308,62.10,205.00,1,0,1
48637,3.308,62.00,203.00,1,0,1
48640,3.280,105.40,205.00,1,0,0
48642,3.304,62.00,205.00,1,0,0
48645,3.312,62.00,205.00,1,0,0
48647,3.312,62.00,205.00,1,0,0
48650,3.312,62.10,206.00,1,0,1
48652,3.312,62.00,205.00,1,0,1
48655,3.312,62.00,205.00,1,0,1
48657,3.312,61.90,205.00,1,0,1
48659,3.312,122.20,400.00,1,0,0
48662,3.276,62.20,206.00,1,0,0
48675,3.312,62.00,205.00,1,0,1
48677,3.312,62.10,205.00,1,0,1
48680,3.312,121.80,400.00,1,0,0
48682,3.304,62.10,206.00,1,0,0
48684,3.308,62.00,205.00,1,0,0
48687,3.312,61.90,205.00,1,0,0
48689,3.312,62.00,205.00,1,0,1
48692,3.308,62.00,205.00,1,0,1
48694,3.308,62.00,205.00,1,0,1
48697,3.308,62.10,205.00,1,0,1
48699,3.308,62.10,205.00,1,0,0
48702,3.296,132.90,400.00,1,0,0
48704,3.276,62.00,205.00,1,0,0
48707,3.312,61.90,205.00,1,0,0
48719,3.312,62.00,205.00,1,0,0
48722,3.304,64.80,372.00,1,0,0
48724,3.292,98.30,324.00,1,0,0
48727,3.292,91.10,300.00,1,0,0
48729,3.312,62.00,205.00,1,0,1
48732,3.312,62.10,206.00,1,0,1
48734,3.312,62.00,205.00,1,0,1
48737,3.312,62.00,205.00,1,0,1
48739,3.312,61.90,205.00,1,0,0
48742,3.300,62.00,205.00,1,0,0
48744,3.268,141.30,306.00,1,0,0
48747,3.312,62.00,205.00,1,0,0
48749,3.312,61.90,205.00,1,0,1
48752,3.308,62.00,205.00,1,0,1
48764,3.308,65.90,218.00,1,1,0
48767,3.312,65.90,218.00,1,1,0
48769,3.308,80.20,264.00,1,1,0
48772,3.288,98.70,324.00,1,1,0
48774,3.292,163.20,297.00,1,1,0
48777,3.288,91.00,300.00,1,1,0
48779,3.288,91.10,300.00,1,1,0
48781,3.288,91.10,300.00,1,1,0
48784,3.288,91.10,300.00,1,1,0
48786,3.288,96.80,318.00,1,1,0
48789,3.292,97.40,324.00,1,1,0
48791,3.292,99.40,328.00,1,1,0
48794,3.292,98.70,324.00,1,1,0
48796,3.292,99.80,324.00,1,1,0
48809,3.292,98.40,324.00,1,1,0
48811,3.292,98.60,324.00,1,1,0
48814,3.292,98.50,324.00,1,1,0
48816,3.288,100.70,331.00,1,1,0
48819,3.288,99.90,321.00,1,0,1
48821,3.272,98.40,324.00,1,0,1
48824,3.264,119.70,393.00,1,0,1
48826,3.292,106.10,341.00,1,0,0
48829,3.292,92.60,305.00,1,0,0
48831,3.292,98.00,323.00,1,0,0
48834,3.292,102.60,323.00,1,0,0
48836,3.292,98.40,324.00,1,0,1
48839,3.292,97.70,321.00,1,0,1
48856,3.292,102.70,331.00,1,0,1
48859,3.292,98.90,326.00,1,0,1
48861,3.292,98.80,326.00,1,0,1
48864,3.292,98.00,324.00,1,0,1
48866,3.292,105.00,346.00,1,0,0
48869,3.292,100.20,329.00,1,0,0
48871,3.292,100.40,326.00,1,0,0
48874,3.292,98.70,324.00,1,0,0
48876,3.292,110.30,364.00,1,0,1
48878,3.288,89.90,206.00,1,0,1
48881,3.312,62.10,206.00,1,0,1
48883,3.312,62.10,206.00,1,0,1
48886,3.312,62.00,406.00,1,0,0
48899,3.312,62.10,205.00,1,0,1
48901,3.312,62.10,206.00,1,0,1
48904,3.308,62.20,206.00,1,0,1
48906,3.308,64.90,433.00,1,0,0
48908,3.264,139.60,213.00,1,0,0
48911,3.312,62.00,205.00,1,0,0
48913,3.312,62.00,205.00,1,0,0
48916,3.312,62.00,205.00,1,0,1
48918,3.312,62.10,206.00,1,0,1
48921,3.312,63.20,210.00,1,0,1
48923,3.312,62.10,205.00,1,0,1
48926,3.312,73.70,244.00,1,0,0
48928,3.292,98.50,324.00,1,0,0
48931,3.292,98.60,331.00,1,0,0
48943,3.312,62.00,205.00,1,0,1
48946,3.312,77.00,256.00,1,0,0
48948,3.312,61.90,205.00,1,0,0
48951,3.312,61.90,205.00,1,0,0
48953,3.312,74.80,246.00,1,0,0
48956,3.276,133.60,439.00,1,0,1
48958,3.312,62.00,205.00,1,0,1
48961,3.308,61.90,205.00,1,0,1
48963,3.312,61.90,205.00,1,0,1
48966,3.312,62.00,205.00,1,0,0
48968,3.312,61.90,205.00,1,0,0
48971,3.312,62.00,205.00,1,0,0
48973,3.312,62.00,205.00,1,0,0
48976,3.312,61.90,205.00,1,0,1
48988,3.312,62.00,205.00,1,0,0
48991,3.312,62.00,205.00,1,0,0
48993,3.312,61.80,205.00,1,0,0
48996,3.312,61.80,213.00,1,0,1
48998,3.308,124.90,408.00,1,0,1
49001,3.280,62.40,206.00,1,0,1
49003,3.308,62.10,205.00,1,0,1
49005,3.308,70.80,234.00,1,0,0
49008,3.308,62.00,205.00,1,0,0
49010,3.312,61.90,205.00,1,0,0
49013,3.312,61.90,205.00,1,0,0
49015,3.312,61.90,205.00,1,0,1
49018,3.312,62.10,206.00,1,0,1
49020,3.300,123.70,462.00,1,0,1
49033,3.292,98.10,319.00,1,0,0
49035,3.292,63.10,210.00,1,0,1
49038,3.312,62.10,206.00,1,0,1
49040,3.312,61.90,374.00,1,0,1
49043,3.264,61.90,205.00,1,0,1
49045,3.312,61.90,205.00,1,0,0
49048,3.312,61.80,205.00,1,0,0
49050,3.312,62.00,205.00,1,0,0
49053,3.308,62.00,205.00,1,0,0
49055,3.312,61.90,239.00,1,0,1
49058,3.308,61.90,205.00,1,0,1
49060,3.308,61.80,205.00,1,0,1
49063,3.312,61.90,205.00,1,0,1
49065,3.308,61.90,400.00,1,0,0
49078,3.312,61.80,205.00,1,0,1
49080,3.312,62.60,206.00,1,0,1
49083,3.308,62.00,205.00,1,0,1
49085,3.308,62.10,221.00,1,0,0
49088,3.304,123.80,405.00,1,0,0
49090,3.280,64.70,215.00,1,0,0
49093,3.312,61.80,205.00,1,0,0
49095,3.312,61.80,205.00,1,0,1
49098,3.308,61.90,205.00,1,0,1
49100,3.312,62.00,215.00,1,0,1
49102,3.312,62.00,205.00,1,0,1
49105,3.312,62.00,205.00,1,0,0
49107,3.312,61.80,205.00,1,0,0
49110,3.312,86.80,282.00,1,0,0
49123,3.312,62.00,205.00,1,0,1
49125,3.308,61.90,205.00,1,0,0
49127,3.312,61.80,205.00,1,0,0
49130,3.312,61.80,205.00,1,0,0
49132,3.312,97.00,319.00,1,0,0
49135,3.292,94.50,311.00,1,0,1
49137,3.296,62.00,205.00,1,0,1
49140,3.308,61.80,205.00,1,0,1
49142,3.312,61.80,205.00,1,0,1
49145,3.312,61.80,203.00,1,0,0
49147,3.300,61.80,205.00,1,0,0
49150,3.308,61.90,205.00,1,0,0
49152,3.312,61.90,205.00,1,0,0
49155,3.312,61.80,205.00,1,0,1
49167,3.304,61.90,205.00,1,0,0
49170,3.312,62.00,205.00,1,0,0
49172,3.312,61.80,205.00,1,0,0
49175,3.312,61.70,205.00,1,0,1
49177,3.304,61.80,205.00,1,0,1
49180,3.276,119.90,392.00,1,0,1
49182,3.312,62.10,206.00,1,0,1
49185,3.312,62.10,206.00,1,0,0
49187,3.308,62.00,205.00,1,0,0
49190,3.312,61.80,205.00,1,0,0
49192,3.312,61.70,205.00,1,0,0
49195,3.312,61.70,205.00,1,0,1
49197,3.308,61.90,205.00,1,0,1
49199,3.312,62.00,205.00,1,0,1
49212,3.312,61.80,205.00,1,0,0
49215,3.312,61.90,205.00,1,0,1
49217,3.312,62.00,205.00,1,0,1
49220,3.312,62.00,205.00,1,0,1
49222,3.308,61.80,205.00,1,0,1
49224,3.312,61.70,205.00,1,1,0
49227,3.300,68.10,218.00,1,1,0
49229,3.312,65.80,218.00,1,1,0
49232,3.312,65.80,218.00,1,1,0
49234,3.312,68.90,591.00,1,1,0
49237,3.284,91.10,300.00,1,1,0
49239,3.292,91.20,300.00,1,1,0
49242,3.288,91.20,300.00,1,1,0
49244,3.288,93.30,306.00,1,1,0
49257,3.292,98.10,323.00,1,1,0
49259,3.292,98.30,324.00,1,1,0
49262,3.292,98.40,319.00,1,1,0
49264,3.292,98.10,323.00,1,1,0
49267,3.292,98.10,323.00,1,1,0
49269,3.292,96.90,319.00,1,1,0
49272,3.292,98.50,323.00,1,1,0
49274,3.292,98.10,323.00,1,1,0
49277,3.292,98.50,324.00,1,1,0
49279,3.288,98.50,324.00,1,1,0
49282,3.292,99.20,326.00,1,1,0
49284,3.292,99.00,326.00,1,0,1
49287,3.268,96.50,293.00,1,0,1
49289,3.264,143.50,472.00,1,0,0
49302,3.292,98.80,326.00,1,0,1
49304,3.312,62.00,205.00,1,0,1
49307,3.312,61.90,205.00,1,0,1
49309,3.308,143.20,469.00,1,0,0
49312,3.300,62.00,205.00,1,0,0
49314,3.312,62.00,205.00,1,0,0
49317,3.312,62.00,205.00,1,0,0
49319,3.312,62.00,205.00,1,0,1
49321,3.312,61.90,205.00,1,0,1
49324,3.312,61.90,205.00,1,0,1
49326,3.308,62.00,205.00,1,0,1
49329,3.312,62.10,203.00,1,0,1
49331,3.276,120.90,206.00,1,0,0
49334,3.312,62.10,206.00,1,0,0
49347,3.312,62.00,205.00,1,0,1
49349,3.312,62.00,205.00,1,0,0
49351,3.312,79.30,238.00,1,0,0
49354,3.272,74.30,246.00,1,0,0
49356,3.312,61.90,205.00,1,0,0
49359,3.312,61.80,205.00,1,0,0
49361,3.312,62.00,205.00,1,0,1
49364,3.308,62.00,205.00,1,0,1
49366,3.312,63.40,205.00,1,0,1
49369,3.312,62.00,205.00,1,0,1
49371,3.308,69.40,229.00,1,0,0
49374,3.312,61.70,205.00,1,0,0
49376,3.264,142.80,465.00,1,0,0
49379,3.280,62.00,205.00,1,0,0
49391,3.312,62.00,205.00,1,0,0
49394,3.312,61.90,205.00,1,0,0
49396,3.312,61.90,202.00,1,0,0
49399,3.268,139.40,460.00,1,0,0
49401,3.308,70.30,233.00,1,0,1
49404,3.312,62.10,205.00,1,0,1
49406,3.312,62.00,205.00,1,0,1
49409,3.312,62.00,205.00,1,0,1
49411,3.308,65.60,205.00,1,0,0
49414,3.312,61.90,205.00,1,0,0
49416,3.312,61.80,205.00,1,0,0
49418,3.312,61.90,202.00,1,0,0
49421,3.268,157.40,519.00,1,0,1
49423,3.304,61.90,205.00,1,0,1
49436,3.312,61.90,205.00,1,0,0
49439,3.312,61.80,203.00,1,0,0
49441,3.292,99.10,324.00,1,0,1
49444,3.288,92.30,305.00,1,0,1
49446,3.308,63.50,210.00,1,0,1
49448,3.312,62.10,205.00,1,0,1
49451,3.312,75.50,251.00,1,0,0
49453,3.312,61.80,205.00,1,0,0
49456,3.308,61.90,205.00,1,0,0
49458,3.312,61.90,205.00,1,0,0
49461,3.312,71.60,238.00,1,0,1
49463,3.308,62.10,206.00,1,0,1
49466,3.308,119.70,392.00,1,0,1
49468,3.312,62.00,205.00,1,0,1
49481,3.312,62.80,208.00,1,0,1
49483,3.312,62.00,205.00,1,0,1
49486,3.308,100.50,405.00,1,0,1
49488,3.268,62.00,205.00,1,0,1
49491,3.308,63.80,211.00,1,0,0
49493,3.312,62.00,205.00,1,0,0
49496,3.312,61.90,205.00,1,0,0
49498,3.308,61.90,205.00,1,0,0
49501,3.312,61.90,205.00,1,0,1
49503,3.312,62.00,205.00,1,0,1
49506,3.312,62.50,205.00,1,0,1
49508,3.276,123.70,205.00,1,0,1
49511,3.308,71.40,236.00,1,0,0
49513,3.312,62.00,205.00,1,0,0
49526,3.312,62.70,208.00,1,0,1
49528,3.260,139.10,460.00,1,0,1
49531,3.308,62.00,246.00,1,0,0
49533,3.308,61.90,205.00,1,0,0
49536,3.312,61.90,205.00,1,0,0
49538,3.312,61.90,205.00,1,0,0
49541,3.312,62.80,206.00,1,0,1
49543,3.292,99.00,326.00,1,0,1
49545,3.292,95.00,224.00,1,0,1
49548,3.312,133.60,436.00,1,0,1
49550,3.312,62.10,205.00,1,0,0
49553,3.312,62.00,205.00,1,0,0
49555,3.312,62.00,205.00,1,0,0
49558,3.312,62.00,205.00,1,0,0
49570,3.268,111.50,369.00,1,0,0
49573,3.312,62.10,206.00,1,0,0
49575,3.312,62.00,205.00,1,0,0
49578,3.312,62.00,205.00,1,0,0
49580,3.312,61.90,205.00,1,0,1
49583,3.312,62.00,206.00,1,0,1
49585,3.312,62.10,205.00,1,0,1
49588,3.312,64.80,215.00,1,0,1
49590,3.312,62.00,451.00,1,0,0
49593,3.288,79.90,265.00,1,0,0
49595,3.308,62.00,205.00,1,0,0
49598,3.312,61.90,205.00,1,0,0
49600,3.312,61.90,205.00,1,0,1
49603,3.312,62.00,205.00,1,0,1
49615,3.268,69.70,231.00,1,0,0
49618,3.312,62.00,205.00,1,0,0
49620,3.312,63.10,208.00,1,0,1
49623,3.308,62.00,205.00,1,0,1
49625,3.312,62.00,208.00,1,0,1
49628,3.312,62.10,205.00,1,0,1
49630,3.312,61.90,205.00,1,0,0
49633,3.312,61.90,205.00,1,0,0
49635,3.312,61.90,205.00,1,0,0
49638,3.312,144.00,470.00,1,0,0
49640,3.312,62.00,205.00,1,0,1
49642,3.312,62.10,205.00,1,0,1
49645,3.304,98.10,323.00,1,0,1
49647,3.292,98.20,323.00,1,0,1
49660,3.272,113.50,375.00,1,0,1
49663,3.312,62.00,205.00,1,0,1
49665,3.312,62.00,205.00,1,0,1
49667,3.312,62.00,205.00,1,0,1
49670,3.308,62.10,213.00,1,0,0
49672,3.300,62.00,205.00,1,0,0
49675,3.312,62.00,205.00,1,0,0
49677,3.312,61.90,205.00,1,0,0
49680,3.312,61.80,205.00,1,0,1
49682,3.312,62.30,203.00,1,0,1
49685,3.264,109.90,364.00,1,0,1
49687,3.308,62.10,205.00,1,0,1
49690,3.308,64.80,215.00,1,0,0
49692,3.312,61.90,205.00,1,0,0
49705,3.308,138.70,454.00,1,0,1
49707,3.264,108.50,205.00,1,0,1
49710,3.308,62.00,205.00,1,0,0
49712,3.312,61.90,205.00,1,0,0
49715,3.312,61.80,205.00,1,0,0
49717,3.312,62.00,205.00,1,0,0
49720,3.312,62.00,205.00,1,0,1
49722,3.312,62.00,205.00,1,0,1
49725,3.308,62.00,203.00,1,0,1
49727,3.280,148.70,488.00,1,0,1
49730,3.308,62.00,205.00,1,0,0
49732,3.304,63.80,205.00,1,0,0
49735,3.312,62.00,205.00,1,0,0
49737,3.312,62.00,205.00,1,0,0
49750,3.292,98.40,323.00,1,0,0
49752,3.300,62.10,206.00,1,0,0
49755,3.312,62.00,205.00,1,0,0
49757,3.308,62.00,205.00,1,0,0
49760,3.312,61.80,205.00,1,0,1
49762,3.308,62.00,205.00,1,0,1
49764,3.312,62.00,205.00,1,0,1
49767,3.312,62.10,206.00,1,0,1
49769,3.312,62.20,206.00,1,0,0
49772,3.312,62.00,205.00,1,0,0
49774,3.312,113.20,372.00,1,0,0
49777,3.260,61.90,205.00,1,0,0
49779,3.312,61.90,205.00,1,0,1
49782,3.312,62.00,205.00,1,0,1
49794,3.312,61.80,205.00,1,0,0
49797,3.312,61.90,413.00,1,0,0
49799,3.264,64.20,213.00,1,0,1
49802,3.312,62.20,206.00,1,0,1
49804,3.312,62.10,205.00,1,0,1
49807,3.312,61.90,205.00,1,0,1
49809,3.312,61.90,205.00,1,0,0
49812,3.308,68.60,205.00,1,0,0
49814,3.312,61.90,205.00,1,0,0
49817,3.312,62.00,205.00,1,0,0
49819,3.312,62.00,285.00,1,0,1
49822,3.252,62.20,206.00,1,0,1
49824,3.312,62.00,205.00,1,0,1
49827,3.312,62.00,205.00,1,0,1
49839,3.312,61.90,205.00,1,0,1
49842,3.264,128.80,205.00,1,0,1
49844,3.312,62.00,205.00,1,0,1
49847,3.312,62.00,205.00,1,0,1
49849,3.312,99.40,323.00,1,0,0
49852,3.292,98.10,323.00,1,0,0
49854,3.296,62.10,206.00,1,0,0
49857,3.312,61.80,205.00,1,0,0
49859,3.312,61.80,205.00,1,0,1
49861,3.308,61.90,202.00,1,0,1
49864,3.276,91.00,206.00,1,0,1
49866,3.312,62.10,206.00,1,0,1
49869,3.312,62.20,206.00,1,0,1
49871,3.312,76.50,205.00,1,0,0
49884,3.312,62.20,206.00,1,0,1
49886,3.268,120.30,206.00,1,0,1
49889,3.312,62.00,205.00,1,0,0
49891,3.308,71.70,238.00,1,0,0
49894,3.312,61.80,205.00,1,0,0
49896,3.308,61.90,205.00,1,0,0
49899,3.312,62.00,205.00,1,0,0
49901,3.312,62.90,206.00,1,0,1
49904,3.312,62.10,206.00,1,0,1
49906,3.272,122.60,403.00,1,0,1
49909,3.304,62.00,205.00,1,0,1
49911,3.312,62.30,206.00,1,0,0
49914,3.312,62.00,205.00,1,0,0
49916,3.312,62.10,205.00,1,0,0
49929,3.312,62.00,205.00,1,0,1
49931,3.312,143.30,475.00,1,0,0
49934,3.304,62.10,206.00,1,0,0
49936,3.312,62.00,205.00,1,0,0
49939,3.312,61.90,205.00,1,0,0
49941,3.312,62.10,206.00,1,0,1
49944,3.312,61.90,205.00,1,0,1
49946,3.308,62.90,205.00,1,0,1
49949,3.312,62.00,205.00,1,0,1
49951,3.308,91.60,300.00,1,0,0
49954,3.296,100.20,326.00,1,0,0
49956,3.292,80.50,267.00,1,0,0
49958,3.308,61.90,205.00,1,0,0
49961,3.312,61.80,205.00,1,0,1
49974,3.276,132.60,367.00,1,0,0
49976,3.312,61.90,205.00,1,0,0
49979,3.312,61.90,205.00,1,0,0
49981,3.312,63.10,206.00,1,0,1
49983,3.312,62.10,206.00,1,0,1
49986,3.312,62.20,206.00,1,0,1
49988,3.312,61.90,205.00,1,0,1
49991,3.308,61.80,215.00,1,0,0
49993,3.312,61.80,202.00,1,0,0
49996,3.276,133.20,441.00,1,0,0
49998,3.308,62.10,205.00,1,0,0
50001,3.312,72.80,241.00,1,0,1
50003,3.312,62.10,206.00,1,0,1
50006,3.312,62.00,205.00,1,0,1
50018,3.308,135.50,362.00,1,0,0
50021,3.268,62.00,205.00,1,0,1
50023,3.308,61.90,205.00,1,0,1
50026,3.312,61.90,205.00,1,0,1
50028,3.312,62.00,205.00,1,0,1
50031,3.312,69.00,228.00,1,0,0
50033,3.312,62.00,205.00,1,0,0
50036,3.308,62.00,205.00,1,0,0
50038,3.312,61.80,205.00,1,0,0
50041,3.312,61.80,205.00,1,0,1
50043,3.312,140.50,411.00,1,0,1
50046,3.296,63.20,210.00,1,0,1
50048,3.308,62.00,205.00,1,0,1
50051,3.312,62.10,246.00,1,0,0
50063,3.312,62.10,206.00,1,0,1
50066,3.312,112.80,370.00,1,0,1
50068,3.268,71.40,236.00,1,0,1
50071,3.308,62.10,242.00,1,0,0
50073,3.312,61.80,205.00,1,0,0
50076,3.308,61.90,205.00,1,0,0
50078,3.312,61.90,205.00,1,0,0
50080,3.308,62.90,208.00,1,0,1
50083,3.312,62.10,205.00,1,0,1
50085,3.308,62.00,205.00,1,0,1
50088,3.308,61.90,205.00,1,0,1
50090,3.308,144.40,470.00,1,0,0
50093,3.312,62.00,205.00,1,0,0
50095,3.312,61.90,205.00,1,0,0
50108,3.312,62.00,205.00,1,0,1
50110,3.312,65.50,216.00,1,0,0
50113,3.312,62.00,205.00,1,0,0
50115,3.264,116.20,465.00,1,0,0
50118,3.304,61.90,205.00,1,0,0
50120,3.308,61.80,205.00,1,0,1
50123,3.312,62.00,205.00,1,0,1
50125,3.308,63.00,208.00,1,0,1
50128,3.308,62.00,205.00,1,0,1
50130,3.312,62.10,249.00,1,0,0
50133,3.312,61.90,205.00,1,0,0
50135,3.312,61.90,205.00,1,0,0
50138,3.268,146.60,478.00,1,0,0
50140,3.304,62.00,208.00,1,0,1
50153,3.312,61.90,205.00,1,0,0
50155,3.312,65.60,215.00,1,0,0
50158,3.288,98.20,323.00,1,0,0
50160,3.292,98.10,316.00,1,0,1
50163,3.312,62.00,205.00,1,0,1
50165,3.312,61.90,205.00,1,0,1
50168,3.308,61.90,205.00,1,0,1
50170,3.312,61.90,205.00,1,0,0
50173,3.312,61.80,205.00,1,0,0
50175,3.312,61.80,205.00,1,0,0
50178,3.312,61.90,205.00,1,0,0
50180,3.312,61.90,205.00,1,0,1
50182,3.312,137.50,396.00,1,0,1
50185,3.268,62.00,205.00,1,0,1
50198,3.312,61.90,205.00,1,0,0
50200,3.312,61.80,205.00,1,0,1
50203,3.308,62.60,206.00,1,0,1
50205,3.264,139.30,208.00,1,0,1
50207,3.312,61.90,205.00,1,0,1
50210,3.312,62.00,205.00,1,0,0
50212,3.308,61.80,205.00,1,0,0
50215,3.312,61.80,205.00,1,0,0
50217,3.312,61.80,205.00,1,0,0
50220,3.312,61.80,205.00,1,0,1
50222,3.308,61.90,203.00,1,0,1
50225,3.276,127.20,418.00,1,0,1
50227,3.312,62.00,205.00,1,0,1
50230,3.312,61.90,205.00,1,0,0
50242,3.308,61.90,203.00,1,0,1
50245,3.268,87.40,290.00,1,0,1
50247,3.312,62.00,205.00,1,0,1
50250,3.312,61.90,205.00,1,0,0
50252,3.304,61.80,205.00,1,0,0
50255,3.312,61.90,205.00,1,0,0
50257,3.312,61.90,203.00,1,0,0
50260,3.284,99.40,328.00,1,0,1
50262,3.288,95.40,313.00,1,0,1
50265,3.312,61.90,205.00,1,0,1
50267,3.296,141.30,467.00,1,0,1
50270,3.308,62.00,205.00,1,0,0
50272,3.296,62.00,205.00,1,0,0
50274,3.312,61.90,205.00,1,0,0
50287,3.312,62.00,206.00,1,0,1
50290,3.312,140.50,459.00,1,0,0
50292,3.260,110.80,367.00,1,0,0
50295,3.312,62.00,205.00,1,0,0
50297,3.312,61.90,205.00,1,0,0
50300,3.312,61.80,205.00,1,0,1
50302,3.300,62.10,205.00,1,0,1
50304,3.308,64.90,215.00,1,0,1
50307,3.312,62.00,205.00,1,0,1
50309,3.312,62.00,205.00,1,0,0
50312,3.312,109.10,356.00,1,0,0
50314,3.280,62.10,206.00,1,0,0
50317,3.312,61.90,205.00,1,0,0
50319,3.312,62.00,205.00,1,0,1
50332,3.308,61.90,205.00,1,0,0
50334,3.312,140.40,457.00,1,0,0
50337,3.296,92.30,205.00,1,0,0
50339,3.312,62.00,205.00,1,0,1
50342,3.312,62.00,205.00,1,0,1
50344,3.308,61.80,205.00,1,0,1
50347,3.308,61.80,205.00,1,0,1
50349,3.308,61.90,205.00,1,0,0
50352,3.300,61.90,205.00,1,0,0
50354,3.312,62.00,203.00,1,0,0
50357,3.264,69.70,231.00,1,0,0
50359,3.312,61.90,205.00,1,0,1
50362,3.288,101.30,303.00,1,0,1
50364,3.288,98.60,324.00,1,0,1
50377,3.312,61.70,203.00,1,0,0
50379,3.268,122.60,401.00,1,0,1
50382,3.308,62.00,205.00,1,0,1
50384,3.308,62.10,205.00,1,0,1
50387,3.308,62.00,205.00,1,0,1
50389,3.308,61.90,205.00,1,0,0
50392,3.312,73.70,205.00,1,0,0
50394,3.312,61.80,205.00,1,0,0
50397,3.312,61.80,205.00,1,0,0
50399,3.308,61.80,205.00,1,0,1
50401,3.312,62.10,203.00,1,0,1
50404,3.264,69.50,229.00,1,0,1
50406,3.312,63.00,215.00,1,0,1
50409,3.308,61.80,205.00,1,0,1
50422,3.312,62.00,205.00,1,0,1
50424,3.308,62.00,205.00,1,0,1
50426,3.312,61.80,401.00,1,0,1
50429,3.276,61.90,205.00,1,0,1
50431,3.304,65.40,216.00,1,0,0
50434,3.312,62.00,205.00,1,0,0
50436,3.308,62.00,205.00,1,0,0
50439,3.312,61.90,205.00,1,0,0
50441,3.312,62.70,205.00,1,0,1
50444,3.308,61.90,205.00,1,0,1
50446,3.312,61.90,205.00,1,0,1
50449,3.312,62.00,205.00,1,0,1
50451,3.308,62.80,457.00,1,0,0
50454,3.264,62.10,206.00,1,0,0
50466,3.292,98.50,324.00,1,0,1
50469,3.288,93.30,308.00,1,0,1
50471,3.308,70.40,205.00,1,0,0
50474,3.308,61.80,205.00,1,0,0
50476,3.276,119.60,392.00,1,0,0
50479,3.312,61.80,205.00,1,0,0
50481,3.312,62.00,205.00,1,0,1
50484,3.312,62.10,205.00,1,0,1
50486,3.308,62.60,205.00,1,0,1
50489,3.308,61.90,205.00,1,0,1
50491,3.308,75.10,249.00,1,0,0
50494,3.308,61.70,205.00,1,0,0
50496,3.308,88.20,287.00,1,0,0
50498,3.256,62.10,206.00,1,0,0
50511,3.308,69.20,229.00,1,0,0
50514,3.312,61.70,205.00,1,0,0
50516,3.312,61.90,205.00,1,0,0
50519,3.312,62.00,205.00,1,0,0
50521,3.264,144.90,474.00,1,0,1
50523,3.304,61.90,205.00,1,0,1
50526,3.312,61.80,205.00,1,0,1
50528,3.312,61.80,205.00,1,0,1
50531,3.308,61.80,205.00,1,0,0
50533,3.312,62.00,205.00,1,0,0
50536,3.312,62.00,205.00,1,0,0
50538,3.312,61.80,205.00,1,0,0
50541,3.312,134.70,441.00,1,0,1
50543,3.280,104.90,347.00,1,0,1
50556,3.312,61.70,205.00,1,0,0
50558,3.312,61.60,205.00,1,0,0
50561,3.312,61.70,205.00,1,0,1
50563,3.308,144.90,474.00,1,0,1
50566,3.304,98.90,326.00,1,0,1
50568,3.292,98.90,324.00,1,0,1
50571,3.292,76.90,254.00,1,0,0
50573,3.312,61.80,205.00,1,0,0
50576,3.312,61.70,205.00,1,0,0
50578,3.312,61.80,205.00,1,0,0
50581,3.312,62.60,208.00,1,0,1
50583,3.308,62.00,206.00,1,0,1
50586,3.312,146.50,478.00,1,0,1
50588,3.300,62.00,205.00,1,0,1
50601,3.312,72.30,239.00,1,0,1
50603,3.312,62.10,205.00,1,0,1
50606,3.308,61.90,205.00,1,0,1
50608,3.308,61.80,205.00,1,0,1
50611,3.264,115.20,377.00,1,0,0
50613,3.308,62.00,205.00,1,0,0
50616,3.312,62.00,205.00,1,0,0
50618,3.312,62.00,205.00,1,0,0
50620,3.312,62.00,206.00,1,0,1
50623,3.312,61.80,205.00,1,0,1
50625,3.312,61.80,205.00,1,0,1
50628,3.312,61.90,205.00,1,0,1
50630,3.312,142.90,465.00,1,0,0
50633,3.312,62.10,206.00,1,0,0
50645,3.312,63.00,208.00,1,0,1
50648,3.312,62.00,205.00,1,0,1
50650,3.312,62.10,239.00,1,0,0
50653,3.308,62.00,205.00,1,0,0
50655,3.264,122.80,403.00,1,0,0
50658,3.308,61.90,205.00,1,0,0
50660,3.312,61.70,203.00,1,0,1
50663,3.312,62.00,205.00,1,0,1
50665,3.312,62.10,210.00,1,0,1
50668,3.312,106.70,351.00,1,0,1
50670,3.288,98.20,323.00,1,0,0
50673,3.292,90.80,205.00,1,0,0
50675,3.312,96.10,315.00,1,0,0
50678,3.264,68.10,226.00,1,0,0
50690,3.312,61.80,205.00,1,0,0
50693,3.312,61.80,205.00,1,0,0
50695,3.312,61.90,205.00,1,0,0
50698,3.312,62.00,205.00,1,0,0
50700,3.312,110.50,362.00,1,0,1
50703,3.268,107.40,206.00,1,0,1
50705,3.312,62.00,205.00,1,0,1
50708,3.312,61.90,205.00,1,0,1
50710,3.312,61.90,206.00,1,0,0
50713,3.304,61.90,205.00,1,0,0
50715,3.312,62.00,205.00,1,0,0
50717,3.312,62.00,205.00,1,0,0
50720,3.312,61.90,205.00,1,0,1
50722,3.288,122.60,401.00,1,0,1
50735,3.312,61.90,205.00,1,0,0
50738,3.312,61.90,205.00,1,0,0
50740,3.312,61.80,205.00,1,0,1
50742,3.312,140.60,459.00,1,0,1
50745,3.264,69.50,229.00,1,0,1
50747,3.312,62.10,205.00,1,0,1
50750,3.308,62.10,206.00,1,0,0
50752,3.312,62.00,205.00,1,0,0
50755,3.312,61.90,205.00,1,0,0
50757,3.312,61.80,205.00,1,0,0
50760,3.312,61.90,205.00,1,0,1
50762,3.312,62.00,205.00,1,0,1
50765,3.312,119.20,392.00,1,0,1
50767,3.308,62.10,206.00,1,0,1
50780,3.312,61.90,205.00,1,0,1
50782,3.312,62.20,206.00,1,0,1
50785,3.312,62.10,205.00,1,0,1
50787,3.312,140.30,459.00,1,0,1
50790,3.292,62.00,205.00,1,0,0
50792,3.300,61.90,205.00,1,0,0
50795,3.312,61.90,205.00,1,0,0
50797,3.312,62.00,205.00,1,0,0
50800,3.312,62.00,205.00,1,0,1
50802,3.312,62.10,206.00,1,0,1
50805,3.312,62.00,205.00,1,0,1
50807,3.308,61.90,205.00,1,0,1
50810,3.308,62.00,205.00,1,0,0
50812,3.264,87.50,285.00,1,0,0
50825,3.312,62.00,205.00,1,0,1
50827,3.308,62.00,205.00,1,0,1
50830,3.312,62.00,205.00,1,0,0
50832,3.312,141.40,464.00,1,0,0
50835,3.268,69.20,206.00,1,0,0
50837,3.312,61.90,205.00,1,0,0
50839,3.312,61.90,205.00,1,0,1
50842,3.304,62.10,205.00,1,0,1
50844,3.312,62.10,206.00,1,0,1
50847,3.308,62.10,206.00,1,0,1
50849,3.308,62.00,205.00,1,0,0
50856,3.312,134.90,442.00,1,0,0
50859,3.252,75.90,251.00,1,0,0
50861,3.312,63.20,205.00,1,0,1
50864,3.312,62.10,206.00,1,0,1
50866,3.308,62.00,205.00,1,0,1
50869,3.312,62.10,205.00,1,0,1
50871,3.308,62.20,206.00,1,0,0
50874,3.312,98.10,323.00,1,0,0
50876,3.292,97.90,323.00,1,0,0
50889,3.312,61.90,205.00,1,0,1
50891,3.312,63.20,205.00,1,0,0
50894,3.312,62.00,205.00,1,0,0
50896,3.312,61.90,205.00,1,0,0
50899,3.312,61.90,205.00,1,0,0
50901,3.312,105.50,346.00,1,0,1
50903,3.268,64.90,215.00,1,0,1
50906,3.312,62.60,206.00,1,0,1
50908,3.312,62.00,205.00,1,0,1
50911,3.312,71.40,236.00,1,0,0
50913,3.312,61.90,205.00,1,0,0
50916,3.312,61.90,205.00,1,0,0
50918,3.312,62.00,205.00,1,0,0
50921,3.312,62.00,205.00,1,0,1
50933,3.312,61.90,205.00,1,0,0
50936,3.312,61.90,205.00,1,0,0
50938,3.312,62.00,205.00,1,0,0
50941,3.312,62.80,208.00,1,0,1
50943,3.308,135.60,459.00,1,0,1
50946,3.280,63.30,210.00,1,0,1
50948,3.308,62.00,205.00,1,0,1
50951,3.312,62.00,220.00,1,0,0
50953,3.312,61.90,205.00,1,0,0
50956,3.312,61.90,205.00,1,0,0
50958,3.312,61.90,205.00,1,0,0
50961,3.312,71.50,236.00,1,0,1
50963,3.312,62.00,205.00,1,0,1
50966,3.312,62.00,206.00,1,0,1
50978,3.288,92.00,303.00,1,0,0
50981,3.292,92.00,311.00,1,0,1
50983,3.288,91.10,301.00,1,0,1
50986,3.308,62.10,205.00,1,0,1
50988,3.312,62.10,403.00,1,0,1
50991,3.276,68.60,226.00,1,0,0
50993,3.312,62.00,205.00,1,0,0
50996,3.312,61.80,205.00,1,0,0
50998,3.308,61.90,205.00,1,0,0
51000,3.312,61.90,205.00,1,0,1
51003,3.312,62.10,206.00,1,0,1
51005,3.308,62.80,208.00,1,0,1
51008,3.312,62.00,205.00,1,0,1
51010,3.276,125.70,398.00,1,0,0
51023,3.312,62.10,206.00,1,0,1
51025,3.312,62.00,211.00,1,0,1
51028,3.312,62.00,205.00,1,0,1
51030,3.312,61.90,205.00,1,0,0
51033,3.312,61.90,205.00,1,0,0
51035,3.264,142.30,467.00,1,0,0
51038,3.312,62.10,206.00,1,0,0
51040,3.312,62.00,210.00,1,0,1
51043,3.312,62.00,205.00,1,0,1
51045,3.312,61.90,205.00,1,0,1
51048,3.312,62.00,205.00,1,0,1
51050,3.312,62.10,205.00,1,0,0
51053,3.312,62.10,206.00,1,0,0
51055,3.312,62.00,465.00,1,0,0
51068,3.312,62.10,206.00,1,0,1
51070,3.308,64.40,213.00,1,0,0
51073,3.304,61.90,205.00,1,0,0
51075,3.312,61.90,202.00,1,0,0
51078,3.276,110.70,323.00,1,0,0
51080,3.288,98.30,323.00,1,0,1
51083,3.288,86.20,285.00,1,0,1
51085,3.312,62.20,210.00,1,0,1
51088,3.308,62.10,206.00,1,0,1
51090,3.312,62.00,205.00,1,0,0
51093,3.308,62.00,205.00,1,0,0
51095,3.312,61.80,205.00,1,0,0
51097,3.312,61.90,205.00,1,0,0
51100,3.268,132.70,562.00,1,0,1
51113,3.312,61.80,205.00,1,0,0
51115,3.312,61.90,205.00,1,0,0
51118,3.312,62.10,206.00,1,0,0
51120,3.312,62.10,405.00,1,0,1
51122,3.276,62.10,206.00,1,0,1
51125,3.312,62.00,205.00,1,0,1
51127,3.312,61.90,205.00,1,0,1
51130,3.312,61.90,205.00,1,0,0
51132,3.304,61.90,205.00,1,0,0
51135,3.312,62.10,206.00,1,0,0
51137,3.312,62.00,205.00,1,0,0
51140,3.312,61.90,205.00,1,0,1
51142,3.292,158.40,519.00,1,0,1
51145,3.312,62.10,205.00,1,0,1
51157,3.312,61.90,205.00,1,0,0
51160,3.312,61.80,205.00,1,0,1
51162,3.272,144.00,470.00,1,0,1
51165,3.312,62.00,206.00,1,0,1
51167,3.312,62.10,206.00,1,0,1
51170,3.312,62.10,206.00,1,0,0
51172,3.308,62.00,205.00,1,0,0
51175,3.312,61.80,205.00,1,0,0
51177,3.312,61.80,205.00,1,0,0
51180,3.312,61.90,324.00,1,0,1
51182,3.288,103.60,326.00,1,0,1
51185,3.292,92.80,305.00,1,0,1
51187,3.312,62.10,206.00,1,0,1
51190,3.312,62.00,205.00,1,0,0
51202,3.308,62.20,206.00,1,0,1
51205,3.312,62.00,203.00,1,0,1
51207,3.264,139.40,460.00,1,0,1
51210,3.312,62.00,205.00,1,0,0
51212,3.308,61.80,205.00,1,0,0
51215,3.312,62.00,205.00,1,0,0
51217,3.312,62.00,205.00,1,0,0
51219,3.312,62.10,206.00,1,0,1
51222,3.312,62.00,205.00,1,0,1
51224,3.312,61.90,205.00,1,0,1
51227,3.312,61.90,205.00,1,0,1
51229,3.312,140.40,460.00,1,0,0
51232,3.276,142.20,470.00,1,0,0
51234,3.312,62.10,206.00,1,0,0
51247,3.308,61.90,205.00,1,0,1
51249,3.312,62.00,205.00,1,0,0
51252,3.304,62.10,206.00,1,0,0
51254,3.312,96.10,410.00,1,0,0
51257,3.264,61.90,205.00,1,0,0
51259,3.312,61.80,205.00,1,0,1
51262,3.304,61.90,205.00,1,0,1
51264,3.312,62.20,206.00,1,0,1
51267,3.312,62.10,206.00,1,0,1
51269,3.308,62.20,206.00,1,0,0
51272,3.312,61.80,205.00,1,0,0
51274,3.312,61.80,205.00,1,0,0
51277,3.312,61.70,205.00,1,0,0
51279,3.312,112.00,365.00,1,0,1
51292,3.308,75.70,205.00,1,0,0
51294,3.312,61.80,205.00,1,0,0
51297,3.312,62.00,205.00,1,0,0
51299,3.312,62.00,205.00,1,0,1
51302,3.312,62.20,206.00,1,0,1
51304,3.276,123.80,406.00,1,0,1
51307,3.280,62.10,205.00,1,0,1
51309,3.312,61.90,205.00,1,0,0
51312,3.300,62.10,206.00,1,0,0
51314,3.312,62.00,205.00,1,0,0
51316,3.312,62.00,205.00,1,0,0
51319,3.312,62.10,206.00,1,0,1
51321,3.312,71.10,205.00,1,0,1
51324,3.312,89.60,292.00,1,0,1
51337,3.312,62.10,205.00,1,0,0
51339,3.308,61.80,205.00,1,0,1
51342,3.312,62.00,205.00,1,0,1
51344,3.312,61.90,205.00,1,0,1
51346,3.308,118.30,387.00,1,0,1
51349,3.308,62.20,206.00,1,0,1
51351,3.312,72.50,206.00,1,0,0
51354,3.312,61.90,205.00,1,0,0
51356,3.308,61.80,205.00,1,0,0
51359,3.308,61.80,205.00,1,0,0
51361,3.312,62.00,205.00,1,0,1
51364,3.312,62.00,205.00,1,0,1
51366,3.308,62.70,206.00,1,0,1
51369,3.308,62.10,206.00,1,0,1
51381,3.312,69.20,206.00,1,0,1
51384,3.308,62.20,205.00,1,0,1
51386,3.292,99.50,328.00,1,0,1
51389,3.292,93.90,205.00,1,0,1
51391,3.308,70.30,229.00,1,0,0
51394,3.268,121.10,396.00,1,0,0
51396,3.312,61.90,205.00,1,0,0
51399,3.312,62.00,205.00,1,0,0
51401,3.312,63.30,210.00,1,0,1
51404,3.308,62.00,205.00,1,0,1
51406,3.308,61.90,205.00,1,0,1
51409,3.312,61.80,205.00,1,0,1
51411,3.308,62.30,205.00,1,0,0
51413,3.296,127.80,419.00,1,0,0
51426,3.312,61.90,205.00,1,0,1
51429,3.312,61.90,205.00,1,0,1
51431,3.312,68.50,205.00,1,0,0
51434,3.308,61.90,426.00,1,0,0
51436,3.296,83.30,275.00,1,0,0
51439,3.312,61.80,205.00,1,0,0
51441,3.312,61.70,205.00,1,0,1
51443,3.308,61.90,205.00,1,0,1
51446,3.308,63.10,210.00,1,0,1
51448,3.312,62.00,205.00,1,0,1
51451,3.312,75.80,251.00,1,0,0
51453,3.312,61.90,205.00,1,0,0
51456,3.312,61.70,205.00,1,0,0
51458,3.312,122.00,400.00,1,0,0
51471,3.312,68.60,228.00,1,0,0
51473,3.312,61.80,205.00,1,0,0
51476,3.312,61.80,205.00,1,0,0
51478,3.316,61.80,205.00,1,0,0
51481,3.316,95.80,311.00,1,0,1
51483,3.312,62.10,205.00,1,0,1
51486,3.312,61.90,205.00,1,0,1
51488,3.300,98.00,323.00,1,0,1
51491,3.292,98.00,321.00,1,0,0
51493,3.288,87.20,205.00,1,0,0
51496,3.312,61.90,205.00,1,0,0
51498,3.312,61.90,205.00,1,0,0
51501,3.312,61.80,228.00,1,0,1
51503,3.312,61.90,205.00,1,0,1
51516,3.312,61.90,205.00,1,0,0
51518,3.312,61.90,205.00,1,0,0
51521,3.312,61.80,205.00,1,0,1
51523,3.312,61.80,205.00,1,0,1
51526,3.268,127.50,419.00,1,0,1
51528,3.304,62.00,205.00,1,0,1
51531,3.312,74.30,246.00,1,0,0
51533,3.312,64.40,213.00,1,0,0
51536,3.312,61.80,205.00,1,0,0
51538,3.312,61.80,206.00,1,0,0
51540,3.312,62.40,206.00,1,0,1
51543,3.308,61.90,205.00,1,0,1
51545,3.312,61.90,208.00,1,0,1
51548,3.312,119.10,392.00,1,0,1
51561,3.312,71.00,236.00,1,0,1
51563,3.312,62.00,205.00,1,0,1
51565,3.312,61.90,205.00,1,0,1
51568,3.312,62.00,203.00,1,0,1
51570,3.248,121.10,398.00,1,0,0
51573,3.312,61.70,205.00,1,0,0
51575,3.312,61.90,205.00,1,0,0
51578,3.312,61.80,205.00,1,0,0
51580,3.312,61.80,210.00,1,0,1
51583,3.312,61.90,205.00,1,0,1
51585,3.312,61.90,205.00,1,0,1
51588,3.312,61.90,205.00,1,0,1
51590,3.312,106.80,324.00,1,0,0
51593,3.276,97.90,321.00,1,0,0
51605,3.312,62.30,206.00,1,0,1
51608,3.308,62.00,205.00,1,0,1
51610,3.312,62.00,234.00,1,0,0
51613,3.304,61.90,205.00,1,0,0
51615,3.312,61.90,205.00,1,0,0
51618,3.280,147.60,241.00,1,0,0
51620,3.312,62.00,205.00,1,0,1
51623,3.312,62.20,206.00,1,0,1
51625,3.312,62.10,210.00,1,0,1
51628,3.312,62.00,205.00,1,0,1
51630,3.308,62.00,205.00,1,0,0
51633,3.312,61.90,205.00,1,0,0
51635,3.312,62.20,206.00,1,0,0
51637,3.272,119.20,392.00,1,0,0
51650,3.312,62.00,205.00,1,0,0
51653,3.312,62.00,205.00,1,0,0
51655,3.312,61.90,205.00,1,0,0
51658,3.312,61.90,205.00,1,0,0
51660,3.260,131.50,434.00,1,0,1
51662,3.312,62.10,205.00,1,0,1
51665,3.312,62.00,205.00,1,0,1
51667,3.312,62.10,206.00,1,0,1
51670,3.312,62.00,205.00,1,0,0
51672,3.300,61.90,205.00,1,0,0
51675,3.312,62.00,205.00,1,0,0
51677,3.312,61.80,205.00,1,0,0
51680,3.312,105.10,342.00,1,0,1
51682,3.284,62.20,206.00,1,0,1
51695,3.292,98.20,323.00,1,0,0
51697,3.288,62.20,206.00,1,0,0
51700,3.312,61.90,205.00,1,0,1
51702,3.312,62.10,206.00,1,0,1
51705,3.312,140.60,459.00,1,0,1
51707,3.300,62.20,206.00,1,0,1
51710,3.312,62.10,206.00,1,0,0
51712,3.312,62.00,205.00,1,0,0
51715,3.312,61.90,205.00,1,0,0
51717,3.312,61.90,205.00,1,0,0
51720,3.312,62.10,206.00,1,0,1
51722,3.312,62.10,206.00,1,0,1
51725,3.312,62.00,205.00,1,0,1
51727,3.312,62.00,205.00,1,0,1
51740,3.308,61.90,205.00,1,0,1
51742,3.308,62.10,206.00,1,0,1
51745,3.312,62.00,205.00,1,0,1
51747,3.308,62.00,205.00,1,0,1
51750,3.312,62.00,203.00,1,0,0
51752,3.256,143.50,206.00,1,0,0
51755,3.312,62.00,205.00,1,0,0
51757,3.312,62.00,205.00,1,0,0
51759,3.312,61.90,205.00,1,0,1
51762,3.312,61.90,205.00,1,0,1
51764,3.312,62.00,205.00,1,0,1
51767,3.308,62.00,206.00,1,0,1
51769,3.312,62.10,206.00,1,0,0
51772,3.264,119.20,392.00,1,0,0
51784,3.312,62.10,206.00,1,0,1
51787,3.312,62.20,205.00,1,0,1
51789,3.312,62.00,205.00,1,0,0
51792,3.312,142.00,464.00,1,0,0
51794,3.304,91.50,301.00,1,0,0
51797,3.292,98.30,326.00,1,0,0
51799,3.292,62.00,205.00,1,0,1
51802,3.300,62.30,206.00,1,0,1
51804,3.312,62.10,206.00,1,0,1
51807,3.312,62.00,205.00,1,0,1
51809,3.312,61.90,205.00,1,0,0
51812,3.312,77.60,205.00,1,0,0
51814,3.312,138.60,457.00,1,0,0
51817,3.312,62.00,205.00,1,0,0
51829,3.312,61.90,205.00,1,0,0
51832,3.304,64.40,205.00,1,0,0
51834,3.312,142.90,467.00,1,0,0
51837,3.312,62.10,206.00,1,0,0
51839,3.312,62.00,205.00,1,0,1
51842,3.308,61.90,205.00,1,0,1
51844,3.308,61.90,205.00,1,0,1
51847,3.312,61.90,205.00,1,0,1
51849,3.312,62.00,205.00,1,0,0
51852,3.312,62.10,206.00,1,0,0
51854,3.312,62.00,205.00,1,0,0
51856,3.312,61.90,205.00,1,0,0
51859,3.312,146.10,477.00,1,0,0
51861,3.292,65.30,216.00,1,0,1
51874,3.312,61.90,205.00,1,0,0
51877,3.312,61.80,205.00,1,0,0
51879,3.312,61.80,205.00,1,0,1
51881,3.308,140.90,460.00,1,0,1
51884,3.288,62.20,206.00,1,0,1
51886,3.312,62.20,206.00,1,0,1
51889,3.312,62.10,205.00,1,0,1
51891,3.312,73.50,205.00,1,0,0
51894,3.312,61.80,205.00,1,0,0
51896,3.312,80.70,265.00,1,0,0
51899,3.292,98.50,324.00,1,0,0
51901,3.296,100.40,292.00,1,0,1
51904,3.312,62.20,203.00,1,0,1
51906,3.280,141.40,467.00,1,0,1
51919,3.312,62.10,206.00,1,0,0
51921,3.312,72.30,206.00,1,0,1
51924,3.312,61.90,205.00,1,0,1
51926,3.312,62.00,203.00,1,0,1
51929,3.264,93.50,205.00,1,0,1
51931,3.312,62.00,205.00,1,0,0
51934,3.312,62.00,205.00,1,0,0
51936,3.312,62.10,205.00,1,0,0
51939,3.312,61.90,205.00,1,0,0
51941,3.312,61.90,205.00,1,0,1
51944,3.308,61.90,205.00,1,0,1
51946,3.312,62.00,205.00,1,0,1
51949,3.308,62.10,206.00,1,0,1
51951,3.284,124.20,406.00,1,0,0
51964,3.312,62.00,205.00,1,0,1
51966,3.308,63.10,206.00,1,0,1
51969,3.312,62.10,206.00,1,0,1
51971,3.312,74.30,246.00,1,0,0
51974,3.312,61.80,205.00,1,0,0
51976,3.312,119.10,392.00,1,0,0
51978,3.312,61.80,205.00,1,0,0
51981,3.312,63.30,206.00,1,0,1
51983,3.312,62.20,206.00,1,0,1
51986,3.308,63.10,210.00,1,0,1
51988,3.312,62.00,205.00,1,0,1
51991,3.312,72.30,239.00,1,0,0
51993,3.312,61.80,205.00,1,0,0
51996,3.312,61.80,203.00,1,0,0
52008,3.312,61.90,205.00,1,0,1
52011,3.312,61.90,216.00,1,0,0
52013,3.312,62.00,205.00,1,0,0
52016,3.312,62.00,205.00,1,0,0
52018,3.312,62.10,205.00,1,0,0
52021,3.312,140.10,459.00,1,0,1
52023,3.248,72.90,241.00,1,0,1
52026,3.308,61.90,205.00,1,0,1
52028,3.312,61.90,205.00,1,0,1
52031,3.312,63.40,210.00,1,0,0
52033,3.312,62.00,206.00,1,0,0
52036,3.312,62.10,206.00,1,0,0
52038,3.312,61.80,205.00,1,0,0
52041,3.312,61.80,208.00,1,0,1
52053,3.312,62.00,205.00,1,0,0
52056,3.312,61.80,205.00,1,0,0
52058,3.312,61.80,205.00,1,0,0
52061,3.312,61.70,205.00,1,0,1
52063,3.312,62.00,326.00,1,0,1
52066,3.260,70.70,234.00,1,0,1
52068,3.308,62.20,206.00,1,0,1
52071,3.312,62.00,244.00,1,0,0
52073,3.312,61.70,205.00,1,0,0
52076,3.312,61.90,205.00,1,0,0
52078,3.312,61.90,205.00,1,0,0
52080,3.312,62.70,208.00,1,0,1
52083,3.312,62.10,206.00,1,0,1
52085,3.312,86.80,451.00,1,0,1
52098,3.312,62.00,205.00,1,0,0
52101,3.312,62.00,241.00,1,0,1
52103,3.284,99.20,326.00,1,0,1
52105,3.292,96.50,318.00,1,0,1
52108,3.308,61.90,203.00,1,0,1
52110,3.288,136.00,446.00,1,0,0
52113,3.312,62.00,205.00,1,0,0
52115,3.312,62.00,205.00,1,0,0
52118,3.312,62.00,205.00,1,0,0
52120,3.312,61.90,205.00,1,0,1
52123,3.312,61.80,205.00,1,0,1
52125,3.312,61.80,205.00,1,0,1
52128,3.308,62.00,205.00,1,0,1
52130,3.308,136.30,411.00,1,0,0
52143,3.312,61.90,205.00,1,0,1
52145,3.312,63.00,208.00,1,0,1
52148,3.308,64.70,215.00,1,0,1
52150,3.308,62.10,247.00,1,0,0
52153,3.312,62.00,203.00,1,0,0
52155,3.292,131.70,433.00,1,0,0
52158,3.312,61.80,205.00,1,0,0
52160,3.312,61.90,216.00,1,0,1
52163,3.304,62.10,206.00,1,0,1
52165,3.308,62.10,206.00,1,0,1
52168,3.308,62.10,205.00,1,0,1
52170,3.308,62.00,205.00,1,0,0
52173,3.312,61.80,205.00,1,0,0
52175,3.312,61.70,205.00,1,0,0
52188,3.308,62.00,205.00,1,0,1
52190,3.308,61.80,203.00,1,0,0
52193,3.308,61.80,205.00,1,0,0
52195,3.312,61.80,205.00,1,0,0
52198,3.312,62.00,203.00,1,0,0
52200,3.264,69.50,229.00,1,0,1
52202,3.312,62.10,206.00,1,0,1
52205,3.288,98.40,331.00,1,0,1
52207,3.280,93.60,308.00,1,0,1
52210,3.312,62.00,205.00,1,0,0
52212,3.300,62.00,205.00,1,0,0
52215,3.312,62.00,205.00,1,0,0
52217,3.312,62.00,205.00,1,0,0
52220,3.312,62.00,405.00,1,0,1
52232,3.312,62.10,205.00,1,0,0
52235,3.308,62.00,205.00,1,0,0
52237,3.312,61.90,205.00,1,0,0
52240,3.312,61.90,205.00,1,0,1
52242,3.308,62.00,205.00,1,0,1
52245,3.304,135.00,442.00,1,0,1
52247,3.268,108.80,206.00,1,0,1
52250,3.312,64.80,215.00,1,0,0
52252,3.312,62.00,205.00,1,0,0
52255,3.312,61.90,205.00,1,0,0
52257,3.312,61.80,205.00,1,0,0
52260,3.312,62.00,205.00,1,0,1
52262,3.308,62.00,205.00,1,0,1
52265,3.308,62.10,205.00,1,0,1
52277,3.312,61.90,205.00,1,0,0
52280,3.312,62.00,205.00,1,0,1
52282,3.312,62.10,205.00,1,0,1
52285,3.308,62.10,205.00,1,0,1
52287,3.308,62.00,205.00,1,0,1
52290,3.312,62.00,205.00,1,0,0
52292,3.304,61.90,423.00,1,0,0
52295,3.264,62.00,205.00,1,0,0
52297,3.312,62.00,205.00,1,0,0
52299,3.312,61.90,205.00,1,0,1
52302,3.308,62.10,205.00,1,0,1
52304,3.308,62.00,205.00,1,0,1
52307,3.292,98.20,323.00,1,0,1
52309,3.292,98.50,326.00,1,0,0
52322,3.308,62.00,206.00,1,0,1
52324,3.312,62.00,205.00,1,0,1
52327,3.312,62.00,205.00,1,0,1
52329,3.312,62.00,206.00,1,0,0
52332,3.312,61.90,205.00,1,0,0
52334,3.312,61.90,205.00,1,0,0
52337,3.312,61.90,205.00,1,0,0
52339,3.312,61.90,205.00,1,0,1
52342,3.308,127.40,418.00,1,0,1
52344,3.276,105.30,206.00,1,0,1
52347,3.312,62.00,205.00,1,0,1
52349,3.308,62.00,205.00,1,0,0
52352,3.304,68.00,215.00,1,0,0
52354,3.308,62.00,205.00,1,0,0
52367,3.308,62.10,205.00,1,0,1
52369,3.312,62.10,205.00,1,0,0
52372,3.300,62.00,205.00,1,0,0
52374,3.312,61.90,205.00,1,0,0
52377,3.312,61.90,205.00,1,0,0
52379,3.312,61.90,205.00,1,0,1
52382,3.312,62.00,205.00,1,0,1
52384,3.308,62.00,205.00,1,0,1
52387,3.308,62.00,205.00,1,0,1
52389,3.276,114.40,318.00,1,0,0
52392,3.312,62.00,205.00,1,0,0
52394,3.312,61.90,205.00,1,0,0
52396,3.312,61.90,205.00,1,0,0
52399,3.312,61.90,205.00,1,0,0
52412,3.292,113.10,308.00,1,0,0
52414,3.284,61.90,205.00,1,0,0
52417,3.312,61.90,205.00,1,0,0
52419,3.312,62.00,205.00,1,0,1
52421,3.312,62.00,205.00,1,0,1
52424,3.308,62.00,205.00,1,0,1
52426,3.312,62.80,205.00,1,0,1
52429,3.308,61.90,203.00,1,0,1
52431,3.248,130.30,428.00,1,0,0
52434,3.308,62.00,205.00,1,0,0
52436,3.312,62.10,205.00,1,0,0
52439,3.312,61.90,205.00,1,0,0
52441,3.312,63.20,205.00,1,0,1
52444,3.308,62.00,205.00,1,0,1
52456,3.276,141.10,206.00,1,0,0
52459,3.312,62.00,205.00,1,0,0
52461,3.312,71.20,236.00,1,0,1
52464,3.308,62.00,205.00,1,0,1
52466,3.312,62.00,205.00,1,0,1
52469,3.308,62.20,206.00,1,0,1
52471,3.308,63.80,205.00,1,0,0
52474,3.312,61.90,205.00,1,0,0
52476,3.312,61.90,205.00,1,0,0
52479,3.268,110.60,464.00,1,0,0
52481,3.280,62.00,205.00,1,0,1
52484,3.308,62.00,205.00,1,0,1
52486,3.312,63.20,205.00,1,0,1
52489,3.308,62.00,205.00,1,0,1
52501,3.276,62.10,206.00,1,0,0
52504,3.312,62.00,205.00,1,0,0
52506,3.308,63.10,205.00,1,0,1
52509,3.312,62.00,205.00,1,0,1
52511,3.308,114.10,375.00,1,0,1
52514,3.288,97.10,319.00,1,0,1
52516,3.292,92.30,218.00,1,0,0
52518,3.312,62.10,206.00,1,0,0
52521,3.312,62.00,205.00,1,0,0
52523,3.312,61.90,410.00,1,0,0
52526,3.264,68.30,226.00,1,0,1
52528,3.312,62.00,205.00,1,0,1
52531,3.312,62.00,205.00,1,0,1
52533,3.308,62.10,206.00,1,0,1
52546,3.308,136.50,449.00,1,0,1
52548,3.308,62.00,205.00,1,0,1
52551,3.312,63.30,206.00,1,0,1
52553,3.308,62.10,206.00,1,0,1
52556,3.312,72.40,239.00,1,0,0
52558,3.308,61.90,205.00,1,0,0
52561,3.312,61.80,205.00,1,0,0
52563,3.312,61.90,205.00,1,0,0
52566,3.308,61.90,205.00,1,0,1
52568,3.312,62.20,205.00,1,0,1
52571,3.300,122.30,400.00,1,0,1
52573,3.312,62.10,206.00,1,0,1
52576,3.312,61.90,252.00,1,0,0
52578,3.308,61.90,205.00,1,0,0
52591,3.312,62.10,206.00,1,0,1
52593,3.312,143.70,469.00,1,0,1
52596,3.304,62.00,215.00,1,0,0
52598,3.312,61.90,205.00,1,0,0
52601,3.312,62.10,206.00,1,0,0
52603,3.312,62.10,206.00,1,0,0
52606,3.312,62.70,208.00,1,0,1
52608,3.312,61.90,205.00,1,0,1
52611,3.312,61.90,205.00,1,0,1
52613,3.312,62.00,329.00,1,0,1
52615,3.288,100.10,328.00,1,0,0
52618,3.292,95.00,313.00,1,0,0
52620,3.288,62.10,205.00,1,0,0
52623,3.312,61.90,205.00,1,0,0
52636,3.308,68.70,228.00,1,0,0
52638,3.312,61.90,205.00,1,0,0
52641,3.272,119.30,357.00,1,0,0
52643,3.312,61.70,205.00,1,0,0
52645,3.312,61.70,205.00,1,0,1
52648,3.312,61.90,205.00,1,0,1
52650,3.308,63.10,210.00,1,0,1
52653,3.308,62.00,205.00,1,0,1
52655,3.312,61.90,251.00,1,0,0
52658,3.308,61.70,205.00,1,0,0
52660,3.308,61.70,205.00,1,0,0
52663,3.312,139.80,495.00,1,0,0
52665,3.264,63.20,210.00,1,0,1
52668,3.308,62.10,205.00,1,0,1
52680,3.312,61.90,205.00,1,0,0
52683,3.308,61.90,205.00,1,0,0
52685,3.308,91.00,469.00,1,0,1
52688,3.272,62.10,206.00,1,0,1
52690,3.312,61.90,205.00,1,0,1
52693,3.308,61.90,205.00,1,0,1
52695,3.312,61.80,203.00,1,0,0
52698,3.312,61.90,205.00,1,0,0
52700,3.312,62.00,205.00,1,0,0
52703,3.312,62.00,205.00,1,0,0
52705,3.312,61.80,205.00,1,0,1
52708,3.308,61.70,205.00,1,0,1
52710,3.312,119.50,392.00,1,0,1
52712,3.308,61.90,205.00,1,0,1
52725,3.312,61.70,205.00,1,0,1
52728,3.312,61.80,205.00,1,0,1
52730,3.308,61.80,437.00,1,0,1
52733,3.268,107.00,354.00,1,0,1
52735,3.308,62.10,205.00,1,0,0
52738,3.304,62.00,205.00,1,0,0
52740,3.312,61.70,205.00,1,0,0
52742,3.312,61.80,205.00,1,0,0
52745,3.312,61.70,206.00,1,0,1
52747,3.296,62.00,205.00,1,0,1
52750,3.308,62.00,205.00,1,0,1
52752,3.308,62.00,205.00,1,0,1
52755,3.288,137.50,452.00,1,0,0
52757,3.312,61.80,205.00,1,0,0
52770,3.308,62.00,205.00,1,0,1
52772,3.308,61.80,205.00,1,0,1
52775,3.312,61.80,203.00,1,0,0
52777,3.292,119.40,392.00,1,0,0
52780,3.312,61.80,205.00,1,0,0
52782,3.312,61.90,205.00,1,0,0
52785,3.308,61.90,205.00,1,0,1
52787,3.308,61.90,205.00,1,0,1
52790,3.312,61.70,205.00,1,0,1
52792,3.312,61.70,205.00,1,0,1
52795,3.312,61.80,205.00,1,0,0
52797,3.300,61.90,482.00,1,0,0
52800,3.288,62.00,205.00,1,0,0
52802,3.312,62.10,206.00,1,0,0
52815,3.312,61.90,205.00,1,0,0
52817,3.308,61.90,205.00,1,0,0
52820,3.288,111.30,323.00,1,0,0
52822,3.292,95.00,313.00,1,0,0
52825,3.312,61.80,205.00,1,0,1
52827,3.308,61.90,205.00,1,0,1
52830,3.312,62.10,206.00,1,0,1
52832,3.308,62.00,205.00,1,0,1
52835,3.312,62.10,205.00,1,0,0
52837,3.312,61.90,205.00,1,0,0
52839,3.312,140.20,459.00,1,0,0
52842,3.280,61.90,205.00,1,0,0
52844,3.312,61.90,205.00,1,0,1
52847,3.308,62.00,205.00,1,0,1
52864,3.312,62.00,206.00,1,0,1
52867,3.312,62.20,206.00,1,0,1
52869,3.312,62.90,208.00,1,0,1
52872,3.312,62.00,205.00,1,0,1
52874,3.312,61.90,205.00,1,0,0
52877,3.300,61.90,205.00,1,0,0
52879,3.312,61.90,205.00,1,0,0
52882,3.312,62.00,472.00,1,0,0
52884,3.264,62.10,206.00,1,0,1
52886,3.308,62.10,206.00,1,0,1
52889,3.312,61.90,205.00,1,0,1
52891,3.312,61.80,205.00,1,0,1
52894,3.312,61.90,205.00,1,0,1
52896,3.312,67.30,205.00,1,0,0
52909,3.312,62.00,205.00,1,0,1
52911,3.312,61.90,205.00,1,0,1
52914,3.312,62.00,205.00,1,0,1
52916,3.312,74.30,205.00,1,0,0
52919,3.308,62.00,205.00,1,0,0
52921,3.284,98.00,323.00,1,0,0
52924,3.292,97.80,300.00,1,0,0
52926,3.304,62.00,205.00,1,0,1
52929,3.292,123.50,405.00,1,0,1
52931,3.304,63.60,205.00,1,0,1
52934,3.312,61.90,205.00,1,0,1
52936,3.308,74.40,246.00,1,0,0
52939,3.312,61.70,205.00,1,0,0
52941,3.312,61.70,205.00,1,0,0
52954,3.312,62.10,205.00,1,0,1
52956,3.312,61.80,205.00,1,0,0
52959,3.312,61.80,205.00,1,0,0
52961,3.312,61.80,205.00,1,0,0
52964,3.312,62.00,205.00,1,0,0
52966,3.312,62.00,205.00,1,0,1
52969,3.308,62.00,457.00,1,0,1
52971,3.292,140.50,464.00,1,0,1
52974,3.312,62.00,205.00,1,0,1
52976,3.308,64.20,205.00,1,0,0
52979,3.312,61.80,205.00,1,0,0
52981,3.312,61.90,205.00,1,0,0
52983,3.312,61.80,205.00,1,0,0
52986,3.308,62.20,206.00,1,0,1
52999,3.308,61.90,205.00,1,0,0
53001,3.312,61.90,205.00,1,0,0
53004,3.312,61.80,205.00,1,0,0
53006,3.312,61.70,205.00,1,0,1
53008,3.308,61.90,205.00,1,0,1
53011,3.312,62.60,208.00,1,0,1
53013,3.312,62.00,401.00,1,0,1
53016,3.276,72.70,241.00,1,0,0
53018,3.312,62.00,205.00,1,0,0
53021,3.312,61.80,205.00,1,0,0
53023,3.312,97.40,321.00,1,0,0
53026,3.288,99.60,328.00,1,0,1
53028,3.288,78.70,205.00,1,0,1
53031,3.308,62.00,205.00,1,0,1
53043,3.312,61.90,205.00,1,0,0
53046,3.312,72.90,241.00,1,0,1
53048,3.308,62.00,205.00,1,0,1
53051,3.308,62.10,205.00,1,0,1
53053,3.312,62.00,205.00,1,0,1
53056,3.312,62.60,206.00,1,0,0
53058,3.312,61.90,205.00,1,0,0
53061,3.312,122.00,400.00,1,0,0
53063,3.284,62.00,205.00,1,0,0
53066,3.312,61.90,205.00,1,0,1
53068,3.312,62.00,205.00,1,0,1
53071,3.308,62.00,205.00,1,0,1
53073,3.312,61.90,205.00,1,0,1
53076,3.308,69.40,229.00,1,0,0
53088,3.312,62.10,205.00,1,0,1
53091,3.312,62.80,208.00,1,0,1
53093,3.308,62.00,205.00,1,0,1
53096,3.312,62.00,244.00,1,0,0
53098,3.312,61.90,205.00,1,0,0
53101,3.312,61.90,205.00,1,0,0
53103,3.300,122.70,465.00,1,0,0
53105,3.308,66.80,221.00,1,0,1
53108,3.312,62.10,206.00,1,0,1
53110,3.308,62.00,208.00,1,0,1
53113,3.308,61.90,205.00,1,0,1
53115,3.308,62.00,205.00,1,0,0
53118,3.312,61.90,205.00,1,0,0
53120,3.312,62.00,205.00,1,0,0
53133,3.308,62.10,205.00,1,0,1
53135,3.308,62.10,205.00,1,0,0
53138,3.312,62.00,205.00,1,0,0
53140,3.312,61.80,205.00,1,0,0
53143,3.308,61.90,205.00,1,0,0
53145,3.308,61.80,205.00,1,0,1
53148,3.312,61.90,203.00,1,0,1
53150,3.288,119.30,392.00,1,0,1
53153,3.308,62.20,206.00,1,0,1
53155,3.308,62.00,218.00,1,0,0
53158,3.304,61.90,205.00,1,0,0
53160,3.308,61.90,205.00,1,0,0
53163,3.312,61.80,205.00,1,0,0
53165,3.312,61.90,205.00,1,0,1
53178,3.308,61.90,205.00,1,0,0
53180,3.308,61.90,205.00,1,0,0
53183,3.308,62.00,205.00,1,0,0
53185,3.312,62.90,208.00,1,0,1
53188,3.312,62.10,206.00,1,0,1
53190,3.308,62.00,205.00,1,0,1
53193,3.312,61.90,205.00,1,0,1
53195,3.312,159.80,523.00,1,0,0
53198,3.312,62.00,205.00,1,0,0
53200,3.312,62.00,205.00,1,0,0
53202,3.312,62.00,205.00,1,0,0
53205,3.312,62.00,205.00,1,0,1
53207,3.308,62.00,205.00,1,0,1
53210,3.308,61.80,205.00,1,0,1
53223,3.312,62.00,205.00,1,0,0
53225,3.312,61.90,205.00,1,0,1
53227,3.312,61.90,326.00,1,0,1
53230,3.292,96.50,318.00,1,0,1
53232,3.288,79.20,262.00,1,0,1
53235,3.312,62.20,482.00,1,0,0
53237,3.260,62.10,206.00,1,0,0
53240,3.312,62.00,205.00,1,0,0
53242,3.312,61.90,205.00,1,0,0
53245,3.312,61.90,205.00,1,0,1
53247,3.308,62.00,205.00,1,0,1
53250,3.312,62.00,205.00,1,0,1
53252,3.312,62.20,206.00,1,0,1
53255,3.312,62.10,206.00,1,0,0
53267,3.308,62.20,206.00,1,0,1
53270,3.312,62.10,205.00,1,0,1
53272,3.308,62.10,206.00,1,0,1
53275,3.312,61.90,205.00,1,0,0
53277,3.312,61.80,205.00,1,0,0
53280,3.312,90.10,439.00,1,0,0
53282,3.272,62.10,206.00,1,0,0
53285,3.312,62.10,206.00,1,0,1
53287,3.308,62.20,206.00,1,0,1
53290,3.308,62.20,206.00,1,0,1
53292,3.312,62.00,205.00,1,0,1
53295,3.312,61.90,205.00,1,0,0
53297,3.304,67.20,205.00,1,0,0
53299,3.312,62.10,206.00,1,0,0
53312,3.312,61.90,205.00,1,0,1
53315,3.312,62.00,205.00,1,0,0
53317,3.300,62.10,206.00,1,0,0
53320,3.312,62.00,205.00,1,0,0
53322,3.312,62.00,205.00,1,0,0
53324,3.312,61.80,431.00,1,0,1
53327,3.268,63.90,211.00,1,0,1
53329,3.312,62.00,205.00,1,0,1
53332,3.288,98.30,319.00,1,0,1
53334,3.292,91.20,301.00,1,0,0
53337,3.304,62.10,206.00,1,0,0
53339,3.312,61.90,205.00,1,0,0
53342,3.312,61.80,205.00,1,0,0
53344,3.312,61.80,205.00,1,0,1
53357,3.312,61.80,205.00,1,0,0
53359,3.312,61.80,205.00,1,0,0
53362,3.312,61.80,205.00,1,0,0
53364,3.312,62.00,205.00,1,0,1
53367,3.312,62.10,206.00,1,0,1
53369,3.312,62.10,205.00,1,0,1
53372,3.308,62.00,205.00,1,0,1
53374,3.276,119.80,392.00,1,0,0
53377,3.308,71.70,205.00,1,0,0
53379,3.312,61.90,205.00,1,0,0
53382,3.312,62.80,208.00,1,0,0
53384,3.312,62.10,206.00,1,0,1
53387,3.312,62.00,205.00,1,0,1
53389,3.312,61.90,205.00,1,0,1
53402,3.312,62.10,206.00,1,0,0
53404,3.308,62.00,205.00,1,0,1
53407,3.312,69.00,205.00,1,0,1
53409,3.312,61.90,205.00,1,0,1
53412,3.308,61.90,205.00,1,0,1
53414,3.312,62.00,205.00,1,0,0
53417,3.308,62.00,203.00,1,0,0
53419,3.276,95.80,315.00,1,0,0
53421,3.308,62.00,205.00,1,0,0
53424,3.312,61.80,205.00,1,0,0
53426,3.308,62.00,205.00,1,0,1
53429,3.308,61.90,206.00,1,0,1
53431,3.312,62.10,206.00,1,0,1
53434,3.292,98.60,324.00,1,0,1
53447,3.312,62.10,206.00,1,0,1
53449,3.308,62.10,206.00,1,0,1
53451,3.312,63.20,206.00,1,0,1
53454,3.308,62.00,205.00,1,0,1
53456,3.308,74.30,246.00,1,0,0
53459,3.312,61.80,205.00,1,0,0
53461,3.312,61.80,205.00,1,0,0
53464,3.312,62.00,205.00,1,0,0
53466,3.268,147.20,541.00,1,0,1
53469,3.304,62.20,206.00,1,0,1
53471,3.308,62.00,205.00,1,0,1
53474,3.312,61.90,205.00,1,0,1
53476,3.308,64.40,213.00,1,0,0
53479,3.312,62.20,206.00,1,0,0
53491,3.268,95.00,311.00,1,0,1
53494,3.312,62.00,205.00,1,0,1
53496,3.312,63.40,205.00,1,0,0
53499,3.312,62.00,205.00,1,0,0
53501,3.312,62.10,206.00,1,0,0
53504,3.312,62.00,205.00,1,0,0
53506,3.308,61.90,205.00,1,0,1
53509,3.308,61.90,205.00,1,0,1
53511,3.312,61.90,205.00,1,0,1
53514,3.304,140.10,464.00,1,0,1
53516,3.308,70.50,233.00,1,0,0
53518,3.312,62.10,205.00,1,0,0
53521,3.312,61.90,205.00,1,0,0
53523,3.312,61.80,205.00,1,0,0
53536,3.292,111.70,367.00,1,0,0
53539,3.292,97.80,308.00,1,0,0
53541,3.288,61.90,205.00,1,0,0
53544,3.312,61.90,205.00,1,0,0
53546,3.308,63.40,210.00,1,0,1
53548,3.308,62.10,205.00,1,0,1
53551,3.308,63.40,210.00,1,0,1
53553,3.308,62.00,205.00,1,0,1
53556,3.308,62.00,226.00,1,0,0
53558,3.312,61.90,205.00,1,0,0
53561,3.264,144.00,470.00,1,0,0
53563,3.312,62.00,206.00,1,0,0
53566,3.312,63.40,210.00,1,0,1
53568,3.312,62.00,205.00,1,0,1
53581,3.312,62.00,205.00,1,0,0
53583,3.312,76.80,472.00,1,0,0
53586,3.276,69.00,228.00,1,0,1
53588,3.308,62.10,206.00,1,0,1
53591,3.308,62.00,205.00,1,0,1
53593,3.308,62.00,205.00,1,0,1
53596,3.308,66.90,221.00,1,0,0
53598,3.312,62.00,205.00,1,0,0
53601,3.308,62.10,205.00,1,0,0
53603,3.308,62.00,205.00,1,0,0
53606,3.312,61.80,203.00,1,0,1
53608,3.268,128.70,349.00,1,0,1
53611,3.312,63.40,210.00,1,0,1
53613,3.308,62.10,205.00,1,0,1
53626,3.308,62.70,208.00,1,0,1
53628,3.288,130.80,218.00,1,0,1
53631,3.308,63.30,210.00,1,0,1
53633,3.312,62.00,205.00,1,0,1
53636,3.308,62.10,233.00,1,0,0
53638,3.312,97.70,321.00,1,0,0
53641,3.276,99.30,328.00,1,0,0
53643,3.308,61.90,205.00,1,0,0
53645,3.312,71.70,238.00,1,0,1
53648,3.308,140.00,459.00,1,0,1
53650,3.284,62.10,205.00,1,0,1
53653,3.308,62.00,205.00,1,0,1
53655,3.308,61.80,203.00,1,0,0
53658,3.312,61.90,205.00,1,0,0
53670,3.308,61.90,205.00,1,0,1
53673,3.292,122.70,470.00,1,0,1
53675,3.308,63.80,211.00,1,0,0
53678,3.308,61.80,205.00,1,0,0
53680,3.312,61.90,205.00,1,0,0
53683,3.312,61.90,205.00,1,0,0
53685,3.312,61.90,205.00,1,0,1
53688,3.308,62.00,208.00,1,0,1
53690,3.312,62.60,206.00,1,0,1
53693,3.308,62.00,205.00,1,0,1
53695,3.276,122.60,551.00,1,0,0
53698,3.292,61.90,205.00,1,0,0
53700,3.312,61.80,205.00,1,0,0
53703,3.312,61.90,205.00,1,0,0
53715,3.308,61.90,205.00,1,0,0
53718,3.312,62.00,205.00,1,0,0
53720,3.312,122.80,405.00,1,0,0
53723,3.312,61.90,205.00,1,0,0
53725,3.312,61.80,208.00,1,0,1
53728,3.312,61.90,205.00,1,0,1
53730,3.308,62.00,205.00,1,0,1
53733,3.308,61.90,205.00,1,0,1
53735,3.308,62.00,205.00,1,0,0
53738,3.312,61.80,205.00,1,0,0
53740,3.312,79.60,318.00,1,0,0
53742,3.292,98.00,323.00,1,0,0
53745,3.288,91.00,300.00,1,0,1
53747,3.308,61.80,205.00,1,0,1
53760,3.312,61.70,205.00,1,0,0
53763,3.312,61.80,205.00,1,0,0
53765,3.308,140.10,457.00,1,0,1
53767,3.300,62.10,206.00,1,0,1
53770,3.312,62.00,205.00,1,0,1
53772,3.308,61.90,205.00,1,0,1
53775,3.308,61.90,205.00,1,0,0
53777,3.308,61.80,205.00,1,0,0
53780,3.312,61.80,205.00,1,0,0
53782,3.312,61.80,205.00,1,0,0
53785,3.312,61.80,205.00,1,0,1
53787,3.308,62.00,205.00,1,0,1
53790,3.264,128.00,421.00,1,0,1
53792,3.312,61.90,205.00,1,0,1
53805,3.312,61.90,205.00,1,0,1
53807,3.312,61.90,205.00,1,0,1
53810,3.312,61.90,205.00,1,0,1
53812,3.280,143.50,469.00,1,0,1
53815,3.312,61.90,205.00,1,0,0
53817,3.304,61.80,205.00,1,0,0
53820,3.312,61.90,205.00,1,0,0
53822,3.312,61.80,205.00,1,0,0
53825,3.312,61.80,205.00,1,0,1
53827,3.312,61.90,205.00,1,0,1
53830,3.308,61.80,205.00,1,0,1
53832,3.308,61.90,205.00,1,0,1
53835,3.308,61.90,205.00,1,0,0
53837,3.268,137.90,367.00,1,0,0
53850,3.308,62.00,205.00,1,0,1
53852,3.308,62.10,206.00,1,0,1
53855,3.312,62.00,205.00,1,0,0
53857,3.296,61.80,205.00,1,0,0
53860,3.312,61.80,287.00,1,0,0
53862,3.276,120.60,398.00,1,0,0
53864,3.312,62.00,205.00,1,0,1
53867,3.308,62.00,205.00,1,0,1
53869,3.312,62.10,206.00,1,0,1
53872,3.312,61.90,205.00,1,0,1
53874,3.312,61.90,205.00,1,0,0
53877,3.312,61.90,205.00,1,0,0
53879,3.312,61.80,205.00,1,0,0
53882,3.312,61.90,205.00,1,0,0
53894,3.312,61.90,205.00,1,0,0
53897,3.308,61.80,205.00,1,0,0
53899,3.312,61.90,205.00,1,0,0
53902,3.312,62.00,205.00,1,0,0
53904,3.312,61.90,203.00,1,0,1
53907,3.288,138.10,457.00,1,0,1
53909,3.308,62.00,205.00,1,0,1
53912,3.312,61.90,205.00,1,0,1
53914,3.312,62.00,205.00,1,0,0
53917,3.304,62.60,208.00,1,0,0
53919,3.312,62.00,205.00,1,0,0
53922,3.312,61.90,205.00,1,0,0
53924,3.312,61.90,205.00,1,0,1
53927,3.312,140.90,475.00,1,0,1
53939,3.312,61.80,205.00,1,0,0
53942,3.312,61.90,205.00,1,0,0
53944,3.312,61.70,203.00,1,0,1
53947,3.284,101.60,324.00,1,0,1
53949,3.292,68.30,224.00,1,0,1
53952,3.276,146.30,482.00,1,0,1
53954,3.308,62.20,206.00,1,0,0
53957,3.312,71.50,205.00,1,0,0
53959,3.312,61.80,205.00,1,0,0
53961,3.312,61.80,205.00,1,0,0
53964,3.312,61.80,205.00,1,0,0
53966,3.312,62.10,206.00,1,0,1
53969,3.308,62.20,206.00,1,0,1
53971,3.308,62.70,205.00,1,0,1
53984,3.312,62.00,206.00,1,0,1
53986,3.312,62.00,205.00,1,0,1
53989,3.312,62.00,205.00,1,0,1
53991,3.308,65.40,205.00,1,0,1
53994,3.312,61.90,205.00,1,0,1
53996,3.304,66.90,221.00,1,0,0
53999,3.312,61.90,480.00,1,0,0
54001,3.276,62.20,206.00,1,0,0
54004,3.312,62.00,205.00,1,0,0
54006,3.312,72.40,205.00,1,0,1
54009,3.308,61.90,205.00,1,0,1
54011,3.312,61.90,205.00,1,0,1
54014,3.312,62.00,205.00,1,0,1
54016,3.308,62.10,205.00,1,0,0
54029,3.308,61.90,205.00,1,0,1
54031,3.312,62.00,205.00,1,0,1
54034,3.312,62.20,206.00,1,0,1
54036,3.308,67.60,205.00,1,0,0
54039,3.312,61.90,205.00,1,0,0
54041,3.312,61.80,205.00,1,0,0
54044,3.312,61.80,460.00,1,0,0
54046,3.280,69.40,228.00,1,0,1
54049,3.292,98.20,323.00,1,0,1
54051,3.292,99.70,301.00,1,0,1
54054,3.304,62.20,206.00,1,0,1
54056,3.312,77.70,257.00,1,0,0
54058,3.312,61.80,205.00,1,0,0
54061,3.312,61.80,205.00,1,0,0
54074,3.308,62.00,205.00,1,0,1
54076,3.312,71.80,238.00,1,0,0
54079,3.312,61.90,205.00,1,0,0
54081,3.312,62.00,205.00,1,0,0
54083,3.312,62.10,206.00,1,0,0
54086,3.308,143.80,469.00,1,0,1
54088,3.288,71.60,205.00,1,0,1
54091,3.312,61.90,205.00,1,0,1
54093,3.312,64.60,213.00,1,0,1
54096,3.308,61.90,205.00,1,0,0
54098,3.312,62.00,205.00,1,0,0
54101,3.308,63.80,211.00,1,0,0
54103,3.312,62.10,205.00,1,0,0
54106,3.312,61.90,205.00,1,0,1
54118,3.312,62.00,206.00,1,0,0
54121,3.312,62.00,205.00,1,0,0
54123,3.312,61.80,205.00,1,0,0
54126,3.312,61.80,205.00,1,0,1
54128,3.308,62.00,205.00,1,0,1
54131,3.308,62.70,208.00,1,0,1
54133,3.296,121.90,392.00,1,0,1
54136,3.272,73.90,244.00,1,0,0
54138,3.308,61.90,205.00,1,0,0
54141,3.312,61.80,205.00,1,0,0
54143,3.312,61.80,205.00,1,0,0
54146,3.312,61.80,205.00,1,0,1
54148,3.312,62.10,205.00,1,0,1
54151,3.292,99.40,328.00,1,0,1
54163,3.312,61.80,205.00,1,0,0
54166,3.312,62.80,208.00,1,0,1
54168,3.312,62.10,205.00,1,0,1
54171,3.308,62.10,205.00,1,0,1
54173,3.308,61.90,205.00,1,0,1
54176,3.312,61.90,205.00,1,0,0
54178,3.272,118.50,339.00,1,0,0
54180,3.284,61.90,205.00,1,0,0
54183,3.312,62.00,205.00,1,0,0
54185,3.312,61.90,241.00,1,0,1
54188,3.308,62.00,205.00,1,0,1
54190,3.312,61.90,205.00,1,0,1
54193,3.308,61.80,205.00,1,0,1
54195,3.312,65.10,215.00,1,0,0
54208,3.308,61.80,205.00,1,0,1
54210,3.308,61.80,205.00,1,0,1
54213,3.312,61.90,205.00,1,0,1
54215,3.308,62.00,231.00,1,0,0
54218,3.308,62.00,205.00,1,0,0
54220,3.312,61.90,205.00,1,0,0
54223,3.312,140.80,472.00,1,0,0
54225,3.280,61.80,205.00,1,0,1
54228,3.312,62.00,205.00,1,0,1
54230,3.312,62.00,208.00,1,0,1
54233,3.312,62.10,205.00,1,0,1
54235,3.308,62.10,206.00,1,0,0
54238,3.312,61.90,205.00,1,0,0
54240,3.308,61.70,205.00,1,0,0
54253,3.300,98.20,323.00,1,0,1
54255,3.292,98.50,323.00,1,0,0
54258,3.292,61.80,205.00,1,0,0
54260,3.312,61.80,205.00,1,0,0
54263,3.308,61.90,205.00,1,0,0
54265,3.312,61.90,208.00,1,0,1
54268,3.312,62.10,287.00,1,0,1
54270,3.276,111.00,367.00,1,0,1
54273,3.308,61.90,205.00,1,0,1
54275,3.312,61.90,203.00,1,0,0
54278,3.300,61.90,205.00,1,0,0
54280,3.312,61.90,205.00,1,0,0
54282,3.312,62.00,205.00,1,0,0
54285,3.312,61.90,205.00,1,0,1
54298,3.304,64.80,215.00,1,0,0
54300,3.312,62.00,205.00,1,0,0
54303,3.312,61.80,208.00,1,0,0
54305,3.308,61.70,203.00,1,0,1
54307,3.312,61.80,205.00,1,0,1
54310,3.312,61.90,206.00,1,0,1
54312,3.308,142.70,465.00,1,0,1
54315,3.264,62.00,205.00,1,0,0
54317,3.312,61.90,205.00,1,0,0
54320,3.312,61.90,205.00,1,0,0
54322,3.312,61.70,205.00,1,0,0
54325,3.312,61.70,205.00,1,0,1
54327,3.312,61.90,205.00,1,0,1
54330,3.312,61.90,205.00,1,0,1
54342,3.312,61.80,205.00,1,0,0
54345,3.312,61.90,205.00,1,0,1
54347,3.308,62.00,205.00,1,0,1
54350,3.308,61.90,205.00,1,0,1
54352,3.308,62.00,205.00,1,0,1
54355,3.308,106.50,351.00,1,0,0
54357,3.276,98.00,323.00,1,0,0
54360,3.312,61.80,205.00,1,0,0
54362,3.312,61.90,205.00,1,0,0
54365,3.312,62.00,205.00,1,0,1
54367,3.312,62.00,205.00,1,0,1
54370,3.308,62.00,205.00,1,0,1
54372,3.312,61.90,205.00,1,0,1
54374,3.308,61.90,205.00,1,0,0
54387,3.308,61.90,205.00,1,0,1
54390,3.312,61.80,205.00,1,0,1
54392,3.308,61.90,205.00,1,0,1
54395,3.312,61.90,205.00,1,0,0
54397,3.308,61.80,205.00,1,0,0
54400,3.308,61.90,205.00,1,0,0
54402,3.308,128.50,421.00,1,0,0
54404,3.312,61.80,205.00,1,0,1
54407,3.308,61.90,205.00,1,0,1
54409,3.308,61.90,205.00,1,0,1
54412,3.308,62.00,205.00,1,0,1
54414,3.308,62.00,205.00,1,0,0
54417,3.312,61.80,205.00,1,0,0
54419,3.312,61.90,205.00,1,0,0
54432,3.312,62.00,205.00,1,0,1
54434,3.312,62.00,205.00,1,0,0
54437,3.304,66.50,205.00,1,0,0
54439,3.312,61.80,205.00,1,0,0
54442,3.312,61.70,205.00,1,0,0
54444,3.312,61.80,205.00,1,0,1
54447,3.312,61.90,205.00,1,0,1
54449,3.312,82.40,270.00,1,0,1
54452,3.268,111.10,205.00,1,0,1
54454,3.308,61.90,205.00,1,0,0
54457,3.300,99.20,326.00,1,0,0
54459,3.292,101.60,334.00,1,0,0
54462,3.292,61.90,205.00,1,0,0
54464,3.312,61.90,205.00,1,0,1
54477,3.256,62.00,205.00,1,0,0
54479,3.312,61.90,205.00,1,0,0
54482,3.312,61.90,205.00,1,0,0
54484,3.308,61.90,205.00,1,0,1
54487,3.304,62.00,205.00,1,0,1
54489,3.312,62.00,205.00,1,0,1
54492,3.312,61.90,205.00,1,0,1
54494,3.312,61.90,205.00,1,0,1
54497,3.312,62.00,203.00,1,0,1
54499,3.276,117.80,387.00,1,0,1
54501,3.304,67.40,223.00,1,0,0
54504,3.308,61.90,205.00,1,0,0
54506,3.312,61.80,205.00,1,0,0
54509,3.312,61.90,205.00,1,0,0
54522,3.312,121.00,398.00,1,0,0
54524,3.276,89.40,297.00,1,0,0
54526,3.312,61.90,205.00,1,0,0
54529,3.312,61.70,205.00,1,0,1
54531,3.312,61.90,205.00,1,0,1
54534,3.312,61.90,205.00,1,0,1
54536,3.312,62.10,205.00,1,0,1
54539,3.312,62.00,205.00,1,0,1
54541,3.312,68.00,205.00,1,0,0
54544,3.312,61.80,205.00,1,0,0
54546,3.312,64.50,211.00,1,0,0
54549,3.264,70.20,205.00,1,0,0
54551,3.312,62.00,205.00,1,0,1
54554,3.308,62.00,205.00,1,0,1
54566,3.312,61.90,205.00,1,0,0
54569,3.308,62.00,205.00,1,0,0
54571,3.312,119.10,392.00,1,0,1
54574,3.288,62.10,206.00,1,0,1
54576,3.312,63.40,210.00,1,0,1
54579,3.312,61.90,205.00,1,0,1
54581,3.308,71.00,236.00,1,0,0
54584,3.312,61.90,205.00,1,0,0
54586,3.312,62.00,205.00,1,0,0
54589,3.312,61.90,205.00,1,0,0
54591,3.312,72.10,239.00,1,0,1
54594,3.312,62.00,205.00,1,0,1
54596,3.312,91.80,300.00,1,0,1
54598,3.308,62.00,205.00,1,0,1
54611,3.312,61.80,205.00,1,0,1
54614,3.308,61.90,205.00,1,0,1
54616,3.312,61.90,205.00,1,0,1
54619,3.312,107.80,352.00,1,0,1
54621,3.268,109.50,205.00,1,0,0
54623,3.312,61.90,205.00,1,0,0
54626,3.312,61.90,205.00,1,0,0
54628,3.312,61.80,205.00,1,0,0
54631,3.312,61.80,205.00,1,0,1
54633,3.308,62.00,205.00,1,0,1
54636,3.312,62.80,208.00,1,0,1
54638,3.308,62.00,205.00,1,0,1
54641,3.312,71.10,233.00,1,0,0
54643,3.264,140.70,465.00,1,0,0
54656,3.312,62.90,208.00,1,0,1
54658,3.308,61.90,205.00,1,0,1
54661,3.308,91.20,300.00,1,0,0
54663,3.292,98.10,323.00,1,0,0
54666,3.288,103.80,324.00,1,0,0
54668,3.292,91.10,301.00,1,0,0
54671,3.312,63.50,210.00,1,0,1
54673,3.308,62.00,205.00,1,0,1
54676,3.308,61.80,205.00,1,0,1
54678,3.308,61.90,205.00,1,0,1
54681,3.308,62.00,205.00,1,0,0
54683,3.308,61.80,206.00,1,0,0
54686,3.312,62.10,206.00,1,0,0
54688,3.264,143.80,469.00,1,0,0
54701,3.308,63.00,208.00,1,0,0
54703,3.312,62.10,205.00,1,0,0
54706,3.312,61.90,205.00,1,0,0
54708,3.308,61.80,205.00,1,0,0
54711,3.308,61.80,410.00,1,0,1
54713,3.276,62.00,205.00,1,0,1
54716,3.308,62.20,206.00,1,0,1
54718,3.312,62.10,206.00,1,0,1
54720,3.308,70.70,234.00,1,0,0
54723,3.312,61.90,205.00,1,0,0
54725,3.312,61.80,205.00,1,0,0
54728,3.308,61.80,205.00,1,0,0
54730,3.312,61.90,205.00,1,0,1
54733,3.312,62.10,205.00,1,0,1
54746,3.312,61.80,205.00,1,0,0
54748,3.312,61.90,205.00,1,0,0
54750,3.308,62.70,208.00,1,0,1
54753,3.312,62.10,206.00,1,0,1
54755,3.312,62.00,208.00,1,0,1
54758,3.312,61.70,205.00,1,0,1
54760,3.280,119.70,392.00,1,0,0
54763,3.312,61.80,220.00,1,0,0
54765,3.284,101.20,333.00,1,0,0
54768,3.292,98.30,323.00,1,0,0
54770,3.312,62.10,241.00,1,0,1
54773,3.308,61.90,205.00,1,0,1
54775,3.312,61.90,205.00,1,0,1
54778,3.312,61.90,205.00,1,0,1
54790,3.312,61.80,205.00,1,0,1
54793,3.312,61.90,205.00,1,0,1
54795,3.312,61.80,205.00,1,0,1
54798,3.312,62.10,206.00,1,0,1
54800,3.312,62.10,221.00,1,0,0
54803,3.304,62.00,205.00,1,0,0
54805,3.312,61.90,205.00,1,0,0
54808,3.312,61.70,418.00,1,0,0
54810,3.280,62.00,205.00,1,0,1
54813,3.312,61.80,205.00,1,0,1
54815,3.308,62.10,208.00,1,0,1
54817,3.308,62.10,205.00,1,0,1
54820,3.308,62.00,205.00,1,0,0
54822,3.308,61.70,205.00,1,0,0
54835,3.308,62.20,206.00,1,0,1
54838,3.312,62.10,205.00,1,0,1
54840,3.312,61.80,205.00,1,0,0
54843,3.312,61.80,205.00,1,0,0
54845,3.312,61.70,205.00,1,0,0
54847,3.312,62.00,205.00,1,0,0
54850,3.312,62.00,205.00,1,0,1
54852,3.308,62.10,462.00,1,0,1
54855,3.264,78.20,259.00,1,0,1
54857,3.312,61.90,205.00,1,0,1
54860,3.312,61.90,203.00,1,0,0
54867,3.284,98.20,324.00,1,0,0
54870,3.292,93.90,310.00,1,0,1
54872,3.292,92.40,303.00,1,0,1
54875,3.296,61.80,457.00,1,0,1
54877,3.264,62.00,205.00,1,0,1
54880,3.308,62.00,205.00,1,0,0
54882,3.296,62.00,205.00,1,0,0
54885,3.312,62.00,205.00,1,0,0
54887,3.312,61.80,205.00,1,0,0
54889,3.312,61.70,205.00,1,0,1
54902,3.308,62.00,205.00,1,0,0
54905,3.312,61.80,205.00,1,0,0
54907,3.308,61.70,205.00,1,0,0
54910,3.312,61.70,205.00,1,0,1
54912,3.308,61.90,213.00,1,0,1
54914,3.308,62.00,205.00,1,0,1
54917,3.308,62.00,205.00,1,0,1
54919,3.308,62.10,203.00,1,0,0
54922,3.264,99.40,328.00,1,0,0
54924,3.312,61.70,205.00,1,0,0
54927,3.312,61.70,205.00,1,0,0
54929,3.312,61.90,205.00,1,0,1
54932,3.312,62.10,206.00,1,0,1
54934,3.308,62.10,206.00,1,0,1
54947,3.312,61.90,205.00,1,0,0
54949,3.312,62.00,205.00,1,0,1
54952,3.308,62.10,206.00,1,0,1
54954,3.312,62.00,205.00,1,0,1
54957,3.308,61.80,205.00,1,0,1
54959,3.312,61.80,205.00,1,0,0
54962,3.304,61.90,205.00,1,0,0
54964,3.312,61.90,205.00,1,0,0
54967,3.312,62.00,205.00,1,0,0
54969,3.276,101.30,333.00,1,0,1
54972,3.288,96.90,323.00,1,0,1
54974,3.292,95.70,316.00,1,0,1
54977,3.308,61.90,205.00,1,0,1
54979,3.308,61.90,205.00,1,0,0
54992,3.268,138.70,454.00,1,0,1
54994,3.284,62.00,205.00,1,0,1
54997,3.312,61.90,205.00,1,0,1
54999,3.308,62.00,205.00,1,0,0
55002,3.308,75.50,205.00,1,0,0
55004,3.312,61.70,205.00,1,0,0
55007,3.312,61.70,205.00,1,0,0
55009,3.308,61.70,205.00,1,0,1
55011,3.308,61.90,205.00,1,0,1
55014,3.308,140.50,459.00,1,0,1
55016,3.280,63.40,205.00,1,0,1
55019,3.312,61.90,205.00,1,0,1
55021,3.304,70.50,233.00,1,0,0
55024,3.312,61.70,205.00,1,0,0
55036,3.280,105.60,349.00,1,0,1
55039,3.308,61.80,205.00,1,0,1
55041,3.308,61.70,205.00,1,0,0
55044,3.312,61.80,205.00,1,0,0
55046,3.308,61.80,205.00,1,0,0
55049,3.312,61.90,205.00,1,0,0
55051,3.312,61.80,205.00,1,0,1
55054,3.308,61.90,205.00,1,0,1
55056,3.308,61.70,205.00,1,0,1
55059,3.264,141.10,462.00,1,0,1
55061,3.312,65.70,205.00,1,0,0
55064,3.312,61.80,205.00,1,0,0
55066,3.308,61.80,205.00,1,0,0
55069,3.312,61.90,205.00,1,0,0
55081,3.264,79.10,206.00,1,0,0
55084,3.312,62.00,205.00,1,0,0
55086,3.312,62.00,205.00,1,0,0
55089,3.312,61.80,205.00,1,0,0
55091,3.312,62.70,205.00,1,0,1
55094,3.312,62.00,205.00,1,0,1
55096,3.308,62.90,208.00,1,0,1
55099,3.308,62.10,205.00,1,0,1
55101,3.312,69.20,226.00,1,0,0
55104,3.272,87.10,287.00,1,0,0
55106,3.312,61.80,205.00,1,0,0
55108,3.312,61.90,205.00,1,0,0
55111,3.312,63.10,210.00,1,0,1
55113,3.308,62.00,206.00,1,0,1
55126,3.312,61.90,460.00,1,0,0
55129,3.264,62.00,205.00,1,0,0
55131,3.312,72.20,239.00,1,0,1
55134,3.308,62.00,206.00,1,0,1
55136,3.312,62.00,205.00,1,0,1
55138,3.312,61.80,205.00,1,0,1
55141,3.308,63.10,208.00,1,0,0
55143,3.312,61.90,205.00,1,0,0
55146,3.312,61.90,205.00,1,0,0
55148,3.312,61.80,205.00,1,0,0
55151,3.312,61.90,261.00,1,0,1
55153,3.276,127.50,421.00,1,0,1
55156,3.312,62.70,208.00,1,0,1
55158,3.312,62.00,205.00,1,0,1
55171,3.312,61.80,203.00,1,0,1
55173,3.276,109.40,360.00,1,0,1
55176,3.292,99.70,328.00,1,0,1
55178,3.292,84.90,206.00,1,0,1
55181,3.312,77.30,256.00,1,0,0
55183,3.312,61.90,205.00,1,0,0
55186,3.312,62.00,205.00,1,0,0
55188,3.312,61.90,205.00,1,0,0
55191,3.312,68.60,228.00,1,0,1
55193,3.308,62.00,205.00,1,0,1
55196,3.312,62.00,205.00,1,0,1
55198,3.268,86.50,287.00,1,0,1
55201,3.312,62.10,205.00,1,0,0
55203,3.308,62.00,205.00,1,0,0
55216,3.312,62.00,205.00,1,0,1
55218,3.312,140.30,459.00,1,0,1
55221,3.288,107.30,354.00,1,0,0
55223,3.312,62.00,205.00,1,0,0
55226,3.312,61.90,205.00,1,0,0
55228,3.312,61.90,205.00,1,0,0
55231,3.312,61.80,205.00,1,0,1
55233,3.312,62.00,205.00,1,0,1
55235,3.312,62.00,205.00,1,0,1
55238,3.312,62.00,205.00,1,0,1
55240,3.312,67.60,221.00,1,0,0
55243,3.264,140.90,465.00,1,0,0
55245,3.312,61.90,205.00,1,0,0
55248,3.312,61.90,205.00,1,0,0
55260,3.312,62.00,252.00,1,0,0
55263,3.312,122.70,403.00,1,0,0
55265,3.288,62.10,206.00,1,0,0
55268,3.312,62.00,205.00,1,0,0
55270,3.312,63.30,210.00,1,0,1
55273,3.312,62.00,205.00,1,0,1
55275,3.308,62.00,349.00,1,0,1
55278,3.292,98.20,323.00,1,0,1
55280,3.292,93.10,306.00,1,0,0
55283,3.312,61.90,205.00,1,0,0
55285,3.312,123.90,406.00,1,0,0
55288,3.284,63.90,211.00,1,0,0
55290,3.312,61.90,210.00,1,0,1
55293,3.308,62.00,205.00,1,0,1
55305,3.312,61.80,205.00,1,0,0
55308,3.312,61.80,205.00,1,0,0
55310,3.288,154.00,503.00,1,0,1
55313,3.312,61.90,205.00,1,0,1
55315,3.308,62.00,205.00,1,0,1
55318,3.308,62.00,205.00,1,0,1
55320,3.312,62.10,213.00,1,0,0
55323,3.304,61.90,205.00,1,0,0
55325,3.312,61.90,205.00,1,0,0
55328,3.312,62.60,205.00,1,0,0
55330,3.312,61.80,205.00,1,0,1
55332,3.312,120.60,395.00,1,0,1
55335,3.276,62.90,210.00,1,0,1
55337,3.308,62.00,205.00,1,0,1
55350,3.312,61.80,205.00,1,0,1
55353,3.308,62.10,203.00,1,0,1
55355,3.276,103.30,342.00,1,0,1
55357,3.312,62.00,205.00,1,0,1
55360,3.312,61.80,205.00,1,0,0
55362,3.312,61.70,205.00,1,0,0
55365,3.312,61.80,205.00,1,0,0
55367,3.312,62.00,205.00,1,0,0
55370,3.312,62.00,205.00,1,0,1
55372,3.312,61.90,205.00,1,0,1
55375,3.312,61.90,205.00,1,0,1
55377,3.284,123.00,403.00,1,0,1
55380,3.236,96.30,321.00,1,0,0
55382,3.276,92.30,303.00,1,0,0
55395,3.292,100.40,323.00,1,0,1
55397,3.292,95.30,313.00,1,0,1
55400,3.296,98.60,324.00,1,0,0
55402,3.268,124.80,387.00,1,0,0
55405,3.292,98.40,324.00,1,0,0
55407,3.292,98.90,326.00,1,0,0
55410,3.292,98.50,321.00,1,0,1
55412,3.288,96.60,318.00,1,0,1
55415,3.292,98.70,324.00,1,0,1
55417,3.288,98.20,324.00,1,0,1
55420,3.292,98.40,324.00,1,0,0
55422,3.276,100.30,331.00,1,0,0
55425,3.292,98.10,326.00,1,0,0
55427,3.292,92.00,303.00,1,0,0
55440,3.308,62.00,205.00,1,0,0
55442,3.312,61.90,205.00,1,0,0
55445,3.312,61.80,405.00,1,0,0
55447,3.276,62.00,205.00,1,0,0
55450,3.308,62.10,206.00,1,0,1
55452,3.308,62.20,206.00,1,0,1
55454,3.312,62.10,205.00,1,0,1
55457,3.312,62.00,205.00,1,0,1
55459,3.312,61.90,205.00,1,0,0
55462,3.304,67.90,205.00,1,0,0
55464,3.312,62.00,205.00,1,0,0
55467,3.312,62.10,206.00,1,0,0
55469,3.276,126.80,216.00,1,0,1
55472,3.312,62.10,206.00,1,0,1
55484,3.292,93.30,306.00,1,0,0
55487,3.292,101.00,333.00,1,0,0
55489,3.292,98.20,321.00,1,0,1
55492,3.288,98.00,323.00,1,0,1
55494,3.292,101.30,333.00,1,0,1
55497,3.280,101.30,326.00,1,0,1
55499,3.292,98.90,326.00,1,0,0
55502,3.292,100.10,329.00,1,0,0
55504,3.292,98.30,324.00,1,0,0
55507,3.292,97.80,323.00,1,0,0
55509,3.292,97.80,323.00,1,0,1
55512,3.292,97.90,323.00,1,0,1
55514,3.292,98.20,342.00,1,0,1
55527,3.292,98.00,326.00,1,0,0
55529,3.292,98.60,324.00,1,0,1
55532,3.288,99.70,328.00,1,0,1
55534,3.288,90.10,206.00,1,0,1
55537,3.308,62.10,205.00,1,0,1
55539,3.276,123.10,403.00,1,0,0
55542,3.308,74.80,205.00,1,0,0
55544,3.312,61.80,205.00,1,0,0
55547,3.312,61.90,205.00,1,0,0
55549,3.312,62.00,205.00,1,0,1
55552,3.312,62.20,206.00,1,0,1
55554,3.312,62.10,205.00,1,0,1
55556,3.312,62.00,205.00,1,0,1
55559,3.312,61.80,202.00,1,0,1
55572,3.312,62.10,205.00,1,0,1
55574,3.308,61.90,205.00,1,0,1
55577,3.308,61.90,205.00,1,0,1
55579,3.308,62.00,206.00,1,0,0
55582,3.312,61.90,205.00,1,0,0
55584,3.284,108.60,357.00,1,0,0
55586,3.292,98.30,316.00,1,0,0
55589,3.288,61.80,205.00,1,0,0
55591,3.308,62.00,205.00,1,0,1
55594,3.312,62.00,205.00,1,0,1
55596,3.312,62.00,205.00,1,0,1
55599,3.308,62.10,205.00,1,0,1
55601,3.308,73.40,206.00,1,0,0
55604,3.312,61.90,205.00,1,0,0
55616,3.312,63.40,206.00,1,0,1
55619,3.308,62.20,206.00,1,0,1
55621,3.308,74.60,247.00,1,0,0
55624,3.312,61.80,205.00,1,0,0
55626,3.312,61.80,205.00,1,0,0
55629,3.300,123.10,401.00,1,0,0
55631,3.304,63.30,206.00,1,0,1
55634,3.312,63.00,208.00,1,0,1
55636,3.308,62.40,206.00,1,0,1
55639,3.312,62.00,205.00,1,0,1
55641,3.312,65.30,216.00,1,0,0
55644,3.312,61.90,205.00,1,0,0
55646,3.312,61.90,205.00,1,0,0
55649,3.308,62.00,205.00,1,0,0
55661,3.312,63.00,218.00,1,1,0
55664,3.308,66.10,218.00,1,1,0
55666,3.308,66.00,218.00,1,1,0
55669,3.308,66.10,218.00,1,1,0
55671,3.312,65.90,218.00,1,1,0
55674,3.280,98.70,326.00,1,1,0
55676,3.292,98.00,323.00,1,1,0
55679,3.292,98.40,324.00,1,1,0
55681,3.288,97.30,321.00,1,1,0
55683,3.292,98.40,324.00,1,1,0
55686,3.288,91.30,300.00,1,1,0
55688,3.288,91.40,300.00,1,1,0
55691,3.288,91.10,300.00,1,1,0
55693,3.288,91.30,300.00,1,1,0
55706,3.292,98.10,323.00,1,1,0
55708,3.292,98.30,324.00,1,1,0
55711,3.292,98.30,324.00,1,1,0
55713,3.292,98.40,328.00,1,1,0
55716,3.296,101.90,336.00,1,1,0
55718,3.292,98.40,324.00,1,1,0
55721,3.292,98.90,321.00,1,1,0
55723,3.292,101.20,333.00,1,1,0
55726,3.296,102.10,336.00,1,1,0
55728,3.280,102.70,344.00,1,1,0
55731,3.276,102.20,336.00,1,1,0
55733,3.280,103.20,338.00,1,1,0
55736,3.292,91.50,301.00,1,1,0
55748,3.288,90.60,308.00,1,1,0
55751,3.292,98.40,324.00,1,1,0
55753,3.292,98.50,324.00,1,1,0
55756,3.292,98.20,323.00,1,1,0
55758,3.292,98.30,324.00,1,1,0
55761,3.292,98.40,324.00,1,1,0
55763,3.292,97.20,328.00,1,1,0
55766,3.292,98.30,324.00,1,1,0
55768,3.292,98.30,324.00,1,1,0
55771,3.292,98.30,324.00,1,1,0
55773,3.292,98.60,326.00,1,1,0
55776,3.292,98.50,324.00,1,1,0
55778,3.292,98.30,324.00,1,1,0
55781,3.292,98.70,326.00,1,1,0
55793,3.284,95.50,321.00,1,1,0
55796,3.292,91.30,300.00,1,1,0
55798,3.288,91.50,301.00,1,1,0
55801,3.292,91.50,301.00,1,1,0
55803,3.292,91.40,300.00,1,1,0
55806,3.288,91.30,300.00,1,1,0
55808,3.288,98.40,316.00,1,1,0
55810,3.292,98.10,323.00,1,1,0
55813,3.292,98.70,324.00,1,1,0
55815,3.288,98.40,324.00,1,1,0
55818,3.292,98.50,324.00,1,1,0
55820,3.292,98.90,326.00,1,1,0
55823,3.292,98.80,326.00,1,1,0
55825,3.292,98.60,326.00,1,1,0
55838,3.292,97.70,324.00,1,1,0
55840,3.292,91.00,300.00,1,1,0
55843,3.292,98.60,324.00,1,1,0
55845,3.292,101.80,338.00,1,1,0
55848,3.296,102.30,338.00,1,1,0
55850,3.292,102.50,338.00,1,1,0
55853,3.296,102.70,336.00,1,1,0
55855,3.296,119.60,393.00,1,1,0
55858,3.292,93.10,306.00,1,1,0
55860,3.292,91.30,300.00,1,1,0
55863,3.288,91.30,300.00,1,1,0
55865,3.292,91.30,300.00,1,1,0
55868,3.288,91.40,301.00,1,1,0
55880,3.292,98.20,323.00,1,1,0
55883,3.292,98.50,324.00,1,1,0
55885,3.292,98.60,324.00,1,1,0
55888,3.292,98.40,324.00,1,1,0
55890,3.292,96.00,315.00,1,1,0
55893,3.292,98.20,323.00,1,1,0
55895,3.292,91.80,301.00,1,1,0
55898,3.292,95.00,316.00,1,1,0
55900,3.288,92.20,303.00,1,1,0
55903,3.288,95.70,315.00,1,1,0
55905,3.292,93.50,316.00,1,1,0
55908,3.292,97.80,321.00,1,1,0
55910,3.288,100.20,329.00,1,1,0
55912,3.288,101.40,333.00,1,1,0
55925,3.292,91.20,300.00,1,1,0
55928,3.288,91.30,300.00,1,1,0
55930,3.288,93.40,308.00,1,1,0
55933,3.292,100.10,329.00,1,1,0
55935,3.292,98.50,323.00,1,1,0
55937,3.292,99.30,328.00,1,1,0
55940,3.292,99.00,326.00,1,1,0
55942,3.292,93.80,297.00,1,1,0
55945,3.288,98.60,324.00,1,1,0
55947,3.292,98.60,324.00,1,1,0
55950,3.292,96.90,324.00,1,1,0
55952,3.292,99.10,326.00,1,1,0
55955,3.292,103.20,339.00,1,1,0
55957,3.292,98.20,324.00,1,1,0
55970,3.292,97.40,328.00,1,1,0
55972,3.292,95.80,315.00,1,1,0
55975,3.292,97.30,321.00,1,1,0
55977,3.288,97.80,529.00,1,1,0
55980,3.284,91.20,300.00,1,1,0
55982,3.288,91.20,300.00,1,1,0
55985,3.288,91.40,300.00,1,1,0
55987,3.288,91.30,300.00,1,1,0
55990,3.288,91.30,300.00,1,1,0
55992,3.292,98.50,324.00,1,1,0
55995,3.292,97.40,324.00,1,1,0
55997,3.288,90.90,298.00,1,1,0
56000,3.292,98.50,324.00,1,1,0
56002,3.292,98.40,324.00,1,1,0
56015,3.292,98.90,333.00,1,1,0
56017,3.292,98.30,324.00,1,1,0
56020,3.292,98.90,324.00,1,1,0
56022,3.292,98.60,324.00,1,1,0
56025,3.292,98.30,323.00,1,1,0
56027,3.292,98.70,324.00,1,1,0
56030,3.292,102.20,336.00,1,1,0
56032,3.292,103.80,508.00,1,1,0
56034,3.280,91.60,301.00,1,1,0
56037,3.288,91.50,301.00,1,1,0
56039,3.288,100.40,326.00,1,1,0
56042,3.292,99.10,326.00,1,1,0
56044,3.292,98.20,323.00,1,1,0
56047,3.288,90.20,324.00,1,1,0
56059,3.288,98.60,324.00,1,1,0
56062,3.292,98.80,326.00,1,1,0
56064,3.292,98.30,323.00,1,1,0
56067,3.292,98.40,324.00,1,1,0
56069,3.292,98.90,324.00,1,1,0
56072,3.288,98.10,323.00,1,1,0
56074,3.292,91.90,324.00,1,1,0
56077,3.292,98.20,323.00,1,1,0
56079,3.292,98.40,324.00,1,1,0
56082,3.292,98.60,321.00,1,1,0
56084,3.268,98.50,324.00,1,0,1
56087,3.292,149.20,487.00,1,0,1
56089,3.292,145.70,477.00,1,0,0
56092,3.288,98.30,324.00,1,0,0
56104,3.292,100.00,324.00,1,0,1
56107,3.292,94.50,311.00,1,0,1
56109,3.288,118.60,390.00,1,0,0
56112,3.292,99.10,324.00,1,0,0
56114,3.292,98.70,324.00,1,0,0
56117,3.292,98.30,324.00,1,0,0
56119,3.288,99.60,323.00,1,0,1
56122,3.288,98.70,324.00,1,0,1
56124,3.288,98.60,324.00,1,0,1
56127,3.288,98.10,323.00,1,0,1
56129,3.288,105.70,347.00,1,0,0
56131,3.292,98.20,323.00,1,0,0
56134,3.292,98.50,326.00,1,0,0
56136,3.292,98.30,323.00,1,0,0
56149,3.288,90.70,436.00,1,0,0
56152,3.292,99.70,328.00,1,0,0
56154,3.292,142.80,465.00,1,0,0
56157,3.292,62.50,206.00,1,0,0
56159,3.308,62.40,206.00,1,0,1
56161,3.308,62.40,206.00,1,0,1
56164,3.308,62.50,206.00,1,0,1
56166,3.308,62.50,206.00,1,0,1
56169,3.312,68.90,228.00,1,0,0
56171,3.312,62.40,206.00,1,0,0
56174,3.312,62.30,206.00,1,0,0
56176,3.308,62.20,206.00,1,0,0
56179,3.276,122.50,418.00,1,0,1
56181,3.284,62.60,206.00,1,0,1
56194,3.312,62.30,206.00,1,0,0
56196,3.312,62.30,206.00,1,0,0
56199,3.288,104.40,341.00,1,0,1
56201,3.292,98.30,301.00,1,0,1
56204,3.300,63.50,210.00,1,0,1
56206,3.312,62.00,205.00,1,0,1
56209,3.312,62.00,244.00,1,0,0
56211,3.312,61.80,205.00,1,0,0
56214,3.312,62.00,205.00,1,0,0
56216,3.312,62.10,206.00,1,0,0
56219,3.312,62.90,208.00,1,0,1
56221,3.312,62.10,206.00,1,0,1
56224,3.312,140.30,300.00,1,0,1
56226,3.260,62.00,205.00,1,0,1
56239,3.312,61.90,205.00,1,0,1
56241,3.312,61.90,205.00,1,0,1
56244,3.312,127.40,419.00,1,0,1
56246,3.276,87.40,206.00,1,0,1
56249,3.312,66.80,221.00,1,0,0
56251,3.312,62.10,206.00,1,0,0
56254,3.312,62.00,205.00,1,0,0
56256,3.312,61.80,205.00,1,0,0
56258,3.312,61.80,205.00,1,0,1
56261,3.312,62.00,205.00,1,0,1
56263,3.312,62.80,208.00,1,0,1
56266,3.284,145.00,474.00,1,0,1
56268,3.312,62.30,247.00,1,0,0
56271,3.312,61.90,205.00,1,0,0
56283,3.312,62.10,208.00,1,0,1
56286,3.312,95.30,313.00,1,0,1
56288,3.264,65.40,216.00,1,0,0
56291,3.316,61.90,205.00,1,0,0
56293,3.312,61.90,205.00,1,0,0
56296,3.312,62.00,205.00,1,0,0
56298,3.312,62.10,208.00,1,0,1
56301,3.312,99.10,326.00,1,0,1
56303,3.292,98.40,323.00,1,0,1
56306,3.312,62.00,205.00,1,0,1
56308,3.312,61.90,205.00,1,0,0
56311,3.268,147.90,483.00,1,0,0
56313,3.312,62.00,206.00,1,0,0
56316,3.312,62.10,206.00,1,0,0
56328,3.312,62.90,208.00,1,0,0
56331,3.312,62.00,205.00,1,0,0
56333,3.312,62.10,416.00,1,0,0
56336,3.280,62.10,206.00,1,0,0
56338,3.312,61.90,205.00,1,0,1
56341,3.312,62.00,205.00,1,0,1
56343,3.312,61.90,206.00,1,0,1
56346,3.312,62.00,205.00,1,0,1
56348,3.312,62.10,206.00,1,0,0
56351,3.308,62.10,208.00,1,0,0
56353,3.312,61.90,205.00,1,0,0
56355,3.312,61.80,205.00,1,0,0
56358,3.312,61.90,401.00,1,0,1
56360,3.276,62.20,206.00,1,0,1
56373,3.312,61.80,205.00,1,0,0
56376,3.312,61.80,205.00,1,0,0
56378,3.312,61.90,382.00,1,0,1
56380,3.264,62.20,206.00,1,0,1
56383,3.312,62.20,206.00,1,0,1
56385,3.308,62.10,206.00,1,0,1
56388,3.312,62.00,205.00,1,0,0
56390,3.308,61.90,205.00,1,0,0
56393,3.312,61.90,205.00,1,0,0
56395,3.312,62.00,205.00,1,0,0
56398,3.312,62.00,205.00,1,0,1
56400,3.276,119.50,393.00,1,0,1
56403,3.308,93.50,324.00,1,0,1
56405,3.288,100.10,329.00,1,0,1
56418,3.312,62.00,205.00,1,0,1
56420,3.308,142.20,464.00,1,0,1
56423,3.288,79.20,205.00,1,0,1
56425,3.312,62.00,205.00,1,0,1
56428,3.312,62.00,205.00,1,0,0
56430,3.304,62.00,205.00,1,0,0
56433,3.312,62.10,205.00,1,0,0
56435,3.312,62.00,205.00,1,0,0
56438,3.312,61.90,205.00,1,0,1
56440,3.300,62.00,205.00,1,0,1
56443,3.312,118.80,388.00,1,0,1
56445,3.276,62.50,206.00,1,0,1
56448,3.312,62.10,206.00,1,0,0
56450,3.308,62.00,205.00,1,0,0
56463,3.312,82.30,270.00,1,0,1
56465,3.276,125.50,415.00,1,0,1
56468,3.312,62.10,205.00,1,0,0
56470,3.308,61.90,205.00,1,0,0
56473,3.312,61.90,205.00,1,0,0
56475,3.312,61.90,205.00,1,0,0
56477,3.312,61.90,205.00,1,0,1
56480,3.312,62.10,206.00,1,0,1
56482,3.312,62.00,205.00,1,0,1
56485,3.296,140.40,460.00,1,0,1
56487,3.280,62.00,205.00,1,0,0
56490,3.300,62.00,205.00,1,0,0
56492,3.312,61.90,205.00,1,0,0
56495,3.312,62.00,205.00,1,0,0
56507,3.292,101.00,333.00,1,0,0
56510,3.276,86.40,287.00,1,0,0
56512,3.312,61.90,205.00,1,0,0
56515,3.312,62.00,205.00,1,0,0
56517,3.312,62.00,205.00,1,0,1
56520,3.308,62.10,205.00,1,0,1
56522,3.312,62.00,205.00,1,0,1
56525,3.312,62.00,205.00,1,0,1
56527,3.272,107.60,223.00,1,0,0
56530,3.308,62.00,205.00,1,0,0
56532,3.312,61.90,205.00,1,0,0
56535,3.312,62.00,205.00,1,0,0
56537,3.312,61.90,205.00,1,0,1
56540,3.312,62.00,205.00,1,0,1
56552,3.308,62.00,205.00,1,0,0
56555,3.312,61.90,205.00,1,0,0
56557,3.312,62.00,205.00,1,0,1
56560,3.312,62.10,205.00,1,0,1
56562,3.308,62.00,205.00,1,0,1
56565,3.308,62.10,205.00,1,0,1
56567,3.308,62.10,206.00,1,0,0
56570,3.272,145.90,478.00,1,0,0
56572,3.304,62.00,205.00,1,0,0
56574,3.312,62.00,205.00,1,0,0
56577,3.312,61.90,205.00,1,0,0
56579,3.312,63.20,205.00,1,0,1
56582,3.312,62.00,205.00,1,0,1
56584,3.308,62.10,206.00,1,0,1
56597,3.312,62.00,205.00,1,0,1
56599,3.312,62.00,205.00,1,0,1
56602,3.312,62.10,206.00,1,0,1
56604,3.312,62.10,206.00,1,0,1
56607,3.312,70.80,233.00,1,0,1
56609,3.292,104.60,324.00,1,0,0
56612,3.288,62.00,205.00,1,0,0
56614,3.304,131.90,431.00,1,0,0
56617,3.304,62.00,205.00,1,0,0
56619,3.312,62.10,206.00,1,0,1
56622,3.312,62.10,206.00,1,0,1
56624,3.312,63.20,205.00,1,0,1
56627,3.312,62.00,205.00,1,0,1
56629,3.312,76.20,252.00,1,0,0
56642,3.272,62.00,205.00,1,0,1
56644,3.312,63.10,210.00,1,0,1
56647,3.312,61.90,205.00,1,0,1
56649,3.312,71.80,238.00,1,1,0
56652,3.312,66.00,218.00,1,1,0
56654,3.308,66.00,218.00,1,1,0
56657,3.312,65.90,218.00,1,1,0
56659,3.272,90.60,298.00,1,1,0
56662,3.292,90.80,396.00,1,1,0
56664,3.288,91.30,300.00,1,1,0
56667,3.288,91.30,300.00,1,1,0
56669,3.288,91.40,300.00,1,1,0
56671,3.288,96.50,318.00,1,1,0
56674,3.292,100.20,329.00,1,1,0
56687,3.292,99.20,326.00,1,1,0
56689,3.288,99.10,324.00,1,1,0
56692,3.292,98.40,324.00,1,1,0
56694,3.292,99.70,328.00,1,1,0
56696,3.292,99.10,326.00,1,1,0
56699,3.292,99.30,326.00,1,1,0
56701,3.292,98.70,324.00,1,1,0
56704,3.292,98.40,324.00,1,1,0
56706,3.292,98.30,323.00,1,1,0
56709,3.288,104.00,341.00,1,0,1
56711,3.276,98.40,324.00,1,0,1
56714,3.292,98.30,360.00,1,0,0
56716,3.288,98.40,324.00,1,0,0
56719,3.288,98.60,324.00,1,0,0
56731,3.292,98.80,324.00,1,0,1
56734,3.292,98.50,323.00,1,0,0
56736,3.288,98.30,324.00,1,0,0
56739,3.292,97.00,319.00,1,0,0
56741,3.292,98.60,323.00,1,0,0
56744,3.288,98.50,324.00,1,0,1
56746,3.288,98.40,323.00,1,0,1
56749,3.292,98.50,324.00,1,0,1
56751,3.288,98.50,326.00,1,0,1
56754,3.292,103.70,341.00,1,0,0
56756,3.284,110.20,362.00,1,0,0
56759,3.292,131.90,326.00,1,0,0
56761,3.292,91.50,301.00,1,0,0
56764,3.292,70.40,233.00,1,0,1
56776,3.312,61.90,205.00,1,0,0
56779,3.268,128.10,564.00,1,0,0
56781,3.300,62.10,206.00,1,0,0
56784,3.312,63.30,210.00,1,0,1
56786,3.312,62.20,206.00,1,0,1
56789,3.312,63.40,210.00,1,0,1
56791,3.308,62.10,206.00,1,0,1
56793,3.312,62.00,241.00,1,0,0
56796,3.312,61.90,205.00,1,0,0
56798,3.312,62.00,205.00,1,0,0
56801,3.312,62.10,206.00,1,0,0
56803,3.264,143.10,244.00,1,0,1
56806,3.308,62.20,206.00,1,0,1
56808,3.308,62.00,205.00,1,0,1
56821,3.312,62.00,205.00,1,0,0
56823,3.312,61.90,239.00,1,0,1
56826,3.312,169.60,555.00,1,0,1
56828,3.308,62.10,205.00,1,0,1
56831,3.312,62.00,205.00,1,0,1
56833,3.308,63.60,210.00,1,0,0
56836,3.312,62.00,205.00,1,0,0
56838,3.312,61.90,205.00,1,0,0
56841,3.312,61.80,205.00,1,0,0
56843,3.312,61.80,205.00,1,0,1
56846,3.308,61.90,205.00,1,0,1
56848,3.312,62.50,206.00,1,0,1
56851,3.308,140.70,464.00,1,0,1
56853,3.288,71.20,236.00,1,0,0
56870,3.312,62.00,205.00,1,0,1
56873,3.312,129.90,424.00,1,0,0
56875,3.264,61.90,205.00,1,0,0
56878,3.312,61.70,205.00,1,0,0
56880,3.312,61.80,205.00,1,0,0
56883,3.312,62.00,205.00,1,0,1
56885,3.308,62.20,206.00,1,0,1
56888,3.312,62.00,205.00,1,0,1
56890,3.312,61.90,205.00,1,0,1
56892,3.312,61.80,205.00,1,0,0
56895,3.304,65.30,202.00,1,0,0
56897,3.268,140.90,465.00,1,0,0
56900,3.312,62.10,206.00,1,0,0
56902,3.312,62.10,205.00,1,0,1
56915,3.284,104.90,323.00,1,0,0
56917,3.280,98.20,323.00,1,0,0
56920,3.312,62.00,205.00,1,0,0
56922,3.312,61.80,205.00,1,0,1
56925,3.312,61.90,205.00,1,0,1
56927,3.312,61.80,205.00,1,0,1
56930,3.308,62.00,205.00,1,0,1
56932,3.312,62.10,206.00,1,0,0
56935,3.312,62.00,205.00,1,0,0
56937,3.268,111.80,365.00,1,0,0
56940,3.304,61.90,205.00,1,0,0
56942,3.312,61.80,205.00,1,0,1
56945,3.304,61.90,205.00,1,0,1
56947,3.312,62.10,206.00,1,0,1
56960,3.292,167.90,215.00,1,0,0
56962,3.312,62.00,205.00,1,0,1
56965,3.312,62.10,205.00,1,0,1
56967,3.312,62.20,206.00,1,0,1
56970,3.312,62.10,206.00,1,0,1
56972,3.312,61.90,205.00,1,0,0
56975,3.304,70.20,205.00,1,0,0
56977,3.312,61.80,205.00,1,0,0
56980,3.312,62.00,205.00,1,0,0
56982,3.312,61.90,205.00,1,0,1
56985,3.264,120.10,349.00,1,0,1
56987,3.308,62.00,205.00,1,0,1
56989,3.308,61.90,205.00,1,0,1
56992,3.308,61.90,205.00,1,0,1
57005,3.272,128.20,215.00,1,0,1
57007,3.312,62.00,205.00,1,0,1
57010,3.312,62.00,205.00,1,0,1
57012,3.308,62.00,205.00,1,0,0
57014,3.312,62.00,205.00,1,0,0
57017,3.300,100.90,333.00,1,0,0
57019,3.288,98.00,308.00,1,0,0
57022,3.288,61.80,205.00,1,0,0
57024,3.312,61.90,205.00,1,0,1
57027,3.312,61.90,431.00,1,0,1
57029,3.276,63.00,208.00,1,0,1
57032,3.312,62.10,206.00,1,0,1
57034,3.312,75.10,249.00,1,0,0
57037,3.312,62.00,205.00,1,0,0
57049,3.312,66.60,469.00,1,0,1
57052,3.264,62.10,206.00,1,0,1
57054,3.308,72.40,239.00,1,0,0
57057,3.312,61.80,205.00,1,0,0
57059,3.312,61.80,205.00,1,0,0
57062,3.312,61.90,205.00,1,0,0
57064,3.312,71.30,206.00,1,0,1
57067,3.312,62.10,206.00,1,0,1
57069,3.308,62.10,206.00,1,0,1
57072,3.284,156.90,369.00,1,0,1
57074,3.312,65.30,216.00,1,0,0
57077,3.312,61.80,205.00,1,0,0
57079,3.312,61.90,205.00,1,0,0
57082,3.312,62.00,205.00,1,0,0
57094,3.276,63.60,205.00,1,0,0
57097,3.312,62.00,205.00,1,0,0
57099,3.312,62.10,206.00,1,0,0
57102,3.312,62.00,205.00,1,0,0
57104,3.312,62.00,205.00,1,0,1
57107,3.312,61.80,205.00,1,0,1
57109,3.312,62.10,205.00,1,0,1
57111,3.312,62.00,205.00,1,0,1
57114,3.312,81.40,267.00,1,0,0
57116,3.268,69.20,205.00,1,0,0
57119,3.312,105.80,349.00,1,0,0
57121,3.288,97.90,321.00,1,0,0
57124,3.288,90.70,280.00,1,0,1
57126,3.312,62.00,205.00,1,0,1
57139,3.312,61.80,474.00,1,0,0
57141,3.276,61.80,205.00,1,0,0
57144,3.312,63.00,208.00,1,0,1
57146,3.312,62.00,205.00,1,0,1
57149,3.308,63.20,210.00,1,0,1
57151,3.312,62.00,205.00,1,0,1
57154,3.312,61.90,223.00,1,0,0
57156,3.312,61.70,205.00,1,0,0
57159,3.312,61.80,205.00,1,0,0
57161,3.312,61.80,292.00,1,0,0
57164,3.276,111.70,370.00,1,0,1
57166,3.312,61.90,205.00,1,0,1
57169,3.312,62.00,205.00,1,0,1
57171,3.312,61.80,205.00,1,0,1
57184,3.288,166.20,354.00,1,0,1
57186,3.312,62.10,206.00,1,0,1
57189,3.312,61.80,205.00,1,0,1
57191,3.312,61.90,205.00,1,0,1
57194,3.312,67.20,223.00,1,0,0
57196,3.312,61.80,205.00,1,0,0
57199,3.312,61.90,205.00,1,0,0
57201,3.312,61.90,205.00,1,0,0
57204,3.268,130.40,429.00,1,0,1
57206,3.304,61.90,205.00,1,0,1
57209,3.312,62.90,208.00,1,0,1
57211,3.312,61.90,205.00,1,0,1
57213,3.312,61.90,246.00,1,0,0
57216,3.312,61.80,205.00,1,0,0
57229,3.288,63.70,211.00,1,0,1
57231,3.312,62.00,205.00,1,0,1
57234,3.312,61.90,259.00,1,0,0
57236,3.312,61.80,205.00,1,0,0
57238,3.312,61.80,205.00,1,0,0
57241,3.312,61.80,205.00,1,0,0
57243,3.312,61.70,241.00,1,0,1
57246,3.308,132.50,433.00,1,0,1
57248,3.312,62.00,205.00,1,0,1
57251,3.312,61.90,205.00,1,0,1
57253,3.308,61.90,205.00,1,0,0
57256,3.312,61.80,205.00,1,0,0
57258,3.312,61.80,205.00,1,0,0
57261,3.308,61.80,205.00,1,0,0
57273,3.312,64.30,213.00,1,0,0
57276,3.312,61.80,205.00,1,0,0
57278,3.312,61.80,205.00,1,0,0
57281,3.312,61.90,205.00,1,0,0
57283,3.312,61.80,205.00,1,0,1
57286,3.312,62.00,205.00,1,0,1
57288,3.312,62.60,205.00,1,0,1
57291,3.264,109.50,362.00,1,0,1
57293,3.312,62.00,205.00,1,0,0
57296,3.312,61.90,205.00,1,0,0
57298,3.312,61.80,205.00,1,0,0
57301,3.312,61.90,205.00,1,0,0
57303,3.312,61.90,205.00,1,0,1
57306,3.304,62.00,205.00,1,0,1
57318,3.312,61.90,205.00,1,0,0
57321,3.312,61.80,205.00,1,0,0
57323,3.312,61.90,319.00,1,0,1
57326,3.292,98.60,324.00,1,0,1
57328,3.288,91.10,301.00,1,0,1
57331,3.312,62.00,205.00,1,0,1
57333,3.312,62.10,203.00,1,0,0
57335,3.276,106.00,347.00,1,0,0
57338,3.312,62.00,205.00,1,0,0
57340,3.312,62.00,205.00,1,0,0
57343,3.312,61.90,205.00,1,0,1
57345,3.312,61.90,205.00,1,0,1
57348,3.312,62.00,205.00,1,0,1
57350,3.308,62.10,205.00,1,0,1
57363,3.312,61.90,205.00,1,0,1
57365,3.312,62.00,205.00,1,0,1
57368,3.312,62.10,205.00,1,0,1
57370,3.308,62.10,206.00,1,0,1
57373,3.312,62.00,205.00,1,0,0
57375,3.304,62.80,203.00,1,0,0
57378,3.272,168.10,554.00,1,0,0
57380,3.312,62.00,205.00,1,0,0
57383,3.312,62.00,205.00,1,0,1
57385,3.308,62.10,206.00,1,0,1
57388,3.312,62.00,205.00,1,0,1
57390,3.312,62.00,205.00,1,0,1
57393,3.312,62.00,205.00,1,0,0
57395,3.312,61.80,205.00,1,0,0
57408,3.312,62.00,205.00,1,0,1
57410,3.312,62.00,205.00,1,0,1
57413,3.312,62.00,205.00,1,0,0
57415,3.304,62.00,205.00,1,0,0
57418,3.312,62.00,205.00,1,0,0
57420,3.312,62.00,205.00,1,0,0
57423,3.316,61.90,203.00,1,0,1
57425,3.252,130.00,429.00,1,0,1
57428,3.292,98.40,323.00,1,0,1
57430,3.288,93.10,306.00,1,0,1
57432,3.308,62.00,205.00,1,0,0
57435,3.296,62.70,205.00,1,0,0
57437,3.312,62.00,205.00,1,0,0
57440,3.312,61.90,205.00,1,0,0
57453,3.312,62.10,206.00,1,0,0
57455,3.308,61.90,205.00,1,0,0
57458,3.312,61.90,205.00,1,0,0
57460,3.312,61.80,205.00,1,0,0
57462,3.312,61.70,205.00,1,0,1
57465,3.312,61.90,205.00,1,0,1
57467,3.312,62.10,206.00,1,0,1
57470,3.288,106.20,346.00,1,0,1
57472,3.252,87.20,206.00,1,0,0
57475,3.312,61.90,205.00,1,0,0
57477,3.312,62.70,208.00,1,0,0
57480,3.312,61.80,205.00,1,0,0
57482,3.312,61.90,205.00,1,0,1
57485,3.308,62.20,206.00,1,0,1
57497,3.312,62.00,205.00,1,0,0
57500,3.312,62.00,205.00,1,0,0
57502,3.312,62.10,205.00,1,0,1
57505,3.312,62.00,205.00,1,0,1
57507,3.312,61.90,205.00,1,0,1
57510,3.312,61.80,205.00,1,0,1
57512,3.312,61.90,205.00,1,0,0
57515,3.300,62.00,203.00,1,0,0
57517,3.264,97.50,206.00,1,0,0
57520,3.312,62.00,205.00,1,0,0
57522,3.312,61.90,205.00,1,0,1
57525,3.312,62.30,205.00,1,0,1
57527,3.312,61.80,205.00,1,0,1
57529,3.284,98.10,323.00,1,0,1
57542,3.312,61.80,205.00,1,0,1
57545,3.304,63.20,210.00,1,0,1
57547,3.312,62.00,205.00,1,0,1
57550,3.312,62.10,206.00,1,0,1
57552,3.308,62.10,205.00,1,0,0
57554,3.308,72.20,205.00,1,0,0
57557,3.312,61.80,205.00,1,0,0
57559,3.308,61.80,205.00,1,0,0
57562,3.276,119.40,205.00,1,0,0
57564,3.312,62.10,205.00,1,0,1
57567,3.312,62.20,206.00,1,0,1
57569,3.308,63.20,206.00,1,0,1
57572,3.312,62.00,205.00,1,0,1
57574,3.312,72.80,241.00,1,0,0
57587,3.312,62.20,206.00,1,0,1
57589,3.312,63.10,205.00,1,0,1
57592,3.312,61.90,205.00,1,0,1
57594,3.308,66.90,221.00,1,0,0
57597,3.312,61.90,205.00,1,0,0
57599,3.312,62.00,206.00,1,0,0
57602,3.312,62.10,205.00,1,0,0
57604,3.276,145.90,483.00,1,0,1
57607,3.312,62.00,205.00,1,0,1
57609,3.312,62.00,205.00,1,0,1
57612,3.312,61.90,205.00,1,0,1
57614,3.312,62.50,205.00,1,0,0
57617,3.312,62.10,206.00,1,0,0
57619,3.312,62.10,206.00,1,0,0
57632,3.280,99.30,328.00,1,0,1
57634,3.292,109.30,308.00,1,0,0
57637,3.288,62.00,205.00,1,0,0
57639,3.312,61.80,205.00,1,0,0
57642,3.312,61.80,205.00,1,0,0
57644,3.312,79.00,259.00,1,0,1
57647,3.272,111.40,369.00,1,0,1
57649,3.312,63.50,210.00,1,0,1
57652,3.312,62.10,206.00,1,0,1
57654,3.312,76.10,252.00,1,0,0
57656,3.312,61.80,205.00,1,0,0
57659,3.312,61.70,205.00,1,0,0
57661,3.312,61.80,205.00,1,0,0
57664,3.312,65.90,218.00,1,0,1
57677,3.312,61.80,205.00,1,0,0
57679,3.312,61.90,205.00,1,0,0
57681,3.312,62.00,205.00,1,0,0
57684,3.312,62.70,208.00,1,0,1
57686,3.312,62.10,247.00,1,0,1
57689,3.272,130.60,433.00,1,0,1
57691,3.312,61.90,205.00,1,0,1
57694,3.312,61.90,205.00,1,0,0
57696,3.312,61.90,205.00,1,0,0
57699,3.312,62.00,205.00,1,0,0
57701,3.312,62.00,205.00,1,0,0
57704,3.312,61.90,205.00,1,0,1
57706,3.312,61.80,205.00,1,0,1
57709,3.308,61.90,205.00,1,0,1
57721,3.312,61.80,205.00,1,0,0
57724,3.312,61.70,205.00,1,0,1
57726,3.308,61.90,205.00,1,0,1
57729,3.308,62.80,208.00,1,0,1
57731,3.312,62.10,206.00,1,0,1
57734,3.312,113.00,370.00,1,0,0
57736,3.288,95.60,315.00,1,0,0
57739,3.288,93.60,239.00,1,0,0
57741,3.312,61.90,205.00,1,0,0
57744,3.312,62.30,206.00,1,0,1
57746,3.308,67.70,206.00,1,0,1
57749,3.312,63.10,208.00,1,0,1
57751,3.308,62.10,206.00,1,0,1
57753,3.312,62.00,205.00,1,0,0
57766,3.312,62.20,206.00,1,0,1
57769,3.312,62.10,206.00,1,0,1
57771,3.312,61.90,205.00,1,0,1
57774,3.312,61.90,205.00,1,0,0
57776,3.312,61.90,205.00,1,0,0
57778,3.312,134.90,441.00,1,0,0
57781,3.312,62.10,206.00,1,0,0
57783,3.312,62.10,242.00,1,0,1
57786,3.308,62.20,206.00,1,0,1
57788,3.312,62.00,205.00,1,0,1
57791,3.312,62.00,205.00,1,0,1
57793,3.312,63.00,208.00,1,0,0
57796,3.312,62.00,205.00,1,0,0
57798,3.312,62.00,206.00,1,0,0
57811,3.312,62.00,205.00,1,0,1
57813,3.312,62.10,234.00,1,0,0
57816,3.308,62.10,206.00,1,0,0
57818,3.312,62.00,205.00,1,0,0
57821,3.312,61.90,205.00,1,0,0
57823,3.312,61.90,205.00,1,0,1
57826,3.308,62.00,203.00,1,0,1
57828,3.264,143.10,210.00,1,0,1
57831,3.308,62.10,206.00,1,0,1
57833,3.308,62.10,205.00,1,0,0
57836,3.312,62.10,324.00,1,0,0
57838,3.292,98.10,323.00,1,0,0
57841,3.292,90.80,300.00,1,0,0
57843,3.312,62.00,224.00,1,0,1
57856,3.312,61.90,205.00,1,0,0
57858,3.312,61.90,205.00,1,0,0
57861,3.312,62.00,205.00,1,0,0
57863,3.312,62.00,205.00,1,0,1
57866,3.312,62.20,206.00,1,0,1
57868,3.312,62.10,206.00,1,0,1
57871,3.308,62.00,205.00,1,0,1
57873,3.268,144.00,441.00,1,0,0
57875,3.300,62.00,205.00,1,0,0
57878,3.312,61.90,205.00,1,0,0
57880,3.308,62.00,205.00,1,0,0
57883,3.308,62.00,205.00,1,0,1
57885,3.308,62.10,205.00,1,0,1
57888,3.308,62.00,205.00,1,0,1
57900,3.312,62.00,205.00,1,0,0
57903,3.312,62.00,205.00,1,0,1
57905,3.300,61.90,205.00,1,0,1
57908,3.308,62.10,206.00,1,0,1
57910,3.308,62.00,206.00,1,0,1
57913,3.312,90.50,297.00,1,0,0
57915,3.264,67.60,224.00,1,0,0
57918,3.312,62.10,205.00,1,0,0
57920,3.312,61.90,205.00,1,0,0
57923,3.312,61.90,205.00,1,0,1
57925,3.312,62.00,205.00,1,0,1
57928,3.312,62.00,205.00,1,0,1
57930,3.308,62.10,206.00,1,0,1
57933,3.312,62.00,205.00,1,0,0
57945,3.312,61.90,205.00,1,0,1
57948,3.312,62.00,205.00,1,0,1
57950,3.308,62.00,205.00,1,0,1
57953,3.312,62.00,205.00,1,0,0
57955,3.300,61.90,205.00,1,0,0
57958,3.312,61.90,205.00,1,0,0
57960,3.312,61.90,203.00,1,0,0
57963,3.280,131.10,206.00,1,0,1
57965,3.312,62.00,205.00,1,0,1
57968,3.308,62.10,205.00,1,0,1
57970,3.312,62.00,205.00,1,0,1
57972,3.312,61.90,205.00,1,0,0
57975,3.304,61.90,205.00,1,0,0
57977,3.312,61.90,205.00,1,0,0
57990,3.308,62.10,205.00,1,0,1
57993,3.308,62.00,205.00,1,0,0
57995,3.308,61.90,205.00,1,0,0
57997,3.308,61.80,205.00,1,0,0
58000,3.312,61.80,205.00,1,0,0
58002,3.308,61.90,205.00,1,0,1
58005,3.308,62.00,205.00,1,0,1
58007,3.308,61.90,455.00,1,0,1
58010,3.272,104.30,346.00,1,0,1
58012,3.308,62.00,205.00,1,0,0
58015,3.308,73.10,205.00,1,0,0
58017,3.308,61.90,205.00,1,0,0
58020,3.312,61.90,205.00,1,0,0
58022,3.312,61.90,205.00,1,0,1
58035,3.272,107.80,205.00,1,0,0
58037,3.312,62.00,205.00,1,0,0
58040,3.312,61.90,205.00,1,0,0
58042,3.292,98.20,323.00,1,0,1
58045,3.292,91.00,300.00,1,0,1
58047,3.308,62.00,205.00,1,0,1
58050,3.308,62.00,205.00,1,0,1
58052,3.312,140.50,460.00,1,0,0
58055,3.256,74.80,247.00,1,0,0
58057,3.312,62.00,205.00,1,0,0
58060,3.312,61.90,205.00,1,0,0
58062,3.312,61.80,205.00,1,0,1
58065,3.308,62.00,205.00,1,0,1
58067,3.312,62.00,205.00,1,0,1
58080,3.312,61.90,205.00,1,0,0
58082,3.312,61.90,205.00,1,0,1
58085,3.300,62.10,205.00,1,0,1
58087,3.312,64.20,206.00,1,0,1
58090,3.312,62.00,205.00,1,0,1
58092,3.312,62.90,208.00,1,0,0
58094,3.312,75.20,205.00,1,0,0
58097,3.312,61.90,205.00,1,0,0
58099,3.312,142.40,465.00,1,0,0
58102,3.264,70.20,205.00,1,0,0
58104,3.312,62.00,205.00,1,0,1
58107,3.312,62.00,205.00,1,0,1
58109,3.312,63.10,210.00,1,0,1
58112,3.312,61.90,205.00,1,0,1
58124,3.312,142.50,472.00,1,0,1
58127,3.304,61.90,205.00,1,0,1
58129,3.312,61.90,205.00,1,0,1
58132,3.312,62.00,205.00,1,0,1
58134,3.308,62.00,205.00,1,0,0
58137,3.312,62.00,205.00,1,0,0
58139,3.312,61.90,205.00,1,0,0
58142,3.312,61.80,205.00,1,0,0
58144,3.288,104.30,344.00,1,0,1
58147,3.292,98.90,326.00,1,0,1
58149,3.292,62.10,205.00,1,0,1
58152,3.308,62.20,206.00,1,0,1
58154,3.308,66.40,205.00,1,0,0
58157,3.312,62.00,205.00,1,0,0
58169,3.272,64.60,206.00,1,0,1
58172,3.308,62.00,205.00,1,0,1
58174,3.308,75.00,247.00,1,0,0
58177,3.312,61.80,205.00,1,0,0
58179,3.312,62.00,205.00,1,0,0
58182,3.308,62.00,205.00,1,0,0
58184,3.308,62.90,206.00,1,0,1
58187,3.308,62.10,205.00,1,0,1
58189,3.284,122.90,403.00,1,0,1
58191,3.284,62.20,205.00,1,0,1
58194,3.308,73.80,244.00,1,0,0
58196,3.308,61.90,205.00,1,0,0
58199,3.308,62.00,205.00,1,0,0
58201,3.308,62.20,206.00,1,0,0
58214,3.312,62.00,213.00,1,0,0
58217,3.312,62.10,206.00,1,0,0
58219,3.312,62.10,206.00,1,0,0
58221,3.312,62.00,205.00,1,0,0
58224,3.312,62.40,206.00,1,0,1
58226,3.312,61.80,205.00,1,0,1
58229,3.312,61.90,205.00,1,0,1
58231,3.308,62.00,205.00,1,0,1
58234,3.268,141.80,469.00,1,0,0
58236,3.312,62.10,205.00,1,0,0
58239,3.308,62.00,205.00,1,0,0
58241,3.312,61.90,205.00,1,0,0
58244,3.312,61.90,205.00,1,0,1
58246,3.312,95.20,313.00,1,0,1
58259,3.312,61.70,205.00,1,0,0
58261,3.312,61.70,205.00,1,0,0
58264,3.312,61.80,203.00,1,0,1
58266,3.312,62.00,205.00,1,0,1
58269,3.312,63.20,210.00,1,0,1
58271,3.308,62.00,205.00,1,0,1
58274,3.312,61.80,249.00,1,0,0
58276,3.312,143.00,467.00,1,0,0
58279,3.308,61.70,205.00,1,0,0
58281,3.312,61.80,205.00,1,0,0
58284,3.312,63.30,210.00,1,0,1
58286,3.312,62.00,205.00,1,0,1
58289,3.312,61.90,208.00,1,0,1
58291,3.312,61.80,205.00,1,0,1
58304,3.312,63.20,210.00,1,0,1
58306,3.308,61.80,205.00,1,0,1
58309,3.308,61.80,205.00,1,0,1
58311,3.312,61.80,205.00,1,0,1
58314,3.308,62.20,205.00,1,0,0
58316,3.308,61.90,205.00,1,0,0
58318,3.312,62.00,205.00,1,0,0
58321,3.312,143.40,469.00,1,0,0
58323,3.312,61.80,205.00,1,0,1
58326,3.312,61.80,205.00,1,0,1
58328,3.312,61.80,205.00,1,0,1
58331,3.308,62.00,205.00,1,0,1
58333,3.312,62.00,224.00,1,0,0
58336,3.304,61.90,205.00,1,0,0
58348,3.312,99.10,326.00,1,0,1
58351,3.288,98.60,324.00,1,0,1
58353,3.288,92.80,351.00,1,0,0
58356,3.288,61.80,205.00,1,0,0
58358,3.312,61.70,205.00,1,0,0
58361,3.308,61.70,205.00,1,0,0
58363,3.312,100.90,331.00,1,0,1
58366,3.272,110.50,365.00,1,0,1
58368,3.312,62.10,211.00,1,0,1
58371,3.312,62.00,205.00,1,0,1
58373,3.312,61.80,205.00,1,0,0
58376,3.312,61.70,205.00,1,0,0
58378,3.312,61.70,205.00,1,0,0
58381,3.312,61.90,205.00,1,0,0
58393,3.312,61.80,203.00,1,0,0
58396,3.312,61.80,205.00,1,0,0
58398,3.312,61.90,208.00,1,0,0
58401,3.312,62.00,205.00,1,0,0
58403,3.308,61.80,205.00,1,0,1
58406,3.312,61.80,457.00,1,0,1
58408,3.296,62.00,205.00,1,0,1
58411,3.308,61.80,205.00,1,0,1
58413,3.308,61.90,215.00,1,0,0
58415,3.304,61.90,205.00,1,0,0
58418,3.312,62.00,205.00,1,0,0
58420,3.312,61.80,205.00,1,0,0
58423,3.312,61.70,205.00,1,0,1
58425,3.312,61.80,205.00,1,0,1
58438,3.312,61.70,205.00,1,0,0
58440,3.312,61.70,205.00,1,0,0
58443,3.312,61.70,205.00,1,0,1
58445,3.304,62.00,205.00,1,0,1
58448,3.312,62.00,205.00,1,0,1
58450,3.312,72.90,321.00,1,0,1
58453,3.292,101.00,333.00,1,0,0
58455,3.308,61.80,205.00,1,0,0
58458,3.312,61.70,205.00,1,0,0
58460,3.312,61.80,205.00,1,0,0
58463,3.312,61.90,205.00,1,0,1
58465,3.312,62.00,206.00,1,0,1
58468,3.312,62.10,205.00,1,0,1
58470,3.308,61.90,205.00,1,0,1
58483,3.312,62.00,205.00,1,0,1
58485,3.312,62.00,205.00,1,0,1
58488,3.312,61.90,205.00,1,0,1
58490,3.308,61.90,205.00,1,0,1
58493,3.312,61.90,205.00,1,0,0
58495,3.304,61.90,202.00,1,0,0
58498,3.268,140.10,464.00,1,0,0
58500,3.312,62.10,206.00,1,0,0
58503,3.308,61.90,205.00,1,0,1
58505,3.304,61.90,205.00,1,0,1
58508,3.312,61.90,205.00,1,0,1
58510,3.312,61.90,205.00,1,0,1
58512,3.308,61.90,205.00,1,0,0
58515,3.304,62.00,205.00,1,0,0
58528,3.312,62.00,205.00,1,0,1
58530,3.312,62.00,205.00,1,0,1
58533,3.308,62.10,205.00,1,0,0
58535,3.312,61.90,205.00,1,0,0
58537,3.312,61.70,205.00,1,0,0
58540,3.312,61.70,205.00,1,0,0
58542,3.312,142.80,465.00,1,0,1
58545,3.308,62.00,205.00,1,0,1
58547,3.312,62.00,206.00,1,0,1
58550,3.312,62.00,205.00,1,0,1
58552,3.312,62.60,205.00,1,0,0
58555,3.284,105.20,324.00,1,0,0
58557,3.292,87.20,288.00,1,0,0
58560,3.312,61.90,205.00,1,0,0
58572,3.308,61.90,205.00,1,0,0
58575,3.300,61.90,205.00,1,0,0
58577,3.312,61.90,205.00,1,0,0
58580,3.312,61.90,205.00,1,0,0
58582,3.312,61.90,205.00,1,0,1
58585,3.312,62.00,205.00,1,0,1
58587,3.308,61.90,205.00,1,0,1
58590,3.308,143.60,469.00,1,0,1
58592,3.268,66.40,205.00,1,0,0
58595,3.312,61.90,205.00,1,0,0
58597,3.312,62.00,205.00,1,0,0
58600,3.312,63.60,205.00,1,0,0
58602,3.312,61.90,205.00,1,0,1
58605,3.308,61.90,205.00,1,0,1
58617,3.312,61.90,205.00,1,0,0
58620,3.312,61.80,205.00,1,0,0
58622,3.312,61.80,205.00,1,0,1
58625,3.312,62.00,205.00,1,0,1
58627,3.312,62.00,205.00,1,0,1
58630,3.308,62.70,205.00,1,0,1
58632,3.308,140.90,459.00,1,0,0
58634,3.300,71.50,238.00,1,0,0
58637,3.312,61.90,205.00,1,0,0
58639,3.312,61.90,205.00,1,0,0
58642,3.312,61.90,205.00,1,0,0
58644,3.312,62.80,205.00,1,0,1
58647,3.312,62.00,205.00,1,0,1
58649,3.308,62.00,205.00,1,0,1
58662,3.312,61.90,205.00,1,0,0
58664,3.312,62.10,205.00,1,0,1
58667,3.312,62.00,205.00,1,0,1
58669,3.312,62.00,205.00,1,0,1
58672,3.308,62.00,205.00,1,0,1
58674,3.312,63.80,205.00,1,0,0
58677,3.312,61.90,205.00,1,0,0
58679,3.264,143.00,472.00,1,0,0
58682,3.312,62.00,205.00,1,0,0
58684,3.312,62.60,206.00,1,0,1
58687,3.312,62.00,205.00,1,0,1
58689,3.308,63.10,205.00,1,0,1
58692,3.308,62.00,205.00,1,0,1
58694,3.312,73.00,242.00,1,0,0
58707,3.312,61.90,205.00,1,0,1
58709,3.312,63.10,205.00,1,0,1
58712,3.312,62.00,205.00,1,0,1
58714,3.312,74.60,247.00,1,0,0
58717,3.312,61.90,205.00,1,0,0
58719,3.312,123.60,405.00,1,0,0
58722,3.284,62.00,205.00,1,0,0
58724,3.312,63.20,205.00,1,0,1
58727,3.312,62.00,205.00,1,0,1
58729,3.312,62.00,205.00,1,0,1
58732,3.312,62.00,205.00,1,0,1
58734,3.308,62.00,213.00,1,0,0
58736,3.312,62.00,205.00,1,0,0
58739,3.312,61.90,202.00,1,0,0
58752,3.312,62.10,205.00,1,0,1
58754,3.308,62.60,205.00,1,0,0
58757,3.312,61.90,203.00,1,0,0
58759,3.288,98.90,326.00,1,0,0
58761,3.292,98.00,301.00,1,0,0
58764,3.308,124.60,408.00,1,0,1
58766,3.272,66.50,220.00,1,0,1
58769,3.308,62.10,206.00,1,0,1
58771,3.312,62.10,206.00,1,0,1
58774,3.308,69.40,229.00,1,0,0
58776,3.312,61.80,205.00,1,0,0
58779,3.312,61.80,205.00,1,0,0
58781,3.312,61.90,205.00,1,0,0
58784,3.312,61.90,205.00,1,0,1
58796,3.312,61.90,205.00,1,0,0
58799,3.312,61.90,205.00,1,0,0
58801,3.308,62.00,205.00,1,0,0
58804,3.312,69.80,231.00,1,0,1
58806,3.312,62.00,205.00,1,0,1
58809,3.312,62.70,208.00,1,0,1
58811,3.264,112.40,367.00,1,0,1
58814,3.304,62.00,238.00,1,0,0
58816,3.312,61.90,205.00,1,0,0
58819,3.312,62.00,205.00,1,0,0
58821,3.312,61.90,205.00,1,0,0
58824,3.312,62.80,208.00,1,0,1
58826,3.312,61.90,205.00,1,0,1
58829,3.308,61.80,205.00,1,0,1
58841,3.312,61.80,205.00,1,0,0
58844,3.312,61.80,205.00,1,0,1
58846,3.312,61.90,205.00,1,0,1
58849,3.312,61.90,205.00,1,0,1
58851,3.312,62.00,205.00,1,0,1
58854,3.308,65.70,216.00,1,0,0
58856,3.312,61.90,203.00,1,0,0
58858,3.272,141.20,205.00,1,0,0
58861,3.296,100.50,331.00,1,0,0
58863,3.288,97.50,319.00,1,0,1
58866,3.312,62.00,205.00,1,0,1
58873,3.312,61.90,205.00,1,0,0
58876,3.308,61.80,205.00,1,0,0
58878,3.312,129.90,424.00,1,0,0
58881,3.252,82.10,272.00,1,0,0
58883,3.312,62.00,210.00,1,0,1
58886,3.312,62.10,206.00,1,0,1
58888,3.312,62.00,205.00,1,0,1
58891,3.312,61.90,205.00,1,0,1
58893,3.312,61.80,205.00,1,0,0
58895,3.312,61.80,205.00,1,0,0
58908,3.312,61.90,205.00,1,0,1
58911,3.308,61.90,205.00,1,0,1
58913,3.312,61.90,205.00,1,0,0
58916,3.300,62.00,205.00,1,0,0
58918,3.312,62.10,206.00,1,0,0
58920,3.312,61.90,205.00,1,0,0
58923,3.312,61.90,202.00,1,0,1
58925,3.276,98.70,326.00,1,0,1
58928,3.308,61.90,205.00,1,0,1
58930,3.308,61.90,205.00,1,0,1
58933,3.308,62.10,206.00,1,0,0
58935,3.300,62.00,205.00,1,0,0
58938,3.312,61.90,205.00,1,0,0
58940,3.312,61.80,205.00,1,0,0
58953,3.312,62.10,205.00,1,0,0
58955,3.312,61.90,205.00,1,0,0
58958,3.312,61.70,205.00,1,0,0
58960,3.312,61.80,205.00,1,0,0
58963,3.304,104.10,323.00,1,0,1
58965,3.288,98.30,324.00,1,0,1
58968,3.292,62.20,206.00,1,0,1
58970,3.312,62.00,206.00,1,0,1
58973,3.268,144.20,264.00,1,0,0
58975,3.308,61.80,205.00,1,0,0
58978,3.312,61.80,205.00,1,0,0
58980,3.308,61.70,205.00,1,0,0
58983,3.312,61.90,205.00,1,0,1
58985,3.308,62.10,206.00,1,0,1
58998,3.312,62.00,205.00,1,0,0
59000,3.312,62.00,205.00,1,0,0
59003,3.312,61.90,205.00,1,0,1
59005,3.312,61.90,205.00,1,0,1
59008,3.312,61.80,213.00,1,0,1
59010,3.312,61.70,205.00,1,0,1
59013,3.312,61.80,205.00,1,0,0
59015,3.300,62.00,205.00,1,0,0
59017,3.312,140.40,457.00,1,0,0
59020,3.260,88.80,295.00,1,0,0
59022,3.312,61.80,205.00,1,0,1
59025,3.312,61.80,205.00,1,0,1
59027,3.312,61.80,205.00,1,0,1
59030,3.312,61.90,205.00,1,0,1
59042,3.308,61.80,205.00,1,0,1
59045,3.304,61.80,205.00,1,0,1
59047,3.308,62.00,205.00,1,0,1
59050,3.312,62.00,205.00,1,0,1
59052,3.312,62.10,205.00,1,0,0
59055,3.312,61.70,205.00,1,0,0
59057,3.312,61.70,205.00,1,0,0
59060,3.276,120.00,213.00,1,0,0
59062,3.312,61.80,205.00,1,0,1
59065,3.312,104.50,344.00,1,0,1
59067,3.292,98.30,324.00,1,0,1
59070,3.292,62.10,206.00,1,0,1
59072,3.312,61.90,205.00,1,0,0
59075,3.308,72.30,205.00,1,0,0
59087,3.308,62.00,205.00,1,0,1
59090,3.308,61.90,205.00,1,0,1
59092,3.312,61.90,205.00,1,0,0
59095,3.300,61.80,205.00,1,0,0
59097,3.312,62.00,205.00,1,0,0
59100,3.308,62.10,205.00,1,0,0
59102,3.308,62.00,205.00,1,0,1
59105,3.308,70.00,205.00,1,0,1
59107,3.312,148.00,485.00,1,0,1
59110,3.308,61.90,205.00,1,0,1
59112,3.304,62.10,206.00,1,0,1
59114,3.312,62.10,206.00,1,0,0
59117,3.312,62.00,205.00,1,0,0
59119,3.308,62.00,205.00,1,0,0
59132,3.308,62.20,206.00,1,0,0
59135,3.312,74.20,206.00,1,0,0
59137,3.312,61.80,205.00,1,0,0
59139,3.312,61.80,205.00,1,0,0
59142,3.312,61.80,205.00,1,0,0
59144,3.312,62.00,205.00,1,0,1
59147,3.312,62.00,205.00,1,0,1
59149,3.312,62.70,206.00,1,0,1
59152,3.312,62.10,205.00,1,0,1
59154,3.264,149.80,495.00,1,0,0
59157,3.312,61.90,205.00,1,0,0
59159,3.312,61.80,205.00,1,0,0
59162,3.312,61.90,205.00,1,0,0
59164,3.312,70.50,206.00,1,0,1
59177,3.276,130.30,426.00,1,0,0
59179,3.312,62.00,205.00,1,0,0
59182,3.312,62.00,205.00,1,0,0
59184,3.312,63.50,210.00,1,0,1
59187,3.312,61.90,205.00,1,0,1
59189,3.312,61.80,205.00,1,0,1
59192,3.312,61.80,205.00,1,0,1
59194,3.312,62.70,205.00,1,0,0
59197,3.312,61.90,205.00,1,0,0
59199,3.264,139.50,462.00,1,0,0
59202,3.312,61.90,205.00,1,0,0
59204,3.312,61.80,205.00,1,0,1
59207,3.312,61.70,205.00,1,0,1
59209,3.312,61.80,205.00,1,0,1
59222,3.312,61.70,365.00,1,0,0
59224,3.264,62.00,205.00,1,0,1
59227,3.312,62.00,205.00,1,0,1
59229,3.308,63.00,208.00,1,0,1
59232,3.312,62.00,206.00,1,0,1
59234,3.312,75.50,251.00,1,0,0
59236,3.312,61.80,205.00,1,0,0
59239,3.312,61.70,205.00,1,0,0
59241,3.312,61.80,205.00,1,0,0
59244,3.312,62.50,206.00,1,0,1
59246,3.276,125.70,518.00,1,0,1
59249,3.292,63.50,210.00,1,0,1
59251,3.312,62.00,205.00,1,0,1
59254,3.312,61.90,228.00,1,0,0
59266,3.312,62.00,205.00,1,0,1
59269,3.308,87.40,287.00,1,0,1
59271,3.292,98.10,323.00,1,0,1
59274,3.292,90.90,213.00,1,0,0
59276,3.312,61.90,205.00,1,0,0
59279,3.308,62.00,205.00,1,0,0
59281,3.308,62.10,206.00,1,0,0
59284,3.312,62.00,224.00,1,0,1
59286,3.308,62.20,206.00,1,0,1
59289,3.312,62.00,205.00,1,0,1
59291,3.308,97.90,514.00,1,0,1
59294,3.276,67.20,223.00,1,0,0
59296,3.308,62.10,206.00,1,0,0
59299,3.312,62.10,205.00,1,0,0
59311,3.312,62.10,206.00,1,0,1
59314,3.312,71.30,236.00,1,0,0
59316,3.268,144.30,472.00,1,0,0
59319,3.312,62.10,206.00,1,0,0
59321,3.312,61.80,205.00,1,0,0
59324,3.312,63.30,210.00,1,0,1
59326,3.312,62.10,205.00,1,0,1
59329,3.312,63.10,210.00,1,0,1
59331,3.312,62.10,206.00,1,0,1
59334,3.312,62.10,205.00,1,0,0
59336,3.312,62.10,205.00,1,0,0
59338,3.308,61.90,205.00,1,0,0
59341,3.264,142.50,470.00,1,0,0
59343,3.312,62.00,238.00,1,0,1
59356,3.312,62.00,205.00,1,0,0
59359,3.312,62.00,205.00,1,0,0
59361,3.272,125.80,415.00,1,0,0
59363,3.300,62.20,206.00,1,0,1
59366,3.308,62.20,206.00,1,0,1
59368,3.308,62.20,206.00,1,0,1
59371,3.312,62.00,246.00,1,0,1
59373,3.288,100.10,328.00,1,0,0
59376,3.292,97.20,319.00,1,0,0
59378,3.288,72.80,205.00,1,0,0
59381,3.312,62.00,205.00,1,0,0
59383,3.312,62.00,205.00,1,0,1
59386,3.268,126.30,557.00,1,0,1
59388,3.300,62.10,210.00,1,0,1
59401,3.308,62.00,205.00,1,0,0
59403,3.312,61.90,205.00,1,0,1
59406,3.308,62.00,205.00,1,0,1
59408,3.312,62.10,205.00,1,0,1
59411,3.268,142.70,472.00,1,0,1
59413,3.312,62.10,205.00,1,0,0
59416,3.312,62.00,205.00,1,0,0
59418,3.312,62.00,205.00,1,0,0
59421,3.312,61.90,205.00,1,0,0
59423,3.312,61.90,208.00,1,0,1
59426,3.312,62.00,205.00,1,0,1
59428,3.308,62.00,205.00,1,0,1
59431,3.312,62.00,205.00,1,0,1
59433,3.308,122.90,401.00,1,0,0
59446,3.312,61.90,205.00,1,0,1
59448,3.312,62.00,205.00,1,0,1
59451,3.308,62.00,205.00,1,0,1
59453,3.312,62.00,206.00,1,0,0
59456,3.304,61.90,205.00,1,0,0
59458,3.288,150.80,492.00,1,0,0
59460,3.312,62.00,205.00,1,0,0
59463,3.312,61.90,205.00,1,0,1
59465,3.308,62.10,205.00,1,0,1
59468,3.312,62.20,206.00,1,0,1
59470,3.312,62.10,206.00,1,0,1
59473,3.312,62.00,205.00,1,0,0
59475,3.272,98.30,323.00,1,0,0
59478,3.292,101.00,333.00,1,0,0
59490,3.308,62.10,206.00,1,0,1
59493,3.312,62.10,206.00,1,0,0
59495,3.308,61.80,205.00,1,0,0
59498,3.312,61.90,205.00,1,0,0
59500,3.312,146.80,478.00,1,0,0
59503,3.312,62.10,206.00,1,0,1
59505,3.312,62.10,205.00,1,0,1
59508,3.312,62.00,205.00,1,0,1
59510,3.312,61.90,205.00,1,0,1
59513,3.312,61.90,205.00,1,0,0
59515,3.308,62.00,205.00,1,0,0
59518,3.312,62.00,205.00,1,0,0
59520,3.312,62.10,211.00,1,0,0
59523,3.312,146.70,478.00,1,0,1
59535,3.300,62.20,206.00,1,0,0
59538,3.312,61.90,205.00,1,0,0
59540,3.312,62.00,205.00,1,0,0
59543,3.312,62.00,205.00,1,0,1
59545,3.312,143.90,470.00,1,0,1
59548,3.312,62.10,206.00,1,0,1
59550,3.312,62.10,206.00,1,0,1
59553,3.312,62.20,206.00,1,0,0
59555,3.304,62.00,205.00,1,0,0
59557,3.312,61.90,205.00,1,0,0
59560,3.312,61.90,205.00,1,0,0
59562,3.312,61.90,205.00,1,0,1
59565,3.312,62.00,205.00,1,0,1
59567,3.312,69.80,228.00,1,0,1
59580,3.288,98.00,323.00,1,0,0
59583,3.312,62.00,205.00,1,0,1
59585,3.304,62.30,206.00,1,0,1
59587,3.312,62.10,206.00,1,0,1
59590,3.312,141.50,462.00,1,0,1
59592,3.312,62.00,205.00,1,0,0
59595,3.308,76.70,205.00,1,0,0
59597,3.312,61.90,205.00,1,0,0
59600,3.312,62.10,206.00,1,0,0
59602,3.312,62.20,206.00,1,0,1
59605,3.312,62.10,206.00,1,0,1
59607,3.312,62.10,206.00,1,0,1
59610,3.312,61.90,205.00,1,0,1
59612,3.312,147.60,483.00,1,0,0
59625,3.312,61.90,205.00,1,0,1
59627,3.312,61.90,205.00,1,0,1
59630,3.312,62.00,205.00,1,0,1
59632,3.312,62.20,206.00,1,0,0
59635,3.304,62.10,206.00,1,0,0
59637,3.268,119.20,351.00,1,0,0
59640,3.312,62.00,205.00,1,0,0
59642,3.312,61.80,205.00,1,0,1
59645,3.304,63.60,205.00,1,0,1
59647,3.308,62.00,205.00,1,0,1
59650,3.308,62.20,206.00,1,0,1
59652,3.312,62.20,206.00,1,0,0
59654,3.312,71.60,205.00,1,0,0
59657,3.316,119.40,392.00,1,0,0
59670,3.312,62.10,206.00,1,0,1
59672,3.312,62.10,206.00,1,0,0
59675,3.312,73.30,205.00,1,0,0
59677,3.312,61.80,205.00,1,0,0
59680,3.288,108.10,356.00,1,0,0
59682,3.292,98.30,319.00,1,0,0
59684,3.292,62.30,206.00,1,0,1
59687,3.312,62.10,206.00,1,0,1
59689,3.312,63.20,205.00,1,0,1
59692,3.312,61.80,205.00,1,0,1
59694,3.308,69.20,229.00,1,0,0
59697,3.312,61.90,205.00,1,0,0
59699,3.312,62.00,205.00,1,0,0
59702,3.312,62.00,205.00,1,0,0
59714,3.312,62.10,206.00,1,0,0
59717,3.312,62.10,206.00,1,0,0
59719,3.312,62.10,205.00,1,0,0
59722,3.312,61.80,205.00,1,0,0
59724,3.312,61.80,205.00,1,0,1
59727,3.268,145.10,390.00,1,0,1
59729,3.312,62.00,205.00,1,0,1
59732,3.312,62.10,206.00,1,0,1
59734,3.312,68.00,206.00,1,0,0
59737,3.312,62.00,205.00,1,0,0
59739,3.312,61.80,205.00,1,0,0
59742,3.312,61.80,205.00,1,0,0
59744,3.312,62.00,205.00,1,0,1
59747,3.308,62.10,206.00,1,0,1
59759,3.312,61.80,205.00,1,0,0
59762,3.312,61.90,205.00,1,0,0
59764,3.312,65.20,206.00,1,0,1
59767,3.312,62.20,206.00,1,0,1
59769,3.308,62.80,208.00,1,0,1
59772,3.312,61.90,205.00,1,0,1
59774,3.312,151.20,493.00,1,0,0
59777,3.312,61.90,205.00,1,0,0
59779,3.312,61.90,205.00,1,0,0
59781,3.312,100.50,331.00,1,0,0
59784,3.292,99.80,329.00,1,0,1
59786,3.292,91.30,205.00,1,0,1
59789,3.312,61.80,205.00,1,0,1
59791,3.312,61.80,205.00,1,0,1
59804,3.312,61.90,205.00,1,0,1
59806,3.312,61.80,205.00,1,0,1
59809,3.312,61.80,205.00,1,0,1
59811,3.312,61.90,205.00,1,0,1
59814,3.312,64.50,213.00,1,0,0
59816,3.312,143.60,437.00,1,0,0
59819,3.268,62.10,206.00,1,0,0
59821,3.312,61.80,205.00,1,0,0
59824,3.312,61.70,205.00,1,0,1
59826,3.308,61.90,205.00,1,0,1
59829,3.312,62.90,208.00,1,0,1
59831,3.312,62.00,205.00,1,0,1
59834,3.308,74.00,246.00,1,0,0
59836,3.312,61.90,205.00,1,0,0
59849,3.312,63.10,210.00,1,0,1
59851,3.312,62.10,206.00,1,0,1
59854,3.308,61.90,241.00,1,0,0
59856,3.308,61.60,205.00,1,0,0
59859,3.312,61.70,205.00,1,0,0
59861,3.312,61.80,202.00,1,0,0
59864,3.268,97.80,321.00,1,0,1
59866,3.312,62.20,206.00,1,0,1
59869,3.312,62.10,205.00,1,0,1
59871,3.308,61.80,205.00,1,0,1
59874,3.312,61.90,205.00,1,0,0
59876,3.312,61.70,205.00,1,0,0
59878,3.312,61.80,205.00,1,0,0
59881,3.312,62.00,205.00,1,0,0
59894,3.312,63.00,208.00,1,0,0
59896,3.312,61.90,205.00,1,0,0
59899,3.312,62.10,206.00,1,0,0
59901,3.312,62.10,206.00,1,0,0
59903,3.312,61.90,205.00,1,0,1
59906,3.312,61.90,205.00,1,0,1
59908,3.312,111.90,365.00,1,0,1
59911,3.312,62.10,205.00,1,0,1
59913,3.312,62.10,233.00,1,0,0
59916,3.308,62.10,206.00,1,0,0
59918,3.312,62.00,205.00,1,0,0
59921,3.312,61.90,205.00,1,0,0
59923,3.312,61.90,205.00,1,0,1
59926,3.312,62.00,205.00,1,0,1
59938,3.312,61.80,205.00,1,0,0
59941,3.312,61.80,205.00,1,0,0
59943,3.312,67.40,223.00,1,0,1
59946,3.308,62.10,206.00,1,0,1
59948,3.312,62.10,208.00,1,0,1
59951,3.312,122.80,401.00,1,0,1
59953,3.268,62.10,205.00,1,0,0
59956,3.312,61.80,205.00,1,0,0
59958,3.308,61.80,205.00,1,0,0
59961,3.312,62.00,205.00,1,0,0
59963,3.312,62.00,205.00,1,0,1
59966,3.312,62.20,205.00,1,0,1
59968,3.312,62.10,206.00,1,0,1
59971,3.312,61.90,205.00,1,0,1
59983,3.312,62.00,205.00,1,0,1
59986,3.312,62.10,344.00,1,0,1
59988,3.292,98.20,323.00,1,0,1
59991,3.292,91.00,300.00,1,0,1
59993,3.312,62.00,218.00,1,0,0
59996,3.284,119.50,392.00,1,0,0
59998,3.312,62.10,206.00,1,0,0
60000,3.312,62.00,205.00,1,0,0
60003,3.312,61.90,205.00,1,0,1
60005,3.300,62.00,205.00,1,0,1
60008,3.312,62.10,206.00,1,0,1
60010,3.312,62.00,206.00,1,0,1
60013,3.312,62.10,206.00,1,0,0
60015,3.312,62.00,205.00,1,0,0
60028,3.312,62.10,206.00,1,0,1
60030,3.312,62.20,206.00,1,0,1
60033,3.312,62.10,205.00,1,0,0
60035,3.312,62.00,205.00,1,0,0
60038,3.312,62.70,205.00,1,0,0
60040,3.312,61.90,205.00,1,0,0
60043,3.312,139.40,455.00,1,0,1
60045,3.280,67.20,206.00,1,0,1
60048,3.312,62.00,205.00,1,0,1
60050,3.312,62.10,206.00,1,0,1
60053,3.308,62.00,205.00,1,0,0
60055,3.304,61.90,205.00,1,0,0
60058,3.312,62.00,205.00,1,0,0
60060,3.312,61.90,205.00,1,0,0
60073,3.312,62.00,205.00,1,0,0
60075,3.300,62.00,205.00,1,0,0
60078,3.312,62.00,205.00,1,0,0
60080,3.312,62.00,205.00,1,0,0
60083,3.312,61.90,205.00,1,0,1
60085,3.312,62.00,203.00,1,0,1
60088,3.276,122.70,406.00,1,0,1
60090,3.292,98.60,326.00,1,0,1
60093,3.292,98.70,324.00,1,0,0
60095,3.284,91.00,301.00,1,0,0
60098,3.312,61.90,205.00,1,0,0
60100,3.308,62.00,205.00,1,0,0
60102,3.312,62.00,205.00,1,0,1
60105,3.312,62.10,206.00,1,0,1
60118,3.312,62.00,205.00,1,0,0
60120,3.308,62.00,205.00,1,0,0
60123,3.312,61.90,205.00,1,0,1
60125,3.308,62.10,206.00,1,0,1
60127,3.312,62.10,206.00,1,0,1
60130,3.312,62.00,205.00,1,0,1
60132,3.312,62.00,205.00,1,0,0
60135,3.304,63.60,470.00,1,0,0
60137,3.264,62.00,205.00,1,0,0
60140,3.312,63.00,208.00,1,0,0
60142,3.312,62.00,205.00,1,0,1
60145,3.312,61.90,205.00,1,0,1
60147,3.312,62.00,205.00,1,0,1
60150,3.312,62.00,206.00,1,0,1
60162,3.284,65.70,218.00,1,0,1
60165,3.312,62.10,206.00,1,0,1
60167,3.312,62.10,206.00,1,0,1
60170,3.308,62.10,206.00,1,0,1
60172,3.312,62.00,205.00,1,0,0
60175,3.312,62.00,205.00,1,0,0
60177,3.312,61.90,205.00,1,0,0
60180,3.312,61.80,205.00,1,0,0
60182,3.312,61.90,205.00,1,0,1
60185,3.264,143.30,469.00,1,0,1
60187,3.312,62.20,206.00,1,0,1
60190,3.312,62.00,205.00,1,0,1
60192,3.292,98.50,324.00,1,0,0
60195,3.292,115.40,318.00,1,0,0
60207,3.264,144.10,469.00,1,0,1
60210,3.304,62.10,205.00,1,0,1
60212,3.308,61.90,205.00,1,0,0
60215,3.304,70.00,233.00,1,0,0
60217,3.308,62.00,205.00,1,0,0
60220,3.312,62.00,205.00,1,0,0
60222,3.308,61.90,205.00,1,0,1
60224,3.312,62.50,205.00,1,0,1
60227,3.308,61.90,205.00,1,0,1
60229,3.308,74.60,247.00,1,1,0
60232,3.308,65.90,218.00,1,1,0
60234,3.312,66.00,218.00,1,1,0
60237,3.312,66.00,218.00,1,1,0
60239,3.308,65.80,249.00,1,1,0
60252,3.292,91.40,300.00,1,1,0
60254,3.292,91.40,300.00,1,1,0
60257,3.292,91.50,301.00,1,1,0
60259,3.292,100.80,328.00,1,1,0
60262,3.296,98.50,324.00,1,1,0
60264,3.292,98.10,323.00,1,1,0
60267,3.292,98.50,324.00,1,1,0
60269,3.296,98.80,326.00,1,1,0
60272,3.292,98.30,324.00,1,1,0
60274,3.292,98.40,324.00,1,1,0
60277,3.292,98.10,323.00,1,1,0
60279,3.292,98.60,324.00,1,1,0
60282,3.292,98.50,324.00,1,1,0
60284,3.292,98.40,324.00,1,1,0
60297,3.276,103.10,313.00,1,1,0
60299,3.288,101.80,334.00,1,1,0
60302,3.276,102.40,334.00,1,1,0
60304,3.288,93.80,308.00,1,1,0
60307,3.288,93.80,308.00,1,1,0
60309,3.288,93.70,308.00,1,1,0
60312,3.288,93.70,308.00,1,1,0
60314,3.292,93.80,308.00,1,1,0
60317,3.288,93.50,308.00,1,1,0
60319,3.288,93.50,308.00,1,1,0
60322,3.288,94.40,318.00,1,1,0
60324,3.292,98.40,324.00,1,1,0
60326,3.292,99.20,326.00,1,1,0
60329,3.292,97.80,323.00,1,1,0
60342,3.292,98.90,324.00,1,1,0
60344,3.296,98.70,324.00,1,1,0
60347,3.288,89.80,295.00,1,1,0
60349,3.292,98.50,328.00,1,1,0
60351,3.296,98.40,324.00,1,1,0
60354,3.276,102.80,338.00,1,1,0
60356,3.276,103.90,300.00,1,1,0
60359,3.288,91.30,300.00,1,1,0
60361,3.288,97.00,319.00,1,1,0
60364,3.292,99.30,324.00,1,1,0
60366,3.292,93.70,308.00,1,1,0
60369,3.292,94.50,311.00,1,1,0
60371,3.292,98.10,323.00,1,1,0
60374,3.288,93.30,323.00,1,1,0
60386,3.292,99.00,324.00,1,1,0
60389,3.292,98.70,324.00,1,1,0
60391,3.292,98.30,324.00,1,1,0
60394,3.292,98.40,323.00,1,1,0
60396,3.292,99.00,326.00,1,1,0
60399,3.292,98.60,324.00,1,1,0
60401,3.288,91.90,318.00,1,1,0
60404,3.292,99.30,328.00,1,1,0
60406,3.292,120.20,393.00,1,0,1
60409,3.292,96.60,490.00,1,0,1
60411,3.268,138.60,454.00,1,0,0
60414,3.292,98.70,324.00,1,0,0
60416,3.292,98.40,308.00,1,0,0
60419,3.312,62.20,206.00,1,0,0
60431,3.312,62.20,210.00,1,0,0
60434,3.304,129.70,424.00,1,0,0
60436,3.272,108.80,360.00,1,0,0
60439,3.312,62.00,205.00,1,0,0
60441,3.308,61.90,205.00,1,0,1
60444,3.312,61.90,205.00,1,0,1
60446,3.312,62.00,208.00,1,0,1
60448,3.312,62.20,206.00,1,0,1
60451,3.312,62.20,206.00,1,0,0
60453,3.308,62.00,205.00,1,0,0
60456,3.316,61.80,205.00,1,0,0
60458,3.292,122.30,401.00,1,0,0
60461,3.284,62.10,205.00,1,0,1
60463,3.300,62.20,206.00,1,0,1
60476,3.312,61.80,205.00,1,0,0
60478,3.312,62.00,205.00,1,0,0
60481,3.312,62.10,205.00,1,0,1
60483,3.264,139.40,216.00,1,0,1
60486,3.308,62.20,206.00,1,0,1
60488,3.312,62.00,205.00,1,0,1
60491,3.312,61.90,205.00,1,0,0
60493,3.304,61.80,205.00,1,0,0
60496,3.312,62.00,205.00,1,0,0
60498,3.308,62.00,205.00,1,0,0
60501,3.308,62.10,205.00,1,0,1
60503,3.288,91.20,300.00,1,0,1
60506,3.312,61.90,205.00,1,0,1
60508,3.308,61.90,205.00,1,0,1
60521,3.312,61.90,205.00,1,0,0
60523,3.308,124.50,406.00,1,0,0
60526,3.280,67.90,224.00,1,0,1
60528,3.300,62.10,205.00,1,0,1
60531,3.308,62.10,206.00,1,0,1
60533,3.312,62.10,206.00,1,0,1
60536,3.312,62.10,205.00,1,0,0
60538,3.312,61.80,205.00,1,0,0
60541,3.312,61.80,205.00,1,0,0
60543,3.312,61.70,205.00,1,0,0
60545,3.312,62.00,205.00,1,0,1
60548,3.276,123.70,405.00,1,0,1
60550,3.312,62.20,206.00,1,0,1
60553,3.308,62.00,205.00,1,0,1
60566,3.312,62.00,205.00,1,0,1
60568,3.276,123.00,405.00,1,0,1
60571,3.296,62.00,205.00,1,0,1
60573,3.312,61.90,205.00,1,0,1
60575,3.312,61.80,205.00,1,0,0
60578,3.300,61.90,205.00,1,0,0
60580,3.312,62.00,205.00,1,0,0
60583,3.312,62.00,205.00,1,0,0
60585,3.312,62.00,205.00,1,0,1
60588,3.308,66.60,475.00,1,0,1
60590,3.264,62.00,205.00,1,0,1
60593,3.312,62.00,205.00,1,0,1
60595,3.312,62.00,205.00,1,0,0
60598,3.308,62.00,205.00,1,0,0
60610,3.268,143.10,474.00,1,0,1
60613,3.312,62.10,206.00,1,0,1
60615,3.312,62.10,206.00,1,0,0
60618,3.312,61.90,205.00,1,0,0
60620,3.312,61.90,205.00,1,0,0
60623,3.312,61.80,205.00,1,0,0
60625,3.312,61.90,205.00,1,0,1
60628,3.312,62.00,205.00,1,0,1
60630,3.312,62.10,206.00,1,0,1
60633,3.312,127.80,326.00,1,0,1
60635,3.252,62.20,206.00,1,0,0
60638,3.308,70.20,233.00,1,0,0
60640,3.312,61.80,205.00,1,0,0
60642,3.312,61.90,205.00,1,0,0
60655,3.276,61.90,205.00,1,0,0
60658,3.300,62.10,206.00,1,0,0
60660,3.312,61.90,205.00,1,0,0
60663,3.312,62.00,205.00,1,0,0
60665,3.312,62.00,205.00,1,0,1
60668,3.312,62.10,205.00,1,0,1
60670,3.308,61.90,205.00,1,0,1
60672,3.312,61.90,205.00,1,0,1
60675,3.264,139.20,206.00,1,0,1
60677,3.312,62.00,205.00,1,0,0
60680,3.312,62.00,205.00,1,0,0
60682,3.312,62.10,206.00,1,0,0
60685,3.312,62.10,205.00,1,0,0
60687,3.308,62.00,205.00,1,0,1
60700,3.272,63.20,210.00,1,0,0
60702,3.308,62.00,205.00,1,0,0
60705,3.292,98.30,323.00,1,0,0
60707,3.288,72.40,239.00,1,0,1
60710,3.312,62.00,205.00,1,0,1
60712,3.312,63.40,205.00,1,0,1
60715,3.312,62.00,205.00,1,0,1
60717,3.312,77.20,256.00,1,0,0
60720,3.276,131.70,228.00,1,0,0
60722,3.312,61.90,205.00,1,0,0
60725,3.312,62.00,205.00,1,0,0
60727,3.312,63.30,205.00,1,0,1
60730,3.312,62.10,206.00,1,0,1
60732,3.312,62.00,205.00,1,0,1
60745,3.276,64.10,213.00,1,0,0
60747,3.312,63.30,210.00,1,0,1
60750,3.312,64.80,205.00,1,0,1
60752,3.312,62.00,205.00,1,0,1
60755,3.308,61.90,205.00,1,0,1
60757,3.312,62.90,205.00,1,0,0
60760,3.312,61.90,205.00,1,0,0
60762,3.312,61.90,205.00,1,0,0
60765,3.312,116.10,569.00,1,0,0
60767,3.276,65.80,218.00,1,0,1
60769,3.312,62.00,205.00,1,0,1
60772,3.312,62.00,205.00,1,0,1
60774,3.312,62.00,205.00,1,0,1
60777,3.312,70.20,233.00,1,0,0
60790,3.312,62.00,205.00,1,0,1
60792,3.312,63.20,210.00,1,0,1
60794,3.312,62.00,205.00,1,0,1
60797,3.312,73.60,244.00,1,0,0
60799,3.312,61.90,205.00,1,0,0
60802,3.312,62.00,205.00,1,0,0
60804,3.312,61.90,205.00,1,0,0
60807,3.292,99.30,328.00,1,0,1
60809,3.280,98.30,300.00,1,0,1
60812,3.300,63.80,211.00,1,0,1
60814,3.312,62.00,205.00,1,0,1
60817,3.312,62.00,239.00,1,0,0
60819,3.316,61.90,205.00,1,0,0
60822,3.312,61.90,205.00,1,0,0
60834,3.280,62.10,206.00,1,0,1
60837,3.312,62.00,205.00,1,0,0
60839,3.312,61.90,205.00,1,0,0
60842,3.312,61.90,205.00,1,0,0
60844,3.312,61.90,205.00,1,0,0
60847,3.312,61.90,205.00,1,0,1
60849,3.312,62.00,205.00,1,0,1
60852,3.308,64.70,213.00,1,0,1
60854,3.260,119.80,206.00,1,0,1
60857,3.312,67.90,224.00,1,0,0
60859,3.312,62.00,205.00,1,0,0
60862,3.312,61.90,205.00,1,0,0
60864,3.312,61.90,205.00,1,0,0
60866,3.312,62.00,205.00,1,0,1
60883,3.312,62.00,205.00,1,0,0
60886,3.312,61.90,205.00,1,0,1
60888,3.304,62.00,205.00,1,0,1
60891,3.308,62.10,206.00,1,0,1
60893,3.312,62.00,205.00,1,0,1
60896,3.312,61.90,283.00,1,0,0
60898,3.248,62.00,205.00,1,0,0
60901,3.312,62.00,205.00,1,0,0
60903,3.312,62.00,205.00,1,0,0
60905,3.312,62.00,205.00,1,0,1
60908,3.312,104.80,346.00,1,0,1
60910,3.292,98.10,321.00,1,0,1
60913,3.292,62.00,205.00,1,0,1
60915,3.308,61.90,205.00,1,0,0
60928,3.312,61.90,205.00,1,0,1
60930,3.312,61.90,205.00,1,0,1
60933,3.308,62.00,205.00,1,0,1
60935,3.312,62.10,206.00,1,0,0
60938,3.304,61.90,205.00,1,0,0
60940,3.312,61.80,205.00,1,0,0
60943,3.312,119.30,392.00,1,0,0
60945,3.312,61.80,205.00,1,0,1
60948,3.304,62.70,205.00,1,0,1
60950,3.312,62.00,205.00,1,0,1
60953,3.312,62.00,205.00,1,0,1
60955,3.308,62.00,205.00,1,0,0
60958,3.312,61.80,205.00,1,0,0
60960,3.312,61.70,205.00,1,0,0
60973,3.312,61.90,205.00,1,0,1
60975,3.312,61.90,205.00,1,0,0
60978,3.308,73.10,205.00,1,0,0
60980,3.312,61.90,205.00,1,0,0
60983,3.312,61.90,205.00,1,0,0
60985,3.312,62.10,205.00,1,0,1
60988,3.316,61.90,203.00,1,0,1
60990,3.276,136.40,452.00,1,0,1
60993,3.312,62.30,205.00,1,0,1
60995,3.312,61.90,205.00,1,0,0
60998,3.304,64.40,213.00,1,0,0
61000,3.312,61.90,205.00,1,0,0
61002,3.312,61.90,205.00,1,0,0
61005,3.312,61.80,205.00,1,0,0
61018,3.312,62.10,206.00,1,0,0
61020,3.312,62.00,205.00,1,0,0
61023,3.312,61.90,205.00,1,0,0
61025,3.312,61.80,205.00,1,0,1
61027,3.312,61.90,205.00,1,0,1
61030,3.312,62.00,290.00,1,0,1
61032,3.256,62.20,206.00,1,0,1
61035,3.312,62.20,206.00,1,0,1
61037,3.312,68.80,205.00,1,0,0
61040,3.312,61.90,205.00,1,0,0
61042,3.312,61.80,205.00,1,0,0
61045,3.312,61.70,205.00,1,0,0
61047,3.312,62.00,205.00,1,0,1
61050,3.308,62.10,205.00,1,0,1
61062,3.312,61.80,205.00,1,0,0
61065,3.312,62.00,205.00,1,0,0
61067,3.312,62.20,206.00,1,0,1
61070,3.312,62.10,206.00,1,0,1
61072,3.312,62.80,208.00,1,0,1
61075,3.312,61.90,205.00,1,0,1
61077,3.308,151.00,493.00,1,0,0
61080,3.312,62.00,205.00,1,0,0
61082,3.312,62.00,205.00,1,0,0
61085,3.312,62.00,205.00,1,0,0
61087,3.312,63.20,210.00,1,0,1
61090,3.312,62.00,205.00,1,0,1
61092,3.312,61.80,205.00,1,0,1
61095,3.312,61.90,205.00,1,0,1
61107,3.312,61.90,205.00,1,0,1
61110,3.312,61.90,205.00,1,0,1
61112,3.312,87.20,287.00,1,0,1
61115,3.292,98.30,324.00,1,0,1
61117,3.292,101.80,277.00,1,0,0
61120,3.312,62.00,205.00,1,0,0
61122,3.312,140.50,460.00,1,0,0
61125,3.312,61.90,205.00,1,0,0
61127,3.312,61.80,205.00,1,0,1
61129,3.312,61.90,205.00,1,0,1
61132,3.312,63.30,210.00,1,0,1
61134,3.308,62.10,206.00,1,0,1
61137,3.312,75.00,249.00,1,0,0
61139,3.312,61.80,205.00,1,0,0
61152,3.312,63.10,210.00,1,0,1
61154,3.312,62.00,205.00,1,0,1
61157,3.312,71.70,238.00,1,0,0
61159,3.308,61.80,205.00,1,0,0
61162,3.312,61.80,205.00,1,0,0
61164,3.312,143.10,474.00,1,0,0
61167,3.312,63.20,210.00,1,0,1
61169,3.312,62.10,205.00,1,0,1
61172,3.312,61.90,205.00,1,0,1
61174,3.312,61.80,205.00,1,0,1
61177,3.312,61.90,205.00,1,0,0
61179,3.312,61.80,205.00,1,0,0
61182,3.312,62.00,205.00,1,0,0
61184,3.312,62.00,205.00,1,0,0
61197,3.312,63.30,208.00,1,0,0
61199,3.312,62.00,205.00,1,0,0
61202,3.312,62.00,205.00,1,0,0
61204,3.312,61.80,205.00,1,0,0
61207,3.312,61.80,205.00,1,0,1
61209,3.312,143.40,470.00,1,0,1
61212,3.264,66.70,221.00,1,0,1
61214,3.312,62.10,242.00,1,0,1
61217,3.284,107.90,354.00,1,0,0
61219,3.296,99.50,328.00,1,0,0
61222,3.312,61.90,205.00,1,0,0
61224,3.312,61.90,205.00,1,0,0
61226,3.312,61.70,205.00,1,0,1
61229,3.312,62.10,206.00,1,0,1
61242,3.312,61.80,205.00,1,0,0
61244,3.312,61.80,205.00,1,0,0
61247,3.312,68.30,226.00,1,0,1
61249,3.312,62.20,206.00,1,0,1
61251,3.312,62.30,210.00,1,0,1
61254,3.312,61.90,203.00,1,0,1
61256,3.252,119.40,392.00,1,0,0
61259,3.312,61.90,205.00,1,0,0
61261,3.312,62.00,205.00,1,0,0
61264,3.308,62.00,205.00,1,0,0
61266,3.312,62.10,210.00,1,0,1
61269,3.312,62.10,205.00,1,0,1
61271,3.312,61.90,205.00,1,0,1
61274,3.312,61.90,205.00,1,0,1
61286,3.312,62.00,205.00,1,0,1
61289,3.312,61.90,205.00,1,0,1
61291,3.312,61.90,205.00,1,0,1
61294,3.312,62.00,205.00,1,0,1
61296,3.312,62.10,223.00,1,0,0
61299,3.304,62.00,205.00,1,0,0
61301,3.312,62.00,205.00,1,0,0
61304,3.276,107.50,303.00,1,0,0
61306,3.288,61.90,205.00,1,0,1
61309,3.312,62.00,205.00,1,0,1
61311,3.312,62.10,208.00,1,0,1
61314,3.312,62.10,205.00,1,0,1
61316,3.312,62.10,205.00,1,0,0
61319,3.284,98.20,333.00,1,0,0
61331,3.308,62.20,206.00,1,0,1
61334,3.312,62.20,205.00,1,0,1
61336,3.308,62.10,205.00,1,0,0
61339,3.312,61.80,205.00,1,0,0
61341,3.312,61.80,205.00,1,0,0
61344,3.312,62.00,205.00,1,0,0
61346,3.312,101.80,334.00,1,0,1
61348,3.268,107.30,206.00,1,0,1
61351,3.312,62.10,205.00,1,0,1
61353,3.308,62.00,205.00,1,0,1
61356,3.308,61.90,205.00,1,0,0
61358,3.300,61.90,205.00,1,0,0
61361,3.312,61.90,205.00,1,0,0
61363,3.312,62.00,210.00,1,0,0
61376,3.312,62.10,213.00,1,0,0
61378,3.300,62.00,205.00,1,0,0
61381,3.312,62.20,206.00,1,0,0
61383,3.312,62.00,205.00,1,0,0
61386,3.312,62.00,205.00,1,0,1
61388,3.312,61.90,205.00,1,0,1
61391,3.312,62.00,203.00,1,0,1
61393,3.248,126.30,321.00,1,0,1
61396,3.308,62.20,206.00,1,0,0
61398,3.312,62.10,206.00,1,0,0
61401,3.312,62.00,206.00,1,0,0
61403,3.312,61.90,205.00,1,0,0
61406,3.312,61.90,205.00,1,0,1
61408,3.312,62.10,206.00,1,0,1
61421,3.284,97.80,323.00,1,0,0
61423,3.292,98.30,324.00,1,0,0
61426,3.312,62.00,205.00,1,0,1
61428,3.312,62.10,205.00,1,0,1
61431,3.308,62.20,206.00,1,0,1
61433,3.312,62.10,206.00,1,0,1
61436,3.308,117.60,567.00,1,0,0
61438,3.272,104.10,205.00,1,0,0
61441,3.312,61.90,205.00,1,0,0
61443,3.312,61.90,205.00,1,0,0
61446,3.312,62.00,205.00,1,0,1
61448,3.312,62.00,205.00,1,0,1
61450,3.312,62.10,205.00,1,0,1
61453,3.308,62.10,205.00,1,0,1
61466,3.312,62.10,215.00,1,0,1
61468,3.312,62.10,206.00,1,0,1
61471,3.308,62.00,205.00,1,0,1
61473,3.308,62.10,205.00,1,0,1
61475,3.312,62.00,205.00,1,0,0
61478,3.308,62.00,205.00,1,0,0
61480,3.308,62.00,205.00,1,0,0
61483,3.312,62.00,205.00,1,0,0
61485,3.312,119.30,392.00,1,0,1
61488,3.304,62.00,205.00,1,0,1
61490,3.308,62.10,205.00,1,0,1
61493,3.308,62.00,205.00,1,0,1
61495,3.312,62.00,205.00,1,0,0
61498,3.312,74.60,205.00,1,0,0
61510,3.268,119.80,354.00,1,0,1
61513,3.308,62.20,206.00,1,0,1
61515,3.312,62.10,206.00,1,0,0
61518,3.308,68.50,205.00,1,0,0
61520,3.312,61.90,205.00,1,0,0
61523,3.288,98.00,323.00,1,0,0
61525,3.292,99.00,301.00,1,0,1
61528,3.292,61.90,205.00,1,0,1
61530,3.308,61.90,205.00,1,0,1
61533,3.312,61.90,410.00,1,0,1
61535,3.268,62.10,206.00,1,0,0
61538,3.300,62.20,206.00,1,0,0
61540,3.312,61.80,205.00,1,0,0
61543,3.312,61.90,205.00,1,0,0
61555,3.312,140.30,392.00,1,0,0
61558,3.280,61.90,205.00,1,0,0
61560,3.312,61.80,205.00,1,0,0
61563,3.312,61.70,205.00,1,0,0
61565,3.312,61.80,205.00,1,0,1
61568,3.312,62.00,205.00,1,0,1
61570,3.312,61.90,205.00,1,0,1
61572,3.312,61.90,205.00,1,0,1
61575,3.312,61.90,205.00,1,0,1
61577,3.312,72.20,205.00,1,0,0
61580,3.312,119.40,392.00,1,0,0
61582,3.312,62.00,205.00,1,0,0
61585,3.312,62.00,205.00,1,0,0
61587,3.312,61.90,205.00,1,0,1
61600,3.312,61.90,205.00,1,0,0
61602,3.312,146.40,478.00,1,0,0
61605,3.296,61.90,205.00,1,0,0
61607,3.312,71.60,205.00,1,0,1
61610,3.312,61.90,205.00,1,0,1
61612,3.308,61.90,205.00,1,0,1
61615,3.308,61.90,205.00,1,0,1
61617,3.312,62.40,206.00,1,0,0
61620,3.312,61.90,205.00,1,0,0
61622,3.312,61.80,382.00,1,0,0
61625,3.292,107.40,354.00,1,0,0
61627,3.292,102.90,339.00,1,0,1
61630,3.292,90.90,310.00,1,0,1
61632,3.308,62.00,205.00,1,0,1
61645,3.312,61.70,205.00,1,0,0
61647,3.312,86.90,282.00,1,0,1
61650,3.260,73.50,244.00,1,0,1
61652,3.312,63.20,206.00,1,0,1
61655,3.312,62.00,205.00,1,0,1
61657,3.312,71.90,238.00,1,0,0
61660,3.312,61.80,205.00,1,0,0
61662,3.312,61.70,205.00,1,0,0
61665,3.312,61.90,205.00,1,0,0
61667,3.312,61.90,206.00,1,0,1
61669,3.312,87.30,283.00,1,0,1
61672,3.292,103.70,344.00,1,0,1
61674,3.312,61.90,205.00,1,0,1
61677,3.308,75.90,251.00,1,0,0
61690,3.312,61.90,205.00,1,0,1
61692,3.312,144.80,475.00,1,0,1
61695,3.312,61.90,205.00,1,0,1
61697,3.312,62.00,220.00,1,0,0
61699,3.312,61.90,205.00,1,0,0
61702,3.312,61.90,205.00,1,0,0
61704,3.312,61.80,205.00,1,0,0
61707,3.312,62.70,208.00,1,0,1
61709,3.312,61.80,205.00,1,0,1
61712,3.308,61.80,362.00,1,0,1
61714,3.264,65.60,216.00,1,0,1
61717,3.312,62.70,206.00,1,0,0
61719,3.312,62.00,205.00,1,0,0
61722,3.312,61.80,205.00,1,0,0
61734,3.292,102.10,336.00,1,0,1
61737,3.296,106.10,347.00,1,0,0
61739,3.288,98.90,324.00,1,0,0
61742,3.292,61.90,205.00,1,0,0
61744,3.312,61.80,205.00,1,0,0
61747,3.304,62.00,205.00,1,0,1
61749,3.312,62.10,205.00,1,0,1
61752,3.308,63.10,210.00,1,0,1
61754,3.308,62.10,206.00,1,0,1
61757,3.312,62.00,272.00,1,0,0
61759,3.272,134.70,446.00,1,0,0
61762,3.312,61.80,205.00,1,0,0
61764,3.312,61.90,205.00,1,0,0
61767,3.308,63.30,210.00,1,0,1
61779,3.312,138.40,455.00,1,0,0
61782,3.312,62.10,206.00,1,0,0
61784,3.312,62.10,206.00,1,0,0
61787,3.312,73.20,242.00,1,0,1
61789,3.312,62.10,206.00,1,0,1
61792,3.312,61.90,205.00,1,0,1
61794,3.312,61.90,205.00,1,0,1
61796,3.312,61.90,205.00,1,0,0
61799,3.312,62.10,203.00,1,0,0
61801,3.276,111.60,206.00,1,0,0
61804,3.312,62.00,205.00,1,0,0
61806,3.312,61.80,205.00,1,0,1
61809,3.308,61.90,205.00,1,0,1
61811,3.308,61.80,205.00,1,0,1
61824,3.312,143.60,470.00,1,0,0
61826,3.308,61.90,205.00,1,0,1
61829,3.308,61.90,346.00,1,0,1
61831,3.292,99.80,329.00,1,0,1
61834,3.292,92.20,303.00,1,0,1
61836,3.312,62.10,247.00,1,0,0
61839,3.308,61.80,205.00,1,0,0
61841,3.312,61.80,205.00,1,0,0
61844,3.312,61.80,469.00,1,0,0
61846,3.264,69.30,229.00,1,0,1
61849,3.312,62.20,206.00,1,0,1
61851,3.308,62.20,210.00,1,0,1
61854,3.312,62.10,206.00,1,0,1
61856,3.312,61.80,205.00,1,0,0
61869,3.308,135.40,442.00,1,0,1
61871,3.312,62.00,205.00,1,0,1
61874,3.312,61.90,205.00,1,0,1
61876,3.312,61.80,205.00,1,0,0
61879,3.312,61.80,205.00,1,0,0
61881,3.312,62.80,205.00,1,0,0
61884,3.312,62.00,205.00,1,0,0
61886,3.312,61.90,205.00,1,0,1
61889,3.312,61.80,205.00,1,0,1
61891,3.312,61.80,205.00,1,0,1
61893,3.280,144.40,472.00,1,0,1
61896,3.312,62.10,210.00,1,0,0
61898,3.300,62.00,205.00,1,0,0
61901,3.312,62.10,206.00,1,0,0
61914,3.312,62.10,206.00,1,0,1
61916,3.312,62.10,205.00,1,0,0
61919,3.264,140.70,206.00,1,0,0
61921,3.312,61.80,205.00,1,0,0
61923,3.312,61.80,205.00,1,0,0
61926,3.312,61.70,205.00,1,0,1
61928,3.312,62.00,205.00,1,0,1
61931,3.312,62.10,206.00,1,0,1
61933,3.292,98.20,324.00,1,0,1
61936,3.292,92.30,305.00,1,0,0
61938,3.312,140.20,460.00,1,0,0
61941,3.268,72.60,205.00,1,0,0
61943,3.312,61.80,205.00,1,0,0
61946,3.312,62.00,205.00,1,0,1
61958,3.304,61.90,205.00,1,0,0
61961,3.264,143.00,467.00,1,0,0
61963,3.312,62.10,206.00,1,0,0
61966,3.312,62.10,206.00,1,0,1
61968,3.308,62.30,206.00,1,0,1
61971,3.308,62.10,205.00,1,0,1
61973,3.308,61.90,205.00,1,0,1
61976,3.308,61.90,205.00,1,0,0
61978,3.300,62.00,205.00,1,0,0
61981,3.312,143.70,469.00,1,0,0
61983,3.264,111.80,370.00,1,0,0
61986,3.312,62.10,205.00,1,0,1
61988,3.312,62.00,205.00,1,0,1
61990,3.312,62.00,205.00,1,0,1
62003,3.312,146.70,480.00,1,0,0
62006,3.312,61.90,205.00,1,0,1
62008,3.308,61.90,205.00,1,0,1
62011,3.308,62.10,206.00,1,0,1
62013,3.312,62.20,206.00,1,0,1
62016,3.312,62.10,206.00,1,0,0
62018,3.312,62.00,205.00,1,0,0
62020,3.312,62.00,205.00,1,0,0
62023,3.312,61.80,470.00,1,0,0
62025,3.288,62.00,205.00,1,0,1
62028,3.304,62.10,205.00,1,0,1
62030,3.312,62.20,206.00,1,0,1
62033,3.312,62.20,206.00,1,0,1
62035,3.292,98.40,323.00,1,0,0
62048,3.288,80.10,265.00,1,0,1
62050,3.308,62.10,206.00,1,0,1
62053,3.312,61.90,205.00,1,0,1
62055,3.308,61.90,205.00,1,0,0
62058,3.300,62.70,208.00,1,0,0
62060,3.312,61.90,205.00,1,0,0
62063,3.312,61.90,205.00,1,0,0
62065,3.312,62.00,205.00,1,0,1
62068,3.312,62.10,205.00,1,0,1
62070,3.292,119.30,392.00,1,0,1
62073,3.308,62.00,205.00,1,0,1
62075,3.312,62.00,205.00,1,0,0
62078,3.312,61.90,205.00,1,0,0
62080,3.312,62.00,205.00,1,0,0
62093,3.308,89.60,293.00,1,0,1
62095,3.264,67.90,205.00,1,0,0
62098,3.308,62.00,205.00,1,0,0
62100,3.312,61.90,205.00,1,0,0
62103,3.312,61.90,205.00,1,0,0
62105,3.312,61.70,205.00,1,0,1
62108,3.308,61.90,205.00,1,0,1
62110,3.312,62.00,205.00,1,0,1
62113,3.312,62.60,205.00,1,0,1
62115,3.308,62.10,206.00,1,0,1
62117,3.312,74.00,242.00,1,0,0
62120,3.264,70.40,205.00,1,0,0
62122,3.312,61.80,205.00,1,0,0
62125,3.312,61.80,205.00,1,0,0
62138,3.272,103.30,341.00,1,0,0
62140,3.292,97.80,310.00,1,0,0
62142,3.284,61.90,205.00,1,0,0
62145,3.312,61.90,205.00,1,0,0
62147,3.312,72.90,205.00,1,0,1
62150,3.308,62.00,205.00,1,0,1
62152,3.308,62.00,205.00,1,0,1
62155,3.312,61.90,205.00,1,0,1
62157,3.312,61.90,205.00,1,0,0
62160,3.312,61.90,205.00,1,0,0
62162,3.312,61.90,483.00,1,0,0
62165,3.272,84.10,205.00,1,0,0
62167,3.312,62.10,206.00,1,0,1
62170,3.312,61.90,205.00,1,0,1
62182,3.312,61.90,205.00,1,0,0
62185,3.312,62.00,442.00,1,0,0
62187,3.272,65.20,216.00,1,0,1
62190,3.308,62.00,205.00,1,0,1
62192,3.312,63.40,205.00,1,0,1
62195,3.312,62.10,205.00,1,0,1
62197,3.308,75.80,251.00,1,0,0
62200,3.312,62.00,205.00,1,0,0
62202,3.312,61.90,205.00,1,0,0
62205,3.312,61.90,205.00,1,0,0
62207,3.300,124.60,405.00,1,0,1
62210,3.276,62.10,205.00,1,0,1
62212,3.312,63.10,208.00,1,0,1
62214,3.312,62.10,205.00,1,0,1
62227,3.312,62.60,205.00,1,0,1
62230,3.276,119.30,206.00,1,0,1
62232,3.312,62.00,205.00,1,0,1
62235,3.308,62.00,205.00,1,0,1
62237,3.312,61.90,205.00,1,0,0
62240,3.312,97.90,323.00,1,0,0
62242,3.292,98.30,324.00,1,0,0
62244,3.288,84.20,205.00,1,0,0
62247,3.312,61.90,205.00,1,0,1
62249,3.312,61.90,205.00,1,0,1
62252,3.268,112.20,457.00,1,0,1
62254,3.280,62.00,205.00,1,0,1
62257,3.312,66.00,218.00,1,0,0
62259,3.312,61.80,205.00,1,0,0
62272,3.312,62.70,208.00,1,0,1
62274,3.260,122.30,205.00,1,0,1
62277,3.312,75.00,249.00,1,0,0
62279,3.312,61.70,205.00,1,0,0
62282,3.312,61.80,205.00,1,0,0
62284,3.312,61.80,205.00,1,0,0
62287,3.312,62.50,206.00,1,0,1
62289,3.312,61.90,205.00,1,0,1
62292,3.308,62.90,208.00,1,0,1
62294,3.312,61.90,205.00,1,0,1
62297,3.312,61.80,308.00,1,0,0
62299,3.252,61.90,205.00,1,0,0
62302,3.312,61.90,205.00,1,0,0
62304,3.312,61.80,205.00,1,0,0
62317,3.312,61.90,208.00,1,0,0
62319,3.312,72.60,238.00,1,0,0
62322,3.268,129.00,428.00,1,0,0
62324,3.312,61.80,205.00,1,0,0
62327,3.312,61.70,238.00,1,0,1
62329,3.312,61.90,205.00,1,0,1
62332,3.312,61.90,205.00,1,0,1
62334,3.308,61.90,205.00,1,0,1
62337,3.312,63.00,208.00,1,0,0
62339,3.312,61.80,205.00,1,0,0
62341,3.312,61.70,310.00,1,0,0
62344,3.292,97.70,321.00,1,0,0
62346,3.292,61.90,205.00,1,0,1
62349,3.312,62.00,205.00,1,0,1
62362,3.312,61.90,205.00,1,0,0
62364,3.312,61.90,205.00,1,0,0
62366,3.268,106.70,349.00,1,0,1
62369,3.304,62.30,206.00,1,0,1
62371,3.312,62.10,210.00,1,0,1
62374,3.312,62.00,205.00,1,0,1
62376,3.312,62.00,205.00,1,0,0
62379,3.312,61.90,205.00,1,0,0
62381,3.312,61.90,205.00,1,0,0
62384,3.312,61.90,205.00,1,0,0
62386,3.312,62.00,228.00,1,0,1
62389,3.308,62.10,206.00,1,0,1
62391,3.264,111.70,365.00,1,0,1
62394,3.312,61.90,205.00,1,0,1
62406,3.312,61.90,208.00,1,0,1
62409,3.312,61.90,205.00,1,0,1
62411,3.268,146.40,478.00,1,0,1
62414,3.296,62.10,206.00,1,0,1
62416,3.312,62.50,206.00,1,0,0
62419,3.312,62.10,205.00,1,0,0
62421,3.308,61.90,205.00,1,0,0
62424,3.312,62.00,205.00,1,0,0
62426,3.312,61.80,205.00,1,0,1
62429,3.308,61.90,205.00,1,0,1
62431,3.308,62.00,205.00,1,0,1
62434,3.308,62.10,206.00,1,0,1
62436,3.308,137.00,449.00,1,0,0
62438,3.264,69.90,205.00,1,0,0
62451,3.308,62.20,210.00,1,0,1
62454,3.308,62.00,205.00,1,0,1
62456,3.312,61.90,203.00,1,0,0
62459,3.276,139.60,210.00,1,0,0
62461,3.312,61.70,205.00,1,0,0
62463,3.312,61.80,205.00,1,0,0
62466,3.312,61.90,210.00,1,0,1
62468,3.312,62.10,206.00,1,0,1
62471,3.312,62.00,205.00,1,0,1
62473,3.312,61.90,205.00,1,0,1
62476,3.312,61.80,205.00,1,0,0
62478,3.308,119.10,392.00,1,0,0
62481,3.312,61.90,205.00,1,0,0
62483,3.312,62.00,205.00,1,0,0
62496,3.312,61.90,205.00,1,1,0
62498,3.296,65.90,218.00,1,1,0
62501,3.312,66.00,218.00,1,1,0
62503,3.312,65.90,218.00,1,1,0
62506,3.308,65.80,218.00,1,1,0
62508,3.304,84.00,275.00,1,1,0
62511,3.288,92.10,336.00,1,1,0
62513,3.292,98.80,326.00,1,1,0
62516,3.292,99.40,326.00,1,1,0
62518,3.292,99.70,326.00,1,1,0
62521,3.292,101.40,334.00,1,1,0
62523,3.292,98.10,323.00,1,1,0
62526,3.292,98.40,331.00,1,1,0
62528,3.292,102.20,336.00,1,1,0
62541,3.284,100.30,323.00,1,1,0
62543,3.292,96.20,316.00,1,1,0
62546,3.292,93.90,308.00,1,1,0
62548,3.292,91.10,300.00,1,1,0
62551,3.288,91.30,300.00,1,1,0
62553,3.288,91.30,300.00,1,1,0
62556,3.292,91.00,300.00,1,1,0
62558,3.288,91.10,300.00,1,1,0
62560,3.288,98.00,319.00,1,1,0
62563,3.288,95.90,336.00,1,1,0
62565,3.288,102.10,336.00,1,1,0
62568,3.292,99.50,328.00,1,1,0
62570,3.292,113.40,306.00,1,1,0
62583,3.292,91.50,301.00,1,1,0
62585,3.288,98.80,324.00,1,1,0
62588,3.292,94.90,311.00,1,1,0
62590,3.288,96.20,316.00,1,1,0
62593,3.288,95.00,326.00,1,1,0
62595,3.292,99.10,326.00,1,1,0
62598,3.292,92.10,303.00,1,1,0
62600,3.292,90.30,308.00,1,1,0
62603,3.292,93.40,306.00,1,1,0
62605,3.288,94.10,310.00,1,1,0
62608,3.292,98.40,324.00,1,1,0
62610,3.292,98.40,324.00,1,1,0
62613,3.292,98.40,324.00,1,1,0
62615,3.288,92.00,319.00,1,1,0
62628,3.248,96.10,316.00,1,1,0
62630,3.288,91.20,300.00,1,1,0
62633,3.288,91.30,300.00,1,1,0
62635,3.288,91.40,300.00,1,1,0
62638,3.292,98.00,321.00,1,1,0
62640,3.292,98.00,323.00,1,1,0
62643,3.292,99.10,326.00,1,1,0
62645,3.292,99.00,329.00,1,1,0
62648,3.288,99.60,328.00,1,1,0
62650,3.292,98.70,324.00,1,1,0
62653,3.292,100.50,300.00,1,1,0
62655,3.288,98.00,323.00,1,1,0
62657,3.292,98.00,323.00,1,1,0
62660,3.292,98.40,323.00,1,1,0
62673,3.292,98.10,321.00,1,1,0
62675,3.280,98.60,326.00,1,1,0
62678,3.292,119.50,393.00,1,0,1
62680,3.292,143.30,467.00,1,0,1
62682,3.260,96.40,328.00,1,0,1
62685,3.292,98.80,324.00,1,0,1
62687,3.292,98.70,324.00,1,0,0
62690,3.268,98.00,333.00,1,0,0
62692,3.292,98.20,323.00,1,0,0
62695,3.300,62.00,205.00,1,0,0
62697,3.312,62.00,208.00,1,0,1
62700,3.312,62.10,206.00,1,0,1
62702,3.272,123.60,405.00,1,0,1
62705,3.312,62.00,205.00,1,0,1
62717,3.312,62.00,206.00,1,0,1
62720,3.308,61.80,205.00,1,0,1
62722,3.312,136.10,444.00,1,0,1
62725,3.304,61.90,205.00,1,0,1
62727,3.312,63.40,210.00,1,0,0
62730,3.300,62.00,205.00,1,0,0
62732,3.312,61.90,205.00,1,0,0
62735,3.312,61.90,205.00,1,0,0
62737,3.312,61.80,205.00,1,0,1
62740,3.308,61.80,205.00,1,0,1
62742,3.312,61.80,208.00,1,0,1
62745,3.312,61.90,202.00,1,0,1
62747,3.264,71.50,236.00,1,0,0
62750,3.308,62.10,205.00,1,0,0
62762,3.292,98.50,333.00,1,0,1
62765,3.292,98.30,324.00,1,0,1
62767,3.276,100.50,331.00,1,0,0
62770,3.284,97.10,324.00,1,0,0
62772,3.292,98.70,324.00,1,0,0
62775,3.292,98.10,323.00,1,0,0
62777,3.288,98.40,326.00,1,0,1
62779,3.288,97.80,324.00,1,0,1
62782,3.292,99.20,326.00,1,0,1
62784,3.292,98.20,323.00,1,0,1
62787,3.292,98.20,321.00,1,0,0
62789,3.280,98.60,324.00,1,0,0
62792,3.292,98.40,324.00,1,0,0
62794,3.292,95.80,323.00,1,0,0
62807,3.284,100.30,338.00,1,0,0
62809,3.276,98.30,324.00,1,0,0
62812,3.312,140.20,457.00,1,0,0
62814,3.300,62.10,206.00,1,0,0
62817,3.312,62.00,205.00,1,0,1
62819,3.312,62.00,205.00,1,0,1
62822,3.312,61.90,205.00,1,0,1
62824,3.308,62.00,205.00,1,0,1
62827,3.312,61.90,205.00,1,0,0
62829,3.304,61.90,205.00,1,0,0
62832,3.312,61.90,205.00,1,0,0
62834,3.312,130.90,429.00,1,0,0
62837,3.312,62.00,205.00,1,0,1
62839,3.312,61.90,205.00,1,0,1
62852,3.312,61.90,205.00,1,0,0
62854,3.312,101.20,333.00,1,0,0
62857,3.292,98.30,323.00,1,0,1
62859,3.304,62.20,211.00,1,0,1
62862,3.312,62.20,206.00,1,0,1
62864,3.312,62.20,206.00,1,0,1
62867,3.312,62.00,205.00,1,0,0
62869,3.308,62.00,205.00,1,0,0
62872,3.312,61.90,205.00,1,0,0
62874,3.312,62.00,205.00,1,0,0
62876,3.312,62.00,205.00,1,0,1
62879,3.296,123.20,403.00,1,0,1
62886,3.312,62.10,206.00,1,0,0
62889,3.300,62.10,205.00,1,0,0
62891,3.312,62.10,205.00,1,0,0
62894,3.312,62.00,205.00,1,0,0
62896,3.312,62.10,206.00,1,0,1
62899,3.312,62.10,205.00,1,0,1
62901,3.308,62.10,206.00,1,0,1
62903,3.292,159.50,521.00,1,0,1
62906,3.312,62.20,205.00,1,0,1
62919,3.304,62.10,206.00,1,0,1
62921,3.312,62.00,206.00,1,0,1
62924,3.312,122.40,401.00,1,0,1
62926,3.292,62.20,206.00,1,0,1
62928,3.312,74.60,206.00,1,0,0
62931,3.312,62.00,205.00,1,0,0
62933,3.312,62.10,206.00,1,0,0
62936,3.312,62.00,205.00,1,0,0
62938,3.312,62.00,205.00,1,0,1
62941,3.308,62.10,205.00,1,0,1
62943,3.308,62.80,205.00,1,0,1
62946,3.308,140.80,464.00,1,0,1
62948,3.308,72.60,241.00,1,0,0
62951,3.308,62.10,205.00,1,0,0
62963,3.312,62.00,205.00,1,0,1
62966,3.308,62.00,206.00,1,0,1
62968,3.312,125.70,411.00,1,0,0
62971,3.280,62.00,205.00,1,0,0
62973,3.312,61.90,205.00,1,0,0
62976,3.312,61.90,205.00,1,0,0
62978,3.312,73.00,242.00,1,0,1
62981,3.308,62.00,205.00,1,0,1
62983,3.308,62.10,206.00,1,0,1
62986,3.312,62.10,206.00,1,0,1
62988,3.312,62.80,205.00,1,0,0
62991,3.312,61.90,205.00,1,0,0
62993,3.272,141.80,469.00,1,0,0
62996,3.312,61.90,205.00,1,0,0
63008,3.312,70.50,205.00,1,0,0
63011,3.312,61.90,205.00,1,0,0
63013,3.312,61.90,205.00,1,0,0
63016,3.260,135.10,446.00,1,0,0
63018,3.312,62.00,205.00,1,0,1
63021,3.312,62.00,205.00,1,0,1
63023,3.312,62.90,208.00,1,0,1
63026,3.308,62.00,205.00,1,0,1
63028,3.312,73.60,244.00,1,0,0
63030,3.312,61.90,205.00,1,0,0
63033,3.308,61.90,205.00,1,0,0
63035,3.312,87.30,283.00,1,0,0
63038,3.312,67.80,224.00,1,0,1
63040,3.312,62.10,205.00,1,0,1
63053,3.312,61.90,205.00,1,0,0
63055,3.312,61.80,205.00,1,0,0
63058,3.264,133.30,436.00,1,0,1
63060,3.292,93.10,315.00,1,0,1
63063,3.292,97.80,305.00,1,0,1
63065,3.312,62.00,205.00,1,0,1
63068,3.312,62.00,205.00,1,0,0
63070,3.312,62.00,205.00,1,0,0
63073,3.312,61.90,205.00,1,0,0
63075,3.308,61.90,205.00,1,0,0
63078,3.308,61.80,205.00,1,0,1
63080,3.312,143.40,469.00,1,0,1
63083,3.304,62.10,205.00,1,0,1
63085,3.312,62.10,205.00,1,0,1
63098,3.312,61.90,205.00,1,0,1
63100,3.308,64.00,211.00,1,0,1
63103,3.312,62.90,208.00,1,0,1
63105,3.308,140.60,377.00,1,0,1
63108,3.284,76.70,254.00,1,0,0
63110,3.312,61.80,205.00,1,0,0
63113,3.312,61.80,205.00,1,0,0
63115,3.312,61.90,205.00,1,0,0
63118,3.312,63.00,208.00,1,0,1
63120,3.312,62.00,205.00,1,0,1
63123,3.312,62.00,208.00,1,0,1
63125,3.312,61.90,205.00,1,0,1
63127,3.308,61.90,205.00,1,0,0
63130,3.312,140.30,413.00,1,0,0
63143,3.312,61.90,205.00,1,0,1
63145,3.312,61.90,205.00,1,0,1
63148,3.312,62.00,205.00,1,0,0
63150,3.312,62.00,203.00,1,0,0
63152,3.264,89.90,298.00,1,0,0
63155,3.308,62.00,205.00,1,0,0
63157,3.312,61.90,233.00,1,0,1
63160,3.308,62.70,206.00,1,0,1
63162,3.288,94.70,311.00,1,0,1
63165,3.292,98.30,326.00,1,0,1
63167,3.292,94.00,308.00,1,0,0
63170,3.280,61.90,205.00,1,0,0
63172,3.312,61.80,205.00,1,0,0
63175,3.308,61.70,480.00,1,0,0
63187,3.312,62.00,241.00,1,0,0
63190,3.308,61.70,205.00,1,0,0
63192,3.312,61.70,205.00,1,0,0
63195,3.312,61.70,370.00,1,0,0
63197,3.288,95.70,316.00,1,0,1
63200,3.308,62.10,206.00,1,0,1
63202,3.312,62.00,208.00,1,0,1
63205,3.312,61.90,205.00,1,0,1
63207,3.312,63.20,210.00,1,0,0
63210,3.312,61.70,205.00,1,0,0
63212,3.312,61.80,205.00,1,0,0
63215,3.312,61.90,205.00,1,0,0
63217,3.312,71.00,496.00,1,0,1
63220,3.280,62.10,206.00,1,0,1
63232,3.312,62.00,205.00,1,0,0
63235,3.312,61.90,205.00,1,0,0
63237,3.312,61.80,205.00,1,0,1
63240,3.308,61.70,469.00,1,0,1
63242,3.264,61.90,205.00,1,0,1
63245,3.312,61.90,205.00,1,0,1
63247,3.308,61.90,208.00,1,0,0
63249,3.300,62.00,205.00,1,0,0
63252,3.312,61.90,205.00,1,0,0
63254,3.312,61.90,205.00,1,0,0
63257,3.312,61.70,205.00,1,0,1
63259,3.312,61.90,205.00,1,0,1
63262,3.292,171.90,313.00,1,0,1
63264,3.280,98.90,324.00,1,0,1
63277,3.308,61.80,203.00,1,0,1
63279,3.300,62.10,206.00,1,0,1
63282,3.308,62.10,205.00,1,0,1
63284,3.308,62.10,234.00,1,0,1
63287,3.272,73.10,242.00,1,0,0
63289,3.312,61.80,205.00,1,0,0
63292,3.312,61.70,205.00,1,0,0
63294,3.312,61.80,205.00,1,0,0
63297,3.312,62.00,205.00,1,0,1
63299,3.312,62.10,206.00,1,0,1
63302,3.312,62.00,205.00,1,0,1
63304,3.312,61.90,205.00,1,0,1
63307,3.312,61.80,205.00,1,0,0
63309,3.308,125.00,410.00,1,0,0
63322,3.312,61.90,205.00,1,0,1
63324,3.312,61.80,205.00,1,0,1
63327,3.312,61.90,205.00,1,0,0
63329,3.300,61.90,202.00,1,0,0
63332,3.268,136.50,451.00,1,0,0
63334,3.312,62.10,206.00,1,0,0
63337,3.312,62.00,205.00,1,0,1
63339,3.312,61.80,205.00,1,0,1
63342,3.312,61.80,205.00,1,0,1
63344,3.308,61.80,205.00,1,0,1
63347,3.312,62.00,205.00,1,0,0
63349,3.304,62.00,205.00,1,0,0
63351,3.312,62.00,203.00,1,0,0
63354,3.268,87.20,288.00,1,0,0
63367,3.292,99.00,326.00,1,0,0
63369,3.288,97.20,319.00,1,0,0
63372,3.312,61.90,205.00,1,0,0
63374,3.312,61.90,205.00,1,0,0
63376,3.312,85.00,279.00,1,0,1
63379,3.276,122.70,406.00,1,0,1
63381,3.312,62.20,206.00,1,0,1
63384,3.312,62.20,206.00,1,0,1
63386,3.312,62.00,205.00,1,0,0
63389,3.308,73.40,205.00,1,0,0
63391,3.312,61.80,205.00,1,0,0
63394,3.312,62.00,205.00,1,0,0
63396,3.312,62.00,205.00,1,0,1
63399,3.312,93.70,306.00,1,0,1
63411,3.312,64.60,215.00,1,0,0
63414,3.312,62.10,206.00,1,0,0
63416,3.312,62.10,206.00,1,0,1
63419,3.312,62.00,205.00,1,0,1
63421,3.312,62.00,205.00,1,0,1
63424,3.272,143.60,252.00,1,0,1
63426,3.312,62.00,205.00,1,0,0
63429,3.308,62.10,206.00,1,0,0
63431,3.312,62.00,205.00,1,0,0
63434,3.312,62.10,206.00,1,0,0
63436,3.312,62.00,205.00,1,0,1
63439,3.308,61.90,205.00,1,0,1
63441,3.308,61.90,205.00,1,0,1
63444,3.312,134.20,439.00,1,0,1
63456,3.312,61.80,205.00,1,0,1
63459,3.304,62.00,205.00,1,0,1
63461,3.308,62.10,206.00,1,0,1
63464,3.312,62.10,205.00,1,0,1
63466,3.312,62.10,205.00,1,0,1
63469,3.280,114.50,323.00,1,0,0
63471,3.292,97.90,321.00,1,0,0
63473,3.304,61.80,205.00,1,0,0
63476,3.312,61.90,205.00,1,0,0
63478,3.312,62.00,205.00,1,0,1
63481,3.312,62.20,206.00,1,0,1
63483,3.312,62.90,208.00,1,0,1
63486,3.312,62.00,205.00,1,0,1
63488,3.312,63.60,208.00,1,0,0
63501,3.308,62.10,205.00,1,0,1
63503,3.308,62.00,205.00,1,0,1
63506,3.312,61.90,205.00,1,0,1
63508,3.308,61.90,205.00,1,0,0
63511,3.312,74.40,244.00,1,0,0
63513,3.276,131.80,211.00,1,0,0
63516,3.312,62.00,205.00,1,0,0
63518,3.308,67.20,223.00,1,0,1
63521,3.312,62.00,205.00,1,0,1
63523,3.312,61.90,205.00,1,0,1
63526,3.312,62.00,205.00,1,0,1
63528,3.312,67.70,205.00,1,0,0
63531,3.312,62.00,205.00,1,0,0
63533,3.316,61.90,205.00,1,0,0
63546,3.312,62.10,206.00,1,0,1
63548,3.312,74.90,247.00,1,0,0
63551,3.312,62.00,205.00,1,0,0
63553,3.312,61.80,205.00,1,0,0
63556,3.312,61.70,205.00,1,0,0
63558,3.312,62.60,470.00,1,0,1
63561,3.276,65.80,218.00,1,0,1
63563,3.312,63.20,210.00,1,0,1
63566,3.312,62.00,206.00,1,0,1
63568,3.312,69.70,231.00,1,0,0
63571,3.304,104.10,342.00,1,0,0
63573,3.292,99.10,321.00,1,0,0
63575,3.288,62.00,205.00,1,0,0
63578,3.312,72.50,241.00,1,0,1
63591,3.312,62.00,205.00,1,0,0
63593,3.312,61.90,205.00,1,0,0
63596,3.312,62.00,205.00,1,0,0
63598,3.312,62.10,206.00,1,0,1
63600,3.312,62.00,205.00,1,0,1
63603,3.312,62.00,203.00,1,0,1
63605,3.284,129.60,426.00,1,0,1
63608,3.312,64.80,215.00,1,0,0
63610,3.312,62.00,205.00,1,0,0
63613,3.312,62.00,205.00,1,0,0
63615,3.312,62.00,205.00,1,0,0
63618,3.308,62.00,205.00,1,0,1
63620,3.312,61.90,205.00,1,0,1
63623,3.312,62.60,206.00,1,0,1
63635,3.312,61.90,205.00,1,0,0
63638,3.312,62.00,205.00,1,0,1
63640,3.312,62.10,206.00,1,0,1
63643,3.312,63.10,208.00,1,0,1
63645,3.312,62.00,205.00,1,0,1
63648,3.308,62.00,246.00,1,0,0
63650,3.312,62.00,205.00,1,0,0
63653,3.276,118.50,387.00,1,0,0
63655,3.312,62.10,205.00,1,0,0
63658,3.312,63.20,210.00,1,0,1
63660,3.312,62.00,205.00,1,0,1
63663,3.312,62.10,206.00,1,0,1
63665,3.312,62.00,205.00,1,0,1
63667,3.312,62.10,205.00,1,0,0
63680,3.308,61.90,205.00,1,0,1
63683,3.312,62.00,205.00,1,0,1
63685,3.312,62.00,205.00,1,0,1
63688,3.312,62.80,206.00,1,0,0
63690,3.312,61.90,205.00,1,0,0
63693,3.312,61.90,205.00,1,0,0
63695,3.312,61.80,205.00,1,0,0
63697,3.296,123.10,401.00,1,0,1
63700,3.276,63.20,206.00,1,0,1
63702,3.312,62.00,205.00,1,0,1
63705,3.312,61.90,205.00,1,0,1
63707,3.312,61.90,233.00,1,0,0
63710,3.308,61.90,205.00,1,0,0
63712,3.312,61.80,205.00,1,0,0
63725,3.312,62.00,205.00,1,0,1
63727,3.308,62.00,251.00,1,0,0
63730,3.312,61.90,205.00,1,0,0
63732,3.312,61.90,205.00,1,0,0
63735,3.308,61.90,205.00,1,0,0
63737,3.312,61.90,208.00,1,0,1
63740,3.312,128.50,419.00,1,0,1
63742,3.272,63.10,208.00,1,0,1
63745,3.312,61.90,205.00,1,0,1
63747,3.308,62.00,205.00,1,0,0
63750,3.312,62.00,205.00,1,0,0
63752,3.312,62.00,205.00,1,0,0
63755,3.312,61.90,205.00,1,0,0
63757,3.312,61.90,205.00,1,0,1
63770,3.312,61.90,205.00,1,0,0
63772,3.312,61.90,205.00,1,0,0
63775,3.312,90.60,298.00,1,0,0
63777,3.288,95.60,315.00,1,0,1
63780,3.288,90.80,300.00,1,0,1
63782,3.304,61.90,205.00,1,0,1
63785,3.312,62.00,205.00,1,0,1
63787,3.308,63.60,485.00,1,0,0
63790,3.260,61.90,205.00,1,0,0
63792,3.312,61.80,205.00,1,0,0
63794,3.312,61.70,205.00,1,0,0
63797,3.312,61.80,205.00,1,0,1
63799,3.308,61.90,205.00,1,0,1
63802,3.312,62.00,205.00,1,0,1
63815,3.312,61.80,205.00,1,0,0
63817,3.312,61.80,211.00,1,0,1
63820,3.304,62.00,205.00,1,0,1
63822,3.308,61.90,205.00,1,0,1
63824,3.312,61.80,205.00,1,0,1
63827,3.312,61.80,205.00,1,0,0
63829,3.312,61.70,205.00,1,0,0
63832,3.312,61.70,423.00,1,0,0
63834,3.264,62.00,205.00,1,0,0
63837,3.312,61.80,205.00,1,0,1
63839,3.312,61.90,205.00,1,0,1
63842,3.312,61.70,205.00,1,0,1
63844,3.312,61.80,205.00,1,0,1
63847,3.312,61.80,205.00,1,0,0
63859,3.312,61.80,205.00,1,0,1
63862,3.312,61.80,205.00,1,0,1
63864,3.308,61.90,205.00,1,0,1
63867,3.312,62.00,205.00,1,0,0
63869,3.304,61.90,205.00,1,0,0
63872,3.312,61.80,205.00,1,0,0
63874,3.316,61.80,205.00,1,0,0
63877,3.312,61.60,288.00,1,0,1
63879,3.272,101.60,334.00,1,0,1
63882,3.292,98.10,323.00,1,0,1
63884,3.288,91.70,206.00,1,0,1
63887,3.312,61.90,205.00,1,0,0
63889,3.300,61.80,205.00,1,0,0
63891,3.312,61.70,205.00,1,0,0
63904,3.312,139.90,457.00,1,0,1
63907,3.288,109.00,205.00,1,0,0
63909,3.312,61.80,205.00,1,0,0
63912,3.312,61.70,205.00,1,0,0
63914,3.312,61.80,205.00,1,0,0
63917,3.312,62.00,205.00,1,0,1
63919,3.312,62.00,205.00,1,0,1
63921,3.312,61.90,205.00,1,0,1
63924,3.312,61.80,205.00,1,0,1
63926,3.264,140.80,465.00,1,0,0
63929,3.308,66.90,205.00,1,0,0
63931,3.312,61.90,205.00,1,0,0
63934,3.312,62.00,205.00,1,0,0
63936,3.312,62.00,205.00,1,0,1
63949,3.304,120.40,395.00,1,0,0
63951,3.256,90.40,205.00,1,0,0
63954,3.312,61.90,205.00,1,0,0
63956,3.312,61.70,205.00,1,0,1
63959,3.312,61.80,205.00,1,0,1
63961,3.312,61.80,205.00,1,0,1
63964,3.308,62.00,205.00,1,0,1
63966,3.312,62.00,206.00,1,0,0
63969,3.312,61.90,205.00,1,0,0
63971,3.272,122.20,400.00,1,0,0
63974,3.284,61.80,205.00,1,0,0
63976,3.312,61.70,205.00,1,0,1
63979,3.308,61.80,205.00,1,0,1
63981,3.288,102.10,334.00,1,0,1
63994,3.304,61.90,205.00,1,0,0
63996,3.312,62.00,205.00,1,0,1
63999,3.312,62.10,206.00,1,0,1
64001,3.312,62.00,205.00,1,0,1
64004,3.312,63.20,205.00,1,0,1
64006,3.312,61.70,205.00,1,0,0
64009,3.308,70.30,233.00,1,0,0
64011,3.312,61.60,457.00,1,0,0
64014,3.264,70.60,234.00,1,0,0
64016,3.312,62.10,206.00,1,0,0
64018,3.312,63.20,205.00,1,0,1
64021,3.312,61.80,205.00,1,0,1
64023,3.312,61.70,205.00,1,0,1
64026,3.312,61.80,205.00,1,0,1
64039,3.312,61.80,205.00,1,0,1
64041,3.312,61.80,205.00,1,0,1
64043,3.308,61.70,205.00,1,0,1
64046,3.312,62.00,205.00,1,0,1
64048,3.312,61.90,205.00,1,0,0
64051,3.312,61.90,205.00,1,0,0
64053,3.312,61.80,205.00,1,0,0
64056,3.312,61.70,205.00,1,0,0
64058,3.312,61.80,205.00,1,0,1
64061,3.264,112.10,367.00,1,0,1
64063,3.308,63.30,205.00,1,0,1
64066,3.312,62.00,205.00,1,0,1
64068,3.308,74.80,247.00,1,0,0
64071,3.312,61.70,205.00,1,0,0
64083,3.272,110.10,323.00,1,0,1
64086,3.292,98.10,323.00,1,0,1
64088,3.308,75.90,251.00,1,0,0
64091,3.312,61.80,205.00,1,0,0
64093,3.312,61.90,205.00,1,0,0
64096,3.312,61.90,205.00,1,0,0
64098,3.312,62.80,206.00,1,0,1
64101,3.312,64.00,211.00,1,0,1
64103,3.312,61.90,205.00,1,0,1
64106,3.312,61.80,203.00,1,0,1
64108,3.280,87.90,423.00,1,0,0
64111,3.296,61.90,205.00,1,0,0
64113,3.312,61.90,205.00,1,0,0
64115,3.312,61.90,205.00,1,0,0
64128,3.312,62.90,462.00,1,0,0
64131,3.264,72.00,239.00,1,0,0
64133,3.312,62.10,206.00,1,0,0
64136,3.312,61.90,205.00,1,0,0
64138,3.312,61.80,205.00,1,0,1
64141,3.312,61.80,205.00,1,0,1
64143,3.308,62.20,205.00,1,0,1
64145,3.308,62.10,206.00,1,0,1
64148,3.308,71.20,236.00,1,0,0
64150,3.312,141.80,470.00,1,0,0
64153,3.288,61.80,205.00,1,0,0
64155,3.312,61.80,205.00,1,0,0
64158,3.312,61.70,205.00,1,0,1
64160,3.312,61.90,205.00,1,0,1
64173,3.272,141.50,205.00,1,0,0
64175,3.312,61.90,205.00,1,0,0
64178,3.312,68.10,224.00,1,0,1
64180,3.308,62.10,205.00,1,0,1
64183,3.312,63.10,210.00,1,0,1
64185,3.284,95.40,315.00,1,0,1
64188,3.292,93.30,336.00,1,0,0
64190,3.288,61.80,205.00,1,0,0
64193,3.312,61.80,205.00,1,0,0
64195,3.312,61.90,383.00,1,0,0
64198,3.296,96.70,318.00,1,0,1
64200,3.312,62.00,205.00,1,0,1
64203,3.312,61.90,205.00,1,0,1
64205,3.312,61.90,205.00,1,0,1
64218,3.312,62.00,205.00,1,0,1
64220,3.312,169.30,555.00,1,0,1
64223,3.312,62.00,205.00,1,0,1
64225,3.312,62.00,205.00,1,0,1
64228,3.312,67.20,223.00,1,0,0
64230,3.312,62.00,205.00,1,0,0
64233,3.312,61.90,205.00,1,0,0
64235,3.312,61.90,205.00,1,0,0
64238,3.312,61.80,205.00,1,0,1
64240,3.312,61.90,205.00,1,0,1
64242,3.312,146.70,482.00,1,0,1
64245,3.300,62.10,206.00,1,0,1
64247,3.312,62.00,257.00,1,0,0
64250,3.308,61.90,205.00,1,0,0
64263,3.312,62.00,208.00,1,0,1
64265,3.312,62.00,205.00,1,0,1
64267,3.272,122.70,400.00,1,0,0
64270,3.308,61.90,205.00,1,0,0
64272,3.312,61.80,205.00,1,0,0
64275,3.312,61.80,205.00,1,0,0
64277,3.312,61.80,210.00,1,0,1
64280,3.312,62.00,205.00,1,0,1
64282,3.312,61.90,205.00,1,0,1
64285,3.312,62.00,205.00,1,0,1
64287,3.312,102.60,336.00,1,0,0
64290,3.292,101.50,334.00,1,0,0
64292,3.288,77.70,205.00,1,0,0
64295,3.312,61.90,205.00,1,0,0
64307,3.312,64.00,210.00,1,0,0
64310,3.264,151.90,501.00,1,0,0
64312,3.312,62.00,205.00,1,0,0
64315,3.312,61.90,205.00,1,0,0
64317,3.312,62.00,205.00,1,0,1
64320,3.312,61.90,205.00,1,0,1
64322,3.312,62.00,208.00,1,0,1
64325,3.312,62.00,205.00,1,0,1
64327,3.308,62.00,205.00,1,0,0
64330,3.308,140.30,392.00,1,0,0
64332,3.276,61.90,205.00,1,0,0
64335,3.312,62.00,205.00,1,0,0
64337,3.312,61.90,205.00,1,0,1
64339,3.308,62.00,205.00,1,0,1
64352,3.312,61.90,205.00,1,0,0
64355,3.276,139.20,457.00,1,0,0
64357,3.292,104.90,233.00,1,0,1
64360,3.312,62.10,206.00,1,0,1
64362,3.312,62.10,205.00,1,0,1
64364,3.308,62.00,205.00,1,0,1
64367,3.312,62.00,205.00,1,0,0
64369,3.304,61.80,205.00,1,0,0
64372,3.312,61.90,205.00,1,0,0
64374,3.308,61.90,205.00,1,0,0
64377,3.312,134.80,441.00,1,0,1
64379,3.280,66.60,221.00,1,0,1
64382,3.308,62.00,205.00,1,0,1
64384,3.308,62.10,206.00,1,0,1
64397,3.312,61.80,205.00,1,0,1
64399,3.308,62.00,205.00,1,0,1
64402,3.280,141.10,234.00,1,0,1
64404,3.308,62.00,205.00,1,0,1
64407,3.308,62.00,205.00,1,0,0
64409,3.304,61.90,205.00,1,0,0
64412,3.308,61.80,205.00,1,0,0
64414,3.312,61.90,205.00,1,0,0
64417,3.308,61.90,205.00,1,0,1
64419,3.304,62.00,205.00,1,0,1
64422,3.312,62.00,205.00,1,0,1
64424,3.288,169.60,559.00,1,0,1
64427,3.304,62.10,205.00,1,0,0
64429,3.312,61.80,205.00,1,0,0
64442,3.308,61.90,205.00,1,1,0
64444,3.312,65.80,218.00,1,1,0
64447,3.308,65.90,218.00,1,1,0
64449,3.312,65.90,218.00,1,1,0
64452,3.308,65.90,218.00,1,1,0
64454,3.312,69.90,362.00,1,1,0
64457,3.292,98.40,324.00,1,1,0
64459,3.292,98.40,324.00,1,1,0
64462,3.292,98.40,324.00,1,1,0
64464,3.292,98.30,324.00,1,1,0
64466,3.292,98.40,324.00,1,1,0
64469,3.292,98.80,326.00,1,1,0
64471,3.292,99.60,329.00,1,1,0
64474,3.292,101.70,336.00,1,1,0
64487,3.292,98.50,324.00,1,1,0
64489,3.292,98.40,324.00,1,1,0
64491,3.292,101.70,598.00,1,1,0
64494,3.288,91.10,300.00,1,1,0
64496,3.288,91.20,300.00,1,1,0
64499,3.292,91.30,300.00,1,1,0
64501,3.292,91.50,301.00,1,1,0
64504,3.288,91.40,300.00,1,1,0
64506,3.292,94.90,356.00,1,1,0
64509,3.280,103.20,339.00,1,1,0
64511,3.288,102.30,338.00,1,1,0
64514,3.288,102.30,336.00,1,1,0
64516,3.288,194.50,639.00,1,1,0
64529,3.288,91.30,324.00,1,1,0
64531,3.292,99.20,326.00,1,1,0
64534,3.292,99.20,326.00,1,1,0
64536,3.292,98.50,328.00,1,1,0
64539,3.296,99.30,328.00,1,1,0
64541,3.292,98.80,326.00,1,1,0
64544,3.292,98.70,295.00,1,1,0
64546,3.292,98.40,323.00,1,1,0
64549,3.292,98.80,326.00,1,1,0
64551,3.292,98.60,328.00,1,1,0
64554,3.296,98.90,326.00,1,1,0
64556,3.292,102.00,334.00,1,1,0
64559,3.296,98.40,323.00,1,1,0
64561,3.292,98.70,324.00,1,1,0
64574,3.292,99.40,328.00,1,1,0
64576,3.292,98.30,324.00,1,1,0
64579,3.292,98.20,324.00,1,1,0
64581,3.292,98.90,324.00,1,1,0
64584,3.276,100.30,329.00,1,1,0
64586,3.292,98.60,324.00,1,1,0
64589,3.292,102.80,326.00,1,1,0
64591,3.292,98.20,323.00,1,1,0
64593,3.292,98.40,324.00,1,1,0
64596,3.284,99.10,336.00,1,1,0
64598,3.292,91.30,300.00,1,1,0
64601,3.292,98.90,326.00,1,1,0
64603,3.296,98.50,324.00,1,1,0
64606,3.292,98.30,324.00,1,1,0
64618,3.292,114.60,377.00,1,0,1
64621,3.284,124.90,408.00,1,0,1
64623,3.272,134.00,380.00,1,0,0
64626,3.288,98.10,323.00,1,0,0
64628,3.292,62.00,205.00,1,0,0
64631,3.312,61.90,205.00,1,0,0
64633,3.312,62.00,210.00,1,0,1
64636,3.312,62.00,205.00,1,0,1
64638,3.308,61.90,205.00,1,0,1
64641,3.312,61.80,205.00,1,0,1
64643,3.312,117.70,383.00,1,0,0
64646,3.268,66.90,221.00,1,0,0
64648,3.312,62.00,205.00,1,0,0
64661,3.312,61.80,205.00,1,0,1
64663,3.312,62.10,202.00,1,0,0
64666,3.264,69.50,229.00,1,0,0
64668,3.312,62.00,205.00,1,0,0
64671,3.312,61.80,205.00,1,0,0
64673,3.312,61.80,205.00,1,0,1
64676,3.312,61.90,205.00,1,0,1
64678,3.312,61.80,205.00,1,0,1
64681,3.312,62.10,205.00,1,0,1
64683,3.312,62.10,206.00,1,0,1
64686,3.312,62.00,205.00,1,0,1
64688,3.312,61.90,203.00,1,0,0
64691,3.276,127.40,418.00,1,0,0
64693,3.312,61.70,205.00,1,0,0
64706,3.284,98.10,328.00,1,0,1
64708,3.292,98.20,323.00,1,0,0
64711,3.284,98.70,326.00,1,0,0
64713,3.292,100.30,329.00,1,0,0
64716,3.292,99.00,326.00,1,0,0
64718,3.292,98.30,324.00,1,0,1
64720,3.292,98.30,323.00,1,0,1
64723,3.292,99.60,328.00,1,0,1
64725,3.292,98.60,324.00,1,0,1
64728,3.292,99.30,324.00,1,0,0
64730,3.276,98.70,324.00,1,0,0
64733,3.292,98.80,326.00,1,0,0
64735,3.292,98.20,323.00,1,0,0
64738,3.292,98.10,323.00,1,0,1
64750,3.284,89.90,315.00,1,0,0
64753,3.292,141.30,460.00,1,0,0
64755,3.288,98.90,324.00,1,0,0
64758,3.292,101.50,324.00,1,0,1
64760,3.288,99.10,328.00,1,0,1
64763,3.308,62.20,206.00,1,0,1
64765,3.308,62.10,206.00,1,0,1
64768,3.312,62.10,206.00,1,0,0
64770,3.312,61.90,205.00,1,0,0
64773,3.312,61.80,203.00,1,0,0
64775,3.300,139.30,460.00,1,0,0
64778,3.312,62.00,205.00,1,0,1
64780,3.304,62.10,206.00,1,0,1
64783,3.312,62.20,206.00,1,0,1
64795,3.312,61.90,205.00,1,0,0
64798,3.312,99.70,326.00,1,0,1
64800,3.280,98.30,324.00,1,0,1
64803,3.292,98.20,301.00,1,0,1
64805,3.292,62.10,206.00,1,0,1
64808,3.312,61.90,205.00,1,0,0
64810,3.300,64.80,205.00,1,0,0
64813,3.312,62.10,206.00,1,0,0
64815,3.308,62.00,205.00,1,0,0
64817,3.312,62.10,206.00,1,0,1
64820,3.312,62.00,205.00,1,0,1
64822,3.312,61.90,203.00,1,0,1
64825,3.248,118.90,206.00,1,0,1
64827,3.312,62.10,206.00,1,0,0
64840,3.304,62.30,205.00,1,0,1
64843,3.312,62.00,203.00,1,0,1
64845,3.276,95.50,316.00,1,0,1
64847,3.312,62.20,206.00,1,0,0
64850,3.312,63.00,208.00,1,0,0
64852,3.312,61.90,205.00,1,0,0
64855,3.312,61.90,205.00,1,0,0
64857,3.312,61.90,205.00,1,0,1
64860,3.308,62.00,205.00,1,0,1
64862,3.312,62.10,206.00,1,0,1
64865,3.308,139.90,462.00,1,0,1
64867,3.308,62.30,206.00,1,0,0
64870,3.308,72.60,205.00,1,0,0
64872,3.312,61.80,205.00,1,0,0
64889,3.288,74.20,246.00,1,0,0
64892,3.312,61.90,205.00,1,0,0
64894,3.316,62.00,205.00,1,0,0
64897,3.312,62.00,205.00,1,0,0
64899,3.312,72.10,239.00,1,0,1
64902,3.308,74.20,324.00,1,0,1
64904,3.292,98.30,324.00,1,0,1
64907,3.288,82.00,272.00,1,0,1
64909,3.296,122.20,478.00,1,0,0
64911,3.304,61.90,205.00,1,0,0
64914,3.312,62.00,205.00,1,0,0
64916,3.312,62.10,206.00,1,0,0
64919,3.312,61.90,205.00,1,0,1
64921,3.312,61.80,205.00,1,0,1
64934,3.288,62.10,206.00,1,0,0
64936,3.312,61.80,205.00,1,0,0
64939,3.312,61.70,205.00,1,0,1
64941,3.312,62.00,205.00,1,0,1
64944,3.312,62.90,208.00,1,0,1
64946,3.312,62.00,205.00,1,0,1
64949,3.308,79.90,264.00,1,1,0
64951,3.308,65.90,218.00,1,1,0
64954,3.312,65.80,218.00,1,1,0
64956,3.312,65.80,216.00,1,1,0
64959,3.292,98.90,326.00,1,1,0
64961,3.292,98.30,326.00,1,1,0
64964,3.288,98.40,324.00,1,1,0
64966,3.296,98.30,324.00,1,1,0
64979,3.292,98.80,326.00,1,1,0
64981,3.292,98.90,326.00,1,1,0
64984,3.296,98.60,324.00,1,1,0
64986,3.292,98.20,323.00,1,1,0
64989,3.292,98.60,324.00,1,1,0
64991,3.296,98.80,324.00,1,1,0
64994,3.292,98.30,324.00,1,1,0
64996,3.292,100.50,331.00,1,1,0
64999,3.280,98.70,324.00,1,1,0
65001,3.292,98.80,326.00,1,1,0
65004,3.292,99.50,323.00,1,1,0
65006,3.292,91.40,300.00,1,1,0
65008,3.288,108.30,357.00,1,0,1
65011,3.284,97.20,319.00,1,0,1
65024,3.292,99.80,329.00,1,0,1
65026,3.292,99.00,326.00,1,0,1
65029,3.292,98.50,328.00,1,0,1
65031,3.292,98.30,324.00,1,0,1
65033,3.292,143.10,467.00,1,0,0
65036,3.288,98.30,324.00,1,0,0
65038,3.292,98.70,324.00,1,0,0
65041,3.288,98.30,324.00,1,0,0
65043,3.292,98.10,328.00,1,0,1
65046,3.292,98.50,324.00,1,0,1
65048,3.284,99.40,326.00,1,0,1
65051,3.276,99.90,326.00,1,0,1
65053,3.292,99.30,324.00,1,0,0
65056,3.292,93.40,308.00,1,0,0
65068,3.292,98.60,326.00,1,0,1
65071,3.312,62.00,205.00,1,0,1
65073,3.308,62.00,216.00,1,0,0
65076,3.300,61.90,205.00,1,0,0
65078,3.312,61.90,205.00,1,0,0
65081,3.312,143.50,367.00,1,0,0
65083,3.264,62.00,205.00,1,0,1
65086,3.312,62.00,205.00,1,0,1
65088,3.312,62.00,210.00,1,0,1
65091,3.308,62.00,205.00,1,0,1
65093,3.312,62.00,205.00,1,0,0
65096,3.308,61.90,205.00,1,0,0
65098,3.308,61.90,205.00,1,0,0
65101,3.288,121.80,400.00,1,0,0
65113,3.292,98.60,324.00,1,0,0
65116,3.292,98.40,328.00,1,0,0
65118,3.292,99.30,328.00,1,0,0
65121,3.292,98.20,323.00,1,0,0
65123,3.284,104.40,356.00,1,0,1
65126,3.288,98.50,324.00,1,0,1
65128,3.296,98.60,324.00,1,0,1
65131,3.292,99.40,328.00,1,0,1
65133,3.292,100.30,323.00,1,0,0
65135,3.280,101.40,334.00,1,0,0
65138,3.296,98.10,323.00,1,0,0
65140,3.296,98.10,324.00,1,0,0
65143,3.292,98.80,323.00,1,0,1
65145,3.280,152.40,500.00,1,0,1
65158,3.288,94.30,310.00,1,0,0
65160,3.292,75.40,205.00,1,0,0
65163,3.312,61.90,205.00,1,0,1
65165,3.308,62.00,205.00,1,0,1
65168,3.276,103.20,306.00,1,0,1
65170,3.308,62.10,205.00,1,0,1
65173,3.308,62.00,205.00,1,0,0
65175,3.308,62.00,205.00,1,0,0
65178,3.312,61.90,205.00,1,0,0
65180,3.312,61.90,205.00,1,0,0
65183,3.308,61.90,205.00,1,0,1
65185,3.300,62.10,206.00,1,0,1
65188,3.312,62.00,205.00,1,0,1
65190,3.312,62.00,205.00,1,0,1
65203,3.312,62.00,205.00,1,0,1
65205,3.312,62.00,205.00,1,0,1
65208,3.312,62.00,203.00,1,0,1
65210,3.288,98.40,324.00,1,0,1
65213,3.292,98.70,311.00,1,0,0
65215,3.304,62.00,205.00,1,0,0
65218,3.312,62.10,206.00,1,0,0
65220,3.312,62.00,205.00,1,0,0
65223,3.312,62.00,205.00,1,0,1
65225,3.308,62.00,205.00,1,0,1
65228,3.312,62.00,205.00,1,0,1
65230,3.308,62.10,205.00,1,0,1
65232,3.308,62.00,205.00,1,0,0
65235,3.304,62.10,206.00,1,0,0
65248,3.312,62.10,206.00,1,0,1
65250,3.312,62.10,206.00,1,0,1
65253,3.312,62.10,206.00,1,0,0
65255,3.304,64.80,215.00,1,0,0
65257,3.312,62.00,205.00,1,0,0
65260,3.312,139.10,455.00,1,0,0
65262,3.248,73.80,244.00,1,0,1
65265,3.308,62.10,205.00,1,0,1
65267,3.312,62.20,206.00,1,0,1
65270,3.312,62.10,206.00,1,0,1
65272,3.312,62.00,205.00,1,0,0
65275,3.312,61.90,205.00,1,0,0
65277,3.312,61.90,205.00,1,0,0
65280,3.312,62.00,205.00,1,0,0
65292,3.312,62.00,205.00,1,0,0
65295,3.308,69.70,205.00,1,0,0
65297,3.312,62.00,205.00,1,0,0
65300,3.312,62.10,206.00,1,0,0
65302,3.312,62.10,205.00,1,0,1
65305,3.312,62.10,206.00,1,0,1
65307,3.276,119.30,392.00,1,0,1
65310,3.308,62.00,205.00,1,0,1
65312,3.296,98.20,323.00,1,0,0
65315,3.272,101.20,333.00,1,0,0
65317,3.296,62.20,206.00,1,0,0
65320,3.312,62.00,205.00,1,0,0
65322,3.312,62.00,205.00,1,0,1
65325,3.312,61.90,205.00,1,0,1
65337,3.312,61.90,205.00,1,0,0
65340,3.312,61.90,205.00,1,0,0
65342,3.312,61.80,205.00,1,0,1
65345,3.312,62.00,205.00,1,0,1
65347,3.312,62.00,206.00,1,0,1
65350,3.308,62.20,206.00,1,0,1
65352,3.308,143.80,469.00,1,0,1
65354,3.284,79.00,206.00,1,0,0
65357,3.312,64.70,215.00,1,0,0
65359,3.312,61.90,205.00,1,0,0
65362,3.308,61.90,206.00,1,0,0
65364,3.312,62.20,206.00,1,0,1
65367,3.308,62.30,206.00,1,0,1
65369,3.308,63.00,205.00,1,0,1
65382,3.312,62.10,206.00,1,0,0
65384,3.312,63.30,206.00,1,0,1
65387,3.308,62.10,206.00,1,0,1
65389,3.308,62.00,205.00,1,0,1
65392,3.312,62.00,205.00,1,0,1
65394,3.312,64.00,211.00,1,0,0
65397,3.264,141.10,462.00,1,0,0
65399,3.284,62.20,206.00,1,0,0
65402,3.312,62.10,206.00,1,0,0
65404,3.308,63.20,210.00,1,0,1
65407,3.308,62.00,205.00,1,0,1
65409,3.312,61.90,205.00,1,0,1
65412,3.308,62.00,205.00,1,0,1
65414,3.304,105.80,323.00,1,0,0
65427,3.308,61.90,205.00,1,0,1
65429,3.312,62.00,205.00,1,0,1
65432,3.312,62.10,205.00,1,0,1
65434,3.312,70.00,205.00,1,0,0
65437,3.312,61.80,205.00,1,0,0
65439,3.312,61.80,205.00,1,0,0
65442,3.312,61.80,205.00,1,0,0
65444,3.264,146.10,511.00,1,0,1
65447,3.304,62.10,206.00,1,0,1
65449,3.308,63.30,210.00,1,0,1
65452,3.312,62.10,206.00,1,0,1
65454,3.312,73.80,244.00,1,0,0
65456,3.312,61.70,205.00,1,0,0
65459,3.312,61.80,211.00,1,0,0
65472,3.308,61.90,205.00,1,0,1
65474,3.312,69.30,229.00,1,0,0
65477,3.312,61.70,205.00,1,0,0
65479,3.308,61.90,205.00,1,0,0
65481,3.312,62.00,205.00,1,0,0
65484,3.312,71.50,238.00,1,0,1
65486,3.308,62.00,203.00,1,0,1
65489,3.264,119.40,462.00,1,0,1
65491,3.280,61.90,205.00,1,0,1
65494,3.312,62.00,205.00,1,0,0
65496,3.308,61.90,205.00,1,0,0
65499,3.308,62.00,205.00,1,0,0
65501,3.312,62.10,206.00,1,0,0
65504,3.312,61.90,205.00,1,0,1
65516,3.312,105.70,324.00,1,0,0
65519,3.292,96.50,318.00,1,0,0
65521,3.288,82.80,274.00,1,0,0
65524,3.312,61.80,205.00,1,0,1
65526,3.312,61.90,205.00,1,0,1
65529,3.308,63.20,210.00,1,0,1
65531,3.308,62.10,205.00,1,0,1
65534,3.308,76.10,252.00,1,0,0
65536,3.292,109.70,357.00,1,0,0
65539,3.280,62.40,205.00,1,0,0
65541,3.308,61.90,205.00,1,0,0
65544,3.312,63.60,210.00,1,0,1
65546,3.312,62.10,205.00,1,0,1
65549,3.312,62.10,210.00,1,0,1
65561,3.312,62.00,205.00,1,0,0
65564,3.308,63.30,210.00,1,0,1
65566,3.312,62.10,205.00,1,0,1
65569,3.308,62.00,205.00,1,0,1
65571,3.308,61.90,205.00,1,0,1
65574,3.312,61.80,205.00,1,0,0
65576,3.312,61.90,205.00,1,0,0
65578,3.312,61.90,205.00,1,0,0
65581,3.264,141.70,465.00,1,0,0
65583,3.308,62.10,206.00,1,0,1
65586,3.308,61.90,205.00,1,0,1
65588,3.308,61.80,205.00,1,0,1
65591,3.312,61.80,205.00,1,0,1
65593,3.308,62.00,208.00,1,0,0
65606,3.264,66.20,205.00,1,0,1
65608,3.308,62.90,208.00,1,0,1
65611,3.308,62.00,205.00,1,0,1
65613,3.308,62.00,239.00,1,0,0
65616,3.308,62.00,205.00,1,0,0
65618,3.312,95.90,316.00,1,0,0
65621,3.292,98.10,323.00,1,0,0
65623,3.292,61.90,205.00,1,0,1
65626,3.292,123.10,403.00,1,0,1
65628,3.276,64.30,211.00,1,0,1
65631,3.308,62.10,206.00,1,0,1
65633,3.308,62.00,205.00,1,0,0
65636,3.308,62.00,205.00,1,0,0
65638,3.312,61.90,205.00,1,0,0
65651,3.312,62.10,205.00,1,0,1
65653,3.308,62.00,205.00,1,0,0
65656,3.312,61.80,205.00,1,0,0
65658,3.312,61.90,205.00,1,0,0
65661,3.312,61.90,205.00,1,0,0
65663,3.312,62.00,205.00,1,0,1
65666,3.308,62.10,460.00,1,0,1
65668,3.280,71.60,238.00,1,0,1
65671,3.312,62.00,205.00,1,0,1
65673,3.312,62.00,206.00,1,0,0
65675,3.300,61.90,205.00,1,0,0
65678,3.312,62.00,205.00,1,0,0
65680,3.312,62.00,206.00,1,0,0
65683,3.312,62.00,205.00,1,0,1
65696,3.308,62.00,205.00,1,0,0
65698,3.312,61.90,205.00,1,0,0
65701,3.312,62.00,205.00,1,0,0
65703,3.312,61.90,205.00,1,0,1
65705,3.308,62.00,205.00,1,0,1
65708,3.308,62.00,205.00,1,0,1
65710,3.312,62.00,205.00,1,0,1
65713,3.308,143.60,469.00,1,0,0
65715,3.312,62.00,205.00,1,0,0
65718,3.312,62.00,205.00,1,0,0
65720,3.308,86.60,285.00,1,0,0
65723,3.292,98.30,324.00,1,0,1
65725,3.284,87.80,206.00,1,0,1
65728,3.312,62.00,205.00,1,0,1
65740,3.312,61.90,205.00,1,0,0
65743,3.312,61.90,205.00,1,0,1
65745,3.312,62.00,226.00,1,0,1
65748,3.312,62.00,205.00,1,0,1
65750,3.312,62.10,206.00,1,0,1
65753,3.308,62.00,205.00,1,0,0
65755,3.300,62.10,205.00,1,0,0
65758,3.312,136.40,446.00,1,0,0
65760,3.312,61.90,205.00,1,0,0
65763,3.312,62.00,205.00,1,0,1
65765,3.308,62.00,205.00,1,0,1
65768,3.308,62.00,205.00,1,0,1
65770,3.312,62.00,205.00,1,0,1
65772,3.312,62.00,205.00,1,0,0
65785,3.300,62.00,205.00,1,0,1
65788,3.312,62.00,205.00,1,0,1
65790,3.312,62.00,205.00,1,0,1
65793,3.312,62.00,205.00,1,0,0
65795,3.312,61.90,205.00,1,0,0
65798,3.312,61.90,205.00,1,0,0
65800,3.312,61.90,205.00,1,0,0
65802,3.308,61.80,205.00,1,0,1
65805,3.260,126.70,418.00,1,0,1
65807,3.312,62.00,205.00,1,0,1
65810,3.312,62.00,205.00,1,0,1
65812,3.308,61.90,205.00,1,0,0
65815,3.308,71.80,205.00,1,0,0
65817,3.312,62.00,205.00,1,0,0
65830,3.308,62.10,205.00,1,0,1
65832,3.308,62.00,205.00,1,0,0
65835,3.300,66.50,205.00,1,0,0
65837,3.308,62.00,205.00,1,0,0
65840,3.312,62.00,205.00,1,0,0
65842,3.312,61.90,205.00,1,0,1
65845,3.312,62.00,205.00,1,0,1
65847,3.308,62.10,205.00,1,0,1
65850,3.308,139.20,524.00,1,0,1
65852,3.268,73.20,206.00,1,0,0
65855,3.312,62.00,205.00,1,0,0
65857,3.312,61.90,205.00,1,0,0
65860,3.312,62.00,205.00,1,0,0
65862,3.312,61.90,205.00,1,0,1
65875,3.312,62.00,205.00,1,0,0
65877,3.312,61.90,205.00,1,0,0
65880,3.312,61.90,205.00,1,0,0
65882,3.312,61.90,205.00,1,0,1
65885,3.312,62.10,206.00,1,0,1
65887,3.312,62.00,205.00,1,0,1
65890,3.312,62.00,205.00,1,0,1
65892,3.308,135.40,442.00,1,0,0
65895,3.304,73.40,205.00,1,0,0
65897,3.312,61.90,205.00,1,0,0
65899,3.312,62.00,205.00,1,0,0
65902,3.312,62.00,205.00,1,0,0
65904,3.312,67.70,206.00,1,0,1
65907,3.312,62.00,205.00,1,0,1
65920,3.312,62.00,205.00,1,0,0
65922,3.312,61.90,205.00,1,0,1
65924,3.312,63.20,205.00,1,0,1
65927,3.284,97.90,323.00,1,0,1
65929,3.292,98.60,324.00,1,0,1
65932,3.312,62.10,206.00,1,0,1
65934,3.312,62.10,206.00,1,0,0
65937,3.308,140.30,457.00,1,0,0
65939,3.296,62.10,205.00,1,0,0
65942,3.312,61.80,205.00,1,0,0
65944,3.312,62.00,205.00,1,0,1
65947,3.312,62.00,206.00,1,0,1
65949,3.312,62.10,206.00,1,0,1
65952,3.308,62.10,205.00,1,0,1
65964,3.272,62.20,206.00,1,0,1
65967,3.308,62.20,206.00,1,0,1
65969,3.312,63.30,205.00,1,0,1
65972,3.312,64.20,213.00,1,0,1
65974,3.312,76.30,252.00,1,0,0
65977,3.312,61.80,205.00,1,0,0
65979,3.312,61.90,205.00,1,0,0
65982,3.312,61.90,205.00,1,0,0
65984,3.312,62.90,205.00,1,0,1
65987,3.300,122.10,400.00,1,0,1
65989,3.312,63.40,210.00,1,0,1
65992,3.308,62.00,205.00,1,0,1
65994,3.312,70.80,234.00,1,0,0
65996,3.312,61.90,205.00,1,0,0
66009,3.284,143.70,472.00,1,0,1
66012,3.312,62.00,205.00,1,0,1
66014,3.312,62.00,205.00,1,0,0
66017,3.312,62.10,206.00,1,0,0
66019,3.312,62.00,205.00,1,0,0
66021,3.316,61.90,205.00,1,0,0
66024,3.312,70.00,233.00,1,0,1
66026,3.312,61.90,205.00,1,0,1
66029,3.284,98.30,357.00,1,0,1
66031,3.292,93.60,308.00,1,0,1
66034,3.308,64.30,213.00,1,0,0
66036,3.312,62.00,205.00,1,0,0
66039,3.312,61.90,205.00,1,0,0
66041,3.312,61.80,205.00,1,0,0
66054,3.264,78.20,259.00,1,0,0
66056,3.312,61.90,205.00,1,0,0
66059,3.312,61.80,205.00,1,0,0
66061,3.312,61.90,205.00,1,0,0
66064,3.308,61.90,205.00,1,0,1
66066,3.312,62.20,206.00,1,0,1
66069,3.308,62.80,208.00,1,0,1
66071,3.308,62.00,205.00,1,0,1
66074,3.312,61.90,244.00,1,0,0
66076,3.312,61.90,202.00,1,0,0
66079,3.272,142.20,470.00,1,0,0
66081,3.312,62.10,206.00,1,0,0
66084,3.312,70.00,231.00,1,0,1
66086,3.308,62.10,206.00,1,0,1
66099,3.284,141.70,469.00,1,0,0
66101,3.312,64.00,206.00,1,0,0
66104,3.312,63.20,210.00,1,0,1
66106,3.312,61.90,205.00,1,0,1
66109,3.312,61.90,205.00,1,0,1
66111,3.308,61.90,205.00,1,0,1
66114,3.308,62.60,206.00,1,0,0
66116,3.312,62.10,206.00,1,0,0
66119,3.312,62.10,205.00,1,0,0
66121,3.312,119.30,392.00,1,0,0
66123,3.312,61.90,205.00,1,0,1
66126,3.308,61.90,205.00,1,0,1
66128,3.308,61.90,205.00,1,0,1
66131,3.288,102.30,338.00,1,0,1
66144,3.264,72.50,239.00,1,0,1
66146,3.312,62.10,206.00,1,0,1
66148,3.312,63.20,210.00,1,0,1
66151,3.308,62.10,206.00,1,0,1
66153,3.312,62.00,252.00,1,0,0
66156,3.312,61.70,205.00,1,0,0
66158,3.312,61.70,205.00,1,0,0
66161,3.312,61.80,205.00,1,0,0
66163,3.312,62.70,206.00,1,0,1
66166,3.284,87.30,283.00,1,0,1
66168,3.308,62.20,206.00,1,0,1
66171,3.312,61.90,205.00,1,0,1
66173,3.308,61.90,205.00,1,0,0
66176,3.312,61.80,205.00,1,0,0
66188,3.272,108.60,359.00,1,0,1
66191,3.312,61.90,205.00,1,0,1
66193,3.308,61.90,205.00,1,0,0
66196,3.312,62.00,205.00,1,0,0
66198,3.312,62.00,205.00,1,0,0
66201,3.312,62.10,206.00,1,0,0
66203,3.312,61.80,205.00,1,0,1
66206,3.312,61.90,205.00,1,0,1
66208,3.312,61.90,205.00,1,0,1
66211,3.312,61.90,202.00,1,0,1
66213,3.268,140.50,218.00,1,0,0
66216,3.304,62.10,206.00,1,0,0
66218,3.312,62.00,205.00,1,0,0
66220,3.312,61.80,205.00,1,0,0
66233,3.260,108.20,356.00,1,0,0
66236,3.288,98.70,321.00,1,0,0
66238,3.292,92.40,306.00,1,0,0
66241,3.312,61.80,205.00,1,0,0
66243,3.312,61.80,208.00,1,0,1
66245,3.308,65.30,216.00,1,0,1
66248,3.312,62.00,205.00,1,0,1
66250,3.312,62.10,205.00,1,0,1
66253,3.308,82.90,272.00,1,0,0
66255,3.264,70.90,234.00,1,0,0
66258,3.312,61.70,205.00,1,0,0
66260,3.312,61.80,205.00,1,0,0
66263,3.312,61.90,205.00,1,0,1
66265,3.308,62.10,206.00,1,0,1
66278,3.268,94.80,311.00,1,0,0
66280,3.312,62.00,205.00,1,0,0
66283,3.312,62.00,205.00,1,0,1
66285,3.308,61.90,205.00,1,0,1
66288,3.312,61.80,205.00,1,0,1
66290,3.312,61.90,205.00,1,0,1
66293,3.308,61.90,205.00,1,0,0
66295,3.300,61.90,205.00,1,0,0
66298,3.312,119.30,392.00,1,0,0
66300,3.312,62.10,206.00,1,0,0
66303,3.312,61.80,205.00,1,0,1
66305,3.312,61.80,205.00,1,0,1
66308,3.308,61.80,205.00,1,0,1
66310,3.312,61.90,205.00,1,0,1
66323,3.312,61.80,205.00,1,0,1
66325,3.304,62.00,205.00,1,0,1
66328,3.312,62.00,205.00,1,0,1
66330,3.308,62.00,205.00,1,0,1
66333,3.312,62.10,205.00,1,0,0
66335,3.308,108.10,356.00,1,0,0
66338,3.292,97.90,323.00,1,0,0
66340,3.288,90.80,205.00,1,0,0
66342,3.312,136.90,449.00,1,0,1
66345,3.304,62.10,205.00,1,0,1
66347,3.308,62.10,205.00,1,0,1
66350,3.308,62.00,205.00,1,0,1
66352,3.312,61.90,205.00,1,0,0
66355,3.304,70.50,205.00,1,0,0
66368,3.276,119.70,392.00,1,0,1
66370,3.312,62.00,205.00,1,0,1
66372,3.308,61.90,205.00,1,0,0
66375,3.300,61.90,205.00,1,0,0
66377,3.312,61.90,205.00,1,0,0
66380,3.312,62.00,205.00,1,0,0
66382,3.308,61.90,205.00,1,0,1
66385,3.308,66.90,205.00,1,0,1
66387,3.312,61.90,205.00,1,0,1
66390,3.308,137.50,451.00,1,0,1
66392,3.268,66.50,205.00,1,0,0
66395,3.312,62.00,205.00,1,0,0
66397,3.312,62.00,205.00,1,0,0
66400,3.312,62.00,205.00,1,0,0
66412,3.284,140.10,206.00,1,0,0
66415,3.308,62.00,205.00,1,0,0
66417,3.308,62.00,205.00,1,0,0
66420,3.312,61.90,205.00,1,0,0
66422,3.312,61.90,205.00,1,0,1
66425,3.308,62.00,205.00,1,0,1
66427,3.308,62.00,205.00,1,0,1
66430,3.308,62.80,205.00,1,0,1
66432,3.308,62.00,203.00,1,0,0
66435,3.264,78.40,259.00,1,0,0
66437,3.312,61.90,319.00,1,0,0
66439,3.288,96.60,318.00,1,0,0
66442,3.292,86.20,285.00,1,0,0
66444,3.308,72.30,206.00,1,0,1
66457,3.264,144.80,467.00,1,0,0
66460,3.304,61.90,205.00,1,0,0
66462,3.312,62.00,205.00,1,0,1
66465,3.312,62.10,205.00,1,0,1
66467,3.312,62.00,205.00,1,0,1
66469,3.308,61.90,205.00,1,0,1
66472,3.312,62.00,205.00,1,0,1
66474,3.312,64.10,205.00,1,0,0
66477,3.312,61.90,205.00,1,0,0
66479,3.268,134.40,441.00,1,0,0
66482,3.284,62.00,205.00,1,0,0
66484,3.312,62.00,205.00,1,0,1
66487,3.312,61.90,205.00,1,0,1
66489,3.312,63.70,205.00,1,0,1
66502,3.304,62.00,205.00,1,0,0
66504,3.312,62.00,205.00,1,0,1
66507,3.312,62.10,206.00,1,0,1
66509,3.312,63.00,205.00,1,0,1
66512,3.308,62.00,205.00,1,0,1
66514,3.308,74.70,247.00,1,0,0
66517,3.312,61.90,205.00,1,0,0
66519,3.312,61.80,205.00,1,0,0
66522,3.284,122.70,401.00,1,0,0
66524,3.280,66.70,205.00,1,0,1
66527,3.312,62.00,205.00,1,0,1
66529,3.312,62.10,206.00,1,0,1
66532,3.312,62.00,205.00,1,0,1
66534,3.308,62.00,211.00,1,0,0
66547,3.308,62.10,206.00,1,0,1
66549,3.312,62.00,205.00,1,0,1
66552,3.308,62.00,205.00,1,0,1
66554,3.312,62.70,205.00,1,0,0
66557,3.312,62.00,205.00,1,0,0
66559,3.312,62.00,205.00,1,0,0
66561,3.312,61.90,205.00,1,0,0
66564,3.312,64.80,215.00,1,0,1
66566,3.308,62.10,206.00,1,0,1
66569,3.268,112.00,467.00,1,0,1
66571,3.304,62.10,206.00,1,0,1
66574,3.312,69.60,231.00,1,0,0
66576,3.312,61.90,205.00,1,0,0
66579,3.312,61.90,205.00,1,0,0
66591,3.312,62.80,405.00,1,0,1
66594,3.292,75.70,251.00,1,0,0
66596,3.312,61.90,205.00,1,0,0
66599,3.312,62.00,205.00,1,0,0
66601,3.312,62.00,205.00,1,0,0
66604,3.312,62.70,208.00,1,0,1
66606,3.312,62.00,205.00,1,0,1
66609,3.312,62.70,208.00,1,0,1
66611,3.312,61.90,205.00,1,0,1
66614,3.312,62.00,460.00,1,0,0
66616,3.276,62.10,206.00,1,0,0
66619,3.312,62.10,206.00,1,0,0
66621,3.308,62.00,205.00,1,0,0
66624,3.312,71.80,238.00,1,0,1
66636,3.312,62.00,205.00,1,0,0
66639,3.312,142.90,472.00,1,0,0
66641,3.312,62.00,205.00,1,0,0
66644,3.288,98.20,324.00,1,0,1
66646,3.292,91.00,301.00,1,0,1
66649,3.308,62.10,205.00,1,0,1
66651,3.312,62.20,206.00,1,0,1
66654,3.312,65.90,218.00,1,0,0
66656,3.312,61.90,205.00,1,0,0
66659,3.312,61.90,205.00,1,0,0
66661,3.308,139.90,462.00,1,0,0
66663,3.312,62.00,205.00,1,0,1
66666,3.308,62.10,205.00,1,0,1
66668,3.308,63.20,210.00,1,0,1
66681,3.312,62.00,205.00,1,0,0
66684,3.312,141.50,465.00,1,0,1
66686,3.264,70.80,234.00,1,0,1
66688,3.312,62.10,208.00,1,0,1
66691,3.312,62.10,205.00,1,0,1
66693,3.312,62.80,208.00,1,0,0
66696,3.312,61.90,205.00,1,0,0
66698,3.312,62.00,205.00,1,0,0
66701,3.312,62.10,206.00,1,0,0
66703,3.312,62.10,208.00,1,0,1
66706,3.312,132.10,433.00,1,0,1
66708,3.312,62.00,205.00,1,0,1
66711,3.312,62.00,205.00,1,0,1
66713,3.312,62.00,205.00,1,0,0
66726,3.312,120.60,398.00,1,0,1
66728,3.296,62.00,205.00,1,0,1
66731,3.308,62.10,206.00,1,0,1
66733,3.312,62.20,210.00,1,0,0
66736,3.304,62.00,205.00,1,0,0
66738,3.312,61.90,205.00,1,0,0
66741,3.312,61.90,205.00,1,0,0
66743,3.312,61.90,205.00,1,0,1
66746,3.284,98.60,324.00,1,0,1
66748,3.292,110.00,323.00,1,0,1
66751,3.292,62.10,206.00,1,0,1
66753,3.312,62.00,205.00,1,0,0
66756,3.308,61.90,205.00,1,0,0
66758,3.312,61.70,205.00,1,0,0
66771,3.312,62.00,205.00,1,0,1
66773,3.264,142.10,470.00,1,0,0
66776,3.312,61.80,205.00,1,0,0
66778,3.312,61.80,205.00,1,0,0
66781,3.312,61.80,205.00,1,0,0
66783,3.312,62.00,205.00,1,0,1
66785,3.312,62.10,205.00,1,0,1
66788,3.312,61.90,205.00,1,0,1
66790,3.308,61.80,205.00,1,0,1
66793,3.312,61.80,205.00,1,0,0
66795,3.304,61.80,202.00,1,0,0
66798,3.276,92.70,305.00,1,0,0
66800,3.312,62.10,206.00,1,0,0
66803,3.312,61.90,205.00,1,0,1
66815,3.300,62.00,205.00,1,0,0
66818,3.312,62.00,205.00,1,0,0
66820,3.312,61.90,378.00,1,0,0
66823,3.268,61.90,205.00,1,0,1
66825,3.308,61.80,205.00,1,0,1
66828,3.308,61.90,205.00,1,0,1
66830,3.308,62.10,206.00,1,0,1
66833,3.312,62.10,206.00,1,0,0
66835,3.308,62.00,205.00,1,0,0
66838,3.312,61.90,205.00,1,0,0
66840,3.312,61.70,205.00,1,0,0
66843,3.312,61.70,205.00,1,0,1
66845,3.276,119.90,208.00,1,0,1
66848,3.312,98.20,323.00,1,0,1
66860,3.308,65.80,218.00,1,1,0
66863,3.312,65.90,218.00,1,1,0
66865,3.312,70.10,624.00,1,1,0
66868,3.288,91.40,300.00,1,1,0
66870,3.288,91.30,300.00,1,1,0
66873,3.288,91.20,300.00,1,1,0
66875,3.288,91.20,300.00,1,1,0
66878,3.292,91.20,300.00,1,1,0
66880,3.288,97.80,326.00,1,1,0
66882,3.292,98.30,324.00,1,1,0
66885,3.292,98.30,324.00,1,1,0
66892,3.292,97.10,319.00,1,1,0
66895,3.292,99.20,326.00,1,1,0
66897,3.292,99.30,326.00,1,1,0
66900,3.292,92.90,305.00,1,1,0
66902,3.292,98.20,323.00,1,1,0
66905,3.292,98.50,323.00,1,1,0
66907,3.288,98.70,324.00,1,1,0
66910,3.292,98.40,324.00,1,1,0
66912,3.292,99.30,324.00,1,1,0
66914,3.292,99.10,326.00,1,1,0
66927,3.284,115.60,324.00,1,1,0
66930,3.292,91.40,300.00,1,1,0
66932,3.288,91.40,301.00,1,1,0
66935,3.288,91.50,301.00,1,1,0
66937,3.288,91.30,300.00,1,1,0
66940,3.288,91.30,300.00,1,1,0
66942,3.292,98.10,323.00,1,1,0
66944,3.292,98.50,324.00,1,1,0
66947,3.292,98.30,324.00,1,1,0
66949,3.292,98.50,324.00,1,1,0
66952,3.292,98.20,323.00,1,1,0
66954,3.292,91.10,300.00,1,1,0
66957,3.284,100.10,319.00,1,1,0
66959,3.292,98.30,324.00,1,1,0
66972,3.292,98.30,318.00,1,1,0
66974,3.292,98.90,326.00,1,1,0
66977,3.292,99.50,328.00,1,1,0
66979,3.272,133.40,301.00,1,1,0
66982,3.292,99.60,328.00,1,1,0
66984,3.292,98.40,324.00,1,1,0
66987,3.292,98.60,326.00,1,1,0
66989,3.292,99.20,326.00,1,1,0
66992,3.292,98.50,324.00,1,1,0
66994,3.292,96.80,324.00,1,1,0
66997,3.292,99.50,328.00,1,1,0
66999,3.292,99.30,326.00,1,1,0
67002,3.292,95.50,295.00,1,1,0
67004,3.288,98.20,323.00,1,1,0
67017,3.292,99.10,326.00,1,1,0
67019,3.292,98.60,324.00,1,1,0
67022,3.292,98.60,324.00,1,1,0
67024,3.292,98.50,324.00,1,1,0
67027,3.292,98.70,324.00,1,1,0
67029,3.272,114.50,377.00,1,0,1
67032,3.288,128.00,424.00,1,0,1
67034,3.272,115.90,380.00,1,0,0
67037,3.288,98.00,323.00,1,0,0
67039,3.288,62.10,205.00,1,0,0
67041,3.312,61.90,205.00,1,0,0
67044,3.312,62.90,208.00,1,0,1
67046,3.312,62.10,205.00,1,0,1
67049,3.312,62.60,208.00,1,0,1
67062,3.312,62.00,205.00,1,0,0
67064,3.312,63.90,211.00,1,0,1
67066,3.308,62.00,205.00,1,0,1
67069,3.308,61.90,205.00,1,0,1
67071,3.312,61.90,205.00,1,0,1
67074,3.308,61.80,211.00,1,0,0
67076,3.312,61.90,205.00,1,0,0
67079,3.312,95.50,313.00,1,0,0
67081,3.288,140.10,464.00,1,0,0
67084,3.312,62.00,233.00,1,0,1
67086,3.308,61.90,205.00,1,0,1
67089,3.312,61.90,205.00,1,0,1
67091,3.308,62.00,205.00,1,0,1
67094,3.312,66.50,220.00,1,0,0
67106,3.312,62.00,205.00,1,0,1
67109,3.312,63.10,210.00,1,0,1
67111,3.312,62.00,205.00,1,0,1
67114,3.308,76.30,252.00,1,0,0
67116,3.312,61.90,205.00,1,0,0
67119,3.312,61.80,205.00,1,0,0
67121,3.312,61.70,205.00,1,0,0
67124,3.312,62.50,206.00,1,0,1
67126,3.312,61.90,370.00,1,0,1
67129,3.292,96.90,318.00,1,0,1
67131,3.284,62.00,205.00,1,0,1
67134,3.312,62.10,205.00,1,0,0
67136,3.312,61.80,205.00,1,0,0
67138,3.312,61.70,205.00,1,0,0
67151,3.308,140.60,465.00,1,0,1
67154,3.312,61.90,205.00,1,0,0
67156,3.288,98.20,323.00,1,0,0
67159,3.292,92.70,306.00,1,0,0
67161,3.312,62.00,205.00,1,0,0
67163,3.312,62.00,206.00,1,0,1
67166,3.312,62.00,205.00,1,0,1
67168,3.312,62.00,205.00,1,0,1
67171,3.312,61.90,205.00,1,0,1
67173,3.308,103.30,338.00,1,0,0
67176,3.268,67.50,223.00,1,0,0
67178,3.312,62.00,205.00,1,0,0
67181,3.312,61.90,205.00,1,0,0
67183,3.312,62.00,205.00,1,0,1
67196,3.312,121.80,400.00,1,0,0
67198,3.288,62.10,206.00,1,0,0
67201,3.312,64.60,205.00,1,0,0
67203,3.308,61.80,203.00,1,0,1
67206,3.312,62.10,206.00,1,0,1
67208,3.312,62.00,208.00,1,0,1
67211,3.308,62.00,205.00,1,0,1
67213,3.308,62.00,205.00,1,0,0
67216,3.312,61.90,205.00,1,0,0
67218,3.312,126.20,411.00,1,0,0
67221,3.312,62.00,205.00,1,0,0
67223,3.312,61.90,208.00,1,0,1
67226,3.312,62.00,205.00,1,0,1
67228,3.312,62.10,206.00,1,0,1
67241,3.284,69.60,231.00,1,0,0
67243,3.312,61.90,205.00,1,0,1
67246,3.312,62.00,211.00,1,0,1
67248,3.312,62.10,206.00,1,0,1
67251,3.308,62.00,205.00,1,0,1
67253,3.312,62.00,206.00,1,0,0
67256,3.300,61.90,205.00,1,0,0
67258,3.292,98.10,323.00,1,0,0
67260,3.292,98.40,306.00,1,0,0
67263,3.288,61.90,205.00,1,0,1
67265,3.312,62.10,206.00,1,0,1
67268,3.312,62.20,205.00,1,0,1
67270,3.312,62.00,205.00,1,0,1
67273,3.312,62.00,205.00,1,0,0
67285,3.292,62.00,205.00,1,0,1
67288,3.308,62.00,205.00,1,0,1
67290,3.312,61.90,205.00,1,0,1
67293,3.312,61.90,205.00,1,0,0
67295,3.312,61.80,205.00,1,0,0
67298,3.312,61.90,205.00,1,0,0
67300,3.312,62.00,205.00,1,0,0
67303,3.312,63.00,208.00,1,0,1
67305,3.292,157.90,238.00,1,0,1
67308,3.312,63.00,208.00,1,0,1
67310,3.312,62.00,205.00,1,0,1
67313,3.312,62.00,205.00,1,0,0
67315,3.308,62.00,205.00,1,0,0
67318,3.312,61.90,205.00,1,0,0
67330,3.308,62.10,206.00,1,0,1
67333,3.312,62.10,206.00,1,0,0
67335,3.300,62.10,205.00,1,0,0
67338,3.312,61.90,205.00,1,0,0
67340,3.312,61.90,205.00,1,0,0
67343,3.312,61.90,205.00,1,0,1
67345,3.312,62.00,203.00,1,0,1
67348,3.276,106.60,352.00,1,0,1
67350,3.308,62.10,206.00,1,0,1
67353,3.312,62.00,205.00,1,0,0
67355,3.308,61.90,205.00,1,0,0
67357,3.312,61.90,205.00,1,0,0
67360,3.312,97.90,321.00,1,0,0
67362,3.288,98.10,323.00,1,0,1
67375,3.312,61.90,205.00,1,0,0
67378,3.312,61.80,205.00,1,0,0
67380,3.312,61.90,205.00,1,0,0
67382,3.312,62.00,205.00,1,0,1
67385,3.304,62.10,206.00,1,0,1
67387,3.312,62.10,206.00,1,0,1
67390,3.312,140.30,459.00,1,0,1
67392,3.264,65.60,218.00,1,0,0
67395,3.312,73.70,205.00,1,0,0
67397,3.312,62.00,205.00,1,0,0
67400,3.312,62.00,205.00,1,0,0
67402,3.312,62.00,205.00,1,0,1
67405,3.312,62.00,205.00,1,0,1
67407,3.312,62.00,205.00,1,0,1
67420,3.312,62.00,205.00,1,0,0
67422,3.312,62.00,205.00,1,0,1
67425,3.312,61.90,205.00,1,0,1
67427,3.312,61.90,205.00,1,0,1
67430,3.312,62.00,205.00,1,0,1
67432,3.308,62.20,206.00,1,0,0
67435,3.312,62.00,203.00,1,0,0
67437,3.276,128.70,426.00,1,0,0
67440,3.312,61.90,205.00,1,0,0
67442,3.312,61.80,205.00,1,0,1
67445,3.304,63.20,210.00,1,0,1
67447,3.312,62.00,205.00,1,0,1
67450,3.312,62.10,206.00,1,0,1
67452,3.312,62.10,206.00,1,0,1
67465,3.288,98.10,323.00,1,0,1
67467,3.288,62.20,205.00,1,0,1
67470,3.308,62.00,205.00,1,0,1
67472,3.312,62.00,205.00,1,0,0
67475,3.312,77.20,205.00,1,0,0
67477,3.308,119.90,392.00,1,0,0
67479,3.312,61.80,205.00,1,0,0
67482,3.312,62.00,206.00,1,0,0
67484,3.312,62.00,205.00,1,0,1
67487,3.312,62.00,205.00,1,0,1
67489,3.312,63.10,210.00,1,0,1
67492,3.312,61.80,205.00,1,0,1
67494,3.312,70.00,233.00,1,1,0
67497,3.308,65.80,218.00,1,1,0
67509,3.288,91.10,300.00,1,1,0
67512,3.288,91.30,316.00,1,1,0
67514,3.288,90.00,297.00,1,1,0
67517,3.292,99.30,328.00,1,1,0
67519,3.292,98.80,326.00,1,1,0
67522,3.292,97.70,321.00,1,1,0
67524,3.292,98.70,324.00,1,1,0
67527,3.292,101.70,323.00,1,1,0
67529,3.292,99.10,326.00,1,1,0
67532,3.292,98.70,324.00,1,1,0
67534,3.292,99.30,324.00,1,1,0
67537,3.292,98.80,326.00,1,1,0
67539,3.292,98.70,324.00,1,1,0
67542,3.288,99.70,328.00,1,1,0
67554,3.268,103.80,342.00,1,0,1
67557,3.264,91.70,464.00,1,0,1
67559,3.292,115.90,382.00,1,0,0
67562,3.288,98.10,323.00,1,0,0
67564,3.288,105.60,326.00,1,0,0
67567,3.292,98.40,324.00,1,0,0
67569,3.292,94.30,310.00,1,0,1
67572,3.292,98.40,323.00,1,0,1
67574,3.292,98.40,324.00,1,0,1
67576,3.288,107.80,356.00,1,0,1
67579,3.292,101.40,328.00,1,0,0
67581,3.292,98.60,324.00,1,0,0
67584,3.292,98.40,324.00,1,0,0
67597,3.292,100.10,329.00,1,0,1
67599,3.288,102.80,338.00,1,0,0
67602,3.292,98.60,324.00,1,0,0
67604,3.292,98.10,323.00,1,0,0
67606,3.292,97.60,321.00,1,0,0
67609,3.292,98.10,323.00,1,0,1
67611,3.284,99.10,326.00,1,0,1
67614,3.292,100.40,331.00,1,0,1
67616,3.292,90.00,297.00,1,0,1
67619,3.292,76.90,254.00,1,0,0
67621,3.276,135.80,444.00,1,0,0
67624,3.312,62.00,205.00,1,0,0
67626,3.312,61.90,205.00,1,0,0
67639,3.312,72.60,241.00,1,0,0
67641,3.312,130.60,428.00,1,0,0
67644,3.280,104.30,205.00,1,0,0
67646,3.312,62.10,206.00,1,0,0
67649,3.312,63.20,210.00,1,0,1
67651,3.312,62.20,206.00,1,0,1
67654,3.312,62.00,205.00,1,0,1
67656,3.312,61.90,205.00,1,0,1
67659,3.312,61.90,205.00,1,0,0
67661,3.312,61.90,205.00,1,0,0
67664,3.312,136.80,449.00,1,0,0
67666,3.284,69.40,228.00,1,0,0
67669,3.292,98.40,362.00,1,0,1
67671,3.292,78.10,259.00,1,0,1
67684,3.312,62.00,205.00,1,0,0
67686,3.312,61.90,205.00,1,0,0
67689,3.308,130.60,375.00,1,0,1
67691,3.272,62.00,205.00,1,0,1
67694,3.308,63.30,210.00,1,0,1
67696,3.312,62.10,206.00,1,0,1
67699,3.312,72.70,241.00,1,0,0
67701,3.308,62.00,205.00,1,0,0
67704,3.312,61.90,205.00,1,0,0
67706,3.312,61.80,205.00,1,0,0
67708,3.312,61.80,205.00,1,0,1
67711,3.268,129.70,424.00,1,0,1
67713,3.284,62.30,210.00,1,0,1
67716,3.312,62.10,205.00,1,0,1
67729,3.312,69.20,229.00,1,0,1
67731,3.312,62.10,205.00,1,0,1
67733,3.272,120.40,223.00,1,0,1
67736,3.312,62.00,205.00,1,0,1
67738,3.312,61.90,205.00,1,0,0
67741,3.312,61.70,205.00,1,0,0
67743,3.312,61.90,205.00,1,0,0
67746,3.312,69.70,231.00,1,0,0
67748,3.312,62.00,208.00,1,0,1
67751,3.308,62.00,205.00,1,0,1
67753,3.312,61.90,205.00,1,0,1
67756,3.312,61.80,205.00,1,0,1
67758,3.264,139.10,218.00,1,0,0
67761,3.300,62.00,205.00,1,0,0
67773,3.292,61.90,205.00,1,0,1
67776,3.312,62.00,205.00,1,0,1
67778,3.312,62.10,228.00,1,0,0
67781,3.304,115.90,378.00,1,0,0
67783,3.276,63.90,211.00,1,0,0
67786,3.316,61.90,205.00,1,0,0
67788,3.312,61.90,205.00,1,0,1
67791,3.312,62.00,205.00,1,0,1
67793,3.312,62.10,210.00,1,0,1
67796,3.308,62.10,206.00,1,0,1
67798,3.308,62.10,206.00,1,0,0
67801,3.308,62.00,449.00,1,0,0
67803,3.264,65.40,216.00,1,0,0
67805,3.312,61.80,205.00,1,0,0
67818,3.312,62.00,205.00,1,0,0
67821,3.312,61.90,205.00,1,0,0
67823,3.264,119.00,351.00,1,0,0
67826,3.312,62.00,205.00,1,0,0
67828,3.312,62.00,205.00,1,0,1
67830,3.312,62.10,205.00,1,0,1
67833,3.308,62.10,206.00,1,0,1
67835,3.308,62.00,205.00,1,0,1
67838,3.312,61.90,205.00,1,0,0
67840,3.304,61.90,205.00,1,0,0
67843,3.312,61.90,205.00,1,0,0
67845,3.312,63.90,408.00,1,0,0
67848,3.280,62.00,205.00,1,0,1
67850,3.308,62.10,206.00,1,0,1
67863,3.312,62.00,205.00,1,0,0
67865,3.312,62.00,205.00,1,0,0
67868,3.312,62.00,467.00,1,0,1
67870,3.264,61.90,203.00,1,0,1
67873,3.292,99.80,329.00,1,0,1
67875,3.292,99.20,267.00,1,0,1
67878,3.312,62.10,206.00,1,0,0
67880,3.308,62.00,205.00,1,0,0
67883,3.312,62.00,205.00,1,0,0
67885,3.312,61.90,205.00,1,0,0
67888,3.312,61.80,205.00,1,0,1
67890,3.312,62.00,205.00,1,0,1
67893,3.312,123.90,406.00,1,0,1
67895,3.312,62.10,206.00,1,0,1
67908,3.312,61.90,205.00,1,0,1
67910,3.312,62.00,205.00,1,0,1
67913,3.312,62.10,205.00,1,0,1
67915,3.312,62.10,205.00,1,0,1
67918,3.292,125.00,410.00,1,0,0
67920,3.296,64.90,205.00,1,0,0
67923,3.312,61.90,205.00,1,0,0
67925,3.312,61.80,205.00,1,0,0
67927,3.312,61.90,205.00,1,0,1
67930,3.312,62.00,205.00,1,0,1
67932,3.312,62.00,205.00,1,0,1
67935,3.308,62.00,205.00,1,0,1
67937,3.308,61.90,205.00,1,0,0
67940,3.304,61.90,205.00,1,0,0
67952,3.312,61.90,205.00,1,0,1
67955,3.312,62.00,205.00,1,0,1
67957,3.312,62.00,205.00,1,0,0
67960,3.312,61.90,205.00,1,0,0
67962,3.312,61.80,205.00,1,0,0
67965,3.288,104.20,392.00,1,0,0
67967,3.288,62.00,205.00,1,0,1
67970,3.304,62.00,205.00,1,0,1
67972,3.312,62.00,205.00,1,0,1
67975,3.292,102.40,338.00,1,0,1
67977,3.292,94.80,311.00,1,0,0
67980,3.300,77.40,205.00,1,0,0
67982,3.312,61.90,205.00,1,0,0
67985,3.312,61.90,205.00,1,0,0
67997,3.312,62.00,205.00,1,0,0
68000,3.304,67.00,205.00,1,0,0
68002,3.312,61.90,205.00,1,0,0
68005,3.312,61.90,205.00,1,0,0
68007,3.312,61.90,202.00,1,0,1
68010,3.268,146.80,288.00,1,0,1
68012,3.288,62.00,205.00,1,0,1
68015,3.308,62.00,205.00,1,0,1
68017,3.312,62.00,205.00,1,0,0
68020,3.312,64.60,215.00,1,0,0
68022,3.312,61.80,205.00,1,0,0
68024,3.316,61.80,205.00,1,0,0
68027,3.312,61.70,205.00,1,0,0
68029,3.308,67.10,223.00,1,0,1
68042,3.312,61.80,205.00,1,0,0
68045,3.312,61.80,205.00,1,0,0
68047,3.312,61.90,205.00,1,0,0
68049,3.308,62.00,205.00,1,0,1
68052,3.312,62.10,347.00,1,0,1
68054,3.276,64.20,213.00,1,0,1
68057,3.308,62.00,205.00,1,0,1
68059,3.312,74.20,246.00,1,0,0
68062,3.312,61.80,205.00,1,0,0
68064,3.312,61.90,205.00,1,0,0
68067,3.312,62.00,205.00,1,0,0
68069,3.312,62.60,205.00,1,0,1
68072,3.312,62.00,205.00,1,0,1
68074,3.312,141.00,460.00,1,0,1
68087,3.312,61.80,205.00,1,0,0
68089,3.312,72.00,205.00,1,0,1
68092,3.308,61.90,205.00,1,0,1
68094,3.308,61.90,205.00,1,0,1
68097,3.312,61.90,205.00,1,0,1
68099,3.312,91.00,297.00,1,0,0
68102,3.312,62.00,205.00,1,0,0
68104,3.312,61.90,205.00,1,0,0
68107,3.312,61.80,205.00,1,0,0
68109,3.312,61.90,205.00,1,0,1
68112,3.312,61.80,205.00,1,0,1
68114,3.312,61.90,205.00,1,0,1
68117,3.312,62.00,205.00,1,0,1
68119,3.312,91.30,298.00,1,0,0
68132,3.312,61.90,205.00,1,0,1
68134,3.308,63.10,205.00,1,0,1
68137,3.312,62.00,205.00,1,0,1
68139,3.312,72.90,241.00,1,0,0
68142,3.312,143.50,411.00,1,0,0
68144,3.296,61.70,205.00,1,0,0
68146,3.312,61.80,205.00,1,0,0
68149,3.312,61.90,206.00,1,0,1
68151,3.312,62.00,205.00,1,0,1
68154,3.312,63.00,208.00,1,0,1
68156,3.312,61.90,205.00,1,0,1
68159,3.312,73.00,242.00,1,0,0
68161,3.312,61.70,205.00,1,0,0
68164,3.312,61.80,205.00,1,0,0
68176,3.312,61.80,205.00,1,0,1
68179,3.308,110.20,342.00,1,0,0
68181,3.292,98.50,324.00,1,0,0
68184,3.288,91.30,300.00,1,0,0
68186,3.312,123.00,392.00,1,0,0
68189,3.276,63.80,211.00,1,0,1
68191,3.308,61.80,205.00,1,0,1
68194,3.312,61.80,205.00,1,0,1
68196,3.308,61.90,205.00,1,0,1
68199,3.312,62.70,206.00,1,0,0
68201,3.312,62.00,205.00,1,0,0
68204,3.312,61.80,205.00,1,0,0
68206,3.312,61.70,205.00,1,0,0
68209,3.312,61.70,216.00,1,0,1
68221,3.312,61.80,205.00,1,0,0
68224,3.312,61.60,205.00,1,0,0
68226,3.312,61.70,205.00,1,0,0
68229,3.312,61.80,205.00,1,0,1
68231,3.308,62.00,205.00,1,0,1
68234,3.312,62.70,208.00,1,0,1
68236,3.276,135.20,442.00,1,0,1
68239,3.284,62.00,252.00,1,0,0
68241,3.312,61.70,205.00,1,0,0
68243,3.312,61.60,205.00,1,0,0
68246,3.312,61.80,205.00,1,0,0
68248,3.312,62.90,208.00,1,0,1
68251,3.312,62.00,205.00,1,0,1
68253,3.312,61.90,208.00,1,0,1
68266,3.312,62.00,205.00,1,0,0
68268,3.312,61.90,238.00,1,0,1
68271,3.312,61.90,205.00,1,0,1
68273,3.312,61.80,205.00,1,0,1
68276,3.308,61.70,205.00,1,0,1
68278,3.312,119.50,390.00,1,0,0
68281,3.308,101.60,334.00,1,0,0
68283,3.292,101.60,334.00,1,0,0
68286,3.292,61.90,205.00,1,0,0
68288,3.312,61.80,205.00,1,0,1
68291,3.308,61.80,205.00,1,0,1
68293,3.308,62.00,205.00,1,0,1
68296,3.312,62.10,206.00,1,0,1
68298,3.308,62.10,364.00,1,0,0
68311,3.312,62.00,205.00,1,0,1
68313,3.308,62.10,210.00,1,0,1
68316,3.308,62.20,206.00,1,0,1
68318,3.308,62.10,205.00,1,0,0
68321,3.312,61.90,205.00,1,0,0
68323,3.312,76.40,251.00,1,0,0
68326,3.268,68.40,226.00,1,0,0
68328,3.308,61.90,208.00,1,0,1
68331,3.304,62.10,205.00,1,0,1
68333,3.312,62.20,206.00,1,0,1
68336,3.308,62.10,206.00,1,0,1
68338,3.312,61.90,205.00,1,0,0
68340,3.308,61.70,205.00,1,0,0
68343,3.312,61.70,205.00,1,0,0
68356,3.312,61.90,205.00,1,0,1
68358,3.312,61.80,203.00,1,0,0
68361,3.300,61.80,205.00,1,0,0
68363,3.312,62.00,205.00,1,0,0
68365,3.308,62.10,206.00,1,0,0
68368,3.312,61.90,205.00,1,0,1
68370,3.268,141.40,464.00,1,0,1
68373,3.312,61.90,205.00,1,0,1
68375,3.308,61.90,205.00,1,0,1
68378,3.308,62.00,205.00,1,0,0
68380,3.300,62.10,205.00,1,0,0
68383,3.312,91.80,301.00,1,0,0
68385,3.292,99.10,326.00,1,0,0
68388,3.292,99.00,324.00,1,0,1
68400,3.308,62.20,206.00,1,0,0
68403,3.312,61.90,205.00,1,0,0
68405,3.312,61.70,205.00,1,0,0
68408,3.312,61.80,205.00,1,0,1
68410,3.312,62.10,205.00,1,0,1
68413,3.312,62.10,206.00,1,0,1
68415,3.312,127.80,392.00,1,0,1
68418,3.276,104.60,206.00,1,0,0
68420,3.312,61.80,205.00,1,0,0
68423,3.312,61.80,205.00,1,0,0
68425,3.312,61.70,205.00,1,0,0
68428,3.312,61.90,205.00,1,0,1
68430,3.308,62.10,206.00,1,0,1
68433,3.312,62.10,206.00,1,0,1
68445,3.312,62.00,205.00,1,0,0
68448,3.312,62.00,205.00,1,0,1
68450,3.312,62.20,206.00,1,0,1
68453,3.308,62.00,205.00,1,0,1
68455,3.308,61.90,205.00,1,0,1
68458,3.312,61.90,205.00,1,0,0
68460,3.304,61.90,477.00,1,0,0
68462,3.292,62.10,206.00,1,0,0
68465,3.312,62.10,206.00,1,0,0
68467,3.312,61.90,205.00,1,0,1
68470,3.312,61.90,205.00,1,0,1
68472,3.312,61.90,205.00,1,0,1
68475,3.312,61.90,205.00,1,0,1
68477,3.312,62.00,206.00,1,0,0
68490,3.288,92.20,205.00,1,0,1
68492,3.312,62.10,206.00,1,0,1
68495,3.312,62.00,205.00,1,0,1
68497,3.312,62.00,205.00,1,0,0
68500,3.308,62.00,205.00,1,0,0
68502,3.312,61.90,205.00,1,0,0
68505,3.312,78.50,464.00,1,0,0
68507,3.264,62.00,205.00,1,0,1
68510,3.308,62.10,206.00,1,0,1
68512,3.312,62.10,206.00,1,0,1
68515,3.312,62.10,206.00,1,0,1
68517,3.312,62.10,206.00,1,0,0
68520,3.308,70.10,205.00,1,0,0
68522,3.312,61.80,205.00,1,0,0
68535,3.308,62.00,205.00,1,0,1
68537,3.308,61.90,205.00,1,0,0
68540,3.300,61.90,205.00,1,0,0
68542,3.312,61.90,205.00,1,0,0
68545,3.312,62.00,205.00,1,0,0
68547,3.312,62.10,206.00,1,0,1
68550,3.312,99.10,400.00,1,0,1
68552,3.264,62.00,205.00,1,0,1
68555,3.308,62.00,205.00,1,0,1
68557,3.312,62.00,205.00,1,0,1
68559,3.312,61.90,205.00,1,0,0
68562,3.312,62.00,205.00,1,0,0
68564,3.312,62.00,205.00,1,0,0
68567,3.312,62.00,205.00,1,0,0
68580,3.312,73.70,206.00,1,0,0
68582,3.312,62.00,205.00,1,0,0
68585,3.312,61.90,205.00,1,0,0
68587,3.312,61.80,218.00,1,0,0
68589,3.280,101.70,336.00,1,0,1
68592,3.292,99.80,329.00,1,0,1
68594,3.268,143.80,306.00,1,0,1
68597,3.308,62.00,205.00,1,0,1
68599,3.308,76.90,254.00,1,0,0
68602,3.308,61.80,205.00,1,0,0
68604,3.312,61.80,205.00,1,0,0
68607,3.312,61.90,205.00,1,0,0
68609,3.312,62.70,205.00,1,0,1
68612,3.312,62.00,205.00,1,0,1
68624,3.312,61.90,205.00,1,0,0
68627,3.312,61.90,205.00,1,0,0
68629,3.312,72.50,241.00,1,0,1
68632,3.308,62.00,205.00,1,0,1
68634,3.308,62.10,206.00,1,0,1
68637,3.312,61.90,205.00,1,0,1
68639,3.312,135.20,303.00,1,0,0
68642,3.248,61.90,205.00,1,0,0
68644,3.312,61.90,205.00,1,0,0
68647,3.312,61.90,205.00,1,0,0
68649,3.312,62.00,205.00,1,0,1
68652,3.312,61.90,205.00,1,0,1
68654,3.312,61.80,205.00,1,0,1
68657,3.308,61.90,205.00,1,0,1
68669,3.312,61.90,205.00,1,0,1
68672,3.312,61.90,205.00,1,0,1
68674,3.312,62.90,208.00,1,0,1
68677,3.312,61.90,205.00,1,0,1
68679,3.312,73.50,244.00,1,0,0
68682,3.312,61.80,205.00,1,0,0
68684,3.312,61.90,203.00,1,0,0
68686,3.280,141.50,469.00,1,0,0
68689,3.312,66.80,221.00,1,0,1
68691,3.284,98.80,339.00,1,0,1
68694,3.288,94.20,310.00,1,0,1
68696,3.308,62.00,205.00,1,0,1
68699,3.308,62.00,236.00,1,0,0
68701,3.312,61.90,205.00,1,0,0
68714,3.308,62.00,205.00,1,0,1
68716,3.308,62.00,205.00,1,0,1
68719,3.308,61.90,218.00,1,1,0
68721,3.312,65.90,218.00,1,1,0
68724,3.308,65.80,218.00,1,1,0
68726,3.312,65.90,218.00,1,1,0
68729,3.312,65.80,218.00,1,1,0
68731,3.304,179.00,588.00,1,1,0
68734,3.288,91.20,300.00,1,1,0
68736,3.288,91.30,308.00,1,1,0
68739,3.288,91.30,300.00,1,1,0
68741,3.288,91.40,300.00,1,1,0
68744,3.288,91.40,295.00,1,1,0
68746,3.288,99.00,326.00,1,1,0
68759,3.292,101.00,333.00,1,1,0
68761,3.292,98.40,324.00,1,1,0
68764,3.292,98.20,323.00,1,1,0
68766,3.292,98.30,324.00,1,1,0
68769,3.292,99.10,326.00,1,1,0
68771,3.292,99.40,324.00,1,1,0
68774,3.288,98.30,324.00,1,1,0
68776,3.292,98.10,323.00,1,1,0
68779,3.292,98.60,324.00,1,1,0
68781,3.292,98.10,336.00,1,1,0
68783,3.280,112.40,369.00,1,1,0
68786,3.288,91.70,301.00,1,1,0
68788,3.288,91.40,321.00,1,1,0
68791,3.292,97.50,321.00,1,1,0
68804,3.292,99.30,328.00,1,1,0
68806,3.292,98.20,323.00,1,1,0
68808,3.292,102.30,328.00,1,1,0
68811,3.292,98.10,323.00,1,1,0
68813,3.292,100.40,331.00,1,1,0
68816,3.292,98.70,326.00,1,1,0
68818,3.292,98.70,324.00,1,1,0
68821,3.292,99.20,326.00,1,1,0
68823,3.292,101.40,328.00,1,1,0
68826,3.292,98.20,323.00,1,1,0
68828,3.292,98.70,324.00,1,1,0
68831,3.292,98.50,326.00,1,1,0
68833,3.292,98.80,328.00,1,0,1
68836,3.268,100.00,329.00,1,0,1
68848,3.292,98.00,323.00,1,0,1
68851,3.292,99.40,328.00,1,0,1
68853,3.292,101.40,324.00,1,0,1
68856,3.292,98.20,323.00,1,0,1
68858,3.292,142.60,467.00,1,0,0
68861,3.264,109.60,326.00,1,0,0
68863,3.292,98.70,324.00,1,0,0
68866,3.292,98.80,326.00,1,0,0
68868,3.292,98.40,324.00,1,0,1
68871,3.292,98.60,324.00,1,0,1
68873,3.288,99.10,326.00,1,0,1
68876,3.292,98.30,324.00,1,0,1
68878,3.292,122.60,401.00,1,0,0
68895,3.292,98.30,324.00,1,0,1
68898,3.300,62.10,205.00,1,0,1
68900,3.288,92.60,526.00,1,0,0
68903,3.264,72.50,239.00,1,0,0
68905,3.308,62.40,206.00,1,0,0
68908,3.308,62.30,206.00,1,0,0
68910,3.308,62.30,206.00,1,0,1
68913,3.308,62.40,206.00,1,0,1
68915,3.308,62.50,213.00,1,0,1
68917,3.312,62.50,206.00,1,0,1
68920,3.308,62.40,206.00,1,0,0
68922,3.280,122.60,436.00,1,0,0
68925,3.308,62.30,206.00,1,0,0
68927,3.312,62.30,206.00,1,0,0
68940,3.312,62.30,206.00,1,0,0
68942,3.312,62.20,206.00,1,0,0
68945,3.312,65.70,470.00,1,0,0
68947,3.280,62.50,206.00,1,0,0
68950,3.308,62.80,208.00,1,0,1
68952,3.308,62.60,206.00,1,0,1
68955,3.308,62.50,206.00,1,0,1
68957,3.308,62.30,206.00,1,0,1
68960,3.308,62.30,206.00,1,0,0
68962,3.304,62.30,206.00,1,0,0
68965,3.312,62.40,206.00,1,0,0
68967,3.308,62.50,206.00,1,0,0
68970,3.312,122.50,400.00,1,0,1
68972,3.308,62.40,206.00,1,0,1
68985,3.312,62.40,206.00,1,0,0
68987,3.308,62.40,206.00,1,0,0
68990,3.312,62.20,203.00,1,0,1
68992,3.264,142.60,472.00,1,0,1
68995,3.308,62.50,206.00,1,0,1
68997,3.308,62.50,359.00,1,0,1
69000,3.288,98.80,324.00,1,0,0
69002,3.284,92.80,308.00,1,0,0
69005,3.312,62.00,205.00,1,0,0
69007,3.312,61.80,205.00,1,0,0
69010,3.312,61.90,205.00,1,0,1
69012,3.300,62.00,206.00,1,0,1
69014,3.312,144.70,472.00,1,0,1
69017,3.304,62.20,206.00,1,0,1
69030,3.312,61.90,205.00,1,0,1
69032,3.312,62.10,206.00,1,0,1
69035,3.308,62.10,205.00,1,0,1
69037,3.312,61.90,205.00,1,0,1
69039,3.276,128.40,419.00,1,0,0
69042,3.308,68.30,205.00,1,0,0
69044,3.312,61.80,205.00,1,0,0
69047,3.312,62.00,205.00,1,0,0
69049,3.312,62.90,206.00,1,0,1
69052,3.312,62.10,206.00,1,0,1
69054,3.308,61.90,205.00,1,0,1
69057,3.312,61.90,205.00,1,0,1
69059,3.308,61.90,205.00,1,0,0
69062,3.304,61.90,205.00,1,0,0
69074,3.312,61.90,205.00,1,0,1
69077,3.308,61.90,205.00,1,0,1
69079,3.308,62.10,205.00,1,0,0
69082,3.308,62.00,205.00,1,0,0
69084,3.312,140.80,460.00,1,0,0
69087,3.280,68.00,205.00,1,0,0
69089,3.312,61.80,205.00,1,0,1
69092,3.308,61.90,205.00,1,0,1
69094,3.312,61.90,205.00,1,0,1
69097,3.312,62.10,206.00,1,0,1
69099,3.312,62.20,206.00,1,0,0
69102,3.296,116.40,318.00,1,0,0
69104,3.292,93.50,308.00,1,0,0
69107,3.312,101.50,333.00,1,0,0
69119,3.312,62.00,205.00,1,0,0
69122,3.308,73.40,205.00,1,0,0
69124,3.312,61.80,205.00,1,0,0
69127,3.312,61.90,205.00,1,0,0
69129,3.312,62.00,205.00,1,0,1
69132,3.312,110.80,362.00,1,0,1
69134,3.268,62.40,206.00,1,0,1
69136,3.308,62.00,205.00,1,0,1
69139,3.312,61.90,205.00,1,0,1
69141,3.308,63.60,211.00,1,0,0
69144,3.312,62.00,205.00,1,0,0
69146,3.312,62.10,206.00,1,0,0
69149,3.312,62.10,206.00,1,0,0
69151,3.312,63.30,210.00,1,0,1
69164,3.312,62.10,206.00,1,0,0
69166,3.312,62.20,206.00,1,0,0
69169,3.312,61.90,205.00,1,0,0
69171,3.308,61.90,205.00,1,0,1
69174,3.312,61.90,203.00,1,0,1
69176,3.284,132.10,437.00,1,0,1
69179,3.312,62.30,206.00,1,0,1
69181,3.312,71.80,205.00,1,0,0
69184,3.308,62.00,205.00,1,0,0
69186,3.312,61.90,205.00,1,0,0
69189,3.308,61.90,205.00,1,0,0
69191,3.312,61.80,206.00,1,0,1
69194,3.312,62.00,205.00,1,0,1
69196,3.308,62.80,208.00,1,0,1
69209,3.312,62.10,206.00,1,0,0
69211,3.312,62.90,205.00,1,0,1
69214,3.308,62.10,206.00,1,0,1
69216,3.312,62.80,208.00,1,0,1
69219,3.312,140.50,424.00,1,0,1
69221,3.296,69.40,229.00,1,0,0
69224,3.312,61.90,205.00,1,0,0
69226,3.312,62.00,205.00,1,0,0
69229,3.312,62.10,206.00,1,0,0
69231,3.312,62.90,208.00,1,0,1
69234,3.312,62.10,206.00,1,0,1
69236,3.312,62.00,205.00,1,0,1
69238,3.312,61.90,205.00,1,0,1
69241,3.264,112.20,365.00,1,0,0
69254,3.312,62.80,208.00,1,0,1
69256,3.308,61.90,205.00,1,0,1
69259,3.312,62.10,206.00,1,0,1
69261,3.312,67.70,224.00,1,0,0
69263,3.276,134.80,229.00,1,0,0
69266,3.312,62.10,206.00,1,0,0
69268,3.308,62.00,205.00,1,0,0
69271,3.312,61.90,205.00,1,0,1
69273,3.312,62.00,205.00,1,0,1
69276,3.312,63.20,210.00,1,0,1
69278,3.312,62.10,206.00,1,0,1
69281,3.312,75.10,249.00,1,0,0
69283,3.312,62.00,205.00,1,0,0
69286,3.280,144.60,233.00,1,0,0
69298,3.312,62.10,205.00,1,0,1
69301,3.312,62.10,229.00,1,0,0
69303,3.308,61.80,205.00,1,0,0
69306,3.292,98.10,321.00,1,0,0
69308,3.292,100.20,338.00,1,0,0
69311,3.292,73.10,242.00,1,0,1
69313,3.312,62.10,206.00,1,0,1
69316,3.312,62.00,205.00,1,0,1
69318,3.312,61.90,205.00,1,0,1
69321,3.308,61.90,205.00,1,0,0
69323,3.312,61.80,205.00,1,0,0
69326,3.312,61.80,205.00,1,0,0
69328,3.268,143.10,472.00,1,0,0
69331,3.288,71.70,206.00,1,0,1
69343,3.312,61.90,205.00,1,0,0
69346,3.312,61.90,205.00,1,0,0
69348,3.312,61.90,205.00,1,0,0
69351,3.312,61.90,205.00,1,0,1
69353,3.308,143.20,472.00,1,0,1
69356,3.304,63.90,211.00,1,0,1
69358,3.308,61.90,205.00,1,0,1
69360,3.312,62.00,244.00,1,0,0
69363,3.312,61.90,205.00,1,0,0
69365,3.312,61.90,205.00,1,0,0
69368,3.312,61.90,205.00,1,0,0
69370,3.312,61.70,203.00,1,0,1
69373,3.312,62.00,205.00,1,0,1
69375,3.312,62.00,403.00,1,0,1
69388,3.312,61.80,205.00,1,0,0
69390,3.316,61.90,208.00,1,0,1
69393,3.312,61.90,205.00,1,0,1
69395,3.312,62.00,205.00,1,0,1
69398,3.312,61.90,205.00,1,0,1
69400,3.304,120.40,393.00,1,0,0
69403,3.312,61.90,205.00,1,0,0
69405,3.312,61.90,205.00,1,0,0
69408,3.312,98.40,324.00,1,0,0
69410,3.292,98.80,324.00,1,0,1
69413,3.288,67.80,205.00,1,0,1
69415,3.312,62.10,206.00,1,0,1
69418,3.312,62.10,206.00,1,0,1
69420,3.292,122.00,439.00,1,0,0
69433,3.312,62.20,205.00,1,0,1
69435,3.308,62.00,205.00,1,0,1
69438,3.312,62.00,205.00,1,0,1
69440,3.312,62.10,231.00,1,0,0
69443,3.308,139.30,455.00,1,0,0
69445,3.272,64.30,213.00,1,0,0
69448,3.312,62.00,205.00,1,0,0
69450,3.312,62.00,205.00,1,0,1
69453,3.312,62.10,205.00,1,0,1
69455,3.312,62.00,205.00,1,0,1
69457,3.312,62.10,206.00,1,0,1
69460,3.312,62.00,205.00,1,0,0
69462,3.312,62.00,205.00,1,0,0
69465,3.312,61.90,205.00,1,0,0
69478,3.312,61.90,205.00,1,0,1
69480,3.308,62.00,205.00,1,0,0
69482,3.312,62.00,205.00,1,0,0
69485,3.312,62.00,205.00,1,0,0
69487,3.312,61.90,205.00,1,0,0
69490,3.276,119.30,392.00,1,0,1
69492,3.308,62.10,205.00,1,0,1
69495,3.308,62.10,206.00,1,0,1
69497,3.312,62.00,205.00,1,0,1
69500,3.312,62.10,205.00,1,0,0
69502,3.300,62.00,205.00,1,0,0
69505,3.312,62.00,205.00,1,0,0
69507,3.312,61.90,205.00,1,0,0
69510,3.312,63.60,328.00,1,0,1
69522,3.304,61.90,205.00,1,0,0
69525,3.312,61.90,205.00,1,0,0
69527,3.312,61.90,205.00,1,0,0
69530,3.312,61.90,205.00,1,0,1
69532,3.312,62.10,206.00,1,0,1
69535,3.312,62.10,206.00,1,0,1
69537,3.268,103.10,365.00,1,0,1
69540,3.268,62.10,206.00,1,0,0
69542,3.312,61.80,205.00,1,0,0
69545,3.312,61.90,205.00,1,0,0
69547,3.312,62.00,205.00,1,0,0
69550,3.312,62.00,205.00,1,0,1
69552,3.304,62.20,206.00,1,0,1
69554,3.312,62.10,206.00,1,0,1
69567,3.312,62.10,205.00,1,0,0
69570,3.312,62.00,205.00,1,0,1
69572,3.312,62.10,206.00,1,0,1
69575,3.312,62.00,205.00,1,0,1
69577,3.312,61.90,205.00,1,0,1
69579,3.308,62.10,206.00,1,0,0
69582,3.268,141.50,411.00,1,0,0
69584,3.312,62.10,206.00,1,0,0
69587,3.312,62.00,205.00,1,0,0
69589,3.312,61.90,205.00,1,0,1
69592,3.312,61.90,205.00,1,0,1
69594,3.312,61.90,205.00,1,0,1
69597,3.308,62.00,205.00,1,0,1
69599,3.312,62.10,206.00,1,0,0
69612,3.304,62.80,323.00,1,0,1
69614,3.292,99.90,329.00,1,0,1
69617,3.292,91.40,303.00,1,0,1
69619,3.308,62.20,205.00,1,0,0
69622,3.312,140.00,460.00,1,0,0
69624,3.264,90.60,298.00,1,0,0
69627,3.312,61.90,205.00,1,0,0
69629,3.312,62.00,205.00,1,0,1
69632,3.308,62.20,206.00,1,0,1
69634,3.312,62.20,206.00,1,0,1
69637,3.312,62.10,206.00,1,0,1
69639,3.312,62.00,205.00,1,0,0
69642,3.312,74.30,205.00,1,0,0
69644,3.312,61.90,205.00,1,0,0
69657,3.312,62.70,205.00,1,0,1
69659,3.312,61.90,205.00,1,0,0
69662,3.304,66.30,220.00,1,0,0
69664,3.312,62.00,205.00,1,0,0
69667,3.312,62.20,206.00,1,0,0
69669,3.312,62.00,205.00,1,0,1
69672,3.276,152.60,206.00,1,0,1
69674,3.312,62.00,205.00,1,0,1
69676,3.308,62.00,205.00,1,0,1
69679,3.312,62.00,205.00,1,0,1
69681,3.312,62.10,206.00,1,0,0
69684,3.312,62.10,206.00,1,0,0
69686,3.312,62.00,205.00,1,0,0
69689,3.312,61.90,205.00,1,0,0
69702,3.312,68.10,205.00,1,0,0
69704,3.312,62.00,205.00,1,0,0
69706,3.312,61.80,205.00,1,0,0
69709,3.312,61.90,205.00,1,0,0
69711,3.312,62.00,205.00,1,0,1
69714,3.312,62.10,205.00,1,0,1
69716,3.288,111.20,336.00,1,0,1
69719,3.292,62.80,208.00,1,0,1
69721,3.312,77.50,257.00,1,0,0
69724,3.312,61.70,205.00,1,0,0
69726,3.312,61.70,205.00,1,0,0
69729,3.312,61.90,205.00,1,0,0
69731,3.312,65.50,206.00,1,0,1
69734,3.312,62.20,206.00,1,0,1
69746,3.312,62.10,206.00,1,0,0
69749,3.312,62.10,206.00,1,0,0
69751,3.312,62.90,206.00,1,0,1
69754,3.312,62.00,205.00,1,0,1
69756,3.312,61.90,205.00,1,0,1
69759,3.288,168.60,552.00,1,0,1
69761,3.308,64.60,210.00,1,0,0
69764,3.312,62.00,205.00,1,0,0
69766,3.312,62.10,206.00,1,0,0
69769,3.312,62.00,205.00,1,0,0
69771,3.312,61.90,205.00,1,0,1
69774,3.312,61.90,205.00,1,0,1
69776,3.312,61.90,205.00,1,0,1
69778,3.308,62.10,206.00,1,0,1
69791,3.312,61.90,205.00,1,0,1
69794,3.312,62.00,205.00,1,0,1
69796,3.312,63.20,206.00,1,0,1
69799,3.312,62.20,206.00,1,0,1
69801,3.312,74.10,244.00,1,0,0
69803,3.276,131.60,205.00,1,0,0
69806,3.312,61.90,205.00,1,0,0
69808,3.312,61.80,205.00,1,0,0
69811,3.312,62.00,205.00,1,0,1
69813,3.312,62.10,206.00,1,0,1
69816,3.312,63.10,208.00,1,0,1
69818,3.292,100.80,333.00,1,0,1
69821,3.292,98.40,346.00,1,0,0
69823,3.308,61.80,205.00,1,0,0
69836,3.312,62.00,205.00,1,0,1
69838,3.312,61.90,205.00,1,0,1
69841,3.312,61.90,215.00,1,0,0
69843,3.312,61.80,205.00,1,0,0
69846,3.312,143.40,469.00,1,0,0
69848,3.264,66.90,206.00,1,0,0
69851,3.312,72.60,241.00,1,0,1
69853,3.312,62.00,205.00,1,0,1
69856,3.312,61.90,205.00,1,0,1
69858,3.312,61.90,205.00,1,0,1
69861,3.312,62.70,206.00,1,0,0
69863,3.312,65.00,215.00,1,0,0
69866,3.312,62.00,203.00,1,0,0
69868,3.276,120.90,398.00,1,0,0
69881,3.308,70.20,233.00,1,0,0
69883,3.312,62.10,206.00,1,0,0
69886,3.312,61.80,205.00,1,0,0
69888,3.312,68.10,223.00,1,0,0
69891,3.264,69.40,229.00,1,0,1
69893,3.312,62.00,205.00,1,0,1
69896,3.312,63.00,208.00,1,0,1
69898,3.312,62.10,206.00,1,0,1
69900,3.308,62.10,241.00,1,0,0
69903,3.312,61.70,205.00,1,0,0
69905,3.312,61.70,205.00,1,0,0
69908,3.312,61.80,205.00,1,0,0
69910,3.312,61.80,241.00,1,0,1
69913,3.268,70.30,233.00,1,0,1
69925,3.288,61.90,205.00,1,0,0
69928,3.312,61.90,205.00,1,0,0
69930,3.312,61.90,205.00,1,0,1
69933,3.268,95.80,315.00,1,0,1
69935,3.312,62.00,205.00,1,0,1
69938,3.312,61.90,205.00,1,0,1
69940,3.312,61.80,203.00,1,0,0
69943,3.312,61.90,205.00,1,0,0
69945,3.312,62.00,205.00,1,0,0
69948,3.312,62.00,205.00,1,0,0
69950,3.312,61.90,205.00,1,0,1
69953,3.312,61.90,205.00,1,0,1
69955,3.312,124.60,406.00,1,0,1
69958,3.272,62.90,208.00,1,0,1
69970,3.312,62.70,206.00,1,0,1
69973,3.312,61.90,205.00,1,0,1
69975,3.312,62.00,380.00,1,0,1
69978,3.276,107.70,356.00,1,0,1
69980,3.308,62.10,206.00,1,0,0
69983,3.312,61.80,205.00,1,0,0
69985,3.312,61.80,205.00,1,0,0
69988,3.312,61.80,205.00,1,0,0
69990,3.312,61.70,208.00,1,0,1
69993,3.312,62.00,205.00,1,0,1
69995,3.312,62.10,206.00,1,0,1
69997,3.312,62.10,205.00,1,0,1
70000,3.308,122.30,400.00,1,0,0
70002,3.312,61.90,205.00,1,0,0
70015,3.312,62.00,205.00,1,0,1
70018,3.312,62.00,205.00,1,0,1
70020,3.308,61.90,205.00,1,0,0
70022,3.304,99.10,326.00,1,0,0
70025,3.292,100.00,329.00,1,0,0
70027,3.292,90.90,220.00,1,0,0
70030,3.312,62.00,205.00,1,0,1
70032,3.312,62.00,205.00,1,0,1
70035,3.312,62.00,205.00,1,0,1
70037,3.312,61.80,205.00,1,0,1
70040,3.312,61.90,205.00,1,0,0
70042,3.296,61.90,202.00,1,0,0
70045,3.268,89.50,297.00,1,0,0
70047,3.312,61.90,205.00,1,0,0
70060,3.312,61.90,205.00,1,0,0
70062,3.312,61.80,205.00,1,0,0
70065,3.312,61.90,202.00,1,0,0
70067,3.268,141.90,469.00,1,0,0
70070,3.312,61.70,205.00,1,0,1
70072,3.308,61.90,208.00,1,0,1
70075,3.312,61.90,205.00,1,0,1
70077,3.312,61.80,205.00,1,0,1
70080,3.312,62.00,205.00,1,0,0
70082,3.308,61.90,205.00,1,0,0
70085,3.312,61.80,205.00,1,0,0
70087,3.312,61.60,205.00,1,0,0
70090,3.312,61.70,203.00,1,0,1
70092,3.264,115.00,377.00,1,0,1
70105,3.316,61.70,205.00,1,0,0
70107,3.312,61.70,205.00,1,0,0
70110,3.312,61.80,205.00,1,0,1
70112,3.312,61.90,205.00,1,0,1
70115,3.312,61.80,338.00,1,0,1
70117,3.256,119.10,205.00,1,0,1
70119,3.312,62.00,205.00,1,0,0
70122,3.300,61.80,205.00,1,0,0
70124,3.312,96.30,328.00,1,0,0
70127,3.296,98.10,323.00,1,0,0
70129,3.312,61.90,205.00,1,0,1
70132,3.308,62.00,206.00,1,0,1
70134,3.312,62.00,205.00,1,0,1
70137,3.312,62.00,203.00,1,0,1
70149,3.312,62.10,206.00,1,0,1
70152,3.304,62.10,205.00,1,0,1
70154,3.312,62.10,206.00,1,0,1
70157,3.312,62.00,205.00,1,0,1
70159,3.260,132.60,306.00,1,0,0
70162,3.308,62.00,205.00,1,0,0
70164,3.312,61.90,205.00,1,0,0
70167,3.312,62.00,205.00,1,0,0
70169,3.308,62.00,205.00,1,0,1
70172,3.308,62.00,205.00,1,0,1
70174,3.308,62.00,205.00,1,0,1
70177,3.312,62.80,206.00,1,0,1
70179,3.312,62.00,203.00,1,0,0
70182,3.268,150.50,496.00,1,0,0
70194,3.312,62.00,205.00,1,0,1
70197,3.308,62.10,205.00,1,0,1
70199,3.308,62.00,205.00,1,0,0
70202,3.300,78.80,257.00,1,0,0
70204,3.276,127.90,205.00,1,0,0
70207,3.308,61.90,205.00,1,0,0
70209,3.312,61.90,205.00,1,0,1
70212,3.308,69.40,205.00,1,0,1
70214,3.308,62.10,206.00,1,0,1
70216,3.312,62.00,205.00,1,0,1
70219,3.312,62.10,205.00,1,0,1
70221,3.312,64.70,205.00,1,0,0
70224,3.312,128.90,421.00,1,0,0
70226,3.308,86.60,285.00,1,0,0
70239,3.312,62.10,206.00,1,0,1
70242,3.312,74.30,205.00,1,0,0
70244,3.312,61.80,205.00,1,0,0
70246,3.308,61.90,205.00,1,0,0
70249,3.280,150.50,392.00,1,0,0
70251,3.308,62.10,206.00,1,0,1
70254,3.312,62.00,205.00,1,0,1
70256,3.308,63.40,205.00,1,0,1
70259,3.312,61.80,205.00,1,0,1
70261,3.312,74.70,247.00,1,0,0
70264,3.308,62.00,205.00,1,0,0
70266,3.312,62.00,205.00,1,0,0
70269,3.312,61.90,205.00,1,0,0
70271,3.312,70.70,400.00,1,0,1
70284,3.312,62.00,205.00,1,0,0
70286,3.312,61.90,205.00,1,0,0
70289,3.312,62.00,205.00,1,0,0
70291,3.312,62.70,208.00,1,0,1
70294,3.260,137.00,206.00,1,0,1
70296,3.312,62.10,206.00,1,0,1
70299,3.312,62.10,205.00,1,0,1
70301,3.312,63.10,205.00,1,0,0
70304,3.312,61.90,205.00,1,0,0
70306,3.312,61.90,205.00,1,0,0
70309,3.312,61.90,205.00,1,0,0
70311,3.312,61.90,205.00,1,0,1
70313,3.264,115.20,377.00,1,0,1
70316,3.308,62.10,206.00,1,0,1
70329,3.312,72.30,238.00,1,0,0
70331,3.292,101.60,318.00,1,0,1
70334,3.292,89.80,297.00,1,0,1
70336,3.272,121.30,396.00,1,0,1
70339,3.312,62.10,205.00,1,0,1
70341,3.312,78.30,259.00,1,0,0
70343,3.312,61.80,205.00,1,0,0
70346,3.312,61.90,205.00,1,0,0
70348,3.312,62.00,205.00,1,0,0
70351,3.312,63.00,208.00,1,0,1
70353,3.312,62.00,205.00,1,0,1
70356,3.312,140.60,459.00,1,0,1
70358,3.288,62.10,206.00,1,0,1
70361,3.312,61.90,223.00,1,0,0
70373,3.308,61.90,205.00,1,0,1
70376,3.308,61.90,205.00,1,0,1
70378,3.308,62.00,205.00,1,0,1
70381,3.308,83.50,274.00,1,1,0
70383,3.312,66.00,218.00,1,1,0
70386,3.308,65.90,218.00,1,1,0
70388,3.308,65.80,218.00,1,1,0
70391,3.308,65.80,218.00,1,1,0
70393,3.300,98.30,324.00,1,1,0
70396,3.292,98.60,324.00,1,1,0
70398,3.292,98.00,328.00,1,1,0
70401,3.292,98.70,324.00,1,1,0
70403,3.292,95.60,315.00,1,1,0
70406,3.292,98.20,333.00,1,1,0
70418,3.292,100.20,326.00,1,1,0
70421,3.292,98.40,324.00,1,1,0
70423,3.292,99.40,328.00,1,1,0
70426,3.292,102.70,338.00,1,1,0
70428,3.292,98.30,339.00,1,1,0
70431,3.292,100.00,324.00,1,1,0
70433,3.292,91.50,301.00,1,1,0
70436,3.288,91.40,300.00,1,1,0
70438,3.288,91.30,300.00,1,1,0
70440,3.292,91.20,300.00,1,1,0
70443,3.292,91.20,313.00,1,1,0
70445,3.288,109.40,359.00,1,1,0
70448,3.284,102.50,336.00,1,1,0
70460,3.288,91.10,300.00,1,1,0
70463,3.288,91.30,300.00,1,1,0
70465,3.288,91.40,300.00,1,1,0
70468,3.288,91.40,300.00,1,1,0
70470,3.292,99.70,328.00,1,1,0
70473,3.292,102.00,334.00,1,1,0
70475,3.288,99.30,328.00,1,1,0
70478,3.292,99.00,326.00,1,1,0
70480,3.292,98.50,339.00,1,1,0
70483,3.288,93.50,308.00,1,1,0
70485,3.292,90.00,297.00,1,1,0
70488,3.296,101.90,336.00,1,1,0
70490,3.296,100.80,333.00,1,1,0
70493,3.292,101.00,333.00,1,1,0
70505,3.284,103.10,339.00,1,1,0
70508,3.292,99.10,324.00,1,1,0
70510,3.292,99.80,328.00,1,1,0
70513,3.288,91.50,301.00,1,1,0
70515,3.288,98.60,329.00,1,1,0
70518,3.292,100.20,329.00,1,1,0
70520,3.292,101.50,334.00,1,1,0
70523,3.292,99.30,323.00,1,1,0
70525,3.292,98.50,339.00,1,1,0
70528,3.292,98.40,324.00,1,1,0
70530,3.288,98.80,326.00,1,1,0
70532,3.296,102.30,328.00,1,1,0
70535,3.292,100.10,329.00,1,1,0
70548,3.292,102.10,336.00,1,1,0
70550,3.296,102.10,336.00,1,1,0
70553,3.292,101.00,333.00,1,1,0
70555,3.292,101.60,334.00,1,0,1
70558,3.272,98.80,324.00,1,0,1
70560,3.276,130.80,396.00,1,0,1
70562,3.292,100.50,331.00,1,0,0
70565,3.260,102.90,339.00,1,0,0
70567,3.292,103.10,326.00,1,0,0
70570,3.292,61.80,205.00,1,0,0
70572,3.308,61.90,205.00,1,0,1
70575,3.312,61.80,205.00,1,0,1
70577,3.308,62.00,205.00,1,0,1
70590,3.312,61.70,205.00,1,0,0
70592,3.312,61.90,205.00,1,0,1
70595,3.312,62.00,205.00,1,0,1
70597,3.312,63.30,205.00,1,0,1
70600,3.312,62.00,205.00,1,0,1
70602,3.312,74.80,247.00,1,0,0
70605,3.312,61.60,205.00,1,0,0
70607,3.312,87.00,283.00,1,0,0
70610,3.300,62.00,205.00,1,0,0
70612,3.312,68.40,205.00,1,0,1
70615,3.312,62.10,205.00,1,0,1
70617,3.312,63.10,210.00,1,0,1
70620,3.312,61.80,205.00,1,0,1
70622,3.312,67.30,223.00,1,0,0
70635,3.312,62.00,205.00,1,0,1
70637,3.312,61.90,205.00,1,0,1
70640,3.296,103.00,339.00,1,0,1
70642,3.268,116.30,344.00,1,0,0
70645,3.288,98.70,324.00,1,0,0
70647,3.292,101.60,334.00,1,0,0
70650,3.288,98.80,344.00,1,0,0
70652,3.288,98.20,323.00,1,0,1
70655,3.288,98.10,323.00,1,0,1
70657,3.292,101.70,336.00,1,0,1
70660,3.296,99.00,326.00,1,0,1
70662,3.288,106.10,347.00,1,0,0
70664,3.292,102.00,336.00,1,0,0
70677,3.292,102.20,334.00,1,0,1
70680,3.292,101.80,334.00,1,0,1
70682,3.296,112.40,370.00,1,0,0
70685,3.292,98.70,349.00,1,0,0
70687,3.268,97.40,321.00,1,0,0
70690,3.292,89.70,295.00,1,0,0
70692,3.296,62.70,205.00,1,0,1
70694,3.292,123.00,465.00,1,0,1
70697,3.308,62.80,208.00,1,0,1
70699,3.312,62.00,205.00,1,0,1
70702,3.312,62.00,249.00,1,0,0
70704,3.312,61.70,205.00,1,0,0
70707,3.312,61.70,205.00,1,0,0
70720,3.264,119.50,392.00,1,0,1
70722,3.312,61.90,206.00,1,0,0
70724,3.312,61.80,205.00,1,0,0
70727,3.312,61.80,205.00,1,0,0
70729,3.312,61.90,205.00,1,0,0
70732,3.312,70.90,234.00,1,0,1
70734,3.308,62.00,205.00,1,0,1
70737,3.312,61.90,203.00,1,0,1
70739,3.300,98.40,323.00,1,0,1
70742,3.288,101.50,333.00,1,0,0
70744,3.312,63.30,205.00,1,0,0
70747,3.312,62.00,205.00,1,0,0
70749,3.312,61.90,205.00,1,0,0
70752,3.312,61.90,205.00,1,0,1
70764,3.312,61.90,202.00,1,0,0
70767,3.276,105.70,205.00,1,0,0
70769,3.312,61.80,205.00,1,0,0
70772,3.312,61.70,205.00,1,0,1
70774,3.312,61.90,205.00,1,0,1
70777,3.312,63.40,210.00,1,0,1
70779,3.312,62.10,206.00,1,0,1
70782,3.312,62.00,249.00,1,0,0
70784,3.312,64.30,213.00,1,0,0
70787,3.272,139.10,455.00,1,0,0
70789,3.312,62.00,206.00,1,0,0
70792,3.312,69.90,231.00,1,0,1
70794,3.312,62.10,206.00,1,0,1
70796,3.308,62.10,206.00,1,0,1
70809,3.280,149.90,493.00,1,0,0
70812,3.312,62.00,210.00,1,0,1
70814,3.308,62.00,205.00,1,0,1
70817,3.312,62.10,206.00,1,0,1
70819,3.312,62.00,205.00,1,0,1
70821,3.312,62.60,206.00,1,0,0
70824,3.312,61.90,205.00,1,0,0
70826,3.312,61.90,205.00,1,0,0
70829,3.312,62.00,205.00,1,0,0
70831,3.300,123.20,403.00,1,0,1
70834,3.304,62.10,205.00,1,0,1
70836,3.312,61.90,205.00,1,0,1
70839,3.312,61.90,205.00,1,0,1
70841,3.312,108.60,356.00,1,0,0
70854,3.312,89.90,295.00,1,0,1
70856,3.264,69.30,211.00,1,0,1
70859,3.312,62.00,205.00,1,0,1
70861,3.312,62.10,205.00,1,0,0
70864,3.312,62.00,205.00,1,0,0
70866,3.312,61.90,205.00,1,0,0
70869,3.312,61.90,205.00,1,0,0
70871,3.312,62.00,208.00,1,0,1
70874,3.312,62.00,205.00,1,0,1
70876,3.312,62.00,205.00,1,0,1
70879,3.264,141.20,221.00,1,0,1
70881,3.312,62.10,205.00,1,0,0
70884,3.312,62.00,205.00,1,0,0
70886,3.312,61.80,208.00,1,0,0
70903,3.288,167.50,264.00,1,0,0
70906,3.312,62.00,205.00,1,0,0
70908,3.312,62.00,205.00,1,0,0
70911,3.312,62.00,205.00,1,0,1
70913,3.312,62.00,205.00,1,0,1
70916,3.308,62.10,205.00,1,0,1
70918,3.308,62.00,205.00,1,0,1
70921,3.312,62.10,206.00,1,0,0
70923,3.304,62.00,203.00,1,0,0
70925,3.280,140.00,205.00,1,0,0
70928,3.312,62.00,205.00,1,0,0
70930,3.312,61.90,205.00,1,0,1
70933,3.308,62.10,205.00,1,0,1
70935,3.312,62.00,205.00,1,0,1
70948,3.292,91.60,205.00,1,0,0
70950,3.312,61.90,205.00,1,0,1
70953,3.312,62.10,206.00,1,0,1
70955,3.312,61.90,205.00,1,0,1
70958,3.312,62.00,205.00,1,0,1
70960,3.312,61.90,205.00,1,0,0
70963,3.312,75.00,205.00,1,0,0
70965,3.312,61.90,205.00,1,0,0
70968,3.312,140.20,460.00,1,0,0
70970,3.264,71.40,205.00,1,0,1
70973,3.312,62.10,206.00,1,0,1
70975,3.312,62.00,205.00,1,0,1
70978,3.312,61.90,205.00,1,0,1
70980,3.312,62.00,205.00,1,0,0
70993,3.312,61.90,205.00,1,0,1
70995,3.312,62.00,205.00,1,0,1
70998,3.312,61.90,205.00,1,0,1
71000,3.312,62.00,206.00,1,0,0
71003,3.312,61.90,205.00,1,0,0
71005,3.312,61.80,205.00,1,0,0
71008,3.312,61.80,205.00,1,0,0
71010,3.312,61.80,205.00,1,0,1
71013,3.308,130.50,428.00,1,0,1
71015,3.280,62.20,205.00,1,0,1
71018,3.312,62.10,206.00,1,0,1
71020,3.312,62.00,205.00,1,0,1
71022,3.312,70.80,205.00,1,0,0
71025,3.312,61.80,205.00,1,0,0
71038,3.268,62.10,206.00,1,0,1
71040,3.312,62.00,205.00,1,0,1
71043,3.308,78.50,218.00,1,1,0
71045,3.312,90.20,297.00,1,1,0
71047,3.280,106.80,351.00,1,1,0
71050,3.292,102.60,336.00,1,1,0
71052,3.280,123.70,300.00,1,1,0
71055,3.288,91.20,300.00,1,1,0
71057,3.292,91.10,300.00,1,1,0
71060,3.292,91.10,300.00,1,1,0
71062,3.288,99.30,326.00,1,1,0
71065,3.292,100.20,329.00,1,1,0
71067,3.292,101.90,338.00,1,1,0
71080,3.292,102.40,326.00,1,1,0
71082,3.288,100.40,331.00,1,1,0
71085,3.292,98.90,326.00,1,1,0
71087,3.292,101.90,336.00,1,1,0
71090,3.296,98.30,323.00,1,1,0
71092,3.292,99.00,326.00,1,1,0
71095,3.292,99.30,326.00,1,1,0
71097,3.292,89.80,295.00,1,1,0
71100,3.288,92.50,305.00,1,1,0
71102,3.268,117.30,338.00,1,0,1
71105,3.292,140.00,460.00,1,0,1
71107,3.288,116.10,382.00,1,0,0
71110,3.288,98.90,333.00,1,0,0
71122,3.312,62.80,208.00,1,0,1
71125,3.312,61.80,202.00,1,0,1
71127,3.272,123.00,403.00,1,0,0
71130,3.312,61.90,205.00,1,0,0
71132,3.312,62.00,206.00,1,0,0
71135,3.312,61.90,205.00,1,0,0
71137,3.312,63.00,208.00,1,0,1
71140,3.312,61.80,205.00,1,0,1
71142,3.312,61.90,205.00,1,0,1
71145,3.308,61.80,205.00,1,0,1
71147,3.312,61.90,205.00,1,0,0
71150,3.312,62.00,203.00,1,0,0
71152,3.268,91.20,300.00,1,0,0
71154,3.288,68.10,205.00,1,0,0
71167,3.312,67.00,221.00,1,0,0
71170,3.312,61.80,205.00,1,0,0
71172,3.312,61.70,203.00,1,0,0
71175,3.268,140.80,465.00,1,0,0
71177,3.312,61.70,205.00,1,0,1
71179,3.312,62.00,205.00,1,0,1
71182,3.308,63.30,210.00,1,0,1
71184,3.312,62.10,205.00,1,0,1
71187,3.312,74.30,246.00,1,0,0
71189,3.312,61.70,205.00,1,0,0
71192,3.312,61.70,205.00,1,0,0
71194,3.312,61.70,205.00,1,0,0
71197,3.312,62.60,206.00,1,0,1
71199,3.292,158.20,234.00,1,0,1
71212,3.312,61.70,205.00,1,0,0
71214,3.312,62.00,205.00,1,0,0
71217,3.312,72.20,239.00,1,0,1
71219,3.312,61.90,205.00,1,0,1
71222,3.312,61.90,403.00,1,0,1
71224,3.268,61.90,205.00,1,0,1
71227,3.308,61.90,205.00,1,0,0
71229,3.312,61.90,205.00,1,0,0
71232,3.312,62.00,205.00,1,0,0
71234,3.312,61.90,205.00,1,0,0
71237,3.316,61.80,205.00,1,0,1
71239,3.312,61.80,205.00,1,0,1
71242,3.312,61.80,205.00,1,0,1
71244,3.312,61.80,205.00,1,0,1
71257,3.312,61.80,205.00,1,0,1
71259,3.312,61.90,205.00,1,0,1
71262,3.312,63.20,210.00,1,0,1
71264,3.308,62.10,205.00,1,0,1
71267,3.308,62.30,241.00,1,0,0
71269,3.308,145.80,475.00,1,0,0
71272,3.300,61.90,205.00,1,0,0
71274,3.312,61.80,205.00,1,0,0
71276,3.312,61.90,205.00,1,0,1
71279,3.308,62.10,206.00,1,0,1
71281,3.312,62.30,210.00,1,0,1
71284,3.312,62.10,206.00,1,0,1
71286,3.312,62.00,205.00,1,0,0
71289,3.312,61.80,205.00,1,0,0
71301,3.312,62.10,206.00,1,0,1
71304,3.312,61.90,205.00,1,0,1
71306,3.312,61.90,205.00,1,0,0
71309,3.312,61.80,205.00,1,0,0
71311,3.312,62.00,205.00,1,0,0
71314,3.312,62.00,205.00,1,0,0
71316,3.276,97.50,474.00,1,0,1
71319,3.308,62.10,205.00,1,0,1
71321,3.312,61.90,205.00,1,0,1
71324,3.312,61.90,205.00,1,0,1
71326,3.312,61.90,206.00,1,0,0
71329,3.304,62.00,205.00,1,0,0
71331,3.312,62.00,205.00,1,0,0
71334,3.312,62.10,206.00,1,0,0
71346,3.312,62.10,228.00,1,0,0
71349,3.308,62.00,205.00,1,0,0
71351,3.312,62.00,205.00,1,0,0
71354,3.284,99.50,326.00,1,0,0
71356,3.292,99.80,329.00,1,0,1
71359,3.312,62.00,205.00,1,0,1
71361,3.312,62.10,210.00,1,0,1
71364,3.312,62.10,206.00,1,0,1
71366,3.312,62.10,206.00,1,0,0
71369,3.312,61.90,205.00,1,0,0
71371,3.312,61.80,205.00,1,0,0
71373,3.312,61.80,205.00,1,0,0
71376,3.312,61.90,205.00,1,0,1
71378,3.268,110.80,469.00,1,0,1
71391,3.308,61.90,205.00,1,0,0
71394,3.312,62.00,205.00,1,0,0
71396,3.312,62.00,205.00,1,0,1
71398,3.276,140.50,424.00,1,0,1
71401,3.308,62.10,205.00,1,0,1
71403,3.312,61.90,205.00,1,0,1
71406,3.312,61.90,203.00,1,0,0
71408,3.300,61.90,205.00,1,0,0
71411,3.312,62.00,205.00,1,0,0
71413,3.312,62.00,205.00,1,0,0
71416,3.312,62.00,205.00,1,0,1
71418,3.312,62.00,205.00,1,0,1
71421,3.312,71.00,469.00,1,0,1
71423,3.264,111.60,205.00,1,0,1
71436,3.312,61.80,205.00,1,0,1
71438,3.308,61.80,205.00,1,0,1
71441,3.312,62.00,205.00,1,0,1
71443,3.312,62.00,205.00,1,0,1
71446,3.308,172.80,567.00,1,0,0
71448,3.308,62.10,206.00,1,0,0
71451,3.312,61.90,205.00,1,0,0
71453,3.312,61.80,205.00,1,0,0
71456,3.288,100.20,329.00,1,0,1
71458,3.280,101.60,316.00,1,0,1
71461,3.292,62.10,206.00,1,0,1
71463,3.312,62.20,206.00,1,0,1
71466,3.312,62.10,203.00,1,0,0
71468,3.268,79.70,264.00,1,0,0
71481,3.312,62.10,205.00,1,0,1
71483,3.308,62.10,206.00,1,0,1
71486,3.312,62.10,206.00,1,0,0
71488,3.304,62.40,205.00,1,0,0
71491,3.312,134.30,439.00,1,0,0
71493,3.312,62.10,206.00,1,0,0
71495,3.312,62.10,206.00,1,0,1
71498,3.312,62.10,205.00,1,0,1
71500,3.312,62.10,206.00,1,0,1
71503,3.308,62.00,205.00,1,0,1
71505,3.312,62.10,205.00,1,0,0
71508,3.300,62.00,205.00,1,0,0
71510,3.308,62.00,462.00,1,0,0
71513,3.280,111.50,369.00,1,0,0
71525,3.312,62.00,205.00,1,0,0
71528,3.308,62.10,205.00,1,0,0
71530,3.312,62.00,205.00,1,0,0
71533,3.272,127.40,349.00,1,0,0
71535,3.312,61.90,205.00,1,0,1
71538,3.312,62.00,205.00,1,0,1
71540,3.312,62.10,205.00,1,0,1
71543,3.312,62.00,205.00,1,0,1
71545,3.312,62.10,206.00,1,0,0
71548,3.312,73.70,205.00,1,0,0
71550,3.312,62.00,205.00,1,0,0
71553,3.312,61.90,205.00,1,0,0
71555,3.312,61.90,415.00,1,0,1
71558,3.264,99.10,326.00,1,0,1
71570,3.312,61.80,205.00,1,0,0
71573,3.312,61.80,205.00,1,0,0
71575,3.312,61.80,205.00,1,0,1
71578,3.312,71.90,205.00,1,0,1
71580,3.300,120.00,393.00,1,0,1
71583,3.308,62.00,205.00,1,0,1
71585,3.308,62.00,205.00,1,0,1
71588,3.308,61.90,205.00,1,0,0
71590,3.312,61.80,205.00,1,0,0
71592,3.312,61.90,205.00,1,0,0
71595,3.312,61.80,205.00,1,0,0
71597,3.308,62.00,205.00,1,0,1
71600,3.312,62.00,205.00,1,0,1
71602,3.312,124.80,410.00,1,0,1
71615,3.312,61.80,205.00,1,0,0
71617,3.312,62.00,205.00,1,0,1
71620,3.308,61.90,205.00,1,0,1
71622,3.312,142.40,467.00,1,0,1
71625,3.276,65.60,218.00,1,0,1
71627,3.312,75.20,249.00,1,0,0
71630,3.312,61.90,205.00,1,0,0
71632,3.312,61.90,205.00,1,0,0
71635,3.312,61.80,205.00,1,0,0
71637,3.312,64.10,205.00,1,0,1
71640,3.312,61.90,205.00,1,0,1
71642,3.312,62.60,208.00,1,0,1
71645,3.312,61.90,428.00,1,0,1
71647,3.268,111.50,369.00,1,0,0
71660,3.308,103.50,341.00,1,0,1
71662,3.288,97.80,323.00,1,0,1
71665,3.292,91.30,205.00,1,0,1
71667,3.312,66.60,221.00,1,1,0
71670,3.308,65.90,218.00,1,1,0
71672,3.308,65.80,218.00,1,1,0
71675,3.308,68.40,226.00,1,1,0
71677,3.296,91.10,300.00,1,1,0
71680,3.288,91.00,300.00,1,1,0
71682,3.288,91.30,300.00,1,1,0
71685,3.288,91.30,300.00,1,1,0
71687,3.292,94.40,310.00,1,1,0
71689,3.284,102.00,333.00,1,1,0
71692,3.292,101.00,333.00,1,1,0
71705,3.280,100.20,329.00,1,1,0
71707,3.292,98.90,326.00,1,1,0
71710,3.292,103.90,324.00,1,1,0
71712,3.292,90.00,297.00,1,1,0
71714,3.292,96.40,318.00,1,1,0
71717,3.292,98.80,326.00,1,1,0
71719,3.292,99.30,328.00,1,1,0
71722,3.292,99.00,326.00,1,1,0
71724,3.292,99.00,323.00,1,1,0
71727,3.288,100.80,333.00,1,0,1
71729,3.292,118.50,387.00,1,0,1
71732,3.288,98.80,324.00,1,0,0
71734,3.296,99.80,324.00,1,0,0
71747,3.284,99.30,339.00,1,0,1
71749,3.296,98.40,324.00,1,0,1
71752,3.280,110.50,359.00,1,0,0
71754,3.276,99.00,326.00,1,0,0
71757,3.288,102.50,338.00,1,0,0
71759,3.292,101.30,334.00,1,0,0
71762,3.296,101.50,369.00,1,0,1
71764,3.292,98.60,324.00,1,0,1
71767,3.292,95.80,315.00,1,0,1
71769,3.288,100.90,338.00,1,0,1
71772,3.292,108.60,357.00,1,0,0
71774,3.288,99.50,328.00,1,0,0
71777,3.292,97.90,324.00,1,0,0
71789,3.264,102.00,336.00,1,0,1
71792,3.292,98.60,375.00,1,0,0
71794,3.292,62.00,205.00,1,0,0
71797,3.312,131.40,431.00,1,0,0
71799,3.252,81.10,206.00,1,0,0
71802,3.312,63.30,210.00,1,0,1
71804,3.312,62.00,205.00,1,0,1
71807,3.308,62.00,208.00,1,0,1
71809,3.308,61.80,205.00,1,0,1
71812,3.312,61.90,205.00,1,0,0
71814,3.312,62.90,205.00,1,0,0
71817,3.312,62.00,205.00,1,0,0
71819,3.312,139.10,457.00,1,0,0
71821,3.284,139.80,210.00,1,0,1
71834,3.312,62.00,205.00,1,0,0
71837,3.312,61.90,205.00,1,0,0
71839,3.312,61.80,205.00,1,0,0
71842,3.312,61.80,205.00,1,0,1
71844,3.308,141.60,362.00,1,0,1
71846,3.268,62.10,205.00,1,0,1
71849,3.308,62.10,206.00,1,0,1
71851,3.312,62.00,226.00,1,0,0
71854,3.304,61.90,205.00,1,0,0
71856,3.312,61.80,205.00,1,0,0
71859,3.312,61.70,205.00,1,0,0
71861,3.312,61.90,205.00,1,0,1
71864,3.312,62.00,203.00,1,0,1
71866,3.288,100.60,326.00,1,0,1
71879,3.312,61.80,205.00,1,0,0
71881,3.312,62.70,208.00,1,0,1
71884,3.308,62.20,206.00,1,0,1
71886,3.308,62.00,208.00,1,0,1
71889,3.312,145.60,475.00,1,0,1
71891,3.264,62.00,205.00,1,0,0
71894,3.312,61.80,205.00,1,0,0
71896,3.312,61.80,205.00,1,0,0
71899,3.308,62.10,206.00,1,0,0
71901,3.312,62.00,205.00,1,0,1
71904,3.312,61.90,205.00,1,0,1
71906,3.312,61.90,205.00,1,0,1
71909,3.312,61.90,205.00,1,0,1
71911,3.308,61.80,202.00,1,0,0
71924,3.312,61.80,205.00,1,0,1
71926,3.312,61.90,205.00,1,0,1
71929,3.312,61.90,205.00,1,0,1
71931,3.312,62.10,215.00,1,0,0
71934,3.304,62.00,203.00,1,0,0
71936,3.276,96.60,318.00,1,0,0
71939,3.312,61.90,205.00,1,0,0
71941,3.312,61.80,205.00,1,0,1
71943,3.312,61.90,205.00,1,0,1
71946,3.312,62.10,206.00,1,0,1
71948,3.312,62.10,206.00,1,0,1
71951,3.312,62.00,205.00,1,0,0
71953,3.312,61.90,205.00,1,0,0
71956,3.308,134.30,362.00,1,0,0
71968,3.292,98.50,326.00,1,0,1
71971,3.288,95.70,315.00,1,0,0
71973,3.312,61.90,205.00,1,0,0
71976,3.312,61.90,460.00,1,0,0
71978,3.264,62.20,206.00,1,0,0
71981,3.312,62.10,206.00,1,0,1
71983,3.312,62.20,206.00,1,0,1
71986,3.312,62.00,205.00,1,0,1
71988,3.312,61.90,205.00,1,0,1
71991,3.312,61.90,205.00,1,0,0
71993,3.304,61.90,205.00,1,0,0
71996,3.312,62.00,205.00,1,0,0
71998,3.312,62.10,205.00,1,0,0
72001,3.312,62.10,451.00,1,0,1
72013,3.300,62.10,206.00,1,0,0
72016,3.312,62.10,206.00,1,0,0
72018,3.312,62.90,208.00,1,0,0
72021,3.312,61.90,398.00,1,0,1
72023,3.272,105.70,351.00,1,0,1
72026,3.312,62.00,205.00,1,0,1
72028,3.312,62.10,205.00,1,0,1
72031,3.308,62.10,206.00,1,0,0
72033,3.308,62.10,206.00,1,0,0
72036,3.312,61.90,205.00,1,0,0
72038,3.312,61.90,205.00,1,0,0
72040,3.312,61.80,205.00,1,0,1
72043,3.292,122.40,470.00,1,0,1
72045,3.308,62.20,206.00,1,0,1
72058,3.312,61.80,205.00,1,0,0
72061,3.312,61.90,205.00,1,0,1
72063,3.312,62.10,206.00,1,0,1
72065,3.312,62.10,203.00,1,0,1
72068,3.276,125.10,413.00,1,0,1
72070,3.284,99.30,326.00,1,0,0
72073,3.280,106.90,300.00,1,0,0
72075,3.304,61.90,205.00,1,0,0
72078,3.312,62.00,205.00,1,0,0
72080,3.312,62.00,206.00,1,0,1
72083,3.312,62.20,206.00,1,0,1
72085,3.312,62.00,205.00,1,0,1
72088,3.312,61.90,203.00,1,0,1
72090,3.276,160.50,529.00,1,0,0
72103,3.312,61.90,205.00,1,0,1
72105,3.312,61.80,205.00,1,0,1
72108,3.312,61.90,205.00,1,0,1
72110,3.312,62.10,467.00,1,0,0
72113,3.264,62.10,206.00,1,0,0
72115,3.312,62.10,206.00,1,0,0
72118,3.312,61.90,205.00,1,0,0
72120,3.312,62.20,206.00,1,0,1
72123,3.308,61.80,205.00,1,0,1
72125,3.312,61.90,205.00,1,0,1
72128,3.312,62.00,205.00,1,0,1
72130,3.308,62.20,206.00,1,0,0
72133,3.312,73.00,203.00,1,0,0
72135,3.288,133.10,437.00,1,0,0
72148,3.312,63.40,205.00,1,0,1
72150,3.308,62.00,205.00,1,0,0
72153,3.308,71.30,236.00,1,0,0
72155,3.312,61.80,205.00,1,0,0
72158,3.312,61.90,205.00,1,0,0
72160,3.264,142.40,467.00,1,0,0
72162,3.312,63.30,205.00,1,0,1
72165,3.308,62.20,206.00,1,0,1
72167,3.308,62.00,205.00,1,0,1
72170,3.312,61.90,205.00,1,0,1
72172,3.312,107.10,352.00,1,0,0
72175,3.292,102.10,336.00,1,0,0
72177,3.292,91.00,218.00,1,0,0
72180,3.312,62.00,205.00,1,0,0
72192,3.308,61.80,205.00,1,0,0
72195,3.312,61.90,205.00,1,0,0
72197,3.312,62.00,205.00,1,0,0
72200,3.312,61.90,205.00,1,0,0
72202,3.312,62.50,206.00,1,0,1
72205,3.312,139.40,455.00,1,0,1
72207,3.252,72.70,205.00,1,0,1
72210,3.312,61.90,205.00,1,0,1
72212,3.308,72.60,241.00,1,0,0
72215,3.312,61.90,205.00,1,0,0
72217,3.312,61.80,205.00,1,0,0
72220,3.312,61.70,205.00,1,0,0
72222,3.312,61.70,205.00,1,0,1
72225,3.312,61.90,205.00,1,0,1
72237,3.312,61.70,205.00,1,0,0
72240,3.312,61.80,205.00,1,0,0
72242,3.312,62.90,205.00,1,0,1
72245,3.312,62.00,205.00,1,0,1
72247,3.312,62.20,206.00,1,0,1
72250,3.312,62.00,205.00,1,0,1
72252,3.300,126.00,419.00,1,0,0
72255,3.272,61.80,205.00,1,0,0
72257,3.312,61.80,205.00,1,0,0
72259,3.312,61.80,205.00,1,0,0
72262,3.312,72.20,239.00,1,0,1
72264,3.312,62.00,205.00,1,0,1
72267,3.312,62.00,205.00,1,0,1
72269,3.312,61.80,205.00,1,0,1
72282,3.312,62.10,206.00,1,0,1
72284,3.312,62.00,205.00,1,0,1
72287,3.312,61.90,205.00,1,0,1
72289,3.312,62.00,205.00,1,0,1
72292,3.312,68.70,226.00,1,0,0
72294,3.312,62.00,203.00,1,0,0
72297,3.272,132.30,436.00,1,0,0
72299,3.296,62.00,205.00,1,0,0
72302,3.312,61.90,205.00,1,0,1
72304,3.312,62.10,206.00,1,0,1
72307,3.312,63.40,210.00,1,0,1
72309,3.312,62.00,205.00,1,0,1
72312,3.312,62.00,249.00,1,0,0
72314,3.312,61.90,205.00,1,0,0
72327,3.312,63.20,210.00,1,0,1
72329,3.312,62.10,206.00,1,0,1
72332,3.308,62.10,238.00,1,0,0
72334,3.312,61.80,205.00,1,0,0
72337,3.312,62.00,205.00,1,0,0
72339,3.312,61.90,205.00,1,0,0
72342,3.312,62.70,208.00,1,0,1
72344,3.304,129.90,424.00,1,0,1
72347,3.280,65.40,206.00,1,0,1
72349,3.312,62.10,206.00,1,0,1
72352,3.312,62.00,205.00,1,0,0
72354,3.312,61.90,205.00,1,0,0
72356,3.312,61.90,205.00,1,0,0
72359,3.312,61.90,205.00,1,0,0
72372,3.312,65.30,216.00,1,0,0
72374,3.312,61.90,205.00,1,0,0
72377,3.312,61.90,331.00,1,0,0
72379,3.284,100.50,331.00,1,0,0
72381,3.288,73.70,244.00,1,0,1
72384,3.312,62.00,205.00,1,0,1
72386,3.312,88.00,285.00,1,0,1
72389,3.260,73.10,242.00,1,0,1
72391,3.312,61.90,247.00,1,0,0
72394,3.308,61.80,205.00,1,0,0
72396,3.312,61.80,205.00,1,0,0
72399,3.312,61.90,205.00,1,0,0
72401,3.312,62.30,206.00,1,0,1
72404,3.312,61.90,205.00,1,0,1
72416,3.312,61.90,205.00,1,0,0
72419,3.312,61.80,205.00,1,0,0
72421,3.312,61.80,208.00,1,0,1
72424,3.312,61.90,205.00,1,0,1
72426,3.312,61.80,205.00,1,0,1
72429,3.308,61.90,205.00,1,0,1
72431,3.308,168.70,552.00,1,0,0
72434,3.312,62.00,205.00,1,0,0
72436,3.312,61.80,205.00,1,0,0
72439,3.312,61.80,205.00,1,0,0
72441,3.312,61.70,205.00,1,0,1
72444,3.312,61.90,205.00,1,0,1
72446,3.312,61.90,205.00,1,0,1
72449,3.312,61.90,205.00,1,0,1
72461,3.312,61.80,205.00,1,0,1
72464,3.312,61.90,205.00,1,0,1
72466,3.312,62.00,206.00,1,0,1
72469,3.308,61.90,205.00,1,0,1
72471,3.312,61.90,205.00,1,0,0
72474,3.308,61.70,205.00,1,0,0
72476,3.312,61.70,202.00,1,0,0
72478,3.264,142.50,469.00,1,0,0
72481,3.292,98.00,333.00,1,0,1
72483,3.292,91.20,301.00,1,0,1
72486,3.312,62.10,206.00,1,0,1
72488,3.312,62.10,206.00,1,0,1
72491,3.312,62.00,205.00,1,0,0
72493,3.312,61.90,205.00,1,0,0
72506,3.308,62.10,205.00,1,0,1
72508,3.312,61.90,205.00,1,0,1
72511,3.312,62.00,205.00,1,0,0
72513,3.304,62.00,205.00,1,0,0
72516,3.308,62.10,206.00,1,0,0
72518,3.308,62.00,205.00,1,0,0
72521,3.312,61.90,205.00,1,0,1
72523,3.308,62.00,205.00,1,0,1
72526,3.312,144.00,470.00,1,0,1
72528,3.288,62.10,205.00,1,0,1
72531,3.308,62.10,205.00,1,0,0
72533,3.300,62.10,206.00,1,0,0
72536,3.312,62.00,205.00,1,0,0
72538,3.312,62.00,205.00,1,0,0
72551,3.264,66.00,218.00,1,0,0
72553,3.304,62.00,205.00,1,0,0
72556,3.312,61.90,205.00,1,0,0
72558,3.312,61.90,205.00,1,0,0
72561,3.312,61.90,205.00,1,0,1
72563,3.304,62.10,205.00,1,0,1
72566,3.308,62.20,206.00,1,0,1
72568,3.312,62.10,205.00,1,0,1
72571,3.308,135.20,392.00,1,0,0
72573,3.284,61.90,205.00,1,0,0
72575,3.312,61.90,205.00,1,0,0
72578,3.312,61.90,205.00,1,0,0
72580,3.312,62.10,205.00,1,0,1
72583,3.292,98.90,326.00,1,0,1
72596,3.312,61.90,205.00,1,0,0
72598,3.312,62.10,205.00,1,0,0
72601,3.308,62.00,205.00,1,0,1
72603,3.312,62.00,205.00,1,0,1
72605,3.308,62.00,205.00,1,0,1
72608,3.308,61.90,205.00,1,0,1
72610,3.312,94.30,310.00,1,0,0
72613,3.276,164.50,542.00,1,0,0
72615,3.312,62.10,206.00,1,0,0
72618,3.312,62.00,205.00,1,0,0
72620,3.312,62.00,205.00,1,0,1
72623,3.312,71.10,205.00,1,0,1
72625,3.312,61.90,205.00,1,0,1
72628,3.308,64.40,213.00,1,0,1
72640,3.312,61.90,205.00,1,0,1
72643,3.312,61.90,205.00,1,0,1
72645,3.308,62.00,205.00,1,0,1
72648,3.312,62.10,205.00,1,0,1
72650,3.312,62.20,206.00,1,0,0
72653,3.312,61.90,205.00,1,0,0
72655,3.268,123.00,405.00,1,0,0
72658,3.300,61.90,205.00,1,0,0
72660,3.312,61.90,205.00,1,0,1
72663,3.308,62.10,205.00,1,0,1
72665,3.312,62.20,206.00,1,0,1
72668,3.308,63.00,205.00,1,0,1
72670,3.308,62.00,205.00,1,0,1
72672,3.312,72.60,241.00,1,0,0
72685,3.288,99.30,328.00,1,0,1
72688,3.296,99.20,241.00,1,0,1
72690,3.312,61.90,205.00,1,0,0
72693,3.304,68.80,228.00,1,0,0
72695,3.312,61.90,205.00,1,0,0
72698,3.312,62.00,205.00,1,0,0
72700,3.312,62.10,206.00,1,0,0
72702,3.312,63.00,410.00,1,0,1
72705,3.264,108.70,359.00,1,0,1
72707,3.308,61.90,205.00,1,0,1
72710,3.312,61.90,205.00,1,0,1
72712,3.312,63.00,205.00,1,0,0
72715,3.312,62.00,205.00,1,0,0
72717,3.312,62.00,205.00,1,0,0
72730,3.312,62.10,205.00,1,0,1
72732,3.312,69.20,205.00,1,0,0
72735,3.312,62.90,208.00,1,0,0
72737,3.312,61.80,205.00,1,0,0
72740,3.312,61.70,205.00,1,0,0
72742,3.312,62.00,205.00,1,0,1
72745,3.308,62.10,203.00,1,0,1
72747,3.292,170.50,206.00,1,0,1
72750,3.308,62.20,206.00,1,0,1
72752,3.312,78.00,259.00,1,0,0
72755,3.312,61.80,205.00,1,0,0
72757,3.312,61.80,205.00,1,0,0
72760,3.312,61.80,205.00,1,0,0
72762,3.312,62.80,206.00,1,0,1
72775,3.312,61.90,205.00,1,0,0
72777,3.312,61.90,205.00,1,0,0
72780,3.312,62.00,205.00,1,0,0
72782,3.312,63.40,210.00,1,0,1
72785,3.312,62.10,205.00,1,0,1
72787,3.308,101.30,334.00,1,0,1
72790,3.296,101.50,334.00,1,0,1
72792,3.304,61.90,206.00,1,0,0
72795,3.312,61.90,205.00,1,0,0
72797,3.312,62.00,205.00,1,0,0
72799,3.312,62.10,206.00,1,0,0
72802,3.312,69.00,228.00,1,0,1
72804,3.308,61.90,205.00,1,0,1
72807,3.312,61.90,205.00,1,0,1
72820,3.312,61.80,205.00,1,0,0
72822,3.312,61.80,205.00,1,0,1
72824,3.312,61.80,205.00,1,0,1
72827,3.312,63.00,208.00,1,0,1
72829,3.312,62.00,206.00,1,0,1
72832,3.312,74.80,247.00,1,0,0
72834,3.312,61.90,205.00,1,0,0
72837,3.312,61.70,208.00,1,0,0
72839,3.312,143.30,467.00,1,0,0
72842,3.312,62.90,208.00,1,0,1
72844,3.308,62.10,205.00,1,0,1
72847,3.308,63.10,210.00,1,0,1
72849,3.312,62.20,206.00,1,0,1
72852,3.308,61.90,241.00,1,0,0
72864,3.312,62.10,205.00,1,0,1
72867,3.308,62.10,206.00,1,0,1
72869,3.312,61.80,205.00,1,0,1
72872,3.312,61.80,205.00,1,0,0
72874,3.312,61.70,205.00,1,0,0
72877,3.312,61.80,205.00,1,0,0
72879,3.312,61.90,205.00,1,0,0
72882,3.312,140.20,395.00,1,0,1
72884,3.288,62.10,206.00,1,0,1
72887,3.308,62.00,205.00,1,0,1
72889,3.312,87.60,326.00,1,0,1
72892,3.292,100.90,331.00,1,0,0
72894,3.288,84.40,280.00,1,0,0
72896,3.312,62.00,205.00,1,0,0
72913,3.308,62.00,205.00,1,0,0
72916,3.312,61.90,205.00,1,0,0
72918,3.312,61.80,205.00,1,0,0
72921,3.312,61.70,205.00,1,0,1
72923,3.304,62.00,205.00,1,0,1
72926,3.312,143.20,469.00,1,0,1
72928,3.264,67.60,224.00,1,0,1
72931,3.308,62.10,205.00,1,0,0
72933,3.312,61.90,205.00,1,0,0
72935,3.312,61.80,205.00,1,0,0
72938,3.312,61.70,205.00,1,0,0
72940,3.312,61.80,205.00,1,0,1
72943,3.312,62.00,205.00,1,0,1
72945,3.312,62.00,205.00,1,0,1
72958,3.312,61.80,205.00,1,0,0
72960,3.312,61.90,205.00,1,0,1
72963,3.312,62.00,205.00,1,0,1
72965,3.312,62.00,205.00,1,0,1
72968,3.312,61.90,205.00,1,0,1
72970,3.312,61.80,203.00,1,0,0
72973,3.268,137.30,454.00,1,0,0
72975,3.312,61.90,205.00,1,0,0
72978,3.312,62.00,205.00,1,0,0
72980,3.308,61.90,205.00,1,0,1
72983,3.308,67.00,205.00,1,0,1
72985,3.312,62.00,205.00,1,0,1
72988,3.308,61.80,205.00,1,0,1
72990,3.308,61.90,242.00,1,0,0
73003,3.308,61.80,205.00,1,0,1
73005,3.308,61.90,205.00,1,0,1
73008,3.312,61.90,205.00,1,0,1
73010,3.312,62.00,205.00,1,0,0
73013,3.312,75.40,205.00,1,0,0
73015,3.316,143.80,472.00,1,0,0
73018,3.264,66.60,221.00,1,0,0
73020,3.312,61.80,205.00,1,0,1
73023,3.312,61.90,205.00,1,0,1
73025,3.312,61.90,205.00,1,0,1
73028,3.308,62.70,205.00,1,0,1
73030,3.312,61.90,205.00,1,0,1
73032,3.308,70.10,233.00,1,0,0
73035,3.312,61.80,202.00,1,0,0
73048,3.308,62.00,205.00,1,0,1
73050,3.308,62.00,205.00,1,0,1
73053,3.308,61.90,205.00,1,0,0
73055,3.312,61.80,205.00,1,0,0
73057,3.312,61.80,211.00,1,0,0
73060,3.268,110.50,365.00,1,0,0
73062,3.312,62.00,205.00,1,0,1
73065,3.312,61.90,205.00,1,0,1
73067,3.312,61.90,205.00,1,0,1
73070,3.312,61.90,205.00,1,0,1
73072,3.312,63.80,205.00,1,0,0
73075,3.312,61.80,205.00,1,0,0
73077,3.312,61.90,205.00,1,0,0
73080,3.312,61.80,205.00,1,0,0
73092,3.312,73.00,205.00,1,0,0
73095,3.284,101.60,334.00,1,0,0
73097,3.292,101.50,334.00,1,0,0
73100,3.308,61.90,205.00,1,0,0
73102,3.308,62.00,205.00,1,0,1
73105,3.308,62.00,205.00,1,0,1
73107,3.268,127.50,419.00,1,0,1
73110,3.300,62.10,205.00,1,0,1
73112,3.312,77.80,257.00,1,0,0
73115,3.312,61.90,205.00,1,0,0
73117,3.312,62.00,205.00,1,0,0
73120,3.312,61.80,205.00,1,0,0
73122,3.312,62.70,208.00,1,0,1
73125,3.308,61.90,205.00,1,0,1
73137,3.312,61.90,205.00,1,0,0
73140,3.312,63.50,210.00,1,0,0
73142,3.312,63.20,210.00,1,0,1
73145,3.308,62.00,205.00,1,0,1
73147,3.312,61.90,205.00,1,0,1
73150,3.308,62.00,205.00,1,0,1
73152,3.312,62.70,206.00,1,0,0
73154,3.312,131.90,392.00,1,0,0
73157,3.280,61.90,205.00,1,0,0
73159,3.312,61.80,205.00,1,0,0
73162,3.312,61.80,216.00,1,0,1
73164,3.312,62.00,205.00,1,0,1
73167,3.312,62.00,205.00,1,0,1
73169,3.312,62.00,205.00,1,0,1
73182,3.312,61.90,205.00,1,0,1
73184,3.308,62.00,205.00,1,0,1
73187,3.312,62.70,208.00,1,0,1
73189,3.312,62.00,205.00,1,0,1
73192,3.312,73.30,242.00,1,0,0
73194,3.312,61.80,205.00,1,0,0
73197,3.288,110.20,326.00,1,0,0
73199,3.292,97.20,319.00,1,0,0
73202,3.312,63.60,211.00,1,0,1
73204,3.312,62.10,205.00,1,0,1
73207,3.312,63.30,210.00,1,0,1
73209,3.312,61.90,205.00,1,0,1
73212,3.312,62.00,205.00,1,0,0
73214,3.312,62.00,205.00,1,0,0
73227,3.312,62.00,205.00,1,0,1
73229,3.312,62.10,206.00,1,0,1
73232,3.312,62.10,205.00,1,0,0
73234,3.312,62.10,205.00,1,0,0
73237,3.312,62.00,205.00,1,0,0
73239,3.312,61.90,205.00,1,0,0
73242,3.312,61.80,467.00,1,0,1
73244,3.264,103.30,342.00,1,0,1
73247,3.308,62.10,205.00,1,0,1
73249,3.312,62.30,206.00,1,0,1
73251,3.308,66.20,218.00,1,0,0
73254,3.304,62.00,205.00,1,0,0
73256,3.312,61.90,205.00,1,0,0
73259,3.312,61.90,205.00,1,0,0
73272,3.312,62.10,249.00,1,0,0
73274,3.312,61.90,205.00,1,0,0
73276,3.312,61.90,205.00,1,0,0
73279,3.312,61.90,205.00,1,0,0
73281,3.312,63.30,210.00,1,0,1
73284,3.308,62.20,206.00,1,0,1
73286,3.312,62.10,208.00,1,0,1
73289,3.312,138.90,454.00,1,0,1
73291,3.308,62.00,205.00,1,0,0
73294,3.312,61.90,205.00,1,0,0
73296,3.312,62.00,205.00,1,0,0
73299,3.288,102.10,336.00,1,0,0
73301,3.292,98.30,341.00,1,0,1
73304,3.292,93.70,310.00,1,0,1
73316,3.312,62.10,206.00,1,0,0
73319,3.312,61.90,205.00,1,0,0
73321,3.312,61.90,205.00,1,0,1
73324,3.312,61.80,205.00,1,0,1
73326,3.312,61.90,205.00,1,0,1
73329,3.308,61.90,205.00,1,0,1
73331,3.312,62.10,208.00,1,0,0
73334,3.300,122.00,400.00,1,0,0
73336,3.308,62.00,205.00,1,0,0
73339,3.312,61.90,205.00,1,0,0
73341,3.312,61.80,205.00,1,0,1
73344,3.312,61.90,205.00,1,0,1
73346,3.312,62.00,208.00,1,0,1
73348,3.312,62.10,205.00,1,0,1
73361,3.312,61.90,205.00,1,0,1
73364,3.308,62.10,206.00,1,0,1
73366,3.312,62.10,205.00,1,0,1
73369,3.312,62.10,205.00,1,0,1
73371,3.312,61.90,205.00,1,0,0
73373,3.312,61.80,205.00,1,0,0
73376,3.312,140.00,477.00,1,0,0
73378,3.264,61.90,205.00,1,0,0
73381,3.312,62.00,205.00,1,0,1
73383,3.308,62.20,206.00,1,0,1
73386,3.312,62.00,205.00,1,0,1
73388,3.312,61.90,205.00,1,0,1
73391,3.312,61.90,205.00,1,0,0
73393,3.308,61.80,205.00,1,0,0
73406,3.292,86.80,287.00,1,0,1
73408,3.308,61.90,205.00,1,0,1
73411,3.308,62.00,205.00,1,0,0
73413,3.296,64.20,205.00,1,0,0
73416,3.312,62.10,206.00,1,0,0
73418,3.312,62.10,206.00,1,0,0
73421,3.308,61.80,202.00,1,0,1
73423,3.264,86.90,285.00,1,0,1
73426,3.308,62.00,205.00,1,0,1
73428,3.308,62.10,205.00,1,0,1
73431,3.308,62.20,206.00,1,0,0
73433,3.308,62.10,206.00,1,0,0
73436,3.312,62.00,205.00,1,0,0
73438,3.312,61.80,205.00,1,0,0
73451,3.308,62.10,206.00,1,0,0
73453,3.312,61.80,205.00,1,0,0
73456,3.308,61.80,205.00,1,0,0
73458,3.308,61.90,205.00,1,0,0
73461,3.312,61.90,205.00,1,0,1
73463,3.304,62.20,206.00,1,0,1
73466,3.308,62.20,203.00,1,0,1
73468,3.264,141.10,467.00,1,0,1
73470,3.308,62.00,205.00,1,0,0
73473,3.308,71.40,205.00,1,0,0
73475,3.312,61.80,205.00,1,0,0
73478,3.312,62.00,205.00,1,0,0
73480,3.312,62.10,205.00,1,0,1
73483,3.312,62.20,206.00,1,0,1
73495,3.312,62.00,205.00,1,0,0
73498,3.312,62.10,206.00,1,0,0
73500,3.312,62.10,205.00,1,0,1
73503,3.312,108.70,357.00,1,0,1
73505,3.296,101.20,333.00,1,0,1
73508,3.288,91.00,205.00,1,0,1
73510,3.312,62.00,205.00,1,0,0
73513,3.312,62.00,205.00,1,0,0
73515,3.264,143.20,472.00,1,0,0
73518,3.312,62.10,205.00,1,0,0
73520,3.312,61.70,205.00,1,0,1
73523,3.300,62.00,205.00,1,0,1
73525,3.308,61.90,205.00,1,0,1
73528,3.312,62.00,205.00,1,0,1
73540,3.312,61.80,205.00,1,0,1
73543,3.312,61.90,205.00,1,0,1
73545,3.308,62.00,205.00,1,0,1
73548,3.308,62.10,205.00,1,0,1
73550,3.308,62.00,205.00,1,0,0
73553,3.308,73.70,205.00,1,0,0
73555,3.312,61.70,205.00,1,0,0
73558,3.312,61.70,205.00,1,0,0
73560,3.300,124.10,392.00,1,0,0
73563,3.276,62.20,206.00,1,0,1
73565,3.308,62.20,206.00,1,0,1
73567,3.312,62.10,206.00,1,0,1
73570,3.312,61.80,205.00,1,0,1
73572,3.308,63.60,211.00,1,0,0
73585,3.264,64.40,213.00,1,0,1
73588,3.308,61.90,205.00,1,0,1
73590,3.312,61.90,205.00,1,0,1
73592,3.312,61.90,205.00,1,0,0
73595,3.312,61.90,205.00,1,0,0
73597,3.312,62.00,205.00,1,0,0
73600,3.312,61.80,205.00,1,0,0
73602,3.312,61.90,205.00,1,0,1
73605,3.312,61.80,338.00,1,0,1
73607,3.292,99.10,326.00,1,0,1
73610,3.288,79.20,262.00,1,0,1
73612,3.312,70.40,206.00,1,0,0
73615,3.312,62.10,206.00,1,0,0
73617,3.312,62.00,205.00,1,0,0
73630,3.264,141.90,469.00,1,0,1
73632,3.308,74.90,247.00,1,0,0
73635,3.312,61.90,205.00,1,0,0
73637,3.312,61.80,205.00,1,0,0
73640,3.312,61.90,205.00,1,0,0
73642,3.312,67.10,205.00,1,0,1
73645,3.312,62.10,205.00,1,0,1
73647,3.308,62.90,208.00,1,0,1
73650,3.308,62.00,405.00,1,0,1
73652,3.292,74.30,246.00,1,0,0
73655,3.308,61.80,205.00,1,0,0
73657,3.312,62.80,205.00,1,0,0
73660,3.312,61.90,205.00,1,0,0
73662,3.312,62.90,208.00,1,0,1
73675,3.292,62.00,205.00,1,0,0
73677,3.308,62.00,205.00,1,0,0
73680,3.312,61.90,205.00,1,0,0
73682,3.308,62.00,205.00,1,0,1
73685,3.308,62.00,205.00,1,0,1
73687,3.312,61.90,205.00,1,0,1
73689,3.308,62.00,205.00,1,0,1
73692,3.312,66.20,218.00,1,0,0
73694,3.264,140.30,205.00,1,0,0
73697,3.308,62.00,205.00,1,0,0
73699,3.312,62.00,205.00,1,0,0
73702,3.312,61.90,205.00,1,0,1
73704,3.312,62.00,205.00,1,0,1
73707,3.312,62.80,208.00,1,0,1
73719,3.312,61.80,205.00,1,0,0
73722,3.308,63.20,210.00,1,0,1
73724,3.308,62.10,205.00,1,0,1
73727,3.308,63.00,208.00,1,0,1
73729,3.312,62.00,205.00,1,0,1
73732,3.308,62.00,241.00,1,0,0
73734,3.312,61.80,205.00,1,0,0
73737,3.312,61.70,205.00,1,0,0
73739,3.312,139.30,392.00,1,0,0
73742,3.284,63.20,210.00,1,0,1
73744,3.312,62.00,205.00,1,0,1
73747,3.308,66.60,205.00,1,0,1
73749,3.312,62.00,205.00,1,0,1
73752,3.308,61.90,205.00,1,0,0
73764,3.312,62.10,206.00,1,0,1
73767,3.312,62.00,205.00,1,0,1
73769,3.308,61.80,205.00,1,0,1
73772,3.312,63.30,208.00,1,0,0
73774,3.312,61.90,205.00,1,0,0
73777,3.312,61.90,205.00,1,0,0
73779,3.312,133.60,437.00,1,0,0
73782,3.280,105.90,351.00,1,0,1
73784,3.312,62.00,205.00,1,0,1
73786,3.312,62.90,208.00,1,0,1
73789,3.312,62.00,205.00,1,0,1
73791,3.308,61.90,238.00,1,0,0
73794,3.308,61.90,205.00,1,0,0
73796,3.308,61.80,205.00,1,0,0
73809,3.308,62.00,205.00,1,0,1
73811,3.292,102.00,378.00,1,0,0
73814,3.292,98.00,323.00,1,0,0
73816,3.292,62.00,205.00,1,0,0
73819,3.312,61.90,205.00,1,0,0
73821,3.312,61.90,226.00,1,0,1
73824,3.276,157.60,519.00,1,0,1
73826,3.308,62.20,206.00,1,0,1
73829,3.312,62.00,205.00,1,0,1
73831,3.312,61.90,205.00,1,0,0
73834,3.312,61.90,205.00,1,0,0
73836,3.312,61.90,205.00,1,0,0
73839,3.312,61.90,205.00,1,0,0
73841,3.312,61.90,205.00,1,0,1
73854,3.312,61.90,205.00,1,0,0
73856,3.312,61.90,205.00,1,0,0
73859,3.312,61.90,205.00,1,0,0
73861,3.312,62.80,208.00,1,0,1
73864,3.312,61.90,205.00,1,0,1
73866,3.312,62.00,205.00,1,0,1
73869,3.308,109.60,357.00,1,0,1
73871,3.304,62.10,206.00,1,0,0
73874,3.304,62.00,205.00,1,0,0
73876,3.312,61.80,205.00,1,0,0
73879,3.308,61.90,205.00,1,0,0
73881,3.312,61.90,205.00,1,0,1
73883,3.304,62.10,206.00,1,0,1
73886,3.312,62.10,206.00,1,0,1
73899,3.312,61.90,205.00,1,0,0
73901,3.312,61.90,208.00,1,0,1
73904,3.312,62.00,205.00,1,0,1
73906,3.312,61.90,205.00,1,0,1
73908,3.308,61.90,205.00,1,0,1
73911,3.312,119.10,392.00,1,0,0
73913,3.284,98.90,326.00,1,0,0
73916,3.292,98.90,328.00,1,0,0
73918,3.292,62.00,205.00,1,0,0
73921,3.312,61.90,205.00,1,0,1
73923,3.312,62.00,205.00,1,0,1
73926,3.312,61.90,205.00,1,0,1
73928,3.308,61.90,205.00,1,0,1
73931,3.308,62.00,205.00,1,0,0
73943,3.312,61.90,205.00,1,0,1
73946,3.308,62.00,205.00,1,0,1
73948,3.308,61.90,205.00,1,0,1
73951,3.312,62.00,205.00,1,0,0
73953,3.284,122.30,428.00,1,0,0
73956,3.276,62.00,205.00,1,0,0
73958,3.312,61.80,205.00,1,0,0
73961,3.312,61.90,205.00,1,0,1
73963,3.308,62.00,205.00,1,0,1
73966,3.308,62.10,206.00,1,0,1
73968,3.308,62.10,205.00,1,0,1
73971,3.312,62.00,205.00,1,0,0
73973,3.308,61.90,205.00,1,0,0
73976,3.312,61.80,205.00,1,0,0
73988,3.308,62.00,205.00,1,0,1
73991,3.312,61.90,205.00,1,0,0
73993,3.308,61.90,205.00,1,0,0
73996,3.312,61.90,205.00,1,0,0
73998,3.312,61.90,205.00,1,0,0
74001,3.308,143.50,469.00,1,0,1
74003,3.264,108.70,359.00,1,0,1
74005,3.312,62.10,206.00,1,0,1
74008,3.312,61.90,205.00,1,0,1
74010,3.312,61.90,205.00,1,0,0
74013,3.304,64.60,205.00,1,0,0
74015,3.312,98.90,326.00,1,0,0
74018,3.292,101.50,334.00,1,0,0
74020,3.292,61.90,205.00,1,0,1
74033,3.296,61.90,205.00,1,0,0
74035,3.312,61.90,205.00,1,0,0
74038,3.312,61.90,205.00,1,0,0
74040,3.312,61.70,205.00,1,0,1
74043,3.312,61.80,205.00,1,0,1
74045,3.312,62.00,205.00,1,0,1
74048,3.312,68.00,223.00,1,0,1
74050,3.268,71.00,205.00,1,0,0
74053,3.308,61.90,205.00,1,0,0
74055,3.312,61.80,205.00,1,0,0
74058,3.312,61.70,205.00,1,0,0
74060,3.312,61.80,205.00,1,0,1
74063,3.304,61.90,205.00,1,0,1
74065,3.308,62.10,205.00,1,0,1
74078,3.308,65.80,218.00,1,1,0
74080,3.312,65.90,218.00,1,1,0
74083,3.308,73.30,241.00,1,1,0
74085,3.292,101.30,334.00,1,1,0
74088,3.288,98.10,324.00,1,1,0
74090,3.292,98.30,324.00,1,1,0
74093,3.292,100.00,329.00,1,1,0
74095,3.292,101.60,326.00,1,1,0
74098,3.292,98.90,326.00,1,1,0
74100,3.292,98.70,324.00,1,1,0
74102,3.296,98.20,338.00,1,1,0
74105,3.296,99.00,326.00,1,1,0
74107,3.296,101.50,334.00,1,1,0
74120,3.288,91.20,300.00,1,1,0
74123,3.292,91.20,300.00,1,1,0
74125,3.292,91.20,300.00,1,1,0
74128,3.292,91.20,300.00,1,1,0
74130,3.288,91.30,300.00,1,1,0
74132,3.288,91.80,298.00,1,1,0
74135,3.276,103.20,338.00,1,1,0
74137,3.276,105.60,346.00,1,1,0
74140,3.276,103.60,339.00,1,1,0
74142,3.292,106.50,351.00,1,1,0
74145,3.280,115.30,374.00,1,1,0
74147,3.288,91.30,300.00,1,1,0
74150,3.288,91.30,300.00,1,1,0
74162,3.292,102.40,338.00,1,1,0
74165,3.292,99.30,328.00,1,1,0
74167,3.292,98.70,336.00,1,1,0
74170,3.296,89.80,295.00,1,1,0
74172,3.288,100.10,329.00,1,1,0
74175,3.292,101.10,333.00,1,1,0
74177,3.292,101.90,329.00,1,1,0
74180,3.292,98.70,324.00,1,1,0
74182,3.288,98.60,324.00,1,1,0
74185,3.292,98.70,334.00,1,1,0
74187,3.292,99.10,326.00,1,1,0
74190,3.296,101.80,336.00,1,1,0
74192,3.292,101.60,324.00,1,1,0
74205,3.280,103.90,360.00,1,1,0
74207,3.272,100.00,328.00,1,1,0
74210,3.292,91.50,301.00,1,1,0
74212,3.288,91.40,301.00,1,1,0
74215,3.288,91.40,300.00,1,1,0
74217,3.288,91.50,301.00,1,1,0
74220,3.288,91.30,300.00,1,1,0
74222,3.292,98.60,324.00,1,1,0
74225,3.288,91.70,301.00,1,1,0
74227,3.292,99.00,339.00,1,1,0
74229,3.296,98.30,324.00,1,1,0
74232,3.292,98.60,323.00,1,1,0
74234,3.292,99.10,326.00,1,1,0
74237,3.292,99.50,326.00,1,1,0
74250,3.284,98.80,329.00,1,1,0
74252,3.292,99.50,328.00,1,1,0
74255,3.292,99.50,328.00,1,1,0
74257,3.292,103.40,338.00,1,1,0
74259,3.288,107.10,351.00,1,1,0
74262,3.288,91.30,300.00,1,1,0
74264,3.288,91.30,300.00,1,1,0
74267,3.288,99.20,326.00,1,1,0
74269,3.292,100.80,333.00,1,1,0
74272,3.280,101.30,295.00,1,1,0
74274,3.292,103.00,339.00,1,1,0
74277,3.292,99.10,326.00,1,1,0
74279,3.292,99.90,336.00,1,1,0
74292,3.292,99.30,328.00,1,1,0
74294,3.292,99.70,324.00,1,1,0
74297,3.292,98.50,324.00,1,1,0
74299,3.288,99.40,328.00,1,1,0
74302,3.292,100.40,333.00,1,1,0
74304,3.292,103.30,341.00,1,1,0
74307,3.292,98.90,326.00,1,1,0
74309,3.292,98.60,342.00,1,0,1
74312,3.268,102.00,336.00,1,0,1
74314,3.264,113.10,370.00,1,0,0
74317,3.292,116.50,347.00,1,0,0
74319,3.292,101.70,334.00,1,0,0
74322,3.288,102.30,338.00,1,0,0
74334,3.292,101.50,334.00,1,0,0
74337,3.284,116.00,324.00,1,0,0
74339,3.292,98.30,324.00,1,0,0
74342,3.292,102.40,338.00,1,0,0
74344,3.288,98.10,328.00,1,0,1
74347,3.292,99.60,328.00,1,0,1
74349,3.292,100.10,329.00,1,0,1
74352,3.288,98.70,324.00,1,0,1
74354,3.288,102.00,336.00,1,0,0
74357,3.296,104.20,342.00,1,0,0
74359,3.292,100.40,329.00,1,0,0
74361,3.292,98.60,331.00,1,0,0
74364,3.292,99.10,326.00,1,0,0
74377,3.288,98.10,323.00,1,0,0
74379,3.296,102.20,338.00,1,0,0
74382,3.312,61.90,203.00,1,0,0
74384,3.268,109.60,362.00,1,0,1
74387,3.308,62.00,205.00,1,0,1
74389,3.308,61.90,205.00,1,0,1
74391,3.312,61.90,205.00,1,0,1
74394,3.312,61.90,205.00,1,0,1
74396,3.312,75.40,205.00,1,0,0
74399,3.312,61.80,205.00,1,0,0
74401,3.312,61.80,205.00,1,0,0
74404,3.312,61.80,400.00,1,0,0
74406,3.276,141.80,205.00,1,0,1
74409,3.312,62.00,205.00,1,0,1
74421,3.312,61.80,205.00,1,0,0
74424,3.312,61.80,205.00,1,0,0
74426,3.288,108.40,324.00,1,0,1
74429,3.292,88.70,293.00,1,0,1
74431,3.312,62.10,206.00,1,0,1
74434,3.312,61.90,205.00,1,0,1
74436,3.312,66.20,220.00,1,0,0
74439,3.312,61.90,205.00,1,0,0
74441,3.312,61.90,205.00,1,0,0
74444,3.312,62.00,205.00,1,0,0
74446,3.312,62.70,208.00,1,0,1
74449,3.312,62.00,403.00,1,0,1
74451,3.276,62.00,205.00,1,0,1
74454,3.312,61.90,205.00,1,0,1
74466,3.312,62.00,205.00,1,0,1
74469,3.312,62.00,205.00,1,0,1
74471,3.296,171.20,279.00,1,0,1
74474,3.312,62.00,205.00,1,0,1
74476,3.312,72.40,239.00,1,0,0
74479,3.312,62.00,205.00,1,0,0
74481,3.312,62.00,205.00,1,0,0
74484,3.312,61.90,205.00,1,0,0
74486,3.312,61.80,205.00,1,0,1
74488,3.312,62.00,205.00,1,0,1
74491,3.312,62.70,208.00,1,0,1
74493,3.312,62.00,429.00,1,0,1
74496,3.264,74.30,246.00,1,0,0
74498,3.312,61.90,205.00,1,0,0
74511,3.312,62.70,208.00,1,0,1
74513,3.312,62.00,205.00,1,0,1
74516,3.312,62.00,396.00,1,0,0
74518,3.292,90.00,298.00,1,0,0
74521,3.312,62.00,205.00,1,0,0
74523,3.312,61.90,205.00,1,0,0
74526,3.312,63.10,210.00,1,0,1
74528,3.296,102.00,336.00,1,0,1
74531,3.292,101.90,315.00,1,0,1
74533,3.288,62.00,205.00,1,0,1
74536,3.312,62.10,205.00,1,0,0
74538,3.312,61.90,205.00,1,0,0
74541,3.312,62.00,203.00,1,0,0
74543,3.292,166.00,547.00,1,0,0
74556,3.312,67.40,223.00,1,0,0
74558,3.312,62.00,205.00,1,0,0
74561,3.312,61.90,205.00,1,0,0
74563,3.312,62.00,203.00,1,0,0
74566,3.284,142.00,469.00,1,0,1
74568,3.312,62.10,206.00,1,0,1
74571,3.308,63.00,208.00,1,0,1
74573,3.312,62.00,205.00,1,0,1
74576,3.308,62.00,251.00,1,0,0
74578,3.312,62.90,208.00,1,0,0
74581,3.312,61.90,205.00,1,0,0
74583,3.312,62.00,205.00,1,0,0
74585,3.312,62.80,208.00,1,0,1
74588,3.312,62.00,203.00,1,0,1
74601,3.312,61.90,205.00,1,0,0
74603,3.312,62.00,205.00,1,0,0
74606,3.312,71.80,238.00,1,0,1
74608,3.312,62.10,206.00,1,0,1
74610,3.312,61.90,205.00,1,0,1
74613,3.312,140.70,383.00,1,0,1
74615,3.288,62.10,205.00,1,0,0
74618,3.312,62.10,206.00,1,0,0
74620,3.312,62.00,205.00,1,0,0
74623,3.312,61.90,205.00,1,0,0
74625,3.312,62.00,205.00,1,0,1
74628,3.308,62.00,205.00,1,0,1
74630,3.312,103.00,338.00,1,0,1
74633,3.292,112.60,370.00,1,0,1
74645,3.312,61.80,205.00,1,0,1
74648,3.308,62.00,205.00,1,0,1
74650,3.312,62.80,208.00,1,0,1
74653,3.312,142.60,465.00,1,0,1
74655,3.304,62.10,242.00,1,0,0
74658,3.312,61.90,205.00,1,0,0
74660,3.312,61.80,205.00,1,0,0
74663,3.312,61.90,205.00,1,0,0
74665,3.312,62.00,205.00,1,0,1
74668,3.304,62.10,206.00,1,0,1
74670,3.312,62.00,205.00,1,0,1
74673,3.312,62.00,205.00,1,0,1
74675,3.312,61.90,205.00,1,0,0
74678,3.276,119.10,390.00,1,0,0
74690,3.312,61.90,205.00,1,0,1
74693,3.312,61.90,205.00,1,0,1
74695,3.312,61.90,205.00,1,0,0
74698,3.312,61.90,205.00,1,0,0
74700,3.284,119.90,211.00,1,0,0
74703,3.312,61.90,205.00,1,0,0
74705,3.312,61.90,205.00,1,0,1
74707,3.312,61.90,205.00,1,0,1
74710,3.312,61.90,205.00,1,0,1
74712,3.312,62.00,205.00,1,0,1
74715,3.312,62.00,205.00,1,0,0
74717,3.304,62.10,205.00,1,0,0
74720,3.312,61.90,205.00,1,0,0
74722,3.264,112.30,367.00,1,0,0
74735,3.284,99.90,329.00,1,0,0
74737,3.284,77.10,205.00,1,0,0
74740,3.312,61.80,203.00,1,0,0
74742,3.272,141.20,464.00,1,0,0
74745,3.312,61.90,205.00,1,0,1
74747,3.304,62.10,206.00,1,0,1
74750,3.308,62.10,206.00,1,0,1
74752,3.308,62.10,205.00,1,0,1
74755,3.312,61.90,205.00,1,0,0
74757,3.312,61.80,205.00,1,0,0
74760,3.312,61.80,205.00,1,0,0
74762,3.312,131.10,429.00,1,0,0
74765,3.272,65.30,216.00,1,0,1
74767,3.308,62.10,206.00,1,0,1
74780,3.312,61.90,205.00,1,0,0
74782,3.312,62.00,208.00,1,0,0
74785,3.312,62.00,205.00,1,0,1
74787,3.308,128.90,423.00,1,0,1
74790,3.252,82.30,206.00,1,0,1
74792,3.312,61.90,205.00,1,0,1
74795,3.312,62.00,205.00,1,0,0
74797,3.300,62.10,205.00,1,0,0
74800,3.312,62.00,205.00,1,0,0
74802,3.312,62.00,205.00,1,0,0
74805,3.312,62.00,205.00,1,0,1
74807,3.312,61.90,205.00,1,0,1
74809,3.312,61.80,205.00,1,0,1
74812,3.296,122.50,467.00,1,0,1
74825,3.312,61.80,205.00,1,0,1
74827,3.312,61.90,205.00,1,0,1
74830,3.312,62.10,206.00,1,0,1
74832,3.272,122.40,401.00,1,0,1
74834,3.312,66.60,323.00,1,0,0
74837,3.292,100.10,329.00,1,0,0
74839,3.300,61.80,205.00,1,0,0
74842,3.312,61.70,205.00,1,0,0
74844,3.312,61.80,205.00,1,0,1
74847,3.304,62.00,205.00,1,0,1
74849,3.312,62.00,206.00,1,0,1
74852,3.312,61.90,205.00,1,0,1
74854,3.312,61.80,205.00,1,0,0
74857,3.312,148.00,475.00,1,0,0
74869,3.312,62.00,205.00,1,0,1
74872,3.312,61.80,205.00,1,0,1
74874,3.312,61.80,205.00,1,0,0
74877,3.304,63.50,210.00,1,0,0
74879,3.312,143.30,439.00,1,0,0
74882,3.264,62.00,205.00,1,0,0
74884,3.312,61.90,205.00,1,0,1
74887,3.312,62.90,205.00,1,0,1
74889,3.308,61.80,205.00,1,0,1
74892,3.312,61.80,205.00,1,0,1
74894,3.312,61.80,205.00,1,0,0
74897,3.312,61.80,205.00,1,0,0
74899,3.312,61.90,205.00,1,0,0
74901,3.312,61.90,457.00,1,0,0
74918,3.312,61.80,205.00,1,0,0
74921,3.312,61.70,205.00,1,0,0
74923,3.312,122.10,400.00,1,0,0
74926,3.284,61.80,205.00,1,0,1
74928,3.312,61.90,205.00,1,0,1
74931,3.312,63.00,208.00,1,0,1
74933,3.312,62.00,205.00,1,0,1
74936,3.312,61.80,242.00,1,0,0
74938,3.284,98.00,323.00,1,0,0
74940,3.296,98.80,326.00,1,0,0
74943,3.312,61.80,205.00,1,0,0
74945,3.268,112.20,462.00,1,0,1
74948,3.300,62.00,205.00,1,0,1
74950,3.312,62.00,205.00,1,0,1
74963,3.312,61.90,205.00,1,0,0
74965,3.312,61.90,236.00,1,0,1
74968,3.272,167.50,552.00,1,0,1
74970,3.308,62.00,205.00,1,0,1
74973,3.312,61.80,205.00,1,0,1
74975,3.312,62.10,205.00,1,0,0
74978,3.312,61.90,205.00,1,0,0
74980,3.312,62.00,205.00,1,0,0
74983,3.312,64.60,215.00,1,0,0
74985,3.312,61.70,205.00,1,0,1
74988,3.312,61.80,205.00,1,0,1
74990,3.312,142.80,472.00,1,0,1
74993,3.312,62.00,205.00,1,0,1
74995,3.312,62.00,224.00,1,0,0
75008,3.312,61.80,205.00,1,0,1
75010,3.312,61.90,205.00,1,0,1
75013,3.268,137.60,454.00,1,0,1
75015,3.312,62.10,206.00,1,0,0
75018,3.312,61.90,205.00,1,0,0
75020,3.312,61.70,205.00,1,0,0
75023,3.312,61.70,205.00,1,0,0
75025,3.312,61.80,215.00,1,0,1
75028,3.304,62.00,205.00,1,0,1
75030,3.312,62.00,205.00,1,0,1
75033,3.312,62.00,205.00,1,0,1
75035,3.312,122.20,400.00,1,0,0
75037,3.308,61.80,205.00,1,0,0
75040,3.288,100.90,334.00,1,0,0
75053,3.312,61.90,205.00,1,0,1
75055,3.312,61.90,205.00,1,0,0
75058,3.300,61.90,205.00,1,0,0
75060,3.276,87.00,282.00,1,0,0
75062,3.292,62.00,206.00,1,0,0
75065,3.312,61.90,205.00,1,0,1
75067,3.308,62.10,206.00,1,0,1
75070,3.308,61.90,205.00,1,0,1
75072,3.308,61.90,205.00,1,0,1
75075,3.312,61.90,205.00,1,0,0
75077,3.304,61.90,205.00,1,0,0
75080,3.312,62.00,205.00,1,0,0
75082,3.268,120.20,393.00,1,0,0
75085,3.308,61.90,213.00,1,0,1
75097,3.312,62.00,205.00,1,0,0
75100,3.312,61.90,205.00,1,0,0
75102,3.308,129.60,424.00,1,0,0
75105,3.284,61.90,205.00,1,0,1
75107,3.308,62.00,205.00,1,0,1
75110,3.312,62.00,205.00,1,0,1
75112,3.312,62.10,206.00,1,0,1
75115,3.312,62.00,205.00,1,0,0
75117,3.308,61.90,205.00,1,0,0
75120,3.312,61.80,205.00,1,0,0
75122,3.312,61.70,242.00,1,0,0
75125,3.272,131.80,436.00,1,0,1
75127,3.312,62.10,206.00,1,0,1
75130,3.312,62.10,205.00,1,0,1
75142,3.296,92.20,313.00,1,0,0
75145,3.288,102.40,338.00,1,0,1
75147,3.292,114.30,377.00,1,0,1
75150,3.296,163.70,541.00,1,0,1
75152,3.308,62.10,205.00,1,0,1
75155,3.308,62.00,205.00,1,0,0
75157,3.300,61.90,205.00,1,0,0
75159,3.312,61.90,205.00,1,0,0
75162,3.312,61.90,205.00,1,0,0
75164,3.312,61.80,205.00,1,0,1
75167,3.308,61.90,205.00,1,0,1
75169,3.312,130.30,429.00,1,0,1
75172,3.308,62.00,205.00,1,0,1
75185,3.312,61.80,205.00,1,0,1
75187,3.312,61.90,215.00,1,0,1
75189,3.312,61.90,205.00,1,0,1
75192,3.268,111.70,365.00,1,0,1
75194,3.304,62.10,205.00,1,0,0
75197,3.308,61.80,205.00,1,0,0
75199,3.312,61.90,205.00,1,0,0
75202,3.312,61.80,205.00,1,0,0
75204,3.312,61.80,205.00,1,0,1
75207,3.312,62.00,205.00,1,0,1
75209,3.312,62.00,205.00,1,0,1
75212,3.312,62.60,205.00,1,0,1
75214,3.308,136.30,447.00,1,0,0
75217,3.304,68.40,226.00,1,0,0
75229,3.312,61.90,205.00,1,0,1
75232,3.312,61.90,205.00,1,0,1
75234,3.312,61.80,205.00,1,0,0
75237,3.304,61.90,205.00,1,0,0
75239,3.268,146.70,252.00,1,0,0
75242,3.312,61.90,205.00,1,0,0
75244,3.304,103.10,339.00,1,0,1
75247,3.292,101.70,334.00,1,0,1
75249,3.292,62.00,205.00,1,0,1
75252,3.308,61.80,205.00,1,0,1
75254,3.312,62.00,205.00,1,0,1
75257,3.308,61.80,205.00,1,0,0
75259,3.312,61.80,205.00,1,0,0
75261,3.312,61.80,205.00,1,0,0
75274,3.308,61.90,205.00,1,0,0
75277,3.308,75.80,205.00,1,0,0
75279,3.312,61.80,205.00,1,0,0
75282,3.312,61.80,205.00,1,0,0
75284,3.312,61.70,480.00,1,0,0
75286,3.272,62.00,205.00,1,0,1
75289,3.308,62.00,205.00,1,0,1
75291,3.308,63.10,205.00,1,0,1
75294,3.312,61.90,205.00,1,0,1
75296,3.308,72.70,241.00,1,0,0
75299,3.312,61.80,205.00,1,0,0
75301,3.312,61.80,205.00,1,0,0
75304,3.312,61.80,205.00,1,0,0
75306,3.312,62.60,221.00,1,0,1
75319,3.312,61.80,205.00,1,0,0
75321,3.312,61.80,205.00,1,0,0
75324,3.312,61.80,205.00,1,0,0
75326,3.312,71.00,236.00,1,0,1
75329,3.312,61.90,205.00,1,0,1
75331,3.312,133.00,436.00,1,0,1
75334,3.312,61.90,205.00,1,0,1
75336,3.312,63.70,205.00,1,0,0
75339,3.312,61.80,205.00,1,0,0
75341,3.312,61.80,205.00,1,0,0
75344,3.312,61.70,205.00,1,0,0
75346,3.312,107.20,352.00,1,0,1
75349,3.292,100.00,329.00,1,0,1
75351,3.292,91.80,313.00,1,0,1
75364,3.312,61.80,205.00,1,0,0
75366,3.312,61.80,205.00,1,0,1
75369,3.312,62.00,205.00,1,0,1
75371,3.312,62.60,208.00,1,0,1
75374,3.312,61.90,205.00,1,0,1
75376,3.312,121.10,395.00,1,0,0
75379,3.312,61.80,205.00,1,0,0
75381,3.312,61.80,205.00,1,0,0
75383,3.312,61.90,205.00,1,0,0
75386,3.312,68.90,228.00,1,0,1
75388,3.312,62.00,205.00,1,0,1
75391,3.312,62.60,208.00,1,0,1
75393,3.308,61.90,205.00,1,0,1
75396,3.308,61.80,223.00,1,0,0
75409,3.312,61.80,205.00,1,0,1
75411,3.312,61.80,205.00,1,0,1
75413,3.312,61.90,205.00,1,0,1
75416,3.312,62.20,205.00,1,0,0
75418,3.312,61.90,205.00,1,0,0
75421,3.312,61.80,205.00,1,0,0
75423,3.276,142.30,467.00,1,0,0
75426,3.284,61.90,205.00,1,0,1
75428,3.312,61.90,205.00,1,0,1
75431,3.312,61.90,205.00,1,0,1
75433,3.312,62.00,205.00,1,0,1
75436,3.312,67.90,224.00,1,0,0
75438,3.312,61.80,205.00,1,0,0
75441,3.312,61.70,205.00,1,0,0
75453,3.296,93.10,300.00,1,0,1
75456,3.288,78.40,259.00,1,0,0
75458,3.312,61.70,205.00,1,0,0
75461,3.312,61.80,205.00,1,0,0
75463,3.312,61.70,205.00,1,0,0
75466,3.312,62.60,208.00,1,0,1
75468,3.312,62.00,205.00,1,0,1
75471,3.312,61.90,400.00,1,0,1
75473,3.276,91.20,300.00,1,0,1
75476,3.312,61.80,205.00,1,0,0
75478,3.312,61.80,205.00,1,0,0
75480,3.312,61.80,205.00,1,0,0
75483,3.312,61.90,205.00,1,0,0
75485,3.312,61.80,206.00,1,0,1
75498,3.312,61.90,205.00,1,0,0
75501,3.312,61.90,205.00,1,0,0
75503,3.312,61.80,205.00,1,0,0
75506,3.312,61.70,234.00,1,0,1
75508,3.312,61.80,205.00,1,0,1
75510,3.308,61.80,205.00,1,0,1
75513,3.312,61.80,205.00,1,0,1
75515,3.312,61.90,213.00,1,0,0
75518,3.304,98.10,321.00,1,0,0
75520,3.264,110.10,365.00,1,0,0
75523,3.312,61.70,205.00,1,0,0
75525,3.312,61.70,205.00,1,0,1
75528,3.312,61.80,205.00,1,0,1
75530,3.312,62.00,208.00,1,0,1
75543,3.268,110.70,467.00,1,0,0
75545,3.304,61.90,205.00,1,0,1
75548,3.312,61.90,205.00,1,0,1
75550,3.312,61.90,301.00,1,0,1
75553,3.288,102.60,338.00,1,0,1
75555,3.292,89.70,297.00,1,0,0
75558,3.312,61.80,205.00,1,0,0
75560,3.312,61.80,205.00,1,0,0
75563,3.312,113.10,370.00,1,0,0
75565,3.272,65.60,234.00,1,0,1
75568,3.308,62.10,206.00,1,0,1
75570,3.312,62.00,205.00,1,0,1
75573,3.308,61.90,205.00,1,0,1
75575,3.308,61.90,205.00,1,0,0
75588,3.312,61.90,467.00,1,0,1
75590,3.264,62.00,205.00,1,0,1
75593,3.312,61.90,205.00,1,0,1
75595,3.312,62.00,208.00,1,0,0
75598,3.300,62.10,206.00,1,0,0
75600,3.312,62.00,205.00,1,0,0
75603,3.312,62.80,205.00,1,0,0
75605,3.312,61.80,205.00,1,0,1
75607,3.312,61.80,205.00,1,0,1
75610,3.312,61.90,205.00,1,0,1
75612,3.312,101.80,333.00,1,0,1
75615,3.264,62.20,206.00,1,0,0
75617,3.308,62.10,205.00,1,0,0
75620,3.312,61.90,205.00,1,0,0
75632,3.312,62.10,403.00,1,0,1
75635,3.276,62.30,206.00,1,0,0
75637,3.312,61.90,205.00,1,0,0
75640,3.312,61.80,205.00,1,0,0
75642,3.312,61.80,205.00,1,0,0
75645,3.312,62.00,205.00,1,0,1
75647,3.312,62.00,205.00,1,0,1
75650,3.308,62.00,205.00,1,0,1
75652,3.312,61.90,205.00,1,0,1
75655,3.288,101.80,329.00,1,0,0
75657,3.280,93.50,308.00,1,0,0
75660,3.312,61.90,205.00,1,0,0
75662,3.312,62.00,205.00,1,0,0
75665,3.312,62.00,205.00,1,0,1
75677,3.300,61.90,202.00,1,0,0
75680,3.264,122.30,401.00,1,0,0
75682,3.312,62.00,205.00,1,0,0
75685,3.312,61.90,205.00,1,0,1
75687,3.308,61.80,205.00,1,0,1
75690,3.312,61.90,205.00,1,0,1
75692,3.312,61.90,205.00,1,0,1
75695,3.312,62.00,205.00,1,0,0
75697,3.304,61.90,205.00,1,0,0
75700,3.316,61.90,205.00,1,0,0
75702,3.312,119.00,392.00,1,0,0
75704,3.312,62.30,206.00,1,0,1
75707,3.308,61.80,205.00,1,0,1
75709,3.308,61.90,205.00,1,0,1
75722,3.312,61.70,205.00,1,0,0
75725,3.312,140.00,460.00,1,0,1
75727,3.264,70.40,233.00,1,0,1
75729,3.312,62.00,205.00,1,0,1
75732,3.312,62.10,206.00,1,0,1
75734,3.312,61.80,205.00,1,0,0
75737,3.308,70.30,205.00,1,0,0
75739,3.312,61.70,205.00,1,0,0
75742,3.312,61.80,205.00,1,0,0
75744,3.312,61.90,205.00,1,0,1
75747,3.312,102.90,338.00,1,0,1
75749,3.268,107.50,356.00,1,0,1
75752,3.308,61.90,205.00,1,0,1
75754,3.312,61.80,205.00,1,0,0
75767,3.312,61.90,205.00,1,0,1
75769,3.312,61.80,202.00,1,0,1
75772,3.276,90.60,205.00,1,0,1
75774,3.312,61.90,205.00,1,0,0
75777,3.312,61.90,205.00,1,0,0
75779,3.312,61.90,205.00,1,0,0
75782,3.312,61.90,205.00,1,0,0
75784,3.312,61.80,205.00,1,0,1
75787,3.312,61.80,205.00,1,0,1
75789,3.312,61.90,205.00,1,0,1
75792,3.312,61.90,205.00,1,0,1
75794,3.312,140.30,457.00,1,0,1
75797,3.300,72.30,205.00,1,0,0
75799,3.312,61.80,205.00,1,0,0
75812,3.312,62.00,205.00,1,0,1
75814,3.312,62.00,205.00,1,0,0
75817,3.312,72.80,460.00,1,0,0
75819,3.264,68.70,228.00,1,0,0
75822,3.308,61.80,205.00,1,0,0
75824,3.312,61.80,205.00,1,0,0
75826,3.312,63.00,205.00,1,0,1
75829,3.312,62.00,205.00,1,0,1
75831,3.312,62.60,208.00,1,0,1
75834,3.312,61.80,205.00,1,0,1
75836,3.312,65.20,216.00,1,0,0
75839,3.312,61.70,205.00,1,0,0
75841,3.312,61.80,318.00,1,0,0
75844,3.260,61.90,205.00,1,0,0
75856,3.312,61.70,205.00,1,0,0
75859,3.284,101.50,334.00,1,0,0
75861,3.288,98.40,316.00,1,0,0
75864,3.288,61.90,205.00,1,0,0
75866,3.308,147.90,483.00,1,0,1
75869,3.268,69.20,205.00,1,0,1
75871,3.308,62.10,205.00,1,0,1
75874,3.312,62.00,205.00,1,0,1
75876,3.308,68.60,205.00,1,0,0
75879,3.312,62.00,205.00,1,0,0
75881,3.312,62.00,205.00,1,0,0
75884,3.312,61.80,205.00,1,0,0
75886,3.312,61.90,205.00,1,0,1
75889,3.308,147.70,483.00,1,0,1
75901,3.312,61.90,205.00,1,0,0
75904,3.312,61.80,205.00,1,0,0
75906,3.312,62.60,205.00,1,0,1
75909,3.312,62.00,203.00,1,0,1
75911,3.264,140.20,464.00,1,0,1
75914,3.312,62.00,205.00,1,0,1
75916,3.312,70.60,234.00,1,0,0
75919,3.312,61.90,205.00,1,0,0
75921,3.312,61.90,205.00,1,0,0
75924,3.312,61.90,205.00,1,0,0
75926,3.312,72.40,239.00,1,0,1
75928,3.312,62.20,206.00,1,0,1
75931,3.312,62.00,205.00,1,0,1
75933,3.312,62.00,205.00,1,0,1
75946,3.312,62.00,205.00,1,0,1
75949,3.312,62.00,205.00,1,0,1
75951,3.312,62.00,205.00,1,0,1
75953,3.312,62.00,205.00,1,0,1
75956,3.312,64.90,215.00,1,0,0
75958,3.312,61.90,383.00,1,0,0
75961,3.264,106.50,351.00,1,0,0
75963,3.284,98.20,323.00,1,0,0
75966,3.292,91.10,205.00,1,0,1
75968,3.312,61.90,205.00,1,0,1
75971,3.312,63.00,208.00,1,0,1
75973,3.312,62.00,205.00,1,0,1
75976,3.312,74.60,247.00,1,0,0
75978,3.312,61.80,205.00,1,0,0
75991,3.312,63.20,210.00,1,0,1
75993,3.312,62.00,205.00,1,0,1
75996,3.312,61.90,241.00,1,0,0
75998,3.312,61.90,205.00,1,0,0
76001,3.312,61.80,205.00,1,0,0
76003,3.312,61.90,205.00,1,0,0
76006,3.312,120.60,395.00,1,0,1
76008,3.312,62.00,205.00,1,0,1
76011,3.312,62.00,205.00,1,0,1
76013,3.308,61.90,205.00,1,0,1
76016,3.312,62.00,205.00,1,0,0
76018,3.312,61.80,205.00,1,0,0
76021,3.312,61.90,205.00,1,0,0
76023,3.312,61.90,205.00,1,0,0
76036,3.312,63.20,208.00,1,0,0
76038,3.312,61.90,205.00,1,0,0
76041,3.312,61.90,205.00,1,0,0
76043,3.312,61.80,205.00,1,0,0
76046,3.312,61.80,205.00,1,0,1
76048,3.312,62.00,401.00,1,0,1
76050,3.280,105.00,347.00,1,0,1
76053,3.312,62.00,205.00,1,0,1
76055,3.312,62.00,234.00,1,0,0
76058,3.308,62.00,205.00,1,0,0
76060,3.312,61.80,205.00,1,0,0
76063,3.312,61.80,329.00,1,0,0
76065,3.288,101.70,334.00,1,0,1
76068,3.288,76.80,254.00,1,0,1
76080,3.312,61.90,205.00,1,0,0
76083,3.312,62.00,205.00,1,0,0
76085,3.312,62.00,208.00,1,0,1
76088,3.312,62.00,205.00,1,0,1
76090,3.308,61.90,205.00,1,0,1
76093,3.312,61.90,205.00,1,0,1
76095,3.312,123.20,403.00,1,0,0
76098,3.288,104.30,346.00,1,0,0
76100,3.312,62.00,211.00,1,0,0
76103,3.312,62.00,205.00,1,0,0
76105,3.312,62.00,205.00,1,0,1
76108,3.312,62.00,205.00,1,0,1
76110,3.312,62.00,205.00,1,0,1
76113,3.312,62.00,205.00,1,0,1
76125,3.312,61.90,205.00,1,0,1
76128,3.312,61.90,205.00,1,0,1
76130,3.312,62.00,205.00,1,0,1
76133,3.312,62.10,206.00,1,0,1
76135,3.312,62.10,221.00,1,0,0
76138,3.304,62.00,205.00,1,0,0
76140,3.312,146.10,478.00,1,0,0
76143,3.308,61.90,205.00,1,0,0
76145,3.312,61.90,205.00,1,0,1
76147,3.312,62.00,205.00,1,0,1
76150,3.308,62.10,206.00,1,0,1
76152,3.312,62.10,205.00,1,0,1
76155,3.312,62.00,205.00,1,0,0
76157,3.312,61.80,205.00,1,0,0
76170,3.292,91.10,300.00,1,0,1
76172,3.312,62.00,205.00,1,0,1
76175,3.312,61.90,205.00,1,0,0
76177,3.312,61.80,205.00,1,0,0
76180,3.312,61.90,405.00,1,0,0
76182,3.276,62.50,206.00,1,0,0
76185,3.312,62.00,205.00,1,0,1
76187,3.312,62.00,205.00,1,0,1
76190,3.312,61.90,205.00,1,0,1
76192,3.308,61.90,205.00,1,0,1
76195,3.312,61.90,205.00,1,0,0
76197,3.304,61.90,205.00,1,0,0
76200,3.312,62.00,205.00,1,0,0
76202,3.312,61.90,205.00,1,0,0
76215,3.312,62.00,205.00,1,0,0
76217,3.304,62.90,205.00,1,0,0
76220,3.312,61.90,205.00,1,0,0
76222,3.312,61.80,205.00,1,0,0
76225,3.312,61.80,478.00,1,0,1
76227,3.288,62.10,206.00,1,0,1
76230,3.312,62.00,205.00,1,0,1
76232,3.312,62.10,205.00,1,0,1
76235,3.312,62.00,205.00,1,0,0
76237,3.308,61.90,205.00,1,0,0
76240,3.312,61.80,205.00,1,0,0
76242,3.312,61.80,205.00,1,0,0
76244,3.312,61.80,205.00,1,0,1
76247,3.308,62.00,205.00,1,0,1
76260,3.312,61.80,205.00,1,0,0
76262,3.312,61.90,205.00,1,0,0
76265,3.312,61.90,205.00,1,0,1
76267,3.312,62.00,205.00,1,0,1
76269,3.292,98.50,326.00,1,0,1
76272,3.292,79.60,261.00,1,0,1
76274,3.264,72.60,241.00,1,0,0
76277,3.308,68.80,205.00,1,0,0
76279,3.312,61.90,205.00,1,0,0
76282,3.312,61.90,205.00,1,0,0
76284,3.312,61.90,205.00,1,0,1
76287,3.312,61.90,205.00,1,0,1
76289,3.312,61.80,205.00,1,0,1
76292,3.312,61.80,205.00,1,0,1
76304,3.312,61.70,205.00,1,0,1
76307,3.312,61.80,205.00,1,0,1
76309,3.312,61.80,205.00,1,0,1
76312,3.312,62.00,205.00,1,0,1
76314,3.312,62.00,205.00,1,0,0
76317,3.312,88.80,288.00,1,0,0
76319,3.292,62.80,208.00,1,0,0
76322,3.312,61.70,205.00,1,0,0
76324,3.312,61.70,205.00,1,0,1
76327,3.312,61.90,205.00,1,0,1
76329,3.312,61.90,205.00,1,0,1
76332,3.312,62.10,206.00,1,0,1
76334,3.312,62.00,205.00,1,0,1
76337,3.312,74.30,205.00,1,0,0
76349,3.312,62.10,206.00,1,0,1
76352,3.308,62.90,205.00,1,0,1
76354,3.312,61.80,205.00,1,0,0
76357,3.308,68.70,228.00,1,0,0
76359,3.312,61.70,205.00,1,0,0
76362,3.312,61.80,205.00,1,0,0
76364,3.276,120.10,393.00,1,0,0
76366,3.312,63.20,206.00,1,0,1
76369,3.312,61.90,205.00,1,0,1
76371,3.292,102.80,338.00,1,0,1
76374,3.292,102.50,300.00,1,0,1
76376,3.300,62.70,208.00,1,0,0
76379,3.312,62.00,205.00,1,0,0
76391,3.312,62.00,205.00,1,0,1
76394,3.312,62.10,206.00,1,0,1
76396,3.312,65.30,206.00,1,0,0
76399,3.312,62.10,206.00,1,0,0
76401,3.308,62.00,205.00,1,0,0
76404,3.312,61.90,205.00,1,0,0
76406,3.312,62.00,205.00,1,0,1
76409,3.268,142.80,470.00,1,0,1
76411,3.304,63.40,206.00,1,0,1
76414,3.312,62.20,206.00,1,0,1
76416,3.312,74.70,247.00,1,0,0
76419,3.312,61.90,205.00,1,0,0
76421,3.312,62.70,208.00,1,0,0
76424,3.312,61.80,205.00,1,0,0
76436,3.308,74.00,246.00,1,0,0
76439,3.312,61.90,205.00,1,0,0
76441,3.312,61.90,205.00,1,0,0
76444,3.312,62.00,205.00,1,0,0
76446,3.312,63.00,208.00,1,0,1
76449,3.312,62.10,206.00,1,0,1
76451,3.312,62.10,206.00,1,0,1
76454,3.312,61.90,205.00,1,0,1
76456,3.312,61.90,401.00,1,0,0
76459,3.276,62.10,206.00,1,0,0
76461,3.312,62.00,205.00,1,0,0
76463,3.312,62.00,205.00,1,0,0
76466,3.312,71.90,238.00,1,0,1
76468,3.312,62.00,205.00,1,0,1
76481,3.312,62.00,205.00,1,0,0
76484,3.312,61.90,205.00,1,0,0
76486,3.312,61.90,205.00,1,0,1
76488,3.312,61.90,205.00,1,0,1
76491,3.312,62.10,206.00,1,0,1
76493,3.312,62.00,205.00,1,0,1
76496,3.308,70.80,234.00,1,0,0
76498,3.312,62.00,205.00,1,0,0
76501,3.312,61.80,205.00,1,0,0
76503,3.312,156.90,513.00,1,0,0
76506,3.312,61.90,205.00,1,0,1
76508,3.312,62.00,205.00,1,0,1
76511,3.312,63.00,208.00,1,0,1
76513,3.308,62.10,206.00,1,0,1
76526,3.312,92.30,303.00,1,0,1
76528,3.284,154.70,206.00,1,0,1
76531,3.308,63.20,210.00,1,0,1
76533,3.312,62.00,205.00,1,0,1
76536,3.312,62.00,229.00,1,0,0
76538,3.312,61.90,205.00,1,0,0
76541,3.312,61.80,205.00,1,0,0
76543,3.312,61.90,205.00,1,0,0
76546,3.312,62.80,208.00,1,0,1
76548,3.312,127.40,419.00,1,0,1
76551,3.276,87.60,288.00,1,0,1
76553,3.312,61.90,205.00,1,0,1
76556,3.312,61.90,205.00,1,0,0
76558,3.312,61.90,205.00,1,0,0
76571,3.312,61.90,205.00,1,0,1
76573,3.312,137.10,524.00,1,0,1
76576,3.268,104.10,341.00,1,0,0
76578,3.292,99.50,328.00,1,0,0
76581,3.292,91.00,220.00,1,0,0
76583,3.312,61.90,205.00,1,0,0
76585,3.312,61.80,205.00,1,0,1
76588,3.312,62.00,206.00,1,0,1
76590,3.312,63.80,211.00,1,0,1
76593,3.312,62.00,205.00,1,0,1
76595,3.312,62.10,206.00,1,0,0
76598,3.264,146.10,246.00,1,0,0
76600,3.312,62.00,205.00,1,0,0
76603,3.312,61.90,205.00,1,0,0
76615,3.308,62.00,205.00,1,0,0
76618,3.312,61.90,205.00,1,0,0
76620,3.312,61.80,202.00,1,0,0
76623,3.260,142.90,472.00,1,0,0
76625,3.312,62.00,210.00,1,0,1
76628,3.312,62.10,206.00,1,0,1
76630,3.312,62.00,205.00,1,0,1
76633,3.312,62.00,205.00,1,0,1
76635,3.312,61.90,205.00,1,0,0
76638,3.312,61.90,205.00,1,0,0
76640,3.312,61.90,205.00,1,0,0
76643,3.312,62.00,205.00,1,0,0
76645,3.292,111.00,362.00,1,0,1
76648,3.256,82.80,206.00,1,0,1
76660,3.312,62.00,205.00,1,0,0
76663,3.312,61.90,205.00,1,0,0
76665,3.312,126.20,413.00,1,0,1
76668,3.284,62.00,205.00,1,0,1
76670,3.312,62.00,210.00,1,0,1
76673,3.312,62.00,205.00,1,0,1
76675,3.312,62.00,205.00,1,0,0
76678,3.312,62.20,324.00,1,0,0
76680,3.292,98.80,326.00,1,0,0
76682,3.288,79.60,264.00,1,0,0
76685,3.312,61.90,203.00,1,0,1
76687,3.296,119.60,392.00,1,0,1
76690,3.312,62.10,206.00,1,0,1
76692,3.312,62.00,205.00,1,0,1
76705,3.312,61.80,205.00,1,0,1
76707,3.308,62.00,203.00,1,0,1
76710,3.272,137.70,455.00,1,0,1
76712,3.308,62.00,205.00,1,0,1
76715,3.312,62.00,205.00,1,0,1
76717,3.312,61.90,205.00,1,0,1
76720,3.312,61.90,205.00,1,0,0
76722,3.304,61.90,205.00,1,0,0
76725,3.312,61.90,205.00,1,0,0
76727,3.312,61.90,205.00,1,0,0
76730,3.312,61.90,205.00,1,0,1
76732,3.312,122.50,401.00,1,0,1
76735,3.280,62.00,205.00,1,0,1
76737,3.312,62.00,205.00,1,0,1
76750,3.312,61.90,205.00,1,0,1
76752,3.312,61.90,205.00,1,0,1
76755,3.312,140.00,457.00,1,0,1
76757,3.312,62.10,206.00,1,0,1
76760,3.312,62.00,205.00,1,0,0
76762,3.312,61.90,205.00,1,0,0
76765,3.312,61.90,205.00,1,0,0
76767,3.312,61.90,205.00,1,0,0
76770,3.312,61.90,205.00,1,0,1
76772,3.308,62.00,205.00,1,0,1
76775,3.312,62.00,300.00,1,0,1
76777,3.276,117.70,390.00,1,0,1
76779,3.312,62.00,203.00,1,0,0
76782,3.280,104.80,326.00,1,0,0
76795,3.292,98.60,324.00,1,0,1
76797,3.292,96.10,316.00,1,0,1
76800,3.284,62.10,205.00,1,0,0
76802,3.300,62.00,205.00,1,0,0
76804,3.312,62.00,205.00,1,0,0
76807,3.312,61.90,205.00,1,0,0
76809,3.312,61.80,205.00,1,0,1
76812,3.308,66.50,205.00,1,0,1
76814,3.312,62.00,205.00,1,0,1
76817,3.312,62.10,206.00,1,0,1
76819,3.312,62.00,424.00,1,0,0
76822,3.264,62.00,205.00,1,0,0
76824,3.312,62.00,205.00,1,0,0
76827,3.312,64.70,205.00,1,0,0
76839,3.312,62.00,203.00,1,0,0
76842,3.272,163.90,541.00,1,0,0
76844,3.312,61.90,205.00,1,0,0
76847,3.312,61.90,205.00,1,0,0
76849,3.312,61.90,205.00,1,0,1
76852,3.312,62.10,206.00,1,0,1
76854,3.312,62.00,205.00,1,0,1
76857,3.312,63.20,205.00,1,0,1
76859,3.308,61.90,205.00,1,0,0
76862,3.308,88.80,292.00,1,0,0
76864,3.268,110.90,205.00,1,0,0
76867,3.308,62.00,205.00,1,0,0
76869,3.312,61.90,205.00,1,0,0
76872,3.316,71.90,205.00,1,0,1
76884,3.276,99.90,324.00,1,0,0
76887,3.292,89.20,295.00,1,0,0
76889,3.312,61.90,205.00,1,0,1
76892,3.312,61.90,205.00,1,0,1
76894,3.308,62.00,205.00,1,0,1
76897,3.312,62.00,205.00,1,0,1
76899,3.312,62.10,205.00,1,0,1
76901,3.312,62.00,205.00,1,0,0
76904,3.312,61.90,205.00,1,0,0
76906,3.312,142.40,465.00,1,0,0
76909,3.268,66.30,205.00,1,0,0
76911,3.312,61.90,205.00,1,0,1
76914,3.312,62.00,205.00,1,0,1
76921,3.312,74.00,246.00,1,0,0
76924,3.312,61.80,205.00,1,0,0
76926,3.312,61.80,205.00,1,0,0
76929,3.312,64.50,213.00,1,0,0
76931,3.268,129.50,344.00,1,0,1
76934,3.312,62.10,206.00,1,0,1
76936,3.312,63.30,210.00,1,0,1
76939,3.312,62.10,205.00,1,0,1
76951,3.312,142.20,469.00,1,0,1
76954,3.268,62.00,205.00,1,0,1
76956,3.312,62.00,205.00,1,0,1
76959,3.312,61.90,205.00,1,0,1
76961,3.312,61.90,211.00,1,0,0
76964,3.312,62.00,205.00,1,0,0
76966,3.312,62.00,205.00,1,0,0
76969,3.312,62.00,205.00,1,0,0
76971,3.312,62.80,208.00,1,0,1
76973,3.312,61.90,205.00,1,0,1
76976,3.304,130.00,392.00,1,0,1
76978,3.268,62.00,205.00,1,0,1
76981,3.312,63.60,210.00,1,0,0
76983,3.312,62.00,205.00,1,0,0
76996,3.308,62.10,206.00,1,0,1
76998,3.312,147.30,483.00,1,0,1
77001,3.312,70.90,234.00,1,0,0
77003,3.312,61.90,205.00,1,0,0
77006,3.312,61.80,205.00,1,0,0
77008,3.312,61.80,205.00,1,0,0
77011,3.312,61.80,205.00,1,0,1
77013,3.308,62.10,205.00,1,0,1
77016,3.308,62.80,208.00,1,0,1
77018,3.312,62.00,205.00,1,0,1
77021,3.312,62.00,233.00,1,0,0
77023,3.312,129.00,421.00,1,0,0
77026,3.312,61.90,205.00,1,0,0
77028,3.312,61.90,205.00,1,0,0
77041,3.312,61.90,224.00,1,0,0
77043,3.312,143.10,467.00,1,0,0
77046,3.308,62.00,205.00,1,0,0
77048,3.312,62.00,206.00,1,0,0
77051,3.312,72.20,239.00,1,0,1
77053,3.312,61.90,205.00,1,0,1
77056,3.312,62.00,205.00,1,0,1
77058,3.312,61.90,205.00,1,0,1
77061,3.312,61.90,205.00,1,0,0
77063,3.312,62.00,205.00,1,0,0
77066,3.312,62.00,470.00,1,0,0
77068,3.280,67.90,224.00,1,0,0
77070,3.312,61.90,205.00,1,0,1
77073,3.312,61.90,205.00,1,0,1
77086,3.316,61.90,429.00,1,0,0
77088,3.264,101.30,334.00,1,0,0
77091,3.292,100.00,329.00,1,0,1
77093,3.308,61.80,205.00,1,0,1
77095,3.312,63.20,210.00,1,0,1
77098,3.312,62.00,205.00,1,0,1
77100,3.312,62.00,259.00,1,0,0
77103,3.312,61.70,205.00,1,0,0
77105,3.312,61.70,203.00,1,0,0
77108,3.264,139.10,205.00,1,0,0
77110,3.312,64.00,211.00,1,0,1
77113,3.304,62.00,205.00,1,0,1
77115,3.308,62.00,205.00,1,0,1
77118,3.308,62.00,205.00,1,0,1
77130,3.308,65.90,218.00,1,1,0
77133,3.312,104.20,342.00,1,1,0
77135,3.292,91.30,300.00,1,1,0
77138,3.292,99.20,324.00,1,1,0
77140,3.288,91.20,300.00,1,1,0
77143,3.288,91.30,300.00,1,1,0
77145,3.292,91.40,301.00,1,1,0
77148,3.292,91.30,300.00,1,1,0
77150,3.292,91.40,300.00,1,1,0
77153,3.288,89.80,316.00,1,1,0
77155,3.280,100.20,329.00,1,1,0
77158,3.292,98.70,324.00,1,1,0
77160,3.292,103.30,336.00,1,1,0
77163,3.296,98.50,324.00,1,1,0
77175,3.292,101.20,326.00,1,1,0
77178,3.292,104.10,342.00,1,1,0
77180,3.288,93.40,306.00,1,1,0
77183,3.292,93.50,326.00,1,1,0
77185,3.288,102.50,338.00,1,1,0
77188,3.280,102.80,339.00,1,1,0
77190,3.296,105.00,347.00,1,1,0
77192,3.276,107.80,354.00,1,1,0
77195,3.284,91.40,300.00,1,1,0
77197,3.292,91.40,300.00,1,1,0
77200,3.288,91.20,300.00,1,1,0
77202,3.288,91.20,300.00,1,1,0
77205,3.288,91.20,300.00,1,1,0
77217,3.292,101.90,336.00,1,1,0
77220,3.292,99.30,328.00,1,1,0
77222,3.292,100.40,331.00,1,1,0
77225,3.292,100.80,333.00,1,1,0
77227,3.292,101.50,339.00,1,1,0
77230,3.296,98.40,324.00,1,1,0
77232,3.288,98.80,326.00,1,1,0
77235,3.292,98.80,324.00,1,1,0
77237,3.292,98.80,326.00,1,1,0
77240,3.292,99.20,326.00,1,1,0
77242,3.292,90.10,297.00,1,1,0
77245,3.292,102.10,336.00,1,1,0
77247,3.280,103.60,341.00,1,1,0
77260,3.292,91.40,301.00,1,1,0
77262,3.288,91.40,300.00,1,1,0
77265,3.288,91.50,300.00,1,1,0
77267,3.288,91.30,300.00,1,1,0
77270,3.292,101.40,334.00,1,1,0
77272,3.292,99.10,324.00,1,1,0
77275,3.292,102.80,339.00,1,1,0
77277,3.292,98.90,326.00,1,1,0
77280,3.296,98.80,319.00,1,1,0
77282,3.288,99.10,326.00,1,1,0
77285,3.292,102.50,336.00,1,1,0
77287,3.292,98.60,342.00,1,1,0
77289,3.288,102.40,338.00,1,1,0
77302,3.292,101.70,336.00,1,1,0
77305,3.292,99.70,328.00,1,1,0
77307,3.276,103.80,342.00,1,1,0
77310,3.260,91.30,300.00,1,1,0
77312,3.292,91.50,301.00,1,1,0
77315,3.292,99.40,326.00,1,1,0
77317,3.292,101.40,334.00,1,1,0
77320,3.292,98.40,324.00,1,1,0
77322,3.292,98.60,334.00,1,1,0
77324,3.292,99.90,328.00,1,1,0
77327,3.284,100.00,329.00,1,1,0
77329,3.292,100.40,331.00,1,1,0
77332,3.292,98.90,326.00,1,1,0
77345,3.292,89.90,297.00,1,1,0
77347,3.288,100.90,333.00,1,1,0
77350,3.292,98.80,326.00,1,1,0
77352,3.292,98.60,326.00,1,1,0
77354,3.292,98.40,323.00,1,1,0
77357,3.288,98.30,324.00,1,1,0
77359,3.268,115.50,334.00,1,0,1
77362,3.284,120.10,393.00,1,0,1
77364,3.288,117.80,387.00,1,0,0
77367,3.288,98.60,324.00,1,0,0
77369,3.292,61.90,205.00,1,0,0
77372,3.312,62.00,205.00,1,0,0
77374,3.312,63.00,206.00,1,0,1
77387,3.312,61.90,205.00,1,0,0
77389,3.312,62.00,205.00,1,0,0
77392,3.312,62.00,205.00,1,0,0
77394,3.312,62.80,208.00,1,0,1
77397,3.308,62.10,233.00,1,0,1
77399,3.280,91.00,300.00,1,0,1
77402,3.312,61.90,205.00,1,0,1
77404,3.312,62.90,210.00,1,0,0
77407,3.312,145.70,477.00,1,0,0
77409,3.312,61.90,205.00,1,0,0
77412,3.312,61.90,205.00,1,0,0
77414,3.312,68.00,224.00,1,0,1
77417,3.312,62.00,205.00,1,0,1
77419,3.312,62.00,205.00,1,0,1
77432,3.312,61.90,205.00,1,0,0
77434,3.312,61.90,205.00,1,0,1
77437,3.312,61.90,205.00,1,0,1
77439,3.312,62.90,208.00,1,0,1
77442,3.312,61.90,205.00,1,0,1
77444,3.312,75.70,251.00,1,0,0
77447,3.312,61.80,205.00,1,0,0
77449,3.312,139.70,283.00,1,0,0
77451,3.252,61.80,205.00,1,0,0
77454,3.312,62.90,208.00,1,0,1
77456,3.312,62.00,205.00,1,0,1
77459,3.312,63.10,210.00,1,0,1
77461,3.312,61.90,205.00,1,0,1
77464,3.312,61.90,231.00,1,0,0
77477,3.312,62.10,205.00,1,0,1
77479,3.312,62.00,205.00,1,0,1
77481,3.308,61.90,205.00,1,0,1
77484,3.312,61.90,205.00,1,0,0
77486,3.312,61.90,205.00,1,0,0
77489,3.312,61.90,205.00,1,0,0
77491,3.312,61.90,205.00,1,0,0
77494,3.316,61.70,205.00,1,0,1
77496,3.308,68.20,223.00,1,0,1
77499,3.288,98.40,323.00,1,0,1
77501,3.292,90.90,206.00,1,0,1
77504,3.312,65.60,216.00,1,0,0
77506,3.312,61.90,205.00,1,0,0
77509,3.312,62.00,205.00,1,0,0
77521,3.312,62.00,405.00,1,0,1
77524,3.272,75.40,249.00,1,0,0
77526,3.312,61.90,205.00,1,0,0
77529,3.312,61.90,205.00,1,0,0
77531,3.312,61.90,205.00,1,0,0
77534,3.312,62.60,206.00,1,0,1
77536,3.312,62.20,206.00,1,0,1
77539,3.312,62.70,208.00,1,0,1
77541,3.312,62.10,206.00,1,0,1
77544,3.308,135.90,565.00,1,0,0
77546,3.268,75.80,205.00,1,0,0
77549,3.312,62.00,205.00,1,0,0
77551,3.312,62.00,205.00,1,0,0
77553,3.312,62.00,210.00,1,0,1
77566,3.268,143.70,231.00,1,0,0
77569,3.312,62.00,205.00,1,0,0
77571,3.312,62.00,205.00,1,0,0
77574,3.312,62.00,208.00,1,0,1
77576,3.308,61.90,205.00,1,0,1
77578,3.308,62.00,205.00,1,0,1
77581,3.308,62.00,205.00,1,0,1
77583,3.312,63.00,208.00,1,0,0
77586,3.300,122.70,401.00,1,0,0
77588,3.280,63.30,205.00,1,0,0
77591,3.312,62.00,205.00,1,0,0
77593,3.312,61.90,205.00,1,0,1
77596,3.312,62.00,205.00,1,0,1
77598,3.312,62.00,205.00,1,0,1
77611,3.280,145.30,242.00,1,0,0
77613,3.312,62.00,205.00,1,0,1
77616,3.312,62.20,206.00,1,0,1
77618,3.312,62.00,210.00,1,0,1
77621,3.308,62.10,206.00,1,0,1
77623,3.308,62.00,205.00,1,0,0
77626,3.312,61.80,205.00,1,0,0
77628,3.308,61.90,205.00,1,0,0
77631,3.312,61.90,205.00,1,0,0
77633,3.312,62.00,437.00,1,0,1
77636,3.276,87.30,287.00,1,0,1
77638,3.312,62.10,206.00,1,0,1
77641,3.308,62.00,205.00,1,0,1
77643,3.308,62.00,205.00,1,0,0
77656,3.312,62.20,205.00,1,0,1
77658,3.312,101.60,334.00,1,0,1
77661,3.276,108.80,360.00,1,0,1
77663,3.312,62.00,205.00,1,0,0
77666,3.300,62.10,206.00,1,0,0
77668,3.312,62.10,206.00,1,0,0
77671,3.308,61.90,205.00,1,0,0
77673,3.312,61.80,205.00,1,0,1
77675,3.308,61.90,205.00,1,0,1
77678,3.308,62.00,205.00,1,0,1
77680,3.312,62.10,205.00,1,0,1
77683,3.308,62.20,203.00,1,0,0
77685,3.292,169.80,206.00,1,0,0
77698,3.308,62.10,205.00,1,0,1
77700,3.312,62.10,205.00,1,0,1
77703,3.288,99.80,329.00,1,0,0
77705,3.292,98.30,324.00,1,0,0
77708,3.300,104.50,393.00,1,0,0
77710,3.268,61.90,205.00,1,0,0
77713,3.312,61.90,205.00,1,0,1
77715,3.304,62.10,206.00,1,0,1
77718,3.312,62.10,206.00,1,0,1
77720,3.312,61.90,205.00,1,0,1
77723,3.312,61.90,205.00,1,0,0
77725,3.308,61.70,205.00,1,0,0
77728,3.312,61.80,205.00,1,0,0
77730,3.312,61.90,203.00,1,0,0
77743,3.312,61.90,205.00,1,0,0
77745,3.304,61.80,208.00,1,0,0
77748,3.308,64.60,215.00,1,0,0
77750,3.312,61.90,205.00,1,0,0
77753,3.312,61.90,205.00,1,0,1
77755,3.312,130.20,424.00,1,0,1
77758,3.280,67.10,223.00,1,0,1
77760,3.308,61.90,205.00,1,0,1
77763,3.308,62.00,205.00,1,0,0
77765,3.300,62.00,205.00,1,0,0
77767,3.312,61.90,205.00,1,0,0
77770,3.312,61.70,205.00,1,0,0
77772,3.312,61.70,205.00,1,0,1
77775,3.304,62.00,205.00,1,0,1
77788,3.312,61.80,205.00,1,0,0
77790,3.312,61.80,205.00,1,0,0
77793,3.312,61.80,205.00,1,0,1
77795,3.312,62.00,205.00,1,0,1
77797,3.312,70.40,470.00,1,0,1
77800,3.280,62.10,205.00,1,0,1
77802,3.312,62.00,205.00,1,0,0
77805,3.292,114.10,334.00,1,0,0
77807,3.292,99.90,328.00,1,0,0
77810,3.312,61.90,205.00,1,0,0
77812,3.308,62.00,205.00,1,0,1
77815,3.312,62.10,206.00,1,0,1
77817,3.308,62.10,206.00,1,0,1
77820,3.312,112.10,392.00,1,0,1
77832,3.312,62.00,205.00,1,0,1
77835,3.312,62.00,205.00,1,0,1
77837,3.308,61.90,205.00,1,0,1
77840,3.308,61.90,205.00,1,0,1
77842,3.312,61.80,205.00,1,0,0
77845,3.312,132.20,433.00,1,0,0
77847,3.308,62.10,205.00,1,0,0
77850,3.312,62.10,215.00,1,0,0
77852,3.312,61.80,205.00,1,0,1
77855,3.312,61.90,205.00,1,0,1
77857,3.312,61.90,205.00,1,0,1
77860,3.312,62.00,205.00,1,0,1
77862,3.312,62.10,206.00,1,0,1
77864,3.312,69.20,467.00,1,0,0
77877,3.312,62.00,206.00,1,0,1
77880,3.312,62.10,206.00,1,0,1
77882,3.312,62.10,206.00,1,0,0
77885,3.308,74.40,205.00,1,0,0
77887,3.312,129.40,424.00,1,0,0
77890,3.280,104.00,344.00,1,0,0
77892,3.312,61.90,205.00,1,0,0
77894,3.312,62.10,206.00,1,0,1
77897,3.312,62.20,206.00,1,0,1
77899,3.308,63.10,210.00,1,0,1
77902,3.312,62.00,205.00,1,0,1
77904,3.312,69.00,228.00,1,0,0
77907,3.304,104.70,344.00,1,0,0
77919,3.312,61.80,205.00,1,0,1
77922,3.312,61.90,205.00,1,0,1
77924,3.312,61.90,205.00,1,0,0
77927,3.312,61.90,205.00,1,0,0
77929,3.312,62.00,205.00,1,0,0
77932,3.312,62.10,203.00,1,0,0
77934,3.280,142.10,470.00,1,0,1
77937,3.312,61.90,205.00,1,0,1
77939,3.312,61.90,205.00,1,0,1
77942,3.312,62.00,205.00,1,0,1
77944,3.312,65.60,205.00,1,0,0
77947,3.312,62.00,205.00,1,0,0
77949,3.312,62.00,205.00,1,0,0
77952,3.312,61.90,205.00,1,0,0
77964,3.312,75.20,249.00,1,0,0
77967,3.312,62.00,205.00,1,0,0
77969,3.312,61.80,205.00,1,0,0
77972,3.312,61.80,205.00,1,0,0
77974,3.312,62.40,203.00,1,0,1
77977,3.268,165.50,547.00,1,0,1
77979,3.312,63.20,210.00,1,0,1
77982,3.312,62.10,206.00,1,0,1
77984,3.312,72.00,239.00,1,0,0
77986,3.312,61.80,205.00,1,0,0
77989,3.312,61.80,205.00,1,0,0
77991,3.312,61.90,205.00,1,0,0
77994,3.312,62.70,208.00,1,0,1
77996,3.312,62.00,205.00,1,0,1
78009,3.308,104.70,346.00,1,1,0
78011,3.292,103.70,339.00,1,1,0
78014,3.284,177.40,583.00,1,1,0
78016,3.288,91.30,300.00,1,1,0
78019,3.288,91.20,300.00,1,1,0
78021,3.288,91.20,300.00,1,1,0
78024,3.292,91.60,301.00,1,1,0
78026,3.292,98.30,324.00,1,1,0
78029,3.292,103.30,341.00,1,1,0
78031,3.292,98.20,323.00,1,1,0
78034,3.292,98.80,321.00,1,1,0
78036,3.292,95.70,315.00,1,1,0
78039,3.292,99.70,328.00,1,1,0
78051,3.296,99.30,328.00,1,1,0
78054,3.288,99.60,328.00,1,1,0
78056,3.292,99.30,326.00,1,1,0
78059,3.288,102.20,336.00,1,1,0
78061,3.292,90.00,297.00,1,1,0
78064,3.292,116.40,338.00,1,0,1
78066,3.292,150.50,492.00,1,0,1
78069,3.276,99.50,326.00,1,0,0
78071,3.292,99.90,326.00,1,0,0
78074,3.292,103.50,338.00,1,0,0
78076,3.288,98.20,323.00,1,0,0
78079,3.292,98.10,329.00,1,0,1
78081,3.300,62.10,206.00,1,0,1
78094,3.284,62.00,205.00,1,0,0
78096,3.312,62.00,205.00,1,0,0
78099,3.316,62.00,205.00,1,0,1
78101,3.312,62.00,205.00,1,0,1
78104,3.312,62.20,206.00,1,0,1
78106,3.316,62.00,205.00,1,0,1
78109,3.312,62.00,234.00,1,0,0
78111,3.308,62.00,205.00,1,0,0
78114,3.316,140.10,457.00,1,0,0
78116,3.284,95.10,300.00,1,0,0
78118,3.288,61.80,203.00,1,0,1
78121,3.312,62.00,205.00,1,0,1
78123,3.312,62.00,211.00,1,0,1
78126,3.312,62.00,205.00,1,0,1
78139,3.312,63.20,210.00,1,0,1
78141,3.312,62.00,205.00,1,0,1
78143,3.312,62.00,210.00,1,0,1
78146,3.312,62.00,205.00,1,0,1
78148,3.312,62.00,205.00,1,0,0
78151,3.312,61.90,205.00,1,0,0
78153,3.316,61.90,205.00,1,0,0
78156,3.312,61.80,205.00,1,0,0
78158,3.276,130.00,223.00,1,0,1
78161,3.316,62.10,205.00,1,0,1
78163,3.312,62.00,205.00,1,0,1
78166,3.312,63.00,208.00,1,0,1
78168,3.312,61.90,205.00,1,0,0
78171,3.304,61.80,205.00,1,0,0
78183,3.268,143.10,472.00,1,0,1
78186,3.312,62.00,205.00,1,0,1
78188,3.312,62.10,223.00,1,0,0
78191,3.304,61.90,205.00,1,0,0
78193,3.312,61.90,205.00,1,0,0
78196,3.312,61.80,205.00,1,0,0
78198,3.312,61.90,205.00,1,0,1
78201,3.312,61.90,205.00,1,0,1
78203,3.272,132.20,442.00,1,0,1
78206,3.312,62.00,205.00,1,0,1
78208,3.308,61.90,205.00,1,0,0
78211,3.312,61.80,205.00,1,0,0
78213,3.312,91.60,301.00,1,0,0
78215,3.284,98.70,324.00,1,0,0
78228,3.264,71.20,236.00,1,0,0
78231,3.312,62.00,205.00,1,0,0
78233,3.312,61.90,205.00,1,0,0
78236,3.312,61.90,205.00,1,0,0
78238,3.312,61.90,205.00,1,0,1
78240,3.312,62.10,205.00,1,0,1
78243,3.312,62.00,205.00,1,0,1
78245,3.312,62.00,205.00,1,0,1
78248,3.312,62.00,205.00,1,0,0
78250,3.304,142.40,470.00,1,0,0
78253,3.312,61.90,205.00,1,0,0
78255,3.312,61.90,205.00,1,0,0
78258,3.312,61.80,205.00,1,0,1
78260,3.312,62.00,205.00,1,0,1
78273,3.312,61.90,203.00,1,0,0
78275,3.248,127.70,421.00,1,0,0
78278,3.312,61.90,205.00,1,0,1
78280,3.312,62.10,206.00,1,0,1
78283,3.312,62.10,206.00,1,0,1
78285,3.312,62.00,205.00,1,0,1
78288,3.312,62.00,205.00,1,0,0
78290,3.312,61.90,205.00,1,0,0
78293,3.312,61.80,205.00,1,0,0
78295,3.312,61.90,205.00,1,0,0
78298,3.312,62.00,203.00,1,0,1
78300,3.272,135.60,206.00,1,0,1
78303,3.312,62.10,206.00,1,0,1
78305,3.312,62.00,205.00,1,0,1
78318,3.284,101.30,334.00,1,0,1
78320,3.292,96.00,316.00,1,0,1
78323,3.312,141.80,413.00,1,0,1
78325,3.264,62.00,205.00,1,0,1
78328,3.312,62.10,206.00,1,0,0
78330,3.304,68.00,205.00,1,0,0
78333,3.312,62.10,206.00,1,0,0
78335,3.312,62.00,205.00,1,0,0
78337,3.312,62.00,205.00,1,0,1
78340,3.312,61.90,205.00,1,0,1
78342,3.312,98.10,321.00,1,0,1
78345,3.272,110.70,206.00,1,0,1
78347,3.312,62.10,205.00,1,0,0
78360,3.308,65.60,205.00,1,0,1
78362,3.308,62.20,206.00,1,0,1
78365,3.308,140.70,459.00,1,0,1
78367,3.296,94.90,206.00,1,0,0
78370,3.312,62.10,206.00,1,0,0
78372,3.312,62.00,205.00,1,0,0
78375,3.312,61.90,205.00,1,0,0
78377,3.312,61.90,205.00,1,0,1
78380,3.308,62.00,205.00,1,0,1
78382,3.308,62.20,206.00,1,0,1
78385,3.308,62.00,205.00,1,0,1
78387,3.312,143.50,470.00,1,0,1
78390,3.268,78.40,205.00,1,0,0
78392,3.312,61.90,205.00,1,0,0
78405,3.312,62.00,205.00,1,0,1
78407,3.312,62.00,205.00,1,0,0
78410,3.308,142.60,359.00,1,0,0
78412,3.264,65.20,205.00,1,0,0
78415,3.312,62.20,206.00,1,0,0
78417,3.312,62.10,206.00,1,0,1
78420,3.280,109.10,338.00,1,0,1
78422,3.296,90.90,301.00,1,0,1
78425,3.308,62.00,205.00,1,0,1
78427,3.312,62.00,205.00,1,0,1
78429,3.312,63.20,210.00,1,0,0
78432,3.312,62.10,206.00,1,0,0
78434,3.312,139.20,392.00,1,0,0
78437,3.284,62.10,206.00,1,0,0
78450,3.308,62.10,206.00,1,0,0
78452,3.312,61.90,205.00,1,0,0
78455,3.312,61.90,205.00,1,0,0
78457,3.312,122.00,401.00,1,0,0
78459,3.288,62.20,206.00,1,0,1
78462,3.308,62.10,206.00,1,0,1
78464,3.312,63.30,211.00,1,0,1
78467,3.308,62.10,206.00,1,0,1
78469,3.312,74.60,247.00,1,0,0
78472,3.312,61.80,205.00,1,0,0
78474,3.312,61.80,205.00,1,0,0
78477,3.312,61.90,205.00,1,0,0
78479,3.312,62.50,203.00,1,0,1
78482,3.272,118.40,388.00,1,0,1
78494,3.312,61.90,205.00,1,0,0
78497,3.312,62.00,205.00,1,0,0
78499,3.312,62.80,206.00,1,0,1
78502,3.312,62.00,205.00,1,0,1
78504,3.312,101.80,334.00,1,0,1
78507,3.280,107.00,205.00,1,0,1
78509,3.312,63.10,210.00,1,0,0
78512,3.312,62.10,206.00,1,0,0
78514,3.312,62.10,206.00,1,0,0
78517,3.312,62.10,206.00,1,0,0
78519,3.312,62.80,208.00,1,0,1
78522,3.284,99.40,328.00,1,0,1
78524,3.292,101.10,324.00,1,0,1
78526,3.292,76.50,251.00,1,0,1
78539,3.312,64.00,211.00,1,0,1
78542,3.312,61.80,205.00,1,0,1
78544,3.312,62.20,205.00,1,0,1
78547,3.312,109.40,359.00,1,0,1
78549,3.272,73.50,242.00,1,0,0
78552,3.312,62.00,205.00,1,0,0
78554,3.312,61.80,205.00,1,0,0
78556,3.312,61.70,205.00,1,0,0
78559,3.312,61.80,205.00,1,0,1
78561,3.312,62.10,206.00,1,0,1
78564,3.312,62.90,208.00,1,0,1
78566,3.308,62.10,206.00,1,0,1
78569,3.308,61.90,516.00,1,0,0
78571,3.268,61.80,205.00,1,0,0
78584,3.312,62.90,208.00,1,0,1
78586,3.312,61.90,205.00,1,0,1
78589,3.308,61.80,218.00,1,0,0
78591,3.312,61.70,203.00,1,0,0
78594,3.268,123.30,405.00,1,0,0
78596,3.312,62.10,205.00,1,0,0
78599,3.312,72.20,239.00,1,0,1
78601,3.312,61.90,205.00,1,0,1
78604,3.312,61.90,205.00,1,0,1
78606,3.308,61.80,205.00,1,0,1
78609,3.312,61.90,205.00,1,0,0
78611,3.312,61.90,205.00,1,0,0
78614,3.312,62.00,205.00,1,0,0
78616,3.312,62.00,205.00,1,0,0
78629,3.292,67.00,221.00,1,0,0
78631,3.312,62.00,205.00,1,0,0
78634,3.312,61.90,205.00,1,0,0
78636,3.312,61.70,205.00,1,0,0
78639,3.312,61.70,205.00,1,0,1
78641,3.312,61.80,474.00,1,0,1
78644,3.264,63.30,210.00,1,0,1
78646,3.312,62.00,205.00,1,0,1
78649,3.312,62.00,247.00,1,0,0
78651,3.312,61.70,205.00,1,0,0
78653,3.312,61.60,205.00,1,0,0
78656,3.308,61.70,205.00,1,0,0
78658,3.312,64.20,211.00,1,0,1
78661,3.312,62.00,205.00,1,0,1
78674,3.312,61.60,205.00,1,0,0
78676,3.312,61.70,205.00,1,0,0
78678,3.312,61.90,208.00,1,0,1
78681,3.308,62.00,205.00,1,0,1
78683,3.308,61.90,203.00,1,0,1
78686,3.248,118.80,205.00,1,0,1
78688,3.308,61.80,203.00,1,0,0
78691,3.312,61.80,205.00,1,0,0
78693,3.312,61.80,205.00,1,0,0
78696,3.312,61.90,205.00,1,0,0
78698,3.312,61.90,205.00,1,0,1
78701,3.312,61.80,205.00,1,0,1
78703,3.312,61.70,203.00,1,0,1
78706,3.264,118.00,387.00,1,0,1
78718,3.312,61.70,205.00,1,0,1
78721,3.312,61.80,205.00,1,0,1
78723,3.312,62.10,205.00,1,0,1
78726,3.308,107.40,354.00,1,0,1
78728,3.288,93.80,308.00,1,0,0
78731,3.288,85.80,205.00,1,0,0
78733,3.312,61.90,205.00,1,0,0
78736,3.312,61.80,205.00,1,0,0
78738,3.312,61.70,205.00,1,0,1
78741,3.308,62.00,205.00,1,0,1
78743,3.312,62.00,205.00,1,0,1
78746,3.308,62.10,226.00,1,0,1
78748,3.312,62.00,203.00,1,0,0
78750,3.276,126.60,416.00,1,0,0
78763,3.312,62.10,206.00,1,0,1
78766,3.312,62.10,205.00,1,0,1
78768,3.312,61.80,205.00,1,0,0
78771,3.308,61.80,205.00,1,0,0
78773,3.312,72.70,472.00,1,0,0
78775,3.280,132.90,205.00,1,0,0
78778,3.312,62.00,205.00,1,0,1
78780,3.312,62.10,205.00,1,0,1
78783,3.312,62.10,205.00,1,0,1
78785,3.308,61.90,205.00,1,0,1
78788,3.308,61.90,205.00,1,0,0
78790,3.300,61.90,205.00,1,0,0
78793,3.312,61.90,205.00,1,0,0
78795,3.312,61.90,205.00,1,0,0
78808,3.312,62.00,205.00,1,0,0
78810,3.308,62.00,205.00,1,0,0
78813,3.312,61.90,205.00,1,0,0
78815,3.312,62.00,205.00,1,0,0
78818,3.312,61.90,205.00,1,0,1
78820,3.312,61.90,202.00,1,0,1
78823,3.276,90.00,298.00,1,0,1
78825,3.312,62.00,205.00,1,0,1
78828,3.312,104.50,344.00,1,0,0
78830,3.292,101.40,334.00,1,0,0
78833,3.292,92.70,305.00,1,0,0
78835,3.312,61.80,205.00,1,0,0
78838,3.312,61.80,205.00,1,0,1
78840,3.308,61.90,205.00,1,0,1
78853,3.312,61.70,205.00,1,0,0
78855,3.312,61.80,205.00,1,0,0
78858,3.312,61.80,205.00,1,0,1
78860,3.312,61.90,205.00,1,0,1
78863,3.312,71.00,428.00,1,0,1
78865,3.276,62.00,205.00,1,0,1
78868,3.312,61.90,205.00,1,0,0
78870,3.304,61.70,205.00,1,0,0
78872,3.312,61.80,205.00,1,0,0
78875,3.312,61.80,205.00,1,0,0
78877,3.312,61.90,205.00,1,0,1
78880,3.312,62.90,205.00,1,0,1
78882,3.308,62.00,203.00,1,0,1
78885,3.288,141.40,467.00,1,0,1
78898,3.312,61.80,205.00,1,0,1
78900,3.304,62.00,205.00,1,0,1
78902,3.312,88.30,290.00,1,0,1
78905,3.264,110.80,367.00,1,0,1
78907,3.312,61.90,205.00,1,0,0
78910,3.312,61.90,205.00,1,0,0
78912,3.312,61.80,205.00,1,0,0
78915,3.312,61.90,205.00,1,0,0
78922,3.312,61.80,205.00,1,0,1
78925,3.312,122.20,400.00,1,0,1
78927,3.276,62.00,205.00,1,0,0
78930,3.308,71.30,236.00,1,0,0
78932,3.288,98.60,324.00,1,0,0
78935,3.292,89.00,295.00,1,0,0
78937,3.312,62.00,205.00,1,0,0
78940,3.312,62.90,205.00,1,0,1
78942,3.312,61.90,205.00,1,0,1
78944,3.312,62.00,205.00,1,0,1
78947,3.312,62.00,462.00,1,0,1
78949,3.264,76.40,252.00,1,0,0
78952,3.312,62.00,205.00,1,0,0
78965,3.308,62.00,205.00,1,0,1
78967,3.312,62.00,206.00,1,0,1
78969,3.312,62.00,205.00,1,0,0
78972,3.312,82.40,270.00,1,0,0
78974,3.268,67.30,205.00,1,0,0
78977,3.312,61.90,205.00,1,0,0
78979,3.312,62.00,205.00,1,0,1
78982,3.308,62.90,208.00,1,0,1
78984,3.312,62.30,205.00,1,0,1
78987,3.308,62.00,205.00,1,0,1
78989,3.312,70.80,234.00,1,0,0
78992,3.312,61.90,202.00,1,0,0
78994,3.268,140.30,464.00,1,0,0
78997,3.312,61.90,205.00,1,0,0
79009,3.308,73.30,242.00,1,0,0
79012,3.312,61.90,202.00,1,0,0
79014,3.268,117.20,383.00,1,0,0
79017,3.312,62.10,206.00,1,0,0
79019,3.308,67.80,206.00,1,0,1
79022,3.312,62.10,205.00,1,0,1
79024,3.308,63.10,210.00,1,0,1
79027,3.308,61.90,205.00,1,0,1
79029,3.308,67.10,223.00,1,0,0
79032,3.312,61.90,205.00,1,0,0
79034,3.288,101.20,326.00,1,0,0
79037,3.292,108.90,305.00,1,0,0
79039,3.292,63.70,211.00,1,0,1
79041,3.312,61.90,205.00,1,0,1
79054,3.312,61.90,205.00,1,0,0
79057,3.312,61.80,205.00,1,0,0
79059,3.312,61.70,205.00,1,0,1
79062,3.276,119.80,392.00,1,0,1
79064,3.308,62.00,205.00,1,0,1
79066,3.308,62.00,205.00,1,0,1
79069,3.312,66.90,221.00,1,0,0
79071,3.312,61.80,205.00,1,0,0
79074,3.312,61.80,205.00,1,0,0
79076,3.312,61.70,205.00,1,0,0
79079,3.312,61.80,206.00,1,0,1
79081,3.312,62.10,203.00,1,0,1
79084,3.264,94.60,311.00,1,0,1
79086,3.312,62.00,205.00,1,0,1
79099,3.312,62.90,208.00,1,0,1
79101,3.312,63.80,205.00,1,0,1
79104,3.308,62.80,208.00,1,0,1
79106,3.280,139.10,454.00,1,0,1
79109,3.308,61.90,234.00,1,0,0
79111,3.312,61.80,205.00,1,0,0
79114,3.312,61.90,205.00,1,0,0
79116,3.312,62.00,205.00,1,0,0
79119,3.312,62.60,208.00,1,0,1
79121,3.308,62.00,205.00,1,0,1
79124,3.312,61.80,205.00,1,0,1
79126,3.312,61.90,205.00,1,0,1
79129,3.288,122.40,400.00,1,0,0
79131,3.308,62.10,205.00,1,0,0
79144,3.308,61.90,205.00,1,0,1
79146,3.312,61.80,205.00,1,0,1
79149,3.312,63.70,210.00,1,0,0
79151,3.312,100.00,328.00,1,0,0
79154,3.268,110.10,205.00,1,0,0
79156,3.312,61.70,205.00,1,0,0
79159,3.312,61.70,205.00,1,0,1
79161,3.308,61.90,205.00,1,0,1
79163,3.312,63.00,208.00,1,0,1
79166,3.312,62.00,205.00,1,0,1
79168,3.312,61.90,241.00,1,0,0
79171,3.308,61.60,205.00,1,0,0
79173,3.312,143.50,469.00,1,0,0
79186,3.312,62.80,208.00,1,0,1
79188,3.312,61.80,205.00,1,0,0
79191,3.312,61.60,205.00,1,0,0
79193,3.312,61.70,205.00,1,0,0
79196,3.312,74.50,244.00,1,0,0
79198,3.276,132.80,231.00,1,0,1
79201,3.312,62.00,205.00,1,0,1
79203,3.312,62.00,205.00,1,0,1
79206,3.312,61.80,205.00,1,0,1
79208,3.312,61.70,203.00,1,0,0
79211,3.312,61.80,205.00,1,0,0
79213,3.312,61.90,205.00,1,0,0
79216,3.312,62.00,205.00,1,0,0
79218,3.312,61.70,205.00,1,0,1
79231,3.300,61.90,205.00,1,0,0
79233,3.312,61.90,205.00,1,0,0
79236,3.316,61.80,205.00,1,0,0
79238,3.312,98.90,324.00,1,0,1
79241,3.292,98.40,324.00,1,0,1
79243,3.280,93.20,315.00,1,0,1
79246,3.300,65.10,216.00,1,0,1
79248,3.312,62.10,206.00,1,0,0
79251,3.300,61.90,205.00,1,0,0
79253,3.312,61.80,205.00,1,0,0
79255,3.312,61.70,205.00,1,0,0
79258,3.312,61.70,203.00,1,0,1
79260,3.304,62.10,205.00,1,0,1
79263,3.312,62.10,206.00,1,0,1
79276,3.312,61.70,205.00,1,0,0
79278,3.312,61.90,208.00,1,0,1
79281,3.308,62.10,206.00,1,0,1
79283,3.312,62.10,205.00,1,0,1
79285,3.312,61.90,202.00,1,0,1
79288,3.288,149.90,205.00,1,0,0
79290,3.308,61.80,205.00,1,0,0
79293,3.312,61.80,205.00,1,0,0
79295,3.312,61.90,205.00,1,0,0
79298,3.312,62.00,205.00,1,0,1
79300,3.312,62.00,205.00,1,0,1
79303,3.312,61.90,205.00,1,0,1
79305,3.308,61.80,205.00,1,0,1
79308,3.264,146.20,480.00,1,0,0
79320,3.312,61.90,205.00,1,0,1
79323,3.312,61.80,205.00,1,0,1
79325,3.312,61.80,205.00,1,0,1
79328,3.288,100.80,328.00,1,0,0
79330,3.280,107.60,206.00,1,0,0
79333,3.312,62.00,205.00,1,0,0
79335,3.312,61.80,205.00,1,0,0
79338,3.312,61.70,205.00,1,0,1
79340,3.312,62.00,326.00,1,0,1
79343,3.292,101.90,336.00,1,0,1
79345,3.288,62.60,208.00,1,0,1
79348,3.308,62.20,460.00,1,0,0
79350,3.284,72.70,241.00,1,0,0
79352,3.312,61.90,205.00,1,0,0
79365,3.308,62.10,206.00,1,0,1
79368,3.312,62.00,247.00,1,0,0
79370,3.272,68.60,228.00,1,0,0
79373,3.312,61.80,205.00,1,0,0
79375,3.312,61.90,205.00,1,0,0
79378,3.312,62.00,205.00,1,0,1
79380,3.308,62.20,206.00,1,0,1
79382,3.312,62.10,205.00,1,0,1
79385,3.308,61.90,205.00,1,0,1
79387,3.312,61.90,205.00,1,0,0
79390,3.304,63.60,211.00,1,0,0
79392,3.268,143.40,367.00,1,0,0
79395,3.304,62.10,206.00,1,0,0
79397,3.312,62.10,206.00,1,0,1
79410,3.300,62.00,205.00,1,0,0
79412,3.308,62.00,205.00,1,0,0
79415,3.312,140.40,459.00,1,0,0
79417,3.256,70.30,233.00,1,0,1
79420,3.308,61.90,205.00,1,0,1
79422,3.312,61.90,205.00,1,0,1
79425,3.312,62.00,205.00,1,0,1
79427,3.312,62.10,205.00,1,0,0
79430,3.308,62.10,206.00,1,0,0
79432,3.308,62.00,205.00,1,0,0
79435,3.312,61.90,205.00,1,0,0
79437,3.308,61.80,205.00,1,0,1
79440,3.312,62.70,205.00,1,0,1
79442,3.264,110.00,360.00,1,0,1
79455,3.308,61.80,205.00,1,0,0
79457,3.308,61.90,205.00,1,0,1
79460,3.312,62.00,205.00,1,0,1
79462,3.308,62.10,203.00,1,0,1
79465,3.248,129.30,205.00,1,0,1
79467,3.308,61.90,205.00,1,0,1
79470,3.304,67.60,224.00,1,0,0
79472,3.312,61.80,205.00,1,0,0
79475,3.312,61.90,205.00,1,0,0
79477,3.308,62.00,205.00,1,0,0
79479,3.312,62.80,206.00,1,0,1
79482,3.312,62.10,205.00,1,0,1
79484,3.308,61.90,205.00,1,0,1
79487,3.268,142.60,469.00,1,0,1
79500,3.308,68.00,224.00,1,0,1
79502,3.312,61.90,205.00,1,0,1
79504,3.312,61.90,205.00,1,0,1
79507,3.312,61.90,205.00,1,0,1
79509,3.264,144.50,229.00,1,0,0
79512,3.312,62.00,205.00,1,0,0
79514,3.312,61.90,205.00,1,0,0
79517,3.312,62.00,205.00,1,0,0
79519,3.312,61.90,205.00,1,0,1
79522,3.312,62.00,205.00,1,0,1
79524,3.312,62.90,205.00,1,0,1
79527,3.312,62.10,205.00,1,0,1
79529,3.312,74.70,247.00,1,0,0
79532,3.292,160.50,277.00,1,0,0
79544,3.312,63.00,208.00,1,0,1
79547,3.292,100.60,326.00,1,0,1
79549,3.292,101.40,334.00,1,0,0
79552,3.292,89.60,295.00,1,0,0
79554,3.288,99.70,295.00,1,0,0
79557,3.292,89.80,295.00,1,0,0
79559,3.288,100.30,329.00,1,0,1
79562,3.312,62.10,205.00,1,0,1
79564,3.308,62.10,206.00,1,0,1
79567,3.308,61.90,205.00,1,0,1
79569,3.312,61.90,208.00,1,0,0
79572,3.312,61.80,205.00,1,0,0
79574,3.312,61.80,205.00,1,0,0
79576,3.276,124.30,221.00,1,0,0
79589,3.312,63.50,205.00,1,0,0
79592,3.312,61.90,205.00,1,0,0
79594,3.312,61.90,205.00,1,0,0
79597,3.276,117.60,383.00,1,0,0
79599,3.312,62.00,206.00,1,0,1
79601,3.312,62.00,205.00,1,0,1
79604,3.312,63.00,208.00,1,0,1
79606,3.308,62.00,205.00,1,0,1
79609,3.312,72.60,241.00,1,0,0
79611,3.312,61.90,205.00,1,0,0
79614,3.312,61.90,205.00,1,0,0
79616,3.308,61.90,205.00,1,0,0
79619,3.312,61.70,203.00,1,0,1
79621,3.268,140.50,210.00,1,0,1
79634,3.312,61.90,205.00,1,0,0
79636,3.312,61.70,205.00,1,0,0
79639,3.312,62.50,206.00,1,0,1
79641,3.280,140.50,224.00,1,0,1
79644,3.308,62.40,206.00,1,0,1
79646,3.308,62.00,205.00,1,0,1
79649,3.292,101.40,344.00,1,0,0
79651,3.292,97.90,300.00,1,0,0
79654,3.300,61.80,205.00,1,0,0
79656,3.312,61.80,205.00,1,0,0
79659,3.312,61.80,208.00,1,0,1
79661,3.312,144.70,475.00,1,0,1
79664,3.304,61.90,205.00,1,0,1
79666,3.308,62.00,205.00,1,0,1
79679,3.312,61.80,218.00,1,0,1
79681,3.312,120.80,396.00,1,0,1
79684,3.264,110.60,365.00,1,0,1
79686,3.312,61.90,205.00,1,0,1
79689,3.312,68.60,228.00,1,0,0
79691,3.308,61.80,205.00,1,0,0
79694,3.312,64.30,205.00,1,0,0
79696,3.312,61.80,205.00,1,0,0
79698,3.312,62.00,205.00,1,0,1
79701,3.312,61.90,205.00,1,0,1
79703,3.312,61.90,464.00,1,0,1
79706,3.280,70.80,234.00,1,0,1
79708,3.312,61.90,205.00,1,0,0
79711,3.312,61.80,205.00,1,0,0
79724,3.312,61.80,206.00,1,0,1
79726,3.312,61.70,205.00,1,0,1
79728,3.276,130.60,426.00,1,0,0
79731,3.312,61.80,205.00,1,0,0
79733,3.312,61.80,205.00,1,0,0
79736,3.312,61.70,205.00,1,0,0
79738,3.312,61.70,238.00,1,0,1
79741,3.312,61.90,205.00,1,0,1
79743,3.312,61.80,205.00,1,0,1
79746,3.312,61.80,205.00,1,0,1
79748,3.312,61.80,203.00,1,0,0
79751,3.292,100.80,331.00,1,0,0
79753,3.292,99.00,308.00,1,0,0
79756,3.288,62.00,205.00,1,0,0
79768,3.308,62.10,216.00,1,0,0
79771,3.300,61.90,205.00,1,0,0
79773,3.312,61.90,202.00,1,0,0
79776,3.268,140.00,205.00,1,0,0
79778,3.312,61.90,205.00,1,0,1
79781,3.308,62.10,206.00,1,0,1
79783,3.308,62.20,210.00,1,0,1
79786,3.312,62.00,205.00,1,0,1
79788,3.312,62.10,206.00,1,0,0
79791,3.312,61.90,205.00,1,0,0
79793,3.312,61.90,205.00,1,0,0
79795,3.312,61.90,205.00,1,0,0
79798,3.268,145.70,303.00,1,0,1
79800,3.292,63.20,210.00,1,0,1
79813,3.312,61.90,205.00,1,0,0
79816,3.312,62.10,206.00,1,0,0
79818,3.312,62.00,203.00,1,0,1
79821,3.272,141.60,206.00,1,0,1
79823,3.312,62.00,205.00,1,0,1
79825,3.312,61.90,205.00,1,0,1
79828,3.312,62.00,205.00,1,0,0
79830,3.304,61.90,205.00,1,0,0
79833,3.312,62.10,205.00,1,0,0
79835,3.312,62.00,205.00,1,0,0
79838,3.312,61.90,205.00,1,0,1
79840,3.268,109.10,356.00,1,0,1
79843,3.268,66.40,205.00,1,0,1
79845,3.308,62.00,205.00,1,0,1
79858,3.312,61.80,205.00,1,0,1
79860,3.308,61.90,205.00,1,0,1
79863,3.308,62.00,205.00,1,0,1
79865,3.296,121.20,393.00,1,0,1
79868,3.276,62.10,206.00,1,1,0
79870,3.304,65.80,218.00,1,1,0
79873,3.308,65.80,218.00,1,1,0
79875,3.312,65.70,218.00,1,1,0
79878,3.312,65.80,218.00,1,1,0
79880,3.308,65.80,333.00,1,1,0
79883,3.280,101.50,334.00,1,1,0
79885,3.268,93.40,306.00,1,1,0
79888,3.288,93.40,306.00,1,1,0
79890,3.288,93.40,306.00,1,1,0
79903,3.292,104.60,344.00,1,1,0
79905,3.292,89.90,295.00,1,1,0
79908,3.292,98.20,324.00,1,1,0
79910,3.292,98.30,326.00,1,1,0
79913,3.292,99.10,326.00,1,1,0
79915,3.292,99.80,329.00,1,1,0
79918,3.292,99.50,331.00,1,1,0
79920,3.292,101.60,334.00,1,1,0
79922,3.292,98.80,326.00,1,1,0
79925,3.292,99.00,328.00,1,1,0
79927,3.284,98.80,326.00,1,1,0
79930,3.292,102.50,338.00,1,1,0
79932,3.292,105.00,351.00,1,1,0
79945,3.288,93.60,308.00,1,1,0
79948,3.288,93.70,308.00,1,1,0
79950,3.288,93.90,308.00,1,1,0
79952,3.288,93.70,308.00,1,1,0
79955,3.288,93.60,308.00,1,1,0
79957,3.292,99.90,329.00,1,1,0
79960,3.288,93.30,377.00,1,1,0
79962,3.288,101.90,334.00,1,1,0
79965,3.288,102.20,336.00,1,1,0
79967,3.296,102.20,336.00,1,1,0
79970,3.292,101.50,334.00,1,1,0
79972,3.292,98.40,323.00,1,1,0
79975,3.288,98.70,324.00,1,1,0
79987,3.296,102.80,339.00,1,1,0
79990,3.292,98.20,326.00,1,1,0
79992,3.292,103.90,339.00,1,1,0
79995,3.288,91.30,300.00,1,1,0
79997,3.292,101.10,334.00,1,1,0
80000,3.292,98.30,324.00,1,1,0
80002,3.292,99.10,326.00,1,1,0
80005,3.296,101.70,326.00,1,1,0
80007,3.292,89.90,297.00,1,1,0
80010,3.292,98.80,326.00,1,1,0
80012,3.284,103.40,333.00,1,1,0
80015,3.292,101.70,334.00,1,1,0
80017,3.292,102.10,336.00,1,1,0
80030,3.288,99.00,326.00,1,1,0
80032,3.292,99.30,326.00,1,1,0
80035,3.292,101.20,334.00,1,1,0
80037,3.292,98.70,324.00,1,1,0
80040,3.292,98.90,326.00,1,1,0
80042,3.292,99.20,323.00,1,0,1
80045,3.272,101.70,336.00,1,0,1
80047,3.260,132.50,436.00,1,0,1
80050,3.292,113.00,338.00,1,0,0
80052,3.292,101.70,334.00,1,0,0
80055,3.312,61.80,205.00,1,0,0
80057,3.312,61.70,205.00,1,0,0
80059,3.312,71.40,234.00,1,0,1
80072,3.264,91.40,303.00,1,0,0
80075,3.312,61.80,205.00,1,0,0
80077,3.312,61.90,205.00,1,0,1
80080,3.312,62.00,205.00,1,0,1
80082,3.312,62.00,205.00,1,0,1
80085,3.312,62.60,205.00,1,0,1
80087,3.312,61.80,205.00,1,0,1
80089,3.312,65.40,216.00,1,0,0
80092,3.272,132.90,434.00,1,0,0
80094,3.312,61.90,205.00,1,0,0
80097,3.312,61.90,205.00,1,0,0
80099,3.312,75.30,249.00,1,0,1
80102,3.308,62.00,205.00,1,0,1
80104,3.312,61.80,205.00,1,0,1
80117,3.272,112.00,370.00,1,0,0
80119,3.312,61.90,205.00,1,0,1
80122,3.312,61.80,205.00,1,0,1
80124,3.312,61.90,205.00,1,0,1
80127,3.312,62.00,205.00,1,0,1
80129,3.312,68.60,205.00,1,0,0
80132,3.312,62.00,205.00,1,0,0
80134,3.312,61.70,205.00,1,0,0
80137,3.312,61.70,390.00,1,0,0
80139,3.276,89.80,298.00,1,0,1
80142,3.312,61.90,205.00,1,0,1
80144,3.312,63.10,210.00,1,0,1
80147,3.312,62.00,205.00,1,0,1
80149,3.312,74.00,246.00,1,0,0
80162,3.292,102.00,336.00,1,0,1
80164,3.288,66.70,221.00,1,0,1
80167,3.312,62.10,205.00,1,0,1
80169,3.308,72.90,241.00,1,0,0
80172,3.312,61.80,205.00,1,0,0
80174,3.312,61.80,205.00,1,0,0
80177,3.312,62.00,205.00,1,0,0
80179,3.312,62.90,208.00,1,0,1
80182,3.312,142.90,454.00,1,0,1
80184,3.264,62.00,205.00,1,0,1
80186,3.312,62.00,205.00,1,0,1
80189,3.312,61.90,205.00,1,0,0
80191,3.312,61.90,205.00,1,0,0
80194,3.312,62.00,205.00,1,0,0
80207,3.264,62.10,206.00,1,0,1
80209,3.312,65.40,216.00,1,0,0
80211,3.312,62.00,206.00,1,0,0
80214,3.312,62.00,205.00,1,0,0
80216,3.312,62.10,206.00,1,0,0
80219,3.312,61.80,205.00,1,0,1
80221,3.312,61.90,205.00,1,0,1
80224,3.312,62.90,208.00,1,0,1
80226,3.264,142.30,226.00,1,0,1
80229,3.308,74.80,247.00,1,0,0
80231,3.312,62.10,206.00,1,0,0
80234,3.308,62.00,205.00,1,0,0
80236,3.312,61.80,205.00,1,0,0
80239,3.312,62.30,206.00,1,0,1
80251,3.260,79.00,262.00,1,0,0
80254,3.312,61.90,205.00,1,0,0
80256,3.312,61.90,205.00,1,0,0
80259,3.312,63.20,210.00,1,0,1
80261,3.312,62.10,203.00,1,0,1
80264,3.280,98.50,339.00,1,0,1
80266,3.284,92.20,305.00,1,0,1
80269,3.312,62.00,205.00,1,0,0
80271,3.312,61.80,203.00,1,0,0
80274,3.280,121.90,403.00,1,0,0
80276,3.312,62.00,205.00,1,0,0
80279,3.308,62.00,244.00,1,0,1
80281,3.312,62.10,206.00,1,0,1
80283,3.308,62.10,206.00,1,0,1
80296,3.312,147.10,482.00,1,0,0
80299,3.312,62.00,205.00,1,0,1
80301,3.312,62.00,205.00,1,0,1
80304,3.308,62.10,206.00,1,0,1
80306,3.312,62.00,205.00,1,0,1
80308,3.312,64.80,234.00,1,0,0
80311,3.308,62.00,205.00,1,0,0
80313,3.312,61.90,205.00,1,0,0
80316,3.312,61.90,205.00,1,0,0
80318,3.312,78.00,256.00,1,0,1
80321,3.276,128.30,424.00,1,0,1
80323,3.312,62.00,210.00,1,0,1
80326,3.308,62.00,205.00,1,0,1
80328,3.312,62.10,205.00,1,0,0
80341,3.268,87.00,287.00,1,0,1
80343,3.308,62.10,210.00,1,0,1
80346,3.308,62.00,205.00,1,0,1
80348,3.308,62.00,205.00,1,0,0
80351,3.308,61.90,205.00,1,0,0
80353,3.312,61.90,205.00,1,0,0
80356,3.312,61.90,205.00,1,0,0
80358,3.312,61.90,205.00,1,0,1
80361,3.308,62.10,205.00,1,0,1
80363,3.308,146.00,480.00,1,0,1
80366,3.292,100.40,331.00,1,0,1
80368,3.292,98.40,223.00,1,0,0
80371,3.300,61.90,205.00,1,0,0
80373,3.312,61.90,205.00,1,0,0
80386,3.308,61.90,205.00,1,0,1
80388,3.296,123.30,482.00,1,0,0
80391,3.300,61.90,205.00,1,0,0
80393,3.312,62.00,205.00,1,0,0
80396,3.312,61.90,205.00,1,0,0
80398,3.312,61.90,205.00,1,0,1
80401,3.300,62.00,205.00,1,0,1
80403,3.308,62.10,206.00,1,0,1
80405,3.312,62.00,205.00,1,0,1
80408,3.312,140.30,459.00,1,0,0
80410,3.296,96.30,319.00,1,0,0
80413,3.312,61.90,205.00,1,0,0
80415,3.312,62.00,205.00,1,0,0
80418,3.312,61.90,205.00,1,0,1
80431,3.264,70.40,233.00,1,0,0
80433,3.312,62.00,205.00,1,0,0
80435,3.308,61.90,205.00,1,0,0
80438,3.312,61.90,205.00,1,0,1
80440,3.312,62.00,205.00,1,0,1
80443,3.312,61.90,205.00,1,0,1
80445,3.308,62.00,205.00,1,0,1
80448,3.312,62.10,205.00,1,0,0
80450,3.300,62.00,205.00,1,0,0
80453,3.312,67.20,220.00,1,0,0
80455,3.280,137.30,455.00,1,0,0
80458,3.312,62.00,205.00,1,0,1
80460,3.312,62.00,205.00,1,0,1
80463,3.308,62.00,205.00,1,0,1
80475,3.312,61.80,205.00,1,0,0
80478,3.284,100.20,392.00,1,0,1
80480,3.284,62.10,206.00,1,0,1
80483,3.308,62.10,205.00,1,0,1
80485,3.308,62.00,205.00,1,0,1
80488,3.308,61.90,205.00,1,0,0
80490,3.312,61.90,205.00,1,0,0
80493,3.312,61.80,205.00,1,0,0
80495,3.312,61.90,205.00,1,0,0
80498,3.312,61.90,205.00,1,0,1
80500,3.272,144.10,442.00,1,0,1
80503,3.312,62.10,206.00,1,0,1
80505,3.312,62.00,205.00,1,0,1
80507,3.312,62.00,205.00,1,0,0
80520,3.276,122.70,401.00,1,0,1
80523,3.284,62.20,205.00,1,0,1
80525,3.308,61.90,205.00,1,0,1
80528,3.312,61.90,205.00,1,0,0
80530,3.304,67.60,205.00,1,0,0
80532,3.312,62.10,206.00,1,0,0
80535,3.312,61.90,205.00,1,0,0
80537,3.312,61.90,205.00,1,0,1
80540,3.308,61.90,205.00,1,0,1
80542,3.268,109.90,359.00,1,0,1
80545,3.304,62.10,205.00,1,0,1
80547,3.308,62.10,205.00,1,0,0
80550,3.304,62.00,205.00,1,0,0
80552,3.312,61.90,205.00,1,0,0
80565,3.300,123.70,403.00,1,0,1
80567,3.276,62.60,205.00,1,0,0
80570,3.304,99.10,326.00,1,0,0
80572,3.292,98.40,323.00,1,0,0
80575,3.312,61.80,205.00,1,0,0
80577,3.312,61.80,205.00,1,0,1
80580,3.304,62.00,205.00,1,0,1
80582,3.312,62.20,206.00,1,0,1
80585,3.312,123.40,405.00,1,0,1
80587,3.284,64.30,213.00,1,0,0
80590,3.312,77.80,205.00,1,0,0
80592,3.312,61.80,205.00,1,0,0
80595,3.312,61.90,205.00,1,0,0
80597,3.312,61.90,205.00,1,0,0
80610,3.304,69.10,229.00,1,0,0
80612,3.308,61.90,205.00,1,0,0
80615,3.312,64.50,213.00,1,0,0
80617,3.312,61.90,205.00,1,0,1
80620,3.312,62.60,208.00,1,0,1
80622,3.312,61.80,205.00,1,0,1
80625,3.312,61.80,205.00,1,0,1
80627,3.308,141.00,395.00,1,0,1
80629,3.292,62.00,205.00,1,0,0
80632,3.312,62.00,205.00,1,0,0
80634,3.312,61.90,205.00,1,0,0
80637,3.312,61.80,205.00,1,0,0
80639,3.312,68.80,228.00,1,0,1
80642,3.308,61.90,205.00,1,0,1
80654,3.284,61.90,205.00,1,0,0
80657,3.308,61.80,205.00,1,0,0
80659,3.312,61.90,205.00,1,0,1
80662,3.312,62.00,205.00,1,0,1
80664,3.308,63.00,206.00,1,0,1
80667,3.312,62.10,205.00,1,0,1
80669,3.308,74.30,246.00,1,0,0
80672,3.312,105.80,334.00,1,0,0
80674,3.296,98.20,323.00,1,0,0
80677,3.292,61.80,205.00,1,0,0
80679,3.312,62.30,205.00,1,0,1
80682,3.308,62.10,206.00,1,0,1
80684,3.308,63.30,210.00,1,0,1
80687,3.312,62.00,205.00,1,0,1
80699,3.312,71.10,203.00,1,0,1
80702,3.268,107.70,354.00,1,0,1
80704,3.312,62.00,205.00,1,0,1
80707,3.308,61.90,205.00,1,0,1
80709,3.308,64.70,215.00,1,0,0
80712,3.312,62.00,205.00,1,0,0
80714,3.312,62.00,205.00,1,0,0
80717,3.312,62.00,205.00,1,0,0
80719,3.312,62.50,206.00,1,0,1
80722,3.312,61.80,205.00,1,0,1
80724,3.312,61.90,396.00,1,0,1
80726,3.292,89.60,297.00,1,0,1
80729,3.312,62.40,206.00,1,0,1
80731,3.308,62.10,205.00,1,0,1
80744,3.312,61.90,203.00,1,0,1
80747,3.264,141.90,469.00,1,0,1
80749,3.308,72.60,241.00,1,0,1
80751,3.308,62.10,205.00,1,0,1
80754,3.308,75.30,249.00,1,0,0
80756,3.312,61.70,205.00,1,0,0
80759,3.312,61.80,205.00,1,0,0
80761,3.312,62.00,205.00,1,0,0
80764,3.312,62.80,208.00,1,0,1
80766,3.308,62.10,205.00,1,0,1
80769,3.308,62.10,428.00,1,0,1
80771,3.280,62.00,205.00,1,0,1
80774,3.308,97.00,318.00,1,0,0
80776,3.292,98.30,334.00,1,0,0
80789,3.312,61.80,205.00,1,0,1
80791,3.308,140.30,460.00,1,0,1
80794,3.264,74.10,244.00,1,0,0
80796,3.312,62.10,206.00,1,0,0
80799,3.312,62.10,206.00,1,0,0
80801,3.308,61.90,205.00,1,0,0
80804,3.312,61.70,215.00,1,0,1
80806,3.312,61.80,205.00,1,0,1
80809,3.312,61.90,205.00,1,0,1
80811,3.308,62.10,206.00,1,0,1
80814,3.312,109.70,359.00,1,0,0
80816,3.264,62.10,205.00,1,0,0
80819,3.308,61.90,205.00,1,0,0
80821,3.308,61.80,205.00,1,0,0
80834,3.308,62.10,500.00,1,0,0
80836,3.268,61.80,205.00,1,0,0
80839,3.308,61.80,205.00,1,0,0
80841,3.312,61.80,205.00,1,0,0
80844,3.312,63.10,210.00,1,0,1
80846,3.308,62.10,205.00,1,0,1
80848,3.312,62.20,210.00,1,0,1
80851,3.308,61.90,205.00,1,0,1
80853,3.308,61.90,205.00,1,0,0
80856,3.276,119.00,205.00,1,0,0
80858,3.312,62.00,205.00,1,0,0
80861,3.312,62.00,205.00,1,0,0
80863,3.312,62.00,238.00,1,0,1
80866,3.308,62.10,205.00,1,0,1
80878,3.284,101.80,324.00,1,0,0
80881,3.288,64.50,213.00,1,0,0
80883,3.312,62.00,205.00,1,0,1
80886,3.312,62.00,205.00,1,0,1
80888,3.312,61.90,205.00,1,0,1
80891,3.312,62.00,205.00,1,0,1
80893,3.312,62.10,220.00,1,0,0
80896,3.304,62.00,205.00,1,0,0
80898,3.312,62.10,206.00,1,0,0
80901,3.276,139.80,229.00,1,0,0
80903,3.312,61.90,205.00,1,0,1
80906,3.312,61.90,205.00,1,0,1
80908,3.312,62.10,210.00,1,0,1
80911,3.312,62.10,206.00,1,0,1
80928,3.312,62.20,206.00,1,0,1
80931,3.308,62.20,206.00,1,0,1
80933,3.308,62.00,205.00,1,0,0
80936,3.312,61.90,205.00,1,0,0
80938,3.312,61.90,205.00,1,0,0
80941,3.312,61.90,205.00,1,0,0
80943,3.312,62.00,205.00,1,0,1
80946,3.292,122.60,436.00,1,0,1
80948,3.280,62.10,205.00,1,0,1
80950,3.308,62.10,205.00,1,0,1
80953,3.312,61.90,205.00,1,0,0
80955,3.304,62.00,205.00,1,0,0
80958,3.312,62.00,205.00,1,0,0
80960,3.312,61.90,206.00,1,0,0
80973,3.312,62.10,206.00,1,0,0
80975,3.304,61.90,205.00,1,0,0
80978,3.308,74.40,244.00,1,0,0
80980,3.288,93.90,310.00,1,0,0
80983,3.288,93.30,205.00,1,0,1
80985,3.304,62.00,205.00,1,0,1
80988,3.276,122.90,403.00,1,0,1
80990,3.296,62.10,206.00,1,0,1
80993,3.312,62.10,206.00,1,0,0
80995,3.308,62.10,206.00,1,0,0
80998,3.308,61.90,205.00,1,0,0
81000,3.312,61.90,205.00,1,0,0
81003,3.312,61.80,205.00,1,0,1
81005,3.308,62.00,206.00,1,0,1
81018,3.312,61.90,205.00,1,0,0
81020,3.312,61.90,205.00,1,0,0
81023,3.308,61.90,205.00,1,0,1
81025,3.308,62.10,205.00,1,0,1
81028,3.312,62.10,206.00,1,0,1
81030,3.312,62.00,205.00,1,0,1
81033,3.308,140.40,459.00,1,0,0
81035,3.292,71.30,205.00,1,0,0
81038,3.312,61.90,205.00,1,0,0
81040,3.312,61.90,205.00,1,0,0
81043,3.312,62.00,205.00,1,0,1
81045,3.312,62.10,206.00,1,0,1
81047,3.312,62.10,205.00,1,0,1
81050,3.312,62.10,205.00,1,0,1
81063,3.312,61.90,205.00,1,0,1
81065,3.312,62.10,206.00,1,0,1
81068,3.312,62.00,205.00,1,0,1
81070,3.308,61.90,205.00,1,0,1
81072,3.312,62.00,205.00,1,0,0
81075,3.312,62.00,205.00,1,0,0
81077,3.312,62.00,205.00,1,0,0
81080,3.312,118.70,549.00,1,0,0
81082,3.276,99.30,328.00,1,0,1
81085,3.288,95.90,316.00,1,0,1
81087,3.288,62.00,205.00,1,0,1
81090,3.312,61.90,205.00,1,0,1
81092,3.308,61.90,205.00,1,0,0
81095,3.312,77.60,205.00,1,0,0
81107,3.312,62.00,205.00,1,0,1
81110,3.312,62.00,205.00,1,0,1
81112,3.312,61.80,205.00,1,0,0
81115,3.308,71.20,205.00,1,0,0
81117,3.312,61.70,205.00,1,0,0
81120,3.312,61.70,205.00,1,0,0
81122,3.312,61.80,205.00,1,0,1
81125,3.312,61.80,205.00,1,0,1
81127,3.312,63.90,211.00,1,0,1
81130,3.264,139.90,213.00,1,0,1
81132,3.312,62.00,205.00,1,0,1
81135,3.308,62.20,206.00,1,0,0
81137,3.312,61.80,205.00,1,0,0
81140,3.312,61.80,205.00,1,0,0
81152,3.248,121.00,205.00,1,0,0
81155,3.308,61.80,205.00,1,0,0
81157,3.312,61.80,205.00,1,0,0
81160,3.312,61.80,205.00,1,0,0
81162,3.308,61.70,205.00,1,0,0
81165,3.304,62.00,205.00,1,0,1
81167,3.312,61.90,205.00,1,0,1
81169,3.308,61.90,205.00,1,0,1
81172,3.312,82.10,269.00,1,0,1
81174,3.276,138.20,205.00,1,0,0
81177,3.312,61.80,205.00,1,0,0
81179,3.312,61.90,205.00,1,0,0
81182,3.312,61.80,205.00,1,0,0
81184,3.284,100.80,326.00,1,0,1
81197,3.268,112.20,457.00,1,0,0
81199,3.280,62.00,205.00,1,0,0
81202,3.312,61.90,205.00,1,0,0
81204,3.312,63.40,205.00,1,0,1
81207,3.312,62.00,205.00,1,0,1
81209,3.308,62.00,205.00,1,0,1
81212,3.312,61.90,205.00,1,0,1
81214,3.308,65.00,215.00,1,0,0
81217,3.312,118.20,387.00,1,0,0
81219,3.260,90.90,205.00,1,0,0
81222,3.312,61.90,205.00,1,0,0
81224,3.312,73.70,244.00,1,0,1
81227,3.312,61.90,205.00,1,0,1
81229,3.308,65.10,215.00,1,0,1
81242,3.312,61.70,480.00,1,0,0
81244,3.272,62.00,205.00,1,0,1
81247,3.308,62.00,205.00,1,0,1
81249,3.308,62.00,205.00,1,0,1
81252,3.308,61.90,205.00,1,0,1
81254,3.308,69.70,231.00,1,0,0
81257,3.312,61.90,205.00,1,0,0
81259,3.312,61.80,205.00,1,0,0
81262,3.312,61.90,205.00,1,0,0
81264,3.312,61.90,203.00,1,0,1
81266,3.288,119.20,392.00,1,0,1
81269,3.308,63.50,210.00,1,0,1
81271,3.308,62.00,205.00,1,0,1
81274,3.312,73.90,244.00,1,0,0
81287,3.288,98.30,323.00,1,0,1
81289,3.280,102.40,338.00,1,0,1
81292,3.312,61.80,205.00,1,0,1
81294,3.312,61.90,239.00,1,0,0
81296,3.312,61.80,205.00,1,0,0
81299,3.312,62.00,205.00,1,0,0
81301,3.312,61.90,205.00,1,0,0
81304,3.312,62.50,206.00,1,0,1
81306,3.308,61.90,205.00,1,0,1
81309,3.312,61.80,205.00,1,0,1
81311,3.312,141.50,464.00,1,0,1
81314,3.308,62.00,205.00,1,0,0
81316,3.312,62.00,205.00,1,0,0
81319,3.312,61.90,205.00,1,0,0
81331,3.312,131.20,433.00,1,0,1
81334,3.272,82.20,272.00,1,0,0
81336,3.312,61.90,205.00,1,0,0
81339,3.312,61.70,205.00,1,0,0
81341,3.312,61.70,205.00,1,0,0
81344,3.312,61.90,205.00,1,0,1
81346,3.312,62.00,205.00,1,0,1
81349,3.308,62.80,208.00,1,0,1
81351,3.312,62.00,205.00,1,0,1
81354,3.308,133.60,503.00,1,0,0
81356,3.300,61.70,205.00,1,0,0
81359,3.312,61.70,205.00,1,0,0
81361,3.312,61.80,205.00,1,0,0
81364,3.312,62.90,208.00,1,0,1
81376,3.312,61.80,205.00,1,0,0
81379,3.280,139.90,457.00,1,0,0
81381,3.312,62.00,206.00,1,0,0
81384,3.312,63.20,210.00,1,0,1
81386,3.312,62.00,205.00,1,0,1
81389,3.300,102.50,338.00,1,0,1
81391,3.292,100.30,336.00,1,0,1
81393,3.292,62.00,205.00,1,0,0
81396,3.308,62.00,205.00,1,0,0
81398,3.312,62.00,205.00,1,0,0
81401,3.312,130.50,426.00,1,0,0
81403,3.312,61.90,205.00,1,0,1
81406,3.312,62.00,205.00,1,0,1
81419,3.312,61.90,205.00,1,0,0
81421,3.312,66.00,216.00,1,0,0
81423,3.268,110.80,367.00,1,0,1
81426,3.308,61.90,205.00,1,0,1
81428,3.312,62.70,208.00,1,0,1
81431,3.312,62.10,206.00,1,0,1
81433,3.308,62.10,236.00,1,0,0
81436,3.308,61.90,205.00,1,0,0
81438,3.312,61.80,205.00,1,0,0
81441,3.312,61.80,205.00,1,0,0
81443,3.312,61.80,205.00,1,0,1
81446,3.308,62.10,205.00,1,0,1
81448,3.260,119.70,211.00,1,0,1
81451,3.312,62.10,206.00,1,0,1
81463,3.312,62.00,226.00,1,0,1
81466,3.308,62.10,205.00,1,0,1
81468,3.312,62.10,203.00,1,0,1
81471,3.292,168.90,205.00,1,0,1
81473,3.312,61.90,205.00,1,0,0
81476,3.312,61.80,205.00,1,0,0
81478,3.312,61.90,205.00,1,0,0
81481,3.312,62.00,205.00,1,0,0
81483,3.312,62.00,205.00,1,0,1
81486,3.312,62.00,205.00,1,0,1
81488,3.312,61.90,205.00,1,0,1
81491,3.308,106.50,351.00,1,0,1
81493,3.288,101.40,326.00,1,0,0
81495,3.276,62.00,205.00,1,0,0
81508,3.308,61.80,205.00,1,0,1
81511,3.308,62.00,205.00,1,0,1
81513,3.312,62.00,205.00,1,0,0
81516,3.308,140.40,418.00,1,0,0
81518,3.296,61.90,205.00,1,0,0
81520,3.312,61.70,205.00,1,0,0
81523,3.312,61.70,203.00,1,0,1
81525,3.300,61.90,205.00,1,0,1
81528,3.308,62.10,205.00,1,0,1
81530,3.312,62.00,206.00,1,0,1
81533,3.312,62.00,205.00,1,0,0
81535,3.312,61.80,205.00,1,0,0
81538,3.308,84.70,446.00,1,0,0
81540,3.268,61.70,205.00,1,0,0
81553,3.312,61.80,205.00,1,0,0
81555,3.308,61.70,205.00,1,0,0
81558,3.312,61.70,205.00,1,0,0
81560,3.312,61.80,359.00,1,0,0
81563,3.264,62.00,205.00,1,0,1
81565,3.312,62.10,205.00,1,0,1
81568,3.308,61.90,205.00,1,0,1
81570,3.308,61.90,205.00,1,0,1
81573,3.308,61.80,205.00,1,0,0
81575,3.300,61.80,205.00,1,0,0
81578,3.312,61.90,205.00,1,0,0
81580,3.308,61.90,205.00,1,0,0
81583,3.264,103.50,233.00,1,0,1
81585,3.312,61.90,205.00,1,0,1
81598,3.292,62.00,205.00,1,0,0
81600,3.312,61.90,205.00,1,0,0
81603,3.312,61.70,205.00,1,0,1
81605,3.308,114.60,392.00,1,0,1
81608,3.272,62.10,206.00,1,0,1
81610,3.312,62.00,205.00,1,0,1
81613,3.308,62.10,205.00,1,0,0
81615,3.308,62.10,206.00,1,0,0
81617,3.312,61.90,205.00,1,0,0
81620,3.312,61.80,205.00,1,0,0
81622,3.312,61.80,205.00,1,0,1
81625,3.308,61.90,205.00,1,0,1
81627,3.312,62.00,467.00,1,0,1
81630,3.276,65.60,216.00,1,0,1
81642,3.312,61.80,205.00,1,0,1
81645,3.308,62.10,205.00,1,0,1
81647,3.312,62.10,206.00,1,0,1
81650,3.312,62.00,205.00,1,0,1
81652,3.308,102.20,334.00,1,0,0
81655,3.264,114.20,378.00,1,0,0
81657,3.312,62.00,205.00,1,0,0
81660,3.312,61.90,205.00,1,0,0
81662,3.312,62.00,205.00,1,0,1
81665,3.312,63.40,205.00,1,0,1
81667,3.308,61.90,205.00,1,0,1
81670,3.308,61.80,205.00,1,0,1
81672,3.312,61.90,205.00,1,0,0
81675,3.312,61.90,205.00,1,0,0
81687,3.312,61.90,205.00,1,0,1
81690,3.312,61.90,205.00,1,0,1
81692,3.312,62.00,205.00,1,0,0
81695,3.308,92.60,305.00,1,0,0
81697,3.292,101.60,334.00,1,0,0
81700,3.288,83.30,205.00,1,0,0
81702,3.312,61.90,205.00,1,0,1
81705,3.300,62.00,205.00,1,0,1
81707,3.312,62.10,206.00,1,0,1
81710,3.312,63.20,206.00,1,0,1
81712,3.312,62.10,205.00,1,0,1
81714,3.312,77.80,257.00,1,0,0
81717,3.312,62.00,205.00,1,0,0
81719,3.312,67.40,220.00,1,0,0
81732,3.312,62.10,205.00,1,0,1
81735,3.304,68.50,226.00,1,0,0
81737,3.312,61.80,205.00,1,0,0
81739,3.312,62.00,205.00,1,0,0
81742,3.280,144.00,470.00,1,0,0
81744,3.308,63.40,206.00,1,0,1
81747,3.308,62.10,205.00,1,0,1
81749,3.308,62.10,206.00,1,0,1
81752,3.312,62.00,205.00,1,0,1
81754,3.308,62.10,206.00,1,0,0
81757,3.312,62.00,205.00,1,0,0
81759,3.312,61.90,205.00,1,0,0
81762,3.312,62.00,205.00,1,0,0
81764,3.308,68.10,226.00,1,0,1
81777,3.312,62.00,205.00,1,0,0
81779,3.312,62.00,205.00,1,0,0
81782,3.312,62.10,205.00,1,0,0
81784,3.312,61.90,205.00,1,0,1
81787,3.308,61.90,205.00,1,0,1
81789,3.268,126.30,442.00,1,0,1
81792,3.284,62.10,206.00,1,0,1
81794,3.312,74.80,247.00,1,0,0
81797,3.312,62.00,270.00,1,0,0
81799,3.280,97.90,323.00,1,0,0
81802,3.288,90.80,300.00,1,0,0
81804,3.312,62.70,205.00,1,0,1
81807,3.312,61.90,205.00,1,0,1
81809,3.312,62.70,208.00,1,0,1
81822,3.312,61.80,205.00,1,0,0
81824,3.312,71.80,238.00,1,0,1
81827,3.312,62.00,205.00,1,0,1
81829,3.312,61.90,205.00,1,0,1
81832,3.312,61.90,205.00,1,0,1
81834,3.268,125.80,467.00,1,0,0
81836,3.308,61.80,205.00,1,0,0
81839,3.312,61.80,205.00,1,0,0
81841,3.312,61.80,205.00,1,0,0
81844,3.312,63.00,208.00,1,0,1
81846,3.312,61.80,205.00,1,0,1
81849,3.312,62.80,205.00,1,0,1
81851,3.308,61.80,205.00,1,0,1
81854,3.276,88.00,285.00,1,0,0
81866,3.308,61.90,205.00,1,0,1
81869,3.308,62.50,206.00,1,1,0
81871,3.312,65.80,218.00,1,1,0
81874,3.312,65.80,218.00,1,1,0
81876,3.308,65.80,218.00,1,1,0
81879,3.308,65.80,218.00,1,1,0
81881,3.300,98.30,324.00,1,1,0
81884,3.292,100.30,329.00,1,1,0
81886,3.292,97.90,326.00,1,1,0
81889,3.292,98.70,324.00,1,1,0
81891,3.292,101.00,333.00,1,1,0
81894,3.292,101.30,338.00,1,1,0
81896,3.292,101.80,336.00,1,1,0
81909,3.288,93.60,308.00,1,1,0
81911,3.288,93.60,308.00,1,1,0
81914,3.288,95.50,306.00,1,1,0
81916,3.280,99.00,324.00,1,1,0
81919,3.284,95.90,316.00,1,1,0
81921,3.292,99.90,329.00,1,1,0
81924,3.288,100.40,324.00,1,1,0
81926,3.292,101.70,336.00,1,1,0
81929,3.296,102.30,338.00,1,1,0
81931,3.292,99.20,338.00,1,1,0
81934,3.284,103.40,339.00,1,1,0
81936,3.292,101.60,334.00,1,1,0
81938,3.292,103.70,344.00,1,1,0
81951,3.292,93.70,308.00,1,1,0
81954,3.288,93.70,308.00,1,1,0
81956,3.292,90.70,298.00,1,1,0
81959,3.292,97.60,323.00,1,1,0
81961,3.288,98.50,324.00,1,1,0
81964,3.296,101.90,336.00,1,1,0
81966,3.292,91.90,316.00,1,1,0
81968,3.292,99.10,326.00,1,1,0
81971,3.292,99.40,328.00,1,1,0
81973,3.292,98.20,323.00,1,1,0
81976,3.292,98.50,324.00,1,1,0
81978,3.292,100.60,331.00,1,1,0
81981,3.296,97.70,321.00,1,1,0
81983,3.292,101.20,333.00,1,1,0
81996,3.268,134.00,308.00,1,1,0
81998,3.288,93.70,308.00,1,1,0
82001,3.288,102.10,336.00,1,1,0
82003,3.292,102.00,324.00,1,1,0
82006,3.288,96.20,316.00,1,1,0
82008,3.288,98.20,323.00,1,1,0
82011,3.280,101.90,326.00,1,1,0
82013,3.292,99.00,326.00,1,1,0
82016,3.292,101.90,336.00,1,1,0
82018,3.288,99.00,328.00,1,1,0
82021,3.292,101.50,333.00,1,1,0
82023,3.292,99.00,326.00,1,1,0
82026,3.292,99.50,334.00,1,1,0
82038,3.296,102.20,336.00,1,1,0
82041,3.292,101.40,323.00,1,1,0
82043,3.292,98.70,324.00,1,1,0
82046,3.276,122.40,401.00,1,0,1
82048,3.292,136.90,395.00,1,0,1
82051,3.276,135.30,442.00,1,0,0
82053,3.296,101.70,336.00,1,0,0
82056,3.288,90.00,252.00,1,0,0
82058,3.312,61.90,205.00,1,0,0
82061,3.312,61.90,205.00,1,0,1
82063,3.312,62.00,205.00,1,0,1
82066,3.308,62.60,206.00,1,0,1
82068,3.312,62.10,205.00,1,0,1
82081,3.312,62.90,208.00,1,0,1
82083,3.312,62.10,206.00,1,0,1
82086,3.312,62.90,208.00,1,0,1
82088,3.308,62.00,205.00,1,0,1
82091,3.312,61.80,238.00,1,0,0
82093,3.312,142.70,469.00,1,0,0
82096,3.284,62.10,206.00,1,0,0
82098,3.312,62.10,206.00,1,0,0
82100,3.308,62.00,244.00,1,0,1
82103,3.312,62.00,205.00,1,0,1
82105,3.308,61.90,205.00,1,0,1
82108,3.312,61.90,457.00,1,0,1
82110,3.292,95.90,313.00,1,0,0
82113,3.288,101.50,334.00,1,0,0
82126,3.292,99.10,326.00,1,0,1
82128,3.292,101.00,326.00,1,0,1
82130,3.292,99.70,326.00,1,0,0
82133,3.292,98.70,324.00,1,0,0
82135,3.296,101.80,323.00,1,0,0
82138,3.292,98.40,323.00,1,0,0
82140,3.292,101.80,334.00,1,0,1
82143,3.292,99.10,328.00,1,0,1
82145,3.292,104.80,344.00,1,0,1
82148,3.288,102.30,338.00,1,0,1
82150,3.292,104.10,342.00,1,0,0
82153,3.288,99.10,324.00,1,0,0
82155,3.292,100.70,331.00,1,0,0
82168,3.312,62.10,206.00,1,0,1
82170,3.308,61.90,205.00,1,0,0
82173,3.312,61.80,205.00,1,0,0
82175,3.312,61.80,205.00,1,0,0
82178,3.312,61.90,205.00,1,0,0
82180,3.312,62.00,208.00,1,0,1
82183,3.312,125.90,413.00,1,0,1
82185,3.284,62.20,206.00,1,0,1
82188,3.312,61.90,205.00,1,0,1
82190,3.312,61.80,205.00,1,0,0
82193,3.312,61.80,205.00,1,0,0
82195,3.312,61.90,205.00,1,0,0
82198,3.312,62.00,205.00,1,0,0
82200,3.312,62.00,205.00,1,0,1
82213,3.276,62.10,206.00,1,0,0
82215,3.312,62.10,206.00,1,0,0
82218,3.312,62.00,205.00,1,0,0
82220,3.312,61.80,205.00,1,0,1
82223,3.312,61.90,205.00,1,0,1
82225,3.312,62.00,202.00,1,0,1
82227,3.264,141.10,465.00,1,0,1
82230,3.312,62.20,206.00,1,0,0
82232,3.304,62.10,205.00,1,0,0
82235,3.312,61.90,205.00,1,0,0
82237,3.312,61.90,205.00,1,0,0
82240,3.312,61.80,205.00,1,0,1
82242,3.312,61.90,205.00,1,0,1
82245,3.312,62.10,206.00,1,0,1
82257,3.312,61.80,205.00,1,0,0
82260,3.312,61.90,205.00,1,0,1
82262,3.312,62.10,206.00,1,0,1
82265,3.312,62.20,206.00,1,0,1
82267,3.312,62.00,205.00,1,0,1
82270,3.264,112.00,375.00,1,0,0
82272,3.272,61.90,205.00,1,0,0
82275,3.312,61.80,205.00,1,0,0
82277,3.312,61.90,205.00,1,0,0
82280,3.312,62.00,205.00,1,0,1
82282,3.312,62.20,206.00,1,0,1
82285,3.312,62.00,205.00,1,0,1
82287,3.312,61.90,205.00,1,0,1
82290,3.312,61.90,205.00,1,0,0
82302,3.308,61.80,205.00,1,0,1
82305,3.312,61.80,205.00,1,0,1
82307,3.312,61.90,205.00,1,0,1
82310,3.312,103.20,339.00,1,0,0
82312,3.276,101.70,334.00,1,0,0
82315,3.292,91.10,206.00,1,0,0
82317,3.312,140.30,457.00,1,0,0
82320,3.300,62.00,205.00,1,0,1
82322,3.312,62.00,205.00,1,0,1
82325,3.312,62.00,205.00,1,0,1
82327,3.308,62.00,205.00,1,0,1
82329,3.308,62.10,205.00,1,0,0
82332,3.308,62.10,206.00,1,0,0
82345,3.308,62.10,206.00,1,0,1
82347,3.308,62.20,206.00,1,0,1
82349,3.312,62.20,205.00,1,0,0
82352,3.308,73.90,205.00,1,0,0
82354,3.316,61.80,205.00,1,0,0
82357,3.312,61.70,205.00,1,0,0
82359,3.312,61.90,205.00,1,0,1
82362,3.312,62.10,205.00,1,0,1
82364,3.312,62.20,203.00,1,0,1
82367,3.264,110.30,223.00,1,0,1
82369,3.312,61.90,205.00,1,0,0
82372,3.300,66.70,221.00,1,0,0
82374,3.312,62.00,205.00,1,0,0
82377,3.312,61.90,205.00,1,0,0
82389,3.312,87.10,283.00,1,0,0
82392,3.256,71.70,238.00,1,0,0
82394,3.312,62.00,205.00,1,0,0
82397,3.312,62.00,205.00,1,0,0
82399,3.312,61.90,205.00,1,0,1
82402,3.308,65.40,205.00,1,0,1
82404,3.308,61.90,205.00,1,0,1
82407,3.308,62.00,205.00,1,0,1
82409,3.312,62.00,205.00,1,0,1
82412,3.312,69.30,349.00,1,0,0
82414,3.288,100.20,329.00,1,0,0
82417,3.288,77.70,257.00,1,0,0
82419,3.308,61.90,205.00,1,0,0
82421,3.312,61.80,205.00,1,0,1
82434,3.312,61.90,205.00,1,0,0
82437,3.312,61.70,202.00,1,0,0
82439,3.288,165.50,205.00,1,0,0
82442,3.312,62.00,205.00,1,0,1
82444,3.308,62.10,205.00,1,0,1
82446,3.308,63.00,205.00,1,0,1
82449,3.308,62.10,206.00,1,0,1
82451,3.312,68.20,226.00,1,0,0
82454,3.312,61.80,205.00,1,0,0
82456,3.312,61.90,205.00,1,0,0
82459,3.312,61.90,205.00,1,0,0
82461,3.308,72.60,241.00,1,0,1
82464,3.260,111.30,369.00,1,0,1
82466,3.304,62.10,205.00,1,0,1
82479,3.312,62.00,205.00,1,0,0
82481,3.312,62.10,206.00,1,0,1
82484,3.268,118.90,205.00,1,0,1
82486,3.308,61.90,205.00,1,0,1
82489,3.312,62.10,206.00,1,0,1
82491,3.312,65.60,205.00,1,0,0
82494,3.312,62.00,205.00,1,0,0
82496,3.312,61.90,205.00,1,0,0
82499,3.308,62.00,205.00,1,0,0
82501,3.312,61.90,205.00,1,0,1
82504,3.276,122.10,401.00,1,0,1
82506,3.292,63.20,205.00,1,0,1
82509,3.312,62.00,205.00,1,0,1
82511,3.312,74.30,246.00,1,0,0
82524,3.308,62.00,205.00,1,0,1
82526,3.260,126.00,415.00,1,0,1
82529,3.312,62.10,205.00,1,0,1
82531,3.312,76.50,254.00,1,0,0
82534,3.312,61.90,205.00,1,0,0
82536,3.312,61.80,205.00,1,0,0
82539,3.312,61.80,205.00,1,0,0
82541,3.312,62.70,208.00,1,0,1
82543,3.312,62.00,205.00,1,0,1
82546,3.312,62.00,203.00,1,0,1
82548,3.248,119.00,392.00,1,0,1
82551,3.308,62.00,208.00,1,0,0
82553,3.312,61.90,205.00,1,0,0
82556,3.312,61.90,205.00,1,0,0
82569,3.312,61.90,205.00,1,0,1
82571,3.268,147.30,482.00,1,0,0
82573,3.304,62.00,205.00,1,0,0
82576,3.312,61.90,205.00,1,0,0
82578,3.312,61.90,205.00,1,0,0
82581,3.312,61.90,210.00,1,0,1
82583,3.308,62.00,205.00,1,0,1
82586,3.312,62.40,206.00,1,0,1
82588,3.308,61.90,205.00,1,0,1
82591,3.312,71.10,236.00,1,0,0
82593,3.312,140.30,459.00,1,0,0
82596,3.296,61.90,205.00,1,0,0
82598,3.312,62.00,205.00,1,0,0
82601,3.312,61.80,205.00,1,0,1
82613,3.312,61.80,205.00,1,0,0
82616,3.312,61.90,205.00,1,0,0
82618,3.292,107.50,323.00,1,0,0
82621,3.292,98.20,323.00,1,0,1
82623,3.308,62.00,205.00,1,0,1
82626,3.312,62.00,210.00,1,0,1
82628,3.312,62.00,205.00,1,0,1
82631,3.308,62.00,205.00,1,0,0
82633,3.312,62.00,205.00,1,0,0
82636,3.312,61.90,205.00,1,0,0
82638,3.312,61.90,205.00,1,0,0
82640,3.272,123.10,570.00,1,0,1
82643,3.292,62.10,206.00,1,0,1
82645,3.308,62.10,206.00,1,0,1
82658,3.312,61.90,205.00,1,0,0
82661,3.312,61.80,205.00,1,0,1
82663,3.312,62.00,203.00,1,0,1
82665,3.276,126.10,416.00,1,0,1
82668,3.308,63.00,208.00,1,0,1
82670,3.308,62.00,223.00,1,0,0
82673,3.304,62.00,205.00,1,0,0
82675,3.312,61.90,205.00,1,0,0
82678,3.312,61.90,205.00,1,0,0
82680,3.312,61.90,205.00,1,0,1
82683,3.312,62.00,205.00,1,0,1
82685,3.312,62.00,205.00,1,0,1
82688,3.268,106.80,354.00,1,0,1
82690,3.308,62.10,205.00,1,0,0
82703,3.308,62.00,205.00,1,0,1
82705,3.308,62.00,206.00,1,0,1
82708,3.308,61.90,205.00,1,0,1
82710,3.308,119.90,392.00,1,0,0
82713,3.312,62.00,205.00,1,0,0
82715,3.312,61.90,205.00,1,0,0
82718,3.312,61.90,205.00,1,0,0
82720,3.284,99.70,328.00,1,0,1
82723,3.292,99.60,308.00,1,0,1
82725,3.292,61.90,205.00,1,0,1
82728,3.308,62.00,205.00,1,0,1
82730,3.308,62.10,205.00,1,0,1
82733,3.304,139.80,462.00,1,0,1
82735,3.312,62.00,205.00,1,0,0
82748,3.312,62.00,205.00,1,0,1
82750,3.312,62.10,223.00,1,0,1
82753,3.308,62.00,205.00,1,0,1
82755,3.312,140.10,457.00,1,0,0
82758,3.300,61.90,205.00,1,0,0
82760,3.312,61.80,205.00,1,0,0
82762,3.312,62.00,205.00,1,0,0
82765,3.312,62.00,205.00,1,0,1
82767,3.312,62.10,206.00,1,0,1
82770,3.312,62.10,206.00,1,0,1
82772,3.312,62.00,205.00,1,0,1
82775,3.312,61.90,205.00,1,0,0
82777,3.308,140.10,459.00,1,0,0
82780,3.264,70.80,234.00,1,0,0
82792,3.312,61.90,205.00,1,0,1
82795,3.312,61.90,205.00,1,0,0
82797,3.300,62.00,205.00,1,0,0
82800,3.312,62.00,205.00,1,0,0
82802,3.312,127.50,324.00,1,0,0
82805,3.256,62.00,205.00,1,0,1
82807,3.312,62.00,205.00,1,0,1
82810,3.312,62.00,205.00,1,0,1
82812,3.308,62.00,205.00,1,0,1
82815,3.312,62.10,206.00,1,0,0
82817,3.300,62.10,206.00,1,0,0
82820,3.312,61.80,205.00,1,0,0
82822,3.312,98.70,324.00,1,0,0
82825,3.284,100.40,329.00,1,0,1
82837,3.308,61.90,205.00,1,0,0
82840,3.312,61.80,205.00,1,0,0
82842,3.312,61.80,205.00,1,0,0
82845,3.312,61.80,205.00,1,0,1
82847,3.312,62.10,203.00,1,0,1
82850,3.268,132.00,434.00,1,0,1
82852,3.312,62.00,205.00,1,0,1
82855,3.312,61.90,205.00,1,0,0
82857,3.312,61.80,205.00,1,0,0
82860,3.312,61.70,205.00,1,0,0
82862,3.312,61.90,205.00,1,0,0
82864,3.312,62.00,205.00,1,0,1
82867,3.312,62.10,206.00,1,0,1
82869,3.312,62.00,205.00,1,0,1
82882,3.312,62.10,206.00,1,0,0
82885,3.308,62.00,205.00,1,0,1
82887,3.312,61.90,205.00,1,0,1
82889,3.312,61.90,205.00,1,0,1
82892,3.312,61.80,400.00,1,0,1
82894,3.276,62.10,206.00,1,0,0
82897,3.300,62.10,206.00,1,0,0
82899,3.312,62.10,205.00,1,0,0
82902,3.312,61.90,205.00,1,0,0
82904,3.312,61.80,205.00,1,0,1
82907,3.312,61.80,205.00,1,0,1
82909,3.308,61.90,205.00,1,0,1
82912,3.312,62.10,206.00,1,0,1
82914,3.276,132.40,220.00,1,0,0
82931,3.312,63.00,205.00,1,0,1
82934,3.308,62.10,206.00,1,0,1
82936,3.312,134.80,444.00,1,0,0
82939,3.312,61.80,205.00,1,0,0
82941,3.312,61.80,205.00,1,0,0
82944,3.308,61.90,205.00,1,0,0
82946,3.312,63.20,210.00,1,0,1
82949,3.312,62.10,206.00,1,0,1
82951,3.312,62.90,208.00,1,0,1
82953,3.312,61.80,205.00,1,0,1
82956,3.312,61.90,226.00,1,0,0
82958,3.312,61.80,205.00,1,0,0
82961,3.276,138.60,454.00,1,0,0
82963,3.284,62.10,206.00,1,0,0
82976,3.308,61.90,205.00,1,0,0
82978,3.312,62.00,205.00,1,0,0
82981,3.312,62.00,205.00,1,0,0
82983,3.312,62.00,203.00,1,0,0
82986,3.264,149.80,495.00,1,0,1
82988,3.308,61.90,205.00,1,0,1
82991,3.312,61.90,205.00,1,0,1
82993,3.312,61.80,205.00,1,0,1
82996,3.312,65.10,215.00,1,0,0
82998,3.312,62.00,205.00,1,0,0
83001,3.312,61.90,205.00,1,0,0
83003,3.312,61.80,205.00,1,0,0
83006,3.312,61.80,202.00,1,0,1
83008,3.276,89.40,205.00,1,0,1
83021,3.312,61.80,205.00,1,0,0
83023,3.312,61.70,205.00,1,0,0
83026,3.312,62.20,205.00,1,0,1
83028,3.292,99.40,334.00,1,0,1
83031,3.292,95.10,315.00,1,0,1
83033,3.312,62.20,206.00,1,0,1
83036,3.312,61.90,251.00,1,0,0
83038,3.312,61.80,205.00,1,0,0
83041,3.312,61.80,205.00,1,0,0
83043,3.312,62.00,205.00,1,0,0
83046,3.308,62.00,236.00,1,0,1
83048,3.312,62.20,206.00,1,0,1
83050,3.276,137.70,451.00,1,0,1
83053,3.308,61.90,205.00,1,0,1
83066,3.312,62.10,208.00,1,0,1
83068,3.312,62.00,205.00,1,0,1
83071,3.312,61.90,203.00,1,0,1
83073,3.276,144.30,205.00,1,0,1
83075,3.308,63.40,210.00,1,0,0
83078,3.308,62.10,206.00,1,0,0
83080,3.308,62.10,206.00,1,0,0
83083,3.312,62.00,205.00,1,0,0
83085,3.312,61.90,205.00,1,0,1
83088,3.312,61.90,205.00,1,0,1
83090,3.312,62.10,206.00,1,0,1
83093,3.312,62.00,205.00,1,0,1
83095,3.268,120.10,393.00,1,0,0
83098,3.308,62.10,206.00,1,0,0
83110,3.312,62.10,208.00,1,0,1
83113,3.312,62.20,206.00,1,0,1
83115,3.312,62.20,206.00,1,0,0
83118,3.312,142.20,465.00,1,0,0
83120,3.280,61.90,205.00,1,0,0
83123,3.312,61.80,205.00,1,0,0
83125,3.312,62.00,210.00,1,0,1
83128,3.312,62.20,205.00,1,0,1
83130,3.292,98.40,324.00,1,0,1
83133,3.292,92.90,300.00,1,0,1
83135,3.292,61.90,205.00,1,0,0
83138,3.312,61.80,205.00,1,0,0
83140,3.276,119.80,216.00,1,0,0
83143,3.312,62.00,205.00,1,0,0
83155,3.312,61.90,205.00,1,0,0
83158,3.300,61.90,205.00,1,0,0
83160,3.312,62.00,205.00,1,0,0
83163,3.288,166.50,554.00,1,0,0
83165,3.304,62.10,205.00,1,0,1
83168,3.312,62.10,206.00,1,0,1
83170,3.312,61.90,205.00,1,0,1
83172,3.312,62.10,206.00,1,0,1
83175,3.312,64.60,215.00,1,0,0
83177,3.304,62.00,205.00,1,0,0
83180,3.312,62.10,206.00,1,0,0
83182,3.276,134.00,437.00,1,0,0
83185,3.312,62.00,205.00,1,0,1
83187,3.312,61.90,205.00,1,0,1
83200,3.312,61.90,205.00,1,0,0
83202,3.312,61.80,205.00,1,0,0
83205,3.268,90.70,295.00,1,0,1
83207,3.304,62.10,205.00,1,0,1
83210,3.312,62.00,205.00,1,0,1
83212,3.312,62.10,206.00,1,0,1
83215,3.312,62.10,205.00,1,0,0
83217,3.308,61.90,205.00,1,0,0
83220,3.312,61.80,205.00,1,0,0
83222,3.312,61.90,205.00,1,0,0
83225,3.312,61.90,205.00,1,0,1
83227,3.308,62.10,206.00,1,0,1
83230,3.268,119.50,206.00,1,0,1
83232,3.308,100.80,333.00,1,0,1
83245,3.316,61.90,205.00,1,0,1
83247,3.312,62.00,205.00,1,0,1
83250,3.312,62.00,205.00,1,0,1
83252,3.296,124.30,460.00,1,0,1
83255,3.280,62.00,205.00,1,0,0
83257,3.296,62.00,205.00,1,0,0
83260,3.312,61.80,205.00,1,0,0
83262,3.312,61.90,205.00,1,0,0
83265,3.312,61.90,205.00,1,0,1
83267,3.312,61.90,205.00,1,0,1
83269,3.312,61.80,205.00,1,0,1
83272,3.312,61.90,205.00,1,0,1
83274,3.312,61.90,205.00,1,0,0
83277,3.300,122.40,400.00,1,0,0
83290,3.312,61.90,205.00,1,0,1
83292,3.312,61.90,205.00,1,0,1
83295,3.312,62.00,203.00,1,0,0
83297,3.276,124.10,408.00,1,0,0
83299,3.284,61.90,205.00,1,0,0
83302,3.312,61.70,205.00,1,0,0
83304,3.312,61.90,205.00,1,0,1
83307,3.312,61.90,205.00,1,0,1
83309,3.312,61.90,205.00,1,0,1
83312,3.312,62.40,205.00,1,0,1
83314,3.308,62.00,205.00,1,0,0
83317,3.304,65.90,218.00,1,0,0
83319,3.288,104.00,392.00,1,0,0
83322,3.284,61.90,205.00,1,0,0
83334,3.312,98.80,326.00,1,0,0
83337,3.272,101.70,336.00,1,0,0
83339,3.288,62.20,205.00,1,0,0
83342,3.312,61.90,205.00,1,0,0
83344,3.276,101.30,329.00,1,0,1
83347,3.308,66.70,206.00,1,0,1
83349,3.312,62.10,205.00,1,0,1
83352,3.308,62.10,206.00,1,0,1
83354,3.312,62.00,205.00,1,0,0
83357,3.308,62.00,205.00,1,0,0
83359,3.312,62.00,205.00,1,0,0
83362,3.312,61.90,205.00,1,0,0
83364,3.312,61.90,205.00,1,0,0
83366,3.312,141.40,464.00,1,0,1
83379,3.312,62.00,205.00,1,0,0
83382,3.312,62.00,205.00,1,0,0
83384,3.312,61.90,208.00,1,0,0
83387,3.316,62.00,203.00,1,0,1
83389,3.252,101.70,333.00,1,0,1
83392,3.312,63.40,205.00,1,0,1
83394,3.312,62.00,205.00,1,0,1
83396,3.308,70.50,234.00,1,0,0
83399,3.312,62.00,205.00,1,0,0
83401,3.312,62.00,205.00,1,0,0
83404,3.312,61.90,205.00,1,0,0
83406,3.312,71.70,205.00,1,0,1
83409,3.312,62.00,205.00,1,0,1
83411,3.312,62.00,205.00,1,0,1
83424,3.312,61.90,205.00,1,0,0
83426,3.312,61.90,205.00,1,0,1
83429,3.312,62.00,205.00,1,0,1
83431,3.312,62.10,205.00,1,0,1
83434,3.308,62.10,206.00,1,0,1
83436,3.304,139.60,351.00,1,0,0
83439,3.292,99.60,328.00,1,0,0
83441,3.308,61.90,205.00,1,0,0
83444,3.312,61.80,205.00,1,0,0
83446,3.312,62.00,205.00,1,0,1
83449,3.308,62.00,205.00,1,0,1
83451,3.312,62.90,205.00,1,0,1
83454,3.312,62.00,205.00,1,0,1
83456,3.312,71.40,236.00,1,0,0
83469,3.312,62.00,205.00,1,0,1
83471,3.312,62.90,208.00,1,0,1
83474,3.312,61.90,205.00,1,0,1
83476,3.312,74.70,247.00,1,0,0
83479,3.312,61.90,205.00,1,0,0
83481,3.312,61.90,203.00,1,0,0
83484,3.284,133.80,439.00,1,0,0
83486,3.312,63.20,210.00,1,0,1
83489,3.312,62.10,205.00,1,0,1
83491,3.312,62.00,205.00,1,0,1
83493,3.312,61.90,205.00,1,0,1
83496,3.312,62.00,213.00,1,0,0
83498,3.312,62.00,205.00,1,0,0
83501,3.312,62.00,205.00,1,0,0
83514,3.312,62.00,205.00,1,0,1
83516,3.312,63.40,210.00,1,0,0
83518,3.312,62.00,205.00,1,0,0
83521,3.312,61.90,205.00,1,0,0
83523,3.312,61.80,205.00,1,0,0
83526,3.312,61.80,211.00,1,0,1
83528,3.312,62.00,205.00,1,0,1
83531,3.312,66.20,216.00,1,0,1
83533,3.264,72.50,206.00,1,0,1
83536,3.308,70.40,233.00,1,0,0
83538,3.312,81.20,267.00,1,0,0
83541,3.296,101.30,329.00,1,0,0
83543,3.292,62.80,208.00,1,0,0
83546,3.312,62.00,205.00,1,0,1
83558,3.312,61.80,205.00,1,0,0
83561,3.312,61.90,205.00,1,0,0
83563,3.312,61.90,205.00,1,0,0
83566,3.312,62.90,208.00,1,0,1
83568,3.312,62.00,205.00,1,0,1
83571,3.312,62.00,208.00,1,0,1
83573,3.312,61.80,205.00,1,0,1
83576,3.276,141.00,460.00,1,0,0
83578,3.312,62.00,205.00,1,0,0
83581,3.312,62.10,206.00,1,0,0
83583,3.308,62.10,206.00,1,0,0
83586,3.308,62.00,241.00,1,0,1
83588,3.312,61.90,205.00,1,0,1
83590,3.312,62.00,205.00,1,0,1
83603,3.312,65.90,218.00,1,1,0
83606,3.312,65.90,218.00,1,1,0
83608,3.304,98.60,324.00,1,1,0
83611,3.292,98.00,323.00,1,1,0
83613,3.292,100.70,324.00,1,1,0
83615,3.292,98.70,329.00,1,1,0
83618,3.292,101.60,334.00,1,1,0
83620,3.296,101.70,336.00,1,1,0
83623,3.296,101.50,334.00,1,1,0
83625,3.292,101.00,333.00,1,1,0
83628,3.292,100.60,331.00,1,1,0
83630,3.292,98.90,324.00,1,1,0
83633,3.292,102.20,336.00,1,1,0
83645,3.288,91.20,300.00,1,1,0
83648,3.288,91.30,300.00,1,1,0
83650,3.288,91.30,300.00,1,1,0
83653,3.292,93.10,306.00,1,1,0
83655,3.288,115.70,380.00,1,1,0
83658,3.288,98.10,339.00,1,1,0
83660,3.284,101.90,334.00,1,1,0
83663,3.280,103.70,341.00,1,1,0
83665,3.276,103.60,552.00,1,1,0
83668,3.280,91.20,300.00,1,1,0
83670,3.288,91.10,300.00,1,1,0
83673,3.288,91.00,300.00,1,1,0
83675,3.288,91.00,319.00,1,1,0
83688,3.292,98.80,326.00,1,1,0
83690,3.292,98.70,324.00,1,1,0
83693,3.292,96.20,316.00,1,1,0
83695,3.292,90.00,329.00,1,1,0
83698,3.296,99.30,328.00,1,1,0
83700,3.288,103.10,339.00,1,1,0
83703,3.288,98.60,326.00,1,1,0
83705,3.292,98.20,323.00,1,1,0
83708,3.288,98.40,324.00,1,1,0
83710,3.296,98.90,326.00,1,1,0
83713,3.292,100.20,329.00,1,1,0
83715,3.292,101.70,334.00,1,0,1
83718,3.272,107.50,324.00,1,0,1
83730,3.296,99.10,300.00,1,0,1
83733,3.308,62.20,206.00,1,0,1
83735,3.308,62.00,205.00,1,0,1
83738,3.312,62.00,205.00,1,0,1
83740,3.308,62.00,203.00,1,0,1
83743,3.276,118.50,392.00,1,0,0
83745,3.312,62.10,206.00,1,0,0
83748,3.280,127.90,300.00,1,0,0
83750,3.288,102.10,336.00,1,0,0
83752,3.288,103.30,339.00,1,0,1
83755,3.292,100.90,323.00,1,0,1
83757,3.292,102.00,336.00,1,0,1
83760,3.292,98.60,324.00,1,0,1
83773,3.280,99.30,326.00,1,0,1
83775,3.292,98.60,328.00,1,0,1
83778,3.288,99.10,326.00,1,0,1
83780,3.288,101.30,334.00,1,0,1
83782,3.292,111.60,338.00,1,0,0
83785,3.292,102.90,339.00,1,0,0
83787,3.280,122.80,403.00,1,0,0
83790,3.276,99.70,328.00,1,0,0
83792,3.292,111.80,369.00,1,0,1
83795,3.292,97.40,319.00,1,0,1
83797,3.292,91.40,301.00,1,0,1
83800,3.292,100.40,336.00,1,0,1
83802,3.292,113.70,374.00,1,0,0
83815,3.292,99.00,326.00,1,0,1
83817,3.292,99.20,326.00,1,0,1
83820,3.292,98.30,323.00,1,0,1
83822,3.292,103.30,341.00,1,0,0
83825,3.296,99.30,328.00,1,0,0
83827,3.292,99.90,205.00,1,0,0
83830,3.312,61.90,205.00,1,0,0
83832,3.268,97.60,318.00,1,0,1
83835,3.308,62.10,205.00,1,0,1
83837,3.312,61.90,205.00,1,0,1
83840,3.312,61.80,205.00,1,0,1
83842,3.312,63.00,205.00,1,0,0
83845,3.312,61.90,203.00,1,0,0
83847,3.296,102.90,339.00,1,0,0
83860,3.312,62.10,206.00,1,0,1
83862,3.312,70.50,233.00,1,0,0
83865,3.312,62.00,205.00,1,0,0
83867,3.308,61.90,205.00,1,0,0
83870,3.312,61.80,205.00,1,0,0
83872,3.312,61.80,205.00,1,0,1
83875,3.312,61.90,205.00,1,0,1
83877,3.260,94.40,308.00,1,0,1
83880,3.308,62.20,206.00,1,0,1
83882,3.312,74.10,246.00,1,0,0
83884,3.312,61.90,205.00,1,0,0
83887,3.312,61.80,205.00,1,0,0
83889,3.312,61.80,205.00,1,0,0
83892,3.312,70.20,233.00,1,0,1
83905,3.312,61.70,205.00,1,0,0
83907,3.312,61.80,205.00,1,0,0
83909,3.312,61.90,205.00,1,0,0
83912,3.312,62.90,208.00,1,0,1
83914,3.312,62.00,205.00,1,0,1
83917,3.308,62.10,205.00,1,0,1
83919,3.312,61.90,205.00,1,0,1
83922,3.292,160.80,524.00,1,0,0
83924,3.312,62.00,205.00,1,0,0
83927,3.312,61.90,205.00,1,0,0
83929,3.312,62.00,205.00,1,0,0
83932,3.312,61.90,205.00,1,0,1
83934,3.312,61.90,205.00,1,0,1
83937,3.312,61.90,205.00,1,0,1
83949,3.292,100.20,331.00,1,0,0
83952,3.296,98.20,311.00,1,0,1
83954,3.308,62.10,205.00,1,0,1
83957,3.308,63.30,210.00,1,0,1
83959,3.312,62.00,205.00,1,0,1
83962,3.312,62.10,254.00,1,0,0
83964,3.308,62.00,205.00,1,0,0
83967,3.312,62.00,205.00,1,0,0
83969,3.264,119.30,356.00,1,0,0
83972,3.312,63.10,210.00,1,0,1
83974,3.312,62.00,205.00,1,0,1
83977,3.312,62.10,208.00,1,0,1
83979,3.312,62.10,206.00,1,0,1
83981,3.312,62.00,205.00,1,0,0
83994,3.312,65.00,215.00,1,0,1
83997,3.312,62.10,206.00,1,0,1
83999,3.312,62.10,206.00,1,0,1
84002,3.312,62.10,205.00,1,0,0
84004,3.312,61.90,205.00,1,0,0
84006,3.312,62.00,205.00,1,0,0
84009,3.312,62.00,205.00,1,0,0
84011,3.312,62.00,205.00,1,0,1
84014,3.268,143.40,523.00,1,0,1
84016,3.304,62.20,206.00,1,0,1
84019,3.312,62.00,205.00,1,0,1
84021,3.312,62.10,210.00,1,0,0
84024,3.300,61.90,205.00,1,0,0
84026,3.312,62.00,205.00,1,0,0
84039,3.312,62.10,206.00,1,0,1
84041,3.312,62.10,239.00,1,0,0
84044,3.312,62.00,205.00,1,0,0
84046,3.312,62.00,205.00,1,0,0
84049,3.312,62.00,205.00,1,0,0
84051,3.304,99.00,326.00,1,0,1
84054,3.296,97.90,321.00,1,0,1
84056,3.312,62.00,210.00,1,0,1
84059,3.316,132.90,434.00,1,0,1
84061,3.264,66.90,221.00,1,0,0
84064,3.312,62.00,205.00,1,0,0
84066,3.308,61.90,205.00,1,0,0
84069,3.308,61.90,205.00,1,0,0
84071,3.312,62.00,205.00,1,0,1
84084,3.276,119.50,392.00,1,0,0
84086,3.312,62.00,205.00,1,0,0
84089,3.312,61.80,205.00,1,0,0
84091,3.312,61.90,205.00,1,0,1
84094,3.308,62.00,205.00,1,0,1
84096,3.312,64.70,215.00,1,0,1
84099,3.312,62.00,205.00,1,0,1
84101,3.312,62.10,208.00,1,0,0
84103,3.300,61.90,205.00,1,0,0
84106,3.312,61.80,205.00,1,0,0
84108,3.268,112.10,460.00,1,0,0
84111,3.304,61.90,205.00,1,0,1
84113,3.312,62.00,205.00,1,0,1
84116,3.312,62.00,205.00,1,0,1
84129,3.312,61.90,205.00,1,0,0
84131,3.312,88.80,441.00,1,0,1
84133,3.268,62.10,206.00,1,0,1
84136,3.308,62.10,206.00,1,0,1
84138,3.312,61.90,205.00,1,0,1
84141,3.312,62.00,205.00,1,0,0
84143,3.312,61.90,205.00,1,0,0
84146,3.312,61.90,205.00,1,0,0
84148,3.312,62.00,205.00,1,0,0
84151,3.312,61.90,205.00,1,0,1
84153,3.312,106.00,328.00,1,0,1
84156,3.284,98.80,326.00,1,0,1
84158,3.308,62.00,205.00,1,0,1
84161,3.312,62.00,205.00,1,0,0
84173,3.312,62.00,205.00,1,0,1
84176,3.312,61.90,205.00,1,0,1
84178,3.312,62.00,205.00,1,0,1
84181,3.284,146.30,477.00,1,1,0
84183,3.296,66.20,218.00,1,1,0
84186,3.308,65.90,218.00,1,1,0
84188,3.312,65.80,218.00,1,1,0
84191,3.308,70.60,593.00,1,1,0
84193,3.288,91.00,300.00,1,1,0
84196,3.288,91.20,300.00,1,1,0
84198,3.288,91.20,300.00,1,1,0
84201,3.288,96.20,316.00,1,1,0
84203,3.292,99.20,326.00,1,1,0
84205,3.292,90.00,298.00,1,1,0
84218,3.292,98.20,323.00,1,1,0
84221,3.292,98.10,311.00,1,1,0
84223,3.292,99.00,326.00,1,1,0
84226,3.292,98.50,324.00,1,1,0
84228,3.292,98.70,326.00,1,1,0
84230,3.292,99.00,326.00,1,1,0
84233,3.292,101.30,334.00,1,1,0
84235,3.292,100.70,338.00,1,1,0
84238,3.292,98.00,323.00,1,1,0
84240,3.292,101.50,334.00,1,0,1
84243,3.272,99.30,321.00,1,0,1
84245,3.268,141.60,465.00,1,0,0
84248,3.276,111.50,367.00,1,0,0
84260,3.288,93.70,308.00,1,0,1
84263,3.288,100.10,331.00,1,0,1
84265,3.284,98.50,324.00,1,0,0
84268,3.276,99.00,326.00,1,0,0
84270,3.292,92.00,316.00,1,0,0
84273,3.288,98.50,324.00,1,0,0
84275,3.292,99.20,328.00,1,0,1
84278,3.284,102.30,338.00,1,0,1
84280,3.296,101.70,328.00,1,0,1
84283,3.292,99.10,326.00,1,0,1
84285,3.288,101.50,334.00,1,0,1
84288,3.292,110.50,324.00,1,0,0
84290,3.288,102.70,338.00,1,0,0
84303,3.280,100.50,329.00,1,0,1
84305,3.292,99.00,326.00,1,0,0
84308,3.280,103.20,378.00,1,0,0
84310,3.276,68.00,224.00,1,0,0
84313,3.312,62.40,206.00,1,0,0
84315,3.312,62.50,206.00,1,0,1
84318,3.308,62.50,206.00,1,0,1
84320,3.312,62.40,206.00,1,0,1
84323,3.308,62.40,206.00,1,0,1
84325,3.308,62.40,206.00,1,0,1
84328,3.304,66.20,220.00,1,0,0
84330,3.280,122.80,428.00,1,0,0
84333,3.280,62.60,208.00,1,0,0
84335,3.312,62.30,206.00,1,0,0
84348,3.308,62.50,206.00,1,0,0
84350,3.312,62.60,208.00,1,0,0
84353,3.308,62.30,367.00,1,0,0
84355,3.264,62.40,206.00,1,0,0
84358,3.304,93.70,308.00,1,0,1
84360,3.292,102.40,329.00,1,0,1
84362,3.292,62.20,206.00,1,0,1
84365,3.308,62.20,206.00,1,0,1
84367,3.312,69.60,206.00,1,0,0
84370,3.312,61.90,205.00,1,0,0
84372,3.312,61.80,205.00,1,0,0
84375,3.312,61.80,205.00,1,0,0
84377,3.312,147.90,483.00,1,0,1
84380,3.292,62.30,206.00,1,0,1
84392,3.312,61.80,205.00,1,0,0
84395,3.312,61.90,205.00,1,0,0
84397,3.312,62.90,206.00,1,0,1
84400,3.312,62.10,203.00,1,0,1
84402,3.264,139.90,462.00,1,0,1
84405,3.308,62.00,205.00,1,0,1
84407,3.312,69.60,231.00,1,0,0
84410,3.312,61.80,205.00,1,0,0
84412,3.312,62.00,205.00,1,0,0
84415,3.316,62.10,206.00,1,0,0
84417,3.312,72.70,241.00,1,0,1
84420,3.312,62.00,203.00,1,0,1
84422,3.268,91.80,305.00,1,0,1
84425,3.312,61.90,205.00,1,0,1
84437,3.312,61.90,205.00,1,0,1
84440,3.312,61.90,205.00,1,0,1
84442,3.312,61.90,270.00,1,0,1
84445,3.276,126.90,416.00,1,0,1
84447,3.312,66.10,218.00,1,0,0
84450,3.312,62.10,206.00,1,0,0
84452,3.312,61.90,205.00,1,0,0
84455,3.316,61.80,205.00,1,0,0
84457,3.312,61.80,205.00,1,0,1
84459,3.312,75.30,247.00,1,0,1
84462,3.292,98.70,324.00,1,0,1
84464,3.280,98.10,231.00,1,0,1
84467,3.312,75.60,251.00,1,0,0
84469,3.312,61.80,205.00,1,0,0
84482,3.312,62.90,208.00,1,0,1
84484,3.312,62.10,205.00,1,0,1
84487,3.312,69.30,229.00,1,0,0
84489,3.312,144.10,472.00,1,0,0
84492,3.312,61.90,205.00,1,0,0
84494,3.312,62.00,206.00,1,0,0
84497,3.312,63.30,210.00,1,0,1
84499,3.312,62.10,206.00,1,0,1
84502,3.312,62.00,205.00,1,0,1
84504,3.312,61.90,205.00,1,0,1
84507,3.308,61.90,205.00,1,0,0
84509,3.312,61.80,205.00,1,0,0
84512,3.312,62.00,205.00,1,0,0
84514,3.276,119.60,392.00,1,0,0
84527,3.312,62.90,208.00,1,0,0
84529,3.312,62.00,205.00,1,0,0
84532,3.316,62.10,206.00,1,0,0
84534,3.312,61.90,205.00,1,0,0
84537,3.264,142.70,472.00,1,0,1
84539,3.280,62.00,205.00,1,0,1
84542,3.312,62.50,206.00,1,0,1
84544,3.312,62.10,206.00,1,0,1
84547,3.312,62.10,236.00,1,0,0
84549,3.308,62.00,205.00,1,0,0
84552,3.312,61.90,205.00,1,0,0
84554,3.312,61.80,205.00,1,0,0
84556,3.312,61.70,205.00,1,0,1
84559,3.264,138.90,457.00,1,0,1
84572,3.312,61.80,205.00,1,0,0
84574,3.312,61.80,205.00,1,0,0
84577,3.312,62.90,208.00,1,0,1
84579,3.312,62.20,206.00,1,0,1
84581,3.312,62.10,464.00,1,0,1
84584,3.288,72.90,241.00,1,0,1
84586,3.312,62.10,205.00,1,0,0
84589,3.312,61.90,205.00,1,0,0
84591,3.316,62.00,205.00,1,0,0
84594,3.312,62.00,205.00,1,0,0
84596,3.312,62.10,206.00,1,0,1
84599,3.312,62.20,206.00,1,0,1
84601,3.312,62.10,206.00,1,0,1
84604,3.312,61.90,205.00,1,0,1
84616,3.312,62.00,205.00,1,0,1
84619,3.312,61.90,205.00,1,0,1
84621,3.312,61.90,205.00,1,0,1
84624,3.312,62.00,205.00,1,0,1
84626,3.312,62.10,392.00,1,0,0
84629,3.272,107.80,357.00,1,0,0
84631,3.312,62.10,206.00,1,0,0
84634,3.312,62.00,205.00,1,0,0
84636,3.312,61.80,205.00,1,0,1
84639,3.312,61.90,205.00,1,0,1
84641,3.312,62.00,208.00,1,0,1
84644,3.312,62.10,206.00,1,0,1
84646,3.312,62.10,206.00,1,0,0
84649,3.312,62.00,205.00,1,0,0
84661,3.312,62.10,206.00,1,0,1
84664,3.312,62.20,203.00,1,0,1
84666,3.284,103.90,341.00,1,0,0
84669,3.292,97.50,321.00,1,0,0
84671,3.316,61.80,205.00,1,0,0
84674,3.312,140.20,457.00,1,0,0
84676,3.300,62.00,205.00,1,0,1
84679,3.312,62.10,205.00,1,0,1
84681,3.312,62.00,205.00,1,0,1
84683,3.312,62.00,205.00,1,0,1
84686,3.312,61.90,205.00,1,0,0
84688,3.300,61.90,205.00,1,0,0
84691,3.312,61.90,205.00,1,0,0
84693,3.312,61.90,205.00,1,0,0
84706,3.312,62.00,205.00,1,0,0
84708,3.304,61.90,205.00,1,0,0
84711,3.312,64.50,213.00,1,0,0
84713,3.312,61.90,205.00,1,0,0
84716,3.312,61.90,205.00,1,0,1
84718,3.304,62.00,205.00,1,0,1
84721,3.264,112.20,367.00,1,0,1
84723,3.312,62.00,205.00,1,0,1
84726,3.312,62.00,205.00,1,0,0
84728,3.308,61.90,205.00,1,0,0
84731,3.312,61.90,205.00,1,0,0
84733,3.312,61.90,205.00,1,0,0
84736,3.312,61.70,205.00,1,0,1
84738,3.312,61.90,205.00,1,0,1
84751,3.312,61.80,205.00,1,0,0
84753,3.312,61.80,205.00,1,0,0
84756,3.316,61.80,205.00,1,0,1
84758,3.312,61.90,205.00,1,0,1
84761,3.312,62.00,205.00,1,0,1
84763,3.312,62.00,205.00,1,0,1
84766,3.312,62.00,205.00,1,0,1
84768,3.288,115.40,324.00,1,0,0
84771,3.292,98.80,326.00,1,0,0
84773,3.288,94.30,310.00,1,0,0
84776,3.292,62.00,205.00,1,0,0
84778,3.312,72.90,241.00,1,0,1
84780,3.312,62.10,206.00,1,0,1
84783,3.312,62.20,205.00,1,0,1
84796,3.312,61.90,205.00,1,0,0
84798,3.312,62.10,206.00,1,0,1
84801,3.312,61.90,205.00,1,0,1
84803,3.312,62.50,205.00,1,0,1
84805,3.312,61.90,205.00,1,0,1
84808,3.312,71.60,238.00,1,0,0
84810,3.312,61.90,205.00,1,0,0
84813,3.312,61.90,490.00,1,0,0
84815,3.272,62.00,205.00,1,0,0
84818,3.312,61.90,205.00,1,0,1
84820,3.312,62.00,205.00,1,0,1
84823,3.312,63.00,208.00,1,0,1
84825,3.312,62.00,205.00,1,0,1
84828,3.312,61.90,247.00,1,0,0
84840,3.312,61.90,205.00,1,0,1
84843,3.312,63.00,208.00,1,0,1
84845,3.312,62.00,205.00,1,0,1
84848,3.312,62.00,220.00,1,0,0
84850,3.312,61.90,205.00,1,0,0
84853,3.312,61.90,205.00,1,0,0
84855,3.312,61.80,205.00,1,0,0
84858,3.312,120.70,395.00,1,0,1
84860,3.272,62.00,205.00,1,0,1
84863,3.312,62.00,205.00,1,0,1
84865,3.312,61.90,205.00,1,0,1
84868,3.312,62.10,205.00,1,0,0
84870,3.300,101.30,334.00,1,0,0
84873,3.296,101.00,339.00,1,0,0
84885,3.312,62.00,205.00,1,0,1
84888,3.312,67.70,223.00,1,0,0
84890,3.312,61.90,205.00,1,0,0
84893,3.312,61.80,205.00,1,0,0
84895,3.312,61.90,205.00,1,0,0
84898,3.312,61.90,205.00,1,0,1
84900,3.312,62.00,206.00,1,0,1
84903,3.312,140.70,460.00,1,0,1
84905,3.252,71.20,236.00,1,0,1
84907,3.308,62.00,252.00,1,0,0
84910,3.312,61.80,205.00,1,0,0
84912,3.312,61.80,205.00,1,0,0
84915,3.312,61.90,205.00,1,0,0
84917,3.312,61.90,208.00,1,0,1
84934,3.312,62.00,205.00,1,0,0
84937,3.312,61.80,205.00,1,0,1
84939,3.308,61.90,205.00,1,0,1
84942,3.312,61.80,205.00,1,0,1
84944,3.312,61.90,205.00,1,0,1
84947,3.312,61.90,205.00,1,0,0
84949,3.300,61.90,203.00,1,0,0
84952,3.268,141.20,467.00,1,0,0
84954,3.312,61.90,205.00,1,0,0
84956,3.312,61.80,205.00,1,0,1
84959,3.312,61.90,205.00,1,0,1
84961,3.312,62.00,205.00,1,0,1
84964,3.312,61.90,205.00,1,0,1
84966,3.312,62.10,205.00,1,0,0
84979,3.308,62.00,205.00,1,0,1
84981,3.312,62.10,206.00,1,0,1
84984,3.308,62.10,206.00,1,0,1
84986,3.312,62.00,205.00,1,0,0
84989,3.312,61.80,205.00,1,0,0
84991,3.312,61.70,205.00,1,0,0
84994,3.312,61.80,205.00,1,0,0
84996,3.312,122.90,403.00,1,0,1
84999,3.308,62.10,206.00,1,0,1
85001,3.308,62.10,205.00,1,0,1
85004,3.312,61.90,205.00,1,0,1
85006,3.312,61.90,205.00,1,0,0
85009,3.312,73.60,205.00,1,0,0
85011,3.312,61.90,205.00,1,0,0
85024,3.312,63.00,205.00,1,0,1
85026,3.312,61.90,205.00,1,0,0
85029,3.304,66.20,220.00,1,0,0
85031,3.312,62.00,205.00,1,0,0
85034,3.312,62.00,205.00,1,0,0
85036,3.312,61.90,205.00,1,0,1
85039,3.312,62.70,205.00,1,0,1
85041,3.312,61.80,205.00,1,0,1
85044,3.264,143.00,467.00,1,0,1
85046,3.308,62.00,205.00,1,0,1
85049,3.312,62.10,206.00,1,0,0
85051,3.312,62.00,205.00,1,0,0
85053,3.312,61.90,205.00,1,0,0
85056,3.312,61.80,205.00,1,0,0
85069,3.268,99.50,457.00,1,0,0
85071,3.304,61.90,205.00,1,0,0
85074,3.312,61.70,205.00,1,0,0
85076,3.292,98.40,329.00,1,0,0
85078,3.284,91.00,301.00,1,0,1
85081,3.312,62.10,206.00,1,0,1
85083,3.312,63.10,206.00,1,0,1
85086,3.312,61.90,205.00,1,0,1
85088,3.312,77.20,256.00,1,0,0
85091,3.276,137.80,406.00,1,0,0
85093,3.312,61.80,205.00,1,0,0
85096,3.312,61.90,205.00,1,0,0
85098,3.312,63.30,206.00,1,0,1
85101,3.312,63.90,211.00,1,0,1
85113,3.312,109.00,357.00,1,0,0
85116,3.276,63.30,210.00,1,0,0
85118,3.312,63.10,210.00,1,0,1
85121,3.312,62.00,205.00,1,0,1
85123,3.312,61.90,205.00,1,0,1
85126,3.312,62.70,208.00,1,0,1
85128,3.312,61.90,205.00,1,0,0
85131,3.312,62.00,205.00,1,0,0
85133,3.312,62.00,205.00,1,0,0
85136,3.312,61.80,205.00,1,0,0
85138,3.312,129.10,424.00,1,0,1
85141,3.296,62.00,205.00,1,0,1
85143,3.312,62.00,205.00,1,0,1
85146,3.312,62.10,206.00,1,0,1
85158,3.312,61.80,205.00,1,0,1
85161,3.312,140.20,457.00,1,0,1
85163,3.296,96.10,206.00,1,0,1
85166,3.312,62.10,206.00,1,0,1
85168,3.312,74.40,246.00,1,0,0
85171,3.312,61.70,205.00,1,0,0
85173,3.312,61.70,205.00,1,0,0
85175,3.312,61.80,205.00,1,0,0
85178,3.292,101.40,333.00,1,0,1
85180,3.292,100.20,318.00,1,0,1
85183,3.292,87.90,285.00,1,0,1
85185,3.296,62.20,206.00,1,0,1
85188,3.308,62.00,252.00,1,0,0
85190,3.312,61.80,205.00,1,0,0
85203,3.308,61.90,205.00,1,0,1
85205,3.312,61.90,205.00,1,0,1
85208,3.268,146.60,223.00,1,1,0
85210,3.308,66.00,218.00,1,1,0
85213,3.308,66.00,218.00,1,1,0
85215,3.312,66.10,218.00,1,1,0
85218,3.312,66.00,218.00,1,1,0
85220,3.312,97.90,323.00,1,1,0
85223,3.292,91.00,300.00,1,1,0
85225,3.288,91.10,300.00,1,1,0
85228,3.288,92.10,303.00,1,1,0
85230,3.288,91.40,300.00,1,1,0
85233,3.288,91.60,331.00,1,1,0
85235,3.292,99.50,328.00,1,1,0
85248,3.292,99.00,326.00,1,1,0
85250,3.292,99.20,326.00,1,1,0
85253,3.292,98.60,324.00,1,1,0
85255,3.292,99.90,328.00,1,1,0
85258,3.292,101.00,333.00,1,1,0
85260,3.288,102.00,336.00,1,1,0
85263,3.292,98.30,324.00,1,1,0
85265,3.288,98.90,324.00,1,1,0
85268,3.292,99.10,326.00,1,1,0
85270,3.292,104.50,342.00,1,1,0
85273,3.276,147.40,485.00,1,1,0
85275,3.288,91.10,300.00,1,1,0
85277,3.288,98.30,324.00,1,1,0
85290,3.292,101.30,326.00,1,1,0
85293,3.292,103.20,339.00,1,1,0
85295,3.292,101.90,336.00,1,1,0
85298,3.288,101.90,328.00,1,1,0
85300,3.292,97.50,321.00,1,1,0
85303,3.292,99.70,328.00,1,1,0
85305,3.292,98.90,333.00,1,1,0
85307,3.292,98.30,324.00,1,1,0
85310,3.292,98.90,326.00,1,1,0
85312,3.284,99.30,324.00,1,1,0
85315,3.288,99.70,328.00,1,1,0
85317,3.292,99.10,326.00,1,1,0
85320,3.296,101.30,336.00,1,1,0
85333,3.288,90.00,295.00,1,0,0
85335,3.292,100.70,331.00,1,0,0
85337,3.280,100.10,329.00,1,0,1
85340,3.292,98.80,326.00,1,0,1
85342,3.292,98.80,328.00,1,0,1
85345,3.292,99.00,326.00,1,0,1
85347,3.292,125.40,411.00,1,0,0
85350,3.264,108.10,324.00,1,0,0
85352,3.292,98.90,326.00,1,0,0
85355,3.292,98.30,324.00,1,0,0
85357,3.292,98.80,331.00,1,0,1
85360,3.292,103.90,342.00,1,0,1
85362,3.292,98.80,324.00,1,0,1
85375,3.272,98.10,323.00,1,0,0
85377,3.284,98.20,359.00,1,0,1
85380,3.284,96.70,318.00,1,0,1
85382,3.292,100.80,331.00,1,0,1
85385,3.292,98.90,323.00,1,0,1
85387,3.288,91.30,301.00,1,0,0
85390,3.312,61.90,205.00,1,0,0
85392,3.312,61.90,202.00,1,0,0
85395,3.268,94.00,310.00,1,0,0
85397,3.296,62.00,205.00,1,0,1
85400,3.308,62.00,205.00,1,0,1
85402,3.312,61.90,205.00,1,0,1
85405,3.308,61.90,205.00,1,0,1
85407,3.312,62.00,205.00,1,0,0
85420,3.312,61.90,205.00,1,0,1
85422,3.312,61.90,208.00,1,0,1
85425,3.312,62.00,205.00,1,0,1
85427,3.312,62.00,205.00,1,0,0
85430,3.312,61.90,205.00,1,0,0
85432,3.312,61.90,205.00,1,0,0
85434,3.312,61.80,205.00,1,0,0
85437,3.308,61.80,202.00,1,0,1
85439,3.260,139.90,462.00,1,0,1
85442,3.312,62.00,205.00,1,0,1
85444,3.308,62.00,205.00,1,0,1
85447,3.308,62.10,205.00,1,0,0
85449,3.308,62.00,205.00,1,0,0
85452,3.312,61.90,205.00,1,0,0
85464,3.268,71.40,236.00,1,0,1
85467,3.312,62.10,205.00,1,0,0
85469,3.304,61.70,205.00,1,0,0
85472,3.312,61.80,205.00,1,0,0
85474,3.312,61.90,205.00,1,0,0
85477,3.312,61.90,205.00,1,0,1
85479,3.312,62.00,205.00,1,0,1
85482,3.308,61.90,205.00,1,0,1
85484,3.312,98.90,326.00,1,0,1
85487,3.292,105.50,347.00,1,0,0
85489,3.284,63.10,205.00,1,0,0
85492,3.312,62.00,205.00,1,0,0
85494,3.312,62.00,205.00,1,0,0
85497,3.312,61.90,205.00,1,0,1
85509,3.308,61.90,205.00,1,0,0
85512,3.268,125.70,352.00,1,0,0
85514,3.308,62.10,206.00,1,0,0
85517,3.312,62.00,205.00,1,0,1
85519,3.308,62.00,205.00,1,0,1
85522,3.312,62.00,205.00,1,0,1
85524,3.308,62.10,206.00,1,0,1
85527,3.312,62.00,205.00,1,0,0
85529,3.308,61.90,205.00,1,0,0
85531,3.308,140.20,457.00,1,0,0
85534,3.292,62.10,205.00,1,0,0
85536,3.308,61.90,205.00,1,0,1
85539,3.308,62.00,205.00,1,0,1
85541,3.312,62.00,205.00,1,0,1
85554,3.312,61.90,205.00,1,0,0
85557,3.268,133.30,549.00,1,0,1
85559,3.292,62.10,206.00,1,0,1
85561,3.308,62.10,205.00,1,0,1
85564,3.308,62.00,205.00,1,0,1
85566,3.308,62.10,206.00,1,0,0
85569,3.300,61.90,205.00,1,0,0
85571,3.312,61.90,205.00,1,0,0
85574,3.312,61.90,205.00,1,0,0
85576,3.312,93.00,305.00,1,0,1
85579,3.264,110.50,206.00,1,0,1
85581,3.312,62.10,205.00,1,0,1
85584,3.308,62.00,205.00,1,0,1
85586,3.312,62.00,324.00,1,0,0
85599,3.308,62.10,203.00,1,0,1
85601,3.268,140.10,459.00,1,0,1
85604,3.280,62.10,206.00,1,0,1
85606,3.312,62.10,206.00,1,0,0
85609,3.312,74.70,205.00,1,0,0
85611,3.312,61.90,205.00,1,0,0
85614,3.312,61.90,205.00,1,0,0
85616,3.312,62.00,205.00,1,0,1
85619,3.312,62.10,206.00,1,0,1
85621,3.312,140.80,460.00,1,0,1
85624,3.264,110.80,205.00,1,0,1
85626,3.308,62.00,205.00,1,0,1
85629,3.308,73.40,242.00,1,0,0
85631,3.308,62.00,205.00,1,0,0
85644,3.268,132.90,331.00,1,0,1
85646,3.284,62.10,206.00,1,0,1
85649,3.304,65.10,216.00,1,0,0
85651,3.312,62.00,205.00,1,0,0
85654,3.312,61.90,205.00,1,0,0
85656,3.312,61.90,205.00,1,0,0
85658,3.308,62.70,208.00,1,0,1
85661,3.312,62.00,205.00,1,0,1
85663,3.312,62.00,205.00,1,0,1
85666,3.312,62.00,205.00,1,0,1
85668,3.280,120.90,356.00,1,0,0
85671,3.312,62.00,205.00,1,0,0
85673,3.312,61.90,205.00,1,0,0
85676,3.312,61.80,205.00,1,0,0
85688,3.312,70.70,374.00,1,0,0
85691,3.284,102.70,339.00,1,0,0
85693,3.292,62.00,205.00,1,0,0
85696,3.308,61.90,205.00,1,0,0
85698,3.312,62.10,206.00,1,0,1
85701,3.308,62.10,205.00,1,0,1
85703,3.312,63.20,205.00,1,0,1
85706,3.312,62.10,206.00,1,0,1
85708,3.312,76.80,254.00,1,0,0
85711,3.312,61.90,203.00,1,0,0
85713,3.276,135.10,205.00,1,0,0
85716,3.308,62.10,206.00,1,0,0
85718,3.312,63.20,210.00,1,0,1
85721,3.312,62.00,205.00,1,0,1
85733,3.312,62.00,205.00,1,0,0
85736,3.312,142.40,470.00,1,0,0
85738,3.308,72.70,241.00,1,0,1
85741,3.308,62.00,205.00,1,0,1
85743,3.308,62.00,205.00,1,0,1
85746,3.312,61.90,205.00,1,0,1
85748,3.312,62.00,206.00,1,0,0
85751,3.312,62.00,205.00,1,0,0
85753,3.312,61.90,205.00,1,0,0
85755,3.312,61.90,437.00,1,0,0
85758,3.264,139.30,205.00,1,0,1
85760,3.308,62.00,205.00,1,0,1
85763,3.308,62.00,205.00,1,0,1
85765,3.308,62.20,206.00,1,0,1
85778,3.312,61.90,205.00,1,0,1
85780,3.308,105.70,344.00,1,0,1
85783,3.284,63.40,210.00,1,0,1
85785,3.308,62.10,205.00,1,0,1
85788,3.312,74.60,247.00,1,0,0
85790,3.312,61.80,205.00,1,0,0
85793,3.292,101.20,328.00,1,0,0
85795,3.292,87.40,290.00,1,0,0
85798,3.312,64.30,213.00,1,0,1
85800,3.312,62.10,459.00,1,0,1
85803,3.260,74.40,246.00,1,0,1
85805,3.312,61.90,205.00,1,0,1
85808,3.312,61.90,247.00,1,0,0
85810,3.312,61.80,205.00,1,0,0
85823,3.268,118.90,347.00,1,0,1
85825,3.312,61.90,205.00,1,0,1
85828,3.308,61.90,205.00,1,0,0
85830,3.312,62.00,205.00,1,0,0
85833,3.312,62.10,206.00,1,0,0
85835,3.312,62.00,205.00,1,0,0
85838,3.312,64.70,205.00,1,0,1
85840,3.312,61.80,205.00,1,0,1
85843,3.312,62.70,205.00,1,0,1
85845,3.248,124.80,206.00,1,0,1
85848,3.312,63.90,211.00,1,0,0
85850,3.312,62.00,205.00,1,0,0
85852,3.312,61.90,205.00,1,0,0
85855,3.312,61.70,205.00,1,0,0
85868,3.268,69.10,252.00,1,1,0
85870,3.308,65.80,218.00,1,1,0
85873,3.312,65.70,218.00,1,1,0
85875,3.308,65.70,218.00,1,1,0
85877,3.308,100.40,331.00,1,1,0
85880,3.296,100.80,333.00,1,1,0
85882,3.296,99.30,329.00,1,1,0
85885,3.292,98.70,324.00,1,1,0
85887,3.292,98.60,324.00,1,1,0
85890,3.292,98.70,324.00,1,1,0
85892,3.292,101.90,336.00,1,1,0
85895,3.292,99.20,326.00,1,1,0
85897,3.296,102.80,315.00,1,1,0
85910,3.288,98.90,328.00,1,1,0
85912,3.280,102.00,336.00,1,1,0
85915,3.292,101.50,334.00,1,1,0
85917,3.292,102.00,326.00,1,1,0
85920,3.292,102.90,339.00,1,1,0
85922,3.296,102.10,334.00,1,1,0
85925,3.284,100.00,329.00,1,1,0
85927,3.292,99.60,400.00,1,0,1
85930,3.284,145.20,474.00,1,0,1
85932,3.288,99.00,326.00,1,0,0
85935,3.276,98.10,333.00,1,0,0
85937,3.292,101.50,334.00,1,0,0
85940,3.288,98.10,323.00,1,0,0
85952,3.288,103.90,341.00,1,0,0
85955,3.280,150.50,392.00,1,0,0
85957,3.280,99.50,328.00,1,0,0
85960,3.292,143.40,472.00,1,0,0
85962,3.292,98.60,329.00,1,0,1
85965,3.292,86.90,288.00,1,0,1
85967,3.312,62.10,206.00,1,0,1
85970,3.312,61.90,205.00,1,0,1
85972,3.312,61.90,205.00,1,0,0
85975,3.312,61.70,205.00,1,0,0
85977,3.312,142.40,415.00,1,0,0
85980,3.292,62.00,205.00,1,0,0
85982,3.312,62.00,205.00,1,0,1
85995,3.304,61.90,205.00,1,0,0
85997,3.312,62.00,205.00,1,0,0
86000,3.304,146.70,308.00,1,0,0
86002,3.288,102.00,336.00,1,0,1
86005,3.292,100.20,331.00,1,0,1
86007,3.292,99.00,331.00,1,0,1
86010,3.292,102.20,336.00,1,0,1
86012,3.292,99.30,328.00,1,0,0
86014,3.276,101.80,326.00,1,0,0
86017,3.292,98.00,323.00,1,0,0
86019,3.292,101.40,333.00,1,0,0
86022,3.292,98.80,326.00,1,0,1
86024,3.292,102.30,336.00,1,0,1
86037,3.292,98.30,324.00,1,0,0
86040,3.292,98.50,324.00,1,0,0
86042,3.292,100.00,328.00,1,0,1
86044,3.284,99.50,326.00,1,0,1
86047,3.280,101.80,336.00,1,0,1
86049,3.292,90.30,297.00,1,0,1
86052,3.276,101.60,334.00,1,0,0
86054,3.284,99.70,328.00,1,0,0
86057,3.292,61.90,205.00,1,0,0
86059,3.312,61.90,205.00,1,0,0
86062,3.312,61.90,205.00,1,0,1
86064,3.276,123.30,405.00,1,0,1
86067,3.280,62.20,205.00,1,0,1
86079,3.312,61.90,205.00,1,0,0
86082,3.312,62.00,205.00,1,0,1
86084,3.312,61.90,202.00,1,0,1
86087,3.280,111.90,205.00,1,0,1
86089,3.308,61.80,205.00,1,0,1
86092,3.312,61.90,205.00,1,0,0
86094,3.304,61.90,205.00,1,0,0
86097,3.312,62.00,205.00,1,0,0
86099,3.312,98.20,323.00,1,0,0
86102,3.280,98.30,319.00,1,0,1
86104,3.280,74.90,203.00,1,0,1
86107,3.268,97.70,323.00,1,0,1
86109,3.312,62.00,205.00,1,0,1
86112,3.308,62.10,206.00,1,0,0
86124,3.308,62.00,205.00,1,0,1
86127,3.312,62.00,205.00,1,0,1
86129,3.284,123.50,405.00,1,0,1
86132,3.280,62.20,205.00,1,0,0
86134,3.308,61.90,205.00,1,0,0
86137,3.312,61.80,205.00,1,0,0
86139,3.312,61.80,205.00,1,0,0
86142,3.312,61.90,205.00,1,0,1
86144,3.308,62.10,205.00,1,0,1
86146,3.308,62.10,206.00,1,0,1
86149,3.312,63.00,208.00,1,0,1
86151,3.312,130.50,426.00,1,0,0
86154,3.264,70.70,234.00,1,0,0
86156,3.312,61.90,205.00,1,0,0
86169,3.308,61.90,205.00,1,0,1
86171,3.312,62.00,205.00,1,0,0
86174,3.260,142.80,470.00,1,0,0
86176,3.288,70.80,206.00,1,0,0
86179,3.312,62.10,206.00,1,0,0
86181,3.312,62.00,205.00,1,0,1
86184,3.312,62.00,205.00,1,0,1
86186,3.312,61.90,205.00,1,0,1
86189,3.312,62.00,205.00,1,0,1
86191,3.312,61.90,205.00,1,0,0
86194,3.312,122.20,400.00,1,0,0
86196,3.308,62.10,206.00,1,0,0
86199,3.312,62.00,205.00,1,0,0
86201,3.312,98.60,324.00,1,0,1
86214,3.308,77.30,205.00,1,0,0
86216,3.312,141.80,465.00,1,0,0
86219,3.308,61.80,205.00,1,0,0
86221,3.312,61.80,205.00,1,0,1
86224,3.312,62.10,206.00,1,0,1
86226,3.312,62.00,205.00,1,0,1
86229,3.312,63.20,205.00,1,0,1
86231,3.312,62.00,205.00,1,0,1
86234,3.304,69.90,231.00,1,0,0
86236,3.312,61.80,205.00,1,0,0
86239,3.312,134.80,441.00,1,0,0
86241,3.268,108.60,360.00,1,0,0
86243,3.312,63.20,206.00,1,0,1
86246,3.312,64.20,213.00,1,0,1
86259,3.312,61.80,205.00,1,0,0
86261,3.312,98.00,319.00,1,0,0
86264,3.252,72.60,241.00,1,0,1
86266,3.312,62.10,205.00,1,0,1
86268,3.308,61.80,205.00,1,0,1
86271,3.312,62.00,205.00,1,0,1
86273,3.312,65.80,205.00,1,0,0
86276,3.312,61.90,205.00,1,0,0
86278,3.312,61.90,205.00,1,0,0
86281,3.312,61.90,205.00,1,0,0
86283,3.312,62.00,205.00,1,0,1
86286,3.292,122.50,401.00,1,0,1
86288,3.280,63.30,205.00,1,0,1
86291,3.312,61.90,205.00,1,0,1
86303,3.312,98.50,324.00,1,0,1
86306,3.292,101.30,334.00,1,0,1
86308,3.292,87.70,205.00,1,0,1
86311,3.312,141.40,464.00,1,0,1
86313,3.280,76.00,252.00,1,0,0
86316,3.312,61.90,205.00,1,0,0
86318,3.312,61.80,205.00,1,0,0
86321,3.312,61.80,205.00,1,0,0
86323,3.312,62.70,208.00,1,0,1
86326,3.312,61.90,205.00,1,0,1
86328,3.312,61.90,205.00,1,0,1
86331,3.312,61.90,205.00,1,0,1
86333,3.280,93.90,406.00,1,0,0
86336,3.292,61.90,205.00,1,0,0
86348,3.312,62.00,205.00,1,0,1
86351,3.308,62.00,205.00,1,0,1
86353,3.308,63.00,457.00,1,0,0
86356,3.268,61.90,205.00,1,0,0
86358,3.312,61.90,205.00,1,0,0
86361,3.312,61.80,205.00,1,0,0
86363,3.312,61.80,205.00,1,0,1
86366,3.312,62.00,205.00,1,0,1
86368,3.312,62.60,208.00,1,0,1
86370,3.312,61.90,205.00,1,0,1
86373,3.312,71.20,236.00,1,0,0
86375,3.312,61.80,203.00,1,0,0
86378,3.276,140.10,205.00,1,0,0
86380,3.312,61.90,205.00,1,0,0
86393,3.312,72.70,241.00,1,0,0
86395,3.312,61.80,205.00,1,0,0
86398,3.312,61.90,205.00,1,0,0
86400,3.308,143.00,469.00,1,0,0
86403,3.308,68.30,226.00,1,0,1
86405,3.308,62.00,324.00,1,0,1
86408,3.292,100.10,329.00,1,0,1
86410,3.288,62.00,205.00,1,0,1
86413,3.312,62.00,234.00,1,0,0
86415,3.312,62.00,205.00,1,0,0
86418,3.312,61.90,205.00,1,0,0
86420,3.312,62.00,205.00,1,0,0
86423,3.312,61.90,351.00,1,0,1
86425,3.276,109.90,364.00,1,0,1
86438,3.312,61.90,205.00,1,0,0
86440,3.312,61.90,205.00,1,0,0
86443,3.312,61.80,334.00,1,0,1
86445,3.284,106.90,354.00,1,0,1
86448,3.308,62.10,205.00,1,0,1
86450,3.312,62.10,206.00,1,0,1
86453,3.312,67.50,223.00,1,0,0
86455,3.312,62.00,205.00,1,0,0
86458,3.312,61.90,205.00,1,0,0
86460,3.312,61.80,205.00,1,0,0
86463,3.308,61.90,205.00,1,0,1
86465,3.308,62.10,206.00,1,0,1
86467,3.308,74.80,244.00,1,0,1
86470,3.272,143.00,470.00,1,0,1
86483,3.308,62.90,208.00,1,0,1
86485,3.308,62.00,205.00,1,0,1
86488,3.312,62.00,208.00,1,0,1
86490,3.312,140.30,459.00,1,0,1
86492,3.296,99.70,329.00,1,0,0
86495,3.312,62.00,205.00,1,0,0
86497,3.312,62.00,205.00,1,0,0
86500,3.312,62.10,205.00,1,0,0
86502,3.312,61.90,208.00,1,0,1
86505,3.308,62.00,205.00,1,0,1
86507,3.308,61.80,203.00,1,0,1
86510,3.292,96.90,326.00,1,0,1
86512,3.292,91.10,300.00,1,0,0
86515,3.268,119.80,392.00,1,0,0
86527,3.312,62.00,205.00,1,0,1
86530,3.308,62.00,205.00,1,0,1
86532,3.312,62.20,211.00,1,0,0
86535,3.304,61.90,205.00,1,0,0
86537,3.268,143.80,469.00,1,0,0
86540,3.304,61.80,205.00,1,0,0
86542,3.312,61.80,205.00,1,0,1
86545,3.312,61.90,205.00,1,0,1
86547,3.312,62.10,208.00,1,0,1
86550,3.312,62.10,206.00,1,0,1
86552,3.312,62.00,205.00,1,0,0
86555,3.312,64.50,205.00,1,0,0
86557,3.312,61.70,203.00,1,0,0
86560,3.252,118.90,390.00,1,0,0
86572,3.312,61.90,205.00,1,0,0
86575,3.312,61.70,205.00,1,0,0
86577,3.312,61.80,205.00,1,0,0
86580,3.312,62.00,205.00,1,0,0
86582,3.272,144.30,474.00,1,0,1
86585,3.308,62.20,205.00,1,0,1
86587,3.308,62.10,206.00,1,0,1
86589,3.312,61.80,205.00,1,0,1
86592,3.308,61.90,205.00,1,0,0
86594,3.304,61.90,205.00,1,0,0
86597,3.312,62.00,205.00,1,0,0
86599,3.308,62.10,205.00,1,0,0
86602,3.312,122.10,400.00,1,0,1
86604,3.284,62.00,205.00,1,0,1
86617,3.312,62.10,206.00,1,0,0
86619,3.308,62.10,205.00,1,0,0
86622,3.312,61.90,205.00,1,0,1
86624,3.308,117.90,385.00,1,0,1
86627,3.276,63.80,211.00,1,0,1
86629,3.308,62.20,206.00,1,0,1
86632,3.312,62.20,206.00,1,0,0
86634,3.308,62.10,205.00,1,0,0
86637,3.308,61.90,205.00,1,0,0
86639,3.312,61.90,205.00,1,0,0
86642,3.312,61.80,205.00,1,0,1
86644,3.304,62.00,205.00,1,0,1
86647,3.308,142.60,465.00,1,0,1
86649,3.264,66.70,221.00,1,0,1
86662,3.308,62.30,206.00,1,0,1
86664,3.308,62.20,206.00,1,0,1
86667,3.308,140.50,459.00,1,0,1
86669,3.292,89.80,298.00,1,0,1
86672,3.308,62.00,205.00,1,0,0
86674,3.308,61.90,205.00,1,0,0
86677,3.312,61.90,205.00,1,0,0
86679,3.312,62.10,205.00,1,0,0
86682,3.308,62.10,206.00,1,0,1
86684,3.312,62.20,206.00,1,0,1
86687,3.312,61.90,205.00,1,0,1
86689,3.308,61.90,205.00,1,0,1
86691,3.312,78.20,256.00,1,0,0
86694,3.272,128.20,424.00,1,0,0
86707,3.312,62.00,205.00,1,0,1
86709,3.308,61.90,205.00,1,0,1
86712,3.312,62.20,206.00,1,0,0
86714,3.276,96.90,318.00,1,0,0
86716,3.288,99.30,316.00,1,0,0
86719,3.288,61.80,205.00,1,0,0
86721,3.312,61.70,205.00,1,0,1
86724,3.308,61.80,205.00,1,0,1
86726,3.308,62.00,205.00,1,0,1
86729,3.308,62.00,205.00,1,0,1
86731,3.308,62.10,205.00,1,0,0
86734,3.308,74.80,205.00,1,0,0
86736,3.312,61.70,205.00,1,0,0
86739,3.296,116.90,382.00,1,0,0
86751,3.308,61.80,205.00,1,0,0
86754,3.308,73.50,205.00,1,0,0
86756,3.312,61.70,205.00,1,0,0
86759,3.312,62.20,206.00,1,0,0
86761,3.312,61.90,202.00,1,0,1
86764,3.268,169.30,559.00,1,0,1
86766,3.312,62.10,206.00,1,0,1
86769,3.308,61.90,205.00,1,0,1
86771,3.312,61.80,205.00,1,0,0
86774,3.304,65.70,218.00,1,0,0
86776,3.312,61.80,205.00,1,0,0
86779,3.312,61.90,205.00,1,0,0
86781,3.312,62.00,205.00,1,0,0
86784,3.312,62.70,205.00,1,0,1
86796,3.312,62.00,205.00,1,0,0
86799,3.312,62.00,205.00,1,0,0
86801,3.312,61.80,205.00,1,0,0
86804,3.312,61.80,205.00,1,0,1
86806,3.312,61.70,202.00,1,0,1
86809,3.264,69.70,231.00,1,0,1
86811,3.308,62.00,205.00,1,0,1
86813,3.312,70.80,205.00,1,0,0
86816,3.312,93.30,306.00,1,0,0
86818,3.292,99.00,326.00,1,0,0
86821,3.288,92.70,301.00,1,0,0
86823,3.308,62.00,205.00,1,0,1
86826,3.312,62.10,206.00,1,0,1
86828,3.312,63.70,470.00,1,0,1
86841,3.312,61.90,205.00,1,0,0
86843,3.312,62.80,206.00,1,0,1
86846,3.312,62.20,206.00,1,0,1
86848,3.308,62.90,208.00,1,0,1
86851,3.288,122.80,454.00,1,0,1
86853,3.280,67.00,221.00,1,0,0
86856,3.312,61.90,205.00,1,0,0
86858,3.312,61.90,205.00,1,0,0
86861,3.312,62.10,205.00,1,0,0
86863,3.312,62.90,208.00,1,0,1
86866,3.308,62.10,208.00,1,0,1
86868,3.312,62.00,205.00,1,0,1
86871,3.312,61.90,205.00,1,0,1
86873,3.312,61.90,205.00,1,0,0
86886,3.312,62.00,205.00,1,0,1
86888,3.312,62.00,205.00,1,0,1
86891,3.312,62.00,205.00,1,0,1
86893,3.312,66.90,221.00,1,0,0
86896,3.312,62.00,206.00,1,0,0
86898,3.312,62.00,203.00,1,0,0
86901,3.292,168.40,555.00,1,0,0
86903,3.312,61.80,205.00,1,0,1
86906,3.308,62.00,205.00,1,0,1
86908,3.312,63.00,208.00,1,0,1
86910,3.312,62.00,205.00,1,0,1
86913,3.308,74.70,247.00,1,0,0
86915,3.312,62.00,205.00,1,0,0
86918,3.312,90.50,326.00,1,0,0
86935,3.312,61.80,205.00,1,0,0
86938,3.312,61.80,205.00,1,0,0
86940,3.312,61.90,205.00,1,0,0
86943,3.312,72.00,239.00,1,0,1
86945,3.280,123.20,405.00,1,0,1
86948,3.308,62.20,205.00,1,0,1
86950,3.308,62.10,205.00,1,0,1
86953,3.308,61.90,205.00,1,0,0
86955,3.312,61.90,205.00,1,0,0
86957,3.312,61.80,205.00,1,0,0
86960,3.312,62.00,205.00,1,0,0
86962,3.312,62.00,205.00,1,0,1
86965,3.308,62.00,205.00,1,0,1
86967,3.308,145.60,478.00,1,0,1
86980,3.312,62.00,205.00,1,0,0
86982,3.312,61.90,205.00,1,0,1
86985,3.308,62.00,205.00,1,0,1
86987,3.308,62.80,208.00,1,0,1
86990,3.312,62.00,205.00,1,0,1
86992,3.288,122.40,480.00,1,0,0
86995,3.280,62.00,205.00,1,0,0
86997,3.308,62.00,205.00,1,0,0
87000,3.312,62.00,205.00,1,0,0
87002,3.312,61.80,203.00,1,0,1
87005,3.304,62.00,205.00,1,0,1
87007,3.308,62.00,205.00,1,0,1
87010,3.312,61.90,205.00,1,0,1
87012,3.312,62.00,205.00,1,0,0
87025,3.292,91.10,300.00,1,0,1
87027,3.312,62.00,205.00,1,0,1
87030,3.308,61.90,205.00,1,0,1
87032,3.312,62.00,205.00,1,0,0
87035,3.312,61.80,205.00,1,0,0
87037,3.312,141.70,464.00,1,0,0
87040,3.280,61.80,205.00,1,0,0
87042,3.312,61.80,205.00,1,0,1
87045,3.312,61.90,205.00,1,0,1
87047,3.308,62.00,205.00,1,0,1
87050,3.312,61.90,205.00,1,0,1
87052,3.312,61.80,205.00,1,0,0
87054,3.300,61.80,205.00,1,0,0
87057,3.312,126.80,415.00,1,0,0
87070,3.312,61.90,205.00,1,0,1
87072,3.312,61.90,205.00,1,0,0
87075,3.308,61.80,205.00,1,0,0
87077,3.312,140.50,459.00,1,0,0
87079,3.268,71.60,238.00,1,0,0
87082,3.312,61.90,205.00,1,0,1
87084,3.308,61.90,205.00,1,0,1
87087,3.312,61.90,205.00,1,0,1
87089,3.312,61.90,205.00,1,0,1
87092,3.312,61.90,205.00,1,0,0
87094,3.312,61.80,205.00,1,0,0
87097,3.312,61.80,205.00,1,0,0
87099,3.312,61.80,205.00,1,0,0
87102,3.312,140.20,457.00,1,0,1
87114,3.308,61.80,205.00,1,0,0
87117,3.312,61.80,205.00,1,0,0
87119,3.312,61.80,205.00,1,0,0
87122,3.312,64.30,211.00,1,0,1
87124,3.288,98.50,324.00,1,0,1
87127,3.292,93.20,306.00,1,0,1
87129,3.292,61.90,205.00,1,0,1
87132,3.312,61.90,205.00,1,0,0
87134,3.300,67.20,205.00,1,0,0
87137,3.312,61.80,205.00,1,0,0
87139,3.312,61.80,205.00,1,0,0
87142,3.312,61.80,205.00,1,0,1
87144,3.312,61.90,205.00,1,0,1
87147,3.312,61.80,205.00,1,0,1
87159,3.312,61.70,205.00,1,0,0
87162,3.312,61.80,205.00,1,0,1
87164,3.312,61.90,205.00,1,0,1
87167,3.312,62.00,205.00,1,0,1
87169,3.312,62.80,208.00,1,0,1
87172,3.276,142.30,369.00,1,0,0
87174,3.308,61.80,205.00,1,0,0
87176,3.312,61.70,205.00,1,0,0
87179,3.312,61.80,205.00,1,0,0
87181,3.312,61.80,205.00,1,0,1
87184,3.304,62.00,205.00,1,0,1
87186,3.312,61.90,205.00,1,0,1
87189,3.312,61.80,205.00,1,0,1
87191,3.312,90.70,297.00,1,0,0
87204,3.312,61.90,205.00,1,0,1
87206,3.312,61.90,205.00,1,0,1
87209,3.312,61.80,205.00,1,0,1
87211,3.312,61.80,205.00,1,0,0
87214,3.260,113.50,370.00,1,0,0
87216,3.312,62.00,205.00,1,0,0
87219,3.312,61.80,205.00,1,0,0
87221,3.312,61.80,205.00,1,0,1
87224,3.312,62.90,203.00,1,0,1
87226,3.280,95.00,313.00,1,0,1
87229,3.288,96.00,316.00,1,0,1
87231,3.288,62.40,206.00,1,0,0
87234,3.312,62.10,206.00,1,0,0
87236,3.312,98.60,323.00,1,0,0
87249,3.312,62.10,205.00,1,0,1
87251,3.312,62.10,205.00,1,0,0
87254,3.308,61.80,205.00,1,0,0
87256,3.312,61.70,205.00,1,0,0
87259,3.272,136.30,478.00,1,0,0
87261,3.288,61.90,205.00,1,0,1
87264,3.312,62.00,205.00,1,0,1
87266,3.308,62.20,206.00,1,0,1
87269,3.308,63.10,205.00,1,0,1
87271,3.308,64.80,215.00,1,0,1
87274,3.312,75.20,249.00,1,0,0
87276,3.312,61.80,205.00,1,0,0
87278,3.312,61.90,205.00,1,0,0
87281,3.308,140.20,457.00,1,0,0
87294,3.308,67.10,223.00,1,0,0
87296,3.312,61.90,205.00,1,0,0
87299,3.312,62.00,205.00,1,0,0
87301,3.312,61.90,205.00,1,0,0
87303,3.312,71.60,205.00,1,0,1
87306,3.308,122.30,400.00,1,0,1
87308,3.308,61.90,205.00,1,0,1
87311,3.308,61.90,205.00,1,0,1
87313,3.312,62.00,205.00,1,0,0
87316,3.312,62.10,206.00,1,0,0
87318,3.312,61.90,205.00,1,0,0
87321,3.312,61.90,205.00,1,0,0
87323,3.312,61.80,205.00,1,0,1
87326,3.312,61.90,205.00,1,0,1
87338,3.312,61.80,205.00,1,0,0
87341,3.312,61.80,205.00,1,0,0
87343,3.312,61.90,205.00,1,0,1
87346,3.308,62.10,206.00,1,0,1
87348,3.312,62.90,203.00,1,0,1
87351,3.268,99.20,326.00,1,0,1
87353,3.312,75.10,249.00,1,0,0
87356,3.312,61.80,205.00,1,0,0
87358,3.312,61.80,205.00,1,0,0
87361,3.312,61.90,205.00,1,0,0
87363,3.312,64.00,206.00,1,0,1
87366,3.312,62.20,206.00,1,0,1
87368,3.312,62.80,208.00,1,0,1
87371,3.312,62.00,205.00,1,0,1
87383,3.312,63.20,210.00,1,0,1
87386,3.312,62.10,205.00,1,0,1
87388,3.312,61.90,205.00,1,0,1
87391,3.312,61.90,205.00,1,0,1
87393,3.308,61.90,208.00,1,0,0
87396,3.312,62.00,205.00,1,0,0
87398,3.312,140.50,459.00,1,0,0
87400,3.292,92.60,205.00,1,0,0
87403,3.312,62.30,206.00,1,0,1
87405,3.308,61.90,205.00,1,0,1
87408,3.312,61.80,205.00,1,0,1
87410,3.308,61.90,205.00,1,0,1
87413,3.312,63.30,210.00,1,0,0
87415,3.308,62.10,206.00,1,0,0
87428,3.312,63.20,210.00,1,0,1
87430,3.296,101.00,324.00,1,0,1
87433,3.288,110.30,362.00,1,0,0
87435,3.312,62.00,205.00,1,0,0
87438,3.312,61.80,205.00,1,0,0
87440,3.312,61.70,205.00,1,0,0
87443,3.272,111.70,364.00,1,0,1
87445,3.284,62.10,206.00,1,0,1
87448,3.312,63.30,210.00,1,0,1
87450,3.312,62.10,206.00,1,0,1
87453,3.312,61.90,247.00,1,0,0
87455,3.312,61.70,205.00,1,0,0
87458,3.312,61.70,205.00,1,0,0
87460,3.316,61.80,205.00,1,0,0
87473,3.312,61.80,205.00,1,0,0
87475,3.312,61.70,213.00,1,0,0
87478,3.316,62.00,205.00,1,0,0
87480,3.312,61.90,205.00,1,0,0
87483,3.312,62.10,239.00,1,0,1
87485,3.312,61.90,205.00,1,0,1
87488,3.312,142.10,464.00,1,0,1
87490,3.292,61.90,205.00,1,0,1
87493,3.312,62.40,206.00,1,0,0
87495,3.312,62.00,205.00,1,0,0
87497,3.312,62.00,205.00,1,0,0
87500,3.312,62.00,205.00,1,0,0
87502,3.312,61.80,205.00,1,0,1
87505,3.312,61.90,205.00,1,0,1
87518,3.312,61.90,205.00,1,0,0
87520,3.312,61.70,205.00,1,0,0
87523,3.312,61.70,205.00,1,0,1
87525,3.312,61.70,205.00,1,0,1
87527,3.312,62.00,208.00,1,0,1
87530,3.312,62.10,206.00,1,0,1
87532,3.268,113.10,372.00,1,0,0
87535,3.288,101.70,326.00,1,0,0
87537,3.288,61.90,205.00,1,0,0
87540,3.312,61.80,205.00,1,0,0
87542,3.312,61.90,216.00,1,0,1
87545,3.308,62.10,206.00,1,0,1
87547,3.308,62.10,206.00,1,0,1
87550,3.312,62.10,205.00,1,0,1
87562,3.312,61.90,210.00,1,0,1
87565,3.308,62.10,206.00,1,0,1
87567,3.312,62.00,205.00,1,0,1
87570,3.312,61.90,205.00,1,0,1
87572,3.312,61.90,205.00,1,0,0
87575,3.312,129.50,424.00,1,0,0
87577,3.252,87.20,213.00,1,0,0
87580,3.312,61.90,205.00,1,0,0
87582,3.312,62.00,205.00,1,0,1
87585,3.312,61.90,205.00,1,0,1
87587,3.312,61.80,205.00,1,0,1
87590,3.312,61.80,205.00,1,0,1
87592,3.308,62.00,205.00,1,0,0
87594,3.304,62.00,205.00,1,0,0
87607,3.312,62.00,208.00,1,0,1
87610,3.308,62.00,205.00,1,0,1
87612,3.312,62.10,206.00,1,0,0
87615,3.312,62.00,205.00,1,0,0
87617,3.312,61.90,205.00,1,0,0
87620,3.312,61.70,205.00,1,0,0
87622,3.312,143.00,367.00,1,0,1
87624,3.264,62.00,205.00,1,0,1
87627,3.312,62.00,205.00,1,0,1
87629,3.312,62.10,205.00,1,0,1
87632,3.308,62.10,205.00,1,0,0
87634,3.308,101.60,334.00,1,0,0
87637,3.288,98.10,323.00,1,0,0
87639,3.288,93.90,306.00,1,0,0
87652,3.312,62.00,205.00,1,0,0
87654,3.304,61.80,205.00,1,0,0
87657,3.312,61.90,205.00,1,0,0
87659,3.312,61.90,205.00,1,0,0
87662,3.312,62.00,205.00,1,0,1
87664,3.288,103.40,336.00,1,0,1
87667,3.284,62.30,205.00,1,0,1
87669,3.308,61.90,205.00,1,0,1
87672,3.308,62.00,205.00,1,0,0
87674,3.300,61.90,205.00,1,0,0
87677,3.312,61.90,205.00,1,0,0
87679,3.312,62.00,205.00,1,0,0
87682,3.312,62.00,205.00,1,0,1
87684,3.308,62.00,205.00,1,0,1
87697,3.312,62.00,205.00,1,0,0
87699,3.312,61.90,205.00,1,0,0
87702,3.312,61.90,205.00,1,0,1
87704,3.312,61.90,205.00,1,0,1
87707,3.312,62.00,205.00,1,0,1
87709,3.312,62.00,205.00,1,0,1
87712,3.312,62.10,205.00,1,0,0
87714,3.292,141.70,465.00,1,0,0
87717,3.312,62.00,205.00,1,0,0
87719,3.312,61.90,205.00,1,0,0
87721,3.312,61.90,205.00,1,0,1
87724,3.308,62.00,205.00,1,0,1
87726,3.312,62.00,206.00,1,0,1
87729,3.312,61.90,205.00,1,0,1
87742,3.292,84.00,205.00,1,0,1
87744,3.312,62.10,206.00,1,0,1
87746,3.308,65.30,216.00,1,0,1
87749,3.308,62.10,206.00,1,0,1
87751,3.312,62.00,205.00,1,0,0
87754,3.296,63.20,210.00,1,0,0
87756,3.312,61.90,205.00,1,0,0
87759,3.312,174.10,572.00,1,0,0
87761,3.284,62.00,205.00,1,0,1
87764,3.312,62.00,206.00,1,0,1
87766,3.312,62.10,206.00,1,0,1
87769,3.312,62.00,205.00,1,0,1
87771,3.312,62.00,205.00,1,0,0
87774,3.308,61.90,205.00,1,0,0
87786,3.312,62.00,205.00,1,0,1
87789,3.312,62.00,205.00,1,0,1
87791,3.312,62.00,205.00,1,0,0
87794,3.308,75.70,205.00,1,0,0
87796,3.312,61.90,205.00,1,0,0
87799,3.308,62.00,205.00,1,0,0
87801,3.312,85.00,452.00,1,0,0
87804,3.276,62.10,206.00,1,0,1
87806,3.312,62.00,205.00,1,0,1
87809,3.312,63.00,205.00,1,0,1
87811,3.312,62.10,206.00,1,0,1
87814,3.312,71.40,236.00,1,0,0
87816,3.312,61.90,205.00,1,0,0
87818,3.312,61.90,205.00,1,0,0
87831,3.312,62.00,205.00,1,0,1
87834,3.300,62.20,206.00,1,0,0
87836,3.312,61.90,205.00,1,0,0
87839,3.316,85.90,283.00,1,0,0
87841,3.292,99.20,326.00,1,0,0
87843,3.296,103.30,341.00,1,0,1
87846,3.312,138.60,521.00,1,0,1
87848,3.268,62.10,206.00,1,0,1
87851,3.312,62.00,205.00,1,0,1
87853,3.312,63.40,205.00,1,0,0
87856,3.312,61.80,205.00,1,0,0
87858,3.312,61.80,205.00,1,0,0
87861,3.316,61.80,205.00,1,0,0
87863,3.312,61.90,205.00,1,0,1
87876,3.312,65.70,218.00,1,1,0
87878,3.312,65.80,218.00,1,1,0
87881,3.308,65.80,218.00,1,1,0
87883,3.312,66.30,218.00,1,1,0
87886,3.268,99.20,326.00,1,1,0
87888,3.292,91.20,300.00,1,1,0
87891,3.288,91.20,300.00,1,1,0
87893,3.288,91.10,300.00,1,1,0
87896,3.288,91.20,300.00,1,1,0
87898,3.288,91.30,300.00,1,1,0
87901,3.288,89.70,295.00,1,1,0
87903,3.288,96.30,316.00,1,1,0
87906,3.288,93.70,303.00,1,1,0
87908,3.288,93.10,306.00,1,1,0
87921,3.292,97.50,321.00,1,1,0
87923,3.288,95.30,313.00,1,1,0
87926,3.288,99.40,324.00,1,1,0
87928,3.292,98.70,324.00,1,1,0
87931,3.288,94.10,310.00,1,1,0
87933,3.288,98.20,326.00,1,1,0
87936,3.292,101.10,333.00,1,1,0
87938,3.288,98.20,323.00,1,1,0
87941,3.288,99.10,356.00,1,1,0
87943,3.292,102.10,336.00,1,1,0
87945,3.284,110.10,360.00,1,1,0
87948,3.288,114.90,374.00,1,1,0
87950,3.292,93.70,308.00,1,1,0
87963,3.292,93.40,318.00,1,1,0
87966,3.288,95.60,315.00,1,1,0
87968,3.288,100.30,331.00,1,1,0
87971,3.288,93.30,324.00,1,1,0
87973,3.288,98.30,323.00,1,1,0
87975,3.292,102.30,338.00,1,1,0
87978,3.292,101.30,334.00,1,1,0
87980,3.292,100.80,333.00,1,1,0
87983,3.292,99.50,328.00,1,1,0
87985,3.292,101.30,336.00,1,1,0
87988,3.292,99.30,328.00,1,1,0
87990,3.292,98.30,324.00,1,1,0
87993,3.292,98.60,311.00,1,1,0
88005,3.292,100.50,328.00,1,1,0
88008,3.292,101.70,334.00,1,1,0
88010,3.292,101.60,334.00,1,1,0
88013,3.288,99.30,328.00,1,1,0
88015,3.296,101.70,334.00,1,1,0
88018,3.292,98.50,324.00,1,1,0
88020,3.292,98.40,324.00,1,1,0
88023,3.292,101.50,323.00,1,1,0
88025,3.292,101.70,334.00,1,1,0
88028,3.292,100.70,331.00,1,1,0
88030,3.292,98.90,326.00,1,1,0
88033,3.292,99.10,326.00,1,1,0
88035,3.288,102.00,336.00,1,1,0
88048,3.268,119.90,393.00,1,0,1
88050,3.288,147.70,411.00,1,0,1
88053,3.264,110.50,362.00,1,0,0
88055,3.292,98.00,323.00,1,0,0
88058,3.296,61.90,205.00,1,0,0
88060,3.312,61.80,205.00,1,0,0
88063,3.312,61.80,205.00,1,0,1
88065,3.312,62.10,205.00,1,0,1
88068,3.308,62.60,206.00,1,0,1
88070,3.308,61.90,205.00,1,0,1
88073,3.276,122.50,403.00,1,0,0
88075,3.292,102.40,205.00,1,0,0
88078,3.312,61.80,205.00,1,0,0
88090,3.312,61.80,205.00,1,0,1
88093,3.312,61.80,205.00,1,0,0
88095,3.268,128.00,451.00,1,0,0
88098,3.308,62.00,205.00,1,0,0
88100,3.312,61.90,205.00,1,0,0
88103,3.312,61.80,244.00,1,0,1
88105,3.312,61.80,205.00,1,0,1
88108,3.312,61.80,205.00,1,0,1
88110,3.312,61.70,205.00,1,0,1
88112,3.312,62.60,206.00,1,0,0
88115,3.312,61.90,205.00,1,0,0
88117,3.312,61.90,390.00,1,0,0
88120,3.296,93.00,306.00,1,0,0
88122,3.312,61.70,205.00,1,0,1
88135,3.308,61.80,205.00,1,0,0
88137,3.312,61.70,205.00,1,0,0
88140,3.280,142.90,231.00,1,0,0
88142,3.312,61.70,205.00,1,0,1
88145,3.312,62.00,205.00,1,0,1
88147,3.312,62.00,210.00,1,0,1
88150,3.312,94.20,310.00,1,0,1
88152,3.288,69.90,231.00,1,0,0
88155,3.308,61.70,205.00,1,0,0
88157,3.312,61.60,205.00,1,0,0
88160,3.276,98.70,321.00,1,0,0
88162,3.312,61.90,221.00,1,0,1
88165,3.304,62.10,206.00,1,0,1
88167,3.312,62.10,206.00,1,0,1
88180,3.312,61.90,205.00,1,0,0
88182,3.312,61.90,205.00,1,0,1
88185,3.268,147.00,264.00,1,0,1
88187,3.312,61.80,205.00,1,0,1
88190,3.308,61.80,205.00,1,0,1
88192,3.308,61.80,203.00,1,0,0
88195,3.300,61.80,205.00,1,0,0
88197,3.312,61.90,205.00,1,0,0
88200,3.312,61.90,205.00,1,0,0
88202,3.312,61.70,205.00,1,0,1
88205,3.312,61.80,205.00,1,0,1
88207,3.312,61.70,459.00,1,0,1
88209,3.280,71.20,236.00,1,0,1
88212,3.308,62.10,205.00,1,0,0
88225,3.312,61.80,205.00,1,0,1
88227,3.312,61.90,208.00,1,0,1
88230,3.312,93.50,303.00,1,0,1
88232,3.248,62.20,206.00,1,0,0
88234,3.312,61.90,205.00,1,0,0
88237,3.312,61.70,205.00,1,0,0
88239,3.312,61.60,205.00,1,0,0
88242,3.312,61.70,205.00,1,0,1
88244,3.312,61.90,205.00,1,0,1
88247,3.312,62.00,205.00,1,0,1
88249,3.292,111.40,367.00,1,0,1
88252,3.292,101.80,331.00,1,0,0
88254,3.292,61.70,205.00,1,0,0
88257,3.312,61.80,205.00,1,0,0
88269,3.312,61.80,205.00,1,0,1
88272,3.312,61.80,205.00,1,0,0
88274,3.304,127.60,416.00,1,0,0
88277,3.312,61.90,205.00,1,0,0
88279,3.312,62.10,205.00,1,0,0
88282,3.312,62.00,205.00,1,0,1
88284,3.312,61.90,205.00,1,0,1
88287,3.312,61.90,205.00,1,0,1
88289,3.312,61.90,205.00,1,0,1
88292,3.312,61.90,205.00,1,0,0
88294,3.300,62.00,205.00,1,0,0
88297,3.312,62.00,203.00,1,0,0
88299,3.284,133.10,437.00,1,0,0
88302,3.312,61.90,205.00,1,0,1
88314,3.308,62.00,205.00,1,0,0
88317,3.312,62.00,205.00,1,0,0
88319,3.312,61.80,205.00,1,0,0
88322,3.276,119.70,392.00,1,0,1
88324,3.312,61.90,205.00,1,0,1
88327,3.312,61.90,205.00,1,0,1
88329,3.312,62.10,206.00,1,0,1
88331,3.308,62.10,205.00,1,0,0
88334,3.308,61.90,205.00,1,0,0
88336,3.312,61.70,205.00,1,0,0
88339,3.312,61.80,205.00,1,0,0
88341,3.312,61.90,205.00,1,0,1
88344,3.312,62.00,205.00,1,0,1
88346,3.268,143.20,469.00,1,0,1
88359,3.312,61.90,205.00,1,0,0
88361,3.312,61.90,205.00,1,0,1
88364,3.312,62.10,206.00,1,0,1
88366,3.312,62.00,205.00,1,0,1
88369,3.292,123.60,467.00,1,0,1
88371,3.284,61.90,205.00,1,0,0
88374,3.300,61.90,205.00,1,0,0
88376,3.312,61.90,205.00,1,0,0
88379,3.312,62.00,205.00,1,0,0
88381,3.312,61.90,205.00,1,0,1
88384,3.312,61.90,205.00,1,0,1
88386,3.312,61.80,205.00,1,0,1
88389,3.312,127.00,415.00,1,0,1
88391,3.264,94.90,315.00,1,0,1
88404,3.304,61.90,205.00,1,0,1
88406,3.312,61.90,205.00,1,0,1
88409,3.312,62.00,205.00,1,0,1
88411,3.312,62.10,206.00,1,0,0
88414,3.264,124.10,224.00,1,0,0
88416,3.312,62.00,205.00,1,0,0
88419,3.312,61.80,205.00,1,0,0
88421,3.312,61.70,205.00,1,0,0
88424,3.312,61.90,205.00,1,0,1
88426,3.308,62.00,205.00,1,0,1
88428,3.312,63.00,205.00,1,0,1
88431,3.312,62.00,205.00,1,0,1
88433,3.308,70.20,233.00,1,0,0
88436,3.312,61.70,475.00,1,0,0
88449,3.308,61.90,205.00,1,0,1
88451,3.312,62.00,205.00,1,0,1
88454,3.312,105.70,347.00,1,0,0
88456,3.292,101.90,336.00,1,0,0
88458,3.288,90.90,203.00,1,0,0
88461,3.268,163.90,542.00,1,0,0
88463,3.312,71.30,236.00,1,0,1
88466,3.312,62.10,206.00,1,0,1
88468,3.312,62.00,205.00,1,0,1
88471,3.312,61.90,205.00,1,0,1
88473,3.312,63.70,205.00,1,0,0
88476,3.312,61.90,205.00,1,0,0
88478,3.312,62.00,205.00,1,0,0
88481,3.312,61.90,205.00,1,0,0
88493,3.308,72.60,241.00,1,0,0
88496,3.312,62.00,205.00,1,0,0
88498,3.312,62.00,205.00,1,0,0
88501,3.308,62.00,205.00,1,0,0
88503,3.312,61.80,205.00,1,0,1
88506,3.308,124.30,408.00,1,0,1
88508,3.312,63.30,210.00,1,0,1
88511,3.312,62.10,206.00,1,0,1
88513,3.312,74.30,246.00,1,0,0
88516,3.312,62.00,205.00,1,0,0
88518,3.312,61.90,205.00,1,0,0
88521,3.312,61.90,205.00,1,0,0
88523,3.312,69.20,229.00,1,0,1
88526,3.312,62.10,206.00,1,0,1
88538,3.312,61.90,205.00,1,0,0
88541,3.312,61.90,205.00,1,0,0
88543,3.312,62.70,208.00,1,0,1
88546,3.312,62.00,205.00,1,0,1
88548,3.312,62.00,205.00,1,0,1
88551,3.312,62.00,203.00,1,0,1
88553,3.276,119.60,392.00,1,0,0
88555,3.312,61.90,321.00,1,0,0
88558,3.296,100.60,331.00,1,0,0
88560,3.292,99.10,326.00,1,0,0
88563,3.312,62.00,205.00,1,0,1
88565,3.312,62.10,205.00,1,0,1
88568,3.312,62.00,205.00,1,0,1
88570,3.312,62.10,205.00,1,0,1
88583,3.312,62.00,206.00,1,0,1
88585,3.312,62.10,206.00,1,0,1
88588,3.312,63.20,210.00,1,0,1
88590,3.312,62.10,205.00,1,0,1
88593,3.312,76.30,252.00,1,0,0
88595,3.312,140.00,457.00,1,0,0
88598,3.284,63.40,210.00,1,0,0
88600,3.312,62.10,205.00,1,0,0
88603,3.312,63.20,210.00,1,0,1
88605,3.308,62.10,205.00,1,0,1
88608,3.308,62.90,210.00,1,0,1
88610,3.312,62.00,205.00,1,0,1
88613,3.308,62.00,205.00,1,0,0
88615,3.308,62.00,205.00,1,0,0
88628,3.312,62.00,206.00,1,0,1
88630,3.312,62.00,205.00,1,0,1
88633,3.312,62.10,205.00,1,0,0
88635,3.312,62.00,205.00,1,0,0
88638,3.312,61.90,205.00,1,0,0
88640,3.264,112.30,367.00,1,0,0
88643,3.272,63.20,229.00,1,0,1
88645,3.308,62.20,206.00,1,0,1
88648,3.312,62.10,205.00,1,0,1
88650,3.308,62.10,206.00,1,0,1
88652,3.312,62.10,215.00,1,0,0
88655,3.304,61.90,205.00,1,0,0
88657,3.312,62.00,205.00,1,0,0
88660,3.292,100.30,321.00,1,0,0
88673,3.312,62.00,247.00,1,0,0
88675,3.308,61.80,205.00,1,0,0
88678,3.312,61.80,205.00,1,0,0
88680,3.312,61.90,205.00,1,0,0
88682,3.312,62.20,206.00,1,0,1
88685,3.312,62.00,205.00,1,0,1
88687,3.312,61.90,206.00,1,0,1
88690,3.288,138.70,455.00,1,0,1
88692,3.312,62.00,205.00,1,0,0
88695,3.312,61.90,205.00,1,0,0
88697,3.312,62.00,205.00,1,0,0
88700,3.312,62.00,205.00,1,0,0
88702,3.312,61.90,234.00,1,0,1
88705,3.312,62.00,205.00,1,0,1
88717,3.312,62.10,205.00,1,0,0
88720,3.312,61.90,205.00,1,0,0
88722,3.312,61.90,205.00,1,0,1
88725,3.312,61.80,205.00,1,0,1
88727,3.312,61.90,205.00,1,0,1
88730,3.312,61.90,205.00,1,0,1
88732,3.312,62.20,208.00,1,0,0
88735,3.304,62.00,203.00,1,0,0
88737,3.276,92.90,308.00,1,0,0
88740,3.312,61.90,205.00,1,0,0
88742,3.312,61.70,205.00,1,0,1
88745,3.312,61.90,205.00,1,0,1
88747,3.304,62.00,205.00,1,0,1
88749,3.312,62.20,206.00,1,0,1
88762,3.288,98.10,323.00,1,0,0
88765,3.284,99.40,326.00,1,0,0
88767,3.312,62.20,206.00,1,0,1
88770,3.312,62.10,206.00,1,0,1
88772,3.312,62.10,206.00,1,0,1
88775,3.308,61.90,205.00,1,0,1
88777,3.312,62.00,205.00,1,0,0
88779,3.304,62.00,205.00,1,0,0
88782,3.276,141.90,464.00,1,0,0
88784,3.308,62.10,206.00,1,0,0
88787,3.312,62.00,205.00,1,0,1
88789,3.312,61.90,205.00,1,0,1
88792,3.312,61.90,205.00,1,0,1
88794,3.308,62.00,205.00,1,0,1
88807,3.312,61.90,205.00,1,0,1
88809,3.312,61.90,205.00,1,0,1
88812,3.312,62.00,205.00,1,0,1
88814,3.312,62.20,206.00,1,0,1
88817,3.312,62.20,206.00,1,0,0
88819,3.304,62.00,205.00,1,0,0
88822,3.312,61.90,205.00,1,0,0
88824,3.312,94.00,308.00,1,0,0
88827,3.272,114.80,380.00,1,0,1
88829,3.300,62.10,206.00,1,0,1
88832,3.312,62.30,206.00,1,0,1
88834,3.308,62.20,206.00,1,0,1
88837,3.308,62.10,206.00,1,0,0
88839,3.312,61.90,205.00,1,0,0
88852,3.308,62.10,206.00,1,0,1
88854,3.312,62.00,205.00,1,0,1
88857,3.312,61.90,205.00,1,0,0
88859,3.308,61.90,205.00,1,0,0
88862,3.312,61.90,205.00,1,0,0
88864,3.280,99.30,328.00,1,0,0
88867,3.292,99.10,311.00,1,0,1
88869,3.288,62.00,205.00,1,0,1
88872,3.312,61.90,205.00,1,0,1
88874,3.292,173.30,298.00,1,0,1
88876,3.312,62.00,205.00,1,0,0
88879,3.296,62.40,206.00,1,0,0
88881,3.312,62.10,206.00,1,0,0
88884,3.312,62.00,205.00,1,0,0
88897,3.312,144.50,472.00,1,0,0
88899,3.300,62.20,206.00,1,0,0
88901,3.312,62.00,205.00,1,0,0
88904,3.312,61.80,205.00,1,0,0
88906,3.312,61.80,205.00,1,0,1
88909,3.308,61.90,210.00,1,0,1
88911,3.308,62.10,206.00,1,0,1
88914,3.312,62.10,205.00,1,0,1
88916,3.308,62.20,203.00,1,0,0
88919,3.264,152.40,205.00,1,0,0
88921,3.312,61.90,205.00,1,0,0
88924,3.312,61.80,205.00,1,0,0
88926,3.312,61.80,205.00,1,0,1
88929,3.312,62.10,206.00,1,0,1
88946,3.316,62.00,205.00,1,0,1
88949,3.312,62.20,206.00,1,0,1
88951,3.312,62.20,206.00,1,0,1
88954,3.312,61.90,205.00,1,0,1
88956,3.312,61.90,205.00,1,0,1
88959,3.312,62.50,206.00,1,0,0
88961,3.312,140.40,459.00,1,0,0
88964,3.292,92.70,206.00,1,0,0
88966,3.312,98.50,324.00,1,0,0
88968,3.292,103.50,341.00,1,0,1
88971,3.292,90.90,205.00,1,0,1
88973,3.312,61.80,205.00,1,0,1
88976,3.312,61.90,205.00,1,0,1
88978,3.312,63.10,205.00,1,0,0
88991,3.312,61.80,205.00,1,0,1
88993,3.312,61.90,205.00,1,0,1
88996,3.312,62.10,206.00,1,0,1
88998,3.312,71.40,205.00,1,0,0
89001,3.312,61.90,205.00,1,0,0
89003,3.312,61.70,205.00,1,0,0
89006,3.312,61.70,205.00,1,0,0
89008,3.312,61.90,205.00,1,0,1
89011,3.312,105.40,344.00,1,0,1
89013,3.308,63.30,210.00,1,0,1
89016,3.312,62.10,205.00,1,0,1
89018,3.308,75.70,251.00,1,0,0
89021,3.312,61.80,205.00,1,0,0
89023,3.316,61.80,205.00,1,0,0
89036,3.284,61.90,205.00,1,0,1
89038,3.312,66.00,218.00,1,0,0
89041,3.312,61.70,205.00,1,0,0
89043,3.312,61.80,205.00,1,0,0
89046,3.312,61.90,205.00,1,0,0
89048,3.312,62.70,208.00,1,0,1
89051,3.312,62.00,205.00,1,0,1
89053,3.312,61.80,202.00,1,0,1
89056,3.264,139.70,462.00,1,0,1
89058,3.312,62.10,205.00,1,0,0
89061,3.312,61.90,205.00,1,0,0
89063,3.312,62.00,205.00,1,0,0
89065,3.312,62.00,205.00,1,0,0
89068,3.312,61.90,349.00,1,0,1
89081,3.312,62.00,206.00,1,0,0
89083,3.312,61.90,205.00,1,0,0
89086,3.312,61.80,205.00,1,0,0
89088,3.312,61.80,205.00,1,0,1
89090,3.308,61.90,205.00,1,0,1
89093,3.312,62.60,206.00,1,0,1
89095,3.312,62.00,206.00,1,0,1
89098,3.312,120.90,395.00,1,0,0
89100,3.304,62.00,205.00,1,0,0
89103,3.312,61.80,205.00,1,0,0
89105,3.312,61.80,205.00,1,0,0
89108,3.312,62.90,208.00,1,0,1
89110,3.312,62.00,205.00,1,0,1
89113,3.312,63.10,210.00,1,0,1
89125,3.312,61.90,205.00,1,0,0
89128,3.312,72.70,241.00,1,0,1
89130,3.312,62.00,205.00,1,0,1
89133,3.308,62.10,205.00,1,0,1
89135,3.308,61.90,205.00,1,0,1
89138,3.312,61.80,203.00,1,0,0
89140,3.276,134.20,223.00,1,0,0
89143,3.312,61.90,205.00,1,0,0
89145,3.312,62.00,205.00,1,0,0
89148,3.312,62.00,206.00,1,0,1
89150,3.312,62.00,205.00,1,0,1
89153,3.308,61.80,205.00,1,0,1
89155,3.312,61.80,205.00,1,0,1
89158,3.312,63.80,211.00,1,0,0
89170,3.312,61.90,339.00,1,0,1
89173,3.292,102.30,338.00,1,0,1
89175,3.288,91.00,300.00,1,0,1
89178,3.300,62.00,242.00,1,0,0
89180,3.308,61.90,205.00,1,0,0
89183,3.308,61.90,205.00,1,0,0
89185,3.312,99.00,415.00,1,0,0
89187,3.268,61.80,203.00,1,0,1
89190,3.312,62.00,205.00,1,0,1
89192,3.312,62.00,208.00,1,0,1
89195,3.308,61.90,205.00,1,0,1
89197,3.308,61.90,205.00,1,0,0
89200,3.312,61.80,205.00,1,0,0
89202,3.312,61.70,205.00,1,0,0
89215,3.312,61.90,205.00,1,0,1
89217,3.312,61.90,205.00,1,0,0
89220,3.312,61.70,205.00,1,0,0
89222,3.312,62.00,205.00,1,0,0
89225,3.312,61.80,205.00,1,0,0
89227,3.312,61.80,205.00,1,0,1
89230,3.312,117.40,446.00,1,0,1
89232,3.276,62.00,205.00,1,0,1
89235,3.312,61.80,205.00,1,0,1
89237,3.312,61.80,206.00,1,0,0
89240,3.300,61.80,205.00,1,0,0
89242,3.312,61.80,205.00,1,0,0
89245,3.312,61.80,205.00,1,0,0
89247,3.312,61.80,205.00,1,0,1
89260,3.304,61.80,205.00,1,0,0
89262,3.312,61.80,205.00,1,0,0
89265,3.312,61.90,205.00,1,0,0
89267,3.312,61.70,205.00,1,0,1
89270,3.312,61.80,205.00,1,0,1
89272,3.312,61.90,385.00,1,0,1
89275,3.292,100.30,323.00,1,0,1
89277,3.292,91.00,300.00,1,0,0
89280,3.292,64.50,213.00,1,0,0
89282,3.312,61.90,205.00,1,0,0
89285,3.312,61.80,205.00,1,0,0
89287,3.312,61.80,205.00,1,0,0
89289,3.312,63.00,205.00,1,0,1
89292,3.312,61.90,205.00,1,0,1
89305,3.312,61.80,205.00,1,0,0
89307,3.312,61.80,205.00,1,0,0
89310,3.312,73.30,205.00,1,0,1
89312,3.312,61.90,205.00,1,0,1
89314,3.308,62.00,203.00,1,0,1
89317,3.264,71.60,205.00,1,0,1
89319,3.312,62.00,205.00,1,0,0
89322,3.312,61.80,205.00,1,0,0
89324,3.312,62.70,205.00,1,0,0
89327,3.312,61.80,205.00,1,0,0
89329,3.312,61.90,205.00,1,0,1
89332,3.312,61.90,205.00,1,0,1
89334,3.312,61.90,205.00,1,0,1
89337,3.312,61.90,202.00,1,0,1
89349,3.312,62.00,205.00,1,0,1
89352,3.308,61.90,205.00,1,0,1
89354,3.312,62.80,205.00,1,0,1
89357,3.308,61.90,205.00,1,0,1
89359,3.308,73.20,241.00,1,0,0
89362,3.280,147.40,205.00,1,0,0
89364,3.312,61.90,205.00,1,0,0
89367,3.312,62.00,205.00,1,0,0
89369,3.312,64.80,205.00,1,0,1
89372,3.312,61.90,205.00,1,0,1
89374,3.312,62.90,208.00,1,0,1
89377,3.292,91.90,315.00,1,0,1
89379,3.292,104.40,344.00,1,0,0
89382,3.288,69.00,228.00,1,0,0
89394,3.312,62.00,205.00,1,0,1
89397,3.312,62.00,205.00,1,0,1
89399,3.312,62.00,206.00,1,0,0
89402,3.312,62.00,205.00,1,0,0
89404,3.312,61.90,205.00,1,0,0
89407,3.276,133.50,220.00,1,0,0
89409,3.312,61.90,205.00,1,0,1
89411,3.308,61.90,205.00,1,0,1
89414,3.308,62.10,205.00,1,0,1
89416,3.312,62.10,205.00,1,0,1
89419,3.308,64.20,211.00,1,0,0
89421,3.312,61.90,205.00,1,0,0
89424,3.312,61.90,205.00,1,0,0
89426,3.312,62.70,208.00,1,0,0
89439,3.312,73.30,242.00,1,0,0
89441,3.312,61.70,205.00,1,0,0
89444,3.312,61.80,205.00,1,0,0
89446,3.312,61.80,205.00,1,0,0
89449,3.312,140.90,460.00,1,0,1
89451,3.292,82.00,206.00,1,0,1
89454,3.312,63.30,210.00,1,0,1
89456,3.312,62.00,205.00,1,0,1
89459,3.312,61.90,241.00,1,0,0
89461,3.308,61.90,205.00,1,0,0
89464,3.312,61.90,205.00,1,0,0
89466,3.312,62.10,205.00,1,0,0
89469,3.312,109.90,362.00,1,0,1
89471,3.268,68.30,226.00,1,0,1
89484,3.296,62.00,205.00,1,0,0
89486,3.312,62.00,205.00,1,0,0
89489,3.312,61.90,239.00,1,0,1
89491,3.312,61.90,205.00,1,0,1
89494,3.268,146.70,482.00,1,0,1
89496,3.280,66.50,205.00,1,0,1
89499,3.312,63.30,208.00,1,0,0
89501,3.312,62.00,205.00,1,0,0
89504,3.312,61.90,205.00,1,0,0
89506,3.312,61.80,205.00,1,0,0
89508,3.312,61.70,205.00,1,0,1
89511,3.312,61.90,205.00,1,0,1
89513,3.312,62.00,205.00,1,0,1
89516,3.312,62.10,206.00,1,0,1
89529,3.312,62.80,208.00,1,0,1
89531,3.312,62.10,206.00,1,0,1
89534,3.312,62.10,208.00,1,0,1
89536,3.312,61.90,205.00,1,0,1
89538,3.312,61.90,205.00,1,0,0
89541,3.312,91.30,492.00,1,0,0
89543,3.288,62.00,205.00,1,0,0
89546,3.312,62.00,205.00,1,0,0
89548,3.312,62.00,221.00,1,0,1
89551,3.308,62.10,206.00,1,0,1
89553,3.312,62.10,206.00,1,0,1
89556,3.312,61.90,205.00,1,0,1
89558,3.312,61.90,205.00,1,0,0
89561,3.312,61.80,205.00,1,0,0
89573,3.312,61.90,205.00,1,0,1
89576,3.312,61.90,205.00,1,0,1
89578,3.312,61.90,205.00,1,0,0
89581,3.288,91.70,301.00,1,0,0
89583,3.288,99.00,331.00,1,0,0
89586,3.288,94.70,311.00,1,0,0
89588,3.288,61.80,203.00,1,0,1
89591,3.260,119.40,392.00,1,0,1
89593,3.312,62.00,205.00,1,0,1
89596,3.312,62.10,206.00,1,0,1
89598,3.312,62.20,206.00,1,0,0
89601,3.300,62.10,205.00,1,0,0
89603,3.312,62.00,205.00,1,0,0
89605,3.312,61.80,205.00,1,0,0
89618,3.312,62.20,206.00,1,0,0
89621,3.312,61.90,205.00,1,0,0
89623,3.312,61.80,205.00,1,0,0
89626,3.312,61.80,205.00,1,0,0
89628,3.312,61.80,208.00,1,0,1
89631,3.312,63.00,208.00,1,0,1
89633,3.308,62.10,205.00,1,0,1
89635,3.312,62.10,205.00,1,0,1
89638,3.312,140.20,419.00,1,0,0
89640,3.296,61.80,205.00,1,0,0
89643,3.312,61.90,205.00,1,0,0
89645,3.312,62.00,205.00,1,0,0
89648,3.312,62.10,206.00,1,0,1
89650,3.312,62.20,206.00,1,0,1
89663,3.280,62.20,206.00,1,0,0
89665,3.312,62.10,206.00,1,0,0
89668,3.312,62.00,205.00,1,0,1
89670,3.312,61.90,205.00,1,0,1
89673,3.312,61.90,205.00,1,0,1
89675,3.312,61.90,205.00,1,0,1
89678,3.312,62.00,205.00,1,0,0
89680,3.304,62.10,410.00,1,0,0
89683,3.268,96.90,319.00,1,0,0
89685,3.288,93.50,308.00,1,0,0
89688,3.296,61.80,205.00,1,0,1
89690,3.308,61.90,205.00,1,0,1
89693,3.312,61.80,205.00,1,0,1
89695,3.308,62.10,206.00,1,0,1
89708,3.312,61.80,205.00,1,0,1
89710,3.308,61.90,205.00,1,0,1
89713,3.312,62.10,206.00,1,0,1
89715,3.308,62.20,206.00,1,0,1
89718,3.312,62.10,205.00,1,0,0
89720,3.312,61.70,205.00,1,0,0
89723,3.312,61.80,205.00,1,0,0
89725,3.268,144.90,285.00,1,0,0
89728,3.312,62.00,205.00,1,0,1
89730,3.308,62.10,206.00,1,0,1
89732,3.312,62.20,206.00,1,0,1
89735,3.312,61.90,205.00,1,0,1
89737,3.312,61.80,205.00,1,0,0
89740,3.304,66.70,205.00,1,0,0
89753,3.308,62.00,205.00,1,0,1
89755,3.312,61.80,205.00,1,0,1
89757,3.308,61.90,205.00,1,0,0
89760,3.296,61.90,205.00,1,0,0
89762,3.312,62.00,205.00,1,0,0
89765,3.312,62.10,206.00,1,0,0
89767,3.308,61.90,205.00,1,0,1
89770,3.312,61.90,364.00,1,0,1
89772,3.276,63.50,210.00,1,0,1
89775,3.312,61.90,205.00,1,0,1
89777,3.308,62.00,206.00,1,0,0
89780,3.312,62.00,205.00,1,0,0
89782,3.312,62.00,205.00,1,0,0
89785,3.312,61.90,301.00,1,0,0
89797,3.300,62.20,206.00,1,0,0
89800,3.312,77.60,205.00,1,0,0
89802,3.312,61.80,205.00,1,0,0
89805,3.312,61.70,205.00,1,0,0
89807,3.312,61.80,205.00,1,0,1
89810,3.312,62.00,205.00,1,0,1
89812,3.312,62.00,205.00,1,0,1
89815,3.312,62.90,206.00,1,0,1
89817,3.312,62.00,205.00,1,0,1
89820,3.260,130.10,428.00,1,0,0
89822,3.312,61.80,205.00,1,0,0
89825,3.312,61.80,205.00,1,0,0
89827,3.312,61.90,205.00,1,0,0
89829,3.312,63.20,205.00,1,0,1
89842,3.312,61.80,400.00,1,0,0
89845,3.268,62.10,206.00,1,0,0
89847,3.312,62.00,205.00,1,0,0
89850,3.312,71.20,236.00,1,0,1
89852,3.312,62.00,205.00,1,0,1
89854,3.312,61.90,205.00,1,0,1
89857,3.312,61.90,205.00,1,0,1
89859,3.312,63.70,205.00,1,0,0
89862,3.312,62.00,205.00,1,0,0
89864,3.312,62.00,205.00,1,0,0
89867,3.272,143.50,369.00,1,0,0
89869,3.308,61.90,205.00,1,0,1
89872,3.312,61.80,205.00,1,0,1
89874,3.312,63.00,205.00,1,0,1
89887,3.312,61.80,308.00,1,0,0
89889,3.288,106.80,351.00,1,0,1
89892,3.296,62.10,206.00,1,0,1
89894,3.312,63.40,206.00,1,0,1
89897,3.312,62.20,206.00,1,0,1
89899,3.312,76.90,254.00,1,0,0
89902,3.312,61.90,205.00,1,0,0
89904,3.312,61.80,205.00,1,0,0
89907,3.312,61.90,205.00,1,0,0
89909,3.312,69.60,231.00,1,0,1
89912,3.264,147.80,279.00,1,0,1
89914,3.308,62.70,208.00,1,0,1
89917,3.312,62.10,205.00,1,0,1
89919,3.312,62.00,216.00,1,0,0
89932,3.312,62.00,206.00,1,0,1
89934,3.312,119.70,392.00,1,0,1
89937,3.308,62.00,205.00,1,0,1
89939,3.312,62.80,205.00,1,0,0
89942,3.312,61.90,205.00,1,0,0
89944,3.312,62.00,205.00,1,0,0
89947,3.312,62.00,205.00,1,0,0
89949,3.312,62.00,205.00,1,0,1
89951,3.312,62.00,205.00,1,0,1
89954,3.312,61.90,205.00,1,0,1
89956,3.308,119.80,396.00,1,0,1
89959,3.276,68.80,228.00,1,0,0
89961,3.312,62.00,205.00,1,0,0
89964,3.312,62.00,205.00,1,0,0
89977,3.312,62.00,205.00,1,0,1
89979,3.312,131.60,431.00,1,0,0
89981,3.280,62.10,206.00,1,0,0
89984,3.312,62.00,205.00,1,0,0
89986,3.312,61.80,205.00,1,0,0
89989,3.312,63.10,208.00,1,0,1
89991,3.288,99.10,306.00,1,0,1
89994,3.288,82.50,274.00,1,0,1
89996,3.312,62.00,205.00,1,0,1
89999,3.312,62.00,241.00,1,0,0
90001,3.304,142.90,472.00,1,0,0
90004,3.312,61.90,205.00,1,0,0
90006,3.312,61.90,205.00,1,0,0
90009,3.312,61.90,210.00,1,0,1
90021,3.312,61.90,329.00,1,0,0
90024,3.276,107.80,357.00,1,0,0
90026,3.312,61.90,205.00,1,0,0
90029,3.312,61.80,231.00,1,0,1
90031,3.312,62.00,205.00,1,0,1
90034,3.308,62.00,205.00,1,0,1
90036,3.312,64.40,205.00,1,0,1
90039,3.312,65.10,215.00,1,0,0
90041,3.312,61.80,205.00,1,0,0
90044,3.312,140.00,392.00,1,0,0
90046,3.288,61.90,205.00,1,0,0
90049,3.312,62.00,205.00,1,0,1
90051,3.312,62.00,205.00,1,0,1
90053,3.312,62.90,208.00,1,0,1
90066,3.252,119.00,205.00,1,0,0
90069,3.312,62.30,206.00,1,0,1
90071,3.312,62.00,205.00,1,0,1
90074,3.312,62.00,208.00,1,0,1
90076,3.312,61.90,205.00,1,0,1
90078,3.312,61.90,205.00,1,0,0
90081,3.312,61.80,205.00,1,0,0
90083,3.312,61.90,205.00,1,0,0
90086,3.312,61.90,205.00,1,0,0
90088,3.276,140.70,437.00,1,0,1
90091,3.308,62.00,205.00,1,0,1
90093,3.288,91.80,301.00,1,0,1
90096,3.288,93.30,301.00,1,0,1
90098,3.292,62.10,205.00,1,0,0
90111,3.312,61.90,406.00,1,0,1
90113,3.276,62.20,206.00,1,0,1
90116,3.312,62.10,205.00,1,0,1
90118,3.312,62.10,208.00,1,0,0
90121,3.300,61.90,205.00,1,0,0
90123,3.312,61.90,205.00,1,0,0
90126,3.312,61.90,205.00,1,0,0
90128,3.312,61.90,205.00,1,0,1
90131,3.308,62.00,203.00,1,0,1
90133,3.252,132.70,206.00,1,0,1
90136,3.312,62.10,206.00,1,0,1
90138,3.312,64.40,213.00,1,0,0
90141,3.308,61.90,205.00,1,0,0
90143,3.312,62.80,208.00,1,0,0
90156,3.276,65.60,216.00,1,0,1
90158,3.308,62.00,205.00,1,0,0
90161,3.312,61.90,205.00,1,0,0
90163,3.312,61.90,205.00,1,0,0
90166,3.312,62.00,205.00,1,0,0
90168,3.312,62.00,205.00,1,0,1
90171,3.312,62.00,205.00,1,0,1
90173,3.308,62.00,205.00,1,0,1
90175,3.312,61.90,205.00,1,0,1
90178,3.264,143.00,231.00,1,0,0
90180,3.308,62.00,205.00,1,0,0
90183,3.312,62.00,205.00,1,0,0
90185,3.312,62.00,205.00,1,0,0
90188,3.312,61.90,205.00,1,0,1
90200,3.288,62.10,205.00,1,0,0
90203,3.272,133.90,439.00,1,0,0
90205,3.312,62.00,205.00,1,0,0
90208,3.312,61.80,205.00,1,0,1
90210,3.312,62.10,206.00,1,0,1
90213,3.308,62.10,206.00,1,0,1
90215,3.312,62.10,206.00,1,0,1
90218,3.312,62.10,205.00,1,0,0
90220,3.304,61.90,205.00,1,0,0
90223,3.312,61.90,437.00,1,0,0
90225,3.276,62.00,205.00,1,0,0
90228,3.312,61.90,205.00,1,0,1
90230,3.312,62.10,205.00,1,0,1
90233,3.308,62.20,206.00,1,0,1
90245,3.312,62.90,208.00,1,0,0
90248,3.312,115.40,380.00,1,0,1
90250,3.276,95.60,206.00,1,0,1
90253,3.312,62.00,205.00,1,0,1
90255,3.312,62.10,205.00,1,0,1
90258,3.312,61.90,205.00,1,0,0
90260,3.308,61.80,205.00,1,0,0
90263,3.312,61.90,205.00,1,0,0
90265,3.312,62.00,205.00,1,0,0
90268,3.312,62.10,205.00,1,0,1
90270,3.312,62.10,206.00,1,0,1
90272,3.308,140.50,459.00,1,0,1
90275,3.264,71.00,205.00,1,0,1
90277,3.312,62.00,205.00,1,0,0
90290,3.312,61.90,205.00,1,0,1
90293,3.312,85.70,280.00,1,0,1
90295,3.264,110.70,205.00,1,0,1
90298,3.308,90.80,298.00,1,0,0
90300,3.276,93.40,308.00,1,0,0
90302,3.288,91.00,205.00,1,0,0
90305,3.312,61.70,205.00,1,0,0
90307,3.312,61.70,205.00,1,0,1
90310,3.308,61.80,205.00,1,0,1
90312,3.312,61.90,205.00,1,0,1
90315,3.312,62.00,205.00,1,0,1
90317,3.312,61.90,482.00,1,0,0
90320,3.284,150.40,205.00,1,0,0
90322,3.312,61.70,205.00,1,0,0
90335,3.312,61.90,205.00,1,0,1
90337,3.308,61.90,205.00,1,0,0
90340,3.312,73.90,205.00,1,0,0
90342,3.312,118.90,390.00,1,0,0
90345,3.312,61.80,205.00,1,0,0
90347,3.312,61.90,208.00,1,0,1
90350,3.312,61.90,205.00,1,0,1
90352,3.312,61.90,205.00,1,0,1
90355,3.312,62.30,205.00,1,0,1
90357,3.312,61.70,205.00,1,0,1
90360,3.304,66.30,220.00,1,0,0
90362,3.312,61.80,205.00,1,0,0
90365,3.308,122.20,400.00,1,0,0
90367,3.308,62.00,205.00,1,0,0
90380,3.308,61.80,205.00,1,0,0
90382,3.312,61.90,205.00,1,0,0
90385,3.312,61.90,205.00,1,0,0
90387,3.312,136.00,444.00,1,0,0
90390,3.300,65.80,218.00,1,0,1
90392,3.312,61.80,205.00,1,0,1
90395,3.312,61.90,205.00,1,0,1
90397,3.312,61.90,205.00,1,0,1
90399,3.312,87.20,324.00,1,0,0
90402,3.292,102.60,338.00,1,0,0
90404,3.288,93.80,310.00,1,0,0
90407,3.312,61.80,205.00,1,0,0
90409,3.312,129.40,423.00,1,0,1
90412,3.276,109.80,364.00,1,0,1
90424,3.312,61.70,205.00,1,0,0
90427,3.312,61.70,205.00,1,0,0
90429,3.312,62.80,205.00,1,0,1
90432,3.308,62.00,205.00,1,0,1
90434,3.308,87.00,285.00,1,0,1
90437,3.276,121.40,205.00,1,0,1
90439,3.312,69.50,229.00,1,0,0
90442,3.312,61.70,205.00,1,0,0
90444,3.312,61.80,205.00,1,0,0
90447,3.308,62.00,205.00,1,0,0
90449,3.312,73.50,244.00,1,0,1
90452,3.312,62.00,205.00,1,0,1
90454,3.312,61.80,205.00,1,0,1
90457,3.280,144.30,472.00,1,0,1
90469,3.312,61.80,205.00,1,0,1
90472,3.312,61.80,205.00,1,0,1
90474,3.312,61.80,205.00,1,0,1
90477,3.312,112.00,365.00,1,0,1
90479,3.304,65.00,215.00,1,0,0
90482,3.312,62.00,205.00,1,0,0
90484,3.312,61.90,205.00,1,0,0
90487,3.316,61.80,205.00,1,0,0
90489,3.312,61.70,205.00,1,0,1
90492,3.312,61.80,205.00,1,0,1
90494,3.312,62.60,208.00,1,0,1
90496,3.312,62.00,206.00,1,0,1
90499,3.312,70.70,234.00,1,0,0
90501,3.276,139.90,459.00,1,0,0
90514,3.312,63.30,210.00,1,0,1
90517,3.308,62.10,205.00,1,0,1
90519,3.308,75.90,251.00,1,0,0
90521,3.312,61.70,205.00,1,0,0
90524,3.312,135.70,392.00,1,0,0
90526,3.280,61.90,205.00,1,0,0
90529,3.312,63.20,210.00,1,0,1
90531,3.312,62.10,205.00,1,0,1
90534,3.312,62.00,205.00,1,0,1
90536,3.312,61.80,205.00,1,0,1
90539,3.308,61.70,203.00,1,0,0
90541,3.312,61.70,205.00,1,0,0
90544,3.312,61.90,202.00,1,0,0
90546,3.272,141.90,470.00,1,0,0
90559,3.312,62.90,208.00,1,0,0
90561,3.312,61.90,205.00,1,0,0
90564,3.312,62.00,203.00,1,0,0
90566,3.292,168.70,557.00,1,0,0
90569,3.308,61.90,215.00,1,0,1
90571,3.312,61.90,205.00,1,0,1
90574,3.312,61.90,205.00,1,0,1
90576,3.312,61.90,205.00,1,0,1
90579,3.312,70.10,233.00,1,0,0
90581,3.308,62.00,205.00,1,0,0
90584,3.312,61.90,205.00,1,0,0
90586,3.312,105.40,534.00,1,0,0
90589,3.280,61.80,205.00,1,0,1
90591,3.312,61.90,205.00,1,0,1
90604,3.312,61.70,203.00,1,0,0
90606,3.292,98.10,336.00,1,0,0
90609,3.292,92.00,305.00,1,0,1
90611,3.264,144.40,472.00,1,0,1
90614,3.312,62.20,211.00,1,0,1
90616,3.312,62.10,205.00,1,0,1
90618,3.308,62.00,205.00,1,0,0
90621,3.312,61.80,205.00,1,0,0
90623,3.312,61.90,205.00,1,0,0
90626,3.312,62.00,205.00,1,0,0
90628,3.312,62.00,239.00,1,0,1
90631,3.312,145.10,475.00,1,0,1
90633,3.276,62.20,206.00,1,0,1
90636,3.312,62.00,205.00,1,0,1
90648,3.312,62.00,205.00,1,0,1
90651,3.312,64.50,469.00,1,0,1
90653,3.264,69.80,231.00,1,0,1
90656,3.308,62.00,205.00,1,0,1
90658,3.312,62.00,220.00,1,0,0
90661,3.304,61.90,205.00,1,0,0
90663,3.312,62.10,205.00,1,0,0
90666,3.312,61.90,205.00,1,0,0
90668,3.312,61.80,205.00,1,0,1
90671,3.308,61.90,205.00,1,0,1
90673,3.308,61.90,206.00,1,0,1
90676,3.312,140.30,459.00,1,0,1
90678,3.276,62.40,206.00,1,0,0
90681,3.312,62.00,205.00,1,0,0
90693,3.312,62.10,206.00,1,0,1
90696,3.312,62.10,205.00,1,0,1
90698,3.296,142.00,465.00,1,0,0
90701,3.312,62.00,205.00,1,0,0
90703,3.312,61.90,205.00,1,0,0
90706,3.312,62.00,203.00,1,0,0
90708,3.288,99.50,328.00,1,0,1
90711,3.292,101.50,259.00,1,0,1
90713,3.312,62.00,205.00,1,0,1
90716,3.312,62.10,205.00,1,0,1
90718,3.312,62.10,226.00,1,0,0
90720,3.264,72.50,239.00,1,0,0
90723,3.312,62.00,205.00,1,0,0
90725,3.312,61.90,205.00,1,0,0
90738,3.308,62.00,205.00,1,0,0
90741,3.268,127.60,367.00,1,0,0
90743,3.312,62.00,205.00,1,0,0
90745,3.312,62.00,205.00,1,0,0
90748,3.312,61.90,205.00,1,0,1
90750,3.304,62.00,205.00,1,0,1
90753,3.312,64.50,213.00,1,0,1
90755,3.308,62.00,205.00,1,0,1
90758,3.312,61.90,205.00,1,0,0
90760,3.308,61.90,205.00,1,0,0
90763,3.312,61.90,475.00,1,0,0
90765,3.280,65.50,216.00,1,0,0
90768,3.308,62.00,205.00,1,0,1
90770,3.312,61.90,205.00,1,0,1
90783,3.312,62.00,205.00,1,0,0
90785,3.312,61.80,205.00,1,0,0
90788,3.300,127.30,416.00,1,0,1
90790,3.304,62.10,205.00,1,0,1
90793,3.312,62.00,205.00,1,0,1
90795,3.308,62.00,205.00,1,0,1
90798,3.308,62.00,205.00,1,0,0
90800,3.304,65.20,205.00,1,0,0
90803,3.312,61.90,205.00,1,0,0
90805,3.312,61.90,205.00,1,0,0
90808,3.308,61.80,203.00,1,0,1
90810,3.292,103.60,341.00,1,0,1
90813,3.292,110.60,364.00,1,0,1
90815,3.288,62.10,205.00,1,0,1
90828,3.312,61.90,205.00,1,0,1
90830,3.312,62.00,205.00,1,0,1
90833,3.312,62.00,205.00,1,0,1
90835,3.308,62.00,206.00,1,0,1
90838,3.312,165.40,541.00,1,0,0
90840,3.272,62.00,205.00,1,0,0
90842,3.312,62.00,205.00,1,0,0
90845,3.312,61.90,205.00,1,0,0
90847,3.312,61.90,205.00,1,0,1
90850,3.308,62.10,206.00,1,0,1
90852,3.308,62.10,205.00,1,0,1
90855,3.312,65.00,215.00,1,0,1
90857,3.312,62.00,205.00,1,0,0
90860,3.308,152.30,364.00,1,0,0
90872,3.308,62.10,206.00,1,0,1
90875,3.312,62.00,205.00,1,0,1
90877,3.308,62.00,205.00,1,0,0
90880,3.308,71.40,205.00,1,0,0
90882,3.312,122.50,400.00,1,0,0
90885,3.284,62.10,205.00,1,0,0
90887,3.312,62.00,205.00,1,0,1
90890,3.308,62.00,205.00,1,0,1
90892,3.312,61.90,205.00,1,0,1
90895,3.308,62.00,206.00,1,0,1
90897,3.312,62.00,205.00,1,0,0
90900,3.308,62.00,205.00,1,0,0
90902,3.312,62.00,205.00,1,0,0
90905,3.312,61.90,295.00,1,0,0
90917,3.308,62.30,206.00,1,0,0
90920,3.312,62.10,206.00,1,0,0
90922,3.312,62.00,205.00,1,0,0
90925,3.312,62.00,205.00,1,0,0
90927,3.308,141.30,464.00,1,0,0
90930,3.300,62.30,206.00,1,0,1
90932,3.308,62.20,206.00,1,0,1
90935,3.308,62.10,205.00,1,0,1
90937,3.308,62.10,206.00,1,0,1
90939,3.308,73.70,205.00,1,0,0
90946,3.308,62.00,205.00,1,0,0
90949,3.312,62.10,205.00,1,0,1
90951,3.308,62.20,401.00,1,0,1
90954,3.276,133.40,210.00,1,0,1
90956,3.308,62.10,206.00,1,0,1
90959,3.312,62.00,205.00,1,0,0
90961,3.308,61.90,205.00,1,0,0
90963,3.312,62.00,205.00,1,0,0
90966,3.312,62.10,206.00,1,0,0
90968,3.312,62.10,208.00,1,0,1
90981,3.312,62.10,206.00,1,0,0
90984,3.312,62.10,206.00,1,0,0
90986,3.312,62.00,205.00,1,0,0
90989,3.312,62.00,239.00,1,0,1
90991,3.308,62.00,205.00,1,0,1
90993,3.308,139.80,457.00,1,0,1
90996,3.248,71.20,205.00,1,0,1
90998,3.308,63.40,210.00,1,0,0
91001,3.312,62.20,206.00,1,0,0
91003,3.312,61.90,205.00,1,0,0
91006,3.312,62.00,205.00,1,0,0
91008,3.312,61.90,205.00,1,0,1
91011,3.312,62.00,205.00,1,0,1
91013,3.308,62.10,357.00,1,0,1
91026,3.312,61.80,205.00,1,0,0
91028,3.312,61.90,205.00,1,0,1
91031,3.308,62.00,205.00,1,0,1
91033,3.308,62.10,208.00,1,0,1
91036,3.312,62.00,205.00,1,0,1
91038,3.308,62.00,203.00,1,0,0
91041,3.276,141.70,205.00,1,0,0
91043,3.312,61.90,205.00,1,0,0
91046,3.312,61.90,205.00,1,0,0
91048,3.312,62.00,221.00,1,0,1
91051,3.304,62.10,206.00,1,0,1
91053,3.312,62.00,205.00,1,0,1
91056,3.312,61.90,205.00,1,0,1
91058,3.308,61.90,205.00,1,0,0
91071,3.312,62.00,205.00,1,0,1
91073,3.312,61.80,205.00,1,0,1
91076,3.312,61.90,205.00,1,0,1
91078,3.312,61.90,205.00,1,0,0
91081,3.300,62.00,205.00,1,0,0
91083,3.312,62.10,203.00,1,0,0
91086,3.272,140.80,205.00,1,0,0
91088,3.312,61.90,205.00,1,0,1
91090,3.312,61.90,205.00,1,0,1
91093,3.312,61.90,205.00,1,0,1
91095,3.308,62.00,205.00,1,0,1
91098,3.312,62.10,206.00,1,0,0
91100,3.304,62.00,211.00,1,0,0
91103,3.312,61.90,205.00,1,0,0
91116,3.308,62.10,334.00,1,0,1
91118,3.292,101.90,336.00,1,0,0
91120,3.288,91.00,300.00,1,0,0
91123,3.312,61.80,205.00,1,0,0
91125,3.312,61.80,205.00,1,0,0
91128,3.312,61.90,205.00,1,0,1
91130,3.312,62.10,206.00,1,0,1
91133,3.312,125.60,411.00,1,0,1
91135,3.284,62.10,206.00,1,0,1
91138,3.312,61.90,205.00,1,0,0
91140,3.312,61.80,205.00,1,0,0
91143,3.312,61.70,205.00,1,0,0
91145,3.312,61.90,205.00,1,0,0
91148,3.312,62.00,205.00,1,0,1
91160,3.304,61.90,205.00,1,0,0
91163,3.312,62.00,205.00,1,0,0
91165,3.312,62.00,205.00,1,0,0
91168,3.312,62.90,205.00,1,0,1
91170,3.312,61.80,205.00,1,0,1
91173,3.312,61.90,205.00,1,0,1
91175,3.308,61.80,205.00,1,0,1
91178,3.312,62.00,205.00,1,0,0
91180,3.260,143.80,472.00,1,0,0
91183,3.312,62.10,206.00,1,0,0
91185,3.312,61.90,205.00,1,0,0
91187,3.312,61.70,205.00,1,0,1
91190,3.308,61.80,205.00,1,0,1
91192,3.312,61.80,205.00,1,0,1
91205,3.292,70.00,233.00,1,0,0
91208,3.312,61.90,205.00,1,0,1
91210,3.308,61.90,205.00,1,0,1
91213,3.312,62.10,206.00,1,0,1
91215,3.312,62.10,206.00,1,0,1
91217,3.312,62.10,206.00,1,0,0
91220,3.288,113.30,324.00,1,0,0
91222,3.292,98.50,324.00,1,0,0
91225,3.312,61.80,205.00,1,0,0
91227,3.312,61.90,419.00,1,0,1
91230,3.292,62.30,206.00,1,0,1
91232,3.308,62.30,206.00,1,0,1
91235,3.312,63.70,205.00,1,0,1
91237,3.312,61.90,205.00,1,0,0
91250,3.312,62.20,206.00,1,0,1
91252,3.276,119.60,392.00,1,0,1
91255,3.308,62.00,205.00,1,0,1
91257,3.312,61.90,205.00,1,0,0
91260,3.300,62.00,205.00,1,0,0
91262,3.312,62.00,205.00,1,0,0
91265,3.312,62.10,206.00,1,0,0
91267,3.312,62.00,205.00,1,0,1
91270,3.312,62.70,208.00,1,0,1
91272,3.312,61.90,205.00,1,0,1
91275,3.312,144.00,470.00,1,0,1
91277,3.312,62.10,206.00,1,0,1
91280,3.312,67.50,206.00,1,0,0
91282,3.312,62.10,206.00,1,0,0
91295,3.312,119.70,392.00,1,0,1
91297,3.312,62.10,205.00,1,0,1
91300,3.312,76.00,205.00,1,0,0
91302,3.312,61.80,205.00,1,0,0
91305,3.312,61.80,205.00,1,0,0
91307,3.312,61.80,205.00,1,0,0
91310,3.312,62.00,205.00,1,0,1
91312,3.308,62.10,205.00,1,0,1
91314,3.312,62.80,206.00,1,0,1
91317,3.312,62.00,205.00,1,0,1
91319,3.312,150.50,492.00,1,0,0
91322,3.288,98.30,324.00,1,0,0
91324,3.292,99.80,300.00,1,0,0
91327,3.296,61.90,205.00,1,0,0
91339,3.312,62.90,208.00,1,0,0
91342,3.312,61.90,203.00,1,0,0
91344,3.276,143.90,206.00,1,0,0
91347,3.312,62.00,205.00,1,0,0
91349,3.312,71.50,238.00,1,0,1
91352,3.312,62.00,205.00,1,0,1
91354,3.312,61.90,205.00,1,0,1
91357,3.312,61.90,205.00,1,0,1
91359,3.312,63.70,205.00,1,0,0
91362,3.312,62.00,205.00,1,0,0
91364,3.312,62.00,205.00,1,0,0
91367,3.312,61.90,285.00,1,0,0
91369,3.248,102.80,341.00,1,0,1
91372,3.312,62.10,205.00,1,0,1
91384,3.312,61.90,205.00,1,0,0
91387,3.312,61.70,202.00,1,0,0
91389,3.260,142.30,206.00,1,0,1
91392,3.312,62.00,205.00,1,0,1
91394,3.312,63.10,210.00,1,0,1
91397,3.312,62.10,206.00,1,0,1
91399,3.312,73.20,242.00,1,0,0
91402,3.312,61.90,205.00,1,0,0
91404,3.312,61.80,205.00,1,0,0
91407,3.312,61.90,205.00,1,0,0
91409,3.312,69.30,229.00,1,0,1
91411,3.312,62.10,426.00,1,0,1
91414,3.292,62.40,206.00,1,0,1
91416,3.312,62.10,205.00,1,0,1
91429,3.292,82.10,272.00,1,0,1
91432,3.312,62.00,205.00,1,0,1
91434,3.312,62.00,205.00,1,0,1
91436,3.304,119.90,392.00,1,0,1
91439,3.312,62.80,206.00,1,0,0
91441,3.312,61.80,205.00,1,0,0
91444,3.312,61.80,205.00,1,0,0
91446,3.312,61.90,205.00,1,0,0
91449,3.312,61.80,205.00,1,0,1
91451,3.312,61.80,205.00,1,0,1
91454,3.312,61.80,205.00,1,0,1
91456,3.312,61.90,205.00,1,0,1
91459,3.312,115.70,377.00,1,0,0
91461,3.272,62.30,206.00,1,0,0
91474,3.312,62.90,208.00,1,0,1
91476,3.312,61.90,205.00,1,0,1
91479,3.312,61.90,249.00,1,0,0
91481,3.312,140.00,457.00,1,0,0
91484,3.260,107.90,357.00,1,0,0
91486,3.312,61.80,205.00,1,0,0
91489,3.312,63.00,208.00,1,0,1
91491,3.312,61.80,205.00,1,0,1
91494,3.312,61.80,208.00,1,0,1
91496,3.312,61.90,205.00,1,0,1
91499,3.312,61.90,205.00,1,0,0
91501,3.312,61.80,205.00,1,0,0
91504,3.312,61.80,205.00,1,0,0
91506,3.312,142.70,467.00,1,0,0
91519,3.308,61.80,203.00,1,0,0
91521,3.312,61.80,205.00,1,0,0
91524,3.312,61.70,205.00,1,0,0
91526,3.284,100.40,329.00,1,0,0
91529,3.292,102.10,339.00,1,0,1
91531,3.288,99.90,259.00,1,0,1
91533,3.308,61.90,205.00,1,0,1
91536,3.312,61.90,205.00,1,0,1
91538,3.312,61.90,215.00,1,0,0
91541,3.296,61.80,205.00,1,0,0
91543,3.312,61.80,205.00,1,0,0
91546,3.312,61.70,205.00,1,0,0
91548,3.312,61.70,205.00,1,0,1
91551,3.308,61.90,205.00,1,0,1
91563,3.312,61.70,205.00,1,0,0
91566,3.312,61.80,205.00,1,0,0
91568,3.308,62.10,206.00,1,0,1
91571,3.308,61.80,205.00,1,0,1
91573,3.312,61.80,206.00,1,0,1
91576,3.312,61.80,205.00,1,0,1
91578,3.312,61.80,203.00,1,0,0
91581,3.268,124.10,208.00,1,0,0
91583,3.312,61.90,205.00,1,0,0
91586,3.312,61.80,205.00,1,0,0
91588,3.312,61.70,205.00,1,0,1
91591,3.308,61.90,205.00,1,0,1
91593,3.312,61.80,205.00,1,0,1
91596,3.312,61.80,205.00,1,0,1
91608,3.312,61.70,205.00,1,0,1
91611,3.312,61.80,205.00,1,0,1
91613,3.312,61.80,205.00,1,0,1
91616,3.312,62.00,205.00,1,0,1
91618,3.312,61.90,206.00,1,0,0
91621,3.304,61.70,205.00,1,0,0
91623,3.312,61.80,205.00,1,0,0
91626,3.296,164.60,252.00,1,0,0
91628,3.312,98.20,323.00,1,0,1
91631,3.292,98.40,324.00,1,0,1
91633,3.292,92.10,206.00,1,0,1
91635,3.312,62.00,205.00,1,0,1
91638,3.312,61.90,205.00,1,0,0
91640,3.304,61.90,205.00,1,0,0
91653,3.312,62.10,206.00,1,0,1
91656,3.312,62.00,205.00,1,0,1
91658,3.312,62.00,205.00,1,0,0
91660,3.312,61.80,205.00,1,0,0
91663,3.312,61.90,205.00,1,0,0
91665,3.312,106.10,347.00,1,0,0
91668,3.264,105.30,346.00,1,0,1
91670,3.312,62.00,206.00,1,0,1
91673,3.312,62.00,205.00,1,0,1
91675,3.312,61.80,205.00,1,0,1
91678,3.312,61.90,205.00,1,0,0
91680,3.308,61.90,205.00,1,0,0
91683,3.312,62.00,205.00,1,0,0
91685,3.312,61.90,205.00,1,0,0
91698,3.312,61.90,205.00,1,0,0
91700,3.304,62.10,205.00,1,0,0
91703,3.312,61.90,205.00,1,0,0
91705,3.312,61.90,205.00,1,0,0
91708,3.312,61.90,205.00,1,0,1
91710,3.308,62.00,205.00,1,0,1
91713,3.312,62.00,203.00,1,0,1
91715,3.284,140.90,206.00,1,0,1
91718,3.312,62.10,205.00,1,0,0
91720,3.308,61.90,205.00,1,0,0
91723,3.312,61.90,205.00,1,0,0
91725,3.308,61.80,205.00,1,0,0
91728,3.312,61.80,205.00,1,0,1
91730,3.308,62.00,329.00,1,0,1
91743,3.312,61.80,205.00,1,0,0
91745,3.312,61.80,205.00,1,0,0
91748,3.304,61.80,205.00,1,0,1
91750,3.312,62.10,205.00,1,0,1
91753,3.308,61.90,205.00,1,0,1
91755,3.312,61.90,205.00,1,0,1
91757,3.312,61.80,205.00,1,0,0
91760,3.276,115.30,293.00,1,0,0
91762,3.312,61.90,205.00,1,0,0
91765,3.312,62.00,205.00,1,0,0
91767,3.312,61.90,205.00,1,0,1
91770,3.312,62.00,205.00,1,0,1
91772,3.312,62.00,205.00,1,0,1
91775,3.308,61.80,205.00,1,0,1
91787,3.312,61.80,205.00,1,0,1
91790,3.312,61.80,205.00,1,0,1
91792,3.312,61.90,205.00,1,0,1
91795,3.312,61.90,205.00,1,0,1
91797,3.312,62.00,205.00,1,0,0
91800,3.312,61.90,205.00,1,0,0
91802,3.312,61.90,205.00,1,0,0
91805,3.312,61.90,352.00,1,0,0
91807,3.256,61.90,205.00,1,0,1
91810,3.312,61.90,205.00,1,0,1
91812,3.312,61.90,205.00,1,0,1
91815,3.312,62.10,206.00,1,0,1
91817,3.312,61.90,205.00,1,0,1
91820,3.312,71.90,205.00,1,0,0
91832,3.312,62.10,362.00,1,0,1
91835,3.296,100.60,331.00,1,0,1
91837,3.296,92.10,303.00,1,0,0
91840,3.308,78.50,205.00,1,0,0
91842,3.312,61.80,205.00,1,0,0
91845,3.312,61.80,205.00,1,0,0
91847,3.308,62.00,205.00,1,0,0
91850,3.312,101.80,396.00,1,0,1
91852,3.264,62.10,206.00,1,0,1
91854,3.312,62.70,208.00,1,0,1
91857,3.308,61.90,205.00,1,0,1
91859,3.312,65.40,216.00,1,0,0
91862,3.308,61.90,205.00,1,0,0
91864,3.312,62.00,205.00,1,0,0
91877,3.312,61.90,205.00,1,0,1
91880,3.312,62.00,205.00,1,0,0
91882,3.312,62.00,205.00,1,0,0
91884,3.312,62.90,205.00,1,0,0
91887,3.312,61.90,205.00,1,0,0
91889,3.308,66.60,221.00,1,0,1
91892,3.312,61.90,265.00,1,0,1
91894,3.276,126.00,416.00,1,0,1
91897,3.308,62.10,206.00,1,0,1
91899,3.308,68.20,226.00,1,0,0
91902,3.312,62.00,205.00,1,0,0
91904,3.312,61.70,205.00,1,0,0
91907,3.308,61.80,205.00,1,0,0
91909,3.312,61.80,205.00,1,0,1
91922,3.312,61.80,205.00,1,0,0
91924,3.312,61.80,205.00,1,0,0
91927,3.312,61.80,205.00,1,0,0
91929,3.312,62.90,205.00,1,0,1
91932,3.312,62.00,205.00,1,0,1
91934,3.312,62.70,208.00,1,0,1
91937,3.288,100.10,323.00,1,0,1
91939,3.284,101.60,336.00,1,0,0
91942,3.312,61.70,205.00,1,0,0
91944,3.312,61.80,205.00,1,0,0
91947,3.312,61.90,205.00,1,0,0
91949,3.312,72.30,239.00,1,0,1
91951,3.312,62.00,205.00,1,0,1
91954,3.312,61.90,205.00,1,0,1
91967,3.312,62.00,205.00,1,0,0
91969,3.312,61.90,205.00,1,0,1
91972,3.312,61.80,205.00,1,0,1
91974,3.312,61.80,205.00,1,0,1
91977,3.312,61.80,205.00,1,0,1
91979,3.312,64.50,213.00,1,0,0
91981,3.312,61.90,205.00,1,0,0
91984,3.312,105.40,346.00,1,0,0
91986,3.264,103.60,341.00,1,0,0
91989,3.312,61.80,205.00,1,0,1
91991,3.308,61.80,205.00,1,0,1
91994,3.308,63.10,210.00,1,0,1
91996,3.308,61.90,205.00,1,0,1
91999,3.308,73.90,244.00,1,0,0
92011,3.312,62.00,205.00,1,0,1
92014,3.312,62.90,208.00,1,0,1
92016,3.312,62.00,205.00,1,0,1
92019,3.312,61.80,241.00,1,0,0
92021,3.312,61.70,205.00,1,0,0
92024,3.312,61.60,205.00,1,0,0
92026,3.312,61.80,205.00,1,0,0
92029,3.312,62.60,205.00,1,0,1
92031,3.272,85.30,282.00,1,0,1
92034,3.312,62.10,205.00,1,0,1
92036,3.312,61.90,205.00,1,0,1
92039,3.292,98.70,324.00,1,0,0
92041,3.292,101.30,308.00,1,0,0
92044,3.288,61.80,205.00,1,0,0
92056,3.308,65.80,218.00,1,1,0
92059,3.312,65.90,218.00,1,1,0
92061,3.312,65.90,218.00,1,1,0
92064,3.312,65.90,218.00,1,1,0
92066,3.312,183.80,603.00,1,1,0
92069,3.288,91.00,300.00,1,1,0
92071,3.288,91.10,300.00,1,1,0
92074,3.292,91.00,300.00,1,1,0
92076,3.288,91.20,300.00,1,1,0
92078,3.288,91.20,323.00,1,1,0
92081,3.292,98.30,324.00,1,1,0
92083,3.292,100.00,329.00,1,1,0
92086,3.292,99.00,328.00,1,1,0
92088,3.284,100.00,329.00,1,1,0
92101,3.292,98.50,324.00,1,1,0
92103,3.292,102.60,338.00,1,1,0
92106,3.292,101.40,334.00,1,1,0
92108,3.296,101.70,324.00,1,1,0
92111,3.292,99.50,328.00,1,1,0
92113,3.292,98.70,324.00,1,1,0
92116,3.292,97.90,347.00,1,1,0
92118,3.276,102.90,339.00,1,1,0
92121,3.292,103.70,339.00,1,1,0
92123,3.292,101.80,349.00,1,1,0
92126,3.276,102.90,338.00,1,1,0
92128,3.252,94.80,311.00,1,1,0
92131,3.292,91.30,300.00,1,1,0
92143,3.292,99.00,298.00,1,1,0
92146,3.288,97.50,321.00,1,1,0
92148,3.288,103.20,339.00,1,1,0
92151,3.288,101.30,328.00,1,1,0
92153,3.296,99.30,326.00,1,1,0
92156,3.288,99.30,326.00,1,1,0
92158,3.292,100.00,339.00,1,1,0
92161,3.296,98.20,323.00,1,1,0
92163,3.292,98.30,323.00,1,1,0
92166,3.292,99.70,336.00,1,1,0
92168,3.296,102.00,336.00,1,1,0
92171,3.292,101.20,334.00,1,1,0
92173,3.292,101.20,333.00,1,1,0
92186,3.280,103.50,339.00,1,1,0
92188,3.292,117.20,511.00,1,1,0
92191,3.280,91.40,300.00,1,1,0
92193,3.292,91.30,300.00,1,1,0
92196,3.292,91.30,300.00,1,1,0
92198,3.288,91.20,300.00,1,1,0
92201,3.288,91.30,300.00,1,1,0
92203,3.288,89.70,295.00,1,1,0
92206,3.288,98.50,324.00,1,1,0
92208,3.292,101.60,334.00,1,1,0
92210,3.292,101.50,329.00,1,1,0
92213,3.292,101.80,336.00,1,1,0
92215,3.292,98.60,324.00,1,1,0
92228,3.292,101.70,334.00,1,1,0
92231,3.296,101.60,334.00,1,1,0
92233,3.296,101.50,329.00,1,1,0
92235,3.292,98.90,326.00,1,1,0
92238,3.296,102.00,334.00,1,1,0
92240,3.284,102.90,336.00,1,1,0
92243,3.292,103.40,341.00,1,1,0
92245,3.276,106.30,349.00,1,1,0
92248,3.288,95.10,338.00,1,1,0
92250,3.256,91.20,300.00,1,1,0
92253,3.288,91.20,300.00,1,1,0
92255,3.288,91.40,300.00,1,1,0
92258,3.288,91.40,300.00,1,1,0
92270,3.292,99.10,326.00,1,1,0
92273,3.292,98.50,324.00,1,1,0
92275,3.292,101.50,334.00,1,1,0
92278,3.292,97.20,328.00,1,1,0
92280,3.292,98.40,324.00,1,1,0
92283,3.292,101.10,333.00,1,1,0
92285,3.296,102.10,324.00,1,1,0
92288,3.292,98.50,324.00,1,1,0
92290,3.292,99.30,328.00,1,1,0
92293,3.292,98.50,324.00,1,1,0
92295,3.288,89.80,295.00,1,1,0
92298,3.292,99.70,329.00,1,1,0
92300,3.284,105.60,342.00,1,1,0
92313,3.288,91.40,300.00,1,1,0
92315,3.288,91.40,300.00,1,1,0
92318,3.288,91.30,300.00,1,1,0
92320,3.288,98.60,326.00,1,1,0
92323,3.292,102.50,338.00,1,1,0
92325,3.292,98.90,326.00,1,1,0
92328,3.292,98.80,326.00,1,1,0
92330,3.292,99.30,328.00,1,1,0
92333,3.292,99.00,326.00,1,1,0
92335,3.288,100.10,329.00,1,1,0
92337,3.292,98.50,324.00,1,1,0
92340,3.292,99.00,326.00,1,1,0
92342,3.288,98.70,324.00,1,1,0
92345,3.288,96.40,329.00,1,1,0
92358,3.292,101.80,378.00,1,0,1
92360,3.268,99.70,326.00,1,0,1
92363,3.276,136.40,449.00,1,0,0
92365,3.280,114.20,338.00,1,0,0
92367,3.288,98.30,323.00,1,0,0
92370,3.292,98.10,321.00,1,0,0
92372,3.292,98.00,324.00,1,0,1
92375,3.292,62.10,206.00,1,0,1
92377,3.312,61.90,205.00,1,0,1
92380,3.308,62.00,205.00,1,0,1
92382,3.312,61.90,205.00,1,0,0
92385,3.312,124.80,411.00,1,0,0
92387,3.300,62.00,205.00,1,0,0
92400,3.308,62.00,205.00,1,0,1
92402,3.312,62.00,205.00,1,0,0
92405,3.312,61.90,205.00,1,0,0
92407,3.312,137.10,447.00,1,0,0
92410,3.264,108.30,205.00,1,0,0
92412,3.312,61.80,205.00,1,0,1
92415,3.300,62.00,205.00,1,0,1
92417,3.312,62.10,205.00,1,0,1
92420,3.308,62.00,205.00,1,0,1
92422,3.312,61.90,205.00,1,0,0
92425,3.312,75.10,205.00,1,0,0
92427,3.312,139.90,459.00,1,0,0
92430,3.280,140.30,464.00,1,0,0
92442,3.312,61.90,205.00,1,0,0
92445,3.308,70.10,205.00,1,0,0
92447,3.312,61.80,205.00,1,0,0
92450,3.312,62.00,205.00,1,0,0
92452,3.292,93.30,306.00,1,0,0
92455,3.288,90.80,205.00,1,0,1
92457,3.312,61.90,205.00,1,0,1
92460,3.312,61.90,205.00,1,0,1
92462,3.312,61.90,205.00,1,0,1
92465,3.312,69.10,229.00,1,0,0
92467,3.312,62.00,205.00,1,0,0
92469,3.312,61.90,205.00,1,0,0
92472,3.312,133.80,437.00,1,0,0
92474,3.268,120.80,400.00,1,0,1
92487,3.312,61.90,205.00,1,0,0
92490,3.312,61.90,205.00,1,0,0
92492,3.312,61.80,205.00,1,0,0
92494,3.312,61.90,203.00,1,0,1
92497,3.276,144.90,206.00,1,0,1
92499,3.312,63.10,206.00,1,0,1
92502,3.312,62.00,205.00,1,0,1
92504,3.312,72.80,241.00,1,0,0
92507,3.312,61.90,205.00,1,0,0
92509,3.312,61.70,205.00,1,0,0
92512,3.312,61.80,205.00,1,0,0
92514,3.312,61.80,205.00,1,0,1
92517,3.312,62.10,206.00,1,0,1
92519,3.312,62.70,206.00,1,0,1
92532,3.312,61.90,205.00,1,0,0
92534,3.316,69.30,206.00,1,0,1
92537,3.312,62.00,205.00,1,0,1
92539,3.312,62.10,206.00,1,0,1
92542,3.312,61.80,205.00,1,0,1
92544,3.312,92.30,300.00,1,0,0
92547,3.292,62.00,205.00,1,0,0
92549,3.312,62.00,339.00,1,0,0
92552,3.292,93.00,306.00,1,0,0
92554,3.292,93.80,310.00,1,0,1
92557,3.312,61.90,205.00,1,0,1
92559,3.312,61.90,205.00,1,0,1
92562,3.312,62.00,205.00,1,0,1
92564,3.312,62.50,206.00,1,0,0
92577,3.312,61.90,205.00,1,0,1
92579,3.312,62.00,205.00,1,0,1
92582,3.308,62.10,206.00,1,0,1
92584,3.312,68.60,228.00,1,0,0
92587,3.312,62.00,205.00,1,0,0
92589,3.312,61.80,203.00,1,0,0
92591,3.276,120.50,396.00,1,0,0
92594,3.312,61.90,205.00,1,0,1
92596,3.312,62.10,206.00,1,0,1
92599,3.312,63.10,210.00,1,0,1
92601,3.308,62.10,206.00,1,0,1
92604,3.312,62.00,252.00,1,0,0
92606,3.312,61.80,205.00,1,0,0
92609,3.312,61.80,205.00,1,0,0
92621,3.312,62.00,205.00,1,0,1
92624,3.308,61.90,228.00,1,0,0
92626,3.312,61.80,205.00,1,0,0
92629,3.312,62.00,205.00,1,0,0
92631,3.312,61.90,205.00,1,0,0
92634,3.312,62.80,208.00,1,0,1
92636,3.276,119.40,392.00,1,0,1
92639,3.312,61.90,205.00,1,0,1
92641,3.312,61.90,205.00,1,0,1
92644,3.312,61.90,205.00,1,0,0
92646,3.312,62.00,205.00,1,0,0
92649,3.312,62.00,205.00,1,0,0
92651,3.312,62.00,205.00,1,0,0
92654,3.288,100.70,365.00,1,0,1
92666,3.312,62.00,205.00,1,0,0
92669,3.312,61.90,205.00,1,0,0
92671,3.312,61.70,205.00,1,0,0
92674,3.312,61.80,205.00,1,0,1
92676,3.312,61.80,205.00,1,0,1
92679,3.312,62.60,208.00,1,0,1
92681,3.268,87.30,283.00,1,0,1
92684,3.308,62.20,246.00,1,0,0
92686,3.312,61.80,205.00,1,0,0
92688,3.312,61.80,205.00,1,0,0
92691,3.312,61.80,205.00,1,0,0
92693,3.312,62.20,206.00,1,0,1
92696,3.312,62.00,205.00,1,0,1
92698,3.308,64.70,208.00,1,0,1
92711,3.312,61.90,205.00,1,0,0
92713,3.312,62.00,234.00,1,0,1
92716,3.312,62.10,206.00,1,0,1
92718,3.312,62.00,205.00,1,0,1
92721,3.312,61.80,205.00,1,0,1
92723,3.308,61.80,205.00,1,0,0
92726,3.312,79.60,261.00,1,0,0
92728,3.280,127.10,205.00,1,0,0
92731,3.312,62.00,205.00,1,0,0
92733,3.312,62.00,205.00,1,0,1
92736,3.312,61.80,205.00,1,0,1
92738,3.312,61.90,205.00,1,0,1
92741,3.312,61.80,205.00,1,0,1
92743,3.312,62.00,208.00,1,0,0
92756,3.292,91.60,301.00,1,0,1
92758,3.288,95.40,303.00,1,0,1
92761,3.292,62.00,205.00,1,0,1
92763,3.308,62.10,206.00,1,0,0
92766,3.304,62.10,206.00,1,0,0
92768,3.312,61.90,205.00,1,0,0
92771,3.312,61.90,205.00,1,0,0
92773,3.312,61.80,205.00,1,0,1
92776,3.304,140.40,457.00,1,0,1
92778,3.300,62.20,206.00,1,0,1
92781,3.308,62.10,205.00,1,0,1
92783,3.308,62.10,205.00,1,0,0
92785,3.312,61.90,205.00,1,0,0
92788,3.312,61.90,205.00,1,0,0
92801,3.304,62.10,205.00,1,0,1
92803,3.312,61.90,205.00,1,0,0
92806,3.304,62.80,208.00,1,0,0
92808,3.312,61.90,205.00,1,0,0
92810,3.312,61.90,205.00,1,0,0
92813,3.312,62.00,205.00,1,0,1
92815,3.312,62.10,206.00,1,0,1
92818,3.312,62.00,205.00,1,0,1
92820,3.308,61.90,205.00,1,0,1
92823,3.308,135.70,444.00,1,0,0
92825,3.288,62.40,205.00,1,0,0
92828,3.312,62.00,205.00,1,0,0
92830,3.312,62.00,205.00,1,0,0
92833,3.312,62.00,205.00,1,0,1
92845,3.268,84.00,206.00,1,0,0
92848,3.312,62.10,206.00,1,0,0
92850,3.312,61.90,205.00,1,0,0
92853,3.312,61.80,205.00,1,0,1
92855,3.312,61.90,205.00,1,0,1
92858,3.312,95.70,315.00,1,0,1
92860,3.292,92.10,300.00,1,0,1
92863,3.296,62.10,206.00,1,0,0
92865,3.312,61.90,205.00,1,0,0
92868,3.304,125.70,411.00,1,0,0
92870,3.308,62.00,205.00,1,0,0
92873,3.312,61.80,205.00,1,0,1
92875,3.312,62.00,205.00,1,0,1
92878,3.312,62.10,205.00,1,0,1
92890,3.268,111.10,205.00,1,0,0
92893,3.312,61.90,205.00,1,0,1
92895,3.308,62.10,206.00,1,0,1
92898,3.312,62.10,205.00,1,0,1
92900,3.312,62.00,205.00,1,0,1
92903,3.308,62.00,205.00,1,0,0
92905,3.304,62.70,205.00,1,0,0
92907,3.312,62.80,208.00,1,0,0
92910,3.312,143.90,472.00,1,0,0
92912,3.268,68.70,228.00,1,0,1
92915,3.312,62.70,205.00,1,0,1
92917,3.312,62.00,205.00,1,0,1
92920,3.308,61.90,205.00,1,0,1
92922,3.312,62.00,205.00,1,0,0
92935,3.292,62.10,205.00,1,0,1
92937,3.312,61.90,205.00,1,0,1
92940,3.312,62.00,205.00,1,0,1
92942,3.312,62.00,205.00,1,0,0
92949,3.312,61.90,205.00,1,0,0
92952,3.312,61.80,205.00,1,0,0
92954,3.268,144.00,321.00,1,0,1
92957,3.304,62.10,206.00,1,0,1
92959,3.312,88.10,290.00,1,0,1
92962,3.288,95.50,328.00,1,0,1
92964,3.292,96.00,318.00,1,0,0
92966,3.312,61.90,205.00,1,0,0
92969,3.312,61.90,205.00,1,0,0
92971,3.312,61.90,205.00,1,0,0
92974,3.308,62.70,208.00,1,0,1
92976,3.264,144.30,239.00,1,0,1
92979,3.308,63.00,208.00,1,0,1
92981,3.308,62.00,205.00,1,0,1
92994,3.312,62.70,208.00,1,0,1
92996,3.308,61.90,205.00,1,0,1
