timestamp_ms,voltage_V,current_mA,power_mW,marker_ble,marker_wifi,marker_sleep
4,3.292,95.10,313.00,1,0,0
7,3.292,94.80,311.00,1,0,0
9,3.292,96.00,316.00,1,0,0
12,3.292,94.90,313.00,1,0,0
14,3.292,100.30,329.00,1,0,0
17,3.292,95.20,313.00,1,0,0
19,3.292,95.20,313.00,1,0,0
22,3.292,94.90,313.00,1,0,0
24,3.292,94.90,313.00,1,0,0
26,3.292,95.00,313.00,1,0,0
29,3.292,89.20,293.00,1,0,0
31,3.292,95.40,315.00,1,0,0
34,3.292,96.00,316.00,1,0,0
36,3.292,96.10,316.00,1,0,0
39,3.292,95.70,315.00,1,0,0
41,3.292,95.60,315.00,1,0,0
44,3.292,95.60,315.00,1,0,0
46,3.292,95.90,316.00,1,0,0
49,3.284,95.10,313.00,1,0,0
51,3.292,99.40,334.00,1,0,0
54,3.296,99.10,326.00,1,0,0
56,3.292,96.20,316.00,1,0,0
59,3.292,95.40,319.00,1,0,0
71,3.296,106.80,316.00,1,0,0
74,3.292,95.10,313.00,1,0,0
76,3.292,95.10,313.00,1,0,0
79,3.292,95.10,329.00,1,0,0
81,3.292,98.80,326.00,1,0,0
84,3.296,95.80,315.00,1,0,0
86,3.292,95.10,313.00,1,0,0
89,3.296,94.80,313.00,1,0,0
91,3.296,98.30,324.00,1,0,0
93,3.296,98.50,324.00,1,0,0
96,3.276,95.50,313.00,1,0,0
98,3.292,95.20,315.00,1,0,0
101,3.292,95.10,313.00,1,0,0
103,3.292,95.60,321.00,1,0,0
106,3.292,95.00,313.00,1,0,0
108,3.292,95.10,313.00,1,0,0
111,3.292,94.80,313.00,1,0,0
113,3.292,95.60,315.00,1,0,0
116,3.292,96.00,316.00,1,0,0
118,3.296,98.60,378.00,1,0,0
121,3.292,95.20,313.00,1,0,0
133,3.292,95.10,313.00,1,0,0
136,3.292,95.70,315.00,1,0,0
138,3.284,94.80,316.00,1,0,0
141,3.292,95.50,315.00,1,0,0
143,3.292,95.10,313.00,1,0,0
146,3.292,95.40,315.00,1,0,0
148,3.292,96.00,315.00,1,0,0
151,3.292,93.50,308.00,1,0,0
153,3.292,96.00,316.00,1,0,0
156,3.292,97.30,315.00,1,0,0
158,3.292,95.60,315.00,1,0,0
160,3.292,95.00,313.00,1,0,0
163,3.292,95.30,313.00,1,0,0
165,3.292,95.00,313.00,1,0,0
168,3.296,95.60,315.00,1,0,0
170,3.292,95.60,295.00,1,0,0
173,3.296,95.00,313.00,1,0,0
175,3.288,95.20,313.00,1,0,0
178,3.284,94.90,321.00,1,0,0
190,3.292,97.40,315.00,1,0,0
193,3.296,98.80,326.00,1,0,0
195,3.296,95.50,315.00,1,0,0
198,3.292,98.60,324.00,1,0,0
200,3.296,95.10,313.00,1,0,0
203,3.292,95.20,313.00,1,0,0
205,3.292,95.90,316.00,1,0,0
208,3.292,95.10,313.00,1,0,0
210,3.292,94.90,313.00,1,0,0
213,3.292,95.10,313.00,1,0,0
215,3.292,99.30,313.00,1,0,0
218,3.292,95.40,315.00,1,0,0
220,3.292,96.10,316.00,1,0,0
223,3.292,95.40,315.00,1,0,0
225,3.292,96.20,318.00,1,0,0
227,3.292,95.40,315.00,1,0,0
230,3.292,95.80,315.00,1,0,0
232,3.296,89.20,293.00,1,0,0
235,3.292,100.50,331.00,1,0,0
248,3.292,95.20,313.00,1,0,0
250,3.292,95.20,326.00,1,0,0
252,3.296,96.80,315.00,1,0,0
255,3.292,106.00,349.00,1,0,0
257,3.296,97.10,319.00,1,0,0
260,3.292,94.70,316.00,1,0,0
262,3.292,99.10,326.00,1,0,0
265,3.296,95.10,313.00,1,0,0
267,3.292,95.90,315.00,1,0,0
270,3.296,98.10,323.00,1,0,0
272,3.292,93.90,310.00,1,0,0
275,3.296,87.50,295.00,1,0,0
277,3.284,95.60,315.00,1,0,0
280,3.292,95.10,313.00,1,0,0
282,3.292,99.00,326.00,1,0,0
285,3.296,95.40,315.00,1,0,0
287,3.292,95.70,315.00,1,0,0
290,3.292,97.60,328.00,1,0,0
292,3.292,95.20,313.00,1,0,0
305,3.292,94.90,313.00,1,0,0
307,3.292,95.00,313.00,1,0,0
310,3.292,95.40,315.00,1,0,0
312,3.292,95.10,326.00,1,0,0
315,3.296,103.60,341.00,1,0,0
317,3.292,95.10,311.00,1,0,0
319,3.292,96.10,318.00,1,0,0
322,3.296,96.60,318.00,1,0,0
324,3.292,98.20,324.00,1,0,0
327,3.292,98.60,319.00,1,0,0
329,3.292,95.20,315.00,1,0,0
332,3.296,98.50,324.00,1,0,0
334,3.292,95.30,310.00,1,0,0
337,3.292,93.10,306.00,1,0,0
339,3.292,95.20,313.00,1,0,0
342,3.292,95.40,315.00,1,0,0
344,3.292,95.90,316.00,1,0,0
347,3.292,96.00,316.00,1,0,0
349,3.292,95.10,311.00,1,0,0
362,3.292,95.10,315.00,1,0,0
364,3.292,95.10,313.00,1,0,0
367,3.292,95.10,313.00,1,0,0
369,3.292,94.80,311.00,1,0,0
372,3.292,94.80,311.00,1,0,0
374,3.292,94.90,311.00,1,0,0
377,3.296,87.90,290.00,1,0,0
379,3.292,95.20,315.00,1,0,0
382,3.292,95.30,313.00,1,0,0
384,3.292,95.30,313.00,1,0,0
387,3.292,95.00,313.00,1,0,0
389,3.292,95.10,313.00,1,0,0
391,3.292,95.30,313.00,1,0,0
394,3.292,95.10,324.00,1,0,0
396,3.284,95.20,313.00,1,0,0
399,3.292,95.10,313.00,1,0,0
401,3.292,96.30,315.00,1,0,0
404,3.292,95.00,313.00,1,0,0
406,3.292,94.70,311.00,1,0,0
419,3.292,94.90,313.00,1,0,0
421,3.292,94.70,311.00,1,0,0
424,3.292,94.10,315.00,1,0,0
426,3.292,95.10,313.00,1,0,0
429,3.292,95.10,313.00,1,0,0
431,3.292,95.20,313.00,1,0,0
434,3.292,95.60,315.00,1,0,0
436,3.292,94.80,311.00,1,0,0
439,3.292,89.30,298.00,1,0,0
441,3.292,95.10,313.00,1,0,0
444,3.292,95.60,315.00,1,0,0
446,3.292,95.90,315.00,1,0,0
449,3.292,96.20,316.00,1,0,0
451,3.288,94.70,311.00,1,0,0
454,3.292,95.40,311.00,1,0,0
456,3.280,94.80,311.00,1,0,0
458,3.292,92.50,305.00,1,0,0
461,3.292,95.10,313.00,1,0,0
463,3.292,95.10,313.00,1,0,0
476,3.280,95.50,324.00,1,0,0
478,3.296,87.10,287.00,1,0,0
481,3.292,95.40,315.00,1,0,0
483,3.292,95.30,313.00,1,0,0
486,3.292,97.60,321.00,1,0,0
488,3.292,95.00,313.00,1,0,0
491,3.292,94.80,328.00,1,0,0
493,3.292,95.80,315.00,1,0,0
496,3.280,95.20,313.00,1,0,0
498,3.296,95.30,315.00,1,0,0
501,3.292,95.40,315.00,1,0,0
503,3.292,98.40,324.00,1,0,0
506,3.292,98.40,324.00,1,0,0
508,3.296,96.20,318.00,1,0,0
511,3.292,95.40,315.00,1,0,0
513,3.292,95.80,313.00,1,0,0
516,3.292,95.50,315.00,1,0,0
518,3.292,95.00,313.00,1,0,0
520,3.292,94.70,313.00,1,0,0
533,3.292,95.10,313.00,1,0,0
536,3.292,114.90,311.00,1,0,0
538,3.292,94.70,311.00,1,0,0
541,3.292,89.20,293.00,1,0,0
543,3.292,95.60,315.00,1,0,0
545,3.292,96.00,316.00,1,0,0
548,3.292,95.80,315.00,1,0,0
550,3.292,95.70,315.00,1,0,0
553,3.292,95.70,315.00,1,0,0
555,3.288,95.70,315.00,1,0,0
558,3.292,95.70,316.00,1,0,0
560,3.292,95.80,315.00,1,0,0
563,3.292,95.30,313.00,1,0,0
565,3.292,96.30,315.00,1,0,0
568,3.292,96.20,316.00,1,0,0
570,3.292,95.30,313.00,1,0,0
573,3.292,95.40,313.00,1,0,0
575,3.280,95.30,315.00,1,0,0
578,3.292,95.50,315.00,1,0,0
590,3.292,94.90,313.00,1,0,0
593,3.296,98.90,326.00,1,0,0
595,3.292,101.70,315.00,1,0,0
598,3.284,95.40,315.00,1,0,0
600,3.292,97.90,323.00,1,0,0
603,3.296,98.30,318.00,1,0,0
605,3.292,94.90,313.00,1,0,0
608,3.292,95.10,313.00,1,0,0
610,3.292,95.40,313.00,1,0,0
613,3.292,95.50,315.00,1,0,0
615,3.292,103.30,341.00,1,0,0
617,3.292,95.20,311.00,1,0,0
620,3.292,94.80,311.00,1,0,0
622,3.292,95.30,313.00,1,0,0
625,3.292,95.10,313.00,1,0,0
627,3.292,96.80,318.00,1,0,0
630,3.292,95.30,313.00,1,0,0
632,3.292,95.30,324.00,1,0,0
645,3.292,95.20,313.00,1,0,0
647,3.292,95.80,315.00,1,0,0
650,3.292,95.70,315.00,1,0,0
652,3.292,98.50,324.00,1,0,0
655,3.292,95.70,377.00,1,0,0
657,3.296,98.40,324.00,1,0,0
660,3.296,98.50,324.00,1,0,0
662,3.292,95.40,313.00,1,0,0
665,3.292,92.10,303.00,1,0,0
667,3.292,98.40,324.00,1,0,0
670,3.292,98.90,318.00,1,0,0
672,3.296,98.30,324.00,1,0,0
675,3.292,97.40,319.00,1,0,0
677,3.292,95.50,323.00,1,0,0
680,3.292,99.00,326.00,1,0,0
682,3.292,95.00,313.00,1,0,0
684,3.292,87.30,313.00,1,0,0
687,3.292,95.00,313.00,1,0,0
689,3.292,94.80,313.00,1,0,0
702,3.292,94.90,313.00,1,0,0
705,3.292,94.90,313.00,1,0,0
707,3.292,95.00,315.00,1,0,0
709,3.292,93.50,308.00,1,0,0
712,3.296,95.40,315.00,1,0,0
714,3.296,98.70,338.00,1,0,0
717,3.284,95.10,313.00,1,0,0
719,3.292,95.00,313.00,1,0,0
722,3.292,95.00,311.00,1,0,0
724,3.292,95.30,313.00,1,0,0
727,3.292,95.60,315.00,1,0,0
729,3.292,95.90,315.00,1,0,0
732,3.292,98.70,324.00,1,0,0
734,3.292,98.90,324.00,1,0,0
737,3.280,94.90,313.00,1,0,0
739,3.292,95.40,315.00,1,0,0
742,3.296,99.10,326.00,1,0,0
744,3.292,96.80,295.00,1,0,0
747,3.292,95.50,315.00,1,0,0
759,3.292,95.50,315.00,1,0,0
762,3.292,95.40,315.00,1,0,0
764,3.296,99.00,326.00,1,0,0
767,3.292,94.80,311.00,1,0,0
769,3.292,98.60,324.00,1,0,0
772,3.296,92.50,305.00,1,0,0
774,3.292,95.80,328.00,1,0,0
776,3.284,95.50,315.00,1,0,0
779,3.292,95.70,315.00,1,0,0
781,3.292,94.80,321.00,1,0,0
784,3.292,94.80,311.00,1,0,0
786,3.292,87.40,288.00,1,0,0
789,3.292,94.80,315.00,1,0,0
791,3.292,95.30,313.00,1,0,0
794,3.292,95.00,313.00,1,0,0
796,3.292,99.40,329.00,1,0,0
799,3.296,97.80,323.00,1,0,0
801,3.292,95.60,315.00,1,0,0
804,3.292,94.80,311.00,1,0,0
816,3.292,97.40,321.00,1,0,0
819,3.292,94.90,311.00,1,0,0
821,3.292,95.50,315.00,1,0,0
824,3.292,95.10,313.00,1,0,0
826,3.292,95.20,324.00,1,0,0
829,3.296,95.30,313.00,1,0,0
831,3.292,94.80,311.00,1,0,0
834,3.292,95.10,311.00,1,0,0
836,3.280,94.80,311.00,1,0,0
839,3.292,95.20,313.00,1,0,0
841,3.292,95.30,323.00,1,0,0
843,3.296,95.50,315.00,1,0,0
846,3.292,95.10,313.00,1,0,0
848,3.292,88.90,306.00,1,0,0
851,3.292,95.40,315.00,1,0,0
853,3.292,95.60,315.00,1,0,0
856,3.280,98.60,313.00,1,0,0
858,3.280,95.90,316.00,1,0,0
861,3.292,95.50,315.00,1,0,0
873,3.292,95.10,313.00,1,0,0
876,3.284,95.30,313.00,1,0,0
878,3.292,95.10,313.00,1,0,0
881,3.292,94.90,313.00,1,0,0
883,3.292,94.80,311.00,1,0,0
886,3.292,94.90,315.00,1,0,0
888,3.292,87.90,290.00,1,0,0
891,3.292,95.30,313.00,1,0,0
893,3.292,95.60,313.00,1,0,0
896,3.288,95.00,313.00,1,0,0
898,3.292,94.70,313.00,1,0,0
901,3.292,94.80,315.00,1,0,0
903,3.292,95.10,313.00,1,0,0
906,3.292,95.30,313.00,1,0,0
908,3.292,95.20,313.00,1,0,0
910,3.292,95.40,315.00,1,0,0
913,3.292,94.90,313.00,1,0,0
915,3.288,114.60,311.00,1,0,0
918,3.292,94.80,311.00,1,0,0
931,3.292,94.60,313.00,1,0,0
933,3.292,94.90,313.00,1,0,0
935,3.280,94.50,311.00,1,0,0
938,3.292,94.90,313.00,1,0,0
940,3.292,95.00,313.00,1,0,0
943,3.292,95.00,313.00,1,0,0
945,3.292,95.10,313.00,1,0,0
948,3.292,94.80,311.00,1,0,0
950,3.292,89.20,293.00,1,0,0
953,3.292,94.50,313.00,1,0,0
955,3.292,95.60,315.00,1,0,0
958,3.292,95.90,316.00,1,0,0
960,3.292,95.60,316.00,1,0,0
963,3.292,94.70,311.00,1,0,0
965,3.292,94.80,311.00,1,0,0
968,3.292,94.80,315.00,1,0,0
970,3.292,97.30,321.00,1,0,0
973,3.292,98.00,323.00,1,0,0
975,3.292,117.60,318.00,1,0,0
988,3.292,95.20,313.00,1,0,0
990,3.292,98.60,293.00,1,0,0
993,3.292,95.70,315.00,1,0,0
995,3.292,101.80,336.00,1,0,0
998,3.284,95.00,311.00,1,0,0
1000,3.292,95.00,313.00,1,0,0
1002,3.292,94.80,311.00,1,0,0
1005,3.292,99.70,331.00,1,0,0
1007,3.292,98.80,326.00,1,0,0
1010,3.292,95.10,313.00,1,0,0
1012,3.288,95.00,311.00,1,0,0
1015,3.292,102.10,336.00,1,0,0
1017,3.292,94.80,311.00,1,0,0
1020,3.292,94.90,313.00,1,0,0
1022,3.292,95.20,313.00,1,0,0
1025,3.292,96.00,316.00,1,0,0
1037,3.296,95.30,313.00,1,0,0
1040,3.292,95.10,313.00,1,0,0
1042,3.292,95.20,313.00,1,0,0
1045,3.292,95.00,313.00,1,0,0
1047,3.292,94.90,313.00,1,0,0
1050,3.292,94.70,321.00,1,0,0
1052,3.296,88.60,292.00,1,0,0
1055,3.292,97.80,321.00,1,0,0
1057,3.292,95.70,315.00,1,0,0
1060,3.296,95.80,315.00,1,0,0
1062,3.292,95.10,313.00,1,0,0
1065,3.292,95.20,311.00,1,0,0
1067,3.292,94.80,311.00,1,0,0
1070,3.292,94.90,313.00,1,0,0
1072,3.292,95.10,313.00,1,0,0
1074,3.292,118.90,392.00,1,0,0
1087,3.292,95.10,313.00,1,0,0
1090,3.292,95.10,313.00,1,0,0
1092,3.292,96.20,287.00,1,0,0
1095,3.296,118.80,392.00,1,0,0
1097,3.292,96.30,316.00,1,0,0
1099,3.292,96.90,313.00,1,0,0
1102,3.292,95.30,313.00,1,0,0
1104,3.292,95.50,315.00,1,0,0
1107,3.292,96.20,316.00,1,0,0
1109,3.292,95.10,313.00,1,0,0
1112,3.292,94.70,311.00,1,0,0
1114,3.292,95.00,311.00,1,0,0
1117,3.292,94.80,313.00,1,0,0
1119,3.292,95.30,313.00,1,0,0
1122,3.296,98.80,326.00,1,0,0
1124,3.296,95.30,326.00,1,0,0
1137,3.292,94.70,313.00,1,0,0
1139,3.292,95.10,313.00,1,0,0
1142,3.292,95.10,313.00,1,0,0
1144,3.296,99.10,333.00,1,0,0
1147,3.292,95.10,313.00,1,0,0
1149,3.292,95.00,313.00,1,0,0
1152,3.292,98.10,328.00,1,0,0
1154,3.296,93.60,308.00,1,0,0
1157,3.292,95.50,315.00,1,0,0
1159,3.292,114.60,316.00,1,0,0
1162,3.292,95.60,315.00,1,0,0
1164,3.292,95.20,313.00,1,0,0
1167,3.292,95.60,313.00,1,0,0
1169,3.292,98.20,328.00,1,0,0
1171,3.292,98.80,326.00,1,0,0
1174,3.296,95.20,313.00,1,0,0
1187,3.292,95.40,315.00,1,0,0
1189,3.292,95.10,331.00,1,0,0
1192,3.296,98.60,324.00,1,0,0
1194,3.292,94.80,311.00,1,0,0
1196,3.296,86.60,351.00,1,0,0
1199,3.292,95.00,313.00,1,0,0
1201,3.292,98.30,324.00,1,0,0
1204,3.292,98.80,315.00,1,0,0
1206,3.292,95.20,313.00,1,0,0
1209,3.292,95.70,315.00,1,0,0
1211,3.292,95.20,318.00,1,0,0
1214,3.296,98.10,323.00,1,0,0
1216,3.296,101.50,333.00,1,0,0
1219,3.292,95.20,313.00,1,0,0
1221,3.292,95.20,313.00,1,0,0
1224,3.292,95.10,313.00,1,0,0
1236,3.276,95.30,313.00,1,0,0
1239,3.292,95.70,315.00,1,0,0
1241,3.292,95.00,315.00,1,0,0
1244,3.292,95.40,315.00,1,0,0
1246,3.292,95.20,313.00,1,0,0
1249,3.292,95.30,315.00,1,0,0
1251,3.292,95.30,313.00,1,0,0
1254,3.296,97.00,319.00,1,0,0
1256,3.292,95.30,295.00,1,0,0
1259,3.292,95.10,313.00,1,0,0
1261,3.292,95.60,315.00,1,0,0
1264,3.292,95.50,315.00,1,0,0
1266,3.292,95.00,313.00,1,0,0
1268,3.292,96.00,316.00,1,0,0
1271,3.292,95.10,313.00,1,0,0
1273,3.292,95.20,315.00,1,0,0
1286,3.292,95.20,324.00,1,0,0
1289,3.292,95.20,313.00,1,0,0
1291,3.292,95.10,313.00,1,0,0
1294,3.292,94.60,310.00,1,0,0
1296,3.288,94.10,310.00,1,0,0
1298,3.292,86.80,285.00,1,0,0
1301,3.292,94.80,315.00,1,0,0
1303,3.292,95.10,313.00,1,0,0
1306,3.292,95.10,313.00,1,0,0
1308,3.292,95.20,313.00,1,0,0
1311,3.292,94.70,311.00,1,0,0
1313,3.292,95.70,315.00,1,0,0
1316,3.276,94.30,311.00,1,0,0
1318,3.292,95.20,315.00,1,0,0
1321,3.292,95.40,315.00,1,0,0
1323,3.292,95.10,313.00,1,0,0
1336,3.280,95.20,313.00,1,0,0
1338,3.292,95.00,313.00,1,0,0
1341,3.288,95.50,315.00,1,0,0
1343,3.292,94.70,311.00,1,0,0
1346,3.292,94.80,311.00,1,0,0
1348,3.292,94.80,311.00,1,0,0
1351,3.292,95.10,313.00,1,0,0
1353,3.292,99.50,328.00,1,0,0
1356,3.296,114.30,377.00,1,0,0
1358,3.292,95.20,313.00,1,0,0
1361,3.292,89.10,306.00,1,0,0
1363,3.292,95.20,313.00,1,0,0
1366,3.292,95.70,315.00,1,0,0
1368,3.292,96.00,313.00,1,0,0
1370,3.292,96.00,316.00,1,0,0
1373,3.292,95.50,315.00,1,0,0
1386,3.292,95.10,313.00,1,0,0
1388,3.292,95.20,313.00,1,0,0
1391,3.292,98.50,324.00,1,0,0
1393,3.292,95.00,313.00,1,0,0
1395,3.284,98.20,313.00,1,0,0
1398,3.292,94.80,311.00,1,0,0
1400,3.292,87.70,288.00,1,0,0
1403,3.292,92.00,315.00,1,0,0
1405,3.292,95.60,315.00,1,0,0
1408,3.292,95.10,313.00,1,0,0
1410,3.292,94.80,311.00,1,0,0
1413,3.292,94.80,315.00,1,0,0
1415,3.292,112.90,372.00,1,0,0
1418,3.292,95.20,313.00,1,0,0
1420,3.292,95.20,313.00,1,0,0
1423,3.292,98.10,323.00,1,0,0
1435,3.292,95.30,313.00,1,0,0
1438,3.292,95.10,313.00,1,0,0
1440,3.292,95.10,313.00,1,0,0
1443,3.288,94.90,313.00,1,0,0
1445,3.292,95.60,315.00,1,0,0
1448,3.296,98.20,313.00,1,0,0
1450,3.292,95.40,315.00,1,0,0
1453,3.292,95.20,313.00,1,0,0
1455,3.292,119.10,313.00,1,0,0
1458,3.292,94.80,311.00,1,0,0
1460,3.292,94.80,311.00,1,0,0
1463,3.292,89.40,300.00,1,0,0
1465,3.292,94.90,313.00,1,0,0
1467,3.292,96.00,316.00,1,0,0
1470,3.292,95.90,313.00,1,0,0
1472,3.292,96.00,316.00,1,0,0
1485,3.292,95.10,313.00,1,0,0
1488,3.292,95.80,315.00,1,0,0
1490,3.292,95.10,313.00,1,0,0
1492,3.292,99.60,334.00,1,0,0
1495,3.296,96.10,316.00,1,0,0
1497,3.292,94.80,311.00,1,0,0
1500,3.292,95.10,313.00,1,0,0
1502,3.292,90.20,297.00,1,0,0
1505,3.292,95.10,313.00,1,0,0
1507,3.296,95.50,313.00,1,0,0
1510,3.292,94.90,313.00,1,0,0
1512,3.296,97.00,319.00,1,0,0
1515,3.292,94.90,315.00,1,0,0
1517,3.292,96.50,318.00,1,0,0
1520,3.296,95.30,313.00,1,0,0
1522,3.292,96.50,315.00,1,0,0
1535,3.292,108.70,357.00,1,0,0
1537,3.292,95.40,313.00,1,0,0
1540,3.292,95.50,315.00,1,0,0
1542,3.296,97.40,321.00,1,0,0
1545,3.292,95.10,313.00,1,0,0
1547,3.292,94.90,313.00,1,0,0
1550,3.292,95.20,313.00,1,0,0
1552,3.292,95.40,316.00,1,0,0
1555,3.292,116.70,383.00,1,0,0
1557,3.292,95.30,313.00,1,0,0
1560,3.292,98.40,313.00,1,0,0
1562,3.292,98.40,324.00,1,0,0
1564,3.292,89.00,293.00,1,0,0
1567,3.292,95.20,315.00,1,0,0
1569,3.292,96.00,316.00,1,0,0
1572,3.292,96.00,316.00,1,0,0
1585,3.284,97.30,321.00,1,0,0
1587,3.292,96.00,316.00,1,0,0
1589,3.292,95.40,315.00,1,0,0
1592,3.296,93.90,310.00,1,0,0
1594,3.296,94.90,311.00,1,0,0
1597,3.292,94.80,313.00,1,0,0
1599,3.292,95.10,313.00,1,0,0
1602,3.296,98.50,324.00,1,0,0
1604,3.296,99.50,301.00,1,0,0
1607,3.292,95.80,315.00,1,0,0
1609,3.292,95.20,313.00,1,0,0
1612,3.292,95.10,313.00,1,0,0
1614,3.292,95.00,313.00,1,0,0
1617,3.284,95.30,313.00,1,0,0
1619,3.292,96.20,316.00,1,0,0
1622,3.292,95.40,315.00,1,0,0
1634,3.292,99.90,328.00,1,0,0
1637,3.296,97.30,321.00,1,0,0
1639,3.296,98.90,315.00,1,0,0
1642,3.292,98.50,324.00,1,0,0
1644,3.296,95.50,315.00,1,0,0
1647,3.292,95.40,315.00,1,0,0
1649,3.292,96.00,316.00,1,0,0
1652,3.292,95.40,315.00,1,0,0
1654,3.292,95.50,393.00,1,0,0
1657,3.292,98.70,324.00,1,0,0
1659,3.292,94.90,313.00,1,0,0
1661,3.292,94.80,311.00,1,0,0
1664,3.296,98.40,318.00,1,0,0
1666,3.292,89.20,293.00,1,0,0
1669,3.292,95.30,313.00,1,0,0
1671,3.292,96.00,316.00,1,0,0
1684,3.292,96.30,326.00,1,0,0
1686,3.296,99.50,328.00,1,0,0
1689,3.292,96.60,318.00,1,0,0
1691,3.292,94.90,313.00,1,0,0
1694,3.292,95.30,313.00,1,0,0
1696,3.296,95.80,315.00,1,0,0
1699,3.292,95.30,315.00,1,0,0
1701,3.292,97.60,321.00,1,0,0
1704,3.296,96.00,316.00,1,0,0
1706,3.292,95.30,315.00,1,0,0
1709,3.296,89.00,293.00,1,0,0
1711,3.292,96.10,316.00,1,0,0
1714,3.292,94.80,318.00,1,0,0
1716,3.280,95.50,315.00,1,0,0
1719,3.292,97.20,319.00,1,0,0
1721,3.292,95.80,315.00,1,0,0
1734,3.292,95.30,313.00,1,0,0
1736,3.292,95.50,315.00,1,0,0
1739,3.292,97.30,321.00,1,0,0
1741,3.292,95.40,315.00,1,0,0
1744,3.296,94.90,313.00,1,0,0
1746,3.292,97.40,321.00,1,0,0
1749,3.296,98.50,324.00,1,0,0
1751,3.292,95.10,315.00,1,0,0
1754,3.292,95.50,315.00,1,0,0
1756,3.292,94.90,313.00,1,0,0
1758,3.292,96.00,313.00,1,0,0
1761,3.296,95.30,313.00,1,0,0
1763,3.292,95.20,313.00,1,0,0
1766,3.292,95.10,313.00,1,0,0
1768,3.292,89.00,293.00,1,0,0
1771,3.292,95.50,315.00,1,0,0
1784,3.280,94.90,313.00,1,0,0
1786,3.292,95.30,313.00,1,0,0
1788,3.292,95.00,328.00,1,0,0
1791,3.292,97.00,319.00,1,0,0
1793,3.292,94.90,313.00,1,0,0
1796,3.288,114.50,318.00,1,0,0
1798,3.292,95.10,313.00,1,0,0
1801,3.292,95.10,313.00,1,0,0
1803,3.292,98.90,324.00,1,0,0
1806,3.292,94.80,311.00,1,0,0
1808,3.292,94.90,313.00,1,0,0
1811,3.292,87.30,293.00,1,0,0
1813,3.292,95.70,315.00,1,0,0
1816,3.292,114.60,377.00,1,0,0
1818,3.296,99.00,326.00,1,0,0
1821,3.292,98.80,326.00,1,0,0
1833,3.292,95.20,313.00,1,0,0
1836,3.292,95.30,313.00,1,0,0
1838,3.292,94.80,311.00,1,0,0
1841,3.288,95.30,326.00,1,0,0
1843,3.292,99.10,326.00,1,0,0
1846,3.292,95.40,315.00,1,0,0
1848,3.292,93.70,313.00,1,0,0
1851,3.292,95.40,315.00,1,0,0
1853,3.292,94.70,311.00,1,0,0
1855,3.292,96.00,395.00,1,0,0
1858,3.292,94.90,313.00,1,0,0
1860,3.292,94.80,311.00,1,0,0
1863,3.292,95.50,315.00,1,0,0
1865,3.292,95.60,315.00,1,0,0
1868,3.296,98.90,326.00,1,0,0
1870,3.292,95.40,295.00,1,0,0
1883,3.292,94.90,315.00,1,0,0
1885,3.292,95.10,313.00,1,0,0
1888,3.296,99.50,328.00,1,0,0
1890,3.292,94.90,311.00,1,0,0
1893,3.292,95.90,316.00,1,0,0
1895,3.292,96.10,315.00,1,0,0
1898,3.288,95.30,315.00,1,0,0
1900,3.292,95.20,310.00,1,0,0
1903,3.292,95.20,313.00,1,0,0
1905,3.292,94.90,313.00,1,0,0
1908,3.292,94.90,311.00,1,0,0
1910,3.292,95.40,315.00,1,0,0
1913,3.296,87.80,288.00,1,0,0
1915,3.292,98.40,333.00,1,0,0
1918,3.292,114.30,377.00,1,0,0
1920,3.292,95.20,313.00,1,0,0
1933,3.292,95.60,315.00,1,0,0
1935,3.296,95.60,392.00,1,0,0
1938,3.292,96.70,318.00,1,0,0
1940,3.292,94.90,313.00,1,0,0
1943,3.292,95.50,313.00,1,0,0
1945,3.292,99.20,326.00,1,0,0
1948,3.292,98.20,323.00,1,0,0
1950,3.292,100.10,313.00,1,0,0
1953,3.296,98.50,324.00,1,0,0
1955,3.296,98.30,323.00,1,0,0
1957,3.296,98.60,326.00,1,0,0
1960,3.296,95.10,313.00,1,0,0
1962,3.292,95.60,315.00,1,0,0
1965,3.292,96.30,316.00,1,0,0
1967,3.292,99.60,313.00,1,0,0
1970,3.292,98.60,324.00,1,0,0
1982,3.292,96.00,316.00,1,0,0
1985,3.292,96.20,316.00,1,0,0
1987,3.296,98.00,313.00,1,0,0
1990,3.296,96.10,316.00,1,0,0
1992,3.292,95.00,313.00,1,0,0
1995,3.292,95.60,321.00,1,0,0
1997,3.280,99.60,328.00,1,0,0
2000,3.292,95.20,313.00,1,0,0
2007,3.296,97.10,319.00,1,0,0
2010,3.292,95.30,313.00,1,0,0
2012,3.292,99.40,328.00,1,0,0
2015,3.292,89.90,297.00,1,0,0
2017,3.292,114.50,316.00,1,0,0
2020,3.292,95.10,313.00,1,0,0
2022,3.292,94.90,313.00,1,0,0
2025,3.292,95.80,326.00,1,0,0
2027,3.296,95.20,315.00,1,0,0
2029,3.292,95.70,315.00,1,0,0
2032,3.292,95.90,316.00,1,0,0
2034,3.292,95.30,315.00,1,0,0
2037,3.292,94.90,313.00,1,0,0
2039,3.292,95.10,313.00,1,0,0
2042,3.296,98.60,313.00,1,0,0
2044,3.292,95.40,315.00,1,0,0
2057,3.288,94.70,311.00,1,0,0
2059,3.292,95.30,313.00,1,0,0
2062,3.292,95.50,316.00,1,0,0
2064,3.292,95.20,313.00,1,0,0
2067,3.296,95.20,313.00,1,0,0
2069,3.292,94.90,311.00,1,0,0
2072,3.292,95.30,313.00,1,0,0
2074,3.296,96.60,318.00,1,0,0
2077,3.288,87.90,293.00,1,0,0
2079,3.292,114.20,375.00,1,0,0
2082,3.292,96.00,316.00,1,0,0
2084,3.292,95.90,316.00,1,0,0
2087,3.292,95.70,315.00,1,0,0
2089,3.292,95.80,315.00,1,0,0
2092,3.296,95.20,313.00,1,0,0
2094,3.292,95.40,316.00,1,0,0
2107,3.296,95.20,318.00,1,0,0
2109,3.296,97.50,321.00,1,0,0
2112,3.296,98.60,324.00,1,0,0
2114,3.292,95.20,313.00,1,0,0
2117,3.292,87.40,288.00,1,0,0
2119,3.292,94.80,313.00,1,0,0
2122,3.292,95.10,311.00,1,0,0
2124,3.292,95.20,313.00,1,0,0
2126,3.292,95.40,315.00,1,0,0
2129,3.296,95.20,315.00,1,0,0
2131,3.292,95.50,315.00,1,0,0
2134,3.292,95.20,315.00,1,0,0
2136,3.292,117.70,315.00,1,0,0
2139,3.296,98.90,326.00,1,0,0
2141,3.292,95.10,313.00,1,0,0
2144,3.292,98.30,324.00,1,0,0
2156,3.280,98.00,323.00,1,0,0
2159,3.296,99.00,313.00,1,0,0
2161,3.292,95.80,315.00,1,0,0
2164,3.292,99.70,329.00,1,0,0
2166,3.292,95.20,313.00,1,0,0
2169,3.296,98.50,324.00,1,0,0
2171,3.292,95.80,315.00,1,0,0
2174,3.292,95.60,313.00,1,0,0
2176,3.292,95.10,313.00,1,0,0
2179,3.292,89.20,293.00,1,0,0
2181,3.292,94.80,315.00,1,0,0
2184,3.296,95.70,315.00,1,0,0
2186,3.292,95.60,315.00,1,0,0
2189,3.292,95.60,315.00,1,0,0
2191,3.292,95.00,313.00,1,0,0
2193,3.292,95.20,313.00,1,0,0
2206,3.292,96.50,318.00,1,0,0
2209,3.292,95.30,313.00,1,0,0
2211,3.292,95.30,316.00,1,0,0
2214,3.292,97.10,319.00,1,0,0
2216,3.292,105.00,346.00,1,0,0
2219,3.292,95.70,306.00,1,0,0
2221,3.292,97.30,321.00,1,0,0
2223,3.292,95.30,313.00,1,0,0
2226,3.292,95.50,324.00,1,0,0
2228,3.296,98.80,326.00,1,0,0
2231,3.296,96.60,318.00,1,0,0
2233,3.296,95.90,319.00,1,0,0
2236,3.296,100.90,331.00,1,0,0
2238,3.296,98.70,326.00,1,0,0
2241,3.292,95.60,315.00,1,0,0
2243,3.292,95.40,315.00,1,0,0
2256,3.292,96.00,316.00,1,0,0
2258,3.296,98.00,323.00,1,0,0
2261,3.296,98.40,324.00,1,0,0
2263,3.292,95.20,315.00,1,0,0
2266,3.292,95.20,313.00,1,0,0
2268,3.292,95.00,313.00,1,0,0
2271,3.292,97.50,321.00,1,0,0
2273,3.292,95.20,313.00,1,0,0
2276,3.292,96.20,316.00,1,0,0
2278,3.292,95.30,313.00,1,0,0
2281,3.292,89.10,293.00,1,0,0
2283,3.292,95.50,315.00,1,0,0
2286,3.292,99.90,315.00,1,0,0
2288,3.292,95.70,315.00,1,0,0
2291,3.292,95.70,315.00,1,0,0
2293,3.292,95.90,316.00,1,0,0
2306,3.292,95.10,313.00,1,0,0
2308,3.292,96.80,318.00,1,0,0
2311,3.292,95.20,313.00,1,0,0
2313,3.292,95.20,313.00,1,0,0
2316,3.292,118.80,392.00,1,0,0
2318,3.292,95.10,313.00,1,0,0
2320,3.292,94.80,315.00,1,0,0
2323,3.292,91.50,301.00,1,0,0
2325,3.292,104.70,344.00,1,0,0
2328,3.292,95.70,315.00,1,0,0
2330,3.292,94.20,315.00,1,0,0
2333,3.292,95.00,313.00,1,0,0
2335,3.292,95.80,315.00,1,0,0
2338,3.292,114.30,313.00,1,0,0
2340,3.292,94.90,313.00,1,0,0
2343,3.292,95.20,313.00,1,0,0
2355,3.292,100.80,331.00,1,0,0
2358,3.292,95.00,323.00,1,0,0
2360,3.292,95.20,313.00,1,0,0
2363,3.292,95.10,313.00,1,0,0
2365,3.292,95.20,313.00,1,0,0
2368,3.292,94.80,311.00,1,0,0
2370,3.292,94.80,311.00,1,0,0
2373,3.292,94.90,311.00,1,0,0
2375,3.292,98.00,321.00,1,0,0
2378,3.296,98.90,326.00,1,0,0
2380,3.292,95.50,313.00,1,0,0
2383,3.292,89.10,293.00,1,0,0
2385,3.292,93.60,308.00,1,0,0
2388,3.292,95.30,315.00,1,0,0
2390,3.292,95.60,315.00,1,0,0
2392,3.292,95.40,315.00,1,0,0
2405,3.292,93.40,308.00,1,0,0
2408,3.292,97.60,321.00,1,0,0
2410,3.292,95.10,315.00,1,0,0
2413,3.296,95.40,315.00,1,0,0
2415,3.292,96.30,316.00,1,0,0
2417,3.292,95.00,328.00,1,0,0
2420,3.296,95.30,313.00,1,0,0
2422,3.292,95.50,315.00,1,0,0
2425,3.292,87.30,288.00,1,0,0
2427,3.292,95.70,315.00,1,0,0
2430,3.292,96.10,316.00,1,0,0
2432,3.292,96.60,326.00,1,0,0
2435,3.296,95.00,311.00,1,0,0
2437,3.292,97.10,319.00,1,0,0
2440,3.292,95.80,324.00,1,0,0
2442,3.292,98.40,324.00,1,0,0
2455,3.296,98.20,313.00,1,0,0
2457,3.276,95.30,315.00,1,0,0
2460,3.296,94.70,311.00,1,0,0
2462,3.292,95.60,324.00,1,0,0
2465,3.292,97.00,319.00,1,0,0
2467,3.292,95.00,313.00,1,0,0
2470,3.292,95.10,313.00,1,0,0
2472,3.292,94.80,311.00,1,0,0
2475,3.292,98.50,324.00,1,0,0
2477,3.288,98.70,377.00,1,0,0
2480,3.292,95.40,315.00,1,0,0
2482,3.292,94.90,313.00,1,0,0
2485,3.296,95.20,298.00,1,0,0
2487,3.292,90.20,297.00,1,0,0
2489,3.292,95.30,313.00,1,0,0
2492,3.292,94.20,316.00,1,0,0
2505,3.296,96.90,311.00,1,0,0
2507,3.292,95.20,315.00,1,0,0
2510,3.296,95.60,315.00,1,0,0
2512,3.296,98.80,326.00,1,0,0
2514,3.292,96.00,326.00,1,0,0
2517,3.292,95.30,313.00,1,0,0
2519,3.292,94.80,311.00,1,0,0
2522,3.292,94.90,313.00,1,0,0
2524,3.292,96.00,316.00,1,0,0
2527,3.296,87.80,288.00,1,0,0
2529,3.292,96.50,316.00,1,0,0
2532,3.292,95.40,315.00,1,0,0
2534,3.292,98.40,324.00,1,0,0
2537,3.276,94.90,313.00,1,0,0
2539,3.292,98.50,324.00,1,0,0
2542,3.292,95.90,316.00,1,0,0
2554,3.292,95.00,313.00,1,0,0
2557,3.280,95.30,313.00,1,0,0
2559,3.292,95.20,313.00,1,0,0
2562,3.292,95.60,315.00,1,0,0
2564,3.292,95.40,313.00,1,0,0
2567,3.292,95.00,313.00,1,0,0
2569,3.292,95.20,313.00,1,0,0
2572,3.292,94.80,315.00,1,0,0
2574,3.296,99.10,326.00,1,0,0
2577,3.292,96.90,319.00,1,0,0
2579,3.292,97.60,313.00,1,0,0
2582,3.292,94.90,313.00,1,0,0
2584,3.296,94.80,311.00,1,0,0
2586,3.292,94.80,311.00,1,0,0
2589,3.292,89.40,292.00,1,0,0
2591,3.292,95.20,313.00,1,0,0
2604,3.292,94.90,313.00,1,0,0
2607,3.292,96.60,318.00,1,0,0
2609,3.300,99.80,315.00,1,0,0
2612,3.292,95.50,315.00,1,0,0
2614,3.296,98.40,324.00,1,0,0
2616,3.288,115.30,313.00,1,0,0
2619,3.292,96.90,319.00,1,0,0
2621,3.296,94.90,313.00,1,0,0
2624,3.292,95.20,313.00,1,0,0
2626,3.292,96.60,318.00,1,0,0
2629,3.292,91.70,301.00,1,0,0
2631,3.296,94.80,313.00,1,0,0
2634,3.292,95.40,315.00,1,0,0
2636,3.280,95.30,313.00,1,0,0
2639,3.292,95.30,313.00,1,0,0
2641,3.292,95.30,318.00,1,0,0
2654,3.292,94.90,313.00,1,0,0
2656,3.292,95.30,313.00,1,0,0
2659,3.292,96.10,316.00,1,0,0
2661,3.296,95.70,313.00,1,0,0
2664,3.292,94.90,313.00,1,0,0
2666,3.292,94.90,313.00,1,0,0
2669,3.292,94.80,313.00,1,0,0
2671,3.292,95.10,313.00,1,0,0
2674,3.296,96.50,318.00,1,0,0
2676,3.292,103.00,326.00,1,0,0
2679,3.296,94.70,311.00,1,0,0
2681,3.292,94.90,313.00,1,0,0
2684,3.292,94.80,313.00,1,0,0
2686,3.292,94.90,313.00,1,0,0
2688,3.292,95.20,313.00,1,0,0
2691,3.292,89.50,293.00,1,0,0
2704,3.292,114.60,377.00,1,0,0
2706,3.292,95.70,315.00,1,0,0
2709,3.292,95.50,315.00,1,0,0
2711,3.292,96.50,318.00,1,0,0
2713,3.292,99.50,311.00,1,0,0
2716,3.292,114.10,375.00,1,0,0
2718,3.292,96.20,316.00,1,0,0
2721,3.292,95.10,315.00,1,0,0
2723,3.296,98.90,326.00,1,0,0
2726,3.296,97.20,321.00,1,0,0
2728,3.296,95.80,315.00,1,0,0
2731,3.292,86.80,287.00,1,0,0
2733,3.292,95.00,313.00,1,0,0
2736,3.292,95.10,313.00,1,0,0
2738,3.280,96.30,316.00,1,0,0
2741,3.296,98.90,326.00,1,0,0
2753,3.296,94.80,311.00,1,0,0
2756,3.292,98.40,313.00,1,0,0
2758,3.292,95.10,313.00,1,0,0
2761,3.292,95.10,313.00,1,0,0
2763,3.292,94.80,311.00,1,0,0
2766,3.288,94.90,313.00,1,0,0
2768,3.292,94.80,311.00,1,0,0
2771,3.292,95.20,313.00,1,0,0
2773,3.292,95.00,313.00,1,0,0
2776,3.292,119.10,392.00,1,0,0
2778,3.292,95.10,313.00,1,0,0
2781,3.292,94.80,313.00,1,0,0
2783,3.292,94.80,311.00,1,0,0
2785,3.292,94.90,313.00,1,0,0
2788,3.292,95.10,313.00,1,0,0
2790,3.292,95.10,313.00,1,0,0
2803,3.292,95.90,316.00,1,0,0
2806,3.292,96.00,316.00,1,0,0
2808,3.292,95.90,316.00,1,0,0
2810,3.292,95.10,313.00,1,0,0
2813,3.292,94.90,313.00,1,0,0
2815,3.292,95.50,324.00,1,0,0
2818,3.296,99.00,313.00,1,0,0
2820,3.292,97.00,319.00,1,0,0
2823,3.292,94.70,311.00,1,0,0
2825,3.292,95.10,313.00,1,0,0
2828,3.292,95.10,313.00,1,0,0
2830,3.292,95.00,313.00,1,0,0
2833,3.292,95.30,311.00,1,0,0
2835,3.292,90.60,297.00,1,0,0
2838,3.292,95.70,316.00,1,0,0
2840,3.292,95.10,313.00,1,0,0
2853,3.292,95.10,315.00,1,0,0
2855,3.296,111.80,367.00,1,0,0
2858,3.292,95.10,313.00,1,0,0
2860,3.292,95.10,313.00,1,0,0
2863,3.292,98.70,326.00,1,0,0
2865,3.292,94.90,313.00,1,0,0
2868,3.292,94.90,313.00,1,0,0
2870,3.292,95.10,313.00,1,0,0
2873,3.292,95.10,313.00,1,0,0
2875,3.292,95.10,338.00,1,0,0
2878,3.292,94.70,311.00,1,0,0
2880,3.292,94.20,310.00,1,0,0
2882,3.292,94.80,313.00,1,0,0
2885,3.296,98.80,323.00,1,0,0
2887,3.296,100.20,331.00,1,0,0
2890,3.292,92.20,303.00,1,0,0
2903,3.292,96.00,316.00,1,0,0
2905,3.292,97.70,316.00,1,0,0
2907,3.292,95.50,315.00,1,0,0
2910,3.292,95.20,313.00,1,0,0
2912,3.292,94.90,311.00,1,0,0
2915,3.292,94.80,311.00,1,0,0
2917,3.292,94.80,311.00,1,0,0
2920,3.296,99.00,313.00,1,0,0
2922,3.292,95.60,315.00,1,0,0
2925,3.292,97.00,319.00,1,0,0
2927,3.292,95.20,313.00,1,0,0
2930,3.292,98.10,323.00,1,0,0
2932,3.292,98.20,323.00,1,0,0
2935,3.296,98.20,313.00,1,0,0
2937,3.288,114.40,377.00,1,0,0
2940,3.292,95.70,315.00,1,0,0
2952,3.292,95.40,315.00,1,0,0
2955,3.292,95.70,315.00,1,0,0
2957,3.292,95.40,313.00,1,0,0
2960,3.292,90.30,297.00,1,0,0
2962,3.292,94.20,310.00,1,0,0
2965,3.292,94.90,313.00,1,0,0
2967,3.292,95.20,313.00,1,0,0
2970,3.292,95.20,313.00,1,0,0
2972,3.292,95.60,329.00,1,0,0
2975,3.288,95.20,313.00,1,0,0
2977,3.292,95.00,313.00,1,0,0
2979,3.292,95.30,313.00,1,0,0
2982,3.292,95.70,315.00,1,0,0
2984,3.292,94.70,311.00,1,0,0
2987,3.292,95.30,315.00,1,0,0
2989,3.292,95.20,313.00,1,0,0
3002,3.292,89.50,295.00,1,0,0
3004,3.292,95.70,315.00,1,0,0
3007,3.292,95.70,315.00,1,0,0
3009,3.292,96.00,315.00,1,0,0
3012,3.292,94.90,313.00,1,0,0
3014,3.292,97.60,321.00,1,0,0
3017,3.276,94.60,323.00,1,0,0
3019,3.292,96.10,316.00,1,0,0
3022,3.292,95.10,313.00,1,0,0
3024,3.292,95.40,316.00,1,0,0
3027,3.296,95.40,315.00,1,0,0
3029,3.296,98.60,324.00,1,0,0
3032,3.296,95.80,321.00,1,0,0
3034,3.292,95.10,313.00,1,0,0
3037,3.280,95.20,313.00,1,0,0
3039,3.296,87.20,288.00,1,0,0
3052,3.292,96.00,315.00,1,0,0
3054,3.292,95.30,313.00,1,0,0
3057,3.292,99.90,329.00,1,0,0
3059,3.292,95.20,313.00,1,0,0
3062,3.292,98.50,324.00,1,0,0
3064,3.296,95.00,313.00,1,0,0
3067,3.292,95.10,326.00,1,0,0
3069,3.292,95.50,315.00,1,0,0
3072,3.292,87.60,288.00,1,0,0
3074,3.292,95.30,313.00,1,0,0
3076,3.292,119.30,328.00,1,0,0
3079,3.292,94.90,313.00,1,0,0
3081,3.292,95.00,313.00,1,0,0
3084,3.292,95.30,315.00,1,0,0
3086,3.292,98.80,326.00,1,0,0
3089,3.292,95.20,313.00,1,0,0
3102,3.292,89.30,293.00,1,0,0
3104,3.292,95.40,315.00,1,0,0
3106,3.292,96.00,316.00,1,0,0
3109,3.292,95.80,315.00,1,0,0
3111,3.292,95.60,315.00,1,0,0
3114,3.296,95.60,315.00,1,0,0
3116,3.288,98.00,323.00,1,0,0
3119,3.296,95.60,377.00,1,0,0
3121,3.292,95.20,313.00,1,0,0
3124,3.292,95.10,313.00,1,0,0
3126,3.296,98.30,316.00,1,0,0
3129,3.292,100.70,333.00,1,0,0
3131,3.296,95.20,313.00,1,0,0
3134,3.292,95.30,313.00,1,0,0
3136,3.296,99.00,313.00,1,0,0
3139,3.292,95.20,313.00,1,0,0
3151,3.292,96.00,316.00,1,0,0
3154,3.292,95.10,313.00,1,0,0
3156,3.292,101.20,315.00,1,0,0
3159,3.280,94.90,313.00,1,0,0
3161,3.292,98.20,323.00,1,0,0
3164,3.296,99.30,315.00,1,0,0
3166,3.292,95.10,313.00,1,0,0
3169,3.292,98.70,326.00,1,0,0
3171,3.292,95.30,311.00,1,0,0
3174,3.292,95.30,313.00,1,0,0
3176,3.292,116.90,385.00,1,0,0
3178,3.292,95.10,318.00,1,0,0
3181,3.296,98.60,324.00,1,0,0
3183,3.292,95.10,313.00,1,0,0
3186,3.292,95.20,313.00,1,0,0
3188,3.292,95.20,313.00,1,0,0
3201,3.292,95.30,313.00,1,0,0
3203,3.292,89.50,295.00,1,0,0
3206,3.292,95.50,315.00,1,0,0
3208,3.292,95.90,315.00,1,0,0
3211,3.296,98.50,324.00,1,0,0
3213,3.296,96.30,316.00,1,0,0
3216,3.292,97.90,324.00,1,0,0
3218,3.296,114.60,377.00,1,0,0
3221,3.292,95.10,313.00,1,0,0
3223,3.292,95.10,310.00,1,0,0
3226,3.292,95.10,313.00,1,0,0
3228,3.292,96.20,316.00,1,0,0
3231,3.292,97.40,311.00,1,0,0
3233,3.292,95.20,313.00,1,0,0
3236,3.292,116.60,383.00,1,0,0
3238,3.292,95.20,313.00,1,0,0
3251,3.292,95.10,313.00,1,0,0
3253,3.292,95.20,315.00,1,0,0
3256,3.292,119.70,395.00,1,0,0
3258,3.292,95.60,315.00,1,0,0
3261,3.292,94.80,311.00,1,0,0
3263,3.292,94.80,311.00,1,0,0
3266,3.292,94.90,313.00,1,0,0
3268,3.292,95.10,315.00,1,0,0
3271,3.292,95.10,313.00,1,0,0
3273,3.292,95.10,313.00,1,0,0
3275,3.292,94.70,378.00,1,0,0
3278,3.292,94.80,311.00,1,0,0
3280,3.292,97.20,321.00,1,0,0
3283,3.296,99.00,326.00,1,0,0
3285,3.296,95.30,313.00,1,0,0
3288,3.292,95.10,313.00,1,0,0
3300,3.292,95.20,313.00,1,0,0
3303,3.292,95.10,313.00,1,0,0
3305,3.292,89.10,293.00,1,0,0
3308,3.296,95.30,313.00,1,0,0
3310,3.292,95.60,315.00,1,0,0
3313,3.292,95.50,315.00,1,0,0
3315,3.292,96.40,316.00,1,0,0
3318,3.292,96.00,316.00,1,0,0
3320,3.292,96.10,378.00,1,0,0
3323,3.292,99.00,326.00,1,0,0
3325,3.292,95.60,315.00,1,0,0
3328,3.292,94.80,313.00,1,0,0
3330,3.292,94.80,311.00,1,0,0
3333,3.292,96.90,319.00,1,0,0
3335,3.292,99.80,387.00,1,0,0
3338,3.292,96.20,316.00,1,0,0
3350,3.292,95.60,315.00,1,0,0
3353,3.292,95.20,313.00,1,0,0
3355,3.292,95.30,396.00,1,0,0
3358,3.292,94.90,313.00,1,0,0
3360,3.292,95.40,315.00,1,0,0
3363,3.292,98.70,313.00,1,0,0
3365,3.292,98.90,326.00,1,0,0
3368,3.296,97.70,321.00,1,0,0
3370,3.292,95.20,313.00,1,0,0
3372,3.292,95.70,323.00,1,0,0
3375,3.292,95.10,313.00,1,0,0
3377,3.292,96.10,316.00,1,0,0
3380,3.292,95.80,316.00,1,0,0
3382,3.292,95.90,316.00,1,0,0
3385,3.292,96.00,316.00,1,0,0
3387,3.292,95.20,313.00,1,0,0
3400,3.296,98.50,326.00,1,0,0
3402,3.296,95.20,313.00,1,0,0
3405,3.292,95.80,316.00,1,0,0
3407,3.292,89.50,293.00,1,0,0
3410,3.292,94.90,311.00,1,0,0
3412,3.296,98.10,323.00,1,0,0
3415,3.296,98.30,328.00,1,0,0
3417,3.292,98.10,323.00,1,0,0
3420,3.292,95.50,315.00,1,0,0
3422,3.292,95.50,318.00,1,0,0
3425,3.296,95.20,313.00,1,0,0
3427,3.292,95.00,313.00,1,0,0
3430,3.292,94.80,323.00,1,0,0
3432,3.296,95.10,313.00,1,0,0
3435,3.296,95.60,315.00,1,0,0
3437,3.292,95.90,316.00,1,0,0
3450,3.292,109.70,360.00,1,0,0
3452,3.292,95.60,315.00,1,0,0
3455,3.292,95.50,315.00,1,0,0
3457,3.288,95.10,313.00,1,0,0
3460,3.292,95.10,331.00,1,0,0
3462,3.292,95.80,315.00,1,0,0
3465,3.292,95.10,313.00,1,0,0
3467,3.292,95.00,315.00,1,0,0
3469,3.292,95.30,313.00,1,0,0
3472,3.292,95.20,313.00,1,0,0
3474,3.292,95.20,313.00,1,0,0
3477,3.284,98.90,326.00,1,0,0
3479,3.288,94.90,313.00,1,0,0
3482,3.292,95.20,313.00,1,0,0
3484,3.292,95.20,313.00,1,0,0
3487,3.292,95.10,313.00,1,0,0
3499,3.292,95.40,315.00,1,0,0
3502,3.292,95.30,313.00,1,0,0
3504,3.292,97.50,318.00,1,0,0
3507,3.296,95.10,313.00,1,0,0
3509,3.292,89.70,295.00,1,0,0
3512,3.292,91.20,313.00,1,0,0
3514,3.292,98.30,324.00,1,0,0
3517,3.280,95.40,315.00,1,0,0
3519,3.292,95.80,315.00,1,0,0
3522,3.292,95.50,315.00,1,0,0
3524,3.292,95.30,313.00,1,0,0
3527,3.292,94.90,313.00,1,0,0
3529,3.292,95.30,313.00,1,0,0
3532,3.292,95.50,315.00,1,0,0
3534,3.292,95.60,315.00,1,0,0
3537,3.292,95.60,315.00,1,0,0
3549,3.292,97.90,323.00,1,0,0
3552,3.292,87.70,288.00,1,0,0
3554,3.292,95.80,315.00,1,0,0
3557,3.288,112.60,313.00,1,0,0
3559,3.292,94.70,311.00,1,0,0
3562,3.292,94.80,311.00,1,0,0
3564,3.296,95.90,316.00,1,0,0
3566,3.292,95.60,315.00,1,0,0
3569,3.292,94.90,313.00,1,0,0
3571,3.292,95.30,313.00,1,0,0
3574,3.288,91.30,300.00,1,0,0
3576,3.284,100.50,331.00,1,0,0
3579,3.292,98.30,313.00,1,0,0
3581,3.292,97.40,321.00,1,0,0
3584,3.292,98.40,324.00,1,0,0
3586,3.292,95.80,315.00,1,0,0
3599,3.292,95.10,313.00,1,0,0
3601,3.292,95.20,313.00,1,0,0
3604,3.292,96.80,319.00,1,0,0
3606,3.296,98.20,318.00,1,0,0
3609,3.292,94.90,313.00,1,0,0
3611,3.292,93.00,306.00,1,0,0
3614,3.292,89.70,315.00,1,0,0
3616,3.292,100.40,315.00,1,0,0
3619,3.292,96.00,316.00,1,0,0
3621,3.292,95.70,315.00,1,0,0
3624,3.292,95.70,315.00,1,0,0
3626,3.292,95.70,315.00,1,0,0
3629,3.292,95.70,315.00,1,0,0
3631,3.292,96.10,316.00,1,0,0
3634,3.292,95.90,316.00,1,0,0
3636,3.292,100.30,331.00,1,0,0
3649,3.292,95.30,313.00,1,0,0
3651,3.292,97.90,319.00,1,0,0
3654,3.292,87.50,288.00,1,0,0
3656,3.288,115.30,380.00,1,0,0
3659,3.292,95.90,315.00,1,0,0
3661,3.296,94.80,311.00,1,0,0
3663,3.292,95.40,315.00,1,0,0
3666,3.296,98.60,324.00,1,0,0
3668,3.296,95.60,315.00,1,0,0
3671,3.292,95.20,313.00,1,0,0
3673,3.292,94.90,313.00,1,0,0
3676,3.296,98.70,315.00,1,0,0
3678,3.296,95.00,313.00,1,0,0
3681,3.292,95.30,313.00,1,0,0
3683,3.292,95.20,315.00,1,0,0
3686,3.292,95.10,313.00,1,0,0
3698,3.292,95.60,315.00,1,0,0
3701,3.292,97.60,321.00,1,0,0
3703,3.296,98.90,313.00,1,0,0
3706,3.292,94.90,313.00,1,0,0
3708,3.292,95.00,313.00,1,0,0
3711,3.292,98.60,323.00,1,0,0
3713,3.296,95.10,313.00,1,0,0
3716,3.292,101.60,334.00,1,0,0
3718,3.292,92.00,313.00,1,0,0
3721,3.292,95.00,313.00,1,0,0
3723,3.292,95.00,313.00,1,0,0
3726,3.292,95.60,315.00,1,0,0
3728,3.292,95.50,315.00,1,0,0
3731,3.292,95.50,313.00,1,0,0
3733,3.292,95.40,315.00,1,0,0
3735,3.292,119.80,395.00,1,0,0
3748,3.292,95.60,326.00,1,0,0
3751,3.296,95.00,313.00,1,0,0
3753,3.292,94.80,311.00,1,0,0
3756,3.292,88.50,287.00,1,0,0
3758,3.292,94.90,313.00,1,0,0
3761,3.292,95.90,316.00,1,0,0
3763,3.292,96.90,326.00,1,0,0
3765,3.292,97.60,321.00,1,0,0
3768,3.296,99.50,328.00,1,0,0
3770,3.292,98.50,315.00,1,0,0
3773,3.292,94.90,313.00,1,0,0
3775,3.292,94.90,311.00,1,0,0
3778,3.292,95.10,313.00,1,0,0
3780,3.292,95.30,313.00,1,0,0
3783,3.292,95.50,315.00,1,0,0
3785,3.292,95.30,313.00,1,0,0
3798,3.292,95.30,313.00,1,0,0
3800,3.292,95.20,315.00,1,0,0
3803,3.292,94.90,313.00,1,0,0
3805,3.292,94.90,313.00,1,0,0
3808,3.292,94.90,313.00,1,0,0
3810,3.292,95.40,315.00,1,0,0
3813,3.296,99.20,328.00,1,0,0
3815,3.292,95.20,393.00,1,0,0
3818,3.292,89.70,295.00,1,0,0
3820,3.292,94.90,313.00,1,0,0
3823,3.292,95.40,313.00,1,0,0
3825,3.296,95.20,313.00,1,0,0
3828,3.292,95.90,316.00,1,0,0
3830,3.292,98.40,313.00,1,0,0
3833,3.292,95.50,315.00,1,0,0
3835,3.292,95.10,313.00,1,0,0
3848,3.296,98.30,323.00,1,0,0
3850,3.292,95.20,313.00,1,0,0
3853,3.292,94.80,311.00,1,0,0
3855,3.292,94.90,313.00,1,0,0
3858,3.276,96.80,318.00,1,0,0
3860,3.296,90.00,315.00,1,0,0
3862,3.292,95.40,315.00,1,0,0
3865,3.288,95.10,313.00,1,0,0
3867,3.292,95.20,313.00,1,0,0
3870,3.292,94.80,311.00,1,0,0
3872,3.292,95.80,315.00,1,0,0
3875,3.292,94.70,313.00,1,0,0
3877,3.292,95.50,315.00,1,0,0
3880,3.292,95.50,315.00,1,0,0
3882,3.292,95.20,311.00,1,0,0
3885,3.292,94.90,313.00,1,0,0
3897,3.292,95.50,315.00,1,0,0
3900,3.292,94.90,313.00,1,0,0
3902,3.292,95.00,313.00,1,0,0
3905,3.292,94.90,313.00,1,0,0
3907,3.292,95.60,315.00,1,0,0
3910,3.292,95.60,313.00,1,0,0
3912,3.292,95.30,313.00,1,0,0
3915,3.292,95.50,315.00,1,0,0
3917,3.292,118.80,313.00,1,0,0
3920,3.292,89.30,293.00,1,0,0
3922,3.292,95.40,315.00,1,0,0
3925,3.292,95.60,315.00,1,0,0
3927,3.292,95.80,316.00,1,0,0
3930,3.292,95.90,316.00,1,0,0
3932,3.292,95.10,313.00,1,0,0
3934,3.292,95.20,311.00,1,0,0
3947,3.292,96.20,313.00,1,0,0
3950,3.292,95.10,313.00,1,0,0
3952,3.292,94.80,311.00,1,0,0
3955,3.292,94.90,313.00,1,0,0
3957,3.292,95.00,313.00,1,0,0
3959,3.292,93.50,308.00,1,0,0
3962,3.296,95.50,315.00,1,0,0
3964,3.292,95.30,313.00,1,0,0
3967,3.292,99.90,329.00,1,0,0
3969,3.292,94.80,311.00,1,0,0
3972,3.292,98.30,324.00,1,0,0
3974,3.292,95.40,315.00,1,0,0
3977,3.292,98.80,326.00,1,0,0
3979,3.296,100.40,331.00,1,0,0
3982,3.292,95.20,313.00,1,0,0
3984,3.292,95.00,313.00,1,0,0
3997,3.292,118.60,390.00,1,0,0
3999,3.292,96.60,313.00,1,0,0
4002,3.292,95.00,313.00,1,0,0
4009,3.292,95.50,315.00,1,0,0
4012,3.296,98.70,326.00,1,0,0
4014,3.292,95.10,313.00,1,0,0
4017,3.292,117.20,385.00,1,0,0
4019,3.292,94.90,313.00,1,0,0
4022,3.292,91.50,293.00,1,0,0
4024,3.292,94.90,313.00,1,0,0
4027,3.292,95.70,315.00,1,0,0
4029,3.292,95.80,316.00,1,0,0
4031,3.292,95.70,315.00,1,0,0
4034,3.292,94.90,313.00,1,0,0
4036,3.292,94.90,316.00,1,0,0
4039,3.292,95.20,313.00,1,0,0
4041,3.292,95.00,313.00,1,0,0
4044,3.292,96.60,318.00,1,0,0
4046,3.292,95.10,313.00,1,0,0
4059,3.292,95.30,315.00,1,0,0
4061,3.292,100.20,329.00,1,0,0
4064,3.296,87.70,288.00,1,0,0
4066,3.292,95.30,313.00,1,0,0
4069,3.292,95.10,313.00,1,0,0
4071,3.292,98.80,326.00,1,0,0
4074,3.292,94.90,321.00,1,0,0
4076,3.296,99.80,329.00,1,0,0
4079,3.288,98.70,324.00,1,0,0
4081,3.292,98.20,313.00,1,0,0
4084,3.292,94.90,313.00,1,0,0
4086,3.292,95.60,315.00,1,0,0
4089,3.292,96.90,313.00,1,0,0
4091,3.292,98.20,323.00,1,0,0
4094,3.296,100.10,329.00,1,0,0
4096,3.296,95.70,341.00,1,0,0
4109,3.296,95.10,313.00,1,0,0
4111,3.292,95.20,313.00,1,0,0
4114,3.292,95.50,315.00,1,0,0
4116,3.292,94.90,313.00,1,0,0
4119,3.296,113.90,313.00,1,0,0
4121,3.292,95.20,313.00,1,0,0
4124,3.292,94.90,313.00,1,0,0
4126,3.292,89.00,313.00,1,0,0
4128,3.292,95.50,315.00,1,0,0
4131,3.292,95.70,315.00,1,0,0
4133,3.292,95.30,313.00,1,0,0
4136,3.292,95.50,313.00,1,0,0
4138,3.292,96.50,318.00,1,0,0
4141,3.292,95.10,313.00,1,0,0
4143,3.292,99.60,328.00,1,0,0
4146,3.296,95.20,313.00,1,0,0
4158,3.276,95.10,313.00,1,0,0
4161,3.292,95.10,326.00,1,0,0
4163,3.292,99.80,328.00,1,0,0
4166,3.292,87.20,287.00,1,0,0
4168,3.292,95.00,313.00,1,0,0
4171,3.292,95.10,324.00,1,0,0
4173,3.292,95.30,313.00,1,0,0
4176,3.292,101.40,334.00,1,0,0
4178,3.292,95.50,316.00,1,0,0
4181,3.292,95.20,313.00,1,0,0
4183,3.292,95.00,313.00,1,0,0
4186,3.292,95.10,313.00,1,0,0
4188,3.292,94.30,310.00,1,0,0
4191,3.292,95.50,315.00,1,0,0
4193,3.292,95.60,313.00,1,0,0
4196,3.292,95.10,313.00,1,0,0
4208,3.292,95.90,316.00,1,0,0
4211,3.292,95.50,315.00,1,0,0
4213,3.296,95.10,313.00,1,0,0
4216,3.296,95.30,313.00,1,0,0
4218,3.296,98.20,324.00,1,0,0
4221,3.296,98.40,316.00,1,0,0
4223,3.292,98.90,326.00,1,0,0
4225,3.296,94.50,311.00,1,0,0
4228,3.292,89.70,295.00,1,0,0
4230,3.292,95.30,316.00,1,0,0
4233,3.292,95.80,315.00,1,0,0
4235,3.296,95.20,313.00,1,0,0
4238,3.288,95.70,313.00,1,0,0
4240,3.280,95.60,315.00,1,0,0
4243,3.292,98.80,326.00,1,0,0
4245,3.292,95.20,313.00,1,0,0
4258,3.280,95.30,313.00,1,0,0
4260,3.292,95.10,313.00,1,0,0
4263,3.292,95.10,313.00,1,0,0
4265,3.296,99.20,316.00,1,0,0
4268,3.292,87.20,287.00,1,0,0
4270,3.292,95.10,313.00,1,0,0
4273,3.292,95.10,313.00,1,0,0
4275,3.292,95.20,313.00,1,0,0
4278,3.292,95.20,313.00,1,0,0
4280,3.292,95.10,315.00,1,0,0
4283,3.292,95.10,313.00,1,0,0
4285,3.292,95.40,315.00,1,0,0
4288,3.292,95.00,313.00,1,0,0
4290,3.292,95.20,315.00,1,0,0
4293,3.296,96.50,318.00,1,0,0
4295,3.296,94.50,311.00,1,0,0
4308,3.292,99.10,326.00,1,0,0
4310,3.292,94.00,311.00,1,0,0
4313,3.292,95.90,316.00,1,0,0
4315,3.296,97.90,323.00,1,0,0
4318,3.284,97.20,328.00,1,0,0
4320,3.292,95.10,313.00,1,0,0
4322,3.292,95.30,315.00,1,0,0
4325,3.292,95.10,315.00,1,0,0
4327,3.292,97.50,321.00,1,0,0
4330,3.292,88.60,292.00,1,0,0
4332,3.292,94.80,315.00,1,0,0
4335,3.292,95.10,313.00,1,0,0
4337,3.288,95.70,315.00,1,0,0
4340,3.292,96.00,316.00,1,0,0
4342,3.292,96.80,318.00,1,0,0
4345,3.292,95.20,313.00,1,0,0
4357,3.292,95.10,313.00,1,0,0
4360,3.296,98.60,324.00,1,0,0
4362,3.292,97.20,315.00,1,0,0
4365,3.292,98.30,324.00,1,0,0
4367,3.296,97.40,321.00,1,0,0
4370,3.292,100.20,287.00,1,0,0
4372,3.296,95.20,313.00,1,0,0
4375,3.292,95.40,315.00,1,0,0
4377,3.292,119.80,315.00,1,0,0
4380,3.296,95.50,315.00,1,0,0
4382,3.292,95.60,315.00,1,0,0
4385,3.292,96.00,328.00,1,0,0
4387,3.296,94.90,313.00,1,0,0
4390,3.292,95.30,313.00,1,0,0
4392,3.292,95.10,315.00,1,0,0
4395,3.296,99.10,326.00,1,0,0
4407,3.296,95.10,313.00,1,0,0
4410,3.296,95.20,313.00,1,0,0
4412,3.292,94.90,313.00,1,0,0
4415,3.292,94.90,323.00,1,0,0
4417,3.296,97.50,321.00,1,0,0
4420,3.296,100.90,333.00,1,0,0
4422,3.292,95.20,313.00,1,0,0
4424,3.296,95.20,313.00,1,0,0
4427,3.292,95.60,316.00,1,0,0
4429,3.292,95.30,313.00,1,0,0
4432,3.292,89.20,293.00,1,0,0
4434,3.292,94.90,313.00,1,0,0
4437,3.292,95.70,315.00,1,0,0
4439,3.280,96.10,316.00,1,0,0
4442,3.296,96.00,316.00,1,0,0
4444,3.292,95.90,326.00,1,0,0
4457,3.292,103.10,313.00,1,0,0
4459,3.292,95.40,315.00,1,0,0
4462,3.292,95.30,313.00,1,0,0
4464,3.292,98.20,313.00,1,0,0
4467,3.292,101.20,333.00,1,0,0
4469,3.292,94.80,311.00,1,0,0
4472,3.292,97.00,287.00,1,0,0
4474,3.292,91.50,301.00,1,0,0
4477,3.292,101.40,334.00,1,0,0
4479,3.284,95.50,315.00,1,0,0
4482,3.292,95.10,313.00,1,0,0
4484,3.292,95.10,313.00,1,0,0
4487,3.292,95.90,316.00,1,0,0
4489,3.292,95.20,313.00,1,0,0
4492,3.292,99.00,326.00,1,0,0
4494,3.292,97.30,321.00,1,0,0
4507,3.296,98.60,324.00,1,0,0
4509,3.292,95.60,313.00,1,0,0
4512,3.292,95.40,315.00,1,0,0
4514,3.292,94.50,311.00,1,0,0
4517,3.292,98.10,311.00,1,0,0
4519,3.292,98.60,324.00,1,0,0
4521,3.292,95.20,315.00,1,0,0
4524,3.292,95.20,315.00,1,0,0
4526,3.292,98.90,326.00,1,0,0
4529,3.296,95.10,313.00,1,0,0
4531,3.292,95.20,313.00,1,0,0
4534,3.292,89.70,295.00,1,0,0
4536,3.296,95.00,311.00,1,0,0
4539,3.292,96.00,316.00,1,0,0
4541,3.292,95.40,316.00,1,0,0
4544,3.292,95.60,315.00,1,0,0
4556,3.292,117.40,387.00,1,0,0
4559,3.292,97.10,319.00,1,0,0
4561,3.292,95.70,313.00,1,0,0
4564,3.292,95.20,313.00,1,0,0
4566,3.292,95.70,315.00,1,0,0
4569,3.296,98.30,311.00,1,0,0
4571,3.292,95.20,313.00,1,0,0
4574,3.292,97.80,323.00,1,0,0
4576,3.296,87.20,370.00,1,0,0
4579,3.284,95.20,313.00,1,0,0
4581,3.292,94.90,313.00,1,0,0
4584,3.296,98.30,324.00,1,0,0
4586,3.292,95.20,313.00,1,0,0
4589,3.296,95.80,315.00,1,0,0
4591,3.292,96.50,311.00,1,0,0
4593,3.292,95.50,315.00,1,0,0
4606,3.292,95.20,316.00,1,0,0
4609,3.296,98.80,326.00,1,0,0
4611,3.292,95.10,313.00,1,0,0
4614,3.296,99.10,313.00,1,0,0
4616,3.296,94.70,311.00,1,0,0
4618,3.292,94.70,311.00,1,0,0
4621,3.292,95.10,313.00,1,0,0
4623,3.292,95.50,315.00,1,0,0
4626,3.296,99.60,328.00,1,0,0
4628,3.292,95.00,313.00,1,0,0
4631,3.292,95.10,313.00,1,0,0
4633,3.292,94.90,313.00,1,0,0
4636,3.292,94.80,300.00,1,0,0
4638,3.292,93.50,308.00,1,0,0
4641,3.292,96.40,318.00,1,0,0
4643,3.296,96.00,316.00,1,0,0
4656,3.292,96.00,316.00,1,0,0
4658,3.292,95.90,316.00,1,0,0
4661,3.292,96.20,316.00,1,0,0
4663,3.292,95.20,313.00,1,0,0
4666,3.292,95.40,313.00,1,0,0
4668,3.292,94.70,311.00,1,0,0
4671,3.292,95.10,313.00,1,0,0
4673,3.292,91.50,319.00,1,0,0
4676,3.296,97.90,323.00,1,0,0
4678,3.292,87.60,288.00,1,0,0
4681,3.292,95.30,315.00,1,0,0
4683,3.292,94.80,311.00,1,0,0
4686,3.292,95.10,313.00,1,0,0
4688,3.296,95.20,318.00,1,0,0
4690,3.296,96.10,316.00,1,0,0
4693,3.292,95.40,315.00,1,0,0
4706,3.292,95.70,315.00,1,0,0
4708,3.292,95.50,316.00,1,0,0
4711,3.292,98.70,324.00,1,0,0
4713,3.292,94.80,311.00,1,0,0
4715,3.296,97.80,323.00,1,0,0
4718,3.280,94.90,326.00,1,0,0
4720,3.292,95.40,315.00,1,0,0
4723,3.292,95.70,315.00,1,0,0
4725,3.292,98.40,315.00,1,0,0
4728,3.292,95.00,313.00,1,0,0
4730,3.292,94.90,313.00,1,0,0
4733,3.296,95.50,315.00,1,0,0
4735,3.292,95.80,315.00,1,0,0
4738,3.292,96.70,318.00,1,0,0
4740,3.292,89.30,315.00,1,0,0
4743,3.292,95.80,315.00,1,0,0
4755,3.292,95.20,313.00,1,0,0
4758,3.292,98.60,324.00,1,0,0
4760,3.292,95.00,323.00,1,0,0
4763,3.292,94.90,313.00,1,0,0
4765,3.292,97.30,321.00,1,0,0
4768,3.296,95.50,315.00,1,0,0
4770,3.296,95.30,313.00,1,0,0
4773,3.292,97.40,321.00,1,0,0
4775,3.292,95.30,313.00,1,0,0
4778,3.292,98.40,324.00,1,0,0
4780,3.292,86.90,287.00,1,0,0
4783,3.292,95.00,313.00,1,0,0
4785,3.292,95.80,315.00,1,0,0
4787,3.292,97.80,323.00,1,0,0
4790,3.296,99.40,328.00,1,0,0
4792,3.292,95.20,316.00,1,0,0
4805,3.296,96.80,315.00,1,0,0
4808,3.292,95.30,313.00,1,0,0
4810,3.292,94.90,313.00,1,0,0
4813,3.292,94.90,319.00,1,0,0
4815,3.292,94.90,313.00,1,0,0
4817,3.276,95.20,313.00,1,0,0
4820,3.292,95.20,315.00,1,0,0
4822,3.292,95.10,313.00,1,0,0
4825,3.292,95.30,313.00,1,0,0
4827,3.296,98.10,323.00,1,0,0
4830,3.292,95.10,313.00,1,0,0
4832,3.296,97.00,319.00,1,0,0
4835,3.292,95.50,328.00,1,0,0
4837,3.296,99.20,326.00,1,0,0
4840,3.292,100.70,333.00,1,0,0
4842,3.292,89.00,308.00,1,0,0
4855,3.292,95.60,315.00,1,0,0
4857,3.292,124.00,315.00,1,0,0
4860,3.292,94.90,313.00,1,0,0
4862,3.292,98.30,324.00,1,0,0
4865,3.292,94.90,326.00,1,0,0
4867,3.292,98.50,324.00,1,0,0
4870,3.292,95.50,315.00,1,0,0
4872,3.292,95.50,329.00,1,0,0
4875,3.296,95.20,313.00,1,0,0
4877,3.288,117.70,387.00,1,0,0
4880,3.292,95.00,313.00,1,0,0
4882,3.292,92.40,305.00,1,0,0
4885,3.292,95.80,315.00,1,0,0
4887,3.292,95.60,315.00,1,0,0
4889,3.292,94.60,311.00,1,0,0
4892,3.292,94.50,311.00,1,0,0
4905,3.292,95.40,315.00,1,0,0
4907,3.288,95.50,315.00,1,0,0
4910,3.292,94.80,313.00,1,0,0
4912,3.292,94.90,313.00,1,0,0
4914,3.292,95.00,313.00,1,0,0
4917,3.292,95.30,315.00,1,0,0
4919,3.292,95.50,315.00,1,0,0
4922,3.296,98.80,326.00,1,0,0
4924,3.292,95.50,316.00,1,0,0
4927,3.296,94.90,313.00,1,0,0
4929,3.292,94.80,311.00,1,0,0
4932,3.292,95.80,328.00,1,0,0
4934,3.292,95.50,315.00,1,0,0
4937,3.292,103.60,341.00,1,0,0
4939,3.292,95.60,311.00,1,0,0
4942,3.292,94.80,311.00,1,0,0
4954,3.292,95.90,316.00,1,0,0
4957,3.292,120.30,396.00,1,0,0
4959,3.292,94.90,328.00,1,0,0
4962,3.292,98.70,326.00,1,0,0
4964,3.296,95.10,313.00,1,0,0
4967,3.292,98.80,326.00,1,0,0
4969,3.292,95.40,315.00,1,0,0
4972,3.292,95.20,313.00,1,0,0
4974,3.292,95.10,313.00,1,0,0
4977,3.288,94.90,323.00,1,0,0
4979,3.280,95.10,313.00,1,0,0
4982,3.292,96.60,318.00,1,0,0
4984,3.292,95.50,287.00,1,0,0
4986,3.292,95.40,315.00,1,0,0
4989,3.292,95.90,316.00,1,0,0
4991,3.292,95.00,319.00,1,0,0
5004,3.292,95.40,324.00,1,0,0
5007,3.296,97.60,321.00,1,0,0
5009,3.292,94.70,311.00,1,0,0
5011,3.292,94.90,324.00,1,0,0
5014,3.292,95.10,313.00,1,0,0
5016,3.292,99.50,328.00,1,0,0
5019,3.292,107.50,315.00,1,0,0
5021,3.292,95.30,313.00,1,0,0
5024,3.292,95.20,313.00,1,0,0
5026,3.292,94.80,311.00,1,0,0
5029,3.292,95.50,313.00,1,0,0
5031,3.292,96.50,318.00,1,0,0
5034,3.292,95.30,313.00,1,0,0
5036,3.292,98.70,341.00,1,0,0
5039,3.292,95.20,313.00,1,0,0
5041,3.292,95.00,313.00,1,0,0
5054,3.296,98.40,324.00,1,0,0
5056,3.292,98.90,339.00,1,0,0
5059,3.296,94.90,313.00,1,0,0
5061,3.292,99.50,328.00,1,0,0
5064,3.292,94.90,313.00,1,0,0
5066,3.292,95.30,313.00,1,0,0
5069,3.292,95.10,313.00,1,0,0
5071,3.292,95.10,326.00,1,0,0
5074,3.292,94.90,313.00,1,0,0
5076,3.292,94.90,311.00,1,0,0
5079,3.292,95.10,315.00,1,0,0
5081,3.292,94.90,313.00,1,0,0
5083,3.292,95.30,313.00,1,0,0
5086,3.292,96.70,290.00,1,0,0
5088,3.296,95.20,313.00,1,0,0
5091,3.292,95.20,313.00,1,0,0
5104,3.292,95.30,313.00,1,0,0
5106,3.292,95.30,313.00,1,0,0
5109,3.292,95.00,313.00,1,0,0
5111,3.292,96.30,316.00,1,0,0
5113,3.292,95.00,313.00,1,0,0
5116,3.292,95.30,338.00,1,0,0
5118,3.292,96.20,316.00,1,0,0
5121,3.288,95.30,313.00,1,0,0
5123,3.292,95.30,311.00,1,0,0
5126,3.292,98.50,324.00,1,0,0
5128,3.292,94.70,311.00,1,0,0
5131,3.292,95.30,315.00,1,0,0
5133,3.296,95.20,313.00,1,0,0
5136,3.292,95.20,313.00,1,0,0
5138,3.292,95.30,311.00,1,0,0
5141,3.288,94.90,313.00,1,0,0
5153,3.292,95.50,315.00,1,0,0
5156,3.292,96.40,318.00,1,0,0
5158,3.284,95.00,313.00,1,0,0
5161,3.292,95.40,315.00,1,0,0
5163,3.292,97.20,319.00,1,0,0
5166,3.296,98.60,324.00,1,0,0
5168,3.292,95.20,315.00,1,0,0
5171,3.296,94.80,311.00,1,0,0
5173,3.292,94.80,311.00,1,0,0
5176,3.296,95.10,313.00,1,0,0
5178,3.280,95.00,313.00,1,0,0
5181,3.292,96.60,318.00,1,0,0
5183,3.292,99.40,313.00,1,0,0
5185,3.292,95.10,313.00,1,0,0
5188,3.296,96.30,316.00,1,0,0
5190,3.292,87.30,298.00,1,0,0
5203,3.288,95.90,316.00,1,0,0
5206,3.292,95.10,313.00,1,0,0
5208,3.292,96.10,316.00,1,0,0
5210,3.296,97.00,319.00,1,0,0
5213,3.292,95.10,313.00,1,0,0
5215,3.292,95.20,313.00,1,0,0
5218,3.292,97.60,321.00,1,0,0
5220,3.292,95.30,321.00,1,0,0
5223,3.292,95.20,315.00,1,0,0
5225,3.292,96.60,318.00,1,0,0
5228,3.292,95.30,313.00,1,0,0
5230,3.292,98.30,324.00,1,0,0
5233,3.296,98.40,324.00,1,0,0
5235,3.292,95.10,313.00,1,0,0
5238,3.292,114.30,377.00,1,0,0
5240,3.292,95.90,316.00,1,0,0
5253,3.292,89.40,295.00,1,0,0
5255,3.292,89.20,293.00,1,0,0
5258,3.292,88.90,293.00,1,0,0
5260,3.292,88.50,292.00,1,0,0
5263,3.296,87.00,315.00,1,0,0
5265,3.292,87.20,287.00,1,0,0
5268,3.292,96.30,316.00,1,0,0
5270,3.292,96.10,316.00,1,0,0
5273,3.292,95.60,315.00,1,0,0
5275,3.292,95.60,315.00,1,0,0
5278,3.288,115.20,378.00,1,0,0
5280,3.292,95.20,315.00,1,0,0
5282,3.292,96.00,316.00,1,0,0
5285,3.292,87.00,287.00,1,0,0
5287,3.292,95.40,303.00,1,0,0
5290,3.292,91.70,301.00,1,0,0
5303,3.296,99.50,328.00,1,0,0
5305,3.292,95.50,315.00,1,0,0
5307,3.292,95.50,315.00,1,0,0
5310,3.296,95.40,315.00,1,0,0
5312,3.292,94.90,313.00,1,0,0
5315,3.292,95.20,315.00,1,0,0
5317,3.292,95.60,315.00,1,0,0
5320,3.296,98.80,326.00,1,0,0
5322,3.296,98.50,318.00,1,0,0
5325,3.296,98.40,324.00,1,0,0
5327,3.292,95.00,313.00,1,0,0
5330,3.292,95.10,319.00,1,0,0
5332,3.292,94.90,313.00,1,0,0
5335,3.292,95.50,315.00,1,0,0
5337,3.296,118.70,318.00,1,0,0
5340,3.296,94.90,313.00,1,0,0
5352,3.296,96.00,293.00,1,0,0
5355,3.296,95.30,313.00,1,0,0
5357,3.288,95.20,313.00,1,0,0
5360,3.292,95.60,315.00,1,0,0
5362,3.292,95.20,313.00,1,0,0
5365,3.292,95.90,316.00,1,0,0
5367,3.292,98.90,313.00,1,0,0
5370,3.296,96.80,318.00,1,0,0
5372,3.292,95.20,313.00,1,0,0
5375,3.296,95.20,313.00,1,0,0
5377,3.292,94.70,311.00,1,0,0
5379,3.292,95.10,313.00,1,0,0
5382,3.292,95.20,313.00,1,0,0
5384,3.292,95.30,313.00,1,0,0
5387,3.292,97.10,319.00,1,0,0
5389,3.292,95.10,321.00,1,0,0
5402,3.292,95.40,315.00,1,0,0
5405,3.292,96.20,316.00,1,0,0
5407,3.292,95.20,313.00,1,0,0
5409,3.292,95.40,315.00,1,0,0
5412,3.296,98.60,321.00,1,0,0
5414,3.292,98.40,324.00,1,0,0
5417,3.292,99.10,326.00,1,0,0
5419,3.292,95.40,313.00,1,0,0
5422,3.292,95.00,313.00,1,0,0
5424,3.292,100.20,329.00,1,0,0
5427,3.292,97.00,313.00,1,0,0
5429,3.292,95.20,313.00,1,0,0
5432,3.296,95.10,313.00,1,0,0
5434,3.292,95.20,313.00,1,0,0
5437,3.292,99.30,328.00,1,0,0
5439,3.288,96.30,318.00,1,0,0
5452,3.296,96.90,319.00,1,0,0
5454,3.296,98.40,293.00,1,0,0
5457,3.292,94.20,310.00,1,0,0
5459,3.292,114.40,377.00,1,0,0
5462,3.292,96.40,318.00,1,0,0
5464,3.292,99.10,315.00,1,0,0
5467,3.296,95.60,315.00,1,0,0
5469,3.292,97.30,321.00,1,0,0
5472,3.292,95.70,315.00,1,0,0
5474,3.292,95.60,315.00,1,0,0
5477,3.288,94.80,311.00,1,0,0
5479,3.292,95.40,328.00,1,0,0
5481,3.296,95.20,313.00,1,0,0
5484,3.292,95.90,316.00,1,0,0
5486,3.292,98.30,315.00,1,0,0
5489,3.292,95.00,313.00,1,0,0
5502,3.292,95.60,315.00,1,0,0
5504,3.292,97.70,321.00,1,0,0
5506,3.292,94.90,311.00,1,0,0
5509,3.292,94.90,313.00,1,0,0
5511,3.292,96.00,316.00,1,0,0
5514,3.292,98.00,313.00,1,0,0
5516,3.292,120.50,396.00,1,0,0
5519,3.292,95.30,313.00,1,0,0
5521,3.292,95.20,313.00,1,0,0
5524,3.292,94.90,326.00,1,0,0
5526,3.292,98.30,324.00,1,0,0
5529,3.296,95.20,313.00,1,0,0
5531,3.292,95.20,313.00,1,0,0
5534,3.292,95.30,313.00,1,0,0
5536,3.292,95.10,313.00,1,0,0
5539,3.292,95.00,313.00,1,0,0
5551,3.296,96.50,323.00,1,0,0
5554,3.292,95.00,313.00,1,0,0
5556,3.292,94.90,311.00,1,0,0
5559,3.292,89.30,303.00,1,0,0
5561,3.292,95.40,315.00,1,0,0
5564,3.292,96.00,316.00,1,0,0
5566,3.292,96.10,321.00,1,0,0
5569,3.296,98.30,324.00,1,0,0
5571,3.292,95.60,315.00,1,0,0
5574,3.292,95.10,324.00,1,0,0
5576,3.296,94.90,311.00,1,0,0
5578,3.296,99.00,326.00,1,0,0
5581,3.296,95.30,318.00,1,0,0
5583,3.296,95.30,323.00,1,0,0
5586,3.296,94.80,311.00,1,0,0
5588,3.292,95.00,313.00,1,0,0
5601,3.292,95.30,313.00,1,0,0
5603,3.292,95.30,313.00,1,0,0
5606,3.292,94.90,313.00,1,0,0
5608,3.292,94.90,313.00,1,0,0
5611,3.296,99.00,316.00,1,0,0
5613,3.292,95.90,316.00,1,0,0
5616,3.292,95.20,313.00,1,0,0
5618,3.292,95.40,324.00,1,0,0
5621,3.292,100.30,331.00,1,0,0
5623,3.292,99.60,328.00,1,0,0
5626,3.292,99.00,326.00,1,0,0
5628,3.292,95.30,313.00,1,0,0
5631,3.296,96.30,316.00,1,0,0
5633,3.292,95.70,318.00,1,0,0
5636,3.292,100.50,331.00,1,0,0
5638,3.292,95.60,315.00,1,0,0
5651,3.292,95.50,315.00,1,0,0
5653,3.292,94.90,313.00,1,0,0
5656,3.292,94.90,311.00,1,0,0
5658,3.280,94.80,311.00,1,0,0
5661,3.292,89.40,295.00,1,0,0
5663,3.292,95.40,313.00,1,0,0
5666,3.292,96.00,316.00,1,0,0
5668,3.292,95.70,315.00,1,0,0
5671,3.292,95.20,315.00,1,0,0
5673,3.292,94.20,310.00,1,0,0
5675,3.292,94.90,313.00,1,0,0
5678,3.280,96.10,315.00,1,0,0
5680,3.292,96.90,319.00,1,0,0
5683,3.296,98.80,326.00,1,0,0
5685,3.292,94.90,313.00,1,0,0
5688,3.292,95.20,313.00,1,0,0
5701,3.292,89.90,297.00,1,0,0
5703,3.296,100.70,331.00,1,0,0
5705,3.292,95.30,313.00,1,0,0
5708,3.296,96.90,313.00,1,0,0
5710,3.292,95.80,315.00,1,0,0
5713,3.292,95.90,316.00,1,0,0
5715,3.292,96.00,316.00,1,0,0
5718,3.292,95.00,313.00,1,0,0
5720,3.292,95.00,313.00,1,0,0
5723,3.292,95.00,313.00,1,0,0
5725,3.292,95.50,315.00,1,0,0
5728,3.296,95.90,316.00,1,0,0
5730,3.296,95.70,315.00,1,0,0
5733,3.292,98.00,323.00,1,0,0
5735,3.292,99.00,326.00,1,0,0
5738,3.288,99.20,380.00,1,0,0
5750,3.296,95.30,313.00,1,0,0
5753,3.292,98.50,324.00,1,0,0
5755,3.296,96.80,318.00,1,0,0
5758,3.276,94.60,313.00,1,0,0
5760,3.292,98.80,326.00,1,0,0
5763,3.292,89.40,295.00,1,0,0
5765,3.292,95.30,313.00,1,0,0
5768,3.292,95.70,315.00,1,0,0
5770,3.292,95.60,315.00,1,0,0
5773,3.292,95.50,315.00,1,0,0
5775,3.292,95.60,316.00,1,0,0
5777,3.292,96.00,316.00,1,0,0
5780,3.292,96.00,316.00,1,0,0
5782,3.292,95.90,377.00,1,0,0
5785,3.292,95.00,313.00,1,0,0
5787,3.292,99.10,326.00,1,0,0
5800,3.292,99.30,328.00,1,0,0
5802,3.292,94.80,287.00,1,0,0
5805,3.292,94.90,313.00,1,0,0
5807,3.292,95.50,315.00,1,0,0
5810,3.292,96.60,321.00,1,0,0
5812,3.296,95.60,315.00,1,0,0
5815,3.292,95.50,315.00,1,0,0
5817,3.292,100.60,315.00,1,0,0
5820,3.292,114.00,375.00,1,0,0
5822,3.292,95.00,313.00,1,0,0
5825,3.292,95.30,316.00,1,0,0
5827,3.292,97.30,321.00,1,0,0
5830,3.292,90.50,298.00,1,0,0
5832,3.292,95.70,313.00,1,0,0
5835,3.292,94.90,311.00,1,0,0
5837,3.292,95.90,316.00,1,0,0
5850,3.292,94.30,310.00,1,0,0
5852,3.292,94.90,313.00,1,0,0
5855,3.296,96.30,311.00,1,0,0
5857,3.292,96.00,315.00,1,0,0
5860,3.288,95.80,315.00,1,0,0
5862,3.292,95.50,315.00,1,0,0
5865,3.292,93.60,308.00,1,0,0
5867,3.292,88.90,293.00,1,0,0
5870,3.292,95.20,313.00,1,0,0
5872,3.292,95.90,316.00,1,0,0
5874,3.292,96.00,316.00,1,0,0
5877,3.292,96.00,349.00,1,0,0
5879,3.276,97.20,319.00,1,0,0
5882,3.296,95.20,313.00,1,0,0
5884,3.292,94.90,328.00,1,0,0
5887,3.296,98.80,326.00,1,0,0
5899,3.292,95.20,315.00,1,0,0
5902,3.292,94.30,310.00,1,0,0
5904,3.296,101.50,334.00,1,0,0
5907,3.292,87.20,306.00,1,0,0
5909,3.292,95.50,315.00,1,0,0
5912,3.292,98.40,324.00,1,0,0
5914,3.292,97.80,321.00,1,0,0
5917,3.292,94.80,311.00,1,0,0
5919,3.292,95.70,315.00,1,0,0
5922,3.292,95.00,316.00,1,0,0
5924,3.296,95.50,315.00,1,0,0
5927,3.292,98.80,326.00,1,0,0
5929,3.296,98.20,313.00,1,0,0
5932,3.292,95.10,313.00,1,0,0
5934,3.292,95.00,313.00,1,0,0
5937,3.296,94.90,311.00,1,0,0
5949,3.292,94.60,315.00,1,0,0
5952,3.292,98.50,324.00,1,0,0
5954,3.296,100.50,331.00,1,0,0
5957,3.296,97.30,321.00,1,0,0
5959,3.280,95.10,324.00,1,0,0
5962,3.296,99.70,328.00,1,0,0
5964,3.292,95.20,313.00,1,0,0
5967,3.292,94.80,292.00,1,0,0
5969,3.292,94.00,310.00,1,0,0
5971,3.292,95.20,313.00,1,0,0
5974,3.292,96.60,318.00,1,0,0
5976,3.292,96.90,319.00,1,0,0
5979,3.292,89.50,295.00,1,0,0
5981,3.292,89.40,293.00,1,0,0
5984,3.292,89.30,293.00,1,0,0
5986,3.292,95.20,313.00,1,0,0
5999,3.292,94.80,311.00,1,0,0
6001,3.292,96.90,326.00,1,0,0
6004,3.296,97.60,321.00,1,0,0
6011,3.296,99.20,315.00,1,0,0
6014,3.292,95.20,313.00,1,0,0
6016,3.292,94.90,313.00,1,0,0
6019,3.284,98.40,315.00,1,0,0
6021,3.292,96.00,316.00,1,0,0
6024,3.292,95.50,315.00,1,0,0
6026,3.296,98.70,315.00,1,0,0
6029,3.292,95.10,313.00,1,0,0
6031,3.292,95.20,313.00,1,0,0
6033,3.292,90.50,313.00,1,0,0
6036,3.296,95.00,313.00,1,0,0
6038,3.276,96.60,318.00,1,0,0
6041,3.296,95.20,315.00,1,0,0
6043,3.292,98.90,326.00,1,0,0
6046,3.296,95.10,313.00,1,0,0
6048,3.292,94.80,321.00,1,0,0
6061,3.292,99.30,328.00,1,0,0
6063,3.292,95.20,329.00,1,0,0
6066,3.296,98.90,326.00,1,0,0
6068,3.292,96.00,316.00,1,0,0
6071,3.292,89.20,301.00,1,0,0
6073,3.296,95.40,315.00,1,0,0
6076,3.292,96.00,316.00,1,0,0
6078,3.292,100.70,316.00,1,0,0
6081,3.292,95.60,315.00,1,0,0
6083,3.292,95.10,313.00,1,0,0
6086,3.292,95.20,313.00,1,0,0
6088,3.292,95.00,313.00,1,0,0
6091,3.292,96.30,316.00,1,0,0
6093,3.292,96.30,374.00,1,0,0
6096,3.296,95.00,313.00,1,0,0
6098,3.288,98.30,324.00,1,0,0
6111,3.292,87.20,287.00,1,0,0
6113,3.292,95.60,313.00,1,0,0
6116,3.292,95.00,315.00,1,0,0
6118,3.296,109.50,360.00,1,0,0
6121,3.292,94.90,311.00,1,0,0
6123,3.292,95.60,316.00,1,0,0
6126,3.292,95.60,315.00,1,0,0
6128,3.292,95.10,313.00,1,0,0
6130,3.292,95.30,313.00,1,0,0
6133,3.292,98.70,324.00,1,0,0
6135,3.292,96.80,318.00,1,0,0
6138,3.292,97.30,326.00,1,0,0
6140,3.296,95.30,313.00,1,0,0
6143,3.292,95.60,315.00,1,0,0
6145,3.296,87.30,290.00,1,0,0
6148,3.292,95.20,313.00,1,0,0
6160,3.292,95.70,315.00,1,0,0
6163,3.292,96.50,318.00,1,0,0
6165,3.292,95.80,313.00,1,0,0
6168,3.292,87.10,287.00,1,0,0
6170,3.292,86.80,287.00,1,0,0
6173,3.292,89.30,295.00,1,0,0
6175,3.292,95.40,315.00,1,0,0
6178,3.292,100.40,331.00,1,0,0
6180,3.292,95.40,315.00,1,0,0
6183,3.292,98.20,328.00,1,0,0
6185,3.296,89.20,293.00,1,0,0
6188,3.292,89.40,295.00,1,0,0
6190,3.292,89.40,297.00,1,0,0
6193,3.288,89.30,293.00,1,0,0
6195,3.292,95.30,315.00,1,0,0
6198,3.292,95.60,329.00,1,0,0
6210,3.292,95.30,313.00,1,0,0
6213,3.292,95.60,315.00,1,0,0
6215,3.292,92.00,303.00,1,0,0
6218,3.292,95.10,313.00,1,0,0
6220,3.284,97.00,319.00,1,0,0
6223,3.292,95.40,315.00,1,0,0
6225,3.292,95.20,329.00,1,0,0
6227,3.296,95.80,316.00,1,0,0
6230,3.292,95.60,315.00,1,0,0
6232,3.292,96.20,324.00,1,0,0
6235,3.296,98.50,324.00,1,0,0
6237,3.292,95.70,315.00,1,0,0
6240,3.292,97.80,321.00,1,0,0
6242,3.292,95.20,313.00,1,0,0
6245,3.292,95.20,313.00,1,0,0
6247,3.292,95.20,313.00,1,0,0
6260,3.292,95.20,313.00,1,0,0
6262,3.292,95.90,313.00,1,0,0
6265,3.292,95.10,313.00,1,0,0
6267,3.292,95.10,313.00,1,0,0
6270,3.292,95.30,313.00,1,0,0
6272,3.288,95.20,313.00,1,0,0
6275,3.292,89.30,293.00,1,0,0
6277,3.292,95.50,329.00,1,0,0
6280,3.292,95.70,316.00,1,0,0
6282,3.292,95.60,315.00,1,0,0
6285,3.292,95.70,315.00,1,0,0
6287,3.292,95.90,316.00,1,0,0
6290,3.292,95.80,315.00,1,0,0
6292,3.292,96.00,316.00,1,0,0
6295,3.292,96.00,316.00,1,0,0
6297,3.288,95.60,315.00,1,0,0
6310,3.296,99.00,326.00,1,0,0
6312,3.292,95.10,313.00,1,0,0
6315,3.292,95.20,305.00,1,0,0
6317,3.292,90.00,295.00,1,0,0
6320,3.288,95.30,313.00,1,0,0
6322,3.292,99.60,328.00,1,0,0
6324,3.292,95.40,315.00,1,0,0
6327,3.292,95.30,313.00,1,0,0
6329,3.292,95.60,315.00,1,0,0
6332,3.292,95.20,313.00,1,0,0
6334,3.292,94.70,311.00,1,0,0
6337,3.296,95.10,318.00,1,0,0
6339,3.280,95.20,313.00,1,0,0
6342,3.292,95.30,313.00,1,0,0
6344,3.292,95.90,328.00,1,0,0
6347,3.296,96.40,318.00,1,0,0
6359,3.292,113.10,313.00,1,0,0
6362,3.292,98.20,323.00,1,0,0
6364,3.296,99.00,326.00,1,0,0
6367,3.292,95.30,313.00,1,0,0
6369,3.292,100.90,333.00,1,0,0
6372,3.292,95.80,315.00,1,0,0
6374,3.292,95.20,313.00,1,0,0
6377,3.288,89.60,295.00,1,0,0
6379,3.292,95.10,313.00,1,0,0
6382,3.292,105.00,313.00,1,0,0
6384,3.292,95.40,315.00,1,0,0
6387,3.292,95.00,313.00,1,0,0
6389,3.292,96.10,313.00,1,0,0
6392,3.292,95.20,313.00,1,0,0
6394,3.296,94.70,311.00,1,0,0
6396,3.292,97.70,315.00,1,0,0
6409,3.292,96.00,315.00,1,0,0
6412,3.292,95.30,313.00,1,0,0
6414,3.292,98.10,323.00,1,0,0
6417,3.296,98.10,323.00,1,0,0
6419,3.288,86.90,288.00,1,0,0
6421,3.284,95.50,315.00,1,0,0
6424,3.292,95.10,313.00,1,0,0
6426,3.292,98.70,316.00,1,0,0
6429,3.288,94.90,313.00,1,0,0
6431,3.288,95.70,315.00,1,0,0
6434,3.292,95.00,326.00,1,0,0
6436,3.292,95.20,313.00,1,0,0
6439,3.284,95.40,315.00,1,0,0
6441,3.292,95.40,324.00,1,0,0
6444,3.292,95.20,313.00,1,0,0
6446,3.292,95.20,313.00,1,0,0
6459,3.284,95.20,313.00,1,0,0
6461,3.292,94.90,313.00,1,0,0
6464,3.292,99.30,328.00,1,0,0
6466,3.292,94.90,313.00,1,0,0
6469,3.292,98.80,323.00,1,0,0
6471,3.292,97.70,323.00,1,0,0
6474,3.292,95.30,313.00,1,0,0
6476,3.292,100.40,313.00,1,0,0
6479,3.292,89.30,293.00,1,0,0
6481,3.292,92.40,305.00,1,0,0
6484,3.292,95.20,315.00,1,0,0
6486,3.292,95.90,316.00,1,0,0
6489,3.292,96.80,318.00,1,0,0
6491,3.292,95.60,315.00,1,0,0
6493,3.292,95.90,313.00,1,0,0
6496,3.292,94.90,313.00,1,0,0
6509,3.292,98.80,326.00,1,0,0
6511,3.292,95.20,313.00,1,0,0
6514,3.292,95.00,313.00,1,0,0
6516,3.292,95.20,313.00,1,0,0
6518,3.280,95.10,313.00,1,0,0
6521,3.292,87.70,297.00,1,0,0
6523,3.292,95.50,315.00,1,0,0
6526,3.292,95.50,315.00,1,0,0
6528,3.292,95.10,315.00,1,0,0
6531,3.292,94.90,313.00,1,0,0
6533,3.292,94.90,313.00,1,0,0
6536,3.296,101.10,326.00,1,0,0
6538,3.292,95.50,315.00,1,0,0
6541,3.292,95.20,313.00,1,0,0
6543,3.292,98.60,321.00,1,0,0
6546,3.292,98.50,324.00,1,0,0
6558,3.292,119.00,315.00,1,0,0
6561,3.292,94.90,313.00,1,0,0
6563,3.292,94.80,311.00,1,0,0
6566,3.292,96.30,313.00,1,0,0
6568,3.292,99.00,326.00,1,0,0
6571,3.292,95.50,315.00,1,0,0
6573,3.292,95.40,315.00,1,0,0
6576,3.292,95.30,313.00,1,0,0
6578,3.292,114.70,377.00,1,0,0
6581,3.292,98.20,293.00,1,0,0
6583,3.296,92.70,305.00,1,0,0
6586,3.292,95.40,315.00,1,0,0
6588,3.292,95.90,315.00,1,0,0
6591,3.292,97.90,323.00,1,0,0
6593,3.292,98.40,324.00,1,0,0
6595,3.292,95.00,324.00,1,0,0
6608,3.292,95.50,315.00,1,0,0
6611,3.296,98.30,324.00,1,0,0
6613,3.292,94.80,311.00,1,0,0
6616,3.292,94.90,313.00,1,0,0
6618,3.292,95.90,313.00,1,0,0
6620,3.292,95.50,315.00,1,0,0
6623,3.292,94.20,310.00,1,0,0
6625,3.292,98.90,313.00,1,0,0
6628,3.292,95.10,313.00,1,0,0
6630,3.292,95.10,313.00,1,0,0
6633,3.292,96.00,313.00,1,0,0
6635,3.292,95.80,315.00,1,0,0
6638,3.292,102.60,338.00,1,0,0
6640,3.292,95.50,315.00,1,0,0
6643,3.292,95.10,313.00,1,0,0
6645,3.292,99.70,328.00,1,0,0
6658,3.292,119.40,393.00,1,0,0
6660,3.288,101.10,311.00,1,0,0
6663,3.292,94.40,311.00,1,0,0
6665,3.292,94.70,311.00,1,0,0
6668,3.292,95.20,313.00,1,0,0
6670,3.292,97.20,319.00,1,0,0
6673,3.292,95.40,315.00,1,0,0
6675,3.292,98.10,323.00,1,0,0
6678,3.292,93.60,372.00,1,0,0
6680,3.296,94.80,313.00,1,0,0
6683,3.292,95.00,313.00,1,0,0
6685,3.292,89.70,295.00,1,0,0
6688,3.292,95.40,315.00,1,0,0
6690,3.292,94.80,311.00,1,0,0
6692,3.292,95.40,313.00,1,0,0
6695,3.292,95.30,313.00,1,0,0
6708,3.292,95.70,315.00,1,0,0
6710,3.292,95.40,315.00,1,0,0
6713,3.292,95.30,313.00,1,0,0
6715,3.292,96.80,318.00,1,0,0
6717,3.292,101.80,334.00,1,0,0
6720,3.292,97.20,313.00,1,0,0
6722,3.292,95.50,315.00,1,0,0
6725,3.292,88.90,293.00,1,0,0
6727,3.292,98.30,324.00,1,0,0
6730,3.292,95.40,313.00,1,0,0
6732,3.292,94.90,313.00,1,0,0
6735,3.296,95.50,315.00,1,0,0
6737,3.296,97.10,339.00,1,0,0
6740,3.292,99.70,329.00,1,0,0
6742,3.292,114.30,377.00,1,0,0
6745,3.296,94.90,313.00,1,0,0
6757,3.296,99.00,395.00,1,0,0
6760,3.292,99.20,326.00,1,0,0
6762,3.292,94.80,311.00,1,0,0
6765,3.292,98.80,323.00,1,0,0
6767,3.292,95.30,313.00,1,0,0
6770,3.292,95.10,313.00,1,0,0
6772,3.292,95.50,315.00,1,0,0
6775,3.292,98.30,324.00,1,0,0
6777,3.296,96.00,315.00,1,0,0
6780,3.292,94.90,311.00,1,0,0
6782,3.292,95.80,316.00,1,0,0
6785,3.296,96.90,319.00,1,0,0
6787,3.292,89.70,293.00,1,0,0
6789,3.292,95.30,313.00,1,0,0
6792,3.292,97.60,321.00,1,0,0
6794,3.292,95.60,315.00,1,0,0
6807,3.292,98.80,326.00,1,0,0
6810,3.288,94.80,311.00,1,0,0
6812,3.292,98.20,324.00,1,0,0
6814,3.292,96.80,319.00,1,0,0
6817,3.292,95.50,342.00,1,0,0
6819,3.288,95.20,313.00,1,0,0
6822,3.292,95.20,313.00,1,0,0
6824,3.292,99.20,326.00,1,0,0
6827,3.292,95.30,313.00,1,0,0
6829,3.292,92.40,303.00,1,0,0
6832,3.292,95.50,316.00,1,0,0
6834,3.292,95.30,313.00,1,0,0
6837,3.292,100.20,331.00,1,0,0
6839,3.288,95.40,313.00,1,0,0
6842,3.292,95.80,315.00,1,0,0
6844,3.292,94.90,313.00,1,0,0
6857,3.292,99.40,328.00,1,0,0
6859,3.292,95.00,313.00,1,0,0
6862,3.292,94.90,313.00,1,0,0
6864,3.292,94.80,311.00,1,0,0
6867,3.292,95.30,313.00,1,0,0
6869,3.292,95.10,313.00,1,0,0
6872,3.288,95.20,313.00,1,0,0
6874,3.292,94.90,313.00,1,0,0
6877,3.292,94.90,311.00,1,0,0
6879,3.276,94.80,311.00,1,0,0
6882,3.292,94.90,313.00,1,0,0
6884,3.288,96.00,313.00,1,0,0
6886,3.292,95.30,313.00,1,0,0
6889,3.292,89.10,293.00,1,0,0
6891,3.292,95.30,315.00,1,0,0
6894,3.292,95.60,315.00,1,0,0
6907,3.292,98.50,324.00,1,0,0
6909,3.296,98.60,324.00,1,0,0
6912,3.292,94.80,311.00,1,0,0
6914,3.296,95.50,315.00,1,0,0
6916,3.292,97.00,319.00,1,0,0
6919,3.292,95.10,313.00,1,0,0
6921,3.292,95.10,313.00,1,0,0
6924,3.292,94.90,313.00,1,0,0
6926,3.292,94.90,313.00,1,0,0
6929,3.292,94.80,315.00,1,0,0
6931,3.296,93.50,308.00,1,0,0
6934,3.292,95.60,315.00,1,0,0
6936,3.292,95.80,313.00,1,0,0
6939,3.292,95.40,315.00,1,0,0
6941,3.292,98.60,324.00,1,0,0
6944,3.292,95.10,316.00,1,0,0
6956,3.292,95.00,311.00,1,0,0
6959,3.288,94.80,311.00,1,0,0
6961,3.292,94.80,311.00,1,0,0
6964,3.292,95.00,313.00,1,0,0
6966,3.292,95.10,313.00,1,0,0
6969,3.292,99.10,326.00,1,0,0
6971,3.292,99.50,328.00,1,0,0
6974,3.292,95.10,313.00,1,0,0
6976,3.296,96.00,316.00,1,0,0
6979,3.276,94.60,311.00,1,0,0
6981,3.292,95.10,313.00,1,0,0
6983,3.292,95.20,313.00,1,0,0
6986,3.288,95.60,315.00,1,0,0
6988,3.288,95.20,324.00,1,0,0
6991,3.292,89.50,295.00,1,0,0
6993,3.292,94.50,311.00,1,0,0
7006,3.292,94.80,311.00,1,0,0
7009,3.292,94.80,319.00,1,0,0
7011,3.292,95.20,313.00,1,0,0
7013,3.292,95.20,313.00,1,0,0
7016,3.292,98.00,324.00,1,0,0
7018,3.292,96.10,315.00,1,0,0
7021,3.292,95.20,313.00,1,0,0
7023,3.292,94.80,311.00,1,0,0
7026,3.292,95.10,313.00,1,0,0
7028,3.292,95.00,313.00,1,0,0
7031,3.288,97.30,313.00,1,0,0
7033,3.292,87.70,288.00,1,0,0
7036,3.292,95.70,315.00,1,0,0
7038,3.292,120.00,395.00,1,0,0
7041,3.292,98.50,313.00,1,0,0
7043,3.292,95.10,313.00,1,0,0
7056,3.292,94.80,311.00,1,0,0
7058,3.280,96.40,318.00,1,0,0
7061,3.292,96.80,313.00,1,0,0
7063,3.292,95.90,316.00,1,0,0
7066,3.296,100.40,331.00,1,0,0
7068,3.292,98.70,324.00,1,0,0
7071,3.292,95.20,313.00,1,0,0
7073,3.292,94.90,313.00,1,0,0
7076,3.292,94.90,313.00,1,0,0
7078,3.292,94.70,311.00,1,0,0
7080,3.292,98.40,324.00,1,0,0
7083,3.292,99.50,331.00,1,0,0
7085,3.292,96.60,318.00,1,0,0
7088,3.292,97.30,321.00,1,0,0
7090,3.296,98.50,311.00,1,0,0
7093,3.292,90.40,298.00,1,0,0
7106,3.292,95.70,313.00,1,0,0
7108,3.292,97.30,321.00,1,0,0
7110,3.292,95.00,313.00,1,0,0
7113,3.292,95.30,313.00,1,0,0
7115,3.288,96.40,318.00,1,0,0
7118,3.292,99.80,328.00,1,0,0
7120,3.292,98.60,315.00,1,0,0
7123,3.292,95.20,315.00,1,0,0
7125,3.292,96.00,316.00,1,0,0
7128,3.292,95.80,313.00,1,0,0
7130,3.292,95.30,313.00,1,0,0
7133,3.292,95.20,313.00,1,0,0
7135,3.292,87.20,288.00,1,0,0
7138,3.292,99.20,326.00,1,0,0
7140,3.292,92.90,306.00,1,0,0
7143,3.292,114.30,311.00,1,0,0
7155,3.292,95.00,313.00,1,0,0
7158,3.292,98.20,324.00,1,0,0
7160,3.292,115.10,378.00,1,0,0
7163,3.292,95.00,313.00,1,0,0
7165,3.292,96.60,313.00,1,0,0
7168,3.292,95.10,313.00,1,0,0
7170,3.288,95.30,313.00,1,0,0
7173,3.292,94.90,313.00,1,0,0
7175,3.292,96.70,318.00,1,0,0
7178,3.292,95.20,313.00,1,0,0
7180,3.292,95.40,333.00,1,0,0
7182,3.296,99.70,328.00,1,0,0
7185,3.292,95.40,315.00,1,0,0
7187,3.292,95.00,313.00,1,0,0
7190,3.292,95.10,313.00,1,0,0
7192,3.292,95.10,313.00,1,0,0
7205,3.292,95.20,313.00,1,0,0
7207,3.292,95.80,313.00,1,0,0
7210,3.292,95.20,313.00,1,0,0
7212,3.292,95.30,313.00,1,0,0
7215,3.292,98.40,324.00,1,0,0
7217,3.292,99.20,341.00,1,0,0
7220,3.284,94.70,311.00,1,0,0
7222,3.292,95.40,315.00,1,0,0
7225,3.292,97.20,316.00,1,0,0
7227,3.292,95.10,313.00,1,0,0
7230,3.292,95.40,315.00,1,0,0
7232,3.292,97.50,315.00,1,0,0
7235,3.292,95.20,313.00,1,0,0
7237,3.292,98.60,324.00,1,0,0
7240,3.292,111.50,313.00,1,0,0
7242,3.292,95.60,315.00,1,0,0
7255,3.292,95.00,313.00,1,0,0
7257,3.292,94.90,311.00,1,0,0
7260,3.292,95.60,308.00,1,0,0
7262,3.292,95.70,315.00,1,0,0
7265,3.292,96.20,316.00,1,0,0
7267,3.292,95.20,313.00,1,0,0
7270,3.292,95.70,315.00,1,0,0
7272,3.292,96.30,318.00,1,0,0
7275,3.296,95.60,313.00,1,0,0
7277,3.292,94.90,313.00,1,0,0
7279,3.280,95.40,315.00,1,0,0
7282,3.292,95.20,313.00,1,0,0
7284,3.296,98.90,318.00,1,0,0
7287,3.296,98.50,324.00,1,0,0
7289,3.292,98.30,324.00,1,0,0
7292,3.292,94.90,313.00,1,0,0
7304,3.292,95.60,315.00,1,0,0
7307,3.284,95.80,315.00,1,0,0
7309,3.292,95.70,315.00,1,0,0
7312,3.292,95.10,313.00,1,0,0
7314,3.292,95.20,313.00,1,0,0
7317,3.292,95.20,313.00,1,0,0
7319,3.292,95.50,324.00,1,0,0
7322,3.296,100.00,329.00,1,0,0
7324,3.292,94.90,313.00,1,0,0
7327,3.292,96.40,318.00,1,0,0
7329,3.292,95.20,315.00,1,0,0
7332,3.292,94.40,311.00,1,0,0
7334,3.292,95.30,311.00,1,0,0
7337,3.292,95.00,313.00,1,0,0
7339,3.288,91.20,300.00,1,0,0
7342,3.292,94.90,313.00,1,0,0
7354,3.292,95.80,315.00,1,0,0
7357,3.296,99.00,311.00,1,0,0
7359,3.276,95.00,313.00,1,0,0
7362,3.292,95.30,313.00,1,0,0
7364,3.292,95.10,313.00,1,0,0
7367,3.288,95.70,315.00,1,0,0
7369,3.292,96.00,316.00,1,0,0
7372,3.292,94.80,313.00,1,0,0
7374,3.292,94.80,311.00,1,0,0
7376,3.292,95.10,313.00,1,0,0
7379,3.280,95.10,313.00,1,0,0
7381,3.292,95.10,313.00,1,0,0
7384,3.292,95.10,313.00,1,0,0
7386,3.292,94.80,313.00,1,0,0
7389,3.292,97.60,321.00,1,0,0
7391,3.296,98.20,323.00,1,0,0
7404,3.292,94.90,311.00,1,0,0
7406,3.292,96.10,316.00,1,0,0
7409,3.292,95.40,315.00,1,0,0
7411,3.292,96.10,316.00,1,0,0
7414,3.292,95.90,316.00,1,0,0
7416,3.292,95.20,313.00,1,0,0
7419,3.292,95.00,313.00,1,0,0
7421,3.292,94.80,311.00,1,0,0
7424,3.292,94.90,318.00,1,0,0
7426,3.292,95.30,313.00,1,0,0
7429,3.292,97.00,319.00,1,0,0
7431,3.292,95.10,313.00,1,0,0
7434,3.292,95.10,313.00,1,0,0
7436,3.292,94.90,313.00,1,0,0
7439,3.280,96.20,311.00,1,0,0
7441,3.292,94.90,313.00,1,0,0
7454,3.292,95.00,313.00,1,0,0
7456,3.292,96.30,316.00,1,0,0
7459,3.276,94.70,311.00,1,0,0
7461,3.292,95.20,313.00,1,0,0
7464,3.292,95.30,315.00,1,0,0
7466,3.292,95.40,315.00,1,0,0
7469,3.292,94.80,313.00,1,0,0
7471,3.292,94.90,313.00,1,0,0
7473,3.292,94.90,313.00,1,0,0
7476,3.296,98.40,324.00,1,0,0
7478,3.292,95.30,313.00,1,0,0
7481,3.292,95.20,313.00,1,0,0
7483,3.292,95.10,313.00,1,0,0
7486,3.292,95.30,313.00,1,0,0
7488,3.292,95.00,313.00,1,0,0
7491,3.292,94.90,324.00,1,0,0
7503,3.292,89.50,293.00,1,0,0
7506,3.292,95.20,313.00,1,0,0
7508,3.292,95.40,315.00,1,0,0
7511,3.292,95.90,316.00,1,0,0
7513,3.292,96.00,316.00,1,0,0
7516,3.292,97.10,319.00,1,0,0
7518,3.292,116.70,313.00,1,0,0
7521,3.292,94.80,311.00,1,0,0
7523,3.292,94.90,313.00,1,0,0
7526,3.292,95.20,313.00,1,0,0
7528,3.292,95.20,313.00,1,0,0
7531,3.292,96.10,316.00,1,0,0
7533,3.292,95.30,313.00,1,0,0
7536,3.292,95.20,313.00,1,0,0
7538,3.292,95.10,313.00,1,0,0
7541,3.292,99.10,326.00,1,0,0
7553,3.296,98.30,324.00,1,0,0
7556,3.292,96.80,313.00,1,0,0
7558,3.292,96.40,318.00,1,0,0
7561,3.292,94.90,313.00,1,0,0
7563,3.296,99.20,315.00,1,0,0
7566,3.292,95.50,315.00,1,0,0
7568,3.292,95.20,313.00,1,0,0
7570,3.292,95.10,313.00,1,0,0
7573,3.292,94.90,313.00,1,0,0
7575,3.292,98.70,326.00,1,0,0
7578,3.296,103.20,315.00,1,0,0
7580,3.292,97.00,319.00,1,0,0
7583,3.292,95.30,313.00,1,0,0
7585,3.292,95.20,313.00,1,0,0
7588,3.292,95.40,313.00,1,0,0
7590,3.292,95.00,313.00,1,0,0
7603,3.292,96.40,318.00,1,0,0
7605,3.292,89.30,293.00,1,0,0
7608,3.292,92.70,313.00,1,0,0
7610,3.292,96.00,316.00,1,0,0
7613,3.292,95.80,315.00,1,0,0
7615,3.292,95.60,315.00,1,0,0
7618,3.292,96.30,316.00,1,0,0
7620,3.292,94.00,310.00,1,0,0
7623,3.292,95.70,315.00,1,0,0
7625,3.292,96.10,316.00,1,0,0
7628,3.292,97.50,321.00,1,0,0
7630,3.292,95.50,315.00,1,0,0
7633,3.292,95.20,313.00,1,0,0
7635,3.292,95.30,313.00,1,0,0
7638,3.292,98.20,324.00,1,0,0
7640,3.296,98.30,324.00,1,0,0
7653,3.292,95.20,313.00,1,0,0
7655,3.292,95.40,315.00,1,0,0
7658,3.292,95.80,315.00,1,0,0
7660,3.296,95.20,313.00,1,0,0
7663,3.292,96.10,316.00,1,0,0
7665,3.288,95.10,313.00,1,0,0
7668,3.292,95.00,313.00,1,0,0
7670,3.292,94.90,313.00,1,0,0
7672,3.292,94.90,313.00,1,0,0
7675,3.292,95.10,315.00,1,0,0
7677,3.292,101.00,331.00,1,0,0
7680,3.292,99.20,326.00,1,0,0
7682,3.292,95.20,313.00,1,0,0
7685,3.292,94.80,311.00,1,0,0
7687,3.292,94.90,313.00,1,0,0
7690,3.292,94.60,315.00,1,0,0
7702,3.296,98.90,326.00,1,0,0
7705,3.292,95.20,313.00,1,0,0
7707,3.292,91.00,300.00,1,0,0
7710,3.292,90.50,298.00,1,0,0
7712,3.292,96.00,315.00,1,0,0
7715,3.292,95.80,315.00,1,0,0
7717,3.292,95.60,315.00,1,0,0
7720,3.292,95.50,313.00,1,0,0
7722,3.292,94.80,311.00,1,0,0
7725,3.292,95.70,315.00,1,0,0
7727,3.292,95.40,315.00,1,0,0
7730,3.292,95.30,313.00,1,0,0
7732,3.292,94.90,313.00,1,0,0
7735,3.292,95.90,318.00,1,0,0
7737,3.292,96.20,316.00,1,0,0
7739,3.292,94.90,313.00,1,0,0
7752,3.292,95.50,315.00,1,0,0
7755,3.292,95.40,315.00,1,0,0
7757,3.292,97.10,318.00,1,0,0
7760,3.280,95.40,315.00,1,0,0
7762,3.292,95.40,316.00,1,0,0
7765,3.292,96.00,311.00,1,0,0
7767,3.288,94.90,313.00,1,0,0
7769,3.296,95.00,313.00,1,0,0
7772,3.292,94.90,313.00,1,0,0
7774,3.292,94.30,310.00,1,0,0
7777,3.292,95.10,313.00,1,0,0
7779,3.292,95.50,313.00,1,0,0
7782,3.292,98.20,323.00,1,0,0
7784,3.296,96.70,318.00,1,0,0
7787,3.296,96.10,313.00,1,0,0
7789,3.292,95.40,315.00,1,0,0
7802,3.292,94.90,313.00,1,0,0
7804,3.292,94.80,311.00,1,0,0
7807,3.292,95.70,313.00,1,0,0
7809,3.292,94.60,311.00,1,0,0
7812,3.292,89.30,293.00,1,0,0
7814,3.292,95.30,315.00,1,0,0
7817,3.292,95.00,313.00,1,0,0
7819,3.292,95.70,315.00,1,0,0
7822,3.292,95.80,313.00,1,0,0
7824,3.292,96.80,318.00,1,0,0
7827,3.292,97.80,323.00,1,0,0
7829,3.296,98.70,313.00,1,0,0
7832,3.292,99.50,326.00,1,0,0
7834,3.292,98.80,326.00,1,0,0
7837,3.292,94.90,313.00,1,0,0
7839,3.288,115.90,319.00,1,0,0
7852,3.292,95.30,285.00,1,0,0
7854,3.292,96.20,316.00,1,0,0
7857,3.292,95.20,313.00,1,0,0
7859,3.292,106.30,329.00,1,0,0
7862,3.296,95.40,315.00,1,0,0
7864,3.292,95.00,313.00,1,0,0
7866,3.292,96.00,313.00,1,0,0
7869,3.292,94.80,311.00,1,0,0
7871,3.292,95.40,315.00,1,0,0
7874,3.288,98.20,313.00,1,0,0
7876,3.292,96.50,318.00,1,0,0
7879,3.292,121.30,400.00,1,0,0
7881,3.292,94.90,313.00,1,0,0
7884,3.292,94.90,313.00,1,0,0
7886,3.292,94.90,313.00,1,0,0
7889,3.292,95.10,313.00,1,0,0
7901,3.292,94.90,313.00,1,0,0
7904,3.292,94.80,311.00,1,0,0
7906,3.292,95.40,315.00,1,0,0
7909,3.292,95.20,313.00,1,0,0
7911,3.292,95.10,313.00,1,0,0
7914,3.292,88.90,293.00,1,0,0
7916,3.292,95.10,313.00,1,0,0
7919,3.292,95.70,315.00,1,0,0
7921,3.280,96.00,316.00,1,0,0
7924,3.292,98.00,323.00,1,0,0
7926,3.292,95.10,313.00,1,0,0
7929,3.292,95.30,313.00,1,0,0
7931,3.292,94.90,313.00,1,0,0
7934,3.292,94.90,313.00,1,0,0
7936,3.292,95.00,313.00,1,0,0
7938,3.292,98.00,321.00,1,0,0
7951,3.292,95.00,313.00,1,0,0
7954,3.288,93.50,308.00,1,0,0
7956,3.296,109.30,313.00,1,0,0
7959,3.292,106.10,349.00,1,0,0
7961,3.292,95.30,313.00,1,0,0
7963,3.292,94.90,311.00,1,0,0
7966,3.292,94.90,313.00,1,0,0
7968,3.292,95.40,315.00,1,0,0
7971,3.292,97.90,326.00,1,0,0
7973,3.296,95.60,315.00,1,0,0
7976,3.292,97.60,321.00,1,0,0
7978,3.292,95.30,395.00,1,0,0
7981,3.292,94.90,313.00,1,0,0
7983,3.292,94.90,313.00,1,0,0
7986,3.292,95.20,313.00,1,0,0
7988,3.292,97.10,319.00,1,0,0
8001,3.292,96.00,316.00,1,0,0
8003,3.292,95.70,315.00,1,0,0
8006,3.292,97.60,326.00,1,0,0
8013,3.292,94.90,311.00,1,0,0
8016,3.292,89.20,293.00,1,0,0
8018,3.292,95.20,313.00,1,0,0
8021,3.292,98.20,323.00,1,0,0
8023,3.280,95.80,316.00,1,0,0
8026,3.292,96.00,316.00,1,0,0
8028,3.292,95.20,313.00,1,0,0
8031,3.296,94.90,311.00,1,0,0
8033,3.292,98.20,323.00,1,0,0
8035,3.288,95.20,313.00,1,0,0
8038,3.292,95.40,333.00,1,0,0
8040,3.292,95.10,313.00,1,0,0
8043,3.292,96.20,316.00,1,0,0
8045,3.292,98.00,326.00,1,0,0
8048,3.292,94.90,313.00,1,0,0
8050,3.292,95.20,313.00,1,0,0
8063,3.292,94.80,311.00,1,0,0
8065,3.292,95.10,315.00,1,0,0
8068,3.292,95.10,313.00,1,0,0
8070,3.292,97.90,323.00,1,0,0
8073,3.292,98.10,323.00,1,0,0
8075,3.292,95.20,313.00,1,0,0
8078,3.292,95.10,313.00,1,0,0
8080,3.292,95.00,313.00,1,0,0
8083,3.292,95.70,315.00,1,0,0
8085,3.292,95.00,313.00,1,0,0
8088,3.292,95.50,315.00,1,0,0
8090,3.292,95.30,313.00,1,0,0
8093,3.292,95.20,313.00,1,0,0
8095,3.292,95.00,313.00,1,0,0
8098,3.292,94.80,313.00,1,0,0
8100,3.288,96.90,319.00,1,0,0
8113,3.296,94.90,313.00,1,0,0
8115,3.292,96.60,318.00,1,0,0
8118,3.292,89.40,293.00,1,0,0
8120,3.288,95.40,315.00,1,0,0
8123,3.284,95.60,315.00,1,0,0
8125,3.292,95.80,316.00,1,0,0
8128,3.292,95.30,313.00,1,0,0
8130,3.292,94.60,311.00,1,0,0
8132,3.292,95.10,313.00,1,0,0
8135,3.296,98.00,318.00,1,0,0
8137,3.292,100.30,331.00,1,0,0
8140,3.288,95.30,313.00,1,0,0
8142,3.288,95.10,324.00,1,0,0
8145,3.292,94.70,311.00,1,0,0
8147,3.292,98.80,326.00,1,0,0
8150,3.292,95.10,313.00,1,0,0
8162,3.292,95.20,313.00,1,0,0
8165,3.292,90.00,297.00,1,0,0
8167,3.292,95.20,313.00,1,0,0
8170,3.292,95.70,315.00,1,0,0
8172,3.292,95.80,315.00,1,0,0
8175,3.292,96.30,316.00,1,0,0
8177,3.296,96.30,315.00,1,0,0
8180,3.292,95.10,313.00,1,0,0
8182,3.292,97.40,321.00,1,0,0
8185,3.288,95.30,313.00,1,0,0
8187,3.292,95.40,315.00,1,0,0
8190,3.292,95.30,313.00,1,0,0
8192,3.292,94.30,313.00,1,0,0
8195,3.292,95.60,315.00,1,0,0
8197,3.292,95.10,313.00,1,0,0
8200,3.276,95.80,315.00,1,0,0
8212,3.292,95.40,315.00,1,0,0
8215,3.292,95.00,313.00,1,0,0
8217,3.292,95.10,313.00,1,0,0
8220,3.276,95.30,313.00,1,0,0
8222,3.292,89.60,313.00,1,0,0
8225,3.292,96.30,316.00,1,0,0
8227,3.292,95.30,315.00,1,0,0
8229,3.292,96.10,315.00,1,0,0
8232,3.292,95.80,315.00,1,0,0
8234,3.292,95.70,315.00,1,0,0
8237,3.292,95.70,315.00,1,0,0
8239,3.292,96.00,316.00,1,0,0
8242,3.292,96.10,316.00,1,0,0
8244,3.280,96.30,311.00,1,0,0
8247,3.292,95.30,313.00,1,0,0
8249,3.288,94.80,311.00,1,0,0
8262,3.296,87.40,288.00,1,0,0
8264,3.292,95.40,315.00,1,0,0
8267,3.292,95.40,313.00,1,0,0
8269,3.292,95.40,315.00,1,0,0
8272,3.292,95.50,315.00,1,0,0
8274,3.292,96.20,316.00,1,0,0
8277,3.292,95.60,315.00,1,0,0
8279,3.284,111.80,369.00,1,0,0
8282,3.292,95.10,313.00,1,0,0
8284,3.292,95.20,313.00,1,0,0
8287,3.292,95.20,313.00,1,0,0
8289,3.292,95.10,315.00,1,0,0
8292,3.292,98.80,326.00,1,0,0
8294,3.292,94.90,313.00,1,0,0
8297,3.292,95.10,315.00,1,0,0
8299,3.292,94.90,313.00,1,0,0
8312,3.292,95.10,313.00,1,0,0
8314,3.292,94.90,313.00,1,0,0
8317,3.292,94.90,313.00,1,0,0
8319,3.296,101.40,323.00,1,0,0
8322,3.292,96.10,316.00,1,0,0
8324,3.292,89.40,295.00,1,0,0
8327,3.292,95.30,313.00,1,0,0
8329,3.292,95.50,315.00,1,0,0
8331,3.292,95.70,315.00,1,0,0
8334,3.292,95.60,316.00,1,0,0
8336,3.292,95.10,313.00,1,0,0
8339,3.288,118.40,390.00,1,0,0
8341,3.292,95.20,315.00,1,0,0
8344,3.292,98.70,324.00,1,0,0
8346,3.296,98.60,324.00,1,0,0
8349,3.292,95.20,316.00,1,0,0
8361,3.296,95.00,319.00,1,0,0
8364,3.288,86.80,285.00,1,0,0
8366,3.292,95.90,316.00,1,0,0
8369,3.292,95.70,313.00,1,0,0
8371,3.292,95.20,313.00,1,0,0
8374,3.292,95.40,315.00,1,0,0
8376,3.292,94.60,315.00,1,0,0
8379,3.292,96.30,316.00,1,0,0
8381,3.292,95.20,313.00,1,0,0
8384,3.288,95.00,313.00,1,0,0
8386,3.292,95.20,313.00,1,0,0
8389,3.288,99.20,328.00,1,0,0
8391,3.292,95.40,315.00,1,0,0
8394,3.292,95.00,313.00,1,0,0
8396,3.292,94.90,313.00,1,0,0
8399,3.292,95.50,313.00,1,0,0
8411,3.292,95.10,313.00,1,0,0
8414,3.292,98.70,315.00,1,0,0
8416,3.296,94.90,313.00,1,0,0
8419,3.292,99.60,326.00,1,0,0
8421,3.292,95.30,313.00,1,0,0
8424,3.292,96.50,318.00,1,0,0
8426,3.292,88.80,292.00,1,0,0
8428,3.292,95.20,315.00,1,0,0
8431,3.292,95.20,313.00,1,0,0
8433,3.292,95.90,316.00,1,0,0
8436,3.292,98.60,324.00,1,0,0
8438,3.292,119.30,393.00,1,0,0
8441,3.292,98.90,326.00,1,0,0
8443,3.296,97.00,319.00,1,0,0
8446,3.292,97.20,313.00,1,0,0
8448,3.292,95.30,313.00,1,0,0
8461,3.292,95.10,313.00,1,0,0
8463,3.296,96.40,318.00,1,0,0
8466,3.292,95.00,288.00,1,0,0
8468,3.292,96.00,316.00,1,0,0
8471,3.292,96.10,316.00,1,0,0
8473,3.296,96.10,319.00,1,0,0
8476,3.296,98.50,324.00,1,0,0
8478,3.292,95.30,313.00,1,0,0
8481,3.292,96.00,375.00,1,0,0
8483,3.292,99.10,326.00,1,0,0
8486,3.292,95.30,313.00,1,0,0
8488,3.292,95.50,316.00,1,0,0
8491,3.292,96.80,319.00,1,0,0
8493,3.292,95.10,313.00,1,0,0
8496,3.292,95.80,313.00,1,0,0
8498,3.292,94.90,311.00,1,0,0
8511,3.292,98.60,313.00,1,0,0
8513,3.292,94.90,313.00,1,0,0
8516,3.292,95.90,316.00,1,0,0
8518,3.292,95.20,372.00,1,0,0
8521,3.288,95.90,316.00,1,0,0
8523,3.292,95.90,316.00,1,0,0
8525,3.292,95.10,313.00,1,0,0
8528,3.292,88.10,290.00,1,0,0
8530,3.292,95.00,313.00,1,0,0
8533,3.292,96.00,316.00,1,0,0
8535,3.292,95.70,315.00,1,0,0
8538,3.296,95.50,315.00,1,0,0
8540,3.292,114.10,313.00,1,0,0
8543,3.292,95.10,313.00,1,0,0
8545,3.292,94.80,311.00,1,0,0
8548,3.292,98.40,324.00,1,0,0
8560,3.292,95.60,315.00,1,0,0
8563,3.292,94.80,313.00,1,0,0
8565,3.292,95.10,313.00,1,0,0
8568,3.292,93.80,308.00,1,0,0
8570,3.292,95.30,315.00,1,0,0
8573,3.292,95.40,315.00,1,0,0
8575,3.292,95.20,313.00,1,0,0
8578,3.292,94.90,311.00,1,0,0
8580,3.276,94.90,313.00,1,0,0
8583,3.292,96.30,316.00,1,0,0
8585,3.292,95.40,315.00,1,0,0
8588,3.292,95.40,315.00,1,0,0
8590,3.296,95.60,315.00,1,0,0
8593,3.292,95.30,313.00,1,0,0
8595,3.292,94.90,313.00,1,0,0
8597,3.292,98.60,324.00,1,0,0
8610,3.292,95.50,315.00,1,0,0
8613,3.292,96.20,313.00,1,0,0
8615,3.292,95.30,313.00,1,0,0
8618,3.292,95.50,315.00,1,0,0
8620,3.292,98.70,324.00,1,0,0
8622,3.284,96.20,324.00,1,0,0
8625,3.292,94.80,311.00,1,0,0
8627,3.292,98.90,326.00,1,0,0
8630,3.292,89.30,293.00,1,0,0
8632,3.292,95.30,313.00,1,0,0
8635,3.292,95.90,316.00,1,0,0
8637,3.292,95.50,316.00,1,0,0
8640,3.292,95.70,315.00,1,0,0
8642,3.292,94.90,313.00,1,0,0
8645,3.296,99.10,323.00,1,0,0
8647,3.292,94.90,313.00,1,0,0
8660,3.284,94.80,311.00,1,0,0
8662,3.292,94.80,311.00,1,0,0
8665,3.292,95.10,313.00,1,0,0
8667,3.292,95.60,315.00,1,0,0
8670,3.296,97.40,321.00,1,0,0
8672,3.292,87.70,313.00,1,0,0
8675,3.292,95.80,315.00,1,0,0
8677,3.292,96.70,318.00,1,0,0
8680,3.284,117.10,313.00,1,0,0
8682,3.292,95.10,313.00,1,0,0
8685,3.292,96.00,316.00,1,0,0
8687,3.292,97.40,321.00,1,0,0
8690,3.292,95.30,313.00,1,0,0
8692,3.292,95.10,313.00,1,0,0
8694,3.296,94.70,311.00,1,0,0
8697,3.292,94.70,313.00,1,0,0
8710,3.292,94.90,313.00,1,0,0
8712,3.292,95.00,313.00,1,0,0
8715,3.292,95.30,315.00,1,0,0
8717,3.292,96.20,315.00,1,0,0
8720,3.292,95.10,313.00,1,0,0
8722,3.292,96.00,316.00,1,0,0
8724,3.292,96.30,315.00,1,0,0
8727,3.292,94.70,311.00,1,0,0
8729,3.292,94.80,311.00,1,0,0
8732,3.296,92.00,295.00,1,0,0
8734,3.292,95.50,315.00,1,0,0
8737,3.292,95.90,316.00,1,0,0
8739,3.292,119.30,313.00,1,0,0
8742,3.292,95.70,315.00,1,0,0
8744,3.292,95.70,315.00,1,0,0
8747,3.292,95.70,316.00,1,0,0
8759,3.284,95.30,313.00,1,0,0
8762,3.292,94.90,313.00,1,0,0
8764,3.292,94.10,310.00,1,0,0
8767,3.292,97.00,319.00,1,0,0
8769,3.292,95.40,315.00,1,0,0
8772,3.292,96.10,316.00,1,0,0
8774,3.296,91.40,301.00,1,0,0
8777,3.292,95.20,315.00,1,0,0
8779,3.292,98.90,326.00,1,0,0
8782,3.292,95.50,315.00,1,0,0
8784,3.296,99.50,328.00,1,0,0
8787,3.296,96.20,316.00,1,0,0
8789,3.292,96.20,316.00,1,0,0
8791,3.292,94.90,316.00,1,0,0
8794,3.296,95.10,313.00,1,0,0
8796,3.292,96.20,316.00,1,0,0
8809,3.292,95.60,315.00,1,0,0
8812,3.292,94.90,313.00,1,0,0
8814,3.292,96.00,313.00,1,0,0
8817,3.292,95.60,315.00,1,0,0
8819,3.292,119.40,393.00,1,0,0
8821,3.292,95.10,313.00,1,0,0
8824,3.292,94.80,313.00,1,0,0
8826,3.292,94.90,313.00,1,0,0
8829,3.292,94.90,313.00,1,0,0
8831,3.292,95.30,313.00,1,0,0
8834,3.292,93.00,306.00,1,0,0
8836,3.292,89.30,313.00,1,0,0
8839,3.292,98.50,324.00,1,0,0
8841,3.292,113.90,375.00,1,0,0
8844,3.292,95.60,311.00,1,0,0
8846,3.292,96.10,316.00,1,0,0
8859,3.292,95.80,315.00,1,0,0
8861,3.292,95.10,313.00,1,0,0
8864,3.292,95.20,313.00,1,0,0
8866,3.292,95.30,313.00,1,0,0
8869,3.292,95.70,315.00,1,0,0
8871,3.292,95.00,313.00,1,0,0
8874,3.292,95.50,315.00,1,0,0
8876,3.292,86.90,287.00,1,0,0
8879,3.292,95.30,313.00,1,0,0
8881,3.292,96.00,313.00,1,0,0
8884,3.292,95.40,315.00,1,0,0
8886,3.292,95.30,313.00,1,0,0
8889,3.292,94.80,316.00,1,0,0
8891,3.292,94.90,313.00,1,0,0
8893,3.292,94.80,311.00,1,0,0
8896,3.292,95.10,315.00,1,0,0
8909,3.292,95.00,313.00,1,0,0
8911,3.292,94.80,311.00,1,0,0
8914,3.292,95.40,315.00,1,0,0
8916,3.292,95.10,315.00,1,0,0
8918,3.292,103.10,339.00,1,0,0
8921,3.288,97.20,319.00,1,0,0
8923,3.292,94.90,311.00,1,0,0
8926,3.292,96.00,316.00,1,0,0
8928,3.292,95.00,313.00,1,0,0
8931,3.292,95.20,313.00,1,0,0
8933,3.292,95.10,313.00,1,0,0
8936,3.292,95.30,313.00,1,0,0
8938,3.292,88.80,292.00,1,0,0
8941,3.292,95.20,372.00,1,0,0
8943,3.292,95.30,313.00,1,0,0
8946,3.292,96.50,318.00,1,0,0
8958,3.292,94.90,311.00,1,0,0
8961,3.292,95.20,318.00,1,0,0
8963,3.296,98.10,323.00,1,0,0
8966,3.292,101.20,333.00,1,0,0
8968,3.296,95.30,313.00,1,0,0
8971,3.292,95.20,313.00,1,0,0
8973,3.292,95.00,313.00,1,0,0
8976,3.292,94.90,316.00,1,0,0
8978,3.292,87.90,290.00,1,0,0
8981,3.292,97.50,321.00,1,0,0
8983,3.292,95.80,313.00,1,0,0
8986,3.292,95.20,313.00,1,0,0
8988,3.296,98.60,324.00,1,0,0
8990,3.292,95.00,315.00,1,0,0
8993,3.292,95.30,313.00,1,0,0
8995,3.292,97.00,319.00,1,0,0
9008,3.292,95.40,315.00,1,0,0
9011,3.296,96.20,316.00,1,0,0
9013,3.292,95.50,313.00,1,0,0
9015,3.292,95.20,313.00,1,0,0
9018,3.292,98.30,324.00,1,0,0
9020,3.296,94.80,313.00,1,0,0
9023,3.284,95.00,313.00,1,0,0
9025,3.292,95.00,313.00,1,0,0
9028,3.292,94.90,313.00,1,0,0
9030,3.292,95.40,315.00,1,0,0
9033,3.292,95.10,313.00,1,0,0
9035,3.292,95.40,313.00,1,0,0
9038,3.292,96.40,316.00,1,0,0
9040,3.292,88.80,292.00,1,0,0
9043,3.296,95.00,315.00,1,0,0
9045,3.292,95.60,315.00,1,0,0
9058,3.292,95.50,313.00,1,0,0
9060,3.288,113.80,375.00,1,0,0
9063,3.292,98.50,324.00,1,0,0
9065,3.292,95.30,313.00,1,0,0
9068,3.292,95.20,313.00,1,0,0
9070,3.292,94.90,313.00,1,0,0
9073,3.292,94.90,313.00,1,0,0
9075,3.292,94.90,313.00,1,0,0
9078,3.292,95.60,315.00,1,0,0
9080,3.280,93.50,287.00,1,0,0
9083,3.292,95.20,313.00,1,0,0
9085,3.292,95.50,315.00,1,0,0
9088,3.296,94.90,326.00,1,0,0
9090,3.292,95.00,313.00,1,0,0
9092,3.292,95.40,315.00,1,0,0
9095,3.292,94.90,315.00,1,0,0
9108,3.292,94.90,313.00,1,0,0
9110,3.292,95.30,313.00,1,0,0
9113,3.292,95.10,313.00,1,0,0
9115,3.292,95.30,313.00,1,0,0
9117,3.292,95.30,313.00,1,0,0
9120,3.292,95.00,313.00,1,0,0
9122,3.292,95.20,313.00,1,0,0
9125,3.292,94.90,313.00,1,0,0
9127,3.292,95.10,313.00,1,0,0
9130,3.292,95.30,313.00,1,0,0
9132,3.296,99.50,323.00,1,0,0
9135,3.292,95.30,313.00,1,0,0
9137,3.292,95.70,315.00,1,0,0
9140,3.280,96.20,313.00,1,0,0
9142,3.292,88.80,292.00,1,0,0
9145,3.292,95.40,315.00,1,0,0
9157,3.292,94.90,313.00,1,0,0
9160,3.280,94.70,313.00,1,0,0
9162,3.292,95.20,313.00,1,0,0
9165,3.292,95.10,313.00,1,0,0
9167,3.292,95.10,313.00,1,0,0
9170,3.292,94.90,313.00,1,0,0
9172,3.292,94.90,313.00,1,0,0
9175,3.292,95.20,311.00,1,0,0
9177,3.292,95.30,315.00,1,0,0
9180,3.296,99.80,329.00,1,0,0
9182,3.292,98.00,287.00,1,0,0
9185,3.292,94.90,313.00,1,0,0
9187,3.292,95.30,313.00,1,0,0
9189,3.292,94.80,311.00,1,0,0
9192,3.292,94.60,311.00,1,0,0
9194,3.292,95.40,315.00,1,0,0
9207,3.296,94.80,313.00,1,0,0
9210,3.292,95.00,313.00,1,0,0
9212,3.292,95.20,315.00,1,0,0
9214,3.292,95.60,315.00,1,0,0
9217,3.292,95.40,315.00,1,0,0
9219,3.292,116.30,313.00,1,0,0
9222,3.292,95.10,313.00,1,0,0
9224,3.292,97.10,319.00,1,0,0
9227,3.296,99.80,316.00,1,0,0
9229,3.292,95.20,313.00,1,0,0
9232,3.292,95.20,315.00,1,0,0
9234,3.292,95.20,311.00,1,0,0
9237,3.292,94.90,313.00,1,0,0
9239,3.280,94.70,311.00,1,0,0
9242,3.292,95.20,313.00,1,0,0
9244,3.292,89.30,293.00,1,0,0
9257,3.292,95.80,315.00,1,0,0
9259,3.292,96.20,316.00,1,0,0
9262,3.292,96.00,316.00,1,0,0
9264,3.292,95.80,316.00,1,0,0
9267,3.292,96.00,316.00,1,0,0
9269,3.280,94.90,313.00,1,0,0
9272,3.296,95.50,326.00,1,0,0
9274,3.296,94.90,313.00,1,0,0
9277,3.292,95.60,315.00,1,0,0
9279,3.292,117.50,313.00,1,0,0
9282,3.288,95.20,313.00,1,0,0
9284,3.292,96.00,316.00,1,0,0
9286,3.296,91.40,311.00,1,0,0
9289,3.292,95.20,313.00,1,0,0
9291,3.292,94.80,311.00,1,0,0
9294,3.292,95.20,313.00,1,0,0
9307,3.292,95.00,313.00,1,0,0
9309,3.292,95.10,313.00,1,0,0
9311,3.292,95.10,313.00,1,0,0
9314,3.292,95.20,313.00,1,0,0
9316,3.296,95.20,313.00,1,0,0
9319,3.292,112.50,370.00,1,0,0
9321,3.292,94.90,313.00,1,0,0
9324,3.292,95.00,313.00,1,0,0
9326,3.292,95.00,313.00,1,0,0
9329,3.292,95.20,313.00,1,0,0
9331,3.292,95.20,316.00,1,0,0
9334,3.292,95.70,315.00,1,0,0
9336,3.292,94.80,311.00,1,0,0
9339,3.292,94.70,311.00,1,0,0
9341,3.292,95.40,315.00,1,0,0
9344,3.292,95.80,315.00,1,0,0
9356,3.292,95.50,315.00,1,0,0
9359,3.292,97.10,315.00,1,0,0
9361,3.292,95.20,313.00,1,0,0
9364,3.292,95.20,313.00,1,0,0
9366,3.292,95.10,311.00,1,0,0
9369,3.292,94.80,313.00,1,0,0
9371,3.292,95.30,313.00,1,0,0
9374,3.292,95.20,313.00,1,0,0
9376,3.292,95.20,313.00,1,0,0
9379,3.292,118.00,388.00,1,0,0
9381,3.292,95.20,313.00,1,0,0
9384,3.292,94.90,311.00,1,0,0
9386,3.292,95.80,315.00,1,0,0
9388,3.296,86.90,287.00,1,0,0
9391,3.292,94.80,313.00,1,0,0
9393,3.292,95.10,313.00,1,0,0
9406,3.292,94.90,313.00,1,0,0
9409,3.292,95.20,315.00,1,0,0
9411,3.296,99.10,321.00,1,0,0
9413,3.292,95.50,315.00,1,0,0
9416,3.292,95.90,316.00,1,0,0
9418,3.292,97.10,324.00,1,0,0
9421,3.284,95.20,313.00,1,0,0
9423,3.292,98.70,326.00,1,0,0
9426,3.296,97.10,319.00,1,0,0
9428,3.292,95.30,319.00,1,0,0
9431,3.292,95.40,315.00,1,0,0
9433,3.292,96.40,318.00,1,0,0
9436,3.292,94.70,313.00,1,0,0
9438,3.292,98.80,324.00,1,0,0
9441,3.284,95.20,315.00,1,0,0
9443,3.292,95.40,324.00,1,0,0
9456,3.292,95.40,316.00,1,0,0
9458,3.292,98.10,321.00,1,0,0
9461,3.292,98.00,323.00,1,0,0
9463,3.296,98.30,316.00,1,0,0
9466,3.292,95.20,313.00,1,0,0
9468,3.292,95.30,313.00,1,0,0
9471,3.292,95.10,324.00,1,0,0
9473,3.292,95.10,313.00,1,0,0
9476,3.292,99.50,328.00,1,0,0
9478,3.292,95.20,396.00,1,0,0
9481,3.296,99.00,326.00,1,0,0
9483,3.292,94.90,313.00,1,0,0
9485,3.292,95.00,311.00,1,0,0
9488,3.292,98.30,324.00,1,0,0
9490,3.292,87.20,287.00,1,0,0
9493,3.292,94.90,313.00,1,0,0
9506,3.292,94.90,313.00,1,0,0
9508,3.292,95.20,315.00,1,0,0
9510,3.296,95.40,315.00,1,0,0
9513,3.292,95.40,315.00,1,0,0
9515,3.292,95.30,313.00,1,0,0
9518,3.292,94.90,311.00,1,0,0
9520,3.292,95.00,313.00,1,0,0
9523,3.292,94.90,315.00,1,0,0
9525,3.292,95.20,313.00,1,0,0
9528,3.292,95.40,315.00,1,0,0
9530,3.292,95.30,313.00,1,0,0
9533,3.292,94.90,313.00,1,0,0
9535,3.292,94.90,313.00,1,0,0
9538,3.292,98.30,311.00,1,0,0
9540,3.280,95.20,313.00,1,0,0
9543,3.292,95.20,313.00,1,0,0
9555,3.292,95.40,315.00,1,0,0
9558,3.292,95.90,316.00,1,0,0
9560,3.292,96.00,316.00,1,0,0
9563,3.292,96.00,316.00,1,0,0
9565,3.292,95.30,313.00,1,0,0
9568,3.292,95.20,315.00,1,0,0
9570,3.292,95.60,315.00,1,0,0
9573,3.288,95.60,315.00,1,0,0
9575,3.292,95.80,315.00,1,0,0
9578,3.292,95.60,315.00,1,0,0
9580,3.292,95.70,315.00,1,0,0
9582,3.284,97.60,323.00,1,0,0
9585,3.296,98.20,324.00,1,0,0
9587,3.292,95.10,313.00,1,0,0
9590,3.292,95.30,324.00,1,0,0
9592,3.292,87.80,288.00,1,0,0
9605,3.292,96.00,316.00,1,0,0
9607,3.296,95.30,313.00,1,0,0
9610,3.292,95.40,315.00,1,0,0
9612,3.296,95.70,313.00,1,0,0
9615,3.292,95.10,313.00,1,0,0
9617,3.296,98.50,324.00,1,0,0
9620,3.280,94.70,313.00,1,0,0
9622,3.292,95.20,313.00,1,0,0
9625,3.292,95.20,315.00,1,0,0
9627,3.296,98.60,318.00,1,0,0
9630,3.296,95.20,313.00,1,0,0
9632,3.292,95.00,313.00,1,0,0
9635,3.292,95.10,313.00,1,0,0
9637,3.292,94.90,313.00,1,0,0
9640,3.276,95.30,313.00,1,0,0
9642,3.292,95.20,313.00,1,0,0
9655,3.296,89.00,305.00,1,0,0
9657,3.292,95.40,315.00,1,0,0
9660,3.292,96.30,316.00,1,0,0
9662,3.292,95.90,315.00,1,0,0
9665,3.292,95.80,315.00,1,0,0
9667,3.296,98.70,326.00,1,0,0
9670,3.292,95.60,313.00,1,0,0
9672,3.292,95.20,313.00,1,0,0
9675,3.292,95.20,313.00,1,0,0
9677,3.292,95.20,315.00,1,0,0
9679,3.292,119.00,315.00,1,0,0
9682,3.292,95.00,313.00,1,0,0
9684,3.292,95.00,313.00,1,0,0
9687,3.296,98.30,323.00,1,0,0
9689,3.292,98.50,324.00,1,0,0
9692,3.292,95.20,315.00,1,0,0
9705,3.292,94.90,313.00,1,0,0
9707,3.292,95.50,323.00,1,0,0
9709,3.292,96.00,316.00,1,0,0
9712,3.292,95.30,313.00,1,0,0
9714,3.292,95.10,313.00,1,0,0
9717,3.292,94.70,311.00,1,0,0
9719,3.288,107.10,352.00,1,0,0
9722,3.292,95.30,315.00,1,0,0
9724,3.292,95.20,313.00,1,0,0
9727,3.292,95.20,313.00,1,0,0
9729,3.292,95.10,311.00,1,0,0
9732,3.292,94.90,313.00,1,0,0
9734,3.292,99.60,328.00,1,0,0
9737,3.296,100.00,324.00,1,0,0
9739,3.296,98.70,324.00,1,0,0
9742,3.284,95.20,313.00,1,0,0
9754,3.292,95.30,313.00,1,0,0
9757,3.292,89.50,295.00,1,0,0
9759,3.292,100.00,377.00,1,0,0
9762,3.292,95.60,315.00,1,0,0
9764,3.292,95.60,315.00,1,0,0
9767,3.292,95.10,316.00,1,0,0
9769,3.292,94.90,313.00,1,0,0
9772,3.292,95.10,313.00,1,0,0
9774,3.292,95.20,315.00,1,0,0
9777,3.292,95.10,313.00,1,0,0
9779,3.292,104.00,342.00,1,0,0
9781,3.292,94.80,313.00,1,0,0
9784,3.292,94.80,311.00,1,0,0
9786,3.292,94.90,313.00,1,0,0
9789,3.292,95.40,313.00,1,0,0
9791,3.292,98.80,326.00,1,0,0
9804,3.292,94.90,328.00,1,0,0
9806,3.296,99.70,329.00,1,0,0
9809,3.292,95.20,313.00,1,0,0
9811,3.292,95.80,316.00,1,0,0
9814,3.292,94.90,313.00,1,0,0
9816,3.292,94.90,313.00,1,0,0
9819,3.296,98.20,324.00,1,0,0
9821,3.296,95.70,315.00,1,0,0
9824,3.292,95.20,313.00,1,0,0
9826,3.292,95.10,318.00,1,0,0
9829,3.292,94.90,313.00,1,0,0
9831,3.292,95.00,313.00,1,0,0
9834,3.292,94.90,326.00,1,0,0
9836,3.296,95.10,313.00,1,0,0
9839,3.292,99.50,328.00,1,0,0
9841,3.292,114.10,315.00,1,0,0
9854,3.292,95.40,313.00,1,0,0
9856,3.292,95.80,315.00,1,0,0
9859,3.292,89.20,293.00,1,0,0
9861,3.292,95.50,311.00,1,0,0
9864,3.284,95.30,313.00,1,0,0
9866,3.292,95.80,315.00,1,0,0
9869,3.292,94.90,313.00,1,0,0
9871,3.292,95.80,313.00,1,0,0
9874,3.292,95.30,313.00,1,0,0
9876,3.292,95.30,315.00,1,0,0
9878,3.296,95.20,311.00,1,0,0
9881,3.288,94.90,313.00,1,0,0
9883,3.292,95.20,313.00,1,0,0
9886,3.296,95.20,323.00,1,0,0
9888,3.296,97.60,321.00,1,0,0
9891,3.292,95.20,313.00,1,0,0
9903,3.292,95.40,315.00,1,0,0
9906,3.292,95.60,315.00,1,0,0
9908,3.292,100.20,331.00,1,0,0
9911,3.292,95.20,313.00,1,0,0
9913,3.296,94.80,311.00,1,0,0
9916,3.292,94.90,313.00,1,0,0
9918,3.292,94.80,311.00,1,0,0
9921,3.280,95.10,313.00,1,0,0
9923,3.292,99.10,326.00,1,0,0
9926,3.292,95.20,313.00,1,0,0
9928,3.292,94.90,313.00,1,0,0
9931,3.292,94.90,313.00,1,0,0
9933,3.292,95.10,313.00,1,0,0
9936,3.292,96.30,318.00,1,0,0
9938,3.292,95.20,313.00,1,0,0
9941,3.292,95.80,315.00,1,0,0
9953,3.292,95.50,315.00,1,0,0
9956,3.292,95.40,315.00,1,0,0
9958,3.292,98.60,316.00,1,0,0
9961,3.292,89.20,293.00,1,0,0
9963,3.292,95.10,313.00,1,0,0
9966,3.292,114.00,313.00,1,0,0
9968,3.292,95.60,315.00,1,0,0
9971,3.296,95.60,315.00,1,0,0
9973,3.292,96.00,315.00,1,0,0
9975,3.292,96.50,318.00,1,0,0
9978,3.292,95.50,315.00,1,0,0
9980,3.288,100.40,313.00,1,0,0
9983,3.292,95.50,315.00,1,0,0
9985,3.296,96.10,316.00,1,0,0
9988,3.292,95.40,315.00,1,0,0
9990,3.292,95.10,313.00,1,0,0
10003,3.292,87.80,303.00,1,0,0
10005,3.292,95.80,315.00,1,0,0
10008,3.292,98.60,324.00,1,0,0
10015,3.292,95.70,315.00,1,0,0
10018,3.292,95.30,315.00,1,0,0
10020,3.292,95.30,313.00,1,0,0
10023,3.292,95.40,315.00,1,0,0
10025,3.292,94.60,311.00,1,0,0
10028,3.292,94.90,313.00,1,0,0
10030,3.292,94.80,311.00,1,0,0
10033,3.292,94.90,313.00,1,0,0
10035,3.296,94.90,313.00,1,0,0
10037,3.292,95.10,313.00,1,0,0
10040,3.292,119.00,392.00,1,0,0
10042,3.292,98.90,315.00,1,0,0
10045,3.296,95.10,313.00,1,0,0
10047,3.292,94.90,313.00,1,0,0
10060,3.292,118.50,390.00,1,0,0
10062,3.292,94.90,295.00,1,0,0
10065,3.292,95.10,313.00,1,0,0
10067,3.292,95.20,313.00,1,0,0
10070,3.292,96.40,315.00,1,0,0
10072,3.292,95.20,313.00,1,0,0
10075,3.296,95.70,315.00,1,0,0
10077,3.292,94.90,311.00,1,0,0
10080,3.292,96.80,318.00,1,0,0
10082,3.292,95.00,313.00,1,0,0
10085,3.292,95.20,313.00,1,0,0
10087,3.292,95.80,313.00,1,0,0
10090,3.292,95.20,313.00,1,0,0
10092,3.296,93.90,310.00,1,0,0
10105,3.292,87.20,287.00,1,0,0
10107,3.292,95.20,315.00,1,0,0
10110,3.292,94.30,310.00,1,0,0
10112,3.292,94.80,311.00,1,0,0
10115,3.292,94.90,311.00,1,0,0
10117,3.292,95.90,316.00,1,0,0
10120,3.292,99.80,328.00,1,0,0
10122,3.292,95.30,313.00,1,0,0
10125,3.292,95.30,313.00,1,0,0
10127,3.292,94.90,313.00,1,0,0
10130,3.292,97.00,326.00,1,0,0
10132,3.296,94.90,311.00,1,0,0
10134,3.292,95.10,313.00,1,0,0
10137,3.292,95.50,315.00,1,0,0
10150,3.292,94.80,311.00,1,0,0
10152,3.292,95.20,324.00,1,0,0
10155,3.296,95.20,313.00,1,0,0
10157,3.292,95.80,315.00,1,0,0
10159,3.292,94.80,383.00,1,0,0
10162,3.292,94.90,313.00,1,0,0
10164,3.292,94.80,311.00,1,0,0
10167,3.292,89.10,306.00,1,0,0
10169,3.292,95.40,315.00,1,0,0
10172,3.292,96.00,316.00,1,0,0
10174,3.292,96.10,315.00,1,0,0
10177,3.296,95.50,315.00,1,0,0
10179,3.292,95.10,311.00,1,0,0
10182,3.292,95.00,313.00,1,0,0
10194,3.296,95.20,313.00,1,0,0
10197,3.292,94.70,311.00,1,0,0
10199,3.292,94.70,310.00,1,0,0
10202,3.292,96.40,318.00,1,0,0
10204,3.296,98.40,315.00,1,0,0
10207,3.292,87.10,287.00,1,0,0
10209,3.284,95.20,313.00,1,0,0
10212,3.292,95.40,313.00,1,0,0
10214,3.292,98.90,326.00,1,0,0
10217,3.292,95.40,315.00,1,0,0
10219,3.292,95.50,341.00,1,0,0
10222,3.288,98.80,324.00,1,0,0
10224,3.296,100.20,331.00,1,0,0
10227,3.296,94.80,313.00,1,0,0
10239,3.292,95.20,395.00,1,0,0
10242,3.292,94.80,311.00,1,0,0
10244,3.292,94.80,311.00,1,0,0
10247,3.292,94.80,313.00,1,0,0
10249,3.292,94.60,311.00,1,0,0
10252,3.292,95.30,313.00,1,0,0
10254,3.292,95.20,318.00,1,0,0
10256,3.292,95.20,313.00,1,0,0
10259,3.292,95.00,313.00,1,0,0
10261,3.292,95.10,313.00,1,0,0
10264,3.292,97.10,311.00,1,0,0
10266,3.292,95.40,313.00,1,0,0
10269,3.292,89.40,295.00,1,0,0
10271,3.292,95.50,313.00,1,0,0
10284,3.292,95.10,313.00,1,0,0
10286,3.292,95.30,313.00,1,0,0
10289,3.292,95.30,313.00,1,0,0
10291,3.292,95.00,315.00,1,0,0
10294,3.292,97.20,319.00,1,0,0
10296,3.292,94.90,313.00,1,0,0
10299,3.292,95.00,315.00,1,0,0
10301,3.280,95.30,313.00,1,0,0
10304,3.296,98.50,324.00,1,0,0
10306,3.296,98.50,324.00,1,0,0
10309,3.292,94.10,310.00,1,0,0
10311,3.296,94.30,310.00,1,0,0
10314,3.292,95.50,315.00,1,0,0
10316,3.292,95.20,313.00,1,0,0
10329,3.292,94.80,323.00,1,0,0
10331,3.296,94.90,313.00,1,0,0
10334,3.292,95.20,313.00,1,0,0
10336,3.292,95.20,313.00,1,0,0
10339,3.292,101.30,334.00,1,0,0
10341,3.292,94.80,311.00,1,0,0
10344,3.292,95.10,313.00,1,0,0
10346,3.292,94.80,311.00,1,0,0
10349,3.292,94.90,313.00,1,0,0
10351,3.292,95.20,313.00,1,0,0
10353,3.288,95.20,313.00,1,0,0
10356,3.292,95.20,313.00,1,0,0
10358,3.292,94.90,311.00,1,0,0
10361,3.284,96.90,319.00,1,0,0
10374,3.292,95.10,313.00,1,0,0
10376,3.292,95.70,315.00,1,0,0
10379,3.292,95.50,315.00,1,0,0
10381,3.276,95.70,315.00,1,0,0
10383,3.292,97.30,321.00,1,0,0
10386,3.292,95.10,313.00,1,0,0
10388,3.292,98.60,315.00,1,0,0
10391,3.292,96.50,318.00,1,0,0
10393,3.292,99.30,328.00,1,0,0
10396,3.292,95.00,311.00,1,0,0
10398,3.292,96.50,318.00,1,0,0
10401,3.280,95.60,315.00,1,0,0
10403,3.292,97.50,313.00,1,0,0
10406,3.292,95.20,313.00,1,0,0
10418,3.292,95.20,315.00,1,0,0
10421,3.292,95.30,313.00,1,0,0
10423,3.296,95.00,313.00,1,0,0
10426,3.292,95.80,315.00,1,0,0
10428,3.292,95.50,315.00,1,0,0
10431,3.292,96.30,313.00,1,0,0
10433,3.292,95.10,313.00,1,0,0
10436,3.292,95.20,313.00,1,0,0
10438,3.292,95.30,313.00,1,0,0
10441,3.292,96.90,319.00,1,0,0
10443,3.296,97.70,321.00,1,0,0
10446,3.292,98.00,323.00,1,0,0
10448,3.292,95.30,315.00,1,0,0
10451,3.292,97.00,319.00,1,0,0
10463,3.292,94.90,313.00,1,0,0
10466,3.292,98.60,324.00,1,0,0
10468,3.292,95.20,315.00,1,0,0
10471,3.296,95.60,315.00,1,0,0
10473,3.292,89.30,293.00,1,0,0
10476,3.292,94.90,313.00,1,0,0
10478,3.292,95.70,315.00,1,0,0
10480,3.288,95.30,313.00,1,0,0
10483,3.296,100.10,329.00,1,0,0
10485,3.296,96.00,316.00,1,0,0
10488,3.292,95.60,315.00,1,0,0
10490,3.292,95.10,313.00,1,0,0
10493,3.292,95.20,313.00,1,0,0
10495,3.292,95.80,315.00,1,0,0
10508,3.284,95.60,315.00,1,0,0
10510,3.292,99.00,326.00,1,0,0
10513,3.292,98.50,324.00,1,0,0
10515,3.292,88.50,292.00,1,0,0
10518,3.292,95.90,316.00,1,0,0
10520,3.292,120.20,315.00,1,0,0
10523,3.292,95.10,313.00,1,0,0
10525,3.292,94.80,311.00,1,0,0
10528,3.292,94.90,316.00,1,0,0
10530,3.296,95.20,315.00,1,0,0
10533,3.292,95.20,313.00,1,0,0
10535,3.292,95.20,313.00,1,0,0
10538,3.292,95.30,313.00,1,0,0
10540,3.288,115.90,382.00,1,0,0
10553,3.292,98.80,326.00,1,0,0
10555,3.292,94.80,313.00,1,0,0
10558,3.292,95.70,311.00,1,0,0
10560,3.292,98.20,323.00,1,0,0
10563,3.284,96.20,316.00,1,0,0
10565,3.292,95.20,313.00,1,0,0
10568,3.292,95.80,316.00,1,0,0
10570,3.296,98.50,324.00,1,0,0
10573,3.292,95.10,311.00,1,0,0
10575,3.292,89.10,293.00,1,0,0
10577,3.292,95.10,313.00,1,0,0
10580,3.292,95.10,316.00,1,0,0
10582,3.292,112.50,370.00,1,0,0
10585,3.292,95.10,313.00,1,0,0
10598,3.292,100.60,331.00,1,0,0
10600,3.292,117.30,313.00,1,0,0
10602,3.292,96.70,318.00,1,0,0
10605,3.292,94.80,311.00,1,0,0
10607,3.292,94.80,315.00,1,0,0
10610,3.292,94.90,313.00,1,0,0
10612,3.292,94.80,311.00,1,0,0
10615,3.292,95.50,328.00,1,0,0
10617,3.296,92.30,303.00,1,0,0
10620,3.292,101.40,334.00,1,0,0
10622,3.292,113.90,375.00,1,0,0
10625,3.292,94.90,313.00,1,0,0
10627,3.292,94.90,313.00,1,0,0
10640,3.292,110.90,365.00,1,0,0
10642,3.292,95.20,313.00,1,0,0
10645,3.292,95.00,313.00,1,0,0
10647,3.292,95.20,313.00,1,0,0
10650,3.292,95.20,313.00,1,0,0
10652,3.292,96.00,318.00,1,0,0
10655,3.292,95.00,313.00,1,0,0
10657,3.292,94.70,311.00,1,0,0
10660,3.292,94.90,311.00,1,0,0
10662,3.292,95.30,313.00,1,0,0
10665,3.292,95.40,315.00,1,0,0
10667,3.292,95.10,313.00,1,0,0
10670,3.292,95.20,313.00,1,0,0
10672,3.292,95.60,315.00,1,0,0
10685,3.292,95.90,316.00,1,0,0
10687,3.292,95.50,315.00,1,0,0
10690,3.292,95.50,315.00,1,0,0
10692,3.296,95.20,313.00,1,0,0
10695,3.292,95.00,313.00,1,0,0
10697,3.292,95.30,313.00,1,0,0
10700,3.292,118.10,388.00,1,0,0
10702,3.292,95.20,313.00,1,0,0
10704,3.296,98.60,315.00,1,0,0
10707,3.292,100.10,329.00,1,0,0
10709,3.296,94.90,313.00,1,0,0
10712,3.296,96.00,313.00,1,0,0
10714,3.292,96.20,316.00,1,0,0
10717,3.292,95.30,313.00,1,0,0
10729,3.292,95.10,313.00,1,0,0
10732,3.292,95.80,318.00,1,0,0
10734,3.296,97.60,321.00,1,0,0
10737,3.292,94.90,313.00,1,0,0
10739,3.292,94.90,319.00,1,0,0
10742,3.292,95.00,313.00,1,0,0
10744,3.292,95.00,313.00,1,0,0
10747,3.292,95.20,313.00,1,0,0
10749,3.296,95.10,313.00,1,0,0
10752,3.292,95.10,313.00,1,0,0
10754,3.292,94.90,313.00,1,0,0
10757,3.292,95.20,324.00,1,0,0
10759,3.292,95.90,315.00,1,0,0
10762,3.288,95.30,313.00,1,0,0
10774,3.292,95.60,315.00,1,0,0
10777,3.292,94.90,313.00,1,0,0
10779,3.292,93.70,308.00,1,0,0
10782,3.292,88.80,292.00,1,0,0
10784,3.292,114.10,316.00,1,0,0
10787,3.296,94.90,313.00,1,0,0
10789,3.292,95.60,315.00,1,0,0
10792,3.292,95.70,315.00,1,0,0
10794,3.292,95.10,313.00,1,0,0
10797,3.292,95.20,313.00,1,0,0
10799,3.292,95.20,392.00,1,0,0
10801,3.292,95.20,313.00,1,0,0
10804,3.292,99.40,328.00,1,0,0
10806,3.292,95.10,315.00,1,0,0
10819,3.292,95.40,315.00,1,0,0
10822,3.292,86.80,287.00,1,0,0
10824,3.292,95.40,315.00,1,0,0
10827,3.292,95.30,313.00,1,0,0
10829,3.292,95.40,323.00,1,0,0
10831,3.296,95.30,313.00,1,0,0
10834,3.292,95.50,315.00,1,0,0
10836,3.292,95.60,313.00,1,0,0
10839,3.296,98.70,324.00,1,0,0
10841,3.292,95.00,313.00,1,0,0
10844,3.292,95.00,318.00,1,0,0
10846,3.296,95.20,313.00,1,0,0
10849,3.288,98.50,324.00,1,0,0
10851,3.296,101.00,313.00,1,0,0
10864,3.292,95.50,315.00,1,0,0
10866,3.292,95.40,313.00,1,0,0
10869,3.292,95.00,313.00,1,0,0
10871,3.292,98.30,324.00,1,0,0
10874,3.292,94.90,324.00,1,0,0
10876,3.292,93.80,308.00,1,0,0
10879,3.292,95.30,313.00,1,0,0
10881,3.280,95.50,308.00,1,0,0
10884,3.292,89.40,295.00,1,0,0
10886,3.292,95.10,313.00,1,0,0
10889,3.292,95.90,315.00,1,0,0
10891,3.292,95.80,315.00,1,0,0
10894,3.292,96.00,316.00,1,0,0
10896,3.292,95.70,311.00,1,0,0
10909,3.292,95.10,313.00,1,0,0
10911,3.292,97.50,321.00,1,0,0
10914,3.292,99.00,326.00,1,0,0
10916,3.292,95.30,315.00,1,0,0
10919,3.292,95.40,313.00,1,0,0
10921,3.288,94.90,313.00,1,0,0
10924,3.292,95.30,315.00,1,0,0
10926,3.296,92.10,313.00,1,0,0
10928,3.292,95.50,315.00,1,0,0
10931,3.292,95.30,313.00,1,0,0
10933,3.292,95.20,313.00,1,0,0
10936,3.292,94.80,311.00,1,0,0
10938,3.292,95.80,315.00,1,0,0
10941,3.276,95.00,313.00,1,0,0
10953,3.292,94.90,313.00,1,0,0
10956,3.296,95.00,313.00,1,0,0
10958,3.292,96.60,318.00,1,0,0
10961,3.280,95.10,313.00,1,0,0
10963,3.292,95.40,315.00,1,0,0
10966,3.292,101.30,334.00,1,0,0
10968,3.296,97.40,313.00,1,0,0
10971,3.292,94.90,313.00,1,0,0
10973,3.292,95.10,313.00,1,0,0
10976,3.292,94.80,315.00,1,0,0
10978,3.292,95.10,313.00,1,0,0
10981,3.296,98.80,324.00,1,0,0
10983,3.292,95.30,313.00,1,0,0
10986,3.292,89.00,293.00,1,0,0
10998,3.292,95.10,313.00,1,0,0
11001,3.292,97.00,319.00,1,0,0
11003,3.292,94.80,311.00,1,0,0
11006,3.292,94.60,313.00,1,0,0
11008,3.292,94.80,311.00,1,0,0
11011,3.292,95.20,313.00,1,0,0
11013,3.292,97.80,324.00,1,0,0
11016,3.296,95.20,313.00,1,0,0
11018,3.292,94.90,313.00,1,0,0
11021,3.288,112.40,313.00,1,0,0
11023,3.292,94.70,311.00,1,0,0
11025,3.292,90.60,298.00,1,0,0
11028,3.292,95.10,313.00,1,0,0
11030,3.292,95.50,315.00,1,0,0
11043,3.292,95.10,313.00,1,0,0
11046,3.292,95.30,313.00,1,0,0
11048,3.292,95.20,313.00,1,0,0
11051,3.292,95.30,313.00,1,0,0
11053,3.292,95.00,313.00,1,0,0
11055,3.292,95.10,313.00,1,0,0
11058,3.292,94.80,311.00,1,0,0
11060,3.292,95.20,313.00,1,0,0
11063,3.292,95.30,313.00,1,0,0
11065,3.292,95.30,313.00,1,0,0
11068,3.292,94.80,311.00,1,0,0
11070,3.292,95.20,313.00,1,0,0
11073,3.292,94.90,313.00,1,0,0
11075,3.292,95.30,313.00,1,0,0
11088,3.296,89.40,295.00,1,0,0
11090,3.292,95.00,313.00,1,0,0
11093,3.292,96.10,316.00,1,0,0
11095,3.292,96.40,318.00,1,0,0
11098,3.292,95.90,316.00,1,0,0
11100,3.292,118.80,311.00,1,0,0
11103,3.292,96.30,316.00,1,0,0
11105,3.292,98.70,326.00,1,0,0
11108,3.292,94.90,313.00,1,0,0
11110,3.292,95.20,313.00,1,0,0
11113,3.292,95.20,313.00,1,0,0
11115,3.292,96.60,318.00,1,0,0
11118,3.292,94.80,313.00,1,0,0
11120,3.292,96.40,318.00,1,0,0
11133,3.292,95.30,313.00,1,0,0
11135,3.296,87.00,287.00,1,0,0
11138,3.292,95.10,313.00,1,0,0
11140,3.292,94.90,313.00,1,0,0
11143,3.292,96.00,316.00,1,0,0
11145,3.292,95.20,315.00,1,0,0
11148,3.296,95.30,313.00,1,0,0
11150,3.292,94.80,311.00,1,0,0
11152,3.292,94.90,313.00,1,0,0
11155,3.292,98.70,324.00,1,0,0
11157,3.296,94.80,311.00,1,0,0
11160,3.292,98.60,319.00,1,0,0
11162,3.292,95.20,313.00,1,0,0
11165,3.292,95.20,313.00,1,0,0
11177,3.292,95.20,313.00,1,0,0
11180,3.292,119.10,392.00,1,0,0
11182,3.292,95.20,313.00,1,0,0
11185,3.292,94.80,311.00,1,0,0
11187,3.292,94.90,313.00,1,0,0
11190,3.292,89.00,295.00,1,0,0
11192,3.292,96.40,318.00,1,0,0
11195,3.292,95.60,315.00,1,0,0
11197,3.292,95.80,316.00,1,0,0
11200,3.292,99.40,328.00,1,0,0
11202,3.292,95.80,315.00,1,0,0
11205,3.292,95.30,315.00,1,0,0
11207,3.292,95.70,315.00,1,0,0
11210,3.292,95.60,315.00,1,0,0
11222,3.292,95.50,315.00,1,0,0
11225,3.292,96.10,316.00,1,0,0
11227,3.292,95.60,313.00,1,0,0
11230,3.292,96.40,318.00,1,0,0
11232,3.292,87.20,287.00,1,0,0
11235,3.292,95.10,313.00,1,0,0
11237,3.292,94.90,313.00,1,0,0
11240,3.292,94.90,311.00,1,0,0
11242,3.292,95.30,313.00,1,0,0
11245,3.292,96.10,316.00,1,0,0
11247,3.292,95.10,313.00,1,0,0
11249,3.292,94.80,313.00,1,0,0
11252,3.292,94.90,313.00,1,0,0
11254,3.292,94.80,311.00,1,0,0
11267,3.292,95.10,313.00,1,0,0
11270,3.292,94.90,311.00,1,0,0
11272,3.292,94.80,311.00,1,0,0
11274,3.292,95.30,313.00,1,0,0
11277,3.292,95.20,313.00,1,0,0
11279,3.292,119.00,392.00,1,0,0
11282,3.292,94.90,313.00,1,0,0
11284,3.292,94.90,313.00,1,0,0
11287,3.292,95.00,319.00,1,0,0
11289,3.292,98.70,326.00,1,0,0
11292,3.292,90.40,298.00,1,0,0
11294,3.292,91.00,313.00,1,0,0
11297,3.292,96.00,316.00,1,0,0
11299,3.292,94.90,313.00,1,0,0
11312,3.292,99.80,329.00,1,0,0
11314,3.292,95.20,311.00,1,0,0
11317,3.288,95.00,313.00,1,0,0
11319,3.292,95.30,313.00,1,0,0
11322,3.292,95.20,313.00,1,0,0
11324,3.292,99.30,328.00,1,0,0
11327,3.292,95.30,315.00,1,0,0
11329,3.292,95.30,313.00,1,0,0
11332,3.292,96.30,316.00,1,0,0
11334,3.296,98.80,324.00,1,0,0
11337,3.292,95.00,313.00,1,0,0
11339,3.292,95.30,311.00,1,0,0
11342,3.292,98.90,326.00,1,0,0
11344,3.296,98.60,324.00,1,0,0
11357,3.292,95.70,315.00,1,0,0
11359,3.292,95.30,344.00,1,0,0
11362,3.296,99.10,326.00,1,0,0
11364,3.292,95.20,313.00,1,0,0
11367,3.292,94.90,311.00,1,0,0
11369,3.292,94.80,311.00,1,0,0
11371,3.292,94.90,313.00,1,0,0
11374,3.292,95.40,316.00,1,0,0
11376,3.292,95.30,313.00,1,0,0
11379,3.292,95.30,313.00,1,0,0
11381,3.292,94.90,311.00,1,0,0
11384,3.292,94.80,311.00,1,0,0
11386,3.292,95.10,313.00,1,0,0
11389,3.292,94.90,321.00,1,0,0
11401,3.292,113.90,375.00,1,0,0
11404,3.292,95.70,313.00,1,0,0
11406,3.292,96.40,318.00,1,0,0
11409,3.292,95.90,316.00,1,0,0
11411,3.292,95.30,315.00,1,0,0
11414,3.292,95.10,313.00,1,0,0
11416,3.292,95.00,313.00,1,0,0
11419,3.292,94.90,313.00,1,0,0
11421,3.288,95.90,316.00,1,0,0
11424,3.292,95.30,313.00,1,0,0
11426,3.296,98.70,326.00,1,0,0
11429,3.296,95.80,315.00,1,0,0
11431,3.292,95.20,313.00,1,0,0
11434,3.292,98.30,329.00,1,0,0
11446,3.292,96.50,328.00,1,0,0
11449,3.296,98.10,323.00,1,0,0
11451,3.296,99.90,329.00,1,0,0
11454,3.292,95.00,324.00,1,0,0
11456,3.292,95.90,316.00,1,0,0
11459,3.292,98.80,326.00,1,0,0
11461,3.292,95.70,319.00,1,0,0
11464,3.296,95.10,313.00,1,0,0
11466,3.292,98.90,326.00,1,0,0
11469,3.292,95.10,313.00,1,0,0
11471,3.296,97.30,313.00,1,0,0
11473,3.296,95.40,315.00,1,0,0
11476,3.296,102.20,338.00,1,0,0
11478,3.292,95.50,319.00,1,0,0
11491,3.292,95.20,316.00,1,0,0
11494,3.292,95.40,315.00,1,0,0
11496,3.292,95.20,313.00,1,0,0
11498,3.292,89.00,313.00,1,0,0
11501,3.288,95.30,313.00,1,0,0
11503,3.292,95.80,315.00,1,0,0
11506,3.292,96.20,313.00,1,0,0
11508,3.292,96.00,316.00,1,0,0
11511,3.292,96.90,319.00,1,0,0
11513,3.292,95.50,313.00,1,0,0
11516,3.292,94.80,311.00,1,0,0
11518,3.292,95.00,313.00,1,0,0
11521,3.280,94.70,313.00,1,0,0
11523,3.292,95.40,315.00,1,0,0
11536,3.292,95.00,313.00,1,0,0
11538,3.292,87.20,287.00,1,0,0
11541,3.280,95.30,313.00,1,0,0
11543,3.292,95.20,318.00,1,0,0
11546,3.296,99.00,326.00,1,0,0
11548,3.296,95.60,315.00,1,0,0
11551,3.292,94.80,315.00,1,0,0
11553,3.292,95.10,313.00,1,0,0
11556,3.292,95.20,313.00,1,0,0
11558,3.296,95.50,313.00,1,0,0
11561,3.292,96.00,316.00,1,0,0
11563,3.292,95.30,313.00,1,0,0
11566,3.292,95.00,313.00,1,0,0
11568,3.292,94.90,313.00,1,0,0
11581,3.292,95.00,313.00,1,0,0
11583,3.292,94.90,313.00,1,0,0
11586,3.292,95.00,313.00,1,0,0
11588,3.292,95.20,313.00,1,0,0
11591,3.292,95.20,313.00,1,0,0
11593,3.292,97.20,323.00,1,0,0
11596,3.292,98.50,324.00,1,0,0
11598,3.292,94.90,313.00,1,0,0
11601,3.292,89.40,295.00,1,0,0
11603,3.292,95.20,313.00,1,0,0
11605,3.284,96.10,316.00,1,0,0
11608,3.292,96.00,316.00,1,0,0
11610,3.292,96.10,316.00,1,0,0
11613,3.292,94.90,313.00,1,0,0
11626,3.292,95.20,313.00,1,0,0
11628,3.292,95.10,313.00,1,0,0
11630,3.292,94.80,313.00,1,0,0
11633,3.292,94.60,311.00,1,0,0
11635,3.292,94.90,313.00,1,0,0
11638,3.292,95.20,313.00,1,0,0
11640,3.292,88.00,290.00,1,0,0
11643,3.292,95.20,313.00,1,0,0
11645,3.292,89.60,313.00,1,0,0
11648,3.292,95.00,313.00,1,0,0
11650,3.292,94.90,313.00,1,0,0
11653,3.292,94.90,313.00,1,0,0
11655,3.292,96.20,316.00,1,0,0
11658,3.292,95.80,315.00,1,0,0
11670,3.292,95.30,313.00,1,0,0
11673,3.292,95.40,315.00,1,0,0
11675,3.292,95.50,315.00,1,0,0
11678,3.292,95.60,315.00,1,0,0
11680,3.288,115.40,380.00,1,0,0
11683,3.292,95.30,311.00,1,0,0
11685,3.292,95.30,313.00,1,0,0
11688,3.292,95.60,315.00,1,0,0
11690,3.292,95.40,315.00,1,0,0
11693,3.292,95.50,315.00,1,0,0
11695,3.292,95.10,313.00,1,0,0
11698,3.292,94.90,313.00,1,0,0
11700,3.292,96.90,319.00,1,0,0
11702,3.292,89.20,293.00,1,0,0
11715,3.292,95.40,315.00,1,0,0
11718,3.292,95.40,315.00,1,0,0
11720,3.292,96.20,315.00,1,0,0
11723,3.292,95.00,313.00,1,0,0
11725,3.292,97.80,323.00,1,0,0
11727,3.292,100.90,313.00,1,0,0
11730,3.292,98.40,324.00,1,0,0
11732,3.292,94.90,313.00,1,0,0
11735,3.292,98.90,315.00,1,0,0
11737,3.292,95.60,315.00,1,0,0
11740,3.292,102.00,334.00,1,0,0
11742,3.296,98.60,300.00,1,0,0
11745,3.296,97.50,321.00,1,0,0
11747,3.292,95.20,313.00,1,0,0
11760,3.292,119.50,393.00,1,0,0
11762,3.292,95.00,326.00,1,0,0
11765,3.296,97.90,323.00,1,0,0
11767,3.292,94.90,313.00,1,0,0
11770,3.292,95.80,315.00,1,0,0
11772,3.292,97.10,319.00,1,0,0
11775,3.296,98.50,324.00,1,0,0
11777,3.296,101.40,326.00,1,0,0
11780,3.296,98.00,323.00,1,0,0
11782,3.292,95.00,313.00,1,0,0
11785,3.292,95.00,313.00,1,0,0
11787,3.296,95.30,315.00,1,0,0
11790,3.292,95.20,313.00,1,0,0
11792,3.296,94.40,311.00,1,0,0
11805,3.292,89.70,295.00,1,0,0
11807,3.292,95.50,316.00,1,0,0
11810,3.292,96.20,316.00,1,0,0
11812,3.292,95.00,313.00,1,0,0
11815,3.296,98.40,321.00,1,0,0
11817,3.292,94.90,313.00,1,0,0
11820,3.292,97.50,319.00,1,0,0
11822,3.292,95.20,313.00,1,0,0
11825,3.292,94.40,311.00,1,0,0
11827,3.292,94.90,313.00,1,0,0
11829,3.292,94.90,313.00,1,0,0
11832,3.296,95.00,313.00,1,0,0
11834,3.292,94.90,313.00,1,0,0
11837,3.292,97.50,313.00,1,0,0
11850,3.292,95.20,313.00,1,0,0
11852,3.292,96.10,316.00,1,0,0
11854,3.292,97.30,321.00,1,0,0
11857,3.296,96.90,319.00,1,0,0
11859,3.296,95.70,315.00,1,0,0
11862,3.292,95.00,313.00,1,0,0
11864,3.292,95.10,313.00,1,0,0
11867,3.292,94.90,316.00,1,0,0
11869,3.292,95.50,315.00,1,0,0
11872,3.292,97.90,323.00,1,0,0
11874,3.292,98.80,326.00,1,0,0
11877,3.296,94.90,313.00,1,0,0
11879,3.292,98.50,324.00,1,0,0
11882,3.284,115.30,313.00,1,0,0
11894,3.296,95.00,326.00,1,0,0
11897,3.296,98.50,313.00,1,0,0
11899,3.292,95.20,313.00,1,0,0
11902,3.280,97.50,321.00,1,0,0
11904,3.292,95.50,313.00,1,0,0
11907,3.292,89.50,295.00,1,0,0
11909,3.292,95.20,313.00,1,0,0
11912,3.292,95.70,315.00,1,0,0
11914,3.296,95.40,315.00,1,0,0
11917,3.292,94.80,311.00,1,0,0
11919,3.292,96.50,315.00,1,0,0
11922,3.292,94.30,310.00,1,0,0
11924,3.292,95.20,313.00,1,0,0
11926,3.292,98.60,324.00,1,0,0
11939,3.292,95.10,315.00,1,0,0
11942,3.296,99.30,328.00,1,0,0
11944,3.292,94.80,311.00,1,0,0
11947,3.292,96.40,315.00,1,0,0
11949,3.296,91.60,301.00,1,0,0
11951,3.292,95.50,315.00,1,0,0
11954,3.292,99.30,326.00,1,0,0
11956,3.292,95.50,333.00,1,0,0
11959,3.292,95.00,313.00,1,0,0
11961,3.288,96.90,319.00,1,0,0
11964,3.284,95.00,315.00,1,0,0
11966,3.292,96.80,319.00,1,0,0
11969,3.292,95.30,313.00,1,0,0
11971,3.292,95.50,328.00,1,0,0
11984,3.296,96.10,318.00,1,0,0
11986,3.292,98.70,326.00,1,0,0
11989,3.296,99.20,328.00,1,0,0
11991,3.292,95.20,313.00,1,0,0
11994,3.292,95.00,313.00,1,0,0
11996,3.292,94.90,313.00,1,0,0
11999,3.292,94.90,311.00,1,0,0
12001,3.292,95.30,313.00,1,0,0
12004,3.292,95.90,316.00,1,0,0
12006,3.292,95.20,313.00,1,0,0
12009,3.292,89.10,293.00,1,0,0
12015,3.292,95.60,315.00,1,0,0
12018,3.292,96.40,318.00,1,0,0
12020,3.292,95.90,333.00,1,0,0
12023,3.292,95.70,315.00,1,0,0
12025,3.292,95.80,315.00,1,0,0
12028,3.292,95.30,315.00,1,0,0
12030,3.292,94.80,311.00,1,0,0
12033,3.292,94.90,313.00,1,0,0
12035,3.292,95.30,313.00,1,0,0
12048,3.296,86.80,313.00,1,0,0
12050,3.292,87.70,288.00,1,0,0
12053,3.292,95.30,313.00,1,0,0
12055,3.292,95.40,315.00,1,0,0
12058,3.292,95.20,315.00,1,0,0
12060,3.292,94.90,311.00,1,0,0
12062,3.292,94.80,311.00,1,0,0
12065,3.292,95.80,311.00,1,0,0
12067,3.292,95.10,313.00,1,0,0
12070,3.292,95.20,313.00,1,0,0
12072,3.292,95.30,315.00,1,0,0
12075,3.292,94.90,313.00,1,0,0
12077,3.292,94.90,313.00,1,0,0
12080,3.292,94.90,311.00,1,0,0
12092,3.292,97.30,315.00,1,0,0
12095,3.292,95.80,315.00,1,0,0
12097,3.292,95.20,313.00,1,0,0
12100,3.292,95.20,324.00,1,0,0
12102,3.292,88.00,288.00,1,0,0
12105,3.292,95.60,315.00,1,0,0
12107,3.292,95.20,311.00,1,0,0
12110,3.292,94.90,313.00,1,0,0
12112,3.292,88.80,292.00,1,0,0
12115,3.292,95.00,316.00,1,0,0
12117,3.292,95.90,316.00,1,0,0
12120,3.292,96.10,316.00,1,0,0
12122,3.292,96.00,316.00,1,0,0
12125,3.292,95.00,313.00,1,0,0
12137,3.292,95.30,313.00,1,0,0
12140,3.292,95.20,313.00,1,0,0
12142,3.292,95.00,313.00,1,0,0
12145,3.292,94.90,313.00,1,0,0
12147,3.292,94.90,313.00,1,0,0
12150,3.292,100.00,329.00,1,0,0
12152,3.292,92.40,287.00,1,0,0
12155,3.292,95.20,313.00,1,0,0
12157,3.292,95.70,315.00,1,0,0
12159,3.292,94.90,311.00,1,0,0
12162,3.276,94.90,313.00,1,0,0
12164,3.292,94.80,311.00,1,0,0
12167,3.296,96.10,313.00,1,0,0
12169,3.292,95.30,313.00,1,0,0
12182,3.280,95.60,313.00,1,0,0
12184,3.292,95.20,313.00,1,0,0
12187,3.292,95.10,313.00,1,0,0
12189,3.292,99.10,321.00,1,0,0
12192,3.292,95.20,313.00,1,0,0
12194,3.292,95.10,313.00,1,0,0
12197,3.292,95.30,313.00,1,0,0
12199,3.292,95.30,313.00,1,0,0
12202,3.280,94.20,310.00,1,0,0
12204,3.292,95.30,313.00,1,0,0
12207,3.292,95.20,313.00,1,0,0
12209,3.292,95.30,313.00,1,0,0
12212,3.292,95.60,328.00,1,0,0
12214,3.292,88.90,293.00,1,0,0
12227,3.292,95.30,313.00,1,0,0
12229,3.292,95.70,315.00,1,0,0
12232,3.292,96.10,315.00,1,0,0
12234,3.292,95.90,316.00,1,0,0
12237,3.292,96.00,316.00,1,0,0
12239,3.288,95.30,313.00,1,0,0
12242,3.288,94.40,319.00,1,0,0
12244,3.292,95.50,315.00,1,0,0
12247,3.292,94.90,313.00,1,0,0
12249,3.292,97.60,313.00,1,0,0
12252,3.292,95.20,313.00,1,0,0
12254,3.292,100.20,329.00,1,0,0
12256,3.292,89.50,316.00,1,0,0
12259,3.292,95.30,313.00,1,0,0
12272,3.296,95.10,313.00,1,0,0
12274,3.292,95.40,315.00,1,0,0
12277,3.292,95.30,313.00,1,0,0
12279,3.292,95.00,313.00,1,0,0
12281,3.276,95.30,313.00,1,0,0
12284,3.292,95.40,329.00,1,0,0
12286,3.292,95.20,313.00,1,0,0
12289,3.296,96.20,318.00,1,0,0
12291,3.296,99.10,318.00,1,0,0
12294,3.292,99.50,328.00,1,0,0
12296,3.296,95.00,313.00,1,0,0
12299,3.292,96.60,318.00,1,0,0
12301,3.292,117.40,316.00,1,0,0
12304,3.292,96.10,316.00,1,0,0
12316,3.292,89.40,295.00,1,0,0
12319,3.292,95.50,315.00,1,0,0
12321,3.292,100.60,316.00,1,0,0
12324,3.292,95.30,313.00,1,0,0
12326,3.280,96.50,318.00,1,0,0
12329,3.292,95.40,321.00,1,0,0
12331,3.292,98.70,324.00,1,0,0
12334,3.292,95.20,313.00,1,0,0
12336,3.292,98.50,324.00,1,0,0
12339,3.292,96.40,318.00,1,0,0
12341,3.288,107.00,352.00,1,0,0
12344,3.292,95.30,324.00,1,0,0
12346,3.296,95.60,315.00,1,0,0
12349,3.292,95.20,315.00,1,0,0
12361,3.296,95.70,315.00,1,0,0
12364,3.284,98.20,324.00,1,0,0
12366,3.296,96.40,313.00,1,0,0
12369,3.292,95.30,313.00,1,0,0
12371,3.292,95.60,315.00,1,0,0
12374,3.296,97.00,313.00,1,0,0
12376,3.292,97.60,321.00,1,0,0
12379,3.292,96.10,316.00,1,0,0
12381,3.292,100.20,324.00,1,0,0
12383,3.292,98.50,323.00,1,0,0
12386,3.292,99.10,326.00,1,0,0
12388,3.292,95.60,313.00,1,0,0
12391,3.292,95.30,313.00,1,0,0
12393,3.292,95.10,313.00,1,0,0
12406,3.296,95.10,313.00,1,0,0
12408,3.292,97.30,313.00,1,0,0
12411,3.292,95.30,313.00,1,0,0
12413,3.292,97.80,323.00,1,0,0
12416,3.292,95.20,315.00,1,0,0
12418,3.296,92.70,295.00,1,0,0
12421,3.292,100.10,329.00,1,0,0
12423,3.296,114.40,377.00,1,0,0
12426,3.292,95.60,315.00,1,0,0
12428,3.292,95.40,315.00,1,0,0
12431,3.292,96.30,316.00,1,0,0
12433,3.292,95.20,315.00,1,0,0
12436,3.292,99.30,328.00,1,0,0
12438,3.292,95.00,313.00,1,0,0
12451,3.292,95.20,313.00,1,0,0
12453,3.292,95.50,315.00,1,0,0
12456,3.292,95.30,313.00,1,0,0
12458,3.296,99.60,328.00,1,0,0
12461,3.292,86.80,328.00,1,0,0
12463,3.288,96.10,316.00,1,0,0
12466,3.292,95.20,313.00,1,0,0
12468,3.296,99.90,315.00,1,0,0
12471,3.292,96.60,318.00,1,0,0
12473,3.292,98.90,326.00,1,0,0
12476,3.292,95.60,313.00,1,0,0
12478,3.292,94.90,313.00,1,0,0
12480,3.292,99.80,328.00,1,0,0
12483,3.292,95.20,313.00,1,0,0
12496,3.292,100.20,329.00,1,0,0
12498,3.292,95.20,313.00,1,0,0
12501,3.292,100.80,333.00,1,0,0
12503,3.292,104.70,344.00,1,0,0
12505,3.292,95.20,313.00,1,0,0
12508,3.292,95.10,313.00,1,0,0
12510,3.292,94.90,313.00,1,0,0
12513,3.292,95.10,313.00,1,0,0
12515,3.288,96.00,316.00,1,0,0
12518,3.292,95.60,315.00,1,0,0
12520,3.292,96.40,374.00,1,0,0
12523,3.292,89.70,295.00,1,0,0
12525,3.292,95.20,313.00,1,0,0
12528,3.292,95.80,321.00,1,0,0
12540,3.296,95.30,313.00,1,0,0
12543,3.292,95.60,315.00,1,0,0
12545,3.292,96.00,316.00,1,0,0
12548,3.292,98.80,326.00,1,0,0
12550,3.296,96.50,316.00,1,0,0
12553,3.292,95.70,315.00,1,0,0
12555,3.292,95.60,315.00,1,0,0
12558,3.292,95.50,313.00,1,0,0
12560,3.292,95.00,311.00,1,0,0
12563,3.292,87.20,287.00,1,0,0
12565,3.296,97.00,316.00,1,0,0
12568,3.292,96.70,318.00,1,0,0
12570,3.292,95.00,313.00,1,0,0
12573,3.292,100.60,313.00,1,0,0
12585,3.288,95.30,313.00,1,0,0
12588,3.292,95.40,315.00,1,0,0
12590,3.292,95.00,313.00,1,0,0
12593,3.292,95.20,313.00,1,0,0
12595,3.292,95.40,313.00,1,0,0
12598,3.292,95.70,315.00,1,0,0
12600,3.292,95.30,313.00,1,0,0
12603,3.292,95.60,311.00,1,0,0
12605,3.292,95.00,313.00,1,0,0
12607,3.292,94.90,313.00,1,0,0
12610,3.292,95.10,316.00,1,0,0
12612,3.296,98.60,324.00,1,0,0
12615,3.296,97.40,321.00,1,0,0
12617,3.292,95.50,315.00,1,0,0
12630,3.292,95.20,316.00,1,0,0
12632,3.292,96.40,318.00,1,0,0
12635,3.292,96.10,316.00,1,0,0
12637,3.292,98.30,326.00,1,0,0
12640,3.296,95.40,313.00,1,0,0
12642,3.292,95.00,313.00,1,0,0
12645,3.292,95.30,315.00,1,0,0
12647,3.292,95.40,315.00,1,0,0
12650,3.292,95.40,315.00,1,0,0
12652,3.292,95.40,315.00,1,0,0
12655,3.292,95.10,313.00,1,0,0
12657,3.292,95.00,313.00,1,0,0
12660,3.292,94.90,313.00,1,0,0
12662,3.280,95.40,315.00,1,0,0
12675,3.292,95.20,313.00,1,0,0
12677,3.292,95.90,316.00,1,0,0
12680,3.292,96.00,316.00,1,0,0
12682,3.284,95.60,315.00,1,0,0
12685,3.292,99.60,328.00,1,0,0
12687,3.292,95.50,315.00,1,0,0
12690,3.292,95.00,313.00,1,0,0
12692,3.292,95.70,315.00,1,0,0
12695,3.292,95.70,315.00,1,0,0
12697,3.292,95.60,315.00,1,0,0
12700,3.292,95.50,315.00,1,0,0
12702,3.292,95.30,313.00,1,0,0
12704,3.292,96.10,315.00,1,0,0
12707,3.292,95.50,315.00,1,0,0
12720,3.292,100.20,311.00,1,0,0
12722,3.288,95.00,313.00,1,0,0
12725,3.292,95.00,313.00,1,0,0
12727,3.292,89.70,308.00,1,0,0
12729,3.292,96.60,318.00,1,0,0
12732,3.292,95.60,315.00,1,0,0
12734,3.292,98.20,316.00,1,0,0
12737,3.292,95.80,315.00,1,0,0
12739,3.292,94.90,313.00,1,0,0
12742,3.276,94.70,313.00,1,0,0
12744,3.292,96.10,316.00,1,0,0
12747,3.292,95.60,315.00,1,0,0
12749,3.292,95.50,328.00,1,0,0
12752,3.292,98.80,326.00,1,0,0
12764,3.292,95.70,315.00,1,0,0
12767,3.292,90.00,297.00,1,0,0
12769,3.292,94.90,315.00,1,0,0
12772,3.292,95.40,313.00,1,0,0
12774,3.288,95.00,313.00,1,0,0
12777,3.292,95.50,315.00,1,0,0
12779,3.292,95.50,315.00,1,0,0
12782,3.292,95.90,316.00,1,0,0
12784,3.292,95.30,313.00,1,0,0
12787,3.292,94.90,313.00,1,0,0
12789,3.292,98.00,323.00,1,0,0
12792,3.292,94.80,311.00,1,0,0
12794,3.292,96.10,324.00,1,0,0
12797,3.292,96.90,319.00,1,0,0
12809,3.292,96.00,316.00,1,0,0
12812,3.292,96.20,316.00,1,0,0
12814,3.292,95.40,319.00,1,0,0
12817,3.292,95.20,313.00,1,0,0
12819,3.292,95.00,313.00,1,0,0
12822,3.280,96.30,313.00,1,0,0
12824,3.292,95.00,313.00,1,0,0
12826,3.292,96.40,318.00,1,0,0
12829,3.292,89.20,298.00,1,0,0
12831,3.292,95.40,315.00,1,0,0
12834,3.292,98.70,326.00,1,0,0
12836,3.292,95.30,313.00,1,0,0
12839,3.296,95.10,313.00,1,0,0
12841,3.292,95.00,313.00,1,0,0
12854,3.292,95.00,313.00,1,0,0
12856,3.296,94.90,313.00,1,0,0
12859,3.292,95.30,313.00,1,0,0
12861,3.292,96.10,316.00,1,0,0
12864,3.292,95.50,315.00,1,0,0
12866,3.292,95.20,313.00,1,0,0
12869,3.292,86.90,287.00,1,0,0
12871,3.292,95.00,313.00,1,0,0
12874,3.292,95.20,313.00,1,0,0
12876,3.292,95.50,315.00,1,0,0
12879,3.292,95.40,315.00,1,0,0
12881,3.292,121.80,315.00,1,0,0
12884,3.292,95.40,315.00,1,0,0
12886,3.292,94.90,313.00,1,0,0
12899,3.296,95.20,313.00,1,0,0
12901,3.292,116.70,383.00,1,0,0
12904,3.292,95.00,313.00,1,0,0
12906,3.292,95.40,315.00,1,0,0
12909,3.292,95.50,315.00,1,0,0
12911,3.292,95.70,315.00,1,0,0
12914,3.288,95.60,315.00,1,0,0
12916,3.292,95.40,315.00,1,0,0
12919,3.296,94.80,315.00,1,0,0
12921,3.292,95.00,313.00,1,0,0
12924,3.292,95.30,313.00,1,0,0
12926,3.292,96.00,315.00,1,0,0
12928,3.292,95.50,315.00,1,0,0
12931,3.292,89.10,293.00,1,0,0
12944,3.280,95.60,315.00,1,0,0
12946,3.292,95.60,313.00,1,0,0
12949,3.292,95.20,313.00,1,0,0
12951,3.292,94.90,313.00,1,0,0
12953,3.292,94.90,311.00,1,0,0
12956,3.292,95.30,313.00,1,0,0
12958,3.292,96.50,318.00,1,0,0
12961,3.292,117.00,385.00,1,0,0
12963,3.292,96.70,326.00,1,0,0
12966,3.296,95.00,313.00,1,0,0
12968,3.292,94.80,311.00,1,0,0
12971,3.292,96.60,311.00,1,0,0
12973,3.292,94.40,311.00,1,0,0
12976,3.292,97.50,321.00,1,0,0
12988,3.292,98.20,324.00,1,0,0
12991,3.292,95.90,318.00,1,0,0
12993,3.292,96.00,316.00,1,0,0
12996,3.292,95.30,313.00,1,0,0
12998,3.292,95.40,313.00,1,0,0
13001,3.292,115.70,380.00,1,0,0
13003,3.296,97.10,319.00,1,0,0
13006,3.292,96.80,313.00,1,0,0
13008,3.292,95.60,315.00,1,0,0
13011,3.292,95.60,315.00,1,0,0
13013,3.292,95.20,315.00,1,0,0
13016,3.292,98.30,324.00,1,0,0
13018,3.296,94.90,313.00,1,0,0
13021,3.296,95.10,311.00,1,0,0
13033,3.292,89.20,293.00,1,0,0
13036,3.292,95.00,313.00,1,0,0
13038,3.292,95.70,315.00,1,0,0
13041,3.292,96.60,318.00,1,0,0
13043,3.284,98.10,316.00,1,0,0
13046,3.292,95.20,313.00,1,0,0
13048,3.292,95.30,313.00,1,0,0
13050,3.292,95.00,311.00,1,0,0
13053,3.292,95.10,313.00,1,0,0
13055,3.292,94.90,313.00,1,0,0
13058,3.292,95.50,313.00,1,0,0
13060,3.292,116.10,382.00,1,0,0
13063,3.292,95.20,313.00,1,0,0
13065,3.292,95.20,313.00,1,0,0
13078,3.292,95.70,315.00,1,0,0
13080,3.292,99.20,393.00,1,0,0
13083,3.292,98.40,324.00,1,0,0
13085,3.296,95.40,315.00,1,0,0
13088,3.292,95.80,315.00,1,0,0
13090,3.292,98.40,324.00,1,0,0
13093,3.292,95.50,315.00,1,0,0
13095,3.292,95.30,326.00,1,0,0
13098,3.296,98.60,324.00,1,0,0
13100,3.292,94.90,311.00,1,0,0
13103,3.292,95.20,313.00,1,0,0
13105,3.292,97.90,323.00,1,0,0
13108,3.296,97.50,321.00,1,0,0
13110,3.292,95.20,315.00,1,0,0
13123,3.292,96.30,315.00,1,0,0
13125,3.292,99.50,328.00,1,0,0
13128,3.292,95.10,313.00,1,0,0
13130,3.292,95.20,315.00,1,0,0
13133,3.292,97.90,323.00,1,0,0
13135,3.292,88.90,293.00,1,0,0
13138,3.292,94.90,313.00,1,0,0
13140,3.292,98.50,323.00,1,0,0
13143,3.292,95.30,313.00,1,0,0
13145,3.292,95.30,313.00,1,0,0
13147,3.296,98.70,324.00,1,0,0
13150,3.292,95.10,313.00,1,0,0
13152,3.292,95.60,315.00,1,0,0
13155,3.292,95.30,313.00,1,0,0
13168,3.292,95.10,313.00,1,0,0
13170,3.292,95.30,313.00,1,0,0
13173,3.296,99.70,329.00,1,0,0
13175,3.296,95.00,313.00,1,0,0
13177,3.292,91.40,301.00,1,0,0
13180,3.292,95.30,313.00,1,0,0
13182,3.292,114.00,310.00,1,0,0
13185,3.292,95.40,315.00,1,0,0
13187,3.292,95.40,315.00,1,0,0
13190,3.292,96.00,316.00,1,0,0
13192,3.296,95.20,313.00,1,0,0
13195,3.292,95.30,313.00,1,0,0
13197,3.292,98.50,323.00,1,0,0
13200,3.292,95.30,313.00,1,0,0
13212,3.292,95.20,313.00,1,0,0
13215,3.292,98.80,326.00,1,0,0
13217,3.292,95.30,313.00,1,0,0
13220,3.292,95.60,321.00,1,0,0
13222,3.280,95.10,313.00,1,0,0
13225,3.292,97.80,323.00,1,0,0
13227,3.292,95.20,315.00,1,0,0
13230,3.296,98.70,326.00,1,0,0
13232,3.292,95.60,315.00,1,0,0
13235,3.292,95.80,321.00,1,0,0
13237,3.296,89.30,293.00,1,0,0
13240,3.292,93.60,308.00,1,0,0
13242,3.284,97.20,316.00,1,0,0
13245,3.292,95.60,315.00,1,0,0
13257,3.296,99.10,323.00,1,0,0
13260,3.292,95.20,313.00,1,0,0
13262,3.296,97.10,319.00,1,0,0
13265,3.292,95.40,315.00,1,0,0
13267,3.292,98.50,324.00,1,0,0
13270,3.292,95.20,313.00,1,0,0
13272,3.292,95.50,326.00,1,0,0
13274,3.296,98.60,324.00,1,0,0
13277,3.292,95.10,313.00,1,0,0
13279,3.292,88.70,313.00,1,0,0
13282,3.292,95.40,315.00,1,0,0
13284,3.292,95.10,313.00,1,0,0
13287,3.296,98.90,315.00,1,0,0
13289,3.296,98.90,326.00,1,0,0
13302,3.280,95.20,313.00,1,0,0
13304,3.292,95.90,316.00,1,0,0
13307,3.292,95.20,313.00,1,0,0
13309,3.292,95.30,313.00,1,0,0
13312,3.292,95.40,315.00,1,0,0
13314,3.292,94.90,313.00,1,0,0
13317,3.292,95.00,313.00,1,0,0
13319,3.292,95.20,313.00,1,0,0
13322,3.284,95.70,315.00,1,0,0
13324,3.292,95.20,313.00,1,0,0
13327,3.292,95.30,313.00,1,0,0
13329,3.292,95.60,315.00,1,0,0
13332,3.292,95.60,313.00,1,0,0
13334,3.292,95.40,315.00,1,0,0
13347,3.292,95.10,313.00,1,0,0
13349,3.292,95.60,315.00,1,0,0
13352,3.292,95.20,315.00,1,0,0
13354,3.292,95.30,313.00,1,0,0
13357,3.292,95.10,313.00,1,0,0
13359,3.296,95.50,313.00,1,0,0
13362,3.292,95.60,315.00,1,0,0
13364,3.292,95.20,313.00,1,0,0
13367,3.292,95.20,313.00,1,0,0
13369,3.292,95.00,313.00,1,0,0
13371,3.292,95.60,315.00,1,0,0
13374,3.292,95.10,313.00,1,0,0
13376,3.292,95.30,313.00,1,0,0
13379,3.292,96.00,316.00,1,0,0
13392,3.292,96.10,316.00,1,0,0
13394,3.292,95.50,315.00,1,0,0
13397,3.292,95.00,319.00,1,0,0
13399,3.292,98.10,323.00,1,0,0
13401,3.276,94.80,311.00,1,0,0
13404,3.292,95.10,313.00,1,0,0
13406,3.292,95.30,313.00,1,0,0
13409,3.292,95.20,313.00,1,0,0
13411,3.292,95.20,313.00,1,0,0
13414,3.292,94.80,311.00,1,0,0
13416,3.296,98.50,324.00,1,0,0
13419,3.296,98.40,313.00,1,0,0
13421,3.292,95.10,313.00,1,0,0
13424,3.292,95.40,315.00,1,0,0
13436,3.292,95.10,313.00,1,0,0
13439,3.292,95.30,313.00,1,0,0
13441,3.292,118.00,308.00,1,0,0
13444,3.292,89.20,293.00,1,0,0
13446,3.292,95.00,313.00,1,0,0
13449,3.292,95.60,313.00,1,0,0
13451,3.292,95.40,315.00,1,0,0
13454,3.292,96.10,316.00,1,0,0
13456,3.292,98.60,318.00,1,0,0
13459,3.292,95.20,313.00,1,0,0
13461,3.292,119.20,393.00,1,0,0
13464,3.292,94.80,311.00,1,0,0
13466,3.292,94.90,313.00,1,0,0
13469,3.292,94.90,313.00,1,0,0
13481,3.284,105.10,346.00,1,0,0
13484,3.292,94.30,285.00,1,0,0
13486,3.292,95.10,313.00,1,0,0
13489,3.292,95.30,313.00,1,0,0
13491,3.292,95.10,313.00,1,0,0
13494,3.292,95.10,313.00,1,0,0
13496,3.292,94.80,311.00,1,0,0
13498,3.292,95.80,315.00,1,0,0
13501,3.292,96.70,328.00,1,0,0
13503,3.296,110.60,364.00,1,0,0
13506,3.292,95.20,313.00,1,0,0
13508,3.292,95.20,313.00,1,0,0
13511,3.292,94.90,313.00,1,0,0
13513,3.292,94.80,311.00,1,0,0
13526,3.292,95.10,313.00,1,0,0
13528,3.292,94.80,311.00,1,0,0
13531,3.288,94.70,311.00,1,0,0
13533,3.292,95.30,313.00,1,0,0
13536,3.292,95.00,313.00,1,0,0
13538,3.292,95.20,313.00,1,0,0
13541,3.292,118.90,392.00,1,0,0
13543,3.292,97.20,313.00,1,0,0
13546,3.292,89.00,293.00,1,0,0
13548,3.292,94.90,313.00,1,0,0
13551,3.292,95.70,315.00,1,0,0
13553,3.292,95.60,315.00,1,0,0
13556,3.292,95.60,315.00,1,0,0
13558,3.292,95.70,315.00,1,0,0
13571,3.292,96.00,316.00,1,0,0
13573,3.292,96.00,316.00,1,0,0
13576,3.292,97.00,319.00,1,0,0
13578,3.292,95.10,313.00,1,0,0
13581,3.292,94.70,315.00,1,0,0
13583,3.292,94.90,313.00,1,0,0
13586,3.288,88.10,290.00,1,0,0
13588,3.280,95.90,313.00,1,0,0
13591,3.292,95.40,313.00,1,0,0
13593,3.292,95.20,313.00,1,0,0
13595,3.292,94.80,313.00,1,0,0
13598,3.292,94.90,313.00,1,0,0
13600,3.292,95.90,315.00,1,0,0
13603,3.292,95.30,315.00,1,0,0
13616,3.292,94.90,313.00,1,0,0
13618,3.292,94.80,313.00,1,0,0
13620,3.292,100.40,329.00,1,0,0
13623,3.292,95.30,313.00,1,0,0
13625,3.292,95.10,313.00,1,0,0
13628,3.288,94.80,311.00,1,0,0
13630,3.292,94.90,313.00,1,0,0
13633,3.292,95.20,313.00,1,0,0
13635,3.292,95.70,315.00,1,0,0
13638,3.292,95.70,315.00,1,0,0
13640,3.292,94.70,393.00,1,0,0
13643,3.292,95.10,313.00,1,0,0
13645,3.292,94.90,313.00,1,0,0
13648,3.292,89.10,293.00,1,0,0
13660,3.292,94.80,382.00,1,0,0
13663,3.292,94.90,313.00,1,0,0
13665,3.292,95.20,313.00,1,0,0
13668,3.292,95.40,315.00,1,0,0
13670,3.296,95.70,315.00,1,0,0
13673,3.292,95.30,313.00,1,0,0
13675,3.292,94.10,316.00,1,0,0
13678,3.292,95.30,313.00,1,0,0
13680,3.292,95.40,313.00,1,0,0
13683,3.292,95.10,313.00,1,0,0
13685,3.292,95.50,315.00,1,0,0
13688,3.292,95.30,313.00,1,0,0
13690,3.296,91.20,300.00,1,0,0
13692,3.292,95.20,313.00,1,0,0
13705,3.292,96.60,324.00,1,0,0
13708,3.296,98.70,324.00,1,0,0
13710,3.292,98.70,324.00,1,0,0
13713,3.292,95.00,313.00,1,0,0
13715,3.292,94.80,311.00,1,0,0
13717,3.292,98.80,326.00,1,0,0
13720,3.296,98.90,346.00,1,0,0
13722,3.284,95.40,315.00,1,0,0
13725,3.292,95.50,315.00,1,0,0
13727,3.288,97.00,323.00,1,0,0
13730,3.296,95.00,313.00,1,0,0
13732,3.292,95.00,313.00,1,0,0
13735,3.292,95.40,326.00,1,0,0
13737,3.292,95.60,315.00,1,0,0
13750,3.292,89.20,295.00,1,0,0
13752,3.292,95.10,313.00,1,0,0
13755,3.288,96.00,316.00,1,0,0
13757,3.292,95.80,316.00,1,0,0
13760,3.292,95.40,313.00,1,0,0
13762,3.292,113.90,375.00,1,0,0
13765,3.292,98.40,313.00,1,0,0
13767,3.292,95.40,315.00,1,0,0
13770,3.292,94.90,313.00,1,0,0
13772,3.292,95.30,329.00,1,0,0
13775,3.292,101.40,334.00,1,0,0
13777,3.296,93.70,308.00,1,0,0
13780,3.292,97.40,318.00,1,0,0
13782,3.276,94.90,313.00,1,0,0
13795,3.292,94.90,311.00,1,0,0
13797,3.292,98.80,326.00,1,0,0
13800,3.292,95.10,313.00,1,0,0
13802,3.280,95.50,319.00,1,0,0
13805,3.296,98.60,324.00,1,0,0
13807,3.292,97.10,319.00,1,0,0
13810,3.292,98.50,324.00,1,0,0
13812,3.296,94.90,313.00,1,0,0
13815,3.292,94.90,313.00,1,0,0
13817,3.292,95.50,315.00,1,0,0
13819,3.292,98.30,324.00,1,0,0
13822,3.296,119.30,393.00,1,0,0
13824,3.296,95.30,311.00,1,0,0
13827,3.292,98.70,326.00,1,0,0
13840,3.292,98.50,324.00,1,0,0
13842,3.292,99.40,328.00,1,0,0
13844,3.292,94.80,313.00,1,0,0
13847,3.292,97.10,319.00,1,0,0
13849,3.292,98.00,323.00,1,0,0
13852,3.292,90.50,298.00,1,0,0
13854,3.292,91.20,313.00,1,0,0
13857,3.292,95.80,315.00,1,0,0
13859,3.292,95.30,313.00,1,0,0
13862,3.292,95.60,326.00,1,0,0
13864,3.292,103.80,341.00,1,0,0
13867,3.292,95.50,315.00,1,0,0
13869,3.292,95.50,321.00,1,0,0
13872,3.292,95.40,315.00,1,0,0
13884,3.292,95.50,315.00,1,0,0
13887,3.292,98.70,326.00,1,0,0
13889,3.292,95.40,324.00,1,0,0
13892,3.292,98.30,324.00,1,0,0
13894,3.292,87.10,287.00,1,0,0
13897,3.292,95.10,313.00,1,0,0
13899,3.292,96.00,316.00,1,0,0
13902,3.292,108.20,356.00,1,0,0
13904,3.292,95.50,313.00,1,0,0
13907,3.292,95.10,313.00,1,0,0
13909,3.292,95.50,315.00,1,0,0
13912,3.292,94.80,313.00,1,0,0
13914,3.292,95.20,313.00,1,0,0
13916,3.292,95.60,315.00,1,0,0
13929,3.292,97.80,323.00,1,0,0
13932,3.292,96.00,316.00,1,0,0
13934,3.296,98.90,326.00,1,0,0
13937,3.292,95.50,315.00,1,0,0
13939,3.292,95.20,313.00,1,0,0
13941,3.292,98.30,328.00,1,0,0
13944,3.292,106.90,352.00,1,0,0
13946,3.292,95.00,313.00,1,0,0
13949,3.292,94.90,313.00,1,0,0
13951,3.292,95.60,315.00,1,0,0
13954,3.288,93.00,306.00,1,0,0
13956,3.292,89.00,313.00,1,0,0
13959,3.292,95.70,315.00,1,0,0
13961,3.292,94.90,311.00,1,0,0
13974,3.292,94.80,311.00,1,0,0
13976,3.288,94.90,313.00,1,0,0
13979,3.292,95.10,313.00,1,0,0
13981,3.292,95.50,315.00,1,0,0
13984,3.292,98.60,324.00,1,0,0
13986,3.292,98.90,326.00,1,0,0
13989,3.296,98.60,324.00,1,0,0
13991,3.292,94.70,311.00,1,0,0
13994,3.296,99.00,318.00,1,0,0
13996,3.296,87.50,288.00,1,0,0
13999,3.292,95.10,313.00,1,0,0
14001,3.292,95.30,393.00,1,0,0
14004,3.288,95.10,313.00,1,0,0
14006,3.292,99.20,326.00,1,0,0
14023,3.292,95.00,313.00,1,0,0
14026,3.292,95.00,313.00,1,0,0
14028,3.292,95.80,316.00,1,0,0
14031,3.288,95.30,313.00,1,0,0
14033,3.292,96.10,326.00,1,0,0
14036,3.296,95.20,313.00,1,0,0
14038,3.292,95.10,313.00,1,0,0
14041,3.292,99.40,311.00,1,0,0
14043,3.284,98.60,324.00,1,0,0
14045,3.292,96.00,316.00,1,0,0
14048,3.292,97.30,328.00,1,0,0
14050,3.296,95.50,315.00,1,0,0
14053,3.292,95.30,313.00,1,0,0
14055,3.292,95.20,328.00,1,0,0
14068,3.292,96.00,316.00,1,0,0
14070,3.292,95.30,313.00,1,0,0
14073,3.292,94.90,313.00,1,0,0
14075,3.292,94.90,313.00,1,0,0
14078,3.292,94.80,311.00,1,0,0
14080,3.292,95.40,315.00,1,0,0
14083,3.284,95.20,313.00,1,0,0
14085,3.292,96.90,313.00,1,0,0
14088,3.292,95.20,313.00,1,0,0
14090,3.292,94.90,313.00,1,0,0
14093,3.292,94.20,311.00,1,0,0
14095,3.292,94.90,313.00,1,0,0
14098,3.288,90.90,300.00,1,0,0
14100,3.292,95.00,323.00,1,0,0
14113,3.292,95.90,313.00,1,0,0
14115,3.292,95.10,313.00,1,0,0
14118,3.292,95.20,313.00,1,0,0
14120,3.292,95.20,313.00,1,0,0
14123,3.292,95.10,313.00,1,0,0
14125,3.292,95.20,313.00,1,0,0
14128,3.292,95.00,313.00,1,0,0
14130,3.292,95.40,315.00,1,0,0
14133,3.292,95.30,313.00,1,0,0
14135,3.292,95.30,313.00,1,0,0
14138,3.292,95.70,315.00,1,0,0
14140,3.292,94.70,311.00,1,0,0
14142,3.276,96.20,313.00,1,0,0
14145,3.292,94.90,311.00,1,0,0
14158,3.296,98.00,313.00,1,0,0
14160,3.296,89.10,293.00,1,0,0
14163,3.288,95.30,313.00,1,0,0
14165,3.280,95.70,315.00,1,0,0
14167,3.292,95.80,315.00,1,0,0
14170,3.296,95.60,315.00,1,0,0
14172,3.292,95.50,315.00,1,0,0
14175,3.292,95.50,315.00,1,0,0
14177,3.292,95.50,315.00,1,0,0
14180,3.292,95.40,315.00,1,0,0
14182,3.292,95.70,315.00,1,0,0
14185,3.292,95.10,313.00,1,0,0
14187,3.292,96.80,313.00,1,0,0
14190,3.292,95.20,313.00,1,0,0
14202,3.292,94.50,311.00,1,0,0
14205,3.292,95.30,313.00,1,0,0
14207,3.292,97.40,321.00,1,0,0
14210,3.292,97.90,326.00,1,0,0
14212,3.292,95.30,313.00,1,0,0
14215,3.292,96.30,316.00,1,0,0
14217,3.292,95.20,313.00,1,0,0
14220,3.292,94.80,311.00,1,0,0
14222,3.292,101.80,336.00,1,0,0
14225,3.292,95.30,313.00,1,0,0
14227,3.292,94.80,311.00,1,0,0
14230,3.292,95.20,313.00,1,0,0
14232,3.292,95.30,313.00,1,0,0
14235,3.292,95.20,313.00,1,0,0
14247,3.292,95.20,313.00,1,0,0
14250,3.292,95.20,313.00,1,0,0
14252,3.292,95.20,313.00,1,0,0
14255,3.292,94.60,311.00,1,0,0
14257,3.292,95.70,315.00,1,0,0
14260,3.292,94.90,313.00,1,0,0
14262,3.292,89.40,295.00,1,0,0
14265,3.292,95.50,315.00,1,0,0
14267,3.280,96.00,316.00,1,0,0
14270,3.292,95.60,315.00,1,0,0
14272,3.292,94.80,311.00,1,0,0
14274,3.292,95.80,315.00,1,0,0
14277,3.292,95.30,313.00,1,0,0
14279,3.292,95.60,315.00,1,0,0
14292,3.292,94.90,313.00,1,0,0
14295,3.292,95.00,313.00,1,0,0
14297,3.292,95.20,313.00,1,0,0
14299,3.292,94.70,311.00,1,0,0
14302,3.292,120.80,398.00,1,0,0
14304,3.296,91.40,313.00,1,0,0
14307,3.292,95.90,316.00,1,0,0
14309,3.292,97.10,319.00,1,0,0
14312,3.292,99.20,313.00,1,0,0
14314,3.292,95.30,313.00,1,0,0
14317,3.292,95.90,316.00,1,0,0
14319,3.292,96.00,313.00,1,0,0
14322,3.292,115.00,378.00,1,0,0
14324,3.292,94.70,311.00,1,0,0
14337,3.292,94.80,311.00,1,0,0
14339,3.292,97.80,323.00,1,0,0
14342,3.292,95.10,311.00,1,0,0
14344,3.292,96.80,318.00,1,0,0
14347,3.292,95.20,313.00,1,0,0
14349,3.292,96.00,313.00,1,0,0
14352,3.292,95.50,315.00,1,0,0
14354,3.292,98.50,324.00,1,0,0
14357,3.296,98.40,313.00,1,0,0
14359,3.292,94.90,313.00,1,0,0
14362,3.292,95.60,313.00,1,0,0
14364,3.292,90.80,295.00,1,0,0
14367,3.292,95.20,313.00,1,0,0
14369,3.296,98.60,324.00,1,0,0
14382,3.296,117.60,387.00,1,0,0
14384,3.292,98.90,316.00,1,0,0
14387,3.296,96.80,319.00,1,0,0
14389,3.296,95.50,315.00,1,0,0
14392,3.296,95.30,315.00,1,0,0
14394,3.292,94.90,326.00,1,0,0
14396,3.296,95.20,313.00,1,0,0
14399,3.292,98.50,324.00,1,0,0
14401,3.296,95.40,392.00,1,0,0
14404,3.292,98.70,324.00,1,0,0
14406,3.292,87.80,288.00,1,0,0
14409,3.296,95.30,313.00,1,0,0
14411,3.292,95.30,315.00,1,0,0
14414,3.296,95.20,315.00,1,0,0
14426,3.296,98.70,324.00,1,0,0
14429,3.292,95.10,315.00,1,0,0
14431,3.296,99.10,326.00,1,0,0
14434,3.292,95.70,315.00,1,0,0
14436,3.292,95.90,324.00,1,0,0
14439,3.292,95.40,315.00,1,0,0
14441,3.292,95.30,313.00,1,0,0
14444,3.292,95.00,316.00,1,0,0
14446,3.292,95.20,313.00,1,0,0
14449,3.292,95.10,313.00,1,0,0
14451,3.292,96.00,326.00,1,0,0
14454,3.296,98.60,313.00,1,0,0
14456,3.292,95.10,313.00,1,0,0
14459,3.292,95.00,313.00,1,0,0
14471,3.292,95.70,315.00,1,0,0
14474,3.292,95.50,315.00,1,0,0
14476,3.292,95.60,315.00,1,0,0
14479,3.292,96.00,316.00,1,0,0
14481,3.292,95.20,398.00,1,0,0
14484,3.292,95.20,313.00,1,0,0
14486,3.292,95.50,315.00,1,0,0
14489,3.292,94.80,313.00,1,0,0
14491,3.292,95.00,313.00,1,0,0
14493,3.292,96.40,318.00,1,0,0
14496,3.292,94.70,313.00,1,0,0
14498,3.292,97.20,319.00,1,0,0
14501,3.292,95.30,313.00,1,0,0
14503,3.284,94.90,313.00,1,0,0
14516,3.292,95.20,313.00,1,0,0
14519,3.292,95.20,313.00,1,0,0
14521,3.292,94.90,311.00,1,0,0
14523,3.292,95.00,313.00,1,0,0
14526,3.292,96.00,313.00,1,0,0
14528,3.292,95.40,315.00,1,0,0
14531,3.292,95.20,313.00,1,0,0
14533,3.292,95.20,313.00,1,0,0
14536,3.288,94.90,313.00,1,0,0
14538,3.292,94.90,313.00,1,0,0
14541,3.292,95.10,311.00,1,0,0
14543,3.276,95.30,313.00,1,0,0
14546,3.288,95.20,313.00,1,0,0
14548,3.292,98.00,315.00,1,0,0
14561,3.292,95.30,331.00,1,0,0
14563,3.288,96.00,316.00,1,0,0
14566,3.292,95.30,313.00,1,0,0
14568,3.292,94.60,311.00,1,0,0
14571,3.292,89.10,313.00,1,0,0
14573,3.292,95.70,315.00,1,0,0
14576,3.292,95.80,315.00,1,0,0
14578,3.292,96.00,313.00,1,0,0
14581,3.292,96.10,316.00,1,0,0
14583,3.292,95.20,313.00,1,0,0
14586,3.292,95.10,313.00,1,0,0
14588,3.292,94.90,313.00,1,0,0
14591,3.292,95.10,313.00,1,0,0
14593,3.292,95.00,313.00,1,0,0
14606,3.292,95.40,313.00,1,0,0
14608,3.292,94.90,311.00,1,0,0
14611,3.296,87.50,288.00,1,0,0
14613,3.292,95.20,315.00,1,0,0
14616,3.292,95.20,313.00,1,0,0
14618,3.292,94.80,311.00,1,0,0
14620,3.292,94.90,311.00,1,0,0
14623,3.276,96.00,316.00,1,0,0
14625,3.292,95.20,313.00,1,0,0
14628,3.292,95.20,313.00,1,0,0
14630,3.292,95.20,315.00,1,0,0
14633,3.292,95.10,313.00,1,0,0
14635,3.292,95.00,313.00,1,0,0
14638,3.292,95.10,313.00,1,0,0
14650,3.292,95.60,313.00,1,0,0
14653,3.292,94.70,311.00,1,0,0
14655,3.292,94.90,313.00,1,0,0
14658,3.292,95.00,313.00,1,0,0
14660,3.292,95.20,313.00,1,0,0
14663,3.292,95.30,313.00,1,0,0
14665,3.292,95.60,315.00,1,0,0
14668,3.292,98.80,326.00,1,0,0
14670,3.292,94.90,313.00,1,0,0
14673,3.292,88.80,313.00,1,0,0
14675,3.292,95.50,315.00,1,0,0
14678,3.292,96.00,316.00,1,0,0
14680,3.292,96.10,321.00,1,0,0
14683,3.296,95.80,315.00,1,0,0
14695,3.292,95.20,315.00,1,0,0
14698,3.292,95.30,313.00,1,0,0
14700,3.292,95.50,315.00,1,0,0
14703,3.288,113.90,313.00,1,0,0
14705,3.292,99.50,328.00,1,0,0
14708,3.296,97.20,321.00,1,0,0
14710,3.296,98.70,318.00,1,0,0
14713,3.292,87.40,288.00,1,0,0
14715,3.280,95.80,315.00,1,0,0
14717,3.292,95.20,311.00,1,0,0
14720,3.292,95.30,313.00,1,0,0
14722,3.280,106.40,351.00,1,0,0
14725,3.292,95.10,318.00,1,0,0
14727,3.292,98.60,324.00,1,0,0
14740,3.292,95.00,313.00,1,0,0
14742,3.292,95.30,313.00,1,0,0
14745,3.292,95.20,313.00,1,0,0
14747,3.292,95.20,313.00,1,0,0
14750,3.292,94.80,311.00,1,0,0
14752,3.292,95.60,315.00,1,0,0
14755,3.292,95.50,313.00,1,0,0
14757,3.292,95.20,313.00,1,0,0
14760,3.292,95.30,313.00,1,0,0
14762,3.292,101.30,313.00,1,0,0
14765,3.292,95.10,313.00,1,0,0
14767,3.292,94.90,313.00,1,0,0
14770,3.292,94.90,313.00,1,0,0
14772,3.292,94.90,313.00,1,0,0
14785,3.292,95.70,315.00,1,0,0
14787,3.292,95.40,315.00,1,0,0
14790,3.292,95.70,318.00,1,0,0
14792,3.292,95.50,315.00,1,0,0
14795,3.292,93.60,308.00,1,0,0
14797,3.292,99.90,326.00,1,0,0
14800,3.296,95.20,313.00,1,0,0
14802,3.284,96.50,318.00,1,0,0
14805,3.292,94.90,313.00,1,0,0
14807,3.292,95.20,313.00,1,0,0
14810,3.292,95.30,313.00,1,0,0
14812,3.292,95.20,313.00,1,0,0
14814,3.292,96.90,290.00,1,0,0
14817,3.292,94.80,311.00,1,0,0
14830,3.292,96.10,316.00,1,0,0
14832,3.292,95.00,313.00,1,0,0
14835,3.292,94.90,315.00,1,0,0
14837,3.292,94.80,311.00,1,0,0
14839,3.292,94.90,313.00,1,0,0
14842,3.292,98.00,315.00,1,0,0
14844,3.292,99.30,328.00,1,0,0
14847,3.292,95.20,313.00,1,0,0
14849,3.292,94.90,311.00,1,0,0
14852,3.292,94.90,313.00,1,0,0
14854,3.292,94.90,313.00,1,0,0
14857,3.292,95.10,316.00,1,0,0
14859,3.292,95.20,313.00,1,0,0
14862,3.292,123.40,406.00,1,0,0
14874,3.292,95.20,313.00,1,0,0
14877,3.292,89.70,295.00,1,0,0
14879,3.292,95.40,313.00,1,0,0
14882,3.292,102.30,338.00,1,0,0
14884,3.292,95.70,315.00,1,0,0
14887,3.292,95.10,315.00,1,0,0
14889,3.288,95.00,313.00,1,0,0
14892,3.292,95.20,313.00,1,0,0
14894,3.292,95.80,313.00,1,0,0
14897,3.292,95.20,313.00,1,0,0
14899,3.292,94.90,313.00,1,0,0
14902,3.292,95.00,316.00,1,0,0
14904,3.292,94.90,313.00,1,0,0
14907,3.292,95.30,313.00,1,0,0
14919,3.292,94.90,313.00,1,0,0
14922,3.292,95.40,313.00,1,0,0
14924,3.280,95.30,313.00,1,0,0
14927,3.292,95.20,313.00,1,0,0
14929,3.292,95.10,313.00,1,0,0
14932,3.292,96.00,315.00,1,0,0
14934,3.292,94.90,313.00,1,0,0
14936,3.292,95.00,313.00,1,0,0
14939,3.292,94.90,313.00,1,0,0
14941,3.292,105.80,347.00,1,0,0
14944,3.292,95.20,313.00,1,0,0
14946,3.292,95.20,313.00,1,0,0
14949,3.292,94.90,313.00,1,0,0
14951,3.292,94.90,313.00,1,0,0
14964,3.292,95.20,313.00,1,0,0
14966,3.296,94.90,313.00,1,0,0
14969,3.292,94.90,313.00,1,0,0
14971,3.292,94.80,311.00,1,0,0
14974,3.292,97.40,315.00,1,0,0
14976,3.292,95.20,313.00,1,0,0
14979,3.292,89.60,295.00,1,0,0
14981,3.292,94.90,378.00,1,0,0
14984,3.292,95.80,315.00,1,0,0
14986,3.292,95.80,315.00,1,0,0
14989,3.292,94.90,313.00,1,0,0
14991,3.292,96.00,313.00,1,0,0
14994,3.292,95.20,313.00,1,0,0
14996,3.292,95.20,313.00,1,0,0
15009,3.292,95.20,313.00,1,0,0
15011,3.292,95.10,313.00,1,0,0
15014,3.292,95.20,313.00,1,0,0
15016,3.292,95.00,313.00,1,0,0
15019,3.292,96.30,287.00,1,0,0
15021,3.296,95.20,313.00,1,0,0
15024,3.292,95.50,315.00,1,0,0
15026,3.292,95.10,313.00,1,0,0
15029,3.292,95.30,313.00,1,0,0
15031,3.292,95.00,313.00,1,0,0
15034,3.292,95.00,313.00,1,0,0
15036,3.292,95.90,316.00,1,0,0
15038,3.292,95.80,315.00,1,0,0
15041,3.292,95.20,387.00,1,0,0
15054,3.292,99.70,329.00,1,0,0
15056,3.296,96.60,313.00,1,0,0
15059,3.292,95.20,313.00,1,0,0
15061,3.292,95.20,313.00,1,0,0
15063,3.292,113.70,313.00,1,0,0
15066,3.292,94.90,313.00,1,0,0
15068,3.292,95.10,313.00,1,0,0
15071,3.292,94.90,313.00,1,0,0
15073,3.292,95.20,313.00,1,0,0
15076,3.292,95.20,313.00,1,0,0
15078,3.292,95.20,313.00,1,0,0
15081,3.292,89.20,293.00,1,0,0
15083,3.292,95.10,313.00,1,0,0
15086,3.280,95.40,315.00,1,0,0
15098,3.292,96.70,315.00,1,0,0
15101,3.292,95.70,315.00,1,0,0
15103,3.292,94.90,313.00,1,0,0
15106,3.292,95.20,315.00,1,0,0
15108,3.292,97.20,319.00,1,0,0
15111,3.292,95.40,315.00,1,0,0
15113,3.292,95.00,313.00,1,0,0
15116,3.292,95.10,313.00,1,0,0
15118,3.292,94.80,311.00,1,0,0
15121,3.292,95.00,313.00,1,0,0
15123,3.292,89.00,377.00,1,0,0
15126,3.292,95.70,315.00,1,0,0
15128,3.292,95.40,315.00,1,0,0
15131,3.292,95.00,313.00,1,0,0
15143,3.292,95.40,313.00,1,0,0
15146,3.292,94.90,313.00,1,0,0
15148,3.292,94.90,313.00,1,0,0
15151,3.292,95.00,311.00,1,0,0
15153,3.292,94.90,313.00,1,0,0
15156,3.292,95.20,313.00,1,0,0
15158,3.292,90.60,298.00,1,0,0
15161,3.292,91.80,301.00,1,0,0
15163,3.292,93.60,308.00,1,0,0
15166,3.292,91.50,300.00,1,0,0
15168,3.284,91.50,301.00,1,0,0
15170,3.292,94.90,313.00,1,0,0
15173,3.292,91.70,301.00,1,0,0
15175,3.292,95.20,313.00,1,0,0
15188,3.284,95.20,315.00,1,0,0
15191,3.292,95.90,316.00,1,0,0
15193,3.296,96.30,316.00,1,0,0
15195,3.292,95.80,313.00,1,0,0
15198,3.292,94.90,313.00,1,0,0
15200,3.292,95.80,315.00,1,0,0
15203,3.280,95.10,315.00,1,0,0
15205,3.292,95.40,315.00,1,0,0
15208,3.292,95.30,313.00,1,0,0
15210,3.292,95.00,318.00,1,0,0
15213,3.292,94.90,313.00,1,0,0
15215,3.292,95.80,315.00,1,0,0
15218,3.292,94.90,311.00,1,0,0
15220,3.292,95.50,315.00,1,0,0
15233,3.292,94.80,313.00,1,0,0
15235,3.292,95.00,313.00,1,0,0
15238,3.292,96.10,316.00,1,0,0
15240,3.292,94.80,313.00,1,0,0
15243,3.292,95.80,315.00,1,0,0
15245,3.292,94.90,313.00,1,0,0
15248,3.292,94.90,313.00,1,0,0
15250,3.292,95.00,313.00,1,0,0
15253,3.292,95.00,313.00,1,0,0
15255,3.292,95.20,313.00,1,0,0
15258,3.292,95.20,313.00,1,0,0
15260,3.292,95.20,313.00,1,0,0
15263,3.292,117.60,313.00,1,0,0
15265,3.292,94.90,313.00,1,0,0
15278,3.292,94.90,313.00,1,0,0
15280,3.292,94.90,313.00,1,0,0
15283,3.280,95.60,313.00,1,0,0
15285,3.292,89.10,293.00,1,0,0
15288,3.292,94.00,310.00,1,0,0
15290,3.292,98.20,316.00,1,0,0
15292,3.292,96.00,316.00,1,0,0
15295,3.292,95.80,315.00,1,0,0
15297,3.292,95.80,315.00,1,0,0
15300,3.292,95.70,315.00,1,0,0
15302,3.292,96.00,316.00,1,0,0
15305,3.292,112.80,370.00,1,0,0
15307,3.292,95.40,318.00,1,0,0
15310,3.296,101.00,333.00,1,0,0
15322,3.292,117.80,387.00,1,0,0
15325,3.296,96.40,318.00,1,0,0
15327,3.292,87.90,303.00,1,0,0
15330,3.292,95.40,315.00,1,0,0
15332,3.292,95.30,315.00,1,0,0
15335,3.292,94.30,313.00,1,0,0
15337,3.292,96.90,319.00,1,0,0
15340,3.292,96.10,316.00,1,0,0
15342,3.292,101.70,316.00,1,0,0
15345,3.292,95.60,315.00,1,0,0
15347,3.292,94.90,313.00,1,0,0
15350,3.292,95.00,313.00,1,0,0
15352,3.292,95.50,315.00,1,0,0
15355,3.292,99.60,328.00,1,0,0
15367,3.292,94.90,313.00,1,0,0
15370,3.292,95.00,313.00,1,0,0
15372,3.292,95.30,315.00,1,0,0
15375,3.292,96.70,318.00,1,0,0
15377,3.292,94.90,313.00,1,0,0
15380,3.292,94.90,313.00,1,0,0
15382,3.292,94.20,310.00,1,0,0
15385,3.292,94.90,313.00,1,0,0
15387,3.292,95.70,297.00,1,0,0
15389,3.292,91.50,301.00,1,0,0
15392,3.292,94.30,310.00,1,0,0
15394,3.296,93.40,315.00,1,0,0
15397,3.292,95.60,315.00,1,0,0
15399,3.292,95.80,315.00,1,0,0
15412,3.292,95.00,313.00,1,0,0
15414,3.292,94.90,313.00,1,0,0
15417,3.292,94.90,313.00,1,0,0
15419,3.292,95.20,313.00,1,0,0
15422,3.292,100.00,328.00,1,0,0
15424,3.292,95.00,313.00,1,0,0
15427,3.292,94.90,313.00,1,0,0
15429,3.292,89.30,293.00,1,0,0
15432,3.292,94.80,315.00,1,0,0
15434,3.292,96.20,316.00,1,0,0
15437,3.292,95.30,313.00,1,0,0
15439,3.292,95.20,313.00,1,0,0
15442,3.292,119.70,395.00,1,0,0
15444,3.292,95.80,315.00,1,0,0
15457,3.292,99.90,329.00,1,0,0
15459,3.292,95.30,315.00,1,0,0
15462,3.292,101.20,333.00,1,0,0
15464,3.292,94.10,310.00,1,0,0
15467,3.292,94.90,313.00,1,0,0
15469,3.292,94.70,311.00,1,0,0
15472,3.292,95.50,315.00,1,0,0
15474,3.292,95.20,313.00,1,0,0
15477,3.296,98.70,313.00,1,0,0
15479,3.292,94.90,313.00,1,0,0
15482,3.292,94.80,311.00,1,0,0
15484,3.292,94.90,313.00,1,0,0
15486,3.292,95.20,313.00,1,0,0
15489,3.292,95.20,313.00,1,0,0
15502,3.292,98.00,323.00,1,0,0
15504,3.292,96.00,375.00,1,0,0
15507,3.292,95.30,313.00,1,0,0
15509,3.292,94.90,313.00,1,0,0
15511,3.292,94.90,313.00,1,0,0
15514,3.292,95.10,313.00,1,0,0
15516,3.292,95.00,313.00,1,0,0
15519,3.292,96.00,313.00,1,0,0
15521,3.292,118.80,392.00,1,0,0
15524,3.292,96.20,316.00,1,0,0
15526,3.292,95.70,313.00,1,0,0
15529,3.292,95.70,315.00,1,0,0
15531,3.292,91.20,300.00,1,0,0
15534,3.292,95.60,315.00,1,0,0
15546,3.292,95.40,313.00,1,0,0
15549,3.292,94.90,313.00,1,0,0
15551,3.292,95.30,313.00,1,0,0
15554,3.292,95.10,313.00,1,0,0
15556,3.292,95.50,313.00,1,0,0
15559,3.292,94.90,313.00,1,0,0
15561,3.292,94.90,311.00,1,0,0
15564,3.292,94.90,313.00,1,0,0
15566,3.292,95.10,313.00,1,0,0
15569,3.292,95.20,313.00,1,0,0
15571,3.292,95.20,313.00,1,0,0
15574,3.292,95.60,315.00,1,0,0
15576,3.292,94.90,313.00,1,0,0
15579,3.292,95.00,313.00,1,0,0
15591,3.292,95.20,313.00,1,0,0
15594,3.292,89.10,292.00,1,0,0
15596,3.292,95.60,315.00,1,0,0
15599,3.292,95.40,315.00,1,0,0
15601,3.292,96.10,328.00,1,0,0
15604,3.284,96.00,316.00,1,0,0
15606,3.292,95.60,315.00,1,0,0
15609,3.292,95.00,311.00,1,0,0
15611,3.292,94.90,313.00,1,0,0
15613,3.292,94.90,313.00,1,0,0
15616,3.292,94.90,313.00,1,0,0
15618,3.292,95.20,313.00,1,0,0
15621,3.292,97.10,319.00,1,0,0
15623,3.292,95.30,313.00,1,0,0
15636,3.292,95.20,313.00,1,0,0
15638,3.292,95.90,316.00,1,0,0
15641,3.288,95.00,313.00,1,0,0
15643,3.292,94.80,313.00,1,0,0
15646,3.292,95.00,313.00,1,0,0
15648,3.292,95.90,316.00,1,0,0
15651,3.292,95.20,313.00,1,0,0
15653,3.292,95.20,313.00,1,0,0
15656,3.292,95.20,313.00,1,0,0
15658,3.292,95.30,313.00,1,0,0
15661,3.292,94.90,311.00,1,0,0
15663,3.280,95.10,313.00,1,0,0
15666,3.292,95.50,315.00,1,0,0
15668,3.292,95.40,315.00,1,0,0
15681,3.292,95.20,313.00,1,0,0
15683,3.280,95.50,315.00,1,0,0
15686,3.292,96.00,316.00,1,0,0
15688,3.292,95.30,313.00,1,0,0
15691,3.292,94.90,313.00,1,0,0
15693,3.292,95.00,313.00,1,0,0
15696,3.292,89.50,293.00,1,0,0
15698,3.292,95.70,315.00,1,0,0
15701,3.292,96.20,316.00,1,0,0
15703,3.292,95.90,316.00,1,0,0
15706,3.292,96.00,316.00,1,0,0
15708,3.292,94.70,311.00,1,0,0
15710,3.292,95.00,313.00,1,0,0
15713,3.292,96.20,313.00,1,0,0
15726,3.292,95.10,324.00,1,0,0
15728,3.292,101.00,333.00,1,0,0
15731,3.292,94.80,311.00,1,0,0
15733,3.292,95.30,313.00,1,0,0
15735,3.292,95.40,315.00,1,0,0
15738,3.292,88.90,293.00,1,0,0
15740,3.292,95.40,313.00,1,0,0
15743,3.288,95.00,313.00,1,0,0
15745,3.292,95.30,313.00,1,0,0
15748,3.292,94.90,313.00,1,0,0
15750,3.292,96.20,316.00,1,0,0
15753,3.292,95.20,313.00,1,0,0
15755,3.292,95.20,313.00,1,0,0
15758,3.292,94.90,313.00,1,0,0
15770,3.292,95.20,313.00,1,0,0
15773,3.292,95.00,313.00,1,0,0
15775,3.292,94.90,313.00,1,0,0
15778,3.292,95.30,311.00,1,0,0
15780,3.292,94.90,313.00,1,0,0
15783,3.280,95.30,313.00,1,0,0
15785,3.292,95.60,313.00,1,0,0
15788,3.292,95.30,313.00,1,0,0
15790,3.292,95.00,313.00,1,0,0
15793,3.292,94.90,313.00,1,0,0
15795,3.292,96.40,318.00,1,0,0
15798,3.292,89.40,295.00,1,0,0
15800,3.292,94.10,313.00,1,0,0
15803,3.292,96.00,316.00,1,0,0
15815,3.292,95.30,313.00,1,0,0
15818,3.292,95.20,313.00,1,0,0
15820,3.296,95.20,313.00,1,0,0
15823,3.292,94.90,313.00,1,0,0
15825,3.292,95.30,313.00,1,0,0
15828,3.292,95.30,313.00,1,0,0
15830,3.292,94.80,313.00,1,0,0
15832,3.292,96.20,316.00,1,0,0
15835,3.292,95.10,313.00,1,0,0
15837,3.292,95.20,311.00,1,0,0
15840,3.292,109.50,360.00,1,0,0
15842,3.288,102.10,336.00,1,0,0
15845,3.292,113.80,313.00,1,0,0
15847,3.292,95.10,313.00,1,0,0
15860,3.292,94.90,313.00,1,0,0
15862,3.292,95.00,311.00,1,0,0
15865,3.292,95.20,316.00,1,0,0
15867,3.292,95.50,315.00,1,0,0
15870,3.292,95.60,315.00,1,0,0
15872,3.292,95.10,313.00,1,0,0
15875,3.292,95.00,313.00,1,0,0
15877,3.292,95.30,313.00,1,0,0
15880,3.292,94.80,313.00,1,0,0
15882,3.292,100.50,329.00,1,0,0
15885,3.296,95.90,316.00,1,0,0
15887,3.292,95.20,313.00,1,0,0
15890,3.292,94.90,313.00,1,0,0
15892,3.292,94.90,313.00,1,0,0
15905,3.292,96.80,318.00,1,0,0
15907,3.292,95.20,313.00,1,0,0
15910,3.292,95.50,313.00,1,0,0
15912,3.292,95.20,313.00,1,0,0
15915,3.292,95.20,313.00,1,0,0
15917,3.292,95.10,313.00,1,0,0
15920,3.292,95.20,313.00,1,0,0
15922,3.292,94.80,311.00,1,0,0
15925,3.292,95.00,311.00,1,0,0
15927,3.292,95.20,315.00,1,0,0
15929,3.292,94.90,313.00,1,0,0
15932,3.292,95.10,313.00,1,0,0
15934,3.292,99.00,326.00,1,0,0
15937,3.296,98.10,323.00,1,0,0
15950,3.292,95.60,315.00,1,0,0
15952,3.292,95.20,313.00,1,0,0
15955,3.292,95.40,313.00,1,0,0
15957,3.292,95.10,313.00,1,0,0
15959,3.296,98.60,324.00,1,0,0
15962,3.292,95.70,311.00,1,0,0
15964,3.280,95.20,313.00,1,0,0
15967,3.292,95.20,313.00,1,0,0
15969,3.296,99.10,316.00,1,0,0
15972,3.292,94.40,311.00,1,0,0
15974,3.292,94.90,313.00,1,0,0
15977,3.288,94.80,313.00,1,0,0
15979,3.292,95.30,313.00,1,0,0
15982,3.292,95.20,313.00,1,0,0
15994,3.292,94.90,313.00,1,0,0
15997,3.292,95.20,313.00,1,0,0
15999,3.292,95.30,313.00,1,0,0
16002,3.292,92.30,303.00,1,0,0
16004,3.292,89.40,313.00,1,0,0
16007,3.296,95.70,315.00,1,0,0
16009,3.292,94.80,313.00,1,0,0
16012,3.292,95.80,315.00,1,0,0
16014,3.292,96.00,316.00,1,0,0
16017,3.296,95.20,313.00,1,0,0
16019,3.292,96.30,316.00,1,0,0
16026,3.292,94.90,313.00,1,0,0
16029,3.292,94.80,311.00,1,0,0
16031,3.292,94.40,313.00,1,0,0
16034,3.292,95.30,313.00,1,0,0
16036,3.292,95.20,313.00,1,0,0
16039,3.292,94.90,313.00,1,0,0
16041,3.292,94.90,313.00,1,0,0
16044,3.288,87.40,288.00,1,0,0
16046,3.292,95.20,313.00,1,0,0
16048,3.292,95.50,315.00,1,0,0
16061,3.292,94.80,311.00,1,0,0
16064,3.280,95.10,313.00,1,0,0
16066,3.292,95.20,313.00,1,0,0
16069,3.292,95.40,315.00,1,0,0
16071,3.296,94.90,313.00,1,0,0
16073,3.292,94.90,313.00,1,0,0
16076,3.292,95.10,313.00,1,0,0
16078,3.292,95.30,313.00,1,0,0
16081,3.292,95.50,315.00,1,0,0
16083,3.292,118.30,313.00,1,0,0
16086,3.292,95.70,315.00,1,0,0
16088,3.296,97.40,321.00,1,0,0
16091,3.292,95.10,313.00,1,0,0
16093,3.292,95.30,313.00,1,0,0
16106,3.292,89.20,293.00,1,0,0
16108,3.292,95.10,313.00,1,0,0
16111,3.296,98.10,324.00,1,0,0
16113,3.296,98.40,324.00,1,0,0
16116,3.292,96.00,316.00,1,0,0
16118,3.292,95.20,315.00,1,0,0
16121,3.296,100.90,333.00,1,0,0
16123,3.288,98.70,326.00,1,0,0
16126,3.284,97.60,316.00,1,0,0
16128,3.292,95.50,315.00,1,0,0
16131,3.296,95.40,315.00,1,0,0
16133,3.292,96.90,315.00,1,0,0
16136,3.296,95.30,313.00,1,0,0
16138,3.292,94.90,313.00,1,0,0
16151,3.292,95.90,316.00,1,0,0
16153,3.292,94.80,311.00,1,0,0
16156,3.292,95.10,313.00,1,0,0
16158,3.292,95.30,313.00,1,0,0
16161,3.292,95.70,315.00,1,0,0
16163,3.292,103.20,377.00,1,0,0
16166,3.292,95.30,313.00,1,0,0
16168,3.292,98.90,326.00,1,0,0
16170,3.292,95.00,313.00,1,0,0
16173,3.292,98.60,324.00,1,0,0
16175,3.292,94.90,313.00,1,0,0
16178,3.292,95.70,318.00,1,0,0
16180,3.292,95.20,315.00,1,0,0
16183,3.292,119.10,392.00,1,0,0
16195,3.292,95.30,313.00,1,0,0
16198,3.292,95.20,313.00,1,0,0
16200,3.292,95.30,313.00,1,0,0
16203,3.292,117.20,385.00,1,0,0
16205,3.292,95.00,313.00,1,0,0
16208,3.292,89.30,293.00,1,0,0
16210,3.292,95.40,315.00,1,0,0
16213,3.292,96.10,316.00,1,0,0
16215,3.292,95.90,316.00,1,0,0
16218,3.292,99.10,326.00,1,0,0
16220,3.292,94.90,313.00,1,0,0
16223,3.292,94.80,315.00,1,0,0
16225,3.292,98.20,323.00,1,0,0
16228,3.292,95.20,313.00,1,0,0
16240,3.292,95.20,313.00,1,0,0
16243,3.292,94.80,310.00,1,0,0
16245,3.292,95.20,313.00,1,0,0
16248,3.292,95.10,313.00,1,0,0
16250,3.296,87.20,315.00,1,0,0
16253,3.292,95.60,315.00,1,0,0
16255,3.296,95.00,313.00,1,0,0
16258,3.292,94.70,315.00,1,0,0
16260,3.292,94.90,313.00,1,0,0
16263,3.292,101.40,334.00,1,0,0
16265,3.284,95.30,313.00,1,0,0
16267,3.292,95.30,315.00,1,0,0
16270,3.296,94.90,313.00,1,0,0
16272,3.292,94.90,313.00,1,0,0
16285,3.292,94.90,313.00,1,0,0
16288,3.292,95.00,313.00,1,0,0
16290,3.292,94.80,311.00,1,0,0
16292,3.292,94.90,313.00,1,0,0
16295,3.292,95.20,316.00,1,0,0
16297,3.292,95.30,313.00,1,0,0
16300,3.292,95.20,313.00,1,0,0
16302,3.292,94.90,380.00,1,0,0
16305,3.292,94.90,313.00,1,0,0
16307,3.292,94.90,313.00,1,0,0
16310,3.292,89.70,295.00,1,0,0
16312,3.292,95.40,315.00,1,0,0
16315,3.292,95.80,315.00,1,0,0
16317,3.292,95.60,315.00,1,0,0
16330,3.292,95.20,313.00,1,0,0
16332,3.292,95.10,313.00,1,0,0
16335,3.292,95.00,313.00,1,0,0
16337,3.292,95.30,313.00,1,0,0
16340,3.292,95.00,313.00,1,0,0
16342,3.292,95.00,311.00,1,0,0
16345,3.292,95.30,313.00,1,0,0
16347,3.292,95.30,313.00,1,0,0
16350,3.292,95.40,315.00,1,0,0
16352,3.296,92.40,305.00,1,0,0
16355,3.296,95.80,316.00,1,0,0
16357,3.292,94.80,311.00,1,0,0
16360,3.292,95.30,313.00,1,0,0
16362,3.292,95.20,388.00,1,0,0
16375,3.292,95.00,313.00,1,0,0
16377,3.292,95.20,313.00,1,0,0
16380,3.292,95.40,315.00,1,0,0
16382,3.292,95.20,313.00,1,0,0
16385,3.292,95.00,313.00,1,0,0
16387,3.292,94.90,313.00,1,0,0
16389,3.292,94.90,313.00,1,0,0
16392,3.292,96.20,315.00,1,0,0
16394,3.292,95.50,315.00,1,0,0
16397,3.292,95.40,315.00,1,0,0
16399,3.292,96.60,329.00,1,0,0
16402,3.296,95.50,313.00,1,0,0
16404,3.292,94.90,313.00,1,0,0
16407,3.292,94.90,308.00,1,0,0
16419,3.292,95.80,311.00,1,0,0
16422,3.292,100.00,329.00,1,0,0
16424,3.296,114.90,378.00,1,0,0
16427,3.292,95.20,313.00,1,0,0
16429,3.292,95.20,313.00,1,0,0
16432,3.292,95.10,313.00,1,0,0
16434,3.292,94.80,311.00,1,0,0
16437,3.292,95.70,315.00,1,0,0
16439,3.292,95.70,315.00,1,0,0
16442,3.292,95.50,315.00,1,0,0
16444,3.280,95.20,313.00,1,0,0
16447,3.292,95.20,313.00,1,0,0
16449,3.292,95.10,313.00,1,0,0
16452,3.288,94.90,316.00,1,0,0
16464,3.292,95.50,313.00,1,0,0
16467,3.292,95.10,313.00,1,0,0
16469,3.292,96.20,316.00,1,0,0
16472,3.292,95.40,313.00,1,0,0
16474,3.292,95.00,313.00,1,0,0
16477,3.292,95.30,313.00,1,0,0
16479,3.292,95.30,318.00,1,0,0
16482,3.296,95.90,316.00,1,0,0
16484,3.292,95.20,313.00,1,0,0
16486,3.292,95.00,313.00,1,0,0
16489,3.292,95.00,313.00,1,0,0
16491,3.292,95.30,313.00,1,0,0
16494,3.292,95.30,313.00,1,0,0
16496,3.292,95.60,313.00,1,0,0
16509,3.292,95.30,321.00,1,0,0
16511,3.292,95.30,313.00,1,0,0
16514,3.292,92.60,305.00,1,0,0
16516,3.296,89.50,313.00,1,0,0
16519,3.292,94.20,310.00,1,0,0
16521,3.292,95.40,315.00,1,0,0
16524,3.288,95.40,313.00,1,0,0
16526,3.292,96.10,316.00,1,0,0
16529,3.292,95.20,313.00,1,0,0
16531,3.292,95.20,313.00,1,0,0
16534,3.292,94.80,311.00,1,0,0
16536,3.292,95.00,313.00,1,0,0
16539,3.292,98.60,324.00,1,0,0
16541,3.296,95.60,315.00,1,0,0
16554,3.292,95.00,318.00,1,0,0
16556,3.292,87.40,288.00,1,0,0
16559,3.288,96.20,316.00,1,0,0
16561,3.292,96.00,313.00,1,0,0
16564,3.292,95.40,315.00,1,0,0
16566,3.292,94.80,311.00,1,0,0
16569,3.292,95.00,313.00,1,0,0
16571,3.292,95.40,315.00,1,0,0
16574,3.292,95.10,313.00,1,0,0
16576,3.292,95.40,313.00,1,0,0
16579,3.292,95.40,315.00,1,0,0
16581,3.292,95.40,315.00,1,0,0
16583,3.288,116.80,313.00,1,0,0
16586,3.292,96.00,316.00,1,0,0
16599,3.292,94.70,311.00,1,0,0
16601,3.292,95.00,313.00,1,0,0
16604,3.280,95.30,313.00,1,0,0
16606,3.292,94.90,313.00,1,0,0
16608,3.292,95.20,313.00,1,0,0
16611,3.292,95.30,313.00,1,0,0
16613,3.292,95.30,313.00,1,0,0
16616,3.292,94.00,310.00,1,0,0
16618,3.292,88.80,292.00,1,0,0
16621,3.292,94.90,313.00,1,0,0
16623,3.296,95.40,315.00,1,0,0
16626,3.292,96.00,316.00,1,0,0
16628,3.292,96.00,316.00,1,0,0
16631,3.292,96.00,316.00,1,0,0
16643,3.292,95.40,315.00,1,0,0
16646,3.292,95.90,316.00,1,0,0
16648,3.292,96.10,316.00,1,0,0
16651,3.292,95.50,315.00,1,0,0
16653,3.292,95.30,313.00,1,0,0
16656,3.288,95.40,315.00,1,0,0
16658,3.292,87.70,288.00,1,0,0
16661,3.292,95.60,315.00,1,0,0
16663,3.292,101.30,377.00,1,0,0
16666,3.292,94.90,313.00,1,0,0
16668,3.292,95.00,313.00,1,0,0
16671,3.292,95.30,313.00,1,0,0
16673,3.292,95.70,315.00,1,0,0
16676,3.292,95.50,315.00,1,0,0
16688,3.296,95.30,313.00,1,0,0
16691,3.292,95.70,316.00,1,0,0
16693,3.292,95.70,315.00,1,0,0
16696,3.292,95.50,315.00,1,0,0
16698,3.292,97.40,321.00,1,0,0
16701,3.292,95.10,315.00,1,0,0
16703,3.292,101.30,334.00,1,0,0
16705,3.292,95.20,313.00,1,0,0
16708,3.292,95.30,313.00,1,0,0
16710,3.292,95.20,313.00,1,0,0
16713,3.292,95.80,315.00,1,0,0
16715,3.292,94.90,313.00,1,0,0
16718,3.292,94.90,313.00,1,0,0
16720,3.292,89.20,293.00,1,0,0
16733,3.292,94.90,313.00,1,0,0
16735,3.292,94.90,313.00,1,0,0
16738,3.296,97.00,313.00,1,0,0
16740,3.292,95.30,313.00,1,0,0
16743,3.292,117.40,387.00,1,0,0
16745,3.292,95.20,313.00,1,0,0
16748,3.292,98.00,323.00,1,0,0
16750,3.292,95.00,313.00,1,0,0
16753,3.292,95.00,313.00,1,0,0
16755,3.292,95.30,313.00,1,0,0
16758,3.292,95.40,315.00,1,0,0
16760,3.292,97.70,290.00,1,0,0
16763,3.296,104.60,344.00,1,0,0
16765,3.292,96.10,316.00,1,0,0
16778,3.292,97.90,323.00,1,0,0
16780,3.292,95.60,313.00,1,0,0
16783,3.292,99.20,326.00,1,0,0
16785,3.292,95.10,313.00,1,0,0
16788,3.292,94.90,313.00,1,0,0
16790,3.292,98.60,315.00,1,0,0
16793,3.292,95.00,313.00,1,0,0
16795,3.292,95.60,315.00,1,0,0
16798,3.292,95.00,324.00,1,0,0
16800,3.292,96.30,316.00,1,0,0
16803,3.292,95.00,313.00,1,0,0
16805,3.284,95.20,315.00,1,0,0
16807,3.292,95.50,315.00,1,0,0
16810,3.292,95.50,315.00,1,0,0
16823,3.292,91.50,301.00,1,0,0
16825,3.292,95.30,377.00,1,0,0
16828,3.292,95.50,315.00,1,0,0
16830,3.292,95.70,315.00,1,0,0
16832,3.292,95.50,315.00,1,0,0
16835,3.292,94.90,313.00,1,0,0
16837,3.292,95.00,313.00,1,0,0
16840,3.292,95.60,315.00,1,0,0
16842,3.292,95.60,392.00,1,0,0
16845,3.292,95.60,315.00,1,0,0
16847,3.292,95.00,313.00,1,0,0
16850,3.292,95.40,313.00,1,0,0
16852,3.292,95.10,313.00,1,0,0
16855,3.292,95.50,315.00,1,0,0
16867,3.292,96.70,318.00,1,0,0
16870,3.292,113.40,315.00,1,0,0
16872,3.292,95.60,315.00,1,0,0
16875,3.292,95.60,315.00,1,0,0
16877,3.292,95.70,315.00,1,0,0
16880,3.292,97.20,319.00,1,0,0
16882,3.292,94.90,311.00,1,0,0
16885,3.292,94.70,313.00,1,0,0
16887,3.292,96.50,318.00,1,0,0
16890,3.292,95.50,315.00,1,0,0
16892,3.292,95.30,313.00,1,0,0
16895,3.292,95.30,313.00,1,0,0
16897,3.292,95.00,313.00,1,0,0
16900,3.292,94.90,313.00,1,0,0
16912,3.292,95.30,313.00,1,0,0
16915,3.292,94.90,313.00,1,0,0
16917,3.292,94.90,313.00,1,0,0
16920,3.292,95.20,313.00,1,0,0
16922,3.292,95.30,331.00,1,0,0
16925,3.288,89.70,295.00,1,0,0
16927,3.292,95.40,315.00,1,0,0
16929,3.292,95.10,315.00,1,0,0
16932,3.292,95.80,315.00,1,0,0
16934,3.292,95.10,313.00,1,0,0
16937,3.292,96.70,315.00,1,0,0
16939,3.292,99.30,328.00,1,0,0
16942,3.292,99.10,326.00,1,0,0
16944,3.284,95.20,313.00,1,0,0
16957,3.292,95.50,315.00,1,0,0
16959,3.292,99.10,315.00,1,0,0
16962,3.292,98.60,324.00,1,0,0
16964,3.292,96.50,318.00,1,0,0
16967,3.296,87.80,313.00,1,0,0
16969,3.292,96.20,316.00,1,0,0
16972,3.292,95.50,315.00,1,0,0
16974,3.292,98.40,315.00,1,0,0
16977,3.292,96.60,318.00,1,0,0
16979,3.292,95.60,315.00,1,0,0
16982,3.292,95.50,311.00,1,0,0
16984,3.284,95.60,315.00,1,0,0
16987,3.292,95.50,315.00,1,0,0
16989,3.292,95.90,315.00,1,0,0
17002,3.292,95.40,313.00,1,0,0
17004,3.288,101.30,334.00,1,0,0
17007,3.292,95.20,313.00,1,0,0
17009,3.292,95.40,313.00,1,0,0
17012,3.292,98.30,324.00,1,0,0
17014,3.292,94.90,313.00,1,0,0
17017,3.292,95.40,313.00,1,0,0
17019,3.292,95.40,315.00,1,0,0
17022,3.292,98.70,326.00,1,0,0
17024,3.296,114.60,377.00,1,0,0
17026,3.292,91.90,295.00,1,0,0
17029,3.292,95.40,315.00,1,0,0
17031,3.292,95.80,315.00,1,0,0
17034,3.292,95.70,315.00,1,0,0
17047,3.292,95.10,315.00,1,0,0
17049,3.292,95.20,313.00,1,0,0
17051,3.292,98.40,324.00,1,0,0
17054,3.296,96.20,316.00,1,0,0
17056,3.292,99.20,328.00,1,0,0
17059,3.296,95.60,315.00,1,0,0
17061,3.292,94.90,313.00,1,0,0
17064,3.288,95.10,313.00,1,0,0
17066,3.296,98.10,323.00,1,0,0
17069,3.296,87.60,323.00,1,0,0
17071,3.292,94.70,311.00,1,0,0
17074,3.296,94.70,311.00,1,0,0
17076,3.292,96.60,313.00,1,0,0
17079,3.292,94.90,313.00,1,0,0
17091,3.292,99.50,318.00,1,0,0
17094,3.292,95.00,313.00,1,0,0
17096,3.296,98.70,326.00,1,0,0
17099,3.292,95.30,313.00,1,0,0
17101,3.292,95.90,316.00,1,0,0
17104,3.280,95.80,315.00,1,0,0
17106,3.292,95.30,315.00,1,0,0
17109,3.292,96.30,316.00,1,0,0
17111,3.292,95.50,315.00,1,0,0
17114,3.292,98.20,323.00,1,0,0
17116,3.292,96.90,319.00,1,0,0
17119,3.296,95.50,315.00,1,0,0
17121,3.296,98.70,328.00,1,0,0
17124,3.292,114.50,377.00,1,0,0
17136,3.292,96.20,316.00,1,0,0
17139,3.292,95.30,313.00,1,0,0
17141,3.292,96.10,315.00,1,0,0
17144,3.292,95.00,313.00,1,0,0
17146,3.292,95.30,313.00,1,0,0
17149,3.292,95.40,321.00,1,0,0
17151,3.292,95.30,315.00,1,0,0
17153,3.292,95.60,315.00,1,0,0
17156,3.292,97.60,321.00,1,0,0
17158,3.292,95.30,315.00,1,0,0
17161,3.292,95.00,313.00,1,0,0
17163,3.280,96.50,318.00,1,0,0
17166,3.292,95.40,324.00,1,0,0
17168,3.292,98.40,324.00,1,0,0
17181,3.292,95.30,313.00,1,0,0
17183,3.276,95.00,313.00,1,0,0
17186,3.292,98.90,326.00,1,0,0
17188,3.292,99.50,328.00,1,0,0
17191,3.296,96.70,319.00,1,0,0
17193,3.292,95.10,313.00,1,0,0
17196,3.292,96.70,318.00,1,0,0
17198,3.292,95.10,313.00,1,0,0
17201,3.296,98.60,326.00,1,0,0
17203,3.296,95.60,315.00,1,0,0
17206,3.292,95.20,313.00,1,0,0
17208,3.292,95.30,313.00,1,0,0
17211,3.292,94.80,311.00,1,0,0
17213,3.292,98.30,324.00,1,0,0
17226,3.292,95.10,313.00,1,0,0
17228,3.292,95.00,313.00,1,0,0
17231,3.292,94.90,295.00,1,0,0
17233,3.292,95.30,313.00,1,0,0
17236,3.292,95.50,315.00,1,0,0
17238,3.292,96.00,316.00,1,0,0
17241,3.292,96.10,316.00,1,0,0
17243,3.292,99.20,326.00,1,0,0
17246,3.292,95.70,315.00,1,0,0
17248,3.292,95.70,315.00,1,0,0
17251,3.292,97.40,321.00,1,0,0
17253,3.292,95.80,315.00,1,0,0
17255,3.292,96.00,316.00,1,0,0
17258,3.292,96.70,318.00,1,0,0
17271,3.292,99.30,328.00,1,0,0
17273,3.292,87.70,288.00,1,0,0
17276,3.296,98.60,315.00,1,0,0
17278,3.292,95.20,313.00,1,0,0
17280,3.292,95.30,313.00,1,0,0
17283,3.296,98.00,324.00,1,0,0
17285,3.292,95.20,313.00,1,0,0
17288,3.296,99.00,326.00,1,0,0
17290,3.292,95.20,315.00,1,0,0
17293,3.296,95.80,316.00,1,0,0
17295,3.296,98.70,324.00,1,0,0
17298,3.292,98.30,318.00,1,0,0
17300,3.292,98.80,326.00,1,0,0
17303,3.296,107.10,352.00,1,0,0
17315,3.292,95.40,315.00,1,0,0
17318,3.292,95.90,315.00,1,0,0
17320,3.292,95.20,313.00,1,0,0
17323,3.292,118.80,392.00,1,0,0
17325,3.292,95.10,313.00,1,0,0
17328,3.292,94.90,328.00,1,0,0
17330,3.296,97.80,323.00,1,0,0
17333,3.292,95.50,315.00,1,0,0
17335,3.292,89.60,313.00,1,0,0
17338,3.292,95.80,315.00,1,0,0
17340,3.292,96.20,316.00,1,0,0
17343,3.292,95.70,382.00,1,0,0
17345,3.292,95.80,315.00,1,0,0
17348,3.292,95.40,315.00,1,0,0
17360,3.292,95.20,313.00,1,0,0
17363,3.292,95.30,313.00,1,0,0
17365,3.292,95.10,313.00,1,0,0
17368,3.292,95.40,315.00,1,0,0
17370,3.292,95.30,313.00,1,0,0
17373,3.292,95.30,313.00,1,0,0
17375,3.296,87.60,288.00,1,0,0
17377,3.292,94.90,316.00,1,0,0
17380,3.292,96.20,316.00,1,0,0
17382,3.292,95.10,311.00,1,0,0
17385,3.292,95.30,313.00,1,0,0
17387,3.292,95.40,328.00,1,0,0
17390,3.296,95.40,315.00,1,0,0
17392,3.292,94.90,313.00,1,0,0
17405,3.292,95.70,315.00,1,0,0
17407,3.292,95.30,311.00,1,0,0
17410,3.292,94.90,313.00,1,0,0
17412,3.292,95.00,313.00,1,0,0
17415,3.292,95.00,313.00,1,0,0
17417,3.292,95.10,313.00,1,0,0
17420,3.296,96.60,318.00,1,0,0
17422,3.292,98.80,341.00,1,0,0
17425,3.292,94.90,313.00,1,0,0
17427,3.292,99.30,328.00,1,0,0
17430,3.296,99.10,311.00,1,0,0
17432,3.292,95.30,313.00,1,0,0
17435,3.292,98.90,326.00,1,0,0
17437,3.292,88.70,305.00,1,0,0
17450,3.292,95.00,313.00,1,0,0
17452,3.296,99.20,315.00,1,0,0
17455,3.292,95.30,313.00,1,0,0
17457,3.292,95.50,315.00,1,0,0
17460,3.296,98.50,311.00,1,0,0
17462,3.292,95.00,311.00,1,0,0
17465,3.292,94.70,311.00,1,0,0
17467,3.292,95.20,313.00,1,0,0
17470,3.292,95.50,315.00,1,0,0
17472,3.292,95.30,313.00,1,0,0
17474,3.292,94.90,311.00,1,0,0
17477,3.288,90.20,297.00,1,0,0
17479,3.292,94.90,313.00,1,0,0
17482,3.292,95.40,319.00,1,0,0
17495,3.292,95.00,313.00,1,0,0
17497,3.292,95.00,313.00,1,0,0
17499,3.292,95.40,315.00,1,0,0
17502,3.292,95.30,313.00,1,0,0
17504,3.292,96.70,313.00,1,0,0
17507,3.292,95.40,315.00,1,0,0
17509,3.292,94.90,313.00,1,0,0
17512,3.292,95.00,313.00,1,0,0
17514,3.292,95.00,313.00,1,0,0
17517,3.292,95.40,315.00,1,0,0
17519,3.292,95.00,313.00,1,0,0
17522,3.296,95.30,313.00,1,0,0
17524,3.292,95.20,313.00,1,0,0
17527,3.292,95.00,313.00,1,0,0
17539,3.296,89.50,295.00,1,0,0
17542,3.292,95.40,313.00,1,0,0
17544,3.292,96.00,316.00,1,0,0
17547,3.292,95.40,316.00,1,0,0
17549,3.292,96.10,316.00,1,0,0
17552,3.292,96.00,316.00,1,0,0
17554,3.292,96.20,313.00,1,0,0
17557,3.292,94.90,313.00,1,0,0
17559,3.292,95.00,313.00,1,0,0
17562,3.292,94.90,313.00,1,0,0
17564,3.276,94.90,313.00,1,0,0
17567,3.292,95.80,315.00,1,0,0
17569,3.292,95.30,313.00,1,0,0
17571,3.292,95.20,313.00,1,0,0
17584,3.292,96.20,315.00,1,0,0
17587,3.284,95.30,313.00,1,0,0
17589,3.292,95.30,313.00,1,0,0
17592,3.292,95.30,313.00,1,0,0
17594,3.292,96.00,316.00,1,0,0
17596,3.292,95.00,313.00,1,0,0
17599,3.292,95.30,315.00,1,0,0
17601,3.292,95.20,313.00,1,0,0
17604,3.292,95.30,313.00,1,0,0
17606,3.292,97.50,313.00,1,0,0
17609,3.292,94.10,310.00,1,0,0
17611,3.292,95.00,313.00,1,0,0
17614,3.292,94.90,313.00,1,0,0
17616,3.292,95.30,313.00,1,0,0
17629,3.292,94.90,311.00,1,0,0
17631,3.292,99.10,326.00,1,0,0
17634,3.296,95.60,315.00,1,0,0
17636,3.292,95.40,315.00,1,0,0
17639,3.292,95.00,313.00,1,0,0
17641,3.292,89.30,293.00,1,0,0
17644,3.288,95.10,313.00,1,0,0
17646,3.292,95.90,316.00,1,0,0
17649,3.292,96.00,316.00,1,0,0
17651,3.292,95.90,321.00,1,0,0
17654,3.292,98.80,326.00,1,0,0
17656,3.292,100.70,331.00,1,0,0
17659,3.292,95.00,326.00,1,0,0
17661,3.296,94.90,313.00,1,0,0
17674,3.292,94.90,313.00,1,0,0
17676,3.292,100.00,329.00,1,0,0
17679,3.296,96.70,318.00,1,0,0
17681,3.292,95.40,315.00,1,0,0
17684,3.296,111.70,367.00,1,0,0
17686,3.292,95.50,315.00,1,0,0
17689,3.292,95.30,313.00,1,0,0
17691,3.292,95.00,313.00,1,0,0
17693,3.292,95.00,313.00,1,0,0
17696,3.292,95.50,316.00,1,0,0
17698,3.292,95.20,313.00,1,0,0
17701,3.292,95.70,315.00,1,0,0
17703,3.292,118.90,313.00,1,0,0
17706,3.292,94.80,313.00,1,0,0
17718,3.292,95.30,313.00,1,0,0
17721,3.292,95.30,313.00,1,0,0
17723,3.288,96.40,315.00,1,0,0
17726,3.292,95.10,313.00,1,0,0
17728,3.292,95.20,313.00,1,0,0
17731,3.292,95.20,313.00,1,0,0
17733,3.292,95.30,313.00,1,0,0
17736,3.292,95.30,313.00,1,0,0
17738,3.292,94.90,313.00,1,0,0
17741,3.292,95.00,313.00,1,0,0
17743,3.292,89.20,293.00,1,0,0
17746,3.292,95.20,313.00,1,0,0
17748,3.292,95.60,316.00,1,0,0
17751,3.292,96.00,316.00,1,0,0
17763,3.292,113.70,374.00,1,0,0
17766,3.292,95.20,313.00,1,0,0
17768,3.292,95.30,315.00,1,0,0
17771,3.292,96.90,319.00,1,0,0
17773,3.292,95.00,313.00,1,0,0
17776,3.292,95.00,313.00,1,0,0
17778,3.292,95.00,313.00,1,0,0
17781,3.292,95.20,313.00,1,0,0
17783,3.292,117.40,305.00,1,0,0
17786,3.296,95.20,313.00,1,0,0
17788,3.292,95.20,313.00,1,0,0
17790,3.292,95.00,313.00,1,0,0
17793,3.292,95.00,313.00,1,0,0
17795,3.292,95.20,313.00,1,0,0
17808,3.292,95.00,313.00,1,0,0
17811,3.292,95.00,313.00,1,0,0
17813,3.292,95.30,313.00,1,0,0
17815,3.292,98.60,324.00,1,0,0
17818,3.296,98.70,326.00,1,0,0
17820,3.292,95.20,313.00,1,0,0
17823,3.292,100.40,331.00,1,0,0
17825,3.292,95.50,315.00,1,0,0
17828,3.292,95.10,315.00,1,0,0
17830,3.292,95.20,313.00,1,0,0
17833,3.292,95.30,313.00,1,0,0
17835,3.292,95.30,313.00,1,0,0
17838,3.292,95.00,313.00,1,0,0
17840,3.292,94.90,313.00,1,0,0
17853,3.292,95.60,315.00,1,0,0
17855,3.292,95.40,315.00,1,0,0
17858,3.292,95.70,313.00,1,0,0
17860,3.292,94.80,311.00,1,0,0
17863,3.292,95.00,313.00,1,0,0
17865,3.284,95.60,313.00,1,0,0
17868,3.292,95.40,315.00,1,0,0
17870,3.292,95.20,313.00,1,0,0
17873,3.292,95.10,315.00,1,0,0
17875,3.292,95.00,313.00,1,0,0
17878,3.292,95.00,313.00,1,0,0
17880,3.292,95.20,313.00,1,0,0
17883,3.292,95.20,313.00,1,0,0
17885,3.292,95.40,315.00,1,0,0
17898,3.296,94.50,311.00,1,0,0
17900,3.292,93.70,316.00,1,0,0
17903,3.292,95.30,313.00,1,0,0
17905,3.292,94.90,313.00,1,0,0
17908,3.292,95.10,313.00,1,0,0
17910,3.292,95.80,313.00,1,0,0
17912,3.296,95.30,313.00,1,0,0
17915,3.292,95.20,313.00,1,0,0
17917,3.292,95.20,313.00,1,0,0
17920,3.292,95.00,313.00,1,0,0
17922,3.292,95.00,313.00,1,0,0
17925,3.280,95.00,313.00,1,0,0
17927,3.292,95.30,313.00,1,0,0
17930,3.292,95.60,315.00,1,0,0
17942,3.292,94.90,313.00,1,0,0
17945,3.280,94.60,313.00,1,0,0
17947,3.292,89.60,295.00,1,0,0
17950,3.292,92.50,305.00,1,0,0
17952,3.296,95.40,315.00,1,0,0
17955,3.292,95.00,313.00,1,0,0
17957,3.292,95.60,315.00,1,0,0
17960,3.296,95.80,315.00,1,0,0
17962,3.292,95.30,313.00,1,0,0
17965,3.292,95.30,313.00,1,0,0
17967,3.292,95.30,313.00,1,0,0
17970,3.292,94.90,313.00,1,0,0
17972,3.292,95.00,313.00,1,0,0
17975,3.292,95.00,313.00,1,0,0
17987,3.292,94.80,311.00,1,0,0
17990,3.296,87.00,298.00,1,0,0
17992,3.292,95.30,313.00,1,0,0
17995,3.292,95.60,315.00,1,0,0
17997,3.292,95.20,313.00,1,0,0
18000,3.292,95.30,313.00,1,0,0
18002,3.292,95.10,313.00,1,0,0
18005,3.288,97.40,313.00,1,0,0
18007,3.292,95.00,313.00,1,0,0
18010,3.292,95.00,313.00,1,0,0
18012,3.292,95.30,313.00,1,0,0
18015,3.292,95.30,313.00,1,0,0
18017,3.292,95.20,313.00,1,0,0
18019,3.292,94.90,313.00,1,0,0
