timestamp_ms,voltage_V,current_mA,power_mW,marker_ble,marker_wifi,marker_sleep
0,3.284,95.80,315.00,1,0,0
3,3.284,95.80,315.00,1,0,0
5,3.284,96.60,316.00,1,0,0
8,3.288,95.00,313.00,1,0,0
10,3.288,96.00,316.00,1,0,0
13,3.284,95.50,315.00,1,0,0
15,3.288,96.10,316.00,1,0,0
18,3.284,96.00,315.00,1,0,0
20,3.288,96.40,326.00,1,0,0
23,3.292,98.70,324.00,1,0,0
25,3.288,92.10,303.00,1,0,0
28,3.288,96.20,328.00,1,0,0
30,3.292,95.50,315.00,1,0,0
33,3.288,96.10,316.00,1,0,0
35,3.288,89.60,308.00,1,0,0
38,3.288,96.60,318.00,1,0,0
40,3.288,96.40,315.00,1,0,0
43,3.288,97.00,315.00,1,0,0
45,3.288,97.00,318.00,1,0,0
47,3.288,90.80,301.00,1,0,0
50,3.336,30.50,102.00,1,0,0
52,3.336,30.50,102.00,1,0,0
55,3.336,30.60,102.00,1,0,0
57,3.332,30.50,102.00,1,0,0
70,3.336,30.60,102.00,1,0,0
77,3.336,30.40,102.00,1,0,0
80,3.332,30.40,102.00,1,0,0
82,3.336,30.40,102.00,1,0,0
85,3.332,30.50,102.00,1,0,0
87,3.336,30.60,102.00,1,0,0
90,3.336,57.80,298.00,1,0,0
92,3.288,96.50,318.00,1,0,0
94,3.288,95.60,315.00,1,0,0
97,3.288,95.80,315.00,1,0,0
99,3.288,97.80,321.00,1,0,0
102,3.288,96.40,316.00,1,0,0
104,3.288,96.20,315.00,1,0,0
107,3.284,95.60,315.00,1,0,0
109,3.292,96.00,316.00,1,0,0
112,3.288,95.50,315.00,1,0,0
114,3.288,96.80,318.00,1,0,0
117,3.288,96.30,316.00,1,0,0
119,3.288,96.00,321.00,1,0,0
122,3.288,98.30,323.00,1,0,0
124,3.288,95.80,315.00,1,0,0
127,3.288,95.70,313.00,1,0,0
139,3.288,90.00,297.00,1,0,0
142,3.280,125.20,318.00,1,0,0
144,3.288,95.50,315.00,1,0,0
147,3.292,30.40,102.00,1,0,0
149,3.296,95.70,301.00,1,0,0
152,3.308,30.50,102.00,1,0,0
154,3.336,30.50,102.00,1,0,0
157,3.336,30.50,102.00,1,0,0
159,3.336,30.30,102.00,1,0,0
162,3.332,30.30,102.00,1,0,0
164,3.336,30.30,102.00,1,0,0
166,3.336,30.50,102.00,1,0,0
169,3.336,30.50,102.00,1,0,0
171,3.336,30.50,102.00,1,0,0
174,3.336,30.40,102.00,1,0,0
176,3.336,30.40,102.00,1,0,0
179,3.332,30.30,102.00,1,0,0
181,3.336,30.40,102.00,1,0,0
184,3.336,30.40,102.00,1,0,0
196,3.288,96.40,316.00,1,0,0
199,3.288,95.80,315.00,1,0,0
201,3.288,96.40,315.00,1,0,0
204,3.288,96.50,318.00,1,0,0
206,3.288,95.50,315.00,1,0,0
209,3.288,92.80,321.00,1,0,0
211,3.288,96.00,316.00,1,0,0
214,3.288,95.90,315.00,1,0,0
216,3.288,97.00,328.00,1,0,0
219,3.288,95.90,315.00,1,0,0
221,3.284,95.70,315.00,1,0,0
224,3.288,96.60,319.00,1,0,0
226,3.288,95.80,315.00,1,0,0
229,3.288,97.90,321.00,1,0,0
231,3.284,96.50,311.00,1,0,0
233,3.288,96.40,316.00,1,0,0
236,3.288,97.80,321.00,1,0,0
238,3.288,95.60,315.00,1,0,0
241,3.288,89.20,293.00,1,0,0
254,3.288,46.10,102.00,1,0,0
256,3.336,30.40,102.00,1,0,0
259,3.336,30.40,102.00,1,0,0
261,3.336,30.40,102.00,1,0,0
263,3.340,30.50,102.00,1,0,0
266,3.336,30.50,102.00,1,0,0
268,3.336,30.50,102.00,1,0,0
271,3.336,30.50,102.00,1,0,0
273,3.336,30.50,102.00,1,0,0
276,3.336,30.40,102.00,1,0,0
278,3.336,30.30,102.00,1,0,0
281,3.336,30.50,102.00,1,0,0
283,3.336,30.50,102.00,1,0,0
286,3.336,30.60,102.00,1,0,0
288,3.336,30.50,102.00,1,0,0
291,3.332,30.50,102.00,1,0,0
293,3.336,30.30,100.00,1,0,0
296,3.288,96.20,316.00,1,0,0
298,3.288,96.00,315.00,1,0,0
311,3.288,97.40,319.00,1,0,0
313,3.288,95.80,316.00,1,0,0
316,3.288,96.80,318.00,1,0,0
318,3.288,95.50,315.00,1,0,0
321,3.288,95.70,313.00,1,0,0
323,3.288,95.90,315.00,1,0,0
326,3.288,96.90,318.00,1,0,0
328,3.288,96.90,326.00,1,0,0
331,3.288,95.90,315.00,1,0,0
333,3.284,95.50,313.00,1,0,0
335,3.288,98.60,315.00,1,0,0
338,3.288,95.60,315.00,1,0,0
340,3.288,89.90,295.00,1,0,0
343,3.284,93.10,316.00,1,0,0
345,3.288,132.00,434.00,1,0,0
348,3.288,95.90,315.00,1,0,0
350,3.288,95.90,215.00,1,0,0
353,3.336,96.20,316.00,1,0,0
355,3.288,52.60,175.00,1,0,0
368,3.336,30.50,102.00,1,0,0
370,3.336,30.50,102.00,1,0,0
373,3.336,30.40,102.00,1,0,0
375,3.332,30.40,102.00,1,0,0
378,3.336,30.50,102.00,1,0,0
380,3.336,30.50,102.00,1,0,0
383,3.332,30.50,102.00,1,0,0
385,3.336,30.40,102.00,1,0,0
388,3.336,30.50,102.00,1,0,0
390,3.336,30.40,102.00,1,0,0
393,3.336,30.40,102.00,1,0,0
395,3.296,97.90,328.00,1,0,0
398,3.292,99.70,328.00,1,0,0
400,3.288,95.40,313.00,1,0,0
403,3.288,95.40,315.00,1,0,0
405,3.288,95.80,315.00,1,0,0
407,3.288,96.70,318.00,1,0,0
410,3.288,95.80,318.00,1,0,0
412,3.288,98.00,323.00,1,0,0
425,3.284,97.10,319.00,1,0,0
428,3.288,96.30,316.00,1,0,0
430,3.288,99.70,328.00,1,0,0
432,3.288,95.40,318.00,1,0,0
435,3.288,95.30,313.00,1,0,0
437,3.288,95.90,315.00,1,0,0
440,3.292,97.10,316.00,1,0,0
442,3.288,89.50,295.00,1,0,0
445,3.288,93.30,306.00,1,0,0
447,3.284,100.70,316.00,1,0,0
450,3.288,95.50,315.00,1,0,0
452,3.336,30.40,102.00,1,0,0
455,3.336,30.50,264.00,1,0,0
457,3.288,90.00,297.00,1,0,0
460,3.292,30.40,102.00,1,0,0
462,3.336,30.40,102.00,1,0,0
465,3.332,30.50,102.00,1,0,0
467,3.336,30.50,102.00,1,0,0
470,3.332,30.50,102.00,1,0,0
482,3.336,30.50,102.00,1,0,0
485,3.336,30.40,102.00,1,0,0
487,3.332,30.50,102.00,1,0,0
490,3.332,30.50,102.00,1,0,0
492,3.332,30.40,102.00,1,0,0
495,3.336,110.30,362.00,1,0,0
497,3.288,95.40,313.00,1,0,0
499,3.288,98.30,313.00,1,0,0
502,3.288,96.10,316.00,1,0,0
504,3.288,96.40,316.00,1,0,0
507,3.288,98.00,319.00,1,0,0
509,3.288,93.50,308.00,1,0,0
512,3.288,95.90,315.00,1,0,0
514,3.284,95.60,311.00,1,0,0
517,3.288,96.00,316.00,1,0,0
519,3.284,96.10,316.00,1,0,0
522,3.284,96.90,316.00,1,0,0
524,3.288,96.00,316.00,1,0,0
527,3.288,95.70,315.00,1,0,0
539,3.284,96.80,318.00,1,0,0
542,3.284,96.00,315.00,1,0,0
544,3.288,91.40,300.00,1,0,0
547,3.288,112.00,367.00,1,0,0
549,3.288,95.60,315.00,1,0,0
552,3.288,96.10,274.00,1,0,0
554,3.332,30.50,102.00,1,0,0
557,3.332,30.40,102.00,1,0,0
559,3.288,96.10,316.00,1,0,0
562,3.332,30.50,102.00,1,0,0
564,3.332,30.50,102.00,1,0,0
567,3.332,30.40,102.00,1,0,0
569,3.336,30.40,102.00,1,0,0
572,3.336,30.50,102.00,1,0,0
574,3.332,30.50,102.00,1,0,0
576,3.332,30.50,102.00,1,0,0
579,3.336,30.50,102.00,1,0,0
581,3.336,30.50,102.00,1,0,0
584,3.332,30.30,102.00,1,0,0
596,3.288,116.20,382.00,1,0,0
599,3.288,95.60,315.00,1,0,0
601,3.288,95.90,315.00,1,0,0
604,3.288,96.00,318.00,1,0,0
606,3.288,96.50,316.00,1,0,0
609,3.288,96.50,318.00,1,0,0
611,3.284,95.30,316.00,1,0,0
614,3.288,95.80,315.00,1,0,0
616,3.288,95.60,315.00,1,0,0
619,3.288,96.40,315.00,1,0,0
621,3.288,96.70,318.00,1,0,0
624,3.288,95.70,315.00,1,0,0
626,3.288,96.20,313.00,1,0,0
629,3.288,95.50,315.00,1,0,0
631,3.288,98.20,323.00,1,0,0
634,3.288,97.10,308.00,1,0,0
636,3.288,95.40,313.00,1,0,0
639,3.288,95.90,315.00,1,0,0
641,3.288,95.80,324.00,1,0,0
654,3.288,96.10,324.00,1,0,0
656,3.332,30.40,102.00,1,0,0
659,3.332,30.50,102.00,1,0,0
661,3.288,95.80,318.00,1,0,0
664,3.320,30.50,102.00,1,0,0
666,3.336,30.40,102.00,1,0,0
669,3.336,30.40,102.00,1,0,0
671,3.332,30.50,102.00,1,0,0
673,3.332,30.50,102.00,1,0,0
676,3.332,30.50,102.00,1,0,0
678,3.336,30.50,102.00,1,0,0
681,3.332,30.50,102.00,1,0,0
683,3.336,30.30,102.00,1,0,0
686,3.336,30.50,102.00,1,0,0
688,3.336,30.50,102.00,1,0,0
691,3.336,30.50,102.00,1,0,0
693,3.336,30.50,131.00,1,0,0
696,3.276,95.40,313.00,1,0,0
698,3.288,96.40,316.00,1,0,0
711,3.288,95.80,315.00,1,0,0
713,3.284,95.90,319.00,1,0,0
716,3.292,97.00,319.00,1,0,0
718,3.284,97.60,321.00,1,0,0
721,3.288,101.30,316.00,1,0,0
723,3.288,96.20,316.00,1,0,0
726,3.288,95.80,315.00,1,0,0
728,3.288,96.30,316.00,1,0,0
731,3.288,96.10,318.00,1,0,0
733,3.288,95.80,315.00,1,0,0
736,3.288,96.40,316.00,1,0,0
738,3.288,96.00,315.00,1,0,0
740,3.288,95.40,313.00,1,0,0
743,3.288,95.60,315.00,1,0,0
745,3.284,95.90,323.00,1,0,0
748,3.288,96.90,318.00,1,0,0
750,3.288,91.90,303.00,1,0,0
753,3.336,30.40,102.00,1,0,0
755,3.336,30.60,102.00,1,0,0
768,3.336,30.40,102.00,1,0,0
771,3.336,30.50,102.00,1,0,0
773,3.336,30.50,102.00,1,0,0
775,3.336,30.50,102.00,1,0,0
778,3.336,30.40,102.00,1,0,0
780,3.336,30.40,102.00,1,0,0
783,3.336,30.30,102.00,1,0,0
785,3.336,30.40,102.00,1,0,0
788,3.336,30.60,102.00,1,0,0
790,3.336,30.60,102.00,1,0,0
793,3.336,30.40,102.00,1,0,0
795,3.284,97.20,319.00,1,0,0
798,3.288,100.30,321.00,1,0,0
800,3.288,95.70,315.00,1,0,0
803,3.288,95.40,313.00,1,0,0
805,3.284,95.50,315.00,1,0,0
808,3.288,95.40,313.00,1,0,0
810,3.288,95.80,315.00,1,0,0
813,3.288,96.50,316.00,1,0,0
825,3.288,96.80,316.00,1,0,0
828,3.288,95.90,315.00,1,0,0
830,3.284,97.30,319.00,1,0,0
833,3.288,95.90,315.00,1,0,0
835,3.288,96.00,316.00,1,0,0
838,3.288,95.80,315.00,1,0,0
840,3.288,95.80,316.00,1,0,0
842,3.288,95.90,315.00,1,0,0
845,3.288,96.20,316.00,1,0,0
847,3.288,130.80,429.00,1,0,0
850,3.284,98.80,315.00,1,0,0
852,3.288,53.90,180.00,1,0,0
855,3.336,30.60,102.00,1,0,0
857,3.336,30.60,102.00,1,0,0
860,3.336,30.50,102.00,1,0,0
862,3.336,30.60,102.00,1,0,0
865,3.336,30.40,315.00,1,0,0
867,3.288,95.60,315.00,1,0,0
870,3.336,30.40,102.00,1,0,0
882,3.336,30.40,102.00,1,0,0
885,3.336,30.40,102.00,1,0,0
887,3.336,30.60,102.00,1,0,0
890,3.336,30.60,102.00,1,0,0
892,3.336,30.50,102.00,1,0,0
895,3.332,96.20,316.00,1,0,0
897,3.272,95.50,315.00,1,0,0
900,3.288,95.70,313.00,1,0,0
902,3.284,95.70,315.00,1,0,0
905,3.288,95.70,315.00,1,0,0
907,3.288,95.80,313.00,1,0,0
910,3.288,95.80,315.00,1,0,0
912,3.288,99.30,326.00,1,0,0
915,3.288,96.50,318.00,1,0,0
917,3.288,95.30,313.00,1,0,0
919,3.288,95.50,315.00,1,0,0
922,3.288,95.70,315.00,1,0,0
924,3.288,96.10,319.00,1,0,0
927,3.288,96.90,318.00,1,0,0
940,3.288,96.00,316.00,1,0,0
942,3.284,97.00,319.00,1,0,0
945,3.288,96.30,316.00,1,0,0
947,3.288,96.00,313.00,1,0,0
949,3.288,95.60,315.00,1,0,0
952,3.288,95.60,315.00,1,0,0
954,3.296,30.50,102.00,1,0,0
957,3.332,30.50,102.00,1,0,0
959,3.336,30.50,102.00,1,0,0
962,3.336,30.30,102.00,1,0,0
964,3.336,30.40,102.00,1,0,0
967,3.336,30.30,319.00,1,0,0
969,3.288,56.00,187.00,1,0,0
972,3.336,30.60,102.00,1,0,0
974,3.336,30.50,102.00,1,0,0
977,3.336,30.50,102.00,1,0,0
979,3.336,30.40,102.00,1,0,0
982,3.336,30.30,102.00,1,0,0
984,3.336,30.40,102.00,1,0,0
997,3.288,96.00,316.00,1,0,0
999,3.288,95.70,315.00,1,0,0
1002,3.284,96.30,316.00,1,0,0
1004,3.288,95.70,316.00,1,0,0
1007,3.288,95.90,315.00,1,0,0
1009,3.288,96.30,316.00,1,0,0
1012,3.288,99.30,315.00,1,0,0
1014,3.288,95.90,315.00,1,0,0
1016,3.288,98.10,323.00,1,0,0
1019,3.288,87.90,316.00,1,0,0
1021,3.288,96.60,318.00,1,0,0
1024,3.280,96.60,318.00,1,0,0
1026,3.288,96.20,316.00,1,0,0
1029,3.288,96.40,316.00,1,0,0
1031,3.288,96.50,318.00,1,0,0
1034,3.288,95.80,315.00,1,0,0
1046,3.288,95.60,315.00,1,0,0
1049,3.288,94.20,313.00,1,0,0
1051,3.288,99.40,326.00,1,0,0
1054,3.292,99.40,326.00,1,0,0
1056,3.288,96.30,305.00,1,0,0
1059,3.284,89.60,293.00,1,0,0
1061,3.288,96.60,318.00,1,0,0
1064,3.284,95.50,318.00,1,0,0
1066,3.336,30.40,102.00,1,0,0
1069,3.336,30.50,102.00,1,0,0
1071,3.288,95.90,272.00,1,0,0
1074,3.336,30.50,102.00,1,0,0
1076,3.336,30.40,102.00,1,0,0
1079,3.336,30.30,102.00,1,0,0
1081,3.332,30.40,102.00,1,0,0
1084,3.336,30.40,102.00,1,0,0
1096,3.288,95.50,315.00,1,0,0
1099,3.288,96.60,318.00,1,0,0
1101,3.288,95.80,316.00,1,0,0
1104,3.288,96.10,316.00,1,0,0
1106,3.288,96.10,316.00,1,0,0
1109,3.288,96.40,329.00,1,0,0
1111,3.288,96.80,318.00,1,0,0
1113,3.288,95.50,315.00,1,0,0
1116,3.288,96.40,316.00,1,0,0
1118,3.288,96.50,318.00,1,0,0
1121,3.284,96.00,316.00,1,0,0
1123,3.288,96.00,326.00,1,0,0
1126,3.288,95.60,315.00,1,0,0
1128,3.288,95.30,313.00,1,0,0
1131,3.288,95.80,318.00,1,0,0
1133,3.288,95.80,315.00,1,0,0
1146,3.292,96.40,415.00,1,0,0
1148,3.288,95.80,315.00,1,0,0
1151,3.288,96.40,316.00,1,0,0
1153,3.336,30.50,102.00,1,0,0
1156,3.336,30.60,102.00,1,0,0
1158,3.336,30.50,102.00,1,0,0
1161,3.336,30.40,102.00,1,0,0
1163,3.336,30.40,102.00,1,0,0
1166,3.336,30.30,102.00,1,0,0
1168,3.336,30.50,102.00,1,0,0
1171,3.336,30.60,102.00,1,0,0
1173,3.288,95.70,315.00,1,0,0
1176,3.336,30.40,102.00,1,0,0
1178,3.336,30.40,102.00,1,0,0
1181,3.336,30.40,102.00,1,0,0
1183,3.336,30.50,102.00,1,0,0
1196,3.288,93.50,316.00,1,0,0
1198,3.284,96.50,318.00,1,0,0
1201,3.288,96.30,316.00,1,0,0
1203,3.288,96.40,318.00,1,0,0
1206,3.288,99.30,326.00,1,0,0
1208,3.288,100.00,329.00,1,0,0
1210,3.288,95.40,313.00,1,0,0
1213,3.288,95.90,315.00,1,0,0
1215,3.288,97.00,319.00,1,0,0
1218,3.288,96.00,316.00,1,0,0
1220,3.288,96.20,319.00,1,0,0
1223,3.288,95.70,315.00,1,0,0
1225,3.288,96.70,318.00,1,0,0
1228,3.288,99.20,323.00,1,0,0
1230,3.288,96.10,316.00,1,0,0
1233,3.284,96.00,316.00,1,0,0
1245,3.288,102.60,336.00,1,0,0
1248,3.288,97.10,319.00,1,0,0
1250,3.288,89.80,300.00,1,0,0
1253,3.336,30.60,102.00,1,0,0
1255,3.336,30.60,102.00,1,0,0
1258,3.332,30.40,102.00,1,0,0
1260,3.336,30.30,102.00,1,0,0
1263,3.332,30.30,102.00,1,0,0
1265,3.336,30.50,102.00,1,0,0
1268,3.336,30.50,102.00,1,0,0
1270,3.336,30.60,102.00,1,0,0
1273,3.332,30.60,102.00,1,0,0
1275,3.336,96.00,316.00,1,0,0
1278,3.308,30.30,102.00,1,0,0
1280,3.336,30.30,102.00,1,0,0
1282,3.336,30.40,102.00,1,0,0
1295,3.328,95.70,315.00,1,0,0
1298,3.288,96.40,316.00,1,0,0
1300,3.288,92.30,311.00,1,0,0
1303,3.288,96.30,316.00,1,0,0
1305,3.288,96.20,316.00,1,0,0
1308,3.288,95.80,318.00,1,0,0
1310,3.288,95.30,313.00,1,0,0
1312,3.288,95.60,315.00,1,0,0
1315,3.288,96.90,316.00,1,0,0
1317,3.288,95.90,315.00,1,0,0
1320,3.288,99.50,328.00,1,0,0
1322,3.288,95.80,316.00,1,0,0
1325,3.288,97.00,319.00,1,0,0
1327,3.288,97.30,321.00,1,0,0
1330,3.288,96.40,316.00,1,0,0
1332,3.288,96.40,316.00,1,0,0
1345,3.288,94.60,303.00,1,0,0
1347,3.272,96.30,316.00,1,0,0
1350,3.288,96.40,316.00,1,0,0
1352,3.304,30.50,102.00,1,0,0
1355,3.336,30.60,102.00,1,0,0
1357,3.336,30.40,102.00,1,0,0
1360,3.336,30.30,102.00,1,0,0
1362,3.336,30.30,102.00,1,0,0
1365,3.332,30.40,102.00,1,0,0
1367,3.336,30.50,102.00,1,0,0
1370,3.336,30.50,102.00,1,0,0
1372,3.336,30.50,102.00,1,0,0
1375,3.336,30.40,102.00,1,0,0
1377,3.336,95.70,315.00,1,0,0
1380,3.304,30.40,102.00,1,0,0
1382,3.336,30.50,102.00,1,0,0
1395,3.324,121.40,400.00,1,0,0
1397,3.284,96.50,321.00,1,0,0
1400,3.288,96.00,316.00,1,0,0
1402,3.288,96.30,316.00,1,0,0
1405,3.288,95.70,316.00,1,0,0
1407,3.288,95.80,315.00,1,0,0
1409,3.288,96.30,316.00,1,0,0
1412,3.284,96.10,324.00,1,0,0
1414,3.288,96.60,318.00,1,0,0
1417,3.284,95.30,313.00,1,0,0
1419,3.288,95.30,315.00,1,0,0
1422,3.288,95.80,315.00,1,0,0
1424,3.288,95.60,315.00,1,0,0
1427,3.288,96.10,328.00,1,0,0
1429,3.288,96.50,318.00,1,0,0
1432,3.288,95.80,315.00,1,0,0
1444,3.288,96.90,318.00,1,0,0
1447,3.268,96.80,318.00,1,0,0
1449,3.288,98.30,315.00,1,0,0
1452,3.284,30.60,102.00,1,0,0
1454,3.336,30.50,102.00,1,0,0
1457,3.336,30.40,102.00,1,0,0
1459,3.336,30.30,102.00,1,0,0
1462,3.336,30.30,102.00,1,0,0
1464,3.336,30.50,102.00,1,0,0
1467,3.336,30.50,102.00,1,0,0
1469,3.336,30.50,102.00,1,0,0
1472,3.336,30.50,102.00,1,0,0
1474,3.336,30.40,102.00,1,0,0
1477,3.332,30.40,102.00,1,0,0
1479,3.332,30.40,315.00,1,0,0
1481,3.284,38.80,129.00,1,0,0
1494,3.336,105.70,347.00,1,0,0
1497,3.284,95.30,313.00,1,0,0
1499,3.288,95.40,313.00,1,0,0
1502,3.288,95.30,313.00,1,0,0
1504,3.288,96.40,316.00,1,0,0
1506,3.288,96.30,316.00,1,0,0
1509,3.288,97.70,303.00,1,0,0
1511,3.288,89.70,295.00,1,0,0
1514,3.288,95.10,313.00,1,0,0
1516,3.288,94.10,315.00,1,0,0
1519,3.284,95.50,315.00,1,0,0
1521,3.288,96.60,318.00,1,0,0
1524,3.288,96.10,315.00,1,0,0
1526,3.288,96.10,316.00,1,0,0
1529,3.284,97.20,319.00,1,0,0
1531,3.288,95.60,329.00,1,0,0
1544,3.284,99.00,321.00,1,0,0
1546,3.288,96.00,316.00,1,0,0
1549,3.288,96.90,318.00,1,0,0
1551,3.288,54.10,102.00,1,0,0
1554,3.336,30.40,102.00,1,0,0
1556,3.336,30.50,102.00,1,0,0
1559,3.336,30.30,102.00,1,0,0
1561,3.336,30.50,102.00,1,0,0
1564,3.336,30.50,102.00,1,0,0
1566,3.336,30.50,102.00,1,0,0
1569,3.336,30.50,102.00,1,0,0
1571,3.336,30.50,102.00,1,0,0
1574,3.332,30.40,102.00,1,0,0
1576,3.336,30.40,102.00,1,0,0
1578,3.336,30.40,102.00,1,0,0
1581,3.336,30.40,102.00,1,0,0
1594,3.336,31.10,103.00,1,0,0
1596,3.288,94.50,315.00,1,0,0
1599,3.288,98.80,324.00,1,0,0
1601,3.288,96.10,316.00,1,0,0
1603,3.288,97.60,318.00,1,0,0
1606,3.288,96.50,316.00,1,0,0
1608,3.288,96.90,318.00,1,0,0
1611,3.284,96.50,315.00,1,0,0
1613,3.288,96.40,316.00,1,0,0
1616,3.288,95.50,315.00,1,0,0
1618,3.288,96.00,316.00,1,0,0
1621,3.284,96.00,321.00,1,0,0
1623,3.284,96.10,316.00,1,0,0
1626,3.288,96.50,318.00,1,0,0
1628,3.288,95.60,315.00,1,0,0
1631,3.288,95.90,315.00,1,0,0
1643,3.288,96.10,316.00,1,0,0
1646,3.288,129.50,426.00,1,0,0
1648,3.284,96.70,316.00,1,0,0
1651,3.288,72.90,242.00,1,0,0
1653,3.332,30.50,102.00,1,0,0
1656,3.336,30.50,102.00,1,0,0
1658,3.336,30.30,102.00,1,0,0
1661,3.336,30.50,102.00,1,0,0
1663,3.336,30.50,102.00,1,0,0
1666,3.336,30.50,102.00,1,0,0
1668,3.332,30.40,102.00,1,0,0
1671,3.336,30.50,102.00,1,0,0
1673,3.336,30.40,102.00,1,0,0
1676,3.336,30.40,102.00,1,0,0
1678,3.336,30.50,102.00,1,0,0
1680,3.332,30.50,102.00,1,0,0
1693,3.336,30.50,115.00,1,0,0
1696,3.288,91.90,301.00,1,0,0
1698,3.288,96.90,318.00,1,0,0
1701,3.288,96.90,316.00,1,0,0
1703,3.288,99.00,326.00,1,0,0
1705,3.288,96.50,318.00,1,0,0
1708,3.288,95.80,319.00,1,0,0
1710,3.288,96.20,316.00,1,0,0
1713,3.288,95.70,315.00,1,0,0
1715,3.288,95.80,315.00,1,0,0
1718,3.284,95.80,315.00,1,0,0
1720,3.284,95.80,315.00,1,0,0
1723,3.284,95.70,315.00,1,0,0
1725,3.288,96.10,316.00,1,0,0
1728,3.288,95.40,313.00,1,0,0
1730,3.288,96.00,318.00,1,0,0
1743,3.288,95.40,313.00,1,0,0
1745,3.288,95.50,316.00,1,0,0
1748,3.268,96.80,318.00,1,0,0
1750,3.288,95.90,315.00,1,0,0
1753,3.336,30.40,102.00,1,0,0
1755,3.336,30.50,102.00,1,0,0
1758,3.336,30.40,102.00,1,0,0
1760,3.336,30.50,102.00,1,0,0
1763,3.336,30.50,102.00,1,0,0
1765,3.336,30.50,102.00,1,0,0
1768,3.336,30.40,102.00,1,0,0
1770,3.332,30.50,102.00,1,0,0
1773,3.336,30.50,102.00,1,0,0
1775,3.336,30.50,102.00,1,0,0
1777,3.336,30.40,102.00,1,0,0
1780,3.332,30.50,102.00,1,0,0
1793,3.336,30.50,102.00,1,0,0
1795,3.280,90.90,298.00,1,0,0
1798,3.288,96.40,318.00,1,0,0
1800,3.284,96.30,316.00,1,0,0
1802,3.284,99.20,326.00,1,0,0
1805,3.288,99.10,326.00,1,0,0
1807,3.292,96.80,318.00,1,0,0
1810,3.288,95.70,315.00,1,0,0
1812,3.288,96.10,318.00,1,0,0
1815,3.288,96.40,316.00,1,0,0
1817,3.284,96.60,318.00,1,0,0
1820,3.288,96.90,318.00,1,0,0
1822,3.288,96.80,318.00,1,0,0
1825,3.288,97.00,319.00,1,0,0
1827,3.288,96.00,316.00,1,0,0
1830,3.292,96.20,316.00,1,0,0
1842,3.288,96.40,316.00,1,0,0
1845,3.288,95.90,315.00,1,0,0
1847,3.288,97.30,323.00,1,0,0
1850,3.288,94.50,329.00,1,0,0
1852,3.292,30.50,102.00,1,0,0
1855,3.336,30.50,102.00,1,0,0
1857,3.332,30.50,102.00,1,0,0
1860,3.336,30.50,102.00,1,0,0
1862,3.336,30.50,102.00,1,0,0
1865,3.332,30.40,102.00,1,0,0
1867,3.336,30.40,102.00,1,0,0
1870,3.336,30.50,102.00,1,0,0
1872,3.336,30.50,102.00,1,0,0
1874,3.336,30.50,102.00,1,0,0
1877,3.336,30.40,102.00,1,0,0
1879,3.336,30.50,102.00,1,0,0
1892,3.284,90.70,102.00,1,0,0
1895,3.336,91.50,300.00,1,0,0
1897,3.288,96.80,318.00,1,0,0
1899,3.288,95.80,316.00,1,0,0
1902,3.288,95.50,313.00,1,0,0
1904,3.284,95.40,313.00,1,0,0
1907,3.288,97.00,319.00,1,0,0
1909,3.288,96.10,326.00,1,0,0
1912,3.288,96.90,318.00,1,0,0
1914,3.288,96.70,318.00,1,0,0
1917,3.288,98.70,318.00,1,0,0
1919,3.288,96.50,318.00,1,0,0
1922,3.288,95.70,315.00,1,0,0
1924,3.288,95.90,318.00,1,0,0
1927,3.288,95.70,315.00,1,0,0
1929,3.288,99.40,326.00,1,0,0
1942,3.292,97.10,319.00,1,0,0
1944,3.288,96.50,319.00,1,0,0
1947,3.268,96.80,318.00,1,0,0
1949,3.288,95.30,313.00,1,0,0
1952,3.300,30.40,102.00,1,0,0
1954,3.336,30.50,102.00,1,0,0
1957,3.336,30.50,102.00,1,0,0
1959,3.336,30.50,102.00,1,0,0
1962,3.336,30.50,102.00,1,0,0
1964,3.336,30.40,102.00,1,0,0
1967,3.336,30.30,102.00,1,0,0
1969,3.332,30.50,102.00,1,0,0
1972,3.332,30.50,102.00,1,0,0
1974,3.336,30.60,102.00,1,0,0
1977,3.336,30.50,102.00,1,0,0
1979,3.336,30.50,102.00,1,0,0
1992,3.336,95.80,315.00,1,0,0
1994,3.288,101.50,331.00,1,0,0
1997,3.288,99.50,324.00,1,0,0
1999,3.288,95.40,313.00,1,0,0
2002,3.288,95.90,315.00,1,0,0
2004,3.288,95.80,316.00,1,0,0
2006,3.292,95.90,315.00,1,0,0
2009,3.288,97.70,321.00,1,0,0
2011,3.288,96.40,316.00,1,0,0
2014,3.284,96.70,318.00,1,0,0
2016,3.288,96.40,316.00,1,0,0
2019,3.288,95.60,316.00,1,0,0
2021,3.288,96.00,316.00,1,0,0
2024,3.288,96.40,316.00,1,0,0
2026,3.288,98.00,318.00,1,0,0
2029,3.288,95.70,315.00,1,0,0
2041,3.288,96.00,326.00,1,0,0
2044,3.288,96.80,318.00,1,0,0
2046,3.280,125.60,413.00,1,0,0
2049,3.288,95.50,313.00,1,0,0
2051,3.288,30.40,102.00,1,0,0
2054,3.336,30.60,102.00,1,0,0
2056,3.332,30.60,102.00,1,0,0
2059,3.332,30.50,102.00,1,0,0
2061,3.336,30.40,102.00,1,0,0
2064,3.332,30.40,102.00,1,0,0
2066,3.336,30.40,102.00,1,0,0
2069,3.336,30.40,102.00,1,0,0
2071,3.336,30.60,102.00,1,0,0
2078,3.336,30.40,102.00,1,0,0
2081,3.336,30.40,102.00,1,0,0
2083,3.336,30.30,102.00,1,0,0
2086,3.336,30.40,102.00,1,0,0
2088,3.336,30.50,102.00,1,0,0
2091,3.332,30.50,102.00,1,0,0
2093,3.332,30.40,100.00,1,0,0
2095,3.284,115.70,311.00,1,0,0
2098,3.288,97.00,319.00,1,0,0
2100,3.288,95.50,315.00,1,0,0
2103,3.288,95.80,316.00,1,0,0
2116,3.288,95.60,315.00,1,0,0
2118,3.288,95.80,318.00,1,0,0
2121,3.288,96.50,318.00,1,0,0
2123,3.284,96.30,316.00,1,0,0
2125,3.284,97.60,324.00,1,0,0
2128,3.288,100.20,329.00,1,0,0
2130,3.288,96.00,316.00,1,0,0
2133,3.288,95.70,328.00,1,0,0
2135,3.288,96.30,316.00,1,0,0
2138,3.288,96.40,316.00,1,0,0
2140,3.288,98.40,316.00,1,0,0
2143,3.288,98.00,323.00,1,0,0
2145,3.288,96.10,316.00,1,0,0
2148,3.288,95.30,428.00,1,0,0
2150,3.284,95.70,315.00,1,0,0
2153,3.288,96.10,316.00,1,0,0
2165,3.336,30.40,102.00,1,0,0
2168,3.336,30.30,102.00,1,0,0
2170,3.336,30.60,102.00,1,0,0
2173,3.336,30.60,102.00,1,0,0
2175,3.336,30.50,102.00,1,0,0
2178,3.336,30.40,102.00,1,0,0
2180,3.336,30.40,102.00,1,0,0
2183,3.336,30.30,102.00,1,0,0
2185,3.336,30.30,102.00,1,0,0
2188,3.336,30.60,102.00,1,0,0
2190,3.336,30.50,102.00,1,0,0
2193,3.336,30.50,102.00,1,0,0
2195,3.336,30.40,102.00,1,0,0
2197,3.288,94.50,311.00,1,0,0
2200,3.324,116.30,315.00,1,0,0
2202,3.288,98.80,324.00,1,0,0
2215,3.288,96.20,316.00,1,0,0
2218,3.288,96.50,318.00,1,0,0
2220,3.288,97.70,318.00,1,0,0
2223,3.288,99.50,326.00,1,0,0
2225,3.288,96.70,318.00,1,0,0
2227,3.288,95.90,316.00,1,0,0
2230,3.288,96.80,318.00,1,0,0
2232,3.288,95.90,315.00,1,0,0
2235,3.288,95.80,316.00,1,0,0
2237,3.284,97.70,316.00,1,0,0
2240,3.288,95.90,315.00,1,0,0
2242,3.288,100.40,331.00,1,0,0
2245,3.288,95.40,328.00,1,0,0
2247,3.288,98.10,323.00,1,0,0
2250,3.288,96.00,316.00,1,0,0
2252,3.284,99.90,318.00,1,0,0
2265,3.336,30.40,102.00,1,0,0
2267,3.332,30.50,102.00,1,0,0
2270,3.336,30.60,102.00,1,0,0
2272,3.336,30.60,102.00,1,0,0
2275,3.336,30.40,102.00,1,0,0
2277,3.336,30.40,102.00,1,0,0
2280,3.332,30.30,102.00,1,0,0
2282,3.336,30.40,102.00,1,0,0
2285,3.336,30.50,102.00,1,0,0
2287,3.336,30.60,102.00,1,0,0
2290,3.336,30.50,102.00,1,0,0
2292,3.336,30.40,102.00,1,0,0
2295,3.332,30.30,102.00,1,0,0
2297,3.336,30.40,102.00,1,0,0
2299,3.336,95.30,313.00,1,0,0
2302,3.284,122.10,393.00,1,0,0
2315,3.288,96.40,316.00,1,0,0
2317,3.288,99.00,324.00,1,0,0
2320,3.284,96.50,318.00,1,0,0
2322,3.288,96.40,316.00,1,0,0
2324,3.288,97.20,318.00,1,0,0
2327,3.284,96.40,316.00,1,0,0
2329,3.288,99.90,328.00,1,0,0
2332,3.288,96.30,316.00,1,0,0
2334,3.288,95.90,315.00,1,0,0
2337,3.288,95.90,315.00,1,0,0
2339,3.288,95.60,315.00,1,0,0
2342,3.288,96.00,316.00,1,0,0
2344,3.288,95.80,315.00,1,0,0
2347,3.288,96.20,318.00,1,0,0
2349,3.288,97.80,321.00,1,0,0
2352,3.288,96.10,316.00,1,0,0
2364,3.336,30.40,102.00,1,0,0
2367,3.336,30.50,102.00,1,0,0
2369,3.336,30.50,102.00,1,0,0
2372,3.336,30.70,103.00,1,0,0
2374,3.336,30.50,102.00,1,0,0
2377,3.336,30.30,102.00,1,0,0
2379,3.336,30.40,102.00,1,0,0
2382,3.336,30.30,102.00,1,0,0
2384,3.336,30.50,102.00,1,0,0
2387,3.336,30.60,102.00,1,0,0
2389,3.336,30.60,102.00,1,0,0
2392,3.336,30.40,102.00,1,0,0
2394,3.336,30.40,102.00,1,0,0
2396,3.336,30.40,102.00,1,0,0
2399,3.336,30.90,323.00,1,0,0
2401,3.288,95.80,315.00,1,0,0
2414,3.288,99.00,323.00,1,0,0
2417,3.288,96.60,318.00,1,0,0
2419,3.288,96.00,316.00,1,0,0
2421,3.288,95.70,318.00,1,0,0
2424,3.288,95.70,315.00,1,0,0
2426,3.288,96.00,316.00,1,0,0
2429,3.288,97.40,316.00,1,0,0
2431,3.288,96.30,316.00,1,0,0
2434,3.288,98.80,324.00,1,0,0
2436,3.288,96.10,316.00,1,0,0
2439,3.288,95.80,315.00,1,0,0
2441,3.288,94.20,310.00,1,0,0
2444,3.288,96.50,316.00,1,0,0
2446,3.288,96.70,318.00,1,0,0
2449,3.288,94.00,310.00,1,0,0
2451,3.284,100.90,316.00,1,0,0
2464,3.336,30.40,102.00,1,0,0
2466,3.336,30.50,102.00,1,0,0
2469,3.336,30.50,102.00,1,0,0
2471,3.336,30.60,102.00,1,0,0
2474,3.332,30.40,102.00,1,0,0
2476,3.336,30.30,102.00,1,0,0
2479,3.336,30.30,102.00,1,0,0
2481,3.336,30.40,102.00,1,0,0
2484,3.336,30.40,102.00,1,0,0
2486,3.336,30.50,102.00,1,0,0
2489,3.336,30.60,102.00,1,0,0
2491,3.336,30.30,102.00,1,0,0
2494,3.336,30.30,102.00,1,0,0
2496,3.336,30.40,102.00,1,0,0
2499,3.336,34.70,115.00,1,0,0
2501,3.288,96.30,316.00,1,0,0
2514,3.288,96.20,316.00,1,0,0
2516,3.288,97.60,315.00,1,0,0
2519,3.288,95.70,315.00,1,0,0
2521,3.288,95.90,315.00,1,0,0
2524,3.288,95.70,316.00,1,0,0
2526,3.288,96.90,318.00,1,0,0
2528,3.288,96.20,316.00,1,0,0
2531,3.284,96.60,316.00,1,0,0
2533,3.288,96.00,316.00,1,0,0
2536,3.288,95.60,315.00,1,0,0
2538,3.288,96.20,315.00,1,0,0
2541,3.288,93.20,306.00,1,0,0
2543,3.288,97.30,319.00,1,0,0
2546,3.288,97.50,321.00,1,0,0
2548,3.288,96.90,315.00,1,0,0
2551,3.288,129.30,424.00,1,0,0
2563,3.336,30.50,102.00,1,0,0
2566,3.336,30.50,102.00,1,0,0
2568,3.336,30.40,102.00,1,0,0
2571,3.336,30.50,102.00,1,0,0
2573,3.336,30.50,102.00,1,0,0
2576,3.332,30.40,102.00,1,0,0
2578,3.336,30.40,102.00,1,0,0
2581,3.336,30.50,102.00,1,0,0
2583,3.336,30.50,102.00,1,0,0
2586,3.336,30.50,102.00,1,0,0
2588,3.332,30.40,102.00,1,0,0
2591,3.332,30.50,102.00,1,0,0
2593,3.336,30.40,102.00,1,0,0
2596,3.336,30.40,102.00,1,0,0
2598,3.336,30.50,126.00,1,0,0
2601,3.292,95.10,313.00,1,0,0
2613,3.288,97.20,318.00,1,0,0
2616,3.288,96.00,316.00,1,0,0
2618,3.288,95.80,315.00,1,0,0
2621,3.288,94.50,319.00,1,0,0
2623,3.288,99.50,328.00,1,0,0
2626,3.288,98.90,324.00,1,0,0
2628,3.288,98.70,323.00,1,0,0
2631,3.288,96.60,318.00,1,0,0
2633,3.288,89.10,293.00,1,0,0
2635,3.288,88.30,297.00,1,0,0
2638,3.288,88.40,290.00,1,0,0
2640,3.288,88.20,290.00,1,0,0
2643,3.288,95.00,290.00,1,0,0
2645,3.288,93.90,308.00,1,0,0
2648,3.288,97.00,319.00,1,0,0
2650,3.288,99.70,336.00,1,0,0
2663,3.332,30.50,102.00,1,0,0
2665,3.336,30.50,102.00,1,0,0
2668,3.332,30.50,102.00,1,0,0
2670,3.336,30.50,102.00,1,0,0
2673,3.336,30.40,102.00,1,0,0
2675,3.336,30.30,102.00,1,0,0
2678,3.332,30.40,102.00,1,0,0
2680,3.336,30.40,102.00,1,0,0
2683,3.336,30.50,102.00,1,0,0
2685,3.336,30.50,102.00,1,0,0
2688,3.336,30.40,102.00,1,0,0
2690,3.336,30.40,102.00,1,0,0
2693,3.332,30.30,102.00,1,0,0
2695,3.336,30.40,102.00,1,0,0
2698,3.336,30.40,102.00,1,0,0
2700,3.276,91.50,301.00,1,0,0
2713,3.288,95.40,313.00,1,0,0
2715,3.288,95.30,321.00,1,0,0
2718,3.288,96.00,316.00,1,0,0
2720,3.288,97.30,319.00,1,0,0
2723,3.288,98.80,318.00,1,0,0
2725,3.288,97.00,319.00,1,0,0
2728,3.288,97.00,319.00,1,0,0
2730,3.288,95.50,316.00,1,0,0
2732,3.288,96.50,318.00,1,0,0
2735,3.288,97.30,321.00,1,0,0
2737,3.288,98.80,324.00,1,0,0
2740,3.292,99.90,316.00,1,0,0
2742,3.284,96.10,316.00,1,0,0
2745,3.288,95.90,315.00,1,0,0
2747,3.288,95.50,318.00,1,0,0
2750,3.288,96.60,318.00,1,0,0
2762,3.336,30.50,102.00,1,0,0
2765,3.336,30.50,102.00,1,0,0
2767,3.336,30.50,102.00,1,0,0
2770,3.336,30.50,102.00,1,0,0
2772,3.336,30.50,102.00,1,0,0
2775,3.336,30.40,102.00,1,0,0
2777,3.336,30.50,102.00,1,0,0
2780,3.336,30.50,102.00,1,0,0
2782,3.336,30.50,102.00,1,0,0
2785,3.336,30.40,102.00,1,0,0
2787,3.336,30.50,102.00,1,0,0
2790,3.332,30.50,102.00,1,0,0
2792,3.336,30.30,102.00,1,0,0
2795,3.336,30.40,102.00,1,0,0
2797,3.336,30.40,102.00,1,0,0
2800,3.336,50.00,378.00,1,0,0
2812,3.288,89.90,300.00,1,0,0
2815,3.284,97.80,321.00,1,0,0
2817,3.288,96.90,319.00,1,0,0
2820,3.284,96.50,318.00,1,0,0
2822,3.288,98.70,324.00,1,0,0
2825,3.288,99.70,328.00,1,0,0
2827,3.288,95.50,326.00,1,0,0
2830,3.288,96.30,316.00,1,0,0
2832,3.288,97.20,319.00,1,0,0
2834,3.288,99.30,318.00,1,0,0
2837,3.288,95.90,315.00,1,0,0
2839,3.288,97.80,321.00,1,0,0
2842,3.288,95.90,316.00,1,0,0
2844,3.288,95.60,315.00,1,0,0
2847,3.288,95.70,315.00,1,0,0
2849,3.284,96.00,321.00,1,0,0
2862,3.336,30.50,102.00,1,0,0
2864,3.336,30.50,102.00,1,0,0
2867,3.336,30.40,102.00,1,0,0
2869,3.332,30.40,102.00,1,0,0
2872,3.336,30.50,102.00,1,0,0
2874,3.336,30.40,102.00,1,0,0
2877,3.336,30.50,102.00,1,0,0
2879,3.336,30.40,102.00,1,0,0
2882,3.336,30.40,102.00,1,0,0
2884,3.336,30.30,102.00,1,0,0
2887,3.336,30.40,102.00,1,0,0
2889,3.336,30.40,102.00,1,0,0
2892,3.336,30.50,102.00,1,0,0
2894,3.336,30.40,102.00,1,0,0
2897,3.336,30.50,102.00,1,0,0
2899,3.336,63.00,206.00,1,0,0
2912,3.288,90.80,298.00,1,0,0
2914,3.288,88.90,292.00,1,0,0
2917,3.288,95.30,318.00,1,0,0
2919,3.288,94.90,311.00,1,0,0
2922,3.288,95.30,313.00,1,0,0
2924,3.288,97.40,318.00,1,0,0
2927,3.288,96.30,316.00,1,0,0
2929,3.288,97.00,319.00,1,0,0
2931,3.288,98.70,321.00,1,0,0
2934,3.288,96.30,316.00,1,0,0
2936,3.292,98.60,324.00,1,0,0
2939,3.288,99.30,316.00,1,0,0
2941,3.288,96.00,316.00,1,0,0
2944,3.288,96.40,316.00,1,0,0
2946,3.288,96.50,318.00,1,0,0
2949,3.288,95.80,315.00,1,0,0
2961,3.336,30.50,102.00,1,0,0
2964,3.332,30.40,102.00,1,0,0
2966,3.336,30.30,102.00,1,0,0
2969,3.336,30.40,102.00,1,0,0
2971,3.332,30.50,102.00,1,0,0
2974,3.336,30.50,102.00,1,0,0
2976,3.336,30.40,102.00,1,0,0
2979,3.336,30.50,102.00,1,0,0
2981,3.336,30.40,102.00,1,0,0
2984,3.332,30.30,102.00,1,0,0
2986,3.336,30.40,102.00,1,0,0
2989,3.336,30.50,102.00,1,0,0
2991,3.332,30.50,102.00,1,0,0
2994,3.336,30.40,102.00,1,0,0
2996,3.332,30.40,102.00,1,0,0
2998,3.336,30.50,308.00,1,0,0
3011,3.288,96.40,318.00,1,0,0
3014,3.288,97.10,319.00,1,0,0
3016,3.288,96.60,318.00,1,0,0
3019,3.288,92.50,315.00,1,0,0
3021,3.288,95.60,315.00,1,0,0
3024,3.288,97.60,321.00,1,0,0
3026,3.288,96.10,316.00,1,0,0
3028,3.288,98.30,316.00,1,0,0
3031,3.284,98.90,324.00,1,0,0
3033,3.288,96.40,316.00,1,0,0
3036,3.292,96.10,313.00,1,0,0
3038,3.288,94.70,311.00,1,0,0
3041,3.288,98.00,323.00,1,0,0
3043,3.288,96.30,318.00,1,0,0
3046,3.288,96.50,318.00,1,0,0
3048,3.288,97.60,321.00,1,0,0
3061,3.336,30.40,102.00,1,0,0
3063,3.336,31.60,102.00,1,0,0
3066,3.332,30.40,102.00,1,0,0
3068,3.336,30.40,102.00,1,0,0
3071,3.336,30.50,102.00,1,0,0
3073,3.336,30.50,102.00,1,0,0
3076,3.336,30.50,102.00,1,0,0
3078,3.336,30.40,102.00,1,0,0
3081,3.336,30.30,102.00,1,0,0
3083,3.332,30.40,102.00,1,0,0
3086,3.336,30.40,102.00,1,0,0
3088,3.336,30.50,102.00,1,0,0
3091,3.336,30.50,102.00,1,0,0
3093,3.336,30.50,102.00,1,0,0
3096,3.336,30.50,102.00,1,0,0
3098,3.336,30.40,102.00,1,0,0
3111,3.284,98.60,324.00,1,0,0
3113,3.288,95.60,315.00,1,0,0
3116,3.288,97.10,315.00,1,0,0
3118,3.288,95.90,315.00,1,0,0
3121,3.288,95.40,313.00,1,0,0
3123,3.288,96.20,318.00,1,0,0
3125,3.288,97.20,319.00,1,0,0
3128,3.288,95.60,315.00,1,0,0
3130,3.288,99.10,318.00,1,0,0
3133,3.288,95.30,313.00,1,0,0
3135,3.288,95.60,315.00,1,0,0
3138,3.284,95.70,326.00,1,0,0
3140,3.288,96.30,316.00,1,0,0
3143,3.288,96.20,316.00,1,0,0
3145,3.284,98.40,323.00,1,0,0
3148,3.288,98.70,316.00,1,0,0
3160,3.336,30.40,102.00,1,0,0
3163,3.336,30.30,102.00,1,0,0
3165,3.336,30.40,102.00,1,0,0
3168,3.336,30.40,102.00,1,0,0
3170,3.336,30.50,102.00,1,0,0
3173,3.336,30.60,102.00,1,0,0
3175,3.336,30.50,102.00,1,0,0
3178,3.336,30.40,102.00,1,0,0
3180,3.336,30.30,102.00,1,0,0
3183,3.336,30.40,102.00,1,0,0
3185,3.336,30.40,102.00,1,0,0
3188,3.336,30.60,102.00,1,0,0
3190,3.336,30.50,102.00,1,0,0
3193,3.336,30.50,102.00,1,0,0
3195,3.336,30.40,102.00,1,0,0
3197,3.336,30.30,102.00,1,0,0
3210,3.288,96.40,316.00,1,0,0
3213,3.288,96.60,316.00,1,0,0
3215,3.288,95.30,313.00,1,0,0
3218,3.292,97.60,321.00,1,0,0
3220,3.288,95.80,316.00,1,0,0
3222,3.288,95.10,313.00,1,0,0
3225,3.288,97.60,321.00,1,0,0
3227,3.288,95.30,324.00,1,0,0
3230,3.288,90.80,298.00,1,0,0
3232,3.288,98.80,324.00,1,0,0
3235,3.288,98.70,321.00,1,0,0
3237,3.288,98.10,323.00,1,0,0
3240,3.284,97.10,319.00,1,0,0
3242,3.288,99.60,316.00,1,0,0
3245,3.288,96.10,316.00,1,0,0
3247,3.288,95.90,315.00,1,0,0
3260,3.288,95.10,318.00,1,0,0
3262,3.336,30.30,102.00,1,0,0
3265,3.336,30.30,102.00,1,0,0
3267,3.332,30.40,102.00,1,0,0
3270,3.336,30.50,102.00,1,0,0
3272,3.336,30.50,102.00,1,0,0
3275,3.336,30.40,102.00,1,0,0
3277,3.336,30.50,102.00,1,0,0
3280,3.336,30.30,102.00,1,0,0
3282,3.332,30.30,102.00,1,0,0
3285,3.332,30.40,102.00,1,0,0
3287,3.336,30.50,102.00,1,0,0
3290,3.332,30.50,102.00,1,0,0
3292,3.336,30.50,102.00,1,0,0
3294,3.336,30.40,102.00,1,0,0
3297,3.336,30.30,102.00,1,0,0
3310,3.288,96.50,331.00,1,0,0
3312,3.288,89.50,295.00,1,0,0
3315,3.288,96.90,318.00,1,0,0
3317,3.288,96.90,318.00,1,0,0
3320,3.284,96.60,318.00,1,0,0
3322,3.288,96.00,315.00,1,0,0
3324,3.288,93.30,308.00,1,0,0
3327,3.288,95.30,313.00,1,0,0
3329,3.288,95.30,313.00,1,0,0
3332,3.288,97.00,315.00,1,0,0
3334,3.288,96.30,316.00,1,0,0
3337,3.288,98.70,324.00,1,0,0
3339,3.288,96.30,326.00,1,0,0
3342,3.292,98.60,324.00,1,0,0
3344,3.288,95.50,315.00,1,0,0
3347,3.288,95.80,318.00,1,0,0
3359,3.336,30.40,102.00,1,0,0
3362,3.336,30.40,102.00,1,0,0
3364,3.336,30.30,102.00,1,0,0
3367,3.336,30.40,102.00,1,0,0
3369,3.336,30.60,102.00,1,0,0
3372,3.336,30.60,102.00,1,0,0
3374,3.336,30.50,102.00,1,0,0
3377,3.336,30.50,102.00,1,0,0
3379,3.336,30.30,102.00,1,0,0
3382,3.336,30.30,102.00,1,0,0
3384,3.336,30.30,102.00,1,0,0
3387,3.336,30.60,102.00,1,0,0
3389,3.332,30.60,102.00,1,0,0
3391,3.336,30.40,102.00,1,0,0
3394,3.336,30.30,102.00,1,0,0
3396,3.336,30.30,102.00,1,0,0
3409,3.284,95.40,313.00,1,0,0
3412,3.288,95.40,321.00,1,0,0
3414,3.288,96.80,318.00,1,0,0
3417,3.288,96.80,318.00,1,0,0
3419,3.288,93.60,292.00,1,0,0
3421,3.208,91.10,300.00,1,0,0
3424,3.288,95.80,315.00,1,0,0
3426,3.288,95.80,300.00,1,0,0
3429,3.288,96.20,316.00,1,0,0
3431,3.288,97.10,319.00,1,0,0
3434,3.288,96.70,318.00,1,0,0
3436,3.288,97.30,315.00,1,0,0
3439,3.288,96.10,316.00,1,0,0
3441,3.284,96.10,316.00,1,0,0
3444,3.288,95.80,313.00,1,0,0
3446,3.288,92.50,305.00,1,0,0
3459,3.288,96.30,316.00,1,0,0
3461,3.292,95.70,315.00,1,0,0
3464,3.284,95.60,316.00,1,0,0
3466,3.288,96.30,316.00,1,0,0
3469,3.284,97.70,321.00,1,0,0
3471,3.288,97.00,324.00,1,0,0
3474,3.264,96.20,316.00,1,0,0
3476,3.288,95.70,315.00,1,0,0
3479,3.308,30.30,102.00,1,0,0
3481,3.336,30.30,102.00,1,0,0
3484,3.336,30.40,102.00,1,0,0
3486,3.336,30.50,102.00,1,0,0
3489,3.336,30.50,102.00,1,0,0
3491,3.336,30.50,102.00,1,0,0
3493,3.332,30.40,102.00,1,0,0
3496,3.336,30.40,102.00,1,0,0
3509,3.284,96.30,313.00,1,0,0
3511,3.288,99.30,326.00,1,0,0
3514,3.292,100.00,329.00,1,0,0
3516,3.288,89.40,310.00,1,0,0
3518,3.288,96.30,316.00,1,0,0
3521,3.288,99.30,326.00,1,0,0
3523,3.288,95.60,318.00,1,0,0
3526,3.288,95.70,315.00,1,0,0
3528,3.288,95.80,315.00,1,0,0
3531,3.288,95.90,328.00,1,0,0
3533,3.284,96.60,318.00,1,0,0
3536,3.288,95.50,315.00,1,0,0
3538,3.288,97.40,328.00,1,0,0
3541,3.288,99.60,328.00,1,0,0
3543,3.288,96.30,316.00,1,0,0
3546,3.288,99.10,323.00,1,0,0
3558,3.336,30.30,102.00,1,0,0
3561,3.336,30.40,102.00,1,0,0
3563,3.336,30.30,102.00,1,0,0
3566,3.336,30.40,102.00,1,0,0
3568,3.336,30.40,102.00,1,0,0
3571,3.336,30.60,102.00,1,0,0
3573,3.336,30.50,102.00,1,0,0
3576,3.336,30.40,102.00,1,0,0
3578,3.336,30.40,102.00,1,0,0
3581,3.336,30.30,102.00,1,0,0
3583,3.336,30.40,102.00,1,0,0
3586,3.336,30.50,102.00,1,0,0
3588,3.336,30.60,102.00,1,0,0
3590,3.336,30.40,102.00,1,0,0
3593,3.336,30.30,102.00,1,0,0
3595,3.336,30.40,102.00,1,0,0
3608,3.288,96.90,319.00,1,0,0
3611,3.288,99.20,326.00,1,0,0
3613,3.288,99.10,315.00,1,0,0
3616,3.288,96.00,316.00,1,0,0
3618,3.288,95.30,313.00,1,0,0
3620,3.288,90.00,301.00,1,0,0
3623,3.288,95.90,316.00,1,0,0
3625,3.288,97.70,321.00,1,0,0
3628,3.288,96.80,321.00,1,0,0
3630,3.288,95.70,315.00,1,0,0
3633,3.284,95.50,315.00,1,0,0
3635,3.288,95.40,313.00,1,0,0
3638,3.288,96.00,316.00,1,0,0
3640,3.288,96.10,316.00,1,0,0
3643,3.288,99.60,318.00,1,0,0
3645,3.284,96.30,316.00,1,0,0
3658,3.336,30.40,102.00,1,0,0
3660,3.336,30.30,102.00,1,0,0
3663,3.336,30.30,102.00,1,0,0
3665,3.336,30.50,102.00,1,0,0
3668,3.336,30.50,102.00,1,0,0
3670,3.336,30.60,102.00,1,0,0
3673,3.336,30.50,102.00,1,0,0
3675,3.336,30.40,102.00,1,0,0
3678,3.336,30.30,102.00,1,0,0
3680,3.336,30.40,102.00,1,0,0
3683,3.336,30.50,102.00,1,0,0
3685,3.336,30.50,102.00,1,0,0
3687,3.332,30.60,102.00,1,0,0
3690,3.336,30.40,102.00,1,0,0
3692,3.336,30.30,102.00,1,0,0
3695,3.336,30.40,102.00,1,0,0
3708,3.288,96.10,316.00,1,0,0
3710,3.288,100.00,329.00,1,0,0
3713,3.284,99.70,328.00,1,0,0
3715,3.288,95.50,313.00,1,0,0
3717,3.284,96.10,316.00,1,0,0
3720,3.288,98.50,324.00,1,0,0
3722,3.288,94.60,298.00,1,0,0
3725,3.284,98.40,319.00,1,0,0
3727,3.288,100.00,329.00,1,0,0
3730,3.292,99.50,328.00,1,0,0
3732,3.288,97.90,315.00,1,0,0
3735,3.288,95.70,315.00,1,0,0
3737,3.288,96.40,316.00,1,0,0
3740,3.288,98.50,319.00,1,0,0
3742,3.288,96.00,316.00,1,0,0
3745,3.284,98.20,323.00,1,0,0
3757,3.292,96.80,318.00,1,0,0
3760,3.292,99.20,102.00,1,0,0
3762,3.336,30.40,102.00,1,0,0
3765,3.336,30.50,102.00,1,0,0
3767,3.336,30.50,102.00,1,0,0
3770,3.336,30.60,102.00,1,0,0
3772,3.336,30.50,102.00,1,0,0
3775,3.336,30.30,102.00,1,0,0
3777,3.336,30.40,102.00,1,0,0
3780,3.336,30.40,102.00,1,0,0
3782,3.336,30.50,102.00,1,0,0
3785,3.336,30.50,102.00,1,0,0
3787,3.336,30.60,102.00,1,0,0
3790,3.336,30.40,102.00,1,0,0
3792,3.332,30.30,102.00,1,0,0
3794,3.336,30.30,102.00,1,0,0
3807,3.288,97.10,319.00,1,0,0
3810,3.288,98.80,324.00,1,0,0
3812,3.288,95.50,321.00,1,0,0
3815,3.288,95.90,315.00,1,0,0
3817,3.284,96.80,318.00,1,0,0
3820,3.288,96.90,316.00,1,0,0
3822,3.284,97.20,319.00,1,0,0
3824,3.288,89.60,295.00,1,0,0
3827,3.288,95.30,318.00,1,0,0
3829,3.288,95.60,315.00,1,0,0
3832,3.288,95.90,315.00,1,0,0
3834,3.284,95.80,315.00,1,0,0
3837,3.288,95.60,315.00,1,0,0
3839,3.288,96.50,318.00,1,0,0
3842,3.288,96.30,318.00,1,0,0
3844,3.288,96.30,316.00,1,0,0
3857,3.292,69.20,102.00,1,0,0
3859,3.336,30.40,102.00,1,0,0
3862,3.336,30.50,102.00,1,0,0
3864,3.336,30.50,102.00,1,0,0
3867,3.336,30.50,102.00,1,0,0
3869,3.336,30.60,102.00,1,0,0
3872,3.336,30.50,102.00,1,0,0
3874,3.336,30.40,102.00,1,0,0
3877,3.332,30.40,102.00,1,0,0
3879,3.336,30.40,102.00,1,0,0
3882,3.336,30.50,102.00,1,0,0
3884,3.336,30.50,102.00,1,0,0
3887,3.336,30.50,102.00,1,0,0
3889,3.332,30.40,102.00,1,0,0
3891,3.336,30.40,102.00,1,0,0
3894,3.336,30.30,102.00,1,0,0
3907,3.288,96.20,316.00,1,0,0
3909,3.288,97.40,319.00,1,0,0
3912,3.288,96.00,316.00,1,0,0
3914,3.288,96.40,316.00,1,0,0
3917,3.284,96.40,326.00,1,0,0
3919,3.292,96.70,318.00,1,0,0
3921,3.288,99.10,326.00,1,0,0
3924,3.292,100.20,293.00,1,0,0
3926,3.288,95.50,315.00,1,0,0
3929,3.288,96.00,316.00,1,0,0
3931,3.292,98.60,316.00,1,0,0
3934,3.288,99.00,326.00,1,0,0
3936,3.288,96.00,315.00,1,0,0
3939,3.288,96.00,316.00,1,0,0
3941,3.284,95.80,315.00,1,0,0
3944,3.288,95.50,315.00,1,0,0
3956,3.300,30.40,102.00,1,0,0
3959,3.336,30.40,102.00,1,0,0
3961,3.336,30.40,102.00,1,0,0
3964,3.336,30.50,102.00,1,0,0
3966,3.336,30.50,102.00,1,0,0
3969,3.336,30.40,102.00,1,0,0
3971,3.336,30.40,102.00,1,0,0
3974,3.336,30.40,102.00,1,0,0
3976,3.336,30.40,102.00,1,0,0
3979,3.336,30.50,102.00,1,0,0
3981,3.336,30.40,102.00,1,0,0
3984,3.336,30.50,102.00,1,0,0
3986,3.336,30.40,102.00,1,0,0
3989,3.332,30.50,102.00,1,0,0
3991,3.332,30.40,102.00,1,0,0
3994,3.336,30.50,102.00,1,0,0
4006,3.288,95.30,313.00,1,0,0
4009,3.288,95.40,313.00,1,0,0
4011,3.288,95.80,316.00,1,0,0
4014,3.288,97.00,319.00,1,0,0
4016,3.288,96.50,318.00,1,0,0
4019,3.288,99.90,319.00,1,0,0
4021,3.288,95.50,315.00,1,0,0
4024,3.288,95.70,315.00,1,0,0
4026,3.288,99.30,295.00,1,0,0
4028,3.288,96.30,316.00,1,0,0
4031,3.288,96.80,318.00,1,0,0
4033,3.284,99.30,328.00,1,0,0
4036,3.288,95.40,313.00,1,0,0
4038,3.288,95.80,315.00,1,0,0
4041,3.284,95.60,316.00,1,0,0
4043,3.288,96.10,316.00,1,0,0
4056,3.288,96.20,102.00,1,0,0
4058,3.336,30.40,102.00,1,0,0
4061,3.336,30.40,102.00,1,0,0
4063,3.336,31.50,102.00,1,0,0
4066,3.336,30.50,102.00,1,0,0
4068,3.332,30.40,102.00,1,0,0
4071,3.332,30.50,102.00,1,0,0
4073,3.336,30.40,102.00,1,0,0
4080,3.336,30.40,102.00,1,0,0
4083,3.336,30.40,102.00,1,0,0
4085,3.336,30.40,102.00,1,0,0
4088,3.336,30.50,102.00,1,0,0
4090,3.332,30.50,102.00,1,0,0
4093,3.336,30.50,102.00,1,0,0
4095,3.336,30.40,102.00,1,0,0
4098,3.336,30.50,102.00,1,0,0
4100,3.336,95.30,313.00,1,0,0
4102,3.284,95.40,313.00,1,0,0
4105,3.292,98.90,324.00,1,0,0
4107,3.288,97.00,319.00,1,0,0
4110,3.288,95.90,315.00,1,0,0
4112,3.288,96.10,315.00,1,0,0
4115,3.288,96.40,316.00,1,0,0
4117,3.288,95.50,315.00,1,0,0
4130,3.288,89.30,293.00,1,0,0
4132,3.288,95.80,316.00,1,0,0
4135,3.288,95.80,315.00,1,0,0
4137,3.288,100.20,329.00,1,0,0
4140,3.292,96.10,316.00,1,0,0
4142,3.288,95.90,315.00,1,0,0
4145,3.288,96.90,318.00,1,0,0
4147,3.288,95.60,316.00,1,0,0
4150,3.288,95.40,311.00,1,0,0
4152,3.288,97.20,319.00,1,0,0
4155,3.288,95.90,324.00,1,0,0
4157,3.308,30.50,102.00,1,0,0
4160,3.336,30.50,102.00,1,0,0
4162,3.336,30.50,102.00,1,0,0
4165,3.336,30.50,102.00,1,0,0
4167,3.336,30.40,102.00,1,0,0
4180,3.336,30.50,102.00,1,0,0
4182,3.336,30.30,102.00,1,0,0
4185,3.336,30.40,102.00,1,0,0
4187,3.336,30.50,102.00,1,0,0
4190,3.336,30.50,102.00,1,0,0
4192,3.336,30.40,102.00,1,0,0
4195,3.336,30.40,102.00,1,0,0
4197,3.336,30.40,102.00,1,0,0
4200,3.336,30.30,102.00,1,0,0
4202,3.336,30.50,102.00,1,0,0
4204,3.320,104.50,342.00,1,0,0
4207,3.284,96.10,321.00,1,0,0
4209,3.288,96.00,316.00,1,0,0
4212,3.288,97.80,321.00,1,0,0
4214,3.288,99.70,328.00,1,0,0
4217,3.292,98.10,316.00,1,0,0
4229,3.288,97.20,329.00,1,0,0
4232,3.288,89.70,295.00,1,0,0
4234,3.288,95.90,315.00,1,0,0
4237,3.288,97.90,316.00,1,0,0
4239,3.288,95.90,315.00,1,0,0
4242,3.288,96.80,318.00,1,0,0
4244,3.288,97.70,315.00,1,0,0
4247,3.288,95.90,315.00,1,0,0
4249,3.288,96.00,316.00,1,0,0
4252,3.288,96.70,316.00,1,0,0
4254,3.288,96.30,316.00,1,0,0
4257,3.264,100.20,329.00,1,0,0
4259,3.288,97.40,323.00,1,0,0
4262,3.288,30.50,102.00,1,0,0
4264,3.336,30.40,102.00,1,0,0
4267,3.336,30.30,102.00,1,0,0
4279,3.336,30.40,102.00,1,0,0
4282,3.336,30.30,102.00,1,0,0
4284,3.336,30.40,102.00,1,0,0
4287,3.332,30.40,102.00,1,0,0
4289,3.332,30.60,102.00,1,0,0
4292,3.336,30.40,102.00,1,0,0
4294,3.336,30.40,102.00,1,0,0
4297,3.336,30.40,102.00,1,0,0
4299,3.336,30.30,102.00,1,0,0
4301,3.336,30.40,102.00,1,0,0
4304,3.336,30.40,385.00,1,0,0
4306,3.276,97.40,319.00,1,0,0
4309,3.288,96.10,316.00,1,0,0
4311,3.288,98.40,315.00,1,0,0
4314,3.288,95.90,315.00,1,0,0
4316,3.288,95.80,315.00,1,0,0
4329,3.288,95.60,315.00,1,0,0
4331,3.288,95.00,313.00,1,0,0
4334,3.288,95.60,319.00,1,0,0
4336,3.292,89.70,295.00,1,0,0
4339,3.288,96.10,316.00,1,0,0
4341,3.288,96.40,315.00,1,0,0
4344,3.288,95.90,315.00,1,0,0
4346,3.288,98.30,323.00,1,0,0
4349,3.288,91.20,300.00,1,0,0
4351,3.288,96.20,316.00,1,0,0
4354,3.288,95.80,315.00,1,0,0
4356,3.288,98.30,331.00,1,0,0
4359,3.288,100.20,329.00,1,0,0
4361,3.288,96.20,316.00,1,0,0
4364,3.288,60.90,102.00,1,0,0
4366,3.336,30.30,102.00,1,0,0
4379,3.336,30.40,102.00,1,0,0
4381,3.336,30.30,102.00,1,0,0
4384,3.336,30.40,102.00,1,0,0
4386,3.336,30.40,102.00,1,0,0
4389,3.332,30.60,102.00,1,0,0
4391,3.332,30.40,102.00,1,0,0
4394,3.336,30.50,102.00,1,0,0
4396,3.336,30.30,102.00,1,0,0
4398,3.336,30.30,102.00,1,0,0
4401,3.336,30.40,102.00,1,0,0
4403,3.336,31.40,103.00,1,0,0
4406,3.288,98.40,323.00,1,0,0
4408,3.288,98.70,315.00,1,0,0
4411,3.288,95.20,313.00,1,0,0
4413,3.288,98.50,324.00,1,0,0
4416,3.288,96.90,316.00,1,0,0
4428,3.288,95.80,324.00,1,0,0
4431,3.292,96.10,316.00,1,0,0
4433,3.288,98.80,326.00,1,0,0
4436,3.288,99.90,328.00,1,0,0
4438,3.288,89.80,295.00,1,0,0
4441,3.288,100.40,329.00,1,0,0
4443,3.292,96.60,315.00,1,0,0
4446,3.292,96.10,316.00,1,0,0
4448,3.292,95.80,315.00,1,0,0
4451,3.288,92.00,313.00,1,0,0
4453,3.288,96.80,318.00,1,0,0
4456,3.288,131.70,433.00,1,0,0
4458,3.288,96.40,316.00,1,0,0
4461,3.288,95.80,190.00,1,0,0
4463,3.336,30.40,102.00,1,0,0
4466,3.336,30.40,102.00,1,0,0
4478,3.332,30.40,102.00,1,0,0
4481,3.336,30.40,102.00,1,0,0
4483,3.336,30.30,102.00,1,0,0
4486,3.336,30.50,102.00,1,0,0
4488,3.336,30.60,102.00,1,0,0
4491,3.336,30.50,102.00,1,0,0
4493,3.336,30.50,102.00,1,0,0
4496,3.336,30.40,102.00,1,0,0
4498,3.336,30.40,102.00,1,0,0
4501,3.336,30.40,102.00,1,0,0
4503,3.336,30.50,116.00,1,0,0
4505,3.288,97.10,319.00,1,0,0
4508,3.288,96.10,316.00,1,0,0
4510,3.288,95.40,326.00,1,0,0
4513,3.292,98.00,323.00,1,0,0
4515,3.288,95.80,315.00,1,0,0
4528,3.288,96.90,318.00,1,0,0
4531,3.288,96.10,316.00,1,0,0
4533,3.288,96.40,318.00,1,0,0
4535,3.288,96.00,316.00,1,0,0
4538,3.288,96.20,316.00,1,0,0
4540,3.288,89.80,331.00,1,0,0
4543,3.292,95.80,315.00,1,0,0
4545,3.288,96.10,316.00,1,0,0
4548,3.288,96.80,305.00,1,0,0
4550,3.288,88.30,290.00,1,0,0
4553,3.292,93.30,306.00,1,0,0
4555,3.288,96.30,341.00,1,0,0
4558,3.268,96.70,318.00,1,0,0
4560,3.288,95.90,315.00,1,0,0
4563,3.336,30.30,102.00,1,0,0
4565,3.336,30.30,102.00,1,0,0
4578,3.336,30.30,102.00,1,0,0
4580,3.336,30.40,102.00,1,0,0
4583,3.336,30.40,102.00,1,0,0
4585,3.336,30.50,102.00,1,0,0
4588,3.336,30.60,102.00,1,0,0
4590,3.336,30.50,102.00,1,0,0
4593,3.336,30.40,102.00,1,0,0
4595,3.336,30.30,102.00,1,0,0
4598,3.336,30.30,102.00,1,0,0
4600,3.336,30.30,102.00,1,0,0
4602,3.336,30.60,102.00,1,0,0
4605,3.292,113.20,372.00,1,0,0
4607,3.292,96.90,315.00,1,0,0
4610,3.288,96.20,316.00,1,0,0
4612,3.292,99.00,326.00,1,0,0
4615,3.292,97.10,326.00,1,0,0
4628,3.288,96.30,323.00,1,0,0
4630,3.288,97.50,321.00,1,0,0
4632,3.288,97.00,319.00,1,0,0
4635,3.288,96.60,326.00,1,0,0
4637,3.288,95.50,315.00,1,0,0
4640,3.288,95.90,315.00,1,0,0
4642,3.288,92.30,303.00,1,0,0
4645,3.288,96.50,321.00,1,0,0
4647,3.288,96.40,316.00,1,0,0
4650,3.288,96.50,318.00,1,0,0
4652,3.288,97.50,315.00,1,0,0
4655,3.284,96.00,316.00,1,0,0
4657,3.288,125.70,413.00,1,0,0
4660,3.288,97.30,326.00,1,0,0
4662,3.288,37.60,126.00,1,0,0
4665,3.336,30.40,102.00,1,0,0
4677,3.336,30.40,102.00,1,0,0
4680,3.336,30.40,102.00,1,0,0
4682,3.336,30.40,102.00,1,0,0
4685,3.336,30.50,102.00,1,0,0
4687,3.336,30.50,102.00,1,0,0
4690,3.336,30.60,102.00,1,0,0
4692,3.336,30.30,102.00,1,0,0
4695,3.336,30.30,102.00,1,0,0
4697,3.332,30.40,102.00,1,0,0
4700,3.336,30.40,102.00,1,0,0
4702,3.336,30.50,102.00,1,0,0
4704,3.336,41.90,315.00,1,0,0
4707,3.284,96.80,318.00,1,0,0
4709,3.288,96.60,318.00,1,0,0
4712,3.288,96.00,328.00,1,0,0
4714,3.288,95.10,313.00,1,0,0
4727,3.288,98.40,324.00,1,0,0
4729,3.284,96.50,318.00,1,0,0
4732,3.288,97.60,315.00,1,0,0
4734,3.288,95.80,315.00,1,0,0
4737,3.288,99.10,326.00,1,0,0
4739,3.288,96.20,318.00,1,0,0
4742,3.284,97.50,321.00,1,0,0
4744,3.288,89.50,295.00,1,0,0
4747,3.288,99.80,316.00,1,0,0
4749,3.288,98.80,324.00,1,0,0
4752,3.292,95.60,315.00,1,0,0
4754,3.288,95.90,315.00,1,0,0
4757,3.288,95.80,315.00,1,0,0
4759,3.288,95.30,313.00,1,0,0
4762,3.268,96.70,318.00,1,0,0
4764,3.288,96.60,315.00,1,0,0
4777,3.336,30.30,102.00,1,0,0
4779,3.336,30.30,102.00,1,0,0
4782,3.336,30.50,102.00,1,0,0
4784,3.336,30.50,102.00,1,0,0
4787,3.336,30.60,102.00,1,0,0
4789,3.336,30.60,102.00,1,0,0
4792,3.336,30.40,102.00,1,0,0
4794,3.336,30.40,102.00,1,0,0
4797,3.336,30.30,102.00,1,0,0
4799,3.336,30.50,102.00,1,0,0
4801,3.336,30.50,102.00,1,0,0
4804,3.336,50.20,164.00,1,0,0
4806,3.284,95.90,313.00,1,0,0
4809,3.288,96.20,316.00,1,0,0
4811,3.288,98.90,324.00,1,0,0
4814,3.288,95.70,313.00,1,0,0
4827,3.288,99.10,326.00,1,0,0
4829,3.288,95.80,315.00,1,0,0
4831,3.288,95.50,315.00,1,0,0
4834,3.288,95.60,315.00,1,0,0
4836,3.288,96.40,316.00,1,0,0
4839,3.288,96.30,316.00,1,0,0
4841,3.288,94.40,310.00,1,0,0
4844,3.288,96.40,329.00,1,0,0
4846,3.292,89.60,295.00,1,0,0
4849,3.288,94.80,311.00,1,0,0
4851,3.288,97.60,298.00,1,0,0
4854,3.288,96.40,316.00,1,0,0
4856,3.268,98.80,326.00,1,0,0
4859,3.288,97.50,315.00,1,0,0
4861,3.288,30.40,102.00,1,0,0
4864,3.336,30.40,102.00,1,0,0
4876,3.336,30.30,102.00,1,0,0
4879,3.336,30.40,102.00,1,0,0
4881,3.336,30.40,102.00,1,0,0
4884,3.336,30.40,102.00,1,0,0
4886,3.336,30.50,102.00,1,0,0
4889,3.332,30.60,102.00,1,0,0
4891,3.332,30.30,102.00,1,0,0
4894,3.336,30.40,102.00,1,0,0
4896,3.336,30.30,102.00,1,0,0
4898,3.336,30.40,102.00,1,0,0
4901,3.336,30.50,102.00,1,0,0
4903,3.336,30.50,242.00,1,0,0
4906,3.284,96.80,318.00,1,0,0
4908,3.288,95.30,313.00,1,0,0
4911,3.288,95.20,324.00,1,0,0
4913,3.288,95.80,315.00,1,0,0
4926,3.288,95.30,313.00,1,0,0
4928,3.288,95.30,313.00,1,0,0
4931,3.288,94.80,318.00,1,0,0
4933,3.292,96.00,315.00,1,0,0
4936,3.288,95.90,315.00,1,0,0
4938,3.288,97.00,319.00,1,0,0
4941,3.288,94.90,316.00,1,0,0
4943,3.284,95.50,315.00,1,0,0
4946,3.288,97.40,319.00,1,0,0
4948,3.288,96.00,297.00,1,0,0
4951,3.288,92.10,303.00,1,0,0
4953,3.284,95.80,315.00,1,0,0
4956,3.288,95.50,313.00,1,0,0
4958,3.288,97.20,319.00,1,0,0
4961,3.288,97.20,319.00,1,0,0
4963,3.288,95.60,102.00,1,0,0
4976,3.332,30.30,102.00,1,0,0
4978,3.336,30.40,102.00,1,0,0
4981,3.336,30.40,102.00,1,0,0
4983,3.336,30.50,102.00,1,0,0
4986,3.336,30.50,102.00,1,0,0
4988,3.336,30.50,102.00,1,0,0
4991,3.336,30.40,102.00,1,0,0
4993,3.336,30.30,102.00,1,0,0
4996,3.336,30.50,102.00,1,0,0
4998,3.336,30.40,102.00,1,0,0
5001,3.336,30.40,102.00,1,0,0
5003,3.336,30.50,102.00,1,0,0
5005,3.288,95.40,313.00,1,0,0
5008,3.288,95.60,313.00,1,0,0
5010,3.288,95.40,313.00,1,0,0
5013,3.288,95.40,313.00,1,0,0
5026,3.288,95.10,313.00,1,0,0
5028,3.288,95.90,315.00,1,0,0
5031,3.288,93.80,308.00,1,0,0
5033,3.288,95.80,315.00,1,0,0
5035,3.288,95.90,316.00,1,0,0
5038,3.288,95.30,313.00,1,0,0
5040,3.288,94.80,311.00,1,0,0
5043,3.288,98.00,315.00,1,0,0
5045,3.284,95.50,315.00,1,0,0
5048,3.292,95.70,315.00,1,0,0
5050,3.288,97.90,324.00,1,0,0
5053,3.288,89.80,295.00,1,0,0
5055,3.284,95.60,311.00,1,0,0
5058,3.284,97.80,313.00,1,0,0
5060,3.288,95.90,319.00,1,0,0
5063,3.336,31.50,105.00,1,0,0
5075,3.336,30.30,102.00,1,0,0
5078,3.336,30.40,102.00,1,0,0
5080,3.336,30.40,102.00,1,0,0
5083,3.336,30.40,102.00,1,0,0
5085,3.336,30.50,102.00,1,0,0
5088,3.336,30.40,102.00,1,0,0
5090,3.336,30.40,102.00,1,0,0
5093,3.336,30.30,102.00,1,0,0
5095,3.336,30.50,102.00,1,0,0
5098,3.336,30.40,102.00,1,0,0
5100,3.336,30.40,102.00,1,0,0
5103,3.336,30.40,102.00,1,0,0
5105,3.332,90.90,298.00,1,0,0
5108,3.288,95.00,313.00,1,0,0
5110,3.288,96.60,319.00,1,0,0
5112,3.284,98.90,326.00,1,0,0
5125,3.288,96.60,318.00,1,0,0
5128,3.288,95.60,315.00,1,0,0
5130,3.288,95.90,310.00,1,0,0
5133,3.288,94.60,311.00,1,0,0
5135,3.288,95.30,313.00,1,0,0
5138,3.288,95.70,315.00,1,0,0
5140,3.288,95.40,316.00,1,0,0
5142,3.288,95.80,315.00,1,0,0
5145,3.288,95.60,315.00,1,0,0
5147,3.288,95.80,328.00,1,0,0
5150,3.288,99.40,326.00,1,0,0
5152,3.288,95.50,313.00,1,0,0
5155,3.288,93.30,295.00,1,0,0
5157,3.284,94.50,311.00,1,0,0
5160,3.288,96.10,316.00,1,0,0
5162,3.288,94.50,102.00,1,0,0
5175,3.336,30.40,102.00,1,0,0
5177,3.336,30.40,102.00,1,0,0
5180,3.336,30.50,102.00,1,0,0
5182,3.336,30.50,102.00,1,0,0
5185,3.336,30.40,102.00,1,0,0
5187,3.336,30.50,102.00,1,0,0
5190,3.336,30.40,102.00,1,0,0
5192,3.336,30.40,102.00,1,0,0
5195,3.336,30.50,102.00,1,0,0
5197,3.336,30.40,102.00,1,0,0
5200,3.336,30.50,102.00,1,0,0
5202,3.336,30.40,102.00,1,0,0
5205,3.328,110.20,362.00,1,0,0
5207,3.284,95.70,311.00,1,0,0
5209,3.288,95.60,315.00,1,0,0
5212,3.288,99.30,328.00,1,0,0
5225,3.288,95.00,313.00,1,0,0
5227,3.288,95.70,315.00,1,0,0
5230,3.288,97.00,319.00,1,0,0
5232,3.288,96.20,316.00,1,0,0
5235,3.288,95.30,313.00,1,0,0
5237,3.288,100.00,329.00,1,0,0
5239,3.288,95.50,315.00,1,0,0
5242,3.288,95.80,321.00,1,0,0
5244,3.288,98.40,323.00,1,0,0
5247,3.288,95.40,313.00,1,0,0
5249,3.288,99.10,315.00,1,0,0
5252,3.288,95.70,315.00,1,0,0
5254,3.288,96.00,316.00,1,0,0
5257,3.276,96.30,316.00,1,0,0
5259,3.288,89.80,295.00,1,0,0
5262,3.288,30.40,102.00,1,0,0
5274,3.336,30.50,102.00,1,0,0
5277,3.336,30.50,102.00,1,0,0
5279,3.336,30.40,102.00,1,0,0
5282,3.336,30.40,102.00,1,0,0
5284,3.336,30.40,102.00,1,0,0
5287,3.332,30.40,102.00,1,0,0
5289,3.336,30.50,102.00,1,0,0
5292,3.336,30.40,102.00,1,0,0
5294,3.336,30.40,102.00,1,0,0
5297,3.332,30.50,102.00,1,0,0
5299,3.336,30.40,102.00,1,0,0
5302,3.336,30.30,102.00,1,0,0
5304,3.336,96.20,316.00,1,0,0
5307,3.284,106.30,349.00,1,0,0
5309,3.284,95.60,316.00,1,0,0
5312,3.288,95.90,315.00,1,0,0
5324,3.288,95.30,313.00,1,0,0
5327,3.288,95.30,313.00,1,0,0
5329,3.288,95.30,313.00,1,0,0
5332,3.288,95.50,313.00,1,0,0
5334,3.292,95.60,315.00,1,0,0
5337,3.284,95.80,315.00,1,0,0
5339,3.288,95.90,313.00,1,0,0
5342,3.284,95.40,313.00,1,0,0
5344,3.288,98.90,324.00,1,0,0
5346,3.288,98.90,313.00,1,0,0
5349,3.288,95.50,315.00,1,0,0
5351,3.288,96.10,316.00,1,0,0
5354,3.288,96.10,316.00,1,0,0
5356,3.288,96.00,316.00,1,0,0
5359,3.284,89.70,295.00,1,0,0
5361,3.288,95.80,316.00,1,0,0
5374,3.288,93.90,102.00,1,0,0
5376,3.332,30.40,102.00,1,0,0
5379,3.336,30.50,102.00,1,0,0
5381,3.336,30.50,102.00,1,0,0
5384,3.336,30.40,102.00,1,0,0
5386,3.332,30.40,102.00,1,0,0
5389,3.332,30.50,102.00,1,0,0
5391,3.336,30.50,102.00,1,0,0
5394,3.336,30.40,102.00,1,0,0
5396,3.336,30.40,102.00,1,0,0
5399,3.336,30.30,102.00,1,0,0
5401,3.336,30.40,102.00,1,0,0
5404,3.336,30.50,102.00,1,0,0
5406,3.284,93.20,316.00,1,0,0
5409,3.288,95.80,315.00,1,0,0
5411,3.288,95.50,315.00,1,0,0
5424,3.288,97.00,319.00,1,0,0
5426,3.288,89.90,313.00,1,0,0
5429,3.288,95.50,315.00,1,0,0
5431,3.288,95.50,315.00,1,0,0
5434,3.284,95.80,315.00,1,0,0
5436,3.288,95.10,313.00,1,0,0
5439,3.288,95.70,315.00,1,0,0
5441,3.284,95.70,315.00,1,0,0
5443,3.288,94.40,310.00,1,0,0
5446,3.288,93.50,308.00,1,0,0
5448,3.288,94.80,311.00,1,0,0
5451,3.288,95.90,316.00,1,0,0
5453,3.288,95.70,315.00,1,0,0
5456,3.288,98.50,321.00,1,0,0
5458,3.288,94.70,313.00,1,0,0
5461,3.288,90.50,301.00,1,0,0
5473,3.336,95.60,315.00,1,0,0
5476,3.312,30.50,102.00,1,0,0
5478,3.336,30.50,102.00,1,0,0
5481,3.336,30.30,102.00,1,0,0
5483,3.336,30.30,102.00,1,0,0
5486,3.336,30.40,102.00,1,0,0
5488,3.332,30.60,102.00,1,0,0
5491,3.336,30.40,102.00,1,0,0
5493,3.332,30.50,102.00,1,0,0
5496,3.336,30.50,102.00,1,0,0
5498,3.332,30.30,102.00,1,0,0
5501,3.336,30.40,102.00,1,0,0
5503,3.332,30.50,102.00,1,0,0
5506,3.312,95.40,313.00,1,0,0
5508,3.288,93.00,311.00,1,0,0
5511,3.288,95.50,315.00,1,0,0
5523,3.288,95.40,313.00,1,0,0
5526,3.288,98.50,324.00,1,0,0
5528,3.288,95.20,313.00,1,0,0
5531,3.288,95.70,315.00,1,0,0
5533,3.284,96.30,316.00,1,0,0
5536,3.284,95.80,315.00,1,0,0
5538,3.288,95.50,321.00,1,0,0
5540,3.288,96.20,316.00,1,0,0
5543,3.284,95.40,313.00,1,0,0
5545,3.288,95.50,313.00,1,0,0
5548,3.284,94.80,311.00,1,0,0
5550,3.288,95.60,315.00,1,0,0
5553,3.288,95.90,318.00,1,0,0
5555,3.288,131.20,431.00,1,0,0
5558,3.288,93.30,306.00,1,0,0
5560,3.288,95.40,206.00,1,0,0
5573,3.336,30.60,102.00,1,0,0
5575,3.336,32.00,313.00,1,0,0
5578,3.284,30.50,102.00,1,0,0
5580,3.336,30.40,102.00,1,0,0
5583,3.336,30.40,102.00,1,0,0
5585,3.336,30.50,102.00,1,0,0
5588,3.336,30.60,102.00,1,0,0
5590,3.336,30.50,102.00,1,0,0
5593,3.336,30.40,102.00,1,0,0
5595,3.332,30.40,102.00,1,0,0
5598,3.336,30.30,102.00,1,0,0
5600,3.336,30.40,102.00,1,0,0
5603,3.336,30.40,102.00,1,0,0
5605,3.304,114.40,298.00,1,0,0
5608,3.284,94.60,311.00,1,0,0
5610,3.288,95.80,315.00,1,0,0
5623,3.288,95.40,313.00,1,0,0
5625,3.288,95.40,313.00,1,0,0
5628,3.284,95.80,315.00,1,0,0
5630,3.288,94.50,311.00,1,0,0
5633,3.288,98.50,324.00,1,0,0
5635,3.288,95.60,315.00,1,0,0
5638,3.288,95.50,315.00,1,0,0
5640,3.288,95.50,315.00,1,0,0
5642,3.288,95.60,315.00,1,0,0
5645,3.288,95.80,315.00,1,0,0
5647,3.288,95.50,313.00,1,0,0
5650,3.288,94.80,315.00,1,0,0
5652,3.284,96.30,316.00,1,0,0
5655,3.288,95.30,313.00,1,0,0
5657,3.264,94.80,310.00,1,0,0
5660,3.288,95.80,315.00,1,0,0
5672,3.336,30.50,102.00,1,0,0
5675,3.336,30.50,102.00,1,0,0
5677,3.336,30.40,313.00,1,0,0
5680,3.288,94.90,208.00,1,0,0
5682,3.332,30.40,102.00,1,0,0
5685,3.336,30.40,102.00,1,0,0
5687,3.336,30.60,102.00,1,0,0
5690,3.336,30.50,102.00,1,0,0
5692,3.336,30.50,102.00,1,0,0
5695,3.336,30.40,102.00,1,0,0
5697,3.336,30.30,102.00,1,0,0
5700,3.336,30.40,102.00,1,0,0
5702,3.336,30.40,102.00,1,0,0
5705,3.336,97.90,321.00,1,0,0
5707,3.288,95.00,313.00,1,0,0
5709,3.288,96.20,315.00,1,0,0
5722,3.288,95.60,315.00,1,0,0
5725,3.288,97.20,319.00,1,0,0
5727,3.288,99.20,326.00,1,0,0
5730,3.284,95.40,318.00,1,0,0
5732,3.288,95.70,315.00,1,0,0
5735,3.288,95.40,313.00,1,0,0
5737,3.288,95.40,316.00,1,0,0
5739,3.288,95.60,316.00,1,0,0
5742,3.288,95.50,315.00,1,0,0
5744,3.288,95.40,313.00,1,0,0
5747,3.288,95.10,298.00,1,0,0
5749,3.288,95.40,313.00,1,0,0
5752,3.288,96.10,316.00,1,0,0
5754,3.288,96.10,315.00,1,0,0
5757,3.284,95.10,313.00,1,0,0
5759,3.284,96.60,318.00,1,0,0
5772,3.332,30.50,102.00,1,0,0
5774,3.336,30.50,102.00,1,0,0
5777,3.336,30.30,102.00,1,0,0
5779,3.336,30.30,100.00,1,0,0
5782,3.288,95.30,152.00,1,0,0
5784,3.336,30.50,102.00,1,0,0
5787,3.336,30.50,102.00,1,0,0
5789,3.336,30.50,102.00,1,0,0
5792,3.336,30.40,102.00,1,0,0
5794,3.336,30.30,102.00,1,0,0
5797,3.336,30.30,102.00,1,0,0
5799,3.336,30.30,102.00,1,0,0
5802,3.336,30.60,102.00,1,0,0
5804,3.336,38.90,128.00,1,0,0
5807,3.284,95.60,313.00,1,0,0
5809,3.288,95.80,315.00,1,0,0
5822,3.288,95.50,315.00,1,0,0
5824,3.288,95.90,315.00,1,0,0
5827,3.288,95.70,313.00,1,0,0
5829,3.288,95.30,313.00,1,0,0
5832,3.288,95.40,313.00,1,0,0
5834,3.288,95.40,319.00,1,0,0
5836,3.284,97.50,321.00,1,0,0
5839,3.288,97.00,319.00,1,0,0
5841,3.288,95.10,316.00,1,0,0
5844,3.288,101.90,334.00,1,0,0
5846,3.288,95.20,313.00,1,0,0
5849,3.288,95.20,313.00,1,0,0
5851,3.288,95.60,315.00,1,0,0
5854,3.284,95.70,315.00,1,0,0
5856,3.284,126.70,315.00,1,0,0
5859,3.288,95.20,313.00,1,0,0
5871,3.336,30.60,102.00,1,0,0
5874,3.336,30.50,102.00,1,0,0
5876,3.336,30.40,102.00,1,0,0
5879,3.336,30.40,102.00,1,0,0
5881,3.336,30.40,102.00,1,0,0
5884,3.288,95.40,313.00,1,0,0
5886,3.292,30.60,102.00,1,0,0
5889,3.336,30.50,102.00,1,0,0
5891,3.336,30.30,102.00,1,0,0
5894,3.332,30.30,102.00,1,0,0
5896,3.336,30.30,102.00,1,0,0
5899,3.336,30.30,102.00,1,0,0
5901,3.336,30.40,102.00,1,0,0
5904,3.336,43.00,141.00,1,0,0
5906,3.284,91.00,298.00,1,0,0
5909,3.284,95.60,316.00,1,0,0
5921,3.288,95.90,316.00,1,0,0
5924,3.284,95.40,313.00,1,0,0
5926,3.288,98.60,324.00,1,0,0
5929,3.288,98.60,324.00,1,0,0
5931,3.284,95.60,315.00,1,0,0
5934,3.288,96.30,316.00,1,0,0
5936,3.288,96.40,316.00,1,0,0
5939,3.288,96.20,316.00,1,0,0
5941,3.288,95.30,313.00,1,0,0
5943,3.288,96.20,316.00,1,0,0
5946,3.288,96.40,316.00,1,0,0
5948,3.288,98.70,324.00,1,0,0
5951,3.288,98.80,324.00,1,0,0
5953,3.288,96.30,316.00,1,0,0
5956,3.284,95.50,311.00,1,0,0
5958,3.288,95.60,315.00,1,0,0
5971,3.336,30.60,102.00,1,0,0
5973,3.336,30.50,102.00,1,0,0
5976,3.336,30.30,102.00,1,0,0
5978,3.332,30.30,102.00,1,0,0
5981,3.336,30.40,102.00,1,0,0
5983,3.336,30.50,102.00,1,0,0
5986,3.336,95.40,313.00,1,0,0
5988,3.328,30.60,102.00,1,0,0
5991,3.336,30.40,102.00,1,0,0
5993,3.332,30.30,102.00,1,0,0
5996,3.336,30.40,102.00,1,0,0
5998,3.332,30.40,102.00,1,0,0
6001,3.336,30.40,102.00,1,0,0
6003,3.336,30.50,102.00,1,0,0
6006,3.272,91.00,313.00,1,0,0
6008,3.288,95.30,313.00,1,0,0
6021,3.284,96.00,316.00,1,0,0
6023,3.288,95.60,315.00,1,0,0
6026,3.284,95.30,313.00,1,0,0
6028,3.288,95.20,313.00,1,0,0
6031,3.288,95.60,315.00,1,0,0
6033,3.284,95.40,315.00,1,0,0
6036,3.288,95.30,313.00,1,0,0
6038,3.288,95.50,315.00,1,0,0
6041,3.284,94.80,313.00,1,0,0
6043,3.288,95.20,313.00,1,0,0
6045,3.288,95.40,313.00,1,0,0
6048,3.284,95.20,313.00,1,0,0
6050,3.288,95.30,310.00,1,0,0
6053,3.284,100.30,329.00,1,0,0
6055,3.288,95.30,311.00,1,0,0
6058,3.288,95.60,315.00,1,0,0
6070,3.336,30.50,102.00,1,0,0
6073,3.336,30.40,102.00,1,0,0
6075,3.336,30.30,102.00,1,0,0
6082,3.336,30.50,102.00,1,0,0
6085,3.336,30.50,102.00,1,0,0
6087,3.336,45.60,151.00,1,0,0
6090,3.288,91.00,102.00,1,0,0
6092,3.336,30.30,102.00,1,0,0
6095,3.336,30.40,102.00,1,0,0
6097,3.336,30.40,102.00,1,0,0
6100,3.340,30.50,102.00,1,0,0
6102,3.336,30.50,102.00,1,0,0
6104,3.336,78.80,298.00,1,0,0
6107,3.288,95.00,313.00,1,0,0
6109,3.288,98.70,324.00,1,0,0
6112,3.288,95.50,315.00,1,0,0
6114,3.288,95.50,315.00,1,0,0
6117,3.288,96.00,316.00,1,0,0
6119,3.288,96.20,316.00,1,0,0
6132,3.288,95.80,315.00,1,0,0
6134,3.292,95.80,326.00,1,0,0
6137,3.288,95.50,315.00,1,0,0
6139,3.288,95.30,313.00,1,0,0
6142,3.288,95.60,313.00,1,0,0
6144,3.288,97.10,319.00,1,0,0
6147,3.288,96.90,318.00,1,0,0
6149,3.288,95.80,315.00,1,0,0
6152,3.288,97.00,319.00,1,0,0
6154,3.288,95.40,313.00,1,0,0
6157,3.276,114.50,315.00,1,0,0
6159,3.288,95.80,315.00,1,0,0
6162,3.292,30.40,102.00,1,0,0
6164,3.332,30.50,102.00,1,0,0
6167,3.336,30.40,102.00,1,0,0
6169,3.336,30.50,102.00,1,0,0
6182,3.336,30.40,102.00,1,0,0
6184,3.336,30.50,102.00,1,0,0
6187,3.336,30.60,102.00,1,0,0
6189,3.336,31.40,103.00,1,0,0
6192,3.288,92.00,303.00,1,0,0
6194,3.336,30.40,102.00,1,0,0
6197,3.336,30.40,102.00,1,0,0
6199,3.336,30.40,102.00,1,0,0
6201,3.336,30.50,102.00,1,0,0
6204,3.336,30.50,102.00,1,0,0
6206,3.332,30.40,102.00,1,0,0
6209,3.336,30.30,382.00,1,0,0
6211,3.288,95.90,315.00,1,0,0
6214,3.284,95.70,315.00,1,0,0
6216,3.284,96.90,313.00,1,0,0
6219,3.288,97.20,319.00,1,0,0
6231,3.284,95.40,313.00,1,0,0
6234,3.288,95.40,313.00,1,0,0
6236,3.288,95.40,313.00,1,0,0
6239,3.288,97.90,313.00,1,0,0
6241,3.288,96.50,318.00,1,0,0
6244,3.292,98.00,321.00,1,0,0
6246,3.292,97.90,315.00,1,0,0
6249,3.284,95.30,313.00,1,0,0
6251,3.288,95.40,313.00,1,0,0
6254,3.288,95.40,313.00,1,0,0
6256,3.288,95.30,313.00,1,0,0
6259,3.288,97.10,319.00,1,0,0
6261,3.288,130.80,315.00,1,0,0
6264,3.288,95.80,315.00,1,0,0
6266,3.288,64.20,215.00,1,0,0
6269,3.336,30.50,102.00,1,0,0
6281,3.336,30.50,102.00,1,0,0
6284,3.336,30.50,102.00,1,0,0
6286,3.336,30.40,102.00,1,0,0
6289,3.336,30.40,102.00,1,0,0
6291,3.336,30.40,100.00,1,0,0
6294,3.288,92.80,305.00,1,0,0
6296,3.336,30.50,102.00,1,0,0
6299,3.336,30.50,102.00,1,0,0
6301,3.332,30.50,102.00,1,0,0
6304,3.336,30.40,102.00,1,0,0
6306,3.336,30.40,102.00,1,0,0
6308,3.336,30.30,100.00,1,0,0
6311,3.288,96.00,328.00,1,0,0
6313,3.284,95.70,316.00,1,0,0
6316,3.288,100.40,331.00,1,0,0
6318,3.288,96.50,318.00,1,0,0
6331,3.288,95.80,315.00,1,0,0
6333,3.284,95.40,313.00,1,0,0
6336,3.288,97.10,319.00,1,0,0
6338,3.284,95.80,315.00,1,0,0
6341,3.288,95.30,315.00,1,0,0
6343,3.288,96.20,316.00,1,0,0
6346,3.288,97.40,319.00,1,0,0
6348,3.288,95.30,316.00,1,0,0
6351,3.288,94.60,311.00,1,0,0
6353,3.288,98.20,323.00,1,0,0
6356,3.288,96.80,319.00,1,0,0
6358,3.288,98.40,323.00,1,0,0
6361,3.288,104.10,341.00,1,0,0
6363,3.288,96.20,315.00,1,0,0
6366,3.284,99.60,333.00,1,0,0
6368,3.336,30.40,102.00,1,0,0
6381,3.336,30.50,102.00,1,0,0
6383,3.332,30.50,102.00,1,0,0
6386,3.336,30.40,102.00,1,0,0
6388,3.336,30.50,102.00,1,0,0
6391,3.336,30.40,102.00,1,0,0
6393,3.336,30.40,102.00,1,0,0
6396,3.324,93.90,308.00,1,0,0
6398,3.284,31.60,105.00,1,0,0
6401,3.336,30.40,102.00,1,0,0
6403,3.336,30.50,102.00,1,0,0
6406,3.332,30.40,102.00,1,0,0
6408,3.336,30.40,102.00,1,0,0
6411,3.292,96.60,318.00,1,0,0
6413,3.292,95.30,313.00,1,0,0
6415,3.288,95.90,313.00,1,0,0
6418,3.288,95.30,313.00,1,0,0
6431,3.284,95.80,315.00,1,0,0
6433,3.284,95.70,315.00,1,0,0
6436,3.288,96.30,316.00,1,0,0
6438,3.288,95.50,315.00,1,0,0
6440,3.288,95.50,313.00,1,0,0
6443,3.284,99.30,315.00,1,0,0
6445,3.288,96.30,326.00,1,0,0
6448,3.288,88.60,292.00,1,0,0
6450,3.288,95.50,315.00,1,0,0
6453,3.288,95.70,315.00,1,0,0
6455,3.284,95.70,315.00,1,0,0
6458,3.284,96.00,316.00,1,0,0
6460,3.284,95.40,429.00,1,0,0
6463,3.288,95.60,315.00,1,0,0
6465,3.288,99.20,326.00,1,0,0
6468,3.336,30.40,102.00,1,0,0
6480,3.336,30.50,102.00,1,0,0
6483,3.336,30.40,102.00,1,0,0
6485,3.336,30.40,102.00,1,0,0
6488,3.332,30.40,102.00,1,0,0
6490,3.332,30.40,102.00,1,0,0
6493,3.332,30.50,102.00,1,0,0
6495,3.336,30.40,102.00,1,0,0
6498,3.332,95.60,315.00,1,0,0
6500,3.288,75.30,251.00,1,0,0
6503,3.336,30.50,102.00,1,0,0
6505,3.336,30.40,102.00,1,0,0
6508,3.332,30.50,102.00,1,0,0
6510,3.312,116.30,313.00,1,0,0
6513,3.288,97.40,319.00,1,0,0
6515,3.288,95.50,315.00,1,0,0
6518,3.284,95.50,315.00,1,0,0
6530,3.288,95.50,315.00,1,0,0
6533,3.284,95.60,313.00,1,0,0
6535,3.288,95.50,313.00,1,0,0
6538,3.284,95.60,315.00,1,0,0
6540,3.284,100.00,316.00,1,0,0
6543,3.288,95.40,313.00,1,0,0
6545,3.284,96.90,318.00,1,0,0
6547,3.288,96.20,316.00,1,0,0
6550,3.288,98.90,324.00,1,0,0
6552,3.288,96.20,316.00,1,0,0
6555,3.284,98.60,313.00,1,0,0
6557,3.284,95.90,315.00,1,0,0
6560,3.288,96.90,318.00,1,0,0
6562,3.268,95.60,342.00,1,0,0
6565,3.288,95.30,313.00,1,0,0
6567,3.328,30.40,102.00,1,0,0
6580,3.336,30.40,102.00,1,0,0
6582,3.336,30.30,102.00,1,0,0
6585,3.332,30.40,102.00,1,0,0
6587,3.336,30.40,102.00,1,0,0
6590,3.336,30.40,102.00,1,0,0
6592,3.336,30.40,102.00,1,0,0
6595,3.336,30.50,102.00,1,0,0
6597,3.336,30.40,102.00,1,0,0
6600,3.336,66.80,315.00,1,0,0
6602,3.288,30.40,102.00,1,0,0
6605,3.336,30.50,102.00,1,0,0
6607,3.336,30.40,102.00,1,0,0
6610,3.336,95.60,315.00,1,0,0
6612,3.288,93.80,308.00,1,0,0
6615,3.288,96.60,315.00,1,0,0
6617,3.288,97.70,321.00,1,0,0
6630,3.288,96.40,316.00,1,0,0
6632,3.288,96.40,316.00,1,0,0
6635,3.284,100.60,331.00,1,0,0
6637,3.284,93.80,313.00,1,0,0
6640,3.284,96.00,315.00,1,0,0
6642,3.284,95.40,313.00,1,0,0
6644,3.288,95.70,316.00,1,0,0
6647,3.288,96.20,316.00,1,0,0
6649,3.284,95.70,315.00,1,0,0
6652,3.288,95.40,315.00,1,0,0
6654,3.288,100.40,329.00,1,0,0
6657,3.288,96.60,318.00,1,0,0
6659,3.288,95.40,315.00,1,0,0
6662,3.288,101.70,333.00,1,0,0
6664,3.288,94.60,311.00,1,0,0
6667,3.284,95.70,303.00,1,0,0
6679,3.336,30.50,102.00,1,0,0
6682,3.336,30.30,102.00,1,0,0
6684,3.336,30.30,102.00,1,0,0
6687,3.332,30.50,102.00,1,0,0
6689,3.336,30.50,102.00,1,0,0
6692,3.336,30.50,102.00,1,0,0
6694,3.336,30.40,102.00,1,0,0
6697,3.332,30.40,102.00,1,0,0
6699,3.336,30.30,102.00,1,0,0
6702,3.336,42.10,138.00,1,0,0
6704,3.284,95.10,206.00,1,0,0
6707,3.336,30.50,102.00,1,0,0
6709,3.336,41.40,136.00,1,0,0
6712,3.284,96.10,316.00,1,0,0
6714,3.288,97.30,319.00,1,0,0
6716,3.288,88.70,292.00,1,0,0
6729,3.284,95.70,315.00,1,0,0
6732,3.288,95.50,316.00,1,0,0
6734,3.284,95.50,315.00,1,0,0
6737,3.288,95.80,315.00,1,0,0
6739,3.288,95.90,315.00,1,0,0
6741,3.288,95.60,315.00,1,0,0
6744,3.288,97.10,319.00,1,0,0
6746,3.284,95.90,311.00,1,0,0
6749,3.284,95.50,313.00,1,0,0
6751,3.284,95.20,313.00,1,0,0
6754,3.288,95.60,315.00,1,0,0
6756,3.288,95.50,316.00,1,0,0
6759,3.288,97.10,319.00,1,0,0
6761,3.272,103.60,341.00,1,0,0
6764,3.284,95.40,316.00,1,0,0
6766,3.288,30.40,102.00,1,0,0
6779,3.336,30.40,102.00,1,0,0
6781,3.336,30.40,102.00,1,0,0
6784,3.336,30.30,102.00,1,0,0
6786,3.336,30.50,102.00,1,0,0
6789,3.336,30.50,102.00,1,0,0
6791,3.336,30.50,102.00,1,0,0
6794,3.336,30.50,102.00,1,0,0
6796,3.336,30.30,102.00,1,0,0
6799,3.336,30.30,102.00,1,0,0
6801,3.336,30.40,102.00,1,0,0
6804,3.336,31.00,102.00,1,0,0
6806,3.292,30.60,102.00,1,0,0
6809,3.336,48.30,157.00,1,0,0
6811,3.272,95.60,315.00,1,0,0
6813,3.288,95.40,313.00,1,0,0
6816,3.288,95.60,326.00,1,0,0
6829,3.288,99.20,326.00,1,0,0
6831,3.284,98.80,324.00,1,0,0
6834,3.284,96.70,318.00,1,0,0
6836,3.284,96.40,316.00,1,0,0
6839,3.288,95.90,315.00,1,0,0
6841,3.284,96.30,316.00,1,0,0
6843,3.288,95.60,315.00,1,0,0
6846,3.284,99.00,324.00,1,0,0
6848,3.288,95.30,313.00,1,0,0
6851,3.284,95.40,329.00,1,0,0
6853,3.288,96.30,316.00,1,0,0
6856,3.288,98.20,323.00,1,0,0
6858,3.292,95.90,324.00,1,0,0
6861,3.288,101.40,333.00,1,0,0
6863,3.288,98.80,324.00,1,0,0
6866,3.288,95.30,102.00,1,0,0
6878,3.332,30.40,102.00,1,0,0
6881,3.336,30.30,102.00,1,0,0
6883,3.336,30.30,102.00,1,0,0
6886,3.336,30.50,102.00,1,0,0
6888,3.332,30.60,102.00,1,0,0
6891,3.336,30.50,102.00,1,0,0
6893,3.336,30.40,102.00,1,0,0
6896,3.336,30.30,102.00,1,0,0
6898,3.336,30.30,102.00,1,0,0
6901,3.336,30.40,102.00,1,0,0
6903,3.336,30.60,102.00,1,0,0
6906,3.336,30.50,102.00,1,0,0
6908,3.284,91.30,300.00,1,0,0
6910,3.284,95.20,313.00,1,0,0
6913,3.284,99.00,326.00,1,0,0
6915,3.288,95.10,313.00,1,0,0
6928,3.288,95.50,315.00,1,0,0
6931,3.288,97.10,319.00,1,0,0
6933,3.288,96.00,315.00,1,0,0
6936,3.288,96.30,316.00,1,0,0
6938,3.288,96.40,316.00,1,0,0
6940,3.288,96.00,319.00,1,0,0
6943,3.288,95.50,313.00,1,0,0
6945,3.288,96.10,316.00,1,0,0
6948,3.288,96.10,310.00,1,0,0
6950,3.288,94.20,310.00,1,0,0
6953,3.288,95.50,315.00,1,0,0
6955,3.288,95.60,315.00,1,0,0
6958,3.284,96.00,315.00,1,0,0
6960,3.288,95.70,315.00,1,0,0
6963,3.264,95.40,315.00,1,0,0
6965,3.288,95.30,313.00,1,0,0
6978,3.336,30.40,102.00,1,0,0
6980,3.336,30.30,102.00,1,0,0
6983,3.336,30.30,102.00,1,0,0
6985,3.336,30.60,102.00,1,0,0
6988,3.336,30.60,102.00,1,0,0
6990,3.336,30.50,102.00,1,0,0
6993,3.336,30.40,102.00,1,0,0
6995,3.332,30.40,102.00,1,0,0
6998,3.336,30.40,102.00,1,0,0
7000,3.336,30.30,102.00,1,0,0
7003,3.336,30.50,102.00,1,0,0
7005,3.332,30.60,102.00,1,0,0
7008,3.336,30.40,102.00,1,0,0
7010,3.328,115.40,378.00,1,0,0
7012,3.288,91.30,300.00,1,0,0
7015,3.284,93.50,315.00,1,0,0
7028,3.284,95.50,315.00,1,0,0
7030,3.288,96.30,316.00,1,0,0
7033,3.284,95.30,313.00,1,0,0
7035,3.284,96.20,316.00,1,0,0
7037,3.284,95.50,315.00,1,0,0
7040,3.288,95.70,315.00,1,0,0
7042,3.288,96.10,323.00,1,0,0
7045,3.288,99.80,315.00,1,0,0
7047,3.288,95.50,313.00,1,0,0
7050,3.288,99.60,328.00,1,0,0
7052,3.288,95.40,313.00,1,0,0
7055,3.288,96.70,318.00,1,0,0
7057,3.284,97.10,319.00,1,0,0
7060,3.288,98.00,324.00,1,0,0
7062,3.288,97.40,319.00,1,0,0
7065,3.268,95.40,313.00,1,0,0
7077,3.336,30.30,102.00,1,0,0
7080,3.336,30.40,102.00,1,0,0
7082,3.332,30.50,102.00,1,0,0
7085,3.336,30.50,102.00,1,0,0
7087,3.336,30.60,102.00,1,0,0
7090,3.336,30.50,102.00,1,0,0
7092,3.336,30.30,102.00,1,0,0
7095,3.336,30.30,102.00,1,0,0
7097,3.336,30.30,102.00,1,0,0
7100,3.336,30.50,102.00,1,0,0
7102,3.336,30.50,102.00,1,0,0
7105,3.336,30.60,102.00,1,0,0
7107,3.336,30.40,102.00,1,0,0
7109,3.332,101.20,333.00,1,0,0
7112,3.284,96.80,315.00,1,0,0
7114,3.284,93.60,308.00,1,0,0
7127,3.288,100.00,328.00,1,0,0
7130,3.288,99.90,328.00,1,0,0
7132,3.284,95.30,315.00,1,0,0
7134,3.292,95.00,313.00,1,0,0
7137,3.288,96.40,316.00,1,0,0
7139,3.288,95.90,321.00,1,0,0
7142,3.288,97.40,319.00,1,0,0
7144,3.288,95.30,313.00,1,0,0
7147,3.288,99.00,315.00,1,0,0
7149,3.284,95.80,315.00,1,0,0
7152,3.288,96.80,318.00,1,0,0
7154,3.284,95.80,315.00,1,0,0
7157,3.284,96.80,318.00,1,0,0
7159,3.284,95.20,313.00,1,0,0
7162,3.264,95.40,315.00,1,0,0
7164,3.288,95.40,313.00,1,0,0
7177,3.336,30.40,102.00,1,0,0
7179,3.336,30.30,102.00,1,0,0
7182,3.336,30.40,102.00,1,0,0
7184,3.336,30.50,102.00,1,0,0
7187,3.336,30.50,102.00,1,0,0
7189,3.332,30.50,102.00,1,0,0
7192,3.336,30.30,102.00,1,0,0
7194,3.336,30.40,102.00,1,0,0
7197,3.336,30.40,102.00,1,0,0
7199,3.336,30.40,102.00,1,0,0
7202,3.336,30.60,102.00,1,0,0
7204,3.336,30.60,102.00,1,0,0
7207,3.336,30.40,102.00,1,0,0
7209,3.332,107.00,352.00,1,0,0
7212,3.288,95.20,313.00,1,0,0
7214,3.288,97.90,315.00,1,0,0
7227,3.288,98.00,321.00,1,0,0
7229,3.288,95.10,313.00,1,0,0
7232,3.288,95.70,315.00,1,0,0
7234,3.292,95.80,315.00,1,0,0
7237,3.288,97.70,315.00,1,0,0
7239,3.288,96.60,318.00,1,0,0
7241,3.288,99.00,326.00,1,0,0
7244,3.284,95.50,316.00,1,0,0
7246,3.288,96.10,316.00,1,0,0
7249,3.288,97.40,319.00,1,0,0
7251,3.284,96.30,315.00,1,0,0
7254,3.288,96.30,316.00,1,0,0
7256,3.288,95.70,315.00,1,0,0
7259,3.288,99.10,315.00,1,0,0
7261,3.288,95.70,315.00,1,0,0
7264,3.288,98.50,324.00,1,0,0
7276,3.332,30.30,102.00,1,0,0
7279,3.336,30.30,102.00,1,0,0
7281,3.336,30.50,102.00,1,0,0
7284,3.336,30.50,102.00,1,0,0
7286,3.336,30.50,102.00,1,0,0
7289,3.336,30.40,102.00,1,0,0
7291,3.336,30.40,102.00,1,0,0
7294,3.332,30.30,102.00,1,0,0
7296,3.336,30.40,102.00,1,0,0
7299,3.336,30.50,102.00,1,0,0
7301,3.336,30.50,102.00,1,0,0
7304,3.336,30.50,102.00,1,0,0
7306,3.336,30.40,102.00,1,0,0
7309,3.332,30.30,102.00,1,0,0
7311,3.284,95.50,326.00,1,0,0
7313,3.288,96.30,316.00,1,0,0
7326,3.288,95.80,315.00,1,0,0
7329,3.292,96.80,318.00,1,0,0
7331,3.288,95.80,315.00,1,0,0
7334,3.284,97.80,321.00,1,0,0
7336,3.288,95.90,315.00,1,0,0
7338,3.288,95.40,313.00,1,0,0
7341,3.288,95.60,315.00,1,0,0
7343,3.288,99.20,326.00,1,0,0
7346,3.288,96.10,318.00,1,0,0
7348,3.284,96.30,316.00,1,0,0
7351,3.288,96.40,316.00,1,0,0
7353,3.284,95.80,315.00,1,0,0
7356,3.288,95.30,326.00,1,0,0
7358,3.288,95.30,313.00,1,0,0
7361,3.288,95.70,313.00,1,0,0
7363,3.284,96.10,318.00,1,0,0
7376,3.336,30.30,102.00,1,0,0
7378,3.336,30.40,102.00,1,0,0
7381,3.336,30.40,102.00,1,0,0
7383,3.336,30.40,102.00,1,0,0
7386,3.336,30.60,102.00,1,0,0
7388,3.336,30.40,102.00,1,0,0
7391,3.336,30.40,102.00,1,0,0
7393,3.336,30.30,102.00,1,0,0
7396,3.336,30.40,102.00,1,0,0
7398,3.336,30.40,102.00,1,0,0
7401,3.336,30.50,102.00,1,0,0
7403,3.336,30.40,102.00,1,0,0
7406,3.336,30.50,102.00,1,0,0
7408,3.336,30.40,102.00,1,0,0
7410,3.320,95.10,313.00,1,0,0
7413,3.284,95.40,313.00,1,0,0
7426,3.288,95.40,313.00,1,0,0
7428,3.288,97.00,315.00,1,0,0
7431,3.288,100.00,329.00,1,0,0
7433,3.288,98.10,323.00,1,0,0
7436,3.288,95.40,313.00,1,0,0
7438,3.288,95.30,313.00,1,0,0
7440,3.288,97.70,321.00,1,0,0
7443,3.292,96.60,316.00,1,0,0
7445,3.288,97.50,321.00,1,0,0
7448,3.288,95.60,315.00,1,0,0
7450,3.288,95.90,315.00,1,0,0
7453,3.284,98.80,326.00,1,0,0
7455,3.288,95.70,315.00,1,0,0
7458,3.288,96.70,313.00,1,0,0
7460,3.284,103.50,341.00,1,0,0
7463,3.288,96.10,316.00,1,0,0
7475,3.336,30.40,102.00,1,0,0
7478,3.336,30.40,102.00,1,0,0
7480,3.336,30.40,102.00,1,0,0
7483,3.336,30.50,102.00,1,0,0
7485,3.336,30.50,102.00,1,0,0
7488,3.336,30.50,102.00,1,0,0
7490,3.336,30.30,102.00,1,0,0
7493,3.336,30.30,102.00,1,0,0
7495,3.336,30.40,102.00,1,0,0
7498,3.336,30.40,102.00,1,0,0
7500,3.336,30.40,102.00,1,0,0
7503,3.336,30.40,102.00,1,0,0
7505,3.332,30.50,102.00,1,0,0
7507,3.336,30.40,102.00,1,0,0
7510,3.308,89.50,303.00,1,0,0
7512,3.288,98.50,324.00,1,0,0
7525,3.288,95.20,318.00,1,0,0
7528,3.288,95.60,315.00,1,0,0
7530,3.284,96.40,316.00,1,0,0
7533,3.288,96.10,331.00,1,0,0
7535,3.288,95.20,313.00,1,0,0
7537,3.284,95.20,313.00,1,0,0
7540,3.288,95.80,334.00,1,0,0
7542,3.284,97.20,319.00,1,0,0
7545,3.284,100.30,329.00,1,0,0
7547,3.284,96.80,311.00,1,0,0
7550,3.288,95.90,315.00,1,0,0
7552,3.288,96.10,316.00,1,0,0
7555,3.288,95.40,315.00,1,0,0
7557,3.288,96.50,318.00,1,0,0
7560,3.288,95.80,315.00,1,0,0
7562,3.284,131.80,328.00,1,0,0
7575,3.336,30.30,102.00,1,0,0
7577,3.336,30.50,102.00,1,0,0
7580,3.336,30.50,102.00,1,0,0
7582,3.336,30.40,102.00,1,0,0
7585,3.336,30.40,102.00,1,0,0
7587,3.336,30.50,102.00,1,0,0
7590,3.336,30.40,102.00,1,0,0
7592,3.336,30.40,102.00,1,0,0
7595,3.336,30.40,102.00,1,0,0
7597,3.336,30.40,102.00,1,0,0
7600,3.336,30.50,102.00,1,0,0
7602,3.336,30.40,102.00,1,0,0
7605,3.336,30.50,102.00,1,0,0
7607,3.336,30.40,102.00,1,0,0
7609,3.332,94.60,311.00,1,0,0
7612,3.288,89.60,295.00,1,0,0
7625,3.288,96.10,316.00,1,0,0
7627,3.288,102.80,313.00,1,0,0
7630,3.288,95.80,315.00,1,0,0
7632,3.288,95.50,315.00,1,0,0
7634,3.288,91.80,318.00,1,0,0
7637,3.288,95.50,313.00,1,0,0
7639,3.284,96.70,318.00,1,0,0
7642,3.288,95.70,315.00,1,0,0
7644,3.284,95.50,313.00,1,0,0
7647,3.288,98.40,323.00,1,0,0
7649,3.288,96.30,316.00,1,0,0
7652,3.288,95.80,315.00,1,0,0
7654,3.288,95.80,315.00,1,0,0
7657,3.288,95.60,315.00,1,0,0
7659,3.288,95.70,315.00,1,0,0
7662,3.284,100.70,329.00,1,0,0
7674,3.336,30.40,102.00,1,0,0
7677,3.336,30.50,102.00,1,0,0
7679,3.336,30.40,102.00,1,0,0
7682,3.336,30.40,102.00,1,0,0
7684,3.332,30.40,102.00,1,0,0
7687,3.336,30.40,102.00,1,0,0
7689,3.336,30.40,102.00,1,0,0
7692,3.336,30.40,102.00,1,0,0
7694,3.336,30.40,102.00,1,0,0
7697,3.336,30.50,102.00,1,0,0
7699,3.336,30.30,102.00,1,0,0
7702,3.332,30.40,102.00,1,0,0
7704,3.336,30.40,102.00,1,0,0
7706,3.336,30.40,102.00,1,0,0
7709,3.336,35.30,116.00,1,0,0
7711,3.288,94.40,313.00,1,0,0
7724,3.284,101.80,313.00,1,0,0
7727,3.288,95.90,315.00,1,0,0
7729,3.288,94.00,310.00,1,0,0
7731,3.288,96.10,313.00,1,0,0
7734,3.288,95.50,315.00,1,0,0
7736,3.284,97.40,319.00,1,0,0
7739,3.288,95.80,315.00,1,0,0
7741,3.288,99.00,326.00,1,0,0
7744,3.288,99.10,326.00,1,0,0
7746,3.288,95.40,316.00,1,0,0
7749,3.288,95.60,315.00,1,0,0
7751,3.288,100.30,329.00,1,0,0
7754,3.284,96.10,316.00,1,0,0
7756,3.288,96.00,316.00,1,0,0
7759,3.288,95.40,313.00,1,0,0
7761,3.288,129.80,315.00,1,0,0
7774,3.336,30.50,102.00,1,0,0
7776,3.332,30.40,102.00,1,0,0
7779,3.336,30.40,102.00,1,0,0
7781,3.336,30.40,102.00,1,0,0
7784,3.336,30.40,102.00,1,0,0
7786,3.336,30.40,102.00,1,0,0
7789,3.336,30.40,102.00,1,0,0
7791,3.336,30.40,102.00,1,0,0
7794,3.336,30.40,102.00,1,0,0
7796,3.336,30.40,102.00,1,0,0
7799,3.336,30.30,102.00,1,0,0
7801,3.336,30.40,102.00,1,0,0
7804,3.336,30.40,102.00,1,0,0
7806,3.336,30.50,102.00,1,0,0
7809,3.336,38.60,126.00,1,0,0
7811,3.288,96.50,318.00,1,0,0
7824,3.288,98.40,323.00,1,0,0
7826,3.288,98.90,315.00,1,0,0
7829,3.288,95.90,315.00,1,0,0
7831,3.288,93.90,308.00,1,0,0
7834,3.288,95.50,315.00,1,0,0
7836,3.288,95.60,315.00,1,0,0
7838,3.288,96.40,316.00,1,0,0
7841,3.288,96.30,316.00,1,0,0
7843,3.288,95.30,328.00,1,0,0
7846,3.292,95.70,315.00,1,0,0
7848,3.288,94.30,310.00,1,0,0
7851,3.288,95.60,316.00,1,0,0
7853,3.288,95.90,315.00,1,0,0
7856,3.288,95.70,315.00,1,0,0
7858,3.288,94.60,315.00,1,0,0
7861,3.288,130.40,429.00,1,0,0
7873,3.336,30.40,102.00,1,0,0
7876,3.336,30.40,102.00,1,0,0
7878,3.336,30.50,102.00,1,0,0
7881,3.336,30.30,102.00,1,0,0
7883,3.336,30.30,102.00,1,0,0
7886,3.336,30.40,102.00,1,0,0
7888,3.336,30.60,102.00,1,0,0
7891,3.336,30.40,102.00,1,0,0
7893,3.336,30.50,102.00,1,0,0
7896,3.336,30.40,102.00,1,0,0
7898,3.336,30.30,102.00,1,0,0
7901,3.336,30.30,102.00,1,0,0
7903,3.332,30.40,102.00,1,0,0
7906,3.332,30.50,102.00,1,0,0
7908,3.336,30.40,102.00,1,0,0
7910,3.284,116.80,310.00,1,0,0
7923,3.288,95.30,319.00,1,0,0
7926,3.284,95.30,313.00,1,0,0
7928,3.288,96.10,316.00,1,0,0
7931,3.288,98.30,315.00,1,0,0
7933,3.288,92.50,305.00,1,0,0
7935,3.288,95.30,313.00,1,0,0
7938,3.292,95.40,313.00,1,0,0
7940,3.288,96.70,318.00,1,0,0
7943,3.288,95.40,313.00,1,0,0
7945,3.288,96.70,323.00,1,0,0
7948,3.292,95.40,313.00,1,0,0
7950,3.288,97.60,321.00,1,0,0
7953,3.288,99.00,326.00,1,0,0
7955,3.288,95.60,316.00,1,0,0
7958,3.288,95.90,315.00,1,0,0
7960,3.288,93.30,306.00,1,0,0
7973,3.336,30.50,102.00,1,0,0
7975,3.336,30.40,102.00,1,0,0
7978,3.336,30.40,102.00,1,0,0
7980,3.336,30.30,102.00,1,0,0
7983,3.336,30.40,102.00,1,0,0
7985,3.332,30.40,102.00,1,0,0
7988,3.336,30.50,102.00,1,0,0
7990,3.336,30.50,102.00,1,0,0
7993,3.336,30.40,102.00,1,0,0
7995,3.336,30.30,102.00,1,0,0
7998,3.336,30.30,102.00,1,0,0
8000,3.336,30.40,102.00,1,0,0
8003,3.336,30.40,102.00,1,0,0
8005,3.332,30.60,102.00,1,0,0
8007,3.336,30.40,102.00,1,0,0
8010,3.336,90.90,298.00,1,0,0
8023,3.288,89.70,295.00,1,0,0
8025,3.288,96.10,316.00,1,0,0
8028,3.288,98.10,313.00,1,0,0
8030,3.288,96.40,316.00,1,0,0
8033,3.288,95.90,315.00,1,0,0
8035,3.288,91.40,313.00,1,0,0
8037,3.288,95.40,313.00,1,0,0
8040,3.288,95.10,313.00,1,0,0
8042,3.292,96.50,315.00,1,0,0
8045,3.288,95.50,315.00,1,0,0
8047,3.288,98.90,326.00,1,0,0
8050,3.288,99.80,313.00,1,0,0
8052,3.288,100.50,331.00,1,0,0
8055,3.288,95.40,313.00,1,0,0
8057,3.288,97.10,315.00,1,0,0
8060,3.288,95.40,313.00,1,0,0
8072,3.336,30.60,102.00,1,0,0
8075,3.336,30.40,102.00,1,0,0
8077,3.336,30.40,102.00,1,0,0
8084,3.336,30.40,102.00,1,0,0
8087,3.336,30.60,102.00,1,0,0
8089,3.332,30.50,102.00,1,0,0
8092,3.336,30.40,102.00,1,0,0
8094,3.336,30.40,102.00,1,0,0
8097,3.336,30.30,102.00,1,0,0
8099,3.332,30.30,102.00,1,0,0
8102,3.336,30.50,102.00,1,0,0
8104,3.336,30.60,102.00,1,0,0
8106,3.336,30.60,102.00,1,0,0
8109,3.336,62.20,203.00,1,0,0
8111,3.284,95.20,313.00,1,0,0
8114,3.284,96.00,313.00,1,0,0
8116,3.288,100.30,329.00,1,0,0
8119,3.288,95.50,315.00,1,0,0
8121,3.288,95.60,315.00,1,0,0
8134,3.288,95.80,313.00,1,0,0
8136,3.284,96.00,316.00,1,0,0
8139,3.288,93.40,306.00,1,0,0
8141,3.288,95.90,321.00,1,0,0
8144,3.288,94.20,310.00,1,0,0
8146,3.288,96.40,316.00,1,0,0
8149,3.288,94.20,324.00,1,0,0
8151,3.288,96.00,316.00,1,0,0
8154,3.292,99.20,326.00,1,0,0
8156,3.288,97.00,318.00,1,0,0
8159,3.288,95.70,315.00,1,0,0
8161,3.288,96.40,316.00,1,0,0
8164,3.288,96.90,318.00,1,0,0
8166,3.288,95.30,316.00,1,0,0
8169,3.288,30.50,102.00,1,0,0
8171,3.332,30.50,102.00,1,0,0
8184,3.336,30.40,102.00,1,0,0
8186,3.336,30.50,102.00,1,0,0
8189,3.336,30.50,102.00,1,0,0
8191,3.336,30.40,102.00,1,0,0
8194,3.336,30.40,102.00,1,0,0
8196,3.336,30.30,102.00,1,0,0
8199,3.336,30.30,102.00,1,0,0
8201,3.336,30.40,102.00,1,0,0
8203,3.336,30.60,102.00,1,0,0
8206,3.332,30.50,102.00,1,0,0
8208,3.336,30.40,102.00,1,0,0
8211,3.336,30.30,102.00,1,0,0
8213,3.336,30.30,100.00,1,0,0
8216,3.288,94.70,311.00,1,0,0
8218,3.288,95.70,315.00,1,0,0
8221,3.288,99.40,328.00,1,0,0
8233,3.288,96.60,318.00,1,0,0
8236,3.288,95.60,315.00,1,0,0
8238,3.284,96.10,319.00,1,0,0
8241,3.288,95.00,313.00,1,0,0
8243,3.288,96.90,318.00,1,0,0
8246,3.288,95.20,313.00,1,0,0
8248,3.288,96.90,318.00,1,0,0
8251,3.292,99.90,329.00,1,0,0
8253,3.292,98.90,315.00,1,0,0
8256,3.288,95.80,315.00,1,0,0
8258,3.288,96.00,316.00,1,0,0
8261,3.288,96.10,313.00,1,0,0
8263,3.288,99.70,328.00,1,0,0
8266,3.288,101.00,333.00,1,0,0
8268,3.288,96.30,316.00,1,0,0
8271,3.288,96.20,316.00,1,0,0
8283,3.288,96.30,316.00,1,0,0
8286,3.288,30.60,102.00,1,0,0
8288,3.336,30.60,102.00,1,0,0
8291,3.336,30.50,102.00,1,0,0
8293,3.336,30.30,102.00,1,0,0
8296,3.336,30.30,102.00,1,0,0
8298,3.336,30.30,102.00,1,0,0
8301,3.336,30.40,102.00,1,0,0
8303,3.336,30.60,102.00,1,0,0
8306,3.336,30.50,102.00,1,0,0
8308,3.336,30.30,102.00,1,0,0
8310,3.336,30.30,102.00,1,0,0
8313,3.336,30.30,100.00,1,0,0
8315,3.312,95.40,313.00,1,0,0
8318,3.292,98.90,326.00,1,0,0
8320,3.288,98.70,315.00,1,0,0
8333,3.288,95.30,321.00,1,0,0
8335,3.292,95.50,313.00,1,0,0
8338,3.284,99.00,326.00,1,0,0
8340,3.288,98.20,315.00,1,0,0
8343,3.288,93.60,308.00,1,0,0
8345,3.288,95.40,313.00,1,0,0
8348,3.288,95.40,313.00,1,0,0
8350,3.288,96.60,321.00,1,0,0
8353,3.288,95.70,315.00,1,0,0
8355,3.292,101.50,334.00,1,0,0
8358,3.288,97.40,313.00,1,0,0
8360,3.288,95.30,313.00,1,0,0
8363,3.288,95.90,315.00,1,0,0
8365,3.288,96.40,331.00,1,0,0
8368,3.288,96.30,316.00,1,0,0
8370,3.288,95.70,315.00,1,0,0
8383,3.336,30.40,102.00,1,0,0
8385,3.336,30.60,102.00,1,0,0
8388,3.336,30.60,102.00,1,0,0
8390,3.336,30.40,102.00,1,0,0
8393,3.336,30.30,102.00,1,0,0
8395,3.336,30.30,102.00,1,0,0
8398,3.336,30.40,102.00,1,0,0
8400,3.336,30.50,102.00,1,0,0
8403,3.336,30.50,102.00,1,0,0
8405,3.336,30.60,102.00,1,0,0
8408,3.336,30.30,102.00,1,0,0
8410,3.336,30.40,102.00,1,0,0
8413,3.336,30.30,102.00,1,0,0
8415,3.300,101.60,316.00,1,0,0
8417,3.288,98.80,324.00,1,0,0
8420,3.288,96.90,318.00,1,0,0
8433,3.288,95.70,315.00,1,0,0
8435,3.284,95.80,315.00,1,0,0
8438,3.288,98.80,313.00,1,0,0
8440,3.288,98.70,324.00,1,0,0
8442,3.284,97.60,321.00,1,0,0
8445,3.288,90.90,310.00,1,0,0
8447,3.288,95.80,315.00,1,0,0
8450,3.288,96.00,316.00,1,0,0
8452,3.288,95.20,316.00,1,0,0
8455,3.288,98.80,324.00,1,0,0
8457,3.288,96.50,318.00,1,0,0
8460,3.288,95.30,329.00,1,0,0
8462,3.288,97.10,319.00,1,0,0
8465,3.288,95.80,315.00,1,0,0
8467,3.288,98.70,324.00,1,0,0
8470,3.288,98.80,324.00,1,0,0
8482,3.336,30.40,102.00,1,0,0
8485,3.332,30.60,102.00,1,0,0
8487,3.336,30.60,102.00,1,0,0
8490,3.332,30.40,102.00,1,0,0
8492,3.336,30.30,102.00,1,0,0
8495,3.336,30.30,102.00,1,0,0
8497,3.336,30.40,102.00,1,0,0
8500,3.336,30.40,102.00,1,0,0
8502,3.332,30.50,102.00,1,0,0
8505,3.336,30.50,102.00,1,0,0
8507,3.336,30.40,102.00,1,0,0
8510,3.336,30.30,102.00,1,0,0
8512,3.332,30.30,102.00,1,0,0
8514,3.336,115.90,382.00,1,0,0
8517,3.288,95.40,313.00,1,0,0
8519,3.288,98.80,313.00,1,0,0
8532,3.292,98.30,293.00,1,0,0
8535,3.284,95.30,313.00,1,0,0
8537,3.288,95.20,313.00,1,0,0
8539,3.288,95.30,313.00,1,0,0
8542,3.288,95.60,313.00,1,0,0
8544,3.288,97.80,321.00,1,0,0
8547,3.288,90.80,298.00,1,0,0
8549,3.288,95.50,313.00,1,0,0
8552,3.288,95.60,315.00,1,0,0
8554,3.288,95.20,313.00,1,0,0
8557,3.288,96.60,316.00,1,0,0
8559,3.288,95.50,315.00,1,0,0
8562,3.288,97.30,319.00,1,0,0
8564,3.284,95.80,313.00,1,0,0
8567,3.288,95.40,313.00,1,0,0
8569,3.288,95.50,315.00,1,0,0
8582,3.336,30.40,102.00,1,0,0
8584,3.336,30.50,102.00,1,0,0
8587,3.336,30.50,102.00,1,0,0
8589,3.336,30.40,102.00,1,0,0
8592,3.336,30.40,102.00,1,0,0
8594,3.336,30.40,102.00,1,0,0
8597,3.336,30.40,102.00,1,0,0
8599,3.336,30.40,102.00,1,0,0
8602,3.336,30.50,102.00,1,0,0
8604,3.336,30.40,102.00,1,0,0
8607,3.336,30.40,102.00,1,0,0
8609,3.336,30.40,102.00,1,0,0
8612,3.336,30.40,102.00,1,0,0
8614,3.336,37.90,125.00,1,0,0
8617,3.288,95.30,313.00,1,0,0
8619,3.288,95.80,315.00,1,0,0
8632,3.288,95.30,313.00,1,0,0
8634,3.288,99.10,326.00,1,0,0
8637,3.288,98.90,295.00,1,0,0
8639,3.288,94.00,310.00,1,0,0
8642,3.284,95.60,315.00,1,0,0
8644,3.288,94.60,321.00,1,0,0
8646,3.288,96.50,316.00,1,0,0
8649,3.284,92.10,303.00,1,0,0
8651,3.284,95.40,313.00,1,0,0
8654,3.284,95.40,315.00,1,0,0
8656,3.288,95.20,313.00,1,0,0
8659,3.288,95.50,315.00,1,0,0
8661,3.288,95.50,315.00,1,0,0
8664,3.288,95.30,313.00,1,0,0
8666,3.284,105.00,313.00,1,0,0
8669,3.288,95.30,313.00,1,0,0
8681,3.336,30.40,102.00,1,0,0
8684,3.336,30.50,102.00,1,0,0
8686,3.336,30.50,102.00,1,0,0
8689,3.336,30.40,102.00,1,0,0
8691,3.336,30.30,102.00,1,0,0
8694,3.336,30.40,102.00,1,0,0
8696,3.336,30.40,102.00,1,0,0
8699,3.336,30.40,102.00,1,0,0
8701,3.336,30.50,102.00,1,0,0
8704,3.336,30.40,102.00,1,0,0
8706,3.336,30.40,102.00,1,0,0
8709,3.336,30.30,102.00,1,0,0
8711,3.336,30.30,102.00,1,0,0
8714,3.336,40.80,133.00,1,0,0
8716,3.284,95.90,315.00,1,0,0
8719,3.288,95.60,315.00,1,0,0
8731,3.288,95.80,313.00,1,0,0
8734,3.288,95.40,313.00,1,0,0
8736,3.288,96.20,316.00,1,0,0
8739,3.288,89.50,295.00,1,0,0
8741,3.288,95.30,313.00,1,0,0
8744,3.288,95.60,315.00,1,0,0
8746,3.288,95.40,313.00,1,0,0
8749,3.288,98.80,295.00,1,0,0
8751,3.284,92.10,303.00,1,0,0
8753,3.284,111.20,365.00,1,0,0
8756,3.292,97.50,313.00,1,0,0
8758,3.288,95.60,315.00,1,0,0
8761,3.288,96.60,318.00,1,0,0
8763,3.288,96.40,313.00,1,0,0
8766,3.288,124.60,410.00,1,0,0
8768,3.288,97.20,319.00,1,0,0
8781,3.336,30.40,102.00,1,0,0
8783,3.336,30.50,102.00,1,0,0
8786,3.336,30.40,102.00,1,0,0
8788,3.336,30.40,102.00,1,0,0
8791,3.336,30.30,102.00,1,0,0
8793,3.336,30.40,102.00,1,0,0
8796,3.336,30.40,102.00,1,0,0
8798,3.336,30.40,102.00,1,0,0
8801,3.336,30.30,102.00,1,0,0
8803,3.336,30.40,102.00,1,0,0
8806,3.336,30.40,102.00,1,0,0
8808,3.336,30.40,102.00,1,0,0
8811,3.336,30.50,102.00,1,0,0
8813,3.336,30.40,102.00,1,0,0
8816,3.280,90.80,313.00,1,0,0
8818,3.288,95.40,313.00,1,0,0
8831,3.288,95.30,313.00,1,0,0
8833,3.288,96.20,316.00,1,0,0
8836,3.288,96.00,316.00,1,0,0
8838,3.288,95.20,313.00,1,0,0
8841,3.288,89.70,295.00,1,0,0
8843,3.288,95.30,326.00,1,0,0
8846,3.288,95.30,313.00,1,0,0
8848,3.288,99.00,326.00,1,0,0
8850,3.288,95.20,315.00,1,0,0
8853,3.284,95.30,313.00,1,0,0
8855,3.288,97.10,319.00,1,0,0
8858,3.288,95.70,313.00,1,0,0
8860,3.288,95.30,313.00,1,0,0
8863,3.288,97.60,321.00,1,0,0
8865,3.288,95.80,315.00,1,0,0
8868,3.284,95.30,316.00,1,0,0
8880,3.336,30.40,102.00,1,0,0
8883,3.336,30.40,102.00,1,0,0
8885,3.336,30.40,102.00,1,0,0
8888,3.336,30.40,102.00,1,0,0
8890,3.336,30.40,102.00,1,0,0
8893,3.336,30.40,102.00,1,0,0
8895,3.336,30.50,102.00,1,0,0
8898,3.336,30.40,102.00,1,0,0
8900,3.336,30.30,102.00,1,0,0
8903,3.336,30.40,102.00,1,0,0
8905,3.336,30.40,102.00,1,0,0
8908,3.336,30.40,102.00,1,0,0
8910,3.336,30.50,102.00,1,0,0
8913,3.336,30.40,102.00,1,0,0
8915,3.276,90.70,298.00,1,0,0
8918,3.288,95.00,313.00,1,0,0
8930,3.288,96.10,316.00,1,0,0
8933,3.288,96.60,313.00,1,0,0
8935,3.288,95.50,315.00,1,0,0
8938,3.288,95.30,313.00,1,0,0
8940,3.288,95.10,308.00,1,0,0
8943,3.284,95.40,313.00,1,0,0
8945,3.288,89.90,295.00,1,0,0
8948,3.288,95.40,313.00,1,0,0
8950,3.284,95.10,313.00,1,0,0
8952,3.288,95.30,313.00,1,0,0
8955,3.288,97.80,315.00,1,0,0
8957,3.284,92.20,303.00,1,0,0
8960,3.288,95.40,313.00,1,0,0
8962,3.288,95.50,315.00,1,0,0
8965,3.288,96.70,316.00,1,0,0
8967,3.284,95.50,315.00,1,0,0
8980,3.336,30.40,102.00,1,0,0
8982,3.336,30.30,102.00,1,0,0
8985,3.336,30.40,102.00,1,0,0
8987,3.336,30.50,102.00,1,0,0
8990,3.336,30.50,102.00,1,0,0
8992,3.336,30.50,102.00,1,0,0
8995,3.336,30.50,102.00,1,0,0
8997,3.336,30.40,102.00,1,0,0
9000,3.336,30.30,102.00,1,0,0
9002,3.332,30.40,102.00,1,0,0
9005,3.332,30.50,102.00,1,0,0
9007,3.336,30.40,102.00,1,0,0
9010,3.336,30.50,102.00,1,0,0
9012,3.336,30.50,102.00,1,0,0
9015,3.336,89.60,298.00,1,0,0
9017,3.284,95.10,313.00,1,0,0
9030,3.288,96.30,316.00,1,0,0
9032,3.288,96.20,316.00,1,0,0
9035,3.288,96.30,316.00,1,0,0
9037,3.288,96.20,316.00,1,0,0
9040,3.288,95.00,313.00,1,0,0
9042,3.288,95.60,315.00,1,0,0
9045,3.284,94.80,295.00,1,0,0
9047,3.288,95.10,313.00,1,0,0
9049,3.288,95.60,315.00,1,0,0
9052,3.288,95.30,310.00,1,0,0
9054,3.288,96.80,318.00,1,0,0
9057,3.284,98.50,324.00,1,0,0
9059,3.288,92.50,313.00,1,0,0
9062,3.288,95.50,315.00,1,0,0
9064,3.288,98.70,324.00,1,0,0
9067,3.264,95.20,316.00,1,0,0
9079,3.336,30.50,102.00,1,0,0
9082,3.332,30.30,102.00,1,0,0
9084,3.336,30.40,102.00,1,0,0
9087,3.336,30.50,102.00,1,0,0
9089,3.336,30.50,102.00,1,0,0
9092,3.336,30.40,102.00,1,0,0
9094,3.340,30.40,102.00,1,0,0
9097,3.336,30.40,102.00,1,0,0
9099,3.336,30.40,102.00,1,0,0
9102,3.336,30.40,102.00,1,0,0
9104,3.336,30.40,102.00,1,0,0
9107,3.336,30.50,102.00,1,0,0
9109,3.336,30.40,102.00,1,0,0
9112,3.336,30.40,102.00,1,0,0
9114,3.336,96.70,318.00,1,0,0
9117,3.288,95.00,313.00,1,0,0
9129,3.288,95.50,315.00,1,0,0
9132,3.288,95.30,316.00,1,0,0
9134,3.288,95.30,313.00,1,0,0
9137,3.288,95.30,313.00,1,0,0
9139,3.288,95.30,313.00,1,0,0
9142,3.288,95.50,315.00,1,0,0
9144,3.288,95.60,315.00,1,0,0
9146,3.288,94.90,293.00,1,0,0
9149,3.288,95.10,313.00,1,0,0
9151,3.288,100.20,329.00,1,0,0
9154,3.288,95.40,315.00,1,0,0
9156,3.288,95.70,313.00,1,0,0
9159,3.288,97.50,321.00,1,0,0
9161,3.288,92.10,303.00,1,0,0
9164,3.288,96.70,313.00,1,0,0
9166,3.288,98.60,324.00,1,0,0
9179,3.336,30.30,102.00,1,0,0
9181,3.336,30.30,102.00,1,0,0
9184,3.332,30.30,102.00,1,0,0
9186,3.336,30.50,102.00,1,0,0
9189,3.336,30.50,102.00,1,0,0
9191,3.336,30.40,102.00,1,0,0
9194,3.336,30.50,102.00,1,0,0
9196,3.332,30.40,102.00,1,0,0
9199,3.336,30.30,102.00,1,0,0
9201,3.336,30.40,102.00,1,0,0
9204,3.336,30.60,102.00,1,0,0
9206,3.336,30.50,102.00,1,0,0
9209,3.336,30.40,102.00,1,0,0
9211,3.336,30.40,102.00,1,0,0
9214,3.336,30.30,102.00,1,0,0
9216,3.288,92.90,315.00,1,0,0
9229,3.288,95.70,316.00,1,0,0
9231,3.288,95.70,315.00,1,0,0
9234,3.288,96.30,316.00,1,0,0
9236,3.288,96.20,311.00,1,0,0
9239,3.288,97.50,321.00,1,0,0
9241,3.288,100.30,329.00,1,0,0
9243,3.284,97.20,315.00,1,0,0
9246,3.288,101.50,334.00,1,0,0
9248,3.288,95.30,313.00,1,0,0
9251,3.288,89.30,311.00,1,0,0
9253,3.288,96.20,316.00,1,0,0
9256,3.288,95.60,315.00,1,0,0
9258,3.288,95.60,324.00,1,0,0
9261,3.292,95.90,315.00,1,0,0
9263,3.284,96.00,316.00,1,0,0
9266,3.288,99.60,321.00,1,0,0
9278,3.336,30.40,102.00,1,0,0
9281,3.336,30.30,102.00,1,0,0
9283,3.336,30.40,102.00,1,0,0
9286,3.336,30.50,102.00,1,0,0
9288,3.336,30.50,102.00,1,0,0
9291,3.336,30.50,102.00,1,0,0
9293,3.336,30.50,102.00,1,0,0
9296,3.336,30.40,102.00,1,0,0
9298,3.336,30.40,102.00,1,0,0
9301,3.336,30.40,102.00,1,0,0
9303,3.336,30.60,102.00,1,0,0
9306,3.336,30.60,102.00,1,0,0
9308,3.336,30.40,102.00,1,0,0
9311,3.336,30.40,102.00,1,0,0
9313,3.336,30.40,102.00,1,0,0
9315,3.288,92.50,305.00,1,0,0
9328,3.292,95.20,313.00,1,0,0
9331,3.288,95.10,313.00,1,0,0
9333,3.292,96.80,313.00,1,0,0
9336,3.288,95.50,315.00,1,0,0
9338,3.288,96.40,316.00,1,0,0
9341,3.288,95.40,316.00,1,0,0
9343,3.284,95.30,313.00,1,0,0
9345,3.288,95.40,313.00,1,0,0
9348,3.288,95.30,315.00,1,0,0
9350,3.288,95.70,315.00,1,0,0
9353,3.288,89.60,295.00,1,0,0
9355,3.288,95.60,315.00,1,0,0
9358,3.284,95.30,313.00,1,0,0
9360,3.284,95.30,313.00,1,0,0
9363,3.288,95.50,318.00,1,0,0
9365,3.288,99.00,326.00,1,0,0
9378,3.336,30.30,102.00,1,0,0
9380,3.336,30.30,102.00,1,0,0
9383,3.336,30.30,102.00,1,0,0
9385,3.336,30.60,102.00,1,0,0
9388,3.336,30.50,102.00,1,0,0
9390,3.336,30.50,102.00,1,0,0
9393,3.336,30.30,102.00,1,0,0
9395,3.336,30.40,102.00,1,0,0
9398,3.336,30.30,102.00,1,0,0
9400,3.336,30.50,102.00,1,0,0
9403,3.336,30.50,102.00,1,0,0
9405,3.336,30.50,102.00,1,0,0
9408,3.336,30.50,102.00,1,0,0
9410,3.336,30.40,102.00,1,0,0
9413,3.336,30.40,102.00,1,0,0
9415,3.324,116.60,313.00,1,0,0
9428,3.288,98.60,321.00,1,0,0
9430,3.288,95.10,313.00,1,0,0
9433,3.292,95.30,313.00,1,0,0
9435,3.288,95.40,313.00,1,0,0
9438,3.284,95.60,315.00,1,0,0
9440,3.284,98.10,323.00,1,0,0
9443,3.288,95.40,313.00,1,0,0
9445,3.288,95.50,313.00,1,0,0
9448,3.288,95.30,313.00,1,0,0
9450,3.288,95.90,313.00,1,0,0
9452,3.284,95.60,315.00,1,0,0
9455,3.284,95.50,313.00,1,0,0
9457,3.288,89.90,313.00,1,0,0
9460,3.288,95.30,313.00,1,0,0
9462,3.288,96.00,315.00,1,0,0
9465,3.284,96.20,333.00,1,0,0
9478,3.336,30.30,102.00,1,0,0
9480,3.336,30.40,102.00,1,0,0
9482,3.336,30.40,102.00,1,0,0
9485,3.336,30.50,102.00,1,0,0
9487,3.336,30.60,102.00,1,0,0
9490,3.336,30.50,102.00,1,0,0
9492,3.336,30.30,102.00,1,0,0
9495,3.336,30.30,102.00,1,0,0
9497,3.336,30.40,102.00,1,0,0
9500,3.336,30.50,102.00,1,0,0
9502,3.336,30.50,102.00,1,0,0
9505,3.336,30.60,102.00,1,0,0
9507,3.332,30.40,102.00,1,0,0
9510,3.336,30.30,102.00,1,0,0
9512,3.336,30.30,102.00,1,0,0
9515,3.308,100.30,329.00,1,0,0
9527,3.288,98.40,323.00,1,0,0
9530,3.288,95.40,313.00,1,0,0
9532,3.288,95.30,313.00,1,0,0
9535,3.288,95.40,313.00,1,0,0
9537,3.284,95.50,313.00,1,0,0
9540,3.288,95.70,310.00,1,0,0
9542,3.288,98.60,324.00,1,0,0
9545,3.288,96.30,316.00,1,0,0
9547,3.288,96.50,319.00,1,0,0
9550,3.288,95.60,315.00,1,0,0
9552,3.288,95.60,315.00,1,0,0
9555,3.288,95.50,315.00,1,0,0
9557,3.288,89.60,295.00,1,0,0
9559,3.284,95.10,313.00,1,0,0
9562,3.284,95.20,315.00,1,0,0
9564,3.280,98.50,324.00,1,0,0
9577,3.336,30.30,102.00,1,0,0
9580,3.332,30.40,102.00,1,0,0
9582,3.336,30.40,102.00,1,0,0
9584,3.336,30.50,102.00,1,0,0
9587,3.336,30.60,102.00,1,0,0
9589,3.336,30.40,102.00,1,0,0
9592,3.336,30.30,102.00,1,0,0
9594,3.336,30.30,102.00,1,0,0
9597,3.336,30.40,102.00,1,0,0
9599,3.336,30.40,102.00,1,0,0
9602,3.336,30.50,102.00,1,0,0
9604,3.336,30.50,102.00,1,0,0
9607,3.332,30.40,102.00,1,0,0
9609,3.336,30.40,102.00,1,0,0
9612,3.336,30.40,102.00,1,0,0
9614,3.336,30.90,310.00,1,0,0
9627,3.288,96.90,318.00,1,0,0
9629,3.288,96.10,316.00,1,0,0
9632,3.288,95.30,313.00,1,0,0
9634,3.288,97.40,316.00,1,0,0
9637,3.288,99.30,326.00,1,0,0
9639,3.284,95.20,313.00,1,0,0
9642,3.288,95.20,313.00,1,0,0
9644,3.288,95.20,313.00,1,0,0
9647,3.284,96.10,316.00,1,0,0
9649,3.288,94.00,313.00,1,0,0
9652,3.288,95.50,315.00,1,0,0
9654,3.288,96.10,316.00,1,0,0
9656,3.288,94.80,311.00,1,0,0
9659,3.284,95.30,295.00,1,0,0
9661,3.288,92.60,305.00,1,0,0
9664,3.284,95.60,315.00,1,0,0
9677,3.336,30.30,102.00,1,0,0
9679,3.336,30.40,102.00,1,0,0
9681,3.336,30.50,102.00,1,0,0
9684,3.336,30.50,102.00,1,0,0
9686,3.336,30.60,102.00,1,0,0
9689,3.340,30.40,102.00,1,0,0
9691,3.336,30.30,102.00,1,0,0
9694,3.336,30.40,102.00,1,0,0
9696,3.336,30.50,102.00,1,0,0
9699,3.336,30.40,102.00,1,0,0
9701,3.336,30.50,102.00,1,0,0
9704,3.336,30.50,102.00,1,0,0
9706,3.336,30.40,102.00,1,0,0
9709,3.336,30.40,102.00,1,0,0
9711,3.336,30.30,102.00,1,0,0
9714,3.336,34.80,115.00,1,0,0
9726,3.284,97.90,323.00,1,0,0
9729,3.292,99.50,328.00,1,0,0
9731,3.288,95.30,313.00,1,0,0
9734,3.288,95.40,313.00,1,0,0
9736,3.284,93.30,306.00,1,0,0
9739,3.292,95.40,313.00,1,0,0
9741,3.288,96.90,319.00,1,0,0
9744,3.288,95.40,313.00,1,0,0
9746,3.284,96.00,315.00,1,0,0
9749,3.288,95.30,313.00,1,0,0
9751,3.288,95.40,313.00,1,0,0
9753,3.288,95.50,315.00,1,0,0
9756,3.292,94.60,311.00,1,0,0
9758,3.284,96.00,315.00,1,0,0
9761,3.288,95.20,315.00,1,0,0
9763,3.288,89.40,293.00,1,0,0
9776,3.288,93.90,298.00,1,0,0
9778,3.288,30.40,102.00,1,0,0
9781,3.336,30.50,102.00,1,0,0
9783,3.336,30.50,102.00,1,0,0
9786,3.336,30.60,102.00,1,0,0
9788,3.336,30.40,102.00,1,0,0
9791,3.336,30.40,102.00,1,0,0
9793,3.336,30.30,102.00,1,0,0
9796,3.336,30.40,102.00,1,0,0
9798,3.336,30.40,102.00,1,0,0
9801,3.336,30.50,102.00,1,0,0
9803,3.336,30.50,102.00,1,0,0
9806,3.336,30.40,102.00,1,0,0
9808,3.336,30.40,102.00,1,0,0
9811,3.336,30.40,102.00,1,0,0
9813,3.336,30.40,125.00,1,0,0
9826,3.288,98.40,323.00,1,0,0
9828,3.288,96.70,315.00,1,0,0
9831,3.284,95.30,313.00,1,0,0
9833,3.284,95.40,313.00,1,0,0
9836,3.284,95.30,315.00,1,0,0
9838,3.288,93.50,308.00,1,0,0
9841,3.288,93.90,308.00,1,0,0
9843,3.288,98.00,315.00,1,0,0
9846,3.288,95.60,315.00,1,0,0
9848,3.288,95.40,313.00,1,0,0
9850,3.288,96.30,315.00,1,0,0
9853,3.288,95.50,315.00,1,0,0
9855,3.288,95.10,313.00,1,0,0
9858,3.288,95.90,313.00,1,0,0
9860,3.284,95.30,313.00,1,0,0
9863,3.284,96.10,316.00,1,0,0
9876,3.336,30.40,100.00,1,0,0
9878,3.284,92.20,300.00,1,0,0
9880,3.292,30.50,102.00,1,0,0
9883,3.336,30.40,102.00,1,0,0
9885,3.336,30.50,102.00,1,0,0
9888,3.336,30.50,102.00,1,0,0
9890,3.336,30.30,102.00,1,0,0
9893,3.336,30.30,102.00,1,0,0
9895,3.336,30.40,102.00,1,0,0
9898,3.336,30.40,102.00,1,0,0
9900,3.336,30.40,102.00,1,0,0
9903,3.336,30.40,102.00,1,0,0
9905,3.336,30.40,102.00,1,0,0
9908,3.336,30.30,102.00,1,0,0
9910,3.336,30.40,102.00,1,0,0
9913,3.336,30.50,102.00,1,0,0
9925,3.288,95.30,313.00,1,0,0
9928,3.288,95.30,313.00,1,0,0
9930,3.288,96.30,313.00,1,0,0
9933,3.288,95.30,313.00,1,0,0
9935,3.284,95.20,313.00,1,0,0
9938,3.284,95.40,313.00,1,0,0
9940,3.288,95.60,315.00,1,0,0
9943,3.288,95.40,313.00,1,0,0
9945,3.284,95.80,313.00,1,0,0
9948,3.284,95.10,313.00,1,0,0
9950,3.284,95.70,315.00,1,0,0
9952,3.288,96.90,318.00,1,0,0
9955,3.284,95.30,313.00,1,0,0
9957,3.288,95.50,315.00,1,0,0
9960,3.284,95.40,313.00,1,0,0
9962,3.288,95.20,316.00,1,0,0
9975,3.336,30.40,102.00,1,0,0
9977,3.336,30.40,102.00,1,0,0
9980,3.288,95.80,315.00,1,0,0
9982,3.336,30.40,102.00,1,0,0
9985,3.336,30.40,102.00,1,0,0
9987,3.336,30.50,102.00,1,0,0
9990,3.336,30.30,102.00,1,0,0
9992,3.336,30.40,102.00,1,0,0
9995,3.336,30.50,102.00,1,0,0
9997,3.336,30.40,102.00,1,0,0
10000,3.336,30.40,102.00,1,0,0
10002,3.336,30.50,102.00,1,0,0
10005,3.336,30.40,102.00,1,0,0
10007,3.336,30.30,102.00,1,0,0
10010,3.336,30.50,102.00,1,0,0
10022,3.284,95.20,313.00,1,0,0
10025,3.284,95.30,313.00,1,0,0
10027,3.284,95.30,313.00,1,0,0
10030,3.284,95.10,313.00,1,0,0
10032,3.284,95.30,313.00,1,0,0
10035,3.284,95.20,313.00,1,0,0
10037,3.284,95.30,313.00,1,0,0
10040,3.288,94.80,311.00,1,0,0
10042,3.288,95.30,313.00,1,0,0
10045,3.288,95.30,313.00,1,0,0
10047,3.288,95.30,313.00,1,0,0
10050,3.284,95.70,313.00,1,0,0
10052,3.288,95.50,315.00,1,0,0
10055,3.288,96.80,318.00,1,0,0
10067,3.288,94.60,311.00,1,0,0
10070,3.288,94.50,413.00,1,0,0
10072,3.284,95.40,313.00,1,0,0
10075,3.288,95.40,313.00,1,0,0
10077,3.336,30.50,102.00,1,0,0
10080,3.336,30.40,102.00,1,0,0
10086,3.336,30.40,102.00,1,0,0
10089,3.336,30.40,102.00,1,0,0
10091,3.336,30.40,102.00,1,0,0
10094,3.336,30.40,102.00,1,0,0
10096,3.336,30.40,102.00,1,0,0
10099,3.336,30.50,102.00,1,0,0
10101,3.336,30.40,102.00,1,0,0
10104,3.336,30.50,102.00,1,0,0
10106,3.336,30.40,102.00,1,0,0
10108,3.336,30.40,102.00,1,0,0
10111,3.336,30.50,102.00,1,0,0
10113,3.336,30.50,193.00,1,0,0
10116,3.276,99.40,328.00,1,0,0
10118,3.288,95.60,315.00,1,0,0
10131,3.288,95.80,315.00,1,0,0
10133,3.288,95.60,315.00,1,0,0
10136,3.292,99.80,319.00,1,0,0
10138,3.288,97.50,321.00,1,0,0
10141,3.288,96.30,316.00,1,0,0
10143,3.288,95.60,318.00,1,0,0
10146,3.288,95.80,315.00,1,0,0
10148,3.284,95.30,313.00,1,0,0
10151,3.288,100.60,313.00,1,0,0
10153,3.288,95.50,315.00,1,0,0
10156,3.288,95.40,313.00,1,0,0
10158,3.284,95.50,324.00,1,0,0
10161,3.288,98.90,324.00,1,0,0
10163,3.288,96.80,318.00,1,0,0
10176,3.336,30.50,102.00,1,0,0
10178,3.336,30.40,102.00,1,0,0
10181,3.336,30.40,102.00,1,0,0
10183,3.336,73.60,242.00,1,0,0
10186,3.288,89.10,102.00,1,0,0
10188,3.336,30.50,102.00,1,0,0
10191,3.336,30.40,102.00,1,0,0
10193,3.336,30.50,102.00,1,0,0
10196,3.336,30.50,102.00,1,0,0
10198,3.336,30.30,102.00,1,0,0
10201,3.336,30.40,102.00,1,0,0
10203,3.332,30.40,102.00,1,0,0
10206,3.336,30.60,102.00,1,0,0
10208,3.336,30.40,102.00,1,0,0
10221,3.288,95.60,315.00,1,0,0
10223,3.288,90.90,318.00,1,0,0
10226,3.288,97.70,321.00,1,0,0
10228,3.288,95.90,315.00,1,0,0
10231,3.288,94.00,313.00,1,0,0
10233,3.288,95.20,313.00,1,0,0
10236,3.288,95.20,313.00,1,0,0
10238,3.284,95.30,313.00,1,0,0
10240,3.284,95.80,315.00,1,0,0
10243,3.284,95.50,313.00,1,0,0
10245,3.284,98.20,326.00,1,0,0
10248,3.288,95.50,315.00,1,0,0
10250,3.288,94.20,310.00,1,0,0
10253,3.288,95.40,313.00,1,0,0
10265,3.288,95.40,313.00,1,0,0
10268,3.288,99.70,313.00,1,0,0
10270,3.288,95.20,313.00,1,0,0
10273,3.288,95.30,313.00,1,0,0
10275,3.288,89.80,315.00,1,0,0
10278,3.288,96.00,316.00,1,0,0
10280,3.284,94.70,313.00,1,0,0
10283,3.336,30.30,102.00,1,0,0
10285,3.336,50.80,167.00,1,0,0
10288,3.284,92.30,303.00,1,0,0
10290,3.336,30.50,102.00,1,0,0
10293,3.336,30.40,102.00,1,0,0
10295,3.336,30.40,102.00,1,0,0
10298,3.336,30.30,102.00,1,0,0
10310,3.336,30.50,102.00,1,0,0
10313,3.336,30.30,102.00,1,0,0
10315,3.336,30.30,102.00,1,0,0
10318,3.336,30.30,102.00,1,0,0
10320,3.316,96.10,316.00,1,0,0
10323,3.288,95.70,315.00,1,0,0
10325,3.288,96.20,316.00,1,0,0
10328,3.288,96.20,315.00,1,0,0
10330,3.288,97.30,319.00,1,0,0
10333,3.288,95.90,315.00,1,0,0
10335,3.284,96.00,315.00,1,0,0
10338,3.284,95.90,315.00,1,0,0
10340,3.288,97.10,319.00,1,0,0
10343,3.288,95.60,315.00,1,0,0
10355,3.288,95.50,315.00,1,0,0
10358,3.284,95.80,315.00,1,0,0
10360,3.284,92.80,305.00,1,0,0
10363,3.284,95.00,311.00,1,0,0
10365,3.288,95.20,313.00,1,0,0
10368,3.288,99.00,326.00,1,0,0
10370,3.288,99.00,313.00,1,0,0
10373,3.288,94.90,311.00,1,0,0
10375,3.284,94.90,311.00,1,0,0
10378,3.288,89.50,313.00,1,0,0
10380,3.284,129.90,428.00,1,0,0
10382,3.288,98.80,324.00,1,0,0
10385,3.288,98.80,138.00,1,0,0
10387,3.336,33.00,108.00,1,0,0
10400,3.336,30.40,102.00,1,0,0
10403,3.336,30.50,102.00,1,0,0
10405,3.336,30.50,102.00,1,0,0
10407,3.336,30.50,102.00,1,0,0
10410,3.336,30.50,102.00,1,0,0
10412,3.336,30.30,102.00,1,0,0
10415,3.336,30.30,102.00,1,0,0
10417,3.336,30.40,102.00,1,0,0
10420,3.304,95.80,315.00,1,0,0
10422,3.276,91.00,313.00,1,0,0
10425,3.288,95.60,315.00,1,0,0
10427,3.288,95.30,313.00,1,0,0
10430,3.288,95.30,313.00,1,0,0
10432,3.288,95.20,313.00,1,0,0
10445,3.288,98.70,324.00,1,0,0
10447,3.284,95.70,315.00,1,0,0
10450,3.288,95.90,316.00,1,0,0
10452,3.288,96.90,318.00,1,0,0
10455,3.288,99.00,326.00,1,0,0
10457,3.288,97.70,324.00,1,0,0
10460,3.288,95.60,315.00,1,0,0
10462,3.288,95.80,315.00,1,0,0
10465,3.284,96.00,313.00,1,0,0
10467,3.288,95.40,313.00,1,0,0
10470,3.288,99.00,326.00,1,0,0
10472,3.288,95.50,311.00,1,0,0
10475,3.284,100.60,313.00,1,0,0
10477,3.288,95.40,316.00,1,0,0
10490,3.336,30.50,102.00,1,0,0
10492,3.284,92.70,305.00,1,0,0
10495,3.336,30.30,102.00,1,0,0
10497,3.336,30.30,102.00,1,0,0
10500,3.336,30.30,102.00,1,0,0
10502,3.336,30.50,102.00,1,0,0
10505,3.336,30.60,102.00,1,0,0
10507,3.332,30.50,102.00,1,0,0
10510,3.336,30.40,102.00,1,0,0
10512,3.336,30.30,102.00,1,0,0
10514,3.336,30.30,102.00,1,0,0
10517,3.336,30.40,102.00,1,0,0
10519,3.336,95.80,315.00,1,0,0
10522,3.284,95.60,315.00,1,0,0
10535,3.288,98.70,324.00,1,0,0
10537,3.284,95.70,315.00,1,0,0
10539,3.284,95.30,315.00,1,0,0
10542,3.288,95.40,313.00,1,0,0
10544,3.288,95.20,313.00,1,0,0
10547,3.288,96.20,316.00,1,0,0
10549,3.292,95.70,315.00,1,0,0
10552,3.284,95.30,313.00,1,0,0
10554,3.288,95.40,313.00,1,0,0
10557,3.288,96.50,318.00,1,0,0
10559,3.288,95.20,313.00,1,0,0
10562,3.288,95.60,326.00,1,0,0
10564,3.284,95.90,315.00,1,0,0
10567,3.288,97.70,321.00,1,0,0
10579,3.336,30.40,102.00,1,0,0
10582,3.336,30.40,102.00,1,0,0
10584,3.336,30.50,102.00,1,0,0
10587,3.336,30.50,102.00,1,0,0
10589,3.336,30.50,102.00,1,0,0
10592,3.336,30.30,100.00,1,0,0
10594,3.288,94.10,310.00,1,0,0
10597,3.336,30.30,102.00,1,0,0
10599,3.336,30.40,102.00,1,0,0
10602,3.336,30.50,102.00,1,0,0
10604,3.336,30.60,102.00,1,0,0
10607,3.336,30.50,102.00,1,0,0
10609,3.336,30.30,102.00,1,0,0
10612,3.336,30.30,102.00,1,0,0
10624,3.288,95.80,315.00,1,0,0
10627,3.284,95.70,323.00,1,0,0
10629,3.288,95.50,315.00,1,0,0
10632,3.288,95.40,313.00,1,0,0
10634,3.288,95.60,315.00,1,0,0
10637,3.288,95.40,313.00,1,0,0
10639,3.288,95.40,313.00,1,0,0
10642,3.288,95.20,315.00,1,0,0
10644,3.288,95.70,315.00,1,0,0
10646,3.288,97.70,321.00,1,0,0
10649,3.288,95.60,329.00,1,0,0
10651,3.284,100.00,329.00,1,0,0
10654,3.288,95.50,315.00,1,0,0
10656,3.288,96.40,316.00,1,0,0
10669,3.288,96.60,318.00,1,0,0
10671,3.284,96.60,313.00,1,0,0
10674,3.288,95.30,313.00,1,0,0
10676,3.288,100.00,334.00,1,0,0
10679,3.336,30.40,102.00,1,0,0
10681,3.336,30.30,102.00,1,0,0
10684,3.336,30.50,102.00,1,0,0
10686,3.336,30.60,102.00,1,0,0
10689,3.336,30.50,102.00,1,0,0
10691,3.336,30.30,102.00,1,0,0
10694,3.336,30.30,102.00,1,0,0
10696,3.336,96.10,316.00,1,0,0
10699,3.336,30.40,102.00,1,0,0
10701,3.336,30.50,102.00,1,0,0
10714,3.336,30.30,102.00,1,0,0
10716,3.336,30.40,102.00,1,0,0
10719,3.336,40.00,131.00,1,0,0
10721,3.284,95.90,315.00,1,0,0
10724,3.288,95.20,318.00,1,0,0
10726,3.288,95.80,315.00,1,0,0
10729,3.288,95.60,315.00,1,0,0
10731,3.288,96.30,315.00,1,0,0
10734,3.284,95.70,315.00,1,0,0
10736,3.288,99.70,328.00,1,0,0
10739,3.288,95.40,313.00,1,0,0
10741,3.288,95.70,315.00,1,0,0
10743,3.288,97.60,321.00,1,0,0
10746,3.284,95.50,319.00,1,0,0
10759,3.284,96.20,315.00,1,0,0
10761,3.288,99.00,324.00,1,0,0
10764,3.284,95.30,313.00,1,0,0
10766,3.288,99.10,313.00,1,0,0
10769,3.284,95.90,315.00,1,0,0
10771,3.284,96.70,318.00,1,0,0
10774,3.288,95.50,316.00,1,0,0
10776,3.288,95.60,315.00,1,0,0
10778,3.336,30.30,102.00,1,0,0
10781,3.336,30.40,102.00,1,0,0
10783,3.336,30.40,102.00,1,0,0
10786,3.336,30.50,102.00,1,0,0
10788,3.336,30.60,102.00,1,0,0
10791,3.336,30.40,102.00,1,0,0
10803,3.336,30.50,102.00,1,0,0
10806,3.336,30.40,102.00,1,0,0
10808,3.336,30.30,102.00,1,0,0
10811,3.336,30.30,102.00,1,0,0
10813,3.336,30.40,102.00,1,0,0
10816,3.336,30.50,102.00,1,0,0
10818,3.336,30.50,146.00,1,0,0
10821,3.284,95.90,315.00,1,0,0
10823,3.284,98.60,324.00,1,0,0
10826,3.288,96.00,316.00,1,0,0
10828,3.288,96.20,316.00,1,0,0
10831,3.288,95.30,313.00,1,0,0
10833,3.288,99.00,318.00,1,0,0
10836,3.288,95.80,315.00,1,0,0
10848,3.288,95.40,311.00,1,0,0
10851,3.288,97.40,319.00,1,0,0
10853,3.288,95.50,315.00,1,0,0
10856,3.288,97.40,313.00,1,0,0
10858,3.288,95.60,315.00,1,0,0
10861,3.284,95.50,313.00,1,0,0
10863,3.288,99.70,315.00,1,0,0
10866,3.288,99.20,326.00,1,0,0
10868,3.284,95.70,315.00,1,0,0
10871,3.288,95.90,426.00,1,0,0
10873,3.288,97.00,319.00,1,0,0
10876,3.288,98.50,324.00,1,0,0
10878,3.336,30.30,102.00,1,0,0
10880,3.336,30.50,102.00,1,0,0
10893,3.336,30.30,102.00,1,0,0
10896,3.336,30.40,102.00,1,0,0
10898,3.336,30.40,102.00,1,0,0
10901,3.336,95.40,313.00,1,0,0
10903,3.284,91.00,303.00,1,0,0
10906,3.336,30.40,102.00,1,0,0
10908,3.332,30.30,102.00,1,0,0
10910,3.336,30.30,102.00,1,0,0
10913,3.336,30.40,102.00,1,0,0
10915,3.336,30.40,102.00,1,0,0
10918,3.336,30.50,102.00,1,0,0
10920,3.272,90.90,298.00,1,0,0
10923,3.288,95.60,323.00,1,0,0
10925,3.288,96.30,316.00,1,0,0
10938,3.288,95.50,315.00,1,0,0
10940,3.288,96.60,318.00,1,0,0
10943,3.288,95.90,313.00,1,0,0
10945,3.284,95.40,313.00,1,0,0
10948,3.284,96.20,316.00,1,0,0
10950,3.284,95.30,315.00,1,0,0
10953,3.288,96.30,316.00,1,0,0
10955,3.284,95.50,315.00,1,0,0
10958,3.288,95.80,313.00,1,0,0
10960,3.288,95.40,313.00,1,0,0
10963,3.288,95.80,315.00,1,0,0
10965,3.288,98.80,326.00,1,0,0
10968,3.288,95.70,315.00,1,0,0
10970,3.288,95.60,311.00,1,0,0
10983,3.336,30.40,102.00,1,0,0
10985,3.336,30.50,102.00,1,0,0
10988,3.336,30.50,102.00,1,0,0
10990,3.336,30.30,102.00,1,0,0
10993,3.336,30.30,102.00,1,0,0
10995,3.336,30.40,102.00,1,0,0
10998,3.336,30.40,102.00,1,0,0
11000,3.336,30.40,102.00,1,0,0
11003,3.336,31.90,313.00,1,0,0
11005,3.288,91.00,300.00,1,0,0
11008,3.320,30.40,102.00,1,0,0
11010,3.336,30.30,102.00,1,0,0
11013,3.336,30.40,102.00,1,0,0
11015,3.336,30.40,102.00,1,0,0
11028,3.288,96.20,316.00,1,0,0
11030,3.288,95.90,316.00,1,0,0
11033,3.288,95.60,315.00,1,0,0
11035,3.288,96.00,316.00,1,0,0
11038,3.288,98.10,313.00,1,0,0
11040,3.288,96.10,316.00,1,0,0
11042,3.284,95.30,313.00,1,0,0
11045,3.284,95.40,313.00,1,0,0
11047,3.288,95.70,313.00,1,0,0
11050,3.288,95.50,315.00,1,0,0
11052,3.284,96.20,316.00,1,0,0
11055,3.284,95.40,315.00,1,0,0
11057,3.288,95.60,315.00,1,0,0
11060,3.288,97.30,319.00,1,0,0
11072,3.288,95.50,315.00,1,0,0
11075,3.284,95.60,315.00,1,0,0
11077,3.296,30.50,102.00,1,0,0
11080,3.336,30.40,102.00,1,0,0
11082,3.336,30.40,102.00,1,0,0
11085,3.336,30.40,102.00,1,0,0
11087,3.336,30.50,102.00,1,0,0
11090,3.336,30.40,102.00,1,0,0
11092,3.332,30.30,102.00,1,0,0
11095,3.336,30.40,102.00,1,0,0
11097,3.336,30.40,102.00,1,0,0
11100,3.336,30.50,102.00,1,0,0
11102,3.336,30.40,102.00,1,0,0
11105,3.336,30.40,100.00,1,0,0
11117,3.336,30.50,102.00,1,0,0
11120,3.332,93.20,298.00,1,0,0
11122,3.284,95.30,313.00,1,0,0
11125,3.284,95.10,313.00,1,0,0
11127,3.288,95.30,313.00,1,0,0
11130,3.292,96.70,318.00,1,0,0
11132,3.288,97.80,323.00,1,0,0
11135,3.288,95.90,323.00,1,0,0
11137,3.288,98.90,324.00,1,0,0
11139,3.288,95.40,313.00,1,0,0
11142,3.288,95.60,315.00,1,0,0
11144,3.288,95.40,313.00,1,0,0
11147,3.288,95.70,315.00,1,0,0
11149,3.288,95.90,321.00,1,0,0
11162,3.284,95.80,315.00,1,0,0
11164,3.288,97.10,324.00,1,0,0
11167,3.288,95.50,313.00,1,0,0
11169,3.288,95.70,315.00,1,0,0
11172,3.264,99.30,328.00,1,0,0
11174,3.284,95.30,313.00,1,0,0
11177,3.324,30.50,102.00,1,0,0
11179,3.336,30.40,102.00,1,0,0
11182,3.336,30.40,102.00,1,0,0
11184,3.336,30.40,102.00,1,0,0
11187,3.336,30.50,102.00,1,0,0
11189,3.336,30.30,102.00,1,0,0
11192,3.336,30.50,102.00,1,0,0
11194,3.336,30.40,102.00,1,0,0
11207,3.336,30.40,313.00,1,0,0
11209,3.288,49.70,165.00,1,0,0
11212,3.336,30.50,102.00,1,0,0
11214,3.336,30.40,102.00,1,0,0
11217,3.336,30.40,102.00,1,0,0
11219,3.336,104.80,344.00,1,0,0
11222,3.288,98.80,324.00,1,0,0
11224,3.288,96.40,313.00,1,0,0
11227,3.284,95.90,315.00,1,0,0
11229,3.288,95.50,315.00,1,0,0
11232,3.288,98.00,324.00,1,0,0
11234,3.288,95.30,313.00,1,0,0
11237,3.288,97.40,319.00,1,0,0
11239,3.288,97.40,316.00,1,0,0
11252,3.288,95.30,324.00,1,0,0
11254,3.288,98.70,324.00,1,0,0
11257,3.288,97.40,319.00,1,0,0
11259,3.288,96.40,316.00,1,0,0
11262,3.288,97.30,319.00,1,0,0
11264,3.288,95.80,315.00,1,0,0
11267,3.284,96.50,313.00,1,0,0
11269,3.288,95.40,313.00,1,0,0
11272,3.268,95.50,315.00,1,0,0
11274,3.288,96.60,316.00,1,0,0
11276,3.292,30.50,102.00,1,0,0
11279,3.336,30.40,102.00,1,0,0
11281,3.336,30.40,102.00,1,0,0
11284,3.336,30.40,102.00,1,0,0
11296,3.336,30.40,102.00,1,0,0
11299,3.336,30.30,102.00,1,0,0
11301,3.336,30.40,102.00,1,0,0
11304,3.336,30.50,102.00,1,0,0
11306,3.336,30.50,102.00,1,0,0
11309,3.336,30.40,102.00,1,0,0
11311,3.288,95.50,238.00,1,0,0
11314,3.336,30.40,102.00,1,0,0
11316,3.336,30.30,102.00,1,0,0
11319,3.336,30.50,370.00,1,0,0
11321,3.288,95.40,313.00,1,0,0
11324,3.288,96.60,318.00,1,0,0
11326,3.288,95.70,315.00,1,0,0
11329,3.288,96.40,316.00,1,0,0
11341,3.288,95.90,315.00,1,0,0
11344,3.288,96.00,316.00,1,0,0
11346,3.288,95.80,315.00,1,0,0
11349,3.284,96.10,316.00,1,0,0
11351,3.288,96.30,316.00,1,0,0
11354,3.288,96.40,316.00,1,0,0
11356,3.284,97.10,319.00,1,0,0
11359,3.288,96.00,315.00,1,0,0
11361,3.284,96.00,316.00,1,0,0
11364,3.288,96.70,313.00,1,0,0
11366,3.284,95.30,313.00,1,0,0
11369,3.288,96.80,318.00,1,0,0
11371,3.288,127.70,313.00,1,0,0
11374,3.288,96.70,318.00,1,0,0
11386,3.336,30.40,102.00,1,0,0
11389,3.336,30.50,102.00,1,0,0
11391,3.336,30.50,102.00,1,0,0
11394,3.336,30.40,102.00,1,0,0
11396,3.336,30.40,102.00,1,0,0
11399,3.336,30.30,102.00,1,0,0
11401,3.336,30.40,102.00,1,0,0
11404,3.336,30.40,102.00,1,0,0
11406,3.336,30.50,102.00,1,0,0
11409,3.336,30.50,102.00,1,0,0
11411,3.336,30.40,102.00,1,0,0
11413,3.288,96.10,306.00,1,0,0
11416,3.336,30.30,102.00,1,0,0
11418,3.336,30.40,102.00,1,0,0
11431,3.288,98.50,324.00,1,0,0
11434,3.288,95.20,313.00,1,0,0
11436,3.288,95.80,315.00,1,0,0
11438,3.288,96.20,316.00,1,0,0
11441,3.288,96.40,316.00,1,0,0
11443,3.288,96.20,316.00,1,0,0
11446,3.288,96.20,316.00,1,0,0
11448,3.288,95.40,313.00,1,0,0
11451,3.288,96.00,313.00,1,0,0
11453,3.288,95.80,315.00,1,0,0
11456,3.284,95.80,315.00,1,0,0
11458,3.288,100.20,315.00,1,0,0
11461,3.288,95.30,313.00,1,0,0
11463,3.288,96.30,316.00,1,0,0
11476,3.292,98.90,328.00,1,0,0
11478,3.336,30.50,102.00,1,0,0
11481,3.336,30.40,102.00,1,0,0
11483,3.336,30.40,102.00,1,0,0
11486,3.336,30.50,102.00,1,0,0
11488,3.336,30.60,102.00,1,0,0
11491,3.336,30.50,102.00,1,0,0
11493,3.336,30.50,102.00,1,0,0
11496,3.336,30.40,102.00,1,0,0
11498,3.336,30.30,102.00,1,0,0
11501,3.336,30.40,102.00,1,0,0
11503,3.336,30.40,102.00,1,0,0
11506,3.336,30.50,102.00,1,0,0
11508,3.336,30.50,102.00,1,0,0
11521,3.288,96.60,318.00,1,0,0
11523,3.288,95.40,316.00,1,0,0
11526,3.288,94.90,311.00,1,0,0
11528,3.288,95.40,313.00,1,0,0
11531,3.288,95.30,313.00,1,0,0
11533,3.292,95.60,315.00,1,0,0
11536,3.288,97.70,321.00,1,0,0
11538,3.288,95.80,315.00,1,0,0
11541,3.288,96.60,318.00,1,0,0
11543,3.288,96.40,316.00,1,0,0
11545,3.288,96.10,319.00,1,0,0
11548,3.288,95.30,313.00,1,0,0
11550,3.288,95.30,313.00,1,0,0
11553,3.288,95.80,315.00,1,0,0
11566,3.288,95.40,313.00,1,0,0
11568,3.288,95.70,316.00,1,0,0
11571,3.288,131.70,433.00,1,0,0
11573,3.288,96.60,318.00,1,0,0
11575,3.288,95.40,197.00,1,0,0
11578,3.336,30.40,102.00,1,0,0
11580,3.336,30.30,102.00,1,0,0
11583,3.336,30.30,102.00,1,0,0
11585,3.336,30.40,102.00,1,0,0
11588,3.336,30.60,102.00,1,0,0
11590,3.336,30.40,102.00,1,0,0
11593,3.336,30.40,102.00,1,0,0
11595,3.336,30.30,102.00,1,0,0
11598,3.336,30.30,102.00,1,0,0
11610,3.336,30.40,102.00,1,0,0
11613,3.336,30.30,102.00,1,0,0
11615,3.336,30.30,102.00,1,0,0
11618,3.292,95.50,315.00,1,0,0
11620,3.276,94.10,298.00,1,0,0
11623,3.284,96.20,316.00,1,0,0
11625,3.288,95.30,313.00,1,0,0
11628,3.288,96.30,315.00,1,0,0
11630,3.288,95.30,313.00,1,0,0
11633,3.288,95.50,315.00,1,0,0
11635,3.288,95.40,315.00,1,0,0
11638,3.288,97.60,321.00,1,0,0
11640,3.284,96.60,318.00,1,0,0
11643,3.288,96.30,318.00,1,0,0
11655,3.288,95.80,313.00,1,0,0
11658,3.288,96.00,316.00,1,0,0
11660,3.284,95.20,313.00,1,0,0
11663,3.288,96.00,316.00,1,0,0
11665,3.288,95.40,313.00,1,0,0
11668,3.288,95.50,315.00,1,0,0
11670,3.288,95.60,313.00,1,0,0
11673,3.280,98.20,323.00,1,0,0
11675,3.284,95.40,313.00,1,0,0
11678,3.288,30.50,102.00,1,0,0
11680,3.336,30.30,102.00,1,0,0
11682,3.336,30.30,102.00,1,0,0
11685,3.336,30.50,102.00,1,0,0
11687,3.336,30.50,102.00,1,0,0
11700,3.336,30.40,102.00,1,0,0
11703,3.336,30.50,102.00,1,0,0
11705,3.336,30.50,102.00,1,0,0
11707,3.336,30.40,102.00,1,0,0
11710,3.336,30.30,102.00,1,0,0
11712,3.336,30.40,102.00,1,0,0
11715,3.336,30.40,102.00,1,0,0
11717,3.336,30.50,102.00,1,0,0
11720,3.296,95.60,315.00,1,0,0
11722,3.288,93.70,378.00,1,0,0
11725,3.288,95.30,313.00,1,0,0
11727,3.288,99.40,328.00,1,0,0
11730,3.288,95.80,319.00,1,0,0
11732,3.288,96.20,316.00,1,0,0
11745,3.288,96.20,316.00,1,0,0
11747,3.288,96.00,316.00,1,0,0
11750,3.288,95.00,316.00,1,0,0
11752,3.288,96.10,316.00,1,0,0
11755,3.288,95.80,315.00,1,0,0
11757,3.288,96.10,316.00,1,0,0
11760,3.288,95.40,315.00,1,0,0
11762,3.288,96.60,318.00,1,0,0
11765,3.288,96.00,316.00,1,0,0
11767,3.288,97.60,315.00,1,0,0
11770,3.288,95.50,315.00,1,0,0
11772,3.288,95.30,313.00,1,0,0
11775,3.288,95.50,313.00,1,0,0
11777,3.288,96.40,316.00,1,0,0
11790,3.336,30.50,102.00,1,0,0
11792,3.336,30.40,102.00,1,0,0
11795,3.336,30.40,102.00,1,0,0
11797,3.336,30.30,102.00,1,0,0
11800,3.336,30.40,102.00,1,0,0
11802,3.332,30.50,102.00,1,0,0
11805,3.336,30.50,102.00,1,0,0
11807,3.336,30.50,102.00,1,0,0
11810,3.336,30.30,102.00,1,0,0
11812,3.336,30.40,102.00,1,0,0
11815,3.336,30.30,102.00,1,0,0
11817,3.336,30.50,102.00,1,0,0
11819,3.336,91.60,301.00,1,0,0
11822,3.288,95.80,315.00,1,0,0
11835,3.288,94.80,311.00,1,0,0
11837,3.288,99.00,326.00,1,0,0
11840,3.288,95.80,318.00,1,0,0
11842,3.292,96.80,318.00,1,0,0
11844,3.288,95.40,313.00,1,0,0
11847,3.292,97.80,315.00,1,0,0
11849,3.288,96.30,316.00,1,0,0
11852,3.288,95.50,315.00,1,0,0
11854,3.288,96.40,313.00,1,0,0
11857,3.288,95.80,315.00,1,0,0
11859,3.288,95.60,315.00,1,0,0
11862,3.288,95.30,313.00,1,0,0
11864,3.288,96.30,316.00,1,0,0
11867,3.288,95.50,315.00,1,0,0
11879,3.340,30.30,102.00,1,0,0
11882,3.332,30.40,102.00,1,0,0
11884,3.336,30.50,102.00,1,0,0
11887,3.336,30.60,102.00,1,0,0
11889,3.336,30.50,102.00,1,0,0
11892,3.336,30.30,102.00,1,0,0
11894,3.336,30.30,102.00,1,0,0
11897,3.336,30.40,102.00,1,0,0
11899,3.336,30.40,102.00,1,0,0
11902,3.336,30.50,102.00,1,0,0
11904,3.336,30.60,102.00,1,0,0
11907,3.336,30.40,102.00,1,0,0
11909,3.336,30.30,102.00,1,0,0
11912,3.336,30.30,102.00,1,0,0
11924,3.288,96.30,316.00,1,0,0
11927,3.288,91.30,311.00,1,0,0
11929,3.288,96.30,316.00,1,0,0
11932,3.288,95.30,313.00,1,0,0
11934,3.288,95.40,321.00,1,0,0
11937,3.288,93.50,308.00,1,0,0
11939,3.288,95.20,313.00,1,0,0
11942,3.288,95.20,328.00,1,0,0
11944,3.292,95.10,313.00,1,0,0
11947,3.288,95.60,315.00,1,0,0
11949,3.288,96.10,316.00,1,0,0
11952,3.288,95.40,313.00,1,0,0
11954,3.288,95.70,315.00,1,0,0
11956,3.288,95.30,316.00,1,0,0
11969,3.288,95.50,315.00,1,0,0
11972,3.284,128.90,318.00,1,0,0
11974,3.288,97.10,319.00,1,0,0
11977,3.284,31.10,103.00,1,0,0
11979,3.336,30.30,102.00,1,0,0
11982,3.336,30.40,102.00,1,0,0
11984,3.336,30.50,102.00,1,0,0
11986,3.336,30.50,102.00,1,0,0
11989,3.336,30.30,102.00,1,0,0
11991,3.336,30.30,102.00,1,0,0
11994,3.336,30.30,102.00,1,0,0
11996,3.336,30.30,102.00,1,0,0
11999,3.336,30.40,102.00,1,0,0
12001,3.336,30.40,102.00,1,0,0
12014,3.336,30.40,102.00,1,0,0
12016,3.336,30.50,102.00,1,0,0
12019,3.336,45.20,147.00,1,0,0
12021,3.284,95.50,315.00,1,0,0
12024,3.288,97.40,313.00,1,0,0
12026,3.288,97.30,319.00,1,0,0
12029,3.288,90.80,298.00,1,0,0
12031,3.284,95.20,313.00,1,0,0
12034,3.288,95.30,313.00,1,0,0
12036,3.288,95.80,315.00,1,0,0
12039,3.288,97.50,313.00,1,0,0
12041,3.288,95.30,313.00,1,0,0
12044,3.288,88.40,290.00,1,0,0
12046,3.288,98.70,313.00,1,0,0
12059,3.288,96.10,313.00,1,0,0
12061,3.288,98.20,323.00,1,0,0
12064,3.288,95.90,315.00,1,0,0
12066,3.288,95.80,313.00,1,0,0
12069,3.288,95.50,315.00,1,0,0
12071,3.264,96.60,318.00,1,0,0
12074,3.288,96.90,313.00,1,0,0
12076,3.288,30.40,102.00,1,0,0
12079,3.336,30.30,102.00,1,0,0
12081,3.336,30.40,102.00,1,0,0
12088,3.336,30.40,102.00,1,0,0
12091,3.332,30.30,102.00,1,0,0
12093,3.336,30.40,102.00,1,0,0
12096,3.336,30.40,102.00,1,0,0
12098,3.336,30.40,102.00,1,0,0
12101,3.336,30.60,102.00,1,0,0
12103,3.336,30.50,102.00,1,0,0
12106,3.336,30.40,102.00,1,0,0
12108,3.336,30.40,102.00,1,0,0
12110,3.336,30.40,102.00,1,0,0
12113,3.336,30.40,102.00,1,0,0
12126,3.288,95.20,313.00,1,0,0
12128,3.288,98.50,321.00,1,0,0
12131,3.288,90.70,298.00,1,0,0
12133,3.272,95.50,313.00,1,0,0
12135,3.288,95.90,315.00,1,0,0
12138,3.284,93.10,306.00,1,0,0
12140,3.288,93.70,308.00,1,0,0
12143,3.288,95.80,315.00,1,0,0
12145,3.288,91.30,300.00,1,0,0
12148,3.288,96.60,318.00,1,0,0
12150,3.288,92.50,298.00,1,0,0
12153,3.288,95.70,315.00,1,0,0
12155,3.288,90.80,298.00,1,0,0
12158,3.288,95.70,315.00,1,0,0
12170,3.288,95.70,298.00,1,0,0
12173,3.288,91.50,301.00,1,0,0
12175,3.288,90.80,298.00,1,0,0
12178,3.288,66.80,102.00,1,0,0
12180,3.336,30.50,102.00,1,0,0
12183,3.336,30.40,102.00,1,0,0
12185,3.336,30.60,102.00,1,0,0
12188,3.336,30.50,102.00,1,0,0
12190,3.336,30.40,102.00,1,0,0
12193,3.336,30.30,102.00,1,0,0
12195,3.336,30.40,102.00,1,0,0
12198,3.336,30.40,102.00,1,0,0
12200,3.336,30.40,102.00,1,0,0
12203,3.336,30.60,102.00,1,0,0
12215,3.336,30.50,102.00,1,0,0
12218,3.336,30.50,102.00,1,0,0
12220,3.336,30.50,102.00,1,0,0
12223,3.336,30.40,102.00,1,0,0
12225,3.328,90.70,298.00,1,0,0
12228,3.292,96.70,318.00,1,0,0
12230,3.288,96.10,315.00,1,0,0
12233,3.284,91.60,301.00,1,0,0
12235,3.288,95.90,315.00,1,0,0
12238,3.288,101.40,313.00,1,0,0
12240,3.288,95.50,315.00,1,0,0
12242,3.288,95.30,313.00,1,0,0
12245,3.288,95.50,315.00,1,0,0
12247,3.288,96.30,321.00,1,0,0
12260,3.288,96.20,316.00,1,0,0
12263,3.288,96.90,318.00,1,0,0
12265,3.288,95.60,315.00,1,0,0
12267,3.288,95.70,293.00,1,0,0
12270,3.288,92.60,305.00,1,0,0
12272,3.284,95.10,313.00,1,0,0
12275,3.288,98.90,323.00,1,0,0
12277,3.264,95.80,315.00,1,0,0
12280,3.292,95.60,315.00,1,0,0
12282,3.324,30.50,102.00,1,0,0
12285,3.336,30.40,102.00,1,0,0
12287,3.336,30.50,102.00,1,0,0
12290,3.336,30.40,102.00,1,0,0
12292,3.336,30.40,102.00,1,0,0
12305,3.336,30.50,102.00,1,0,0
12307,3.336,30.30,102.00,1,0,0
12310,3.336,30.40,102.00,1,0,0
12312,3.336,30.40,102.00,1,0,0
12315,3.336,30.40,102.00,1,0,0
12317,3.336,30.50,102.00,1,0,0
12320,3.336,30.40,102.00,1,0,0
12322,3.336,30.30,102.00,1,0,0
12325,3.320,115.90,382.00,1,0,0
12327,3.288,96.60,313.00,1,0,0
12330,3.288,95.80,315.00,1,0,0
12332,3.288,98.40,323.00,1,0,0
12335,3.284,95.70,315.00,1,0,0
12337,3.284,95.20,313.00,1,0,0
12350,3.288,95.50,315.00,1,0,0
12352,3.288,95.90,315.00,1,0,0
12355,3.288,96.10,313.00,1,0,0
12357,3.284,98.80,326.00,1,0,0
12360,3.288,98.90,324.00,1,0,0
12362,3.288,96.20,315.00,1,0,0
12365,3.288,96.30,316.00,1,0,0
12367,3.288,97.10,319.00,1,0,0
12370,3.292,99.20,315.00,1,0,0
12372,3.288,95.70,313.00,1,0,0
12375,3.288,95.60,315.00,1,0,0
12377,3.288,95.60,315.00,1,0,0
12379,3.284,96.40,315.00,1,0,0
12382,3.284,30.50,102.00,1,0,0
12395,3.336,30.40,102.00,1,0,0
12397,3.336,30.40,102.00,1,0,0
12400,3.336,30.50,102.00,1,0,0
12402,3.336,30.40,102.00,1,0,0
12404,3.336,30.50,102.00,1,0,0
12407,3.336,30.30,102.00,1,0,0
12409,3.336,30.50,102.00,1,0,0
12412,3.336,30.40,102.00,1,0,0
12414,3.336,30.40,102.00,1,0,0
12417,3.336,30.40,102.00,1,0,0
12419,3.336,30.40,102.00,1,0,0
12422,3.336,30.40,102.00,1,0,0
12424,3.332,89.60,293.00,1,0,0
12427,3.280,99.00,326.00,1,0,0
12439,3.288,94.20,310.00,1,0,0
12442,3.288,95.60,315.00,1,0,0
12444,3.288,95.30,313.00,1,0,0
12447,3.288,97.10,319.00,1,0,0
12449,3.288,95.30,313.00,1,0,0
12452,3.288,95.30,313.00,1,0,0
12454,3.288,95.30,313.00,1,0,0
12457,3.288,98.60,324.00,1,0,0
12459,3.288,97.40,328.00,1,0,0
12462,3.292,95.90,315.00,1,0,0
12464,3.288,96.30,316.00,1,0,0
12467,3.288,95.20,316.00,1,0,0
12469,3.288,95.30,313.00,1,0,0
12472,3.288,97.20,319.00,1,0,0
12484,3.336,30.40,102.00,1,0,0
12487,3.336,30.50,102.00,1,0,0
12489,3.336,30.40,102.00,1,0,0
12492,3.336,30.40,102.00,1,0,0
12494,3.336,30.40,102.00,1,0,0
12497,3.336,30.40,102.00,1,0,0
12499,3.336,30.30,102.00,1,0,0
12502,3.336,30.40,102.00,1,0,0
12504,3.336,30.50,102.00,1,0,0
12506,3.336,30.50,102.00,1,0,0
12509,3.332,30.40,102.00,1,0,0
12511,3.336,30.40,102.00,1,0,0
12514,3.336,30.40,102.00,1,0,0
12516,3.336,30.30,102.00,1,0,0
12529,3.288,95.20,313.00,1,0,0
12532,3.288,95.20,313.00,1,0,0
12534,3.288,95.20,313.00,1,0,0
12536,3.288,95.30,313.00,1,0,0
12539,3.288,97.20,318.00,1,0,0
12541,3.288,91.20,300.00,1,0,0
12544,3.288,95.40,313.00,1,0,0
12546,3.288,95.40,316.00,1,0,0
12549,3.288,97.20,319.00,1,0,0
12551,3.288,95.60,315.00,1,0,0
12554,3.288,95.30,313.00,1,0,0
12556,3.284,96.10,316.00,1,0,0
12559,3.288,95.30,313.00,1,0,0
12561,3.288,95.40,315.00,1,0,0
12574,3.292,96.60,318.00,1,0,0
12576,3.288,100.80,313.00,1,0,0
12579,3.268,95.40,313.00,1,0,0
12581,3.288,96.30,316.00,1,0,0
12584,3.336,30.40,102.00,1,0,0
12586,3.336,30.40,102.00,1,0,0
12589,3.336,30.40,102.00,1,0,0
12591,3.336,30.40,102.00,1,0,0
12594,3.336,30.40,102.00,1,0,0
12596,3.336,30.40,102.00,1,0,0
12599,3.336,30.30,102.00,1,0,0
12601,3.336,30.40,102.00,1,0,0
12604,3.332,30.40,102.00,1,0,0
12606,3.336,30.60,102.00,1,0,0
12619,3.336,30.40,102.00,1,0,0
12621,3.336,30.50,102.00,1,0,0
12624,3.336,36.40,120.00,1,0,0
12626,3.288,96.30,316.00,1,0,0
12629,3.288,90.10,295.00,1,0,0
12631,3.288,95.20,313.00,1,0,0
12634,3.288,98.70,324.00,1,0,0
12636,3.288,95.60,315.00,1,0,0
12639,3.288,95.70,315.00,1,0,0
12641,3.288,98.10,323.00,1,0,0
12643,3.288,90.80,303.00,1,0,0
12646,3.288,98.40,323.00,1,0,0
12648,3.288,93.90,310.00,1,0,0
12651,3.292,95.60,319.00,1,0,0
12664,3.288,96.60,315.00,1,0,0
12666,3.292,96.00,316.00,1,0,0
12668,3.284,95.70,315.00,1,0,0
12671,3.288,95.80,316.00,1,0,0
12673,3.288,95.90,315.00,1,0,0
12676,3.288,131.30,431.00,1,0,0
12678,3.288,95.70,315.00,1,0,0
12681,3.288,38.80,129.00,1,0,0
12683,3.336,30.30,102.00,1,0,0
12686,3.336,30.40,102.00,1,0,0
12688,3.336,30.50,102.00,1,0,0
12691,3.336,30.40,102.00,1,0,0
12693,3.332,30.50,102.00,1,0,0
12696,3.336,30.40,102.00,1,0,0
12708,3.336,30.50,102.00,1,0,0
12711,3.336,30.50,102.00,1,0,0
12713,3.336,30.30,102.00,1,0,0
12716,3.336,30.30,102.00,1,0,0
12718,3.332,30.40,102.00,1,0,0
12721,3.336,30.50,102.00,1,0,0
12723,3.336,30.40,128.00,1,0,0
12726,3.280,95.70,315.00,1,0,0
12728,3.284,95.40,313.00,1,0,0
12731,3.288,91.80,295.00,1,0,0
12733,3.288,97.60,321.00,1,0,0
12736,3.284,95.90,315.00,1,0,0
12738,3.284,96.10,313.00,1,0,0
12741,3.288,99.20,326.00,1,0,0
12753,3.288,96.10,316.00,1,0,0
12756,3.284,97.10,319.00,1,0,0
12758,3.288,95.20,313.00,1,0,0
12761,3.288,97.70,321.00,1,0,0
12763,3.288,95.90,315.00,1,0,0
12766,3.288,96.10,315.00,1,0,0
12768,3.288,96.30,316.00,1,0,0
12771,3.288,95.70,315.00,1,0,0
12773,3.288,96.80,318.00,1,0,0
12776,3.288,96.30,415.00,1,0,0
12778,3.288,95.30,313.00,1,0,0
12781,3.284,95.70,315.00,1,0,0
12783,3.336,30.30,102.00,1,0,0
12785,3.336,30.40,102.00,1,0,0
12798,3.336,30.30,102.00,1,0,0
12801,3.336,30.40,102.00,1,0,0
12803,3.336,30.60,102.00,1,0,0
12806,3.336,30.50,102.00,1,0,0
12808,3.336,30.50,102.00,1,0,0
12811,3.336,30.40,102.00,1,0,0
12813,3.336,30.40,102.00,1,0,0
12815,3.336,30.30,102.00,1,0,0
12818,3.336,30.40,102.00,1,0,0
12820,3.336,30.60,102.00,1,0,0
12823,3.336,30.50,102.00,1,0,0
12825,3.268,90.90,311.00,1,0,0
12828,3.284,95.30,313.00,1,0,0
12830,3.284,95.50,313.00,1,0,0
12843,3.288,95.50,315.00,1,0,0
12845,3.288,95.90,315.00,1,0,0
12848,3.288,91.60,303.00,1,0,0
12850,3.288,98.90,324.00,1,0,0
12853,3.288,96.20,316.00,1,0,0
12855,3.288,95.30,316.00,1,0,0
12858,3.288,95.60,315.00,1,0,0
12860,3.288,95.20,313.00,1,0,0
12863,3.288,95.20,313.00,1,0,0
12865,3.284,95.20,313.00,1,0,0
12868,3.288,95.30,313.00,1,0,0
12870,3.288,95.60,313.00,1,0,0
12873,3.284,100.20,329.00,1,0,0
12875,3.284,96.30,316.00,1,0,0
12888,3.336,30.50,102.00,1,0,0
12890,3.336,30.50,102.00,1,0,0
12893,3.336,30.30,102.00,1,0,0
12895,3.336,30.40,102.00,1,0,0
12898,3.336,30.40,102.00,1,0,0
12900,3.336,30.40,102.00,1,0,0
12903,3.336,30.60,102.00,1,0,0
12905,3.336,30.60,102.00,1,0,0
12908,3.336,30.40,102.00,1,0,0
12910,3.336,30.30,102.00,1,0,0
12913,3.336,30.40,102.00,1,0,0
12915,3.336,30.30,102.00,1,0,0
12918,3.336,30.50,102.00,1,0,0
12920,3.336,30.50,102.00,1,0,0
12933,3.284,95.20,313.00,1,0,0
12935,3.284,95.30,295.00,1,0,0
12938,3.288,95.30,313.00,1,0,0
12940,3.288,96.30,316.00,1,0,0
12943,3.284,95.50,313.00,1,0,0
12945,3.284,95.10,313.00,1,0,0
12947,3.288,95.50,313.00,1,0,0
12950,3.288,96.60,300.00,1,0,0
12952,3.288,95.40,313.00,1,0,0
12955,3.284,95.20,313.00,1,0,0
12957,3.288,95.30,315.00,1,0,0
12960,3.288,95.10,313.00,1,0,0
12962,3.288,95.20,313.00,1,0,0
12965,3.288,96.00,313.00,1,0,0
12977,3.288,96.20,316.00,1,0,0
12980,3.288,125.10,316.00,1,0,0
12982,3.288,95.20,313.00,1,0,0
12985,3.288,71.80,239.00,1,0,0
12987,3.336,30.60,102.00,1,0,0
12990,3.336,30.50,102.00,1,0,0
12992,3.336,30.30,102.00,1,0,0
12995,3.336,30.30,102.00,1,0,0
12997,3.336,30.30,102.00,1,0,0
13000,3.336,30.40,102.00,1,0,0
13002,3.336,30.50,102.00,1,0,0
13005,3.336,30.50,102.00,1,0,0
13007,3.336,30.40,102.00,1,0,0
13010,3.336,30.30,102.00,1,0,0
13022,3.336,30.50,102.00,1,0,0
13025,3.336,66.80,375.00,1,0,0
13027,3.288,95.10,313.00,1,0,0
13030,3.288,95.60,315.00,1,0,0
13032,3.288,95.30,313.00,1,0,0
13035,3.288,95.60,315.00,1,0,0
13037,3.288,95.50,315.00,1,0,0
13040,3.288,89.70,313.00,1,0,0
13042,3.288,95.10,313.00,1,0,0
13044,3.288,95.20,313.00,1,0,0
13047,3.288,95.60,313.00,1,0,0
13049,3.288,95.40,313.00,1,0,0
13052,3.284,96.10,316.00,1,0,0
13054,3.288,91.00,313.00,1,0,0
13067,3.288,95.40,313.00,1,0,0
13069,3.284,95.50,313.00,1,0,0
13072,3.288,95.40,313.00,1,0,0
13074,3.284,95.30,316.00,1,0,0
13077,3.288,101.30,413.00,1,0,0
13079,3.284,96.40,316.00,1,0,0
13082,3.288,96.30,316.00,1,0,0
13084,3.336,30.60,102.00,1,0,0
13087,3.336,30.60,102.00,1,0,0
13089,3.336,30.50,102.00,1,0,0
13092,3.336,30.40,102.00,1,0,0
13094,3.336,30.30,102.00,1,0,0
13097,3.336,30.40,102.00,1,0,0
13099,3.336,30.40,102.00,1,0,0
13112,3.336,30.40,102.00,1,0,0
13114,3.336,30.40,102.00,1,0,0
13117,3.332,30.50,102.00,1,0,0
13119,3.336,30.60,102.00,1,0,0
13122,3.332,30.50,102.00,1,0,0
13124,3.336,73.20,239.00,1,0,0
13127,3.284,95.40,313.00,1,0,0
13129,3.288,96.80,318.00,1,0,0
13132,3.288,99.30,326.00,1,0,0
13134,3.284,95.30,315.00,1,0,0
13137,3.288,95.50,315.00,1,0,0
13139,3.288,95.30,313.00,1,0,0
13142,3.288,89.40,308.00,1,0,0
13144,3.288,95.20,313.00,1,0,0
13157,3.288,94.20,313.00,1,0,0
13159,3.284,95.20,313.00,1,0,0
13162,3.288,95.30,313.00,1,0,0
13164,3.288,96.10,315.00,1,0,0
13167,3.288,96.10,316.00,1,0,0
13169,3.288,95.50,315.00,1,0,0
13172,3.284,95.70,313.00,1,0,0
13174,3.288,95.90,315.00,1,0,0
13177,3.264,95.60,315.00,1,0,0
13179,3.288,96.30,316.00,1,0,0
13181,3.288,30.50,102.00,1,0,0
13184,3.336,30.50,102.00,1,0,0
13186,3.336,30.50,102.00,1,0,0
13189,3.336,30.40,102.00,1,0,0
13201,3.336,30.60,102.00,1,0,0
13204,3.336,30.50,102.00,1,0,0
13206,3.336,30.40,102.00,1,0,0
13209,3.336,30.30,102.00,1,0,0
13211,3.336,30.30,102.00,1,0,0
13214,3.336,30.50,102.00,1,0,0
13216,3.336,30.50,102.00,1,0,0
13219,3.336,30.60,102.00,1,0,0
13221,3.336,30.50,102.00,1,0,0
13224,3.336,30.40,341.00,1,0,0
13226,3.288,95.70,315.00,1,0,0
13229,3.288,95.10,313.00,1,0,0
13231,3.288,95.40,313.00,1,0,0
13234,3.284,95.80,315.00,1,0,0
13246,3.288,95.30,313.00,1,0,0
13249,3.288,95.60,315.00,1,0,0
13251,3.288,96.00,316.00,1,0,0
13254,3.284,99.00,326.00,1,0,0
13256,3.288,96.50,316.00,1,0,0
13259,3.288,90.60,339.00,1,0,0
13261,3.288,96.20,316.00,1,0,0
13264,3.288,96.90,318.00,1,0,0
13266,3.284,96.30,316.00,1,0,0
13269,3.288,96.10,316.00,1,0,0
13271,3.288,96.20,316.00,1,0,0
13274,3.288,96.10,315.00,1,0,0
13276,3.288,95.80,315.00,1,0,0
13279,3.288,95.90,315.00,1,0,0
13291,3.336,30.40,102.00,1,0,0
13294,3.336,30.30,102.00,1,0,0
13296,3.336,30.40,102.00,1,0,0
13299,3.336,30.50,102.00,1,0,0
13301,3.336,30.60,102.00,1,0,0
13304,3.336,30.60,102.00,1,0,0
13306,3.336,30.30,102.00,1,0,0
13309,3.336,30.30,102.00,1,0,0
13311,3.336,30.30,102.00,1,0,0
13314,3.332,30.40,102.00,1,0,0
13316,3.336,30.50,102.00,1,0,0
13318,3.336,30.60,102.00,1,0,0
13321,3.336,30.50,102.00,1,0,0
13323,3.336,30.40,102.00,1,0,0
13336,3.288,95.90,315.00,1,0,0
13339,3.288,95.20,319.00,1,0,0
13341,3.288,95.00,313.00,1,0,0
13343,3.288,95.20,313.00,1,0,0
13346,3.288,89.80,295.00,1,0,0
13348,3.288,95.50,315.00,1,0,0
13351,3.288,96.00,316.00,1,0,0
13353,3.288,95.40,313.00,1,0,0
13356,3.288,95.30,316.00,1,0,0
13358,3.288,95.80,315.00,1,0,0
13361,3.288,92.60,305.00,1,0,0
13363,3.284,96.10,315.00,1,0,0
13366,3.284,96.20,316.00,1,0,0
13368,3.288,96.00,316.00,1,0,0
13381,3.288,98.90,328.00,1,0,0
13383,3.336,30.50,102.00,1,0,0
13386,3.336,30.50,102.00,1,0,0
13388,3.336,30.40,102.00,1,0,0
13391,3.336,30.40,102.00,1,0,0
13393,3.336,30.30,102.00,1,0,0
13396,3.336,30.50,102.00,1,0,0
13398,3.336,30.40,102.00,1,0,0
13401,3.336,30.50,102.00,1,0,0
13403,3.336,30.50,102.00,1,0,0
13406,3.336,30.40,102.00,1,0,0
13408,3.336,30.30,102.00,1,0,0
13411,3.336,30.40,102.00,1,0,0
13413,3.336,30.50,102.00,1,0,0
13426,3.288,94.50,311.00,1,0,0
13428,3.288,95.40,313.00,1,0,0
13431,3.288,95.20,313.00,1,0,0
13433,3.288,95.70,315.00,1,0,0
13436,3.288,95.40,313.00,1,0,0
13438,3.288,95.10,313.00,1,0,0
13441,3.288,99.40,326.00,1,0,0
13443,3.284,95.50,316.00,1,0,0
13446,3.288,95.70,315.00,1,0,0
13448,3.288,89.70,295.00,1,0,0
13451,3.288,95.30,313.00,1,0,0
13453,3.288,95.30,313.00,1,0,0
13455,3.288,95.30,313.00,1,0,0
13458,3.288,95.10,316.00,1,0,0
13471,3.288,96.10,313.00,1,0,0
13473,3.288,95.30,313.00,1,0,0
13476,3.284,108.20,356.00,1,0,0
13478,3.288,95.50,313.00,1,0,0
13480,3.288,95.30,287.00,1,0,0
13483,3.336,30.50,102.00,1,0,0
13485,3.336,30.40,102.00,1,0,0
13488,3.336,30.40,102.00,1,0,0
13490,3.336,30.40,102.00,1,0,0
13493,3.336,30.40,102.00,1,0,0
13495,3.336,30.40,102.00,1,0,0
13498,3.336,30.40,102.00,1,0,0
13500,3.336,30.50,102.00,1,0,0
13503,3.336,30.40,102.00,1,0,0
13515,3.336,30.50,102.00,1,0,0
13518,3.336,30.40,102.00,1,0,0
13520,3.336,30.50,102.00,1,0,0
13523,3.336,30.40,100.00,1,0,0
13525,3.320,95.30,313.00,1,0,0
13528,3.288,95.30,313.00,1,0,0
13530,3.288,95.60,313.00,1,0,0
13533,3.288,95.60,315.00,1,0,0
13535,3.288,96.00,316.00,1,0,0
13538,3.288,95.30,315.00,1,0,0
13540,3.288,95.50,315.00,1,0,0
13543,3.288,95.50,315.00,1,0,0
13545,3.288,95.70,315.00,1,0,0
13548,3.288,95.50,308.00,1,0,0
13560,3.292,98.80,316.00,1,0,0
13563,3.288,101.30,333.00,1,0,0
13565,3.288,91.50,301.00,1,0,0
13568,3.288,95.20,313.00,1,0,0
13570,3.288,95.30,313.00,1,0,0
13573,3.288,96.20,316.00,1,0,0
13575,3.288,95.10,431.00,1,0,0
13578,3.288,95.50,315.00,1,0,0
13580,3.288,95.30,313.00,1,0,0
13583,3.336,30.50,102.00,1,0,0
13585,3.336,30.40,102.00,1,0,0
13587,3.332,30.40,102.00,1,0,0
13590,3.336,30.40,102.00,1,0,0
13592,3.336,30.40,102.00,1,0,0
13605,3.336,30.40,102.00,1,0,0
13608,3.336,30.30,102.00,1,0,0
13610,3.336,30.40,102.00,1,0,0
13612,3.336,30.50,102.00,1,0,0
13615,3.336,30.40,102.00,1,0,0
13617,3.336,30.40,102.00,1,0,0
13620,3.336,30.40,102.00,1,0,0
13622,3.336,30.40,102.00,1,0,0
13625,3.312,110.00,362.00,1,0,0
13627,3.284,95.10,313.00,1,0,0
13630,3.288,95.30,313.00,1,0,0
13632,3.288,95.20,313.00,1,0,0
13635,3.288,95.30,313.00,1,0,0
13637,3.288,97.70,321.00,1,0,0
13650,3.288,95.50,315.00,1,0,0
13652,3.288,89.50,295.00,1,0,0
13655,3.292,95.30,313.00,1,0,0
13657,3.288,98.10,323.00,1,0,0
13660,3.284,95.50,313.00,1,0,0
13662,3.288,95.40,315.00,1,0,0
13665,3.288,96.00,316.00,1,0,0
13667,3.288,90.80,298.00,1,0,0
13670,3.284,96.10,315.00,1,0,0
13672,3.288,95.60,321.00,1,0,0
13675,3.288,96.30,316.00,1,0,0
13677,3.284,95.90,315.00,1,0,0
13680,3.288,95.90,315.00,1,0,0
13682,3.288,30.40,102.00,1,0,0
13695,3.336,30.40,102.00,1,0,0
13697,3.332,30.50,102.00,1,0,0
13700,3.336,30.40,102.00,1,0,0
13702,3.336,30.50,102.00,1,0,0
13705,3.336,30.40,102.00,1,0,0
13707,3.336,30.40,102.00,1,0,0
13710,3.336,30.40,102.00,1,0,0
13712,3.336,30.50,102.00,1,0,0
13714,3.336,30.50,102.00,1,0,0
13717,3.336,30.40,102.00,1,0,0
13719,3.336,30.50,102.00,1,0,0
13722,3.336,30.40,102.00,1,0,0
13724,3.336,92.60,305.00,1,0,0
13727,3.284,95.30,313.00,1,0,0
13740,3.288,96.50,316.00,1,0,0
13742,3.288,95.30,313.00,1,0,0
13744,3.288,95.40,316.00,1,0,0
13747,3.288,95.40,313.00,1,0,0
13749,3.292,95.60,315.00,1,0,0
13752,3.292,99.50,321.00,1,0,0
13754,3.288,96.80,318.00,1,0,0
13757,3.288,89.70,295.00,1,0,0
13759,3.288,95.30,315.00,1,0,0
13762,3.288,95.80,315.00,1,0,0
13764,3.288,96.20,316.00,1,0,0
13767,3.292,95.50,321.00,1,0,0
13769,3.288,91.10,300.00,1,0,0
13772,3.284,95.60,315.00,1,0,0
13784,3.336,30.40,102.00,1,0,0
13787,3.336,30.40,102.00,1,0,0
13789,3.332,30.40,102.00,1,0,0
13792,3.336,30.40,102.00,1,0,0
13794,3.336,30.40,102.00,1,0,0
13797,3.336,30.30,102.00,1,0,0
13799,3.336,30.40,102.00,1,0,0
13802,3.336,30.40,102.00,1,0,0
13804,3.336,30.40,102.00,1,0,0
13807,3.336,30.40,102.00,1,0,0
13809,3.336,30.40,102.00,1,0,0
13812,3.336,30.40,102.00,1,0,0
13814,3.336,30.30,102.00,1,0,0
13817,3.336,30.40,102.00,1,0,0
13829,3.288,95.70,315.00,1,0,0
13832,3.284,95.60,318.00,1,0,0
13834,3.288,98.70,324.00,1,0,0
13837,3.288,100.70,331.00,1,0,0
13839,3.288,95.40,316.00,1,0,0
13842,3.288,95.60,315.00,1,0,0
13844,3.288,95.50,315.00,1,0,0
13847,3.288,96.60,313.00,1,0,0
13849,3.288,95.70,315.00,1,0,0
13851,3.284,93.70,308.00,1,0,0
13854,3.292,99.40,313.00,1,0,0
13856,3.288,91.00,300.00,1,0,0
13859,3.288,91.20,300.00,1,0,0
13861,3.288,95.40,316.00,1,0,0
13874,3.288,96.70,318.00,1,0,0
13876,3.284,128.70,313.00,1,0,0
13879,3.284,95.90,315.00,1,0,0
13881,3.288,30.80,103.00,1,0,0
13884,3.336,30.40,102.00,1,0,0
13886,3.336,30.50,102.00,1,0,0
13889,3.336,30.50,102.00,1,0,0
13891,3.332,30.50,102.00,1,0,0
13894,3.336,30.50,102.00,1,0,0
13896,3.336,30.40,102.00,1,0,0
13899,3.336,30.30,102.00,1,0,0
13901,3.332,30.40,102.00,1,0,0
13904,3.336,30.50,102.00,1,0,0
13906,3.336,30.50,102.00,1,0,0
13919,3.336,30.50,102.00,1,0,0
13921,3.336,30.50,102.00,1,0,0
13924,3.336,39.00,128.00,1,0,0
13926,3.276,90.80,298.00,1,0,0
13929,3.288,99.40,315.00,1,0,0
13931,3.288,97.10,319.00,1,0,0
13934,3.288,96.00,316.00,1,0,0
13936,3.288,95.20,321.00,1,0,0
13939,3.288,95.10,313.00,1,0,0
13941,3.288,95.10,313.00,1,0,0
13944,3.288,95.50,316.00,1,0,0
13946,3.292,93.20,306.00,1,0,0
13948,3.288,95.50,315.00,1,0,0
13951,3.288,95.70,313.00,1,0,0
13964,3.288,97.30,316.00,1,0,0
13966,3.288,100.50,331.00,1,0,0
13969,3.292,95.30,313.00,1,0,0
13971,3.288,98.90,321.00,1,0,0
13973,3.288,93.10,306.00,1,0,0
13976,3.288,95.70,315.00,1,0,0
13978,3.288,95.30,316.00,1,0,0
13981,3.288,95.60,324.00,1,0,0
13983,3.296,30.40,102.00,1,0,0
13986,3.332,30.40,102.00,1,0,0
13988,3.336,30.50,102.00,1,0,0
13991,3.336,30.50,102.00,1,0,0
13993,3.336,30.40,102.00,1,0,0
13996,3.336,30.30,102.00,1,0,0
14008,3.336,30.50,102.00,1,0,0
14011,3.336,30.40,102.00,1,0,0
14013,3.336,30.40,102.00,1,0,0
14016,3.336,30.40,102.00,1,0,0
14018,3.336,30.50,102.00,1,0,0
14021,3.336,30.50,102.00,1,0,0
14023,3.336,30.50,139.00,1,0,0
14026,3.276,95.20,313.00,1,0,0
14028,3.288,96.90,318.00,1,0,0
14031,3.288,98.80,313.00,1,0,0
14033,3.288,95.20,313.00,1,0,0
14036,3.288,95.40,313.00,1,0,0
14038,3.288,95.20,316.00,1,0,0
14041,3.288,95.50,313.00,1,0,0
14053,3.288,99.30,326.00,1,0,0
14056,3.288,96.40,316.00,1,0,0
14058,3.288,95.60,315.00,1,0,0
14061,3.288,95.00,311.00,1,0,0
14063,3.288,89.90,295.00,1,0,0
14066,3.284,95.20,313.00,1,0,0
14068,3.288,98.40,315.00,1,0,0
14071,3.288,95.40,313.00,1,0,0
14073,3.288,97.10,319.00,1,0,0
14076,3.284,95.90,305.00,1,0,0
14078,3.288,95.90,315.00,1,0,0
14080,3.288,95.50,315.00,1,0,0
14083,3.288,95.30,102.00,1,0,0
14090,3.336,30.50,102.00,1,0,0
14093,3.336,30.40,102.00,1,0,0
14095,3.336,30.30,102.00,1,0,0
14098,3.336,30.30,102.00,1,0,0
14100,3.332,30.40,102.00,1,0,0
14103,3.336,30.60,102.00,1,0,0
14105,3.336,30.50,102.00,1,0,0
14108,3.336,30.40,102.00,1,0,0
14120,3.336,30.60,102.00,1,0,0
14123,3.336,30.50,102.00,1,0,0
14125,3.272,90.80,298.00,1,0,0
14128,3.288,95.40,313.00,1,0,0
14130,3.288,97.50,321.00,1,0,0
14133,3.288,98.60,324.00,1,0,0
14135,3.288,95.20,313.00,1,0,0
14138,3.288,95.60,315.00,1,0,0
14140,3.288,95.80,315.00,1,0,0
14142,3.288,96.50,313.00,1,0,0
14145,3.288,95.30,313.00,1,0,0
14147,3.288,95.50,315.00,1,0,0
14150,3.288,95.70,313.00,1,0,0
14152,3.288,95.40,313.00,1,0,0
14165,3.288,89.60,295.00,1,0,0
14167,3.288,95.40,313.00,1,0,0
14170,3.288,95.60,315.00,1,0,0
14172,3.288,95.60,323.00,1,0,0
14175,3.292,98.00,321.00,1,0,0
14177,3.284,95.80,315.00,1,0,0
14180,3.284,91.50,415.00,1,0,0
14182,3.288,95.30,313.00,1,0,0
14185,3.284,96.00,316.00,1,0,0
14187,3.336,30.60,102.00,1,0,0
14190,3.336,30.50,102.00,1,0,0
14192,3.336,30.40,102.00,1,0,0
14195,3.336,30.40,102.00,1,0,0
14197,3.336,30.30,102.00,1,0,0
14210,3.336,30.40,102.00,1,0,0
14212,3.336,30.30,102.00,1,0,0
14215,3.336,30.40,102.00,1,0,0
14217,3.336,30.50,102.00,1,0,0
14220,3.336,30.60,102.00,1,0,0
14222,3.336,30.50,102.00,1,0,0
14225,3.336,30.80,102.00,1,0,0
14227,3.336,30.40,102.00,1,0,0
14230,3.328,118.80,390.00,1,0,0
14232,3.288,98.70,324.00,1,0,0
14235,3.288,95.80,315.00,1,0,0
14237,3.292,96.80,318.00,1,0,0
14239,3.288,95.60,315.00,1,0,0
14242,3.284,94.80,311.00,1,0,0
14255,3.288,95.60,315.00,1,0,0
14257,3.288,95.40,313.00,1,0,0
14260,3.288,95.20,313.00,1,0,0
14262,3.288,95.60,315.00,1,0,0
14264,3.288,95.30,313.00,1,0,0
14267,3.288,89.80,295.00,1,0,0
14269,3.288,96.60,321.00,1,0,0
14272,3.288,95.40,315.00,1,0,0
14274,3.288,95.60,315.00,1,0,0
14277,3.288,101.20,321.00,1,0,0
14279,3.292,96.20,316.00,1,0,0
14282,3.272,95.60,315.00,1,0,0
14284,3.288,99.40,315.00,1,0,0
14287,3.284,96.60,318.00,1,0,0
14299,3.336,30.50,102.00,1,0,0
14302,3.336,30.50,102.00,1,0,0
14304,3.336,30.60,102.00,1,0,0
14307,3.336,30.40,102.00,1,0,0
14309,3.336,30.30,102.00,1,0,0
14312,3.336,30.40,102.00,1,0,0
14314,3.336,30.30,102.00,1,0,0
14317,3.336,30.50,102.00,1,0,0
14319,3.336,30.50,102.00,1,0,0
14322,3.336,30.50,102.00,1,0,0
14324,3.336,30.40,102.00,1,0,0
14327,3.336,30.30,102.00,1,0,0
14329,3.336,118.20,388.00,1,0,0
14332,3.288,95.50,315.00,1,0,0
14344,3.288,95.20,313.00,1,0,0
14347,3.288,95.10,313.00,1,0,0
14349,3.288,95.70,318.00,1,0,0
14352,3.288,95.50,315.00,1,0,0
14354,3.288,96.30,316.00,1,0,0
14357,3.288,98.90,313.00,1,0,0
14359,3.288,95.30,313.00,1,0,0
14362,3.288,95.40,313.00,1,0,0
14364,3.288,95.80,316.00,1,0,0
14367,3.288,95.70,315.00,1,0,0
14369,3.288,95.90,315.00,1,0,0
14372,3.288,89.80,323.00,1,0,0
14374,3.288,95.30,313.00,1,0,0
14376,3.288,95.30,313.00,1,0,0
14389,3.288,95.80,315.00,1,0,0
14392,3.336,30.40,102.00,1,0,0
14394,3.336,30.30,102.00,1,0,0
14397,3.336,30.30,102.00,1,0,0
14399,3.336,30.40,102.00,1,0,0
14402,3.336,30.60,102.00,1,0,0
14404,3.336,30.60,102.00,1,0,0
14406,3.336,30.40,102.00,1,0,0
14409,3.336,30.30,102.00,1,0,0
14411,3.336,30.40,102.00,1,0,0
14414,3.336,30.40,102.00,1,0,0
14416,3.336,30.40,102.00,1,0,0
14419,3.336,30.60,102.00,1,0,0
14421,3.336,30.50,102.00,1,0,0
14434,3.288,95.30,313.00,1,0,0
14436,3.288,95.50,313.00,1,0,0
14439,3.288,96.30,316.00,1,0,0
14441,3.288,95.20,313.00,1,0,0
14444,3.292,98.90,324.00,1,0,0
14446,3.288,95.30,313.00,1,0,0
14449,3.284,96.00,316.00,1,0,0
14451,3.288,94.40,316.00,1,0,0
14454,3.288,95.90,315.00,1,0,0
14456,3.288,99.70,328.00,1,0,0
14459,3.288,95.80,313.00,1,0,0
14461,3.288,95.20,313.00,1,0,0
14464,3.288,95.30,313.00,1,0,0
14466,3.288,95.60,315.00,1,0,0
14479,3.288,95.30,313.00,1,0,0
14481,3.284,105.60,313.00,1,0,0
14484,3.288,98.40,323.00,1,0,0
14486,3.288,92.10,306.00,1,0,0
14489,3.336,30.50,102.00,1,0,0
14491,3.336,30.30,102.00,1,0,0
14494,3.336,30.40,102.00,1,0,0
14496,3.336,30.40,102.00,1,0,0
14499,3.336,30.50,102.00,1,0,0
14501,3.336,30.50,102.00,1,0,0
14504,3.336,30.60,102.00,1,0,0
14506,3.336,30.40,102.00,1,0,0
14509,3.336,30.30,102.00,1,0,0
14511,3.336,30.30,102.00,1,0,0
14524,3.336,30.40,102.00,1,0,0
14526,3.336,30.30,102.00,1,0,0
14529,3.336,30.70,102.00,1,0,0
14531,3.288,91.80,313.00,1,0,0
14534,3.288,95.30,313.00,1,0,0
14536,3.288,95.30,313.00,1,0,0
14538,3.288,95.20,313.00,1,0,0
14541,3.288,95.10,313.00,1,0,0
14543,3.288,95.30,313.00,1,0,0
14546,3.288,96.00,316.00,1,0,0
14548,3.288,95.20,313.00,1,0,0
14551,3.288,95.30,313.00,1,0,0
14553,3.288,95.30,313.00,1,0,0
14556,3.288,95.10,323.00,1,0,0
14568,3.288,95.40,313.00,1,0,0
14571,3.288,95.30,313.00,1,0,0
14573,3.288,92.90,305.00,1,0,0
14576,3.288,89.70,313.00,1,0,0
14578,3.288,98.50,324.00,1,0,0
14581,3.288,96.80,316.00,1,0,0
14583,3.288,99.20,326.00,1,0,0
14586,3.292,98.60,324.00,1,0,0
14588,3.288,93.30,306.00,1,0,0
14591,3.336,30.30,102.00,1,0,0
14593,3.332,30.30,102.00,1,0,0
14596,3.336,30.40,102.00,1,0,0
14598,3.336,30.40,102.00,1,0,0
14601,3.332,30.50,102.00,1,0,0
14613,3.336,30.40,102.00,1,0,0
14616,3.336,30.50,102.00,1,0,0
14618,3.336,30.60,102.00,1,0,0
14621,3.336,30.50,102.00,1,0,0
14623,3.332,30.30,102.00,1,0,0
14626,3.336,30.30,102.00,1,0,0
14628,3.336,30.40,113.00,1,0,0
14631,3.292,96.10,316.00,1,0,0
14633,3.288,95.30,313.00,1,0,0
14636,3.288,95.30,313.00,1,0,0
14638,3.284,95.40,313.00,1,0,0
14641,3.288,96.40,316.00,1,0,0
14643,3.288,95.40,313.00,1,0,0
14645,3.288,95.80,315.00,1,0,0
14658,3.288,95.40,313.00,1,0,0
14661,3.288,95.40,313.00,1,0,0
14663,3.288,95.10,313.00,1,0,0
14666,3.288,95.40,313.00,1,0,0
14668,3.288,95.60,315.00,1,0,0
14671,3.288,95.80,315.00,1,0,0
14673,3.292,95.80,315.00,1,0,0
14676,3.288,95.60,315.00,1,0,0
14678,3.288,89.40,313.00,1,0,0
14680,3.288,104.30,344.00,1,0,0
14683,3.292,96.00,316.00,1,0,0
14685,3.288,95.50,315.00,1,0,0
14688,3.292,99.30,100.00,1,0,0
14690,3.304,94.40,310.00,1,0,0
14703,3.336,30.50,102.00,1,0,0
14705,3.336,30.40,102.00,1,0,0
14708,3.336,30.40,102.00,1,0,0
14710,3.336,30.40,102.00,1,0,0
14713,3.336,30.40,102.00,1,0,0
14715,3.336,30.40,102.00,1,0,0
14718,3.336,30.50,102.00,1,0,0
14720,3.336,30.40,102.00,1,0,0
14723,3.336,30.30,102.00,1,0,0
14725,3.336,30.30,102.00,1,0,0
14728,3.336,30.40,102.00,1,0,0
14730,3.280,90.80,313.00,1,0,0
14733,3.288,95.30,313.00,1,0,0
14735,3.288,95.30,313.00,1,0,0
14748,3.288,95.90,315.00,1,0,0
14750,3.292,95.40,313.00,1,0,0
14753,3.288,95.90,326.00,1,0,0
14755,3.292,94.70,311.00,1,0,0
14758,3.288,98.50,324.00,1,0,0
14760,3.292,95.50,313.00,1,0,0
14763,3.288,95.50,315.00,1,0,0
14765,3.288,94.60,311.00,1,0,0
14768,3.288,99.10,315.00,1,0,0
14770,3.288,95.70,315.00,1,0,0
14773,3.288,97.20,319.00,1,0,0
14775,3.288,95.90,318.00,1,0,0
14778,3.288,95.40,313.00,1,0,0
14780,3.288,89.70,295.00,1,0,0
14793,3.324,94.40,310.00,1,0,0
14795,3.336,30.40,102.00,1,0,0
14798,3.336,30.40,102.00,1,0,0
14800,3.336,30.50,102.00,1,0,0
14802,3.336,30.40,102.00,1,0,0
14805,3.336,30.40,102.00,1,0,0
14807,3.336,30.30,102.00,1,0,0
14810,3.336,30.40,102.00,1,0,0
14812,3.336,30.50,102.00,1,0,0
14815,3.336,30.40,102.00,1,0,0
14817,3.336,30.40,102.00,1,0,0
14820,3.336,30.50,102.00,1,0,0
14822,3.336,30.40,102.00,1,0,0
14825,3.336,30.40,102.00,1,0,0
14837,3.284,95.30,313.00,1,0,0
14840,3.288,96.10,323.00,1,0,0
14842,3.288,95.40,313.00,1,0,0
14845,3.288,95.30,313.00,1,0,0
14847,3.288,95.50,313.00,1,0,0
14850,3.288,96.70,318.00,1,0,0
14852,3.292,95.70,315.00,1,0,0
14855,3.288,96.00,316.00,1,0,0
14857,3.288,95.30,313.00,1,0,0
14860,3.288,98.80,326.00,1,0,0
14862,3.288,98.50,324.00,1,0,0
14865,3.288,95.70,315.00,1,0,0
14867,3.288,95.80,315.00,1,0,0
14870,3.288,98.60,324.00,1,0,0
14882,3.284,126.30,415.00,1,0,0
14885,3.288,89.20,318.00,1,0,0
14887,3.288,58.80,197.00,1,0,0
14890,3.336,30.40,102.00,1,0,0
14892,3.336,30.40,102.00,1,0,0
14895,3.336,95.40,313.00,1,0,0
14897,3.336,30.50,102.00,1,0,0
14900,3.336,30.40,102.00,1,0,0
14902,3.336,30.50,102.00,1,0,0
14905,3.336,30.40,102.00,1,0,0
14907,3.336,30.40,102.00,1,0,0
14909,3.336,30.50,102.00,1,0,0
14912,3.336,30.40,102.00,1,0,0
14914,3.336,30.50,102.00,1,0,0
14927,3.336,30.40,102.00,1,0,0
14930,3.336,46.30,315.00,1,0,0
14932,3.288,95.50,313.00,1,0,0
14935,3.288,98.40,324.00,1,0,0
14937,3.288,95.50,326.00,1,0,0
14939,3.288,94.70,311.00,1,0,0
14942,3.284,96.50,318.00,1,0,0
14944,3.288,96.30,316.00,1,0,0
14947,3.288,95.90,315.00,1,0,0
14949,3.288,96.10,316.00,1,0,0
14952,3.288,96.20,316.00,1,0,0
14954,3.288,95.10,313.00,1,0,0
14957,3.288,95.40,313.00,1,0,0
14959,3.288,95.30,313.00,1,0,0
14972,3.288,92.90,326.00,1,0,0
14974,3.288,95.20,313.00,1,0,0
14977,3.284,95.50,315.00,1,0,0
14979,3.288,94.30,310.00,1,0,0
14982,3.288,95.40,324.00,1,0,0
14984,3.292,95.50,315.00,1,0,0
14987,3.288,93.10,306.00,1,0,0
14989,3.288,89.60,102.00,1,0,0
14992,3.336,30.40,102.00,1,0,0
14994,3.336,30.50,102.00,1,0,0
14997,3.336,70.50,313.00,1,0,0
14999,3.288,30.40,102.00,1,0,0
15002,3.336,30.50,102.00,1,0,0
15004,3.336,30.50,102.00,1,0,0
15017,3.336,30.40,102.00,1,0,0
15019,3.336,30.50,102.00,1,0,0
15022,3.336,30.50,102.00,1,0,0
15024,3.336,30.40,102.00,1,0,0
15027,3.336,30.40,102.00,1,0,0
15029,3.336,57.00,187.00,1,0,0
15032,3.284,95.40,315.00,1,0,0
15034,3.288,95.60,315.00,1,0,0
15036,3.288,95.20,313.00,1,0,0
15039,3.288,94.70,311.00,1,0,0
15041,3.288,95.30,315.00,1,0,0
15044,3.292,95.90,315.00,1,0,0
15046,3.288,95.10,313.00,1,0,0
15049,3.288,95.50,316.00,1,0,0
15061,3.288,99.00,319.00,1,0,0
15064,3.288,95.40,313.00,1,0,0
15066,3.288,97.70,321.00,1,0,0
15069,3.288,99.00,321.00,1,0,0
15071,3.288,96.30,316.00,1,0,0
15074,3.288,95.30,313.00,1,0,0
15076,3.288,96.20,318.00,1,0,0
15079,3.288,94.80,311.00,1,0,0
15081,3.264,95.40,313.00,1,0,0
15084,3.288,95.10,328.00,1,0,0
15086,3.288,30.50,102.00,1,0,0
15089,3.336,30.50,102.00,1,0,0
15091,3.336,30.50,102.00,1,0,0
15094,3.336,30.40,102.00,1,0,0
15106,3.336,30.50,102.00,1,0,0
15109,3.336,30.40,102.00,1,0,0
15111,3.336,30.40,102.00,1,0,0
15114,3.336,30.30,102.00,1,0,0
15116,3.336,30.30,102.00,1,0,0
15119,3.336,30.40,102.00,1,0,0
15121,3.336,30.60,102.00,1,0,0
15124,3.336,30.50,102.00,1,0,0
15126,3.336,30.40,102.00,1,0,0
15129,3.336,30.50,233.00,1,0,0
15131,3.288,116.20,382.00,1,0,0
15133,3.284,95.20,313.00,1,0,0
15136,3.288,95.60,318.00,1,0,0
15138,3.288,95.10,313.00,1,0,0
15151,3.288,99.00,326.00,1,0,0
15154,3.288,99.40,326.00,1,0,0
15156,3.288,96.30,316.00,1,0,0
15158,3.288,95.80,315.00,1,0,0
15161,3.288,95.80,315.00,1,0,0
15163,3.288,95.40,313.00,1,0,0
15166,3.288,95.60,313.00,1,0,0
15168,3.288,96.00,316.00,1,0,0
15171,3.288,95.80,315.00,1,0,0
15173,3.288,95.20,316.00,1,0,0
15176,3.288,95.70,315.00,1,0,0
15178,3.292,99.00,326.00,1,0,0
15181,3.284,97.60,315.00,1,0,0
15183,3.288,95.60,315.00,1,0,0
15196,3.336,30.30,102.00,1,0,0
15198,3.336,30.30,102.00,1,0,0
15201,3.336,31.70,313.00,1,0,0
15203,3.288,36.50,121.00,1,0,0
15206,3.336,30.50,102.00,1,0,0
15208,3.332,30.40,102.00,1,0,0
15211,3.336,30.30,102.00,1,0,0
15213,3.336,30.30,102.00,1,0,0
15216,3.336,30.30,102.00,1,0,0
15218,3.332,30.40,102.00,1,0,0
15221,3.332,30.50,102.00,1,0,0
15223,3.336,30.50,102.00,1,0,0
15226,3.332,30.40,102.00,1,0,0
15228,3.332,30.40,102.00,1,0,0
15241,3.288,95.30,313.00,1,0,0
15243,3.288,95.20,313.00,1,0,0
15246,3.288,95.30,313.00,1,0,0
15248,3.288,95.40,313.00,1,0,0
15251,3.288,95.30,313.00,1,0,0
15253,3.288,95.40,315.00,1,0,0
15256,3.292,94.50,310.00,1,0,0
15258,3.288,95.40,313.00,1,0,0
15261,3.284,95.30,313.00,1,0,0
15263,3.288,95.20,313.00,1,0,0
15266,3.288,96.20,316.00,1,0,0
15268,3.284,95.30,315.00,1,0,0
15270,3.288,95.40,313.00,1,0,0
15273,3.288,95.10,313.00,1,0,0
15286,3.288,95.60,315.00,1,0,0
15288,3.288,40.70,136.00,1,0,0
15291,3.336,30.40,102.00,1,0,0
15293,3.336,30.40,102.00,1,0,0
15295,3.336,30.40,102.00,1,0,0
15298,3.336,30.30,102.00,1,0,0
15300,3.336,30.40,102.00,1,0,0
15303,3.336,30.60,102.00,1,0,0
15305,3.288,95.40,303.00,1,0,0
15308,3.328,30.40,102.00,1,0,0
15310,3.336,30.30,102.00,1,0,0
15313,3.336,30.40,102.00,1,0,0
15315,3.336,30.40,102.00,1,0,0
15318,3.336,30.50,102.00,1,0,0
15330,3.332,95.60,315.00,1,0,0
15333,3.288,95.80,378.00,1,0,0
15335,3.288,95.90,315.00,1,0,0
15338,3.288,96.20,316.00,1,0,0
15340,3.288,95.70,315.00,1,0,0
15343,3.288,95.60,313.00,1,0,0
15345,3.288,95.30,313.00,1,0,0
15348,3.288,99.00,326.00,1,0,0
15350,3.288,95.60,319.00,1,0,0
15353,3.288,95.80,315.00,1,0,0
15355,3.288,95.80,315.00,1,0,0
15358,3.288,95.60,315.00,1,0,0
15360,3.288,95.20,313.00,1,0,0
15363,3.288,95.20,313.00,1,0,0
15375,3.284,95.50,315.00,1,0,0
15378,3.288,95.90,316.00,1,0,0
15380,3.288,95.40,313.00,1,0,0
15383,3.288,95.50,315.00,1,0,0
15385,3.284,101.70,416.00,1,0,0
15388,3.288,95.70,315.00,1,0,0
15390,3.288,95.60,315.00,1,0,0
15393,3.336,30.40,102.00,1,0,0
15395,3.336,30.30,102.00,1,0,0
15397,3.336,30.30,102.00,1,0,0
15400,3.336,30.40,102.00,1,0,0
15402,3.336,30.60,102.00,1,0,0
15405,3.336,30.50,102.00,1,0,0
15407,3.288,95.40,298.00,1,0,0
15420,3.336,30.60,102.00,1,0,0
15422,3.336,30.50,102.00,1,0,0
15425,3.336,30.30,102.00,1,0,0
15427,3.336,30.30,102.00,1,0,0
15430,3.328,113.10,311.00,1,0,0
15432,3.288,96.00,315.00,1,0,0
15435,3.288,96.40,316.00,1,0,0
15437,3.288,96.50,315.00,1,0,0
15440,3.288,95.20,313.00,1,0,0
15442,3.288,95.60,315.00,1,0,0
15445,3.288,95.60,321.00,1,0,0
15447,3.288,95.70,315.00,1,0,0
15450,3.288,95.80,315.00,1,0,0
15452,3.288,95.90,326.00,1,0,0
15465,3.288,98.80,318.00,1,0,0
15467,3.288,95.80,315.00,1,0,0
15470,3.288,95.80,315.00,1,0,0
15472,3.288,97.40,315.00,1,0,0
15475,3.288,95.30,313.00,1,0,0
15477,3.288,95.30,313.00,1,0,0
15480,3.284,95.70,331.00,1,0,0
15482,3.288,96.30,416.00,1,0,0
15485,3.288,95.80,315.00,1,0,0
15487,3.284,95.80,315.00,1,0,0
15490,3.336,30.50,102.00,1,0,0
15492,3.336,30.30,102.00,1,0,0
15495,3.336,30.30,102.00,1,0,0
15497,3.336,30.30,102.00,1,0,0
15510,3.288,95.10,300.00,1,0,0
15512,3.288,30.30,102.00,1,0,0
15515,3.336,30.40,102.00,1,0,0
15517,3.336,30.50,102.00,1,0,0
15520,3.336,30.60,102.00,1,0,0
15522,3.336,30.50,102.00,1,0,0
15525,3.336,30.30,102.00,1,0,0
15527,3.336,30.30,102.00,1,0,0
15530,3.324,108.50,357.00,1,0,0
15532,3.288,95.60,315.00,1,0,0
15535,3.288,96.40,316.00,1,0,0
15537,3.288,96.00,316.00,1,0,0
15539,3.288,95.80,315.00,1,0,0
15542,3.288,96.10,316.00,1,0,0
15555,3.288,101.40,315.00,1,0,0
15557,3.288,99.00,326.00,1,0,0
15560,3.288,95.20,313.00,1,0,0
15562,3.288,95.60,311.00,1,0,0
15564,3.280,98.10,323.00,1,0,0
15567,3.288,99.20,326.00,1,0,0
15569,3.284,95.50,326.00,1,0,0
15572,3.288,95.50,315.00,1,0,0
15574,3.288,95.80,315.00,1,0,0
15577,3.288,95.40,324.00,1,0,0
15579,3.288,95.80,315.00,1,0,0
15582,3.268,95.50,315.00,1,0,0
15584,3.288,96.00,316.00,1,0,0
15587,3.284,30.60,102.00,1,0,0
15599,3.336,30.40,102.00,1,0,0
15602,3.336,30.60,102.00,1,0,0
15604,3.336,30.50,102.00,1,0,0
15607,3.336,30.30,102.00,1,0,0
15609,3.332,30.30,102.00,1,0,0
15612,3.284,95.30,313.00,1,0,0
15614,3.328,30.50,102.00,1,0,0
15617,3.336,30.50,102.00,1,0,0
15619,3.336,30.50,102.00,1,0,0
15622,3.336,30.50,102.00,1,0,0
15624,3.332,30.30,102.00,1,0,0
15627,3.336,30.30,102.00,1,0,0
15629,3.332,30.30,387.00,1,0,0
15632,3.288,98.00,323.00,1,0,0
15644,3.288,95.50,315.00,1,0,0
15647,3.288,96.40,316.00,1,0,0
15649,3.288,96.40,333.00,1,0,0
15652,3.284,95.60,315.00,1,0,0
15654,3.288,95.50,315.00,1,0,0
15657,3.288,95.00,316.00,1,0,0
15659,3.288,96.10,316.00,1,0,0
15661,3.284,98.50,324.00,1,0,0
15664,3.288,95.60,315.00,1,0,0
15666,3.288,95.50,315.00,1,0,0
15669,3.288,99.20,326.00,1,0,0
15671,3.288,95.30,313.00,1,0,0
15674,3.288,95.60,315.00,1,0,0
15676,3.288,95.70,315.00,1,0,0
15689,3.336,30.40,102.00,1,0,0
15691,3.336,30.30,102.00,1,0,0
15694,3.336,30.40,102.00,1,0,0
15696,3.336,30.40,102.00,1,0,0
15699,3.336,30.50,102.00,1,0,0
15701,3.336,30.50,102.00,1,0,0
15704,3.336,30.50,102.00,1,0,0
15706,3.336,30.40,102.00,1,0,0
15709,3.336,30.40,102.00,1,0,0
15711,3.336,30.30,102.00,1,0,0
15714,3.284,95.50,315.00,1,0,0
15716,3.316,30.50,102.00,1,0,0
15719,3.336,30.50,102.00,1,0,0
15721,3.336,30.40,102.00,1,0,0
15734,3.288,98.10,323.00,1,0,0
15736,3.288,98.50,324.00,1,0,0
15739,3.288,95.40,315.00,1,0,0
15741,3.288,96.10,316.00,1,0,0
15744,3.284,97.00,319.00,1,0,0
15746,3.288,95.70,315.00,1,0,0
15749,3.288,95.90,315.00,1,0,0
15751,3.284,95.90,315.00,1,0,0
15754,3.288,96.30,316.00,1,0,0
15756,3.288,95.70,315.00,1,0,0
15759,3.284,95.70,315.00,1,0,0
15761,3.288,98.90,323.00,1,0,0
15763,3.288,95.40,313.00,1,0,0
15766,3.288,95.50,315.00,1,0,0
15779,3.288,96.30,316.00,1,0,0
15781,3.284,131.20,431.00,1,0,0
15784,3.288,95.50,315.00,1,0,0
15786,3.288,48.80,162.00,1,0,0
15788,3.336,30.40,102.00,1,0,0
15791,3.336,30.30,102.00,1,0,0
15793,3.336,30.30,102.00,1,0,0
15796,3.336,30.40,102.00,1,0,0
15798,3.336,30.40,102.00,1,0,0
15801,3.336,30.60,102.00,1,0,0
15803,3.336,30.50,102.00,1,0,0
15806,3.336,30.30,102.00,1,0,0
15808,3.336,30.40,102.00,1,0,0
15811,3.336,30.30,102.00,1,0,0
15823,3.336,30.40,102.00,1,0,0
15826,3.336,30.30,102.00,1,0,0
15828,3.332,33.90,111.00,1,0,0
15831,3.288,96.00,316.00,1,0,0
15833,3.288,95.30,321.00,1,0,0
15836,3.288,95.80,310.00,1,0,0
15838,3.288,97.60,321.00,1,0,0
15841,3.288,96.20,316.00,1,0,0
15843,3.288,95.20,316.00,1,0,0
15846,3.288,95.60,315.00,1,0,0
15848,3.288,96.10,316.00,1,0,0
15851,3.288,98.80,324.00,1,0,0
15853,3.288,95.80,315.00,1,0,0
15856,3.288,95.00,313.00,1,0,0
15868,3.288,95.60,315.00,1,0,0
15871,3.292,99.90,315.00,1,0,0
15873,3.288,95.70,315.00,1,0,0
15876,3.288,95.60,315.00,1,0,0
15878,3.288,95.70,316.00,1,0,0
15881,3.288,99.30,326.00,1,0,0
15883,3.272,95.40,315.00,1,0,0
15886,3.288,95.60,313.00,1,0,0
15888,3.284,30.40,102.00,1,0,0
15891,3.336,30.40,102.00,1,0,0
15893,3.336,30.40,102.00,1,0,0
15895,3.336,30.40,102.00,1,0,0
15898,3.336,30.30,102.00,1,0,0
15900,3.332,30.50,102.00,1,0,0
15913,3.336,30.40,102.00,1,0,0
15916,3.336,30.40,102.00,1,0,0
15918,3.336,95.30,313.00,1,0,0
15920,3.288,63.10,210.00,1,0,0
15923,3.336,30.30,102.00,1,0,0
15925,3.336,30.30,102.00,1,0,0
15928,3.336,30.40,102.00,1,0,0
15930,3.284,91.30,318.00,1,0,0
15933,3.288,95.20,313.00,1,0,0
15935,3.288,95.20,313.00,1,0,0
15938,3.284,95.30,313.00,1,0,0
15940,3.288,95.20,313.00,1,0,0
15943,3.288,99.00,326.00,1,0,0
15945,3.292,98.90,313.00,1,0,0
15958,3.288,96.20,316.00,1,0,0
15960,3.288,96.20,316.00,1,0,0
15963,3.288,96.10,316.00,1,0,0
15965,3.288,96.60,316.00,1,0,0
15968,3.288,96.30,316.00,1,0,0
15970,3.288,91.50,301.00,1,0,0
15973,3.288,95.90,315.00,1,0,0
15975,3.288,95.50,315.00,1,0,0
15978,3.288,95.50,315.00,1,0,0
15980,3.288,95.10,313.00,1,0,0
15983,3.288,95.30,313.00,1,0,0
15985,3.288,95.30,313.00,1,0,0
15988,3.332,30.40,102.00,1,0,0
15990,3.336,30.30,102.00,1,0,0
16003,3.336,30.50,102.00,1,0,0
16005,3.336,30.30,102.00,1,0,0
16008,3.336,30.30,102.00,1,0,0
16010,3.336,30.40,102.00,1,0,0
16013,3.336,30.40,102.00,1,0,0
16015,3.332,30.50,102.00,1,0,0
16018,3.336,30.40,102.00,1,0,0
16020,3.332,97.20,319.00,1,0,0
16023,3.288,80.80,270.00,1,0,0
16025,3.336,30.40,102.00,1,0,0
16028,3.336,30.40,102.00,1,0,0
16030,3.276,90.80,298.00,1,0,0
16032,3.288,95.20,313.00,1,0,0
16035,3.288,95.20,313.00,1,0,0
16048,3.288,95.80,316.00,1,0,0
16050,3.288,95.30,313.00,1,0,0
16053,3.288,96.30,316.00,1,0,0
16055,3.288,94.20,305.00,1,0,0
16057,3.288,95.70,315.00,1,0,0
16060,3.288,95.40,313.00,1,0,0
16062,3.288,95.80,318.00,1,0,0
16065,3.288,95.70,315.00,1,0,0
16067,3.288,95.40,313.00,1,0,0
16070,3.284,95.70,313.00,1,0,0
16072,3.288,96.00,316.00,1,0,0
16075,3.288,95.30,313.00,1,0,0
16077,3.288,95.30,313.00,1,0,0
16080,3.292,95.60,313.00,1,0,0
16097,3.336,30.40,102.00,1,0,0
16100,3.336,30.40,102.00,1,0,0
16102,3.336,30.50,102.00,1,0,0
16105,3.336,30.40,102.00,1,0,0
16107,3.336,30.30,102.00,1,0,0
16110,3.336,30.40,102.00,1,0,0
16112,3.332,30.40,102.00,1,0,0
16115,3.336,30.50,102.00,1,0,0
16117,3.336,30.40,102.00,1,0,0
16119,3.336,30.50,102.00,1,0,0
16122,3.332,30.40,282.00,1,0,0
16124,3.288,90.70,301.00,1,0,0
16127,3.332,30.50,102.00,1,0,0
16129,3.336,45.50,298.00,1,0,0
16142,3.288,95.30,313.00,1,0,0
16144,3.288,95.30,316.00,1,0,0
16147,3.284,99.40,326.00,1,0,0
16149,3.288,95.90,315.00,1,0,0
16152,3.288,96.20,313.00,1,0,0
16154,3.288,96.00,316.00,1,0,0
16157,3.288,95.40,313.00,1,0,0
16159,3.292,96.90,315.00,1,0,0
16162,3.288,96.30,316.00,1,0,0
16164,3.288,95.70,315.00,1,0,0
16167,3.288,96.10,315.00,1,0,0
16169,3.288,95.40,313.00,1,0,0
16172,3.288,94.30,310.00,1,0,0
16174,3.284,95.50,315.00,1,0,0
16187,3.288,76.40,102.00,1,0,0
16189,3.336,30.40,102.00,1,0,0
16192,3.336,30.40,102.00,1,0,0
16194,3.336,30.40,102.00,1,0,0
16197,3.336,30.40,102.00,1,0,0
16199,3.336,30.40,102.00,1,0,0
16202,3.336,30.40,102.00,1,0,0
16204,3.336,30.50,102.00,1,0,0
16207,3.336,30.50,102.00,1,0,0
16209,3.336,30.40,102.00,1,0,0
16212,3.336,30.40,102.00,1,0,0
16214,3.336,30.30,102.00,1,0,0
16217,3.336,30.40,102.00,1,0,0
16219,3.336,30.40,102.00,1,0,0
16232,3.336,30.40,102.00,1,0,0
16234,3.336,111.80,367.00,1,0,0
16237,3.288,96.10,316.00,1,0,0
16239,3.288,95.40,315.00,1,0,0
16242,3.288,98.80,326.00,1,0,0
16244,3.288,95.50,315.00,1,0,0
16247,3.288,95.30,315.00,1,0,0
16249,3.284,94.50,311.00,1,0,0
16251,3.284,94.40,310.00,1,0,0
16254,3.288,96.20,315.00,1,0,0
16256,3.288,95.80,315.00,1,0,0
16259,3.288,96.00,316.00,1,0,0
16261,3.288,96.00,316.00,1,0,0
16264,3.288,95.80,315.00,1,0,0
16276,3.288,95.70,315.00,1,0,0
16279,3.288,95.40,313.00,1,0,0
16281,3.288,95.20,313.00,1,0,0
16284,3.292,96.60,313.00,1,0,0
16286,3.288,95.30,313.00,1,0,0
16289,3.292,95.40,313.00,1,0,0
16291,3.292,93.90,102.00,1,0,0
16294,3.332,30.40,102.00,1,0,0
16296,3.336,30.30,102.00,1,0,0
16299,3.336,30.30,102.00,1,0,0
16301,3.336,30.40,102.00,1,0,0
16304,3.332,30.40,102.00,1,0,0
16306,3.336,30.40,102.00,1,0,0
16309,3.336,30.40,102.00,1,0,0
16321,3.336,30.50,102.00,1,0,0
16324,3.336,30.40,102.00,1,0,0
16326,3.336,30.40,102.00,1,0,0
16329,3.284,95.40,301.00,1,0,0
16331,3.296,30.30,102.00,1,0,0
16334,3.336,30.40,102.00,1,0,0
16336,3.288,94.80,313.00,1,0,0
16339,3.288,94.90,311.00,1,0,0
16341,3.288,98.30,324.00,1,0,0
16344,3.292,97.40,331.00,1,0,0
16346,3.288,95.20,313.00,1,0,0
16348,3.288,95.80,315.00,1,0,0
16351,3.288,95.30,313.00,1,0,0
16353,3.288,97.00,319.00,1,0,0
16366,3.288,95.60,315.00,1,0,0
16369,3.288,98.80,324.00,1,0,0
16371,3.292,96.80,313.00,1,0,0
16374,3.288,96.90,318.00,1,0,0
16376,3.288,96.20,316.00,1,0,0
16379,3.288,95.20,315.00,1,0,0
16381,3.288,95.20,313.00,1,0,0
16383,3.288,95.30,313.00,1,0,0
16386,3.288,129.00,318.00,1,0,0
16388,3.288,96.10,316.00,1,0,0
16391,3.284,71.50,239.00,1,0,0
16393,3.336,30.50,102.00,1,0,0
16396,3.336,30.30,102.00,1,0,0
16398,3.336,30.30,102.00,1,0,0
16411,3.336,30.40,102.00,1,0,0
16413,3.336,30.30,102.00,1,0,0
16416,3.336,30.30,102.00,1,0,0
16418,3.336,30.50,102.00,1,0,0
16421,3.332,30.60,102.00,1,0,0
16423,3.336,30.40,102.00,1,0,0
16426,3.336,30.40,102.00,1,0,0
16428,3.336,30.30,102.00,1,0,0
16431,3.296,95.20,301.00,1,0,0
16433,3.292,30.40,102.00,1,0,0
16436,3.288,96.00,316.00,1,0,0
16438,3.284,95.60,316.00,1,0,0
16441,3.288,95.60,315.00,1,0,0
16443,3.288,95.30,313.00,1,0,0
16456,3.288,96.60,318.00,1,0,0
16458,3.288,99.40,326.00,1,0,0
16461,3.288,96.10,316.00,1,0,0
16463,3.288,95.20,313.00,1,0,0
16466,3.288,95.40,313.00,1,0,0
16468,3.288,95.60,319.00,1,0,0
16471,3.288,95.80,315.00,1,0,0
16473,3.288,96.00,316.00,1,0,0
16476,3.288,97.00,313.00,1,0,0
16478,3.288,97.90,321.00,1,0,0
16480,3.288,95.20,313.00,1,0,0
16483,3.288,95.70,323.00,1,0,0
16485,3.288,129.80,426.00,1,0,0
16488,3.288,95.70,315.00,1,0,0
16501,3.336,30.40,102.00,1,0,0
16503,3.336,30.50,102.00,1,0,0
16505,3.336,30.50,102.00,1,0,0
16508,3.336,30.40,102.00,1,0,0
16510,3.332,30.40,102.00,1,0,0
16513,3.332,30.30,102.00,1,0,0
16515,3.336,30.40,102.00,1,0,0
16518,3.336,30.50,102.00,1,0,0
16520,3.336,30.50,102.00,1,0,0
16523,3.336,30.40,102.00,1,0,0
16525,3.336,30.40,102.00,1,0,0
16528,3.336,30.30,102.00,1,0,0
16530,3.336,30.30,102.00,1,0,0
16533,3.312,95.30,313.00,1,0,0
16545,3.288,95.80,315.00,1,0,0
16548,3.288,99.00,311.00,1,0,0
16550,3.288,98.30,323.00,1,0,0
16553,3.292,99.10,326.00,1,0,0
16555,3.288,95.70,316.00,1,0,0
16558,3.288,96.30,316.00,1,0,0
16560,3.284,96.10,316.00,1,0,0
16563,3.288,95.40,316.00,1,0,0
16565,3.288,96.20,316.00,1,0,0
16568,3.292,95.80,315.00,1,0,0
16570,3.284,95.90,315.00,1,0,0
16573,3.284,95.80,315.00,1,0,0
16575,3.288,95.80,315.00,1,0,0
16578,3.288,97.80,321.00,1,0,0
16590,3.288,95.30,313.00,1,0,0
16593,3.288,95.20,102.00,1,0,0
16595,3.336,30.40,102.00,1,0,0
16598,3.332,30.40,102.00,1,0,0
16600,3.332,30.40,102.00,1,0,0
16603,3.336,30.60,102.00,1,0,0
16605,3.336,30.60,102.00,1,0,0
16608,3.336,30.40,102.00,1,0,0
16610,3.336,30.30,102.00,1,0,0
16612,3.336,30.30,102.00,1,0,0
16615,3.336,30.30,102.00,1,0,0
16617,3.332,30.50,102.00,1,0,0
16620,3.332,30.50,102.00,1,0,0
16622,3.336,30.50,102.00,1,0,0
16635,3.300,95.20,313.00,1,0,0
16637,3.276,91.10,315.00,1,0,0
16640,3.280,95.50,315.00,1,0,0
16642,3.288,98.60,324.00,1,0,0
16645,3.288,95.60,321.00,1,0,0
16647,3.288,97.00,319.00,1,0,0
16650,3.288,98.10,323.00,1,0,0
16652,3.292,95.80,315.00,1,0,0
16655,3.288,95.30,313.00,1,0,0
16657,3.288,95.40,313.00,1,0,0
16660,3.288,96.10,316.00,1,0,0
16662,3.288,95.90,315.00,1,0,0
16665,3.284,97.60,321.00,1,0,0
16667,3.288,96.70,328.00,1,0,0
16680,3.288,95.80,315.00,1,0,0
16682,3.288,95.90,315.00,1,0,0
16685,3.288,99.30,328.00,1,0,0
16687,3.292,95.60,315.00,1,0,0
16690,3.288,95.50,315.00,1,0,0
16692,3.288,95.30,313.00,1,0,0
16695,3.288,88.70,102.00,1,0,0
16697,3.336,30.30,102.00,1,0,0
16700,3.336,30.50,102.00,1,0,0
16702,3.336,30.60,102.00,1,0,0
16705,3.336,30.40,102.00,1,0,0
16707,3.336,30.40,102.00,1,0,0
16710,3.336,30.30,102.00,1,0,0
16712,3.336,30.30,102.00,1,0,0
16725,3.336,30.40,102.00,1,0,0
16727,3.336,30.40,102.00,1,0,0
16730,3.336,30.40,102.00,1,0,0
16732,3.336,30.40,102.00,1,0,0
16735,3.336,114.20,375.00,1,0,0
16737,3.288,98.50,324.00,1,0,0
16740,3.288,94.20,300.00,1,0,0
16742,3.288,95.90,315.00,1,0,0
16744,3.288,94.20,310.00,1,0,0
16747,3.288,95.40,319.00,1,0,0
16749,3.288,99.00,326.00,1,0,0
16752,3.292,96.20,316.00,1,0,0
16754,3.288,95.30,315.00,1,0,0
16757,3.288,95.60,315.00,1,0,0
16769,3.288,96.40,316.00,1,0,0
16772,3.288,97.00,319.00,1,0,0
16774,3.288,95.60,315.00,1,0,0
16777,3.288,95.70,324.00,1,0,0
16779,3.292,95.70,315.00,1,0,0
16782,3.284,95.40,313.00,1,0,0
16784,3.288,99.40,315.00,1,0,0
16787,3.292,96.50,318.00,1,0,0
16789,3.288,96.40,316.00,1,0,0
16792,3.292,66.70,102.00,1,0,0
16794,3.336,30.30,102.00,1,0,0
16797,3.336,30.40,102.00,1,0,0
16799,3.336,30.40,102.00,1,0,0
16802,3.332,30.50,102.00,1,0,0
16814,3.336,30.50,102.00,1,0,0
16817,3.336,30.50,102.00,1,0,0
16819,3.336,30.50,102.00,1,0,0
16822,3.336,30.40,102.00,1,0,0
16824,3.336,30.40,102.00,1,0,0
16827,3.336,30.30,102.00,1,0,0
16829,3.336,30.30,102.00,1,0,0
16832,3.336,30.50,102.00,1,0,0
16834,3.336,39.40,298.00,1,0,0
16837,3.288,95.30,313.00,1,0,0
16839,3.288,98.30,323.00,1,0,0
16842,3.288,90.80,298.00,1,0,0
16844,3.288,95.50,311.00,1,0,0
16847,3.288,95.50,315.00,1,0,0
16859,3.288,95.40,313.00,1,0,0
16862,3.288,95.80,315.00,1,0,0
16864,3.288,97.80,316.00,1,0,0
16867,3.288,95.80,315.00,1,0,0
16869,3.288,97.80,321.00,1,0,0
16872,3.284,96.00,318.00,1,0,0
16874,3.288,95.60,315.00,1,0,0
16876,3.288,95.60,315.00,1,0,0
16879,3.288,99.20,292.00,1,0,0
16881,3.288,95.80,315.00,1,0,0
16884,3.288,95.60,315.00,1,0,0
16886,3.280,115.00,316.00,1,0,0
16889,3.288,96.80,318.00,1,0,0
16891,3.292,30.30,102.00,1,0,0
16904,3.336,30.60,102.00,1,0,0
16906,3.336,30.30,102.00,1,0,0
16909,3.336,30.30,102.00,1,0,0
16911,3.336,30.30,102.00,1,0,0
16914,3.336,30.40,102.00,1,0,0
16916,3.336,30.50,102.00,1,0,0
16919,3.336,30.60,102.00,1,0,0
16921,3.336,30.40,102.00,1,0,0
16924,3.336,30.30,102.00,1,0,0
16926,3.336,30.30,102.00,1,0,0
16929,3.336,30.30,102.00,1,0,0
16931,3.336,30.40,102.00,1,0,0
16934,3.336,43.20,141.00,1,0,0
16936,3.284,95.80,315.00,1,0,0
16949,3.288,95.60,315.00,1,0,0
16951,3.288,95.30,313.00,1,0,0
16954,3.288,93.60,316.00,1,0,0
16956,3.288,95.60,315.00,1,0,0
16959,3.292,98.80,324.00,1,0,0
16961,3.288,95.20,315.00,1,0,0
16964,3.288,98.80,324.00,1,0,0
16966,3.292,96.00,316.00,1,0,0
16969,3.288,96.90,318.00,1,0,0
16971,3.288,95.80,315.00,1,0,0
16973,3.288,95.70,315.00,1,0,0
16976,3.288,95.30,313.00,1,0,0
16978,3.288,96.40,316.00,1,0,0
16981,3.288,95.40,313.00,1,0,0
16994,3.336,30.40,102.00,1,0,0
16996,3.336,30.50,102.00,1,0,0
16998,3.336,30.40,102.00,1,0,0
17001,3.336,30.60,102.00,1,0,0
17003,3.332,30.50,102.00,1,0,0
17006,3.332,30.40,102.00,1,0,0
17008,3.336,30.40,102.00,1,0,0
17011,3.336,30.30,102.00,1,0,0
17013,3.332,30.40,102.00,1,0,0
17016,3.332,30.50,102.00,1,0,0
17018,3.332,30.50,102.00,1,0,0
17021,3.336,30.40,102.00,1,0,0
17023,3.336,30.30,102.00,1,0,0
17026,3.332,30.30,102.00,1,0,0
17038,3.288,96.80,318.00,1,0,0
17041,3.288,95.10,326.00,1,0,0
17043,3.288,95.30,313.00,1,0,0
17046,3.284,95.70,315.00,1,0,0
17048,3.288,96.70,313.00,1,0,0
17051,3.284,95.70,315.00,1,0,0
17053,3.288,95.50,315.00,1,0,0
17056,3.288,96.30,315.00,1,0,0
17058,3.288,95.20,313.00,1,0,0
17061,3.288,95.70,315.00,1,0,0
17063,3.288,98.60,313.00,1,0,0
17066,3.292,95.60,315.00,1,0,0
17068,3.288,95.90,315.00,1,0,0
17071,3.288,96.40,315.00,1,0,0
17083,3.288,95.80,315.00,1,0,0
17086,3.288,95.40,316.00,1,0,0
17088,3.284,96.90,318.00,1,0,0
17091,3.288,95.30,315.00,1,0,0
17093,3.332,30.40,102.00,1,0,0
17096,3.336,30.40,102.00,1,0,0
17098,3.336,30.50,102.00,1,0,0
17101,3.336,30.50,102.00,1,0,0
17103,3.336,30.40,102.00,1,0,0
17105,3.336,30.40,102.00,1,0,0
17108,3.332,30.30,102.00,1,0,0
17110,3.332,30.50,102.00,1,0,0
17113,3.336,30.40,102.00,1,0,0
17115,3.336,30.50,102.00,1,0,0
17128,3.336,30.50,102.00,1,0,0
17130,3.336,30.40,102.00,1,0,0
17133,3.336,30.60,102.00,1,0,0
17135,3.276,90.90,298.00,1,0,0
17138,3.284,89.80,310.00,1,0,0
17140,3.288,100.00,329.00,1,0,0
17143,3.288,95.90,315.00,1,0,0
17145,3.284,95.50,313.00,1,0,0
17148,3.284,95.40,313.00,1,0,0
17150,3.288,95.60,315.00,1,0,0
17153,3.288,95.80,310.00,1,0,0
17155,3.288,99.10,326.00,1,0,0
17158,3.288,96.60,318.00,1,0,0
17160,3.288,95.40,311.00,1,0,0
17173,3.288,97.00,316.00,1,0,0
17175,3.288,96.40,316.00,1,0,0
17178,3.288,96.40,318.00,1,0,0
17180,3.288,95.50,323.00,1,0,0
17183,3.288,95.90,315.00,1,0,0
17185,3.284,95.70,313.00,1,0,0
17188,3.288,95.30,319.00,1,0,0
17190,3.288,95.40,316.00,1,0,0
17193,3.332,30.40,102.00,1,0,0
17195,3.336,30.50,102.00,1,0,0
17198,3.336,30.40,102.00,1,0,0
17200,3.332,30.50,102.00,1,0,0
17203,3.336,30.40,102.00,1,0,0
17205,3.332,30.40,102.00,1,0,0
17218,3.336,30.40,102.00,1,0,0
17220,3.332,30.40,102.00,1,0,0
17223,3.332,30.40,102.00,1,0,0
17225,3.336,30.40,102.00,1,0,0
17228,3.336,30.40,102.00,1,0,0
17230,3.336,30.40,102.00,1,0,0
17233,3.336,30.50,102.00,1,0,0
17235,3.332,91.00,298.00,1,0,0
17238,3.288,89.60,295.00,1,0,0
17240,3.288,95.60,315.00,1,0,0
17243,3.288,95.50,315.00,1,0,0
17245,3.288,95.60,315.00,1,0,0
17247,3.288,96.60,313.00,1,0,0
17250,3.284,95.60,315.00,1,0,0
17263,3.288,95.40,313.00,1,0,0
17265,3.288,95.90,315.00,1,0,0
17268,3.288,96.20,328.00,1,0,0
17270,3.288,95.20,313.00,1,0,0
17272,3.288,96.70,318.00,1,0,0
17275,3.288,100.80,331.00,1,0,0
17277,3.292,96.20,313.00,1,0,0
17280,3.284,96.40,316.00,1,0,0
17282,3.288,96.30,316.00,1,0,0
17285,3.288,96.30,316.00,1,0,0
17287,3.284,95.80,315.00,1,0,0
17290,3.288,96.20,316.00,1,0,0
17292,3.288,95.80,315.00,1,0,0
17295,3.288,96.30,315.00,1,0,0
17307,3.332,30.40,102.00,1,0,0
17310,3.336,30.40,102.00,1,0,0
17312,3.332,30.40,102.00,1,0,0
17315,3.336,30.50,102.00,1,0,0
17317,3.336,30.40,102.00,1,0,0
17320,3.332,30.40,102.00,1,0,0
17322,3.336,30.30,102.00,1,0,0
17325,3.336,30.50,102.00,1,0,0
17327,3.336,30.40,102.00,1,0,0
17330,3.336,30.40,102.00,1,0,0
17332,3.336,30.40,102.00,1,0,0
17335,3.332,102.50,305.00,1,0,0
17337,3.288,96.00,316.00,1,0,0
17340,3.288,89.30,293.00,1,0,0
17352,3.288,95.60,315.00,1,0,0
17355,3.288,90.90,298.00,1,0,0
17357,3.288,96.30,315.00,1,0,0
17360,3.284,97.20,319.00,1,0,0
17362,3.288,97.90,321.00,1,0,0
17365,3.288,95.30,331.00,1,0,0
17367,3.288,95.20,313.00,1,0,0
17370,3.288,95.30,313.00,1,0,0
17372,3.288,94.00,315.00,1,0,0
17375,3.284,95.40,313.00,1,0,0
17377,3.284,96.20,316.00,1,0,0
17379,3.288,92.70,315.00,1,0,0
17382,3.288,96.00,316.00,1,0,0
17384,3.288,95.30,313.00,1,0,0
17397,3.336,30.40,102.00,1,0,0
17400,3.336,30.40,102.00,1,0,0
17402,3.336,30.40,102.00,1,0,0
17404,3.336,30.50,102.00,1,0,0
17407,3.336,30.50,102.00,1,0,0
17409,3.336,30.50,102.00,1,0,0
17412,3.336,30.40,102.00,1,0,0
17414,3.336,30.30,102.00,1,0,0
17417,3.332,30.30,102.00,1,0,0
17419,3.336,30.40,102.00,1,0,0
17422,3.336,30.30,102.00,1,0,0
17424,3.336,30.40,102.00,1,0,0
17427,3.332,30.40,102.00,1,0,0
17429,3.336,30.40,102.00,1,0,0
17442,3.288,95.50,315.00,1,0,0
17444,3.288,89.60,300.00,1,0,0
17447,3.288,97.00,319.00,1,0,0
17449,3.288,95.20,313.00,1,0,0
17452,3.288,94.40,313.00,1,0,0
17454,3.288,95.50,315.00,1,0,0
17457,3.284,91.60,301.00,1,0,0
17459,3.284,95.40,315.00,1,0,0
17462,3.288,96.20,316.00,1,0,0
17464,3.288,95.90,315.00,1,0,0
17467,3.288,95.70,315.00,1,0,0
17469,3.288,93.70,313.00,1,0,0
17472,3.288,96.10,316.00,1,0,0
17474,3.284,98.10,323.00,1,0,0
17487,3.280,127.50,419.00,1,0,0
17489,3.288,96.00,319.00,1,0,0
17492,3.288,47.20,157.00,1,0,0
17494,3.336,30.50,102.00,1,0,0
17497,3.336,30.40,102.00,1,0,0
17499,3.336,30.40,102.00,1,0,0
17502,3.332,30.40,102.00,1,0,0
17504,3.336,30.40,102.00,1,0,0
17507,3.336,30.40,102.00,1,0,0
17509,3.332,30.50,102.00,1,0,0
17511,3.332,30.40,102.00,1,0,0
17514,3.336,30.30,102.00,1,0,0
17516,3.332,30.40,102.00,1,0,0
17519,3.336,30.50,102.00,1,0,0
17532,3.336,30.40,102.00,1,0,0
17534,3.336,30.40,382.00,1,0,0
17536,3.288,97.80,321.00,1,0,0
17539,3.284,97.50,321.00,1,0,0
17541,3.288,95.80,328.00,1,0,0
17544,3.288,96.50,318.00,1,0,0
17546,3.288,89.40,293.00,1,0,0
17549,3.288,95.10,315.00,1,0,0
17551,3.288,95.50,315.00,1,0,0
17554,3.288,95.50,313.00,1,0,0
17556,3.288,98.20,315.00,1,0,0
17559,3.288,90.90,298.00,1,0,0
17561,3.284,95.20,313.00,1,0,0
17564,3.284,96.30,329.00,1,0,0
17576,3.292,95.70,328.00,1,0,0
17579,3.292,95.30,313.00,1,0,0
17581,3.288,96.30,316.00,1,0,0
17584,3.288,95.50,316.00,1,0,0
17586,3.288,98.40,323.00,1,0,0
17589,3.284,98.90,324.00,1,0,0
17591,3.288,95.50,102.00,1,0,0
17594,3.336,30.40,102.00,1,0,0
17596,3.336,30.30,102.00,1,0,0
17599,3.336,30.30,102.00,1,0,0
17601,3.332,30.40,102.00,1,0,0
17604,3.336,30.60,102.00,1,0,0
17606,3.336,30.40,102.00,1,0,0
17609,3.336,30.50,102.00,1,0,0
17621,3.332,30.50,102.00,1,0,0
17624,3.336,30.40,102.00,1,0,0
17626,3.336,30.40,102.00,1,0,0
17629,3.336,30.30,102.00,1,0,0
17631,3.332,30.30,102.00,1,0,0
17634,3.336,30.40,102.00,1,0,0
17636,3.288,94.40,313.00,1,0,0
17639,3.284,95.70,315.00,1,0,0
17641,3.288,95.30,313.00,1,0,0
17643,3.288,95.80,313.00,1,0,0
17646,3.288,96.60,318.00,1,0,0
17648,3.288,89.40,293.00,1,0,0
17651,3.288,95.80,315.00,1,0,0
17653,3.288,95.40,313.00,1,0,0
17666,3.288,95.90,316.00,1,0,0
17668,3.288,96.50,318.00,1,0,0
17671,3.288,95.30,313.00,1,0,0
17673,3.288,95.30,313.00,1,0,0
17676,3.288,95.40,313.00,1,0,0
17678,3.288,95.80,315.00,1,0,0
17681,3.288,95.80,313.00,1,0,0
17683,3.288,96.40,316.00,1,0,0
17686,3.288,129.10,424.00,1,0,0
17688,3.288,96.10,324.00,1,0,0
17691,3.284,74.50,249.00,1,0,0
17693,3.336,30.40,102.00,1,0,0
17696,3.336,30.30,102.00,1,0,0
17698,3.332,30.30,102.00,1,0,0
17711,3.336,30.30,102.00,1,0,0
17713,3.336,30.30,102.00,1,0,0
17716,3.336,30.30,102.00,1,0,0
17718,3.336,30.60,102.00,1,0,0
17721,3.332,30.50,102.00,1,0,0
17723,3.336,30.40,102.00,1,0,0
17726,3.336,30.40,102.00,1,0,0
17728,3.336,30.30,102.00,1,0,0
17731,3.336,30.30,102.00,1,0,0
17733,3.336,30.40,100.00,1,0,0
17736,3.308,94.50,311.00,1,0,0
17738,3.284,95.50,315.00,1,0,0
17741,3.288,95.50,315.00,1,0,0
17743,3.292,95.30,313.00,1,0,0
17756,3.284,96.20,316.00,1,0,0
17758,3.288,96.20,316.00,1,0,0
17761,3.288,95.50,315.00,1,0,0
17763,3.288,90.80,298.00,1,0,0
17766,3.288,95.10,313.00,1,0,0
17768,3.284,95.60,313.00,1,0,0
17771,3.288,95.60,315.00,1,0,0
17773,3.288,98.90,324.00,1,0,0
17775,3.292,97.60,315.00,1,0,0
17778,3.288,99.70,328.00,1,0,0
17780,3.288,95.30,313.00,1,0,0
17783,3.288,95.30,313.00,1,0,0
17785,3.288,101.50,334.00,1,0,0
17788,3.288,99.90,328.00,1,0,0
17800,3.336,30.50,102.00,1,0,0
17803,3.336,30.50,102.00,1,0,0
17805,3.336,30.40,102.00,1,0,0
17808,3.332,30.40,102.00,1,0,0
17810,3.336,30.30,102.00,1,0,0
17813,3.336,30.30,102.00,1,0,0
17815,3.336,30.30,102.00,1,0,0
17818,3.336,30.60,102.00,1,0,0
17820,3.336,30.50,102.00,1,0,0
17823,3.336,30.50,102.00,1,0,0
17825,3.336,30.30,102.00,1,0,0
17828,3.336,30.30,102.00,1,0,0
17830,3.336,30.30,102.00,1,0,0
17833,3.336,30.40,102.00,1,0,0
17845,3.288,96.90,318.00,1,0,0
17848,3.288,95.10,313.00,1,0,0
17850,3.288,95.70,313.00,1,0,0
17853,3.284,91.50,301.00,1,0,0
17855,3.288,90.80,298.00,1,0,0
17858,3.288,95.60,313.00,1,0,0
17860,3.288,95.10,313.00,1,0,0
17863,3.288,95.30,313.00,1,0,0
17865,3.288,95.50,301.00,1,0,0
17868,3.288,99.20,326.00,1,0,0
17870,3.288,97.30,319.00,1,0,0
17872,3.288,97.20,313.00,1,0,0
17875,3.288,99.10,326.00,1,0,0
17877,3.284,95.10,313.00,1,0,0
17890,3.288,96.10,316.00,1,0,0
17893,3.288,30.40,102.00,1,0,0
17895,3.332,30.40,102.00,1,0,0
17897,3.336,30.20,100.00,1,0,0
17900,3.336,30.50,102.00,1,0,0
17902,3.336,30.50,102.00,1,0,0
17905,3.336,30.50,102.00,1,0,0
17907,3.336,30.40,102.00,1,0,0
17910,3.336,30.30,102.00,1,0,0
17912,3.336,30.30,102.00,1,0,0
17915,3.336,30.30,102.00,1,0,0
17917,3.336,30.50,102.00,1,0,0
17920,3.336,30.50,102.00,1,0,0
17922,3.336,30.40,102.00,1,0,0
17935,3.284,90.80,298.00,1,0,0
17937,3.288,95.40,315.00,1,0,0
17940,3.292,95.60,315.00,1,0,0
17942,3.284,95.10,313.00,1,0,0
17945,3.284,95.50,315.00,1,0,0
17947,3.288,95.10,313.00,1,0,0
17950,3.288,95.30,313.00,1,0,0
17952,3.288,95.60,295.00,1,0,0
17955,3.288,95.10,313.00,1,0,0
17957,3.288,95.40,313.00,1,0,0
17960,3.288,95.20,313.00,1,0,0
17962,3.288,95.40,313.00,1,0,0
17965,3.288,95.40,313.00,1,0,0
17967,3.288,95.80,315.00,1,0,0
17980,3.288,95.20,313.00,1,0,0
17982,3.288,95.40,313.00,1,0,0
17985,3.288,95.60,315.00,1,0,0
17987,3.288,100.40,329.00,1,0,0
17990,3.288,96.20,315.00,1,0,0
17992,3.284,30.40,102.00,1,0,0
17995,3.336,30.30,102.00,1,0,0
17997,3.332,30.30,102.00,1,0,0
18000,3.336,30.50,102.00,1,0,0
