timestamp_ms,voltage_V,current_mA,power_mW,marker_ble,marker_wifi,marker_sleep
0,3.280,92.50,303.00,1,0,0
2,3.288,97.30,319.00,1,0,0
5,3.288,97.80,333.00,1,0,0
7,3.292,99.30,328.00,1,0,0
10,3.288,96.50,318.00,1,0,0
12,3.288,97.90,301.00,1,0,0
15,3.288,96.70,318.00,1,0,0
17,3.288,99.00,326.00,1,0,0
20,3.280,99.90,301.00,1,0,0
22,3.288,97.40,321.00,1,0,0
25,3.292,99.80,329.00,1,0,0
27,3.292,96.40,324.00,1,0,0
30,3.292,96.90,319.00,1,0,0
32,3.292,99.90,329.00,1,0,0
35,3.292,95.60,319.00,1,0,0
37,3.288,99.30,326.00,1,0,0
40,3.292,100.00,329.00,1,0,0
42,3.288,94.70,318.00,1,0,0
44,3.288,97.00,319.00,1,0,0
47,3.288,96.20,316.00,1,0,0
49,3.292,99.40,319.00,1,0,0
52,3.288,97.60,321.00,1,0,0
54,3.288,98.20,323.00,1,0,0
57,3.288,96.40,318.00,1,0,0
69,3.288,98.30,323.00,1,0,0
72,3.292,99.30,319.00,1,0,0
74,3.288,96.40,318.00,1,0,0
77,3.288,96.40,318.00,1,0,0
79,3.276,95.40,323.00,1,0,0
82,3.288,97.50,321.00,1,0,0
84,3.292,99.70,329.00,1,0,0
87,3.292,98.20,328.00,1,0,0
89,3.292,96.40,318.00,1,0,0
92,3.288,100.80,333.00,1,0,0
94,3.292,98.70,319.00,1,0,0
97,3.288,100.90,333.00,1,0,0
99,3.272,91.50,301.00,1,0,0
102,3.288,97.20,297.00,1,0,0
104,3.288,95.00,313.00,1,0,0
107,3.288,96.40,318.00,1,0,0
109,3.292,97.20,319.00,1,0,0
112,3.288,89.30,293.00,1,0,0
114,3.292,97.90,321.00,1,0,0
116,3.288,91.90,318.00,1,0,0
119,3.288,91.60,301.00,1,0,0
132,3.292,100.20,324.00,1,0,0
134,3.292,97.10,319.00,1,0,0
137,3.292,101.60,334.00,1,0,0
139,3.288,106.40,383.00,1,0,0
142,3.288,97.10,319.00,1,0,0
144,3.288,96.80,318.00,1,0,0
146,3.288,97.30,318.00,1,0,0
149,3.288,96.90,318.00,1,0,0
151,3.288,97.60,321.00,1,0,0
154,3.288,100.30,331.00,1,0,0
156,3.292,96.50,318.00,1,0,0
159,3.288,120.80,398.00,1,0,0
161,3.284,97.80,324.00,1,0,0
164,3.292,101.00,333.00,1,0,0
166,3.288,99.70,328.00,1,0,0
169,3.288,99.90,329.00,1,0,0
171,3.292,96.40,318.00,1,0,0
174,3.292,96.60,318.00,1,0,0
186,3.292,98.50,324.00,1,0,0
189,3.292,100.80,333.00,1,0,0
191,3.288,99.10,318.00,1,0,0
194,3.288,99.10,326.00,1,0,0
196,3.288,97.90,321.00,1,0,0
199,3.292,99.50,301.00,1,0,0
201,3.288,101.30,333.00,1,0,0
204,3.292,94.30,310.00,1,0,0
206,3.288,90.30,319.00,1,0,0
209,3.292,98.10,323.00,1,0,0
211,3.288,97.60,321.00,1,0,0
214,3.288,99.10,295.00,1,0,0
216,3.292,90.10,297.00,1,0,0
218,3.288,98.30,323.00,1,0,0
221,3.288,97.40,318.00,1,0,0
223,3.292,97.10,319.00,1,0,0
226,3.292,97.40,319.00,1,0,0
228,3.292,101.20,321.00,1,0,0
241,3.292,97.20,319.00,1,0,0
243,3.288,99.10,321.00,1,0,0
246,3.288,100.20,329.00,1,0,0
248,3.288,96.30,316.00,1,0,0
251,3.288,92.40,321.00,1,0,0
253,3.288,96.70,318.00,1,0,0
256,3.288,97.00,319.00,1,0,0
258,3.292,99.30,392.00,1,0,0
261,3.288,99.20,326.00,1,0,0
263,3.292,97.50,321.00,1,0,0
266,3.292,100.10,329.00,1,0,0
268,3.292,96.30,316.00,1,0,0
271,3.292,96.80,318.00,1,0,0
273,3.292,97.00,323.00,1,0,0
276,3.292,98.40,323.00,1,0,0
278,3.288,100.60,329.00,1,0,0
281,3.284,98.40,316.00,1,0,0
283,3.288,96.50,318.00,1,0,0
296,3.292,97.10,318.00,1,0,0
298,3.288,108.70,357.00,1,0,0
301,3.288,96.70,318.00,1,0,0
303,3.292,96.70,331.00,1,0,0
306,3.292,97.30,319.00,1,0,0
308,3.288,91.00,300.00,1,0,0
311,3.292,92.30,326.00,1,0,0
313,3.288,98.10,323.00,1,0,0
315,3.292,100.30,331.00,1,0,0
318,3.288,89.50,387.00,1,0,0
320,3.288,91.60,301.00,1,0,0
323,3.288,98.50,324.00,1,0,0
325,3.288,99.20,326.00,1,0,0
328,3.292,99.50,328.00,1,0,0
330,3.292,100.10,329.00,1,0,0
333,3.292,100.10,316.00,1,0,0
335,3.288,100.00,329.00,1,0,0
338,3.292,97.10,319.00,1,0,0
350,3.288,97.00,319.00,1,0,0
353,3.292,97.00,319.00,1,0,0
355,3.292,99.00,328.00,1,0,0
358,3.292,100.50,329.00,1,0,0
360,3.288,97.50,321.00,1,0,0
363,3.288,97.00,329.00,1,0,0
365,3.288,95.30,313.00,1,0,0
368,3.292,98.60,324.00,1,0,0
370,3.292,97.30,321.00,1,0,0
373,3.292,97.40,319.00,1,0,0
375,3.288,98.70,324.00,1,0,0
378,3.292,100.10,323.00,1,0,0
380,3.276,96.50,318.00,1,0,0
383,3.292,96.60,318.00,1,0,0
385,3.288,96.70,321.00,1,0,0
387,3.292,98.30,323.00,1,0,0
390,3.292,97.80,323.00,1,0,0
392,3.288,97.60,324.00,1,0,0
405,3.296,98.20,323.00,1,0,0
408,3.288,97.20,318.00,1,0,0
410,3.292,90.50,298.00,1,0,0
413,3.288,97.00,319.00,1,0,0
415,3.292,98.70,321.00,1,0,0
417,3.292,97.30,319.00,1,0,0
420,3.288,96.20,316.00,1,0,0
422,3.284,91.60,301.00,1,0,0
425,3.288,98.00,323.00,1,0,0
427,3.288,96.60,318.00,1,0,0
430,3.292,99.90,329.00,1,0,0
432,3.292,97.60,321.00,1,0,0
435,3.292,98.20,323.00,1,0,0
437,3.292,99.80,328.00,1,0,0
440,3.280,94.10,310.00,1,0,0
442,3.288,97.00,319.00,1,0,0
445,3.292,96.70,319.00,1,0,0
447,3.288,97.60,321.00,1,0,0
450,3.288,97.40,321.00,1,0,0
462,3.288,97.20,319.00,1,0,0
465,3.288,97.60,321.00,1,0,0
467,3.288,97.40,329.00,1,0,0
470,3.288,99.70,328.00,1,0,0
472,3.292,97.10,319.00,1,0,0
475,3.292,100.90,318.00,1,0,0
477,3.292,100.00,329.00,1,0,0
480,3.284,91.70,301.00,1,0,0
482,3.288,97.30,321.00,1,0,0
485,3.288,98.90,326.00,1,0,0
487,3.292,98.20,323.00,1,0,0
490,3.288,96.40,321.00,1,0,0
496,3.288,96.90,319.00,1,0,0
499,3.288,121.00,398.00,1,0,0
501,3.288,99.30,329.00,1,0,0
504,3.292,100.10,329.00,1,0,0
506,3.292,100.50,331.00,1,0,0
509,3.292,96.60,334.00,1,0,0
511,3.292,97.80,321.00,1,0,0
514,3.292,94.50,311.00,1,0,0
516,3.288,90.70,319.00,1,0,0
518,3.288,106.90,352.00,1,0,0
521,3.288,96.40,316.00,1,0,0
523,3.288,96.40,321.00,1,0,0
526,3.292,91.50,301.00,1,0,0
528,3.288,100.20,329.00,1,0,0
541,3.288,96.40,318.00,1,0,0
544,3.292,97.90,321.00,1,0,0
546,3.288,97.40,321.00,1,0,0
548,3.292,98.70,324.00,1,0,0
551,3.288,97.80,321.00,1,0,0
553,3.292,97.30,321.00,1,0,0
556,3.288,96.40,316.00,1,0,0
558,3.288,99.70,328.00,1,0,0
561,3.288,96.00,329.00,1,0,0
563,3.292,98.70,324.00,1,0,0
566,3.292,100.10,329.00,1,0,0
568,3.288,100.20,319.00,1,0,0
571,3.288,98.00,323.00,1,0,0
573,3.292,98.20,323.00,1,0,0
576,3.288,95.90,323.00,1,0,0
578,3.292,111.20,365.00,1,0,0
581,3.288,98.10,323.00,1,0,0
583,3.292,99.00,328.00,1,0,0
596,3.292,99.70,328.00,1,0,0
598,3.292,97.30,333.00,1,0,0
601,3.288,91.50,301.00,1,0,0
603,3.292,99.50,328.00,1,0,0
606,3.292,96.90,319.00,1,0,0
608,3.292,101.10,333.00,1,0,0
611,3.288,97.40,319.00,1,0,0
613,3.292,99.80,323.00,1,0,0
616,3.288,94.80,311.00,1,0,0
618,3.288,90.30,295.00,1,0,0
620,3.288,96.10,318.00,1,0,0
623,3.292,93.10,306.00,1,0,0
625,3.292,90.40,297.00,1,0,0
628,3.288,91.40,326.00,1,0,0
630,3.280,98.80,324.00,1,0,0
633,3.288,100.40,331.00,1,0,0
635,3.288,100.50,316.00,1,0,0
638,3.288,102.50,336.00,1,0,0
650,3.288,100.10,318.00,1,0,0
653,3.292,97.30,319.00,1,0,0
655,3.288,98.30,324.00,1,0,0
658,3.292,100.40,342.00,1,0,0
660,3.280,96.80,318.00,1,0,0
663,3.288,110.60,364.00,1,0,0
665,3.292,97.80,329.00,1,0,0
668,3.292,97.10,319.00,1,0,0
670,3.288,97.20,319.00,1,0,0
673,3.288,97.30,318.00,1,0,0
675,3.288,97.30,319.00,1,0,0
678,3.288,97.10,319.00,1,0,0
680,3.288,94.90,326.00,1,0,0
683,3.288,98.30,323.00,1,0,0
685,3.292,96.50,318.00,1,0,0
688,3.292,96.40,316.00,1,0,0
690,3.288,97.00,319.00,1,0,0
692,3.288,99.20,326.00,1,0,0
705,3.292,96.90,318.00,1,0,0
708,3.292,99.40,328.00,1,0,0
710,3.292,100.70,324.00,1,0,0
713,3.288,97.60,321.00,1,0,0
715,3.292,100.30,331.00,1,0,0
717,3.288,90.30,308.00,1,0,0
720,3.284,93.60,308.00,1,0,0
722,3.292,97.60,321.00,1,0,0
725,3.288,97.90,315.00,1,0,0
727,3.292,89.40,293.00,1,0,0
730,3.288,97.40,319.00,1,0,0
732,3.288,91.50,316.00,1,0,0
735,3.288,98.80,326.00,1,0,0
737,3.288,98.70,324.00,1,0,0
740,3.288,98.10,301.00,1,0,0
742,3.288,100.40,331.00,1,0,0
745,3.288,97.50,321.00,1,0,0
747,3.288,99.50,318.00,1,0,0
760,3.276,91.80,301.00,1,0,0
762,3.288,96.70,318.00,1,0,0
765,3.288,96.80,318.00,1,0,0
767,3.292,96.90,318.00,1,0,0
770,3.288,96.80,329.00,1,0,0
772,3.288,99.20,326.00,1,0,0
775,3.288,99.20,328.00,1,0,0
777,3.288,99.70,328.00,1,0,0
780,3.288,91.60,301.00,1,0,0
782,3.292,99.90,328.00,1,0,0
785,3.288,96.70,329.00,1,0,0
787,3.288,97.40,321.00,1,0,0
789,3.292,99.90,329.00,1,0,0
792,3.292,98.40,323.00,1,0,0
794,3.288,96.30,316.00,1,0,0
797,3.292,96.40,316.00,1,0,0
799,3.284,99.80,329.00,1,0,0
802,3.292,97.10,319.00,1,0,0
804,3.288,110.20,362.00,1,0,0
817,3.288,97.00,319.00,1,0,0
819,3.288,90.50,298.00,1,0,0
822,3.276,91.80,319.00,1,0,0
824,3.288,96.80,318.00,1,0,0
827,3.288,97.30,321.00,1,0,0
829,3.288,89.30,293.00,1,0,0
832,3.288,99.10,326.00,1,0,0
834,3.288,95.10,313.00,1,0,0
837,3.288,99.00,324.00,1,0,0
839,3.288,91.60,301.00,1,0,0
842,3.288,97.20,319.00,1,0,0
844,3.288,98.80,316.00,1,0,0
847,3.288,96.40,318.00,1,0,0
849,3.288,90.90,298.00,1,0,0
852,3.292,93.70,319.00,1,0,0
854,3.288,97.30,321.00,1,0,0
857,3.288,97.40,319.00,1,0,0
859,3.288,102.50,323.00,1,0,0
862,3.292,99.70,328.00,1,0,0
874,3.288,99.00,338.00,1,0,0
877,3.288,99.90,328.00,1,0,0
879,3.284,96.80,318.00,1,0,0
882,3.292,97.40,318.00,1,0,0
884,3.288,97.90,323.00,1,0,0
887,3.292,99.70,328.00,1,0,0
889,3.288,97.30,331.00,1,0,0
892,3.292,91.40,300.00,1,0,0
894,3.292,97.00,319.00,1,0,0
896,3.288,96.70,331.00,1,0,0
899,3.292,91.60,301.00,1,0,0
901,3.292,100.10,329.00,1,0,0
904,3.292,97.30,319.00,1,0,0
906,3.288,100.20,329.00,1,0,0
909,3.288,96.30,316.00,1,0,0
911,3.288,96.30,333.00,1,0,0
914,3.292,97.70,321.00,1,0,0
916,3.292,99.90,329.00,1,0,0
929,3.292,96.80,318.00,1,0,0
931,3.292,89.30,293.00,1,0,0
934,3.288,94.50,305.00,1,0,0
936,3.288,97.40,319.00,1,0,0
939,3.292,123.60,406.00,1,0,0
941,3.288,97.00,316.00,1,0,0
944,3.288,98.00,323.00,1,0,0
946,3.288,96.60,318.00,1,0,0
949,3.292,100.00,328.00,1,0,0
951,3.288,97.20,319.00,1,0,0
954,3.292,97.40,321.00,1,0,0
956,3.288,97.50,338.00,1,0,0
959,3.288,117.80,387.00,1,0,0
961,3.288,96.80,318.00,1,0,0
964,3.288,97.30,319.00,1,0,0
966,3.288,98.10,323.00,1,0,0
968,3.288,96.70,318.00,1,0,0
971,3.288,97.90,338.00,1,0,0
984,3.292,101.80,319.00,1,0,0
986,3.288,99.90,328.00,1,0,0
989,3.288,96.70,318.00,1,0,0
991,3.288,96.20,316.00,1,0,0
993,3.288,101.00,310.00,1,0,0
996,3.280,100.70,331.00,1,0,0
998,3.292,102.50,334.00,1,0,0
1001,3.288,103.80,326.00,1,0,0
1003,3.288,100.00,329.00,1,0,0
1006,3.288,96.70,318.00,1,0,0
1008,3.292,97.70,319.00,1,0,0
1011,3.288,97.10,319.00,1,0,0
1013,3.288,98.60,324.00,1,0,0
1016,3.288,100.50,331.00,1,0,0
1018,3.292,123.50,406.00,1,0,0
1021,3.288,96.30,316.00,1,0,0
1033,3.288,96.80,318.00,1,0,0
1036,3.288,96.60,336.00,1,0,0
1038,3.288,119.50,393.00,1,0,0
1041,3.288,96.70,318.00,1,0,0
1043,3.296,98.20,321.00,1,0,0
1046,3.288,96.70,318.00,1,0,0
1048,3.292,100.80,333.00,1,0,0
1051,3.288,96.60,318.00,1,0,0
1053,3.292,96.70,331.00,1,0,0
1056,3.292,100.00,329.00,1,0,0
1058,3.292,97.40,319.00,1,0,0
1061,3.288,98.20,319.00,1,0,0
1063,3.288,97.80,321.00,1,0,0
1066,3.288,100.00,329.00,1,0,0
1068,3.292,99.80,324.00,1,0,0
1081,3.288,97.40,319.00,1,0,0
1083,3.292,96.30,316.00,1,0,0
1086,3.292,101.00,333.00,1,0,0
1088,3.292,101.10,318.00,1,0,0
1091,3.292,96.90,318.00,1,0,0
1093,3.288,96.80,318.00,1,0,0
1095,3.292,98.90,323.00,1,0,0
1098,3.288,118.30,388.00,1,0,0
1100,3.288,101.90,334.00,1,0,0
1103,3.288,102.00,329.00,1,0,0
1105,3.292,96.80,318.00,1,0,0
1108,3.292,99.90,329.00,1,0,0
1110,3.288,97.40,319.00,1,0,0
1113,3.288,100.30,328.00,1,0,0
1115,3.288,100.00,329.00,1,0,0
1128,3.292,90.40,297.00,1,0,0
1130,3.288,99.10,326.00,1,0,0
1133,3.292,98.60,318.00,1,0,0
1135,3.292,89.20,293.00,1,0,0
1138,3.288,93.50,306.00,1,0,0
1140,3.288,93.30,300.00,1,0,0
1143,3.288,99.50,328.00,1,0,0
1145,3.292,97.70,321.00,1,0,0
1148,3.288,96.80,298.00,1,0,0
1150,3.288,96.10,316.00,1,0,0
1153,3.288,96.30,316.00,1,0,0
1155,3.292,96.80,323.00,1,0,0
1158,3.292,100.40,329.00,1,0,0
1160,3.288,97.30,319.00,1,0,0
1163,3.288,97.30,319.00,1,0,0
1165,3.288,96.90,318.00,1,0,0
1178,3.292,98.40,316.00,1,0,0
1180,3.284,96.10,316.00,1,0,0
1183,3.288,96.50,318.00,1,0,0
1185,3.292,100.90,318.00,1,0,0
1188,3.288,97.30,319.00,1,0,0
1190,3.292,97.60,321.00,1,0,0
1193,3.288,99.90,321.00,1,0,0
1195,3.288,99.90,329.00,1,0,0
1198,3.292,97.10,319.00,1,0,0
1200,3.288,92.50,316.00,1,0,0
1203,3.288,97.30,321.00,1,0,0
1205,3.292,98.10,323.00,1,0,0
1207,3.288,98.20,331.00,1,0,0
1210,3.292,100.60,331.00,1,0,0
1212,3.288,100.40,331.00,1,0,0
1215,3.292,96.40,336.00,1,0,0
1228,3.288,98.60,318.00,1,0,0
1230,3.292,91.00,300.00,1,0,0
1233,3.292,92.20,303.00,1,0,0
1235,3.292,96.80,321.00,1,0,0
1238,3.292,96.70,318.00,1,0,0
1240,3.288,114.40,375.00,1,0,0
1242,3.284,91.70,305.00,1,0,0
1245,3.288,97.40,319.00,1,0,0
1247,3.288,96.40,318.00,1,0,0
1250,3.292,96.60,318.00,1,0,0
1252,3.292,98.50,319.00,1,0,0
1255,3.292,99.00,326.00,1,0,0
1257,3.292,97.90,323.00,1,0,0
1260,3.284,97.10,319.00,1,0,0
1262,3.288,99.80,329.00,1,0,0
1265,3.288,97.00,319.00,1,0,0
1277,3.288,97.70,321.00,1,0,0
1280,3.292,94.70,333.00,1,0,0
1282,3.292,92.00,301.00,1,0,0
1285,3.292,99.90,328.00,1,0,0
1287,3.292,100.00,328.00,1,0,0
1290,3.292,100.30,331.00,1,0,0
1292,3.292,99.80,329.00,1,0,0
1295,3.292,99.80,318.00,1,0,0
1297,3.292,96.50,318.00,1,0,0
1300,3.280,92.60,305.00,1,0,0
1302,3.288,97.60,323.00,1,0,0
1305,3.288,97.50,321.00,1,0,0
1307,3.288,95.10,313.00,1,0,0
1310,3.292,100.60,331.00,1,0,0
1312,3.292,101.00,319.00,1,0,0
1325,3.292,100.00,329.00,1,0,0
1327,3.292,96.40,316.00,1,0,0
1330,3.288,96.50,318.00,1,0,0
1332,3.292,90.20,321.00,1,0,0
1335,3.288,100.60,331.00,1,0,0
1337,3.288,98.70,324.00,1,0,0
1340,3.272,93.40,300.00,1,0,0
1342,3.288,89.30,293.00,1,0,0
1344,3.288,92.10,303.00,1,0,0
1347,3.292,97.40,319.00,1,0,0
1349,3.288,99.90,329.00,1,0,0
1352,3.288,99.10,326.00,1,0,0
1354,3.292,97.30,326.00,1,0,0
1357,3.292,96.30,316.00,1,0,0
1359,3.288,100.80,331.00,1,0,0
1362,3.288,98.10,319.00,1,0,0
1374,3.288,96.60,318.00,1,0,0
1377,3.288,96.70,318.00,1,0,0
1379,3.288,91.90,301.00,1,0,0
1382,3.288,97.50,321.00,1,0,0
1384,3.288,99.40,329.00,1,0,0
1387,3.292,99.50,328.00,1,0,0
1389,3.292,97.10,319.00,1,0,0
1392,3.292,100.20,321.00,1,0,0
1394,3.288,96.60,318.00,1,0,0
1397,3.292,96.90,319.00,1,0,0
1399,3.284,116.70,321.00,1,0,0
1402,3.292,99.90,329.00,1,0,0
1404,3.292,99.10,326.00,1,0,0
1407,3.288,100.00,318.00,1,0,0
1409,3.292,96.60,318.00,1,0,0
1412,3.292,97.00,319.00,1,0,0
1424,3.292,100.60,331.00,1,0,0
1427,3.288,97.30,323.00,1,0,0
1429,3.288,99.10,326.00,1,0,0
1432,3.292,97.20,319.00,1,0,0
1434,3.292,100.40,329.00,1,0,0
1437,3.292,90.10,297.00,1,0,0
1439,3.288,91.80,301.00,1,0,0
1442,3.292,96.30,316.00,1,0,0
1444,3.288,89.40,293.00,1,0,0
1447,3.292,91.60,301.00,1,0,0
1449,3.288,99.60,328.00,1,0,0
1451,3.288,102.70,319.00,1,0,0
1454,3.288,96.60,318.00,1,0,0
1456,3.288,98.00,323.00,1,0,0
1459,3.292,120.70,301.00,1,0,0
1472,3.288,96.40,326.00,1,0,0
1474,3.288,96.50,318.00,1,0,0
1477,3.288,97.60,321.00,1,0,0
1479,3.292,102.20,318.00,1,0,0
1481,3.288,91.60,301.00,1,0,0
1484,3.288,97.10,319.00,1,0,0
1486,3.288,101.50,316.00,1,0,0
1489,3.288,93.40,308.00,1,0,0
1491,3.292,99.00,326.00,1,0,0
1494,3.292,98.40,324.00,1,0,0
1496,3.292,97.80,328.00,1,0,0
1499,3.288,95.60,315.00,1,0,0
1501,3.288,100.60,331.00,1,0,0
1504,3.288,97.60,328.00,1,0,0
1506,3.288,99.80,328.00,1,0,0
1509,3.288,98.10,323.00,1,0,0
1521,3.288,96.90,318.00,1,0,0
1524,3.292,117.10,311.00,1,0,0
1526,3.288,97.30,321.00,1,0,0
1529,3.288,97.20,319.00,1,0,0
1531,3.292,97.10,321.00,1,0,0
1534,3.292,101.00,333.00,1,0,0
1536,3.288,90.40,297.00,1,0,0
1539,3.288,105.40,301.00,1,0,0
1541,3.284,97.70,321.00,1,0,0
1544,3.288,98.10,323.00,1,0,0
1546,3.288,96.50,318.00,1,0,0
1549,3.292,96.40,316.00,1,0,0
1551,3.288,97.10,319.00,1,0,0
1554,3.288,96.50,316.00,1,0,0
1556,3.288,97.40,321.00,1,0,0
1559,3.288,104.50,342.00,1,0,0
1571,3.292,99.70,328.00,1,0,0
1574,3.292,98.00,323.00,1,0,0
1576,3.292,96.80,328.00,1,0,0
1579,3.292,120.20,396.00,1,0,0
1581,3.288,94.20,310.00,1,0,0
1584,3.288,96.40,324.00,1,0,0
1586,3.292,96.30,316.00,1,0,0
1589,3.288,97.00,319.00,1,0,0
1591,3.292,97.40,328.00,1,0,0
1594,3.292,98.60,324.00,1,0,0
1596,3.288,100.30,331.00,1,0,0
1598,3.288,97.00,310.00,1,0,0
1601,3.288,100.50,331.00,1,0,0
1603,3.292,96.70,318.00,1,0,0
1606,3.288,97.40,319.00,1,0,0
1608,3.292,97.40,319.00,1,0,0
1621,3.288,97.10,319.00,1,0,0
1623,3.292,97.50,321.00,1,0,0
1626,3.288,97.60,321.00,1,0,0
1628,3.288,100.00,331.00,1,0,0
1631,3.292,96.50,318.00,1,0,0
1633,3.288,96.50,318.00,1,0,0
1636,3.288,96.60,318.00,1,0,0
1638,3.292,95.90,315.00,1,0,0
1641,3.296,114.70,377.00,1,0,0
1643,3.288,99.10,331.00,1,0,0
1646,3.292,100.10,329.00,1,0,0
1648,3.292,96.30,316.00,1,0,0
1651,3.288,97.80,301.00,1,0,0
1653,3.288,100.30,331.00,1,0,0
1656,3.296,100.00,329.00,1,0,0
1668,3.292,97.20,321.00,1,0,0
1671,3.292,96.80,315.00,1,0,0
1673,3.288,97.40,319.00,1,0,0
1676,3.288,100.00,329.00,1,0,0
1678,3.292,100.60,318.00,1,0,0
1681,3.292,96.50,318.00,1,0,0
1683,3.292,97.60,321.00,1,0,0
1686,3.288,96.70,301.00,1,0,0
1688,3.288,99.80,329.00,1,0,0
1691,3.292,96.50,318.00,1,0,0
1693,3.292,97.50,321.00,1,0,0
1696,3.292,100.30,316.00,1,0,0
1698,3.288,101.30,334.00,1,0,0
1700,3.288,96.70,318.00,1,0,0
1703,3.288,97.00,354.00,1,0,0
1716,3.288,96.50,329.00,1,0,0
1718,3.292,97.90,321.00,1,0,0
1721,3.288,97.80,323.00,1,0,0
1723,3.292,97.40,408.00,1,0,0
1726,3.288,97.80,323.00,1,0,0
1728,3.292,100.20,329.00,1,0,0
1730,3.292,99.30,318.00,1,0,0
1733,3.292,100.70,331.00,1,0,0
1735,3.288,99.40,326.00,1,0,0
1738,3.288,97.60,323.00,1,0,0
1740,3.288,90.30,297.00,1,0,0
1743,3.288,97.40,319.00,1,0,0
1745,3.288,97.70,326.00,1,0,0
1748,3.288,92.20,303.00,1,0,0
1750,3.288,89.70,295.00,1,0,0
1753,3.288,100.50,329.00,1,0,0
1765,3.288,96.30,316.00,1,0,0
1768,3.292,100.20,324.00,1,0,0
1770,3.288,98.80,324.00,1,0,0
1773,3.288,97.80,323.00,1,0,0
1775,3.288,97.10,318.00,1,0,0
1778,3.292,97.00,319.00,1,0,0
1780,3.288,97.30,319.00,1,0,0
1783,3.292,97.90,334.00,1,0,0
1785,3.276,97.00,319.00,1,0,0
1788,3.288,96.60,318.00,1,0,0
1790,3.292,97.20,321.00,1,0,0
1793,3.292,97.30,319.00,1,0,0
1795,3.292,96.40,318.00,1,0,0
1798,3.288,97.70,319.00,1,0,0
1800,3.292,100.20,329.00,1,0,0
1802,3.284,99.10,326.00,1,0,0
1815,3.292,100.10,329.00,1,0,0
1818,3.288,99.40,328.00,1,0,0
1820,3.292,102.50,338.00,1,0,0
1823,3.288,98.20,323.00,1,0,0
1825,3.288,96.90,318.00,1,0,0
1827,3.288,93.80,318.00,1,0,0
1830,3.288,97.60,321.00,1,0,0
1832,3.288,98.30,323.00,1,0,0
1835,3.292,98.50,334.00,1,0,0
1837,3.292,100.90,333.00,1,0,0
1840,3.288,99.40,328.00,1,0,0
1842,3.292,97.60,295.00,1,0,0
1845,3.284,97.30,319.00,1,0,0
1847,3.292,97.50,321.00,1,0,0
1850,3.292,99.60,321.00,1,0,0
1852,3.288,94.60,311.00,1,0,0
1865,3.280,97.30,319.00,1,0,0
1867,3.288,97.20,319.00,1,0,0
1870,3.288,96.10,316.00,1,0,0
1872,3.288,96.20,305.00,1,0,0
1875,3.288,98.20,323.00,1,0,0
1877,3.288,97.00,319.00,1,0,0
1880,3.292,97.40,305.00,1,0,0
1882,3.288,98.10,323.00,1,0,0
1885,3.288,91.60,301.00,1,0,0
1887,3.288,97.10,316.00,1,0,0
1890,3.288,96.50,318.00,1,0,0
1892,3.288,96.70,318.00,1,0,0
1895,3.288,96.80,319.00,1,0,0
1897,3.288,98.00,323.00,1,0,0
1900,3.288,101.80,334.00,1,0,0
1902,3.292,97.40,308.00,1,0,0
1915,3.288,98.50,323.00,1,0,0
1917,3.288,96.90,318.00,1,0,0
1920,3.288,96.50,318.00,1,0,0
1922,3.288,96.30,316.00,1,0,0
1925,3.276,97.90,323.00,1,0,0
1927,3.292,100.00,329.00,1,0,0
1930,3.288,98.90,329.00,1,0,0
1932,3.288,97.90,323.00,1,0,0
1935,3.288,99.90,329.00,1,0,0
1937,3.288,97.00,316.00,1,0,0
1940,3.288,99.60,328.00,1,0,0
1942,3.292,97.90,321.00,1,0,0
1944,3.272,91.70,301.00,1,0,0
1947,3.288,90.20,297.00,1,0,0
1949,3.288,100.70,331.00,1,0,0
1952,3.288,96.80,318.00,1,0,0
1965,3.284,91.60,301.00,1,0,0
1967,3.288,99.90,318.00,1,0,0
1969,3.292,96.60,318.00,1,0,0
1972,3.292,100.30,331.00,1,0,0
1974,3.292,97.10,329.00,1,0,0
1977,3.292,100.50,331.00,1,0,0
1979,3.288,97.10,319.00,1,0,0
1982,3.288,94.90,319.00,1,0,0
1984,3.292,99.70,328.00,1,0,0
1987,3.276,91.50,300.00,1,0,0
1989,3.288,97.00,318.00,1,0,0
1992,3.288,96.60,318.00,1,0,0
1994,3.288,97.90,321.00,1,0,0
1997,3.288,99.90,329.00,1,0,0
1999,3.292,99.90,329.00,1,0,0
2002,3.292,96.30,316.00,1,0,0
2014,3.288,99.90,329.00,1,0,0
2017,3.292,99.90,329.00,1,0,0
2019,3.292,99.80,316.00,1,0,0
2022,3.292,96.90,319.00,1,0,0
2024,3.272,91.50,301.00,1,0,0
2027,3.288,98.90,328.00,1,0,0
2029,3.292,99.90,329.00,1,0,0
2032,3.292,99.80,329.00,1,0,0
2034,3.292,96.40,319.00,1,0,0
2037,3.288,96.80,318.00,1,0,0
2039,3.288,101.60,334.00,1,0,0
2042,3.288,97.20,326.00,1,0,0
2044,3.292,116.70,383.00,1,0,0
2047,3.288,98.20,323.00,1,0,0
2049,3.288,92.00,321.00,1,0,0
2051,3.288,97.30,321.00,1,0,0
2064,3.288,91.90,301.00,1,0,0
2067,3.292,97.10,319.00,1,0,0
2069,3.288,96.80,318.00,1,0,0
2072,3.288,97.30,319.00,1,0,0
2074,3.288,97.30,319.00,1,0,0
2077,3.292,97.80,321.00,1,0,0
2079,3.292,100.30,319.00,1,0,0
2082,3.288,97.20,319.00,1,0,0
2084,3.288,101.30,334.00,1,0,0
2086,3.276,91.70,321.00,1,0,0
2089,3.288,100.90,331.00,1,0,0
2091,3.288,97.50,321.00,1,0,0
2094,3.288,96.60,318.00,1,0,0
2096,3.288,97.00,319.00,1,0,0
2099,3.292,100.30,331.00,1,0,0
2111,3.288,97.40,319.00,1,0,0
2114,3.288,97.00,318.00,1,0,0
2116,3.288,96.40,316.00,1,0,0
2119,3.288,97.30,319.00,1,0,0
2121,3.292,97.80,328.00,1,0,0
2124,3.292,100.10,328.00,1,0,0
2126,3.288,97.80,321.00,1,0,0
2129,3.288,99.90,329.00,1,0,0
2131,3.292,99.60,328.00,1,0,0
2134,3.288,97.20,319.00,1,0,0
2136,3.288,98.20,321.00,1,0,0
2139,3.292,98.00,323.00,1,0,0
2141,3.288,97.20,319.00,1,0,0
2144,3.288,120.00,395.00,1,0,0
2146,3.288,99.10,319.00,1,0,0
2149,3.292,96.70,318.00,1,0,0
2161,3.288,89.50,295.00,1,0,0
2164,3.288,98.20,323.00,1,0,0
2166,3.288,91.70,319.00,1,0,0
2169,3.288,98.30,323.00,1,0,0
2171,3.288,97.30,319.00,1,0,0
2174,3.288,98.00,319.00,1,0,0
2176,3.288,96.90,318.00,1,0,0
2179,3.292,97.30,321.00,1,0,0
2181,3.288,96.50,319.00,1,0,0
2184,3.292,96.90,318.00,1,0,0
2186,3.292,98.50,324.00,1,0,0
2189,3.280,94.50,319.00,1,0,0
2191,3.288,99.90,329.00,1,0,0
2194,3.288,98.20,323.00,1,0,0
2196,3.288,96.60,318.00,1,0,0
2198,3.288,97.00,319.00,1,0,0
2211,3.292,97.50,321.00,1,0,0
2214,3.292,97.80,321.00,1,0,0
2216,3.288,97.70,321.00,1,0,0
2219,3.288,98.90,329.00,1,0,0
2221,3.288,100.10,329.00,1,0,0
2224,3.288,103.80,341.00,1,0,0
2226,3.276,91.60,316.00,1,0,0
2228,3.288,96.50,318.00,1,0,0
2231,3.292,97.30,319.00,1,0,0
2233,3.292,97.10,323.00,1,0,0
2236,3.288,99.80,329.00,1,0,0
2238,3.288,98.90,326.00,1,0,0
2241,3.292,99.90,329.00,1,0,0
2243,3.288,105.90,349.00,1,0,0
2246,3.288,94.10,310.00,1,0,0
2248,3.288,97.30,326.00,1,0,0
2261,3.292,101.10,303.00,1,0,0
2263,3.292,91.70,300.00,1,0,0
2266,3.288,94.90,311.00,1,0,0
2268,3.288,99.20,321.00,1,0,0
2271,3.292,99.00,326.00,1,0,0
2273,3.292,97.20,319.00,1,0,0
2276,3.288,98.10,323.00,1,0,0
2278,3.292,97.00,331.00,1,0,0
2281,3.288,99.40,328.00,1,0,0
2283,3.288,100.20,328.00,1,0,0
2286,3.288,97.80,333.00,1,0,0
2288,3.288,97.10,319.00,1,0,0
2291,3.288,99.70,328.00,1,0,0
2293,3.288,97.90,318.00,1,0,0
2296,3.288,96.90,318.00,1,0,0
2298,3.288,96.60,318.00,1,0,0
2311,3.288,96.80,318.00,1,0,0
2313,3.292,98.80,333.00,1,0,0
2316,3.288,100.40,331.00,1,0,0
2318,3.288,97.10,319.00,1,0,0
2321,3.288,102.50,326.00,1,0,0
2323,3.288,105.10,346.00,1,0,0
2326,3.288,99.70,328.00,1,0,0
2328,3.288,98.80,323.00,1,0,0
2331,3.292,100.40,331.00,1,0,0
2333,3.292,100.10,329.00,1,0,0
2335,3.292,97.10,331.00,1,0,0
2338,3.288,96.90,318.00,1,0,0
2340,3.288,97.40,319.00,1,0,0
2343,3.288,97.40,401.00,1,0,0
2345,3.288,91.70,324.00,1,0,0
2358,3.288,96.50,319.00,1,0,0
2361,3.288,97.10,319.00,1,0,0
2363,3.292,97.60,319.00,1,0,0
2365,3.288,91.60,293.00,1,0,0
2368,3.288,91.50,301.00,1,0,0
2370,3.288,97.40,319.00,1,0,0
2373,3.288,99.80,319.00,1,0,0
2375,3.292,97.70,321.00,1,0,0
2378,3.288,98.00,321.00,1,0,0
2380,3.288,97.80,321.00,1,0,0
2383,3.288,100.10,328.00,1,0,0
2385,3.284,99.80,329.00,1,0,0
2388,3.288,97.00,319.00,1,0,0
2390,3.288,97.20,319.00,1,0,0
2393,3.288,97.80,321.00,1,0,0
2395,3.288,98.00,319.00,1,0,0
2408,3.292,99.90,329.00,1,0,0
2410,3.292,99.80,324.00,1,0,0
2413,3.288,99.20,326.00,1,0,0
2415,3.292,100.30,329.00,1,0,0
2418,3.288,96.50,316.00,1,0,0
2420,3.288,96.40,316.00,1,0,0
2423,3.292,97.20,319.00,1,0,0
2425,3.288,91.60,318.00,1,0,0
2428,3.288,99.20,326.00,1,0,0
2430,3.288,100.60,331.00,1,0,0
2433,3.288,97.10,318.00,1,0,0
2435,3.288,96.30,316.00,1,0,0
2438,3.292,96.40,316.00,1,0,0
2440,3.288,97.50,321.00,1,0,0
2442,3.288,98.60,324.00,1,0,0
2445,3.292,111.50,367.00,1,0,0
2458,3.288,90.40,297.00,1,0,0
2460,3.288,99.30,326.00,1,0,0
2463,3.288,96.90,331.00,1,0,0
2465,3.280,94.50,311.00,1,0,0
2467,3.288,96.40,316.00,1,0,0
2470,3.288,97.50,313.00,1,0,0
2472,3.288,96.60,318.00,1,0,0
2475,3.292,99.10,326.00,1,0,0
2477,3.288,99.10,336.00,1,0,0
2480,3.292,97.00,319.00,1,0,0
2482,3.288,98.10,323.00,1,0,0
2485,3.272,91.50,318.00,1,0,0
2487,3.288,98.40,324.00,1,0,0
2490,3.288,98.10,323.00,1,0,0
2492,3.288,97.20,328.00,1,0,0
2499,3.292,97.30,321.00,1,0,0
2502,3.288,96.40,318.00,1,0,0
2504,3.288,96.70,316.00,1,0,0
2507,3.288,97.60,321.00,1,0,0
2509,3.288,97.70,323.00,1,0,0
2512,3.288,99.90,328.00,1,0,0
2514,3.288,96.30,316.00,1,0,0
2517,3.288,97.40,319.00,1,0,0
2519,3.288,97.40,319.00,1,0,0
2532,3.288,96.80,329.00,1,0,0
2534,3.288,96.60,318.00,1,0,0
2537,3.292,101.00,333.00,1,0,0
2539,3.288,98.20,324.00,1,0,0
2542,3.288,97.70,321.00,1,0,0
2544,3.284,99.90,328.00,1,0,0
2547,3.288,93.80,321.00,1,0,0
2549,3.292,96.50,318.00,1,0,0
2551,3.292,96.80,318.00,1,0,0
2554,3.292,99.70,329.00,1,0,0
2556,3.292,98.20,323.00,1,0,0
2559,3.288,93.00,306.00,1,0,0
2561,3.288,90.90,328.00,1,0,0
2564,3.288,117.10,385.00,1,0,0
2566,3.288,96.60,318.00,1,0,0
2569,3.288,96.80,293.00,1,0,0
2581,3.288,96.60,318.00,1,0,0
2584,3.288,103.00,301.00,1,0,0
2586,3.288,98.80,326.00,1,0,0
2589,3.292,99.20,326.00,1,0,0
2591,3.288,99.00,331.00,1,0,0
2594,3.292,102.40,338.00,1,0,0
2596,3.288,96.40,318.00,1,0,0
2599,3.292,97.40,319.00,1,0,0
2601,3.288,97.30,319.00,1,0,0
2604,3.292,105.80,349.00,1,0,0
2606,3.288,96.80,316.00,1,0,0
2609,3.276,98.20,323.00,1,0,0
2611,3.288,100.60,331.00,1,0,0
2614,3.288,98.90,326.00,1,0,0
2616,3.292,97.50,321.00,1,0,0
2629,3.292,96.40,316.00,1,0,0
2631,3.288,100.40,331.00,1,0,0
2634,3.288,98.40,324.00,1,0,0
2636,3.292,97.70,316.00,1,0,0
2639,3.288,99.80,328.00,1,0,0
2641,3.292,99.50,328.00,1,0,0
2644,3.292,99.30,329.00,1,0,0
2646,3.292,99.90,329.00,1,0,0
2649,3.288,93.50,308.00,1,0,0
2651,3.292,94.10,319.00,1,0,0
2653,3.288,98.90,324.00,1,0,0
2656,3.288,96.90,318.00,1,0,0
2658,3.292,96.20,310.00,1,0,0
2661,3.284,96.40,318.00,1,0,0
2663,3.292,99.40,326.00,1,0,0
2666,3.288,90.40,324.00,1,0,0
2678,3.292,96.90,319.00,1,0,0
2681,3.288,98.20,323.00,1,0,0
2683,3.292,109.50,360.00,1,0,0
2686,3.284,95.70,323.00,1,0,0
2688,3.288,97.40,319.00,1,0,0
2691,3.288,98.10,323.00,1,0,0
2693,3.288,96.60,318.00,1,0,0
2696,3.288,97.10,321.00,1,0,0
2698,3.288,97.60,321.00,1,0,0
2701,3.288,98.50,324.00,1,0,0
2703,3.288,97.10,405.00,1,0,0
2706,3.284,96.50,318.00,1,0,0
2708,3.288,96.50,318.00,1,0,0
2711,3.288,96.60,318.00,1,0,0
2713,3.288,100.80,333.00,1,0,0
2716,3.292,97.80,321.00,1,0,0
2728,3.292,99.80,329.00,1,0,0
2731,3.288,99.40,323.00,1,0,0
2733,3.292,97.60,321.00,1,0,0
2736,3.288,97.40,319.00,1,0,0
2738,3.292,97.30,333.00,1,0,0
2741,3.292,96.40,318.00,1,0,0
2743,3.288,96.50,316.00,1,0,0
2746,3.276,91.60,321.00,1,0,0
2748,3.288,97.70,321.00,1,0,0
2751,3.288,98.40,323.00,1,0,0
2753,3.288,97.60,334.00,1,0,0
2756,3.288,96.70,318.00,1,0,0
2758,3.288,96.30,316.00,1,0,0
2761,3.292,97.00,321.00,1,0,0
2763,3.292,99.60,328.00,1,0,0
2765,3.288,90.50,297.00,1,0,0
2778,3.288,91.60,301.00,1,0,0
2781,3.288,97.50,321.00,1,0,0
2783,3.288,98.20,403.00,1,0,0
2785,3.288,97.20,319.00,1,0,0
2788,3.292,96.50,318.00,1,0,0
2790,3.288,96.40,318.00,1,0,0
2793,3.292,98.20,323.00,1,0,0
2795,3.292,98.30,323.00,1,0,0
2798,3.288,97.20,336.00,1,0,0
2800,3.288,97.40,319.00,1,0,0
2803,3.292,102.00,334.00,1,0,0
2805,3.288,114.90,301.00,1,0,0
2808,3.284,96.90,318.00,1,0,0
2810,3.288,96.70,318.00,1,0,0
2813,3.288,98.20,323.00,1,0,0
2815,3.288,99.90,329.00,1,0,0
2828,3.276,92.10,323.00,1,0,0
2830,3.288,99.10,326.00,1,0,0
2833,3.288,96.70,318.00,1,0,0
2835,3.288,100.60,316.00,1,0,0
2838,3.288,101.10,333.00,1,0,0
2840,3.288,96.90,319.00,1,0,0
2843,3.292,100.60,331.00,1,0,0
2845,3.276,98.70,326.00,1,0,0
2848,3.288,98.60,324.00,1,0,0
2850,3.288,102.10,334.00,1,0,0
2853,3.292,98.80,324.00,1,0,0
2855,3.288,100.80,331.00,1,0,0
2858,3.292,98.00,323.00,1,0,0
2860,3.292,99.80,329.00,1,0,0
2863,3.288,97.30,319.00,1,0,0
2875,3.288,97.40,319.00,1,0,0
2878,3.288,89.40,293.00,1,0,0
2880,3.288,91.60,301.00,1,0,0
2883,3.288,98.10,323.00,1,0,0
2885,3.288,91.60,318.00,1,0,0
2888,3.292,98.30,323.00,1,0,0
2890,3.288,97.80,323.00,1,0,0
2893,3.292,98.20,323.00,1,0,0
2895,3.292,97.70,319.00,1,0,0
2897,3.292,100.40,331.00,1,0,0
2900,3.288,97.20,319.00,1,0,0
2902,3.288,96.30,319.00,1,0,0
2905,3.284,91.50,300.00,1,0,0
2907,3.292,97.40,319.00,1,0,0
2910,3.292,98.30,319.00,1,0,0
2912,3.288,96.80,318.00,1,0,0
2925,3.272,98.90,324.00,1,0,0
2927,3.288,99.10,326.00,1,0,0
2930,3.288,97.60,319.00,1,0,0
2932,3.288,96.40,318.00,1,0,0
2935,3.288,96.30,316.00,1,0,0
2937,3.292,97.00,318.00,1,0,0
2940,3.288,97.20,319.00,1,0,0
2942,3.288,98.30,323.00,1,0,0
2945,3.280,91.60,319.00,1,0,0
2947,3.288,98.60,323.00,1,0,0
2950,3.288,95.10,313.00,1,0,0
2952,3.288,98.60,324.00,1,0,0
2955,3.288,96.90,324.00,1,0,0
2957,3.292,97.60,321.00,1,0,0
2960,3.288,97.50,321.00,1,0,0
2962,3.288,100.60,336.00,1,0,0
2975,3.288,97.40,323.00,1,0,0
2977,3.288,100.30,331.00,1,0,0
2980,3.288,89.40,293.00,1,0,0
2982,3.292,104.60,300.00,1,0,0
2985,3.284,92.10,303.00,1,0,0
2987,3.288,97.50,321.00,1,0,0
2990,3.288,97.40,328.00,1,0,0
2992,3.292,98.00,323.00,1,0,0
2995,3.288,102.90,339.00,1,0,0
2997,3.288,98.10,331.00,1,0,0
3000,3.292,98.60,324.00,1,0,0
3002,3.288,97.10,319.00,1,0,0
3005,3.280,114.80,301.00,1,0,0
3007,3.288,100.00,329.00,1,0,0
3009,3.288,97.20,319.00,1,0,0
3022,3.288,99.90,329.00,1,0,0
3025,3.280,91.60,301.00,1,0,0
3027,3.288,99.50,318.00,1,0,0
3030,3.288,99.00,326.00,1,0,0
3032,3.292,96.60,318.00,1,0,0
3034,3.288,96.60,319.00,1,0,0
3037,3.292,98.00,323.00,1,0,0
3039,3.288,99.80,329.00,1,0,0
3042,3.292,100.10,321.00,1,0,0
3044,3.292,93.90,308.00,1,0,0
3047,3.292,100.90,333.00,1,0,0
3049,3.292,100.20,328.00,1,0,0
3052,3.292,97.50,321.00,1,0,0
3054,3.292,100.40,329.00,1,0,0
3057,3.288,99.60,326.00,1,0,0
3069,3.292,100.20,323.00,1,0,0
3072,3.288,102.30,336.00,1,0,0
3074,3.288,90.30,297.00,1,0,0
3077,3.292,98.50,324.00,1,0,0
3079,3.288,96.30,324.00,1,0,0
3082,3.288,89.20,293.00,1,0,0
3084,3.276,95.70,315.00,1,0,0
3087,3.288,91.60,328.00,1,0,0
3089,3.288,97.50,321.00,1,0,0
3092,3.288,96.40,316.00,1,0,0
3094,3.292,97.10,323.00,1,0,0
3097,3.292,101.00,333.00,1,0,0
3099,3.292,98.10,323.00,1,0,0
3102,3.288,97.70,329.00,1,0,0
3104,3.288,91.50,301.00,1,0,0
3107,3.292,100.10,329.00,1,0,0
3119,3.288,96.70,318.00,1,0,0
3122,3.288,96.80,323.00,1,0,0
3124,3.288,91.70,301.00,1,0,0
3127,3.288,98.60,324.00,1,0,0
3129,3.288,99.80,331.00,1,0,0
3132,3.288,98.30,324.00,1,0,0
3134,3.292,98.00,323.00,1,0,0
3136,3.288,97.40,319.00,1,0,0
3139,3.288,100.10,331.00,1,0,0
3141,3.288,100.50,331.00,1,0,0
3144,3.288,120.70,396.00,1,0,0
3146,3.292,96.80,321.00,1,0,0
3149,3.288,96.30,316.00,1,0,0
3151,3.288,97.50,321.00,1,0,0
3154,3.288,99.10,331.00,1,0,0
3156,3.292,100.00,329.00,1,0,0
3169,3.288,97.30,321.00,1,0,0
3171,3.288,101.10,333.00,1,0,0
3174,3.292,90.60,295.00,1,0,0
3176,3.288,96.10,316.00,1,0,0
3179,3.288,97.10,319.00,1,0,0
3181,3.292,99.20,324.00,1,0,0
3184,3.292,89.40,293.00,1,0,0
3186,3.288,93.40,306.00,1,0,0
3189,3.288,91.70,331.00,1,0,0
3191,3.288,96.40,318.00,1,0,0
3194,3.292,97.20,319.00,1,0,0
3196,3.292,100.30,329.00,1,0,0
3199,3.288,97.80,329.00,1,0,0
3201,3.292,99.70,328.00,1,0,0
3204,3.288,106.20,347.00,1,0,0
3206,3.288,96.20,319.00,1,0,0
3219,3.288,100.10,318.00,1,0,0
3221,3.288,96.60,318.00,1,0,0
3224,3.288,121.30,398.00,1,0,0
3226,3.288,97.10,319.00,1,0,0
3229,3.288,96.40,316.00,1,0,0
3231,3.288,98.30,324.00,1,0,0
3234,3.292,99.90,321.00,1,0,0
3236,3.288,97.50,321.00,1,0,0
3238,3.292,97.10,319.00,1,0,0
3241,3.292,99.90,321.00,1,0,0
3243,3.292,98.20,334.00,1,0,0
3246,3.292,95.10,313.00,1,0,0
3248,3.288,100.50,331.00,1,0,0
3251,3.292,98.50,305.00,1,0,0
3253,3.288,96.40,316.00,1,0,0
3256,3.288,99.00,326.00,1,0,0
3268,3.288,119.80,393.00,1,0,0
3271,3.288,102.20,318.00,1,0,0
3273,3.292,100.20,329.00,1,0,0
3276,3.288,92.20,303.00,1,0,0
3278,3.288,91.60,321.00,1,0,0
3281,3.288,100.10,329.00,1,0,0
3283,3.288,102.10,336.00,1,0,0
3286,3.288,91.90,293.00,1,0,0
3288,3.288,97.30,319.00,1,0,0
3291,3.288,91.80,301.00,1,0,0
3293,3.288,98.00,323.00,1,0,0
3296,3.288,97.90,321.00,1,0,0
3298,3.288,99.50,328.00,1,0,0
3301,3.288,97.60,316.00,1,0,0
3303,3.288,122.00,401.00,1,0,0
3316,3.288,100.10,328.00,1,0,0
3318,3.288,94.20,310.00,1,0,0
3321,3.288,96.70,318.00,1,0,0
3323,3.288,96.70,331.00,1,0,0
3326,3.288,99.90,329.00,1,0,0
3328,3.288,116.10,382.00,1,0,0
3331,3.288,99.20,329.00,1,0,0
3333,3.288,101.00,333.00,1,0,0
3336,3.292,100.40,331.00,1,0,0
3338,3.288,96.70,328.00,1,0,0
3340,3.292,97.50,321.00,1,0,0
3343,3.288,97.70,319.00,1,0,0
3345,3.288,97.00,324.00,1,0,0
3348,3.288,97.20,319.00,1,0,0
3350,3.292,97.20,319.00,1,0,0
3363,3.288,99.60,326.00,1,0,0
3366,3.292,97.40,321.00,1,0,0
3368,3.288,96.90,329.00,1,0,0
3370,3.292,92.50,305.00,1,0,0
3373,3.288,96.60,318.00,1,0,0
3375,3.292,99.90,323.00,1,0,0
3378,3.288,94.40,310.00,1,0,0
3380,3.288,90.60,298.00,1,0,0
3383,3.288,97.10,392.00,1,0,0
3385,3.288,97.60,321.00,1,0,0
3388,3.288,97.60,321.00,1,0,0
3390,3.288,89.20,321.00,1,0,0
3393,3.288,91.40,300.00,1,0,0
3395,3.288,100.10,329.00,1,0,0
3398,3.288,97.20,318.00,1,0,0
3400,3.288,96.50,318.00,1,0,0
3413,3.288,99.90,328.00,1,0,0
3415,3.288,97.40,319.00,1,0,0
3418,3.288,97.50,319.00,1,0,0
3420,3.288,95.50,321.00,1,0,0
3423,3.288,98.80,324.00,1,0,0
3425,3.288,96.90,318.00,1,0,0
3428,3.288,96.40,323.00,1,0,0
3430,3.288,102.70,338.00,1,0,0
3433,3.292,99.90,328.00,1,0,0
3435,3.288,97.00,321.00,1,0,0
3438,3.288,100.20,329.00,1,0,0
3440,3.288,97.40,319.00,1,0,0
3442,3.288,97.00,321.00,1,0,0
3445,3.272,96.60,318.00,1,0,0
3447,3.288,96.70,318.00,1,0,0
3450,3.288,96.50,318.00,1,0,0
3463,3.292,97.40,328.00,1,0,0
3465,3.280,97.30,321.00,1,0,0
3467,3.292,96.90,319.00,1,0,0
3470,3.288,100.00,326.00,1,0,0
3472,3.288,97.80,324.00,1,0,0
3475,3.288,100.20,329.00,1,0,0
3477,3.288,100.00,329.00,1,0,0
3480,3.288,96.40,318.00,1,0,0
3482,3.288,91.10,300.00,1,0,0
3485,3.288,93.10,305.00,1,0,0
3487,3.284,97.70,319.00,1,0,0
3490,3.288,100.10,329.00,1,0,0
3492,3.288,89.20,293.00,1,0,0
3495,3.288,94.10,303.00,1,0,0
3497,3.288,96.40,316.00,1,0,0
3510,3.288,97.20,319.00,1,0,0
3512,3.288,99.20,326.00,1,0,0
3515,3.292,97.80,319.00,1,0,0
3517,3.288,97.40,319.00,1,0,0
3520,3.292,101.40,334.00,1,0,0
3522,3.288,99.50,331.00,1,0,0
3525,3.272,96.30,316.00,1,0,0
3527,3.288,96.70,318.00,1,0,0
3530,3.288,95.70,331.00,1,0,0
3532,3.288,97.90,321.00,1,0,0
3535,3.288,99.60,328.00,1,0,0
3537,3.288,99.00,319.00,1,0,0
3540,3.288,96.60,318.00,1,0,0
3542,3.288,96.80,318.00,1,0,0
3545,3.272,91.60,318.00,1,0,0
3547,3.292,96.70,321.00,1,0,0
3560,3.288,96.20,318.00,1,0,0
3562,3.292,96.90,319.00,1,0,0
3565,3.276,91.80,301.00,1,0,0
3567,3.292,99.90,318.00,1,0,0
3570,3.288,97.10,319.00,1,0,0
3572,3.288,97.90,321.00,1,0,0
3575,3.288,100.50,324.00,1,0,0
3577,3.288,96.70,318.00,1,0,0
3579,3.292,97.40,321.00,1,0,0
3582,3.288,97.60,328.00,1,0,0
3584,3.292,93.00,306.00,1,0,0
3587,3.288,100.20,329.00,1,0,0
3589,3.288,97.10,334.00,1,0,0
3592,3.292,96.40,316.00,1,0,0
3594,3.288,89.50,295.00,1,0,0
3597,3.288,93.80,301.00,1,0,0
3609,3.288,96.30,316.00,1,0,0
3612,3.288,97.50,323.00,1,0,0
3614,3.292,99.90,328.00,1,0,0
3617,3.288,97.30,319.00,1,0,0
3619,3.288,97.70,319.00,1,0,0
3622,3.288,97.10,319.00,1,0,0
3624,3.280,113.90,374.00,1,0,0
3627,3.284,96.60,331.00,1,0,0
3629,3.292,96.80,318.00,1,0,0
3632,3.288,98.10,323.00,1,0,0
3634,3.288,97.50,331.00,1,0,0
3637,3.288,97.10,319.00,1,0,0
3639,3.288,99.10,326.00,1,0,0
3642,3.288,96.40,318.00,1,0,0
3644,3.292,91.50,300.00,1,0,0
3647,3.288,98.30,324.00,1,0,0
3659,3.288,96.90,318.00,1,0,0
3662,3.288,97.10,319.00,1,0,0
3664,3.292,105.20,301.00,1,0,0
3667,3.288,97.70,321.00,1,0,0
3669,3.292,100.30,329.00,1,0,0
3672,3.292,96.30,331.00,1,0,0
3674,3.292,96.50,318.00,1,0,0
3676,3.288,97.20,319.00,1,0,0
3679,3.292,100.20,329.00,1,0,0
3681,3.288,99.60,328.00,1,0,0
3684,3.288,99.40,328.00,1,0,0
3686,3.292,89.90,297.00,1,0,0
3689,3.292,91.70,301.00,1,0,0
3691,3.288,96.90,319.00,1,0,0
3694,3.292,97.00,321.00,1,0,0
3696,3.292,96.60,318.00,1,0,0
3709,3.292,101.70,385.00,1,0,0
3711,3.288,99.40,328.00,1,0,0
3714,3.288,101.00,333.00,1,0,0
3716,3.288,96.90,329.00,1,0,0
3719,3.292,97.00,319.00,1,0,0
3721,3.292,96.70,318.00,1,0,0
3724,3.288,97.10,321.00,1,0,0
3726,3.292,97.50,321.00,1,0,0
3729,3.288,104.20,341.00,1,0,0
3731,3.288,97.80,318.00,1,0,0
3734,3.288,96.60,318.00,1,0,0
3736,3.288,96.70,318.00,1,0,0
3739,3.292,96.30,319.00,1,0,0
3741,3.292,97.30,319.00,1,0,0
3744,3.288,98.10,323.00,1,0,0
3746,3.292,98.80,321.00,1,0,0
3759,3.288,97.20,324.00,1,0,0
3761,3.292,98.40,324.00,1,0,0
3764,3.288,98.60,324.00,1,0,0
3766,3.288,97.50,319.00,1,0,0
3769,3.288,99.90,328.00,1,0,0
3771,3.284,97.70,321.00,1,0,0
3774,3.292,98.00,321.00,1,0,0
3776,3.288,99.80,329.00,1,0,0
3779,3.292,99.20,326.00,1,0,0
3781,3.292,99.80,328.00,1,0,0
3783,3.288,100.10,329.00,1,0,0
3786,3.288,97.60,321.00,1,0,0
3788,3.288,90.40,297.00,1,0,0
3791,3.288,103.60,324.00,1,0,0
3793,3.292,98.00,323.00,1,0,0
3796,3.288,98.00,323.00,1,0,0
3808,3.288,105.50,347.00,1,0,0
3811,3.288,94.60,323.00,1,0,0
3813,3.288,97.20,319.00,1,0,0
3816,3.288,99.70,328.00,1,0,0
3818,3.288,96.20,324.00,1,0,0
3821,3.288,97.40,321.00,1,0,0
3823,3.288,99.20,326.00,1,0,0
3826,3.288,97.50,328.00,1,0,0
3828,3.288,103.00,338.00,1,0,0
3831,3.288,97.80,321.00,1,0,0
3833,3.292,96.40,316.00,1,0,0
3836,3.288,96.80,318.00,1,0,0
3838,3.292,100.20,329.00,1,0,0
3841,3.288,97.80,321.00,1,0,0
3843,3.288,99.00,321.00,1,0,0
3846,3.288,100.90,331.00,1,0,0
3858,3.288,97.10,319.00,1,0,0
3861,3.288,97.30,319.00,1,0,0
3863,3.288,97.40,319.00,1,0,0
3866,3.288,95.10,313.00,1,0,0
3868,3.288,97.10,318.00,1,0,0
3871,3.292,118.40,303.00,1,0,0
3873,3.288,99.40,328.00,1,0,0
3876,3.292,100.10,329.00,1,0,0
3878,3.288,99.80,319.00,1,0,0
3881,3.292,99.80,329.00,1,0,0
3883,3.288,99.90,329.00,1,0,0
3886,3.288,96.70,321.00,1,0,0
3888,3.288,102.40,336.00,1,0,0
3891,3.284,97.10,319.00,1,0,0
3893,3.288,90.40,329.00,1,0,0
3895,3.292,101.60,334.00,1,0,0
3908,3.288,123.20,405.00,1,0,0
3911,3.288,101.40,334.00,1,0,0
3913,3.292,96.30,323.00,1,0,0
3916,3.292,97.00,319.00,1,0,0
3918,3.288,96.90,318.00,1,0,0
3921,3.288,98.30,323.00,1,0,0
3923,3.292,97.10,319.00,1,0,0
3925,3.288,97.10,319.00,1,0,0
3928,3.292,97.00,319.00,1,0,0
3930,3.288,100.40,318.00,1,0,0
3933,3.276,98.60,324.00,1,0,0
3935,3.288,99.20,326.00,1,0,0
3938,3.288,96.60,319.00,1,0,0
3940,3.288,98.00,323.00,1,0,0
3943,3.292,97.20,319.00,1,0,0
3945,3.288,97.70,318.00,1,0,0
3958,3.288,97.80,324.00,1,0,0
3960,3.288,96.70,318.00,1,0,0
3963,3.288,96.90,318.00,1,0,0
3965,3.288,97.50,329.00,1,0,0
3968,3.288,100.50,328.00,1,0,0
3970,3.268,99.30,326.00,1,0,0
3973,3.288,97.70,326.00,1,0,0
3975,3.288,97.20,319.00,1,0,0
3978,3.288,96.70,318.00,1,0,0
3980,3.292,97.70,321.00,1,0,0
3983,3.292,97.30,319.00,1,0,0
3985,3.288,98.20,323.00,1,0,0
3988,3.292,99.10,326.00,1,0,0
3990,3.288,91.70,321.00,1,0,0
3993,3.292,89.90,295.00,1,0,0
3995,3.288,94.00,310.00,1,0,0
4008,3.288,91.40,300.00,1,0,0
4010,3.276,91.50,316.00,1,0,0
4013,3.292,96.90,318.00,1,0,0
4015,3.292,96.40,316.00,1,0,0
4018,3.288,98.40,323.00,1,0,0
4020,3.288,97.60,321.00,1,0,0
4023,3.288,102.10,336.00,1,0,0
4025,3.288,98.20,331.00,1,0,0
4028,3.292,96.80,318.00,1,0,0
4030,3.288,97.30,319.00,1,0,0
4032,3.276,91.70,333.00,1,0,0
4035,3.288,100.20,329.00,1,0,0
4037,3.292,100.00,329.00,1,0,0
4040,3.288,96.80,318.00,1,0,0
4042,3.288,97.20,319.00,1,0,0
4045,3.288,97.30,321.00,1,0,0
4057,3.288,96.40,316.00,1,0,0
4060,3.288,96.60,318.00,1,0,0
4062,3.288,97.00,324.00,1,0,0
4065,3.288,99.40,328.00,1,0,0
4067,3.288,102.00,336.00,1,0,0
4070,3.284,91.60,329.00,1,0,0
4072,3.288,96.70,318.00,1,0,0
4075,3.288,96.50,318.00,1,0,0
4077,3.288,97.10,321.00,1,0,0
4080,3.288,98.10,323.00,1,0,0
4082,3.288,97.30,319.00,1,0,0
4085,3.288,97.40,319.00,1,0,0
4087,3.292,97.30,321.00,1,0,0
4090,3.288,97.00,318.00,1,0,0
4092,3.288,96.50,319.00,1,0,0
4095,3.288,91.80,301.00,1,0,0
4107,3.288,96.30,324.00,1,0,0
4110,3.284,91.80,301.00,1,0,0
4112,3.288,98.00,323.00,1,0,0
4115,3.292,99.90,324.00,1,0,0
4117,3.288,97.40,319.00,1,0,0
4120,3.288,96.90,318.00,1,0,0
4122,3.292,98.90,316.00,1,0,0
4125,3.288,99.90,329.00,1,0,0
4127,3.292,97.80,323.00,1,0,0
4130,3.284,99.20,318.00,1,0,0
4132,3.276,97.30,319.00,1,0,0
4135,3.288,97.50,321.00,1,0,0
4137,3.288,96.80,329.00,1,0,0
4139,3.288,96.20,316.00,1,0,0
4142,3.288,96.60,318.00,1,0,0
4144,3.292,99.90,321.00,1,0,0
4157,3.292,101.10,318.00,1,0,0
4160,3.288,98.10,323.00,1,0,0
4162,3.292,98.50,324.00,1,0,0
4164,3.292,97.80,321.00,1,0,0
4167,3.288,99.90,324.00,1,0,0
4169,3.288,91.80,301.00,1,0,0
4172,3.288,96.40,318.00,1,0,0
4174,3.292,97.60,321.00,1,0,0
4177,3.292,99.80,329.00,1,0,0
4179,3.292,100.10,329.00,1,0,0
4182,3.292,100.10,319.00,1,0,0
4184,3.288,96.70,318.00,1,0,0
4187,3.292,100.60,331.00,1,0,0
4189,3.292,119.00,316.00,1,0,0
4192,3.292,99.70,328.00,1,0,0
4204,3.292,96.60,318.00,1,0,0
4207,3.288,96.90,318.00,1,0,0
4209,3.284,89.30,293.00,1,0,0
4212,3.276,91.40,300.00,1,0,0
4214,3.288,99.50,328.00,1,0,0
4217,3.292,100.40,316.00,1,0,0
4219,3.292,96.50,318.00,1,0,0
4222,3.292,97.20,319.00,1,0,0
4224,3.292,100.70,321.00,1,0,0
4227,3.288,101.70,334.00,1,0,0
4229,3.288,94.70,311.00,1,0,0
4232,3.292,97.40,321.00,1,0,0
4234,3.292,96.90,319.00,1,0,0
4237,3.288,96.90,319.00,1,0,0
4239,3.292,97.10,319.00,1,0,0
4241,3.288,95.80,323.00,1,0,0
4254,3.288,92.30,321.00,1,0,0
4257,3.292,99.90,328.00,1,0,0
4259,3.288,99.70,328.00,1,0,0
4262,3.288,97.00,328.00,1,0,0
4264,3.292,96.50,318.00,1,0,0
4266,3.292,99.00,326.00,1,0,0
4269,3.292,121.70,313.00,1,0,0
4271,3.292,100.90,333.00,1,0,0
4274,3.292,100.00,329.00,1,0,0
4276,3.288,97.30,329.00,1,0,0
4279,3.292,99.90,318.00,1,0,0
4281,3.288,97.50,321.00,1,0,0
4284,3.292,100.30,331.00,1,0,0
4286,3.292,97.30,318.00,1,0,0
4289,3.292,104.10,342.00,1,0,0
4301,3.292,90.20,297.00,1,0,0
4304,3.288,97.50,321.00,1,0,0
4306,3.288,98.70,323.00,1,0,0
4309,3.288,91.50,301.00,1,0,0
4311,3.288,89.20,293.00,1,0,0
4314,3.288,96.50,303.00,1,0,0
4316,3.288,97.20,319.00,1,0,0
4319,3.292,97.60,321.00,1,0,0
4321,3.288,97.50,321.00,1,0,0
4324,3.292,100.30,329.00,1,0,0
4326,3.292,99.10,326.00,1,0,0
4329,3.288,105.20,374.00,1,0,0
4331,3.288,96.40,318.00,1,0,0
4334,3.292,98.90,326.00,1,0,0
4336,3.288,96.60,319.00,1,0,0
4339,3.288,97.90,323.00,1,0,0
4351,3.288,96.00,323.00,1,0,0
4354,3.292,97.30,321.00,1,0,0
4356,3.288,97.80,321.00,1,0,0
4359,3.288,100.60,329.00,1,0,0
4361,3.292,100.40,331.00,1,0,0
4364,3.292,96.70,318.00,1,0,0
4366,3.292,96.80,319.00,1,0,0
4368,3.292,118.50,390.00,1,0,0
4371,3.288,98.20,323.00,1,0,0
4373,3.288,97.40,324.00,1,0,0
4376,3.288,97.40,321.00,1,0,0
4378,3.292,96.90,318.00,1,0,0
4381,3.288,97.50,321.00,1,0,0
4383,3.292,101.20,333.00,1,0,0
4386,3.288,99.10,326.00,1,0,0
4398,3.292,97.30,319.00,1,0,0
4401,3.292,100.10,329.00,1,0,0
4403,3.288,98.60,305.00,1,0,0
4406,3.288,91.00,300.00,1,0,0
4408,3.292,101.10,331.00,1,0,0
4411,3.284,96.40,318.00,1,0,0
4413,3.292,89.10,293.00,1,0,0
4416,3.284,93.10,306.00,1,0,0
4418,3.288,98.00,323.00,1,0,0
4421,3.288,99.90,329.00,1,0,0
4423,3.288,96.50,318.00,1,0,0
4426,3.292,97.80,321.00,1,0,0
4428,3.292,120.40,395.00,1,0,0
4431,3.284,97.50,321.00,1,0,0
4433,3.284,98.90,324.00,1,0,0
4436,3.288,97.20,319.00,1,0,0
4448,3.292,101.50,334.00,1,0,0
4451,3.288,99.70,328.00,1,0,0
4453,3.284,93.90,308.00,1,0,0
4456,3.288,99.10,329.00,1,0,0
4458,3.292,98.20,323.00,1,0,0
4461,3.284,96.70,318.00,1,0,0
4463,3.296,97.30,319.00,1,0,0
4466,3.292,97.40,321.00,1,0,0
4468,3.292,97.20,319.00,1,0,0
4470,3.288,97.40,338.00,1,0,0
4473,3.288,97.00,319.00,1,0,0
4475,3.292,100.30,331.00,1,0,0
4478,3.288,97.10,329.00,1,0,0
4480,3.292,100.30,331.00,1,0,0
4483,3.288,97.50,321.00,1,0,0
4485,3.288,99.10,321.00,1,0,0
4502,3.288,99.80,329.00,1,0,0
4505,3.292,90.40,298.00,1,0,0
4507,3.292,96.30,316.00,1,0,0
4510,3.288,118.40,390.00,1,0,0
4512,3.288,97.00,323.00,1,0,0
4515,3.292,96.20,316.00,1,0,0
4517,3.288,96.40,316.00,1,0,0
4520,3.288,91.90,311.00,1,0,0
4522,3.292,97.40,321.00,1,0,0
4524,3.292,97.30,321.00,1,0,0
4527,3.292,101.50,318.00,1,0,0
4529,3.288,91.90,301.00,1,0,0
4532,3.288,97.20,319.00,1,0,0
4534,3.288,98.60,324.00,1,0,0
4537,3.288,96.40,316.00,1,0,0
4539,3.292,99.80,329.00,1,0,0
4552,3.288,96.40,316.00,1,0,0
4554,3.288,97.80,316.00,1,0,0
4557,3.292,101.30,334.00,1,0,0
4559,3.288,96.70,318.00,1,0,0
4562,3.288,98.10,328.00,1,0,0
4564,3.292,100.80,329.00,1,0,0
4567,3.288,96.90,318.00,1,0,0
4569,3.272,95.80,315.00,1,0,0
4572,3.292,97.00,318.00,1,0,0
4574,3.292,97.60,321.00,1,0,0
4577,3.288,97.60,321.00,1,0,0
4579,3.292,99.90,329.00,1,0,0
4582,3.292,101.80,334.00,1,0,0
4584,3.292,100.00,329.00,1,0,0
4587,3.288,100.00,328.00,1,0,0
4599,3.288,100.80,328.00,1,0,0
4602,3.288,99.90,329.00,1,0,0
4604,3.292,99.60,328.00,1,0,0
4607,3.288,96.90,297.00,1,0,0
4609,3.288,117.30,385.00,1,0,0
4612,3.292,99.40,328.00,1,0,0
4614,3.288,98.50,331.00,1,0,0
4617,3.288,97.20,319.00,1,0,0
4619,3.288,96.20,316.00,1,0,0
4622,3.288,93.50,301.00,1,0,0
4624,3.288,97.40,319.00,1,0,0
4626,3.288,99.30,326.00,1,0,0
4629,3.288,108.80,357.00,1,0,0
4631,3.288,96.70,319.00,1,0,0
4634,3.292,96.90,318.00,1,0,0
4636,3.292,100.30,331.00,1,0,0
4649,3.284,97.30,319.00,1,0,0
4651,3.292,97.20,319.00,1,0,0
4654,3.288,96.60,318.00,1,0,0
4656,3.280,91.60,301.00,1,0,0
4659,3.292,97.00,316.00,1,0,0
4661,3.288,98.10,323.00,1,0,0
4664,3.288,101.70,334.00,1,0,0
4666,3.292,96.40,328.00,1,0,0
4669,3.292,99.70,328.00,1,0,0
4671,3.288,95.60,315.00,1,0,0
4674,3.292,98.70,321.00,1,0,0
4676,3.288,97.50,321.00,1,0,0
4679,3.288,99.20,326.00,1,0,0
4681,3.288,97.60,329.00,1,0,0
4684,3.292,96.50,318.00,1,0,0
4686,3.292,96.50,318.00,1,0,0
4699,3.288,96.40,318.00,1,0,0
4701,3.292,102.40,338.00,1,0,0
4704,3.292,97.10,319.00,1,0,0
4706,3.288,98.90,326.00,1,0,0
4709,3.288,106.60,349.00,1,0,0
4711,3.288,90.20,301.00,1,0,0
4714,3.288,101.70,334.00,1,0,0
4716,3.292,96.20,316.00,1,0,0
4719,3.292,98.30,316.00,1,0,0
4721,3.288,96.30,316.00,1,0,0
4724,3.288,92.00,303.00,1,0,0
4726,3.292,99.90,323.00,1,0,0
4729,3.288,120.30,395.00,1,0,0
4731,3.288,99.90,328.00,1,0,0
4734,3.288,98.00,316.00,1,0,0
4746,3.288,97.40,319.00,1,0,0
4749,3.288,100.80,333.00,1,0,0
4751,3.292,91.80,301.00,1,0,0
4754,3.292,96.00,316.00,1,0,0
4756,3.288,96.70,318.00,1,0,0
4759,3.288,97.30,319.00,1,0,0
4761,3.288,97.40,321.00,1,0,0
4763,3.288,101.20,319.00,1,0,0
4766,3.292,101.10,333.00,1,0,0
4768,3.292,102.00,336.00,1,0,0
4771,3.288,95.80,326.00,1,0,0
4773,3.288,98.00,323.00,1,0,0
4776,3.288,97.40,319.00,1,0,0
4778,3.288,100.20,329.00,1,0,0
4781,3.288,100.30,331.00,1,0,0
4793,3.288,100.50,331.00,1,0,0
4796,3.288,98.40,323.00,1,0,0
4798,3.288,96.90,328.00,1,0,0
4801,3.288,98.30,323.00,1,0,0
4803,3.296,98.10,323.00,1,0,0
4806,3.288,98.00,334.00,1,0,0
4808,3.292,104.80,346.00,1,0,0
4811,3.292,115.80,380.00,1,0,0
4813,3.288,89.90,297.00,1,0,0
4816,3.288,97.10,319.00,1,0,0
4818,3.292,97.30,319.00,1,0,0
4821,3.288,98.40,328.00,1,0,0
4823,3.288,89.30,293.00,1,0,0
4826,3.292,94.50,311.00,1,0,0
4828,3.288,102.60,336.00,1,0,0
4841,3.288,100.20,329.00,1,0,0
4843,3.288,96.40,324.00,1,0,0
4846,3.288,97.00,319.00,1,0,0
4848,3.288,97.10,319.00,1,0,0
4851,3.288,114.90,316.00,1,0,0
4853,3.288,99.80,328.00,1,0,0
4856,3.288,97.20,319.00,1,0,0
4858,3.292,96.40,318.00,1,0,0
4861,3.288,101.80,334.00,1,0,0
4863,3.292,100.20,329.00,1,0,0
4866,3.292,95.00,321.00,1,0,0
4868,3.292,102.80,338.00,1,0,0
4870,3.284,99.40,328.00,1,0,0
4873,3.292,97.30,324.00,1,0,0
4875,3.288,96.70,318.00,1,0,0
4888,3.288,97.80,351.00,1,0,0
4891,3.276,97.60,321.00,1,0,0
4893,3.296,102.10,336.00,1,0,0
4896,3.288,97.00,333.00,1,0,0
4898,3.292,97.60,321.00,1,0,0
4900,3.288,99.40,328.00,1,0,0
4903,3.288,98.00,329.00,1,0,0
4905,3.292,100.00,329.00,1,0,0
4908,3.292,96.70,318.00,1,0,0
4910,3.288,96.80,318.00,1,0,0
4913,3.288,100.00,329.00,1,0,0
4915,3.288,90.40,297.00,1,0,0
4918,3.288,98.50,329.00,1,0,0
4920,3.288,96.80,318.00,1,0,0
4923,3.292,96.70,318.00,1,0,0
4925,3.288,89.30,293.00,1,0,0
4938,3.292,96.70,318.00,1,0,0
4940,3.288,96.80,316.00,1,0,0
4943,3.288,99.90,329.00,1,0,0
4945,3.292,99.90,329.00,1,0,0
4948,3.292,99.00,328.00,1,0,0
4950,3.288,91.70,301.00,1,0,0
4953,3.288,99.60,328.00,1,0,0
4955,3.292,97.10,318.00,1,0,0
4958,3.292,99.40,328.00,1,0,0
4960,3.292,96.50,318.00,1,0,0
4963,3.288,96.80,319.00,1,0,0
4965,3.288,97.90,321.00,1,0,0
4968,3.288,94.30,310.00,1,0,0
4970,3.288,92.50,319.00,1,0,0
4972,3.292,96.40,316.00,1,0,0
4975,3.292,100.30,331.00,1,0,0
4988,3.288,100.70,331.00,1,0,0
4990,3.288,95.70,329.00,1,0,0
4993,3.292,97.90,323.00,1,0,0
4995,3.288,99.40,326.00,1,0,0
4998,3.292,100.30,323.00,1,0,0
5000,3.288,101.10,333.00,1,0,0
5003,3.288,96.30,316.00,1,0,0
5005,3.288,96.40,316.00,1,0,0
5007,3.292,100.20,318.00,1,0,0
5010,3.280,96.20,316.00,1,0,0
5012,3.288,97.50,321.00,1,0,0
5015,3.288,100.20,324.00,1,0,0
5017,3.288,90.50,298.00,1,0,0
5020,3.288,99.50,328.00,1,0,0
5022,3.288,96.20,318.00,1,0,0
5035,3.292,99.80,318.00,1,0,0
5037,3.288,96.80,318.00,1,0,0
5040,3.288,96.60,318.00,1,0,0
5042,3.288,96.90,324.00,1,0,0
5045,3.292,100.00,329.00,1,0,0
5047,3.292,99.80,328.00,1,0,0
5050,3.288,114.60,316.00,1,0,0
5052,3.288,96.90,319.00,1,0,0
5055,3.292,96.80,318.00,1,0,0
5057,3.288,97.30,321.00,1,0,0
5060,3.288,98.20,323.00,1,0,0
5062,3.288,97.30,319.00,1,0,0
5065,3.288,96.80,319.00,1,0,0
5067,3.288,96.70,318.00,1,0,0
5070,3.292,99.90,329.00,1,0,0
5072,3.288,95.00,321.00,1,0,0
5085,3.292,96.70,318.00,1,0,0
5087,3.292,100.10,328.00,1,0,0
5090,3.284,91.60,301.00,1,0,0
5092,3.292,97.30,319.00,1,0,0
5095,3.288,98.10,326.00,1,0,0
5097,3.288,99.70,328.00,1,0,0
5100,3.292,99.10,326.00,1,0,0
5102,3.292,100.60,318.00,1,0,0
5105,3.288,96.90,318.00,1,0,0
5107,3.296,96.90,319.00,1,0,0
5110,3.284,100.20,383.00,1,0,0
5112,3.288,97.40,319.00,1,0,0
5115,3.288,100.10,329.00,1,0,0
5117,3.292,100.10,318.00,1,0,0
5119,3.288,96.60,318.00,1,0,0
5132,3.288,93.60,308.00,1,0,0
5135,3.288,108.80,359.00,1,0,0
5137,3.292,97.20,321.00,1,0,0
5140,3.288,97.80,323.00,1,0,0
5142,3.292,96.60,318.00,1,0,0
5145,3.288,99.90,328.00,1,0,0
5147,3.288,99.60,323.00,1,0,0
5149,3.292,114.80,377.00,1,0,0
5152,3.292,96.30,316.00,1,0,0
5154,3.292,100.00,319.00,1,0,0
5157,3.292,98.80,326.00,1,0,0
5159,3.284,97.10,319.00,1,0,0
5162,3.288,97.40,321.00,1,0,0
5164,3.288,96.80,318.00,1,0,0
5167,3.288,96.60,318.00,1,0,0
5169,3.292,104.70,301.00,1,0,0
5182,3.288,96.50,319.00,1,0,0
5184,3.292,99.20,326.00,1,0,0
5187,3.288,96.90,319.00,1,0,0
5189,3.284,100.20,377.00,1,0,0
5192,3.288,98.10,323.00,1,0,0
5194,3.292,100.00,329.00,1,0,0
5197,3.292,96.90,318.00,1,0,0
5199,3.288,96.40,318.00,1,0,0
5202,3.292,100.20,329.00,1,0,0
5204,3.288,98.80,326.00,1,0,0
5207,3.292,101.30,321.00,1,0,0
5209,3.288,91.70,301.00,1,0,0
5212,3.292,96.50,318.00,1,0,0
5214,3.292,97.00,326.00,1,0,0
5217,3.292,99.80,329.00,1,0,0
5229,3.292,91.90,301.00,1,0,0
5232,3.292,96.30,316.00,1,0,0
5234,3.288,95.20,300.00,1,0,0
5237,3.292,94.20,310.00,1,0,0
5239,3.288,97.70,321.00,1,0,0
5242,3.288,97.50,331.00,1,0,0
5244,3.292,102.50,338.00,1,0,0
5247,3.292,97.80,321.00,1,0,0
5249,3.288,122.20,313.00,1,0,0
5251,3.292,100.50,331.00,1,0,0
5254,3.288,98.70,324.00,1,0,0
5256,3.292,99.60,324.00,1,0,0
5259,3.288,97.40,321.00,1,0,0
5261,3.292,96.90,319.00,1,0,0
5264,3.292,96.50,318.00,1,0,0
5266,3.288,96.80,331.00,1,0,0
5279,3.292,96.40,318.00,1,0,0
5281,3.292,96.80,318.00,1,0,0
5284,3.292,97.00,319.00,1,0,0
5286,3.292,97.80,324.00,1,0,0
5289,3.292,115.50,380.00,1,0,0
5291,3.288,97.10,319.00,1,0,0
5294,3.292,96.60,321.00,1,0,0
5296,3.288,98.80,326.00,1,0,0
5299,3.288,96.90,318.00,1,0,0
5301,3.292,96.40,323.00,1,0,0
5304,3.292,100.30,331.00,1,0,0
5306,3.292,97.20,319.00,1,0,0
5309,3.288,104.20,329.00,1,0,0
5311,3.292,115.20,378.00,1,0,0
5314,3.288,97.30,321.00,1,0,0
5326,3.288,96.30,316.00,1,0,0
5329,3.288,121.30,398.00,1,0,0
5331,3.288,97.60,323.00,1,0,0
5334,3.292,93.00,306.00,1,0,0
5336,3.288,89.10,293.00,1,0,0
5339,3.288,92.00,329.00,1,0,0
5341,3.288,100.10,329.00,1,0,0
5344,3.292,96.40,318.00,1,0,0
5346,3.288,97.10,318.00,1,0,0
5349,3.288,118.50,390.00,1,0,0
5351,3.288,97.90,323.00,1,0,0
5353,3.288,98.10,328.00,1,0,0
5356,3.292,96.90,319.00,1,0,0
5358,3.288,96.90,318.00,1,0,0
5361,3.292,97.20,321.00,1,0,0
5363,3.292,98.20,323.00,1,0,0
5376,3.292,100.00,329.00,1,0,0
5378,3.292,97.40,319.00,1,0,0
5381,3.292,97.30,319.00,1,0,0
5383,3.292,99.20,333.00,1,0,0
5386,3.288,102.40,338.00,1,0,0
5388,3.288,97.60,319.00,1,0,0
5391,3.288,99.70,321.00,1,0,0
5393,3.292,96.80,318.00,1,0,0
5396,3.292,97.10,319.00,1,0,0
5398,3.288,97.40,324.00,1,0,0
5401,3.292,100.20,329.00,1,0,0
5403,3.292,99.70,328.00,1,0,0
5406,3.292,97.40,318.00,1,0,0
5408,3.292,120.80,396.00,1,0,0
5411,3.288,97.10,319.00,1,0,0
5423,3.288,96.80,318.00,1,0,0
5426,3.288,97.00,298.00,1,0,0
5428,3.288,100.70,329.00,1,0,0
5431,3.276,99.20,326.00,1,0,0
5433,3.292,100.00,319.00,1,0,0
5436,3.288,101.80,316.00,1,0,0
5438,3.288,96.40,316.00,1,0,0
5441,3.292,91.70,301.00,1,0,0
5443,3.288,97.00,319.00,1,0,0
5446,3.288,97.50,321.00,1,0,0
5448,3.292,97.40,319.00,1,0,0
5451,3.288,97.60,319.00,1,0,0
5453,3.288,98.30,323.00,1,0,0
5456,3.288,96.40,316.00,1,0,0
5458,3.292,99.40,329.00,1,0,0
5460,3.292,97.30,321.00,1,0,0
5473,3.292,96.70,318.00,1,0,0
5476,3.288,97.60,321.00,1,0,0
5478,3.292,97.40,324.00,1,0,0
5481,3.288,100.90,333.00,1,0,0
5483,3.292,100.00,329.00,1,0,0
5486,3.292,101.90,319.00,1,0,0
5488,3.292,101.70,333.00,1,0,0
5490,3.284,96.80,318.00,1,0,0
5493,3.292,97.40,323.00,1,0,0
5495,3.292,98.80,324.00,1,0,0
5498,3.288,98.70,324.00,1,0,0
5500,3.292,100.60,318.00,1,0,0
5503,3.292,96.30,326.00,1,0,0
5505,3.292,96.80,318.00,1,0,0
5508,3.292,100.10,329.00,1,0,0
5520,3.292,99.50,328.00,1,0,0
5523,3.292,99.90,329.00,1,0,0
5525,3.292,99.80,329.00,1,0,0
5528,3.288,99.50,326.00,1,0,0
5530,3.288,90.00,321.00,1,0,0
5533,3.288,96.80,318.00,1,0,0
5535,3.292,96.50,318.00,1,0,0
5538,3.288,96.50,316.00,1,0,0
5540,3.288,96.50,318.00,1,0,0
5543,3.288,92.10,303.00,1,0,0
5545,3.288,99.80,329.00,1,0,0
5548,3.288,97.60,319.00,1,0,0
5550,3.288,97.40,319.00,1,0,0
5553,3.288,98.20,318.00,1,0,0
5555,3.288,97.40,321.00,1,0,0
5558,3.292,97.50,321.00,1,0,0
5570,3.288,113.60,374.00,1,0,0
5573,3.292,100.00,329.00,1,0,0
5575,3.288,96.60,319.00,1,0,0
5578,3.288,97.50,321.00,1,0,0
5580,3.288,96.50,318.00,1,0,0
5583,3.288,96.50,329.00,1,0,0
5585,3.292,96.40,316.00,1,0,0
5588,3.292,97.50,321.00,1,0,0
5590,3.284,91.70,321.00,1,0,0
5592,3.288,99.40,328.00,1,0,0
5595,3.292,98.90,324.00,1,0,0
5597,3.292,98.80,323.00,1,0,0
5600,3.292,96.50,318.00,1,0,0
5602,3.288,96.90,319.00,1,0,0
5605,3.292,96.90,328.00,1,0,0
5607,3.288,97.30,319.00,1,0,0
5620,3.288,98.10,324.00,1,0,0
5622,3.292,99.20,326.00,1,0,0
5625,3.292,98.90,324.00,1,0,0
5627,3.292,97.60,328.00,1,0,0
5630,3.280,100.10,329.00,1,0,0
5632,3.288,90.40,297.00,1,0,0
5635,3.288,91.90,333.00,1,0,0
5637,3.292,97.20,319.00,1,0,0
5640,3.288,97.70,321.00,1,0,0
5642,3.288,96.30,316.00,1,0,0
5645,3.288,92.00,303.00,1,0,0
5647,3.292,99.90,329.00,1,0,0
5650,3.280,99.90,329.00,1,0,0
5652,3.292,95.50,315.00,1,0,0
5655,3.288,97.70,321.00,1,0,0
5657,3.292,100.10,324.00,1,0,0
5670,3.284,91.90,301.00,1,0,0
5672,3.292,100.20,324.00,1,0,0
5675,3.292,97.30,319.00,1,0,0
5677,3.288,96.80,318.00,1,0,0
5680,3.288,96.60,319.00,1,0,0
5682,3.288,97.20,319.00,1,0,0
5685,3.288,97.40,319.00,1,0,0
5687,3.288,97.20,319.00,1,0,0
5689,3.288,97.50,321.00,1,0,0
5692,3.288,97.30,321.00,1,0,0
5694,3.280,97.60,319.00,1,0,0
5697,3.292,97.30,321.00,1,0,0
5699,3.276,92.00,303.00,1,0,0
5702,3.292,97.20,328.00,1,0,0
5704,3.288,99.40,328.00,1,0,0
5707,3.292,101.10,333.00,1,0,0
5719,3.288,98.10,323.00,1,0,0
5722,3.292,98.30,328.00,1,0,0
5724,3.292,96.80,331.00,1,0,0
5727,3.288,97.90,321.00,1,0,0
5729,3.292,99.90,329.00,1,0,0
5732,3.292,97.50,329.00,1,0,0
5734,3.292,90.20,297.00,1,0,0
5737,3.288,91.80,301.00,1,0,0
5739,3.288,100.00,329.00,1,0,0
5742,3.292,96.90,319.00,1,0,0
5744,3.288,96.40,318.00,1,0,0
5747,3.288,97.80,310.00,1,0,0
5749,3.288,97.40,319.00,1,0,0
5752,3.292,98.80,326.00,1,0,0
5754,3.292,122.50,301.00,1,0,0
5757,3.288,96.70,318.00,1,0,0
5769,3.288,97.80,323.00,1,0,0
5772,3.292,97.00,319.00,1,0,0
5774,3.284,97.60,378.00,1,0,0
5777,3.292,98.90,326.00,1,0,0
5779,3.292,96.40,316.00,1,0,0
5782,3.288,96.80,321.00,1,0,0
5784,3.292,97.40,319.00,1,0,0
5787,3.288,98.00,323.00,1,0,0
5789,3.292,97.20,318.00,1,0,0
5792,3.288,99.90,329.00,1,0,0
5794,3.292,116.80,383.00,1,0,0
5796,3.288,96.90,319.00,1,0,0
5799,3.292,100.00,319.00,1,0,0
5801,3.292,97.20,319.00,1,0,0
5804,3.288,92.10,303.00,1,0,0
5806,3.288,96.30,324.00,1,0,0
5819,3.288,97.00,336.00,1,0,0
5822,3.288,100.20,329.00,1,0,0
5824,3.288,99.90,329.00,1,0,0
5826,3.292,99.80,329.00,1,0,0
5829,3.292,100.30,331.00,1,0,0
5831,3.292,99.30,326.00,1,0,0
5834,3.288,106.70,301.00,1,0,0
5836,3.288,89.90,295.00,1,0,0
5839,3.288,96.70,318.00,1,0,0
5841,3.292,97.60,329.00,1,0,0
5844,3.292,99.20,326.00,1,0,0
5846,3.288,96.60,318.00,1,0,0
5849,3.288,99.40,329.00,1,0,0
5851,3.288,93.50,308.00,1,0,0
5854,3.292,105.10,346.00,1,0,0
5866,3.292,97.40,321.00,1,0,0
5869,3.288,102.00,336.00,1,0,0
5871,3.292,97.00,331.00,1,0,0
5874,3.292,104.60,342.00,1,0,0
5876,3.288,97.50,321.00,1,0,0
5879,3.292,97.40,326.00,1,0,0
5881,3.292,97.90,321.00,1,0,0
5884,3.288,96.90,319.00,1,0,0
5886,3.288,98.80,328.00,1,0,0
5889,3.292,96.80,318.00,1,0,0
5891,3.292,99.70,329.00,1,0,0
5894,3.288,97.90,301.00,1,0,0
5896,3.288,100.10,329.00,1,0,0
5899,3.292,99.60,328.00,1,0,0
5901,3.288,97.60,329.00,1,0,0
5903,3.292,99.10,326.00,1,0,0
5916,3.288,96.90,318.00,1,0,0
5919,3.288,99.60,328.00,1,0,0
5921,3.292,101.70,316.00,1,0,0
5924,3.292,96.40,318.00,1,0,0
5926,3.288,98.10,323.00,1,0,0
5929,3.284,97.30,319.00,1,0,0
5931,3.292,99.30,329.00,1,0,0
5933,3.288,121.50,400.00,1,0,0
5936,3.292,96.70,318.00,1,0,0
5938,3.292,96.70,297.00,1,0,0
5941,3.288,96.80,318.00,1,0,0
5943,3.292,98.20,323.00,1,0,0
5946,3.292,99.70,329.00,1,0,0
5948,3.292,96.40,316.00,1,0,0
5951,3.292,96.60,318.00,1,0,0
5953,3.288,91.60,374.00,1,0,0
5966,3.292,100.10,319.00,1,0,0
5968,3.292,101.60,334.00,1,0,0
5971,3.292,97.70,321.00,1,0,0
5973,3.288,97.00,383.00,1,0,0
5976,3.288,98.00,323.00,1,0,0
5978,3.288,97.70,321.00,1,0,0
5981,3.292,97.30,321.00,1,0,0
5983,3.288,98.10,316.00,1,0,0
5986,3.288,96.60,318.00,1,0,0
5988,3.292,97.70,321.00,1,0,0
5991,3.288,100.80,319.00,1,0,0
5993,3.288,101.20,331.00,1,0,0
5996,3.288,98.90,324.00,1,0,0
5998,3.288,97.30,331.00,1,0,0
6001,3.288,98.50,324.00,1,0,0
6013,3.288,123.60,406.00,1,0,0
6016,3.288,101.60,334.00,1,0,0
6018,3.292,101.00,316.00,1,0,0
6021,3.288,100.20,329.00,1,0,0
6023,3.288,99.40,328.00,1,0,0
6026,3.288,97.20,329.00,1,0,0
6028,3.292,100.10,329.00,1,0,0
6031,3.292,96.90,318.00,1,0,0
6033,3.292,98.10,342.00,1,0,0
6036,3.284,97.50,321.00,1,0,0
6038,3.292,99.80,329.00,1,0,0
6040,3.292,97.70,297.00,1,0,0
6043,3.288,90.40,319.00,1,0,0
6045,3.292,99.90,329.00,1,0,0
6048,3.292,99.80,329.00,1,0,0
6061,3.288,100.60,331.00,1,0,0
6063,3.292,101.90,318.00,1,0,0
6066,3.292,98.70,324.00,1,0,0
6068,3.288,96.70,318.00,1,0,0
6070,3.292,96.80,328.00,1,0,0
6073,3.288,97.80,319.00,1,0,0
6075,3.288,97.20,319.00,1,0,0
6078,3.288,97.40,319.00,1,0,0
6080,3.288,97.30,319.00,1,0,0
6083,3.292,96.20,316.00,1,0,0
6085,3.288,96.60,318.00,1,0,0
6088,3.288,96.50,318.00,1,0,0
6090,3.288,97.30,319.00,1,0,0
6093,3.288,102.00,346.00,1,0,0
6095,3.292,99.20,326.00,1,0,0
6098,3.288,93.70,308.00,1,0,0
6110,3.292,100.40,331.00,1,0,0
6113,3.292,99.40,328.00,1,0,0
6115,3.288,95.00,331.00,1,0,0
6118,3.292,96.80,318.00,1,0,0
6120,3.288,98.30,323.00,1,0,0
6123,3.288,99.80,319.00,1,0,0
6125,3.288,100.90,333.00,1,0,0
6128,3.288,96.90,319.00,1,0,0
6130,3.288,96.60,318.00,1,0,0
6133,3.292,95.50,313.00,1,0,0
6135,3.288,99.40,328.00,1,0,0
6138,3.288,97.70,328.00,1,0,0
6140,3.292,99.00,326.00,1,0,0
6143,3.288,96.30,316.00,1,0,0
6145,3.292,98.60,297.00,1,0,0
6148,3.288,96.50,318.00,1,0,0
6160,3.292,96.70,318.00,1,0,0
6163,3.292,98.10,323.00,1,0,0
6165,3.292,97.20,318.00,1,0,0
6168,3.288,99.90,329.00,1,0,0
6170,3.288,100.70,331.00,1,0,0
6173,3.288,102.70,346.00,1,0,0
6175,3.288,96.30,316.00,1,0,0
6178,3.292,98.30,323.00,1,0,0
6180,3.292,97.00,318.00,1,0,0
6182,3.288,97.20,324.00,1,0,0
6185,3.288,99.00,326.00,1,0,0
6187,3.292,100.10,329.00,1,0,0
6190,3.288,96.70,318.00,1,0,0
6192,3.288,101.40,333.00,1,0,0
6195,3.288,94.00,310.00,1,0,0
6208,3.292,101.00,333.00,1,0,0
6210,3.292,100.60,318.00,1,0,0
6212,3.288,101.10,333.00,1,0,0
6215,3.288,96.90,318.00,1,0,0
6217,3.288,95.80,323.00,1,0,0
6220,3.288,98.50,324.00,1,0,0
6222,3.288,100.10,329.00,1,0,0
6225,3.288,96.40,319.00,1,0,0
6227,3.288,96.50,318.00,1,0,0
6230,3.292,97.30,319.00,1,0,0
6232,3.288,96.60,321.00,1,0,0
6235,3.272,99.00,326.00,1,0,0
6237,3.288,97.60,321.00,1,0,0
6240,3.292,96.60,329.00,1,0,0
6242,3.292,98.70,324.00,1,0,0
6255,3.272,91.80,321.00,1,0,0
6257,3.288,96.70,318.00,1,0,0
6260,3.288,91.50,301.00,1,0,0
6262,3.292,96.60,318.00,1,0,0
6265,3.292,101.80,334.00,1,0,0
6267,3.292,97.20,319.00,1,0,0
6270,3.292,97.60,319.00,1,0,0
6272,3.288,96.40,318.00,1,0,0
6275,3.276,91.50,301.00,1,0,0
6277,3.292,100.30,321.00,1,0,0
6280,3.292,97.10,319.00,1,0,0
6282,3.288,97.60,321.00,1,0,0
6285,3.292,97.30,321.00,1,0,0
6287,3.288,101.50,334.00,1,0,0
6289,3.288,96.80,318.00,1,0,0
6292,3.288,96.60,318.00,1,0,0
6305,3.288,97.20,318.00,1,0,0
6307,3.288,97.00,319.00,1,0,0
6310,3.292,99.90,329.00,1,0,0
6312,3.292,97.30,319.00,1,0,0
6315,3.284,97.40,319.00,1,0,0
6317,3.276,99.50,328.00,1,0,0
6320,3.288,99.80,328.00,1,0,0
6322,3.292,98.30,318.00,1,0,0
6324,3.292,97.00,319.00,1,0,0
6327,3.288,96.70,318.00,1,0,0
6329,3.288,99.90,329.00,1,0,0
6332,3.292,100.00,329.00,1,0,0
6334,3.272,91.60,301.00,1,0,0
6337,3.288,100.60,323.00,1,0,0
6339,3.292,99.10,326.00,1,0,0
6342,3.288,97.20,319.00,1,0,0
6354,3.292,100.40,331.00,1,0,0
6357,3.288,94.50,323.00,1,0,0
6359,3.288,96.40,316.00,1,0,0
6362,3.292,91.70,301.00,1,0,0
6364,3.288,96.90,333.00,1,0,0
6367,3.288,98.20,323.00,1,0,0
6369,3.288,96.50,318.00,1,0,0
6372,3.288,97.60,321.00,1,0,0
6374,3.288,123.50,301.00,1,0,0
6377,3.284,97.40,319.00,1,0,0
6379,3.288,98.40,323.00,1,0,0
6382,3.288,99.30,319.00,1,0,0
6384,3.292,96.40,318.00,1,0,0
6387,3.292,100.30,331.00,1,0,0
6389,3.288,97.20,329.00,1,0,0
6392,3.292,98.00,323.00,1,0,0
6404,3.292,98.90,326.00,1,0,0
6407,3.292,99.00,326.00,1,0,0
6409,3.288,98.70,331.00,1,0,0
6412,3.288,100.50,331.00,1,0,0
6414,3.272,97.00,318.00,1,0,0
6417,3.288,96.50,331.00,1,0,0
6419,3.288,101.50,334.00,1,0,0
6421,3.288,96.90,318.00,1,0,0
6424,3.288,96.90,321.00,1,0,0
6426,3.288,97.40,326.00,1,0,0
6429,3.292,99.70,328.00,1,0,0
6431,3.288,101.30,334.00,1,0,0
6434,3.292,98.40,329.00,1,0,0
6436,3.292,95.70,315.00,1,0,0
6439,3.292,96.90,319.00,1,0,0
6441,3.292,97.10,321.00,1,0,0
6454,3.288,121.60,303.00,1,0,0
6456,3.288,100.20,329.00,1,0,0
6459,3.288,96.90,318.00,1,0,0
6461,3.288,96.70,316.00,1,0,0
6464,3.288,98.70,324.00,1,0,0
6466,3.288,96.30,316.00,1,0,0
6469,3.292,100.10,329.00,1,0,0
6471,3.288,97.00,319.00,1,0,0
6474,3.288,102.50,336.00,1,0,0
6476,3.288,99.60,319.00,1,0,0
6479,3.288,99.70,328.00,1,0,0
6481,3.288,97.80,323.00,1,0,0
6484,3.292,100.00,318.00,1,0,0
6486,3.292,97.00,319.00,1,0,0
6489,3.292,98.20,323.00,1,0,0
6506,3.292,100.40,323.00,1,0,0
6509,3.288,101.00,333.00,1,0,0
6511,3.288,96.90,319.00,1,0,0
6514,3.292,99.90,329.00,1,0,0
6516,3.292,99.70,328.00,1,0,0
6519,3.288,95.00,313.00,1,0,0
6521,3.292,98.00,324.00,1,0,0
6524,3.288,98.80,326.00,1,0,0
6526,3.292,96.80,318.00,1,0,0
6528,3.292,100.10,323.00,1,0,0
6531,3.292,96.40,318.00,1,0,0
6533,3.292,119.00,392.00,1,0,0
6536,3.288,97.30,321.00,1,0,0
6538,3.292,98.70,324.00,1,0,0
6541,3.288,97.00,319.00,1,0,0
6554,3.288,95.80,315.00,1,0,0
6556,3.288,91.70,301.00,1,0,0
6558,3.292,100.90,324.00,1,0,0
6561,3.288,100.00,329.00,1,0,0
6563,3.288,96.30,316.00,1,0,0
6566,3.288,97.90,318.00,1,0,0
6568,3.288,91.40,300.00,1,0,0
6571,3.288,98.10,323.00,1,0,0
6573,3.288,100.00,333.00,1,0,0
6576,3.292,91.70,301.00,1,0,0
6578,3.288,96.40,318.00,1,0,0
6581,3.288,100.10,318.00,1,0,0
6583,3.288,99.90,328.00,1,0,0
6586,3.288,98.70,324.00,1,0,0
6588,3.292,99.90,319.00,1,0,0
6601,3.292,96.70,323.00,1,0,0
6603,3.292,99.20,326.00,1,0,0
6606,3.288,97.30,319.00,1,0,0
6608,3.292,96.20,338.00,1,0,0
6611,3.288,97.40,321.00,1,0,0
6613,3.292,100.30,329.00,1,0,0
6616,3.288,95.50,319.00,1,0,0
6618,3.288,98.50,324.00,1,0,0
6621,3.292,98.00,323.00,1,0,0
6623,3.288,100.40,329.00,1,0,0
6626,3.292,99.90,328.00,1,0,0
6628,3.292,96.90,318.00,1,0,0
6631,3.292,99.10,326.00,1,0,0
6633,3.288,94.20,405.00,1,0,0
6635,3.288,99.90,328.00,1,0,0
6638,3.288,101.40,333.00,1,0,0
6651,3.288,97.10,319.00,1,0,0
6653,3.288,97.70,346.00,1,0,0
6656,3.276,97.20,319.00,1,0,0
6658,3.288,90.40,297.00,1,0,0
6661,3.292,100.20,321.00,1,0,0
6663,3.288,99.90,329.00,1,0,0
6666,3.292,96.60,318.00,1,0,0
6668,3.288,98.50,328.00,1,0,0
6670,3.288,99.20,326.00,1,0,0
6673,3.292,97.00,318.00,1,0,0
6675,3.288,97.70,328.00,1,0,0
6678,3.292,96.60,318.00,1,0,0
6680,3.292,97.50,321.00,1,0,0
6683,3.292,99.20,326.00,1,0,0
6685,3.292,100.00,329.00,1,0,0
6688,3.292,101.90,336.00,1,0,0
6700,3.292,97.50,321.00,1,0,0
6703,3.288,96.60,318.00,1,0,0
6705,3.288,100.00,324.00,1,0,0
6708,3.292,96.20,316.00,1,0,0
6710,3.292,96.70,318.00,1,0,0
6713,3.288,100.00,347.00,1,0,0
6715,3.292,93.50,308.00,1,0,0
6718,3.292,97.60,321.00,1,0,0
6720,3.288,97.80,334.00,1,0,0
6723,3.292,98.10,323.00,1,0,0
6725,3.288,96.90,319.00,1,0,0
6728,3.288,97.30,324.00,1,0,0
6730,3.292,98.10,323.00,1,0,0
6733,3.288,99.80,328.00,1,0,0
6735,3.288,94.80,316.00,1,0,0
6738,3.292,96.40,318.00,1,0,0
6750,3.292,100.00,326.00,1,0,0
6753,3.288,100.20,329.00,1,0,0
6755,3.292,99.70,328.00,1,0,0
6758,3.280,91.80,297.00,1,0,0
6760,3.288,95.00,313.00,1,0,0
6763,3.292,100.50,331.00,1,0,0
6765,3.288,97.70,321.00,1,0,0
6768,3.288,96.40,316.00,1,0,0
6770,3.288,96.40,316.00,1,0,0
6773,3.288,96.50,301.00,1,0,0
6775,3.284,91.50,301.00,1,0,0
6777,3.288,99.60,328.00,1,0,0
6780,3.288,97.80,318.00,1,0,0
6782,3.292,97.80,321.00,1,0,0
6785,3.288,98.90,324.00,1,0,0
6787,3.292,100.40,329.00,1,0,0
6800,3.288,97.20,334.00,1,0,0
6802,3.292,96.50,318.00,1,0,0
6805,3.288,96.60,318.00,1,0,0
6807,3.292,96.60,318.00,1,0,0
6810,3.292,96.90,331.00,1,0,0
6812,3.288,97.50,321.00,1,0,0
6815,3.276,91.90,301.00,1,0,0
6817,3.292,99.30,333.00,1,0,0
6820,3.292,96.40,316.00,1,0,0
6822,3.288,96.50,318.00,1,0,0
6825,3.288,96.80,319.00,1,0,0
6827,3.288,99.10,326.00,1,0,0
6830,3.292,100.50,331.00,1,0,0
6832,3.288,99.00,326.00,1,0,0
6835,3.288,107.50,354.00,1,0,0
6837,3.288,96.30,316.00,1,0,0
6850,3.288,99.40,326.00,1,0,0
6852,3.288,96.30,318.00,1,0,0
6855,3.280,101.70,334.00,1,0,0
6857,3.288,98.40,324.00,1,0,0
6860,3.288,98.50,315.00,1,0,0
6862,3.288,90.40,297.00,1,0,0
6865,3.288,97.90,323.00,1,0,0
6867,3.288,100.00,329.00,1,0,0
6870,3.292,98.60,316.00,1,0,0
6872,3.288,96.30,316.00,1,0,0
6874,3.272,91.80,301.00,1,0,0
6877,3.288,92.00,323.00,1,0,0
6879,3.288,99.40,326.00,1,0,0
6882,3.292,100.20,329.00,1,0,0
6884,3.288,94.80,318.00,1,0,0
6887,3.292,96.30,316.00,1,0,0
6899,3.292,97.10,319.00,1,0,0
6902,3.288,96.80,318.00,1,0,0
6904,3.288,97.20,319.00,1,0,0
6907,3.288,96.70,318.00,1,0,0
6909,3.292,99.60,328.00,1,0,0
6912,3.288,101.70,319.00,1,0,0
6914,3.292,107.70,354.00,1,0,0
6917,3.288,100.70,331.00,1,0,0
6919,3.292,96.70,318.00,1,0,0
6922,3.292,98.10,321.00,1,0,0
6924,3.288,98.80,326.00,1,0,0
6927,3.288,99.90,329.00,1,0,0
6929,3.288,98.70,319.00,1,0,0
6932,3.288,100.70,331.00,1,0,0
6934,3.284,119.00,392.00,1,0,0
6947,3.288,96.90,318.00,1,0,0
6949,3.292,96.40,328.00,1,0,0
6952,3.288,97.40,319.00,1,0,0
6954,3.280,118.20,388.00,1,0,0
6957,3.288,98.90,331.00,1,0,0
6959,3.292,99.90,328.00,1,0,0
6962,3.288,97.60,321.00,1,0,0
6964,3.288,90.00,315.00,1,0,0
6967,3.288,96.80,318.00,1,0,0
6969,3.292,97.70,321.00,1,0,0
6972,3.288,97.60,316.00,1,0,0
6974,3.288,96.50,316.00,1,0,0
6976,3.288,92.00,303.00,1,0,0
6979,3.288,101.70,329.00,1,0,0
6981,3.292,96.30,316.00,1,0,0
6984,3.292,100.90,331.00,1,0,0
6997,3.288,97.30,321.00,1,0,0
6999,3.292,98.00,323.00,1,0,0
7002,3.280,96.70,319.00,1,0,0
7004,3.288,98.30,323.00,1,0,0
7006,3.292,99.30,326.00,1,0,0
7009,3.288,96.70,318.00,1,0,0
7011,3.288,100.90,333.00,1,0,0
7014,3.284,116.80,385.00,1,0,0
7016,3.292,100.90,318.00,1,0,0
7019,3.288,97.80,323.00,1,0,0
7021,3.292,100.10,329.00,1,0,0
7024,3.288,99.80,329.00,1,0,0
7026,3.288,96.40,316.00,1,0,0
7029,3.288,100.70,331.00,1,0,0
7031,3.288,96.40,333.00,1,0,0
7044,3.288,96.40,316.00,1,0,0
7046,3.292,99.90,316.00,1,0,0
7049,3.288,96.90,318.00,1,0,0
7051,3.288,98.40,324.00,1,0,0
7054,3.288,98.50,301.00,1,0,0
7056,3.284,96.40,316.00,1,0,0
7059,3.288,97.00,319.00,1,0,0
7061,3.292,97.90,329.00,1,0,0
7064,3.292,96.70,318.00,1,0,0
7066,3.288,90.00,297.00,1,0,0
7069,3.288,96.60,329.00,1,0,0
7071,3.292,97.20,319.00,1,0,0
7074,3.288,121.90,401.00,1,0,0
7076,3.284,96.20,316.00,1,0,0
7079,3.292,93.40,306.00,1,0,0
7081,3.288,97.60,321.00,1,0,0
7094,3.292,121.10,398.00,1,0,0
7096,3.288,97.20,329.00,1,0,0
7099,3.288,97.50,321.00,1,0,0
7101,3.288,97.10,319.00,1,0,0
7104,3.288,97.60,319.00,1,0,0
7106,3.288,97.60,319.00,1,0,0
7109,3.288,96.90,319.00,1,0,0
7111,3.292,97.10,319.00,1,0,0
7113,3.288,96.70,377.00,1,0,0
7116,3.284,97.40,319.00,1,0,0
7118,3.292,98.20,323.00,1,0,0
7121,3.292,99.90,326.00,1,0,0
7123,3.288,96.80,318.00,1,0,0
7126,3.292,100.10,329.00,1,0,0
7128,3.292,97.70,318.00,1,0,0
7131,3.292,100.30,331.00,1,0,0
7143,3.292,100.00,329.00,1,0,0
7146,3.292,97.40,321.00,1,0,0
7148,3.288,93.30,315.00,1,0,0
7151,3.288,97.80,321.00,1,0,0
7153,3.288,117.30,385.00,1,0,0
7156,3.288,99.50,334.00,1,0,0
7158,3.292,100.50,331.00,1,0,0
7161,3.292,97.20,319.00,1,0,0
7163,3.288,97.00,319.00,1,0,0
7166,3.292,97.30,326.00,1,0,0
7168,3.292,90.50,298.00,1,0,0
7171,3.288,97.10,319.00,1,0,0
7173,3.292,99.40,405.00,1,0,0
7176,3.288,91.10,300.00,1,0,0
7178,3.288,96.10,316.00,1,0,0
7181,3.292,100.30,301.00,1,0,0
7193,3.292,96.70,377.00,1,0,0
7196,3.288,97.30,319.00,1,0,0
7198,3.292,98.60,324.00,1,0,0
7201,3.288,97.20,321.00,1,0,0
7203,3.292,97.30,319.00,1,0,0
7206,3.288,96.40,316.00,1,0,0
7208,3.288,97.20,316.00,1,0,0
7211,3.288,97.10,319.00,1,0,0
7213,3.288,96.60,318.00,1,0,0
7215,3.288,114.30,301.00,1,0,0
7218,3.288,96.70,334.00,1,0,0
7220,3.292,96.50,318.00,1,0,0
7223,3.292,96.40,316.00,1,0,0
7225,3.292,98.90,324.00,1,0,0
7228,3.292,97.80,321.00,1,0,0
7230,3.288,99.60,328.00,1,0,0
7243,3.292,97.00,319.00,1,0,0
7245,3.288,97.10,321.00,1,0,0
7248,3.288,98.80,324.00,1,0,0
7250,3.288,97.10,319.00,1,0,0
7253,3.288,97.20,347.00,1,0,0
7255,3.280,95.20,313.00,1,0,0
7258,3.288,97.40,319.00,1,0,0
7260,3.292,99.90,329.00,1,0,0
7263,3.292,97.30,319.00,1,0,0
7265,3.288,100.70,331.00,1,0,0
7268,3.288,100.40,318.00,1,0,0
7270,3.292,98.70,324.00,1,0,0
7273,3.288,90.30,297.00,1,0,0
7275,3.288,92.00,329.00,1,0,0
7278,3.292,99.90,329.00,1,0,0
7280,3.292,96.20,316.00,1,0,0
7293,3.292,97.20,318.00,1,0,0
7295,3.288,101.40,333.00,1,0,0
7298,3.288,101.60,326.00,1,0,0
7300,3.288,99.20,326.00,1,0,0
7303,3.288,100.90,333.00,1,0,0
7305,3.288,96.50,319.00,1,0,0
7308,3.288,98.80,324.00,1,0,0
7310,3.288,98.80,326.00,1,0,0
7313,3.292,98.70,319.00,1,0,0
7315,3.284,97.10,319.00,1,0,0
7318,3.288,96.90,318.00,1,0,0
7320,3.288,96.80,319.00,1,0,0
7322,3.288,97.30,319.00,1,0,0
7325,3.288,97.20,319.00,1,0,0
7327,3.288,100.00,331.00,1,0,0
7340,3.288,97.10,319.00,1,0,0
7343,3.288,100.80,333.00,1,0,0
7345,3.292,100.00,329.00,1,0,0
7348,3.292,100.20,329.00,1,0,0
7350,3.292,99.80,329.00,1,0,0
7352,3.292,99.80,329.00,1,0,0
7355,3.292,91.70,301.00,1,0,0
7357,3.288,98.20,326.00,1,0,0
7360,3.292,101.00,333.00,1,0,0
7362,3.288,95.40,315.00,1,0,0
7365,3.288,100.30,318.00,1,0,0
7367,3.292,96.60,318.00,1,0,0
7370,3.292,97.00,319.00,1,0,0
7372,3.292,94.80,297.00,1,0,0
7375,3.284,91.80,301.00,1,0,0
7387,3.288,98.30,324.00,1,0,0
7390,3.292,100.20,329.00,1,0,0
7392,3.288,97.30,319.00,1,0,0
7395,3.276,96.10,316.00,1,0,0
7397,3.292,96.70,318.00,1,0,0
7400,3.292,100.40,331.00,1,0,0
7402,3.292,98.10,323.00,1,0,0
7405,3.288,98.40,324.00,1,0,0
7407,3.292,99.50,323.00,1,0,0
7410,3.292,96.70,318.00,1,0,0
7412,3.292,98.10,323.00,1,0,0
7415,3.276,91.80,301.00,1,0,0
7417,3.288,96.60,316.00,1,0,0
7420,3.288,96.70,318.00,1,0,0
7422,3.288,97.70,321.00,1,0,0
7425,3.292,99.90,334.00,1,0,0
7437,3.284,101.60,329.00,1,0,0
7440,3.292,100.20,329.00,1,0,0
7442,3.288,98.40,323.00,1,0,0
7445,3.288,97.10,319.00,1,0,0
7447,3.292,101.00,333.00,1,0,0
7450,3.292,97.00,319.00,1,0,0
7452,3.292,100.10,324.00,1,0,0
7455,3.288,96.50,318.00,1,0,0
7457,3.288,99.80,328.00,1,0,0
7459,3.292,99.90,333.00,1,0,0
7462,3.288,100.00,329.00,1,0,0
7464,3.292,97.60,321.00,1,0,0
7467,3.292,100.20,331.00,1,0,0
7469,3.292,98.50,324.00,1,0,0
7472,3.292,100.70,331.00,1,0,0
7485,3.292,96.50,318.00,1,0,0
7487,3.292,96.60,318.00,1,0,0
7489,3.288,92.20,329.00,1,0,0
7492,3.296,99.70,328.00,1,0,0
7494,3.272,92.70,305.00,1,0,0
7497,3.292,96.50,319.00,1,0,0
7499,3.292,99.90,328.00,1,0,0
7502,3.288,98.90,324.00,1,0,0
7504,3.292,99.90,326.00,1,0,0
7507,3.288,98.20,323.00,1,0,0
7509,3.292,97.20,319.00,1,0,0
7512,3.292,97.30,319.00,1,0,0
7514,3.292,97.50,321.00,1,0,0
7517,3.284,91.80,301.00,1,0,0
7519,3.292,100.10,321.00,1,0,0
7522,3.292,96.60,318.00,1,0,0
7534,3.292,99.40,326.00,1,0,0
7537,3.288,100.60,331.00,1,0,0
7539,3.292,96.50,333.00,1,0,0
7542,3.292,100.70,331.00,1,0,0
7544,3.292,100.20,329.00,1,0,0
7547,3.292,96.80,318.00,1,0,0
7549,3.292,100.70,331.00,1,0,0
7552,3.292,100.10,329.00,1,0,0
7554,3.276,95.70,315.00,1,0,0
7557,3.288,97.70,318.00,1,0,0
7559,3.288,101.00,333.00,1,0,0
7562,3.288,96.90,319.00,1,0,0
7564,3.288,98.40,321.00,1,0,0
7567,3.292,100.10,329.00,1,0,0
7569,3.288,97.40,319.00,1,0,0
7582,3.292,97.60,321.00,1,0,0
7584,3.288,96.80,329.00,1,0,0
7587,3.292,96.50,318.00,1,0,0
7589,3.288,96.50,318.00,1,0,0
7592,3.292,91.50,301.00,1,0,0
7594,3.288,91.80,301.00,1,0,0
7597,3.292,98.50,324.00,1,0,0
7599,3.292,100.30,318.00,1,0,0
7601,3.292,99.90,329.00,1,0,0
7604,3.288,97.20,319.00,1,0,0
7606,3.292,96.60,329.00,1,0,0
7609,3.292,97.50,321.00,1,0,0
7611,3.288,96.90,319.00,1,0,0
7614,3.292,104.20,342.00,1,0,0
7616,3.280,91.70,318.00,1,0,0
7619,3.288,97.30,321.00,1,0,0
7631,3.288,97.70,321.00,1,0,0
7634,3.288,102.80,339.00,1,0,0
7636,3.292,97.60,319.00,1,0,0
7639,3.292,100.30,329.00,1,0,0
7641,3.288,96.90,319.00,1,0,0
7644,3.292,96.90,318.00,1,0,0
7646,3.276,97.80,321.00,1,0,0
7649,3.288,97.00,319.00,1,0,0
7651,3.288,99.70,331.00,1,0,0
7654,3.292,99.90,329.00,1,0,0
7656,3.284,91.60,301.00,1,0,0
7659,3.292,96.80,329.00,1,0,0
7661,3.292,97.00,319.00,1,0,0
7664,3.288,97.90,323.00,1,0,0
7666,3.292,98.00,326.00,1,0,0
7669,3.292,102.70,338.00,1,0,0
7681,3.288,90.20,331.00,1,0,0
7684,3.288,100.00,329.00,1,0,0
7686,3.292,96.60,318.00,1,0,0
7689,3.288,96.20,318.00,1,0,0
7691,3.292,97.00,319.00,1,0,0
7694,3.288,92.40,303.00,1,0,0
7696,3.288,99.50,331.00,1,0,0
7699,3.292,121.40,400.00,1,0,0
7701,3.288,97.30,321.00,1,0,0
7704,3.288,97.30,316.00,1,0,0
7706,3.292,95.30,313.00,1,0,0
7708,3.292,97.80,323.00,1,0,0
7711,3.296,99.70,326.00,1,0,0
7713,3.292,97.20,319.00,1,0,0
7716,3.288,97.30,321.00,1,0,0
7718,3.288,98.70,319.00,1,0,0
7731,3.292,100.30,331.00,1,0,0
7733,3.292,97.90,316.00,1,0,0
7736,3.288,98.90,326.00,1,0,0
7738,3.288,96.90,318.00,1,0,0
7741,3.288,98.10,323.00,1,0,0
7743,3.288,98.70,324.00,1,0,0
7746,3.288,102.60,338.00,1,0,0
7748,3.292,101.90,334.00,1,0,0
7751,3.288,100.10,329.00,1,0,0
7753,3.288,99.80,329.00,1,0,0
7756,3.292,100.10,323.00,1,0,0
7758,3.288,103.80,341.00,1,0,0
7761,3.288,99.00,326.00,1,0,0
7763,3.288,97.50,321.00,1,0,0
7766,3.292,100.10,329.00,1,0,0
7778,3.292,120.90,398.00,1,0,0
7781,3.292,97.20,319.00,1,0,0
7783,3.292,90.30,313.00,1,0,0
7786,3.288,100.00,329.00,1,0,0
7788,3.288,97.90,323.00,1,0,0
7791,3.288,95.40,318.00,1,0,0
7793,3.288,96.60,318.00,1,0,0
7796,3.288,92.00,303.00,1,0,0
7798,3.288,102.00,377.00,1,0,0
7801,3.288,95.70,318.00,1,0,0
7803,3.292,97.10,319.00,1,0,0
7806,3.288,99.70,328.00,1,0,0
7808,3.292,97.20,321.00,1,0,0
7811,3.288,100.30,331.00,1,0,0
7813,3.292,97.40,319.00,1,0,0
7826,3.288,98.10,323.00,1,0,0
7828,3.292,96.80,318.00,1,0,0
7831,3.288,96.80,318.00,1,0,0
7833,3.292,97.90,321.00,1,0,0
7836,3.292,101.00,321.00,1,0,0
7838,3.288,102.80,338.00,1,0,0
7840,3.288,99.00,326.00,1,0,0
7843,3.288,97.50,321.00,1,0,0
7845,3.288,100.80,333.00,1,0,0
7848,3.292,96.80,318.00,1,0,0
7850,3.292,100.70,319.00,1,0,0
7853,3.292,96.70,318.00,1,0,0
7855,3.292,97.40,321.00,1,0,0
7858,3.292,97.50,321.00,1,0,0
7860,3.292,97.40,319.00,1,0,0
7873,3.288,99.60,336.00,1,0,0
7875,3.288,97.50,321.00,1,0,0
7878,3.288,96.40,316.00,1,0,0
7880,3.276,91.80,321.00,1,0,0
7883,3.292,100.20,329.00,1,0,0
7885,3.288,90.50,298.00,1,0,0
7888,3.288,94.50,326.00,1,0,0
7890,3.292,101.10,333.00,1,0,0
7893,3.288,101.60,334.00,1,0,0
7895,3.288,96.90,318.00,1,0,0
7898,3.292,91.60,301.00,1,0,0
7900,3.292,114.70,377.00,1,0,0
7903,3.288,97.70,323.00,1,0,0
7905,3.292,102.20,336.00,1,0,0
7908,3.288,98.10,323.00,1,0,0
7920,3.284,91.70,301.00,1,0,0
7923,3.288,99.50,328.00,1,0,0
7925,3.292,99.40,319.00,1,0,0
7928,3.292,96.60,318.00,1,0,0
7930,3.292,96.60,318.00,1,0,0
7933,3.292,97.60,324.00,1,0,0
7935,3.288,97.40,321.00,1,0,0
7938,3.288,97.40,321.00,1,0,0
7940,3.280,91.90,316.00,1,0,0
7943,3.288,96.90,318.00,1,0,0
7945,3.292,96.80,318.00,1,0,0
7947,3.292,97.40,319.00,1,0,0
7950,3.292,99.30,328.00,1,0,0
7952,3.288,97.30,319.00,1,0,0
7955,3.288,97.70,324.00,1,0,0
7957,3.288,99.70,328.00,1,0,0
7970,3.292,99.90,329.00,1,0,0
7972,3.292,99.90,329.00,1,0,0
7975,3.292,96.80,318.00,1,0,0
7977,3.292,96.40,316.00,1,0,0
7980,3.276,98.30,324.00,1,0,0
7982,3.292,97.20,319.00,1,0,0
7985,3.288,97.80,319.00,1,0,0
7987,3.288,98.20,323.00,1,0,0
7990,3.288,90.30,297.00,1,0,0
7992,3.288,94.60,319.00,1,0,0
7995,3.288,96.60,318.00,1,0,0
7997,3.288,96.60,318.00,1,0,0
8000,3.272,94.10,328.00,1,0,0
8002,3.288,100.30,329.00,1,0,0
8005,3.288,101.70,334.00,1,0,0
8007,3.292,97.20,321.00,1,0,0
8020,3.276,91.80,328.00,1,0,0
8022,3.292,100.00,329.00,1,0,0
8025,3.292,96.60,318.00,1,0,0
8027,3.292,97.40,319.00,1,0,0
8030,3.296,97.10,319.00,1,0,0
8032,3.284,96.70,318.00,1,0,0
8035,3.288,96.70,321.00,1,0,0
8037,3.288,97.40,321.00,1,0,0
8040,3.288,91.70,301.00,1,0,0
8042,3.292,97.10,316.00,1,0,0
8045,3.292,97.10,319.00,1,0,0
8047,3.292,99.90,329.00,1,0,0
8050,3.288,96.50,313.00,1,0,0
8052,3.288,99.50,328.00,1,0,0
8055,3.292,96.90,319.00,1,0,0
8057,3.292,96.40,316.00,1,0,0
8070,3.288,96.40,318.00,1,0,0
8072,3.292,100.40,321.00,1,0,0
8075,3.292,97.00,319.00,1,0,0
8077,3.288,97.10,319.00,1,0,0
8080,3.272,91.60,323.00,1,0,0
8082,3.288,99.70,328.00,1,0,0
8085,3.292,100.40,329.00,1,0,0
8087,3.292,101.70,319.00,1,0,0
8089,3.288,96.60,318.00,1,0,0
8092,3.292,90.40,297.00,1,0,0
8094,3.292,98.00,326.00,1,0,0
8097,3.284,96.90,318.00,1,0,0
8099,3.288,89.40,293.00,1,0,0
8102,3.288,112.40,303.00,1,0,0
8104,3.288,95.60,315.00,1,0,0
8117,3.288,100.40,324.00,1,0,0
8119,3.288,91.70,301.00,1,0,0
8122,3.292,99.40,328.00,1,0,0
8124,3.292,100.00,321.00,1,0,0
8127,3.288,98.70,324.00,1,0,0
8129,3.292,97.80,321.00,1,0,0
8132,3.292,97.40,319.00,1,0,0
8134,3.288,96.80,318.00,1,0,0
8137,3.288,96.60,318.00,1,0,0
8139,3.292,104.30,328.00,1,0,0
8142,3.276,96.80,318.00,1,0,0
8144,3.292,97.00,319.00,1,0,0
8147,3.288,99.70,336.00,1,0,0
8149,3.292,100.10,329.00,1,0,0
8152,3.292,99.80,329.00,1,0,0
8164,3.296,100.00,329.00,1,0,0
8167,3.292,100.50,324.00,1,0,0
8169,3.292,96.40,318.00,1,0,0
8172,3.292,96.70,318.00,1,0,0
8174,3.292,97.20,326.00,1,0,0
8177,3.292,98.00,323.00,1,0,0
8179,3.268,91.60,301.00,1,0,0
8182,3.292,100.30,318.00,1,0,0
8184,3.288,97.80,323.00,1,0,0
8187,3.292,102.10,336.00,1,0,0
8189,3.288,96.90,318.00,1,0,0
8192,3.288,98.00,323.00,1,0,0
8194,3.292,90.30,297.00,1,0,0
8196,3.288,99.50,328.00,1,0,0
8199,3.292,120.70,303.00,1,0,0
8212,3.288,102.00,319.00,1,0,0
8214,3.288,96.80,318.00,1,0,0
8217,3.292,97.30,321.00,1,0,0
8219,3.288,122.30,311.00,1,0,0
8222,3.292,99.90,329.00,1,0,0
8224,3.292,98.80,326.00,1,0,0
8226,3.288,97.20,323.00,1,0,0
8229,3.288,99.30,328.00,1,0,0
8231,3.292,99.70,328.00,1,0,0
8234,3.288,96.80,318.00,1,0,0
8236,3.292,97.20,319.00,1,0,0
8239,3.284,96.90,318.00,1,0,0
8241,3.288,98.10,331.00,1,0,0
8244,3.288,100.10,329.00,1,0,0
8246,3.292,99.80,329.00,1,0,0
8249,3.288,96.50,318.00,1,0,0
8261,3.288,100.30,331.00,1,0,0
8264,3.288,96.50,318.00,1,0,0
8266,3.292,99.90,329.00,1,0,0
8269,3.292,96.90,319.00,1,0,0
8271,3.292,101.20,321.00,1,0,0
8274,3.296,101.00,333.00,1,0,0
8276,3.292,96.60,318.00,1,0,0
8279,3.292,101.10,301.00,1,0,0
8281,3.288,93.10,306.00,1,0,0
8284,3.292,96.70,318.00,1,0,0
8286,3.292,99.80,318.00,1,0,0
8289,3.288,99.70,328.00,1,0,0
8291,3.288,97.50,321.00,1,0,0
8294,3.292,95.50,298.00,1,0,0
8296,3.292,96.80,318.00,1,0,0
8309,3.288,91.80,311.00,1,0,0
8311,3.288,100.10,329.00,1,0,0
8314,3.292,96.40,318.00,1,0,0
8316,3.292,97.30,318.00,1,0,0
8319,3.292,121.50,400.00,1,0,0
8321,3.288,97.70,321.00,1,0,0
8324,3.296,99.50,308.00,1,0,0
8326,3.288,96.90,318.00,1,0,0
8328,3.292,96.80,318.00,1,0,0
8331,3.288,97.10,319.00,1,0,0
8333,3.292,97.40,319.00,1,0,0
8336,3.284,99.10,326.00,1,0,0
8338,3.296,97.20,305.00,1,0,0
8341,3.288,96.70,318.00,1,0,0
8343,3.292,97.80,321.00,1,0,0
8346,3.288,98.00,328.00,1,0,0
8358,3.288,99.40,326.00,1,0,0
8361,3.280,91.60,318.00,1,0,0
8363,3.288,97.10,319.00,1,0,0
8366,3.288,97.20,319.00,1,0,0
8368,3.288,98.00,331.00,1,0,0
8371,3.292,99.30,328.00,1,0,0
8373,3.288,100.20,329.00,1,0,0
8376,3.292,96.90,331.00,1,0,0
8378,3.292,102.10,334.00,1,0,0
8381,3.288,96.10,316.00,1,0,0
8383,3.292,99.60,318.00,1,0,0
8386,3.292,97.00,319.00,1,0,0
8388,3.292,100.00,329.00,1,0,0
8391,3.288,94.50,331.00,1,0,0
8393,3.292,100.30,329.00,1,0,0
8406,3.288,96.20,316.00,1,0,0
8408,3.288,96.30,316.00,1,0,0
8411,3.292,91.80,334.00,1,0,0
8413,3.292,100.10,329.00,1,0,0
8416,3.292,98.30,323.00,1,0,0
8418,3.288,98.60,356.00,1,0,0
8421,3.288,100.90,333.00,1,0,0
8423,3.292,97.10,319.00,1,0,0
8426,3.288,96.50,318.00,1,0,0
8428,3.292,101.10,318.00,1,0,0
8430,3.292,97.10,319.00,1,0,0
8433,3.292,100.40,331.00,1,0,0
8435,3.288,98.70,326.00,1,0,0
8438,3.288,98.70,323.00,1,0,0
8440,3.284,96.80,318.00,1,0,0
8453,3.288,97.60,321.00,1,0,0
8456,3.292,99.70,328.00,1,0,0
8458,3.292,103.60,341.00,1,0,0
8460,3.292,100.00,329.00,1,0,0
8463,3.292,100.00,301.00,1,0,0
8465,3.284,99.50,328.00,1,0,0
8468,3.288,98.80,324.00,1,0,0
8470,3.288,97.30,318.00,1,0,0
8473,3.288,100.10,329.00,1,0,0
8475,3.288,96.40,318.00,1,0,0
8478,3.288,97.00,401.00,1,0,0
8480,3.288,99.10,326.00,1,0,0
8483,3.296,96.40,316.00,1,0,0
8485,3.288,101.30,318.00,1,0,0
8488,3.288,102.20,329.00,1,0,0
8500,3.288,90.10,313.00,1,0,0
8507,3.288,97.10,319.00,1,0,0
8510,3.288,96.30,316.00,1,0,0
8512,3.288,97.90,303.00,1,0,0
8515,3.288,97.10,319.00,1,0,0
8517,3.288,101.50,334.00,1,0,0
8520,3.276,116.90,316.00,1,0,0
8522,3.292,97.50,321.00,1,0,0
8525,3.292,96.40,318.00,1,0,0
8527,3.292,100.40,328.00,1,0,0
8529,3.292,100.60,331.00,1,0,0
8532,3.288,97.90,321.00,1,0,0
8534,3.288,96.90,334.00,1,0,0
8537,3.288,101.20,333.00,1,0,0
8539,3.284,97.40,319.00,1,0,0
8542,3.288,96.80,329.00,1,0,0
8555,3.292,96.00,334.00,1,0,0
8557,3.292,100.30,329.00,1,0,0
8559,3.288,91.70,301.00,1,0,0
8562,3.292,100.80,318.00,1,0,0
8564,3.288,100.60,331.00,1,0,0
8567,3.292,97.10,319.00,1,0,0
8569,3.288,96.40,316.00,1,0,0
8572,3.288,99.90,329.00,1,0,0
8574,3.292,96.90,318.00,1,0,0
8577,3.288,97.50,321.00,1,0,0
8579,3.288,120.80,313.00,1,0,0
8582,3.288,100.20,329.00,1,0,0
8584,3.292,96.50,318.00,1,0,0
8587,3.292,99.50,316.00,1,0,0
8589,3.288,101.80,336.00,1,0,0
8602,3.288,90.50,298.00,1,0,0
8604,3.288,95.40,313.00,1,0,0
8607,3.288,96.90,318.00,1,0,0
8609,3.288,97.90,323.00,1,0,0
8612,3.288,96.70,318.00,1,0,0
8614,3.288,98.10,306.00,1,0,0
8617,3.288,93.00,306.00,1,0,0
8619,3.280,114.60,377.00,1,0,0
8622,3.288,96.70,318.00,1,0,0
8624,3.288,99.70,328.00,1,0,0
8627,3.288,97.70,321.00,1,0,0
8629,3.292,99.30,329.00,1,0,0
8632,3.296,97.20,319.00,1,0,0
8634,3.288,99.70,328.00,1,0,0
8636,3.288,96.70,318.00,1,0,0
8639,3.288,101.60,319.00,1,0,0
8652,3.292,97.00,321.00,1,0,0
8654,3.288,97.50,321.00,1,0,0
8657,3.288,97.40,319.00,1,0,0
8659,3.292,105.40,331.00,1,0,0
8661,3.292,91.80,301.00,1,0,0
8664,3.292,101.00,333.00,1,0,0
8666,3.292,100.30,329.00,1,0,0
8669,3.288,98.40,324.00,1,0,0
8671,3.292,99.90,329.00,1,0,0
8674,3.292,98.10,329.00,1,0,0
8676,3.292,99.90,329.00,1,0,0
8679,3.288,116.80,383.00,1,0,0
8681,3.288,97.70,321.00,1,0,0
8684,3.288,97.30,321.00,1,0,0
8686,3.292,97.20,319.00,1,0,0
8699,3.288,117.90,388.00,1,0,0
8701,3.288,100.10,329.00,1,0,0
8704,3.292,90.50,297.00,1,0,0
8706,3.288,100.50,331.00,1,0,0
8709,3.292,98.80,324.00,1,0,0
8711,3.288,97.20,321.00,1,0,0
8714,3.288,89.20,293.00,1,0,0
8716,3.288,97.80,323.00,1,0,0
8719,3.288,94.90,331.00,1,0,0
8721,3.292,98.50,324.00,1,0,0
8724,3.292,96.90,318.00,1,0,0
8726,3.288,97.10,323.00,1,0,0
8729,3.288,94.60,311.00,1,0,0
8731,3.288,99.90,329.00,1,0,0
8734,3.292,99.60,329.00,1,0,0
8736,3.292,99.40,328.00,1,0,0
8749,3.292,96.70,318.00,1,0,0
8751,3.288,97.20,319.00,1,0,0
8754,3.292,98.90,326.00,1,0,0
8756,3.288,100.40,331.00,1,0,0
8759,3.296,121.70,400.00,1,0,0
8761,3.288,100.00,329.00,1,0,0
8764,3.288,101.30,316.00,1,0,0
8766,3.288,100.10,329.00,1,0,0
8769,3.292,99.80,329.00,1,0,0
8771,3.288,99.20,324.00,1,0,0
8773,3.288,97.70,321.00,1,0,0
8776,3.288,100.20,329.00,1,0,0
8778,3.288,97.80,331.00,1,0,0
8781,3.292,91.50,300.00,1,0,0
8783,3.288,97.40,321.00,1,0,0
8796,3.292,100.10,329.00,1,0,0
8799,3.292,96.60,388.00,1,0,0
8801,3.288,97.40,321.00,1,0,0
8803,3.288,98.90,326.00,1,0,0
8806,3.292,92.50,297.00,1,0,0
8808,3.288,96.50,318.00,1,0,0
8811,3.288,102.10,336.00,1,0,0
8813,3.288,96.70,331.00,1,0,0
8816,3.292,96.30,316.00,1,0,0
8818,3.288,104.80,344.00,1,0,0
8821,3.288,91.50,300.00,1,0,0
8823,3.288,97.90,311.00,1,0,0
8826,3.288,100.30,331.00,1,0,0
8828,3.288,101.10,333.00,1,0,0
8831,3.292,92.90,331.00,1,0,0
8843,3.288,97.30,318.00,1,0,0
8846,3.292,97.00,319.00,1,0,0
8848,3.292,100.30,331.00,1,0,0
8851,3.288,97.20,316.00,1,0,0
8853,3.288,96.70,318.00,1,0,0
8856,3.288,97.60,321.00,1,0,0
8858,3.288,97.30,385.00,1,0,0
8861,3.288,102.60,338.00,1,0,0
8863,3.292,96.70,318.00,1,0,0
8866,3.292,97.40,318.00,1,0,0
8868,3.292,98.40,323.00,1,0,0
8871,3.284,100.20,329.00,1,0,0
8873,3.288,97.00,316.00,1,0,0
8876,3.288,98.20,323.00,1,0,0
8878,3.288,96.30,316.00,1,0,0
8880,3.288,93.30,318.00,1,0,0
8893,3.292,96.60,318.00,1,0,0
8896,3.288,96.60,318.00,1,0,0
8898,3.292,102.90,338.00,1,0,0
8901,3.288,101.10,333.00,1,0,0
8903,3.288,100.40,331.00,1,0,0
8905,3.292,101.70,334.00,1,0,0
8908,3.292,92.40,303.00,1,0,0
8910,3.288,91.80,319.00,1,0,0
8913,3.288,100.50,331.00,1,0,0
8915,3.292,97.80,323.00,1,0,0
8918,3.288,98.60,334.00,1,0,0
8920,3.288,120.00,395.00,1,0,0
8923,3.288,92.00,303.00,1,0,0
8925,3.292,100.00,321.00,1,0,0
8928,3.288,97.60,321.00,1,0,0
8940,3.292,99.90,374.00,1,0,0
8943,3.288,96.80,318.00,1,0,0
8945,3.292,97.30,321.00,1,0,0
8948,3.292,100.50,328.00,1,0,0
8950,3.292,98.20,323.00,1,0,0
8953,3.292,98.70,324.00,1,0,0
8955,3.288,96.80,318.00,1,0,0
8958,3.288,96.40,316.00,1,0,0
8960,3.292,98.70,324.00,1,0,0
8963,3.292,100.00,323.00,1,0,0
8965,3.288,100.70,331.00,1,0,0
8968,3.288,99.80,329.00,1,0,0
8970,3.292,97.90,333.00,1,0,0
8973,3.292,96.60,318.00,1,0,0
8975,3.292,96.70,318.00,1,0,0
8978,3.292,100.10,328.00,1,0,0
8990,3.292,99.90,329.00,1,0,0
8993,3.292,97.10,329.00,1,0,0
8995,3.292,97.90,323.00,1,0,0
8998,3.292,100.50,331.00,1,0,0
9000,3.292,99.90,344.00,1,0,0
9003,3.292,91.80,301.00,1,0,0
9005,3.292,97.90,323.00,1,0,0
9007,3.288,96.40,319.00,1,0,0
9010,3.292,95.10,313.00,1,0,0
9012,3.288,90.50,298.00,1,0,0
9015,3.288,101.70,318.00,1,0,0
9017,3.288,101.80,336.00,1,0,0
9020,3.276,93.20,306.00,1,0,0
9022,3.288,96.10,318.00,1,0,0
9025,3.288,91.50,301.00,1,0,0
9027,3.288,97.20,319.00,1,0,0
9040,3.288,97.30,319.00,1,0,0
9042,3.288,97.30,319.00,1,0,0
9045,3.288,97.50,321.00,1,0,0
9047,3.288,97.40,319.00,1,0,0
9050,3.288,97.30,319.00,1,0,0
9052,3.288,96.80,316.00,1,0,0
9055,3.288,96.30,316.00,1,0,0
9057,3.288,96.60,318.00,1,0,0
9060,3.272,92.50,329.00,1,0,0
9062,3.288,99.90,329.00,1,0,0
9065,3.288,97.50,321.00,1,0,0
9067,3.296,99.70,319.00,1,0,0
9070,3.288,99.70,328.00,1,0,0
9072,3.292,99.70,328.00,1,0,0
9075,3.288,98.40,323.00,1,0,0
9077,3.292,99.80,329.00,1,0,0
9090,3.292,99.20,326.00,1,0,0
9092,3.288,98.10,323.00,1,0,0
9095,3.288,97.20,321.00,1,0,0
9097,3.288,99.40,326.00,1,0,0
9100,3.288,92.60,305.00,1,0,0
9102,3.292,101.10,316.00,1,0,0
9105,3.292,97.50,321.00,1,0,0
9107,3.292,98.90,324.00,1,0,0
9110,3.288,97.40,321.00,1,0,0
9112,3.288,99.50,328.00,1,0,0
9114,3.292,90.30,297.00,1,0,0
9117,3.288,93.90,321.00,1,0,0
9119,3.288,117.70,316.00,1,0,0
9122,3.292,97.60,321.00,1,0,0
9124,3.288,88.90,292.00,1,0,0
9127,3.288,99.30,303.00,1,0,0
9139,3.272,93.40,328.00,1,0,0
9142,3.288,98.40,324.00,1,0,0
9144,3.292,99.60,328.00,1,0,0
9147,3.288,98.90,311.00,1,0,0
9149,3.288,98.90,326.00,1,0,0
9152,3.292,97.70,321.00,1,0,0
9154,3.288,97.10,321.00,1,0,0
9157,3.292,97.40,319.00,1,0,0
9159,3.284,96.70,318.00,1,0,0
9162,3.288,118.80,301.00,1,0,0
9164,3.288,100.70,331.00,1,0,0
9167,3.292,96.00,316.00,1,0,0
9169,3.292,97.00,319.00,1,0,0
9172,3.288,97.70,321.00,1,0,0
9174,3.288,97.10,319.00,1,0,0
9177,3.288,102.80,318.00,1,0,0
9189,3.288,97.40,319.00,1,0,0
9192,3.288,99.70,323.00,1,0,0
9194,3.288,97.70,321.00,1,0,0
9197,3.288,99.00,326.00,1,0,0
9199,3.292,105.00,318.00,1,0,0
9202,3.276,96.40,316.00,1,0,0
9204,3.288,91.60,301.00,1,0,0
9207,3.292,98.80,328.00,1,0,0
9209,3.292,100.20,329.00,1,0,0
9212,3.288,98.30,323.00,1,0,0
9214,3.288,100.10,329.00,1,0,0
9217,3.292,90.30,297.00,1,0,0
9219,3.284,100.00,328.00,1,0,0
9221,3.288,100.90,331.00,1,0,0
9224,3.288,99.80,329.00,1,0,0
9237,3.292,99.50,328.00,1,0,0
9239,3.284,117.30,385.00,1,0,0
9242,3.288,96.90,331.00,1,0,0
9244,3.288,96.90,318.00,1,0,0
9247,3.288,98.90,324.00,1,0,0
9249,3.292,100.00,329.00,1,0,0
9251,3.292,99.20,319.00,1,0,0
9254,3.288,99.00,326.00,1,0,0
9256,3.288,96.90,319.00,1,0,0
9259,3.292,100.10,301.00,1,0,0
9261,3.288,96.80,318.00,1,0,0
9264,3.288,96.60,318.00,1,0,0
9266,3.292,97.00,331.00,1,0,0
9269,3.292,97.80,321.00,1,0,0
9271,3.292,100.40,331.00,1,0,0
9284,3.288,97.40,319.00,1,0,0
9286,3.288,98.80,324.00,1,0,0
9289,3.288,99.90,329.00,1,0,0
9291,3.292,96.40,316.00,1,0,0
9294,3.292,96.40,329.00,1,0,0
9296,3.292,100.10,329.00,1,0,0
9299,3.288,102.60,338.00,1,0,0
9301,3.288,91.60,329.00,1,0,0
9304,3.292,100.10,329.00,1,0,0
9306,3.288,97.70,321.00,1,0,0
9309,3.292,100.50,329.00,1,0,0
9311,3.292,98.90,326.00,1,0,0
9314,3.292,97.80,321.00,1,0,0
9316,3.288,97.40,319.00,1,0,0
9319,3.288,90.40,295.00,1,0,0
9331,3.288,100.20,303.00,1,0,0
9334,3.288,97.80,321.00,1,0,0
9336,3.288,100.00,329.00,1,0,0
9339,3.292,99.10,303.00,1,0,0
9341,3.288,98.00,323.00,1,0,0
9344,3.288,90.90,300.00,1,0,0
9346,3.288,97.30,319.00,1,0,0
9349,3.292,98.70,324.00,1,0,0
9351,3.288,97.40,319.00,1,0,0
9354,3.292,97.60,319.00,1,0,0
9356,3.288,97.40,321.00,1,0,0
9358,3.288,102.70,338.00,1,0,0
9361,3.292,114.30,319.00,1,0,0
9363,3.292,98.40,323.00,1,0,0
9366,3.288,96.70,318.00,1,0,0
9379,3.292,105.50,347.00,1,0,0
9381,3.284,91.70,301.00,1,0,0
9384,3.288,99.80,319.00,1,0,0
9386,3.288,98.90,324.00,1,0,0
9388,3.288,102.30,338.00,1,0,0
9391,3.292,95.80,318.00,1,0,0
9393,3.288,97.20,319.00,1,0,0
9396,3.292,100.30,331.00,1,0,0
9398,3.292,99.50,316.00,1,0,0
9401,3.288,97.40,319.00,1,0,0
9403,3.288,99.90,329.00,1,0,0
9406,3.292,100.70,321.00,1,0,0
9408,3.292,96.50,318.00,1,0,0
9411,3.292,100.20,329.00,1,0,0
9413,3.296,100.00,329.00,1,0,0
9426,3.292,96.90,329.00,1,0,0
9428,3.292,100.20,329.00,1,0,0
9431,3.292,97.60,321.00,1,0,0
9433,3.288,102.10,308.00,1,0,0
9436,3.288,91.40,333.00,1,0,0
9438,3.292,101.30,333.00,1,0,0
9441,3.288,96.40,318.00,1,0,0
9443,3.292,98.50,324.00,1,0,0
9446,3.288,98.20,323.00,1,0,0
9448,3.292,99.70,328.00,1,0,0
9451,3.292,99.80,329.00,1,0,0
9453,3.292,98.80,324.00,1,0,0
9456,3.288,96.80,318.00,1,0,0
9458,3.292,97.70,339.00,1,0,0
9461,3.276,96.80,318.00,1,0,0
9463,3.292,99.90,329.00,1,0,0
9476,3.288,97.00,319.00,1,0,0
9478,3.288,98.60,336.00,1,0,0
9481,3.292,91.60,301.00,1,0,0
9483,3.288,99.00,326.00,1,0,0
9486,3.288,97.50,329.00,1,0,0
9488,3.292,100.90,333.00,1,0,0
9490,3.292,97.80,321.00,1,0,0
9493,3.292,99.10,324.00,1,0,0
9495,3.288,97.20,321.00,1,0,0
9498,3.288,100.30,329.00,1,0,0
9500,3.292,100.30,329.00,1,0,0
9503,3.288,100.70,324.00,1,0,0
9505,3.292,97.10,319.00,1,0,0
9508,3.292,96.90,318.00,1,0,0
9510,3.292,98.60,329.00,1,0,0
9523,3.292,90.40,297.00,1,0,0
9525,3.288,100.00,329.00,1,0,0
9528,3.288,99.40,328.00,1,0,0
9530,3.292,99.80,329.00,1,0,0
9533,3.292,96.40,316.00,1,0,0
9535,3.288,101.30,334.00,1,0,0
9538,3.288,94.20,398.00,1,0,0
9540,3.288,97.10,319.00,1,0,0
9543,3.292,98.60,324.00,1,0,0
9545,3.288,99.80,323.00,1,0,0
9548,3.288,99.90,329.00,1,0,0
9550,3.288,96.60,318.00,1,0,0
9553,3.292,100.60,318.00,1,0,0
9555,3.288,97.10,319.00,1,0,0
9558,3.288,93.70,308.00,1,0,0
9560,3.288,92.80,305.00,1,0,0
9573,3.292,98.50,324.00,1,0,0
9575,3.288,100.80,321.00,1,0,0
9578,3.288,100.40,329.00,1,0,0
9580,3.288,95.80,315.00,1,0,0
9583,3.288,95.50,318.00,1,0,0
9585,3.292,96.60,318.00,1,0,0
9588,3.288,98.10,323.00,1,0,0
9590,3.292,100.60,324.00,1,0,0
9592,3.292,100.90,333.00,1,0,0
9595,3.288,99.90,329.00,1,0,0
9597,3.292,96.70,316.00,1,0,0
9600,3.272,97.00,319.00,1,0,0
9602,3.288,97.20,319.00,1,0,0
9605,3.288,97.10,319.00,1,0,0
9607,3.288,100.70,331.00,1,0,0
9620,3.276,114.50,318.00,1,0,0
9622,3.288,98.20,323.00,1,0,0
9625,3.288,90.60,298.00,1,0,0
9627,3.288,92.60,326.00,1,0,0
9630,3.288,99.20,326.00,1,0,0
9632,3.292,100.80,333.00,1,0,0
9635,3.292,96.30,316.00,1,0,0
9637,3.288,100.10,329.00,1,0,0
9640,3.292,91.80,301.00,1,0,0
9642,3.288,96.90,321.00,1,0,0
9645,3.288,98.90,324.00,1,0,0
9647,3.292,97.50,321.00,1,0,0
9650,3.292,96.60,319.00,1,0,0
9652,3.292,100.30,329.00,1,0,0
9655,3.288,97.60,321.00,1,0,0
9667,3.292,96.90,318.00,1,0,0
9670,3.288,97.20,318.00,1,0,0
9672,3.288,96.80,318.00,1,0,0
9675,3.288,96.80,318.00,1,0,0
9677,3.288,97.40,319.00,1,0,0
9680,3.284,116.40,311.00,1,0,0
9682,3.292,97.00,319.00,1,0,0
9685,3.292,100.40,331.00,1,0,0
9687,3.292,99.10,331.00,1,0,0
9690,3.292,99.00,326.00,1,0,0
9692,3.288,97.40,321.00,1,0,0
9695,3.292,100.00,329.00,1,0,0
9697,3.292,100.20,329.00,1,0,0
9699,3.292,100.10,329.00,1,0,0
9702,3.292,98.00,319.00,1,0,0
9715,3.296,100.50,331.00,1,0,0
9717,3.292,97.00,319.00,1,0,0
9720,3.288,97.20,319.00,1,0,0
9722,3.292,100.50,318.00,1,0,0
9725,3.284,96.10,316.00,1,0,0
9727,3.288,102.00,336.00,1,0,0
9729,3.292,90.50,297.00,1,0,0
9732,3.288,100.80,333.00,1,0,0
9734,3.292,98.30,324.00,1,0,0
9737,3.288,98.00,323.00,1,0,0
9739,3.288,96.50,333.00,1,0,0
9742,3.288,92.20,303.00,1,0,0
9744,3.276,96.80,318.00,1,0,0
9747,3.292,96.70,310.00,1,0,0
9749,3.288,98.30,323.00,1,0,0
9762,3.288,97.40,321.00,1,0,0
9764,3.284,97.50,321.00,1,0,0
9767,3.280,91.70,323.00,1,0,0
9769,3.288,97.80,321.00,1,0,0
9772,3.292,97.00,319.00,1,0,0
9774,3.288,88.60,292.00,1,0,0
9777,3.292,98.10,323.00,1,0,0
9779,3.292,96.90,318.00,1,0,0
9782,3.292,99.00,324.00,1,0,0
9784,3.296,100.30,329.00,1,0,0
9787,3.288,98.90,324.00,1,0,0
9789,3.292,100.00,318.00,1,0,0
9792,3.288,96.60,318.00,1,0,0
9794,3.292,100.60,331.00,1,0,0
9797,3.292,97.00,319.00,1,0,0
9799,3.292,98.30,323.00,1,0,0
9812,3.288,97.00,318.00,1,0,0
9814,3.292,97.80,323.00,1,0,0
9817,3.288,99.30,328.00,1,0,0
9819,3.288,100.10,331.00,1,0,0
9822,3.292,100.10,329.00,1,0,0
9824,3.284,113.80,374.00,1,0,0
9827,3.292,97.70,328.00,1,0,0
9829,3.292,95.50,315.00,1,0,0
9831,3.288,90.20,297.00,1,0,0
9834,3.288,99.10,331.00,1,0,0
9836,3.288,99.90,329.00,1,0,0
9839,3.288,99.90,328.00,1,0,0
9841,3.288,96.50,316.00,1,0,0
9844,3.288,91.90,301.00,1,0,0
9846,3.288,98.60,324.00,1,0,0
9849,3.288,98.30,321.00,1,0,0
9861,3.292,95.90,316.00,1,0,0
9864,3.292,102.60,319.00,1,0,0
9866,3.280,101.80,334.00,1,0,0
9869,3.292,101.50,334.00,1,0,0
9871,3.288,97.10,310.00,1,0,0
9874,3.288,97.20,319.00,1,0,0
9876,3.288,96.60,318.00,1,0,0
9879,3.288,97.30,326.00,1,0,0
9881,3.288,98.70,324.00,1,0,0
9884,3.288,117.60,387.00,1,0,0
9886,3.288,96.70,319.00,1,0,0
9889,3.292,96.50,318.00,1,0,0
9891,3.292,96.80,318.00,1,0,0
9894,3.292,97.70,331.00,1,0,0
9896,3.292,98.20,323.00,1,0,0
9909,3.292,96.60,329.00,1,0,0
9911,3.292,100.00,329.00,1,0,0
9914,3.292,99.60,328.00,1,0,0
9916,3.292,100.10,329.00,1,0,0
9919,3.292,96.80,318.00,1,0,0
9921,3.288,96.50,318.00,1,0,0
9924,3.292,99.90,301.00,1,0,0
9926,3.288,97.90,323.00,1,0,0
9929,3.292,100.40,331.00,1,0,0
9931,3.288,100.70,326.00,1,0,0
9933,3.288,89.90,297.00,1,0,0
9936,3.288,96.50,318.00,1,0,0
9938,3.288,96.60,321.00,1,0,0
9941,3.288,100.30,331.00,1,0,0
9943,3.288,98.60,324.00,1,0,0
9956,3.292,98.30,323.00,1,0,0
9959,3.292,98.00,329.00,1,0,0
9961,3.292,98.80,326.00,1,0,0
9963,3.288,106.80,351.00,1,0,0
9966,3.288,97.60,319.00,1,0,0
9968,3.292,97.50,321.00,1,0,0
9971,3.292,100.00,329.00,1,0,0
9973,3.292,97.20,319.00,1,0,0
9976,3.292,100.10,329.00,1,0,0
9978,3.292,96.80,318.00,1,0,0
9981,3.288,100.90,333.00,1,0,0
9983,3.288,101.00,342.00,1,0,0
9986,3.280,97.70,321.00,1,0,0
9988,3.292,94.30,310.00,1,0,0
9991,3.288,97.90,306.00,1,0,0
10003,3.292,96.50,392.00,1,0,0
10006,3.288,97.10,319.00,1,0,0
10008,3.292,99.30,328.00,1,0,0
10011,3.288,98.80,329.00,1,0,0
10013,3.292,100.00,329.00,1,0,0
10016,3.292,97.40,319.00,1,0,0
10018,3.288,96.70,329.00,1,0,0
10021,3.292,100.00,329.00,1,0,0
10023,3.292,100.00,326.00,1,0,0
10026,3.288,98.90,331.00,1,0,0
10028,3.288,100.10,329.00,1,0,0
10031,3.288,99.00,326.00,1,0,0
10033,3.288,96.50,334.00,1,0,0
10046,3.288,96.80,318.00,1,0,0
10048,3.288,94.60,303.00,1,0,0
10051,3.288,96.40,318.00,1,0,0
10053,3.288,97.30,319.00,1,0,0
10056,3.292,99.00,326.00,1,0,0
10058,3.292,99.40,328.00,1,0,0
10061,3.292,100.10,329.00,1,0,0
10063,3.292,99.40,405.00,1,0,0
10066,3.292,96.60,318.00,1,0,0
10068,3.292,99.90,329.00,1,0,0
10070,3.292,97.10,319.00,1,0,0
10073,3.288,97.90,321.00,1,0,0
10075,3.288,97.60,321.00,1,0,0
10078,3.288,97.40,321.00,1,0,0
10091,3.288,100.80,331.00,1,0,0
10093,3.292,100.00,329.00,1,0,0
10096,3.292,100.10,329.00,1,0,0
10098,3.292,100.20,329.00,1,0,0
10100,3.292,101.40,331.00,1,0,0
10103,3.292,100.10,329.00,1,0,0
10105,3.276,91.80,301.00,1,0,0
10108,3.288,98.10,331.00,1,0,0
10110,3.292,96.70,318.00,1,0,0
10113,3.288,98.00,323.00,1,0,0
10115,3.292,96.40,329.00,1,0,0
10118,3.292,99.70,328.00,1,0,0
10120,3.288,97.70,321.00,1,0,0
10133,3.292,100.20,329.00,1,0,0
10135,3.292,98.70,319.00,1,0,0
10138,3.292,90.40,297.00,1,0,0
10140,3.292,102.90,339.00,1,0,0
10143,3.292,92.90,400.00,1,0,0
10145,3.288,100.60,331.00,1,0,0
10148,3.288,96.40,316.00,1,0,0
10150,3.288,97.10,301.00,1,0,0
10153,3.288,100.70,331.00,1,0,0
10155,3.288,97.70,321.00,1,0,0
10158,3.288,100.50,331.00,1,0,0
10160,3.288,97.00,323.00,1,0,0
10163,3.288,101.00,333.00,1,0,0
10175,3.288,98.20,323.00,1,0,0
10178,3.288,97.50,321.00,1,0,0
10180,3.292,99.90,326.00,1,0,0
10183,3.288,96.70,318.00,1,0,0
10185,3.288,116.00,382.00,1,0,0
10188,3.288,97.70,323.00,1,0,0
10190,3.292,97.80,323.00,1,0,0
10193,3.292,101.10,333.00,1,0,0
10195,3.288,94.20,334.00,1,0,0
10198,3.292,97.60,321.00,1,0,0
10200,3.292,99.70,328.00,1,0,0
10203,3.288,100.00,319.00,1,0,0
10205,3.272,98.70,324.00,1,0,0
10207,3.288,98.20,323.00,1,0,0
10220,3.288,99.50,328.00,1,0,0
10223,3.288,99.60,328.00,1,0,0
10225,3.276,93.00,323.00,1,0,0
10228,3.292,96.70,318.00,1,0,0
10230,3.292,97.10,319.00,1,0,0
10232,3.288,99.00,318.00,1,0,0
10235,3.288,96.60,318.00,1,0,0
10237,3.288,96.80,318.00,1,0,0
10240,3.288,96.80,297.00,1,0,0
10242,3.288,93.90,308.00,1,0,0
10245,3.288,95.20,313.00,1,0,0
10247,3.288,97.20,321.00,1,0,0
10250,3.292,96.50,318.00,1,0,0
10252,3.288,97.00,319.00,1,0,0
10265,3.280,98.40,324.00,1,0,0
10267,3.292,96.40,316.00,1,0,0
10270,3.288,97.30,333.00,1,0,0
10272,3.288,97.30,319.00,1,0,0
10275,3.288,97.00,319.00,1,0,0
10277,3.292,97.40,319.00,1,0,0
10280,3.292,97.30,319.00,1,0,0
10282,3.288,97.40,319.00,1,0,0
10285,3.276,96.50,319.00,1,0,0
10287,3.288,97.00,319.00,1,0,0
10290,3.288,99.50,328.00,1,0,0
10292,3.288,97.30,319.00,1,0,0
10295,3.292,98.40,324.00,1,0,0
10297,3.288,98.20,323.00,1,0,0
10310,3.292,97.00,319.00,1,0,0
10312,3.292,100.70,323.00,1,0,0
10315,3.292,100.10,329.00,1,0,0
10317,3.288,98.00,323.00,1,0,0
10320,3.288,97.90,318.00,1,0,0
10322,3.292,101.30,333.00,1,0,0
10325,3.288,116.70,383.00,1,0,0
10327,3.288,99.00,319.00,1,0,0
10330,3.292,97.30,319.00,1,0,0
10332,3.292,98.20,323.00,1,0,0
10335,3.288,99.80,331.00,1,0,0
10337,3.292,96.40,318.00,1,0,0
10339,3.288,96.60,318.00,1,0,0
10352,3.288,96.50,318.00,1,0,0
10355,3.288,97.60,321.00,1,0,0
10357,3.288,91.70,318.00,1,0,0
10360,3.292,98.30,323.00,1,0,0
10362,3.292,100.00,329.00,1,0,0
10365,3.272,92.60,323.00,1,0,0
10367,3.292,97.20,319.00,1,0,0
10369,3.292,97.60,321.00,1,0,0
10372,3.292,96.40,333.00,1,0,0
10374,3.292,97.60,321.00,1,0,0
10377,3.288,97.60,321.00,1,0,0
10379,3.288,98.50,324.00,1,0,0
10382,3.292,97.30,321.00,1,0,0
10384,3.272,91.70,301.00,1,0,0
10397,3.296,99.90,329.00,1,0,0
10399,3.292,99.90,329.00,1,0,0
10402,3.288,99.70,318.00,1,0,0
10404,3.292,91.90,301.00,1,0,0
10407,3.292,96.50,318.00,1,0,0
10409,3.288,98.50,326.00,1,0,0
10412,3.288,97.70,321.00,1,0,0
10414,3.292,97.40,319.00,1,0,0
10417,3.292,99.80,318.00,1,0,0
10419,3.292,96.50,318.00,1,0,0
10422,3.288,96.80,318.00,1,0,0
10424,3.288,101.90,318.00,1,0,0
10427,3.288,96.70,318.00,1,0,0
10429,3.288,96.80,318.00,1,0,0
10442,3.288,98.70,324.00,1,0,0
10444,3.284,91.90,297.00,1,0,0
10447,3.288,91.90,301.00,1,0,0
10449,3.292,100.20,329.00,1,0,0
10452,3.292,100.20,318.00,1,0,0
10454,3.292,96.40,316.00,1,0,0
10457,3.288,98.60,324.00,1,0,0
10459,3.288,92.00,319.00,1,0,0
10462,3.288,99.40,321.00,1,0,0
10464,3.288,91.50,301.00,1,0,0
10467,3.288,98.60,324.00,1,0,0
10469,3.288,96.60,329.00,1,0,0
10472,3.292,97.30,321.00,1,0,0
10474,3.284,97.40,321.00,1,0,0
10487,3.292,97.40,319.00,1,0,0
10489,3.288,96.80,318.00,1,0,0
10492,3.288,96.70,318.00,1,0,0
10494,3.288,99.90,328.00,1,0,0
10497,3.288,100.20,331.00,1,0,0
10499,3.292,97.20,319.00,1,0,0
10501,3.292,96.70,318.00,1,0,0
10508,3.292,97.50,331.00,1,0,0
10511,3.292,98.00,323.00,1,0,0
10513,3.288,96.40,318.00,1,0,0
10516,3.288,96.60,318.00,1,0,0
10518,3.292,96.70,318.00,1,0,0
10521,3.288,96.60,318.00,1,0,0
10523,3.292,97.50,319.00,1,0,0
10526,3.288,96.40,324.00,1,0,0
10528,3.288,96.50,318.00,1,0,0
10530,3.288,97.20,319.00,1,0,0
10533,3.292,96.50,318.00,1,0,0
10535,3.288,97.20,319.00,1,0,0
10538,3.292,98.00,323.00,1,0,0
10551,3.292,96.40,316.00,1,0,0
10553,3.288,97.20,329.00,1,0,0
10556,3.288,97.60,321.00,1,0,0
10558,3.288,96.40,316.00,1,0,0
10560,3.288,92.70,301.00,1,0,0
10563,3.292,98.30,321.00,1,0,0
10565,3.288,96.60,318.00,1,0,0
10568,3.288,96.80,318.00,1,0,0
10570,3.288,98.90,326.00,1,0,0
10573,3.288,101.00,333.00,1,0,0
10575,3.288,97.10,331.00,1,0,0
10578,3.292,99.90,328.00,1,0,0
10580,3.288,96.90,318.00,1,0,0
10583,3.288,97.40,338.00,1,0,0
10595,3.288,97.30,319.00,1,0,0
10598,3.288,97.40,321.00,1,0,0
10600,3.292,97.30,321.00,1,0,0
10603,3.288,98.30,323.00,1,0,0
10605,3.292,97.30,319.00,1,0,0
10608,3.288,95.80,315.00,1,0,0
10610,3.288,100.10,329.00,1,0,0
10613,3.292,100.10,326.00,1,0,0
10615,3.288,98.20,324.00,1,0,0
10618,3.288,98.00,323.00,1,0,0
10620,3.292,98.70,324.00,1,0,0
10623,3.288,97.80,321.00,1,0,0
10625,3.288,94.80,311.00,1,0,0
10628,3.292,99.50,323.00,1,0,0
10640,3.292,102.10,329.00,1,0,0
10643,3.292,99.90,328.00,1,0,0
10645,3.292,114.50,377.00,1,0,0
10648,3.288,97.20,319.00,1,0,0
10650,3.292,94.60,311.00,1,0,0
10653,3.288,90.10,297.00,1,0,0
10655,3.288,97.40,316.00,1,0,0
10658,3.288,94.70,311.00,1,0,0
10660,3.288,89.30,293.00,1,0,0
10663,3.288,101.20,321.00,1,0,0
10665,3.288,94.10,310.00,1,0,0
10668,3.288,101.30,334.00,1,0,0
10670,3.288,99.10,326.00,1,0,0
10683,3.288,97.60,321.00,1,0,0
10685,3.288,118.90,303.00,1,0,0
10688,3.288,98.20,323.00,1,0,0
10690,3.288,97.20,319.00,1,0,0
10693,3.292,97.30,318.00,1,0,0
10695,3.288,96.70,318.00,1,0,0
10698,3.288,94.90,311.00,1,0,0
10700,3.292,100.20,324.00,1,0,0
10703,3.288,97.30,319.00,1,0,0
10705,3.288,94.10,310.00,1,0,0
10707,3.288,100.40,324.00,1,0,0
10710,3.288,96.80,318.00,1,0,0
10712,3.288,96.60,318.00,1,0,0
10715,3.292,99.00,331.00,1,0,0
10728,3.288,96.70,318.00,1,0,0
10730,3.288,97.70,318.00,1,0,0
10732,3.288,100.30,331.00,1,0,0
10735,3.288,98.70,324.00,1,0,0
10737,3.292,99.90,318.00,1,0,0
10740,3.288,96.20,316.00,1,0,0
10742,3.288,96.70,318.00,1,0,0
10745,3.272,91.90,319.00,1,0,0
10747,3.288,99.90,328.00,1,0,0
10750,3.288,99.80,328.00,1,0,0
10752,3.288,90.60,298.00,1,0,0
10755,3.288,96.60,318.00,1,0,0
10757,3.288,100.10,329.00,1,0,0
10760,3.292,99.90,321.00,1,0,0
10772,3.292,98.70,318.00,1,0,0
10775,3.292,96.70,318.00,1,0,0
10777,3.292,98.30,324.00,1,0,0
10780,3.288,97.40,323.00,1,0,0
10782,3.292,97.70,321.00,1,0,0
10785,3.288,92.30,303.00,1,0,0
10787,3.288,96.50,319.00,1,0,0
10790,3.288,96.90,318.00,1,0,0
10792,3.288,98.10,323.00,1,0,0
10795,3.288,98.00,326.00,1,0,0
10797,3.292,99.70,318.00,1,0,0
10800,3.288,100.30,329.00,1,0,0
10802,3.288,101.70,334.00,1,0,0
10805,3.272,95.40,319.00,1,0,0
10817,3.288,99.20,300.00,1,0,0
10820,3.288,96.30,316.00,1,0,0
10822,3.288,96.30,316.00,1,0,0
10825,3.284,115.50,316.00,1,0,0
10827,3.292,99.10,326.00,1,0,0
10830,3.292,94.10,310.00,1,0,0
10832,3.288,101.90,318.00,1,0,0
10835,3.288,98.60,324.00,1,0,0
10837,3.288,97.40,319.00,1,0,0
10840,3.288,96.90,329.00,1,0,0
10842,3.288,99.80,329.00,1,0,0
10845,3.292,101.20,331.00,1,0,0
10847,3.284,97.70,328.00,1,0,0
10849,3.292,102.20,336.00,1,0,0
10862,3.288,97.70,321.00,1,0,0
10865,3.288,96.50,318.00,1,0,0
10867,3.284,91.80,301.00,1,0,0
10870,3.288,93.90,316.00,1,0,0
10872,3.288,97.10,319.00,1,0,0
10875,3.292,97.60,321.00,1,0,0
10877,3.292,97.40,321.00,1,0,0
10879,3.288,97.40,319.00,1,0,0
10882,3.288,98.60,324.00,1,0,0
10884,3.280,114.80,316.00,1,0,0
10887,3.288,97.10,319.00,1,0,0
10889,3.288,100.20,329.00,1,0,0
10892,3.292,97.50,319.00,1,0,0
10894,3.288,94.70,311.00,1,0,0
10907,3.288,97.30,319.00,1,0,0
10909,3.288,98.60,324.00,1,0,0
10912,3.288,99.90,319.00,1,0,0
10914,3.288,100.00,329.00,1,0,0
10917,3.288,96.40,318.00,1,0,0
10919,3.288,96.30,319.00,1,0,0
10922,3.292,96.40,318.00,1,0,0
10924,3.288,92.00,301.00,1,0,0
10927,3.284,99.30,326.00,1,0,0
10929,3.284,97.50,308.00,1,0,0
10932,3.292,99.00,326.00,1,0,0
10934,3.292,98.30,323.00,1,0,0
10937,3.292,97.20,329.00,1,0,0
10939,3.292,99.40,326.00,1,0,0
10952,3.288,96.50,318.00,1,0,0
10954,3.288,96.80,318.00,1,0,0
10957,3.288,89.70,297.00,1,0,0
10959,3.288,99.30,328.00,1,0,0
10962,3.292,98.20,323.00,1,0,0
10964,3.288,121.50,310.00,1,0,0
10967,3.288,96.10,316.00,1,0,0
10969,3.288,93.50,308.00,1,0,0
10972,3.288,98.60,329.00,1,0,0
10974,3.288,97.30,319.00,1,0,0
10977,3.288,96.70,318.00,1,0,0
10979,3.292,98.40,323.00,1,0,0
10982,3.288,100.70,331.00,1,0,0
10984,3.272,93.20,306.00,1,0,0
10997,3.288,97.40,319.00,1,0,0
10999,3.292,100.50,331.00,1,0,0
11002,3.284,97.50,318.00,1,0,0
11004,3.288,116.20,382.00,1,0,0
11007,3.288,96.80,318.00,1,0,0
11009,3.288,102.10,319.00,1,0,0
11012,3.288,100.30,331.00,1,0,0
11014,3.292,98.30,323.00,1,0,0
11017,3.288,96.80,318.00,1,0,0
11019,3.292,96.70,318.00,1,0,0
11021,3.288,96.90,318.00,1,0,0
11024,3.292,105.50,331.00,1,0,0
11026,3.292,94.10,310.00,1,0,0
11039,3.288,99.70,328.00,1,0,0
11042,3.288,97.50,319.00,1,0,0
11044,3.288,120.80,311.00,1,0,0
11047,3.288,96.50,318.00,1,0,0
11049,3.288,97.30,319.00,1,0,0
11051,3.292,97.10,319.00,1,0,0
11054,3.288,96.90,318.00,1,0,0
11056,3.288,99.50,328.00,1,0,0
11059,3.288,93.40,298.00,1,0,0
11061,3.292,97.70,321.00,1,0,0
11064,3.292,95.60,315.00,1,0,0
11066,3.288,96.50,318.00,1,0,0
11069,3.288,96.20,316.00,1,0,0
11071,3.288,101.10,333.00,1,0,0
11084,3.288,91.70,301.00,1,0,0
11086,3.288,98.80,326.00,1,0,0
11089,3.292,99.60,331.00,1,0,0
11091,3.288,97.80,321.00,1,0,0
11094,3.288,96.70,318.00,1,0,0
11096,3.288,97.50,319.00,1,0,0
11099,3.292,96.90,318.00,1,0,0
11101,3.292,100.10,329.00,1,0,0
11104,3.288,102.00,301.00,1,0,0
11106,3.288,96.50,318.00,1,0,0
11109,3.288,96.40,318.00,1,0,0
11111,3.288,100.20,319.00,1,0,0
11114,3.288,96.50,318.00,1,0,0
11116,3.288,97.50,321.00,1,0,0
11129,3.292,97.00,319.00,1,0,0
11131,3.292,99.80,329.00,1,0,0
11134,3.288,97.50,329.00,1,0,0
11136,3.292,101.30,333.00,1,0,0
11139,3.288,96.60,318.00,1,0,0
11141,3.288,96.40,321.00,1,0,0
11144,3.292,105.30,346.00,1,0,0
11146,3.288,96.50,318.00,1,0,0
11149,3.292,98.40,321.00,1,0,0
11151,3.288,99.90,329.00,1,0,0
11154,3.292,100.10,329.00,1,0,0
11156,3.288,97.00,318.00,1,0,0
11158,3.292,99.70,328.00,1,0,0
11161,3.292,99.80,329.00,1,0,0
11174,3.288,97.60,321.00,1,0,0
11176,3.288,91.40,316.00,1,0,0
11179,3.292,98.80,326.00,1,0,0
11181,3.292,97.50,321.00,1,0,0
11184,3.288,98.20,306.00,1,0,0
11186,3.280,102.40,338.00,1,0,0
11189,3.288,101.20,333.00,1,0,0
11191,3.292,95.80,293.00,1,0,0
11193,3.292,97.00,319.00,1,0,0
11196,3.288,97.60,321.00,1,0,0
11198,3.288,97.80,321.00,1,0,0
11201,3.288,97.30,321.00,1,0,0
11203,3.292,120.90,398.00,1,0,0
11206,3.288,97.10,319.00,1,0,0
11218,3.288,97.20,319.00,1,0,0
11221,3.288,96.50,319.00,1,0,0
11223,3.288,120.10,395.00,1,0,0
11226,3.292,97.80,323.00,1,0,0
11228,3.292,96.70,319.00,1,0,0
11231,3.288,97.20,319.00,1,0,0
11233,3.288,99.10,326.00,1,0,0
11236,3.288,96.50,319.00,1,0,0
11238,3.288,95.40,313.00,1,0,0
11241,3.292,96.90,318.00,1,0,0
11243,3.292,96.60,311.00,1,0,0
11246,3.292,98.10,323.00,1,0,0
11248,3.292,99.00,326.00,1,0,0
11251,3.288,97.60,333.00,1,0,0
11263,3.288,98.80,323.00,1,0,0
11266,3.288,90.80,300.00,1,0,0
11268,3.292,97.00,319.00,1,0,0
11271,3.288,96.70,318.00,1,0,0
11273,3.292,99.40,318.00,1,0,0
11276,3.292,97.80,321.00,1,0,0
11278,3.288,92.90,305.00,1,0,0
11281,3.288,97.30,331.00,1,0,0
11283,3.292,101.80,334.00,1,0,0
11286,3.288,96.60,318.00,1,0,0
11288,3.292,100.10,326.00,1,0,0
11291,3.292,93.70,308.00,1,0,0
11293,3.288,97.60,321.00,1,0,0
11296,3.288,97.90,321.00,1,0,0
11308,3.292,97.40,318.00,1,0,0
11311,3.288,97.00,319.00,1,0,0
11313,3.288,101.00,333.00,1,0,0
11316,3.288,97.30,319.00,1,0,0
11318,3.288,100.30,331.00,1,0,0
11321,3.292,96.50,318.00,1,0,0
11323,3.292,102.30,336.00,1,0,0
11325,3.288,96.50,326.00,1,0,0
11328,3.292,100.20,329.00,1,0,0
11330,3.292,97.40,319.00,1,0,0
11333,3.288,96.50,331.00,1,0,0
11335,3.292,97.30,319.00,1,0,0
11338,3.292,97.40,319.00,1,0,0
11351,3.292,96.60,318.00,1,0,0
11353,3.292,99.90,329.00,1,0,0
11355,3.292,100.00,329.00,1,0,0
11358,3.288,97.40,319.00,1,0,0
11360,3.288,99.50,321.00,1,0,0
11363,3.288,98.40,323.00,1,0,0
11365,3.284,95.50,315.00,1,0,0
11368,3.288,92.10,316.00,1,0,0
11370,3.288,96.80,318.00,1,0,0
11373,3.292,92.80,305.00,1,0,0
11375,3.288,97.30,318.00,1,0,0
11378,3.288,96.60,324.00,1,0,0
11380,3.292,92.30,303.00,1,0,0
11383,3.292,101.60,334.00,1,0,0
11395,3.288,96.50,318.00,1,0,0
11398,3.288,97.80,318.00,1,0,0
11400,3.288,96.90,318.00,1,0,0
11403,3.292,101.10,333.00,1,0,0
11405,3.280,91.70,328.00,1,0,0
11408,3.292,97.80,321.00,1,0,0
11410,3.288,96.70,318.00,1,0,0
11413,3.288,96.80,318.00,1,0,0
11415,3.288,96.50,318.00,1,0,0
11418,3.292,99.30,326.00,1,0,0
11420,3.288,100.00,329.00,1,0,0
11423,3.292,100.40,329.00,1,0,0
11425,3.288,96.60,318.00,1,0,0
11428,3.292,100.40,323.00,1,0,0
11440,3.288,99.00,326.00,1,0,0
11443,3.288,100.20,328.00,1,0,0
11445,3.288,97.10,319.00,1,0,0
11448,3.288,94.50,326.00,1,0,0
11450,3.288,97.70,321.00,1,0,0
11453,3.292,99.00,326.00,1,0,0
11455,3.288,100.50,331.00,1,0,0
11458,3.288,100.10,328.00,1,0,0
11460,3.288,99.90,329.00,1,0,0
11463,3.288,96.50,318.00,1,0,0
11465,3.280,92.60,324.00,1,0,0
11468,3.292,97.80,321.00,1,0,0
11470,3.288,90.40,297.00,1,0,0
11472,3.288,100.40,319.00,1,0,0
11485,3.288,94.60,323.00,1,0,0
11488,3.288,97.40,319.00,1,0,0
11490,3.288,98.00,323.00,1,0,0
11493,3.288,96.40,333.00,1,0,0
11495,3.292,96.40,316.00,1,0,0
11498,3.292,100.40,331.00,1,0,0
11500,3.292,98.10,321.00,1,0,0
11502,3.288,97.60,321.00,1,0,0
11505,3.288,96.40,318.00,1,0,0
11507,3.292,99.90,318.00,1,0,0
11510,3.288,97.40,319.00,1,0,0
11512,3.288,97.00,319.00,1,0,0
11515,3.288,96.70,318.00,1,0,0
11517,3.288,97.80,323.00,1,0,0
11530,3.288,96.80,329.00,1,0,0
11532,3.288,99.90,329.00,1,0,0
11535,3.292,98.90,326.00,1,0,0
11537,3.292,100.20,328.00,1,0,0
11540,3.288,97.00,319.00,1,0,0
11542,3.292,100.30,331.00,1,0,0
11545,3.276,91.80,319.00,1,0,0
11547,3.288,100.30,329.00,1,0,0
11550,3.288,98.80,326.00,1,0,0
11552,3.292,97.80,326.00,1,0,0
11555,3.292,96.80,318.00,1,0,0
11557,3.288,96.20,316.00,1,0,0
11560,3.288,100.10,329.00,1,0,0
11572,3.292,90.50,318.00,1,0,0
11575,3.288,100.50,331.00,1,0,0
11577,3.288,96.70,318.00,1,0,0
11580,3.292,101.10,333.00,1,0,0
11582,3.288,96.70,321.00,1,0,0
11585,3.288,92.10,303.00,1,0,0
11587,3.288,102.50,338.00,1,0,0
11590,3.288,98.00,316.00,1,0,0
11592,3.288,97.90,321.00,1,0,0
11595,3.288,97.00,319.00,1,0,0
11597,3.288,98.10,329.00,1,0,0
11600,3.288,99.90,328.00,1,0,0
11602,3.288,97.50,321.00,1,0,0
11605,3.280,97.30,319.00,1,0,0
11617,3.288,96.60,318.00,1,0,0
11620,3.288,97.10,319.00,1,0,0
11622,3.288,97.30,321.00,1,0,0
11625,3.280,97.50,321.00,1,0,0
11627,3.288,97.50,321.00,1,0,0
11630,3.288,97.70,321.00,1,0,0
11632,3.276,91.70,323.00,1,0,0
11635,3.288,96.90,318.00,1,0,0
11637,3.292,100.20,329.00,1,0,0
11640,3.288,96.40,323.00,1,0,0
11642,3.292,97.60,321.00,1,0,0
11644,3.280,92.00,303.00,1,0,0
11647,3.288,99.20,331.00,1,0,0
11649,3.292,102.30,336.00,1,0,0
11662,3.292,97.40,319.00,1,0,0
11665,3.288,91.90,301.00,1,0,0
11667,3.288,99.50,328.00,1,0,0
11670,3.288,96.70,319.00,1,0,0
11672,3.292,96.30,316.00,1,0,0
11674,3.288,90.50,298.00,1,0,0
11677,3.288,95.00,324.00,1,0,0
11679,3.292,97.30,319.00,1,0,0
11682,3.288,100.60,331.00,1,0,0
11684,3.284,96.80,377.00,1,0,0
11687,3.284,91.70,301.00,1,0,0
11689,3.288,96.50,318.00,1,0,0
11692,3.292,97.70,319.00,1,0,0
11694,3.288,100.00,329.00,1,0,0
11707,3.292,97.50,321.00,1,0,0
11709,3.288,91.80,301.00,1,0,0
11712,3.288,101.30,333.00,1,0,0
11714,3.288,97.30,329.00,1,0,0
11717,3.288,100.00,329.00,1,0,0
11719,3.288,96.50,318.00,1,0,0
11722,3.292,96.50,331.00,1,0,0
11724,3.292,97.80,323.00,1,0,0
11727,3.288,98.90,326.00,1,0,0
11729,3.288,125.30,310.00,1,0,0
11732,3.288,101.90,336.00,1,0,0
11734,3.292,96.30,316.00,1,0,0
11737,3.288,96.50,318.00,1,0,0
11749,3.284,115.10,315.00,1,0,0
11752,3.292,96.30,316.00,1,0,0
11754,3.292,96.50,318.00,1,0,0
11757,3.288,98.10,319.00,1,0,0
11759,3.288,98.30,323.00,1,0,0
11762,3.288,98.30,323.00,1,0,0
11764,3.288,97.40,318.00,1,0,0
11767,3.288,100.10,329.00,1,0,0
11769,3.280,104.40,344.00,1,0,0
11772,3.288,97.30,319.00,1,0,0
11774,3.288,99.70,328.00,1,0,0
11777,3.288,90.20,297.00,1,0,0
11779,3.292,97.10,319.00,1,0,0
11781,3.288,99.90,328.00,1,0,0
11794,3.288,97.20,321.00,1,0,0
11797,3.288,100.40,331.00,1,0,0
11799,3.288,98.00,323.00,1,0,0
11802,3.288,96.20,316.00,1,0,0
11804,3.292,97.00,319.00,1,0,0
11807,3.292,100.40,329.00,1,0,0
11809,3.292,103.30,321.00,1,0,0
11811,3.292,91.80,301.00,1,0,0
11814,3.292,100.80,333.00,1,0,0
11816,3.288,97.20,318.00,1,0,0
11819,3.292,100.00,329.00,1,0,0
11821,3.288,96.70,318.00,1,0,0
11824,3.288,98.80,321.00,1,0,0
11837,3.288,97.00,331.00,1,0,0
11839,3.288,97.70,321.00,1,0,0
11841,3.292,97.10,319.00,1,0,0
11844,3.288,101.70,334.00,1,0,0
11846,3.288,101.90,319.00,1,0,0
11849,3.292,96.00,316.00,1,0,0
11851,3.292,100.40,331.00,1,0,0
11854,3.292,98.30,319.00,1,0,0
11856,3.288,97.40,319.00,1,0,0
11859,3.288,99.50,328.00,1,0,0
11861,3.288,96.50,331.00,1,0,0
11864,3.292,101.10,333.00,1,0,0
11866,3.288,96.80,318.00,1,0,0
11879,3.288,90.30,297.00,1,0,0
11881,3.288,101.00,318.00,1,0,0
11884,3.292,99.90,328.00,1,0,0
11886,3.292,100.70,331.00,1,0,0
11889,3.292,94.80,293.00,1,0,0
11891,3.276,93.80,308.00,1,0,0
11894,3.280,100.80,331.00,1,0,0
11896,3.288,100.00,318.00,1,0,0
11899,3.288,97.10,319.00,1,0,0
11901,3.288,98.50,324.00,1,0,0
11904,3.288,97.90,329.00,1,0,0
11906,3.292,102.80,339.00,1,0,0
11909,3.292,131.30,431.00,1,0,0
11921,3.292,99.00,326.00,1,0,0
11924,3.288,96.70,318.00,1,0,0
11926,3.288,96.70,316.00,1,0,0
11929,3.288,100.60,329.00,1,0,0
11931,3.284,97.20,319.00,1,0,0
11934,3.292,97.60,323.00,1,0,0
11936,3.292,99.50,328.00,1,0,0
11939,3.288,98.30,323.00,1,0,0
11941,3.288,99.80,319.00,1,0,0
11944,3.288,96.00,316.00,1,0,0
11946,3.292,101.20,333.00,1,0,0
11948,3.288,97.10,301.00,1,0,0
11951,3.284,100.00,329.00,1,0,0
11953,3.288,98.90,324.00,1,0,0
11966,3.288,98.30,324.00,1,0,0
11969,3.288,102.00,334.00,1,0,0
11971,3.288,99.90,329.00,1,0,0
11973,3.288,96.50,318.00,1,0,0
11976,3.288,100.90,333.00,1,0,0
11978,3.292,96.50,318.00,1,0,0
11981,3.288,90.40,297.00,1,0,0
11983,3.288,97.10,319.00,1,0,0
11986,3.292,98.50,323.00,1,0,0
11988,3.288,121.90,401.00,1,0,0
11991,3.288,96.70,318.00,1,0,0
11993,3.288,99.10,303.00,1,0,0
11996,3.288,99.90,329.00,1,0,0
11998,3.288,98.20,323.00,1,0,0
12011,3.288,91.60,301.00,1,0,0
12013,3.288,96.90,328.00,1,0,0
12016,3.288,97.00,319.00,1,0,0
12018,3.288,98.50,324.00,1,0,0
12021,3.292,97.40,329.00,1,0,0
12023,3.288,96.60,318.00,1,0,0
12026,3.292,96.50,318.00,1,0,0
12028,3.288,96.90,303.00,1,0,0
12031,3.288,98.90,319.00,1,0,0
12033,3.288,99.30,326.00,1,0,0
12036,3.284,100.80,333.00,1,0,0
12038,3.288,102.20,329.00,1,0,0
12041,3.288,96.50,318.00,1,0,0
12043,3.292,96.90,319.00,1,0,0
12056,3.288,96.60,318.00,1,0,0
12058,3.288,96.90,318.00,1,0,0
12061,3.296,96.40,318.00,1,0,0
12063,3.292,100.10,329.00,1,0,0
12066,3.292,100.70,331.00,1,0,0
12068,3.288,105.50,346.00,1,0,0
12071,3.284,96.90,318.00,1,0,0
12073,3.292,94.70,329.00,1,0,0
12076,3.292,96.40,316.00,1,0,0
12078,3.292,97.30,319.00,1,0,0
12081,3.288,98.90,333.00,1,0,0
12083,3.288,90.10,297.00,1,0,0
12086,3.288,96.90,319.00,1,0,0
12088,3.288,96.80,347.00,1,0,0
12101,3.292,98.00,329.00,1,0,0
12103,3.292,97.10,319.00,1,0,0
12106,3.292,96.40,318.00,1,0,0
12108,3.292,96.70,321.00,1,0,0
12111,3.288,97.60,328.00,1,0,0
12113,3.292,98.30,324.00,1,0,0
12116,3.292,98.90,326.00,1,0,0
12118,3.292,97.00,323.00,1,0,0
12121,3.292,97.00,319.00,1,0,0
12123,3.292,97.20,319.00,1,0,0
12125,3.292,97.20,321.00,1,0,0
12128,3.288,96.50,316.00,1,0,0
12130,3.288,96.80,318.00,1,0,0
12133,3.288,99.90,319.00,1,0,0
12146,3.292,98.40,329.00,1,0,0
12148,3.288,101.70,334.00,1,0,0
12151,3.288,96.40,318.00,1,0,0
12153,3.292,100.40,318.00,1,0,0
12155,3.292,98.50,324.00,1,0,0
12158,3.288,96.70,318.00,1,0,0
12160,3.292,100.10,324.00,1,0,0
12163,3.292,97.70,321.00,1,0,0
12165,3.292,97.00,319.00,1,0,0
12168,3.292,96.80,336.00,1,0,0
12170,3.276,97.00,319.00,1,0,0
12173,3.292,97.00,319.00,1,0,0
12175,3.288,97.10,326.00,1,0,0
12178,3.292,98.00,323.00,1,0,0
12190,3.288,96.70,319.00,1,0,0
12193,3.292,97.40,321.00,1,0,0
12195,3.288,97.40,321.00,1,0,0
12198,3.288,101.10,301.00,1,0,0
12200,3.288,98.90,326.00,1,0,0
12203,3.292,96.40,318.00,1,0,0
12205,3.292,96.80,319.00,1,0,0
12208,3.292,96.60,316.00,1,0,0
12210,3.288,101.90,334.00,1,0,0
12213,3.288,97.70,321.00,1,0,0
12215,3.288,97.10,319.00,1,0,0
12218,3.292,96.50,318.00,1,0,0
12220,3.292,97.30,318.00,1,0,0
12223,3.292,97.20,319.00,1,0,0
12235,3.288,99.40,326.00,1,0,0
12238,3.292,97.00,319.00,1,0,0
12240,3.292,100.10,326.00,1,0,0
12243,3.292,98.60,324.00,1,0,0
12245,3.296,95.70,315.00,1,0,0
12248,3.292,98.00,403.00,1,0,0
12250,3.288,101.00,333.00,1,0,0
12253,3.292,96.70,318.00,1,0,0
12255,3.292,99.70,329.00,1,0,0
12258,3.292,98.20,328.00,1,0,0
12260,3.292,98.70,324.00,1,0,0
12263,3.288,101.20,333.00,1,0,0
12265,3.292,97.30,318.00,1,0,0
12268,3.292,100.10,329.00,1,0,0
12280,3.288,101.10,333.00,1,0,0
12283,3.288,96.60,318.00,1,0,0
12285,3.292,100.60,328.00,1,0,0
12288,3.288,90.10,297.00,1,0,0
12290,3.276,91.60,301.00,1,0,0
12293,3.288,97.60,326.00,1,0,0
12295,3.292,99.40,326.00,1,0,0
12298,3.288,89.50,295.00,1,0,0
12300,3.288,94.50,316.00,1,0,0
12303,3.288,97.20,319.00,1,0,0
12305,3.288,99.70,328.00,1,0,0
12307,3.288,98.80,323.00,1,0,0
12310,3.272,96.60,318.00,1,0,0
12312,3.292,96.50,318.00,1,0,0
12325,3.292,99.70,328.00,1,0,0
12328,3.292,99.70,328.00,1,0,0
12330,3.292,97.70,301.00,1,0,0
12332,3.288,97.30,319.00,1,0,0
12335,3.288,96.60,318.00,1,0,0
12337,3.292,100.20,321.00,1,0,0
12340,3.288,97.20,319.00,1,0,0
12342,3.288,96.70,318.00,1,0,0
12345,3.292,98.70,318.00,1,0,0
12347,3.292,101.20,333.00,1,0,0
12350,3.288,95.20,311.00,1,0,0
12352,3.292,97.40,319.00,1,0,0
12355,3.288,99.90,329.00,1,0,0
12357,3.292,99.80,329.00,1,0,0
12370,3.288,95.30,313.00,1,0,0
12372,3.288,97.30,321.00,1,0,0
12375,3.288,96.90,318.00,1,0,0
12377,3.288,95.90,316.00,1,0,0
12380,3.292,97.20,319.00,1,0,0
12382,3.292,94.00,310.00,1,0,0
12385,3.288,100.50,331.00,1,0,0
12387,3.288,97.80,321.00,1,0,0
12390,3.272,100.20,306.00,1,0,0
12392,3.288,94.00,310.00,1,0,0
12395,3.288,96.50,318.00,1,0,0
12397,3.292,96.60,321.00,1,0,0
12400,3.296,89.50,295.00,1,0,0
12402,3.288,90.80,298.00,1,0,0
12415,3.288,96.90,319.00,1,0,0
12417,3.292,101.10,321.00,1,0,0
12420,3.288,97.30,319.00,1,0,0
12422,3.292,97.40,319.00,1,0,0
12425,3.292,97.30,318.00,1,0,0
12427,3.288,97.40,321.00,1,0,0
12430,3.288,91.90,301.00,1,0,0
12432,3.292,97.30,321.00,1,0,0
12435,3.292,99.90,328.00,1,0,0
12437,3.288,96.60,318.00,1,0,0
12440,3.292,100.30,328.00,1,0,0
12442,3.288,96.30,316.00,1,0,0
12445,3.288,96.60,318.00,1,0,0
12447,3.292,97.80,321.00,1,0,0
12460,3.288,97.50,321.00,1,0,0
12462,3.288,97.50,331.00,1,0,0
12465,3.288,100.20,329.00,1,0,0
12467,3.288,98.70,324.00,1,0,0
12470,3.268,94.30,324.00,1,0,0
12472,3.288,97.10,319.00,1,0,0
12475,3.288,96.40,316.00,1,0,0
12477,3.292,101.00,318.00,1,0,0
12479,3.288,97.40,319.00,1,0,0
12482,3.292,97.70,321.00,1,0,0
12484,3.292,99.30,328.00,1,0,0
12487,3.292,97.00,319.00,1,0,0
12489,3.272,92.20,303.00,1,0,0
12492,3.292,97.10,316.00,1,0,0
12504,3.288,96.60,313.00,1,0,0
12511,3.288,98.00,323.00,1,0,0
12514,3.292,100.30,331.00,1,0,0
12516,3.288,98.10,323.00,1,0,0
12519,3.292,102.60,334.00,1,0,0
12521,3.288,96.40,316.00,1,0,0
12524,3.292,96.40,318.00,1,0,0
12526,3.292,97.50,321.00,1,0,0
12529,3.292,102.00,336.00,1,0,0
12531,3.292,99.50,328.00,1,0,0
12533,3.292,97.60,324.00,1,0,0
12536,3.292,91.60,301.00,1,0,0
12538,3.292,96.60,318.00,1,0,0
12541,3.292,96.40,323.00,1,0,0
12543,3.292,90.80,298.00,1,0,0
12556,3.292,96.40,316.00,1,0,0
12558,3.292,101.10,333.00,1,0,0
12561,3.292,100.10,323.00,1,0,0
12563,3.284,99.50,328.00,1,0,0
12566,3.288,102.60,338.00,1,0,0
12568,3.288,100.00,385.00,1,0,0
12571,3.288,96.40,318.00,1,0,0
12573,3.292,100.30,331.00,1,0,0
12576,3.288,97.30,319.00,1,0,0
12578,3.292,99.60,321.00,1,0,0
12581,3.288,101.60,334.00,1,0,0
12583,3.288,97.30,319.00,1,0,0
12586,3.292,96.40,316.00,1,0,0
12598,3.288,96.90,319.00,1,0,0
12601,3.288,97.00,319.00,1,0,0
12603,3.288,96.50,318.00,1,0,0
12606,3.288,96.80,318.00,1,0,0
12608,3.288,98.10,323.00,1,0,0
12611,3.280,91.70,301.00,1,0,0
12613,3.288,99.30,328.00,1,0,0
12616,3.288,98.70,324.00,1,0,0
12618,3.288,97.90,323.00,1,0,0
12621,3.292,100.70,318.00,1,0,0
12623,3.292,97.10,319.00,1,0,0
12626,3.292,97.60,321.00,1,0,0
12628,3.288,97.40,338.00,1,0,0
12631,3.288,91.90,301.00,1,0,0
12643,3.288,98.00,323.00,1,0,0
12646,3.288,99.30,326.00,1,0,0
12648,3.288,98.80,324.00,1,0,0
12651,3.288,98.00,331.00,1,0,0
12653,3.288,100.20,329.00,1,0,0
12656,3.288,100.20,329.00,1,0,0
12658,3.288,97.60,324.00,1,0,0
12661,3.288,97.50,321.00,1,0,0
12663,3.288,100.40,331.00,1,0,0
12666,3.288,97.40,329.00,1,0,0
12668,3.292,96.20,315.00,1,0,0
12670,3.288,96.90,319.00,1,0,0
12673,3.288,98.80,321.00,1,0,0
12675,3.288,98.50,324.00,1,0,0
12688,3.288,103.10,338.00,1,0,0
12691,3.288,99.40,328.00,1,0,0
12693,3.288,99.40,328.00,1,0,0
12695,3.288,100.00,329.00,1,0,0
12698,3.292,90.40,297.00,1,0,0
12700,3.288,97.20,319.00,1,0,0
12703,3.288,97.00,319.00,1,0,0
12705,3.292,97.50,321.00,1,0,0
12708,3.288,89.40,293.00,1,0,0
12710,3.276,93.00,301.00,1,0,0
12713,3.288,97.50,321.00,1,0,0
12715,3.288,97.10,319.00,1,0,0
12718,3.292,100.00,318.00,1,0,0
12720,3.288,98.10,323.00,1,0,0
12733,3.288,100.10,329.00,1,0,0
12735,3.288,97.20,319.00,1,0,0
12738,3.288,97.60,321.00,1,0,0
12740,3.288,96.10,316.00,1,0,0
12743,3.288,96.80,318.00,1,0,0
12745,3.288,96.50,331.00,1,0,0
12748,3.292,96.60,316.00,1,0,0
12750,3.284,96.40,316.00,1,0,0
12753,3.292,99.20,319.00,1,0,0
12755,3.288,99.30,328.00,1,0,0
12758,3.288,100.10,329.00,1,0,0
12760,3.292,96.70,326.00,1,0,0
12763,3.288,96.30,316.00,1,0,0
12765,3.292,100.10,329.00,1,0,0
12778,3.288,96.80,318.00,1,0,0
12780,3.292,99.60,328.00,1,0,0
12783,3.292,97.30,318.00,1,0,0
12785,3.288,99.50,328.00,1,0,0
12788,3.288,97.80,321.00,1,0,0
12790,3.296,118.30,306.00,1,0,0
12793,3.292,96.80,318.00,1,0,0
12795,3.292,98.00,323.00,1,0,0
12798,3.292,96.50,318.00,1,0,0
12800,3.292,90.30,297.00,1,0,0
12803,3.292,97.20,321.00,1,0,0
12805,3.292,100.20,329.00,1,0,0
12808,3.292,97.10,319.00,1,0,0
12810,3.292,89.30,293.00,1,0,0
12823,3.292,97.00,319.00,1,0,0
12825,3.288,96.70,319.00,1,0,0
12828,3.292,97.60,319.00,1,0,0
12830,3.288,95.70,315.00,1,0,0
12833,3.292,100.00,329.00,1,0,0
12835,3.292,97.20,319.00,1,0,0
12838,3.288,99.40,328.00,1,0,0
12840,3.288,97.30,319.00,1,0,0
12842,3.292,93.30,306.00,1,0,0
12845,3.288,93.20,306.00,1,0,0
12847,3.288,96.60,318.00,1,0,0
12850,3.272,91.90,321.00,1,0,0
12852,3.292,97.90,321.00,1,0,0
12855,3.292,98.10,323.00,1,0,0
12867,3.288,97.90,321.00,1,0,0
12870,3.284,91.80,321.00,1,0,0
12872,3.288,96.40,316.00,1,0,0
12875,3.292,100.60,331.00,1,0,0
12877,3.292,97.70,331.00,1,0,0
12880,3.292,100.30,331.00,1,0,0
12882,3.292,100.30,331.00,1,0,0
12885,3.292,98.80,328.00,1,0,0
12887,3.288,100.70,331.00,1,0,0
12890,3.288,93.40,306.00,1,0,0
12892,3.292,96.30,329.00,1,0,0
12895,3.292,100.10,329.00,1,0,0
12897,3.288,96.90,319.00,1,0,0
12910,3.280,97.00,319.00,1,0,0
12912,3.288,89.20,293.00,1,0,0
12915,3.288,99.60,321.00,1,0,0
12917,3.288,96.80,318.00,1,0,0
12920,3.288,100.00,329.00,1,0,0
12922,3.288,101.70,321.00,1,0,0
12925,3.288,96.50,318.00,1,0,0
12927,3.292,96.60,318.00,1,0,0
12930,3.272,91.70,324.00,1,0,0
12932,3.292,100.20,329.00,1,0,0
12935,3.288,98.60,324.00,1,0,0
12937,3.288,97.50,329.00,1,0,0
12940,3.292,96.80,318.00,1,0,0
12942,3.292,96.80,318.00,1,0,0
12955,3.288,96.60,318.00,1,0,0
12957,3.288,96.40,318.00,1,0,0
12960,3.296,100.30,329.00,1,0,0
12962,3.292,99.30,326.00,1,0,0
12965,3.288,98.90,328.00,1,0,0
12967,3.292,100.10,329.00,1,0,0
12970,3.292,94.00,310.00,1,0,0
12972,3.288,96.40,316.00,1,0,0
12975,3.292,98.40,318.00,1,0,0
12977,3.292,98.00,323.00,1,0,0
12979,3.288,97.60,321.00,1,0,0
12982,3.288,97.80,328.00,1,0,0
12984,3.288,100.40,331.00,1,0,0
12987,3.288,96.70,318.00,1,0,0
13000,3.288,97.10,319.00,1,0,0
13002,3.288,96.30,319.00,1,0,0
13004,3.288,90.40,297.00,1,0,0
13007,3.288,100.90,333.00,1,0,0
13009,3.280,99.90,329.00,1,0,0
13012,3.292,92.20,303.00,1,0,0
13014,3.288,96.80,318.00,1,0,0
13017,3.288,97.10,305.00,1,0,0
13019,3.288,100.70,331.00,1,0,0
13022,3.288,96.40,318.00,1,0,0
13024,3.292,99.70,328.00,1,0,0
13027,3.292,99.70,318.00,1,0,0
13029,3.288,92.00,303.00,1,0,0
13032,3.288,99.70,328.00,1,0,0
13044,3.292,97.20,319.00,1,0,0
13047,3.292,97.70,328.00,1,0,0
13049,3.288,99.20,326.00,1,0,0
13052,3.288,96.70,318.00,1,0,0
13054,3.288,97.60,319.00,1,0,0
13057,3.292,97.90,323.00,1,0,0
13059,3.288,96.90,318.00,1,0,0
13062,3.292,98.00,319.00,1,0,0
13064,3.288,100.20,329.00,1,0,0
13067,3.288,97.30,319.00,1,0,0
13069,3.288,121.80,313.00,1,0,0
13072,3.292,96.80,318.00,1,0,0
13074,3.288,96.40,318.00,1,0,0
13077,3.288,97.20,319.00,1,0,0
13089,3.276,94.90,319.00,1,0,0
13092,3.292,100.10,329.00,1,0,0
13094,3.288,99.50,328.00,1,0,0
13097,3.288,102.00,331.00,1,0,0
13099,3.292,97.00,331.00,1,0,0
13102,3.292,96.40,318.00,1,0,0
13104,3.292,99.90,329.00,1,0,0
13107,3.288,95.50,297.00,1,0,0
13109,3.288,92.00,301.00,1,0,0
13112,3.284,98.70,324.00,1,0,0
13114,3.288,98.00,326.00,1,0,0
13117,3.288,89.50,295.00,1,0,0
13119,3.288,94.10,310.00,1,0,0
13121,3.288,92.10,311.00,1,0,0
13134,3.288,99.50,318.00,1,0,0
13137,3.292,96.40,316.00,1,0,0
13139,3.292,100.00,329.00,1,0,0
13142,3.288,97.40,319.00,1,0,0
13144,3.288,98.90,326.00,1,0,0
13146,3.288,97.90,321.00,1,0,0
13149,3.288,102.40,319.00,1,0,0
13151,3.276,91.70,318.00,1,0,0
13154,3.288,96.60,318.00,1,0,0
13156,3.292,98.00,323.00,1,0,0
13159,3.288,97.10,321.00,1,0,0
13161,3.288,98.10,323.00,1,0,0
13164,3.288,96.70,318.00,1,0,0
13166,3.292,100.90,324.00,1,0,0
13179,3.288,96.40,319.00,1,0,0
13181,3.288,96.70,318.00,1,0,0
13184,3.292,101.00,333.00,1,0,0
13186,3.288,97.60,318.00,1,0,0
13189,3.292,89.10,293.00,1,0,0
13191,3.288,99.30,328.00,1,0,0
13194,3.292,97.40,319.00,1,0,0
13196,3.292,96.70,318.00,1,0,0
13199,3.288,100.10,329.00,1,0,0
13201,3.288,96.70,319.00,1,0,0
13204,3.288,99.30,328.00,1,0,0
13206,3.292,99.90,329.00,1,0,0
13209,3.288,101.70,297.00,1,0,0
13211,3.288,107.30,352.00,1,0,0
13224,3.292,89.20,329.00,1,0,0
13226,3.292,99.20,326.00,1,0,0
13229,3.292,106.30,349.00,1,0,0
13231,3.288,96.90,321.00,1,0,0
13234,3.288,97.60,321.00,1,0,0
13236,3.292,97.00,319.00,1,0,0
13239,3.288,97.20,321.00,1,0,0
13241,3.288,98.20,323.00,1,0,0
13244,3.292,101.40,334.00,1,0,0
13246,3.288,97.50,323.00,1,0,0
13249,3.292,102.10,336.00,1,0,0
13251,3.276,89.60,295.00,1,0,0
13253,3.292,98.70,321.00,1,0,0
13256,3.288,96.80,318.00,1,0,0
13269,3.292,99.80,303.00,1,0,0
13271,3.292,100.50,331.00,1,0,0
13274,3.288,100.20,329.00,1,0,0
13276,3.292,99.70,331.00,1,0,0
13278,3.292,96.50,318.00,1,0,0
13281,3.288,97.20,319.00,1,0,0
13283,3.288,97.70,326.00,1,0,0
13286,3.288,101.00,333.00,1,0,0
13288,3.288,96.90,318.00,1,0,0
13291,3.288,100.70,323.00,1,0,0
13293,3.288,97.30,319.00,1,0,0
13296,3.292,96.60,318.00,1,0,0
13298,3.292,100.50,331.00,1,0,0
13311,3.288,97.40,298.00,1,0,0
13313,3.292,97.00,319.00,1,0,0
13316,3.292,97.10,319.00,1,0,0
13318,3.292,99.90,334.00,1,0,0
13321,3.288,89.10,293.00,1,0,0
13323,3.288,90.20,297.00,1,0,0
13326,3.288,92.00,310.00,1,0,0
13328,3.292,106.60,351.00,1,0,0
13331,3.292,94.90,311.00,1,0,0
13333,3.292,97.50,318.00,1,0,0
13336,3.288,101.20,333.00,1,0,0
13338,3.288,100.20,329.00,1,0,0
13341,3.292,96.50,318.00,1,0,0
13343,3.288,98.80,316.00,1,0,0
13356,3.292,97.00,319.00,1,0,0
13358,3.288,96.70,318.00,1,0,0
13361,3.288,94.50,311.00,1,0,0
13363,3.292,96.60,319.00,1,0,0
13366,3.288,98.30,323.00,1,0,0
13368,3.288,97.00,318.00,1,0,0
13371,3.288,93.70,319.00,1,0,0
13373,3.292,96.50,318.00,1,0,0
13376,3.288,96.60,318.00,1,0,0
13378,3.288,97.00,321.00,1,0,0
13381,3.292,100.00,329.00,1,0,0
13383,3.292,99.00,326.00,1,0,0
13385,3.292,99.80,329.00,1,0,0
13388,3.292,103.60,339.00,1,0,0
13401,3.292,99.70,319.00,1,0,0
13403,3.288,99.60,328.00,1,0,0
13406,3.288,98.40,323.00,1,0,0
13408,3.292,96.80,401.00,1,0,0
13411,3.284,97.00,319.00,1,0,0
13413,3.288,96.70,318.00,1,0,0
13415,3.288,90.20,318.00,1,0,0
13418,3.288,100.10,329.00,1,0,0
13420,3.288,101.50,334.00,1,0,0
13423,3.288,96.50,310.00,1,0,0
13425,3.288,89.40,293.00,1,0,0
13428,3.292,94.40,310.00,1,0,0
13430,3.276,92.00,321.00,1,0,0
13433,3.288,97.80,321.00,1,0,0
13445,3.292,92.50,305.00,1,0,0
13448,3.288,97.50,319.00,1,0,0
13450,3.288,89.10,321.00,1,0,0
13453,3.288,97.50,321.00,1,0,0
13455,3.288,100.30,331.00,1,0,0
13458,3.292,96.70,319.00,1,0,0
13460,3.292,96.60,318.00,1,0,0
13463,3.288,99.20,326.00,1,0,0
13465,3.288,100.20,329.00,1,0,0
13468,3.288,97.60,334.00,1,0,0
13470,3.272,100.60,331.00,1,0,0
13473,3.288,100.70,331.00,1,0,0
13475,3.292,96.60,331.00,1,0,0
13488,3.288,96.40,346.00,1,0,0
13490,3.292,96.20,316.00,1,0,0
13493,3.288,98.70,324.00,1,0,0
13495,3.288,98.00,328.00,1,0,0
13498,3.292,98.30,323.00,1,0,0
13500,3.288,96.90,318.00,1,0,0
13503,3.288,96.50,318.00,1,0,0
13505,3.292,96.80,318.00,1,0,0
13508,3.292,97.20,319.00,1,0,0
13510,3.288,94.40,326.00,1,0,0
13513,3.292,98.10,323.00,1,0,0
13515,3.292,97.40,319.00,1,0,0
13518,3.288,90.10,297.00,1,0,0
13520,3.288,96.30,316.00,1,0,0
13533,3.288,96.70,323.00,1,0,0
13535,3.292,96.40,318.00,1,0,0
13538,3.288,94.40,311.00,1,0,0
13540,3.288,98.20,319.00,1,0,0
13543,3.288,97.70,321.00,1,0,0
13545,3.288,100.00,329.00,1,0,0
13548,3.288,100.50,329.00,1,0,0
13550,3.280,99.70,328.00,1,0,0
13553,3.292,97.90,323.00,1,0,0
13555,3.292,100.10,319.00,1,0,0
13557,3.288,97.30,321.00,1,0,0
13560,3.288,97.40,321.00,1,0,0
13562,3.288,96.70,318.00,1,0,0
13565,3.292,100.20,329.00,1,0,0
13578,3.288,100.40,329.00,1,0,0
13580,3.292,96.50,318.00,1,0,0
13582,3.288,96.80,329.00,1,0,0
13585,3.288,96.40,323.00,1,0,0
13587,3.288,97.10,319.00,1,0,0
13590,3.288,91.40,300.00,1,0,0
13592,3.288,100.70,318.00,1,0,0
13595,3.288,97.30,319.00,1,0,0
13597,3.288,97.60,321.00,1,0,0
13600,3.288,97.50,319.00,1,0,0
13602,3.288,97.70,321.00,1,0,0
13605,3.288,97.40,319.00,1,0,0
13607,3.288,97.30,319.00,1,0,0
13610,3.288,97.50,321.00,1,0,0
13622,3.292,96.90,318.00,1,0,0
13625,3.292,98.00,323.00,1,0,0
13627,3.288,101.10,316.00,1,0,0
13630,3.280,90.10,297.00,1,0,0
13632,3.288,91.50,301.00,1,0,0
13635,3.288,96.00,321.00,1,0,0
13637,3.288,97.10,319.00,1,0,0
13640,3.288,100.50,331.00,1,0,0
13642,3.288,97.10,328.00,1,0,0
13645,3.288,97.80,323.00,1,0,0
13647,3.292,96.80,318.00,1,0,0
13650,3.276,119.70,300.00,1,0,0
13652,3.292,96.90,318.00,1,0,0
13655,3.292,98.90,326.00,1,0,0
13667,3.288,96.70,318.00,1,0,0
13670,3.272,89.30,293.00,1,0,0
13672,3.288,98.40,329.00,1,0,0
13675,3.292,100.90,333.00,1,0,0
13677,3.288,100.70,331.00,1,0,0
13680,3.292,97.20,318.00,1,0,0
13682,3.292,96.60,318.00,1,0,0
13685,3.292,100.30,331.00,1,0,0
13687,3.292,97.80,326.00,1,0,0
13690,3.288,89.40,293.00,1,0,0
13692,3.288,100.00,329.00,1,0,0
13695,3.288,96.30,318.00,1,0,0
13697,3.288,96.80,318.00,1,0,0
13710,3.288,96.30,316.00,1,0,0
13712,3.292,97.90,321.00,1,0,0
13715,3.268,92.40,321.00,1,0,0
13717,3.288,97.40,319.00,1,0,0
13720,3.288,100.70,331.00,1,0,0
13722,3.292,100.70,323.00,1,0,0
13724,3.288,90.00,297.00,1,0,0
13727,3.292,98.80,324.00,1,0,0
13729,3.292,96.90,318.00,1,0,0
13732,3.292,89.80,295.00,1,0,0
13734,3.288,89.30,293.00,1,0,0
13737,3.292,90.40,297.00,1,0,0
13739,3.292,96.90,324.00,1,0,0
13742,3.288,97.40,319.00,1,0,0
13754,3.288,94.60,311.00,1,0,0
13757,3.292,96.50,318.00,1,0,0
13759,3.288,97.20,318.00,1,0,0
13762,3.292,99.70,328.00,1,0,0
13764,3.288,97.00,319.00,1,0,0
13767,3.288,96.70,318.00,1,0,0
13769,3.288,99.30,328.00,1,0,0
13772,3.288,96.70,318.00,1,0,0
13774,3.284,117.20,311.00,1,0,0
13777,3.288,99.90,329.00,1,0,0
13779,3.288,97.10,319.00,1,0,0
13782,3.288,97.30,323.00,1,0,0
13784,3.288,97.90,321.00,1,0,0
13787,3.288,97.50,321.00,1,0,0
13799,3.288,97.80,321.00,1,0,0
13802,3.288,99.50,328.00,1,0,0
13804,3.292,98.10,318.00,1,0,0
13807,3.288,100.00,329.00,1,0,0
13809,3.292,99.40,328.00,1,0,0
13812,3.292,100.00,326.00,1,0,0
13814,3.292,116.60,383.00,1,0,0
13817,3.288,100.90,331.00,1,0,0
13819,3.288,99.30,318.00,1,0,0
13822,3.288,99.60,328.00,1,0,0
13824,3.288,89.90,295.00,1,0,0
13827,3.292,96.20,318.00,1,0,0
13829,3.292,97.90,323.00,1,0,0
13842,3.292,99.80,329.00,1,0,0
13844,3.292,96.80,318.00,1,0,0
13847,3.292,96.90,318.00,1,0,0
13849,3.292,100.20,329.00,1,0,0
13852,3.292,100.70,331.00,1,0,0
13854,3.284,120.00,395.00,1,0,0
13857,3.288,100.10,329.00,1,0,0
13859,3.292,96.40,316.00,1,0,0
13861,3.288,97.70,321.00,1,0,0
13864,3.288,97.80,319.00,1,0,0
13866,3.288,101.20,333.00,1,0,0
13869,3.288,98.50,324.00,1,0,0
13871,3.288,96.50,316.00,1,0,0
13884,3.288,97.10,323.00,1,0,0
13887,3.292,101.30,334.00,1,0,0
13889,3.292,91.50,301.00,1,0,0
13891,3.292,96.60,319.00,1,0,0
13894,3.292,93.90,308.00,1,0,0
13896,3.292,98.70,324.00,1,0,0
13899,3.288,97.90,319.00,1,0,0
13901,3.288,98.20,323.00,1,0,0
13904,3.292,101.30,334.00,1,0,0
13906,3.292,100.10,328.00,1,0,0
13909,3.292,97.90,321.00,1,0,0
13911,3.288,98.00,323.00,1,0,0
13914,3.292,106.90,351.00,1,0,0
13926,3.288,90.00,297.00,1,0,0
13929,3.288,97.60,329.00,1,0,0
13931,3.292,97.50,321.00,1,0,0
13934,3.292,105.50,347.00,1,0,0
13936,3.288,92.60,293.00,1,0,0
13939,3.288,90.30,297.00,1,0,0
13941,3.292,96.90,319.00,1,0,0
13944,3.292,99.90,329.00,1,0,0
13946,3.292,97.60,321.00,1,0,0
13949,3.288,96.80,318.00,1,0,0
13951,3.288,100.30,321.00,1,0,0
13954,3.292,112.40,370.00,1,0,0
13956,3.292,97.00,319.00,1,0,0
13959,3.292,98.60,323.00,1,0,0
13971,3.288,96.40,318.00,1,0,0
13974,3.288,96.20,316.00,1,0,0
13976,3.292,97.70,321.00,1,0,0
13979,3.292,99.80,329.00,1,0,0
13981,3.288,100.20,319.00,1,0,0
13984,3.292,100.70,331.00,1,0,0
13986,3.292,100.20,329.00,1,0,0
13989,3.292,97.00,321.00,1,0,0
13991,3.292,100.50,331.00,1,0,0
13994,3.288,103.60,341.00,1,0,0
13996,3.288,97.60,331.00,1,0,0
13999,3.292,102.90,339.00,1,0,0
14001,3.288,97.20,319.00,1,0,0
14014,3.288,108.40,356.00,1,0,0
14016,3.288,96.60,318.00,1,0,0
14019,3.288,99.80,329.00,1,0,0
14021,3.288,96.70,318.00,1,0,0
14024,3.288,97.80,321.00,1,0,0
14026,3.288,97.20,319.00,1,0,0
14029,3.292,90.50,298.00,1,0,0
14031,3.288,97.30,326.00,1,0,0
14033,3.292,101.80,336.00,1,0,0
14036,3.292,113.30,372.00,1,0,0
14038,3.292,96.30,316.00,1,0,0
14041,3.288,97.80,326.00,1,0,0
14043,3.288,93.50,308.00,1,0,0
14046,3.292,100.80,331.00,1,0,0
14058,3.288,97.90,321.00,1,0,0
14061,3.288,97.70,321.00,1,0,0
14063,3.288,96.90,319.00,1,0,0
14066,3.292,97.20,319.00,1,0,0
14068,3.292,97.10,319.00,1,0,0
14071,3.288,93.70,308.00,1,0,0
14073,3.288,99.80,328.00,1,0,0
14076,3.288,96.40,297.00,1,0,0
14078,3.288,94.70,311.00,1,0,0
14081,3.292,96.70,318.00,1,0,0
14083,3.292,96.70,318.00,1,0,0
14086,3.288,97.40,319.00,1,0,0
14088,3.292,97.80,323.00,1,0,0
14091,3.288,96.90,338.00,1,0,0
14103,3.292,99.90,329.00,1,0,0
14106,3.288,97.40,329.00,1,0,0
14108,3.292,96.80,318.00,1,0,0
14111,3.292,96.40,316.00,1,0,0
14113,3.292,99.80,342.00,1,0,0
14116,3.276,96.90,318.00,1,0,0
14118,3.292,97.00,319.00,1,0,0
14121,3.292,100.70,326.00,1,0,0
14123,3.292,99.90,329.00,1,0,0
14126,3.292,101.70,334.00,1,0,0
14128,3.292,96.80,336.00,1,0,0
14131,3.292,90.00,297.00,1,0,0
14133,3.288,97.40,319.00,1,0,0
14136,3.288,95.70,326.00,1,0,0
14148,3.292,99.40,319.00,1,0,0
14151,3.292,100.50,331.00,1,0,0
14153,3.292,96.60,315.00,1,0,0
14156,3.288,95.90,319.00,1,0,0
14158,3.288,96.30,316.00,1,0,0
14161,3.288,97.00,319.00,1,0,0
14163,3.292,96.60,329.00,1,0,0
14166,3.292,99.80,329.00,1,0,0
14168,3.292,97.20,319.00,1,0,0
14170,3.292,99.70,329.00,1,0,0
14173,3.292,108.50,356.00,1,0,0
14175,3.284,97.30,319.00,1,0,0
14178,3.288,96.80,318.00,1,0,0
14180,3.292,97.00,321.00,1,0,0
14193,3.292,100.20,398.00,1,0,0
14196,3.288,100.70,331.00,1,0,0
14198,3.288,96.80,318.00,1,0,0
14200,3.292,100.60,319.00,1,0,0
14203,3.288,99.70,328.00,1,0,0
14205,3.288,97.30,319.00,1,0,0
14208,3.288,100.20,323.00,1,0,0
14210,3.292,100.00,329.00,1,0,0
14213,3.292,99.10,326.00,1,0,0
14215,3.288,117.70,301.00,1,0,0
14218,3.288,100.00,329.00,1,0,0
14220,3.288,102.40,338.00,1,0,0
14223,3.292,100.00,329.00,1,0,0
14235,3.292,90.20,297.00,1,0,0
14238,3.288,94.20,323.00,1,0,0
14240,3.288,96.80,318.00,1,0,0
14243,3.292,98.20,323.00,1,0,0
14245,3.288,96.40,324.00,1,0,0
14248,3.288,91.90,301.00,1,0,0
14250,3.288,101.30,333.00,1,0,0
14253,3.288,97.10,331.00,1,0,0
14255,3.276,96.70,318.00,1,0,0
14258,3.288,96.40,316.00,1,0,0
14260,3.292,96.40,316.00,1,0,0
14263,3.292,97.80,321.00,1,0,0
14265,3.288,97.70,321.00,1,0,0
14268,3.292,97.50,311.00,1,0,0
14280,3.288,96.70,318.00,1,0,0
14283,3.288,97.70,321.00,1,0,0
14285,3.288,99.40,326.00,1,0,0
14288,3.288,96.80,318.00,1,0,0
14290,3.292,100.60,331.00,1,0,0
14293,3.288,97.00,319.00,1,0,0
14295,3.292,93.30,319.00,1,0,0
14298,3.288,99.40,328.00,1,0,0
14300,3.292,96.80,318.00,1,0,0
14303,3.288,101.20,333.00,1,0,0
14305,3.288,96.80,316.00,1,0,0
14308,3.288,101.70,334.00,1,0,0
14310,3.288,97.50,321.00,1,0,0
14312,3.292,96.60,323.00,1,0,0
14325,3.288,96.60,318.00,1,0,0
14328,3.292,97.50,321.00,1,0,0
14330,3.292,97.70,321.00,1,0,0
14333,3.288,101.30,318.00,1,0,0
14335,3.272,90.10,297.00,1,0,0
14338,3.288,95.30,313.00,1,0,0
14340,3.292,99.80,326.00,1,0,0
14342,3.288,93.70,308.00,1,0,0
14345,3.288,95.00,313.00,1,0,0
14347,3.288,89.40,324.00,1,0,0
14350,3.288,89.70,295.00,1,0,0
14352,3.288,100.20,329.00,1,0,0
14355,3.284,89.30,331.00,1,0,0
14357,3.292,97.40,319.00,1,0,0
14370,3.288,97.50,319.00,1,0,0
14372,3.288,97.30,319.00,1,0,0
14375,3.292,94.70,311.00,1,0,0
14377,3.292,98.60,326.00,1,0,0
14380,3.292,100.80,333.00,1,0,0
14382,3.288,96.60,318.00,1,0,0
14385,3.288,100.00,329.00,1,0,0
14387,3.292,100.90,333.00,1,0,0
14390,3.288,100.40,331.00,1,0,0
14392,3.292,97.60,319.00,1,0,0
14395,3.284,94.60,311.00,1,0,0
14397,3.288,99.40,326.00,1,0,0
14400,3.288,96.00,329.00,1,0,0
14412,3.292,99.20,318.00,1,0,0
14415,3.272,100.20,329.00,1,0,0
14417,3.292,99.30,326.00,1,0,0
14420,3.292,96.40,318.00,1,0,0
14422,3.292,97.00,321.00,1,0,0
14425,3.288,100.00,329.00,1,0,0
14427,3.288,99.10,326.00,1,0,0
14430,3.292,100.50,324.00,1,0,0
14432,3.288,97.20,319.00,1,0,0
14435,3.288,99.90,329.00,1,0,0
14437,3.292,117.20,293.00,1,0,0
14440,3.288,90.20,297.00,1,0,0
14442,3.288,99.50,328.00,1,0,0
14455,3.288,92.00,303.00,1,0,0
14457,3.288,97.70,321.00,1,0,0
14460,3.288,98.30,323.00,1,0,0
14462,3.288,96.70,318.00,1,0,0
14465,3.292,97.20,336.00,1,0,0
14467,3.292,100.30,331.00,1,0,0
14470,3.292,96.60,318.00,1,0,0
14472,3.288,97.60,319.00,1,0,0
14474,3.288,95.00,313.00,1,0,0
14477,3.288,97.60,321.00,1,0,0
14479,3.288,97.40,324.00,1,0,0
14482,3.288,96.70,329.00,1,0,0
14484,3.292,96.70,318.00,1,0,0
14487,3.292,97.30,319.00,1,0,0
14499,3.292,98.80,326.00,1,0,0
14502,3.292,96.70,319.00,1,0,0
14504,3.288,97.90,323.00,1,0,0
14507,3.292,97.60,321.00,1,0,0
14514,3.292,89.50,293.00,1,0,0
14517,3.288,96.30,318.00,1,0,0
14519,3.292,98.40,321.00,1,0,0
14522,3.288,100.60,331.00,1,0,0
14524,3.288,97.80,321.00,1,0,0
14527,3.288,98.70,328.00,1,0,0
14529,3.292,101.20,333.00,1,0,0
14532,3.292,96.60,318.00,1,0,0
14534,3.292,119.40,293.00,1,0,0
14536,3.288,97.00,319.00,1,0,0
14539,3.292,99.60,328.00,1,0,0
14541,3.288,90.30,301.00,1,0,0
14544,3.288,100.00,329.00,1,0,0
14557,3.288,96.30,316.00,1,0,0
14559,3.288,96.80,318.00,1,0,0
14562,3.288,99.70,318.00,1,0,0
14564,3.292,96.80,318.00,1,0,0
14566,3.288,96.80,318.00,1,0,0
14569,3.288,97.00,319.00,1,0,0
14571,3.288,99.50,328.00,1,0,0
14574,3.280,95.60,315.00,1,0,0
14576,3.288,101.00,328.00,1,0,0
14579,3.288,100.80,333.00,1,0,0
14581,3.292,96.60,318.00,1,0,0
14584,3.288,98.40,323.00,1,0,0
14586,3.288,96.80,318.00,1,0,0
14589,3.288,100.80,331.00,1,0,0
14601,3.288,98.80,324.00,1,0,0
14604,3.292,99.60,328.00,1,0,0
14606,3.288,97.80,329.00,1,0,0
14609,3.292,98.60,324.00,1,0,0
14611,3.288,96.40,318.00,1,0,0
14614,3.292,100.20,298.00,1,0,0
14616,3.288,100.60,331.00,1,0,0
14619,3.288,99.80,329.00,1,0,0
14621,3.288,97.60,333.00,1,0,0
14624,3.292,99.90,329.00,1,0,0
14626,3.292,99.20,326.00,1,0,0
14629,3.292,98.10,318.00,1,0,0
14631,3.292,97.70,321.00,1,0,0
14634,3.292,108.90,359.00,1,0,0
14646,3.292,100.10,329.00,1,0,0
14649,3.288,97.00,326.00,1,0,0
14651,3.292,99.60,328.00,1,0,0
14654,3.288,92.10,303.00,1,0,0
14656,3.288,99.70,295.00,1,0,0
14659,3.288,89.20,293.00,1,0,0
14661,3.288,96.40,316.00,1,0,0
14664,3.292,97.00,319.00,1,0,0
14666,3.288,98.20,321.00,1,0,0
14669,3.288,99.30,326.00,1,0,0
14671,3.292,95.70,315.00,1,0,0
14674,3.292,99.30,313.00,1,0,0
14676,3.292,97.10,319.00,1,0,0
14679,3.288,97.50,321.00,1,0,0
14691,3.288,96.90,318.00,1,0,0
14694,3.288,97.50,319.00,1,0,0
14696,3.288,96.30,316.00,1,0,0
14699,3.288,98.20,323.00,1,0,0
14701,3.292,98.80,319.00,1,0,0
14704,3.292,96.50,318.00,1,0,0
14706,3.288,96.40,316.00,1,0,0
14709,3.292,99.80,318.00,1,0,0
14711,3.292,97.20,319.00,1,0,0
14713,3.288,123.10,405.00,1,0,0
14716,3.284,99.30,331.00,1,0,0
14718,3.292,102.20,336.00,1,0,0
14721,3.288,100.70,331.00,1,0,0
14723,3.288,97.30,329.00,1,0,0
14736,3.288,99.20,326.00,1,0,0
14738,3.292,97.10,318.00,1,0,0
14741,3.288,100.80,331.00,1,0,0
14743,3.292,97.10,319.00,1,0,0
14746,3.288,90.40,295.00,1,0,0
14748,3.288,98.60,324.00,1,0,0
14751,3.292,99.80,329.00,1,0,0
14753,3.296,97.60,338.00,1,0,0
14756,3.276,89.10,293.00,1,0,0
14758,3.288,92.00,303.00,1,0,0
14761,3.288,97.30,319.00,1,0,0
14763,3.292,100.40,329.00,1,0,0
14766,3.292,100.60,331.00,1,0,0
14768,3.288,96.80,334.00,1,0,0
14781,3.292,99.00,329.00,1,0,0
14783,3.292,100.80,333.00,1,0,0
14786,3.292,97.10,319.00,1,0,0
14788,3.292,97.80,318.00,1,0,0
14791,3.292,100.30,319.00,1,0,0
14793,3.292,102.00,336.00,1,0,0
14796,3.280,89.50,295.00,1,0,0
14798,3.292,99.50,329.00,1,0,0
14801,3.292,97.10,319.00,1,0,0
14803,3.288,93.30,306.00,1,0,0
14806,3.292,96.40,318.00,1,0,0
14808,3.292,97.30,319.00,1,0,0
14811,3.288,99.10,326.00,1,0,0
14813,3.288,97.60,351.00,1,0,0
14826,3.288,98.60,323.00,1,0,0
14828,3.292,97.10,319.00,1,0,0
14831,3.292,100.40,331.00,1,0,0
14833,3.292,99.90,385.00,1,0,0
14836,3.288,101.10,333.00,1,0,0
14838,3.292,98.10,323.00,1,0,0
14841,3.292,97.20,321.00,1,0,0
14843,3.292,99.70,328.00,1,0,0
14846,3.292,100.10,329.00,1,0,0
14848,3.292,90.60,297.00,1,0,0
14851,3.288,99.70,328.00,1,0,0
14853,3.292,101.00,331.00,1,0,0
14855,3.288,97.20,321.00,1,0,0
14868,3.292,101.20,333.00,1,0,0
14871,3.292,96.70,318.00,1,0,0
14873,3.292,101.30,331.00,1,0,0
14876,3.292,98.10,323.00,1,0,0
14878,3.292,99.20,321.00,1,0,0
14881,3.288,97.20,319.00,1,0,0
14883,3.288,100.00,329.00,1,0,0
14885,3.288,97.10,333.00,1,0,0
14888,3.292,96.90,319.00,1,0,0
14890,3.288,97.10,319.00,1,0,0
14893,3.288,99.20,336.00,1,0,0
14895,3.288,115.00,378.00,1,0,0
14898,3.288,97.70,321.00,1,0,0
14911,3.288,99.80,329.00,1,0,0
14913,3.292,98.70,392.00,1,0,0
14915,3.288,97.20,319.00,1,0,0
14918,3.292,96.50,318.00,1,0,0
14920,3.292,96.70,318.00,1,0,0
14923,3.288,98.70,326.00,1,0,0
14925,3.292,100.20,329.00,1,0,0
14928,3.288,99.90,329.00,1,0,0
14930,3.288,97.60,323.00,1,0,0
14933,3.288,100.20,329.00,1,0,0
14935,3.276,89.20,293.00,1,0,0
14938,3.292,100.20,329.00,1,0,0
14940,3.288,99.00,326.00,1,0,0
14943,3.288,98.10,323.00,1,0,0
14955,3.288,97.40,319.00,1,0,0
14958,3.288,98.90,329.00,1,0,0
14960,3.292,96.50,318.00,1,0,0
14963,3.288,98.00,323.00,1,0,0
14965,3.288,96.70,318.00,1,0,0
14968,3.292,96.60,318.00,1,0,0
14970,3.288,98.10,323.00,1,0,0
14973,3.288,91.90,349.00,1,0,0
14975,3.276,97.80,321.00,1,0,0
14978,3.292,97.30,321.00,1,0,0
14980,3.288,98.90,318.00,1,0,0
14983,3.288,97.00,319.00,1,0,0
14985,3.292,97.60,321.00,1,0,0
14988,3.288,97.50,326.00,1,0,0
15000,3.288,96.60,318.00,1,0,0
15003,3.292,98.30,329.00,1,0,0
15005,3.292,99.40,326.00,1,0,0
15008,3.288,97.80,321.00,1,0,0
15010,3.288,97.10,323.00,1,0,0
15013,3.288,100.30,329.00,1,0,0
15015,3.292,113.60,374.00,1,0,0
15018,3.292,96.90,318.00,1,0,0
15020,3.288,98.80,326.00,1,0,0
15023,3.288,99.00,326.00,1,0,0
15025,3.292,100.30,321.00,1,0,0
15028,3.292,100.40,329.00,1,0,0
15030,3.288,96.50,318.00,1,0,0
15043,3.292,100.10,329.00,1,0,0
15045,3.292,101.70,318.00,1,0,0
15048,3.288,100.50,331.00,1,0,0
15050,3.292,98.30,324.00,1,0,0
15053,3.288,90.20,303.00,1,0,0
15055,3.284,92.40,303.00,1,0,0
15057,3.288,96.70,318.00,1,0,0
15060,3.288,99.00,326.00,1,0,0
15062,3.288,96.30,318.00,1,0,0
15065,3.288,98.80,326.00,1,0,0
15067,3.288,89.40,293.00,1,0,0
15070,3.288,99.00,329.00,1,0,0
15072,3.292,100.10,329.00,1,0,0
15085,3.288,97.40,319.00,1,0,0
15087,3.288,97.30,319.00,1,0,0
15090,3.288,97.60,321.00,1,0,0
15092,3.292,97.50,321.00,1,0,0
15095,3.288,94.10,310.00,1,0,0
15097,3.292,100.20,318.00,1,0,0
15100,3.288,97.10,319.00,1,0,0
15102,3.292,100.50,331.00,1,0,0
15105,3.288,99.80,329.00,1,0,0
15107,3.292,97.60,321.00,1,0,0
15110,3.292,93.70,308.00,1,0,0
15112,3.292,96.60,319.00,1,0,0
15115,3.276,98.60,324.00,1,0,0
15117,3.296,98.70,324.00,1,0,0
15130,3.292,96.70,318.00,1,0,0
15132,3.292,98.30,324.00,1,0,0
15135,3.272,89.30,321.00,1,0,0
15137,3.288,97.60,321.00,1,0,0
15140,3.288,96.90,319.00,1,0,0
15142,3.288,96.60,326.00,1,0,0
15145,3.292,96.80,318.00,1,0,0
15147,3.288,98.90,324.00,1,0,0
15150,3.288,99.90,321.00,1,0,0
15152,3.292,98.60,324.00,1,0,0
15155,3.288,89.50,295.00,1,0,0
15157,3.292,95.40,318.00,1,0,0
15160,3.292,97.60,321.00,1,0,0
15162,3.292,100.10,329.00,1,0,0
15175,3.288,92.00,303.00,1,0,0
15177,3.288,96.80,321.00,1,0,0
15180,3.288,100.30,331.00,1,0,0
15182,3.292,97.90,321.00,1,0,0
15185,3.288,96.70,318.00,1,0,0
15187,3.288,99.90,321.00,1,0,0
15190,3.288,97.10,319.00,1,0,0
15192,3.288,97.30,319.00,1,0,0
15194,3.284,109.20,315.00,1,0,0
15197,3.288,99.70,328.00,1,0,0
15199,3.292,100.80,333.00,1,0,0
15202,3.288,96.60,318.00,1,0,0
15204,3.292,100.30,331.00,1,0,0
15217,3.288,100.80,333.00,1,0,0
15220,3.288,96.50,318.00,1,0,0
15222,3.292,100.40,331.00,1,0,0
15224,3.292,96.70,318.00,1,0,0
15227,3.292,96.80,318.00,1,0,0
15229,3.288,97.60,329.00,1,0,0
15232,3.288,97.90,321.00,1,0,0
15234,3.288,100.10,328.00,1,0,0
15237,3.288,97.00,318.00,1,0,0
15239,3.292,100.00,329.00,1,0,0
15242,3.292,99.00,326.00,1,0,0
15244,3.288,97.10,324.00,1,0,0
15247,3.292,100.30,329.00,1,0,0
15259,3.288,93.40,328.00,1,0,0
15262,3.292,99.90,329.00,1,0,0
15264,3.292,99.90,329.00,1,0,0
15267,3.292,95.80,295.00,1,0,0
15269,3.288,98.90,324.00,1,0,0
15272,3.288,91.70,300.00,1,0,0
15274,3.288,130.80,305.00,1,0,0
15277,3.292,97.30,319.00,1,0,0
15279,3.288,98.40,323.00,1,0,0
15282,3.288,98.90,329.00,1,0,0
15284,3.292,99.90,329.00,1,0,0
15287,3.288,96.40,316.00,1,0,0
15289,3.288,96.60,318.00,1,0,0
15292,3.288,97.50,321.00,1,0,0
15304,3.288,96.60,318.00,1,0,0
15307,3.292,100.60,331.00,1,0,0
15309,3.292,99.90,328.00,1,0,0
15312,3.288,100.80,329.00,1,0,0
15314,3.292,91.80,301.00,1,0,0
15317,3.292,97.00,319.00,1,0,0
15319,3.292,100.10,316.00,1,0,0
15322,3.292,99.90,329.00,1,0,0
15324,3.292,97.20,319.00,1,0,0
15326,3.292,97.40,319.00,1,0,0
15329,3.288,97.50,321.00,1,0,0
15331,3.288,100.40,331.00,1,0,0
15334,3.288,119.50,301.00,1,0,0
15347,3.288,97.20,324.00,1,0,0
15349,3.292,97.40,319.00,1,0,0
15352,3.288,89.30,293.00,1,0,0
15354,3.288,120.60,311.00,1,0,0
15356,3.288,97.20,319.00,1,0,0
15359,3.292,91.90,301.00,1,0,0
15361,3.292,91.70,323.00,1,0,0
15364,3.288,96.80,321.00,1,0,0
15366,3.292,99.80,328.00,1,0,0
15369,3.292,98.10,323.00,1,0,0
15371,3.288,89.40,301.00,1,0,0
15374,3.288,92.60,305.00,1,0,0
15376,3.280,92.50,305.00,1,0,0
15379,3.292,96.80,328.00,1,0,0
15391,3.288,96.90,329.00,1,0,0
15394,3.292,97.20,319.00,1,0,0
15396,3.288,97.40,319.00,1,0,0
15399,3.292,101.50,319.00,1,0,0
15401,3.288,96.60,318.00,1,0,0
15404,3.292,98.60,324.00,1,0,0
15406,3.288,96.50,318.00,1,0,0
15409,3.288,97.90,321.00,1,0,0
15411,3.288,98.10,323.00,1,0,0
15414,3.288,104.90,301.00,1,0,0
15416,3.288,99.50,328.00,1,0,0
15419,3.288,96.90,319.00,1,0,0
15421,3.288,96.40,321.00,1,0,0
15424,3.288,98.10,323.00,1,0,0
15436,3.288,97.80,323.00,1,0,0
15439,3.292,97.40,321.00,1,0,0
15441,3.292,99.70,328.00,1,0,0
15444,3.288,100.90,318.00,1,0,0
15446,3.288,99.40,326.00,1,0,0
15449,3.288,99.20,326.00,1,0,0
15451,3.292,100.30,324.00,1,0,0
15454,3.292,102.80,339.00,1,0,0
15456,3.292,99.70,326.00,1,0,0
15459,3.288,99.70,318.00,1,0,0
15461,3.288,97.00,319.00,1,0,0
15464,3.288,90.60,298.00,1,0,0
15466,3.292,96.70,321.00,1,0,0
15469,3.292,96.50,318.00,1,0,0
15481,3.288,96.70,318.00,1,0,0
15484,3.292,100.40,329.00,1,0,0
15486,3.292,97.30,319.00,1,0,0
15489,3.292,97.30,319.00,1,0,0
15491,3.288,97.20,319.00,1,0,0
15494,3.288,99.20,301.00,1,0,0
15496,3.288,97.20,319.00,1,0,0
15499,3.292,97.10,319.00,1,0,0
15501,3.288,102.80,323.00,1,0,0
15504,3.288,99.90,328.00,1,0,0
15506,3.288,99.10,326.00,1,0,0
15508,3.288,96.60,318.00,1,0,0
15511,3.288,97.10,319.00,1,0,0
15513,3.292,120.30,395.00,1,0,0
15526,3.288,96.80,318.00,1,0,0
15529,3.292,95.40,315.00,1,0,0
15531,3.288,97.50,326.00,1,0,0
15533,3.288,121.40,400.00,1,0,0
15536,3.288,99.70,328.00,1,0,0
15538,3.288,97.80,331.00,1,0,0
15541,3.292,96.90,318.00,1,0,0
15543,3.288,92.20,303.00,1,0,0
15546,3.288,95.00,318.00,1,0,0
15548,3.288,97.00,319.00,1,0,0
15551,3.288,99.30,326.00,1,0,0
15553,3.288,96.70,315.00,1,0,0
15556,3.288,96.40,318.00,1,0,0
15558,3.292,96.40,316.00,1,0,0
15571,3.288,99.10,326.00,1,0,0
15573,3.292,98.90,323.00,1,0,0
15576,3.288,96.70,311.00,1,0,0
15578,3.288,89.10,293.00,1,0,0
15581,3.288,98.10,323.00,1,0,0
15583,3.292,96.70,324.00,1,0,0
15586,3.292,98.90,326.00,1,0,0
15588,3.288,96.90,318.00,1,0,0
15591,3.288,96.70,316.00,1,0,0
15593,3.288,105.10,346.00,1,0,0
15596,3.292,118.30,388.00,1,0,0
15598,3.288,97.50,319.00,1,0,0
15601,3.288,97.80,321.00,1,0,0
15603,3.288,97.80,321.00,1,0,0
15616,3.288,96.80,318.00,1,0,0
15618,3.288,99.00,316.00,1,0,0
15621,3.288,96.50,318.00,1,0,0
15623,3.292,96.40,316.00,1,0,0
15626,3.288,96.50,331.00,1,0,0
15628,3.288,98.30,323.00,1,0,0
15631,3.288,97.50,321.00,1,0,0
15633,3.288,100.40,393.00,1,0,0
15636,3.292,96.60,318.00,1,0,0
15638,3.288,100.50,331.00,1,0,0
15641,3.288,96.40,318.00,1,0,0
15643,3.288,97.60,321.00,1,0,0
15645,3.292,96.70,318.00,1,0,0
15648,3.292,99.20,326.00,1,0,0
15661,3.292,100.00,329.00,1,0,0
15663,3.292,100.00,329.00,1,0,0
15666,3.292,100.20,329.00,1,0,0
15668,3.288,90.20,297.00,1,0,0
15670,3.288,96.70,329.00,1,0,0
15673,3.288,100.20,328.00,1,0,0
15675,3.288,96.80,318.00,1,0,0
15678,3.288,89.20,293.00,1,0,0
15680,3.288,90.70,298.00,1,0,0
15683,3.288,99.60,328.00,1,0,0
15685,3.292,88.90,293.00,1,0,0
15688,3.288,96.40,316.00,1,0,0
15690,3.288,96.50,318.00,1,0,0
15703,3.292,97.10,319.00,1,0,0
15705,3.288,96.70,318.00,1,0,0
15708,3.288,97.40,316.00,1,0,0
15710,3.288,100.30,331.00,1,0,0
15713,3.288,96.70,318.00,1,0,0
15715,3.288,100.90,328.00,1,0,0
15718,3.292,97.90,321.00,1,0,0
15720,3.288,89.40,293.00,1,0,0
15723,3.292,99.40,318.00,1,0,0
15725,3.288,101.10,333.00,1,0,0
15728,3.288,98.20,323.00,1,0,0
15730,3.288,97.50,323.00,1,0,0
15733,3.288,100.10,329.00,1,0,0
15745,3.292,97.90,321.00,1,0,0
15748,3.292,99.20,326.00,1,0,0
15750,3.292,100.30,329.00,1,0,0
15753,3.292,97.60,321.00,1,0,0
15755,3.288,96.40,316.00,1,0,0
15758,3.288,98.10,400.00,1,0,0
15760,3.288,100.10,329.00,1,0,0
15763,3.292,100.00,329.00,1,0,0
15765,3.292,96.90,318.00,1,0,0
15768,3.292,101.80,316.00,1,0,0
15770,3.288,90.10,297.00,1,0,0
15773,3.288,96.90,319.00,1,0,0
15775,3.292,100.00,324.00,1,0,0
15788,3.292,99.90,328.00,1,0,0
15790,3.288,100.40,331.00,1,0,0
15793,3.288,97.40,319.00,1,0,0
15795,3.292,100.00,324.00,1,0,0
15798,3.288,100.70,331.00,1,0,0
15800,3.292,100.10,329.00,1,0,0
15803,3.288,97.30,319.00,1,0,0
15805,3.288,97.50,321.00,1,0,0
15807,3.288,97.60,321.00,1,0,0
15810,3.288,97.40,339.00,1,0,0
15812,3.292,90.90,298.00,1,0,0
15815,3.288,90.80,298.00,1,0,0
15817,3.292,98.10,323.00,1,0,0
15830,3.288,100.80,333.00,1,0,0
15833,3.292,100.40,324.00,1,0,0
15835,3.288,96.70,318.00,1,0,0
15837,3.288,95.10,313.00,1,0,0
15840,3.272,89.20,319.00,1,0,0
15842,3.288,93.00,306.00,1,0,0
15845,3.288,100.40,331.00,1,0,0
15847,3.292,98.10,331.00,1,0,0
15850,3.292,96.50,318.00,1,0,0
15852,3.292,100.30,331.00,1,0,0
15855,3.292,100.50,328.00,1,0,0
15857,3.292,99.20,326.00,1,0,0
15860,3.292,100.10,328.00,1,0,0
15872,3.292,90.10,297.00,1,0,0
15875,3.288,101.40,329.00,1,0,0
15877,3.292,99.90,328.00,1,0,0
15880,3.288,97.20,319.00,1,0,0
15882,3.292,89.30,293.00,1,0,0
15885,3.292,100.10,306.00,1,0,0
15887,3.288,98.20,323.00,1,0,0
15890,3.292,99.90,328.00,1,0,0
15892,3.292,98.60,326.00,1,0,0
15895,3.288,98.20,323.00,1,0,0
15897,3.288,97.80,321.00,1,0,0
15900,3.280,117.10,306.00,1,0,0
15902,3.288,100.40,331.00,1,0,0
15915,3.292,96.60,318.00,1,0,0
15917,3.292,96.70,318.00,1,0,0
15920,3.284,114.80,301.00,1,0,0
15922,3.284,100.30,331.00,1,0,0
15925,3.288,99.20,326.00,1,0,0
15927,3.292,99.80,326.00,1,0,0
15930,3.288,96.60,318.00,1,0,0
15932,3.292,97.00,319.00,1,0,0
15935,3.292,100.10,324.00,1,0,0
15937,3.292,100.30,329.00,1,0,0
15940,3.288,91.70,301.00,1,0,0
15942,3.292,100.80,311.00,1,0,0
15944,3.288,96.30,316.00,1,0,0
15957,3.288,97.10,319.00,1,0,0
15960,3.288,95.00,313.00,1,0,0
15962,3.292,99.20,326.00,1,0,0
15965,3.292,98.40,321.00,1,0,0
15967,3.292,97.40,319.00,1,0,0
15970,3.292,97.90,321.00,1,0,0
15972,3.288,99.80,329.00,1,0,0
15974,3.288,90.30,297.00,1,0,0
15977,3.288,96.50,318.00,1,0,0
15979,3.284,115.50,315.00,1,0,0
15982,3.292,98.60,324.00,1,0,0
15984,3.288,89.30,293.00,1,0,0
15987,3.288,98.40,301.00,1,0,0
15989,3.288,100.30,331.00,1,0,0
16002,3.288,99.70,328.00,1,0,0
16004,3.280,95.10,313.00,1,0,0
16007,3.288,99.90,328.00,1,0,0
16009,3.288,97.60,329.00,1,0,0
16012,3.288,97.30,321.00,1,0,0
16014,3.288,97.40,319.00,1,0,0
16017,3.288,98.80,329.00,1,0,0
16019,3.288,90.40,298.00,1,0,0
16022,3.288,90.20,297.00,1,0,0
16024,3.292,90.10,375.00,1,0,0
16027,3.288,100.60,331.00,1,0,0
16029,3.292,97.90,321.00,1,0,0
16032,3.288,90.60,297.00,1,0,0
16034,3.288,98.10,323.00,1,0,0
16047,3.292,100.20,329.00,1,0,0
16049,3.292,99.00,326.00,1,0,0
16052,3.288,98.30,321.00,1,0,0
16054,3.288,100.90,333.00,1,0,0
16057,3.288,96.60,318.00,1,0,0
16059,3.288,101.30,328.00,1,0,0
16062,3.276,96.80,318.00,1,0,0
16064,3.292,100.00,329.00,1,0,0
16067,3.292,100.00,329.00,1,0,0
16069,3.292,99.60,328.00,1,0,0
16072,3.292,100.40,329.00,1,0,0
16074,3.288,96.40,321.00,1,0,0
16077,3.292,100.50,318.00,1,0,0
16089,3.292,97.40,315.00,1,0,0
16092,3.288,96.30,316.00,1,0,0
16094,3.292,99.80,328.00,1,0,0
16097,3.288,96.90,323.00,1,0,0
16099,3.288,116.30,382.00,1,0,0
16102,3.288,97.10,319.00,1,0,0
16104,3.288,96.40,318.00,1,0,0
16107,3.288,99.90,329.00,1,0,0
16109,3.292,97.80,321.00,1,0,0
16111,3.288,97.00,319.00,1,0,0
16114,3.288,97.80,321.00,1,0,0
16116,3.288,97.60,321.00,1,0,0
16119,3.288,102.80,319.00,1,0,0
16121,3.276,97.10,319.00,1,0,0
16134,3.288,96.80,319.00,1,0,0
16136,3.288,96.50,318.00,1,0,0
16139,3.292,119.30,392.00,1,0,0
16141,3.288,96.90,321.00,1,0,0
16144,3.288,99.20,326.00,1,0,0
16146,3.288,99.00,326.00,1,0,0
16149,3.288,100.20,318.00,1,0,0
16151,3.288,99.80,329.00,1,0,0
16154,3.288,96.60,318.00,1,0,0
16156,3.288,98.60,329.00,1,0,0
16159,3.292,100.20,329.00,1,0,0
16161,3.288,94.10,310.00,1,0,0
16164,3.292,98.60,323.00,1,0,0
16166,3.292,96.50,318.00,1,0,0
16179,3.288,90.70,298.00,1,0,0
16181,3.284,89.60,295.00,1,0,0
16184,3.288,99.10,316.00,1,0,0
16186,3.288,96.70,318.00,1,0,0
16189,3.288,88.90,292.00,1,0,0
16191,3.288,96.00,293.00,1,0,0
16194,3.288,98.10,323.00,1,0,0
16196,3.292,99.10,326.00,1,0,0
16199,3.288,106.80,380.00,1,0,0
16201,3.288,93.50,323.00,1,0,0
16204,3.288,98.10,323.00,1,0,0
16206,3.292,98.70,324.00,1,0,0
16209,3.288,98.70,319.00,1,0,0
16211,3.288,99.00,326.00,1,0,0
16224,3.292,96.70,318.00,1,0,0
16226,3.288,96.80,318.00,1,0,0
16229,3.288,98.50,329.00,1,0,0
16231,3.292,100.20,329.00,1,0,0
16234,3.288,96.60,318.00,1,0,0
16236,3.288,96.60,318.00,1,0,0
16239,3.292,119.70,393.00,1,0,0
16241,3.292,97.50,321.00,1,0,0
16244,3.288,97.80,321.00,1,0,0
16246,3.288,98.30,324.00,1,0,0
16249,3.288,96.90,318.00,1,0,0
16251,3.292,100.50,326.00,1,0,0
16253,3.288,97.00,319.00,1,0,0
16256,3.288,91.50,301.00,1,0,0
16269,3.292,96.60,318.00,1,0,0
16271,3.288,97.60,331.00,1,0,0
16274,3.288,101.00,333.00,1,0,0
16276,3.288,97.90,321.00,1,0,0
16279,3.288,100.00,328.00,1,0,0
16281,3.288,96.70,313.00,1,0,0
16284,3.288,90.70,298.00,1,0,0
16286,3.292,100.20,329.00,1,0,0
16288,3.288,96.90,319.00,1,0,0
16291,3.292,89.20,293.00,1,0,0
16293,3.288,94.90,311.00,1,0,0
16296,3.292,89.20,331.00,1,0,0
16298,3.292,122.30,401.00,1,0,0
16311,3.292,97.50,321.00,1,0,0
16314,3.292,98.90,326.00,1,0,0
16316,3.288,100.00,331.00,1,0,0
16318,3.292,104.40,344.00,1,0,0
16321,3.288,97.80,321.00,1,0,0
16323,3.292,97.20,323.00,1,0,0
16326,3.288,97.80,321.00,1,0,0
16328,3.288,96.70,318.00,1,0,0
16331,3.292,100.40,331.00,1,0,0
16333,3.292,97.60,321.00,1,0,0
16336,3.292,92.60,305.00,1,0,0
16338,3.288,97.10,324.00,1,0,0
16341,3.292,101.20,293.00,1,0,0
16353,3.288,98.00,329.00,1,0,0
16356,3.292,98.50,324.00,1,0,0
16358,3.288,96.60,316.00,1,0,0
16361,3.288,92.40,328.00,1,0,0
16363,3.292,96.60,318.00,1,0,0
16366,3.288,97.00,319.00,1,0,0
16368,3.288,97.20,319.00,1,0,0
16371,3.288,98.30,324.00,1,0,0
16373,3.288,99.90,329.00,1,0,0
16376,3.288,98.00,329.00,1,0,0
16378,3.292,116.50,383.00,1,0,0
16381,3.288,96.50,318.00,1,0,0
16383,3.292,96.20,297.00,1,0,0
16386,3.288,99.00,326.00,1,0,0
16398,3.288,95.70,313.00,1,0,0
16401,3.288,97.00,319.00,1,0,0
16403,3.288,97.80,334.00,1,0,0
16406,3.288,96.60,318.00,1,0,0
16408,3.288,98.30,324.00,1,0,0
16411,3.292,99.30,328.00,1,0,0
16413,3.292,96.90,319.00,1,0,0
16416,3.288,97.10,319.00,1,0,0
16418,3.292,97.40,319.00,1,0,0
16421,3.288,91.30,319.00,1,0,0
16423,3.288,99.10,326.00,1,0,0
16426,3.292,97.50,321.00,1,0,0
16428,3.288,96.50,329.00,1,0,0
16430,3.288,97.00,319.00,1,0,0
16443,3.288,95.40,315.00,1,0,0
16446,3.296,99.20,326.00,1,0,0
16448,3.292,98.70,324.00,1,0,0
16451,3.292,99.80,328.00,1,0,0
16453,3.288,100.30,329.00,1,0,0
16456,3.292,97.10,338.00,1,0,0
16458,3.288,99.80,328.00,1,0,0
16461,3.288,97.10,319.00,1,0,0
16463,3.292,97.10,328.00,1,0,0
16465,3.288,100.50,331.00,1,0,0
16468,3.288,98.70,324.00,1,0,0
16470,3.288,96.70,328.00,1,0,0
16473,3.292,96.90,318.00,1,0,0
16475,3.292,96.40,318.00,1,0,0
16488,3.292,90.30,297.00,1,0,0
16490,3.288,97.90,323.00,1,0,0
16493,3.292,100.30,321.00,1,0,0
16495,3.292,92.00,303.00,1,0,0
16498,3.288,89.70,295.00,1,0,0
16500,3.288,92.60,303.00,1,0,0
16503,3.288,99.90,329.00,1,0,0
16505,3.288,99.10,326.00,1,0,0
16508,3.288,96.50,318.00,1,0,0
16515,3.292,100.30,329.00,1,0,0
16518,3.292,98.90,324.00,1,0,0
16520,3.288,97.00,319.00,1,0,0
16523,3.288,96.50,318.00,1,0,0
16525,3.288,96.40,318.00,1,0,0
16528,3.288,96.90,318.00,1,0,0
16530,3.292,97.90,326.00,1,0,0
16533,3.288,96.90,319.00,1,0,0
16535,3.288,97.40,319.00,1,0,0
16537,3.288,96.30,319.00,1,0,0
16540,3.284,96.90,318.00,1,0,0
16542,3.276,96.80,318.00,1,0,0
16555,3.288,100.20,329.00,1,0,0
16558,3.292,98.70,324.00,1,0,0
16560,3.288,89.30,319.00,1,0,0
16563,3.292,98.20,323.00,1,0,0
16565,3.288,97.00,319.00,1,0,0
16567,3.292,100.20,329.00,1,0,0
16570,3.292,97.70,321.00,1,0,0
16572,3.292,96.70,318.00,1,0,0
16575,3.288,96.80,323.00,1,0,0
16577,3.292,97.70,321.00,1,0,0
16580,3.292,100.10,329.00,1,0,0
16582,3.276,89.90,319.00,1,0,0
16585,3.288,97.40,319.00,1,0,0
16587,3.288,93.00,306.00,1,0,0
16600,3.284,89.30,293.00,1,0,0
16602,3.288,89.60,295.00,1,0,0
16605,3.292,96.40,324.00,1,0,0
16607,3.288,97.00,319.00,1,0,0
16610,3.288,98.30,324.00,1,0,0
16612,3.288,98.40,331.00,1,0,0
16615,3.288,100.40,331.00,1,0,0
16617,3.288,97.10,319.00,1,0,0
16620,3.272,93.60,323.00,1,0,0
16622,3.292,97.00,319.00,1,0,0
16625,3.288,99.20,326.00,1,0,0
16627,3.288,97.80,326.00,1,0,0
16630,3.292,100.20,329.00,1,0,0
16632,3.288,97.50,321.00,1,0,0
16645,3.292,99.50,328.00,1,0,0
16647,3.288,99.60,331.00,1,0,0
16650,3.288,97.00,319.00,1,0,0
16652,3.288,97.00,319.00,1,0,0
16655,3.288,97.00,329.00,1,0,0
16657,3.292,99.90,328.00,1,0,0
16660,3.292,98.00,323.00,1,0,0
16662,3.292,100.30,326.00,1,0,0
16665,3.288,97.60,321.00,1,0,0
16667,3.288,98.20,321.00,1,0,0
16670,3.288,97.20,319.00,1,0,0
16672,3.288,97.30,318.00,1,0,0
16674,3.292,97.40,319.00,1,0,0
16677,3.288,97.80,321.00,1,0,0
16690,3.288,98.60,324.00,1,0,0
16692,3.288,100.50,298.00,1,0,0
16695,3.288,100.40,329.00,1,0,0
16697,3.288,96.70,318.00,1,0,0
16699,3.272,94.00,321.00,1,0,0
16702,3.288,89.50,295.00,1,0,0
16704,3.288,92.20,303.00,1,0,0
16707,3.288,98.30,321.00,1,0,0
16709,3.288,97.70,321.00,1,0,0
16712,3.288,96.80,318.00,1,0,0
16714,3.288,97.30,338.00,1,0,0
16717,3.288,96.40,316.00,1,0,0
16719,3.288,91.80,301.00,1,0,0
16722,3.288,97.20,321.00,1,0,0
16734,3.292,99.40,328.00,1,0,0
16737,3.288,96.70,318.00,1,0,0
16739,3.288,91.70,301.00,1,0,0
16742,3.288,97.20,319.00,1,0,0
16744,3.288,95.60,311.00,1,0,0
16747,3.292,94.20,310.00,1,0,0
16749,3.292,96.70,318.00,1,0,0
16752,3.292,97.60,319.00,1,0,0
16754,3.292,100.10,329.00,1,0,0
16757,3.288,99.90,328.00,1,0,0
16759,3.288,107.70,301.00,1,0,0
16762,3.284,97.40,321.00,1,0,0
16764,3.288,100.00,329.00,1,0,0
16767,3.292,96.40,318.00,1,0,0
16779,3.284,102.80,301.00,1,0,0
16782,3.288,96.50,318.00,1,0,0
16784,3.288,97.00,319.00,1,0,0
16787,3.288,97.00,323.00,1,0,0
16789,3.292,99.50,328.00,1,0,0
16792,3.288,97.50,321.00,1,0,0
16794,3.288,90.10,308.00,1,0,0
16797,3.288,97.30,319.00,1,0,0
16799,3.288,113.70,374.00,1,0,0
16802,3.288,97.40,319.00,1,0,0
16804,3.292,89.30,293.00,1,0,0
16807,3.288,92.90,305.00,1,0,0
16809,3.288,100.30,331.00,1,0,0
16812,3.288,96.40,329.00,1,0,0
16824,3.292,100.40,321.00,1,0,0
16827,3.288,97.30,319.00,1,0,0
16829,3.288,99.80,329.00,1,0,0
16832,3.288,98.90,331.00,1,0,0
16834,3.288,98.40,323.00,1,0,0
16837,3.288,98.50,324.00,1,0,0
16839,3.288,102.30,318.00,1,0,0
16842,3.288,91.50,300.00,1,0,0
16844,3.288,96.60,318.00,1,0,0
16846,3.288,96.70,318.00,1,0,0
16849,3.292,101.30,334.00,1,0,0
16851,3.288,98.70,324.00,1,0,0
16854,3.288,97.40,323.00,1,0,0
16856,3.288,97.90,321.00,1,0,0
16869,3.288,97.40,321.00,1,0,0
16871,3.288,97.50,321.00,1,0,0
16874,3.288,95.40,313.00,1,0,0
16876,3.288,96.90,318.00,1,0,0
16879,3.288,100.70,331.00,1,0,0
16881,3.276,91.80,301.00,1,0,0
16884,3.292,100.50,321.00,1,0,0
16886,3.292,97.10,319.00,1,0,0
16889,3.288,96.90,318.00,1,0,0
16891,3.288,97.00,329.00,1,0,0
16894,3.292,96.30,316.00,1,0,0
16896,3.288,96.70,318.00,1,0,0
16899,3.288,91.80,310.00,1,0,0
16901,3.288,97.60,321.00,1,0,0
16914,3.288,96.80,318.00,1,0,0
16916,3.288,97.30,319.00,1,0,0
16919,3.288,122.30,301.00,1,0,0
16921,3.288,96.50,318.00,1,0,0
16924,3.288,96.80,318.00,1,0,0
16926,3.288,98.50,316.00,1,0,0
16929,3.288,97.60,321.00,1,0,0
16931,3.288,97.00,319.00,1,0,0
16934,3.288,97.30,319.00,1,0,0
16936,3.292,99.60,321.00,1,0,0
16939,3.292,120.60,396.00,1,0,0
16941,3.288,96.30,316.00,1,0,0
16944,3.288,96.60,319.00,1,0,0
16946,3.292,97.80,323.00,1,0,0
16959,3.288,96.20,316.00,1,0,0
16961,3.288,97.40,321.00,1,0,0
16964,3.288,97.60,321.00,1,0,0
16966,3.288,99.40,328.00,1,0,0
16969,3.292,99.50,328.00,1,0,0
16971,3.292,99.50,331.00,1,0,0
16974,3.292,100.00,329.00,1,0,0
16976,3.292,96.60,318.00,1,0,0
16979,3.288,97.70,301.00,1,0,0
16981,3.288,100.50,331.00,1,0,0
16984,3.288,98.90,324.00,1,0,0
16986,3.288,97.00,319.00,1,0,0
16988,3.288,97.00,319.00,1,0,0
16991,3.292,96.40,316.00,1,0,0
17004,3.284,96.70,318.00,1,0,0
17006,3.292,96.30,316.00,1,0,0
17009,3.288,89.20,293.00,1,0,0
17011,3.288,93.10,306.00,1,0,0
17013,3.288,98.40,323.00,1,0,0
17016,3.292,97.80,319.00,1,0,0
17018,3.288,124.70,410.00,1,0,0
17021,3.288,98.00,323.00,1,0,0
17023,3.292,101.10,333.00,1,0,0
17026,3.292,97.10,319.00,1,0,0
17028,3.292,98.70,324.00,1,0,0
17031,3.288,97.30,321.00,1,0,0
17033,3.288,100.60,331.00,1,0,0
17036,3.288,97.40,319.00,1,0,0
17048,3.288,97.00,319.00,1,0,0
17051,3.288,96.60,319.00,1,0,0
17053,3.288,96.80,318.00,1,0,0
17056,3.288,96.50,318.00,1,0,0
17058,3.292,98.00,374.00,1,0,0
17061,3.288,99.20,321.00,1,0,0
17063,3.288,97.10,319.00,1,0,0
17066,3.292,99.90,329.00,1,0,0
17068,3.292,100.00,318.00,1,0,0
17071,3.288,96.50,318.00,1,0,0
17073,3.288,96.80,318.00,1,0,0
17076,3.288,97.00,319.00,1,0,0
17078,3.288,99.40,326.00,1,0,0
17081,3.288,97.60,321.00,1,0,0
17093,3.288,97.50,321.00,1,0,0
17096,3.288,99.60,331.00,1,0,0
17098,3.292,121.30,398.00,1,0,0
17101,3.288,90.50,298.00,1,0,0
17103,3.288,96.60,321.00,1,0,0
17106,3.288,96.80,318.00,1,0,0
17108,3.288,97.70,321.00,1,0,0
17111,3.288,96.80,318.00,1,0,0
17113,3.288,97.00,319.00,1,0,0
17116,3.288,93.80,308.00,1,0,0
17118,3.292,96.70,408.00,1,0,0
17121,3.284,97.40,321.00,1,0,0
17123,3.292,96.90,318.00,1,0,0
17126,3.288,98.60,329.00,1,0,0
17138,3.288,97.20,318.00,1,0,0
17141,3.288,99.10,319.00,1,0,0
17143,3.288,97.40,319.00,1,0,0
17146,3.288,98.90,324.00,1,0,0
17148,3.288,96.80,319.00,1,0,0
17151,3.288,96.70,318.00,1,0,0
17153,3.288,96.60,318.00,1,0,0
17155,3.292,97.70,331.00,1,0,0
17158,3.288,99.00,324.00,1,0,0
17160,3.292,100.00,329.00,1,0,0
17163,3.288,91.70,333.00,1,0,0
17165,3.292,96.70,318.00,1,0,0
17168,3.292,100.20,329.00,1,0,0
17170,3.288,96.80,318.00,1,0,0
17183,3.288,96.50,318.00,1,0,0
17185,3.292,96.70,331.00,1,0,0
17188,3.292,98.10,323.00,1,0,0
17190,3.292,97.60,321.00,1,0,0
17193,3.288,99.50,319.00,1,0,0
17195,3.288,97.10,319.00,1,0,0
17198,3.292,97.80,323.00,1,0,0
17200,3.288,91.80,318.00,1,0,0
17203,3.292,90.00,297.00,1,0,0
17205,3.288,96.70,318.00,1,0,0
17208,3.292,97.10,326.00,1,0,0
17210,3.292,97.10,319.00,1,0,0
17213,3.288,89.30,293.00,1,0,0
17215,3.288,91.70,310.00,1,0,0
17228,3.288,96.30,324.00,1,0,0
17230,3.288,96.50,318.00,1,0,0
17233,3.288,96.70,318.00,1,0,0
17235,3.288,96.90,321.00,1,0,0
17238,3.292,97.00,321.00,1,0,0
17240,3.268,97.20,319.00,1,0,0
17243,3.288,98.40,323.00,1,0,0
17245,3.288,99.80,321.00,1,0,0
17248,3.288,97.00,319.00,1,0,0
17250,3.288,96.80,318.00,1,0,0
17252,3.292,100.90,321.00,1,0,0
17255,3.288,98.50,324.00,1,0,0
17257,3.288,100.60,331.00,1,0,0
17260,3.276,91.80,329.00,1,0,0
17273,3.288,100.80,319.00,1,0,0
17275,3.288,96.40,316.00,1,0,0
17278,3.288,96.90,319.00,1,0,0
17280,3.280,93.60,321.00,1,0,0
17282,3.288,96.90,318.00,1,0,0
17285,3.292,97.90,321.00,1,0,0
17287,3.292,101.00,319.00,1,0,0
17290,3.288,97.80,321.00,1,0,0
17292,3.288,98.00,323.00,1,0,0
17295,3.292,98.00,323.00,1,0,0
17297,3.292,96.60,318.00,1,0,0
17300,3.288,96.40,316.00,1,0,0
17302,3.288,98.10,323.00,1,0,0
17305,3.288,98.60,298.00,1,0,0
17317,3.288,89.30,323.00,1,0,0
17320,3.284,110.80,364.00,1,0,0
17322,3.288,97.40,319.00,1,0,0
17325,3.288,97.00,319.00,1,0,0
17327,3.292,96.70,318.00,1,0,0
17330,3.292,97.00,319.00,1,0,0
17332,3.292,97.30,329.00,1,0,0
17335,3.292,100.00,329.00,1,0,0
17337,3.288,97.70,321.00,1,0,0
17340,3.284,97.20,387.00,1,0,0
17342,3.288,97.10,319.00,1,0,0
17345,3.292,98.20,323.00,1,0,0
17347,3.292,97.10,318.00,1,0,0
17350,3.288,98.90,326.00,1,0,0
17362,3.292,96.90,319.00,1,0,0
17365,3.288,97.40,319.00,1,0,0
17367,3.288,97.90,321.00,1,0,0
17370,3.288,97.20,321.00,1,0,0
17372,3.292,97.80,323.00,1,0,0
17375,3.292,96.50,318.00,1,0,0
17377,3.292,96.40,318.00,1,0,0
17379,3.292,95.60,315.00,1,0,0
17382,3.288,97.20,319.00,1,0,0
17384,3.288,97.20,328.00,1,0,0
17387,3.292,96.60,318.00,1,0,0
17389,3.292,96.90,318.00,1,0,0
17392,3.292,96.50,318.00,1,0,0
17394,3.292,96.30,316.00,1,0,0
17407,3.292,96.40,300.00,1,0,0
17409,3.288,92.30,303.00,1,0,0
17412,3.292,99.80,328.00,1,0,0
17414,3.288,97.30,323.00,1,0,0
17417,3.288,96.90,318.00,1,0,0
17419,3.284,96.60,316.00,1,0,0
17422,3.288,91.90,303.00,1,0,0
17424,3.288,100.40,331.00,1,0,0
17427,3.292,97.00,319.00,1,0,0
17429,3.288,96.90,318.00,1,0,0
17432,3.292,97.40,319.00,1,0,0
17434,3.288,100.00,329.00,1,0,0
17437,3.292,98.10,338.00,1,0,0
17439,3.288,91.60,301.00,1,0,0
17452,3.288,97.40,316.00,1,0,0
17454,3.292,96.80,318.00,1,0,0
17457,3.292,96.70,318.00,1,0,0
17459,3.288,121.70,301.00,1,0,0
17462,3.284,97.10,319.00,1,0,0
17464,3.288,98.50,324.00,1,0,0
17467,3.292,97.80,318.00,1,0,0
17469,3.288,97.10,319.00,1,0,0
17472,3.292,98.00,323.00,1,0,0
17474,3.292,96.70,319.00,1,0,0
17476,3.292,100.10,329.00,1,0,0
17479,3.288,118.60,390.00,1,0,0
17481,3.292,98.70,328.00,1,0,0
17484,3.292,97.60,321.00,1,0,0
17497,3.288,99.50,328.00,1,0,0
17499,3.272,92.90,305.00,1,0,0
17501,3.288,96.80,318.00,1,0,0
17504,3.288,100.20,321.00,1,0,0
17506,3.288,96.50,318.00,1,0,0
17509,3.292,97.10,319.00,1,0,0
17511,3.288,98.70,306.00,1,0,0
17514,3.288,90.50,298.00,1,0,0
17516,3.288,96.80,318.00,1,0,0
17519,3.288,97.10,303.00,1,0,0
17521,3.288,96.60,318.00,1,0,0
17524,3.288,91.60,301.00,1,0,0
17526,3.288,97.00,319.00,1,0,0
17529,3.288,99.00,326.00,1,0,0
17541,3.288,98.00,323.00,1,0,0
17544,3.288,99.20,326.00,1,0,0
17546,3.288,97.30,331.00,1,0,0
17549,3.292,97.50,321.00,1,0,0
17551,3.292,96.40,316.00,1,0,0
17554,3.288,100.30,328.00,1,0,0
17556,3.288,96.80,318.00,1,0,0
17559,3.288,122.20,401.00,1,0,0
17561,3.288,96.80,319.00,1,0,0
17564,3.288,96.70,318.00,1,0,0
17566,3.288,96.80,318.00,1,0,0
17569,3.292,98.70,324.00,1,0,0
17571,3.292,96.70,318.00,1,0,0
17574,3.288,97.30,319.00,1,0,0
17586,3.288,96.40,318.00,1,0,0
17589,3.288,97.80,323.00,1,0,0
17591,3.288,98.30,324.00,1,0,0
17594,3.288,101.30,333.00,1,0,0
17596,3.288,96.90,318.00,1,0,0
17599,3.292,96.80,301.00,1,0,0
17601,3.288,96.60,318.00,1,0,0
17604,3.288,97.00,319.00,1,0,0
17606,3.292,100.10,319.00,1,0,0
17608,3.288,101.10,333.00,1,0,0
17611,3.292,99.70,328.00,1,0,0
17613,3.288,90.10,306.00,1,0,0
17616,3.292,96.50,318.00,1,0,0
17618,3.288,101.50,333.00,1,0,0
17631,3.288,99.90,329.00,1,0,0
17634,3.292,99.90,329.00,1,0,0
17636,3.288,98.60,319.00,1,0,0
17638,3.288,123.60,406.00,1,0,0
17641,3.288,99.00,326.00,1,0,0
17643,3.288,92.00,321.00,1,0,0
17646,3.292,91.00,300.00,1,0,0
17648,3.288,91.40,300.00,1,0,0
17651,3.292,98.30,319.00,1,0,0
17653,3.288,97.20,319.00,1,0,0
17656,3.288,97.10,319.00,1,0,0
17658,3.288,97.10,324.00,1,0,0
17661,3.288,91.80,301.00,1,0,0
17663,3.292,97.20,319.00,1,0,0
17676,3.288,97.30,319.00,1,0,0
17678,3.292,97.80,306.00,1,0,0
17681,3.288,96.60,318.00,1,0,0
17683,3.292,96.80,318.00,1,0,0
17686,3.288,97.40,329.00,1,0,0
17688,3.288,100.00,329.00,1,0,0
17691,3.288,97.80,321.00,1,0,0
17693,3.288,96.90,319.00,1,0,0
17696,3.292,95.50,319.00,1,0,0
17698,3.292,97.70,319.00,1,0,0
17701,3.288,97.00,319.00,1,0,0
17703,3.288,97.20,319.00,1,0,0
17706,3.288,97.90,321.00,1,0,0
17708,3.292,96.80,318.00,1,0,0
17721,3.292,100.20,329.00,1,0,0
17723,3.292,97.90,398.00,1,0,0
17726,3.288,89.30,293.00,1,0,0
17728,3.288,92.00,303.00,1,0,0
17731,3.292,96.70,324.00,1,0,0
17733,3.288,97.70,321.00,1,0,0
17736,3.288,97.50,321.00,1,0,0
17738,3.288,98.30,321.00,1,0,0
17741,3.288,96.90,318.00,1,0,0
17743,3.292,96.70,316.00,1,0,0
17746,3.288,96.70,321.00,1,0,0
17748,3.292,98.40,323.00,1,0,0
17750,3.288,97.40,319.00,1,0,0
17753,3.288,97.20,323.00,1,0,0
17766,3.292,97.40,319.00,1,0,0
17768,3.288,100.30,331.00,1,0,0
17771,3.292,100.40,331.00,1,0,0
17773,3.288,100.60,331.00,1,0,0
17776,3.288,97.70,300.00,1,0,0
17778,3.284,96.30,316.00,1,0,0
17781,3.288,97.10,319.00,1,0,0
17783,3.288,98.30,396.00,1,0,0
17785,3.288,98.40,324.00,1,0,0
17788,3.288,97.30,319.00,1,0,0
17790,3.288,99.80,331.00,1,0,0
17793,3.288,101.80,336.00,1,0,0
17795,3.288,96.50,318.00,1,0,0
17808,3.292,95.30,313.00,1,0,0
17811,3.288,96.50,316.00,1,0,0
17813,3.292,96.70,318.00,1,0,0
17815,3.292,101.30,334.00,1,0,0
17818,3.288,90.30,298.00,1,0,0
17820,3.288,96.80,318.00,1,0,0
17823,3.288,101.50,333.00,1,0,0
17825,3.288,97.10,316.00,1,0,0
17828,3.288,96.60,318.00,1,0,0
17830,3.288,94.20,310.00,1,0,0
17833,3.288,97.30,319.00,1,0,0
17835,3.288,97.30,321.00,1,0,0
17838,3.292,97.40,319.00,1,0,0
17840,3.288,97.80,323.00,1,0,0
17853,3.288,101.00,333.00,1,0,0
17855,3.288,97.00,328.00,1,0,0
17858,3.288,97.10,319.00,1,0,0
17860,3.292,92.50,305.00,1,0,0
17863,3.288,91.70,333.00,1,0,0
17865,3.288,94.20,310.00,1,0,0
17868,3.292,98.30,323.00,1,0,0
17870,3.292,97.30,336.00,1,0,0
17873,3.288,96.40,316.00,1,0,0
17875,3.288,96.30,316.00,1,0,0
17878,3.288,96.20,319.00,1,0,0
17880,3.292,97.20,319.00,1,0,0
17883,3.288,98.40,323.00,1,0,0
17885,3.292,116.30,301.00,1,0,0
17898,3.288,98.60,319.00,1,0,0
17900,3.288,100.10,329.00,1,0,0
17903,3.288,97.00,319.00,1,0,0
17905,3.288,91.60,316.00,1,0,0
17908,3.288,96.70,318.00,1,0,0
17910,3.288,97.20,319.00,1,0,0
17913,3.288,97.80,333.00,1,0,0
17915,3.288,99.30,328.00,1,0,0
17918,3.292,97.00,319.00,1,0,0
17920,3.288,90.00,297.00,1,0,0
17923,3.292,96.20,318.00,1,0,0
17925,3.284,115.60,380.00,1,0,0
17928,3.288,98.00,323.00,1,0,0
17930,3.292,89.40,295.00,1,0,0
17943,3.288,94.90,323.00,1,0,0
17945,3.272,96.60,318.00,1,0,0
17948,3.292,97.40,319.00,1,0,0
17950,3.288,97.90,319.00,1,0,0
17953,3.288,97.00,319.00,1,0,0
17955,3.292,100.70,331.00,1,0,0
17958,3.292,97.20,328.00,1,0,0
17960,3.288,97.30,321.00,1,0,0
17963,3.292,100.50,331.00,1,0,0
17965,3.288,92.20,319.00,1,0,0
17967,3.288,96.40,318.00,1,0,0
17970,3.288,96.50,318.00,1,0,0
17972,3.288,97.20,334.00,1,0,0
17975,3.292,97.10,319.00,1,0,0
17988,3.288,96.60,331.00,1,0,0
17990,3.292,94.40,311.00,1,0,0
17992,3.292,97.30,319.00,1,0,0
17995,3.292,100.70,331.00,1,0,0
17997,3.292,100.10,329.00,1,0,0
18000,3.288,97.10,319.00,1,0,0
18002,3.288,97.10,329.00,1,0,0
18005,3.284,91.50,300.00,1,0,0
18007,3.288,96.80,318.00,1,0,0
18010,3.288,99.80,326.00,1,0,0
18012,3.288,99.00,326.00,1,0,0
18015,3.288,99.10,326.00,1,0,0
18017,3.288,101.00,316.00,1,0,0
18020,3.288,96.50,318.00,1,0,0
18032,3.288,89.30,293.00,1,0,0
18035,3.288,94.60,311.00,1,0,0
18037,3.288,96.80,318.00,1,0,0
18040,3.288,97.40,321.00,1,0,0
18042,3.292,100.30,331.00,1,0,0
18045,3.280,91.60,301.00,1,0,0
18047,3.292,96.90,321.00,1,0,0
18050,3.288,96.50,318.00,1,0,0
18052,3.288,92.00,303.00,1,0,0
18055,3.288,96.90,329.00,1,0,0
18057,3.292,97.60,321.00,1,0,0
18060,3.292,99.40,326.00,1,0,0
18062,3.288,97.50,321.00,1,0,0
18064,3.288,94.40,311.00,1,0,0
18077,3.288,98.70,324.00,1,0,0
18080,3.292,98.60,324.00,1,0,0
18082,3.292,98.10,318.00,1,0,0
18085,3.284,114.90,318.00,1,0,0
18087,3.288,97.20,319.00,1,0,0
18089,3.292,97.50,321.00,1,0,0
18092,3.288,97.30,328.00,1,0,0
18094,3.292,99.00,326.00,1,0,0
18097,3.292,96.50,318.00,1,0,0
18099,3.292,100.30,318.00,1,0,0
18102,3.288,98.70,324.00,1,0,0
18104,3.272,91.50,301.00,1,0,0
18107,3.288,97.30,323.00,1,0,0
18109,3.288,97.00,319.00,1,0,0
18122,3.288,97.80,321.00,1,0,0
18124,3.276,90.30,297.00,1,0,0
18127,3.288,96.70,319.00,1,0,0
18129,3.288,97.00,319.00,1,0,0
18132,3.288,96.70,318.00,1,0,0
18134,3.288,96.30,318.00,1,0,0
18137,3.288,97.50,321.00,1,0,0
18139,3.288,91.70,301.00,1,0,0
18142,3.288,98.80,318.00,1,0,0
18144,3.288,106.30,383.00,1,0,0
18147,3.292,96.80,318.00,1,0,0
18149,3.288,96.80,318.00,1,0,0
18152,3.292,96.70,319.00,1,0,0
18154,3.288,99.80,328.00,1,0,0
18167,3.288,96.80,318.00,1,0,0
18169,3.288,97.60,321.00,1,0,0
18172,3.288,96.80,318.00,1,0,0
18174,3.288,99.00,326.00,1,0,0
18177,3.288,101.80,334.00,1,0,0
18179,3.292,96.50,316.00,1,0,0
18182,3.288,97.00,319.00,1,0,0
18184,3.284,115.30,378.00,1,0,0
18187,3.288,97.00,318.00,1,0,0
18189,3.288,102.20,336.00,1,0,0
18192,3.288,97.40,319.00,1,0,0
18194,3.288,96.50,316.00,1,0,0
