timestamp_ms,voltage_V,current_mA,power_mW,marker_ble,marker_wifi,marker_sleep
0,3.292,98.10,323.00,1,0,0
3,3.292,98.30,323.00,1,0,0
5,3.292,97.40,323.00,1,0,0
7,3.292,97.80,323.00,1,0,0
10,3.292,97.70,323.00,1,0,0
12,3.292,97.20,319.00,1,0,0
15,3.292,98.60,324.00,1,0,0
17,3.292,98.50,324.00,1,0,0
20,3.292,98.90,324.00,1,0,0
22,3.296,97.30,321.00,1,0,0
25,3.292,99.00,326.00,1,0,0
27,3.296,99.80,344.00,1,0,0
30,3.280,94.50,311.00,1,0,0
32,3.292,99.30,328.00,1,0,0
35,3.296,97.30,324.00,1,0,0
37,3.296,91.90,303.00,1,0,0
40,3.292,92.40,305.00,1,0,0
42,3.292,97.30,403.00,1,0,0
45,3.292,98.00,323.00,1,0,0
47,3.292,97.20,321.00,1,0,0
49,3.292,98.30,324.00,1,0,0
52,3.296,98.40,323.00,1,0,0
54,3.296,98.10,323.00,1,0,0
57,3.296,98.00,323.00,1,0,0
69,3.296,98.80,326.00,1,0,0
72,3.292,98.10,323.00,1,0,0
74,3.296,98.40,324.00,1,0,0
77,3.292,97.50,321.00,1,0,0
79,3.296,98.00,323.00,1,0,0
82,3.296,94.30,310.00,1,0,0
84,3.292,91.20,300.00,1,0,0
87,3.292,97.80,324.00,1,0,0
89,3.296,98.40,324.00,1,0,0
92,3.296,98.30,324.00,1,0,0
94,3.292,98.20,323.00,1,0,0
97,3.296,97.30,321.00,1,0,0
99,3.296,97.90,323.00,1,0,0
102,3.296,98.20,324.00,1,0,0
104,3.296,97.50,321.00,1,0,0
107,3.296,97.30,321.00,1,0,0
109,3.296,98.60,324.00,1,0,0
111,3.296,98.10,321.00,1,0,0
114,3.296,97.10,319.00,1,0,0
116,3.292,97.20,321.00,1,0,0
119,3.296,98.00,324.00,1,0,0
132,3.292,90.80,303.00,1,0,0
134,3.296,98.20,324.00,1,0,0
136,3.296,97.60,321.00,1,0,0
139,3.296,99.20,303.00,1,0,0
141,3.292,90.50,298.00,1,0,0
144,3.296,97.10,319.00,1,0,0
146,3.296,97.90,319.00,1,0,0
149,3.296,97.10,321.00,1,0,0
151,3.296,98.10,323.00,1,0,0
154,3.292,98.30,324.00,1,0,0
156,3.296,98.30,323.00,1,0,0
159,3.292,97.90,323.00,1,0,0
161,3.292,97.50,321.00,1,0,0
164,3.288,117.20,326.00,1,0,0
166,3.296,97.80,323.00,1,0,0
169,3.296,97.30,321.00,1,0,0
171,3.296,98.20,324.00,1,0,0
174,3.296,98.30,324.00,1,0,0
176,3.296,101.20,334.00,1,0,0
189,3.292,98.20,324.00,1,0,0
191,3.296,98.10,323.00,1,0,0
194,3.296,98.20,324.00,1,0,0
196,3.296,98.00,323.00,1,0,0
199,3.296,98.00,323.00,1,0,0
201,3.292,97.00,323.00,1,0,0
203,3.296,97.80,323.00,1,0,0
206,3.296,98.50,324.00,1,0,0
208,3.296,97.60,319.00,1,0,0
211,3.292,97.00,319.00,1,0,0
213,3.292,97.20,319.00,1,0,0
216,3.296,97.20,319.00,1,0,0
218,3.292,97.20,321.00,1,0,0
221,3.296,98.60,324.00,1,0,0
223,3.296,97.50,321.00,1,0,0
226,3.296,97.40,321.00,1,0,0
228,3.292,98.90,326.00,1,0,0
231,3.296,98.90,326.00,1,0,0
233,3.296,91.00,300.00,1,0,0
246,3.280,97.20,319.00,1,0,0
248,3.292,97.10,319.00,1,0,0
251,3.292,98.00,323.00,1,0,0
253,3.296,98.20,323.00,1,0,0
256,3.296,98.30,324.00,1,0,0
258,3.296,98.10,323.00,1,0,0
261,3.292,97.20,321.00,1,0,0
263,3.296,97.30,321.00,1,0,0
266,3.296,97.80,323.00,1,0,0
268,3.296,97.80,323.00,1,0,0
270,3.292,100.90,333.00,1,0,0
273,3.296,98.20,324.00,1,0,0
275,3.292,99.10,324.00,1,0,0
278,3.292,102.80,339.00,1,0,0
280,3.292,97.10,319.00,1,0,0
283,3.296,102.40,323.00,1,0,0
285,3.292,98.10,323.00,1,0,0
288,3.292,91.30,300.00,1,0,0
300,3.292,97.20,319.00,1,0,0
303,3.296,97.20,323.00,1,0,0
305,3.292,98.10,324.00,1,0,0
308,3.296,98.90,326.00,1,0,0
310,3.296,97.50,321.00,1,0,0
313,3.292,97.20,321.00,1,0,0
315,3.296,97.30,321.00,1,0,0
318,3.292,97.40,321.00,1,0,0
320,3.296,97.20,316.00,1,0,0
323,3.296,104.70,344.00,1,0,0
325,3.296,98.40,324.00,1,0,0
328,3.296,98.00,323.00,1,0,0
330,3.292,98.90,326.00,1,0,0
333,3.296,98.40,324.00,1,0,0
335,3.296,94.90,298.00,1,0,0
338,3.292,97.60,321.00,1,0,0
340,3.292,97.40,321.00,1,0,0
342,3.296,98.00,306.00,1,0,0
345,3.292,91.90,303.00,1,0,0
358,3.296,98.80,326.00,1,0,0
360,3.296,97.40,321.00,1,0,0
363,3.292,97.10,318.00,1,0,0
365,3.292,97.40,323.00,1,0,0
367,3.296,97.80,323.00,1,0,0
370,3.296,97.80,323.00,1,0,0
372,3.296,97.40,321.00,1,0,0
379,3.292,97.40,321.00,1,0,0
382,3.288,106.40,351.00,1,0,0
384,3.292,97.70,321.00,1,0,0
387,3.292,93.60,308.00,1,0,0
389,3.292,91.10,300.00,1,0,0
392,3.292,98.10,323.00,1,0,0
394,3.296,98.10,323.00,1,0,0
396,3.296,98.60,324.00,1,0,0
399,3.292,99.30,324.00,1,0,0
401,3.296,98.10,323.00,1,0,0
404,3.284,97.30,321.00,1,0,0
406,3.296,97.90,323.00,1,0,0
409,3.292,98.10,323.00,1,0,0
411,3.292,98.10,323.00,1,0,0
414,3.292,97.60,321.00,1,0,0
416,3.292,97.20,319.00,1,0,0
419,3.292,97.50,321.00,1,0,0
421,3.292,97.20,319.00,1,0,0
424,3.296,97.20,319.00,1,0,0
436,3.296,99.00,326.00,1,0,0
439,3.292,90.30,297.00,1,0,0
441,3.292,97.30,321.00,1,0,0
444,3.276,97.60,323.00,1,0,0
446,3.296,91.50,301.00,1,0,0
449,3.292,90.10,297.00,1,0,0
451,3.292,97.20,321.00,1,0,0
454,3.296,99.10,326.00,1,0,0
456,3.296,97.80,323.00,1,0,0
459,3.296,97.10,323.00,1,0,0
461,3.292,97.10,319.00,1,0,0
464,3.292,99.00,326.00,1,0,0
466,3.292,97.30,319.00,1,0,0
468,3.292,98.20,323.00,1,0,0
471,3.292,97.60,321.00,1,0,0
473,3.296,97.70,321.00,1,0,0
476,3.292,97.30,321.00,1,0,0
478,3.292,98.90,326.00,1,0,0
481,3.296,100.30,331.00,1,0,0
493,3.292,91.20,300.00,1,0,0
496,3.292,97.20,336.00,1,0,0
498,3.296,98.10,323.00,1,0,0
501,3.292,98.00,323.00,1,0,0
503,3.292,98.40,323.00,1,0,0
506,3.292,97.70,321.00,1,0,0
508,3.292,97.90,323.00,1,0,0
511,3.292,98.00,324.00,1,0,0
513,3.292,98.10,323.00,1,0,0
516,3.292,97.20,319.00,1,0,0
518,3.296,99.80,321.00,1,0,0
521,3.292,97.20,319.00,1,0,0
523,3.284,122.80,405.00,1,0,0
526,3.292,97.10,323.00,1,0,0
528,3.296,98.20,323.00,1,0,0
531,3.292,98.50,324.00,1,0,0
533,3.292,98.00,323.00,1,0,0
535,3.296,98.40,326.00,1,0,0
538,3.296,98.60,324.00,1,0,0
551,3.292,90.10,297.00,1,0,0
553,3.292,97.10,319.00,1,0,0
555,3.292,97.10,323.00,1,0,0
558,3.292,97.90,323.00,1,0,0
560,3.292,97.30,321.00,1,0,0
563,3.296,102.30,385.00,1,0,0
565,3.292,97.10,319.00,1,0,0
568,3.296,98.70,326.00,1,0,0
570,3.292,97.50,324.00,1,0,0
573,3.296,97.20,321.00,1,0,0
575,3.296,97.70,323.00,1,0,0
578,3.296,97.70,323.00,1,0,0
580,3.296,98.00,323.00,1,0,0
583,3.296,97.90,323.00,1,0,0
585,3.292,97.40,321.00,1,0,0
588,3.296,97.70,319.00,1,0,0
590,3.280,98.80,326.00,1,0,0
593,3.292,91.40,301.00,1,0,0
595,3.292,95.90,321.00,1,0,0
608,3.296,97.30,319.00,1,0,0
610,3.292,98.20,324.00,1,0,0
613,3.296,98.00,323.00,1,0,0
615,3.296,98.10,323.00,1,0,0
618,3.296,97.40,321.00,1,0,0
620,3.296,97.70,323.00,1,0,0
622,3.292,97.20,319.00,1,0,0
625,3.296,97.20,319.00,1,0,0
627,3.292,102.70,339.00,1,0,0
630,3.296,98.30,324.00,1,0,0
632,3.296,98.60,324.00,1,0,0
635,3.296,97.30,321.00,1,0,0
637,3.292,97.60,321.00,1,0,0
640,3.296,98.90,326.00,1,0,0
642,3.296,91.60,301.00,1,0,0
645,3.292,115.50,380.00,1,0,0
647,3.296,97.60,326.00,1,0,0
650,3.292,98.30,324.00,1,0,0
662,3.296,97.20,321.00,1,0,0
665,3.296,98.10,323.00,1,0,0
667,3.296,97.10,319.00,1,0,0
670,3.292,97.10,319.00,1,0,0
672,3.292,97.10,319.00,1,0,0
675,3.296,98.00,328.00,1,0,0
677,3.296,97.60,321.00,1,0,0
680,3.296,97.40,321.00,1,0,0
682,3.296,94.00,396.00,1,0,0
685,3.292,97.60,321.00,1,0,0
687,3.292,98.40,324.00,1,0,0
690,3.296,101.60,334.00,1,0,0
692,3.292,97.30,319.00,1,0,0
694,3.292,93.20,306.00,1,0,0
697,3.292,91.40,301.00,1,0,0
699,3.292,98.20,319.00,1,0,0
702,3.292,98.20,323.00,1,0,0
704,3.292,97.90,323.00,1,0,0
707,3.296,97.80,324.00,1,0,0
719,3.296,98.00,323.00,1,0,0
722,3.292,97.90,321.00,1,0,0
724,3.292,98.10,323.00,1,0,0
727,3.296,99.40,323.00,1,0,0
729,3.292,98.30,324.00,1,0,0
732,3.292,98.20,323.00,1,0,0
734,3.292,98.60,324.00,1,0,0
737,3.292,98.40,323.00,1,0,0
739,3.292,98.00,323.00,1,0,0
742,3.292,99.20,326.00,1,0,0
744,3.292,99.10,310.00,1,0,0
747,3.292,90.30,298.00,1,0,0
749,3.288,105.40,346.00,1,0,0
752,3.284,98.80,331.00,1,0,0
754,3.292,92.00,303.00,1,0,0
757,3.292,93.20,306.00,1,0,0
759,3.296,98.10,323.00,1,0,0
761,3.292,100.50,331.00,1,0,0
774,3.292,98.10,323.00,1,0,0
777,3.296,101.90,336.00,1,0,0
779,3.296,98.00,323.00,1,0,0
782,3.296,97.80,323.00,1,0,0
784,3.296,96.10,316.00,1,0,0
787,3.296,95.70,321.00,1,0,0
789,3.292,97.80,323.00,1,0,0
791,3.292,97.90,323.00,1,0,0
794,3.296,98.10,323.00,1,0,0
796,3.292,98.00,323.00,1,0,0
799,3.292,98.20,323.00,1,0,0
801,3.292,96.90,319.00,1,0,0
804,3.288,91.20,321.00,1,0,0
806,3.292,99.50,328.00,1,0,0
809,3.292,97.80,323.00,1,0,0
811,3.292,98.20,323.00,1,0,0
814,3.292,98.30,324.00,1,0,0
816,3.292,98.10,323.00,1,0,0
819,3.296,98.60,324.00,1,0,0
831,3.296,98.60,334.00,1,0,0
834,3.292,98.20,324.00,1,0,0
836,3.292,98.20,323.00,1,0,0
839,3.296,98.40,324.00,1,0,0
841,3.296,98.10,321.00,1,0,0
844,3.296,98.10,323.00,1,0,0
846,3.296,98.90,326.00,1,0,0
849,3.292,90.70,306.00,1,0,0
851,3.296,98.00,323.00,1,0,0
854,3.292,97.40,321.00,1,0,0
856,3.296,91.60,303.00,1,0,0
858,3.296,91.00,300.00,1,0,0
861,3.292,97.20,321.00,1,0,0
863,3.292,97.30,318.00,1,0,0
866,3.292,100.70,333.00,1,0,0
868,3.292,97.70,321.00,1,0,0
871,3.292,98.00,321.00,1,0,0
873,3.292,98.40,324.00,1,0,0
876,3.296,98.20,323.00,1,0,0
888,3.296,99.20,328.00,1,0,0
891,3.292,97.50,321.00,1,0,0
893,3.292,100.20,326.00,1,0,0
896,3.292,98.40,324.00,1,0,0
898,3.292,98.00,323.00,1,0,0
901,3.296,92.90,300.00,1,0,0
903,3.292,98.00,323.00,1,0,0
906,3.296,97.30,321.00,1,0,0
908,3.292,98.40,324.00,1,0,0
911,3.292,98.20,323.00,1,0,0
913,3.296,98.00,323.00,1,0,0
916,3.296,97.10,319.00,1,0,0
918,3.292,98.00,323.00,1,0,0
921,3.292,98.00,323.00,1,0,0
923,3.292,104.00,323.00,1,0,0
925,3.296,97.30,321.00,1,0,0
928,3.292,97.70,321.00,1,0,0
930,3.292,97.10,319.00,1,0,0
943,3.292,97.80,323.00,1,0,0
946,3.296,98.90,324.00,1,0,0
948,3.296,98.30,324.00,1,0,0
950,3.292,90.70,298.00,1,0,0
953,3.296,88.80,323.00,1,0,0
955,3.280,101.80,334.00,1,0,0
958,3.280,105.20,346.00,1,0,0
960,3.292,91.70,323.00,1,0,0
963,3.292,102.00,334.00,1,0,0
965,3.280,121.40,398.00,1,0,0
968,3.280,101.80,329.00,1,0,0
970,3.292,97.60,321.00,1,0,0
973,3.296,98.10,323.00,1,0,0
975,3.292,97.50,321.00,1,0,0
978,3.292,97.10,319.00,1,0,0
980,3.292,99.20,326.00,1,0,0
983,3.292,97.20,321.00,1,0,0
985,3.296,100.40,331.00,1,0,0
998,3.292,97.80,323.00,1,0,0
1000,3.292,98.50,324.00,1,0,0
1003,3.292,91.80,306.00,1,0,0
1005,3.292,98.20,324.00,1,0,0
1008,3.292,111.80,367.00,1,0,0
1010,3.296,98.50,324.00,1,0,0
1013,3.296,98.10,323.00,1,0,0
1015,3.292,98.30,324.00,1,0,0
1018,3.292,97.10,319.00,1,0,0
1020,3.296,97.30,323.00,1,0,0
1022,3.296,98.00,323.00,1,0,0
1025,3.292,97.60,321.00,1,0,0
1027,3.296,97.70,321.00,1,0,0
1030,3.292,97.20,319.00,1,0,0
1032,3.292,97.10,319.00,1,0,0
1035,3.292,97.50,321.00,1,0,0
1048,3.292,98.70,331.00,1,0,0
1050,3.296,98.90,326.00,1,0,0
1052,3.292,91.90,303.00,1,0,0
1055,3.292,98.20,319.00,1,0,0
1057,3.296,97.00,321.00,1,0,0
1060,3.296,92.20,303.00,1,0,0
1062,3.292,92.00,303.00,1,0,0
1065,3.292,97.00,318.00,1,0,0
1067,3.296,98.60,324.00,1,0,0
1070,3.296,98.50,324.00,1,0,0
1072,3.292,97.10,321.00,1,0,0
1075,3.292,98.10,323.00,1,0,0
1077,3.292,97.30,321.00,1,0,0
1080,3.292,97.10,321.00,1,0,0
1082,3.296,97.80,323.00,1,0,0
1085,3.296,96.10,316.00,1,0,0
1097,3.292,97.60,319.00,1,0,0
1100,3.292,98.00,324.00,1,0,0
1102,3.292,98.50,324.00,1,0,0
1105,3.296,91.30,301.00,1,0,0
1107,3.292,97.50,321.00,1,0,0
1110,3.296,98.20,324.00,1,0,0
1112,3.296,98.20,323.00,1,0,0
1115,3.296,98.10,323.00,1,0,0
1117,3.296,98.10,324.00,1,0,0
1119,3.296,96.90,319.00,1,0,0
1122,3.296,97.90,323.00,1,0,0
1124,3.296,98.00,336.00,1,0,0
1127,3.296,98.00,323.00,1,0,0
1129,3.296,98.00,323.00,1,0,0
1132,3.292,97.30,321.00,1,0,0
1134,3.292,97.20,319.00,1,0,0
1147,3.296,97.80,323.00,1,0,0
1149,3.296,98.10,323.00,1,0,0
1152,3.296,98.90,326.00,1,0,0
1154,3.296,90.50,298.00,1,0,0
1157,3.292,97.10,319.00,1,0,0
1159,3.292,97.30,326.00,1,0,0
1162,3.296,98.60,324.00,1,0,0
1164,3.292,91.80,301.00,1,0,0
1167,3.292,97.20,331.00,1,0,0
1169,3.280,97.20,319.00,1,0,0
1172,3.292,97.30,321.00,1,0,0
1174,3.292,97.10,319.00,1,0,0
1177,3.292,98.00,324.00,1,0,0
1179,3.292,97.20,321.00,1,0,0
1182,3.296,97.60,321.00,1,0,0
1184,3.292,96.90,323.00,1,0,0
1197,3.296,98.20,329.00,1,0,0
1199,3.292,97.70,323.00,1,0,0
1202,3.296,99.00,326.00,1,0,0
1204,3.296,97.30,321.00,1,0,0
1207,3.296,97.80,323.00,1,0,0
1209,3.292,91.20,300.00,1,0,0
1212,3.296,97.00,319.00,1,0,0
1214,3.292,98.30,324.00,1,0,0
1216,3.296,98.60,324.00,1,0,0
1219,3.296,98.90,324.00,1,0,0
1221,3.296,97.10,319.00,1,0,0
1224,3.292,97.50,321.00,1,0,0
1226,3.296,98.20,324.00,1,0,0
1229,3.296,98.40,324.00,1,0,0
1231,3.296,105.10,346.00,1,0,0
1234,3.280,105.20,346.00,1,0,0
1246,3.280,105.90,349.00,1,0,0
1249,3.288,98.60,321.00,1,0,0
1251,3.216,143.30,470.00,1,0,0
1254,3.296,103.50,341.00,1,0,0
1256,3.296,99.00,298.00,1,0,0
1259,3.292,97.10,319.00,1,0,0
1261,3.292,98.20,323.00,1,0,0
1264,3.296,98.00,324.00,1,0,0
1266,3.296,91.90,303.00,1,0,0
1269,3.292,96.90,319.00,1,0,0
1271,3.292,97.50,321.00,1,0,0
1274,3.292,97.20,321.00,1,0,0
1276,3.296,97.10,319.00,1,0,0
1279,3.292,98.40,323.00,1,0,0
1281,3.296,97.10,319.00,1,0,0
1284,3.296,97.30,321.00,1,0,0
1296,3.292,98.40,324.00,1,0,0
1299,3.296,98.20,324.00,1,0,0
1301,3.292,97.80,321.00,1,0,0
1304,3.284,98.00,323.00,1,0,0
1306,3.292,98.00,323.00,1,0,0
1309,3.296,97.90,323.00,1,0,0
1311,3.292,91.20,300.00,1,0,0
1313,3.292,97.10,319.00,1,0,0
1316,3.296,97.90,324.00,1,0,0
1318,3.296,98.40,324.00,1,0,0
1321,3.296,98.10,323.00,1,0,0
1323,3.296,98.20,321.00,1,0,0
1326,3.292,97.20,319.00,1,0,0
1328,3.292,100.30,331.00,1,0,0
1331,3.292,98.30,324.00,1,0,0
1333,3.296,98.00,323.00,1,0,0
1346,3.292,97.40,323.00,1,0,0
1348,3.292,98.40,324.00,1,0,0
1351,3.292,98.40,324.00,1,0,0
1353,3.296,97.90,323.00,1,0,0
1356,3.296,98.60,324.00,1,0,0
1358,3.296,98.20,324.00,1,0,0
1361,3.292,91.00,318.00,1,0,0
1363,3.292,96.70,318.00,1,0,0
1366,3.296,97.70,323.00,1,0,0
1368,3.296,104.70,303.00,1,0,0
1371,3.292,114.80,378.00,1,0,0
1373,3.296,97.10,319.00,1,0,0
1376,3.296,97.10,319.00,1,0,0
1378,3.292,97.40,321.00,1,0,0
1381,3.296,97.80,323.00,1,0,0
1383,3.296,98.40,319.00,1,0,0
1396,3.292,97.80,323.00,1,0,0
1398,3.296,97.40,324.00,1,0,0
1401,3.292,98.30,324.00,1,0,0
1403,3.292,97.50,321.00,1,0,0
1406,3.292,111.60,328.00,1,0,0
1408,3.296,122.70,405.00,1,0,0
1411,3.292,99.30,328.00,1,0,0
1413,3.292,91.30,323.00,1,0,0
1415,3.296,102.70,339.00,1,0,0
1418,3.292,97.60,321.00,1,0,0
1420,3.296,98.10,336.00,1,0,0
1423,3.292,98.00,323.00,1,0,0
1425,3.296,98.10,323.00,1,0,0
1428,3.292,97.40,321.00,1,0,0
1430,3.292,98.00,323.00,1,0,0
1433,3.296,98.20,324.00,1,0,0
1445,3.296,97.40,321.00,1,0,0
1448,3.292,120.50,396.00,1,0,0
1450,3.292,98.00,324.00,1,0,0
1453,3.292,98.20,324.00,1,0,0
1455,3.296,99.30,328.00,1,0,0
1458,3.296,99.70,326.00,1,0,0
1460,3.296,98.30,324.00,1,0,0
1463,3.292,90.20,297.00,1,0,0
1465,3.292,97.20,321.00,1,0,0
1468,3.296,97.30,321.00,1,0,0
1470,3.296,99.10,326.00,1,0,0
1473,3.292,97.50,323.00,1,0,0
1475,3.292,97.80,323.00,1,0,0
1478,3.296,97.60,321.00,1,0,0
1480,3.300,100.80,321.00,1,0,0
1482,3.292,98.10,323.00,1,0,0
1495,3.296,97.20,321.00,1,0,0
1498,3.292,97.50,321.00,1,0,0
1500,3.292,97.30,321.00,1,0,0
1503,3.296,99.00,326.00,1,0,0
1505,3.292,97.50,321.00,1,0,0
1508,3.292,98.10,323.00,1,0,0
1510,3.292,97.30,321.00,1,0,0
1512,3.292,98.00,323.00,1,0,0
1515,3.292,98.00,323.00,1,0,0
1517,3.296,91.30,311.00,1,0,0
1520,3.296,97.20,319.00,1,0,0
1522,3.292,98.40,324.00,1,0,0
1525,3.292,98.30,324.00,1,0,0
1527,3.296,102.60,338.00,1,0,0
1530,3.292,100.10,329.00,1,0,0
1532,3.288,104.70,331.00,1,0,0
1545,3.292,97.60,321.00,1,0,0
1547,3.292,96.90,319.00,1,0,0
1550,3.292,97.80,323.00,1,0,0
1552,3.292,97.90,323.00,1,0,0
1555,3.296,98.40,324.00,1,0,0
1557,3.292,97.80,323.00,1,0,0
1560,3.296,98.90,326.00,1,0,0
1562,3.296,96.60,326.00,1,0,0
1565,3.292,90.50,298.00,1,0,0
1567,3.292,97.20,319.00,1,0,0
1570,3.292,98.00,321.00,1,0,0
1572,3.292,91.30,300.00,1,0,0
1575,3.292,91.30,300.00,1,0,0
1577,3.296,101.10,333.00,1,0,0
1580,3.296,97.10,319.00,1,0,0
1582,3.292,97.10,319.00,1,0,0
1595,3.292,98.30,324.00,1,0,0
1597,3.292,97.00,326.00,1,0,0
1600,3.296,97.90,323.00,1,0,0
1602,3.292,97.20,319.00,1,0,0
1605,3.296,99.20,328.00,1,0,0
1607,3.296,97.80,336.00,1,0,0
1609,3.288,101.70,334.00,1,0,0
1612,3.292,97.50,321.00,1,0,0
1614,3.296,97.30,323.00,1,0,0
1617,3.292,91.20,300.00,1,0,0
1619,3.296,98.50,324.00,1,0,0
1622,3.292,97.10,319.00,1,0,0
1624,3.296,100.80,333.00,1,0,0
1627,3.296,97.40,321.00,1,0,0
1629,3.292,98.30,324.00,1,0,0
1632,3.296,97.10,319.00,1,0,0
1644,3.296,97.30,321.00,1,0,0
1647,3.296,97.30,321.00,1,0,0
1649,3.292,97.10,319.00,1,0,0
1652,3.292,97.10,319.00,1,0,0
1654,3.292,97.60,321.00,1,0,0
1657,3.296,98.70,324.00,1,0,0
1659,3.296,98.00,323.00,1,0,0
1662,3.292,98.80,326.00,1,0,0
1664,3.296,99.00,326.00,1,0,0
1667,3.296,91.20,300.00,1,0,0
1669,3.292,97.60,321.00,1,0,0
1672,3.296,97.80,323.00,1,0,0
1674,3.292,97.30,326.00,1,0,0
1677,3.296,91.60,301.00,1,0,0
1679,3.296,100.60,331.00,1,0,0
1681,3.296,95.50,321.00,1,0,0
1694,3.288,105.30,338.00,1,0,0
1697,3.296,97.70,321.00,1,0,0
1699,3.280,100.20,329.00,1,0,0
1702,3.296,97.90,323.00,1,0,0
1704,3.292,97.10,319.00,1,0,0
1706,3.296,99.00,326.00,1,0,0
1709,3.296,96.90,324.00,1,0,0
1711,3.292,97.40,321.00,1,0,0
1714,3.296,97.20,319.00,1,0,0
1716,3.292,97.10,319.00,1,0,0
1719,3.292,91.70,300.00,1,0,0
1721,3.296,98.10,323.00,1,0,0
1724,3.296,97.20,319.00,1,0,0
1726,3.296,98.10,324.00,1,0,0
1729,3.292,98.30,324.00,1,0,0
1731,3.292,98.20,323.00,1,0,0
1744,3.292,97.80,323.00,1,0,0
1746,3.292,97.30,321.00,1,0,0
1749,3.296,96.90,319.00,1,0,0
1751,3.292,97.30,321.00,1,0,0
1754,3.296,97.80,321.00,1,0,0
1756,3.292,98.50,324.00,1,0,0
1759,3.296,102.80,339.00,1,0,0
1761,3.296,98.70,324.00,1,0,0
1764,3.296,99.00,326.00,1,0,0
1766,3.296,98.90,326.00,1,0,0
1769,3.276,98.20,301.00,1,0,0
1771,3.292,97.10,319.00,1,0,0
1774,3.292,97.40,321.00,1,0,0
1776,3.296,98.20,323.00,1,0,0
1778,3.292,95.30,301.00,1,0,0
1781,3.292,97.40,321.00,1,0,0
1794,3.292,97.10,319.00,1,0,0
1796,3.296,97.00,319.00,1,0,0
1799,3.292,97.20,323.00,1,0,0
1801,3.296,97.10,319.00,1,0,0
1803,3.296,98.00,323.00,1,0,0
1806,3.296,98.00,329.00,1,0,0
1808,3.292,97.80,323.00,1,0,0
1811,3.296,97.70,323.00,1,0,0
1813,3.296,97.90,323.00,1,0,0
1816,3.292,97.00,319.00,1,0,0
1818,3.296,98.00,323.00,1,0,0
1821,3.296,98.00,323.00,1,0,0
1823,3.292,91.30,300.00,1,0,0
1826,3.292,97.00,319.00,1,0,0
1828,3.296,98.60,324.00,1,0,0
1831,3.288,105.20,339.00,1,0,0
1843,3.280,99.90,323.00,1,0,0
1846,3.296,98.50,324.00,1,0,0
1848,3.280,100.00,329.00,1,0,0
1851,3.296,100.00,323.00,1,0,0
1853,3.292,97.40,321.00,1,0,0
1856,3.292,98.20,324.00,1,0,0
1858,3.296,98.30,323.00,1,0,0
1861,3.296,98.90,326.00,1,0,0
1863,3.292,97.40,321.00,1,0,0
1866,3.296,97.30,324.00,1,0,0
1868,3.296,99.00,326.00,1,0,0
1871,3.292,96.60,318.00,1,0,0
1873,3.292,91.00,319.00,1,0,0
1875,3.292,97.40,321.00,1,0,0
1878,3.292,98.30,324.00,1,0,0
1880,3.292,97.50,301.00,1,0,0
1893,3.292,98.30,324.00,1,0,0
1896,3.296,97.10,319.00,1,0,0
1898,3.296,97.10,319.00,1,0,0
1901,3.296,97.20,319.00,1,0,0
1903,3.296,97.80,321.00,1,0,0
1905,3.292,99.50,328.00,1,0,0
1908,3.292,97.20,319.00,1,0,0
1910,3.284,99.30,326.00,1,0,0
1913,3.296,97.50,321.00,1,0,0
1915,3.292,97.00,319.00,1,0,0
1918,3.296,110.00,326.00,1,0,0
1920,3.292,97.10,319.00,1,0,0
1923,3.292,95.60,315.00,1,0,0
1925,3.292,91.20,324.00,1,0,0
1928,3.296,126.00,415.00,1,0,0
1930,3.296,98.00,323.00,1,0,0
1943,3.296,98.60,324.00,1,0,0
1945,3.296,97.90,323.00,1,0,0
1948,3.296,98.00,323.00,1,0,0
1950,3.296,97.20,321.00,1,0,0
1953,3.296,97.20,319.00,1,0,0
1955,3.296,97.20,319.00,1,0,0
1958,3.292,97.30,321.00,1,0,0
1960,3.296,97.50,321.00,1,0,0
1963,3.296,97.50,324.00,1,0,0
1965,3.296,98.40,324.00,1,0,0
1968,3.292,99.40,326.00,1,0,0
1970,3.292,99.00,326.00,1,0,0
1973,3.296,99.00,326.00,1,0,0
1975,3.292,90.70,298.00,1,0,0
1977,3.296,96.20,321.00,1,0,0
1980,3.296,97.20,321.00,1,0,0
1993,3.292,96.90,319.00,1,0,0
1995,3.296,98.60,324.00,1,0,0
1998,3.292,97.40,321.00,1,0,0
2000,3.292,97.10,319.00,1,0,0
2002,3.292,97.20,319.00,1,0,0
2005,3.292,97.10,319.00,1,0,0
2007,3.296,98.50,403.00,1,0,0
2010,3.292,97.10,319.00,1,0,0
2012,3.292,97.10,319.00,1,0,0
2015,3.292,96.40,321.00,1,0,0
2017,3.292,97.80,323.00,1,0,0
2020,3.292,107.40,354.00,1,0,0
2022,3.292,97.10,319.00,1,0,0
2025,3.292,98.20,323.00,1,0,0
2027,3.292,98.50,324.00,1,0,0
2030,3.292,91.20,321.00,1,0,0
2042,3.292,97.00,319.00,1,0,0
2045,3.292,97.70,323.00,1,0,0
2047,3.296,98.30,321.00,1,0,0
2050,3.296,98.10,323.00,1,0,0
2052,3.296,99.50,321.00,1,0,0
2055,3.292,100.70,333.00,1,0,0
2057,3.296,97.10,319.00,1,0,0
2060,3.292,97.20,319.00,1,0,0
2062,3.292,97.90,323.00,1,0,0
2065,3.296,97.60,321.00,1,0,0
2067,3.296,98.90,331.00,1,0,0
2070,3.288,97.60,321.00,1,0,0
2072,3.292,98.90,326.00,1,0,0
2074,3.292,98.80,324.00,1,0,0
2077,3.292,90.90,300.00,1,0,0
2079,3.296,98.10,323.00,1,0,0
2092,3.296,97.00,319.00,1,0,0
2095,3.292,97.10,319.00,1,0,0
2097,3.296,98.10,323.00,1,0,0
2099,3.296,97.60,321.00,1,0,0
2102,3.292,97.30,321.00,1,0,0
2104,3.296,97.50,319.00,1,0,0
2107,3.292,98.30,324.00,1,0,0
2109,3.292,98.40,324.00,1,0,0
2112,3.296,97.60,321.00,1,0,0
2114,3.292,97.60,321.00,1,0,0
2117,3.296,98.10,323.00,1,0,0
2119,3.292,97.70,321.00,1,0,0
2122,3.296,97.30,321.00,1,0,0
2124,3.292,97.20,319.00,1,0,0
2127,3.296,97.50,323.00,1,0,0
2129,3.288,91.20,300.00,1,0,0
2142,3.292,97.90,323.00,1,0,0
2144,3.292,98.10,323.00,1,0,0
2147,3.292,98.40,326.00,1,0,0
2149,3.296,98.00,323.00,1,0,0
2152,3.292,98.10,323.00,1,0,0
2154,3.292,97.20,321.00,1,0,0
2157,3.292,97.30,321.00,1,0,0
2159,3.292,97.20,319.00,1,0,0
2162,3.296,97.10,319.00,1,0,0
2164,3.296,97.00,323.00,1,0,0
2167,3.296,97.90,323.00,1,0,0
2169,3.296,98.50,324.00,1,0,0
2171,3.292,97.70,326.00,1,0,0
2174,3.296,98.90,326.00,1,0,0
2176,3.296,98.90,326.00,1,0,0
2179,3.296,90.60,298.00,1,0,0
2192,3.292,97.10,321.00,1,0,0
2194,3.292,97.20,321.00,1,0,0
2196,3.296,97.80,323.00,1,0,0
2199,3.292,97.40,324.00,1,0,0
2201,3.296,97.80,323.00,1,0,0
2204,3.292,97.20,321.00,1,0,0
2206,3.296,98.10,323.00,1,0,0
2209,3.288,98.10,323.00,1,0,0
2211,3.296,97.80,323.00,1,0,0
2214,3.292,97.80,323.00,1,0,0
2216,3.296,97.30,321.00,1,0,0
2219,3.296,99.00,326.00,1,0,0
2221,3.292,97.50,321.00,1,0,0
2224,3.292,98.10,321.00,1,0,0
2226,3.292,97.10,319.00,1,0,0
2229,3.292,97.10,319.00,1,0,0
2241,3.296,98.30,324.00,1,0,0
2244,3.296,98.00,323.00,1,0,0
2246,3.292,98.50,324.00,1,0,0
2249,3.284,97.60,321.00,1,0,0
2251,3.292,98.60,324.00,1,0,0
2254,3.296,97.40,321.00,1,0,0
2256,3.296,97.40,321.00,1,0,0
2259,3.292,98.20,329.00,1,0,0
2261,3.292,97.50,321.00,1,0,0
2264,3.292,97.30,321.00,1,0,0
2266,3.296,98.00,321.00,1,0,0
2268,3.296,98.00,321.00,1,0,0
2271,3.292,98.30,324.00,1,0,0
2273,3.292,97.40,321.00,1,0,0
2276,3.292,97.00,326.00,1,0,0
2278,3.292,99.00,326.00,1,0,0
2291,3.292,91.10,300.00,1,0,0
2293,3.292,97.00,319.00,1,0,0
2296,3.292,98.20,319.00,1,0,0
2298,3.296,97.20,321.00,1,0,0
2301,3.292,97.30,321.00,1,0,0
2303,3.296,98.30,323.00,1,0,0
2306,3.292,97.00,319.00,1,0,0
2308,3.296,98.90,324.00,1,0,0
2311,3.292,98.20,324.00,1,0,0
2313,3.292,96.90,319.00,1,0,0
2316,3.292,96.80,318.00,1,0,0
2318,3.296,97.20,323.00,1,0,0
2321,3.292,98.70,324.00,1,0,0
2323,3.292,97.60,321.00,1,0,0
2326,3.292,97.70,321.00,1,0,0
2328,3.292,99.80,328.00,1,0,0
2341,3.296,98.40,324.00,1,0,0
2343,3.292,98.30,324.00,1,0,0
2346,3.292,98.20,324.00,1,0,0
2348,3.292,97.20,319.00,1,0,0
2351,3.292,97.70,323.00,1,0,0
2353,3.292,98.80,326.00,1,0,0
2356,3.296,97.90,323.00,1,0,0
2358,3.292,98.20,324.00,1,0,0
2361,3.292,97.40,321.00,1,0,0
2363,3.292,97.30,321.00,1,0,0
2365,3.292,96.90,319.00,1,0,0
2368,3.296,107.50,354.00,1,0,0
2370,3.296,117.20,324.00,1,0,0
2373,3.296,98.50,324.00,1,0,0
2375,3.296,97.90,323.00,1,0,0
2382,3.296,98.50,298.00,1,0,0
2385,3.292,91.70,301.00,1,0,0
2387,3.296,97.40,321.00,1,0,0
2390,3.292,97.20,324.00,1,0,0
2392,3.296,92.90,306.00,1,0,0
2395,3.296,90.20,297.00,1,0,0
2397,3.292,97.20,319.00,1,0,0
2399,3.292,97.80,323.00,1,0,0
2412,3.296,97.10,319.00,1,0,0
2415,3.292,98.20,323.00,1,0,0
2417,3.292,97.50,321.00,1,0,0
2420,3.296,97.70,319.00,1,0,0
2422,3.292,98.80,326.00,1,0,0
2425,3.296,98.90,326.00,1,0,0
2427,3.296,100.40,321.00,1,0,0
2430,3.292,99.00,326.00,1,0,0
2432,3.292,99.10,326.00,1,0,0
2434,3.296,98.00,323.00,1,0,0
2437,3.292,93.00,306.00,1,0,0
2439,3.296,91.30,301.00,1,0,0
2442,3.292,97.10,323.00,1,0,0
2444,3.296,98.30,324.00,1,0,0
2447,3.292,98.20,324.00,1,0,0
2449,3.296,98.90,385.00,1,0,0
2462,3.296,97.40,321.00,1,0,0
2464,3.296,97.80,319.00,1,0,0
2467,3.296,97.30,321.00,1,0,0
2469,3.292,96.90,319.00,1,0,0
2472,3.296,97.00,323.00,1,0,0
2474,3.296,97.80,323.00,1,0,0
2477,3.296,98.50,324.00,1,0,0
2479,3.296,97.50,321.00,1,0,0
2482,3.296,98.90,326.00,1,0,0
2484,3.292,99.60,328.00,1,0,0
2487,3.296,91.00,298.00,1,0,0
2489,3.288,116.60,385.00,1,0,0
2492,3.296,97.30,321.00,1,0,0
2494,3.296,98.90,316.00,1,0,0
2497,3.292,89.90,297.00,1,0,0
2499,3.292,97.00,319.00,1,0,0
2512,3.292,97.30,321.00,1,0,0
2514,3.292,97.20,319.00,1,0,0
2517,3.292,97.80,323.00,1,0,0
2519,3.292,97.40,321.00,1,0,0
2522,3.296,97.70,323.00,1,0,0
2524,3.296,97.70,324.00,1,0,0
2527,3.296,98.90,326.00,1,0,0
2529,3.292,100.50,331.00,1,0,0
2531,3.292,98.50,319.00,1,0,0
2534,3.292,95.60,315.00,1,0,0
2536,3.292,97.90,323.00,1,0,0
2539,3.292,91.10,311.00,1,0,0
2541,3.292,98.20,323.00,1,0,0
2544,3.292,97.20,319.00,1,0,0
2546,3.296,98.40,324.00,1,0,0
2549,3.292,98.00,323.00,1,0,0
2561,3.292,98.00,323.00,1,0,0
2564,3.296,97.20,319.00,1,0,0
2566,3.292,97.00,321.00,1,0,0
2569,3.280,99.40,328.00,1,0,0
2571,3.292,97.10,319.00,1,0,0
2574,3.292,97.10,319.00,1,0,0
2576,3.292,97.80,321.00,1,0,0
2579,3.292,98.60,324.00,1,0,0
2581,3.292,97.40,321.00,1,0,0
2584,3.296,97.30,324.00,1,0,0
2586,3.296,99.00,326.00,1,0,0
2589,3.292,90.90,300.00,1,0,0
2591,3.292,97.00,319.00,1,0,0
2594,3.292,97.40,321.00,1,0,0
2596,3.292,98.80,326.00,1,0,0
2599,3.292,91.70,297.00,1,0,0
2611,3.292,98.30,324.00,1,0,0
2614,3.292,97.10,319.00,1,0,0
2616,3.292,97.20,319.00,1,0,0
2619,3.292,97.50,323.00,1,0,0
2621,3.292,97.70,321.00,1,0,0
2624,3.292,97.80,323.00,1,0,0
2626,3.292,97.30,321.00,1,0,0
2628,3.296,98.90,321.00,1,0,0
2631,3.292,98.90,326.00,1,0,0
2633,3.292,97.60,321.00,1,0,0
2636,3.292,97.00,319.00,1,0,0
2638,3.296,97.70,321.00,1,0,0
2641,3.292,98.20,323.00,1,0,0
2643,3.292,91.30,301.00,1,0,0
2646,3.296,97.00,319.00,1,0,0
2648,3.288,119.00,392.00,1,0,0
2661,3.296,98.30,324.00,1,0,0
2663,3.292,98.00,323.00,1,0,0
2666,3.292,97.40,321.00,1,0,0
2668,3.296,97.30,321.00,1,0,0
2671,3.296,97.30,321.00,1,0,0
2673,3.296,97.30,321.00,1,0,0
2676,3.292,97.40,321.00,1,0,0
2678,3.292,98.50,319.00,1,0,0
2681,3.292,98.40,324.00,1,0,0
2683,3.296,97.20,319.00,1,0,0
2686,3.292,98.20,324.00,1,0,0
2688,3.296,101.10,323.00,1,0,0
2691,3.292,91.40,301.00,1,0,0
2693,3.292,96.80,318.00,1,0,0
2696,3.292,97.20,326.00,1,0,0
2698,3.292,101.50,334.00,1,0,0
2711,3.292,97.20,319.00,1,0,0
2713,3.292,97.90,323.00,1,0,0
2716,3.292,97.10,319.00,1,0,0
2718,3.292,97.20,319.00,1,0,0
2721,3.292,97.80,323.00,1,0,0
2723,3.296,97.50,323.00,1,0,0
2725,3.292,97.80,323.00,1,0,0
2728,3.292,121.20,400.00,1,0,0
2730,3.296,98.90,326.00,1,0,0
2733,3.296,98.70,326.00,1,0,0
2735,3.296,98.40,324.00,1,0,0
2738,3.292,97.30,321.00,1,0,0
2740,3.292,97.30,321.00,1,0,0
2743,3.292,98.10,323.00,1,0,0
2745,3.292,91.30,300.00,1,0,0
2748,3.292,94.00,319.00,1,0,0
2760,3.296,100.90,328.00,1,0,0
2763,3.296,98.50,324.00,1,0,0
2765,3.296,97.90,321.00,1,0,0
2768,3.292,97.90,323.00,1,0,0
2770,3.292,97.30,321.00,1,0,0
2773,3.292,97.40,321.00,1,0,0
2775,3.296,97.40,321.00,1,0,0
2778,3.296,97.10,319.00,1,0,0
2780,3.296,97.70,323.00,1,0,0
2783,3.292,98.50,324.00,1,0,0
2785,3.296,97.90,323.00,1,0,0
2788,3.292,98.10,323.00,1,0,0
2790,3.296,99.00,321.00,1,0,0
2793,3.296,90.60,298.00,1,0,0
2795,3.292,97.10,319.00,1,0,0
2797,3.296,97.40,321.00,1,0,0
2810,3.296,97.90,323.00,1,0,0
2813,3.296,97.10,319.00,1,0,0
2815,3.292,97.70,321.00,1,0,0
2818,3.292,97.80,323.00,1,0,0
2820,3.296,97.20,318.00,1,0,0
2822,3.292,97.20,321.00,1,0,0
2825,3.296,97.90,323.00,1,0,0
2827,3.296,97.70,323.00,1,0,0
2830,3.296,97.30,321.00,1,0,0
2832,3.296,99.00,326.00,1,0,0
2835,3.296,98.60,321.00,1,0,0
2837,3.292,97.70,321.00,1,0,0
2840,3.292,97.30,321.00,1,0,0
2842,3.296,97.20,321.00,1,0,0
2845,3.296,98.00,323.00,1,0,0
2847,3.296,100.10,329.00,1,0,0
2860,3.296,98.50,324.00,1,0,0
2862,3.296,97.20,319.00,1,0,0
2865,3.296,98.00,324.00,1,0,0
2867,3.296,98.70,326.00,1,0,0
2870,3.292,98.10,323.00,1,0,0
2872,3.296,97.40,321.00,1,0,0
2875,3.292,97.10,319.00,1,0,0
2877,3.292,97.20,319.00,1,0,0
2880,3.292,97.10,319.00,1,0,0
2882,3.292,96.90,319.00,1,0,0
2885,3.296,98.40,324.00,1,0,0
2887,3.296,98.20,398.00,1,0,0
2890,3.292,97.60,321.00,1,0,0
2892,3.292,98.20,324.00,1,0,0
2894,3.292,98.90,298.00,1,0,0
2897,3.292,95.40,315.00,1,0,0
2910,3.292,97.20,319.00,1,0,0
2912,3.292,97.20,319.00,1,0,0
2915,3.292,97.20,319.00,1,0,0
2917,3.292,98.00,323.00,1,0,0
2920,3.296,97.20,319.00,1,0,0
2922,3.292,98.50,324.00,1,0,0
2924,3.292,97.90,319.00,1,0,0
2927,3.296,97.70,321.00,1,0,0
2929,3.292,98.00,323.00,1,0,0
2932,3.292,97.10,323.00,1,0,0
2934,3.296,98.90,326.00,1,0,0
2937,3.292,99.20,326.00,1,0,0
2939,3.292,97.20,321.00,1,0,0
2942,3.292,99.00,326.00,1,0,0
2944,3.292,97.00,319.00,1,0,0
2947,3.292,97.90,323.00,1,0,0
2959,3.292,97.70,321.00,1,0,0
2962,3.296,97.80,321.00,1,0,0
2964,3.292,98.20,324.00,1,0,0
2967,3.292,97.70,321.00,1,0,0
2969,3.284,98.00,297.00,1,0,0
2972,3.280,98.10,323.00,1,0,0
2974,3.296,93.20,306.00,1,0,0
2977,3.296,98.00,323.00,1,0,0
2979,3.292,97.50,321.00,1,0,0
2982,3.292,98.10,323.00,1,0,0
2984,3.292,97.80,321.00,1,0,0
2987,3.292,98.50,324.00,1,0,0
2989,3.292,98.60,324.00,1,0,0
2991,3.296,97.60,321.00,1,0,0
2994,3.292,99.00,326.00,1,0,0
2996,3.296,98.00,323.00,1,0,0
3009,3.292,93.90,310.00,1,0,0
3012,3.292,97.90,323.00,1,0,0
3014,3.276,98.20,321.00,1,0,0
3017,3.296,97.10,319.00,1,0,0
3019,3.292,97.90,323.00,1,0,0
3021,3.296,99.20,326.00,1,0,0
3024,3.296,99.10,326.00,1,0,0
3026,3.292,99.00,326.00,1,0,0
3029,3.300,102.00,324.00,1,0,0
3031,3.296,98.30,324.00,1,0,0
3034,3.296,101.00,333.00,1,0,0
3036,3.292,97.20,326.00,1,0,0
3039,3.296,98.90,326.00,1,0,0
3041,3.292,100.90,333.00,1,0,0
3044,3.292,110.40,334.00,1,0,0
3056,3.296,97.20,324.00,1,0,0
3059,3.296,98.30,324.00,1,0,0
3061,3.296,101.40,334.00,1,0,0
3064,3.296,98.30,321.00,1,0,0
3066,3.292,97.20,319.00,1,0,0
3069,3.296,97.90,323.00,1,0,0
3071,3.292,98.10,324.00,1,0,0
3074,3.292,97.90,323.00,1,0,0
3076,3.292,97.20,319.00,1,0,0
3079,3.292,97.20,321.00,1,0,0
3081,3.292,97.30,321.00,1,0,0
3084,3.292,97.30,321.00,1,0,0
3086,3.292,97.30,321.00,1,0,0
3089,3.292,97.80,323.00,1,0,0
3091,3.296,98.30,324.00,1,0,0
3093,3.276,98.00,323.00,1,0,0
3106,3.292,97.20,319.00,1,0,0
3109,3.296,91.50,303.00,1,0,0
3111,3.292,90.10,297.00,1,0,0
3114,3.292,96.20,318.00,1,0,0
3116,3.292,97.10,321.00,1,0,0
3118,3.292,97.10,319.00,1,0,0
3121,3.292,97.40,321.00,1,0,0
3123,3.296,98.20,319.00,1,0,0
3126,3.292,97.00,319.00,1,0,0
3128,3.292,97.20,321.00,1,0,0
3131,3.292,98.30,324.00,1,0,0
3133,3.292,120.30,321.00,1,0,0
3136,3.296,97.90,323.00,1,0,0
3138,3.296,98.40,324.00,1,0,0
3141,3.296,98.90,324.00,1,0,0
3143,3.296,103.00,339.00,1,0,0
3156,3.292,97.80,323.00,1,0,0
3158,3.292,97.30,321.00,1,0,0
3161,3.296,98.30,324.00,1,0,0
3163,3.292,98.30,324.00,1,0,0
3166,3.296,98.30,324.00,1,0,0
3168,3.296,102.90,336.00,1,0,0
3171,3.300,97.90,323.00,1,0,0
3173,3.284,102.60,336.00,1,0,0
3176,3.292,97.80,323.00,1,0,0
3178,3.296,101.50,334.00,1,0,0
3181,3.296,97.30,321.00,1,0,0
3183,3.292,100.40,323.00,1,0,0
3186,3.296,97.00,319.00,1,0,0
3188,3.296,97.10,319.00,1,0,0
3190,3.292,97.30,321.00,1,0,0
3203,3.296,90.40,298.00,1,0,0
3206,3.292,97.10,331.00,1,0,0
3208,3.296,97.20,321.00,1,0,0
3211,3.296,91.50,301.00,1,0,0
3213,3.296,97.30,295.00,1,0,0
3216,3.284,97.50,321.00,1,0,0
3218,3.292,97.20,321.00,1,0,0
3220,3.292,102.90,334.00,1,0,0
3223,3.292,97.20,319.00,1,0,0
3225,3.292,98.10,323.00,1,0,0
3228,3.292,97.40,319.00,1,0,0
3230,3.292,97.20,321.00,1,0,0
3233,3.292,98.00,323.00,1,0,0
3235,3.296,97.00,323.00,1,0,0
3238,3.296,97.60,321.00,1,0,0
3240,3.296,97.80,323.00,1,0,0
3253,3.296,126.90,418.00,1,0,0
3255,3.292,91.10,300.00,1,0,0
3258,3.292,97.90,323.00,1,0,0
3260,3.296,97.20,321.00,1,0,0
3263,3.296,98.50,324.00,1,0,0
3265,3.296,98.20,324.00,1,0,0
3268,3.292,98.10,323.00,1,0,0
3270,3.292,97.10,319.00,1,0,0
3273,3.292,97.10,323.00,1,0,0
3275,3.296,98.60,324.00,1,0,0
3278,3.292,98.00,323.00,1,0,0
3280,3.296,97.50,323.00,1,0,0
3283,3.292,97.30,321.00,1,0,0
3285,3.292,97.20,321.00,1,0,0
3288,3.292,97.20,319.00,1,0,0
3290,3.292,97.20,319.00,1,0,0
3303,3.296,98.90,321.00,1,0,0
3305,3.292,90.60,298.00,1,0,0
3308,3.288,100.60,331.00,1,0,0
3310,3.296,100.80,331.00,1,0,0
3313,3.292,92.60,305.00,1,0,0
3315,3.296,99.40,328.00,1,0,0
3318,3.292,100.40,319.00,1,0,0
3320,3.296,97.20,321.00,1,0,0
3322,3.292,97.10,319.00,1,0,0
3325,3.292,97.20,321.00,1,0,0
3327,3.296,98.10,323.00,1,0,0
3330,3.292,97.30,321.00,1,0,0
3332,3.296,97.20,405.00,1,0,0
3335,3.292,97.50,321.00,1,0,0
3337,3.292,97.20,319.00,1,0,0
3350,3.292,97.50,319.00,1,0,0
3352,3.292,97.60,321.00,1,0,0
3355,3.292,97.20,319.00,1,0,0
3357,3.296,91.30,300.00,1,0,0
3360,3.296,98.00,323.00,1,0,0
3362,3.296,97.50,319.00,1,0,0
3365,3.292,98.40,324.00,1,0,0
3367,3.296,98.10,323.00,1,0,0
3370,3.296,98.00,323.00,1,0,0
3372,3.296,97.10,318.00,1,0,0
3375,3.296,97.20,319.00,1,0,0
3377,3.296,98.50,326.00,1,0,0
3380,3.296,98.20,323.00,1,0,0
3382,3.296,99.70,329.00,1,0,0
3385,3.292,97.10,319.00,1,0,0
3387,3.292,97.10,319.00,1,0,0
3400,3.296,97.80,323.00,1,0,0
3402,3.296,98.40,324.00,1,0,0
3405,3.296,98.80,326.00,1,0,0
3407,3.296,97.80,300.00,1,0,0
3410,3.292,102.40,338.00,1,0,0
3412,3.292,97.40,321.00,1,0,0
3414,3.292,98.00,324.00,1,0,0
3417,3.292,91.90,303.00,1,0,0
3419,3.292,97.00,319.00,1,0,0
3422,3.292,97.00,319.00,1,0,0
3424,3.292,97.20,319.00,1,0,0
3427,3.292,98.00,323.00,1,0,0
3429,3.292,98.20,323.00,1,0,0
3432,3.292,97.10,319.00,1,0,0
3434,3.292,99.10,326.00,1,0,0
3437,3.292,97.10,321.00,1,0,0
3449,3.296,98.50,339.00,1,0,0
3452,3.292,97.60,321.00,1,0,0
3454,3.288,99.30,328.00,1,0,0
3457,3.292,97.10,321.00,1,0,0
3459,3.296,98.10,323.00,1,0,0
3462,3.296,91.40,301.00,1,0,0
3464,3.292,95.30,313.00,1,0,0
3467,3.292,98.40,324.00,1,0,0
3469,3.296,98.10,323.00,1,0,0
3472,3.296,98.00,323.00,1,0,0
3474,3.296,98.20,316.00,1,0,0
3477,3.296,98.10,323.00,1,0,0
3479,3.296,98.10,323.00,1,0,0
3482,3.296,98.30,323.00,1,0,0
3484,3.296,101.30,334.00,1,0,0
3486,3.296,99.80,329.00,1,0,0
3499,3.296,97.60,321.00,1,0,0
3502,3.296,98.30,319.00,1,0,0
3504,3.292,97.50,321.00,1,0,0
3507,3.296,98.90,326.00,1,0,0
3509,3.292,99.10,300.00,1,0,0
3511,3.292,91.00,319.00,1,0,0
3514,3.296,97.40,321.00,1,0,0
3516,3.296,97.70,321.00,1,0,0
3519,3.292,91.40,303.00,1,0,0
3521,3.292,97.20,319.00,1,0,0
3524,3.292,97.30,321.00,1,0,0
3526,3.296,97.30,321.00,1,0,0
3529,3.292,97.10,319.00,1,0,0
3531,3.292,98.10,323.00,1,0,0
3534,3.288,117.00,328.00,1,0,0
3536,3.292,97.20,319.00,1,0,0
3549,3.296,98.60,324.00,1,0,0
3551,3.292,98.60,324.00,1,0,0
3554,3.292,97.90,321.00,1,0,0
3556,3.296,97.30,321.00,1,0,0
3559,3.292,97.00,319.00,1,0,0
3561,3.296,98.00,323.00,1,0,0
3564,3.296,91.20,300.00,1,0,0
3566,3.292,97.50,321.00,1,0,0
3569,3.292,97.60,321.00,1,0,0
3571,3.296,99.70,324.00,1,0,0
3574,3.292,97.90,323.00,1,0,0
3576,3.296,98.30,324.00,1,0,0
3579,3.292,97.20,319.00,1,0,0
3581,3.292,98.00,323.00,1,0,0
3583,3.296,98.20,323.00,1,0,0
3586,3.292,98.00,323.00,1,0,0
3599,3.292,97.30,321.00,1,0,0
3601,3.292,97.90,323.00,1,0,0
3604,3.296,98.50,324.00,1,0,0
3606,3.296,97.90,319.00,1,0,0
3608,3.296,102.80,339.00,1,0,0
3611,3.296,98.40,324.00,1,0,0
3613,3.292,91.70,382.00,1,0,0
3616,3.296,97.30,321.00,1,0,0
3618,3.292,97.50,321.00,1,0,0
3621,3.296,99.20,328.00,1,0,0
3623,3.296,97.90,321.00,1,0,0
3626,3.292,97.40,321.00,1,0,0
3628,3.296,97.00,319.00,1,0,0
3631,3.292,97.10,319.00,1,0,0
3633,3.292,98.00,323.00,1,0,0
3636,3.292,96.40,318.00,1,0,0
3648,3.296,101.70,336.00,1,0,0
3651,3.292,98.30,329.00,1,0,0
3653,3.296,135.80,439.00,1,0,0
3656,3.280,98.10,323.00,1,0,0
3658,3.296,97.70,323.00,1,0,0
3661,3.292,97.40,321.00,1,0,0
3663,3.296,98.20,323.00,1,0,0
3666,3.292,91.20,319.00,1,0,0
3668,3.292,97.20,319.00,1,0,0
3671,3.292,97.30,321.00,1,0,0
3673,3.296,98.50,324.00,1,0,0
3676,3.296,98.00,323.00,1,0,0
3678,3.296,98.10,323.00,1,0,0
3680,3.296,97.10,319.00,1,0,0
3683,3.292,97.80,321.00,1,0,0
3685,3.292,98.00,323.00,1,0,0
3698,3.296,97.10,319.00,1,0,0
3701,3.296,98.00,323.00,1,0,0
3703,3.296,97.50,324.00,1,0,0
3705,3.296,98.40,324.00,1,0,0
3708,3.296,97.30,321.00,1,0,0
3710,3.296,98.90,326.00,1,0,0
3713,3.296,98.70,326.00,1,0,0
3715,3.292,90.90,300.00,1,0,0
3718,3.296,97.40,323.00,1,0,0
3720,3.296,97.30,321.00,1,0,0
3723,3.296,99.20,328.00,1,0,0
3725,3.292,90.80,303.00,1,0,0
3728,3.292,97.30,321.00,1,0,0
3730,3.292,97.30,321.00,1,0,0
3733,3.296,96.90,323.00,1,0,0
3735,3.292,97.20,319.00,1,0,0
3748,3.296,97.20,321.00,1,0,0
3750,3.296,98.00,323.00,1,0,0
3753,3.292,97.50,321.00,1,0,0
3755,3.296,98.00,323.00,1,0,0
3758,3.296,97.20,321.00,1,0,0
3760,3.296,97.50,321.00,1,0,0
3763,3.296,97.50,319.00,1,0,0
3765,3.296,97.90,323.00,1,0,0
3768,3.292,88.90,293.00,1,0,0
3770,3.296,97.60,318.00,1,0,0
3773,3.296,123.20,406.00,1,0,0
3775,3.296,97.90,323.00,1,0,0
3777,3.296,98.10,323.00,1,0,0
3780,3.296,98.20,324.00,1,0,0
3782,3.292,96.50,318.00,1,0,0
3785,3.292,97.30,323.00,1,0,0
3798,3.292,97.00,319.00,1,0,0
3800,3.292,97.20,319.00,1,0,0
3803,3.292,97.30,321.00,1,0,0
3805,3.292,97.50,321.00,1,0,0
3807,3.292,100.20,324.00,1,0,0
3810,3.292,101.10,333.00,1,0,0
3812,3.296,98.90,324.00,1,0,0
3815,3.292,97.60,324.00,1,0,0
3817,3.296,90.30,297.00,1,0,0
3820,3.296,99.50,328.00,1,0,0
3822,3.296,97.30,321.00,1,0,0
3825,3.292,99.00,326.00,1,0,0
3827,3.292,91.20,300.00,1,0,0
3830,3.292,97.20,321.00,1,0,0
3832,3.292,97.60,321.00,1,0,0
3835,3.292,98.80,326.00,1,0,0
3847,3.296,97.10,319.00,1,0,0
3850,3.292,97.10,319.00,1,0,0
3852,3.296,97.60,400.00,1,0,0
3855,3.292,97.50,321.00,1,0,0
3857,3.292,97.90,323.00,1,0,0
3860,3.296,97.70,321.00,1,0,0
3862,3.292,97.50,321.00,1,0,0
3865,3.296,97.80,323.00,1,0,0
3867,3.296,98.00,301.00,1,0,0
3870,3.292,92.20,303.00,1,0,0
3872,3.296,97.80,323.00,1,0,0
3875,3.296,97.50,319.00,1,0,0
3877,3.296,98.30,324.00,1,0,0
3879,3.296,97.70,321.00,1,0,0
3882,3.296,98.20,323.00,1,0,0
3884,3.292,97.50,321.00,1,0,0
3897,3.292,97.70,319.00,1,0,0
3900,3.292,101.50,334.00,1,0,0
3902,3.292,98.30,324.00,1,0,0
3904,3.292,97.10,323.00,1,0,0
3907,3.296,98.20,324.00,1,0,0
3909,3.296,98.70,326.00,1,0,0
3912,3.292,97.60,324.00,1,0,0
3914,3.296,98.20,324.00,1,0,0
3917,3.292,98.80,326.00,1,0,0
3919,3.292,91.90,300.00,1,0,0
3922,3.292,97.40,321.00,1,0,0
3924,3.292,97.40,321.00,1,0,0
3927,3.292,98.40,326.00,1,0,0
3929,3.296,91.80,301.00,1,0,0
3932,3.292,97.10,319.00,1,0,0
3934,3.288,97.10,319.00,1,0,0
3947,3.292,97.60,319.00,1,0,0
3949,3.296,98.10,323.00,1,0,0
3952,3.296,97.10,319.00,1,0,0
3954,3.292,97.70,323.00,1,0,0
3957,3.296,101.40,321.00,1,0,0
3959,3.292,98.40,324.00,1,0,0
3962,3.292,97.60,321.00,1,0,0
3964,3.292,97.70,369.00,1,0,0
3967,3.292,98.80,326.00,1,0,0
3969,3.292,97.00,319.00,1,0,0
3972,3.292,91.10,300.00,1,0,0
3974,3.288,97.40,321.00,1,0,0
3976,3.292,97.00,319.00,1,0,0
3979,3.296,98.20,324.00,1,0,0
3981,3.292,101.30,334.00,1,0,0
3984,3.292,98.00,323.00,1,0,0
3997,3.292,98.00,323.00,1,0,0
3999,3.296,97.40,321.00,1,0,0
4001,3.292,97.30,321.00,1,0,0
4004,3.292,97.00,319.00,1,0,0
4006,3.292,97.80,323.00,1,0,0
4009,3.292,97.60,321.00,1,0,0
4011,3.296,98.80,326.00,1,0,0
4014,3.284,99.80,329.00,1,0,0
4016,3.292,97.70,324.00,1,0,0
4019,3.296,99.00,326.00,1,0,0
4021,3.296,94.70,311.00,1,0,0
4024,3.292,90.60,321.00,1,0,0
4026,3.296,97.40,321.00,1,0,0
4029,3.292,98.80,326.00,1,0,0
4031,3.296,99.20,303.00,1,0,0
4034,3.292,96.50,318.00,1,0,0
4046,3.292,97.20,319.00,1,0,0
4049,3.296,97.60,321.00,1,0,0
4051,3.292,97.80,321.00,1,0,0
4054,3.292,98.10,323.00,1,0,0
4056,3.296,97.90,323.00,1,0,0
4059,3.296,97.30,318.00,1,0,0
4061,3.292,98.60,324.00,1,0,0
4064,3.296,98.60,324.00,1,0,0
4066,3.296,97.60,321.00,1,0,0
4069,3.284,97.90,321.00,1,0,0
4071,3.292,96.80,318.00,1,0,0
4073,3.292,98.10,323.00,1,0,0
4076,3.292,97.20,300.00,1,0,0
4078,3.292,97.70,321.00,1,0,0
4081,3.292,96.40,318.00,1,0,0
4083,3.296,97.40,323.00,1,0,0
4096,3.296,117.60,323.00,1,0,0
4098,3.296,98.10,323.00,1,0,0
4101,3.292,97.30,321.00,1,0,0
4103,3.296,97.30,319.00,1,0,0
4106,3.292,100.20,331.00,1,0,0
4108,3.296,97.00,319.00,1,0,0
4111,3.292,97.60,323.00,1,0,0
4113,3.292,98.50,324.00,1,0,0
4116,3.292,98.20,324.00,1,0,0
4118,3.292,97.40,321.00,1,0,0
4121,3.296,98.30,328.00,1,0,0
4123,3.296,97.20,321.00,1,0,0
4126,3.296,90.50,298.00,1,0,0
4128,3.292,97.60,321.00,1,0,0
4131,3.292,98.10,323.00,1,0,0
4133,3.296,103.90,342.00,1,0,0
4146,3.296,98.80,326.00,1,0,0
4148,3.296,98.30,324.00,1,0,0
4151,3.296,97.00,319.00,1,0,0
4153,3.292,96.90,319.00,1,0,0
4156,3.296,98.10,321.00,1,0,0
4158,3.296,98.30,324.00,1,0,0
4161,3.292,97.40,321.00,1,0,0
4163,3.296,97.30,326.00,1,0,0
4166,3.296,98.70,324.00,1,0,0
4168,3.296,97.40,321.00,1,0,0
4170,3.292,99.10,328.00,1,0,0
4173,3.296,97.30,329.00,1,0,0
4175,3.296,98.10,323.00,1,0,0
4178,3.292,91.20,300.00,1,0,0
4180,3.296,98.10,321.00,1,0,0
4183,3.292,101.60,334.00,1,0,0
4195,3.296,98.80,326.00,1,0,0
4198,3.296,97.90,323.00,1,0,0
4200,3.296,97.90,323.00,1,0,0
4203,3.292,97.10,319.00,1,0,0
4205,3.292,97.10,319.00,1,0,0
4208,3.296,97.30,321.00,1,0,0
4210,3.296,97.10,319.00,1,0,0
4213,3.292,120.40,396.00,1,0,0
4215,3.296,97.90,323.00,1,0,0
4218,3.296,98.50,324.00,1,0,0
4220,3.296,97.20,321.00,1,0,0
4223,3.292,98.50,328.00,1,0,0
4225,3.292,99.40,328.00,1,0,0
4228,3.296,91.00,300.00,1,0,0
4230,3.296,97.60,321.00,1,0,0
4233,3.292,97.30,333.00,1,0,0
4245,3.296,97.60,319.00,1,0,0
4248,3.292,98.10,323.00,1,0,0
4250,3.296,97.70,321.00,1,0,0
4253,3.296,97.20,321.00,1,0,0
4255,3.296,97.90,323.00,1,0,0
4258,3.292,98.20,324.00,1,0,0
4260,3.292,98.10,321.00,1,0,0
4263,3.292,97.70,323.00,1,0,0
4265,3.292,97.50,321.00,1,0,0
4267,3.296,98.80,324.00,1,0,0
4270,3.292,97.00,319.00,1,0,0
4272,3.292,97.10,319.00,1,0,0
4275,3.296,97.80,334.00,1,0,0
4277,3.292,98.00,323.00,1,0,0
4280,3.292,91.30,301.00,1,0,0
4282,3.292,99.20,341.00,1,0,0
4295,3.292,98.20,324.00,1,0,0
4297,3.292,97.80,324.00,1,0,0
4300,3.296,98.90,326.00,1,0,0
4302,3.296,97.90,323.00,1,0,0
4305,3.292,98.00,321.00,1,0,0
4307,3.296,97.20,321.00,1,0,0
4310,3.296,97.30,321.00,1,0,0
4312,3.296,97.40,321.00,1,0,0
4315,3.296,97.40,321.00,1,0,0
4317,3.292,98.00,323.00,1,0,0
4320,3.292,98.40,324.00,1,0,0
4322,3.292,98.80,326.00,1,0,0
4325,3.296,99.00,326.00,1,0,0
4327,3.296,99.10,326.00,1,0,0
4330,3.296,90.80,298.00,1,0,0
4332,3.296,97.60,321.00,1,0,0
4345,3.296,105.00,344.00,1,0,0
4347,3.280,105.00,344.00,1,0,0
4350,3.288,98.80,344.00,1,0,0
4352,3.276,97.80,323.00,1,0,0
4355,3.288,104.90,344.00,1,0,0
4357,3.292,103.50,346.00,1,0,0
4360,3.292,103.60,341.00,1,0,0
4362,3.292,98.30,324.00,1,0,0
4364,3.292,99.10,344.00,1,0,0
4367,3.296,97.30,321.00,1,0,0
4369,3.292,98.90,326.00,1,0,0
4372,3.288,98.40,334.00,1,0,0
4374,3.288,97.70,321.00,1,0,0
4377,3.292,97.20,321.00,1,0,0
4384,3.296,97.80,323.00,1,0,0
4387,3.296,97.30,323.00,1,0,0
4389,3.296,98.40,324.00,1,0,0
4392,3.296,98.10,323.00,1,0,0
4394,3.296,98.30,324.00,1,0,0
4397,3.292,97.70,319.00,1,0,0
4399,3.288,97.00,319.00,1,0,0
4401,3.292,97.90,323.00,1,0,0
4404,3.296,97.90,338.00,1,0,0
4406,3.292,97.80,323.00,1,0,0
4419,3.296,97.40,321.00,1,0,0
4422,3.296,98.70,324.00,1,0,0
4424,3.296,98.40,324.00,1,0,0
4427,3.296,98.80,326.00,1,0,0
4429,3.292,96.90,319.00,1,0,0
4431,3.296,89.90,300.00,1,0,0
4434,3.292,97.60,321.00,1,0,0
4436,3.296,101.40,334.00,1,0,0
4439,3.292,98.30,324.00,1,0,0
4441,3.296,92.00,298.00,1,0,0
4444,3.292,97.30,321.00,1,0,0
4446,3.292,97.00,319.00,1,0,0
4449,3.292,97.00,319.00,1,0,0
4451,3.292,97.00,319.00,1,0,0
4454,3.288,98.10,323.00,1,0,0
4456,3.292,97.20,321.00,1,0,0
4469,3.280,105.10,326.00,1,0,0
4471,3.296,99.20,328.00,1,0,0
4474,3.292,105.00,344.00,1,0,0
4476,3.292,97.70,339.00,1,0,0
4479,3.292,99.10,326.00,1,0,0
4481,3.288,102.30,336.00,1,0,0
4484,3.280,101.90,300.00,1,0,0
4486,3.292,97.90,321.00,1,0,0
4489,3.280,98.90,326.00,1,0,0
4491,3.296,100.90,346.00,1,0,0
4494,3.280,102.20,338.00,1,0,0
4496,3.300,98.00,323.00,1,0,0
4499,3.296,116.60,383.00,1,0,0
4501,3.296,101.80,323.00,1,0,0
4503,3.292,98.40,324.00,1,0,0
4516,3.296,97.20,321.00,1,0,0
4519,3.296,98.40,324.00,1,0,0
4521,3.296,98.00,323.00,1,0,0
4524,3.296,98.90,326.00,1,0,0
4526,3.296,97.70,321.00,1,0,0
4529,3.296,97.10,326.00,1,0,0
4531,3.296,99.00,326.00,1,0,0
4533,3.276,99.10,326.00,1,0,0
4536,3.296,97.20,298.00,1,0,0
4538,3.292,97.40,321.00,1,0,0
4541,3.296,100.30,331.00,1,0,0
4543,3.296,99.20,326.00,1,0,0
4546,3.296,97.40,321.00,1,0,0
4548,3.296,99.00,324.00,1,0,0
4551,3.280,101.40,344.00,1,0,0
4553,3.280,105.50,346.00,1,0,0
4566,3.296,98.00,321.00,1,0,0
4568,3.296,97.80,323.00,1,0,0
4571,3.296,97.40,321.00,1,0,0
4573,3.296,117.70,298.00,1,0,0
4576,3.296,97.60,321.00,1,0,0
4578,3.292,97.60,321.00,1,0,0
4581,3.288,99.10,326.00,1,0,0
4583,3.296,97.20,319.00,1,0,0
4586,3.296,98.00,323.00,1,0,0
4588,3.296,96.30,300.00,1,0,0
4591,3.292,97.10,319.00,1,0,0
4593,3.296,98.20,324.00,1,0,0
4596,3.296,98.20,323.00,1,0,0
4598,3.292,98.20,324.00,1,0,0
4600,3.296,97.50,321.00,1,0,0
4603,3.292,98.40,321.00,1,0,0
4616,3.296,96.80,319.00,1,0,0
4618,3.296,97.20,319.00,1,0,0
4621,3.292,97.30,321.00,1,0,0
4623,3.292,97.20,321.00,1,0,0
4626,3.292,97.70,323.00,1,0,0
4628,3.292,98.30,324.00,1,0,0
4630,3.296,98.90,326.00,1,0,0
4633,3.296,98.40,326.00,1,0,0
4635,3.296,91.90,303.00,1,0,0
4638,3.296,90.90,300.00,1,0,0
4640,3.292,97.50,319.00,1,0,0
4643,3.296,98.20,324.00,1,0,0
4645,3.296,93.80,308.00,1,0,0
4648,3.292,90.00,319.00,1,0,0
4650,3.296,98.00,323.00,1,0,0
4653,3.292,106.00,349.00,1,0,0
4665,3.296,98.10,323.00,1,0,0
4668,3.292,97.80,323.00,1,0,0
4670,3.292,98.20,323.00,1,0,0
4673,3.292,97.80,323.00,1,0,0
4675,3.292,98.10,323.00,1,0,0
4678,3.296,99.40,323.00,1,0,0
4680,3.292,98.70,326.00,1,0,0
4683,3.292,99.00,326.00,1,0,0
4685,3.292,97.40,323.00,1,0,0
4688,3.292,98.20,323.00,1,0,0
4690,3.292,91.30,300.00,1,0,0
4693,3.292,97.60,385.00,1,0,0
4695,3.296,98.10,323.00,1,0,0
4697,3.296,98.20,324.00,1,0,0
4700,3.292,101.50,323.00,1,0,0
4702,3.296,97.70,321.00,1,0,0
4715,3.296,97.50,321.00,1,0,0
4718,3.292,97.30,321.00,1,0,0
4720,3.292,97.90,323.00,1,0,0
4723,3.292,97.50,319.00,1,0,0
4725,3.292,97.40,321.00,1,0,0
4727,3.296,98.00,323.00,1,0,0
4730,3.296,98.50,323.00,1,0,0
4732,3.296,101.10,333.00,1,0,0
4735,3.292,98.70,326.00,1,0,0
4737,3.292,99.00,313.00,1,0,0
4740,3.292,90.90,300.00,1,0,0
4742,3.292,97.30,321.00,1,0,0
4745,3.296,97.30,319.00,1,0,0
4747,3.292,96.20,316.00,1,0,0
4750,3.296,90.20,297.00,1,0,0
4752,3.296,97.90,323.00,1,0,0
4765,3.292,97.40,319.00,1,0,0
4767,3.296,98.20,323.00,1,0,0
4770,3.292,97.10,319.00,1,0,0
4772,3.292,97.50,395.00,1,0,0
4775,3.296,96.90,319.00,1,0,0
4777,3.292,97.70,323.00,1,0,0
4780,3.292,98.20,324.00,1,0,0
4782,3.292,98.80,323.00,1,0,0
4785,3.296,97.10,319.00,1,0,0
4787,3.292,97.20,321.00,1,0,0
4790,3.296,98.20,323.00,1,0,0
4792,3.292,91.10,300.00,1,0,0
4795,3.292,94.90,313.00,1,0,0
4797,3.296,97.10,323.00,1,0,0
4799,3.292,98.50,324.00,1,0,0
4802,3.296,98.30,324.00,1,0,0
4815,3.296,97.90,323.00,1,0,0
4817,3.296,98.10,321.00,1,0,0
4820,3.292,97.20,321.00,1,0,0
4822,3.296,98.80,326.00,1,0,0
4824,3.292,97.10,319.00,1,0,0
4827,3.292,101.40,334.00,1,0,0
4829,3.296,102.20,338.00,1,0,0
4832,3.296,98.50,324.00,1,0,0
4834,3.296,98.10,321.00,1,0,0
4837,3.296,98.90,326.00,1,0,0
4839,3.296,98.90,326.00,1,0,0
4842,3.292,91.00,300.00,1,0,0
4844,3.292,97.80,323.00,1,0,0
4847,3.292,97.50,321.00,1,0,0
4849,3.296,93.80,301.00,1,0,0
4852,3.292,90.00,297.00,1,0,0
4864,3.296,98.80,326.00,1,0,0
4867,3.292,97.20,319.00,1,0,0
4869,3.292,98.20,324.00,1,0,0
4872,3.292,97.20,321.00,1,0,0
4874,3.292,97.60,321.00,1,0,0
4877,3.296,97.70,321.00,1,0,0
4879,3.296,97.60,321.00,1,0,0
4882,3.296,99.10,326.00,1,0,0
4884,3.292,98.80,323.00,1,0,0
4887,3.292,97.10,319.00,1,0,0
4889,3.292,97.10,319.00,1,0,0
4892,3.292,97.50,321.00,1,0,0
4894,3.284,102.20,387.00,1,0,0
4896,3.296,91.30,300.00,1,0,0
4899,3.292,97.30,321.00,1,0,0
4901,3.292,98.40,324.00,1,0,0
4914,3.292,98.00,323.00,1,0,0
4917,3.292,98.20,324.00,1,0,0
4919,3.292,97.10,319.00,1,0,0
4921,3.296,99.60,318.00,1,0,0
4924,3.292,97.20,319.00,1,0,0
4926,3.296,97.20,319.00,1,0,0
4929,3.296,99.50,321.00,1,0,0
4931,3.292,98.30,324.00,1,0,0
4934,3.292,98.60,324.00,1,0,0
4936,3.296,97.50,326.00,1,0,0
4939,3.296,98.90,326.00,1,0,0
4941,3.296,96.60,318.00,1,0,0
4944,3.292,90.90,300.00,1,0,0
4946,3.296,97.00,319.00,1,0,0
4949,3.292,97.60,321.00,1,0,0
4951,3.292,98.70,326.00,1,0,0
4964,3.292,97.70,323.00,1,0,0
4966,3.296,98.00,321.00,1,0,0
4969,3.292,97.00,319.00,1,0,0
4971,3.296,98.60,324.00,1,0,0
4974,3.280,97.40,321.00,1,0,0
4976,3.292,97.10,319.00,1,0,0
4979,3.292,100.10,329.00,1,0,0
4981,3.296,98.20,321.00,1,0,0
4984,3.292,90.40,298.00,1,0,0
4986,3.292,98.70,324.00,1,0,0
4989,3.292,97.30,319.00,1,0,0
4991,3.292,97.10,319.00,1,0,0
4993,3.296,97.70,323.00,1,0,0
4996,3.292,98.00,323.00,1,0,0
4998,3.292,91.30,300.00,1,0,0
5001,3.292,97.50,321.00,1,0,0
5014,3.292,98.30,324.00,1,0,0
5016,3.292,98.00,323.00,1,0,0
5019,3.292,134.30,323.00,1,0,0
5021,3.292,97.10,319.00,1,0,0
5023,3.292,97.10,319.00,1,0,0
5026,3.292,97.20,321.00,1,0,0
5028,3.292,103.00,339.00,1,0,0
5031,3.292,98.10,323.00,1,0,0
5033,3.296,99.20,331.00,1,0,0
5036,3.292,98.40,324.00,1,0,0
5038,3.292,97.80,323.00,1,0,0
5041,3.292,97.20,326.00,1,0,0
5043,3.292,98.80,326.00,1,0,0
5046,3.292,90.90,300.00,1,0,0
5048,3.292,97.40,321.00,1,0,0
5051,3.296,101.20,334.00,1,0,0
5063,3.292,97.10,319.00,1,0,0
5066,3.292,97.10,319.00,1,0,0
5068,3.292,98.00,323.00,1,0,0
5071,3.292,97.60,321.00,1,0,0
5073,3.296,99.40,328.00,1,0,0
5076,3.292,97.20,319.00,1,0,0
5078,3.296,97.30,323.00,1,0,0
5081,3.296,97.70,321.00,1,0,0
5083,3.292,97.20,319.00,1,0,0
5086,3.292,99.00,326.00,1,0,0
5088,3.296,97.40,321.00,1,0,0
5090,3.292,97.60,321.00,1,0,0
5093,3.284,98.30,321.00,1,0,0
5095,3.296,97.10,319.00,1,0,0
5098,3.292,130.80,431.00,1,0,0
5100,3.292,91.10,551.00,1,0,0
5113,3.292,97.10,319.00,1,0,0
5116,3.292,97.10,321.00,1,0,0
5118,3.292,98.00,323.00,1,0,0
5120,3.292,98.00,323.00,1,0,0
5123,3.292,98.20,323.00,1,0,0
5125,3.292,97.60,321.00,1,0,0
5128,3.296,96.00,316.00,1,0,0
5130,3.292,98.60,326.00,1,0,0
5133,3.296,98.20,324.00,1,0,0
5135,3.292,97.50,321.00,1,0,0
5138,3.292,98.60,326.00,1,0,0
5140,3.296,98.00,323.00,1,0,0
5143,3.296,97.10,319.00,1,0,0
5145,3.292,98.90,326.00,1,0,0
5148,3.292,90.60,298.00,1,0,0
5150,3.292,99.70,328.00,1,0,0
5163,3.292,98.10,323.00,1,0,0
5165,3.292,97.50,321.00,1,0,0
5168,3.292,97.00,319.00,1,0,0
5170,3.292,98.10,323.00,1,0,0
5173,3.296,97.20,319.00,1,0,0
5175,3.292,97.10,323.00,1,0,0
5178,3.292,121.70,401.00,1,0,0
5180,3.292,98.20,323.00,1,0,0
5183,3.292,100.40,323.00,1,0,0
5185,3.292,98.00,323.00,1,0,0
5188,3.292,98.90,326.00,1,0,0
5190,3.296,99.10,323.00,1,0,0
5192,3.292,97.80,323.00,1,0,0
5195,3.292,99.10,326.00,1,0,0
5197,3.292,98.30,319.00,1,0,0
5200,3.296,91.20,300.00,1,0,0
5213,3.292,98.10,323.00,1,0,0
5215,3.292,97.90,323.00,1,0,0
5217,3.296,97.30,319.00,1,0,0
5220,3.296,98.20,323.00,1,0,0
5222,3.292,98.00,323.00,1,0,0
5225,3.292,98.30,324.00,1,0,0
5227,3.296,97.30,321.00,1,0,0
5230,3.296,97.20,319.00,1,0,0
5232,3.292,97.00,319.00,1,0,0
5235,3.292,97.40,318.00,1,0,0
5237,3.296,97.90,323.00,1,0,0
5240,3.292,98.50,324.00,1,0,0
5242,3.296,98.50,323.00,1,0,0
5245,3.296,104.30,342.00,1,0,0
5247,3.292,99.00,326.00,1,0,0
5250,3.296,98.90,298.00,1,0,0
5262,3.296,107.30,319.00,1,0,0
5265,3.292,97.10,319.00,1,0,0
5267,3.292,100.30,331.00,1,0,0
5270,3.292,102.70,323.00,1,0,0
5272,3.292,98.00,323.00,1,0,0
5275,3.296,97.90,323.00,1,0,0
5277,3.292,97.30,321.00,1,0,0
5280,3.292,98.10,324.00,1,0,0
5282,3.292,97.00,319.00,1,0,0
5285,3.292,97.30,321.00,1,0,0
5287,3.292,97.50,326.00,1,0,0
5289,3.296,99.00,326.00,1,0,0
5292,3.296,88.40,292.00,1,0,0
5294,3.292,97.40,321.00,1,0,0
5297,3.292,97.70,321.00,1,0,0
5310,3.292,98.30,324.00,1,0,0
5312,3.292,98.20,323.00,1,0,0
5314,3.292,95.10,297.00,1,0,0
5317,3.292,95.50,315.00,1,0,0
5319,3.292,97.20,319.00,1,0,0
5322,3.292,98.00,323.00,1,0,0
5324,3.296,98.40,324.00,1,0,0
5327,3.292,97.90,323.00,1,0,0
5329,3.296,97.20,319.00,1,0,0
5332,3.292,97.20,319.00,1,0,0
5334,3.292,97.20,319.00,1,0,0
5337,3.292,97.40,321.00,1,0,0
5339,3.280,100.90,324.00,1,0,0
5342,3.296,100.00,329.00,1,0,0
5344,3.292,98.30,324.00,1,0,0
5347,3.292,98.10,324.00,1,0,0
5359,3.284,105.10,331.00,1,0,0
5362,3.288,99.10,326.00,1,0,0
5364,3.284,105.10,344.00,1,0,0
5367,3.292,97.60,321.00,1,0,0
5369,3.292,97.60,321.00,1,0,0
5372,3.296,104.00,341.00,1,0,0
5374,3.288,93.00,324.00,1,0,0
5377,3.292,98.40,323.00,1,0,0
5379,3.288,97.10,319.00,1,0,0
5381,3.296,101.90,334.00,1,0,0
5384,3.296,96.80,319.00,1,0,0
5386,3.292,97.70,323.00,1,0,0
5389,3.296,98.30,324.00,1,0,0
5391,3.292,97.70,326.00,1,0,0
5394,3.296,99.00,326.00,1,0,0
5406,3.292,96.10,316.00,1,0,0
5409,3.292,91.20,300.00,1,0,0
5411,3.292,97.30,323.00,1,0,0
5414,3.296,98.10,323.00,1,0,0
5416,3.296,98.50,324.00,1,0,0
5419,3.280,98.40,387.00,1,0,0
5421,3.292,97.20,321.00,1,0,0
5424,3.296,98.00,323.00,1,0,0
5426,3.292,98.50,324.00,1,0,0
5429,3.292,97.90,323.00,1,0,0
5431,3.292,97.10,319.00,1,0,0
5434,3.292,97.10,319.00,1,0,0
5436,3.292,97.30,319.00,1,0,0
5439,3.292,97.30,321.00,1,0,0
5441,3.296,101.10,333.00,1,0,0
5444,3.300,100.80,323.00,1,0,0
5456,3.292,90.70,300.00,1,0,0
5459,3.292,97.00,319.00,1,0,0
5461,3.292,97.30,321.00,1,0,0
5464,3.296,99.10,316.00,1,0,0
5466,3.292,90.10,297.00,1,0,0
5469,3.292,97.20,319.00,1,0,0
5471,3.292,97.50,319.00,1,0,0
5473,3.292,97.10,319.00,1,0,0
5476,3.292,97.00,319.00,1,0,0
5478,3.292,98.00,323.00,1,0,0
5481,3.292,97.00,319.00,1,0,0
5483,3.292,98.20,324.00,1,0,0
5486,3.292,97.20,319.00,1,0,0
5488,3.292,99.20,326.00,1,0,0
5491,3.296,98.20,323.00,1,0,0
5493,3.292,97.30,321.00,1,0,0
5506,3.292,98.00,323.00,1,0,0
5508,3.292,91.20,300.00,1,0,0
5511,3.292,98.20,324.00,1,0,0
5513,3.292,97.00,319.00,1,0,0
5516,3.296,98.50,324.00,1,0,0
5518,3.296,98.30,324.00,1,0,0
5521,3.292,98.30,324.00,1,0,0
5523,3.292,97.20,321.00,1,0,0
5526,3.292,97.90,323.00,1,0,0
5528,3.296,97.90,323.00,1,0,0
5531,3.292,98.00,323.00,1,0,0
5533,3.296,98.00,319.00,1,0,0
5536,3.292,97.40,321.00,1,0,0
5538,3.296,118.50,390.00,1,0,0
5541,3.296,97.30,319.00,1,0,0
5543,3.292,97.10,319.00,1,0,0
5556,3.296,96.60,318.00,1,0,0
5558,3.292,90.80,298.00,1,0,0
5561,3.296,97.70,323.00,1,0,0
5563,3.296,97.30,321.00,1,0,0
5566,3.296,93.20,306.00,1,0,0
5568,3.296,92.20,297.00,1,0,0
5571,3.292,97.10,319.00,1,0,0
5573,3.292,97.00,319.00,1,0,0
5575,3.292,97.50,321.00,1,0,0
5578,3.296,97.40,321.00,1,0,0
5580,3.296,96.60,318.00,1,0,0
5583,3.292,97.60,318.00,1,0,0
5585,3.292,97.10,319.00,1,0,0
5588,3.292,98.60,324.00,1,0,0
5590,3.292,97.10,319.00,1,0,0
5593,3.292,97.60,323.00,1,0,0
5605,3.292,99.30,319.00,1,0,0
5608,3.292,97.50,321.00,1,0,0
5610,3.292,98.10,323.00,1,0,0
5613,3.292,93.00,300.00,1,0,0
5615,3.292,98.10,323.00,1,0,0
5618,3.296,108.30,356.00,1,0,0
5620,3.292,98.30,321.00,1,0,0
5623,3.296,98.10,323.00,1,0,0
5625,3.292,97.10,319.00,1,0,0
5628,3.292,99.10,341.00,1,0,0
5630,3.296,101.70,336.00,1,0,0
5633,3.292,98.00,323.00,1,0,0
5635,3.292,98.30,321.00,1,0,0
5638,3.292,97.30,321.00,1,0,0
5640,3.292,97.20,319.00,1,0,0
5642,3.296,97.20,319.00,1,0,0
5655,3.296,99.00,326.00,1,0,0
5658,3.296,98.40,333.00,1,0,0
5660,3.296,90.70,298.00,1,0,0
5663,3.292,97.60,321.00,1,0,0
5665,3.296,97.60,321.00,1,0,0
5668,3.292,93.40,308.00,1,0,0
5670,3.292,92.20,303.00,1,0,0
5672,3.292,101.30,319.00,1,0,0
5675,3.292,97.10,319.00,1,0,0
5677,3.292,97.20,319.00,1,0,0
5680,3.296,97.50,319.00,1,0,0
5682,3.292,96.70,319.00,1,0,0
5685,3.292,97.20,321.00,1,0,0
5687,3.292,97.60,336.00,1,0,0
5690,3.296,97.90,323.00,1,0,0
5692,3.292,97.20,319.00,1,0,0
5705,3.296,97.60,321.00,1,0,0
5707,3.292,98.20,324.00,1,0,0
5710,3.292,97.10,323.00,1,0,0
5712,3.296,98.20,324.00,1,0,0
5715,3.292,91.20,300.00,1,0,0
5717,3.292,97.60,319.00,1,0,0
5720,3.292,98.30,324.00,1,0,0
5722,3.296,98.10,323.00,1,0,0
5725,3.296,98.10,324.00,1,0,0
5727,3.292,97.20,319.00,1,0,0
5730,3.292,97.30,321.00,1,0,0
5732,3.296,98.00,323.00,1,0,0
5735,3.296,98.10,323.00,1,0,0
5737,3.292,98.00,323.00,1,0,0
5740,3.292,97.20,321.00,1,0,0
5742,3.296,97.00,319.00,1,0,0
5755,3.296,98.00,321.00,1,0,0
5757,3.296,98.90,326.00,1,0,0
5760,3.296,98.00,323.00,1,0,0
5762,3.296,98.60,300.00,1,0,0
5765,3.296,97.00,319.00,1,0,0
5767,3.292,98.00,323.00,1,0,0
5769,3.296,97.60,319.00,1,0,0
5772,3.292,92.00,303.00,1,0,0
5774,3.292,96.50,318.00,1,0,0
5777,3.292,97.40,321.00,1,0,0
5779,3.280,97.20,319.00,1,0,0
5782,3.292,97.30,321.00,1,0,0
5784,3.292,98.10,324.00,1,0,0
5787,3.296,97.10,319.00,1,0,0
5789,3.296,97.00,319.00,1,0,0
5792,3.292,97.90,319.00,1,0,0
5804,3.296,98.80,323.00,1,0,0
5807,3.292,97.70,321.00,1,0,0
5809,3.292,99.20,328.00,1,0,0
5812,3.296,97.80,323.00,1,0,0
5814,3.296,98.00,329.00,1,0,0
5817,3.292,91.30,301.00,1,0,0
5819,3.292,97.70,321.00,1,0,0
5822,3.292,97.90,324.00,1,0,0
5824,3.296,98.00,323.00,1,0,0
5827,3.292,98.10,323.00,1,0,0
5829,3.296,98.80,321.00,1,0,0
5832,3.292,97.40,321.00,1,0,0
5834,3.292,98.10,323.00,1,0,0
5837,3.292,98.10,323.00,1,0,0
5839,3.292,98.90,326.00,1,0,0
5841,3.292,97.70,321.00,1,0,0
5854,3.296,99.30,328.00,1,0,0
5857,3.296,98.60,321.00,1,0,0
5859,3.276,97.30,321.00,1,0,0
5862,3.292,99.00,326.00,1,0,0
5864,3.296,97.50,321.00,1,0,0
5866,3.292,91.10,319.00,1,0,0
5869,3.296,97.10,319.00,1,0,0
5871,3.296,100.30,331.00,1,0,0
5874,3.296,99.00,303.00,1,0,0
5876,3.292,93.90,310.00,1,0,0
5879,3.292,97.30,321.00,1,0,0
5881,3.292,95.60,321.00,1,0,0
5884,3.292,97.10,319.00,1,0,0
5886,3.292,93.70,308.00,1,0,0
5889,3.296,99.80,319.00,1,0,0
5891,3.296,97.20,319.00,1,0,0
5904,3.292,99.00,326.00,1,0,0
5906,3.292,98.80,326.00,1,0,0
5909,3.292,97.50,321.00,1,0,0
5911,3.284,97.80,323.00,1,0,0
5914,3.292,97.30,321.00,1,0,0
5916,3.292,98.10,300.00,1,0,0
5919,3.292,93.20,306.00,1,0,0
5921,3.292,98.20,323.00,1,0,0
5924,3.292,97.40,321.00,1,0,0
5926,3.292,98.40,323.00,1,0,0
5929,3.292,97.00,319.00,1,0,0
5931,3.292,98.20,323.00,1,0,0
5934,3.292,97.20,321.00,1,0,0
5936,3.296,97.90,323.00,1,0,0
5938,3.280,120.10,396.00,1,0,0
5941,3.292,98.00,323.00,1,0,0
5954,3.292,97.20,321.00,1,0,0
5956,3.296,98.60,324.00,1,0,0
5959,3.292,98.60,324.00,1,0,0
5961,3.292,98.10,324.00,1,0,0
5964,3.292,98.50,324.00,1,0,0
5966,3.296,98.80,326.00,1,0,0
5968,3.296,89.70,306.00,1,0,0
5971,3.292,102.10,336.00,1,0,0
5973,3.296,101.10,333.00,1,0,0
5976,3.292,91.70,301.00,1,0,0
5978,3.292,96.60,359.00,1,0,0
5981,3.292,97.30,321.00,1,0,0
5983,3.296,97.00,319.00,1,0,0
5986,3.292,97.00,323.00,1,0,0
5988,3.292,98.70,326.00,1,0,0
5991,3.296,98.50,324.00,1,0,0
6003,3.292,97.70,321.00,1,0,0
6006,3.292,98.20,323.00,1,0,0
6008,3.296,98.10,323.00,1,0,0
6011,3.288,97.30,321.00,1,0,0
6013,3.292,105.10,328.00,1,0,0
6016,3.292,97.20,319.00,1,0,0
6018,3.284,123.50,406.00,1,0,0
6021,3.292,91.20,321.00,1,0,0
6023,3.292,98.20,323.00,1,0,0
6026,3.292,97.40,321.00,1,0,0
6028,3.296,101.70,336.00,1,0,0
6031,3.300,100.90,333.00,1,0,0
6033,3.292,98.30,324.00,1,0,0
6036,3.296,97.20,319.00,1,0,0
6038,3.292,97.10,323.00,1,0,0
6051,3.296,97.20,321.00,1,0,0
6053,3.296,97.10,319.00,1,0,0
6056,3.292,97.50,321.00,1,0,0
6058,3.292,103.40,388.00,1,0,0
6061,3.292,98.60,324.00,1,0,0
6063,3.292,97.70,321.00,1,0,0
6066,3.292,99.00,326.00,1,0,0
6068,3.292,98.20,323.00,1,0,0
6070,3.292,90.60,298.00,1,0,0
6073,3.292,97.50,319.00,1,0,0
6075,3.292,97.50,321.00,1,0,0
6078,3.292,91.60,301.00,1,0,0
6080,3.292,91.70,297.00,1,0,0
6083,3.292,98.00,323.00,1,0,0
6085,3.296,97.00,319.00,1,0,0
6088,3.296,97.00,319.00,1,0,0
6100,3.292,97.10,319.00,1,0,0
6103,3.292,97.00,321.00,1,0,0
6105,3.292,98.10,323.00,1,0,0
6108,3.292,97.30,321.00,1,0,0
6110,3.296,99.10,326.00,1,0,0
6113,3.296,98.40,324.00,1,0,0
6115,3.292,98.00,323.00,1,0,0
6118,3.296,97.70,319.00,1,0,0
6120,3.292,98.10,323.00,1,0,0
6123,3.296,98.00,323.00,1,0,0
6125,3.292,91.30,301.00,1,0,0
6128,3.292,97.60,321.00,1,0,0
6130,3.292,98.40,324.00,1,0,0
6133,3.292,98.60,323.00,1,0,0
6135,3.292,98.10,323.00,1,0,0
6137,3.292,99.40,326.00,1,0,0
6150,3.296,97.90,323.00,1,0,0
6153,3.292,97.70,321.00,1,0,0
6155,3.296,97.80,323.00,1,0,0
6158,3.292,97.70,321.00,1,0,0
6160,3.292,98.10,323.00,1,0,0
6163,3.292,97.90,324.00,1,0,0
6165,3.296,98.10,323.00,1,0,0
6167,3.292,98.80,326.00,1,0,0
6170,3.292,98.00,324.00,1,0,0
6172,3.292,90.70,298.00,1,0,0
6175,3.292,97.80,323.00,1,0,0
6177,3.292,97.60,403.00,1,0,0
6180,3.292,99.10,326.00,1,0,0
6182,3.296,99.40,328.00,1,0,0
6185,3.292,97.10,313.00,1,0,0
6187,3.296,97.30,321.00,1,0,0
6200,3.292,99.60,321.00,1,0,0
6202,3.292,97.20,319.00,1,0,0
6205,3.292,97.60,321.00,1,0,0
6207,3.296,97.80,323.00,1,0,0
6210,3.292,97.40,321.00,1,0,0
6212,3.296,99.10,326.00,1,0,0
6215,3.296,96.90,328.00,1,0,0
6217,3.292,97.30,319.00,1,0,0
6220,3.288,96.80,318.00,1,0,0
6222,3.292,97.60,324.00,1,0,0
6225,3.292,91.20,300.00,1,0,0
6227,3.292,97.90,323.00,1,0,0
6230,3.296,97.20,319.00,1,0,0
6232,3.292,98.00,323.00,1,0,0
6234,3.292,97.20,319.00,1,0,0
6237,3.292,98.10,324.00,1,0,0
6250,3.296,98.20,319.00,1,0,0
6252,3.292,97.20,319.00,1,0,0
6255,3.292,97.30,321.00,1,0,0
6257,3.296,97.20,319.00,1,0,0
6260,3.296,99.40,319.00,1,0,0
6262,3.292,97.20,319.00,1,0,0
6264,3.292,98.70,326.00,1,0,0
6267,3.296,97.80,321.00,1,0,0
6269,3.292,98.90,326.00,1,0,0
6272,3.296,99.00,326.00,1,0,0
6274,3.292,99.00,328.00,1,0,0
6277,3.296,89.80,297.00,1,0,0
6279,3.292,94.30,310.00,1,0,0
6282,3.292,97.60,303.00,1,0,0
6284,3.292,92.00,303.00,1,0,0
6287,3.292,97.10,319.00,1,0,0
6299,3.292,98.90,326.00,1,0,0
6302,3.296,98.40,323.00,1,0,0
6304,3.292,97.30,321.00,1,0,0
6307,3.292,101.50,334.00,1,0,0
6309,3.292,97.60,323.00,1,0,0
6312,3.292,97.10,319.00,1,0,0
6314,3.292,98.80,326.00,1,0,0
6317,3.296,97.70,321.00,1,0,0
6319,3.292,97.40,321.00,1,0,0
6322,3.292,97.20,319.00,1,0,0
6324,3.292,97.10,319.00,1,0,0
6327,3.292,97.90,323.00,1,0,0
6329,3.292,91.20,300.00,1,0,0
6332,3.292,96.70,319.00,1,0,0
6334,3.292,98.00,324.00,1,0,0
6336,3.296,98.20,324.00,1,0,0
6349,3.292,98.10,323.00,1,0,0
6352,3.292,98.10,323.00,1,0,0
6354,3.292,97.20,319.00,1,0,0
6357,3.292,97.20,319.00,1,0,0
6359,3.292,97.10,319.00,1,0,0
6361,3.296,97.30,321.00,1,0,0
6364,3.292,97.50,321.00,1,0,0
6366,3.296,98.60,324.00,1,0,0
6369,3.292,98.60,324.00,1,0,0
6371,3.296,99.60,326.00,1,0,0
6374,3.296,98.50,324.00,1,0,0
6376,3.296,97.70,321.00,1,0,0
6379,3.288,90.10,387.00,1,0,0
6386,3.296,94.20,303.00,1,0,0
6389,3.292,98.20,324.00,1,0,0
6391,3.296,98.00,323.00,1,0,0
6394,3.292,97.10,323.00,1,0,0
6396,3.292,97.90,323.00,1,0,0
6399,3.296,101.20,334.00,1,0,0
6401,3.296,95.30,323.00,1,0,0
6404,3.292,98.40,324.00,1,0,0
6406,3.296,98.40,324.00,1,0,0
6408,3.296,97.90,323.00,1,0,0
6411,3.292,97.70,321.00,1,0,0
6413,3.292,98.40,324.00,1,0,0
6426,3.296,98.00,323.00,1,0,0
6428,3.296,104.30,344.00,1,0,0
6431,3.296,100.30,324.00,1,0,0
6433,3.292,97.90,323.00,1,0,0
6436,3.296,95.00,313.00,1,0,0
6438,3.292,91.20,321.00,1,0,0
6441,3.296,98.10,323.00,1,0,0
6443,3.296,98.00,323.00,1,0,0
6446,3.296,97.10,321.00,1,0,0
6448,3.292,103.40,339.00,1,0,0
6451,3.296,98.20,323.00,1,0,0
6453,3.296,98.60,323.00,1,0,0
6456,3.292,97.90,323.00,1,0,0
6458,3.288,119.10,393.00,1,0,0
6461,3.292,97.40,336.00,1,0,0
6473,3.296,98.10,323.00,1,0,0
6476,3.296,98.90,326.00,1,0,0
6478,3.296,99.00,326.00,1,0,0
6481,3.292,90.80,326.00,1,0,0
6483,3.292,98.10,323.00,1,0,0
6486,3.296,98.00,323.00,1,0,0
6488,3.292,99.00,326.00,1,0,0
6491,3.292,96.90,323.00,1,0,0
6493,3.292,101.20,334.00,1,0,0
6496,3.296,98.30,324.00,1,0,0
6498,3.292,99.80,323.00,1,0,0
6501,3.296,98.50,324.00,1,0,0
6503,3.292,98.60,324.00,1,0,0
6505,3.296,97.30,324.00,1,0,0
6508,3.292,97.10,319.00,1,0,0
6510,3.292,96.90,319.00,1,0,0
6523,3.292,97.80,323.00,1,0,0
6526,3.296,97.80,323.00,1,0,0
6528,3.292,98.60,324.00,1,0,0
6530,3.296,98.50,324.00,1,0,0
6533,3.296,98.30,321.00,1,0,0
6535,3.292,91.30,301.00,1,0,0
6538,3.296,123.00,405.00,1,0,0
6540,3.292,97.90,323.00,1,0,0
6543,3.292,97.90,323.00,1,0,0
6545,3.296,98.00,323.00,1,0,0
6548,3.296,97.90,323.00,1,0,0
6550,3.292,97.90,323.00,1,0,0
6553,3.292,98.20,324.00,1,0,0
6555,3.292,97.90,323.00,1,0,0
6558,3.292,97.20,319.00,1,0,0
6560,3.292,97.70,321.00,1,0,0
6573,3.296,98.30,324.00,1,0,0
6575,3.296,97.20,321.00,1,0,0
6578,3.292,98.90,323.00,1,0,0
6580,3.292,98.40,324.00,1,0,0
6583,3.292,90.80,300.00,1,0,0
6585,3.296,97.80,321.00,1,0,0
6588,3.292,97.40,321.00,1,0,0
6590,3.292,99.20,328.00,1,0,0
6593,3.292,90.30,297.00,1,0,0
6595,3.292,97.20,321.00,1,0,0
6598,3.292,97.40,321.00,1,0,0
6600,3.292,100.70,333.00,1,0,0
6602,3.296,102.20,341.00,1,0,0
6605,3.296,97.90,323.00,1,0,0
6607,3.292,98.00,323.00,1,0,0
6610,3.292,98.00,319.00,1,0,0
6623,3.296,99.00,326.00,1,0,0
6625,3.292,97.30,321.00,1,0,0
6628,3.292,110.00,362.00,1,0,0
6630,3.292,98.50,321.00,1,0,0
6632,3.292,98.30,324.00,1,0,0
6635,3.292,91.40,301.00,1,0,0
6637,3.296,98.10,323.00,1,0,0
6640,3.292,97.40,321.00,1,0,0
6642,3.292,98.40,324.00,1,0,0
6645,3.296,98.10,324.00,1,0,0
6647,3.296,98.70,323.00,1,0,0
6650,3.292,97.20,319.00,1,0,0
6652,3.292,97.50,321.00,1,0,0
6655,3.296,98.00,323.00,1,0,0
6657,3.296,98.70,324.00,1,0,0
6660,3.292,99.20,328.00,1,0,0
6672,3.292,97.40,321.00,1,0,0
6675,3.296,98.40,324.00,1,0,0
6677,3.292,99.10,326.00,1,0,0
6680,3.292,98.90,326.00,1,0,0
6682,3.296,99.10,324.00,1,0,0
6685,3.296,90.70,298.00,1,0,0
6687,3.296,98.00,323.00,1,0,0
6690,3.296,97.30,321.00,1,0,0
6692,3.292,94.40,311.00,1,0,0
6695,3.292,93.30,308.00,1,0,0
6697,3.296,98.20,341.00,1,0,0
6699,3.280,97.90,323.00,1,0,0
6702,3.292,97.20,321.00,1,0,0
6704,3.292,97.10,319.00,1,0,0
6707,3.296,98.10,323.00,1,0,0
6709,3.292,97.20,319.00,1,0,0
6722,3.292,97.10,319.00,1,0,0
6725,3.296,98.80,326.00,1,0,0
6727,3.292,97.70,321.00,1,0,0
6729,3.292,97.60,321.00,1,0,0
6732,3.296,97.10,319.00,1,0,0
6734,3.296,97.00,323.00,1,0,0
6737,3.292,91.20,300.00,1,0,0
6739,3.296,98.00,323.00,1,0,0
6742,3.292,97.00,321.00,1,0,0
6744,3.292,98.50,324.00,1,0,0
6747,3.292,98.30,324.00,1,0,0
6749,3.292,98.40,324.00,1,0,0
6752,3.296,97.20,319.00,1,0,0
6754,3.292,97.10,319.00,1,0,0
6757,3.296,98.10,323.00,1,0,0
6759,3.296,98.30,323.00,1,0,0
6772,3.296,97.60,323.00,1,0,0
6774,3.296,97.40,321.00,1,0,0
6777,3.292,98.00,323.00,1,0,0
6779,3.296,98.50,323.00,1,0,0
6782,3.284,99.70,329.00,1,0,0
6784,3.296,106.30,351.00,1,0,0
6787,3.296,90.40,306.00,1,0,0
6789,3.292,98.00,323.00,1,0,0
6792,3.296,97.30,321.00,1,0,0
6794,3.296,99.80,328.00,1,0,0
6796,3.296,98.90,326.00,1,0,0
6799,3.296,97.80,323.00,1,0,0
6801,3.292,98.10,319.00,1,0,0
6804,3.292,96.80,318.00,1,0,0
6806,3.296,97.10,319.00,1,0,0
6809,3.296,98.00,323.00,1,0,0
6822,3.296,97.80,323.00,1,0,0
6824,3.292,97.50,321.00,1,0,0
6826,3.292,98.80,326.00,1,0,0
6829,3.296,98.60,324.00,1,0,0
6831,3.296,98.00,319.00,1,0,0
6834,3.292,97.00,319.00,1,0,0
6836,3.292,97.60,321.00,1,0,0
6839,3.296,97.90,323.00,1,0,0
6841,3.296,91.30,300.00,1,0,0
6844,3.292,97.10,319.00,1,0,0
6846,3.296,98.00,324.00,1,0,0
6849,3.296,98.10,323.00,1,0,0
6851,3.296,98.10,323.00,1,0,0
6854,3.296,97.30,319.00,1,0,0
6856,3.296,98.80,326.00,1,0,0
6859,3.292,98.80,326.00,1,0,0
6871,3.296,97.20,319.00,1,0,0
6874,3.292,97.60,321.00,1,0,0
6876,3.292,97.50,319.00,1,0,0
6879,3.296,98.80,326.00,1,0,0
6881,3.296,97.90,323.00,1,0,0
6884,3.296,97.10,318.00,1,0,0
6886,3.296,98.90,326.00,1,0,0
6889,3.296,92.50,305.00,1,0,0
6891,3.292,90.80,336.00,1,0,0
6894,3.300,97.80,323.00,1,0,0
6896,3.296,98.30,324.00,1,0,0
6898,3.292,98.60,303.00,1,0,0
6901,3.296,97.10,319.00,1,0,0
6903,3.296,97.70,323.00,1,0,0
6906,3.296,97.20,319.00,1,0,0
6908,3.296,97.20,319.00,1,0,0
6921,3.296,97.00,319.00,1,0,0
6923,3.296,97.90,323.00,1,0,0
6926,3.296,97.50,321.00,1,0,0
6928,3.292,98.40,326.00,1,0,0
6931,3.296,97.70,323.00,1,0,0
6933,3.296,97.80,323.00,1,0,0
6936,3.280,97.80,319.00,1,0,0
6938,3.296,99.20,326.00,1,0,0
6941,3.296,98.20,324.00,1,0,0
6943,3.292,91.30,301.00,1,0,0
6946,3.296,98.10,323.00,1,0,0
6948,3.296,97.90,323.00,1,0,0
6951,3.296,98.40,323.00,1,0,0
6953,3.296,98.30,324.00,1,0,0
6956,3.296,97.90,323.00,1,0,0
6958,3.296,97.20,319.00,1,0,0
6971,3.292,97.20,321.00,1,0,0
6973,3.296,97.30,321.00,1,0,0
6976,3.292,97.10,319.00,1,0,0
6978,3.292,122.40,403.00,1,0,0
6981,3.292,97.90,324.00,1,0,0
6983,3.296,98.40,324.00,1,0,0
6986,3.296,98.90,326.00,1,0,0
6988,3.296,99.10,326.00,1,0,0
6991,3.296,95.00,313.00,1,0,0
6993,3.292,90.30,297.00,1,0,0
6995,3.296,98.30,324.00,1,0,0
6998,3.300,98.20,324.00,1,0,0
7000,3.292,90.10,297.00,1,0,0
7003,3.292,90.10,319.00,1,0,0
7005,3.292,97.60,321.00,1,0,0
7008,3.292,97.30,321.00,1,0,0
7020,3.296,97.20,319.00,1,0,0
7023,3.296,102.40,319.00,1,0,0
7025,3.292,98.40,324.00,1,0,0
7028,3.292,97.40,321.00,1,0,0
7030,3.296,97.80,324.00,1,0,0
7033,3.296,98.50,321.00,1,0,0
7035,3.296,97.60,321.00,1,0,0
7038,3.296,99.20,328.00,1,0,0
7040,3.296,101.40,319.00,1,0,0
7043,3.292,98.10,323.00,1,0,0
7045,3.292,96.90,319.00,1,0,0
7048,3.292,91.20,321.00,1,0,0
7050,3.292,98.00,323.00,1,0,0
7053,3.296,98.30,324.00,1,0,0
7055,3.296,98.10,326.00,1,0,0
7058,3.296,98.20,323.00,1,0,0
7070,3.296,96.60,318.00,1,0,0
7073,3.296,98.00,323.00,1,0,0
7075,3.296,97.30,321.00,1,0,0
7078,3.296,97.20,321.00,1,0,0
7080,3.292,98.20,323.00,1,0,0
7083,3.292,97.80,324.00,1,0,0
7085,3.292,98.90,326.00,1,0,0
7088,3.296,101.90,334.00,1,0,0
7090,3.280,100.20,329.00,1,0,0
7092,3.284,106.60,324.00,1,0,0
7095,3.292,90.90,300.00,1,0,0
7097,3.280,101.40,333.00,1,0,0
7100,3.280,102.60,346.00,1,0,0
7102,3.288,101.10,333.00,1,0,0
7105,3.284,97.10,319.00,1,0,0
7117,3.276,106.30,349.00,1,0,0
7120,3.280,106.30,349.00,1,0,0
7122,3.284,97.80,323.00,1,0,0
7125,3.292,97.10,319.00,1,0,0
7127,3.292,97.60,323.00,1,0,0
7130,3.292,97.30,321.00,1,0,0
7132,3.292,97.50,321.00,1,0,0
7135,3.292,98.10,321.00,1,0,0
7137,3.296,100.40,323.00,1,0,0
7140,3.296,97.90,323.00,1,0,0
7142,3.284,104.70,344.00,1,0,0
7145,3.284,106.30,311.00,1,0,0
7147,3.292,91.20,300.00,1,0,0
7150,3.280,106.10,347.00,1,0,0
7152,3.288,106.30,344.00,1,0,0
7165,3.280,103.50,331.00,1,0,0
7167,3.296,97.90,323.00,1,0,0
7170,3.292,98.90,326.00,1,0,0
7172,3.292,106.50,349.00,1,0,0
7175,3.280,102.80,338.00,1,0,0
7177,3.276,106.30,349.00,1,0,0
7180,3.284,106.20,295.00,1,0,0
7182,3.292,97.40,319.00,1,0,0
7185,3.292,98.30,324.00,1,0,0
7187,3.296,98.50,331.00,1,0,0
7189,3.296,98.30,324.00,1,0,0
7192,3.292,98.80,326.00,1,0,0
7194,3.296,98.90,326.00,1,0,0
7197,3.292,91.10,300.00,1,0,0
7199,3.292,101.90,334.00,1,0,0
7212,3.296,106.10,347.00,1,0,0
7215,3.280,101.40,333.00,1,0,0
7217,3.280,106.40,346.00,1,0,0
7219,3.284,97.90,323.00,1,0,0
7222,3.296,98.60,324.00,1,0,0
7224,3.296,98.00,326.00,1,0,0
7227,3.292,97.10,319.00,1,0,0
7229,3.292,100.40,331.00,1,0,0
7232,3.296,97.60,321.00,1,0,0
7234,3.296,100.20,331.00,1,0,0
7237,3.288,105.50,346.00,1,0,0
7239,3.296,104.00,318.00,1,0,0
7242,3.292,104.70,344.00,1,0,0
7244,3.292,99.20,328.00,1,0,0
7247,3.296,104.70,344.00,1,0,0
7259,3.280,104.50,349.00,1,0,0
7262,3.280,106.20,347.00,1,0,0
7264,3.276,97.80,323.00,1,0,0
7267,3.284,104.70,344.00,1,0,0
7269,3.292,102.90,349.00,1,0,0
7272,3.280,104.80,344.00,1,0,0
7274,3.292,98.10,323.00,1,0,0
7277,3.296,97.50,324.00,1,0,0
7279,3.292,97.10,319.00,1,0,0
7282,3.296,97.20,321.00,1,0,0
7284,3.292,97.10,329.00,1,0,0
7287,3.296,100.70,333.00,1,0,0
7289,3.296,101.30,334.00,1,0,0
7292,3.296,97.70,319.00,1,0,0
7294,3.296,98.90,326.00,1,0,0
7307,3.296,94.40,311.00,1,0,0
7309,3.292,89.80,295.00,1,0,0
7312,3.292,97.00,319.00,1,0,0
7314,3.292,97.30,321.00,1,0,0
7317,3.292,98.30,324.00,1,0,0
7319,3.296,97.10,323.00,1,0,0
7322,3.296,97.70,323.00,1,0,0
7324,3.296,97.60,321.00,1,0,0
7326,3.296,98.10,323.00,1,0,0
7329,3.296,97.00,319.00,1,0,0
7331,3.292,97.40,321.00,1,0,0
7334,3.292,97.80,323.00,1,0,0
7336,3.292,97.30,321.00,1,0,0
7339,3.292,98.70,326.00,1,0,0
7341,3.292,97.80,323.00,1,0,0
7344,3.284,97.70,351.00,1,0,0
7356,3.292,97.00,321.00,1,0,0
7359,3.296,98.30,324.00,1,0,0
7361,3.292,98.20,324.00,1,0,0
7364,3.296,98.30,324.00,1,0,0
7366,3.296,98.00,323.00,1,0,0
7369,3.292,101.40,334.00,1,0,0
7371,3.296,98.20,324.00,1,0,0
7374,3.296,98.20,324.00,1,0,0
7376,3.296,97.10,319.00,1,0,0
7379,3.292,97.20,321.00,1,0,0
7381,3.292,98.00,323.00,1,0,0
7384,3.296,99.70,328.00,1,0,0
7386,3.292,98.40,324.00,1,0,0
7389,3.292,97.80,321.00,1,0,0
7391,3.296,98.30,324.00,1,0,0
7394,3.292,97.80,323.00,1,0,0
7406,3.280,104.60,342.00,1,0,0
7409,3.288,104.60,346.00,1,0,0
7411,3.292,90.80,300.00,1,0,0
7414,3.292,97.10,319.00,1,0,0
7416,3.280,104.80,339.00,1,0,0
7419,3.280,98.50,324.00,1,0,0
7421,3.280,101.60,333.00,1,0,0
7423,3.276,103.20,342.00,1,0,0
7426,3.280,98.00,323.00,1,0,0
7428,3.292,102.50,338.00,1,0,0
7431,3.280,97.10,333.00,1,0,0
7433,3.296,100.50,331.00,1,0,0
7436,3.292,97.40,321.00,1,0,0
7438,3.296,97.00,319.00,1,0,0
7441,3.292,98.90,326.00,1,0,0
7453,3.292,91.30,300.00,1,0,0
7456,3.292,98.10,323.00,1,0,0
7458,3.292,97.00,319.00,1,0,0
7461,3.292,98.20,324.00,1,0,0
7463,3.296,98.40,324.00,1,0,0
7466,3.296,98.20,323.00,1,0,0
7468,3.296,97.30,321.00,1,0,0
7471,3.292,97.00,319.00,1,0,0
7473,3.292,97.90,323.00,1,0,0
7476,3.296,98.40,323.00,1,0,0
7478,3.296,97.90,323.00,1,0,0
7481,3.296,97.60,321.00,1,0,0
7483,3.292,97.10,321.00,1,0,0
7486,3.296,97.20,321.00,1,0,0
7488,3.296,96.80,318.00,1,0,0
7491,3.292,98.10,321.00,1,0,0
7503,3.292,94.70,313.00,1,0,0
7506,3.292,109.90,319.00,1,0,0
7508,3.292,97.70,323.00,1,0,0
7511,3.292,97.80,323.00,1,0,0
7513,3.292,92.00,301.00,1,0,0
7516,3.292,97.10,319.00,1,0,0
7518,3.292,97.10,319.00,1,0,0
7521,3.292,97.00,319.00,1,0,0
7523,3.292,97.20,321.00,1,0,0
7525,3.292,97.70,323.00,1,0,0
7528,3.292,102.40,336.00,1,0,0
7530,3.300,102.40,338.00,1,0,0
7533,3.296,101.50,333.00,1,0,0
7535,3.280,100.10,323.00,1,0,0
7538,3.292,97.10,319.00,1,0,0
7550,3.296,98.50,323.00,1,0,0
7553,3.292,97.00,319.00,1,0,0
7555,3.292,91.20,300.00,1,0,0
7558,3.292,97.80,323.00,1,0,0
7560,3.292,97.10,319.00,1,0,0
7563,3.292,98.20,324.00,1,0,0
7565,3.300,101.80,324.00,1,0,0
7568,3.292,98.30,324.00,1,0,0
7570,3.296,97.40,321.00,1,0,0
7573,3.292,98.10,319.00,1,0,0
7575,3.292,98.40,324.00,1,0,0
7578,3.292,98.10,323.00,1,0,0
7580,3.292,98.10,321.00,1,0,0
7583,3.296,114.00,375.00,1,0,0
7585,3.292,97.00,319.00,1,0,0
7588,3.292,97.10,321.00,1,0,0
7600,3.296,98.10,323.00,1,0,0
7603,3.296,98.90,326.00,1,0,0
7605,3.292,92.00,303.00,1,0,0
7608,3.292,90.90,300.00,1,0,0
7610,3.296,98.20,323.00,1,0,0
7613,3.296,98.30,324.00,1,0,0
7615,3.296,94.30,310.00,1,0,0
7617,3.296,90.10,319.00,1,0,0
7620,3.292,96.90,319.00,1,0,0
7622,3.292,97.20,318.00,1,0,0
7625,3.292,97.00,321.00,1,0,0
7627,3.296,98.00,323.00,1,0,0
7630,3.296,96.80,318.00,1,0,0
7632,3.292,98.20,323.00,1,0,0
7635,3.292,97.00,319.00,1,0,0
7637,3.292,97.00,319.00,1,0,0
7650,3.292,97.40,321.00,1,0,0
7652,3.284,98.00,324.00,1,0,0
7655,3.292,97.00,319.00,1,0,0
7657,3.292,98.00,323.00,1,0,0
7660,3.292,96.30,316.00,1,0,0
7662,3.292,94.40,360.00,1,0,0
7665,3.280,99.40,328.00,1,0,0
7667,3.292,98.20,323.00,1,0,0
7670,3.296,98.10,324.00,1,0,0
7672,3.296,97.80,323.00,1,0,0
7675,3.292,97.60,321.00,1,0,0
7677,3.292,98.00,324.00,1,0,0
7680,3.296,98.20,324.00,1,0,0
7682,3.292,97.60,321.00,1,0,0
7685,3.292,97.20,319.00,1,0,0
7687,3.296,97.10,319.00,1,0,0
7700,3.296,98.50,324.00,1,0,0
7702,3.280,104.70,344.00,1,0,0
7705,3.296,99.40,328.00,1,0,0
7707,3.296,105.10,346.00,1,0,0
7710,3.288,90.90,300.00,1,0,0
7712,3.280,104.80,344.00,1,0,0
7714,3.284,104.60,323.00,1,0,0
7717,3.292,92.30,305.00,1,0,0
7719,3.292,89.90,297.00,1,0,0
7722,3.292,98.20,334.00,1,0,0
7724,3.280,101.90,334.00,1,0,0
7727,3.280,99.50,328.00,1,0,0
7729,3.280,104.90,324.00,1,0,0
7732,3.296,97.40,321.00,1,0,0
7734,3.292,98.10,323.00,1,0,0
7747,3.292,98.10,323.00,1,0,0
7749,3.296,99.00,326.00,1,0,0
7752,3.292,97.60,321.00,1,0,0
7754,3.292,99.10,326.00,1,0,0
7757,3.292,97.50,321.00,1,0,0
7759,3.292,97.80,301.00,1,0,0
7762,3.292,92.90,306.00,1,0,0
7764,3.292,98.10,323.00,1,0,0
7767,3.292,97.80,323.00,1,0,0
7769,3.296,98.30,324.00,1,0,0
7772,3.296,98.10,323.00,1,0,0
7774,3.296,98.00,323.00,1,0,0
7777,3.292,97.20,321.00,1,0,0
7779,3.296,98.00,323.00,1,0,0
7781,3.296,95.90,323.00,1,0,0
7784,3.288,98.30,324.00,1,0,0
7797,3.296,97.70,323.00,1,0,0
7799,3.292,97.20,321.00,1,0,0
7802,3.292,98.50,321.00,1,0,0
7804,3.292,97.20,321.00,1,0,0
7807,3.296,101.00,333.00,1,0,0
7809,3.296,98.90,316.00,1,0,0
7811,3.292,91.40,298.00,1,0,0
7814,3.292,98.30,324.00,1,0,0
7816,3.292,97.00,319.00,1,0,0
7819,3.296,93.20,301.00,1,0,0
7821,3.292,90.10,297.00,1,0,0
7824,3.280,97.50,321.00,1,0,0
7826,3.292,97.20,321.00,1,0,0
7829,3.296,98.00,323.00,1,0,0
7831,3.288,103.20,339.00,1,0,0
7834,3.296,98.00,326.00,1,0,0
7846,3.296,97.30,326.00,1,0,0
7849,3.284,104.60,344.00,1,0,0
7851,3.296,99.30,328.00,1,0,0
7854,3.296,99.90,323.00,1,0,0
7856,3.296,97.70,321.00,1,0,0
7859,3.292,101.10,333.00,1,0,0
7861,3.292,97.70,323.00,1,0,0
7864,3.296,91.10,300.00,1,0,0
7866,3.296,98.00,323.00,1,0,0
7869,3.296,97.00,323.00,1,0,0
7871,3.296,98.60,324.00,1,0,0
7874,3.292,98.30,324.00,1,0,0
7876,3.292,98.50,324.00,1,0,0
7879,3.292,97.20,319.00,1,0,0
7881,3.296,97.50,321.00,1,0,0
7883,3.296,98.00,323.00,1,0,0
7896,3.296,97.40,321.00,1,0,0
7899,3.292,97.10,323.00,1,0,0
7901,3.292,98.00,323.00,1,0,0
7904,3.288,98.50,324.00,1,0,0
7906,3.296,98.30,328.00,1,0,0
7908,3.296,99.10,326.00,1,0,0
7911,3.296,99.10,326.00,1,0,0
7913,3.292,90.70,297.00,1,0,0
7916,3.292,97.40,321.00,1,0,0
7918,3.292,97.80,323.00,1,0,0
7921,3.292,95.50,315.00,1,0,0
7923,3.296,92.10,297.00,1,0,0
7926,3.296,97.00,319.00,1,0,0
7928,3.288,97.40,321.00,1,0,0
7931,3.296,97.10,319.00,1,0,0
7933,3.296,97.00,319.00,1,0,0
7946,3.292,98.10,323.00,1,0,0
7948,3.296,98.20,324.00,1,0,0
7951,3.280,104.70,342.00,1,0,0
7953,3.280,99.00,326.00,1,0,0
7956,3.292,99.80,329.00,1,0,0
7958,3.292,97.50,364.00,1,0,0
7961,3.296,99.00,326.00,1,0,0
7963,3.296,97.40,321.00,1,0,0
7966,3.292,97.90,323.00,1,0,0
7968,3.296,91.30,300.00,1,0,0
7971,3.292,102.10,336.00,1,0,0
7973,3.280,106.60,347.00,1,0,0
7976,3.280,102.50,338.00,1,0,0
7978,3.296,106.20,349.00,1,0,0
7980,3.280,98.50,324.00,1,0,0
7993,3.280,106.20,347.00,1,0,0
7996,3.280,97.20,323.00,1,0,0
7998,3.292,106.20,349.00,1,0,0
8001,3.288,97.40,321.00,1,0,0
8003,3.292,98.10,323.00,1,0,0
8006,3.292,97.70,323.00,1,0,0
8008,3.296,97.40,321.00,1,0,0
8010,3.296,98.80,326.00,1,0,0
8013,3.296,99.40,328.00,1,0,0
8015,3.296,91.20,300.00,1,0,0
8018,3.292,95.30,324.00,1,0,0
8020,3.296,104.60,342.00,1,0,0
8023,3.288,111.80,367.00,1,0,0
8025,3.280,92.00,297.00,1,0,0
8028,3.292,106.20,349.00,1,0,0
8040,3.284,98.10,324.00,1,0,0
8043,3.296,97.20,321.00,1,0,0
8045,3.292,97.10,319.00,1,0,0
8048,3.292,97.20,319.00,1,0,0
8050,3.292,97.70,321.00,1,0,0
8053,3.292,97.50,321.00,1,0,0
8055,3.296,96.20,323.00,1,0,0
8058,3.296,97.20,319.00,1,0,0
8060,3.280,106.20,349.00,1,0,0
8063,3.280,98.00,319.00,1,0,0
8065,3.276,106.30,349.00,1,0,0
8068,3.288,91.40,301.00,1,0,0
8070,3.292,97.90,324.00,1,0,0
8073,3.296,97.10,319.00,1,0,0
8075,3.296,98.20,324.00,1,0,0
8078,3.296,98.10,347.00,1,0,0
8090,3.296,98.00,323.00,1,0,0
8093,3.296,97.40,321.00,1,0,0
8095,3.292,97.30,321.00,1,0,0
8098,3.292,97.90,323.00,1,0,0
8100,3.296,97.90,321.00,1,0,0
8103,3.292,106.30,349.00,1,0,0
8105,3.296,97.90,323.00,1,0,0
8108,3.296,98.80,324.00,1,0,0
8110,3.296,97.80,323.00,1,0,0
8112,3.292,97.30,321.00,1,0,0
8115,3.296,99.10,326.00,1,0,0
8117,3.296,90.90,300.00,1,0,0
8120,3.292,96.10,316.00,1,0,0
8122,3.296,95.40,319.00,1,0,0
8125,3.292,98.10,323.00,1,0,0
8127,3.292,91.70,301.00,1,0,0
8140,3.296,98.20,324.00,1,0,0
8142,3.296,97.70,346.00,1,0,0
8145,3.296,98.20,324.00,1,0,0
8147,3.296,104.50,342.00,1,0,0
8150,3.288,104.50,344.00,1,0,0
8152,3.284,103.60,344.00,1,0,0
8155,3.280,97.30,321.00,1,0,0
8157,3.296,99.20,328.00,1,0,0
8160,3.296,99.20,321.00,1,0,0
8162,3.288,97.60,321.00,1,0,0
8165,3.288,99.10,326.00,1,0,0
8167,3.296,99.00,321.00,1,0,0
8170,3.296,98.00,323.00,1,0,0
8172,3.292,91.70,301.00,1,0,0
8175,3.292,91.60,342.00,1,0,0
8177,3.280,103.20,339.00,1,0,0
8190,3.296,98.40,324.00,1,0,0
8192,3.296,98.30,324.00,1,0,0
8195,3.292,97.90,323.00,1,0,0
8197,3.292,98.00,323.00,1,0,0
8200,3.292,97.60,321.00,1,0,0
8202,3.292,97.30,321.00,1,0,0
8205,3.292,97.80,323.00,1,0,0
8207,3.296,98.00,323.00,1,0,0
8209,3.296,98.20,324.00,1,0,0
8212,3.296,98.40,324.00,1,0,0
8214,3.296,97.40,321.00,1,0,0
8217,3.292,99.10,326.00,1,0,0
8219,3.296,100.80,326.00,1,0,0
8222,3.296,90.60,298.00,1,0,0
8224,3.280,97.50,321.00,1,0,0
8227,3.292,97.00,323.00,1,0,0
8239,3.292,97.10,319.00,1,0,0
8242,3.292,98.10,323.00,1,0,0
8244,3.292,97.40,321.00,1,0,0
8247,3.296,97.30,319.00,1,0,0
8249,3.292,97.40,321.00,1,0,0
8252,3.296,97.20,319.00,1,0,0
8254,3.296,98.30,334.00,1,0,0
8257,3.280,101.40,334.00,1,0,0
8259,3.280,105.40,347.00,1,0,0
8262,3.296,99.00,323.00,1,0,0
8264,3.276,97.70,321.00,1,0,0
8267,3.292,98.80,326.00,1,0,0
8269,3.292,103.70,341.00,1,0,0
8272,3.280,103.10,300.00,1,0,0
8274,3.292,97.00,318.00,1,0,0
8287,3.296,97.30,321.00,1,0,0
8289,3.292,101.30,334.00,1,0,0
8292,3.296,98.30,324.00,1,0,0
8294,3.296,98.20,324.00,1,0,0
8297,3.292,98.10,323.00,1,0,0
8299,3.296,100.80,333.00,1,0,0
8302,3.296,97.20,321.00,1,0,0
8304,3.292,97.20,321.00,1,0,0
8307,3.296,97.50,324.00,1,0,0
8309,3.296,102.00,336.00,1,0,0
8311,3.292,98.00,323.00,1,0,0
8314,3.296,98.50,323.00,1,0,0
8316,3.292,97.30,321.00,1,0,0
8319,3.296,99.00,326.00,1,0,0
8321,3.296,98.80,300.00,1,0,0
8334,3.296,90.20,297.00,1,0,0
8336,3.296,97.10,319.00,1,0,0
8339,3.292,97.10,319.00,1,0,0
8341,3.292,97.10,319.00,1,0,0
8344,3.276,97.30,323.00,1,0,0
8346,3.292,97.10,319.00,1,0,0
8349,3.292,98.30,324.00,1,0,0
8351,3.292,102.00,344.00,1,0,0
8354,3.280,100.80,333.00,1,0,0
8356,3.292,97.70,321.00,1,0,0
8359,3.292,97.80,323.00,1,0,0
8361,3.292,98.40,324.00,1,0,0
8364,3.296,98.70,326.00,1,0,0
8366,3.292,98.90,321.00,1,0,0
8369,3.296,97.70,321.00,1,0,0
8371,3.292,97.10,319.00,1,0,0
8388,3.292,98.00,323.00,1,0,0
8391,3.292,97.10,321.00,1,0,0
8393,3.296,98.00,323.00,1,0,0
8396,3.292,98.60,324.00,1,0,0
8398,3.296,98.10,324.00,1,0,0
8401,3.292,98.20,324.00,1,0,0
8403,3.296,97.90,323.00,1,0,0
8406,3.296,97.10,321.00,1,0,0
8408,3.296,97.90,323.00,1,0,0
8410,3.296,99.20,328.00,1,0,0
8413,3.292,98.00,323.00,1,0,0
8415,3.296,98.60,324.00,1,0,0
8418,3.296,97.40,321.00,1,0,0
8420,3.296,98.90,326.00,1,0,0
8423,3.296,98.90,326.00,1,0,0
8425,3.296,90.80,298.00,1,0,0
8438,3.292,97.20,319.00,1,0,0
8440,3.292,97.20,319.00,1,0,0
8443,3.292,97.30,319.00,1,0,0
8445,3.292,97.30,321.00,1,0,0
8448,3.292,98.40,324.00,1,0,0
8450,3.292,97.20,326.00,1,0,0
8453,3.296,97.10,319.00,1,0,0
8455,3.288,104.60,342.00,1,0,0
8458,3.296,98.80,344.00,1,0,0
8460,3.280,104.50,342.00,1,0,0
8463,3.288,109.60,359.00,1,0,0
8465,3.276,100.70,326.00,1,0,0
8468,3.296,104.60,344.00,1,0,0
8470,3.292,105.40,347.00,1,0,0
8473,3.292,99.10,326.00,1,0,0
8485,3.296,98.20,324.00,1,0,0
8488,3.292,102.10,334.00,1,0,0
8490,3.296,98.10,323.00,1,0,0
8493,3.292,97.20,319.00,1,0,0
8495,3.292,97.20,323.00,1,0,0
8498,3.292,98.00,323.00,1,0,0
8500,3.296,97.90,323.00,1,0,0
8503,3.296,96.90,406.00,1,0,0
8505,3.292,97.10,319.00,1,0,0
8508,3.292,97.20,319.00,1,0,0
8510,3.292,97.30,321.00,1,0,0
8512,3.292,97.40,321.00,1,0,0
8515,3.292,98.00,323.00,1,0,0
8517,3.296,98.30,324.00,1,0,0
8520,3.296,97.80,323.00,1,0,0
8522,3.296,98.50,324.00,1,0,0
8535,3.292,98.70,326.00,1,0,0
8537,3.292,91.90,303.00,1,0,0
8540,3.292,97.10,321.00,1,0,0
8542,3.292,101.90,334.00,1,0,0
8545,3.292,97.40,321.00,1,0,0
8547,3.292,97.50,323.00,1,0,0
8550,3.292,98.10,323.00,1,0,0
8552,3.292,97.10,319.00,1,0,0
8555,3.292,97.30,324.00,1,0,0
8557,3.292,97.60,321.00,1,0,0
8560,3.292,97.20,319.00,1,0,0
8562,3.292,97.80,323.00,1,0,0
8565,3.296,97.20,319.00,1,0,0
8567,3.296,98.80,326.00,1,0,0
8570,3.292,97.60,329.00,1,0,0
8572,3.292,97.60,321.00,1,0,0
8585,3.292,115.80,319.00,1,0,0
8587,3.292,98.30,324.00,1,0,0
8590,3.292,98.30,324.00,1,0,0
8592,3.292,98.10,324.00,1,0,0
8595,3.296,97.20,321.00,1,0,0
8597,3.292,97.20,319.00,1,0,0
8600,3.292,98.10,323.00,1,0,0
8602,3.296,98.00,323.00,1,0,0
8605,3.296,98.40,324.00,1,0,0
8607,3.292,97.20,319.00,1,0,0
8609,3.296,97.20,319.00,1,0,0
8612,3.292,97.20,319.00,1,0,0
8614,3.292,97.80,321.00,1,0,0
8617,3.292,97.50,321.00,1,0,0
8619,3.296,98.30,324.00,1,0,0
8622,3.296,98.70,323.00,1,0,0
8635,3.296,98.00,319.00,1,0,0
8637,3.292,98.60,324.00,1,0,0
8639,3.292,91.80,301.00,1,0,0
8642,3.292,97.00,319.00,1,0,0
8644,3.292,97.20,323.00,1,0,0
8647,3.292,97.10,319.00,1,0,0
8649,3.292,97.20,319.00,1,0,0
8652,3.292,98.10,323.00,1,0,0
8654,3.292,97.20,319.00,1,0,0
8657,3.296,98.20,323.00,1,0,0
8659,3.292,97.30,321.00,1,0,0
8662,3.292,97.30,321.00,1,0,0
8664,3.296,97.60,321.00,1,0,0
8667,3.296,98.00,321.00,1,0,0
8669,3.292,98.70,326.00,1,0,0
8672,3.292,97.10,319.00,1,0,0
8684,3.292,91.10,300.00,1,0,0
8687,3.292,97.90,329.00,1,0,0
8689,3.284,102.30,336.00,1,0,0
8692,3.280,98.40,324.00,1,0,0
8694,3.296,98.00,324.00,1,0,0
8697,3.292,104.50,342.00,1,0,0
8699,3.280,104.50,342.00,1,0,0
8702,3.288,101.60,334.00,1,0,0
8704,3.276,104.20,341.00,1,0,0
8706,3.280,104.70,344.00,1,0,0
8709,3.292,98.40,324.00,1,0,0
8711,3.292,104.50,344.00,1,0,0
8714,3.284,99.50,328.00,1,0,0
8716,3.296,97.80,323.00,1,0,0
8719,3.292,99.00,326.00,1,0,0
8731,3.296,98.20,300.00,1,0,0
8734,3.296,96.80,318.00,1,0,0
8736,3.292,97.60,321.00,1,0,0
8739,3.296,97.50,324.00,1,0,0
8741,3.296,91.90,303.00,1,0,0
8744,3.292,116.10,382.00,1,0,0
8746,3.296,100.10,329.00,1,0,0
8749,3.292,97.50,319.00,1,0,0
8751,3.292,97.00,319.00,1,0,0
8754,3.296,98.20,324.00,1,0,0
8756,3.296,98.30,321.00,1,0,0
8759,3.296,99.70,328.00,1,0,0
8761,3.292,97.40,321.00,1,0,0
8764,3.292,99.10,342.00,1,0,0
8766,3.280,99.00,326.00,1,0,0
8769,3.280,104.80,346.00,1,0,0
8781,3.296,97.10,319.00,1,0,0
8784,3.280,119.10,308.00,1,0,0
8786,3.292,91.30,301.00,1,0,0
8789,3.296,98.00,323.00,1,0,0
8791,3.296,98.10,324.00,1,0,0
8794,3.292,97.90,323.00,1,0,0
8796,3.296,98.20,324.00,1,0,0
8799,3.292,98.20,323.00,1,0,0
8801,3.296,97.80,319.00,1,0,0
8803,3.292,98.00,323.00,1,0,0
8806,3.292,98.10,323.00,1,0,0
8808,3.296,98.00,323.00,1,0,0
8811,3.292,97.40,321.00,1,0,0
8813,3.292,97.30,321.00,1,0,0
8816,3.296,97.10,319.00,1,0,0
8818,3.292,97.50,321.00,1,0,0
8831,3.296,98.60,324.00,1,0,0
8833,3.296,99.00,326.00,1,0,0
8836,3.292,90.20,316.00,1,0,0
8838,3.296,97.20,321.00,1,0,0
8841,3.292,97.40,321.00,1,0,0
8843,3.292,91.60,303.00,1,0,0
8846,3.292,94.50,311.00,1,0,0
8848,3.296,97.20,319.00,1,0,0
8851,3.296,96.90,321.00,1,0,0
8853,3.292,97.10,319.00,1,0,0
8856,3.292,97.00,319.00,1,0,0
8858,3.292,97.60,321.00,1,0,0
8861,3.292,98.30,323.00,1,0,0
8863,3.292,98.90,326.00,1,0,0
8866,3.292,97.10,319.00,1,0,0
8868,3.292,97.40,323.00,1,0,0
8881,3.288,101.70,323.00,1,0,0
8883,3.292,93.30,306.00,1,0,0
8886,3.292,97.80,323.00,1,0,0
8888,3.292,91.30,310.00,1,0,0
8891,3.292,97.70,321.00,1,0,0
8893,3.292,97.50,321.00,1,0,0
8896,3.292,98.20,323.00,1,0,0
8898,3.292,98.90,324.00,1,0,0
8900,3.292,98.30,324.00,1,0,0
8903,3.292,104.00,334.00,1,0,0
8905,3.296,98.20,323.00,1,0,0
8908,3.292,98.40,324.00,1,0,0
8910,3.296,98.00,323.00,1,0,0
8913,3.296,100.80,319.00,1,0,0
8915,3.292,97.30,321.00,1,0,0
8928,3.280,100.50,331.00,1,0,0
8930,3.296,99.60,326.00,1,0,0
8933,3.280,105.50,339.00,1,0,0
8935,3.280,107.50,352.00,1,0,0
8938,3.296,90.80,298.00,1,0,0
8940,3.292,96.80,318.00,1,0,0
8943,3.292,108.70,357.00,1,0,0
8945,3.288,91.50,301.00,1,0,0
8948,3.292,114.00,324.00,1,0,0
8950,3.292,97.80,323.00,1,0,0
8953,3.292,97.80,323.00,1,0,0
8955,3.292,97.30,319.00,1,0,0
8958,3.296,97.70,323.00,1,0,0
8960,3.296,98.00,323.00,1,0,0
8963,3.296,98.10,323.00,1,0,0
8975,3.284,106.20,349.00,1,0,0
8978,3.280,106.80,326.00,1,0,0
8980,3.292,106.20,349.00,1,0,0
8983,3.288,99.10,326.00,1,0,0
8985,3.280,97.80,323.00,1,0,0
8988,3.292,104.70,344.00,1,0,0
8990,3.292,91.20,300.00,1,0,0
8993,3.296,100.70,344.00,1,0,0
8995,3.280,105.80,347.00,1,0,0
8997,3.276,107.30,352.00,1,0,0
9000,3.280,106.40,349.00,1,0,0
9002,3.280,98.20,324.00,1,0,0
9005,3.296,106.00,347.00,1,0,0
9007,3.280,106.20,338.00,1,0,0
9020,3.296,97.30,321.00,1,0,0
9022,3.296,97.70,323.00,1,0,0
9025,3.296,97.30,321.00,1,0,0
9027,3.296,97.80,321.00,1,0,0
9030,3.296,98.60,324.00,1,0,0
9032,3.296,106.30,349.00,1,0,0
9035,3.288,107.60,352.00,1,0,0
9037,3.280,107.60,352.00,1,0,0
9040,3.280,90.60,298.00,1,0,0
9042,3.288,106.20,349.00,1,0,0
9045,3.280,100.40,321.00,1,0,0
9047,3.296,91.50,301.00,1,0,0
9050,3.292,91.50,301.00,1,0,0
9052,3.292,97.20,321.00,1,0,0
9055,3.296,97.20,321.00,1,0,0
9067,3.296,121.90,401.00,1,0,0
9070,3.292,96.80,319.00,1,0,0
9072,3.296,98.00,344.00,1,0,0
9075,3.280,98.50,324.00,1,0,0
9077,3.296,104.50,342.00,1,0,0
9080,3.292,99.00,326.00,1,0,0
9082,3.296,101.40,323.00,1,0,0
9085,3.296,110.30,364.00,1,0,0
9087,3.296,99.20,328.00,1,0,0
9090,3.296,97.00,323.00,1,0,0
9092,3.296,91.10,300.00,1,0,0
9095,3.292,98.00,323.00,1,0,0
9097,3.292,97.60,319.00,1,0,0
9099,3.296,98.40,324.00,1,0,0
9102,3.296,97.60,321.00,1,0,0
9115,3.292,98.00,323.00,1,0,0
9117,3.296,97.80,323.00,1,0,0
9120,3.296,97.40,321.00,1,0,0
9122,3.296,97.20,321.00,1,0,0
9125,3.292,97.50,321.00,1,0,0
9127,3.296,97.20,321.00,1,0,0
9129,3.296,98.00,323.00,1,0,0
9132,3.296,98.70,326.00,1,0,0
9134,3.296,97.90,323.00,1,0,0
9137,3.296,98.90,326.00,1,0,0
9139,3.296,98.90,326.00,1,0,0
9142,3.296,92.90,300.00,1,0,0
9144,3.296,97.40,321.00,1,0,0
9147,3.296,98.20,324.00,1,0,0
9149,3.284,98.20,326.00,1,0,0
9152,3.296,91.90,303.00,1,0,0
9164,3.296,97.30,321.00,1,0,0
9167,3.296,98.20,324.00,1,0,0
9169,3.296,97.20,321.00,1,0,0
9172,3.296,97.60,321.00,1,0,0
9174,3.292,97.20,319.00,1,0,0
9177,3.280,104.50,344.00,1,0,0
9179,3.280,104.80,344.00,1,0,0
9182,3.292,96.90,319.00,1,0,0
9184,3.296,97.50,329.00,1,0,0
9187,3.296,97.70,321.00,1,0,0
9189,3.284,97.90,315.00,1,0,0
9192,3.288,97.40,323.00,1,0,0
9194,3.296,91.30,301.00,1,0,0
9197,3.296,98.20,324.00,1,0,0
9199,3.296,97.40,321.00,1,0,0
9201,3.296,98.00,324.00,1,0,0
9214,3.296,98.00,323.00,1,0,0
9217,3.296,98.20,323.00,1,0,0
9219,3.300,98.10,323.00,1,0,0
9222,3.296,97.20,321.00,1,0,0
9224,3.296,101.40,334.00,1,0,0
9226,3.296,97.50,321.00,1,0,0
9229,3.276,98.30,321.00,1,0,0
9231,3.296,98.00,323.00,1,0,0
9234,3.296,98.30,324.00,1,0,0
9236,3.296,97.90,319.00,1,0,0
9239,3.296,99.00,326.00,1,0,0
9241,3.296,98.90,326.00,1,0,0
9244,3.296,95.60,298.00,1,0,0
9246,3.296,97.10,319.00,1,0,0
9249,3.296,97.60,321.00,1,0,0
9251,3.296,97.40,321.00,1,0,0
9264,3.296,97.30,321.00,1,0,0
9266,3.288,104.50,336.00,1,0,0
9269,3.296,98.00,323.00,1,0,0
9271,3.296,116.70,385.00,1,0,0
9274,3.296,97.30,319.00,1,0,0
9276,3.296,97.20,321.00,1,0,0
9279,3.296,98.10,323.00,1,0,0
9281,3.296,97.50,321.00,1,0,0
9284,3.296,99.20,328.00,1,0,0
9286,3.296,97.90,323.00,1,0,0
9289,3.296,97.60,362.00,1,0,0
9291,3.296,99.50,328.00,1,0,0
9294,3.296,97.20,321.00,1,0,0
9296,3.296,94.50,300.00,1,0,0
9298,3.292,98.10,323.00,1,0,0
9301,3.292,97.30,321.00,1,0,0
9314,3.296,97.70,321.00,1,0,0
9316,3.292,98.00,323.00,1,0,0
9319,3.296,98.00,323.00,1,0,0
9321,3.296,97.90,323.00,1,0,0
9323,3.296,97.30,321.00,1,0,0
9326,3.296,98.00,319.00,1,0,0
9328,3.292,97.20,321.00,1,0,0
9331,3.296,97.40,321.00,1,0,0
9333,3.296,97.70,323.00,1,0,0
9336,3.296,98.40,324.00,1,0,0
9338,3.296,98.10,323.00,1,0,0
9341,3.296,97.70,324.00,1,0,0
9343,3.296,99.10,326.00,1,0,0
9346,3.296,98.00,323.00,1,0,0
9348,3.296,96.60,326.00,1,0,0
9351,3.296,97.80,323.00,1,0,0
9363,3.296,97.80,323.00,1,0,0
9366,3.296,97.30,321.00,1,0,0
9368,3.296,98.10,323.00,1,0,0
9371,3.296,97.00,323.00,1,0,0
9373,3.296,98.40,324.00,1,0,0
9376,3.296,97.40,321.00,1,0,0
9378,3.296,97.40,321.00,1,0,0
9381,3.296,97.80,323.00,1,0,0
9383,3.296,97.40,321.00,1,0,0
9386,3.296,98.30,324.00,1,0,0
9388,3.296,98.40,324.00,1,0,0
9391,3.296,97.70,323.00,1,0,0
9393,3.284,98.00,323.00,1,0,0
9395,3.292,97.40,321.00,1,0,0
9398,3.296,98.10,323.00,1,0,0
9400,3.296,97.90,305.00,1,0,0
9413,3.296,98.40,324.00,1,0,0
9416,3.296,97.30,321.00,1,0,0
9418,3.296,97.90,323.00,1,0,0
9420,3.292,97.60,321.00,1,0,0
9423,3.296,98.00,326.00,1,0,0
9425,3.296,97.30,321.00,1,0,0
9428,3.296,108.00,354.00,1,0,0
9430,3.296,96.10,321.00,1,0,0
9433,3.296,97.50,321.00,1,0,0
9435,3.296,97.60,321.00,1,0,0
9438,3.296,97.50,324.00,1,0,0
9440,3.296,98.00,323.00,1,0,0
9443,3.296,97.20,321.00,1,0,0
9445,3.296,98.90,326.00,1,0,0
9448,3.296,99.10,326.00,1,0,0
9450,3.292,91.00,300.00,1,0,0
9463,3.292,97.20,321.00,1,0,0
9465,3.296,97.00,321.00,1,0,0
9468,3.296,97.70,333.00,1,0,0
9470,3.296,98.40,324.00,1,0,0
9473,3.296,97.90,323.00,1,0,0
9475,3.296,98.70,321.00,1,0,0
9478,3.296,97.10,319.00,1,0,0
9480,3.296,98.60,324.00,1,0,0
9483,3.296,97.50,318.00,1,0,0
9485,3.296,97.40,321.00,1,0,0
9488,3.292,97.20,321.00,1,0,0
9490,3.296,98.50,321.00,1,0,0
9492,3.296,97.20,321.00,1,0,0
9495,3.296,97.60,321.00,1,0,0
9497,3.292,97.80,319.00,1,0,0
9500,3.296,98.40,324.00,1,0,0
9513,3.296,98.10,323.00,1,0,0
9515,3.296,98.30,324.00,1,0,0
9518,3.296,96.10,321.00,1,0,0
9520,3.296,98.00,323.00,1,0,0
9522,3.296,98.00,323.00,1,0,0
9525,3.296,98.00,323.00,1,0,0
9527,3.296,97.30,321.00,1,0,0
9530,3.296,97.10,319.00,1,0,0
9532,3.296,96.90,319.00,1,0,0
9535,3.296,97.70,321.00,1,0,0
9537,3.296,97.80,323.00,1,0,0
9540,3.296,97.50,321.00,1,0,0
9542,3.296,98.70,324.00,1,0,0
9545,3.296,98.60,324.00,1,0,0
9547,3.296,98.90,326.00,1,0,0
9550,3.296,98.90,326.00,1,0,0
9562,3.292,90.30,310.00,1,0,0
9565,3.296,97.30,321.00,1,0,0
9567,3.296,97.40,321.00,1,0,0
9570,3.296,97.90,319.00,1,0,0
9572,3.292,98.30,324.00,1,0,0
9575,3.296,97.90,323.00,1,0,0
9577,3.292,98.30,321.00,1,0,0
9580,3.292,97.00,319.00,1,0,0
9582,3.292,97.70,321.00,1,0,0
9585,3.292,97.20,319.00,1,0,0
9587,3.292,97.70,324.00,1,0,0
9589,3.280,97.40,321.00,1,0,0
9592,3.296,99.10,326.00,1,0,0
9594,3.292,97.60,319.00,1,0,0
9597,3.296,109.40,360.00,1,0,0
9599,3.296,99.10,326.00,1,0,0
9612,3.296,98.50,324.00,1,0,0
9615,3.296,98.10,323.00,1,0,0
9617,3.296,97.90,323.00,1,0,0
9619,3.292,97.30,321.00,1,0,0
9622,3.296,97.50,323.00,1,0,0
9624,3.296,98.20,324.00,1,0,0
9627,3.296,98.00,323.00,1,0,0
9629,3.292,97.20,321.00,1,0,0
9632,3.296,97.70,319.00,1,0,0
9634,3.292,97.20,321.00,1,0,0
9637,3.296,97.10,319.00,1,0,0
9639,3.292,97.30,319.00,1,0,0
9642,3.292,97.50,321.00,1,0,0
9644,3.296,98.60,324.00,1,0,0
9647,3.296,98.10,319.00,1,0,0
9649,3.296,98.90,326.00,1,0,0
9662,3.296,99.10,326.00,1,0,0
9664,3.292,90.60,298.00,1,0,0
9667,3.292,97.00,318.00,1,0,0
9669,3.276,97.40,321.00,1,0,0
9672,3.292,97.60,321.00,1,0,0
9674,3.292,97.10,323.00,1,0,0
9677,3.296,98.00,323.00,1,0,0
9679,3.296,98.10,323.00,1,0,0
9682,3.292,97.10,321.00,1,0,0
9684,3.296,97.30,321.00,1,0,0
9686,3.296,97.90,323.00,1,0,0
9689,3.296,97.80,323.00,1,0,0
9691,3.292,97.40,321.00,1,0,0
9694,3.292,98.80,326.00,1,0,0
9696,3.292,97.20,319.00,1,0,0
9699,3.292,97.70,323.00,1,0,0
9712,3.296,97.40,323.00,1,0,0
9714,3.292,98.30,324.00,1,0,0
9716,3.296,98.10,323.00,1,0,0
9719,3.296,98.10,323.00,1,0,0
9721,3.296,97.10,319.00,1,0,0
9724,3.296,94.80,313.00,1,0,0
9726,3.296,98.70,323.00,1,0,0
9729,3.292,97.80,323.00,1,0,0
9731,3.296,97.30,321.00,1,0,0
9734,3.292,97.10,321.00,1,0,0
9736,3.296,97.30,321.00,1,0,0
9739,3.292,97.50,321.00,1,0,0
9741,3.296,97.40,321.00,1,0,0
9744,3.296,97.70,323.00,1,0,0
9746,3.296,98.40,324.00,1,0,0
9749,3.276,98.40,324.00,1,0,0
9761,3.296,97.40,321.00,1,0,0
9764,3.296,98.20,301.00,1,0,0
9766,3.292,91.30,300.00,1,0,0
9769,3.296,97.20,321.00,1,0,0
9771,3.296,97.00,321.00,1,0,0
9774,3.296,98.00,323.00,1,0,0
9776,3.292,97.50,321.00,1,0,0
9779,3.292,98.10,324.00,1,0,0
9781,3.296,94.30,311.00,1,0,0
9784,3.296,95.60,315.00,1,0,0
9786,3.292,97.00,319.00,1,0,0
9788,3.292,97.40,321.00,1,0,0
9791,3.296,98.00,323.00,1,0,0
9793,3.296,97.10,321.00,1,0,0
9796,3.296,98.90,326.00,1,0,0
9798,3.296,97.60,321.00,1,0,0
9811,3.292,98.00,323.00,1,0,0
9813,3.296,97.00,319.00,1,0,0
9816,3.296,97.90,324.00,1,0,0
9818,3.296,98.10,323.00,1,0,0
9821,3.292,98.30,324.00,1,0,0
9823,3.296,97.60,323.00,1,0,0
9826,3.296,97.00,319.00,1,0,0
9828,3.284,122.60,405.00,1,0,0
9831,3.292,98.00,323.00,1,0,0
9833,3.296,97.90,323.00,1,0,0
9836,3.296,97.70,323.00,1,0,0
9838,3.296,97.60,321.00,1,0,0
9841,3.296,98.00,323.00,1,0,0
9843,3.296,97.30,321.00,1,0,0
9846,3.296,97.40,323.00,1,0,0
9848,3.292,98.40,324.00,1,0,0
9861,3.292,91.00,321.00,1,0,0
9863,3.296,97.20,321.00,1,0,0
9866,3.296,98.20,323.00,1,0,0
9868,3.296,99.90,303.00,1,0,0
9871,3.292,97.40,321.00,1,0,0
9873,3.292,97.10,319.00,1,0,0
9876,3.292,97.10,319.00,1,0,0
9878,3.292,97.40,321.00,1,0,0
9881,3.296,98.00,323.00,1,0,0
9883,3.296,98.60,323.00,1,0,0
9885,3.296,98.20,324.00,1,0,0
9888,3.292,96.90,319.00,1,0,0
9890,3.296,97.10,321.00,1,0,0
9893,3.296,97.40,321.00,1,0,0
9895,3.296,97.10,319.00,1,0,0
9898,3.300,99.80,326.00,1,0,0
9910,3.292,97.80,323.00,1,0,0
9913,3.296,93.20,300.00,1,0,0
9915,3.292,97.10,319.00,1,0,0
9918,3.292,98.90,326.00,1,0,0
9920,3.292,98.40,324.00,1,0,0
9923,3.296,98.20,323.00,1,0,0
9925,3.296,97.80,323.00,1,0,0
9928,3.296,97.60,329.00,1,0,0
9930,3.296,98.80,326.00,1,0,0
9933,3.296,98.30,324.00,1,0,0
9935,3.296,98.10,323.00,1,0,0
9938,3.296,97.20,321.00,1,0,0
9940,3.296,98.10,323.00,1,0,0
9943,3.292,98.40,326.00,1,0,0
9945,3.292,97.20,319.00,1,0,0
9948,3.296,100.20,329.00,1,0,0
9960,3.296,94.70,313.00,1,0,0
9963,3.296,90.90,300.00,1,0,0
9965,3.296,97.20,321.00,1,0,0
9968,3.292,98.20,324.00,1,0,0
9970,3.292,92.20,303.00,1,0,0
9973,3.292,90.00,319.00,1,0,0
9975,3.292,97.00,319.00,1,0,0
9978,3.292,97.00,319.00,1,0,0
9980,3.292,97.10,319.00,1,0,0
9982,3.292,98.40,324.00,1,0,0
9985,3.292,97.10,319.00,1,0,0
9987,3.292,97.80,400.00,1,0,0
9990,3.292,97.40,321.00,1,0,0
9992,3.292,97.00,319.00,1,0,0
9995,3.292,97.40,323.00,1,0,0
9997,3.296,98.10,323.00,1,0,0
10010,3.296,97.00,319.00,1,0,0
10012,3.296,97.90,323.00,1,0,0
10015,3.296,96.30,300.00,1,0,0
10017,3.292,91.30,323.00,1,0,0
10020,3.292,98.40,324.00,1,0,0
10022,3.296,98.30,324.00,1,0,0
10025,3.296,98.10,323.00,1,0,0
10027,3.296,98.20,321.00,1,0,0
10030,3.292,97.20,321.00,1,0,0
10032,3.296,97.40,324.00,1,0,0
10035,3.296,98.30,324.00,1,0,0
10037,3.296,97.80,323.00,1,0,0
10040,3.296,97.70,321.00,1,0,0
10042,3.296,98.10,323.00,1,0,0
10055,3.296,97.70,323.00,1,0,0
10057,3.296,98.80,326.00,1,0,0
10060,3.292,98.80,321.00,1,0,0
10062,3.296,97.20,319.00,1,0,0
10065,3.292,90.80,298.00,1,0,0
10067,3.296,97.60,338.00,1,0,0
10070,3.284,98.30,324.00,1,0,0
10072,3.296,99.10,326.00,1,0,0
10075,3.292,90.10,319.00,1,0,0
10077,3.296,97.10,319.00,1,0,0
10079,3.296,97.10,319.00,1,0,0
10082,3.296,94.60,311.00,1,0,0
10084,3.296,98.70,328.00,1,0,0
10087,3.296,97.30,321.00,1,0,0
10100,3.296,97.30,321.00,1,0,0
10102,3.292,97.30,321.00,1,0,0
10105,3.296,98.60,323.00,1,0,0
10107,3.296,97.50,321.00,1,0,0
10109,3.272,97.70,321.00,1,0,0
10112,3.292,97.20,321.00,1,0,0
10114,3.296,96.10,316.00,1,0,0
10117,3.292,91.30,301.00,1,0,0
10119,3.296,98.10,321.00,1,0,0
10122,3.296,97.90,323.00,1,0,0
10124,3.296,98.40,324.00,1,0,0
10127,3.296,98.20,323.00,1,0,0
10129,3.296,98.20,324.00,1,0,0
10132,3.296,97.30,321.00,1,0,0
10144,3.296,97.90,323.00,1,0,0
10147,3.296,97.20,321.00,1,0,0
10149,3.280,97.20,318.00,1,0,0
10152,3.292,97.80,323.00,1,0,0
10154,3.296,97.10,319.00,1,0,0
10157,3.296,98.50,324.00,1,0,0
10159,3.296,99.30,328.00,1,0,0
10162,3.296,98.90,326.00,1,0,0
10164,3.296,98.90,326.00,1,0,0
10167,3.296,90.80,298.00,1,0,0
10169,3.292,97.00,319.00,1,0,0
10172,3.296,97.80,321.00,1,0,0
10174,3.296,91.30,300.00,1,0,0
10177,3.292,90.10,297.00,1,0,0
10189,3.288,117.80,388.00,1,0,0
10192,3.296,98.00,323.00,1,0,0
10194,3.296,97.00,321.00,1,0,0
10197,3.296,97.10,319.00,1,0,0
10199,3.292,97.60,321.00,1,0,0
10202,3.296,97.70,321.00,1,0,0
10204,3.292,97.80,323.00,1,0,0
10206,3.296,98.80,326.00,1,0,0
10209,3.296,102.10,334.00,1,0,0
10211,3.296,99.70,328.00,1,0,0
10214,3.292,99.20,326.00,1,0,0
10216,3.292,97.30,323.00,1,0,0
10219,3.292,97.90,323.00,1,0,0
10221,3.292,91.10,300.00,1,0,0
10234,3.292,97.10,319.00,1,0,0
10236,3.292,97.70,321.00,1,0,0
10239,3.292,98.20,323.00,1,0,0
10241,3.292,98.10,323.00,1,0,0
10244,3.292,97.30,321.00,1,0,0
10246,3.296,97.40,328.00,1,0,0
10249,3.288,97.90,323.00,1,0,0
10251,3.292,97.40,321.00,1,0,0
10254,3.292,97.00,323.00,1,0,0
10256,3.296,97.40,321.00,1,0,0
10259,3.296,98.40,324.00,1,0,0
10261,3.292,97.60,321.00,1,0,0
10264,3.292,99.00,326.00,1,0,0
10266,3.296,98.90,326.00,1,0,0
10279,3.292,90.20,297.00,1,0,0
10281,3.296,97.20,319.00,1,0,0
10284,3.292,100.80,333.00,1,0,0
10286,3.296,97.00,319.00,1,0,0
10289,3.296,97.00,319.00,1,0,0
10291,3.296,98.20,323.00,1,0,0
10294,3.296,98.10,323.00,1,0,0
10296,3.292,96.90,319.00,1,0,0
10299,3.292,97.30,319.00,1,0,0
10301,3.292,98.20,323.00,1,0,0
10303,3.296,97.70,321.00,1,0,0
10306,3.292,97.40,321.00,1,0,0
10308,3.292,99.30,328.00,1,0,0
10311,3.292,97.90,321.00,1,0,0
10324,3.292,91.20,300.00,1,0,0
10326,3.292,97.80,321.00,1,0,0
10328,3.296,97.90,323.00,1,0,0
10331,3.292,98.10,323.00,1,0,0
10333,3.292,98.00,324.00,1,0,0
10336,3.292,97.60,321.00,1,0,0
10338,3.292,97.40,321.00,1,0,0
10341,3.292,98.00,323.00,1,0,0
10343,3.296,98.10,323.00,1,0,0
10346,3.292,97.70,323.00,1,0,0
10348,3.296,116.80,385.00,1,0,0
10351,3.296,100.90,333.00,1,0,0
10353,3.296,97.40,321.00,1,0,0
10356,3.292,97.20,319.00,1,0,0
10368,3.296,98.90,326.00,1,0,0
10371,3.296,90.60,300.00,1,0,0
10373,3.296,97.70,321.00,1,0,0
10376,3.292,97.90,323.00,1,0,0
10378,3.296,97.30,301.00,1,0,0
10381,3.292,90.40,298.00,1,0,0
10383,3.296,95.70,315.00,1,0,0
10390,3.292,97.20,321.00,1,0,0
10393,3.296,98.20,324.00,1,0,0
10395,3.292,98.20,324.00,1,0,0
10398,3.296,97.10,319.00,1,0,0
10400,3.296,97.20,319.00,1,0,0
10403,3.296,97.10,319.00,1,0,0
10405,3.296,97.60,319.00,1,0,0
10408,3.292,97.30,321.00,1,0,0
10410,3.292,99.40,328.00,1,0,0
10412,3.296,99.00,321.00,1,0,0
10415,3.288,98.10,323.00,1,0,0
10417,3.292,97.00,319.00,1,0,0
10420,3.296,97.10,321.00,1,0,0
10422,3.296,91.30,301.00,1,0,0
10435,3.296,98.20,323.00,1,0,0
10437,3.296,97.40,321.00,1,0,0
10440,3.296,97.20,319.00,1,0,0
10442,3.292,97.90,323.00,1,0,0
10445,3.296,98.50,324.00,1,0,0
10447,3.292,97.90,323.00,1,0,0
10450,3.296,97.40,319.00,1,0,0
10452,3.292,97.20,321.00,1,0,0
10455,3.296,101.00,333.00,1,0,0
10457,3.300,101.00,321.00,1,0,0
10460,3.296,98.30,324.00,1,0,0
10462,3.292,98.30,324.00,1,0,0
10465,3.296,98.30,321.00,1,0,0
10467,3.292,97.20,318.00,1,0,0
10480,3.296,98.00,323.00,1,0,0
10482,3.292,92.00,303.00,1,0,0
10485,3.292,90.00,319.00,1,0,0
10487,3.296,97.20,321.00,1,0,0
10490,3.292,97.20,321.00,1,0,0
10492,3.292,97.20,321.00,1,0,0
10495,3.296,97.90,323.00,1,0,0
10497,3.292,98.30,324.00,1,0,0
10500,3.296,97.40,319.00,1,0,0
10502,3.296,97.30,321.00,1,0,0
10505,3.292,97.00,319.00,1,0,0
10507,3.296,97.90,323.00,1,0,0
10509,3.296,98.30,321.00,1,0,0
10512,3.292,98.70,326.00,1,0,0
10525,3.296,98.20,324.00,1,0,0
10527,3.292,97.80,323.00,1,0,0
10530,3.292,91.10,315.00,1,0,0
10532,3.292,98.20,323.00,1,0,0
10534,3.292,97.40,321.00,1,0,0
10537,3.292,98.60,324.00,1,0,0
10539,3.296,97.80,323.00,1,0,0
10542,3.296,96.90,319.00,1,0,0
10544,3.296,97.90,323.00,1,0,0
10547,3.296,101.40,333.00,1,0,0
10549,3.292,103.60,341.00,1,0,0
10552,3.296,97.90,321.00,1,0,0
10554,3.292,96.80,318.00,1,0,0
10557,3.292,97.40,321.00,1,0,0
10569,3.292,97.30,321.00,1,0,0
10572,3.296,99.00,326.00,1,0,0
10574,3.296,98.90,301.00,1,0,0
10577,3.296,90.80,300.00,1,0,0
10579,3.296,98.10,323.00,1,0,0
10582,3.296,98.40,323.00,1,0,0
10584,3.292,94.20,310.00,1,0,0
10587,3.296,90.10,297.00,1,0,0
10589,3.296,97.60,323.00,1,0,0
10592,3.292,98.00,323.00,1,0,0
10594,3.296,97.10,319.00,1,0,0
10597,3.296,97.20,323.00,1,0,0
10599,3.296,97.80,323.00,1,0,0
10602,3.292,97.20,319.00,1,0,0
10614,3.292,98.80,326.00,1,0,0
10617,3.296,98.90,326.00,1,0,0
10619,3.296,98.90,324.00,1,0,0
10622,3.296,97.40,321.00,1,0,0
10624,3.296,97.80,323.00,1,0,0
10627,3.296,98.70,323.00,1,0,0
10629,3.288,97.40,321.00,1,0,0
10631,3.292,91.20,300.00,1,0,0
10634,3.292,97.80,323.00,1,0,0
10636,3.296,98.30,324.00,1,0,0
10639,3.296,98.10,323.00,1,0,0
10641,3.296,98.20,323.00,1,0,0
10644,3.292,97.10,319.00,1,0,0
10646,3.292,98.00,323.00,1,0,0
10659,3.292,97.50,321.00,1,0,0
10661,3.296,97.50,319.00,1,0,0
10664,3.292,97.40,324.00,1,0,0
10666,3.296,98.00,323.00,1,0,0
10669,3.292,98.60,324.00,1,0,0
10671,3.288,97.50,321.00,1,0,0
10674,3.296,99.00,326.00,1,0,0
10676,3.296,99.00,326.00,1,0,0
10679,3.292,90.70,300.00,1,0,0
10681,3.292,94.80,311.00,1,0,0
10684,3.292,98.10,323.00,1,0,0
10686,3.296,99.20,318.00,1,0,0
10689,3.292,90.00,297.00,1,0,0
10691,3.296,97.20,319.00,1,0,0
10704,3.296,98.20,324.00,1,0,0
10706,3.292,97.00,321.00,1,0,0
10709,3.296,97.30,321.00,1,0,0
10711,3.296,97.70,323.00,1,0,0
10714,3.296,97.70,321.00,1,0,0
10716,3.296,97.60,321.00,1,0,0
10719,3.296,98.60,324.00,1,0,0
10721,3.296,98.80,326.00,1,0,0
10724,3.296,99.80,326.00,1,0,0
10726,3.296,99.10,326.00,1,0,0
10729,3.292,99.70,329.00,1,0,0
10731,3.292,91.20,305.00,1,0,0
10733,3.292,97.60,321.00,1,0,0
10736,3.296,98.30,324.00,1,0,0
10749,3.268,97.70,321.00,1,0,0
10751,3.292,98.20,323.00,1,0,0
10754,3.296,98.00,323.00,1,0,0
10756,3.292,98.20,324.00,1,0,0
10758,3.292,97.20,319.00,1,0,0
10761,3.292,97.30,321.00,1,0,0
10763,3.292,96.90,319.00,1,0,0
10766,3.292,97.30,323.00,1,0,0
10768,3.292,98.20,323.00,1,0,0
10771,3.292,98.70,326.00,1,0,0
10773,3.296,98.40,323.00,1,0,0
10776,3.292,98.80,326.00,1,0,0
10778,3.296,98.70,326.00,1,0,0
10781,3.296,90.70,298.00,1,0,0
10793,3.292,98.10,323.00,1,0,0
10796,3.280,97.10,319.00,1,0,0
10798,3.296,97.30,321.00,1,0,0
10801,3.296,97.10,319.00,1,0,0
10803,3.296,98.30,326.00,1,0,0
10806,3.296,97.60,321.00,1,0,0
10808,3.296,97.00,319.00,1,0,0
10811,3.296,97.30,321.00,1,0,0
10813,3.292,101.40,334.00,1,0,0
10816,3.296,97.20,321.00,1,0,0
10818,3.296,98.20,324.00,1,0,0
10821,3.296,98.50,324.00,1,0,0
10823,3.292,100.20,331.00,1,0,0
10826,3.296,97.60,352.00,1,0,0
10838,3.296,97.20,319.00,1,0,0
10841,3.296,98.20,324.00,1,0,0
10843,3.292,98.10,323.00,1,0,0
10846,3.296,98.10,323.00,1,0,0
10848,3.296,97.90,319.00,1,0,0
10851,3.292,97.40,321.00,1,0,0
10853,3.296,98.40,324.00,1,0,0
10855,3.296,97.90,323.00,1,0,0
10858,3.296,97.90,323.00,1,0,0
10860,3.296,98.00,323.00,1,0,0
10863,3.296,97.20,321.00,1,0,0
10865,3.296,97.30,321.00,1,0,0
10868,3.296,122.70,405.00,1,0,0
10870,3.296,97.60,319.00,1,0,0
10883,3.296,90.80,298.00,1,0,0
10885,3.292,97.50,323.00,1,0,0
10888,3.296,97.60,321.00,1,0,0
10890,3.296,98.60,324.00,1,0,0
10893,3.292,91.90,297.00,1,0,0
10895,3.292,97.30,321.00,1,0,0
10898,3.292,97.20,319.00,1,0,0
10900,3.296,97.20,321.00,1,0,0
10903,3.292,97.20,321.00,1,0,0
10905,3.296,98.20,324.00,1,0,0
10908,3.292,98.30,385.00,1,0,0
10910,3.292,97.60,321.00,1,0,0
10913,3.296,97.30,321.00,1,0,0
10915,3.292,100.50,323.00,1,0,0
10928,3.296,97.60,329.00,1,0,0
10930,3.292,97.90,323.00,1,0,0
10933,3.292,97.40,321.00,1,0,0
10935,3.296,91.40,301.00,1,0,0
10938,3.292,94.20,323.00,1,0,0
10940,3.292,98.20,323.00,1,0,0
10943,3.296,98.40,324.00,1,0,0
10945,3.292,98.70,326.00,1,0,0
10948,3.292,107.70,354.00,1,0,0
10950,3.296,115.90,382.00,1,0,0
10952,3.296,97.30,323.00,1,0,0
10955,3.296,97.90,323.00,1,0,0
10957,3.296,98.10,323.00,1,0,0
10960,3.296,98.10,324.00,1,0,0
10973,3.280,104.70,326.00,1,0,0
10975,3.296,98.40,324.00,1,0,0
10978,3.296,98.20,324.00,1,0,0
10980,3.296,97.60,316.00,1,0,0
10982,3.296,97.40,321.00,1,0,0
10985,3.296,91.30,300.00,1,0,0
10987,3.292,96.70,321.00,1,0,0
10990,3.296,97.50,319.00,1,0,0
10992,3.288,100.30,329.00,1,0,0
10995,3.284,92.30,303.00,1,0,0
10997,3.296,107.40,349.00,1,0,0
11000,3.280,102.00,336.00,1,0,0
11002,3.280,106.10,347.00,1,0,0
11015,3.296,97.90,323.00,1,0,0
11017,3.280,106.40,349.00,1,0,0
11020,3.280,97.60,321.00,1,0,0
11022,3.292,106.20,349.00,1,0,0
11025,3.280,99.80,324.00,1,0,0
11027,3.296,105.40,346.00,1,0,0
11030,3.292,97.70,321.00,1,0,0
11032,3.296,99.00,400.00,1,0,0
11035,3.288,100.40,329.00,1,0,0
11037,3.280,102.70,338.00,1,0,0
11040,3.280,92.10,300.00,1,0,0
11042,3.292,96.80,319.00,1,0,0
11045,3.280,106.50,349.00,1,0,0
11057,3.296,98.10,323.00,1,0,0
11060,3.296,98.30,324.00,1,0,0
11062,3.296,98.10,319.00,1,0,0
11065,3.292,97.30,321.00,1,0,0
11067,3.288,106.10,349.00,1,0,0
11070,3.280,106.10,347.00,1,0,0
11072,3.280,97.50,319.00,1,0,0
11075,3.280,106.30,349.00,1,0,0
11077,3.280,101.80,326.00,1,0,0
11080,3.296,106.30,349.00,1,0,0
11082,3.280,100.20,331.00,1,0,0
11084,3.296,98.90,326.00,1,0,0
11087,3.296,91.00,300.00,1,0,0
11100,3.292,96.90,319.00,1,0,0
11102,3.292,106.20,349.00,1,0,0
11105,3.280,105.90,323.00,1,0,0
11107,3.284,97.00,319.00,1,0,0
11110,3.292,98.20,323.00,1,0,0
11112,3.292,98.10,364.00,1,0,0
11114,3.280,119.60,324.00,1,0,0
11117,3.292,97.30,321.00,1,0,0
11119,3.292,101.00,333.00,1,0,0
11122,3.300,100.90,333.00,1,0,0
11124,3.296,98.10,323.00,1,0,0
11127,3.292,99.00,326.00,1,0,0
11129,3.296,98.70,323.00,1,0,0
11142,3.292,97.40,323.00,1,0,0
11144,3.296,97.90,323.00,1,0,0
11147,3.292,98.60,324.00,1,0,0
11149,3.296,98.00,324.00,1,0,0
11152,3.296,98.20,323.00,1,0,0
11154,3.292,116.90,385.00,1,0,0
11157,3.292,97.20,321.00,1,0,0
11159,3.292,98.20,324.00,1,0,0
11162,3.292,97.40,321.00,1,0,0
11164,3.292,97.40,323.00,1,0,0
11167,3.292,97.30,321.00,1,0,0
11169,3.292,97.80,323.00,1,0,0
11172,3.292,98.60,321.00,1,0,0
11174,3.292,97.70,323.00,1,0,0
11187,3.296,98.80,326.00,1,0,0
11189,3.296,90.60,298.00,1,0,0
11192,3.292,93.50,308.00,1,0,0
11194,3.280,97.40,324.00,1,0,0
11197,3.296,99.20,328.00,1,0,0
11199,3.296,91.70,301.00,1,0,0
11202,3.292,90.60,323.00,1,0,0
11204,3.296,97.10,319.00,1,0,0
11207,3.296,97.30,321.00,1,0,0
11209,3.292,97.40,321.00,1,0,0
11212,3.292,98.20,324.00,1,0,0
11214,3.296,98.30,324.00,1,0,0
11216,3.292,97.00,318.00,1,0,0
11219,3.292,97.20,321.00,1,0,0
11232,3.296,98.30,321.00,1,0,0
11234,3.288,97.40,321.00,1,0,0
11237,3.292,99.10,326.00,1,0,0
11239,3.292,99.00,321.00,1,0,0
11241,3.296,91.30,300.00,1,0,0
11244,3.292,95.20,315.00,1,0,0
11246,3.296,98.30,319.00,1,0,0
11249,3.292,98.00,323.00,1,0,0
11251,3.296,98.40,324.00,1,0,0
11254,3.292,98.10,324.00,1,0,0
11256,3.296,97.60,321.00,1,0,0
11259,3.292,97.10,319.00,1,0,0
11261,3.296,98.10,323.00,1,0,0
11264,3.296,97.80,323.00,1,0,0
11276,3.292,97.40,321.00,1,0,0
11279,3.296,98.40,324.00,1,0,0
11281,3.292,98.20,324.00,1,0,0
11284,3.296,96.40,323.00,1,0,0
11286,3.292,97.20,321.00,1,0,0
11289,3.296,101.10,333.00,1,0,0
11291,3.296,99.40,305.00,1,0,0
11294,3.292,91.10,300.00,1,0,0
11296,3.296,97.20,319.00,1,0,0
11299,3.292,97.30,323.00,1,0,0
11301,3.292,91.80,301.00,1,0,0
11304,3.292,89.90,297.00,1,0,0
11306,3.296,97.30,338.00,1,0,0
11309,3.296,97.20,321.00,1,0,0
11321,3.296,97.10,319.00,1,0,0
11324,3.296,97.10,319.00,1,0,0
11326,3.292,97.80,323.00,1,0,0
11329,3.296,97.10,319.00,1,0,0
11331,3.296,98.40,324.00,1,0,0
11334,3.296,98.90,321.00,1,0,0
11336,3.292,98.20,321.00,1,0,0
11338,3.292,100.00,329.00,1,0,0
11341,3.292,97.20,321.00,1,0,0
11343,3.296,98.10,305.00,1,0,0
11346,3.292,92.00,303.00,1,0,0
11348,3.292,98.30,324.00,1,0,0
11351,3.292,97.00,323.00,1,0,0
11353,3.296,99.00,326.00,1,0,0
11366,3.296,98.30,324.00,1,0,0
11368,3.296,101.20,334.00,1,0,0
11371,3.296,98.30,323.00,1,0,0
11373,3.296,97.40,321.00,1,0,0
11376,3.296,97.40,321.00,1,0,0
11378,3.296,98.30,321.00,1,0,0
11381,3.296,98.20,324.00,1,0,0
11383,3.296,97.90,323.00,1,0,0
11386,3.296,98.50,323.00,1,0,0
11388,3.296,97.30,321.00,1,0,0
11391,3.292,98.90,326.00,1,0,0
11393,3.296,123.90,408.00,1,0,0
11396,3.292,91.00,298.00,1,0,0
11398,3.296,97.00,319.00,1,0,0
11411,3.296,96.90,319.00,1,0,0
11413,3.292,97.10,319.00,1,0,0
11416,3.292,97.00,323.00,1,0,0
11418,3.292,98.10,323.00,1,0,0
11421,3.296,97.10,319.00,1,0,0
11423,3.296,97.20,321.00,1,0,0
11426,3.296,97.30,321.00,1,0,0
11428,3.296,102.00,336.00,1,0,0
11431,3.292,99.70,323.00,1,0,0
11433,3.296,98.20,324.00,1,0,0
11436,3.296,99.10,326.00,1,0,0
11438,3.292,100.10,323.00,1,0,0
11440,3.292,99.40,328.00,1,0,0
11443,3.296,99.90,329.00,1,0,0
11456,3.296,98.20,324.00,1,0,0
11458,3.296,97.90,323.00,1,0,0
11461,3.296,98.10,323.00,1,0,0
11463,3.292,97.20,319.00,1,0,0
11465,3.292,98.00,323.00,1,0,0
11468,3.296,98.10,323.00,1,0,0
11470,3.296,98.10,323.00,1,0,0
11473,3.292,111.20,365.00,1,0,0
11475,3.296,97.30,319.00,1,0,0
11478,3.296,97.50,321.00,1,0,0
11480,3.296,97.10,319.00,1,0,0
11483,3.296,97.10,323.00,1,0,0
11485,3.296,101.70,336.00,1,0,0
11488,3.296,98.50,324.00,1,0,0
11500,3.296,97.80,323.00,1,0,0
11503,3.296,98.30,324.00,1,0,0
11505,3.296,98.90,323.00,1,0,0
11508,3.292,90.20,297.00,1,0,0
11510,3.296,97.10,319.00,1,0,0
11513,3.292,97.90,324.00,1,0,0
11515,3.296,97.00,319.00,1,0,0
11518,3.296,97.10,319.00,1,0,0
11520,3.296,98.20,323.00,1,0,0
11523,3.296,97.10,319.00,1,0,0
11525,3.292,97.40,321.00,1,0,0
11528,3.292,97.70,323.00,1,0,0
11530,3.296,97.70,323.00,1,0,0
11533,3.296,97.80,323.00,1,0,0
11545,3.292,97.10,319.00,1,0,0
11548,3.292,97.70,306.00,1,0,0
11550,3.292,92.80,305.00,1,0,0
11553,3.292,106.50,349.00,1,0,0
11555,3.292,97.20,321.00,1,0,0
11558,3.296,98.30,324.00,1,0,0
11560,3.296,98.60,324.00,1,0,0
11562,3.296,98.00,323.00,1,0,0
11565,3.296,97.90,319.00,1,0,0
11567,3.296,98.00,323.00,1,0,0
11570,3.296,98.20,324.00,1,0,0
11572,3.296,98.00,323.00,1,0,0
11575,3.296,97.20,321.00,1,0,0
11577,3.292,97.10,319.00,1,0,0
11590,3.296,98.60,324.00,1,0,0
11592,3.296,97.90,367.00,1,0,0
11595,3.292,99.00,326.00,1,0,0
11597,3.296,98.80,326.00,1,0,0
11600,3.292,91.20,298.00,1,0,0
11602,3.292,98.50,324.00,1,0,0
11605,3.292,97.20,321.00,1,0,0
11607,3.296,94.30,310.00,1,0,0
11610,3.292,92.10,295.00,1,0,0
11612,3.292,98.90,326.00,1,0,0
11615,3.292,97.00,319.00,1,0,0
11617,3.296,97.40,319.00,1,0,0
11620,3.296,97.60,321.00,1,0,0
11622,3.296,98.10,323.00,1,0,0
11635,3.292,97.90,323.00,1,0,0
11637,3.296,97.70,324.00,1,0,0
11640,3.296,98.20,324.00,1,0,0
11642,3.296,100.00,329.00,1,0,0
11645,3.296,97.40,319.00,1,0,0
11647,3.296,98.10,323.00,1,0,0
11650,3.292,97.00,319.00,1,0,0
11652,3.292,91.40,300.00,1,0,0
11655,3.292,97.20,321.00,1,0,0
11657,3.292,97.10,319.00,1,0,0
11660,3.296,98.30,324.00,1,0,0
11662,3.296,98.10,323.00,1,0,0
11664,3.296,98.40,324.00,1,0,0
11667,3.296,100.60,331.00,1,0,0
11680,3.296,97.10,319.00,1,0,0
11682,3.296,97.40,321.00,1,0,0
11685,3.296,97.10,319.00,1,0,0
11687,3.292,97.30,321.00,1,0,0
11689,3.296,98.00,323.00,1,0,0
11692,3.292,98.30,324.00,1,0,0
11694,3.292,97.40,321.00,1,0,0
11697,3.292,98.10,326.00,1,0,0
11699,3.296,99.00,326.00,1,0,0
11702,3.296,91.00,300.00,1,0,0
11704,3.296,97.20,323.00,1,0,0
11707,3.296,97.30,321.00,1,0,0
11709,3.296,96.60,318.00,1,0,0
11712,3.292,91.90,297.00,1,0,0
11724,3.296,98.10,323.00,1,0,0
11727,3.296,97.60,319.00,1,0,0
11729,3.296,97.00,319.00,1,0,0
11732,3.296,97.20,319.00,1,0,0
11734,3.296,95.80,308.00,1,0,0
11737,3.296,97.70,323.00,1,0,0
11739,3.296,97.00,319.00,1,0,0
11742,3.292,98.20,323.00,1,0,0
11744,3.296,97.50,321.00,1,0,0
11747,3.296,97.90,323.00,1,0,0
11749,3.296,101.00,321.00,1,0,0
11752,3.296,97.20,321.00,1,0,0
11754,3.296,98.00,323.00,1,0,0
11757,3.292,97.40,323.00,1,0,0
11769,3.296,98.20,324.00,1,0,0
11772,3.292,97.70,321.00,1,0,0
11774,3.296,98.00,323.00,1,0,0
11777,3.296,98.10,323.00,1,0,0
11779,3.296,98.00,321.00,1,0,0
11782,3.296,99.80,329.00,1,0,0
11784,3.292,97.30,321.00,1,0,0
11786,3.296,97.50,321.00,1,0,0
11789,3.296,97.20,319.00,1,0,0
11791,3.296,97.90,323.00,1,0,0
11794,3.276,98.40,324.00,1,0,0
11796,3.296,99.50,328.00,1,0,0
11799,3.296,97.30,321.00,1,0,0
11801,3.296,99.10,326.00,1,0,0
11814,3.296,92.00,298.00,1,0,0
11816,3.292,97.10,319.00,1,0,0
11819,3.296,97.70,321.00,1,0,0
11821,3.296,97.20,321.00,1,0,0
11824,3.296,97.10,321.00,1,0,0
11826,3.296,98.20,324.00,1,0,0
11829,3.296,97.90,323.00,1,0,0
11831,3.296,97.10,319.00,1,0,0
11834,3.296,98.70,324.00,1,0,0
11836,3.296,97.20,321.00,1,0,0
11839,3.296,97.70,323.00,1,0,0
11841,3.296,97.30,321.00,1,0,0
11844,3.296,98.90,326.00,1,0,0
11846,3.296,98.00,323.00,1,0,0
11859,3.292,96.90,323.00,1,0,0
11861,3.296,97.20,319.00,1,0,0
11864,3.296,98.30,324.00,1,0,0
11866,3.296,98.20,324.00,1,0,0
11869,3.296,98.20,324.00,1,0,0
11871,3.296,97.30,321.00,1,0,0
11874,3.280,98.20,321.00,1,0,0
11876,3.296,98.00,323.00,1,0,0
11879,3.296,98.00,323.00,1,0,0
11881,3.292,96.70,318.00,1,0,0
11883,3.292,95.80,315.00,1,0,0
11886,3.292,98.90,326.00,1,0,0
11888,3.296,97.50,321.00,1,0,0
11891,3.292,97.10,338.00,1,0,0
11904,3.296,98.90,324.00,1,0,0
11906,3.296,90.40,298.00,1,0,0
11908,3.292,93.40,308.00,1,0,0
11911,3.284,104.00,333.00,1,0,0
11913,3.284,106.40,351.00,1,0,0
11916,3.292,91.60,301.00,1,0,0
11918,3.296,98.10,351.00,1,0,0
11921,3.280,106.30,349.00,1,0,0
11923,3.296,97.60,321.00,1,0,0
11926,3.292,104.10,349.00,1,0,0
11928,3.280,101.40,333.00,1,0,0
11931,3.280,106.50,349.00,1,0,0
11933,3.280,106.30,349.00,1,0,0
11946,3.296,98.30,324.00,1,0,0
11948,3.296,98.10,323.00,1,0,0
11951,3.296,97.50,321.00,1,0,0
11953,3.288,109.00,359.00,1,0,0
11956,3.288,106.20,326.00,1,0,0
11958,3.280,91.30,300.00,1,0,0
11961,3.292,97.90,323.00,1,0,0
11963,3.292,101.70,349.00,1,0,0
11966,3.280,106.50,351.00,1,0,0
11968,3.280,101.20,334.00,1,0,0
11971,3.296,98.10,323.00,1,0,0
11973,3.296,97.50,321.00,1,0,0
11976,3.296,98.40,324.00,1,0,0
11988,3.296,98.50,324.00,1,0,0
11991,3.296,97.40,321.00,1,0,0
11993,3.292,267.60,878.00,1,0,0
11996,3.284,98.50,324.00,1,0,0
11998,3.296,100.60,331.00,1,0,0
12001,3.296,99.10,324.00,1,0,0
12003,3.296,102.50,338.00,1,0,0
12006,3.296,98.80,326.00,1,0,0
12008,3.296,99.10,300.00,1,0,0
12011,3.292,91.80,303.00,1,0,0
12013,3.296,97.40,321.00,1,0,0
12015,3.296,97.60,319.00,1,0,0
12018,3.292,91.80,301.00,1,0,0
12020,3.292,89.90,297.00,1,0,0
12033,3.292,121.80,401.00,1,0,0
12036,3.280,104.70,341.00,1,0,0
12038,3.288,104.70,344.00,1,0,0
12040,3.292,103.60,339.00,1,0,0
12043,3.280,100.20,344.00,1,0,0
12045,3.280,102.50,336.00,1,0,0
12048,3.280,103.10,339.00,1,0,0
12050,3.296,98.30,324.00,1,0,0
12053,3.292,97.70,323.00,1,0,0
12055,3.296,98.20,323.00,1,0,0
12058,3.280,106.40,349.00,1,0,0
12060,3.296,97.90,324.00,1,0,0
12063,3.296,96.70,319.00,1,0,0
12075,3.292,97.70,321.00,1,0,0
12078,3.296,97.20,319.00,1,0,0
12080,3.292,98.00,313.00,1,0,0
12083,3.296,97.50,321.00,1,0,0
12085,3.296,98.20,323.00,1,0,0
12088,3.296,97.30,321.00,1,0,0
12090,3.296,97.30,321.00,1,0,0
12093,3.296,99.90,329.00,1,0,0
12095,3.296,99.40,323.00,1,0,0
12098,3.292,98.00,323.00,1,0,0
12100,3.296,97.90,323.00,1,0,0
12103,3.296,98.30,321.00,1,0,0
12105,3.296,97.20,321.00,1,0,0
12108,3.296,99.10,326.00,1,0,0
12120,3.296,95.50,315.00,1,0,0
12123,3.296,90.20,297.00,1,0,0
12125,3.280,106.40,349.00,1,0,0
12128,3.280,105.80,347.00,1,0,0
12130,3.296,97.20,321.00,1,0,0
12133,3.296,97.20,319.00,1,0,0
12135,3.292,98.60,324.00,1,0,0
12138,3.292,97.40,321.00,1,0,0
12140,3.292,97.30,321.00,1,0,0
12142,3.292,97.50,321.00,1,0,0
12145,3.296,97.80,323.00,1,0,0
12147,3.296,99.30,321.00,1,0,0
12150,3.292,97.80,323.00,1,0,0
12152,3.292,97.90,321.00,1,0,0
12165,3.296,97.40,321.00,1,0,0
12167,3.292,91.20,300.00,1,0,0
12170,3.292,97.00,323.00,1,0,0
12172,3.292,98.40,324.00,1,0,0
12175,3.296,98.20,324.00,1,0,0
12177,3.296,98.20,323.00,1,0,0
12180,3.296,97.10,319.00,1,0,0
12182,3.292,97.90,323.00,1,0,0
12185,3.296,98.00,323.00,1,0,0
12187,3.296,98.10,323.00,1,0,0
12190,3.296,97.70,321.00,1,0,0
12192,3.296,97.20,405.00,1,0,0
12195,3.296,97.90,323.00,1,0,0
12197,3.296,97.20,321.00,1,0,0
12210,3.296,99.00,326.00,1,0,0
12212,3.296,98.80,316.00,1,0,0
12215,3.292,91.00,300.00,1,0,0
12217,3.292,97.80,323.00,1,0,0
12220,3.292,97.30,321.00,1,0,0
12222,3.292,92.30,301.00,1,0,0
12225,3.292,90.50,298.00,1,0,0
12227,3.296,97.30,321.00,1,0,0
12230,3.296,97.20,319.00,1,0,0
12232,3.292,97.60,319.00,1,0,0
12235,3.296,98.50,324.00,1,0,0
12237,3.296,98.40,324.00,1,0,0
12239,3.296,97.30,321.00,1,0,0
12242,3.292,97.10,319.00,1,0,0
12255,3.296,98.50,324.00,1,0,0
12257,3.296,98.90,323.00,1,0,0
12260,3.296,97.20,319.00,1,0,0
12262,3.296,97.40,321.00,1,0,0
12264,3.296,98.00,306.00,1,0,0
12267,3.292,91.80,303.00,1,0,0
12269,3.296,98.20,324.00,1,0,0
12272,3.292,97.20,319.00,1,0,0
12274,3.292,98.00,324.00,1,0,0
12277,3.296,98.00,323.00,1,0,0
12279,3.296,97.90,323.00,1,0,0
12282,3.296,98.20,334.00,1,0,0
12284,3.292,97.30,321.00,1,0,0
12287,3.296,98.50,324.00,1,0,0
12299,3.296,98.00,323.00,1,0,0
12302,3.296,97.30,324.00,1,0,0
12304,3.296,97.70,323.00,1,0,0
12307,3.296,103.00,339.00,1,0,0
12309,3.296,97.40,321.00,1,0,0
12312,3.296,101.50,334.00,1,0,0
12314,3.292,100.10,329.00,1,0,0
12317,3.292,90.80,300.00,1,0,0
12319,3.296,97.90,323.00,1,0,0
12322,3.296,98.00,323.00,1,0,0
12324,3.296,94.50,301.00,1,0,0
12327,3.292,92.10,297.00,1,0,0
12329,3.296,97.00,319.00,1,0,0
12332,3.296,98.50,324.00,1,0,0
12344,3.292,98.60,324.00,1,0,0
12347,3.296,97.20,323.00,1,0,0
12349,3.292,98.00,323.00,1,0,0
12352,3.292,97.80,323.00,1,0,0
12354,3.280,97.40,324.00,1,0,0
12357,3.296,98.60,324.00,1,0,0
12359,3.296,99.40,328.00,1,0,0
12362,3.296,103.20,326.00,1,0,0
12364,3.296,97.10,319.00,1,0,0
12366,3.292,98.10,323.00,1,0,0
12369,3.296,98.10,321.00,1,0,0
12371,3.292,91.40,301.00,1,0,0
12374,3.296,97.20,319.00,1,0,0
12376,3.296,98.30,324.00,1,0,0
12393,3.292,111.00,365.00,1,0,0
12396,3.284,97.40,321.00,1,0,0
12398,3.292,97.30,321.00,1,0,0
12401,3.296,97.50,321.00,1,0,0
12403,3.296,97.50,321.00,1,0,0
12406,3.296,96.90,319.00,1,0,0
12408,3.292,98.50,324.00,1,0,0
12411,3.296,98.20,323.00,1,0,0
12413,3.292,97.70,323.00,1,0,0
12415,3.296,98.90,326.00,1,0,0
12418,3.296,99.00,297.00,1,0,0
12420,3.292,97.30,321.00,1,0,0
12423,3.292,97.40,321.00,1,0,0
12425,3.292,97.50,316.00,1,0,0
12438,3.296,97.30,321.00,1,0,0
12440,3.296,98.00,321.00,1,0,0
12443,3.296,97.50,321.00,1,0,0
12445,3.292,97.00,319.00,1,0,0
12448,3.292,97.60,319.00,1,0,0
12450,3.292,98.30,324.00,1,0,0
12453,3.292,97.80,323.00,1,0,0
12455,3.292,97.60,321.00,1,0,0
12458,3.292,99.00,326.00,1,0,0
12460,3.296,98.30,324.00,1,0,0
12463,3.292,97.40,321.00,1,0,0
12465,3.288,97.90,323.00,1,0,0
12468,3.292,97.30,321.00,1,0,0
12470,3.296,98.00,301.00,1,0,0
12483,3.292,98.00,323.00,1,0,0
12485,3.292,96.70,324.00,1,0,0
12488,3.296,97.30,321.00,1,0,0
12490,3.296,98.30,324.00,1,0,0
12493,3.296,98.20,323.00,1,0,0
12495,3.292,97.90,323.00,1,0,0
12498,3.292,97.10,319.00,1,0,0
12500,3.292,97.30,321.00,1,0,0
12503,3.292,97.80,323.00,1,0,0
12505,3.292,101.00,333.00,1,0,0
12508,3.292,97.50,323.00,1,0,0
12510,3.296,98.30,324.00,1,0,0
12512,3.292,98.20,321.00,1,0,0
12515,3.292,99.20,326.00,1,0,0
12528,3.296,97.30,319.00,1,0,0
12530,3.296,92.00,303.00,1,0,0
12533,3.292,93.00,306.00,1,0,0
12535,3.296,100.40,331.00,1,0,0
12537,3.296,97.30,321.00,1,0,0
12540,3.292,97.10,319.00,1,0,0
12542,3.292,97.80,323.00,1,0,0
12545,3.296,98.10,324.00,1,0,0
12547,3.292,97.10,319.00,1,0,0
12550,3.292,96.80,319.00,1,0,0
12552,3.296,97.20,403.00,1,0,0
12555,3.296,98.40,324.00,1,0,0
12557,3.292,97.70,321.00,1,0,0
12560,3.292,97.30,324.00,1,0,0
12572,3.296,98.20,323.00,1,0,0
12575,3.292,91.20,300.00,1,0,0
12577,3.292,94.70,313.00,1,0,0
12580,3.292,97.40,324.00,1,0,0
12582,3.292,98.70,324.00,1,0,0
12585,3.296,98.10,323.00,1,0,0
12587,3.296,98.30,321.00,1,0,0
12590,3.296,97.20,319.00,1,0,0
12592,3.292,99.20,326.00,1,0,0
12595,3.284,99.70,329.00,1,0,0
12597,3.296,98.10,329.00,1,0,0
12600,3.296,98.00,323.00,1,0,0
12602,3.292,97.50,321.00,1,0,0
12605,3.292,97.40,319.00,1,0,0
12617,3.296,98.80,326.00,1,0,0
12620,3.296,99.10,326.00,1,0,0
12622,3.296,99.00,326.00,1,0,0
12625,3.292,90.80,310.00,1,0,0
12627,3.292,97.10,319.00,1,0,0
12630,3.296,98.20,324.00,1,0,0
12632,3.296,99.10,321.00,1,0,0
12634,3.296,106.10,349.00,1,0,0
12637,3.292,96.80,319.00,1,0,0
12639,3.296,97.10,319.00,1,0,0
12642,3.292,97.70,319.00,1,0,0
12644,3.292,97.20,319.00,1,0,0
12647,3.292,102.10,336.00,1,0,0
12649,3.292,97.90,321.00,1,0,0
12662,3.296,96.40,319.00,1,0,0
12664,3.296,98.30,324.00,1,0,0
12667,3.292,97.50,321.00,1,0,0
12669,3.292,107.60,323.00,1,0,0
12672,3.292,97.10,319.00,1,0,0
12674,3.296,98.10,323.00,1,0,0
12677,3.292,91.20,319.00,1,0,0
12679,3.296,98.20,324.00,1,0,0
12682,3.292,97.30,321.00,1,0,0
12684,3.296,98.50,324.00,1,0,0
12687,3.296,98.10,323.00,1,0,0
12689,3.296,98.20,323.00,1,0,0
12692,3.292,100.20,319.00,1,0,0
12694,3.296,98.60,324.00,1,0,0
12707,3.296,97.60,323.00,1,0,0
12709,3.296,97.20,319.00,1,0,0
12712,3.296,97.40,321.00,1,0,0
12714,3.296,115.80,323.00,1,0,0
12717,3.292,98.60,324.00,1,0,0
12719,3.292,97.70,323.00,1,0,0
12722,3.292,98.70,326.00,1,0,0
12724,3.296,98.90,326.00,1,0,0
12727,3.292,90.60,298.00,1,0,0
12729,3.292,97.60,318.00,1,0,0
12731,3.296,97.60,321.00,1,0,0
12734,3.296,91.60,301.00,1,0,0
12736,3.292,91.30,297.00,1,0,0
12739,3.292,97.20,319.00,1,0,0
12752,3.296,97.30,321.00,1,0,0
12754,3.292,99.50,328.00,1,0,0
12757,3.292,97.20,321.00,1,0,0
12759,3.292,97.50,323.00,1,0,0
12761,3.292,97.90,323.00,1,0,0
12764,3.296,97.30,321.00,1,0,0
12766,3.292,98.00,324.00,1,0,0
12769,3.292,97.40,321.00,1,0,0
12771,3.292,97.50,321.00,1,0,0
12774,3.292,97.30,319.00,1,0,0
12776,3.292,98.10,323.00,1,0,0
12779,3.296,98.10,323.00,1,0,0
12781,3.296,89.50,293.00,1,0,0
12784,3.292,93.90,310.00,1,0,0
12796,3.292,98.00,323.00,1,0,0
12799,3.296,98.00,323.00,1,0,0
12801,3.296,97.90,323.00,1,0,0
12804,3.296,97.80,321.00,1,0,0
12806,3.296,100.90,333.00,1,0,0
12809,3.296,97.70,323.00,1,0,0
12811,3.296,97.40,321.00,1,0,0
12814,3.292,96.50,318.00,1,0,0
12816,3.292,97.90,323.00,1,0,0
12819,3.296,98.30,324.00,1,0,0
12821,3.292,99.20,328.00,1,0,0
12824,3.296,103.40,341.00,1,0,0
12826,3.296,105.50,329.00,1,0,0
12829,3.296,90.80,298.00,1,0,0
12841,3.292,98.30,324.00,1,0,0
12844,3.296,98.00,323.00,1,0,0
12846,3.292,98.00,323.00,1,0,0
12849,3.292,97.30,321.00,1,0,0
12851,3.296,98.00,323.00,1,0,0
12854,3.292,97.10,319.00,1,0,0
12856,3.296,97.10,321.00,1,0,0
12858,3.292,97.30,321.00,1,0,0
12861,3.292,97.70,321.00,1,0,0
12863,3.296,97.90,329.00,1,0,0
12866,3.284,104.90,344.00,1,0,0
12868,3.296,98.30,324.00,1,0,0
12871,3.296,97.70,324.00,1,0,0
12873,3.292,116.70,385.00,1,0,0
12886,3.296,103.20,339.00,1,0,0
12888,3.280,103.00,339.00,1,0,0
12891,3.280,106.40,346.00,1,0,0
12893,3.280,107.20,352.00,1,0,0
12896,3.296,98.10,323.00,1,0,0
12898,3.288,106.30,349.00,1,0,0
12901,3.280,102.80,339.00,1,0,0
12903,3.280,106.20,349.00,1,0,0
12906,3.280,99.50,351.00,1,0,0
12908,3.288,106.40,349.00,1,0,0
12911,3.280,100.00,329.00,1,0,0
12913,3.280,111.60,365.00,1,0,0
12916,3.292,97.10,321.00,1,0,0
12928,3.296,107.70,342.00,1,0,0
12931,3.288,90.90,300.00,1,0,0
12933,3.292,102.00,334.00,1,0,0
12936,3.280,106.70,338.00,1,0,0
12938,3.292,91.60,301.00,1,0,0
12941,3.292,91.90,303.00,1,0,0
12943,3.296,98.20,321.00,1,0,0
12946,3.292,97.20,319.00,1,0,0
12948,3.288,104.80,344.00,1,0,0
12951,3.280,100.20,349.00,1,0,0
12953,3.276,105.20,346.00,1,0,0
12956,3.292,106.40,349.00,1,0,0
12958,3.280,106.40,351.00,1,0,0
12971,3.292,98.30,323.00,1,0,0
12973,3.296,97.80,328.00,1,0,0
12976,3.292,97.60,321.00,1,0,0
12978,3.292,97.80,323.00,1,0,0
12981,3.292,98.30,323.00,1,0,0
12983,3.292,91.30,300.00,1,0,0
12986,3.292,97.60,321.00,1,0,0
12988,3.296,104.70,346.00,1,0,0
12990,3.292,105.20,346.00,1,0,0
12993,3.280,116.10,380.00,1,0,0
12995,3.288,104.10,326.00,1,0,0
12998,3.292,98.10,323.00,1,0,0
13000,3.292,97.20,321.00,1,0,0
13013,3.296,97.60,321.00,1,0,0
13016,3.292,97.40,321.00,1,0,0
13018,3.292,97.40,321.00,1,0,0
13020,3.296,98.10,323.00,1,0,0
13023,3.296,98.50,324.00,1,0,0
13025,3.296,97.90,323.00,1,0,0
13028,3.296,99.10,326.00,1,0,0
13030,3.296,99.00,326.00,1,0,0
13033,3.296,91.00,300.00,1,0,0
13035,3.296,97.20,319.00,1,0,0
13038,3.292,98.70,324.00,1,0,0
13040,3.292,97.70,326.00,1,0,0
13043,3.292,91.90,303.00,1,0,0
13045,3.292,97.10,319.00,1,0,0
13058,3.292,97.40,321.00,1,0,0
13060,3.292,96.00,321.00,1,0,0
13063,3.292,97.20,319.00,1,0,0
13065,3.292,100.90,333.00,1,0,0
13068,3.292,97.60,323.00,1,0,0
13070,3.296,97.40,321.00,1,0,0
13073,3.292,99.00,326.00,1,0,0
13075,3.296,98.40,331.00,1,0,0
13078,3.296,128.00,421.00,1,0,0
13080,3.292,97.60,316.00,1,0,0
13083,3.280,95.80,321.00,1,0,0
13085,3.296,91.20,300.00,1,0,0
13088,3.292,97.90,323.00,1,0,0
13090,3.296,97.90,321.00,1,0,0
13103,3.296,97.30,321.00,1,0,0
13105,3.292,98.10,326.00,1,0,0
13108,3.296,98.20,324.00,1,0,0
13110,3.292,98.20,323.00,1,0,0
13113,3.296,97.30,321.00,1,0,0
13115,3.292,97.40,321.00,1,0,0
13117,3.292,97.30,318.00,1,0,0
13120,3.296,97.30,321.00,1,0,0
13122,3.296,98.00,323.00,1,0,0
13125,3.296,98.40,324.00,1,0,0
13127,3.292,98.00,321.00,1,0,0
13130,3.292,97.40,321.00,1,0,0
13132,3.296,99.00,326.00,1,0,0
13135,3.296,99.40,298.00,1,0,0
13147,3.296,93.40,308.00,1,0,0
13150,3.292,97.10,319.00,1,0,0
13152,3.292,97.30,321.00,1,0,0
13155,3.296,97.60,321.00,1,0,0
13157,3.296,98.20,341.00,1,0,0
13160,3.292,98.70,324.00,1,0,0
13162,3.292,97.30,321.00,1,0,0
13165,3.292,97.10,319.00,1,0,0
13167,3.292,97.40,321.00,1,0,0
13170,3.296,97.90,323.00,1,0,0
13172,3.296,98.90,329.00,1,0,0
13175,3.292,98.90,326.00,1,0,0
13177,3.296,98.40,324.00,1,0,0
13180,3.292,97.40,321.00,1,0,0
13192,3.296,91.30,300.00,1,0,0
13195,3.292,97.60,324.00,1,0,0
13197,3.292,98.00,321.00,1,0,0
13200,3.292,98.00,323.00,1,0,0
13202,3.296,98.30,321.00,1,0,0
13205,3.292,97.30,321.00,1,0,0
13207,3.296,97.90,323.00,1,0,0
13210,3.296,99.80,323.00,1,0,0
13212,3.292,97.80,323.00,1,0,0
13214,3.292,97.80,323.00,1,0,0
13217,3.296,97.20,323.00,1,0,0
13219,3.296,97.40,321.00,1,0,0
13222,3.292,96.30,318.00,1,0,0
13224,3.296,98.00,323.00,1,0,0
13237,3.296,99.60,318.00,1,0,0
13239,3.292,116.10,383.00,1,0,0
13242,3.292,97.20,319.00,1,0,0
13244,3.296,97.90,324.00,1,0,0
13247,3.296,92.00,303.00,1,0,0
13249,3.292,91.80,303.00,1,0,0
13252,3.292,97.40,321.00,1,0,0
13254,3.296,97.30,319.00,1,0,0
13257,3.292,97.30,321.00,1,0,0
13259,3.296,97.90,323.00,1,0,0
13262,3.292,98.10,323.00,1,0,0
13264,3.296,97.00,319.00,1,0,0
13267,3.292,97.50,321.00,1,0,0
13269,3.292,97.60,321.00,1,0,0
13282,3.288,97.60,323.00,1,0,0
13284,3.284,100.10,329.00,1,0,0
13287,3.292,99.70,328.00,1,0,0
13289,3.292,98.00,301.00,1,0,0
13292,3.292,97.30,321.00,1,0,0
13294,3.296,98.10,323.00,1,0,0
13297,3.292,97.40,324.00,1,0,0
13299,3.296,98.20,324.00,1,0,0
13302,3.296,98.20,323.00,1,0,0
13304,3.292,98.20,323.00,1,0,0
13307,3.292,97.20,338.00,1,0,0
13309,3.296,97.80,323.00,1,0,0
13311,3.292,97.80,323.00,1,0,0
13314,3.296,97.80,323.00,1,0,0
13327,3.296,100.70,333.00,1,0,0
13329,3.296,101.10,333.00,1,0,0
13332,3.292,98.20,323.00,1,0,0
13334,3.292,98.80,326.00,1,0,0
13336,3.296,98.90,326.00,1,0,0
13339,3.296,99.00,326.00,1,0,0
13341,3.292,91.00,311.00,1,0,0
13344,3.292,97.80,323.00,1,0,0
13346,3.296,98.60,324.00,1,0,0
13349,3.296,99.10,303.00,1,0,0
13351,3.292,91.90,303.00,1,0,0
13354,3.296,97.30,321.00,1,0,0
13356,3.296,97.90,331.00,1,0,0
13359,3.292,119.40,328.00,1,0,0
13371,3.292,99.40,321.00,1,0,0
13374,3.292,97.90,323.00,1,0,0
13376,3.292,97.40,321.00,1,0,0
13379,3.296,96.90,324.00,1,0,0
13381,3.292,98.70,324.00,1,0,0
13384,3.288,97.40,321.00,1,0,0
13386,3.292,97.40,316.00,1,0,0
13389,3.296,97.10,319.00,1,0,0
13391,3.296,98.10,323.00,1,0,0
13394,3.296,98.10,323.00,1,0,0
13396,3.292,98.00,323.00,1,0,0
13399,3.292,91.30,300.00,1,0,0
13401,3.284,97.70,324.00,1,0,0
13404,3.292,98.00,323.00,1,0,0
13416,3.296,98.10,323.00,1,0,0
13419,3.292,97.30,321.00,1,0,0
13421,3.292,97.60,321.00,1,0,0
13424,3.292,97.40,321.00,1,0,0
13426,3.292,97.60,321.00,1,0,0
13429,3.296,97.20,319.00,1,0,0
13431,3.296,98.00,324.00,1,0,0
13434,3.292,98.60,324.00,1,0,0
13436,3.292,98.30,324.00,1,0,0
13438,3.296,122.90,329.00,1,0,0
13441,3.296,99.00,326.00,1,0,0
13443,3.292,90.50,298.00,1,0,0
13446,3.292,97.80,321.00,1,0,0
13448,3.292,99.80,329.00,1,0,0
13461,3.296,100.40,342.00,1,0,0
13463,3.284,102.30,338.00,1,0,0
13466,3.296,98.10,323.00,1,0,0
13468,3.292,97.80,321.00,1,0,0
13471,3.296,102.50,338.00,1,0,0
13473,3.296,97.80,323.00,1,0,0
13476,3.292,97.20,323.00,1,0,0
13478,3.296,97.70,321.00,1,0,0
13481,3.292,97.40,321.00,1,0,0
13483,3.296,98.80,298.00,1,0,0
13486,3.292,97.50,321.00,1,0,0
13488,3.292,97.50,321.00,1,0,0
13491,3.296,98.30,323.00,1,0,0
13493,3.292,98.10,323.00,1,0,0
13506,3.296,98.10,323.00,1,0,0
13508,3.296,98.10,323.00,1,0,0
13511,3.292,97.30,321.00,1,0,0
13513,3.292,98.00,323.00,1,0,0
13516,3.296,98.10,323.00,1,0,0
13518,3.292,104.30,323.00,1,0,0
13521,3.296,97.50,319.00,1,0,0
13523,3.292,97.40,321.00,1,0,0
13526,3.292,97.60,321.00,1,0,0
13528,3.292,97.20,321.00,1,0,0
13531,3.292,97.50,321.00,1,0,0
13533,3.292,97.90,323.00,1,0,0
13535,3.292,98.40,324.00,1,0,0
13538,3.292,98.10,323.00,1,0,0
13551,3.292,98.10,323.00,1,0,0
13553,3.296,99.10,326.00,1,0,0
13556,3.292,91.50,297.00,1,0,0
13558,3.292,117.20,385.00,1,0,0
13560,3.292,97.60,321.00,1,0,0
13563,3.296,97.30,321.00,1,0,0
13565,3.292,97.30,321.00,1,0,0
13568,3.292,98.20,324.00,1,0,0
13570,3.292,97.10,319.00,1,0,0
13573,3.292,97.00,319.00,1,0,0
13575,3.296,97.40,321.00,1,0,0
13578,3.292,97.40,321.00,1,0,0
13580,3.292,99.10,321.00,1,0,0
13583,3.292,97.50,321.00,1,0,0
13595,3.292,98.10,323.00,1,0,0
13598,3.292,103.00,339.00,1,0,0
13600,3.292,97.30,319.00,1,0,0
13603,3.292,98.50,324.00,1,0,0
13605,3.296,98.60,324.00,1,0,0
13608,3.292,99.60,333.00,1,0,0
13610,3.296,98.40,324.00,1,0,0
13613,3.292,98.10,323.00,1,0,0
13615,3.292,97.40,324.00,1,0,0
13618,3.292,98.80,326.00,1,0,0
13620,3.296,97.90,323.00,1,0,0
13623,3.296,98.00,323.00,1,0,0
13625,3.296,96.80,318.00,1,0,0
13628,3.292,97.70,321.00,1,0,0
13640,3.284,97.60,321.00,1,0,0
13643,3.292,99.20,328.00,1,0,0
13645,3.296,98.30,326.00,1,0,0
13648,3.296,90.70,298.00,1,0,0
13650,3.292,100.70,333.00,1,0,0
13653,3.292,97.60,321.00,1,0,0
13655,3.292,99.00,326.00,1,0,0
13657,3.292,91.90,303.00,1,0,0
13660,3.292,97.20,323.00,1,0,0
13662,3.292,100.90,333.00,1,0,0
13665,3.292,97.10,319.00,1,0,0
13667,3.296,97.10,324.00,1,0,0
13670,3.296,98.40,324.00,1,0,0
13672,3.292,96.80,318.00,1,0,0
13685,3.292,97.50,321.00,1,0,0
13687,3.296,98.90,326.00,1,0,0
13690,3.296,97.60,329.00,1,0,0
13692,3.296,97.60,321.00,1,0,0
13695,3.292,97.90,323.00,1,0,0
13697,3.292,97.30,323.00,1,0,0
13700,3.292,91.20,300.00,1,0,0
13702,3.292,97.30,321.00,1,0,0
13705,3.292,102.50,323.00,1,0,0
13707,3.296,98.40,324.00,1,0,0
13710,3.292,98.20,323.00,1,0,0
13712,3.296,102.20,324.00,1,0,0
13715,3.296,99.40,328.00,1,0,0
13717,3.296,101.50,334.00,1,0,0
13730,3.280,106.30,349.00,1,0,0
13732,3.288,106.50,349.00,1,0,0
13735,3.280,106.00,344.00,1,0,0
13737,3.280,106.40,349.00,1,0,0
13740,3.284,106.30,349.00,1,0,0
13742,3.276,93.30,324.00,1,0,0
13745,3.292,104.10,341.00,1,0,0
13747,3.280,107.20,352.00,1,0,0
13750,3.276,103.00,298.00,1,0,0
13752,3.292,97.00,319.00,1,0,0
13754,3.296,98.10,323.00,1,0,0
13757,3.296,97.40,333.00,1,0,0
13759,3.292,92.10,303.00,1,0,0
13772,3.292,98.70,324.00,1,0,0
13775,3.292,98.20,324.00,1,0,0
13777,3.292,104.10,349.00,1,0,0
13780,3.284,98.30,324.00,1,0,0
13782,3.296,101.00,333.00,1,0,0
13784,3.296,97.70,321.00,1,0,0
13787,3.296,97.20,319.00,1,0,0
13789,3.292,97.90,323.00,1,0,0
13792,3.296,97.50,321.00,1,0,0
13794,3.296,97.70,360.00,1,0,0
13797,3.296,98.90,326.00,1,0,0
13799,3.296,97.00,319.00,1,0,0
13802,3.292,97.90,323.00,1,0,0
13804,3.292,91.20,300.00,1,0,0
13817,3.296,104.60,344.00,1,0,0
13819,3.284,103.20,339.00,1,0,0
13822,3.292,98.60,323.00,1,0,0
13824,3.292,98.10,323.00,1,0,0
13827,3.296,98.10,323.00,1,0,0
13829,3.292,97.40,321.00,1,0,0
13832,3.292,97.40,321.00,1,0,0
13834,3.292,97.30,321.00,1,0,0
13837,3.296,97.30,319.00,1,0,0
13839,3.288,97.90,323.00,1,0,0
13842,3.292,98.80,326.00,1,0,0
13844,3.296,98.80,321.00,1,0,0
13847,3.292,97.10,319.00,1,0,0
13849,3.292,98.30,324.00,1,0,0
13862,3.292,92.10,303.00,1,0,0
13864,3.296,116.30,383.00,1,0,0
13867,3.292,97.10,323.00,1,0,0
13869,3.296,97.80,323.00,1,0,0
13872,3.292,97.50,321.00,1,0,0
13874,3.292,98.30,324.00,1,0,0
13877,3.296,97.10,319.00,1,0,0
13879,3.292,97.20,321.00,1,0,0
13881,3.292,97.20,323.00,1,0,0
13884,3.296,97.50,321.00,1,0,0
13886,3.292,97.80,323.00,1,0,0
13889,3.296,100.50,323.00,1,0,0
13891,3.296,99.00,326.00,1,0,0
13894,3.292,98.40,324.00,1,0,0
13907,3.292,98.00,323.00,1,0,0
13909,3.292,98.10,323.00,1,0,0
13911,3.292,98.00,324.00,1,0,0
13914,3.292,98.10,323.00,1,0,0
13916,3.292,98.10,323.00,1,0,0
13919,3.280,98.70,321.00,1,0,0
13921,3.292,98.30,324.00,1,0,0
13924,3.292,98.60,324.00,1,0,0
13926,3.292,97.40,323.00,1,0,0
13929,3.292,97.90,323.00,1,0,0
13931,3.292,97.90,323.00,1,0,0
13934,3.292,97.20,321.00,1,0,0
13936,3.296,97.20,321.00,1,0,0
13939,3.292,97.30,321.00,1,0,0
13951,3.296,98.90,326.00,1,0,0
13954,3.296,98.60,324.00,1,0,0
13956,3.292,90.90,319.00,1,0,0
13959,3.296,97.50,321.00,1,0,0
13961,3.292,97.50,321.00,1,0,0
13964,3.292,91.50,301.00,1,0,0
13966,3.292,89.80,297.00,1,0,0
13969,3.292,97.10,319.00,1,0,0
13971,3.292,97.20,321.00,1,0,0
13974,3.296,97.30,321.00,1,0,0
13976,3.296,98.10,323.00,1,0,0
13979,3.292,99.90,321.00,1,0,0
13981,3.292,95.00,313.00,1,0,0
13983,3.296,93.90,310.00,1,0,0
13996,3.296,98.90,326.00,1,0,0
13999,3.276,99.30,323.00,1,0,0
14001,3.296,99.20,326.00,1,0,0
14004,3.292,99.00,326.00,1,0,0
14006,3.292,97.90,323.00,1,0,0
14008,3.292,91.30,319.00,1,0,0
14011,3.296,104.50,342.00,1,0,0
14013,3.284,101.80,334.00,1,0,0
14016,3.280,104.90,331.00,1,0,0
14018,3.288,103.20,339.00,1,0,0
14021,3.292,98.30,324.00,1,0,0
14023,3.296,99.80,324.00,1,0,0
14026,3.292,98.00,323.00,1,0,0
14038,3.292,97.40,321.00,1,0,0
14041,3.292,97.30,321.00,1,0,0
14043,3.296,97.60,324.00,1,0,0
14046,3.296,98.40,324.00,1,0,0
14048,3.296,98.80,326.00,1,0,0
14051,3.296,97.20,321.00,1,0,0
14053,3.296,99.10,326.00,1,0,0
14056,3.296,99.00,326.00,1,0,0
14058,3.292,90.30,313.00,1,0,0
14061,3.292,97.60,321.00,1,0,0
14063,3.296,97.30,321.00,1,0,0
14066,3.292,91.50,301.00,1,0,0
14068,3.292,90.50,306.00,1,0,0
14071,3.296,97.10,319.00,1,0,0
14083,3.292,97.20,319.00,1,0,0
14086,3.296,97.20,319.00,1,0,0
14088,3.292,97.60,321.00,1,0,0
14091,3.292,97.80,323.00,1,0,0
14093,3.292,97.70,321.00,1,0,0
14096,3.292,97.20,326.00,1,0,0
14098,3.296,99.00,326.00,1,0,0
14101,3.292,97.60,321.00,1,0,0
14103,3.284,98.20,323.00,1,0,0
14106,3.292,97.30,321.00,1,0,0
14108,3.292,98.00,323.00,1,0,0
14110,3.292,91.30,315.00,1,0,0
14113,3.292,99.60,328.00,1,0,0
14115,3.292,97.20,321.00,1,0,0
14128,3.296,98.60,324.00,1,0,0
14131,3.292,98.10,323.00,1,0,0
14133,3.296,98.00,323.00,1,0,0
14135,3.296,97.20,319.00,1,0,0
14138,3.292,97.20,321.00,1,0,0
14140,3.292,96.70,321.00,1,0,0
14143,3.296,97.20,319.00,1,0,0
14145,3.296,97.30,321.00,1,0,0
14148,3.292,98.20,324.00,1,0,0
14150,3.296,98.50,324.00,1,0,0
14153,3.296,97.50,321.00,1,0,0
14155,3.292,97.80,324.00,1,0,0
14158,3.296,122.10,403.00,1,0,0
14160,3.292,91.10,300.00,1,0,0
14173,3.292,97.10,319.00,1,0,0
14175,3.292,97.10,319.00,1,0,0
14178,3.292,97.20,319.00,1,0,0
14180,3.292,98.80,326.00,1,0,0
14183,3.296,98.20,323.00,1,0,0
14185,3.292,97.00,321.00,1,0,0
14188,3.292,97.30,321.00,1,0,0
14190,3.292,97.10,319.00,1,0,0
14193,3.292,97.10,323.00,1,0,0
14195,3.292,97.70,321.00,1,0,0
14198,3.296,97.20,319.00,1,0,0
14200,3.296,98.90,326.00,1,0,0
14203,3.292,97.40,321.00,1,0,0
14205,3.292,109.10,359.00,1,0,0
14218,3.296,101.30,334.00,1,0,0
14220,3.292,98.40,328.00,1,0,0
14223,3.296,97.70,323.00,1,0,0
14225,3.292,98.20,324.00,1,0,0
14228,3.292,97.10,319.00,1,0,0
14230,3.292,97.10,323.00,1,0,0
14232,3.292,98.10,323.00,1,0,0
14235,3.296,98.10,323.00,1,0,0
14237,3.296,97.90,372.00,1,0,0
14240,3.280,97.20,321.00,1,0,0
14242,3.292,97.60,321.00,1,0,0
14245,3.292,97.40,319.00,1,0,0
14247,3.296,98.70,326.00,1,0,0
14250,3.292,98.90,326.00,1,0,0
14262,3.292,90.90,300.00,1,0,0
14265,3.292,97.40,321.00,1,0,0
14267,3.292,97.50,321.00,1,0,0
14270,3.292,99.30,328.00,1,0,0
14272,3.292,91.50,297.00,1,0,0
14275,3.292,97.30,321.00,1,0,0
14277,3.292,97.10,318.00,1,0,0
14280,3.292,97.20,319.00,1,0,0
14282,3.292,97.80,319.00,1,0,0
14285,3.292,97.90,323.00,1,0,0
14287,3.292,97.10,319.00,1,0,0
14290,3.296,97.20,319.00,1,0,0
14292,3.292,97.50,321.00,1,0,0
14295,3.296,98.10,323.00,1,0,0
14307,3.288,97.90,323.00,1,0,0
14310,3.292,97.10,319.00,1,0,0
14312,3.296,98.20,323.00,1,0,0
14315,3.292,91.30,301.00,1,0,0
14317,3.296,98.20,354.00,1,0,0
14320,3.292,99.00,326.00,1,0,0
14322,3.296,98.30,324.00,1,0,0
14325,3.296,98.20,324.00,1,0,0
14327,3.296,98.10,323.00,1,0,0
14329,3.292,97.20,319.00,1,0,0
14332,3.292,97.10,319.00,1,0,0
14334,3.296,98.40,323.00,1,0,0
14337,3.292,98.00,323.00,1,0,0
14339,3.292,98.00,323.00,1,0,0
14352,3.296,97.90,323.00,1,0,0
14354,3.296,98.40,324.00,1,0,0
14357,3.296,97.30,319.00,1,0,0
14359,3.292,100.40,331.00,1,0,0
14362,3.296,98.90,328.00,1,0,0
14364,3.296,91.20,300.00,1,0,0
14367,3.296,97.80,323.00,1,0,0
14369,3.296,97.40,321.00,1,0,0
14372,3.292,99.00,326.00,1,0,0
14374,3.292,91.80,301.00,1,0,0
14377,3.292,97.00,319.00,1,0,0
14379,3.296,97.80,323.00,1,0,0
14382,3.292,97.90,323.00,1,0,0
14384,3.296,98.20,321.00,1,0,0
14401,3.292,97.40,321.00,1,0,0
14404,3.292,94.70,311.00,1,0,0
14406,3.292,99.50,328.00,1,0,0
14409,3.292,97.60,321.00,1,0,0
14411,3.292,97.30,321.00,1,0,0
14414,3.296,99.00,326.00,1,0,0
14416,3.292,98.00,323.00,1,0,0
14419,3.292,91.40,323.00,1,0,0
14421,3.296,97.10,319.00,1,0,0
14423,3.292,98.00,323.00,1,0,0
14426,3.292,98.10,323.00,1,0,0
14428,3.292,98.10,323.00,1,0,0
14431,3.296,98.00,323.00,1,0,0
14433,3.292,97.40,321.00,1,0,0
14446,3.292,97.20,321.00,1,0,0
14448,3.292,97.70,323.00,1,0,0
14451,3.292,97.20,319.00,1,0,0
14453,3.296,97.80,323.00,1,0,0
14456,3.296,98.50,324.00,1,0,0
14458,3.292,97.70,323.00,1,0,0
14461,3.292,99.10,326.00,1,0,0
14463,3.296,99.00,326.00,1,0,0
14466,3.296,96.20,316.00,1,0,0
14468,3.292,90.50,298.00,1,0,0
14471,3.292,97.40,321.00,1,0,0
14473,3.292,98.60,324.00,1,0,0
14476,3.296,98.20,324.00,1,0,0
14478,3.292,93.60,328.00,1,0,0
14491,3.296,97.40,321.00,1,0,0
14493,3.296,97.10,319.00,1,0,0
14496,3.296,97.40,321.00,1,0,0
14498,3.296,97.20,321.00,1,0,0
14501,3.292,97.80,323.00,1,0,0
14503,3.292,97.30,321.00,1,0,0
14506,3.292,97.60,326.00,1,0,0
14508,3.296,98.80,326.00,1,0,0
14511,3.292,98.20,324.00,1,0,0
14513,3.296,101.30,323.00,1,0,0
14516,3.292,97.10,319.00,1,0,0
14518,3.292,117.90,388.00,1,0,0
14520,3.292,91.20,300.00,1,0,0
14523,3.292,97.70,323.00,1,0,0
14536,3.296,97.40,319.00,1,0,0
14538,3.296,97.80,323.00,1,0,0
14541,3.296,98.00,323.00,1,0,0
14543,3.296,98.10,323.00,1,0,0
14545,3.292,97.20,319.00,1,0,0
14548,3.296,98.40,324.00,1,0,0
14550,3.296,97.50,319.00,1,0,0
14553,3.292,97.30,321.00,1,0,0
14555,3.296,97.90,323.00,1,0,0
14558,3.296,98.20,324.00,1,0,0
14560,3.292,117.20,385.00,1,0,0
14563,3.292,99.20,328.00,1,0,0
14565,3.296,99.00,324.00,1,0,0
14568,3.296,98.30,324.00,1,0,0
14580,3.292,90.10,319.00,1,0,0
14583,3.296,97.20,319.00,1,0,0
14585,3.296,97.10,319.00,1,0,0
14588,3.292,97.10,323.00,1,0,0
14590,3.296,98.00,323.00,1,0,0
14593,3.296,97.50,321.00,1,0,0
14595,3.292,97.20,323.00,1,0,0
14598,3.292,122.20,403.00,1,0,0
14600,3.296,97.80,323.00,1,0,0
14603,3.292,97.30,324.00,1,0,0
14605,3.296,97.50,321.00,1,0,0
14608,3.292,97.50,321.00,1,0,0
14610,3.296,99.00,329.00,1,0,0
14613,3.296,97.80,323.00,1,0,0
14625,3.296,98.30,323.00,1,0,0
14628,3.296,98.00,323.00,1,0,0
14630,3.296,100.00,329.00,1,0,0
14633,3.300,101.10,323.00,1,0,0
14635,3.292,98.20,324.00,1,0,0
14638,3.296,97.60,319.00,1,0,0
14640,3.296,98.10,323.00,1,0,0
14642,3.292,98.40,324.00,1,0,0
14645,3.296,98.00,323.00,1,0,0
14647,3.292,97.20,321.00,1,0,0
14650,3.292,97.50,321.00,1,0,0
14652,3.292,97.50,321.00,1,0,0
14655,3.296,97.10,319.00,1,0,0
14657,3.296,97.90,323.00,1,0,0
14670,3.296,99.00,326.00,1,0,0
14672,3.292,91.10,300.00,1,0,0
14675,3.296,99.10,326.00,1,0,0
14677,3.292,97.50,338.00,1,0,0
14680,3.292,90.00,297.00,1,0,0
14682,3.292,89.90,297.00,1,0,0
14685,3.296,97.50,319.00,1,0,0
14687,3.292,97.30,321.00,1,0,0
14690,3.296,97.10,319.00,1,0,0
14692,3.292,97.20,323.00,1,0,0
14695,3.292,97.20,319.00,1,0,0
14697,3.292,98.20,323.00,1,0,0
14700,3.296,99.50,333.00,1,0,0
14702,3.296,97.30,321.00,1,0,0
14715,3.296,96.00,316.00,1,0,0
14717,3.292,97.50,319.00,1,0,0
14720,3.296,99.00,324.00,1,0,0
14722,3.296,98.10,323.00,1,0,0
14725,3.292,98.00,323.00,1,0,0
14727,3.296,91.30,300.00,1,0,0
14730,3.292,97.70,321.00,1,0,0
14732,3.292,97.80,323.00,1,0,0
14735,3.296,98.40,324.00,1,0,0
14737,3.296,98.30,324.00,1,0,0
14740,3.292,97.20,319.00,1,0,0
14742,3.292,97.80,323.00,1,0,0
14744,3.296,98.10,323.00,1,0,0
14747,3.296,98.00,323.00,1,0,0
14760,3.216,98.20,323.00,1,0,0
14762,3.296,97.70,321.00,1,0,0
14765,3.292,98.40,324.00,1,0,0
14767,3.296,97.20,321.00,1,0,0
14769,3.292,99.00,326.00,1,0,0
14772,3.292,98.90,326.00,1,0,0
14774,3.296,91.00,300.00,1,0,0
14777,3.296,97.70,323.00,1,0,0
14779,3.292,97.50,321.00,1,0,0
14782,3.292,99.00,326.00,1,0,0
14784,3.292,97.90,323.00,1,0,0
14787,3.292,97.70,321.00,1,0,0
14789,3.292,97.70,324.00,1,0,0
14792,3.292,97.40,321.00,1,0,0
14804,3.296,97.50,321.00,1,0,0
14807,3.292,98.60,324.00,1,0,0
14809,3.292,98.20,321.00,1,0,0
14812,3.292,97.20,319.00,1,0,0
14814,3.296,98.80,326.00,1,0,0
14817,3.292,97.70,319.00,1,0,0
14819,3.292,97.60,321.00,1,0,0
14822,3.292,97.20,319.00,1,0,0
14824,3.292,97.30,323.00,1,0,0
14827,3.292,91.30,300.00,1,0,0
14829,3.292,98.10,323.00,1,0,0
14832,3.292,97.20,321.00,1,0,0
14834,3.292,97.80,323.00,1,0,0
14837,3.292,97.60,321.00,1,0,0
14849,3.296,101.30,334.00,1,0,0
14852,3.296,97.40,321.00,1,0,0
14854,3.292,97.20,334.00,1,0,0
14857,3.300,97.50,321.00,1,0,0
14859,3.292,100.00,329.00,1,0,0
14862,3.296,97.10,333.00,1,0,0
14864,3.292,97.50,321.00,1,0,0
14866,3.296,98.40,324.00,1,0,0
14869,3.296,98.10,323.00,1,0,0
14871,3.292,99.10,326.00,1,0,0
14874,3.296,99.00,326.00,1,0,0
14876,3.292,90.70,300.00,1,0,0
14879,3.292,98.10,323.00,1,0,0
14881,3.296,98.10,323.00,1,0,0
14894,3.292,97.30,321.00,1,0,0
14896,3.292,97.20,319.00,1,0,0
14899,3.292,98.20,323.00,1,0,0
14901,3.296,97.00,319.00,1,0,0
14904,3.292,97.40,321.00,1,0,0
14906,3.292,97.50,338.00,1,0,0
14909,3.300,102.60,338.00,1,0,0
14911,3.292,97.70,323.00,1,0,0
14914,3.296,97.30,319.00,1,0,0
14916,3.292,91.60,301.00,1,0,0
14919,3.280,98.00,323.00,1,0,0
14921,3.292,97.70,321.00,1,0,0
14924,3.292,97.70,321.00,1,0,0
14926,3.292,97.10,319.00,1,0,0
14939,3.296,98.20,324.00,1,0,0
14941,3.296,98.40,324.00,1,0,0
14944,3.296,97.10,319.00,1,0,0
14946,3.292,97.20,319.00,1,0,0
14949,3.296,98.20,324.00,1,0,0
14951,3.292,98.20,326.00,1,0,0
14954,3.296,98.40,324.00,1,0,0
14956,3.292,97.90,323.00,1,0,0
14959,3.292,126.10,321.00,1,0,0
14961,3.296,97.40,321.00,1,0,0
14963,3.292,97.20,319.00,1,0,0
14966,3.296,98.10,323.00,1,0,0
14968,3.292,98.60,324.00,1,0,0
14971,3.292,97.40,321.00,1,0,0
14984,3.292,97.30,321.00,1,0,0
14986,3.292,98.20,326.00,1,0,0
14989,3.296,91.40,301.00,1,0,0
14991,3.292,97.20,321.00,1,0,0
14993,3.296,97.00,319.00,1,0,0
14996,3.292,97.20,319.00,1,0,0
14998,3.292,97.20,319.00,1,0,0
15001,3.292,98.20,324.00,1,0,0
15003,3.292,97.30,319.00,1,0,0
15006,3.292,97.40,321.00,1,0,0
15008,3.292,97.30,321.00,1,0,0
15011,3.296,97.30,321.00,1,0,0
15013,3.292,97.70,321.00,1,0,0
15016,3.296,97.50,321.00,1,0,0
15028,3.296,100.80,333.00,1,0,0
15031,3.292,98.20,323.00,1,0,0
15033,3.292,91.30,300.00,1,0,0
15036,3.292,97.20,319.00,1,0,0
15038,3.292,98.70,324.00,1,0,0
15041,3.296,97.90,323.00,1,0,0
15043,3.288,109.60,360.00,1,0,0
15046,3.292,117.20,321.00,1,0,0
15048,3.296,98.70,324.00,1,0,0
15051,3.296,98.40,324.00,1,0,0
15053,3.296,98.80,323.00,1,0,0
15056,3.296,98.10,323.00,1,0,0
15058,3.292,97.20,319.00,1,0,0
15060,3.292,97.50,321.00,1,0,0
15073,3.292,97.90,323.00,1,0,0
15076,3.292,97.40,326.00,1,0,0
15078,3.292,99.00,326.00,1,0,0
15081,3.296,92.60,305.00,1,0,0
15083,3.292,94.60,321.00,1,0,0
15086,3.296,97.40,321.00,1,0,0
15088,3.296,98.40,324.00,1,0,0
15090,3.292,91.60,301.00,1,0,0
15093,3.292,96.60,318.00,1,0,0
15095,3.292,98.90,326.00,1,0,0
15098,3.292,97.30,313.00,1,0,0
15100,3.292,97.40,321.00,1,0,0
15103,3.292,98.00,323.00,1,0,0
15105,3.292,97.20,306.00,1,0,0
15118,3.292,95.80,316.00,1,0,0
15120,3.292,97.80,326.00,1,0,0
15123,3.292,100.80,333.00,1,0,0
15125,3.292,97.80,323.00,1,0,0
15128,3.280,104.30,323.00,1,0,0
15130,3.292,97.40,321.00,1,0,0
15133,3.292,92.00,303.00,1,0,0
15135,3.292,92.50,321.00,1,0,0
15138,3.292,97.10,319.00,1,0,0
15140,3.296,98.10,323.00,1,0,0
15143,3.292,98.20,323.00,1,0,0
15145,3.292,98.10,323.00,1,0,0
15148,3.292,98.50,324.00,1,0,0
15150,3.292,96.70,319.00,1,0,0
15163,3.292,97.60,319.00,1,0,0
15165,3.292,97.90,323.00,1,0,0
15168,3.296,98.00,323.00,1,0,0
15170,3.292,97.90,323.00,1,0,0
15173,3.296,97.80,324.00,1,0,0
15175,3.296,97.80,323.00,1,0,0
15178,3.292,97.10,319.00,1,0,0
15180,3.296,102.90,339.00,1,0,0
15183,3.296,95.00,313.00,1,0,0
15185,3.292,90.50,298.00,1,0,0
15187,3.296,97.50,321.00,1,0,0
15190,3.292,97.90,323.00,1,0,0
15192,3.292,91.50,301.00,1,0,0
15195,3.292,90.20,321.00,1,0,0
15208,3.296,97.30,319.00,1,0,0
15210,3.296,97.10,319.00,1,0,0
15212,3.296,97.20,321.00,1,0,0
15215,3.296,101.00,333.00,1,0,0
15217,3.292,99.00,323.00,1,0,0
15220,3.296,97.30,321.00,1,0,0
15222,3.292,97.70,323.00,1,0,0
15225,3.296,99.10,321.00,1,0,0
15227,3.296,98.20,324.00,1,0,0
15230,3.288,99.40,328.00,1,0,0
15232,3.292,99.50,324.00,1,0,0
15235,3.296,98.20,324.00,1,0,0
15237,3.296,98.40,324.00,1,0,0
15240,3.292,91.20,323.00,1,0,0
15252,3.296,98.20,321.00,1,0,0
15255,3.292,97.70,321.00,1,0,0
15257,3.296,98.20,323.00,1,0,0
15260,3.296,101.80,333.00,1,0,0
15262,3.296,98.80,326.00,1,0,0
15265,3.296,97.40,321.00,1,0,0
15267,3.296,98.40,324.00,1,0,0
15270,3.292,97.70,323.00,1,0,0
15272,3.296,98.40,324.00,1,0,0
15275,3.292,97.90,323.00,1,0,0
15277,3.296,98.40,324.00,1,0,0
15280,3.296,96.80,319.00,1,0,0
15282,3.296,99.10,326.00,1,0,0
15284,3.296,99.10,323.00,1,0,0
15297,3.292,90.00,321.00,1,0,0
15300,3.296,98.00,323.00,1,0,0
15302,3.296,97.10,319.00,1,0,0
15305,3.296,97.10,321.00,1,0,0
15307,3.296,98.10,323.00,1,0,0
15309,3.296,97.20,319.00,1,0,0
15312,3.292,97.10,321.00,1,0,0
15314,3.292,97.40,321.00,1,0,0
15317,3.296,97.60,321.00,1,0,0
15319,3.292,98.20,329.00,1,0,0
15322,3.296,97.60,321.00,1,0,0
15324,3.284,97.30,321.00,1,0,0
15327,3.296,99.20,328.00,1,0,0
15329,3.296,100.50,321.00,1,0,0
15342,3.296,97.30,323.00,1,0,0
15344,3.292,98.50,324.00,1,0,0
15347,3.296,98.50,324.00,1,0,0
15349,3.296,98.20,323.00,1,0,0
15352,3.292,98.10,323.00,1,0,0
15354,3.292,97.20,319.00,1,0,0
15357,3.292,97.70,324.00,1,0,0
15359,3.296,101.20,334.00,1,0,0
15362,3.292,98.20,324.00,1,0,0
15364,3.280,97.70,321.00,1,0,0
15367,3.292,97.40,321.00,1,0,0
15369,3.292,97.60,321.00,1,0,0
15372,3.296,97.30,321.00,1,0,0
15374,3.292,98.00,323.00,1,0,0
15387,3.296,99.10,326.00,1,0,0
15389,3.296,90.30,297.00,1,0,0
15392,3.292,97.40,321.00,1,0,0
15394,3.292,97.40,323.00,1,0,0
15397,3.296,99.10,326.00,1,0,0
15399,3.292,90.20,297.00,1,0,0
15402,3.292,97.10,319.00,1,0,0
15404,3.280,97.20,319.00,1,0,0
15406,3.292,97.20,321.00,1,0,0
15409,3.296,98.20,328.00,1,0,0
15411,3.296,97.80,323.00,1,0,0
15414,3.292,96.80,318.00,1,0,0
15416,3.296,97.00,323.00,1,0,0
15419,3.296,97.30,321.00,1,0,0
15432,3.292,100.00,323.00,1,0,0
15434,3.292,98.60,324.00,1,0,0
15436,3.296,97.20,319.00,1,0,0
15439,3.296,97.80,323.00,1,0,0
15441,3.296,98.20,323.00,1,0,0
15444,3.288,91.30,300.00,1,0,0
15446,3.292,97.90,323.00,1,0,0
15449,3.296,98.40,324.00,1,0,0
15451,3.296,98.20,324.00,1,0,0
15454,3.296,98.30,324.00,1,0,0
15456,3.296,97.30,321.00,1,0,0
15459,3.292,97.10,319.00,1,0,0
15461,3.292,98.30,323.00,1,0,0
15464,3.292,98.20,323.00,1,0,0
15476,3.292,97.70,323.00,1,0,0
15479,3.296,97.10,319.00,1,0,0
15481,3.296,89.60,303.00,1,0,0
15484,3.288,119.70,321.00,1,0,0
15486,3.292,98.80,326.00,1,0,0
15489,3.296,99.00,326.00,1,0,0
15491,3.296,90.70,298.00,1,0,0
15494,3.292,97.90,323.00,1,0,0
15496,3.296,97.50,321.00,1,0,0
15499,3.292,97.40,301.00,1,0,0
15501,3.292,90.00,297.00,1,0,0
15504,3.292,97.10,319.00,1,0,0
15506,3.296,97.10,321.00,1,0,0
15508,3.292,97.30,321.00,1,0,0
15521,3.296,97.80,323.00,1,0,0
15524,3.276,97.50,321.00,1,0,0
15526,3.292,97.50,321.00,1,0,0
15529,3.292,98.60,324.00,1,0,0
15531,3.296,99.10,326.00,1,0,0
15533,3.292,98.00,321.00,1,0,0
15536,3.292,97.90,357.00,1,0,0
15538,3.292,98.10,323.00,1,0,0
15541,3.296,97.40,321.00,1,0,0
15543,3.296,98.20,323.00,1,0,0
15546,3.292,91.40,301.00,1,0,0
15548,3.292,97.20,321.00,1,0,0
15551,3.292,98.00,324.00,1,0,0
15553,3.296,98.40,324.00,1,0,0
15566,3.296,98.10,323.00,1,0,0
15568,3.296,97.30,321.00,1,0,0
15571,3.296,98.30,321.00,1,0,0
15573,3.292,99.70,328.00,1,0,0
15576,3.296,97.40,321.00,1,0,0
15578,3.292,97.50,321.00,1,0,0
15581,3.292,97.60,321.00,1,0,0
15583,3.296,98.30,324.00,1,0,0
15586,3.296,97.30,321.00,1,0,0
15588,3.296,98.90,326.00,1,0,0
15591,3.296,99.20,328.00,1,0,0
15593,3.296,90.60,298.00,1,0,0
15596,3.292,94.50,323.00,1,0,0
15598,3.296,97.30,321.00,1,0,0
15611,3.296,97.20,321.00,1,0,0
15613,3.296,101.40,334.00,1,0,0
15616,3.296,98.10,323.00,1,0,0
15618,3.292,96.90,319.00,1,0,0
15621,3.292,97.10,319.00,1,0,0
15623,3.296,97.30,323.00,1,0,0
15626,3.296,97.20,319.00,1,0,0
15628,3.292,98.00,323.00,1,0,0
15630,3.292,97.30,319.00,1,0,0
15633,3.292,98.80,326.00,1,0,0
15635,3.296,97.70,321.00,1,0,0
15638,3.292,98.00,323.00,1,0,0
15640,3.296,97.30,321.00,1,0,0
15643,3.292,123.50,406.00,1,0,0
15655,3.296,98.20,323.00,1,0,0
15658,3.292,98.40,324.00,1,0,0
15660,3.292,97.30,323.00,1,0,0
15663,3.296,97.70,321.00,1,0,0
15665,3.296,98.00,323.00,1,0,0
15668,3.296,96.90,323.00,1,0,0
15670,3.296,95.10,313.00,1,0,0
15673,3.292,97.20,321.00,1,0,0
15675,3.296,97.70,323.00,1,0,0
15678,3.292,97.20,321.00,1,0,0
15680,3.292,97.40,321.00,1,0,0
15683,3.292,98.00,387.00,1,0,0
15685,3.296,98.40,324.00,1,0,0
15688,3.296,98.00,323.00,1,0,0
15700,3.296,97.00,319.00,1,0,0
15703,3.296,98.30,324.00,1,0,0
15705,3.296,93.10,300.00,1,0,0
15708,3.292,98.70,326.00,1,0,0
15710,3.296,97.40,321.00,1,0,0
15713,3.292,97.20,321.00,1,0,0
15715,3.292,97.40,321.00,1,0,0
15718,3.292,98.40,324.00,1,0,0
15720,3.296,97.20,319.00,1,0,0
15723,3.292,121.00,398.00,1,0,0
15725,3.292,98.50,324.00,1,0,0
15727,3.292,97.30,321.00,1,0,0
15730,3.296,98.00,323.00,1,0,0
15732,3.292,97.30,321.00,1,0,0
15745,3.292,97.20,319.00,1,0,0
15748,3.296,96.60,300.00,1,0,0
15750,3.292,91.20,321.00,1,0,0
15752,3.296,97.40,321.00,1,0,0
15755,3.292,98.40,324.00,1,0,0
15757,3.296,98.20,323.00,1,0,0
15760,3.292,98.10,323.00,1,0,0
15762,3.292,97.60,321.00,1,0,0
15765,3.292,97.20,321.00,1,0,0
15767,3.292,98.20,324.00,1,0,0
15770,3.292,98.00,323.00,1,0,0
15772,3.292,98.30,323.00,1,0,0
15775,3.292,97.60,321.00,1,0,0
15777,3.292,97.50,321.00,1,0,0
15790,3.292,97.60,321.00,1,0,0
15792,3.292,98.40,326.00,1,0,0
15795,3.296,98.90,326.00,1,0,0
15797,3.292,92.40,305.00,1,0,0
15800,3.292,91.00,321.00,1,0,0
15802,3.292,104.50,344.00,1,0,0
15805,3.288,97.80,323.00,1,0,0
15807,3.292,93.80,308.00,1,0,0
15810,3.292,90.00,323.00,1,0,0
15812,3.292,97.30,321.00,1,0,0
15815,3.292,97.20,319.00,1,0,0
15817,3.292,97.10,321.00,1,0,0
15820,3.292,97.40,321.00,1,0,0
15822,3.292,97.10,319.00,1,0,0
15835,3.296,97.30,321.00,1,0,0
15837,3.296,98.00,324.00,1,0,0
15840,3.296,97.80,323.00,1,0,0
15842,3.292,97.60,321.00,1,0,0
15845,3.276,97.80,319.00,1,0,0
15847,3.264,97.30,321.00,1,0,0
15849,3.296,98.30,324.00,1,0,0
15852,3.296,92.50,301.00,1,0,0
15854,3.292,97.40,321.00,1,0,0
15857,3.296,98.80,326.00,1,0,0
15859,3.296,98.30,324.00,1,0,0
15862,3.296,98.20,326.00,1,0,0
15864,3.296,97.80,323.00,1,0,0
15867,3.296,100.60,331.00,1,0,0
15879,3.292,97.30,321.00,1,0,0
15882,3.292,97.40,324.00,1,0,0
15884,3.272,98.00,323.00,1,0,0
15887,3.292,98.10,323.00,1,0,0
15889,3.296,101.40,333.00,1,0,0
15892,3.296,98.60,324.00,1,0,0
15894,3.292,97.20,319.00,1,0,0
15897,3.292,99.10,326.00,1,0,0
15899,3.296,94.50,311.00,1,0,0
15902,3.292,90.20,297.00,1,0,0
15904,3.292,97.40,326.00,1,0,0
15907,3.292,98.00,323.00,1,0,0
15909,3.296,97.30,321.00,1,0,0
15912,3.292,91.00,319.00,1,0,0
15924,3.296,96.60,316.00,1,0,0
15927,3.296,97.40,323.00,1,0,0
15929,3.296,98.90,326.00,1,0,0
15932,3.292,97.40,321.00,1,0,0
15934,3.296,97.80,323.00,1,0,0
15937,3.296,97.40,321.00,1,0,0
15939,3.292,96.20,318.00,1,0,0
15942,3.296,98.80,323.00,1,0,0
15944,3.292,97.70,323.00,1,0,0
15947,3.296,99.10,326.00,1,0,0
15949,3.296,98.80,321.00,1,0,0
15951,3.292,96.30,316.00,1,0,0
15954,3.292,91.30,300.00,1,0,0
15956,3.296,98.00,323.00,1,0,0
15969,3.296,97.40,321.00,1,0,0
15972,3.292,97.40,321.00,1,0,0
15974,3.292,98.80,326.00,1,0,0
15976,3.292,98.00,323.00,1,0,0
15979,3.292,103.20,323.00,1,0,0
15981,3.296,97.40,321.00,1,0,0
15984,3.292,97.30,321.00,1,0,0
15986,3.292,97.20,324.00,1,0,0
15989,3.296,98.70,324.00,1,0,0
15991,3.292,97.80,323.00,1,0,0
15994,3.292,98.40,321.00,1,0,0
15996,3.292,97.20,321.00,1,0,0
15999,3.296,99.10,326.00,1,0,0
16001,3.296,99.10,321.00,1,0,0
16014,3.292,92.10,321.00,1,0,0
16016,3.292,97.00,319.00,1,0,0
16019,3.292,97.30,321.00,1,0,0
16021,3.292,97.20,321.00,1,0,0
16024,3.296,98.00,323.00,1,0,0
16026,3.292,97.20,319.00,1,0,0
16029,3.292,97.30,321.00,1,0,0
16031,3.292,97.10,321.00,1,0,0
16034,3.292,97.20,319.00,1,0,0
16036,3.292,97.40,321.00,1,0,0
16039,3.296,97.70,321.00,1,0,0
16041,3.292,97.40,321.00,1,0,0
16044,3.276,99.20,328.00,1,0,0
16046,3.292,100.40,323.00,1,0,0
16059,3.296,97.70,321.00,1,0,0
16061,3.292,98.40,324.00,1,0,0
16064,3.296,104.80,344.00,1,0,0
16066,3.284,102.60,344.00,1,0,0
16069,3.280,98.50,324.00,1,0,0
16071,3.292,100.80,333.00,1,0,0
16073,3.284,89.80,295.00,1,0,0
16076,3.288,105.20,339.00,1,0,0
16078,3.284,99.50,328.00,1,0,0
16081,3.292,100.30,331.00,1,0,0
16083,3.292,109.10,321.00,1,0,0
16086,3.292,98.80,326.00,1,0,0
16088,3.292,97.30,321.00,1,0,0
16101,3.296,99.20,328.00,1,0,0
16103,3.296,98.90,326.00,1,0,0
16106,3.292,90.40,298.00,1,0,0
16108,3.292,97.70,321.00,1,0,0
16111,3.292,97.60,323.00,1,0,0
16113,3.292,99.20,326.00,1,0,0
16116,3.292,90.20,297.00,1,0,0
16118,3.292,97.30,321.00,1,0,0
16121,3.292,97.20,319.00,1,0,0
16123,3.280,99.20,328.00,1,0,0
16126,3.292,97.80,323.00,1,0,0
16128,3.292,97.00,319.00,1,0,0
16131,3.292,97.30,321.00,1,0,0
16133,3.292,97.20,321.00,1,0,0
16146,3.292,99.20,328.00,1,0,0
16148,3.292,100.20,321.00,1,0,0
16151,3.296,110.40,364.00,1,0,0
16153,3.292,98.90,326.00,1,0,0
16156,3.292,97.60,323.00,1,0,0
16158,3.296,98.10,323.00,1,0,0
16161,3.292,91.20,300.00,1,0,0
16163,3.292,104.20,324.00,1,0,0
16166,3.296,98.70,326.00,1,0,0
16168,3.296,102.00,336.00,1,0,0
16171,3.296,98.10,323.00,1,0,0
16173,3.292,97.30,321.00,1,0,0
16175,3.296,97.80,323.00,1,0,0
16188,3.292,97.50,321.00,1,0,0
16191,3.292,97.20,319.00,1,0,0
16193,3.296,97.60,323.00,1,0,0
16196,3.296,97.90,323.00,1,0,0
16198,3.292,98.40,324.00,1,0,0
16201,3.296,97.90,326.00,1,0,0
16203,3.296,119.50,393.00,1,0,0
16205,3.296,98.80,326.00,1,0,0
16208,3.292,91.00,298.00,1,0,0
16210,3.292,97.10,319.00,1,0,0
16213,3.292,97.00,319.00,1,0,0
16215,3.292,96.80,303.00,1,0,0
16218,3.292,89.90,297.00,1,0,0
16220,3.292,97.10,319.00,1,0,0
16233,3.292,97.40,321.00,1,0,0
16235,3.296,97.40,321.00,1,0,0
16238,3.292,97.60,321.00,1,0,0
16240,3.292,97.90,323.00,1,0,0
16243,3.296,99.40,328.00,1,0,0
16245,3.296,98.30,323.00,1,0,0
16248,3.292,99.10,326.00,1,0,0
16250,3.292,98.60,324.00,1,0,0
16253,3.296,97.50,326.00,1,0,0
16255,3.292,97.60,321.00,1,0,0
16258,3.292,97.20,319.00,1,0,0
16260,3.292,91.30,300.00,1,0,0
16263,3.292,98.20,323.00,1,0,0
16265,3.292,97.60,321.00,1,0,0
16278,3.292,97.50,321.00,1,0,0
16280,3.292,98.10,323.00,1,0,0
16283,3.292,132.00,436.00,1,0,0
16285,3.292,98.20,324.00,1,0,0
16288,3.292,97.00,326.00,1,0,0
16290,3.296,99.20,328.00,1,0,0
16293,3.296,100.00,329.00,1,0,0
16295,3.296,97.30,321.00,1,0,0
16298,3.292,98.50,324.00,1,0,0
16300,3.296,98.60,324.00,1,0,0
16302,3.296,97.90,323.00,1,0,0
16305,3.296,97.40,326.00,1,0,0
16307,3.296,100.40,329.00,1,0,0
16310,3.296,91.20,300.00,1,0,0
16323,3.292,96.70,316.00,1,0,0
16325,3.292,96.90,328.00,1,0,0
16328,3.292,97.10,319.00,1,0,0
16330,3.296,97.50,321.00,1,0,0
16332,3.292,97.60,323.00,1,0,0
16335,3.296,98.10,323.00,1,0,0
16337,3.296,96.90,319.00,1,0,0
16340,3.292,97.40,321.00,1,0,0
16342,3.292,97.30,321.00,1,0,0
16345,3.296,97.90,323.00,1,0,0
16347,3.296,101.60,331.00,1,0,0
16350,3.296,99.10,326.00,1,0,0
16352,3.296,94.70,311.00,1,0,0
16355,3.296,97.80,352.00,1,0,0
16367,3.292,97.30,321.00,1,0,0
16370,3.296,98.40,324.00,1,0,0
16372,3.296,98.20,323.00,1,0,0
16375,3.292,98.40,324.00,1,0,0
16377,3.292,97.50,321.00,1,0,0
16380,3.292,97.30,321.00,1,0,0
16382,3.292,98.00,323.00,1,0,0
16385,3.292,97.90,321.00,1,0,0
16387,3.292,97.50,321.00,1,0,0
16390,3.292,97.30,321.00,1,0,0
16392,3.292,97.60,324.00,1,0,0
16395,3.292,100.10,329.00,1,0,0
16397,3.292,98.00,323.00,1,0,0
16404,3.288,98.20,323.00,1,0,0
16407,3.292,97.40,321.00,1,0,0
16409,3.296,99.10,326.00,1,0,0
16412,3.296,90.60,298.00,1,0,0
16414,3.292,93.00,306.00,1,0,0
16417,3.292,97.20,319.00,1,0,0
16419,3.292,98.20,324.00,1,0,0
16421,3.296,92.40,305.00,1,0,0
16434,3.296,97.90,323.00,1,0,0
16437,3.292,97.00,319.00,1,0,0
16439,3.292,97.20,321.00,1,0,0
16442,3.296,97.80,323.00,1,0,0
16444,3.280,97.30,321.00,1,0,0
16447,3.296,97.80,323.00,1,0,0
16449,3.296,97.30,321.00,1,0,0
16451,3.296,93.60,308.00,1,0,0
16454,3.292,90.00,323.00,1,0,0
16456,3.292,97.80,321.00,1,0,0
16459,3.292,97.90,323.00,1,0,0
16461,3.296,98.80,321.00,1,0,0
16464,3.292,91.30,300.00,1,0,0
16466,3.292,96.50,318.00,1,0,0
16479,3.292,98.20,323.00,1,0,0
16481,3.292,97.10,319.00,1,0,0
16484,3.284,97.60,321.00,1,0,0
16486,3.296,98.60,324.00,1,0,0
16489,3.296,98.40,324.00,1,0,0
16491,3.296,98.50,323.00,1,0,0
16494,3.296,97.00,319.00,1,0,0
16496,3.292,97.40,321.00,1,0,0
16499,3.292,97.20,321.00,1,0,0
16501,3.296,98.00,323.00,1,0,0
16504,3.296,98.30,324.00,1,0,0
16506,3.296,98.60,323.00,1,0,0
16509,3.296,99.10,326.00,1,0,0
16511,3.292,99.00,326.00,1,0,0
16524,3.292,91.90,303.00,1,0,0
16526,3.296,90.10,385.00,1,0,0
16529,3.296,102.40,338.00,1,0,0
16531,3.296,97.90,323.00,1,0,0
16534,3.284,104.80,339.00,1,0,0
16536,3.296,98.40,324.00,1,0,0
16539,3.292,98.70,324.00,1,0,0
16541,3.280,102.50,323.00,1,0,0
16544,3.292,104.90,344.00,1,0,0
16546,3.280,104.90,344.00,1,0,0
16549,3.288,98.70,326.00,1,0,0
16551,3.296,101.40,334.00,1,0,0
16553,3.296,98.00,323.00,1,0,0
16566,3.292,95.30,313.00,1,0,0
16569,3.292,91.20,300.00,1,0,0
16571,3.292,97.20,321.00,1,0,0
16574,3.292,99.10,326.00,1,0,0
16576,3.296,98.50,324.00,1,0,0
16579,3.296,98.10,323.00,1,0,0
16581,3.292,98.70,324.00,1,0,0
