timestamp_ms,voltage_V,current_mA,power_mW,marker_ble,marker_wifi,marker_sleep
0,3.292,98.80,319.00,1,0,0
2,3.288,96.50,318.00,1,0,0
5,3.288,97.40,319.00,1,0,0
7,3.292,98.00,308.00,1,0,0
10,3.288,96.00,316.00,1,0,0
12,3.288,100.20,329.00,1,0,0
15,3.288,96.10,316.00,1,0,0
17,3.292,97.40,321.00,1,0,0
20,3.288,96.60,318.00,1,0,0
22,3.288,98.10,323.00,1,0,0
25,3.288,98.70,324.00,1,0,0
27,3.288,96.90,318.00,1,0,0
30,3.288,90.10,297.00,1,0,0
32,3.292,96.10,316.00,1,0,0
34,3.292,100.30,331.00,1,0,0
37,3.288,96.60,318.00,1,0,0
39,3.288,96.10,316.00,1,0,0
42,3.288,96.30,316.00,1,0,0
44,3.292,97.00,319.00,1,0,0
47,3.288,96.40,318.00,1,0,0
49,3.288,101.20,331.00,1,0,0
52,3.288,96.90,318.00,1,0,0
54,3.288,96.60,321.00,1,0,0
67,3.292,96.70,328.00,1,0,0
69,3.292,98.40,323.00,1,0,0
72,3.288,98.20,323.00,1,0,0
74,3.292,97.40,319.00,1,0,0
77,3.288,96.50,318.00,1,0,0
79,3.292,96.30,316.00,1,0,0
82,3.288,96.10,316.00,1,0,0
89,3.288,97.40,319.00,1,0,0
92,3.288,96.30,316.00,1,0,0
94,3.288,97.80,323.00,1,0,0
97,3.292,95.40,329.00,1,0,0
99,3.292,117.40,387.00,1,0,0
102,3.288,96.50,318.00,1,0,0
104,3.288,99.00,326.00,1,0,0
106,3.288,97.40,319.00,1,0,0
109,3.288,99.60,328.00,1,0,0
111,3.292,96.90,319.00,1,0,0
114,3.288,96.60,328.00,1,0,0
116,3.292,97.60,321.00,1,0,0
119,3.292,99.70,328.00,1,0,0
121,3.288,100.50,331.00,1,0,0
124,3.292,101.00,333.00,1,0,0
126,3.288,100.30,329.00,1,0,0
129,3.288,96.10,316.00,1,0,0
131,3.288,90.20,297.00,1,0,0
134,3.292,95.40,315.00,1,0,0
146,3.276,96.70,318.00,1,0,0
149,3.288,96.50,347.00,1,0,0
151,3.268,97.10,319.00,1,0,0
154,3.288,99.00,326.00,1,0,0
156,3.288,97.20,329.00,1,0,0
159,3.288,96.00,315.00,1,0,0
161,3.288,99.70,328.00,1,0,0
164,3.292,96.10,316.00,1,0,0
166,3.292,98.40,319.00,1,0,0
169,3.288,97.20,319.00,1,0,0
171,3.288,99.80,328.00,1,0,0
174,3.288,95.30,318.00,1,0,0
176,3.288,96.00,316.00,1,0,0
178,3.288,96.40,316.00,1,0,0
181,3.288,96.60,318.00,1,0,0
183,3.288,105.40,346.00,1,0,0
186,3.288,98.80,324.00,1,0,0
188,3.292,96.60,319.00,1,0,0
191,3.288,96.10,316.00,1,0,0
203,3.292,100.20,329.00,1,0,0
206,3.292,97.20,319.00,1,0,0
208,3.292,99.90,329.00,1,0,0
211,3.292,96.20,328.00,1,0,0
213,3.288,99.60,328.00,1,0,0
216,3.288,97.10,319.00,1,0,0
218,3.292,98.20,323.00,1,0,0
221,3.292,98.40,323.00,1,0,0
223,3.288,96.90,319.00,1,0,0
226,3.292,99.70,315.00,1,0,0
228,3.288,98.60,324.00,1,0,0
231,3.288,96.60,318.00,1,0,0
233,3.288,93.30,297.00,1,0,0
236,3.288,96.50,318.00,1,0,0
238,3.288,98.60,324.00,1,0,0
240,3.288,99.40,324.00,1,0,0
243,3.288,95.90,315.00,1,0,0
245,3.288,99.10,326.00,1,0,0
248,3.288,96.80,324.00,1,0,0
261,3.288,96.20,316.00,1,0,0
263,3.292,99.30,318.00,1,0,0
266,3.292,97.70,321.00,1,0,0
268,3.292,94.10,310.00,1,0,0
270,3.288,98.00,338.00,1,0,0
273,3.292,100.20,329.00,1,0,0
275,3.292,96.70,318.00,1,0,0
278,3.292,97.00,319.00,1,0,0
280,3.292,98.00,323.00,1,0,0
283,3.288,96.80,318.00,1,0,0
285,3.288,97.30,324.00,1,0,0
288,3.292,100.10,329.00,1,0,0
290,3.288,96.60,318.00,1,0,0
293,3.288,96.70,321.00,1,0,0
295,3.292,96.90,319.00,1,0,0
298,3.288,97.00,319.00,1,0,0
300,3.288,106.90,319.00,1,0,0
303,3.288,100.80,331.00,1,0,0
315,3.292,98.70,324.00,1,0,0
318,3.292,97.30,319.00,1,0,0
320,3.288,96.60,318.00,1,0,0
323,3.292,98.40,316.00,1,0,0
325,3.292,96.90,318.00,1,0,0
328,3.288,96.50,318.00,1,0,0
330,3.288,97.40,326.00,1,0,0
333,3.292,98.00,323.00,1,0,0
335,3.292,95.60,315.00,1,0,0
337,3.292,90.20,315.00,1,0,0
340,3.292,95.90,315.00,1,0,0
342,3.288,96.50,318.00,1,0,0
345,3.292,96.80,318.00,1,0,0
347,3.288,97.90,321.00,1,0,0
350,3.288,103.40,341.00,1,0,0
352,3.288,98.10,316.00,1,0,0
355,3.292,96.20,316.00,1,0,0
357,3.292,96.30,316.00,1,0,0
360,3.292,97.20,324.00,1,0,0
372,3.292,99.60,328.00,1,0,0
375,3.292,97.60,319.00,1,0,0
377,3.292,98.20,323.00,1,0,0
380,3.292,98.50,324.00,1,0,0
382,3.288,92.00,318.00,1,0,0
385,3.288,96.50,318.00,1,0,0
387,3.292,96.10,316.00,1,0,0
390,3.292,96.00,316.00,1,0,0
392,3.292,96.80,318.00,1,0,0
395,3.288,96.80,318.00,1,0,0
397,3.288,97.50,328.00,1,0,0
400,3.288,123.90,408.00,1,0,0
402,3.288,96.30,316.00,1,0,0
404,3.292,96.00,316.00,1,0,0
407,3.292,97.10,319.00,1,0,0
409,3.288,96.90,318.00,1,0,0
412,3.288,97.50,319.00,1,0,0
414,3.288,97.50,321.00,1,0,0
417,3.288,99.80,328.00,1,0,0
429,3.288,98.80,324.00,1,0,0
432,3.288,99.40,326.00,1,0,0
434,3.288,96.40,308.00,1,0,0
437,3.292,97.80,321.00,1,0,0
439,3.292,91.70,301.00,1,0,0
442,3.288,91.70,319.00,1,0,0
444,3.292,97.90,321.00,1,0,0
447,3.288,96.70,318.00,1,0,0
449,3.288,96.50,329.00,1,0,0
452,3.288,96.70,318.00,1,0,0
454,3.288,97.70,321.00,1,0,0
457,3.288,97.00,319.00,1,0,0
459,3.292,97.70,321.00,1,0,0
462,3.288,99.10,326.00,1,0,0
464,3.288,101.30,316.00,1,0,0
467,3.288,99.60,328.00,1,0,0
469,3.292,99.70,328.00,1,0,0
471,3.292,96.90,329.00,1,0,0
474,3.292,98.60,324.00,1,0,0
487,3.288,96.50,318.00,1,0,0
489,3.292,95.30,313.00,1,0,0
492,3.288,97.70,321.00,1,0,0
494,3.288,96.90,319.00,1,0,0
496,3.288,99.60,328.00,1,0,0
499,3.292,99.50,328.00,1,0,0
501,3.288,112.50,321.00,1,0,0
504,3.292,96.30,316.00,1,0,0
506,3.288,98.20,323.00,1,0,0
509,3.292,98.90,331.00,1,0,0
511,3.288,98.00,323.00,1,0,0
514,3.288,100.30,331.00,1,0,0
516,3.292,95.90,321.00,1,0,0
519,3.288,96.90,319.00,1,0,0
521,3.292,99.90,329.00,1,0,0
524,3.288,96.10,319.00,1,0,0
526,3.288,96.80,318.00,1,0,0
529,3.292,100.30,331.00,1,0,0
541,3.288,90.30,297.00,1,0,0
544,3.288,97.10,319.00,1,0,0
546,3.292,98.60,328.00,1,0,0
549,3.288,96.40,316.00,1,0,0
551,3.280,96.80,318.00,1,0,0
554,3.288,96.40,316.00,1,0,0
556,3.288,97.20,319.00,1,0,0
559,3.288,97.40,319.00,1,0,0
561,3.288,96.90,319.00,1,0,0
564,3.288,101.30,333.00,1,0,0
566,3.288,96.50,318.00,1,0,0
568,3.292,95.30,318.00,1,0,0
571,3.292,100.40,329.00,1,0,0
573,3.288,97.70,321.00,1,0,0
576,3.288,97.30,319.00,1,0,0
578,3.288,97.60,321.00,1,0,0
581,3.292,95.90,316.00,1,0,0
583,3.288,96.50,318.00,1,0,0
596,3.288,96.20,316.00,1,0,0
598,3.288,99.40,316.00,1,0,0
601,3.284,116.00,382.00,1,0,0
603,3.288,97.70,321.00,1,0,0
606,3.292,97.80,323.00,1,0,0
608,3.288,97.00,319.00,1,0,0
611,3.292,96.30,316.00,1,0,0
613,3.292,99.70,318.00,1,0,0
616,3.288,96.70,318.00,1,0,0
618,3.288,96.70,318.00,1,0,0
621,3.292,98.50,331.00,1,0,0
623,3.288,97.20,319.00,1,0,0
626,3.292,99.60,328.00,1,0,0
628,3.292,97.90,334.00,1,0,0
631,3.292,96.20,316.00,1,0,0
633,3.292,96.80,318.00,1,0,0
636,3.292,99.60,328.00,1,0,0
638,3.292,98.30,323.00,1,0,0
640,3.288,97.10,319.00,1,0,0
653,3.288,96.30,316.00,1,0,0
656,3.288,96.40,316.00,1,0,0
658,3.288,96.30,316.00,1,0,0
661,3.288,99.90,329.00,1,0,0
663,3.288,95.90,315.00,1,0,0
665,3.288,96.80,323.00,1,0,0
668,3.292,97.20,319.00,1,0,0
670,3.292,99.00,326.00,1,0,0
673,3.288,99.30,334.00,1,0,0
675,3.288,96.60,318.00,1,0,0
678,3.288,99.50,328.00,1,0,0
680,3.292,99.50,318.00,1,0,0
683,3.292,96.70,318.00,1,0,0
685,3.288,97.10,319.00,1,0,0
688,3.288,101.80,319.00,1,0,0
690,3.288,96.50,318.00,1,0,0
693,3.292,96.40,318.00,1,0,0
695,3.292,96.00,318.00,1,0,0
698,3.292,100.80,318.00,1,0,0
710,3.288,96.10,315.00,1,0,0
713,3.288,96.30,316.00,1,0,0
715,3.288,97.20,319.00,1,0,0
718,3.288,98.20,328.00,1,0,0
720,3.292,99.50,328.00,1,0,0
723,3.288,97.50,321.00,1,0,0
725,3.288,95.90,316.00,1,0,0
728,3.292,96.50,318.00,1,0,0
730,3.292,97.20,319.00,1,0,0
732,3.288,98.10,323.00,1,0,0
735,3.292,100.60,331.00,1,0,0
737,3.288,97.20,319.00,1,0,0
740,3.288,100.00,316.00,1,0,0
742,3.288,96.20,316.00,1,0,0
745,3.292,95.50,315.00,1,0,0
747,3.288,90.10,297.00,1,0,0
750,3.292,95.20,316.00,1,0,0
752,3.288,98.20,323.00,1,0,0
765,3.292,98.30,323.00,1,0,0
767,3.288,97.20,319.00,1,0,0
770,3.288,98.40,319.00,1,0,0
772,3.288,96.40,316.00,1,0,0
775,3.288,101.40,334.00,1,0,0
777,3.288,96.00,315.00,1,0,0
780,3.288,97.00,319.00,1,0,0
782,3.288,97.90,321.00,1,0,0
785,3.292,96.90,324.00,1,0,0
787,3.288,96.60,318.00,1,0,0
790,3.288,96.40,316.00,1,0,0
792,3.288,95.70,316.00,1,0,0
795,3.292,96.50,318.00,1,0,0
797,3.288,97.00,319.00,1,0,0
799,3.288,96.00,324.00,1,0,0
802,3.288,96.80,318.00,1,0,0
804,3.288,103.50,339.00,1,0,0
807,3.284,98.00,323.00,1,0,0
820,3.288,97.10,319.00,1,0,0
822,3.288,96.70,316.00,1,0,0
825,3.288,97.00,319.00,1,0,0
827,3.288,97.00,319.00,1,0,0
829,3.288,95.60,326.00,1,0,0
832,3.292,96.90,318.00,1,0,0
834,3.288,100.20,329.00,1,0,0
837,3.288,97.00,329.00,1,0,0
839,3.292,96.10,316.00,1,0,0
842,3.288,96.40,316.00,1,0,0
844,3.292,96.90,319.00,1,0,0
847,3.288,97.10,319.00,1,0,0
849,3.292,89.90,295.00,1,0,0
852,3.288,96.40,328.00,1,0,0
854,3.292,120.00,395.00,1,0,0
857,3.284,96.00,316.00,1,0,0
859,3.288,96.20,323.00,1,0,0
862,3.288,96.10,316.00,1,0,0
874,3.292,100.30,329.00,1,0,0
877,3.288,97.30,321.00,1,0,0
879,3.292,97.50,321.00,1,0,0
882,3.292,98.40,328.00,1,0,0
884,3.288,99.80,329.00,1,0,0
887,3.292,96.90,318.00,1,0,0
889,3.292,100.20,323.00,1,0,0
892,3.292,100.00,329.00,1,0,0
894,3.292,97.90,321.00,1,0,0
897,3.288,96.50,326.00,1,0,0
899,3.292,97.40,321.00,1,0,0
901,3.292,99.80,329.00,1,0,0
904,3.292,99.40,349.00,1,0,0
906,3.292,100.40,331.00,1,0,0
909,3.288,95.30,313.00,1,0,0
911,3.288,97.90,319.00,1,0,0
914,3.288,96.40,316.00,1,0,0
916,3.288,96.50,318.00,1,0,0
929,3.292,97.30,319.00,1,0,0
931,3.288,99.10,326.00,1,0,0
934,3.292,100.20,328.00,1,0,0
936,3.292,97.00,319.00,1,0,0
939,3.288,96.40,318.00,1,0,0
941,3.292,96.90,318.00,1,0,0
944,3.288,97.70,321.00,1,0,0
946,3.288,96.90,318.00,1,0,0
949,3.288,97.10,316.00,1,0,0
951,3.288,90.30,297.00,1,0,0
954,3.288,93.50,308.00,1,0,0
956,3.292,116.70,324.00,1,0,0
959,3.292,97.80,321.00,1,0,0
961,3.288,88.80,292.00,1,0,0
964,3.288,96.50,316.00,1,0,0
966,3.288,99.70,328.00,1,0,0
968,3.292,99.60,328.00,1,0,0
971,3.288,96.10,318.00,1,0,0
984,3.288,96.80,318.00,1,0,0
986,3.288,97.10,326.00,1,0,0
989,3.292,97.70,321.00,1,0,0
991,3.292,96.70,318.00,1,0,0
994,3.288,99.00,328.00,1,0,0
996,3.292,97.40,319.00,1,0,0
998,3.288,96.50,318.00,1,0,0
1001,3.292,96.10,328.00,1,0,0
1003,3.292,96.20,316.00,1,0,0
1006,3.280,96.50,318.00,1,0,0
1008,3.292,98.60,323.00,1,0,0
1011,3.292,97.90,321.00,1,0,0
1013,3.288,96.50,318.00,1,0,0
1016,3.292,96.60,316.00,1,0,0
1018,3.292,96.10,316.00,1,0,0
1021,3.292,97.00,319.00,1,0,0
1023,3.288,97.00,321.00,1,0,0
1036,3.292,99.90,329.00,1,0,0
1038,3.288,96.40,318.00,1,0,0
1041,3.292,97.40,321.00,1,0,0
1043,3.288,100.10,329.00,1,0,0
1046,3.292,97.30,324.00,1,0,0
1048,3.288,100.40,331.00,1,0,0
1051,3.292,99.90,329.00,1,0,0
1053,3.292,96.60,306.00,1,0,0
1056,3.288,90.10,295.00,1,0,0
1058,3.288,96.90,319.00,1,0,0
1061,3.292,96.80,318.00,1,0,0
1063,3.292,96.00,316.00,1,0,0
1065,3.288,96.30,316.00,1,0,0
1068,3.288,96.20,321.00,1,0,0
1070,3.292,97.90,323.00,1,0,0
1073,3.292,93.70,308.00,1,0,0
1086,3.292,96.50,318.00,1,0,0
1088,3.292,97.00,319.00,1,0,0
1091,3.288,97.50,321.00,1,0,0
1093,3.288,95.80,315.00,1,0,0
1095,3.292,100.10,329.00,1,0,0
1098,3.292,96.80,316.00,1,0,0
1100,3.292,96.80,318.00,1,0,0
1103,3.288,97.60,321.00,1,0,0
1105,3.292,121.50,316.00,1,0,0
1108,3.288,100.60,331.00,1,0,0
1110,3.292,97.10,319.00,1,0,0
1113,3.292,97.80,318.00,1,0,0
1115,3.292,96.10,316.00,1,0,0
1118,3.288,97.10,319.00,1,0,0
1120,3.288,97.10,319.00,1,0,0
1123,3.288,96.60,318.00,1,0,0
1135,3.292,98.20,323.00,1,0,0
1138,3.288,96.50,318.00,1,0,0
1140,3.292,100.20,318.00,1,0,0
1143,3.288,100.80,333.00,1,0,0
1145,3.292,96.60,318.00,1,0,0
1148,3.288,95.90,318.00,1,0,0
1150,3.292,96.90,318.00,1,0,0
1153,3.288,99.80,328.00,1,0,0
1155,3.288,118.10,388.00,1,0,0
1158,3.288,91.80,321.00,1,0,0
1160,3.288,100.20,329.00,1,0,0
1163,3.292,99.00,326.00,1,0,0
1165,3.288,97.60,318.00,1,0,0
1167,3.288,96.80,318.00,1,0,0
1170,3.288,98.90,324.00,1,0,0
1183,3.292,97.40,321.00,1,0,0
1185,3.288,97.30,324.00,1,0,0
1188,3.288,98.60,324.00,1,0,0
1190,3.292,96.90,319.00,1,0,0
1193,3.292,96.00,319.00,1,0,0
1195,3.292,96.10,316.00,1,0,0
1197,3.288,97.20,319.00,1,0,0
1200,3.292,99.60,318.00,1,0,0
1202,3.288,96.60,318.00,1,0,0
1205,3.288,120.00,395.00,1,0,0
1207,3.288,96.00,319.00,1,0,0
1210,3.292,99.00,316.00,1,0,0
1212,3.292,98.30,323.00,1,0,0
1215,3.288,96.70,318.00,1,0,0
1217,3.292,94.70,321.00,1,0,0
1220,3.288,97.60,321.00,1,0,0
1232,3.288,98.10,323.00,1,0,0
1235,3.292,97.30,319.00,1,0,0
1237,3.288,96.80,321.00,1,0,0
1240,3.292,96.50,318.00,1,0,0
1242,3.292,96.10,316.00,1,0,0
1245,3.288,96.20,316.00,1,0,0
1247,3.288,97.60,321.00,1,0,0
1250,3.288,97.40,319.00,1,0,0
1252,3.292,100.00,326.00,1,0,0
1255,3.292,115.60,380.00,1,0,0
1257,3.292,90.20,297.00,1,0,0
1260,3.292,97.00,316.00,1,0,0
1262,3.288,96.50,318.00,1,0,0
1264,3.288,96.60,318.00,1,0,0
1267,3.292,97.00,318.00,1,0,0
1269,3.292,96.50,318.00,1,0,0
1282,3.292,97.00,321.00,1,0,0
1285,3.288,96.80,318.00,1,0,0
1287,3.288,100.90,331.00,1,0,0
1290,3.288,98.60,319.00,1,0,0
1292,3.288,100.10,329.00,1,0,0
1294,3.288,96.90,319.00,1,0,0
1297,3.288,97.10,321.00,1,0,0
1299,3.292,97.30,319.00,1,0,0
1302,3.288,97.30,319.00,1,0,0
1304,3.292,96.10,352.00,1,0,0
1307,3.292,91.90,301.00,1,0,0
1309,3.288,96.30,316.00,1,0,0
1312,3.292,96.50,331.00,1,0,0
1314,3.288,97.10,319.00,1,0,0
1317,3.292,100.20,329.00,1,0,0
1319,3.288,96.60,329.00,1,0,0
1332,3.292,100.10,329.00,1,0,0
1334,3.292,97.10,324.00,1,0,0
1337,3.292,96.00,316.00,1,0,0
1339,3.292,96.00,316.00,1,0,0
1342,3.292,96.40,319.00,1,0,0
1344,3.292,97.70,321.00,1,0,0
1347,3.288,98.30,323.00,1,0,0
1349,3.288,97.10,321.00,1,0,0
1352,3.288,96.30,316.00,1,0,0
1354,3.292,95.40,313.00,1,0,0
1357,3.288,97.00,318.00,1,0,0
1359,3.288,96.50,318.00,1,0,0
1361,3.288,90.30,297.00,1,0,0
1364,3.288,97.00,326.00,1,0,0
1366,3.292,96.50,318.00,1,0,0
1369,3.288,97.20,319.00,1,0,0
1382,3.288,97.20,319.00,1,0,0
1384,3.288,96.60,318.00,1,0,0
1387,3.288,97.50,319.00,1,0,0
1389,3.288,98.80,324.00,1,0,0
1391,3.292,96.70,318.00,1,0,0
1394,3.292,96.90,319.00,1,0,0
1396,3.288,97.30,319.00,1,0,0
1399,3.288,97.20,319.00,1,0,0
1401,3.288,97.10,318.00,1,0,0
1404,3.288,96.20,315.00,1,0,0
1406,3.288,97.20,319.00,1,0,0
1409,3.288,96.50,321.00,1,0,0
1411,3.292,97.20,319.00,1,0,0
1414,3.288,97.00,319.00,1,0,0
1416,3.288,99.80,318.00,1,0,0
1419,3.288,99.40,328.00,1,0,0
1431,3.288,97.60,321.00,1,0,0
1434,3.292,99.50,328.00,1,0,0
1436,3.292,96.20,316.00,1,0,0
1439,3.292,96.60,316.00,1,0,0
1441,3.288,97.20,319.00,1,0,0
1444,3.288,96.70,318.00,1,0,0
1446,3.292,100.20,319.00,1,0,0
1449,3.288,99.00,326.00,1,0,0
1451,3.292,96.00,316.00,1,0,0
1454,3.292,100.40,326.00,1,0,0
1456,3.272,98.00,323.00,1,0,0
1459,3.292,97.10,319.00,1,0,0
1461,3.292,97.80,331.00,1,0,0
1463,3.292,90.60,298.00,1,0,0
1466,3.288,96.10,316.00,1,0,0
1468,3.292,96.10,313.00,1,0,0
1481,3.292,97.00,328.00,1,0,0
1484,3.292,98.40,324.00,1,0,0
1486,3.288,96.20,316.00,1,0,0
1488,3.292,95.90,321.00,1,0,0
1491,3.292,93.90,321.00,1,0,0
1493,3.292,98.50,324.00,1,0,0
1496,3.292,96.70,318.00,1,0,0
1498,3.292,100.10,318.00,1,0,0
1501,3.288,97.10,319.00,1,0,0
1503,3.292,92.10,303.00,1,0,0
1506,3.284,98.00,321.00,1,0,0
1508,3.292,97.10,319.00,1,0,0
1511,3.288,97.00,319.00,1,0,0
1513,3.288,96.40,316.00,1,0,0
1516,3.276,96.70,318.00,1,0,0
1518,3.292,99.60,328.00,1,0,0
1531,3.292,99.60,328.00,1,0,0
1533,3.292,98.50,316.00,1,0,0
1536,3.292,97.50,321.00,1,0,0
1538,3.288,96.40,316.00,1,0,0
1541,3.292,97.00,324.00,1,0,0
1543,3.288,97.10,319.00,1,0,0
1546,3.292,100.50,331.00,1,0,0
1548,3.288,96.50,324.00,1,0,0
1551,3.288,96.10,329.00,1,0,0
1553,3.292,97.50,321.00,1,0,0
1556,3.272,96.40,316.00,1,0,0
1558,3.292,98.40,323.00,1,0,0
1560,3.288,99.70,328.00,1,0,0
1563,3.292,100.20,329.00,1,0,0
1565,3.288,95.90,297.00,1,0,0
1568,3.288,93.90,310.00,1,0,0
1581,3.288,96.70,318.00,1,0,0
1583,3.288,97.40,319.00,1,0,0
1585,3.292,97.00,318.00,1,0,0
1588,3.292,98.60,324.00,1,0,0
1590,3.288,98.20,323.00,1,0,0
1593,3.288,97.70,329.00,1,0,0
1595,3.288,98.60,324.00,1,0,0
1598,3.292,96.50,318.00,1,0,0
1600,3.288,96.50,318.00,1,0,0
1603,3.292,97.90,321.00,1,0,0
1605,3.288,96.40,316.00,1,0,0
1608,3.288,98.40,324.00,1,0,0
1610,3.292,99.30,319.00,1,0,0
1613,3.292,96.60,318.00,1,0,0
1615,3.292,96.10,316.00,1,0,0
1618,3.292,99.80,328.00,1,0,0
1630,3.288,96.10,316.00,1,0,0
1633,3.292,96.70,318.00,1,0,0
1635,3.288,96.90,319.00,1,0,0
1638,3.296,99.50,329.00,1,0,0
1640,3.288,100.60,331.00,1,0,0
1643,3.292,99.00,326.00,1,0,0
1645,3.292,96.20,316.00,1,0,0
1648,3.288,96.00,316.00,1,0,0
1650,3.292,96.40,318.00,1,0,0
1653,3.292,98.90,324.00,1,0,0
1655,3.292,96.50,318.00,1,0,0
1657,3.292,98.80,326.00,1,0,0
1660,3.292,96.10,323.00,1,0,0
1662,3.292,96.70,318.00,1,0,0
1665,3.292,99.70,328.00,1,0,0
1667,3.292,90.40,298.00,1,0,0
1680,3.292,95.10,313.00,1,0,0
1682,3.288,97.00,328.00,1,0,0
1685,3.288,98.80,326.00,1,0,0
1687,3.288,99.20,326.00,1,0,0
1690,3.292,97.50,323.00,1,0,0
1692,3.292,96.00,316.00,1,0,0
1695,3.292,96.90,319.00,1,0,0
1697,3.292,96.50,319.00,1,0,0
1700,3.292,96.90,319.00,1,0,0
1702,3.292,98.00,323.00,1,0,0
1705,3.292,98.00,319.00,1,0,0
1707,3.292,97.00,318.00,1,0,0
1710,3.288,98.30,324.00,1,0,0
1712,3.292,96.80,318.00,1,0,0
1715,3.292,97.10,319.00,1,0,0
1717,3.292,97.30,321.00,1,0,0
1730,3.292,96.50,318.00,1,0,0
1732,3.292,96.80,318.00,1,0,0
1735,3.292,99.40,318.00,1,0,0
1737,3.288,97.50,321.00,1,0,0
1740,3.288,97.00,319.00,1,0,0
1742,3.292,96.00,316.00,1,0,0
1745,3.292,96.30,316.00,1,0,0
1747,3.292,96.30,316.00,1,0,0
1750,3.292,96.40,318.00,1,0,0
1752,3.288,96.50,318.00,1,0,0
1754,3.288,99.30,326.00,1,0,0
1757,3.292,97.80,323.00,1,0,0
1759,3.292,96.30,316.00,1,0,0
1762,3.292,96.20,316.00,1,0,0
1764,3.288,96.80,316.00,1,0,0
1767,3.288,94.50,311.00,1,0,0
1780,3.292,96.30,318.00,1,0,0
1782,3.288,97.10,319.00,1,0,0
1784,3.292,96.90,318.00,1,0,0
1787,3.288,97.10,318.00,1,0,0
1789,3.288,95.90,316.00,1,0,0
1792,3.292,96.80,318.00,1,0,0
1794,3.292,96.20,318.00,1,0,0
1797,3.288,98.30,323.00,1,0,0
1799,3.292,98.20,323.00,1,0,0
1802,3.288,99.10,319.00,1,0,0
1804,3.288,105.40,346.00,1,0,0
1807,3.276,96.60,318.00,1,0,0
1809,3.288,96.50,316.00,1,0,0
1812,3.292,94.90,311.00,1,0,0
1814,3.288,98.50,324.00,1,0,0
1817,3.292,96.50,318.00,1,0,0
1829,3.288,96.50,319.00,1,0,0
1832,3.292,98.10,323.00,1,0,0
1834,3.292,97.20,319.00,1,0,0
1837,3.292,97.00,316.00,1,0,0
1839,3.288,96.40,316.00,1,0,0
1842,3.288,96.00,316.00,1,0,0
1844,3.292,96.50,318.00,1,0,0
1847,3.292,99.80,319.00,1,0,0
1849,3.288,97.20,319.00,1,0,0
1852,3.288,96.60,318.00,1,0,0
1854,3.292,100.10,352.00,1,0,0
1856,3.292,115.40,380.00,1,0,0
1859,3.288,95.30,313.00,1,0,0
1861,3.288,96.60,319.00,1,0,0
1864,3.292,97.90,321.00,1,0,0
1866,3.292,96.60,318.00,1,0,0
1879,3.288,97.80,321.00,1,0,0
1881,3.292,97.30,316.00,1,0,0
1884,3.288,96.50,318.00,1,0,0
1886,3.288,96.40,316.00,1,0,0
1889,3.288,96.00,316.00,1,0,0
1891,3.292,96.20,318.00,1,0,0
1894,3.288,96.90,319.00,1,0,0
1896,3.292,97.00,319.00,1,0,0
1899,3.288,100.50,319.00,1,0,0
1901,3.288,97.00,319.00,1,0,0
1904,3.288,96.20,316.00,1,0,0
1906,3.288,96.50,328.00,1,0,0
1909,3.292,96.20,316.00,1,0,0
1911,3.292,97.80,321.00,1,0,0
1914,3.288,97.30,319.00,1,0,0
1916,3.288,97.20,319.00,1,0,0
1929,3.292,96.90,318.00,1,0,0
1931,3.288,97.20,319.00,1,0,0
1934,3.292,101.70,318.00,1,0,0
1936,3.292,96.70,318.00,1,0,0
1939,3.292,96.80,318.00,1,0,0
1941,3.292,96.80,321.00,1,0,0
1944,3.292,99.10,326.00,1,0,0
1946,3.288,97.20,319.00,1,0,0
1949,3.292,97.10,326.00,1,0,0
1951,3.292,96.10,318.00,1,0,0
1953,3.292,99.50,328.00,1,0,0
1956,3.288,96.60,318.00,1,0,0
1958,3.292,96.40,318.00,1,0,0
1961,3.288,97.50,321.00,1,0,0
1963,3.288,99.90,329.00,1,0,0
1966,3.292,97.10,323.00,1,0,0
1978,3.288,99.10,329.00,1,0,0
1981,3.292,99.00,326.00,1,0,0
1983,3.288,96.10,316.00,1,0,0
1986,3.288,96.50,318.00,1,0,0
1988,3.292,96.10,316.00,1,0,0
1991,3.292,96.90,319.00,1,0,0
1993,3.292,98.50,318.00,1,0,0
1996,3.288,97.00,319.00,1,0,0
1998,3.292,96.10,316.00,1,0,0
2001,3.292,96.20,316.00,1,0,0
2003,3.292,96.20,316.00,1,0,0
2006,3.292,96.90,318.00,1,0,0
2008,3.292,93.70,308.00,1,0,0
2011,3.292,97.70,319.00,1,0,0
2013,3.292,96.80,318.00,1,0,0
2016,3.288,99.20,326.00,1,0,0
2028,3.288,97.40,321.00,1,0,0
2031,3.292,99.60,328.00,1,0,0
2033,3.292,96.40,318.00,1,0,0
2036,3.292,96.10,316.00,1,0,0
2038,3.292,96.60,323.00,1,0,0
2041,3.292,96.50,318.00,1,0,0
2043,3.292,96.90,318.00,1,0,0
2046,3.288,97.80,318.00,1,0,0
2048,3.288,99.80,329.00,1,0,0
2050,3.292,95.90,316.00,1,0,0
2053,3.292,96.30,318.00,1,0,0
2055,3.292,98.40,324.00,1,0,0
2058,3.292,97.20,319.00,1,0,0
2060,3.292,96.60,318.00,1,0,0
2063,3.288,97.60,318.00,1,0,0
2065,3.288,96.50,318.00,1,0,0
2078,3.292,90.90,298.00,1,0,0
2080,3.292,95.00,313.00,1,0,0
2083,3.292,96.00,316.00,1,0,0
2090,3.288,96.10,315.00,1,0,0
2093,3.288,98.40,324.00,1,0,0
2095,3.288,96.80,318.00,1,0,0
2098,3.292,96.20,318.00,1,0,0
2100,3.288,96.40,318.00,1,0,0
2103,3.292,98.00,323.00,1,0,0
2105,3.288,104.70,344.00,1,0,0
2108,3.292,117.40,321.00,1,0,0
2110,3.288,97.40,321.00,1,0,0
2112,3.292,97.20,319.00,1,0,0
2115,3.292,99.80,318.00,1,0,0
2117,3.288,97.40,319.00,1,0,0
2120,3.292,98.40,324.00,1,0,0
2122,3.288,97.60,321.00,1,0,0
2125,3.288,96.30,316.00,1,0,0
2127,3.292,94.90,313.00,1,0,0
2140,3.288,99.40,328.00,1,0,0
2142,3.292,95.10,319.00,1,0,0
2145,3.288,95.90,316.00,1,0,0
2147,3.292,96.20,316.00,1,0,0
2150,3.296,100.90,321.00,1,0,0
2152,3.292,99.60,328.00,1,0,0
2155,3.288,122.30,401.00,1,0,0
2157,3.288,98.80,328.00,1,0,0
2160,3.288,96.30,316.00,1,0,0
2162,3.292,100.00,329.00,1,0,0
2165,3.292,98.40,324.00,1,0,0
2167,3.288,97.20,321.00,1,0,0
2170,3.292,98.90,326.00,1,0,0
2172,3.292,96.90,318.00,1,0,0
2175,3.292,97.90,316.00,1,0,0
2177,3.288,96.50,318.00,1,0,0
2190,3.292,89.00,293.00,1,0,0
2192,3.292,97.10,319.00,1,0,0
2195,3.288,96.20,318.00,1,0,0
2197,3.292,97.40,319.00,1,0,0
2200,3.288,96.70,318.00,1,0,0
2202,3.288,98.00,315.00,1,0,0
2205,3.288,127.40,419.00,1,0,0
2207,3.288,97.40,319.00,1,0,0
2209,3.292,98.80,293.00,1,0,0
2212,3.292,96.20,316.00,1,0,0
2214,3.292,96.60,318.00,1,0,0
2217,3.292,97.20,319.00,1,0,0
2219,3.292,98.20,319.00,1,0,0
2222,3.288,97.10,319.00,1,0,0
2224,3.292,97.00,319.00,1,0,0
2227,3.292,96.50,318.00,1,0,0
2239,3.292,96.50,336.00,1,0,0
2242,3.288,96.70,318.00,1,0,0
2244,3.292,96.60,318.00,1,0,0
2247,3.288,97.00,323.00,1,0,0
2249,3.292,97.80,323.00,1,0,0
2252,3.288,97.70,321.00,1,0,0
2254,3.288,98.40,308.00,1,0,0
2257,3.288,97.80,323.00,1,0,0
2259,3.288,96.30,316.00,1,0,0
2262,3.292,99.20,318.00,1,0,0
2264,3.292,97.20,319.00,1,0,0
2267,3.292,97.60,321.00,1,0,0
2269,3.288,97.20,326.00,1,0,0
2272,3.292,96.60,318.00,1,0,0
2274,3.292,96.00,316.00,1,0,0
2277,3.292,96.90,319.00,1,0,0
2289,3.292,96.00,316.00,1,0,0
2292,3.292,99.10,293.00,1,0,0
2294,3.292,95.10,313.00,1,0,0
2297,3.288,96.50,318.00,1,0,0
2299,3.292,97.50,323.00,1,0,0
2302,3.288,97.30,319.00,1,0,0
2304,3.288,97.80,321.00,1,0,0
2306,3.288,97.90,316.00,1,0,0
2309,3.288,96.40,316.00,1,0,0
2311,3.292,90.30,297.00,1,0,0
2314,3.292,97.40,321.00,1,0,0
2316,3.292,99.60,328.00,1,0,0
2319,3.292,98.80,326.00,1,0,0
2321,3.292,97.10,334.00,1,0,0
2324,3.292,96.60,318.00,1,0,0
2326,3.292,97.30,321.00,1,0,0
2339,3.288,97.60,321.00,1,0,0
2341,3.288,96.50,318.00,1,0,0
2344,3.292,96.60,318.00,1,0,0
2346,3.292,97.30,319.00,1,0,0
2349,3.288,97.90,321.00,1,0,0
2351,3.288,97.50,323.00,1,0,0
2354,3.288,95.60,315.00,1,0,0
2356,3.288,97.60,321.00,1,0,0
2359,3.292,91.10,288.00,1,0,0
2361,3.292,96.20,316.00,1,0,0
2364,3.288,98.00,323.00,1,0,0
2366,3.288,100.20,319.00,1,0,0
2369,3.292,97.00,319.00,1,0,0
2371,3.292,96.30,316.00,1,0,0
2374,3.292,96.70,318.00,1,0,0
2376,3.292,96.90,318.00,1,0,0
2389,3.292,101.40,316.00,1,0,0
2391,3.292,96.60,318.00,1,0,0
2394,3.292,97.60,321.00,1,0,0
2396,3.292,89.80,318.00,1,0,0
2399,3.288,106.20,349.00,1,0,0
2401,3.288,98.20,323.00,1,0,0
2403,3.288,96.30,313.00,1,0,0
2406,3.280,98.00,323.00,1,0,0
2408,3.292,96.10,316.00,1,0,0
2411,3.292,97.00,326.00,1,0,0
2413,3.288,99.60,328.00,1,0,0
2416,3.288,97.00,319.00,1,0,0
2418,3.292,96.60,306.00,1,0,0
2421,3.292,100.50,331.00,1,0,0
2423,3.292,97.10,319.00,1,0,0
2436,3.292,100.10,329.00,1,0,0
2438,3.292,96.10,316.00,1,0,0
2441,3.288,97.40,323.00,1,0,0
2443,3.288,100.70,331.00,1,0,0
2446,3.288,96.60,318.00,1,0,0
2448,3.288,97.00,318.00,1,0,0
2451,3.288,96.60,318.00,1,0,0
2453,3.292,97.60,321.00,1,0,0
2456,3.276,270.00,321.00,1,0,0
2458,3.288,96.80,318.00,1,0,0
2461,3.288,99.30,328.00,1,0,0
2463,3.288,97.30,321.00,1,0,0
2466,3.288,97.60,321.00,1,0,0
2468,3.292,96.80,318.00,1,0,0
2470,3.288,96.60,316.00,1,0,0
2473,3.292,96.60,318.00,1,0,0
2486,3.288,95.90,315.00,1,0,0
2488,3.288,90.30,297.00,1,0,0
2491,3.292,97.90,319.00,1,0,0
2493,3.288,96.90,318.00,1,0,0
2496,3.288,97.90,323.00,1,0,0
2498,3.292,96.70,318.00,1,0,0
2500,3.288,96.70,316.00,1,0,0
2503,3.288,96.10,316.00,1,0,0
2505,3.284,114.80,377.00,1,0,0
2508,3.292,99.10,318.00,1,0,0
2510,3.288,97.60,321.00,1,0,0
2513,3.288,97.20,319.00,1,0,0
2515,3.292,96.30,334.00,1,0,0
2518,3.292,97.30,321.00,1,0,0
2520,3.292,96.60,318.00,1,0,0
2523,3.288,100.50,323.00,1,0,0
2535,3.288,96.50,316.00,1,0,0
2538,3.288,96.70,318.00,1,0,0
2540,3.288,98.80,326.00,1,0,0
2543,3.292,99.10,328.00,1,0,0
2545,3.288,99.80,329.00,1,0,0
2548,3.288,96.10,316.00,1,0,0
2550,3.296,96.40,316.00,1,0,0
2553,3.292,99.20,326.00,1,0,0
2555,3.292,100.50,331.00,1,0,0
2558,3.288,98.90,324.00,1,0,0
2560,3.288,96.60,331.00,1,0,0
2563,3.296,96.10,316.00,1,0,0
2565,3.292,96.50,318.00,1,0,0
2568,3.288,98.30,316.00,1,0,0
2570,3.292,100.60,331.00,1,0,0
2572,3.288,97.00,319.00,1,0,0
2585,3.292,96.70,318.00,1,0,0
2588,3.288,96.50,319.00,1,0,0
2590,3.288,90.00,297.00,1,0,0
2593,3.288,100.70,331.00,1,0,0
2595,3.292,96.80,316.00,1,0,0
2597,3.288,99.60,328.00,1,0,0
2600,3.292,89.10,293.00,1,0,0
2602,3.288,95.90,316.00,1,0,0
2605,3.288,96.30,316.00,1,0,0
2607,3.288,96.80,318.00,1,0,0
2610,3.296,96.80,318.00,1,0,0
2612,3.292,100.00,318.00,1,0,0
2615,3.292,99.90,329.00,1,0,0
2617,3.292,96.10,316.00,1,0,0
2620,3.288,96.90,313.00,1,0,0
2622,3.292,97.30,319.00,1,0,0
2635,3.288,96.30,316.00,1,0,0
2637,3.292,96.50,318.00,1,0,0
2640,3.288,97.70,333.00,1,0,0
2642,3.288,98.90,326.00,1,0,0
2645,3.288,96.70,318.00,1,0,0
2647,3.292,96.40,329.00,1,0,0
2650,3.292,96.60,318.00,1,0,0
2652,3.288,96.90,319.00,1,0,0
2655,3.292,100.00,328.00,1,0,0
2657,3.276,97.10,319.00,1,0,0
2660,3.288,98.30,324.00,1,0,0
2662,3.292,96.40,333.00,1,0,0
2665,3.292,96.10,316.00,1,0,0
2667,3.292,97.90,321.00,1,0,0
2669,3.288,98.10,323.00,1,0,0
2672,3.288,97.40,319.00,1,0,0
2685,3.288,96.80,321.00,1,0,0
2687,3.292,100.70,331.00,1,0,0
2690,3.288,99.60,328.00,1,0,0
2692,3.288,97.50,297.00,1,0,0
2694,3.288,95.90,316.00,1,0,0
2697,3.288,96.50,318.00,1,0,0
2699,3.292,96.50,318.00,1,0,0
2702,3.288,96.50,318.00,1,0,0
2704,3.288,96.40,316.00,1,0,0
2707,3.288,96.40,321.00,1,0,0
2709,3.288,96.10,316.00,1,0,0
2712,3.292,96.20,316.00,1,0,0
2714,3.288,97.60,318.00,1,0,0
2717,3.288,100.00,329.00,1,0,0
2719,3.292,97.40,319.00,1,0,0
2722,3.288,97.80,321.00,1,0,0
2734,3.292,97.40,321.00,1,0,0
2737,3.288,97.00,324.00,1,0,0
2739,3.288,96.60,318.00,1,0,0
2742,3.288,96.20,316.00,1,0,0
2744,3.292,96.10,315.00,1,0,0
2747,3.292,99.10,326.00,1,0,0
2749,3.292,97.50,321.00,1,0,0
2752,3.292,97.50,319.00,1,0,0
2754,3.288,99.90,328.00,1,0,0
2757,3.288,96.30,316.00,1,0,0
2759,3.292,96.40,316.00,1,0,0
2762,3.292,98.20,323.00,1,0,0
2764,3.292,96.50,318.00,1,0,0
2766,3.292,97.70,321.00,1,0,0
2769,3.288,98.00,323.00,1,0,0
2771,3.288,95.50,315.00,1,0,0
2784,3.292,97.30,319.00,1,0,0
2787,3.292,99.80,329.00,1,0,0
2789,3.288,96.90,316.00,1,0,0
2791,3.288,96.20,316.00,1,0,0
2794,3.292,96.20,316.00,1,0,0
2796,3.288,90.20,318.00,1,0,0
2799,3.292,97.60,321.00,1,0,0
2801,3.292,99.60,328.00,1,0,0
2804,3.288,92.80,295.00,1,0,0
2806,3.292,102.40,338.00,1,0,0
2809,3.284,110.60,364.00,1,0,0
2811,3.288,96.60,321.00,1,0,0
2814,3.292,97.00,319.00,1,0,0
2816,3.288,97.90,321.00,1,0,0
2819,3.288,100.30,328.00,1,0,0
2821,3.292,99.80,329.00,1,0,0
2834,3.288,98.70,329.00,1,0,0
2836,3.288,99.80,329.00,1,0,0
2839,3.288,96.90,319.00,1,0,0
2841,3.292,97.30,318.00,1,0,0
2844,3.288,96.60,318.00,1,0,0
2846,3.292,97.30,319.00,1,0,0
2849,3.288,98.80,319.00,1,0,0
2851,3.288,98.90,326.00,1,0,0
2854,3.292,99.80,329.00,1,0,0
2856,3.292,99.60,316.00,1,0,0
2859,3.292,96.30,316.00,1,0,0
2861,3.288,98.50,324.00,1,0,0
2863,3.292,97.30,319.00,1,0,0
2866,3.292,98.00,323.00,1,0,0
2868,3.292,99.30,328.00,1,0,0
2871,3.288,96.40,318.00,1,0,0
2884,3.288,99.10,323.00,1,0,0
2886,3.292,98.10,323.00,1,0,0
2889,3.292,98.80,326.00,1,0,0
2891,3.292,99.90,329.00,1,0,0
2893,3.292,100.30,321.00,1,0,0
2896,3.288,90.20,297.00,1,0,0
2898,3.288,97.60,321.00,1,0,0
2901,3.292,96.00,319.00,1,0,0
2903,3.288,96.60,318.00,1,0,0
2906,3.292,96.10,316.00,1,0,0
2908,3.292,98.50,316.00,1,0,0
2911,3.288,96.10,316.00,1,0,0
2913,3.288,99.10,326.00,1,0,0
2916,3.288,97.00,319.00,1,0,0
2918,3.288,98.20,323.00,1,0,0
2921,3.292,100.70,331.00,1,0,0
2933,3.288,97.00,319.00,1,0,0
2936,3.292,99.20,326.00,1,0,0
2938,3.292,96.20,316.00,1,0,0
2941,3.288,96.20,316.00,1,0,0
2943,3.288,96.40,318.00,1,0,0
2946,3.288,97.40,319.00,1,0,0
2948,3.288,97.10,319.00,1,0,0
2951,3.292,97.10,319.00,1,0,0
2953,3.292,96.10,318.00,1,0,0
2956,3.292,96.00,316.00,1,0,0
2958,3.292,97.60,321.00,1,0,0
2960,3.288,120.10,324.00,1,0,0
2963,3.288,96.60,318.00,1,0,0
2965,3.292,97.00,319.00,1,0,0
2968,3.288,97.50,310.00,1,0,0
2970,3.288,97.10,319.00,1,0,0
2983,3.288,100.00,329.00,1,0,0
2986,3.292,100.40,331.00,1,0,0
2988,3.292,95.90,318.00,1,0,0
2990,3.292,97.60,321.00,1,0,0
2993,3.292,99.80,329.00,1,0,0
2995,3.288,98.00,318.00,1,0,0
2998,3.288,96.90,319.00,1,0,0
3000,3.292,90.60,298.00,1,0,0
3003,3.288,96.20,316.00,1,0,0
3005,3.288,96.50,318.00,1,0,0
3008,3.292,95.60,315.00,1,0,0
3010,3.288,94.60,311.00,1,0,0
3013,3.288,96.60,383.00,1,0,0
3015,3.292,99.80,329.00,1,0,0
3018,3.292,98.00,323.00,1,0,0
3020,3.292,97.40,319.00,1,0,0
3033,3.292,100.20,329.00,1,0,0
3035,3.292,96.20,316.00,1,0,0
3038,3.292,99.40,326.00,1,0,0
3040,3.288,96.80,319.00,1,0,0
3043,3.292,98.50,324.00,1,0,0
3045,3.288,96.50,318.00,1,0,0
3048,3.288,97.00,324.00,1,0,0
3050,3.292,96.10,316.00,1,0,0
3053,3.292,96.30,316.00,1,0,0
3055,3.296,98.00,318.00,1,0,0
3057,3.288,97.90,323.00,1,0,0
3060,3.292,112.50,370.00,1,0,0
3062,3.292,96.80,318.00,1,0,0
3065,3.288,98.70,319.00,1,0,0
3067,3.288,96.30,316.00,1,0,0
3070,3.292,99.90,329.00,1,0,0
3083,3.292,96.60,318.00,1,0,0
3085,3.292,99.80,318.00,1,0,0
3087,3.288,96.80,318.00,1,0,0
3090,3.292,99.00,326.00,1,0,0
3092,3.288,97.50,319.00,1,0,0
3095,3.292,96.70,318.00,1,0,0
3097,3.288,99.90,328.00,1,0,0
3100,3.288,96.20,329.00,1,0,0
3102,3.292,89.90,295.00,1,0,0
3105,3.288,96.90,318.00,1,0,0
3107,3.292,97.20,318.00,1,0,0
3110,3.288,98.30,324.00,1,0,0
3112,3.288,89.00,293.00,1,0,0
3115,3.288,97.00,316.00,1,0,0
3117,3.292,96.40,318.00,1,0,0
3120,3.292,99.80,329.00,1,0,0
3132,3.292,96.30,316.00,1,0,0
3135,3.292,96.70,318.00,1,0,0
3137,3.292,97.00,324.00,1,0,0
3140,3.292,97.10,319.00,1,0,0
3142,3.292,98.20,323.00,1,0,0
3145,3.292,96.20,310.00,1,0,0
3147,3.288,96.50,318.00,1,0,0
3150,3.288,96.80,318.00,1,0,0
3152,3.292,97.30,319.00,1,0,0
3155,3.288,100.00,329.00,1,0,0
3157,3.288,97.40,319.00,1,0,0
3159,3.292,96.50,326.00,1,0,0
3162,3.288,98.40,324.00,1,0,0
3164,3.292,99.70,328.00,1,0,0
3167,3.292,99.70,321.00,1,0,0
3169,3.288,98.70,324.00,1,0,0
3182,3.288,95.90,319.00,1,0,0
3184,3.296,97.20,319.00,1,0,0
3187,3.288,97.10,319.00,1,0,0
3189,3.292,99.60,326.00,1,0,0
3192,3.288,99.50,328.00,1,0,0
3194,3.288,96.60,318.00,1,0,0
3197,3.292,99.10,321.00,1,0,0
3199,3.288,90.30,297.00,1,0,0
3202,3.288,96.90,318.00,1,0,0
3204,3.292,93.90,297.00,1,0,0
3207,3.288,97.30,319.00,1,0,0
3209,3.288,98.30,321.00,1,0,0
3212,3.288,97.60,316.00,1,0,0
3214,3.288,96.30,316.00,1,0,0
3217,3.288,96.70,318.00,1,0,0
3219,3.292,100.40,326.00,1,0,0
3232,3.292,96.80,318.00,1,0,0
3234,3.292,98.10,324.00,1,0,0
3237,3.288,96.60,318.00,1,0,0
3239,3.288,97.10,319.00,1,0,0
3242,3.288,97.10,318.00,1,0,0
3244,3.292,99.80,329.00,1,0,0
3247,3.292,96.80,318.00,1,0,0
3249,3.292,97.00,319.00,1,0,0
3252,3.292,96.60,318.00,1,0,0
3254,3.288,97.20,319.00,1,0,0
3256,3.288,99.50,318.00,1,0,0
3259,3.292,97.00,318.00,1,0,0
3261,3.292,99.70,328.00,1,0,0
3264,3.292,96.90,318.00,1,0,0
3266,3.292,97.90,321.00,1,0,0
3269,3.292,98.10,323.00,1,0,0
3281,3.288,97.30,319.00,1,0,0
3284,3.288,98.50,319.00,1,0,0
3286,3.288,97.80,319.00,1,0,0
3289,3.288,101.30,334.00,1,0,0
3291,3.292,96.20,316.00,1,0,0
3294,3.292,99.20,316.00,1,0,0
3296,3.292,97.90,321.00,1,0,0
3299,3.292,96.90,318.00,1,0,0
3301,3.292,97.30,326.00,1,0,0
3304,3.288,99.30,326.00,1,0,0
3306,3.288,96.30,316.00,1,0,0
3309,3.288,90.00,316.00,1,0,0
3311,3.284,99.60,328.00,1,0,0
3314,3.292,116.00,382.00,1,0,0
3316,3.288,96.40,318.00,1,0,0
3319,3.288,96.90,318.00,1,0,0
3331,3.288,97.20,319.00,1,0,0
3334,3.296,100.00,329.00,1,0,0
3336,3.292,97.50,321.00,1,0,0
3339,3.292,96.60,318.00,1,0,0
3341,3.292,96.70,318.00,1,0,0
3344,3.292,97.10,319.00,1,0,0
3346,3.288,97.80,321.00,1,0,0
3349,3.292,98.70,324.00,1,0,0
3351,3.288,100.40,331.00,1,0,0
3353,3.292,96.40,316.00,1,0,0
3356,3.288,97.40,319.00,1,0,0
3358,3.292,96.60,318.00,1,0,0
3361,3.272,96.50,321.00,1,0,0
3363,3.292,98.80,326.00,1,0,0
3366,3.292,99.00,326.00,1,0,0
3368,3.292,97.20,331.00,1,0,0
3381,3.288,98.20,319.00,1,0,0
3383,3.288,97.10,319.00,1,0,0
3386,3.292,96.80,318.00,1,0,0
3388,3.288,96.10,306.00,1,0,0
3391,3.292,96.90,319.00,1,0,0
3393,3.292,99.50,328.00,1,0,0
3396,3.292,97.20,319.00,1,0,0
3398,3.288,97.90,323.00,1,0,0
3401,3.292,97.50,321.00,1,0,0
3403,3.288,100.50,331.00,1,0,0
3406,3.292,96.20,316.00,1,0,0
3408,3.292,96.50,318.00,1,0,0
3411,3.288,90.10,295.00,1,0,0
3413,3.288,98.50,319.00,1,0,0
3416,3.288,97.20,319.00,1,0,0
3418,3.292,96.00,316.00,1,0,0
3431,3.288,98.30,323.00,1,0,0
3433,3.288,100.30,318.00,1,0,0
3436,3.288,96.00,316.00,1,0,0
3438,3.288,96.00,316.00,1,0,0
3441,3.288,96.20,318.00,1,0,0
3443,3.292,97.40,321.00,1,0,0
3446,3.288,96.90,318.00,1,0,0
3448,3.292,96.70,319.00,1,0,0
3450,3.292,96.00,316.00,1,0,0
3453,3.288,95.60,315.00,1,0,0
3455,3.292,96.00,316.00,1,0,0
3458,3.288,96.60,316.00,1,0,0
3460,3.288,116.70,383.00,1,0,0
3463,3.288,97.40,319.00,1,0,0
3465,3.288,97.00,334.00,1,0,0
3468,3.288,100.50,331.00,1,0,0
3480,3.288,99.30,328.00,1,0,0
3483,3.288,98.40,324.00,1,0,0
3485,3.292,99.80,319.00,1,0,0
3488,3.288,100.30,329.00,1,0,0
3490,3.292,95.90,315.00,1,0,0
3493,3.292,100.70,318.00,1,0,0
3495,3.288,101.00,333.00,1,0,0
3498,3.288,97.50,321.00,1,0,0
3500,3.288,96.20,318.00,1,0,0
3503,3.292,96.30,316.00,1,0,0
3505,3.292,100.10,329.00,1,0,0
3508,3.292,98.10,321.00,1,0,0
3510,3.288,99.70,328.00,1,0,0
3513,3.280,90.10,297.00,1,0,0
3515,3.284,96.20,319.00,1,0,0
3528,3.288,97.90,323.00,1,0,0
3530,3.288,99.70,328.00,1,0,0
3533,3.292,98.00,323.00,1,0,0
3535,3.292,99.40,328.00,1,0,0
3538,3.292,96.30,318.00,1,0,0
3540,3.288,97.80,323.00,1,0,0
3543,3.288,97.20,319.00,1,0,0
3545,3.288,97.20,329.00,1,0,0
3548,3.288,97.10,319.00,1,0,0
3550,3.288,96.50,318.00,1,0,0
3552,3.292,98.00,318.00,1,0,0
3555,3.288,98.80,324.00,1,0,0
3557,3.288,96.60,318.00,1,0,0
3560,3.288,103.20,301.00,1,0,0
3562,3.288,100.00,329.00,1,0,0
3565,3.288,96.40,316.00,1,0,0
3577,3.288,96.70,318.00,1,0,0
3580,3.292,93.80,308.00,1,0,0
3582,3.292,99.70,318.00,1,0,0
3585,3.292,96.40,316.00,1,0,0
3587,3.292,96.40,316.00,1,0,0
3590,3.280,97.10,323.00,1,0,0
3592,3.288,97.00,319.00,1,0,0
3595,3.288,99.50,328.00,1,0,0
3597,3.288,100.50,323.00,1,0,0
3600,3.292,96.00,316.00,1,0,0
3602,3.288,96.50,318.00,1,0,0
3605,3.292,100.40,326.00,1,0,0
3607,3.288,99.10,326.00,1,0,0
3610,3.288,119.10,392.00,1,0,0
3612,3.288,95.60,297.00,1,0,0
3615,3.288,96.10,316.00,1,0,0
3627,3.288,97.70,321.00,1,0,0
3630,3.288,96.60,318.00,1,0,0
3632,3.288,96.10,316.00,1,0,0
3635,3.292,96.60,321.00,1,0,0
3637,3.292,99.70,328.00,1,0,0
3640,3.288,98.80,326.00,1,0,0
3642,3.288,98.00,329.00,1,0,0
3645,3.292,99.60,328.00,1,0,0
3647,3.288,96.10,316.00,1,0,0
3649,3.292,96.80,318.00,1,0,0
3652,3.292,96.90,318.00,1,0,0
3654,3.288,97.00,319.00,1,0,0
3657,3.288,97.40,319.00,1,0,0
3659,3.288,103.80,342.00,1,0,0
3662,3.288,116.10,382.00,1,0,0
3664,3.288,95.00,323.00,1,0,0
3677,3.292,100.00,316.00,1,0,0
3679,3.292,96.00,316.00,1,0,0
3682,3.292,99.50,328.00,1,0,0
3684,3.288,99.50,328.00,1,0,0
3687,3.292,97.90,321.00,1,0,0
3689,3.288,97.40,319.00,1,0,0
3692,3.288,101.70,334.00,1,0,0
3694,3.288,96.90,321.00,1,0,0
3697,3.292,96.10,316.00,1,0,0
3699,3.292,97.10,319.00,1,0,0
3702,3.288,98.00,321.00,1,0,0
3704,3.292,96.80,318.00,1,0,0
3707,3.288,97.70,321.00,1,0,0
3709,3.288,97.10,400.00,1,0,0
3712,3.288,96.10,316.00,1,0,0
3714,3.292,99.60,328.00,1,0,0
3727,3.288,96.50,318.00,1,0,0
3729,3.288,96.30,318.00,1,0,0
3732,3.292,96.70,318.00,1,0,0
3734,3.288,97.10,319.00,1,0,0
3737,3.288,98.20,319.00,1,0,0
3739,3.292,96.60,318.00,1,0,0
3742,3.288,100.00,329.00,1,0,0
3744,3.288,96.90,316.00,1,0,0
3746,3.288,96.60,318.00,1,0,0
3749,3.292,98.10,323.00,1,0,0
3751,3.292,98.00,323.00,1,0,0
3754,3.288,99.00,321.00,1,0,0
3756,3.288,97.80,321.00,1,0,0
3759,3.288,96.10,316.00,1,0,0
3761,3.288,96.40,319.00,1,0,0
3764,3.288,96.50,318.00,1,0,0
3776,3.288,96.60,318.00,1,0,0
3779,3.288,96.40,316.00,1,0,0
3781,3.288,96.30,319.00,1,0,0
3784,3.288,98.10,323.00,1,0,0
3786,3.288,97.30,319.00,1,0,0
3789,3.288,96.30,318.00,1,0,0
3791,3.288,96.00,316.00,1,0,0
3794,3.292,96.10,316.00,1,0,0
3796,3.284,95.20,321.00,1,0,0
3799,3.292,96.50,318.00,1,0,0
3801,3.292,98.20,323.00,1,0,0
3804,3.288,96.80,324.00,1,0,0
3806,3.288,97.00,316.00,1,0,0
3809,3.292,96.00,316.00,1,0,0
3811,3.288,97.70,321.00,1,0,0
3814,3.288,97.90,323.00,1,0,0
3826,3.288,96.10,316.00,1,0,0
3829,3.288,96.40,316.00,1,0,0
3831,3.288,96.20,316.00,1,0,0
3834,3.288,97.00,329.00,1,0,0
3836,3.292,96.70,318.00,1,0,0
3839,3.292,96.50,318.00,1,0,0
3841,3.292,96.00,316.00,1,0,0
3843,3.288,96.30,316.00,1,0,0
3846,3.288,96.40,316.00,1,0,0
3848,3.284,98.00,324.00,1,0,0
3851,3.288,96.80,318.00,1,0,0
3853,3.288,96.90,318.00,1,0,0
3856,3.292,97.80,318.00,1,0,0
3858,3.288,96.70,318.00,1,0,0
3861,3.288,96.30,316.00,1,0,0
3863,3.292,97.80,321.00,1,0,0
3876,3.288,96.60,318.00,1,0,0
3878,3.288,97.20,318.00,1,0,0
3881,3.288,96.90,318.00,1,0,0
3883,3.288,97.30,319.00,1,0,0
3886,3.288,96.90,315.00,1,0,0
3888,3.288,96.10,316.00,1,0,0
3891,3.292,96.10,316.00,1,0,0
3893,3.292,96.50,318.00,1,0,0
3896,3.292,96.90,318.00,1,0,0
3898,3.288,97.70,321.00,1,0,0
3901,3.288,100.10,318.00,1,0,0
3903,3.288,100.00,329.00,1,0,0
3906,3.288,96.00,316.00,1,0,0
3908,3.288,96.70,318.00,1,0,0
3911,3.288,96.10,316.00,1,0,0
3913,3.292,99.00,326.00,1,0,0
3926,3.288,97.00,319.00,1,0,0
3928,3.288,96.60,318.00,1,0,0
3931,3.288,90.70,292.00,1,0,0
3933,3.288,93.40,306.00,1,0,0
3936,3.288,96.00,316.00,1,0,0
3938,3.288,96.00,316.00,1,0,0
3941,3.292,96.40,316.00,1,0,0
3943,3.288,96.70,318.00,1,0,0
3945,3.288,97.20,318.00,1,0,0
3948,3.288,97.30,319.00,1,0,0
3950,3.288,96.40,316.00,1,0,0
3953,3.288,96.50,316.00,1,0,0
3955,3.292,97.00,319.00,1,0,0
3958,3.288,96.00,316.00,1,0,0
3960,3.288,121.20,324.00,1,0,0
3963,3.288,97.20,319.00,1,0,0
3975,3.288,96.50,321.00,1,0,0
3978,3.288,96.70,318.00,1,0,0
3980,3.288,97.60,321.00,1,0,0
3983,3.288,96.30,331.00,1,0,0
3985,3.292,96.50,318.00,1,0,0
3988,3.288,96.90,319.00,1,0,0
3990,3.288,96.60,321.00,1,0,0
3993,3.288,97.30,321.00,1,0,0
3995,3.292,99.70,328.00,1,0,0
3998,3.288,96.60,323.00,1,0,0
4000,3.288,99.90,329.00,1,0,0
4003,3.288,96.10,316.00,1,0,0
4005,3.288,96.60,318.00,1,0,0
4008,3.288,97.20,319.00,1,0,0
4010,3.284,100.80,331.00,1,0,0
4013,3.288,98.70,319.00,1,0,0
4025,3.288,90.10,321.00,1,0,0
4028,3.288,98.30,323.00,1,0,0
4030,3.288,97.70,321.00,1,0,0
4033,3.288,96.50,318.00,1,0,0
4035,3.288,96.70,306.00,1,0,0
4038,3.288,96.40,316.00,1,0,0
4040,3.288,98.30,323.00,1,0,0
4042,3.288,97.10,319.00,1,0,0
4045,3.288,97.50,321.00,1,0,0
4047,3.292,99.40,328.00,1,0,0
4050,3.292,96.40,326.00,1,0,0
4052,3.288,99.10,326.00,1,0,0
4055,3.288,96.60,318.00,1,0,0
4057,3.292,96.90,319.00,1,0,0
4060,3.288,98.40,324.00,1,0,0
4062,3.288,116.60,383.00,1,0,0
4075,3.288,97.40,319.00,1,0,0
4077,3.288,97.50,324.00,1,0,0
4080,3.292,96.20,316.00,1,0,0
4082,3.292,96.20,316.00,1,0,0
4085,3.292,96.00,316.00,1,0,0
4092,3.288,99.10,326.00,1,0,0
4095,3.292,99.40,315.00,1,0,0
4097,3.288,96.40,318.00,1,0,0
4100,3.292,96.10,316.00,1,0,0
4102,3.288,96.20,318.00,1,0,0
4105,3.288,96.60,318.00,1,0,0
4107,3.288,95.30,313.00,1,0,0
4109,3.288,100.50,319.00,1,0,0
4112,3.280,96.10,316.00,1,0,0
4114,3.288,96.10,316.00,1,0,0
4117,3.288,96.50,318.00,1,0,0
4119,3.292,96.50,318.00,1,0,0
4122,3.288,97.10,319.00,1,0,0
4124,3.288,96.70,321.00,1,0,0
4127,3.288,89.70,295.00,1,0,0
4129,3.288,96.60,318.00,1,0,0
4142,3.288,96.70,318.00,1,0,0
4144,3.292,99.60,329.00,1,0,0
4147,3.292,98.60,321.00,1,0,0
4149,3.288,96.20,316.00,1,0,0
4152,3.288,96.70,318.00,1,0,0
4154,3.288,99.00,324.00,1,0,0
4157,3.288,97.80,321.00,1,0,0
4159,3.288,97.50,319.00,1,0,0
4162,3.288,96.90,300.00,1,0,0
4164,3.284,99.70,328.00,1,0,0
4167,3.288,97.10,319.00,1,0,0
4169,3.288,91.00,328.00,1,0,0
4172,3.288,96.70,318.00,1,0,0
4174,3.288,96.70,318.00,1,0,0
4177,3.288,96.90,319.00,1,0,0
4179,3.288,97.60,321.00,1,0,0
4192,3.288,98.70,324.00,1,0,0
4194,3.288,99.30,328.00,1,0,0
4197,3.292,99.00,329.00,1,0,0
4199,3.292,96.70,318.00,1,0,0
4202,3.288,97.10,319.00,1,0,0
4204,3.288,97.60,321.00,1,0,0
4207,3.288,100.20,318.00,1,0,0
4209,3.288,94.80,310.00,1,0,0
4211,3.288,98.20,323.00,1,0,0
4214,3.292,96.30,316.00,1,0,0
4216,3.292,97.10,319.00,1,0,0
4219,3.292,100.10,329.00,1,0,0
4221,3.288,97.80,318.00,1,0,0
4224,3.288,101.10,333.00,1,0,0
4226,3.288,92.90,306.00,1,0,0
4239,3.288,98.00,323.00,1,0,0
4241,3.292,96.80,318.00,1,0,0
4244,3.288,95.20,313.00,1,0,0
4246,3.292,96.30,316.00,1,0,0
4249,3.288,96.70,323.00,1,0,0
4251,3.288,97.40,319.00,1,0,0
4254,3.288,97.80,321.00,1,0,0
4256,3.288,96.50,318.00,1,0,0
4259,3.292,97.00,316.00,1,0,0
4261,3.276,98.00,323.00,1,0,0
4264,3.288,97.30,319.00,1,0,0
4266,3.288,97.30,319.00,1,0,0
4269,3.288,97.20,319.00,1,0,0
4271,3.288,100.10,329.00,1,0,0
4274,3.288,97.00,316.00,1,0,0
4276,3.288,96.10,316.00,1,0,0
4289,3.288,96.00,316.00,1,0,0
4291,3.288,96.10,316.00,1,0,0
4294,3.292,95.90,316.00,1,0,0
4296,3.292,99.00,326.00,1,0,0
4299,3.284,96.80,318.00,1,0,0
4301,3.288,99.60,319.00,1,0,0
4303,3.288,100.30,329.00,1,0,0
4306,3.288,97.60,321.00,1,0,0
4308,3.292,96.70,318.00,1,0,0
4311,3.268,96.40,316.00,1,0,0
4313,3.288,100.10,329.00,1,0,0
4316,3.288,97.50,321.00,1,0,0
4318,3.288,97.20,318.00,1,0,0
4321,3.288,97.00,319.00,1,0,0
4323,3.288,96.60,318.00,1,0,0
4326,3.292,95.90,315.00,1,0,0
4338,3.288,99.50,318.00,1,0,0
4341,3.288,90.70,298.00,1,0,0
4343,3.288,96.10,316.00,1,0,0
4346,3.288,97.30,324.00,1,0,0
4348,3.288,98.30,323.00,1,0,0
4351,3.288,97.20,319.00,1,0,0
4353,3.288,97.90,319.00,1,0,0
4356,3.288,99.70,328.00,1,0,0
4358,3.288,95.80,315.00,1,0,0
4361,3.280,116.70,318.00,1,0,0
4363,3.288,98.80,326.00,1,0,0
4366,3.288,97.30,319.00,1,0,0
4368,3.288,97.90,321.00,1,0,0
4371,3.288,96.30,319.00,1,0,0
4373,3.292,96.60,318.00,1,0,0
4375,3.292,96.10,316.00,1,0,0
4388,3.288,100.70,331.00,1,0,0
4391,3.292,96.10,316.00,1,0,0
4393,3.292,96.90,319.00,1,0,0
4396,3.292,96.70,318.00,1,0,0
4398,3.288,97.40,319.00,1,0,0
4400,3.288,97.90,321.00,1,0,0
4403,3.292,96.10,316.00,1,0,0
4405,3.292,96.00,316.00,1,0,0
4408,3.288,96.50,318.00,1,0,0
4410,3.272,96.60,318.00,1,0,0
4413,3.288,97.50,311.00,1,0,0
4415,3.288,99.30,326.00,1,0,0
4418,3.288,98.20,323.00,1,0,0
4420,3.288,96.50,316.00,1,0,0
4423,3.288,96.20,319.00,1,0,0
4425,3.288,96.50,318.00,1,0,0
4438,3.288,96.10,316.00,1,0,0
4440,3.288,94.40,310.00,1,0,0
4443,3.288,89.30,295.00,1,0,0
4445,3.288,96.70,318.00,1,0,0
4448,3.288,99.80,328.00,1,0,0
4450,3.292,99.30,316.00,1,0,0
4453,3.288,96.50,318.00,1,0,0
4455,3.288,96.10,316.00,1,0,0
4458,3.288,97.00,316.00,1,0,0
4460,3.288,96.50,318.00,1,0,0
4463,3.292,99.90,328.00,1,0,0
4465,3.292,97.00,328.00,1,0,0
4468,3.288,96.80,318.00,1,0,0
4470,3.288,97.50,321.00,1,0,0
4472,3.292,95.90,319.00,1,0,0
4475,3.292,96.80,318.00,1,0,0
4488,3.292,96.90,329.00,1,0,0
4490,3.292,97.60,321.00,1,0,0
4493,3.288,97.40,319.00,1,0,0
4495,3.288,96.90,326.00,1,0,0
4497,3.288,97.30,319.00,1,0,0
4500,3.288,99.70,328.00,1,0,0
4502,3.292,96.20,316.00,1,0,0
4505,3.288,96.70,318.00,1,0,0
4507,3.288,97.70,321.00,1,0,0
4510,3.288,99.60,316.00,1,0,0
4512,3.288,97.00,319.00,1,0,0
4515,3.288,101.10,333.00,1,0,0
4517,3.288,96.30,318.00,1,0,0
4520,3.292,98.30,324.00,1,0,0
4522,3.292,98.20,323.00,1,0,0
4525,3.292,100.10,319.00,1,0,0
4537,3.288,96.90,318.00,1,0,0
4540,3.288,96.40,321.00,1,0,0
4542,3.288,99.70,328.00,1,0,0
4545,3.288,96.60,318.00,1,0,0
4547,3.288,96.70,316.00,1,0,0
4550,3.288,96.10,316.00,1,0,0
4552,3.292,96.90,319.00,1,0,0
4555,3.292,96.90,316.00,1,0,0
4557,3.288,98.70,324.00,1,0,0
4560,3.288,101.30,333.00,1,0,0
4562,3.288,97.40,318.00,1,0,0
4565,3.288,96.90,318.00,1,0,0
4567,3.292,99.40,328.00,1,0,0
4569,3.292,97.30,318.00,1,0,0
4572,3.292,97.30,319.00,1,0,0
4574,3.288,97.60,321.00,1,0,0
4587,3.292,97.10,319.00,1,0,0
4590,3.292,97.40,316.00,1,0,0
4592,3.292,99.30,323.00,1,0,0
4595,3.288,97.10,319.00,1,0,0
4597,3.292,96.20,316.00,1,0,0
4599,3.292,100.40,316.00,1,0,0
4602,3.288,96.70,318.00,1,0,0
4604,3.288,96.90,318.00,1,0,0
4607,3.288,97.40,321.00,1,0,0
4609,3.288,114.00,375.00,1,0,0
4612,3.288,96.30,316.00,1,0,0
4614,3.288,99.80,311.00,1,0,0
4617,3.288,98.00,323.00,1,0,0
4619,3.288,96.90,318.00,1,0,0
4622,3.288,97.50,319.00,1,0,0
4624,3.288,99.60,328.00,1,0,0
4637,3.292,89.60,295.00,1,0,0
4639,3.288,97.00,319.00,1,0,0
4642,3.288,97.40,318.00,1,0,0
4644,3.288,97.90,321.00,1,0,0
4647,3.288,97.00,319.00,1,0,0
4649,3.288,96.40,316.00,1,0,0
4652,3.288,97.40,319.00,1,0,0
4654,3.288,98.50,324.00,1,0,0
4657,3.288,100.20,329.00,1,0,0
4659,3.288,96.80,351.00,1,0,0
4662,3.272,97.40,319.00,1,0,0
4664,3.292,96.20,316.00,1,0,0
4666,3.288,96.40,318.00,1,0,0
4669,3.288,96.80,318.00,1,0,0
4671,3.288,97.10,319.00,1,0,0
4674,3.288,97.20,319.00,1,0,0
4687,3.288,98.20,323.00,1,0,0
4689,3.288,96.90,318.00,1,0,0
4692,3.288,96.80,318.00,1,0,0
4694,3.292,98.00,326.00,1,0,0
4696,3.288,96.10,316.00,1,0,0
4699,3.288,97.00,319.00,1,0,0
4701,3.292,97.90,319.00,1,0,0
4704,3.288,98.10,323.00,1,0,0
4706,3.288,100.40,329.00,1,0,0
4709,3.288,98.80,326.00,1,0,0
4711,3.292,99.50,318.00,1,0,0
4714,3.288,92.80,305.00,1,0,0
4716,3.288,96.80,318.00,1,0,0
4719,3.288,96.70,318.00,1,0,0
4721,3.288,96.50,318.00,1,0,0
4724,3.288,98.40,323.00,1,0,0
4736,3.288,98.30,323.00,1,0,0
4739,3.288,99.10,321.00,1,0,0
4741,3.288,90.10,297.00,1,0,0
4744,3.288,96.20,316.00,1,0,0
4746,3.288,99.70,328.00,1,0,0
4749,3.292,96.20,316.00,1,0,0
4751,3.288,98.80,324.00,1,0,0
4754,3.288,96.10,329.00,1,0,0
4756,3.292,97.10,319.00,1,0,0
4759,3.288,95.80,315.00,1,0,0
4761,3.288,91.70,321.00,1,0,0
4764,3.288,99.80,329.00,1,0,0
4766,3.292,97.10,319.00,1,0,0
4768,3.288,98.30,323.00,1,0,0
4771,3.292,99.80,321.00,1,0,0
4773,3.288,96.60,318.00,1,0,0
4786,3.292,96.40,316.00,1,0,0
4789,3.288,96.30,316.00,1,0,0
4791,3.288,96.90,316.00,1,0,0
4793,3.288,96.00,316.00,1,0,0
4796,3.288,96.50,318.00,1,0,0
4798,3.288,96.60,326.00,1,0,0
4801,3.292,98.40,323.00,1,0,0
4803,3.288,98.80,324.00,1,0,0
4806,3.292,98.70,323.00,1,0,0
4808,3.288,96.50,318.00,1,0,0
4811,3.292,96.20,315.00,1,0,0
4813,3.288,96.70,321.00,1,0,0
4816,3.284,91.60,301.00,1,0,0
4818,3.284,98.80,324.00,1,0,0
4821,3.292,99.60,318.00,1,0,0
4823,3.292,97.90,328.00,1,0,0
4836,3.292,99.60,318.00,1,0,0
4838,3.292,101.20,333.00,1,0,0
4841,3.288,95.90,315.00,1,0,0
4843,3.288,90.10,316.00,1,0,0
4846,3.292,96.60,318.00,1,0,0
4848,3.288,100.10,329.00,1,0,0
4851,3.292,99.60,323.00,1,0,0
4853,3.288,98.30,323.00,1,0,0
4856,3.288,93.80,308.00,1,0,0
4858,3.288,96.00,316.00,1,0,0
4861,3.288,97.20,319.00,1,0,0
4863,3.292,99.10,326.00,1,0,0
4865,3.280,99.60,301.00,1,0,0
4868,3.288,100.70,331.00,1,0,0
4870,3.288,99.80,328.00,1,0,0
4883,3.288,98.40,324.00,1,0,0
4886,3.292,97.30,319.00,1,0,0
4888,3.288,98.00,318.00,1,0,0
4890,3.288,96.20,316.00,1,0,0
4893,3.288,96.70,318.00,1,0,0
4895,3.292,100.20,324.00,1,0,0
4898,3.292,98.00,323.00,1,0,0
4900,3.292,99.80,328.00,1,0,0
4903,3.288,102.40,318.00,1,0,0
4905,3.292,97.40,319.00,1,0,0
4908,3.292,100.20,329.00,1,0,0
4910,3.292,96.40,319.00,1,0,0
4913,3.288,97.40,319.00,1,0,0
4915,3.272,93.80,308.00,1,0,0
4918,3.288,96.50,321.00,1,0,0
4920,3.288,92.40,303.00,1,0,0
4933,3.292,99.60,328.00,1,0,0
4935,3.292,99.50,328.00,1,0,0
4938,3.292,99.60,328.00,1,0,0
4940,3.292,96.10,324.00,1,0,0
4943,3.292,98.30,323.00,1,0,0
4945,3.288,89.70,295.00,1,0,0
4948,3.292,94.80,321.00,1,0,0
4950,3.288,96.30,316.00,1,0,0
4953,3.288,96.50,318.00,1,0,0
4955,3.288,96.30,321.00,1,0,0
4957,3.288,92.50,305.00,1,0,0
4960,3.288,97.10,319.00,1,0,0
4962,3.288,96.70,326.00,1,0,0
4965,3.288,92.20,303.00,1,0,0
4967,3.292,100.00,329.00,1,0,0
4970,3.288,97.00,316.00,1,0,0
4983,3.288,97.50,321.00,1,0,0
4985,3.288,97.30,331.00,1,0,0
4987,3.292,99.80,329.00,1,0,0
4990,3.288,96.80,318.00,1,0,0
4992,3.288,97.00,308.00,1,0,0
4995,3.288,98.40,323.00,1,0,0
4997,3.288,98.00,323.00,1,0,0
5000,3.288,100.30,324.00,1,0,0
5002,3.288,99.10,326.00,1,0,0
5005,3.288,96.10,316.00,1,0,0
5007,3.288,97.10,324.00,1,0,0
5010,3.292,98.30,323.00,1,0,0
5012,3.288,99.80,329.00,1,0,0
5015,3.288,100.70,301.00,1,0,0
5017,3.284,96.70,318.00,1,0,0
5020,3.288,96.10,316.00,1,0,0
5032,3.288,96.80,318.00,1,0,0
5035,3.288,96.00,318.00,1,0,0
5037,3.288,96.40,316.00,1,0,0
5040,3.288,98.00,323.00,1,0,0
5042,3.288,97.20,319.00,1,0,0
5045,3.288,97.60,328.00,1,0,0
5047,3.292,92.60,305.00,1,0,0
5050,3.288,91.20,300.00,1,0,0
5052,3.288,95.90,319.00,1,0,0
5054,3.288,96.90,318.00,1,0,0
5057,3.288,89.10,293.00,1,0,0
5059,3.288,97.60,311.00,1,0,0
5062,3.288,97.10,319.00,1,0,0
5064,3.288,96.20,315.00,1,0,0
5067,3.284,96.30,316.00,1,0,0
5069,3.288,99.60,328.00,1,0,0
5082,3.288,96.90,318.00,1,0,0
5084,3.288,97.70,321.00,1,0,0
5087,3.288,96.70,323.00,1,0,0
5089,3.288,96.80,318.00,1,0,0
5092,3.288,99.50,328.00,1,0,0
5094,3.288,96.60,316.00,1,0,0
5097,3.288,97.60,316.00,1,0,0
5099,3.288,97.00,319.00,1,0,0
5102,3.288,96.40,316.00,1,0,0
5104,3.288,97.30,318.00,1,0,0
5107,3.292,97.70,321.00,1,0,0
5109,3.288,95.80,315.00,1,0,0
5112,3.288,99.20,326.00,1,0,0
5114,3.288,96.60,316.00,1,0,0
5117,3.284,96.40,316.00,1,0,0
5119,3.288,96.60,318.00,1,0,0
5132,3.288,100.00,329.00,1,0,0
5134,3.292,96.60,318.00,1,0,0
5137,3.292,97.20,319.00,1,0,0
5139,3.292,97.00,308.00,1,0,0
5142,3.288,100.20,329.00,1,0,0
5144,3.288,97.30,319.00,1,0,0
5147,3.288,96.40,329.00,1,0,0
5149,3.292,93.30,306.00,1,0,0
5152,3.288,90.40,297.00,1,0,0
5154,3.288,97.20,319.00,1,0,0
5156,3.288,97.40,321.00,1,0,0
5159,3.288,96.40,316.00,1,0,0
5161,3.288,96.40,316.00,1,0,0
5164,3.288,96.20,318.00,1,0,0
5166,3.284,98.20,323.00,1,0,0
5169,3.288,97.20,319.00,1,0,0
5181,3.288,96.20,316.00,1,0,0
5184,3.288,100.80,318.00,1,0,0
5186,3.292,97.20,319.00,1,0,0
5189,3.288,98.60,324.00,1,0,0
5191,3.288,97.50,319.00,1,0,0
5194,3.288,97.10,319.00,1,0,0
5196,3.288,96.40,316.00,1,0,0
5199,3.288,96.80,319.00,1,0,0
5201,3.288,97.20,319.00,1,0,0
5204,3.288,97.60,321.00,1,0,0
5206,3.292,99.00,328.00,1,0,0
5209,3.288,98.40,323.00,1,0,0
5211,3.288,96.20,316.00,1,0,0
5214,3.288,98.10,323.00,1,0,0
5216,3.272,96.60,323.00,1,0,0
5219,3.288,97.10,319.00,1,0,0
5231,3.288,96.60,318.00,1,0,0
5234,3.288,97.10,319.00,1,0,0
5236,3.292,97.70,321.00,1,0,0
5239,3.288,99.60,328.00,1,0,0
5241,3.292,95.30,313.00,1,0,0
5244,3.292,96.80,316.00,1,0,0
5246,3.288,96.30,316.00,1,0,0
5249,3.288,96.50,318.00,1,0,0
5251,3.292,99.60,321.00,1,0,0
5253,3.288,90.30,297.00,1,0,0
5256,3.288,96.30,316.00,1,0,0
5258,3.288,99.80,326.00,1,0,0
5261,3.288,97.10,319.00,1,0,0
5263,3.288,96.50,318.00,1,0,0
5266,3.284,96.50,316.00,1,0,0
5268,3.288,97.20,323.00,1,0,0
5281,3.292,96.70,316.00,1,0,0
5283,3.288,97.20,319.00,1,0,0
5286,3.288,97.10,319.00,1,0,0
5288,3.288,97.20,319.00,1,0,0
5291,3.288,100.30,331.00,1,0,0
5293,3.292,97.00,319.00,1,0,0
5296,3.292,95.40,318.00,1,0,0
5298,3.288,96.60,318.00,1,0,0
5301,3.288,97.30,319.00,1,0,0
5303,3.292,97.10,318.00,1,0,0
5306,3.288,99.70,328.00,1,0,0
5308,3.288,96.60,318.00,1,0,0
5311,3.288,96.70,318.00,1,0,0
5313,3.288,97.10,319.00,1,0,0
5316,3.276,97.70,321.00,1,0,0
5318,3.288,98.20,319.00,1,0,0
5331,3.288,96.60,318.00,1,0,0
5333,3.288,98.70,319.00,1,0,0
5336,3.288,97.10,319.00,1,0,0
5338,3.288,96.60,318.00,1,0,0
5341,3.288,96.50,316.00,1,0,0
5343,3.292,96.00,316.00,1,0,0
5346,3.288,96.60,318.00,1,0,0
5348,3.288,95.40,321.00,1,0,0
5350,3.292,100.20,329.00,1,0,0
5353,3.288,89.80,295.00,1,0,0
5355,3.288,93.60,319.00,1,0,0
5358,3.288,96.00,316.00,1,0,0
5360,3.292,96.40,316.00,1,0,0
5363,3.288,97.50,321.00,1,0,0
5365,3.288,97.80,321.00,1,0,0
5368,3.288,115.50,380.00,1,0,0
5380,3.292,96.80,318.00,1,0,0
5383,3.288,97.30,319.00,1,0,0
5385,3.288,102.70,316.00,1,0,0
5388,3.288,97.30,319.00,1,0,0
5390,3.288,97.10,319.00,1,0,0
5393,3.292,96.60,321.00,1,0,0
5395,3.288,97.20,319.00,1,0,0
5398,3.288,97.20,319.00,1,0,0
5400,3.288,97.90,318.00,1,0,0
5403,3.288,96.10,316.00,1,0,0
5405,3.288,96.30,316.00,1,0,0
5408,3.292,96.00,329.00,1,0,0
5410,3.292,96.80,318.00,1,0,0
5413,3.288,96.90,318.00,1,0,0
5415,3.288,105.00,382.00,1,0,0
5417,3.288,98.00,323.00,1,0,0
5430,3.288,97.10,319.00,1,0,0
5433,3.288,97.20,319.00,1,0,0
5435,3.288,97.30,319.00,1,0,0
5438,3.288,96.30,331.00,1,0,0
5440,3.292,99.40,326.00,1,0,0
5443,3.292,96.50,318.00,1,0,0
5445,3.288,96.90,319.00,1,0,0
5447,3.288,98.90,326.00,1,0,0
5450,3.288,99.90,329.00,1,0,0
5452,3.292,96.20,321.00,1,0,0
5455,3.288,90.10,297.00,1,0,0
5457,3.288,93.50,308.00,1,0,0
5460,3.288,96.80,318.00,1,0,0
5462,3.288,99.90,329.00,1,0,0
5465,3.288,104.10,341.00,1,0,0
5467,3.288,96.10,319.00,1,0,0
5480,3.288,97.50,319.00,1,0,0
5482,3.288,97.90,321.00,1,0,0
5485,3.292,96.20,316.00,1,0,0
5487,3.288,96.60,316.00,1,0,0
5490,3.292,96.10,318.00,1,0,0
5492,3.292,96.90,318.00,1,0,0
5495,3.292,97.70,321.00,1,0,0
5497,3.288,97.40,324.00,1,0,0
5500,3.292,96.00,316.00,1,0,0
5502,3.288,96.20,316.00,1,0,0
5505,3.288,96.50,316.00,1,0,0
5507,3.288,96.50,318.00,1,0,0
5510,3.284,92.70,305.00,1,0,0
5512,3.288,96.80,319.00,1,0,0
5515,3.288,124.50,410.00,1,0,0
5517,3.288,96.20,316.00,1,0,0
5530,3.288,97.00,319.00,1,0,0
5532,3.288,97.00,316.00,1,0,0
5535,3.288,96.10,316.00,1,0,0
5537,3.288,95.00,313.00,1,0,0
5540,3.292,100.40,319.00,1,0,0
5542,3.292,97.70,321.00,1,0,0
5544,3.288,98.40,323.00,1,0,0
5547,3.288,94.70,311.00,1,0,0
5549,3.288,101.50,326.00,1,0,0
5552,3.292,99.50,328.00,1,0,0
5554,3.288,96.20,316.00,1,0,0
5557,3.288,96.80,318.00,1,0,0
5559,3.292,95.50,315.00,1,0,0
5562,3.288,90.10,297.00,1,0,0
5564,3.292,99.40,346.00,1,0,0
5567,3.292,98.10,323.00,1,0,0
5579,3.288,100.30,329.00,1,0,0
5582,3.288,100.40,329.00,1,0,0
5584,3.288,96.40,321.00,1,0,0
5587,3.292,96.70,318.00,1,0,0
5589,3.292,96.30,316.00,1,0,0
5592,3.292,97.00,326.00,1,0,0
5594,3.292,96.90,319.00,1,0,0
5597,3.288,101.30,334.00,1,0,0
5599,3.292,96.70,319.00,1,0,0
5602,3.288,96.40,316.00,1,0,0
5604,3.288,97.30,319.00,1,0,0
5607,3.288,96.60,318.00,1,0,0
5609,3.288,99.50,329.00,1,0,0
5612,3.288,97.00,319.00,1,0,0
5614,3.288,96.20,316.00,1,0,0
5616,3.284,96.40,316.00,1,0,0
5629,3.288,96.10,321.00,1,0,0
5632,3.288,96.00,316.00,1,0,0
5634,3.288,95.20,313.00,1,0,0
5637,3.288,96.60,319.00,1,0,0
5639,3.288,97.20,319.00,1,0,0
5641,3.288,97.20,319.00,1,0,0
5644,3.288,100.30,321.00,1,0,0
5646,3.288,96.20,316.00,1,0,0
5649,3.288,96.10,316.00,1,0,0
5651,3.288,96.40,323.00,1,0,0
5654,3.288,96.80,318.00,1,0,0
5656,3.288,98.20,323.00,1,0,0
5659,3.288,96.90,305.00,1,0,0
5661,3.288,89.90,298.00,1,0,0
5664,3.288,96.20,316.00,1,0,0
5666,3.288,97.80,321.00,1,0,0
5679,3.288,96.40,316.00,1,0,0
5681,3.288,96.40,316.00,1,0,0
5684,3.288,96.40,316.00,1,0,0
5686,3.288,97.10,319.00,1,0,0
5689,3.292,97.80,323.00,1,0,0
5691,3.288,96.30,316.00,1,0,0
5694,3.288,97.20,319.00,1,0,0
5696,3.288,96.90,319.00,1,0,0
5699,3.288,97.80,321.00,1,0,0
5701,3.288,96.80,318.00,1,0,0
5704,3.288,97.20,324.00,1,0,0
5706,3.288,96.80,318.00,1,0,0
5709,3.288,96.60,318.00,1,0,0
5711,3.288,96.50,316.00,1,0,0
5713,3.292,95.90,315.00,1,0,0
5716,3.288,98.30,324.00,1,0,0
5729,3.288,96.10,316.00,1,0,0
5731,3.288,96.10,316.00,1,0,0
5734,3.288,96.80,318.00,1,0,0
5736,3.292,96.70,318.00,1,0,0
5738,3.288,97.40,319.00,1,0,0
5741,3.288,97.00,318.00,1,0,0
5743,3.288,96.40,316.00,1,0,0
5746,3.292,96.90,319.00,1,0,0
5748,3.288,96.50,318.00,1,0,0
5751,3.292,97.30,319.00,1,0,0
5753,3.288,97.60,321.00,1,0,0
5756,3.288,98.70,318.00,1,0,0
5758,3.288,97.40,319.00,1,0,0
5761,3.292,98.30,324.00,1,0,0
5763,3.288,89.90,295.00,1,0,0
5766,3.288,99.20,326.00,1,0,0
5778,3.288,111.40,316.00,1,0,0
5781,3.288,96.50,318.00,1,0,0
5783,3.288,96.40,316.00,1,0,0
5786,3.288,96.70,324.00,1,0,0
5788,3.288,98.20,323.00,1,0,0
5791,3.288,95.80,315.00,1,0,0
5793,3.288,95.90,316.00,1,0,0
5796,3.288,96.20,316.00,1,0,0
5798,3.292,97.40,319.00,1,0,0
5801,3.288,97.60,326.00,1,0,0
5803,3.288,97.00,319.00,1,0,0
5806,3.288,96.90,318.00,1,0,0
5808,3.288,96.50,316.00,1,0,0
5810,3.288,96.40,316.00,1,0,0
5813,3.292,99.50,328.00,1,0,0
5815,3.280,127.10,318.00,1,0,0
5828,3.292,96.20,316.00,1,0,0
5831,3.288,97.20,318.00,1,0,0
5833,3.288,98.60,324.00,1,0,0
5835,3.288,95.10,313.00,1,0,0
5838,3.288,96.80,315.00,1,0,0
5840,3.288,99.90,329.00,1,0,0
5843,3.288,99.60,328.00,1,0,0
5845,3.288,96.60,319.00,1,0,0
5848,3.288,99.40,328.00,1,0,0
5850,3.288,96.80,318.00,1,0,0
5853,3.288,97.10,316.00,1,0,0
5855,3.288,96.70,318.00,1,0,0
5858,3.292,99.90,329.00,1,0,0
5860,3.288,96.10,316.00,1,0,0
5863,3.292,96.50,318.00,1,0,0
5865,3.284,112.60,370.00,1,0,0
5878,3.288,92.00,303.00,1,0,0
5880,3.288,96.10,321.00,1,0,0
5883,3.288,97.30,319.00,1,0,0
5885,3.288,97.20,319.00,1,0,0
5888,3.288,96.50,318.00,1,0,0
5890,3.288,96.40,316.00,1,0,0
5893,3.288,96.20,316.00,1,0,0
5895,3.288,95.80,315.00,1,0,0
5898,3.292,98.40,318.00,1,0,0
5900,3.288,100.10,329.00,1,0,0
5903,3.288,97.00,319.00,1,0,0
5905,3.288,96.40,316.00,1,0,0
5907,3.288,99.40,326.00,1,0,0
5910,3.288,96.90,318.00,1,0,0
5912,3.292,96.10,321.00,1,0,0
5915,3.288,94.80,311.00,1,0,0
5928,3.292,96.80,318.00,1,0,0
5930,3.288,97.50,321.00,1,0,0
5932,3.288,98.20,318.00,1,0,0
5935,3.288,97.30,319.00,1,0,0
5937,3.288,96.30,316.00,1,0,0
5940,3.288,96.10,316.00,1,0,0
5942,3.292,96.30,319.00,1,0,0
5945,3.288,99.20,326.00,1,0,0
5947,3.288,100.30,329.00,1,0,0
5950,3.288,97.10,326.00,1,0,0
5952,3.292,96.50,318.00,1,0,0
5955,3.288,96.50,318.00,1,0,0
5957,3.288,96.20,318.00,1,0,0
5960,3.288,96.50,318.00,1,0,0
5962,3.288,97.60,321.00,1,0,0
5965,3.288,97.80,305.00,1,0,0
5977,3.292,95.60,308.00,1,0,0
5980,3.288,89.10,293.00,1,0,0
5982,3.288,93.20,306.00,1,0,0
5985,3.288,96.70,316.00,1,0,0
5987,3.288,96.10,316.00,1,0,0
5990,3.288,96.50,318.00,1,0,0
5992,3.288,97.40,329.00,1,0,0
5995,3.292,98.60,324.00,1,0,0
5997,3.292,99.80,328.00,1,0,0
6000,3.288,99.90,329.00,1,0,0
6002,3.288,100.00,328.00,1,0,0
6004,3.288,96.60,318.00,1,0,0
6007,3.288,97.00,319.00,1,0,0
6009,3.292,96.40,328.00,1,0,0
6012,3.288,96.80,318.00,1,0,0
6014,3.288,100.20,329.00,1,0,0
6027,3.288,97.00,319.00,1,0,0
6030,3.288,97.60,318.00,1,0,0
6032,3.288,96.60,318.00,1,0,0
6034,3.292,96.20,316.00,1,0,0
6037,3.288,96.00,316.00,1,0,0
6039,3.292,96.90,319.00,1,0,0
6042,3.292,97.30,321.00,1,0,0
6044,3.288,96.50,324.00,1,0,0
6047,3.288,97.00,319.00,1,0,0
6049,3.288,97.20,319.00,1,0,0
6052,3.288,96.00,333.00,1,0,0
6054,3.292,98.70,324.00,1,0,0
6057,3.292,96.80,318.00,1,0,0
6059,3.288,97.40,319.00,1,0,0
6062,3.288,98.70,306.00,1,0,0
6064,3.288,100.90,331.00,1,0,0
6077,3.288,100.50,331.00,1,0,0
6079,3.288,99.70,328.00,1,0,0
6082,3.288,96.40,323.00,1,0,0
6084,3.292,92.10,303.00,1,0,0
6087,3.288,96.40,318.00,1,0,0
6093,3.288,97.70,321.00,1,0,0
6096,3.288,97.50,316.00,1,0,0
6098,3.292,96.90,318.00,1,0,0
6101,3.292,96.80,318.00,1,0,0
6103,3.288,96.20,319.00,1,0,0
6106,3.292,99.80,329.00,1,0,0
6108,3.288,97.10,319.00,1,0,0
6110,3.292,93.40,324.00,1,0,0
6113,3.292,96.60,318.00,1,0,0
6115,3.268,92.70,305.00,1,0,0
6118,3.288,96.40,318.00,1,0,0
6120,3.288,96.40,316.00,1,0,0
6123,3.288,99.30,326.00,1,0,0
6125,3.288,99.90,321.00,1,0,0
6128,3.288,97.10,319.00,1,0,0
6130,3.288,97.00,319.00,1,0,0
6143,3.288,97.50,321.00,1,0,0
6145,3.288,97.50,321.00,1,0,0
6148,3.288,96.30,316.00,1,0,0
6150,3.288,96.10,316.00,1,0,0
6153,3.288,97.00,319.00,1,0,0
6155,3.292,100.30,329.00,1,0,0
6158,3.292,98.20,323.00,1,0,0
6160,3.288,99.30,328.00,1,0,0
6163,3.292,96.20,328.00,1,0,0
6165,3.288,101.10,331.00,1,0,0
6168,3.288,96.60,318.00,1,0,0
6170,3.292,100.20,321.00,1,0,0
6173,3.288,90.90,298.00,1,0,0
6175,3.292,92.40,303.00,1,0,0
6178,3.288,96.30,318.00,1,0,0
6180,3.288,95.60,315.00,1,0,0
6193,3.288,97.10,319.00,1,0,0
6195,3.288,97.90,323.00,1,0,0
6198,3.292,96.10,316.00,1,0,0
6200,3.292,96.90,319.00,1,0,0
6203,3.292,96.40,318.00,1,0,0
6205,3.288,98.30,324.00,1,0,0
6208,3.288,97.00,319.00,1,0,0
6210,3.288,95.90,316.00,1,0,0
6212,3.292,97.20,319.00,1,0,0
6215,3.292,100.20,301.00,1,0,0
6217,3.288,96.80,318.00,1,0,0
6220,3.296,96.50,318.00,1,0,0
6222,3.288,96.50,319.00,1,0,0
6225,3.288,96.80,318.00,1,0,0
6227,3.288,98.80,324.00,1,0,0
6230,3.292,96.40,316.00,1,0,0
6242,3.288,97.40,316.00,1,0,0
6245,3.292,96.20,316.00,1,0,0
6247,3.292,100.10,329.00,1,0,0
6250,3.292,93.90,318.00,1,0,0
6252,3.288,97.60,321.00,1,0,0
6255,3.288,97.60,321.00,1,0,0
6257,3.288,100.10,331.00,1,0,0
6260,3.292,97.40,316.00,1,0,0
6262,3.288,95.90,316.00,1,0,0
6265,3.288,99.10,324.00,1,0,0
6267,3.288,97.20,323.00,1,0,0
6270,3.292,97.40,319.00,1,0,0
6272,3.292,97.80,321.00,1,0,0
6275,3.288,99.40,318.00,1,0,0
6277,3.292,90.10,297.00,1,0,0
6279,3.288,96.00,316.00,1,0,0
6292,3.292,99.90,329.00,1,0,0
6295,3.288,96.20,316.00,1,0,0
6297,3.292,97.00,319.00,1,0,0
6300,3.288,97.90,323.00,1,0,0
6302,3.292,99.80,328.00,1,0,0
6305,3.292,96.90,318.00,1,0,0
6307,3.292,97.00,319.00,1,0,0
6309,3.292,96.10,318.00,1,0,0
6312,3.288,97.10,319.00,1,0,0
6314,3.288,101.50,334.00,1,0,0
6317,3.288,97.40,319.00,1,0,0
6319,3.288,97.20,319.00,1,0,0
6322,3.288,96.50,318.00,1,0,0
6324,3.288,96.50,318.00,1,0,0
6327,3.288,96.20,318.00,1,0,0
6329,3.292,98.70,324.00,1,0,0
6342,3.292,98.60,324.00,1,0,0
6344,3.288,96.30,316.00,1,0,0
6347,3.292,99.80,319.00,1,0,0
6349,3.288,97.50,321.00,1,0,0
6352,3.288,100.40,329.00,1,0,0
6354,3.288,96.30,329.00,1,0,0
6357,3.292,95.90,315.00,1,0,0
6359,3.292,96.70,318.00,1,0,0
6362,3.292,96.90,319.00,1,0,0
6364,3.288,102.00,334.00,1,0,0
6367,3.288,99.80,329.00,1,0,0
6369,3.288,98.30,318.00,1,0,0
6372,3.288,96.70,318.00,1,0,0
6374,3.292,97.40,319.00,1,0,0
6377,3.292,99.40,328.00,1,0,0
6379,3.288,93.70,297.00,1,0,0
6392,3.288,91.80,316.00,1,0,0
6394,3.288,97.30,319.00,1,0,0
6397,3.288,97.10,319.00,1,0,0
6399,3.288,97.20,318.00,1,0,0
6402,3.292,96.60,318.00,1,0,0
6404,3.292,96.70,318.00,1,0,0
6406,3.292,95.90,328.00,1,0,0
6409,3.292,94.90,311.00,1,0,0
6411,3.292,97.70,321.00,1,0,0
6414,3.288,97.90,346.00,1,0,0
6416,3.280,97.80,323.00,1,0,0
6419,3.288,97.10,319.00,1,0,0
6421,3.292,98.10,316.00,1,0,0
6424,3.288,96.20,316.00,1,0,0
6426,3.288,96.60,318.00,1,0,0
6429,3.288,96.90,321.00,1,0,0
6441,3.292,96.30,316.00,1,0,0
6444,3.288,96.80,318.00,1,0,0
6446,3.288,97.40,319.00,1,0,0
6449,3.292,99.90,329.00,1,0,0
6451,3.288,97.00,319.00,1,0,0
6454,3.288,96.60,318.00,1,0,0
6456,3.288,96.30,316.00,1,0,0
6459,3.292,96.90,319.00,1,0,0
6461,3.288,97.20,319.00,1,0,0
6464,3.292,100.10,329.00,1,0,0
6466,3.292,115.70,313.00,1,0,0
6469,3.288,96.60,318.00,1,0,0
6471,3.288,96.40,318.00,1,0,0
6474,3.292,98.00,318.00,1,0,0
6476,3.292,97.10,319.00,1,0,0
6478,3.288,97.40,319.00,1,0,0
6491,3.292,96.30,316.00,1,0,0
6494,3.288,91.40,300.00,1,0,0
6496,3.288,98.10,319.00,1,0,0
6499,3.288,99.50,328.00,1,0,0
6501,3.288,95.70,315.00,1,0,0
6503,3.288,95.90,316.00,1,0,0
6506,3.292,97.60,321.00,1,0,0
6508,3.288,96.90,318.00,1,0,0
6511,3.292,99.70,323.00,1,0,0
6513,3.288,101.20,333.00,1,0,0
6516,3.276,91.70,301.00,1,0,0
6518,3.288,97.30,318.00,1,0,0
6521,3.292,96.70,318.00,1,0,0
6523,3.288,96.70,318.00,1,0,0
6526,3.288,97.70,318.00,1,0,0
6528,3.292,96.60,318.00,1,0,0
6541,3.292,99.90,328.00,1,0,0
6543,3.292,99.20,326.00,1,0,0
6546,3.288,97.20,319.00,1,0,0
6548,3.288,98.80,313.00,1,0,0
6551,3.292,96.30,316.00,1,0,0
6553,3.292,97.20,319.00,1,0,0
6556,3.288,96.90,316.00,1,0,0
6558,3.288,97.50,321.00,1,0,0
6561,3.288,97.00,319.00,1,0,0
6563,3.292,99.70,318.00,1,0,0
6566,3.292,91.50,301.00,1,0,0
6568,3.292,98.20,323.00,1,0,0
6571,3.288,96.30,318.00,1,0,0
6573,3.292,97.20,319.00,1,0,0
6575,3.292,97.50,321.00,1,0,0
6578,3.292,100.10,316.00,1,0,0
6591,3.288,97.20,321.00,1,0,0
6593,3.292,89.20,293.00,1,0,0
6596,3.288,92.00,303.00,1,0,0
6598,3.288,96.80,318.00,1,0,0
6600,3.288,96.20,316.00,1,0,0
6603,3.292,96.30,316.00,1,0,0
6605,3.288,98.10,323.00,1,0,0
6608,3.292,99.30,328.00,1,0,0
6610,3.288,100.10,329.00,1,0,0
6613,3.292,97.20,319.00,1,0,0
6615,3.292,121.90,311.00,1,0,0
6618,3.292,97.80,321.00,1,0,0
6620,3.284,97.50,321.00,1,0,0
6623,3.292,97.00,324.00,1,0,0
6625,3.288,97.80,321.00,1,0,0
6628,3.288,96.90,318.00,1,0,0
6640,3.288,97.80,321.00,1,0,0
6643,3.288,97.50,319.00,1,0,0
6645,3.288,99.90,328.00,1,0,0
6648,3.288,96.20,316.00,1,0,0
6650,3.288,98.70,316.00,1,0,0
6653,3.288,97.70,321.00,1,0,0
6655,3.288,97.60,321.00,1,0,0
6658,3.288,97.70,328.00,1,0,0
6660,3.292,99.70,321.00,1,0,0
6663,3.288,96.80,318.00,1,0,0
6665,3.288,120.00,395.00,1,0,0
6668,3.288,96.70,318.00,1,0,0
6670,3.288,96.90,319.00,1,0,0
6672,3.288,97.70,323.00,1,0,0
6675,3.288,97.20,326.00,1,0,0
6677,3.292,99.20,326.00,1,0,0
6690,3.288,99.20,326.00,1,0,0
6693,3.288,96.70,318.00,1,0,0
6695,3.292,97.30,316.00,1,0,0
6698,3.288,92.90,305.00,1,0,0
6700,3.288,96.60,318.00,1,0,0
6702,3.288,97.50,329.00,1,0,0
6705,3.292,97.80,321.00,1,0,0
6707,3.288,95.70,315.00,1,0,0
6710,3.288,99.00,316.00,1,0,0
6712,3.288,98.90,311.00,1,0,0
6715,3.288,123.80,406.00,1,0,0
6717,3.292,96.60,318.00,1,0,0
6720,3.292,96.60,319.00,1,0,0
6722,3.288,99.00,326.00,1,0,0
6725,3.292,97.00,319.00,1,0,0
6727,3.288,93.10,318.00,1,0,0
6740,3.292,100.50,319.00,1,0,0
6742,3.288,100.60,331.00,1,0,0
6745,3.292,96.90,318.00,1,0,0
6747,3.292,96.60,319.00,1,0,0
6750,3.292,96.10,316.00,1,0,0
6752,3.288,97.10,319.00,1,0,0
6755,3.288,97.30,324.00,1,0,0
6757,3.288,97.30,319.00,1,0,0
6760,3.288,96.70,318.00,1,0,0
6762,3.288,96.00,316.00,1,0,0
6765,3.288,116.60,383.00,1,0,0
6767,3.288,97.10,319.00,1,0,0
6769,3.292,99.90,328.00,1,0,0
6772,3.292,99.40,328.00,1,0,0
6774,3.288,99.00,326.00,1,0,0
6777,3.288,100.20,329.00,1,0,0
6790,3.288,96.80,318.00,1,0,0
6792,3.292,96.00,318.00,1,0,0
6795,3.292,96.10,316.00,1,0,0
6797,3.292,96.10,316.00,1,0,0
6799,3.292,90.30,300.00,1,0,0
6802,3.288,97.40,321.00,1,0,0
6804,3.288,90.80,298.00,1,0,0
6807,3.288,90.40,319.00,1,0,0
6809,3.292,97.90,321.00,1,0,0
6812,3.288,96.20,316.00,1,0,0
6814,3.288,96.30,319.00,1,0,0
6817,3.288,97.50,321.00,1,0,0
6819,3.288,97.20,318.00,1,0,0
6822,3.288,97.80,319.00,1,0,0
6824,3.288,100.70,331.00,1,0,0
6827,3.288,96.60,318.00,1,0,0
6839,3.288,96.00,316.00,1,0,0
6842,3.292,99.10,326.00,1,0,0
6844,3.288,99.70,328.00,1,0,0
6847,3.292,97.70,321.00,1,0,0
6849,3.288,97.10,319.00,1,0,0
6852,3.292,98.20,324.00,1,0,0
6854,3.292,97.50,321.00,1,0,0
6857,3.292,96.90,319.00,1,0,0
6859,3.288,99.60,319.00,1,0,0
6862,3.292,97.20,319.00,1,0,0
6864,3.288,96.80,318.00,1,0,0
6867,3.292,97.20,323.00,1,0,0
6869,3.292,99.80,326.00,1,0,0
6871,3.288,97.30,319.00,1,0,0
6874,3.292,97.00,316.00,1,0,0
6876,3.292,96.10,316.00,1,0,0
6889,3.292,100.10,298.00,1,0,0
6892,3.288,95.40,315.00,1,0,0
6894,3.288,96.40,316.00,1,0,0
6896,3.292,97.10,319.00,1,0,0
6899,3.288,97.70,321.00,1,0,0
6901,3.288,98.50,324.00,1,0,0
6904,3.288,91.30,364.00,1,0,0
6906,3.288,100.00,329.00,1,0,0
6909,3.292,98.30,323.00,1,0,0
6911,3.288,96.50,319.00,1,0,0
6914,3.288,97.50,321.00,1,0,0
6916,3.288,97.40,319.00,1,0,0
6919,3.288,97.20,329.00,1,0,0
6921,3.272,94.20,310.00,1,0,0
6924,3.288,96.20,316.00,1,0,0
6926,3.288,96.80,316.00,1,0,0
6939,3.288,96.60,318.00,1,0,0
6941,3.288,96.80,316.00,1,0,0
6944,3.292,100.70,331.00,1,0,0
6946,3.288,96.80,318.00,1,0,0
6949,3.292,97.20,319.00,1,0,0
6951,3.288,97.10,319.00,1,0,0
6954,3.292,101.00,333.00,1,0,0
6956,3.288,96.70,318.00,1,0,0
6959,3.288,96.50,318.00,1,0,0
6961,3.288,96.60,318.00,1,0,0
6964,3.288,98.40,321.00,1,0,0
6966,3.288,99.90,328.00,1,0,0
6968,3.288,96.10,316.00,1,0,0
6971,3.276,91.90,316.00,1,0,0
6973,3.292,96.30,316.00,1,0,0
6976,3.292,99.40,326.00,1,0,0
6989,3.292,99.60,328.00,1,0,0
6991,3.288,96.40,313.00,1,0,0
6993,3.288,90.20,297.00,1,0,0
6996,3.288,97.20,319.00,1,0,0
6998,3.288,97.00,319.00,1,0,0
7001,3.292,96.80,316.00,1,0,0
7003,3.288,97.30,319.00,1,0,0
7006,3.288,96.00,316.00,1,0,0
7008,3.292,97.00,324.00,1,0,0
7011,3.288,98.70,324.00,1,0,0
7013,3.288,98.30,323.00,1,0,0
7016,3.292,97.80,318.00,1,0,0
7018,3.288,96.30,316.00,1,0,0
7021,3.272,96.40,316.00,1,0,0
7023,3.292,95.90,324.00,1,0,0
7026,3.292,97.10,319.00,1,0,0
7038,3.288,96.90,318.00,1,0,0
7041,3.288,96.60,318.00,1,0,0
7043,3.288,97.20,321.00,1,0,0
7046,3.288,99.00,326.00,1,0,0
7048,3.292,100.10,329.00,1,0,0
7051,3.288,96.80,316.00,1,0,0
7053,3.288,95.90,315.00,1,0,0
7056,3.288,96.60,318.00,1,0,0
7058,3.288,97.90,321.00,1,0,0
7061,3.292,100.00,321.00,1,0,0
7063,3.292,96.90,318.00,1,0,0
7065,3.292,97.80,321.00,1,0,0
7068,3.288,96.30,315.00,1,0,0
7070,3.288,91.70,301.00,1,0,0
7073,3.292,96.80,318.00,1,0,0
7075,3.288,97.20,326.00,1,0,0
7088,3.292,96.60,321.00,1,0,0
7091,3.292,97.10,319.00,1,0,0
7093,3.288,97.50,321.00,1,0,0
7095,3.288,90.00,323.00,1,0,0
7098,3.288,96.70,318.00,1,0,0
7100,3.288,96.10,316.00,1,0,0
7103,3.288,96.10,315.00,1,0,0
7105,3.288,96.50,318.00,1,0,0
7108,3.288,91.30,300.00,1,0,0
7110,3.288,98.40,323.00,1,0,0
7113,3.288,99.80,319.00,1,0,0
7115,3.288,96.50,318.00,1,0,0
7118,3.288,96.30,316.00,1,0,0
7120,3.292,103.30,301.00,1,0,0
7123,3.288,96.70,318.00,1,0,0
7125,3.288,93.50,308.00,1,0,0
7138,3.288,97.20,319.00,1,0,0
7140,3.288,97.50,318.00,1,0,0
7143,3.288,96.50,318.00,1,0,0
7145,3.288,96.70,318.00,1,0,0
7148,3.288,96.30,316.00,1,0,0
7150,3.288,96.30,316.00,1,0,0
7153,3.292,97.00,319.00,1,0,0
7155,3.288,97.20,319.00,1,0,0
7158,3.288,97.20,319.00,1,0,0
7160,3.288,97.70,321.00,1,0,0
7162,3.288,96.80,316.00,1,0,0
7165,3.288,99.90,329.00,1,0,0
7167,3.292,99.70,328.00,1,0,0
7170,3.288,105.80,301.00,1,0,0
7172,3.284,97.10,326.00,1,0,0
7175,3.288,99.30,328.00,1,0,0
7188,3.292,97.10,319.00,1,0,0
7190,3.288,96.90,318.00,1,0,0
7192,3.292,100.20,310.00,1,0,0
7195,3.288,100.50,331.00,1,0,0
7197,3.292,96.30,316.00,1,0,0
7200,3.288,90.10,318.00,1,0,0
7202,3.288,97.80,321.00,1,0,0
7205,3.288,97.10,319.00,1,0,0
7207,3.292,90.60,293.00,1,0,0
7210,3.288,91.70,301.00,1,0,0
7212,3.292,99.80,329.00,1,0,0
7215,3.288,96.00,316.00,1,0,0
7217,3.288,95.90,315.00,1,0,0
7220,3.288,121.60,400.00,1,0,0
7222,3.284,97.70,318.00,1,0,0
7235,3.288,97.40,319.00,1,0,0
7237,3.292,97.60,319.00,1,0,0
7240,3.288,97.10,319.00,1,0,0
7242,3.288,98.30,323.00,1,0,0
7245,3.288,96.70,318.00,1,0,0
7247,3.292,95.30,313.00,1,0,0
7250,3.292,96.50,318.00,1,0,0
7252,3.288,97.20,319.00,1,0,0
7255,3.288,99.70,328.00,1,0,0
7257,3.292,99.50,328.00,1,0,0
7259,3.292,97.20,316.00,1,0,0
7262,3.288,96.00,316.00,1,0,0
7264,3.288,96.80,318.00,1,0,0
7267,3.292,96.50,319.00,1,0,0
7269,3.288,122.10,401.00,1,0,0
7272,3.288,99.30,326.00,1,0,0
7284,3.288,97.10,319.00,1,0,0
7287,3.288,98.20,323.00,1,0,0
7289,3.288,96.60,319.00,1,0,0
7292,3.288,96.40,316.00,1,0,0
7294,3.288,96.00,316.00,1,0,0
7297,3.288,99.10,318.00,1,0,0
7299,3.288,90.20,297.00,1,0,0
7302,3.288,97.50,321.00,1,0,0
7304,3.288,97.70,319.00,1,0,0
7307,3.288,96.00,316.00,1,0,0
7309,3.288,97.60,321.00,1,0,0
7312,3.288,97.40,301.00,1,0,0
7314,3.288,96.70,318.00,1,0,0
7317,3.288,97.40,321.00,1,0,0
7319,3.288,97.70,341.00,1,0,0
7322,3.288,96.80,318.00,1,0,0
7334,3.288,99.10,321.00,1,0,0
7337,3.288,98.10,323.00,1,0,0
7339,3.288,97.40,319.00,1,0,0
7342,3.288,100.00,321.00,1,0,0
7344,3.288,96.10,316.00,1,0,0
7347,3.288,96.50,318.00,1,0,0
7349,3.292,97.20,321.00,1,0,0
7352,3.288,97.20,319.00,1,0,0
7354,3.288,96.70,318.00,1,0,0
7356,3.288,99.80,318.00,1,0,0
7359,3.292,97.00,319.00,1,0,0
7361,3.288,96.20,316.00,1,0,0
7364,3.288,97.20,318.00,1,0,0
7366,3.288,97.10,319.00,1,0,0
7369,3.292,97.20,319.00,1,0,0
7371,3.292,94.70,318.00,1,0,0
7384,3.292,100.30,323.00,1,0,0
7386,3.288,97.30,321.00,1,0,0
7389,3.292,96.10,316.00,1,0,0
7391,3.288,96.00,316.00,1,0,0
7394,3.288,97.30,318.00,1,0,0
7396,3.288,97.10,319.00,1,0,0
7399,3.288,97.40,319.00,1,0,0
7401,3.288,98.60,319.00,1,0,0
7404,3.288,90.20,297.00,1,0,0
7406,3.288,95.90,316.00,1,0,0
7409,3.288,96.50,318.00,1,0,0
7411,3.288,94.70,311.00,1,0,0
7414,3.288,90.70,298.00,1,0,0
7416,3.288,91.80,321.00,1,0,0
7419,3.288,97.30,319.00,1,0,0
7421,3.288,91.40,300.00,1,0,0
7434,3.288,97.70,321.00,1,0,0
7436,3.288,96.50,319.00,1,0,0
7439,3.288,96.60,318.00,1,0,0
7441,3.288,97.00,319.00,1,0,0
7444,3.292,97.90,319.00,1,0,0
7446,3.288,97.50,319.00,1,0,0
7449,3.288,96.80,318.00,1,0,0
7451,3.288,97.30,319.00,1,0,0
7453,3.288,96.90,316.00,1,0,0
7456,3.288,97.50,321.00,1,0,0
7458,3.292,96.30,316.00,1,0,0
7461,3.292,97.00,319.00,1,0,0
7463,3.288,97.00,319.00,1,0,0
7466,3.292,101.40,333.00,1,0,0
7468,3.288,97.00,316.00,1,0,0
7471,3.288,94.90,311.00,1,0,0
7483,3.292,99.00,326.00,1,0,0
7486,3.288,96.50,318.00,1,0,0
7488,3.292,98.10,318.00,1,0,0
7491,3.288,100.60,331.00,1,0,0
7493,3.288,97.90,323.00,1,0,0
7496,3.288,97.20,328.00,1,0,0
7498,3.288,98.90,326.00,1,0,0
7501,3.292,96.90,319.00,1,0,0
7503,3.288,96.20,298.00,1,0,0
7506,3.292,92.50,305.00,1,0,0
7508,3.288,97.10,319.00,1,0,0
7511,3.292,99.80,328.00,1,0,0
7513,3.288,97.40,319.00,1,0,0
7516,3.288,97.80,323.00,1,0,0
7518,3.288,92.00,303.00,1,0,0
7521,3.288,116.90,313.00,1,0,0
7533,3.288,96.90,318.00,1,0,0
7536,3.288,97.20,319.00,1,0,0
7538,3.288,96.10,316.00,1,0,0
7541,3.292,99.60,323.00,1,0,0
7543,3.292,97.30,321.00,1,0,0
7546,3.288,96.90,318.00,1,0,0
7548,3.288,96.50,319.00,1,0,0
7550,3.292,96.40,316.00,1,0,0
7553,3.292,96.60,318.00,1,0,0
7555,3.288,96.50,318.00,1,0,0
7558,3.288,98.00,323.00,1,0,0
7560,3.292,97.70,321.00,1,0,0
7563,3.288,97.60,321.00,1,0,0
7565,3.288,101.00,321.00,1,0,0
7568,3.292,95.10,313.00,1,0,0
7570,3.284,108.30,356.00,1,0,0
7583,3.292,96.10,316.00,1,0,0
7585,3.292,99.00,318.00,1,0,0
7588,3.292,99.80,329.00,1,0,0
7590,3.288,96.80,318.00,1,0,0
7593,3.292,97.60,324.00,1,0,0
7595,3.288,97.20,319.00,1,0,0
7598,3.288,96.00,316.00,1,0,0
7600,3.288,96.40,316.00,1,0,0
7603,3.288,96.10,316.00,1,0,0
7605,3.288,96.30,316.00,1,0,0
7608,3.288,90.00,310.00,1,0,0
7610,3.288,99.90,329.00,1,0,0
7613,3.288,93.80,308.00,1,0,0
7615,3.292,98.80,319.00,1,0,0
7618,3.288,89.00,298.00,1,0,0
7620,3.292,91.40,300.00,1,0,0
7633,3.288,96.40,316.00,1,0,0
7635,3.292,96.40,318.00,1,0,0
7638,3.288,97.00,319.00,1,0,0
7640,3.288,100.00,329.00,1,0,0
7643,3.292,99.60,328.00,1,0,0
7645,3.288,97.50,318.00,1,0,0
7647,3.288,97.00,319.00,1,0,0
7650,3.288,100.30,329.00,1,0,0
7652,3.288,96.20,316.00,1,0,0
7655,3.288,96.50,318.00,1,0,0
7657,3.288,98.50,324.00,1,0,0
7660,3.288,96.90,318.00,1,0,0
7662,3.288,96.00,316.00,1,0,0
7665,3.292,96.20,316.00,1,0,0
7667,3.292,99.50,328.00,1,0,0
7670,3.292,93.80,308.00,1,0,0
7682,3.292,96.60,316.00,1,0,0
7685,3.288,96.70,318.00,1,0,0
7687,3.288,96.90,319.00,1,0,0
7690,3.292,96.70,331.00,1,0,0
7692,3.288,96.80,318.00,1,0,0
7695,3.288,97.60,321.00,1,0,0
7697,3.288,96.80,318.00,1,0,0
7700,3.288,96.10,316.00,1,0,0
7702,3.288,96.30,318.00,1,0,0
7705,3.292,100.00,321.00,1,0,0
7707,3.292,97.00,319.00,1,0,0
7710,3.288,94.50,311.00,1,0,0
7712,3.288,90.40,316.00,1,0,0
7715,3.292,96.20,316.00,1,0,0
7717,3.288,98.00,323.00,1,0,0
7719,3.292,89.20,293.00,1,0,0
7732,3.288,96.30,316.00,1,0,0
7735,3.292,96.50,318.00,1,0,0
7737,3.292,96.70,318.00,1,0,0
7740,3.288,97.80,321.00,1,0,0
7742,3.288,97.50,319.00,1,0,0
7744,3.288,97.10,319.00,1,0,0
7747,3.292,93.80,308.00,1,0,0
7749,3.292,100.50,319.00,1,0,0
7752,3.292,97.20,319.00,1,0,0
7754,3.292,92.90,306.00,1,0,0
7757,3.288,96.60,318.00,1,0,0
7759,3.288,96.80,318.00,1,0,0
7762,3.292,96.10,316.00,1,0,0
7764,3.292,99.80,318.00,1,0,0
7767,3.292,96.70,318.00,1,0,0
7769,3.288,97.10,318.00,1,0,0
7782,3.292,99.40,328.00,1,0,0
7784,3.288,96.80,318.00,1,0,0
7787,3.292,99.80,328.00,1,0,0
7789,3.288,97.80,323.00,1,0,0
7792,3.292,95.20,313.00,1,0,0
7794,3.292,99.90,329.00,1,0,0
7797,3.288,99.90,329.00,1,0,0
7799,3.292,98.30,324.00,1,0,0
7802,3.288,98.00,328.00,1,0,0
7804,3.292,99.10,326.00,1,0,0
7807,3.288,96.50,318.00,1,0,0
7809,3.292,97.30,316.00,1,0,0
7812,3.288,97.90,321.00,1,0,0
7814,3.288,90.00,297.00,1,0,0
7816,3.288,96.70,321.00,1,0,0
7819,3.292,97.40,319.00,1,0,0
7832,3.288,96.60,318.00,1,0,0
7834,3.292,97.80,321.00,1,0,0
7837,3.292,99.70,321.00,1,0,0
7839,3.288,96.70,318.00,1,0,0
7841,3.288,99.60,328.00,1,0,0
7844,3.292,96.00,316.00,1,0,0
7846,3.288,97.20,319.00,1,0,0
7849,3.288,97.00,319.00,1,0,0
7851,3.292,97.00,319.00,1,0,0
7854,3.292,99.80,316.00,1,0,0
7856,3.288,97.10,319.00,1,0,0
7859,3.288,96.50,318.00,1,0,0
7861,3.292,96.10,303.00,1,0,0
7864,3.292,96.50,318.00,1,0,0
7866,3.292,99.50,328.00,1,0,0
7869,3.292,97.90,318.00,1,0,0
7881,3.288,97.10,319.00,1,0,0
7884,3.288,98.00,323.00,1,0,0
7886,3.292,99.00,326.00,1,0,0
7889,3.288,97.10,318.00,1,0,0
7891,3.292,96.10,316.00,1,0,0
7894,3.292,96.20,316.00,1,0,0
7896,3.292,100.10,329.00,1,0,0
7899,3.292,97.70,318.00,1,0,0
7901,3.288,97.50,321.00,1,0,0
7904,3.292,97.00,319.00,1,0,0
7906,3.292,96.20,318.00,1,0,0
7909,3.288,97.70,321.00,1,0,0
7911,3.288,95.50,315.00,1,0,0
7913,3.288,96.80,321.00,1,0,0
7916,3.288,90.30,297.00,1,0,0
7918,3.288,97.40,319.00,1,0,0
7931,3.288,97.70,321.00,1,0,0
7934,3.288,97.30,319.00,1,0,0
7936,3.288,97.40,321.00,1,0,0
7939,3.288,96.10,316.00,1,0,0
7941,3.292,96.40,316.00,1,0,0
7943,3.292,100.40,329.00,1,0,0
7946,3.292,98.70,324.00,1,0,0
7948,3.288,97.10,321.00,1,0,0
7951,3.292,97.10,319.00,1,0,0
7953,3.292,96.80,318.00,1,0,0
7956,3.292,97.00,319.00,1,0,0
7958,3.288,97.00,331.00,1,0,0
7961,3.292,97.40,319.00,1,0,0
7963,3.288,98.20,323.00,1,0,0
7966,3.288,97.20,319.00,1,0,0
7968,3.288,97.00,319.00,1,0,0
7981,3.292,99.50,328.00,1,0,0
7983,3.288,97.10,319.00,1,0,0
7986,3.288,97.00,326.00,1,0,0
7988,3.292,96.80,318.00,1,0,0
7991,3.292,95.80,315.00,1,0,0
7993,3.292,100.00,318.00,1,0,0
7996,3.292,97.00,319.00,1,0,0
7998,3.292,96.90,318.00,1,0,0
8001,3.292,97.60,319.00,1,0,0
8003,3.292,100.50,331.00,1,0,0
8006,3.292,96.20,316.00,1,0,0
8008,3.292,100.80,318.00,1,0,0
8010,3.288,98.60,324.00,1,0,0
8013,3.288,99.60,328.00,1,0,0
8015,3.292,99.50,328.00,1,0,0
8028,3.292,97.50,321.00,1,0,0
8031,3.292,97.80,328.00,1,0,0
8033,3.292,96.90,319.00,1,0,0
8035,3.292,96.20,316.00,1,0,0
8038,3.292,96.30,321.00,1,0,0
8040,3.288,100.40,331.00,1,0,0
8043,3.292,98.50,324.00,1,0,0
8045,3.288,97.50,319.00,1,0,0
8048,3.292,97.00,319.00,1,0,0
8050,3.288,99.70,328.00,1,0,0
8053,3.292,99.70,333.00,1,0,0
8055,3.292,96.00,316.00,1,0,0
8058,3.288,100.20,329.00,1,0,0
8060,3.288,97.50,319.00,1,0,0
8063,3.288,96.80,318.00,1,0,0
8065,3.288,99.10,326.00,1,0,0
8078,3.288,99.10,326.00,1,0,0
8080,3.292,98.00,323.00,1,0,0
8083,3.288,96.60,316.00,1,0,0
8085,3.292,96.30,316.00,1,0,0
8088,3.292,99.10,326.00,1,0,0
8094,3.292,96.90,319.00,1,0,0
8097,3.288,99.40,319.00,1,0,0
8099,3.288,97.10,319.00,1,0,0
8102,3.292,96.50,318.00,1,0,0
8104,3.292,96.30,318.00,1,0,0
8107,3.292,97.50,321.00,1,0,0
8109,3.292,98.50,324.00,1,0,0
8111,3.292,97.60,326.00,1,0,0
8114,3.292,97.10,319.00,1,0,0
8116,3.288,97.80,323.00,1,0,0
8119,3.288,96.20,356.00,1,0,0
8121,3.284,90.40,297.00,1,0,0
8124,3.288,96.70,318.00,1,0,0
8126,3.288,97.60,319.00,1,0,0
8129,3.292,96.10,316.00,1,0,0
8131,3.288,95.70,315.00,1,0,0
8144,3.288,97.40,321.00,1,0,0
8146,3.292,96.40,316.00,1,0,0
8149,3.292,96.60,318.00,1,0,0
8151,3.292,98.20,323.00,1,0,0
8154,3.292,97.50,321.00,1,0,0
8156,3.288,97.10,319.00,1,0,0
8159,3.288,97.80,323.00,1,0,0
8161,3.288,97.40,321.00,1,0,0
8164,3.288,96.50,318.00,1,0,0
8166,3.288,96.60,318.00,1,0,0
8169,3.288,96.30,316.00,1,0,0
8171,3.276,91.50,319.00,1,0,0
8174,3.288,100.00,329.00,1,0,0
8176,3.288,97.10,319.00,1,0,0
8179,3.292,97.80,316.00,1,0,0
8181,3.292,96.40,318.00,1,0,0
8194,3.288,96.40,316.00,1,0,0
8196,3.292,96.60,318.00,1,0,0
8199,3.292,96.20,316.00,1,0,0
8201,3.292,96.50,318.00,1,0,0
8204,3.288,97.00,319.00,1,0,0
8206,3.288,96.90,318.00,1,0,0
8209,3.288,97.60,321.00,1,0,0
8211,3.288,98.50,324.00,1,0,0
8213,3.292,96.50,318.00,1,0,0
8216,3.288,96.30,316.00,1,0,0
8218,3.288,97.10,319.00,1,0,0
8221,3.288,90.30,297.00,1,0,0
8223,3.288,91.80,318.00,1,0,0
8226,3.288,97.50,321.00,1,0,0
8228,3.292,96.60,318.00,1,0,0
8231,3.292,96.40,316.00,1,0,0
8243,3.288,97.00,315.00,1,0,0
8246,3.292,96.00,316.00,1,0,0
8248,3.292,96.30,316.00,1,0,0
8251,3.292,96.80,318.00,1,0,0
8253,3.292,97.90,321.00,1,0,0
8256,3.288,97.00,319.00,1,0,0
8258,3.288,99.00,329.00,1,0,0
8261,3.288,96.60,319.00,1,0,0
8263,3.288,97.00,319.00,1,0,0
8266,3.292,97.10,319.00,1,0,0
8268,3.292,96.80,318.00,1,0,0
8271,3.292,91.80,301.00,1,0,0
8273,3.288,97.10,319.00,1,0,0
8276,3.292,97.60,329.00,1,0,0
8278,3.292,96.80,318.00,1,0,0
8280,3.292,96.80,318.00,1,0,0
8293,3.288,96.50,318.00,1,0,0
8296,3.288,96.10,319.00,1,0,0
8298,3.292,96.60,318.00,1,0,0
8301,3.288,96.70,318.00,1,0,0
8303,3.288,97.80,331.00,1,0,0
8306,3.292,98.90,326.00,1,0,0
8308,3.288,96.80,318.00,1,0,0
8310,3.288,96.70,316.00,1,0,0
8313,3.292,97.60,321.00,1,0,0
8315,3.288,100.20,331.00,1,0,0
8318,3.288,97.00,319.00,1,0,0
8320,3.292,104.70,301.00,1,0,0
8323,3.288,90.10,297.00,1,0,0
8325,3.288,96.50,318.00,1,0,0
8328,3.292,96.30,316.00,1,0,0
8330,3.292,99.80,328.00,1,0,0
8343,3.288,96.00,316.00,1,0,0
8345,3.288,96.50,318.00,1,0,0
8348,3.292,96.70,318.00,1,0,0
8350,3.288,98.10,323.00,1,0,0
8353,3.288,95.80,315.00,1,0,0
8355,3.288,96.80,323.00,1,0,0
8358,3.288,97.00,319.00,1,0,0
8360,3.288,96.10,316.00,1,0,0
8363,3.288,97.00,331.00,1,0,0
8365,3.288,97.00,319.00,1,0,0
8368,3.288,97.60,321.00,1,0,0
8370,3.292,103.60,318.00,1,0,0
8373,3.288,91.40,300.00,1,0,0
8375,3.288,99.40,328.00,1,0,0
8377,3.292,95.90,316.00,1,0,0
8380,3.292,100.70,319.00,1,0,0
8393,3.292,96.10,316.00,1,0,0
8395,3.288,96.60,318.00,1,0,0
8398,3.288,97.30,319.00,1,0,0
8400,3.292,96.90,323.00,1,0,0
8403,3.288,96.30,316.00,1,0,0
8405,3.288,97.20,319.00,1,0,0
8407,3.292,96.60,318.00,1,0,0
8410,3.288,96.40,318.00,1,0,0
8412,3.288,96.70,318.00,1,0,0
8415,3.292,97.00,321.00,1,0,0
8417,3.288,96.80,318.00,1,0,0
8420,3.288,105.80,347.00,1,0,0
8422,3.288,96.80,329.00,1,0,0
8425,3.288,97.60,321.00,1,0,0
8427,3.288,90.10,297.00,1,0,0
8430,3.292,97.90,318.00,1,0,0
8442,3.292,96.20,316.00,1,0,0
8445,3.292,96.90,318.00,1,0,0
8447,3.288,96.50,318.00,1,0,0
8450,3.288,97.20,319.00,1,0,0
8452,3.288,99.40,319.00,1,0,0
8455,3.288,96.60,318.00,1,0,0
8457,3.292,96.50,318.00,1,0,0
8460,3.288,96.60,319.00,1,0,0
8462,3.288,99.00,326.00,1,0,0
8465,3.292,98.00,323.00,1,0,0
8467,3.288,97.90,318.00,1,0,0
8470,3.288,123.00,405.00,1,0,0
8472,3.288,96.10,316.00,1,0,0
8475,3.288,96.70,316.00,1,0,0
8477,3.288,100.30,331.00,1,0,0
8479,3.288,97.70,321.00,1,0,0
8492,3.292,96.50,318.00,1,0,0
8495,3.288,96.80,318.00,1,0,0
8497,3.288,97.50,321.00,1,0,0
8500,3.288,98.80,324.00,1,0,0
8502,3.288,96.20,316.00,1,0,0
8504,3.288,96.50,316.00,1,0,0
8507,3.288,99.70,328.00,1,0,0
8509,3.292,93.70,308.00,1,0,0
8512,3.292,97.50,323.00,1,0,0
8514,3.292,99.70,328.00,1,0,0
8517,3.288,96.90,318.00,1,0,0
8519,3.288,100.50,385.00,1,0,0
8522,3.288,101.60,334.00,1,0,0
8524,3.292,96.80,318.00,1,0,0
8527,3.288,97.00,303.00,1,0,0
8529,3.288,90.80,298.00,1,0,0
8542,3.292,91.80,300.00,1,0,0
8544,3.288,97.40,319.00,1,0,0
8547,3.288,99.70,329.00,1,0,0
8549,3.288,100.70,318.00,1,0,0
8552,3.288,98.30,324.00,1,0,0
8554,3.288,96.20,316.00,1,0,0
8557,3.288,96.70,318.00,1,0,0
8559,3.292,96.80,318.00,1,0,0
8562,3.288,96.70,318.00,1,0,0
8564,3.292,100.30,318.00,1,0,0
8567,3.288,96.30,316.00,1,0,0
8569,3.292,99.70,328.00,1,0,0
8572,3.280,92.00,328.00,1,0,0
8574,3.288,96.60,318.00,1,0,0
8576,3.288,96.70,318.00,1,0,0
8579,3.288,98.60,326.00,1,0,0
8592,3.292,97.30,319.00,1,0,0
8594,3.288,97.10,319.00,1,0,0
8597,3.288,98.30,323.00,1,0,0
8599,3.288,97.10,319.00,1,0,0
8601,3.292,96.00,316.00,1,0,0
8604,3.292,96.40,318.00,1,0,0
8606,3.292,97.00,319.00,1,0,0
8609,3.288,98.20,321.00,1,0,0
8611,3.288,100.10,329.00,1,0,0
8614,3.292,100.30,331.00,1,0,0
8616,3.292,96.20,316.00,1,0,0
8619,3.288,96.10,315.00,1,0,0
8621,3.288,97.30,321.00,1,0,0
8624,3.292,96.60,318.00,1,0,0
8626,3.288,98.50,324.00,1,0,0
8629,3.288,97.30,319.00,1,0,0
8641,3.288,89.20,293.00,1,0,0
8644,3.288,91.90,305.00,1,0,0
8646,3.288,99.40,326.00,1,0,0
8649,3.288,96.20,316.00,1,0,0
8651,3.288,96.00,318.00,1,0,0
8654,3.292,96.40,316.00,1,0,0
8656,3.288,97.00,319.00,1,0,0
8659,3.288,97.00,319.00,1,0,0
8661,3.288,97.70,318.00,1,0,0
8664,3.288,96.80,318.00,1,0,0
8666,3.288,97.20,319.00,1,0,0
8669,3.288,96.70,318.00,1,0,0
8671,3.280,95.80,315.00,1,0,0
8673,3.288,97.30,319.00,1,0,0
8676,3.288,96.70,321.00,1,0,0
8678,3.288,96.50,318.00,1,0,0
8691,3.292,97.50,321.00,1,0,0
8694,3.292,96.60,318.00,1,0,0
8696,3.288,101.10,318.00,1,0,0
8698,3.292,96.80,318.00,1,0,0
8701,3.288,96.20,316.00,1,0,0
8703,3.288,96.40,318.00,1,0,0
8706,3.288,97.80,321.00,1,0,0
8708,3.288,97.10,319.00,1,0,0
8711,3.292,97.70,321.00,1,0,0
8713,3.288,96.70,326.00,1,0,0
8716,3.292,101.60,334.00,1,0,0
8718,3.288,97.60,321.00,1,0,0
8721,3.276,93.40,324.00,1,0,0
8723,3.288,96.60,318.00,1,0,0
8726,3.288,100.20,329.00,1,0,0
8728,3.292,97.50,318.00,1,0,0
8741,3.288,99.00,319.00,1,0,0
8743,3.288,96.40,316.00,1,0,0
8746,3.288,94.50,311.00,1,0,0
8748,3.288,96.10,316.00,1,0,0
8751,3.292,96.60,318.00,1,0,0
8753,3.292,97.00,319.00,1,0,0
8756,3.288,97.90,318.00,1,0,0
8758,3.288,100.20,329.00,1,0,0
8761,3.292,97.00,319.00,1,0,0
8763,3.288,96.20,318.00,1,0,0
8766,3.288,96.50,318.00,1,0,0
8768,3.288,97.20,319.00,1,0,0
8770,3.272,92.20,303.00,1,0,0
8773,3.288,97.50,334.00,1,0,0
8775,3.292,97.10,319.00,1,0,0
8778,3.288,96.50,318.00,1,0,0
8791,3.288,99.90,328.00,1,0,0
8793,3.292,99.60,318.00,1,0,0
8795,3.292,96.20,316.00,1,0,0
8798,3.292,99.50,328.00,1,0,0
8800,3.288,97.50,323.00,1,0,0
8803,3.288,97.60,321.00,1,0,0
8805,3.288,98.00,323.00,1,0,0
8808,3.288,101.10,328.00,1,0,0
8810,3.288,99.50,328.00,1,0,0
8813,3.288,96.70,318.00,1,0,0
8815,3.292,101.10,319.00,1,0,0
8818,3.288,97.40,321.00,1,0,0
8820,3.288,97.50,321.00,1,0,0
8823,3.284,99.90,324.00,1,0,0
8825,3.288,91.90,301.00,1,0,0
8828,3.288,99.60,328.00,1,0,0
8840,3.288,96.10,316.00,1,0,0
8843,3.288,100.10,329.00,1,0,0
8845,3.288,96.10,293.00,1,0,0
8848,3.292,91.60,301.00,1,0,0
8850,3.288,96.90,319.00,1,0,0
8853,3.288,100.30,319.00,1,0,0
8855,3.288,96.60,318.00,1,0,0
8858,3.288,97.50,321.00,1,0,0
8860,3.292,96.20,318.00,1,0,0
8863,3.292,96.50,318.00,1,0,0
8865,3.292,97.60,321.00,1,0,0
8867,3.292,99.00,321.00,1,0,0
8870,3.288,99.50,328.00,1,0,0
8872,3.292,99.50,328.00,1,0,0
8875,3.292,106.30,305.00,1,0,0
8888,3.292,99.70,328.00,1,0,0
8890,3.288,96.70,324.00,1,0,0
8892,3.288,96.10,316.00,1,0,0
8895,3.292,96.60,318.00,1,0,0
8897,3.292,97.30,321.00,1,0,0
8900,3.292,99.70,328.00,1,0,0
8902,3.292,99.50,328.00,1,0,0
8905,3.288,99.80,336.00,1,0,0
8907,3.292,97.10,319.00,1,0,0
8910,3.292,99.80,329.00,1,0,0
8912,3.288,96.60,318.00,1,0,0
8915,3.288,98.00,323.00,1,0,0
8917,3.288,98.50,324.00,1,0,0
8920,3.288,97.80,318.00,1,0,0
8922,3.288,96.60,318.00,1,0,0
8925,3.292,104.80,344.00,1,0,0
8937,3.288,99.80,328.00,1,0,0
8940,3.288,89.90,295.00,1,0,0
8942,3.288,96.20,316.00,1,0,0
8945,3.292,96.70,318.00,1,0,0
8947,3.288,97.40,319.00,1,0,0
8950,3.288,96.70,323.00,1,0,0
8952,3.288,94.50,311.00,1,0,0
8955,3.288,96.30,316.00,1,0,0
8957,3.288,96.20,315.00,1,0,0
8960,3.288,96.50,318.00,1,0,0
8962,3.288,95.50,315.00,1,0,0
8964,3.288,96.20,319.00,1,0,0
8967,3.288,98.10,323.00,1,0,0
8969,3.288,96.80,318.00,1,0,0
8972,3.288,96.50,319.00,1,0,0
8974,3.288,121.80,400.00,1,0,0
8987,3.288,96.80,331.00,1,0,0
8989,3.292,97.00,319.00,1,0,0
8992,3.292,96.50,318.00,1,0,0
8994,3.288,97.70,318.00,1,0,0
8997,3.288,97.50,321.00,1,0,0
8999,3.288,95.30,313.00,1,0,0
9002,3.288,97.00,318.00,1,0,0
9004,3.288,96.30,316.00,1,0,0
9007,3.292,97.30,319.00,1,0,0
9009,3.288,96.90,323.00,1,0,0
9012,3.288,98.00,323.00,1,0,0
9014,3.296,99.20,326.00,1,0,0
9017,3.292,99.80,318.00,1,0,0
9019,3.288,98.90,326.00,1,0,0
9022,3.288,96.70,318.00,1,0,0
9024,3.292,96.60,336.00,1,0,0
9037,3.288,100.70,319.00,1,0,0
9039,3.288,96.70,318.00,1,0,0
9042,3.292,90.40,298.00,1,0,0
9044,3.288,97.50,321.00,1,0,0
9047,3.292,98.40,324.00,1,0,0
9049,3.288,96.70,318.00,1,0,0
9052,3.288,96.50,318.00,1,0,0
9054,3.288,91.40,316.00,1,0,0
9057,3.292,96.80,318.00,1,0,0
9059,3.288,96.50,318.00,1,0,0
9061,3.288,98.60,318.00,1,0,0
9064,3.288,99.40,328.00,1,0,0
9066,3.292,100.10,329.00,1,0,0
9069,3.292,98.90,316.00,1,0,0
9071,3.292,93.30,306.00,1,0,0
9074,3.292,97.60,321.00,1,0,0
9086,3.292,96.40,316.00,1,0,0
9089,3.288,96.80,318.00,1,0,0
9091,3.288,96.90,318.00,1,0,0
9094,3.288,97.80,321.00,1,0,0
9096,3.288,97.10,319.00,1,0,0
9099,3.288,97.00,319.00,1,0,0
9101,3.288,100.10,329.00,1,0,0
9104,3.292,96.30,316.00,1,0,0
9106,3.292,96.60,318.00,1,0,0
9109,3.292,97.20,319.00,1,0,0
9111,3.288,100.60,331.00,1,0,0
9114,3.288,97.20,319.00,1,0,0
9116,3.288,96.60,318.00,1,0,0
9119,3.288,97.50,321.00,1,0,0
9121,3.292,96.60,316.00,1,0,0
9124,3.292,97.10,319.00,1,0,0
9136,3.292,100.70,331.00,1,0,0
9139,3.288,96.60,318.00,1,0,0
9141,3.288,97.90,321.00,1,0,0
9144,3.288,90.00,297.00,1,0,0
9146,3.288,96.80,318.00,1,0,0
9149,3.288,96.20,333.00,1,0,0
9151,3.292,96.00,316.00,1,0,0
9154,3.288,96.60,318.00,1,0,0
9156,3.288,91.60,308.00,1,0,0
9158,3.276,99.70,319.00,1,0,0
9161,3.288,98.90,326.00,1,0,0
9163,3.288,101.10,333.00,1,0,0
9166,3.288,96.70,316.00,1,0,0
9168,3.288,98.70,324.00,1,0,0
9171,3.292,97.00,319.00,1,0,0
9173,3.288,98.90,326.00,1,0,0
9186,3.292,100.30,323.00,1,0,0
9188,3.292,97.00,319.00,1,0,0
9191,3.288,96.60,318.00,1,0,0
9193,3.288,102.40,319.00,1,0,0
9196,3.288,99.50,328.00,1,0,0
9198,3.288,96.10,316.00,1,0,0
9201,3.292,95.30,319.00,1,0,0
9203,3.292,100.80,331.00,1,0,0
9206,3.292,97.10,319.00,1,0,0
9208,3.288,100.00,321.00,1,0,0
9211,3.292,100.10,329.00,1,0,0
9213,3.288,94.00,310.00,1,0,0
9216,3.292,99.80,329.00,1,0,0
9218,3.292,96.50,329.00,1,0,0
9221,3.292,96.90,319.00,1,0,0
9233,3.292,98.00,323.00,1,0,0
9236,3.292,100.20,329.00,1,0,0
9238,3.288,97.90,319.00,1,0,0
9241,3.288,98.30,323.00,1,0,0
9243,3.288,95.50,315.00,1,0,0
9246,3.288,89.70,315.00,1,0,0
9248,3.288,96.30,316.00,1,0,0
9251,3.292,100.10,329.00,1,0,0
9253,3.288,96.80,323.00,1,0,0
9256,3.288,96.40,316.00,1,0,0
9258,3.288,92.10,303.00,1,0,0
9260,3.288,97.00,316.00,1,0,0
9263,3.288,96.20,316.00,1,0,0
9265,3.296,99.60,328.00,1,0,0
9268,3.288,98.30,331.00,1,0,0
9270,3.292,97.40,319.00,1,0,0
9283,3.292,97.20,318.00,1,0,0
9285,3.288,99.60,328.00,1,0,0
9288,3.288,98.70,324.00,1,0,0
9290,3.288,97.00,318.00,1,0,0
9293,3.288,96.50,318.00,1,0,0
9295,3.288,96.80,318.00,1,0,0
9298,3.292,97.00,319.00,1,0,0
9300,3.288,96.90,318.00,1,0,0
9303,3.292,100.00,329.00,1,0,0
9305,3.288,96.50,324.00,1,0,0
9308,3.288,97.00,319.00,1,0,0
9310,3.288,96.80,318.00,1,0,0
9313,3.288,96.80,316.00,1,0,0
9315,3.288,95.50,315.00,1,0,0
9318,3.292,97.70,321.00,1,0,0
9320,3.288,97.60,319.00,1,0,0
9333,3.288,97.00,319.00,1,0,0
9335,3.292,97.20,319.00,1,0,0
9338,3.288,97.00,319.00,1,0,0
9340,3.292,96.40,316.00,1,0,0
9343,3.288,100.90,328.00,1,0,0
9345,3.292,96.10,316.00,1,0,0
9348,3.288,96.70,318.00,1,0,0
9350,3.288,90.20,311.00,1,0,0
9353,3.288,99.80,328.00,1,0,0
9355,3.288,97.20,319.00,1,0,0
9357,3.288,97.70,316.00,1,0,0
9360,3.288,95.70,315.00,1,0,0
9362,3.288,96.20,316.00,1,0,0
9365,3.288,96.60,328.00,1,0,0
9367,3.292,100.60,331.00,1,0,0
9370,3.288,98.00,323.00,1,0,0
9383,3.292,100.00,329.00,1,0,0
9385,3.292,98.80,319.00,1,0,0
9387,3.288,102.10,336.00,1,0,0
9390,3.292,96.90,318.00,1,0,0
9392,3.288,100.60,331.00,1,0,0
9395,3.288,96.70,318.00,1,0,0
9397,3.288,99.70,328.00,1,0,0
9400,3.292,98.50,324.00,1,0,0
9402,3.292,99.10,328.00,1,0,0
9405,3.292,99.90,329.00,1,0,0
9407,3.288,96.60,318.00,1,0,0
9410,3.288,94.40,316.00,1,0,0
9412,3.292,96.40,316.00,1,0,0
9415,3.288,98.00,323.00,1,0,0
9417,3.288,98.00,323.00,1,0,0
9420,3.288,97.20,319.00,1,0,0
9432,3.292,97.20,319.00,1,0,0
9435,3.288,97.70,321.00,1,0,0
9437,3.292,100.10,334.00,1,0,0
9440,3.292,96.20,316.00,1,0,0
9442,3.288,91.00,300.00,1,0,0
9445,3.292,90.90,319.00,1,0,0
9447,3.292,97.10,319.00,1,0,0
9450,3.288,99.30,328.00,1,0,0
9452,3.292,90.20,297.00,1,0,0
9454,3.288,95.90,323.00,1,0,0
9457,3.288,96.00,316.00,1,0,0
9459,3.288,96.10,316.00,1,0,0
9462,3.288,97.60,301.00,1,0,0
9464,3.288,97.50,321.00,1,0,0
9467,3.288,97.70,321.00,1,0,0
9469,3.292,96.90,318.00,1,0,0
9482,3.288,96.90,324.00,1,0,0
9484,3.288,97.10,319.00,1,0,0
9487,3.288,96.20,316.00,1,0,0
9489,3.288,97.00,319.00,1,0,0
9492,3.288,95.90,316.00,1,0,0
9494,3.288,97.00,319.00,1,0,0
9497,3.292,96.60,318.00,1,0,0
9499,3.292,97.20,319.00,1,0,0
9502,3.288,96.90,318.00,1,0,0
9504,3.288,96.90,321.00,1,0,0
9507,3.288,96.10,316.00,1,0,0
9509,3.288,96.70,318.00,1,0,0
9512,3.288,97.00,319.00,1,0,0
9514,3.288,97.50,318.00,1,0,0
9517,3.288,96.40,316.00,1,0,0
9519,3.288,97.20,319.00,1,0,0
9532,3.288,101.70,334.00,1,0,0
9534,3.292,99.30,328.00,1,0,0
9537,3.292,96.80,318.00,1,0,0
9539,3.288,96.00,316.00,1,0,0
9542,3.288,96.60,319.00,1,0,0
9544,3.292,100.20,329.00,1,0,0
9547,3.288,99.40,328.00,1,0,0
9549,3.288,97.20,319.00,1,0,0
9552,3.288,90.60,298.00,1,0,0
9554,3.288,96.40,316.00,1,0,0
9556,3.292,96.40,318.00,1,0,0
9559,3.288,97.50,321.00,1,0,0
9561,3.288,98.50,324.00,1,0,0
9564,3.292,90.20,297.00,1,0,0
9566,3.288,92.00,318.00,1,0,0
9569,3.288,96.10,316.00,1,0,0
9581,3.288,97.20,319.00,1,0,0
9584,3.288,96.80,318.00,1,0,0
9586,3.288,96.40,319.00,1,0,0
9589,3.292,96.70,318.00,1,0,0
9591,3.292,97.90,323.00,1,0,0
9594,3.288,99.80,328.00,1,0,0
9596,3.288,99.50,328.00,1,0,0
9599,3.292,97.10,319.00,1,0,0
9601,3.288,96.60,316.00,1,0,0
9604,3.288,96.20,316.00,1,0,0
9606,3.288,98.70,324.00,1,0,0
9609,3.288,97.10,321.00,1,0,0
9611,3.288,98.20,323.00,1,0,0
9614,3.288,100.20,329.00,1,0,0
9616,3.288,96.80,311.00,1,0,0
9619,3.288,96.00,316.00,1,0,0
9631,3.288,96.80,316.00,1,0,0
9634,3.288,96.40,316.00,1,0,0
9636,3.288,96.90,318.00,1,0,0
9639,3.288,97.10,318.00,1,0,0
9641,3.288,97.80,321.00,1,0,0
9644,3.288,97.00,319.00,1,0,0
9646,3.288,97.20,316.00,1,0,0
9649,3.288,99.60,328.00,1,0,0
9651,3.288,96.00,316.00,1,0,0
9653,3.292,99.50,321.00,1,0,0
9656,3.288,90.20,297.00,1,0,0
9658,3.288,97.80,321.00,1,0,0
9661,3.288,98.40,318.00,1,0,0
9663,3.288,98.40,323.00,1,0,0
9666,3.288,96.60,318.00,1,0,0
9668,3.288,92.10,316.00,1,0,0
9681,3.288,96.90,318.00,1,0,0
9683,3.288,96.10,318.00,1,0,0
9686,3.288,96.70,318.00,1,0,0
9688,3.288,97.40,319.00,1,0,0
9691,3.292,99.80,321.00,1,0,0
9693,3.284,97.00,319.00,1,0,0
9696,3.288,99.90,328.00,1,0,0
9698,3.288,96.10,316.00,1,0,0
9701,3.288,96.40,316.00,1,0,0
9703,3.288,96.60,318.00,1,0,0
9706,3.288,97.00,324.00,1,0,0
9708,3.288,98.30,323.00,1,0,0
9711,3.288,99.00,326.00,1,0,0
9713,3.288,96.30,318.00,1,0,0
9716,3.288,96.20,316.00,1,0,0
9718,3.288,95.90,315.00,1,0,0
9731,3.288,96.10,316.00,1,0,0
9733,3.292,98.70,316.00,1,0,0
9736,3.292,96.50,329.00,1,0,0
9738,3.292,97.60,321.00,1,0,0
9741,3.288,99.70,328.00,1,0,0
9743,3.288,97.00,319.00,1,0,0
9746,3.288,96.30,316.00,1,0,0
9748,3.288,98.70,324.00,1,0,0
9750,3.292,96.30,318.00,1,0,0
9753,3.288,98.00,323.00,1,0,0
9755,3.288,97.50,321.00,1,0,0
9758,3.288,97.30,297.00,1,0,0
9760,3.288,96.00,316.00,1,0,0
9763,3.288,97.00,319.00,1,0,0
9765,3.288,96.20,318.00,1,0,0
9768,3.292,96.30,316.00,1,0,0
9780,3.292,96.30,316.00,1,0,0
9783,3.288,96.60,318.00,1,0,0
9785,3.288,97.10,321.00,1,0,0
9788,3.292,99.20,326.00,1,0,0
9790,3.288,97.70,321.00,1,0,0
9793,3.288,97.20,319.00,1,0,0
9795,3.288,97.20,319.00,1,0,0
9798,3.292,97.10,319.00,1,0,0
9800,3.288,96.80,318.00,1,0,0
9803,3.292,98.20,319.00,1,0,0
9805,3.288,96.40,316.00,1,0,0
9808,3.288,96.80,318.00,1,0,0
9810,3.288,97.70,331.00,1,0,0
9813,3.292,96.10,316.00,1,0,0
9815,3.288,96.40,318.00,1,0,0
9817,3.292,96.50,319.00,1,0,0
9830,3.292,96.20,318.00,1,0,0
9833,3.292,99.60,328.00,1,0,0
9835,3.292,97.00,319.00,1,0,0
9838,3.288,96.70,321.00,1,0,0
9840,3.288,97.30,319.00,1,0,0
9843,3.288,96.90,318.00,1,0,0
9845,3.288,97.60,316.00,1,0,0
9847,3.288,96.90,318.00,1,0,0
9850,3.288,96.80,318.00,1,0,0
9852,3.288,97.70,321.00,1,0,0
9855,3.288,96.80,328.00,1,0,0
9857,3.288,96.30,316.00,1,0,0
9860,3.292,90.10,297.00,1,0,0
9862,3.292,96.00,316.00,1,0,0
9865,3.288,96.40,316.00,1,0,0
9867,3.288,97.00,319.00,1,0,0
9880,3.292,95.80,315.00,1,0,0
9882,3.288,98.10,318.00,1,0,0
9885,3.288,97.50,321.00,1,0,0
9887,3.288,97.10,319.00,1,0,0
9890,3.288,96.80,316.00,1,0,0
9892,3.292,97.70,321.00,1,0,0
9895,3.288,97.30,319.00,1,0,0
9897,3.288,97.10,318.00,1,0,0
9900,3.288,100.20,329.00,1,0,0
9902,3.288,97.00,319.00,1,0,0
9905,3.288,96.60,319.00,1,0,0
9907,3.288,96.50,318.00,1,0,0
9910,3.288,96.40,316.00,1,0,0
9912,3.288,96.30,316.00,1,0,0
9915,3.288,97.50,319.00,1,0,0
9917,3.288,99.60,328.00,1,0,0
9930,3.288,96.30,316.00,1,0,0
9932,3.288,97.00,319.00,1,0,0
9935,3.288,96.90,318.00,1,0,0
9937,3.288,97.70,321.00,1,0,0
9940,3.288,96.90,318.00,1,0,0
9942,3.292,96.20,328.00,1,0,0
9944,3.292,97.30,321.00,1,0,0
9947,3.288,97.20,319.00,1,0,0
9949,3.292,97.20,321.00,1,0,0
9952,3.288,96.70,318.00,1,0,0
9954,3.288,100.40,331.00,1,0,0
9957,3.288,96.20,316.00,1,0,0
9959,3.292,96.20,316.00,1,0,0
9962,3.288,97.10,319.00,1,0,0
9964,3.288,90.30,297.00,1,0,0
9967,3.288,98.70,323.00,1,0,0
9979,3.288,96.40,319.00,1,0,0
9982,3.288,97.90,321.00,1,0,0
9984,3.288,97.80,321.00,1,0,0
9987,3.288,96.10,316.00,1,0,0
9989,3.292,96.10,316.00,1,0,0
9992,3.292,96.10,316.00,1,0,0
9994,3.292,96.50,318.00,1,0,0
9997,3.288,97.00,319.00,1,0,0
9999,3.288,98.40,324.00,1,0,0
10002,3.288,96.90,331.00,1,0,0
10004,3.288,96.10,316.00,1,0,0
10007,3.288,96.10,316.00,1,0,0
10009,3.288,96.90,316.00,1,0,0
10012,3.288,96.00,316.00,1,0,0
10014,3.292,95.00,313.00,1,0,0
10027,3.292,96.50,318.00,1,0,0
10029,3.288,97.10,319.00,1,0,0
10032,3.296,101.10,321.00,1,0,0
10034,3.288,99.60,328.00,1,0,0
10036,3.292,96.40,318.00,1,0,0
10039,3.288,96.40,316.00,1,0,0
10041,3.288,96.80,318.00,1,0,0
10044,3.288,98.30,323.00,1,0,0
10046,3.292,100.30,318.00,1,0,0
10049,3.288,96.50,318.00,1,0,0
10051,3.288,101.60,334.00,1,0,0
10054,3.288,99.30,316.00,1,0,0
10056,3.288,96.50,318.00,1,0,0
10059,3.288,97.20,319.00,1,0,0
10071,3.288,100.40,331.00,1,0,0
10074,3.288,96.10,316.00,1,0,0
10076,3.288,98.80,301.00,1,0,0
10079,3.292,91.60,301.00,1,0,0
10081,3.288,99.70,328.00,1,0,0
10084,3.292,99.80,324.00,1,0,0
10086,3.292,98.20,323.00,1,0,0
10089,3.292,96.10,316.00,1,0,0
10095,3.288,97.30,319.00,1,0,0
10098,3.288,99.70,321.00,1,0,0
10100,3.288,97.20,319.00,1,0,0
10103,3.288,100.10,329.00,1,0,0
10105,3.292,96.90,318.00,1,0,0
10108,3.288,96.60,318.00,1,0,0
10110,3.288,98.60,324.00,1,0,0
10113,3.288,96.40,318.00,1,0,0
10115,3.288,98.20,323.00,1,0,0
10117,3.288,96.70,318.00,1,0,0
10120,3.288,96.10,316.00,1,0,0
10122,3.288,99.60,328.00,1,0,0
10135,3.292,96.20,316.00,1,0,0
10138,3.288,96.10,316.00,1,0,0
10140,3.288,96.60,329.00,1,0,0
10142,3.292,97.40,324.00,1,0,0
10145,3.292,100.30,331.00,1,0,0
10147,3.288,99.30,328.00,1,0,0
10150,3.292,96.90,319.00,1,0,0
10152,3.292,96.10,316.00,1,0,0
10155,3.288,96.50,318.00,1,0,0
10157,3.292,98.00,318.00,1,0,0
10160,3.288,96.70,318.00,1,0,0
10162,3.288,100.30,331.00,1,0,0
10165,3.292,96.60,321.00,1,0,0
10167,3.292,90.00,297.00,1,0,0
10180,3.288,91.30,300.00,1,0,0
10182,3.288,96.40,318.00,1,0,0
10185,3.288,96.10,321.00,1,0,0
10187,3.292,96.70,318.00,1,0,0
10190,3.292,98.70,324.00,1,0,0
10192,3.296,96.20,319.00,1,0,0
10195,3.288,99.50,328.00,1,0,0
10197,3.288,98.90,324.00,1,0,0
10200,3.292,96.20,316.00,1,0,0
10202,3.292,96.80,315.00,1,0,0
10205,3.288,98.40,324.00,1,0,0
10207,3.292,100.40,331.00,1,0,0
10209,3.292,97.40,321.00,1,0,0
10212,3.288,97.10,319.00,1,0,0
10225,3.288,123.70,406.00,1,0,0
10227,3.288,98.80,326.00,1,0,0
10230,3.292,96.10,329.00,1,0,0
10232,3.292,96.60,318.00,1,0,0
10235,3.288,96.60,318.00,1,0,0
10237,3.292,97.00,331.00,1,0,0
10239,3.292,97.50,321.00,1,0,0
10242,3.288,97.00,319.00,1,0,0
10244,3.292,99.50,328.00,1,0,0
10247,3.292,96.10,316.00,1,0,0
10249,3.292,99.40,328.00,1,0,0
10252,3.292,97.20,321.00,1,0,0
10254,3.292,97.10,319.00,1,0,0
10257,3.288,101.40,333.00,1,0,0
10269,3.288,90.30,297.00,1,0,0
10272,3.288,97.20,319.00,1,0,0
10274,3.288,100.10,393.00,1,0,0
10277,3.288,97.60,321.00,1,0,0
10279,3.288,96.30,316.00,1,0,0
10282,3.288,94.40,301.00,1,0,0
10284,3.284,97.30,321.00,1,0,0
10287,3.288,97.10,319.00,1,0,0
10289,3.288,97.20,329.00,1,0,0
10292,3.288,100.70,331.00,1,0,0
10294,3.288,100.10,329.00,1,0,0
10297,3.292,99.90,329.00,1,0,0
10299,3.292,96.30,316.00,1,0,0
10302,3.288,96.30,316.00,1,0,0
10314,3.288,96.10,316.00,1,0,0
10317,3.288,96.70,318.00,1,0,0
10319,3.288,97.00,319.00,1,0,0
10322,3.288,97.00,319.00,1,0,0
10324,3.288,94.30,310.00,1,0,0
10327,3.288,93.70,318.00,1,0,0
10329,3.292,99.50,328.00,1,0,0
10332,3.292,96.60,318.00,1,0,0
10334,3.292,97.30,319.00,1,0,0
10336,3.288,97.30,319.00,1,0,0
10339,3.288,100.00,329.00,1,0,0
10341,3.288,99.20,336.00,1,0,0
10344,3.292,96.10,316.00,1,0,0
10346,3.288,96.10,316.00,1,0,0
10359,3.292,99.20,326.00,1,0,0
10361,3.292,96.50,318.00,1,0,0
10364,3.292,96.90,319.00,1,0,0
10366,3.292,96.90,318.00,1,0,0
10369,3.288,97.40,319.00,1,0,0
10371,3.288,98.20,316.00,1,0,0
10374,3.288,90.40,297.00,1,0,0
10376,3.288,95.80,315.00,1,0,0
10379,3.288,96.80,316.00,1,0,0
10381,3.288,96.20,316.00,1,0,0
10384,3.288,89.30,293.00,1,0,0
10386,3.288,91.80,306.00,1,0,0
10389,3.292,96.00,316.00,1,0,0
10391,3.288,95.80,315.00,1,0,0
10404,3.288,96.50,318.00,1,0,0
10406,3.288,93.80,300.00,1,0,0
10409,3.288,89.10,293.00,1,0,0
10411,3.288,89.70,295.00,1,0,0
10414,3.288,92.20,306.00,1,0,0
10416,3.288,94.70,311.00,1,0,0
10419,3.288,96.50,318.00,1,0,0
10421,3.288,97.60,328.00,1,0,0
10424,3.292,96.60,324.00,1,0,0
10426,3.284,95.50,315.00,1,0,0
10429,3.292,100.10,329.00,1,0,0
10431,3.292,98.00,318.00,1,0,0
10433,3.288,98.20,323.00,1,0,0
10436,3.288,98.10,323.00,1,0,0
10449,3.288,97.60,321.00,1,0,0
10451,3.292,96.90,321.00,1,0,0
10454,3.288,99.10,326.00,1,0,0
10456,3.288,96.60,318.00,1,0,0
10458,3.292,99.80,328.00,1,0,0
10461,3.292,97.60,321.00,1,0,0
10463,3.288,96.90,318.00,1,0,0
10466,3.288,97.10,321.00,1,0,0
10468,3.288,97.30,319.00,1,0,0
10471,3.292,99.90,328.00,1,0,0
10473,3.288,99.90,323.00,1,0,0
10476,3.288,89.70,295.00,1,0,0
10478,3.280,97.30,321.00,1,0,0
10481,3.292,97.10,319.00,1,0,0
10493,3.292,99.80,329.00,1,0,0
10496,3.292,96.60,321.00,1,0,0
10498,3.292,97.50,321.00,1,0,0
10501,3.292,96.90,318.00,1,0,0
10503,3.292,99.50,328.00,1,0,0
10506,3.292,96.20,316.00,1,0,0
10508,3.288,96.70,318.00,1,0,0
10511,3.292,97.20,318.00,1,0,0
10513,3.292,97.80,321.00,1,0,0
10516,3.292,97.10,319.00,1,0,0
10518,3.288,97.30,318.00,1,0,0
10521,3.288,96.40,316.00,1,0,0
10523,3.288,96.80,318.00,1,0,0
10526,3.272,93.30,324.00,1,0,0
10538,3.292,97.20,319.00,1,0,0
10541,3.292,96.30,318.00,1,0,0
10543,3.292,96.60,318.00,1,0,0
10546,3.288,98.90,326.00,1,0,0
10548,3.292,99.00,323.00,1,0,0
10551,3.288,99.90,329.00,1,0,0
10553,3.288,96.60,318.00,1,0,0
10556,3.292,96.20,331.00,1,0,0
10558,3.288,96.80,318.00,1,0,0
10560,3.288,97.50,321.00,1,0,0
10563,3.288,97.20,319.00,1,0,0
10565,3.288,99.00,326.00,1,0,0
10568,3.288,99.00,326.00,1,0,0
10570,3.292,100.00,326.00,1,0,0
10583,3.292,95.40,318.00,1,0,0
10585,3.288,96.80,318.00,1,0,0
10588,3.288,97.50,321.00,1,0,0
10590,3.292,91.50,301.00,1,0,0
10593,3.292,96.60,318.00,1,0,0
10595,3.288,97.40,319.00,1,0,0
10598,3.292,98.30,323.00,1,0,0
10600,3.288,97.00,319.00,1,0,0
10603,3.292,96.90,319.00,1,0,0
10605,3.292,100.60,331.00,1,0,0
10608,3.288,97.30,323.00,1,0,0
10610,3.292,98.60,324.00,1,0,0
10613,3.288,97.70,321.00,1,0,0
10615,3.288,90.50,298.00,1,0,0
10628,3.292,97.50,319.00,1,0,0
10630,3.288,97.70,321.00,1,0,0
10633,3.288,97.00,319.00,1,0,0
10635,3.292,96.90,316.00,1,0,0
10638,3.288,96.40,316.00,1,0,0
10640,3.292,98.70,324.00,1,0,0
10643,3.288,97.30,323.00,1,0,0
10645,3.288,97.30,319.00,1,0,0
10648,3.288,96.30,316.00,1,0,0
10650,3.292,99.80,329.00,1,0,0
10653,3.292,99.50,318.00,1,0,0
10655,3.292,99.90,329.00,1,0,0
10657,3.288,97.10,319.00,1,0,0
10660,3.292,96.70,326.00,1,0,0
10673,3.292,96.90,319.00,1,0,0
10675,3.288,91.80,301.00,1,0,0
10678,3.288,91.10,300.00,1,0,0
10680,3.292,92.00,316.00,1,0,0
10682,3.288,99.90,329.00,1,0,0
10685,3.292,96.40,318.00,1,0,0
10687,3.292,96.80,313.00,1,0,0
10690,3.292,90.30,297.00,1,0,0
10692,3.288,91.60,301.00,1,0,0
10695,3.288,99.30,319.00,1,0,0
10697,3.288,96.80,318.00,1,0,0
10700,3.292,97.00,319.00,1,0,0
10702,3.288,96.20,318.00,1,0,0
10705,3.292,99.50,318.00,1,0,0
10717,3.288,97.20,326.00,1,0,0
10720,3.292,97.00,319.00,1,0,0
10722,3.296,99.80,329.00,1,0,0
10725,3.288,100.60,318.00,1,0,0
10727,3.288,114.10,375.00,1,0,0
10730,3.288,97.00,319.00,1,0,0
10732,3.292,96.70,324.00,1,0,0
10735,3.292,99.50,328.00,1,0,0
10737,3.292,96.30,316.00,1,0,0
10740,3.292,99.50,329.00,1,0,0
10742,3.292,97.10,319.00,1,0,0
10745,3.288,98.20,323.00,1,0,0
10747,3.292,98.10,316.00,1,0,0
10750,3.292,100.10,329.00,1,0,0
10762,3.288,96.80,316.00,1,0,0
10765,3.292,100.00,329.00,1,0,0
10767,3.292,96.20,316.00,1,0,0
10770,3.292,96.80,313.00,1,0,0
10772,3.288,98.60,324.00,1,0,0
10775,3.288,99.20,324.00,1,0,0
10777,3.288,99.70,318.00,1,0,0
10779,3.292,92.10,303.00,1,0,0
10782,3.288,91.30,300.00,1,0,0
10784,3.292,96.50,318.00,1,0,0
10787,3.288,97.70,321.00,1,0,0
10789,3.288,97.40,319.00,1,0,0
10792,3.288,89.00,297.00,1,0,0
10794,3.288,91.90,301.00,1,0,0
10807,3.288,98.40,323.00,1,0,0
10809,3.288,100.00,329.00,1,0,0
10812,3.292,97.70,316.00,1,0,0
10814,3.292,96.20,316.00,1,0,0
10817,3.292,97.20,319.00,1,0,0
10819,3.288,96.80,318.00,1,0,0
10822,3.288,96.80,319.00,1,0,0
10824,3.288,97.60,321.00,1,0,0
10827,3.284,97.10,319.00,1,0,0
10829,3.288,96.60,349.00,1,0,0
10832,3.292,96.70,318.00,1,0,0
10834,3.264,94.30,310.00,1,0,0
10837,3.288,97.10,323.00,1,0,0
10839,3.288,96.90,318.00,1,0,0
10852,3.292,97.70,321.00,1,0,0
10854,3.292,100.60,331.00,1,0,0
10857,3.292,97.20,331.00,1,0,0
10859,3.288,97.60,321.00,1,0,0
10862,3.292,100.10,329.00,1,0,0
10864,3.292,96.50,315.00,1,0,0
10867,3.292,97.00,319.00,1,0,0
10869,3.288,97.60,321.00,1,0,0
10872,3.288,97.10,318.00,1,0,0
10874,3.288,97.20,334.00,1,0,0
10877,3.292,95.80,315.00,1,0,0
10879,3.288,96.20,316.00,1,0,0
10881,3.288,94.50,318.00,1,0,0
10884,3.288,90.30,297.00,1,0,0
10897,3.288,91.50,301.00,1,0,0
10899,3.288,97.80,321.00,1,0,0
10902,3.292,95.30,319.00,1,0,0
10904,3.288,97.30,319.00,1,0,0
10906,3.288,97.70,321.00,1,0,0
10909,3.288,97.50,316.00,1,0,0
10911,3.292,94.70,311.00,1,0,0
10914,3.292,96.50,318.00,1,0,0
10916,3.292,96.40,319.00,1,0,0
10919,3.288,98.50,324.00,1,0,0
10921,3.292,97.60,321.00,1,0,0
10924,3.288,96.40,318.00,1,0,0
10926,3.292,96.80,318.00,1,0,0
10929,3.288,96.80,318.00,1,0,0
10941,3.292,96.70,318.00,1,0,0
10944,3.288,97.10,319.00,1,0,0
10946,3.292,98.10,321.00,1,0,0
10949,3.292,97.60,321.00,1,0,0
10951,3.292,97.90,321.00,1,0,0
10954,3.288,96.80,328.00,1,0,0
10956,3.292,98.50,324.00,1,0,0
10959,3.288,96.20,316.00,1,0,0
10961,3.292,96.50,318.00,1,0,0
10964,3.288,97.10,319.00,1,0,0
10966,3.288,98.10,323.00,1,0,0
10969,3.288,96.50,316.00,1,0,0
10971,3.292,96.30,316.00,1,0,0
10974,3.288,98.40,323.00,1,0,0
10986,3.288,96.50,318.00,1,0,0
10989,3.288,90.40,297.00,1,0,0
10991,3.288,98.80,316.00,1,0,0
10994,3.288,99.80,329.00,1,0,0
10996,3.292,96.20,316.00,1,0,0
10999,3.284,96.40,301.00,1,0,0
11001,3.288,97.00,319.00,1,0,0
11003,3.288,100.50,331.00,1,0,0
11006,3.292,98.40,318.00,1,0,0
11008,3.288,97.70,321.00,1,0,0
11011,3.288,96.60,318.00,1,0,0
11013,3.288,96.40,323.00,1,0,0
11016,3.292,96.90,318.00,1,0,0
11018,3.288,97.90,321.00,1,0,0
11031,3.288,95.20,313.00,1,0,0
11033,3.288,96.60,318.00,1,0,0
11036,3.288,96.00,316.00,1,0,0
11038,3.288,96.00,316.00,1,0,0
11041,3.292,100.10,329.00,1,0,0
11043,3.292,99.60,328.00,1,0,0
11046,3.292,97.10,319.00,1,0,0
11048,3.292,99.00,326.00,1,0,0
11051,3.288,95.10,328.00,1,0,0
11053,3.288,102.60,338.00,1,0,0
11056,3.288,96.50,318.00,1,0,0
11058,3.292,96.50,318.00,1,0,0
11061,3.292,96.90,318.00,1,0,0
11063,3.288,97.80,321.00,1,0,0
11076,3.292,100.30,331.00,1,0,0
11078,3.292,98.50,323.00,1,0,0
11081,3.284,93.30,306.00,1,0,0
11083,3.292,97.20,319.00,1,0,0
11086,3.292,98.00,318.00,1,0,0
11088,3.288,90.00,297.00,1,0,0
11091,3.288,96.80,318.00,1,0,0
11093,3.288,97.00,319.00,1,0,0
11096,3.288,99.10,326.00,1,0,0
11098,3.292,90.20,297.00,1,0,0
11100,3.288,90.00,297.00,1,0,0
11103,3.288,95.10,315.00,1,0,0
11105,3.288,96.40,318.00,1,0,0
11108,3.292,96.80,318.00,1,0,0
11121,3.292,96.60,318.00,1,0,0
11123,3.288,96.90,319.00,1,0,0
11126,3.288,96.70,318.00,1,0,0
11128,3.288,98.20,323.00,1,0,0
11130,3.284,97.60,303.00,1,0,0
11133,3.288,96.90,319.00,1,0,0
11135,3.288,96.70,318.00,1,0,0
11138,3.288,96.50,329.00,1,0,0
11140,3.292,97.10,319.00,1,0,0
11143,3.292,97.40,319.00,1,0,0
11145,3.292,97.10,319.00,1,0,0
11148,3.288,99.40,328.00,1,0,0
11150,3.288,96.20,316.00,1,0,0
11153,3.292,96.10,315.00,1,0,0
11165,3.292,99.70,328.00,1,0,0
11168,3.292,99.60,319.00,1,0,0
11170,3.292,96.30,316.00,1,0,0
11173,3.288,98.90,324.00,1,0,0
11175,3.288,97.10,319.00,1,0,0
11178,3.288,96.90,318.00,1,0,0
11180,3.284,99.70,328.00,1,0,0
11183,3.292,99.70,387.00,1,0,0
11185,3.284,97.00,319.00,1,0,0
11188,3.292,97.10,319.00,1,0,0
11190,3.292,96.80,319.00,1,0,0
11193,3.288,90.10,297.00,1,0,0
11195,3.292,96.60,318.00,1,0,0
11198,3.288,96.60,326.00,1,0,0
11210,3.292,99.60,328.00,1,0,0
11213,3.292,90.80,323.00,1,0,0
11215,3.292,96.50,318.00,1,0,0
11218,3.292,96.30,316.00,1,0,0
11220,3.292,96.60,319.00,1,0,0
11223,3.288,101.10,333.00,1,0,0
11225,3.288,97.10,319.00,1,0,0
11227,3.288,97.10,316.00,1,0,0
11230,3.288,115.80,380.00,1,0,0
11232,3.292,96.70,318.00,1,0,0
11235,3.288,96.20,319.00,1,0,0
11237,3.288,96.60,318.00,1,0,0
11240,3.288,97.60,321.00,1,0,0
11242,3.292,97.40,328.00,1,0,0
11255,3.292,97.90,329.00,1,0,0
11257,3.292,97.30,319.00,1,0,0
11260,3.288,97.50,321.00,1,0,0
11262,3.292,96.50,318.00,1,0,0
11265,3.292,96.40,316.00,1,0,0
11267,3.288,96.20,316.00,1,0,0
11270,3.288,98.00,323.00,1,0,0
11272,3.288,97.40,321.00,1,0,0
11275,3.288,100.40,329.00,1,0,0
11277,3.292,98.30,323.00,1,0,0
11280,3.288,96.00,305.00,1,0,0
11282,3.288,95.50,315.00,1,0,0
11285,3.292,96.50,318.00,1,0,0
11287,3.292,97.00,328.00,1,0,0
11300,3.292,96.70,316.00,1,0,0
11302,3.288,96.60,318.00,1,0,0
11305,3.288,98.20,323.00,1,0,0
11307,3.288,92.20,328.00,1,0,0
11310,3.288,97.10,319.00,1,0,0
11312,3.292,95.90,316.00,1,0,0
11315,3.292,96.20,323.00,1,0,0
11317,3.292,97.10,319.00,1,0,0
11320,3.288,96.90,318.00,1,0,0
11322,3.288,100.00,329.00,1,0,0
11324,3.288,97.50,318.00,1,0,0
11327,3.288,96.30,316.00,1,0,0
11329,3.288,97.00,318.00,1,0,0
11332,3.288,96.90,329.00,1,0,0
11345,3.288,96.60,323.00,1,0,0
11347,3.288,96.10,316.00,1,0,0
11350,3.292,96.80,318.00,1,0,0
11352,3.292,100.10,319.00,1,0,0
11354,3.288,97.30,319.00,1,0,0
11357,3.292,98.20,323.00,1,0,0
11359,3.288,97.00,331.00,1,0,0
11362,3.292,96.10,316.00,1,0,0
11364,3.292,93.60,308.00,1,0,0
11367,3.292,95.80,319.00,1,0,0
11369,3.288,97.10,319.00,1,0,0
11372,3.288,97.50,321.00,1,0,0
11374,3.288,97.20,319.00,1,0,0
11377,3.292,98.30,324.00,1,0,0
11389,3.292,99.70,319.00,1,0,0
11392,3.288,96.50,318.00,1,0,0
11394,3.292,92.70,305.00,1,0,0
11397,3.288,90.40,318.00,1,0,0
11399,3.288,101.00,333.00,1,0,0
11402,3.288,97.50,321.00,1,0,0
11404,3.288,97.70,329.00,1,0,0
11407,3.292,90.40,298.00,1,0,0
11409,3.288,91.40,300.00,1,0,0
11412,3.292,100.20,316.00,1,0,0
11414,3.288,97.50,321.00,1,0,0
11417,3.288,98.50,324.00,1,0,0
11419,3.288,99.00,319.00,1,0,0
11421,3.288,96.90,319.00,1,0,0
11434,3.288,99.00,321.00,1,0,0
11437,3.292,97.30,321.00,1,0,0
11439,3.288,96.00,316.00,1,0,0
11442,3.292,99.80,318.00,1,0,0
11444,3.288,96.30,316.00,1,0,0
11447,3.288,96.30,316.00,1,0,0
11449,3.288,97.40,323.00,1,0,0
11451,3.292,94.90,311.00,1,0,0
11454,3.288,96.80,318.00,1,0,0
11456,3.288,97.40,318.00,1,0,0
11459,3.288,96.00,316.00,1,0,0
11461,3.292,96.30,316.00,1,0,0
11464,3.292,96.50,321.00,1,0,0
11466,3.288,98.50,324.00,1,0,0
11479,3.292,96.90,318.00,1,0,0
11481,3.280,91.70,301.00,1,0,0
11484,3.292,97.20,319.00,1,0,0
11486,3.288,96.60,324.00,1,0,0
11489,3.292,99.50,328.00,1,0,0
11491,3.292,99.60,328.00,1,0,0
11494,3.288,96.90,319.00,1,0,0
11496,3.288,95.50,315.00,1,0,0
11499,3.288,90.00,297.00,1,0,0
11501,3.292,97.70,319.00,1,0,0
11504,3.288,95.10,313.00,1,0,0
11506,3.288,96.20,316.00,1,0,0
11509,3.288,96.00,323.00,1,0,0
11511,3.288,91.40,300.00,1,0,0
11524,3.288,95.90,316.00,1,0,0
11526,3.288,96.40,316.00,1,0,0
11529,3.288,96.60,323.00,1,0,0
11531,3.272,97.30,321.00,1,0,0
11534,3.292,97.20,319.00,1,0,0
11536,3.292,101.30,328.00,1,0,0
11539,3.292,100.20,329.00,1,0,0
11541,3.292,96.50,318.00,1,0,0
11544,3.292,100.10,329.00,1,0,0
11546,3.288,96.90,318.00,1,0,0
11548,3.292,100.00,329.00,1,0,0
11551,3.288,97.00,319.00,1,0,0
11553,3.292,99.90,333.00,1,0,0
11566,3.288,99.10,318.00,1,0,0
11569,3.292,98.40,323.00,1,0,0
11571,3.292,96.00,316.00,1,0,0
11573,3.288,96.00,318.00,1,0,0
11576,3.288,96.30,316.00,1,0,0
11578,3.288,97.90,321.00,1,0,0
11581,3.276,91.50,319.00,1,0,0
11583,3.288,100.80,331.00,1,0,0
11586,3.288,96.10,316.00,1,0,0
11588,3.292,97.60,316.00,1,0,0
11591,3.292,97.00,318.00,1,0,0
11593,3.292,97.80,323.00,1,0,0
11596,3.288,97.80,323.00,1,0,0
11598,3.292,99.90,328.00,1,0,0
11611,3.288,96.50,318.00,1,0,0
11613,3.288,92.00,303.00,1,0,0
11616,3.288,96.60,318.00,1,0,0
11618,3.288,95.70,319.00,1,0,0
11621,3.292,99.80,329.00,1,0,0
11623,3.292,96.60,318.00,1,0,0
11626,3.288,96.50,318.00,1,0,0
11628,3.288,98.40,323.00,1,0,0
11631,3.276,91.80,301.00,1,0,0
11633,3.292,96.10,324.00,1,0,0
11636,3.292,97.10,319.00,1,0,0
11638,3.292,99.80,328.00,1,0,0
11640,3.292,97.40,319.00,1,0,0
11643,3.288,97.40,319.00,1,0,0
11656,3.292,96.80,316.00,1,0,0
11658,3.288,96.10,316.00,1,0,0
11661,3.292,96.80,318.00,1,0,0
11663,3.288,90.30,297.00,1,0,0
11666,3.288,90.20,297.00,1,0,0
11668,3.288,90.50,298.00,1,0,0
11670,3.292,98.10,323.00,1,0,0
11673,3.288,89.00,293.00,1,0,0
11675,3.288,95.90,316.00,1,0,0
11678,3.288,96.30,316.00,1,0,0
11680,3.288,90.80,298.00,1,0,0
11683,3.288,90.90,300.00,1,0,0
11685,3.288,90.10,297.00,1,0,0
11688,3.288,90.10,297.00,1,0,0
11700,3.288,96.40,316.00,1,0,0
11703,3.292,90.30,297.00,1,0,0
11705,3.292,96.50,318.00,1,0,0
11708,3.292,97.20,329.00,1,0,0
11710,3.288,99.80,329.00,1,0,0
11713,3.292,96.20,316.00,1,0,0
11715,3.288,95.70,303.00,1,0,0
11718,3.288,96.10,316.00,1,0,0
11720,3.292,96.60,318.00,1,0,0
11723,3.292,96.80,318.00,1,0,0
11725,3.288,98.90,326.00,1,0,0
11728,3.288,96.80,318.00,1,0,0
11730,3.292,121.10,301.00,1,0,0
11733,3.288,96.20,316.00,1,0,0
11745,3.292,97.30,321.00,1,0,0
11748,3.292,96.50,318.00,1,0,0
11750,3.288,96.60,318.00,1,0,0
11753,3.288,97.00,319.00,1,0,0
11755,3.288,94.90,311.00,1,0,0
11758,3.288,97.50,321.00,1,0,0
11760,3.292,99.50,328.00,1,0,0
11763,3.292,99.70,328.00,1,0,0
11765,3.292,96.30,316.00,1,0,0
11767,3.288,96.20,329.00,1,0,0
11770,3.292,97.50,321.00,1,0,0
11772,3.292,97.30,319.00,1,0,0
11775,3.292,97.30,324.00,1,0,0
11777,3.288,98.00,323.00,1,0,0
11790,3.292,97.80,323.00,1,0,0
11792,3.288,98.80,324.00,1,0,0
11795,3.288,99.80,318.00,1,0,0
11797,3.292,96.80,318.00,1,0,0
11800,3.292,96.20,316.00,1,0,0
11802,3.288,96.50,321.00,1,0,0
11805,3.288,97.70,321.00,1,0,0
11807,3.288,90.20,297.00,1,0,0
11810,3.288,98.30,329.00,1,0,0
11812,3.288,95.90,318.00,1,0,0
11815,3.288,96.00,316.00,1,0,0
11817,3.288,96.20,316.00,1,0,0
11820,3.288,91.50,318.00,1,0,0
11822,3.288,97.70,321.00,1,0,0
11835,3.292,97.10,319.00,1,0,0
11837,3.288,97.40,319.00,1,0,0
11840,3.288,100.40,318.00,1,0,0
11842,3.288,97.30,321.00,1,0,0
11845,3.288,96.70,318.00,1,0,0
11847,3.292,96.70,318.00,1,0,0
11850,3.288,97.10,319.00,1,0,0
11852,3.288,96.50,318.00,1,0,0
11855,3.288,97.20,319.00,1,0,0
11857,3.288,102.50,338.00,1,0,0
11860,3.292,96.70,318.00,1,0,0
11862,3.288,96.00,321.00,1,0,0
11864,3.288,96.30,316.00,1,0,0
11867,3.288,96.40,316.00,1,0,0
11880,3.292,123.50,406.00,1,0,0
11882,3.288,96.40,316.00,1,0,0
11885,3.288,97.40,321.00,1,0,0
11887,3.288,97.50,321.00,1,0,0
11889,3.288,96.70,318.00,1,0,0
11892,3.288,97.30,318.00,1,0,0
11894,3.292,96.10,316.00,1,0,0
11897,3.292,96.40,316.00,1,0,0
11899,3.292,96.80,319.00,1,0,0
11902,3.288,98.60,324.00,1,0,0
11904,3.288,97.30,319.00,1,0,0
11907,3.292,98.50,318.00,1,0,0
11909,3.292,90.10,297.00,1,0,0
11912,3.292,96.60,318.00,1,0,0
11924,3.288,96.40,316.00,1,0,0
11927,3.292,96.00,316.00,1,0,0
11929,3.288,96.30,405.00,1,0,0
11932,3.288,97.00,319.00,1,0,0
11934,3.288,97.40,319.00,1,0,0
11937,3.288,97.20,321.00,1,0,0
11939,3.288,96.70,318.00,1,0,0
11942,3.292,96.60,318.00,1,0,0
11944,3.292,99.70,316.00,1,0,0
11947,3.288,96.70,318.00,1,0,0
11949,3.288,98.20,323.00,1,0,0
11952,3.288,97.80,323.00,1,0,0
11954,3.288,96.50,318.00,1,0,0
11957,3.288,96.40,316.00,1,0,0
11969,3.292,97.40,319.00,1,0,0
11972,3.288,97.30,316.00,1,0,0
11974,3.288,97.40,319.00,1,0,0
11977,3.288,96.00,316.00,1,0,0
11979,3.288,96.60,318.00,1,0,0
11982,3.288,95.10,321.00,1,0,0
11984,3.288,96.20,316.00,1,0,0
11986,3.288,97.20,319.00,1,0,0
11989,3.292,97.10,318.00,1,0,0
11991,3.292,96.80,318.00,1,0,0
11994,3.288,96.90,318.00,1,0,0
11996,3.288,96.50,318.00,1,0,0
11999,3.288,95.90,315.00,1,0,0
12001,3.288,97.00,319.00,1,0,0
12014,3.288,98.60,324.00,1,0,0
12016,3.288,97.80,323.00,1,0,0
12019,3.288,99.30,328.00,1,0,0
12021,3.288,90.50,298.00,1,0,0
12024,3.292,92.00,316.00,1,0,0
12026,3.292,96.70,318.00,1,0,0
12029,3.288,96.90,318.00,1,0,0
12031,3.288,95.20,318.00,1,0,0
12034,3.288,98.60,329.00,1,0,0
12036,3.292,97.20,319.00,1,0,0
12039,3.288,96.80,318.00,1,0,0
12041,3.288,96.10,316.00,1,0,0
12044,3.292,96.60,318.00,1,0,0
12046,3.288,96.80,318.00,1,0,0
12059,3.288,96.70,318.00,1,0,0
12061,3.288,96.80,319.00,1,0,0
12064,3.292,97.40,319.00,1,0,0
12066,3.288,100.80,331.00,1,0,0
12069,3.288,98.80,315.00,1,0,0
12071,3.292,97.90,323.00,1,0,0
12074,3.288,96.80,318.00,1,0,0
12076,3.288,99.60,318.00,1,0,0
12079,3.288,98.10,323.00,1,0,0
12081,3.292,99.60,326.00,1,0,0
12083,3.288,97.00,323.00,1,0,0
12086,3.292,96.10,316.00,1,0,0
12088,3.288,96.00,316.00,1,0,0
12091,3.288,96.40,318.00,1,0,0
12108,3.292,98.50,331.00,1,0,0
12111,3.292,97.90,323.00,1,0,0
12113,3.288,92.30,303.00,1,0,0
12116,3.288,91.20,316.00,1,0,0
12118,3.288,96.80,318.00,1,0,0
12121,3.292,96.00,316.00,1,0,0
12123,3.288,97.00,323.00,1,0,0
12126,3.288,92.00,303.00,1,0,0
12128,3.292,100.30,331.00,1,0,0
12130,3.284,115.90,316.00,1,0,0
12133,3.288,98.20,323.00,1,0,0
12135,3.288,96.50,318.00,1,0,0
12138,3.292,96.20,316.00,1,0,0
12140,3.292,97.30,321.00,1,0,0
12153,3.288,96.90,318.00,1,0,0
12155,3.288,96.70,318.00,1,0,0
12158,3.292,96.60,318.00,1,0,0
12160,3.288,96.60,318.00,1,0,0
12163,3.288,98.90,326.00,1,0,0
12165,3.288,96.30,316.00,1,0,0
12168,3.288,96.50,316.00,1,0,0
12170,3.292,100.00,329.00,1,0,0
12173,3.292,96.70,318.00,1,0,0
12175,3.288,97.10,318.00,1,0,0
12178,3.292,96.20,316.00,1,0,0
12180,3.284,100.00,328.00,1,0,0
12183,3.288,97.10,316.00,1,0,0
12185,3.284,96.60,318.00,1,0,0
12198,3.288,96.60,318.00,1,0,0
12200,3.292,96.30,316.00,1,0,0
12203,3.292,97.30,316.00,1,0,0
12205,3.292,96.40,318.00,1,0,0
12208,3.292,98.60,324.00,1,0,0
12210,3.288,99.70,328.00,1,0,0
12213,3.288,97.10,319.00,1,0,0
12215,3.288,90.20,297.00,1,0,0
12218,3.292,98.00,323.00,1,0,0
12220,3.288,96.00,319.00,1,0,0
12223,3.288,96.70,318.00,1,0,0
12225,3.288,97.30,319.00,1,0,0
12227,3.288,94.50,303.00,1,0,0
12230,3.288,106.60,351.00,1,0,0
12243,3.288,98.50,324.00,1,0,0
12245,3.288,96.80,318.00,1,0,0
12248,3.288,97.20,316.00,1,0,0
12250,3.288,96.30,316.00,1,0,0
12252,3.288,97.10,319.00,1,0,0
12255,3.288,96.90,319.00,1,0,0
12257,3.292,95.60,315.00,1,0,0
12260,3.288,97.40,321.00,1,0,0
12262,3.288,96.70,318.00,1,0,0
12265,3.288,96.80,319.00,1,0,0
12267,3.292,97.20,319.00,1,0,0
12270,3.288,97.10,319.00,1,0,0
12272,3.292,97.00,319.00,1,0,0
12275,3.288,97.00,319.00,1,0,0
12287,3.288,97.60,321.00,1,0,0
12290,3.288,97.00,319.00,1,0,0
12292,3.288,97.10,318.00,1,0,0
12295,3.292,98.50,324.00,1,0,0
12297,3.288,96.80,318.00,1,0,0
12300,3.288,96.80,318.00,1,0,0
12302,3.288,98.10,323.00,1,0,0
12305,3.288,97.20,319.00,1,0,0
12307,3.288,100.20,319.00,1,0,0
12310,3.288,96.30,316.00,1,0,0
12312,3.288,96.50,318.00,1,0,0
12315,3.288,96.10,328.00,1,0,0
12317,3.288,90.10,297.00,1,0,0
12320,3.288,96.60,318.00,1,0,0
12332,3.288,91.40,300.00,1,0,0
12335,3.288,96.60,318.00,1,0,0
12337,3.296,98.60,328.00,1,0,0
12340,3.288,99.20,326.00,1,0,0
12342,3.288,96.90,318.00,1,0,0
12345,3.292,96.50,319.00,1,0,0
12347,3.288,96.20,316.00,1,0,0
12349,3.288,96.70,318.00,1,0,0
12352,3.288,97.10,321.00,1,0,0
12354,3.292,99.70,328.00,1,0,0
12357,3.288,97.70,321.00,1,0,0
12359,3.288,96.80,323.00,1,0,0
12362,3.292,96.00,316.00,1,0,0
12364,3.288,96.50,318.00,1,0,0
12377,3.288,95.90,316.00,1,0,0
12379,3.288,95.90,315.00,1,0,0
12382,3.288,96.50,319.00,1,0,0
12384,3.288,96.80,318.00,1,0,0
12387,3.288,97.40,319.00,1,0,0
12389,3.288,96.90,323.00,1,0,0
12392,3.288,96.30,316.00,1,0,0
12394,3.292,99.00,326.00,1,0,0
12397,3.288,96.00,319.00,1,0,0
12399,3.292,97.90,323.00,1,0,0
12402,3.292,98.90,326.00,1,0,0
12404,3.292,97.40,323.00,1,0,0
12407,3.292,96.70,318.00,1,0,0
12409,3.292,94.80,311.00,1,0,0
12422,3.292,90.40,297.00,1,0,0
12424,3.288,90.30,297.00,1,0,0
12427,3.288,90.20,297.00,1,0,0
12429,3.292,89.80,295.00,1,0,0
12432,3.288,88.90,370.00,1,0,0
12434,3.288,91.40,301.00,1,0,0
12437,3.288,97.20,319.00,1,0,0
12439,3.288,96.40,318.00,1,0,0
12442,3.288,96.30,316.00,1,0,0
12444,3.288,96.50,318.00,1,0,0
12446,3.288,96.10,316.00,1,0,0
12449,3.288,97.00,321.00,1,0,0
12451,3.292,100.30,331.00,1,0,0
12454,3.288,102.60,338.00,1,0,0
12467,3.288,96.60,318.00,1,0,0
12469,3.288,97.60,321.00,1,0,0
12472,3.288,99.20,326.00,1,0,0
12474,3.292,99.60,328.00,1,0,0
12476,3.292,96.10,316.00,1,0,0
12479,3.288,96.50,316.00,1,0,0
12481,3.280,96.70,318.00,1,0,0
12484,3.288,97.40,310.00,1,0,0
12486,3.288,97.20,319.00,1,0,0
12489,3.288,96.00,316.00,1,0,0
12491,3.292,98.00,323.00,1,0,0
12494,3.288,95.20,316.00,1,0,0
12496,3.288,99.60,328.00,1,0,0
12499,3.288,97.00,319.00,1,0,0
12511,3.288,91.40,300.00,1,0,0
12514,3.288,96.90,323.00,1,0,0
12516,3.288,97.70,321.00,1,0,0
12519,3.288,100.50,331.00,1,0,0
12521,3.288,96.90,315.00,1,0,0
12524,3.288,89.90,295.00,1,0,0
12526,3.288,96.10,316.00,1,0,0
12529,3.288,96.50,318.00,1,0,0
12531,3.284,91.60,301.00,1,0,0
12534,3.288,92.00,303.00,1,0,0
12536,3.288,91.80,303.00,1,0,0
12539,3.288,91.60,300.00,1,0,0
12541,3.280,90.20,297.00,1,0,0
12543,3.292,96.30,316.00,1,0,0
12556,3.292,98.40,323.00,1,0,0
12559,3.288,100.10,319.00,1,0,0
12561,3.288,99.10,326.00,1,0,0
12564,3.288,97.50,321.00,1,0,0
12566,3.288,97.20,321.00,1,0,0
12569,3.288,96.40,316.00,1,0,0
12571,3.288,96.80,318.00,1,0,0
12573,3.292,100.40,329.00,1,0,0
12576,3.292,97.40,321.00,1,0,0
12578,3.288,97.00,319.00,1,0,0
12581,3.264,91.70,323.00,1,0,0
12583,3.288,98.70,324.00,1,0,0
12586,3.288,97.60,321.00,1,0,0
12588,3.288,96.40,328.00,1,0,0
12601,3.288,96.90,318.00,1,0,0
12603,3.288,96.70,329.00,1,0,0
12606,3.292,97.00,319.00,1,0,0
12608,3.288,97.60,321.00,1,0,0
12611,3.288,96.90,319.00,1,0,0
12613,3.288,99.00,326.00,1,0,0
12616,3.288,100.10,329.00,1,0,0
12618,3.288,98.70,328.00,1,0,0
12621,3.292,100.90,333.00,1,0,0
12623,3.288,92.00,303.00,1,0,0
12626,3.288,92.20,323.00,1,0,0
12628,3.288,96.80,318.00,1,0,0
12631,3.276,91.60,301.00,1,0,0
12633,3.288,99.50,329.00,1,0,0
12646,3.288,97.60,323.00,1,0,0
12648,3.288,99.70,328.00,1,0,0
12651,3.288,96.70,318.00,1,0,0
12653,3.292,98.60,324.00,1,0,0
12656,3.292,99.90,318.00,1,0,0
12658,3.288,99.90,329.00,1,0,0
12661,3.292,99.60,328.00,1,0,0
12663,3.292,97.60,318.00,1,0,0
12666,3.288,96.80,318.00,1,0,0
12668,3.288,96.40,316.00,1,0,0
12670,3.292,99.30,318.00,1,0,0
12673,3.288,96.90,318.00,1,0,0
12675,3.288,97.50,321.00,1,0,0
12678,3.292,97.90,319.00,1,0,0
12691,3.288,97.40,319.00,1,0,0
12693,3.288,98.40,324.00,1,0,0
12695,3.288,97.70,321.00,1,0,0
12698,3.288,96.50,319.00,1,0,0
12700,3.288,96.20,316.00,1,0,0
12703,3.292,96.40,316.00,1,0,0
12705,3.288,96.50,329.00,1,0,0
12708,3.292,96.90,321.00,1,0,0
12710,3.288,99.60,328.00,1,0,0
12713,3.288,97.20,319.00,1,0,0
12715,3.288,102.60,319.00,1,0,0
12718,3.292,96.40,316.00,1,0,0
12720,3.288,96.30,316.00,1,0,0
12723,3.288,97.20,321.00,1,0,0
12735,3.292,96.10,316.00,1,0,0
12738,3.288,97.60,321.00,1,0,0
12740,3.288,91.40,300.00,1,0,0
12743,3.288,99.20,323.00,1,0,0
12745,3.288,96.60,318.00,1,0,0
12748,3.288,94.30,310.00,1,0,0
12750,3.292,96.30,331.00,1,0,0
12753,3.292,96.60,318.00,1,0,0
12755,3.292,97.60,321.00,1,0,0
12758,3.288,98.30,331.00,1,0,0
12760,3.288,97.70,321.00,1,0,0
12763,3.288,97.20,319.00,1,0,0
12765,3.288,97.60,321.00,1,0,0
12767,3.288,96.30,318.00,1,0,0
12780,3.288,108.10,301.00,1,0,0
12783,3.288,96.30,316.00,1,0,0
12785,3.292,96.70,318.00,1,0,0
12788,3.292,97.30,321.00,1,0,0
12790,3.288,98.30,323.00,1,0,0
12792,3.288,99.50,328.00,1,0,0
12795,3.288,97.40,334.00,1,0,0
12797,3.292,95.90,315.00,1,0,0
12800,3.288,96.40,318.00,1,0,0
12802,3.292,96.50,318.00,1,0,0
12805,3.292,97.00,319.00,1,0,0
12807,3.292,97.00,319.00,1,0,0
12810,3.288,97.80,319.00,1,0,0
12812,3.288,96.80,318.00,1,0,0
12825,3.288,97.40,318.00,1,0,0
12827,3.288,99.50,328.00,1,0,0
12830,3.292,90.80,298.00,1,0,0
12832,3.288,126.00,316.00,1,0,0
12835,3.288,123.30,405.00,1,0,0
12837,3.288,98.80,324.00,1,0,0
12840,3.288,90.50,292.00,1,0,0
12842,3.288,91.90,301.00,1,0,0
12845,3.288,96.90,318.00,1,0,0
12847,3.288,99.10,316.00,1,0,0
12850,3.292,96.10,316.00,1,0,0
12852,3.288,96.40,318.00,1,0,0
12855,3.288,96.80,323.00,1,0,0
12857,3.288,98.90,324.00,1,0,0
12870,3.288,96.90,321.00,1,0,0
12872,3.288,97.40,321.00,1,0,0
12875,3.288,96.60,318.00,1,0,0
12877,3.288,96.40,318.00,1,0,0
12880,3.292,96.50,318.00,1,0,0
12882,3.292,96.50,318.00,1,0,0
12885,3.288,95.90,388.00,1,0,0
12887,3.292,99.50,328.00,1,0,0
12889,3.288,96.90,318.00,1,0,0
12892,3.292,97.30,319.00,1,0,0
12894,3.288,99.50,328.00,1,0,0
12897,3.292,98.30,324.00,1,0,0
12899,3.288,96.40,318.00,1,0,0
12902,3.292,97.30,321.00,1,0,0
12914,3.288,100.10,329.00,1,0,0
12917,3.292,100.10,329.00,1,0,0
12919,3.292,96.80,326.00,1,0,0
12922,3.292,96.90,319.00,1,0,0
12924,3.292,97.10,319.00,1,0,0
12927,3.288,96.20,316.00,1,0,0
12929,3.288,96.10,316.00,1,0,0
12932,3.292,92.80,305.00,1,0,0
12934,3.292,90.30,297.00,1,0,0
12937,3.292,92.80,319.00,1,0,0
12939,3.288,97.20,319.00,1,0,0
12942,3.288,96.40,316.00,1,0,0
12944,3.288,95.00,303.00,1,0,0
12947,3.288,96.40,316.00,1,0,0
12959,3.292,96.10,316.00,1,0,0
12962,3.288,95.90,316.00,1,0,0
12964,3.288,96.40,319.00,1,0,0
12967,3.288,97.00,319.00,1,0,0
12969,3.288,97.40,319.00,1,0,0
12972,3.288,99.50,319.00,1,0,0
12974,3.288,96.60,318.00,1,0,0
12977,3.288,96.10,316.00,1,0,0
12979,3.288,96.50,318.00,1,0,0
12982,3.288,96.90,318.00,1,0,0
12984,3.288,98.40,323.00,1,0,0
12986,3.288,97.90,321.00,1,0,0
12989,3.292,96.60,331.00,1,0,0
12991,3.292,100.00,329.00,1,0,0
13004,3.288,96.90,318.00,1,0,0
13007,3.288,96.30,316.00,1,0,0
13009,3.292,95.80,316.00,1,0,0
13011,3.288,97.20,319.00,1,0,0
13014,3.292,96.70,318.00,1,0,0
13016,3.292,97.70,324.00,1,0,0
13019,3.292,93.70,308.00,1,0,0
13021,3.288,96.00,316.00,1,0,0
13024,3.292,97.20,316.00,1,0,0
13026,3.288,94.20,310.00,1,0,0
13029,3.288,96.50,318.00,1,0,0
13031,3.288,97.10,321.00,1,0,0
13034,3.288,95.50,313.00,1,0,0
13036,3.276,97.00,319.00,1,0,0
13049,3.288,97.70,321.00,1,0,0
13051,3.288,96.80,318.00,1,0,0
13054,3.292,99.30,318.00,1,0,0
13056,3.292,96.80,318.00,1,0,0
13059,3.292,96.50,318.00,1,0,0
13061,3.288,97.10,328.00,1,0,0
13064,3.288,99.50,328.00,1,0,0
13066,3.292,97.80,321.00,1,0,0
13069,3.288,96.90,318.00,1,0,0
13071,3.292,100.20,329.00,1,0,0
13074,3.288,96.60,318.00,1,0,0
13076,3.288,97.20,318.00,1,0,0
13079,3.288,97.10,319.00,1,0,0
13081,3.288,96.40,316.00,1,0,0
13094,3.288,96.60,318.00,1,0,0
13096,3.288,98.40,324.00,1,0,0
13099,3.292,97.40,318.00,1,0,0
13101,3.288,97.30,319.00,1,0,0
13104,3.288,97.60,321.00,1,0,0
13106,3.288,96.20,316.00,1,0,0
13108,3.292,96.60,318.00,1,0,0
13111,3.288,96.60,318.00,1,0,0
13113,3.288,97.30,321.00,1,0,0
13116,3.288,97.20,319.00,1,0,0
13118,3.288,97.10,319.00,1,0,0
13121,3.288,96.60,316.00,1,0,0
13123,3.292,100.00,329.00,1,0,0
13126,3.292,99.90,328.00,1,0,0
13138,3.288,97.50,321.00,1,0,0
13141,3.292,96.70,323.00,1,0,0
13143,3.292,96.70,318.00,1,0,0
13146,3.288,92.20,303.00,1,0,0
13148,3.292,89.20,293.00,1,0,0
13151,3.288,93.30,315.00,1,0,0
13153,3.288,96.10,316.00,1,0,0
13156,3.288,96.30,316.00,1,0,0
13158,3.292,96.40,324.00,1,0,0
13161,3.292,97.60,321.00,1,0,0
13163,3.292,99.70,328.00,1,0,0
13166,3.288,96.40,331.00,1,0,0
13168,3.292,100.20,329.00,1,0,0
13171,3.292,95.60,315.00,1,0,0
13183,3.288,96.40,316.00,1,0,0
13186,3.280,113.90,315.00,1,0,0
13188,3.292,96.20,316.00,1,0,0
13191,3.292,97.10,319.00,1,0,0
13193,3.288,97.10,321.00,1,0,0
13196,3.288,99.60,328.00,1,0,0
13198,3.292,100.10,329.00,1,0,0
13201,3.292,100.20,318.00,1,0,0
13203,3.292,95.90,315.00,1,0,0
13206,3.288,96.90,319.00,1,0,0
13208,3.292,97.00,319.00,1,0,0
13210,3.288,96.90,324.00,1,0,0
13213,3.288,96.70,318.00,1,0,0
13215,3.288,99.50,328.00,1,0,0
13228,3.288,97.00,319.00,1,0,0
13231,3.288,99.60,328.00,1,0,0
13233,3.292,96.30,316.00,1,0,0
13235,3.284,114.20,375.00,1,0,0
13238,3.288,92.10,297.00,1,0,0
13240,3.288,97.00,319.00,1,0,0
13243,3.292,94.30,310.00,1,0,0
13245,3.288,97.10,318.00,1,0,0
13248,3.288,96.60,318.00,1,0,0
13250,3.292,90.80,298.00,1,0,0
13253,3.288,91.50,318.00,1,0,0
13255,3.292,100.00,329.00,1,0,0
13258,3.292,97.00,319.00,1,0,0
13260,3.292,97.20,319.00,1,0,0
13273,3.292,96.70,318.00,1,0,0
13275,3.296,99.50,328.00,1,0,0
13278,3.288,99.30,328.00,1,0,0
13280,3.292,99.90,329.00,1,0,0
13283,3.288,96.10,316.00,1,0,0
13285,3.288,96.60,318.00,1,0,0
13288,3.288,94.50,311.00,1,0,0
13290,3.288,97.60,318.00,1,0,0
13293,3.288,98.20,323.00,1,0,0
13295,3.288,96.90,318.00,1,0,0
13298,3.292,98.40,316.00,1,0,0
13300,3.288,96.20,316.00,1,0,0
13303,3.292,99.40,328.00,1,0,0
13305,3.292,98.00,318.00,1,0,0
13318,3.292,97.50,321.00,1,0,0
13320,3.288,97.10,328.00,1,0,0
13323,3.292,96.70,318.00,1,0,0
13325,3.288,97.60,321.00,1,0,0
13328,3.292,96.70,319.00,1,0,0
13330,3.288,96.20,316.00,1,0,0
13332,3.288,100.30,331.00,1,0,0
13335,3.292,98.10,301.00,1,0,0
13337,3.288,96.30,316.00,1,0,0
13340,3.288,99.30,326.00,1,0,0
13342,3.292,90.00,321.00,1,0,0
13345,3.288,98.40,324.00,1,0,0
13347,3.288,96.00,316.00,1,0,0
13350,3.292,100.50,328.00,1,0,0
13362,3.292,96.00,321.00,1,0,0
13365,3.292,96.10,316.00,1,0,0
13367,3.288,96.90,319.00,1,0,0
13370,3.288,97.60,321.00,1,0,0
13372,3.292,96.70,323.00,1,0,0
13375,3.288,96.40,316.00,1,0,0
13377,3.288,94.80,311.00,1,0,0
13380,3.292,98.70,323.00,1,0,0
13382,3.292,97.10,319.00,1,0,0
13385,3.292,99.90,328.00,1,0,0
13387,3.288,97.60,318.00,1,0,0
13390,3.292,96.40,316.00,1,0,0
13392,3.292,98.00,323.00,1,0,0
13395,3.292,96.20,329.00,1,0,0
13407,3.288,101.70,319.00,1,0,0
13410,3.292,95.20,313.00,1,0,0
13412,3.292,96.10,316.00,1,0,0
13415,3.292,96.40,319.00,1,0,0
13417,3.292,97.00,319.00,1,0,0
13420,3.288,96.60,318.00,1,0,0
13422,3.288,99.10,329.00,1,0,0
13425,3.292,100.20,329.00,1,0,0
13427,3.292,97.70,321.00,1,0,0
13429,3.292,96.40,318.00,1,0,0
13432,3.292,96.60,318.00,1,0,0
13434,3.288,104.30,342.00,1,0,0
13437,3.288,98.40,324.00,1,0,0
13449,3.292,97.20,319.00,1,0,0
13452,3.292,99.90,319.00,1,0,0
13454,3.288,97.60,321.00,1,0,0
13457,3.288,92.00,303.00,1,0,0
13459,3.288,96.00,323.00,1,0,0
13462,3.292,96.00,316.00,1,0,0
13464,3.288,96.30,316.00,1,0,0
13467,3.292,97.20,321.00,1,0,0
13469,3.288,97.70,321.00,1,0,0
13472,3.288,97.60,321.00,1,0,0
13474,3.288,96.20,316.00,1,0,0
13477,3.288,96.40,316.00,1,0,0
13479,3.292,97.10,319.00,1,0,0
13482,3.288,97.60,321.00,1,0,0
13494,3.292,96.30,316.00,1,0,0
13497,3.288,96.90,318.00,1,0,0
13499,3.288,97.50,321.00,1,0,0
13502,3.288,97.20,319.00,1,0,0
13504,3.288,96.40,328.00,1,0,0
13507,3.292,96.30,316.00,1,0,0
13509,3.288,96.20,316.00,1,0,0
13512,3.292,96.70,318.00,1,0,0
13514,3.292,97.40,321.00,1,0,0
13517,3.292,98.90,326.00,1,0,0
13519,3.292,97.50,318.00,1,0,0
13521,3.288,96.30,316.00,1,0,0
13524,3.288,97.70,321.00,1,0,0
13526,3.292,96.20,316.00,1,0,0
13539,3.292,96.50,318.00,1,0,0
13542,3.292,96.00,331.00,1,0,0
13544,3.292,93.20,306.00,1,0,0
13546,3.288,90.20,297.00,1,0,0
13549,3.288,97.30,318.00,1,0,0
13551,3.288,96.80,318.00,1,0,0
13554,3.292,100.30,331.00,1,0,0
13556,3.292,96.30,316.00,1,0,0
13559,3.288,91.30,300.00,1,0,0
13561,3.292,96.80,318.00,1,0,0
13564,3.292,96.90,321.00,1,0,0
13566,3.288,99.20,326.00,1,0,0
13569,3.288,100.60,331.00,1,0,0
13571,3.292,96.10,321.00,1,0,0
13584,3.292,97.70,321.00,1,0,0
13586,3.280,93.20,331.00,1,0,0
13589,3.292,98.90,326.00,1,0,0
13591,3.288,96.40,318.00,1,0,0
13594,3.292,96.50,318.00,1,0,0
13596,3.292,96.50,318.00,1,0,0
13599,3.288,97.60,321.00,1,0,0
13601,3.288,97.80,319.00,1,0,0
13604,3.292,96.70,318.00,1,0,0
13606,3.288,96.30,316.00,1,0,0
13609,3.292,100.00,323.00,1,0,0
13611,3.288,96.70,318.00,1,0,0
13614,3.292,98.10,323.00,1,0,0
13616,3.288,97.90,333.00,1,0,0
13629,3.288,97.20,318.00,1,0,0
13631,3.292,98.80,326.00,1,0,0
13634,3.288,96.60,318.00,1,0,0
13636,3.284,94.90,319.00,1,0,0
13639,3.288,96.90,316.00,1,0,0
13641,3.292,96.90,318.00,1,0,0
13644,3.288,96.50,318.00,1,0,0
13646,3.288,98.40,326.00,1,0,0
13648,3.292,97.70,321.00,1,0,0
13651,3.292,90.60,298.00,1,0,0
13653,3.292,100.70,316.00,1,0,0
13656,3.292,96.20,316.00,1,0,0
13658,3.292,90.30,297.00,1,0,0
13661,3.288,89.20,300.00,1,0,0
13673,3.292,96.60,318.00,1,0,0
13676,3.288,97.20,319.00,1,0,0
13678,3.288,100.20,329.00,1,0,0
13681,3.288,97.20,318.00,1,0,0
13683,3.292,98.40,323.00,1,0,0
13686,3.276,91.60,301.00,1,0,0
13688,3.292,96.30,319.00,1,0,0
13691,3.288,97.50,321.00,1,0,0
13693,3.292,98.40,324.00,1,0,0
13696,3.288,96.60,318.00,1,0,0
13698,3.288,100.20,318.00,1,0,0
13701,3.288,96.20,316.00,1,0,0
13703,3.292,99.90,329.00,1,0,0
13706,3.288,96.40,319.00,1,0,0
13718,3.288,102.40,324.00,1,0,0
13721,3.288,96.10,316.00,1,0,0
13723,3.288,96.60,318.00,1,0,0
13726,3.292,98.20,321.00,1,0,0
13728,3.288,96.80,318.00,1,0,0
13731,3.288,101.40,333.00,1,0,0
13733,3.292,96.90,321.00,1,0,0
13736,3.292,116.00,382.00,1,0,0
13738,3.288,96.60,318.00,1,0,0
13741,3.292,98.70,319.00,1,0,0
13743,3.288,99.80,328.00,1,0,0
13745,3.292,96.50,318.00,1,0,0
13748,3.288,97.10,316.00,1,0,0
13750,3.288,96.10,316.00,1,0,0
13763,3.288,89.20,303.00,1,0,0
13766,3.288,96.80,318.00,1,0,0
13768,3.292,96.20,316.00,1,0,0
13770,3.292,96.70,321.00,1,0,0
13773,3.296,98.80,326.00,1,0,0
13775,3.288,97.00,319.00,1,0,0
13778,3.288,96.80,326.00,1,0,0
13780,3.292,99.70,328.00,1,0,0
13783,3.288,96.20,316.00,1,0,0
13785,3.292,104.20,318.00,1,0,0
13788,3.288,96.50,318.00,1,0,0
13790,3.288,97.10,319.00,1,0,0
13793,3.288,97.30,319.00,1,0,0
13795,3.288,98.60,324.00,1,0,0
13808,3.288,97.60,328.00,1,0,0
13810,3.292,97.40,319.00,1,0,0
13813,3.288,96.70,318.00,1,0,0
13815,3.288,99.60,316.00,1,0,0
13818,3.292,96.30,316.00,1,0,0
13820,3.292,100.40,329.00,1,0,0
13823,3.288,98.60,326.00,1,0,0
13825,3.292,99.70,328.00,1,0,0
13828,3.288,96.80,318.00,1,0,0
13830,3.288,99.50,318.00,1,0,0
13833,3.292,96.10,316.00,1,0,0
13835,3.288,120.10,395.00,1,0,0
13838,3.288,97.40,318.00,1,0,0
13840,3.288,98.50,324.00,1,0,0
13853,3.292,89.90,297.00,1,0,0
13855,3.288,97.00,319.00,1,0,0
13858,3.292,97.30,318.00,1,0,0
13860,3.288,97.80,321.00,1,0,0
13863,3.288,97.50,321.00,1,0,0
13865,3.292,98.20,323.00,1,0,0
13867,3.288,91.70,321.00,1,0,0
13870,3.292,97.00,319.00,1,0,0
13872,3.288,97.10,319.00,1,0,0
13875,3.288,97.20,321.00,1,0,0
13877,3.288,96.20,316.00,1,0,0
13880,3.292,99.10,326.00,1,0,0
13882,3.288,97.20,318.00,1,0,0
13885,3.292,120.70,396.00,1,0,0
13897,3.288,96.90,318.00,1,0,0
13900,3.288,96.50,318.00,1,0,0
13902,3.288,96.70,321.00,1,0,0
13905,3.288,96.80,318.00,1,0,0
13907,3.288,102.50,338.00,1,0,0
13910,3.288,92.00,300.00,1,0,0
13912,3.288,96.10,316.00,1,0,0
13915,3.292,96.40,316.00,1,0,0
13917,3.288,96.60,319.00,1,0,0
13920,3.288,99.50,318.00,1,0,0
13922,3.288,99.00,326.00,1,0,0
13925,3.292,97.10,319.00,1,0,0
13927,3.288,97.10,316.00,1,0,0
13930,3.288,96.10,316.00,1,0,0
13942,3.292,96.60,318.00,1,0,0
13945,3.288,96.10,316.00,1,0,0
13947,3.292,99.20,319.00,1,0,0
13950,3.292,97.20,319.00,1,0,0
13952,3.288,98.00,323.00,1,0,0
13955,3.292,97.70,329.00,1,0,0
13957,3.292,90.40,297.00,1,0,0
13960,3.292,96.30,316.00,1,0,0
13962,3.292,96.10,316.00,1,0,0
13965,3.292,96.70,318.00,1,0,0
13967,3.292,97.80,321.00,1,0,0
13969,3.288,91.60,318.00,1,0,0
13972,3.288,100.10,329.00,1,0,0
13974,3.288,96.30,316.00,1,0,0
13987,3.288,97.50,321.00,1,0,0
13990,3.288,96.40,316.00,1,0,0
13992,3.292,99.50,316.00,1,0,0
13994,3.288,96.50,318.00,1,0,0
13997,3.288,96.80,318.00,1,0,0
13999,3.288,97.20,315.00,1,0,0
14002,3.288,96.50,318.00,1,0,0
14004,3.288,96.40,316.00,1,0,0
14007,3.292,97.00,316.00,1,0,0
14009,3.292,96.60,318.00,1,0,0
14012,3.288,96.60,318.00,1,0,0
14014,3.288,97.50,318.00,1,0,0
14017,3.288,97.20,319.00,1,0,0
14019,3.288,96.60,318.00,1,0,0
14032,3.292,97.20,319.00,1,0,0
14034,3.292,99.80,328.00,1,0,0
14037,3.276,91.70,336.00,1,0,0
14039,3.288,102.20,336.00,1,0,0
14042,3.292,96.60,318.00,1,0,0
14044,3.292,96.90,319.00,1,0,0
14047,3.292,96.90,318.00,1,0,0
14049,3.292,100.10,329.00,1,0,0
14052,3.292,97.00,321.00,1,0,0
14054,3.288,96.90,318.00,1,0,0
14057,3.292,100.00,329.00,1,0,0
14059,3.288,89.70,316.00,1,0,0
14062,3.292,96.70,318.00,1,0,0
14064,3.288,97.10,319.00,1,0,0
14077,3.292,96.60,318.00,1,0,0
14079,3.292,96.50,319.00,1,0,0
14082,3.292,96.90,318.00,1,0,0
14084,3.288,97.40,319.00,1,0,0
14087,3.288,98.40,323.00,1,0,0
14089,3.292,97.00,316.00,1,0,0
14091,3.292,96.20,316.00,1,0,0
14094,3.292,100.40,331.00,1,0,0
14096,3.292,101.10,324.00,1,0,0
14099,3.292,96.90,318.00,1,0,0
14101,3.288,97.40,321.00,1,0,0
14104,3.288,96.30,316.00,1,0,0
14111,3.292,97.50,329.00,1,0,0
14114,3.292,98.60,324.00,1,0,0
14116,3.288,98.80,326.00,1,0,0
14119,3.288,96.10,321.00,1,0,0
14121,3.288,96.60,318.00,1,0,0
14124,3.292,96.10,316.00,1,0,0
14126,3.292,96.50,321.00,1,0,0
14129,3.292,98.20,323.00,1,0,0
14131,3.292,98.10,323.00,1,0,0
14144,3.292,99.50,328.00,1,0,0
14146,3.288,97.30,321.00,1,0,0
14149,3.288,95.30,318.00,1,0,0
14151,3.288,96.80,318.00,1,0,0
14154,3.292,97.40,321.00,1,0,0
14156,3.292,96.20,316.00,1,0,0
14158,3.292,96.50,318.00,1,0,0
14161,3.288,90.50,298.00,1,0,0
14163,3.288,98.70,321.00,1,0,0
14166,3.288,96.70,318.00,1,0,0
14168,3.292,96.70,318.00,1,0,0
14171,3.292,96.50,316.00,1,0,0
14173,3.288,92.10,303.00,1,0,0
14176,3.288,96.90,318.00,1,0,0
14188,3.288,96.00,316.00,1,0,0
14191,3.292,100.00,326.00,1,0,0
14193,3.292,96.60,321.00,1,0,0
14196,3.288,96.60,318.00,1,0,0
14198,3.288,97.30,321.00,1,0,0
14201,3.292,101.70,319.00,1,0,0
14203,3.288,95.80,315.00,1,0,0
14206,3.288,97.00,319.00,1,0,0
14208,3.292,96.80,318.00,1,0,0
14211,3.292,97.90,323.00,1,0,0
14213,3.288,92.00,303.00,1,0,0
14216,3.288,98.80,319.00,1,0,0
14218,3.288,100.90,333.00,1,0,0
14221,3.288,95.70,315.00,1,0,0
14233,3.292,97.50,321.00,1,0,0
14236,3.272,91.50,316.00,1,0,0
14238,3.292,96.60,318.00,1,0,0
14241,3.288,96.70,318.00,1,0,0
14243,3.288,98.20,318.00,1,0,0
14246,3.292,97.40,321.00,1,0,0
14248,3.292,100.00,329.00,1,0,0
14251,3.292,98.00,316.00,1,0,0
14253,3.292,98.60,318.00,1,0,0
14255,3.292,97.00,319.00,1,0,0
14258,3.292,97.10,319.00,1,0,0
14260,3.292,97.20,326.00,1,0,0
14263,3.292,96.00,316.00,1,0,0
14265,3.288,89.80,295.00,1,0,0
14278,3.292,97.50,321.00,1,0,0
14281,3.292,96.60,319.00,1,0,0
14283,3.292,96.40,318.00,1,0,0
14285,3.284,114.00,375.00,1,0,0
14288,3.292,96.40,318.00,1,0,0
14290,3.288,97.60,321.00,1,0,0
14293,3.288,95.70,315.00,1,0,0
14295,3.292,96.80,328.00,1,0,0
14298,3.292,97.00,319.00,1,0,0
14300,3.288,97.60,321.00,1,0,0
14303,3.292,96.60,321.00,1,0,0
14305,3.292,97.00,319.00,1,0,0
14308,3.292,99.60,328.00,1,0,0
14310,3.288,96.40,316.00,1,0,0
14323,3.288,98.40,323.00,1,0,0
14325,3.288,96.80,321.00,1,0,0
14328,3.288,100.30,331.00,1,0,0
14330,3.288,99.60,328.00,1,0,0
14333,3.288,96.30,319.00,1,0,0
14335,3.288,117.80,387.00,1,0,0
14338,3.292,96.90,318.00,1,0,0
14340,3.288,97.00,319.00,1,0,0
14343,3.288,96.80,318.00,1,0,0
14345,3.288,97.10,319.00,1,0,0
14348,3.292,96.50,318.00,1,0,0
14350,3.296,98.50,324.00,1,0,0
14353,3.288,96.80,318.00,1,0,0
14355,3.288,96.90,321.00,1,0,0
14368,3.292,90.40,298.00,1,0,0
14370,3.292,100.40,328.00,1,0,0
14373,3.292,98.30,324.00,1,0,0
14375,3.288,98.00,323.00,1,0,0
14378,3.288,96.20,301.00,1,0,0
14380,3.288,101.30,334.00,1,0,0
14382,3.288,96.00,316.00,1,0,0
14385,3.292,98.50,301.00,1,0,0
14387,3.288,97.70,321.00,1,0,0
14390,3.288,99.70,328.00,1,0,0
14392,3.292,96.60,319.00,1,0,0
14395,3.292,96.00,316.00,1,0,0
14397,3.292,96.00,316.00,1,0,0
14400,3.292,100.00,323.00,1,0,0
14412,3.292,96.50,318.00,1,0,0
14415,3.288,96.20,318.00,1,0,0
14417,3.292,97.80,321.00,1,0,0
14420,3.288,95.60,315.00,1,0,0
14422,3.288,98.90,323.00,1,0,0
14425,3.292,97.00,319.00,1,0,0
14427,3.292,96.20,316.00,1,0,0
14430,3.288,96.40,313.00,1,0,0
14432,3.288,96.80,318.00,1,0,0
14435,3.292,100.40,329.00,1,0,0
14437,3.280,91.70,324.00,1,0,0
14440,3.288,96.80,318.00,1,0,0
14442,3.288,96.20,316.00,1,0,0
14445,3.292,95.10,316.00,1,0,0
14457,3.292,96.20,334.00,1,0,0
14460,3.288,96.20,316.00,1,0,0
14462,3.288,96.20,316.00,1,0,0
14465,3.292,100.30,321.00,1,0,0
14467,3.288,98.30,324.00,1,0,0
14470,3.292,90.30,297.00,1,0,0
14472,3.288,97.00,319.00,1,0,0
14475,3.292,97.20,316.00,1,0,0
14477,3.288,96.20,316.00,1,0,0
14479,3.292,97.90,323.00,1,0,0
14482,3.288,91.30,323.00,1,0,0
14484,3.292,103.10,338.00,1,0,0
14487,3.288,98.20,323.00,1,0,0
14489,3.288,98.00,323.00,1,0,0
14502,3.292,97.90,324.00,1,0,0
14504,3.292,96.90,319.00,1,0,0
14507,3.292,101.90,334.00,1,0,0
14509,3.292,97.40,315.00,1,0,0
14512,3.292,95.70,315.00,1,0,0
14514,3.292,96.40,316.00,1,0,0
14517,3.292,96.60,324.00,1,0,0
14519,3.296,96.90,319.00,1,0,0
14522,3.288,97.60,321.00,1,0,0
14524,3.288,95.90,316.00,1,0,0
14527,3.292,96.10,316.00,1,0,0
14529,3.292,96.70,318.00,1,0,0
14532,3.296,97.50,321.00,1,0,0
14534,3.292,97.70,342.00,1,0,0
14547,3.292,100.30,319.00,1,0,0
14549,3.288,97.20,319.00,1,0,0
14552,3.292,97.40,321.00,1,0,0
14554,3.288,97.30,329.00,1,0,0
14557,3.292,96.00,316.00,1,0,0
14559,3.288,96.00,316.00,1,0,0
14562,3.292,96.50,321.00,1,0,0
14564,3.292,100.10,329.00,1,0,0
14567,3.288,96.90,319.00,1,0,0
14569,3.288,100.90,329.00,1,0,0
14572,3.292,90.50,298.00,1,0,0
14574,3.292,96.20,316.00,1,0,0
14576,3.288,96.20,318.00,1,0,0
14589,3.288,96.00,316.00,1,0,0
14592,3.288,96.00,323.00,1,0,0
14594,3.292,97.70,321.00,1,0,0
14596,3.292,99.30,328.00,1,0,0
14599,3.288,97.60,329.00,1,0,0
14601,3.296,96.90,318.00,1,0,0
14604,3.288,96.10,316.00,1,0,0
14606,3.292,97.10,316.00,1,0,0
14609,3.292,96.90,318.00,1,0,0
14611,3.292,97.60,321.00,1,0,0
14614,3.288,97.60,331.00,1,0,0
14616,3.292,96.60,318.00,1,0,0
14619,3.288,96.40,316.00,1,0,0
14621,3.292,96.50,316.00,1,0,0
14634,3.292,95.30,313.00,1,0,0
14636,3.280,91.50,316.00,1,0,0
14639,3.292,99.60,328.00,1,0,0
14641,3.292,99.50,328.00,1,0,0
14644,3.292,100.20,324.00,1,0,0
14646,3.292,97.50,321.00,1,0,0
14649,3.288,97.50,321.00,1,0,0
14651,3.288,97.10,318.00,1,0,0
14654,3.292,96.20,316.00,1,0,0
14656,3.292,96.60,318.00,1,0,0
14659,3.292,96.60,316.00,1,0,0
14661,3.288,97.30,319.00,1,0,0
14664,3.292,97.00,319.00,1,0,0
14666,3.288,97.40,316.00,1,0,0
14679,3.292,97.60,319.00,1,0,0
14681,3.288,96.50,318.00,1,0,0
14684,3.292,99.00,326.00,1,0,0
14686,3.288,91.50,301.00,1,0,0
14689,3.292,97.30,319.00,1,0,0
14691,3.292,96.80,318.00,1,0,0
14694,3.292,100.20,329.00,1,0,0
14696,3.292,97.20,329.00,1,0,0
14698,3.292,97.00,319.00,1,0,0
14701,3.292,99.50,328.00,1,0,0
14703,3.292,96.40,321.00,1,0,0
14706,3.292,96.70,318.00,1,0,0
14708,3.292,100.60,331.00,1,0,0
14711,3.292,97.70,318.00,1,0,0
14723,3.292,96.30,319.00,1,0,0
14726,3.292,96.60,318.00,1,0,0
14728,3.288,99.80,329.00,1,0,0
14731,3.288,94.90,326.00,1,0,0
14733,3.292,92.40,303.00,1,0,0
14736,3.288,90.90,298.00,1,0,0
14738,3.288,96.30,318.00,1,0,0
14741,3.292,95.70,315.00,1,0,0
14743,3.288,98.50,324.00,1,0,0
14746,3.288,100.00,329.00,1,0,0
14748,3.292,97.00,323.00,1,0,0
14751,3.288,97.00,319.00,1,0,0
14753,3.292,100.50,331.00,1,0,0
14756,3.292,96.60,318.00,1,0,0
14768,3.292,96.40,316.00,1,0,0
14771,3.292,99.90,329.00,1,0,0
14773,3.292,100.40,329.00,1,0,0
14776,3.288,90.40,318.00,1,0,0
14778,3.288,97.40,321.00,1,0,0
14781,3.292,99.80,329.00,1,0,0
14783,3.292,99.90,316.00,1,0,0
14786,3.292,89.00,293.00,1,0,0
14788,3.288,91.30,300.00,1,0,0
14791,3.288,98.00,319.00,1,0,0
14793,3.288,97.40,319.00,1,0,0
14795,3.288,98.60,324.00,1,0,0
14798,3.292,100.30,329.00,1,0,0
14800,3.288,96.20,316.00,1,0,0
14813,3.288,96.20,319.00,1,0,0
14816,3.292,96.70,318.00,1,0,0
14818,3.292,98.30,324.00,1,0,0
14820,3.288,96.50,318.00,1,0,0
14823,3.288,96.70,318.00,1,0,0
14825,3.292,96.80,318.00,1,0,0
14828,3.288,96.90,318.00,1,0,0
14830,3.288,100.00,329.00,1,0,0
14833,3.292,99.50,328.00,1,0,0
14835,3.288,97.00,319.00,1,0,0
14838,3.288,94.90,313.00,1,0,0
14840,3.276,118.00,388.00,1,0,0
14843,3.288,97.60,319.00,1,0,0
14845,3.288,99.60,328.00,1,0,0
14858,3.288,97.00,318.00,1,0,0
14860,3.288,96.40,316.00,1,0,0
14863,3.288,96.30,316.00,1,0,0
14865,3.288,96.50,338.00,1,0,0
14868,3.288,96.50,318.00,1,0,0
14870,3.288,97.00,319.00,1,0,0
14873,3.288,97.00,318.00,1,0,0
14875,3.288,100.30,331.00,1,0,0
14878,3.288,97.40,319.00,1,0,0
14880,3.288,90.20,308.00,1,0,0
14883,3.292,98.80,326.00,1,0,0
14885,3.292,96.40,316.00,1,0,0
14888,3.288,96.20,316.00,1,0,0
14890,3.284,91.30,300.00,1,0,0
14903,3.292,96.70,318.00,1,0,0
14905,3.288,100.00,329.00,1,0,0
14908,3.292,99.70,328.00,1,0,0
14910,3.292,99.80,328.00,1,0,0
14913,3.292,96.80,318.00,1,0,0
14915,3.292,97.30,319.00,1,0,0
14917,3.288,97.00,328.00,1,0,0
14920,3.292,99.10,326.00,1,0,0
14922,3.288,97.80,323.00,1,0,0
14925,3.288,96.50,318.00,1,0,0
14927,3.288,99.00,326.00,1,0,0
14930,3.292,99.00,326.00,1,0,0
14932,3.292,98.00,319.00,1,0,0
14935,3.288,98.40,324.00,1,0,0
14947,3.292,96.40,318.00,1,0,0
14950,3.292,97.70,321.00,1,0,0
14952,3.288,97.40,323.00,1,0,0
14955,3.288,100.70,331.00,1,0,0
14957,3.288,96.80,318.00,1,0,0
14960,3.288,100.50,318.00,1,0,0
14962,3.292,96.60,318.00,1,0,0
14965,3.292,99.00,326.00,1,0,0
14967,3.288,97.40,319.00,1,0,0
14970,3.288,97.00,326.00,1,0,0
14972,3.292,97.20,319.00,1,0,0
14975,3.288,100.10,329.00,1,0,0
14977,3.292,96.80,315.00,1,0,0
14980,3.288,90.30,297.00,1,0,0
14992,3.288,91.90,301.00,1,0,0
14995,3.288,94.30,310.00,1,0,0
14997,3.288,97.10,318.00,1,0,0
15000,3.288,97.50,321.00,1,0,0
15002,3.288,97.10,319.00,1,0,0
15005,3.288,96.70,318.00,1,0,0
15007,3.288,100.40,331.00,1,0,0
15010,3.292,96.20,316.00,1,0,0
15012,3.292,96.30,318.00,1,0,0
15015,3.292,99.50,328.00,1,0,0
15017,3.296,101.00,333.00,1,0,0
15019,3.292,95.40,326.00,1,0,0
15022,3.292,96.80,318.00,1,0,0
15024,3.292,99.40,328.00,1,0,0
15037,3.292,96.90,318.00,1,0,0
15040,3.288,96.90,318.00,1,0,0
15042,3.284,96.10,316.00,1,0,0
15044,3.292,96.30,316.00,1,0,0
15047,3.292,95.10,313.00,1,0,0
15049,3.288,97.70,318.00,1,0,0
15052,3.288,97.30,321.00,1,0,0
15054,3.292,96.70,318.00,1,0,0
15057,3.292,96.20,313.00,1,0,0
15059,3.288,96.00,316.00,1,0,0
15062,3.292,100.20,329.00,1,0,0
15064,3.288,97.80,318.00,1,0,0
15067,3.288,99.40,328.00,1,0,0
15069,3.288,99.10,326.00,1,0,0
15082,3.288,97.70,321.00,1,0,0
15084,3.288,90.30,297.00,1,0,0
15087,3.292,100.20,321.00,1,0,0
15089,3.288,97.20,318.00,1,0,0
15092,3.288,96.20,316.00,1,0,0
15094,3.288,96.80,303.00,1,0,0
15097,3.288,98.10,323.00,1,0,0
15099,3.288,97.80,321.00,1,0,0
15102,3.288,97.90,324.00,1,0,0
15104,3.288,98.00,323.00,1,0,0
15107,3.292,97.20,319.00,1,0,0
15109,3.288,96.30,319.00,1,0,0
15112,3.288,96.70,318.00,1,0,0
15114,3.288,97.40,321.00,1,0,0
15127,3.292,96.60,318.00,1,0,0
15129,3.292,96.40,316.00,1,0,0
15132,3.288,98.40,321.00,1,0,0
15134,3.288,96.20,316.00,1,0,0
15137,3.292,97.00,319.00,1,0,0
15139,3.292,96.80,329.00,1,0,0
15141,3.276,96.40,318.00,1,0,0
15144,3.288,97.10,319.00,1,0,0
15146,3.288,96.80,329.00,1,0,0
15149,3.288,96.90,318.00,1,0,0
15151,3.288,100.90,331.00,1,0,0
15154,3.288,95.40,331.00,1,0,0
15156,3.292,96.20,316.00,1,0,0
15159,3.288,96.80,318.00,1,0,0
15171,3.292,100.40,331.00,1,0,0
15174,3.288,93.50,318.00,1,0,0
15176,3.288,98.00,323.00,1,0,0
15179,3.292,97.90,321.00,1,0,0
15181,3.292,100.30,318.00,1,0,0
15184,3.288,101.20,333.00,1,0,0
15186,3.288,89.60,295.00,1,0,0
15189,3.292,100.00,329.00,1,0,0
15191,3.276,98.00,323.00,1,0,0
15194,3.288,96.40,316.00,1,0,0
15196,3.288,97.90,321.00,1,0,0
15199,3.288,91.50,319.00,1,0,0
15201,3.288,97.80,321.00,1,0,0
15214,3.288,99.00,326.00,1,0,0
15216,3.288,98.60,324.00,1,0,0
15219,3.292,97.00,316.00,1,0,0
15221,3.292,96.00,316.00,1,0,0
15224,3.288,96.40,316.00,1,0,0
15226,3.288,96.90,319.00,1,0,0
15229,3.288,97.40,319.00,1,0,0
15231,3.288,96.50,318.00,1,0,0
15234,3.288,96.60,319.00,1,0,0
15236,3.288,95.90,316.00,1,0,0
15239,3.292,97.90,321.00,1,0,0
15241,3.280,92.10,323.00,1,0,0
15243,3.288,98.00,323.00,1,0,0
15246,3.288,99.80,329.00,1,0,0
15259,3.288,97.70,321.00,1,0,0
15261,3.288,98.60,324.00,1,0,0
15264,3.292,97.10,319.00,1,0,0
15266,3.288,96.90,319.00,1,0,0
15268,3.292,100.00,329.00,1,0,0
15271,3.292,100.40,316.00,1,0,0
15273,3.288,96.80,318.00,1,0,0
15276,3.288,99.60,328.00,1,0,0
15278,3.288,96.60,334.00,1,0,0
15281,3.292,97.00,319.00,1,0,0
15283,3.288,96.60,318.00,1,0,0
15286,3.292,94.40,295.00,1,0,0
15288,3.292,96.50,318.00,1,0,0
15291,3.288,91.80,301.00,1,0,0
15303,3.288,96.60,318.00,1,0,0
15306,3.292,97.90,321.00,1,0,0
15308,3.292,100.30,321.00,1,0,0
15311,3.288,97.10,319.00,1,0,0
15313,3.292,97.90,321.00,1,0,0
15316,3.288,96.60,329.00,1,0,0
15318,3.292,99.30,328.00,1,0,0
15321,3.292,99.80,329.00,1,0,0
15323,3.292,97.10,323.00,1,0,0
15326,3.292,97.10,319.00,1,0,0
15328,3.292,97.20,319.00,1,0,0
15331,3.288,96.30,318.00,1,0,0
15333,3.288,96.80,318.00,1,0,0
15336,3.288,96.90,319.00,1,0,0
15348,3.292,96.30,316.00,1,0,0
15351,3.292,99.90,318.00,1,0,0
15353,3.292,100.20,329.00,1,0,0
15356,3.292,97.10,319.00,1,0,0
15358,3.292,98.00,329.00,1,0,0
15361,3.288,99.20,313.00,1,0,0
15363,3.288,96.10,316.00,1,0,0
15365,3.292,98.70,324.00,1,0,0
15368,3.292,96.20,319.00,1,0,0
15370,3.292,97.00,319.00,1,0,0
15373,3.288,96.60,318.00,1,0,0
15375,3.288,100.00,333.00,1,0,0
15378,3.288,99.90,329.00,1,0,0
15380,3.292,97.90,323.00,1,0,0
15393,3.284,91.80,301.00,1,0,0
15395,3.292,96.30,316.00,1,0,0
15398,3.288,96.30,316.00,1,0,0
15400,3.288,97.30,319.00,1,0,0
15403,3.288,91.50,328.00,1,0,0
15405,3.288,97.40,319.00,1,0,0
15408,3.292,100.90,331.00,1,0,0
15410,3.292,97.00,319.00,1,0,0
15413,3.292,90.50,298.00,1,0,0
15415,3.288,90.50,298.00,1,0,0
15418,3.292,96.70,318.00,1,0,0
15420,3.292,97.20,328.00,1,0,0
15423,3.292,97.10,319.00,1,0,0
15425,3.288,96.90,318.00,1,0,0
15438,3.288,96.60,318.00,1,0,0
15440,3.292,106.60,306.00,1,0,0
15443,3.288,96.50,318.00,1,0,0
15445,3.288,96.00,316.00,1,0,0
15448,3.288,97.50,329.00,1,0,0
15450,3.292,96.50,318.00,1,0,0
15453,3.292,99.80,329.00,1,0,0
15455,3.292,97.10,329.00,1,0,0
15458,3.288,96.80,318.00,1,0,0
15460,3.288,100.50,331.00,1,0,0
15462,3.292,96.20,316.00,1,0,0
15465,3.292,96.70,318.00,1,0,0
15467,3.292,97.00,319.00,1,0,0
15470,3.288,95.70,328.00,1,0,0
15483,3.288,97.30,319.00,1,0,0
15485,3.292,97.00,319.00,1,0,0
15488,3.288,100.10,329.00,1,0,0
15490,3.288,122.00,401.00,1,0,0
15492,3.288,90.20,333.00,1,0,0
15495,3.288,96.00,316.00,1,0,0
15497,3.288,96.50,318.00,1,0,0
15500,3.292,100.00,329.00,1,0,0
15502,3.292,89.00,293.00,1,0,0
15505,3.288,91.80,301.00,1,0,0
15507,3.288,96.80,328.00,1,0,0
15510,3.292,96.00,316.00,1,0,0
15512,3.292,99.50,328.00,1,0,0
15515,3.288,97.70,318.00,1,0,0
15527,3.288,96.80,318.00,1,0,0
15530,3.288,100.10,328.00,1,0,0
15532,3.292,98.70,324.00,1,0,0
15535,3.288,97.70,321.00,1,0,0
15537,3.288,97.80,328.00,1,0,0
15540,3.288,102.90,338.00,1,0,0
15542,3.288,97.10,319.00,1,0,0
15545,3.288,96.20,331.00,1,0,0
15547,3.292,96.80,318.00,1,0,0
15550,3.288,97.80,323.00,1,0,0
15552,3.288,100.00,319.00,1,0,0
15555,3.288,100.00,329.00,1,0,0
15557,3.292,100.00,329.00,1,0,0
15570,3.292,99.70,328.00,1,0,0
15572,3.292,97.40,319.00,1,0,0
15575,3.288,97.60,321.00,1,0,0
15577,3.292,99.70,328.00,1,0,0
15580,3.292,96.80,319.00,1,0,0
15582,3.292,100.40,331.00,1,0,0
15585,3.292,96.70,318.00,1,0,0
15587,3.292,100.10,329.00,1,0,0
15589,3.292,98.10,392.00,1,0,0
15592,3.288,96.60,318.00,1,0,0
15594,3.292,90.20,297.00,1,0,0
15597,3.292,96.90,323.00,1,0,0
15599,3.292,97.60,321.00,1,0,0
15602,3.288,96.80,318.00,1,0,0
15615,3.288,97.10,319.00,1,0,0
15617,3.292,97.40,331.00,1,0,0
15619,3.292,98.00,323.00,1,0,0
15622,3.292,100.50,331.00,1,0,0
15624,3.292,96.40,295.00,1,0,0
15627,3.288,89.90,297.00,1,0,0
15629,3.292,89.80,295.00,1,0,0
15632,3.292,89.40,295.00,1,0,0
15634,3.292,89.50,295.00,1,0,0
15637,3.288,91.50,301.00,1,0,0
15639,3.292,96.40,339.00,1,0,0
15642,3.288,96.60,316.00,1,0,0
15644,3.280,97.60,321.00,1,0,0
15647,3.288,89.70,295.00,1,0,0
15659,3.288,90.20,297.00,1,0,0
15662,3.292,100.10,318.00,1,0,0
15664,3.288,98.60,324.00,1,0,0
15667,3.288,100.00,329.00,1,0,0
15669,3.288,101.10,319.00,1,0,0
15672,3.288,96.00,316.00,1,0,0
15674,3.292,96.20,316.00,1,0,0
15677,3.292,97.00,323.00,1,0,0
15679,3.292,97.10,319.00,1,0,0
15682,3.288,100.10,329.00,1,0,0
15684,3.288,99.30,318.00,1,0,0
15687,3.288,100.40,331.00,1,0,0
15689,3.288,99.70,328.00,1,0,0
15702,3.288,97.20,319.00,1,0,0
15704,3.292,95.00,313.00,1,0,0
15707,3.288,96.20,316.00,1,0,0
15709,3.288,91.70,301.00,1,0,0
15712,3.292,98.30,323.00,1,0,0
15714,3.292,89.40,321.00,1,0,0
15717,3.288,100.80,333.00,1,0,0
15719,3.288,97.50,321.00,1,0,0
15721,3.288,100.90,318.00,1,0,0
15724,3.292,97.90,323.00,1,0,0
15726,3.292,98.30,324.00,1,0,0
15729,3.288,97.50,328.00,1,0,0
15731,3.292,99.20,326.00,1,0,0
15734,3.292,96.80,318.00,1,0,0
15746,3.292,99.40,326.00,1,0,0
15749,3.292,99.90,319.00,1,0,0
15751,3.288,96.30,316.00,1,0,0
15754,3.292,96.00,316.00,1,0,0
15756,3.288,96.60,316.00,1,0,0
15759,3.288,97.00,318.00,1,0,0
15761,3.288,97.80,321.00,1,0,0
15764,3.288,97.80,323.00,1,0,0
15766,3.288,96.60,318.00,1,0,0
15769,3.288,96.10,316.00,1,0,0
15771,3.292,96.50,318.00,1,0,0
15774,3.292,97.60,323.00,1,0,0
15776,3.292,97.80,321.00,1,0,0
15779,3.288,97.40,319.00,1,0,0
15791,3.284,93.50,308.00,1,0,0
15794,3.288,97.60,321.00,1,0,0
15796,3.288,97.20,319.00,1,0,0
15799,3.288,90.40,297.00,1,0,0
15801,3.292,96.10,316.00,1,0,0
15804,3.292,96.70,318.00,1,0,0
15806,3.288,96.70,318.00,1,0,0
15809,3.288,96.60,316.00,1,0,0
15811,3.288,91.50,301.00,1,0,0
15814,3.288,96.10,316.00,1,0,0
15816,3.288,98.50,324.00,1,0,0
15818,3.292,96.20,316.00,1,0,0
15821,3.292,98.10,323.00,1,0,0
15823,3.292,99.70,328.00,1,0,0
15836,3.288,96.50,318.00,1,0,0
15839,3.292,96.90,318.00,1,0,0
15841,3.280,116.90,385.00,1,0,0
15843,3.288,97.40,319.00,1,0,0
15846,3.292,96.60,318.00,1,0,0
15848,3.292,94.80,311.00,1,0,0
15851,3.292,96.80,318.00,1,0,0
15853,3.292,96.70,318.00,1,0,0
15856,3.292,98.60,324.00,1,0,0
15858,3.288,98.20,323.00,1,0,0
15861,3.292,97.50,319.00,1,0,0
15863,3.288,96.80,318.00,1,0,0
15866,3.288,96.20,316.00,1,0,0
15868,3.288,96.40,316.00,1,0,0
15881,3.292,96.50,318.00,1,0,0
15883,3.288,96.70,318.00,1,0,0
15886,3.288,96.80,318.00,1,0,0
15888,3.292,97.00,319.00,1,0,0
15891,3.276,92.10,326.00,1,0,0
15893,3.292,97.80,321.00,1,0,0
15896,3.292,96.70,318.00,1,0,0
15898,3.288,96.10,316.00,1,0,0
15901,3.292,97.00,319.00,1,0,0
15903,3.288,94.60,311.00,1,0,0
15906,3.288,97.50,321.00,1,0,0
15908,3.288,97.20,319.00,1,0,0
15911,3.292,97.00,319.00,1,0,0
15913,3.288,97.70,310.00,1,0,0
15926,3.292,101.20,333.00,1,0,0
15928,3.288,100.20,318.00,1,0,0
15931,3.292,96.20,316.00,1,0,0
15933,3.292,96.60,318.00,1,0,0
15936,3.292,97.10,334.00,1,0,0
15938,3.292,97.20,319.00,1,0,0
15940,3.276,111.40,367.00,1,0,0
15943,3.288,99.90,319.00,1,0,0
15945,3.288,100.30,329.00,1,0,0
15948,3.296,97.30,319.00,1,0,0
15950,3.288,96.80,319.00,1,0,0
15953,3.292,97.50,321.00,1,0,0
15955,3.292,97.40,319.00,1,0,0
15968,3.292,98.40,324.00,1,0,0
15970,3.292,96.90,319.00,1,0,0
15973,3.288,96.80,318.00,1,0,0
15975,3.288,100.70,331.00,1,0,0
15978,3.292,96.40,329.00,1,0,0
15980,3.292,96.30,316.00,1,0,0
15983,3.292,96.90,319.00,1,0,0
15985,3.292,97.40,321.00,1,0,0
15988,3.288,98.40,323.00,1,0,0
15990,3.292,91.60,301.00,1,0,0
15993,3.288,95.50,315.00,1,0,0
15995,3.292,96.10,333.00,1,0,0
15998,3.292,96.90,318.00,1,0,0
16000,3.292,96.80,318.00,1,0,0
16013,3.292,95.40,313.00,1,0,0
16015,3.288,98.90,306.00,1,0,0
16018,3.288,96.80,318.00,1,0,0
16020,3.288,97.50,321.00,1,0,0
16023,3.288,96.80,328.00,1,0,0
16025,3.292,97.00,319.00,1,0,0
16028,3.288,96.20,316.00,1,0,0
16030,3.288,96.90,318.00,1,0,0
16033,3.292,96.30,316.00,1,0,0
16035,3.292,98.70,324.00,1,0,0
16038,3.292,97.50,319.00,1,0,0
16040,3.288,116.60,383.00,1,0,0
16042,3.288,97.70,321.00,1,0,0
16045,3.288,97.00,319.00,1,0,0
16058,3.292,97.80,321.00,1,0,0
16060,3.288,96.10,316.00,1,0,0
16063,3.292,96.70,318.00,1,0,0
16065,3.288,96.90,318.00,1,0,0
16067,3.288,97.40,321.00,1,0,0
16070,3.288,97.20,319.00,1,0,0
16072,3.292,96.20,316.00,1,0,0
16075,3.288,99.70,316.00,1,0,0
16077,3.292,96.30,316.00,1,0,0
16080,3.292,101.00,333.00,1,0,0
16082,3.288,98.50,323.00,1,0,0
16085,3.292,91.20,300.00,1,0,0
16087,3.292,99.50,328.00,1,0,0
16090,3.292,96.80,301.00,1,0,0
16102,3.288,97.00,319.00,1,0,0
16105,3.292,100.10,297.00,1,0,0
16112,3.292,97.70,318.00,1,0,0
16115,3.292,98.40,323.00,1,0,0
16117,3.292,89.00,293.00,1,0,0
16120,3.288,91.90,306.00,1,0,0
16122,3.288,96.20,316.00,1,0,0
16125,3.288,96.80,318.00,1,0,0
16127,3.288,96.40,318.00,1,0,0
16130,3.288,97.00,319.00,1,0,0
16132,3.288,97.20,319.00,1,0,0
16134,3.292,100.40,319.00,1,0,0
16137,3.292,98.60,324.00,1,0,0
16139,3.288,97.00,318.00,1,0,0
16142,3.288,96.90,319.00,1,0,0
16144,3.292,100.10,328.00,1,0,0
16157,3.288,96.10,316.00,1,0,0
16159,3.292,96.80,318.00,1,0,0
16162,3.292,97.00,319.00,1,0,0
16164,3.288,98.90,329.00,1,0,0
16167,3.292,96.70,318.00,1,0,0
16169,3.288,92.20,303.00,1,0,0
16172,3.288,96.00,316.00,1,0,0
16174,3.292,96.30,316.00,1,0,0
16177,3.292,97.20,319.00,1,0,0
16179,3.288,97.20,319.00,1,0,0
16182,3.288,99.30,326.00,1,0,0
16184,3.284,97.00,319.00,1,0,0
16187,3.288,96.90,316.00,1,0,0
16189,3.292,99.40,326.00,1,0,0
16202,3.288,96.40,318.00,1,0,0
16204,3.288,96.00,316.00,1,0,0
16207,3.288,95.80,315.00,1,0,0
16209,3.288,90.70,297.00,1,0,0
16212,3.288,98.50,324.00,1,0,0
16214,3.288,97.40,319.00,1,0,0
16217,3.288,96.50,318.00,1,0,0
16219,3.288,96.30,316.00,1,0,0
16222,3.288,92.00,303.00,1,0,0
16224,3.292,96.70,319.00,1,0,0
16227,3.288,97.20,321.00,1,0,0
16229,3.292,98.30,323.00,1,0,0
16231,3.292,97.00,318.00,1,0,0
16234,3.288,96.20,316.00,1,0,0
16247,3.292,97.60,321.00,1,0,0
16249,3.292,97.10,319.00,1,0,0
16252,3.288,99.20,316.00,1,0,0
16254,3.292,96.30,316.00,1,0,0
16256,3.288,96.70,318.00,1,0,0
16259,3.288,97.10,319.00,1,0,0
16261,3.292,98.10,321.00,1,0,0
16264,3.288,96.70,318.00,1,0,0
16266,3.292,95.50,315.00,1,0,0
16269,3.288,96.10,324.00,1,0,0
16271,3.288,96.40,318.00,1,0,0
16274,3.296,98.00,323.00,1,0,0
16276,3.292,97.80,319.00,1,0,0
16279,3.288,96.90,319.00,1,0,0
16291,3.280,97.00,319.00,1,0,0
16294,3.292,96.60,318.00,1,0,0
16296,3.288,97.30,326.00,1,0,0
16299,3.288,96.70,318.00,1,0,0
16301,3.292,96.70,318.00,1,0,0
16304,3.292,96.20,318.00,1,0,0
16306,3.292,97.20,319.00,1,0,0
16309,3.292,97.20,321.00,1,0,0
16311,3.292,99.20,295.00,1,0,0
16314,3.288,90.40,319.00,1,0,0
16316,3.288,96.70,318.00,1,0,0
16319,3.292,96.30,316.00,1,0,0
16321,3.292,95.90,318.00,1,0,0
16324,3.288,91.40,300.00,1,0,0
16336,3.292,96.40,316.00,1,0,0
16339,3.288,96.60,318.00,1,0,0
16341,3.276,92.50,323.00,1,0,0
16344,3.288,97.20,319.00,1,0,0
16346,3.288,98.60,324.00,1,0,0
16349,3.288,96.90,339.00,1,0,0
16351,3.288,96.90,318.00,1,0,0
16353,3.292,98.90,326.00,1,0,0
16356,3.292,96.70,318.00,1,0,0
16358,3.288,96.80,318.00,1,0,0
16361,3.288,99.00,326.00,1,0,0
16363,3.292,95.50,318.00,1,0,0
16366,3.288,96.40,316.00,1,0,0
16368,3.288,100.00,329.00,1,0,0
16381,3.288,96.50,318.00,1,0,0
16383,3.288,96.40,316.00,1,0,0
16386,3.288,96.70,319.00,1,0,0
16388,3.288,97.10,319.00,1,0,0
16391,3.288,91.60,301.00,1,0,0
16393,3.288,96.50,326.00,1,0,0
16396,3.292,97.00,319.00,1,0,0
16398,3.292,96.30,316.00,1,0,0
16401,3.288,96.60,318.00,1,0,0
16403,3.288,96.80,318.00,1,0,0
16406,3.288,97.50,321.00,1,0,0
16408,3.288,96.60,328.00,1,0,0
16411,3.288,96.40,316.00,1,0,0
16413,3.288,90.10,297.00,1,0,0
16426,3.288,91.60,301.00,1,0,0
16428,3.288,96.10,316.00,1,0,0
16431,3.288,96.00,316.00,1,0,0
16433,3.288,96.70,318.00,1,0,0
16436,3.288,98.70,324.00,1,0,0
16438,3.288,96.80,319.00,1,0,0
16441,3.288,91.60,301.00,1,0,0
16443,3.292,98.50,324.00,1,0,0
16446,3.292,97.30,319.00,1,0,0
16448,3.292,96.00,316.00,1,0,0
16451,3.292,97.10,319.00,1,0,0
16453,3.288,96.90,323.00,1,0,0
16455,3.292,90.90,298.00,1,0,0
16458,3.288,97.20,319.00,1,0,0
16471,3.292,100.30,329.00,1,0,0
16473,3.288,97.30,318.00,1,0,0
16476,3.288,101.00,333.00,1,0,0
16478,3.288,99.10,326.00,1,0,0
16480,3.288,96.20,316.00,1,0,0
16483,3.292,99.90,324.00,1,0,0
16485,3.292,99.20,326.00,1,0,0
16488,3.288,98.30,323.00,1,0,0
16490,3.288,122.10,301.00,1,0,0
16493,3.288,97.20,319.00,1,0,0
16495,3.288,96.20,316.00,1,0,0
16498,3.288,97.00,318.00,1,0,0
16500,3.288,96.50,318.00,1,0,0
16503,3.288,97.40,319.00,1,0,0
16515,3.288,90.30,297.00,1,0,0
16518,3.288,97.80,318.00,1,0,0
16520,3.288,98.10,323.00,1,0,0
16523,3.288,96.90,318.00,1,0,0
16525,3.288,96.00,318.00,1,0,0
16528,3.288,95.00,313.00,1,0,0
16530,3.288,96.60,318.00,1,0,0
16533,3.288,96.60,319.00,1,0,0
16535,3.292,97.50,321.00,1,0,0
16538,3.288,98.10,323.00,1,0,0
16540,3.292,120.20,395.00,1,0,0
16543,3.288,102.30,316.00,1,0,0
16545,3.292,96.70,318.00,1,0,0
16548,3.288,96.60,318.00,1,0,0
16560,3.292,96.60,318.00,1,0,0
16563,3.288,97.00,318.00,1,0,0
16565,3.288,96.80,318.00,1,0,0
16568,3.288,97.30,319.00,1,0,0
16570,3.292,96.50,319.00,1,0,0
16573,3.288,96.30,316.00,1,0,0
16575,3.288,96.40,316.00,1,0,0
16577,3.292,96.00,321.00,1,0,0
16580,3.288,96.40,318.00,1,0,0
16582,3.292,97.50,321.00,1,0,0
16585,3.292,100.20,328.00,1,0,0
16587,3.292,96.30,316.00,1,0,0
16590,3.288,120.60,396.00,1,0,0
16592,3.288,96.10,316.00,1,0,0
16605,3.288,99.30,328.00,1,0,0
16607,3.292,99.50,318.00,1,0,0
16610,3.292,92.60,305.00,1,0,0
16612,3.288,94.40,310.00,1,0,0
16615,3.288,96.60,321.00,1,0,0
16617,3.288,90.30,297.00,1,0,0
16620,3.288,96.20,316.00,1,0,0
16622,3.288,96.70,323.00,1,0,0
16625,3.288,96.10,316.00,1,0,0
16627,3.288,96.50,318.00,1,0,0
16630,3.288,97.70,305.00,1,0,0
16632,3.288,96.60,318.00,1,0,0
16635,3.288,99.40,328.00,1,0,0
16637,3.288,97.10,328.00,1,0,0
16650,3.288,97.40,319.00,1,0,0
16652,3.288,97.20,331.00,1,0,0
16655,3.292,96.60,318.00,1,0,0
16657,3.288,96.60,318.00,1,0,0
16660,3.288,96.90,318.00,1,0,0
16662,3.292,99.90,329.00,1,0,0
16665,3.288,96.60,318.00,1,0,0
16667,3.288,96.70,326.00,1,0,0
16670,3.288,97.60,321.00,1,0,0
16672,3.292,96.20,316.00,1,0,0
16674,3.292,96.00,316.00,1,0,0
16677,3.292,98.10,323.00,1,0,0
16679,3.288,97.10,319.00,1,0,0
16682,3.292,101.30,324.00,1,0,0
16695,3.288,96.60,323.00,1,0,0
16697,3.288,97.10,319.00,1,0,0
16700,3.288,100.10,329.00,1,0,0
16702,3.292,99.90,329.00,1,0,0
16704,3.292,98.50,316.00,1,0,0
16707,3.292,96.10,316.00,1,0,0
16709,3.292,99.60,328.00,1,0,0
16712,3.288,97.50,324.00,1,0,0
16714,3.288,97.30,321.00,1,0,0
16717,3.292,96.30,316.00,1,0,0
16719,3.292,97.10,298.00,1,0,0
16722,3.292,96.80,318.00,1,0,0
16724,3.288,96.90,319.00,1,0,0
16727,3.292,98.10,319.00,1,0,0
16739,3.292,98.90,378.00,1,0,0
16742,3.288,96.80,318.00,1,0,0
16744,3.292,97.60,321.00,1,0,0
16747,3.292,99.90,329.00,1,0,0
16749,3.292,96.20,316.00,1,0,0
16752,3.288,98.80,326.00,1,0,0
16754,3.292,95.00,326.00,1,0,0
16757,3.292,96.80,318.00,1,0,0
16759,3.288,98.40,324.00,1,0,0
16762,3.288,96.90,318.00,1,0,0
16764,3.288,97.30,318.00,1,0,0
16767,3.288,96.70,318.00,1,0,0
16769,3.288,96.60,318.00,1,0,0
16771,3.292,96.40,329.00,1,0,0
16784,3.288,96.60,334.00,1,0,0
16787,3.288,96.30,316.00,1,0,0
16789,3.288,97.20,319.00,1,0,0
16792,3.288,98.40,319.00,1,0,0
16794,3.288,97.00,319.00,1,0,0
16797,3.288,102.50,338.00,1,0,0
16799,3.288,99.50,318.00,1,0,0
16801,3.292,96.20,316.00,1,0,0
16804,3.288,96.30,316.00,1,0,0
16806,3.292,96.10,318.00,1,0,0
16809,3.296,97.80,321.00,1,0,0
16811,3.288,97.40,321.00,1,0,0
16814,3.288,98.00,323.00,1,0,0
16816,3.292,96.20,318.00,1,0,0
16829,3.292,99.90,323.00,1,0,0
16831,3.288,99.70,328.00,1,0,0
16834,3.292,97.00,319.00,1,0,0
16836,3.288,92.10,316.00,1,0,0
16839,3.292,99.20,326.00,1,0,0
16841,3.292,103.10,339.00,1,0,0
16844,3.292,100.40,418.00,1,0,0
16846,3.276,91.80,301.00,1,0,0
16849,3.292,96.20,316.00,1,0,0
16851,3.292,96.70,333.00,1,0,0
16854,3.292,98.60,324.00,1,0,0
16856,3.284,97.30,321.00,1,0,0
16859,3.296,99.50,328.00,1,0,0
16861,3.292,97.60,321.00,1,0,0
16874,3.288,97.20,324.00,1,0,0
16876,3.288,97.40,321.00,1,0,0
16879,3.288,96.20,316.00,1,0,0
16881,3.292,99.60,329.00,1,0,0
16884,3.296,96.40,316.00,1,0,0
16886,3.288,96.50,318.00,1,0,0
16889,3.288,96.90,318.00,1,0,0
16891,3.288,97.50,321.00,1,0,0
16894,3.288,96.30,316.00,1,0,0
16896,3.268,91.70,318.00,1,0,0
16898,3.288,96.00,316.00,1,0,0
16901,3.288,96.30,316.00,1,0,0
16903,3.292,97.20,318.00,1,0,0
16906,3.292,96.70,318.00,1,0,0
16919,3.288,96.70,318.00,1,0,0
16921,3.288,97.10,319.00,1,0,0
16923,3.292,96.60,318.00,1,0,0
16926,3.288,90.20,303.00,1,0,0
16928,3.288,99.70,328.00,1,0,0
16931,3.288,96.20,316.00,1,0,0
16933,3.292,96.60,318.00,1,0,0
16936,3.288,96.30,316.00,1,0,0
16938,3.288,91.50,301.00,1,0,0
16941,3.288,100.90,328.00,1,0,0
16943,3.288,100.00,329.00,1,0,0
16946,3.276,91.60,301.00,1,0,0
16948,3.288,96.80,316.00,1,0,0
16951,3.292,96.80,318.00,1,0,0
16963,3.292,97.30,321.00,1,0,0
16966,3.288,97.20,319.00,1,0,0
16968,3.292,97.00,321.00,1,0,0
16971,3.292,97.10,319.00,1,0,0
16973,3.288,96.60,318.00,1,0,0
16976,3.292,100.10,331.00,1,0,0
16978,3.292,96.60,318.00,1,0,0
16981,3.288,96.80,318.00,1,0,0
16983,3.292,99.80,329.00,1,0,0
16986,3.292,97.00,318.00,1,0,0
16988,3.288,98.40,323.00,1,0,0
16991,3.288,97.90,321.00,1,0,0
16993,3.292,96.70,316.00,1,0,0
16995,3.292,91.50,301.00,1,0,0
17008,3.292,97.20,319.00,1,0,0
17011,3.288,96.80,318.00,1,0,0
17013,3.292,96.20,316.00,1,0,0
17016,3.292,98.70,324.00,1,0,0
17018,3.288,97.20,319.00,1,0,0
17020,3.288,97.10,326.00,1,0,0
17023,3.292,97.60,321.00,1,0,0
17025,3.292,99.90,329.00,1,0,0
17028,3.292,100.40,295.00,1,0,0
17030,3.288,96.40,316.00,1,0,0
17033,3.288,96.90,318.00,1,0,0
17035,3.288,97.00,321.00,1,0,0
17038,3.288,96.50,316.00,1,0,0
17040,3.288,91.40,300.00,1,0,0
17053,3.292,97.50,321.00,1,0,0
17055,3.292,96.30,316.00,1,0,0
17058,3.288,97.20,318.00,1,0,0
17060,3.288,97.10,319.00,1,0,0
17063,3.288,97.00,319.00,1,0,0
17065,3.288,97.80,328.00,1,0,0
17068,3.288,97.40,319.00,1,0,0
17070,3.292,96.50,318.00,1,0,0
17073,3.288,99.00,318.00,1,0,0
17075,3.288,96.60,318.00,1,0,0
17078,3.292,96.20,316.00,1,0,0
17080,3.288,96.70,323.00,1,0,0
17083,3.288,97.00,319.00,1,0,0
17085,3.292,96.80,318.00,1,0,0
17098,3.288,97.00,319.00,1,0,0
17100,3.292,100.20,329.00,1,0,0
17103,3.288,99.40,328.00,1,0,0
17105,3.292,97.10,319.00,1,0,0
17108,3.288,100.90,333.00,1,0,0
17110,3.292,96.20,316.00,1,0,0
17113,3.288,97.20,319.00,1,0,0
17115,3.292,99.00,326.00,1,0,0
17118,3.288,98.80,319.00,1,0,0
17120,3.292,99.20,326.00,1,0,0
17122,3.292,98.80,326.00,1,0,0
17125,3.292,98.50,328.00,1,0,0
17127,3.292,96.60,318.00,1,0,0
17130,3.288,90.00,297.00,1,0,0
17143,3.288,91.40,300.00,1,0,0
17145,3.288,111.00,364.00,1,0,0
17147,3.288,97.50,318.00,1,0,0
17150,3.288,100.10,329.00,1,0,0
17152,3.292,98.00,323.00,1,0,0
17155,3.288,96.20,318.00,1,0,0
17157,3.288,96.30,316.00,1,0,0
17160,3.292,96.30,316.00,1,0,0
17162,3.288,96.60,318.00,1,0,0
17165,3.288,97.20,319.00,1,0,0
17167,3.288,98.70,324.00,1,0,0
17170,3.292,96.90,328.00,1,0,0
17172,3.292,99.50,328.00,1,0,0
17175,3.292,96.40,316.00,1,0,0
17187,3.292,96.10,316.00,1,0,0
17190,3.292,97.70,316.00,1,0,0
17192,3.292,96.30,316.00,1,0,0
17195,3.288,123.90,408.00,1,0,0
17197,3.288,97.90,323.00,1,0,0
17200,3.288,97.00,319.00,1,0,0
17202,3.292,96.10,316.00,1,0,0
17205,3.292,98.10,323.00,1,0,0
17207,3.292,101.40,316.00,1,0,0
17210,3.292,96.60,318.00,1,0,0
17212,3.288,97.20,319.00,1,0,0
17214,3.292,100.00,303.00,1,0,0
17217,3.288,101.60,334.00,1,0,0
17230,3.292,97.50,321.00,1,0,0
17232,3.288,89.90,295.00,1,0,0
17235,3.288,96.00,316.00,1,0,0
17237,3.288,96.00,316.00,1,0,0
17240,3.292,96.20,316.00,1,0,0
17242,3.288,97.10,316.00,1,0,0
17244,3.288,123.60,406.00,1,0,0
17247,3.288,92.00,303.00,1,0,0
17249,3.288,99.60,318.00,1,0,0
17252,3.288,99.90,329.00,1,0,0
17254,3.288,97.60,321.00,1,0,0
17257,3.292,96.40,319.00,1,0,0
17259,3.292,97.40,319.00,1,0,0
17262,3.288,100.30,331.00,1,0,0
17274,3.292,96.90,318.00,1,0,0
17277,3.288,96.90,318.00,1,0,0
17279,3.288,96.50,316.00,1,0,0
17282,3.288,100.10,329.00,1,0,0
17284,3.288,100.90,333.00,1,0,0
17287,3.288,96.70,336.00,1,0,0
17289,3.292,97.60,321.00,1,0,0
17292,3.292,96.90,318.00,1,0,0
17294,3.288,99.40,395.00,1,0,0
17297,3.288,99.80,329.00,1,0,0
17299,3.292,97.30,319.00,1,0,0
17302,3.292,96.60,316.00,1,0,0
17304,3.292,96.20,316.00,1,0,0
17307,3.292,97.10,319.00,1,0,0
17319,3.292,96.40,318.00,1,0,0
17322,3.292,96.70,318.00,1,0,0
17324,3.292,97.90,318.00,1,0,0
17327,3.288,98.20,323.00,1,0,0
17329,3.288,97.90,321.00,1,0,0
17332,3.292,98.00,319.00,1,0,0
17334,3.288,90.20,297.00,1,0,0
17337,3.288,96.20,316.00,1,0,0
17339,3.292,97.10,321.00,1,0,0
17341,3.288,97.40,319.00,1,0,0
17344,3.288,97.40,319.00,1,0,0
17346,3.288,97.30,308.00,1,0,0
17349,3.288,114.00,375.00,1,0,0
17351,3.288,96.10,316.00,1,0,0
17364,3.296,98.20,323.00,1,0,0
17367,3.292,96.10,326.00,1,0,0
17369,3.292,97.10,319.00,1,0,0
17371,3.288,96.80,318.00,1,0,0
17374,3.288,98.30,323.00,1,0,0
17376,3.292,99.70,328.00,1,0,0
17379,3.292,96.10,316.00,1,0,0
17381,3.288,97.00,319.00,1,0,0
17384,3.292,96.50,316.00,1,0,0
17386,3.292,96.70,318.00,1,0,0
17389,3.292,100.40,329.00,1,0,0
17391,3.288,96.90,321.00,1,0,0
17394,3.288,96.70,318.00,1,0,0
17396,3.288,94.20,310.00,1,0,0
17409,3.288,97.30,319.00,1,0,0
17411,3.288,99.60,316.00,1,0,0
17414,3.288,98.10,323.00,1,0,0
17416,3.292,96.30,316.00,1,0,0
17419,3.288,97.40,318.00,1,0,0
17421,3.292,99.90,329.00,1,0,0
17424,3.288,96.80,318.00,1,0,0
17426,3.292,99.50,329.00,1,0,0
17429,3.296,98.30,323.00,1,0,0
17431,3.288,93.80,308.00,1,0,0
17434,3.292,96.00,316.00,1,0,0
17436,3.292,96.80,298.00,1,0,0
17439,3.288,96.50,318.00,1,0,0
17441,3.292,98.20,323.00,1,0,0
17454,3.292,100.30,331.00,1,0,0
17456,3.288,99.70,323.00,1,0,0
17459,3.288,96.60,318.00,1,0,0
17461,3.292,96.90,318.00,1,0,0
17464,3.288,96.20,321.00,1,0,0
17466,3.288,97.20,319.00,1,0,0
17468,3.292,95.20,313.00,1,0,0
17471,3.288,97.40,326.00,1,0,0
17473,3.288,98.10,323.00,1,0,0
17476,3.288,97.60,321.00,1,0,0
17478,3.292,96.80,333.00,1,0,0
17481,3.288,96.50,318.00,1,0,0
17483,3.292,96.50,318.00,1,0,0
17486,3.288,96.80,318.00,1,0,0
17498,3.288,96.40,318.00,1,0,0
17501,3.292,97.10,329.00,1,0,0
17503,3.292,99.70,328.00,1,0,0
17506,3.288,98.90,324.00,1,0,0
17508,3.288,96.50,333.00,1,0,0
17511,3.292,98.00,323.00,1,0,0
17513,3.292,95.90,315.00,1,0,0
17516,3.288,96.30,318.00,1,0,0
17518,3.288,97.30,319.00,1,0,0
17521,3.288,97.10,319.00,1,0,0
17523,3.292,100.10,326.00,1,0,0
17526,3.292,99.50,328.00,1,0,0
17528,3.288,98.20,323.00,1,0,0
17531,3.292,97.30,334.00,1,0,0
17543,3.288,100.30,329.00,1,0,0
17546,3.280,99.50,316.00,1,0,0
17548,3.288,96.50,318.00,1,0,0
17551,3.288,96.40,316.00,1,0,0
17553,3.288,92.00,316.00,1,0,0
17556,3.288,99.70,328.00,1,0,0
17558,3.288,97.00,319.00,1,0,0
17561,3.292,98.20,318.00,1,0,0
17563,3.288,96.40,316.00,1,0,0
17565,3.288,95.60,315.00,1,0,0
17568,3.292,99.80,321.00,1,0,0
17570,3.288,99.60,328.00,1,0,0
17573,3.288,99.20,326.00,1,0,0
17575,3.292,96.90,319.00,1,0,0
17588,3.288,88.60,316.00,1,0,0
17590,3.288,99.90,329.00,1,0,0
17593,3.292,101.40,334.00,1,0,0
17595,3.280,114.90,378.00,1,0,0
17598,3.292,100.40,324.00,1,0,0
17600,3.288,96.60,318.00,1,0,0
17603,3.292,98.80,324.00,1,0,0
17605,3.288,98.20,328.00,1,0,0
17608,3.292,99.90,329.00,1,0,0
17610,3.292,96.00,316.00,1,0,0
17613,3.292,96.80,321.00,1,0,0
17615,3.292,97.20,319.00,1,0,0
17618,3.288,99.40,328.00,1,0,0
17620,3.292,99.70,319.00,1,0,0
17633,3.288,98.20,329.00,1,0,0
17635,3.292,97.50,321.00,1,0,0
17638,3.288,100.60,331.00,1,0,0
17640,3.292,100.30,329.00,1,0,0
17643,3.288,89.80,295.00,1,0,0
17645,3.276,94.10,310.00,1,0,0
17648,3.292,97.10,329.00,1,0,0
17650,3.288,97.60,326.00,1,0,0
17653,3.296,96.20,316.00,1,0,0
17655,3.292,92.10,303.00,1,0,0
17658,3.288,95.50,316.00,1,0,0
17660,3.292,95.10,313.00,1,0,0
17662,3.288,98.00,323.00,1,0,0
17665,3.292,99.30,321.00,1,0,0
17678,3.292,96.90,323.00,1,0,0
17680,3.292,98.20,323.00,1,0,0
17683,3.288,98.10,323.00,1,0,0
17685,3.288,97.30,319.00,1,0,0
17687,3.288,100.40,329.00,1,0,0
17690,3.292,96.50,318.00,1,0,0
17692,3.292,96.20,319.00,1,0,0
17695,3.292,92.00,303.00,1,0,0
17697,3.288,97.80,321.00,1,0,0
17700,3.288,97.10,319.00,1,0,0
17702,3.288,97.10,319.00,1,0,0
17705,3.292,96.70,318.00,1,0,0
17707,3.292,96.40,318.00,1,0,0
17710,3.292,96.50,321.00,1,0,0
17722,3.292,96.10,316.00,1,0,0
17725,3.292,96.80,318.00,1,0,0
17727,3.292,98.10,323.00,1,0,0
17730,3.292,100.10,319.00,1,0,0
17732,3.288,99.60,328.00,1,0,0
17735,3.288,97.20,319.00,1,0,0
17737,3.288,96.30,318.00,1,0,0
17740,3.288,96.40,318.00,1,0,0
17742,3.288,97.00,319.00,1,0,0
17745,3.292,97.90,297.00,1,0,0
17747,3.292,115.80,380.00,1,0,0
17750,3.288,100.40,329.00,1,0,0
17752,3.292,96.20,333.00,1,0,0
17755,3.292,96.20,316.00,1,0,0
17767,3.288,99.40,319.00,1,0,0
17770,3.292,96.10,316.00,1,0,0
17772,3.292,96.40,316.00,1,0,0
17775,3.292,96.30,323.00,1,0,0
17777,3.292,97.70,321.00,1,0,0
17780,3.288,99.20,328.00,1,0,0
17782,3.292,97.30,321.00,1,0,0
17784,3.292,96.50,318.00,1,0,0
17787,3.288,96.60,318.00,1,0,0
17789,3.292,97.30,319.00,1,0,0
17792,3.288,96.60,318.00,1,0,0
17794,3.288,97.90,321.00,1,0,0
17797,3.288,95.80,328.00,1,0,0
17799,3.288,96.40,316.00,1,0,0
17812,3.288,96.80,326.00,1,0,0
17814,3.288,99.10,326.00,1,0,0
17817,3.288,96.70,318.00,1,0,0
17819,3.288,96.10,316.00,1,0,0
17822,3.288,99.50,328.00,1,0,0
17824,3.292,99.50,328.00,1,0,0
17827,3.288,97.00,323.00,1,0,0
17829,3.288,99.30,326.00,1,0,0
17832,3.292,99.90,328.00,1,0,0
17834,3.292,96.50,316.00,1,0,0
17837,3.288,99.70,328.00,1,0,0
17839,3.288,97.10,319.00,1,0,0
17842,3.292,97.60,324.00,1,0,0
17844,3.292,96.80,316.00,1,0,0
17857,3.288,96.40,316.00,1,0,0
17859,3.288,96.60,318.00,1,0,0
17862,3.288,92.90,319.00,1,0,0
17864,3.288,96.90,318.00,1,0,0
17867,3.288,96.50,318.00,1,0,0
17869,3.288,97.90,323.00,1,0,0
17872,3.288,97.10,318.00,1,0,0
17874,3.288,97.50,321.00,1,0,0
17877,3.288,97.80,321.00,1,0,0
17879,3.288,99.50,319.00,1,0,0
17881,3.288,95.40,313.00,1,0,0
17884,3.288,96.30,316.00,1,0,0
17886,3.292,97.60,316.00,1,0,0
17889,3.288,97.20,319.00,1,0,0
17902,3.292,96.40,318.00,1,0,0
17904,3.292,97.50,321.00,1,0,0
17907,3.288,96.60,319.00,1,0,0
17909,3.288,100.00,329.00,1,0,0
17911,3.288,96.80,318.00,1,0,0
17914,3.292,96.10,326.00,1,0,0
17916,3.292,96.10,316.00,1,0,0
17919,3.292,99.10,326.00,1,0,0
17921,3.292,97.00,318.00,1,0,0
17924,3.288,97.60,323.00,1,0,0
17926,3.288,99.10,326.00,1,0,0
17929,3.292,96.00,316.00,1,0,0
17931,3.288,96.50,318.00,1,0,0
17934,3.292,96.20,316.00,1,0,0
17946,3.272,96.30,316.00,1,0,0
17949,3.288,90.40,297.00,1,0,0
17951,3.288,96.40,321.00,1,0,0
17954,3.288,96.70,318.00,1,0,0
17956,3.288,100.20,329.00,1,0,0
17959,3.288,97.60,316.00,1,0,0
17961,3.288,94.80,311.00,1,0,0
17964,3.288,96.10,316.00,1,0,0
17966,3.288,96.20,316.00,1,0,0
17969,3.288,99.60,328.00,1,0,0
17971,3.288,96.50,318.00,1,0,0
17974,3.288,97.10,328.00,1,0,0
17976,3.292,96.10,316.00,1,0,0
17978,3.292,100.10,329.00,1,0,0
17991,3.288,97.10,319.00,1,0,0
17994,3.288,96.30,316.00,1,0,0
17996,3.272,91.60,318.00,1,0,0
17999,3.288,96.40,316.00,1,0,0
18001,3.288,96.70,318.00,1,0,0
18003,3.288,97.50,324.00,1,0,0
18006,3.288,98.30,323.00,1,0,0
18008,3.292,100.00,329.00,1,0,0
18011,3.288,96.80,316.00,1,0,0
18013,3.292,96.20,316.00,1,0,0
18016,3.288,96.70,318.00,1,0,0
18018,3.292,97.90,323.00,1,0,0
18021,3.292,96.70,318.00,1,0,0
18023,3.288,99.30,328.00,1,0,0
18036,3.292,97.20,319.00,1,0,0
18038,3.288,98.40,324.00,1,0,0
18041,3.288,99.30,321.00,1,0,0
18043,3.292,100.40,329.00,1,0,0
18046,3.280,91.60,301.00,1,0,0
18048,3.292,97.20,313.00,1,0,0
18051,3.288,96.90,318.00,1,0,0
18053,3.288,90.10,297.00,1,0,0
18056,3.288,99.00,328.00,1,0,0
18058,3.292,97.50,321.00,1,0,0
18061,3.288,96.10,316.00,1,0,0
18063,3.292,89.30,298.00,1,0,0
18066,3.288,97.50,321.00,1,0,0
18068,3.292,100.10,329.00,1,0,0
18081,3.288,96.40,316.00,1,0,0
18083,3.292,96.60,313.00,1,0,0
18086,3.292,97.20,319.00,1,0,0
18088,3.288,96.90,319.00,1,0,0
18091,3.292,96.60,318.00,1,0,0
18093,3.288,97.10,318.00,1,0,0
18096,3.288,91.50,301.00,1,0,0
18098,3.288,96.50,318.00,1,0,0
18100,3.288,96.50,319.00,1,0,0
18103,3.288,99.40,326.00,1,0,0
18105,3.292,97.80,323.00,1,0,0
18112,3.292,95.90,319.00,1,0,0
18115,3.288,97.80,321.00,1,0,0
18117,3.288,97.10,319.00,1,0,0
18120,3.288,97.40,319.00,1,0,0
18122,3.288,97.80,321.00,1,0,0
18125,3.292,100.20,329.00,1,0,0
18127,3.292,96.10,326.00,1,0,0
18130,3.288,96.60,318.00,1,0,0
18132,3.292,96.60,318.00,1,0,0
18145,3.292,119.50,393.00,1,0,0
18147,3.288,97.40,319.00,1,0,0
18150,3.292,99.60,328.00,1,0,0
18152,3.292,99.80,329.00,1,0,0
18154,3.292,99.90,328.00,1,0,0
18157,3.288,90.40,316.00,1,0,0
18159,3.292,97.80,323.00,1,0,0
18162,3.292,96.80,318.00,1,0,0
18164,3.288,96.40,318.00,1,0,0
18167,3.288,91.50,301.00,1,0,0
18169,3.280,98.80,324.00,1,0,0
18172,3.288,95.10,318.00,1,0,0
18174,3.288,96.20,316.00,1,0,0
18177,3.292,96.50,318.00,1,0,0
18189,3.292,99.60,328.00,1,0,0
18192,3.288,98.30,308.00,1,0,0
18194,3.292,109.20,359.00,1,0,0
18197,3.288,97.20,319.00,1,0,0
18199,3.288,92.00,319.00,1,0,0
18202,3.288,96.50,318.00,1,0,0
18204,3.288,96.10,316.00,1,0,0
18207,3.288,96.10,316.00,1,0,0
18209,3.292,96.30,318.00,1,0,0
18212,3.288,98.60,324.00,1,0,0
18214,3.292,97.90,321.00,1,0,0
18217,3.288,97.50,326.00,1,0,0
18219,3.288,96.30,316.00,1,0,0
18222,3.288,96.50,318.00,1,0,0
18234,3.288,96.70,318.00,1,0,0
18237,3.288,96.90,318.00,1,0,0
18239,3.292,96.80,318.00,1,0,0
18242,3.292,96.50,318.00,1,0,0
18244,3.288,96.70,349.00,1,0,0
18247,3.284,99.30,326.00,1,0,0
18249,3.288,96.90,318.00,1,0,0
18251,3.288,97.00,316.00,1,0,0
18254,3.292,100.80,333.00,1,0,0
18256,3.288,90.20,297.00,1,0,0
18259,3.288,96.60,318.00,1,0,0
18261,3.292,98.30,324.00,1,0,0
18264,3.292,97.30,321.00,1,0,0
18266,3.288,91.70,301.00,1,0,0
18279,3.288,97.70,321.00,1,0,0
18281,3.292,97.30,318.00,1,0,0
18284,3.288,97.20,319.00,1,0,0
18286,3.292,96.10,316.00,1,0,0
18289,3.288,96.20,321.00,1,0,0
18291,3.292,97.20,319.00,1,0,0
18294,3.288,99.30,328.00,1,0,0
18296,3.288,116.20,311.00,1,0,0
18299,3.288,96.90,319.00,1,0,0
18301,3.288,100.00,329.00,1,0,0
18304,3.288,96.60,318.00,1,0,0
18306,3.288,97.20,319.00,1,0,0
18309,3.292,98.30,324.00,1,0,0
18311,3.288,97.00,319.00,1,0,0
18324,3.288,96.90,318.00,1,0,0
18326,3.288,97.10,319.00,1,0,0
18329,3.288,97.50,321.00,1,0,0
18331,3.288,96.90,318.00,1,0,0
18334,3.288,96.50,321.00,1,0,0
18336,3.288,96.30,316.00,1,0,0
18339,3.292,96.90,318.00,1,0,0
18341,3.292,98.20,319.00,1,0,0
18344,3.288,97.60,321.00,1,0,0
18346,3.288,92.50,305.00,1,0,0
18349,3.288,96.40,331.00,1,0,0
18351,3.288,96.00,316.00,1,0,0
18353,3.288,96.80,318.00,1,0,0
18356,3.292,96.60,318.00,1,0,0
18369,3.288,96.00,318.00,1,0,0
18371,3.292,97.80,306.00,1,0,0
18374,3.288,96.70,318.00,1,0,0
18376,3.292,98.50,324.00,1,0,0
18378,3.288,97.40,321.00,1,0,0
18381,3.288,98.20,323.00,1,0,0
18383,3.292,96.40,316.00,1,0,0
18386,3.288,96.40,319.00,1,0,0
18388,3.292,100.50,331.00,1,0,0
18391,3.292,97.10,319.00,1,0,0
18393,3.288,97.10,319.00,1,0,0
18396,3.288,93.70,308.00,1,0,0
18398,3.292,96.70,318.00,1,0,0
18401,3.292,96.90,319.00,1,0,0
18413,3.288,90.80,334.00,1,0,0
18416,3.292,96.10,316.00,1,0,0
18418,3.288,96.30,316.00,1,0,0
18421,3.292,96.60,318.00,1,0,0
18423,3.292,98.10,323.00,1,0,0
18426,3.288,97.00,319.00,1,0,0
18428,3.288,96.70,318.00,1,0,0
18431,3.292,101.30,329.00,1,0,0
18433,3.292,96.60,318.00,1,0,0
18436,3.288,96.80,318.00,1,0,0
18438,3.288,97.20,321.00,1,0,0
18441,3.292,99.40,326.00,1,0,0
18443,3.292,96.40,316.00,1,0,0
18446,3.288,101.50,374.00,1,0,0
18458,3.288,97.10,321.00,1,0,0
18461,3.292,90.20,297.00,1,0,0
18463,3.292,99.60,328.00,1,0,0
18466,3.292,96.20,328.00,1,0,0
18468,3.296,96.90,319.00,1,0,0
18471,3.292,96.90,318.00,1,0,0
18473,3.288,97.80,301.00,1,0,0
18475,3.292,96.60,318.00,1,0,0
18478,3.292,98.30,324.00,1,0,0
18480,3.288,96.10,338.00,1,0,0
18483,3.288,96.00,323.00,1,0,0
18485,3.292,97.70,321.00,1,0,0
