timestamp_ms,voltage_V,current_mA,power_mW,marker_ble,marker_wifi,marker_sleep
0,3.312,57.90,192.00,1,0,0
3,3.312,57.90,190.00,1,0,0
6,3.312,58.40,239.00,1,0,0
8,3.260,85.70,283.00,1,0,0
11,3.312,58.10,192.00,1,0,0
13,3.312,58.20,192.00,1,0,0
15,3.312,57.80,192.00,1,0,0
18,3.312,57.90,192.00,1,0,0
20,3.312,57.90,192.00,1,0,0
23,3.312,63.10,208.00,1,0,0
25,3.312,58.60,193.00,1,0,0
28,3.272,117.90,211.00,1,0,0
30,3.312,57.80,192.00,1,0,0
33,3.312,57.90,192.00,1,0,0
35,3.312,57.90,192.00,1,0,0
38,3.312,58.20,193.00,1,0,0
40,3.312,58.30,193.00,1,0,0
43,3.312,58.20,238.00,1,0,0
45,3.296,58.40,193.00,1,0,0
48,3.312,122.40,401.00,1,0,0
50,3.312,57.90,192.00,1,0,0
53,3.312,57.90,192.00,1,0,0
55,3.312,58.20,193.00,1,0,0
68,3.276,157.10,519.00,1,0,0
70,3.312,58.00,192.00,1,0,0
73,3.312,58.10,193.00,1,0,0
75,3.312,58.20,193.00,1,0,0
78,3.312,58.20,193.00,1,0,0
80,3.312,57.80,192.00,1,0,0
83,3.316,57.90,192.00,1,0,0
85,3.300,78.40,259.00,1,0,0
88,3.312,61.20,526.00,1,0,0
90,3.272,58.20,193.00,1,0,0
92,3.312,58.10,192.00,1,0,0
95,3.312,58.20,192.00,1,0,0
97,3.312,57.80,192.00,1,0,0
100,3.312,57.80,192.00,1,0,0
102,3.312,57.80,193.00,1,0,0
105,3.312,75.00,249.00,1,0,0
107,3.312,112.50,369.00,1,0,0
110,3.252,65.30,216.00,1,0,0
112,3.312,57.90,192.00,1,0,0
115,3.312,57.90,192.00,1,0,0
117,3.312,57.90,192.00,1,0,0
130,3.272,58.00,192.00,1,0,0
132,3.312,57.80,192.00,1,0,0
135,3.312,57.90,192.00,1,0,0
137,3.312,58.10,192.00,1,0,0
140,3.312,58.10,193.00,1,0,0
142,3.316,58.20,193.00,1,0,0
145,3.312,77.50,256.00,1,0,0
147,3.312,57.90,396.00,1,0,0
150,3.252,58.00,192.00,1,0,0
152,3.312,58.10,192.00,1,0,0
155,3.312,58.30,193.00,1,0,0
157,3.312,58.20,192.00,1,0,0
159,3.312,58.20,193.00,1,0,0
162,3.312,57.90,192.00,1,0,0
164,3.312,57.90,256.00,1,0,0
167,3.304,57.80,188.00,1,0,0
169,3.276,130.00,431.00,1,0,0
172,3.312,58.20,193.00,1,0,0
174,3.312,58.10,192.00,1,0,0
187,3.312,92.90,305.00,1,0,0
189,3.280,157.30,521.00,1,0,0
192,3.312,58.20,193.00,1,0,0
194,3.312,57.90,192.00,1,0,0
197,3.312,57.90,192.00,1,0,0
199,3.312,57.90,192.00,1,0,0
202,3.312,58.20,193.00,1,0,0
204,3.312,66.40,220.00,1,0,0
207,3.312,58.30,478.00,1,0,0
209,3.272,61.30,203.00,1,0,0
212,3.312,57.90,192.00,1,0,0
214,3.312,57.90,192.00,1,0,0
217,3.312,57.90,192.00,1,0,0
219,3.312,58.10,192.00,1,0,0
222,3.312,58.20,193.00,1,0,0
224,3.312,58.20,247.00,1,0,0
226,3.296,57.90,192.00,1,0,0
229,3.248,137.20,452.00,1,0,0
242,3.312,58.20,193.00,1,0,0
244,3.312,57.90,257.00,1,0,0
247,3.300,57.80,188.00,1,0,0
249,3.276,154.20,510.00,1,0,0
252,3.316,58.20,193.00,1,0,0
254,3.312,58.20,193.00,1,0,0
256,3.312,58.20,193.00,1,0,0
259,3.312,57.90,192.00,1,0,0
261,3.316,57.80,192.00,1,0,0
264,3.312,57.90,192.00,1,0,0
266,3.308,57.80,192.00,1,0,0
269,3.256,160.60,341.00,1,0,0
271,3.288,58.20,193.00,1,0,0
274,3.312,58.10,192.00,1,0,0
276,3.312,57.90,192.00,1,0,0
279,3.312,57.90,192.00,1,0,0
281,3.312,57.90,192.00,1,0,0
284,3.312,58.10,203.00,1,0,0
296,3.312,57.80,192.00,1,0,0
299,3.312,58.10,192.00,1,0,0
301,3.312,58.20,193.00,1,0,0
304,3.312,58.20,234.00,1,0,0
306,3.292,58.60,193.00,1,0,0
309,3.252,115.70,378.00,1,0,0
311,3.312,57.90,192.00,1,0,0
314,3.312,57.90,192.00,1,0,0
316,3.312,58.20,193.00,1,0,0
319,3.312,58.20,193.00,1,0,0
321,3.312,58.20,193.00,1,0,0
324,3.312,58.00,192.00,1,0,0
326,3.296,57.90,192.00,1,0,0
328,3.280,117.90,519.00,1,0,0
331,3.304,57.80,192.00,1,0,0
333,3.316,58.20,193.00,1,0,0
336,3.312,58.20,192.00,1,0,0
338,3.312,58.20,193.00,1,0,0
351,3.312,58.20,193.00,1,0,0
353,3.312,58.20,193.00,1,0,0
356,3.312,58.10,192.00,1,0,0
358,3.316,57.90,192.00,1,0,0
361,3.312,57.80,192.00,1,0,0
363,3.312,57.80,190.00,1,0,0
366,3.292,58.40,193.00,1,0,0
368,3.272,155.20,505.00,1,0,0
371,3.312,58.40,192.00,1,0,0
373,3.312,57.90,192.00,1,0,0
376,3.316,57.90,192.00,1,0,0
378,3.312,57.90,192.00,1,0,0
381,3.316,57.80,192.00,1,0,0
383,3.312,58.20,193.00,1,0,0
386,3.296,68.80,228.00,1,0,0
388,3.312,154.10,377.00,1,0,0
391,3.264,57.90,192.00,1,0,0
393,3.312,57.80,192.00,1,0,0
406,3.296,60.20,200.00,1,0,0
408,3.296,129.90,480.00,1,0,0
411,3.300,57.90,192.00,1,0,0
413,3.312,57.90,192.00,1,0,0
416,3.312,58.20,193.00,1,0,0
418,3.316,58.20,193.00,1,0,0
421,3.312,58.20,193.00,1,0,0
423,3.312,57.80,192.00,1,0,0
425,3.308,57.80,192.00,1,0,0
428,3.312,118.50,388.00,1,0,0
430,3.308,58.20,193.00,1,0,0
433,3.312,58.20,193.00,1,0,0
435,3.312,58.20,193.00,1,0,0
438,3.312,58.20,193.00,1,0,0
440,3.316,57.80,192.00,1,0,0
443,3.312,57.80,192.00,1,0,0
445,3.300,77.00,254.00,1,0,0
448,3.312,58.40,524.00,1,0,0
460,3.312,57.90,192.00,1,0,0
463,3.312,58.20,193.00,1,0,0
465,3.296,73.50,244.00,1,0,0
468,3.312,128.10,405.00,1,0,0
470,3.248,58.20,193.00,1,0,0
473,3.312,57.80,192.00,1,0,0
475,3.312,57.90,192.00,1,0,0
478,3.312,57.90,192.00,1,0,0
480,3.312,58.20,193.00,1,0,0
483,3.316,58.20,193.00,1,0,0
485,3.312,65.00,215.00,1,0,0
488,3.312,154.30,501.00,1,0,0
490,3.280,58.00,192.00,1,0,0
493,3.312,57.90,192.00,1,0,0
495,3.312,58.10,193.00,1,0,0
497,3.312,58.20,193.00,1,0,0
500,3.312,58.20,193.00,1,0,0
502,3.316,58.20,193.00,1,0,0
515,3.316,58.20,193.00,1,0,0
518,3.312,58.20,193.00,1,0,0
520,3.316,58.10,192.00,1,0,0
522,3.312,57.90,192.00,1,0,0
525,3.300,77.40,256.00,1,0,0
527,3.312,57.80,460.00,1,0,0
530,3.276,58.40,193.00,1,0,0
532,3.312,58.20,193.00,1,0,0
535,3.312,58.20,193.00,1,0,0
537,3.312,57.90,192.00,1,0,0
540,3.316,57.90,192.00,1,0,0
542,3.312,57.90,192.00,1,0,0
545,3.312,58.20,257.00,1,0,0
547,3.312,100.00,328.00,1,0,0
550,3.252,65.60,218.00,1,0,0
552,3.312,58.20,192.00,1,0,0
555,3.312,57.90,192.00,1,0,0
557,3.312,57.90,192.00,1,0,0
560,3.312,57.80,192.00,1,0,0
572,3.312,57.90,192.00,1,0,0
575,3.312,57.90,192.00,1,0,0
577,3.312,58.10,193.00,1,0,0
580,3.312,58.20,193.00,1,0,0
582,3.316,58.20,193.00,1,0,0
585,3.316,76.10,251.00,1,0,0
587,3.312,57.80,413.00,1,0,0
589,3.252,58.00,192.00,1,0,0
592,3.312,57.90,192.00,1,0,0
594,3.312,58.20,193.00,1,0,0
597,3.312,58.20,193.00,1,0,0
599,3.312,58.20,193.00,1,0,0
602,3.316,58.00,192.00,1,0,0
604,3.316,57.90,257.00,1,0,0
607,3.300,57.80,188.00,1,0,0
609,3.276,145.80,483.00,1,0,0
612,3.312,58.20,193.00,1,0,0
614,3.316,58.20,193.00,1,0,0
617,3.312,58.20,193.00,1,0,0
629,3.264,85.80,283.00,1,0,0
632,3.312,58.20,193.00,1,0,0
634,3.316,57.90,192.00,1,0,0
637,3.312,57.90,192.00,1,0,0
639,3.316,57.90,192.00,1,0,0
642,3.312,57.90,192.00,1,0,0
644,3.312,62.90,208.00,1,0,0
647,3.312,58.30,193.00,1,0,0
649,3.272,120.10,213.00,1,0,0
652,3.312,57.90,192.00,1,0,0
654,3.312,57.90,192.00,1,0,0
656,3.312,57.80,192.00,1,0,0
659,3.312,58.10,192.00,1,0,0
661,3.312,58.20,193.00,1,0,0
664,3.316,58.20,238.00,1,0,0
666,3.296,58.50,193.00,1,0,0
669,3.248,120.00,395.00,1,0,0
671,3.312,57.90,192.00,1,0,0
684,3.312,57.90,257.00,1,0,0
686,3.296,57.90,190.00,1,0,0
689,3.260,159.20,526.00,1,0,0
691,3.312,58.00,193.00,1,0,0
694,3.312,58.20,193.00,1,0,0
696,3.312,58.10,192.00,1,0,0
699,3.312,58.20,192.00,1,0,0
701,3.312,57.90,192.00,1,0,0
704,3.312,57.80,192.00,1,0,0
706,3.304,57.90,192.00,1,0,0
709,3.252,136.60,423.00,1,0,0
711,3.312,58.10,193.00,1,0,0
714,3.316,58.20,193.00,1,0,0
716,3.316,58.20,192.00,1,0,0
719,3.312,57.80,192.00,1,0,0
721,3.316,57.90,192.00,1,0,0
724,3.316,57.90,192.00,1,0,0
726,3.296,58.40,193.00,1,0,0
739,3.312,57.80,192.00,1,0,0
741,3.312,58.10,193.00,1,0,0
744,3.316,58.20,223.00,1,0,0
746,3.296,58.60,193.00,1,0,0
749,3.264,115.40,377.00,1,0,0
751,3.312,57.90,192.00,1,0,0
753,3.312,57.90,192.00,1,0,0
756,3.312,57.80,192.00,1,0,0
758,3.316,58.20,193.00,1,0,0
761,3.312,58.20,193.00,1,0,0
763,3.316,58.10,192.00,1,0,0
766,3.296,62.20,206.00,1,0,0
768,3.308,141.40,434.00,1,0,0
771,3.292,57.90,192.00,1,0,0
773,3.312,58.10,192.00,1,0,0
776,3.316,58.20,193.00,1,0,0
778,3.312,58.20,193.00,1,0,0
781,3.316,58.20,193.00,1,0,0
793,3.316,58.20,193.00,1,0,0
796,3.316,58.20,192.00,1,0,0
798,3.312,57.90,192.00,1,0,0
801,3.312,57.90,192.00,1,0,0
803,3.312,57.90,192.00,1,0,0
806,3.300,58.30,193.00,1,0,0
808,3.260,159.60,521.00,1,0,0
811,3.312,58.20,193.00,1,0,0
813,3.316,58.20,193.00,1,0,0
816,3.312,57.80,192.00,1,0,0
818,3.312,57.90,192.00,1,0,0
821,3.316,57.90,192.00,1,0,0
823,3.312,58.20,193.00,1,0,0
825,3.296,72.90,242.00,1,0,0
828,3.312,112.60,452.00,1,0,0
830,3.252,58.00,192.00,1,0,0
833,3.312,57.90,192.00,1,0,0
835,3.316,57.90,192.00,1,0,0
848,3.312,149.20,400.00,1,0,0
851,3.284,57.90,192.00,1,0,0
853,3.312,57.90,192.00,1,0,0
855,3.312,58.20,193.00,1,0,0
858,3.312,58.20,193.00,1,0,0
860,3.316,58.20,193.00,1,0,0
863,3.312,58.20,192.00,1,0,0
865,3.312,77.80,192.00,1,0,0
868,3.312,117.90,385.00,1,0,0
870,3.308,57.90,192.00,1,0,0
873,3.312,58.20,193.00,1,0,0
875,3.312,58.10,192.00,1,0,0
878,3.312,58.20,193.00,1,0,0
880,3.316,58.00,192.00,1,0,0
883,3.312,57.90,192.00,1,0,0
885,3.304,77.00,254.00,1,0,0
888,3.312,57.90,469.00,1,0,0
890,3.276,58.30,193.00,1,0,0
903,3.312,57.80,192.00,1,0,0
905,3.292,78.10,259.00,1,0,0
908,3.312,105.10,474.00,1,0,0
910,3.252,58.20,193.00,1,0,0
913,3.312,57.90,192.00,1,0,0
915,3.312,57.90,192.00,1,0,0
918,3.312,57.90,192.00,1,0,0
920,3.312,58.10,192.00,1,0,0
922,3.312,58.20,193.00,1,0,0
925,3.312,68.30,239.00,1,0,0
927,3.312,140.80,460.00,1,0,0
930,3.256,62.60,208.00,1,0,0
932,3.312,57.80,192.00,1,0,0
935,3.312,57.80,192.00,1,0,0
937,3.316,58.10,192.00,1,0,0
940,3.312,58.10,193.00,1,0,0
942,3.312,58.20,193.00,1,0,0
945,3.312,77.30,254.00,1,0,0
957,3.312,58.20,193.00,1,0,0
960,3.312,58.20,193.00,1,0,0
962,3.316,57.80,192.00,1,0,0
965,3.304,77.90,257.00,1,0,0
967,3.312,57.80,396.00,1,0,0
970,3.276,58.20,193.00,1,0,0
972,3.312,58.30,193.00,1,0,0
975,3.312,58.20,192.00,1,0,0
977,3.312,58.00,192.00,1,0,0
980,3.312,57.90,192.00,1,0,0
982,3.312,57.80,192.00,1,0,0
985,3.312,57.90,259.00,1,0,0
987,3.308,77.60,254.00,1,0,0
990,3.260,81.30,269.00,1,0,0
992,3.316,58.10,193.00,1,0,0
994,3.312,57.90,192.00,1,0,0
997,3.312,57.90,192.00,1,0,0
999,3.312,57.90,192.00,1,0,0
1002,3.312,58.20,193.00,1,0,0
1015,3.312,57.90,192.00,1,0,0
1017,3.312,57.90,192.00,1,0,0
1019,3.312,58.20,193.00,1,0,0
1022,3.312,58.20,193.00,1,0,0
1024,3.312,72.80,239.00,1,0,0
1027,3.312,58.10,475.00,1,0,0
1029,3.248,125.90,192.00,1,0,0
1032,3.312,57.90,192.00,1,0,0
1034,3.312,57.90,192.00,1,0,0
1037,3.312,58.20,193.00,1,0,0
1039,3.316,58.20,193.00,1,0,0
1042,3.312,58.20,193.00,1,0,0
1044,3.312,57.80,257.00,1,0,0
1047,3.300,57.90,190.00,1,0,0
1049,3.268,157.00,519.00,1,0,0
1052,3.312,58.10,193.00,1,0,0
1064,3.312,57.80,257.00,1,0,0
1067,3.304,58.00,188.00,1,0,0
1069,3.276,111.80,370.00,1,0,0
1072,3.312,58.20,193.00,1,0,0
1074,3.312,58.20,193.00,1,0,0
1077,3.312,57.90,192.00,1,0,0
1079,3.312,57.90,192.00,1,0,0
1082,3.312,57.90,192.00,1,0,0
1084,3.312,59.50,197.00,1,0,0
1087,3.312,58.40,193.00,1,0,0
1089,3.272,142.40,216.00,1,0,0
1091,3.312,58.20,193.00,1,0,0
1094,3.312,57.90,192.00,1,0,0
1096,3.312,57.90,192.00,1,0,0
1099,3.312,57.90,192.00,1,0,0
1101,3.312,58.20,193.00,1,0,0
1114,3.316,57.90,192.00,1,0,0
1116,3.312,57.90,193.00,1,0,0
1119,3.312,58.20,193.00,1,0,0
1121,3.316,58.20,193.00,1,0,0
1124,3.312,58.20,256.00,1,0,0
1126,3.296,57.90,190.00,1,0,0
1129,3.252,153.40,506.00,1,0,0
1131,3.312,57.80,192.00,1,0,0
1134,3.316,58.20,193.00,1,0,0
1136,3.312,58.20,193.00,1,0,0
1139,3.312,58.10,193.00,1,0,0
1141,3.312,58.20,192.00,1,0,0
1144,3.312,57.80,192.00,1,0,0
1146,3.300,57.90,192.00,1,0,0
1149,3.256,122.80,462.00,1,0,0
1151,3.308,58.20,193.00,1,0,0
1164,3.312,57.90,190.00,1,0,0
1166,3.308,58.40,193.00,1,0,0
1169,3.268,158.10,264.00,1,0,0
1171,3.316,58.20,193.00,1,0,0
1174,3.316,58.00,192.00,1,0,0
1176,3.312,57.90,192.00,1,0,0
1179,3.312,57.90,192.00,1,0,0
1181,3.312,57.90,192.00,1,0,0
1184,3.312,58.20,213.00,1,0,0
1186,3.292,58.60,193.00,1,0,0
1188,3.272,115.60,377.00,1,0,0
1191,3.312,57.90,192.00,1,0,0
1193,3.316,57.90,192.00,1,0,0
1196,3.312,57.90,192.00,1,0,0
1198,3.316,58.10,192.00,1,0,0
1201,3.316,58.20,193.00,1,0,0
1213,3.312,57.90,192.00,1,0,0
1216,3.316,58.20,193.00,1,0,0
1218,3.312,58.20,193.00,1,0,0
1221,3.312,58.20,193.00,1,0,0
1223,3.316,57.90,192.00,1,0,0
1226,3.300,57.90,192.00,1,0,0
1228,3.276,118.10,519.00,1,0,0
1231,3.308,58.20,193.00,1,0,0
1233,3.312,58.20,193.00,1,0,0
1236,3.312,58.20,193.00,1,0,0
1238,3.312,58.20,193.00,1,0,0
1241,3.312,57.90,192.00,1,0,0
1243,3.312,57.90,192.00,1,0,0
1246,3.300,57.80,192.00,1,0,0
1248,3.312,151.50,496.00,1,0,0
1251,3.312,58.30,193.00,1,0,0
1263,3.312,57.90,192.00,1,0,0
1266,3.296,76.30,193.00,1,0,0
1268,3.312,150.50,490.00,1,0,0
1271,3.312,58.30,193.00,1,0,0
1273,3.312,58.00,192.00,1,0,0
1276,3.312,57.90,192.00,1,0,0
1278,3.316,57.90,192.00,1,0,0
1281,3.312,58.10,193.00,1,0,0
1283,3.312,58.20,193.00,1,0,0
1285,3.296,67.80,224.00,1,0,0
1288,3.312,154.40,377.00,1,0,0
1290,3.268,57.90,192.00,1,0,0
1293,3.312,57.90,192.00,1,0,0
1295,3.312,57.90,192.00,1,0,0
1298,3.312,58.20,193.00,1,0,0
1300,3.312,58.20,193.00,1,0,0
1313,3.312,58.20,193.00,1,0,0
1315,3.312,58.20,193.00,1,0,0
1318,3.312,58.10,193.00,1,0,0
1320,3.312,58.10,192.00,1,0,0
1323,3.312,57.90,192.00,1,0,0
1325,3.304,77.60,192.00,1,0,0
1328,3.312,118.60,388.00,1,0,0
1330,3.308,58.30,193.00,1,0,0
1333,3.312,58.20,193.00,1,0,0
1335,3.312,58.20,193.00,1,0,0
1338,3.312,57.90,192.00,1,0,0
1340,3.312,57.80,192.00,1,0,0
1343,3.312,57.90,192.00,1,0,0
1345,3.296,76.60,254.00,1,0,0
1348,3.312,73.10,521.00,1,0,0
1350,3.264,58.30,193.00,1,0,0
1363,3.316,58.20,193.00,1,0,0
1365,3.312,72.00,239.00,1,0,0
1368,3.316,125.90,411.00,1,0,0
1370,3.252,65.20,192.00,1,0,0
1373,3.312,57.90,192.00,1,0,0
1375,3.312,57.90,192.00,1,0,0
1378,3.312,57.90,192.00,1,0,0
1380,3.312,58.20,193.00,1,0,0
1382,3.312,58.20,193.00,1,0,0
1385,3.316,73.70,206.00,1,0,0
1387,3.312,145.70,474.00,1,0,0
1390,3.288,57.90,192.00,1,0,0
1392,3.312,57.90,192.00,1,0,0
1395,3.312,58.10,192.00,1,0,0
1397,3.312,58.20,193.00,1,0,0
1400,3.312,58.20,193.00,1,0,0
1412,3.312,58.20,193.00,1,0,0
1415,3.312,58.30,193.00,1,0,0
1417,3.312,58.20,193.00,1,0,0
1420,3.312,57.90,192.00,1,0,0
1422,3.316,57.90,192.00,1,0,0
1425,3.312,78.20,259.00,1,0,0
1427,3.312,58.20,190.00,1,0,0
1430,3.272,104.30,193.00,1,0,0
1432,3.316,58.30,193.00,1,0,0
1435,3.316,58.20,193.00,1,0,0
1437,3.312,57.90,192.00,1,0,0
1440,3.312,57.80,192.00,1,0,0
1442,3.312,57.80,192.00,1,0,0
1445,3.312,60.50,251.00,1,0,0
1447,3.312,114.40,375.00,1,0,0
1450,3.252,65.40,216.00,1,0,0
1462,3.316,58.20,193.00,1,0,0
1465,3.312,69.80,223.00,1,0,0
1467,3.316,58.60,503.00,1,0,0
1470,3.260,58.30,193.00,1,0,0
1472,3.312,57.90,192.00,1,0,0
1475,3.312,57.90,192.00,1,0,0
1477,3.312,58.20,193.00,1,0,0
1479,3.312,58.20,193.00,1,0,0
1482,3.312,58.20,193.00,1,0,0
1484,3.312,77.70,256.00,1,0,0
1487,3.316,57.90,190.00,1,0,0
1489,3.256,158.10,192.00,1,0,0
1492,3.312,58.00,192.00,1,0,0
1494,3.312,58.20,193.00,1,0,0
1497,3.312,58.10,193.00,1,0,0
1499,3.312,58.20,193.00,1,0,0
1512,3.312,58.20,193.00,1,0,0
1514,3.312,58.20,193.00,1,0,0
1517,3.316,58.20,192.00,1,0,0
1519,3.312,57.80,192.00,1,0,0
1522,3.312,57.90,192.00,1,0,0
1524,3.312,57.80,190.00,1,0,0
1527,3.312,58.50,272.00,1,0,0
1529,3.268,75.50,251.00,1,0,0
1532,3.312,58.20,193.00,1,0,0
1534,3.312,57.90,192.00,1,0,0
1537,3.312,57.90,192.00,1,0,0
1539,3.312,57.90,192.00,1,0,0
1542,3.312,57.90,193.00,1,0,0
1544,3.312,65.40,216.00,1,0,0
1547,3.312,58.60,193.00,1,0,0
1549,3.272,115.40,203.00,1,0,0
1562,3.316,58.10,193.00,1,0,0
1564,3.316,74.10,244.00,1,0,0
1567,3.312,57.90,192.00,1,0,0
1569,3.248,133.20,192.00,1,0,0
1572,3.312,57.90,192.00,1,0,0
1574,3.312,58.10,192.00,1,0,0
1576,3.312,58.20,193.00,1,0,0
1579,3.312,58.20,193.00,1,0,0
1581,3.312,58.20,193.00,1,0,0
1584,3.312,57.90,192.00,1,0,0
1586,3.300,57.90,188.00,1,0,0
1589,3.268,155.20,513.00,1,0,0
1591,3.312,58.20,193.00,1,0,0
1594,3.312,58.30,193.00,1,0,0
1596,3.316,58.20,193.00,1,0,0
1599,3.312,58.10,192.00,1,0,0
1616,3.312,57.90,192.00,1,0,0
1619,3.312,57.90,192.00,1,0,0
1621,3.312,57.90,192.00,1,0,0
1624,3.312,58.10,200.00,1,0,0
1626,3.292,58.50,193.00,1,0,0
1629,3.272,134.10,436.00,1,0,0
1631,3.312,58.20,192.00,1,0,0
1634,3.312,57.90,192.00,1,0,0
1636,3.312,57.90,192.00,1,0,0
1638,3.312,57.90,192.00,1,0,0
1641,3.312,58.20,193.00,1,0,0
1643,3.312,58.20,193.00,1,0,0
1646,3.296,66.60,193.00,1,0,0
1648,3.316,115.60,378.00,1,0,0
1651,3.312,57.90,192.00,1,0,0
1653,3.312,57.90,192.00,1,0,0
1666,3.296,58.00,192.00,1,0,0
1668,3.284,117.80,521.00,1,0,0
1671,3.304,57.90,192.00,1,0,0
1673,3.316,58.20,193.00,1,0,0
1676,3.312,58.20,193.00,1,0,0
1678,3.312,58.10,192.00,1,0,0
1681,3.312,58.00,192.00,1,0,0
1683,3.312,57.90,192.00,1,0,0
1686,3.304,57.90,192.00,1,0,0
1688,3.256,120.70,395.00,1,0,0
1691,3.308,58.20,193.00,1,0,0
1693,3.312,58.20,193.00,1,0,0
1696,3.312,58.20,193.00,1,0,0
1698,3.312,57.90,192.00,1,0,0
1701,3.312,57.90,192.00,1,0,0
1703,3.312,57.90,192.00,1,0,0
1716,3.316,57.80,192.00,1,0,0
1718,3.312,57.90,192.00,1,0,0
1721,3.312,57.80,192.00,1,0,0
1723,3.316,58.10,193.00,1,0,0
1726,3.296,70.40,233.00,1,0,0
1728,3.316,150.90,377.00,1,0,0
1731,3.260,57.90,192.00,1,0,0
1733,3.312,57.90,192.00,1,0,0
1735,3.312,57.90,192.00,1,0,0
1738,3.312,58.20,193.00,1,0,0
1740,3.312,58.10,192.00,1,0,0
1743,3.312,58.20,193.00,1,0,0
1745,3.312,62.20,206.00,1,0,0
1748,3.308,143.10,465.00,1,0,0
1750,3.288,57.90,192.00,1,0,0
1753,3.312,57.90,192.00,1,0,0
1765,3.308,57.80,192.00,1,0,0
1768,3.264,118.30,387.00,1,0,0
1770,3.308,58.20,193.00,1,0,0
1773,3.312,58.20,193.00,1,0,0
1775,3.312,58.20,193.00,1,0,0
1778,3.312,58.20,193.00,1,0,0
1780,3.312,57.90,192.00,1,0,0
1783,3.312,57.90,192.00,1,0,0
1785,3.300,78.30,259.00,1,0,0
1788,3.312,62.40,526.00,1,0,0
1790,3.272,58.20,193.00,1,0,0
1793,3.312,58.20,193.00,1,0,0
1795,3.312,58.30,192.00,1,0,0
1798,3.312,57.90,192.00,1,0,0
1800,3.312,57.90,192.00,1,0,0
1803,3.312,57.90,192.00,1,0,0
1815,3.312,57.90,192.00,1,0,0
1818,3.312,57.90,192.00,1,0,0
1820,3.312,58.20,193.00,1,0,0
1823,3.312,58.20,193.00,1,0,0
1825,3.312,65.60,218.00,1,0,0
1828,3.312,154.30,503.00,1,0,0
1830,3.276,57.90,192.00,1,0,0
1832,3.312,57.90,192.00,1,0,0
1835,3.312,57.90,192.00,1,0,0
1837,3.312,58.20,193.00,1,0,0
1840,3.316,58.10,193.00,1,0,0
1842,3.312,58.10,192.00,1,0,0
1845,3.312,77.60,256.00,1,0,0
1847,3.312,57.80,385.00,1,0,0
1850,3.260,62.30,206.00,1,0,0
1852,3.312,58.10,192.00,1,0,0
1865,3.304,77.30,256.00,1,0,0
1867,3.312,57.80,418.00,1,0,0
1870,3.284,58.40,193.00,1,0,0
1872,3.312,58.20,193.00,1,0,0
1875,3.316,58.20,193.00,1,0,0
1877,3.316,57.90,192.00,1,0,0
1880,3.312,57.90,192.00,1,0,0
1882,3.312,57.90,192.00,1,0,0
1885,3.312,77.80,257.00,1,0,0
1887,3.312,86.90,283.00,1,0,0
1890,3.256,71.80,238.00,1,0,0
1892,3.316,58.20,193.00,1,0,0
1895,3.312,58.00,192.00,1,0,0
1897,3.312,57.80,192.00,1,0,0
1900,3.312,57.90,192.00,1,0,0
1902,3.312,58.20,193.00,1,0,0
1915,3.316,57.90,192.00,1,0,0
1917,3.312,58.00,192.00,1,0,0
1920,3.312,58.20,193.00,1,0,0
1922,3.312,58.20,193.00,1,0,0
1925,3.312,75.20,247.00,1,0,0
1927,3.312,57.90,436.00,1,0,0
1929,3.248,58.00,192.00,1,0,0
1932,3.312,57.90,192.00,1,0,0
1934,3.312,58.10,193.00,1,0,0
1937,3.316,58.20,192.00,1,0,0
1939,3.312,58.10,193.00,1,0,0
1942,3.312,58.20,193.00,1,0,0
1944,3.312,57.90,257.00,1,0,0
1947,3.300,57.80,188.00,1,0,0
1949,3.276,151.70,498.00,1,0,0
1952,3.312,58.20,193.00,1,0,0
1964,3.312,57.90,257.00,1,0,0
1967,3.308,58.20,190.00,1,0,0
1969,3.272,105.40,349.00,1,0,0
1972,3.316,58.20,193.00,1,0,0
1974,3.316,58.00,192.00,1,0,0
1977,3.312,57.90,192.00,1,0,0
1979,3.312,57.90,192.00,1,0,0
1982,3.316,57.90,192.00,1,0,0
1984,3.312,61.90,205.00,1,0,0
1987,3.312,58.60,372.00,1,0,0
1989,3.276,65.20,216.00,1,0,0
1992,3.316,57.90,192.00,1,0,0
1994,3.312,57.80,192.00,1,0,0
1997,3.312,57.90,192.00,1,0,0
1999,3.312,58.10,192.00,1,0,0
2001,3.312,58.10,192.00,1,0,0
2014,3.312,58.00,192.00,1,0,0
2017,3.312,58.20,193.00,1,0,0
2019,3.316,58.20,193.00,1,0,0
2022,3.312,58.20,193.00,1,0,0
2024,3.316,58.00,256.00,1,0,0
2026,3.296,57.80,190.00,1,0,0
2029,3.256,158.30,524.00,1,0,0
2031,3.312,57.80,193.00,1,0,0
2034,3.312,58.20,193.00,1,0,0
2036,3.312,58.30,193.00,1,0,0
2039,3.316,58.20,193.00,1,0,0
2041,3.312,57.80,192.00,1,0,0
2044,3.312,57.90,192.00,1,0,0
2046,3.304,57.90,188.00,1,0,0
2049,3.252,132.80,433.00,1,0,0
2051,3.312,58.20,193.00,1,0,0
2064,3.312,57.90,190.00,1,0,0
2066,3.316,58.60,193.00,1,0,0
2069,3.276,151.20,218.00,1,0,0
2071,3.312,58.10,192.00,1,0,0
2074,3.312,57.90,192.00,1,0,0
2076,3.312,57.90,192.00,1,0,0
2079,3.312,57.90,192.00,1,0,0
2081,3.312,57.90,192.00,1,0,0
2084,3.316,58.00,192.00,1,0,0
2086,3.312,66.50,220.00,1,0,0
2089,3.312,154.20,501.00,1,0,0
2091,3.244,84.20,192.00,1,0,0
2094,3.312,57.90,192.00,1,0,0
2096,3.312,57.90,192.00,1,0,0
2098,3.312,58.20,193.00,1,0,0
2101,3.312,58.20,193.00,1,0,0
2114,3.312,57.90,193.00,1,0,0
2116,3.312,58.20,193.00,1,0,0
2119,3.316,58.20,193.00,1,0,0
2121,3.312,58.20,192.00,1,0,0
2123,3.312,57.90,192.00,1,0,0
2126,3.304,78.00,257.00,1,0,0
2128,3.312,57.90,403.00,1,0,0
2131,3.276,58.30,193.00,1,0,0
2133,3.312,58.10,192.00,1,0,0
2136,3.312,58.20,193.00,1,0,0
2138,3.316,57.90,192.00,1,0,0
2141,3.312,57.80,192.00,1,0,0
2143,3.312,57.80,192.00,1,0,0
2146,3.312,77.50,257.00,1,0,0
2148,3.312,81.40,265.00,1,0,0
2151,3.260,77.40,193.00,1,0,0
2163,3.312,58.10,192.00,1,0,0
2166,3.312,65.20,234.00,1,0,0
2168,3.316,145.20,475.00,1,0,0
2171,3.260,61.80,205.00,1,0,0
2173,3.316,57.90,192.00,1,0,0
2176,3.316,57.90,192.00,1,0,0
2178,3.316,57.90,192.00,1,0,0
2181,3.316,58.20,193.00,1,0,0
2183,3.312,58.20,193.00,1,0,0
2186,3.312,73.70,242.00,1,0,0
2188,3.312,58.00,498.00,1,0,0
2191,3.252,58.00,192.00,1,0,0
2193,3.312,57.90,192.00,1,0,0
2195,3.312,58.10,193.00,1,0,0
2198,3.312,58.20,193.00,1,0,0
2200,3.312,58.20,193.00,1,0,0
2213,3.312,58.30,193.00,1,0,0
2216,3.316,58.30,193.00,1,0,0
2218,3.316,58.10,193.00,1,0,0
2221,3.316,57.90,192.00,1,0,0
2223,3.312,57.80,192.00,1,0,0
2225,3.312,57.90,257.00,1,0,0
2228,3.304,59.30,193.00,1,0,0
2230,3.272,101.10,334.00,1,0,0
2233,3.312,58.20,193.00,1,0,0
2235,3.312,58.20,193.00,1,0,0
2238,3.312,57.90,192.00,1,0,0
2240,3.312,57.90,192.00,1,0,0
2243,3.312,57.90,192.00,1,0,0
2245,3.312,60.60,200.00,1,0,0
2248,3.316,58.50,372.00,1,0,0
2250,3.276,65.40,216.00,1,0,0
2263,3.316,58.20,193.00,1,0,0
2265,3.316,69.90,231.00,1,0,0
2268,3.312,58.60,193.00,1,0,0
2270,3.260,114.70,193.00,1,0,0
2273,3.316,57.90,192.00,1,0,0
2275,3.312,57.90,192.00,1,0,0
2278,3.312,58.10,193.00,1,0,0
2280,3.312,58.20,193.00,1,0,0
2283,3.312,58.20,193.00,1,0,0
2285,3.312,58.20,256.00,1,0,0
2288,3.296,57.90,190.00,1,0,0
2290,3.260,158.10,523.00,1,0,0
2293,3.312,57.90,192.00,1,0,0
2295,3.316,58.20,193.00,1,0,0
2297,3.312,58.20,193.00,1,0,0
2300,3.312,58.20,193.00,1,0,0
2313,3.316,58.20,193.00,1,0,0
2315,3.316,58.20,193.00,1,0,0
2318,3.312,58.20,193.00,1,0,0
2320,3.312,57.90,192.00,1,0,0
2322,3.312,57.90,192.00,1,0,0
2325,3.312,57.90,190.00,1,0,0
2327,3.312,58.50,193.00,1,0,0
2330,3.268,157.40,246.00,1,0,0
2332,3.312,58.20,193.00,1,0,0
2335,3.316,58.00,192.00,1,0,0
2337,3.312,58.00,192.00,1,0,0
2340,3.312,57.80,192.00,1,0,0
2342,3.312,58.10,192.00,1,0,0
2345,3.312,58.20,216.00,1,0,0
2347,3.296,58.60,195.00,1,0,0
2350,3.272,115.50,377.00,1,0,0
2362,3.316,58.20,193.00,1,0,0
2365,3.312,58.20,244.00,1,0,0
2367,3.296,57.90,192.00,1,0,0
2370,3.248,130.10,428.00,1,0,0
2372,3.312,57.80,192.00,1,0,0
2375,3.312,58.10,193.00,1,0,0
2377,3.316,58.20,193.00,1,0,0
2380,3.312,58.20,193.00,1,0,0
2382,3.312,58.20,193.00,1,0,0
2385,3.316,57.90,192.00,1,0,0
2387,3.300,57.90,192.00,1,0,0
2390,3.272,118.40,519.00,1,0,0
2392,3.308,58.20,193.00,1,0,0
2394,3.312,58.20,193.00,1,0,0
2397,3.312,58.20,193.00,1,0,0
2399,3.312,58.00,192.00,1,0,0
2412,3.312,58.20,193.00,1,0,0
2415,3.316,58.20,193.00,1,0,0
2417,3.312,57.90,192.00,1,0,0
2419,3.312,57.90,192.00,1,0,0
2422,3.312,57.90,192.00,1,0,0
2424,3.312,58.10,202.00,1,0,0
2427,3.292,58.60,193.00,1,0,0
2429,3.312,131.20,426.00,1,0,0
2432,3.312,58.20,193.00,1,0,0
2434,3.312,57.90,192.00,1,0,0
2437,3.316,57.90,192.00,1,0,0
2439,3.312,57.90,192.00,1,0,0
2442,3.312,58.20,193.00,1,0,0
2444,3.316,58.20,193.00,1,0,0
2447,3.296,66.10,220.00,1,0,0
2449,3.316,154.30,380.00,1,0,0
2462,3.312,58.20,193.00,1,0,0
2464,3.312,58.20,193.00,1,0,0
2467,3.296,58.00,192.00,1,0,0
2469,3.284,117.80,521.00,1,0,0
2472,3.308,57.90,192.00,1,0,0
2474,3.312,58.20,193.00,1,0,0
2477,3.316,58.20,193.00,1,0,0
2479,3.312,58.20,193.00,1,0,0
2482,3.316,58.00,192.00,1,0,0
2484,3.312,57.80,192.00,1,0,0
2487,3.304,57.90,192.00,1,0,0
2489,3.312,137.50,451.00,1,0,0
2491,3.312,58.20,193.00,1,0,0
2494,3.312,58.20,193.00,1,0,0
2496,3.316,58.10,192.00,1,0,0
2499,3.312,57.90,192.00,1,0,0
2512,3.312,58.30,193.00,1,0,0
2514,3.312,58.20,192.00,1,0,0
2516,3.312,57.90,192.00,1,0,0
2519,3.312,57.90,192.00,1,0,0
2521,3.312,57.90,193.00,1,0,0
2524,3.316,58.10,193.00,1,0,0
2526,3.296,70.00,233.00,1,0,0
2529,3.316,152.40,377.00,1,0,0
2531,3.260,57.90,192.00,1,0,0
2534,3.312,57.80,192.00,1,0,0
2536,3.312,57.90,192.00,1,0,0
2539,3.312,58.20,193.00,1,0,0
2541,3.312,58.10,192.00,1,0,0
2544,3.316,58.20,193.00,1,0,0
2546,3.316,74.80,205.00,1,0,0
2549,3.312,140.60,457.00,1,0,0
2561,3.312,58.20,193.00,1,0,0
2564,3.312,57.90,192.00,1,0,0
2566,3.308,77.70,192.00,1,0,0
2569,3.312,118.10,387.00,1,0,0
2571,3.272,58.40,193.00,1,0,0
2574,3.312,58.20,193.00,1,0,0
2576,3.312,58.20,193.00,1,0,0
2579,3.312,58.20,193.00,1,0,0
2581,3.312,57.90,192.00,1,0,0
2584,3.312,57.90,192.00,1,0,0
2586,3.300,78.10,259.00,1,0,0
2588,3.312,58.20,516.00,1,0,0
2591,3.296,58.40,193.00,1,0,0
2593,3.316,58.30,193.00,1,0,0
2596,3.312,58.10,192.00,1,0,0
2598,3.312,57.80,192.00,1,0,0
2611,3.252,65.50,193.00,1,0,0
2614,3.312,57.90,192.00,1,0,0
2616,3.312,57.90,192.00,1,0,0
2618,3.312,58.00,192.00,1,0,0
2621,3.312,58.20,193.00,1,0,0
2623,3.312,58.20,193.00,1,0,0
2626,3.316,70.80,221.00,1,0,0
2628,3.312,154.10,503.00,1,0,0
2631,3.272,58.10,192.00,1,0,0
2633,3.312,57.90,192.00,1,0,0
2636,3.316,57.90,192.00,1,0,0
2638,3.312,58.20,193.00,1,0,0
2641,3.316,58.20,193.00,1,0,0
2643,3.316,58.20,193.00,1,0,0
2646,3.312,77.50,256.00,1,0,0
2648,3.312,57.90,387.00,1,0,0
2661,3.312,58.20,193.00,1,0,0
2663,3.312,57.80,192.00,1,0,0
2666,3.312,77.70,257.00,1,0,0
2668,3.312,57.90,188.00,1,0,0
2671,3.276,122.50,193.00,1,0,0
2673,3.312,58.30,193.00,1,0,0
2676,3.312,58.20,193.00,1,0,0
2678,3.312,58.00,192.00,1,0,0
2681,3.316,57.90,192.00,1,0,0
2683,3.312,57.90,192.00,1,0,0
2685,3.312,57.80,257.00,1,0,0
2688,3.312,96.20,315.00,1,0,0
2690,3.252,66.00,218.00,1,0,0
2693,3.312,58.20,193.00,1,0,0
2695,3.312,57.90,192.00,1,0,0
2698,3.312,57.90,192.00,1,0,0
2711,3.272,60.70,202.00,1,0,0
2713,3.312,57.90,192.00,1,0,0
2715,3.312,57.90,192.00,1,0,0
2718,3.312,58.00,192.00,1,0,0
2720,3.316,58.30,193.00,1,0,0
2723,3.312,58.10,193.00,1,0,0
2725,3.312,75.40,249.00,1,0,0
2728,3.312,57.90,192.00,1,0,0
2730,3.252,143.00,192.00,1,0,0
2733,3.312,57.90,192.00,1,0,0
2735,3.312,58.20,193.00,1,0,0
2738,3.312,58.20,193.00,1,0,0
2740,3.316,58.20,193.00,1,0,0
2743,3.312,58.10,192.00,1,0,0
2745,3.312,57.80,256.00,1,0,0
2748,3.300,57.90,188.00,1,0,0
2760,3.312,57.90,192.00,1,0,0
2763,3.312,57.90,192.00,1,0,0
2765,3.312,57.90,192.00,1,0,0
2768,3.312,58.10,218.00,1,0,0
2770,3.260,92.50,306.00,1,0,0
2773,3.312,58.20,193.00,1,0,0
2775,3.316,58.20,192.00,1,0,0
2778,3.312,57.90,192.00,1,0,0
2780,3.312,57.90,192.00,1,0,0
2783,3.312,57.90,192.00,1,0,0
2785,3.312,62.10,205.00,1,0,0
2787,3.312,58.60,193.00,1,0,0
2790,3.272,136.60,216.00,1,0,0
2792,3.312,57.90,192.00,1,0,0
2795,3.316,57.90,192.00,1,0,0
2797,3.312,57.90,192.00,1,0,0
2810,3.252,83.60,238.00,1,0,0
2812,3.312,57.90,192.00,1,0,0
2815,3.312,57.90,192.00,1,0,0
2817,3.312,58.20,193.00,1,0,0
2820,3.316,58.20,193.00,1,0,0
2822,3.316,58.20,193.00,1,0,0
2825,3.312,58.00,192.00,1,0,0
2827,3.296,58.00,190.00,1,0,0
2830,3.284,157.90,521.00,1,0,0
2832,3.312,58.00,192.00,1,0,0
2835,3.312,58.20,193.00,1,0,0
2837,3.316,58.20,193.00,1,0,0
2840,3.312,58.20,193.00,1,0,0
2842,3.312,57.90,192.00,1,0,0
2845,3.312,57.90,192.00,1,0,0
2847,3.304,57.80,192.00,1,0,0
2860,3.312,57.80,192.00,1,0,0
2862,3.312,57.90,192.00,1,0,0
2865,3.312,57.90,190.00,1,0,0
2867,3.312,58.50,193.00,1,0,0
2870,3.260,160.00,288.00,1,0,0
2872,3.312,58.20,193.00,1,0,0
2875,3.312,57.90,192.00,1,0,0
2877,3.312,57.90,192.00,1,0,0
2880,3.312,57.90,192.00,1,0,0
2882,3.312,58.20,193.00,1,0,0
2884,3.312,58.10,193.00,1,0,0
2887,3.296,69.50,193.00,1,0,0
2889,3.312,115.40,377.00,1,0,0
2892,3.316,58.00,192.00,1,0,0
2894,3.312,57.90,192.00,1,0,0
2897,3.312,57.90,192.00,1,0,0
2909,3.296,147.80,488.00,1,0,0
2912,3.316,57.90,192.00,1,0,0
2914,3.312,57.90,193.00,1,0,0
2917,3.316,58.10,192.00,1,0,0
2919,3.312,58.20,193.00,1,0,0
2922,3.312,58.20,192.00,1,0,0
2924,3.312,58.00,192.00,1,0,0
2927,3.308,57.90,192.00,1,0,0
2929,3.280,118.80,388.00,1,0,0
2932,3.308,58.40,193.00,1,0,0
2934,3.312,58.20,193.00,1,0,0
2937,3.312,58.20,193.00,1,0,0
2939,3.312,58.20,192.00,1,0,0
2942,3.312,57.90,192.00,1,0,0
2944,3.316,57.90,192.00,1,0,0
2947,3.300,78.00,193.00,1,0,0
2959,3.312,57.90,192.00,1,0,0
2962,3.312,57.90,192.00,1,0,0
2964,3.316,58.20,193.00,1,0,0
2967,3.296,73.50,193.00,1,0,0
2969,3.312,122.80,400.00,1,0,0
2972,3.312,58.10,193.00,1,0,0
2974,3.312,57.90,192.00,1,0,0
2977,3.312,57.90,192.00,1,0,0
2979,3.312,57.90,192.00,1,0,0
2981,3.312,58.10,193.00,1,0,0
2984,3.312,58.10,193.00,1,0,0
2986,3.312,63.90,211.00,1,0,0
2989,3.312,151.30,492.00,1,0,0
2991,3.284,57.90,192.00,1,0,0
2994,3.312,57.90,192.00,1,0,0
2996,3.312,58.10,192.00,1,0,0
3009,3.280,117.90,385.00,1,0,0
3011,3.308,58.00,192.00,1,0,0
3014,3.316,58.20,193.00,1,0,0
3016,3.316,58.20,193.00,1,0,0
3019,3.312,58.20,193.00,1,0,0
3021,3.316,57.90,192.00,1,0,0
3024,3.312,57.90,192.00,1,0,0
3026,3.300,77.80,192.00,1,0,0
3029,3.312,149.20,488.00,1,0,0
3031,3.312,58.20,193.00,1,0,0
3034,3.312,58.20,193.00,1,0,0
3036,3.312,58.20,193.00,1,0,0
3039,3.316,57.80,192.00,1,0,0
3041,3.312,57.90,192.00,1,0,0
3044,3.312,57.90,192.00,1,0,0
3046,3.312,77.70,257.00,1,0,0
3059,3.316,57.90,192.00,1,0,0
3061,3.312,57.90,192.00,1,0,0
3064,3.316,58.20,193.00,1,0,0
3066,3.312,69.70,231.00,1,0,0
3069,3.312,152.80,500.00,1,0,0
3071,3.260,60.30,192.00,1,0,0
3074,3.316,57.90,192.00,1,0,0
3076,3.312,57.80,192.00,1,0,0
3078,3.312,58.10,193.00,1,0,0
3081,3.312,58.20,193.00,1,0,0
3083,3.312,58.20,193.00,1,0,0
3086,3.316,76.60,202.00,1,0,0
3088,3.316,131.30,426.00,1,0,0
3091,3.248,57.90,192.00,1,0,0
3093,3.312,57.90,192.00,1,0,0
3096,3.312,58.20,193.00,1,0,0
3108,3.312,57.90,388.00,1,0,0
3111,3.276,58.20,193.00,1,0,0
3113,3.316,58.20,193.00,1,0,0
3116,3.312,58.20,193.00,1,0,0
3118,3.316,58.20,193.00,1,0,0
3121,3.312,57.90,192.00,1,0,0
3123,3.312,57.90,192.00,1,0,0
3126,3.312,78.00,259.00,1,0,0
3128,3.316,67.90,221.00,1,0,0
3131,3.268,91.20,193.00,1,0,0
3133,3.312,58.30,193.00,1,0,0
3136,3.312,57.90,192.00,1,0,0
3138,3.316,57.90,192.00,1,0,0
3141,3.312,57.80,192.00,1,0,0
3143,3.312,58.00,192.00,1,0,0
3146,3.316,63.10,239.00,1,0,0
3158,3.316,57.90,192.00,1,0,0
3161,3.312,58.10,193.00,1,0,0
3163,3.312,58.20,193.00,1,0,0
3166,3.312,72.10,238.00,1,0,0
3168,3.316,58.40,503.00,1,0,0
3171,3.260,58.10,192.00,1,0,0
3173,3.312,57.90,192.00,1,0,0
3175,3.312,57.90,192.00,1,0,0
3178,3.312,58.20,193.00,1,0,0
3180,3.316,58.20,193.00,1,0,0
3183,3.312,58.10,193.00,1,0,0
3185,3.312,77.70,256.00,1,0,0
3188,3.312,57.90,190.00,1,0,0
3190,3.268,157.00,192.00,1,0,0
3193,3.312,58.20,193.00,1,0,0
3195,3.316,58.20,193.00,1,0,0
3208,3.308,57.90,188.00,1,0,0
3210,3.276,115.80,383.00,1,0,0
3213,3.312,58.20,193.00,1,0,0
3215,3.312,58.20,193.00,1,0,0
3218,3.316,57.90,192.00,1,0,0
3220,3.312,57.90,192.00,1,0,0
3223,3.312,57.90,192.00,1,0,0
3225,3.312,58.60,193.00,1,0,0
3228,3.312,58.50,321.00,1,0,0
3230,3.276,65.70,218.00,1,0,0
3233,3.316,58.20,193.00,1,0,0
3235,3.312,57.90,192.00,1,0,0
3238,3.312,57.90,192.00,1,0,0
3240,3.312,57.90,192.00,1,0,0
3243,3.316,58.20,193.00,1,0,0
3245,3.316,67.80,223.00,1,0,0
3258,3.312,57.90,193.00,1,0,0
3260,3.316,58.20,193.00,1,0,0
3263,3.312,58.20,193.00,1,0,0
3265,3.312,58.20,254.00,1,0,0
3268,3.296,57.90,190.00,1,0,0
3270,3.252,151.10,500.00,1,0,0
3272,3.312,57.90,192.00,1,0,0
3275,3.316,58.20,193.00,1,0,0
3277,3.316,58.10,193.00,1,0,0
3280,3.316,58.20,193.00,1,0,0
3282,3.312,57.90,192.00,1,0,0
3285,3.312,57.90,192.00,1,0,0
3287,3.304,57.90,188.00,1,0,0
3290,3.256,143.20,474.00,1,0,0
3292,3.316,58.20,193.00,1,0,0
3295,3.312,58.20,193.00,1,0,0
3307,3.312,58.50,249.00,1,0,0
3310,3.264,82.80,274.00,1,0,0
3312,3.312,58.20,193.00,1,0,0
3315,3.316,58.20,193.00,1,0,0
3317,3.312,57.90,192.00,1,0,0
3320,3.312,57.90,192.00,1,0,0
3322,3.316,57.90,192.00,1,0,0
3325,3.312,58.30,210.00,1,0,0
3327,3.296,58.50,193.00,1,0,0
3330,3.272,118.40,385.00,1,0,0
3332,3.312,58.00,192.00,1,0,0
3335,3.312,57.90,192.00,1,0,0
3337,3.316,57.90,192.00,1,0,0
3340,3.312,57.90,193.00,1,0,0
3342,3.312,58.20,193.00,1,0,0
3344,3.312,58.20,193.00,1,0,0
3357,3.312,58.20,193.00,1,0,0
3360,3.316,58.20,193.00,1,0,0
3362,3.312,58.20,193.00,1,0,0
3365,3.312,58.00,192.00,1,0,0
3367,3.296,57.80,192.00,1,0,0
3370,3.276,118.30,519.00,1,0,0
3372,3.304,58.10,192.00,1,0,0
3374,3.316,58.20,193.00,1,0,0
3377,3.312,58.20,193.00,1,0,0
3379,3.312,58.20,193.00,1,0,0
3382,3.312,57.90,192.00,1,0,0
3384,3.316,57.90,192.00,1,0,0
3387,3.304,57.90,192.00,1,0,0
3389,3.252,149.50,490.00,1,0,0
3392,3.312,58.30,193.00,1,0,0
3394,3.312,58.20,193.00,1,0,0
3407,3.296,58.40,193.00,1,0,0
3409,3.276,148.10,482.00,1,0,0
3412,3.312,58.30,193.00,1,0,0
3414,3.316,57.90,192.00,1,0,0
3417,3.312,57.80,192.00,1,0,0
3419,3.312,57.90,192.00,1,0,0
3422,3.316,58.00,193.00,1,0,0
3424,3.316,58.10,192.00,1,0,0
3427,3.296,68.20,226.00,1,0,0
3429,3.316,154.30,378.00,1,0,0
3432,3.268,57.90,192.00,1,0,0
3434,3.312,57.90,192.00,1,0,0
3437,3.312,58.00,192.00,1,0,0
3439,3.312,58.20,193.00,1,0,0
3441,3.312,58.20,193.00,1,0,0
3444,3.312,58.30,193.00,1,0,0
3457,3.312,58.20,193.00,1,0,0
3459,3.312,58.20,193.00,1,0,0
3462,3.312,58.20,193.00,1,0,0
3464,3.312,57.90,192.00,1,0,0
3467,3.304,57.90,192.00,1,0,0
3469,3.252,123.30,405.00,1,0,0
3471,3.312,58.20,193.00,1,0,0
3474,3.316,58.20,193.00,1,0,0
3476,3.316,58.20,193.00,1,0,0
3479,3.312,57.90,192.00,1,0,0
3481,3.312,57.90,192.00,1,0,0
3484,3.316,57.90,192.00,1,0,0
3486,3.300,78.20,259.00,1,0,0
3489,3.316,78.50,518.00,1,0,0
3491,3.260,58.20,193.00,1,0,0
3494,3.312,58.20,193.00,1,0,0
3506,3.296,71.80,238.00,1,0,0
3509,3.312,138.80,378.00,1,0,0
3511,3.256,57.90,192.00,1,0,0
3514,3.312,57.90,192.00,1,0,0
3516,3.316,57.90,192.00,1,0,0
3519,3.312,58.00,192.00,1,0,0
3521,3.312,58.20,193.00,1,0,0
3524,3.312,58.20,193.00,1,0,0
3526,3.316,63.50,210.00,1,0,0
3529,3.312,149.30,485.00,1,0,0
3531,3.268,58.80,192.00,1,0,0
3534,3.312,57.90,192.00,1,0,0
3536,3.312,58.20,193.00,1,0,0
3539,3.316,58.20,193.00,1,0,0
3541,3.312,58.20,193.00,1,0,0
3543,3.312,58.20,193.00,1,0,0
3556,3.312,58.30,193.00,1,0,0
3559,3.312,58.20,193.00,1,0,0
3561,3.312,58.00,192.00,1,0,0
3564,3.312,57.80,192.00,1,0,0
3566,3.304,76.20,252.00,1,0,0
3568,3.312,58.00,455.00,1,0,0
3571,3.276,58.40,193.00,1,0,0
3573,3.312,58.20,193.00,1,0,0
3576,3.312,58.20,192.00,1,0,0
3578,3.312,57.90,192.00,1,0,0
3581,3.312,57.90,192.00,1,0,0
3583,3.312,57.90,192.00,1,0,0
3586,3.312,59.60,252.00,1,0,0
3588,3.312,106.90,351.00,1,0,0
3591,3.252,65.20,216.00,1,0,0
3593,3.312,58.20,192.00,1,0,0
3606,3.312,68.80,226.00,1,0,0
3608,3.312,154.30,503.00,1,0,0
3611,3.268,58.40,193.00,1,0,0
3618,3.312,58.20,193.00,1,0,0
3621,3.312,58.20,193.00,1,0,0
3623,3.312,58.20,193.00,1,0,0
3626,3.312,77.60,256.00,1,0,0
3628,3.316,57.90,403.00,1,0,0
3631,3.252,58.00,192.00,1,0,0
3633,3.312,57.90,192.00,1,0,0
3635,3.312,58.30,193.00,1,0,0
3638,3.312,58.20,193.00,1,0,0
3640,3.312,58.20,193.00,1,0,0
3643,3.312,57.90,192.00,1,0,0
3645,3.312,57.80,256.00,1,0,0
3648,3.300,58.00,188.00,1,0,0
3650,3.276,139.80,464.00,1,0,0
3653,3.312,58.20,193.00,1,0,0
3655,3.316,58.10,192.00,1,0,0
3668,3.312,81.30,265.00,1,0,0
3670,3.256,77.60,257.00,1,0,0
3673,3.312,58.20,193.00,1,0,0
3675,3.316,57.90,192.00,1,0,0
3678,3.312,57.90,192.00,1,0,0
3680,3.312,57.90,192.00,1,0,0
3683,3.312,58.10,192.00,1,0,0
3685,3.312,64.50,213.00,1,0,0
3688,3.312,58.50,449.00,1,0,0
3690,3.272,63.30,210.00,1,0,0
3693,3.312,57.90,192.00,1,0,0
3695,3.312,57.90,192.00,1,0,0
3698,3.312,57.90,192.00,1,0,0
3700,3.312,58.20,193.00,1,0,0
3703,3.312,58.20,193.00,1,0,0
3705,3.316,58.20,241.00,1,0,0
3718,3.316,58.20,193.00,1,0,0
3720,3.312,58.20,193.00,1,0,0
3723,3.316,58.20,193.00,1,0,0
3725,3.312,57.90,257.00,1,0,0
3728,3.300,58.00,190.00,1,0,0
3730,3.268,157.10,519.00,1,0,0
3733,3.312,58.10,193.00,1,0,0
3735,3.312,58.20,193.00,1,0,0
3737,3.316,58.20,193.00,1,0,0
3740,3.312,58.10,192.00,1,0,0
3742,3.312,57.90,192.00,1,0,0
3745,3.312,57.90,192.00,1,0,0
3747,3.308,57.90,188.00,1,0,0
3750,3.252,152.20,372.00,1,0,0
3752,3.316,58.20,193.00,1,0,0
3755,3.312,58.30,193.00,1,0,0
3767,3.312,58.50,193.00,1,0,0
3770,3.272,139.30,216.00,1,0,0
3772,3.312,58.10,192.00,1,0,0
3775,3.312,57.90,192.00,1,0,0
3777,3.312,57.90,192.00,1,0,0
3780,3.312,57.80,192.00,1,0,0
3782,3.312,58.10,193.00,1,0,0
3785,3.312,58.20,228.00,1,0,0
3787,3.296,58.50,193.00,1,0,0
3790,3.260,115.70,378.00,1,0,0
3792,3.312,57.90,192.00,1,0,0
3795,3.312,57.90,192.00,1,0,0
3797,3.312,58.10,193.00,1,0,0
3800,3.312,58.20,193.00,1,0,0
3802,3.316,58.20,193.00,1,0,0
3804,3.312,58.30,193.00,1,0,0
3817,3.316,58.20,193.00,1,0,0
3820,3.316,58.20,193.00,1,0,0
3822,3.316,58.20,192.00,1,0,0
3825,3.312,57.90,192.00,1,0,0
3827,3.304,57.90,192.00,1,0,0
3830,3.252,129.20,441.00,1,0,0
3832,3.312,58.30,193.00,1,0,0
3834,3.312,58.20,193.00,1,0,0
3837,3.316,58.20,193.00,1,0,0
3839,3.312,57.90,192.00,1,0,0
3842,3.312,57.90,192.00,1,0,0
3844,3.316,57.90,190.00,1,0,0
3847,3.296,58.40,193.00,1,0,0
3849,3.260,160.40,524.00,1,0,0
3852,3.316,58.30,193.00,1,0,0
3854,3.312,58.00,192.00,1,0,0
3867,3.296,71.00,195.00,1,0,0
3869,3.316,116.10,378.00,1,0,0
3872,3.312,57.90,192.00,1,0,0
3874,3.312,57.90,192.00,1,0,0
3877,3.312,57.90,192.00,1,0,0
3879,3.312,58.20,193.00,1,0,0
3882,3.312,58.20,192.00,1,0,0
3884,3.312,58.20,193.00,1,0,0
3887,3.296,61.70,205.00,1,0,0
3889,3.304,140.50,437.00,1,0,0
3892,3.292,57.90,192.00,1,0,0
3894,3.312,57.90,192.00,1,0,0
3897,3.312,58.20,193.00,1,0,0
3899,3.312,58.20,193.00,1,0,0
3902,3.312,58.20,193.00,1,0,0
3904,3.312,58.00,192.00,1,0,0
3917,3.312,58.30,193.00,1,0,0
3919,3.312,58.20,193.00,1,0,0
3922,3.312,57.90,192.00,1,0,0
3924,3.312,57.90,192.00,1,0,0
3927,3.300,78.20,192.00,1,0,0
3929,3.312,159.70,523.00,1,0,0
3931,3.312,58.20,193.00,1,0,0
3934,3.312,58.20,193.00,1,0,0
3936,3.312,57.90,192.00,1,0,0
3939,3.312,57.90,192.00,1,0,0
3941,3.312,57.90,192.00,1,0,0
3944,3.316,58.00,192.00,1,0,0
3946,3.296,75.20,249.00,1,0,0
3949,3.312,118.30,436.00,1,0,0
3951,3.252,58.20,193.00,1,0,0
3954,3.312,57.90,192.00,1,0,0
3966,3.312,66.10,220.00,1,0,0
3969,3.312,154.40,503.00,1,0,0
3971,3.276,58.10,192.00,1,0,0
3974,3.316,57.90,192.00,1,0,0
3976,3.312,57.90,192.00,1,0,0
3979,3.312,58.30,193.00,1,0,0
3981,3.312,58.20,193.00,1,0,0
3984,3.312,58.30,193.00,1,0,0
3986,3.312,77.50,192.00,1,0,0
3989,3.312,118.10,385.00,1,0,0
3991,3.308,57.90,192.00,1,0,0
3994,3.312,58.00,192.00,1,0,0
3996,3.312,58.20,193.00,1,0,0
3999,3.312,58.20,193.00,1,0,0
4001,3.312,58.20,192.00,1,0,0
4003,3.316,57.90,192.00,1,0,0
4016,3.312,58.20,193.00,1,0,0
4019,3.312,57.90,192.00,1,0,0
4021,3.312,57.90,192.00,1,0,0
4024,3.312,57.90,192.00,1,0,0
4026,3.312,77.90,257.00,1,0,0
4028,3.312,88.50,290.00,1,0,0
4031,3.252,66.40,193.00,1,0,0
4033,3.312,58.20,193.00,1,0,0
4036,3.312,57.90,192.00,1,0,0
4038,3.312,57.90,192.00,1,0,0
4041,3.312,57.90,192.00,1,0,0
4043,3.312,58.20,193.00,1,0,0
4046,3.312,65.40,234.00,1,0,0
4048,3.312,139.10,455.00,1,0,0
4051,3.256,62.60,208.00,1,0,0
4053,3.312,57.90,192.00,1,0,0
4066,3.312,74.00,206.00,1,0,0
4068,3.312,144.40,469.00,1,0,0
4071,3.288,58.00,192.00,1,0,0
4073,3.312,57.90,192.00,1,0,0
4076,3.312,58.20,193.00,1,0,0
4078,3.316,58.20,193.00,1,0,0
4081,3.312,58.20,193.00,1,0,0
4083,3.312,58.00,192.00,1,0,0
4086,3.316,57.90,192.00,1,0,0
4088,3.300,57.90,192.00,1,0,0
4091,3.256,119.00,475.00,1,0,0
4093,3.312,58.20,193.00,1,0,0
4096,3.312,58.20,193.00,1,0,0
4098,3.312,58.30,193.00,1,0,0
4100,3.312,57.90,192.00,1,0,0
4103,3.312,57.90,192.00,1,0,0
4116,3.312,58.20,193.00,1,0,0
4118,3.312,57.90,192.00,1,0,0
4121,3.316,57.90,192.00,1,0,0
4123,3.312,57.90,192.00,1,0,0
4125,3.316,58.20,210.00,1,0,0
4128,3.296,58.50,193.00,1,0,0
4130,3.316,127.80,416.00,1,0,0
4133,3.316,58.10,193.00,1,0,0
4135,3.312,58.00,192.00,1,0,0
4138,3.316,57.90,192.00,1,0,0
4140,3.312,57.90,192.00,1,0,0
4143,3.312,58.20,193.00,1,0,0
4145,3.312,58.20,193.00,1,0,0
4148,3.296,63.20,210.00,1,0,0
4150,3.312,148.10,405.00,1,0,0
4153,3.284,58.00,192.00,1,0,0
4165,3.316,57.90,192.00,1,0,0
4168,3.296,57.90,192.00,1,0,0
4170,3.280,118.20,519.00,1,0,0
4173,3.308,58.10,192.00,1,0,0
4175,3.312,58.20,193.00,1,0,0
4178,3.312,58.20,193.00,1,0,0
4180,3.316,58.20,193.00,1,0,0
4183,3.312,57.90,192.00,1,0,0
4185,3.312,57.90,192.00,1,0,0
4188,3.300,57.90,192.00,1,0,0
4190,3.312,129.50,424.00,1,0,0
4193,3.312,58.30,193.00,1,0,0
4195,3.312,58.20,193.00,1,0,0
4197,3.312,58.20,193.00,1,0,0
4200,3.312,57.90,192.00,1,0,0
4202,3.312,57.90,192.00,1,0,0
4215,3.312,58.00,192.00,1,0,0
4218,3.312,57.90,192.00,1,0,0
4220,3.312,57.90,192.00,1,0,0
4223,3.316,58.00,193.00,1,0,0
4225,3.316,58.20,193.00,1,0,0
4227,3.296,67.90,224.00,1,0,0
4230,3.312,154.20,377.00,1,0,0
4232,3.268,57.90,192.00,1,0,0
4235,3.312,57.90,192.00,1,0,0
4237,3.312,57.90,192.00,1,0,0
4240,3.312,58.20,193.00,1,0,0
4242,3.316,58.20,193.00,1,0,0
4245,3.312,58.20,193.00,1,0,0
4247,3.312,77.30,195.00,1,0,0
4250,3.312,122.30,398.00,1,0,0
4252,3.304,58.00,192.00,1,0,0
4265,3.312,57.90,192.00,1,0,0
4267,3.308,77.80,192.00,1,0,0
4270,3.312,122.60,401.00,1,0,0
4272,3.312,58.20,193.00,1,0,0
4275,3.316,58.20,193.00,1,0,0
4277,3.316,58.20,193.00,1,0,0
4280,3.312,58.00,192.00,1,0,0
4282,3.316,57.90,192.00,1,0,0
4285,3.312,57.90,192.00,1,0,0
4287,3.300,77.50,256.00,1,0,0
4290,3.316,69.30,523.00,1,0,0
4292,3.264,58.30,193.00,1,0,0
4294,3.316,58.20,193.00,1,0,0
4297,3.312,58.00,192.00,1,0,0
4299,3.316,57.90,192.00,1,0,0
4302,3.312,57.80,192.00,1,0,0
4315,3.312,57.90,192.00,1,0,0
4317,3.312,57.90,192.00,1,0,0
4320,3.316,58.00,192.00,1,0,0
4322,3.316,58.20,193.00,1,0,0
4324,3.312,58.20,193.00,1,0,0
4327,3.312,72.70,211.00,1,0,0
4329,3.312,150.10,488.00,1,0,0
4332,3.284,57.90,192.00,1,0,0
4334,3.312,58.00,192.00,1,0,0
4337,3.316,58.20,193.00,1,0,0
4339,3.316,58.20,193.00,1,0,0
4342,3.316,58.20,193.00,1,0,0
4344,3.316,58.20,193.00,1,0,0
4347,3.312,77.80,257.00,1,0,0
4349,3.312,57.90,385.00,1,0,0
4352,3.260,58.00,192.00,1,0,0
4364,3.312,57.80,192.00,1,0,0
4367,3.316,77.10,254.00,1,0,0
4369,3.312,58.00,188.00,1,0,0
4372,3.276,119.20,193.00,1,0,0
4374,3.312,58.20,193.00,1,0,0
4377,3.316,58.10,193.00,1,0,0
4379,3.316,57.90,192.00,1,0,0
4382,3.312,57.90,192.00,1,0,0
4384,3.312,57.90,192.00,1,0,0
4387,3.312,59.30,254.00,1,0,0
4389,3.316,109.80,360.00,1,0,0
4392,3.252,65.50,216.00,1,0,0
4394,3.316,58.20,192.00,1,0,0
4396,3.312,57.90,192.00,1,0,0
4399,3.312,57.80,192.00,1,0,0
4401,3.312,57.90,193.00,1,0,0
4414,3.312,57.80,192.00,1,0,0
4417,3.316,57.90,192.00,1,0,0
4419,3.312,58.20,193.00,1,0,0
4421,3.316,58.20,193.00,1,0,0
4424,3.312,58.20,193.00,1,0,0
4426,3.312,77.40,256.00,1,0,0
4429,3.312,57.90,190.00,1,0,0
4431,3.252,156.60,192.00,1,0,0
4434,3.312,58.00,192.00,1,0,0
4436,3.312,58.20,193.00,1,0,0
4439,3.312,58.20,193.00,1,0,0
4441,3.312,58.20,193.00,1,0,0
4444,3.312,57.90,192.00,1,0,0
4446,3.312,57.80,257.00,1,0,0
4449,3.304,57.90,188.00,1,0,0
4451,3.276,137.50,455.00,1,0,0
4464,3.312,57.90,192.00,1,0,0
4466,3.316,57.90,190.00,1,0,0
4469,3.312,58.50,265.00,1,0,0
4471,3.268,77.30,256.00,1,0,0
4474,3.312,58.20,193.00,1,0,0
4476,3.316,58.10,192.00,1,0,0
4479,3.312,57.90,192.00,1,0,0
4481,3.312,57.90,192.00,1,0,0
4484,3.316,57.90,192.00,1,0,0
4486,3.312,64.10,211.00,1,0,0
4489,3.312,58.30,193.00,1,0,0
4491,3.272,116.10,208.00,1,0,0
4493,3.312,57.90,192.00,1,0,0
4496,3.312,57.90,192.00,1,0,0
4498,3.312,57.80,192.00,1,0,0
4501,3.312,58.20,193.00,1,0,0
4514,3.316,57.90,192.00,1,0,0
4516,3.312,57.80,192.00,1,0,0
4518,3.316,58.20,193.00,1,0,0
4521,3.316,58.20,193.00,1,0,0
4523,3.316,58.20,193.00,1,0,0
4526,3.312,57.80,192.00,1,0,0
4528,3.296,57.80,190.00,1,0,0
4531,3.272,157.10,519.00,1,0,0
4533,3.312,58.20,193.00,1,0,0
4536,3.316,58.20,193.00,1,0,0
4538,3.312,58.20,193.00,1,0,0
4541,3.312,58.20,193.00,1,0,0
4543,3.312,57.90,192.00,1,0,0
4546,3.312,57.80,190.00,1,0,0
4548,3.308,57.90,192.00,1,0,0
4551,3.252,153.20,380.00,1,0,0
4563,3.312,57.80,192.00,1,0,0
4566,3.312,59.70,197.00,1,0,0
4568,3.312,58.40,193.00,1,0,0
4571,3.276,141.30,216.00,1,0,0
4573,3.312,58.20,193.00,1,0,0
4576,3.312,57.90,192.00,1,0,0
4578,3.312,57.90,192.00,1,0,0
4581,3.312,57.90,192.00,1,0,0
4583,3.316,58.20,193.00,1,0,0
4586,3.316,58.20,193.00,1,0,0
4588,3.296,66.70,193.00,1,0,0
4590,3.312,115.50,378.00,1,0,0
4593,3.312,57.90,192.00,1,0,0
4595,3.312,57.90,192.00,1,0,0
4598,3.316,58.00,192.00,1,0,0
4600,3.312,58.20,193.00,1,0,0
4613,3.316,57.90,192.00,1,0,0
4616,3.312,58.20,193.00,1,0,0
4618,3.316,58.20,193.00,1,0,0
4620,3.312,58.20,193.00,1,0,0
4623,3.312,58.20,192.00,1,0,0
4625,3.316,57.80,192.00,1,0,0
4628,3.304,57.90,192.00,1,0,0
4630,3.252,126.90,416.00,1,0,0
4633,3.312,58.20,193.00,1,0,0
4635,3.312,58.20,193.00,1,0,0
4638,3.312,58.20,193.00,1,0,0
4640,3.312,58.00,192.00,1,0,0
4643,3.312,57.80,192.00,1,0,0
4645,3.312,57.90,192.00,1,0,0
4648,3.296,78.10,193.00,1,0,0
4650,3.312,158.00,514.00,1,0,0
4663,3.316,57.90,192.00,1,0,0
4665,3.316,58.10,192.00,1,0,0
4668,3.292,70.80,193.00,1,0,0
4670,3.312,115.60,377.00,1,0,0
4673,3.312,58.00,192.00,1,0,0
4675,3.312,57.90,192.00,1,0,0
4678,3.312,57.90,192.00,1,0,0
4680,3.312,58.10,192.00,1,0,0
4683,3.312,58.10,193.00,1,0,0
4685,3.312,58.20,193.00,1,0,0
4687,3.312,62.30,206.00,1,0,0
4690,3.308,144.60,470.00,1,0,0
4692,3.288,57.90,192.00,1,0,0
4695,3.312,57.90,192.00,1,0,0
4697,3.312,58.20,193.00,1,0,0
4700,3.312,58.20,192.00,1,0,0
4713,3.308,57.90,193.00,1,0,0
4715,3.316,58.20,193.00,1,0,0
4717,3.316,58.20,193.00,1,0,0
4720,3.312,58.20,193.00,1,0,0
4722,3.312,57.90,192.00,1,0,0
4725,3.312,57.90,192.00,1,0,0
4727,3.300,77.70,192.00,1,0,0
4730,3.312,153.80,505.00,1,0,0
4732,3.312,58.30,193.00,1,0,0
4735,3.312,58.20,193.00,1,0,0
4737,3.312,58.00,192.00,1,0,0
4740,3.312,57.90,192.00,1,0,0
4742,3.312,57.90,192.00,1,0,0
4745,3.312,57.90,192.00,1,0,0
4747,3.312,76.10,252.00,1,0,0
4750,3.312,112.30,369.00,1,0,0
4762,3.312,58.20,193.00,1,0,0
4765,3.312,58.10,193.00,1,0,0
4767,3.312,66.90,221.00,1,0,0
4770,3.312,154.50,503.00,1,0,0
4772,3.272,58.20,192.00,1,0,0
4775,3.312,57.90,192.00,1,0,0
4777,3.312,57.90,192.00,1,0,0
4780,3.312,58.30,193.00,1,0,0
4782,3.316,58.20,193.00,1,0,0
4785,3.312,58.20,193.00,1,0,0
4787,3.312,77.60,192.00,1,0,0
4789,3.312,118.50,385.00,1,0,0
4792,3.304,57.90,192.00,1,0,0
4794,3.312,57.90,193.00,1,0,0
4797,3.316,58.20,193.00,1,0,0
4799,3.316,58.20,193.00,1,0,0
4812,3.276,58.30,193.00,1,0,0
4814,3.312,58.20,193.00,1,0,0
4817,3.316,58.20,192.00,1,0,0
4819,3.312,58.00,192.00,1,0,0
4822,3.316,58.00,192.00,1,0,0
4824,3.312,57.80,192.00,1,0,0
4827,3.312,77.90,257.00,1,0,0
4829,3.316,86.10,282.00,1,0,0
4832,3.256,72.40,193.00,1,0,0
4834,3.316,58.30,193.00,1,0,0
4837,3.312,57.90,192.00,1,0,0
4839,3.312,57.90,192.00,1,0,0
4842,3.312,57.80,192.00,1,0,0
4844,3.312,58.20,193.00,1,0,0
4847,3.312,65.00,236.00,1,0,0
4849,3.312,141.40,462.00,1,0,0
4862,3.316,58.20,193.00,1,0,0
4864,3.316,58.10,192.00,1,0,0
4867,3.312,73.60,242.00,1,0,0
4869,3.316,58.00,454.00,1,0,0
4872,3.252,58.00,192.00,1,0,0
4874,3.316,57.90,192.00,1,0,0
4877,3.312,58.10,193.00,1,0,0
4879,3.312,58.20,193.00,1,0,0
4882,3.316,58.20,193.00,1,0,0
4884,3.312,58.20,192.00,1,0,0
4886,3.312,78.00,257.00,1,0,0
4889,3.312,57.80,188.00,1,0,0
4891,3.272,156.90,192.00,1,0,0
4894,3.312,58.30,193.00,1,0,0
4896,3.312,58.20,193.00,1,0,0
4899,3.312,58.20,192.00,1,0,0
4911,3.276,102.90,341.00,1,0,0
4914,3.312,58.10,193.00,1,0,0
4916,3.312,58.20,193.00,1,0,0
4919,3.312,57.90,192.00,1,0,0
4921,3.312,57.90,192.00,1,0,0
4924,3.312,57.90,192.00,1,0,0
4926,3.312,60.50,200.00,1,0,0
4929,3.308,58.50,282.00,1,0,0
4931,3.268,72.50,241.00,1,0,0
4934,3.312,58.00,192.00,1,0,0
4936,3.316,57.90,192.00,1,0,0
4939,3.312,57.90,192.00,1,0,0
4941,3.312,57.90,192.00,1,0,0
4944,3.312,58.20,193.00,1,0,0
4946,3.316,69.80,229.00,1,0,0
4949,3.312,58.50,193.00,1,0,0
4961,3.312,58.10,192.00,1,0,0
4964,3.316,58.20,193.00,1,0,0
4966,3.312,58.20,256.00,1,0,0
4969,3.296,57.90,190.00,1,0,0
4971,3.256,105.70,344.00,1,0,0
4974,3.312,57.90,192.00,1,0,0
4976,3.312,58.20,193.00,1,0,0
4979,3.316,58.30,193.00,1,0,0
4981,3.312,58.20,193.00,1,0,0
4983,3.312,57.90,192.00,1,0,0
4986,3.312,57.80,192.00,1,0,0
4988,3.300,57.90,188.00,1,0,0
4991,3.260,142.80,469.00,1,0,0
4993,3.312,58.30,193.00,1,0,0
4996,3.312,58.30,193.00,1,0,0
4998,3.312,58.30,193.00,1,0,0
5011,3.264,84.80,282.00,1,0,0
5013,3.316,58.20,193.00,1,0,0
5016,3.312,58.00,192.00,1,0,0
5018,3.312,57.80,192.00,1,0,0
5021,3.312,57.90,192.00,1,0,0
5023,3.312,57.90,192.00,1,0,0
5026,3.316,58.20,215.00,1,0,0
5028,3.296,58.50,193.00,1,0,0
5031,3.272,115.40,377.00,1,0,0
5033,3.312,58.00,192.00,1,0,0
5036,3.312,58.00,192.00,1,0,0
5038,3.312,57.90,192.00,1,0,0
5041,3.312,58.30,193.00,1,0,0
5043,3.312,58.30,193.00,1,0,0
5046,3.312,58.20,193.00,1,0,0
5048,3.296,61.40,192.00,1,0,0
5061,3.312,58.10,193.00,1,0,0
5063,3.312,58.20,193.00,1,0,0
5066,3.312,57.90,192.00,1,0,0
5068,3.300,57.90,190.00,1,0,0
5071,3.268,157.00,519.00,1,0,0
5073,3.308,58.20,193.00,1,0,0
5076,3.312,58.20,193.00,1,0,0
5078,3.312,58.30,193.00,1,0,0
5080,3.312,58.10,192.00,1,0,0
5083,3.312,57.90,192.00,1,0,0
5085,3.312,57.80,192.00,1,0,0
5088,3.300,57.80,192.00,1,0,0
5090,3.252,150.20,492.00,1,0,0
5093,3.312,58.40,192.00,1,0,0
5095,3.312,58.20,193.00,1,0,0
5098,3.312,57.90,192.00,1,0,0
5110,3.272,135.60,441.00,1,0,0
5113,3.312,58.20,192.00,1,0,0
5115,3.312,57.90,192.00,1,0,0
5118,3.312,57.90,192.00,1,0,0
5120,3.312,57.90,192.00,1,0,0
5123,3.316,58.20,193.00,1,0,0
5125,3.316,58.20,193.00,1,0,0
5128,3.296,66.80,193.00,1,0,0
5130,3.316,154.30,378.00,1,0,0
5133,3.272,57.90,192.00,1,0,0
5135,3.312,57.80,192.00,1,0,0
5138,3.316,57.90,193.00,1,0,0
5140,3.316,58.20,193.00,1,0,0
5143,3.312,58.20,193.00,1,0,0
5145,3.316,58.20,193.00,1,0,0
5148,3.312,58.00,192.00,1,0,0
5160,3.312,58.10,192.00,1,0,0
5163,3.312,58.00,192.00,1,0,0
5165,3.312,57.90,192.00,1,0,0
5168,3.304,57.90,192.00,1,0,0
5170,3.252,130.70,428.00,1,0,0
5173,3.284,58.40,193.00,1,0,0
5175,3.312,58.20,193.00,1,0,0
5177,3.312,58.20,193.00,1,0,0
5180,3.312,57.80,192.00,1,0,0
5182,3.312,57.90,192.00,1,0,0
5185,3.312,57.90,192.00,1,0,0
5187,3.296,77.70,257.00,1,0,0
5190,3.312,76.80,518.00,1,0,0
5192,3.264,58.40,193.00,1,0,0
5195,3.312,58.20,193.00,1,0,0
5197,3.312,57.90,192.00,1,0,0
5210,3.312,146.40,377.00,1,0,0
5212,3.260,57.90,192.00,1,0,0
5215,3.312,57.90,192.00,1,0,0
5217,3.312,57.90,192.00,1,0,0
5220,3.312,58.20,193.00,1,0,0
5222,3.312,58.20,193.00,1,0,0
5225,3.312,58.20,193.00,1,0,0
5227,3.312,61.10,203.00,1,0,0
5230,3.304,136.40,444.00,1,0,0
5232,3.296,58.00,192.00,1,0,0
5235,3.312,57.90,192.00,1,0,0
5237,3.312,58.20,193.00,1,0,0
5240,3.312,58.10,192.00,1,0,0
5242,3.316,58.20,193.00,1,0,0
5245,3.316,58.00,192.00,1,0,0
5247,3.308,77.80,257.00,1,0,0
5260,3.316,58.20,193.00,1,0,0
5262,3.312,57.90,192.00,1,0,0
5265,3.312,57.80,192.00,1,0,0
5267,3.300,77.20,256.00,1,0,0
5270,3.312,58.20,519.00,1,0,0
5272,3.276,58.30,193.00,1,0,0
5274,3.312,58.20,193.00,1,0,0
5277,3.316,58.30,192.00,1,0,0
5279,3.312,57.80,192.00,1,0,0
5282,3.312,57.90,192.00,1,0,0
5284,3.312,57.90,193.00,1,0,0
5287,3.312,75.40,249.00,1,0,0
5289,3.312,107.20,351.00,1,0,0
5292,3.252,65.50,216.00,1,0,0
5294,3.312,58.00,192.00,1,0,0
5297,3.312,57.90,192.00,1,0,0
5309,3.312,154.40,503.00,1,0,0
5312,3.276,58.00,192.00,1,0,0
5314,3.312,57.90,192.00,1,0,0
5317,3.316,57.90,192.00,1,0,0
5319,3.316,58.20,193.00,1,0,0
5322,3.312,58.20,193.00,1,0,0
5324,3.312,58.20,193.00,1,0,0
5327,3.312,77.60,256.00,1,0,0
5329,3.312,58.00,383.00,1,0,0
5332,3.256,70.00,233.00,1,0,0
5334,3.312,58.10,193.00,1,0,0
5337,3.312,58.20,193.00,1,0,0
5339,3.316,58.20,193.00,1,0,0
5342,3.312,58.20,193.00,1,0,0
5344,3.312,57.80,192.00,1,0,0
5346,3.312,77.90,257.00,1,0,0
5359,3.316,58.10,192.00,1,0,0
5362,3.316,57.90,192.00,1,0,0
5364,3.312,57.90,192.00,1,0,0
5367,3.312,57.90,257.00,1,0,0
5369,3.312,88.60,290.00,1,0,0
5372,3.256,70.10,233.00,1,0,0
5374,3.312,58.20,193.00,1,0,0
5376,3.312,57.90,192.00,1,0,0
5379,3.312,57.90,192.00,1,0,0
5381,3.316,57.90,192.00,1,0,0
5384,3.316,58.20,193.00,1,0,0
5386,3.316,66.00,218.00,1,0,0
5389,3.316,58.60,472.00,1,0,0
5391,3.276,61.60,205.00,1,0,0
5394,3.316,57.90,192.00,1,0,0
5396,3.312,57.80,192.00,1,0,0
5409,3.312,57.90,192.00,1,0,0
5411,3.252,134.20,192.00,1,0,0
5414,3.312,57.90,192.00,1,0,0
5416,3.312,58.20,193.00,1,0,0
5419,3.312,58.20,193.00,1,0,0
5421,3.312,58.20,193.00,1,0,0
5424,3.312,58.20,193.00,1,0,0
5426,3.312,57.90,257.00,1,0,0
5429,3.300,57.90,188.00,1,0,0
5431,3.276,153.70,508.00,1,0,0
5434,3.316,58.20,193.00,1,0,0
5436,3.312,58.30,193.00,1,0,0
5439,3.312,58.20,193.00,1,0,0
5441,3.312,58.00,192.00,1,0,0
5444,3.316,57.90,192.00,1,0,0
5446,3.316,58.00,192.00,1,0,0
5459,3.316,57.90,192.00,1,0,0
5461,3.316,57.90,192.00,1,0,0
5464,3.312,57.90,192.00,1,0,0
5466,3.312,61.40,203.00,1,0,0
5469,3.312,58.60,193.00,1,0,0
5471,3.272,131.40,451.00,1,0,0
5473,3.312,57.90,192.00,1,0,0
5476,3.312,58.00,192.00,1,0,0
5478,3.312,58.00,192.00,1,0,0
5481,3.312,58.10,192.00,1,0,0
5483,3.316,58.20,193.00,1,0,0
5486,3.312,58.20,234.00,1,0,0
5488,3.296,58.50,193.00,1,0,0
5491,3.260,115.50,378.00,1,0,0
5493,3.312,57.90,192.00,1,0,0
5496,3.312,57.90,192.00,1,0,0
5508,3.296,57.90,190.00,1,0,0
5511,3.284,157.30,519.00,1,0,0
5513,3.312,57.90,192.00,1,0,0
5516,3.312,58.30,193.00,1,0,0
5518,3.312,58.20,193.00,1,0,0
5521,3.312,58.20,193.00,1,0,0
5523,3.316,57.90,192.00,1,0,0
5526,3.316,57.90,192.00,1,0,0
5528,3.304,57.90,192.00,1,0,0
5531,3.252,137.70,418.00,1,0,0
5533,3.312,58.20,193.00,1,0,0
5536,3.312,58.20,193.00,1,0,0
5538,3.312,58.20,192.00,1,0,0
5540,3.316,57.90,192.00,1,0,0
5543,3.312,57.90,192.00,1,0,0
5545,3.312,57.90,190.00,1,0,0
5558,3.312,57.90,192.00,1,0,0
5561,3.316,57.90,192.00,1,0,0
5563,3.312,58.20,193.00,1,0,0
5566,3.316,58.20,193.00,1,0,0
5568,3.296,70.40,193.00,1,0,0
5570,3.312,115.60,377.00,1,0,0
5573,3.312,58.00,192.00,1,0,0
5575,3.312,57.90,192.00,1,0,0
5578,3.312,58.00,192.00,1,0,0
5580,3.312,58.20,193.00,1,0,0
5583,3.316,58.20,193.00,1,0,0
5585,3.312,58.20,193.00,1,0,0
5588,3.296,60.50,200.00,1,0,0
5590,3.300,132.40,470.00,1,0,0
5593,3.300,58.00,192.00,1,0,0
5595,3.316,57.90,192.00,1,0,0
5608,3.300,57.90,192.00,1,0,0
5610,3.264,118.10,496.00,1,0,0
5613,3.308,58.20,193.00,1,0,0
5620,3.316,58.20,192.00,1,0,0
5623,3.312,58.00,192.00,1,0,0
5625,3.316,57.90,192.00,1,0,0
5628,3.300,78.40,192.00,1,0,0
5630,3.316,160.50,524.00,1,0,0
5633,3.312,58.20,193.00,1,0,0
5635,3.312,58.20,193.00,1,0,0
5637,3.312,57.80,192.00,1,0,0
5640,3.312,57.90,192.00,1,0,0
5642,3.312,57.90,192.00,1,0,0
5645,3.312,58.20,193.00,1,0,0
5647,3.296,74.50,247.00,1,0,0
5650,3.312,122.20,419.00,1,0,0
5652,3.252,58.30,193.00,1,0,0
5655,3.312,57.90,192.00,1,0,0
5657,3.312,57.90,192.00,1,0,0
5670,3.312,154.30,378.00,1,0,0
5672,3.276,57.90,192.00,1,0,0
5675,3.312,57.90,192.00,1,0,0
5677,3.312,57.90,192.00,1,0,0
5680,3.312,58.20,193.00,1,0,0
5682,3.312,58.20,193.00,1,0,0
5685,3.312,58.20,193.00,1,0,0
5687,3.312,77.60,192.00,1,0,0
5690,3.312,118.10,385.00,1,0,0
5692,3.256,62.50,206.00,1,0,0
5695,3.316,58.20,193.00,1,0,0
5697,3.312,58.20,193.00,1,0,0
5700,3.312,58.20,193.00,1,0,0
5702,3.312,58.20,192.00,1,0,0
5705,3.312,57.80,192.00,1,0,0
5707,3.304,77.90,257.00,1,0,0
5720,3.312,57.90,192.00,1,0,0
5722,3.312,58.00,192.00,1,0,0
5725,3.312,57.90,192.00,1,0,0
5727,3.312,77.30,256.00,1,0,0
5730,3.312,91.90,300.00,1,0,0
5732,3.256,67.20,193.00,1,0,0
5735,3.312,58.10,192.00,1,0,0
5737,3.312,57.90,192.00,1,0,0
5739,3.312,57.90,192.00,1,0,0
5742,3.312,57.90,192.00,1,0,0
5744,3.312,58.20,193.00,1,0,0
5747,3.312,66.80,229.00,1,0,0
5749,3.312,153.70,503.00,1,0,0
5752,3.264,60.40,200.00,1,0,0
5754,3.312,57.90,192.00,1,0,0
5757,3.312,57.90,192.00,1,0,0
5769,3.312,133.60,434.00,1,0,0
5772,3.296,58.00,192.00,1,0,0
5774,3.312,57.90,192.00,1,0,0
5777,3.316,58.20,193.00,1,0,0
5779,3.312,58.20,193.00,1,0,0
5782,3.312,58.20,193.00,1,0,0
5784,3.312,57.90,192.00,1,0,0
5787,3.312,77.80,257.00,1,0,0
5789,3.316,57.90,188.00,1,0,0
5792,3.276,146.80,193.00,1,0,0
5794,3.312,58.20,193.00,1,0,0
5797,3.312,58.20,193.00,1,0,0
5799,3.312,58.20,193.00,1,0,0
5802,3.316,57.80,192.00,1,0,0
5804,3.312,57.90,192.00,1,0,0
5806,3.312,57.90,259.00,1,0,0
5819,3.312,57.90,192.00,1,0,0
5822,3.312,57.90,192.00,1,0,0
5824,3.312,57.90,192.00,1,0,0
5827,3.316,62.20,247.00,1,0,0
5829,3.312,118.60,388.00,1,0,0
5832,3.252,65.20,216.00,1,0,0
5834,3.312,57.90,192.00,1,0,0
5836,3.312,57.90,192.00,1,0,0
5839,3.312,58.00,192.00,1,0,0
5841,3.312,58.20,193.00,1,0,0
5844,3.316,58.20,193.00,1,0,0
5846,3.316,71.50,236.00,1,0,0
5849,3.312,58.50,193.00,1,0,0
5851,3.252,117.20,192.00,1,0,0
5854,3.312,58.00,192.00,1,0,0
5856,3.312,58.00,192.00,1,0,0
5869,3.312,57.90,190.00,1,0,0
5871,3.260,157.20,192.00,1,0,0
5874,3.312,58.20,193.00,1,0,0
5876,3.312,58.30,193.00,1,0,0
5879,3.316,58.20,193.00,1,0,0
5881,3.312,58.20,193.00,1,0,0
5884,3.312,57.90,192.00,1,0,0
5886,3.312,57.90,257.00,1,0,0
5889,3.304,57.90,188.00,1,0,0
5891,3.276,120.50,400.00,1,0,0
5894,3.312,58.20,193.00,1,0,0
5896,3.316,58.20,193.00,1,0,0
5899,3.312,57.90,192.00,1,0,0
5901,3.312,57.90,192.00,1,0,0
5903,3.312,57.90,192.00,1,0,0
5906,3.316,58.10,192.00,1,0,0
5919,3.312,57.90,192.00,1,0,0
5921,3.312,57.90,192.00,1,0,0
5924,3.312,58.20,192.00,1,0,0
5926,3.312,67.20,221.00,1,0,0
5929,3.312,58.40,193.00,1,0,0
5931,3.268,115.80,198.00,1,0,0
5933,3.312,57.90,192.00,1,0,0
5936,3.312,57.90,192.00,1,0,0
5938,3.316,57.90,193.00,1,0,0
5941,3.316,58.30,193.00,1,0,0
5943,3.312,58.20,193.00,1,0,0
5946,3.312,58.20,251.00,1,0,0
5948,3.296,57.80,190.00,1,0,0
5951,3.300,144.50,477.00,1,0,0
5953,3.312,57.90,192.00,1,0,0
5956,3.312,58.00,193.00,1,0,0
5968,3.300,57.90,188.00,1,0,0
5971,3.264,150.10,496.00,1,0,0
5973,3.312,58.20,193.00,1,0,0
5976,3.312,58.30,193.00,1,0,0
5978,3.312,58.20,193.00,1,0,0
5981,3.312,57.90,192.00,1,0,0
5983,3.312,57.90,192.00,1,0,0
5986,3.312,57.80,190.00,1,0,0
5988,3.308,58.40,193.00,1,0,0
5991,3.260,160.40,306.00,1,0,0
5993,3.316,58.20,193.00,1,0,0
5996,3.316,58.20,193.00,1,0,0
5998,3.312,57.90,192.00,1,0,0
6001,3.312,57.90,192.00,1,0,0
6003,3.312,57.90,192.00,1,0,0
6005,3.312,58.20,193.00,1,0,0
6018,3.312,57.90,192.00,1,0,0
6021,3.316,57.90,193.00,1,0,0
6023,3.312,58.20,193.00,1,0,0
6026,3.312,58.20,193.00,1,0,0
6028,3.296,64.40,193.00,1,0,0
6030,3.312,116.30,382.00,1,0,0
6033,3.312,57.90,192.00,1,0,0
6035,3.312,58.00,192.00,1,0,0
6038,3.316,58.20,193.00,1,0,0
6040,3.312,58.30,193.00,1,0,0
6043,3.312,58.20,193.00,1,0,0
6045,3.312,58.00,192.00,1,0,0
6048,3.296,57.90,192.00,1,0,0
6050,3.280,117.90,519.00,1,0,0
6053,3.304,57.90,192.00,1,0,0
6055,3.312,58.20,193.00,1,0,0
6068,3.304,57.90,192.00,1,0,0
6070,3.252,142.60,467.00,1,0,0
6073,3.312,58.40,193.00,1,0,0
6075,3.316,58.20,193.00,1,0,0
6078,3.316,58.20,193.00,1,0,0
6080,3.312,57.90,192.00,1,0,0
6083,3.312,57.90,192.00,1,0,0
6085,3.312,57.80,192.00,1,0,0
6088,3.312,60.90,249.00,1,0,0
6090,3.316,118.40,387.00,1,0,0
6093,3.252,65.30,216.00,1,0,0
6095,3.312,58.00,192.00,1,0,0
6098,3.312,57.90,192.00,1,0,0
6100,3.312,57.90,192.00,1,0,0
6102,3.312,57.90,193.00,1,0,0
6105,3.316,58.20,193.00,1,0,0
6118,3.312,57.80,192.00,1,0,0
6120,3.312,58.20,193.00,1,0,0
6123,3.312,58.10,192.00,1,0,0
6125,3.316,58.20,193.00,1,0,0
6127,3.312,77.60,256.00,1,0,0
6130,3.312,57.90,190.00,1,0,0
6132,3.256,158.20,192.00,1,0,0
6135,3.312,58.00,192.00,1,0,0
6137,3.312,58.20,193.00,1,0,0
6140,3.312,58.20,193.00,1,0,0
6142,3.312,58.10,192.00,1,0,0
6145,3.312,57.90,192.00,1,0,0
6147,3.312,57.90,257.00,1,0,0
6150,3.304,57.90,188.00,1,0,0
6152,3.276,127.10,421.00,1,0,0
6155,3.312,58.20,193.00,1,0,0
6167,3.312,57.90,190.00,1,0,0
6170,3.312,58.40,280.00,1,0,0
6172,3.268,157.50,521.00,1,0,0
6175,3.312,58.20,193.00,1,0,0
6177,3.312,58.00,192.00,1,0,0
6180,3.312,57.90,192.00,1,0,0
6182,3.312,57.90,192.00,1,0,0
6185,3.312,58.10,193.00,1,0,0
6187,3.312,65.80,216.00,1,0,0
6190,3.312,58.60,193.00,1,0,0
6192,3.272,115.60,205.00,1,0,0
6195,3.312,57.90,192.00,1,0,0
6197,3.312,57.90,192.00,1,0,0
6199,3.312,57.90,192.00,1,0,0
6202,3.312,58.20,193.00,1,0,0
6204,3.312,58.20,193.00,1,0,0
6217,3.312,58.10,193.00,1,0,0
6220,3.312,58.20,193.00,1,0,0
6222,3.312,58.10,192.00,1,0,0
6224,3.312,58.20,193.00,1,0,0
6227,3.312,57.90,192.00,1,0,0
6229,3.300,57.90,188.00,1,0,0
6232,3.268,155.90,516.00,1,0,0
6234,3.312,58.20,193.00,1,0,0
6237,3.312,58.20,193.00,1,0,0
6239,3.312,58.20,193.00,1,0,0
6242,3.312,58.00,192.00,1,0,0
6244,3.312,57.90,192.00,1,0,0
6247,3.312,57.90,192.00,1,0,0
6249,3.308,57.90,192.00,1,0,0
6252,3.260,160.50,324.00,1,0,0
6254,3.316,58.20,193.00,1,0,0
6267,3.312,61.00,202.00,1,0,0
6269,3.312,58.50,193.00,1,0,0
6272,3.276,131.80,216.00,1,0,0
6274,3.312,57.90,192.00,1,0,0
6277,3.312,57.90,192.00,1,0,0
6279,3.312,57.90,192.00,1,0,0
6282,3.312,57.90,192.00,1,0,0
6284,3.312,58.20,193.00,1,0,0
6287,3.312,58.20,193.00,1,0,0
6289,3.292,65.40,193.00,1,0,0
6292,3.312,115.80,380.00,1,0,0
6294,3.312,57.90,192.00,1,0,0
6296,3.312,57.90,192.00,1,0,0
6299,3.312,58.10,192.00,1,0,0
6301,3.312,58.20,193.00,1,0,0
6304,3.316,58.10,193.00,1,0,0
6317,3.312,58.20,193.00,1,0,0
6319,3.312,58.10,192.00,1,0,0
6322,3.316,58.10,192.00,1,0,0
6324,3.312,57.90,192.00,1,0,0
6326,3.312,57.90,192.00,1,0,0
6329,3.304,57.80,192.00,1,0,0
6331,3.252,136.20,446.00,1,0,0
6334,3.312,58.20,193.00,1,0,0
6336,3.312,58.20,193.00,1,0,0
6339,3.312,58.20,193.00,1,0,0
6341,3.312,57.90,192.00,1,0,0
6344,3.312,57.90,192.00,1,0,0
6346,3.312,57.80,192.00,1,0,0
6349,3.296,77.70,193.00,1,0,0
6351,3.312,154.70,503.00,1,0,0
6354,3.312,58.20,193.00,1,0,0
6366,3.312,58.20,193.00,1,0,0
6369,3.296,70.20,193.00,1,0,0
6371,3.312,115.70,377.00,1,0,0
6374,3.312,57.90,192.00,1,0,0
6376,3.312,57.90,192.00,1,0,0
6379,3.312,57.90,192.00,1,0,0
6381,3.312,58.20,193.00,1,0,0
6384,3.316,58.20,193.00,1,0,0
6386,3.312,58.20,193.00,1,0,0
6389,3.316,60.60,202.00,1,0,0
6391,3.300,134.20,436.00,1,0,0
6393,3.296,58.00,192.00,1,0,0
6396,3.312,57.90,192.00,1,0,0
6398,3.312,58.20,193.00,1,0,0
6401,3.312,58.20,193.00,1,0,0
6403,3.312,58.20,193.00,1,0,0
6416,3.312,58.10,193.00,1,0,0
6419,3.312,58.20,193.00,1,0,0
6421,3.312,58.20,192.00,1,0,0
6423,3.312,57.90,192.00,1,0,0
6426,3.312,57.90,192.00,1,0,0
6428,3.300,78.30,192.00,1,0,0
6431,3.312,159.30,523.00,1,0,0
6433,3.312,58.40,193.00,1,0,0
6436,3.312,58.20,193.00,1,0,0
6438,3.312,57.90,192.00,1,0,0
6441,3.312,57.90,192.00,1,0,0
6443,3.312,57.90,192.00,1,0,0
6446,3.312,57.90,193.00,1,0,0
6448,3.312,74.80,247.00,1,0,0
6451,3.312,120.20,393.00,1,0,0
6453,3.252,65.20,193.00,1,0,0
6466,3.312,58.20,193.00,1,0,0
6468,3.316,65.20,216.00,1,0,0
6471,3.312,154.20,501.00,1,0,0
6473,3.276,58.00,192.00,1,0,0
6476,3.316,57.90,192.00,1,0,0
6478,3.312,57.90,192.00,1,0,0
6481,3.312,58.20,193.00,1,0,0
6483,3.312,58.20,193.00,1,0,0
6486,3.312,58.20,193.00,1,0,0
6488,3.312,77.50,192.00,1,0,0
6490,3.312,117.90,383.00,1,0,0
6493,3.304,57.90,192.00,1,0,0
6495,3.316,58.10,193.00,1,0,0
6498,3.312,58.30,193.00,1,0,0
6500,3.312,58.20,193.00,1,0,0
6503,3.312,58.20,193.00,1,0,0
6516,3.312,58.10,192.00,1,0,0
6518,3.316,58.20,193.00,1,0,0
6520,3.312,57.90,192.00,1,0,0
6523,3.312,57.90,192.00,1,0,0
6525,3.312,57.90,192.00,1,0,0
6528,3.312,77.30,256.00,1,0,0
6530,3.312,89.40,293.00,1,0,0
6533,3.256,69.00,193.00,1,0,0
6535,3.312,58.20,193.00,1,0,0
6538,3.312,57.90,192.00,1,0,0
6540,3.312,57.90,192.00,1,0,0
6543,3.312,57.90,192.00,1,0,0
6545,3.312,58.20,193.00,1,0,0
6548,3.312,66.30,231.00,1,0,0
6550,3.312,152.00,498.00,1,0,0
6553,3.272,60.50,200.00,1,0,0
6565,3.312,58.20,193.00,1,0,0
6568,3.312,75.00,247.00,1,0,0
6570,3.312,57.90,433.00,1,0,0
6573,3.248,57.90,192.00,1,0,0
6575,3.316,57.90,192.00,1,0,0
6578,3.312,58.20,193.00,1,0,0
6580,3.316,58.10,192.00,1,0,0
6583,3.312,58.20,193.00,1,0,0
6585,3.312,58.20,192.00,1,0,0
6588,3.312,77.60,256.00,1,0,0
6590,3.312,57.80,188.00,1,0,0
6592,3.276,151.40,192.00,1,0,0
6595,3.312,58.20,193.00,1,0,0
6597,3.312,58.20,193.00,1,0,0
6600,3.312,58.20,193.00,1,0,0
6602,3.312,57.90,192.00,1,0,0
6615,3.312,58.10,193.00,1,0,0
6617,3.312,58.00,192.00,1,0,0
6620,3.316,57.90,192.00,1,0,0
6622,3.312,58.00,192.00,1,0,0
6625,3.312,57.90,192.00,1,0,0
6627,3.312,61.60,203.00,1,0,0
6630,3.312,58.60,413.00,1,0,0
6632,3.276,65.20,216.00,1,0,0
6635,3.312,57.90,192.00,1,0,0
6637,3.312,57.90,192.00,1,0,0
6640,3.312,57.90,192.00,1,0,0
6642,3.312,58.20,193.00,1,0,0
6645,3.316,58.10,193.00,1,0,0
6647,3.312,71.00,234.00,1,0,0
6650,3.312,58.40,193.00,1,0,0
6652,3.252,115.70,192.00,1,0,0
6665,3.312,58.20,193.00,1,0,0
6667,3.312,58.10,256.00,1,0,0
6670,3.296,57.80,190.00,1,0,0
6672,3.264,157.20,519.00,1,0,0
6675,3.312,57.80,193.00,1,0,0
6677,3.312,58.30,193.00,1,0,0
6680,3.312,58.20,193.00,1,0,0
6682,3.312,58.20,193.00,1,0,0
6685,3.312,57.90,192.00,1,0,0
6687,3.312,57.90,192.00,1,0,0
6689,3.304,58.60,188.00,1,0,0
6692,3.252,124.30,411.00,1,0,0
6694,3.312,58.20,193.00,1,0,0
6697,3.312,58.20,193.00,1,0,0
6699,3.312,58.00,192.00,1,0,0
6702,3.312,57.90,192.00,1,0,0
6714,3.312,58.20,193.00,1,0,0
6717,3.312,57.90,192.00,1,0,0
6719,3.312,57.90,192.00,1,0,0
6722,3.312,57.80,192.00,1,0,0
6724,3.312,58.20,193.00,1,0,0
6727,3.312,58.10,220.00,1,0,0
6729,3.296,58.40,193.00,1,0,0
6732,3.268,115.50,377.00,1,0,0
6734,3.312,57.80,192.00,1,0,0
6737,3.312,57.90,192.00,1,0,0
6739,3.312,57.80,192.00,1,0,0
6742,3.312,58.20,193.00,1,0,0
6744,3.312,58.20,193.00,1,0,0
6747,3.312,58.20,193.00,1,0,0
6749,3.292,60.00,190.00,1,0,0
6752,3.300,145.10,478.00,1,0,0
6764,3.312,58.20,193.00,1,0,0
6767,3.312,57.80,192.00,1,0,0
6769,3.300,57.90,188.00,1,0,0
6772,3.264,149.80,495.00,1,0,0
6774,3.308,58.20,193.00,1,0,0
6777,3.312,58.20,193.00,1,0,0
6779,3.312,58.20,193.00,1,0,0
6782,3.312,57.90,192.00,1,0,0
6784,3.312,57.90,192.00,1,0,0
6786,3.312,57.80,192.00,1,0,0
6789,3.300,58.10,192.00,1,0,0
6791,3.256,160.50,526.00,1,0,0
6794,3.312,58.40,193.00,1,0,0
6796,3.312,58.20,193.00,1,0,0
6799,3.312,57.90,192.00,1,0,0
6801,3.312,57.80,192.00,1,0,0
6814,3.312,58.20,192.00,1,0,0
6816,3.312,57.90,192.00,1,0,0
6819,3.312,57.90,192.00,1,0,0
6821,3.312,57.90,192.00,1,0,0
6824,3.312,58.10,192.00,1,0,0
6826,3.312,58.10,192.00,1,0,0
6829,3.296,64.30,193.00,1,0,0
6831,3.312,153.60,380.00,1,0,0
6834,3.280,57.80,192.00,1,0,0
6836,3.312,57.80,192.00,1,0,0
6839,3.312,58.00,193.00,1,0,0
6841,3.312,58.30,193.00,1,0,0
6844,3.316,58.20,193.00,1,0,0
6846,3.312,58.20,192.00,1,0,0
6849,3.312,57.90,192.00,1,0,0
6851,3.280,118.10,385.00,1,0,0
6864,3.316,57.90,192.00,1,0,0
6866,3.316,57.90,192.00,1,0,0
6869,3.304,57.90,192.00,1,0,0
6871,3.252,140.50,460.00,1,0,0
6874,3.312,58.30,192.00,1,0,0
6876,3.312,58.20,193.00,1,0,0
6879,3.312,58.20,193.00,1,0,0
6881,3.312,57.90,192.00,1,0,0
6883,3.312,57.90,192.00,1,0,0
6886,3.312,57.80,192.00,1,0,0
6888,3.296,77.40,256.00,1,0,0
6891,3.312,93.80,506.00,1,0,0
6893,3.280,58.40,193.00,1,0,0
6896,3.312,58.00,192.00,1,0,0
6898,3.312,58.00,192.00,1,0,0
6901,3.312,57.90,192.00,1,0,0
6913,3.260,57.90,192.00,1,0,0
6916,3.312,57.80,192.00,1,0,0
6918,3.312,57.90,192.00,1,0,0
6921,3.312,58.20,193.00,1,0,0
6923,3.316,58.20,193.00,1,0,0
6926,3.312,58.20,193.00,1,0,0
6928,3.312,64.00,211.00,1,0,0
6931,3.312,149.60,487.00,1,0,0
6933,3.284,57.90,192.00,1,0,0
6936,3.312,58.00,192.00,1,0,0
6938,3.316,58.10,192.00,1,0,0
6941,3.312,58.20,193.00,1,0,0
6943,3.312,58.20,193.00,1,0,0
6946,3.312,57.90,192.00,1,0,0
6948,3.308,77.80,257.00,1,0,0
6951,3.312,57.90,388.00,1,0,0
6963,3.312,57.90,192.00,1,0,0
6966,3.312,57.80,192.00,1,0,0
6968,3.300,78.60,261.00,1,0,0
6971,3.312,65.80,524.00,1,0,0
6973,3.268,58.30,193.00,1,0,0
6976,3.312,58.20,193.00,1,0,0
6978,3.312,57.90,192.00,1,0,0
6980,3.312,57.90,192.00,1,0,0
6983,3.312,57.80,192.00,1,0,0
6985,3.312,57.80,192.00,1,0,0
6988,3.312,73.10,242.00,1,0,0
6990,3.316,131.00,429.00,1,0,0
6993,3.252,64.50,192.00,1,0,0
6995,3.312,57.80,192.00,1,0,0
6998,3.312,57.80,192.00,1,0,0
7000,3.312,57.90,192.00,1,0,0
7013,3.280,58.00,192.00,1,0,0
7015,3.316,57.90,192.00,1,0,0
7018,3.312,58.10,192.00,1,0,0
7020,3.316,58.10,192.00,1,0,0
7023,3.312,58.20,193.00,1,0,0
7025,3.312,58.10,193.00,1,0,0
7028,3.312,77.60,256.00,1,0,0
7030,3.312,57.90,383.00,1,0,0
7033,3.260,57.90,192.00,1,0,0
7035,3.316,58.10,193.00,1,0,0
7038,3.312,58.10,193.00,1,0,0
7040,3.312,58.20,193.00,1,0,0
7043,3.312,58.20,193.00,1,0,0
7045,3.312,57.90,192.00,1,0,0
7048,3.312,76.80,254.00,1,0,0
7050,3.304,57.90,188.00,1,0,0
7063,3.312,57.90,192.00,1,0,0
7065,3.312,57.90,192.00,1,0,0
7068,3.312,58.20,256.00,1,0,0
7070,3.312,97.30,318.00,1,0,0
7073,3.252,65.60,218.00,1,0,0
7075,3.312,58.20,192.00,1,0,0
7078,3.312,57.90,192.00,1,0,0
7080,3.312,57.90,192.00,1,0,0
7082,3.312,57.90,192.00,1,0,0
7085,3.316,58.20,193.00,1,0,0
7087,3.312,67.30,221.00,1,0,0
7090,3.316,58.40,501.00,1,0,0
7092,3.268,59.90,198.00,1,0,0
7095,3.312,57.80,192.00,1,0,0
7097,3.312,57.90,192.00,1,0,0
7100,3.312,58.10,192.00,1,0,0
7112,3.248,146.70,192.00,1,0,0
7115,3.312,57.90,192.00,1,0,0
7117,3.312,58.20,193.00,1,0,0
7120,3.312,58.20,192.00,1,0,0
7122,3.312,58.10,192.00,1,0,0
7125,3.312,58.00,192.00,1,0,0
7127,3.312,57.90,257.00,1,0,0
7130,3.300,57.80,188.00,1,0,0
7132,3.272,133.30,436.00,1,0,0
7135,3.316,58.20,193.00,1,0,0
7137,3.312,58.20,193.00,1,0,0
7140,3.312,58.20,193.00,1,0,0
7142,3.312,57.90,192.00,1,0,0
7145,3.312,57.90,192.00,1,0,0
7147,3.312,57.90,190.00,1,0,0
7149,3.308,58.40,213.00,1,0,0
7162,3.312,57.90,192.00,1,0,0
7165,3.312,57.90,192.00,1,0,0
7167,3.312,62.90,208.00,1,0,0
7170,3.312,58.30,193.00,1,0,0
7172,3.276,129.90,216.00,1,0,0
7175,3.312,57.90,192.00,1,0,0
7177,3.312,57.90,192.00,1,0,0
7179,3.312,57.90,192.00,1,0,0
7182,3.312,58.10,192.00,1,0,0
7184,3.312,58.20,193.00,1,0,0
7187,3.312,58.20,238.00,1,0,0
7189,3.296,58.60,193.00,1,0,0
7192,3.248,119.60,393.00,1,0,0
7194,3.312,57.90,192.00,1,0,0
7197,3.312,57.90,192.00,1,0,0
7199,3.316,58.20,193.00,1,0,0
7212,3.276,156.90,519.00,1,0,0
7214,3.312,58.00,193.00,1,0,0
7217,3.316,58.20,193.00,1,0,0
7219,3.312,58.30,193.00,1,0,0
7222,3.312,58.10,192.00,1,0,0
7224,3.312,57.90,192.00,1,0,0
7227,3.312,57.90,192.00,1,0,0
7229,3.308,57.90,192.00,1,0,0
7232,3.256,140.80,410.00,1,0,0
7234,3.312,58.20,193.00,1,0,0
7237,3.312,58.20,193.00,1,0,0
7239,3.312,58.20,192.00,1,0,0
7242,3.312,57.90,192.00,1,0,0
7244,3.312,57.90,192.00,1,0,0
7247,3.312,57.90,193.00,1,0,0
7249,3.296,58.40,193.00,1,0,0
7262,3.312,57.90,192.00,1,0,0
7264,3.312,58.20,193.00,1,0,0
7267,3.312,58.20,223.00,1,0,0
7269,3.296,58.60,195.00,1,0,0
7272,3.316,115.70,377.00,1,0,0
7274,3.312,57.90,192.00,1,0,0
7276,3.312,57.90,192.00,1,0,0
7279,3.312,57.90,192.00,1,0,0
7281,3.312,58.20,193.00,1,0,0
7284,3.312,58.20,192.00,1,0,0
7286,3.312,58.10,193.00,1,0,0
7289,3.296,60.40,200.00,1,0,0
7291,3.296,129.80,478.00,1,0,0
7294,3.300,57.90,192.00,1,0,0
7296,3.316,58.10,192.00,1,0,0
7299,3.312,58.10,193.00,1,0,0
7311,3.264,118.40,498.00,1,0,0
7314,3.308,58.20,193.00,1,0,0
7316,3.312,58.20,193.00,1,0,0
7319,3.312,58.20,192.00,1,0,0
7321,3.312,58.00,192.00,1,0,0
7324,3.312,57.90,192.00,1,0,0
7326,3.312,57.90,190.00,1,0,0
7329,3.296,78.40,193.00,1,0,0
7331,3.312,159.00,519.00,1,0,0
7334,3.312,58.20,193.00,1,0,0
7336,3.312,58.20,193.00,1,0,0
7339,3.312,57.90,192.00,1,0,0
7341,3.312,57.80,192.00,1,0,0
7344,3.312,57.90,192.00,1,0,0
7346,3.312,58.10,192.00,1,0,0
7348,3.296,72.20,239.00,1,0,0
7361,3.312,57.90,192.00,1,0,0
7364,3.312,58.20,193.00,1,0,0
7366,3.312,58.20,193.00,1,0,0
7369,3.296,63.30,210.00,1,0,0
7371,3.308,148.60,403.00,1,0,0
7373,3.284,57.90,192.00,1,0,0
7376,3.312,57.90,192.00,1,0,0
7378,3.312,58.10,193.00,1,0,0
7381,3.312,58.20,193.00,1,0,0
7383,3.312,58.10,192.00,1,0,0
7386,3.312,58.20,193.00,1,0,0
7388,3.312,77.80,192.00,1,0,0
7391,3.312,118.00,385.00,1,0,0
7393,3.304,57.90,192.00,1,0,0
7396,3.316,58.20,193.00,1,0,0
7398,3.312,58.10,192.00,1,0,0
7411,3.312,150.10,492.00,1,0,0
7413,3.312,58.30,193.00,1,0,0
7416,3.312,58.20,193.00,1,0,0
7418,3.312,58.10,192.00,1,0,0
7421,3.312,57.90,192.00,1,0,0
7423,3.316,57.90,192.00,1,0,0
7426,3.312,57.90,192.00,1,0,0
7428,3.292,77.30,256.00,1,0,0
7431,3.312,106.30,470.00,1,0,0
7433,3.252,58.20,193.00,1,0,0
7436,3.316,57.90,192.00,1,0,0
7438,3.312,57.80,192.00,1,0,0
7441,3.312,57.90,192.00,1,0,0
7443,3.312,58.00,192.00,1,0,0
7445,3.312,58.10,193.00,1,0,0
7448,3.312,68.20,226.00,1,0,0
7461,3.312,58.20,192.00,1,0,0
7463,3.312,58.10,193.00,1,0,0
7466,3.312,58.10,192.00,1,0,0
7468,3.312,77.20,193.00,1,0,0
7470,3.312,120.80,393.00,1,0,0
7473,3.304,57.90,192.00,1,0,0
7475,3.312,57.90,193.00,1,0,0
7478,3.316,58.10,192.00,1,0,0
7480,3.312,58.10,192.00,1,0,0
7483,3.312,58.20,193.00,1,0,0
7485,3.312,57.90,192.00,1,0,0
7488,3.312,78.00,257.00,1,0,0
7490,3.312,57.80,188.00,1,0,0
7493,3.276,140.80,193.00,1,0,0
7495,3.312,58.20,193.00,1,0,0
7498,3.312,58.20,193.00,1,0,0
7510,3.312,78.20,256.00,1,0,0
7513,3.260,80.60,193.00,1,0,0
7515,3.312,58.20,193.00,1,0,0
7518,3.312,57.80,192.00,1,0,0
7520,3.312,57.90,192.00,1,0,0
7523,3.312,57.90,192.00,1,0,0
7525,3.312,58.10,193.00,1,0,0
7528,3.312,63.90,238.00,1,0,0
7530,3.312,137.10,449.00,1,0,0
7533,3.256,63.20,210.00,1,0,0
7535,3.312,57.90,192.00,1,0,0
7538,3.312,58.00,192.00,1,0,0
7540,3.312,57.80,192.00,1,0,0
7542,3.312,58.20,193.00,1,0,0
7545,3.312,58.20,193.00,1,0,0
7547,3.312,72.80,239.00,1,0,0
7560,3.312,58.10,192.00,1,0,0
7563,3.312,58.10,192.00,1,0,0
7565,3.312,58.20,193.00,1,0,0
7568,3.312,77.90,257.00,1,0,0
7570,3.312,57.90,190.00,1,0,0
7572,3.268,157.00,192.00,1,0,0
7575,3.312,58.20,193.00,1,0,0
7577,3.312,58.20,193.00,1,0,0
7580,3.312,58.20,193.00,1,0,0
7582,3.312,57.90,192.00,1,0,0
7585,3.312,57.90,192.00,1,0,0
7587,3.312,58.00,256.00,1,0,0
7590,3.308,57.90,188.00,1,0,0
7592,3.276,113.50,377.00,1,0,0
7595,3.312,58.20,193.00,1,0,0
7597,3.312,58.20,193.00,1,0,0
7610,3.312,58.40,356.00,1,0,0
7612,3.272,65.50,218.00,1,0,0
7615,3.312,58.10,192.00,1,0,0
7622,3.312,57.90,192.00,1,0,0
7625,3.312,58.20,193.00,1,0,0
7627,3.312,68.50,226.00,1,0,0
7630,3.312,58.60,193.00,1,0,0
7632,3.264,115.50,193.00,1,0,0
7635,3.312,57.80,192.00,1,0,0
7637,3.316,57.80,192.00,1,0,0
7639,3.316,57.90,193.00,1,0,0
7642,3.312,58.10,193.00,1,0,0
7644,3.312,58.30,193.00,1,0,0
7647,3.312,58.20,256.00,1,0,0
7649,3.296,57.90,192.00,1,0,0
7652,3.252,139.90,460.00,1,0,0
7654,3.312,57.90,192.00,1,0,0
7657,3.312,58.10,193.00,1,0,0
7659,3.312,58.20,193.00,1,0,0
7672,3.256,136.20,451.00,1,0,0
7674,3.316,58.20,193.00,1,0,0
7677,3.316,58.10,192.00,1,0,0
7679,3.312,58.10,193.00,1,0,0
7682,3.312,57.90,192.00,1,0,0
7684,3.312,57.90,192.00,1,0,0
7687,3.312,57.80,190.00,1,0,0
7689,3.308,58.40,193.00,1,0,0
7692,3.264,158.30,265.00,1,0,0
7694,3.312,58.10,192.00,1,0,0
7697,3.312,58.10,192.00,1,0,0
7699,3.312,57.90,192.00,1,0,0
7702,3.312,57.90,192.00,1,0,0
7704,3.312,57.90,192.00,1,0,0
7707,3.312,58.20,213.00,1,0,0
7709,3.296,58.50,193.00,1,0,0
7722,3.316,58.10,193.00,1,0,0
7724,3.312,58.20,193.00,1,0,0
7727,3.312,58.10,192.00,1,0,0
7729,3.296,63.10,192.00,1,0,0
7732,3.312,123.50,406.00,1,0,0
7734,3.312,57.90,192.00,1,0,0
7737,3.312,57.90,192.00,1,0,0
7739,3.312,58.20,193.00,1,0,0
7741,3.312,58.20,193.00,1,0,0
7744,3.312,58.10,193.00,1,0,0
7746,3.312,57.80,192.00,1,0,0
7749,3.296,57.80,192.00,1,0,0
7751,3.276,118.30,519.00,1,0,0
7754,3.308,58.10,193.00,1,0,0
7756,3.312,58.20,193.00,1,0,0
7759,3.312,58.20,192.00,1,0,0
7771,3.256,154.40,506.00,1,0,0
7774,3.312,58.40,192.00,1,0,0
7776,3.312,58.20,193.00,1,0,0
7779,3.316,58.00,192.00,1,0,0
7781,3.312,57.90,192.00,1,0,0
7784,3.312,57.90,192.00,1,0,0
7786,3.312,57.90,192.00,1,0,0
7789,3.296,76.30,193.00,1,0,0
7791,3.312,146.40,477.00,1,0,0
7794,3.312,58.20,193.00,1,0,0
7796,3.316,57.90,192.00,1,0,0
7799,3.312,57.90,192.00,1,0,0
7801,3.312,57.80,192.00,1,0,0
7804,3.312,58.10,193.00,1,0,0
7806,3.312,58.20,193.00,1,0,0
7809,3.296,69.00,228.00,1,0,0
7821,3.312,58.20,193.00,1,0,0
7824,3.312,58.20,193.00,1,0,0
7826,3.312,58.20,193.00,1,0,0
7829,3.312,58.20,193.00,1,0,0
7831,3.288,119.30,388.00,1,0,0
7834,3.304,57.90,192.00,1,0,0
7836,3.316,58.10,193.00,1,0,0
7838,3.312,58.20,193.00,1,0,0
7841,3.316,58.20,193.00,1,0,0
7843,3.312,58.20,193.00,1,0,0
7846,3.316,57.80,192.00,1,0,0
7848,3.304,77.90,192.00,1,0,0
7851,3.312,128.10,419.00,1,0,0
7853,3.312,58.20,193.00,1,0,0
7856,3.312,58.20,193.00,1,0,0
7858,3.312,58.20,193.00,1,0,0
7871,3.312,158.30,516.00,1,0,0
7873,3.312,58.30,193.00,1,0,0
7876,3.312,58.20,192.00,1,0,0
7878,3.312,57.90,192.00,1,0,0
7881,3.312,57.80,192.00,1,0,0
7883,3.312,57.90,192.00,1,0,0
7886,3.312,58.20,193.00,1,0,0
7888,3.316,71.40,236.00,1,0,0
7891,3.312,142.70,467.00,1,0,0
7893,3.260,62.10,192.00,1,0,0
7896,3.316,57.90,192.00,1,0,0
7898,3.312,57.90,192.00,1,0,0
7901,3.312,57.90,193.00,1,0,0
7903,3.312,58.20,193.00,1,0,0
7906,3.312,58.20,193.00,1,0,0
7908,3.312,73.50,206.00,1,0,0
7921,3.312,58.20,193.00,1,0,0
7923,3.312,58.20,193.00,1,0,0
7926,3.312,58.00,192.00,1,0,0
7928,3.308,78.00,192.00,1,0,0
7931,3.312,118.10,387.00,1,0,0
7933,3.272,58.00,192.00,1,0,0
7935,3.312,58.20,193.00,1,0,0
7938,3.316,58.20,193.00,1,0,0
7940,3.312,58.20,193.00,1,0,0
7943,3.312,57.90,192.00,1,0,0
7945,3.312,57.80,192.00,1,0,0
7948,3.312,78.20,259.00,1,0,0
7950,3.312,58.20,190.00,1,0,0
7953,3.276,103.60,193.00,1,0,0
7955,3.316,58.20,193.00,1,0,0
7958,3.312,58.20,193.00,1,0,0
7970,3.312,114.30,375.00,1,0,0
7973,3.252,65.50,193.00,1,0,0
7975,3.312,57.90,192.00,1,0,0
7978,3.312,57.90,192.00,1,0,0
7980,3.316,57.90,192.00,1,0,0
7983,3.316,58.20,193.00,1,0,0
7985,3.312,58.20,193.00,1,0,0
7988,3.316,69.50,221.00,1,0,0
7990,3.312,154.30,503.00,1,0,0
7993,3.260,58.20,193.00,1,0,0
7995,3.312,57.90,192.00,1,0,0
7998,3.312,57.90,192.00,1,0,0
8000,3.312,58.20,193.00,1,0,0
8003,3.316,58.20,193.00,1,0,0
8005,3.312,58.20,193.00,1,0,0
8007,3.316,77.60,256.00,1,0,0
8020,3.312,58.20,193.00,1,0,0
8023,3.312,58.10,192.00,1,0,0
8025,3.312,57.90,192.00,1,0,0
8028,3.312,77.80,257.00,1,0,0
8030,3.312,57.90,188.00,1,0,0
8033,3.276,131.00,193.00,1,0,0
8035,3.312,58.20,193.00,1,0,0
8037,3.312,58.20,193.00,1,0,0
8040,3.312,58.10,192.00,1,0,0
8042,3.312,57.90,192.00,1,0,0
8045,3.312,57.90,192.00,1,0,0
8047,3.312,57.90,190.00,1,0,0
8050,3.312,58.50,267.00,1,0,0
8052,3.268,77.00,256.00,1,0,0
8055,3.312,58.20,193.00,1,0,0
8057,3.312,57.90,192.00,1,0,0
8070,3.312,58.50,483.00,1,0,0
8072,3.276,61.60,205.00,1,0,0
8075,3.312,57.90,192.00,1,0,0
8077,3.316,57.90,192.00,1,0,0
8080,3.312,57.80,192.00,1,0,0
8082,3.312,58.20,193.00,1,0,0
8085,3.312,58.00,192.00,1,0,0
8087,3.312,58.00,192.00,1,0,0
8090,3.296,59.70,198.00,1,0,0
8092,3.296,126.30,495.00,1,0,0
8095,3.304,57.90,192.00,1,0,0
8097,3.312,58.10,192.00,1,0,0
8100,3.312,58.20,193.00,1,0,0
8102,3.312,58.20,193.00,1,0,0
8104,3.312,58.20,193.00,1,0,0
8107,3.312,57.80,192.00,1,0,0
8120,3.312,58.20,193.00,1,0,0
8122,3.312,58.10,192.00,1,0,0
8125,3.312,57.80,192.00,1,0,0
8127,3.312,57.90,192.00,1,0,0
8130,3.300,78.40,193.00,1,0,0
8132,3.316,159.30,519.00,1,0,0
8134,3.316,58.20,193.00,1,0,0
8137,3.312,58.20,193.00,1,0,0
8139,3.312,57.90,192.00,1,0,0
8142,3.312,57.90,192.00,1,0,0
8144,3.312,57.80,192.00,1,0,0
8147,3.312,58.20,193.00,1,0,0
8149,3.296,73.00,242.00,1,0,0
8152,3.312,123.30,421.00,1,0,0
8154,3.252,58.00,192.00,1,0,0
8157,3.316,57.80,192.00,1,0,0
8169,3.312,65.80,218.00,1,0,0
8172,3.316,154.00,501.00,1,0,0
8174,3.276,58.00,192.00,1,0,0
8177,3.312,57.90,192.00,1,0,0
8179,3.312,58.10,193.00,1,0,0
8182,3.312,58.20,193.00,1,0,0
8184,3.312,58.20,193.00,1,0,0
8187,3.312,58.20,193.00,1,0,0
8189,3.312,77.80,192.00,1,0,0
8192,3.312,117.90,385.00,1,0,0
8194,3.308,57.90,192.00,1,0,0
8197,3.312,58.20,193.00,1,0,0
8199,3.312,58.20,193.00,1,0,0
8202,3.312,58.20,193.00,1,0,0
8204,3.312,57.90,192.00,1,0,0
8206,3.312,57.90,192.00,1,0,0
8219,3.312,58.20,193.00,1,0,0
8222,3.316,57.90,192.00,1,0,0
8224,3.312,57.80,192.00,1,0,0
8227,3.312,57.90,192.00,1,0,0
8229,3.316,76.40,252.00,1,0,0
8231,3.312,92.10,301.00,1,0,0
8234,3.252,66.90,193.00,1,0,0
8236,3.316,57.90,192.00,1,0,0
8239,3.312,57.90,192.00,1,0,0
8241,3.312,57.90,192.00,1,0,0
8244,3.312,58.00,192.00,1,0,0
8246,3.312,58.20,193.00,1,0,0
8249,3.312,67.90,229.00,1,0,0
8251,3.312,153.80,503.00,1,0,0
8254,3.264,59.90,198.00,1,0,0
8256,3.312,57.90,192.00,1,0,0
8269,3.312,76.90,254.00,1,0,0
8271,3.312,57.90,403.00,1,0,0
8274,3.252,57.90,192.00,1,0,0
8276,3.316,57.90,192.00,1,0,0
8279,3.312,58.20,193.00,1,0,0
8281,3.316,58.10,192.00,1,0,0
8284,3.316,58.20,193.00,1,0,0
8286,3.316,57.90,192.00,1,0,0
8289,3.312,78.00,257.00,1,0,0
8291,3.312,57.90,188.00,1,0,0
8294,3.276,142.10,193.00,1,0,0
8296,3.312,58.20,193.00,1,0,0
8299,3.312,58.20,193.00,1,0,0
8301,3.316,58.10,192.00,1,0,0
8303,3.312,57.90,192.00,1,0,0
8306,3.312,57.90,192.00,1,0,0
8319,3.316,57.90,192.00,1,0,0
8321,3.312,57.90,192.00,1,0,0
8324,3.312,57.90,192.00,1,0,0
8326,3.312,58.10,192.00,1,0,0
8328,3.312,63.50,210.00,1,0,0
8331,3.316,58.40,413.00,1,0,0
8333,3.276,65.30,216.00,1,0,0
8336,3.312,57.90,192.00,1,0,0
8338,3.312,57.80,192.00,1,0,0
8341,3.312,57.90,192.00,1,0,0
8343,3.312,58.20,193.00,1,0,0
8346,3.312,58.20,193.00,1,0,0
8348,3.316,72.30,238.00,1,0,0
8351,3.312,58.30,193.00,1,0,0
8353,3.248,89.80,218.00,1,0,0
8356,3.312,57.80,192.00,1,0,0
8368,3.312,78.00,257.00,1,0,0
8371,3.296,57.90,190.00,1,0,0
8373,3.264,157.10,192.00,1,0,0
8376,3.312,58.20,193.00,1,0,0
8378,3.312,58.20,193.00,1,0,0
8381,3.312,58.20,193.00,1,0,0
8383,3.312,58.20,192.00,1,0,0
8386,3.312,57.90,192.00,1,0,0
8388,3.312,57.80,192.00,1,0,0
8391,3.308,57.90,188.00,1,0,0
8393,3.252,117.90,390.00,1,0,0
8396,3.312,58.20,193.00,1,0,0
8398,3.312,58.20,193.00,1,0,0
8400,3.312,57.90,192.00,1,0,0
8403,3.316,57.90,192.00,1,0,0
8405,3.312,57.80,192.00,1,0,0
8418,3.312,57.90,192.00,1,0,0
8421,3.312,57.90,192.00,1,0,0
8423,3.312,57.80,192.00,1,0,0
8425,3.312,58.20,193.00,1,0,0
8428,3.316,68.10,224.00,1,0,0
8430,3.296,58.50,193.00,1,0,0
8433,3.268,115.60,377.00,1,0,0
8435,3.312,57.90,192.00,1,0,0
8438,3.312,57.90,192.00,1,0,0
8440,3.312,57.90,192.00,1,0,0
8443,3.312,58.10,193.00,1,0,0
8445,3.312,58.30,193.00,1,0,0
8448,3.312,58.20,193.00,1,0,0
8450,3.296,58.90,190.00,1,0,0
8453,3.292,153.90,510.00,1,0,0
8455,3.312,57.90,192.00,1,0,0
8468,3.316,57.90,192.00,1,0,0
8470,3.304,57.90,188.00,1,0,0
8473,3.256,139.40,462.00,1,0,0
8475,3.312,58.20,193.00,1,0,0
8478,3.312,58.20,193.00,1,0,0
8480,3.316,58.20,193.00,1,0,0
8483,3.312,57.80,192.00,1,0,0
8485,3.312,57.80,192.00,1,0,0
8488,3.312,57.90,190.00,1,0,0
8490,3.296,58.30,193.00,1,0,0
8493,3.268,158.70,518.00,1,0,0
8495,3.316,58.20,193.00,1,0,0
8497,3.312,58.20,193.00,1,0,0
8500,3.312,57.90,192.00,1,0,0
8502,3.312,57.90,192.00,1,0,0
8505,3.312,57.90,192.00,1,0,0
8518,3.316,57.90,192.00,1,0,0
8520,3.312,57.80,192.00,1,0,0
8523,3.312,58.00,193.00,1,0,0
8525,3.312,58.20,193.00,1,0,0
8527,3.312,58.20,193.00,1,0,0
8530,3.296,64.30,192.00,1,0,0
8532,3.312,117.40,385.00,1,0,0
8535,3.312,57.90,192.00,1,0,0
8537,3.312,57.90,192.00,1,0,0
8540,3.312,58.10,192.00,1,0,0
8542,3.312,58.20,193.00,1,0,0
8545,3.316,58.10,192.00,1,0,0
8547,3.316,58.20,192.00,1,0,0
8550,3.312,57.90,192.00,1,0,0
8552,3.272,118.10,387.00,1,0,0
8555,3.308,57.90,192.00,1,0,0
8567,3.316,57.80,192.00,1,0,0
8570,3.304,57.80,192.00,1,0,0
8572,3.252,153.40,506.00,1,0,0
8575,3.300,58.40,193.00,1,0,0
8577,3.312,58.20,193.00,1,0,0
8580,3.312,58.00,192.00,1,0,0
8582,3.312,57.90,192.00,1,0,0
8585,3.312,57.90,192.00,1,0,0
8587,3.312,57.90,192.00,1,0,0
8590,3.296,77.80,193.00,1,0,0
8592,3.312,148.50,483.00,1,0,0
8594,3.252,58.30,193.00,1,0,0
8597,3.312,57.90,192.00,1,0,0
8599,3.316,57.90,192.00,1,0,0
8602,3.312,57.80,192.00,1,0,0
8604,3.312,58.10,192.00,1,0,0
8617,3.312,57.90,192.00,1,0,0
8620,3.312,57.90,192.00,1,0,0
8622,3.312,58.20,193.00,1,0,0
8624,3.312,58.20,193.00,1,0,0
8627,3.312,58.20,193.00,1,0,0
8629,3.312,60.00,198.00,1,0,0
8632,3.296,130.00,423.00,1,0,0
8634,3.300,57.90,192.00,1,0,0
8637,3.312,58.20,193.00,1,0,0
8639,3.312,58.20,193.00,1,0,0
8642,3.312,58.20,193.00,1,0,0
8644,3.312,58.20,193.00,1,0,0
8647,3.312,57.90,192.00,1,0,0
8649,3.308,77.70,192.00,1,0,0
8652,3.312,57.80,413.00,1,0,0
8654,3.276,58.20,193.00,1,0,0
8667,3.312,57.90,192.00,1,0,0
8669,3.296,78.10,259.00,1,0,0
8672,3.312,81.70,514.00,1,0,0
8674,3.260,58.20,193.00,1,0,0
8677,3.312,58.20,193.00,1,0,0
8679,3.312,57.90,192.00,1,0,0
8682,3.312,57.90,192.00,1,0,0
8684,3.312,57.90,192.00,1,0,0
8687,3.312,58.20,193.00,1,0,0
8689,3.312,74.00,246.00,1,0,0
8692,3.312,127.40,418.00,1,0,0
8694,3.252,65.20,192.00,1,0,0
8696,3.312,57.90,192.00,1,0,0
8699,3.312,57.90,192.00,1,0,0
8701,3.312,57.90,192.00,1,0,0
8704,3.312,58.20,193.00,1,0,0
8717,3.312,57.90,192.00,1,0,0
8719,3.312,58.20,193.00,1,0,0
8721,3.312,58.20,193.00,1,0,0
8724,3.316,58.10,192.00,1,0,0
8726,3.312,58.10,192.00,1,0,0
8729,3.312,77.80,257.00,1,0,0
8731,3.316,57.90,387.00,1,0,0
8734,3.268,57.90,192.00,1,0,0
8736,3.316,58.20,193.00,1,0,0
8739,3.312,58.20,192.00,1,0,0
8741,3.312,58.20,193.00,1,0,0
8744,3.316,57.90,192.00,1,0,0
8746,3.312,57.90,192.00,1,0,0
8749,3.312,78.20,259.00,1,0,0
8751,3.312,58.10,188.00,1,0,0
8754,3.276,107.40,193.00,1,0,0
8766,3.312,57.80,192.00,1,0,0
8769,3.312,59.80,254.00,1,0,0
8771,3.312,110.70,362.00,1,0,0
8774,3.252,65.60,218.00,1,0,0
8776,3.312,58.20,192.00,1,0,0
8779,3.312,57.90,192.00,1,0,0
8781,3.312,57.90,192.00,1,0,0
8784,3.312,57.90,193.00,1,0,0
8786,3.312,58.20,193.00,1,0,0
8788,3.312,69.00,228.00,1,0,0
8791,3.312,58.60,503.00,1,0,0
8793,3.260,58.20,193.00,1,0,0
8796,3.312,57.90,192.00,1,0,0
8798,3.312,57.90,192.00,1,0,0
8801,3.312,58.10,192.00,1,0,0
8803,3.312,58.20,193.00,1,0,0
8816,3.312,57.90,192.00,1,0,0
8818,3.312,58.20,193.00,1,0,0
8821,3.312,58.20,192.00,1,0,0
8823,3.312,58.20,193.00,1,0,0
8826,3.312,57.90,192.00,1,0,0
8828,3.312,57.90,257.00,1,0,0
8831,3.304,57.90,188.00,1,0,0
8833,3.280,149.30,490.00,1,0,0
8836,3.316,58.20,193.00,1,0,0
8838,3.312,58.20,193.00,1,0,0
8841,3.312,58.20,193.00,1,0,0
8843,3.312,57.90,192.00,1,0,0
8846,3.312,57.90,192.00,1,0,0
8848,3.312,57.80,190.00,1,0,0
8851,3.312,58.40,228.00,1,0,0
8853,3.264,89.30,297.00,1,0,0
8866,3.312,58.20,193.00,1,0,0
8868,3.312,64.80,213.00,1,0,0
8871,3.312,58.60,193.00,1,0,0
8873,3.272,115.40,205.00,1,0,0
8876,3.312,57.90,192.00,1,0,0
8878,3.312,57.90,192.00,1,0,0
8881,3.312,57.90,192.00,1,0,0
8883,3.312,58.20,193.00,1,0,0
8886,3.312,58.20,193.00,1,0,0
8888,3.312,58.20,242.00,1,0,0
8890,3.296,58.00,192.00,1,0,0
8893,3.252,118.60,390.00,1,0,0
8895,3.312,57.90,192.00,1,0,0
8898,3.316,57.90,192.00,1,0,0
8900,3.312,58.10,192.00,1,0,0
8903,3.312,58.20,193.00,1,0,0
8915,3.312,58.20,193.00,1,0,0
8918,3.312,58.20,193.00,1,0,0
8920,3.312,58.20,193.00,1,0,0
8923,3.316,58.20,192.00,1,0,0
8925,3.312,57.80,192.00,1,0,0
8928,3.316,57.90,192.00,1,0,0
8930,3.304,57.90,192.00,1,0,0
8933,3.256,122.50,465.00,1,0,0
8935,3.312,58.20,193.00,1,0,0
8938,3.312,58.20,193.00,1,0,0
8940,3.316,57.90,192.00,1,0,0
8943,3.312,57.90,192.00,1,0,0
8945,3.312,57.90,192.00,1,0,0
8948,3.316,57.90,198.00,1,0,0
8950,3.296,58.60,193.00,1,0,0
8953,3.276,142.60,464.00,1,0,0
8965,3.312,58.20,193.00,1,0,0
8968,3.316,58.20,229.00,1,0,0
8970,3.296,58.40,193.00,1,0,0
8973,3.260,114.50,375.00,1,0,0
8975,3.312,57.90,192.00,1,0,0
8978,3.312,57.90,192.00,1,0,0
8980,3.312,58.10,192.00,1,0,0
8983,3.312,58.20,193.00,1,0,0
8985,3.316,58.20,193.00,1,0,0
8987,3.312,58.20,193.00,1,0,0
8990,3.296,58.00,192.00,1,0,0
8992,3.288,118.00,523.00,1,0,0
8995,3.304,57.90,192.00,1,0,0
8997,3.312,58.20,193.00,1,0,0
9000,3.316,58.20,193.00,1,0,0
9002,3.312,58.20,193.00,1,0,0
9015,3.312,58.20,193.00,1,0,0
9017,3.316,58.10,192.00,1,0,0
9020,3.316,58.20,193.00,1,0,0
9022,3.312,57.90,192.00,1,0,0
9025,3.312,57.90,192.00,1,0,0
9027,3.312,57.90,190.00,1,0,0
9030,3.296,58.60,195.00,1,0,0
9032,3.316,157.10,513.00,1,0,0
9035,3.316,58.20,193.00,1,0,0
9037,3.312,58.20,192.00,1,0,0
9040,3.312,57.90,192.00,1,0,0
9042,3.312,57.90,192.00,1,0,0
9045,3.312,57.90,192.00,1,0,0
9047,3.312,58.20,193.00,1,0,0
9050,3.296,71.00,236.00,1,0,0
9052,3.316,140.70,382.00,1,0,0
9065,3.316,58.20,193.00,1,0,0
9067,3.316,58.20,193.00,1,0,0
9070,3.296,62.60,208.00,1,0,0
9072,3.312,146.50,300.00,1,0,0
9075,3.248,57.90,192.00,1,0,0
9077,3.312,57.80,192.00,1,0,0
9080,3.316,58.20,193.00,1,0,0
9082,3.312,58.20,193.00,1,0,0
9084,3.312,58.20,193.00,1,0,0
9087,3.312,57.90,192.00,1,0,0
9089,3.308,78.00,192.00,1,0,0
9092,3.312,118.10,387.00,1,0,0
9094,3.308,58.00,192.00,1,0,0
9097,3.312,58.20,193.00,1,0,0
9099,3.312,58.20,193.00,1,0,0
9102,3.312,58.20,193.00,1,0,0
9114,3.312,58.20,193.00,1,0,0
9117,3.312,58.20,193.00,1,0,0
9119,3.312,57.90,192.00,1,0,0
9122,3.312,57.80,192.00,1,0,0
9124,3.312,57.90,192.00,1,0,0
9127,3.312,58.00,192.00,1,0,0
9129,3.296,75.50,251.00,1,0,0
9132,3.312,115.30,446.00,1,0,0
9134,3.252,58.30,193.00,1,0,0
9137,3.312,57.90,192.00,1,0,0
9139,3.312,57.80,192.00,1,0,0
9142,3.312,57.80,192.00,1,0,0
9144,3.312,58.10,192.00,1,0,0
9147,3.316,58.10,193.00,1,0,0
9149,3.312,69.90,218.00,1,0,0
9152,3.312,154.50,503.00,1,0,0
9164,3.312,58.10,192.00,1,0,0
9167,3.312,58.20,193.00,1,0,0
9169,3.312,77.60,192.00,1,0,0
9172,3.312,118.10,385.00,1,0,0
9174,3.304,58.00,192.00,1,0,0
9177,3.312,58.10,192.00,1,0,0
9179,3.312,58.20,193.00,1,0,0
9181,3.312,58.20,193.00,1,0,0
9184,3.316,58.20,192.00,1,0,0
9186,3.316,57.90,192.00,1,0,0
9189,3.304,77.30,256.00,1,0,0
9191,3.312,57.90,405.00,1,0,0
9194,3.276,58.30,193.00,1,0,0
9196,3.312,58.20,193.00,1,0,0
9199,3.312,58.20,193.00,1,0,0
9201,3.312,57.90,192.00,1,0,0
9214,3.256,76.50,193.00,1,0,0
9216,3.316,58.20,193.00,1,0,0
9219,3.312,57.90,192.00,1,0,0
9221,3.312,57.90,192.00,1,0,0
9224,3.316,57.90,192.00,1,0,0
9226,3.312,58.20,193.00,1,0,0
9229,3.312,65.40,233.00,1,0,0
9231,3.312,149.00,488.00,1,0,0
9234,3.260,61.30,203.00,1,0,0
9236,3.312,57.90,192.00,1,0,0
9239,3.312,57.90,192.00,1,0,0
9241,3.312,57.90,192.00,1,0,0
9244,3.312,58.20,193.00,1,0,0
9246,3.312,58.20,193.00,1,0,0
9249,3.312,74.10,244.00,1,0,0
9251,3.312,57.90,460.00,1,0,0
9264,3.312,58.30,193.00,1,0,0
9266,3.312,58.20,192.00,1,0,0
9269,3.312,77.70,257.00,1,0,0
9271,3.312,57.90,188.00,1,0,0
9274,3.276,153.60,192.00,1,0,0
9276,3.312,58.30,193.00,1,0,0
9278,3.312,58.20,193.00,1,0,0
9281,3.312,58.20,192.00,1,0,0
9283,3.312,57.90,192.00,1,0,0
9286,3.312,57.90,192.00,1,0,0
9288,3.312,57.90,257.00,1,0,0
9291,3.308,58.20,190.00,1,0,0
9293,3.292,166.80,551.00,1,0,0
9296,3.316,58.20,193.00,1,0,0
9298,3.316,58.20,193.00,1,0,0
9301,3.312,57.90,192.00,1,0,0
9313,3.276,65.60,218.00,1,0,0
9316,3.312,57.90,192.00,1,0,0
9318,3.312,57.90,192.00,1,0,0
9321,3.316,57.80,192.00,1,0,0
9323,3.312,57.90,192.00,1,0,0
9326,3.312,58.20,192.00,1,0,0
9328,3.312,70.30,231.00,1,0,0
9331,3.312,58.40,193.00,1,0,0
9333,3.256,115.70,192.00,1,0,0
9336,3.312,57.90,192.00,1,0,0
9338,3.312,57.90,192.00,1,0,0
9341,3.312,58.20,193.00,1,0,0
9343,3.312,58.20,193.00,1,0,0
9346,3.316,58.20,193.00,1,0,0
9348,3.312,58.20,256.00,1,0,0
9350,3.296,57.90,190.00,1,0,0
9363,3.316,58.20,193.00,1,0,0
9366,3.316,57.90,192.00,1,0,0
9368,3.312,57.90,192.00,1,0,0
9371,3.304,57.90,188.00,1,0,0
9373,3.252,133.50,442.00,1,0,0
9376,3.316,58.20,193.00,1,0,0
9378,3.316,58.20,193.00,1,0,0
9380,3.312,58.10,192.00,1,0,0
9383,3.312,57.80,192.00,1,0,0
9385,3.312,57.90,192.00,1,0,0
9388,3.312,57.80,190.00,1,0,0
9390,3.312,58.60,195.00,1,0,0
9393,3.272,157.00,234.00,1,0,0
9395,3.316,58.20,193.00,1,0,0
9398,3.316,57.90,192.00,1,0,0
9400,3.312,57.90,192.00,1,0,0
9413,3.276,115.50,205.00,1,0,0
9415,3.316,57.90,192.00,1,0,0
9418,3.312,57.90,192.00,1,0,0
9420,3.316,57.80,192.00,1,0,0
9423,3.312,58.20,193.00,1,0,0
9425,3.316,58.20,193.00,1,0,0
9428,3.312,58.20,193.00,1,0,0
9430,3.296,61.40,192.00,1,0,0
9433,3.308,132.90,437.00,1,0,0
9435,3.312,57.80,192.00,1,0,0
9438,3.316,57.90,192.00,1,0,0
9440,3.312,58.20,193.00,1,0,0
9443,3.312,58.20,193.00,1,0,0
9445,3.316,58.20,193.00,1,0,0
9447,3.316,57.90,192.00,1,0,0
9450,3.300,57.90,192.00,1,0,0
9463,3.312,58.00,192.00,1,0,0
9465,3.312,57.90,192.00,1,0,0
9468,3.312,57.90,192.00,1,0,0
9470,3.300,57.90,192.00,1,0,0
9473,3.260,160.60,328.00,1,0,0
9475,3.316,58.20,193.00,1,0,0
9477,3.312,58.20,193.00,1,0,0
9480,3.312,57.90,192.00,1,0,0
9482,3.312,57.90,192.00,1,0,0
9485,3.312,57.90,192.00,1,0,0
9487,3.316,58.10,192.00,1,0,0
9490,3.296,74.80,193.00,1,0,0
9492,3.312,134.50,437.00,1,0,0
9495,3.312,58.30,193.00,1,0,0
9497,3.312,57.90,192.00,1,0,0
9500,3.312,57.90,192.00,1,0,0
9512,3.312,115.30,375.00,1,0,0
9515,3.312,57.90,192.00,1,0,0
9517,3.312,57.90,192.00,1,0,0
9520,3.312,58.20,193.00,1,0,0
9522,3.312,58.20,193.00,1,0,0
9525,3.312,58.20,193.00,1,0,0
9527,3.312,58.20,193.00,1,0,0
9530,3.312,58.00,192.00,1,0,0
9532,3.284,118.00,385.00,1,0,0
9535,3.292,58.00,192.00,1,0,0
9537,3.312,58.20,193.00,1,0,0
9540,3.312,58.20,193.00,1,0,0
9542,3.312,58.20,193.00,1,0,0
9544,3.312,58.00,192.00,1,0,0
9547,3.312,57.90,192.00,1,0,0
9549,3.304,77.30,192.00,1,0,0
9562,3.316,57.90,192.00,1,0,0
9565,3.312,57.80,192.00,1,0,0
9567,3.312,57.90,192.00,1,0,0
9570,3.296,78.00,193.00,1,0,0
9572,3.316,157.70,513.00,1,0,0
9574,3.312,58.30,193.00,1,0,0
9577,3.312,58.20,192.00,1,0,0
9579,3.312,57.80,192.00,1,0,0
9582,3.312,57.90,192.00,1,0,0
9584,3.316,57.90,192.00,1,0,0
9587,3.312,58.20,193.00,1,0,0
9589,3.312,70.00,233.00,1,0,0
9592,3.312,152.30,498.00,1,0,0
9594,3.264,61.00,192.00,1,0,0
9597,3.312,57.90,192.00,1,0,0
9599,3.316,57.90,192.00,1,0,0
9612,3.300,134.60,437.00,1,0,0
9614,3.296,58.00,192.00,1,0,0
9617,3.312,57.90,192.00,1,0,0
9624,3.312,58.10,192.00,1,0,0
9627,3.312,57.90,192.00,1,0,0
9629,3.308,77.60,192.00,1,0,0
9632,3.312,93.50,305.00,1,0,0
9634,3.304,58.20,193.00,1,0,0
9637,3.312,58.20,193.00,1,0,0
9639,3.316,58.20,193.00,1,0,0
9641,3.312,58.10,192.00,1,0,0
9644,3.312,57.90,192.00,1,0,0
9646,3.312,57.90,192.00,1,0,0
9649,3.312,77.50,256.00,1,0,0
9651,3.312,58.20,190.00,1,0,0
9654,3.276,106.10,193.00,1,0,0
9656,3.312,58.20,193.00,1,0,0
9659,3.312,58.10,192.00,1,0,0
9661,3.312,57.90,192.00,1,0,0
9674,3.252,65.50,193.00,1,0,0
9676,3.316,57.90,192.00,1,0,0
9679,3.312,57.90,192.00,1,0,0
9681,3.312,57.80,192.00,1,0,0
9684,3.316,58.20,193.00,1,0,0
9686,3.312,58.20,193.00,1,0,0
9689,3.312,70.80,228.00,1,0,0
9691,3.312,153.90,503.00,1,0,0
9694,3.268,59.40,197.00,1,0,0
9696,3.312,57.80,192.00,1,0,0
9699,3.316,57.90,192.00,1,0,0
9701,3.312,58.20,193.00,1,0,0
9704,3.316,58.20,193.00,1,0,0
9706,3.312,58.20,193.00,1,0,0
9709,3.312,77.60,256.00,1,0,0
9711,3.312,57.90,190.00,1,0,0
9724,3.316,58.20,193.00,1,0,0
9726,3.312,57.90,192.00,1,0,0
9729,3.312,77.30,256.00,1,0,0
9731,3.312,57.80,188.00,1,0,0
9734,3.276,129.90,193.00,1,0,0
9736,3.316,58.30,193.00,1,0,0
9739,3.312,58.20,193.00,1,0,0
9741,3.312,57.90,192.00,1,0,0
9743,3.312,57.90,192.00,1,0,0
9746,3.312,57.90,192.00,1,0,0
9748,3.312,57.90,256.00,1,0,0
9751,3.312,58.60,298.00,1,0,0
9753,3.272,67.60,224.00,1,0,0
9756,3.312,58.20,193.00,1,0,0
9758,3.312,57.90,192.00,1,0,0
9761,3.316,57.90,192.00,1,0,0
9773,3.272,111.30,369.00,1,0,0
9776,3.312,57.80,192.00,1,0,0
9778,3.312,57.90,192.00,1,0,0
9781,3.312,58.00,192.00,1,0,0
9783,3.316,58.20,193.00,1,0,0
9786,3.312,58.20,193.00,1,0,0
9788,3.316,75.10,247.00,1,0,0
9791,3.312,58.00,192.00,1,0,0
9793,3.248,132.10,192.00,1,0,0
9796,3.312,57.90,192.00,1,0,0
9798,3.312,58.10,192.00,1,0,0
9801,3.316,58.20,193.00,1,0,0
9803,3.312,58.20,193.00,1,0,0
9806,3.312,58.20,193.00,1,0,0
9808,3.312,57.80,192.00,1,0,0
9810,3.300,57.90,188.00,1,0,0
9823,3.312,58.00,192.00,1,0,0
9826,3.312,57.90,192.00,1,0,0
9828,3.312,58.00,192.00,1,0,0
9831,3.308,57.90,206.00,1,0,0
9833,3.260,96.00,318.00,1,0,0
9836,3.312,58.20,193.00,1,0,0
9838,3.312,58.20,192.00,1,0,0
9840,3.312,57.90,192.00,1,0,0
9843,3.312,58.00,192.00,1,0,0
9845,3.316,57.90,192.00,1,0,0
9848,3.312,61.80,203.00,1,0,0
9850,3.312,58.40,193.00,1,0,0
9853,3.276,127.50,216.00,1,0,0
9855,3.316,57.90,192.00,1,0,0
9858,3.316,57.90,192.00,1,0,0
9860,3.312,58.00,192.00,1,0,0
9873,3.260,115.50,378.00,1,0,0
9875,3.312,58.00,192.00,1,0,0
9878,3.312,58.00,192.00,1,0,0
9880,3.312,58.20,193.00,1,0,0
9883,3.312,58.20,193.00,1,0,0
9885,3.316,58.20,193.00,1,0,0
9888,3.316,58.10,192.00,1,0,0
9890,3.296,57.90,190.00,1,0,0
9893,3.280,157.30,521.00,1,0,0
9895,3.312,57.90,192.00,1,0,0
9898,3.312,58.20,193.00,1,0,0
9900,3.312,58.20,193.00,1,0,0
9903,3.312,58.20,193.00,1,0,0
9905,3.312,57.90,192.00,1,0,0
9908,3.312,57.90,192.00,1,0,0
9910,3.304,57.80,192.00,1,0,0
9923,3.316,57.90,192.00,1,0,0
9925,3.316,57.90,192.00,1,0,0
9928,3.316,57.90,190.00,1,0,0
9930,3.296,58.40,193.00,1,0,0
9933,3.272,154.10,501.00,1,0,0
9935,3.312,58.20,193.00,1,0,0
9937,3.312,57.90,192.00,1,0,0
9940,3.312,57.90,192.00,1,0,0
9942,3.312,57.90,192.00,1,0,0
9945,3.316,58.20,193.00,1,0,0
9947,3.316,58.20,193.00,1,0,0
9950,3.296,69.80,195.00,1,0,0
9952,3.316,114.60,374.00,1,0,0
9955,3.312,57.90,192.00,1,0,0
9957,3.312,57.90,192.00,1,0,0
9960,3.312,57.90,192.00,1,0,0
9972,3.304,136.10,455.00,1,0,0
9975,3.296,58.00,192.00,1,0,0
9977,3.316,58.00,192.00,1,0,0
9980,3.316,58.20,193.00,1,0,0
9982,3.316,58.20,193.00,1,0,0
9985,3.312,58.20,193.00,1,0,0
9987,3.312,57.90,192.00,1,0,0
9990,3.308,57.90,192.00,1,0,0
9992,3.264,118.60,388.00,1,0,0
9995,3.308,58.20,193.00,1,0,0
9997,3.312,58.20,193.00,1,0,0
10000,3.312,58.20,193.00,1,0,0
10002,3.312,58.20,192.00,1,0,0
10005,3.312,58.00,192.00,1,0,0
10007,3.312,57.90,192.00,1,0,0
10020,3.312,57.90,192.00,1,0,0
10022,3.312,57.90,192.00,1,0,0
10025,3.312,57.90,192.00,1,0,0
10027,3.316,58.20,193.00,1,0,0
10030,3.292,73.70,193.00,1,0,0
10032,3.312,123.40,429.00,1,0,0
10035,3.272,58.40,193.00,1,0,0
10037,3.312,57.90,192.00,1,0,0
10039,3.312,58.00,192.00,1,0,0
10042,3.312,57.90,192.00,1,0,0
10044,3.316,58.20,193.00,1,0,0
10047,3.312,58.20,193.00,1,0,0
10049,3.312,66.70,221.00,1,0,0
10052,3.312,153.90,501.00,1,0,0
10064,3.312,58.20,193.00,1,0,0
10067,3.312,58.20,192.00,1,0,0
10069,3.312,58.00,192.00,1,0,0
10072,3.284,118.20,385.00,1,0,0
10074,3.308,58.00,192.00,1,0,0
10077,3.316,58.20,193.00,1,0,0
10079,3.312,58.30,193.00,1,0,0
10082,3.312,58.20,193.00,1,0,0
10084,3.312,57.90,192.00,1,0,0
10087,3.312,57.80,192.00,1,0,0
10089,3.312,57.80,192.00,1,0,0
10092,3.308,57.90,190.00,1,0,0
10094,3.256,105.60,349.00,1,0,0
10097,3.312,58.20,193.00,1,0,0
10109,3.312,60.30,198.00,1,0,0
10112,3.312,58.50,374.00,1,0,0
10114,3.272,104.40,346.00,1,0,0
10117,3.312,58.00,192.00,1,0,0
10119,3.312,57.90,192.00,1,0,0
10122,3.316,57.80,192.00,1,0,0
10124,3.316,57.90,192.00,1,0,0
10127,3.316,58.20,193.00,1,0,0
10129,3.312,69.70,229.00,1,0,0
10132,3.312,58.40,193.00,1,0,0
10134,3.264,115.30,195.00,1,0,0
10136,3.312,57.90,192.00,1,0,0
10139,3.312,57.90,192.00,1,0,0
10141,3.312,58.20,193.00,1,0,0
10154,3.256,157.80,519.00,1,0,0
10157,3.316,57.90,192.00,1,0,0
10159,3.316,58.20,193.00,1,0,0
10161,3.312,58.20,193.00,1,0,0
10164,3.312,58.20,193.00,1,0,0
10166,3.316,57.90,192.00,1,0,0
10169,3.316,58.00,192.00,1,0,0
10171,3.304,57.90,188.00,1,0,0
10174,3.260,145.30,480.00,1,0,0
10176,3.312,58.10,192.00,1,0,0
10179,3.312,58.20,193.00,1,0,0
10181,3.316,58.20,193.00,1,0,0
10184,3.312,57.90,192.00,1,0,0
10186,3.312,57.90,192.00,1,0,0
10199,3.312,58.00,192.00,1,0,0
10201,3.312,57.90,192.00,1,0,0
10204,3.312,57.80,192.00,1,0,0
10206,3.312,57.80,192.00,1,0,0
10209,3.312,58.20,215.00,1,0,0
10211,3.296,58.40,193.00,1,0,0
10214,3.276,115.60,377.00,1,0,0
10216,3.312,57.90,192.00,1,0,0
10219,3.312,57.90,192.00,1,0,0
10221,3.316,57.90,192.00,1,0,0
10224,3.316,58.20,193.00,1,0,0
10226,3.312,58.20,193.00,1,0,0
10229,3.316,58.20,193.00,1,0,0
10231,3.296,63.60,192.00,1,0,0
10244,3.312,58.10,192.00,1,0,0
10246,3.316,58.20,193.00,1,0,0
10249,3.312,57.90,192.00,1,0,0
10251,3.300,57.80,192.00,1,0,0
10254,3.268,118.10,419.00,1,0,0
10256,3.268,58.30,193.00,1,0,0
10258,3.316,58.20,193.00,1,0,0
10261,3.316,58.20,193.00,1,0,0
10263,3.312,58.10,192.00,1,0,0
10266,3.312,57.90,192.00,1,0,0
10268,3.312,57.90,192.00,1,0,0
10271,3.300,57.90,192.00,1,0,0
10273,3.256,150.00,492.00,1,0,0
10276,3.312,58.30,193.00,1,0,0
10288,3.312,58.00,200.00,1,0,0
10291,3.292,58.50,193.00,1,0,0
10293,3.312,138.40,451.00,1,0,0
10296,3.312,58.30,193.00,1,0,0
10298,3.316,57.90,192.00,1,0,0
10301,3.316,57.90,192.00,1,0,0
10303,3.312,57.90,192.00,1,0,0
10306,3.312,58.20,193.00,1,0,0
10308,3.312,58.20,193.00,1,0,0
10311,3.296,66.50,220.00,1,0,0
10313,3.312,154.20,378.00,1,0,0
10316,3.276,57.90,192.00,1,0,0
10318,3.312,57.90,192.00,1,0,0
10321,3.312,57.90,192.00,1,0,0
10333,3.288,118.10,523.00,1,0,0
10336,3.304,57.90,192.00,1,0,0
10338,3.316,58.20,193.00,1,0,0
10341,3.312,58.20,193.00,1,0,0
10343,3.316,58.20,193.00,1,0,0
10346,3.312,58.00,192.00,1,0,0
10348,3.312,57.90,192.00,1,0,0
10351,3.304,77.90,192.00,1,0,0
10353,3.312,133.90,439.00,1,0,0
10355,3.312,58.20,193.00,1,0,0
10358,3.312,58.20,193.00,1,0,0
10360,3.312,58.20,193.00,1,0,0
10363,3.312,57.90,192.00,1,0,0
10365,3.312,57.90,192.00,1,0,0
10378,3.316,58.20,192.00,1,0,0
10380,3.312,57.90,192.00,1,0,0
10383,3.316,57.90,192.00,1,0,0
10385,3.312,57.90,192.00,1,0,0
10388,3.312,58.20,193.00,1,0,0
10390,3.296,70.70,234.00,1,0,0
10393,3.316,143.80,377.00,1,0,0
10395,3.260,57.90,192.00,1,0,0
10398,3.312,57.90,192.00,1,0,0
10400,3.312,57.90,192.00,1,0,0
10403,3.316,58.20,193.00,1,0,0
10405,3.312,58.30,193.00,1,0,0
10408,3.312,58.20,193.00,1,0,0
10410,3.312,74.20,205.00,1,0,0
10423,3.316,58.20,192.00,1,0,0
10425,3.312,58.20,193.00,1,0,0
10428,3.312,58.00,192.00,1,0,0
10430,3.308,77.80,192.00,1,0,0
10433,3.316,118.30,387.00,1,0,0
10435,3.308,58.00,192.00,1,0,0
10438,3.316,58.20,193.00,1,0,0
10440,3.312,58.20,193.00,1,0,0
10443,3.316,58.30,193.00,1,0,0
10445,3.312,58.00,192.00,1,0,0
10448,3.312,57.90,192.00,1,0,0
10450,3.300,78.20,259.00,1,0,0
10452,3.312,59.70,526.00,1,0,0
10455,3.272,58.20,193.00,1,0,0
10468,3.312,57.90,193.00,1,0,0
10470,3.312,74.50,247.00,1,0,0
10473,3.312,121.20,398.00,1,0,0
10475,3.276,134.40,193.00,1,0,0
10478,3.316,58.00,192.00,1,0,0
10480,3.312,57.90,192.00,1,0,0
10482,3.312,57.80,192.00,1,0,0
10485,3.312,58.20,193.00,1,0,0
10487,3.316,58.20,193.00,1,0,0
10490,3.316,70.30,223.00,1,0,0
10492,3.312,154.00,501.00,1,0,0
10495,3.248,91.10,301.00,1,0,0
10497,3.312,57.90,192.00,1,0,0
10500,3.312,58.00,192.00,1,0,0
10512,3.312,57.90,387.00,1,0,0
10515,3.256,58.00,192.00,1,0,0
10517,3.312,58.10,192.00,1,0,0
10520,3.312,58.20,193.00,1,0,0
10522,3.316,58.20,193.00,1,0,0
10525,3.312,58.20,193.00,1,0,0
10527,3.312,57.80,192.00,1,0,0
10530,3.312,77.80,257.00,1,0,0
10532,3.312,57.90,188.00,1,0,0
10535,3.276,130.10,193.00,1,0,0
10537,3.312,58.20,193.00,1,0,0
10540,3.312,58.20,193.00,1,0,0
10542,3.312,58.10,192.00,1,0,0
10545,3.312,57.90,192.00,1,0,0
10557,3.316,58.20,193.00,1,0,0
10560,3.312,57.90,192.00,1,0,0
10562,3.312,58.00,192.00,1,0,0
10565,3.312,57.90,192.00,1,0,0
10567,3.312,58.20,193.00,1,0,0
10570,3.316,65.90,218.00,1,0,0
10572,3.316,58.40,487.00,1,0,0
10575,3.272,65.20,216.00,1,0,0
10577,3.312,57.90,192.00,1,0,0
10579,3.312,57.90,192.00,1,0,0
10582,3.312,57.90,192.00,1,0,0
10584,3.316,58.30,193.00,1,0,0
10587,3.312,58.20,192.00,1,0,0
10589,3.312,74.50,246.00,1,0,0
10602,3.316,58.20,193.00,1,0,0
10604,3.316,58.20,193.00,1,0,0
10607,3.312,58.20,192.00,1,0,0
10609,3.312,77.80,257.00,1,0,0
10612,3.300,57.90,188.00,1,0,0
10614,3.276,153.30,192.00,1,0,0
10617,3.312,58.20,193.00,1,0,0
10619,3.312,58.20,193.00,1,0,0
10622,3.312,58.20,193.00,1,0,0
10624,3.312,57.90,192.00,1,0,0
10627,3.312,57.90,192.00,1,0,0
10629,3.312,57.90,192.00,1,0,0
10632,3.308,57.90,190.00,1,0,0
10634,3.256,106.50,352.00,1,0,0
10647,3.312,57.90,192.00,1,0,0
10649,3.312,61.30,202.00,1,0,0
10652,3.316,58.50,388.00,1,0,0
10654,3.276,65.40,216.00,1,0,0
10657,3.316,57.90,192.00,1,0,0
10659,3.312,58.00,192.00,1,0,0
10662,3.316,58.00,192.00,1,0,0
10664,3.312,58.00,192.00,1,0,0
10667,3.312,58.20,193.00,1,0,0
10669,3.312,70.60,233.00,1,0,0
10672,3.296,58.60,193.00,1,0,0
10674,3.256,115.60,378.00,1,0,0
10676,3.312,58.00,192.00,1,0,0
10679,3.312,57.80,192.00,1,0,0
10692,3.296,57.90,190.00,1,0,0
10694,3.260,158.30,524.00,1,0,0
10697,3.312,57.80,193.00,1,0,0
10699,3.312,58.20,193.00,1,0,0
10701,3.312,58.20,193.00,1,0,0
10704,3.312,58.20,192.00,1,0,0
10706,3.312,57.90,192.00,1,0,0
10709,3.312,57.90,192.00,1,0,0
10711,3.304,57.90,188.00,1,0,0
10714,3.252,125.10,415.00,1,0,0
10716,3.312,58.20,193.00,1,0,0
10719,3.312,58.20,193.00,1,0,0
10721,3.312,58.00,192.00,1,0,0
10724,3.312,57.90,192.00,1,0,0
10736,3.312,58.20,193.00,1,0,0
10739,3.312,57.90,192.00,1,0,0
10741,3.312,57.90,192.00,1,0,0
10744,3.312,57.90,192.00,1,0,0
10746,3.312,58.10,192.00,1,0,0
10749,3.312,58.10,218.00,1,0,0
10751,3.296,58.50,193.00,1,0,0
10754,3.272,115.70,377.00,1,0,0
10756,3.316,57.90,192.00,1,0,0
10759,3.312,57.90,192.00,1,0,0
10761,3.312,57.90,192.00,1,0,0
10764,3.312,58.20,193.00,1,0,0
10766,3.312,58.20,193.00,1,0,0
10769,3.316,58.20,193.00,1,0,0
10781,3.316,58.20,193.00,1,0,0
10784,3.312,58.20,193.00,1,0,0
10786,3.312,58.20,193.00,1,0,0
10789,3.312,57.90,192.00,1,0,0
10791,3.300,57.90,192.00,1,0,0
10794,3.264,118.50,496.00,1,0,0
10796,3.308,58.10,193.00,1,0,0
10798,3.312,58.20,193.00,1,0,0
10801,3.312,58.20,193.00,1,0,0
10803,3.312,58.00,192.00,1,0,0
10806,3.312,57.90,192.00,1,0,0
10808,3.312,57.90,192.00,1,0,0
10811,3.300,57.90,192.00,1,0,0
10813,3.256,157.00,514.00,1,0,0
10826,3.312,57.80,192.00,1,0,0
10828,3.312,58.20,193.00,1,0,0
10831,3.296,73.90,193.00,1,0,0
10833,3.312,130.00,423.00,1,0,0
10836,3.316,58.20,193.00,1,0,0
10838,3.312,57.90,192.00,1,0,0
10841,3.312,57.90,192.00,1,0,0
10843,3.316,57.90,192.00,1,0,0
10846,3.312,58.20,193.00,1,0,0
10848,3.312,58.10,193.00,1,0,0
10851,3.296,65.70,218.00,1,0,0
10853,3.312,154.00,378.00,1,0,0
10856,3.272,58.00,192.00,1,0,0
10858,3.312,57.90,192.00,1,0,0
10871,3.296,58.10,192.00,1,0,0
10873,3.288,118.50,523.00,1,0,0
10876,3.308,57.90,192.00,1,0,0
10878,3.312,58.20,193.00,1,0,0
10881,3.312,58.10,193.00,1,0,0
10883,3.316,58.10,192.00,1,0,0
10886,3.312,57.90,192.00,1,0,0
10888,3.312,57.80,192.00,1,0,0
10891,3.304,77.30,192.00,1,0,0
10893,3.312,133.70,437.00,1,0,0
10895,3.284,58.50,193.00,1,0,0
10898,3.312,58.20,193.00,1,0,0
10900,3.312,58.10,192.00,1,0,0
10903,3.312,57.90,192.00,1,0,0
10916,3.316,58.20,193.00,1,0,0
10918,3.312,58.20,192.00,1,0,0
10920,3.312,57.90,192.00,1,0,0
10923,3.312,57.90,192.00,1,0,0
10925,3.312,57.90,193.00,1,0,0
10928,3.316,58.20,193.00,1,0,0
10930,3.296,74.00,246.00,1,0,0
10933,3.316,125.30,411.00,1,0,0
10935,3.252,57.90,192.00,1,0,0
10938,3.312,57.90,192.00,1,0,0
10940,3.312,57.90,192.00,1,0,0
10943,3.312,58.00,193.00,1,0,0
10945,3.312,58.20,193.00,1,0,0
10948,3.312,58.20,193.00,1,0,0
10960,3.312,58.20,193.00,1,0,0
10963,3.312,58.20,193.00,1,0,0
10965,3.312,58.20,193.00,1,0,0
10968,3.312,57.90,192.00,1,0,0
10970,3.308,77.80,192.00,1,0,0
10973,3.312,118.20,387.00,1,0,0
10975,3.308,58.30,193.00,1,0,0
10978,3.312,58.20,193.00,1,0,0
10980,3.312,58.20,193.00,1,0,0
10983,3.316,58.20,193.00,1,0,0
10985,3.312,57.90,192.00,1,0,0
10988,3.312,57.80,192.00,1,0,0
10990,3.300,78.40,259.00,1,0,0
10992,3.316,66.00,524.00,1,0,0
11005,3.312,57.80,192.00,1,0,0
11008,3.312,58.00,193.00,1,0,0
11010,3.312,75.60,251.00,1,0,0
11013,3.316,116.20,380.00,1,0,0
11015,3.252,65.50,193.00,1,0,0
11018,3.312,57.90,192.00,1,0,0
11020,3.312,57.90,192.00,1,0,0
11022,3.316,57.90,192.00,1,0,0
11025,3.312,58.20,193.00,1,0,0
11027,3.316,58.20,193.00,1,0,0
11030,3.312,71.20,213.00,1,0,0
11032,3.312,153.60,500.00,1,0,0
11035,3.280,58.00,192.00,1,0,0
11037,3.312,57.90,192.00,1,0,0
11050,3.312,77.60,256.00,1,0,0
11052,3.312,57.90,385.00,1,0,0
11055,3.256,57.90,192.00,1,0,0
11057,3.312,58.20,193.00,1,0,0
11060,3.316,58.20,193.00,1,0,0
11062,3.312,58.20,193.00,1,0,0
11065,3.312,58.20,193.00,1,0,0
11067,3.312,57.80,192.00,1,0,0
11070,3.316,77.70,257.00,1,0,0
11072,3.312,57.90,188.00,1,0,0
11075,3.276,121.30,193.00,1,0,0
11077,3.312,58.20,193.00,1,0,0
11080,3.312,58.20,193.00,1,0,0
11082,3.312,57.90,192.00,1,0,0
11095,3.252,67.00,193.00,1,0,0
11097,3.312,58.20,193.00,1,0,0
11100,3.312,57.90,192.00,1,0,0
11102,3.312,57.90,192.00,1,0,0
11105,3.312,57.90,192.00,1,0,0
11107,3.316,58.20,193.00,1,0,0
11110,3.312,66.80,220.00,1,0,0
11112,3.312,58.60,500.00,1,0,0
11115,3.272,60.30,200.00,1,0,0
11117,3.312,57.90,192.00,1,0,0
11119,3.316,57.90,192.00,1,0,0
11122,3.312,58.10,192.00,1,0,0
11124,3.312,58.10,192.00,1,0,0
11127,3.312,58.20,193.00,1,0,0
11140,3.316,58.20,193.00,1,0,0
11142,3.316,58.20,193.00,1,0,0
11144,3.312,58.20,193.00,1,0,0
11147,3.312,58.20,192.00,1,0,0
11149,3.312,77.70,257.00,1,0,0
11152,3.300,57.80,188.00,1,0,0
11154,3.272,157.00,519.00,1,0,0
11157,3.316,58.20,193.00,1,0,0
11159,3.312,58.20,193.00,1,0,0
11162,3.312,58.20,193.00,1,0,0
11164,3.312,57.90,192.00,1,0,0
11167,3.316,57.90,192.00,1,0,0
11169,3.312,57.90,192.00,1,0,0
11172,3.308,58.20,223.00,1,0,0
11184,3.312,57.90,192.00,1,0,0
11187,3.312,57.90,192.00,1,0,0
11189,3.312,62.20,205.00,1,0,0
11192,3.312,58.60,424.00,1,0,0
11194,3.272,64.60,215.00,1,0,0
11197,3.312,57.90,192.00,1,0,0
11199,3.312,57.90,192.00,1,0,0
11202,3.312,57.90,192.00,1,0,0
11204,3.312,58.10,192.00,1,0,0
11207,3.312,58.20,193.00,1,0,0
11209,3.316,58.20,236.00,1,0,0
11212,3.296,58.30,193.00,1,0,0
11214,3.252,83.60,272.00,1,0,0
11216,3.312,57.90,192.00,1,0,0
11229,3.312,58.00,256.00,1,0,0
11232,3.296,57.80,190.00,1,0,0
11234,3.252,107.40,349.00,1,0,0
11237,3.316,58.00,193.00,1,0,0
11239,3.312,58.20,193.00,1,0,0
11241,3.312,58.20,193.00,1,0,0
11244,3.316,58.20,193.00,1,0,0
11246,3.316,57.90,192.00,1,0,0
11249,3.312,57.90,192.00,1,0,0
11251,3.304,57.90,188.00,1,0,0
11254,3.256,130.00,431.00,1,0,0
11256,3.312,58.20,193.00,1,0,0
11259,3.312,58.20,193.00,1,0,0
11261,3.312,58.10,192.00,1,0,0
11274,3.272,153.70,218.00,1,0,0
11276,3.312,58.10,192.00,1,0,0
11279,3.312,57.90,192.00,1,0,0
11281,3.312,57.90,192.00,1,0,0
11284,3.312,57.80,192.00,1,0,0
11286,3.312,58.10,192.00,1,0,0
11289,3.312,58.20,221.00,1,0,0
11291,3.296,58.40,193.00,1,0,0
11294,3.268,115.60,378.00,1,0,0
11296,3.312,57.80,192.00,1,0,0
11299,3.316,57.90,192.00,1,0,0
11301,3.312,57.90,192.00,1,0,0
11304,3.316,58.20,193.00,1,0,0
11306,3.312,58.20,193.00,1,0,0
11319,3.312,57.90,193.00,1,0,0
11321,3.312,58.20,193.00,1,0,0
11324,3.312,58.20,193.00,1,0,0
11326,3.312,58.20,192.00,1,0,0
11329,3.312,57.80,192.00,1,0,0
11331,3.300,57.80,192.00,1,0,0
11334,3.260,118.70,485.00,1,0,0
11336,3.308,58.20,193.00,1,0,0
11338,3.312,58.20,193.00,1,0,0
11341,3.312,58.20,193.00,1,0,0
11343,3.312,57.90,192.00,1,0,0
11346,3.312,57.90,192.00,1,0,0
11348,3.312,57.90,192.00,1,0,0
11351,3.300,58.40,193.00,1,0,0
11363,3.312,58.00,192.00,1,0,0
11366,3.312,57.90,192.00,1,0,0
11368,3.312,58.20,193.00,1,0,0
11371,3.296,73.30,193.00,1,0,0
11373,3.312,125.90,410.00,1,0,0
11376,3.312,58.20,193.00,1,0,0
11378,3.312,57.90,192.00,1,0,0
11381,3.316,57.90,192.00,1,0,0
11383,3.312,57.90,192.00,1,0,0
11386,3.312,58.10,193.00,1,0,0
11388,3.312,58.20,193.00,1,0,0
11391,3.296,63.70,211.00,1,0,0
11393,3.312,150.90,393.00,1,0,0
11396,3.284,57.90,192.00,1,0,0
11408,3.312,57.90,192.00,1,0,0
11411,3.296,57.90,192.00,1,0,0
11413,3.276,118.00,519.00,1,0,0
11416,3.308,57.90,192.00,1,0,0
11418,3.312,58.20,193.00,1,0,0
11421,3.316,58.20,193.00,1,0,0
11423,3.316,58.20,193.00,1,0,0
11426,3.312,57.90,192.00,1,0,0
11428,3.312,57.90,192.00,1,0,0
11431,3.304,77.60,192.00,1,0,0
11433,3.316,147.60,483.00,1,0,0
11435,3.312,58.20,193.00,1,0,0
11438,3.312,58.30,193.00,1,0,0
11440,3.316,58.20,193.00,1,0,0
11453,3.312,149.00,485.00,1,0,0
11456,3.312,58.10,192.00,1,0,0
11458,3.312,58.00,192.00,1,0,0
11460,3.312,57.90,192.00,1,0,0
11463,3.312,57.90,192.00,1,0,0
11465,3.312,57.90,193.00,1,0,0
11468,3.316,58.20,193.00,1,0,0
11470,3.316,68.80,228.00,1,0,0
11473,3.316,154.10,503.00,1,0,0
11475,3.268,59.40,192.00,1,0,0
11478,3.312,57.90,192.00,1,0,0
11480,3.312,57.90,192.00,1,0,0
11483,3.312,58.20,193.00,1,0,0
11485,3.316,58.20,193.00,1,0,0
11498,3.316,58.00,192.00,1,0,0
11500,3.312,58.20,193.00,1,0,0
11503,3.312,58.20,193.00,1,0,0
11505,3.312,58.20,193.00,1,0,0
11508,3.312,57.90,192.00,1,0,0
11510,3.308,77.80,192.00,1,0,0
11513,3.312,118.80,390.00,1,0,0
11515,3.308,58.20,193.00,1,0,0
11518,3.316,58.20,193.00,1,0,0
11520,3.312,58.10,193.00,1,0,0
11523,3.312,58.20,193.00,1,0,0
11525,3.316,57.90,192.00,1,0,0
11528,3.312,57.80,192.00,1,0,0
11530,3.316,78.40,259.00,1,0,0
11543,3.316,57.90,192.00,1,0,0
11545,3.312,57.90,192.00,1,0,0
11548,3.312,58.10,193.00,1,0,0
11550,3.312,72.40,239.00,1,0,0
11553,3.312,135.10,442.00,1,0,0
11555,3.252,63.50,192.00,1,0,0
11557,3.312,57.90,192.00,1,0,0
11560,3.312,57.90,192.00,1,0,0
11562,3.316,57.90,192.00,1,0,0
11565,3.312,58.20,193.00,1,0,0
11567,3.312,58.10,193.00,1,0,0
11570,3.312,72.00,213.00,1,0,0
11572,3.312,152.60,496.00,1,0,0
11575,3.284,58.00,192.00,1,0,0
11587,3.316,58.20,193.00,1,0,0
11590,3.312,77.80,257.00,1,0,0
11592,3.312,57.90,387.00,1,0,0
11595,3.268,57.90,192.00,1,0,0
11597,3.316,58.20,193.00,1,0,0
11600,3.312,58.30,193.00,1,0,0
11602,3.312,58.20,193.00,1,0,0
11605,3.312,58.00,192.00,1,0,0
11607,3.316,57.90,192.00,1,0,0
11610,3.316,77.30,256.00,1,0,0
11612,3.312,57.90,188.00,1,0,0
11615,3.276,118.90,193.00,1,0,0
11617,3.316,58.30,193.00,1,0,0
11624,3.312,57.90,192.00,1,0,0
11627,3.316,57.90,192.00,1,0,0
11629,3.312,58.60,193.00,1,0,0
11632,3.312,58.60,346.00,1,0,0
11634,3.276,65.40,216.00,1,0,0
11637,3.312,58.20,193.00,1,0,0
11639,3.312,57.90,192.00,1,0,0
11642,3.316,57.90,192.00,1,0,0
11654,3.268,115.60,195.00,1,0,0
11657,3.316,57.90,192.00,1,0,0
11659,3.312,57.90,192.00,1,0,0
11662,3.312,57.90,193.00,1,0,0
11664,3.316,58.20,193.00,1,0,0
11667,3.312,58.20,193.00,1,0,0
11669,3.312,58.30,254.00,1,0,0
11672,3.296,57.90,192.00,1,0,0
11674,3.252,140.60,464.00,1,0,0
11676,3.312,57.90,192.00,1,0,0
11679,3.312,58.20,193.00,1,0,0
11681,3.312,58.20,193.00,1,0,0
11684,3.312,58.20,193.00,1,0,0
11686,3.312,57.90,192.00,1,0,0
11699,3.316,58.20,193.00,1,0,0
11701,3.312,58.20,193.00,1,0,0
11704,3.312,57.90,192.00,1,0,0
11706,3.312,57.90,192.00,1,0,0
11709,3.312,57.90,192.00,1,0,0
11711,3.312,58.40,193.00,1,0,0
11714,3.264,159.20,526.00,1,0,0
11716,3.308,58.20,193.00,1,0,0
11719,3.316,58.20,193.00,1,0,0
11721,3.316,57.90,192.00,1,0,0
11724,3.312,57.90,192.00,1,0,0
11726,3.312,58.00,192.00,1,0,0
11729,3.312,58.20,210.00,1,0,0
11731,3.296,58.40,193.00,1,0,0
11744,3.312,58.20,193.00,1,0,0
11746,3.312,58.20,193.00,1,0,0
11749,3.312,58.20,239.00,1,0,0
11751,3.296,58.40,193.00,1,0,0
11754,3.312,123.70,406.00,1,0,0
11756,3.316,57.90,192.00,1,0,0
11759,3.312,57.90,192.00,1,0,0
11761,3.312,58.30,193.00,1,0,0
11764,3.316,58.30,193.00,1,0,0
11766,3.312,58.20,193.00,1,0,0
11769,3.312,57.80,192.00,1,0,0
11771,3.296,57.90,192.00,1,0,0
11773,3.276,118.30,519.00,1,0,0
11776,3.308,58.10,193.00,1,0,0
11789,3.316,57.80,192.00,1,0,0
11791,3.304,57.90,192.00,1,0,0
11794,3.252,136.40,423.00,1,0,0
11796,3.312,58.20,193.00,1,0,0
11798,3.316,58.10,192.00,1,0,0
11801,3.316,58.20,192.00,1,0,0
11803,3.316,57.90,192.00,1,0,0
11806,3.312,57.90,192.00,1,0,0
11808,3.316,57.90,192.00,1,0,0
11811,3.296,77.30,193.00,1,0,0
11813,3.312,145.20,472.00,1,0,0
11816,3.312,58.20,193.00,1,0,0
11818,3.316,57.90,192.00,1,0,0
11821,3.312,57.90,192.00,1,0,0
11833,3.316,115.40,377.00,1,0,0
11836,3.312,57.90,192.00,1,0,0
11838,3.312,57.90,192.00,1,0,0
11841,3.312,57.90,192.00,1,0,0
11843,3.312,58.20,193.00,1,0,0
11846,3.316,58.20,193.00,1,0,0
11848,3.312,58.20,193.00,1,0,0
11851,3.296,58.90,195.00,1,0,0
11853,3.292,123.00,508.00,1,0,0
11856,3.304,57.90,192.00,1,0,0
11858,3.316,58.20,193.00,1,0,0
11861,3.312,58.30,193.00,1,0,0
11863,3.316,58.20,193.00,1,0,0
11866,3.316,58.20,193.00,1,0,0
11878,3.312,58.20,193.00,1,0,0
11881,3.312,58.20,193.00,1,0,0
11883,3.312,58.00,192.00,1,0,0
11886,3.316,57.90,192.00,1,0,0
11888,3.312,57.90,192.00,1,0,0
11891,3.296,78.20,193.00,1,0,0
11893,3.312,158.70,518.00,1,0,0
11895,3.312,58.20,193.00,1,0,0
11898,3.312,58.10,193.00,1,0,0
11900,3.312,57.80,192.00,1,0,0
11903,3.312,57.90,192.00,1,0,0
11905,3.312,57.90,192.00,1,0,0
11908,3.312,58.20,193.00,1,0,0
11910,3.296,71.70,238.00,1,0,0
11923,3.316,57.90,192.00,1,0,0
11925,3.316,58.20,193.00,1,0,0
11928,3.312,58.20,193.00,1,0,0
11930,3.312,63.00,210.00,1,0,0
11933,3.308,146.90,477.00,1,0,0
11935,3.288,58.00,192.00,1,0,0
11938,3.316,57.90,192.00,1,0,0
11940,3.316,58.20,193.00,1,0,0
11943,3.316,58.20,193.00,1,0,0
11945,3.316,58.30,193.00,1,0,0
11948,3.312,58.20,193.00,1,0,0
11950,3.312,77.80,192.00,1,0,0
11953,3.312,118.10,387.00,1,0,0
11955,3.268,59.90,198.00,1,0,0
11968,3.312,57.80,192.00,1,0,0
11970,3.300,78.00,257.00,1,0,0
11973,3.312,58.00,478.00,1,0,0
11975,3.276,58.30,193.00,1,0,0
11978,3.312,58.20,193.00,1,0,0
11980,3.312,58.20,192.00,1,0,0
11983,3.312,57.90,192.00,1,0,0
11985,3.312,58.00,192.00,1,0,0
11988,3.316,58.00,192.00,1,0,0
11990,3.316,76.70,254.00,1,0,0
11993,3.312,109.50,359.00,1,0,0
11995,3.252,65.50,193.00,1,0,0
11997,3.316,57.90,192.00,1,0,0
12000,3.316,57.90,192.00,1,0,0
12013,3.316,154.30,503.00,1,0,0
12015,3.272,58.50,192.00,1,0,0
12018,3.316,57.90,192.00,1,0,0
12020,3.312,57.90,192.00,1,0,0
12022,3.316,58.20,193.00,1,0,0
12025,3.312,58.20,193.00,1,0,0
12027,3.312,58.20,193.00,1,0,0
12030,3.312,77.50,256.00,1,0,0
12032,3.316,57.90,385.00,1,0,0
12035,3.256,58.00,192.00,1,0,0
12037,3.312,57.90,192.00,1,0,0
12040,3.312,58.30,193.00,1,0,0
12042,3.316,58.20,193.00,1,0,0
12045,3.312,58.20,193.00,1,0,0
12057,3.316,58.20,193.00,1,0,0
12060,3.316,58.20,193.00,1,0,0
12062,3.312,58.00,192.00,1,0,0
12065,3.312,57.90,192.00,1,0,0
12067,3.312,57.90,192.00,1,0,0
12070,3.312,78.10,259.00,1,0,0
12072,3.312,81.90,267.00,1,0,0
12075,3.260,76.80,193.00,1,0,0
12077,3.316,58.10,192.00,1,0,0
12080,3.312,57.90,192.00,1,0,0
12082,3.312,57.90,192.00,1,0,0
12085,3.316,58.00,192.00,1,0,0
12087,3.316,58.00,192.00,1,0,0
12090,3.312,58.00,192.00,1,0,0
12102,3.316,57.90,192.00,1,0,0
12105,3.312,58.10,193.00,1,0,0
12107,3.316,58.30,193.00,1,0,0
12110,3.312,58.20,193.00,1,0,0
12112,3.296,60.70,190.00,1,0,0
12115,3.300,141.40,465.00,1,0,0
12117,3.312,57.90,192.00,1,0,0
12119,3.312,57.90,193.00,1,0,0
12122,3.316,58.20,193.00,1,0,0
12124,3.316,58.20,193.00,1,0,0
12127,3.312,58.20,193.00,1,0,0
12129,3.316,57.90,192.00,1,0,0
12132,3.308,57.90,192.00,1,0,0
12134,3.264,118.50,388.00,1,0,0
12147,3.312,58.00,192.00,1,0,0
12149,3.316,57.80,192.00,1,0,0
12152,3.300,58.10,192.00,1,0,0
12154,3.260,160.10,523.00,1,0,0
12157,3.312,58.20,193.00,1,0,0
12159,3.316,58.20,193.00,1,0,0
12162,3.316,57.90,192.00,1,0,0
12164,3.316,57.90,192.00,1,0,0
12167,3.316,57.80,192.00,1,0,0
12169,3.312,58.20,193.00,1,0,0
12172,3.296,74.20,193.00,1,0,0
12174,3.312,130.40,424.00,1,0,0
12177,3.312,58.20,193.00,1,0,0
12179,3.312,57.90,192.00,1,0,0
12192,3.296,64.00,211.00,1,0,0
12194,3.316,152.40,275.00,1,0,0
12197,3.248,57.90,192.00,1,0,0
12199,3.312,57.90,192.00,1,0,0
12202,3.312,58.00,193.00,1,0,0
12204,3.312,58.20,193.00,1,0,0
12207,3.316,58.30,193.00,1,0,0
12209,3.316,58.20,192.00,1,0,0
12212,3.312,58.10,193.00,1,0,0
12214,3.288,118.20,385.00,1,0,0
12216,3.304,57.90,192.00,1,0,0
12219,3.312,58.20,193.00,1,0,0
12221,3.312,58.20,193.00,1,0,0
12224,3.312,58.20,193.00,1,0,0
12237,3.312,58.40,193.00,1,0,0
12239,3.312,58.20,193.00,1,0,0
12241,3.316,58.20,193.00,1,0,0
12244,3.312,57.90,192.00,1,0,0
12246,3.312,57.80,192.00,1,0,0
12249,3.312,57.90,192.00,1,0,0
12251,3.296,77.90,257.00,1,0,0
12254,3.316,98.30,492.00,1,0,0
12256,3.252,58.20,193.00,1,0,0
12259,3.312,58.10,192.00,1,0,0
12261,3.312,57.90,192.00,1,0,0
12264,3.312,57.90,192.00,1,0,0
12266,3.312,57.90,192.00,1,0,0
12269,3.316,58.20,193.00,1,0,0
12281,3.312,57.90,192.00,1,0,0
12284,3.316,58.20,193.00,1,0,0
12286,3.312,58.20,193.00,1,0,0
12289,3.312,58.10,193.00,1,0,0
12291,3.312,75.90,205.00,1,0,0
12294,3.312,139.10,452.00,1,0,0
12296,3.296,58.00,192.00,1,0,0
12299,3.312,57.80,192.00,1,0,0
12301,3.316,58.20,193.00,1,0,0
12304,3.312,58.20,193.00,1,0,0
12306,3.316,58.20,193.00,1,0,0
12309,3.316,57.90,192.00,1,0,0
12311,3.308,77.70,257.00,1,0,0
12313,3.312,57.90,388.00,1,0,0
12326,3.316,57.90,192.00,1,0,0
12329,3.312,57.90,192.00,1,0,0
12331,3.300,78.50,261.00,1,0,0
12334,3.312,70.10,523.00,1,0,0
12336,3.268,58.20,193.00,1,0,0
12338,3.312,58.20,193.00,1,0,0
12341,3.316,58.00,192.00,1,0,0
12343,3.312,57.90,192.00,1,0,0
12346,3.312,57.90,192.00,1,0,0
12348,3.312,57.80,192.00,1,0,0
12351,3.312,62.40,242.00,1,0,0
12353,3.312,131.90,433.00,1,0,0
12356,3.256,64.40,213.00,1,0,0
12358,3.316,57.90,192.00,1,0,0
12371,3.316,71.60,213.00,1,0,0
12373,3.312,152.80,496.00,1,0,0
12376,3.284,58.00,192.00,1,0,0
12378,3.312,57.90,192.00,1,0,0
12381,3.312,58.10,192.00,1,0,0
12383,3.312,58.20,193.00,1,0,0
12386,3.312,58.20,193.00,1,0,0
12388,3.312,58.20,193.00,1,0,0
12391,3.312,77.70,256.00,1,0,0
12393,3.312,57.90,385.00,1,0,0
12396,3.264,57.90,192.00,1,0,0
12398,3.312,58.20,193.00,1,0,0
12401,3.312,58.20,193.00,1,0,0
12403,3.312,58.20,192.00,1,0,0
12416,3.276,119.30,193.00,1,0,0
12418,3.316,58.20,193.00,1,0,0
12421,3.312,58.20,193.00,1,0,0
12423,3.312,58.00,192.00,1,0,0
12426,3.312,57.90,192.00,1,0,0
12428,3.312,57.80,192.00,1,0,0
12431,3.316,58.10,257.00,1,0,0
12433,3.316,96.50,316.00,1,0,0
12435,3.252,66.20,220.00,1,0,0
12438,3.312,58.20,192.00,1,0,0
12440,3.312,57.90,192.00,1,0,0
12443,3.312,58.00,192.00,1,0,0
12445,3.312,57.90,192.00,1,0,0
12448,3.316,58.30,193.00,1,0,0
12461,3.312,57.90,192.00,1,0,0
12463,3.316,58.10,192.00,1,0,0
12465,3.312,58.20,193.00,1,0,0
12468,3.312,58.20,193.00,1,0,0
12470,3.312,76.30,251.00,1,0,0
12473,3.316,57.90,190.00,1,0,0
12475,3.252,150.00,192.00,1,0,0
12478,3.312,57.90,192.00,1,0,0
12480,3.312,58.30,193.00,1,0,0
12483,3.312,58.30,193.00,1,0,0
12485,3.312,58.20,193.00,1,0,0
12488,3.312,58.00,192.00,1,0,0
12490,3.312,57.90,257.00,1,0,0
12493,3.300,57.90,188.00,1,0,0
12505,3.312,57.90,192.00,1,0,0
12508,3.312,57.90,192.00,1,0,0
12510,3.312,57.80,190.00,1,0,0
12513,3.312,58.40,239.00,1,0,0
12515,3.264,85.70,283.00,1,0,0
12518,3.312,58.20,193.00,1,0,0
12520,3.316,58.30,192.00,1,0,0
12523,3.312,57.90,192.00,1,0,0
12525,3.316,57.90,192.00,1,0,0
12528,3.312,57.90,192.00,1,0,0
12530,3.316,62.80,206.00,1,0,0
12533,3.312,58.40,193.00,1,0,0
12535,3.276,126.60,216.00,1,0,0
12537,3.316,57.90,192.00,1,0,0
12550,3.316,71.90,236.00,1,0,0
12553,3.312,58.60,193.00,1,0,0
12555,3.248,120.40,192.00,1,0,0
12558,3.312,57.90,192.00,1,0,0
12560,3.312,57.90,192.00,1,0,0
12562,3.312,58.20,193.00,1,0,0
12565,3.312,58.30,193.00,1,0,0
12567,3.312,58.20,193.00,1,0,0
12570,3.312,57.90,192.00,1,0,0
12572,3.296,57.90,190.00,1,0,0
12575,3.280,157.10,519.00,1,0,0
12577,3.312,57.90,192.00,1,0,0
12580,3.312,58.30,192.00,1,0,0
12582,3.312,58.20,193.00,1,0,0
12595,3.252,113.60,377.00,1,0,0
12597,3.312,58.20,193.00,1,0,0
12600,3.312,58.30,193.00,1,0,0
12602,3.312,57.90,192.00,1,0,0
12605,3.312,57.90,192.00,1,0,0
12607,3.312,57.90,192.00,1,0,0
12610,3.312,58.50,193.00,1,0,0
12612,3.296,58.50,193.00,1,0,0
12615,3.276,149.70,218.00,1,0,0
12617,3.316,58.20,193.00,1,0,0
12620,3.316,57.90,192.00,1,0,0
12622,3.312,57.80,192.00,1,0,0
12625,3.312,57.90,192.00,1,0,0
12627,3.312,58.20,193.00,1,0,0
12640,3.312,58.00,192.00,1,0,0
12642,3.316,57.90,192.00,1,0,0
12645,3.316,58.20,193.00,1,0,0
12647,3.312,58.30,193.00,1,0,0
12650,3.312,58.20,193.00,1,0,0
12652,3.296,61.10,192.00,1,0,0
12655,3.300,138.60,457.00,1,0,0
12657,3.312,57.90,192.00,1,0,0
12659,3.316,58.10,193.00,1,0,0
12662,3.312,58.20,193.00,1,0,0
12664,3.312,58.20,193.00,1,0,0
12667,3.312,58.20,193.00,1,0,0
12669,3.316,57.90,192.00,1,0,0
12672,3.304,57.90,192.00,1,0,0
12684,3.312,57.90,192.00,1,0,0
12687,3.312,57.80,192.00,1,0,0
12689,3.312,59.70,192.00,1,0,0
12692,3.300,58.40,193.00,1,0,0
12694,3.264,160.40,524.00,1,0,0
12697,3.316,58.30,193.00,1,0,0
12699,3.316,58.20,193.00,1,0,0
12702,3.312,57.90,192.00,1,0,0
12704,3.316,58.00,192.00,1,0,0
12707,3.312,57.90,192.00,1,0,0
12709,3.312,58.20,193.00,1,0,0
12712,3.296,72.90,193.00,1,0,0
12714,3.312,124.80,406.00,1,0,0
12717,3.312,58.00,192.00,1,0,0
12729,3.316,58.20,193.00,1,0,0
12732,3.296,63.30,210.00,1,0,0
12734,3.312,149.70,398.00,1,0,0
12737,3.284,57.90,192.00,1,0,0
12739,3.316,58.00,192.00,1,0,0
12742,3.316,58.20,193.00,1,0,0
12744,3.312,58.20,193.00,1,0,0
12747,3.312,58.20,193.00,1,0,0
12749,3.316,58.20,192.00,1,0,0
12752,3.312,57.90,192.00,1,0,0
12754,3.276,118.00,385.00,1,0,0
12756,3.280,61.30,192.00,1,0,0
12759,3.312,58.20,193.00,1,0,0
12761,3.312,58.20,193.00,1,0,0
12774,3.312,141.50,464.00,1,0,0
12777,3.312,58.40,193.00,1,0,0
12779,3.312,58.20,193.00,1,0,0
12781,3.312,58.20,193.00,1,0,0
12784,3.312,57.90,192.00,1,0,0
12786,3.316,58.00,192.00,1,0,0
12789,3.316,57.90,192.00,1,0,0
12791,3.296,77.10,256.00,1,0,0
12794,3.312,100.80,485.00,1,0,0
12796,3.252,58.40,193.00,1,0,0
12799,3.312,58.00,192.00,1,0,0
12801,3.312,57.90,192.00,1,0,0
12804,3.312,57.90,192.00,1,0,0
12806,3.312,58.00,192.00,1,0,0
12819,3.312,57.90,192.00,1,0,0
12821,3.312,57.90,192.00,1,0,0
12824,3.316,58.20,193.00,1,0,0
12826,3.312,58.10,192.00,1,0,0
12829,3.312,58.20,193.00,1,0,0
12831,3.312,77.00,197.00,1,0,0
12834,3.312,125.20,408.00,1,0,0
12836,3.300,57.90,192.00,1,0,0
12839,3.312,57.90,193.00,1,0,0
12841,3.316,58.30,193.00,1,0,0
12844,3.316,58.20,193.00,1,0,0
12846,3.312,58.20,193.00,1,0,0
12849,3.316,57.90,192.00,1,0,0
12851,3.304,78.00,257.00,1,0,0
12864,3.316,58.00,192.00,1,0,0
12866,3.312,57.80,192.00,1,0,0
12869,3.312,57.90,192.00,1,0,0
12871,3.300,77.90,257.00,1,0,0
12874,3.316,73.70,519.00,1,0,0
12876,3.264,58.40,193.00,1,0,0
12878,3.312,58.20,193.00,1,0,0
12881,3.316,58.00,192.00,1,0,0
12883,3.312,57.90,192.00,1,0,0
12886,3.312,57.90,192.00,1,0,0
12888,3.312,58.00,192.00,1,0,0
12891,3.316,63.50,241.00,1,0,0
12893,3.312,135.10,442.00,1,0,0
12896,3.256,63.90,211.00,1,0,0
12908,3.312,58.20,193.00,1,0,0
12911,3.312,72.30,229.00,1,0,0
12913,3.312,149.00,483.00,1,0,0
12916,3.284,58.00,192.00,1,0,0
12918,3.312,58.00,192.00,1,0,0
12921,3.312,58.20,193.00,1,0,0
12923,3.312,58.20,193.00,1,0,0
12926,3.312,58.30,193.00,1,0,0
12928,3.312,58.20,193.00,1,0,0
12931,3.312,78.00,257.00,1,0,0
12933,3.312,57.90,401.00,1,0,0
12936,3.252,58.00,192.00,1,0,0
12938,3.316,58.20,193.00,1,0,0
12941,3.316,58.20,193.00,1,0,0
12953,3.312,58.00,188.00,1,0,0
12956,3.276,116.00,193.00,1,0,0
12958,3.312,58.10,193.00,1,0,0
12961,3.312,58.20,193.00,1,0,0
12963,3.312,57.90,192.00,1,0,0
12966,3.312,57.90,192.00,1,0,0
12968,3.312,57.90,192.00,1,0,0
12971,3.312,59.00,256.00,1,0,0
12973,3.312,102.00,334.00,1,0,0
12976,3.252,65.70,218.00,1,0,0
12978,3.312,58.20,192.00,1,0,0
12980,3.312,57.90,192.00,1,0,0
12983,3.316,58.00,192.00,1,0,0
12985,3.316,57.90,192.00,1,0,0
12998,3.312,57.90,192.00,1,0,0
13001,3.312,57.90,192.00,1,0,0
13003,3.316,58.20,193.00,1,0,0
13005,3.312,58.10,193.00,1,0,0
13008,3.312,58.20,193.00,1,0,0
13010,3.316,77.30,256.00,1,0,0
13013,3.312,57.90,190.00,1,0,0
13015,3.252,145.90,192.00,1,0,0
13018,3.316,57.90,192.00,1,0,0
13020,3.312,58.20,193.00,1,0,0
13023,3.316,58.30,193.00,1,0,0
13025,3.312,58.20,193.00,1,0,0
13028,3.312,58.00,192.00,1,0,0
13030,3.312,57.90,257.00,1,0,0
13043,3.312,58.20,193.00,1,0,0
13045,3.312,58.00,192.00,1,0,0
13048,3.316,57.90,192.00,1,0,0
13050,3.312,57.80,190.00,1,0,0
13053,3.312,58.40,249.00,1,0,0
13055,3.264,82.90,275.00,1,0,0
13058,3.312,58.20,193.00,1,0,0
13060,3.312,58.10,192.00,1,0,0
13063,3.312,57.90,192.00,1,0,0
13065,3.312,57.90,192.00,1,0,0
13068,3.312,57.90,193.00,1,0,0
13070,3.312,63.80,210.00,1,0,0
13073,3.312,58.60,195.00,1,0,0
13075,3.276,116.50,210.00,1,0,0
13088,3.316,58.20,193.00,1,0,0
13090,3.316,72.80,241.00,1,0,0
13093,3.300,58.10,192.00,1,0,0
13095,3.256,115.50,378.00,1,0,0
13098,3.312,57.90,192.00,1,0,0
13100,3.312,57.90,192.00,1,0,0
13102,3.316,58.20,193.00,1,0,0
13105,3.316,58.20,192.00,1,0,0
13107,3.312,58.20,193.00,1,0,0
13110,3.312,58.00,192.00,1,0,0
13112,3.300,57.80,190.00,1,0,0
13115,3.272,156.90,519.00,1,0,0
13117,3.312,58.10,192.00,1,0,0
13120,3.316,58.20,193.00,1,0,0
13132,3.304,57.90,188.00,1,0,0
13135,3.256,122.10,405.00,1,0,0
13137,3.316,58.20,193.00,1,0,0
13140,3.312,58.20,193.00,1,0,0
13142,3.316,58.00,192.00,1,0,0
13145,3.312,57.90,192.00,1,0,0
13147,3.312,57.90,192.00,1,0,0
13150,3.312,59.30,195.00,1,0,0
13152,3.296,58.50,193.00,1,0,0
13155,3.276,146.00,478.00,1,0,0
13157,3.308,58.50,193.00,1,0,0
13160,3.316,57.90,192.00,1,0,0
13162,3.316,57.90,192.00,1,0,0
13165,3.316,57.90,192.00,1,0,0
13177,3.312,58.00,192.00,1,0,0
13180,3.312,57.90,192.00,1,0,0
13182,3.312,57.90,192.00,1,0,0
13185,3.312,58.20,193.00,1,0,0
13187,3.312,58.20,193.00,1,0,0
13190,3.312,58.20,193.00,1,0,0
13192,3.296,58.20,190.00,1,0,0
13195,3.292,157.20,519.00,1,0,0
13197,3.312,57.90,192.00,1,0,0
13199,3.312,58.20,193.00,1,0,0
13202,3.316,58.30,193.00,1,0,0
13204,3.312,58.20,193.00,1,0,0
13207,3.316,58.30,193.00,1,0,0
13209,3.312,57.90,192.00,1,0,0
13222,3.316,58.20,193.00,1,0,0
13224,3.312,57.90,192.00,1,0,0
13227,3.312,57.90,192.00,1,0,0
13229,3.312,57.90,190.00,1,0,0
13232,3.296,58.50,193.00,1,0,0
13234,3.264,159.40,521.00,1,0,0
13237,3.316,58.40,192.00,1,0,0
13239,3.312,58.10,192.00,1,0,0
13242,3.312,58.00,192.00,1,0,0
13244,3.312,57.80,192.00,1,0,0
13247,3.316,57.80,192.00,1,0,0
13249,3.312,58.20,193.00,1,0,0
13252,3.296,72.00,193.00,1,0,0
13254,3.312,117.70,383.00,1,0,0
13267,3.316,58.20,193.00,1,0,0
13269,3.312,58.20,193.00,1,0,0
13272,3.296,62.70,208.00,1,0,0
13274,3.312,146.60,411.00,1,0,0
13277,3.288,57.90,192.00,1,0,0
13279,3.316,57.90,192.00,1,0,0
13282,3.312,58.20,193.00,1,0,0
13284,3.312,58.20,193.00,1,0,0
13287,3.312,58.30,193.00,1,0,0
13289,3.312,58.20,192.00,1,0,0
13292,3.312,58.00,192.00,1,0,0
13294,3.272,117.40,383.00,1,0,0
13296,3.308,58.00,193.00,1,0,0
13299,3.316,58.30,193.00,1,0,0
13312,3.300,77.60,192.00,1,0,0
13314,3.312,153.50,503.00,1,0,0
13317,3.312,58.30,193.00,1,0,0
13319,3.312,58.20,193.00,1,0,0
13321,3.312,58.10,192.00,1,0,0
13324,3.312,57.90,192.00,1,0,0
13326,3.312,57.90,192.00,1,0,0
13329,3.312,57.80,192.00,1,0,0
13331,3.296,76.30,252.00,1,0,0
13334,3.312,110.50,459.00,1,0,0
13336,3.252,58.20,193.00,1,0,0
13339,3.312,58.00,192.00,1,0,0
13341,3.316,58.00,192.00,1,0,0
13344,3.312,57.90,192.00,1,0,0
13356,3.276,58.00,192.00,1,0,0
13359,3.316,57.90,192.00,1,0,0
13361,3.316,57.90,192.00,1,0,0
13364,3.312,58.10,193.00,1,0,0
13366,3.316,58.20,193.00,1,0,0
13369,3.312,58.10,192.00,1,0,0
13371,3.312,77.70,203.00,1,0,0
13374,3.312,136.00,442.00,1,0,0
13376,3.296,58.00,192.00,1,0,0
13379,3.316,57.90,193.00,1,0,0
13381,3.316,58.20,193.00,1,0,0
13384,3.316,58.20,193.00,1,0,0
13386,3.316,58.20,193.00,1,0,0
13389,3.316,57.90,192.00,1,0,0
13401,3.312,58.20,193.00,1,0,0
13404,3.312,58.00,192.00,1,0,0
13406,3.312,57.80,192.00,1,0,0
13409,3.312,57.90,192.00,1,0,0
13411,3.296,78.20,259.00,1,0,0
13414,3.316,79.10,518.00,1,0,0
13416,3.260,79.90,193.00,1,0,0
13418,3.316,58.20,193.00,1,0,0
13421,3.312,57.90,192.00,1,0,0
13423,3.312,58.00,192.00,1,0,0
13426,3.316,57.90,192.00,1,0,0
13428,3.312,58.10,193.00,1,0,0
13431,3.312,64.40,236.00,1,0,0
13433,3.316,143.70,470.00,1,0,0
13446,3.312,58.20,193.00,1,0,0
13448,3.312,58.20,193.00,1,0,0
13451,3.316,73.20,206.00,1,0,0
13453,3.316,144.50,470.00,1,0,0
13456,3.288,58.00,192.00,1,0,0
13458,3.316,57.90,192.00,1,0,0
13461,3.312,58.20,193.00,1,0,0
13463,3.316,58.20,193.00,1,0,0
13466,3.312,58.10,193.00,1,0,0
13468,3.316,58.10,193.00,1,0,0
13471,3.316,77.80,257.00,1,0,0
13473,3.312,57.90,190.00,1,0,0
13476,3.272,156.90,192.00,1,0,0
13478,3.312,58.30,193.00,1,0,0
13491,3.316,78.20,259.00,1,0,0
13493,3.316,58.10,188.00,1,0,0
13496,3.276,108.30,193.00,1,0,0
13498,3.316,58.30,193.00,1,0,0
13501,3.316,58.30,193.00,1,0,0
13503,3.316,57.90,192.00,1,0,0
13506,3.316,57.80,192.00,1,0,0
13508,3.316,57.80,192.00,1,0,0
13511,3.316,59.90,251.00,1,0,0
13513,3.312,114.00,374.00,1,0,0
13516,3.252,65.50,218.00,1,0,0
13518,3.312,58.20,192.00,1,0,0
13520,3.316,57.90,192.00,1,0,0
13523,3.312,57.90,192.00,1,0,0
13536,3.268,59.00,195.00,1,0,0
13538,3.312,57.90,192.00,1,0,0
13541,3.316,58.00,192.00,1,0,0
13543,3.316,58.20,193.00,1,0,0
13545,3.312,58.30,193.00,1,0,0
13548,3.316,58.20,193.00,1,0,0
13550,3.312,77.70,256.00,1,0,0
13553,3.312,57.90,190.00,1,0,0
13555,3.256,156.70,192.00,1,0,0
13558,3.316,57.90,192.00,1,0,0
13560,3.312,58.20,193.00,1,0,0
13563,3.312,58.20,193.00,1,0,0
13565,3.316,58.30,193.00,1,0,0
13568,3.312,58.00,192.00,1,0,0
13580,3.316,58.20,193.00,1,0,0
13583,3.316,58.20,193.00,1,0,0
13585,3.316,58.00,192.00,1,0,0
13588,3.316,57.90,192.00,1,0,0
13590,3.316,57.90,192.00,1,0,0
13593,3.312,58.60,269.00,1,0,0
13595,3.268,76.40,252.00,1,0,0
13598,3.316,58.30,193.00,1,0,0
13600,3.312,58.00,192.00,1,0,0
13603,3.316,57.90,192.00,1,0,0
13605,3.312,58.00,192.00,1,0,0
13608,3.312,57.90,193.00,1,0,0
13610,3.312,64.80,213.00,1,0,0
13613,3.316,58.40,193.00,1,0,0
13629,3.312,58.20,193.00,1,0,0
13632,3.296,61.30,203.00,1,0,0
13634,3.304,139.40,439.00,1,0,0
13637,3.296,57.90,192.00,1,0,0
13639,3.316,57.90,192.00,1,0,0
13642,3.316,58.10,193.00,1,0,0
13644,3.312,58.20,193.00,1,0,0
13647,3.316,58.20,193.00,1,0,0
13649,3.316,58.00,192.00,1,0,0
13651,3.312,57.90,192.00,1,0,0
13654,3.316,118.30,387.00,1,0,0
13656,3.308,58.00,192.00,1,0,0
13659,3.316,58.30,193.00,1,0,0
13661,3.312,58.20,193.00,1,0,0
13674,3.316,159.60,523.00,1,0,0
13676,3.316,58.20,193.00,1,0,0
13679,3.316,58.20,193.00,1,0,0
13681,3.312,58.00,192.00,1,0,0
13684,3.312,57.90,192.00,1,0,0
13686,3.312,57.90,192.00,1,0,0
13689,3.316,57.90,192.00,1,0,0
13691,3.296,76.40,254.00,1,0,0
13694,3.316,94.50,501.00,1,0,0
13696,3.252,58.30,193.00,1,0,0
13699,3.312,57.90,192.00,1,0,0
13701,3.312,57.90,192.00,1,0,0
13704,3.316,58.00,192.00,1,0,0
13706,3.316,58.20,193.00,1,0,0
13719,3.316,57.90,192.00,1,0,0
13721,3.312,57.90,192.00,1,0,0
13724,3.316,58.10,193.00,1,0,0
13726,3.312,58.20,193.00,1,0,0
13729,3.316,58.20,193.00,1,0,0
13731,3.312,77.80,193.00,1,0,0
13734,3.312,121.30,395.00,1,0,0
13736,3.308,58.00,192.00,1,0,0
13739,3.312,58.00,193.00,1,0,0
13741,3.316,58.20,193.00,1,0,0
13744,3.316,58.20,193.00,1,0,0
13746,3.316,58.30,193.00,1,0,0
13748,3.316,57.90,192.00,1,0,0
13751,3.304,77.80,257.00,1,0,0
13764,3.316,57.90,192.00,1,0,0
13766,3.316,57.90,192.00,1,0,0
13769,3.312,57.90,192.00,1,0,0
13771,3.312,77.20,256.00,1,0,0
13773,3.316,75.70,247.00,1,0,0
13776,3.264,83.50,193.00,1,0,0
13778,3.312,58.20,193.00,1,0,0
13781,3.316,57.90,192.00,1,0,0
13783,3.312,57.90,192.00,1,0,0
13786,3.316,57.90,192.00,1,0,0
13788,3.316,58.20,193.00,1,0,0
13791,3.316,65.20,234.00,1,0,0
13793,3.316,144.50,474.00,1,0,0
13796,3.260,62.00,205.00,1,0,0
13808,3.312,58.20,193.00,1,0,0
13811,3.316,73.80,203.00,1,0,0
13813,3.312,140.30,455.00,1,0,0
13816,3.252,58.00,192.00,1,0,0
13818,3.316,57.90,192.00,1,0,0
13821,3.316,58.00,193.00,1,0,0
13823,3.316,58.20,193.00,1,0,0
13826,3.316,58.30,193.00,1,0,0
13828,3.312,58.20,192.00,1,0,0
13831,3.316,77.80,257.00,1,0,0
13833,3.316,57.90,188.00,1,0,0
13836,3.276,155.00,192.00,1,0,0
13838,3.316,58.20,193.00,1,0,0
13841,3.312,58.20,193.00,1,0,0
13853,3.316,58.30,190.00,1,0,0
13856,3.288,133.40,193.00,1,0,0
13858,3.316,58.20,193.00,1,0,0
13861,3.312,58.20,193.00,1,0,0
13863,3.316,58.00,192.00,1,0,0
13866,3.316,57.90,192.00,1,0,0
13868,3.312,57.90,192.00,1,0,0
13870,3.312,60.50,200.00,1,0,0
13873,3.312,58.60,374.00,1,0,0
13875,3.276,65.40,216.00,1,0,0
13878,3.316,58.00,192.00,1,0,0
13880,3.316,58.00,192.00,1,0,0
13883,3.312,57.90,192.00,1,0,0
13885,3.312,57.90,192.00,1,0,0
13898,3.312,57.90,192.00,1,0,0
13900,3.312,57.90,192.00,1,0,0
13903,3.312,58.20,193.00,1,0,0
13905,3.312,58.20,193.00,1,0,0
13908,3.312,58.30,193.00,1,0,0
13910,3.316,77.60,256.00,1,0,0
13913,3.312,57.90,190.00,1,0,0
13915,3.256,157.80,192.00,1,0,0
13918,3.312,58.00,192.00,1,0,0
13920,3.312,58.30,193.00,1,0,0
13923,3.316,58.20,193.00,1,0,0
13925,3.312,58.20,193.00,1,0,0
13928,3.316,58.00,192.00,1,0,0
13930,3.312,57.90,192.00,1,0,0
13943,3.316,58.20,193.00,1,0,0
13945,3.312,57.90,192.00,1,0,0
13948,3.316,57.90,192.00,1,0,0
13950,3.316,58.00,192.00,1,0,0
13953,3.308,58.50,200.00,1,0,0
13955,3.256,98.30,326.00,1,0,0
13958,3.312,58.20,193.00,1,0,0
13960,3.316,58.00,192.00,1,0,0
13963,3.316,57.90,192.00,1,0,0
13965,3.316,57.90,192.00,1,0,0
13967,3.312,58.00,193.00,1,0,0
13970,3.312,65.60,216.00,1,0,0
13972,3.312,58.50,193.00,1,0,0
13975,3.276,115.60,205.00,1,0,0
13988,3.312,58.20,193.00,1,0,0
13990,3.316,58.20,244.00,1,0,0
13993,3.296,57.80,192.00,1,0,0
13995,3.248,137.30,452.00,1,0,0
13997,3.312,58.00,192.00,1,0,0
14000,3.316,58.20,193.00,1,0,0
14002,3.312,58.20,193.00,1,0,0
14005,3.312,58.20,193.00,1,0,0
14007,3.312,58.20,193.00,1,0,0
14010,3.312,57.90,192.00,1,0,0
14012,3.296,57.90,190.00,1,0,0
14015,3.272,157.10,519.00,1,0,0
14017,3.312,58.20,193.00,1,0,0
14020,3.312,58.30,193.00,1,0,0
14032,3.308,57.90,192.00,1,0,0
14035,3.256,160.50,339.00,1,0,0
14037,3.316,58.30,193.00,1,0,0
14040,3.312,58.20,193.00,1,0,0
14042,3.312,58.00,192.00,1,0,0
14045,3.312,58.00,192.00,1,0,0
14047,3.312,58.00,192.00,1,0,0
14050,3.312,58.10,202.00,1,0,0
14052,3.296,58.40,193.00,1,0,0
14055,3.276,147.70,480.00,1,0,0
14057,3.312,58.30,192.00,1,0,0
14060,3.312,57.90,192.00,1,0,0
14062,3.312,57.90,192.00,1,0,0
14064,3.312,57.90,192.00,1,0,0
14077,3.312,57.90,192.00,1,0,0
14080,3.316,57.90,192.00,1,0,0
14082,3.316,58.20,193.00,1,0,0
14085,3.312,58.30,193.00,1,0,0
14087,3.312,58.20,192.00,1,0,0
14090,3.312,58.00,192.00,1,0,0
14092,3.312,78.00,257.00,1,0,0
14094,3.316,57.80,385.00,1,0,0
14097,3.264,57.90,192.00,1,0,0
14099,3.312,58.30,193.00,1,0,0
14102,3.316,58.30,193.00,1,0,0
14104,3.312,58.20,193.00,1,0,0
14107,3.312,58.00,192.00,1,0,0
14109,3.316,57.80,192.00,1,0,0
14122,3.316,58.20,193.00,1,0,0
14124,3.316,58.00,192.00,1,0,0
14127,3.316,57.80,192.00,1,0,0
14129,3.312,57.90,192.00,1,0,0
14132,3.312,77.20,256.00,1,0,0
14134,3.312,105.40,346.00,1,0,0
14137,3.252,65.70,218.00,1,0,0
14139,3.312,58.20,192.00,1,0,0
14142,3.312,57.90,192.00,1,0,0
14144,3.312,57.90,192.00,1,0,0
14147,3.316,57.90,192.00,1,0,0
14149,3.312,58.20,193.00,1,0,0
14152,3.312,68.20,224.00,1,0,0
14154,3.316,58.60,503.00,1,0,0
14167,3.312,58.20,192.00,1,0,0
14169,3.312,58.20,193.00,1,0,0
14172,3.312,77.50,256.00,1,0,0
14174,3.312,58.00,400.00,1,0,0
14177,3.252,57.90,192.00,1,0,0
14179,3.312,57.90,192.00,1,0,0
14182,3.312,58.20,193.00,1,0,0
14184,3.312,58.20,193.00,1,0,0
14187,3.316,58.20,193.00,1,0,0
14189,3.312,58.00,192.00,1,0,0
14191,3.312,57.90,257.00,1,0,0
14194,3.300,57.90,188.00,1,0,0
14196,3.276,144.20,477.00,1,0,0
14199,3.316,58.20,193.00,1,0,0
14212,3.312,57.90,259.00,1,0,0
14214,3.312,77.10,252.00,1,0,0
14216,3.264,82.00,272.00,1,0,0
14219,3.316,58.20,193.00,1,0,0
14221,3.316,58.00,192.00,1,0,0
14224,3.312,57.80,192.00,1,0,0
14226,3.312,57.90,192.00,1,0,0
14229,3.312,58.10,192.00,1,0,0
14231,3.312,63.90,211.00,1,0,0
14234,3.312,58.60,460.00,1,0,0
14236,3.276,62.70,208.00,1,0,0
14239,3.312,57.80,192.00,1,0,0
14241,3.316,57.90,192.00,1,0,0
14244,3.312,58.00,192.00,1,0,0
14256,3.248,125.30,192.00,1,0,0
14259,3.312,58.00,192.00,1,0,0
14261,3.312,57.90,192.00,1,0,0
14264,3.312,58.20,193.00,1,0,0
14266,3.312,58.20,193.00,1,0,0
14269,3.312,58.20,193.00,1,0,0
14271,3.312,57.90,257.00,1,0,0
14274,3.296,57.90,190.00,1,0,0
14276,3.272,157.10,519.00,1,0,0
14279,3.312,58.20,193.00,1,0,0
14281,3.312,58.30,193.00,1,0,0
14284,3.312,58.20,193.00,1,0,0
14286,3.312,58.10,192.00,1,0,0
14288,3.312,57.90,192.00,1,0,0
14301,3.312,58.20,193.00,1,0,0
14304,3.312,57.90,192.00,1,0,0
14306,3.312,57.80,192.00,1,0,0
14309,3.316,57.90,192.00,1,0,0
14311,3.312,59.40,195.00,1,0,0
14313,3.312,58.50,193.00,1,0,0
14316,3.272,140.30,216.00,1,0,0
14318,3.312,58.20,193.00,1,0,0
14321,3.312,57.90,192.00,1,0,0
14323,3.312,57.90,192.00,1,0,0
14326,3.316,57.90,192.00,1,0,0
14328,3.312,58.10,193.00,1,0,0
14331,3.316,58.20,226.00,1,0,0
14333,3.296,58.40,193.00,1,0,0
14346,3.312,58.20,193.00,1,0,0
14348,3.316,58.20,193.00,1,0,0
14351,3.312,58.10,193.00,1,0,0
14353,3.296,58.20,190.00,1,0,0
14356,3.292,156.50,518.00,1,0,0
14358,3.312,57.90,192.00,1,0,0
14361,3.312,58.20,193.00,1,0,0
14363,3.312,58.20,193.00,1,0,0
14366,3.312,58.20,193.00,1,0,0
14368,3.312,58.20,192.00,1,0,0
14371,3.312,57.90,192.00,1,0,0
14373,3.304,57.90,192.00,1,0,0
14376,3.256,123.90,459.00,1,0,0
14378,3.312,58.20,193.00,1,0,0
14391,3.312,57.90,190.00,1,0,0
14393,3.312,58.50,193.00,1,0,0
14396,3.264,159.10,280.00,1,0,0
14398,3.316,58.20,193.00,1,0,0
14401,3.312,58.10,192.00,1,0,0
14403,3.312,57.80,192.00,1,0,0
14406,3.312,57.90,192.00,1,0,0
14408,3.312,57.90,192.00,1,0,0
14410,3.312,58.20,193.00,1,0,0
14413,3.296,71.70,193.00,1,0,0
14415,3.316,116.80,380.00,1,0,0
14418,3.312,58.00,192.00,1,0,0
14420,3.316,57.90,192.00,1,0,0
14423,3.312,58.00,192.00,1,0,0
14435,3.308,131.00,431.00,1,0,0
14438,3.312,58.00,192.00,1,0,0
14440,3.316,57.90,192.00,1,0,0
14443,3.316,58.20,193.00,1,0,0
14445,3.312,58.10,193.00,1,0,0
14448,3.312,58.20,193.00,1,0,0
14450,3.312,57.90,192.00,1,0,0
14453,3.300,57.90,192.00,1,0,0
14455,3.272,118.40,519.00,1,0,0
14458,3.308,58.20,193.00,1,0,0
14460,3.316,58.20,193.00,1,0,0
14463,3.312,58.20,193.00,1,0,0
14465,3.312,58.20,193.00,1,0,0
14468,3.312,57.90,192.00,1,0,0
14480,3.316,58.20,193.00,1,0,0
14483,3.312,58.00,192.00,1,0,0
14485,3.312,57.90,192.00,1,0,0
14488,3.312,57.90,192.00,1,0,0
14490,3.316,57.90,192.00,1,0,0
14493,3.296,76.50,193.00,1,0,0
14495,3.316,144.30,469.00,1,0,0
14498,3.312,58.30,193.00,1,0,0
14500,3.312,57.90,192.00,1,0,0
14503,3.312,57.90,192.00,1,0,0
14505,3.316,58.00,192.00,1,0,0
14507,3.312,58.10,193.00,1,0,0
14510,3.316,58.20,193.00,1,0,0
14512,3.312,67.40,223.00,1,0,0
14525,3.312,58.20,193.00,1,0,0
14528,3.316,58.20,193.00,1,0,0
14530,3.312,58.20,193.00,1,0,0
14533,3.312,58.20,193.00,1,0,0
14535,3.288,119.00,387.00,1,0,0
14537,3.304,58.00,192.00,1,0,0
14540,3.312,58.20,193.00,1,0,0
14542,3.316,58.30,193.00,1,0,0
14545,3.312,58.20,193.00,1,0,0
14547,3.312,58.20,193.00,1,0,0
14550,3.312,57.90,192.00,1,0,0
14552,3.304,77.40,192.00,1,0,0
14555,3.316,122.20,400.00,1,0,0
14557,3.312,58.40,193.00,1,0,0
14570,3.316,57.90,192.00,1,0,0
14572,3.296,78.10,259.00,1,0,0
14575,3.312,82.50,514.00,1,0,0
14577,3.260,58.20,193.00,1,0,0
14580,3.316,58.20,193.00,1,0,0
14582,3.316,57.90,192.00,1,0,0
14585,3.316,57.90,192.00,1,0,0
14587,3.312,57.90,192.00,1,0,0
14590,3.312,58.20,193.00,1,0,0
14592,3.312,70.80,234.00,1,0,0
14595,3.312,144.60,474.00,1,0,0
14597,3.264,116.40,192.00,1,0,0
14600,3.312,58.00,192.00,1,0,0
14602,3.312,57.90,192.00,1,0,0
14615,3.316,149.00,485.00,1,0,0
14617,3.284,58.00,192.00,1,0,0
14620,3.312,57.90,192.00,1,0,0
14622,3.312,58.30,193.00,1,0,0
14625,3.312,58.20,193.00,1,0,0
14627,3.316,58.10,193.00,1,0,0
14630,3.316,58.00,192.00,1,0,0
14632,3.308,77.80,257.00,1,0,0
14634,3.316,57.90,387.00,1,0,0
14637,3.268,58.00,192.00,1,0,0
14639,3.312,58.20,193.00,1,0,0
14642,3.316,58.20,193.00,1,0,0
14644,3.312,58.20,193.00,1,0,0
14647,3.312,57.90,192.00,1,0,0
14659,3.316,58.30,193.00,1,0,0
14662,3.316,58.20,192.00,1,0,0
14664,3.312,57.90,192.00,1,0,0
14667,3.316,57.90,192.00,1,0,0
14669,3.312,57.90,192.00,1,0,0
14672,3.312,60.30,251.00,1,0,0
14674,3.316,111.90,367.00,1,0,0
14677,3.252,65.50,218.00,1,0,0
14679,3.316,58.10,192.00,1,0,0
14682,3.312,57.90,192.00,1,0,0
14684,3.312,57.90,192.00,1,0,0
14687,3.312,57.90,193.00,1,0,0
14689,3.316,58.30,193.00,1,0,0
14692,3.312,69.60,229.00,1,0,0
14704,3.316,58.30,193.00,1,0,0
14707,3.316,58.20,193.00,1,0,0
14709,3.316,58.20,193.00,1,0,0
14712,3.316,77.60,256.00,1,0,0
14714,3.312,57.90,385.00,1,0,0
14717,3.260,58.00,192.00,1,0,0
14719,3.316,58.00,192.00,1,0,0
14722,3.316,58.20,193.00,1,0,0
14724,3.312,58.20,193.00,1,0,0
14727,3.312,58.20,193.00,1,0,0
14729,3.312,58.00,192.00,1,0,0
14731,3.312,57.90,257.00,1,0,0
14734,3.304,57.90,188.00,1,0,0
14736,3.276,132.20,437.00,1,0,0
14749,3.312,57.90,192.00,1,0,0
14752,3.316,57.90,256.00,1,0,0
14754,3.312,83.30,272.00,1,0,0
14756,3.260,75.40,251.00,1,0,0
14759,3.312,58.20,193.00,1,0,0
14761,3.316,58.00,192.00,1,0,0
14764,3.312,57.90,192.00,1,0,0
14766,3.312,57.90,192.00,1,0,0
14769,3.312,58.20,193.00,1,0,0
14771,3.312,65.30,215.00,1,0,0
14774,3.316,58.40,478.00,1,0,0
14776,3.276,61.90,205.00,1,0,0
14779,3.316,57.90,192.00,1,0,0
14781,3.316,57.90,192.00,1,0,0
14794,3.316,58.00,192.00,1,0,0
14796,3.248,132.00,192.00,1,0,0
14799,3.312,57.90,192.00,1,0,0
14801,3.316,58.10,192.00,1,0,0
14804,3.312,58.20,193.00,1,0,0
14806,3.312,58.20,193.00,1,0,0
14809,3.312,58.30,193.00,1,0,0
14811,3.316,57.90,257.00,1,0,0
14814,3.300,57.90,188.00,1,0,0
14816,3.276,156.10,516.00,1,0,0
14819,3.312,58.20,193.00,1,0,0
14821,3.316,58.20,193.00,1,0,0
14824,3.316,58.20,193.00,1,0,0
14826,3.312,58.10,192.00,1,0,0
14839,3.312,58.20,193.00,1,0,0
14841,3.312,58.30,193.00,1,0,0
14844,3.312,57.90,192.00,1,0,0
14846,3.312,57.90,192.00,1,0,0
14849,3.316,58.00,192.00,1,0,0
14851,3.316,60.70,200.00,1,0,0
14853,3.312,58.40,193.00,1,0,0
14856,3.276,137.70,216.00,1,0,0
14858,3.312,58.00,192.00,1,0,0
14861,3.312,57.90,192.00,1,0,0
14863,3.312,58.00,192.00,1,0,0
14866,3.312,57.90,192.00,1,0,0
14868,3.312,58.20,193.00,1,0,0
14871,3.312,58.20,231.00,1,0,0
14883,3.312,58.20,193.00,1,0,0
14886,3.312,58.20,193.00,1,0,0
14888,3.312,58.30,193.00,1,0,0
14891,3.312,58.30,193.00,1,0,0
14893,3.296,58.00,190.00,1,0,0
14896,3.288,157.90,521.00,1,0,0
14898,3.312,57.90,192.00,1,0,0
14901,3.312,58.20,193.00,1,0,0
14903,3.312,58.30,193.00,1,0,0
14906,3.312,58.30,193.00,1,0,0
14908,3.312,58.00,192.00,1,0,0
14911,3.316,57.80,192.00,1,0,0
14913,3.296,57.90,192.00,1,0,0
14916,3.256,130.70,437.00,1,0,0
14928,3.312,57.90,192.00,1,0,0
14931,3.312,57.90,190.00,1,0,0
14933,3.296,58.40,193.00,1,0,0
14936,3.260,161.20,528.00,1,0,0
14938,3.312,58.30,193.00,1,0,0
14941,3.312,57.90,192.00,1,0,0
14943,3.312,57.90,192.00,1,0,0
14946,3.312,57.90,192.00,1,0,0
14948,3.312,58.00,192.00,1,0,0
14950,3.312,58.20,193.00,1,0,0
14953,3.296,70.80,193.00,1,0,0
14955,3.316,115.50,377.00,1,0,0
14958,3.312,58.00,192.00,1,0,0
14960,3.312,57.90,192.00,1,0,0
14973,3.296,62.50,192.00,1,0,0
14975,3.308,127.60,419.00,1,0,0
14978,3.312,57.90,192.00,1,0,0
14980,3.312,57.90,193.00,1,0,0
14983,3.316,58.20,193.00,1,0,0
14985,3.312,58.20,193.00,1,0,0
14988,3.312,58.20,193.00,1,0,0
14990,3.312,58.00,192.00,1,0,0
14993,3.308,57.90,192.00,1,0,0
14995,3.272,118.30,387.00,1,0,0
14998,3.304,58.00,193.00,1,0,0
15000,3.312,58.20,193.00,1,0,0
15003,3.312,58.20,193.00,1,0,0
15005,3.312,58.20,192.00,1,0,0
15018,3.316,58.30,193.00,1,0,0
15020,3.312,58.20,193.00,1,0,0
15023,3.312,57.90,192.00,1,0,0
15025,3.312,57.90,192.00,1,0,0
15028,3.312,57.90,192.00,1,0,0
15030,3.312,58.20,193.00,1,0,0
15033,3.296,75.10,193.00,1,0,0
15035,3.312,148.40,483.00,1,0,0
15038,3.312,58.40,193.00,1,0,0
15040,3.312,57.90,192.00,1,0,0
15043,3.312,57.90,192.00,1,0,0
15045,3.312,57.90,192.00,1,0,0
15047,3.316,58.30,193.00,1,0,0
15050,3.312,58.20,193.00,1,0,0
15063,3.312,57.90,193.00,1,0,0
15065,3.312,58.20,193.00,1,0,0
15068,3.312,58.20,193.00,1,0,0
15070,3.312,58.20,193.00,1,0,0
15072,3.312,58.00,192.00,1,0,0
15075,3.288,118.50,385.00,1,0,0
15077,3.304,57.90,192.00,1,0,0
15080,3.312,58.20,193.00,1,0,0
15082,3.312,58.20,193.00,1,0,0
15085,3.316,58.20,193.00,1,0,0
15087,3.312,58.00,192.00,1,0,0
15090,3.312,57.90,192.00,1,0,0
15092,3.304,77.40,192.00,1,0,0
15095,3.312,129.70,424.00,1,0,0
15107,3.312,58.00,192.00,1,0,0
15110,3.312,57.90,192.00,1,0,0
15112,3.296,77.30,256.00,1,0,0
15115,3.312,89.10,510.00,1,0,0
15117,3.256,58.30,193.00,1,0,0
15120,3.312,58.20,193.00,1,0,0
15122,3.316,58.00,192.00,1,0,0
15125,3.312,57.90,192.00,1,0,0
15127,3.312,57.90,192.00,1,0,0
15130,3.312,58.20,193.00,1,0,0
15132,3.312,70.20,233.00,1,0,0
15135,3.312,150.10,492.00,1,0,0
15137,3.260,61.00,192.00,1,0,0
15140,3.312,57.90,192.00,1,0,0
15152,3.316,74.60,200.00,1,0,0
15155,3.316,133.20,433.00,1,0,0
15157,3.296,57.90,192.00,1,0,0
15160,3.316,57.90,192.00,1,0,0
15162,3.312,58.20,193.00,1,0,0
15165,3.312,58.20,193.00,1,0,0
15167,3.312,58.20,193.00,1,0,0
15169,3.312,57.90,192.00,1,0,0
15172,3.308,77.80,257.00,1,0,0
15174,3.312,57.90,390.00,1,0,0
15177,3.280,58.10,192.00,1,0,0
15179,3.316,58.20,193.00,1,0,0
15182,3.312,58.20,193.00,1,0,0
15184,3.312,58.20,193.00,1,0,0
15197,3.272,58.20,193.00,1,0,0
15199,3.312,58.20,193.00,1,0,0
15202,3.312,58.20,193.00,1,0,0
15204,3.312,57.90,192.00,1,0,0
15207,3.316,57.90,192.00,1,0,0
15209,3.312,57.90,192.00,1,0,0
15212,3.312,61.40,247.00,1,0,0
15214,3.312,122.10,400.00,1,0,0
15217,3.252,65.40,216.00,1,0,0
15219,3.312,57.90,192.00,1,0,0
15222,3.316,57.90,192.00,1,0,0
15224,3.312,57.90,192.00,1,0,0
15227,3.312,58.10,193.00,1,0,0
15229,3.312,58.20,193.00,1,0,0
15242,3.312,57.90,192.00,1,0,0
15244,3.312,58.20,193.00,1,0,0
15247,3.312,58.20,193.00,1,0,0
15249,3.312,58.20,193.00,1,0,0
15252,3.312,77.60,256.00,1,0,0
15254,3.312,57.90,385.00,1,0,0
15257,3.260,58.00,192.00,1,0,0
15259,3.312,58.20,193.00,1,0,0
15262,3.316,58.20,193.00,1,0,0
15264,3.316,58.20,193.00,1,0,0
15267,3.312,58.20,193.00,1,0,0
15269,3.312,57.80,192.00,1,0,0
15271,3.312,58.00,257.00,1,0,0
15274,3.304,57.90,188.00,1,0,0
15287,3.316,57.80,192.00,1,0,0
15289,3.316,57.90,192.00,1,0,0
15292,3.316,57.90,256.00,1,0,0
15294,3.312,89.30,292.00,1,0,0
15296,3.252,69.20,229.00,1,0,0
15299,3.312,58.20,193.00,1,0,0
15301,3.312,57.90,192.00,1,0,0
15304,3.316,57.90,192.00,1,0,0
15306,3.312,57.90,192.00,1,0,0
15309,3.316,58.20,193.00,1,0,0
15311,3.316,66.30,218.00,1,0,0
15314,3.316,58.60,193.00,1,0,0
15316,3.276,115.70,205.00,1,0,0
15319,3.312,58.00,192.00,1,0,0
15331,3.316,75.20,247.00,1,0,0
15334,3.316,57.90,192.00,1,0,0
15336,3.252,136.30,192.00,1,0,0
15339,3.312,58.00,192.00,1,0,0
15341,3.316,58.20,193.00,1,0,0
15344,3.312,58.20,193.00,1,0,0
15346,3.316,58.20,193.00,1,0,0
15349,3.312,58.20,193.00,1,0,0
15351,3.312,57.90,257.00,1,0,0
15354,3.300,57.90,188.00,1,0,0
15356,3.276,149.30,493.00,1,0,0
15359,3.312,58.20,193.00,1,0,0
15361,3.312,58.20,193.00,1,0,0
15364,3.312,58.20,193.00,1,0,0
15376,3.256,99.90,331.00,1,0,0
15379,3.312,58.20,193.00,1,0,0
15381,3.312,58.20,192.00,1,0,0
15384,3.312,57.90,192.00,1,0,0
15386,3.312,57.90,192.00,1,0,0
15389,3.312,57.80,192.00,1,0,0
15391,3.316,61.70,203.00,1,0,0
15393,3.316,58.60,193.00,1,0,0
15396,3.272,124.00,215.00,1,0,0
15398,3.316,57.90,192.00,1,0,0
15401,3.312,57.90,192.00,1,0,0
15403,3.312,57.90,192.00,1,0,0
15406,3.312,58.10,192.00,1,0,0
15408,3.312,58.20,193.00,1,0,0
15421,3.312,57.90,192.00,1,0,0
15423,3.312,58.30,193.00,1,0,0
15426,3.316,58.30,193.00,1,0,0
15428,3.312,58.20,193.00,1,0,0
15431,3.312,58.10,193.00,1,0,0
15433,3.296,58.00,190.00,1,0,0
15436,3.280,157.10,519.00,1,0,0
15438,3.312,57.90,192.00,1,0,0
15441,3.316,58.20,193.00,1,0,0
15443,3.312,58.30,193.00,1,0,0
15446,3.312,58.20,193.00,1,0,0
15448,3.312,57.90,192.00,1,0,0
15451,3.316,57.90,192.00,1,0,0
15453,3.304,58.00,192.00,1,0,0
15466,3.316,57.90,192.00,1,0,0
15468,3.316,57.90,192.00,1,0,0
15471,3.312,57.90,192.00,1,0,0
15473,3.296,58.60,195.00,1,0,0
15476,3.272,153.90,501.00,1,0,0
15478,3.316,58.30,193.00,1,0,0
15481,3.316,58.00,192.00,1,0,0
15483,3.312,57.90,192.00,1,0,0
15486,3.312,58.00,192.00,1,0,0
15488,3.316,58.20,193.00,1,0,0
15490,3.316,58.20,193.00,1,0,0
15493,3.296,69.60,193.00,1,0,0
15495,3.312,115.80,378.00,1,0,0
15498,3.316,57.80,192.00,1,0,0
15511,3.316,58.20,193.00,1,0,0
15513,3.296,60.20,192.00,1,0,0
15515,3.300,143.40,472.00,1,0,0
15518,3.312,57.90,192.00,1,0,0
15520,3.312,58.00,193.00,1,0,0
15523,3.316,58.20,193.00,1,0,0
15525,3.316,58.30,193.00,1,0,0
15528,3.316,58.20,193.00,1,0,0
15530,3.316,57.90,192.00,1,0,0
15533,3.308,57.90,192.00,1,0,0
15535,3.268,118.40,387.00,1,0,0
15538,3.268,59.40,193.00,1,0,0
15540,3.316,58.20,193.00,1,0,0
15543,3.316,58.20,193.00,1,0,0
15555,3.256,160.60,526.00,1,0,0
15558,3.288,58.40,193.00,1,0,0
15560,3.316,58.20,193.00,1,0,0
15563,3.316,58.00,192.00,1,0,0
15565,3.316,58.00,192.00,1,0,0
15568,3.316,57.90,192.00,1,0,0
15570,3.312,58.30,193.00,1,0,0
15573,3.296,74.80,193.00,1,0,0
15575,3.316,132.10,429.00,1,0,0
15578,3.252,58.40,193.00,1,0,0
15580,3.312,57.90,192.00,1,0,0
15583,3.312,58.00,192.00,1,0,0
15585,3.312,57.90,192.00,1,0,0
15587,3.316,58.20,193.00,1,0,0
15600,3.312,57.90,192.00,1,0,0
15603,3.312,58.00,193.00,1,0,0
15605,3.316,58.20,193.00,1,0,0
15608,3.312,58.20,193.00,1,0,0
15610,3.312,58.30,192.00,1,0,0
15612,3.312,58.00,192.00,1,0,0
15615,3.284,118.10,385.00,1,0,0
15617,3.308,58.00,192.00,1,0,0
15620,3.312,58.20,193.00,1,0,0
15622,3.316,58.20,193.00,1,0,0
15625,3.312,58.20,193.00,1,0,0
15632,3.304,76.30,252.00,1,0,0
15635,3.312,57.90,439.00,1,0,0
15637,3.276,58.30,193.00,1,0,0
15640,3.316,58.20,193.00,1,0,0
15642,3.312,58.20,193.00,1,0,0
15645,3.312,58.00,192.00,1,0,0
15647,3.312,57.90,192.00,1,0,0
15650,3.312,57.90,192.00,1,0,0
15652,3.312,77.40,256.00,1,0,0
15654,3.312,93.80,306.00,1,0,0
15667,3.312,57.90,192.00,1,0,0
15670,3.316,58.20,193.00,1,0,0
15672,3.316,70.30,233.00,1,0,0
15675,3.312,144.90,475.00,1,0,0
15677,3.260,61.60,192.00,1,0,0
15680,3.316,57.90,192.00,1,0,0
15682,3.312,57.90,192.00,1,0,0
15684,3.312,58.20,193.00,1,0,0
15687,3.316,58.20,193.00,1,0,0
15689,3.316,58.20,193.00,1,0,0
15692,3.312,76.20,251.00,1,0,0
15694,3.312,57.90,437.00,1,0,0
15697,3.252,58.00,192.00,1,0,0
15699,3.312,57.90,192.00,1,0,0
15712,3.308,77.70,257.00,1,0,0
15714,3.312,58.00,388.00,1,0,0
15717,3.276,58.20,193.00,1,0,0
15719,3.312,58.20,193.00,1,0,0
15722,3.316,58.20,193.00,1,0,0
15724,3.316,58.20,193.00,1,0,0
15727,3.316,57.90,192.00,1,0,0
15729,3.316,57.90,192.00,1,0,0
15732,3.316,76.50,252.00,1,0,0
15734,3.316,58.30,190.00,1,0,0
15737,3.276,105.70,193.00,1,0,0
15739,3.312,58.30,193.00,1,0,0
15742,3.312,58.00,192.00,1,0,0
15744,3.312,57.90,192.00,1,0,0
15757,3.252,64.30,213.00,1,0,0
15759,3.316,57.90,192.00,1,0,0
15762,3.312,57.90,192.00,1,0,0
15764,3.316,58.00,192.00,1,0,0
15767,3.312,58.20,193.00,1,0,0
15769,3.316,58.20,193.00,1,0,0
15772,3.316,71.70,236.00,1,0,0
15774,3.316,58.40,490.00,1,0,0
15777,3.252,67.30,223.00,1,0,0
15779,3.312,57.90,192.00,1,0,0
15781,3.316,57.90,193.00,1,0,0
15784,3.316,58.30,193.00,1,0,0
15786,3.316,58.20,193.00,1,0,0
15789,3.316,58.20,193.00,1,0,0
15802,3.316,58.20,193.00,1,0,0
15804,3.312,58.20,193.00,1,0,0
15806,3.312,58.10,193.00,1,0,0
15809,3.312,58.00,192.00,1,0,0
15811,3.312,57.90,257.00,1,0,0
15814,3.304,57.90,188.00,1,0,0
15816,3.276,120.00,398.00,1,0,0
15819,3.316,58.20,193.00,1,0,0
15821,3.316,58.20,193.00,1,0,0
15824,3.316,57.90,192.00,1,0,0
15826,3.312,57.90,192.00,1,0,0
15829,3.312,57.90,192.00,1,0,0
15831,3.312,58.30,192.00,1,0,0
15834,3.312,58.60,338.00,1,0,0
15846,3.312,57.90,192.00,1,0,0
15849,3.312,58.20,193.00,1,0,0
15851,3.312,67.50,223.00,1,0,0
15854,3.316,58.40,193.00,1,0,0
15856,3.268,115.60,198.00,1,0,0
15859,3.316,57.90,192.00,1,0,0
15861,3.312,57.90,192.00,1,0,0
15864,3.316,57.90,193.00,1,0,0
15866,3.316,58.20,193.00,1,0,0
15869,3.312,58.20,193.00,1,0,0
15871,3.316,58.20,252.00,1,0,0
15874,3.296,58.00,192.00,1,0,0
15876,3.252,152.50,505.00,1,0,0
15878,3.312,57.90,192.00,1,0,0
15891,3.312,57.90,257.00,1,0,0
15894,3.304,57.90,188.00,1,0,0
15896,3.276,146.60,485.00,1,0,0
15899,3.316,58.20,193.00,1,0,0
15901,3.312,58.20,193.00,1,0,0
15903,3.316,58.20,193.00,1,0,0
15906,3.316,57.90,192.00,1,0,0
15908,3.312,57.90,192.00,1,0,0
15911,3.316,57.90,192.00,1,0,0
15913,3.312,58.50,193.00,1,0,0
15916,3.264,159.70,298.00,1,0,0
15918,3.312,58.20,193.00,1,0,0
15921,3.312,58.20,193.00,1,0,0
15923,3.312,57.90,192.00,1,0,0
15936,3.276,119.80,213.00,1,0,0
15938,3.316,57.90,192.00,1,0,0
15941,3.312,58.00,192.00,1,0,0
15943,3.316,58.00,192.00,1,0,0
15946,3.312,58.20,193.00,1,0,0
15948,3.316,58.20,193.00,1,0,0
15951,3.316,58.20,238.00,1,0,0
15953,3.296,58.60,193.00,1,0,0
15956,3.312,159.20,519.00,1,0,0
15958,3.312,58.00,192.00,1,0,0
15961,3.312,58.00,192.00,1,0,0
15963,3.312,58.30,193.00,1,0,0
15966,3.312,58.20,193.00,1,0,0
15968,3.312,58.20,193.00,1,0,0
15981,3.316,58.20,193.00,1,0,0
15983,3.312,58.30,193.00,1,0,0
15986,3.312,58.30,193.00,1,0,0
15988,3.316,57.90,192.00,1,0,0
15991,3.312,57.90,192.00,1,0,0
15993,3.304,57.90,192.00,1,0,0
15996,3.252,134.60,428.00,1,0,0
15998,3.312,58.30,193.00,1,0,0
16001,3.312,58.30,193.00,1,0,0
16003,3.316,58.20,192.00,1,0,0
16005,3.312,57.80,192.00,1,0,0
16008,3.312,57.90,192.00,1,0,0
16010,3.312,57.90,192.00,1,0,0
16013,3.296,77.40,193.00,1,0,0
16026,3.316,57.90,192.00,1,0,0
16028,3.312,58.20,193.00,1,0,0
16030,3.312,58.20,193.00,1,0,0
16033,3.296,69.50,193.00,1,0,0
16035,3.316,101.00,329.00,1,0,0
16038,3.312,57.90,192.00,1,0,0
16040,3.312,58.00,192.00,1,0,0
16043,3.312,57.90,192.00,1,0,0
16045,3.312,58.20,193.00,1,0,0
16048,3.312,58.20,193.00,1,0,0
16050,3.312,58.20,193.00,1,0,0
16053,3.296,61.20,203.00,1,0,0
16055,3.304,137.10,451.00,1,0,0
16058,3.296,57.90,192.00,1,0,0
16070,3.312,57.90,192.00,1,0,0
16073,3.308,57.80,192.00,1,0,0
16075,3.264,118.60,388.00,1,0,0
16078,3.308,58.40,193.00,1,0,0
16080,3.316,58.20,193.00,1,0,0
16083,3.316,58.20,193.00,1,0,0
16085,3.312,58.10,192.00,1,0,0
16088,3.312,57.80,192.00,1,0,0
16090,3.316,57.90,192.00,1,0,0
16093,3.312,57.80,257.00,1,0,0
16095,3.312,92.70,303.00,1,0,0
16098,3.256,66.70,221.00,1,0,0
16100,3.312,58.20,193.00,1,0,0
16102,3.316,57.90,192.00,1,0,0
16115,3.312,58.50,501.00,1,0,0
16118,3.268,105.90,351.00,1,0,0
16120,3.316,57.90,192.00,1,0,0
16123,3.316,57.90,192.00,1,0,0
16125,3.316,57.90,192.00,1,0,0
16127,3.312,58.20,193.00,1,0,0
16130,3.316,58.20,193.00,1,0,0
16132,3.316,74.80,246.00,1,0,0
16135,3.312,57.90,192.00,1,0,0
16137,3.248,130.00,334.00,1,0,0
16140,3.312,57.90,192.00,1,0,0
16142,3.312,58.20,193.00,1,0,0
16145,3.316,58.20,193.00,1,0,0
16147,3.312,58.20,193.00,1,0,0
16160,3.312,58.20,193.00,1,0,0
16162,3.312,58.20,193.00,1,0,0
16165,3.312,58.20,193.00,1,0,0
16167,3.312,57.90,192.00,1,0,0
16170,3.312,58.00,192.00,1,0,0
16172,3.312,58.00,192.00,1,0,0
16175,3.308,57.90,202.00,1,0,0
16177,3.256,97.80,324.00,1,0,0
16180,3.312,58.20,193.00,1,0,0
16182,3.312,58.20,193.00,1,0,0
16185,3.316,58.00,192.00,1,0,0
16187,3.312,57.90,192.00,1,0,0
16190,3.312,57.90,192.00,1,0,0
16192,3.312,61.40,203.00,1,0,0
16205,3.312,57.90,192.00,1,0,0
16207,3.312,58.00,192.00,1,0,0
16210,3.312,58.20,193.00,1,0,0
16212,3.312,70.70,233.00,1,0,0
16215,3.316,58.40,193.00,1,0,0
16217,3.256,115.60,192.00,1,0,0
16220,3.312,58.00,192.00,1,0,0
16222,3.312,57.90,192.00,1,0,0
16224,3.312,58.20,193.00,1,0,0
16227,3.312,58.20,193.00,1,0,0
16229,3.312,58.20,193.00,1,0,0
16232,3.312,58.20,193.00,1,0,0
16234,3.296,57.90,190.00,1,0,0
16237,3.280,157.10,519.00,1,0,0
16250,3.316,57.90,192.00,1,0,0
16252,3.312,57.90,192.00,1,0,0
16254,3.304,57.90,188.00,1,0,0
16257,3.252,164.40,541.00,1,0,0
16259,3.316,58.20,193.00,1,0,0
16262,3.316,58.20,193.00,1,0,0
16264,3.316,58.10,192.00,1,0,0
16267,3.312,58.00,192.00,1,0,0
16269,3.312,57.90,192.00,1,0,0
16272,3.312,57.90,190.00,1,0,0
16274,3.312,58.50,193.00,1,0,0
16277,3.272,156.80,233.00,1,0,0
16279,3.312,58.20,193.00,1,0,0
16282,3.312,58.00,192.00,1,0,0
16294,3.296,58.40,193.00,1,0,0
16297,3.296,168.40,552.00,1,0,0
16299,3.312,58.00,192.00,1,0,0
16302,3.312,58.00,192.00,1,0,0
16304,3.312,57.90,192.00,1,0,0
16307,3.316,58.20,193.00,1,0,0
16309,3.312,58.20,193.00,1,0,0
16312,3.312,58.20,193.00,1,0,0
16314,3.296,61.20,192.00,1,0,0
16317,3.304,136.80,451.00,1,0,0
16319,3.312,57.90,192.00,1,0,0
16321,3.312,58.00,193.00,1,0,0
16324,3.316,58.30,193.00,1,0,0
16326,3.316,58.20,193.00,1,0,0
16339,3.308,58.20,193.00,1,0,0
16342,3.316,58.20,193.00,1,0,0
16344,3.312,58.20,193.00,1,0,0
16347,3.316,58.00,192.00,1,0,0
16349,3.312,57.90,192.00,1,0,0
16351,3.312,57.90,192.00,1,0,0
16354,3.300,58.00,192.00,1,0,0
16356,3.260,160.50,524.00,1,0,0
16359,3.312,58.30,193.00,1,0,0
16361,3.312,58.30,193.00,1,0,0
16364,3.316,57.90,192.00,1,0,0
16366,3.312,58.00,192.00,1,0,0
16369,3.316,57.90,192.00,1,0,0
16371,3.316,58.20,193.00,1,0,0
16384,3.316,57.90,192.00,1,0,0
16386,3.312,58.00,192.00,1,0,0
16389,3.316,58.20,193.00,1,0,0
16391,3.316,58.20,193.00,1,0,0
16394,3.296,64.50,213.00,1,0,0
16396,3.312,153.80,380.00,1,0,0
16399,3.280,57.90,192.00,1,0,0
16401,3.312,57.90,192.00,1,0,0
16404,3.312,57.90,193.00,1,0,0
16406,3.316,58.20,193.00,1,0,0
16409,3.316,58.20,193.00,1,0,0
16411,3.312,58.20,192.00,1,0,0
16414,3.312,58.00,192.00,1,0,0
16416,3.284,117.90,385.00,1,0,0
16429,3.312,58.00,192.00,1,0,0
16431,3.312,57.90,192.00,1,0,0
16434,3.304,57.90,192.00,1,0,0
16436,3.312,143.40,470.00,1,0,0
16439,3.316,58.30,193.00,1,0,0
16441,3.316,58.20,193.00,1,0,0
16444,3.312,58.20,193.00,1,0,0
16446,3.312,57.90,192.00,1,0,0
16448,3.312,57.90,192.00,1,0,0
16451,3.312,57.90,192.00,1,0,0
16453,3.296,77.80,257.00,1,0,0
16456,3.312,95.50,498.00,1,0,0
16458,3.252,58.30,193.00,1,0,0
16461,3.316,58.20,193.00,1,0,0
16473,3.296,69.50,229.00,1,0,0
16476,3.312,153.50,377.00,1,0,0
16478,3.264,57.90,192.00,1,0,0
16481,3.312,58.00,192.00,1,0,0
16483,3.316,57.90,192.00,1,0,0
16486,3.312,58.20,193.00,1,0,0
16488,3.316,58.20,193.00,1,0,0
16491,3.316,58.20,192.00,1,0,0
16493,3.312,60.60,202.00,1,0,0
16496,3.312,131.60,428.00,1,0,0
16498,3.252,65.20,216.00,1,0,0
16501,3.312,57.90,192.00,1,0,0
16503,3.312,58.20,193.00,1,0,0
16506,3.316,58.20,193.00,1,0,0
16518,3.268,58.60,193.00,1,0,0
16521,3.316,58.30,193.00,1,0,0
16523,3.316,58.20,193.00,1,0,0
16526,3.312,58.20,193.00,1,0,0
16528,3.312,58.00,192.00,1,0,0
16531,3.312,57.80,192.00,1,0,0
16533,3.300,76.50,252.00,1,0,0
16536,3.312,58.20,483.00,1,0,0
16538,3.276,58.30,193.00,1,0,0
16541,3.316,58.20,193.00,1,0,0
16543,3.312,58.10,192.00,1,0,0
16545,3.312,58.00,192.00,1,0,0
16548,3.316,57.90,192.00,1,0,0
16550,3.312,58.00,193.00,1,0,0
16563,3.312,57.90,192.00,1,0,0
16566,3.312,57.90,192.00,1,0,0
16568,3.312,58.20,193.00,1,0,0
16570,3.316,58.20,193.00,1,0,0
16573,3.312,71.30,218.00,1,0,0
16575,3.312,154.00,501.00,1,0,0
16578,3.276,58.00,192.00,1,0,0
16580,3.312,57.80,192.00,1,0,0
16583,3.312,57.90,192.00,1,0,0
16585,3.316,58.20,193.00,1,0,0
16588,3.316,58.20,193.00,1,0,0
16590,3.316,58.20,193.00,1,0,0
16593,3.312,77.50,256.00,1,0,0
16595,3.312,58.00,385.00,1,0,0
16608,3.312,58.20,193.00,1,0,0
16610,3.312,57.90,192.00,1,0,0
16613,3.316,76.80,254.00,1,0,0
16615,3.316,57.90,188.00,1,0,0
16618,3.276,130.50,193.00,1,0,0
16620,3.316,58.20,193.00,1,0,0
16623,3.312,58.20,193.00,1,0,0
16625,3.312,58.00,192.00,1,0,0
16628,3.312,58.00,192.00,1,0,0
16630,3.316,57.90,192.00,1,0,0
16633,3.312,57.90,257.00,1,0,0
16635,3.312,99.10,324.00,1,0,0
16638,3.252,65.70,218.00,1,0,0
16640,3.316,58.20,192.00,1,0,0
16653,3.316,66.80,233.00,1,0,0
16655,3.312,58.40,492.00,1,0,0
16658,3.272,60.80,202.00,1,0,0
16660,3.312,57.90,192.00,1,0,0
16663,3.312,58.00,192.00,1,0,0
16665,3.316,58.10,192.00,1,0,0
16667,3.312,58.20,193.00,1,0,0
16670,3.312,58.20,193.00,1,0,0
16672,3.316,75.70,249.00,1,0,0
16675,3.312,57.90,190.00,1,0,0
16677,3.252,147.40,192.00,1,0,0
16680,3.312,57.90,192.00,1,0,0
16682,3.312,58.20,193.00,1,0,0
16685,3.312,58.20,193.00,1,0,0
16697,3.272,156.90,193.00,1,0,0
16700,3.312,58.20,193.00,1,0,0
16702,3.316,58.30,193.00,1,0,0
16705,3.312,58.20,193.00,1,0,0
16707,3.312,57.90,192.00,1,0,0
16710,3.312,57.90,192.00,1,0,0
16712,3.312,57.90,192.00,1,0,0
16715,3.308,58.30,203.00,1,0,0
16717,3.260,97.20,321.00,1,0,0
16720,3.316,58.30,193.00,1,0,0
16722,3.312,58.20,192.00,1,0,0
16725,3.312,57.90,192.00,1,0,0
16727,3.312,57.90,192.00,1,0,0
16730,3.312,57.90,192.00,1,0,0
16742,3.312,58.00,192.00,1,0,0
16745,3.312,57.90,192.00,1,0,0
16747,3.312,58.20,193.00,1,0,0
16750,3.312,58.30,193.00,1,0,0
16752,3.316,71.50,236.00,1,0,0
16755,3.312,58.60,193.00,1,0,0
16757,3.256,115.70,192.00,1,0,0
16760,3.316,57.90,192.00,1,0,0
16762,3.312,57.90,192.00,1,0,0
16765,3.316,58.20,193.00,1,0,0
16767,3.316,58.20,193.00,1,0,0
16769,3.316,58.20,193.00,1,0,0
16772,3.312,58.10,192.00,1,0,0
16774,3.296,57.90,190.00,1,0,0
16787,3.312,58.20,193.00,1,0,0
16790,3.312,57.90,192.00,1,0,0
16792,3.312,57.80,192.00,1,0,0
16794,3.304,57.90,188.00,1,0,0
16797,3.252,123.10,408.00,1,0,0
16799,3.312,58.20,193.00,1,0,0
16802,3.316,58.20,193.00,1,0,0
16804,3.316,57.90,192.00,1,0,0
16807,3.316,57.90,192.00,1,0,0
16809,3.312,58.00,192.00,1,0,0
16812,3.316,58.00,192.00,1,0,0
16814,3.312,58.40,193.00,1,0,0
16817,3.276,150.70,218.00,1,0,0
16819,3.316,58.20,193.00,1,0,0
16832,3.316,58.20,221.00,1,0,0
16834,3.296,58.60,193.00,1,0,0
16837,3.268,115.60,377.00,1,0,0
16839,3.312,57.90,192.00,1,0,0
16842,3.312,58.00,192.00,1,0,0
16844,3.312,57.90,192.00,1,0,0
16847,3.316,58.20,193.00,1,0,0
16849,3.312,58.10,192.00,1,0,0
16852,3.316,58.20,193.00,1,0,0
16854,3.296,61.00,192.00,1,0,0
16857,3.300,138.90,457.00,1,0,0
16859,3.312,58.00,192.00,1,0,0
16862,3.316,58.00,193.00,1,0,0
16864,3.312,58.20,193.00,1,0,0
16877,3.264,118.60,493.00,1,0,0
16879,3.312,58.20,193.00,1,0,0
16882,3.312,58.10,192.00,1,0,0
16884,3.312,58.20,193.00,1,0,0
16887,3.312,57.90,192.00,1,0,0
16889,3.312,57.90,192.00,1,0,0
16891,3.312,58.00,192.00,1,0,0
16894,3.300,58.20,193.00,1,0,0
16896,3.264,159.80,523.00,1,0,0
16899,3.316,58.30,193.00,1,0,0
16901,3.316,58.20,193.00,1,0,0
16904,3.312,58.00,192.00,1,0,0
16906,3.312,57.90,192.00,1,0,0
16909,3.316,58.00,192.00,1,0,0
16921,3.312,57.90,192.00,1,0,0
16924,3.312,57.90,192.00,1,0,0
16926,3.312,57.90,192.00,1,0,0
16929,3.312,58.20,193.00,1,0,0
16931,3.316,58.20,193.00,1,0,0
16934,3.296,68.30,226.00,1,0,0
16936,3.312,154.00,377.00,1,0,0
16939,3.268,57.90,192.00,1,0,0
16941,3.312,58.00,192.00,1,0,0
16944,3.316,58.10,193.00,1,0,0
16946,3.312,58.20,193.00,1,0,0
16949,3.316,58.20,193.00,1,0,0
16951,3.316,58.10,192.00,1,0,0
16954,3.312,57.90,192.00,1,0,0
16966,3.316,58.20,193.00,1,0,0
16969,3.312,57.90,192.00,1,0,0
16971,3.312,57.90,192.00,1,0,0
16974,3.304,57.90,192.00,1,0,0
16976,3.316,145.70,477.00,1,0,0
16979,3.312,58.30,193.00,1,0,0
16981,3.316,58.30,193.00,1,0,0
16984,3.312,58.20,193.00,1,0,0
16986,3.312,57.90,192.00,1,0,0
16988,3.312,57.90,192.00,1,0,0
16991,3.312,57.90,192.00,1,0,0
16993,3.296,76.80,254.00,1,0,0
16996,3.316,95.20,500.00,1,0,0
16998,3.252,58.30,193.00,1,0,0
17011,3.316,58.20,193.00,1,0,0
17014,3.296,70.50,234.00,1,0,0
17016,3.316,148.20,374.00,1,0,0
17018,3.260,58.00,192.00,1,0,0
17021,3.312,57.90,192.00,1,0,0
17023,3.312,57.90,192.00,1,0,0
17026,3.316,58.20,193.00,1,0,0
17028,3.316,58.30,193.00,1,0,0
17031,3.312,58.20,193.00,1,0,0
17033,3.312,63.20,210.00,1,0,0
17036,3.312,149.70,487.00,1,0,0
17038,3.284,57.90,192.00,1,0,0
17041,3.316,58.00,192.00,1,0,0
17043,3.312,58.30,193.00,1,0,0
17056,3.316,118.40,388.00,1,0,0
17058,3.308,58.30,193.00,1,0,0
17061,3.316,58.20,193.00,1,0,0
17063,3.312,58.20,193.00,1,0,0
17066,3.316,58.10,192.00,1,0,0
17068,3.316,57.90,192.00,1,0,0
17071,3.312,58.00,192.00,1,0,0
17073,3.300,78.00,259.00,1,0,0
17076,3.316,68.90,523.00,1,0,0
17078,3.268,58.30,193.00,1,0,0
17081,3.312,58.20,193.00,1,0,0
17083,3.316,57.90,192.00,1,0,0
17085,3.312,57.90,192.00,1,0,0
17088,3.312,57.90,192.00,1,0,0
17101,3.316,57.90,192.00,1,0,0
17103,3.312,58.00,192.00,1,0,0
17106,3.312,57.90,192.00,1,0,0
17108,3.312,58.20,193.00,1,0,0
17111,3.312,58.20,193.00,1,0,0
17113,3.312,71.90,210.00,1,0,0
17115,3.312,149.20,485.00,1,0,0
17118,3.288,58.00,192.00,1,0,0
17120,3.316,57.90,192.00,1,0,0
17123,3.312,58.10,192.00,1,0,0
17125,3.316,58.20,193.00,1,0,0
17128,3.316,58.20,193.00,1,0,0
17130,3.316,58.20,193.00,1,0,0
17133,3.312,77.90,257.00,1,0,0
17145,3.316,58.20,193.00,1,0,0
17148,3.312,58.10,192.00,1,0,0
17150,3.312,57.90,192.00,1,0,0
17153,3.312,77.70,257.00,1,0,0
17155,3.312,58.00,188.00,1,0,0
17158,3.276,113.30,193.00,1,0,0
17160,3.316,58.20,193.00,1,0,0
17163,3.312,58.20,193.00,1,0,0
17165,3.316,58.00,192.00,1,0,0
17168,3.312,57.90,192.00,1,0,0
17170,3.312,57.90,192.00,1,0,0
17173,3.312,58.40,257.00,1,0,0
17175,3.316,103.30,339.00,1,0,0
17178,3.252,65.70,218.00,1,0,0
17190,3.312,58.20,193.00,1,0,0
17193,3.316,67.60,224.00,1,0,0
17195,3.312,58.60,503.00,1,0,0
17198,3.264,58.70,195.00,1,0,0
17200,3.312,57.90,192.00,1,0,0
17203,3.312,57.90,192.00,1,0,0
17205,3.312,58.20,193.00,1,0,0
17208,3.312,58.10,192.00,1,0,0
17210,3.312,58.20,193.00,1,0,0
17212,3.312,76.70,252.00,1,0,0
17215,3.312,57.80,190.00,1,0,0
17217,3.252,107.20,216.00,1,0,0
17220,3.316,57.90,192.00,1,0,0
17222,3.312,58.10,192.00,1,0,0
17235,3.316,57.90,188.00,1,0,0
17237,3.276,147.80,193.00,1,0,0
17240,3.316,58.20,193.00,1,0,0
17242,3.316,58.20,193.00,1,0,0
17245,3.312,58.20,192.00,1,0,0
17247,3.312,57.80,192.00,1,0,0
17250,3.312,57.90,192.00,1,0,0
17252,3.316,57.90,190.00,1,0,0
17255,3.312,58.40,224.00,1,0,0
17257,3.260,90.60,300.00,1,0,0
17260,3.312,58.10,192.00,1,0,0
17262,3.312,58.30,192.00,1,0,0
17265,3.312,57.90,192.00,1,0,0
17267,3.312,58.00,192.00,1,0,0
17280,3.312,57.90,192.00,1,0,0
17282,3.312,57.90,192.00,1,0,0
17285,3.312,57.90,192.00,1,0,0
17287,3.312,58.20,193.00,1,0,0
17290,3.316,58.20,193.00,1,0,0
17292,3.316,72.30,238.00,1,0,0
17295,3.316,58.40,193.00,1,0,0
17297,3.248,120.60,192.00,1,0,0
17300,3.312,57.90,192.00,1,0,0
17302,3.316,58.00,192.00,1,0,0
17305,3.312,58.20,193.00,1,0,0
17307,3.316,58.20,193.00,1,0,0
17309,3.316,58.20,193.00,1,0,0
17312,3.312,57.90,192.00,1,0,0
17325,3.316,58.20,193.00,1,0,0
17327,3.312,58.20,192.00,1,0,0
17330,3.316,58.00,192.00,1,0,0
17332,3.316,57.90,192.00,1,0,0
17334,3.308,57.90,188.00,1,0,0
17337,3.256,115.70,383.00,1,0,0
17339,3.312,58.20,193.00,1,0,0
17342,3.316,58.20,193.00,1,0,0
17344,3.316,57.90,192.00,1,0,0
17347,3.312,57.90,192.00,1,0,0
17349,3.316,57.90,192.00,1,0,0
17352,3.312,58.80,193.00,1,0,0
17354,3.296,58.60,193.00,1,0,0
17357,3.276,149.20,218.00,1,0,0
17369,3.316,58.20,193.00,1,0,0
17372,3.312,58.20,224.00,1,0,0
17374,3.296,58.40,193.00,1,0,0
17377,3.268,115.60,378.00,1,0,0
17379,3.312,58.00,192.00,1,0,0
17382,3.312,57.90,192.00,1,0,0
17384,3.312,58.00,192.00,1,0,0
17387,3.312,58.30,193.00,1,0,0
17389,3.312,58.20,193.00,1,0,0
17392,3.312,58.20,193.00,1,0,0
17394,3.296,58.50,190.00,1,0,0
17397,3.292,155.00,513.00,1,0,0
17399,3.316,57.90,192.00,1,0,0
17402,3.312,58.20,193.00,1,0,0
17414,3.300,57.90,192.00,1,0,0
17417,3.256,119.70,472.00,1,0,0
17419,3.312,58.20,193.00,1,0,0
17422,3.312,58.30,193.00,1,0,0
17424,3.312,58.20,193.00,1,0,0
17427,3.316,57.90,192.00,1,0,0
17429,3.312,57.90,192.00,1,0,0
17431,3.316,57.90,192.00,1,0,0
17434,3.300,58.50,193.00,1,0,0
17436,3.264,158.70,518.00,1,0,0
17439,3.312,58.30,193.00,1,0,0
17441,3.312,58.30,193.00,1,0,0
17444,3.316,57.90,192.00,1,0,0
17446,3.312,58.00,192.00,1,0,0
17459,3.316,58.00,192.00,1,0,0
17461,3.316,58.00,192.00,1,0,0
17464,3.312,57.90,192.00,1,0,0
17466,3.312,57.90,192.00,1,0,0
17469,3.312,58.20,193.00,1,0,0
17471,3.312,58.20,193.00,1,0,0
17474,3.296,63.90,211.00,1,0,0
17476,3.312,151.30,279.00,1,0,0
17479,3.248,58.00,192.00,1,0,0
17481,3.316,58.00,192.00,1,0,0
17484,3.312,58.20,193.00,1,0,0
17486,3.312,58.20,193.00,1,0,0
17489,3.312,58.20,193.00,1,0,0
17491,3.312,58.20,192.00,1,0,0
17504,3.312,58.20,193.00,1,0,0
17506,3.312,58.20,193.00,1,0,0
17509,3.312,57.90,192.00,1,0,0
17511,3.312,58.00,192.00,1,0,0
17514,3.304,57.90,192.00,1,0,0
17516,3.312,153.80,505.00,1,0,0
17519,3.312,58.30,193.00,1,0,0
17521,3.312,58.20,193.00,1,0,0
17524,3.316,58.20,193.00,1,0,0
17526,3.312,57.90,192.00,1,0,0
17529,3.316,57.90,192.00,1,0,0
17531,3.312,57.90,192.00,1,0,0
17533,3.296,76.80,254.00,1,0,0
17536,3.316,107.10,469.00,1,0,0
17549,3.312,58.10,193.00,1,0,0
17551,3.312,58.20,193.00,1,0,0
17554,3.296,67.70,224.00,1,0,0
17556,3.316,154.20,377.00,1,0,0
17558,3.268,57.90,192.00,1,0,0
17561,3.312,58.00,192.00,1,0,0
17563,3.316,57.90,192.00,1,0,0
17566,3.312,58.20,193.00,1,0,0
17568,3.312,58.20,193.00,1,0,0
17571,3.312,58.20,193.00,1,0,0
17573,3.316,77.50,195.00,1,0,0
17576,3.312,122.30,398.00,1,0,0
17578,3.304,58.00,192.00,1,0,0
17581,3.312,57.90,193.00,1,0,0
17593,3.308,77.90,192.00,1,0,0
17596,3.312,118.60,388.00,1,0,0
17598,3.312,58.30,193.00,1,0,0
17601,3.312,58.20,193.00,1,0,0
17603,3.312,58.20,193.00,1,0,0
17606,3.312,58.10,192.00,1,0,0
17608,3.312,57.90,192.00,1,0,0
17611,3.316,57.90,192.00,1,0,0
17613,3.296,78.00,259.00,1,0,0
17616,3.316,72.50,519.00,1,0,0
17618,3.264,58.40,193.00,1,0,0
17621,3.316,58.20,193.00,1,0,0
17623,3.312,58.00,192.00,1,0,0
17626,3.316,57.90,192.00,1,0,0
17642,3.312,57.90,192.00,1,0,0
17645,3.312,57.90,192.00,1,0,0
17647,3.316,58.20,193.00,1,0,0
17650,3.312,58.20,193.00,1,0,0
17652,3.316,58.20,239.00,1,0,0
17655,3.296,58.20,193.00,1,0,0
17657,3.248,124.70,410.00,1,0,0
17660,3.312,57.90,192.00,1,0,0
17662,3.312,57.90,192.00,1,0,0
17664,3.312,58.20,193.00,1,0,0
17667,3.312,58.20,193.00,1,0,0
17669,3.312,58.20,193.00,1,0,0
17672,3.312,57.90,192.00,1,0,0
17674,3.296,57.90,190.00,1,0,0
17687,3.312,58.20,192.00,1,0,0
17689,3.312,57.90,192.00,1,0,0
17692,3.312,57.90,192.00,1,0,0
17694,3.304,57.90,188.00,1,0,0
17697,3.256,166.10,547.00,1,0,0
17699,3.312,58.20,193.00,1,0,0
17702,3.316,58.20,193.00,1,0,0
17704,3.312,58.00,192.00,1,0,0
17707,3.312,57.90,192.00,1,0,0
17709,3.312,57.90,192.00,1,0,0
17712,3.312,57.90,195.00,1,0,0
17714,3.296,58.60,193.00,1,0,0
17717,3.276,149.30,485.00,1,0,0
17719,3.316,58.40,193.00,1,0,0
17732,3.312,58.10,226.00,1,0,0
17734,3.296,58.40,193.00,1,0,0
17737,3.264,114.40,374.00,1,0,0
17739,3.312,57.90,192.00,1,0,0
17742,3.312,58.00,192.00,1,0,0
17744,3.312,57.90,192.00,1,0,0
17747,3.312,58.20,193.00,1,0,0
17749,3.312,58.20,193.00,1,0,0
17752,3.312,58.20,193.00,1,0,0
17754,3.296,58.20,190.00,1,0,0
17757,3.292,156.90,518.00,1,0,0
17759,3.304,58.00,192.00,1,0,0
17761,3.312,58.20,193.00,1,0,0
17764,3.312,58.20,193.00,1,0,0
17777,3.256,121.70,464.00,1,0,0
17779,3.308,58.20,193.00,1,0,0
17782,3.316,58.20,193.00,1,0,0
17784,3.312,58.20,193.00,1,0,0
17786,3.312,57.90,192.00,1,0,0
17789,3.312,58.00,192.00,1,0,0
17791,3.312,57.90,192.00,1,0,0
17794,3.296,58.50,193.00,1,0,0
17796,3.264,158.30,516.00,1,0,0
17799,3.312,58.40,193.00,1,0,0
17801,3.312,58.20,193.00,1,0,0
17804,3.312,57.90,192.00,1,0,0
17806,3.312,58.00,192.00,1,0,0
17809,3.312,57.90,192.00,1,0,0
17821,3.316,57.90,192.00,1,0,0
17824,3.312,57.90,192.00,1,0,0
17826,3.312,58.10,192.00,1,0,0
17829,3.312,58.20,193.00,1,0,0
17831,3.312,58.20,193.00,1,0,0
17834,3.296,64.10,213.00,1,0,0
17836,3.312,153.20,378.00,1,0,0
17839,3.280,58.00,192.00,1,0,0
17841,3.312,58.00,192.00,1,0,0
17844,3.312,58.20,193.00,1,0,0
17846,3.312,58.20,193.00,1,0,0
17849,3.312,58.20,193.00,1,0,0
17851,3.312,58.10,192.00,1,0,0
17854,3.308,57.90,192.00,1,0,0
17866,3.316,58.20,193.00,1,0,0
17869,3.312,57.90,192.00,1,0,0
17871,3.312,57.90,192.00,1,0,0
17874,3.300,78.10,192.00,1,0,0
17876,3.312,156.20,511.00,1,0,0
17879,3.312,58.20,193.00,1,0,0
17881,3.316,58.20,193.00,1,0,0
17883,3.312,57.90,192.00,1,0,0
17886,3.312,57.90,192.00,1,0,0
17888,3.312,57.90,192.00,1,0,0
17891,3.312,57.90,192.00,1,0,0
17893,3.296,76.50,254.00,1,0,0
17896,3.312,110.70,455.00,1,0,0
17898,3.252,58.20,193.00,1,0,0
17911,3.312,58.30,193.00,1,0,0
17913,3.296,66.70,221.00,1,0,0
17916,3.312,154.40,378.00,1,0,0
17918,3.272,58.00,192.00,1,0,0
17921,3.312,58.00,192.00,1,0,0
17923,3.312,57.90,192.00,1,0,0
17926,3.312,58.30,193.00,1,0,0
17928,3.312,58.20,193.00,1,0,0
17931,3.312,58.10,193.00,1,0,0
17933,3.312,77.80,193.00,1,0,0
17936,3.312,120.00,390.00,1,0,0
17938,3.308,58.00,192.00,1,0,0
17941,3.312,57.90,193.00,1,0,0
17943,3.316,58.20,193.00,1,0,0
17956,3.312,126.30,415.00,1,0,0
17958,3.312,58.30,193.00,1,0,0
17961,3.316,58.30,193.00,1,0,0
17963,3.312,58.20,193.00,1,0,0
17966,3.312,57.90,192.00,1,0,0
17968,3.312,58.00,192.00,1,0,0
17971,3.316,57.90,192.00,1,0,0
17973,3.312,77.80,257.00,1,0,0
17976,3.312,76.60,519.00,1,0,0
17978,3.264,82.40,193.00,1,0,0
17981,3.316,58.30,193.00,1,0,0
17983,3.312,57.90,192.00,1,0,0
17985,3.312,57.90,192.00,1,0,0
17988,3.312,57.90,192.00,1,0,0
18001,3.312,57.90,192.00,1,0,0
18003,3.312,57.90,192.00,1,0,0
18006,3.312,57.90,192.00,1,0,0
18008,3.312,58.20,193.00,1,0,0
18010,3.312,58.20,193.00,1,0,0
18013,3.316,73.20,210.00,1,0,0
18015,3.312,148.10,482.00,1,0,0
18018,3.284,58.00,192.00,1,0,0
18020,3.312,57.90,192.00,1,0,0
18023,3.312,58.20,193.00,1,0,0
18025,3.312,58.20,193.00,1,0,0
18028,3.316,58.20,193.00,1,0,0
18030,3.312,58.20,193.00,1,0,0
18033,3.312,77.80,257.00,1,0,0
18045,3.316,58.20,193.00,1,0,0
18048,3.312,58.00,192.00,1,0,0
18050,3.312,58.00,192.00,1,0,0
18053,3.316,78.20,259.00,1,0,0
18055,3.316,58.10,188.00,1,0,0
18058,3.276,117.20,193.00,1,0,0
18060,3.312,58.30,193.00,1,0,0
18063,3.312,58.20,193.00,1,0,0
18065,3.312,57.90,192.00,1,0,0
18068,3.312,57.90,192.00,1,0,0
18070,3.312,57.90,192.00,1,0,0
18073,3.312,59.80,252.00,1,0,0
18075,3.316,111.70,365.00,1,0,0
18078,3.252,65.50,218.00,1,0,0
18090,3.312,58.00,192.00,1,0,0
18093,3.312,58.10,192.00,1,0,0
18095,3.296,64.00,193.00,1,0,0
18098,3.312,117.40,385.00,1,0,0
18100,3.312,57.90,192.00,1,0,0
18103,3.312,57.90,192.00,1,0,0
18105,3.312,58.20,193.00,1,0,0
18107,3.312,58.20,193.00,1,0,0
18110,3.316,58.20,193.00,1,0,0
18112,3.312,58.00,192.00,1,0,0
18115,3.296,57.90,192.00,1,0,0
18117,3.276,118.20,519.00,1,0,0
18120,3.308,57.90,192.00,1,0,0
18122,3.312,58.30,193.00,1,0,0
18135,3.304,57.90,192.00,1,0,0
18137,3.252,139.10,455.00,1,0,0
18140,3.312,58.40,193.00,1,0,0
18142,3.316,58.20,193.00,1,0,0
18145,3.312,58.20,193.00,1,0,0
18147,3.312,57.90,192.00,1,0,0
18150,3.312,57.90,192.00,1,0,0
18152,3.312,58.00,192.00,1,0,0
18155,3.296,77.40,193.00,1,0,0
18157,3.312,152.20,495.00,1,0,0
18160,3.312,58.30,193.00,1,0,0
18162,3.312,58.10,192.00,1,0,0
18165,3.312,58.00,192.00,1,0,0
18167,3.312,57.90,192.00,1,0,0
18180,3.316,57.90,192.00,1,0,0
18182,3.312,58.00,192.00,1,0,0
18185,3.312,57.90,192.00,1,0,0
18187,3.312,58.20,193.00,1,0,0
18190,3.312,58.20,193.00,1,0,0
18192,3.312,58.20,193.00,1,0,0
18195,3.316,60.30,200.00,1,0,0
18197,3.300,131.50,428.00,1,0,0
18200,3.252,65.40,192.00,1,0,0
18202,3.316,58.00,192.00,1,0,0
18204,3.312,58.20,193.00,1,0,0
18207,3.312,58.30,193.00,1,0,0
18209,3.316,58.20,193.00,1,0,0
18212,3.312,57.90,192.00,1,0,0
18225,3.312,58.30,193.00,1,0,0
18227,3.316,58.20,192.00,1,0,0
18230,3.312,57.90,192.00,1,0,0
18232,3.312,57.90,192.00,1,0,0
18234,3.300,78.50,193.00,1,0,0
18237,3.316,159.60,521.00,1,0,0
18239,3.316,58.30,193.00,1,0,0
18242,3.312,58.20,193.00,1,0,0
18244,3.312,58.00,192.00,1,0,0
18247,3.312,57.90,192.00,1,0,0
18249,3.312,57.90,192.00,1,0,0
18252,3.316,57.90,193.00,1,0,0
18254,3.316,73.50,244.00,1,0,0
18257,3.312,128.30,419.00,1,0,0
18269,3.312,58.20,193.00,1,0,0
18272,3.312,58.20,193.00,1,0,0
18274,3.312,63.50,210.00,1,0,0
18277,3.312,150.70,490.00,1,0,0
18279,3.284,58.10,192.00,1,0,0
18282,3.312,58.00,192.00,1,0,0
18284,3.312,58.20,193.00,1,0,0
18287,3.316,58.20,193.00,1,0,0
18289,3.312,58.20,193.00,1,0,0
18292,3.312,58.20,193.00,1,0,0
18294,3.312,77.70,192.00,1,0,0
18297,3.312,118.20,385.00,1,0,0
18299,3.264,58.00,192.00,1,0,0
18301,3.316,58.20,193.00,1,0,0
18314,3.304,77.70,257.00,1,0,0
18317,3.312,57.90,474.00,1,0,0
18319,3.276,58.20,193.00,1,0,0
18322,3.312,58.20,193.00,1,0,0
18324,3.312,58.20,193.00,1,0,0
18327,3.312,57.90,192.00,1,0,0
18329,3.312,57.90,192.00,1,0,0
18331,3.312,57.90,192.00,1,0,0
18334,3.312,76.90,254.00,1,0,0
18336,3.312,91.90,301.00,1,0,0
18339,3.252,67.20,193.00,1,0,0
18341,3.312,58.10,192.00,1,0,0
18344,3.312,57.90,192.00,1,0,0
18346,3.312,57.90,192.00,1,0,0
18359,3.264,59.50,197.00,1,0,0
18361,3.312,57.90,192.00,1,0,0
18364,3.312,57.90,192.00,1,0,0
18366,3.312,58.20,193.00,1,0,0
18369,3.312,58.20,193.00,1,0,0
18371,3.312,58.20,193.00,1,0,0
18374,3.312,76.30,251.00,1,0,0
18376,3.312,57.90,429.00,1,0,0
18379,3.252,57.90,192.00,1,0,0
18381,3.312,58.00,192.00,1,0,0
18384,3.312,58.20,193.00,1,0,0
18386,3.312,58.30,193.00,1,0,0
18389,3.312,58.10,192.00,1,0,0
18391,3.312,58.00,192.00,1,0,0
18404,3.316,58.20,193.00,1,0,0
18406,3.316,58.20,193.00,1,0,0
18409,3.312,57.80,192.00,1,0,0
18411,3.316,57.90,192.00,1,0,0
18414,3.312,57.90,261.00,1,0,0
18416,3.312,70.70,231.00,1,0,0
18419,3.268,88.50,293.00,1,0,0
18421,3.316,58.20,193.00,1,0,0
18424,3.316,58.00,192.00,1,0,0
18426,3.312,57.90,192.00,1,0,0
18428,3.312,57.90,192.00,1,0,0
18431,3.312,57.90,192.00,1,0,0
18433,3.312,62.70,206.00,1,0,0
18436,3.312,58.60,433.00,1,0,0
18449,3.312,58.20,193.00,1,0,0
18451,3.312,58.20,193.00,1,0,0
18453,3.312,71.90,238.00,1,0,0
18456,3.312,58.40,501.00,1,0,0
18458,3.256,58.00,192.00,1,0,0
18461,3.312,58.00,192.00,1,0,0
18463,3.312,57.90,192.00,1,0,0
18466,3.312,58.20,193.00,1,0,0
18468,3.316,58.20,193.00,1,0,0
18471,3.312,58.20,193.00,1,0,0
18473,3.312,58.00,257.00,1,0,0
18476,3.300,57.90,190.00,1,0,0
18478,3.264,156.90,519.00,1,0,0
18481,3.312,58.00,193.00,1,0,0
18493,3.312,57.80,249.00,1,0,0
18496,3.304,57.90,188.00,1,0,0
18498,3.276,137.00,454.00,1,0,0
18501,3.312,58.20,193.00,1,0,0
18503,3.312,58.10,192.00,1,0,0
18506,3.312,57.90,192.00,1,0,0
18508,3.316,57.90,192.00,1,0,0
18511,3.312,57.90,192.00,1,0,0
18513,3.312,58.30,192.00,1,0,0
18516,3.312,58.60,326.00,1,0,0
18518,3.276,150.10,218.00,1,0,0
18521,3.312,58.20,193.00,1,0,0
18523,3.312,58.00,192.00,1,0,0
18525,3.312,58.00,192.00,1,0,0
18538,3.268,115.40,198.00,1,0,0
18541,3.312,57.90,192.00,1,0,0
18543,3.312,57.90,192.00,1,0,0
18546,3.312,58.00,193.00,1,0,0
18548,3.316,58.20,193.00,1,0,0
18550,3.312,58.20,193.00,1,0,0
18553,3.312,58.20,252.00,1,0,0
18555,3.296,57.90,190.00,1,0,0
18558,3.252,151.30,500.00,1,0,0
18560,3.312,57.90,192.00,1,0,0
18563,3.312,58.30,193.00,1,0,0
18565,3.312,58.20,193.00,1,0,0
18568,3.312,58.20,193.00,1,0,0
18570,3.312,58.20,192.00,1,0,0
18583,3.312,58.20,193.00,1,0,0
18585,3.312,58.20,193.00,1,0,0
18588,3.312,57.90,192.00,1,0,0
18590,3.316,57.90,192.00,1,0,0
18593,3.312,57.90,192.00,1,0,0
18595,3.308,58.40,193.00,1,0,0
18598,3.264,159.40,285.00,1,0,0
18600,3.312,58.20,193.00,1,0,0
18603,3.312,58.30,193.00,1,0,0
18605,3.312,57.90,192.00,1,0,0
18608,3.312,57.90,192.00,1,0,0
18610,3.312,58.00,192.00,1,0,0
18613,3.312,58.20,208.00,1,0,0
18615,3.296,58.50,193.00,1,0,0
18628,3.312,58.00,193.00,1,0,0
18630,3.312,58.20,193.00,1,0,0
18633,3.312,58.10,192.00,1,0,0
18635,3.296,64.70,193.00,1,0,0
18638,3.312,115.70,380.00,1,0,0
18640,3.312,57.90,192.00,1,0,0
18643,3.312,58.00,192.00,1,0,0
18645,3.312,58.30,193.00,1,0,0
18647,3.312,58.20,193.00,1,0,0
18650,3.312,58.20,193.00,1,0,0
18652,3.312,58.10,192.00,1,0,0
18655,3.296,57.90,192.00,1,0,0
18657,3.276,118.00,519.00,1,0,0
18660,3.308,58.00,192.00,1,0,0
18673,3.316,58.00,192.00,1,0,0
18675,3.304,57.90,192.00,1,0,0
18677,3.252,151.70,496.00,1,0,0
18680,3.312,58.30,193.00,1,0,0
18682,3.312,58.30,193.00,1,0,0
18685,3.312,58.30,193.00,1,0,0
18687,3.316,57.90,192.00,1,0,0
18690,3.312,57.90,192.00,1,0,0
18692,3.312,57.90,192.00,1,0,0
18695,3.296,77.40,193.00,1,0,0
18697,3.312,155.00,505.00,1,0,0
18700,3.312,58.30,193.00,1,0,0
18702,3.312,58.00,192.00,1,0,0
18705,3.312,57.90,192.00,1,0,0
18717,3.316,115.50,377.00,1,0,0
18720,3.312,58.00,192.00,1,0,0
18722,3.316,57.90,192.00,1,0,0
18725,3.312,58.00,192.00,1,0,0
18727,3.316,58.20,193.00,1,0,0
18730,3.312,58.30,193.00,1,0,0
18732,3.312,58.20,192.00,1,0,0
18735,3.312,60.00,198.00,1,0,0
18737,3.296,128.30,418.00,1,0,0
18740,3.300,58.00,192.00,1,0,0
18742,3.316,58.20,193.00,1,0,0
18745,3.312,58.20,193.00,1,0,0
18747,3.312,58.20,193.00,1,0,0
18749,3.316,58.20,193.00,1,0,0
18762,3.316,58.30,193.00,1,0,0
18765,3.312,58.30,193.00,1,0,0
18767,3.312,58.10,192.00,1,0,0
18770,3.312,57.90,192.00,1,0,0
18772,3.312,57.90,192.00,1,0,0
18774,3.300,78.50,193.00,1,0,0
18777,3.316,159.40,521.00,1,0,0
18779,3.264,58.20,193.00,1,0,0
18782,3.316,58.30,193.00,1,0,0
18784,3.312,58.00,192.00,1,0,0
18787,3.312,57.90,192.00,1,0,0
18789,3.312,57.80,192.00,1,0,0
18792,3.312,58.10,192.00,1,0,0
18794,3.312,72.70,241.00,1,0,0
18807,3.312,58.00,192.00,1,0,0
18809,3.312,58.20,193.00,1,0,0
18812,3.316,58.20,193.00,1,0,0
18814,3.316,64.20,213.00,1,0,0
18817,3.312,152.50,496.00,1,0,0
18819,3.280,58.00,192.00,1,0,0
18822,3.312,57.90,192.00,1,0,0
18824,3.312,58.20,193.00,1,0,0
18827,3.316,58.20,193.00,1,0,0
18829,3.312,58.30,193.00,1,0,0
18832,3.316,58.20,193.00,1,0,0
18834,3.312,77.80,192.00,1,0,0
18837,3.312,118.30,387.00,1,0,0
18839,3.268,57.90,192.00,1,0,0
18852,3.316,57.90,192.00,1,0,0
18854,3.300,77.90,257.00,1,0,0
18857,3.316,58.00,488.00,1,0,0
18859,3.276,58.30,193.00,1,0,0
18862,3.312,58.20,193.00,1,0,0
18864,3.312,58.20,193.00,1,0,0
18867,3.312,57.90,192.00,1,0,0
18869,3.312,57.90,192.00,1,0,0
18871,3.312,57.90,192.00,1,0,0
18874,3.312,76.80,254.00,1,0,0
18876,3.312,103.80,341.00,1,0,0
18879,3.252,65.60,193.00,1,0,0
18881,3.312,57.90,192.00,1,0,0
18884,3.312,57.90,192.00,1,0,0
18896,3.312,154.10,503.00,1,0,0
18899,3.268,58.90,195.00,1,0,0
18901,3.312,57.90,192.00,1,0,0
18904,3.312,57.90,192.00,1,0,0
18906,3.312,58.20,193.00,1,0,0
18909,3.312,58.20,193.00,1,0,0
18911,3.312,58.20,193.00,1,0,0
18914,3.312,77.00,254.00,1,0,0
18916,3.312,57.90,419.00,1,0,0
18919,3.252,65.50,216.00,1,0,0
18921,3.312,57.90,192.00,1,0,0
18924,3.312,58.20,192.00,1,0,0
18926,3.312,58.20,193.00,1,0,0
18929,3.312,58.30,193.00,1,0,0
18941,3.316,58.20,193.00,1,0,0
18944,3.312,58.20,193.00,1,0,0
18946,3.312,58.30,192.00,1,0,0
18949,3.312,57.90,192.00,1,0,0
18951,3.316,57.90,192.00,1,0,0
18954,3.312,57.90,254.00,1,0,0
18956,3.308,60.60,197.00,1,0,0
18959,3.272,99.50,329.00,1,0,0
18961,3.312,58.20,193.00,1,0,0
18964,3.312,57.90,192.00,1,0,0
18966,3.312,57.90,192.00,1,0,0
18968,3.312,57.80,192.00,1,0,0
18971,3.312,58.20,193.00,1,0,0
18973,3.312,63.60,210.00,1,0,0
18986,3.312,57.90,192.00,1,0,0
18989,3.312,58.30,193.00,1,0,0
18991,3.312,58.10,192.00,1,0,0
18993,3.312,72.50,239.00,1,0,0
18996,3.312,58.40,193.00,1,0,0
18998,3.252,126.70,192.00,1,0,0
19001,3.312,57.90,192.00,1,0,0
19003,3.312,57.90,192.00,1,0,0
19006,3.312,58.20,193.00,1,0,0
19008,3.312,58.20,193.00,1,0,0
19011,3.312,58.20,193.00,1,0,0
19013,3.312,57.90,257.00,1,0,0
19016,3.296,57.90,190.00,1,0,0
19018,3.268,156.90,519.00,1,0,0
19031,3.312,57.90,192.00,1,0,0
19033,3.312,57.90,257.00,1,0,0
19036,3.308,58.00,188.00,1,0,0
19038,3.276,111.10,369.00,1,0,0
19041,3.312,58.30,193.00,1,0,0
19043,3.312,58.20,193.00,1,0,0
19046,3.312,57.90,192.00,1,0,0
19048,3.312,57.90,192.00,1,0,0
19051,3.312,57.80,192.00,1,0,0
19053,3.312,59.10,195.00,1,0,0
19056,3.312,58.50,193.00,1,0,0
19058,3.276,144.50,218.00,1,0,0
19061,3.312,58.30,193.00,1,0,0
19063,3.312,57.90,192.00,1,0,0
19076,3.312,58.60,193.00,1,0,0
19078,3.264,115.60,193.00,1,0,0
19081,3.312,57.90,192.00,1,0,0
19083,3.312,57.90,192.00,1,0,0
19086,3.316,57.90,193.00,1,0,0
19088,3.312,58.10,192.00,1,0,0
19090,3.312,58.10,192.00,1,0,0
19093,3.312,58.20,256.00,1,0,0
19095,3.296,57.90,190.00,1,0,0
19098,3.292,150.70,498.00,1,0,0
19100,3.312,57.90,192.00,1,0,0
19103,3.312,58.20,193.00,1,0,0
19105,3.312,58.20,193.00,1,0,0
19108,3.312,58.20,193.00,1,0,0
19120,3.312,58.20,193.00,1,0,0
19123,3.312,58.20,193.00,1,0,0
19125,3.312,58.20,193.00,1,0,0
19128,3.312,58.00,192.00,1,0,0
19130,3.316,57.90,192.00,1,0,0
19133,3.312,57.90,190.00,1,0,0
