timestamp_ms,voltage_V,current_mA,power_mW,marker_ble,marker_wifi,marker_sleep
0,3.316,57.60,190.00,1,0,0
2,3.312,57.60,192.00,1,0,0
5,3.312,57.60,192.00,1,0,0
7,3.316,57.90,192.00,1,0,0
10,3.312,57.90,192.00,1,0,0
12,3.316,57.90,192.00,1,0,0
15,3.312,57.90,190.00,1,0,0
17,3.312,57.50,190.00,1,0,0
20,3.312,57.60,192.00,1,0,0
22,3.312,57.60,192.00,1,0,0
25,3.312,57.90,192.00,1,0,0
27,3.316,57.90,192.00,1,0,0
30,3.316,58.00,192.00,1,0,0
32,3.316,57.70,192.00,1,0,0
35,3.316,78.00,257.00,1,0,0
37,3.316,73.10,239.00,1,0,0
39,3.264,84.70,192.00,1,0,0
42,3.316,57.70,192.00,1,0,0
44,3.316,68.30,226.00,1,0,0
47,3.316,58.00,192.00,1,0,0
49,3.316,57.60,190.00,1,0,0
52,3.316,57.50,190.00,1,0,0
54,3.316,57.50,192.00,1,0,0
67,3.316,57.60,192.00,1,0,0
69,3.316,57.60,190.00,1,0,0
72,3.316,57.80,192.00,1,0,0
74,3.316,57.80,192.00,1,0,0
77,3.316,57.90,192.00,1,0,0
79,3.316,58.00,192.00,1,0,0
82,3.312,57.60,192.00,1,0,0
84,3.316,57.60,190.00,1,0,0
87,3.316,57.60,190.00,1,0,0
89,3.316,57.80,192.00,1,0,0
92,3.316,57.90,192.00,1,0,0
94,3.316,58.00,192.00,1,0,0
97,3.316,57.80,192.00,1,0,0
99,3.312,57.70,190.00,1,0,0
101,3.316,57.60,192.00,1,0,0
104,3.316,57.60,192.00,1,0,0
106,3.316,57.90,192.00,1,0,0
109,3.312,57.90,192.00,1,0,0
111,3.316,58.00,192.00,1,0,0
114,3.316,57.60,192.00,1,0,0
116,3.316,57.60,190.00,1,0,0
129,3.316,58.00,192.00,1,0,0
131,3.312,57.60,192.00,1,0,0
134,3.312,57.60,190.00,1,0,0
136,3.316,57.60,382.00,1,0,0
139,3.276,105.70,351.00,1,0,0
141,3.312,57.60,190.00,1,0,0
144,3.316,57.70,229.00,1,0,0
146,3.316,57.70,192.00,1,0,0
149,3.316,57.60,190.00,1,0,0
151,3.312,57.60,190.00,1,0,0
154,3.312,57.90,192.00,1,0,0
156,3.316,57.90,192.00,1,0,0
159,3.316,57.80,192.00,1,0,0
161,3.316,57.90,192.00,1,0,0
164,3.316,57.70,192.00,1,0,0
166,3.316,57.60,190.00,1,0,0
168,3.316,57.50,190.00,1,0,0
171,3.316,57.90,192.00,1,0,0
184,3.316,57.60,190.00,1,0,0
186,3.312,57.70,192.00,1,0,0
189,3.312,57.80,192.00,1,0,0
191,3.316,57.90,192.00,1,0,0
193,3.312,57.80,192.00,1,0,0
196,3.316,57.60,192.00,1,0,0
198,3.316,57.60,192.00,1,0,0
201,3.316,57.50,190.00,1,0,0
203,3.316,57.90,192.00,1,0,0
206,3.312,57.90,192.00,1,0,0
208,3.312,57.80,192.00,1,0,0
211,3.316,58.00,192.00,1,0,0
213,3.316,57.70,192.00,1,0,0
216,3.316,57.60,190.00,1,0,0
218,3.312,57.60,190.00,1,0,0
221,3.316,57.90,192.00,1,0,0
223,3.316,57.80,192.00,1,0,0
226,3.312,57.90,192.00,1,0,0
228,3.312,57.60,192.00,1,0,0
241,3.316,57.70,192.00,1,0,0
243,3.316,57.70,192.00,1,0,0
246,3.312,57.70,192.00,1,0,0
248,3.316,57.70,192.00,1,0,0
251,3.316,57.50,190.00,1,0,0
253,3.316,57.90,192.00,1,0,0
256,3.316,57.90,192.00,1,0,0
258,3.316,57.90,192.00,1,0,0
260,3.316,57.50,190.00,1,0,0
263,3.316,57.70,192.00,1,0,0
265,3.312,57.60,192.00,1,0,0
268,3.316,57.80,192.00,1,0,0
270,3.316,57.90,192.00,1,0,0
273,3.316,57.90,192.00,1,0,0
275,3.316,57.90,192.00,1,0,0
278,3.316,57.60,190.00,1,0,0
280,3.312,57.70,192.00,1,0,0
283,3.312,57.60,190.00,1,0,0
285,3.316,57.90,192.00,1,0,0
298,3.316,57.70,192.00,1,0,0
300,3.312,57.60,192.00,1,0,0
303,3.312,57.90,192.00,1,0,0
305,3.312,57.80,192.00,1,0,0
308,3.312,57.90,192.00,1,0,0
310,3.316,57.60,192.00,1,0,0
313,3.316,57.70,192.00,1,0,0
315,3.312,57.60,192.00,1,0,0
318,3.316,57.80,192.00,1,0,0
320,3.316,57.80,192.00,1,0,0
323,3.312,57.80,192.00,1,0,0
325,3.316,57.90,190.00,1,0,0
327,3.312,57.60,192.00,1,0,0
330,3.312,57.60,190.00,1,0,0
332,3.312,57.70,192.00,1,0,0
335,3.316,69.60,231.00,1,0,0
337,3.316,154.10,505.00,1,0,0
340,3.268,59.30,192.00,1,0,0
352,3.316,57.80,192.00,1,0,0
355,3.316,57.90,192.00,1,0,0
357,3.316,57.80,192.00,1,0,0
360,3.316,57.60,190.00,1,0,0
362,3.316,57.60,192.00,1,0,0
365,3.316,57.60,190.00,1,0,0
367,3.312,57.90,192.00,1,0,0
370,3.316,57.90,192.00,1,0,0
372,3.316,57.90,192.00,1,0,0
375,3.312,57.50,190.00,1,0,0
377,3.316,57.60,192.00,1,0,0
380,3.316,57.70,192.00,1,0,0
382,3.316,57.70,192.00,1,0,0
385,3.316,57.90,192.00,1,0,0
387,3.316,57.80,192.00,1,0,0
389,3.316,57.90,192.00,1,0,0
392,3.312,57.50,192.00,1,0,0
394,3.316,57.60,192.00,1,0,0
397,3.316,57.70,192.00,1,0,0
410,3.312,57.60,192.00,1,0,0
412,3.316,57.70,192.00,1,0,0
414,3.312,57.70,192.00,1,0,0
417,3.316,57.90,192.00,1,0,0
419,3.312,57.90,192.00,1,0,0
422,3.316,57.90,192.00,1,0,0
424,3.316,57.50,190.00,1,0,0
427,3.316,57.60,192.00,1,0,0
429,3.316,57.60,192.00,1,0,0
432,3.316,57.90,192.00,1,0,0
434,3.316,64.80,213.00,1,0,0
437,3.316,57.70,429.00,1,0,0
439,3.256,93.60,310.00,1,0,0
442,3.312,57.50,190.00,1,0,0
444,3.316,57.70,192.00,1,0,0
447,3.316,57.80,192.00,1,0,0
449,3.316,57.90,192.00,1,0,0
451,3.316,57.80,192.00,1,0,0
454,3.316,57.80,192.00,1,0,0
467,3.316,57.90,192.00,1,0,0
469,3.316,57.80,192.00,1,0,0
472,3.316,57.80,192.00,1,0,0
474,3.316,57.50,190.00,1,0,0
477,3.316,57.60,192.00,1,0,0
479,3.316,57.70,192.00,1,0,0
481,3.316,57.90,192.00,1,0,0
484,3.316,57.80,192.00,1,0,0
486,3.316,57.80,192.00,1,0,0
489,3.312,57.80,192.00,1,0,0
491,3.316,57.50,190.00,1,0,0
494,3.312,57.60,192.00,1,0,0
496,3.316,57.60,192.00,1,0,0
499,3.316,57.90,192.00,1,0,0
501,3.316,57.80,192.00,1,0,0
504,3.316,57.90,192.00,1,0,0
506,3.316,57.60,190.00,1,0,0
509,3.312,57.50,190.00,1,0,0
511,3.316,57.60,190.00,1,0,0
524,3.316,57.50,190.00,1,0,0
526,3.312,57.50,190.00,1,0,0
529,3.316,57.70,192.00,1,0,0
531,3.316,58.00,192.00,1,0,0
534,3.316,57.80,231.00,1,0,0
536,3.296,57.70,190.00,1,0,0
539,3.260,105.90,344.00,1,0,0
541,3.316,57.50,190.00,1,0,0
544,3.312,57.60,190.00,1,0,0
546,3.316,58.00,192.00,1,0,0
548,3.316,57.90,192.00,1,0,0
551,3.316,57.90,192.00,1,0,0
553,3.316,57.90,192.00,1,0,0
556,3.316,57.60,190.00,1,0,0
558,3.312,57.50,192.00,1,0,0
561,3.316,57.60,192.00,1,0,0
563,3.316,58.00,192.00,1,0,0
566,3.316,58.00,192.00,1,0,0
578,3.316,57.70,192.00,1,0,0
581,3.316,58.00,192.00,1,0,0
583,3.316,57.90,192.00,1,0,0
586,3.316,57.90,192.00,1,0,0
588,3.316,57.60,192.00,1,0,0
591,3.312,57.50,190.00,1,0,0
593,3.312,57.60,190.00,1,0,0
596,3.312,58.00,192.00,1,0,0
598,3.312,58.00,192.00,1,0,0
601,3.316,57.80,192.00,1,0,0
603,3.316,57.80,192.00,1,0,0
606,3.316,57.60,190.00,1,0,0
608,3.316,57.50,190.00,1,0,0
610,3.316,57.60,192.00,1,0,0
613,3.316,58.00,192.00,1,0,0
615,3.316,57.90,192.00,1,0,0
618,3.316,57.80,192.00,1,0,0
620,3.316,57.50,190.00,1,0,0
623,3.312,57.50,190.00,1,0,0
635,3.300,57.70,192.00,1,0,0
638,3.280,117.70,521.00,1,0,0
640,3.308,57.60,192.00,1,0,0
643,3.316,57.50,190.00,1,0,0
645,3.304,58.50,192.00,1,0,0
648,3.316,58.00,192.00,1,0,0
650,3.316,57.90,192.00,1,0,0
653,3.316,57.50,190.00,1,0,0
655,3.312,57.60,192.00,1,0,0
658,3.316,57.60,192.00,1,0,0
660,3.316,57.70,192.00,1,0,0
663,3.316,58.00,192.00,1,0,0
665,3.316,58.00,192.00,1,0,0
668,3.316,57.80,192.00,1,0,0
670,3.316,57.60,192.00,1,0,0
673,3.316,57.60,192.00,1,0,0
675,3.316,57.60,192.00,1,0,0
677,3.316,57.90,192.00,1,0,0
690,3.316,57.50,190.00,1,0,0
693,3.316,57.80,192.00,1,0,0
695,3.312,57.90,192.00,1,0,0
697,3.312,58.00,192.00,1,0,0
700,3.316,57.90,192.00,1,0,0
702,3.316,57.60,192.00,1,0,0
705,3.316,57.60,192.00,1,0,0
707,3.316,57.50,192.00,1,0,0
710,3.316,57.90,192.00,1,0,0
712,3.316,58.00,192.00,1,0,0
715,3.312,58.00,192.00,1,0,0
717,3.316,57.70,192.00,1,0,0
720,3.316,57.50,190.00,1,0,0
722,3.316,57.60,190.00,1,0,0
725,3.316,57.50,190.00,1,0,0
727,3.316,57.80,192.00,1,0,0
730,3.316,57.90,192.00,1,0,0
732,3.316,57.90,192.00,1,0,0
734,3.316,78.00,257.00,1,0,0
747,3.316,58.00,192.00,1,0,0
750,3.316,57.90,192.00,1,0,0
752,3.316,57.60,190.00,1,0,0
755,3.312,57.50,190.00,1,0,0
757,3.312,57.60,192.00,1,0,0
760,3.312,57.90,192.00,1,0,0
762,3.316,57.90,192.00,1,0,0
764,3.316,57.90,192.00,1,0,0
767,3.316,57.70,190.00,1,0,0
769,3.312,57.60,190.00,1,0,0
772,3.316,57.50,190.00,1,0,0
774,3.316,57.50,192.00,1,0,0
777,3.316,57.90,192.00,1,0,0
779,3.316,58.00,192.00,1,0,0
782,3.316,58.00,192.00,1,0,0
784,3.312,57.50,190.00,1,0,0
787,3.316,57.50,190.00,1,0,0
789,3.316,57.60,192.00,1,0,0
792,3.316,57.80,192.00,1,0,0
804,3.312,57.60,190.00,1,0,0
807,3.316,57.60,192.00,1,0,0
809,3.316,57.90,192.00,1,0,0
812,3.316,58.00,192.00,1,0,0
814,3.316,58.00,192.00,1,0,0
817,3.316,57.60,192.00,1,0,0
819,3.316,57.50,192.00,1,0,0
822,3.316,57.60,190.00,1,0,0
824,3.316,57.90,192.00,1,0,0
827,3.316,57.90,192.00,1,0,0
829,3.316,58.10,193.00,1,0,0
831,3.316,58.00,192.00,1,0,0
834,3.316,57.60,259.00,1,0,0
836,3.308,64.80,211.00,1,0,0
839,3.288,165.00,546.00,1,0,0
841,3.312,57.70,192.00,1,0,0
844,3.312,68.00,226.00,1,0,0
846,3.312,58.00,192.00,1,0,0
849,3.316,57.80,192.00,1,0,0
861,3.316,57.90,192.00,1,0,0
864,3.316,58.00,192.00,1,0,0
866,3.316,57.70,192.00,1,0,0
869,3.316,57.60,192.00,1,0,0
871,3.316,57.60,190.00,1,0,0
874,3.316,57.80,192.00,1,0,0
876,3.316,57.90,192.00,1,0,0
879,3.316,58.00,192.00,1,0,0
881,3.312,57.70,192.00,1,0,0
884,3.316,57.50,190.00,1,0,0
886,3.316,57.60,190.00,1,0,0
889,3.316,57.80,192.00,1,0,0
891,3.316,57.80,192.00,1,0,0
894,3.316,57.90,192.00,1,0,0
896,3.316,58.00,192.00,1,0,0
898,3.316,57.60,192.00,1,0,0
901,3.312,57.60,190.00,1,0,0
903,3.316,57.60,192.00,1,0,0
906,3.316,57.90,192.00,1,0,0
919,3.316,57.60,192.00,1,0,0
921,3.316,57.60,190.00,1,0,0
923,3.316,57.90,192.00,1,0,0
926,3.316,58.00,192.00,1,0,0
928,3.316,58.00,192.00,1,0,0
931,3.316,57.70,192.00,1,0,0
933,3.316,57.60,190.00,1,0,0
936,3.316,57.60,192.00,1,0,0
938,3.276,152.60,215.00,1,0,0
941,3.316,57.70,192.00,1,0,0
943,3.316,57.70,192.00,1,0,0
946,3.316,58.50,192.00,1,0,0
948,3.316,57.70,192.00,1,0,0
951,3.316,57.60,192.00,1,0,0
953,3.316,57.60,192.00,1,0,0
956,3.316,57.80,192.00,1,0,0
962,3.316,57.90,192.00,1,0,0
965,3.312,57.70,192.00,1,0,0
967,3.316,57.50,190.00,1,0,0
970,3.312,57.50,190.00,1,0,0
972,3.312,57.90,192.00,1,0,0
975,3.316,57.90,192.00,1,0,0
977,3.316,57.90,192.00,1,0,0
979,3.316,57.70,192.00,1,0,0
982,3.312,57.70,192.00,1,0,0
984,3.316,57.60,192.00,1,0,0
987,3.316,57.80,192.00,1,0,0
1000,3.316,57.60,192.00,1,0,0
1002,3.316,57.50,190.00,1,0,0
1004,3.316,57.90,192.00,1,0,0
1007,3.316,57.90,192.00,1,0,0
1009,3.316,57.90,192.00,1,0,0
1012,3.312,57.90,192.00,1,0,0
1014,3.316,57.70,192.00,1,0,0
1017,3.316,57.50,190.00,1,0,0
1019,3.316,57.60,192.00,1,0,0
1022,3.316,57.90,192.00,1,0,0
1024,3.316,57.80,192.00,1,0,0
1027,3.316,57.90,192.00,1,0,0
1029,3.316,57.60,192.00,1,0,0
1032,3.316,57.60,192.00,1,0,0
1034,3.316,57.60,241.00,1,0,0
1037,3.316,57.70,436.00,1,0,0
1049,3.316,57.70,192.00,1,0,0
1052,3.316,57.60,192.00,1,0,0
1054,3.316,57.80,192.00,1,0,0
1057,3.316,57.80,192.00,1,0,0
1059,3.312,57.80,192.00,1,0,0
1062,3.316,57.60,192.00,1,0,0
1064,3.316,57.60,192.00,1,0,0
1067,3.316,57.50,190.00,1,0,0
1069,3.312,57.80,192.00,1,0,0
1072,3.316,57.80,192.00,1,0,0
1074,3.316,57.80,192.00,1,0,0
1076,3.312,57.90,192.00,1,0,0
1079,3.312,57.60,192.00,1,0,0
1081,3.316,57.60,192.00,1,0,0
1084,3.316,57.60,192.00,1,0,0
1086,3.316,57.80,192.00,1,0,0
1099,3.312,57.70,192.00,1,0,0
1101,3.316,57.50,192.00,1,0,0
1104,3.316,57.80,192.00,1,0,0
1106,3.316,57.90,192.00,1,0,0
1109,3.316,57.80,192.00,1,0,0
1111,3.316,57.60,192.00,1,0,0
1114,3.316,57.70,192.00,1,0,0
1116,3.316,57.60,190.00,1,0,0
1119,3.316,57.90,192.00,1,0,0
1121,3.316,57.90,192.00,1,0,0
1124,3.316,57.80,192.00,1,0,0
1126,3.316,57.60,192.00,1,0,0
1129,3.316,57.70,192.00,1,0,0
1131,3.316,57.70,192.00,1,0,0
1134,3.316,57.70,190.00,1,0,0
1136,3.316,57.70,192.00,1,0,0
1149,3.312,57.60,192.00,1,0,0
1151,3.316,57.90,192.00,1,0,0
1154,3.316,57.90,192.00,1,0,0
1156,3.316,57.90,192.00,1,0,0
1159,3.316,57.80,192.00,1,0,0
1161,3.316,57.60,192.00,1,0,0
1164,3.316,57.70,192.00,1,0,0
1166,3.316,57.60,192.00,1,0,0
1169,3.316,57.80,192.00,1,0,0
1171,3.316,57.90,192.00,1,0,0
1173,3.316,57.80,192.00,1,0,0
1176,3.316,57.70,190.00,1,0,0
1178,3.312,57.70,192.00,1,0,0
1181,3.316,57.70,192.00,1,0,0
1183,3.316,57.70,192.00,1,0,0
1186,3.316,57.90,192.00,1,0,0
1199,3.316,57.60,192.00,1,0,0
1201,3.316,57.80,192.00,1,0,0
1203,3.316,57.90,192.00,1,0,0
1206,3.316,57.90,192.00,1,0,0
1208,3.316,57.50,190.00,1,0,0
1211,3.316,57.70,192.00,1,0,0
1213,3.316,57.70,192.00,1,0,0
1216,3.316,57.80,192.00,1,0,0
1218,3.316,57.90,192.00,1,0,0
1221,3.316,57.90,192.00,1,0,0
1223,3.316,57.80,192.00,1,0,0
1226,3.316,57.60,190.00,1,0,0
1228,3.316,57.60,192.00,1,0,0
1231,3.316,57.70,192.00,1,0,0
1233,3.316,57.90,192.00,1,0,0
1236,3.296,64.00,192.00,1,0,0
1248,3.316,57.70,192.00,1,0,0
1251,3.316,57.80,192.00,1,0,0
1253,3.316,57.80,192.00,1,0,0
1256,3.316,57.90,192.00,1,0,0
1258,3.316,57.50,190.00,1,0,0
1261,3.316,57.60,192.00,1,0,0
1263,3.316,57.80,192.00,1,0,0
1266,3.316,57.90,192.00,1,0,0
1268,3.316,58.00,192.00,1,0,0
1270,3.316,57.90,192.00,1,0,0
1273,3.316,57.90,192.00,1,0,0
1275,3.316,57.50,190.00,1,0,0
1278,3.316,57.60,192.00,1,0,0
1280,3.316,57.70,192.00,1,0,0
1283,3.316,57.90,192.00,1,0,0
1285,3.316,57.90,192.00,1,0,0
1298,3.316,57.90,192.00,1,0,0
1300,3.316,57.90,192.00,1,0,0
1303,3.316,57.90,192.00,1,0,0
1305,3.316,57.90,192.00,1,0,0
1308,3.312,57.60,192.00,1,0,0
1310,3.316,57.60,192.00,1,0,0
1313,3.316,57.70,192.00,1,0,0
1315,3.316,57.90,192.00,1,0,0
1318,3.316,57.80,192.00,1,0,0
1320,3.316,57.80,192.00,1,0,0
1323,3.316,57.60,192.00,1,0,0
1325,3.316,57.60,192.00,1,0,0
1328,3.316,57.60,190.00,1,0,0
1330,3.316,57.70,192.00,1,0,0
1333,3.312,57.90,192.00,1,0,0
1335,3.316,58.50,193.00,1,0,0
1348,3.316,58.00,192.00,1,0,0
1350,3.316,57.90,192.00,1,0,0
1353,3.316,57.90,192.00,1,0,0
1355,3.312,57.60,190.00,1,0,0
1358,3.316,57.50,190.00,1,0,0
1360,3.316,57.60,190.00,1,0,0
1363,3.312,58.00,192.00,1,0,0
1365,3.316,58.00,192.00,1,0,0
1367,3.316,57.90,192.00,1,0,0
1370,3.316,57.80,192.00,1,0,0
1372,3.316,57.50,190.00,1,0,0
1375,3.312,57.60,192.00,1,0,0
1377,3.316,57.70,192.00,1,0,0
1380,3.316,58.10,193.00,1,0,0
1382,3.316,58.00,192.00,1,0,0
1385,3.316,57.90,192.00,1,0,0
1397,3.316,58.10,192.00,1,0,0
1400,3.316,57.90,192.00,1,0,0
1402,3.316,57.80,192.00,1,0,0
1405,3.316,57.60,190.00,1,0,0
1407,3.316,57.50,190.00,1,0,0
1410,3.316,57.60,190.00,1,0,0
1412,3.312,57.90,192.00,1,0,0
1415,3.316,58.10,192.00,1,0,0
1417,3.316,57.80,192.00,1,0,0
1420,3.316,57.80,192.00,1,0,0
1422,3.316,57.50,190.00,1,0,0
1425,3.316,57.50,190.00,1,0,0
1427,3.316,57.60,192.00,1,0,0
1429,3.312,58.00,193.00,1,0,0
1432,3.316,57.90,192.00,1,0,0
1434,3.316,72.80,241.00,1,0,0
1447,3.316,58.10,193.00,1,0,0
1450,3.316,58.00,192.00,1,0,0
1452,3.316,57.90,192.00,1,0,0
1455,3.316,57.60,192.00,1,0,0
1457,3.312,57.60,190.00,1,0,0
1459,3.312,57.70,192.00,1,0,0
1462,3.312,58.00,192.00,1,0,0
1464,3.316,58.10,193.00,1,0,0
1467,3.316,57.90,192.00,1,0,0
1469,3.316,57.70,192.00,1,0,0
1472,3.316,57.50,190.00,1,0,0
1474,3.316,57.60,190.00,1,0,0
1477,3.316,57.60,192.00,1,0,0
1479,3.312,58.00,192.00,1,0,0
1482,3.316,58.00,192.00,1,0,0
1484,3.316,57.90,192.00,1,0,0
1497,3.316,58.10,193.00,1,0,0
1499,3.316,57.90,192.00,1,0,0
1502,3.316,57.80,190.00,1,0,0
1504,3.316,57.50,190.00,1,0,0
1507,3.312,57.50,190.00,1,0,0
1509,3.312,57.60,192.00,1,0,0
1512,3.316,58.00,192.00,1,0,0
1514,3.316,58.10,192.00,1,0,0
1517,3.316,57.90,192.00,1,0,0
1519,3.316,57.70,192.00,1,0,0
1522,3.316,57.50,190.00,1,0,0
1524,3.316,57.50,190.00,1,0,0
1527,3.312,57.60,192.00,1,0,0
1529,3.316,58.10,193.00,1,0,0
1531,3.316,58.00,192.00,1,0,0
1534,3.316,57.90,257.00,1,0,0
1547,3.316,58.10,192.00,1,0,0
1549,3.316,57.90,192.00,1,0,0
1552,3.316,57.60,192.00,1,0,0
1554,3.312,57.50,190.00,1,0,0
1557,3.312,57.60,190.00,1,0,0
1559,3.312,57.70,192.00,1,0,0
1561,3.316,57.90,192.00,1,0,0
1564,3.316,58.00,192.00,1,0,0
1566,3.316,57.90,192.00,1,0,0
1569,3.312,57.50,190.00,1,0,0
1571,3.316,57.60,190.00,1,0,0
1574,3.312,57.50,190.00,1,0,0
1576,3.316,57.90,192.00,1,0,0
1579,3.316,58.00,192.00,1,0,0
1581,3.316,58.00,192.00,1,0,0
1584,3.316,57.80,192.00,1,0,0
1596,3.316,58.10,192.00,1,0,0
1599,3.316,57.90,192.00,1,0,0
1601,3.316,57.60,192.00,1,0,0
1604,3.312,57.60,192.00,1,0,0
1606,3.316,57.60,190.00,1,0,0
1609,3.312,57.80,192.00,1,0,0
1611,3.316,58.00,192.00,1,0,0
1614,3.312,58.10,193.00,1,0,0
1616,3.316,57.60,192.00,1,0,0
1619,3.316,57.50,190.00,1,0,0
1621,3.316,57.60,190.00,1,0,0
1624,3.316,57.50,190.00,1,0,0
1626,3.316,57.80,192.00,1,0,0
1628,3.316,58.00,192.00,1,0,0
1631,3.316,58.10,192.00,1,0,0
1633,3.316,57.50,190.00,1,0,0
1646,3.312,58.00,192.00,1,0,0
1649,3.316,58.00,192.00,1,0,0
1651,3.316,57.60,192.00,1,0,0
1654,3.316,57.50,190.00,1,0,0
1656,3.316,57.50,190.00,1,0,0
1658,3.316,57.90,192.00,1,0,0
1661,3.316,57.90,192.00,1,0,0
1663,3.316,58.10,193.00,1,0,0
1666,3.316,57.70,192.00,1,0,0
1668,3.316,57.50,190.00,1,0,0
1671,3.316,57.50,190.00,1,0,0
1673,3.316,57.50,192.00,1,0,0
1676,3.316,57.90,192.00,1,0,0
1678,3.316,58.00,192.00,1,0,0
1681,3.312,58.00,192.00,1,0,0
1683,3.316,57.50,190.00,1,0,0
1696,3.316,58.00,192.00,1,0,0
1698,3.316,57.60,192.00,1,0,0
1701,3.316,57.60,192.00,1,0,0
1703,3.316,57.60,190.00,1,0,0
1706,3.316,57.70,192.00,1,0,0
1708,3.312,57.80,192.00,1,0,0
1711,3.316,57.90,192.00,1,0,0
1713,3.316,58.00,192.00,1,0,0
1716,3.316,57.60,190.00,1,0,0
1718,3.316,57.40,190.00,1,0,0
1721,3.312,57.50,190.00,1,0,0
1723,3.316,57.80,192.00,1,0,0
1725,3.316,57.90,192.00,1,0,0
1728,3.316,58.00,192.00,1,0,0
1730,3.316,58.00,192.00,1,0,0
1733,3.316,57.50,190.00,1,0,0
1746,3.316,58.60,195.00,1,0,0
1748,3.316,57.80,190.00,1,0,0
1751,3.312,57.50,190.00,1,0,0
1753,3.312,57.50,190.00,1,0,0
1755,3.316,57.60,192.00,1,0,0
1758,3.316,57.90,192.00,1,0,0
1760,3.316,58.00,192.00,1,0,0
1763,3.312,58.00,192.00,1,0,0
1765,3.316,57.60,192.00,1,0,0
1768,3.316,57.50,190.00,1,0,0
1770,3.316,57.50,190.00,1,0,0
1773,3.316,57.80,192.00,1,0,0
1775,3.316,57.90,192.00,1,0,0
1778,3.316,57.90,193.00,1,0,0
1780,3.316,57.80,192.00,1,0,0
1783,3.316,57.60,192.00,1,0,0
1795,3.316,58.00,192.00,1,0,0
1798,3.316,57.80,192.00,1,0,0
1800,3.316,57.50,192.00,1,0,0
1803,3.316,57.60,192.00,1,0,0
1805,3.316,57.80,192.00,1,0,0
1808,3.316,57.90,192.00,1,0,0
1810,3.316,57.90,192.00,1,0,0
1813,3.316,57.90,192.00,1,0,0
1815,3.312,57.70,192.00,1,0,0
1818,3.316,57.60,192.00,1,0,0
1820,3.316,57.50,190.00,1,0,0
1823,3.316,57.90,192.00,1,0,0
1825,3.316,57.90,192.00,1,0,0
1827,3.312,57.90,192.00,1,0,0
1830,3.316,57.80,192.00,1,0,0
1832,3.316,57.60,192.00,1,0,0
1845,3.312,57.90,192.00,1,0,0
1848,3.312,57.70,192.00,1,0,0
1850,3.312,57.60,190.00,1,0,0
1852,3.316,57.60,192.00,1,0,0
1855,3.316,57.90,192.00,1,0,0
1857,3.312,57.80,192.00,1,0,0
1860,3.316,57.90,192.00,1,0,0
1862,3.316,57.70,192.00,1,0,0
1865,3.312,57.70,192.00,1,0,0
1867,3.316,57.60,192.00,1,0,0
1870,3.316,57.90,192.00,1,0,0
1872,3.316,57.90,192.00,1,0,0
1875,3.316,57.90,192.00,1,0,0
1877,3.316,57.90,192.00,1,0,0
1880,3.312,57.70,192.00,1,0,0
1882,3.316,57.70,192.00,1,0,0
1895,3.316,57.70,192.00,1,0,0
1897,3.316,57.70,192.00,1,0,0
1900,3.316,57.60,192.00,1,0,0
1902,3.316,57.60,192.00,1,0,0
1905,3.316,57.80,192.00,1,0,0
1907,3.316,57.90,192.00,1,0,0
1910,3.316,57.90,192.00,1,0,0
1912,3.316,57.60,192.00,1,0,0
1915,3.316,57.60,192.00,1,0,0
1917,3.316,57.60,192.00,1,0,0
1920,3.316,57.80,192.00,1,0,0
1922,3.316,57.80,192.00,1,0,0
1924,3.316,57.80,192.00,1,0,0
1927,3.316,57.90,192.00,1,0,0
1929,3.316,57.80,192.00,1,0,0
1932,3.316,57.60,190.00,1,0,0
1945,3.312,65.90,218.00,1,0,0
1947,3.316,57.80,192.00,1,0,0
1950,3.316,57.60,192.00,1,0,0
1952,3.316,57.80,192.00,1,0,0
1954,3.316,57.90,192.00,1,0,0
1957,3.316,57.80,192.00,1,0,0
1959,3.316,57.80,192.00,1,0,0
1962,3.316,57.70,192.00,1,0,0
1964,3.316,57.80,192.00,1,0,0
1967,3.316,57.50,190.00,1,0,0
1969,3.316,57.90,192.00,1,0,0
1972,3.316,57.80,192.00,1,0,0
1974,3.316,57.90,192.00,1,0,0
1977,3.316,57.60,192.00,1,0,0
1979,3.316,57.70,192.00,1,0,0
1982,3.316,57.60,190.00,1,0,0
1994,3.312,57.70,192.00,1,0,0
1997,3.316,57.80,192.00,1,0,0
1999,3.316,57.60,190.00,1,0,0
2002,3.316,57.80,192.00,1,0,0
2004,3.316,57.80,192.00,1,0,0
2007,3.316,57.80,192.00,1,0,0
2009,3.316,57.60,192.00,1,0,0
2012,3.316,57.70,192.00,1,0,0
2014,3.316,57.70,192.00,1,0,0
2017,3.316,57.70,192.00,1,0,0
2019,3.316,57.90,192.00,1,0,0
2021,3.316,57.90,192.00,1,0,0
2024,3.316,57.80,192.00,1,0,0
2026,3.312,57.60,192.00,1,0,0
2029,3.312,57.80,192.00,1,0,0
2031,3.316,57.70,192.00,1,0,0
2044,3.316,57.60,202.00,1,0,0
2047,3.312,57.80,192.00,1,0,0
2049,3.316,57.70,192.00,1,0,0
2051,3.316,57.80,192.00,1,0,0
2054,3.316,57.90,192.00,1,0,0
2056,3.316,57.90,192.00,1,0,0
2059,3.316,57.60,190.00,1,0,0
2061,3.312,57.70,192.00,1,0,0
2064,3.316,57.80,192.00,1,0,0
2066,3.316,57.90,192.00,1,0,0
2069,3.312,57.80,192.00,1,0,0
2071,3.316,57.90,192.00,1,0,0
2074,3.316,57.80,192.00,1,0,0
2076,3.316,57.60,190.00,1,0,0
2079,3.312,57.70,192.00,1,0,0
2081,3.316,57.70,192.00,1,0,0
2094,3.316,57.60,192.00,1,0,0
2096,3.316,57.80,192.00,1,0,0
2099,3.316,57.90,192.00,1,0,0
2101,3.316,57.80,192.00,1,0,0
2104,3.316,57.80,192.00,1,0,0
2106,3.316,57.80,192.00,1,0,0
2109,3.312,57.50,190.00,1,0,0
2111,3.316,57.70,192.00,1,0,0
2114,3.316,57.70,192.00,1,0,0
2116,3.316,57.90,192.00,1,0,0
2118,3.316,57.90,192.00,1,0,0
2121,3.316,57.90,192.00,1,0,0
2123,3.312,57.50,190.00,1,0,0
2126,3.316,57.60,192.00,1,0,0
2128,3.316,57.70,192.00,1,0,0
2131,3.312,57.90,192.00,1,0,0
2144,3.316,57.60,190.00,1,0,0
2146,3.316,57.80,192.00,1,0,0
2148,3.316,58.00,192.00,1,0,0
2151,3.312,57.80,192.00,1,0,0
2153,3.312,57.80,192.00,1,0,0
2156,3.316,57.90,190.00,1,0,0
2158,3.316,57.60,192.00,1,0,0
2161,3.316,57.70,192.00,1,0,0
2163,3.316,57.80,192.00,1,0,0
2166,3.316,57.90,192.00,1,0,0
2168,3.312,57.90,192.00,1,0,0
2171,3.316,57.90,192.00,1,0,0
2173,3.316,57.60,190.00,1,0,0
2176,3.312,57.50,190.00,1,0,0
2178,3.316,57.70,192.00,1,0,0
2181,3.316,57.80,192.00,1,0,0
2193,3.316,57.60,192.00,1,0,0
2196,3.316,57.80,192.00,1,0,0
2198,3.316,58.00,192.00,1,0,0
2201,3.316,57.90,192.00,1,0,0
2203,3.316,57.80,192.00,1,0,0
2206,3.316,57.60,190.00,1,0,0
2208,3.316,57.50,190.00,1,0,0
2211,3.312,57.70,192.00,1,0,0
2213,3.316,58.00,192.00,1,0,0
2215,3.316,57.90,192.00,1,0,0
2218,3.316,57.80,192.00,1,0,0
2220,3.312,57.80,192.00,1,0,0
2223,3.316,57.50,190.00,1,0,0
2225,3.316,57.50,190.00,1,0,0
2228,3.316,57.70,192.00,1,0,0
2230,3.312,58.30,192.00,1,0,0
2243,3.316,57.60,192.00,1,0,0
2245,3.304,57.70,192.00,1,0,0
2248,3.316,58.00,192.00,1,0,0
2250,3.316,57.90,192.00,1,0,0
2253,3.316,57.90,192.00,1,0,0
2255,3.312,57.60,192.00,1,0,0
2258,3.316,57.50,190.00,1,0,0
2260,3.316,57.60,192.00,1,0,0
2263,3.316,58.00,192.00,1,0,0
2265,3.312,58.00,192.00,1,0,0
2268,3.316,57.80,192.00,1,0,0
2270,3.316,57.60,192.00,1,0,0
2273,3.316,57.60,192.00,1,0,0
2275,3.312,57.60,192.00,1,0,0
2278,3.316,57.80,192.00,1,0,0
2280,3.316,58.00,192.00,1,0,0
2293,3.312,57.60,192.00,1,0,0
2295,3.316,58.00,192.00,1,0,0
2298,3.316,58.10,192.00,1,0,0
2300,3.316,57.90,192.00,1,0,0
2303,3.316,57.90,192.00,1,0,0
2305,3.316,57.50,192.00,1,0,0
2308,3.316,57.60,192.00,1,0,0
2310,3.312,57.60,192.00,1,0,0
2313,3.312,58.00,193.00,1,0,0
2315,3.316,57.90,192.00,1,0,0
2317,3.316,57.80,192.00,1,0,0
2320,3.316,57.50,190.00,1,0,0
2322,3.316,57.50,190.00,1,0,0
2325,3.312,57.50,190.00,1,0,0
2327,3.312,57.70,192.00,1,0,0
2330,3.316,58.10,193.00,1,0,0
2342,3.316,57.50,192.00,1,0,0
2345,3.316,58.50,193.00,1,0,0
2347,3.316,58.10,193.00,1,0,0
2350,3.316,57.90,192.00,1,0,0
2352,3.312,57.50,190.00,1,0,0
2355,3.316,57.50,190.00,1,0,0
2357,3.316,57.50,190.00,1,0,0
2360,3.312,57.80,192.00,1,0,0
2362,3.316,58.00,192.00,1,0,0
2365,3.316,58.10,192.00,1,0,0
2367,3.316,57.80,192.00,1,0,0
2370,3.312,57.50,190.00,1,0,0
2372,3.316,57.60,192.00,1,0,0
2375,3.316,57.50,190.00,1,0,0
2377,3.316,58.00,192.00,1,0,0
2379,3.316,58.00,193.00,1,0,0
2392,3.316,57.60,190.00,1,0,0
2395,3.316,58.00,192.00,1,0,0
2397,3.316,58.00,192.00,1,0,0
2399,3.316,57.90,192.00,1,0,0
2402,3.316,57.50,190.00,1,0,0
2404,3.316,57.50,190.00,1,0,0
2407,3.312,57.60,192.00,1,0,0
2409,3.312,57.80,192.00,1,0,0
2412,3.316,57.90,192.00,1,0,0
2414,3.316,58.10,193.00,1,0,0
2417,3.316,57.90,192.00,1,0,0
2419,3.316,57.60,192.00,1,0,0
2422,3.316,57.60,192.00,1,0,0
2424,3.316,57.50,190.00,1,0,0
2427,3.316,57.90,192.00,1,0,0
2429,3.316,58.10,193.00,1,0,0
2442,3.312,57.60,192.00,1,0,0
2444,3.312,63.90,211.00,1,0,0
2447,3.316,58.10,192.00,1,0,0
2449,3.312,57.90,192.00,1,0,0
2452,3.316,57.50,190.00,1,0,0
2454,3.316,57.60,190.00,1,0,0
2457,3.316,57.50,190.00,1,0,0
2459,3.316,57.90,192.00,1,0,0
2462,3.316,58.10,192.00,1,0,0
2464,3.312,58.10,193.00,1,0,0
2467,3.312,57.70,192.00,1,0,0
2469,3.312,57.50,190.00,1,0,0
2471,3.312,57.60,192.00,1,0,0
2474,3.312,57.60,192.00,1,0,0
2476,3.316,57.90,192.00,1,0,0
2479,3.316,58.00,192.00,1,0,0
2492,3.316,57.90,192.00,1,0,0
2494,3.316,57.90,192.00,1,0,0
2497,3.316,57.90,192.00,1,0,0
2499,3.312,58.00,190.00,1,0,0
2501,3.312,57.50,190.00,1,0,0
2504,3.316,57.60,192.00,1,0,0
2506,3.316,57.60,192.00,1,0,0
2509,3.316,57.90,192.00,1,0,0
2511,3.316,58.00,192.00,1,0,0
2514,3.316,58.00,192.00,1,0,0
2516,3.312,57.60,192.00,1,0,0
2519,3.316,57.60,192.00,1,0,0
2521,3.312,57.60,190.00,1,0,0
2524,3.312,57.90,192.00,1,0,0
2526,3.316,57.90,192.00,1,0,0
2529,3.316,58.00,192.00,1,0,0
2541,3.316,57.60,192.00,1,0,0
2544,3.316,57.60,226.00,1,0,0
2546,3.316,58.10,193.00,1,0,0
2549,3.316,57.60,192.00,1,0,0
2551,3.316,57.50,190.00,1,0,0
2554,3.316,57.60,192.00,1,0,0
2556,3.316,57.70,192.00,1,0,0
2559,3.316,57.90,192.00,1,0,0
2561,3.316,57.90,192.00,1,0,0
2564,3.316,57.90,192.00,1,0,0
2566,3.316,57.60,190.00,1,0,0
2568,3.316,57.60,192.00,1,0,0
2571,3.316,57.50,190.00,1,0,0
2573,3.316,57.80,192.00,1,0,0
2576,3.316,57.90,192.00,1,0,0
2578,3.316,58.00,192.00,1,0,0
2591,3.316,57.90,192.00,1,0,0
2594,3.316,57.90,192.00,1,0,0
2596,3.316,57.90,192.00,1,0,0
2598,3.316,57.50,190.00,1,0,0
2601,3.316,57.60,192.00,1,0,0
2603,3.316,57.50,190.00,1,0,0
2606,3.316,57.80,192.00,1,0,0
2608,3.316,57.80,192.00,1,0,0
2611,3.316,57.90,192.00,1,0,0
2613,3.316,57.80,192.00,1,0,0
2616,3.316,57.60,192.00,1,0,0
2618,3.316,57.60,192.00,1,0,0
2621,3.316,57.60,192.00,1,0,0
2623,3.316,57.90,192.00,1,0,0
2626,3.312,57.90,192.00,1,0,0
2628,3.316,57.80,192.00,1,0,0
2641,3.316,57.70,192.00,1,0,0
2643,3.312,57.80,192.00,1,0,0
2646,3.316,58.60,192.00,1,0,0
2648,3.316,57.60,192.00,1,0,0
2651,3.316,57.60,192.00,1,0,0
2653,3.316,57.60,192.00,1,0,0
2656,3.316,57.90,192.00,1,0,0
2658,3.316,57.90,192.00,1,0,0
2661,3.316,57.80,192.00,1,0,0
2663,3.316,57.70,192.00,1,0,0
2665,3.316,57.60,192.00,1,0,0
2668,3.316,57.60,190.00,1,0,0
2670,3.312,57.50,192.00,1,0,0
2673,3.312,57.90,192.00,1,0,0
2675,3.316,57.80,192.00,1,0,0
2678,3.316,58.00,192.00,1,0,0
2691,3.316,57.90,192.00,1,0,0
2693,3.316,57.80,192.00,1,0,0
2695,3.316,57.70,192.00,1,0,0
2698,3.316,57.70,190.00,1,0,0
2700,3.312,57.50,190.00,1,0,0
2703,3.316,57.70,192.00,1,0,0
2705,3.316,57.80,192.00,1,0,0
2708,3.316,57.80,192.00,1,0,0
2710,3.316,57.90,192.00,1,0,0
2713,3.312,57.70,192.00,1,0,0
2715,3.316,57.60,190.00,1,0,0
2718,3.316,57.60,192.00,1,0,0
2720,3.312,57.90,192.00,1,0,0
2723,3.316,57.90,192.00,1,0,0
2725,3.316,57.90,192.00,1,0,0
2728,3.316,58.00,192.00,1,0,0
2740,3.316,57.80,192.00,1,0,0
2743,3.316,57.60,192.00,1,0,0
2745,3.316,57.60,192.00,1,0,0
2748,3.316,57.60,190.00,1,0,0
2750,3.316,57.60,190.00,1,0,0
2753,3.316,57.90,192.00,1,0,0
2755,3.316,57.80,192.00,1,0,0
2758,3.316,57.90,192.00,1,0,0
2760,3.316,57.90,192.00,1,0,0
2762,3.312,57.60,192.00,1,0,0
2765,3.316,57.60,192.00,1,0,0
2767,3.312,57.60,192.00,1,0,0
2770,3.316,57.80,192.00,1,0,0
2772,3.316,57.90,192.00,1,0,0
2775,3.316,57.90,192.00,1,0,0
2777,3.316,57.60,190.00,1,0,0
2790,3.316,57.90,192.00,1,0,0
2792,3.316,57.90,192.00,1,0,0
2795,3.316,57.60,190.00,1,0,0
2797,3.312,57.60,192.00,1,0,0
2800,3.316,57.60,190.00,1,0,0
2802,3.316,57.90,192.00,1,0,0
2805,3.316,57.90,192.00,1,0,0
2807,3.316,57.90,192.00,1,0,0
2810,3.316,57.70,192.00,1,0,0
2812,3.316,57.70,192.00,1,0,0
2815,3.316,57.70,192.00,1,0,0
2817,3.316,57.50,190.00,1,0,0
2820,3.312,57.80,192.00,1,0,0
2822,3.316,57.80,192.00,1,0,0
2825,3.312,57.90,192.00,1,0,0
2827,3.316,57.60,192.00,1,0,0
2840,3.256,100.10,190.00,1,0,0
2842,3.312,57.50,190.00,1,0,0
2845,3.312,63.30,210.00,1,0,0
2847,3.316,57.70,192.00,1,0,0
2850,3.312,57.60,192.00,1,0,0
2852,3.316,57.80,192.00,1,0,0
2855,3.316,57.90,192.00,1,0,0
2857,3.316,57.90,192.00,1,0,0
2860,3.312,57.60,192.00,1,0,0
2862,3.316,57.70,192.00,1,0,0
2864,3.312,57.60,192.00,1,0,0
2867,3.316,57.80,192.00,1,0,0
2869,3.316,57.80,192.00,1,0,0
2872,3.316,57.90,192.00,1,0,0
2874,3.316,57.80,192.00,1,0,0
2877,3.316,57.50,190.00,1,0,0
2890,3.316,57.90,192.00,1,0,0
2892,3.316,57.60,190.00,1,0,0
2894,3.312,57.60,190.00,1,0,0
2897,3.316,57.70,192.00,1,0,0
2899,3.316,57.60,192.00,1,0,0
2902,3.316,57.90,192.00,1,0,0
2904,3.316,57.80,192.00,1,0,0
2907,3.316,57.80,192.00,1,0,0
2909,3.316,57.60,192.00,1,0,0
2912,3.312,57.70,192.00,1,0,0
2914,3.316,57.60,192.00,1,0,0
2917,3.316,57.90,192.00,1,0,0
2919,3.316,57.80,192.00,1,0,0
2922,3.316,57.80,192.00,1,0,0
2924,3.316,57.60,192.00,1,0,0
2927,3.316,57.60,192.00,1,0,0
2939,3.256,57.70,192.00,1,0,0
2942,3.316,57.50,190.00,1,0,0
2944,3.316,57.50,192.00,1,0,0
2947,3.312,57.60,190.00,1,0,0
2949,3.316,57.90,192.00,1,0,0
2952,3.312,57.80,192.00,1,0,0
2954,3.316,57.80,192.00,1,0,0
2957,3.312,57.70,192.00,1,0,0
2963,3.316,57.70,192.00,1,0,0
2966,3.316,57.80,192.00,1,0,0
2968,3.316,57.80,192.00,1,0,0
2971,3.316,57.90,192.00,1,0,0
2973,3.316,57.50,190.00,1,0,0
2976,3.316,57.60,192.00,1,0,0
2978,3.316,57.60,192.00,1,0,0
2980,3.316,57.70,192.00,1,0,0
2983,3.316,57.90,192.00,1,0,0
2985,3.312,57.90,192.00,1,0,0
2988,3.316,57.90,192.00,1,0,0
2990,3.316,57.50,190.00,1,0,0
2993,3.312,57.50,190.00,1,0,0
2995,3.312,57.60,192.00,1,0,0
2998,3.312,58.00,192.00,1,0,0
3010,3.316,57.60,192.00,1,0,0
3013,3.316,57.60,190.00,1,0,0
3015,3.316,57.90,192.00,1,0,0
3018,3.316,57.80,192.00,1,0,0
3020,3.316,57.90,192.00,1,0,0
3023,3.316,57.60,192.00,1,0,0
3025,3.316,57.60,190.00,1,0,0
3028,3.312,57.70,192.00,1,0,0
3030,3.316,57.90,192.00,1,0,0
3033,3.316,58.00,192.00,1,0,0
3035,3.316,57.90,192.00,1,0,0
3038,3.292,118.00,385.00,1,0,0
3040,3.308,57.70,190.00,1,0,0
3043,3.312,57.50,190.00,1,0,0
3045,3.304,57.60,190.00,1,0,0
3047,3.316,58.00,192.00,1,0,0
3060,3.316,57.60,192.00,1,0,0
3063,3.316,58.00,192.00,1,0,0
3065,3.312,57.90,192.00,1,0,0
3068,3.316,57.80,192.00,1,0,0
3070,3.316,57.90,192.00,1,0,0
3073,3.312,57.50,190.00,1,0,0
3075,3.316,57.60,190.00,1,0,0
3077,3.312,57.60,192.00,1,0,0
3080,3.316,58.00,192.00,1,0,0
3082,3.316,58.00,192.00,1,0,0
3085,3.316,57.90,192.00,1,0,0
3087,3.316,57.60,192.00,1,0,0
3090,3.312,57.60,190.00,1,0,0
3092,3.316,57.50,192.00,1,0,0
3095,3.316,57.60,190.00,1,0,0
3097,3.316,58.00,192.00,1,0,0
3110,3.316,57.60,192.00,1,0,0
3112,3.316,58.00,192.00,1,0,0
3115,3.316,58.00,192.00,1,0,0
3117,3.316,57.80,192.00,1,0,0
3120,3.312,57.80,192.00,1,0,0
3122,3.316,57.60,192.00,1,0,0
3125,3.312,57.50,190.00,1,0,0
3127,3.316,57.50,192.00,1,0,0
3130,3.316,58.00,192.00,1,0,0
3132,3.312,57.90,192.00,1,0,0
3135,3.316,73.60,242.00,1,0,0
3137,3.316,57.60,385.00,1,0,0
3140,3.264,61.50,203.00,1,0,0
3142,3.316,57.50,190.00,1,0,0
3144,3.316,57.60,193.00,1,0,0
3147,3.316,58.00,192.00,1,0,0
3160,3.316,57.60,192.00,1,0,0
3162,3.316,58.00,192.00,1,0,0
3165,3.316,58.00,192.00,1,0,0
3167,3.312,57.90,192.00,1,0,0
3170,3.316,57.50,190.00,1,0,0
3172,3.316,57.60,192.00,1,0,0
3174,3.316,57.60,192.00,1,0,0
3177,3.316,57.80,192.00,1,0,0
3179,3.316,58.00,192.00,1,0,0
3182,3.316,58.00,192.00,1,0,0
3184,3.316,57.90,192.00,1,0,0
3187,3.316,57.50,190.00,1,0,0
3189,3.312,57.50,190.00,1,0,0
3192,3.316,57.50,190.00,1,0,0
3194,3.316,57.90,192.00,1,0,0
3197,3.316,58.00,192.00,1,0,0
3209,3.316,57.60,192.00,1,0,0
3212,3.316,58.00,192.00,1,0,0
3214,3.316,58.00,192.00,1,0,0
3217,3.316,57.90,192.00,1,0,0
3219,3.316,57.50,190.00,1,0,0
3222,3.316,57.60,192.00,1,0,0
3224,3.316,57.60,192.00,1,0,0
3227,3.316,57.90,192.00,1,0,0
3229,3.316,57.90,192.00,1,0,0
3232,3.316,58.00,192.00,1,0,0
3234,3.316,78.00,257.00,1,0,0
3237,3.312,57.50,187.00,1,0,0
3239,3.280,138.70,192.00,1,0,0
3241,3.316,57.50,192.00,1,0,0
3244,3.316,61.90,205.00,1,0,0
3246,3.316,58.00,192.00,1,0,0
3259,3.316,57.80,192.00,1,0,0
3262,3.316,58.00,192.00,1,0,0
3264,3.316,58.00,192.00,1,0,0
3267,3.316,58.00,192.00,1,0,0
3269,3.316,57.50,192.00,1,0,0
3271,3.316,57.50,190.00,1,0,0
3274,3.312,57.60,190.00,1,0,0
3276,3.316,57.90,192.00,1,0,0
3279,3.316,58.00,192.00,1,0,0
3281,3.316,58.00,192.00,1,0,0
3284,3.316,57.60,192.00,1,0,0
3286,3.316,57.60,192.00,1,0,0
3289,3.316,57.60,192.00,1,0,0
3291,3.316,57.60,192.00,1,0,0
3294,3.316,57.90,192.00,1,0,0
3296,3.316,58.00,192.00,1,0,0
3309,3.316,57.80,192.00,1,0,0
3311,3.316,58.00,192.00,1,0,0
3314,3.316,57.90,192.00,1,0,0
3316,3.316,57.60,192.00,1,0,0
3319,3.316,57.50,190.00,1,0,0
3321,3.316,57.60,190.00,1,0,0
3324,3.312,57.70,192.00,1,0,0
3326,3.316,57.90,192.00,1,0,0
3329,3.316,58.00,192.00,1,0,0
3331,3.316,58.00,192.00,1,0,0
3334,3.316,57.60,190.00,1,0,0
3336,3.308,57.60,187.00,1,0,0
3339,3.256,166.80,551.00,1,0,0
3341,3.316,57.70,192.00,1,0,0
3343,3.312,57.80,221.00,1,0,0
3346,3.316,58.00,192.00,1,0,0
3359,3.316,57.90,192.00,1,0,0
3361,3.316,57.90,192.00,1,0,0
3364,3.316,58.00,192.00,1,0,0
3366,3.316,57.70,192.00,1,0,0
3368,3.316,57.50,190.00,1,0,0
3371,3.316,57.60,192.00,1,0,0
3373,3.316,57.70,192.00,1,0,0
3376,3.312,57.90,192.00,1,0,0
3378,3.316,58.00,192.00,1,0,0
3381,3.316,58.00,192.00,1,0,0
3383,3.316,57.50,190.00,1,0,0
3386,3.316,57.50,190.00,1,0,0
3388,3.316,57.50,190.00,1,0,0
3391,3.316,57.90,192.00,1,0,0
3393,3.316,58.00,192.00,1,0,0
3396,3.316,57.90,192.00,1,0,0
3408,3.316,57.80,192.00,1,0,0
3411,3.316,58.00,192.00,1,0,0
3413,3.316,58.00,192.00,1,0,0
3416,3.316,57.60,192.00,1,0,0
3418,3.312,57.60,190.00,1,0,0
3421,3.316,57.50,190.00,1,0,0
3423,3.316,57.80,192.00,1,0,0
3426,3.316,57.90,192.00,1,0,0
3428,3.316,58.00,192.00,1,0,0
3431,3.316,57.80,192.00,1,0,0
3433,3.316,57.60,190.00,1,0,0
3436,3.304,57.60,192.00,1,0,0
3438,3.272,126.60,415.00,1,0,0
3440,3.308,57.70,192.00,1,0,0
3443,3.316,57.70,192.00,1,0,0
3445,3.304,58.60,195.00,1,0,0
3458,3.316,57.90,192.00,1,0,0
3461,3.316,57.90,192.00,1,0,0
3463,3.312,58.00,192.00,1,0,0
3465,3.316,57.60,192.00,1,0,0
3468,3.316,57.50,190.00,1,0,0
3470,3.316,57.60,192.00,1,0,0
3473,3.316,57.80,192.00,1,0,0
3475,3.316,57.80,192.00,1,0,0
3478,3.316,58.00,192.00,1,0,0
3480,3.316,57.70,192.00,1,0,0
3483,3.316,57.60,192.00,1,0,0
3485,3.316,57.60,190.00,1,0,0
3488,3.316,57.90,192.00,1,0,0
3490,3.312,57.90,192.00,1,0,0
3493,3.316,57.90,192.00,1,0,0
3495,3.316,58.00,192.00,1,0,0
3508,3.316,57.80,192.00,1,0,0
3510,3.316,58.00,192.00,1,0,0
3513,3.316,57.70,192.00,1,0,0
3515,3.316,57.70,192.00,1,0,0
3518,3.316,57.60,192.00,1,0,0
3520,3.316,57.60,190.00,1,0,0
3523,3.316,57.80,192.00,1,0,0
3525,3.316,57.80,192.00,1,0,0
3528,3.316,58.00,192.00,1,0,0
3530,3.316,57.70,192.00,1,0,0
3533,3.316,57.60,192.00,1,0,0
3535,3.300,78.70,261.00,1,0,0
3537,3.316,88.70,514.00,1,0,0
3540,3.260,57.70,192.00,1,0,0
3542,3.316,57.60,192.00,1,0,0
3545,3.316,71.60,192.00,1,0,0
3558,3.312,57.80,192.00,1,0,0
3560,3.316,57.90,192.00,1,0,0
3562,3.316,57.60,192.00,1,0,0
3565,3.316,57.60,192.00,1,0,0
3567,3.316,57.60,192.00,1,0,0
3570,3.316,57.90,192.00,1,0,0
3572,3.312,57.90,192.00,1,0,0
3575,3.316,57.80,192.00,1,0,0
3577,3.316,57.80,192.00,1,0,0
3580,3.312,57.60,190.00,1,0,0
3582,3.316,57.60,192.00,1,0,0
3585,3.316,57.60,192.00,1,0,0
3587,3.316,57.90,192.00,1,0,0
3590,3.316,57.90,192.00,1,0,0
3592,3.316,57.90,192.00,1,0,0
3595,3.312,57.70,192.00,1,0,0
3607,3.312,57.80,192.00,1,0,0
3610,3.316,58.00,192.00,1,0,0
3612,3.312,57.70,192.00,1,0,0
3615,3.312,57.60,192.00,1,0,0
3617,3.312,57.60,192.00,1,0,0
3620,3.316,57.90,192.00,1,0,0
3622,3.316,57.80,192.00,1,0,0
3625,3.316,57.80,192.00,1,0,0
3627,3.316,57.70,192.00,1,0,0
3630,3.316,57.70,192.00,1,0,0
3632,3.316,57.70,192.00,1,0,0
3634,3.316,57.50,236.00,1,0,0
3637,3.316,148.70,487.00,1,0,0
3639,3.264,111.70,370.00,1,0,0
3642,3.316,57.60,192.00,1,0,0
3644,3.316,65.20,216.00,1,0,0
3657,3.316,57.80,192.00,1,0,0
3659,3.316,57.70,192.00,1,0,0
3662,3.312,57.70,192.00,1,0,0
3664,3.316,57.70,192.00,1,0,0
3667,3.312,57.60,192.00,1,0,0
3669,3.316,57.90,192.00,1,0,0
3672,3.316,57.80,192.00,1,0,0
3674,3.316,57.90,192.00,1,0,0
3677,3.316,57.50,190.00,1,0,0
3679,3.316,57.70,192.00,1,0,0
3682,3.316,57.60,190.00,1,0,0
3684,3.316,57.90,192.00,1,0,0
3687,3.316,57.90,192.00,1,0,0
3689,3.316,57.90,192.00,1,0,0
3692,3.312,57.90,192.00,1,0,0
3694,3.316,57.60,192.00,1,0,0
3707,3.316,57.90,192.00,1,0,0
3709,3.316,57.60,192.00,1,0,0
3712,3.316,57.60,192.00,1,0,0
3714,3.316,57.70,192.00,1,0,0
3717,3.316,57.90,192.00,1,0,0
3719,3.316,57.80,192.00,1,0,0
3722,3.316,57.90,192.00,1,0,0
3724,3.316,57.70,192.00,1,0,0
3727,3.312,57.60,192.00,1,0,0
3729,3.312,57.70,192.00,1,0,0
3731,3.316,57.70,192.00,1,0,0
3734,3.316,61.30,202.00,1,0,0
3736,3.312,57.70,192.00,1,0,0
3739,3.256,115.80,192.00,1,0,0
3741,3.316,57.50,190.00,1,0,0
3744,3.316,57.60,190.00,1,0,0
3757,3.316,57.90,192.00,1,0,0
3759,3.316,57.50,192.00,1,0,0
3761,3.316,57.70,192.00,1,0,0
3764,3.312,57.70,192.00,1,0,0
3766,3.316,57.90,192.00,1,0,0
3769,3.316,57.80,192.00,1,0,0
3771,3.316,57.90,192.00,1,0,0
3774,3.316,57.80,192.00,1,0,0
3776,3.316,57.60,190.00,1,0,0
3779,3.316,57.60,192.00,1,0,0
3781,3.316,57.60,192.00,1,0,0
3784,3.316,57.90,192.00,1,0,0
3786,3.316,57.80,192.00,1,0,0
3789,3.316,57.90,192.00,1,0,0
3791,3.316,57.50,192.00,1,0,0
3794,3.316,57.60,192.00,1,0,0
3806,3.316,57.60,192.00,1,0,0
3809,3.316,57.60,192.00,1,0,0
3811,3.316,57.60,190.00,1,0,0
3814,3.312,57.70,192.00,1,0,0
3816,3.316,57.90,192.00,1,0,0
3819,3.316,57.90,192.00,1,0,0
3821,3.316,57.90,192.00,1,0,0
3824,3.316,57.60,192.00,1,0,0
3826,3.316,57.50,190.00,1,0,0
3828,3.312,57.70,192.00,1,0,0
3831,3.316,57.90,192.00,1,0,0
3833,3.316,57.90,220.00,1,0,0
3836,3.296,57.70,190.00,1,0,0
3838,3.308,134.10,442.00,1,0,0
3841,3.316,57.60,192.00,1,0,0
3843,3.312,57.60,190.00,1,0,0
3856,3.316,57.60,192.00,1,0,0
3858,3.316,57.50,190.00,1,0,0
3861,3.316,57.60,192.00,1,0,0
3863,3.316,57.70,192.00,1,0,0
3866,3.316,57.90,192.00,1,0,0
3868,3.316,57.90,192.00,1,0,0
3871,3.316,57.90,192.00,1,0,0
3873,3.316,57.60,192.00,1,0,0
3876,3.316,57.60,190.00,1,0,0
3878,3.316,57.70,192.00,1,0,0
3881,3.316,58.00,192.00,1,0,0
3883,3.316,57.90,192.00,1,0,0
3886,3.316,57.90,192.00,1,0,0
3888,3.316,57.60,192.00,1,0,0
3891,3.316,57.60,190.00,1,0,0
3893,3.316,57.60,190.00,1,0,0
3906,3.316,57.60,190.00,1,0,0
3908,3.316,57.50,190.00,1,0,0
3911,3.312,57.60,192.00,1,0,0
3913,3.316,58.00,192.00,1,0,0
3916,3.316,57.90,192.00,1,0,0
3918,3.316,57.90,192.00,1,0,0
3921,3.316,57.80,192.00,1,0,0
3923,3.316,57.60,190.00,1,0,0
3926,3.312,57.50,190.00,1,0,0
3928,3.316,57.70,192.00,1,0,0
3930,3.312,58.00,192.00,1,0,0
3933,3.316,57.90,192.00,1,0,0
3935,3.300,57.70,192.00,1,0,0
3938,3.276,117.70,521.00,1,0,0
3940,3.308,57.60,192.00,1,0,0
3943,3.312,57.60,192.00,1,0,0
3955,3.316,57.60,192.00,1,0,0
3958,3.316,57.50,190.00,1,0,0
3960,3.316,57.60,192.00,1,0,0
3963,3.316,58.00,192.00,1,0,0
3965,3.316,57.90,192.00,1,0,0
3968,3.312,57.90,192.00,1,0,0
3970,3.316,57.50,190.00,1,0,0
3973,3.316,57.60,190.00,1,0,0
3975,3.316,57.50,192.00,1,0,0
3978,3.316,58.00,192.00,1,0,0
3980,3.316,58.00,192.00,1,0,0
3983,3.316,57.90,192.00,1,0,0
3985,3.316,57.90,192.00,1,0,0
3988,3.316,57.60,192.00,1,0,0
3990,3.316,57.60,190.00,1,0,0
3993,3.316,57.50,190.00,1,0,0
4005,3.316,57.60,190.00,1,0,0
4008,3.316,57.60,190.00,1,0,0
4010,3.316,57.60,192.00,1,0,0
4013,3.312,58.00,192.00,1,0,0
4015,3.316,57.90,192.00,1,0,0
4018,3.316,57.90,192.00,1,0,0
4020,3.316,57.50,192.00,1,0,0
4023,3.316,57.50,190.00,1,0,0
4025,3.316,57.50,190.00,1,0,0
4027,3.316,57.90,192.00,1,0,0
4030,3.316,58.00,192.00,1,0,0
4032,3.316,57.90,192.00,1,0,0
4035,3.316,76.60,192.00,1,0,0
4037,3.316,124.90,410.00,1,0,0
4040,3.284,57.50,190.00,1,0,0
4042,3.316,57.60,192.00,1,0,0
4055,3.316,57.50,190.00,1,0,0
4057,3.316,57.50,192.00,1,0,0
4060,3.316,57.90,192.00,1,0,0
4062,3.316,58.00,192.00,1,0,0
4065,3.316,58.00,192.00,1,0,0
4067,3.316,57.90,192.00,1,0,0
4070,3.316,57.60,190.00,1,0,0
4072,3.316,57.60,192.00,1,0,0
4075,3.316,57.50,190.00,1,0,0
4077,3.312,57.90,192.00,1,0,0
4080,3.316,58.00,192.00,1,0,0
4082,3.316,57.90,192.00,1,0,0
4085,3.316,57.60,190.00,1,0,0
4087,3.312,57.60,190.00,1,0,0
4090,3.312,57.60,192.00,1,0,0
4092,3.312,57.60,192.00,1,0,0
4105,3.316,57.50,190.00,1,0,0
4107,3.312,57.60,192.00,1,0,0
4110,3.316,57.90,192.00,1,0,0
4112,3.316,58.00,192.00,1,0,0
4115,3.316,58.00,192.00,1,0,0
4117,3.312,57.90,190.00,1,0,0
4120,3.316,57.50,190.00,1,0,0
4122,3.316,57.60,192.00,1,0,0
4124,3.316,57.50,192.00,1,0,0
4127,3.312,57.90,192.00,1,0,0
4129,3.312,58.00,192.00,1,0,0
4132,3.316,58.00,192.00,1,0,0
4134,3.316,77.30,256.00,1,0,0
4137,3.316,57.60,187.00,1,0,0
4139,3.276,126.50,192.00,1,0,0
4142,3.316,57.70,192.00,1,0,0
4154,3.316,57.60,192.00,1,0,0
4157,3.316,57.60,192.00,1,0,0
4159,3.312,57.90,192.00,1,0,0
4162,3.316,58.00,192.00,1,0,0
4164,3.316,58.00,192.00,1,0,0
4167,3.312,57.60,192.00,1,0,0
4169,3.312,57.60,190.00,1,0,0
4172,3.316,57.60,192.00,1,0,0
4174,3.316,57.80,192.00,1,0,0
4177,3.312,57.80,192.00,1,0,0
4179,3.316,58.00,192.00,1,0,0
4182,3.316,57.90,192.00,1,0,0
4184,3.312,57.60,190.00,1,0,0
4187,3.312,57.50,190.00,1,0,0
4189,3.316,57.50,190.00,1,0,0
4191,3.316,57.90,192.00,1,0,0
4204,3.316,57.50,192.00,1,0,0
4207,3.316,57.90,192.00,1,0,0
4209,3.316,57.80,192.00,1,0,0
4212,3.316,57.90,192.00,1,0,0
4214,3.316,57.90,192.00,1,0,0
4217,3.316,57.50,190.00,1,0,0
4219,3.312,57.60,192.00,1,0,0
4221,3.316,57.50,192.00,1,0,0
4224,3.316,57.90,192.00,1,0,0
4226,3.316,57.90,192.00,1,0,0
4229,3.312,57.90,192.00,1,0,0
4231,3.312,57.70,192.00,1,0,0
4234,3.312,57.60,190.00,1,0,0
4236,3.312,57.50,252.00,1,0,0
4239,3.268,158.80,526.00,1,0,0
4241,3.316,57.70,192.00,1,0,0
4254,3.316,57.60,192.00,1,0,0
4256,3.312,57.90,192.00,1,0,0
4259,3.312,57.80,192.00,1,0,0
4261,3.316,57.90,192.00,1,0,0
4264,3.316,58.00,192.00,1,0,0
4266,3.316,57.60,192.00,1,0,0
4269,3.316,57.60,192.00,1,0,0
4271,3.316,57.50,192.00,1,0,0
4274,3.312,57.80,192.00,1,0,0
4276,3.316,57.90,192.00,1,0,0
4279,3.316,57.90,192.00,1,0,0
4281,3.312,57.70,190.00,1,0,0
4284,3.312,57.60,190.00,1,0,0
4286,3.312,57.50,190.00,1,0,0
4289,3.316,57.60,192.00,1,0,0
4291,3.316,57.80,192.00,1,0,0
4304,3.316,57.60,190.00,1,0,0
4306,3.316,57.80,192.00,1,0,0
4309,3.316,57.80,192.00,1,0,0
4311,3.312,58.00,192.00,1,0,0
4314,3.312,57.70,192.00,1,0,0
4316,3.312,57.60,192.00,1,0,0
4318,3.316,57.60,192.00,1,0,0
4321,3.316,57.80,192.00,1,0,0
4323,3.316,57.80,192.00,1,0,0
4326,3.316,57.80,192.00,1,0,0
4328,3.312,58.00,192.00,1,0,0
4331,3.316,57.70,192.00,1,0,0
4333,3.316,57.60,190.00,1,0,0
4336,3.304,57.60,192.00,1,0,0
4338,3.276,149.90,488.00,1,0,0
4341,3.316,57.60,192.00,1,0,0
4353,3.316,57.50,192.00,1,0,0
4356,3.312,57.80,192.00,1,0,0
4358,3.316,57.90,192.00,1,0,0
4361,3.316,57.90,192.00,1,0,0
4363,3.316,57.70,192.00,1,0,0
4366,3.312,57.60,192.00,1,0,0
4368,3.312,57.60,190.00,1,0,0
4371,3.316,57.90,192.00,1,0,0
4373,3.316,57.80,192.00,1,0,0
4376,3.316,57.90,192.00,1,0,0
4378,3.316,57.70,192.00,1,0,0
4381,3.316,57.60,192.00,1,0,0
4383,3.316,57.60,190.00,1,0,0
4385,3.316,57.50,190.00,1,0,0
4388,3.316,57.80,192.00,1,0,0
4390,3.316,57.80,192.00,1,0,0
4403,3.316,57.80,192.00,1,0,0
4406,3.316,57.90,192.00,1,0,0
4408,3.316,57.90,192.00,1,0,0
4411,3.312,57.90,192.00,1,0,0
4413,3.316,57.80,192.00,1,0,0
4415,3.316,57.60,192.00,1,0,0
4418,3.316,57.60,192.00,1,0,0
4420,3.316,57.90,192.00,1,0,0
4423,3.316,57.80,192.00,1,0,0
4425,3.316,57.90,192.00,1,0,0
4428,3.316,57.70,192.00,1,0,0
4430,3.316,57.60,192.00,1,0,0
4433,3.316,57.60,192.00,1,0,0
4435,3.296,70.50,192.00,1,0,0
4438,3.316,147.50,377.00,1,0,0
4440,3.264,57.60,192.00,1,0,0
4453,3.316,57.90,192.00,1,0,0
4455,3.316,57.90,192.00,1,0,0
4458,3.316,57.90,192.00,1,0,0
4460,3.316,57.60,192.00,1,0,0
4463,3.316,57.70,192.00,1,0,0
4465,3.316,57.70,190.00,1,0,0
4468,3.312,57.70,192.00,1,0,0
4470,3.316,57.80,192.00,1,0,0
4473,3.316,57.90,192.00,1,0,0
4475,3.316,57.90,192.00,1,0,0
4478,3.316,57.60,190.00,1,0,0
4480,3.316,57.60,192.00,1,0,0
4483,3.316,57.60,192.00,1,0,0
4485,3.316,57.90,192.00,1,0,0
4487,3.316,57.90,192.00,1,0,0
4490,3.312,57.90,192.00,1,0,0
4503,3.316,57.80,192.00,1,0,0
4505,3.316,57.80,192.00,1,0,0
4508,3.316,57.80,192.00,1,0,0
4510,3.316,57.60,192.00,1,0,0
4512,3.316,57.70,192.00,1,0,0
4515,3.312,57.60,192.00,1,0,0
4517,3.316,57.70,192.00,1,0,0
4520,3.316,57.80,192.00,1,0,0
4522,3.316,57.90,192.00,1,0,0
4525,3.316,57.80,192.00,1,0,0
4527,3.316,57.60,192.00,1,0,0
4530,3.316,57.70,192.00,1,0,0
4532,3.316,57.60,192.00,1,0,0
4535,3.316,66.20,220.00,1,0,0
4537,3.316,154.40,503.00,1,0,0
4540,3.248,81.10,192.00,1,0,0
4552,3.316,57.80,192.00,1,0,0
4555,3.316,57.80,192.00,1,0,0
4557,3.316,57.90,192.00,1,0,0
4560,3.316,57.60,192.00,1,0,0
4562,3.316,57.70,192.00,1,0,0
4565,3.316,57.60,192.00,1,0,0
4567,3.316,57.80,192.00,1,0,0
4570,3.312,57.90,192.00,1,0,0
4572,3.316,57.80,192.00,1,0,0
4575,3.316,57.70,192.00,1,0,0
4577,3.316,57.50,192.00,1,0,0
4580,3.316,57.70,192.00,1,0,0
4582,3.316,57.60,192.00,1,0,0
4584,3.316,57.80,192.00,1,0,0
4587,3.316,57.80,192.00,1,0,0
4589,3.312,57.80,192.00,1,0,0
4602,3.312,57.90,192.00,1,0,0
4605,3.316,57.90,192.00,1,0,0
4607,3.312,57.80,190.00,1,0,0
4609,3.316,57.70,192.00,1,0,0
4612,3.316,57.70,192.00,1,0,0
4614,3.316,57.60,192.00,1,0,0
4617,3.316,57.90,192.00,1,0,0
4619,3.316,57.90,192.00,1,0,0
4622,3.316,57.80,192.00,1,0,0
4624,3.316,57.50,190.00,1,0,0
4627,3.316,57.60,192.00,1,0,0
4629,3.316,57.60,192.00,1,0,0
4632,3.316,57.70,192.00,1,0,0
4634,3.312,64.20,211.00,1,0,0
4637,3.316,57.60,475.00,1,0,0
4639,3.252,65.00,216.00,1,0,0
4652,3.316,57.90,192.00,1,0,0
4654,3.316,57.80,192.00,1,0,0
4657,3.316,57.60,192.00,1,0,0
4659,3.316,57.60,190.00,1,0,0
4662,3.312,57.60,192.00,1,0,0
4664,3.316,57.70,192.00,1,0,0
4667,3.316,57.90,192.00,1,0,0
4669,3.316,57.90,192.00,1,0,0
4672,3.316,57.90,192.00,1,0,0
4674,3.316,57.50,192.00,1,0,0
4677,3.316,57.60,192.00,1,0,0
4679,3.316,57.70,192.00,1,0,0
4681,3.316,58.00,192.00,1,0,0
4684,3.316,57.90,192.00,1,0,0
4686,3.316,57.80,192.00,1,0,0
4689,3.316,57.90,190.00,1,0,0
4702,3.316,57.90,192.00,1,0,0
4704,3.312,57.90,192.00,1,0,0
4707,3.312,57.60,190.00,1,0,0
4709,3.316,57.60,190.00,1,0,0
4711,3.316,57.70,192.00,1,0,0
4714,3.316,58.00,192.00,1,0,0
4716,3.316,58.00,192.00,1,0,0
4719,3.316,57.90,192.00,1,0,0
4721,3.316,57.60,190.00,1,0,0
4724,3.316,57.60,192.00,1,0,0
4726,3.316,57.60,192.00,1,0,0
4729,3.316,57.70,192.00,1,0,0
4731,3.316,58.00,192.00,1,0,0
4734,3.312,57.80,229.00,1,0,0
4736,3.296,57.70,190.00,1,0,0
4739,3.260,155.40,514.00,1,0,0
4751,3.312,57.80,192.00,1,0,0
4754,3.316,57.80,192.00,1,0,0
4756,3.316,57.60,192.00,1,0,0
4759,3.316,57.50,190.00,1,0,0
4761,3.316,57.60,192.00,1,0,0
4764,3.316,58.00,192.00,1,0,0
4766,3.316,57.90,192.00,1,0,0
4769,3.316,57.90,192.00,1,0,0
4771,3.316,57.70,192.00,1,0,0
4774,3.316,57.60,192.00,1,0,0
4776,3.316,57.60,192.00,1,0,0
4778,3.316,57.60,192.00,1,0,0
4781,3.316,57.90,192.00,1,0,0
4783,3.316,57.90,192.00,1,0,0
4786,3.316,57.90,192.00,1,0,0
4788,3.316,57.60,192.00,1,0,0
4801,3.316,57.80,192.00,1,0,0
4804,3.316,57.60,192.00,1,0,0
4806,3.316,57.60,190.00,1,0,0
4808,3.312,57.60,192.00,1,0,0
4811,3.312,57.80,192.00,1,0,0
4813,3.312,58.00,192.00,1,0,0
4816,3.316,57.90,192.00,1,0,0
4818,3.316,57.80,192.00,1,0,0
4821,3.316,57.50,190.00,1,0,0
4823,3.316,57.50,192.00,1,0,0
4826,3.316,57.60,192.00,1,0,0
4828,3.316,57.90,192.00,1,0,0
4831,3.316,58.00,192.00,1,0,0
4833,3.316,57.80,192.00,1,0,0
4836,3.304,57.70,192.00,1,0,0
4838,3.264,118.00,454.00,1,0,0
4851,3.316,57.90,192.00,1,0,0
4853,3.316,57.60,192.00,1,0,0
4856,3.316,57.50,190.00,1,0,0
4858,3.316,57.60,190.00,1,0,0
4861,3.312,58.00,192.00,1,0,0
4863,3.316,58.00,192.00,1,0,0
4866,3.316,57.90,192.00,1,0,0
4868,3.316,57.80,192.00,1,0,0
4871,3.316,57.60,192.00,1,0,0
4873,3.316,57.60,190.00,1,0,0
4875,3.316,57.60,190.00,1,0,0
4878,3.312,58.00,192.00,1,0,0
4880,3.312,58.00,192.00,1,0,0
4883,3.316,57.90,192.00,1,0,0
4885,3.316,57.60,192.00,1,0,0
4888,3.312,57.60,192.00,1,0,0
4901,3.316,57.90,192.00,1,0,0
4903,3.316,57.50,192.00,1,0,0
4905,3.316,57.60,192.00,1,0,0
4908,3.316,57.60,192.00,1,0,0
4910,3.312,57.90,192.00,1,0,0
4913,3.312,58.00,192.00,1,0,0
4915,3.316,57.90,192.00,1,0,0
4918,3.316,57.70,190.00,1,0,0
4920,3.316,57.50,190.00,1,0,0
4923,3.316,57.50,190.00,1,0,0
4925,3.312,57.50,192.00,1,0,0
4928,3.316,57.90,192.00,1,0,0
4930,3.316,58.00,192.00,1,0,0
4933,3.316,57.90,192.00,1,0,0
4935,3.312,77.60,190.00,1,0,0
4938,3.316,127.70,419.00,1,0,0
4950,3.316,57.60,192.00,1,0,0
4953,3.316,57.60,192.00,1,0,0
4955,3.316,57.50,190.00,1,0,0
4958,3.312,57.50,190.00,1,0,0
4964,3.316,58.00,192.00,1,0,0
4967,3.316,57.80,192.00,1,0,0
4969,3.316,57.60,192.00,1,0,0
4972,3.316,57.50,190.00,1,0,0
4974,3.316,57.50,190.00,1,0,0
4977,3.316,57.90,192.00,1,0,0
4979,3.316,58.00,192.00,1,0,0
4981,3.312,57.90,192.00,1,0,0
4984,3.316,57.60,192.00,1,0,0
4986,3.316,57.60,190.00,1,0,0
4989,3.312,57.60,192.00,1,0,0
4991,3.316,57.70,192.00,1,0,0
4994,3.316,57.80,192.00,1,0,0
4996,3.312,58.00,192.00,1,0,0
4999,3.316,57.90,190.00,1,0,0
5001,3.312,57.50,190.00,1,0,0
5014,3.316,58.10,192.00,1,0,0
5016,3.316,57.50,190.00,1,0,0
5019,3.316,57.60,192.00,1,0,0
5021,3.316,57.50,190.00,1,0,0
5024,3.316,57.80,192.00,1,0,0
5026,3.312,57.80,192.00,1,0,0
5029,3.316,58.00,192.00,1,0,0
5031,3.316,57.90,192.00,1,0,0
5034,3.312,57.60,190.00,1,0,0
5036,3.308,57.50,197.00,1,0,0
5039,3.260,98.50,326.00,1,0,0
5041,3.316,57.70,192.00,1,0,0
5044,3.312,57.80,224.00,1,0,0
5046,3.312,58.00,192.00,1,0,0
5049,3.316,57.70,192.00,1,0,0
5051,3.316,57.60,190.00,1,0,0
5064,3.316,58.00,192.00,1,0,0
5066,3.316,57.60,192.00,1,0,0
5069,3.316,57.50,190.00,1,0,0
5071,3.316,57.60,192.00,1,0,0
5074,3.316,57.80,192.00,1,0,0
5076,3.316,57.90,192.00,1,0,0
5079,3.316,58.00,192.00,1,0,0
5081,3.312,58.10,192.00,1,0,0
5083,3.316,57.70,192.00,1,0,0
5086,3.316,57.60,192.00,1,0,0
5088,3.316,57.60,192.00,1,0,0
5091,3.316,57.80,192.00,1,0,0
5093,3.316,57.90,192.00,1,0,0
5096,3.316,58.00,192.00,1,0,0
5098,3.316,57.60,192.00,1,0,0
5101,3.316,57.50,190.00,1,0,0
5113,3.316,58.00,192.00,1,0,0
5116,3.312,57.60,192.00,1,0,0
5118,3.316,57.50,192.00,1,0,0
5121,3.316,57.60,192.00,1,0,0
5123,3.316,57.90,192.00,1,0,0
5126,3.316,57.80,192.00,1,0,0
5128,3.316,58.00,192.00,1,0,0
5131,3.316,57.70,192.00,1,0,0
5133,3.316,57.60,190.00,1,0,0
5136,3.308,57.50,190.00,1,0,0
5138,3.276,148.60,488.00,1,0,0
5141,3.308,57.60,192.00,1,0,0
5143,3.316,57.80,192.00,1,0,0
5146,3.316,58.60,195.00,1,0,0
5148,3.316,57.70,192.00,1,0,0
5150,3.316,57.60,192.00,1,0,0
5163,3.316,57.60,190.00,1,0,0
5166,3.316,57.60,192.00,1,0,0
5168,3.316,57.60,190.00,1,0,0
5171,3.316,57.80,192.00,1,0,0
5173,3.316,57.90,192.00,1,0,0
5176,3.316,57.80,192.00,1,0,0
5178,3.312,58.00,192.00,1,0,0
5180,3.316,57.70,192.00,1,0,0
5183,3.312,57.60,192.00,1,0,0
5185,3.316,57.50,190.00,1,0,0
5188,3.312,57.90,192.00,1,0,0
5190,3.316,57.80,192.00,1,0,0
5193,3.316,57.90,192.00,1,0,0
5195,3.312,57.80,192.00,1,0,0
5198,3.316,57.70,192.00,1,0,0
5200,3.316,57.60,190.00,1,0,0
5213,3.316,57.60,192.00,1,0,0
5215,3.316,57.60,192.00,1,0,0
5218,3.316,57.60,192.00,1,0,0
5220,3.312,57.80,192.00,1,0,0
5223,3.312,57.80,192.00,1,0,0
5225,3.312,57.90,192.00,1,0,0
5228,3.316,57.90,192.00,1,0,0
5230,3.312,59.20,192.00,1,0,0
5233,3.316,57.60,192.00,1,0,0
5235,3.300,74.50,247.00,1,0,0
5238,3.312,123.90,531.00,1,0,0
5240,3.280,57.70,192.00,1,0,0
5243,3.312,57.70,192.00,1,0,0
5245,3.316,69.10,192.00,1,0,0
5247,3.316,57.60,190.00,1,0,0
5250,3.316,57.60,192.00,1,0,0
5263,3.316,57.70,192.00,1,0,0
5265,3.316,57.60,192.00,1,0,0
5268,3.316,57.60,192.00,1,0,0
5270,3.316,57.80,192.00,1,0,0
5273,3.316,57.90,192.00,1,0,0
5275,3.316,58.00,192.00,1,0,0
5277,3.316,57.60,192.00,1,0,0
5280,3.312,57.70,192.00,1,0,0
5282,3.316,57.60,190.00,1,0,0
5285,3.316,57.70,192.00,1,0,0
5287,3.316,57.90,192.00,1,0,0
5290,3.316,57.90,192.00,1,0,0
5292,3.316,57.90,192.00,1,0,0
5295,3.316,57.60,192.00,1,0,0
5297,3.316,57.70,192.00,1,0,0
5300,3.316,57.50,190.00,1,0,0
5312,3.316,57.70,192.00,1,0,0
5315,3.312,57.60,192.00,1,0,0
5317,3.316,57.50,192.00,1,0,0
5320,3.316,57.90,192.00,1,0,0
5322,3.312,57.90,192.00,1,0,0
5325,3.316,57.90,192.00,1,0,0
5327,3.316,57.70,192.00,1,0,0
5330,3.316,57.70,192.00,1,0,0
5332,3.316,57.60,190.00,1,0,0
5335,3.316,69.70,231.00,1,0,0
5337,3.316,153.80,503.00,1,0,0
5340,3.268,59.40,197.00,1,0,0
5342,3.316,57.60,192.00,1,0,0
5344,3.316,63.70,211.00,1,0,0
5347,3.316,57.60,192.00,1,0,0
5349,3.316,57.60,190.00,1,0,0
5362,3.316,57.70,192.00,1,0,0
5365,3.316,57.60,190.00,1,0,0
5367,3.316,57.80,192.00,1,0,0
5370,3.316,57.80,192.00,1,0,0
5372,3.316,57.80,192.00,1,0,0
5374,3.316,57.90,192.00,1,0,0
5377,3.316,57.60,192.00,1,0,0
5379,3.316,57.70,192.00,1,0,0
5382,3.316,57.60,192.00,1,0,0
5384,3.316,57.90,192.00,1,0,0
5387,3.316,57.90,192.00,1,0,0
5389,3.316,57.90,192.00,1,0,0
5392,3.316,57.70,192.00,1,0,0
5394,3.316,57.60,192.00,1,0,0
5397,3.312,57.70,192.00,1,0,0
5399,3.316,57.70,192.00,1,0,0
5412,3.316,57.60,190.00,1,0,0
5414,3.316,57.60,192.00,1,0,0
5417,3.316,57.90,192.00,1,0,0
5419,3.316,57.80,192.00,1,0,0
5422,3.316,57.90,192.00,1,0,0
5424,3.316,57.60,192.00,1,0,0
5427,3.316,57.60,192.00,1,0,0
5429,3.316,57.60,192.00,1,0,0
5432,3.316,57.60,192.00,1,0,0
5434,3.316,62.20,205.00,1,0,0
5437,3.316,57.60,488.00,1,0,0
5439,3.252,66.20,220.00,1,0,0
5441,3.316,57.60,192.00,1,0,0
5444,3.316,57.60,197.00,1,0,0
5446,3.316,57.70,190.00,1,0,0
5449,3.312,58.00,192.00,1,0,0
5462,3.316,57.70,192.00,1,0,0
5464,3.316,57.60,192.00,1,0,0
5467,3.316,57.90,192.00,1,0,0
5469,3.316,57.80,192.00,1,0,0
5471,3.312,57.80,192.00,1,0,0
5474,3.316,57.60,192.00,1,0,0
5476,3.316,57.60,192.00,1,0,0
5479,3.312,57.70,192.00,1,0,0
5481,3.312,57.70,192.00,1,0,0
5484,3.316,57.90,192.00,1,0,0
5486,3.316,57.80,192.00,1,0,0
5489,3.316,57.90,192.00,1,0,0
5491,3.316,57.50,190.00,1,0,0
5494,3.316,57.60,192.00,1,0,0
5496,3.316,57.70,192.00,1,0,0
5499,3.316,57.90,192.00,1,0,0
5511,3.316,57.70,192.00,1,0,0
5514,3.316,57.90,192.00,1,0,0
5516,3.316,57.90,192.00,1,0,0
5519,3.316,57.80,192.00,1,0,0
5521,3.316,57.80,192.00,1,0,0
5524,3.316,57.60,192.00,1,0,0
5526,3.316,57.60,192.00,1,0,0
5529,3.316,57.60,192.00,1,0,0
5531,3.316,58.00,192.00,1,0,0
5534,3.316,57.90,223.00,1,0,0
5536,3.296,57.70,190.00,1,0,0
5538,3.252,144.40,477.00,1,0,0
5541,3.312,57.50,190.00,1,0,0
5543,3.316,57.60,190.00,1,0,0
5546,3.316,57.70,192.00,1,0,0
5548,3.316,58.00,192.00,1,0,0
5561,3.312,57.60,192.00,1,0,0
5564,3.316,57.90,192.00,1,0,0
5566,3.316,57.90,192.00,1,0,0
5568,3.312,57.80,192.00,1,0,0
5571,3.312,57.90,192.00,1,0,0
5573,3.316,57.50,190.00,1,0,0
5576,3.312,57.60,192.00,1,0,0
5578,3.312,57.60,192.00,1,0,0
5581,3.312,58.00,192.00,1,0,0
5583,3.316,57.90,192.00,1,0,0
5586,3.316,57.90,192.00,1,0,0
5588,3.316,57.60,192.00,1,0,0
5591,3.316,57.50,190.00,1,0,0
5593,3.316,57.60,192.00,1,0,0
5596,3.316,57.90,192.00,1,0,0
5598,3.316,58.00,192.00,1,0,0
5611,3.316,57.60,190.00,1,0,0
5613,3.312,58.10,193.00,1,0,0
5616,3.316,57.90,192.00,1,0,0
5618,3.316,57.80,192.00,1,0,0
5621,3.316,57.60,192.00,1,0,0
5623,3.316,57.60,190.00,1,0,0
5626,3.312,57.60,192.00,1,0,0
5628,3.316,57.70,192.00,1,0,0
5631,3.312,58.00,192.00,1,0,0
5633,3.316,57.90,192.00,1,0,0
5635,3.300,57.70,192.00,1,0,0
5638,3.276,117.90,518.00,1,0,0
5640,3.284,57.50,190.00,1,0,0
5643,3.312,57.60,190.00,1,0,0
5645,3.304,58.30,192.00,1,0,0
5648,3.316,57.90,192.00,1,0,0
5661,3.316,57.60,192.00,1,0,0
5663,3.316,58.00,192.00,1,0,0
5665,3.316,57.90,192.00,1,0,0
5668,3.316,57.90,192.00,1,0,0
5670,3.316,57.60,192.00,1,0,0
5673,3.316,57.60,190.00,1,0,0
5675,3.316,57.50,192.00,1,0,0
5678,3.316,58.00,192.00,1,0,0
5680,3.316,58.00,192.00,1,0,0
5683,3.312,57.90,192.00,1,0,0
5685,3.316,57.80,192.00,1,0,0
5688,3.316,57.60,192.00,1,0,0
5690,3.316,57.60,192.00,1,0,0
5693,3.316,57.60,192.00,1,0,0
5695,3.312,58.00,192.00,1,0,0
5698,3.316,58.00,192.00,1,0,0
5710,3.316,57.70,192.00,1,0,0
5713,3.316,58.00,192.00,1,0,0
5715,3.316,57.90,192.00,1,0,0
5718,3.316,57.90,192.00,1,0,0
5720,3.316,57.60,190.00,1,0,0
5723,3.316,57.60,190.00,1,0,0
5725,3.316,57.50,190.00,1,0,0
5728,3.316,58.00,192.00,1,0,0
5730,3.316,58.00,192.00,1,0,0
5732,3.316,57.80,192.00,1,0,0
5735,3.316,77.90,190.00,1,0,0
5737,3.316,117.90,387.00,1,0,0
5740,3.276,57.70,192.00,1,0,0
5742,3.316,57.60,192.00,1,0,0
5745,3.312,58.50,193.00,1,0,0
5747,3.316,58.00,192.00,1,0,0
5760,3.316,57.90,192.00,1,0,0
5762,3.316,58.00,192.00,1,0,0
5765,3.316,57.90,192.00,1,0,0
5767,3.316,57.70,192.00,1,0,0
5770,3.312,57.50,190.00,1,0,0
5772,3.316,57.50,190.00,1,0,0
5775,3.316,57.50,190.00,1,0,0
5777,3.316,57.90,192.00,1,0,0
5780,3.316,58.00,192.00,1,0,0
5782,3.312,58.00,192.00,1,0,0
5785,3.312,57.50,190.00,1,0,0
5787,3.316,57.60,190.00,1,0,0
5790,3.312,57.60,192.00,1,0,0
5792,3.316,57.80,192.00,1,0,0
5795,3.316,57.90,192.00,1,0,0
5797,3.316,58.00,192.00,1,0,0
5810,3.316,57.90,192.00,1,0,0
5812,3.316,57.90,192.00,1,0,0
5815,3.316,58.00,192.00,1,0,0
5817,3.316,57.50,190.00,1,0,0
5820,3.316,57.60,192.00,1,0,0
5822,3.316,57.60,190.00,1,0,0
5825,3.316,57.60,192.00,1,0,0
5827,3.316,57.90,192.00,1,0,0
5829,3.316,58.00,192.00,1,0,0
5832,3.316,57.90,192.00,1,0,0
5834,3.316,77.90,257.00,1,0,0
5837,3.316,57.60,187.00,1,0,0
5839,3.280,115.30,192.00,1,0,0
5842,3.316,57.70,192.00,1,0,0
5844,3.312,65.60,218.00,1,0,0
5847,3.316,58.00,192.00,1,0,0
5859,3.316,58.00,192.00,1,0,0
5862,3.316,58.00,192.00,1,0,0
5864,3.316,57.90,192.00,1,0,0
5867,3.316,57.50,192.00,1,0,0
5869,3.316,57.50,190.00,1,0,0
5872,3.316,57.50,190.00,1,0,0
5874,3.316,57.80,192.00,1,0,0
5877,3.312,57.90,192.00,1,0,0
5879,3.316,58.00,192.00,1,0,0
5882,3.316,58.00,192.00,1,0,0
5884,3.316,57.50,190.00,1,0,0
5887,3.316,57.60,192.00,1,0,0
5889,3.316,57.60,192.00,1,0,0
5892,3.316,57.90,192.00,1,0,0
5894,3.312,57.90,192.00,1,0,0
5897,3.316,58.00,192.00,1,0,0
5909,3.316,57.90,192.00,1,0,0
5912,3.316,57.90,192.00,1,0,0
5914,3.316,57.90,192.00,1,0,0
5917,3.316,57.60,192.00,1,0,0
5919,3.316,57.60,192.00,1,0,0
5922,3.316,57.50,190.00,1,0,0
5924,3.316,57.80,192.00,1,0,0
5926,3.316,57.90,192.00,1,0,0
5929,3.316,57.90,192.00,1,0,0
5931,3.316,57.70,192.00,1,0,0
5934,3.316,57.50,190.00,1,0,0
5936,3.312,57.50,283.00,1,0,0
5939,3.272,77.40,257.00,1,0,0
5941,3.316,57.60,192.00,1,0,0
5944,3.316,57.80,228.00,1,0,0
5946,3.316,57.90,192.00,1,0,0
5959,3.316,57.90,192.00,1,0,0
5961,3.316,57.90,192.00,1,0,0
5964,3.316,57.90,192.00,1,0,0
5966,3.316,57.60,192.00,1,0,0
5969,3.316,57.60,190.00,1,0,0
5971,3.316,57.60,192.00,1,0,0
5974,3.312,57.90,192.00,1,0,0
5976,3.316,57.80,192.00,1,0,0
5979,3.316,58.00,192.00,1,0,0
5981,3.316,57.60,192.00,1,0,0
5984,3.316,57.50,190.00,1,0,0
5986,3.316,57.60,192.00,1,0,0
5989,3.316,57.80,192.00,1,0,0
5991,3.316,57.90,192.00,1,0,0
5994,3.316,57.90,192.00,1,0,0
5996,3.312,58.00,192.00,1,0,0
6009,3.316,57.90,192.00,1,0,0
6011,3.316,58.00,192.00,1,0,0
6014,3.316,57.80,192.00,1,0,0
6016,3.312,57.60,190.00,1,0,0
6019,3.316,57.60,192.00,1,0,0
6021,3.312,57.90,192.00,1,0,0
6024,3.316,57.90,192.00,1,0,0
6026,3.316,58.00,192.00,1,0,0
6028,3.312,58.00,192.00,1,0,0
6031,3.316,57.60,190.00,1,0,0
6033,3.312,57.50,190.00,1,0,0
6036,3.304,57.50,190.00,1,0,0
6038,3.276,133.90,439.00,1,0,0
6041,3.312,57.70,192.00,1,0,0
6043,3.316,57.70,192.00,1,0,0
6046,3.312,58.00,192.00,1,0,0
6058,3.316,57.80,192.00,1,0,0
6061,3.316,57.90,192.00,1,0,0
6063,3.316,57.70,192.00,1,0,0
6066,3.316,57.60,192.00,1,0,0
6068,3.312,57.60,192.00,1,0,0
6071,3.316,57.80,192.00,1,0,0
6073,3.316,57.90,192.00,1,0,0
6076,3.312,57.90,192.00,1,0,0
6078,3.316,57.70,192.00,1,0,0
6081,3.312,57.60,192.00,1,0,0
6083,3.312,57.60,190.00,1,0,0
6086,3.316,57.80,192.00,1,0,0
6088,3.312,57.80,192.00,1,0,0
6091,3.316,57.80,192.00,1,0,0
6093,3.316,57.90,192.00,1,0,0
6095,3.316,57.70,192.00,1,0,0
6108,3.312,57.90,192.00,1,0,0
6111,3.312,57.90,192.00,1,0,0
6113,3.316,57.60,192.00,1,0,0
6116,3.316,57.60,192.00,1,0,0
6118,3.316,57.60,190.00,1,0,0
6121,3.316,57.90,192.00,1,0,0
6123,3.316,57.80,192.00,1,0,0
6125,3.316,57.80,192.00,1,0,0
6128,3.316,57.60,192.00,1,0,0
6130,3.316,57.60,192.00,1,0,0
6133,3.316,57.60,192.00,1,0,0
6135,3.296,72.00,192.00,1,0,0
6138,3.316,122.20,398.00,1,0,0
6140,3.316,57.70,192.00,1,0,0
6143,3.312,57.60,190.00,1,0,0
6145,3.312,57.70,192.00,1,0,0
6158,3.316,57.80,192.00,1,0,0
6160,3.316,57.70,192.00,1,0,0
6163,3.316,57.70,192.00,1,0,0
6165,3.316,57.60,192.00,1,0,0
6168,3.316,57.80,192.00,1,0,0
6170,3.316,57.90,192.00,1,0,0
6173,3.316,57.90,192.00,1,0,0
6175,3.316,57.90,192.00,1,0,0
6178,3.316,57.70,192.00,1,0,0
6180,3.316,57.70,192.00,1,0,0
6183,3.316,57.50,190.00,1,0,0
6185,3.316,57.90,192.00,1,0,0
6188,3.316,57.80,192.00,1,0,0
6190,3.316,57.90,192.00,1,0,0
6193,3.316,57.70,192.00,1,0,0
6195,3.316,57.60,192.00,1,0,0
6208,3.316,57.90,192.00,1,0,0
6210,3.312,57.60,190.00,1,0,0
6213,3.312,57.60,192.00,1,0,0
6215,3.316,57.60,192.00,1,0,0
6218,3.316,57.80,192.00,1,0,0
6220,3.316,57.80,192.00,1,0,0
6222,3.312,57.90,192.00,1,0,0
6225,3.316,57.80,190.00,1,0,0
6227,3.316,57.70,192.00,1,0,0
6230,3.316,59.10,195.00,1,0,0
6232,3.312,57.60,192.00,1,0,0
6235,3.316,65.80,218.00,1,0,0
6237,3.316,154.40,503.00,1,0,0
6240,3.276,100.90,192.00,1,0,0
6242,3.316,57.60,192.00,1,0,0
6245,3.308,61.70,205.00,1,0,0
6257,3.312,57.80,192.00,1,0,0
6260,3.312,57.60,192.00,1,0,0
6262,3.316,57.70,192.00,1,0,0
6265,3.316,57.60,192.00,1,0,0
6267,3.316,57.90,192.00,1,0,0
6270,3.316,57.90,192.00,1,0,0
6272,3.316,57.90,192.00,1,0,0
6275,3.316,57.60,192.00,1,0,0
6277,3.312,57.70,192.00,1,0,0
6280,3.316,57.60,190.00,1,0,0
6282,3.312,57.70,192.00,1,0,0
6285,3.316,57.90,192.00,1,0,0
6287,3.312,57.80,192.00,1,0,0
6290,3.316,57.80,192.00,1,0,0
6292,3.316,57.60,192.00,1,0,0
6294,3.316,57.70,192.00,1,0,0
6307,3.316,57.50,190.00,1,0,0
6310,3.312,57.50,190.00,1,0,0
6312,3.316,57.60,192.00,1,0,0
6315,3.312,57.60,192.00,1,0,0
6317,3.316,58.00,192.00,1,0,0
6319,3.316,57.80,192.00,1,0,0
6322,3.316,57.80,192.00,1,0,0
6324,3.316,57.50,190.00,1,0,0
6327,3.312,57.70,192.00,1,0,0
6329,3.316,57.70,192.00,1,0,0
6332,3.316,57.90,192.00,1,0,0
6334,3.316,65.10,215.00,1,0,0
6337,3.316,57.70,454.00,1,0,0
6339,3.252,57.70,192.00,1,0,0
6342,3.316,57.60,192.00,1,0,0
6344,3.316,57.60,192.00,1,0,0
6357,3.316,57.50,190.00,1,0,0
6359,3.312,57.60,192.00,1,0,0
6362,3.316,57.70,192.00,1,0,0
6364,3.316,57.90,192.00,1,0,0
6367,3.316,57.90,192.00,1,0,0
6369,3.316,57.80,192.00,1,0,0
6372,3.316,57.90,192.00,1,0,0
6374,3.316,57.60,190.00,1,0,0
6377,3.312,57.60,190.00,1,0,0
6379,3.316,57.70,192.00,1,0,0
6382,3.316,57.90,192.00,1,0,0
6384,3.316,57.90,192.00,1,0,0
6387,3.316,57.90,192.00,1,0,0
6389,3.316,57.70,190.00,1,0,0
6391,3.312,57.60,192.00,1,0,0
6394,3.316,57.70,192.00,1,0,0
6407,3.316,57.60,192.00,1,0,0
6409,3.316,57.60,192.00,1,0,0
6412,3.316,57.70,192.00,1,0,0
6414,3.316,58.00,192.00,1,0,0
6416,3.316,57.80,192.00,1,0,0
6419,3.312,57.90,192.00,1,0,0
6421,3.316,57.60,192.00,1,0,0
6424,3.312,57.50,190.00,1,0,0
6426,3.316,57.70,190.00,1,0,0
6429,3.316,57.70,192.00,1,0,0
6431,3.316,58.00,192.00,1,0,0
6434,3.312,57.90,231.00,1,0,0
6436,3.296,57.70,190.00,1,0,0
6439,3.256,106.30,346.00,1,0,0
6441,3.316,57.60,190.00,1,0,0
6444,3.316,57.70,190.00,1,0,0
6456,3.316,57.60,192.00,1,0,0
6459,3.312,57.60,192.00,1,0,0
6461,3.316,57.70,192.00,1,0,0
6464,3.316,57.90,192.00,1,0,0
6466,3.316,57.80,192.00,1,0,0
6469,3.316,57.90,192.00,1,0,0
6471,3.316,57.60,192.00,1,0,0
6474,3.316,57.60,190.00,1,0,0
6476,3.316,57.60,190.00,1,0,0
6479,3.316,57.70,193.00,1,0,0
6481,3.316,58.00,192.00,1,0,0
6484,3.316,57.90,192.00,1,0,0
6486,3.316,57.90,192.00,1,0,0
6488,3.316,57.50,190.00,1,0,0
6491,3.312,57.50,190.00,1,0,0
6493,3.312,57.60,190.00,1,0,0
6506,3.316,57.50,190.00,1,0,0
6509,3.316,57.60,192.00,1,0,0
6511,3.312,57.80,192.00,1,0,0
6513,3.316,58.00,192.00,1,0,0
6516,3.316,57.80,192.00,1,0,0
6518,3.316,57.90,192.00,1,0,0
6521,3.312,57.60,190.00,1,0,0
6523,3.316,57.60,192.00,1,0,0
6526,3.316,57.60,190.00,1,0,0
6528,3.316,58.00,192.00,1,0,0
6531,3.316,58.00,192.00,1,0,0
6533,3.316,57.90,192.00,1,0,0
6536,3.300,57.70,192.00,1,0,0
6538,3.272,118.10,516.00,1,0,0
6541,3.280,57.60,192.00,1,0,0
6543,3.316,57.60,192.00,1,0,0
6556,3.316,57.60,192.00,1,0,0
6558,3.316,57.60,192.00,1,0,0
6561,3.316,58.00,192.00,1,0,0
6563,3.312,58.00,192.00,1,0,0
6566,3.316,57.90,192.00,1,0,0
6568,3.312,57.60,192.00,1,0,0
6571,3.316,57.50,190.00,1,0,0
6573,3.316,57.60,190.00,1,0,0
6576,3.312,57.60,192.00,1,0,0
6578,3.316,57.90,192.00,1,0,0
6581,3.316,58.00,192.00,1,0,0
6583,3.316,58.00,192.00,1,0,0
6585,3.316,57.50,190.00,1,0,0
6588,3.316,57.50,190.00,1,0,0
6590,3.316,57.50,190.00,1,0,0
6593,3.316,57.90,192.00,1,0,0
6606,3.316,57.60,192.00,1,0,0
6608,3.316,57.50,190.00,1,0,0
6610,3.312,57.90,192.00,1,0,0
6613,3.316,58.00,192.00,1,0,0
6615,3.316,57.90,192.00,1,0,0
6618,3.316,57.70,190.00,1,0,0
6620,3.316,57.60,192.00,1,0,0
6623,3.316,57.50,190.00,1,0,0
6625,3.316,57.50,192.00,1,0,0
6628,3.316,58.00,192.00,1,0,0
6630,3.316,57.80,192.00,1,0,0
6633,3.316,57.60,192.00,1,0,0
6635,3.316,57.60,192.00,1,0,0
6638,3.316,131.30,431.00,1,0,0
6640,3.288,57.60,192.00,1,0,0
6643,3.316,57.70,192.00,1,0,0
6655,3.316,57.60,190.00,1,0,0
6658,3.316,57.70,192.00,1,0,0
6660,3.316,57.90,192.00,1,0,0
6663,3.316,57.90,192.00,1,0,0
6665,3.316,57.90,192.00,1,0,0
6668,3.316,57.60,192.00,1,0,0
6670,3.316,57.60,190.00,1,0,0
6673,3.316,57.60,190.00,1,0,0
6675,3.316,57.90,192.00,1,0,0
6678,3.316,58.00,192.00,1,0,0
6680,3.316,58.00,192.00,1,0,0
6682,3.316,57.90,192.00,1,0,0
6685,3.312,57.60,190.00,1,0,0
6687,3.316,57.50,190.00,1,0,0
6690,3.316,57.50,190.00,1,0,0
6692,3.316,57.90,192.00,1,0,0
6705,3.316,57.50,190.00,1,0,0
6707,3.316,57.60,192.00,1,0,0
6710,3.316,58.00,192.00,1,0,0
6712,3.316,58.00,192.00,1,0,0
6715,3.316,58.00,192.00,1,0,0
6717,3.316,57.50,190.00,1,0,0
6720,3.316,57.50,190.00,1,0,0
6722,3.316,57.60,190.00,1,0,0
6725,3.316,57.90,192.00,1,0,0
6727,3.316,58.00,192.00,1,0,0
6730,3.316,58.10,192.00,1,0,0
6732,3.316,57.50,190.00,1,0,0
6735,3.308,78.30,259.00,1,0,0
6737,3.316,61.70,526.00,1,0,0
6740,3.276,57.70,192.00,1,0,0
6742,3.316,57.60,192.00,1,0,0
6755,3.316,57.60,192.00,1,0,0
6757,3.316,57.90,192.00,1,0,0
6760,3.316,57.90,192.00,1,0,0
6762,3.316,57.90,192.00,1,0,0
6765,3.316,57.80,192.00,1,0,0
6767,3.316,57.60,192.00,1,0,0
6770,3.316,57.50,190.00,1,0,0
6772,3.316,57.60,192.00,1,0,0
6775,3.316,57.90,192.00,1,0,0
6777,3.316,57.90,192.00,1,0,0
6779,3.316,58.00,192.00,1,0,0
6782,3.316,57.70,192.00,1,0,0
6784,3.316,57.60,192.00,1,0,0
6787,3.316,57.60,192.00,1,0,0
6789,3.316,57.70,192.00,1,0,0
6792,3.316,57.90,192.00,1,0,0
6805,3.316,57.60,190.00,1,0,0
6807,3.316,57.90,192.00,1,0,0
6809,3.312,57.80,192.00,1,0,0
6812,3.316,57.90,192.00,1,0,0
6814,3.316,57.60,192.00,1,0,0
6817,3.316,57.50,190.00,1,0,0
6819,3.316,57.60,190.00,1,0,0
6822,3.316,57.80,192.00,1,0,0
6824,3.316,57.80,192.00,1,0,0
6827,3.316,57.90,192.00,1,0,0
6829,3.316,58.00,192.00,1,0,0
6832,3.316,57.70,192.00,1,0,0
6834,3.316,57.50,257.00,1,0,0
6837,3.316,102.10,334.00,1,0,0
6839,3.252,92.60,306.00,1,0,0
6842,3.316,57.70,192.00,1,0,0
6854,3.316,57.60,192.00,1,0,0
6857,3.316,57.80,192.00,1,0,0
6859,3.316,58.00,192.00,1,0,0
6862,3.316,58.00,192.00,1,0,0
6864,3.316,57.60,192.00,1,0,0
6867,3.316,57.70,192.00,1,0,0
6869,3.316,57.60,192.00,1,0,0
6872,3.316,57.90,192.00,1,0,0
6874,3.316,57.90,192.00,1,0,0
6876,3.316,57.90,192.00,1,0,0
6879,3.316,58.00,192.00,1,0,0
6881,3.316,57.60,192.00,1,0,0
6884,3.316,57.60,192.00,1,0,0
6886,3.316,57.50,192.00,1,0,0
6889,3.316,57.90,192.00,1,0,0
6891,3.316,57.90,192.00,1,0,0
6904,3.316,57.80,192.00,1,0,0
6906,3.316,57.80,192.00,1,0,0
6909,3.316,57.90,192.00,1,0,0
6911,3.316,58.00,192.00,1,0,0
6914,3.316,57.70,192.00,1,0,0
6916,3.316,57.60,192.00,1,0,0
6919,3.316,57.50,190.00,1,0,0
6921,3.316,57.80,192.00,1,0,0
6924,3.316,57.80,192.00,1,0,0
6926,3.316,57.90,192.00,1,0,0
6929,3.316,57.60,192.00,1,0,0
6931,3.316,57.60,192.00,1,0,0
6934,3.316,57.50,190.00,1,0,0
6936,3.316,57.60,192.00,1,0,0
6939,3.276,129.00,442.00,1,0,0
6941,3.316,57.70,192.00,1,0,0
6954,3.316,57.80,192.00,1,0,0
6956,3.316,57.80,192.00,1,0,0
6959,3.312,57.80,192.00,1,0,0
6965,3.316,57.70,192.00,1,0,0
6968,3.316,57.60,192.00,1,0,0
6970,3.316,57.90,192.00,1,0,0
6973,3.316,57.90,192.00,1,0,0
6975,3.316,58.00,192.00,1,0,0
6978,3.312,57.60,192.00,1,0,0
6980,3.316,57.70,192.00,1,0,0
6982,3.312,57.60,190.00,1,0,0
6985,3.316,57.60,192.00,1,0,0
6987,3.316,57.80,192.00,1,0,0
6990,3.316,57.90,192.00,1,0,0
6992,3.316,57.90,192.00,1,0,0
6995,3.316,57.70,192.00,1,0,0
6997,3.316,57.70,192.00,1,0,0
7000,3.316,57.60,192.00,1,0,0
7002,3.316,57.90,192.00,1,0,0
7015,3.316,57.70,192.00,1,0,0
7017,3.316,57.60,192.00,1,0,0
7020,3.316,57.90,192.00,1,0,0
7022,3.316,57.80,192.00,1,0,0
7025,3.316,57.90,192.00,1,0,0
7027,3.316,57.60,192.00,1,0,0
7030,3.316,57.70,192.00,1,0,0
7032,3.316,57.70,190.00,1,0,0
7035,3.312,69.30,229.00,1,0,0
7037,3.312,154.10,505.00,1,0,0
7040,3.268,59.00,192.00,1,0,0
7042,3.316,57.60,192.00,1,0,0
7045,3.312,63.30,210.00,1,0,0
7047,3.316,57.70,192.00,1,0,0
7050,3.316,57.60,192.00,1,0,0
7052,3.316,57.90,192.00,1,0,0
7065,3.316,57.60,192.00,1,0,0
7067,3.316,57.80,192.00,1,0,0
7070,3.316,57.90,192.00,1,0,0
7072,3.316,57.80,192.00,1,0,0
7075,3.316,57.90,192.00,1,0,0
7077,3.316,57.60,192.00,1,0,0
7080,3.316,57.70,192.00,1,0,0
7082,3.316,57.60,192.00,1,0,0
7084,3.316,57.90,192.00,1,0,0
7087,3.316,57.90,192.00,1,0,0
7089,3.316,57.90,192.00,1,0,0
7092,3.316,57.70,192.00,1,0,0
7094,3.316,57.70,192.00,1,0,0
7097,3.316,57.70,192.00,1,0,0
7099,3.316,57.60,192.00,1,0,0
7102,3.316,57.90,192.00,1,0,0
7114,3.316,57.70,192.00,1,0,0
7117,3.316,57.90,192.00,1,0,0
7119,3.316,58.00,192.00,1,0,0
7122,3.316,57.90,192.00,1,0,0
7124,3.316,57.60,192.00,1,0,0
7127,3.316,57.60,192.00,1,0,0
7129,3.316,57.70,192.00,1,0,0
7132,3.316,57.60,192.00,1,0,0
7134,3.316,62.30,205.00,1,0,0
7137,3.316,57.70,503.00,1,0,0
7139,3.256,100.80,334.00,1,0,0
7142,3.316,57.60,192.00,1,0,0
7144,3.316,57.70,198.00,1,0,0
7147,3.316,57.70,192.00,1,0,0
7149,3.316,57.90,192.00,1,0,0
7152,3.316,57.80,192.00,1,0,0
7164,3.316,57.60,192.00,1,0,0
7167,3.316,57.90,192.00,1,0,0
7169,3.316,57.90,192.00,1,0,0
7172,3.316,57.90,192.00,1,0,0
7174,3.316,57.60,192.00,1,0,0
7177,3.316,57.60,192.00,1,0,0
7179,3.316,57.70,192.00,1,0,0
7181,3.316,57.70,192.00,1,0,0
7184,3.316,57.80,192.00,1,0,0
7186,3.316,57.90,192.00,1,0,0
7189,3.312,57.80,192.00,1,0,0
7191,3.316,57.60,192.00,1,0,0
7194,3.316,57.60,192.00,1,0,0
7196,3.316,57.70,192.00,1,0,0
7199,3.316,57.90,192.00,1,0,0
7201,3.316,57.90,192.00,1,0,0
7214,3.316,57.80,192.00,1,0,0
7216,3.316,57.90,192.00,1,0,0
7219,3.316,57.90,192.00,1,0,0
7221,3.316,57.80,192.00,1,0,0
7224,3.312,57.50,190.00,1,0,0
7226,3.316,57.60,192.00,1,0,0
7229,3.316,57.70,192.00,1,0,0
7231,3.312,58.00,192.00,1,0,0
7234,3.316,57.90,223.00,1,0,0
7236,3.296,57.70,190.00,1,0,0
7239,3.256,148.10,490.00,1,0,0
7241,3.316,57.50,190.00,1,0,0
7244,3.316,57.60,190.00,1,0,0
7246,3.316,57.70,192.00,1,0,0
7249,3.316,58.00,192.00,1,0,0
7251,3.316,58.00,192.00,1,0,0
7264,3.316,58.00,192.00,1,0,0
7266,3.316,57.90,192.00,1,0,0
7269,3.316,57.90,192.00,1,0,0
7271,3.316,57.60,190.00,1,0,0
7274,3.312,57.50,190.00,1,0,0
7276,3.316,57.60,192.00,1,0,0
7278,3.316,57.70,192.00,1,0,0
7281,3.316,57.90,192.00,1,0,0
7283,3.316,57.90,192.00,1,0,0
7286,3.316,57.90,192.00,1,0,0
7288,3.316,57.60,192.00,1,0,0
7291,3.316,57.50,190.00,1,0,0
7293,3.316,57.60,192.00,1,0,0
7296,3.316,57.90,192.00,1,0,0
7298,3.316,57.90,192.00,1,0,0
7301,3.316,57.80,192.00,1,0,0
7313,3.316,58.00,192.00,1,0,0
7316,3.316,57.90,192.00,1,0,0
7318,3.316,57.90,192.00,1,0,0
7321,3.316,57.60,190.00,1,0,0
7323,3.312,57.60,192.00,1,0,0
7326,3.316,57.50,190.00,1,0,0
7328,3.316,57.70,192.00,1,0,0
7331,3.316,58.00,192.00,1,0,0
7333,3.316,57.90,192.00,1,0,0
7336,3.300,57.70,192.00,1,0,0
7338,3.276,117.90,521.00,1,0,0
7341,3.308,57.50,190.00,1,0,0
7343,3.316,57.70,192.00,1,0,0
7346,3.304,58.30,192.00,1,0,0
7348,3.316,57.90,192.00,1,0,0
7350,3.316,57.90,192.00,1,0,0
7363,3.316,58.00,192.00,1,0,0
7366,3.316,57.90,192.00,1,0,0
7368,3.316,57.80,192.00,1,0,0
7371,3.316,57.50,190.00,1,0,0
7373,3.316,57.60,190.00,1,0,0
7375,3.316,57.60,192.00,1,0,0
7378,3.316,57.90,192.00,1,0,0
7380,3.316,58.00,192.00,1,0,0
7383,3.316,57.90,192.00,1,0,0
7385,3.316,57.90,192.00,1,0,0
7388,3.316,57.50,190.00,1,0,0
7390,3.316,57.50,190.00,1,0,0
7393,3.316,57.50,190.00,1,0,0
7395,3.316,57.90,192.00,1,0,0
7398,3.316,58.00,192.00,1,0,0
7400,3.316,57.80,192.00,1,0,0
7413,3.316,58.10,193.00,1,0,0
7415,3.316,58.00,192.00,1,0,0
7418,3.316,57.90,192.00,1,0,0
7420,3.316,57.60,192.00,1,0,0
7423,3.316,57.60,192.00,1,0,0
7425,3.316,57.60,190.00,1,0,0
7428,3.316,57.90,192.00,1,0,0
7430,3.316,57.90,192.00,1,0,0
7433,3.316,57.80,192.00,1,0,0
7435,3.312,57.50,190.00,1,0,0
7438,3.316,119.10,390.00,1,0,0
7440,3.312,57.60,192.00,1,0,0
7443,3.316,57.50,192.00,1,0,0
7445,3.316,58.70,195.00,1,0,0
7447,3.316,58.00,192.00,1,0,0
7450,3.316,57.80,192.00,1,0,0
7463,3.316,57.90,192.00,1,0,0
7465,3.316,57.90,192.00,1,0,0
7468,3.316,57.60,192.00,1,0,0
7470,3.316,57.60,192.00,1,0,0
7473,3.316,57.60,190.00,1,0,0
7475,3.316,57.50,190.00,1,0,0
7477,3.316,57.90,192.00,1,0,0
7480,3.316,57.90,192.00,1,0,0
7482,3.316,57.90,192.00,1,0,0
7485,3.316,57.60,192.00,1,0,0
7487,3.316,57.60,192.00,1,0,0
7490,3.316,57.60,192.00,1,0,0
7492,3.312,57.80,192.00,1,0,0
7495,3.316,57.90,192.00,1,0,0
7497,3.316,57.90,192.00,1,0,0
7500,3.316,57.80,192.00,1,0,0
7512,3.316,58.00,192.00,1,0,0
7515,3.316,58.00,192.00,1,0,0
7517,3.316,57.60,192.00,1,0,0
7520,3.316,57.50,190.00,1,0,0
7522,3.316,57.60,192.00,1,0,0
7525,3.316,57.90,192.00,1,0,0
7527,3.316,57.90,192.00,1,0,0
7530,3.316,58.00,192.00,1,0,0
7532,3.316,57.80,192.00,1,0,0
7535,3.312,78.20,259.00,1,0,0
7537,3.316,57.60,521.00,1,0,0
7540,3.280,57.50,190.00,1,0,0
7542,3.316,57.70,192.00,1,0,0
7544,3.316,65.90,193.00,1,0,0
7547,3.316,58.00,192.00,1,0,0
7549,3.316,57.60,192.00,1,0,0
7562,3.316,58.00,192.00,1,0,0
7565,3.316,58.00,192.00,1,0,0
7567,3.316,57.60,190.00,1,0,0
7570,3.316,57.50,190.00,1,0,0
7572,3.316,57.60,192.00,1,0,0
7574,3.316,57.90,192.00,1,0,0
7577,3.316,58.00,192.00,1,0,0
7579,3.316,58.00,192.00,1,0,0
7582,3.316,58.00,190.00,1,0,0
7584,3.316,57.50,190.00,1,0,0
7587,3.316,57.60,192.00,1,0,0
7589,3.316,57.50,192.00,1,0,0
7592,3.316,58.00,192.00,1,0,0
7594,3.316,58.00,192.00,1,0,0
7597,3.316,58.00,192.00,1,0,0
7599,3.316,57.50,190.00,1,0,0
7612,3.316,58.00,192.00,1,0,0
7614,3.316,57.70,192.00,1,0,0
7617,3.316,57.60,192.00,1,0,0
7619,3.316,57.50,192.00,1,0,0
7622,3.316,57.60,192.00,1,0,0
7624,3.316,57.80,192.00,1,0,0
7627,3.316,57.90,192.00,1,0,0
7629,3.316,58.00,192.00,1,0,0
7632,3.312,57.60,192.00,1,0,0
7634,3.316,57.60,259.00,1,0,0
7637,3.312,80.40,262.00,1,0,0
7639,3.268,113.40,370.00,1,0,0
7642,3.316,57.70,192.00,1,0,0
7644,3.316,69.30,229.00,1,0,0
7646,3.316,57.90,192.00,1,0,0
7649,3.316,57.60,190.00,1,0,0
7662,3.316,57.90,192.00,1,0,0
7664,3.316,57.90,192.00,1,0,0
7667,3.316,57.50,190.00,1,0,0
7669,3.316,57.50,190.00,1,0,0
7671,3.316,57.60,192.00,1,0,0
7674,3.316,57.80,192.00,1,0,0
7676,3.316,57.80,192.00,1,0,0
7679,3.316,58.00,192.00,1,0,0
7681,3.316,57.70,192.00,1,0,0
7684,3.316,57.50,190.00,1,0,0
7686,3.316,57.50,190.00,1,0,0
7689,3.316,57.90,192.00,1,0,0
7691,3.316,57.90,192.00,1,0,0
7694,3.316,57.90,192.00,1,0,0
7696,3.316,57.70,192.00,1,0,0
7699,3.316,57.70,192.00,1,0,0
7711,3.316,57.90,192.00,1,0,0
7714,3.316,57.60,192.00,1,0,0
7716,3.316,57.60,192.00,1,0,0
7719,3.316,57.50,190.00,1,0,0
7721,3.316,57.80,192.00,1,0,0
7724,3.316,57.80,192.00,1,0,0
7726,3.316,57.90,192.00,1,0,0
7729,3.316,57.90,192.00,1,0,0
7731,3.316,57.70,192.00,1,0,0
7734,3.316,57.50,190.00,1,0,0
7736,3.316,57.50,190.00,1,0,0
7739,3.276,143.80,215.00,1,0,0
7741,3.316,57.70,192.00,1,0,0
7743,3.316,57.80,192.00,1,0,0
7746,3.316,57.90,192.00,1,0,0
7748,3.316,57.60,192.00,1,0,0
7761,3.316,57.90,192.00,1,0,0
7764,3.316,57.70,192.00,1,0,0
7766,3.316,57.60,190.00,1,0,0
7768,3.312,57.60,190.00,1,0,0
7771,3.312,57.90,192.00,1,0,0
7773,3.316,57.80,192.00,1,0,0
7776,3.316,57.90,192.00,1,0,0
7778,3.316,57.60,192.00,1,0,0
7781,3.316,57.70,192.00,1,0,0
7783,3.316,57.60,192.00,1,0,0
7786,3.316,57.80,192.00,1,0,0
7788,3.316,57.80,192.00,1,0,0
7791,3.316,57.80,192.00,1,0,0
7793,3.316,57.90,192.00,1,0,0
7796,3.316,57.60,192.00,1,0,0
7798,3.316,57.60,192.00,1,0,0
7811,3.316,57.90,192.00,1,0,0
7813,3.316,57.70,192.00,1,0,0
7816,3.316,57.60,192.00,1,0,0
7818,3.316,57.60,192.00,1,0,0
7821,3.316,57.90,192.00,1,0,0
7823,3.316,57.90,192.00,1,0,0
7826,3.316,57.90,192.00,1,0,0
7828,3.316,57.60,192.00,1,0,0
7831,3.316,57.70,192.00,1,0,0
7833,3.312,57.60,192.00,1,0,0
7836,3.300,70.10,192.00,1,0,0
7838,3.316,115.40,377.00,1,0,0
7840,3.316,57.80,192.00,1,0,0
7843,3.316,57.70,192.00,1,0,0
7845,3.316,57.60,192.00,1,0,0
7848,3.316,57.60,192.00,1,0,0
7861,3.316,57.60,192.00,1,0,0
7863,3.316,57.70,192.00,1,0,0
7866,3.312,57.60,192.00,1,0,0
7868,3.316,57.80,192.00,1,0,0
7870,3.316,57.80,192.00,1,0,0
7873,3.316,57.90,192.00,1,0,0
7875,3.316,57.90,192.00,1,0,0
7878,3.316,57.70,192.00,1,0,0
7880,3.316,57.60,192.00,1,0,0
7883,3.312,57.50,190.00,1,0,0
7885,3.316,57.90,192.00,1,0,0
7888,3.316,57.90,192.00,1,0,0
7890,3.316,57.80,192.00,1,0,0
7893,3.316,57.70,192.00,1,0,0
7895,3.316,57.70,192.00,1,0,0
7898,3.316,57.70,192.00,1,0,0
7910,3.312,57.60,192.00,1,0,0
7913,3.316,57.70,192.00,1,0,0
7915,3.316,57.60,190.00,1,0,0
7918,3.316,57.90,192.00,1,0,0
7920,3.316,57.90,192.00,1,0,0
7923,3.316,57.80,192.00,1,0,0
7925,3.316,57.60,192.00,1,0,0
7928,3.316,57.70,192.00,1,0,0
7930,3.316,57.70,192.00,1,0,0
7933,3.316,57.70,192.00,1,0,0
7935,3.316,66.70,221.00,1,0,0
7938,3.316,154.50,505.00,1,0,0
7940,3.276,57.80,192.00,1,0,0
7942,3.316,57.60,192.00,1,0,0
7945,3.308,60.90,202.00,1,0,0
7947,3.316,57.70,192.00,1,0,0
7960,3.316,57.60,192.00,1,0,0
7963,3.316,57.70,192.00,1,0,0
7965,3.316,57.60,192.00,1,0,0
7967,3.316,57.90,192.00,1,0,0
7970,3.316,57.90,192.00,1,0,0
7972,3.316,57.80,192.00,1,0,0
7975,3.316,57.60,190.00,1,0,0
7977,3.316,57.60,192.00,1,0,0
7980,3.316,57.70,192.00,1,0,0
7982,3.316,57.60,192.00,1,0,0
7985,3.316,57.90,192.00,1,0,0
7987,3.316,57.90,192.00,1,0,0
7990,3.316,57.80,192.00,1,0,0
7992,3.316,57.60,192.00,1,0,0
7995,3.316,57.60,192.00,1,0,0
7997,3.316,57.70,192.00,1,0,0
8010,3.316,57.60,192.00,1,0,0
8012,3.316,57.70,192.00,1,0,0
8015,3.316,57.90,192.00,1,0,0
8017,3.316,57.90,192.00,1,0,0
8020,3.316,57.80,192.00,1,0,0
8022,3.316,57.90,192.00,1,0,0
8025,3.316,57.50,190.00,1,0,0
8027,3.316,57.60,192.00,1,0,0
8030,3.316,57.70,192.00,1,0,0
8032,3.316,57.90,192.00,1,0,0
8035,3.316,65.20,203.00,1,0,0
8037,3.316,138.90,452.00,1,0,0
8039,3.296,57.70,192.00,1,0,0
8042,3.316,57.60,192.00,1,0,0
8044,3.320,57.70,192.00,1,0,0
8047,3.316,57.70,192.00,1,0,0
8060,3.316,57.60,192.00,1,0,0
8062,3.316,57.70,192.00,1,0,0
8064,3.316,57.80,192.00,1,0,0
8067,3.316,57.80,192.00,1,0,0
8069,3.316,57.80,192.00,1,0,0
8072,3.316,57.90,192.00,1,0,0
8074,3.316,57.60,192.00,1,0,0
8077,3.316,57.60,192.00,1,0,0
8079,3.316,57.70,192.00,1,0,0
8082,3.316,57.90,192.00,1,0,0
8084,3.316,57.90,192.00,1,0,0
8087,3.316,57.80,192.00,1,0,0
8089,3.316,57.50,190.00,1,0,0
8092,3.316,57.60,192.00,1,0,0
8094,3.316,57.60,192.00,1,0,0
8097,3.316,58.00,192.00,1,0,0
8109,3.316,57.60,190.00,1,0,0
8112,3.312,57.70,192.00,1,0,0
8114,3.316,58.00,192.00,1,0,0
8117,3.316,57.90,192.00,1,0,0
8119,3.316,57.90,192.00,1,0,0
8122,3.316,57.60,192.00,1,0,0
8124,3.316,57.60,192.00,1,0,0
8127,3.316,57.60,192.00,1,0,0
8129,3.316,57.70,192.00,1,0,0
8132,3.316,58.00,192.00,1,0,0
8134,3.316,70.30,233.00,1,0,0
8136,3.316,57.70,190.00,1,0,0
8139,3.268,157.50,206.00,1,0,0
8141,3.316,57.50,190.00,1,0,0
8144,3.316,57.70,190.00,1,0,0
8146,3.316,57.90,192.00,1,0,0
8159,3.316,57.60,192.00,1,0,0
8162,3.316,57.70,192.00,1,0,0
8164,3.316,57.90,192.00,1,0,0
8166,3.316,57.90,192.00,1,0,0
8169,3.316,57.90,192.00,1,0,0
8171,3.316,57.60,192.00,1,0,0
8174,3.316,57.50,190.00,1,0,0
8176,3.316,57.60,192.00,1,0,0
8179,3.316,58.00,192.00,1,0,0
8181,3.316,58.00,192.00,1,0,0
8184,3.316,57.90,192.00,1,0,0
8186,3.316,57.80,192.00,1,0,0
8189,3.316,57.60,192.00,1,0,0
8191,3.316,57.60,190.00,1,0,0
8194,3.316,57.60,192.00,1,0,0
8196,3.316,58.00,192.00,1,0,0
8209,3.316,57.60,192.00,1,0,0
8211,3.316,57.80,192.00,1,0,0
8214,3.316,58.00,192.00,1,0,0
8216,3.316,57.90,192.00,1,0,0
8219,3.316,57.90,192.00,1,0,0
8221,3.316,57.60,192.00,1,0,0
8224,3.316,57.50,190.00,1,0,0
8226,3.316,57.60,192.00,1,0,0
8229,3.316,57.90,192.00,1,0,0
8231,3.312,57.90,192.00,1,0,0
8233,3.316,57.90,192.00,1,0,0
8236,3.300,57.60,188.00,1,0,0
8238,3.272,131.80,431.00,1,0,0
8241,3.316,57.60,192.00,1,0,0
8243,3.316,57.60,195.00,1,0,0
8246,3.308,58.00,192.00,1,0,0
8259,3.316,57.60,192.00,1,0,0
8261,3.316,58.00,192.00,1,0,0
8263,3.316,58.00,192.00,1,0,0
8266,3.316,57.90,192.00,1,0,0
8268,3.316,57.70,192.00,1,0,0
8271,3.316,57.60,192.00,1,0,0
8273,3.316,57.60,190.00,1,0,0
8276,3.316,57.60,192.00,1,0,0
8278,3.316,58.00,192.00,1,0,0
8281,3.316,58.00,192.00,1,0,0
8283,3.316,57.90,192.00,1,0,0
8286,3.316,57.60,192.00,1,0,0
8288,3.316,57.60,192.00,1,0,0
8291,3.316,57.50,190.00,1,0,0
8293,3.316,57.90,192.00,1,0,0
8296,3.316,58.00,192.00,1,0,0
8308,3.316,57.50,192.00,1,0,0
8311,3.316,58.00,192.00,1,0,0
8313,3.316,58.00,192.00,1,0,0
8316,3.316,57.90,192.00,1,0,0
8318,3.316,57.50,190.00,1,0,0
8321,3.316,57.60,192.00,1,0,0
8323,3.316,57.50,190.00,1,0,0
8326,3.316,57.50,192.00,1,0,0
8328,3.316,58.00,192.00,1,0,0
8330,3.316,58.00,192.00,1,0,0
8333,3.316,57.90,192.00,1,0,0
8335,3.316,57.60,192.00,1,0,0
8338,3.256,136.80,449.00,1,0,0
8340,3.316,57.70,192.00,1,0,0
8343,3.316,57.80,192.00,1,0,0
8345,3.312,58.60,195.00,1,0,0
8358,3.312,57.70,192.00,1,0,0
8360,3.316,57.90,192.00,1,0,0
8363,3.316,58.00,192.00,1,0,0
8365,3.316,57.90,192.00,1,0,0
8368,3.312,57.60,192.00,1,0,0
8370,3.316,57.50,190.00,1,0,0
8373,3.316,57.50,190.00,1,0,0
8375,3.316,57.80,192.00,1,0,0
8378,3.312,57.90,192.00,1,0,0
8380,3.316,58.00,192.00,1,0,0
8383,3.316,57.90,192.00,1,0,0
8385,3.316,57.60,192.00,1,0,0
8388,3.316,57.50,190.00,1,0,0
8390,3.316,57.60,192.00,1,0,0
8393,3.316,57.90,192.00,1,0,0
8395,3.316,58.00,192.00,1,0,0
8408,3.316,57.90,192.00,1,0,0
8410,3.316,57.90,192.00,1,0,0
8413,3.312,58.00,192.00,1,0,0
8415,3.316,57.70,192.00,1,0,0
8418,3.316,57.60,192.00,1,0,0
8420,3.316,57.60,192.00,1,0,0
8423,3.316,57.60,192.00,1,0,0
8425,3.316,57.90,192.00,1,0,0
8428,3.316,57.90,192.00,1,0,0
8430,3.316,58.00,192.00,1,0,0
8432,3.316,57.60,192.00,1,0,0
8435,3.312,78.40,259.00,1,0,0
8437,3.316,72.30,521.00,1,0,0
8440,3.268,57.70,192.00,1,0,0
8442,3.316,57.80,192.00,1,0,0
8445,3.316,68.30,193.00,1,0,0
8457,3.316,57.90,192.00,1,0,0
8460,3.316,57.90,192.00,1,0,0
8462,3.316,57.90,192.00,1,0,0
8465,3.316,57.80,192.00,1,0,0
8467,3.316,57.50,190.00,1,0,0
8470,3.316,57.60,192.00,1,0,0
8472,3.316,57.50,192.00,1,0,0
8475,3.316,57.90,192.00,1,0,0
8477,3.316,58.00,192.00,1,0,0
8480,3.316,58.00,192.00,1,0,0
8482,3.316,57.50,190.00,1,0,0
8485,3.316,57.50,190.00,1,0,0
8487,3.316,57.60,192.00,1,0,0
8490,3.316,57.80,192.00,1,0,0
8492,3.316,57.90,192.00,1,0,0
8495,3.316,58.00,192.00,1,0,0
8507,3.316,57.80,192.00,1,0,0
8510,3.316,57.90,192.00,1,0,0
8512,3.316,58.00,192.00,1,0,0
8515,3.316,57.70,192.00,1,0,0
8517,3.316,57.60,192.00,1,0,0
8520,3.316,57.50,190.00,1,0,0
8522,3.316,57.90,192.00,1,0,0
8525,3.316,57.90,192.00,1,0,0
8527,3.316,57.90,192.00,1,0,0
8529,3.312,58.00,192.00,1,0,0
8532,3.316,57.60,192.00,1,0,0
8534,3.316,78.70,261.00,1,0,0
8537,3.312,66.60,218.00,1,0,0
8539,3.288,164.20,542.00,1,0,0
8542,3.316,57.70,192.00,1,0,0
8544,3.316,71.40,238.00,1,0,0
8557,3.316,57.90,192.00,1,0,0
8559,3.316,57.90,192.00,1,0,0
8562,3.316,58.00,192.00,1,0,0
8564,3.316,57.60,192.00,1,0,0
8567,3.316,57.60,192.00,1,0,0
8569,3.316,57.60,192.00,1,0,0
8572,3.316,57.80,192.00,1,0,0
8574,3.316,57.80,192.00,1,0,0
8577,3.316,57.90,192.00,1,0,0
8579,3.316,57.70,192.00,1,0,0
8582,3.316,57.60,192.00,1,0,0
8584,3.316,57.60,190.00,1,0,0
8587,3.316,57.80,192.00,1,0,0
8589,3.316,57.90,192.00,1,0,0
8592,3.316,57.90,192.00,1,0,0
8594,3.316,58.00,192.00,1,0,0
8607,3.316,57.80,192.00,1,0,0
8609,3.316,57.90,192.00,1,0,0
8612,3.316,57.80,192.00,1,0,0
8614,3.316,57.60,192.00,1,0,0
8617,3.316,57.50,190.00,1,0,0
8619,3.316,57.60,192.00,1,0,0
8622,3.316,57.90,192.00,1,0,0
8624,3.316,57.90,192.00,1,0,0
8626,3.316,57.90,192.00,1,0,0
8629,3.316,57.60,192.00,1,0,0
8631,3.316,57.60,192.00,1,0,0
8634,3.316,57.50,190.00,1,0,0
8636,3.296,71.80,190.00,1,0,0
8639,3.312,168.30,552.00,1,0,0
8641,3.316,57.70,192.00,1,0,0
8644,3.316,57.70,190.00,1,0,0
8656,3.316,57.80,192.00,1,0,0
8659,3.316,57.90,192.00,1,0,0
8661,3.316,57.70,192.00,1,0,0
8664,3.316,57.70,192.00,1,0,0
8666,3.316,57.60,190.00,1,0,0
8669,3.316,57.90,192.00,1,0,0
8671,3.316,57.80,192.00,1,0,0
8674,3.316,57.80,192.00,1,0,0
8676,3.316,58.00,192.00,1,0,0
8679,3.316,57.70,192.00,1,0,0
8681,3.316,57.70,192.00,1,0,0
8684,3.316,57.60,192.00,1,0,0
8686,3.316,57.80,192.00,1,0,0
8689,3.312,57.90,192.00,1,0,0
8691,3.316,57.90,192.00,1,0,0
8694,3.316,57.60,192.00,1,0,0
8706,3.316,57.80,192.00,1,0,0
8709,3.316,57.80,192.00,1,0,0
8711,3.316,57.60,192.00,1,0,0
8714,3.316,57.70,192.00,1,0,0
8716,3.316,57.60,192.00,1,0,0
8719,3.316,57.80,192.00,1,0,0
8721,3.316,57.90,192.00,1,0,0
8723,3.316,57.80,192.00,1,0,0
8726,3.316,57.90,192.00,1,0,0
8728,3.316,57.70,192.00,1,0,0
8731,3.316,57.70,192.00,1,0,0
8733,3.316,57.60,192.00,1,0,0
8736,3.316,67.60,224.00,1,0,0
8738,3.316,154.50,505.00,1,0,0
8741,3.276,102.00,192.00,1,0,0
8743,3.316,57.60,192.00,1,0,0
8756,3.316,57.90,192.00,1,0,0
8758,3.316,57.70,192.00,1,0,0
8761,3.316,57.60,192.00,1,0,0
8763,3.316,57.70,192.00,1,0,0
8766,3.316,57.50,190.00,1,0,0
8768,3.316,57.80,192.00,1,0,0
8771,3.316,57.90,192.00,1,0,0
8773,3.316,57.80,192.00,1,0,0
8776,3.316,57.60,192.00,1,0,0
8778,3.316,57.60,192.00,1,0,0
8781,3.316,57.60,192.00,1,0,0
8783,3.316,57.80,192.00,1,0,0
8786,3.316,57.90,192.00,1,0,0
8788,3.316,57.80,192.00,1,0,0
8791,3.316,57.90,192.00,1,0,0
8793,3.316,57.60,190.00,1,0,0
8806,3.316,57.80,192.00,1,0,0
8808,3.316,57.50,190.00,1,0,0
8811,3.316,57.60,192.00,1,0,0
8813,3.316,57.70,192.00,1,0,0
8816,3.316,57.60,192.00,1,0,0
8818,3.316,57.80,192.00,1,0,0
8820,3.316,57.80,192.00,1,0,0
8823,3.316,57.80,192.00,1,0,0
8825,3.316,57.50,190.00,1,0,0
8828,3.316,57.70,192.00,1,0,0
8830,3.316,57.60,192.00,1,0,0
8833,3.316,57.80,192.00,1,0,0
8835,3.316,65.40,216.00,1,0,0
8838,3.316,57.60,460.00,1,0,0
8840,3.256,64.60,215.00,1,0,0
8843,3.316,57.60,192.00,1,0,0
8855,3.312,57.80,192.00,1,0,0
8858,3.316,57.60,190.00,1,0,0
8860,3.312,57.70,192.00,1,0,0
8863,3.316,57.70,192.00,1,0,0
8865,3.316,57.90,192.00,1,0,0
8868,3.316,57.80,192.00,1,0,0
8870,3.316,57.90,192.00,1,0,0
8873,3.316,57.90,192.00,1,0,0
8875,3.316,57.60,192.00,1,0,0
8878,3.316,57.70,192.00,1,0,0
8880,3.316,57.80,192.00,1,0,0
8883,3.316,57.90,192.00,1,0,0
8885,3.316,57.90,192.00,1,0,0
8888,3.316,57.80,192.00,1,0,0
8890,3.316,57.60,192.00,1,0,0
8892,3.316,57.60,192.00,1,0,0
8905,3.316,57.90,192.00,1,0,0
8908,3.312,57.50,190.00,1,0,0
8910,3.316,57.60,192.00,1,0,0
8913,3.316,57.70,192.00,1,0,0
8915,3.316,57.90,192.00,1,0,0
8918,3.316,58.00,192.00,1,0,0
8920,3.316,57.80,192.00,1,0,0
8922,3.316,57.60,190.00,1,0,0
8925,3.316,57.60,192.00,1,0,0
8927,3.316,57.60,190.00,1,0,0
8930,3.312,57.80,192.00,1,0,0
8932,3.316,57.90,192.00,1,0,0
8935,3.316,57.90,233.00,1,0,0
8937,3.296,57.70,190.00,1,0,0
8940,3.264,115.80,377.00,1,0,0
8942,3.316,57.60,192.00,1,0,0
8955,3.316,57.90,192.00,1,0,0
8957,3.316,57.60,192.00,1,0,0
8960,3.316,57.50,190.00,1,0,0
8967,3.316,57.90,192.00,1,0,0
8970,3.316,57.80,192.00,1,0,0
8972,3.316,57.70,192.00,1,0,0
8975,3.316,57.50,190.00,1,0,0
8977,3.316,57.60,192.00,1,0,0
8980,3.316,57.70,192.00,1,0,0
8982,3.316,57.90,192.00,1,0,0
8984,3.316,57.90,192.00,1,0,0
8987,3.316,57.90,192.00,1,0,0
8989,3.316,57.60,192.00,1,0,0
8992,3.316,57.60,192.00,1,0,0
8994,3.316,57.60,192.00,1,0,0
8997,3.316,57.90,192.00,1,0,0
8999,3.316,57.90,192.00,1,0,0
9002,3.316,57.80,192.00,1,0,0
9004,3.316,57.50,190.00,1,0,0
9017,3.316,57.80,192.00,1,0,0
9019,3.316,57.90,192.00,1,0,0
9022,3.316,57.60,190.00,1,0,0
9024,3.316,57.60,192.00,1,0,0
9027,3.316,57.70,192.00,1,0,0
9029,3.316,58.00,192.00,1,0,0
9032,3.316,57.90,192.00,1,0,0
9034,3.316,57.90,192.00,1,0,0
9037,3.304,57.70,192.00,1,0,0
9039,3.268,118.10,500.00,1,0,0
9042,3.308,57.60,192.00,1,0,0
9044,3.316,57.60,192.00,1,0,0
9047,3.308,58.60,192.00,1,0,0
9049,3.316,57.90,192.00,1,0,0
9052,3.316,57.90,192.00,1,0,0
9054,3.316,57.60,190.00,1,0,0
9067,3.316,57.90,192.00,1,0,0
9069,3.316,57.60,192.00,1,0,0
9072,3.316,57.60,192.00,1,0,0
9074,3.316,57.50,192.00,1,0,0
9077,3.316,57.70,192.00,1,0,0
9079,3.316,58.00,192.00,1,0,0
9081,3.316,58.00,192.00,1,0,0
9084,3.316,57.90,192.00,1,0,0
9086,3.316,57.60,192.00,1,0,0
9089,3.316,57.50,190.00,1,0,0
9091,3.316,57.50,192.00,1,0,0
9094,3.316,57.90,192.00,1,0,0
9096,3.316,58.00,192.00,1,0,0
9099,3.316,57.90,192.00,1,0,0
9101,3.316,57.80,192.00,1,0,0
9104,3.316,57.50,190.00,1,0,0
9116,3.316,57.90,192.00,1,0,0
9119,3.316,57.70,190.00,1,0,0
9121,3.316,57.60,192.00,1,0,0
9124,3.316,57.60,192.00,1,0,0
9126,3.316,57.60,192.00,1,0,0
9129,3.316,58.00,192.00,1,0,0
9131,3.316,57.90,192.00,1,0,0
9134,3.316,57.90,192.00,1,0,0
9136,3.316,78.00,192.00,1,0,0
9139,3.316,146.70,483.00,1,0,0
9141,3.312,57.60,192.00,1,0,0
9144,3.316,57.70,192.00,1,0,0
9146,3.316,58.60,195.00,1,0,0
9149,3.316,57.90,192.00,1,0,0
9151,3.316,57.90,192.00,1,0,0
9153,3.316,57.50,190.00,1,0,0
9166,3.316,57.90,192.00,1,0,0
9169,3.312,57.60,192.00,1,0,0
9171,3.312,57.60,192.00,1,0,0
9174,3.316,57.50,190.00,1,0,0
9176,3.316,57.90,192.00,1,0,0
9179,3.316,57.90,192.00,1,0,0
9181,3.316,57.90,192.00,1,0,0
9183,3.316,57.80,192.00,1,0,0
9186,3.316,57.60,190.00,1,0,0
9188,3.316,57.50,192.00,1,0,0
9191,3.316,57.60,192.00,1,0,0
9193,3.316,57.90,192.00,1,0,0
9196,3.316,58.00,192.00,1,0,0
9198,3.316,57.90,192.00,1,0,0
9201,3.316,57.50,190.00,1,0,0
9203,3.316,57.50,190.00,1,0,0
9216,3.316,57.90,192.00,1,0,0
9218,3.316,57.50,190.00,1,0,0
9221,3.316,57.50,190.00,1,0,0
9223,3.316,57.60,192.00,1,0,0
9226,3.316,57.90,192.00,1,0,0
9228,3.316,58.00,192.00,1,0,0
9231,3.316,57.90,192.00,1,0,0
9233,3.316,57.60,192.00,1,0,0
9236,3.308,78.30,259.00,1,0,0
9238,3.316,73.20,378.00,1,0,0
9241,3.264,57.70,192.00,1,0,0
9243,3.316,57.70,192.00,1,0,0
9246,3.316,68.50,228.00,1,0,0
9248,3.316,58.00,192.00,1,0,0
9250,3.316,57.60,192.00,1,0,0
9253,3.316,57.60,192.00,1,0,0
9266,3.316,57.60,192.00,1,0,0
9268,3.316,57.50,190.00,1,0,0
9271,3.316,57.60,192.00,1,0,0
9273,3.316,57.50,190.00,1,0,0
9276,3.316,57.80,192.00,1,0,0
9278,3.316,57.90,192.00,1,0,0
9280,3.316,58.00,192.00,1,0,0
9283,3.316,57.60,192.00,1,0,0
9285,3.316,57.50,190.00,1,0,0
9288,3.316,57.50,190.00,1,0,0
9290,3.316,57.80,192.00,1,0,0
9293,3.316,57.90,192.00,1,0,0
9295,3.316,58.00,192.00,1,0,0
9298,3.312,57.90,192.00,1,0,0
9300,3.316,57.50,192.00,1,0,0
9303,3.316,57.50,190.00,1,0,0
9315,3.316,57.60,192.00,1,0,0
9318,3.312,57.60,192.00,1,0,0
9320,3.316,57.60,190.00,1,0,0
9323,3.316,57.80,192.00,1,0,0
9325,3.316,57.80,192.00,1,0,0
9328,3.316,58.00,192.00,1,0,0
9330,3.316,57.90,192.00,1,0,0
9333,3.316,57.60,192.00,1,0,0
9335,3.316,57.50,259.00,1,0,0
9338,3.316,93.90,308.00,1,0,0
9340,3.256,84.60,279.00,1,0,0
9343,3.316,57.70,192.00,1,0,0
9345,3.316,69.30,229.00,1,0,0
9347,3.316,57.70,192.00,1,0,0
9350,3.316,57.60,192.00,1,0,0
9352,3.316,57.60,190.00,1,0,0
9365,3.316,57.60,190.00,1,0,0
9368,3.312,57.60,192.00,1,0,0
9370,3.316,57.60,192.00,1,0,0
9373,3.316,57.90,192.00,1,0,0
9375,3.316,57.80,192.00,1,0,0
9377,3.316,58.00,192.00,1,0,0
9380,3.316,58.00,192.00,1,0,0
9382,3.316,57.60,192.00,1,0,0
9385,3.316,57.60,192.00,1,0,0
9387,3.316,57.60,192.00,1,0,0
9390,3.316,57.80,192.00,1,0,0
9392,3.316,57.90,192.00,1,0,0
9395,3.316,57.90,192.00,1,0,0
9397,3.316,57.70,192.00,1,0,0
9400,3.316,57.60,192.00,1,0,0
9402,3.316,57.50,190.00,1,0,0
9415,3.316,57.60,192.00,1,0,0
9417,3.316,57.50,190.00,1,0,0
9420,3.312,57.50,190.00,1,0,0
9422,3.316,57.80,192.00,1,0,0
9425,3.316,57.80,192.00,1,0,0
9427,3.316,58.00,192.00,1,0,0
9430,3.316,57.70,192.00,1,0,0
9432,3.316,57.60,190.00,1,0,0
9435,3.316,57.60,190.00,1,0,0
9437,3.316,57.70,192.00,1,0,0
9440,3.276,125.30,431.00,1,0,0
9442,3.316,57.70,192.00,1,0,0
9445,3.316,57.80,192.00,1,0,0
9447,3.312,57.70,192.00,1,0,0
9449,3.316,57.50,190.00,1,0,0
9452,3.316,57.50,190.00,1,0,0
9465,3.316,57.70,192.00,1,0,0
9467,3.316,57.60,192.00,1,0,0
9470,3.316,57.60,192.00,1,0,0
9472,3.316,57.90,192.00,1,0,0
9474,3.316,57.80,192.00,1,0,0
9477,3.316,57.90,192.00,1,0,0
9479,3.316,57.70,192.00,1,0,0
9482,3.316,57.60,192.00,1,0,0
9484,3.316,57.60,190.00,1,0,0
9487,3.316,57.80,192.00,1,0,0
9489,3.316,57.80,192.00,1,0,0
9492,3.312,57.90,192.00,1,0,0
9494,3.316,57.70,192.00,1,0,0
9497,3.316,57.70,192.00,1,0,0
9499,3.316,57.50,192.00,1,0,0
9502,3.316,57.60,192.00,1,0,0
9514,3.316,57.70,192.00,1,0,0
9517,3.316,57.60,192.00,1,0,0
9519,3.316,57.90,192.00,1,0,0
9522,3.316,57.80,192.00,1,0,0
9524,3.316,57.90,192.00,1,0,0
9527,3.316,57.90,192.00,1,0,0
9529,3.316,57.60,192.00,1,0,0
9532,3.316,57.60,190.00,1,0,0
9534,3.316,57.60,192.00,1,0,0
9537,3.296,70.00,192.00,1,0,0
9539,3.316,168.90,554.00,1,0,0
9541,3.316,57.70,192.00,1,0,0
9544,3.316,57.60,190.00,1,0,0
9546,3.312,57.60,192.00,1,0,0
9549,3.316,57.60,192.00,1,0,0
9551,3.316,57.60,192.00,1,0,0
9564,3.316,57.70,192.00,1,0,0
9567,3.316,57.50,190.00,1,0,0
9569,3.316,57.80,192.00,1,0,0
9571,3.316,57.80,192.00,1,0,0
9574,3.316,57.80,192.00,1,0,0
9576,3.316,57.60,192.00,1,0,0
9579,3.312,57.70,192.00,1,0,0
9581,3.316,57.70,192.00,1,0,0
9584,3.316,57.70,192.00,1,0,0
9586,3.316,57.80,192.00,1,0,0
9589,3.316,57.90,192.00,1,0,0
9591,3.316,57.80,192.00,1,0,0
9594,3.316,57.70,192.00,1,0,0
9596,3.316,57.70,192.00,1,0,0
9599,3.316,57.50,190.00,1,0,0
9601,3.316,57.90,192.00,1,0,0
9614,3.316,57.60,192.00,1,0,0
9616,3.316,57.50,192.00,1,0,0
9619,3.316,57.90,192.00,1,0,0
9621,3.316,57.90,192.00,1,0,0
9624,3.312,57.80,192.00,1,0,0
9626,3.316,57.60,192.00,1,0,0
9629,3.316,57.60,192.00,1,0,0
9631,3.316,57.70,192.00,1,0,0
9634,3.316,57.80,192.00,1,0,0
9636,3.316,63.90,211.00,1,0,0
9639,3.316,149.80,487.00,1,0,0
9641,3.284,100.70,192.00,1,0,0
9643,3.316,57.70,192.00,1,0,0
9646,3.308,58.70,195.00,1,0,0
9648,3.316,57.70,192.00,1,0,0
9651,3.316,57.90,192.00,1,0,0
9664,3.316,57.70,192.00,1,0,0
9666,3.316,57.90,192.00,1,0,0
9668,3.316,57.90,192.00,1,0,0
9671,3.316,57.80,192.00,1,0,0
9673,3.316,57.90,192.00,1,0,0
9676,3.316,57.60,190.00,1,0,0
9678,3.316,57.70,192.00,1,0,0
9681,3.316,57.60,192.00,1,0,0
9683,3.316,57.90,192.00,1,0,0
9686,3.316,57.90,192.00,1,0,0
9688,3.316,57.80,192.00,1,0,0
9691,3.316,57.70,192.00,1,0,0
9693,3.316,57.60,190.00,1,0,0
9696,3.312,57.70,192.00,1,0,0
9698,3.316,57.60,192.00,1,0,0
9701,3.316,57.90,192.00,1,0,0
9713,3.316,57.60,192.00,1,0,0
9716,3.316,57.90,192.00,1,0,0
9718,3.316,57.90,192.00,1,0,0
9721,3.316,57.80,192.00,1,0,0
9723,3.316,57.60,192.00,1,0,0
9726,3.316,57.60,192.00,1,0,0
9728,3.316,57.60,192.00,1,0,0
9731,3.316,57.80,192.00,1,0,0
9733,3.316,57.90,192.00,1,0,0
9736,3.316,68.20,224.00,1,0,0
9738,3.316,57.70,474.00,1,0,0
9740,3.284,156.00,516.00,1,0,0
9743,3.316,57.50,190.00,1,0,0
9745,3.316,57.70,192.00,1,0,0
9748,3.316,57.90,192.00,1,0,0
9750,3.316,57.80,192.00,1,0,0
9763,3.316,57.80,192.00,1,0,0
9765,3.316,57.90,192.00,1,0,0
9768,3.316,57.90,192.00,1,0,0
9770,3.316,57.80,192.00,1,0,0
9773,3.316,57.60,192.00,1,0,0
9775,3.316,57.60,192.00,1,0,0
9778,3.316,57.60,190.00,1,0,0
9780,3.316,57.80,192.00,1,0,0
9783,3.316,57.90,192.00,1,0,0
9785,3.312,57.90,192.00,1,0,0
9788,3.316,57.90,192.00,1,0,0
9790,3.316,57.50,192.00,1,0,0
9793,3.316,57.60,192.00,1,0,0
9795,3.316,57.60,190.00,1,0,0
9798,3.316,57.90,192.00,1,0,0
9800,3.316,57.80,192.00,1,0,0
9813,3.316,58.00,192.00,1,0,0
9815,3.316,58.00,192.00,1,0,0
9818,3.312,57.80,192.00,1,0,0
9820,3.316,57.80,192.00,1,0,0
9823,3.316,57.60,192.00,1,0,0
9825,3.312,57.60,192.00,1,0,0
9828,3.316,57.60,192.00,1,0,0
9830,3.316,58.00,192.00,1,0,0
9833,3.316,57.90,192.00,1,0,0
9835,3.316,73.50,242.00,1,0,0
9837,3.316,57.60,188.00,1,0,0
9840,3.252,115.40,197.00,1,0,0
9842,3.316,57.50,192.00,1,0,0
9845,3.316,57.70,190.00,1,0,0
9847,3.316,58.00,192.00,1,0,0
9850,3.312,57.90,192.00,1,0,0
9863,3.316,57.90,192.00,1,0,0
9865,3.316,57.90,192.00,1,0,0
9867,3.316,57.90,192.00,1,0,0
9870,3.316,57.90,192.00,1,0,0
9872,3.316,57.60,192.00,1,0,0
9875,3.312,57.50,190.00,1,0,0
9877,3.316,57.70,192.00,1,0,0
9880,3.316,58.00,192.00,1,0,0
9882,3.312,57.90,192.00,1,0,0
9885,3.316,57.90,192.00,1,0,0
9887,3.316,57.50,190.00,1,0,0
9890,3.316,57.50,190.00,1,0,0
9892,3.316,57.60,192.00,1,0,0
9895,3.316,58.00,192.00,1,0,0
9897,3.316,58.00,192.00,1,0,0
9900,3.316,57.80,192.00,1,0,0
9912,3.316,58.00,192.00,1,0,0
9915,3.316,58.00,192.00,1,0,0
9917,3.316,57.90,192.00,1,0,0
9920,3.316,57.50,190.00,1,0,0
9922,3.316,57.50,190.00,1,0,0
9925,3.316,57.60,192.00,1,0,0
9927,3.316,57.70,192.00,1,0,0
9930,3.316,58.00,192.00,1,0,0
9932,3.316,57.90,192.00,1,0,0
9934,3.316,57.90,192.00,1,0,0
9937,3.304,57.60,187.00,1,0,0
9939,3.260,138.90,455.00,1,0,0
9942,3.316,57.50,190.00,1,0,0
9944,3.316,57.70,205.00,1,0,0
9947,3.308,58.00,192.00,1,0,0
9949,3.316,57.90,192.00,1,0,0
9962,3.316,58.00,192.00,1,0,0
9964,3.316,58.00,192.00,1,0,0
9967,3.316,57.80,192.00,1,0,0
9969,3.316,57.60,192.00,1,0,0
9972,3.316,57.60,192.00,1,0,0
9974,3.316,57.50,192.00,1,0,0
9977,3.316,57.90,192.00,1,0,0
9979,3.316,58.00,192.00,1,0,0
9982,3.320,58.00,192.00,1,0,0
9984,3.316,57.70,192.00,1,0,0
9987,3.316,57.50,190.00,1,0,0
9989,3.316,57.50,190.00,1,0,0
9992,3.316,57.50,190.00,1,0,0
9994,3.316,58.00,192.00,1,0,0
9997,3.316,58.00,192.00,1,0,0
9999,3.316,57.80,192.00,1,0,0
10012,3.312,58.00,192.00,1,0,0
10014,3.316,58.00,192.00,1,0,0
10017,3.316,57.80,192.00,1,0,0
10019,3.316,57.50,192.00,1,0,0
10022,3.316,57.50,190.00,1,0,0
10024,3.316,57.60,192.00,1,0,0
10027,3.316,57.90,192.00,1,0,0
10029,3.316,58.00,192.00,1,0,0
10032,3.316,57.90,192.00,1,0,0
10034,3.316,57.80,190.00,1,0,0
10036,3.312,57.50,190.00,1,0,0
10039,3.256,146.80,482.00,1,0,0
10041,3.316,57.60,192.00,1,0,0
10044,3.316,57.80,192.00,1,0,0
10057,3.316,57.50,190.00,1,0,0
10059,3.316,57.90,192.00,1,0,0
10061,3.316,57.90,192.00,1,0,0
10064,3.316,58.00,192.00,1,0,0
10066,3.316,57.70,192.00,1,0,0
10069,3.316,57.50,190.00,1,0,0
10071,3.316,57.60,192.00,1,0,0
10074,3.316,57.50,190.00,1,0,0
10076,3.316,57.90,192.00,1,0,0
10079,3.316,58.00,192.00,1,0,0
10081,3.316,57.90,192.00,1,0,0
10084,3.316,57.60,192.00,1,0,0
10086,3.316,57.50,190.00,1,0,0
10089,3.312,57.60,190.00,1,0,0
10101,3.316,57.60,192.00,1,0,0
10104,3.312,57.60,192.00,1,0,0
10106,3.316,57.60,192.00,1,0,0
10109,3.316,57.90,192.00,1,0,0
10111,3.316,58.00,192.00,1,0,0
10114,3.316,57.90,192.00,1,0,0
10116,3.316,57.60,192.00,1,0,0
10119,3.316,57.60,192.00,1,0,0
10121,3.316,57.50,190.00,1,0,0
10124,3.316,57.60,192.00,1,0,0
10126,3.316,57.90,192.00,1,0,0
10128,3.316,57.90,192.00,1,0,0
10131,3.316,57.90,192.00,1,0,0
10133,3.316,57.60,190.00,1,0,0
10146,3.316,58.60,195.00,1,0,0
10149,3.312,57.60,192.00,1,0,0
10151,3.316,57.60,190.00,1,0,0
10154,3.316,57.50,190.00,1,0,0
10156,3.316,57.70,192.00,1,0,0
10158,3.316,57.90,192.00,1,0,0
10161,3.316,57.90,192.00,1,0,0
10163,3.316,58.00,192.00,1,0,0
10166,3.316,57.60,192.00,1,0,0
10168,3.316,57.60,192.00,1,0,0
10171,3.316,57.60,192.00,1,0,0
10173,3.316,57.90,192.00,1,0,0
10176,3.316,57.80,192.00,1,0,0
10178,3.316,58.00,192.00,1,0,0
10191,3.316,57.90,192.00,1,0,0
10193,3.316,58.00,192.00,1,0,0
10196,3.316,58.00,192.00,1,0,0
10198,3.316,57.60,192.00,1,0,0
10201,3.316,57.60,192.00,1,0,0
10203,3.316,57.50,190.00,1,0,0
10206,3.316,57.80,192.00,1,0,0
10208,3.316,57.80,192.00,1,0,0
10211,3.312,57.90,192.00,1,0,0
10213,3.316,57.80,192.00,1,0,0
10216,3.312,57.60,192.00,1,0,0
10218,3.316,57.60,192.00,1,0,0
10221,3.316,57.40,192.00,1,0,0
10223,3.316,57.90,192.00,1,0,0
10236,3.316,76.20,252.00,1,0,0
10238,3.316,111.80,367.00,1,0,0
10241,3.256,102.40,192.00,1,0,0
10243,3.316,57.70,192.00,1,0,0
10246,3.316,69.20,229.00,1,0,0
10248,3.316,57.60,192.00,1,0,0
10251,3.316,57.60,192.00,1,0,0
10253,3.316,57.50,190.00,1,0,0
10255,3.316,57.90,192.00,1,0,0
10258,3.312,57.90,192.00,1,0,0
10260,3.316,58.00,192.00,1,0,0
10263,3.316,57.80,192.00,1,0,0
10265,3.316,57.60,192.00,1,0,0
10268,3.316,57.50,190.00,1,0,0
10280,3.316,57.70,192.00,1,0,0
10283,3.316,57.50,190.00,1,0,0
10285,3.316,57.60,190.00,1,0,0
10288,3.316,57.90,192.00,1,0,0
10290,3.316,57.80,192.00,1,0,0
10293,3.316,57.80,192.00,1,0,0
10295,3.316,57.70,192.00,1,0,0
10298,3.316,57.60,190.00,1,0,0
10300,3.312,57.60,190.00,1,0,0
10303,3.316,57.60,192.00,1,0,0
10305,3.316,57.90,192.00,1,0,0
10308,3.312,57.90,192.00,1,0,0
10310,3.316,58.00,192.00,1,0,0
10313,3.316,57.60,192.00,1,0,0
10325,3.316,57.90,192.00,1,0,0
10328,3.316,58.00,192.00,1,0,0
10330,3.316,57.70,192.00,1,0,0
10333,3.316,57.60,192.00,1,0,0
10335,3.316,57.50,190.00,1,0,0
10338,3.316,57.70,475.00,1,0,0
10340,3.276,115.40,383.00,1,0,0
10343,3.312,57.70,192.00,1,0,0
10345,3.316,57.70,218.00,1,0,0
10348,3.312,57.70,192.00,1,0,0
10350,3.312,57.60,192.00,1,0,0
10352,3.316,57.60,192.00,1,0,0
10355,3.316,57.90,192.00,1,0,0
10357,3.316,57.90,192.00,1,0,0
10370,3.312,57.90,192.00,1,0,0
10373,3.316,57.80,192.00,1,0,0
10375,3.316,57.90,192.00,1,0,0
10377,3.316,57.60,190.00,1,0,0
10380,3.312,57.80,192.00,1,0,0
10382,3.316,57.60,190.00,1,0,0
10385,3.316,57.80,192.00,1,0,0
10387,3.316,57.80,192.00,1,0,0
10390,3.316,57.90,192.00,1,0,0
10392,3.316,57.90,192.00,1,0,0
10395,3.316,57.70,192.00,1,0,0
10397,3.312,57.70,192.00,1,0,0
10400,3.312,57.50,190.00,1,0,0
10402,3.316,57.90,192.00,1,0,0
10415,3.316,57.60,192.00,1,0,0
10417,3.316,57.60,192.00,1,0,0
10420,3.316,57.90,192.00,1,0,0
10422,3.316,57.90,192.00,1,0,0
10425,3.316,57.90,192.00,1,0,0
10427,3.312,57.70,192.00,1,0,0
10430,3.316,57.70,192.00,1,0,0
10432,3.316,57.60,192.00,1,0,0
10435,3.316,57.80,200.00,1,0,0
10437,3.296,57.70,192.00,1,0,0
10440,3.284,159.70,521.00,1,0,0
10442,3.316,57.80,190.00,1,0,0
10445,3.316,57.60,190.00,1,0,0
10447,3.312,57.70,192.00,1,0,0
10460,3.316,57.60,192.00,1,0,0
10462,3.316,57.60,192.00,1,0,0
10465,3.316,57.60,192.00,1,0,0
10467,3.312,57.90,192.00,1,0,0
10470,3.316,57.90,192.00,1,0,0
10472,3.316,57.90,192.00,1,0,0
10474,3.312,57.90,192.00,1,0,0
10477,3.312,57.60,192.00,1,0,0
10479,3.316,57.60,192.00,1,0,0
10482,3.316,57.60,190.00,1,0,0
10484,3.316,57.90,192.00,1,0,0
10487,3.316,57.90,192.00,1,0,0
10489,3.316,57.90,192.00,1,0,0
10492,3.316,57.60,192.00,1,0,0
10504,3.312,57.90,192.00,1,0,0
10507,3.312,57.90,192.00,1,0,0
10509,3.316,57.60,192.00,1,0,0
10512,3.312,57.70,192.00,1,0,0
10514,3.316,57.70,192.00,1,0,0
10517,3.316,57.80,192.00,1,0,0
10519,3.316,57.90,192.00,1,0,0
10522,3.312,57.90,192.00,1,0,0
10524,3.316,57.50,190.00,1,0,0
10527,3.316,57.60,192.00,1,0,0
10529,3.312,57.70,192.00,1,0,0
10532,3.316,57.90,192.00,1,0,0
10534,3.316,57.90,192.00,1,0,0
10537,3.296,61.10,190.00,1,0,0
10549,3.316,57.90,192.00,1,0,0
10552,3.316,57.80,192.00,1,0,0
10554,3.316,57.90,192.00,1,0,0
10557,3.316,57.70,192.00,1,0,0
10559,3.316,57.60,190.00,1,0,0
10562,3.316,57.60,192.00,1,0,0
10564,3.312,57.60,192.00,1,0,0
10567,3.316,57.90,192.00,1,0,0
10569,3.312,57.80,192.00,1,0,0
10571,3.316,57.90,192.00,1,0,0
10574,3.316,57.60,190.00,1,0,0
10576,3.316,57.50,190.00,1,0,0
10579,3.312,57.70,192.00,1,0,0
10581,3.316,57.80,192.00,1,0,0
10594,3.316,57.60,192.00,1,0,0
10596,3.312,57.70,192.00,1,0,0
10599,3.316,57.80,192.00,1,0,0
10601,3.312,57.80,192.00,1,0,0
10604,3.316,57.80,192.00,1,0,0
10606,3.316,57.50,190.00,1,0,0
10609,3.316,57.60,192.00,1,0,0
10611,3.316,57.60,192.00,1,0,0
10614,3.316,57.90,192.00,1,0,0
10616,3.316,57.90,192.00,1,0,0
10619,3.316,57.90,192.00,1,0,0
10621,3.312,57.90,192.00,1,0,0
10624,3.312,57.50,190.00,1,0,0
10626,3.316,57.60,192.00,1,0,0
10639,3.316,57.60,326.00,1,0,0
10641,3.256,109.50,364.00,1,0,0
10644,3.316,57.60,192.00,1,0,0
10646,3.316,57.70,190.00,1,0,0
10649,3.316,57.90,192.00,1,0,0
10651,3.316,57.80,192.00,1,0,0
10654,3.312,57.80,192.00,1,0,0
10656,3.316,57.60,192.00,1,0,0
10659,3.316,57.60,192.00,1,0,0
10661,3.312,57.70,192.00,1,0,0
10664,3.316,57.90,192.00,1,0,0
10666,3.316,57.90,192.00,1,0,0
10668,3.316,57.90,192.00,1,0,0
10671,3.316,57.90,192.00,1,0,0
10684,3.316,57.80,192.00,1,0,0
10686,3.316,57.80,192.00,1,0,0
10689,3.316,57.60,192.00,1,0,0
10691,3.312,57.60,192.00,1,0,0
10693,3.316,57.60,190.00,1,0,0
10696,3.312,58.00,192.00,1,0,0
10698,3.316,57.90,192.00,1,0,0
10701,3.312,57.90,192.00,1,0,0
10703,3.316,57.90,192.00,1,0,0
10706,3.316,57.50,190.00,1,0,0
10708,3.316,57.50,192.00,1,0,0
10711,3.316,57.70,192.00,1,0,0
10713,3.316,58.10,193.00,1,0,0
10716,3.316,57.90,192.00,1,0,0
10728,3.316,57.80,192.00,1,0,0
10731,3.316,57.90,192.00,1,0,0
10733,3.312,57.90,192.00,1,0,0
10736,3.316,57.80,257.00,1,0,0
10738,3.304,57.60,188.00,1,0,0
10741,3.248,115.60,378.00,1,0,0
10743,3.316,57.70,190.00,1,0,0
10746,3.312,62.00,205.00,1,0,0
10748,3.308,57.90,192.00,1,0,0
10751,3.316,57.90,192.00,1,0,0
10753,3.312,57.90,192.00,1,0,0
10756,3.316,57.50,190.00,1,0,0
10758,3.316,57.60,190.00,1,0,0
10761,3.316,57.60,192.00,1,0,0
10773,3.316,57.50,192.00,1,0,0
10776,3.316,57.60,192.00,1,0,0
10778,3.316,58.00,192.00,1,0,0
10781,3.316,57.90,192.00,1,0,0
10783,3.316,57.90,192.00,1,0,0
10786,3.312,57.70,192.00,1,0,0
10788,3.316,57.60,190.00,1,0,0
10790,3.312,57.50,190.00,1,0,0
10793,3.312,57.60,192.00,1,0,0
10795,3.316,58.00,192.00,1,0,0
10798,3.316,57.80,192.00,1,0,0
10800,3.316,57.90,192.00,1,0,0
10803,3.316,57.60,192.00,1,0,0
10805,3.316,57.60,192.00,1,0,0
10818,3.316,57.80,192.00,1,0,0
10820,3.316,57.60,192.00,1,0,0
10823,3.316,57.60,190.00,1,0,0
10825,3.312,57.60,192.00,1,0,0
10828,3.316,57.90,192.00,1,0,0
10830,3.316,58.00,192.00,1,0,0
10833,3.312,57.90,192.00,1,0,0
10835,3.316,57.60,190.00,1,0,0
10838,3.308,57.60,192.00,1,0,0
10840,3.260,158.60,354.00,1,0,0
10843,3.288,57.80,192.00,1,0,0
10845,3.312,57.80,192.00,1,0,0
10848,3.312,58.50,192.00,1,0,0
10850,3.316,57.90,192.00,1,0,0
10863,3.316,58.00,192.00,1,0,0
10865,3.316,57.90,192.00,1,0,0
10868,3.316,57.50,190.00,1,0,0
10870,3.316,57.60,192.00,1,0,0
10873,3.316,57.50,190.00,1,0,0
10875,3.316,57.60,192.00,1,0,0
10878,3.316,58.00,193.00,1,0,0
10880,3.316,57.90,192.00,1,0,0
10883,3.316,57.90,192.00,1,0,0
10885,3.316,57.60,192.00,1,0,0
10887,3.316,57.60,192.00,1,0,0
10890,3.316,57.60,192.00,1,0,0
10892,3.316,57.90,192.00,1,0,0
10895,3.316,58.00,192.00,1,0,0
10908,3.316,57.60,192.00,1,0,0
10910,3.316,58.00,192.00,1,0,0
10913,3.316,58.00,192.00,1,0,0
10915,3.316,57.90,192.00,1,0,0
10917,3.316,57.60,192.00,1,0,0
10920,3.316,57.60,192.00,1,0,0
10922,3.312,57.50,192.00,1,0,0
10925,3.316,57.90,192.00,1,0,0
10927,3.316,57.90,192.00,1,0,0
10930,3.316,58.00,192.00,1,0,0
10932,3.316,57.80,192.00,1,0,0
10935,3.312,57.60,192.00,1,0,0
10937,3.308,76.90,190.00,1,0,0
10940,3.316,159.20,523.00,1,0,0
10952,3.316,57.60,192.00,1,0,0
10955,3.316,57.60,190.00,1,0,0
10957,3.316,57.80,192.00,1,0,0
10960,3.316,57.90,192.00,1,0,0
10962,3.316,58.00,192.00,1,0,0
10969,3.312,57.60,192.00,1,0,0
10972,3.316,57.50,190.00,1,0,0
10974,3.316,57.90,192.00,1,0,0
10977,3.316,57.90,192.00,1,0,0
10979,3.312,58.00,192.00,1,0,0
10982,3.316,57.80,192.00,1,0,0
10984,3.316,57.60,190.00,1,0,0
10986,3.312,57.60,192.00,1,0,0
10989,3.316,57.60,192.00,1,0,0
10991,3.312,57.90,192.00,1,0,0
10994,3.316,58.00,192.00,1,0,0
10996,3.316,58.00,192.00,1,0,0
10999,3.312,57.60,192.00,1,0,0
11001,3.316,57.60,192.00,1,0,0
11014,3.316,58.00,192.00,1,0,0
11016,3.316,57.60,192.00,1,0,0
11019,3.316,57.60,192.00,1,0,0
11021,3.316,57.50,192.00,1,0,0
11024,3.316,57.80,192.00,1,0,0
11026,3.316,57.90,192.00,1,0,0
11029,3.316,58.00,193.00,1,0,0
11031,3.316,57.60,192.00,1,0,0
11034,3.316,57.60,192.00,1,0,0
11036,3.316,57.60,251.00,1,0,0
11039,3.316,118.80,390.00,1,0,0
11041,3.280,139.80,464.00,1,0,0
11044,3.312,57.70,192.00,1,0,0
11046,3.316,69.10,229.00,1,0,0
11059,3.316,57.90,192.00,1,0,0
11061,3.316,58.00,192.00,1,0,0
11064,3.316,57.70,192.00,1,0,0
11066,3.316,57.60,190.00,1,0,0
11069,3.312,57.60,192.00,1,0,0
11071,3.316,57.50,190.00,1,0,0
11074,3.316,57.80,192.00,1,0,0
11076,3.316,57.90,192.00,1,0,0
11079,3.316,58.00,192.00,1,0,0
11081,3.316,57.70,192.00,1,0,0
11084,3.316,57.60,190.00,1,0,0
11086,3.316,57.50,190.00,1,0,0
11088,3.316,57.80,192.00,1,0,0
11091,3.316,57.90,192.00,1,0,0
11104,3.316,57.70,192.00,1,0,0
11106,3.316,57.80,192.00,1,0,0
11109,3.316,57.90,192.00,1,0,0
11111,3.316,58.00,193.00,1,0,0
11113,3.320,57.70,192.00,1,0,0
11116,3.316,57.50,190.00,1,0,0
11118,3.316,57.60,190.00,1,0,0
11121,3.316,57.90,192.00,1,0,0
11123,3.316,57.80,192.00,1,0,0
11126,3.316,57.90,192.00,1,0,0
11128,3.312,58.00,192.00,1,0,0
11131,3.312,57.60,192.00,1,0,0
11133,3.316,57.60,190.00,1,0,0
11136,3.316,57.50,190.00,1,0,0
11148,3.316,57.60,190.00,1,0,0
11151,3.316,57.50,190.00,1,0,0
11153,3.316,57.70,192.00,1,0,0
11156,3.316,57.80,192.00,1,0,0
11158,3.316,57.80,192.00,1,0,0
11161,3.312,58.00,192.00,1,0,0
11163,3.316,57.70,192.00,1,0,0
11166,3.312,57.50,190.00,1,0,0
11168,3.316,57.50,190.00,1,0,0
11171,3.316,57.90,192.00,1,0,0
11173,3.316,57.90,192.00,1,0,0
11176,3.316,57.90,192.00,1,0,0
11178,3.316,58.00,192.00,1,0,0
11181,3.316,57.70,192.00,1,0,0
11193,3.316,57.90,192.00,1,0,0
11196,3.316,57.60,192.00,1,0,0
11198,3.316,57.60,192.00,1,0,0
11201,3.316,57.50,190.00,1,0,0
11203,3.316,57.80,192.00,1,0,0
11206,3.312,57.80,192.00,1,0,0
11208,3.316,57.80,192.00,1,0,0
11210,3.316,57.70,192.00,1,0,0
11213,3.316,57.60,192.00,1,0,0
11215,3.316,57.60,190.00,1,0,0
11218,3.316,57.60,192.00,1,0,0
11220,3.316,57.80,192.00,1,0,0
11223,3.312,57.90,192.00,1,0,0
11225,3.312,57.90,192.00,1,0,0
11238,3.296,57.60,192.00,1,0,0
11240,3.256,115.90,380.00,1,0,0
11243,3.316,57.70,192.00,1,0,0
11245,3.316,57.70,190.00,1,0,0
11248,3.316,57.60,192.00,1,0,0
11250,3.312,57.60,192.00,1,0,0
11253,3.316,57.80,192.00,1,0,0
11255,3.316,57.90,192.00,1,0,0
11258,3.316,57.90,192.00,1,0,0
11260,3.316,57.60,192.00,1,0,0
11263,3.316,57.80,192.00,1,0,0
11265,3.312,57.60,192.00,1,0,0
11268,3.316,57.80,192.00,1,0,0
11270,3.316,57.90,192.00,1,0,0
11283,3.316,57.60,192.00,1,0,0
11285,3.312,57.90,192.00,1,0,0
11288,3.316,57.80,192.00,1,0,0
11290,3.312,57.90,192.00,1,0,0
11293,3.316,57.50,190.00,1,0,0
11295,3.316,57.60,192.00,1,0,0
11298,3.316,57.60,192.00,1,0,0
11300,3.312,57.60,192.00,1,0,0
11303,3.316,57.90,192.00,1,0,0
11305,3.316,57.90,192.00,1,0,0
11307,3.316,57.90,192.00,1,0,0
11310,3.316,57.60,192.00,1,0,0
11312,3.312,57.70,192.00,1,0,0
11315,3.316,57.60,192.00,1,0,0
11328,3.316,57.70,192.00,1,0,0
11330,3.316,57.70,192.00,1,0,0
11333,3.316,57.60,192.00,1,0,0
11335,3.316,57.90,192.00,1,0,0
11337,3.296,60.90,202.00,1,0,0
11340,3.300,134.80,455.00,1,0,0
11342,3.252,57.60,192.00,1,0,0
11345,3.312,57.60,192.00,1,0,0
11347,3.304,57.70,192.00,1,0,0
11350,3.312,57.90,192.00,1,0,0
11352,3.316,57.90,192.00,1,0,0
11355,3.316,57.80,192.00,1,0,0
11357,3.316,57.70,192.00,1,0,0
11360,3.316,57.70,192.00,1,0,0
11372,3.316,57.90,192.00,1,0,0
11375,3.316,57.50,190.00,1,0,0
11377,3.312,57.60,192.00,1,0,0
11380,3.316,57.70,192.00,1,0,0
11382,3.312,57.90,192.00,1,0,0
11385,3.316,57.90,192.00,1,0,0
11387,3.316,57.90,192.00,1,0,0
11390,3.316,57.90,192.00,1,0,0
11392,3.316,57.60,192.00,1,0,0
11395,3.316,57.70,192.00,1,0,0
11397,3.316,57.60,190.00,1,0,0
11400,3.312,57.90,192.00,1,0,0
11402,3.316,57.90,192.00,1,0,0
11404,3.316,57.90,192.00,1,0,0
11417,3.316,57.90,192.00,1,0,0
11420,3.316,57.90,192.00,1,0,0
11422,3.316,57.80,192.00,1,0,0
11425,3.316,57.50,190.00,1,0,0
11427,3.312,57.60,192.00,1,0,0
11430,3.316,57.70,192.00,1,0,0
11432,3.312,57.90,192.00,1,0,0
11434,3.316,57.90,192.00,1,0,0
11437,3.316,71.20,192.00,1,0,0
11439,3.316,117.60,383.00,1,0,0
11442,3.284,63.80,211.00,1,0,0
11444,3.316,57.60,192.00,1,0,0
11447,3.316,57.80,192.00,1,0,0
11449,3.316,57.90,192.00,1,0,0
11462,3.316,57.70,192.00,1,0,0
11464,3.312,57.90,192.00,1,0,0
11467,3.312,57.90,192.00,1,0,0
11469,3.316,58.00,192.00,1,0,0
11472,3.316,57.90,190.00,1,0,0
11474,3.316,57.60,190.00,1,0,0
11477,3.316,57.60,192.00,1,0,0
11479,3.316,57.70,192.00,1,0,0
11482,3.316,57.90,192.00,1,0,0
11484,3.316,57.80,192.00,1,0,0
11487,3.316,57.90,192.00,1,0,0
11489,3.316,57.70,192.00,1,0,0
11492,3.316,57.60,192.00,1,0,0
11494,3.316,57.60,190.00,1,0,0
11507,3.312,57.50,190.00,1,0,0
11509,3.316,57.60,190.00,1,0,0
11512,3.312,57.70,192.00,1,0,0
11514,3.312,57.90,192.00,1,0,0
11517,3.316,57.90,192.00,1,0,0
11519,3.316,57.90,192.00,1,0,0
11522,3.312,57.60,192.00,1,0,0
11524,3.316,57.60,190.00,1,0,0
11527,3.316,57.70,192.00,1,0,0
11529,3.312,57.90,192.00,1,0,0
11531,3.316,57.90,192.00,1,0,0
11534,3.316,57.80,192.00,1,0,0
11536,3.316,76.40,252.00,1,0,0
11539,3.316,57.50,188.00,1,0,0
11552,3.312,57.90,192.00,1,0,0
11554,3.316,57.80,190.00,1,0,0
11556,3.316,57.50,190.00,1,0,0
11559,3.316,57.60,192.00,1,0,0
11561,3.316,57.70,192.00,1,0,0
11564,3.316,57.90,192.00,1,0,0
11566,3.316,57.90,192.00,1,0,0
11569,3.316,57.90,192.00,1,0,0
11571,3.316,57.60,190.00,1,0,0
11574,3.316,57.50,190.00,1,0,0
11576,3.316,57.60,192.00,1,0,0
11579,3.312,58.00,192.00,1,0,0
11581,3.316,58.00,192.00,1,0,0
11584,3.316,58.00,192.00,1,0,0
11596,3.316,58.00,192.00,1,0,0
11599,3.316,57.90,192.00,1,0,0
11601,3.312,57.90,192.00,1,0,0
11604,3.316,57.50,190.00,1,0,0
11606,3.316,57.50,192.00,1,0,0
11609,3.316,57.60,192.00,1,0,0
11611,3.316,57.90,192.00,1,0,0
11614,3.316,58.00,192.00,1,0,0
11616,3.316,57.80,192.00,1,0,0
11619,3.316,58.00,192.00,1,0,0
11621,3.312,57.60,190.00,1,0,0
11624,3.316,57.60,192.00,1,0,0
11626,3.316,57.60,192.00,1,0,0
11628,3.316,58.00,192.00,1,0,0
11641,3.244,118.70,390.00,1,0,0
11644,3.312,57.60,192.00,1,0,0
11646,3.316,64.40,213.00,1,0,0
11649,3.316,57.90,192.00,1,0,0
11651,3.316,57.90,192.00,1,0,0
11653,3.316,57.60,192.00,1,0,0
11656,3.312,57.60,190.00,1,0,0
11658,3.316,57.60,192.00,1,0,0
11661,3.316,58.00,192.00,1,0,0
11663,3.312,58.00,192.00,1,0,0
11666,3.316,57.90,192.00,1,0,0
11668,3.312,57.60,190.00,1,0,0
11671,3.316,57.60,192.00,1,0,0
11673,3.316,57.60,190.00,1,0,0
11686,3.316,57.60,192.00,1,0,0
11688,3.316,57.60,190.00,1,0,0
11691,3.316,57.60,192.00,1,0,0
11693,3.312,57.90,192.00,1,0,0
11696,3.316,57.90,192.00,1,0,0
11698,3.316,57.90,192.00,1,0,0
11701,3.316,57.90,192.00,1,0,0
11703,3.316,57.50,192.00,1,0,0
11706,3.316,57.60,192.00,1,0,0
11708,3.316,57.60,190.00,1,0,0
11711,3.312,58.00,192.00,1,0,0
11713,3.316,58.00,192.00,1,0,0
11716,3.316,57.90,192.00,1,0,0
11718,3.312,57.50,192.00,1,0,0
11731,3.312,57.90,192.00,1,0,0
11733,3.316,57.70,192.00,1,0,0
11736,3.316,57.50,190.00,1,0,0
11738,3.312,57.60,223.00,1,0,0
11741,3.268,89.50,297.00,1,0,0
11743,3.316,57.80,192.00,1,0,0
11746,3.316,57.80,228.00,1,0,0
11748,3.316,57.90,192.00,1,0,0
11750,3.316,57.60,192.00,1,0,0
11753,3.312,57.60,192.00,1,0,0
11755,3.316,57.60,190.00,1,0,0
11758,3.312,57.80,192.00,1,0,0
11760,3.316,57.90,192.00,1,0,0
11763,3.316,58.00,192.00,1,0,0
11776,3.316,57.90,192.00,1,0,0
11778,3.316,58.00,192.00,1,0,0
11780,3.316,57.90,192.00,1,0,0
11783,3.316,57.70,192.00,1,0,0
11785,3.316,57.60,192.00,1,0,0
11788,3.316,57.50,190.00,1,0,0
11790,3.316,57.60,192.00,1,0,0
11793,3.316,58.00,192.00,1,0,0
11795,3.316,58.00,192.00,1,0,0
11798,3.316,57.90,192.00,1,0,0
11800,3.316,57.60,192.00,1,0,0
11803,3.316,57.60,192.00,1,0,0
11805,3.316,57.60,192.00,1,0,0
11808,3.316,57.70,192.00,1,0,0
11820,3.316,57.50,192.00,1,0,0
11823,3.316,57.60,192.00,1,0,0
11825,3.316,57.90,192.00,1,0,0
11828,3.316,57.90,192.00,1,0,0
11830,3.316,58.00,192.00,1,0,0
11833,3.316,57.60,192.00,1,0,0
11835,3.316,57.60,190.00,1,0,0
11838,3.304,57.60,190.00,1,0,0
11840,3.276,146.80,482.00,1,0,0
11843,3.312,57.70,192.00,1,0,0
11845,3.316,57.80,192.00,1,0,0
11847,3.316,58.60,195.00,1,0,0
11850,3.316,57.60,190.00,1,0,0
11852,3.312,57.60,192.00,1,0,0
11865,3.316,57.70,192.00,1,0,0
11868,3.316,57.60,192.00,1,0,0
11870,3.316,57.50,190.00,1,0,0
11872,3.316,57.60,192.00,1,0,0
11875,3.316,57.80,192.00,1,0,0
11877,3.316,58.00,192.00,1,0,0
11880,3.316,58.00,192.00,1,0,0
11882,3.316,57.60,190.00,1,0,0
11885,3.316,57.60,192.00,1,0,0
11887,3.316,57.50,190.00,1,0,0
11890,3.316,57.90,192.00,1,0,0
11892,3.316,57.90,192.00,1,0,0
11895,3.316,58.00,192.00,1,0,0
11897,3.316,57.60,192.00,1,0,0
11910,3.316,57.80,192.00,1,0,0
11912,3.316,58.00,192.00,1,0,0
11915,3.316,57.60,192.00,1,0,0
11917,3.316,57.60,192.00,1,0,0
11920,3.316,57.60,192.00,1,0,0
11922,3.316,57.80,192.00,1,0,0
11925,3.316,57.90,192.00,1,0,0
11927,3.316,57.90,192.00,1,0,0
11930,3.316,57.90,192.00,1,0,0
11932,3.316,57.60,192.00,1,0,0
11935,3.316,57.60,192.00,1,0,0
11937,3.300,73.80,244.00,1,0,0
11940,3.316,124.50,416.00,1,0,0
11942,3.256,57.80,192.00,1,0,0
11955,3.312,57.90,192.00,1,0,0
11957,3.316,57.90,192.00,1,0,0
11960,3.312,57.90,192.00,1,0,0
11962,3.316,58.00,192.00,1,0,0
11965,3.316,57.60,192.00,1,0,0
11967,3.312,57.60,192.00,1,0,0
11970,3.316,57.60,192.00,1,0,0
11972,3.316,57.90,192.00,1,0,0
11974,3.316,57.80,192.00,1,0,0
11977,3.316,57.90,192.00,1,0,0
11979,3.316,57.70,192.00,1,0,0
11982,3.316,57.60,192.00,1,0,0
11984,3.316,57.50,190.00,1,0,0
11987,3.316,57.80,192.00,1,0,0
11999,3.316,57.50,190.00,1,0,0
12002,3.316,57.60,192.00,1,0,0
12004,3.312,57.80,192.00,1,0,0
12007,3.316,57.80,192.00,1,0,0
12009,3.316,57.90,192.00,1,0,0
12012,3.316,57.70,192.00,1,0,0
12014,3.316,57.60,192.00,1,0,0
12017,3.316,57.60,192.00,1,0,0
12019,3.316,57.60,192.00,1,0,0
12022,3.316,57.90,192.00,1,0,0
12024,3.316,57.90,192.00,1,0,0
12027,3.316,57.90,192.00,1,0,0
12029,3.316,57.70,192.00,1,0,0
12032,3.316,57.50,190.00,1,0,0
12044,3.316,57.60,192.00,1,0,0
12047,3.312,62.80,208.00,1,0,0
12049,3.316,57.50,190.00,1,0,0
12052,3.316,57.80,192.00,1,0,0
12054,3.316,57.80,192.00,1,0,0
12057,3.316,57.80,192.00,1,0,0
12059,3.316,57.90,192.00,1,0,0
12062,3.316,57.60,192.00,1,0,0
12064,3.316,57.70,192.00,1,0,0
12067,3.316,57.60,192.00,1,0,0
12069,3.316,57.80,192.00,1,0,0
12071,3.316,57.90,192.00,1,0,0
12074,3.316,57.80,192.00,1,0,0
12076,3.316,58.00,192.00,1,0,0
12089,3.316,57.90,192.00,1,0,0
12092,3.316,57.90,192.00,1,0,0
12094,3.316,57.70,192.00,1,0,0
12096,3.316,57.60,192.00,1,0,0
12099,3.316,57.60,192.00,1,0,0
12101,3.316,57.70,192.00,1,0,0
12104,3.316,57.80,192.00,1,0,0
12106,3.316,57.90,192.00,1,0,0
12109,3.316,57.90,192.00,1,0,0
12111,3.316,57.70,192.00,1,0,0
12114,3.312,57.70,192.00,1,0,0
12116,3.316,57.60,192.00,1,0,0
12119,3.316,57.80,192.00,1,0,0
12121,3.316,57.80,192.00,1,0,0
12134,3.316,57.80,192.00,1,0,0
12136,3.316,63.40,210.00,1,0,0
12139,3.316,57.70,478.00,1,0,0
12141,3.252,65.20,216.00,1,0,0
12144,3.316,57.60,192.00,1,0,0
12146,3.316,57.70,193.00,1,0,0
12149,3.316,57.70,192.00,1,0,0
12151,3.316,57.90,192.00,1,0,0
12154,3.312,57.90,192.00,1,0,0
12156,3.316,57.80,192.00,1,0,0
12159,3.316,57.70,192.00,1,0,0
12161,3.316,57.60,192.00,1,0,0
12164,3.312,57.70,192.00,1,0,0
12166,3.312,57.60,190.00,1,0,0
12179,3.312,57.80,192.00,1,0,0
12181,3.316,57.60,192.00,1,0,0
12184,3.316,57.80,192.00,1,0,0
12186,3.316,57.90,192.00,1,0,0
12189,3.316,57.90,192.00,1,0,0
12191,3.316,57.80,190.00,1,0,0
12193,3.312,57.70,192.00,1,0,0
12196,3.316,57.70,192.00,1,0,0
12198,3.316,57.60,192.00,1,0,0
12201,3.316,57.90,192.00,1,0,0
12203,3.316,57.80,192.00,1,0,0
12206,3.316,57.90,192.00,1,0,0
12208,3.312,57.60,192.00,1,0,0
12211,3.316,57.70,192.00,1,0,0
12223,3.316,57.80,192.00,1,0,0
12226,3.316,57.60,192.00,1,0,0
12228,3.316,57.70,192.00,1,0,0
12231,3.316,57.70,192.00,1,0,0
12233,3.312,57.90,192.00,1,0,0
12236,3.316,57.80,226.00,1,0,0
12238,3.296,57.70,190.00,1,0,0
12241,3.268,129.00,419.00,1,0,0
12243,3.316,57.60,192.00,1,0,0
12246,3.316,57.70,190.00,1,0,0
12248,3.316,57.60,192.00,1,0,0
12251,3.316,57.90,192.00,1,0,0
12253,3.316,57.90,192.00,1,0,0
12256,3.316,57.80,192.00,1,0,0
12268,3.316,57.90,192.00,1,0,0
12271,3.316,57.90,192.00,1,0,0
12273,3.316,57.50,190.00,1,0,0
12276,3.316,57.60,192.00,1,0,0
12278,3.316,57.70,192.00,1,0,0
12281,3.316,57.80,192.00,1,0,0
12283,3.316,57.80,192.00,1,0,0
12286,3.316,57.90,192.00,1,0,0
12288,3.316,57.90,192.00,1,0,0
12290,3.316,57.50,190.00,1,0,0
12293,3.316,57.70,192.00,1,0,0
12295,3.316,57.70,192.00,1,0,0
12298,3.316,58.00,192.00,1,0,0
12300,3.316,57.90,192.00,1,0,0
12313,3.316,57.70,192.00,1,0,0
12316,3.316,57.90,192.00,1,0,0
12318,3.316,57.80,192.00,1,0,0
12320,3.316,57.90,192.00,1,0,0
12323,3.316,57.50,190.00,1,0,0
12325,3.316,57.60,192.00,1,0,0
12328,3.316,57.70,192.00,1,0,0
12330,3.316,57.80,192.00,1,0,0
12333,3.316,57.80,192.00,1,0,0
12335,3.316,57.90,192.00,1,0,0
12338,3.300,57.70,192.00,1,0,0
12340,3.276,118.00,521.00,1,0,0
12343,3.308,57.60,192.00,1,0,0
12345,3.316,57.70,192.00,1,0,0
12358,3.316,57.50,190.00,1,0,0
12360,3.312,57.60,192.00,1,0,0
12363,3.316,58.00,192.00,1,0,0
12365,3.316,57.90,192.00,1,0,0
12368,3.316,57.90,192.00,1,0,0
12370,3.312,57.80,192.00,1,0,0
12373,3.316,57.50,190.00,1,0,0
12375,3.316,57.60,192.00,1,0,0
12378,3.316,57.70,192.00,1,0,0
12380,3.316,58.00,192.00,1,0,0
12383,3.316,57.90,192.00,1,0,0
12385,3.316,57.80,192.00,1,0,0
12387,3.316,57.70,192.00,1,0,0
12390,3.316,57.60,190.00,1,0,0
12403,3.316,57.80,192.00,1,0,0
12405,3.312,57.50,190.00,1,0,0
12408,3.316,57.60,190.00,1,0,0
12410,3.316,57.60,190.00,1,0,0
12412,3.316,58.00,192.00,1,0,0
12415,3.316,57.90,192.00,1,0,0
12417,3.312,57.90,192.00,1,0,0
12420,3.316,57.90,192.00,1,0,0
12422,3.316,57.50,190.00,1,0,0
12425,3.316,57.50,190.00,1,0,0
12427,3.312,57.60,192.00,1,0,0
12430,3.316,57.90,192.00,1,0,0
12432,3.316,57.90,192.00,1,0,0
12435,3.316,57.90,192.00,1,0,0
12447,3.308,58.40,193.00,1,0,0
12450,3.316,57.80,192.00,1,0,0
12452,3.316,57.80,192.00,1,0,0
12455,3.316,57.60,190.00,1,0,0
12457,3.316,57.50,190.00,1,0,0
12460,3.316,57.60,192.00,1,0,0
12462,3.316,57.90,192.00,1,0,0
12465,3.316,58.00,192.00,1,0,0
12467,3.316,57.90,192.00,1,0,0
12470,3.316,57.60,192.00,1,0,0
12472,3.312,57.50,190.00,1,0,0
12475,3.316,57.60,192.00,1,0,0
12477,3.316,57.80,192.00,1,0,0
12480,3.316,58.00,192.00,1,0,0
12492,3.312,57.50,192.00,1,0,0
12495,3.316,58.00,192.00,1,0,0
12497,3.316,58.00,192.00,1,0,0
12500,3.316,57.80,192.00,1,0,0
12502,3.316,57.80,190.00,1,0,0
12505,3.316,57.50,190.00,1,0,0
12507,3.316,57.50,190.00,1,0,0
12509,3.316,57.60,192.00,1,0,0
12512,3.316,57.90,192.00,1,0,0
12514,3.316,58.00,192.00,1,0,0
12517,3.316,57.80,192.00,1,0,0
12519,3.316,57.50,190.00,1,0,0
12522,3.312,57.60,192.00,1,0,0
12524,3.312,57.50,190.00,1,0,0
12537,3.312,78.00,192.00,1,0,0
12539,3.316,152.40,503.00,1,0,0
12542,3.300,57.60,192.00,1,0,0
12544,3.316,57.80,192.00,1,0,0
12547,3.316,58.70,195.00,1,0,0
12549,3.316,57.80,192.00,1,0,0
12552,3.316,57.60,192.00,1,0,0
12554,3.316,57.50,190.00,1,0,0
12557,3.316,57.60,192.00,1,0,0
12559,3.316,57.90,192.00,1,0,0
12562,3.316,57.90,192.00,1,0,0
12564,3.312,57.90,192.00,1,0,0
12567,3.312,57.90,192.00,1,0,0
12569,3.316,57.60,192.00,1,0,0
12582,3.316,57.90,192.00,1,0,0
12584,3.316,57.60,192.00,1,0,0
12587,3.316,57.50,190.00,1,0,0
12589,3.316,57.50,190.00,1,0,0
12592,3.316,57.90,192.00,1,0,0
12594,3.316,58.00,192.00,1,0,0
12597,3.316,58.00,192.00,1,0,0
12599,3.316,57.90,192.00,1,0,0
12602,3.316,57.60,192.00,1,0,0
12604,3.316,57.60,192.00,1,0,0
12607,3.312,57.60,190.00,1,0,0
12609,3.316,58.00,192.00,1,0,0
12611,3.316,58.00,192.00,1,0,0
12614,3.316,58.00,192.00,1,0,0
12627,3.316,58.00,192.00,1,0,0
12629,3.312,58.00,192.00,1,0,0
12632,3.316,57.90,192.00,1,0,0
12634,3.316,57.60,190.00,1,0,0
12636,3.316,57.60,190.00,1,0,0
12639,3.316,57.60,192.00,1,0,0
12641,3.276,134.10,521.00,1,0,0
12644,3.308,57.70,192.00,1,0,0
12646,3.316,57.80,192.00,1,0,0
12649,3.316,58.40,190.00,1,0,0
12651,3.312,57.70,192.00,1,0,0
12654,3.312,57.50,190.00,1,0,0
12656,3.316,57.60,192.00,1,0,0
12659,3.312,57.90,192.00,1,0,0
12671,3.316,57.50,192.00,1,0,0
12674,3.316,57.90,192.00,1,0,0
12676,3.316,57.90,192.00,1,0,0
12679,3.316,58.00,192.00,1,0,0
12681,3.316,57.70,192.00,1,0,0
12684,3.312,57.60,192.00,1,0,0
12686,3.316,57.50,192.00,1,0,0
12689,3.316,57.60,192.00,1,0,0
12691,3.316,57.90,192.00,1,0,0
12694,3.316,58.00,192.00,1,0,0
12696,3.316,58.00,192.00,1,0,0
12699,3.312,57.60,192.00,1,0,0
12701,3.316,57.60,190.00,1,0,0
12704,3.316,57.50,190.00,1,0,0
12716,3.316,57.60,192.00,1,0,0
12719,3.316,57.60,192.00,1,0,0
12721,3.316,57.50,190.00,1,0,0
12724,3.316,57.90,192.00,1,0,0
12726,3.316,57.90,192.00,1,0,0
12729,3.316,57.90,192.00,1,0,0
12731,3.316,57.80,192.00,1,0,0
12733,3.316,57.60,192.00,1,0,0
12736,3.316,57.60,192.00,1,0,0
12738,3.300,73.20,192.00,1,0,0
12741,3.316,118.90,387.00,1,0,0
12743,3.316,57.70,192.00,1,0,0
12746,3.316,57.80,192.00,1,0,0
12748,3.316,57.60,192.00,1,0,0
12761,3.316,58.00,192.00,1,0,0
12763,3.316,57.70,192.00,1,0,0
12766,3.316,57.60,192.00,1,0,0
12768,3.316,57.60,190.00,1,0,0
12771,3.312,57.60,192.00,1,0,0
12773,3.312,57.90,192.00,1,0,0
12776,3.316,57.80,192.00,1,0,0
12778,3.316,58.00,192.00,1,0,0
12781,3.316,57.60,192.00,1,0,0
12783,3.316,57.60,192.00,1,0,0
12786,3.316,57.60,192.00,1,0,0
12788,3.316,57.90,192.00,1,0,0
12791,3.316,57.90,192.00,1,0,0
12793,3.312,57.90,192.00,1,0,0
12806,3.316,57.80,192.00,1,0,0
12808,3.316,57.90,192.00,1,0,0
12811,3.316,57.90,192.00,1,0,0
12813,3.316,57.70,192.00,1,0,0
12816,3.316,57.60,192.00,1,0,0
12818,3.316,57.60,192.00,1,0,0
12821,3.316,57.60,192.00,1,0,0
12823,3.316,57.90,192.00,1,0,0
12826,3.316,57.90,192.00,1,0,0
12828,3.316,58.00,192.00,1,0,0
12830,3.316,57.70,192.00,1,0,0
12833,3.316,57.60,190.00,1,0,0
12835,3.316,57.60,190.00,1,0,0
12838,3.316,68.20,226.00,1,0,0
12851,3.316,57.60,190.00,1,0,0
12853,3.316,57.80,192.00,1,0,0
12856,3.316,57.80,192.00,1,0,0
12858,3.316,57.90,192.00,1,0,0
12860,3.316,57.90,192.00,1,0,0
12863,3.316,57.70,192.00,1,0,0
12865,3.316,57.60,192.00,1,0,0
12868,3.316,57.60,192.00,1,0,0
12870,3.316,57.90,192.00,1,0,0
12873,3.316,57.90,192.00,1,0,0
12875,3.316,57.90,192.00,1,0,0
12878,3.316,57.90,192.00,1,0,0
12880,3.316,57.70,192.00,1,0,0
12883,3.316,57.60,190.00,1,0,0
12895,3.312,57.60,192.00,1,0,0
12898,3.316,57.60,192.00,1,0,0
12900,3.316,57.50,192.00,1,0,0
12903,3.316,57.90,192.00,1,0,0
12905,3.316,57.90,192.00,1,0,0
12908,3.316,57.80,192.00,1,0,0
12910,3.316,57.80,192.00,1,0,0
12913,3.312,57.70,192.00,1,0,0
12915,3.312,57.60,190.00,1,0,0
12918,3.312,57.60,192.00,1,0,0
12920,3.316,57.80,192.00,1,0,0
12923,3.316,57.90,192.00,1,0,0
12925,3.316,57.80,192.00,1,0,0
12927,3.316,57.70,192.00,1,0,0
12940,3.316,151.00,495.00,1,0,0
12943,3.256,67.00,223.00,1,0,0
12945,3.316,57.70,192.00,1,0,0
12948,3.316,58.00,192.00,1,0,0
12950,3.312,57.60,190.00,1,0,0
12953,3.316,57.80,192.00,1,0,0
12955,3.316,57.90,192.00,1,0,0
12957,3.312,57.80,192.00,1,0,0
12960,3.316,57.70,192.00,1,0,0
12962,3.316,57.70,192.00,1,0,0
12965,3.316,57.60,192.00,1,0,0
12972,3.316,57.80,192.00,1,0,0
12975,3.316,57.80,192.00,1,0,0
12977,3.316,57.70,192.00,1,0,0
12980,3.316,57.70,192.00,1,0,0
12982,3.316,57.60,192.00,1,0,0
12985,3.316,57.80,192.00,1,0,0
12987,3.316,57.90,192.00,1,0,0
12989,3.316,57.80,192.00,1,0,0
12992,3.316,57.80,192.00,1,0,0
12994,3.316,57.70,192.00,1,0,0
13007,3.316,57.80,192.00,1,0,0
13010,3.312,57.60,192.00,1,0,0
13012,3.316,57.70,190.00,1,0,0
13014,3.312,57.60,192.00,1,0,0
13017,3.316,57.90,192.00,1,0,0
13019,3.316,57.90,192.00,1,0,0
13022,3.316,57.90,192.00,1,0,0
13024,3.312,57.90,192.00,1,0,0
13027,3.316,57.70,192.00,1,0,0
13029,3.316,57.70,192.00,1,0,0
13032,3.316,57.60,192.00,1,0,0
13034,3.316,57.90,192.00,1,0,0
13037,3.316,57.90,228.00,1,0,0
13039,3.296,57.70,190.00,1,0,0
13052,3.316,57.90,192.00,1,0,0
13054,3.316,57.90,192.00,1,0,0
13057,3.316,57.90,192.00,1,0,0
13059,3.316,57.60,192.00,1,0,0
13062,3.312,57.80,192.00,1,0,0
13064,3.316,57.60,192.00,1,0,0
13067,3.316,57.90,192.00,1,0,0
13069,3.316,57.90,192.00,1,0,0
13072,3.316,57.80,192.00,1,0,0
13074,3.316,57.80,192.00,1,0,0
13077,3.316,57.60,192.00,1,0,0
13079,3.312,57.70,192.00,1,0,0
13082,3.316,57.70,192.00,1,0,0
13084,3.316,57.90,192.00,1,0,0
13097,3.316,57.60,192.00,1,0,0
13099,3.316,57.90,192.00,1,0,0
13102,3.316,57.90,192.00,1,0,0
13104,3.316,57.80,192.00,1,0,0
13107,3.316,57.70,192.00,1,0,0
13109,3.316,57.60,190.00,1,0,0
13111,3.312,57.70,192.00,1,0,0
13114,3.316,57.60,192.00,1,0,0
13116,3.316,57.90,192.00,1,0,0
13119,3.316,57.80,192.00,1,0,0
13121,3.312,57.90,192.00,1,0,0
13124,3.312,57.60,190.00,1,0,0
13126,3.316,57.50,192.00,1,0,0
13129,3.316,57.70,192.00,1,0,0
13141,3.280,118.80,388.00,1,0,0
13144,3.316,57.60,192.00,1,0,0
13146,3.316,57.70,192.00,1,0,0
13149,3.304,57.90,192.00,1,0,0
13151,3.316,57.90,192.00,1,0,0
13154,3.316,57.90,192.00,1,0,0
13156,3.316,57.50,190.00,1,0,0
13159,3.316,57.60,192.00,1,0,0
13161,3.316,57.60,192.00,1,0,0
13164,3.316,57.90,192.00,1,0,0
13166,3.316,57.80,192.00,1,0,0
13169,3.316,57.90,192.00,1,0,0
13171,3.316,57.80,192.00,1,0,0
13174,3.316,57.50,190.00,1,0,0
13186,3.316,57.90,192.00,1,0,0
13189,3.316,57.50,190.00,1,0,0
13191,3.316,57.60,192.00,1,0,0
13194,3.316,57.60,192.00,1,0,0
13196,3.316,57.70,192.00,1,0,0
13199,3.316,57.90,192.00,1,0,0
13201,3.316,57.90,192.00,1,0,0
13204,3.316,57.90,192.00,1,0,0
13206,3.316,57.50,190.00,1,0,0
13208,3.316,57.60,192.00,1,0,0
13211,3.312,57.70,192.00,1,0,0
13213,3.316,58.10,192.00,1,0,0
13216,3.316,57.90,192.00,1,0,0
13218,3.316,57.80,192.00,1,0,0
13231,3.316,57.90,192.00,1,0,0
13234,3.316,57.90,192.00,1,0,0
13236,3.316,57.90,192.00,1,0,0
13238,3.316,57.60,192.00,1,0,0
13241,3.256,89.50,290.00,1,0,0
13243,3.288,57.60,192.00,1,0,0
13246,3.316,57.80,192.00,1,0,0
13248,3.308,58.50,193.00,1,0,0
13251,3.316,57.90,192.00,1,0,0
13253,3.316,57.70,192.00,1,0,0
13256,3.316,57.60,192.00,1,0,0
13258,3.316,57.50,192.00,1,0,0
13261,3.316,57.60,192.00,1,0,0
13263,3.316,58.00,192.00,1,0,0
13276,3.316,57.60,192.00,1,0,0
13278,3.316,57.90,193.00,1,0,0
13281,3.316,58.00,192.00,1,0,0
13283,3.316,57.90,192.00,1,0,0
13286,3.312,57.80,192.00,1,0,0
13288,3.316,57.50,190.00,1,0,0
13291,3.312,57.60,190.00,1,0,0
13293,3.316,57.60,192.00,1,0,0
13296,3.316,58.00,192.00,1,0,0
13298,3.312,57.90,192.00,1,0,0
13301,3.316,57.90,192.00,1,0,0
13303,3.316,57.80,190.00,1,0,0
13305,3.316,57.60,192.00,1,0,0
13308,3.316,57.60,192.00,1,0,0
13321,3.312,57.60,190.00,1,0,0
13323,3.312,57.60,192.00,1,0,0
13326,3.316,57.70,192.00,1,0,0
13328,3.316,57.90,192.00,1,0,0
13330,3.316,57.90,192.00,1,0,0
13333,3.316,57.90,192.00,1,0,0
13335,3.316,57.70,192.00,1,0,0
13338,3.312,77.50,256.00,1,0,0
13340,3.316,57.50,346.00,1,0,0
13343,3.252,93.90,311.00,1,0,0
13345,3.316,57.80,192.00,1,0,0
13348,3.312,66.90,193.00,1,0,0
13350,3.316,57.80,192.00,1,0,0
13353,3.316,57.50,190.00,1,0,0
13365,3.316,57.80,192.00,1,0,0
13368,3.316,57.80,192.00,1,0,0
13370,3.316,57.50,190.00,1,0,0
13373,3.316,57.60,192.00,1,0,0
13375,3.316,57.60,192.00,1,0,0
13378,3.312,58.00,192.00,1,0,0
13380,3.316,57.90,192.00,1,0,0
13383,3.316,57.90,192.00,1,0,0
13385,3.316,57.50,190.00,1,0,0
13388,3.316,57.50,190.00,1,0,0
13390,3.316,57.60,192.00,1,0,0
13393,3.316,57.60,192.00,1,0,0
13395,3.312,58.00,192.00,1,0,0
13398,3.316,57.90,192.00,1,0,0
13410,3.312,57.90,192.00,1,0,0
13413,3.316,58.00,192.00,1,0,0
13415,3.316,57.90,192.00,1,0,0
13418,3.316,57.60,192.00,1,0,0
13420,3.316,57.60,190.00,1,0,0
13423,3.316,57.60,192.00,1,0,0
13425,3.316,57.80,192.00,1,0,0
13427,3.312,57.90,192.00,1,0,0
13430,3.316,58.00,192.00,1,0,0
13432,3.316,57.90,192.00,1,0,0
13435,3.316,57.60,192.00,1,0,0
13437,3.316,77.80,257.00,1,0,0
13440,3.312,84.60,277.00,1,0,0
13442,3.280,157.90,523.00,1,0,0
13455,3.316,57.60,192.00,1,0,0
13457,3.316,57.60,192.00,1,0,0
13460,3.316,58.00,192.00,1,0,0
13462,3.316,58.00,192.00,1,0,0
13465,3.316,58.00,192.00,1,0,0
13467,3.316,57.60,192.00,1,0,0
13470,3.316,57.50,190.00,1,0,0
13472,3.316,57.60,190.00,1,0,0
13475,3.316,57.90,192.00,1,0,0
13477,3.316,58.00,192.00,1,0,0
13480,3.316,58.00,193.00,1,0,0
13482,3.316,57.70,192.00,1,0,0
13485,3.316,57.60,192.00,1,0,0
13487,3.316,57.60,192.00,1,0,0
13500,3.316,57.60,192.00,1,0,0
13502,3.316,57.60,190.00,1,0,0
13505,3.316,57.60,192.00,1,0,0
13507,3.316,57.80,192.00,1,0,0
13510,3.316,57.90,192.00,1,0,0
13512,3.316,58.00,192.00,1,0,0
13515,3.316,58.00,192.00,1,0,0
13517,3.316,57.60,190.00,1,0,0
13520,3.312,57.50,190.00,1,0,0
13522,3.316,57.60,192.00,1,0,0
13524,3.316,57.90,192.00,1,0,0
13527,3.312,58.00,192.00,1,0,0
13529,3.316,58.10,193.00,1,0,0
13532,3.312,57.70,192.00,1,0,0
13545,3.316,57.70,192.00,1,0,0
13547,3.316,57.80,192.00,1,0,0
13550,3.312,57.60,192.00,1,0,0
13552,3.316,57.50,190.00,1,0,0
13554,3.316,57.50,192.00,1,0,0
13557,3.316,57.90,192.00,1,0,0
13559,3.316,57.90,192.00,1,0,0
13562,3.316,57.90,192.00,1,0,0
13564,3.316,57.60,192.00,1,0,0
13567,3.316,57.60,192.00,1,0,0
13569,3.312,57.50,192.00,1,0,0
13572,3.316,57.80,192.00,1,0,0
13574,3.316,57.80,192.00,1,0,0
13577,3.316,57.90,192.00,1,0,0
13589,3.316,57.90,192.00,1,0,0
13592,3.316,57.90,192.00,1,0,0
13594,3.316,58.00,192.00,1,0,0
13597,3.316,58.00,192.00,1,0,0
13599,3.316,57.60,190.00,1,0,0
13602,3.312,57.60,190.00,1,0,0
13604,3.316,57.50,190.00,1,0,0
13607,3.316,57.80,192.00,1,0,0
13609,3.316,57.90,192.00,1,0,0
13612,3.316,58.00,192.00,1,0,0
13614,3.316,57.60,192.00,1,0,0
13617,3.316,57.50,190.00,1,0,0
13619,3.316,57.60,190.00,1,0,0
13621,3.316,57.70,192.00,1,0,0
13634,3.316,57.60,192.00,1,0,0
13637,3.316,57.50,190.00,1,0,0
13639,3.316,57.70,192.00,1,0,0
13642,3.276,116.40,357.00,1,0,0
13644,3.312,57.70,192.00,1,0,0
13647,3.316,57.70,192.00,1,0,0
13649,3.316,57.70,192.00,1,0,0
13651,3.316,57.50,192.00,1,0,0
13654,3.316,57.80,192.00,1,0,0
13656,3.316,57.80,192.00,1,0,0
13659,3.312,57.90,192.00,1,0,0
13661,3.316,58.00,192.00,1,0,0
13664,3.312,57.70,192.00,1,0,0
13666,3.316,57.60,190.00,1,0,0
13679,3.316,57.80,192.00,1,0,0
13681,3.312,57.60,190.00,1,0,0
13684,3.316,57.60,192.00,1,0,0
13686,3.316,57.50,192.00,1,0,0
13689,3.316,57.80,192.00,1,0,0
13691,3.316,57.80,192.00,1,0,0
13694,3.316,58.00,192.00,1,0,0
13696,3.316,57.60,192.00,1,0,0
13699,3.316,57.60,192.00,1,0,0
13701,3.312,57.60,192.00,1,0,0
13704,3.316,57.80,192.00,1,0,0
13706,3.316,57.90,192.00,1,0,0
13709,3.316,57.80,192.00,1,0,0
13711,3.316,57.90,192.00,1,0,0
13724,3.316,57.90,192.00,1,0,0
13726,3.316,57.90,192.00,1,0,0
13729,3.316,57.70,192.00,1,0,0
13731,3.312,57.70,192.00,1,0,0
13734,3.316,57.50,190.00,1,0,0
13736,3.316,57.90,192.00,1,0,0
13739,3.296,66.50,192.00,1,0,0
13741,3.316,82.90,270.00,1,0,0
13744,3.316,57.70,192.00,1,0,0
13746,3.316,57.70,192.00,1,0,0
13748,3.308,57.60,192.00,1,0,0
13751,3.316,57.50,190.00,1,0,0
13753,3.316,57.90,192.00,1,0,0
13756,3.312,57.80,192.00,1,0,0
13769,3.312,57.60,192.00,1,0,0
13771,3.316,57.80,192.00,1,0,0
13773,3.316,57.90,192.00,1,0,0
13776,3.316,57.80,192.00,1,0,0
13778,3.312,57.70,192.00,1,0,0
13781,3.316,57.60,192.00,1,0,0
13783,3.312,57.60,190.00,1,0,0
13786,3.316,57.90,192.00,1,0,0
13788,3.316,57.90,192.00,1,0,0
13791,3.316,57.90,192.00,1,0,0
13793,3.316,57.60,192.00,1,0,0
13796,3.312,57.70,192.00,1,0,0
13798,3.316,57.70,192.00,1,0,0
13801,3.316,57.80,192.00,1,0,0
13813,3.316,57.60,192.00,1,0,0
13816,3.316,57.60,192.00,1,0,0
13818,3.316,57.90,192.00,1,0,0
13821,3.316,57.80,192.00,1,0,0
13823,3.316,57.90,192.00,1,0,0
13826,3.316,57.80,192.00,1,0,0
13828,3.316,57.70,192.00,1,0,0
13831,3.312,57.70,192.00,1,0,0
13833,3.316,57.60,192.00,1,0,0
13836,3.316,57.90,192.00,1,0,0
13838,3.316,59.90,198.00,1,0,0
13841,3.300,130.20,426.00,1,0,0
13843,3.256,64.30,192.00,1,0,0
13845,3.316,57.70,192.00,1,0,0
13858,3.316,57.60,192.00,1,0,0
13861,3.316,57.70,192.00,1,0,0
13863,3.316,57.70,192.00,1,0,0
13866,3.316,57.60,192.00,1,0,0
13868,3.316,57.80,192.00,1,0,0
13870,3.316,57.80,192.00,1,0,0
13873,3.316,57.90,192.00,1,0,0
13875,3.316,57.60,192.00,1,0,0
13878,3.316,57.70,192.00,1,0,0
13880,3.316,57.70,192.00,1,0,0
13883,3.316,57.80,192.00,1,0,0
13885,3.316,57.90,192.00,1,0,0
13888,3.316,58.00,192.00,1,0,0
13890,3.316,57.90,192.00,1,0,0
13903,3.316,57.90,192.00,1,0,0
13905,3.316,57.90,192.00,1,0,0
13908,3.316,57.60,192.00,1,0,0
13910,3.316,57.70,192.00,1,0,0
13913,3.316,57.70,192.00,1,0,0
13915,3.316,57.50,190.00,1,0,0
13918,3.316,57.90,192.00,1,0,0
13920,3.316,57.90,192.00,1,0,0
13923,3.316,57.90,192.00,1,0,0
13925,3.316,57.50,190.00,1,0,0
13928,3.316,57.70,192.00,1,0,0
13930,3.316,57.70,192.00,1,0,0
13933,3.316,57.90,192.00,1,0,0
13935,3.316,57.90,192.00,1,0,0
13948,3.316,58.00,192.00,1,0,0
13950,3.316,57.90,192.00,1,0,0
13953,3.316,57.80,192.00,1,0,0
13955,3.316,57.90,192.00,1,0,0
13958,3.316,57.60,192.00,1,0,0
13960,3.316,57.60,192.00,1,0,0
13963,3.316,57.70,192.00,1,0,0
13965,3.316,57.90,192.00,1,0,0
13967,3.316,57.90,192.00,1,0,0
13970,3.316,57.90,192.00,1,0,0
13972,3.312,57.80,192.00,1,0,0
13975,3.316,57.60,192.00,1,0,0
13977,3.316,57.70,192.00,1,0,0
13980,3.316,57.70,192.00,1,0,0
13992,3.316,57.60,192.00,1,0,0
13995,3.316,57.70,192.00,1,0,0
13997,3.316,57.80,192.00,1,0,0
14000,3.312,57.90,192.00,1,0,0
14002,3.316,57.80,192.00,1,0,0
14005,3.316,57.80,192.00,1,0,0
14007,3.316,57.60,190.00,1,0,0
14010,3.316,57.50,190.00,1,0,0
14012,3.316,57.80,192.00,1,0,0
14015,3.316,57.90,192.00,1,0,0
14017,3.316,57.90,192.00,1,0,0
14020,3.316,57.80,192.00,1,0,0
14022,3.316,57.90,192.00,1,0,0
14025,3.316,57.60,192.00,1,0,0
14037,3.316,77.20,256.00,1,0,0
14040,3.316,57.60,188.00,1,0,0
14042,3.280,144.30,192.00,1,0,0
14045,3.316,57.70,192.00,1,0,0
14047,3.316,60.50,200.00,1,0,0
14050,3.316,58.00,192.00,1,0,0
14052,3.316,57.80,192.00,1,0,0
14055,3.316,57.70,192.00,1,0,0
14057,3.316,57.70,192.00,1,0,0
14060,3.316,57.60,192.00,1,0,0
14062,3.316,57.70,192.00,1,0,0
14064,3.316,57.90,192.00,1,0,0
14067,3.316,57.90,192.00,1,0,0
14069,3.316,57.80,192.00,1,0,0
14082,3.316,57.90,192.00,1,0,0
14085,3.316,57.90,192.00,1,0,0
14087,3.316,57.80,192.00,1,0,0
14089,3.316,57.50,190.00,1,0,0
14092,3.316,57.50,190.00,1,0,0
14094,3.316,57.70,192.00,1,0,0
14097,3.316,58.00,192.00,1,0,0
14099,3.316,57.90,192.00,1,0,0
14102,3.316,57.90,192.00,1,0,0
14104,3.316,57.60,192.00,1,0,0
14107,3.316,57.60,192.00,1,0,0
14109,3.316,57.60,192.00,1,0,0
14112,3.316,58.00,192.00,1,0,0
14114,3.316,57.90,192.00,1,0,0
14127,3.316,57.60,192.00,1,0,0
14129,3.316,58.00,192.00,1,0,0
14132,3.316,57.90,192.00,1,0,0
14134,3.316,57.90,192.00,1,0,0
14137,3.316,57.60,190.00,1,0,0
14139,3.308,57.50,188.00,1,0,0
14142,3.260,146.40,483.00,1,0,0
14144,3.316,57.70,192.00,1,0,0
14147,3.316,57.80,216.00,1,0,0
14149,3.312,57.90,192.00,1,0,0
14152,3.316,57.80,192.00,1,0,0
14154,3.316,57.50,192.00,1,0,0
14157,3.316,57.50,190.00,1,0,0
14159,3.316,57.50,190.00,1,0,0
14172,3.316,57.60,192.00,1,0,0
14174,3.316,57.60,190.00,1,0,0
14177,3.316,57.60,192.00,1,0,0
14179,3.316,58.00,192.00,1,0,0
14182,3.316,57.90,192.00,1,0,0
14184,3.316,57.90,192.00,1,0,0
14186,3.316,57.50,190.00,1,0,0
14189,3.316,57.60,192.00,1,0,0
14191,3.316,57.60,192.00,1,0,0
14194,3.316,58.00,192.00,1,0,0
14196,3.316,57.90,192.00,1,0,0
14199,3.316,57.90,192.00,1,0,0
14201,3.316,57.70,192.00,1,0,0
14204,3.316,57.60,192.00,1,0,0
14216,3.316,57.80,192.00,1,0,0
14219,3.316,57.50,192.00,1,0,0
14221,3.316,57.60,192.00,1,0,0
14224,3.316,57.60,192.00,1,0,0
14226,3.316,57.90,192.00,1,0,0
14229,3.316,57.90,192.00,1,0,0
14231,3.312,57.90,192.00,1,0,0
14234,3.316,57.90,192.00,1,0,0
14236,3.316,57.50,190.00,1,0,0
14239,3.308,57.60,192.00,1,0,0
14241,3.264,159.90,523.00,1,0,0
14244,3.288,57.80,192.00,1,0,0
14246,3.316,57.80,192.00,1,0,0
14249,3.316,58.50,193.00,1,0,0
14261,3.316,58.00,192.00,1,0,0
14264,3.316,58.00,192.00,1,0,0
14266,3.316,57.90,192.00,1,0,0
14269,3.316,57.50,190.00,1,0,0
14271,3.316,57.60,192.00,1,0,0
14274,3.316,57.50,190.00,1,0,0
14276,3.316,57.90,192.00,1,0,0
14279,3.316,58.00,192.00,1,0,0
14281,3.316,58.10,192.00,1,0,0
14283,3.316,57.60,192.00,1,0,0
14286,3.316,57.50,190.00,1,0,0
14288,3.316,57.50,190.00,1,0,0
14291,3.312,57.60,190.00,1,0,0
14293,3.316,57.90,192.00,1,0,0
14306,3.316,57.60,192.00,1,0,0
14308,3.312,57.90,192.00,1,0,0
14311,3.316,58.00,192.00,1,0,0
14313,3.316,58.00,192.00,1,0,0
14316,3.316,57.90,192.00,1,0,0
14318,3.316,57.60,192.00,1,0,0
14321,3.316,57.60,192.00,1,0,0
14323,3.316,57.50,192.00,1,0,0
14326,3.316,58.00,192.00,1,0,0
14328,3.312,58.00,192.00,1,0,0
14331,3.316,58.00,192.00,1,0,0
14333,3.316,57.60,192.00,1,0,0
14336,3.316,57.50,190.00,1,0,0
14338,3.304,77.50,192.00,1,0,0
14351,3.316,57.60,192.00,1,0,0
14353,3.316,57.60,192.00,1,0,0
14356,3.316,57.50,190.00,1,0,0
14358,3.316,57.90,192.00,1,0,0
14361,3.316,58.00,192.00,1,0,0
14363,3.316,58.00,192.00,1,0,0
14366,3.316,57.60,190.00,1,0,0
14368,3.316,57.60,192.00,1,0,0
14371,3.316,57.60,192.00,1,0,0
14373,3.312,57.80,192.00,1,0,0
14376,3.316,57.80,192.00,1,0,0
14378,3.316,58.10,193.00,1,0,0
14380,3.316,58.00,192.00,1,0,0
14383,3.316,57.60,192.00,1,0,0
14396,3.316,58.00,192.00,1,0,0
14398,3.312,57.90,192.00,1,0,0
14401,3.316,57.60,190.00,1,0,0
14403,3.316,57.60,192.00,1,0,0
14405,3.312,57.60,192.00,1,0,0
14408,3.316,57.90,192.00,1,0,0
14410,3.316,58.00,192.00,1,0,0
14413,3.316,58.00,193.00,1,0,0
14415,3.316,57.60,192.00,1,0,0
14418,3.316,57.60,192.00,1,0,0
14420,3.316,57.60,192.00,1,0,0
14423,3.316,57.90,192.00,1,0,0
14425,3.316,57.90,192.00,1,0,0
14428,3.316,58.00,192.00,1,0,0
14440,3.316,136.60,451.00,1,0,0
14443,3.280,123.80,192.00,1,0,0
14445,3.316,57.80,192.00,1,0,0
14448,3.312,67.10,223.00,1,0,0
14450,3.312,57.60,190.00,1,0,0
14453,3.316,57.60,192.00,1,0,0
14455,3.312,57.90,192.00,1,0,0
14458,3.316,57.90,192.00,1,0,0
14460,3.316,57.90,192.00,1,0,0
14463,3.316,58.00,192.00,1,0,0
14465,3.316,57.70,192.00,1,0,0
14468,3.316,57.70,192.00,1,0,0
14470,3.316,57.60,190.00,1,0,0
14473,3.316,57.80,192.00,1,0,0
14485,3.312,57.60,190.00,1,0,0
14488,3.316,57.90,192.00,1,0,0
14490,3.316,57.80,192.00,1,0,0
14493,3.316,57.90,192.00,1,0,0
14495,3.316,58.00,192.00,1,0,0
14498,3.312,57.70,192.00,1,0,0
14500,3.316,57.50,190.00,1,0,0
14502,3.316,57.60,192.00,1,0,0
14505,3.316,57.80,192.00,1,0,0
14507,3.316,57.90,192.00,1,0,0
14510,3.316,57.90,192.00,1,0,0
14512,3.316,57.70,192.00,1,0,0
14515,3.312,57.60,192.00,1,0,0
14517,3.312,57.60,190.00,1,0,0
14530,3.316,57.70,192.00,1,0,0
14532,3.316,57.60,192.00,1,0,0
14535,3.316,57.60,192.00,1,0,0
14537,3.316,59.40,224.00,1,0,0
14540,3.312,154.50,505.00,1,0,0
14542,3.248,94.20,310.00,1,0,0
14545,3.316,57.80,192.00,1,0,0
14547,3.316,62.20,206.00,1,0,0
14550,3.316,57.60,192.00,1,0,0
14552,3.316,57.60,192.00,1,0,0
14555,3.312,57.90,192.00,1,0,0
14557,3.316,57.80,192.00,1,0,0
14560,3.316,57.90,192.00,1,0,0
14562,3.316,57.70,192.00,1,0,0
14575,3.316,57.90,192.00,1,0,0
14577,3.316,57.70,192.00,1,0,0
14580,3.316,57.80,192.00,1,0,0
14582,3.316,57.60,192.00,1,0,0
14585,3.316,57.60,192.00,1,0,0
14587,3.316,57.80,192.00,1,0,0
14590,3.316,57.80,192.00,1,0,0
14592,3.312,57.90,192.00,1,0,0
14595,3.316,57.70,192.00,1,0,0
14597,3.316,57.70,192.00,1,0,0
14599,3.316,57.60,192.00,1,0,0
14602,3.316,57.80,192.00,1,0,0
14604,3.312,57.80,192.00,1,0,0
14607,3.316,57.80,192.00,1,0,0
14620,3.312,57.90,192.00,1,0,0
14622,3.316,57.90,192.00,1,0,0
14625,3.316,57.80,192.00,1,0,0
14627,3.312,57.70,192.00,1,0,0
14629,3.316,57.70,192.00,1,0,0
14632,3.316,57.60,190.00,1,0,0
14634,3.316,57.60,192.00,1,0,0
14637,3.316,57.80,192.00,1,0,0
14639,3.296,61.30,203.00,1,0,0
14642,3.304,138.50,331.00,1,0,0
14644,3.252,57.70,192.00,1,0,0
14647,3.316,57.70,192.00,1,0,0
14649,3.304,57.60,190.00,1,0,0
14652,3.312,57.90,192.00,1,0,0
14664,3.316,57.60,192.00,1,0,0
14667,3.316,57.60,192.00,1,0,0
14669,3.316,57.90,192.00,1,0,0
14672,3.316,57.80,192.00,1,0,0
14674,3.316,57.80,192.00,1,0,0
14677,3.316,57.70,192.00,1,0,0
14679,3.316,57.70,190.00,1,0,0
14682,3.312,57.60,192.00,1,0,0
14684,3.316,57.80,192.00,1,0,0
14687,3.312,57.90,192.00,1,0,0
14689,3.316,57.90,192.00,1,0,0
14692,3.316,57.90,192.00,1,0,0
14694,3.316,57.60,190.00,1,0,0
14696,3.312,57.60,192.00,1,0,0
14709,3.316,57.60,192.00,1,0,0
14712,3.316,57.70,192.00,1,0,0
14714,3.316,57.70,192.00,1,0,0
14717,3.312,57.70,192.00,1,0,0
14719,3.316,57.90,192.00,1,0,0
14721,3.316,57.90,192.00,1,0,0
14724,3.316,57.90,192.00,1,0,0
14726,3.316,57.60,192.00,1,0,0
14729,3.312,57.60,192.00,1,0,0
14731,3.316,57.70,192.00,1,0,0
14734,3.316,57.90,192.00,1,0,0
14736,3.316,57.80,192.00,1,0,0
14739,3.316,72.40,192.00,1,0,0
14741,3.316,101.50,331.00,1,0,0
14754,3.316,57.90,192.00,1,0,0
14756,3.316,57.80,192.00,1,0,0
14759,3.316,57.50,190.00,1,0,0
14761,3.316,57.70,192.00,1,0,0
14764,3.316,57.70,192.00,1,0,0
14766,3.312,57.90,192.00,1,0,0
14769,3.316,57.90,192.00,1,0,0
14771,3.316,57.80,192.00,1,0,0
14774,3.316,57.70,192.00,1,0,0
14776,3.316,57.60,192.00,1,0,0
14779,3.316,57.70,192.00,1,0,0
14781,3.312,57.70,192.00,1,0,0
14784,3.316,57.90,192.00,1,0,0
14786,3.316,57.90,192.00,1,0,0
14799,3.316,57.90,192.00,1,0,0
14801,3.312,57.90,192.00,1,0,0
14804,3.316,57.90,192.00,1,0,0
14806,3.316,57.60,192.00,1,0,0
14809,3.316,57.60,192.00,1,0,0
14811,3.316,57.60,192.00,1,0,0
14814,3.316,57.70,192.00,1,0,0
14816,3.316,57.90,192.00,1,0,0
14818,3.316,57.90,192.00,1,0,0
14821,3.316,57.80,192.00,1,0,0
14823,3.312,57.60,192.00,1,0,0
14826,3.316,57.60,192.00,1,0,0
14828,3.316,57.70,192.00,1,0,0
14831,3.312,57.90,192.00,1,0,0
14844,3.280,57.80,192.00,1,0,0
14846,3.316,57.60,192.00,1,0,0
14848,3.312,60.90,193.00,1,0,0
14851,3.316,57.80,192.00,1,0,0
14853,3.312,57.90,192.00,1,0,0
14856,3.316,57.60,190.00,1,0,0
14858,3.312,57.60,192.00,1,0,0
14861,3.316,57.70,192.00,1,0,0
14863,3.312,57.70,192.00,1,0,0
14866,3.316,58.00,192.00,1,0,0
14868,3.312,57.90,192.00,1,0,0
14871,3.316,57.80,192.00,1,0,0
14873,3.316,57.50,190.00,1,0,0
14876,3.312,57.60,192.00,1,0,0
14888,3.312,57.60,190.00,1,0,0
14891,3.316,57.50,190.00,1,0,0
14893,3.316,57.60,190.00,1,0,0
14896,3.312,57.90,192.00,1,0,0
14898,3.316,57.90,192.00,1,0,0
14901,3.316,57.90,192.00,1,0,0
14903,3.316,57.90,192.00,1,0,0
14906,3.316,57.50,190.00,1,0,0
14908,3.312,57.60,192.00,1,0,0
14911,3.316,57.60,192.00,1,0,0
14913,3.312,58.00,192.00,1,0,0
14915,3.316,57.90,192.00,1,0,0
14918,3.316,57.90,192.00,1,0,0
14920,3.316,57.70,192.00,1,0,0
14933,3.316,57.90,192.00,1,0,0
14936,3.312,57.90,192.00,1,0,0
14938,3.316,57.60,256.00,1,0,0
14941,3.304,57.60,187.00,1,0,0
14943,3.296,166.20,547.00,1,0,0
14945,3.316,57.80,192.00,1,0,0
14948,3.316,65.70,218.00,1,0,0
14950,3.316,57.90,192.00,1,0,0
14953,3.316,57.90,192.00,1,0,0
14955,3.316,57.60,190.00,1,0,0
14958,3.316,57.50,190.00,1,0,0
14960,3.312,57.70,192.00,1,0,0
14963,3.316,58.00,192.00,1,0,0
14965,3.316,57.90,192.00,1,0,0
14982,3.316,57.90,192.00,1,0,0
14985,3.316,57.90,192.00,1,0,0
14987,3.312,57.50,192.00,1,0,0
14990,3.316,57.50,190.00,1,0,0
14992,3.316,57.60,192.00,1,0,0
14995,3.316,57.80,192.00,1,0,0
14997,3.316,57.90,192.00,1,0,0
14999,3.316,57.90,192.00,1,0,0
15002,3.316,57.90,192.00,1,0,0
15004,3.316,57.60,192.00,1,0,0
15007,3.316,57.60,192.00,1,0,0
15009,3.316,57.60,190.00,1,0,0
15012,3.312,58.00,192.00,1,0,0
15014,3.316,58.00,192.00,1,0,0
15027,3.316,57.90,192.00,1,0,0
15029,3.316,58.00,192.00,1,0,0
15032,3.316,57.90,192.00,1,0,0
15034,3.316,57.90,192.00,1,0,0
15037,3.312,57.60,192.00,1,0,0
15039,3.304,78.30,190.00,1,0,0
15042,3.316,158.10,516.00,1,0,0
15044,3.316,57.80,192.00,1,0,0
15047,3.316,57.80,192.00,1,0,0
15049,3.316,58.50,193.00,1,0,0
15052,3.316,57.60,192.00,1,0,0
15054,3.316,57.60,192.00,1,0,0
15057,3.316,57.60,192.00,1,0,0
15059,3.312,57.60,190.00,1,0,0
15072,3.316,57.60,192.00,1,0,0
15074,3.316,57.60,192.00,1,0,0
15077,3.316,57.90,192.00,1,0,0
15079,3.312,58.00,192.00,1,0,0
15082,3.316,57.90,192.00,1,0,0
15084,3.316,57.60,190.00,1,0,0
15087,3.312,57.60,192.00,1,0,0
15089,3.316,57.60,190.00,1,0,0
15092,3.316,57.60,192.00,1,0,0
15094,3.316,58.00,192.00,1,0,0
15096,3.316,58.00,192.00,1,0,0
15099,3.316,57.90,192.00,1,0,0
15101,3.316,57.60,192.00,1,0,0
15104,3.312,57.60,192.00,1,0,0
15117,3.312,57.80,192.00,1,0,0
15119,3.312,57.50,190.00,1,0,0
15122,3.312,57.50,190.00,1,0,0
15124,3.316,57.60,192.00,1,0,0
15126,3.312,57.90,192.00,1,0,0
15129,3.316,58.00,192.00,1,0,0
15131,3.316,57.90,192.00,1,0,0
15134,3.312,57.60,192.00,1,0,0
15136,3.316,57.50,190.00,1,0,0
15139,3.316,75.10,249.00,1,0,0
15141,3.316,116.00,382.00,1,0,0
15144,3.280,142.50,192.00,1,0,0
15146,3.316,57.80,192.00,1,0,0
15149,3.316,69.40,229.00,1,0,0
15161,3.316,57.90,192.00,1,0,0
15164,3.316,58.00,192.00,1,0,0
15166,3.316,57.60,192.00,1,0,0
15169,3.316,57.50,190.00,1,0,0
15171,3.316,57.60,192.00,1,0,0
15174,3.316,57.80,192.00,1,0,0
15176,3.316,57.90,192.00,1,0,0
15179,3.312,58.00,192.00,1,0,0
15181,3.312,57.90,192.00,1,0,0
15184,3.316,57.50,190.00,1,0,0
15186,3.316,57.50,190.00,1,0,0
15189,3.316,57.50,190.00,1,0,0
15191,3.312,57.80,192.00,1,0,0
15193,3.316,57.90,192.00,1,0,0
15206,3.312,57.60,192.00,1,0,0
15209,3.312,57.90,192.00,1,0,0
15211,3.316,58.00,192.00,1,0,0
15214,3.316,57.90,192.00,1,0,0
15216,3.316,57.60,190.00,1,0,0
15219,3.316,57.50,190.00,1,0,0
15221,3.316,57.60,190.00,1,0,0
15223,3.316,57.90,192.00,1,0,0
15226,3.312,58.00,192.00,1,0,0
15228,3.316,57.90,192.00,1,0,0
15231,3.312,58.00,192.00,1,0,0
15233,3.316,57.50,190.00,1,0,0
15236,3.312,57.60,192.00,1,0,0
15238,3.316,57.50,238.00,1,0,0
15251,3.312,57.60,190.00,1,0,0
15253,3.312,57.60,192.00,1,0,0
15256,3.316,57.90,192.00,1,0,0
15258,3.316,57.90,192.00,1,0,0
15261,3.316,58.00,192.00,1,0,0
15263,3.316,57.90,192.00,1,0,0
15266,3.316,57.60,192.00,1,0,0
15268,3.316,57.60,192.00,1,0,0
15271,3.316,57.60,192.00,1,0,0
15273,3.316,57.90,192.00,1,0,0
15276,3.316,57.90,192.00,1,0,0
15278,3.312,58.00,192.00,1,0,0
15281,3.316,57.70,192.00,1,0,0
15283,3.316,57.60,190.00,1,0,0
15296,3.316,58.10,193.00,1,0,0
15298,3.316,57.60,192.00,1,0,0
15301,3.316,57.50,190.00,1,0,0
15303,3.316,57.50,190.00,1,0,0
15306,3.316,57.80,192.00,1,0,0
15308,3.316,57.90,192.00,1,0,0
15311,3.316,57.90,192.00,1,0,0
15313,3.316,58.00,192.00,1,0,0
15316,3.316,57.60,192.00,1,0,0
15318,3.316,57.60,192.00,1,0,0
15320,3.316,57.60,192.00,1,0,0
15323,3.316,57.90,192.00,1,0,0
15325,3.316,58.00,192.00,1,0,0
15328,3.316,58.00,192.00,1,0,0
15341,3.316,57.60,505.00,1,0,0
15343,3.264,58.00,192.00,1,0,0
15345,3.312,57.80,192.00,1,0,0
15348,3.316,57.60,202.00,1,0,0
15350,3.312,57.60,192.00,1,0,0
15353,3.316,57.60,192.00,1,0,0
15355,3.316,57.90,192.00,1,0,0
15358,3.316,57.80,192.00,1,0,0
15360,3.316,58.00,192.00,1,0,0
15363,3.316,57.60,192.00,1,0,0
15365,3.316,57.70,192.00,1,0,0
15368,3.316,57.60,192.00,1,0,0
15370,3.316,57.80,192.00,1,0,0
15373,3.316,57.90,192.00,1,0,0
15385,3.316,57.60,192.00,1,0,0
15388,3.316,57.90,192.00,1,0,0
15390,3.316,57.80,192.00,1,0,0
15393,3.312,57.90,192.00,1,0,0
15395,3.316,57.70,192.00,1,0,0
15398,3.316,57.70,192.00,1,0,0
15400,3.316,57.50,190.00,1,0,0
15403,3.312,57.80,192.00,1,0,0
15405,3.316,57.90,192.00,1,0,0
15408,3.316,57.90,192.00,1,0,0
15410,3.312,58.00,192.00,1,0,0
15413,3.312,57.70,192.00,1,0,0
15415,3.316,57.70,192.00,1,0,0
15417,3.312,57.50,190.00,1,0,0
15430,3.316,57.80,192.00,1,0,0
15433,3.312,57.60,192.00,1,0,0
15435,3.316,57.60,192.00,1,0,0
15438,3.316,57.90,216.00,1,0,0
15440,3.296,57.70,190.00,1,0,0
15442,3.256,105.80,344.00,1,0,0
15445,3.312,57.70,192.00,1,0,0
15447,3.316,57.60,190.00,1,0,0
15450,3.316,57.60,192.00,1,0,0
15452,3.316,57.80,192.00,1,0,0
15455,3.316,57.80,192.00,1,0,0
15457,3.312,57.80,192.00,1,0,0
15460,3.312,57.90,192.00,1,0,0
15462,3.312,57.70,190.00,1,0,0
15475,3.316,57.80,192.00,1,0,0
15477,3.316,57.70,192.00,1,0,0
15480,3.316,57.60,190.00,1,0,0
15482,3.316,57.60,190.00,1,0,0
15485,3.312,57.90,192.00,1,0,0
15487,3.316,57.90,192.00,1,0,0
15490,3.316,57.80,192.00,1,0,0
15492,3.316,57.70,192.00,1,0,0
15495,3.316,57.70,192.00,1,0,0
15497,3.316,57.60,192.00,1,0,0
15500,3.316,57.50,190.00,1,0,0
15502,3.316,57.90,192.00,1,0,0
15505,3.316,57.80,192.00,1,0,0
15507,3.316,57.80,192.00,1,0,0
15520,3.316,57.90,192.00,1,0,0
15522,3.316,57.80,192.00,1,0,0
15525,3.312,57.90,192.00,1,0,0
15527,3.316,57.60,192.00,1,0,0
15530,3.316,57.70,192.00,1,0,0
15532,3.316,57.60,192.00,1,0,0
15535,3.316,57.90,192.00,1,0,0
15537,3.316,57.90,192.00,1,0,0
15539,3.296,57.70,192.00,1,0,0
15542,3.284,117.70,349.00,1,0,0
15544,3.256,57.70,192.00,1,0,0
15547,3.312,57.70,192.00,1,0,0
15549,3.304,57.50,192.00,1,0,0
15552,3.312,57.90,192.00,1,0,0
15564,3.316,57.60,190.00,1,0,0
15567,3.312,57.90,192.00,1,0,0
15569,3.316,57.90,192.00,1,0,0
15572,3.316,57.90,192.00,1,0,0
15574,3.316,57.60,190.00,1,0,0
15577,3.316,57.70,192.00,1,0,0
15579,3.316,57.70,192.00,1,0,0
15582,3.316,57.60,192.00,1,0,0
15584,3.316,57.90,192.00,1,0,0
15587,3.312,57.80,192.00,1,0,0
15589,3.312,57.80,192.00,1,0,0
15592,3.312,57.60,192.00,1,0,0
15594,3.312,57.70,192.00,1,0,0
15597,3.316,57.60,190.00,1,0,0
15609,3.316,57.70,192.00,1,0,0
15612,3.316,57.70,192.00,1,0,0
15614,3.316,57.70,192.00,1,0,0
15617,3.316,57.90,192.00,1,0,0
15619,3.316,57.90,192.00,1,0,0
15622,3.316,57.80,192.00,1,0,0
15624,3.316,57.60,190.00,1,0,0
15627,3.312,57.60,190.00,1,0,0
15629,3.312,57.70,192.00,1,0,0
15632,3.316,57.70,192.00,1,0,0
15634,3.316,57.80,192.00,1,0,0
15636,3.316,57.90,192.00,1,0,0
15639,3.312,75.70,192.00,1,0,0
15641,3.316,83.70,272.00,1,0,0
15654,3.316,57.90,192.00,1,0,0
15657,3.312,57.60,192.00,1,0,0
15659,3.312,57.70,192.00,1,0,0
15661,3.316,57.70,192.00,1,0,0
15664,3.316,58.00,192.00,1,0,0
15666,3.316,57.90,192.00,1,0,0
15669,3.316,57.80,192.00,1,0,0
15671,3.316,57.80,192.00,1,0,0
15674,3.316,57.60,190.00,1,0,0
15676,3.316,57.60,192.00,1,0,0
15679,3.316,57.70,192.00,1,0,0
15681,3.316,58.00,192.00,1,0,0
15684,3.316,57.90,192.00,1,0,0
15686,3.312,57.90,192.00,1,0,0
15699,3.316,57.90,192.00,1,0,0
15701,3.316,57.90,192.00,1,0,0
15704,3.316,57.80,192.00,1,0,0
15706,3.316,57.60,192.00,1,0,0
15709,3.312,57.60,192.00,1,0,0
15711,3.316,57.70,192.00,1,0,0
15714,3.316,58.00,192.00,1,0,0
15716,3.316,57.80,192.00,1,0,0
15719,3.316,57.80,192.00,1,0,0
15721,3.312,57.90,192.00,1,0,0
15724,3.316,57.50,190.00,1,0,0
15726,3.316,57.60,192.00,1,0,0
15729,3.316,57.70,192.00,1,0,0
15731,3.316,57.90,192.00,1,0,0
15744,3.280,57.70,192.00,1,0,0
15746,3.316,57.80,192.00,1,0,0
15749,3.316,63.80,193.00,1,0,0
15751,3.316,57.90,192.00,1,0,0
15754,3.316,57.90,192.00,1,0,0
15756,3.316,57.50,192.00,1,0,0
15758,3.316,57.60,192.00,1,0,0
15761,3.316,57.60,192.00,1,0,0
15763,3.316,58.10,192.00,1,0,0
15766,3.316,57.80,192.00,1,0,0
15768,3.316,57.80,192.00,1,0,0
15771,3.316,57.60,192.00,1,0,0
15773,3.316,57.50,190.00,1,0,0
15776,3.316,57.60,192.00,1,0,0
15788,3.316,57.60,192.00,1,0,0
15791,3.316,57.60,192.00,1,0,0
15793,3.316,57.60,192.00,1,0,0
15796,3.316,58.00,192.00,1,0,0
15798,3.312,57.90,192.00,1,0,0
15801,3.316,57.90,192.00,1,0,0
15803,3.316,57.50,190.00,1,0,0
15806,3.316,57.60,192.00,1,0,0
15808,3.316,57.60,192.00,1,0,0
15811,3.316,57.90,192.00,1,0,0
15813,3.316,58.00,192.00,1,0,0
15816,3.316,57.90,192.00,1,0,0
15818,3.316,57.90,192.00,1,0,0
15821,3.312,57.50,190.00,1,0,0
15833,3.316,57.80,192.00,1,0,0
15836,3.316,57.80,192.00,1,0,0
15838,3.316,57.50,254.00,1,0,0
15841,3.308,57.70,188.00,1,0,0
15843,3.296,167.00,552.00,1,0,0
15846,3.316,57.80,192.00,1,0,0
15848,3.316,68.50,226.00,1,0,0
15851,3.316,57.90,192.00,1,0,0
15853,3.316,57.60,192.00,1,0,0
15855,3.316,57.50,190.00,1,0,0
15858,3.316,57.60,192.00,1,0,0
15860,3.312,57.80,192.00,1,0,0
15863,3.316,58.00,192.00,1,0,0
15865,3.316,58.00,192.00,1,0,0
15878,3.316,58.00,192.00,1,0,0
15880,3.312,58.00,192.00,1,0,0
15883,3.316,57.90,192.00,1,0,0
15885,3.316,57.60,192.00,1,0,0
15888,3.316,57.50,190.00,1,0,0
15890,3.312,57.60,192.00,1,0,0
15893,3.316,57.90,192.00,1,0,0
15895,3.316,58.00,192.00,1,0,0
15898,3.312,58.00,192.00,1,0,0
15900,3.312,57.90,192.00,1,0,0
15903,3.316,57.60,192.00,1,0,0
15905,3.316,57.60,192.00,1,0,0
15908,3.316,57.60,190.00,1,0,0
15910,3.316,57.90,192.00,1,0,0
15923,3.316,57.50,190.00,1,0,0
15925,3.316,57.60,192.00,1,0,0
15928,3.316,58.00,192.00,1,0,0
15930,3.316,58.00,192.00,1,0,0
15933,3.316,57.80,192.00,1,0,0
15935,3.316,57.60,192.00,1,0,0
15938,3.316,57.60,190.00,1,0,0
15940,3.316,57.60,192.00,1,0,0
15943,3.276,138.00,514.00,1,0,0
15945,3.312,57.80,192.00,1,0,0
15948,3.316,57.80,192.00,1,0,0
15950,3.316,58.50,190.00,1,0,0
15952,3.316,57.60,192.00,1,0,0
15955,3.312,57.60,192.00,1,0,0
15968,3.316,57.60,192.00,1,0,0
15970,3.316,57.50,192.00,1,0,0
15973,3.316,57.60,192.00,1,0,0
15975,3.316,57.90,192.00,1,0,0
15977,3.316,58.00,192.00,1,0,0
15980,3.316,58.00,192.00,1,0,0
15982,3.316,57.80,192.00,1,0,0
15985,3.316,57.50,190.00,1,0,0
15987,3.312,57.60,192.00,1,0,0
15990,3.316,57.60,192.00,1,0,0
15992,3.316,58.00,192.00,1,0,0
15995,3.316,58.00,192.00,1,0,0
15997,3.316,58.00,192.00,1,0,0
16000,3.316,57.60,190.00,1,0,0
16012,3.316,58.00,192.00,1,0,0
16015,3.316,58.00,192.00,1,0,0
16017,3.316,57.60,192.00,1,0,0
16020,3.316,57.50,190.00,1,0,0
16022,3.312,57.50,190.00,1,0,0
16025,3.316,57.90,192.00,1,0,0
16027,3.316,58.10,193.00,1,0,0
16030,3.316,58.10,192.00,1,0,0
16032,3.316,57.60,192.00,1,0,0
16035,3.316,57.60,192.00,1,0,0
16037,3.316,57.50,190.00,1,0,0
16040,3.300,73.20,192.00,1,0,0
16042,3.316,150.30,490.00,1,0,0
16045,3.304,57.80,192.00,1,0,0
16057,3.312,57.90,192.00,1,0,0
16060,3.316,57.80,192.00,1,0,0
16062,3.316,58.00,192.00,1,0,0
16065,3.316,57.70,192.00,1,0,0
16067,3.312,57.60,190.00,1,0,0
16070,3.312,57.50,190.00,1,0,0
16072,3.316,57.60,192.00,1,0,0
16074,3.312,57.80,192.00,1,0,0
16077,3.316,58.00,192.00,1,0,0
16079,3.316,58.00,192.00,1,0,0
16082,3.316,57.60,190.00,1,0,0
16084,3.312,57.50,190.00,1,0,0
16087,3.316,57.50,190.00,1,0,0
16089,3.312,57.80,192.00,1,0,0
16102,3.316,57.50,190.00,1,0,0
16104,3.312,57.60,192.00,1,0,0
16107,3.316,57.80,192.00,1,0,0
16109,3.316,57.80,192.00,1,0,0
16112,3.316,57.90,192.00,1,0,0
16114,3.316,57.60,192.00,1,0,0
16117,3.316,57.60,192.00,1,0,0
16119,3.316,57.60,190.00,1,0,0
16122,3.316,57.90,192.00,1,0,0
16124,3.316,57.80,192.00,1,0,0
16127,3.312,58.00,192.00,1,0,0
16129,3.316,57.90,192.00,1,0,0
16132,3.312,57.60,192.00,1,0,0
16134,3.316,57.60,190.00,1,0,0
16147,3.316,57.70,192.00,1,0,0
16149,3.308,63.20,192.00,1,0,0
16152,3.316,57.70,192.00,1,0,0
16154,3.316,57.70,192.00,1,0,0
16157,3.316,57.90,192.00,1,0,0
16159,3.316,58.00,192.00,1,0,0
16162,3.316,58.00,192.00,1,0,0
16164,3.316,57.60,192.00,1,0,0
16167,3.316,57.60,192.00,1,0,0
16169,3.316,57.60,192.00,1,0,0
16171,3.316,57.90,192.00,1,0,0
16174,3.316,57.90,192.00,1,0,0
16176,3.316,58.00,192.00,1,0,0
16179,3.316,58.00,192.00,1,0,0
16192,3.316,57.90,192.00,1,0,0
16194,3.316,57.90,192.00,1,0,0
16197,3.316,57.60,192.00,1,0,0
16199,3.312,57.70,192.00,1,0,0
16201,3.312,57.50,192.00,1,0,0
16204,3.316,57.90,192.00,1,0,0
16206,3.316,57.90,192.00,1,0,0
16209,3.316,57.90,192.00,1,0,0
16211,3.316,57.80,192.00,1,0,0
16214,3.316,57.70,192.00,1,0,0
16216,3.316,57.60,192.00,1,0,0
16219,3.316,57.60,192.00,1,0,0
16221,3.316,57.90,192.00,1,0,0
16224,3.316,57.90,192.00,1,0,0
16236,3.316,57.80,192.00,1,0,0
16239,3.316,65.00,216.00,1,0,0
16241,3.316,154.40,506.00,1,0,0
16244,3.260,73.00,192.00,1,0,0
16246,3.316,57.70,192.00,1,0,0
16249,3.316,58.60,195.00,1,0,0
16251,3.316,57.50,190.00,1,0,0
16254,3.316,57.90,192.00,1,0,0
16256,3.316,57.90,192.00,1,0,0
16259,3.316,57.90,192.00,1,0,0
16261,3.316,57.80,192.00,1,0,0
16264,3.316,57.70,192.00,1,0,0
16266,3.316,57.70,192.00,1,0,0
16268,3.316,57.60,192.00,1,0,0
16281,3.316,57.60,192.00,1,0,0
16284,3.316,57.60,190.00,1,0,0
16286,3.316,57.80,192.00,1,0,0
16289,3.312,57.90,192.00,1,0,0
16291,3.316,57.90,192.00,1,0,0
16293,3.316,57.70,192.00,1,0,0
16296,3.316,57.70,192.00,1,0,0
16298,3.316,57.80,192.00,1,0,0
16301,3.316,57.70,192.00,1,0,0
16303,3.312,57.80,192.00,1,0,0
16306,3.316,57.90,192.00,1,0,0
16308,3.316,57.90,192.00,1,0,0
16311,3.316,57.60,192.00,1,0,0
16313,3.316,57.70,192.00,1,0,0
16326,3.316,57.90,192.00,1,0,0
16328,3.316,57.60,192.00,1,0,0
16331,3.312,57.70,192.00,1,0,0
16333,3.312,57.60,192.00,1,0,0
16336,3.312,57.90,192.00,1,0,0
16338,3.316,68.70,226.00,1,0,0
16341,3.316,57.70,393.00,1,0,0
16343,3.256,79.80,265.00,1,0,0
16346,3.316,57.70,192.00,1,0,0
16348,3.316,57.60,192.00,1,0,0
16351,3.316,57.90,192.00,1,0,0
16353,3.316,57.90,192.00,1,0,0
16356,3.312,57.90,192.00,1,0,0
16358,3.316,57.90,192.00,1,0,0
16371,3.316,57.80,192.00,1,0,0
16373,3.316,57.80,192.00,1,0,0
16376,3.312,57.60,192.00,1,0,0
16378,3.316,57.60,192.00,1,0,0
16381,3.316,57.60,192.00,1,0,0
16383,3.316,57.80,192.00,1,0,0
16386,3.316,57.90,192.00,1,0,0
16388,3.316,57.80,192.00,1,0,0
16390,3.316,57.80,192.00,1,0,0
16393,3.316,57.60,192.00,1,0,0
16395,3.316,57.70,192.00,1,0,0
16398,3.312,57.50,190.00,1,0,0
16400,3.316,57.80,192.00,1,0,0
16403,3.316,57.80,192.00,1,0,0
16416,3.316,57.60,192.00,1,0,0
16418,3.316,57.90,192.00,1,0,0
16420,3.312,57.90,192.00,1,0,0
16423,3.316,57.90,192.00,1,0,0
16425,3.316,57.50,190.00,1,0,0
16428,3.316,57.70,192.00,1,0,0
16430,3.316,57.60,192.00,1,0,0
16433,3.316,57.90,192.00,1,0,0
16435,3.316,57.80,192.00,1,0,0
16438,3.316,57.90,244.00,1,0,0
16440,3.300,57.60,188.00,1,0,0
16443,3.272,124.60,408.00,1,0,0
16445,3.312,57.70,192.00,1,0,0
16448,3.316,57.70,190.00,1,0,0
16460,3.316,57.70,192.00,1,0,0
16463,3.316,57.70,192.00,1,0,0
16465,3.316,57.90,192.00,1,0,0
16468,3.316,57.90,192.00,1,0,0
16470,3.316,57.90,192.00,1,0,0
16473,3.316,57.80,192.00,1,0,0
16475,3.316,57.50,192.00,1,0,0
16478,3.316,57.70,192.00,1,0,0
16480,3.316,57.70,192.00,1,0,0
16483,3.316,57.90,192.00,1,0,0
16485,3.316,57.90,192.00,1,0,0
16487,3.316,57.80,192.00,1,0,0
16490,3.312,57.60,190.00,1,0,0
16492,3.316,57.60,192.00,1,0,0
16505,3.316,57.80,192.00,1,0,0
16508,3.312,57.60,192.00,1,0,0
16510,3.316,57.60,192.00,1,0,0
16513,3.316,57.70,192.00,1,0,0
16515,3.312,57.90,192.00,1,0,0
16517,3.316,57.80,192.00,1,0,0
16520,3.312,57.90,192.00,1,0,0
16522,3.316,57.50,190.00,1,0,0
16525,3.312,57.60,190.00,1,0,0
16527,3.312,57.60,192.00,1,0,0
16530,3.316,57.90,192.00,1,0,0
16532,3.316,57.90,192.00,1,0,0
16535,3.316,57.90,192.00,1,0,0
16537,3.316,57.90,192.00,1,0,0
16550,3.308,58.00,192.00,1,0,0
16552,3.316,57.80,192.00,1,0,0
16555,3.316,57.70,190.00,1,0,0
16557,3.312,57.60,192.00,1,0,0
16560,3.316,57.60,192.00,1,0,0
16562,3.316,57.70,192.00,1,0,0
16565,3.316,58.00,192.00,1,0,0
16567,3.316,57.90,192.00,1,0,0
16570,3.316,57.80,192.00,1,0,0
16572,3.312,57.50,192.00,1,0,0
16575,3.316,57.50,190.00,1,0,0
16577,3.316,57.60,192.00,1,0,0
16580,3.316,58.00,192.00,1,0,0
16582,3.316,57.90,192.00,1,0,0
16595,3.312,57.70,192.00,1,0,0
16597,3.316,58.00,192.00,1,0,0
16600,3.316,57.90,192.00,1,0,0
16602,3.316,57.80,192.00,1,0,0
16605,3.312,57.60,190.00,1,0,0
16607,3.316,57.50,192.00,1,0,0
16609,3.316,57.60,190.00,1,0,0
16612,3.312,58.00,192.00,1,0,0
16614,3.316,58.00,192.00,1,0,0
16617,3.316,57.90,192.00,1,0,0
16619,3.316,57.90,192.00,1,0,0
16622,3.312,57.60,190.00,1,0,0
16624,3.316,57.60,192.00,1,0,0
16627,3.316,57.70,192.00,1,0,0
16639,3.316,77.80,257.00,1,0,0
16642,3.316,69.90,228.00,1,0,0
16644,3.268,91.70,192.00,1,0,0
16647,3.316,57.80,192.00,1,0,0
16649,3.316,69.10,229.00,1,0,0
16652,3.316,57.90,192.00,1,0,0
16654,3.316,57.60,192.00,1,0,0
16657,3.316,57.50,190.00,1,0,0
16659,3.316,57.60,192.00,1,0,0
16662,3.316,58.10,193.00,1,0,0
16664,3.316,58.00,192.00,1,0,0
16667,3.316,57.80,192.00,1,0,0
16669,3.316,57.90,192.00,1,0,0
16672,3.316,57.60,192.00,1,0,0
16684,3.316,57.90,192.00,1,0,0
16687,3.316,57.50,190.00,1,0,0
16689,3.312,57.60,192.00,1,0,0
16692,3.316,57.60,192.00,1,0,0
16694,3.316,58.00,192.00,1,0,0
16697,3.316,58.00,192.00,1,0,0
16699,3.316,57.90,192.00,1,0,0
16702,3.316,57.80,192.00,1,0,0
16704,3.316,57.50,190.00,1,0,0
16706,3.316,57.60,192.00,1,0,0
16709,3.316,57.60,192.00,1,0,0
16711,3.312,58.00,192.00,1,0,0
16714,3.316,57.90,192.00,1,0,0
16716,3.316,57.90,192.00,1,0,0
16729,3.316,58.00,192.00,1,0,0
16732,3.316,57.90,192.00,1,0,0
16734,3.316,57.80,192.00,1,0,0
16736,3.316,57.60,192.00,1,0,0
16739,3.316,57.60,190.00,1,0,0
16741,3.316,57.50,344.00,1,0,0
16744,3.276,151.50,501.00,1,0,0
16746,3.316,57.80,192.00,1,0,0
16749,3.316,57.80,229.00,1,0,0
16751,3.316,57.50,190.00,1,0,0
16754,3.316,57.50,190.00,1,0,0
16756,3.316,57.50,192.00,1,0,0
16759,3.316,57.80,192.00,1,0,0
16761,3.316,58.00,192.00,1,0,0
16774,3.316,57.50,190.00,1,0,0
16776,3.316,57.90,192.00,1,0,0
16779,3.316,58.00,192.00,1,0,0
16781,3.316,58.00,192.00,1,0,0
16784,3.316,57.60,192.00,1,0,0
16786,3.312,57.60,190.00,1,0,0
16789,3.312,57.50,190.00,1,0,0
16791,3.316,57.50,190.00,1,0,0
16794,3.316,57.90,192.00,1,0,0
16796,3.316,58.00,192.00,1,0,0
16799,3.316,57.90,192.00,1,0,0
16801,3.312,57.60,190.00,1,0,0
16804,3.316,57.50,190.00,1,0,0
16806,3.316,57.60,190.00,1,0,0
16819,3.316,57.60,192.00,1,0,0
16821,3.316,57.60,190.00,1,0,0
16824,3.312,57.50,192.00,1,0,0
16826,3.312,57.90,192.00,1,0,0
16829,3.316,58.00,192.00,1,0,0
16831,3.316,58.00,192.00,1,0,0
16833,3.316,57.50,190.00,1,0,0
16836,3.312,57.60,192.00,1,0,0
16838,3.312,57.60,190.00,1,0,0
16841,3.300,57.60,192.00,1,0,0
16843,3.296,168.60,554.00,1,0,0
16846,3.316,57.90,192.00,1,0,0
16848,3.316,57.70,192.00,1,0,0
16851,3.316,57.50,190.00,1,0,0
16863,3.316,58.00,192.00,1,0,0
16866,3.316,57.60,192.00,1,0,0
16868,3.316,57.60,192.00,1,0,0
16871,3.316,57.60,192.00,1,0,0
16873,3.312,57.70,192.00,1,0,0
16876,3.316,57.90,192.00,1,0,0
16878,3.312,58.00,192.00,1,0,0
16881,3.316,58.00,192.00,1,0,0
16883,3.316,57.60,192.00,1,0,0
16886,3.316,57.60,192.00,1,0,0
16888,3.316,57.60,192.00,1,0,0
16891,3.316,57.80,192.00,1,0,0
16893,3.316,57.90,192.00,1,0,0
16896,3.316,58.00,192.00,1,0,0
16908,3.316,57.90,192.00,1,0,0
16911,3.316,58.00,192.00,1,0,0
16913,3.316,58.00,192.00,1,0,0
16916,3.312,57.60,192.00,1,0,0
16918,3.316,57.60,192.00,1,0,0
16921,3.316,57.60,192.00,1,0,0
16923,3.316,57.90,192.00,1,0,0
16926,3.316,57.90,192.00,1,0,0
16928,3.316,57.90,192.00,1,0,0
16930,3.316,57.80,192.00,1,0,0
16933,3.316,57.60,192.00,1,0,0
16935,3.312,57.60,192.00,1,0,0
16938,3.316,57.60,192.00,1,0,0
16940,3.296,70.20,233.00,1,0,0
16953,3.312,57.60,192.00,1,0,0
16955,3.316,57.90,192.00,1,0,0
16958,3.316,57.90,192.00,1,0,0
16960,3.316,58.00,192.00,1,0,0
16963,3.316,58.00,192.00,1,0,0
16965,3.312,57.60,190.00,1,0,0
16968,3.316,57.60,192.00,1,0,0
16970,3.316,57.60,192.00,1,0,0
16973,3.316,57.80,192.00,1,0,0
16975,3.316,57.90,192.00,1,0,0
16978,3.316,58.00,192.00,1,0,0
16984,3.316,57.60,190.00,1,0,0
16987,3.316,57.60,192.00,1,0,0
16989,3.316,57.80,192.00,1,0,0
16992,3.316,57.90,192.00,1,0,0
16994,3.316,58.00,192.00,1,0,0
16997,3.316,57.70,192.00,1,0,0
16999,3.316,57.60,192.00,1,0,0
17001,3.316,57.60,192.00,1,0,0
17004,3.316,57.80,192.00,1,0,0
17017,3.316,57.60,192.00,1,0,0
17019,3.316,57.50,190.00,1,0,0
17022,3.316,57.80,192.00,1,0,0
17024,3.316,57.90,192.00,1,0,0
17027,3.312,57.90,192.00,1,0,0
17029,3.316,57.80,192.00,1,0,0
17031,3.316,57.70,192.00,1,0,0
17034,3.316,57.60,192.00,1,0,0
17036,3.316,57.60,192.00,1,0,0
17039,3.316,64.50,213.00,1,0,0
17041,3.316,57.70,190.00,1,0,0
17044,3.252,105.50,215.00,1,0,0
17046,3.316,57.70,192.00,1,0,0
17049,3.316,57.60,190.00,1,0,0
17061,3.316,57.70,192.00,1,0,0
17064,3.316,57.70,192.00,1,0,0
17066,3.316,57.60,192.00,1,0,0
17069,3.316,57.70,192.00,1,0,0
17071,3.316,58.00,192.00,1,0,0
17074,3.316,57.90,192.00,1,0,0
17076,3.316,57.90,192.00,1,0,0
17079,3.316,57.80,192.00,1,0,0
17081,3.316,57.60,192.00,1,0,0
17084,3.316,57.50,190.00,1,0,0
17086,3.316,57.90,192.00,1,0,0
17089,3.312,57.90,192.00,1,0,0
17091,3.316,57.90,192.00,1,0,0
17094,3.316,58.00,192.00,1,0,0
17106,3.316,57.80,192.00,1,0,0
17109,3.316,57.90,192.00,1,0,0
17111,3.316,57.70,192.00,1,0,0
17114,3.316,57.60,192.00,1,0,0
17116,3.316,57.60,192.00,1,0,0
17119,3.316,57.70,192.00,1,0,0
17121,3.316,57.90,192.00,1,0,0
17124,3.312,57.90,192.00,1,0,0
17126,3.312,57.90,192.00,1,0,0
17128,3.316,57.70,192.00,1,0,0
17131,3.316,57.70,192.00,1,0,0
17133,3.316,57.60,192.00,1,0,0
17136,3.316,57.80,192.00,1,0,0
17138,3.312,57.90,192.00,1,0,0
17151,3.312,57.80,192.00,1,0,0
17153,3.316,57.90,192.00,1,0,0
17156,3.316,57.90,192.00,1,0,0
17158,3.316,57.80,192.00,1,0,0
17161,3.316,57.70,192.00,1,0,0
17163,3.316,57.70,192.00,1,0,0
17166,3.316,57.60,192.00,1,0,0
17168,3.316,57.90,192.00,1,0,0
17171,3.316,57.90,192.00,1,0,0
17173,3.316,57.80,192.00,1,0,0
17176,3.316,57.70,192.00,1,0,0
17178,3.316,57.60,192.00,1,0,0
17181,3.316,57.70,192.00,1,0,0
17183,3.316,57.50,190.00,1,0,0
17196,3.316,57.70,192.00,1,0,0
17198,3.316,57.70,192.00,1,0,0
17201,3.316,57.90,192.00,1,0,0
17203,3.316,57.90,192.00,1,0,0
17206,3.316,57.80,192.00,1,0,0
17208,3.316,57.60,192.00,1,0,0
17211,3.316,57.70,192.00,1,0,0
17213,3.316,57.70,192.00,1,0,0
17216,3.312,57.60,192.00,1,0,0
17218,3.316,57.80,192.00,1,0,0
17221,3.316,57.80,192.00,1,0,0
17223,3.316,57.90,192.00,1,0,0
17225,3.316,57.50,190.00,1,0,0
17228,3.312,57.70,192.00,1,0,0
17241,3.300,57.70,192.00,1,0,0
17243,3.280,118.00,387.00,1,0,0
17246,3.264,57.70,192.00,1,0,0
17248,3.316,57.60,192.00,1,0,0
17250,3.304,58.50,192.00,1,0,0
17253,3.316,57.80,192.00,1,0,0
17255,3.316,57.90,192.00,1,0,0
17258,3.316,57.60,192.00,1,0,0
17260,3.316,57.70,192.00,1,0,0
17263,3.316,57.70,192.00,1,0,0
17265,3.312,57.70,192.00,1,0,0
17268,3.316,57.90,192.00,1,0,0
17270,3.316,57.90,192.00,1,0,0
17273,3.316,57.90,192.00,1,0,0
17285,3.316,57.90,192.00,1,0,0
17288,3.316,57.90,192.00,1,0,0
17290,3.316,57.60,190.00,1,0,0
17293,3.316,57.60,192.00,1,0,0
17295,3.316,57.70,192.00,1,0,0
17298,3.316,57.90,192.00,1,0,0
17300,3.316,57.80,192.00,1,0,0
17303,3.316,57.90,192.00,1,0,0
17305,3.316,57.90,192.00,1,0,0
17308,3.316,57.50,190.00,1,0,0
17310,3.316,57.70,192.00,1,0,0
17313,3.316,57.70,192.00,1,0,0
17315,3.316,57.90,192.00,1,0,0
17317,3.316,57.90,192.00,1,0,0
17330,3.316,57.60,192.00,1,0,0
17333,3.316,57.80,192.00,1,0,0
17335,3.312,57.90,192.00,1,0,0
17338,3.316,57.90,192.00,1,0,0
17340,3.312,77.40,192.00,1,0,0
17343,3.316,89.20,290.00,1,0,0
17345,3.284,57.80,192.00,1,0,0
17347,3.316,57.80,192.00,1,0,0
17350,3.316,58.50,193.00,1,0,0
17352,3.316,57.90,192.00,1,0,0
17355,3.316,57.80,192.00,1,0,0
17357,3.316,57.50,190.00,1,0,0
17360,3.316,57.70,192.00,1,0,0
17362,3.316,57.70,192.00,1,0,0
17375,3.312,57.60,192.00,1,0,0
17377,3.316,57.70,192.00,1,0,0
17380,3.312,57.90,192.00,1,0,0
17382,3.316,57.90,192.00,1,0,0
17385,3.316,57.90,192.00,1,0,0
17387,3.316,57.90,192.00,1,0,0
17390,3.316,57.60,192.00,1,0,0
17392,3.316,57.60,192.00,1,0,0
17395,3.316,57.70,192.00,1,0,0
17397,3.316,58.00,192.00,1,0,0
17400,3.316,57.90,192.00,1,0,0
17402,3.316,57.90,192.00,1,0,0
17405,3.316,57.60,192.00,1,0,0
17407,3.316,57.60,190.00,1,0,0
17420,3.316,57.90,192.00,1,0,0
17422,3.312,57.60,190.00,1,0,0
17425,3.312,57.70,192.00,1,0,0
17427,3.312,57.70,192.00,1,0,0
17430,3.312,58.00,192.00,1,0,0
17432,3.316,57.90,192.00,1,0,0
17435,3.316,57.90,192.00,1,0,0
17437,3.316,57.90,190.00,1,0,0
17440,3.316,78.50,261.00,1,0,0
17442,3.316,62.80,205.00,1,0,0
17444,3.260,105.20,211.00,1,0,0
17447,3.316,57.80,192.00,1,0,0
17449,3.312,67.70,224.00,1,0,0
17452,3.316,57.90,192.00,1,0,0
17465,3.316,57.90,192.00,1,0,0
17467,3.316,57.90,192.00,1,0,0
17469,3.316,57.70,192.00,1,0,0
17472,3.316,57.50,192.00,1,0,0
17474,3.316,57.60,190.00,1,0,0
17477,3.312,57.60,192.00,1,0,0
17479,3.316,58.00,192.00,1,0,0
17482,3.316,57.90,192.00,1,0,0
17484,3.316,57.90,192.00,1,0,0
17487,3.312,57.60,192.00,1,0,0
17489,3.316,57.50,190.00,1,0,0
17492,3.316,57.60,190.00,1,0,0
17494,3.312,57.90,192.00,1,0,0
17497,3.316,58.00,192.00,1,0,0
17509,3.316,57.60,192.00,1,0,0
17512,3.316,58.10,193.00,1,0,0
17514,3.312,58.00,192.00,1,0,0
17517,3.316,57.90,192.00,1,0,0
17519,3.316,57.60,192.00,1,0,0
17522,3.316,57.60,192.00,1,0,0
17524,3.312,57.60,192.00,1,0,0
17527,3.316,57.90,192.00,1,0,0
17529,3.316,58.00,192.00,1,0,0
17532,3.316,57.90,192.00,1,0,0
17534,3.316,57.90,192.00,1,0,0
17537,3.316,57.50,190.00,1,0,0
17539,3.312,57.60,190.00,1,0,0
17541,3.312,57.60,300.00,1,0,0
17554,3.316,57.60,190.00,1,0,0
17557,3.312,57.60,192.00,1,0,0
17559,3.316,57.60,192.00,1,0,0
17562,3.316,58.00,192.00,1,0,0
17564,3.316,58.00,192.00,1,0,0
17566,3.316,57.90,192.00,1,0,0
17569,3.316,57.60,190.00,1,0,0
17571,3.316,57.60,192.00,1,0,0
17574,3.316,57.60,192.00,1,0,0
17576,3.312,58.00,192.00,1,0,0
17579,3.312,58.10,192.00,1,0,0
17581,3.312,58.00,192.00,1,0,0
17584,3.316,58.00,192.00,1,0,0
17586,3.316,57.60,190.00,1,0,0
17599,3.316,57.90,192.00,1,0,0
17601,3.316,57.60,192.00,1,0,0
17604,3.316,57.60,192.00,1,0,0
17606,3.316,57.60,190.00,1,0,0
17609,3.312,57.90,192.00,1,0,0
17611,3.316,58.00,192.00,1,0,0
17614,3.316,58.10,192.00,1,0,0
17616,3.316,57.90,192.00,1,0,0
17619,3.312,57.60,192.00,1,0,0
17621,3.316,57.50,192.00,1,0,0
17624,3.316,57.50,190.00,1,0,0
17626,3.316,58.00,192.00,1,0,0
17629,3.316,58.00,193.00,1,0,0
17631,3.316,57.90,192.00,1,0,0
17644,3.276,116.40,357.00,1,0,0
17646,3.316,57.80,192.00,1,0,0
17649,3.316,57.80,192.00,1,0,0
17651,3.312,57.60,192.00,1,0,0
17654,3.316,57.60,192.00,1,0,0
17656,3.316,57.60,192.00,1,0,0
17659,3.316,57.90,192.00,1,0,0
17661,3.316,58.00,192.00,1,0,0
17663,3.316,58.00,192.00,1,0,0
17666,3.316,57.80,192.00,1,0,0
17668,3.316,57.50,190.00,1,0,0
17671,3.316,57.60,192.00,1,0,0
17673,3.316,57.60,192.00,1,0,0
17676,3.316,58.00,192.00,1,0,0
17689,3.316,57.50,192.00,1,0,0
17691,3.316,57.90,192.00,1,0,0
17693,3.312,57.90,192.00,1,0,0
17696,3.316,58.00,192.00,1,0,0
17698,3.316,57.70,192.00,1,0,0
17701,3.316,57.60,192.00,1,0,0
17703,3.316,57.60,190.00,1,0,0
17706,3.316,57.60,192.00,1,0,0
17708,3.316,57.90,192.00,1,0,0
17711,3.316,57.90,192.00,1,0,0
17713,3.312,58.00,192.00,1,0,0
17716,3.312,57.60,192.00,1,0,0
17718,3.316,57.60,192.00,1,0,0
17721,3.316,57.50,190.00,1,0,0
17733,3.316,57.50,190.00,1,0,0
17736,3.312,57.60,192.00,1,0,0
17738,3.316,57.50,190.00,1,0,0
17741,3.296,70.00,192.00,1,0,0
17743,3.316,102.70,334.00,1,0,0
17746,3.316,57.80,192.00,1,0,0
17748,3.316,57.70,192.00,1,0,0
17751,3.312,57.60,192.00,1,0,0
17753,3.316,57.60,192.00,1,0,0
17756,3.316,57.60,192.00,1,0,0
17758,3.316,57.90,192.00,1,0,0
17760,3.316,58.00,192.00,1,0,0
17763,3.316,58.00,192.00,1,0,0
17765,3.316,57.60,192.00,1,0,0
17778,3.316,58.10,193.00,1,0,0
17781,3.316,57.60,192.00,1,0,0
17783,3.316,57.60,192.00,1,0,0
17785,3.316,57.60,190.00,1,0,0
17788,3.312,57.80,192.00,1,0,0
17790,3.316,58.00,192.00,1,0,0
17793,3.316,57.90,192.00,1,0,0
17795,3.316,58.00,192.00,1,0,0
17798,3.316,57.60,192.00,1,0,0
17800,3.316,57.70,192.00,1,0,0
17803,3.316,57.60,192.00,1,0,0
17805,3.316,57.90,192.00,1,0,0
17808,3.316,57.90,192.00,1,0,0
17810,3.316,57.90,192.00,1,0,0
17823,3.316,57.90,192.00,1,0,0
17825,3.316,57.80,192.00,1,0,0
17828,3.316,58.00,193.00,1,0,0
17830,3.316,57.70,192.00,1,0,0
17833,3.316,57.60,192.00,1,0,0
17835,3.316,57.60,192.00,1,0,0
17838,3.316,57.80,192.00,1,0,0
17840,3.300,66.50,221.00,1,0,0
17843,3.316,154.50,380.00,1,0,0
17845,3.280,57.90,192.00,1,0,0
17848,3.316,57.60,192.00,1,0,0
17850,3.308,58.50,193.00,1,0,0
17853,3.316,57.50,192.00,1,0,0
17855,3.316,57.90,192.00,1,0,0
17868,3.316,57.50,190.00,1,0,0
17870,3.316,57.90,192.00,1,0,0
17873,3.312,57.90,192.00,1,0,0
17875,3.312,57.90,192.00,1,0,0
17878,3.316,58.00,192.00,1,0,0
17880,3.316,57.70,192.00,1,0,0
17882,3.316,57.60,192.00,1,0,0
17885,3.312,57.70,192.00,1,0,0
17887,3.316,57.90,192.00,1,0,0
17890,3.316,57.90,192.00,1,0,0
17892,3.316,57.90,192.00,1,0,0
17895,3.316,57.90,192.00,1,0,0
17897,3.316,57.80,192.00,1,0,0
17900,3.316,57.60,192.00,1,0,0
17912,3.316,57.80,192.00,1,0,0
17915,3.316,57.70,192.00,1,0,0
17917,3.316,57.60,190.00,1,0,0
17920,3.316,57.90,192.00,1,0,0
17922,3.316,57.90,192.00,1,0,0
17925,3.312,57.90,192.00,1,0,0
17927,3.312,57.70,192.00,1,0,0
17930,3.316,57.70,192.00,1,0,0
17932,3.316,57.60,192.00,1,0,0
17935,3.316,57.70,192.00,1,0,0
17937,3.312,57.90,192.00,1,0,0
17940,3.316,67.90,197.00,1,0,0
17942,3.316,127.20,413.00,1,0,0
17945,3.296,87.80,290.00,1,0,0
17957,3.316,57.90,192.00,1,0,0
17960,3.316,57.90,192.00,1,0,0
17962,3.316,57.70,192.00,1,0,0
17965,3.316,57.60,192.00,1,0,0
17967,3.316,57.50,190.00,1,0,0
17970,3.316,57.80,192.00,1,0,0
17972,3.316,57.90,192.00,1,0,0
17975,3.316,57.90,192.00,1,0,0
17977,3.316,57.60,192.00,1,0,0
17979,3.316,57.70,192.00,1,0,0
17982,3.316,57.60,192.00,1,0,0
17984,3.312,57.70,192.00,1,0,0
17987,3.316,57.80,192.00,1,0,0
17989,3.316,57.90,192.00,1,0,0
18002,3.316,57.80,192.00,1,0,0
18004,3.316,57.90,192.00,1,0,0
18007,3.316,57.90,192.00,1,0,0
18009,3.316,57.60,192.00,1,0,0
18012,3.316,57.60,192.00,1,0,0
18014,3.312,57.70,192.00,1,0,0
18017,3.316,57.80,192.00,1,0,0
18019,3.316,57.90,192.00,1,0,0
18022,3.316,57.90,192.00,1,0,0
18024,3.316,58.00,192.00,1,0,0
18027,3.312,57.70,192.00,1,0,0
18029,3.316,57.70,192.00,1,0,0
18032,3.316,57.60,192.00,1,0,0
18034,3.316,57.90,192.00,1,0,0
18047,3.316,57.60,192.00,1,0,0
18049,3.316,57.60,193.00,1,0,0
18052,3.316,58.00,192.00,1,0,0
18054,3.312,58.00,192.00,1,0,0
18057,3.316,57.90,192.00,1,0,0
18059,3.312,57.70,192.00,1,0,0
18062,3.316,57.60,190.00,1,0,0
18064,3.316,57.70,192.00,1,0,0
18067,3.316,57.90,192.00,1,0,0
18069,3.312,57.90,192.00,1,0,0
18072,3.316,57.90,192.00,1,0,0
18074,3.316,57.80,192.00,1,0,0
18076,3.316,57.60,192.00,1,0,0
18079,3.312,57.70,192.00,1,0,0
18092,3.316,57.50,190.00,1,0,0
18094,3.316,57.60,192.00,1,0,0
18097,3.316,57.60,190.00,1,0,0
18099,3.312,57.90,192.00,1,0,0
18101,3.316,57.90,192.00,1,0,0
18104,3.312,57.90,192.00,1,0,0
18106,3.316,57.90,192.00,1,0,0
18109,3.316,57.60,190.00,1,0,0
18111,3.312,57.70,192.00,1,0,0
18114,3.312,57.70,192.00,1,0,0
18116,3.316,57.90,192.00,1,0,0
18119,3.312,57.90,192.00,1,0,0
18121,3.316,57.90,192.00,1,0,0
18124,3.316,57.60,190.00,1,0,0
18136,3.316,57.90,192.00,1,0,0
18139,3.316,57.90,257.00,1,0,0
18141,3.304,57.60,188.00,1,0,0
18144,3.248,115.80,380.00,1,0,0
18146,3.316,57.70,192.00,1,0,0
18149,3.316,61.60,203.00,1,0,0
18151,3.316,57.90,192.00,1,0,0
18154,3.316,57.80,192.00,1,0,0
18156,3.316,57.60,192.00,1,0,0
