timestamp_ms,voltage_V,current_mA,power_mW,marker_ble,marker_wifi,marker_sleep
0,3.320,57.40,190.00,1,0,0
3,3.320,61.10,203.00,1,0,0
5,3.320,57.70,192.00,1,0,0
7,3.316,57.60,192.00,1,0,0
10,3.320,57.40,190.00,1,0,0
12,3.320,57.40,259.00,1,0,0
15,3.316,79.70,262.00,1,0,0
17,3.280,83.20,274.00,1,0,0
20,3.320,57.50,192.00,1,0,0
22,3.320,57.50,228.00,1,0,0
25,3.316,57.70,192.00,1,0,0
27,3.320,57.30,190.00,1,0,0
30,3.320,57.30,190.00,1,0,0
32,3.320,57.40,190.00,1,0,0
35,3.320,57.50,192.00,1,0,0
37,3.300,167.90,421.00,1,0,0
40,3.320,57.50,192.00,1,0,0
42,3.320,57.50,192.00,1,0,0
45,3.320,57.40,190.00,1,0,0
47,3.320,57.30,190.00,1,0,0
49,3.320,57.40,190.00,1,0,0
52,3.316,57.80,205.00,1,0,0
54,3.300,57.60,192.00,1,0,0
67,3.320,57.70,192.00,1,0,0
70,3.320,57.80,192.00,1,0,0
72,3.316,57.80,234.00,1,0,0
74,3.300,57.50,188.00,1,0,0
77,3.292,157.60,519.00,1,0,0
79,3.320,57.40,190.00,1,0,0
82,3.316,57.30,190.00,1,0,0
84,3.308,57.70,192.00,1,0,0
87,3.320,57.80,192.00,1,0,0
89,3.320,57.70,192.00,1,0,0
92,3.320,57.60,192.00,1,0,0
94,3.312,57.20,190.00,1,0,0
97,3.264,103.00,434.00,1,0,0
99,3.300,57.30,190.00,1,0,0
102,3.320,57.60,192.00,1,0,0
104,3.312,58.40,192.00,1,0,0
107,3.320,57.70,192.00,1,0,0
109,3.320,57.40,190.00,1,0,0
112,3.316,57.30,190.00,1,0,0
114,3.308,57.30,190.00,1,0,0
116,3.284,155.80,513.00,1,0,0
129,3.320,57.30,190.00,1,0,0
132,3.320,57.40,190.00,1,0,0
134,3.304,70.10,190.00,1,0,0
137,3.316,115.10,377.00,1,0,0
139,3.316,57.60,192.00,1,0,0
141,3.316,57.40,190.00,1,0,0
144,3.316,57.40,190.00,1,0,0
146,3.320,57.30,190.00,1,0,0
149,3.316,57.40,190.00,1,0,0
151,3.316,57.80,192.00,1,0,0
154,3.300,62.30,206.00,1,0,0
156,3.316,144.60,492.00,1,0,0
159,3.264,57.30,190.00,1,0,0
161,3.320,57.30,190.00,1,0,0
164,3.308,57.60,190.00,1,0,0
166,3.320,57.60,192.00,1,0,0
169,3.320,57.80,192.00,1,0,0
171,3.320,57.80,192.00,1,0,0
184,3.308,58.20,193.00,1,0,0
186,3.316,57.80,192.00,1,0,0
189,3.320,57.60,192.00,1,0,0
191,3.320,57.60,192.00,1,0,0
194,3.316,75.60,190.00,1,0,0
196,3.316,133.40,439.00,1,0,0
199,3.292,57.40,190.00,1,0,0
201,3.316,57.50,192.00,1,0,0
203,3.316,58.30,193.00,1,0,0
206,3.320,57.70,192.00,1,0,0
208,3.320,57.50,190.00,1,0,0
211,3.316,57.30,190.00,1,0,0
213,3.308,76.70,254.00,1,0,0
216,3.320,103.10,462.00,1,0,0
218,3.284,57.50,192.00,1,0,0
221,3.316,57.60,192.00,1,0,0
223,3.320,68.80,193.00,1,0,0
226,3.320,57.30,190.00,1,0,0
238,3.264,98.80,192.00,1,0,0
241,3.320,57.40,190.00,1,0,0
243,3.316,63.60,211.00,1,0,0
246,3.320,57.40,190.00,1,0,0
248,3.320,57.40,190.00,1,0,0
251,3.316,57.80,192.00,1,0,0
253,3.316,66.80,197.00,1,0,0
256,3.316,127.50,416.00,1,0,0
258,3.304,88.50,293.00,1,0,0
261,3.320,57.30,190.00,1,0,0
263,3.316,57.30,190.00,1,0,0
266,3.320,57.50,192.00,1,0,0
268,3.320,57.70,192.00,1,0,0
271,3.320,57.70,192.00,1,0,0
273,3.316,75.80,251.00,1,0,0
275,3.320,57.40,267.00,1,0,0
278,3.256,57.50,190.00,1,0,0
280,3.320,57.40,190.00,1,0,0
293,3.316,78.20,259.00,1,0,0
295,3.316,64.70,211.00,1,0,0
298,3.296,164.90,192.00,1,0,0
300,3.320,57.60,192.00,1,0,0
303,3.320,67.20,223.00,1,0,0
305,3.316,57.70,192.00,1,0,0
308,3.316,57.40,190.00,1,0,0
310,3.316,57.40,190.00,1,0,0
313,3.320,57.30,247.00,1,0,0
315,3.320,121.40,398.00,1,0,0
318,3.268,106.90,354.00,1,0,0
320,3.316,57.60,192.00,1,0,0
323,3.320,68.90,228.00,1,0,0
325,3.320,57.40,190.00,1,0,0
328,3.320,57.40,190.00,1,0,0
330,3.320,57.30,190.00,1,0,0
333,3.320,59.90,198.00,1,0,0
335,3.316,57.50,508.00,1,0,0
348,3.316,57.40,190.00,1,0,0
350,3.316,57.70,192.00,1,0,0
353,3.320,69.00,228.00,1,0,0
355,3.320,57.60,190.00,1,0,0
357,3.268,105.40,210.00,1,0,0
360,3.320,57.30,190.00,1,0,0
362,3.320,57.40,190.00,1,0,0
365,3.316,57.40,192.00,1,0,0
367,3.316,57.80,192.00,1,0,0
370,3.320,57.80,192.00,1,0,0
372,3.320,57.70,257.00,1,0,0
375,3.308,57.40,187.00,1,0,0
377,3.288,135.10,444.00,1,0,0
380,3.316,57.40,190.00,1,0,0
382,3.320,61.00,202.00,1,0,0
385,3.316,57.70,192.00,1,0,0
387,3.316,57.80,192.00,1,0,0
390,3.320,57.40,190.00,1,0,0
402,3.316,57.60,229.00,1,0,0
405,3.320,57.70,192.00,1,0,0
407,3.316,57.40,190.00,1,0,0
410,3.320,57.30,190.00,1,0,0
412,3.320,57.30,190.00,1,0,0
415,3.320,57.50,192.00,1,0,0
417,3.284,123.20,424.00,1,0,0
419,3.320,57.60,192.00,1,0,0
422,3.320,57.50,190.00,1,0,0
424,3.320,57.40,190.00,1,0,0
427,3.320,57.30,190.00,1,0,0
429,3.316,57.30,190.00,1,0,0
432,3.320,57.60,205.00,1,0,0
434,3.300,57.60,192.00,1,0,0
437,3.320,118.10,388.00,1,0,0
439,3.320,57.40,190.00,1,0,0
442,3.320,57.40,190.00,1,0,0
444,3.312,57.30,190.00,1,0,0
457,3.292,114.80,375.00,1,0,0
459,3.316,57.30,190.00,1,0,0
462,3.320,57.30,190.00,1,0,0
464,3.308,57.60,192.00,1,0,0
467,3.320,57.70,192.00,1,0,0
469,3.320,57.70,192.00,1,0,0
472,3.320,57.70,192.00,1,0,0
474,3.312,57.30,190.00,1,0,0
477,3.268,140.30,546.00,1,0,0
479,3.300,57.30,190.00,1,0,0
482,3.320,57.50,192.00,1,0,0
484,3.316,58.20,192.00,1,0,0
486,3.320,57.80,192.00,1,0,0
489,3.320,57.40,190.00,1,0,0
491,3.320,57.30,190.00,1,0,0
494,3.308,77.60,190.00,1,0,0
496,3.320,154.30,505.00,1,0,0
499,3.308,57.40,190.00,1,0,0
511,3.320,57.30,190.00,1,0,0
514,3.300,70.30,190.00,1,0,0
516,3.316,135.00,441.00,1,0,0
519,3.320,57.50,192.00,1,0,0
521,3.320,57.50,190.00,1,0,0
524,3.316,57.30,190.00,1,0,0
526,3.320,57.40,190.00,1,0,0
529,3.320,57.30,190.00,1,0,0
531,3.316,57.70,192.00,1,0,0
534,3.316,61.10,203.00,1,0,0
536,3.312,141.10,460.00,1,0,0
539,3.264,64.50,190.00,1,0,0
541,3.320,57.40,190.00,1,0,0
544,3.308,69.60,231.00,1,0,0
546,3.320,57.50,192.00,1,0,0
548,3.320,57.60,192.00,1,0,0
551,3.320,57.70,192.00,1,0,0
553,3.320,74.10,195.00,1,0,0
566,3.316,57.60,192.00,1,0,0
568,3.320,57.70,192.00,1,0,0
571,3.316,57.70,192.00,1,0,0
573,3.316,78.20,190.00,1,0,0
576,3.320,106.00,346.00,1,0,0
578,3.304,57.40,190.00,1,0,0
581,3.320,57.50,190.00,1,0,0
583,3.316,65.40,193.00,1,0,0
586,3.320,57.80,192.00,1,0,0
588,3.320,57.50,190.00,1,0,0
591,3.316,57.40,190.00,1,0,0
593,3.316,77.00,256.00,1,0,0
596,3.320,101.50,333.00,1,0,0
598,3.288,153.80,192.00,1,0,0
601,3.320,57.50,192.00,1,0,0
603,3.320,68.90,229.00,1,0,0
606,3.316,57.30,190.00,1,0,0
608,3.320,57.30,190.00,1,0,0
621,3.320,57.40,190.00,1,0,0
623,3.316,63.40,210.00,1,0,0
626,3.320,57.30,190.00,1,0,0
628,3.320,57.30,190.00,1,0,0
630,3.316,57.60,192.00,1,0,0
633,3.316,66.90,221.00,1,0,0
635,3.320,57.50,447.00,1,0,0
638,3.284,95.90,318.00,1,0,0
640,3.320,57.30,190.00,1,0,0
643,3.320,57.40,190.00,1,0,0
645,3.316,57.50,190.00,1,0,0
648,3.320,57.60,192.00,1,0,0
650,3.316,57.70,192.00,1,0,0
653,3.320,76.10,252.00,1,0,0
655,3.316,57.40,188.00,1,0,0
658,3.284,139.60,329.00,1,0,0
660,3.320,57.30,190.00,1,0,0
663,3.320,59.00,195.00,1,0,0
675,3.312,57.30,187.00,1,0,0
678,3.288,113.00,192.00,1,0,0
680,3.320,57.50,192.00,1,0,0
683,3.320,67.20,223.00,1,0,0
685,3.320,57.70,192.00,1,0,0
688,3.320,57.60,190.00,1,0,0
690,3.320,57.40,190.00,1,0,0
692,3.316,57.30,190.00,1,0,0
695,3.316,57.30,403.00,1,0,0
697,3.284,104.00,344.00,1,0,0
700,3.316,57.40,190.00,1,0,0
702,3.316,57.60,229.00,1,0,0
705,3.316,57.40,190.00,1,0,0
707,3.316,57.30,190.00,1,0,0
710,3.320,57.30,190.00,1,0,0
712,3.320,60.20,198.00,1,0,0
715,3.320,57.30,190.00,1,0,0
717,3.272,85.10,292.00,1,0,0
730,3.320,57.60,192.00,1,0,0
732,3.320,57.60,228.00,1,0,0
735,3.300,57.60,190.00,1,0,0
737,3.268,158.50,523.00,1,0,0
740,3.316,57.40,190.00,1,0,0
742,3.320,57.40,190.00,1,0,0
745,3.316,57.50,190.00,1,0,0
747,3.320,57.70,192.00,1,0,0
750,3.320,57.70,192.00,1,0,0
752,3.320,57.80,192.00,1,0,0
754,3.308,57.40,187.00,1,0,0
757,3.268,115.10,378.00,1,0,0
759,3.320,57.40,190.00,1,0,0
762,3.316,57.40,203.00,1,0,0
764,3.312,57.60,192.00,1,0,0
767,3.320,57.80,192.00,1,0,0
769,3.320,57.70,190.00,1,0,0
772,3.316,57.40,190.00,1,0,0
784,3.320,58.30,192.00,1,0,0
787,3.320,57.40,190.00,1,0,0
789,3.320,57.40,190.00,1,0,0
792,3.320,57.40,190.00,1,0,0
794,3.304,57.40,190.00,1,0,0
797,3.284,116.70,382.00,1,0,0
799,3.320,57.50,190.00,1,0,0
802,3.320,57.50,192.00,1,0,0
804,3.316,57.50,192.00,1,0,0
807,3.316,57.30,190.00,1,0,0
809,3.320,57.30,190.00,1,0,0
812,3.320,57.60,192.00,1,0,0
814,3.300,63.20,190.00,1,0,0
816,3.316,121.40,400.00,1,0,0
819,3.316,57.50,192.00,1,0,0
821,3.320,57.50,190.00,1,0,0
824,3.312,57.30,190.00,1,0,0
826,3.320,57.30,190.00,1,0,0
839,3.272,57.30,190.00,1,0,0
841,3.316,57.40,190.00,1,0,0
844,3.308,57.40,192.00,1,0,0
846,3.320,57.60,192.00,1,0,0
849,3.316,57.60,192.00,1,0,0
851,3.316,57.70,192.00,1,0,0
854,3.316,57.40,190.00,1,0,0
856,3.268,141.80,467.00,1,0,0
859,3.296,57.30,190.00,1,0,0
861,3.316,57.40,190.00,1,0,0
864,3.316,58.20,193.00,1,0,0
866,3.320,57.60,192.00,1,0,0
869,3.320,57.50,192.00,1,0,0
871,3.316,57.40,190.00,1,0,0
874,3.308,77.20,190.00,1,0,0
876,3.316,156.10,510.00,1,0,0
879,3.268,57.50,190.00,1,0,0
881,3.320,57.50,192.00,1,0,0
894,3.300,68.60,228.00,1,0,0
896,3.316,153.90,316.00,1,0,0
899,3.264,57.50,190.00,1,0,0
901,3.320,57.50,190.00,1,0,0
903,3.316,65.40,192.00,1,0,0
906,3.320,57.40,190.00,1,0,0
908,3.316,57.40,190.00,1,0,0
911,3.320,57.60,192.00,1,0,0
913,3.320,61.50,205.00,1,0,0
916,3.312,141.20,460.00,1,0,0
918,3.300,57.50,190.00,1,0,0
921,3.316,57.50,192.00,1,0,0
923,3.312,57.40,190.00,1,0,0
926,3.316,57.40,192.00,1,0,0
928,3.320,57.70,192.00,1,0,0
931,3.316,57.60,192.00,1,0,0
933,3.320,73.80,244.00,1,0,0
936,3.320,57.40,267.00,1,0,0
948,3.320,57.60,192.00,1,0,0
951,3.316,57.70,192.00,1,0,0
953,3.316,78.30,259.00,1,0,0
956,3.316,57.40,513.00,1,0,0
958,3.300,57.30,190.00,1,0,0
961,3.320,57.50,192.00,1,0,0
963,3.316,65.40,193.00,1,0,0
965,3.320,57.60,192.00,1,0,0
968,3.320,57.40,190.00,1,0,0
970,3.316,57.50,190.00,1,0,0
973,3.320,57.30,254.00,1,0,0
975,3.320,105.90,347.00,1,0,0
978,3.264,96.20,318.00,1,0,0
980,3.320,57.50,192.00,1,0,0
983,3.320,68.90,229.00,1,0,0
985,3.316,57.40,190.00,1,0,0
988,3.320,57.40,190.00,1,0,0
990,3.316,57.30,190.00,1,0,0
1003,3.320,62.60,208.00,1,0,0
1005,3.320,57.40,190.00,1,0,0
1008,3.320,57.30,190.00,1,0,0
1010,3.320,57.60,192.00,1,0,0
1013,3.316,67.00,221.00,1,0,0
1015,3.320,57.40,400.00,1,0,0
1018,3.264,64.20,213.00,1,0,0
1020,3.320,57.50,192.00,1,0,0
1023,3.320,57.40,190.00,1,0,0
1025,3.316,57.40,192.00,1,0,0
1028,3.320,57.60,192.00,1,0,0
1030,3.316,57.60,192.00,1,0,0
1032,3.320,57.70,252.00,1,0,0
1035,3.308,57.40,188.00,1,0,0
1037,3.284,154.00,506.00,1,0,0
1040,3.320,57.40,190.00,1,0,0
1053,3.316,57.40,259.00,1,0,0
1055,3.316,67.60,221.00,1,0,0
1057,3.272,158.30,524.00,1,0,0
1060,3.320,57.50,192.00,1,0,0
1062,3.320,67.40,223.00,1,0,0
1065,3.316,57.60,192.00,1,0,0
1067,3.320,57.50,190.00,1,0,0
1070,3.316,57.50,192.00,1,0,0
1072,3.320,57.40,190.00,1,0,0
1075,3.320,57.40,405.00,1,0,0
1077,3.284,135.50,449.00,1,0,0
1080,3.320,57.40,190.00,1,0,0
1082,3.320,57.40,229.00,1,0,0
1085,3.320,57.40,192.00,1,0,0
1087,3.320,57.50,192.00,1,0,0
1090,3.316,57.40,190.00,1,0,0
1102,3.320,57.50,190.00,1,0,0
1105,3.320,57.40,190.00,1,0,0
1107,3.320,57.40,190.00,1,0,0
1110,3.320,57.60,192.00,1,0,0
1112,3.320,57.60,229.00,1,0,0
1115,3.304,57.50,190.00,1,0,0
1117,3.272,114.90,375.00,1,0,0
1120,3.320,57.40,190.00,1,0,0
1122,3.316,57.50,190.00,1,0,0
1124,3.316,57.60,192.00,1,0,0
1127,3.320,57.70,192.00,1,0,0
1129,3.316,57.70,192.00,1,0,0
1132,3.320,57.60,192.00,1,0,0
1134,3.308,57.40,187.00,1,0,0
1137,3.268,155.20,511.00,1,0,0
1139,3.292,57.30,190.00,1,0,0
1152,3.320,57.50,190.00,1,0,0
1154,3.316,57.40,190.00,1,0,0
1157,3.276,158.40,279.00,1,0,0
1159,3.296,57.50,192.00,1,0,0
1162,3.320,57.40,190.00,1,0,0
1164,3.320,58.20,192.00,1,0,0
1167,3.316,57.50,190.00,1,0,0
1169,3.320,57.50,190.00,1,0,0
1172,3.316,57.40,190.00,1,0,0
1174,3.304,57.50,192.00,1,0,0
1177,3.304,168.20,554.00,1,0,0
1179,3.320,57.50,190.00,1,0,0
1182,3.320,57.50,192.00,1,0,0
1184,3.316,57.40,190.00,1,0,0
1187,3.320,57.50,192.00,1,0,0
1189,3.320,57.40,190.00,1,0,0
1202,3.320,57.50,190.00,1,0,0
1204,3.312,57.40,190.00,1,0,0
1207,3.320,57.40,190.00,1,0,0
1209,3.320,57.70,192.00,1,0,0
1212,3.320,57.60,192.00,1,0,0
1214,3.304,57.40,190.00,1,0,0
1217,3.292,117.60,518.00,1,0,0
1219,3.292,57.40,190.00,1,0,0
1222,3.316,57.40,190.00,1,0,0
1224,3.308,57.50,192.00,1,0,0
1226,3.316,57.60,192.00,1,0,0
1229,3.320,57.60,192.00,1,0,0
1231,3.316,57.70,190.00,1,0,0
1234,3.316,57.40,190.00,1,0,0
1236,3.268,90.60,295.00,1,0,0
1239,3.292,57.40,190.00,1,0,0
1251,3.316,57.40,190.00,1,0,0
1254,3.312,77.80,190.00,1,0,0
1256,3.320,153.20,503.00,1,0,0
1259,3.312,57.50,192.00,1,0,0
1261,3.316,57.50,190.00,1,0,0
1264,3.316,58.20,193.00,1,0,0
1266,3.320,57.30,190.00,1,0,0
1269,3.320,57.50,190.00,1,0,0
1271,3.320,57.40,190.00,1,0,0
1274,3.304,69.90,231.00,1,0,0
1276,3.316,152.40,377.00,1,0,0
1279,3.276,57.40,190.00,1,0,0
1281,3.316,57.40,190.00,1,0,0
1284,3.316,65.10,192.00,1,0,0
1286,3.320,57.50,192.00,1,0,0
1288,3.320,57.40,190.00,1,0,0
1301,3.320,57.50,192.00,1,0,0
1304,3.308,57.60,190.00,1,0,0
1306,3.316,57.60,192.00,1,0,0
1309,3.320,57.70,192.00,1,0,0
1311,3.320,57.60,192.00,1,0,0
1313,3.320,74.10,192.00,1,0,0
1316,3.320,118.00,388.00,1,0,0
1318,3.312,57.40,190.00,1,0,0
1321,3.320,57.50,190.00,1,0,0
1323,3.320,58.00,193.00,1,0,0
1326,3.316,57.60,192.00,1,0,0
1328,3.320,59.40,192.00,1,0,0
1331,3.320,57.50,190.00,1,0,0
1333,3.316,78.10,259.00,1,0,0
1336,3.320,58.40,528.00,1,0,0
1338,3.284,57.50,192.00,1,0,0
1351,3.320,57.50,192.00,1,0,0
1353,3.308,76.10,252.00,1,0,0
1356,3.320,95.90,439.00,1,0,0
1358,3.284,57.50,190.00,1,0,0
1361,3.316,57.60,192.00,1,0,0
1363,3.320,68.80,193.00,1,0,0
1366,3.316,57.40,190.00,1,0,0
1368,3.320,57.50,192.00,1,0,0
1371,3.320,57.50,190.00,1,0,0
1373,3.316,58.30,223.00,1,0,0
1376,3.316,154.20,505.00,1,0,0
1378,3.260,89.80,298.00,1,0,0
1381,3.320,57.50,190.00,1,0,0
1383,3.320,63.00,210.00,1,0,0
1385,3.320,57.40,190.00,1,0,0
1388,3.320,57.40,192.00,1,0,0
1405,3.316,57.60,192.00,1,0,0
1408,3.316,57.70,192.00,1,0,0
1410,3.316,57.60,192.00,1,0,0
1413,3.320,76.50,252.00,1,0,0
1415,3.316,57.30,187.00,1,0,0
1418,3.260,115.30,192.00,1,0,0
1420,3.316,57.50,192.00,1,0,0
1422,3.320,59.50,197.00,1,0,0
1425,3.316,57.70,192.00,1,0,0
1427,3.320,57.60,192.00,1,0,0
1430,3.316,57.60,192.00,1,0,0
1432,3.320,57.30,256.00,1,0,0
1435,3.312,57.40,192.00,1,0,0
1437,3.268,166.50,552.00,1,0,0
1440,3.320,57.40,190.00,1,0,0
1442,3.320,57.40,224.00,1,0,0
1455,3.320,57.50,411.00,1,0,0
1457,3.284,107.30,356.00,1,0,0
1460,3.316,57.40,190.00,1,0,0
1462,3.320,57.50,228.00,1,0,0
1465,3.316,57.40,190.00,1,0,0
1467,3.320,57.40,190.00,1,0,0
1470,3.320,57.50,190.00,1,0,0
1472,3.316,60.60,200.00,1,0,0
1475,3.320,57.40,190.00,1,0,0
1477,3.288,159.70,267.00,1,0,0
1480,3.320,57.30,190.00,1,0,0
1482,3.320,57.30,190.00,1,0,0
1485,3.316,57.40,190.00,1,0,0
1487,3.320,57.50,192.00,1,0,0
1490,3.320,57.70,192.00,1,0,0
1492,3.320,57.60,192.00,1,0,0
1505,3.320,57.70,192.00,1,0,0
1507,3.320,57.60,192.00,1,0,0
1510,3.320,57.60,192.00,1,0,0
1512,3.320,57.60,192.00,1,0,0
1514,3.308,57.30,187.00,1,0,0
1517,3.268,136.10,447.00,1,0,0
1519,3.320,57.40,190.00,1,0,0
1522,3.320,57.40,205.00,1,0,0
1524,3.312,57.70,192.00,1,0,0
1527,3.316,57.60,192.00,1,0,0
1529,3.320,57.50,190.00,1,0,0
1532,3.320,57.30,190.00,1,0,0
1534,3.316,57.40,190.00,1,0,0
1537,3.276,119.10,521.00,1,0,0
1539,3.312,57.40,190.00,1,0,0
1542,3.320,57.50,192.00,1,0,0
1554,3.304,57.50,192.00,1,0,0
1557,3.284,144.30,470.00,1,0,0
1559,3.316,57.40,190.00,1,0,0
1562,3.320,57.40,190.00,1,0,0
1564,3.316,57.30,190.00,1,0,0
1567,3.316,57.40,190.00,1,0,0
1569,3.320,57.50,192.00,1,0,0
1572,3.320,57.60,192.00,1,0,0
1574,3.300,63.00,190.00,1,0,0
1577,3.320,122.00,401.00,1,0,0
1579,3.316,57.30,190.00,1,0,0
1582,3.316,57.30,190.00,1,0,0
1584,3.308,57.40,190.00,1,0,0
1586,3.316,57.40,190.00,1,0,0
1589,3.320,57.70,192.00,1,0,0
1591,3.320,57.60,192.00,1,0,0
1604,3.308,57.90,192.00,1,0,0
1606,3.320,57.60,192.00,1,0,0
1609,3.320,57.60,192.00,1,0,0
1611,3.320,57.60,190.00,1,0,0
1614,3.316,57.40,190.00,1,0,0
1616,3.268,141.30,467.00,1,0,0
1619,3.300,57.50,190.00,1,0,0
1621,3.320,57.60,192.00,1,0,0
1624,3.316,58.20,193.00,1,0,0
1626,3.316,57.70,192.00,1,0,0
1629,3.320,57.40,190.00,1,0,0
1631,3.316,57.40,190.00,1,0,0
1634,3.308,76.70,190.00,1,0,0
1636,3.320,156.40,511.00,1,0,0
1639,3.304,57.60,192.00,1,0,0
1641,3.316,57.50,190.00,1,0,0
1654,3.304,69.00,229.00,1,0,0
1656,3.316,153.90,377.00,1,0,0
1659,3.276,57.50,192.00,1,0,0
1661,3.320,57.50,190.00,1,0,0
1664,3.316,64.10,190.00,1,0,0
1666,3.320,57.40,190.00,1,0,0
1669,3.316,57.40,190.00,1,0,0
1671,3.316,57.80,192.00,1,0,0
1673,3.320,59.80,198.00,1,0,0
1676,3.304,131.00,428.00,1,0,0
1678,3.264,64.20,190.00,1,0,0
1681,3.316,57.30,190.00,1,0,0
1683,3.312,57.40,190.00,1,0,0
1686,3.316,57.50,192.00,1,0,0
1688,3.320,57.70,192.00,1,0,0
1691,3.320,57.60,192.00,1,0,0
1703,3.308,58.30,193.00,1,0,0
1706,3.320,57.60,192.00,1,0,0
1708,3.320,57.70,192.00,1,0,0
1711,3.316,57.50,190.00,1,0,0
1713,3.316,77.10,256.00,1,0,0
1716,3.320,57.40,347.00,1,0,0
1718,3.264,57.50,192.00,1,0,0
1721,3.320,57.60,192.00,1,0,0
1723,3.320,65.90,193.00,1,0,0
1726,3.320,57.70,192.00,1,0,0
1728,3.320,57.40,190.00,1,0,0
1731,3.320,57.30,190.00,1,0,0
1733,3.320,75.60,251.00,1,0,0
1736,3.320,113.80,374.00,1,0,0
1738,3.288,144.20,192.00,1,0,0
1741,3.320,57.50,190.00,1,0,0
1753,3.320,66.50,221.00,1,0,0
1756,3.320,154.20,505.00,1,0,0
1758,3.284,100.90,192.00,1,0,0
1761,3.320,57.40,190.00,1,0,0
1763,3.316,62.20,206.00,1,0,0
1766,3.316,57.30,190.00,1,0,0
1768,3.316,57.50,190.00,1,0,0
1770,3.316,57.80,192.00,1,0,0
1773,3.320,67.60,223.00,1,0,0
1775,3.320,57.50,423.00,1,0,0
1778,3.284,64.30,213.00,1,0,0
1780,3.320,57.30,190.00,1,0,0
1783,3.316,57.40,192.00,1,0,0
1785,3.320,57.70,192.00,1,0,0
1788,3.320,57.80,192.00,1,0,0
1790,3.320,57.70,192.00,1,0,0
1803,3.316,60.00,193.00,1,0,0
1805,3.316,57.80,192.00,1,0,0
1808,3.316,57.70,192.00,1,0,0
1810,3.320,57.50,190.00,1,0,0
1813,3.316,78.20,259.00,1,0,0
1815,3.316,71.00,233.00,1,0,0
1818,3.276,86.70,287.00,1,0,0
1820,3.316,57.50,192.00,1,0,0
1823,3.320,68.00,226.00,1,0,0
1825,3.316,57.60,192.00,1,0,0
1828,3.320,57.40,190.00,1,0,0
1830,3.316,57.30,190.00,1,0,0
1833,3.320,57.40,190.00,1,0,0
1835,3.320,57.40,439.00,1,0,0
1837,3.284,63.20,210.00,1,0,0
1840,3.316,57.40,190.00,1,0,0
1853,3.316,60.90,202.00,1,0,0
1855,3.320,57.50,501.00,1,0,0
1858,3.264,71.50,238.00,1,0,0
1860,3.316,57.30,190.00,1,0,0
1862,3.320,57.40,200.00,1,0,0
1865,3.316,57.40,190.00,1,0,0
1867,3.316,57.50,192.00,1,0,0
1870,3.320,57.80,192.00,1,0,0
1872,3.320,70.00,231.00,1,0,0
1875,3.300,57.50,190.00,1,0,0
1877,3.272,157.80,523.00,1,0,0
1880,3.316,57.40,190.00,1,0,0
1882,3.320,57.30,190.00,1,0,0
1885,3.316,57.60,192.00,1,0,0
1887,3.316,57.80,192.00,1,0,0
1890,3.320,57.70,192.00,1,0,0
1902,3.320,62.10,206.00,1,0,0
1905,3.316,57.80,192.00,1,0,0
1907,3.316,57.60,192.00,1,0,0
1910,3.316,57.40,190.00,1,0,0
1912,3.316,57.40,190.00,1,0,0
1915,3.316,57.30,272.00,1,0,0
1917,3.280,74.50,247.00,1,0,0
1920,3.320,57.50,192.00,1,0,0
1922,3.320,57.60,228.00,1,0,0
1925,3.316,57.60,192.00,1,0,0
1927,3.320,57.40,190.00,1,0,0
1930,3.316,57.40,190.00,1,0,0
1932,3.316,57.30,190.00,1,0,0
1934,3.304,57.50,192.00,1,0,0
1937,3.284,115.60,378.00,1,0,0
1939,3.316,57.50,192.00,1,0,0
1952,3.320,57.80,208.00,1,0,0
1954,3.300,57.50,190.00,1,0,0
1957,3.288,157.90,516.00,1,0,0
1959,3.320,57.40,190.00,1,0,0
1962,3.316,57.30,190.00,1,0,0
1964,3.316,57.30,190.00,1,0,0
1967,3.320,57.40,192.00,1,0,0
1969,3.316,57.80,192.00,1,0,0
1972,3.320,57.70,192.00,1,0,0
1974,3.304,57.50,188.00,1,0,0
1977,3.284,119.30,392.00,1,0,0
1979,3.320,57.30,190.00,1,0,0
1982,3.320,57.40,190.00,1,0,0
1984,3.308,57.70,192.00,1,0,0
1987,3.320,57.80,192.00,1,0,0
1989,3.320,57.70,192.00,1,0,0
2002,3.320,57.50,190.00,1,0,0
2004,3.316,58.30,192.00,1,0,0
2007,3.320,57.60,192.00,1,0,0
2009,3.320,57.30,190.00,1,0,0
2012,3.320,57.30,190.00,1,0,0
2014,3.308,57.30,190.00,1,0,0
2017,3.284,145.50,475.00,1,0,0
2019,3.320,57.50,192.00,1,0,0
2021,3.320,57.50,190.00,1,0,0
2024,3.320,58.20,193.00,1,0,0
2026,3.320,57.30,190.00,1,0,0
2029,3.320,57.30,190.00,1,0,0
2031,3.320,57.30,190.00,1,0,0
2034,3.304,68.90,192.00,1,0,0
2036,3.320,101.10,329.00,1,0,0
2039,3.264,57.50,190.00,1,0,0
2051,3.320,57.80,192.00,1,0,0
2054,3.300,59.80,198.00,1,0,0
2056,3.308,131.60,472.00,1,0,0
2059,3.304,57.30,190.00,1,0,0
2061,3.320,57.20,190.00,1,0,0
2064,3.308,57.40,190.00,1,0,0
2066,3.320,57.70,192.00,1,0,0
2069,3.320,57.70,192.00,1,0,0
2071,3.320,57.70,192.00,1,0,0
2074,3.320,57.40,190.00,1,0,0
2076,3.272,81.70,265.00,1,0,0
2079,3.284,57.40,190.00,1,0,0
2081,3.320,57.40,190.00,1,0,0
2084,3.308,58.30,193.00,1,0,0
2086,3.320,57.80,192.00,1,0,0
2088,3.320,57.70,192.00,1,0,0
2101,3.320,57.50,192.00,1,0,0
2104,3.316,58.30,193.00,1,0,0
2106,3.316,57.60,192.00,1,0,0
2109,3.316,57.40,190.00,1,0,0
2111,3.316,57.30,190.00,1,0,0
2113,3.308,74.50,247.00,1,0,0
2116,3.320,118.10,437.00,1,0,0
2118,3.264,57.60,192.00,1,0,0
2121,3.316,57.50,190.00,1,0,0
2123,3.320,68.30,192.00,1,0,0
2126,3.320,57.40,190.00,1,0,0
2128,3.316,57.40,190.00,1,0,0
2131,3.320,57.30,190.00,1,0,0
2133,3.316,65.70,218.00,1,0,0
2136,3.316,154.40,508.00,1,0,0
2138,3.276,81.60,190.00,1,0,0
2151,3.320,57.70,192.00,1,0,0
2153,3.320,67.90,193.00,1,0,0
2156,3.320,120.90,395.00,1,0,0
2158,3.264,64.10,213.00,1,0,0
2161,3.320,57.30,190.00,1,0,0
2163,3.320,57.40,190.00,1,0,0
2166,3.320,57.60,192.00,1,0,0
2168,3.320,57.60,192.00,1,0,0
2171,3.320,57.70,192.00,1,0,0
2173,3.316,76.80,254.00,1,0,0
2176,3.320,57.30,415.00,1,0,0
2178,3.288,57.30,190.00,1,0,0
2181,3.316,57.40,190.00,1,0,0
2183,3.320,60.20,193.00,1,0,0
2185,3.320,57.80,192.00,1,0,0
2188,3.316,57.80,192.00,1,0,0
2201,3.320,57.40,190.00,1,0,0
2203,3.320,68.20,193.00,1,0,0
2206,3.320,57.70,192.00,1,0,0
2208,3.320,57.30,190.00,1,0,0
2210,3.320,57.30,190.00,1,0,0
2213,3.320,57.30,241.00,1,0,0
2215,3.320,121.60,400.00,1,0,0
2218,3.268,66.80,221.00,1,0,0
2220,3.320,57.60,192.00,1,0,0
2223,3.320,68.00,226.00,1,0,0
2225,3.320,57.30,190.00,1,0,0
2228,3.316,57.30,190.00,1,0,0
2230,3.320,57.30,190.00,1,0,0
2233,3.320,61.00,202.00,1,0,0
2235,3.320,57.50,492.00,1,0,0
2238,3.264,100.70,334.00,1,0,0
2250,3.320,57.60,192.00,1,0,0
2253,3.320,70.10,231.00,1,0,0
2255,3.320,57.50,349.00,1,0,0
2258,3.268,60.80,202.00,1,0,0
2260,3.320,57.40,190.00,1,0,0
2263,3.320,57.30,190.00,1,0,0
2265,3.320,57.60,192.00,1,0,0
2268,3.320,57.70,192.00,1,0,0
2270,3.320,57.80,192.00,1,0,0
2272,3.316,57.70,257.00,1,0,0
2275,3.308,57.30,187.00,1,0,0
2277,3.300,163.60,539.00,1,0,0
2280,3.320,57.40,190.00,1,0,0
2282,3.320,62.10,206.00,1,0,0
2285,3.316,57.70,192.00,1,0,0
2287,3.320,57.80,192.00,1,0,0
2300,3.320,57.50,190.00,1,0,0
2302,3.316,69.00,229.00,1,0,0
2305,3.316,57.80,192.00,1,0,0
2307,3.320,57.40,190.00,1,0,0
2310,3.320,57.40,190.00,1,0,0
2312,3.320,57.30,188.00,1,0,0
2315,3.320,57.40,475.00,1,0,0
2317,3.300,116.40,387.00,1,0,0
2320,3.320,57.60,192.00,1,0,0
2322,3.320,57.50,190.00,1,0,0
2325,3.320,57.40,190.00,1,0,0
2327,3.320,57.30,190.00,1,0,0
2330,3.320,57.40,190.00,1,0,0
2332,3.316,57.60,208.00,1,0,0
2335,3.300,57.60,192.00,1,0,0
2337,3.264,124.60,410.00,1,0,0
2350,3.320,57.70,192.00,1,0,0
2352,3.320,57.70,241.00,1,0,0
2355,3.304,57.50,188.00,1,0,0
2357,3.264,114.80,375.00,1,0,0
2360,3.320,57.30,190.00,1,0,0
2362,3.320,57.30,190.00,1,0,0
2365,3.316,57.60,192.00,1,0,0
2367,3.320,57.60,192.00,1,0,0
2370,3.320,57.80,192.00,1,0,0
2372,3.316,57.40,190.00,1,0,0
2374,3.312,57.30,187.00,1,0,0
2377,3.268,141.10,467.00,1,0,0
2379,3.304,57.30,190.00,1,0,0
2382,3.316,57.40,190.00,1,0,0
2384,3.316,58.20,192.00,1,0,0
2387,3.320,57.80,192.00,1,0,0
2399,3.280,57.50,192.00,1,0,0
2402,3.320,57.60,192.00,1,0,0
2404,3.320,58.30,192.00,1,0,0
2407,3.320,57.40,190.00,1,0,0
2409,3.320,57.40,190.00,1,0,0
2412,3.316,57.30,190.00,1,0,0
2414,3.300,57.40,190.00,1,0,0
2417,3.284,113.40,370.00,1,0,0
2419,3.320,57.60,192.00,1,0,0
2422,3.320,57.40,190.00,1,0,0
2424,3.316,57.30,190.00,1,0,0
2427,3.320,57.30,190.00,1,0,0
2429,3.320,57.40,192.00,1,0,0
2432,3.320,57.60,192.00,1,0,0
2434,3.304,62.70,208.00,1,0,0
2436,3.316,146.70,501.00,1,0,0
2449,3.320,57.60,192.00,1,0,0
2452,3.320,57.80,192.00,1,0,0
2454,3.304,57.60,192.00,1,0,0
2457,3.280,118.00,421.00,1,0,0
2459,3.280,57.30,190.00,1,0,0
2461,3.316,57.30,190.00,1,0,0
2464,3.308,58.20,192.00,1,0,0
2466,3.320,57.70,192.00,1,0,0
2469,3.320,57.70,192.00,1,0,0
2471,3.320,57.50,190.00,1,0,0
2474,3.316,57.30,190.00,1,0,0
2476,3.268,160.50,528.00,1,0,0
2479,3.292,57.40,190.00,1,0,0
2481,3.316,57.40,190.00,1,0,0
2484,3.320,58.20,193.00,1,0,0
2486,3.320,57.70,192.00,1,0,0
2499,3.280,99.60,331.00,1,0,0
2501,3.320,57.50,192.00,1,0,0
2504,3.320,57.80,192.00,1,0,0
2506,3.320,57.30,190.00,1,0,0
2509,3.320,57.30,190.00,1,0,0
2511,3.320,57.30,190.00,1,0,0
2514,3.304,67.10,223.00,1,0,0
2516,3.320,154.00,534.00,1,0,0
2519,3.296,57.60,192.00,1,0,0
2521,3.320,57.50,190.00,1,0,0
2524,3.312,62.00,190.00,1,0,0
2526,3.320,57.20,190.00,1,0,0
2529,3.320,57.50,192.00,1,0,0
2531,3.320,57.50,192.00,1,0,0
2533,3.320,58.30,193.00,1,0,0
2536,3.300,121.40,398.00,1,0,0
2549,3.320,57.60,192.00,1,0,0
2551,3.320,57.70,192.00,1,0,0
2553,3.320,77.60,190.00,1,0,0
2556,3.320,91.80,300.00,1,0,0
2558,3.276,59.70,198.00,1,0,0
2561,3.320,57.30,190.00,1,0,0
2563,3.320,58.20,193.00,1,0,0
2566,3.320,57.70,192.00,1,0,0
2568,3.320,57.70,192.00,1,0,0
2571,3.316,57.50,192.00,1,0,0
2573,3.312,78.20,259.00,1,0,0
2576,3.320,68.50,524.00,1,0,0
2578,3.280,57.40,190.00,1,0,0
2581,3.320,57.50,192.00,1,0,0
2583,3.320,68.00,193.00,1,0,0
2586,3.320,57.80,192.00,1,0,0
2598,3.288,126.40,192.00,1,0,0
2601,3.320,57.50,192.00,1,0,0
2603,3.320,68.50,228.00,1,0,0
2606,3.320,57.40,190.00,1,0,0
2608,3.320,57.40,190.00,1,0,0
2611,3.320,57.30,190.00,1,0,0
2613,3.320,61.20,213.00,1,0,0
2616,3.320,153.50,505.00,1,0,0
2618,3.268,71.30,236.00,1,0,0
2621,3.320,57.40,190.00,1,0,0
2623,3.320,60.20,200.00,1,0,0
2625,3.316,57.40,190.00,1,0,0
2628,3.320,57.40,192.00,1,0,0
2630,3.320,57.70,192.00,1,0,0
2633,3.320,70.30,233.00,1,0,0
2635,3.320,57.60,401.00,1,0,0
2648,3.320,57.70,192.00,1,0,0
2650,3.320,57.70,192.00,1,0,0
2653,3.320,78.00,259.00,1,0,0
2655,3.316,57.40,187.00,1,0,0
2658,3.264,134.00,329.00,1,0,0
2660,3.320,57.30,190.00,1,0,0
2663,3.320,62.40,206.00,1,0,0
2665,3.320,57.50,192.00,1,0,0
2668,3.320,57.70,192.00,1,0,0
2670,3.320,57.40,190.00,1,0,0
2673,3.316,57.40,257.00,1,0,0
2675,3.316,86.60,285.00,1,0,0
2678,3.284,102.60,341.00,1,0,0
2680,3.320,57.40,192.00,1,0,0
2683,3.320,68.10,226.00,1,0,0
2685,3.316,57.60,192.00,1,0,0
2698,3.272,116.70,387.00,1,0,0
2700,3.316,57.50,190.00,1,0,0
2703,3.316,66.10,220.00,1,0,0
2705,3.316,57.40,190.00,1,0,0
2708,3.320,57.40,190.00,1,0,0
2710,3.316,57.30,192.00,1,0,0
2712,3.320,63.30,208.00,1,0,0
2715,3.320,57.40,190.00,1,0,0
2717,3.288,149.20,236.00,1,0,0
2720,3.320,57.40,190.00,1,0,0
2722,3.320,57.40,190.00,1,0,0
2725,3.320,57.30,190.00,1,0,0
2727,3.320,57.40,190.00,1,0,0
2730,3.320,57.50,192.00,1,0,0
2732,3.316,57.60,241.00,1,0,0
2735,3.304,57.50,188.00,1,0,0
2747,3.320,57.70,192.00,1,0,0
2750,3.320,57.70,192.00,1,0,0
2752,3.320,57.40,259.00,1,0,0
2755,3.312,57.40,187.00,1,0,0
2757,3.268,166.20,549.00,1,0,0
2760,3.320,57.30,190.00,1,0,0
2762,3.320,57.40,215.00,1,0,0
2765,3.316,57.60,192.00,1,0,0
2767,3.320,57.70,192.00,1,0,0
2770,3.320,57.40,190.00,1,0,0
2772,3.320,57.30,190.00,1,0,0
2775,3.316,57.20,190.00,1,0,0
2777,3.280,156.60,272.00,1,0,0
2779,3.300,57.40,190.00,1,0,0
2782,3.320,57.50,192.00,1,0,0
2784,3.320,58.20,192.00,1,0,0
2797,3.280,115.10,198.00,1,0,0
2800,3.320,57.40,190.00,1,0,0
2802,3.320,57.50,190.00,1,0,0
2804,3.316,57.50,190.00,1,0,0
2807,3.320,57.40,190.00,1,0,0
2809,3.316,57.60,192.00,1,0,0
2812,3.320,57.60,192.00,1,0,0
2814,3.304,60.60,190.00,1,0,0
2817,3.308,103.40,338.00,1,0,0
2819,3.320,57.40,190.00,1,0,0
2822,3.320,57.40,190.00,1,0,0
2824,3.308,57.30,190.00,1,0,0
2827,3.316,57.60,192.00,1,0,0
2829,3.316,57.60,192.00,1,0,0
2832,3.320,57.60,192.00,1,0,0
2834,3.304,57.40,190.00,1,0,0
2847,3.316,57.70,192.00,1,0,0
2849,3.320,57.60,192.00,1,0,0
2852,3.316,57.40,190.00,1,0,0
2854,3.312,57.40,190.00,1,0,0
2857,3.268,106.30,516.00,1,0,0
2859,3.312,57.40,190.00,1,0,0
2862,3.320,57.50,192.00,1,0,0
2864,3.316,58.30,193.00,1,0,0
2866,3.320,57.70,192.00,1,0,0
2869,3.320,57.50,192.00,1,0,0
2871,3.316,57.40,190.00,1,0,0
2874,3.308,75.50,190.00,1,0,0
2876,3.316,136.30,449.00,1,0,0
2879,3.316,57.50,192.00,1,0,0
2881,3.320,57.40,192.00,1,0,0
2884,3.320,57.60,192.00,1,0,0
2896,3.320,115.30,378.00,1,0,0
2899,3.320,57.40,190.00,1,0,0
2901,3.320,57.40,190.00,1,0,0
2904,3.316,57.40,190.00,1,0,0
2906,3.320,57.30,190.00,1,0,0
2909,3.316,57.50,192.00,1,0,0
2911,3.316,57.60,192.00,1,0,0
2914,3.300,57.80,192.00,1,0,0
2916,3.296,120.40,401.00,1,0,0
2919,3.264,57.40,190.00,1,0,0
2921,3.320,57.50,192.00,1,0,0
2924,3.308,57.30,190.00,1,0,0
2926,3.320,57.60,192.00,1,0,0
2929,3.320,57.60,192.00,1,0,0
2931,3.316,57.70,192.00,1,0,0
2934,3.320,77.30,192.00,1,0,0
2946,3.320,57.70,192.00,1,0,0
2949,3.320,57.60,192.00,1,0,0
2951,3.316,57.50,192.00,1,0,0
2954,3.312,76.60,190.00,1,0,0
2956,3.320,160.30,526.00,1,0,0
2958,3.292,57.60,192.00,1,0,0
2961,3.320,57.50,190.00,1,0,0
2963,3.316,58.20,193.00,1,0,0
2966,3.320,57.70,192.00,1,0,0
2968,3.320,57.50,190.00,1,0,0
2971,3.320,57.40,190.00,1,0,0
2973,3.320,72.60,241.00,1,0,0
2976,3.320,133.50,441.00,1,0,0
2978,3.284,126.40,190.00,1,0,0
2981,3.316,57.40,190.00,1,0,0
2993,3.320,64.60,215.00,1,0,0
2996,3.316,154.10,503.00,1,0,0
2998,3.260,72.30,192.00,1,0,0
3001,3.320,57.50,190.00,1,0,0
3003,3.312,60.10,200.00,1,0,0
3006,3.320,57.40,190.00,1,0,0
3008,3.316,57.60,192.00,1,0,0
3011,3.320,57.70,192.00,1,0,0
3013,3.320,70.50,190.00,1,0,0
3016,3.316,117.50,385.00,1,0,0
3018,3.272,65.80,218.00,1,0,0
3021,3.320,57.50,190.00,1,0,0
3023,3.316,57.50,190.00,1,0,0
3025,3.316,57.60,192.00,1,0,0
3028,3.320,57.60,192.00,1,0,0
3030,3.316,57.60,192.00,1,0,0
3043,3.316,62.50,193.00,1,0,0
3045,3.316,57.60,192.00,1,0,0
3048,3.316,57.70,192.00,1,0,0
3050,3.316,57.40,190.00,1,0,0
3053,3.320,77.70,257.00,1,0,0
3055,3.320,95.40,313.00,1,0,0
3058,3.288,157.30,190.00,1,0,0
3060,3.320,57.50,192.00,1,0,0
3063,3.316,68.90,228.00,1,0,0
3065,3.320,57.70,190.00,1,0,0
3068,3.320,57.50,190.00,1,0,0
3070,3.320,57.50,192.00,1,0,0
3073,3.316,57.40,190.00,1,0,0
3075,3.316,57.40,477.00,1,0,0
3078,3.284,60.70,202.00,1,0,0
3080,3.316,57.40,190.00,1,0,0
3093,3.320,63.60,210.00,1,0,0
3095,3.320,57.40,506.00,1,0,0
3098,3.288,76.60,254.00,1,0,0
3100,3.320,57.30,190.00,1,0,0
3103,3.316,57.50,192.00,1,0,0
3105,3.316,57.40,190.00,1,0,0
3108,3.316,57.60,192.00,1,0,0
3110,3.320,57.60,192.00,1,0,0
3113,3.316,73.10,241.00,1,0,0
3115,3.320,57.30,188.00,1,0,0
3117,3.276,121.80,197.00,1,0,0
3120,3.316,57.50,192.00,1,0,0
3122,3.320,57.40,190.00,1,0,0
3125,3.316,57.80,192.00,1,0,0
3127,3.320,57.70,192.00,1,0,0
3130,3.316,57.70,192.00,1,0,0
3143,3.320,64.80,215.00,1,0,0
3145,3.320,57.70,192.00,1,0,0
3147,3.320,57.70,192.00,1,0,0
3150,3.320,57.40,190.00,1,0,0
3152,3.320,57.40,190.00,1,0,0
3155,3.316,57.40,292.00,1,0,0
3157,3.280,68.40,226.00,1,0,0
3160,3.320,57.40,190.00,1,0,0
3162,3.320,57.50,226.00,1,0,0
3165,3.316,57.40,190.00,1,0,0
3167,3.320,57.40,190.00,1,0,0
3170,3.320,57.40,192.00,1,0,0
3172,3.320,57.50,190.00,1,0,0
3175,3.316,57.40,190.00,1,0,0
3177,3.276,90.20,308.00,1,0,0
3180,3.320,57.50,190.00,1,0,0
3192,3.320,57.70,220.00,1,0,0
3195,3.304,57.50,190.00,1,0,0
3197,3.264,135.70,447.00,1,0,0
3200,3.316,57.40,190.00,1,0,0
3202,3.316,57.50,190.00,1,0,0
3205,3.316,57.40,190.00,1,0,0
3207,3.320,57.60,192.00,1,0,0
3210,3.320,57.60,192.00,1,0,0
3212,3.320,57.70,192.00,1,0,0
3214,3.308,57.30,188.00,1,0,0
3217,3.272,150.00,498.00,1,0,0
3219,3.316,57.40,190.00,1,0,0
3222,3.320,57.50,193.00,1,0,0
3224,3.312,57.70,192.00,1,0,0
3227,3.320,57.70,192.00,1,0,0
3229,3.316,57.70,192.00,1,0,0
3242,3.320,57.50,221.00,1,0,0
3244,3.316,57.70,192.00,1,0,0
3247,3.316,57.60,192.00,1,0,0
3249,3.320,57.40,190.00,1,0,0
3252,3.320,57.50,190.00,1,0,0
3254,3.304,57.50,192.00,1,0,0
3257,3.284,131.80,431.00,1,0,0
3259,3.316,57.50,190.00,1,0,0
3262,3.320,57.40,190.00,1,0,0
3264,3.316,57.50,192.00,1,0,0
3267,3.320,57.30,190.00,1,0,0
3269,3.316,57.40,190.00,1,0,0
3272,3.320,57.40,190.00,1,0,0
3274,3.300,66.40,190.00,1,0,0
3277,3.316,115.30,378.00,1,0,0
3279,3.320,57.40,190.00,1,0,0
3292,3.316,57.60,192.00,1,0,0
3294,3.304,57.50,188.00,1,0,0
3297,3.292,106.00,346.00,1,0,0
3299,3.320,57.40,190.00,1,0,0
3302,3.320,57.50,190.00,1,0,0
3304,3.308,57.50,192.00,1,0,0
3307,3.320,57.70,192.00,1,0,0
3309,3.320,57.70,192.00,1,0,0
3311,3.320,57.60,192.00,1,0,0
3314,3.316,57.40,190.00,1,0,0
3316,3.272,118.20,388.00,1,0,0
3319,3.288,57.60,190.00,1,0,0
3321,3.320,57.50,192.00,1,0,0
3324,3.312,58.10,193.00,1,0,0
3326,3.316,57.60,192.00,1,0,0
3329,3.320,57.70,192.00,1,0,0
3341,3.320,57.50,192.00,1,0,0
3344,3.316,58.20,193.00,1,0,0
3346,3.316,57.70,190.00,1,0,0
3349,3.316,57.40,190.00,1,0,0
3351,3.320,57.40,190.00,1,0,0
3354,3.304,73.50,192.00,1,0,0
3356,3.320,130.90,429.00,1,0,0
3359,3.316,57.50,192.00,1,0,0
3361,3.320,57.50,190.00,1,0,0
3364,3.316,57.30,190.00,1,0,0
3366,3.320,57.30,190.00,1,0,0
3369,3.316,57.40,190.00,1,0,0
3371,3.316,57.70,192.00,1,0,0
3374,3.320,64.40,213.00,1,0,0
3376,3.320,154.00,503.00,1,0,0
3379,3.288,100.20,190.00,1,0,0
3391,3.320,57.70,192.00,1,0,0
3394,3.320,57.80,192.00,1,0,0
3396,3.296,119.80,393.00,1,0,0
3399,3.268,63.70,190.00,1,0,0
3401,3.320,57.40,190.00,1,0,0
3408,3.320,57.70,192.00,1,0,0
3411,3.316,57.70,192.00,1,0,0
3413,3.320,76.20,252.00,1,0,0
3416,3.320,57.40,388.00,1,0,0
3418,3.288,57.60,192.00,1,0,0
3421,3.320,57.50,192.00,1,0,0
3423,3.320,62.90,193.00,1,0,0
3425,3.320,57.70,192.00,1,0,0
3428,3.320,57.70,192.00,1,0,0
3430,3.316,57.30,190.00,1,0,0
3433,3.320,77.70,257.00,1,0,0
3435,3.320,89.20,293.00,1,0,0
3438,3.268,82.30,192.00,1,0,0
3440,3.316,57.50,192.00,1,0,0
3443,3.320,68.70,228.00,1,0,0
3445,3.316,57.70,190.00,1,0,0
3458,3.272,61.40,203.00,1,0,0
3460,3.320,57.50,192.00,1,0,0
3463,3.320,64.90,216.00,1,0,0
3465,3.316,57.40,190.00,1,0,0
3468,3.316,57.40,190.00,1,0,0
3470,3.316,57.80,192.00,1,0,0
3473,3.320,64.10,211.00,1,0,0
3475,3.316,57.40,449.00,1,0,0
3478,3.264,64.30,213.00,1,0,0
3480,3.316,57.30,190.00,1,0,0
3483,3.316,57.30,192.00,1,0,0
3485,3.316,57.40,190.00,1,0,0
3488,3.320,57.80,192.00,1,0,0
3490,3.320,57.70,192.00,1,0,0
3493,3.320,73.40,242.00,1,0,0
3495,3.316,57.40,188.00,1,0,0
3508,3.320,57.60,192.00,1,0,0
3510,3.320,57.60,192.00,1,0,0
3513,3.320,57.40,259.00,1,0,0
3515,3.312,57.40,187.00,1,0,0
3518,3.264,145.50,480.00,1,0,0
3520,3.320,57.60,192.00,1,0,0
3523,3.320,65.20,216.00,1,0,0
3525,3.320,57.70,192.00,1,0,0
3527,3.320,57.70,190.00,1,0,0
3530,3.320,57.30,190.00,1,0,0
3532,3.320,57.30,190.00,1,0,0
3535,3.320,57.40,347.00,1,0,0
3537,3.284,150.70,500.00,1,0,0
3540,3.316,57.50,190.00,1,0,0
3542,3.320,57.50,246.00,1,0,0
3545,3.312,57.40,190.00,1,0,0
3557,3.284,127.70,356.00,1,0,0
3560,3.316,57.40,190.00,1,0,0
3562,3.316,57.30,190.00,1,0,0
3565,3.312,62.70,190.00,1,0,0
3567,3.316,57.40,190.00,1,0,0
3570,3.320,57.80,192.00,1,0,0
3572,3.320,57.70,220.00,1,0,0
3575,3.300,57.40,190.00,1,0,0
3577,3.284,143.00,467.00,1,0,0
3580,3.316,57.40,190.00,1,0,0
3582,3.320,57.30,190.00,1,0,0
3585,3.316,57.40,190.00,1,0,0
3587,3.316,57.80,192.00,1,0,0
3589,3.320,57.70,192.00,1,0,0
3592,3.320,57.70,192.00,1,0,0
3594,3.308,57.40,188.00,1,0,0
3607,3.320,57.60,192.00,1,0,0
3610,3.320,57.60,192.00,1,0,0
3612,3.316,57.30,190.00,1,0,0
3614,3.312,57.40,200.00,1,0,0
3617,3.272,160.50,323.00,1,0,0
3619,3.320,57.60,192.00,1,0,0
3622,3.320,57.60,192.00,1,0,0
3624,3.316,58.20,192.00,1,0,0
3627,3.320,57.50,192.00,1,0,0
3629,3.316,57.40,190.00,1,0,0
3632,3.320,57.30,190.00,1,0,0
3634,3.304,57.40,190.00,1,0,0
3637,3.284,132.30,434.00,1,0,0
3639,3.312,57.60,190.00,1,0,0
3642,3.316,57.40,190.00,1,0,0
3644,3.316,57.40,190.00,1,0,0
3657,3.268,115.40,378.00,1,0,0
3659,3.320,57.50,190.00,1,0,0
3662,3.316,57.40,190.00,1,0,0
3664,3.320,57.40,190.00,1,0,0
3667,3.316,57.30,190.00,1,0,0
3669,3.320,57.80,192.00,1,0,0
3672,3.320,57.80,192.00,1,0,0
3674,3.304,57.50,188.00,1,0,0
3677,3.292,157.80,523.00,1,0,0
3679,3.312,57.40,190.00,1,0,0
3682,3.320,57.30,190.00,1,0,0
3684,3.308,57.40,192.00,1,0,0
3686,3.320,57.80,192.00,1,0,0
3689,3.320,57.70,192.00,1,0,0
3691,3.320,57.60,192.00,1,0,0
3694,3.320,57.30,190.00,1,0,0
3707,3.320,57.70,192.00,1,0,0
3709,3.320,57.60,192.00,1,0,0
3712,3.316,57.30,190.00,1,0,0
3714,3.312,57.30,190.00,1,0,0
3716,3.276,158.30,519.00,1,0,0
3719,3.320,57.50,190.00,1,0,0
3721,3.316,57.50,190.00,1,0,0
3724,3.316,58.20,193.00,1,0,0
3726,3.320,57.50,190.00,1,0,0
3729,3.316,57.30,190.00,1,0,0
3731,3.316,57.40,190.00,1,0,0
3734,3.304,70.70,192.00,1,0,0
3736,3.320,114.90,375.00,1,0,0
3739,3.268,57.60,192.00,1,0,0
3741,3.316,57.40,190.00,1,0,0
3744,3.316,67.00,190.00,1,0,0
3756,3.316,147.60,505.00,1,0,0
3759,3.264,57.40,190.00,1,0,0
3761,3.316,57.40,190.00,1,0,0
3764,3.312,59.60,190.00,1,0,0
3766,3.320,57.40,190.00,1,0,0
3769,3.320,57.70,192.00,1,0,0
3771,3.316,57.80,192.00,1,0,0
3774,3.320,57.50,192.00,1,0,0
3776,3.288,117.70,385.00,1,0,0
3779,3.272,60.50,190.00,1,0,0
3781,3.320,57.40,190.00,1,0,0
3783,3.308,57.40,190.00,1,0,0
3786,3.316,57.70,192.00,1,0,0
3788,3.320,57.70,192.00,1,0,0
3791,3.316,57.60,192.00,1,0,0
3793,3.316,77.90,190.00,1,0,0
3806,3.316,57.80,192.00,1,0,0
3809,3.320,57.70,190.00,1,0,0
3811,3.320,57.30,190.00,1,0,0
3813,3.308,77.10,256.00,1,0,0
3816,3.316,96.80,495.00,1,0,0
3818,3.264,57.60,192.00,1,0,0
3821,3.320,57.60,192.00,1,0,0
3823,3.316,68.50,193.00,1,0,0
3826,3.316,57.30,190.00,1,0,0
3828,3.316,57.40,190.00,1,0,0
3831,3.320,57.30,190.00,1,0,0
3833,3.320,68.80,228.00,1,0,0
3836,3.316,153.90,505.00,1,0,0
3838,3.268,102.20,192.00,1,0,0
3841,3.320,57.50,192.00,1,0,0
3843,3.316,65.60,218.00,1,0,0
3856,3.312,140.80,460.00,1,0,0
3858,3.300,57.50,190.00,1,0,0
3861,3.320,57.30,190.00,1,0,0
3863,3.316,57.40,190.00,1,0,0
3866,3.320,57.30,190.00,1,0,0
3868,3.320,57.60,192.00,1,0,0
3871,3.320,57.70,192.00,1,0,0
3873,3.316,73.70,244.00,1,0,0
3876,3.316,57.30,383.00,1,0,0
3878,3.284,57.30,190.00,1,0,0
3880,3.316,57.40,190.00,1,0,0
3883,3.320,57.40,193.00,1,0,0
3885,3.320,57.80,192.00,1,0,0
3888,3.320,57.80,192.00,1,0,0
3890,3.316,57.70,192.00,1,0,0
3893,3.320,78.00,259.00,1,0,0
3906,3.320,57.70,192.00,1,0,0
3908,3.320,57.30,190.00,1,0,0
3910,3.320,57.40,190.00,1,0,0
3913,3.320,76.20,252.00,1,0,0
3915,3.320,108.00,354.00,1,0,0
3918,3.264,64.40,192.00,1,0,0
3920,3.316,57.60,192.00,1,0,0
3923,3.320,68.40,228.00,1,0,0
3925,3.320,57.40,190.00,1,0,0
3928,3.320,57.30,190.00,1,0,0
3930,3.316,57.30,190.00,1,0,0
3933,3.316,58.00,192.00,1,0,0
3935,3.320,57.50,508.00,1,0,0
3938,3.292,89.80,298.00,1,0,0
3940,3.320,57.50,190.00,1,0,0
3943,3.320,57.30,211.00,1,0,0
3955,3.320,57.50,411.00,1,0,0
3958,3.264,57.40,190.00,1,0,0
3960,3.316,57.30,190.00,1,0,0
3963,3.320,57.40,190.00,1,0,0
3965,3.316,57.50,192.00,1,0,0
3968,3.320,57.80,192.00,1,0,0
3970,3.316,57.80,192.00,1,0,0
3973,3.320,76.20,252.00,1,0,0
3975,3.320,57.30,187.00,1,0,0
3978,3.288,143.20,190.00,1,0,0
3980,3.320,57.30,190.00,1,0,0
3982,3.316,59.10,195.00,1,0,0
3985,3.320,57.70,192.00,1,0,0
3987,3.320,57.80,192.00,1,0,0
3990,3.320,57.60,192.00,1,0,0
3992,3.316,57.40,190.00,1,0,0
4005,3.320,57.70,192.00,1,0,0
4007,3.320,57.40,190.00,1,0,0
4010,3.320,57.30,190.00,1,0,0
4012,3.316,57.30,190.00,1,0,0
4015,3.316,57.30,433.00,1,0,0
4017,3.284,63.40,210.00,1,0,0
4020,3.320,57.60,192.00,1,0,0
4022,3.320,57.60,226.00,1,0,0
4025,3.320,57.30,190.00,1,0,0
4027,3.320,57.40,190.00,1,0,0
4030,3.320,57.40,190.00,1,0,0
4032,3.320,57.50,200.00,1,0,0
4035,3.304,57.50,192.00,1,0,0
4037,3.292,158.00,516.00,1,0,0
4039,3.320,57.50,190.00,1,0,0
4042,3.320,57.40,190.00,1,0,0
4055,3.300,57.50,190.00,1,0,0
4057,3.272,105.70,346.00,1,0,0
4060,3.320,57.40,190.00,1,0,0
4062,3.316,57.30,190.00,1,0,0
4065,3.320,57.60,192.00,1,0,0
4067,3.320,57.80,192.00,1,0,0
4069,3.320,57.80,192.00,1,0,0
4072,3.320,57.80,192.00,1,0,0
4074,3.308,57.30,187.00,1,0,0
4077,3.268,132.90,441.00,1,0,0
4079,3.320,57.30,190.00,1,0,0
4082,3.320,57.40,203.00,1,0,0
4084,3.312,57.80,192.00,1,0,0
4087,3.320,57.80,192.00,1,0,0
4089,3.320,57.70,190.00,1,0,0
4092,3.320,57.40,190.00,1,0,0
4104,3.320,58.30,192.00,1,0,0
4107,3.320,57.40,190.00,1,0,0
4109,3.320,57.40,190.00,1,0,0
4112,3.320,57.40,190.00,1,0,0
4114,3.304,57.50,192.00,1,0,0
4117,3.284,118.40,388.00,1,0,0
4119,3.320,57.60,192.00,1,0,0
4122,3.320,57.50,192.00,1,0,0
4124,3.320,57.30,190.00,1,0,0
4127,3.316,57.30,190.00,1,0,0
4129,3.320,57.30,190.00,1,0,0
4132,3.316,57.60,192.00,1,0,0
4134,3.300,62.50,190.00,1,0,0
4137,3.316,124.70,411.00,1,0,0
4139,3.316,57.40,190.00,1,0,0
4141,3.320,57.40,190.00,1,0,0
4154,3.304,57.60,192.00,1,0,0
4157,3.284,96.10,377.00,1,0,0
4159,3.276,57.30,190.00,1,0,0
4161,3.320,57.30,190.00,1,0,0
4164,3.308,57.50,192.00,1,0,0
4166,3.320,57.70,192.00,1,0,0
4169,3.316,57.70,192.00,1,0,0
4171,3.316,57.80,190.00,1,0,0
4174,3.316,57.40,190.00,1,0,0
4176,3.268,140.40,464.00,1,0,0
4179,3.300,57.40,190.00,1,0,0
4181,3.316,57.40,190.00,1,0,0
4184,3.312,58.30,193.00,1,0,0
4186,3.320,57.80,192.00,1,0,0
4189,3.320,57.40,190.00,1,0,0
4191,3.316,57.40,190.00,1,0,0
4204,3.320,58.40,193.00,1,0,0
4206,3.320,57.40,190.00,1,0,0
4209,3.320,57.40,190.00,1,0,0
4211,3.320,57.40,190.00,1,0,0
4214,3.304,68.10,226.00,1,0,0
4216,3.320,153.90,547.00,1,0,0
4219,3.284,57.60,192.00,1,0,0
4221,3.320,57.60,192.00,1,0,0
4224,3.316,65.20,190.00,1,0,0
4226,3.320,57.30,190.00,1,0,0
4229,3.320,57.30,190.00,1,0,0
4231,3.320,57.70,192.00,1,0,0
4233,3.320,60.60,202.00,1,0,0
4236,3.308,136.00,444.00,1,0,0
4238,3.264,64.50,190.00,1,0,0
4241,3.320,57.30,190.00,1,0,0
4253,3.320,74.20,192.00,1,0,0
4256,3.316,117.80,387.00,1,0,0
4258,3.312,57.30,190.00,1,0,0
4261,3.320,57.30,190.00,1,0,0
4263,3.320,58.20,193.00,1,0,0
4266,3.320,57.70,192.00,1,0,0
4268,3.320,57.70,192.00,1,0,0
4271,3.320,57.70,192.00,1,0,0
4273,3.316,78.00,259.00,1,0,0
4276,3.316,60.60,347.00,1,0,0
4278,3.268,57.40,190.00,1,0,0
4281,3.320,57.40,190.00,1,0,0
4283,3.316,65.80,193.00,1,0,0
4286,3.316,57.80,192.00,1,0,0
4288,3.320,57.50,192.00,1,0,0
4291,3.320,57.30,190.00,1,0,0
4303,3.320,69.30,193.00,1,0,0
4306,3.320,57.40,190.00,1,0,0
4308,3.316,57.30,190.00,1,0,0
4311,3.320,57.40,190.00,1,0,0
4313,3.320,58.30,224.00,1,0,0
4316,3.316,154.00,505.00,1,0,0
4318,3.264,99.40,328.00,1,0,0
4320,3.320,57.60,190.00,1,0,0
4323,3.320,63.30,210.00,1,0,0
4325,3.316,57.40,190.00,1,0,0
4328,3.320,57.30,190.00,1,0,0
4330,3.320,57.60,192.00,1,0,0
4333,3.316,67.40,223.00,1,0,0
4335,3.320,57.40,436.00,1,0,0
4338,3.284,64.50,215.00,1,0,0
4340,3.320,57.40,190.00,1,0,0
4353,3.316,76.70,254.00,1,0,0
4355,3.320,57.50,388.00,1,0,0
4358,3.288,57.40,190.00,1,0,0
4360,3.316,57.40,190.00,1,0,0
4363,3.320,59.50,193.00,1,0,0
4365,3.320,57.70,192.00,1,0,0
4368,3.320,57.70,192.00,1,0,0
4370,3.320,57.70,192.00,1,0,0
4373,3.320,57.40,257.00,1,0,0
4375,3.316,72.80,239.00,1,0,0
4378,3.296,159.30,524.00,1,0,0
4380,3.320,57.50,190.00,1,0,0
4383,3.320,67.80,224.00,1,0,0
4385,3.320,57.70,192.00,1,0,0
4388,3.320,57.50,190.00,1,0,0
4390,3.316,57.30,190.00,1,0,0
4403,3.320,69.10,229.00,1,0,0
4405,3.316,57.40,190.00,1,0,0
4408,3.320,57.30,190.00,1,0,0
4410,3.320,57.30,190.00,1,0,0
4413,3.320,60.60,200.00,1,0,0
4415,3.320,57.40,503.00,1,0,0
4417,3.264,72.60,241.00,1,0,0
4420,3.320,57.50,190.00,1,0,0
4422,3.320,57.40,202.00,1,0,0
4425,3.320,57.40,190.00,1,0,0
4427,3.316,57.30,190.00,1,0,0
4430,3.320,57.70,192.00,1,0,0
4432,3.320,57.70,229.00,1,0,0
4435,3.300,57.50,190.00,1,0,0
4437,3.272,105.70,346.00,1,0,0
4440,3.320,57.40,190.00,1,0,0
4452,3.320,57.70,256.00,1,0,0
4455,3.308,57.40,188.00,1,0,0
4457,3.260,79.00,257.00,1,0,0
4460,3.320,57.40,190.00,1,0,0
4462,3.320,61.70,205.00,1,0,0
4465,3.320,57.60,192.00,1,0,0
4467,3.320,57.70,192.00,1,0,0
4470,3.320,57.40,190.00,1,0,0
4472,3.320,57.40,190.00,1,0,0
4475,3.316,57.30,269.00,1,0,0
4477,3.276,157.60,523.00,1,0,0
4480,3.312,57.40,190.00,1,0,0
4482,3.320,57.40,190.00,1,0,0
4484,3.316,58.20,192.00,1,0,0
4487,3.320,57.40,190.00,1,0,0
4489,3.320,57.30,190.00,1,0,0
4502,3.320,57.50,192.00,1,0,0
4505,3.320,57.50,190.00,1,0,0
4507,3.320,57.40,190.00,1,0,0
4509,3.316,57.30,190.00,1,0,0
4512,3.316,57.70,206.00,1,0,0
4514,3.300,57.50,190.00,1,0,0
4517,3.292,153.80,506.00,1,0,0
4519,3.312,57.40,190.00,1,0,0
4522,3.316,57.40,190.00,1,0,0
4524,3.320,57.40,190.00,1,0,0
4527,3.320,57.40,192.00,1,0,0
4529,3.320,57.60,192.00,1,0,0
4532,3.320,57.60,192.00,1,0,0
4534,3.304,57.50,188.00,1,0,0
4537,3.284,117.80,385.00,1,0,0
4539,3.276,57.40,190.00,1,0,0
4552,3.320,57.50,190.00,1,0,0
4554,3.304,57.50,192.00,1,0,0
4557,3.272,119.30,457.00,1,0,0
4559,3.284,57.40,190.00,1,0,0
4562,3.320,57.40,190.00,1,0,0
4564,3.312,58.10,192.00,1,0,0
4567,3.320,57.70,192.00,1,0,0
4569,3.320,57.40,190.00,1,0,0
4572,3.320,57.40,190.00,1,0,0
4574,3.312,57.40,190.00,1,0,0
4577,3.284,130.10,426.00,1,0,0
4579,3.280,59.10,192.00,1,0,0
4581,3.320,57.40,190.00,1,0,0
4584,3.320,58.30,193.00,1,0,0
4586,3.320,57.50,192.00,1,0,0
4589,3.320,57.40,190.00,1,0,0
4602,3.320,57.60,190.00,1,0,0
4604,3.316,57.50,192.00,1,0,0
4607,3.320,57.40,190.00,1,0,0
4609,3.320,57.40,192.00,1,0,0
4611,3.320,57.60,192.00,1,0,0
4614,3.300,60.40,200.00,1,0,0
4616,3.308,135.10,459.00,1,0,0
4619,3.304,57.40,190.00,1,0,0
4621,3.320,57.50,192.00,1,0,0
4624,3.312,57.40,190.00,1,0,0
4626,3.320,57.70,192.00,1,0,0
4629,3.320,57.60,192.00,1,0,0
4631,3.320,57.60,192.00,1,0,0
4634,3.320,57.50,190.00,1,0,0
4636,3.272,81.90,267.00,1,0,0
4639,3.284,57.60,190.00,1,0,0
4651,3.320,57.50,190.00,1,0,0
4654,3.316,57.50,192.00,1,0,0
4656,3.320,159.70,528.00,1,0,0
4659,3.308,57.40,192.00,1,0,0
4661,3.320,57.50,192.00,1,0,0
4664,3.320,58.20,193.00,1,0,0
4666,3.320,57.60,192.00,1,0,0
4669,3.316,57.40,192.00,1,0,0
4671,3.320,57.50,192.00,1,0,0
4674,3.308,75.70,251.00,1,0,0
4676,3.320,112.90,452.00,1,0,0
4678,3.264,57.40,190.00,1,0,0
4681,3.320,57.40,190.00,1,0,0
4683,3.320,68.90,192.00,1,0,0
4686,3.320,57.50,192.00,1,0,0
4688,3.316,57.40,190.00,1,0,0
4701,3.320,57.40,190.00,1,0,0
4704,3.316,61.90,192.00,1,0,0
4706,3.320,57.40,190.00,1,0,0
4708,3.320,57.60,192.00,1,0,0
4711,3.316,57.70,192.00,1,0,0
4713,3.316,57.60,192.00,1,0,0
4716,3.320,118.00,385.00,1,0,0
4718,3.264,63.30,192.00,1,0,0
4721,3.320,57.50,192.00,1,0,0
4723,3.320,57.40,190.00,1,0,0
4726,3.320,57.60,192.00,1,0,0
4728,3.320,57.50,190.00,1,0,0
4731,3.320,57.40,190.00,1,0,0
4733,3.320,77.00,254.00,1,0,0
4736,3.316,57.40,388.00,1,0,0
4738,3.284,57.60,192.00,1,0,0
4751,3.320,57.40,190.00,1,0,0
4753,3.312,78.20,259.00,1,0,0
4756,3.316,68.70,365.00,1,0,0
4758,3.268,57.50,190.00,1,0,0
4761,3.320,57.50,192.00,1,0,0
4763,3.320,68.00,193.00,1,0,0
4766,3.320,57.60,192.00,1,0,0
4768,3.316,57.50,192.00,1,0,0
4771,3.320,57.50,192.00,1,0,0
4773,3.320,73.50,244.00,1,0,0
4775,3.320,128.10,421.00,1,0,0
4778,3.280,131.10,190.00,1,0,0
4780,3.316,57.40,190.00,1,0,0
4783,3.316,68.70,228.00,1,0,0
4785,3.320,57.50,190.00,1,0,0
4788,3.320,57.40,192.00,1,0,0
4801,3.320,57.30,190.00,1,0,0
4803,3.320,60.40,200.00,1,0,0
4805,3.316,57.40,190.00,1,0,0
4808,3.320,57.50,192.00,1,0,0
4810,3.320,57.60,192.00,1,0,0
4813,3.320,70.10,231.00,1,0,0
4815,3.320,57.40,385.00,1,0,0
4818,3.272,57.50,192.00,1,0,0
4820,3.316,57.50,192.00,1,0,0
4823,3.320,57.40,190.00,1,0,0
4825,3.316,57.60,192.00,1,0,0
4828,3.320,57.60,192.00,1,0,0
4830,3.316,57.60,192.00,1,0,0
4833,3.320,77.90,257.00,1,0,0
4835,3.320,57.40,187.00,1,0,0
4838,3.288,123.80,190.00,1,0,0
4850,3.320,57.40,190.00,1,0,0
4853,3.316,57.50,259.00,1,0,0
4855,3.320,93.00,305.00,1,0,0
4858,3.264,83.50,275.00,1,0,0
4860,3.320,57.50,192.00,1,0,0
4863,3.320,68.80,228.00,1,0,0
4865,3.316,57.60,192.00,1,0,0
4868,3.316,57.40,190.00,1,0,0
4870,3.320,57.50,190.00,1,0,0
4872,3.320,57.40,190.00,1,0,0
4875,3.320,57.40,454.00,1,0,0
4877,3.300,123.30,410.00,1,0,0
4880,3.320,57.50,192.00,1,0,0
4882,3.316,57.40,221.00,1,0,0
4885,3.316,57.50,192.00,1,0,0
4887,3.316,57.50,192.00,1,0,0
4900,3.320,57.30,190.00,1,0,0
4902,3.320,57.50,193.00,1,0,0
4905,3.316,57.50,190.00,1,0,0
4907,3.316,57.70,192.00,1,0,0
4910,3.320,57.70,192.00,1,0,0
4912,3.320,57.70,241.00,1,0,0
4915,3.304,57.40,188.00,1,0,0
4917,3.280,157.00,516.00,1,0,0
4920,3.320,57.40,190.00,1,0,0
4922,3.320,57.40,190.00,1,0,0
4925,3.320,57.60,192.00,1,0,0
4927,3.316,57.70,192.00,1,0,0
4930,3.320,57.60,192.00,1,0,0
4932,3.320,57.40,190.00,1,0,0
4935,3.312,57.40,187.00,1,0,0
4937,3.268,136.30,451.00,1,0,0
4950,3.320,57.30,190.00,1,0,0
4952,3.316,57.50,190.00,1,0,0
4955,3.320,57.50,328.00,1,0,0
4957,3.284,155.20,514.00,1,0,0
4960,3.320,57.50,190.00,1,0,0
4962,3.320,57.50,228.00,1,0,0
4965,3.316,58.20,190.00,1,0,0
4967,3.320,57.40,190.00,1,0,0
4970,3.320,57.50,192.00,1,0,0
4972,3.320,57.40,190.00,1,0,0
4974,3.300,57.50,192.00,1,0,0
4977,3.284,115.00,377.00,1,0,0
4979,3.320,57.50,190.00,1,0,0
4982,3.320,57.30,190.00,1,0,0
4984,3.320,57.30,190.00,1,0,0
4987,3.316,57.40,190.00,1,0,0
4999,3.320,57.40,190.00,1,0,0
5002,3.320,57.50,190.00,1,0,0
5004,3.316,57.40,190.00,1,0,0
5007,3.320,57.70,192.00,1,0,0
5009,3.320,57.60,192.00,1,0,0
5012,3.320,57.70,192.00,1,0,0
5014,3.304,57.50,192.00,1,0,0
5017,3.280,118.00,421.00,1,0,0
5019,3.280,57.40,190.00,1,0,0
5022,3.320,57.50,192.00,1,0,0
5024,3.312,58.30,192.00,1,0,0
5027,3.320,57.60,192.00,1,0,0
5029,3.320,57.60,192.00,1,0,0
5032,3.320,57.30,190.00,1,0,0
5034,3.316,57.40,190.00,1,0,0
5036,3.268,151.80,500.00,1,0,0
5049,3.320,57.30,190.00,1,0,0
5052,3.320,57.40,190.00,1,0,0
5054,3.308,57.40,190.00,1,0,0
5057,3.288,145.90,480.00,1,0,0
5059,3.316,57.50,192.00,1,0,0
5061,3.320,57.50,190.00,1,0,0
5064,3.320,57.60,192.00,1,0,0
5066,3.320,57.40,190.00,1,0,0
5069,3.320,57.50,192.00,1,0,0
5071,3.320,57.40,190.00,1,0,0
5074,3.304,68.10,226.00,1,0,0
5076,3.320,154.10,303.00,1,0,0
5079,3.264,57.50,192.00,1,0,0
5081,3.320,57.40,190.00,1,0,0
5084,3.312,62.10,190.00,1,0,0
5086,3.320,57.50,190.00,1,0,0
5099,3.304,57.30,190.00,1,0,0
5101,3.320,57.40,190.00,1,0,0
5104,3.308,57.40,190.00,1,0,0
5106,3.320,57.60,192.00,1,0,0
5109,3.320,57.70,192.00,1,0,0
5111,3.316,57.60,192.00,1,0,0
5114,3.320,57.30,190.00,1,0,0
5116,3.280,90.30,295.00,1,0,0
5119,3.276,58.70,190.00,1,0,0
5121,3.320,57.60,192.00,1,0,0
5124,3.312,58.10,193.00,1,0,0
5126,3.320,57.70,192.00,1,0,0
5129,3.320,57.60,192.00,1,0,0
5131,3.320,57.40,190.00,1,0,0
5133,3.312,77.60,257.00,1,0,0
5136,3.320,70.90,526.00,1,0,0
5149,3.316,57.30,190.00,1,0,0
5151,3.320,57.40,190.00,1,0,0
5154,3.304,73.70,244.00,1,0,0
5156,3.320,127.70,406.00,1,0,0
5158,3.268,57.40,190.00,1,0,0
5161,3.316,57.50,192.00,1,0,0
5163,3.316,68.40,190.00,1,0,0
5166,3.316,57.30,190.00,1,0,0
5168,3.316,57.40,190.00,1,0,0
5171,3.320,57.50,192.00,1,0,0
5173,3.316,64.50,215.00,1,0,0
5176,3.320,154.20,506.00,1,0,0
5178,3.288,157.30,190.00,1,0,0
5181,3.320,57.40,190.00,1,0,0
5183,3.312,60.10,200.00,1,0,0
5196,3.320,115.90,380.00,1,0,0
5198,3.268,62.70,208.00,1,0,0
5201,3.320,57.40,190.00,1,0,0
5203,3.320,57.40,190.00,1,0,0
5206,3.316,57.80,192.00,1,0,0
5208,3.320,57.70,192.00,1,0,0
5211,3.316,57.60,192.00,1,0,0
5213,3.316,77.90,257.00,1,0,0
5216,3.316,57.30,318.00,1,0,0
5218,3.260,99.30,329.00,1,0,0
5221,3.320,57.60,192.00,1,0,0
5223,3.316,62.40,193.00,1,0,0
5225,3.320,57.70,192.00,1,0,0
5228,3.320,57.60,192.00,1,0,0
5230,3.316,57.30,190.00,1,0,0
5233,3.316,77.80,257.00,1,0,0
5246,3.320,57.60,190.00,1,0,0
5248,3.320,57.40,190.00,1,0,0
5251,3.320,57.40,190.00,1,0,0
5253,3.320,57.50,234.00,1,0,0
5255,3.320,144.30,477.00,1,0,0
5258,3.300,165.20,546.00,1,0,0
5260,3.320,57.50,190.00,1,0,0
5263,3.320,66.20,220.00,1,0,0
5265,3.320,57.30,190.00,1,0,0
5268,3.316,57.40,190.00,1,0,0
5270,3.320,57.80,192.00,1,0,0
5273,3.320,63.50,210.00,1,0,0
5275,3.320,57.40,493.00,1,0,0
5278,3.288,73.10,242.00,1,0,0
5280,3.320,57.30,190.00,1,0,0
5283,3.320,57.40,192.00,1,0,0
5295,3.320,57.40,308.00,1,0,0
5298,3.264,59.30,197.00,1,0,0
5300,3.320,57.30,190.00,1,0,0
5303,3.320,57.50,193.00,1,0,0
5305,3.320,57.80,192.00,1,0,0
5308,3.320,57.60,192.00,1,0,0
5310,3.320,57.60,192.00,1,0,0
5313,3.320,57.30,256.00,1,0,0
5315,3.312,57.30,187.00,1,0,0
5318,3.260,135.00,446.00,1,0,0
5320,3.320,57.50,192.00,1,0,0
5323,3.320,64.60,215.00,1,0,0
5325,3.320,57.70,192.00,1,0,0
5327,3.320,57.60,197.00,1,0,0
5330,3.320,57.30,190.00,1,0,0
5332,3.320,57.40,190.00,1,0,0
5345,3.320,57.40,190.00,1,0,0
5348,3.320,57.30,190.00,1,0,0
5350,3.320,57.30,190.00,1,0,0
5352,3.316,57.50,190.00,1,0,0
5355,3.320,57.60,490.00,1,0,0
5357,3.284,60.40,200.00,1,0,0
5360,3.320,57.40,190.00,1,0,0
5362,3.320,57.30,210.00,1,0,0
5365,3.320,57.30,190.00,1,0,0
5367,3.320,57.40,190.00,1,0,0
5370,3.320,57.70,192.00,1,0,0
5372,3.320,57.80,218.00,1,0,0
5375,3.304,57.50,190.00,1,0,0
5377,3.264,107.10,351.00,1,0,0
5380,3.320,57.40,190.00,1,0,0
5382,3.320,57.40,190.00,1,0,0
5395,3.308,57.30,188.00,1,0,0
5397,3.284,157.10,516.00,1,0,0
5400,3.320,57.40,190.00,1,0,0
5402,3.320,58.30,193.00,1,0,0
5409,3.320,57.70,192.00,1,0,0
5412,3.320,57.40,190.00,1,0,0
5414,3.312,57.30,190.00,1,0,0
5417,3.272,106.20,518.00,1,0,0
5419,3.312,57.40,192.00,1,0,0
5422,3.320,57.60,192.00,1,0,0
5424,3.316,58.30,193.00,1,0,0
5426,3.320,57.70,192.00,1,0,0
5429,3.320,57.30,190.00,1,0,0
5431,3.320,57.30,190.00,1,0,0
5434,3.308,75.50,190.00,1,0,0
5436,3.320,139.60,459.00,1,0,0
5439,3.316,57.60,192.00,1,0,0
5441,3.320,57.40,192.00,1,0,0
5444,3.320,57.50,192.00,1,0,0
5446,3.320,57.30,190.00,1,0,0
5459,3.316,57.50,192.00,1,0,0
5461,3.320,57.30,190.00,1,0,0
5464,3.312,57.30,190.00,1,0,0
5466,3.316,57.40,190.00,1,0,0
5469,3.320,57.70,192.00,1,0,0
5471,3.320,57.80,192.00,1,0,0
5474,3.300,58.00,193.00,1,0,0
5476,3.300,121.50,406.00,1,0,0
5479,3.268,57.40,190.00,1,0,0
5481,3.320,57.30,190.00,1,0,0
5484,3.308,57.40,190.00,1,0,0
5486,3.320,57.80,192.00,1,0,0
5489,3.320,57.80,192.00,1,0,0
5491,3.320,57.60,192.00,1,0,0
5494,3.320,77.30,190.00,1,0,0
5496,3.320,119.90,395.00,1,0,0
5509,3.320,57.70,192.00,1,0,0
5511,3.320,57.40,190.00,1,0,0
5514,3.312,78.10,190.00,1,0,0
5516,3.320,159.40,523.00,1,0,0
5519,3.292,57.60,192.00,1,0,0
5521,3.316,57.60,192.00,1,0,0
5524,3.320,58.10,193.00,1,0,0
5526,3.320,57.60,192.00,1,0,0
5528,3.320,57.30,190.00,1,0,0
5531,3.316,57.30,190.00,1,0,0
5533,3.304,72.90,242.00,1,0,0
5536,3.320,128.20,546.00,1,0,0
5538,3.288,131.10,192.00,1,0,0
5541,3.320,57.50,192.00,1,0,0
5543,3.320,78.20,259.00,1,0,0
5556,3.320,154.10,506.00,1,0,0
5558,3.264,101.90,192.00,1,0,0
5561,3.320,57.40,190.00,1,0,0
5563,3.312,61.50,203.00,1,0,0
5566,3.320,57.40,190.00,1,0,0
5568,3.320,57.80,192.00,1,0,0
5571,3.316,57.70,192.00,1,0,0
5573,3.320,70.60,192.00,1,0,0
5576,3.320,117.60,385.00,1,0,0
5578,3.312,57.40,190.00,1,0,0
5581,3.320,57.40,190.00,1,0,0
5583,3.320,57.40,190.00,1,0,0
5586,3.320,57.80,192.00,1,0,0
5588,3.320,57.80,192.00,1,0,0
5590,3.320,57.70,192.00,1,0,0
5603,3.316,62.70,195.00,1,0,0
5606,3.320,57.70,192.00,1,0,0
5608,3.320,57.60,192.00,1,0,0
5611,3.316,57.40,190.00,1,0,0
5613,3.320,76.60,254.00,1,0,0
5615,3.320,77.10,252.00,1,0,0
5618,3.272,80.50,192.00,1,0,0
5620,3.320,57.60,192.00,1,0,0
5623,3.320,68.30,226.00,1,0,0
5625,3.316,57.60,190.00,1,0,0
5628,3.320,57.30,190.00,1,0,0
5630,3.320,57.30,190.00,1,0,0
5633,3.316,57.40,231.00,1,0,0
5635,3.320,152.80,501.00,1,0,0
5638,3.276,59.70,198.00,1,0,0
5640,3.320,57.60,190.00,1,0,0
5653,3.316,63.80,211.00,1,0,0
5655,3.320,57.60,446.00,1,0,0
5658,3.284,64.40,213.00,1,0,0
5660,3.320,57.40,190.00,1,0,0
5663,3.320,57.40,192.00,1,0,0
5665,3.320,57.40,190.00,1,0,0
5668,3.320,57.70,192.00,1,0,0
5670,3.320,57.90,192.00,1,0,0
5673,3.320,73.20,242.00,1,0,0
5675,3.320,57.40,188.00,1,0,0
5678,3.280,157.20,190.00,1,0,0
5680,3.320,57.40,190.00,1,0,0
5683,3.320,57.40,190.00,1,0,0
5685,3.320,57.70,192.00,1,0,0
5687,3.320,57.70,192.00,1,0,0
5690,3.320,57.70,192.00,1,0,0
5703,3.320,64.80,215.00,1,0,0
5705,3.320,57.80,192.00,1,0,0
5708,3.320,57.60,192.00,1,0,0
5710,3.320,57.40,190.00,1,0,0
5712,3.320,57.40,190.00,1,0,0
5715,3.320,57.30,357.00,1,0,0
5717,3.288,148.10,492.00,1,0,0
5720,3.320,57.60,192.00,1,0,0
5722,3.316,57.60,229.00,1,0,0
5725,3.320,57.40,190.00,1,0,0
5727,3.320,57.40,190.00,1,0,0
5730,3.320,57.40,190.00,1,0,0
5732,3.320,57.40,190.00,1,0,0
5735,3.320,57.60,192.00,1,0,0
5737,3.276,96.60,331.00,1,0,0
5740,3.320,57.40,190.00,1,0,0
5752,3.320,66.40,220.00,1,0,0
5755,3.316,57.60,190.00,1,0,0
5757,3.264,140.60,190.00,1,0,0
5760,3.320,57.40,190.00,1,0,0
5762,3.320,57.30,190.00,1,0,0
5765,3.320,57.30,190.00,1,0,0
5767,3.320,57.70,192.00,1,0,0
5770,3.320,57.70,192.00,1,0,0
5772,3.320,57.70,192.00,1,0,0
5775,3.308,57.50,188.00,1,0,0
5777,3.272,147.00,488.00,1,0,0
5780,3.320,57.40,190.00,1,0,0
5782,3.320,57.40,193.00,1,0,0
5784,3.308,57.70,192.00,1,0,0
5787,3.320,57.80,192.00,1,0,0
5789,3.320,57.70,192.00,1,0,0
5802,3.320,57.50,221.00,1,0,0
5805,3.320,57.80,192.00,1,0,0
5807,3.320,57.60,192.00,1,0,0
5810,3.316,57.30,190.00,1,0,0
5812,3.320,57.40,190.00,1,0,0
5814,3.316,57.40,190.00,1,0,0
5817,3.284,137.20,213.00,1,0,0
5819,3.324,57.70,192.00,1,0,0
5822,3.320,57.60,192.00,1,0,0
5824,3.320,57.50,190.00,1,0,0
5827,3.320,57.40,190.00,1,0,0
5829,3.320,57.30,190.00,1,0,0
5832,3.320,57.40,190.00,1,0,0
5834,3.304,66.30,192.00,1,0,0
5837,3.320,115.50,380.00,1,0,0
5839,3.320,57.50,192.00,1,0,0
5852,3.320,57.70,192.00,1,0,0
5854,3.304,57.60,190.00,1,0,0
5857,3.292,106.80,349.00,1,0,0
5859,3.320,57.40,190.00,1,0,0
5862,3.320,57.40,190.00,1,0,0
5864,3.308,57.30,190.00,1,0,0
5867,3.320,57.70,192.00,1,0,0
5869,3.320,57.80,192.00,1,0,0
5871,3.320,57.70,192.00,1,0,0
5874,3.320,57.30,190.00,1,0,0
5876,3.272,119.00,392.00,1,0,0
5879,3.288,57.40,190.00,1,0,0
5881,3.320,57.40,190.00,1,0,0
5884,3.312,58.20,193.00,1,0,0
5886,3.316,57.70,192.00,1,0,0
5889,3.320,57.70,192.00,1,0,0
5901,3.320,57.50,192.00,1,0,0
5904,3.320,58.30,193.00,1,0,0
5906,3.320,57.70,190.00,1,0,0
5909,3.320,57.40,190.00,1,0,0
5911,3.320,57.40,190.00,1,0,0
5914,3.304,71.20,190.00,1,0,0
5916,3.320,117.60,385.00,1,0,0
5919,3.316,57.60,192.00,1,0,0
5921,3.320,57.50,192.00,1,0,0
5924,3.316,57.40,190.00,1,0,0
5926,3.320,57.30,190.00,1,0,0
5929,3.316,57.30,190.00,1,0,0
5931,3.320,57.40,192.00,1,0,0
5934,3.320,64.60,215.00,1,0,0
5936,3.320,154.40,505.00,1,0,0
5938,3.284,100.60,192.00,1,0,0
5951,3.320,57.70,192.00,1,0,0
5954,3.316,57.60,192.00,1,0,0
5956,3.288,117.50,385.00,1,0,0
5959,3.312,57.40,190.00,1,0,0
5961,3.316,57.40,190.00,1,0,0
5963,3.312,57.30,190.00,1,0,0
5966,3.320,57.60,192.00,1,0,0
5968,3.320,57.70,192.00,1,0,0
5971,3.316,57.70,192.00,1,0,0
5973,3.316,77.80,190.00,1,0,0
5976,3.320,145.20,480.00,1,0,0
5978,3.304,57.30,190.00,1,0,0
5981,3.316,57.50,190.00,1,0,0
5983,3.316,62.60,193.00,1,0,0
5986,3.320,57.70,192.00,1,0,0
5988,3.320,57.80,192.00,1,0,0
6001,3.320,57.40,190.00,1,0,0
6003,3.320,69.10,193.00,1,0,0
6006,3.320,57.40,190.00,1,0,0
6008,3.320,57.40,190.00,1,0,0
6011,3.316,57.40,190.00,1,0,0
6013,3.320,70.60,234.00,1,0,0
6016,3.316,142.50,469.00,1,0,0
6018,3.272,61.40,190.00,1,0,0
6021,3.316,57.60,192.00,1,0,0
6023,3.316,65.30,216.00,1,0,0
6026,3.320,57.40,190.00,1,0,0
6028,3.316,57.30,190.00,1,0,0
6031,3.316,57.60,192.00,1,0,0
6033,3.320,63.80,202.00,1,0,0
6035,3.320,136.50,446.00,1,0,0
6038,3.264,64.60,215.00,1,0,0
6051,3.320,57.70,192.00,1,0,0
6053,3.320,73.30,242.00,1,0,0
6056,3.320,57.50,387.00,1,0,0
6058,3.280,57.40,190.00,1,0,0
6061,3.316,57.40,190.00,1,0,0
6063,3.320,57.40,193.00,1,0,0
6065,3.320,57.60,192.00,1,0,0
6068,3.320,57.70,192.00,1,0,0
6070,3.320,57.80,192.00,1,0,0
6073,3.320,77.90,257.00,1,0,0
6075,3.320,57.40,187.00,1,0,0
6078,3.268,150.70,190.00,1,0,0
6080,3.320,57.50,192.00,1,0,0
6083,3.320,64.90,215.00,1,0,0
6085,3.320,57.70,192.00,1,0,0
6088,3.320,57.60,192.00,1,0,0
6100,3.320,57.40,190.00,1,0,0
6103,3.320,68.30,226.00,1,0,0
6105,3.320,57.40,190.00,1,0,0
6108,3.320,57.40,190.00,1,0,0
6110,3.320,57.40,190.00,1,0,0
6113,3.320,57.50,190.00,1,0,0
6115,3.320,57.40,505.00,1,0,0
6118,3.276,99.20,328.00,1,0,0
6120,3.320,57.60,192.00,1,0,0
6123,3.320,57.40,213.00,1,0,0
6125,3.320,57.30,190.00,1,0,0
6128,3.320,57.30,190.00,1,0,0
6130,3.320,57.60,192.00,1,0,0
6132,3.320,66.40,220.00,1,0,0
6135,3.320,57.50,190.00,1,0,0
6137,3.280,134.00,213.00,1,0,0
6150,3.320,57.60,192.00,1,0,0
6153,3.316,75.70,251.00,1,0,0
6155,3.320,57.50,188.00,1,0,0
6158,3.284,136.00,192.00,1,0,0
6160,3.320,57.30,190.00,1,0,0
6162,3.320,58.50,193.00,1,0,0
6165,3.320,57.70,192.00,1,0,0
6167,3.320,57.60,192.00,1,0,0
6170,3.320,57.80,192.00,1,0,0
6172,3.320,57.40,190.00,1,0,0
6175,3.316,57.40,193.00,1,0,0
6177,3.272,102.70,339.00,1,0,0
6180,3.316,57.40,190.00,1,0,0
6182,3.320,57.40,221.00,1,0,0
6185,3.316,57.70,192.00,1,0,0
6187,3.316,57.60,192.00,1,0,0
6200,3.320,57.40,190.00,1,0,0
6202,3.316,57.50,229.00,1,0,0
6205,3.320,57.50,192.00,1,0,0
6207,3.316,57.40,190.00,1,0,0
6210,3.320,57.30,190.00,1,0,0
6212,3.320,59.70,197.00,1,0,0
6215,3.316,57.40,190.00,1,0,0
6217,3.268,115.40,334.00,1,0,0
6220,3.320,57.50,192.00,1,0,0
6222,3.320,57.40,190.00,1,0,0
6225,3.316,57.30,190.00,1,0,0
6227,3.320,57.30,190.00,1,0,0
6229,3.320,57.60,192.00,1,0,0
6232,3.320,57.60,192.00,1,0,0
6234,3.300,58.30,190.00,1,0,0
6237,3.300,154.70,511.00,1,0,0
6250,3.320,57.60,192.00,1,0,0
6252,3.316,57.70,192.00,1,0,0
6255,3.308,57.40,188.00,1,0,0
6257,3.272,114.80,377.00,1,0,0
6259,3.320,57.30,190.00,1,0,0
6262,3.316,57.50,202.00,1,0,0
6264,3.312,57.60,192.00,1,0,0
6267,3.316,57.60,192.00,1,0,0
6269,3.320,57.70,192.00,1,0,0
6272,3.320,57.40,190.00,1,0,0
6274,3.316,57.30,190.00,1,0,0
6277,3.276,158.60,526.00,1,0,0
6279,3.312,57.50,192.00,1,0,0
6282,3.316,57.40,190.00,1,0,0
6284,3.320,58.20,192.00,1,0,0
6287,3.320,57.50,192.00,1,0,0
6299,3.316,57.50,192.00,1,0,0
6302,3.320,57.60,192.00,1,0,0
6304,3.320,57.40,190.00,1,0,0
6307,3.316,57.30,190.00,1,0,0
6309,3.320,57.30,190.00,1,0,0
6312,3.320,57.60,192.00,1,0,0
6314,3.300,64.00,190.00,1,0,0
6317,3.320,158.00,516.00,1,0,0
6319,3.304,57.60,192.00,1,0,0
6322,3.320,57.50,190.00,1,0,0
6324,3.312,57.40,190.00,1,0,0
6326,3.320,57.40,190.00,1,0,0
6329,3.316,57.60,192.00,1,0,0
6331,3.316,57.60,192.00,1,0,0
6334,3.304,57.50,192.00,1,0,0
6336,3.292,117.70,465.00,1,0,0
6349,3.320,57.50,192.00,1,0,0
6352,3.316,57.80,192.00,1,0,0
6354,3.316,57.50,192.00,1,0,0
6356,3.268,141.70,465.00,1,0,0
6359,3.292,57.40,190.00,1,0,0
6361,3.320,57.40,190.00,1,0,0
6364,3.312,58.10,193.00,1,0,0
6366,3.320,57.70,192.00,1,0,0
6369,3.320,57.50,192.00,1,0,0
6371,3.316,57.50,192.00,1,0,0
6374,3.312,76.90,190.00,1,0,0
6376,3.320,123.80,406.00,1,0,0
6379,3.292,60.10,200.00,1,0,0
6381,3.320,57.50,190.00,1,0,0
6384,3.320,58.30,193.00,1,0,0
6386,3.320,57.40,190.00,1,0,0
6399,3.316,57.40,190.00,1,0,0
6401,3.320,57.40,190.00,1,0,0
6404,3.316,57.40,190.00,1,0,0
6406,3.316,57.40,190.00,1,0,0
6409,3.320,57.40,190.00,1,0,0
6411,3.320,57.60,192.00,1,0,0
6414,3.316,62.10,206.00,1,0,0
6416,3.312,144.80,472.00,1,0,0
6419,3.296,100.20,190.00,1,0,0
6421,3.316,57.50,192.00,1,0,0
6424,3.308,57.60,192.00,1,0,0
6426,3.320,57.30,190.00,1,0,0
6428,3.316,57.60,192.00,1,0,0
6431,3.320,57.60,192.00,1,0,0
6433,3.320,73.40,190.00,1,0,0
6436,3.316,116.90,383.00,1,0,0
6448,3.320,57.60,192.00,1,0,0
6451,3.320,57.70,192.00,1,0,0
6453,3.316,78.20,192.00,1,0,0
6456,3.320,153.80,508.00,1,0,0
6458,3.300,89.70,298.00,1,0,0
6461,3.320,57.40,190.00,1,0,0
6463,3.320,65.10,193.00,1,0,0
6466,3.320,57.60,192.00,1,0,0
6468,3.320,57.50,192.00,1,0,0
6471,3.320,57.50,192.00,1,0,0
6473,3.320,77.30,257.00,1,0,0
6476,3.316,104.20,342.00,1,0,0
6478,3.264,94.40,192.00,1,0,0
6481,3.320,57.40,190.00,1,0,0
6483,3.320,68.90,228.00,1,0,0
6486,3.320,57.40,190.00,1,0,0
6498,3.284,101.40,192.00,1,0,0
6501,3.320,57.40,190.00,1,0,0
6503,3.312,63.60,211.00,1,0,0
6506,3.320,57.40,190.00,1,0,0
6508,3.320,57.30,190.00,1,0,0
6511,3.316,57.70,192.00,1,0,0
6513,3.320,66.60,198.00,1,0,0
6515,3.320,128.70,419.00,1,0,0
6518,3.264,64.30,213.00,1,0,0
6520,3.320,57.50,192.00,1,0,0
6523,3.320,57.40,190.00,1,0,0
6525,3.320,57.50,190.00,1,0,0
6528,3.320,57.70,192.00,1,0,0
6530,3.316,57.70,192.00,1,0,0
6533,3.316,75.80,251.00,1,0,0
6535,3.320,57.50,188.00,1,0,0
6548,3.316,57.60,192.00,1,0,0
6550,3.320,57.70,190.00,1,0,0
6553,3.320,77.20,256.00,1,0,0
6555,3.320,57.50,188.00,1,0,0
6558,3.256,120.80,190.00,1,0,0
6560,3.320,57.40,190.00,1,0,0
6563,3.320,57.50,192.00,1,0,0
6565,3.316,58.20,192.00,1,0,0
6568,3.316,57.40,190.00,1,0,0
6570,3.316,57.50,192.00,1,0,0
6573,3.316,57.50,251.00,1,0,0
6575,3.316,112.20,369.00,1,0,0
6578,3.272,76.30,254.00,1,0,0
6580,3.320,57.40,190.00,1,0,0
6583,3.316,57.50,226.00,1,0,0
6585,3.320,57.40,190.00,1,0,0
6598,3.268,100.50,333.00,1,0,0
6600,3.320,57.20,190.00,1,0,0
6603,3.316,57.50,205.00,1,0,0
6605,3.316,57.40,190.00,1,0,0
6608,3.316,57.30,190.00,1,0,0
6610,3.320,57.70,192.00,1,0,0
6613,3.316,68.90,228.00,1,0,0
6615,3.316,57.40,190.00,1,0,0
6617,3.264,144.20,190.00,1,0,0
6620,3.320,57.50,192.00,1,0,0
6622,3.320,57.50,190.00,1,0,0
6625,3.316,57.40,192.00,1,0,0
6627,3.320,57.60,192.00,1,0,0
6630,3.316,57.60,192.00,1,0,0
6632,3.316,57.60,256.00,1,0,0
6635,3.308,57.40,187.00,1,0,0
6647,3.320,57.60,192.00,1,0,0
6650,3.320,57.40,190.00,1,0,0
6652,3.320,57.40,190.00,1,0,0
6655,3.316,57.40,239.00,1,0,0
6657,3.276,88.40,292.00,1,0,0
6660,3.316,57.40,190.00,1,0,0
6662,3.320,57.40,228.00,1,0,0
6665,3.320,57.60,192.00,1,0,0
6667,3.320,57.30,190.00,1,0,0
6670,3.320,57.40,190.00,1,0,0
6672,3.316,57.40,190.00,1,0,0
6675,3.320,57.50,192.00,1,0,0
6677,3.304,168.00,416.00,1,0,0
6679,3.320,57.50,192.00,1,0,0
6682,3.320,57.50,192.00,1,0,0
6684,3.316,57.40,190.00,1,0,0
6697,3.288,157.40,518.00,1,0,0
6700,3.312,57.40,190.00,1,0,0
6702,3.316,57.50,190.00,1,0,0
6705,3.316,57.50,192.00,1,0,0
6707,3.320,57.40,192.00,1,0,0
6709,3.320,57.60,192.00,1,0,0
6712,3.320,57.70,192.00,1,0,0
6714,3.304,57.40,188.00,1,0,0
6717,3.292,157.40,518.00,1,0,0
6719,3.320,57.40,190.00,1,0,0
6722,3.320,57.50,190.00,1,0,0
6724,3.308,57.60,192.00,1,0,0
6727,3.320,57.70,192.00,1,0,0
6729,3.316,57.40,190.00,1,0,0
6732,3.316,57.30,190.00,1,0,0
6734,3.312,57.30,190.00,1,0,0
6747,3.320,57.60,192.00,1,0,0
6749,3.320,57.30,190.00,1,0,0
6752,3.316,57.50,190.00,1,0,0
6754,3.308,57.50,192.00,1,0,0
6757,3.280,156.10,513.00,1,0,0
6759,3.312,57.50,192.00,1,0,0
6762,3.320,57.40,190.00,1,0,0
6764,3.320,58.20,193.00,1,0,0
6767,3.316,57.30,190.00,1,0,0
6769,3.320,57.50,192.00,1,0,0
6772,3.316,57.60,192.00,1,0,0
6774,3.300,70.70,190.00,1,0,0
6776,3.316,114.80,375.00,1,0,0
6779,3.316,57.40,190.00,1,0,0
6781,3.316,57.50,190.00,1,0,0
6784,3.316,57.40,190.00,1,0,0
6797,3.320,160.50,526.00,1,0,0
6799,3.320,57.40,190.00,1,0,0
6802,3.316,57.50,190.00,1,0,0
6804,3.308,57.50,192.00,1,0,0
6806,3.320,57.60,192.00,1,0,0
6809,3.320,57.70,192.00,1,0,0
6811,3.316,57.70,192.00,1,0,0
6814,3.316,57.50,192.00,1,0,0
6816,3.280,118.00,387.00,1,0,0
6819,3.276,58.80,192.00,1,0,0
6821,3.320,57.40,190.00,1,0,0
6824,3.308,58.20,193.00,1,0,0
6826,3.320,57.70,192.00,1,0,0
6829,3.316,57.60,192.00,1,0,0
6831,3.320,57.70,192.00,1,0,0
6834,3.316,77.60,190.00,1,0,0
6846,3.320,57.60,192.00,1,0,0
6849,3.320,57.30,190.00,1,0,0
6851,3.320,57.40,190.00,1,0,0
6854,3.308,75.60,190.00,1,0,0
6856,3.316,153.00,503.00,1,0,0
6859,3.316,57.50,192.00,1,0,0
6861,3.320,57.40,190.00,1,0,0
6864,3.320,58.30,193.00,1,0,0
6866,3.316,57.30,190.00,1,0,0
6869,3.316,57.30,190.00,1,0,0
6871,3.316,57.50,190.00,1,0,0
6873,3.316,68.30,226.00,1,0,0
6876,3.316,154.20,505.00,1,0,0
6878,3.264,96.60,190.00,1,0,0
6881,3.320,57.40,190.00,1,0,0
6883,3.316,63.40,210.00,1,0,0
6896,3.304,126.60,415.00,1,0,0
6899,3.300,87.30,190.00,1,0,0
6901,3.316,57.30,190.00,1,0,0
6903,3.308,57.40,190.00,1,0,0
6906,3.320,57.70,192.00,1,0,0
6908,3.320,57.60,192.00,1,0,0
6911,3.320,57.70,192.00,1,0,0
6913,3.320,76.00,190.00,1,0,0
6916,3.320,81.60,265.00,1,0,0
6918,3.284,57.50,190.00,1,0,0
6921,3.320,57.50,192.00,1,0,0
6923,3.320,58.30,193.00,1,0,0
6926,3.320,57.70,192.00,1,0,0
6928,3.320,57.70,192.00,1,0,0
6931,3.316,57.30,190.00,1,0,0
6933,3.316,78.20,259.00,1,0,0
6946,3.316,57.60,192.00,1,0,0
6948,3.320,57.40,190.00,1,0,0
6951,3.320,57.40,190.00,1,0,0
6953,3.316,74.70,247.00,1,0,0
6956,3.320,121.20,398.00,1,0,0
6958,3.268,106.80,192.00,1,0,0
6961,3.320,57.40,190.00,1,0,0
6963,3.316,68.70,228.00,1,0,0
6966,3.320,57.30,190.00,1,0,0
6968,3.320,57.40,190.00,1,0,0
6971,3.316,57.50,190.00,1,0,0
6973,3.320,60.30,233.00,1,0,0
6975,3.320,148.40,490.00,1,0,0
6978,3.288,111.90,372.00,1,0,0
6980,3.316,57.30,190.00,1,0,0
6993,3.320,69.20,228.00,1,0,0
6996,3.316,57.50,385.00,1,0,0
6998,3.272,63.00,210.00,1,0,0
7000,3.320,57.40,190.00,1,0,0
7003,3.320,57.40,192.00,1,0,0
7005,3.320,57.80,192.00,1,0,0
7008,3.320,57.70,192.00,1,0,0
7010,3.320,57.70,192.00,1,0,0
7013,3.320,77.40,256.00,1,0,0
7015,3.316,57.30,187.00,1,0,0
7018,3.288,137.20,190.00,1,0,0
7020,3.316,57.40,190.00,1,0,0
7023,3.316,61.40,203.00,1,0,0
7025,3.320,57.60,192.00,1,0,0
7028,3.320,57.60,192.00,1,0,0
7030,3.320,57.30,190.00,1,0,0
7043,3.320,68.60,228.00,1,0,0
7045,3.316,57.70,192.00,1,0,0
7048,3.320,57.30,190.00,1,0,0
7050,3.320,57.40,190.00,1,0,0
7053,3.316,57.40,241.00,1,0,0
7055,3.320,57.60,451.00,1,0,0
7058,3.284,123.00,408.00,1,0,0
7060,3.320,57.50,192.00,1,0,0
7063,3.320,57.50,223.00,1,0,0
7065,3.316,57.30,190.00,1,0,0
7067,3.316,57.40,190.00,1,0,0
7070,3.316,57.50,192.00,1,0,0
7072,3.316,62.40,206.00,1,0,0
7075,3.316,57.40,190.00,1,0,0
7077,3.264,122.10,192.00,1,0,0
7080,3.320,57.40,190.00,1,0,0
7093,3.320,71.60,236.00,1,0,0
7095,3.320,57.40,188.00,1,0,0
7097,3.268,114.70,198.00,1,0,0
7100,3.320,57.40,190.00,1,0,0
7102,3.320,57.50,190.00,1,0,0
7105,3.316,57.80,192.00,1,0,0
7107,3.320,57.60,192.00,1,0,0
7110,3.320,57.60,192.00,1,0,0
7112,3.320,57.50,257.00,1,0,0
7115,3.312,57.30,187.00,1,0,0
7117,3.268,165.80,547.00,1,0,0
7120,3.320,57.40,190.00,1,0,0
7122,3.320,57.60,210.00,1,0,0
7125,3.316,57.70,192.00,1,0,0
7127,3.320,57.70,192.00,1,0,0
7130,3.316,57.40,190.00,1,0,0
7142,3.320,57.40,228.00,1,0,0
7145,3.320,57.50,192.00,1,0,0
7147,3.320,57.30,190.00,1,0,0
7150,3.316,57.30,190.00,1,0,0
7152,3.320,57.40,190.00,1,0,0
7155,3.320,57.50,192.00,1,0,0
7157,3.300,168.10,365.00,1,0,0
7160,3.320,57.40,190.00,1,0,0
7162,3.320,57.40,190.00,1,0,0
7164,3.320,57.40,190.00,1,0,0
7167,3.320,57.40,190.00,1,0,0
7169,3.320,57.50,192.00,1,0,0
7172,3.320,57.80,215.00,1,0,0
7174,3.300,62.00,190.00,1,0,0
7177,3.312,104.00,341.00,1,0,0
7179,3.320,57.30,190.00,1,0,0
7192,3.320,57.70,192.00,1,0,0
7194,3.308,57.50,188.00,1,0,0
7197,3.276,151.80,500.00,1,0,0
7199,3.320,57.40,190.00,1,0,0
7202,3.320,57.40,190.00,1,0,0
7204,3.308,57.80,192.00,1,0,0
7207,3.320,57.70,192.00,1,0,0
7209,3.320,57.70,192.00,1,0,0
7212,3.316,57.40,190.00,1,0,0
7214,3.312,57.40,190.00,1,0,0
7217,3.268,105.50,464.00,1,0,0
7219,3.304,57.60,192.00,1,0,0
7222,3.320,57.60,192.00,1,0,0
7224,3.316,58.30,192.00,1,0,0
7227,3.320,57.60,192.00,1,0,0
7229,3.320,57.30,190.00,1,0,0
7242,3.320,57.40,190.00,1,0,0
7244,3.320,58.10,193.00,1,0,0
7247,3.316,57.30,190.00,1,0,0
7249,3.320,57.30,190.00,1,0,0
7252,3.316,57.40,190.00,1,0,0
7254,3.300,66.10,192.00,1,0,0
7257,3.320,115.30,378.00,1,0,0
7259,3.316,57.50,192.00,1,0,0
7262,3.320,57.30,190.00,1,0,0
7264,3.316,57.30,190.00,1,0,0
7266,3.320,57.30,190.00,1,0,0
7269,3.316,57.40,192.00,1,0,0
7271,3.320,57.70,192.00,1,0,0
7274,3.300,59.10,197.00,1,0,0
7276,3.304,126.70,426.00,1,0,0
7279,3.268,57.30,190.00,1,0,0
7291,3.316,57.60,192.00,1,0,0
7294,3.316,57.30,190.00,1,0,0
7296,3.272,118.60,390.00,1,0,0
7299,3.288,57.40,190.00,1,0,0
7301,3.320,57.40,190.00,1,0,0
7304,3.312,58.30,193.00,1,0,0
7306,3.320,57.70,192.00,1,0,0
7309,3.320,57.70,192.00,1,0,0
7311,3.316,57.30,190.00,1,0,0
7314,3.312,77.00,190.00,1,0,0
7316,3.320,160.20,526.00,1,0,0
7319,3.296,57.60,192.00,1,0,0
7321,3.320,57.60,192.00,1,0,0
7324,3.320,58.10,193.00,1,0,0
7326,3.316,57.60,192.00,1,0,0
7328,3.320,59.10,190.00,1,0,0
7341,3.316,57.50,192.00,1,0,0
7344,3.320,57.40,190.00,1,0,0
7346,3.316,57.30,190.00,1,0,0
7349,3.316,57.20,190.00,1,0,0
7351,3.316,57.30,192.00,1,0,0
7353,3.320,65.40,218.00,1,0,0
7356,3.320,154.40,505.00,1,0,0
7358,3.288,57.50,192.00,1,0,0
7361,3.320,57.30,190.00,1,0,0
7363,3.312,60.10,200.00,1,0,0
7366,3.316,57.30,190.00,1,0,0
7368,3.316,57.70,192.00,1,0,0
7371,3.320,57.80,192.00,1,0,0
7373,3.320,69.50,192.00,1,0,0
7376,3.320,117.50,385.00,1,0,0
7378,3.292,65.40,218.00,1,0,0
7391,3.320,57.60,192.00,1,0,0
7393,3.320,77.00,190.00,1,0,0
7396,3.320,86.00,280.00,1,0,0
7398,3.292,57.30,190.00,1,0,0
7401,3.320,57.30,192.00,1,0,0
7403,3.320,58.40,193.00,1,0,0
7410,3.320,57.30,190.00,1,0,0
7413,3.316,57.30,259.00,1,0,0
7415,3.316,82.40,270.00,1,0,0
7418,3.292,157.80,523.00,1,0,0
7420,3.316,57.60,192.00,1,0,0
7423,3.320,68.90,229.00,1,0,0
7425,3.320,57.60,192.00,1,0,0
7427,3.320,57.30,190.00,1,0,0
7430,3.320,57.40,190.00,1,0,0
7432,3.320,57.40,190.00,1,0,0
7435,3.320,57.40,441.00,1,0,0
7437,3.284,63.00,210.00,1,0,0
7440,3.320,57.50,192.00,1,0,0
7442,3.316,57.50,220.00,1,0,0
7445,3.316,57.40,190.00,1,0,0
7447,3.320,57.40,190.00,1,0,0
7460,3.320,57.40,190.00,1,0,0
7462,3.320,57.40,190.00,1,0,0
7465,3.316,57.30,190.00,1,0,0
7467,3.316,57.70,192.00,1,0,0
7470,3.320,57.70,192.00,1,0,0
7472,3.320,57.80,239.00,1,0,0
7475,3.304,57.50,188.00,1,0,0
7477,3.276,115.00,377.00,1,0,0
7480,3.320,57.40,190.00,1,0,0
7482,3.320,57.40,190.00,1,0,0
7485,3.316,57.80,192.00,1,0,0
7487,3.320,57.80,192.00,1,0,0
7490,3.316,57.70,192.00,1,0,0
7492,3.320,57.40,190.00,1,0,0
7495,3.312,57.40,187.00,1,0,0
7497,3.268,121.50,403.00,1,0,0
7510,3.320,57.30,190.00,1,0,0
7512,3.320,57.40,190.00,1,0,0
7515,3.320,57.40,190.00,1,0,0
7517,3.284,137.10,516.00,1,0,0
7520,3.316,57.50,192.00,1,0,0
7522,3.316,57.60,192.00,1,0,0
7524,3.320,58.20,190.00,1,0,0
7527,3.316,57.40,190.00,1,0,0
7529,3.316,57.30,190.00,1,0,0
7532,3.316,57.30,188.00,1,0,0
7534,3.300,57.50,192.00,1,0,0
7537,3.284,118.20,385.00,1,0,0
7539,3.316,57.60,192.00,1,0,0
7542,3.320,57.40,190.00,1,0,0
7544,3.316,57.40,190.00,1,0,0
7547,3.316,57.40,190.00,1,0,0
7559,3.320,57.40,190.00,1,0,0
7562,3.316,57.40,190.00,1,0,0
7564,3.308,57.30,190.00,1,0,0
7567,3.320,57.70,192.00,1,0,0
7569,3.320,57.70,192.00,1,0,0
7572,3.320,57.70,192.00,1,0,0
7574,3.304,57.50,190.00,1,0,0
7577,3.280,86.10,377.00,1,0,0
7579,3.280,57.40,190.00,1,0,0
7582,3.320,57.30,190.00,1,0,0
7584,3.308,58.30,192.00,1,0,0
7586,3.320,57.80,192.00,1,0,0
7589,3.316,57.80,192.00,1,0,0
7591,3.316,57.50,190.00,1,0,0
7594,3.316,57.30,190.00,1,0,0
7596,3.268,106.50,347.00,1,0,0
7609,3.320,57.40,190.00,1,0,0
7611,3.320,57.30,190.00,1,0,0
7614,3.304,75.80,190.00,1,0,0
7616,3.320,139.40,455.00,1,0,0
7619,3.312,57.50,192.00,1,0,0
7621,3.316,57.60,192.00,1,0,0
7624,3.320,57.90,192.00,1,0,0
7626,3.320,57.40,190.00,1,0,0
7629,3.320,57.40,190.00,1,0,0
7631,3.320,57.40,190.00,1,0,0
7634,3.300,70.50,234.00,1,0,0
7636,3.320,140.10,554.00,1,0,0
7639,3.288,57.60,192.00,1,0,0
7641,3.316,57.30,190.00,1,0,0
7644,3.316,62.50,190.00,1,0,0
7646,3.316,57.30,190.00,1,0,0
7659,3.264,57.30,190.00,1,0,0
7661,3.320,57.30,190.00,1,0,0
7664,3.308,57.40,190.00,1,0,0
7666,3.320,57.60,192.00,1,0,0
7669,3.320,57.70,192.00,1,0,0
7671,3.320,57.80,192.00,1,0,0
7674,3.320,77.00,190.00,1,0,0
7676,3.320,118.30,388.00,1,0,0
7678,3.292,57.50,192.00,1,0,0
7681,3.320,57.40,190.00,1,0,0
7683,3.320,58.20,193.00,1,0,0
7686,3.320,57.80,192.00,1,0,0
7688,3.316,57.80,192.00,1,0,0
7691,3.320,57.30,190.00,1,0,0
7693,3.312,76.50,254.00,1,0,0
7696,3.320,58.70,347.00,1,0,0
7708,3.320,57.30,190.00,1,0,0
7711,3.320,57.40,190.00,1,0,0
7713,3.304,73.50,244.00,1,0,0
7716,3.316,127.20,418.00,1,0,0
7718,3.280,57.50,192.00,1,0,0
7721,3.316,57.50,192.00,1,0,0
7723,3.320,68.80,190.00,1,0,0
7726,3.320,57.30,190.00,1,0,0
7728,3.320,57.40,190.00,1,0,0
7731,3.320,57.40,190.00,1,0,0
7733,3.316,61.10,216.00,1,0,0
7736,3.320,154.40,505.00,1,0,0
7738,3.284,60.40,200.00,1,0,0
7741,3.320,57.40,190.00,1,0,0
7743,3.316,59.90,198.00,1,0,0
7745,3.320,57.30,190.00,1,0,0
7758,3.272,60.60,202.00,1,0,0
7761,3.316,57.30,190.00,1,0,0
7763,3.320,57.40,190.00,1,0,0
7766,3.316,57.70,192.00,1,0,0
7768,3.320,57.70,192.00,1,0,0
7771,3.320,57.80,192.00,1,0,0
7773,3.316,78.00,259.00,1,0,0
7775,3.320,57.40,439.00,1,0,0
7778,3.296,57.40,190.00,1,0,0
7780,3.316,57.30,190.00,1,0,0
7783,3.320,62.10,193.00,1,0,0
7785,3.320,57.70,192.00,1,0,0
7788,3.320,57.80,192.00,1,0,0
7790,3.316,57.30,190.00,1,0,0
7793,3.320,57.40,256.00,1,0,0
7795,3.316,76.90,252.00,1,0,0
7808,3.320,57.40,190.00,1,0,0
7810,3.320,57.30,190.00,1,0,0
7813,3.316,57.30,236.00,1,0,0
7815,3.320,141.60,469.00,1,0,0
7818,3.288,118.60,393.00,1,0,0
7820,3.320,57.60,192.00,1,0,0
7823,3.316,66.50,221.00,1,0,0
7825,3.316,57.40,190.00,1,0,0
7828,3.320,57.30,190.00,1,0,0
7830,3.320,57.60,192.00,1,0,0
7833,3.320,63.10,208.00,1,0,0
7835,3.316,57.50,503.00,1,0,0
7838,3.264,72.30,241.00,1,0,0
7840,3.320,57.40,190.00,1,0,0
7843,3.320,57.40,193.00,1,0,0
7845,3.316,57.40,190.00,1,0,0
7858,3.276,157.10,190.00,1,0,0
7860,3.316,57.40,190.00,1,0,0
7863,3.320,57.40,190.00,1,0,0
7865,3.320,57.70,192.00,1,0,0
7868,3.316,57.70,192.00,1,0,0
7870,3.320,57.80,192.00,1,0,0
7873,3.320,57.50,259.00,1,0,0
7875,3.312,57.30,187.00,1,0,0
7877,3.264,145.80,482.00,1,0,0
7880,3.320,57.30,190.00,1,0,0
7882,3.316,64.30,213.00,1,0,0
7885,3.320,57.80,192.00,1,0,0
7887,3.320,57.80,192.00,1,0,0
7890,3.320,57.40,190.00,1,0,0
7892,3.316,57.40,190.00,1,0,0
7895,3.320,57.40,326.00,1,0,0
7907,3.320,57.40,190.00,1,0,0
7910,3.320,57.30,190.00,1,0,0
7912,3.320,57.30,188.00,1,0,0
7915,3.320,57.50,192.00,1,0,0
7917,3.280,100.50,344.00,1,0,0
7920,3.316,57.50,190.00,1,0,0
7922,3.320,57.40,190.00,1,0,0
7925,3.316,57.40,190.00,1,0,0
7927,3.320,57.30,190.00,1,0,0
7930,3.316,57.60,192.00,1,0,0
7932,3.320,57.60,216.00,1,0,0
7935,3.300,57.50,190.00,1,0,0
7937,3.284,138.60,452.00,1,0,0
7940,3.320,57.50,190.00,1,0,0
7942,3.320,57.40,190.00,1,0,0
7944,3.316,57.30,190.00,1,0,0
7957,3.276,153.60,510.00,1,0,0
7960,3.320,57.30,190.00,1,0,0
7962,3.316,57.40,192.00,1,0,0
7964,3.312,57.70,192.00,1,0,0
7967,3.320,57.60,192.00,1,0,0
7969,3.320,57.70,192.00,1,0,0
7972,3.320,57.50,190.00,1,0,0
7974,3.312,57.30,190.00,1,0,0
7977,3.272,160.50,321.00,1,0,0
7979,3.320,57.50,192.00,1,0,0
7982,3.316,57.40,190.00,1,0,0
7984,3.316,58.20,192.00,1,0,0
7987,3.316,57.80,192.00,1,0,0
7989,3.320,57.50,190.00,1,0,0
7992,3.316,57.30,190.00,1,0,0
7994,3.308,57.30,190.00,1,0,0
8007,3.320,57.40,190.00,1,0,0
8009,3.320,57.30,190.00,1,0,0
8012,3.316,57.40,195.00,1,0,0
8014,3.300,57.50,190.00,1,0,0
8017,3.316,94.10,306.00,1,0,0
8019,3.320,57.60,192.00,1,0,0
8022,3.320,57.50,190.00,1,0,0
8024,3.312,57.40,190.00,1,0,0
8027,3.320,57.40,190.00,1,0,0
8029,3.320,57.50,190.00,1,0,0
8032,3.316,57.70,192.00,1,0,0
8034,3.300,58.80,195.00,1,0,0
8036,3.300,125.30,500.00,1,0,0
8039,3.312,57.50,192.00,1,0,0
8041,3.320,57.40,190.00,1,0,0
8044,3.308,57.40,190.00,1,0,0
8056,3.272,92.80,521.00,1,0,0
8059,3.312,57.40,190.00,1,0,0
8061,3.320,57.40,190.00,1,0,0
8064,3.312,58.10,193.00,1,0,0
8066,3.320,57.60,192.00,1,0,0
8069,3.320,57.70,192.00,1,0,0
8071,3.320,57.40,190.00,1,0,0
8074,3.312,77.50,190.00,1,0,0
8076,3.320,115.80,378.00,1,0,0
8079,3.312,57.50,192.00,1,0,0
8081,3.320,57.50,190.00,1,0,0
8084,3.320,58.20,193.00,1,0,0
8086,3.320,57.80,192.00,1,0,0
8089,3.320,57.40,190.00,1,0,0
8091,3.320,57.40,190.00,1,0,0
8094,3.304,73.20,242.00,1,0,0
8106,3.320,57.40,190.00,1,0,0
8109,3.320,57.30,190.00,1,0,0
8111,3.316,57.70,192.00,1,0,0
8114,3.300,64.90,216.00,1,0,0
8116,3.316,154.30,521.00,1,0,0
8119,3.272,57.60,192.00,1,0,0
8121,3.320,57.40,190.00,1,0,0
8124,3.312,60.10,200.00,1,0,0
8126,3.320,57.40,190.00,1,0,0
8128,3.320,57.70,192.00,1,0,0
8131,3.320,57.70,192.00,1,0,0
8133,3.320,70.30,192.00,1,0,0
8136,3.320,107.10,351.00,1,0,0
8138,3.276,118.80,395.00,1,0,0
8141,3.320,57.40,190.00,1,0,0
8153,3.320,78.00,190.00,1,0,0
8156,3.316,97.40,318.00,1,0,0
8158,3.296,57.40,190.00,1,0,0
8161,3.316,57.40,190.00,1,0,0
8163,3.320,58.10,193.00,1,0,0
8166,3.320,57.60,192.00,1,0,0
8168,3.320,57.70,192.00,1,0,0
8171,3.320,57.50,192.00,1,0,0
8173,3.320,78.00,259.00,1,0,0
8176,3.320,86.00,413.00,1,0,0
8178,3.276,157.20,192.00,1,0,0
8181,3.320,57.40,190.00,1,0,0
8183,3.320,68.90,229.00,1,0,0
8186,3.320,57.70,192.00,1,0,0
8188,3.320,57.40,190.00,1,0,0
8190,3.320,57.50,192.00,1,0,0
8203,3.320,66.30,220.00,1,0,0
8206,3.320,57.50,190.00,1,0,0
8208,3.320,57.40,190.00,1,0,0
8211,3.320,57.70,192.00,1,0,0
8213,3.316,63.40,211.00,1,0,0
8216,3.320,150.40,495.00,1,0,0
8218,3.268,67.00,223.00,1,0,0
8220,3.320,57.40,192.00,1,0,0
8223,3.320,58.20,193.00,1,0,0
8225,3.320,57.40,190.00,1,0,0
8228,3.320,57.60,192.00,1,0,0
8230,3.320,57.60,192.00,1,0,0
8233,3.316,72.80,241.00,1,0,0
8235,3.320,57.40,387.00,1,0,0
8238,3.276,157.20,192.00,1,0,0
8240,3.320,57.30,190.00,1,0,0
8253,3.320,78.00,259.00,1,0,0
8255,3.320,57.50,188.00,1,0,0
8258,3.268,106.30,213.00,1,0,0
8260,3.320,57.50,192.00,1,0,0
8263,3.320,64.60,215.00,1,0,0
8265,3.316,57.70,192.00,1,0,0
8268,3.320,57.60,192.00,1,0,0
8270,3.316,57.40,190.00,1,0,0
8273,3.316,57.50,257.00,1,0,0
8275,3.320,100.10,329.00,1,0,0
8278,3.288,155.00,513.00,1,0,0
8280,3.316,57.50,190.00,1,0,0
8283,3.316,69.00,229.00,1,0,0
8285,3.320,57.50,192.00,1,0,0
8287,3.320,57.50,192.00,1,0,0
8300,3.316,57.50,190.00,1,0,0
8303,3.316,57.40,213.00,1,0,0
8305,3.316,57.50,192.00,1,0,0
8308,3.320,57.30,190.00,1,0,0
8310,3.316,57.50,192.00,1,0,0
8312,3.320,65.90,218.00,1,0,0
8315,3.316,57.40,190.00,1,0,0
8317,3.284,138.30,480.00,1,0,0
8320,3.316,57.50,192.00,1,0,0
8322,3.316,57.40,190.00,1,0,0
8325,3.316,57.40,190.00,1,0,0
8327,3.316,57.70,192.00,1,0,0
8330,3.320,57.60,192.00,1,0,0
8332,3.320,57.60,247.00,1,0,0
8335,3.304,57.40,188.00,1,0,0
8337,3.284,154.80,510.00,1,0,0
8350,3.316,57.70,192.00,1,0,0
8352,3.316,57.40,190.00,1,0,0
8355,3.312,57.50,187.00,1,0,0
8357,3.268,150.30,496.00,1,0,0
8360,3.316,57.50,192.00,1,0,0
8362,3.320,57.40,221.00,1,0,0
8365,3.316,57.70,192.00,1,0,0
8367,3.316,57.60,192.00,1,0,0
8370,3.320,57.50,192.00,1,0,0
8372,3.320,57.40,190.00,1,0,0
8375,3.320,57.40,190.00,1,0,0
8377,3.284,135.20,467.00,1,0,0
8380,3.316,57.40,190.00,1,0,0
8382,3.316,57.50,192.00,1,0,0
8384,3.320,57.60,192.00,1,0,0
8387,3.320,57.50,192.00,1,0,0
8400,3.320,57.60,192.00,1,0,0
8402,3.320,57.50,190.00,1,0,0
8405,3.320,57.50,192.00,1,0,0
8407,3.320,57.30,190.00,1,0,0
8409,3.316,57.70,192.00,1,0,0
8412,3.320,57.70,192.00,1,0,0
8414,3.304,57.50,190.00,1,0,0
8417,3.292,115.40,377.00,1,0,0
8419,3.320,57.40,190.00,1,0,0
8422,3.320,57.50,190.00,1,0,0
8424,3.308,57.40,190.00,1,0,0
8427,3.316,57.70,192.00,1,0,0
8429,3.320,57.70,192.00,1,0,0
8432,3.316,57.70,192.00,1,0,0
8434,3.308,57.30,190.00,1,0,0
8437,3.272,118.20,469.00,1,0,0
8449,3.320,57.60,190.00,1,0,0
8452,3.316,57.50,190.00,1,0,0
8454,3.316,57.50,192.00,1,0,0
8457,3.276,158.80,285.00,1,0,0
8459,3.296,57.50,192.00,1,0,0
8462,3.320,57.40,190.00,1,0,0
8464,3.320,58.10,193.00,1,0,0
8467,3.316,57.70,190.00,1,0,0
8469,3.316,57.50,190.00,1,0,0
8471,3.316,57.40,190.00,1,0,0
8474,3.304,73.20,192.00,1,0,0
8476,3.320,166.40,547.00,1,0,0
8479,3.320,57.50,192.00,1,0,0
8481,3.316,57.40,190.00,1,0,0
8484,3.320,57.40,190.00,1,0,0
8486,3.316,57.40,190.00,1,0,0
8499,3.312,57.50,192.00,1,0,0
8501,3.320,57.40,190.00,1,0,0
8504,3.312,60.00,192.00,1,0,0
8506,3.320,57.40,190.00,1,0,0
8509,3.320,57.60,192.00,1,0,0
8511,3.320,57.60,192.00,1,0,0
8514,3.320,57.50,192.00,1,0,0
8516,3.292,108.10,354.00,1,0,0
8519,3.268,106.50,192.00,1,0,0
8521,3.320,57.60,192.00,1,0,0
8524,3.308,57.30,190.00,1,0,0
8526,3.320,57.60,192.00,1,0,0
8529,3.320,57.60,192.00,1,0,0
8531,3.316,57.60,192.00,1,0,0
8533,3.316,77.40,190.00,1,0,0
8536,3.320,96.90,316.00,1,0,0
8549,3.320,57.50,192.00,1,0,0
8551,3.320,57.40,190.00,1,0,0
8554,3.312,78.30,192.00,1,0,0
8556,3.320,161.70,534.00,1,0,0
8559,3.312,57.50,192.00,1,0,0
8561,3.320,57.40,190.00,1,0,0
8563,3.316,70.60,193.00,1,0,0
8566,3.320,57.40,190.00,1,0,0
8568,3.320,57.40,190.00,1,0,0
8571,3.320,57.50,190.00,1,0,0
8573,3.320,71.30,236.00,1,0,0
8576,3.316,138.70,455.00,1,0,0
8578,3.268,68.60,190.00,1,0,0
8581,3.316,57.50,192.00,1,0,0
8583,3.316,65.20,216.00,1,0,0
8586,3.320,57.40,190.00,1,0,0
8598,3.284,57.50,190.00,1,0,0
8601,3.316,57.40,190.00,1,0,0
8603,3.308,57.60,192.00,1,0,0
8606,3.316,57.50,192.00,1,0,0
8608,3.320,57.70,192.00,1,0,0
8611,3.320,57.70,192.00,1,0,0
8613,3.320,73.10,192.00,1,0,0
8616,3.320,117.70,387.00,1,0,0
8618,3.276,103.60,344.00,1,0,0
8621,3.316,57.50,192.00,1,0,0
8623,3.320,58.20,193.00,1,0,0
8626,3.320,57.70,192.00,1,0,0
8628,3.320,57.70,192.00,1,0,0
8631,3.316,57.70,192.00,1,0,0
8633,3.316,77.00,256.00,1,0,0
8635,3.320,57.50,188.00,1,0,0
8648,3.320,57.50,190.00,1,0,0
8651,3.316,57.40,190.00,1,0,0
8653,3.320,76.30,254.00,1,0,0
8656,3.320,106.60,351.00,1,0,0
8658,3.276,81.80,190.00,1,0,0
8660,3.316,57.50,192.00,1,0,0
8663,3.320,68.10,226.00,1,0,0
8665,3.320,57.40,190.00,1,0,0
8668,3.320,57.40,190.00,1,0,0
8670,3.316,57.50,192.00,1,0,0
8673,3.320,57.60,233.00,1,0,0
8675,3.320,134.70,442.00,1,0,0
8678,3.280,125.50,416.00,1,0,0
8680,3.316,57.50,190.00,1,0,0
8683,3.316,63.80,211.00,1,0,0
8695,3.320,57.50,451.00,1,0,0
8698,3.264,64.20,213.00,1,0,0
8700,3.316,57.30,190.00,1,0,0
8703,3.320,57.50,190.00,1,0,0
8705,3.316,57.50,190.00,1,0,0
8708,3.320,57.70,192.00,1,0,0
8710,3.320,57.70,192.00,1,0,0
8713,3.320,75.50,249.00,1,0,0
8715,3.320,57.30,188.00,1,0,0
8718,3.260,115.10,192.00,1,0,0
8720,3.320,57.50,192.00,1,0,0
8723,3.320,58.50,193.00,1,0,0
8725,3.320,57.70,192.00,1,0,0
8727,3.320,57.70,192.00,1,0,0
8730,3.320,57.40,190.00,1,0,0
8732,3.320,57.30,190.00,1,0,0
8745,3.320,58.30,193.00,1,0,0
8747,3.320,57.60,190.00,1,0,0
8750,3.316,57.40,190.00,1,0,0
8752,3.316,57.40,190.00,1,0,0
8755,3.308,72.90,192.00,1,0,0
8757,3.320,120.70,393.00,1,0,0
8760,3.320,57.50,190.00,1,0,0
8762,3.320,57.40,192.00,1,0,0
8765,3.320,57.40,190.00,1,0,0
8767,3.320,57.40,190.00,1,0,0
8770,3.320,57.50,190.00,1,0,0
8772,3.320,57.70,192.00,1,0,0
8775,3.300,62.40,206.00,1,0,0
8777,3.316,146.00,501.00,1,0,0
8780,3.292,57.50,192.00,1,0,0
8782,3.320,57.30,190.00,1,0,0
8795,3.320,57.60,192.00,1,0,0
8797,3.292,117.50,385.00,1,0,0
8800,3.312,57.40,190.00,1,0,0
8802,3.320,57.40,190.00,1,0,0
8805,3.308,57.50,192.00,1,0,0
8807,3.320,57.70,192.00,1,0,0
8809,3.320,57.60,192.00,1,0,0
8812,3.320,57.60,192.00,1,0,0
8814,3.320,77.30,190.00,1,0,0
8817,3.320,142.60,469.00,1,0,0
8819,3.320,57.50,192.00,1,0,0
8822,3.320,57.60,192.00,1,0,0
8824,3.320,58.20,193.00,1,0,0
8827,3.320,57.80,192.00,1,0,0
8829,3.320,57.60,190.00,1,0,0
8832,3.316,57.30,190.00,1,0,0
8844,3.320,68.60,193.00,1,0,0
8847,3.320,57.30,190.00,1,0,0
8849,3.320,57.30,190.00,1,0,0
8852,3.320,57.30,190.00,1,0,0
8854,3.316,70.70,234.00,1,0,0
8857,3.320,147.90,485.00,1,0,0
8859,3.272,112.60,192.00,1,0,0
8862,3.320,57.50,192.00,1,0,0
8864,3.316,65.50,218.00,1,0,0
8867,3.316,57.40,190.00,1,0,0
8869,3.320,57.50,192.00,1,0,0
8872,3.320,57.70,192.00,1,0,0
8874,3.320,64.40,203.00,1,0,0
8877,3.316,140.70,459.00,1,0,0
8879,3.300,57.50,192.00,1,0,0
8892,3.320,57.70,192.00,1,0,0
8894,3.316,73.60,244.00,1,0,0
8897,3.320,57.40,269.00,1,0,0
8899,3.260,57.60,192.00,1,0,0
8902,3.320,57.30,190.00,1,0,0
8904,3.320,57.40,193.00,1,0,0
8906,3.320,57.70,192.00,1,0,0
8909,3.320,57.60,192.00,1,0,0
8911,3.320,57.60,192.00,1,0,0
8914,3.320,78.00,259.00,1,0,0
8916,3.320,57.30,187.00,1,0,0
8919,3.300,166.20,190.00,1,0,0
8921,3.316,57.60,192.00,1,0,0
8924,3.320,65.30,216.00,1,0,0
8926,3.320,57.60,192.00,1,0,0
8929,3.320,57.40,190.00,1,0,0
8941,3.316,57.40,190.00,1,0,0
8944,3.320,68.20,226.00,1,0,0
8946,3.316,57.40,190.00,1,0,0
8949,3.316,57.30,190.00,1,0,0
8951,3.316,57.40,190.00,1,0,0
8954,3.320,57.90,192.00,1,0,0
8956,3.320,57.60,508.00,1,0,0
8959,3.292,90.40,300.00,1,0,0
8961,3.320,57.50,192.00,1,0,0
8964,3.320,57.40,210.00,1,0,0
8966,3.316,57.40,190.00,1,0,0
8969,3.316,57.40,190.00,1,0,0
8971,3.320,57.80,192.00,1,0,0
8973,3.320,66.90,221.00,1,0,0
8976,3.320,57.40,190.00,1,0,0
8978,3.264,147.90,190.00,1,0,0
8991,3.320,57.70,192.00,1,0,0
8994,3.320,75.90,251.00,1,0,0
8996,3.320,57.30,187.00,1,0,0
8999,3.288,145.50,190.00,1,0,0
9001,3.320,57.40,190.00,1,0,0
9003,3.320,59.10,195.00,1,0,0
9006,3.316,57.80,192.00,1,0,0
9008,3.320,57.70,192.00,1,0,0
9011,3.316,57.60,192.00,1,0,0
9013,3.320,57.40,190.00,1,0,0
9016,3.312,57.30,210.00,1,0,0
9018,3.272,99.60,331.00,1,0,0
9021,3.316,57.60,192.00,1,0,0
9023,3.316,57.60,223.00,1,0,0
9026,3.320,57.70,192.00,1,0,0
9028,3.316,57.50,190.00,1,0,0
9041,3.320,57.50,192.00,1,0,0
9043,3.320,57.50,228.00,1,0,0
9046,3.316,57.40,190.00,1,0,0
9048,3.320,57.40,190.00,1,0,0
9051,3.320,57.30,190.00,1,0,0
9053,3.320,60.20,198.00,1,0,0
9056,3.320,57.60,192.00,1,0,0
9058,3.268,82.10,270.00,1,0,0
9061,3.320,57.40,190.00,1,0,0
9063,3.320,57.40,190.00,1,0,0
9066,3.316,57.30,190.00,1,0,0
9068,3.320,57.40,190.00,1,0,0
9070,3.320,57.80,192.00,1,0,0
9073,3.320,57.80,192.00,1,0,0
9075,3.300,58.60,190.00,1,0,0
9078,3.300,153.30,508.00,1,0,0
9091,3.320,57.70,192.00,1,0,0
9093,3.320,57.70,192.00,1,0,0
9096,3.308,57.30,187.00,1,0,0
9098,3.268,122.70,405.00,1,0,0
9100,3.320,57.40,190.00,1,0,0
9103,3.320,57.60,203.00,1,0,0
9105,3.312,57.80,192.00,1,0,0
9108,3.320,57.70,192.00,1,0,0
9110,3.320,57.60,190.00,1,0,0
9113,3.320,57.30,190.00,1,0,0
9115,3.316,57.40,190.00,1,0,0
9118,3.276,159.40,529.00,1,0,0
9120,3.312,57.60,192.00,1,0,0
9123,3.320,57.60,192.00,1,0,0
9125,3.320,58.10,192.00,1,0,0
9128,3.320,57.60,190.00,1,0,0
9140,3.320,57.60,192.00,1,0,0
9143,3.320,57.50,192.00,1,0,0
9145,3.320,57.40,190.00,1,0,0
9148,3.320,57.30,190.00,1,0,0
9150,3.316,57.30,190.00,1,0,0
9153,3.320,57.80,192.00,1,0,0
9155,3.300,63.20,192.00,1,0,0
9158,3.320,155.20,508.00,1,0,0
9160,3.320,57.40,190.00,1,0,0
9163,3.320,57.40,190.00,1,0,0
9165,3.312,57.30,190.00,1,0,0
9167,3.320,57.40,190.00,1,0,0
9170,3.320,57.70,192.00,1,0,0
9172,3.320,57.70,192.00,1,0,0
9175,3.304,57.50,192.00,1,0,0
9177,3.288,117.60,372.00,1,0,0
9190,3.320,57.70,192.00,1,0,0
9193,3.320,57.60,192.00,1,0,0
9195,3.316,57.30,190.00,1,0,0
9197,3.268,139.50,459.00,1,0,0
9200,3.316,57.40,190.00,1,0,0
9202,3.320,57.50,192.00,1,0,0
9205,3.316,58.40,193.00,1,0,0
9207,3.320,57.80,192.00,1,0,0
9210,3.320,57.30,190.00,1,0,0
9212,3.320,57.30,190.00,1,0,0
9215,3.308,77.40,190.00,1,0,0
9217,3.320,148.20,483.00,1,0,0
9220,3.316,57.60,192.00,1,0,0
9222,3.316,57.60,190.00,1,0,0
9225,3.316,58.30,193.00,1,0,0
9227,3.320,57.40,190.00,1,0,0
9240,3.316,57.60,192.00,1,0,0
9242,3.320,57.50,190.00,1,0,0
9245,3.316,57.40,190.00,1,0,0
9247,3.320,57.40,190.00,1,0,0
9250,3.320,57.30,190.00,1,0,0
9252,3.320,57.60,192.00,1,0,0
9255,3.320,61.60,205.00,1,0,0
9257,3.312,140.70,459.00,1,0,0
9260,3.300,57.40,190.00,1,0,0
9262,3.320,57.40,190.00,1,0,0
9265,3.312,57.40,190.00,1,0,0
9267,3.316,57.30,192.00,1,0,0
9269,3.320,57.70,192.00,1,0,0
9272,3.320,57.80,192.00,1,0,0
9274,3.320,73.70,192.00,1,0,0
9277,3.320,82.40,269.00,1,0,0
9289,3.320,57.70,192.00,1,0,0
9292,3.320,57.60,192.00,1,0,0
9294,3.316,77.70,190.00,1,0,0
9297,3.320,57.40,493.00,1,0,0
9299,3.288,57.40,190.00,1,0,0
9302,3.320,57.50,192.00,1,0,0
9304,3.320,65.40,193.00,1,0,0
9307,3.320,57.70,192.00,1,0,0
9309,3.320,57.40,190.00,1,0,0
9312,3.320,57.40,190.00,1,0,0
9314,3.316,75.50,251.00,1,0,0
9317,3.320,114.00,375.00,1,0,0
9319,3.264,104.40,190.00,1,0,0
9322,3.316,57.60,192.00,1,0,0
9324,3.316,68.50,228.00,1,0,0
9327,3.320,57.30,190.00,1,0,0
9339,3.284,102.40,192.00,1,0,0
9342,3.320,57.40,190.00,1,0,0
9344,3.316,63.40,210.00,1,0,0
9347,3.320,57.30,190.00,1,0,0
9349,3.320,57.40,190.00,1,0,0
9352,3.320,57.70,192.00,1,0,0
9354,3.320,67.20,197.00,1,0,0
9356,3.320,127.00,415.00,1,0,0
9359,3.264,64.20,213.00,1,0,0
9361,3.320,57.30,190.00,1,0,0
9364,3.320,57.40,190.00,1,0,0
9366,3.320,57.60,192.00,1,0,0
9369,3.316,57.70,192.00,1,0,0
9371,3.320,57.80,192.00,1,0,0
9374,3.320,76.10,252.00,1,0,0
9376,3.320,57.30,187.00,1,0,0
9389,3.320,57.80,192.00,1,0,0
9391,3.320,57.70,190.00,1,0,0
9394,3.320,77.50,257.00,1,0,0
9396,3.316,67.30,220.00,1,0,0
9399,3.272,158.30,192.00,1,0,0
9401,3.320,57.60,192.00,1,0,0
9404,3.316,67.50,224.00,1,0,0
9406,3.320,57.70,192.00,1,0,0
9413,3.316,57.30,190.00,1,0,0
9416,3.320,57.30,190.00,1,0,0
9418,3.284,131.20,452.00,1,0,0
9421,3.320,57.60,192.00,1,0,0
9423,3.320,57.60,192.00,1,0,0
9426,3.320,57.50,190.00,1,0,0
9428,3.316,57.40,190.00,1,0,0
9430,3.320,57.40,190.00,1,0,0
9433,3.320,57.50,200.00,1,0,0
9435,3.304,57.50,192.00,1,0,0
9438,3.272,115.40,378.00,1,0,0
9440,3.320,57.60,190.00,1,0,0
9443,3.316,57.30,190.00,1,0,0
9445,3.316,57.30,190.00,1,0,0
9448,3.320,57.30,190.00,1,0,0
9460,3.320,57.30,190.00,1,0,0
9463,3.320,57.40,190.00,1,0,0
9465,3.308,57.40,190.00,1,0,0
9468,3.316,57.70,192.00,1,0,0
9470,3.320,57.70,192.00,1,0,0
9473,3.320,57.70,192.00,1,0,0
9475,3.308,57.30,190.00,1,0,0
9478,3.268,124.60,498.00,1,0,0
9480,3.292,57.40,190.00,1,0,0
9483,3.320,57.50,192.00,1,0,0
9485,3.312,58.30,192.00,1,0,0
9488,3.316,57.70,192.00,1,0,0
9490,3.316,57.70,192.00,1,0,0
9492,3.320,57.40,190.00,1,0,0
9495,3.312,57.30,190.00,1,0,0
9497,3.276,158.80,521.00,1,0,0
9510,3.316,57.30,190.00,1,0,0
9513,3.320,57.30,190.00,1,0,0
9515,3.304,70.80,190.00,1,0,0
9518,3.320,115.10,377.00,1,0,0
9520,3.320,57.50,192.00,1,0,0
9522,3.320,57.60,192.00,1,0,0
9525,3.316,57.30,190.00,1,0,0
9527,3.320,57.30,190.00,1,0,0
9530,3.316,57.40,190.00,1,0,0
9532,3.320,57.60,192.00,1,0,0
9535,3.300,62.30,206.00,1,0,0
9537,3.316,146.30,298.00,1,0,0
9540,3.260,57.40,190.00,1,0,0
9542,3.320,57.40,190.00,1,0,0
9545,3.312,71.80,190.00,1,0,0
9547,3.316,57.40,190.00,1,0,0
9560,3.308,57.30,190.00,1,0,0
9562,3.320,57.30,190.00,1,0,0
9565,3.308,57.30,192.00,1,0,0
9567,3.316,57.60,192.00,1,0,0
9570,3.320,57.70,192.00,1,0,0
9572,3.320,57.70,192.00,1,0,0
9575,3.316,76.90,190.00,1,0,0
9577,3.320,103.20,338.00,1,0,0
9580,3.300,57.40,190.00,1,0,0
9582,3.320,57.40,190.00,1,0,0
9585,3.316,58.30,193.00,1,0,0
9587,3.320,57.80,192.00,1,0,0
9590,3.320,57.80,190.00,1,0,0
9592,3.316,57.40,190.00,1,0,0
9594,3.312,77.70,257.00,1,0,0
9597,3.320,93.20,508.00,1,0,0
9610,3.320,57.30,190.00,1,0,0
9612,3.320,57.30,190.00,1,0,0
9615,3.300,69.00,229.00,1,0,0
9617,3.320,152.30,377.00,1,0,0
9619,3.276,57.60,192.00,1,0,0
9622,3.320,57.50,192.00,1,0,0
9624,3.316,64.60,190.00,1,0,0
9627,3.316,57.30,190.00,1,0,0
9629,3.320,57.30,190.00,1,0,0
9632,3.316,57.70,192.00,1,0,0
9634,3.320,64.60,198.00,1,0,0
9637,3.320,131.30,431.00,1,0,0
9639,3.264,64.50,215.00,1,0,0
9642,3.320,57.40,190.00,1,0,0
9644,3.320,57.50,192.00,1,0,0
9647,3.320,57.40,190.00,1,0,0
9659,3.312,57.40,190.00,1,0,0
9662,3.320,57.30,190.00,1,0,0
9664,3.320,58.20,193.00,1,0,0
9667,3.320,57.60,192.00,1,0,0
9669,3.320,57.70,192.00,1,0,0
9672,3.316,57.70,192.00,1,0,0
9674,3.316,78.00,259.00,1,0,0
9677,3.320,60.40,528.00,1,0,0
9679,3.284,57.40,190.00,1,0,0
9682,3.316,57.50,192.00,1,0,0
9684,3.320,65.40,193.00,1,0,0
9687,3.320,57.80,192.00,1,0,0
9689,3.316,57.40,190.00,1,0,0
9691,3.316,57.30,190.00,1,0,0
9694,3.316,57.30,249.00,1,0,0
9696,3.320,113.90,375.00,1,0,0
9709,3.320,57.40,190.00,1,0,0
9712,3.320,57.30,190.00,1,0,0
9714,3.320,58.10,224.00,1,0,0
9716,3.320,154.10,505.00,1,0,0
9719,3.260,94.30,313.00,1,0,0
9721,3.320,57.60,192.00,1,0,0
9724,3.320,63.50,211.00,1,0,0
9726,3.320,57.40,190.00,1,0,0
9729,3.320,57.30,190.00,1,0,0
9731,3.316,57.60,192.00,1,0,0
9734,3.320,67.00,221.00,1,0,0
9736,3.316,57.60,406.00,1,0,0
9739,3.268,57.50,192.00,1,0,0
9741,3.320,57.30,190.00,1,0,0
9744,3.320,57.40,190.00,1,0,0
9746,3.320,57.50,190.00,1,0,0
9759,3.260,115.20,190.00,1,0,0
9761,3.320,57.40,190.00,1,0,0
9764,3.320,59.20,197.00,1,0,0
9766,3.316,57.60,192.00,1,0,0
9769,3.316,57.70,192.00,1,0,0
9771,3.320,57.70,192.00,1,0,0
9774,3.320,57.40,257.00,1,0,0
9776,3.316,62.20,203.00,1,0,0
9779,3.296,165.90,549.00,1,0,0
9781,3.320,57.40,190.00,1,0,0
9784,3.316,67.60,224.00,1,0,0
9786,3.320,57.70,192.00,1,0,0
9788,3.320,57.50,190.00,1,0,0
9791,3.320,57.40,190.00,1,0,0
9793,3.320,57.30,190.00,1,0,0
9796,3.316,57.30,403.00,1,0,0
9809,3.320,57.30,190.00,1,0,0
9811,3.316,57.30,190.00,1,0,0
9814,3.320,60.30,198.00,1,0,0
9816,3.320,57.40,190.00,1,0,0
9818,3.288,158.40,256.00,1,0,0
9821,3.320,57.40,190.00,1,0,0
9823,3.320,57.40,190.00,1,0,0
9826,3.320,57.20,190.00,1,0,0
9828,3.320,57.40,190.00,1,0,0
9831,3.316,57.60,192.00,1,0,0
9833,3.320,57.60,229.00,1,0,0
9836,3.304,57.60,190.00,1,0,0
9838,3.272,106.60,349.00,1,0,0
9841,3.320,57.40,190.00,1,0,0
9843,3.316,57.40,190.00,1,0,0
9846,3.320,57.60,192.00,1,0,0
9858,3.288,132.40,439.00,1,0,0
9861,3.320,57.30,190.00,1,0,0
9863,3.320,61.40,203.00,1,0,0
9866,3.320,57.60,192.00,1,0,0
9868,3.320,57.70,192.00,1,0,0
9871,3.320,57.40,190.00,1,0,0
9873,3.320,57.40,190.00,1,0,0
9876,3.316,57.30,292.00,1,0,0
9878,3.280,157.20,521.00,1,0,0
9881,3.312,57.50,190.00,1,0,0
9883,3.320,57.40,190.00,1,0,0
9885,3.320,58.20,192.00,1,0,0
9888,3.316,57.50,192.00,1,0,0
9890,3.320,57.30,190.00,1,0,0
9893,3.316,57.40,190.00,1,0,0
9895,3.304,57.50,192.00,1,0,0
9908,3.320,57.40,190.00,1,0,0
9911,3.316,57.40,190.00,1,0,0
9913,3.320,57.60,205.00,1,0,0
9915,3.300,57.40,190.00,1,0,0
9918,3.264,117.80,388.00,1,0,0
9920,3.320,57.50,190.00,1,0,0
9923,3.316,57.40,190.00,1,0,0
9925,3.316,57.40,190.00,1,0,0
9928,3.316,57.40,192.00,1,0,0
9930,3.316,57.60,192.00,1,0,0
9933,3.320,57.60,192.00,1,0,0
9935,3.304,57.50,188.00,1,0,0
9938,3.284,94.40,308.00,1,0,0
9940,3.264,57.40,190.00,1,0,0
9943,3.320,57.30,190.00,1,0,0
9945,3.308,57.50,192.00,1,0,0
9958,3.264,143.30,400.00,1,0,0
9960,3.320,57.40,190.00,1,0,0
9963,3.320,57.50,190.00,1,0,0
9965,3.316,58.20,192.00,1,0,0
9968,3.320,57.70,192.00,1,0,0
9970,3.316,57.50,192.00,1,0,0
9973,3.320,57.50,190.00,1,0,0
9975,3.308,57.40,190.00,1,0,0
9978,3.284,145.60,480.00,1,0,0
9980,3.312,57.50,190.00,1,0,0
9982,3.320,57.50,192.00,1,0,0
9985,3.320,58.30,193.00,1,0,0
9987,3.320,57.40,192.00,1,0,0
9990,3.316,57.30,190.00,1,0,0
9992,3.316,57.40,190.00,1,0,0
9995,3.304,69.60,190.00,1,0,0
10008,3.320,57.40,190.00,1,0,0
10010,3.320,57.30,190.00,1,0,0
10012,3.320,57.70,192.00,1,0,0
10015,3.300,59.90,198.00,1,0,0
10017,3.308,134.20,460.00,1,0,0
10020,3.304,57.50,192.00,1,0,0
10022,3.320,57.40,190.00,1,0,0
10025,3.308,57.50,190.00,1,0,0
10027,3.320,57.60,192.00,1,0,0
10030,3.320,57.60,192.00,1,0,0
10032,3.316,57.60,192.00,1,0,0
10035,3.320,57.50,192.00,1,0,0
10037,3.276,118.10,388.00,1,0,0
10040,3.312,57.50,190.00,1,0,0
10052,3.316,57.60,190.00,1,0,0
10055,3.316,57.50,192.00,1,0,0
10057,3.272,106.40,347.00,1,0,0
10060,3.264,63.90,192.00,1,0,0
10062,3.320,57.50,192.00,1,0,0
10065,3.320,58.30,193.00,1,0,0
10067,3.320,57.70,192.00,1,0,0
10070,3.320,57.40,192.00,1,0,0
10072,3.320,57.40,190.00,1,0,0
10075,3.308,76.10,252.00,1,0,0
10077,3.320,109.70,464.00,1,0,0
10080,3.288,57.50,192.00,1,0,0
10082,3.316,57.50,192.00,1,0,0
10084,3.320,69.10,193.00,1,0,0
10097,3.316,154.10,280.00,1,0,0
10100,3.260,57.50,192.00,1,0,0
10102,3.316,57.50,192.00,1,0,0
10105,3.316,63.10,190.00,1,0,0
10107,3.316,57.40,190.00,1,0,0
10109,3.320,57.40,190.00,1,0,0
10112,3.316,57.60,192.00,1,0,0
10114,3.320,61.30,203.00,1,0,0
10117,3.316,140.70,462.00,1,0,0
10119,3.292,152.80,190.00,1,0,0
10122,3.316,57.30,192.00,1,0,0
10124,3.320,57.40,190.00,1,0,0
10127,3.320,57.60,192.00,1,0,0
10139,3.288,57.50,192.00,1,0,0
10142,3.316,57.40,190.00,1,0,0
10144,3.316,58.20,193.00,1,0,0
10147,3.316,57.60,192.00,1,0,0
10149,3.320,57.70,192.00,1,0,0
10152,3.320,57.50,192.00,1,0,0
10154,3.312,76.60,254.00,1,0,0
10157,3.320,57.80,528.00,1,0,0
10159,3.300,57.50,192.00,1,0,0
10162,3.316,57.50,192.00,1,0,0
10164,3.320,67.50,193.00,1,0,0
10167,3.320,57.60,192.00,1,0,0
10169,3.320,57.40,190.00,1,0,0
10172,3.320,57.50,190.00,1,0,0
10184,3.320,68.30,226.00,1,0,0
10187,3.320,57.50,192.00,1,0,0
10189,3.320,57.40,190.00,1,0,0
10192,3.316,57.30,190.00,1,0,0
10194,3.320,60.40,213.00,1,0,0
10197,3.320,154.10,503.00,1,0,0
10199,3.260,72.10,239.00,1,0,0
10201,3.320,57.30,190.00,1,0,0
10204,3.320,60.90,202.00,1,0,0
10206,3.320,57.40,190.00,1,0,0
10209,3.316,57.40,192.00,1,0,0
10211,3.320,57.70,192.00,1,0,0
10214,3.320,69.20,228.00,1,0,0
10216,3.320,57.40,396.00,1,0,0
10229,3.320,57.70,192.00,1,0,0
10231,3.320,57.70,192.00,1,0,0
10234,3.320,77.30,256.00,1,0,0
10236,3.320,57.50,188.00,1,0,0
10239,3.260,124.80,192.00,1,0,0
10241,3.320,57.40,190.00,1,0,0
10244,3.316,61.40,203.00,1,0,0
10246,3.320,57.70,192.00,1,0,0
10249,3.320,57.70,192.00,1,0,0
10251,3.316,57.40,190.00,1,0,0
10254,3.320,57.50,259.00,1,0,0
10256,3.316,82.50,270.00,1,0,0
10259,3.288,157.50,521.00,1,0,0
10261,3.320,57.50,190.00,1,0,0
10274,3.320,57.50,234.00,1,0,0
10276,3.320,142.20,467.00,1,0,0
10279,3.268,61.20,203.00,1,0,0
10281,3.320,57.40,192.00,1,0,0
10284,3.320,66.90,221.00,1,0,0
10286,3.320,57.50,192.00,1,0,0
10289,3.320,57.50,190.00,1,0,0
10291,3.320,57.50,192.00,1,0,0
10294,3.320,62.30,205.00,1,0,0
10296,3.320,57.50,190.00,1,0,0
10299,3.284,148.00,213.00,1,0,0
10301,3.320,57.40,190.00,1,0,0
10303,3.316,57.50,190.00,1,0,0
10306,3.320,57.50,190.00,1,0,0
10319,3.276,114.70,200.00,1,0,0
10321,3.320,57.50,192.00,1,0,0
10324,3.320,57.40,190.00,1,0,0
10326,3.320,57.70,192.00,1,0,0
10328,3.320,57.70,192.00,1,0,0
10331,3.320,57.70,192.00,1,0,0
10333,3.320,57.50,257.00,1,0,0
10336,3.312,57.40,187.00,1,0,0
10338,3.284,119.50,396.00,1,0,0
10341,3.320,57.40,192.00,1,0,0
10343,3.320,63.40,210.00,1,0,0
10346,3.316,57.60,192.00,1,0,0
10348,3.316,57.60,192.00,1,0,0
10351,3.316,57.40,190.00,1,0,0
10363,3.320,57.50,228.00,1,0,0
10366,3.320,57.50,190.00,1,0,0
10368,3.316,57.40,190.00,1,0,0
10371,3.320,57.40,192.00,1,0,0
10373,3.320,57.40,190.00,1,0,0
10376,3.316,57.50,192.00,1,0,0
10378,3.284,113.10,387.00,1,0,0
10381,3.320,57.40,190.00,1,0,0
10383,3.316,57.30,190.00,1,0,0
10386,3.316,57.40,190.00,1,0,0
10388,3.316,57.50,190.00,1,0,0
10391,3.320,57.40,190.00,1,0,0
10393,3.316,57.60,213.00,1,0,0
10395,3.300,57.40,190.00,1,0,0
10408,3.320,57.70,192.00,1,0,0
10411,3.316,57.70,192.00,1,0,0
10413,3.320,57.60,192.00,1,0,0
10416,3.304,57.50,188.00,1,0,0
10418,3.276,115.10,377.00,1,0,0
10421,3.320,57.40,190.00,1,0,0
10423,3.320,57.50,190.00,1,0,0
10425,3.308,57.60,192.00,1,0,0
10428,3.316,57.60,192.00,1,0,0
10430,3.320,57.80,192.00,1,0,0
10433,3.320,57.30,190.00,1,0,0
10435,3.312,57.40,190.00,1,0,0
10438,3.268,155.90,357.00,1,0,0
10440,3.320,57.40,190.00,1,0,0
10453,3.320,57.40,190.00,1,0,0
10455,3.320,57.50,190.00,1,0,0
10458,3.284,133.50,213.00,1,0,0
10460,3.320,57.40,190.00,1,0,0
10463,3.320,57.60,192.00,1,0,0
10465,3.316,58.10,190.00,1,0,0
10468,3.316,57.40,190.00,1,0,0
10470,3.320,57.50,192.00,1,0,0
10473,3.320,57.50,192.00,1,0,0
10475,3.300,66.90,190.00,1,0,0
10478,3.320,115.30,378.00,1,0,0
10480,3.316,57.50,190.00,1,0,0
10483,3.320,57.40,190.00,1,0,0
10485,3.312,57.40,190.00,1,0,0
10498,3.300,106.60,347.00,1,0,0
10500,3.320,57.40,190.00,1,0,0
10503,3.316,57.30,190.00,1,0,0
10505,3.308,57.40,190.00,1,0,0
10508,3.320,57.70,192.00,1,0,0
10510,3.320,57.70,192.00,1,0,0
10513,3.316,57.60,192.00,1,0,0
10515,3.308,57.30,190.00,1,0,0
10518,3.276,118.00,510.00,1,0,0
10520,3.312,57.40,190.00,1,0,0
10522,3.320,57.50,190.00,1,0,0
10525,3.312,58.10,192.00,1,0,0
10527,3.316,57.60,192.00,1,0,0
10530,3.320,57.60,192.00,1,0,0
10543,3.320,57.50,190.00,1,0,0
10545,3.308,58.20,193.00,1,0,0
10548,3.320,57.70,192.00,1,0,0
10550,3.320,57.30,190.00,1,0,0
10552,3.320,57.40,190.00,1,0,0
10555,3.304,78.40,190.00,1,0,0
10557,3.316,156.30,510.00,1,0,0
10560,3.320,57.40,190.00,1,0,0
10562,3.316,57.40,190.00,1,0,0
10565,3.316,57.40,190.00,1,0,0
10567,3.320,57.30,190.00,1,0,0
10570,3.320,57.40,192.00,1,0,0
10572,3.320,57.60,192.00,1,0,0
10575,3.300,64.90,215.00,1,0,0
10587,3.320,57.50,190.00,1,0,0
10590,3.320,57.80,192.00,1,0,0
10592,3.316,57.70,192.00,1,0,0
10595,3.320,57.50,190.00,1,0,0
10597,3.292,112.90,369.00,1,0,0
10600,3.268,62.10,190.00,1,0,0
10602,3.320,57.40,190.00,1,0,0
10605,3.308,57.40,190.00,1,0,0
10607,3.320,57.60,192.00,1,0,0
10610,3.316,57.60,192.00,1,0,0
10612,3.316,57.60,192.00,1,0,0
10615,3.316,77.40,190.00,1,0,0
10617,3.316,125.50,413.00,1,0,0
10619,3.316,57.40,190.00,1,0,0
10632,3.320,57.40,190.00,1,0,0
10635,3.312,77.50,190.00,1,0,0
10637,3.320,156.90,513.00,1,0,0
10640,3.320,57.50,192.00,1,0,0
10642,3.320,57.40,192.00,1,0,0
10644,3.320,58.20,193.00,1,0,0
10647,3.320,57.50,192.00,1,0,0
10649,3.320,57.30,190.00,1,0,0
10652,3.320,57.40,192.00,1,0,0
10654,3.320,70.90,234.00,1,0,0
10657,3.320,137.00,452.00,1,0,0
10659,3.284,123.60,192.00,1,0,0
10662,3.320,57.50,192.00,1,0,0
10674,3.320,63.00,210.00,1,0,0
10677,3.316,149.00,487.00,1,0,0
10679,3.260,65.50,190.00,1,0,0
10682,3.320,57.30,190.00,1,0,0
10684,3.312,59.00,197.00,1,0,0
10687,3.316,57.50,190.00,1,0,0
10689,3.320,57.60,192.00,1,0,0
10692,3.320,57.70,192.00,1,0,0
10694,3.320,71.60,192.00,1,0,0
10697,3.320,117.50,385.00,1,0,0
10699,3.312,57.30,190.00,1,0,0
10702,3.320,57.40,190.00,1,0,0
10704,3.320,57.50,192.00,1,0,0
10707,3.320,57.80,192.00,1,0,0
10719,3.264,57.40,190.00,1,0,0
10722,3.320,57.60,192.00,1,0,0
10724,3.320,63.40,193.00,1,0,0
10727,3.320,57.60,192.00,1,0,0
10729,3.320,57.70,192.00,1,0,0
10732,3.320,57.30,190.00,1,0,0
10734,3.320,57.30,190.00,1,0,0
10736,3.320,57.50,192.00,1,0,0
10739,3.284,141.40,488.00,1,0,0
10741,3.316,57.50,192.00,1,0,0
10744,3.320,57.50,192.00,1,0,0
10746,3.320,58.10,190.00,1,0,0
10749,3.320,57.30,190.00,1,0,0
10751,3.320,57.40,190.00,1,0,0
10764,3.316,57.30,190.00,1,0,0
10766,3.316,57.30,190.00,1,0,0
10769,3.320,57.40,190.00,1,0,0
10771,3.316,57.70,192.00,1,0,0
10774,3.316,57.70,192.00,1,0,0
10776,3.300,59.00,190.00,1,0,0
10779,3.304,131.60,429.00,1,0,0
10781,3.316,57.30,190.00,1,0,0
10784,3.316,57.30,190.00,1,0,0
10786,3.308,57.50,192.00,1,0,0
10789,3.320,57.70,192.00,1,0,0
10791,3.316,57.70,192.00,1,0,0
10794,3.320,57.70,192.00,1,0,0
10796,3.308,57.30,190.00,1,0,0
10809,3.320,57.70,192.00,1,0,0
10811,3.320,57.70,192.00,1,0,0
10814,3.320,57.30,190.00,1,0,0
10816,3.316,57.30,190.00,1,0,0
10819,3.272,160.50,310.00,1,0,0
10821,3.320,57.50,192.00,1,0,0
10824,3.320,57.50,192.00,1,0,0
10826,3.320,58.10,193.00,1,0,0
10829,3.320,57.60,190.00,1,0,0
10831,3.316,57.30,190.00,1,0,0
10834,3.320,57.40,190.00,1,0,0
10836,3.304,72.70,192.00,1,0,0
10838,3.320,167.70,551.00,1,0,0
10841,3.320,57.60,192.00,1,0,0
10854,3.320,57.70,192.00,1,0,0
10856,3.300,66.20,192.00,1,0,0
10859,3.320,82.80,270.00,1,0,0
10861,3.316,57.40,190.00,1,0,0
10863,3.316,57.30,190.00,1,0,0
10866,3.312,57.30,190.00,1,0,0
10868,3.320,57.30,190.00,1,0,0
10871,3.320,57.80,192.00,1,0,0
10873,3.316,57.70,192.00,1,0,0
10876,3.316,57.50,192.00,1,0,0
10878,3.292,117.70,523.00,1,0,0
10881,3.312,57.40,190.00,1,0,0
10883,3.316,57.40,190.00,1,0,0
10886,3.308,57.40,190.00,1,0,0
10898,3.268,134.90,442.00,1,0,0
10901,3.320,57.30,190.00,1,0,0
10903,3.320,57.60,192.00,1,0,0
10906,3.312,58.30,193.00,1,0,0
10908,3.320,57.70,192.00,1,0,0
10911,3.320,57.60,192.00,1,0,0
10913,3.316,57.40,190.00,1,0,0
10916,3.312,76.80,190.00,1,0,0
10918,3.316,157.80,518.00,1,0,0
10921,3.316,57.60,192.00,1,0,0
10923,3.320,57.50,190.00,1,0,0
10926,3.320,58.20,193.00,1,0,0
10928,3.320,57.40,190.00,1,0,0
10931,3.320,57.30,190.00,1,0,0
10943,3.320,57.50,192.00,1,0,0
10946,3.320,66.00,190.00,1,0,0
10948,3.316,57.40,190.00,1,0,0
10951,3.316,57.30,190.00,1,0,0
10953,3.320,57.60,192.00,1,0,0
10956,3.320,61.50,205.00,1,0,0
10958,3.312,141.50,465.00,1,0,0
10960,3.264,64.60,190.00,1,0,0
10963,3.320,57.30,190.00,1,0,0
10965,3.312,58.20,193.00,1,0,0
10968,3.316,57.30,190.00,1,0,0
10970,3.316,57.80,192.00,1,0,0
10973,3.316,57.70,192.00,1,0,0
10975,3.316,72.00,192.00,1,0,0
10988,3.320,57.70,192.00,1,0,0
10990,3.320,57.70,192.00,1,0,0
10993,3.320,57.60,192.00,1,0,0
10995,3.316,77.30,190.00,1,0,0
10998,3.320,148.90,490.00,1,0,0
11000,3.288,57.30,190.00,1,0,0
11003,3.320,57.60,192.00,1,0,0
11005,3.320,63.90,193.00,1,0,0
11008,3.320,57.60,192.00,1,0,0
11010,3.320,57.70,192.00,1,0,0
11013,3.320,57.30,190.00,1,0,0
11015,3.320,75.70,251.00,1,0,0
11018,3.316,87.50,287.00,1,0,0
11020,3.280,157.40,192.00,1,0,0
11033,3.320,57.30,190.00,1,0,0
11035,3.320,69.60,231.00,1,0,0
11038,3.316,153.20,503.00,1,0,0
11040,3.268,106.40,190.00,1,0,0
11043,3.316,57.50,192.00,1,0,0
11045,3.316,64.60,215.00,1,0,0
11048,3.320,57.40,190.00,1,0,0
11050,3.320,57.40,190.00,1,0,0
11053,3.320,57.70,192.00,1,0,0
11055,3.320,65.30,198.00,1,0,0
11057,3.316,130.80,428.00,1,0,0
11060,3.264,57.40,190.00,1,0,0
11062,3.320,57.40,190.00,1,0,0
11075,3.320,74.30,246.00,1,0,0
11078,3.320,57.30,388.00,1,0,0
11080,3.288,57.30,190.00,1,0,0
11082,3.316,57.40,190.00,1,0,0
11085,3.320,57.60,193.00,1,0,0
11087,3.320,57.80,192.00,1,0,0
11090,3.320,57.70,192.00,1,0,0
11092,3.320,57.60,190.00,1,0,0
11095,3.316,77.60,257.00,1,0,0
11097,3.320,58.40,190.00,1,0,0
11100,3.300,166.40,190.00,1,0,0
11102,3.316,57.50,192.00,1,0,0
11105,3.320,65.90,218.00,1,0,0
11107,3.320,57.70,192.00,1,0,0
11120,3.264,64.60,215.00,1,0,0
11122,3.320,57.50,192.00,1,0,0
11125,3.320,68.60,228.00,1,0,0
11127,3.320,57.30,190.00,1,0,0
11130,3.320,57.30,190.00,1,0,0
11132,3.320,57.30,190.00,1,0,0
11135,3.320,58.60,193.00,1,0,0
11137,3.320,57.50,505.00,1,0,0
11140,3.272,57.60,192.00,1,0,0
11142,3.320,57.50,192.00,1,0,0
11145,3.320,57.30,205.00,1,0,0
11147,3.316,57.30,190.00,1,0,0
11150,3.320,57.40,190.00,1,0,0
11152,3.320,57.60,192.00,1,0,0
11165,3.320,57.30,190.00,1,0,0
11167,3.320,57.60,192.00,1,0,0
11170,3.320,57.70,192.00,1,0,0
11172,3.320,57.70,192.00,1,0,0
11175,3.316,57.70,254.00,1,0,0
11177,3.308,57.30,187.00,1,0,0
11179,3.284,142.70,474.00,1,0,0
11182,3.320,57.30,190.00,1,0,0
11184,3.320,59.80,198.00,1,0,0
11187,3.320,57.70,192.00,1,0,0
11189,3.320,57.80,192.00,1,0,0
11192,3.320,57.50,192.00,1,0,0
11194,3.316,57.30,190.00,1,0,0
11197,3.316,57.40,233.00,1,0,0
11209,3.316,57.30,190.00,1,0,0
11212,3.316,57.30,190.00,1,0,0
11214,3.320,57.30,190.00,1,0,0
11217,3.320,57.40,416.00,1,0,0
11219,3.296,155.40,513.00,1,0,0
11222,3.320,57.60,192.00,1,0,0
11224,3.320,57.50,226.00,1,0,0
11227,3.316,57.20,190.00,1,0,0
11229,3.320,57.30,190.00,1,0,0
11232,3.320,57.30,190.00,1,0,0
11234,3.320,57.50,202.00,1,0,0
11237,3.300,57.60,192.00,1,0,0
11239,3.268,115.60,380.00,1,0,0
11242,3.320,57.40,190.00,1,0,0
11254,3.316,57.70,231.00,1,0,0
11257,3.304,57.50,188.00,1,0,0
11259,3.268,114.60,375.00,1,0,0
11262,3.320,57.30,190.00,1,0,0
11264,3.320,57.40,190.00,1,0,0
11267,3.316,57.60,192.00,1,0,0
11269,3.320,57.70,192.00,1,0,0
11272,3.320,57.70,192.00,1,0,0
11274,3.320,57.70,192.00,1,0,0
11276,3.308,57.30,187.00,1,0,0
11279,3.268,156.40,514.00,1,0,0
11281,3.320,57.30,190.00,1,0,0
11284,3.316,57.50,205.00,1,0,0
11286,3.312,57.70,192.00,1,0,0
11299,3.276,158.60,265.00,1,0,0
11301,3.320,57.40,190.00,1,0,0
11304,3.320,57.60,192.00,1,0,0
11306,3.320,58.20,192.00,1,0,0
11309,3.320,57.30,190.00,1,0,0
11311,3.320,57.30,190.00,1,0,0
11314,3.320,57.30,190.00,1,0,0
11316,3.304,57.50,192.00,1,0,0
11319,3.300,168.10,552.00,1,0,0
11321,3.320,57.60,192.00,1,0,0
11324,3.320,57.50,190.00,1,0,0
11326,3.316,57.40,190.00,1,0,0
11329,3.316,57.40,190.00,1,0,0
11331,3.320,57.40,190.00,1,0,0
11344,3.320,57.30,190.00,1,0,0
11346,3.312,57.40,190.00,1,0,0
11349,3.316,57.40,192.00,1,0,0
11351,3.320,57.70,192.00,1,0,0
11354,3.320,57.80,192.00,1,0,0
11356,3.304,57.60,192.00,1,0,0
11359,3.280,117.80,521.00,1,0,0
11361,3.312,57.20,190.00,1,0,0
11364,3.320,57.40,190.00,1,0,0
11366,3.308,57.90,192.00,1,0,0
11369,3.320,57.70,192.00,1,0,0
11371,3.320,57.70,192.00,1,0,0
11373,3.320,57.70,190.00,1,0,0
11376,3.316,57.20,190.00,1,0,0
11389,3.316,57.80,192.00,1,0,0
11391,3.320,57.30,190.00,1,0,0
11394,3.316,57.30,190.00,1,0,0
11396,3.308,57.40,190.00,1,0,0
11398,3.284,150.60,495.00,1,0,0
11401,3.312,57.50,192.00,1,0,0
11403,3.320,57.60,192.00,1,0,0
11406,3.320,58.30,193.00,1,0,0
11408,3.320,57.30,190.00,1,0,0
11415,3.320,68.40,228.00,1,0,0
11418,3.316,153.90,505.00,1,0,0
11420,3.276,58.70,192.00,1,0,0
11423,3.320,57.50,192.00,1,0,0
11425,3.316,63.70,211.00,1,0,0
11428,3.320,57.40,190.00,1,0,0
11430,3.320,57.30,190.00,1,0,0
11432,3.316,57.70,192.00,1,0,0
11435,3.320,65.40,216.00,1,0,0
11437,3.316,57.50,436.00,1,0,0
11440,3.284,64.30,213.00,1,0,0
11453,3.320,57.60,192.00,1,0,0
11455,3.316,74.60,246.00,1,0,0
11458,3.316,57.40,387.00,1,0,0
11460,3.280,57.80,192.00,1,0,0
11462,3.320,57.30,190.00,1,0,0
11465,3.316,57.70,193.00,1,0,0
11467,3.316,57.70,192.00,1,0,0
11470,3.316,57.70,192.00,1,0,0
11472,3.316,57.70,192.00,1,0,0
11475,3.320,78.10,259.00,1,0,0
11477,3.320,59.00,193.00,1,0,0
11480,3.284,99.40,190.00,1,0,0
11482,3.320,57.40,190.00,1,0,0
11485,3.316,65.90,218.00,1,0,0
11497,3.320,121.40,400.00,1,0,0
11500,3.292,157.30,521.00,1,0,0
11502,3.316,57.50,192.00,1,0,0
11505,3.320,68.40,228.00,1,0,0
11507,3.316,57.40,190.00,1,0,0
11510,3.320,57.30,190.00,1,0,0
11512,3.320,57.30,190.00,1,0,0
11515,3.320,58.80,193.00,1,0,0
11517,3.316,57.40,505.00,1,0,0
11520,3.272,89.70,298.00,1,0,0
11522,3.320,57.60,192.00,1,0,0
11525,3.320,57.40,206.00,1,0,0
11527,3.320,57.30,190.00,1,0,0
11530,3.320,57.40,190.00,1,0,0
11542,3.320,57.30,190.00,1,0,0
11545,3.320,57.40,218.00,1,0,0
11547,3.320,57.60,192.00,1,0,0
11550,3.316,57.60,192.00,1,0,0
11552,3.320,57.70,192.00,1,0,0
11555,3.320,57.70,256.00,1,0,0
11557,3.300,57.40,188.00,1,0,0
11559,3.268,114.90,375.00,1,0,0
11562,3.320,57.30,190.00,1,0,0
11564,3.320,57.40,190.00,1,0,0
11567,3.312,58.20,193.00,1,0,0
11569,3.320,57.70,192.00,1,0,0
11572,3.320,57.50,192.00,1,0,0
11574,3.320,57.30,190.00,1,0,0
11587,3.320,57.80,192.00,1,0,0
11589,3.316,57.50,190.00,1,0,0
11592,3.316,57.40,190.00,1,0,0
11594,3.316,57.40,190.00,1,0,0
11597,3.320,57.40,393.00,1,0,0
11599,3.284,106.20,352.00,1,0,0
11602,3.320,57.50,192.00,1,0,0
11604,3.320,57.60,228.00,1,0,0
11607,3.316,57.40,190.00,1,0,0
11609,3.316,57.30,190.00,1,0,0
11612,3.316,57.30,190.00,1,0,0
11614,3.316,57.60,202.00,1,0,0
11617,3.300,57.40,190.00,1,0,0
11619,3.292,159.90,523.00,1,0,0
11632,3.320,57.60,192.00,1,0,0
11634,3.320,57.60,231.00,1,0,0
11637,3.300,57.50,190.00,1,0,0
11639,3.272,107.40,351.00,1,0,0
11642,3.316,57.40,190.00,1,0,0
11644,3.320,57.40,190.00,1,0,0
11647,3.320,57.60,192.00,1,0,0
11649,3.320,57.60,192.00,1,0,0
11652,3.320,57.60,192.00,1,0,0
11654,3.320,57.80,192.00,1,0,0
11656,3.308,57.40,187.00,1,0,0
11659,3.268,140.50,462.00,1,0,0
11661,3.316,57.30,190.00,1,0,0
11664,3.320,57.40,206.00,1,0,0
11677,3.316,57.30,190.00,1,0,0
11679,3.280,122.40,518.00,1,0,0
11681,3.288,57.40,190.00,1,0,0
11684,3.320,57.40,190.00,1,0,0
11686,3.320,58.30,192.00,1,0,0
11689,3.320,57.50,192.00,1,0,0
11691,3.316,57.30,190.00,1,0,0
11694,3.320,57.30,190.00,1,0,0
11696,3.304,57.40,190.00,1,0,0
11699,3.284,114.30,374.00,1,0,0
11701,3.320,57.40,190.00,1,0,0
11704,3.320,57.50,192.00,1,0,0
11706,3.316,57.40,190.00,1,0,0
11709,3.320,57.30,190.00,1,0,0
11721,3.316,57.50,192.00,1,0,0
11724,3.320,57.40,190.00,1,0,0
11726,3.308,57.30,190.00,1,0,0
11729,3.320,57.40,190.00,1,0,0
11731,3.320,57.60,192.00,1,0,0
11734,3.320,57.70,192.00,1,0,0
11736,3.304,57.50,190.00,1,0,0
11739,3.288,100.50,375.00,1,0,0
11741,3.272,57.30,190.00,1,0,0
11744,3.316,57.30,190.00,1,0,0
11746,3.308,58.10,192.00,1,0,0
11749,3.320,57.60,192.00,1,0,0
11751,3.320,57.70,192.00,1,0,0
11753,3.320,57.70,190.00,1,0,0
11766,3.316,58.20,192.00,1,0,0
11769,3.320,57.70,192.00,1,0,0
11771,3.316,57.50,192.00,1,0,0
11774,3.320,57.40,190.00,1,0,0
11776,3.308,57.30,190.00,1,0,0
11778,3.288,159.70,524.00,1,0,0
11781,3.316,57.50,190.00,1,0,0
11783,3.320,57.40,190.00,1,0,0
11786,3.320,58.20,193.00,1,0,0
11788,3.320,57.50,190.00,1,0,0
11791,3.320,57.40,190.00,1,0,0
11793,3.320,57.40,190.00,1,0,0
11796,3.300,68.90,228.00,1,0,0
11798,3.320,153.50,554.00,1,0,0
11811,3.320,57.30,192.00,1,0,0
11813,3.320,57.60,192.00,1,0,0
11816,3.300,60.30,200.00,1,0,0
11818,3.308,135.80,369.00,1,0,0
11821,3.288,57.40,190.00,1,0,0
11823,3.320,57.40,190.00,1,0,0
11826,3.308,57.40,190.00,1,0,0
11828,3.316,57.60,192.00,1,0,0
11831,3.320,57.60,192.00,1,0,0
11833,3.320,57.60,192.00,1,0,0
11836,3.320,57.50,192.00,1,0,0
11838,3.276,118.00,388.00,1,0,0
11841,3.288,58.20,190.00,1,0,0
11843,3.320,57.30,190.00,1,0,0
11856,3.316,78.30,190.00,1,0,0
11858,3.320,106.20,347.00,1,0,0
11861,3.300,80.60,267.00,1,0,0
11863,3.316,57.40,190.00,1,0,0
11866,3.320,58.20,193.00,1,0,0
11868,3.316,57.60,192.00,1,0,0
11871,3.320,57.50,190.00,1,0,0
11873,3.316,57.50,192.00,1,0,0
11875,3.308,75.50,251.00,1,0,0
11878,3.320,114.50,451.00,1,0,0
11880,3.284,57.60,192.00,1,0,0
11883,3.320,57.40,190.00,1,0,0
11885,3.316,69.00,192.00,1,0,0
11888,3.316,57.50,190.00,1,0,0
11901,3.284,57.50,192.00,1,0,0
11903,3.320,57.40,190.00,1,0,0
11905,3.312,62.20,206.00,1,0,0
11908,3.316,57.30,190.00,1,0,0
11910,3.320,57.50,190.00,1,0,0
11913,3.320,57.60,192.00,1,0,0
11915,3.320,68.00,192.00,1,0,0
11918,3.316,120.90,396.00,1,0,0
11920,3.268,63.90,211.00,1,0,0
11923,3.316,57.50,190.00,1,0,0
11925,3.316,57.30,190.00,1,0,0
11928,3.316,57.60,192.00,1,0,0
11930,3.320,57.50,192.00,1,0,0
11933,3.320,57.50,192.00,1,0,0
11945,3.320,58.30,193.00,1,0,0
11948,3.316,57.60,192.00,1,0,0
11950,3.320,57.60,192.00,1,0,0
11953,3.320,57.40,190.00,1,0,0
11955,3.312,78.20,259.00,1,0,0
11958,3.316,71.70,523.00,1,0,0
11960,3.276,57.50,192.00,1,0,0
11963,3.320,57.50,190.00,1,0,0
11965,3.320,68.40,228.00,1,0,0
11968,3.320,57.60,192.00,1,0,0
11970,3.320,57.50,192.00,1,0,0
11972,3.320,57.50,190.00,1,0,0
11975,3.320,57.40,242.00,1,0,0
11977,3.320,127.70,421.00,1,0,0
11990,3.320,57.40,190.00,1,0,0
11993,3.316,57.30,190.00,1,0,0
11995,3.320,61.30,218.00,1,0,0
11998,3.316,154.40,505.00,1,0,0
12000,3.260,83.10,274.00,1,0,0
12002,3.320,57.30,192.00,1,0,0
12005,3.320,60.20,200.00,1,0,0
12007,3.316,57.40,190.00,1,0,0
12010,3.316,57.50,192.00,1,0,0
12012,3.320,57.60,192.00,1,0,0
12015,3.320,70.40,233.00,1,0,0
12017,3.320,57.40,385.00,1,0,0
12020,3.272,64.90,216.00,1,0,0
12022,3.320,57.50,192.00,1,0,0
12035,3.320,77.30,256.00,1,0,0
12037,3.316,57.40,187.00,1,0,0
12040,3.284,131.20,190.00,1,0,0
12042,3.320,57.40,190.00,1,0,0
12045,3.316,62.40,206.00,1,0,0
12047,3.320,57.60,192.00,1,0,0
12050,3.320,57.60,192.00,1,0,0
12052,3.320,57.40,190.00,1,0,0
12055,3.320,57.50,259.00,1,0,0
12057,3.316,87.80,288.00,1,0,0
12060,3.288,157.20,521.00,1,0,0
12062,3.320,57.50,190.00,1,0,0
12065,3.316,68.90,229.00,1,0,0
12067,3.316,57.70,192.00,1,0,0
12080,3.284,61.00,203.00,1,0,0
12082,3.320,57.40,190.00,1,0,0
12085,3.320,57.40,218.00,1,0,0
12087,3.320,57.50,190.00,1,0,0
12090,3.316,57.40,190.00,1,0,0
12092,3.320,57.30,192.00,1,0,0
12094,3.320,63.50,210.00,1,0,0
12097,3.316,57.40,190.00,1,0,0
12099,3.284,142.40,213.00,1,0,0
12102,3.320,57.30,190.00,1,0,0
12104,3.320,57.50,190.00,1,0,0
12107,3.316,57.50,190.00,1,0,0
12109,3.320,57.60,192.00,1,0,0
12112,3.320,57.70,192.00,1,0,0
12124,3.320,57.30,190.00,1,0,0
12127,3.316,57.70,192.00,1,0,0
12129,3.320,57.70,192.00,1,0,0
12132,3.316,57.60,192.00,1,0,0
12134,3.316,57.30,259.00,1,0,0
12137,3.312,57.50,188.00,1,0,0
12139,3.264,112.80,375.00,1,0,0
12142,3.320,57.30,190.00,1,0,0
12144,3.316,57.50,215.00,1,0,0
12147,3.316,57.70,192.00,1,0,0
12149,3.316,57.60,192.00,1,0,0
12152,3.320,57.40,190.00,1,0,0
12154,3.320,57.50,190.00,1,0,0
12157,3.316,57.40,190.00,1,0,0
12169,3.316,57.40,190.00,1,0,0
12172,3.320,57.50,190.00,1,0,0
12174,3.320,57.40,190.00,1,0,0
12177,3.316,57.40,190.00,1,0,0
12179,3.280,115.10,195.00,1,0,0
12182,3.320,57.40,190.00,1,0,0
12184,3.320,57.40,190.00,1,0,0
12187,3.320,57.50,192.00,1,0,0
12189,3.320,57.50,190.00,1,0,0
12191,3.320,57.60,192.00,1,0,0
12194,3.320,57.70,218.00,1,0,0
12196,3.304,57.50,192.00,1,0,0
12199,3.320,115.50,380.00,1,0,0
12201,3.316,57.40,190.00,1,0,0
12214,3.316,57.70,192.00,1,0,0
12217,3.308,57.40,187.00,1,0,0
12219,3.272,115.40,380.00,1,0,0
12221,3.320,57.50,192.00,1,0,0
12224,3.320,57.40,193.00,1,0,0
12226,3.312,57.70,192.00,1,0,0
12229,3.316,57.60,192.00,1,0,0
12231,3.316,57.60,192.00,1,0,0
12234,3.320,57.40,190.00,1,0,0
12236,3.312,57.40,190.00,1,0,0
12239,3.268,156.30,356.00,1,0,0
12241,3.316,57.40,190.00,1,0,0
12244,3.320,57.50,190.00,1,0,0
12246,3.316,58.20,192.00,1,0,0
12259,3.284,137.90,451.00,1,0,0
12261,3.320,57.40,190.00,1,0,0
12264,3.320,57.40,190.00,1,0,0
12266,3.320,57.40,190.00,1,0,0
12269,3.320,57.30,190.00,1,0,0
12271,3.316,57.40,190.00,1,0,0
12274,3.316,57.40,190.00,1,0,0
12276,3.300,65.20,190.00,1,0,0
12279,3.320,159.10,521.00,1,0,0
12281,3.320,57.40,190.00,1,0,0
12284,3.320,57.40,190.00,1,0,0
12286,3.316,57.50,192.00,1,0,0
12289,3.320,57.40,190.00,1,0,0
12291,3.320,57.60,192.00,1,0,0
12304,3.320,57.40,190.00,1,0,0
12306,3.312,57.50,190.00,1,0,0
12309,3.320,57.70,192.00,1,0,0
12311,3.316,57.70,192.00,1,0,0
12314,3.320,57.60,192.00,1,0,0
12316,3.316,57.40,190.00,1,0,0
12318,3.268,121.50,400.00,1,0,0
12321,3.316,57.50,190.00,1,0,0
12323,3.316,57.50,192.00,1,0,0
12326,3.312,58.20,193.00,1,0,0
12328,3.316,59.40,192.00,1,0,0
12331,3.320,57.60,192.00,1,0,0
12333,3.320,57.30,190.00,1,0,0
12336,3.312,77.00,190.00,1,0,0
12348,3.320,57.60,190.00,1,0,0
12351,3.320,57.40,190.00,1,0,0
12353,3.320,57.40,190.00,1,0,0
12356,3.304,73.10,192.00,1,0,0
12358,3.320,125.40,410.00,1,0,0
12361,3.320,57.50,192.00,1,0,0
12363,3.320,57.40,190.00,1,0,0
12366,3.320,57.40,190.00,1,0,0
12368,3.320,57.40,190.00,1,0,0
12371,3.320,57.40,190.00,1,0,0
12373,3.320,57.70,192.00,1,0,0
12376,3.320,62.50,208.00,1,0,0
12378,3.316,147.70,482.00,1,0,0
12381,3.292,57.50,190.00,1,0,0
12393,3.320,57.60,192.00,1,0,0
12396,3.320,57.50,192.00,1,0,0
12398,3.288,103.70,339.00,1,0,0
12401,3.264,64.10,190.00,1,0,0
12403,3.316,57.40,190.00,1,0,0
12406,3.308,57.50,192.00,1,0,0
12408,3.320,57.70,192.00,1,0,0
12411,3.316,57.60,192.00,1,0,0
12413,3.320,57.60,192.00,1,0,0
12415,3.320,77.80,190.00,1,0,0
12418,3.320,136.80,452.00,1,0,0
12420,3.296,57.50,192.00,1,0,0
12423,3.320,57.60,192.00,1,0,0
12425,3.320,58.30,193.00,1,0,0
12438,3.320,88.20,511.00,1,0,0
12440,3.268,57.50,192.00,1,0,0
12443,3.320,57.40,190.00,1,0,0
12445,3.320,68.30,193.00,1,0,0
12448,3.320,57.30,190.00,1,0,0
12450,3.320,57.30,190.00,1,0,0
12453,3.320,57.40,190.00,1,0,0
12455,3.320,69.50,231.00,1,0,0
12458,3.320,149.60,495.00,1,0,0
12460,3.284,110.60,192.00,1,0,0
12463,3.320,57.40,190.00,1,0,0
12465,3.316,66.10,220.00,1,0,0
12468,3.316,57.30,190.00,1,0,0
12470,3.316,57.40,190.00,1,0,0
12483,3.320,57.40,190.00,1,0,0
12485,3.308,57.60,192.00,1,0,0
12488,3.320,57.50,192.00,1,0,0
12490,3.320,57.70,192.00,1,0,0
12493,3.320,57.60,192.00,1,0,0
12495,3.320,73.10,190.00,1,0,0
12498,3.320,57.30,387.00,1,0,0
12500,3.284,57.30,190.00,1,0,0
12503,3.316,57.40,190.00,1,0,0
12505,3.320,57.50,193.00,1,0,0
12508,3.320,57.70,192.00,1,0,0
12510,3.320,57.70,192.00,1,0,0
12512,3.316,57.60,192.00,1,0,0
12515,3.316,77.80,257.00,1,0,0
12528,3.316,57.60,192.00,1,0,0
12530,3.316,57.40,190.00,1,0,0
12533,3.316,57.30,190.00,1,0,0
12535,3.320,77.10,256.00,1,0,0
12537,3.316,99.90,328.00,1,0,0
12540,3.292,155.30,192.00,1,0,0
12542,3.320,57.50,192.00,1,0,0
12545,3.320,73.90,244.00,1,0,0
12547,3.320,57.40,190.00,1,0,0
12550,3.316,57.30,190.00,1,0,0
12552,3.316,57.40,190.00,1,0,0
12555,3.316,57.60,190.00,1,0,0
12557,3.320,57.60,429.00,1,0,0
12560,3.284,64.20,213.00,1,0,0
12572,3.316,57.80,192.00,1,0,0
12575,3.316,66.40,220.00,1,0,0
12577,3.320,57.50,419.00,1,0,0
12580,3.264,57.40,190.00,1,0,0
12582,3.320,57.30,190.00,1,0,0
12585,3.320,57.30,190.00,1,0,0
12587,3.320,57.60,192.00,1,0,0
12590,3.320,57.80,192.00,1,0,0
12592,3.316,57.60,192.00,1,0,0
12595,3.316,75.40,249.00,1,0,0
12597,3.320,57.30,187.00,1,0,0
12600,3.288,140.70,190.00,1,0,0
12602,3.320,57.40,190.00,1,0,0
12605,3.320,58.70,195.00,1,0,0
12617,3.316,61.50,202.00,1,0,0
12620,3.280,96.60,321.00,1,0,0
12622,3.316,57.70,192.00,1,0,0
12625,3.320,66.90,221.00,1,0,0
12627,3.320,57.70,192.00,1,0,0
12630,3.320,57.60,190.00,1,0,0
12632,3.316,57.30,190.00,1,0,0
12634,3.320,57.30,190.00,1,0,0
12637,3.320,57.50,405.00,1,0,0
12639,3.296,135.90,451.00,1,0,0
12642,3.316,57.40,190.00,1,0,0
12644,3.320,57.50,228.00,1,0,0
12647,3.320,57.30,190.00,1,0,0
12649,3.320,57.40,190.00,1,0,0
12662,3.320,57.40,190.00,1,0,0
12664,3.316,57.20,203.00,1,0,0
12667,3.316,57.30,190.00,1,0,0
12669,3.316,57.40,190.00,1,0,0
12672,3.316,57.70,192.00,1,0,0
12674,3.316,57.70,228.00,1,0,0
12677,3.304,57.50,190.00,1,0,0
12679,3.268,158.50,524.00,1,0,0
12682,3.320,57.40,190.00,1,0,0
12684,3.320,57.40,190.00,1,0,0
12687,3.320,57.40,190.00,1,0,0
12689,3.320,57.80,192.00,1,0,0
12692,3.320,57.70,192.00,1,0,0
12694,3.320,57.70,192.00,1,0,0
12707,3.320,57.80,192.00,1,0,0
12709,3.316,57.70,192.00,1,0,0
12712,3.320,57.40,190.00,1,0,0
12714,3.320,57.40,190.00,1,0,0
12717,3.316,57.40,246.00,1,0,0
12719,3.276,158.60,526.00,1,0,0
12722,3.316,57.60,192.00,1,0,0
12724,3.316,57.60,228.00,1,0,0
12727,3.320,57.70,192.00,1,0,0
12729,3.316,57.30,190.00,1,0,0
12731,3.320,57.30,190.00,1,0,0
12734,3.316,57.30,190.00,1,0,0
12736,3.320,69.10,229.00,1,0,0
12739,3.320,153.80,505.00,1,0,0
12752,3.316,57.40,190.00,1,0,0
12754,3.316,57.70,192.00,1,0,0
12757,3.316,59.90,198.00,1,0,0
12759,3.304,131.80,433.00,1,0,0
12761,3.264,64.30,190.00,1,0,0
12764,3.316,57.30,190.00,1,0,0
12766,3.308,57.40,190.00,1,0,0
12769,3.316,57.30,192.00,1,0,0
12771,3.320,57.90,192.00,1,0,0
12774,3.320,57.80,192.00,1,0,0
12776,3.316,73.70,190.00,1,0,0
12779,3.320,117.70,387.00,1,0,0
12781,3.276,58.00,193.00,1,0,0
12784,3.320,57.30,190.00,1,0,0
12796,3.316,77.10,256.00,1,0,0
12799,3.316,57.30,496.00,1,0,0
12801,3.288,57.30,190.00,1,0,0
12804,3.316,57.60,192.00,1,0,0
12806,3.316,65.40,193.00,1,0,0
12809,3.320,57.60,192.00,1,0,0
12811,3.316,57.40,190.00,1,0,0
12814,3.316,57.30,190.00,1,0,0
12816,3.320,74.90,249.00,1,0,0
12819,3.316,113.50,372.00,1,0,0
12821,3.268,64.40,192.00,1,0,0
12824,3.320,57.50,192.00,1,0,0
12826,3.316,68.10,226.00,1,0,0
12828,3.316,57.40,190.00,1,0,0
12841,3.260,87.40,192.00,1,0,0
12844,3.320,57.40,190.00,1,0,0
12846,3.316,62.70,208.00,1,0,0
12849,3.320,57.30,190.00,1,0,0
12851,3.316,57.30,190.00,1,0,0
12854,3.320,57.70,192.00,1,0,0
12856,3.320,67.20,221.00,1,0,0
12858,3.316,57.40,408.00,1,0,0
12861,3.264,57.40,190.00,1,0,0
12863,3.320,57.30,190.00,1,0,0
12866,3.316,57.40,190.00,1,0,0
12868,3.316,57.60,192.00,1,0,0
12871,3.320,57.70,192.00,1,0,0
12873,3.320,57.80,192.00,1,0,0
12886,3.320,59.20,193.00,1,0,0
12888,3.316,57.80,192.00,1,0,0
12891,3.320,57.70,192.00,1,0,0
12893,3.320,57.60,190.00,1,0,0
12896,3.320,78.20,259.00,1,0,0
12898,3.320,65.00,213.00,1,0,0
12901,3.296,164.30,190.00,1,0,0
12903,3.316,57.50,190.00,1,0,0
12906,3.316,67.60,224.00,1,0,0
12908,3.320,57.70,192.00,1,0,0
12911,3.320,57.50,190.00,1,0,0
12913,3.316,57.40,190.00,1,0,0
12916,3.320,57.30,190.00,1,0,0
12918,3.316,57.30,388.00,1,0,0
12931,3.320,57.30,190.00,1,0,0
12933,3.316,57.30,190.00,1,0,0
12936,3.320,60.30,198.00,1,0,0
12938,3.320,57.50,498.00,1,0,0
12941,3.264,57.50,190.00,1,0,0
12943,3.316,57.40,190.00,1,0,0
12946,3.320,57.40,200.00,1,0,0
12948,3.316,57.30,190.00,1,0,0
12950,3.320,57.40,190.00,1,0,0
12953,3.316,57.80,192.00,1,0,0
12955,3.316,69.40,229.00,1,0,0
12958,3.320,57.40,188.00,1,0,0
12960,3.272,107.00,205.00,1,0,0
12963,3.320,57.30,190.00,1,0,0
12976,3.320,57.70,257.00,1,0,0
12978,3.308,57.30,187.00,1,0,0
12980,3.284,132.20,439.00,1,0,0
12983,3.320,57.30,190.00,1,0,0
12985,3.316,61.50,203.00,1,0,0
12988,3.320,57.80,192.00,1,0,0
12990,3.320,57.80,192.00,1,0,0
12993,3.320,57.40,190.00,1,0,0
12995,3.316,57.40,190.00,1,0,0
12998,3.316,57.30,262.00,1,0,0
13000,3.276,77.40,257.00,1,0,0
13003,3.320,57.60,192.00,1,0,0
13005,3.316,57.70,226.00,1,0,0
13008,3.320,57.70,192.00,1,0,0
13020,3.284,114.50,380.00,1,0,0
13023,3.316,57.60,192.00,1,0,0
13025,3.320,57.50,221.00,1,0,0
13028,3.316,57.40,190.00,1,0,0
13030,3.316,57.40,190.00,1,0,0
13033,3.320,57.40,190.00,1,0,0
13035,3.320,57.60,206.00,1,0,0
13038,3.300,57.60,192.00,1,0,0
13040,3.264,122.70,405.00,1,0,0
13043,3.320,57.40,190.00,1,0,0
13045,3.320,57.40,190.00,1,0,0
13048,3.316,57.40,190.00,1,0,0
13050,3.316,57.30,192.00,1,0,0
13052,3.320,57.70,192.00,1,0,0
13065,3.320,57.30,190.00,1,0,0
13068,3.320,57.60,192.00,1,0,0
13070,3.320,57.70,192.00,1,0,0
13073,3.320,57.80,192.00,1,0,0
13075,3.320,57.50,190.00,1,0,0
13077,3.308,57.30,187.00,1,0,0
13080,3.268,165.70,547.00,1,0,0
13082,3.320,57.40,190.00,1,0,0
13085,3.320,57.50,211.00,1,0,0
13087,3.316,58.30,192.00,1,0,0
13090,3.320,57.80,192.00,1,0,0
13092,3.320,57.30,190.00,1,0,0
13095,3.320,57.30,190.00,1,0,0
13097,3.308,57.40,190.00,1,0,0
13110,3.316,57.40,190.00,1,0,0
13112,3.320,57.30,190.00,1,0,0
13115,3.316,57.30,190.00,1,0,0
13117,3.304,57.50,192.00,1,0,0
13120,3.276,115.20,377.00,1,0,0
13122,3.320,57.60,192.00,1,0,0
13125,3.320,57.40,190.00,1,0,0
13127,3.320,57.40,190.00,1,0,0
13130,3.320,57.30,190.00,1,0,0
13132,3.320,57.30,190.00,1,0,0
13135,3.320,57.60,192.00,1,0,0
13137,3.304,59.50,190.00,1,0,0
13140,3.304,106.20,347.00,1,0,0
13142,3.316,57.30,190.00,1,0,0
13155,3.316,57.80,192.00,1,0,0
13157,3.304,57.50,190.00,1,0,0
13160,3.280,118.00,521.00,1,0,0
13162,3.312,57.30,190.00,1,0,0
13165,3.316,57.40,190.00,1,0,0
13167,3.308,58.10,192.00,1,0,0
13170,3.316,57.70,192.00,1,0,0
13172,3.320,57.80,192.00,1,0,0
13174,3.316,57.50,190.00,1,0,0
13177,3.316,57.40,190.00,1,0,0
13179,3.272,106.40,347.00,1,0,0
13182,3.312,57.40,190.00,1,0,0
13184,3.320,57.50,192.00,1,0,0
13187,3.316,58.20,193.00,1,0,0
13200,3.320,141.20,462.00,1,0,0
13202,3.320,57.50,192.00,1,0,0
13204,3.320,57.50,192.00,1,0,0
13207,3.320,58.20,193.00,1,0,0
13209,3.320,57.30,190.00,1,0,0
13212,3.316,57.30,190.00,1,0,0
13214,3.320,57.30,190.00,1,0,0
13217,3.300,66.70,221.00,1,0,0
13219,3.316,154.20,378.00,1,0,0
13222,3.280,57.60,192.00,1,0,0
13224,3.320,57.40,190.00,1,0,0
13227,3.316,62.50,190.00,1,0,0
13229,3.320,57.40,190.00,1,0,0
13232,3.316,57.30,190.00,1,0,0
13244,3.320,57.30,190.00,1,0,0
13247,3.308,57.30,190.00,1,0,0
13249,3.320,57.60,192.00,1,0,0
13252,3.320,57.70,192.00,1,0,0
13254,3.320,57.80,192.00,1,0,0
13257,3.320,57.40,190.00,1,0,0
13259,3.268,122.60,403.00,1,0,0
13262,3.288,57.40,190.00,1,0,0
13264,3.320,57.40,190.00,1,0,0
13267,3.320,58.10,193.00,1,0,0
13269,3.320,57.70,192.00,1,0,0
13271,3.320,57.80,192.00,1,0,0
13274,3.316,57.40,190.00,1,0,0
13276,3.312,78.10,259.00,1,0,0
13289,3.320,57.80,192.00,1,0,0
13292,3.320,57.40,190.00,1,0,0
13294,3.320,57.40,190.00,1,0,0
13297,3.304,72.30,241.00,1,0,0
13299,3.320,133.90,554.00,1,0,0
13301,3.288,57.60,192.00,1,0,0
13304,3.320,57.60,192.00,1,0,0
13306,3.320,68.50,190.00,1,0,0
13309,3.316,57.30,190.00,1,0,0
13311,3.320,57.40,190.00,1,0,0
13314,3.320,57.30,192.00,1,0,0
13316,3.320,65.80,218.00,1,0,0
13319,3.316,154.20,505.00,1,0,0
13321,3.284,57.70,192.00,1,0,0
13334,3.320,57.60,192.00,1,0,0
13336,3.320,69.60,192.00,1,0,0
13339,3.320,118.00,387.00,1,0,0
13341,3.312,57.50,192.00,1,0,0
13344,3.316,57.40,190.00,1,0,0
13346,3.320,57.40,190.00,1,0,0
13349,3.320,57.70,192.00,1,0,0
13351,3.320,57.70,192.00,1,0,0
13354,3.320,57.80,192.00,1,0,0
13356,3.320,77.40,256.00,1,0,0
13359,3.320,57.40,439.00,1,0,0
13361,3.288,57.40,190.00,1,0,0
13364,3.320,57.40,190.00,1,0,0
13366,3.316,61.60,193.00,1,0,0
13379,3.320,89.50,513.00,1,0,0
13381,3.288,57.50,190.00,1,0,0
13384,3.316,57.40,190.00,1,0,0
13386,3.320,68.40,228.00,1,0,0
13389,3.320,57.70,192.00,1,0,0
13391,3.320,57.30,190.00,1,0,0
13394,3.316,57.40,190.00,1,0,0
13396,3.320,57.30,238.00,1,0,0
13398,3.320,135.30,444.00,1,0,0
13401,3.268,62.60,208.00,1,0,0
13403,3.320,57.50,192.00,1,0,0
13406,3.320,66.80,221.00,1,0,0
13408,3.316,57.40,190.00,1,0,0
13411,3.320,57.30,190.00,1,0,0
13428,3.320,57.30,190.00,1,0,0
13431,3.316,57.70,192.00,1,0,0
13433,3.320,57.60,192.00,1,0,0
13436,3.316,72.10,238.00,1,0,0
13438,3.316,57.50,190.00,1,0,0
13441,3.272,157.80,190.00,1,0,0
13443,3.320,57.30,190.00,1,0,0
13445,3.316,57.30,190.00,1,0,0
13448,3.320,57.60,192.00,1,0,0
13450,3.320,57.60,192.00,1,0,0
13453,3.320,57.70,192.00,1,0,0
13455,3.320,57.60,256.00,1,0,0
13458,3.312,57.40,187.00,1,0,0
13460,3.288,117.40,390.00,1,0,0
13473,3.320,57.40,190.00,1,0,0
13475,3.316,57.40,190.00,1,0,0
13478,3.320,57.40,301.00,1,0,0
13480,3.284,65.50,218.00,1,0,0
13483,3.320,57.40,190.00,1,0,0
13485,3.320,57.40,226.00,1,0,0
13488,3.316,57.60,192.00,1,0,0
13490,3.320,57.50,192.00,1,0,0
13493,3.316,57.30,190.00,1,0,0
13495,3.316,57.40,190.00,1,0,0
13498,3.316,57.40,190.00,1,0,0
13500,3.276,95.10,324.00,1,0,0
13503,3.320,57.50,192.00,1,0,0
13505,3.320,57.40,190.00,1,0,0
13518,3.320,57.40,190.00,1,0,0
13520,3.264,123.20,192.00,1,0,0
13523,3.320,57.50,190.00,1,0,0
13525,3.316,57.40,190.00,1,0,0
13528,3.320,57.30,190.00,1,0,0
13530,3.316,57.70,192.00,1,0,0
13533,3.320,57.60,192.00,1,0,0
13535,3.316,57.70,192.00,1,0,0
13538,3.308,57.50,188.00,1,0,0
13540,3.272,115.40,378.00,1,0,0
13543,3.320,57.30,190.00,1,0,0
13545,3.316,57.30,190.00,1,0,0
13547,3.300,57.70,192.00,1,0,0
13550,3.316,57.70,192.00,1,0,0
13563,3.320,57.40,190.00,1,0,0
13565,3.320,57.50,220.00,1,0,0
13568,3.316,57.60,192.00,1,0,0
13570,3.320,57.80,192.00,1,0,0
13572,3.320,57.60,192.00,1,0,0
13575,3.320,57.30,190.00,1,0,0
13577,3.320,57.40,190.00,1,0,0
13580,3.284,139.90,213.00,1,0,0
13582,3.320,57.50,192.00,1,0,0
13585,3.320,57.50,192.00,1,0,0
13587,3.316,58.10,193.00,1,0,0
13590,3.320,57.50,192.00,1,0,0
13592,3.320,57.40,190.00,1,0,0
13595,3.320,57.40,190.00,1,0,0
13607,3.316,57.40,190.00,1,0,0
13610,3.316,57.30,190.00,1,0,0
13612,3.320,57.60,192.00,1,0,0
13615,3.320,57.60,192.00,1,0,0
13617,3.300,57.90,190.00,1,0,0
13620,3.300,106.80,349.00,1,0,0
13622,3.320,57.50,190.00,1,0,0
13625,3.320,57.40,190.00,1,0,0
13627,3.308,57.40,190.00,1,0,0
13630,3.320,57.60,192.00,1,0,0
13632,3.320,57.60,192.00,1,0,0
13635,3.320,57.60,192.00,1,0,0
13637,3.308,57.40,190.00,1,0,0
13639,3.272,118.40,482.00,1,0,0
13652,3.320,57.70,192.00,1,0,0
13655,3.320,57.40,190.00,1,0,0
13657,3.312,57.40,190.00,1,0,0
13660,3.276,112.60,369.00,1,0,0
13662,3.312,57.50,190.00,1,0,0
13665,3.320,57.50,192.00,1,0,0
13667,3.316,58.20,193.00,1,0,0
13669,3.316,57.70,190.00,1,0,0
13672,3.316,57.50,192.00,1,0,0
13674,3.316,57.40,190.00,1,0,0
13677,3.304,73.70,190.00,1,0,0
13679,3.320,129.00,423.00,1,0,0
13682,3.316,57.50,192.00,1,0,0
13684,3.316,57.50,192.00,1,0,0
13697,3.304,65.90,192.00,1,0,0
13699,3.320,160.00,524.00,1,0,0
13702,3.276,57.40,190.00,1,0,0
13704,3.320,57.40,190.00,1,0,0
13707,3.312,60.50,190.00,1,0,0
13709,3.316,57.40,190.00,1,0,0
13712,3.316,57.60,192.00,1,0,0
13714,3.316,57.60,192.00,1,0,0
13717,3.320,57.50,190.00,1,0,0
13719,3.296,110.00,360.00,1,0,0
13722,3.268,62.30,190.00,1,0,0
13724,3.320,57.40,190.00,1,0,0
13727,3.308,57.30,190.00,1,0,0
13729,3.320,57.60,192.00,1,0,0
13742,3.264,67.00,190.00,1,0,0
13744,3.320,57.50,190.00,1,0,0
13747,3.312,58.20,193.00,1,0,0
13749,3.320,57.60,192.00,1,0,0
13752,3.320,57.60,192.00,1,0,0
13754,3.320,57.50,192.00,1,0,0
13757,3.312,78.00,192.00,1,0,0
13759,3.320,122.10,400.00,1,0,0
13762,3.276,57.50,190.00,1,0,0
13764,3.320,57.50,192.00,1,0,0
13766,3.320,68.70,193.00,1,0,0
13769,3.320,57.50,192.00,1,0,0
13771,3.320,57.50,192.00,1,0,0
13774,3.320,57.40,190.00,1,0,0
13787,3.316,66.60,192.00,1,0,0
13789,3.320,57.50,192.00,1,0,0
13791,3.320,57.30,190.00,1,0,0
13794,3.316,57.60,192.00,1,0,0
13796,3.320,62.70,208.00,1,0,0
13799,3.316,148.00,483.00,1,0,0
13801,3.296,57.40,190.00,1,0,0
13804,3.320,57.50,192.00,1,0,0
13806,3.312,58.40,193.00,1,0,0
13809,3.320,57.40,190.00,1,0,0
13811,3.320,57.70,192.00,1,0,0
13814,3.320,57.60,192.00,1,0,0
13816,3.320,72.30,190.00,1,0,0
13819,3.320,91.10,297.00,1,0,0
13831,3.320,57.60,192.00,1,0,0
13834,3.320,57.60,192.00,1,0,0
13836,3.320,78.00,259.00,1,0,0
13839,3.320,57.40,334.00,1,0,0
13841,3.264,57.40,190.00,1,0,0
13844,3.320,57.50,192.00,1,0,0
13846,3.320,64.10,193.00,1,0,0
13849,3.320,57.70,192.00,1,0,0
13851,3.320,57.60,192.00,1,0,0
13854,3.320,57.50,190.00,1,0,0
13856,3.320,77.80,259.00,1,0,0
13859,3.320,98.00,323.00,1,0,0
13861,3.284,127.20,193.00,1,0,0
13863,3.320,57.50,192.00,1,0,0
13876,3.320,70.40,234.00,1,0,0
13879,3.320,147.10,487.00,1,0,0
13881,3.288,113.40,377.00,1,0,0
13884,3.320,57.40,190.00,1,0,0
13886,3.320,64.60,215.00,1,0,0
13888,3.320,57.50,192.00,1,0,0
13891,3.320,57.40,190.00,1,0,0
13893,3.320,57.60,192.00,1,0,0
13896,3.320,65.60,216.00,1,0,0
13898,3.320,57.50,452.00,1,0,0
13901,3.284,64.50,215.00,1,0,0
13903,3.320,57.40,190.00,1,0,0
13906,3.320,57.60,192.00,1,0,0
13908,3.320,57.30,190.00,1,0,0
13921,3.260,58.40,193.00,1,0,0
13923,3.316,57.50,192.00,1,0,0
13926,3.320,57.80,193.00,1,0,0
13928,3.320,57.70,192.00,1,0,0
13931,3.320,57.70,192.00,1,0,0
13933,3.320,57.60,190.00,1,0,0
13936,3.320,78.20,259.00,1,0,0
13938,3.320,57.90,188.00,1,0,0
13941,3.284,101.90,190.00,1,0,0
13943,3.320,57.50,192.00,1,0,0
13946,3.320,66.00,220.00,1,0,0
13948,3.320,57.60,192.00,1,0,0
13951,3.316,57.60,190.00,1,0,0
13953,3.320,57.40,190.00,1,0,0
13966,3.320,68.90,229.00,1,0,0
13968,3.320,57.40,190.00,1,0,0
13971,3.320,57.40,192.00,1,0,0
13973,3.320,57.40,190.00,1,0,0
13976,3.320,58.90,195.00,1,0,0
13978,3.320,57.50,505.00,1,0,0
13981,3.276,57.90,192.00,1,0,0
13983,3.320,57.40,190.00,1,0,0
13985,3.320,57.30,206.00,1,0,0
13988,3.320,57.50,192.00,1,0,0
13990,3.320,57.40,190.00,1,0,0
13993,3.320,57.60,192.00,1,0,0
13995,3.316,67.80,224.00,1,0,0
13998,3.300,57.40,188.00,1,0,0
14011,3.320,57.60,192.00,1,0,0
14013,3.320,57.70,192.00,1,0,0
14015,3.320,57.60,256.00,1,0,0
14018,3.308,57.30,188.00,1,0,0
14020,3.288,151.30,501.00,1,0,0
14023,3.320,57.50,192.00,1,0,0
14025,3.320,60.10,198.00,1,0,0
14028,3.320,57.60,192.00,1,0,0
14030,3.320,57.70,192.00,1,0,0
14033,3.316,57.40,190.00,1,0,0
14035,3.316,57.40,190.00,1,0,0
14038,3.316,57.40,228.00,1,0,0
14040,3.276,158.10,524.00,1,0,0
14043,3.316,57.50,192.00,1,0,0
14055,3.316,57.50,190.00,1,0,0
14058,3.320,57.40,190.00,1,0,0
14060,3.284,129.00,444.00,1,0,0
14063,3.316,57.40,190.00,1,0,0
14065,3.320,57.40,190.00,1,0,0
14068,3.316,57.30,190.00,1,0,0
14070,3.320,57.40,190.00,1,0,0
14073,3.316,57.50,190.00,1,0,0
14075,3.320,57.70,202.00,1,0,0
14078,3.300,57.50,192.00,1,0,0
14080,3.264,115.40,380.00,1,0,0
14082,3.320,57.40,190.00,1,0,0
14085,3.316,57.40,190.00,1,0,0
14087,3.316,57.50,192.00,1,0,0
14100,3.276,157.30,521.00,1,0,0
14103,3.320,57.40,190.00,1,0,0
14105,3.320,57.50,190.00,1,0,0
14108,3.316,57.70,192.00,1,0,0
14110,3.320,57.60,192.00,1,0,0
14112,3.316,57.70,192.00,1,0,0
14115,3.316,57.60,192.00,1,0,0
14117,3.312,57.40,190.00,1,0,0
14120,3.268,141.00,547.00,1,0,0
14122,3.300,57.50,192.00,1,0,0
14125,3.320,57.50,190.00,1,0,0
14127,3.312,58.20,192.00,1,0,0
14130,3.320,57.50,190.00,1,0,0
14132,3.320,57.50,192.00,1,0,0
14145,3.316,57.40,190.00,1,0,0
14147,3.320,58.20,192.00,1,0,0
14150,3.320,57.30,190.00,1,0,0
14152,3.316,57.40,190.00,1,0,0
14155,3.320,57.40,190.00,1,0,0
14157,3.304,57.60,192.00,1,0,0
14160,3.284,115.00,377.00,1,0,0
14162,3.320,57.50,190.00,1,0,0
14165,3.320,57.40,190.00,1,0,0
14167,3.320,57.30,190.00,1,0,0
14170,3.316,57.40,190.00,1,0,0
14172,3.320,57.40,190.00,1,0,0
14175,3.320,57.70,192.00,1,0,0
14177,3.304,61.40,203.00,1,0,0
14190,3.320,57.50,192.00,1,0,0
14192,3.320,57.70,192.00,1,0,0
14195,3.320,57.60,192.00,1,0,0
14197,3.304,57.50,190.00,1,0,0
14200,3.284,117.50,521.00,1,0,0
14202,3.312,57.40,190.00,1,0,0
14205,3.316,57.50,192.00,1,0,0
14207,3.308,58.20,192.00,1,0,0
14209,3.320,57.60,192.00,1,0,0
14212,3.320,57.70,192.00,1,0,0
14214,3.320,57.70,190.00,1,0,0
14217,3.316,57.40,190.00,1,0,0
14219,3.268,155.10,510.00,1,0,0
14222,3.320,57.50,192.00,1,0,0
14234,3.320,57.30,190.00,1,0,0
14237,3.312,76.00,192.00,1,0,0
14239,3.320,152.50,501.00,1,0,0
14242,3.316,57.50,192.00,1,0,0
14244,3.320,57.50,192.00,1,0,0
14247,3.320,58.20,193.00,1,0,0
14249,3.320,57.30,190.00,1,0,0
14252,3.320,57.40,190.00,1,0,0
14254,3.320,57.50,192.00,1,0,0
14257,3.300,70.30,233.00,1,0,0
14259,3.316,145.60,377.00,1,0,0
14262,3.272,57.40,190.00,1,0,0
14264,3.320,57.50,192.00,1,0,0
14267,3.316,63.70,190.00,1,0,0
14279,3.308,132.40,467.00,1,0,0
14282,3.304,57.30,190.00,1,0,0
14284,3.320,57.30,190.00,1,0,0
14287,3.312,57.40,190.00,1,0,0
14289,3.320,57.80,192.00,1,0,0
14292,3.320,57.70,192.00,1,0,0
14294,3.316,57.70,192.00,1,0,0
14297,3.320,74.90,190.00,1,0,0
14299,3.320,117.80,387.00,1,0,0
14302,3.316,57.40,190.00,1,0,0
14304,3.320,57.40,192.00,1,0,0
14306,3.320,58.20,193.00,1,0,0
14309,3.320,57.60,192.00,1,0,0
14311,3.320,57.70,192.00,1,0,0
14324,3.320,57.50,192.00,1,0,0
14327,3.320,58.00,193.00,1,0,0
14329,3.316,57.60,192.00,1,0,0
14331,3.320,57.30,190.00,1,0,0
14334,3.320,57.40,190.00,1,0,0
14336,3.304,74.90,249.00,1,0,0
14339,3.320,114.50,501.00,1,0,0
14341,3.288,57.60,192.00,1,0,0
14344,3.320,57.50,192.00,1,0,0
14346,3.320,69.00,192.00,1,0,0
14349,3.320,57.40,190.00,1,0,0
14351,3.320,57.40,190.00,1,0,0
14354,3.320,57.40,190.00,1,0,0
14356,3.320,59.40,223.00,1,0,0
14369,3.320,57.40,190.00,1,0,0
14371,3.320,57.60,192.00,1,0,0
14374,3.316,57.70,192.00,1,0,0
14376,3.320,68.20,195.00,1,0,0
14379,3.320,126.20,411.00,1,0,0
14381,3.308,57.40,190.00,1,0,0
14384,3.320,57.30,190.00,1,0,0
14386,3.320,57.40,190.00,1,0,0
14389,3.320,57.80,192.00,1,0,0
14391,3.320,57.80,192.00,1,0,0
14394,3.320,57.70,192.00,1,0,0
14396,3.320,77.10,256.00,1,0,0
14399,3.320,57.30,424.00,1,0,0
14401,3.288,57.30,190.00,1,0,0
14414,3.320,57.40,190.00,1,0,0
14416,3.316,77.90,259.00,1,0,0
14419,3.320,81.90,269.00,1,0,0
14421,3.292,157.80,192.00,1,0,0
14424,3.320,57.50,192.00,1,0,0
14426,3.316,68.30,226.00,1,0,0
14428,3.320,57.60,192.00,1,0,0
14431,3.316,57.30,190.00,1,0,0
14433,3.316,57.30,190.00,1,0,0
14436,3.320,57.30,242.00,1,0,0
14438,3.320,128.70,423.00,1,0,0
14441,3.268,64.00,213.00,1,0,0
14443,3.320,57.50,190.00,1,0,0
14446,3.320,67.90,224.00,1,0,0
14458,3.320,147.90,487.00,1,0,0
14461,3.268,65.20,216.00,1,0,0
14463,3.316,57.40,190.00,1,0,0
14466,3.320,59.80,198.00,1,0,0
14468,3.316,57.30,190.00,1,0,0
14471,3.320,57.70,192.00,1,0,0
14473,3.320,57.80,192.00,1,0,0
14476,3.320,70.50,233.00,1,0,0
14478,3.320,57.50,190.00,1,0,0
14481,3.272,109.10,203.00,1,0,0
14483,3.320,57.30,190.00,1,0,0
14486,3.316,57.40,190.00,1,0,0
14488,3.320,57.70,192.00,1,0,0
14491,3.320,57.70,192.00,1,0,0
14503,3.320,57.60,192.00,1,0,0
14506,3.320,62.50,206.00,1,0,0
14508,3.320,57.70,192.00,1,0,0
14511,3.320,57.70,192.00,1,0,0
14513,3.320,57.30,190.00,1,0,0
14516,3.320,57.40,257.00,1,0,0
14518,3.320,93.10,306.00,1,0,0
14521,3.264,65.00,216.00,1,0,0
14523,3.316,57.60,192.00,1,0,0
14525,3.320,68.40,228.00,1,0,0
14528,3.320,57.70,192.00,1,0,0
14530,3.320,57.30,190.00,1,0,0
14533,3.320,57.40,190.00,1,0,0
14535,3.320,57.40,190.00,1,0,0
14548,3.320,57.40,190.00,1,0,0
14551,3.320,57.40,190.00,1,0,0
14553,3.316,57.40,192.00,1,0,0
14555,3.320,63.80,211.00,1,0,0
14558,3.320,57.50,192.00,1,0,0
14560,3.276,114.60,195.00,1,0,0
14563,3.320,57.40,190.00,1,0,0
14565,3.320,57.30,190.00,1,0,0
14568,3.308,57.40,190.00,1,0,0
14570,3.320,57.80,192.00,1,0,0
14573,3.320,57.90,192.00,1,0,0
14575,3.320,57.70,241.00,1,0,0
14578,3.304,57.40,188.00,1,0,0
14580,3.280,157.10,521.00,1,0,0
14593,3.320,57.70,192.00,1,0,0
14595,3.320,57.30,190.00,1,0,0
14598,3.316,57.30,187.00,1,0,0
14600,3.268,107.40,357.00,1,0,0
14603,3.320,57.40,190.00,1,0,0
14605,3.320,57.50,215.00,1,0,0
14608,3.316,57.70,192.00,1,0,0
14610,3.316,57.60,192.00,1,0,0
14613,3.320,57.40,190.00,1,0,0
14615,3.320,57.30,190.00,1,0,0
14618,3.320,57.40,190.00,1,0,0
14620,3.284,141.30,215.00,1,0,0
14622,3.316,57.60,192.00,1,0,0
14625,3.320,57.60,192.00,1,0,0
14638,3.320,57.60,192.00,1,0,0
14640,3.304,169.10,406.00,1,0,0
14643,3.320,57.50,192.00,1,0,0
14645,3.320,57.40,190.00,1,0,0
14648,3.320,57.40,190.00,1,0,0
14650,3.320,57.40,190.00,1,0,0
14652,3.320,57.70,192.00,1,0,0
14655,3.320,57.70,192.00,1,0,0
14657,3.300,59.60,190.00,1,0,0
14660,3.308,106.10,346.00,1,0,0
14662,3.320,57.30,190.00,1,0,0
14665,3.320,57.40,190.00,1,0,0
14667,3.308,57.30,190.00,1,0,0
14670,3.320,57.70,192.00,1,0,0
14682,3.320,57.40,190.00,1,0,0
14685,3.320,57.40,193.00,1,0,0
14687,3.312,57.80,192.00,1,0,0
14690,3.320,57.80,192.00,1,0,0
14692,3.320,57.70,192.00,1,0,0
14695,3.320,57.40,190.00,1,0,0
14697,3.312,57.40,190.00,1,0,0
14700,3.272,107.20,524.00,1,0,0
14702,3.312,57.50,190.00,1,0,0
14705,3.320,57.60,192.00,1,0,0
14707,3.316,58.40,192.00,1,0,0
14710,3.320,57.70,192.00,1,0,0
14712,3.320,57.40,190.00,1,0,0
14715,3.320,57.30,190.00,1,0,0
14727,3.316,57.50,190.00,1,0,0
14730,3.316,57.30,190.00,1,0,0
14732,3.316,57.40,190.00,1,0,0
14735,3.320,57.30,190.00,1,0,0
14737,3.320,61.90,210.00,1,0,0
14740,3.320,150.20,490.00,1,0,0
14742,3.296,57.50,192.00,1,0,0
14744,3.320,57.40,190.00,1,0,0
14747,3.320,59.10,197.00,1,0,0
14749,3.320,57.30,190.00,1,0,0
14752,3.320,57.60,192.00,1,0,0
14754,3.320,57.80,192.00,1,0,0
14757,3.320,71.30,236.00,1,0,0
14759,3.320,57.50,362.00,1,0,0
14772,3.320,57.80,192.00,1,0,0
14774,3.316,57.80,192.00,1,0,0
14777,3.320,76.30,252.00,1,0,0
14779,3.320,57.40,187.00,1,0,0
14782,3.288,157.20,190.00,1,0,0
14784,3.320,57.50,190.00,1,0,0
14787,3.320,62.90,208.00,1,0,0
14789,3.320,57.80,192.00,1,0,0
14792,3.320,57.70,192.00,1,0,0
14794,3.320,57.40,190.00,1,0,0
14797,3.320,57.40,257.00,1,0,0
14799,3.320,97.20,319.00,1,0,0
14802,3.284,156.90,519.00,1,0,0
14804,3.320,57.50,192.00,1,0,0
14817,3.316,57.40,234.00,1,0,0
14819,3.320,148.60,492.00,1,0,0
14822,3.284,111.80,372.00,1,0,0
14824,3.320,57.60,192.00,1,0,0
14827,3.320,65.60,218.00,1,0,0
14829,3.316,57.40,190.00,1,0,0
14832,3.316,57.30,190.00,1,0,0
14834,3.320,57.40,192.00,1,0,0
14837,3.320,64.20,211.00,1,0,0
14839,3.320,57.60,192.00,1,0,0
14842,3.288,152.90,521.00,1,0,0
14844,3.312,57.40,190.00,1,0,0
14846,3.320,57.40,190.00,1,0,0
14849,3.320,57.30,190.00,1,0,0
14862,3.284,157.10,190.00,1,0,0
14864,3.320,57.30,190.00,1,0,0
14867,3.316,57.30,190.00,1,0,0
14869,3.320,57.60,192.00,1,0,0
14871,3.320,57.80,192.00,1,0,0
14874,3.320,57.80,192.00,1,0,0
14876,3.316,57.30,257.00,1,0,0
14879,3.312,57.40,187.00,1,0,0
14881,3.268,150.30,496.00,1,0,0
14884,3.320,57.40,190.00,1,0,0
14886,3.320,57.50,216.00,1,0,0
14889,3.316,57.80,192.00,1,0,0
14891,3.316,57.70,192.00,1,0,0
14894,3.316,57.40,190.00,1,0,0
14906,3.320,57.70,228.00,1,0,0
14909,3.320,57.30,190.00,1,0,0
14911,3.320,57.40,190.00,1,0,0
14914,3.320,57.40,190.00,1,0,0
14916,3.320,57.60,190.00,1,0,0
14919,3.320,57.50,192.00,1,0,0
14921,3.300,168.80,344.00,1,0,0
14924,3.320,57.50,192.00,1,0,0
14926,3.320,57.40,190.00,1,0,0
14929,3.320,57.40,190.00,1,0,0
14931,3.320,57.30,190.00,1,0,0
14934,3.316,57.60,192.00,1,0,0
14936,3.320,57.70,220.00,1,0,0
14938,3.304,57.60,190.00,1,0,0
14951,3.320,57.70,192.00,1,0,0
14954,3.320,57.80,192.00,1,0,0
14956,3.320,57.70,192.00,1,0,0
14959,3.308,57.40,188.00,1,0,0
14961,3.276,82.60,269.00,1,0,0
14964,3.316,57.40,190.00,1,0,0
14966,3.320,57.40,195.00,1,0,0
14968,3.312,57.60,192.00,1,0,0
14971,3.316,57.80,192.00,1,0,0
14973,3.320,57.80,192.00,1,0,0
14976,3.316,57.40,190.00,1,0,0
14978,3.312,57.30,190.00,1,0,0
14981,3.272,160.80,328.00,1,0,0
14983,3.320,57.50,192.00,1,0,0
14996,3.320,57.30,190.00,1,0,0
14998,3.316,57.40,190.00,1,0,0
15001,3.284,124.50,213.00,1,0,0
15003,3.320,57.60,192.00,1,0,0
15006,3.320,57.60,192.00,1,0,0
15008,3.320,57.50,192.00,1,0,0
15011,3.320,57.30,190.00,1,0,0
15013,3.320,57.40,190.00,1,0,0
15016,3.320,57.40,190.00,1,0,0
15018,3.304,66.40,190.00,1,0,0
15021,3.320,84.90,277.00,1,0,0
15023,3.320,57.60,192.00,1,0,0
15026,3.320,57.40,190.00,1,0,0
15028,3.312,57.30,190.00,1,0,0
15041,3.296,158.40,524.00,1,0,0
15043,3.316,57.50,192.00,1,0,0
15046,3.316,57.40,190.00,1,0,0
15048,3.308,57.40,190.00,1,0,0
15051,3.320,57.70,192.00,1,0,0
15053,3.320,57.70,192.00,1,0,0
15056,3.320,57.80,192.00,1,0,0
15058,3.308,57.40,190.00,1,0,0
15061,3.276,81.70,378.00,1,0,0
15063,3.284,57.30,190.00,1,0,0
15065,3.320,57.50,192.00,1,0,0
15068,3.316,58.20,193.00,1,0,0
15070,3.320,57.80,192.00,1,0,0
15073,3.320,57.80,192.00,1,0,0
15086,3.320,57.40,190.00,1,0,0
15088,3.316,58.30,193.00,1,0,0
15091,3.320,57.70,192.00,1,0,0
15093,3.320,57.30,190.00,1,0,0
15095,3.316,57.40,190.00,1,0,0
15098,3.304,71.90,190.00,1,0,0
15100,3.316,119.90,392.00,1,0,0
15103,3.320,57.60,192.00,1,0,0
15105,3.320,57.60,190.00,1,0,0
15108,3.316,57.50,192.00,1,0,0
15110,3.320,57.40,190.00,1,0,0
15113,3.320,57.40,190.00,1,0,0
15115,3.316,57.70,192.00,1,0,0
15118,3.300,63.10,210.00,1,0,0
15130,3.320,57.40,190.00,1,0,0
15133,3.320,57.70,192.00,1,0,0
15135,3.316,57.70,192.00,1,0,0
15138,3.320,57.60,192.00,1,0,0
15140,3.292,116.80,383.00,1,0,0
15143,3.312,57.40,190.00,1,0,0
15145,3.320,57.40,190.00,1,0,0
15148,3.308,57.40,190.00,1,0,0
15150,3.320,57.70,192.00,1,0,0
15153,3.320,57.70,192.00,1,0,0
15155,3.316,57.80,192.00,1,0,0
15158,3.320,77.80,190.00,1,0,0
15160,3.320,146.40,482.00,1,0,0
15162,3.316,57.40,190.00,1,0,0
15175,3.320,57.40,190.00,1,0,0
15178,3.312,77.10,190.00,1,0,0
15180,3.320,152.40,498.00,1,0,0
15183,3.264,57.50,192.00,1,0,0
15185,3.316,57.50,192.00,1,0,0
15187,3.320,68.10,193.00,1,0,0
15190,3.320,57.40,190.00,1,0,0
15192,3.320,57.40,190.00,1,0,0
15195,3.320,57.40,190.00,1,0,0
15197,3.316,69.60,231.00,1,0,0
15200,3.320,151.50,498.00,1,0,0
15202,3.272,109.10,192.00,1,0,0
15205,3.320,57.60,192.00,1,0,0
15217,3.320,61.50,205.00,1,0,0
15220,3.312,142.10,464.00,1,0,0
15222,3.292,100.10,192.00,1,0,0
15225,3.320,57.40,190.00,1,0,0
15227,3.312,57.60,192.00,1,0,0
15230,3.320,57.40,192.00,1,0,0
15232,3.320,57.70,192.00,1,0,0
15235,3.320,57.70,192.00,1,0,0
15237,3.320,73.60,192.00,1,0,0
15240,3.320,57.50,288.00,1,0,0
15242,3.260,58.40,193.00,1,0,0
15245,3.320,57.40,190.00,1,0,0
15247,3.320,57.40,193.00,1,0,0
15250,3.320,57.70,192.00,1,0,0
15262,3.300,57.40,190.00,1,0,0
15265,3.320,57.40,190.00,1,0,0
15267,3.320,65.10,193.00,1,0,0
15270,3.320,57.70,192.00,1,0,0
15272,3.316,57.60,192.00,1,0,0
15275,3.320,57.50,190.00,1,0,0
15277,3.320,76.30,254.00,1,0,0
15280,3.316,107.40,352.00,1,0,0
15282,3.264,64.30,190.00,1,0,0
15284,3.316,57.40,190.00,1,0,0
15287,3.320,68.20,226.00,1,0,0
15289,3.320,57.50,192.00,1,0,0
15292,3.320,57.40,190.00,1,0,0
15294,3.320,57.40,190.00,1,0,0
15307,3.320,63.50,211.00,1,0,0
15309,3.320,57.40,190.00,1,0,0
15312,3.316,57.40,190.00,1,0,0
15314,3.316,57.60,192.00,1,0,0
15317,3.316,66.70,220.00,1,0,0
15319,3.320,57.40,418.00,1,0,0
15322,3.268,64.20,213.00,1,0,0
15324,3.320,57.40,190.00,1,0,0
15327,3.320,57.40,190.00,1,0,0
15329,3.316,57.50,192.00,1,0,0
15332,3.320,57.60,192.00,1,0,0
15334,3.320,57.70,192.00,1,0,0
15337,3.320,76.00,251.00,1,0,0
15339,3.320,57.50,188.00,1,0,0
15352,3.320,57.60,192.00,1,0,0
15354,3.320,57.70,192.00,1,0,0
15357,3.320,57.40,251.00,1,0,0
15359,3.312,57.40,187.00,1,0,0
15362,3.264,138.50,457.00,1,0,0
15364,3.320,57.50,190.00,1,0,0
15367,3.320,67.10,223.00,1,0,0
15369,3.320,57.70,192.00,1,0,0
15372,3.320,57.60,192.00,1,0,0
15374,3.320,57.40,190.00,1,0,0
15377,3.316,57.30,190.00,1,0,0
15379,3.320,57.40,401.00,1,0,0
15381,3.284,66.10,220.00,1,0,0
15384,3.320,57.50,192.00,1,0,0
15397,3.320,59.90,198.00,1,0,0
15399,3.320,57.50,505.00,1,0,0
15402,3.268,100.30,333.00,1,0,0
15404,3.316,57.40,190.00,1,0,0
15406,3.316,57.50,203.00,1,0,0
15409,3.320,57.40,190.00,1,0,0
15411,3.320,57.30,190.00,1,0,0
15414,3.320,57.70,192.00,1,0,0
15416,3.320,57.60,228.00,1,0,0
15419,3.304,57.50,190.00,1,0,0
15421,3.276,122.50,400.00,1,0,0
15428,3.308,57.40,190.00,1,0,0
15431,3.316,57.70,192.00,1,0,0
15433,3.320,57.70,192.00,1,0,0
15436,3.320,57.60,192.00,1,0,0
15438,3.308,57.50,192.00,1,0,0
15441,3.272,119.40,477.00,1,0,0
15443,3.288,57.40,190.00,1,0,0
15445,3.320,57.60,192.00,1,0,0
15448,3.316,58.20,192.00,1,0,0
15461,3.276,159.10,521.00,1,0,0
15463,3.296,57.40,192.00,1,0,0
15466,3.320,57.50,192.00,1,0,0
15468,3.316,58.10,193.00,1,0,0
15471,3.320,57.70,190.00,1,0,0
15473,3.320,57.50,192.00,1,0,0
15475,3.320,57.40,190.00,1,0,0
15478,3.304,72.10,192.00,1,0,0
15480,3.320,168.10,552.00,1,0,0
15483,3.320,57.50,192.00,1,0,0
15485,3.320,57.50,190.00,1,0,0
15488,3.316,57.60,192.00,1,0,0
15490,3.320,57.50,192.00,1,0,0
15493,3.316,57.30,190.00,1,0,0
15505,3.320,57.40,190.00,1,0,0
15508,3.312,57.40,190.00,1,0,0
15510,3.320,57.40,190.00,1,0,0
15513,3.320,57.70,192.00,1,0,0
15515,3.320,57.70,192.00,1,0,0
15518,3.320,57.60,192.00,1,0,0
15520,3.292,117.50,385.00,1,0,0
15523,3.272,106.80,190.00,1,0,0
15525,3.320,57.30,190.00,1,0,0
15528,3.308,57.30,190.00,1,0,0
15530,3.316,57.60,192.00,1,0,0
15533,3.320,57.60,192.00,1,0,0
15535,3.320,57.60,192.00,1,0,0
15538,3.316,77.40,192.00,1,0,0
15550,3.316,57.80,192.00,1,0,0
15553,3.320,57.40,190.00,1,0,0
15555,3.320,57.50,192.00,1,0,0
15558,3.312,78.30,190.00,1,0,0
15560,3.316,161.70,534.00,1,0,0
15563,3.312,57.60,192.00,1,0,0
15565,3.320,57.40,192.00,1,0,0
15568,3.320,58.30,193.00,1,0,0
15570,3.316,57.50,192.00,1,0,0
15573,3.316,57.50,192.00,1,0,0
15575,3.320,57.40,190.00,1,0,0
15577,3.320,70.60,234.00,1,0,0
15580,3.316,140.80,462.00,1,0,0
15582,3.276,122.30,192.00,1,0,0
15595,3.320,57.70,192.00,1,0,0
15598,3.316,62.20,206.00,1,0,0
15600,3.316,145.30,478.00,1,0,0
15602,3.264,64.80,192.00,1,0,0
15605,3.320,57.50,192.00,1,0,0
15607,3.312,57.70,192.00,1,0,0
15610,3.320,57.40,192.00,1,0,0
15612,3.320,57.70,192.00,1,0,0
15615,3.316,57.60,192.00,1,0,0
15617,3.320,73.70,190.00,1,0,0
15620,3.316,118.00,387.00,1,0,0
15622,3.312,57.60,192.00,1,0,0
15625,3.320,57.40,190.00,1,0,0
15627,3.320,58.20,193.00,1,0,0
15640,3.320,58.30,529.00,1,0,0
15642,3.300,81.50,270.00,1,0,0
15645,3.320,57.50,190.00,1,0,0
15647,3.320,65.30,193.00,1,0,0
15650,3.320,57.60,192.00,1,0,0
15652,3.320,57.40,190.00,1,0,0
15655,3.316,57.50,192.00,1,0,0
15657,3.320,76.80,256.00,1,0,0
15660,3.320,106.40,351.00,1,0,0
15662,3.288,149.90,192.00,1,0,0
15665,3.320,57.40,190.00,1,0,0
15667,3.320,69.00,229.00,1,0,0
15670,3.320,57.30,190.00,1,0,0
15672,3.320,57.50,192.00,1,0,0
15685,3.320,57.40,190.00,1,0,0
15687,3.320,63.90,211.00,1,0,0
15690,3.320,57.60,192.00,1,0,0
15692,3.320,57.50,190.00,1,0,0
15695,3.316,57.70,192.00,1,0,0
15697,3.320,66.70,220.00,1,0,0
15699,3.320,57.50,418.00,1,0,0
15702,3.280,138.90,457.00,1,0,0
15704,3.320,57.40,190.00,1,0,0
15707,3.320,57.50,190.00,1,0,0
15709,3.320,57.40,190.00,1,0,0
15712,3.316,57.60,192.00,1,0,0
15714,3.320,57.60,192.00,1,0,0
15717,3.320,75.80,251.00,1,0,0
15729,3.320,57.70,192.00,1,0,0
15732,3.320,57.60,192.00,1,0,0
15734,3.320,57.70,190.00,1,0,0
15737,3.320,77.70,257.00,1,0,0
15739,3.320,60.70,198.00,1,0,0
15742,3.300,166.50,190.00,1,0,0
15744,3.320,57.40,190.00,1,0,0
15747,3.320,67.20,223.00,1,0,0
15749,3.316,57.70,192.00,1,0,0
15752,3.320,57.40,190.00,1,0,0
15754,3.320,57.50,192.00,1,0,0
15757,3.320,57.50,190.00,1,0,0
15759,3.320,57.40,385.00,1,0,0
15762,3.284,105.90,351.00,1,0,0
15774,3.320,57.40,190.00,1,0,0
15777,3.320,59.90,198.00,1,0,0
15779,3.320,57.50,508.00,1,0,0
15782,3.292,87.80,292.00,1,0,0
15784,3.316,57.40,190.00,1,0,0
15787,3.320,57.50,203.00,1,0,0
15789,3.320,57.50,192.00,1,0,0
15792,3.320,57.40,190.00,1,0,0
15794,3.316,57.70,192.00,1,0,0
15796,3.320,68.90,228.00,1,0,0
15799,3.320,57.50,190.00,1,0,0
15801,3.268,105.70,210.00,1,0,0
15804,3.320,57.50,192.00,1,0,0
15806,3.320,57.50,190.00,1,0,0
15819,3.312,57.40,187.00,1,0,0
15821,3.288,136.00,447.00,1,0,0
15824,3.320,57.40,190.00,1,0,0
15826,3.320,61.10,203.00,1,0,0
15829,3.320,57.70,192.00,1,0,0
15831,3.320,57.70,192.00,1,0,0
15834,3.320,57.30,190.00,1,0,0
15836,3.320,57.40,190.00,1,0,0
15839,3.316,57.40,254.00,1,0,0
15841,3.276,157.40,521.00,1,0,0
15844,3.320,57.50,192.00,1,0,0
15846,3.316,57.60,228.00,1,0,0
15849,3.320,57.70,192.00,1,0,0
15851,3.320,57.40,190.00,1,0,0
15864,3.320,57.40,190.00,1,0,0
15866,3.320,57.50,226.00,1,0,0
15869,3.316,57.40,190.00,1,0,0
15871,3.320,57.50,192.00,1,0,0
15874,3.320,57.50,192.00,1,0,0
15876,3.320,57.60,205.00,1,0,0
15879,3.300,57.50,192.00,1,0,0
15881,3.264,119.00,392.00,1,0,0
15884,3.320,57.40,190.00,1,0,0
15886,3.320,57.40,190.00,1,0,0
15889,3.316,57.40,190.00,1,0,0
15891,3.320,57.40,192.00,1,0,0
15893,3.320,57.60,192.00,1,0,0
15896,3.320,57.50,192.00,1,0,0
15909,3.316,57.70,192.00,1,0,0
15911,3.316,57.70,192.00,1,0,0
15914,3.320,57.70,192.00,1,0,0
15916,3.320,57.70,192.00,1,0,0
15918,3.308,57.40,188.00,1,0,0
15921,3.268,163.10,539.00,1,0,0
15923,3.320,57.50,192.00,1,0,0
15926,3.320,57.50,208.00,1,0,0
15928,3.312,57.70,192.00,1,0,0
15931,3.320,57.60,192.00,1,0,0
15933,3.320,57.40,190.00,1,0,0
15936,3.316,57.40,190.00,1,0,0
15938,3.308,57.40,190.00,1,0,0
15941,3.280,156.20,511.00,1,0,0
15953,3.320,57.40,190.00,1,0,0
15956,3.320,57.50,190.00,1,0,0
15958,3.300,57.50,192.00,1,0,0
15961,3.284,114.90,375.00,1,0,0
15963,3.320,57.60,192.00,1,0,0
15966,3.320,57.30,190.00,1,0,0
15968,3.320,57.40,190.00,1,0,0
15971,3.320,57.50,192.00,1,0,0
15973,3.320,57.50,192.00,1,0,0
15976,3.320,57.80,192.00,1,0,0
15978,3.300,59.80,190.00,1,0,0
15981,3.308,105.40,344.00,1,0,0
15983,3.320,57.40,190.00,1,0,0
15986,3.320,57.40,190.00,1,0,0
15998,3.308,57.40,190.00,1,0,0
16001,3.280,118.00,521.00,1,0,0
16003,3.312,57.40,190.00,1,0,0
16006,3.316,57.50,192.00,1,0,0
16008,3.308,58.20,192.00,1,0,0
16011,3.320,57.70,192.00,1,0,0
16013,3.320,57.70,192.00,1,0,0
16015,3.320,57.70,190.00,1,0,0
16018,3.316,57.30,190.00,1,0,0
16020,3.268,129.10,424.00,1,0,0
16023,3.316,57.50,192.00,1,0,0
16025,3.320,57.50,192.00,1,0,0
16028,3.316,58.10,193.00,1,0,0
16030,3.320,57.70,192.00,1,0,0
16043,3.316,57.50,192.00,1,0,0
16045,3.320,57.40,190.00,1,0,0
16048,3.320,58.30,193.00,1,0,0
16050,3.320,57.40,190.00,1,0,0
16053,3.320,57.50,192.00,1,0,0
16055,3.320,57.50,192.00,1,0,0
16058,3.300,67.90,226.00,1,0,0
16060,3.320,154.30,378.00,1,0,0
16063,3.280,57.50,192.00,1,0,0
16065,3.320,57.40,190.00,1,0,0
16068,3.316,63.70,190.00,1,0,0
16070,3.320,57.50,192.00,1,0,0
16073,3.320,57.50,192.00,1,0,0
16075,3.316,57.70,192.00,1,0,0
16088,3.308,57.40,190.00,1,0,0
16090,3.320,57.80,192.00,1,0,0
16093,3.320,57.70,192.00,1,0,0
16095,3.320,57.60,192.00,1,0,0
16098,3.320,57.30,190.00,1,0,0
16100,3.276,118.30,388.00,1,0,0
16103,3.284,57.40,190.00,1,0,0
16105,3.316,57.50,192.00,1,0,0
16108,3.320,58.30,193.00,1,0,0
16110,3.320,57.70,192.00,1,0,0
16113,3.320,57.70,192.00,1,0,0
16115,3.320,57.40,190.00,1,0,0
16117,3.312,78.20,259.00,1,0,0
16120,3.320,62.40,528.00,1,0,0
16133,3.320,57.40,190.00,1,0,0
16135,3.320,57.40,190.00,1,0,0
16138,3.304,72.90,242.00,1,0,0
16140,3.320,128.60,547.00,1,0,0
16142,3.288,57.50,192.00,1,0,0
16145,3.320,57.50,192.00,1,0,0
16147,3.320,69.00,190.00,1,0,0
16150,3.320,57.30,190.00,1,0,0
16152,3.320,57.40,190.00,1,0,0
16155,3.320,57.40,192.00,1,0,0
16157,3.320,65.60,218.00,1,0,0
16160,3.320,154.30,505.00,1,0,0
16162,3.260,81.20,190.00,1,0,0
16165,3.316,57.30,190.00,1,0,0
16177,3.320,68.80,192.00,1,0,0
16180,3.316,118.30,387.00,1,0,0
16182,3.312,57.30,190.00,1,0,0
16185,3.316,57.40,190.00,1,0,0
16187,3.316,57.50,192.00,1,0,0
16190,3.320,57.80,192.00,1,0,0
16192,3.316,57.70,192.00,1,0,0
16195,3.316,57.70,192.00,1,0,0
16197,3.316,77.60,257.00,1,0,0
16200,3.320,57.40,311.00,1,0,0
16202,3.260,57.50,192.00,1,0,0
16205,3.320,57.50,190.00,1,0,0
16207,3.320,61.20,193.00,1,0,0
16210,3.320,57.70,192.00,1,0,0
16222,3.300,57.60,192.00,1,0,0
16225,3.316,57.50,192.00,1,0,0
16227,3.320,68.90,229.00,1,0,0
16230,3.320,57.70,192.00,1,0,0
16232,3.320,57.30,190.00,1,0,0
16235,3.320,57.40,190.00,1,0,0
16237,3.320,57.40,241.00,1,0,0
16239,3.320,131.00,431.00,1,0,0
16242,3.268,63.50,211.00,1,0,0
16244,3.320,57.50,192.00,1,0,0
16247,3.320,67.00,223.00,1,0,0
16249,3.320,57.40,190.00,1,0,0
16252,3.320,57.40,190.00,1,0,0
16254,3.320,57.50,192.00,1,0,0
16267,3.320,59.50,198.00,1,0,0
16269,3.320,57.40,190.00,1,0,0
16272,3.320,57.80,192.00,1,0,0
16274,3.320,57.70,192.00,1,0,0
16277,3.316,71.30,236.00,1,0,0
16279,3.320,57.50,385.00,1,0,0
16282,3.272,60.50,202.00,1,0,0
16284,3.320,57.40,190.00,1,0,0
16287,3.316,57.40,190.00,1,0,0
16289,3.316,57.80,192.00,1,0,0
16292,3.320,57.70,192.00,1,0,0
16294,3.316,57.70,192.00,1,0,0
16297,3.316,57.70,257.00,1,0,0
16299,3.312,57.40,187.00,1,0,0
16312,3.320,57.70,192.00,1,0,0
16314,3.316,57.40,190.00,1,0,0
16317,3.320,57.30,256.00,1,0,0
16319,3.320,94.60,311.00,1,0,0
16322,3.284,157.30,521.00,1,0,0
16324,3.320,57.60,192.00,1,0,0
16327,3.320,69.00,229.00,1,0,0
16329,3.316,57.70,192.00,1,0,0
16332,3.316,57.30,190.00,1,0,0
16334,3.320,57.40,190.00,1,0,0
16336,3.320,57.50,190.00,1,0,0
16339,3.320,57.60,455.00,1,0,0
16341,3.284,121.90,405.00,1,0,0
16344,3.320,57.40,190.00,1,0,0
16357,3.320,64.40,213.00,1,0,0
16359,3.320,57.50,190.00,1,0,0
16361,3.264,133.40,192.00,1,0,0
16364,3.320,57.40,190.00,1,0,0
16366,3.316,57.40,190.00,1,0,0
16369,3.316,57.40,192.00,1,0,0
16371,3.320,57.70,192.00,1,0,0
16374,3.320,57.70,192.00,1,0,0
16376,3.320,57.70,242.00,1,0,0
16379,3.304,57.20,188.00,1,0,0
16381,3.260,115.10,377.00,1,0,0
16384,3.320,57.30,190.00,1,0,0
16386,3.320,57.50,190.00,1,0,0
16389,3.320,57.90,192.00,1,0,0
16401,3.268,166.30,551.00,1,0,0
16404,3.316,57.50,192.00,1,0,0
16406,3.316,65.40,216.00,1,0,0
16409,3.316,57.70,192.00,1,0,0
16411,3.320,57.70,192.00,1,0,0
16414,3.316,57.40,190.00,1,0,0
16416,3.320,57.40,190.00,1,0,0
16419,3.316,57.40,190.00,1,0,0
16421,3.284,149.00,298.00,1,0,0
16424,3.308,57.60,192.00,1,0,0
16426,3.320,57.50,190.00,1,0,0
16429,3.320,58.10,190.00,1,0,0
16431,3.320,57.40,190.00,1,0,0
16433,3.320,57.30,190.00,1,0,0
16446,3.316,57.40,190.00,1,0,0
16449,3.316,57.30,190.00,1,0,0
16451,3.320,57.30,190.00,1,0,0
16454,3.320,57.70,192.00,1,0,0
16456,3.316,57.80,221.00,1,0,0
16458,3.300,57.50,190.00,1,0,0
16461,3.264,106.90,349.00,1,0,0
16463,3.316,57.40,190.00,1,0,0
16466,3.320,57.30,190.00,1,0,0
16468,3.308,57.40,190.00,1,0,0
16471,3.320,57.80,192.00,1,0,0
16473,3.316,57.80,192.00,1,0,0
16476,3.320,57.70,192.00,1,0,0
16478,3.304,57.40,190.00,1,0,0
16491,3.320,57.80,192.00,1,0,0
16493,3.320,57.60,192.00,1,0,0
16496,3.316,57.30,190.00,1,0,0
16498,3.312,57.40,190.00,1,0,0
16501,3.272,106.30,514.00,1,0,0
16503,3.312,57.50,192.00,1,0,0
16506,3.320,57.60,192.00,1,0,0
16508,3.316,58.30,192.00,1,0,0
16511,3.316,57.40,190.00,1,0,0
16513,3.316,57.30,190.00,1,0,0
16516,3.316,57.30,190.00,1,0,0
16518,3.304,57.30,190.00,1,0,0
16521,3.284,139.80,457.00,1,0,0
16523,3.316,57.50,192.00,1,0,0
16536,3.316,57.50,192.00,1,0,0
16538,3.300,64.10,192.00,1,0,0
16541,3.320,115.90,382.00,1,0,0
16543,3.316,57.50,192.00,1,0,0
16546,3.316,57.40,190.00,1,0,0
16548,3.312,57.40,190.00,1,0,0
16551,3.316,57.40,190.00,1,0,0
16553,3.320,57.70,192.00,1,0,0
16556,3.320,57.80,192.00,1,0,0
16558,3.300,63.60,211.00,1,0,0
16560,3.312,142.10,487.00,1,0,0
16563,3.264,57.40,190.00,1,0,0
16565,3.320,57.30,190.00,1,0,0
16568,3.308,57.40,192.00,1,0,0
16581,3.268,124.10,495.00,1,0,0
16583,3.292,57.40,190.00,1,0,0
16585,3.320,57.40,190.00,1,0,0
16588,3.312,58.30,193.00,1,0,0
16590,3.316,57.70,192.00,1,0,0
16593,3.320,57.80,192.00,1,0,0
16595,3.320,57.30,190.00,1,0,0
16598,3.312,77.90,190.00,1,0,0
16600,3.316,118.40,388.00,1,0,0
16603,3.312,57.50,192.00,1,0,0
16605,3.320,57.60,192.00,1,0,0
16608,3.320,58.30,193.00,1,0,0
16610,3.320,57.60,192.00,1,0,0
16613,3.320,57.40,190.00,1,0,0
16625,3.320,57.50,192.00,1,0,0
16628,3.320,57.40,190.00,1,0,0
16630,3.320,57.40,190.00,1,0,0
16633,3.320,57.30,190.00,1,0,0
16635,3.316,57.70,192.00,1,0,0
16638,3.300,64.40,213.00,1,0,0
16640,3.320,153.20,270.00,1,0,0
16643,3.260,57.40,190.00,1,0,0
16645,3.316,57.30,190.00,1,0,0
16648,3.312,59.20,190.00,1,0,0
16650,3.316,57.40,190.00,1,0,0
16653,3.316,57.80,192.00,1,0,0
16655,3.320,57.80,192.00,1,0,0
