timestamp_ms,voltage_V,current_mA,power_mW,marker_ble,marker_wifi,marker_sleep
0,3.312,57.80,192.00,1,0,0
3,3.312,57.70,192.00,1,0,0
5,3.312,57.40,190.00,1,0,0
8,3.316,57.40,190.00,1,0,0
10,3.312,57.50,190.00,1,0,0
13,3.316,57.80,192.00,1,0,0
15,3.312,57.80,192.00,1,0,0
18,3.312,57.70,192.00,1,0,0
20,3.312,57.70,192.00,1,0,0
23,3.312,57.40,190.00,1,0,0
25,3.312,57.40,190.00,1,0,0
28,3.312,57.40,190.00,1,0,0
30,3.312,57.70,192.00,1,0,0
33,3.312,57.70,192.00,1,0,0
35,3.312,57.80,192.00,1,0,0
37,3.312,57.50,190.00,1,0,0
40,3.312,57.50,190.00,1,0,0
42,3.316,57.40,190.00,1,0,0
45,3.312,57.40,192.00,1,0,0
47,3.312,57.80,192.00,1,0,0
50,3.312,57.80,192.00,1,0,0
52,3.312,57.80,192.00,1,0,0
55,3.312,57.40,190.00,1,0,0
57,3.316,57.40,190.00,1,0,0
70,3.316,57.50,190.00,1,0,0
72,3.312,57.40,190.00,1,0,0
75,3.312,57.40,190.00,1,0,0
77,3.312,57.40,190.00,1,0,0
80,3.312,57.80,192.00,1,0,0
82,3.312,57.70,192.00,1,0,0
85,3.316,57.70,192.00,1,0,0
87,3.312,57.40,190.00,1,0,0
90,3.312,57.40,190.00,1,0,0
92,3.312,57.50,190.00,1,0,0
95,3.312,57.60,190.00,1,0,0
97,3.316,57.80,192.00,1,0,0
100,3.312,57.80,192.00,1,0,0
102,3.312,57.70,192.00,1,0,0
105,3.312,57.40,190.00,1,0,0
107,3.316,57.40,190.00,1,0,0
109,3.312,59.60,197.00,1,0,0
112,3.312,57.60,192.00,1,0,0
114,3.312,57.70,192.00,1,0,0
117,3.312,57.70,192.00,1,0,0
119,3.312,57.70,190.00,1,0,0
132,3.316,57.70,192.00,1,0,0
134,3.316,57.80,192.00,1,0,0
137,3.312,57.40,190.00,1,0,0
139,3.312,57.40,190.00,1,0,0
142,3.312,57.40,190.00,1,0,0
144,3.312,57.80,192.00,1,0,0
147,3.316,57.70,192.00,1,0,0
149,3.316,57.80,192.00,1,0,0
152,3.316,57.60,190.00,1,0,0
154,3.316,57.40,190.00,1,0,0
157,3.312,57.40,190.00,1,0,0
159,3.312,62.00,205.00,1,0,0
162,3.312,57.70,192.00,1,0,0
164,3.316,57.70,192.00,1,0,0
167,3.312,57.70,192.00,1,0,0
169,3.312,57.50,190.00,1,0,0
172,3.312,57.40,190.00,1,0,0
174,3.312,57.40,190.00,1,0,0
176,3.312,57.60,192.00,1,0,0
189,3.312,57.40,190.00,1,0,0
192,3.312,57.50,190.00,1,0,0
194,3.312,57.80,192.00,1,0,0
197,3.312,57.80,192.00,1,0,0
199,3.312,57.80,192.00,1,0,0
201,3.312,57.70,190.00,1,0,0
204,3.316,57.40,190.00,1,0,0
206,3.312,57.40,190.00,1,0,0
209,3.312,57.40,210.00,1,0,0
211,3.296,57.70,192.00,1,0,0
214,3.312,57.70,192.00,1,0,0
216,3.316,57.80,192.00,1,0,0
219,3.316,57.50,190.00,1,0,0
221,3.312,57.40,190.00,1,0,0
224,3.312,57.40,190.00,1,0,0
226,3.312,57.70,192.00,1,0,0
229,3.312,57.70,192.00,1,0,0
231,3.316,57.80,192.00,1,0,0
234,3.316,57.80,192.00,1,0,0
246,3.312,57.70,192.00,1,0,0
249,3.316,57.70,192.00,1,0,0
251,3.312,57.40,190.00,1,0,0
254,3.312,57.40,190.00,1,0,0
256,3.312,57.40,190.00,1,0,0
259,3.312,57.40,190.00,1,0,0
261,3.296,57.80,192.00,1,0,0
264,3.312,57.70,192.00,1,0,0
266,3.312,57.70,192.00,1,0,0
268,3.312,57.40,190.00,1,0,0
271,3.312,57.40,190.00,1,0,0
273,3.312,57.40,190.00,1,0,0
276,3.312,57.60,192.00,1,0,0
278,3.312,57.70,192.00,1,0,0
281,3.316,57.70,192.00,1,0,0
283,3.312,57.70,190.00,1,0,0
286,3.316,57.40,190.00,1,0,0
288,3.312,57.40,190.00,1,0,0
291,3.312,57.50,190.00,1,0,0
303,3.316,57.40,190.00,1,0,0
306,3.312,57.40,190.00,1,0,0
308,3.312,57.70,192.00,1,0,0
311,3.296,58.70,195.00,1,0,0
313,3.316,57.70,192.00,1,0,0
316,3.312,57.70,192.00,1,0,0
318,3.312,57.40,190.00,1,0,0
321,3.312,57.40,190.00,1,0,0
323,3.312,57.40,190.00,1,0,0
326,3.316,57.70,192.00,1,0,0
328,3.316,57.80,192.00,1,0,0
331,3.316,57.70,192.00,1,0,0
333,3.312,57.60,192.00,1,0,0
335,3.312,57.40,190.00,1,0,0
338,3.312,57.50,190.00,1,0,0
340,3.312,57.40,190.00,1,0,0
343,3.316,57.70,192.00,1,0,0
345,3.312,57.70,192.00,1,0,0
348,3.316,57.80,192.00,1,0,0
360,3.316,57.80,192.00,1,0,0
363,3.312,57.70,192.00,1,0,0
365,3.312,57.70,190.00,1,0,0
368,3.312,57.40,190.00,1,0,0
370,3.316,57.40,190.00,1,0,0
373,3.312,57.40,190.00,1,0,0
375,3.312,57.80,192.00,1,0,0
378,3.312,57.70,192.00,1,0,0
380,3.312,57.80,192.00,1,0,0
383,3.312,57.40,190.00,1,0,0
385,3.316,57.50,190.00,1,0,0
388,3.312,57.40,190.00,1,0,0
390,3.312,57.60,190.00,1,0,0
393,3.316,57.80,192.00,1,0,0
395,3.312,57.70,192.00,1,0,0
398,3.316,57.70,192.00,1,0,0
400,3.312,57.50,190.00,1,0,0
402,3.312,57.40,190.00,1,0,0
405,3.312,57.30,190.00,1,0,0
418,3.312,57.40,190.00,1,0,0
420,3.312,57.50,190.00,1,0,0
423,3.312,57.40,190.00,1,0,0
425,3.316,57.70,192.00,1,0,0
427,3.316,57.70,192.00,1,0,0
430,3.312,57.80,192.00,1,0,0
432,3.316,57.40,190.00,1,0,0
435,3.312,57.40,190.00,1,0,0
437,3.316,57.40,190.00,1,0,0
440,3.312,57.40,192.00,1,0,0
442,3.312,57.70,192.00,1,0,0
445,3.316,57.70,192.00,1,0,0
447,3.312,57.70,192.00,1,0,0
450,3.312,57.40,190.00,1,0,0
452,3.316,57.40,190.00,1,0,0
455,3.316,57.40,190.00,1,0,0
457,3.312,57.70,192.00,1,0,0
460,3.312,88.50,293.00,1,0,0
462,3.312,57.70,192.00,1,0,0
475,3.316,57.70,192.00,1,0,0
477,3.312,57.70,192.00,1,0,0
480,3.316,57.70,192.00,1,0,0
482,3.312,57.30,190.00,1,0,0
485,3.312,57.40,190.00,1,0,0
487,3.312,57.40,190.00,1,0,0
490,3.312,57.70,192.00,1,0,0
492,3.312,57.60,192.00,1,0,0
494,3.316,57.70,192.00,1,0,0
497,3.316,57.70,192.00,1,0,0
499,3.316,57.40,190.00,1,0,0
502,3.312,57.40,190.00,1,0,0
504,3.316,57.40,190.00,1,0,0
507,3.316,57.70,192.00,1,0,0
509,3.312,57.70,301.00,1,0,0
512,3.316,57.70,192.00,1,0,0
514,3.312,57.50,190.00,1,0,0
517,3.312,57.40,190.00,1,0,0
519,3.312,57.40,190.00,1,0,0
532,3.312,57.40,190.00,1,0,0
534,3.312,57.40,190.00,1,0,0
537,3.312,57.40,190.00,1,0,0
539,3.312,57.70,192.00,1,0,0
542,3.316,57.70,192.00,1,0,0
544,3.312,57.70,192.00,1,0,0
547,3.316,57.50,190.00,1,0,0
549,3.312,57.40,190.00,1,0,0
552,3.312,57.40,190.00,1,0,0
554,3.312,57.40,190.00,1,0,0
557,3.312,57.70,192.00,1,0,0
559,3.316,57.60,192.00,1,0,0
561,3.312,57.70,192.00,1,0,0
564,3.312,57.40,190.00,1,0,0
566,3.312,57.40,190.00,1,0,0
569,3.316,57.40,190.00,1,0,0
571,3.312,57.70,192.00,1,0,0
574,3.312,57.70,192.00,1,0,0
576,3.316,57.70,192.00,1,0,0
589,3.316,57.70,192.00,1,0,0
591,3.312,57.70,192.00,1,0,0
594,3.312,57.70,192.00,1,0,0
596,3.316,57.70,190.00,1,0,0
599,3.312,57.40,190.00,1,0,0
601,3.312,57.40,190.00,1,0,0
604,3.312,57.50,190.00,1,0,0
606,3.312,57.60,190.00,1,0,0
609,3.312,57.70,192.00,1,0,0
611,3.312,58.70,192.00,1,0,0
614,3.316,57.50,190.00,1,0,0
616,3.312,57.40,190.00,1,0,0
619,3.312,57.40,190.00,1,0,0
621,3.316,57.40,192.00,1,0,0
624,3.312,57.70,192.00,1,0,0
626,3.316,57.70,192.00,1,0,0
628,3.312,57.70,190.00,1,0,0
631,3.312,57.40,190.00,1,0,0
633,3.312,57.40,190.00,1,0,0
646,3.312,57.40,190.00,1,0,0
649,3.312,57.40,190.00,1,0,0
651,3.312,57.50,190.00,1,0,0
653,3.312,57.50,190.00,1,0,0
656,3.316,57.70,192.00,1,0,0
658,3.316,57.60,190.00,1,0,0
661,3.312,57.80,192.00,1,0,0
663,3.312,57.40,190.00,1,0,0
666,3.312,57.40,190.00,1,0,0
668,3.316,57.40,190.00,1,0,0
671,3.312,57.70,192.00,1,0,0
673,3.312,57.60,192.00,1,0,0
676,3.316,57.70,192.00,1,0,0
678,3.316,57.70,192.00,1,0,0
681,3.312,57.40,190.00,1,0,0
683,3.312,57.40,190.00,1,0,0
686,3.316,57.40,190.00,1,0,0
688,3.316,57.70,192.00,1,0,0
691,3.312,57.70,192.00,1,0,0
703,3.312,57.70,192.00,1,0,0
706,3.312,57.70,192.00,1,0,0
708,3.312,57.70,192.00,1,0,0
711,3.312,58.70,195.00,1,0,0
713,3.312,57.40,190.00,1,0,0
716,3.312,57.50,190.00,1,0,0
718,3.312,57.40,190.00,1,0,0
720,3.312,57.70,192.00,1,0,0
723,3.312,57.70,192.00,1,0,0
725,3.316,57.80,192.00,1,0,0
728,3.316,57.50,190.00,1,0,0
730,3.312,57.50,190.00,1,0,0
733,3.316,57.50,190.00,1,0,0
735,3.316,57.40,190.00,1,0,0
738,3.312,57.70,192.00,1,0,0
740,3.316,57.70,192.00,1,0,0
743,3.312,57.70,192.00,1,0,0
745,3.316,57.40,190.00,1,0,0
748,3.312,57.40,190.00,1,0,0
760,3.312,87.80,190.00,1,0,0
763,3.316,57.40,190.00,1,0,0
765,3.312,57.40,190.00,1,0,0
768,3.312,57.50,190.00,1,0,0
770,3.312,57.70,192.00,1,0,0
773,3.312,57.70,192.00,1,0,0
775,3.316,57.70,192.00,1,0,0
778,3.312,57.70,190.00,1,0,0
780,3.316,57.50,190.00,1,0,0
783,3.312,57.40,190.00,1,0,0
785,3.312,57.40,192.00,1,0,0
787,3.312,57.70,192.00,1,0,0
790,3.312,57.70,192.00,1,0,0
792,3.312,57.70,192.00,1,0,0
795,3.312,57.40,190.00,1,0,0
797,3.312,57.40,190.00,1,0,0
800,3.312,57.40,190.00,1,0,0
802,3.312,57.70,192.00,1,0,0
805,3.316,57.70,192.00,1,0,0
817,3.312,57.40,190.00,1,0,0
820,3.312,57.70,192.00,1,0,0
822,3.312,57.70,192.00,1,0,0
825,3.312,57.70,192.00,1,0,0
827,3.312,57.40,190.00,1,0,0
830,3.312,57.50,190.00,1,0,0
832,3.312,57.40,190.00,1,0,0
835,3.312,57.70,192.00,1,0,0
837,3.312,57.70,192.00,1,0,0
840,3.312,57.60,190.00,1,0,0
842,3.312,57.80,192.00,1,0,0
845,3.312,57.50,190.00,1,0,0
847,3.312,57.50,190.00,1,0,0
850,3.312,57.40,190.00,1,0,0
852,3.312,57.80,192.00,1,0,0
854,3.312,57.80,192.00,1,0,0
857,3.312,57.80,192.00,1,0,0
859,3.312,57.70,283.00,1,0,0
862,3.312,57.40,190.00,1,0,0
875,3.312,57.70,192.00,1,0,0
877,3.312,57.40,190.00,1,0,0
880,3.312,57.40,190.00,1,0,0
882,3.312,57.40,190.00,1,0,0
884,3.312,57.70,192.00,1,0,0
887,3.316,57.70,192.00,1,0,0
889,3.312,57.70,192.00,1,0,0
892,3.312,57.70,192.00,1,0,0
894,3.312,57.40,190.00,1,0,0
897,3.312,57.40,190.00,1,0,0
899,3.316,57.40,190.00,1,0,0
902,3.312,57.70,192.00,1,0,0
904,3.312,57.70,192.00,1,0,0
907,3.312,57.70,192.00,1,0,0
909,3.316,57.50,190.00,1,0,0
912,3.312,57.40,190.00,1,0,0
914,3.312,57.50,190.00,1,0,0
917,3.312,57.50,190.00,1,0,0
919,3.316,57.70,192.00,1,0,0
932,3.312,57.50,190.00,1,0,0
934,3.312,57.70,192.00,1,0,0
937,3.316,57.80,192.00,1,0,0
939,3.312,57.80,192.00,1,0,0
942,3.316,57.50,190.00,1,0,0
944,3.312,57.50,190.00,1,0,0
947,3.312,57.40,190.00,1,0,0
949,3.312,57.50,190.00,1,0,0
951,3.316,57.80,192.00,1,0,0
954,3.312,57.70,192.00,1,0,0
956,3.312,57.70,192.00,1,0,0
959,3.312,57.40,190.00,1,0,0
961,3.312,57.40,190.00,1,0,0
964,3.312,57.40,190.00,1,0,0
966,3.312,57.70,192.00,1,0,0
969,3.312,57.70,192.00,1,0,0
971,3.316,57.70,192.00,1,0,0
974,3.316,57.70,192.00,1,0,0
976,3.312,57.40,190.00,1,0,0
989,3.316,57.70,192.00,1,0,0
991,3.312,57.60,190.00,1,0,0
994,3.312,57.40,190.00,1,0,0
996,3.312,57.40,190.00,1,0,0
999,3.312,57.40,190.00,1,0,0
1001,3.312,57.50,190.00,1,0,0
1004,3.312,57.70,192.00,1,0,0
1006,3.312,57.80,192.00,1,0,0
1009,3.312,57.40,190.00,1,0,0
1011,3.312,57.40,190.00,1,0,0
1014,3.312,57.40,190.00,1,0,0
1016,3.316,57.70,192.00,1,0,0
1019,3.316,57.70,192.00,1,0,0
1021,3.316,57.80,192.00,1,0,0
1024,3.312,57.60,190.00,1,0,0
1026,3.316,57.40,190.00,1,0,0
1028,3.312,57.40,190.00,1,0,0
1045,3.316,57.40,190.00,1,0,0
1048,3.312,57.40,190.00,1,0,0
1050,3.316,57.80,192.00,1,0,0
1053,3.312,57.70,192.00,1,0,0
1055,3.316,57.70,192.00,1,0,0
1058,3.312,57.40,190.00,1,0,0
1060,3.312,62.60,208.00,1,0,0
1063,3.316,57.40,190.00,1,0,0
1065,3.312,57.40,192.00,1,0,0
1067,3.316,57.70,192.00,1,0,0
1070,3.312,57.70,192.00,1,0,0
1072,3.316,57.70,192.00,1,0,0
1075,3.312,57.40,190.00,1,0,0
1077,3.316,57.40,190.00,1,0,0
1080,3.312,57.40,190.00,1,0,0
1082,3.312,57.80,192.00,1,0,0
1095,3.312,57.40,190.00,1,0,0
1097,3.312,57.40,190.00,1,0,0
1100,3.312,57.80,192.00,1,0,0
1102,3.316,57.70,192.00,1,0,0
1105,3.312,57.80,192.00,1,0,0
1107,3.312,57.40,190.00,1,0,0
1110,3.312,57.40,193.00,1,0,0
1112,3.312,57.40,190.00,1,0,0
1115,3.312,57.70,192.00,1,0,0
1117,3.312,57.70,192.00,1,0,0
1120,3.312,57.80,192.00,1,0,0
1122,3.316,57.70,192.00,1,0,0
1125,3.316,57.40,190.00,1,0,0
1127,3.312,57.40,190.00,1,0,0
1130,3.312,57.40,190.00,1,0,0
1132,3.312,57.70,192.00,1,0,0
1145,3.316,57.40,190.00,1,0,0
1147,3.316,57.70,192.00,1,0,0
1150,3.316,57.70,192.00,1,0,0
1152,3.312,57.70,192.00,1,0,0
1155,3.312,57.70,192.00,1,0,0
1157,3.312,57.40,190.00,1,0,0
1160,3.312,57.40,190.00,1,0,0
1162,3.312,57.40,190.00,1,0,0
1164,3.312,57.80,192.00,1,0,0
1167,3.312,57.80,192.00,1,0,0
1169,3.312,57.80,192.00,1,0,0
1172,3.316,57.60,190.00,1,0,0
1174,3.312,57.40,190.00,1,0,0
1177,3.312,57.40,190.00,1,0,0
1179,3.312,57.40,190.00,1,0,0
1182,3.312,57.70,192.00,1,0,0
1194,3.312,57.40,190.00,1,0,0
1197,3.312,57.70,192.00,1,0,0
1199,3.316,57.70,192.00,1,0,0
1202,3.312,57.70,192.00,1,0,0
1204,3.312,57.70,190.00,1,0,0
1207,3.312,57.50,190.00,1,0,0
1209,3.312,57.50,190.00,1,0,0
1212,3.312,57.40,190.00,1,0,0
1214,3.312,57.70,192.00,1,0,0
1217,3.312,57.70,192.00,1,0,0
1219,3.312,57.80,192.00,1,0,0
1222,3.312,57.30,190.00,1,0,0
1224,3.312,57.40,190.00,1,0,0
1227,3.312,57.40,190.00,1,0,0
1229,3.312,57.40,192.00,1,0,0
1232,3.312,57.70,192.00,1,0,0
1244,3.312,57.40,190.00,1,0,0
1247,3.312,57.80,192.00,1,0,0
1249,3.312,57.70,192.00,1,0,0
1252,3.312,57.60,192.00,1,0,0
1254,3.312,57.70,192.00,1,0,0
1257,3.312,57.40,190.00,1,0,0
1259,3.312,57.50,188.00,1,0,0
1261,3.316,57.40,190.00,1,0,0
1264,3.316,57.80,192.00,1,0,0
1266,3.312,57.70,192.00,1,0,0
1269,3.312,57.70,192.00,1,0,0
1271,3.312,57.40,190.00,1,0,0
1274,3.312,57.40,190.00,1,0,0
1276,3.316,57.40,190.00,1,0,0
1279,3.312,57.50,192.00,1,0,0
1281,3.312,57.70,192.00,1,0,0
1294,3.312,57.40,190.00,1,0,0
1296,3.312,57.80,192.00,1,0,0
1299,3.312,57.70,192.00,1,0,0
1301,3.316,57.70,192.00,1,0,0
1304,3.312,57.40,190.00,1,0,0
1306,3.312,57.40,190.00,1,0,0
1309,3.312,57.40,190.00,1,0,0
1311,3.292,57.50,190.00,1,0,0
1314,3.312,57.70,192.00,1,0,0
1316,3.312,57.70,192.00,1,0,0
1319,3.312,57.70,192.00,1,0,0
1321,3.312,57.40,190.00,1,0,0
1324,3.312,57.40,190.00,1,0,0
1326,3.312,57.40,190.00,1,0,0
1329,3.312,57.80,192.00,1,0,0
1331,3.312,57.70,192.00,1,0,0
1344,3.312,57.50,190.00,1,0,0
1346,3.316,57.80,192.00,1,0,0
1349,3.316,57.70,192.00,1,0,0
1351,3.312,57.80,192.00,1,0,0
1354,3.312,57.40,190.00,1,0,0
1356,3.312,57.40,190.00,1,0,0
1358,3.312,57.40,190.00,1,0,0
1361,3.292,57.30,190.00,1,0,0
1363,3.312,57.80,192.00,1,0,0
1366,3.312,57.80,192.00,1,0,0
1368,3.312,57.70,192.00,1,0,0
1371,3.312,57.30,190.00,1,0,0
1373,3.312,57.40,190.00,1,0,0
1376,3.312,57.40,190.00,1,0,0
1378,3.312,57.70,192.00,1,0,0
1381,3.316,57.70,192.00,1,0,0
1393,3.312,57.40,190.00,1,0,0
1396,3.312,57.80,192.00,1,0,0
1398,3.316,57.70,192.00,1,0,0
1401,3.312,57.70,192.00,1,0,0
1403,3.312,57.40,190.00,1,0,0
1406,3.312,57.50,190.00,1,0,0
1408,3.312,57.30,190.00,1,0,0
1411,3.296,58.10,192.00,1,0,0
1413,3.316,57.80,192.00,1,0,0
1416,3.316,57.80,192.00,1,0,0
1418,3.312,57.80,192.00,1,0,0
1421,3.312,57.40,190.00,1,0,0
1423,3.312,57.30,190.00,1,0,0
1426,3.312,57.40,190.00,1,0,0
1428,3.312,57.70,192.00,1,0,0
1430,3.312,57.70,192.00,1,0,0
1443,3.316,57.70,192.00,1,0,0
1446,3.312,57.80,192.00,1,0,0
1448,3.312,57.70,192.00,1,0,0
1451,3.316,57.80,192.00,1,0,0
1453,3.312,57.40,190.00,1,0,0
1455,3.312,57.40,190.00,1,0,0
1458,3.316,57.30,190.00,1,0,0
1460,3.312,57.80,192.00,1,0,0
1463,3.312,57.70,192.00,1,0,0
1465,3.316,57.70,192.00,1,0,0
1468,3.312,57.60,190.00,1,0,0
1470,3.312,57.40,190.00,1,0,0
1473,3.312,57.40,190.00,1,0,0
1475,3.316,57.40,190.00,1,0,0
1478,3.316,57.70,192.00,1,0,0
1480,3.312,57.70,192.00,1,0,0
1493,3.312,57.60,192.00,1,0,0
1495,3.312,57.70,192.00,1,0,0
1498,3.312,57.70,192.00,1,0,0
1500,3.316,57.70,190.00,1,0,0
1503,3.312,57.40,190.00,1,0,0
1505,3.312,57.40,190.00,1,0,0
1508,3.312,57.50,190.00,1,0,0
1510,3.316,58.70,195.00,1,0,0
1513,3.316,57.80,192.00,1,0,0
1515,3.316,57.70,192.00,1,0,0
1518,3.312,57.80,190.00,1,0,0
1520,3.312,57.40,190.00,1,0,0
1523,3.312,57.40,190.00,1,0,0
1525,3.316,57.40,192.00,1,0,0
1527,3.316,57.70,192.00,1,0,0
1530,3.316,57.70,192.00,1,0,0
1543,3.312,57.70,192.00,1,0,0
1545,3.312,57.70,192.00,1,0,0
1548,3.312,57.70,192.00,1,0,0
1550,3.316,57.70,192.00,1,0,0
1553,3.312,57.40,190.00,1,0,0
1555,3.312,57.40,190.00,1,0,0
1557,3.312,57.40,190.00,1,0,0
1560,3.312,64.10,192.00,1,0,0
1562,3.312,57.70,192.00,1,0,0
1565,3.312,57.70,192.00,1,0,0
1567,3.312,57.40,190.00,1,0,0
1570,3.312,57.40,190.00,1,0,0
1572,3.312,57.40,190.00,1,0,0
1575,3.312,57.40,190.00,1,0,0
1577,3.312,57.70,192.00,1,0,0
1580,3.312,57.70,192.00,1,0,0
1592,3.312,57.70,192.00,1,0,0
1595,3.312,57.70,192.00,1,0,0
1597,3.312,57.80,192.00,1,0,0
1600,3.312,57.40,190.00,1,0,0
1602,3.312,57.40,190.00,1,0,0
1605,3.312,57.40,190.00,1,0,0
1607,3.312,57.50,190.00,1,0,0
1610,3.312,65.40,216.00,1,0,0
1612,3.312,57.70,192.00,1,0,0
1615,3.312,57.70,192.00,1,0,0
1617,3.312,57.40,190.00,1,0,0
1620,3.312,57.50,190.00,1,0,0
1622,3.312,57.50,190.00,1,0,0
1624,3.312,57.70,192.00,1,0,0
1627,3.312,57.80,192.00,1,0,0
1629,3.312,57.70,192.00,1,0,0
1642,3.312,57.70,192.00,1,0,0
1645,3.312,57.70,192.00,1,0,0
1647,3.312,57.80,192.00,1,0,0
1650,3.316,57.50,190.00,1,0,0
1652,3.312,57.40,190.00,1,0,0
1654,3.316,57.40,190.00,1,0,0
1657,3.312,57.40,192.00,1,0,0
1659,3.312,75.60,249.00,1,0,0
1662,3.316,57.70,192.00,1,0,0
1664,3.312,57.80,192.00,1,0,0
1667,3.316,57.40,190.00,1,0,0
1669,3.312,57.40,190.00,1,0,0
1672,3.312,57.40,190.00,1,0,0
1674,3.312,57.70,192.00,1,0,0
1677,3.316,57.70,192.00,1,0,0
1679,3.316,57.70,192.00,1,0,0
1692,3.312,57.70,192.00,1,0,0
1694,3.312,57.70,192.00,1,0,0
1697,3.312,57.70,192.00,1,0,0
1699,3.312,57.40,190.00,1,0,0
1702,3.316,57.40,190.00,1,0,0
1704,3.312,57.40,190.00,1,0,0
1707,3.316,57.60,192.00,1,0,0
1709,3.312,57.70,285.00,1,0,0
1712,3.312,57.60,190.00,1,0,0
1714,3.316,57.70,192.00,1,0,0
1717,3.312,57.50,190.00,1,0,0
1719,3.312,57.40,190.00,1,0,0
1722,3.312,57.40,190.00,1,0,0
1724,3.312,57.70,192.00,1,0,0
1726,3.316,57.70,192.00,1,0,0
1729,3.312,57.70,192.00,1,0,0
1742,3.316,57.60,190.00,1,0,0
1744,3.316,57.70,192.00,1,0,0
1747,3.312,57.70,192.00,1,0,0
1749,3.316,57.40,190.00,1,0,0
1751,3.316,57.40,190.00,1,0,0
1754,3.316,57.40,190.00,1,0,0
1756,3.316,57.70,192.00,1,0,0
1759,3.316,57.70,192.00,1,0,0
1761,3.312,57.80,190.00,1,0,0
1764,3.312,57.60,190.00,1,0,0
1766,3.312,57.40,190.00,1,0,0
1769,3.312,57.40,190.00,1,0,0
1771,3.312,57.40,190.00,1,0,0
1774,3.316,57.70,192.00,1,0,0
1776,3.316,57.70,192.00,1,0,0
1779,3.312,57.70,192.00,1,0,0
1791,3.312,57.70,192.00,1,0,0
1794,3.312,57.70,192.00,1,0,0
1796,3.312,57.80,190.00,1,0,0
1799,3.312,57.50,190.00,1,0,0
1801,3.312,57.30,190.00,1,0,0
1804,3.312,57.40,190.00,1,0,0
1806,3.316,57.70,192.00,1,0,0
1809,3.312,57.70,192.00,1,0,0
1811,3.312,58.60,193.00,1,0,0
1814,3.316,57.70,190.00,1,0,0
1816,3.316,57.50,190.00,1,0,0
1819,3.312,57.40,190.00,1,0,0
1821,3.312,57.50,192.00,1,0,0
1823,3.316,57.70,192.00,1,0,0
1826,3.312,57.70,192.00,1,0,0
1828,3.312,57.70,192.00,1,0,0
1841,3.316,57.80,192.00,1,0,0
1844,3.312,57.70,192.00,1,0,0
1846,3.312,57.70,192.00,1,0,0
1848,3.312,57.40,190.00,1,0,0
1851,3.312,57.40,190.00,1,0,0
1853,3.312,57.30,190.00,1,0,0
1856,3.312,57.70,192.00,1,0,0
1858,3.316,57.70,192.00,1,0,0
1861,3.312,57.80,192.00,1,0,0
1863,3.312,57.50,190.00,1,0,0
1866,3.312,57.40,190.00,1,0,0
1868,3.316,57.40,190.00,1,0,0
1871,3.316,57.40,190.00,1,0,0
1873,3.312,57.70,192.00,1,0,0
1876,3.316,57.80,192.00,1,0,0
1878,3.312,57.70,192.00,1,0,0
1891,3.312,57.70,192.00,1,0,0
1893,3.312,57.80,192.00,1,0,0
1896,3.316,57.50,190.00,1,0,0
1898,3.312,57.50,190.00,1,0,0
1901,3.312,57.50,190.00,1,0,0
1903,3.312,57.40,190.00,1,0,0
1906,3.312,57.70,192.00,1,0,0
1908,3.312,57.70,192.00,1,0,0
1911,3.316,58.70,195.00,1,0,0
1913,3.316,57.40,190.00,1,0,0
1916,3.312,57.50,190.00,1,0,0
1918,3.312,57.40,190.00,1,0,0
1920,3.312,57.70,192.00,1,0,0
1923,3.316,57.70,192.00,1,0,0
1925,3.312,57.80,192.00,1,0,0
1928,3.312,57.80,192.00,1,0,0
1941,3.312,57.80,192.00,1,0,0
1943,3.312,57.70,192.00,1,0,0
1946,3.316,57.60,190.00,1,0,0
1948,3.312,57.40,190.00,1,0,0
1950,3.316,57.40,190.00,1,0,0
1953,3.312,57.40,192.00,1,0,0
1955,3.312,57.70,192.00,1,0,0
1958,3.312,57.70,192.00,1,0,0
1960,3.312,90.30,192.00,1,0,0
1963,3.312,57.40,190.00,1,0,0
1965,3.312,57.50,190.00,1,0,0
1968,3.312,57.40,190.00,1,0,0
1970,3.312,57.80,192.00,1,0,0
1973,3.316,57.70,192.00,1,0,0
1975,3.316,57.70,192.00,1,0,0
1978,3.312,57.50,190.00,1,0,0
1990,3.316,57.70,192.00,1,0,0
1993,3.316,57.70,192.00,1,0,0
1995,3.312,57.40,190.00,1,0,0
1998,3.312,57.40,190.00,1,0,0
2000,3.316,57.40,190.00,1,0,0
2003,3.316,57.60,192.00,1,0,0
2005,3.316,57.70,192.00,1,0,0
2008,3.312,57.70,192.00,1,0,0
2010,3.312,87.60,290.00,1,0,0
2013,3.312,57.40,190.00,1,0,0
2015,3.312,57.40,190.00,1,0,0
2017,3.312,57.40,190.00,1,0,0
2020,3.316,57.80,192.00,1,0,0
2022,3.316,57.70,192.00,1,0,0
2025,3.316,57.70,192.00,1,0,0
2027,3.316,57.60,190.00,1,0,0
2040,3.316,57.70,192.00,1,0,0
2043,3.312,57.70,192.00,1,0,0
2045,3.312,57.40,190.00,1,0,0
2047,3.312,57.50,190.00,1,0,0
2050,3.312,57.40,190.00,1,0,0
2052,3.312,57.80,192.00,1,0,0
2055,3.312,57.70,192.00,1,0,0
2057,3.312,57.80,192.00,1,0,0
2060,3.312,86.20,285.00,1,0,0
2062,3.312,57.30,190.00,1,0,0
2065,3.312,57.40,190.00,1,0,0
2067,3.312,57.40,190.00,1,0,0
2070,3.312,57.70,192.00,1,0,0
2072,3.312,57.60,192.00,1,0,0
2075,3.316,57.70,192.00,1,0,0
2077,3.312,57.40,190.00,1,0,0
2090,3.312,57.70,192.00,1,0,0
2092,3.316,57.70,190.00,1,0,0
2095,3.312,57.40,190.00,1,0,0
2097,3.312,57.40,190.00,1,0,0
2100,3.312,57.40,190.00,1,0,0
2102,3.316,57.70,192.00,1,0,0
2105,3.312,57.80,192.00,1,0,0
2107,3.316,57.70,192.00,1,0,0
2110,3.316,57.80,283.00,1,0,0
2112,3.312,57.30,190.00,1,0,0
2115,3.316,57.40,190.00,1,0,0
2117,3.312,57.30,190.00,1,0,0
2119,3.312,57.70,192.00,1,0,0
2122,3.316,57.70,192.00,1,0,0
2124,3.316,57.60,192.00,1,0,0
2127,3.312,57.30,190.00,1,0,0
2140,3.312,57.70,192.00,1,0,0
2142,3.312,57.80,192.00,1,0,0
2144,3.312,57.40,190.00,1,0,0
2147,3.316,57.40,190.00,1,0,0
2149,3.312,57.40,190.00,1,0,0
2152,3.312,57.70,192.00,1,0,0
2154,3.312,57.80,192.00,1,0,0
2157,3.316,57.70,192.00,1,0,0
2159,3.316,57.50,190.00,1,0,0
2162,3.316,57.40,190.00,1,0,0
2164,3.316,57.40,190.00,1,0,0
2167,3.312,57.50,190.00,1,0,0
2169,3.316,57.70,192.00,1,0,0
2172,3.316,57.70,192.00,1,0,0
2174,3.312,57.80,192.00,1,0,0
2177,3.312,57.40,190.00,1,0,0
2189,3.312,57.80,192.00,1,0,0
2192,3.312,57.40,190.00,1,0,0
2194,3.316,57.40,190.00,1,0,0
2197,3.316,57.50,190.00,1,0,0
2199,3.312,57.50,190.00,1,0,0
2202,3.316,57.70,192.00,1,0,0
2204,3.312,57.80,192.00,1,0,0
2207,3.312,57.80,192.00,1,0,0
2209,3.312,57.30,190.00,1,0,0
2212,3.312,57.40,190.00,1,0,0
2214,3.316,57.40,190.00,1,0,0
2216,3.312,57.70,192.00,1,0,0
2219,3.312,57.70,192.00,1,0,0
2221,3.312,57.80,192.00,1,0,0
2224,3.316,57.70,192.00,1,0,0
2226,3.312,57.40,190.00,1,0,0
2239,3.312,57.70,192.00,1,0,0
2241,3.312,57.50,190.00,1,0,0
2244,3.312,57.40,190.00,1,0,0
2246,3.312,57.40,190.00,1,0,0
2249,3.312,57.40,192.00,1,0,0
2251,3.312,57.80,192.00,1,0,0
2254,3.312,57.70,192.00,1,0,0
2256,3.316,57.80,192.00,1,0,0
2259,3.316,57.40,190.00,1,0,0
2261,3.312,57.40,190.00,1,0,0
2264,3.312,57.40,190.00,1,0,0
2266,3.312,57.70,192.00,1,0,0
2269,3.316,57.70,192.00,1,0,0
2271,3.312,57.70,192.00,1,0,0
2274,3.312,57.60,190.00,1,0,0
2276,3.312,57.40,190.00,1,0,0
2289,3.316,57.80,192.00,1,0,0
2291,3.312,57.40,190.00,1,0,0
2294,3.316,57.50,190.00,1,0,0
2296,3.316,57.40,190.00,1,0,0
2299,3.312,57.70,192.00,1,0,0
2301,3.316,57.70,192.00,1,0,0
2304,3.312,57.70,192.00,1,0,0
2306,3.312,57.70,192.00,1,0,0
2309,3.312,57.40,190.00,1,0,0
2311,3.300,57.40,190.00,1,0,0
2313,3.312,57.40,190.00,1,0,0
2316,3.316,57.80,192.00,1,0,0
2318,3.312,57.80,192.00,1,0,0
2321,3.312,57.80,192.00,1,0,0
2323,3.312,57.80,190.00,1,0,0
2326,3.312,57.40,190.00,1,0,0
2339,3.312,57.60,192.00,1,0,0
2341,3.312,57.50,190.00,1,0,0
2343,3.312,57.40,190.00,1,0,0
2346,3.312,57.40,190.00,1,0,0
2348,3.312,57.70,192.00,1,0,0
2351,3.312,57.80,192.00,1,0,0
2353,3.312,57.80,192.00,1,0,0
2356,3.312,57.60,190.00,1,0,0
2358,3.312,57.40,190.00,1,0,0
2361,3.296,58.70,190.00,1,0,0
2363,3.312,57.40,190.00,1,0,0
2366,3.316,57.80,192.00,1,0,0
2368,3.316,57.80,192.00,1,0,0
2371,3.316,57.80,192.00,1,0,0
2373,3.316,57.40,190.00,1,0,0
2376,3.312,57.40,190.00,1,0,0
2388,3.316,57.70,190.00,1,0,0
2391,3.312,57.50,190.00,1,0,0
2393,3.316,57.40,190.00,1,0,0
2396,3.312,57.50,190.00,1,0,0
2398,3.312,57.70,192.00,1,0,0
2401,3.312,57.70,192.00,1,0,0
2403,3.316,57.80,192.00,1,0,0
2406,3.312,57.70,190.00,1,0,0
2408,3.312,57.50,190.00,1,0,0
2411,3.292,57.50,190.00,1,0,0
2413,3.312,57.40,192.00,1,0,0
2415,3.316,57.80,192.00,1,0,0
2418,3.312,57.70,192.00,1,0,0
2420,3.316,57.90,192.00,1,0,0
2423,3.316,57.50,190.00,1,0,0
2425,3.312,57.40,190.00,1,0,0
2438,3.316,57.70,192.00,1,0,0
2440,3.316,57.40,190.00,1,0,0
2443,3.312,57.50,190.00,1,0,0
2445,3.316,57.40,190.00,1,0,0
2448,3.316,57.80,192.00,1,0,0
2450,3.316,57.70,192.00,1,0,0
2453,3.312,57.70,192.00,1,0,0
2455,3.312,57.50,190.00,1,0,0
2458,3.312,57.40,190.00,1,0,0
2460,3.312,57.50,190.00,1,0,0
2463,3.312,57.40,190.00,1,0,0
2465,3.312,57.70,192.00,1,0,0
2468,3.312,57.80,192.00,1,0,0
2470,3.312,57.70,192.00,1,0,0
2473,3.316,57.40,190.00,1,0,0
2475,3.316,57.50,190.00,1,0,0
2488,3.312,57.50,190.00,1,0,0
2490,3.316,57.50,190.00,1,0,0
2493,3.312,57.40,190.00,1,0,0
2495,3.316,57.40,190.00,1,0,0
2498,3.312,57.70,192.00,1,0,0
2500,3.316,57.80,192.00,1,0,0
2503,3.316,57.70,192.00,1,0,0
2505,3.316,57.40,190.00,1,0,0
2508,3.312,57.40,190.00,1,0,0
2510,3.312,57.40,190.00,1,0,0
2512,3.312,57.70,192.00,1,0,0
2515,3.316,57.80,192.00,1,0,0
2517,3.312,57.70,192.00,1,0,0
2520,3.316,57.80,192.00,1,0,0
2522,3.312,57.40,190.00,1,0,0
2525,3.312,57.40,190.00,1,0,0
2537,3.316,57.60,190.00,1,0,0
2540,3.312,57.40,190.00,1,0,0
2542,3.312,57.40,190.00,1,0,0
2545,3.312,57.50,192.00,1,0,0
2547,3.312,57.80,192.00,1,0,0
2550,3.316,57.70,192.00,1,0,0
2552,3.316,57.70,192.00,1,0,0
2555,3.312,57.40,190.00,1,0,0
2557,3.312,57.40,190.00,1,0,0
2560,3.316,57.70,190.00,1,0,0
2562,3.316,57.70,192.00,1,0,0
2565,3.312,57.60,190.00,1,0,0
2567,3.312,57.70,192.00,1,0,0
2570,3.312,57.60,190.00,1,0,0
2572,3.312,57.40,190.00,1,0,0
2575,3.312,57.40,190.00,1,0,0
2587,3.312,57.40,190.00,1,0,0
2590,3.312,57.40,190.00,1,0,0
2592,3.312,57.50,190.00,1,0,0
2595,3.316,57.70,192.00,1,0,0
2597,3.316,57.70,192.00,1,0,0
2600,3.312,57.80,192.00,1,0,0
2602,3.316,57.70,192.00,1,0,0
2605,3.312,57.40,190.00,1,0,0
2607,3.312,57.40,190.00,1,0,0
2609,3.312,59.50,197.00,1,0,0
2612,3.312,57.70,190.00,1,0,0
2614,3.312,57.70,192.00,1,0,0
2617,3.312,57.70,192.00,1,0,0
2619,3.312,57.80,190.00,1,0,0
2622,3.312,57.40,190.00,1,0,0
2624,3.316,57.40,190.00,1,0,0
2637,3.312,57.40,190.00,1,0,0
2639,3.312,57.40,190.00,1,0,0
2642,3.312,57.40,190.00,1,0,0
2644,3.312,57.80,192.00,1,0,0
2647,3.312,57.70,192.00,1,0,0
2649,3.312,57.70,192.00,1,0,0
2652,3.312,57.70,192.00,1,0,0
2654,3.312,57.40,190.00,1,0,0
2657,3.312,57.40,190.00,1,0,0
2659,3.316,61.90,203.00,1,0,0
2662,3.312,57.60,190.00,1,0,0
2664,3.312,57.70,192.00,1,0,0
2667,3.312,57.70,192.00,1,0,0
2669,3.312,57.40,190.00,1,0,0
2672,3.312,57.40,190.00,1,0,0
2674,3.312,57.50,190.00,1,0,0
2687,3.312,57.40,190.00,1,0,0
2689,3.312,57.40,190.00,1,0,0
2692,3.312,57.40,190.00,1,0,0
2694,3.312,57.80,192.00,1,0,0
2697,3.316,57.70,192.00,1,0,0
2699,3.316,57.70,192.00,1,0,0
2702,3.312,57.70,190.00,1,0,0
2704,3.312,57.40,190.00,1,0,0
2706,3.312,57.40,190.00,1,0,0
2709,3.316,57.40,210.00,1,0,0
2711,3.296,57.70,192.00,1,0,0
2714,3.312,57.80,192.00,1,0,0
2716,3.312,57.80,192.00,1,0,0
2719,3.312,57.40,190.00,1,0,0
2721,3.312,57.30,190.00,1,0,0
2724,3.312,57.60,190.00,1,0,0
2736,3.316,57.50,190.00,1,0,0
2739,3.312,57.40,190.00,1,0,0
2741,3.312,57.40,190.00,1,0,0
2744,3.312,57.70,192.00,1,0,0
2746,3.312,57.70,192.00,1,0,0
2749,3.316,57.80,192.00,1,0,0
2751,3.316,57.50,190.00,1,0,0
2754,3.312,57.40,190.00,1,0,0
2756,3.312,57.40,190.00,1,0,0
2759,3.312,57.40,190.00,1,0,0
2761,3.296,57.80,192.00,1,0,0
2764,3.312,57.70,192.00,1,0,0
2766,3.316,57.80,192.00,1,0,0
2769,3.312,57.40,190.00,1,0,0
2771,3.312,57.40,190.00,1,0,0
2774,3.312,57.50,190.00,1,0,0
2786,3.312,57.40,190.00,1,0,0
2789,3.312,57.40,190.00,1,0,0
2791,3.316,57.40,190.00,1,0,0
2794,3.312,57.70,192.00,1,0,0
2796,3.312,57.80,192.00,1,0,0
2799,3.312,57.80,192.00,1,0,0
2801,3.312,57.40,190.00,1,0,0
2803,3.316,57.40,190.00,1,0,0
2806,3.312,57.40,190.00,1,0,0
2808,3.316,57.70,192.00,1,0,0
2811,3.296,58.70,195.00,1,0,0
2813,3.316,57.70,192.00,1,0,0
2816,3.312,57.80,192.00,1,0,0
2818,3.316,57.40,190.00,1,0,0
2821,3.312,57.50,190.00,1,0,0
2823,3.316,57.40,190.00,1,0,0
2836,3.312,57.50,190.00,1,0,0
2838,3.312,57.40,190.00,1,0,0
2841,3.312,57.40,192.00,1,0,0
2843,3.312,57.70,192.00,1,0,0
2846,3.312,57.70,192.00,1,0,0
2848,3.316,57.70,192.00,1,0,0
2851,3.316,57.50,190.00,1,0,0
2853,3.312,57.40,190.00,1,0,0
2856,3.312,57.40,190.00,1,0,0
2858,3.312,57.70,192.00,1,0,0
2861,3.300,57.80,192.00,1,0,0
2863,3.316,57.70,192.00,1,0,0
2866,3.316,57.60,190.00,1,0,0
2868,3.312,57.40,190.00,1,0,0
2871,3.312,57.40,190.00,1,0,0
2873,3.316,57.40,190.00,1,0,0
2886,3.316,57.40,190.00,1,0,0
2888,3.312,57.50,190.00,1,0,0
2891,3.312,57.60,192.00,1,0,0
2893,3.312,57.70,192.00,1,0,0
2896,3.312,57.70,192.00,1,0,0
2898,3.316,57.70,192.00,1,0,0
2900,3.316,57.40,190.00,1,0,0
2903,3.316,57.40,190.00,1,0,0
2905,3.312,57.50,190.00,1,0,0
2908,3.316,57.70,192.00,1,0,0
2910,3.312,58.70,195.00,1,0,0
2913,3.312,57.70,192.00,1,0,0
2915,3.316,57.80,190.00,1,0,0
2918,3.312,57.40,190.00,1,0,0
2920,3.312,57.40,190.00,1,0,0
2923,3.312,57.40,190.00,1,0,0
2935,3.316,57.40,190.00,1,0,0
2938,3.312,57.50,190.00,1,0,0
2940,3.312,57.70,192.00,1,0,0
2943,3.312,57.70,192.00,1,0,0
2945,3.312,57.80,192.00,1,0,0
2948,3.316,57.70,192.00,1,0,0
2950,3.312,57.40,190.00,1,0,0
2953,3.316,57.40,190.00,1,0,0
2955,3.316,57.40,190.00,1,0,0
2958,3.316,57.70,192.00,1,0,0
2960,3.312,87.70,192.00,1,0,0
2963,3.316,57.70,192.00,1,0,0
2965,3.312,57.40,190.00,1,0,0
2968,3.312,57.40,190.00,1,0,0
2970,3.312,57.50,190.00,1,0,0
2972,3.312,57.40,190.00,1,0,0
2985,3.316,57.50,190.00,1,0,0
2988,3.312,57.50,190.00,1,0,0
2990,3.316,57.70,192.00,1,0,0
2993,3.312,57.70,192.00,1,0,0
2995,3.312,57.70,192.00,1,0,0
2998,3.316,57.70,190.00,1,0,0
3000,3.312,57.40,190.00,1,0,0
3002,3.316,57.40,190.00,1,0,0
3005,3.312,57.50,190.00,1,0,0
3007,3.312,57.80,192.00,1,0,0
3010,3.316,90.30,300.00,1,0,0
3012,3.316,57.70,192.00,1,0,0
3015,3.312,57.50,190.00,1,0,0
3017,3.312,57.40,190.00,1,0,0
3020,3.312,57.50,190.00,1,0,0
3022,3.316,57.70,192.00,1,0,0
3035,3.312,57.40,190.00,1,0,0
3037,3.312,57.40,190.00,1,0,0
3040,3.312,57.70,192.00,1,0,0
3047,3.316,57.50,190.00,1,0,0
3050,3.312,57.40,190.00,1,0,0
3052,3.312,57.40,190.00,1,0,0
3055,3.312,57.40,190.00,1,0,0
3057,3.312,57.70,192.00,1,0,0
3060,3.316,91.90,305.00,1,0,0
3062,3.316,57.80,192.00,1,0,0
3065,3.312,57.50,190.00,1,0,0
3067,3.312,57.50,190.00,1,0,0
3069,3.316,57.40,190.00,1,0,0
3072,3.316,57.70,192.00,1,0,0
3074,3.316,57.70,192.00,1,0,0
3077,3.312,57.70,192.00,1,0,0
3079,3.312,57.70,190.00,1,0,0
3082,3.312,57.40,190.00,1,0,0
3084,3.312,57.50,190.00,1,0,0
3097,3.312,57.40,190.00,1,0,0
3099,3.316,57.40,190.00,1,0,0
3102,3.312,57.40,190.00,1,0,0
3104,3.312,57.70,192.00,1,0,0
3107,3.316,57.80,192.00,1,0,0
3109,3.312,57.70,305.00,1,0,0
3112,3.316,57.70,192.00,1,0,0
3114,3.312,57.40,190.00,1,0,0
3117,3.316,57.40,190.00,1,0,0
3119,3.316,57.40,190.00,1,0,0
3122,3.312,57.80,192.00,1,0,0
3124,3.316,57.70,192.00,1,0,0
3127,3.316,57.70,192.00,1,0,0
3129,3.316,57.70,192.00,1,0,0
3132,3.316,57.50,190.00,1,0,0
3134,3.312,57.40,190.00,1,0,0
3147,3.316,57.40,190.00,1,0,0
3149,3.312,57.50,190.00,1,0,0
3152,3.316,57.40,190.00,1,0,0
3154,3.316,57.40,192.00,1,0,0
3157,3.312,57.70,192.00,1,0,0
3159,3.316,57.70,192.00,1,0,0
3162,3.316,57.90,190.00,1,0,0
3164,3.316,57.50,190.00,1,0,0
3166,3.312,57.40,190.00,1,0,0
3169,3.312,57.40,190.00,1,0,0
3171,3.312,57.70,192.00,1,0,0
3174,3.312,57.70,192.00,1,0,0
3176,3.312,57.70,192.00,1,0,0
3179,3.312,57.40,190.00,1,0,0
3181,3.312,57.50,190.00,1,0,0
3184,3.312,57.50,190.00,1,0,0
3196,3.312,57.50,190.00,1,0,0
3199,3.316,57.40,190.00,1,0,0
3201,3.312,57.40,190.00,1,0,0
3204,3.312,57.80,192.00,1,0,0
3206,3.316,57.70,192.00,1,0,0
3209,3.312,57.80,192.00,1,0,0
3211,3.312,58.70,195.00,1,0,0
3214,3.312,57.40,190.00,1,0,0
3216,3.312,57.40,190.00,1,0,0
3219,3.312,57.40,190.00,1,0,0
3221,3.316,57.80,192.00,1,0,0
3224,3.312,57.70,192.00,1,0,0
3226,3.312,57.70,192.00,1,0,0
3229,3.312,57.50,190.00,1,0,0
3231,3.312,57.40,190.00,1,0,0
3234,3.316,57.50,190.00,1,0,0
3246,3.312,57.40,190.00,1,0,0
3249,3.312,57.40,190.00,1,0,0
3251,3.316,57.40,190.00,1,0,0
3254,3.312,57.70,192.00,1,0,0
3256,3.312,57.70,192.00,1,0,0
3259,3.312,57.70,192.00,1,0,0
3261,3.312,57.40,190.00,1,0,0
3263,3.316,57.50,190.00,1,0,0
3266,3.316,57.40,190.00,1,0,0
3268,3.312,57.40,190.00,1,0,0
3271,3.316,57.80,192.00,1,0,0
3273,3.312,57.70,192.00,1,0,0
3276,3.316,57.70,192.00,1,0,0
3278,3.316,57.40,190.00,1,0,0
3281,3.312,57.40,190.00,1,0,0
3283,3.316,57.50,190.00,1,0,0
3296,3.312,57.40,190.00,1,0,0
3298,3.312,57.40,190.00,1,0,0
3301,3.312,57.40,190.00,1,0,0
3303,3.312,57.70,192.00,1,0,0
3306,3.312,57.70,192.00,1,0,0
3308,3.312,57.70,192.00,1,0,0
3311,3.312,57.40,190.00,1,0,0
3313,3.316,57.40,190.00,1,0,0
3316,3.312,57.50,190.00,1,0,0
3318,3.312,57.80,192.00,1,0,0
3321,3.312,57.70,192.00,1,0,0
3323,3.312,57.70,192.00,1,0,0
3326,3.316,57.80,192.00,1,0,0
3328,3.316,57.50,190.00,1,0,0
3331,3.312,57.40,190.00,1,0,0
3333,3.316,57.40,190.00,1,0,0
3346,3.316,57.40,190.00,1,0,0
3348,3.312,57.50,190.00,1,0,0
3351,3.316,57.50,190.00,1,0,0
3353,3.316,57.80,192.00,1,0,0
3356,3.312,57.70,192.00,1,0,0
3358,3.316,57.70,192.00,1,0,0
3360,3.312,85.30,190.00,1,0,0
3363,3.312,57.40,190.00,1,0,0
3365,3.316,57.40,190.00,1,0,0
3368,3.312,57.60,192.00,1,0,0
3370,3.316,57.70,192.00,1,0,0
3373,3.316,57.80,192.00,1,0,0
3375,3.312,57.80,190.00,1,0,0
3378,3.312,57.40,190.00,1,0,0
3380,3.312,57.40,190.00,1,0,0
3383,3.312,57.40,190.00,1,0,0
3395,3.316,57.40,190.00,1,0,0
3398,3.316,57.40,190.00,1,0,0
3400,3.312,57.70,192.00,1,0,0
3403,3.312,57.70,192.00,1,0,0
3405,3.316,57.80,192.00,1,0,0
3408,3.316,57.80,192.00,1,0,0
3410,3.308,85.20,282.00,1,0,0
3413,3.316,57.40,190.00,1,0,0
3415,3.316,57.50,190.00,1,0,0
3418,3.312,57.80,192.00,1,0,0
3420,3.312,57.70,192.00,1,0,0
3423,3.312,57.80,192.00,1,0,0
3425,3.316,57.80,192.00,1,0,0
3428,3.316,57.40,190.00,1,0,0
3430,3.316,57.40,190.00,1,0,0
3432,3.312,57.50,190.00,1,0,0
3445,3.312,57.40,190.00,1,0,0
3448,3.312,57.40,190.00,1,0,0
3450,3.316,57.50,192.00,1,0,0
3453,3.312,57.70,192.00,1,0,0
3455,3.312,57.80,192.00,1,0,0
3457,3.316,57.80,192.00,1,0,0
3460,3.312,83.90,279.00,1,0,0
3462,3.312,57.40,190.00,1,0,0
3465,3.312,57.50,190.00,1,0,0
3467,3.316,57.70,192.00,1,0,0
3470,3.312,57.70,192.00,1,0,0
3472,3.312,57.70,192.00,1,0,0
3475,3.316,57.50,190.00,1,0,0
3477,3.312,57.50,190.00,1,0,0
3480,3.312,57.40,190.00,1,0,0
3482,3.316,57.50,190.00,1,0,0
3495,3.316,57.40,190.00,1,0,0
3497,3.316,57.40,190.00,1,0,0
3500,3.312,57.70,192.00,1,0,0
3502,3.316,57.80,192.00,1,0,0
3505,3.312,57.80,192.00,1,0,0
3507,3.312,57.70,192.00,1,0,0
3510,3.312,57.40,246.00,1,0,0
3512,3.312,57.50,190.00,1,0,0
3515,3.316,57.40,190.00,1,0,0
3517,3.316,57.80,192.00,1,0,0
3520,3.316,57.80,192.00,1,0,0
3522,3.312,57.70,192.00,1,0,0
3525,3.312,57.50,190.00,1,0,0
3527,3.312,57.40,190.00,1,0,0
3529,3.316,57.40,190.00,1,0,0
3532,3.316,57.50,192.00,1,0,0
3545,3.312,57.50,190.00,1,0,0
3547,3.312,57.40,190.00,1,0,0
3550,3.316,57.80,192.00,1,0,0
3552,3.312,57.80,192.00,1,0,0
3554,3.316,57.70,192.00,1,0,0
3557,3.316,57.50,190.00,1,0,0
3559,3.316,57.40,188.00,1,0,0
3562,3.312,57.40,190.00,1,0,0
3564,3.312,57.40,190.00,1,0,0
3567,3.312,57.80,192.00,1,0,0
3569,3.316,57.70,192.00,1,0,0
3572,3.312,57.70,192.00,1,0,0
3574,3.316,57.40,190.00,1,0,0
3577,3.312,57.50,190.00,1,0,0
3579,3.316,57.40,190.00,1,0,0
3582,3.316,57.70,192.00,1,0,0
3594,3.316,57.40,190.00,1,0,0
3597,3.312,57.40,190.00,1,0,0
3599,3.312,57.80,192.00,1,0,0
3602,3.312,57.80,192.00,1,0,0
3604,3.316,57.70,192.00,1,0,0
3607,3.312,57.40,190.00,1,0,0
3609,3.312,57.40,188.00,1,0,0
3612,3.312,57.40,190.00,1,0,0
3614,3.312,57.80,192.00,1,0,0
3617,3.312,57.80,192.00,1,0,0
3619,3.312,57.70,192.00,1,0,0
3622,3.312,57.70,192.00,1,0,0
3624,3.316,57.40,190.00,1,0,0
3626,3.312,57.40,190.00,1,0,0
3629,3.312,57.40,190.00,1,0,0
3631,3.312,57.70,192.00,1,0,0
3644,3.312,57.40,190.00,1,0,0
3647,3.312,57.40,190.00,1,0,0
3649,3.312,57.70,192.00,1,0,0
3652,3.312,57.70,192.00,1,0,0
3654,3.312,57.70,192.00,1,0,0
3656,3.312,57.30,190.00,1,0,0
3659,3.316,57.40,188.00,1,0,0
3661,3.316,57.40,190.00,1,0,0
3664,3.312,57.60,192.00,1,0,0
3666,3.316,57.80,192.00,1,0,0
3669,3.316,57.70,192.00,1,0,0
3671,3.312,57.70,190.00,1,0,0
3674,3.316,57.40,190.00,1,0,0
3676,3.312,57.40,190.00,1,0,0
3679,3.312,57.40,190.00,1,0,0
3681,3.312,57.70,192.00,1,0,0
3694,3.312,57.40,190.00,1,0,0
3696,3.312,57.70,192.00,1,0,0
3699,3.312,57.80,192.00,1,0,0
3701,3.316,57.70,192.00,1,0,0
3704,3.316,57.80,192.00,1,0,0
3706,3.312,57.40,190.00,1,0,0
3709,3.312,57.40,188.00,1,0,0
3711,3.292,57.40,190.00,1,0,0
3714,3.312,57.70,192.00,1,0,0
3716,3.316,57.80,192.00,1,0,0
3719,3.316,57.70,192.00,1,0,0
3721,3.312,57.70,192.00,1,0,0
3724,3.312,57.40,190.00,1,0,0
3726,3.316,57.50,190.00,1,0,0
3728,3.316,57.40,190.00,1,0,0
3731,3.312,57.70,192.00,1,0,0
3744,3.312,57.40,190.00,1,0,0
3746,3.316,57.40,192.00,1,0,0
3749,3.312,57.80,192.00,1,0,0
3751,3.312,57.80,192.00,1,0,0
3753,3.312,57.70,192.00,1,0,0
3756,3.312,57.40,190.00,1,0,0
3758,3.312,57.40,190.00,1,0,0
3761,3.288,57.30,190.00,1,0,0
3763,3.312,57.70,192.00,1,0,0
3766,3.316,57.70,192.00,1,0,0
3768,3.316,57.80,192.00,1,0,0
3771,3.312,57.40,190.00,1,0,0
3773,3.312,57.50,190.00,1,0,0
3776,3.312,57.40,190.00,1,0,0
3778,3.316,57.40,190.00,1,0,0
3781,3.316,57.80,192.00,1,0,0
3793,3.312,57.30,190.00,1,0,0
3796,3.312,57.70,192.00,1,0,0
3798,3.312,57.70,192.00,1,0,0
3801,3.316,57.70,192.00,1,0,0
3803,3.316,57.70,192.00,1,0,0
3806,3.312,57.50,190.00,1,0,0
3808,3.316,57.40,190.00,1,0,0
3811,3.292,57.40,190.00,1,0,0
3813,3.312,57.70,192.00,1,0,0
3816,3.312,57.70,192.00,1,0,0
3818,3.312,57.80,192.00,1,0,0
3821,3.312,57.50,190.00,1,0,0
3823,3.312,57.30,190.00,1,0,0
3825,3.312,57.40,190.00,1,0,0
3828,3.316,57.40,192.00,1,0,0
3830,3.316,57.70,192.00,1,0,0
3843,3.316,57.40,190.00,1,0,0
3846,3.312,57.80,192.00,1,0,0
3848,3.312,57.80,192.00,1,0,0
3850,3.312,57.70,192.00,1,0,0
3853,3.316,57.50,190.00,1,0,0
3855,3.312,57.40,190.00,1,0,0
3858,3.316,57.40,190.00,1,0,0
3860,3.316,57.30,190.00,1,0,0
3863,3.316,57.60,190.00,1,0,0
3865,3.312,57.80,192.00,1,0,0
3868,3.312,57.70,192.00,1,0,0
3870,3.312,57.40,190.00,1,0,0
3873,3.316,57.40,190.00,1,0,0
3875,3.312,57.40,190.00,1,0,0
3878,3.316,57.70,192.00,1,0,0
3880,3.312,57.80,192.00,1,0,0
3893,3.312,57.50,190.00,1,0,0
3895,3.316,57.80,192.00,1,0,0
3898,3.312,57.80,192.00,1,0,0
3900,3.312,57.70,192.00,1,0,0
3903,3.316,57.40,190.00,1,0,0
3905,3.316,57.40,190.00,1,0,0
3908,3.316,57.40,190.00,1,0,0
3910,3.312,58.10,192.00,1,0,0
3913,3.312,57.70,192.00,1,0,0
3915,3.312,57.70,192.00,1,0,0
3918,3.316,57.70,192.00,1,0,0
3920,3.312,57.40,190.00,1,0,0
3922,3.312,57.50,190.00,1,0,0
3925,3.312,57.40,190.00,1,0,0
3927,3.312,57.70,192.00,1,0,0
3930,3.316,57.80,192.00,1,0,0
3943,3.312,57.40,190.00,1,0,0
3945,3.312,57.80,192.00,1,0,0
3947,3.316,57.80,192.00,1,0,0
3950,3.316,57.70,192.00,1,0,0
3952,3.312,57.50,190.00,1,0,0
3955,3.316,57.50,190.00,1,0,0
3957,3.312,57.40,190.00,1,0,0
3960,3.312,63.70,192.00,1,0,0
3962,3.312,57.70,192.00,1,0,0
3965,3.312,57.80,192.00,1,0,0
3967,3.312,57.80,190.00,1,0,0
3970,3.316,57.40,190.00,1,0,0
3972,3.316,57.40,190.00,1,0,0
3975,3.316,57.40,190.00,1,0,0
3977,3.312,57.70,192.00,1,0,0
3980,3.316,57.70,192.00,1,0,0
3992,3.316,57.60,190.00,1,0,0
3995,3.312,57.70,192.00,1,0,0
3997,3.316,57.80,192.00,1,0,0
4000,3.316,57.70,192.00,1,0,0
4002,3.312,57.40,190.00,1,0,0
4005,3.312,57.40,190.00,1,0,0
4007,3.312,57.50,190.00,1,0,0
4010,3.316,64.10,211.00,1,0,0
4012,3.312,57.70,192.00,1,0,0
4015,3.316,57.70,192.00,1,0,0
4017,3.312,57.80,192.00,1,0,0
4019,3.316,57.40,190.00,1,0,0
4022,3.312,57.40,190.00,1,0,0
4024,3.316,57.40,190.00,1,0,0
4027,3.312,57.70,192.00,1,0,0
4029,3.316,57.70,192.00,1,0,0
4042,3.316,57.30,192.00,1,0,0
4044,3.312,57.70,192.00,1,0,0
4047,3.316,57.70,192.00,1,0,0
4049,3.312,57.70,192.00,1,0,0
4052,3.312,57.40,190.00,1,0,0
4054,3.316,57.50,190.00,1,0,0
4057,3.312,57.40,190.00,1,0,0
4059,3.312,64.10,211.00,1,0,0
4062,3.312,57.60,192.00,1,0,0
4064,3.316,57.80,192.00,1,0,0
4067,3.312,57.50,190.00,1,0,0
4069,3.316,57.50,190.00,1,0,0
4072,3.312,57.40,190.00,1,0,0
4074,3.312,57.50,190.00,1,0,0
4077,3.312,57.70,192.00,1,0,0
4079,3.316,57.70,192.00,1,0,0
4092,3.312,57.70,192.00,1,0,0
4094,3.316,57.70,192.00,1,0,0
4097,3.316,57.80,192.00,1,0,0
4099,3.312,57.80,192.00,1,0,0
4102,3.312,57.40,190.00,1,0,0
4104,3.312,57.40,190.00,1,0,0
4107,3.312,57.40,190.00,1,0,0
4109,3.312,57.70,218.00,1,0,0
4112,3.300,57.70,192.00,1,0,0
4114,3.312,57.70,192.00,1,0,0
4116,3.316,57.50,190.00,1,0,0
4119,3.312,57.40,190.00,1,0,0
4121,3.312,57.40,190.00,1,0,0
4124,3.312,57.40,192.00,1,0,0
4126,3.316,57.70,192.00,1,0,0
4129,3.312,57.70,192.00,1,0,0
4142,3.312,57.70,192.00,1,0,0
4144,3.312,57.80,192.00,1,0,0
4146,3.312,57.70,192.00,1,0,0
4149,3.312,57.50,190.00,1,0,0
4151,3.312,57.50,190.00,1,0,0
4154,3.312,57.40,190.00,1,0,0
4156,3.316,57.50,190.00,1,0,0
4159,3.312,57.70,192.00,1,0,0
4161,3.308,57.80,190.00,1,0,0
4164,3.312,57.70,192.00,1,0,0
4166,3.312,57.40,190.00,1,0,0
4169,3.316,57.50,190.00,1,0,0
4171,3.316,57.40,190.00,1,0,0
4174,3.312,57.70,192.00,1,0,0
4176,3.312,57.70,192.00,1,0,0
4179,3.312,57.70,192.00,1,0,0
4191,3.316,57.70,192.00,1,0,0
4194,3.312,57.70,192.00,1,0,0
4196,3.316,57.80,192.00,1,0,0
4199,3.316,57.40,190.00,1,0,0
4201,3.312,57.40,190.00,1,0,0
4204,3.316,57.40,190.00,1,0,0
4206,3.312,57.60,190.00,1,0,0
4209,3.312,57.70,192.00,1,0,0
4211,3.312,58.60,193.00,1,0,0
4214,3.312,57.70,192.00,1,0,0
4216,3.312,57.40,190.00,1,0,0
4218,3.316,57.50,190.00,1,0,0
4221,3.312,57.30,190.00,1,0,0
4223,3.316,57.80,192.00,1,0,0
4226,3.312,57.70,192.00,1,0,0
4228,3.316,57.80,192.00,1,0,0
4241,3.312,57.70,192.00,1,0,0
4243,3.316,57.70,192.00,1,0,0
4246,3.312,57.70,192.00,1,0,0
4248,3.312,57.50,190.00,1,0,0
4251,3.316,57.50,190.00,1,0,0
4253,3.316,57.50,190.00,1,0,0
4256,3.316,57.50,192.00,1,0,0
4258,3.316,57.70,192.00,1,0,0
4261,3.316,57.80,192.00,1,0,0
4263,3.316,57.80,190.00,1,0,0
4266,3.312,57.50,190.00,1,0,0
4268,3.316,57.50,190.00,1,0,0
4271,3.312,57.40,190.00,1,0,0
4273,3.312,57.70,192.00,1,0,0
4276,3.316,57.70,192.00,1,0,0
4278,3.312,57.70,192.00,1,0,0
4291,3.312,57.70,192.00,1,0,0
4293,3.316,57.70,192.00,1,0,0
4296,3.312,57.70,192.00,1,0,0
4298,3.312,57.40,190.00,1,0,0
4301,3.316,57.50,190.00,1,0,0
4303,3.316,57.40,190.00,1,0,0
4306,3.316,57.70,192.00,1,0,0
4308,3.316,57.70,190.00,1,0,0
4311,3.312,58.70,195.00,1,0,0
4313,3.312,57.80,192.00,1,0,0
4315,3.312,57.50,190.00,1,0,0
4318,3.312,57.40,190.00,1,0,0
4320,3.316,57.50,190.00,1,0,0
4323,3.312,57.80,192.00,1,0,0
4325,3.312,57.80,192.00,1,0,0
4328,3.316,57.80,192.00,1,0,0
4340,3.312,57.70,192.00,1,0,0
4343,3.312,57.80,192.00,1,0,0
4345,3.312,57.70,192.00,1,0,0
4348,3.312,57.40,190.00,1,0,0
4350,3.316,57.40,190.00,1,0,0
4353,3.316,57.40,190.00,1,0,0
4355,3.316,57.70,192.00,1,0,0
4358,3.316,57.70,192.00,1,0,0
4360,3.316,92.10,192.00,1,0,0
4363,3.312,57.40,190.00,1,0,0
4365,3.312,57.50,190.00,1,0,0
4368,3.312,57.40,190.00,1,0,0
4370,3.312,57.50,190.00,1,0,0
4373,3.316,57.80,192.00,1,0,0
4375,3.316,57.80,192.00,1,0,0
4378,3.312,57.80,192.00,1,0,0
4390,3.316,57.70,192.00,1,0,0
4393,3.312,57.70,192.00,1,0,0
4395,3.316,57.70,192.00,1,0,0
4398,3.312,57.50,190.00,1,0,0
4400,3.312,57.40,190.00,1,0,0
4403,3.312,57.40,190.00,1,0,0
4405,3.316,57.70,192.00,1,0,0
4408,3.312,57.70,192.00,1,0,0
4410,3.312,91.80,305.00,1,0,0
4412,3.312,57.50,190.00,1,0,0
4415,3.312,57.40,190.00,1,0,0
4417,3.316,57.40,190.00,1,0,0
4420,3.312,57.50,192.00,1,0,0
4422,3.312,57.80,192.00,1,0,0
4425,3.312,57.70,192.00,1,0,0
4427,3.312,57.80,192.00,1,0,0
4440,3.316,57.80,192.00,1,0,0
4442,3.312,57.70,192.00,1,0,0
4445,3.312,57.60,192.00,1,0,0
4447,3.312,57.40,190.00,1,0,0
4450,3.312,57.50,190.00,1,0,0
4452,3.312,57.50,190.00,1,0,0
4455,3.316,57.70,192.00,1,0,0
4457,3.312,57.70,192.00,1,0,0
4460,3.312,90.10,298.00,1,0,0
4462,3.312,57.40,190.00,1,0,0
4465,3.316,57.40,190.00,1,0,0
4467,3.312,57.50,190.00,1,0,0
4470,3.312,57.60,190.00,1,0,0
4472,3.312,57.70,192.00,1,0,0
4475,3.312,57.70,192.00,1,0,0
4477,3.312,57.80,192.00,1,0,0
4490,3.312,57.80,192.00,1,0,0
4492,3.312,57.80,192.00,1,0,0
4495,3.312,57.40,190.00,1,0,0
4497,3.312,57.50,190.00,1,0,0
4500,3.316,57.50,190.00,1,0,0
4502,3.312,57.40,192.00,1,0,0
4505,3.312,57.70,192.00,1,0,0
4507,3.316,57.70,192.00,1,0,0
4509,3.312,57.70,288.00,1,0,0
4512,3.312,57.40,190.00,1,0,0
4514,3.312,57.40,190.00,1,0,0
4517,3.312,57.40,190.00,1,0,0
4519,3.312,57.70,192.00,1,0,0
4522,3.316,57.70,192.00,1,0,0
4524,3.312,57.80,192.00,1,0,0
4527,3.316,57.70,192.00,1,0,0
4539,3.316,57.70,192.00,1,0,0
4542,3.316,57.70,192.00,1,0,0
4544,3.312,57.40,190.00,1,0,0
4547,3.316,57.40,190.00,1,0,0
4549,3.316,57.40,190.00,1,0,0
4552,3.312,57.50,192.00,1,0,0
4554,3.316,57.70,192.00,1,0,0
4557,3.312,57.70,192.00,1,0,0
4559,3.312,57.80,283.00,1,0,0
4562,3.316,57.40,190.00,1,0,0
4564,3.316,57.40,190.00,1,0,0
4567,3.312,57.50,190.00,1,0,0
4569,3.312,57.80,192.00,1,0,0
4572,3.312,57.80,192.00,1,0,0
4574,3.316,57.70,192.00,1,0,0
4577,3.316,57.70,190.00,1,0,0
4589,3.316,57.70,192.00,1,0,0
4592,3.316,57.70,192.00,1,0,0
4594,3.312,57.50,190.00,1,0,0
4597,3.312,57.50,190.00,1,0,0
4599,3.312,57.40,190.00,1,0,0
4602,3.312,57.80,192.00,1,0,0
4604,3.312,57.80,192.00,1,0,0
4607,3.312,57.70,192.00,1,0,0
4609,3.312,57.80,192.00,1,0,0
4611,3.312,57.40,190.00,1,0,0
4614,3.312,57.50,190.00,1,0,0
4616,3.312,57.50,190.00,1,0,0
4619,3.316,57.80,192.00,1,0,0
4621,3.312,57.70,192.00,1,0,0
4624,3.316,57.70,192.00,1,0,0
4626,3.316,57.50,190.00,1,0,0
4639,3.316,57.70,192.00,1,0,0
4641,3.312,57.80,192.00,1,0,0
4644,3.312,57.40,190.00,1,0,0
4646,3.316,57.50,190.00,1,0,0
4649,3.312,57.40,190.00,1,0,0
4651,3.316,57.80,192.00,1,0,0
4654,3.316,57.70,192.00,1,0,0
4656,3.316,57.70,192.00,1,0,0
4659,3.316,57.40,190.00,1,0,0
4661,3.312,57.50,190.00,1,0,0
4664,3.316,57.40,190.00,1,0,0
4666,3.312,57.50,190.00,1,0,0
4669,3.312,57.80,192.00,1,0,0
4671,3.316,57.70,192.00,1,0,0
4674,3.312,57.70,192.00,1,0,0
4676,3.316,57.40,190.00,1,0,0
4689,3.312,57.80,192.00,1,0,0
4691,3.312,57.70,192.00,1,0,0
4694,3.316,57.40,190.00,1,0,0
4696,3.316,57.40,190.00,1,0,0
4699,3.316,57.40,190.00,1,0,0
4701,3.316,57.70,192.00,1,0,0
4704,3.312,57.70,192.00,1,0,0
4706,3.316,57.80,192.00,1,0,0
4708,3.312,57.50,190.00,1,0,0
4711,3.308,57.40,190.00,1,0,0
4713,3.312,57.40,190.00,1,0,0
4716,3.312,57.50,192.00,1,0,0
4718,3.316,57.70,192.00,1,0,0
4721,3.316,57.80,192.00,1,0,0
4723,3.316,57.70,192.00,1,0,0
4726,3.316,57.40,190.00,1,0,0
4738,3.316,57.70,192.00,1,0,0
4741,3.316,57.50,190.00,1,0,0
4743,3.316,57.40,190.00,1,0,0
4746,3.312,57.40,190.00,1,0,0
4748,3.316,57.40,190.00,1,0,0
4751,3.312,57.70,192.00,1,0,0
4753,3.312,57.80,192.00,1,0,0
4756,3.312,57.70,192.00,1,0,0
4758,3.316,57.50,190.00,1,0,0
4761,3.308,72.40,190.00,1,0,0
4763,3.312,57.40,190.00,1,0,0
4766,3.316,57.60,192.00,1,0,0
4768,3.316,57.80,192.00,1,0,0
4771,3.316,57.70,192.00,1,0,0
4773,3.316,57.80,192.00,1,0,0
4776,3.316,57.40,190.00,1,0,0
4788,3.312,57.80,192.00,1,0,0
4791,3.316,57.40,190.00,1,0,0
4793,3.316,57.40,190.00,1,0,0
4796,3.312,57.40,190.00,1,0,0
4798,3.312,57.40,192.00,1,0,0
4801,3.312,57.80,192.00,1,0,0
4803,3.316,57.80,192.00,1,0,0
4805,3.316,57.80,192.00,1,0,0
4808,3.316,57.40,190.00,1,0,0
4810,3.296,61.10,203.00,1,0,0
4813,3.312,57.50,190.00,1,0,0
4815,3.316,57.80,192.00,1,0,0
4818,3.312,57.70,192.00,1,0,0
4820,3.312,57.80,192.00,1,0,0
4823,3.316,57.70,192.00,1,0,0
4825,3.312,57.40,190.00,1,0,0
4838,3.316,57.60,192.00,1,0,0
4840,3.312,57.40,190.00,1,0,0
4843,3.316,57.40,190.00,1,0,0
4845,3.312,57.40,190.00,1,0,0
4848,3.312,57.40,192.00,1,0,0
4850,3.316,57.70,192.00,1,0,0
4853,3.312,57.70,192.00,1,0,0
4855,3.312,57.70,190.00,1,0,0
4858,3.312,57.50,190.00,1,0,0
4860,3.316,58.60,195.00,1,0,0
4863,3.312,57.40,190.00,1,0,0
4865,3.316,57.70,192.00,1,0,0
4868,3.312,57.80,192.00,1,0,0
4870,3.312,57.70,192.00,1,0,0
4873,3.312,57.80,190.00,1,0,0
4875,3.316,57.50,190.00,1,0,0
4888,3.316,57.80,192.00,1,0,0
4890,3.316,57.40,190.00,1,0,0
4893,3.316,57.50,190.00,1,0,0
4895,3.312,57.40,190.00,1,0,0
4898,3.312,57.80,192.00,1,0,0
4900,3.312,57.80,192.00,1,0,0
4902,3.312,57.70,192.00,1,0,0
4905,3.312,57.70,192.00,1,0,0
4907,3.312,57.50,190.00,1,0,0
4910,3.316,57.60,190.00,1,0,0
4912,3.312,57.50,190.00,1,0,0
4915,3.316,57.70,192.00,1,0,0
4917,3.316,57.80,192.00,1,0,0
4920,3.316,57.80,192.00,1,0,0
4922,3.316,57.50,190.00,1,0,0
4925,3.316,57.40,190.00,1,0,0
4937,3.316,57.80,192.00,1,0,0
4940,3.316,57.40,190.00,1,0,0
4942,3.312,57.40,190.00,1,0,0
4945,3.316,57.40,190.00,1,0,0
4947,3.316,57.70,192.00,1,0,0
4950,3.316,57.70,192.00,1,0,0
4952,3.312,57.80,192.00,1,0,0
4955,3.312,57.50,190.00,1,0,0
4957,3.312,57.40,190.00,1,0,0
4960,3.312,57.50,190.00,1,0,0
4962,3.312,57.40,190.00,1,0,0
4965,3.312,57.70,192.00,1,0,0
4967,3.316,57.80,192.00,1,0,0
4970,3.316,57.80,192.00,1,0,0
4972,3.312,57.50,190.00,1,0,0
4974,3.312,57.40,190.00,1,0,0
4987,3.312,57.70,192.00,1,0,0
4990,3.316,57.40,190.00,1,0,0
4992,3.312,57.40,190.00,1,0,0
4995,3.316,57.40,190.00,1,0,0
4997,3.316,57.70,192.00,1,0,0
4999,3.316,57.70,192.00,1,0,0
5002,3.316,57.60,192.00,1,0,0
5004,3.316,57.50,190.00,1,0,0
5007,3.316,57.40,190.00,1,0,0
5009,3.316,57.50,190.00,1,0,0
5012,3.312,57.40,192.00,1,0,0
5014,3.316,57.80,192.00,1,0,0
5017,3.316,57.70,192.00,1,0,0
5019,3.312,57.80,192.00,1,0,0
5022,3.316,57.40,190.00,1,0,0
5024,3.312,57.40,190.00,1,0,0
5037,3.316,57.70,192.00,1,0,0
5039,3.316,57.50,190.00,1,0,0
5042,3.316,57.40,190.00,1,0,0
5049,3.316,57.80,192.00,1,0,0
5052,3.312,57.70,192.00,1,0,0
5054,3.316,57.40,190.00,1,0,0
5057,3.316,57.40,190.00,1,0,0
5059,3.316,57.90,190.00,1,0,0
5062,3.312,57.60,192.00,1,0,0
5064,3.312,57.70,192.00,1,0,0
5067,3.316,57.80,192.00,1,0,0
5069,3.312,57.80,192.00,1,0,0
5071,3.316,57.40,190.00,1,0,0
5074,3.316,57.50,190.00,1,0,0
5076,3.312,57.50,190.00,1,0,0
5079,3.316,57.80,192.00,1,0,0
5081,3.312,57.80,192.00,1,0,0
5084,3.312,57.80,192.00,1,0,0
5086,3.312,57.80,190.00,1,0,0
5099,3.312,57.80,192.00,1,0,0
5101,3.316,57.80,192.00,1,0,0
5104,3.316,57.50,190.00,1,0,0
5106,3.312,57.40,190.00,1,0,0
5109,3.316,57.40,197.00,1,0,0
5111,3.292,57.70,192.00,1,0,0
5114,3.316,57.70,192.00,1,0,0
5116,3.312,57.80,192.00,1,0,0
5119,3.316,57.70,192.00,1,0,0
5121,3.316,57.40,190.00,1,0,0
5124,3.312,57.40,190.00,1,0,0
5126,3.316,57.50,190.00,1,0,0
5129,3.316,57.70,192.00,1,0,0
5131,3.312,57.80,192.00,1,0,0
5134,3.312,57.70,192.00,1,0,0
5136,3.316,57.50,190.00,1,0,0
5149,3.312,57.70,192.00,1,0,0
5151,3.312,57.70,192.00,1,0,0
5154,3.312,57.50,190.00,1,0,0
5156,3.316,57.40,190.00,1,0,0
5159,3.316,57.40,190.00,1,0,0
5161,3.296,57.70,192.00,1,0,0
5164,3.316,57.70,192.00,1,0,0
5166,3.316,57.70,192.00,1,0,0
5168,3.316,57.80,190.00,1,0,0
5171,3.316,57.40,190.00,1,0,0
5173,3.316,57.40,190.00,1,0,0
5176,3.316,57.40,190.00,1,0,0
5178,3.316,57.80,192.00,1,0,0
5181,3.312,57.70,192.00,1,0,0
5183,3.312,57.70,192.00,1,0,0
5186,3.316,57.40,190.00,1,0,0
5198,3.312,57.70,192.00,1,0,0
5201,3.316,57.80,192.00,1,0,0
5203,3.312,57.40,190.00,1,0,0
5206,3.316,57.50,190.00,1,0,0
5208,3.316,57.50,190.00,1,0,0
5211,3.296,58.60,193.00,1,0,0
5213,3.312,57.70,192.00,1,0,0
5216,3.312,57.80,192.00,1,0,0
5218,3.316,57.60,192.00,1,0,0
5221,3.316,57.40,190.00,1,0,0
5223,3.316,57.40,190.00,1,0,0
5226,3.316,57.50,190.00,1,0,0
5228,3.316,57.80,192.00,1,0,0
5231,3.312,57.70,192.00,1,0,0
5233,3.316,57.80,192.00,1,0,0
5236,3.312,57.40,190.00,1,0,0
5248,3.312,57.80,192.00,1,0,0
5251,3.316,57.50,190.00,1,0,0
5253,3.316,57.50,190.00,1,0,0
5256,3.316,57.50,190.00,1,0,0
5258,3.316,57.40,190.00,1,0,0
5261,3.312,57.90,192.00,1,0,0
5263,3.312,57.70,192.00,1,0,0
5265,3.316,57.70,192.00,1,0,0
5268,3.312,57.40,190.00,1,0,0
5270,3.312,57.50,190.00,1,0,0
5273,3.312,57.50,190.00,1,0,0
5275,3.316,57.70,192.00,1,0,0
5278,3.312,57.80,192.00,1,0,0
5280,3.316,57.80,192.00,1,0,0
5283,3.316,57.70,192.00,1,0,0
5285,3.312,57.40,190.00,1,0,0
5298,3.316,57.70,192.00,1,0,0
5300,3.312,57.70,190.00,1,0,0
5303,3.316,57.50,190.00,1,0,0
5305,3.316,57.40,190.00,1,0,0
5308,3.312,57.40,192.00,1,0,0
5310,3.316,58.70,195.00,1,0,0
5313,3.316,57.70,192.00,1,0,0
5315,3.316,57.80,192.00,1,0,0
5318,3.312,57.40,190.00,1,0,0
5320,3.312,57.50,190.00,1,0,0
5323,3.316,57.40,190.00,1,0,0
5325,3.312,57.40,192.00,1,0,0
5328,3.316,57.70,192.00,1,0,0
5330,3.312,57.80,192.00,1,0,0
5333,3.316,57.80,192.00,1,0,0
5335,3.312,57.50,190.00,1,0,0
5348,3.312,57.80,192.00,1,0,0
5350,3.312,57.50,190.00,1,0,0
5353,3.312,57.40,190.00,1,0,0
5355,3.312,57.40,190.00,1,0,0
5358,3.316,57.50,190.00,1,0,0
5360,3.312,65.30,192.00,1,0,0
5362,3.316,57.70,192.00,1,0,0
5365,3.312,57.80,192.00,1,0,0
5367,3.312,57.40,190.00,1,0,0
5370,3.312,57.40,190.00,1,0,0
5372,3.316,57.50,190.00,1,0,0
5375,3.312,57.70,192.00,1,0,0
5377,3.312,57.70,192.00,1,0,0
5380,3.316,57.70,192.00,1,0,0
5382,3.316,57.70,190.00,1,0,0
5385,3.312,57.30,190.00,1,0,0
5397,3.316,57.70,192.00,1,0,0
5400,3.316,57.50,190.00,1,0,0
5402,3.312,57.50,190.00,1,0,0
5405,3.316,57.50,190.00,1,0,0
5407,3.316,57.80,192.00,1,0,0
5410,3.316,75.40,249.00,1,0,0
5412,3.312,57.70,192.00,1,0,0
5415,3.316,57.70,192.00,1,0,0
5417,3.316,57.40,190.00,1,0,0
5420,3.312,57.40,190.00,1,0,0
5422,3.316,57.40,190.00,1,0,0
5425,3.316,57.80,192.00,1,0,0
5427,3.312,57.80,192.00,1,0,0
5430,3.312,57.70,192.00,1,0,0
5432,3.312,57.50,190.00,1,0,0
5434,3.312,57.40,190.00,1,0,0
5447,3.316,57.80,192.00,1,0,0
5450,3.316,57.40,190.00,1,0,0
5452,3.316,57.40,190.00,1,0,0
5455,3.316,57.40,190.00,1,0,0
5457,3.316,57.60,192.00,1,0,0
5460,3.312,87.80,290.00,1,0,0
5462,3.312,57.70,192.00,1,0,0
5464,3.316,57.70,190.00,1,0,0
5467,3.312,57.40,190.00,1,0,0
5469,3.316,57.40,190.00,1,0,0
5472,3.316,57.40,190.00,1,0,0
5474,3.316,57.70,192.00,1,0,0
5477,3.316,57.70,192.00,1,0,0
5479,3.316,57.70,192.00,1,0,0
5482,3.312,57.40,190.00,1,0,0
5484,3.316,57.40,190.00,1,0,0
5497,3.316,57.70,192.00,1,0,0
5499,3.312,57.40,190.00,1,0,0
5502,3.316,57.50,190.00,1,0,0
5504,3.316,57.50,190.00,1,0,0
5507,3.312,57.80,192.00,1,0,0
5509,3.316,57.70,297.00,1,0,0
5512,3.316,57.70,192.00,1,0,0
5514,3.316,57.60,190.00,1,0,0
5517,3.312,57.40,190.00,1,0,0
5519,3.312,57.50,190.00,1,0,0
5522,3.312,57.40,190.00,1,0,0
5524,3.316,57.70,192.00,1,0,0
5527,3.316,57.70,192.00,1,0,0
5529,3.312,57.80,192.00,1,0,0
5532,3.312,57.40,190.00,1,0,0
5534,3.316,57.50,190.00,1,0,0
5547,3.316,57.50,190.00,1,0,0
5549,3.316,57.40,190.00,1,0,0
5552,3.312,57.40,190.00,1,0,0
5554,3.316,57.50,190.00,1,0,0
5557,3.316,57.70,192.00,1,0,0
5559,3.316,57.70,192.00,1,0,0
5561,3.312,57.90,192.00,1,0,0
5564,3.312,57.40,190.00,1,0,0
5566,3.312,57.40,190.00,1,0,0
5569,3.312,57.40,190.00,1,0,0
5571,3.316,57.70,192.00,1,0,0
5574,3.312,57.80,192.00,1,0,0
5576,3.316,57.80,192.00,1,0,0
5579,3.316,57.70,192.00,1,0,0
5581,3.316,57.50,190.00,1,0,0
5584,3.312,57.40,190.00,1,0,0
5596,3.316,57.70,190.00,1,0,0
5599,3.316,57.40,190.00,1,0,0
5601,3.316,57.40,190.00,1,0,0
5604,3.316,57.40,192.00,1,0,0
5606,3.316,57.70,192.00,1,0,0
5609,3.316,57.70,192.00,1,0,0
5611,3.312,58.70,192.00,1,0,0
5614,3.312,57.40,190.00,1,0,0
5616,3.316,57.40,190.00,1,0,0
5619,3.312,57.40,190.00,1,0,0
5621,3.316,57.40,192.00,1,0,0
5624,3.316,57.80,192.00,1,0,0
5626,3.316,57.70,192.00,1,0,0
5629,3.312,57.80,192.00,1,0,0
5631,3.316,57.40,190.00,1,0,0
5633,3.312,57.50,190.00,1,0,0
5646,3.312,57.40,190.00,1,0,0
5649,3.316,57.40,190.00,1,0,0
5651,3.312,57.50,190.00,1,0,0
5654,3.316,57.50,190.00,1,0,0
5656,3.312,57.70,192.00,1,0,0
5658,3.316,57.70,192.00,1,0,0
5661,3.316,57.90,192.00,1,0,0
5663,3.316,57.40,190.00,1,0,0
5666,3.312,57.40,190.00,1,0,0
5668,3.316,57.50,190.00,1,0,0
5671,3.312,57.80,192.00,1,0,0
5673,3.316,57.80,192.00,1,0,0
5676,3.316,57.80,192.00,1,0,0
5678,3.316,57.80,192.00,1,0,0
5681,3.312,57.40,190.00,1,0,0
5683,3.312,57.40,190.00,1,0,0
5696,3.316,57.40,190.00,1,0,0
5698,3.312,57.40,190.00,1,0,0
5701,3.316,57.40,190.00,1,0,0
5703,3.312,57.80,192.00,1,0,0
5706,3.312,57.70,192.00,1,0,0
5708,3.312,57.80,192.00,1,0,0
5711,3.312,58.60,195.00,1,0,0
5713,3.316,57.50,190.00,1,0,0
5716,3.316,57.40,190.00,1,0,0
5718,3.312,57.50,190.00,1,0,0
5721,3.316,57.80,192.00,1,0,0
5723,3.316,57.70,192.00,1,0,0
5726,3.316,57.70,192.00,1,0,0
5728,3.316,57.50,190.00,1,0,0
5730,3.316,57.50,190.00,1,0,0
5733,3.316,57.50,190.00,1,0,0
5746,3.312,57.40,190.00,1,0,0
5748,3.316,57.40,190.00,1,0,0
5751,3.316,57.50,190.00,1,0,0
5753,3.312,57.70,192.00,1,0,0
5755,3.316,57.80,192.00,1,0,0
5758,3.312,57.70,192.00,1,0,0
5760,3.312,87.40,190.00,1,0,0
5763,3.316,57.40,190.00,1,0,0
5765,3.316,57.50,190.00,1,0,0
5768,3.316,57.40,190.00,1,0,0
5770,3.316,57.80,192.00,1,0,0
5773,3.312,57.70,192.00,1,0,0
5775,3.312,57.80,192.00,1,0,0
5778,3.316,57.50,190.00,1,0,0
5780,3.312,57.40,190.00,1,0,0
5783,3.316,57.40,190.00,1,0,0
5795,3.316,57.40,190.00,1,0,0
5798,3.312,57.40,190.00,1,0,0
5800,3.316,57.40,190.00,1,0,0
5803,3.316,57.80,192.00,1,0,0
5805,3.316,57.70,192.00,1,0,0
5808,3.316,57.70,192.00,1,0,0
5810,3.308,85.80,283.00,1,0,0
5813,3.316,57.40,190.00,1,0,0
5815,3.312,57.40,190.00,1,0,0
5818,3.312,57.50,190.00,1,0,0
5820,3.312,57.80,192.00,1,0,0
5823,3.316,57.60,190.00,1,0,0
5825,3.312,57.80,192.00,1,0,0
5827,3.316,57.50,190.00,1,0,0
5830,3.312,57.40,190.00,1,0,0
5832,3.312,57.50,190.00,1,0,0
5845,3.312,57.40,190.00,1,0,0
5848,3.316,57.40,190.00,1,0,0
5850,3.316,57.40,190.00,1,0,0
5852,3.312,57.70,192.00,1,0,0
5855,3.316,57.80,192.00,1,0,0
5857,3.316,57.70,192.00,1,0,0
5860,3.312,85.30,282.00,1,0,0
5862,3.312,57.40,190.00,1,0,0
5865,3.312,57.40,190.00,1,0,0
5867,3.312,57.60,192.00,1,0,0
5870,3.312,57.70,192.00,1,0,0
5872,3.316,57.70,192.00,1,0,0
5875,3.316,57.80,192.00,1,0,0
5877,3.312,57.40,190.00,1,0,0
5880,3.312,57.40,190.00,1,0,0
5882,3.316,57.50,190.00,1,0,0
5895,3.316,57.40,190.00,1,0,0
5897,3.316,57.40,190.00,1,0,0
5900,3.312,57.50,192.00,1,0,0
5902,3.316,57.70,192.00,1,0,0
5905,3.316,57.80,192.00,1,0,0
5907,3.316,57.70,192.00,1,0,0
5910,3.312,57.50,282.00,1,0,0
5912,3.312,57.40,190.00,1,0,0
5915,3.316,57.40,190.00,1,0,0
5917,3.312,57.40,192.00,1,0,0
5920,3.312,57.80,192.00,1,0,0
5922,3.312,57.70,192.00,1,0,0
5924,3.316,57.80,192.00,1,0,0
5927,3.312,57.50,190.00,1,0,0
5929,3.312,57.40,190.00,1,0,0
5932,3.312,57.40,190.00,1,0,0
5945,3.312,57.40,190.00,1,0,0
5947,3.312,57.50,190.00,1,0,0
5950,3.312,57.50,190.00,1,0,0
5952,3.312,57.70,192.00,1,0,0
5954,3.312,57.70,192.00,1,0,0
5957,3.316,57.70,192.00,1,0,0
5959,3.312,57.40,279.00,1,0,0
5962,3.312,57.50,190.00,1,0,0
5964,3.316,57.50,190.00,1,0,0
5967,3.316,57.70,192.00,1,0,0
5969,3.316,57.70,192.00,1,0,0
5972,3.312,57.80,192.00,1,0,0
5974,3.312,57.80,192.00,1,0,0
5977,3.312,57.40,190.00,1,0,0
5979,3.316,57.40,190.00,1,0,0
5982,3.312,57.40,190.00,1,0,0
5994,3.312,57.40,190.00,1,0,0
5997,3.312,57.40,190.00,1,0,0
5999,3.312,57.80,192.00,1,0,0
6002,3.316,57.80,192.00,1,0,0
6004,3.312,57.70,192.00,1,0,0
6007,3.312,57.70,192.00,1,0,0
6009,3.316,57.40,190.00,1,0,0
6012,3.312,57.40,190.00,1,0,0
6014,3.312,57.50,190.00,1,0,0
6017,3.312,57.70,192.00,1,0,0
6019,3.312,57.80,192.00,1,0,0
6022,3.312,57.70,192.00,1,0,0
6024,3.316,57.50,190.00,1,0,0
6026,3.312,57.40,190.00,1,0,0
6029,3.312,57.40,190.00,1,0,0
6031,3.312,57.40,190.00,1,0,0
6044,3.316,57.40,190.00,1,0,0
6047,3.312,57.50,190.00,1,0,0
6049,3.312,57.70,192.00,1,0,0
6051,3.312,57.80,192.00,1,0,0
6054,3.316,57.70,192.00,1,0,0
6056,3.316,57.80,190.00,1,0,0
6059,3.312,57.40,188.00,1,0,0
6061,3.312,57.40,190.00,1,0,0
6064,3.312,57.50,190.00,1,0,0
6066,3.316,57.70,192.00,1,0,0
6069,3.312,57.70,192.00,1,0,0
6071,3.312,57.80,192.00,1,0,0
6074,3.316,57.40,190.00,1,0,0
6076,3.316,57.50,190.00,1,0,0
6079,3.316,57.50,190.00,1,0,0
6081,3.316,57.70,192.00,1,0,0
6094,3.316,57.40,190.00,1,0,0
6096,3.316,57.40,190.00,1,0,0
6099,3.316,57.80,192.00,1,0,0
6101,3.312,57.70,192.00,1,0,0
6104,3.316,57.80,192.00,1,0,0
6106,3.316,57.70,192.00,1,0,0
6109,3.316,57.40,188.00,1,0,0
6111,3.292,57.40,190.00,1,0,0
6114,3.312,57.40,190.00,1,0,0
6116,3.316,57.80,192.00,1,0,0
6119,3.316,57.70,192.00,1,0,0
6121,3.316,57.70,192.00,1,0,0
6123,3.316,57.50,190.00,1,0,0
6126,3.316,57.40,190.00,1,0,0
6128,3.316,57.50,190.00,1,0,0
6131,3.312,57.50,192.00,1,0,0
6144,3.316,57.40,190.00,1,0,0
6146,3.316,57.40,190.00,1,0,0
6148,3.316,57.70,192.00,1,0,0
6151,3.316,57.70,192.00,1,0,0
6153,3.316,57.70,192.00,1,0,0
6156,3.316,57.40,190.00,1,0,0
6158,3.316,57.40,190.00,1,0,0
6161,3.292,57.50,190.00,1,0,0
6163,3.316,57.60,192.00,1,0,0
6166,3.316,57.80,192.00,1,0,0
6168,3.316,57.80,192.00,1,0,0
6171,3.316,57.80,192.00,1,0,0
6173,3.312,57.50,190.00,1,0,0
6176,3.312,57.40,190.00,1,0,0
6178,3.312,57.40,190.00,1,0,0
6181,3.316,57.80,192.00,1,0,0
6193,3.316,57.50,190.00,1,0,0
6196,3.316,57.50,192.00,1,0,0
6198,3.316,57.80,192.00,1,0,0
6201,3.316,57.70,192.00,1,0,0
6203,3.316,57.70,192.00,1,0,0
6206,3.316,57.50,190.00,1,0,0
6208,3.312,57.50,190.00,1,0,0
6211,3.292,57.40,190.00,1,0,0
6213,3.316,57.50,192.00,1,0,0
6216,3.312,57.80,192.00,1,0,0
6218,3.316,57.80,192.00,1,0,0
6220,3.316,57.70,192.00,1,0,0
6223,3.316,57.40,190.00,1,0,0
6225,3.316,57.40,190.00,1,0,0
6228,3.316,57.40,190.00,1,0,0
6230,3.316,57.80,192.00,1,0,0
6243,3.316,57.50,190.00,1,0,0
6245,3.312,57.50,190.00,1,0,0
6248,3.316,57.70,192.00,1,0,0
6250,3.316,57.80,192.00,1,0,0
6253,3.316,57.80,192.00,1,0,0
6255,3.316,57.40,190.00,1,0,0
6258,3.316,57.40,190.00,1,0,0
6260,3.316,57.40,190.00,1,0,0
6263,3.312,57.70,192.00,1,0,0
6265,3.316,57.70,192.00,1,0,0
6268,3.316,57.80,192.00,1,0,0
6270,3.312,57.70,192.00,1,0,0
6273,3.312,57.60,190.00,1,0,0
6275,3.316,57.40,190.00,1,0,0
6278,3.316,57.40,190.00,1,0,0
6280,3.312,57.70,192.00,1,0,0
6293,3.316,57.50,190.00,1,0,0
6295,3.316,57.70,192.00,1,0,0
6298,3.316,57.70,192.00,1,0,0
6300,3.312,57.70,192.00,1,0,0
6303,3.316,57.80,192.00,1,0,0
6305,3.316,57.50,190.00,1,0,0
6308,3.312,57.40,190.00,1,0,0
6310,3.316,57.40,190.00,1,0,0
6313,3.312,57.80,192.00,1,0,0
6315,3.312,57.80,192.00,1,0,0
6317,3.316,57.70,192.00,1,0,0
6320,3.312,57.60,190.00,1,0,0
6322,3.312,57.40,190.00,1,0,0
6325,3.312,57.40,190.00,1,0,0
6327,3.316,57.40,190.00,1,0,0
6330,3.316,57.70,192.00,1,0,0
6342,3.312,57.40,190.00,1,0,0
6345,3.316,57.60,192.00,1,0,0
6347,3.312,57.80,192.00,1,0,0
6350,3.312,57.80,192.00,1,0,0
6352,3.316,57.70,190.00,1,0,0
6355,3.312,57.40,190.00,1,0,0
6357,3.312,57.40,190.00,1,0,0
6360,3.312,59.60,190.00,1,0,0
6362,3.312,57.80,192.00,1,0,0
6365,3.312,57.70,192.00,1,0,0
6367,3.312,57.80,192.00,1,0,0
6370,3.316,57.50,190.00,1,0,0
6372,3.316,57.40,190.00,1,0,0
6375,3.312,57.50,190.00,1,0,0
6377,3.316,57.60,192.00,1,0,0
6380,3.316,57.80,192.00,1,0,0
6392,3.312,57.40,190.00,1,0,0
6395,3.312,57.70,192.00,1,0,0
6397,3.316,57.70,192.00,1,0,0
6400,3.316,57.70,192.00,1,0,0
6402,3.316,57.70,192.00,1,0,0
6405,3.312,57.50,190.00,1,0,0
6407,3.312,57.50,190.00,1,0,0
6410,3.316,61.80,203.00,1,0,0
6412,3.312,57.70,192.00,1,0,0
6414,3.316,57.80,192.00,1,0,0
6417,3.316,57.70,192.00,1,0,0
6419,3.312,57.50,190.00,1,0,0
6422,3.316,57.40,190.00,1,0,0
6424,3.316,57.30,190.00,1,0,0
6427,3.312,57.40,192.00,1,0,0
6429,3.316,57.70,192.00,1,0,0
6442,3.316,57.40,190.00,1,0,0
6444,3.312,57.70,192.00,1,0,0
6447,3.312,57.70,192.00,1,0,0
6449,3.316,57.70,192.00,1,0,0
6452,3.316,57.50,190.00,1,0,0
6454,3.312,57.40,190.00,1,0,0
6457,3.312,57.40,190.00,1,0,0
6459,3.316,63.70,210.00,1,0,0
6462,3.312,57.70,192.00,1,0,0
6464,3.312,57.70,192.00,1,0,0
6467,3.312,57.70,192.00,1,0,0
6469,3.312,57.40,190.00,1,0,0
6472,3.312,57.50,190.00,1,0,0
6474,3.312,57.40,190.00,1,0,0
6477,3.312,57.70,192.00,1,0,0
6479,3.316,57.70,192.00,1,0,0
6492,3.312,57.40,190.00,1,0,0
6494,3.316,57.70,192.00,1,0,0
6497,3.312,57.80,192.00,1,0,0
6499,3.316,57.70,192.00,1,0,0
6502,3.312,57.60,190.00,1,0,0
6504,3.312,57.50,190.00,1,0,0
6507,3.316,57.50,190.00,1,0,0
6509,3.316,57.40,211.00,1,0,0
6511,3.296,57.70,192.00,1,0,0
6514,3.316,57.70,192.00,1,0,0
6516,3.312,57.70,192.00,1,0,0
6519,3.312,57.40,190.00,1,0,0
6521,3.312,57.40,190.00,1,0,0
6524,3.316,57.40,190.00,1,0,0
6526,3.316,57.70,192.00,1,0,0
6529,3.316,57.60,190.00,1,0,0
6541,3.316,57.40,190.00,1,0,0
6544,3.316,57.80,192.00,1,0,0
6546,3.312,57.70,192.00,1,0,0
6549,3.316,57.80,192.00,1,0,0
6551,3.312,57.40,190.00,1,0,0
6554,3.312,57.40,190.00,1,0,0
6556,3.312,57.40,190.00,1,0,0
6559,3.312,57.70,192.00,1,0,0
6561,3.300,57.90,192.00,1,0,0
6564,3.312,57.80,192.00,1,0,0
6566,3.316,57.80,192.00,1,0,0
6569,3.316,57.40,190.00,1,0,0
6571,3.312,57.50,190.00,1,0,0
6574,3.312,57.40,190.00,1,0,0
6576,3.312,57.70,192.00,1,0,0
6579,3.312,57.70,192.00,1,0,0
6591,3.316,57.70,192.00,1,0,0
6594,3.312,57.80,192.00,1,0,0
6596,3.312,57.80,192.00,1,0,0
6599,3.316,57.70,192.00,1,0,0
6601,3.312,57.40,190.00,1,0,0
6604,3.312,57.40,190.00,1,0,0
6606,3.316,57.40,190.00,1,0,0
6609,3.312,57.70,192.00,1,0,0
6611,3.300,58.70,195.00,1,0,0
6613,3.316,57.70,192.00,1,0,0
6616,3.312,57.60,192.00,1,0,0
6618,3.316,57.50,190.00,1,0,0
6621,3.316,57.40,190.00,1,0,0
6623,3.316,57.40,190.00,1,0,0
6626,3.312,57.80,192.00,1,0,0
6628,3.316,57.70,192.00,1,0,0
6641,3.312,57.60,192.00,1,0,0
6643,3.312,57.70,192.00,1,0,0
6646,3.316,57.70,192.00,1,0,0
6648,3.312,57.70,190.00,1,0,0
6651,3.312,57.50,190.00,1,0,0
6653,3.312,57.40,190.00,1,0,0
6656,3.312,57.30,190.00,1,0,0
6658,3.312,57.70,192.00,1,0,0
6661,3.308,57.80,192.00,1,0,0
6663,3.312,57.70,192.00,1,0,0
6666,3.316,57.50,190.00,1,0,0
6668,3.316,57.40,190.00,1,0,0
6671,3.312,57.50,190.00,1,0,0
6673,3.312,57.40,192.00,1,0,0
6676,3.316,57.80,192.00,1,0,0
6678,3.316,57.70,192.00,1,0,0
6691,3.316,57.70,192.00,1,0,0
6693,3.316,57.70,192.00,1,0,0
6696,3.316,57.70,192.00,1,0,0
6698,3.312,57.70,192.00,1,0,0
6701,3.312,57.40,190.00,1,0,0
6703,3.316,57.40,190.00,1,0,0
6706,3.316,57.50,190.00,1,0,0
6708,3.316,57.70,192.00,1,0,0
6710,3.312,58.60,193.00,1,0,0
6713,3.316,57.70,192.00,1,0,0
6715,3.312,57.50,190.00,1,0,0
6718,3.316,57.50,190.00,1,0,0
6720,3.316,57.40,190.00,1,0,0
6723,3.316,57.40,192.00,1,0,0
6725,3.316,57.70,192.00,1,0,0
6728,3.316,57.80,192.00,1,0,0
6740,3.316,57.70,192.00,1,0,0
6743,3.312,57.70,192.00,1,0,0
6745,3.316,57.80,192.00,1,0,0
6748,3.312,57.50,190.00,1,0,0
6750,3.316,57.40,190.00,1,0,0
6753,3.316,57.50,190.00,1,0,0
6755,3.312,57.50,190.00,1,0,0
6758,3.312,57.70,192.00,1,0,0
6760,3.316,90.50,192.00,1,0,0
6763,3.316,57.70,192.00,1,0,0
6765,3.312,57.50,190.00,1,0,0
6768,3.312,57.40,190.00,1,0,0
6770,3.312,57.50,190.00,1,0,0
6773,3.316,57.70,192.00,1,0,0
6775,3.316,57.80,192.00,1,0,0
6777,3.316,57.80,192.00,1,0,0
6790,3.316,57.80,192.00,1,0,0
6793,3.316,57.70,192.00,1,0,0
6795,3.316,57.70,192.00,1,0,0
6798,3.316,57.50,190.00,1,0,0
6800,3.312,57.40,190.00,1,0,0
6803,3.316,57.50,190.00,1,0,0
6805,3.316,57.50,192.00,1,0,0
6807,3.316,57.70,192.00,1,0,0
6810,3.312,91.50,303.00,1,0,0
6812,3.312,57.70,192.00,1,0,0
6815,3.312,57.40,190.00,1,0,0
6817,3.316,57.40,190.00,1,0,0
6820,3.316,57.40,190.00,1,0,0
6822,3.316,57.70,192.00,1,0,0
6825,3.316,57.70,192.00,1,0,0
6827,3.316,57.70,192.00,1,0,0
6840,3.312,57.70,192.00,1,0,0
6842,3.316,57.70,192.00,1,0,0
6845,3.316,57.70,192.00,1,0,0
6847,3.312,57.40,190.00,1,0,0
6850,3.312,57.40,190.00,1,0,0
6852,3.316,57.40,190.00,1,0,0
6855,3.316,57.70,192.00,1,0,0
6857,3.316,57.80,192.00,1,0,0
6860,3.316,91.40,303.00,1,0,0
6862,3.316,57.60,190.00,1,0,0
6865,3.316,57.40,190.00,1,0,0
6867,3.316,57.50,190.00,1,0,0
6870,3.316,57.40,190.00,1,0,0
6872,3.316,57.70,192.00,1,0,0
6875,3.316,57.70,192.00,1,0,0
6877,3.316,57.70,192.00,1,0,0
6890,3.316,57.70,192.00,1,0,0
6892,3.316,57.70,192.00,1,0,0
6895,3.316,57.70,192.00,1,0,0
6897,3.312,57.50,190.00,1,0,0
6900,3.316,57.40,190.00,1,0,0
6902,3.316,57.40,190.00,1,0,0
6904,3.312,57.80,192.00,1,0,0
6907,3.316,57.70,192.00,1,0,0
6909,3.316,57.70,303.00,1,0,0
6912,3.316,57.60,192.00,1,0,0
6914,3.312,57.40,190.00,1,0,0
6917,3.312,57.40,190.00,1,0,0
6919,3.316,57.40,190.00,1,0,0
6922,3.312,57.70,192.00,1,0,0
6924,3.316,57.70,192.00,1,0,0
6927,3.316,57.70,192.00,1,0,0
6939,3.316,57.70,192.00,1,0,0
6942,3.312,57.70,192.00,1,0,0
6944,3.316,57.80,190.00,1,0,0
6947,3.316,57.40,190.00,1,0,0
6949,3.316,57.40,190.00,1,0,0
6952,3.312,57.40,190.00,1,0,0
6954,3.312,57.70,192.00,1,0,0
6957,3.316,57.70,192.00,1,0,0
6959,3.316,57.80,295.00,1,0,0
6962,3.312,57.40,190.00,1,0,0
6964,3.312,57.40,190.00,1,0,0
6967,3.316,57.40,190.00,1,0,0
6969,3.316,57.40,192.00,1,0,0
6972,3.316,57.70,192.00,1,0,0
6974,3.316,57.70,192.00,1,0,0
6976,3.312,57.60,192.00,1,0,0
6989,3.316,57.70,192.00,1,0,0
6992,3.312,57.70,192.00,1,0,0
6994,3.316,57.70,192.00,1,0,0
6997,3.312,57.40,190.00,1,0,0
6999,3.316,57.30,190.00,1,0,0
7001,3.312,57.50,190.00,1,0,0
7004,3.316,57.50,190.00,1,0,0
7006,3.316,57.70,192.00,1,0,0
7009,3.316,57.70,192.00,1,0,0
7011,3.312,57.90,190.00,1,0,0
7014,3.312,57.40,190.00,1,0,0
7016,3.316,57.40,190.00,1,0,0
7019,3.316,57.50,190.00,1,0,0
7021,3.312,57.80,192.00,1,0,0
7024,3.316,57.70,192.00,1,0,0
7026,3.312,57.70,192.00,1,0,0
7039,3.316,57.70,192.00,1,0,0
7041,3.312,57.80,192.00,1,0,0
7044,3.316,57.50,190.00,1,0,0
7051,3.312,57.60,192.00,1,0,0
7054,3.316,57.70,192.00,1,0,0
7056,3.312,57.70,192.00,1,0,0
7059,3.316,57.70,190.00,1,0,0
7061,3.312,57.40,190.00,1,0,0
7064,3.312,57.40,190.00,1,0,0
7066,3.316,57.40,190.00,1,0,0
7069,3.312,57.80,192.00,1,0,0
7071,3.316,57.70,192.00,1,0,0
7073,3.316,57.80,192.00,1,0,0
7076,3.316,57.70,192.00,1,0,0
7078,3.312,57.40,190.00,1,0,0
7081,3.312,57.50,190.00,1,0,0
7083,3.316,57.50,190.00,1,0,0
7086,3.316,57.70,192.00,1,0,0
7088,3.316,57.80,192.00,1,0,0
7101,3.316,57.50,192.00,1,0,0
7103,3.312,57.80,192.00,1,0,0
7106,3.312,57.70,192.00,1,0,0
7108,3.316,57.60,190.00,1,0,0
7111,3.308,57.40,190.00,1,0,0
7113,3.316,57.40,190.00,1,0,0
7116,3.312,57.40,190.00,1,0,0
7118,3.316,57.70,192.00,1,0,0
7121,3.316,57.70,192.00,1,0,0
7123,3.312,57.70,192.00,1,0,0
7126,3.316,57.40,190.00,1,0,0
7128,3.316,57.50,190.00,1,0,0
7131,3.312,57.40,190.00,1,0,0
7133,3.316,57.40,190.00,1,0,0
7136,3.312,57.70,192.00,1,0,0
7138,3.316,57.70,192.00,1,0,0
7151,3.316,57.70,192.00,1,0,0
7153,3.316,57.70,192.00,1,0,0
7156,3.312,57.70,192.00,1,0,0
7158,3.316,57.70,192.00,1,0,0
7161,3.308,85.60,190.00,1,0,0
7163,3.316,57.40,190.00,1,0,0
7166,3.316,57.40,190.00,1,0,0
7168,3.316,57.70,192.00,1,0,0
7170,3.316,57.70,192.00,1,0,0
7173,3.312,57.70,192.00,1,0,0
7175,3.312,57.80,190.00,1,0,0
7178,3.316,57.40,190.00,1,0,0
7180,3.316,57.50,190.00,1,0,0
7183,3.316,57.40,192.00,1,0,0
7185,3.312,57.80,192.00,1,0,0
7188,3.312,57.70,192.00,1,0,0
7200,3.312,57.70,192.00,1,0,0
7203,3.312,57.70,192.00,1,0,0
7205,3.312,57.60,192.00,1,0,0
7208,3.316,57.60,192.00,1,0,0
7210,3.308,83.10,275.00,1,0,0
7213,3.312,57.30,190.00,1,0,0
7215,3.316,57.40,190.00,1,0,0
7218,3.312,57.70,192.00,1,0,0
7220,3.312,57.80,192.00,1,0,0
7223,3.316,57.70,192.00,1,0,0
7225,3.316,57.40,190.00,1,0,0
7228,3.312,57.30,190.00,1,0,0
7230,3.316,57.40,190.00,1,0,0
7233,3.312,57.50,190.00,1,0,0
7235,3.312,57.70,192.00,1,0,0
7238,3.312,57.70,192.00,1,0,0
7250,3.312,57.80,192.00,1,0,0
7253,3.312,57.80,192.00,1,0,0
7255,3.316,57.70,192.00,1,0,0
7258,3.312,57.70,190.00,1,0,0
7260,3.312,73.10,242.00,1,0,0
7263,3.316,57.50,190.00,1,0,0
7265,3.312,57.40,192.00,1,0,0
7267,3.316,57.70,192.00,1,0,0
7270,3.312,57.70,192.00,1,0,0
7272,3.316,57.80,192.00,1,0,0
7275,3.312,57.40,190.00,1,0,0
7277,3.312,57.40,190.00,1,0,0
7280,3.312,57.40,190.00,1,0,0
7282,3.312,57.70,192.00,1,0,0
7285,3.312,57.80,192.00,1,0,0
7287,3.316,57.70,192.00,1,0,0
7300,3.316,57.80,192.00,1,0,0
7302,3.316,57.80,192.00,1,0,0
7305,3.312,57.80,192.00,1,0,0
7307,3.312,57.40,190.00,1,0,0
7310,3.312,61.80,205.00,1,0,0
7312,3.312,57.40,190.00,1,0,0
7315,3.312,57.40,190.00,1,0,0
7317,3.316,57.70,192.00,1,0,0
7320,3.312,57.70,192.00,1,0,0
7322,3.316,57.70,192.00,1,0,0
7325,3.316,57.40,190.00,1,0,0
7327,3.312,57.40,190.00,1,0,0
7330,3.316,57.40,190.00,1,0,0
7332,3.312,57.70,192.00,1,0,0
7335,3.316,57.70,192.00,1,0,0
7337,3.316,57.80,192.00,1,0,0
7350,3.316,57.70,192.00,1,0,0
7352,3.316,57.70,190.00,1,0,0
7355,3.312,57.80,192.00,1,0,0
7357,3.312,57.40,190.00,1,0,0
7360,3.316,57.40,195.00,1,0,0
7362,3.312,57.30,190.00,1,0,0
7364,3.312,57.60,192.00,1,0,0
7367,3.312,57.70,192.00,1,0,0
7369,3.312,57.70,192.00,1,0,0
7372,3.312,57.70,192.00,1,0,0
7374,3.312,57.40,190.00,1,0,0
7377,3.312,57.40,190.00,1,0,0
7379,3.312,57.40,190.00,1,0,0
7382,3.312,57.70,192.00,1,0,0
7384,3.316,57.70,192.00,1,0,0
7387,3.316,57.70,192.00,1,0,0
7399,3.316,57.80,192.00,1,0,0
7402,3.312,57.70,192.00,1,0,0
7404,3.316,57.80,192.00,1,0,0
7407,3.316,57.40,190.00,1,0,0
7409,3.312,57.40,188.00,1,0,0
7412,3.312,57.50,190.00,1,0,0
7414,3.312,57.80,192.00,1,0,0
7417,3.316,57.70,192.00,1,0,0
7419,3.312,57.70,192.00,1,0,0
7422,3.312,57.50,190.00,1,0,0
7424,3.316,57.30,190.00,1,0,0
7427,3.312,57.50,190.00,1,0,0
7429,3.312,57.40,190.00,1,0,0
7432,3.312,57.70,192.00,1,0,0
7434,3.312,57.70,192.00,1,0,0
7436,3.312,57.80,192.00,1,0,0
7449,3.312,57.80,192.00,1,0,0
7452,3.312,57.70,192.00,1,0,0
7454,3.312,57.80,192.00,1,0,0
7457,3.312,57.40,190.00,1,0,0
7459,3.316,57.40,188.00,1,0,0
7462,3.312,57.40,190.00,1,0,0
7464,3.312,57.70,192.00,1,0,0
7466,3.312,57.70,192.00,1,0,0
7469,3.312,57.80,192.00,1,0,0
7471,3.316,57.70,190.00,1,0,0
7474,3.316,57.40,190.00,1,0,0
7476,3.312,57.40,190.00,1,0,0
7479,3.312,57.40,192.00,1,0,0
7481,3.312,57.80,192.00,1,0,0
7484,3.312,57.70,192.00,1,0,0
7486,3.312,57.80,192.00,1,0,0
7499,3.316,57.70,192.00,1,0,0
7501,3.316,57.70,192.00,1,0,0
7504,3.316,57.70,192.00,1,0,0
7506,3.312,57.40,190.00,1,0,0
7509,3.312,57.40,190.00,1,0,0
7511,3.292,57.40,190.00,1,0,0
7514,3.312,57.80,192.00,1,0,0
7516,3.312,57.70,192.00,1,0,0
7519,3.312,57.70,192.00,1,0,0
7521,3.312,57.40,190.00,1,0,0
7524,3.312,57.40,190.00,1,0,0
7526,3.312,57.40,190.00,1,0,0
7529,3.312,57.40,190.00,1,0,0
7531,3.312,57.70,192.00,1,0,0
7533,3.312,57.80,192.00,1,0,0
7536,3.312,57.70,192.00,1,0,0
7549,3.312,57.70,192.00,1,0,0
7551,3.312,57.80,192.00,1,0,0
7554,3.312,57.80,190.00,1,0,0
7556,3.316,57.50,190.00,1,0,0
7559,3.312,57.50,190.00,1,0,0
7561,3.292,57.40,190.00,1,0,0
7563,3.316,57.70,192.00,1,0,0
7566,3.316,57.80,192.00,1,0,0
7568,3.316,57.80,192.00,1,0,0
7571,3.312,57.40,190.00,1,0,0
7573,3.312,57.30,190.00,1,0,0
7576,3.312,57.40,190.00,1,0,0
7578,3.316,57.70,192.00,1,0,0
7581,3.312,57.70,192.00,1,0,0
7583,3.316,57.80,192.00,1,0,0
7586,3.312,57.70,192.00,1,0,0
7598,3.316,57.80,192.00,1,0,0
7601,3.312,57.80,192.00,1,0,0
7603,3.312,57.60,190.00,1,0,0
7606,3.316,57.40,190.00,1,0,0
7608,3.316,57.40,190.00,1,0,0
7611,3.296,57.40,190.00,1,0,0
7613,3.312,57.70,192.00,1,0,0
7616,3.312,57.80,192.00,1,0,0
7618,3.312,57.80,192.00,1,0,0
7621,3.316,57.40,190.00,1,0,0
7623,3.316,57.50,190.00,1,0,0
7626,3.312,57.50,190.00,1,0,0
7628,3.312,57.60,192.00,1,0,0
7631,3.312,57.80,192.00,1,0,0
7633,3.312,57.80,192.00,1,0,0
7635,3.316,57.70,190.00,1,0,0
7648,3.312,57.70,192.00,1,0,0
7651,3.316,57.70,192.00,1,0,0
7653,3.312,57.40,190.00,1,0,0
7656,3.312,57.50,190.00,1,0,0
7658,3.316,57.40,190.00,1,0,0
7660,3.312,57.80,192.00,1,0,0
7663,3.312,57.70,192.00,1,0,0
7665,3.312,57.70,192.00,1,0,0
7668,3.312,57.80,192.00,1,0,0
7670,3.316,57.50,190.00,1,0,0
7673,3.312,57.40,190.00,1,0,0
7675,3.316,57.30,190.00,1,0,0
7678,3.312,57.80,192.00,1,0,0
7680,3.312,57.80,192.00,1,0,0
7683,3.316,57.70,192.00,1,0,0
7685,3.312,57.60,190.00,1,0,0
7698,3.316,57.80,192.00,1,0,0
7700,3.316,57.80,192.00,1,0,0
7703,3.312,57.40,190.00,1,0,0
7705,3.312,57.50,190.00,1,0,0
7708,3.312,57.40,190.00,1,0,0
7710,3.316,58.60,193.00,1,0,0
7713,3.316,57.70,192.00,1,0,0
7715,3.312,57.70,192.00,1,0,0
7718,3.312,57.60,190.00,1,0,0
7720,3.312,57.50,190.00,1,0,0
7723,3.312,57.50,190.00,1,0,0
7725,3.312,57.40,190.00,1,0,0
7728,3.312,57.70,192.00,1,0,0
7730,3.312,57.80,192.00,1,0,0
7732,3.312,57.70,192.00,1,0,0
7735,3.312,57.40,190.00,1,0,0
7748,3.312,57.70,192.00,1,0,0
7750,3.312,57.70,192.00,1,0,0
7753,3.312,57.40,190.00,1,0,0
7755,3.312,57.40,190.00,1,0,0
7757,3.312,57.40,190.00,1,0,0
7760,3.312,64.10,192.00,1,0,0
7762,3.312,57.70,192.00,1,0,0
7765,3.312,57.80,192.00,1,0,0
7767,3.312,57.70,190.00,1,0,0
7770,3.312,57.40,190.00,1,0,0
7772,3.316,57.40,190.00,1,0,0
7775,3.312,57.40,192.00,1,0,0
7777,3.312,57.60,190.00,1,0,0
7780,3.312,57.70,192.00,1,0,0
7782,3.312,57.80,192.00,1,0,0
7785,3.312,57.50,190.00,1,0,0
7797,3.312,57.70,192.00,1,0,0
7800,3.316,57.80,192.00,1,0,0
7802,3.312,57.50,190.00,1,0,0
7805,3.312,57.40,190.00,1,0,0
7807,3.316,57.50,190.00,1,0,0
7810,3.312,63.40,208.00,1,0,0
7812,3.312,57.80,192.00,1,0,0
7815,3.316,57.70,192.00,1,0,0
7817,3.312,57.40,190.00,1,0,0
7820,3.316,57.40,190.00,1,0,0
7822,3.312,57.40,190.00,1,0,0
7825,3.312,57.50,190.00,1,0,0
7827,3.312,57.80,192.00,1,0,0
7829,3.312,57.80,192.00,1,0,0
7832,3.312,57.80,192.00,1,0,0
7834,3.312,57.40,190.00,1,0,0
7847,3.312,57.80,192.00,1,0,0
7850,3.312,57.80,190.00,1,0,0
7852,3.312,57.50,190.00,1,0,0
7854,3.312,57.40,190.00,1,0,0
7857,3.316,57.40,190.00,1,0,0
7859,3.316,65.70,216.00,1,0,0
7862,3.312,57.60,190.00,1,0,0
7864,3.316,57.80,192.00,1,0,0
7867,3.312,57.40,190.00,1,0,0
7869,3.316,57.50,190.00,1,0,0
7872,3.316,57.40,190.00,1,0,0
7874,3.316,57.70,192.00,1,0,0
7877,3.312,57.70,192.00,1,0,0
7879,3.316,57.70,192.00,1,0,0
7882,3.316,57.80,192.00,1,0,0
7884,3.316,57.40,190.00,1,0,0
7897,3.316,57.70,192.00,1,0,0
7899,3.312,57.50,190.00,1,0,0
7902,3.312,57.40,190.00,1,0,0
7904,3.312,57.40,190.00,1,0,0
7907,3.312,57.30,190.00,1,0,0
7909,3.312,57.80,252.00,1,0,0
7912,3.308,57.80,192.00,1,0,0
7914,3.312,57.80,192.00,1,0,0
7917,3.316,57.40,190.00,1,0,0
7919,3.312,57.40,190.00,1,0,0
7922,3.316,57.40,190.00,1,0,0
7924,3.312,57.70,192.00,1,0,0
7927,3.316,57.80,192.00,1,0,0
7929,3.312,57.80,192.00,1,0,0
7931,3.312,57.80,190.00,1,0,0
7934,3.312,57.40,190.00,1,0,0
7947,3.312,57.80,192.00,1,0,0
7949,3.316,57.40,190.00,1,0,0
7952,3.312,57.50,190.00,1,0,0
7954,3.316,57.40,190.00,1,0,0
7956,3.312,57.70,192.00,1,0,0
7959,3.312,57.80,192.00,1,0,0
7961,3.312,57.80,192.00,1,0,0
7964,3.316,57.80,192.00,1,0,0
7966,3.312,57.50,190.00,1,0,0
7969,3.316,57.40,190.00,1,0,0
7971,3.312,57.50,190.00,1,0,0
7974,3.316,57.70,192.00,1,0,0
7976,3.316,57.70,192.00,1,0,0
7979,3.316,57.70,192.00,1,0,0
7981,3.316,57.70,192.00,1,0,0
7984,3.316,57.50,190.00,1,0,0
7996,3.316,57.80,192.00,1,0,0
7999,3.312,57.50,190.00,1,0,0
8001,3.312,57.50,190.00,1,0,0
8004,3.316,57.50,190.00,1,0,0
8006,3.316,57.70,192.00,1,0,0
8009,3.316,57.70,192.00,1,0,0
8011,3.312,58.70,192.00,1,0,0
8014,3.316,57.60,190.00,1,0,0
8016,3.312,57.40,190.00,1,0,0
8019,3.316,57.40,190.00,1,0,0
8021,3.316,57.40,190.00,1,0,0
8024,3.316,57.70,192.00,1,0,0
8026,3.312,57.70,192.00,1,0,0
8028,3.312,57.80,192.00,1,0,0
8031,3.316,57.40,190.00,1,0,0
8033,3.316,57.40,190.00,1,0,0
8046,3.316,57.70,192.00,1,0,0
8049,3.312,57.40,190.00,1,0,0
8051,3.316,57.50,190.00,1,0,0
8053,3.316,57.40,190.00,1,0,0
8056,3.312,57.70,192.00,1,0,0
8058,3.312,57.70,192.00,1,0,0
8061,3.316,57.70,192.00,1,0,0
8063,3.312,57.80,190.00,1,0,0
8066,3.316,57.40,190.00,1,0,0
8068,3.316,57.50,190.00,1,0,0
8071,3.316,57.40,190.00,1,0,0
8073,3.312,57.70,192.00,1,0,0
8076,3.312,57.80,192.00,1,0,0
8078,3.316,57.80,192.00,1,0,0
8081,3.316,57.50,190.00,1,0,0
8083,3.316,57.40,190.00,1,0,0
8096,3.316,57.70,192.00,1,0,0
8098,3.316,57.40,190.00,1,0,0
8101,3.316,57.40,190.00,1,0,0
8103,3.312,57.40,190.00,1,0,0
8106,3.316,57.80,192.00,1,0,0
8108,3.312,57.70,192.00,1,0,0
8111,3.312,58.60,195.00,1,0,0
8113,3.312,57.40,190.00,1,0,0
8116,3.312,57.40,190.00,1,0,0
8118,3.312,57.40,190.00,1,0,0
8121,3.312,57.40,190.00,1,0,0
8123,3.312,57.80,192.00,1,0,0
8125,3.316,57.80,192.00,1,0,0
8128,3.316,57.70,192.00,1,0,0
8130,3.316,57.40,190.00,1,0,0
8133,3.316,57.40,190.00,1,0,0
8146,3.316,57.70,190.00,1,0,0
8148,3.316,57.40,190.00,1,0,0
8150,3.316,57.50,190.00,1,0,0
8153,3.312,57.50,190.00,1,0,0
8155,3.312,57.70,192.00,1,0,0
8158,3.312,57.70,192.00,1,0,0
8160,3.312,89.90,192.00,1,0,0
8163,3.316,57.40,190.00,1,0,0
8165,3.312,57.50,190.00,1,0,0
8168,3.312,57.50,190.00,1,0,0
8170,3.312,57.70,192.00,1,0,0
8173,3.312,57.80,192.00,1,0,0
8175,3.316,57.70,192.00,1,0,0
8178,3.316,57.70,192.00,1,0,0
8180,3.312,57.40,190.00,1,0,0
8183,3.312,57.40,190.00,1,0,0
8195,3.316,57.50,190.00,1,0,0
8198,3.316,57.40,190.00,1,0,0
8200,3.312,57.40,190.00,1,0,0
8203,3.316,57.40,190.00,1,0,0
8205,3.316,57.70,192.00,1,0,0
8208,3.316,57.80,192.00,1,0,0
8210,3.312,90.10,298.00,1,0,0
8213,3.312,57.40,190.00,1,0,0
8215,3.312,57.50,190.00,1,0,0
8218,3.316,57.40,190.00,1,0,0
8220,3.316,57.70,192.00,1,0,0
8222,3.316,57.70,192.00,1,0,0
8225,3.316,57.70,192.00,1,0,0
8227,3.316,57.80,190.00,1,0,0
8230,3.316,57.40,190.00,1,0,0
8232,3.312,57.40,190.00,1,0,0
8245,3.312,57.40,190.00,1,0,0
8247,3.312,57.40,190.00,1,0,0
8250,3.316,57.40,190.00,1,0,0
8252,3.316,57.70,192.00,1,0,0
8255,3.316,57.70,192.00,1,0,0
8257,3.312,57.70,192.00,1,0,0
8260,3.316,88.00,292.00,1,0,0
8262,3.312,57.40,190.00,1,0,0
8265,3.312,57.40,190.00,1,0,0
8267,3.312,57.50,190.00,1,0,0
8270,3.312,57.70,192.00,1,0,0
8272,3.312,57.70,192.00,1,0,0
8275,3.316,57.80,192.00,1,0,0
8277,3.316,57.70,192.00,1,0,0
8280,3.312,57.40,190.00,1,0,0
8282,3.312,57.40,190.00,1,0,0
8295,3.312,57.50,190.00,1,0,0
8297,3.312,57.40,190.00,1,0,0
8300,3.316,57.50,190.00,1,0,0
8302,3.312,57.70,192.00,1,0,0
8305,3.316,57.80,192.00,1,0,0
8307,3.316,57.70,192.00,1,0,0
8310,3.312,85.70,283.00,1,0,0
8312,3.312,57.40,190.00,1,0,0
8315,3.312,57.40,190.00,1,0,0
8317,3.312,57.40,190.00,1,0,0
8319,3.312,57.70,192.00,1,0,0
8322,3.312,57.70,192.00,1,0,0
8324,3.316,57.70,192.00,1,0,0
8327,3.316,57.40,190.00,1,0,0
8329,3.312,57.40,190.00,1,0,0
8332,3.316,57.40,190.00,1,0,0
8345,3.312,57.40,190.00,1,0,0
8347,3.316,57.40,190.00,1,0,0
8349,3.316,57.30,190.00,1,0,0
8352,3.312,57.70,192.00,1,0,0
8354,3.312,57.80,192.00,1,0,0
8357,3.312,57.70,192.00,1,0,0
8359,3.312,57.70,283.00,1,0,0
8362,3.312,57.40,190.00,1,0,0
8364,3.312,57.40,190.00,1,0,0
8367,3.312,57.40,192.00,1,0,0
8369,3.316,57.80,192.00,1,0,0
8372,3.316,57.80,192.00,1,0,0
8374,3.312,57.80,192.00,1,0,0
8377,3.316,57.50,190.00,1,0,0
8379,3.312,57.40,190.00,1,0,0
8382,3.312,57.50,190.00,1,0,0
8394,3.312,57.40,190.00,1,0,0
8397,3.312,57.40,190.00,1,0,0
8399,3.316,57.40,190.00,1,0,0
8402,3.316,57.70,192.00,1,0,0
8404,3.316,57.70,192.00,1,0,0
8407,3.316,57.70,192.00,1,0,0
8409,3.312,57.50,190.00,1,0,0
8412,3.312,57.40,190.00,1,0,0
8414,3.312,57.40,190.00,1,0,0
8417,3.316,57.50,190.00,1,0,0
8419,3.312,57.70,192.00,1,0,0
8421,3.312,57.80,192.00,1,0,0
8424,3.316,57.70,192.00,1,0,0
8426,3.312,57.50,190.00,1,0,0
8429,3.316,57.50,190.00,1,0,0
8431,3.316,57.40,190.00,1,0,0
8444,3.312,57.40,190.00,1,0,0
8446,3.312,57.50,190.00,1,0,0
8449,3.312,57.40,190.00,1,0,0
8451,3.316,57.70,192.00,1,0,0
8454,3.316,57.70,192.00,1,0,0
8456,3.316,57.80,192.00,1,0,0
8459,3.312,57.40,190.00,1,0,0
8461,3.312,57.40,190.00,1,0,0
8464,3.312,57.40,190.00,1,0,0
8466,3.316,57.70,192.00,1,0,0
8469,3.316,57.80,192.00,1,0,0
8471,3.312,57.60,192.00,1,0,0
8474,3.312,57.70,192.00,1,0,0
8476,3.312,57.40,190.00,1,0,0
8479,3.316,57.50,190.00,1,0,0
8481,3.312,57.50,190.00,1,0,0
8494,3.316,57.40,190.00,1,0,0
8496,3.316,57.40,190.00,1,0,0
8499,3.316,57.50,190.00,1,0,0
8501,3.316,57.80,192.00,1,0,0
8504,3.312,57.80,192.00,1,0,0
8506,3.316,57.70,192.00,1,0,0
8509,3.312,57.40,190.00,1,0,0
8511,3.304,57.40,190.00,1,0,0
8514,3.312,57.40,190.00,1,0,0
8516,3.316,57.60,192.00,1,0,0
8518,3.316,57.70,192.00,1,0,0
8521,3.312,57.70,192.00,1,0,0
8523,3.316,57.70,190.00,1,0,0
8526,3.316,57.40,190.00,1,0,0
8528,3.316,57.40,190.00,1,0,0
8531,3.312,57.40,190.00,1,0,0
8543,3.312,57.40,190.00,1,0,0
8546,3.316,57.50,190.00,1,0,0
8548,3.312,57.60,192.00,1,0,0
8551,3.316,57.80,192.00,1,0,0
8553,3.312,57.70,192.00,1,0,0
8556,3.312,57.70,192.00,1,0,0
8558,3.312,57.50,190.00,1,0,0
8561,3.296,62.20,190.00,1,0,0
8563,3.312,57.40,190.00,1,0,0
8566,3.312,57.80,192.00,1,0,0
8568,3.316,57.70,192.00,1,0,0
8571,3.312,57.70,192.00,1,0,0
8573,3.312,57.70,192.00,1,0,0
8576,3.312,57.40,190.00,1,0,0
8578,3.312,57.40,190.00,1,0,0
8581,3.312,57.40,190.00,1,0,0
8593,3.312,57.40,190.00,1,0,0
8596,3.316,57.40,190.00,1,0,0
8598,3.316,57.80,192.00,1,0,0
8601,3.312,57.70,192.00,1,0,0
8603,3.316,58.30,193.00,1,0,0
8606,3.316,57.80,192.00,1,0,0
8608,3.316,57.40,190.00,1,0,0
8611,3.292,58.60,193.00,1,0,0
8613,3.312,57.40,190.00,1,0,0
8615,3.316,57.70,192.00,1,0,0
8618,3.312,57.80,192.00,1,0,0
8620,3.316,57.80,192.00,1,0,0
8623,3.316,57.40,190.00,1,0,0
8625,3.316,57.30,190.00,1,0,0
8628,3.312,57.40,190.00,1,0,0
8630,3.312,57.50,190.00,1,0,0
8643,3.316,57.50,190.00,1,0,0
8645,3.312,57.40,190.00,1,0,0
8648,3.316,57.80,192.00,1,0,0
8650,3.312,57.80,192.00,1,0,0
8653,3.316,57.70,192.00,1,0,0
8655,3.316,57.70,190.00,1,0,0
8658,3.316,57.50,190.00,1,0,0
8660,3.316,57.60,192.00,1,0,0
8663,3.312,57.40,190.00,1,0,0
8665,3.312,57.90,192.00,1,0,0
8668,3.312,57.80,192.00,1,0,0
8670,3.312,57.80,192.00,1,0,0
8673,3.316,57.60,190.00,1,0,0
8675,3.312,57.40,190.00,1,0,0
8678,3.316,57.40,190.00,1,0,0
8680,3.316,57.30,192.00,1,0,0
8693,3.312,57.50,190.00,1,0,0
8695,3.312,57.40,190.00,1,0,0
8698,3.312,57.70,192.00,1,0,0
8700,3.312,57.70,192.00,1,0,0
8703,3.312,57.80,192.00,1,0,0
8705,3.312,57.50,190.00,1,0,0
8708,3.316,57.40,190.00,1,0,0
8710,3.316,57.40,190.00,1,0,0
8712,3.312,57.40,190.00,1,0,0
8715,3.312,57.70,192.00,1,0,0
8717,3.316,57.80,192.00,1,0,0
8720,3.312,57.70,192.00,1,0,0
8722,3.316,57.50,190.00,1,0,0
8725,3.312,57.40,190.00,1,0,0
8727,3.312,57.40,190.00,1,0,0
8730,3.312,57.70,192.00,1,0,0
8742,3.312,57.40,190.00,1,0,0
8745,3.312,57.40,190.00,1,0,0
8747,3.316,57.80,192.00,1,0,0
8750,3.316,57.70,192.00,1,0,0
8752,3.316,57.80,192.00,1,0,0
8755,3.316,57.40,190.00,1,0,0
8757,3.312,57.50,190.00,1,0,0
8760,3.312,57.50,190.00,1,0,0
8762,3.312,57.70,192.00,1,0,0
8765,3.316,57.70,192.00,1,0,0
8767,3.316,57.70,192.00,1,0,0
8770,3.316,57.70,192.00,1,0,0
8772,3.312,57.40,190.00,1,0,0
8775,3.312,57.40,190.00,1,0,0
8777,3.312,57.40,190.00,1,0,0
8780,3.312,57.70,192.00,1,0,0
8792,3.316,57.40,190.00,1,0,0
8795,3.316,57.40,190.00,1,0,0
8797,3.316,57.70,192.00,1,0,0
8800,3.316,57.80,192.00,1,0,0
8802,3.312,57.80,192.00,1,0,0
8805,3.312,57.40,190.00,1,0,0
8807,3.316,57.40,190.00,1,0,0
8809,3.312,57.70,190.00,1,0,0
8812,3.312,57.60,192.00,1,0,0
8814,3.316,57.80,192.00,1,0,0
8817,3.316,57.80,192.00,1,0,0
8819,3.316,57.80,192.00,1,0,0
8822,3.316,57.40,190.00,1,0,0
8824,3.316,57.40,190.00,1,0,0
8827,3.312,57.40,190.00,1,0,0
8829,3.316,57.80,192.00,1,0,0
8842,3.316,57.40,190.00,1,0,0
8844,3.316,57.60,190.00,1,0,0
8847,3.316,57.70,192.00,1,0,0
8849,3.316,57.70,192.00,1,0,0
8852,3.312,57.70,192.00,1,0,0
8854,3.312,57.40,190.00,1,0,0
8857,3.312,57.40,190.00,1,0,0
8859,3.312,59.60,197.00,1,0,0
8862,3.312,57.70,192.00,1,0,0
8864,3.312,57.80,192.00,1,0,0
8867,3.316,57.70,192.00,1,0,0
8869,3.316,57.80,192.00,1,0,0
8872,3.316,57.40,190.00,1,0,0
8874,3.312,57.40,190.00,1,0,0
8877,3.312,57.40,190.00,1,0,0
8879,3.316,57.70,192.00,1,0,0
8892,3.312,57.40,190.00,1,0,0
8894,3.316,57.80,192.00,1,0,0
8897,3.312,57.80,192.00,1,0,0
8899,3.316,57.80,192.00,1,0,0
8902,3.312,57.80,192.00,1,0,0
8904,3.312,57.40,190.00,1,0,0
8906,3.312,57.40,190.00,1,0,0
8909,3.312,57.40,203.00,1,0,0
8911,3.296,57.80,192.00,1,0,0
8914,3.312,57.80,192.00,1,0,0
8916,3.316,57.70,192.00,1,0,0
8919,3.316,57.50,190.00,1,0,0
8921,3.316,57.30,190.00,1,0,0
8924,3.312,57.40,190.00,1,0,0
8926,3.312,57.40,190.00,1,0,0
8929,3.312,57.70,192.00,1,0,0
8941,3.312,57.40,190.00,1,0,0
8944,3.316,57.70,192.00,1,0,0
8946,3.312,57.70,192.00,1,0,0
8949,3.316,57.70,192.00,1,0,0
8951,3.316,57.70,190.00,1,0,0
8954,3.312,57.40,190.00,1,0,0
8956,3.312,57.40,190.00,1,0,0
8959,3.312,57.40,190.00,1,0,0
8961,3.296,57.80,192.00,1,0,0
8964,3.316,57.70,192.00,1,0,0
8966,3.316,57.70,192.00,1,0,0
8969,3.312,57.60,190.00,1,0,0
8971,3.312,57.40,190.00,1,0,0
8974,3.316,57.40,190.00,1,0,0
8976,3.312,57.40,192.00,1,0,0
8978,3.316,57.70,192.00,1,0,0
8991,3.316,57.40,190.00,1,0,0
8994,3.312,57.70,192.00,1,0,0
8996,3.312,57.70,192.00,1,0,0
8999,3.316,57.80,192.00,1,0,0
9001,3.316,57.50,190.00,1,0,0
9004,3.312,57.40,190.00,1,0,0
9006,3.316,57.40,190.00,1,0,0
9008,3.316,57.50,190.00,1,0,0
9011,3.296,58.60,192.00,1,0,0
9013,3.316,57.70,192.00,1,0,0
9016,3.316,57.80,192.00,1,0,0
9018,3.312,57.50,190.00,1,0,0
9021,3.312,57.40,190.00,1,0,0
9023,3.316,57.40,190.00,1,0,0
9026,3.312,57.60,192.00,1,0,0
9028,3.312,57.70,192.00,1,0,0
9041,3.316,57.40,190.00,1,0,0
9043,3.312,57.70,192.00,1,0,0
9046,3.312,57.80,192.00,1,0,0
9053,3.316,57.40,190.00,1,0,0
9056,3.316,57.40,190.00,1,0,0
9058,3.312,57.60,190.00,1,0,0
9061,3.296,57.80,192.00,1,0,0
9063,3.316,57.70,192.00,1,0,0
9066,3.312,57.80,192.00,1,0,0
9068,3.316,57.40,190.00,1,0,0
9071,3.316,57.50,190.00,1,0,0
9073,3.312,57.40,190.00,1,0,0
9075,3.312,57.70,192.00,1,0,0
9078,3.316,57.60,192.00,1,0,0
9080,3.316,57.70,192.00,1,0,0
9083,3.316,57.80,192.00,1,0,0
9085,3.316,57.40,190.00,1,0,0
9088,3.316,57.40,190.00,1,0,0
9090,3.312,57.40,190.00,1,0,0
9103,3.316,57.40,190.00,1,0,0
9105,3.316,57.40,190.00,1,0,0
9108,3.316,57.40,192.00,1,0,0
9110,3.316,58.70,195.00,1,0,0
9113,3.316,57.80,192.00,1,0,0
9115,3.316,57.70,190.00,1,0,0
9118,3.312,57.40,190.00,1,0,0
9120,3.316,57.50,190.00,1,0,0
9123,3.312,57.40,190.00,1,0,0
9125,3.316,57.70,192.00,1,0,0
9128,3.316,57.70,192.00,1,0,0
9130,3.312,57.80,192.00,1,0,0
9133,3.316,57.70,190.00,1,0,0
9135,3.316,57.40,190.00,1,0,0
9138,3.316,57.40,190.00,1,0,0
9140,3.312,57.40,192.00,1,0,0
9153,3.316,57.40,190.00,1,0,0
9155,3.312,57.40,190.00,1,0,0
9158,3.312,57.70,192.00,1,0,0
9160,3.316,76.00,192.00,1,0,0
9163,3.316,57.70,192.00,1,0,0
9165,3.312,57.70,192.00,1,0,0
9168,3.316,57.50,190.00,1,0,0
9170,3.316,57.40,190.00,1,0,0
9172,3.312,57.40,190.00,1,0,0
9175,3.316,57.70,192.00,1,0,0
9177,3.316,57.70,192.00,1,0,0
9180,3.316,57.80,192.00,1,0,0
9182,3.316,57.50,190.00,1,0,0
9185,3.312,57.40,190.00,1,0,0
9187,3.316,57.40,190.00,1,0,0
9190,3.312,57.40,190.00,1,0,0
9202,3.312,57.50,190.00,1,0,0
9205,3.312,57.50,190.00,1,0,0
9207,3.312,57.70,192.00,1,0,0
9210,3.316,87.10,288.00,1,0,0
9212,3.316,57.70,192.00,1,0,0
9215,3.312,57.50,190.00,1,0,0
9217,3.312,57.40,190.00,1,0,0
9220,3.316,57.40,190.00,1,0,0
9222,3.312,57.40,190.00,1,0,0
9225,3.312,57.70,192.00,1,0,0
9227,3.312,57.70,192.00,1,0,0
9230,3.312,57.70,192.00,1,0,0
9232,3.316,57.30,190.00,1,0,0
9235,3.312,57.40,190.00,1,0,0
9237,3.312,57.50,190.00,1,0,0
9240,3.312,57.80,192.00,1,0,0
9252,3.312,57.40,190.00,1,0,0
9255,3.312,57.40,190.00,1,0,0
9257,3.312,57.80,192.00,1,0,0
9260,3.312,90.90,301.00,1,0,0
9262,3.312,57.70,192.00,1,0,0
9265,3.316,57.70,190.00,1,0,0
9267,3.312,57.40,190.00,1,0,0
9269,3.312,57.40,190.00,1,0,0
9272,3.312,57.40,192.00,1,0,0
9274,3.312,57.70,192.00,1,0,0
9277,3.312,57.80,192.00,1,0,0
9279,3.312,57.80,192.00,1,0,0
9282,3.312,57.40,190.00,1,0,0
9284,3.312,57.50,190.00,1,0,0
9287,3.316,57.40,190.00,1,0,0
9289,3.312,57.80,192.00,1,0,0
9302,3.316,57.40,190.00,1,0,0
9304,3.316,57.40,190.00,1,0,0
9307,3.316,57.70,192.00,1,0,0
9309,3.316,57.70,305.00,1,0,0
9312,3.316,57.70,192.00,1,0,0
9314,3.312,57.40,190.00,1,0,0
9317,3.316,57.40,190.00,1,0,0
9319,3.312,57.40,190.00,1,0,0
9322,3.312,57.60,192.00,1,0,0
9324,3.316,57.70,192.00,1,0,0
9327,3.312,57.70,192.00,1,0,0
9329,3.312,57.80,192.00,1,0,0
9332,3.316,57.40,190.00,1,0,0
9334,3.312,57.40,190.00,1,0,0
9337,3.312,57.40,190.00,1,0,0
9339,3.312,57.70,192.00,1,0,0
9352,3.312,57.50,190.00,1,0,0
9354,3.316,57.70,192.00,1,0,0
9357,3.316,57.80,192.00,1,0,0
9359,3.316,57.70,192.00,1,0,0
9362,3.316,57.80,192.00,1,0,0
9364,3.316,57.40,190.00,1,0,0
9366,3.316,57.40,190.00,1,0,0
9369,3.312,57.40,190.00,1,0,0
9371,3.312,57.70,192.00,1,0,0
9374,3.312,57.70,192.00,1,0,0
9376,3.316,57.80,192.00,1,0,0
9379,3.312,57.70,192.00,1,0,0
9381,3.316,57.40,190.00,1,0,0
9384,3.312,57.40,190.00,1,0,0
9386,3.316,57.50,190.00,1,0,0
9389,3.316,57.70,192.00,1,0,0
9401,3.312,57.40,190.00,1,0,0
9404,3.316,57.40,192.00,1,0,0
9406,3.316,57.70,192.00,1,0,0
9409,3.312,57.70,192.00,1,0,0
9411,3.312,58.60,192.00,1,0,0
9414,3.312,57.40,190.00,1,0,0
9416,3.316,57.50,190.00,1,0,0
9419,3.312,57.40,190.00,1,0,0
9421,3.316,57.70,192.00,1,0,0
9424,3.316,57.70,192.00,1,0,0
9426,3.316,57.70,192.00,1,0,0
9429,3.312,57.80,190.00,1,0,0
9431,3.312,57.40,190.00,1,0,0
9434,3.312,57.40,190.00,1,0,0
9436,3.316,57.40,190.00,1,0,0
9438,3.316,57.80,192.00,1,0,0
9451,3.312,57.40,190.00,1,0,0
9454,3.312,57.70,192.00,1,0,0
9456,3.312,57.70,192.00,1,0,0
9459,3.312,57.70,192.00,1,0,0
9461,3.312,57.80,192.00,1,0,0
9463,3.312,57.30,190.00,1,0,0
9466,3.312,57.40,190.00,1,0,0
9468,3.312,57.40,190.00,1,0,0
9471,3.312,57.70,192.00,1,0,0
9473,3.312,57.70,192.00,1,0,0
9476,3.312,57.70,192.00,1,0,0
9478,3.316,57.50,190.00,1,0,0
9481,3.312,57.50,190.00,1,0,0
9483,3.312,57.40,190.00,1,0,0
9486,3.316,57.40,190.00,1,0,0
9488,3.312,57.70,192.00,1,0,0
9501,3.312,57.50,190.00,1,0,0
9503,3.312,57.70,192.00,1,0,0
9506,3.316,57.70,192.00,1,0,0
9508,3.316,57.80,192.00,1,0,0
9511,3.312,58.10,192.00,1,0,0
9513,3.316,57.40,190.00,1,0,0
9516,3.316,57.40,190.00,1,0,0
9518,3.316,57.40,190.00,1,0,0
9521,3.312,57.70,192.00,1,0,0
9523,3.312,57.70,190.00,1,0,0
9526,3.312,57.70,192.00,1,0,0
9528,3.316,57.40,190.00,1,0,0
9531,3.316,57.50,190.00,1,0,0
9533,3.312,57.40,190.00,1,0,0
9535,3.312,57.60,190.00,1,0,0
9538,3.316,57.70,192.00,1,0,0
9551,3.312,57.50,190.00,1,0,0
9553,3.312,57.70,192.00,1,0,0
9556,3.312,57.70,192.00,1,0,0
9558,3.316,57.70,192.00,1,0,0
9560,3.312,86.00,190.00,1,0,0
9563,3.316,57.40,190.00,1,0,0
9565,3.312,57.50,190.00,1,0,0
9568,3.312,57.40,192.00,1,0,0
9570,3.312,57.80,192.00,1,0,0
9573,3.312,57.80,192.00,1,0,0
9575,3.312,57.60,192.00,1,0,0
9578,3.316,57.40,190.00,1,0,0
9580,3.316,57.40,190.00,1,0,0
9583,3.312,57.40,190.00,1,0,0
9585,3.316,57.70,192.00,1,0,0
9588,3.316,57.80,192.00,1,0,0
9600,3.316,57.40,190.00,1,0,0
9603,3.316,58.30,193.00,1,0,0
9605,3.316,57.70,192.00,1,0,0
9608,3.312,57.70,192.00,1,0,0
9610,3.308,85.60,283.00,1,0,0
9613,3.312,57.40,190.00,1,0,0
9615,3.312,57.50,190.00,1,0,0
9618,3.312,57.50,190.00,1,0,0
9620,3.316,57.80,192.00,1,0,0
9623,3.312,57.70,192.00,1,0,0
9625,3.312,57.70,192.00,1,0,0
9628,3.312,57.40,190.00,1,0,0
9630,3.316,57.40,190.00,1,0,0
9633,3.316,57.40,190.00,1,0,0
9635,3.312,57.70,192.00,1,0,0
9637,3.316,57.70,192.00,1,0,0
9650,3.316,57.40,190.00,1,0,0
9653,3.312,57.70,192.00,1,0,0
9655,3.316,57.80,192.00,1,0,0
9658,3.316,57.70,192.00,1,0,0
9660,3.312,85.60,283.00,1,0,0
9662,3.316,57.40,190.00,1,0,0
9665,3.312,57.40,190.00,1,0,0
9667,3.312,57.70,192.00,1,0,0
9670,3.316,57.70,192.00,1,0,0
9672,3.316,57.70,192.00,1,0,0
9675,3.312,57.70,192.00,1,0,0
9677,3.312,57.40,190.00,1,0,0
9680,3.312,57.40,190.00,1,0,0
9682,3.316,57.50,190.00,1,0,0
9685,3.312,57.70,192.00,1,0,0
9687,3.312,57.70,192.00,1,0,0
9700,3.312,57.40,192.00,1,0,0
9702,3.312,57.80,192.00,1,0,0
9705,3.312,57.70,192.00,1,0,0
9707,3.312,57.70,192.00,1,0,0
9710,3.316,84.80,280.00,1,0,0
9712,3.312,57.40,190.00,1,0,0
9715,3.312,57.40,190.00,1,0,0
9717,3.312,57.70,192.00,1,0,0
9720,3.316,57.80,192.00,1,0,0
9722,3.316,57.70,192.00,1,0,0
9725,3.316,57.70,190.00,1,0,0
9727,3.312,57.40,190.00,1,0,0
9730,3.312,57.40,190.00,1,0,0
9732,3.316,57.40,190.00,1,0,0
9734,3.316,57.70,192.00,1,0,0
9737,3.312,57.80,192.00,1,0,0
9750,3.316,57.70,192.00,1,0,0
9752,3.316,57.70,192.00,1,0,0
9755,3.312,57.80,192.00,1,0,0
9757,3.312,57.70,192.00,1,0,0
9759,3.312,57.40,247.00,1,0,0
9762,3.312,57.40,190.00,1,0,0
9764,3.316,57.50,190.00,1,0,0
9767,3.312,57.80,192.00,1,0,0
9769,3.312,57.70,192.00,1,0,0
9772,3.312,57.80,192.00,1,0,0
9774,3.312,57.60,192.00,1,0,0
9777,3.312,57.40,190.00,1,0,0
9779,3.316,57.40,190.00,1,0,0
9782,3.312,57.40,190.00,1,0,0
9784,3.312,57.80,192.00,1,0,0
9787,3.312,57.70,192.00,1,0,0
9799,3.316,57.70,192.00,1,0,0
9802,3.312,57.70,192.00,1,0,0
9804,3.312,57.80,192.00,1,0,0
9807,3.312,57.50,190.00,1,0,0
9809,3.312,57.30,188.00,1,0,0
9812,3.312,57.30,190.00,1,0,0
9814,3.312,57.40,190.00,1,0,0
9817,3.312,57.70,192.00,1,0,0
9819,3.312,57.70,192.00,1,0,0
9822,3.312,57.80,192.00,1,0,0
9824,3.312,57.40,190.00,1,0,0
9827,3.312,57.40,190.00,1,0,0
9829,3.312,57.50,190.00,1,0,0
9831,3.312,57.70,192.00,1,0,0
9834,3.316,57.80,192.00,1,0,0
9836,3.316,57.70,192.00,1,0,0
9849,3.316,57.70,192.00,1,0,0
9852,3.316,57.70,192.00,1,0,0
9854,3.312,57.80,192.00,1,0,0
9856,3.312,57.60,190.00,1,0,0
9859,3.312,57.40,188.00,1,0,0
9861,3.312,57.40,190.00,1,0,0
9864,3.312,57.40,192.00,1,0,0
9866,3.312,57.80,192.00,1,0,0
9869,3.316,57.70,192.00,1,0,0
9871,3.312,57.70,192.00,1,0,0
9874,3.312,57.40,190.00,1,0,0
9876,3.312,57.40,190.00,1,0,0
9879,3.312,57.40,190.00,1,0,0
9881,3.312,57.70,192.00,1,0,0
9884,3.312,57.70,192.00,1,0,0
9886,3.312,57.70,192.00,1,0,0
9899,3.312,57.70,192.00,1,0,0
9901,3.312,57.80,192.00,1,0,0
9904,3.316,57.80,192.00,1,0,0
9906,3.316,57.40,190.00,1,0,0
9909,3.312,57.40,188.00,1,0,0
9911,3.292,57.40,190.00,1,0,0
9914,3.312,57.40,190.00,1,0,0
9916,3.312,57.80,192.00,1,0,0
9919,3.316,57.70,192.00,1,0,0
9921,3.312,57.70,192.00,1,0,0
9924,3.312,57.40,190.00,1,0,0
9926,3.312,57.30,190.00,1,0,0
9928,3.316,57.40,190.00,1,0,0
9931,3.316,57.70,192.00,1,0,0
9933,3.312,57.70,192.00,1,0,0
9936,3.312,57.70,192.00,1,0,0
9949,3.316,57.70,192.00,1,0,0
9951,3.312,57.70,192.00,1,0,0
9953,3.316,57.80,192.00,1,0,0
9956,3.316,57.40,190.00,1,0,0
9958,3.312,57.50,190.00,1,0,0
9961,3.292,57.40,190.00,1,0,0
9963,3.312,57.70,192.00,1,0,0
9966,3.316,57.80,192.00,1,0,0
9968,3.312,57.70,192.00,1,0,0
9971,3.316,57.70,192.00,1,0,0
9973,3.312,57.40,190.00,1,0,0
9976,3.316,57.50,190.00,1,0,0
9978,3.316,57.50,190.00,1,0,0
9981,3.316,57.80,192.00,1,0,0
9983,3.312,57.70,192.00,1,0,0
9986,3.316,57.70,192.00,1,0,0
9998,3.316,57.80,192.00,1,0,0
10001,3.316,57.70,192.00,1,0,0
10003,3.312,57.60,192.00,1,0,0
10006,3.312,57.40,190.00,1,0,0
10008,3.312,57.40,190.00,1,0,0
10011,3.292,57.40,190.00,1,0,0
10013,3.312,57.60,192.00,1,0,0
10016,3.316,57.70,192.00,1,0,0
10018,3.312,57.70,192.00,1,0,0
10021,3.316,57.70,190.00,1,0,0
10023,3.312,57.40,190.00,1,0,0
10025,3.312,57.40,190.00,1,0,0
10028,3.316,57.40,190.00,1,0,0
10030,3.312,57.80,192.00,1,0,0
10043,3.316,57.30,190.00,1,0,0
10046,3.312,57.60,192.00,1,0,0
10048,3.316,57.80,192.00,1,0,0
10051,3.316,57.70,192.00,1,0,0
10053,3.316,57.70,192.00,1,0,0
10055,3.316,57.40,190.00,1,0,0
10058,3.316,57.40,190.00,1,0,0
10060,3.312,57.40,190.00,1,0,0
10063,3.316,57.60,192.00,1,0,0
10065,3.316,57.70,192.00,1,0,0
10068,3.312,57.70,192.00,1,0,0
10070,3.316,57.70,192.00,1,0,0
10073,3.312,57.40,190.00,1,0,0
10075,3.312,57.40,190.00,1,0,0
10088,3.316,57.40,190.00,1,0,0
10090,3.312,57.30,190.00,1,0,0
10093,3.312,57.40,190.00,1,0,0
10095,3.312,57.80,192.00,1,0,0
10098,3.316,57.70,192.00,1,0,0
10100,3.316,57.70,192.00,1,0,0
10103,3.316,57.50,190.00,1,0,0
10105,3.312,57.40,190.00,1,0,0
10108,3.316,57.40,190.00,1,0,0
10110,3.316,57.40,190.00,1,0,0
10113,3.312,57.70,192.00,1,0,0
10115,3.312,57.70,192.00,1,0,0
10118,3.316,57.70,192.00,1,0,0
10120,3.312,57.40,190.00,1,0,0
10133,3.316,57.70,192.00,1,0,0
10135,3.316,57.70,192.00,1,0,0
10138,3.316,57.40,190.00,1,0,0
10140,3.316,57.40,190.00,1,0,0
10143,3.316,57.40,190.00,1,0,0
10145,3.316,57.60,192.00,1,0,0
10147,3.316,57.80,192.00,1,0,0
10150,3.312,57.70,192.00,1,0,0
10152,3.316,57.70,190.00,1,0,0
10155,3.316,57.40,190.00,1,0,0
10157,3.312,57.40,190.00,1,0,0
10160,3.316,60.90,192.00,1,0,0
10162,3.316,57.80,192.00,1,0,0
10165,3.316,57.70,192.00,1,0,0
10177,3.316,57.70,192.00,1,0,0
10180,3.316,57.70,192.00,1,0,0
10182,3.316,57.80,192.00,1,0,0
10185,3.312,57.60,192.00,1,0,0
10187,3.316,57.40,190.00,1,0,0
10190,3.316,57.40,190.00,1,0,0
10192,3.316,57.40,190.00,1,0,0
10195,3.316,57.70,192.00,1,0,0
10197,3.316,57.70,192.00,1,0,0
10200,3.316,57.70,192.00,1,0,0
10202,3.316,57.40,190.00,1,0,0
10205,3.316,57.40,190.00,1,0,0
10207,3.312,57.40,190.00,1,0,0
10210,3.316,63.40,210.00,1,0,0
10222,3.312,57.40,190.00,1,0,0
10225,3.316,57.50,190.00,1,0,0
10227,3.316,57.70,192.00,1,0,0
10230,3.316,57.60,192.00,1,0,0
10232,3.316,57.70,192.00,1,0,0
10235,3.316,57.70,190.00,1,0,0
10237,3.316,57.40,190.00,1,0,0
10240,3.312,57.40,190.00,1,0,0
10242,3.316,57.40,190.00,1,0,0
10245,3.316,57.80,192.00,1,0,0
10247,3.316,57.80,192.00,1,0,0
10249,3.316,57.70,192.00,1,0,0
10252,3.316,57.40,190.00,1,0,0
10254,3.316,57.40,190.00,1,0,0
10267,3.312,57.70,192.00,1,0,0
10270,3.312,57.40,190.00,1,0,0
10272,3.312,57.40,190.00,1,0,0
10274,3.312,57.50,190.00,1,0,0
10277,3.312,57.70,192.00,1,0,0
10279,3.312,57.80,192.00,1,0,0
10282,3.312,57.80,192.00,1,0,0
10284,3.312,57.60,190.00,1,0,0
10287,3.312,57.40,190.00,1,0,0
10289,3.316,57.40,190.00,1,0,0
10292,3.312,57.40,190.00,1,0,0
10294,3.312,57.70,192.00,1,0,0
10297,3.316,57.70,192.00,1,0,0
10299,3.316,57.70,192.00,1,0,0
10312,3.316,57.80,192.00,1,0,0
10314,3.316,57.60,192.00,1,0,0
10317,3.312,57.50,190.00,1,0,0
10319,3.312,57.40,190.00,1,0,0
10322,3.316,57.40,190.00,1,0,0
10324,3.312,57.30,190.00,1,0,0
10327,3.316,57.70,192.00,1,0,0
10329,3.316,57.70,192.00,1,0,0
10332,3.316,57.70,192.00,1,0,0
10334,3.316,57.40,190.00,1,0,0
10337,3.316,57.40,190.00,1,0,0
10339,3.316,57.40,190.00,1,0,0
10342,3.312,57.60,192.00,1,0,0
10344,3.316,57.70,192.00,1,0,0
10357,3.316,57.40,190.00,1,0,0
10359,3.316,57.70,210.00,1,0,0
10362,3.300,57.70,192.00,1,0,0
10364,3.316,57.70,192.00,1,0,0
10367,3.316,57.70,190.00,1,0,0
10369,3.316,57.40,190.00,1,0,0
10371,3.312,57.40,190.00,1,0,0
10374,3.312,57.40,192.00,1,0,0
10376,3.316,57.70,192.00,1,0,0
10379,3.316,57.70,192.00,1,0,0
10381,3.316,57.70,192.00,1,0,0
10384,3.316,57.40,190.00,1,0,0
10386,3.316,57.40,190.00,1,0,0
10389,3.312,57.40,190.00,1,0,0
10401,3.316,57.30,190.00,1,0,0
10404,3.316,57.30,190.00,1,0,0
10406,3.312,57.40,190.00,1,0,0
10409,3.316,57.80,192.00,1,0,0
10411,3.308,58.60,192.00,1,0,0
10414,3.316,57.70,192.00,1,0,0
10416,3.316,57.50,190.00,1,0,0
10419,3.316,57.40,190.00,1,0,0
10421,3.316,57.30,190.00,1,0,0
10424,3.316,57.50,190.00,1,0,0
10426,3.316,57.70,192.00,1,0,0
10429,3.316,57.70,192.00,1,0,0
10431,3.312,57.70,192.00,1,0,0
10434,3.312,57.40,190.00,1,0,0
10446,3.316,57.80,192.00,1,0,0
10449,3.316,57.50,190.00,1,0,0
10451,3.312,57.40,190.00,1,0,0
10454,3.316,57.40,190.00,1,0,0
10456,3.312,57.60,190.00,1,0,0
10459,3.312,57.70,192.00,1,0,0
10461,3.312,57.80,192.00,1,0,0
10464,3.312,57.70,192.00,1,0,0
10466,3.316,57.50,190.00,1,0,0
10468,3.316,57.40,190.00,1,0,0
10471,3.312,57.40,190.00,1,0,0
10473,3.316,57.70,192.00,1,0,0
10476,3.316,57.70,192.00,1,0,0
10478,3.312,57.70,192.00,1,0,0
10491,3.316,57.70,192.00,1,0,0
10493,3.316,57.60,192.00,1,0,0
10496,3.316,57.70,192.00,1,0,0
10498,3.312,57.50,190.00,1,0,0
10501,3.312,57.40,190.00,1,0,0
10503,3.312,57.40,190.00,1,0,0
10506,3.316,57.40,192.00,1,0,0
10508,3.316,57.80,192.00,1,0,0
10511,3.312,58.60,195.00,1,0,0
10513,3.316,57.70,192.00,1,0,0
10516,3.316,57.40,190.00,1,0,0
10518,3.316,57.40,190.00,1,0,0
10521,3.316,57.40,190.00,1,0,0
10523,3.316,57.60,192.00,1,0,0
10536,3.312,57.40,190.00,1,0,0
10538,3.312,57.40,190.00,1,0,0
10541,3.312,57.70,192.00,1,0,0
10543,3.316,57.70,192.00,1,0,0
10546,3.316,57.70,192.00,1,0,0
10548,3.316,57.50,190.00,1,0,0
10551,3.312,57.40,190.00,1,0,0
10553,3.312,57.40,190.00,1,0,0
10556,3.312,57.60,190.00,1,0,0
10558,3.316,57.60,190.00,1,0,0
10561,3.312,57.80,192.00,1,0,0
10563,3.312,57.70,192.00,1,0,0
10566,3.312,57.50,190.00,1,0,0
10568,3.316,57.40,190.00,1,0,0
10581,3.316,57.60,190.00,1,0,0
10583,3.316,57.40,190.00,1,0,0
10586,3.312,57.40,190.00,1,0,0
10588,3.312,57.40,192.00,1,0,0
10591,3.316,57.60,192.00,1,0,0
10593,3.312,57.70,192.00,1,0,0
10595,3.316,57.70,192.00,1,0,0
10598,3.316,57.50,190.00,1,0,0
10600,3.316,57.40,190.00,1,0,0
10603,3.316,58.00,190.00,1,0,0
10605,3.316,57.80,192.00,1,0,0
10608,3.312,57.70,192.00,1,0,0
10610,3.316,91.90,195.00,1,0,0
10613,3.316,57.50,190.00,1,0,0
10625,3.316,57.60,190.00,1,0,0
10628,3.312,57.70,192.00,1,0,0
10630,3.312,57.40,190.00,1,0,0
10633,3.316,57.40,190.00,1,0,0
10635,3.316,57.40,190.00,1,0,0
10638,3.312,57.60,190.00,1,0,0
10640,3.312,57.70,192.00,1,0,0
10643,3.316,57.70,192.00,1,0,0
10645,3.312,57.70,192.00,1,0,0
10648,3.312,57.40,190.00,1,0,0
10650,3.312,57.40,190.00,1,0,0
10653,3.312,57.50,190.00,1,0,0
10655,3.312,57.70,192.00,1,0,0
10658,3.316,57.70,192.00,1,0,0
10670,3.316,57.60,192.00,1,0,0
10673,3.316,57.80,192.00,1,0,0
10675,3.316,57.70,192.00,1,0,0
10678,3.316,57.70,192.00,1,0,0
10680,3.312,57.40,190.00,1,0,0
10683,3.316,57.50,190.00,1,0,0
10685,3.316,57.40,190.00,1,0,0
10688,3.316,57.70,192.00,1,0,0
10690,3.316,57.70,192.00,1,0,0
10692,3.312,57.70,192.00,1,0,0
10695,3.316,57.70,192.00,1,0,0
10697,3.312,57.50,190.00,1,0,0
10700,3.312,57.40,190.00,1,0,0
10702,3.316,57.40,190.00,1,0,0
10715,3.316,57.50,190.00,1,0,0
10717,3.312,57.40,190.00,1,0,0
10720,3.316,57.40,192.00,1,0,0
10722,3.312,57.70,192.00,1,0,0
10725,3.316,57.70,192.00,1,0,0
10727,3.312,57.60,192.00,1,0,0
10730,3.316,57.50,190.00,1,0,0
10732,3.316,57.40,190.00,1,0,0
10735,3.316,57.40,190.00,1,0,0
10737,3.312,57.80,192.00,1,0,0
10740,3.312,57.80,192.00,1,0,0
10742,3.316,57.70,192.00,1,0,0
10745,3.316,57.40,190.00,1,0,0
10747,3.316,57.40,190.00,1,0,0
10760,3.316,88.60,293.00,1,0,0
10762,3.316,57.30,190.00,1,0,0
10765,3.312,57.40,190.00,1,0,0
10767,3.316,57.30,190.00,1,0,0
10770,3.316,57.70,192.00,1,0,0
10772,3.316,57.70,192.00,1,0,0
10775,3.316,57.70,192.00,1,0,0
10777,3.312,57.60,192.00,1,0,0
10780,3.312,57.40,190.00,1,0,0
10782,3.312,57.40,190.00,1,0,0
10785,3.312,57.40,190.00,1,0,0
10787,3.316,57.70,192.00,1,0,0
10789,3.316,57.70,192.00,1,0,0
10792,3.316,57.70,192.00,1,0,0
10805,3.316,57.70,192.00,1,0,0
10807,3.316,57.70,192.00,1,0,0
10810,3.312,57.70,287.00,1,0,0
10812,3.316,57.40,190.00,1,0,0
10814,3.316,57.40,190.00,1,0,0
10817,3.316,57.40,190.00,1,0,0
10819,3.312,57.70,192.00,1,0,0
10822,3.316,57.70,192.00,1,0,0
10824,3.312,57.70,192.00,1,0,0
10827,3.312,57.50,190.00,1,0,0
10829,3.312,57.40,190.00,1,0,0
10832,3.312,57.50,190.00,1,0,0
10834,3.316,57.40,190.00,1,0,0
10837,3.316,57.70,192.00,1,0,0
10849,3.316,57.50,190.00,1,0,0
10852,3.316,57.70,192.00,1,0,0
10854,3.316,57.60,192.00,1,0,0
10857,3.316,57.70,192.00,1,0,0
10859,3.316,57.70,283.00,1,0,0
10862,3.312,57.40,190.00,1,0,0
10864,3.312,57.40,190.00,1,0,0
10867,3.312,57.40,190.00,1,0,0
10869,3.316,57.60,192.00,1,0,0
10872,3.312,57.70,192.00,1,0,0
10874,3.312,57.70,192.00,1,0,0
10877,3.316,57.60,190.00,1,0,0
10879,3.316,57.40,190.00,1,0,0
10882,3.316,57.40,190.00,1,0,0
10894,3.312,57.40,190.00,1,0,0
10897,3.312,57.50,190.00,1,0,0
10899,3.316,57.40,190.00,1,0,0
10902,3.312,57.70,192.00,1,0,0
10904,3.312,57.70,192.00,1,0,0
10907,3.316,57.70,192.00,1,0,0
10909,3.312,57.50,190.00,1,0,0
10911,3.312,57.40,190.00,1,0,0
10914,3.316,57.40,190.00,1,0,0
10916,3.316,57.40,190.00,1,0,0
10919,3.312,57.70,192.00,1,0,0
10921,3.316,57.70,192.00,1,0,0
10924,3.312,57.80,192.00,1,0,0
10926,3.316,57.50,190.00,1,0,0
10939,3.316,57.80,192.00,1,0,0
10941,3.312,57.80,190.00,1,0,0
10944,3.316,57.40,190.00,1,0,0
10946,3.312,57.40,190.00,1,0,0
10949,3.312,57.40,190.00,1,0,0
10951,3.316,57.80,192.00,1,0,0
10954,3.312,57.70,192.00,1,0,0
10956,3.316,57.70,192.00,1,0,0
10959,3.316,57.40,190.00,1,0,0
10961,3.312,57.30,190.00,1,0,0
10964,3.316,57.40,190.00,1,0,0
10966,3.316,57.70,192.00,1,0,0
10969,3.312,57.70,192.00,1,0,0
10971,3.316,57.70,192.00,1,0,0
10984,3.312,57.80,192.00,1,0,0
10986,3.312,57.70,192.00,1,0,0
10989,3.316,57.70,192.00,1,0,0
10991,3.316,57.80,192.00,1,0,0
10994,3.312,57.40,190.00,1,0,0
10996,3.312,57.40,190.00,1,0,0
10999,3.312,57.40,190.00,1,0,0
11001,3.312,57.80,192.00,1,0,0
11004,3.316,57.70,192.00,1,0,0
11006,3.312,57.50,190.00,1,0,0
11009,3.316,57.40,190.00,1,0,0
11011,3.304,57.30,190.00,1,0,0
11013,3.312,57.40,190.00,1,0,0
11016,3.312,57.40,192.00,1,0,0
11029,3.312,57.40,190.00,1,0,0
11031,3.316,57.40,190.00,1,0,0
11034,3.316,57.70,192.00,1,0,0
11036,3.316,57.70,192.00,1,0,0
11038,3.316,57.70,192.00,1,0,0
11041,3.312,57.40,190.00,1,0,0
11043,3.316,57.40,190.00,1,0,0
11046,3.316,57.40,190.00,1,0,0
11048,3.312,57.40,190.00,1,0,0
11055,3.316,57.70,192.00,1,0,0
11058,3.316,57.40,190.00,1,0,0
11060,3.312,66.70,221.00,1,0,0
11063,3.316,57.40,190.00,1,0,0
11065,3.316,57.40,192.00,1,0,0
11068,3.316,57.70,192.00,1,0,0
11070,3.316,57.80,192.00,1,0,0
11073,3.316,57.70,192.00,1,0,0
11075,3.312,57.40,190.00,1,0,0
11077,3.312,57.40,190.00,1,0,0
11080,3.312,57.40,190.00,1,0,0
11082,3.316,57.80,192.00,1,0,0
11095,3.316,57.40,190.00,1,0,0
11098,3.312,57.50,190.00,1,0,0
11100,3.316,57.70,192.00,1,0,0
11102,3.316,57.80,192.00,1,0,0
11105,3.316,57.70,192.00,1,0,0
11107,3.316,57.40,190.00,1,0,0
11110,3.312,59.20,197.00,1,0,0
11112,3.316,57.40,190.00,1,0,0
11115,3.316,57.60,192.00,1,0,0
11117,3.316,57.70,192.00,1,0,0
11120,3.312,57.70,192.00,1,0,0
11122,3.316,57.70,192.00,1,0,0
11125,3.316,57.40,190.00,1,0,0
11127,3.316,57.40,190.00,1,0,0
11140,3.316,57.40,190.00,1,0,0
11142,3.316,57.40,190.00,1,0,0
11145,3.316,57.40,190.00,1,0,0
11147,3.316,57.60,190.00,1,0,0
11150,3.312,57.80,192.00,1,0,0
11152,3.316,57.70,192.00,1,0,0
11155,3.316,57.70,192.00,1,0,0
11157,3.312,57.40,190.00,1,0,0
11160,3.316,57.40,192.00,1,0,0
11162,3.312,57.40,190.00,1,0,0
11165,3.316,57.80,192.00,1,0,0
11167,3.312,57.60,192.00,1,0,0
11170,3.316,57.70,192.00,1,0,0
11172,3.316,57.80,192.00,1,0,0
11185,3.312,57.70,192.00,1,0,0
11187,3.316,57.70,192.00,1,0,0
11190,3.312,57.50,190.00,1,0,0
11192,3.312,57.40,190.00,1,0,0
11195,3.312,57.40,190.00,1,0,0
11197,3.316,57.40,192.00,1,0,0
11199,3.316,57.70,192.00,1,0,0
11202,3.312,57.70,192.00,1,0,0
11204,3.312,57.70,192.00,1,0,0
11207,3.312,57.40,190.00,1,0,0
11209,3.312,57.50,190.00,1,0,0
11212,3.312,57.30,190.00,1,0,0
11214,3.316,57.70,192.00,1,0,0
11217,3.316,57.60,192.00,1,0,0
11229,3.312,57.50,190.00,1,0,0
11232,3.316,57.70,192.00,1,0,0
11234,3.312,57.60,192.00,1,0,0
11237,3.312,57.80,192.00,1,0,0
11239,3.316,57.40,190.00,1,0,0
11242,3.316,57.30,190.00,1,0,0
11244,3.312,57.40,190.00,1,0,0
11247,3.312,57.70,192.00,1,0,0
11249,3.316,57.70,192.00,1,0,0
11252,3.312,57.80,192.00,1,0,0
11254,3.312,57.80,192.00,1,0,0
11257,3.312,57.40,190.00,1,0,0
11259,3.316,57.50,190.00,1,0,0
11262,3.316,57.30,190.00,1,0,0
11274,3.312,57.40,190.00,1,0,0
11277,3.316,57.30,190.00,1,0,0
11279,3.312,57.80,192.00,1,0,0
11282,3.316,57.70,192.00,1,0,0
11284,3.316,57.70,192.00,1,0,0
11287,3.316,57.80,192.00,1,0,0
11289,3.316,57.40,190.00,1,0,0
11292,3.312,57.40,190.00,1,0,0
11294,3.316,57.40,190.00,1,0,0
11297,3.312,57.80,192.00,1,0,0
11299,3.316,57.70,192.00,1,0,0
11302,3.312,57.80,192.00,1,0,0
11304,3.312,57.50,190.00,1,0,0
11306,3.312,57.40,190.00,1,0,0
11319,3.312,57.80,192.00,1,0,0
11322,3.316,57.40,190.00,1,0,0
11324,3.312,57.40,190.00,1,0,0
11327,3.312,57.40,190.00,1,0,0
11329,3.316,57.70,192.00,1,0,0
11331,3.312,57.70,192.00,1,0,0
11334,3.316,57.70,192.00,1,0,0
11336,3.316,57.70,190.00,1,0,0
11339,3.312,57.40,190.00,1,0,0
11341,3.312,57.40,190.00,1,0,0
11344,3.316,57.40,190.00,1,0,0
11346,3.312,57.70,192.00,1,0,0
11349,3.316,57.70,192.00,1,0,0
11351,3.316,57.70,192.00,1,0,0
11364,3.316,57.70,192.00,1,0,0
11366,3.316,57.70,192.00,1,0,0
11369,3.316,57.70,192.00,1,0,0
11371,3.312,57.50,190.00,1,0,0
11374,3.316,57.40,190.00,1,0,0
11376,3.316,57.40,190.00,1,0,0
11379,3.312,57.70,192.00,1,0,0
11381,3.316,57.70,192.00,1,0,0
11384,3.316,57.70,192.00,1,0,0
11386,3.312,57.60,192.00,1,0,0
11389,3.316,57.40,190.00,1,0,0
11391,3.312,57.40,190.00,1,0,0
11394,3.316,57.40,190.00,1,0,0
11396,3.316,57.70,192.00,1,0,0
11409,3.316,57.40,200.00,1,0,0
11411,3.292,57.60,190.00,1,0,0
11414,3.312,57.70,192.00,1,0,0
11416,3.316,57.70,192.00,1,0,0
11419,3.316,57.50,190.00,1,0,0
11421,3.312,57.40,190.00,1,0,0
11424,3.312,57.30,190.00,1,0,0
11426,3.312,57.40,190.00,1,0,0
11429,3.316,57.70,192.00,1,0,0
11431,3.316,57.70,192.00,1,0,0
11434,3.316,57.70,192.00,1,0,0
11436,3.312,57.40,190.00,1,0,0
11438,3.312,57.40,190.00,1,0,0
11441,3.316,57.40,190.00,1,0,0
11454,3.316,57.40,190.00,1,0,0
11456,3.316,57.40,190.00,1,0,0
11459,3.312,57.40,190.00,1,0,0
11461,3.296,57.80,192.00,1,0,0
11463,3.316,57.70,192.00,1,0,0
11466,3.316,57.70,192.00,1,0,0
11468,3.316,57.80,190.00,1,0,0
11471,3.312,57.40,190.00,1,0,0
11473,3.316,57.40,190.00,1,0,0
11476,3.312,57.40,192.00,1,0,0
11478,3.316,57.70,192.00,1,0,0
11481,3.316,57.70,192.00,1,0,0
11483,3.312,57.80,192.00,1,0,0
11486,3.312,57.50,190.00,1,0,0
11498,3.316,57.80,192.00,1,0,0
11501,3.316,57.70,192.00,1,0,0
11503,3.316,57.40,190.00,1,0,0
11506,3.316,57.30,190.00,1,0,0
11508,3.312,57.40,190.00,1,0,0
11511,3.296,58.60,193.00,1,0,0
11513,3.312,57.60,192.00,1,0,0
11516,3.316,57.70,192.00,1,0,0
11518,3.312,57.40,190.00,1,0,0
11521,3.312,57.40,190.00,1,0,0
11523,3.312,57.50,190.00,1,0,0
11526,3.312,57.40,190.00,1,0,0
11528,3.316,57.80,192.00,1,0,0
11531,3.312,57.70,192.00,1,0,0
11543,3.316,57.80,192.00,1,0,0
11546,3.316,57.70,192.00,1,0,0
11548,3.312,57.70,192.00,1,0,0
11551,3.316,57.40,190.00,1,0,0
11553,3.316,57.40,190.00,1,0,0
11556,3.316,57.40,190.00,1,0,0
11558,3.316,57.50,190.00,1,0,0
11561,3.316,57.80,192.00,1,0,0
11563,3.316,57.70,192.00,1,0,0
11566,3.312,57.70,192.00,1,0,0
11568,3.316,57.40,190.00,1,0,0
11570,3.316,57.40,190.00,1,0,0
11573,3.316,57.40,190.00,1,0,0
11575,3.312,57.70,192.00,1,0,0
11588,3.312,57.40,190.00,1,0,0
11591,3.316,57.30,190.00,1,0,0
11593,3.312,57.60,192.00,1,0,0
11595,3.316,57.70,192.00,1,0,0
11598,3.316,57.70,192.00,1,0,0
11600,3.316,57.50,190.00,1,0,0
11603,3.316,57.40,190.00,1,0,0
11605,3.312,57.30,190.00,1,0,0
11608,3.316,57.40,192.00,1,0,0
11610,3.316,58.70,195.00,1,0,0
11613,3.312,57.60,190.00,1,0,0
11615,3.312,57.70,192.00,1,0,0
11618,3.316,57.40,190.00,1,0,0
11620,3.316,57.40,190.00,1,0,0
11633,3.312,57.50,190.00,1,0,0
11635,3.312,57.30,190.00,1,0,0
11638,3.312,57.40,190.00,1,0,0
11640,3.316,57.40,190.00,1,0,0
11643,3.316,57.80,192.00,1,0,0
11645,3.316,57.70,192.00,1,0,0
11648,3.316,57.70,192.00,1,0,0
11650,3.312,57.50,190.00,1,0,0
11653,3.312,57.40,190.00,1,0,0
11655,3.316,57.40,190.00,1,0,0
11658,3.312,57.60,192.00,1,0,0
11660,3.312,71.40,192.00,1,0,0
11663,3.316,57.70,192.00,1,0,0
11665,3.312,57.70,192.00,1,0,0
11678,3.312,57.80,192.00,1,0,0
11680,3.316,57.70,192.00,1,0,0
11683,3.316,57.40,190.00,1,0,0
11685,3.316,57.40,190.00,1,0,0
11688,3.312,57.40,190.00,1,0,0
11690,3.316,57.40,192.00,1,0,0
11693,3.316,57.70,192.00,1,0,0
11695,3.312,57.70,192.00,1,0,0
11698,3.316,57.70,192.00,1,0,0
11700,3.312,57.40,190.00,1,0,0
11702,3.316,57.40,190.00,1,0,0
11705,3.312,57.50,190.00,1,0,0
11707,3.316,57.70,192.00,1,0,0
11710,3.316,82.50,274.00,1,0,0
11723,3.312,57.40,190.00,1,0,0
11725,3.316,57.80,192.00,1,0,0
11727,3.316,57.70,192.00,1,0,0
11730,3.312,57.70,192.00,1,0,0
11732,3.312,57.40,190.00,1,0,0
11735,3.312,57.50,190.00,1,0,0
11737,3.316,57.40,190.00,1,0,0
11740,3.312,57.60,192.00,1,0,0
11742,3.316,57.70,192.00,1,0,0
11745,3.316,57.70,192.00,1,0,0
11747,3.312,57.70,190.00,1,0,0
11750,3.312,57.40,190.00,1,0,0
11752,3.312,57.50,190.00,1,0,0
11755,3.312,57.50,190.00,1,0,0
11767,3.316,57.40,190.00,1,0,0
11770,3.312,57.40,190.00,1,0,0
11772,3.312,57.60,192.00,1,0,0
11775,3.312,57.70,192.00,1,0,0
11777,3.312,57.70,192.00,1,0,0
11780,3.316,57.80,192.00,1,0,0
11782,3.312,57.40,190.00,1,0,0
11785,3.316,57.30,190.00,1,0,0
11787,3.316,57.40,190.00,1,0,0
11790,3.312,57.70,192.00,1,0,0
11792,3.316,57.70,192.00,1,0,0
11795,3.312,57.80,192.00,1,0,0
11797,3.316,57.70,192.00,1,0,0
11800,3.316,57.40,190.00,1,0,0
11812,3.312,57.60,192.00,1,0,0
11815,3.312,57.50,190.00,1,0,0
11817,3.312,57.40,190.00,1,0,0
11820,3.316,57.40,190.00,1,0,0
11822,3.316,57.40,192.00,1,0,0
11824,3.316,57.60,192.00,1,0,0
11827,3.316,57.70,192.00,1,0,0
11829,3.316,57.70,192.00,1,0,0
11832,3.316,57.40,190.00,1,0,0
11834,3.312,57.40,190.00,1,0,0
11837,3.312,57.40,190.00,1,0,0
11839,3.316,57.70,192.00,1,0,0
11842,3.312,57.70,192.00,1,0,0
11844,3.316,57.80,192.00,1,0,0
11857,3.316,57.80,192.00,1,0,0
11859,3.316,57.60,305.00,1,0,0
11862,3.312,57.70,192.00,1,0,0
11864,3.312,57.40,190.00,1,0,0
11867,3.312,57.40,190.00,1,0,0
11869,3.312,57.40,190.00,1,0,0
11872,3.312,57.70,192.00,1,0,0
11874,3.312,57.70,192.00,1,0,0
11877,3.316,57.70,192.00,1,0,0
11879,3.312,57.70,192.00,1,0,0
11882,3.312,57.40,190.00,1,0,0
11884,3.312,57.30,190.00,1,0,0
11887,3.316,57.50,190.00,1,0,0
11889,3.312,57.70,192.00,1,0,0
11902,3.312,57.40,190.00,1,0,0
11904,3.316,57.70,192.00,1,0,0
11907,3.316,57.60,190.00,1,0,0
11909,3.316,57.70,303.00,1,0,0
11912,3.316,57.70,192.00,1,0,0
11914,3.312,57.40,190.00,1,0,0
11917,3.312,57.40,190.00,1,0,0
11919,3.312,57.40,190.00,1,0,0
11922,3.312,57.70,192.00,1,0,0
11924,3.312,57.70,192.00,1,0,0
11926,3.316,57.70,192.00,1,0,0
11929,3.316,57.50,190.00,1,0,0
11931,3.316,57.50,190.00,1,0,0
11934,3.316,57.40,190.00,1,0,0
11947,3.312,57.40,190.00,1,0,0
11949,3.312,57.40,190.00,1,0,0
11951,3.316,57.40,190.00,1,0,0
11954,3.316,57.70,192.00,1,0,0
11956,3.316,57.80,192.00,1,0,0
11959,3.312,57.70,192.00,1,0,0
11961,3.316,57.80,190.00,1,0,0
11964,3.316,57.50,190.00,1,0,0
11966,3.316,57.40,190.00,1,0,0
11969,3.312,57.40,190.00,1,0,0
11971,3.316,57.70,192.00,1,0,0
11974,3.316,57.70,192.00,1,0,0
11976,3.316,57.70,192.00,1,0,0
11979,3.316,57.40,190.00,1,0,0
11991,3.316,57.70,192.00,1,0,0
11994,3.316,57.80,192.00,1,0,0
11996,3.312,57.40,190.00,1,0,0
11999,3.312,57.40,190.00,1,0,0
12001,3.316,57.40,190.00,1,0,0
12004,3.312,57.80,192.00,1,0,0
12006,3.312,57.60,192.00,1,0,0
12009,3.312,57.70,192.00,1,0,0
12011,3.316,58.50,193.00,1,0,0
12014,3.316,57.40,190.00,1,0,0
12016,3.312,57.40,190.00,1,0,0
12019,3.316,57.50,190.00,1,0,0
12021,3.316,57.70,192.00,1,0,0
12023,3.316,57.70,192.00,1,0,0
12036,3.316,57.50,192.00,1,0,0
12039,3.316,57.80,192.00,1,0,0
12041,3.312,57.70,192.00,1,0,0
12044,3.316,57.70,190.00,1,0,0
12046,3.312,57.40,190.00,1,0,0
12048,3.312,57.40,190.00,1,0,0
12051,3.312,57.40,190.00,1,0,0
12053,3.312,57.70,192.00,1,0,0
12056,3.316,57.70,192.00,1,0,0
12058,3.316,57.70,190.00,1,0,0
12061,3.308,57.40,190.00,1,0,0
12063,3.316,57.50,190.00,1,0,0
12066,3.312,57.40,190.00,1,0,0
12068,3.312,57.60,192.00,1,0,0
12081,3.312,57.30,190.00,1,0,0
12083,3.312,57.40,190.00,1,0,0
12086,3.312,57.70,192.00,1,0,0
12088,3.316,57.70,192.00,1,0,0
12091,3.316,57.70,192.00,1,0,0
12093,3.316,57.70,192.00,1,0,0
12096,3.312,57.40,190.00,1,0,0
12098,3.316,57.40,190.00,1,0,0
12101,3.312,57.40,190.00,1,0,0
12103,3.316,57.70,192.00,1,0,0
12106,3.312,57.80,192.00,1,0,0
12108,3.316,57.80,192.00,1,0,0
12111,3.308,85.50,190.00,1,0,0
12113,3.312,57.30,190.00,1,0,0
12126,3.316,57.70,192.00,1,0,0
12128,3.312,57.40,190.00,1,0,0
12131,3.312,57.40,190.00,1,0,0
12133,3.312,57.40,190.00,1,0,0
12136,3.316,57.70,192.00,1,0,0
12138,3.316,57.70,192.00,1,0,0
12141,3.316,57.70,192.00,1,0,0
12143,3.312,57.50,190.00,1,0,0
12146,3.316,57.40,190.00,1,0,0
12148,3.316,57.40,190.00,1,0,0
12151,3.312,57.30,190.00,1,0,0
12153,3.316,57.80,192.00,1,0,0
12155,3.312,57.70,192.00,1,0,0
12158,3.316,57.70,192.00,1,0,0
12171,3.312,57.70,192.00,1,0,0
12173,3.316,57.70,192.00,1,0,0
12176,3.316,57.70,190.00,1,0,0
12178,3.312,57.40,190.00,1,0,0
12180,3.312,57.40,190.00,1,0,0
12183,3.312,57.40,190.00,1,0,0
12185,3.312,57.80,192.00,1,0,0
12188,3.316,57.60,190.00,1,0,0
12190,3.312,57.80,192.00,1,0,0
12193,3.316,57.40,190.00,1,0,0
12195,3.316,57.40,190.00,1,0,0
12198,3.312,57.50,190.00,1,0,0
12200,3.312,57.70,192.00,1,0,0
12203,3.316,57.70,192.00,1,0,0
12215,3.316,57.30,190.00,1,0,0
12218,3.312,57.70,192.00,1,0,0
12220,3.316,57.70,192.00,1,0,0
12223,3.312,57.70,192.00,1,0,0
12225,3.312,57.40,190.00,1,0,0
12228,3.312,57.40,190.00,1,0,0
12230,3.316,57.30,190.00,1,0,0
12233,3.312,57.40,190.00,1,0,0
12235,3.312,57.70,192.00,1,0,0
12238,3.312,57.70,192.00,1,0,0
12240,3.316,57.80,192.00,1,0,0
12243,3.316,57.40,190.00,1,0,0
12245,3.312,57.40,190.00,1,0,0
12248,3.312,57.30,190.00,1,0,0
12260,3.308,79.10,262.00,1,0,0
12263,3.312,57.40,190.00,1,0,0
12265,3.316,57.40,190.00,1,0,0
12268,3.312,57.70,192.00,1,0,0
12270,3.312,57.80,192.00,1,0,0
12273,3.316,57.70,192.00,1,0,0
12275,3.312,57.50,190.00,1,0,0
12277,3.316,57.40,190.00,1,0,0
12280,3.316,57.50,190.00,1,0,0
12282,3.316,57.70,192.00,1,0,0
12285,3.312,57.70,192.00,1,0,0
12287,3.312,57.80,192.00,1,0,0
12290,3.316,57.70,192.00,1,0,0
12292,3.316,57.40,190.00,1,0,0
12305,3.316,57.70,192.00,1,0,0
12307,3.316,57.70,190.00,1,0,0
12310,3.316,68.30,226.00,1,0,0
12312,3.312,57.30,190.00,1,0,0
12315,3.316,57.40,192.00,1,0,0
12317,3.316,57.80,192.00,1,0,0
12320,3.312,57.80,192.00,1,0,0
12322,3.316,57.70,192.00,1,0,0
12325,3.316,57.50,190.00,1,0,0
12327,3.312,57.40,190.00,1,0,0
12330,3.316,57.40,190.00,1,0,0
12332,3.316,57.70,192.00,1,0,0
12335,3.312,57.80,192.00,1,0,0
12337,3.312,57.60,192.00,1,0,0
12350,3.316,57.70,192.00,1,0,0
12352,3.316,57.80,192.00,1,0,0
12355,3.316,57.70,192.00,1,0,0
12357,3.316,57.50,190.00,1,0,0
12360,3.316,57.40,198.00,1,0,0
12362,3.312,57.30,190.00,1,0,0
12365,3.316,57.50,190.00,1,0,0
12367,3.316,57.60,192.00,1,0,0
12370,3.316,57.60,192.00,1,0,0
12372,3.316,57.70,192.00,1,0,0
12374,3.316,57.40,190.00,1,0,0
12377,3.312,57.30,190.00,1,0,0
12379,3.316,57.50,190.00,1,0,0
12382,3.316,57.70,192.00,1,0,0
12395,3.316,57.30,190.00,1,0,0
12397,3.316,57.40,192.00,1,0,0
12400,3.316,57.70,192.00,1,0,0
12402,3.316,57.70,192.00,1,0,0
12404,3.316,57.70,192.00,1,0,0
12407,3.316,57.40,190.00,1,0,0
12409,3.316,57.40,188.00,1,0,0
12412,3.312,57.40,190.00,1,0,0
12414,3.312,57.70,192.00,1,0,0
12417,3.316,57.80,192.00,1,0,0
12419,3.316,57.70,192.00,1,0,0
12422,3.316,57.70,192.00,1,0,0
12424,3.316,57.40,190.00,1,0,0
12427,3.316,57.40,190.00,1,0,0
12439,3.312,57.40,190.00,1,0,0
12442,3.316,57.40,190.00,1,0,0
12444,3.316,57.40,190.00,1,0,0
12447,3.316,57.40,190.00,1,0,0
12449,3.316,57.80,192.00,1,0,0
12452,3.316,57.70,192.00,1,0,0
12454,3.312,57.70,192.00,1,0,0
12457,3.316,57.40,190.00,1,0,0
12459,3.312,57.40,188.00,1,0,0
12462,3.316,57.40,190.00,1,0,0
12464,3.312,57.60,192.00,1,0,0
12467,3.316,57.80,192.00,1,0,0
12469,3.312,57.70,192.00,1,0,0
12472,3.316,57.70,190.00,1,0,0
12484,3.316,57.80,192.00,1,0,0
12487,3.316,57.70,192.00,1,0,0
12489,3.316,57.50,190.00,1,0,0
12492,3.312,57.40,190.00,1,0,0
12494,3.312,57.40,190.00,1,0,0
12497,3.316,57.70,192.00,1,0,0
12499,3.316,57.70,192.00,1,0,0
12501,3.316,57.70,192.00,1,0,0
12504,3.312,57.70,192.00,1,0,0
12506,3.312,57.40,190.00,1,0,0
12509,3.316,57.40,188.00,1,0,0
12511,3.292,57.40,190.00,1,0,0
12514,3.316,57.80,192.00,1,0,0
12516,3.316,57.70,192.00,1,0,0
12529,3.312,57.40,192.00,1,0,0
12531,3.316,57.70,192.00,1,0,0
12534,3.312,57.70,192.00,1,0,0
12536,3.312,57.80,192.00,1,0,0
12539,3.312,57.40,190.00,1,0,0
12541,3.312,57.40,190.00,1,0,0
12544,3.316,57.40,190.00,1,0,0
12546,3.316,57.70,192.00,1,0,0
12549,3.316,57.80,192.00,1,0,0
12551,3.316,57.80,192.00,1,0,0
12554,3.316,57.50,190.00,1,0,0
12556,3.312,57.40,190.00,1,0,0
12559,3.316,57.40,190.00,1,0,0
12561,3.292,57.40,190.00,1,0,0
12574,3.316,57.40,190.00,1,0,0
12576,3.316,57.40,190.00,1,0,0
12579,3.312,57.60,192.00,1,0,0
12581,3.316,57.80,192.00,1,0,0
12584,3.316,57.70,192.00,1,0,0
12586,3.312,57.80,192.00,1,0,0
12589,3.316,57.40,190.00,1,0,0
12591,3.312,57.40,190.00,1,0,0
12594,3.312,57.40,190.00,1,0,0
12596,3.316,57.70,192.00,1,0,0
12598,3.316,57.70,192.00,1,0,0
12601,3.316,57.80,192.00,1,0,0
12603,3.312,57.70,190.00,1,0,0
12606,3.312,57.40,190.00,1,0,0
12619,3.312,57.70,192.00,1,0,0
12621,3.312,57.40,190.00,1,0,0
12623,3.312,57.40,190.00,1,0,0
12626,3.312,57.40,190.00,1,0,0
12628,3.316,57.70,192.00,1,0,0
12631,3.312,57.70,192.00,1,0,0
12633,3.316,57.70,192.00,1,0,0
12636,3.312,57.70,192.00,1,0,0
12638,3.316,57.40,190.00,1,0,0
12641,3.316,57.40,190.00,1,0,0
12643,3.316,57.40,190.00,1,0,0
12646,3.312,57.70,192.00,1,0,0
12648,3.316,57.70,192.00,1,0,0
12651,3.316,57.70,192.00,1,0,0
12663,3.312,57.70,192.00,1,0,0
12666,3.316,57.70,192.00,1,0,0
12668,3.312,57.70,192.00,1,0,0
12671,3.316,57.40,190.00,1,0,0
12673,3.312,57.40,190.00,1,0,0
12676,3.316,57.40,190.00,1,0,0
12678,3.312,57.70,192.00,1,0,0
12681,3.316,57.80,192.00,1,0,0
12683,3.316,57.70,192.00,1,0,0
12686,3.316,57.80,190.00,1,0,0
12688,3.316,57.40,190.00,1,0,0
12691,3.312,57.40,190.00,1,0,0
12693,3.316,57.40,192.00,1,0,0
12695,3.316,57.70,192.00,1,0,0
12708,3.316,57.40,190.00,1,0,0
12711,3.296,58.50,193.00,1,0,0
12713,3.312,57.70,192.00,1,0,0
12716,3.316,57.80,192.00,1,0,0
12718,3.312,57.70,192.00,1,0,0
12721,3.316,57.40,190.00,1,0,0
12723,3.316,57.40,190.00,1,0,0
12725,3.316,57.30,190.00,1,0,0
12728,3.316,57.70,192.00,1,0,0
12730,3.316,57.70,192.00,1,0,0
12733,3.312,57.80,192.00,1,0,0
12735,3.316,57.60,192.00,1,0,0
12738,3.316,57.40,190.00,1,0,0
12740,3.316,57.40,190.00,1,0,0
12753,3.316,57.40,190.00,1,0,0
12755,3.312,57.40,190.00,1,0,0
12758,3.316,57.40,190.00,1,0,0
12760,3.316,57.80,192.00,1,0,0
12763,3.316,57.70,192.00,1,0,0
12765,3.316,57.80,192.00,1,0,0
12768,3.312,57.50,190.00,1,0,0
12770,3.316,57.40,190.00,1,0,0
12773,3.312,57.40,190.00,1,0,0
12775,3.312,57.50,190.00,1,0,0
12778,3.312,57.70,192.00,1,0,0
12780,3.312,57.70,192.00,1,0,0
12783,3.316,57.80,192.00,1,0,0
12785,3.316,57.40,190.00,1,0,0
12798,3.316,57.70,192.00,1,0,0
12800,3.312,57.70,192.00,1,0,0
12803,3.312,57.50,190.00,1,0,0
12805,3.316,57.40,190.00,1,0,0
12808,3.316,57.40,190.00,1,0,0
12810,3.316,64.20,193.00,1,0,0
12813,3.312,57.70,192.00,1,0,0
12815,3.316,57.80,192.00,1,0,0
12818,3.316,57.70,190.00,1,0,0
12820,3.312,57.50,190.00,1,0,0
12822,3.316,57.40,190.00,1,0,0
12825,3.312,57.40,192.00,1,0,0
12827,3.312,57.70,192.00,1,0,0
12830,3.316,57.80,192.00,1,0,0
12843,3.316,57.70,192.00,1,0,0
12845,3.316,57.70,192.00,1,0,0
12847,3.316,57.70,192.00,1,0,0
12850,3.316,57.60,190.00,1,0,0
12852,3.316,57.40,190.00,1,0,0
12855,3.316,57.50,190.00,1,0,0
12857,3.316,57.40,190.00,1,0,0
12860,3.316,63.30,208.00,1,0,0
12862,3.316,57.70,192.00,1,0,0
12865,3.316,57.70,192.00,1,0,0
12867,3.316,57.40,190.00,1,0,0
12870,3.316,57.50,190.00,1,0,0
12872,3.312,57.40,190.00,1,0,0
12875,3.316,57.60,192.00,1,0,0
12887,3.312,57.40,190.00,1,0,0
12890,3.312,57.40,190.00,1,0,0
12892,3.316,57.70,192.00,1,0,0
12895,3.316,57.70,192.00,1,0,0
12897,3.316,57.70,192.00,1,0,0
12900,3.316,57.40,190.00,1,0,0
12902,3.312,57.40,190.00,1,0,0
12905,3.316,57.40,190.00,1,0,0
12907,3.312,57.60,192.00,1,0,0
12910,3.316,68.90,228.00,1,0,0
12912,3.316,57.60,192.00,1,0,0
12915,3.316,57.70,192.00,1,0,0
12917,3.312,57.40,190.00,1,0,0
12919,3.316,57.40,190.00,1,0,0
12932,3.316,57.70,192.00,1,0,0
12935,3.316,57.40,190.00,1,0,0
12937,3.316,57.40,190.00,1,0,0
12940,3.316,57.40,190.00,1,0,0
12942,3.316,57.70,192.00,1,0,0
12945,3.316,57.70,192.00,1,0,0
12947,3.316,57.70,192.00,1,0,0
12950,3.316,57.50,190.00,1,0,0
12952,3.312,57.40,190.00,1,0,0
12954,3.312,57.40,190.00,1,0,0
12957,3.316,57.50,192.00,1,0,0
12959,3.312,79.90,265.00,1,0,0
12962,3.316,57.70,192.00,1,0,0
12964,3.316,57.70,192.00,1,0,0
12977,3.316,57.70,192.00,1,0,0
12979,3.316,57.70,192.00,1,0,0
12982,3.316,57.40,190.00,1,0,0
12984,3.316,57.40,190.00,1,0,0
12987,3.316,57.40,190.00,1,0,0
12989,3.312,57.50,190.00,1,0,0
12992,3.316,57.70,192.00,1,0,0
12994,3.316,57.70,192.00,1,0,0
12997,3.316,57.70,192.00,1,0,0
12999,3.316,57.40,190.00,1,0,0
13002,3.316,57.40,190.00,1,0,0
13004,3.316,57.40,190.00,1,0,0
13007,3.316,57.50,190.00,1,0,0
13009,3.316,57.50,295.00,1,0,0
13022,3.316,57.50,190.00,1,0,0
13024,3.316,57.70,192.00,1,0,0
13027,3.312,57.70,192.00,1,0,0
13029,3.312,57.70,192.00,1,0,0
13032,3.316,57.40,190.00,1,0,0
13034,3.312,57.40,190.00,1,0,0
13037,3.316,57.50,190.00,1,0,0
13039,3.312,57.40,192.00,1,0,0
13042,3.316,57.70,192.00,1,0,0
13044,3.316,57.70,192.00,1,0,0
13047,3.312,57.70,192.00,1,0,0
13049,3.316,57.40,190.00,1,0,0
13051,3.312,57.40,190.00,1,0,0
13058,3.316,57.70,192.00,1,0,0
13061,3.316,57.70,192.00,1,0,0
13063,3.316,57.70,192.00,1,0,0
13066,3.316,57.50,190.00,1,0,0
13068,3.312,57.50,190.00,1,0,0
13071,3.312,57.40,190.00,1,0,0
13073,3.316,57.70,192.00,1,0,0
13086,3.316,57.40,190.00,1,0,0
13088,3.316,57.60,192.00,1,0,0
13091,3.312,57.70,192.00,1,0,0
13093,3.312,57.70,192.00,1,0,0
13096,3.316,57.70,192.00,1,0,0
13098,3.316,57.40,190.00,1,0,0
13101,3.316,57.40,190.00,1,0,0
13103,3.312,57.40,190.00,1,0,0
13105,3.312,57.70,192.00,1,0,0
13108,3.316,57.70,192.00,1,0,0
13110,3.316,92.10,195.00,1,0,0
13113,3.312,57.70,192.00,1,0,0
13115,3.312,57.40,190.00,1,0,0
13118,3.316,57.50,190.00,1,0,0
13130,3.316,57.40,190.00,1,0,0
13133,3.312,57.40,190.00,1,0,0
13135,3.312,57.50,190.00,1,0,0
13138,3.312,57.40,192.00,1,0,0
13140,3.316,57.70,192.00,1,0,0
13143,3.312,57.70,192.00,1,0,0
13145,3.316,57.70,192.00,1,0,0
13148,3.316,57.40,190.00,1,0,0
13150,3.312,57.40,190.00,1,0,0
13153,3.316,57.50,190.00,1,0,0
13155,3.312,57.70,192.00,1,0,0
13158,3.316,57.80,192.00,1,0,0
13160,3.312,92.00,305.00,1,0,0
13163,3.316,57.70,190.00,1,0,0
13175,3.312,57.70,192.00,1,0,0
13178,3.312,57.70,192.00,1,0,0
13180,3.316,57.40,190.00,1,0,0
13183,3.316,57.50,190.00,1,0,0
13185,3.312,57.40,190.00,1,0,0
13188,3.316,57.70,192.00,1,0,0
13190,3.316,57.70,192.00,1,0,0
13193,3.312,57.70,192.00,1,0,0
13195,3.316,57.70,192.00,1,0,0
13198,3.312,57.40,190.00,1,0,0
13200,3.316,57.40,190.00,1,0,0
13202,3.312,57.40,190.00,1,0,0
13205,3.316,57.70,192.00,1,0,0
13207,3.312,57.80,192.00,1,0,0
13220,3.312,57.40,192.00,1,0,0
13223,3.316,57.70,192.00,1,0,0
13225,3.316,57.70,192.00,1,0,0
13227,3.312,57.70,192.00,1,0,0
13230,3.312,57.50,190.00,1,0,0
13232,3.312,57.50,190.00,1,0,0
13235,3.316,57.40,190.00,1,0,0
13237,3.312,57.70,192.00,1,0,0
13240,3.316,57.70,192.00,1,0,0
13242,3.316,57.70,192.00,1,0,0
13245,3.316,57.50,190.00,1,0,0
13247,3.312,57.40,190.00,1,0,0
13250,3.312,57.40,190.00,1,0,0
13252,3.316,57.50,190.00,1,0,0
13265,3.316,57.30,190.00,1,0,0
13267,3.316,57.50,190.00,1,0,0
13270,3.312,57.60,192.00,1,0,0
13272,3.312,57.70,192.00,1,0,0
13275,3.316,57.70,192.00,1,0,0
13277,3.316,57.70,192.00,1,0,0
13280,3.316,57.30,190.00,1,0,0
13282,3.312,57.50,190.00,1,0,0
13285,3.312,57.60,190.00,1,0,0
13287,3.316,57.80,192.00,1,0,0
13290,3.316,57.70,192.00,1,0,0
13292,3.316,57.70,192.00,1,0,0
13295,3.316,57.80,190.00,1,0,0
13297,3.312,57.40,190.00,1,0,0
13310,3.316,87.30,288.00,1,0,0
13312,3.316,57.40,190.00,1,0,0
13315,3.316,57.40,190.00,1,0,0
13317,3.316,57.50,190.00,1,0,0
13320,3.316,57.70,192.00,1,0,0
13322,3.316,57.70,192.00,1,0,0
13324,3.316,57.70,192.00,1,0,0
13327,3.316,57.60,190.00,1,0,0
13329,3.312,57.40,190.00,1,0,0
13332,3.312,57.40,190.00,1,0,0
13334,3.316,57.40,190.00,1,0,0
13337,3.312,57.70,192.00,1,0,0
13339,3.312,57.80,192.00,1,0,0
13342,3.312,57.70,192.00,1,0,0
13354,3.316,57.70,192.00,1,0,0
13357,3.316,57.60,192.00,1,0,0
13359,3.316,57.70,285.00,1,0,0
13362,3.316,57.40,190.00,1,0,0
13364,3.316,57.40,190.00,1,0,0
13367,3.316,57.40,190.00,1,0,0
13369,3.316,57.70,192.00,1,0,0
13372,3.316,57.70,192.00,1,0,0
13374,3.316,57.70,192.00,1,0,0
13377,3.316,57.40,190.00,1,0,0
13379,3.316,57.40,190.00,1,0,0
13382,3.312,57.40,190.00,1,0,0
13384,3.312,57.50,190.00,1,0,0
13387,3.316,57.70,192.00,1,0,0
13399,3.316,57.40,190.00,1,0,0
13402,3.312,57.70,192.00,1,0,0
13404,3.312,57.80,192.00,1,0,0
13407,3.316,57.70,192.00,1,0,0
13409,3.316,57.70,190.00,1,0,0
13412,3.312,57.40,190.00,1,0,0
13414,3.312,57.40,190.00,1,0,0
13417,3.316,57.40,190.00,1,0,0
13419,3.312,57.80,192.00,1,0,0
13422,3.316,57.70,192.00,1,0,0
13424,3.312,57.80,192.00,1,0,0
13426,3.316,57.40,190.00,1,0,0
13429,3.316,57.40,190.00,1,0,0
13431,3.312,57.40,190.00,1,0,0
13444,3.316,57.50,190.00,1,0,0
13447,3.316,57.40,190.00,1,0,0
13449,3.312,57.40,190.00,1,0,0
13451,3.312,57.70,192.00,1,0,0
13454,3.316,57.70,192.00,1,0,0
13456,3.312,57.70,192.00,1,0,0
13459,3.316,57.40,190.00,1,0,0
13461,3.316,57.40,190.00,1,0,0
13464,3.316,57.40,190.00,1,0,0
13466,3.316,57.40,190.00,1,0,0
13469,3.316,57.70,192.00,1,0,0
13471,3.316,57.70,192.00,1,0,0
13474,3.316,57.70,192.00,1,0,0
13476,3.316,57.40,190.00,1,0,0
13489,3.312,57.80,192.00,1,0,0
13491,3.312,57.80,190.00,1,0,0
13494,3.312,57.40,190.00,1,0,0
13496,3.316,57.40,190.00,1,0,0
13499,3.312,57.40,190.00,1,0,0
13501,3.312,57.80,192.00,1,0,0
13504,3.316,57.80,192.00,1,0,0
13506,3.316,57.70,192.00,1,0,0
13509,3.312,57.60,190.00,1,0,0
13511,3.312,57.40,190.00,1,0,0
13514,3.312,57.40,190.00,1,0,0
13516,3.316,57.40,192.00,1,0,0
13519,3.316,57.70,192.00,1,0,0
13521,3.316,57.80,192.00,1,0,0
13534,3.316,57.80,192.00,1,0,0
13536,3.312,57.70,192.00,1,0,0
13539,3.312,57.70,192.00,1,0,0
13541,3.316,57.50,190.00,1,0,0
13544,3.316,57.40,190.00,1,0,0
13546,3.316,57.40,190.00,1,0,0
13548,3.312,57.50,190.00,1,0,0
13551,3.312,57.70,192.00,1,0,0
13553,3.312,57.70,192.00,1,0,0
13556,3.316,57.70,192.00,1,0,0
13558,3.312,57.40,190.00,1,0,0
13561,3.304,72.40,190.00,1,0,0
13563,3.312,57.40,190.00,1,0,0
13566,3.312,57.60,192.00,1,0,0
13578,3.312,57.40,190.00,1,0,0
13581,3.316,57.40,190.00,1,0,0
13583,3.312,57.80,192.00,1,0,0
13586,3.312,57.70,192.00,1,0,0
13588,3.316,57.70,192.00,1,0,0
13591,3.316,57.40,190.00,1,0,0
13593,3.316,57.40,190.00,1,0,0
13596,3.316,57.40,190.00,1,0,0
13598,3.316,57.60,192.00,1,0,0
13601,3.316,57.70,192.00,1,0,0
13603,3.316,58.40,192.00,1,0,0
13606,3.316,57.70,192.00,1,0,0
13608,3.312,57.40,190.00,1,0,0
13611,3.296,61.60,190.00,1,0,0
13623,3.312,57.70,192.00,1,0,0
13626,3.312,57.50,190.00,1,0,0
13628,3.312,57.40,190.00,1,0,0
13631,3.312,57.40,190.00,1,0,0
13633,3.316,57.70,192.00,1,0,0
13636,3.316,57.70,192.00,1,0,0
13638,3.316,57.70,192.00,1,0,0
13641,3.316,57.50,190.00,1,0,0
13643,3.316,57.40,190.00,1,0,0
13645,3.316,57.40,190.00,1,0,0
13648,3.316,57.50,192.00,1,0,0
13650,3.316,57.80,192.00,1,0,0
13653,3.316,57.70,192.00,1,0,0
13655,3.316,57.70,192.00,1,0,0
13668,3.316,57.80,192.00,1,0,0
13670,3.312,57.70,192.00,1,0,0
13673,3.316,57.40,190.00,1,0,0
13675,3.312,57.40,190.00,1,0,0
13678,3.316,57.40,190.00,1,0,0
13680,3.312,57.50,190.00,1,0,0
13683,3.312,57.70,192.00,1,0,0
13685,3.312,57.80,192.00,1,0,0
13688,3.312,57.80,192.00,1,0,0
13690,3.312,57.40,190.00,1,0,0
13693,3.312,57.40,190.00,1,0,0
13695,3.316,57.40,190.00,1,0,0
13698,3.312,57.70,192.00,1,0,0
13700,3.312,57.80,192.00,1,0,0
13713,3.316,57.40,190.00,1,0,0
13715,3.316,57.70,192.00,1,0,0
13718,3.312,57.80,192.00,1,0,0
13720,3.312,57.70,192.00,1,0,0
13723,3.312,57.40,190.00,1,0,0
13725,3.316,57.40,190.00,1,0,0
13728,3.312,57.40,190.00,1,0,0
13730,3.312,57.70,192.00,1,0,0
13733,3.316,57.80,192.00,1,0,0
13735,3.316,57.70,192.00,1,0,0
13738,3.316,57.70,192.00,1,0,0
13740,3.312,57.50,190.00,1,0,0
13743,3.312,57.50,190.00,1,0,0
13745,3.312,57.30,190.00,1,0,0
13758,3.312,57.40,190.00,1,0,0
13760,3.312,57.40,190.00,1,0,0
13763,3.312,57.40,190.00,1,0,0
13765,3.312,57.70,192.00,1,0,0
13768,3.316,57.70,192.00,1,0,0
13770,3.316,57.70,192.00,1,0,0
13773,3.316,57.50,190.00,1,0,0
13775,3.312,57.50,190.00,1,0,0
13777,3.316,57.40,190.00,1,0,0
13780,3.316,57.70,192.00,1,0,0
13782,3.312,57.80,192.00,1,0,0
13785,3.312,57.70,192.00,1,0,0
13787,3.316,57.80,190.00,1,0,0
13790,3.316,57.40,190.00,1,0,0
13802,3.316,57.60,192.00,1,0,0
13805,3.312,57.40,190.00,1,0,0
13807,3.316,57.40,190.00,1,0,0
13810,3.312,57.50,190.00,1,0,0
13812,3.312,57.60,190.00,1,0,0
13815,3.316,57.70,192.00,1,0,0
13817,3.316,57.80,192.00,1,0,0
13820,3.316,57.70,192.00,1,0,0
13822,3.316,57.40,190.00,1,0,0
13825,3.316,57.40,190.00,1,0,0
13827,3.312,57.40,190.00,1,0,0
13830,3.312,57.80,192.00,1,0,0
13832,3.316,57.80,192.00,1,0,0
13835,3.316,57.70,192.00,1,0,0
13847,3.316,57.80,192.00,1,0,0
13850,3.316,57.70,192.00,1,0,0
13852,3.316,57.80,192.00,1,0,0
13855,3.316,57.40,190.00,1,0,0
13857,3.316,57.40,190.00,1,0,0
13860,3.312,57.70,190.00,1,0,0
13862,3.312,57.50,192.00,1,0,0
13865,3.316,57.70,192.00,1,0,0
13867,3.316,57.70,192.00,1,0,0
13870,3.316,57.70,192.00,1,0,0
13872,3.316,57.40,190.00,1,0,0
13874,3.312,57.40,190.00,1,0,0
13877,3.312,57.40,190.00,1,0,0
13879,3.316,57.70,192.00,1,0,0
13892,3.316,57.40,190.00,1,0,0
13895,3.312,57.60,192.00,1,0,0
13897,3.316,57.70,192.00,1,0,0
13900,3.316,57.60,192.00,1,0,0
13902,3.312,57.70,192.00,1,0,0
13904,3.312,57.40,190.00,1,0,0
13907,3.312,57.40,190.00,1,0,0
13909,3.316,59.50,197.00,1,0,0
13912,3.312,57.70,192.00,1,0,0
13914,3.312,57.80,192.00,1,0,0
13917,3.316,57.70,192.00,1,0,0
13919,3.312,57.70,192.00,1,0,0
13922,3.316,57.40,190.00,1,0,0
13924,3.312,57.40,190.00,1,0,0
13937,3.316,57.40,190.00,1,0,0
13939,3.312,57.40,190.00,1,0,0
13942,3.316,57.40,190.00,1,0,0
13944,3.316,57.80,192.00,1,0,0
13947,3.312,57.80,192.00,1,0,0
13949,3.316,57.70,192.00,1,0,0
13952,3.316,57.80,192.00,1,0,0
13954,3.312,57.50,190.00,1,0,0
13957,3.316,57.40,190.00,1,0,0
13959,3.316,61.80,203.00,1,0,0
13962,3.312,57.70,192.00,1,0,0
13964,3.316,57.70,192.00,1,0,0
13967,3.316,57.70,192.00,1,0,0
13969,3.312,57.50,190.00,1,0,0
13982,3.316,57.70,192.00,1,0,0
13984,3.312,57.70,192.00,1,0,0
13987,3.316,57.40,190.00,1,0,0
13989,3.312,57.40,190.00,1,0,0
13992,3.312,57.40,190.00,1,0,0
13994,3.316,57.70,192.00,1,0,0
13997,3.316,57.70,192.00,1,0,0
13999,3.316,57.70,192.00,1,0,0
14002,3.316,57.80,190.00,1,0,0
14004,3.316,57.40,190.00,1,0,0
14006,3.312,57.30,190.00,1,0,0
14009,3.312,57.40,210.00,1,0,0
14011,3.296,57.70,192.00,1,0,0
14014,3.316,57.80,192.00,1,0,0
14027,3.316,57.60,192.00,1,0,0
14029,3.312,57.80,192.00,1,0,0
14032,3.316,57.70,192.00,1,0,0
14034,3.316,57.70,192.00,1,0,0
14036,3.312,57.40,190.00,1,0,0
14039,3.312,57.40,190.00,1,0,0
14041,3.316,57.40,190.00,1,0,0
14044,3.312,57.80,192.00,1,0,0
14046,3.316,57.70,192.00,1,0,0
14049,3.316,57.70,192.00,1,0,0
14051,3.316,57.50,190.00,1,0,0
14054,3.312,57.40,190.00,1,0,0
14056,3.312,57.40,190.00,1,0,0
14059,3.316,57.40,190.00,1,0,0
14071,3.316,57.40,190.00,1,0,0
14074,3.312,57.50,190.00,1,0,0
14076,3.316,57.70,192.00,1,0,0
14079,3.316,57.70,192.00,1,0,0
14081,3.312,57.70,192.00,1,0,0
14084,3.312,57.50,190.00,1,0,0
14086,3.312,57.40,190.00,1,0,0
14089,3.312,57.40,190.00,1,0,0
14091,3.312,57.40,190.00,1,0,0
14094,3.312,57.70,192.00,1,0,0
14096,3.312,57.70,192.00,1,0,0
14099,3.312,57.80,192.00,1,0,0
14101,3.312,57.40,190.00,1,0,0
14104,3.316,57.40,190.00,1,0,0
14116,3.312,57.70,192.00,1,0,0
14119,3.312,57.40,190.00,1,0,0
14121,3.316,57.40,190.00,1,0,0
14124,3.312,57.40,190.00,1,0,0
14126,3.312,57.60,192.00,1,0,0
14129,3.312,57.80,192.00,1,0,0
14131,3.316,57.70,192.00,1,0,0
14133,3.312,57.70,190.00,1,0,0
14136,3.312,57.50,190.00,1,0,0
14138,3.316,57.40,190.00,1,0,0
14141,3.312,57.40,192.00,1,0,0
14143,3.316,57.70,192.00,1,0,0
14146,3.312,57.70,192.00,1,0,0
14148,3.312,57.70,192.00,1,0,0
14161,3.300,57.80,192.00,1,0,0
14163,3.312,57.70,192.00,1,0,0
14166,3.316,57.70,192.00,1,0,0
14168,3.312,57.40,190.00,1,0,0
14171,3.316,57.40,190.00,1,0,0
14173,3.312,57.50,190.00,1,0,0
14176,3.312,57.70,192.00,1,0,0
14178,3.312,57.70,192.00,1,0,0
14181,3.316,57.70,192.00,1,0,0
14183,3.312,57.50,190.00,1,0,0
14186,3.316,57.40,190.00,1,0,0
14188,3.316,57.40,190.00,1,0,0
14191,3.316,57.40,190.00,1,0,0
14193,3.316,57.70,192.00,1,0,0
14206,3.312,57.40,190.00,1,0,0
14208,3.316,57.70,192.00,1,0,0
14211,3.312,58.60,195.00,1,0,0
14213,3.312,57.70,192.00,1,0,0
14216,3.316,57.70,190.00,1,0,0
14218,3.316,57.40,190.00,1,0,0
14221,3.312,57.50,190.00,1,0,0
14223,3.316,57.40,190.00,1,0,0
14226,3.316,57.70,192.00,1,0,0
14228,3.316,57.70,192.00,1,0,0
14230,3.316,57.80,192.00,1,0,0
14233,3.316,57.40,190.00,1,0,0
14235,3.312,57.50,190.00,1,0,0
14238,3.316,57.50,190.00,1,0,0
14251,3.312,57.50,190.00,1,0,0
14253,3.316,57.50,190.00,1,0,0
14255,3.312,57.40,190.00,1,0,0
14258,3.316,57.70,192.00,1,0,0
14260,3.316,57.80,192.00,1,0,0
14263,3.312,57.70,192.00,1,0,0
14265,3.312,57.50,190.00,1,0,0
14268,3.312,57.40,190.00,1,0,0
14270,3.312,57.40,190.00,1,0,0
14273,3.316,57.50,190.00,1,0,0
14275,3.312,57.70,192.00,1,0,0
14278,3.316,57.70,192.00,1,0,0
14280,3.316,57.70,192.00,1,0,0
14283,3.316,57.50,190.00,1,0,0
14295,3.316,57.70,192.00,1,0,0
14298,3.312,57.50,190.00,1,0,0
14300,3.312,57.40,190.00,1,0,0
14303,3.316,57.40,190.00,1,0,0
14305,3.316,57.40,190.00,1,0,0
14308,3.316,57.70,192.00,1,0,0
14310,3.316,90.70,195.00,1,0,0
14313,3.316,57.70,192.00,1,0,0
14315,3.316,57.40,190.00,1,0,0
14318,3.316,57.40,190.00,1,0,0
14320,3.316,57.40,190.00,1,0,0
14323,3.316,57.60,192.00,1,0,0
14325,3.316,57.80,192.00,1,0,0
14327,3.316,57.80,192.00,1,0,0
14340,3.316,57.80,192.00,1,0,0
14343,3.316,57.70,192.00,1,0,0
14345,3.316,57.80,192.00,1,0,0
14348,3.316,57.60,190.00,1,0,0
14350,3.316,57.40,190.00,1,0,0
14352,3.316,57.40,190.00,1,0,0
14355,3.316,57.50,192.00,1,0,0
14357,3.316,57.80,192.00,1,0,0
14360,3.316,91.80,305.00,1,0,0
14362,3.316,57.60,192.00,1,0,0
14365,3.316,57.50,190.00,1,0,0
14367,3.312,57.40,190.00,1,0,0
14370,3.316,57.40,190.00,1,0,0
14372,3.316,57.80,192.00,1,0,0
14385,3.316,57.50,190.00,1,0,0
14387,3.316,57.50,190.00,1,0,0
14390,3.316,57.80,192.00,1,0,0
14392,3.312,57.80,192.00,1,0,0
14395,3.312,57.70,192.00,1,0,0
14397,3.312,57.40,190.00,1,0,0
14400,3.312,57.40,190.00,1,0,0
14402,3.316,57.40,190.00,1,0,0
14405,3.312,57.60,192.00,1,0,0
14407,3.316,57.70,192.00,1,0,0
14410,3.316,91.40,303.00,1,0,0
14412,3.316,57.70,192.00,1,0,0
14415,3.312,57.40,190.00,1,0,0
14417,3.312,57.50,190.00,1,0,0
14430,3.312,57.40,190.00,1,0,0
14432,3.312,57.40,190.00,1,0,0
14435,3.312,57.50,190.00,1,0,0
14437,3.312,57.60,192.00,1,0,0
14440,3.316,57.70,192.00,1,0,0
14442,3.312,57.60,192.00,1,0,0
14445,3.316,57.70,192.00,1,0,0
14447,3.312,57.40,190.00,1,0,0
14450,3.316,57.50,190.00,1,0,0
14452,3.316,57.40,190.00,1,0,0
14455,3.312,57.80,192.00,1,0,0
14457,3.316,57.70,192.00,1,0,0
14459,3.312,92.20,306.00,1,0,0
14462,3.316,57.70,192.00,1,0,0
14475,3.312,57.70,192.00,1,0,0
14477,3.312,57.70,192.00,1,0,0
14480,3.316,57.50,190.00,1,0,0
14482,3.316,57.50,190.00,1,0,0
14484,3.312,57.50,190.00,1,0,0
14487,3.312,57.50,192.00,1,0,0
14489,3.312,57.70,192.00,1,0,0
14492,3.312,57.70,192.00,1,0,0
14494,3.312,57.70,190.00,1,0,0
14497,3.312,57.40,190.00,1,0,0
14499,3.312,57.40,190.00,1,0,0
14502,3.316,57.50,190.00,1,0,0
14504,3.312,57.80,192.00,1,0,0
14507,3.316,57.70,192.00,1,0,0
14519,3.312,57.40,190.00,1,0,0
14522,3.312,57.80,192.00,1,0,0
14524,3.312,57.70,192.00,1,0,0
14527,3.312,57.70,192.00,1,0,0
14529,3.312,57.40,190.00,1,0,0
14532,3.312,57.40,190.00,1,0,0
14534,3.312,57.40,190.00,1,0,0
14537,3.312,57.70,192.00,1,0,0
14539,3.312,57.70,192.00,1,0,0
14542,3.316,57.80,192.00,1,0,0
14544,3.312,57.70,192.00,1,0,0
14547,3.312,57.40,190.00,1,0,0
14549,3.316,57.40,190.00,1,0,0
14552,3.312,57.40,190.00,1,0,0
14564,3.316,57.40,190.00,1,0,0
14567,3.312,57.50,190.00,1,0,0
14569,3.316,57.50,192.00,1,0,0
14572,3.312,57.70,192.00,1,0,0
14574,3.316,57.70,192.00,1,0,0
14577,3.316,57.70,192.00,1,0,0
14579,3.316,57.40,190.00,1,0,0
14582,3.316,57.50,190.00,1,0,0
14584,3.316,57.50,190.00,1,0,0
14586,3.316,57.80,192.00,1,0,0
14589,3.316,57.70,192.00,1,0,0
14591,3.316,57.70,192.00,1,0,0
14594,3.316,57.50,190.00,1,0,0
14596,3.312,57.40,190.00,1,0,0
14609,3.316,57.70,192.00,1,0,0
14611,3.312,57.60,190.00,1,0,0
14614,3.316,57.50,190.00,1,0,0
14616,3.316,57.40,190.00,1,0,0
14619,3.312,57.70,192.00,1,0,0
14621,3.316,57.70,192.00,1,0,0
14624,3.316,57.70,192.00,1,0,0
14626,3.316,57.80,190.00,1,0,0
14629,3.312,57.40,190.00,1,0,0
14631,3.312,57.40,190.00,1,0,0
14634,3.316,57.50,190.00,1,0,0
14636,3.312,57.80,192.00,1,0,0
14639,3.312,57.80,192.00,1,0,0
14641,3.312,57.70,192.00,1,0,0
14654,3.316,57.80,192.00,1,0,0
14656,3.312,57.80,192.00,1,0,0
14659,3.316,57.70,192.00,1,0,0
14661,3.316,57.40,190.00,1,0,0
14664,3.316,57.50,190.00,1,0,0
14666,3.312,57.40,190.00,1,0,0
14669,3.316,57.70,192.00,1,0,0
14671,3.312,57.70,192.00,1,0,0
14674,3.312,57.80,192.00,1,0,0
14676,3.316,57.70,192.00,1,0,0
14679,3.312,57.40,190.00,1,0,0
14681,3.312,57.50,190.00,1,0,0
14683,3.312,57.50,190.00,1,0,0
14686,3.312,57.70,192.00,1,0,0
14699,3.316,57.40,190.00,1,0,0
14701,3.312,57.40,192.00,1,0,0
14704,3.316,57.70,192.00,1,0,0
14706,3.316,57.70,192.00,1,0,0
14708,3.312,57.80,190.00,1,0,0
14711,3.308,57.40,190.00,1,0,0
14713,3.312,57.40,190.00,1,0,0
14716,3.316,57.40,190.00,1,0,0
14718,3.312,57.70,192.00,1,0,0
14721,3.316,57.70,192.00,1,0,0
14723,3.312,57.70,192.00,1,0,0
14726,3.316,57.40,190.00,1,0,0
14728,3.312,57.30,190.00,1,0,0
14731,3.312,57.50,190.00,1,0,0
14743,3.312,57.40,190.00,1,0,0
14746,3.312,57.40,190.00,1,0,0
14748,3.312,57.40,190.00,1,0,0
14751,3.312,57.80,192.00,1,0,0
14753,3.316,57.70,192.00,1,0,0
14756,3.316,57.70,192.00,1,0,0
14758,3.312,57.70,192.00,1,0,0
14761,3.308,84.90,190.00,1,0,0
14763,3.312,57.40,190.00,1,0,0
14766,3.316,57.50,190.00,1,0,0
14768,3.316,57.80,192.00,1,0,0
14771,3.316,57.80,192.00,1,0,0
14773,3.312,57.80,192.00,1,0,0
14776,3.312,57.50,190.00,1,0,0
14788,3.312,57.70,192.00,1,0,0
14791,3.316,57.80,192.00,1,0,0
14793,3.312,57.40,190.00,1,0,0
14796,3.312,57.40,190.00,1,0,0
14798,3.316,57.40,190.00,1,0,0
14801,3.316,57.60,190.00,1,0,0
14803,3.312,57.80,192.00,1,0,0
14805,3.316,57.70,192.00,1,0,0
14808,3.316,57.50,190.00,1,0,0
14810,3.308,78.50,261.00,1,0,0
14813,3.316,57.40,190.00,1,0,0
14815,3.316,57.50,190.00,1,0,0
14818,3.316,57.70,192.00,1,0,0
14820,3.316,57.80,192.00,1,0,0
14833,3.316,57.60,192.00,1,0,0
14835,3.312,57.80,192.00,1,0,0
14838,3.312,57.70,192.00,1,0,0
14840,3.316,57.80,190.00,1,0,0
14843,3.312,57.40,190.00,1,0,0
14845,3.316,57.50,190.00,1,0,0
14848,3.312,57.40,190.00,1,0,0
14850,3.316,57.70,192.00,1,0,0
14853,3.316,57.60,190.00,1,0,0
14855,3.316,57.70,192.00,1,0,0
14858,3.316,57.40,190.00,1,0,0
14860,3.312,67.80,224.00,1,0,0
14863,3.316,57.40,190.00,1,0,0
14865,3.316,57.40,192.00,1,0,0
14878,3.316,57.40,190.00,1,0,0
14880,3.316,57.40,190.00,1,0,0
14883,3.312,57.70,192.00,1,0,0
14885,3.312,57.70,192.00,1,0,0
14888,3.312,57.80,192.00,1,0,0
14890,3.312,57.60,190.00,1,0,0
14893,3.316,57.40,190.00,1,0,0
14895,3.312,57.40,190.00,1,0,0
14898,3.316,57.40,190.00,1,0,0
14900,3.312,57.70,192.00,1,0,0
14903,3.312,57.70,192.00,1,0,0
14905,3.312,57.70,192.00,1,0,0
14907,3.312,57.40,190.00,1,0,0
14910,3.312,59.50,197.00,1,0,0
14923,3.312,57.60,190.00,1,0,0
14925,3.312,57.40,190.00,1,0,0
14928,3.312,57.40,190.00,1,0,0
14930,3.312,57.40,190.00,1,0,0
14933,3.316,57.80,192.00,1,0,0
14935,3.312,57.70,192.00,1,0,0
14937,3.316,57.70,192.00,1,0,0
14940,3.316,57.40,190.00,1,0,0
14942,3.316,57.40,190.00,1,0,0
14945,3.316,57.40,190.00,1,0,0
14947,3.316,57.60,192.00,1,0,0
14950,3.312,57.70,192.00,1,0,0
14952,3.312,57.80,192.00,1,0,0
14955,3.312,57.80,192.00,1,0,0
14967,3.312,57.80,192.00,1,0,0
14970,3.316,57.70,192.00,1,0,0
14972,3.316,57.70,190.00,1,0,0
14975,3.316,57.40,190.00,1,0,0
14977,3.316,57.40,190.00,1,0,0
14980,3.312,57.30,192.00,1,0,0
14982,3.316,57.70,192.00,1,0,0
14985,3.316,57.60,192.00,1,0,0
14987,3.312,57.70,192.00,1,0,0
14990,3.312,57.40,190.00,1,0,0
14992,3.316,57.40,190.00,1,0,0
14995,3.316,57.40,190.00,1,0,0
14997,3.312,57.40,192.00,1,0,0
15000,3.316,57.70,192.00,1,0,0
15012,3.312,57.40,190.00,1,0,0
15015,3.316,57.80,192.00,1,0,0
15017,3.316,57.80,192.00,1,0,0
15020,3.316,57.70,192.00,1,0,0
15022,3.312,57.50,190.00,1,0,0
15025,3.316,57.50,190.00,1,0,0
15027,3.316,57.50,190.00,1,0,0
15030,3.316,57.40,190.00,1,0,0
15032,3.312,57.70,192.00,1,0,0
15034,3.316,57.70,192.00,1,0,0
15037,3.316,57.70,192.00,1,0,0
15039,3.312,57.40,190.00,1,0,0
15042,3.316,57.40,190.00,1,0,0
15044,3.316,57.40,190.00,1,0,0
15061,3.288,57.30,190.00,1,0,0
15064,3.316,57.70,192.00,1,0,0
15066,3.312,57.70,192.00,1,0,0
15069,3.316,57.80,192.00,1,0,0
15071,3.316,57.60,190.00,1,0,0
15074,3.312,57.40,190.00,1,0,0
15076,3.316,57.40,190.00,1,0,0
15079,3.312,57.40,190.00,1,0,0
15081,3.312,57.60,192.00,1,0,0
15083,3.312,57.70,192.00,1,0,0
15086,3.316,57.70,192.00,1,0,0
15088,3.312,57.40,190.00,1,0,0
15091,3.312,57.40,190.00,1,0,0
15093,3.312,57.40,190.00,1,0,0
15106,3.316,57.40,190.00,1,0,0
15108,3.312,57.40,190.00,1,0,0
15111,3.292,57.40,190.00,1,0,0
15113,3.312,57.70,192.00,1,0,0
15116,3.312,57.70,192.00,1,0,0
15118,3.316,57.80,192.00,1,0,0
15121,3.316,57.40,190.00,1,0,0
15123,3.316,57.40,190.00,1,0,0
15126,3.316,57.40,190.00,1,0,0
15128,3.316,57.70,192.00,1,0,0
15131,3.312,57.70,192.00,1,0,0
15133,3.316,57.70,192.00,1,0,0
15136,3.316,57.70,192.00,1,0,0
15138,3.316,57.40,190.00,1,0,0
15151,3.316,57.70,192.00,1,0,0
15153,3.316,57.70,192.00,1,0,0
15156,3.312,57.50,190.00,1,0,0
15158,3.312,57.40,190.00,1,0,0
15161,3.292,57.40,190.00,1,0,0
15163,3.316,57.70,192.00,1,0,0
15166,3.316,57.70,192.00,1,0,0
15168,3.316,57.70,192.00,1,0,0
15171,3.312,57.40,190.00,1,0,0
15173,3.316,57.40,190.00,1,0,0
15176,3.312,57.30,190.00,1,0,0
15178,3.316,57.50,192.00,1,0,0
15180,3.312,57.70,192.00,1,0,0
15183,3.312,57.70,192.00,1,0,0
15196,3.312,57.70,192.00,1,0,0
15198,3.312,57.70,192.00,1,0,0
15201,3.312,57.80,192.00,1,0,0
15203,3.312,57.50,190.00,1,0,0
15205,3.316,57.40,190.00,1,0,0
15208,3.316,57.40,190.00,1,0,0
15210,3.316,57.40,190.00,1,0,0
15213,3.316,57.70,192.00,1,0,0
15215,3.316,57.70,192.00,1,0,0
15218,3.312,57.80,192.00,1,0,0
15220,3.312,57.50,190.00,1,0,0
15223,3.312,57.40,190.00,1,0,0
15225,3.316,57.40,190.00,1,0,0
15228,3.316,57.70,192.00,1,0,0
15240,3.312,57.40,190.00,1,0,0
15243,3.316,57.40,190.00,1,0,0
15245,3.316,57.70,192.00,1,0,0
15248,3.316,57.70,192.00,1,0,0
15250,3.312,57.80,192.00,1,0,0
15253,3.316,57.40,190.00,1,0,0
15255,3.312,57.50,190.00,1,0,0
15258,3.312,57.40,190.00,1,0,0
15260,3.316,57.80,192.00,1,0,0
15263,3.316,57.70,192.00,1,0,0
15265,3.312,57.70,192.00,1,0,0
15268,3.316,57.70,192.00,1,0,0
15270,3.316,57.50,190.00,1,0,0
15273,3.312,57.40,190.00,1,0,0
15285,3.316,57.50,190.00,1,0,0
15288,3.316,57.40,190.00,1,0,0
15290,3.312,57.40,190.00,1,0,0
15293,3.316,57.40,190.00,1,0,0
15295,3.316,57.80,192.00,1,0,0
15298,3.316,57.70,192.00,1,0,0
15300,3.316,57.70,192.00,1,0,0
15303,3.316,57.50,190.00,1,0,0
15305,3.316,57.40,190.00,1,0,0
15308,3.312,57.40,190.00,1,0,0
15310,3.316,63.90,195.00,1,0,0
15312,3.316,57.70,192.00,1,0,0
15315,3.312,57.70,192.00,1,0,0
15317,3.316,57.70,192.00,1,0,0
15330,3.316,57.70,192.00,1,0,0
15333,3.316,57.80,192.00,1,0,0
15335,3.316,57.40,190.00,1,0,0
15337,3.316,57.50,190.00,1,0,0
15340,3.312,57.50,190.00,1,0,0
15342,3.316,57.70,192.00,1,0,0
15345,3.316,57.70,192.00,1,0,0
15347,3.316,57.70,192.00,1,0,0
15350,3.316,57.70,192.00,1,0,0
15352,3.316,57.40,190.00,1,0,0
15355,3.316,57.30,190.00,1,0,0
15357,3.312,57.40,190.00,1,0,0
15360,3.316,64.10,211.00,1,0,0
15362,3.316,57.70,192.00,1,0,0
15375,3.316,57.30,192.00,1,0,0
15377,3.316,57.80,192.00,1,0,0
15380,3.312,57.70,192.00,1,0,0
15382,3.312,57.70,192.00,1,0,0
15385,3.312,57.40,190.00,1,0,0
15387,3.316,57.40,190.00,1,0,0
15390,3.312,57.30,190.00,1,0,0
15392,3.316,57.60,192.00,1,0,0
15395,3.316,57.60,190.00,1,0,0
15397,3.316,57.60,192.00,1,0,0
15400,3.312,57.70,192.00,1,0,0
15402,3.316,57.40,190.00,1,0,0
15405,3.316,57.40,190.00,1,0,0
15407,3.316,57.40,190.00,1,0,0
15420,3.312,57.40,190.00,1,0,0
15422,3.316,57.40,190.00,1,0,0
15425,3.316,57.50,190.00,1,0,0
15427,3.316,57.70,192.00,1,0,0
15430,3.312,57.70,192.00,1,0,0
15432,3.312,57.70,192.00,1,0,0
15434,3.316,57.40,190.00,1,0,0
15437,3.316,57.50,190.00,1,0,0
15439,3.312,57.40,190.00,1,0,0
15442,3.312,57.70,192.00,1,0,0
15444,3.316,57.70,192.00,1,0,0
15447,3.316,57.80,192.00,1,0,0
15449,3.316,57.80,190.00,1,0,0
15452,3.316,57.40,190.00,1,0,0
15464,3.316,57.70,192.00,1,0,0
15467,3.316,57.40,190.00,1,0,0
15469,3.316,57.40,190.00,1,0,0
15472,3.312,57.40,190.00,1,0,0
15474,3.316,57.70,192.00,1,0,0
15477,3.316,57.70,192.00,1,0,0
15479,3.316,57.70,192.00,1,0,0
15482,3.316,57.80,192.00,1,0,0
15484,3.312,57.40,190.00,1,0,0
15487,3.312,57.50,190.00,1,0,0
15489,3.316,57.40,190.00,1,0,0
15492,3.316,57.70,192.00,1,0,0
15494,3.316,57.60,192.00,1,0,0
15497,3.316,57.70,192.00,1,0,0
15509,3.316,57.80,262.00,1,0,0
15512,3.308,57.70,192.00,1,0,0
15514,3.316,57.70,192.00,1,0,0
15517,3.312,57.40,190.00,1,0,0
15519,3.316,57.50,190.00,1,0,0
15522,3.316,57.40,190.00,1,0,0
15524,3.312,57.60,192.00,1,0,0
15527,3.312,57.70,192.00,1,0,0
15529,3.316,57.70,192.00,1,0,0
15532,3.312,57.70,190.00,1,0,0
15534,3.316,57.40,190.00,1,0,0
15536,3.312,57.40,190.00,1,0,0
15539,3.312,57.40,190.00,1,0,0
15541,3.316,57.70,192.00,1,0,0
15554,3.312,57.40,190.00,1,0,0
15557,3.312,57.70,192.00,1,0,0
15559,3.316,57.70,293.00,1,0,0
15561,3.312,57.60,192.00,1,0,0
15564,3.316,57.70,192.00,1,0,0
15566,3.312,57.40,190.00,1,0,0
15569,3.316,57.40,190.00,1,0,0
15571,3.312,57.40,190.00,1,0,0
15574,3.312,57.70,192.00,1,0,0
15576,3.312,57.80,192.00,1,0,0
15579,3.312,57.70,192.00,1,0,0
15581,3.312,57.60,192.00,1,0,0
15584,3.312,57.40,190.00,1,0,0
15586,3.316,57.40,190.00,1,0,0
15599,3.316,57.40,190.00,1,0,0
15601,3.312,57.40,190.00,1,0,0
15604,3.312,57.40,190.00,1,0,0
15606,3.316,57.70,192.00,1,0,0
15609,3.316,57.70,192.00,1,0,0
15611,3.316,58.80,192.00,1,0,0
15614,3.312,57.60,192.00,1,0,0
15616,3.312,57.40,190.00,1,0,0
15619,3.316,57.40,190.00,1,0,0
15621,3.316,57.50,190.00,1,0,0
15624,3.312,57.70,192.00,1,0,0
15626,3.312,57.70,192.00,1,0,0
15629,3.316,57.70,192.00,1,0,0
15631,3.316,57.40,190.00,1,0,0
15644,3.316,57.70,192.00,1,0,0
15646,3.316,57.70,192.00,1,0,0
15649,3.312,57.40,190.00,1,0,0
15651,3.312,57.40,190.00,1,0,0
15654,3.316,57.50,190.00,1,0,0
15656,3.312,57.70,192.00,1,0,0
15659,3.316,57.70,192.00,1,0,0
15661,3.316,57.80,192.00,1,0,0
15664,3.316,57.70,190.00,1,0,0
15666,3.312,57.40,190.00,1,0,0
15668,3.316,57.40,190.00,1,0,0
15671,3.316,57.50,192.00,1,0,0
15673,3.316,57.80,192.00,1,0,0
15676,3.312,57.70,192.00,1,0,0
15689,3.316,57.70,192.00,1,0,0
15691,3.316,57.70,192.00,1,0,0
15693,3.316,57.70,192.00,1,0,0
15696,3.316,57.70,192.00,1,0,0
15698,3.312,57.40,190.00,1,0,0
15701,3.316,57.40,190.00,1,0,0
15703,3.316,57.40,190.00,1,0,0
15706,3.316,57.80,192.00,1,0,0
15708,3.316,57.80,192.00,1,0,0
15711,3.316,58.60,193.00,1,0,0
15713,3.316,57.40,190.00,1,0,0
15716,3.312,57.40,190.00,1,0,0
15718,3.312,57.40,190.00,1,0,0
15721,3.316,57.50,190.00,1,0,0
15733,3.316,57.40,190.00,1,0,0
15736,3.312,57.40,190.00,1,0,0
15738,3.312,57.70,192.00,1,0,0
15741,3.316,57.80,192.00,1,0,0
15743,3.316,57.80,192.00,1,0,0
15746,3.316,57.40,190.00,1,0,0
15748,3.312,57.50,190.00,1,0,0
15751,3.316,57.40,190.00,1,0,0
15753,3.316,57.40,190.00,1,0,0
15756,3.316,57.80,192.00,1,0,0
15758,3.316,57.70,192.00,1,0,0
15761,3.312,91.00,192.00,1,0,0
15763,3.316,57.40,190.00,1,0,0
15765,3.312,57.50,190.00,1,0,0
15778,3.316,57.70,192.00,1,0,0
15781,3.316,57.50,190.00,1,0,0
15783,3.312,57.50,190.00,1,0,0
15786,3.312,57.50,190.00,1,0,0
15788,3.312,57.70,192.00,1,0,0
15790,3.316,57.70,192.00,1,0,0
15793,3.316,57.70,192.00,1,0,0
15795,3.316,57.50,190.00,1,0,0
15798,3.316,57.40,190.00,1,0,0
15800,3.316,57.30,190.00,1,0,0
15803,3.316,57.40,192.00,1,0,0
15805,3.316,57.80,192.00,1,0,0
15808,3.316,57.80,192.00,1,0,0
15810,3.312,89.50,297.00,1,0,0
15823,3.316,57.80,192.00,1,0,0
15825,3.312,57.70,192.00,1,0,0
15828,3.316,57.40,190.00,1,0,0
15830,3.312,57.40,190.00,1,0,0
15833,3.312,57.50,190.00,1,0,0
15835,3.316,57.40,190.00,1,0,0
15838,3.312,57.80,192.00,1,0,0
15840,3.316,57.70,192.00,1,0,0
15843,3.316,57.70,192.00,1,0,0
15845,3.312,57.50,190.00,1,0,0
15848,3.316,57.50,190.00,1,0,0
15850,3.312,57.40,190.00,1,0,0
15853,3.316,57.60,192.00,1,0,0
15855,3.316,57.70,192.00,1,0,0
15868,3.312,57.50,190.00,1,0,0
15870,3.316,57.80,192.00,1,0,0
15873,3.312,57.70,192.00,1,0,0
15875,3.316,57.70,192.00,1,0,0
15878,3.316,57.80,190.00,1,0,0
15880,3.312,57.40,190.00,1,0,0
15883,3.312,57.40,190.00,1,0,0
15885,3.316,57.50,192.00,1,0,0
15887,3.316,57.70,192.00,1,0,0
15890,3.312,57.70,192.00,1,0,0
15892,3.316,57.70,192.00,1,0,0
15895,3.316,57.40,190.00,1,0,0
15897,3.316,57.40,190.00,1,0,0
15900,3.312,57.40,190.00,1,0,0
15912,3.312,57.40,190.00,1,0,0
15915,3.316,57.40,190.00,1,0,0
15917,3.316,57.40,190.00,1,0,0
15920,3.316,57.70,192.00,1,0,0
15922,3.316,57.70,192.00,1,0,0
15925,3.316,57.70,192.00,1,0,0
15927,3.316,57.50,190.00,1,0,0
15930,3.316,57.50,190.00,1,0,0
15932,3.312,57.40,190.00,1,0,0
15935,3.316,57.50,190.00,1,0,0
15937,3.316,57.80,192.00,1,0,0
15940,3.316,57.70,192.00,1,0,0
15942,3.316,57.70,192.00,1,0,0
15945,3.312,57.40,190.00,1,0,0
15957,3.316,57.70,192.00,1,0,0
15960,3.316,85.30,283.00,1,0,0
15962,3.312,57.40,190.00,1,0,0
15965,3.316,57.40,190.00,1,0,0
15967,3.316,57.60,192.00,1,0,0
15970,3.316,57.80,192.00,1,0,0
15972,3.316,57.70,192.00,1,0,0
15975,3.312,57.70,192.00,1,0,0
15977,3.316,57.40,190.00,1,0,0
15980,3.316,57.30,190.00,1,0,0
15982,3.312,57.40,190.00,1,0,0
15984,3.312,57.70,192.00,1,0,0
15987,3.312,57.70,192.00,1,0,0
15989,3.316,57.70,192.00,1,0,0
16002,3.316,57.80,192.00,1,0,0
16005,3.312,57.70,192.00,1,0,0
16007,3.316,57.60,192.00,1,0,0
16010,3.316,57.50,280.00,1,0,0
16012,3.312,57.30,190.00,1,0,0
16014,3.312,57.40,190.00,1,0,0
16017,3.316,57.40,192.00,1,0,0
16019,3.316,57.70,192.00,1,0,0
16022,3.316,57.80,192.00,1,0,0
16024,3.316,57.80,192.00,1,0,0
16027,3.316,57.30,190.00,1,0,0
16029,3.312,57.40,190.00,1,0,0
16032,3.312,57.50,190.00,1,0,0
16034,3.316,57.80,192.00,1,0,0
16047,3.316,57.40,190.00,1,0,0
16049,3.312,57.40,190.00,1,0,0
16052,3.316,57.70,192.00,1,0,0
16054,3.316,57.80,192.00,1,0,0
16057,3.316,57.70,192.00,1,0,0
16059,3.312,57.40,190.00,1,0,0
16062,3.316,57.40,190.00,1,0,0
16064,3.316,57.40,190.00,1,0,0
16067,3.312,57.70,192.00,1,0,0
16069,3.316,57.80,192.00,1,0,0
16072,3.312,57.70,192.00,1,0,0
16074,3.316,57.70,192.00,1,0,0
16077,3.312,57.40,190.00,1,0,0
16079,3.312,57.40,190.00,1,0,0
16092,3.316,57.70,190.00,1,0,0
16094,3.316,57.40,190.00,1,0,0
16097,3.316,57.30,190.00,1,0,0
16099,3.312,57.50,192.00,1,0,0
16102,3.312,57.80,192.00,1,0,0
16104,3.316,57.70,192.00,1,0,0
16107,3.312,57.70,192.00,1,0,0
16109,3.312,57.40,190.00,1,0,0
16111,3.312,57.30,190.00,1,0,0
16114,3.316,57.40,190.00,1,0,0
16116,3.316,57.70,192.00,1,0,0
16119,3.316,57.70,192.00,1,0,0
16121,3.316,57.80,192.00,1,0,0
16124,3.316,57.60,192.00,1,0,0
16136,3.312,57.70,192.00,1,0,0
16139,3.312,57.70,192.00,1,0,0
16141,3.312,57.40,190.00,1,0,0
16144,3.312,57.40,190.00,1,0,0
16146,3.316,57.40,190.00,1,0,0
16149,3.316,57.60,192.00,1,0,0
16151,3.316,57.60,192.00,1,0,0
16154,3.316,57.80,192.00,1,0,0
16156,3.316,57.70,192.00,1,0,0
16159,3.316,57.40,188.00,1,0,0
16161,3.296,57.40,190.00,1,0,0
16164,3.316,57.30,190.00,1,0,0
16166,3.312,57.80,192.00,1,0,0
16169,3.316,57.70,192.00,1,0,0
16181,3.316,57.60,192.00,1,0,0
16184,3.316,57.80,192.00,1,0,0
16186,3.316,57.70,192.00,1,0,0
16189,3.312,57.70,192.00,1,0,0
16191,3.312,57.40,190.00,1,0,0
16194,3.312,57.50,190.00,1,0,0
16196,3.316,57.40,190.00,1,0,0
16199,3.316,57.70,192.00,1,0,0
16201,3.312,57.80,192.00,1,0,0
16204,3.312,57.70,192.00,1,0,0
16206,3.316,57.70,192.00,1,0,0
16209,3.312,57.40,188.00,1,0,0
16211,3.292,57.30,190.00,1,0,0
16214,3.312,57.40,190.00,1,0,0
16226,3.316,57.40,190.00,1,0,0
16229,3.316,57.40,190.00,1,0,0
16231,3.316,57.80,192.00,1,0,0
16234,3.316,57.80,192.00,1,0,0
16236,3.316,57.80,192.00,1,0,0
16239,3.312,57.70,192.00,1,0,0
16241,3.312,57.40,190.00,1,0,0
16244,3.312,57.40,190.00,1,0,0
16246,3.316,57.30,190.00,1,0,0
16249,3.312,57.70,192.00,1,0,0
16251,3.316,57.80,192.00,1,0,0
16253,3.316,57.70,192.00,1,0,0
16256,3.312,57.50,190.00,1,0,0
16258,3.316,57.40,190.00,1,0,0
16271,3.312,57.70,192.00,1,0,0
16274,3.312,57.50,190.00,1,0,0
16276,3.316,57.50,190.00,1,0,0
16278,3.316,57.40,190.00,1,0,0
16281,3.312,57.60,192.00,1,0,0
16283,3.316,57.80,192.00,1,0,0
16286,3.312,57.70,192.00,1,0,0
16288,3.312,57.80,190.00,1,0,0
16291,3.312,57.40,190.00,1,0,0
16293,3.312,57.30,190.00,1,0,0
16296,3.316,57.40,190.00,1,0,0
16298,3.312,57.70,192.00,1,0,0
16301,3.316,57.70,192.00,1,0,0
16303,3.312,57.70,192.00,1,0,0
16316,3.316,57.70,192.00,1,0,0
16318,3.316,57.80,192.00,1,0,0
16321,3.312,57.70,192.00,1,0,0
16323,3.316,57.40,190.00,1,0,0
16326,3.316,57.40,190.00,1,0,0
16328,3.312,57.40,190.00,1,0,0
16331,3.316,57.70,192.00,1,0,0
16333,3.316,57.80,192.00,1,0,0
16336,3.312,57.80,192.00,1,0,0
16338,3.312,57.50,190.00,1,0,0
16341,3.312,57.40,190.00,1,0,0
16343,3.316,57.40,190.00,1,0,0
16346,3.312,57.40,190.00,1,0,0
16348,3.316,57.70,192.00,1,0,0
16361,3.292,57.40,190.00,1,0,0
16363,3.316,57.60,192.00,1,0,0
16366,3.316,57.70,192.00,1,0,0
16368,3.312,57.70,192.00,1,0,0
16371,3.316,57.70,190.00,1,0,0
16373,3.316,57.40,190.00,1,0,0
16375,3.316,57.40,190.00,1,0,0
16378,3.316,57.40,190.00,1,0,0
16380,3.316,57.70,192.00,1,0,0
16383,3.312,57.70,192.00,1,0,0
16385,3.316,57.70,192.00,1,0,0
16388,3.316,57.40,190.00,1,0,0
16390,3.316,57.50,190.00,1,0,0
16393,3.316,57.40,190.00,1,0,0
16405,3.312,57.30,190.00,1,0,0
16408,3.316,57.40,190.00,1,0,0
16410,3.312,57.40,190.00,1,0,0
16413,3.312,57.60,190.00,1,0,0
16415,3.316,57.80,192.00,1,0,0
16418,3.316,57.60,190.00,1,0,0
16420,3.316,57.60,192.00,1,0,0
16423,3.316,57.40,190.00,1,0,0
16425,3.316,57.40,190.00,1,0,0
16428,3.312,57.40,190.00,1,0,0
16430,3.312,57.70,192.00,1,0,0
16433,3.312,57.80,192.00,1,0,0
16435,3.316,57.60,192.00,1,0,0
16438,3.316,57.40,190.00,1,0,0
16450,3.316,57.80,192.00,1,0,0
16453,3.316,57.60,192.00,1,0,0
16455,3.312,57.40,190.00,1,0,0
16458,3.312,57.40,190.00,1,0,0
16460,3.316,57.40,190.00,1,0,0
16463,3.312,57.70,192.00,1,0,0
16465,3.312,57.70,192.00,1,0,0
16468,3.316,57.80,192.00,1,0,0
16470,3.316,57.40,190.00,1,0,0
16472,3.316,57.40,190.00,1,0,0
16475,3.316,57.40,190.00,1,0,0
16477,3.312,57.50,190.00,1,0,0
16480,3.316,57.70,192.00,1,0,0
16482,3.316,57.70,192.00,1,0,0
16495,3.316,57.70,192.00,1,0,0
16497,3.316,57.70,192.00,1,0,0
16500,3.316,57.70,192.00,1,0,0
16502,3.316,57.80,190.00,1,0,0
16505,3.316,57.40,190.00,1,0,0
16507,3.316,57.40,190.00,1,0,0
16510,3.316,61.30,192.00,1,0,0
16512,3.316,57.80,192.00,1,0,0
16515,3.316,57.70,192.00,1,0,0
16517,3.316,57.80,192.00,1,0,0
16520,3.312,57.40,190.00,1,0,0
16522,3.316,57.40,190.00,1,0,0
16525,3.316,57.40,190.00,1,0,0
16527,3.316,57.40,190.00,1,0,0
16540,3.316,57.30,190.00,1,0,0
16542,3.316,57.40,190.00,1,0,0
16545,3.312,57.70,192.00,1,0,0
16547,3.316,57.70,192.00,1,0,0
16550,3.312,57.70,192.00,1,0,0
16552,3.312,57.40,190.00,1,0,0
16555,3.316,57.40,190.00,1,0,0
16557,3.312,57.40,190.00,1,0,0
16560,3.312,63.40,210.00,1,0,0
16562,3.316,57.70,192.00,1,0,0
16565,3.316,57.80,192.00,1,0,0
16567,3.316,57.70,192.00,1,0,0
16569,3.312,57.40,190.00,1,0,0
16572,3.316,57.40,190.00,1,0,0
16585,3.316,57.70,190.00,1,0,0
16587,3.316,57.30,190.00,1,0,0
16590,3.316,57.40,190.00,1,0,0
16592,3.312,57.40,190.00,1,0,0
16594,3.316,57.70,192.00,1,0,0
16597,3.316,57.70,192.00,1,0,0
16599,3.316,57.70,192.00,1,0,0
16602,3.316,57.40,190.00,1,0,0
16604,3.316,57.40,190.00,1,0,0
16607,3.312,57.30,190.00,1,0,0
16609,3.312,64.00,211.00,1,0,0
16612,3.312,57.70,192.00,1,0,0
16614,3.312,57.70,192.00,1,0,0
16617,3.316,57.70,192.00,1,0,0
16629,3.316,57.70,192.00,1,0,0
16632,3.316,57.70,192.00,1,0,0
16634,3.316,57.60,192.00,1,0,0
16637,3.316,57.40,190.00,1,0,0
16639,3.312,57.40,190.00,1,0,0
16642,3.316,57.40,190.00,1,0,0
16644,3.312,57.70,192.00,1,0,0
16647,3.316,57.60,190.00,1,0,0
16649,3.316,57.80,192.00,1,0,0
16652,3.316,57.40,190.00,1,0,0
16654,3.312,57.30,190.00,1,0,0
16657,3.312,57.40,190.00,1,0,0
16659,3.312,57.50,211.00,1,0,0
16662,3.296,57.70,192.00,1,0,0
16674,3.312,57.40,190.00,1,0,0
16677,3.316,57.70,192.00,1,0,0
16679,3.312,57.70,192.00,1,0,0
16682,3.316,57.70,192.00,1,0,0
16684,3.316,57.40,190.00,1,0,0
16687,3.312,57.40,190.00,1,0,0
16689,3.312,57.40,190.00,1,0,0
16692,3.312,57.60,190.00,1,0,0
16694,3.316,57.60,192.00,1,0,0
16696,3.316,57.70,192.00,1,0,0
16699,3.312,57.70,192.00,1,0,0
16701,3.312,57.40,190.00,1,0,0
16704,3.312,57.40,190.00,1,0,0
16706,3.312,57.40,190.00,1,0,0
16719,3.316,57.40,190.00,1,0,0
16721,3.316,57.40,190.00,1,0,0
16724,3.316,57.40,192.00,1,0,0
16726,3.316,57.70,192.00,1,0,0
16729,3.316,57.70,192.00,1,0,0
16731,3.316,57.80,192.00,1,0,0
16734,3.316,57.40,190.00,1,0,0
16736,3.312,57.40,190.00,1,0,0
16739,3.316,57.40,190.00,1,0,0
16741,3.312,57.70,192.00,1,0,0
16744,3.312,57.70,192.00,1,0,0
16746,3.316,57.70,192.00,1,0,0
16749,3.312,57.70,192.00,1,0,0
16751,3.316,57.40,190.00,1,0,0
16764,3.316,57.70,192.00,1,0,0
16766,3.312,57.50,190.00,1,0,0
16769,3.312,57.50,190.00,1,0,0
16771,3.316,57.40,190.00,1,0,0
16774,3.312,57.50,190.00,1,0,0
16776,3.312,57.80,192.00,1,0,0
16779,3.316,57.70,192.00,1,0,0
16781,3.316,57.70,192.00,1,0,0
16784,3.316,57.40,190.00,1,0,0
16786,3.316,57.50,190.00,1,0,0
16789,3.312,57.40,190.00,1,0,0
16791,3.316,57.70,192.00,1,0,0
16793,3.316,57.70,192.00,1,0,0
16796,3.316,57.70,192.00,1,0,0
16809,3.316,57.70,192.00,1,0,0
16811,3.312,58.60,195.00,1,0,0
16814,3.312,57.70,192.00,1,0,0
16816,3.316,57.40,190.00,1,0,0
16818,3.316,57.50,190.00,1,0,0
16821,3.312,57.50,190.00,1,0,0
16823,3.312,57.70,192.00,1,0,0
16826,3.316,57.70,192.00,1,0,0
16828,3.316,57.60,192.00,1,0,0
16831,3.312,57.80,192.00,1,0,0
16833,3.316,57.40,190.00,1,0,0
16836,3.312,57.40,190.00,1,0,0
16838,3.312,57.40,190.00,1,0,0
16841,3.312,57.70,192.00,1,0,0
16853,3.316,57.40,190.00,1,0,0
16856,3.316,57.50,192.00,1,0,0
16858,3.316,57.70,192.00,1,0,0
16861,3.312,57.80,192.00,1,0,0
16863,3.316,57.70,190.00,1,0,0
16866,3.312,57.40,190.00,1,0,0
16868,3.316,57.50,190.00,1,0,0
16871,3.316,57.40,190.00,1,0,0
16873,3.312,57.60,192.00,1,0,0
16876,3.312,57.70,192.00,1,0,0
16878,3.312,57.70,192.00,1,0,0
16881,3.312,57.70,190.00,1,0,0
16883,3.312,57.40,190.00,1,0,0
16886,3.312,57.40,190.00,1,0,0
16898,3.312,57.40,190.00,1,0,0
16901,3.316,57.40,190.00,1,0,0
16903,3.316,57.40,190.00,1,0,0
16906,3.312,57.70,192.00,1,0,0
16908,3.316,57.70,192.00,1,0,0
16911,3.312,58.60,195.00,1,0,0
16913,3.312,57.80,192.00,1,0,0
16915,3.316,57.40,190.00,1,0,0
16918,3.316,57.40,190.00,1,0,0
16920,3.316,57.40,190.00,1,0,0
16923,3.316,57.70,192.00,1,0,0
16925,3.316,57.70,192.00,1,0,0
16928,3.312,57.60,192.00,1,0,0
16930,3.316,57.70,192.00,1,0,0
16943,3.312,57.70,192.00,1,0,0
16945,3.312,57.70,192.00,1,0,0
16948,3.312,57.40,190.00,1,0,0
16950,3.312,57.40,190.00,1,0,0
16953,3.312,57.40,190.00,1,0,0
16955,3.316,57.70,192.00,1,0,0
16958,3.312,57.80,192.00,1,0,0
16960,3.312,91.80,192.00,1,0,0
16963,3.312,57.50,190.00,1,0,0
16965,3.312,57.40,190.00,1,0,0
16968,3.312,57.50,190.00,1,0,0
16970,3.316,57.40,190.00,1,0,0
16973,3.312,57.80,192.00,1,0,0
16975,3.316,57.80,192.00,1,0,0
16988,3.312,57.50,192.00,1,0,0
16990,3.316,57.70,192.00,1,0,0
16993,3.312,57.70,192.00,1,0,0
16995,3.312,57.70,192.00,1,0,0
16998,3.312,57.40,190.00,1,0,0
17000,3.316,57.40,190.00,1,0,0
17003,3.316,57.40,190.00,1,0,0
17005,3.312,57.70,192.00,1,0,0
17008,3.316,57.60,192.00,1,0,0
17010,3.312,90.10,298.00,1,0,0
17013,3.312,58.60,190.00,1,0,0
17015,3.316,57.40,190.00,1,0,0
17018,3.312,57.40,190.00,1,0,0
17020,3.312,57.50,192.00,1,0,0
17033,3.316,57.40,190.00,1,0,0
17035,3.316,57.40,190.00,1,0,0
17038,3.316,57.70,192.00,1,0,0
17040,3.316,57.70,192.00,1,0,0
17043,3.312,57.60,192.00,1,0,0
17045,3.316,57.60,192.00,1,0,0
17047,3.312,57.40,190.00,1,0,0
17050,3.316,57.40,190.00,1,0,0
17052,3.316,57.40,190.00,1,0,0
17055,3.316,57.80,192.00,1,0,0
17057,3.312,57.70,192.00,1,0,0
17064,3.312,57.40,190.00,1,0,0
17067,3.316,57.40,190.00,1,0,0
17069,3.312,57.40,190.00,1,0,0
17072,3.316,57.70,192.00,1,0,0
17074,3.316,57.80,192.00,1,0,0
17077,3.312,57.70,192.00,1,0,0
17079,3.312,57.50,190.00,1,0,0
17082,3.316,57.30,190.00,1,0,0
17084,3.316,57.50,190.00,1,0,0
17086,3.316,57.70,192.00,1,0,0
17099,3.312,57.50,190.00,1,0,0
17102,3.312,57.40,190.00,1,0,0
17104,3.316,57.70,192.00,1,0,0
17107,3.316,57.80,192.00,1,0,0
17109,3.316,57.70,192.00,1,0,0
17112,3.316,57.60,190.00,1,0,0
17114,3.316,57.40,190.00,1,0,0
17116,3.312,57.40,190.00,1,0,0
17119,3.316,57.40,192.00,1,0,0
17121,3.312,57.70,192.00,1,0,0
17124,3.316,57.70,192.00,1,0,0
17126,3.316,57.70,192.00,1,0,0
17129,3.316,57.40,190.00,1,0,0
17131,3.312,57.30,190.00,1,0,0
17144,3.316,57.60,192.00,1,0,0
17146,3.316,57.40,190.00,1,0,0
17149,3.316,57.50,190.00,1,0,0
17151,3.316,57.40,190.00,1,0,0
17154,3.312,57.70,192.00,1,0,0
17156,3.312,57.70,192.00,1,0,0
17159,3.316,57.70,190.00,1,0,0
17161,3.312,57.40,190.00,1,0,0
17164,3.316,57.40,190.00,1,0,0
17166,3.316,57.40,190.00,1,0,0
17169,3.316,57.60,192.00,1,0,0
17171,3.316,57.80,192.00,1,0,0
17174,3.312,57.70,192.00,1,0,0
17176,3.316,57.70,192.00,1,0,0
17189,3.316,57.70,192.00,1,0,0
17191,3.312,57.80,192.00,1,0,0
17194,3.316,57.40,190.00,1,0,0
17196,3.312,57.40,190.00,1,0,0
17199,3.316,57.40,190.00,1,0,0
17201,3.312,57.40,192.00,1,0,0
17204,3.316,57.70,192.00,1,0,0
17206,3.312,57.70,192.00,1,0,0
17209,3.316,57.80,192.00,1,0,0
17211,3.308,57.40,190.00,1,0,0
17213,3.312,57.40,190.00,1,0,0
17216,3.312,57.40,190.00,1,0,0
17218,3.312,57.80,192.00,1,0,0
17221,3.316,57.70,192.00,1,0,0
17234,3.316,57.40,190.00,1,0,0
17236,3.316,57.80,192.00,1,0,0
17238,3.316,57.70,192.00,1,0,0
17241,3.312,57.80,192.00,1,0,0
17243,3.312,57.50,190.00,1,0,0
17246,3.316,57.40,190.00,1,0,0
17248,3.316,57.40,190.00,1,0,0
17251,3.316,57.50,190.00,1,0,0
17253,3.312,57.70,192.00,1,0,0
17256,3.312,57.80,192.00,1,0,0
17258,3.312,57.70,192.00,1,0,0
17261,3.308,84.90,190.00,1,0,0
17263,3.312,57.40,190.00,1,0,0
17266,3.312,57.40,190.00,1,0,0
17278,3.312,57.50,190.00,1,0,0
17281,3.316,57.40,190.00,1,0,0
17283,3.312,57.50,190.00,1,0,0
17286,3.316,57.70,192.00,1,0,0
17288,3.312,57.80,192.00,1,0,0
17291,3.316,57.70,192.00,1,0,0
17293,3.316,57.40,190.00,1,0,0
17296,3.312,57.40,190.00,1,0,0
17298,3.312,57.40,190.00,1,0,0
17301,3.316,57.80,192.00,1,0,0
17303,3.312,57.70,192.00,1,0,0
17306,3.316,57.70,192.00,1,0,0
17308,3.312,57.70,192.00,1,0,0
17310,3.308,85.00,190.00,1,0,0
17323,3.316,57.70,192.00,1,0,0
17326,3.316,57.50,190.00,1,0,0
17328,3.316,57.40,190.00,1,0,0
17331,3.312,57.30,190.00,1,0,0
17333,3.312,57.40,192.00,1,0,0
17335,3.312,57.70,192.00,1,0,0
17338,3.312,57.80,192.00,1,0,0
17340,3.312,57.70,192.00,1,0,0
17343,3.312,57.40,190.00,1,0,0
17345,3.312,57.30,190.00,1,0,0
17348,3.316,57.40,190.00,1,0,0
17350,3.312,57.70,192.00,1,0,0
17353,3.316,57.70,192.00,1,0,0
17355,3.316,57.70,192.00,1,0,0
17368,3.316,57.70,192.00,1,0,0
17370,3.316,57.70,192.00,1,0,0
17373,3.316,57.80,192.00,1,0,0
17375,3.312,57.40,190.00,1,0,0
17378,3.312,57.40,190.00,1,0,0
17380,3.316,57.40,190.00,1,0,0
17383,3.312,57.60,192.00,1,0,0
17385,3.316,57.70,192.00,1,0,0
17388,3.312,57.70,192.00,1,0,0
17390,3.312,57.70,192.00,1,0,0
17393,3.312,57.50,190.00,1,0,0
17395,3.316,57.40,190.00,1,0,0
17398,3.312,57.40,190.00,1,0,0
17400,3.316,57.80,192.00,1,0,0
17413,3.312,57.40,190.00,1,0,0
17415,3.312,57.70,192.00,1,0,0
17418,3.316,57.80,192.00,1,0,0
17420,3.312,57.70,192.00,1,0,0
17423,3.316,57.70,192.00,1,0,0
17425,3.312,57.40,190.00,1,0,0
17428,3.316,57.40,190.00,1,0,0
17430,3.312,57.40,190.00,1,0,0
17433,3.316,57.80,192.00,1,0,0
17435,3.316,57.80,192.00,1,0,0
17438,3.312,57.80,192.00,1,0,0
17440,3.312,57.70,192.00,1,0,0
17442,3.312,57.50,190.00,1,0,0
17445,3.316,57.40,190.00,1,0,0
17458,3.316,57.50,190.00,1,0,0
17460,3.316,60.90,202.00,1,0,0
17463,3.312,57.40,190.00,1,0,0
17465,3.316,57.50,192.00,1,0,0
17467,3.312,57.70,192.00,1,0,0
17470,3.316,57.80,192.00,1,0,0
17472,3.312,57.70,190.00,1,0,0
17475,3.312,57.40,190.00,1,0,0
17477,3.312,57.40,190.00,1,0,0
17480,3.312,57.40,190.00,1,0,0
17482,3.316,57.70,192.00,1,0,0
17485,3.312,57.70,192.00,1,0,0
17487,3.316,57.70,192.00,1,0,0
17490,3.316,57.40,190.00,1,0,0
17502,3.316,57.70,192.00,1,0,0
17505,3.316,57.70,192.00,1,0,0
17507,3.316,57.40,190.00,1,0,0
17510,3.312,57.40,192.00,1,0,0
17512,3.312,57.30,190.00,1,0,0
17515,3.316,57.70,192.00,1,0,0
17517,3.312,57.70,192.00,1,0,0
17520,3.312,57.70,192.00,1,0,0
17522,3.312,57.70,192.00,1,0,0
17525,3.316,57.40,190.00,1,0,0
17527,3.312,57.40,190.00,1,0,0
17530,3.312,57.40,190.00,1,0,0
17532,3.312,57.70,192.00,1,0,0
17535,3.312,57.80,192.00,1,0,0
17547,3.316,57.70,192.00,1,0,0
17550,3.312,57.80,192.00,1,0,0
17552,3.316,57.70,192.00,1,0,0
17555,3.316,57.70,192.00,1,0,0
17557,3.312,57.40,190.00,1,0,0
17560,3.316,57.40,190.00,1,0,0
17562,3.316,57.40,190.00,1,0,0
17565,3.316,57.70,192.00,1,0,0
17567,3.316,57.80,192.00,1,0,0
17570,3.316,57.70,192.00,1,0,0
17572,3.316,57.40,190.00,1,0,0
17574,3.316,57.40,190.00,1,0,0
17577,3.316,57.50,190.00,1,0,0
17579,3.312,57.30,190.00,1,0,0
17592,3.316,57.40,190.00,1,0,0
17595,3.312,57.40,190.00,1,0,0
17597,3.316,57.70,192.00,1,0,0
17599,3.316,57.80,192.00,1,0,0
17602,3.316,57.70,192.00,1,0,0
17604,3.316,57.60,190.00,1,0,0
17607,3.316,57.40,190.00,1,0,0
17609,3.316,57.40,188.00,1,0,0
17612,3.312,57.30,190.00,1,0,0
17614,3.316,57.70,192.00,1,0,0
17617,3.312,57.70,192.00,1,0,0
17619,3.316,57.70,192.00,1,0,0
17622,3.316,57.40,190.00,1,0,0
17624,3.312,57.40,190.00,1,0,0
17637,3.316,57.70,192.00,1,0,0
17639,3.316,57.40,190.00,1,0,0
17642,3.312,57.40,190.00,1,0,0
17644,3.316,57.40,190.00,1,0,0
17647,3.316,57.70,192.00,1,0,0
17649,3.316,57.80,192.00,1,0,0
17652,3.316,57.70,192.00,1,0,0
17654,3.316,57.60,192.00,1,0,0
17657,3.316,57.50,190.00,1,0,0
17659,3.316,57.50,190.00,1,0,0
17662,3.312,57.40,190.00,1,0,0
17664,3.316,57.70,192.00,1,0,0
17667,3.312,57.80,192.00,1,0,0
17669,3.312,57.70,192.00,1,0,0
17682,3.316,57.80,192.00,1,0,0
17684,3.312,57.70,192.00,1,0,0
17687,3.312,57.80,190.00,1,0,0
17689,3.312,57.40,190.00,1,0,0
17692,3.312,57.40,190.00,1,0,0
17694,3.316,57.40,190.00,1,0,0
17696,3.316,57.80,192.00,1,0,0
17699,3.316,57.70,192.00,1,0,0
17701,3.316,57.80,192.00,1,0,0
17704,3.316,57.40,190.00,1,0,0
17706,3.316,57.40,190.00,1,0,0
17709,3.312,57.40,192.00,1,0,0
17711,3.292,57.70,192.00,1,0,0
17714,3.312,57.80,192.00,1,0,0
17726,3.316,57.40,190.00,1,0,0
17729,3.316,57.70,192.00,1,0,0
17731,3.316,57.80,192.00,1,0,0
17734,3.316,57.70,192.00,1,0,0
17736,3.316,57.70,190.00,1,0,0
17739,3.312,57.40,190.00,1,0,0
17741,3.316,57.50,190.00,1,0,0
17744,3.316,57.40,190.00,1,0,0
17746,3.316,57.80,192.00,1,0,0
17749,3.316,57.80,192.00,1,0,0
17751,3.312,57.70,192.00,1,0,0
17754,3.312,57.40,190.00,1,0,0
17756,3.312,57.40,190.00,1,0,0
17759,3.312,57.40,190.00,1,0,0
17771,3.316,57.40,190.00,1,0,0
17774,3.316,57.40,190.00,1,0,0
17776,3.316,57.40,190.00,1,0,0
17779,3.316,57.70,192.00,1,0,0
17781,3.316,57.70,192.00,1,0,0
17784,3.312,57.70,192.00,1,0,0
17786,3.316,57.40,190.00,1,0,0
17789,3.316,57.50,190.00,1,0,0
17791,3.316,57.40,190.00,1,0,0
17793,3.312,57.40,190.00,1,0,0
17796,3.312,57.70,192.00,1,0,0
17798,3.316,57.70,192.00,1,0,0
17801,3.312,57.70,192.00,1,0,0
17803,3.316,57.40,190.00,1,0,0
17816,3.316,57.70,192.00,1,0,0
17819,3.316,57.70,190.00,1,0,0
17821,3.316,57.40,190.00,1,0,0
17823,3.312,57.40,190.00,1,0,0
17826,3.316,57.40,192.00,1,0,0
17828,3.316,57.70,192.00,1,0,0
17831,3.316,57.70,192.00,1,0,0
17833,3.312,57.80,192.00,1,0,0
17836,3.316,57.40,190.00,1,0,0
17838,3.312,57.40,190.00,1,0,0
17841,3.312,57.40,190.00,1,0,0
17843,3.316,57.70,192.00,1,0,0
17846,3.312,57.70,192.00,1,0,0
17848,3.316,57.70,192.00,1,0,0
17861,3.296,57.80,192.00,1,0,0
17863,3.316,57.70,192.00,1,0,0
17866,3.316,57.70,192.00,1,0,0
17868,3.312,57.50,190.00,1,0,0
17871,3.312,57.40,190.00,1,0,0
17873,3.316,57.40,190.00,1,0,0
17876,3.316,57.50,190.00,1,0,0
17878,3.312,57.70,192.00,1,0,0
17881,3.316,57.70,192.00,1,0,0
17883,3.312,57.70,192.00,1,0,0
17886,3.312,57.40,190.00,1,0,0
17888,3.312,57.40,190.00,1,0,0
17891,3.312,57.40,190.00,1,0,0
17893,3.312,57.60,192.00,1,0,0
17906,3.316,57.40,190.00,1,0,0
17908,3.312,57.50,190.00,1,0,0
17911,3.316,57.80,192.00,1,0,0
17913,3.316,57.70,192.00,1,0,0
17916,3.316,57.70,192.00,1,0,0
17918,3.316,57.40,190.00,1,0,0
17920,3.316,57.30,190.00,1,0,0
17923,3.312,57.40,190.00,1,0,0
17925,3.316,57.60,192.00,1,0,0
17928,3.312,57.70,192.00,1,0,0
17930,3.312,57.70,192.00,1,0,0
17933,3.312,57.70,192.00,1,0,0
17935,3.312,57.40,190.00,1,0,0
17938,3.316,57.40,190.00,1,0,0
17950,3.316,57.70,190.00,1,0,0
17953,3.316,57.40,190.00,1,0,0
17955,3.316,57.40,190.00,1,0,0
17958,3.312,57.40,190.00,1,0,0
17960,3.312,57.80,192.00,1,0,0
17963,3.316,57.70,192.00,1,0,0
17965,3.316,57.70,192.00,1,0,0
17968,3.312,57.40,190.00,1,0,0
17970,3.316,57.40,190.00,1,0,0
17973,3.312,57.40,190.00,1,0,0
17975,3.312,57.40,192.00,1,0,0
17978,3.316,57.70,192.00,1,0,0
17980,3.316,57.70,192.00,1,0,0
17983,3.312,57.70,192.00,1,0,0
17995,3.312,57.70,192.00,1,0,0
17998,3.312,57.70,192.00,1,0,0
18000,3.312,57.40,190.00,1,0,0
18003,3.316,57.50,190.00,1,0,0
18005,3.312,57.30,190.00,1,0,0
18008,3.312,57.50,190.00,1,0,0
18010,3.316,66.10,192.00,1,0,0
18013,3.316,57.80,192.00,1,0,0
18015,3.316,57.80,192.00,1,0,0
18017,3.312,57.40,190.00,1,0,0
18020,3.316,57.40,190.00,1,0,0
