timestamp_ms,voltage_V,current_mA,power_mW,marker_ble,marker_wifi,marker_sleep
0,3.316,57.80,192.00,1,0,0
3,3.316,57.80,192.00,1,0,0
6,3.316,58.10,193.00,1,0,0
8,3.316,58.00,192.00,1,0,0
11,3.316,58.10,193.00,1,0,0
13,3.316,57.80,192.00,1,0,0
16,3.316,57.70,192.00,1,0,0
18,3.316,57.80,192.00,1,0,0
21,3.316,58.10,193.00,1,0,0
23,3.316,58.00,192.00,1,0,0
26,3.316,58.10,193.00,1,0,0
28,3.316,58.10,192.00,1,0,0
30,3.316,57.70,192.00,1,0,0
33,3.316,57.80,192.00,1,0,0
35,3.316,57.70,192.00,1,0,0
38,3.316,58.00,192.00,1,0,0
40,3.312,58.10,193.00,1,0,0
43,3.316,58.10,193.00,1,0,0
45,3.316,57.70,192.00,1,0,0
48,3.316,57.70,192.00,1,0,0
50,3.316,57.70,192.00,1,0,0
53,3.316,58.00,192.00,1,0,0
55,3.316,58.10,193.00,1,0,0
58,3.316,58.10,193.00,1,0,0
70,3.316,58.00,193.00,1,0,0
73,3.316,58.00,192.00,1,0,0
75,3.316,58.10,193.00,1,0,0
78,3.316,57.90,192.00,1,0,0
80,3.316,57.80,192.00,1,0,0
83,3.316,57.80,192.00,1,0,0
85,3.316,57.80,192.00,1,0,0
88,3.316,58.10,193.00,1,0,0
90,3.316,58.20,193.00,1,0,0
93,3.316,58.10,193.00,1,0,0
95,3.316,92.30,192.00,1,0,0
97,3.316,57.90,192.00,1,0,0
100,3.316,57.70,192.00,1,0,0
102,3.316,58.10,193.00,1,0,0
105,3.316,58.20,193.00,1,0,0
107,3.316,58.10,193.00,1,0,0
110,3.316,58.80,192.00,1,0,0
112,3.316,57.80,192.00,1,0,0
115,3.316,57.80,192.00,1,0,0
117,3.316,57.80,192.00,1,0,0
120,3.316,58.20,193.00,1,0,0
132,3.316,57.70,192.00,1,0,0
135,3.316,58.10,193.00,1,0,0
137,3.316,58.10,193.00,1,0,0
140,3.316,58.10,193.00,1,0,0
142,3.316,58.00,192.00,1,0,0
145,3.316,91.70,305.00,1,0,0
147,3.316,57.80,192.00,1,0,0
150,3.316,57.80,192.00,1,0,0
152,3.316,58.10,193.00,1,0,0
155,3.316,58.10,193.00,1,0,0
157,3.316,58.10,193.00,1,0,0
160,3.316,57.80,192.00,1,0,0
162,3.316,57.70,192.00,1,0,0
165,3.316,57.80,192.00,1,0,0
167,3.316,58.00,192.00,1,0,0
169,3.316,58.80,193.00,1,0,0
172,3.316,58.00,193.00,1,0,0
174,3.316,58.10,193.00,1,0,0
177,3.316,57.80,192.00,1,0,0
190,3.316,58.80,195.00,1,0,0
192,3.316,58.00,192.00,1,0,0
194,3.316,89.00,295.00,1,0,0
197,3.316,57.70,192.00,1,0,0
199,3.316,57.70,193.00,1,0,0
202,3.320,58.10,193.00,1,0,0
204,3.316,58.20,193.00,1,0,0
207,3.316,58.10,193.00,1,0,0
209,3.316,57.70,192.00,1,0,0
212,3.316,57.80,192.00,1,0,0
214,3.316,57.80,192.00,1,0,0
217,3.316,58.10,193.00,1,0,0
219,3.316,58.10,193.00,1,0,0
222,3.316,58.20,193.00,1,0,0
224,3.316,57.90,192.00,1,0,0
227,3.316,57.80,192.00,1,0,0
229,3.316,57.80,192.00,1,0,0
231,3.316,57.70,192.00,1,0,0
234,3.316,58.10,193.00,1,0,0
247,3.316,57.70,192.00,1,0,0
249,3.316,58.70,195.00,1,0,0
252,3.316,58.10,193.00,1,0,0
254,3.316,58.10,193.00,1,0,0
256,3.316,58.10,193.00,1,0,0
259,3.316,57.70,192.00,1,0,0
261,3.316,57.80,192.00,1,0,0
264,3.316,57.80,192.00,1,0,0
266,3.316,58.10,193.00,1,0,0
269,3.320,58.80,195.00,1,0,0
271,3.316,58.10,193.00,1,0,0
274,3.316,57.80,192.00,1,0,0
276,3.316,57.80,192.00,1,0,0
279,3.316,57.80,192.00,1,0,0
281,3.316,57.90,192.00,1,0,0
284,3.316,58.10,193.00,1,0,0
286,3.316,58.10,193.00,1,0,0
289,3.316,58.20,193.00,1,0,0
291,3.316,57.80,192.00,1,0,0
304,3.316,58.10,193.00,1,0,0
306,3.316,57.80,192.00,1,0,0
309,3.316,57.80,192.00,1,0,0
311,3.316,57.70,192.00,1,0,0
314,3.316,58.10,193.00,1,0,0
316,3.316,58.00,192.00,1,0,0
319,3.316,58.10,193.00,1,0,0
321,3.316,58.10,193.00,1,0,0
323,3.316,57.80,192.00,1,0,0
326,3.316,57.80,192.00,1,0,0
328,3.316,57.70,192.00,1,0,0
331,3.316,58.00,193.00,1,0,0
333,3.316,58.10,193.00,1,0,0
336,3.316,58.10,193.00,1,0,0
338,3.316,57.80,192.00,1,0,0
341,3.316,57.80,192.00,1,0,0
343,3.316,57.80,192.00,1,0,0
346,3.308,57.70,192.00,1,0,0
348,3.316,58.20,193.00,1,0,0
361,3.316,57.80,192.00,1,0,0
363,3.316,58.10,193.00,1,0,0
366,3.316,58.10,193.00,1,0,0
368,3.316,58.20,193.00,1,0,0
371,3.316,58.10,192.00,1,0,0
373,3.316,57.80,192.00,1,0,0
376,3.316,57.80,192.00,1,0,0
378,3.316,57.70,193.00,1,0,0
381,3.320,58.10,193.00,1,0,0
383,3.316,58.10,193.00,1,0,0
386,3.316,58.10,193.00,1,0,0
388,3.316,57.90,192.00,1,0,0
390,3.316,57.80,192.00,1,0,0
393,3.316,57.80,192.00,1,0,0
395,3.300,61.80,193.00,1,0,0
398,3.316,58.00,193.00,1,0,0
400,3.316,58.10,193.00,1,0,0
403,3.316,58.10,192.00,1,0,0
405,3.316,57.80,192.00,1,0,0
418,3.316,58.10,193.00,1,0,0
420,3.316,57.70,192.00,1,0,0
423,3.316,57.80,192.00,1,0,0
425,3.316,57.80,192.00,1,0,0
428,3.316,58.00,192.00,1,0,0
430,3.316,58.10,193.00,1,0,0
433,3.316,58.10,193.00,1,0,0
435,3.316,58.00,192.00,1,0,0
438,3.316,57.80,192.00,1,0,0
440,3.316,57.80,192.00,1,0,0
443,3.316,57.80,192.00,1,0,0
445,3.296,58.40,193.00,1,0,0
448,3.316,58.10,193.00,1,0,0
450,3.316,58.10,193.00,1,0,0
453,3.316,57.90,192.00,1,0,0
455,3.316,57.80,192.00,1,0,0
457,3.316,57.70,192.00,1,0,0
460,3.316,57.80,192.00,1,0,0
462,3.316,58.10,192.00,1,0,0
475,3.316,57.80,192.00,1,0,0
478,3.312,58.10,193.00,1,0,0
480,3.316,58.10,193.00,1,0,0
482,3.316,58.10,193.00,1,0,0
485,3.316,58.10,192.00,1,0,0
487,3.316,57.80,192.00,1,0,0
490,3.316,57.80,192.00,1,0,0
492,3.316,57.80,192.00,1,0,0
495,3.316,58.10,193.00,1,0,0
497,3.316,58.00,192.00,1,0,0
500,3.316,58.10,193.00,1,0,0
502,3.316,57.70,192.00,1,0,0
505,3.316,57.70,192.00,1,0,0
507,3.316,57.70,192.00,1,0,0
510,3.316,58.10,193.00,1,0,0
512,3.316,58.10,193.00,1,0,0
515,3.316,58.00,193.00,1,0,0
517,3.316,58.00,192.00,1,0,0
519,3.316,57.80,192.00,1,0,0
532,3.316,58.10,193.00,1,0,0
535,3.316,57.80,192.00,1,0,0
537,3.316,57.80,192.00,1,0,0
540,3.316,57.70,192.00,1,0,0
542,3.316,58.00,192.00,1,0,0
545,3.316,58.60,193.00,1,0,0
547,3.316,58.10,193.00,1,0,0
549,3.316,58.90,195.00,1,0,0
552,3.316,57.80,192.00,1,0,0
554,3.316,57.80,192.00,1,0,0
557,3.316,57.80,192.00,1,0,0
559,3.316,58.10,193.00,1,0,0
562,3.316,58.10,193.00,1,0,0
564,3.316,58.00,192.00,1,0,0
567,3.316,58.10,192.00,1,0,0
569,3.316,57.70,192.00,1,0,0
572,3.316,57.80,192.00,1,0,0
574,3.316,57.80,192.00,1,0,0
577,3.316,58.10,192.00,1,0,0
589,3.316,57.70,192.00,1,0,0
592,3.316,58.00,192.00,1,0,0
594,3.316,62.20,205.00,1,0,0
597,3.316,58.00,193.00,1,0,0
599,3.316,57.80,192.00,1,0,0
602,3.316,57.80,192.00,1,0,0
604,3.316,57.80,192.00,1,0,0
607,3.316,57.80,192.00,1,0,0
609,3.316,59.00,195.00,1,0,0
612,3.316,58.10,192.00,1,0,0
614,3.316,58.10,193.00,1,0,0
616,3.316,57.80,192.00,1,0,0
619,3.316,57.80,192.00,1,0,0
621,3.316,57.80,192.00,1,0,0
624,3.316,58.10,193.00,1,0,0
626,3.316,58.20,193.00,1,0,0
629,3.316,58.00,195.00,1,0,0
631,3.316,58.10,193.00,1,0,0
634,3.316,57.80,192.00,1,0,0
646,3.316,58.00,192.00,1,0,0
649,3.316,57.80,192.00,1,0,0
651,3.316,57.80,192.00,1,0,0
654,3.316,57.70,192.00,1,0,0
656,3.316,57.80,193.00,1,0,0
659,3.316,58.00,192.00,1,0,0
661,3.316,58.00,192.00,1,0,0
664,3.316,58.10,192.00,1,0,0
666,3.316,57.70,192.00,1,0,0
669,3.316,57.70,192.00,1,0,0
671,3.316,57.80,192.00,1,0,0
674,3.316,58.10,193.00,1,0,0
676,3.316,58.00,192.00,1,0,0
679,3.316,58.10,193.00,1,0,0
681,3.316,58.00,192.00,1,0,0
683,3.316,57.80,192.00,1,0,0
686,3.316,57.70,192.00,1,0,0
688,3.316,57.70,193.00,1,0,0
691,3.316,58.10,193.00,1,0,0
704,3.316,57.90,192.00,1,0,0
706,3.316,58.10,193.00,1,0,0
708,3.316,58.10,195.00,1,0,0
711,3.316,58.10,193.00,1,0,0
713,3.316,57.90,192.00,1,0,0
716,3.316,57.80,192.00,1,0,0
718,3.316,57.80,192.00,1,0,0
721,3.316,57.80,192.00,1,0,0
723,3.316,58.10,193.00,1,0,0
726,3.316,58.10,193.00,1,0,0
728,3.316,58.10,193.00,1,0,0
731,3.316,57.70,192.00,1,0,0
733,3.316,57.80,192.00,1,0,0
736,3.316,57.80,192.00,1,0,0
738,3.320,58.10,193.00,1,0,0
741,3.316,58.00,193.00,1,0,0
743,3.316,58.10,193.00,1,0,0
746,3.308,58.10,193.00,1,0,0
748,3.316,57.70,192.00,1,0,0
761,3.316,58.10,193.00,1,0,0
763,3.316,57.80,192.00,1,0,0
766,3.316,57.80,192.00,1,0,0
768,3.316,57.70,192.00,1,0,0
771,3.316,57.80,192.00,1,0,0
773,3.316,58.00,192.00,1,0,0
775,3.316,58.10,193.00,1,0,0
778,3.316,58.00,192.00,1,0,0
780,3.316,57.70,192.00,1,0,0
783,3.320,57.80,192.00,1,0,0
785,3.316,57.80,192.00,1,0,0
788,3.316,58.10,193.00,1,0,0
790,3.316,58.00,192.00,1,0,0
793,3.320,58.10,192.00,1,0,0
795,3.316,57.70,192.00,1,0,0
798,3.316,57.70,192.00,1,0,0
800,3.316,57.80,192.00,1,0,0
803,3.316,58.00,192.00,1,0,0
805,3.316,58.10,193.00,1,0,0
818,3.316,57.80,192.00,1,0,0
820,3.316,58.10,193.00,1,0,0
823,3.316,58.10,193.00,1,0,0
825,3.316,58.10,193.00,1,0,0
828,3.316,57.90,192.00,1,0,0
830,3.316,57.70,192.00,1,0,0
833,3.316,57.80,192.00,1,0,0
835,3.316,57.80,192.00,1,0,0
838,3.316,58.10,193.00,1,0,0
840,3.316,58.10,193.00,1,0,0
842,3.316,58.10,193.00,1,0,0
845,3.316,92.50,192.00,1,0,0
847,3.316,57.80,192.00,1,0,0
850,3.316,57.80,192.00,1,0,0
852,3.316,58.00,193.00,1,0,0
855,3.316,58.10,193.00,1,0,0
857,3.316,58.10,193.00,1,0,0
860,3.316,58.00,192.00,1,0,0
862,3.316,57.80,192.00,1,0,0
875,3.316,58.10,193.00,1,0,0
877,3.316,57.80,192.00,1,0,0
880,3.316,57.70,192.00,1,0,0
882,3.316,57.70,192.00,1,0,0
885,3.316,58.10,193.00,1,0,0
887,3.316,58.10,193.00,1,0,0
890,3.316,58.80,193.00,1,0,0
892,3.320,58.00,192.00,1,0,0
895,3.316,92.60,306.00,1,0,0
897,3.316,57.60,192.00,1,0,0
900,3.316,57.70,192.00,1,0,0
902,3.316,58.10,193.00,1,0,0
905,3.316,58.10,192.00,1,0,0
907,3.316,58.10,193.00,1,0,0
909,3.316,57.90,192.00,1,0,0
912,3.316,57.80,192.00,1,0,0
914,3.316,57.70,192.00,1,0,0
917,3.316,58.00,192.00,1,0,0
919,3.316,58.10,193.00,1,0,0
932,3.316,57.80,192.00,1,0,0
934,3.316,58.10,192.00,1,0,0
937,3.316,58.10,193.00,1,0,0
939,3.316,58.10,193.00,1,0,0
942,3.316,58.00,192.00,1,0,0
944,3.316,88.20,293.00,1,0,0
947,3.316,57.70,192.00,1,0,0
949,3.316,57.80,193.00,1,0,0
952,3.316,58.00,192.00,1,0,0
954,3.316,58.10,193.00,1,0,0
957,3.316,58.00,193.00,1,0,0
959,3.316,57.70,192.00,1,0,0
962,3.316,57.70,192.00,1,0,0
964,3.316,57.70,192.00,1,0,0
967,3.316,58.00,193.00,1,0,0
969,3.320,58.70,195.00,1,0,0
972,3.316,58.10,193.00,1,0,0
974,3.316,58.00,192.00,1,0,0
976,3.316,57.70,192.00,1,0,0
989,3.316,58.80,195.00,1,0,0
992,3.316,57.80,192.00,1,0,0
994,3.316,57.80,287.00,1,0,0
997,3.316,57.70,192.00,1,0,0
999,3.316,58.10,193.00,1,0,0
1001,3.316,58.10,193.00,1,0,0
1004,3.316,58.00,192.00,1,0,0
1006,3.316,58.10,193.00,1,0,0
1009,3.316,57.70,192.00,1,0,0
1011,3.316,57.70,192.00,1,0,0
1014,3.316,57.70,192.00,1,0,0
1016,3.316,58.10,193.00,1,0,0
1019,3.316,58.00,193.00,1,0,0
1021,3.316,58.00,192.00,1,0,0
1024,3.316,57.70,192.00,1,0,0
1026,3.316,57.70,192.00,1,0,0
1029,3.316,57.80,192.00,1,0,0
1041,3.316,57.80,192.00,1,0,0
1044,3.316,57.80,192.00,1,0,0
1046,3.316,57.60,192.00,1,0,0
1049,3.316,58.90,195.00,1,0,0
1051,3.316,58.10,193.00,1,0,0
1054,3.316,58.00,193.00,1,0,0
1056,3.316,57.80,192.00,1,0,0
1059,3.316,57.70,192.00,1,0,0
1061,3.316,57.70,192.00,1,0,0
1064,3.316,58.00,192.00,1,0,0
1066,3.316,58.10,193.00,1,0,0
1068,3.316,58.10,193.00,1,0,0
1071,3.316,58.00,193.00,1,0,0
1073,3.316,57.80,192.00,1,0,0
1076,3.316,57.80,192.00,1,0,0
1078,3.316,57.80,192.00,1,0,0
1091,3.316,57.70,192.00,1,0,0
1094,3.316,57.80,192.00,1,0,0
1096,3.316,57.70,192.00,1,0,0
1098,3.316,58.10,192.00,1,0,0
1101,3.316,58.00,192.00,1,0,0
1103,3.316,58.10,193.00,1,0,0
1106,3.320,57.70,192.00,1,0,0
1108,3.316,57.70,192.00,1,0,0
1111,3.316,57.70,192.00,1,0,0
1113,3.316,58.10,193.00,1,0,0
1116,3.320,58.00,192.00,1,0,0
1118,3.316,58.10,193.00,1,0,0
1121,3.316,58.10,193.00,1,0,0
1123,3.320,57.80,192.00,1,0,0
1126,3.316,57.70,192.00,1,0,0
1128,3.316,57.70,192.00,1,0,0
1141,3.316,57.70,192.00,1,0,0
1143,3.316,57.70,190.00,1,0,0
1146,3.300,58.00,192.00,1,0,0
1148,3.316,58.10,193.00,1,0,0
1151,3.316,58.10,192.00,1,0,0
1153,3.316,57.90,192.00,1,0,0
1156,3.316,57.80,192.00,1,0,0
1158,3.316,57.80,192.00,1,0,0
1161,3.316,57.70,192.00,1,0,0
1163,3.316,58.00,192.00,1,0,0
1165,3.316,58.10,193.00,1,0,0
1168,3.316,58.10,193.00,1,0,0
1170,3.316,57.70,192.00,1,0,0
1173,3.316,57.80,192.00,1,0,0
1175,3.316,57.70,192.00,1,0,0
1178,3.316,58.00,192.00,1,0,0
1191,3.316,57.70,192.00,1,0,0
1193,3.316,57.80,192.00,1,0,0
1195,3.296,58.40,192.00,1,0,0
1198,3.316,58.00,192.00,1,0,0
1200,3.316,58.10,193.00,1,0,0
1203,3.316,57.90,192.00,1,0,0
1205,3.316,57.80,192.00,1,0,0
1208,3.316,57.80,192.00,1,0,0
1210,3.316,57.80,193.00,1,0,0
1213,3.316,58.10,193.00,1,0,0
1215,3.316,58.00,192.00,1,0,0
1218,3.316,58.10,193.00,1,0,0
1220,3.316,57.80,192.00,1,0,0
1223,3.316,57.80,192.00,1,0,0
1225,3.316,57.80,192.00,1,0,0
1228,3.316,58.00,192.00,1,0,0
1240,3.316,57.80,192.00,1,0,0
1243,3.316,57.80,192.00,1,0,0
1245,3.292,58.10,193.00,1,0,0
1248,3.316,58.10,193.00,1,0,0
1250,3.316,58.00,192.00,1,0,0
1253,3.316,57.80,192.00,1,0,0
1255,3.316,57.80,192.00,1,0,0
1258,3.316,57.70,192.00,1,0,0
1260,3.316,58.10,193.00,1,0,0
1262,3.316,58.10,192.00,1,0,0
1265,3.316,58.10,193.00,1,0,0
1267,3.316,58.10,193.00,1,0,0
1270,3.316,57.80,192.00,1,0,0
1272,3.316,57.80,192.00,1,0,0
1275,3.316,57.70,192.00,1,0,0
1277,3.316,58.00,192.00,1,0,0
1290,3.316,57.70,192.00,1,0,0
1292,3.316,57.90,193.00,1,0,0
1295,3.316,58.10,193.00,1,0,0
1297,3.316,58.00,192.00,1,0,0
1300,3.316,58.10,192.00,1,0,0
1302,3.316,57.80,192.00,1,0,0
1305,3.316,57.80,192.00,1,0,0
1307,3.316,57.80,192.00,1,0,0
1310,3.316,58.00,192.00,1,0,0
1312,3.316,58.10,193.00,1,0,0
1315,3.316,58.00,192.00,1,0,0
1317,3.316,57.80,192.00,1,0,0
1320,3.316,57.70,192.00,1,0,0
1322,3.316,57.80,192.00,1,0,0
1325,3.316,58.00,192.00,1,0,0
1327,3.316,58.00,192.00,1,0,0
1340,3.316,57.80,192.00,1,0,0
1342,3.316,58.00,192.00,1,0,0
1345,3.316,61.90,192.00,1,0,0
1347,3.316,58.00,192.00,1,0,0
1350,3.316,60.20,200.00,1,0,0
1352,3.316,57.80,192.00,1,0,0
1355,3.316,57.80,192.00,1,0,0
1357,3.316,57.80,192.00,1,0,0
1359,3.316,58.10,193.00,1,0,0
1362,3.316,58.00,192.00,1,0,0
1364,3.316,58.10,193.00,1,0,0
1367,3.316,57.80,192.00,1,0,0
1369,3.316,57.80,192.00,1,0,0
1372,3.316,57.80,192.00,1,0,0
1374,3.316,58.10,192.00,1,0,0
1377,3.316,58.10,193.00,1,0,0
1389,3.316,57.70,192.00,1,0,0
1392,3.316,58.00,192.00,1,0,0
1394,3.316,64.30,213.00,1,0,0
1397,3.316,58.00,193.00,1,0,0
1399,3.316,57.80,192.00,1,0,0
1402,3.316,57.80,192.00,1,0,0
1404,3.316,57.80,192.00,1,0,0
1407,3.316,58.10,193.00,1,0,0
1409,3.316,59.10,197.00,1,0,0
1412,3.316,58.10,193.00,1,0,0
1414,3.316,58.00,192.00,1,0,0
1417,3.316,57.80,192.00,1,0,0
1419,3.316,57.80,192.00,1,0,0
1422,3.316,57.80,192.00,1,0,0
1424,3.316,58.10,193.00,1,0,0
1427,3.316,58.10,193.00,1,0,0
1439,3.316,58.00,192.00,1,0,0
1442,3.316,58.10,192.00,1,0,0
1444,3.316,64.60,213.00,1,0,0
1447,3.316,58.00,192.00,1,0,0
1449,3.316,57.80,192.00,1,0,0
1452,3.316,57.90,192.00,1,0,0
1454,3.316,57.80,192.00,1,0,0
1457,3.320,58.10,193.00,1,0,0
1459,3.316,58.10,193.00,1,0,0
1461,3.316,58.00,192.00,1,0,0
1464,3.316,57.80,192.00,1,0,0
1466,3.316,57.80,192.00,1,0,0
1469,3.316,57.70,192.00,1,0,0
1471,3.316,57.80,193.00,1,0,0
1474,3.316,58.20,193.00,1,0,0
1476,3.316,58.10,193.00,1,0,0
1489,3.316,58.80,195.00,1,0,0
1491,3.316,58.20,193.00,1,0,0
1494,3.316,58.00,244.00,1,0,0
1496,3.308,57.70,192.00,1,0,0
1499,3.316,57.70,192.00,1,0,0
1501,3.316,57.80,192.00,1,0,0
1504,3.316,57.90,192.00,1,0,0
1506,3.316,58.10,193.00,1,0,0
1509,3.316,58.10,195.00,1,0,0
1511,3.320,58.10,193.00,1,0,0
1514,3.316,57.70,192.00,1,0,0
1516,3.316,57.70,192.00,1,0,0
1519,3.316,57.80,192.00,1,0,0
1521,3.316,58.20,193.00,1,0,0
1524,3.316,58.00,192.00,1,0,0
1526,3.316,58.10,193.00,1,0,0
1539,3.316,58.10,193.00,1,0,0
1541,3.316,58.00,192.00,1,0,0
1544,3.316,58.00,192.00,1,0,0
1546,3.316,57.70,192.00,1,0,0
1549,3.316,57.70,192.00,1,0,0
1551,3.316,57.80,192.00,1,0,0
1554,3.316,58.00,193.00,1,0,0
1556,3.316,58.10,193.00,1,0,0
1558,3.316,58.10,193.00,1,0,0
1561,3.316,58.10,192.00,1,0,0
1563,3.316,57.70,192.00,1,0,0
1566,3.316,57.70,192.00,1,0,0
1568,3.316,57.80,192.00,1,0,0
1571,3.316,58.10,193.00,1,0,0
1573,3.316,58.10,193.00,1,0,0
1576,3.316,58.00,193.00,1,0,0
1588,3.316,58.10,195.00,1,0,0
1591,3.316,58.10,193.00,1,0,0
1593,3.316,58.10,193.00,1,0,0
1596,3.316,57.80,192.00,1,0,0
1598,3.316,57.70,192.00,1,0,0
1601,3.316,57.80,192.00,1,0,0
1603,3.316,58.10,193.00,1,0,0
1606,3.320,58.10,192.00,1,0,0
1608,3.316,58.20,193.00,1,0,0
1611,3.316,57.80,192.00,1,0,0
1613,3.316,57.80,192.00,1,0,0
1616,3.316,57.80,192.00,1,0,0
1618,3.316,57.80,192.00,1,0,0
1621,3.316,58.20,192.00,1,0,0
1623,3.316,58.10,193.00,1,0,0
1625,3.316,58.00,192.00,1,0,0
1638,3.316,58.10,193.00,1,0,0
1641,3.316,58.10,193.00,1,0,0
1643,3.316,57.70,192.00,1,0,0
1646,3.316,57.70,192.00,1,0,0
1648,3.316,57.70,192.00,1,0,0
1651,3.316,57.80,192.00,1,0,0
1653,3.316,58.00,192.00,1,0,0
1655,3.316,58.10,193.00,1,0,0
1658,3.316,58.10,193.00,1,0,0
1660,3.316,57.80,192.00,1,0,0
1663,3.316,57.80,192.00,1,0,0
1665,3.316,57.80,192.00,1,0,0
1668,3.316,58.00,193.00,1,0,0
1670,3.316,58.20,193.00,1,0,0
1673,3.320,58.00,193.00,1,0,0
1675,3.316,57.90,192.00,1,0,0
1688,3.316,58.10,193.00,1,0,0
1690,3.316,58.10,193.00,1,0,0
1693,3.316,57.70,192.00,1,0,0
1695,3.316,57.60,192.00,1,0,0
1698,3.316,57.70,192.00,1,0,0
1700,3.316,58.00,193.00,1,0,0
1703,3.316,58.10,193.00,1,0,0
1705,3.316,58.10,193.00,1,0,0
1708,3.316,58.10,193.00,1,0,0
1710,3.316,57.80,192.00,1,0,0
1713,3.316,57.80,192.00,1,0,0
1715,3.316,57.80,192.00,1,0,0
1718,3.316,58.00,193.00,1,0,0
1720,3.316,58.10,193.00,1,0,0
1722,3.316,58.00,192.00,1,0,0
1725,3.316,57.90,192.00,1,0,0
1738,3.316,58.10,192.00,1,0,0
1740,3.316,58.00,192.00,1,0,0
1743,3.316,57.70,192.00,1,0,0
1745,3.312,85.70,192.00,1,0,0
1748,3.316,57.70,192.00,1,0,0
1750,3.316,58.10,193.00,1,0,0
1752,3.316,58.10,192.00,1,0,0
1755,3.316,58.10,193.00,1,0,0
1757,3.320,57.80,192.00,1,0,0
1760,3.320,57.70,192.00,1,0,0
1762,3.316,57.70,192.00,1,0,0
1765,3.316,58.00,192.00,1,0,0
1767,3.316,58.00,192.00,1,0,0
1770,3.316,58.80,193.00,1,0,0
1772,3.316,58.10,193.00,1,0,0
1775,3.316,57.70,192.00,1,0,0
1787,3.316,58.10,193.00,1,0,0
1790,3.316,58.60,192.00,1,0,0
1792,3.316,57.70,192.00,1,0,0
1795,3.312,85.90,285.00,1,0,0
1802,3.316,58.10,193.00,1,0,0
1805,3.316,58.10,193.00,1,0,0
1807,3.316,57.80,192.00,1,0,0
1810,3.316,57.70,192.00,1,0,0
1812,3.316,57.80,192.00,1,0,0
1815,3.316,58.00,193.00,1,0,0
1817,3.316,58.10,193.00,1,0,0
1819,3.316,58.10,193.00,1,0,0
1822,3.316,58.10,192.00,1,0,0
1824,3.316,57.80,192.00,1,0,0
1827,3.316,57.80,192.00,1,0,0
1829,3.316,57.80,192.00,1,0,0
1832,3.316,58.10,193.00,1,0,0
1834,3.316,58.10,193.00,1,0,0
1837,3.316,58.10,193.00,1,0,0
1839,3.316,57.80,192.00,1,0,0
1852,3.316,58.10,193.00,1,0,0
1854,3.316,58.10,193.00,1,0,0
1857,3.316,57.80,192.00,1,0,0
1859,3.316,57.80,192.00,1,0,0
1862,3.316,57.70,192.00,1,0,0
1864,3.316,58.00,192.00,1,0,0
1867,3.316,58.00,193.00,1,0,0
1869,3.316,58.80,195.00,1,0,0
1872,3.316,57.80,192.00,1,0,0
1874,3.316,57.80,192.00,1,0,0
1877,3.316,57.80,192.00,1,0,0
1879,3.316,57.90,192.00,1,0,0
1882,3.316,58.10,192.00,1,0,0
1884,3.316,58.10,193.00,1,0,0
1887,3.316,58.00,192.00,1,0,0
1889,3.316,57.70,192.00,1,0,0
1902,3.316,58.10,193.00,1,0,0
1904,3.316,57.80,192.00,1,0,0
1907,3.316,57.70,192.00,1,0,0
1909,3.316,57.70,192.00,1,0,0
1912,3.316,58.00,192.00,1,0,0
1914,3.316,58.10,193.00,1,0,0
1917,3.316,58.10,193.00,1,0,0
1919,3.320,58.10,193.00,1,0,0
1921,3.316,57.80,192.00,1,0,0
1924,3.316,57.80,192.00,1,0,0
1926,3.316,57.70,192.00,1,0,0
1929,3.316,58.80,195.00,1,0,0
1931,3.316,58.10,193.00,1,0,0
1934,3.316,58.00,193.00,1,0,0
1936,3.320,57.80,192.00,1,0,0
1939,3.316,57.80,192.00,1,0,0
1951,3.316,58.00,192.00,1,0,0
1954,3.316,57.70,192.00,1,0,0
1956,3.316,57.70,192.00,1,0,0
1959,3.316,57.80,192.00,1,0,0
1961,3.316,58.00,192.00,1,0,0
1964,3.316,58.00,192.00,1,0,0
1966,3.316,58.00,192.00,1,0,0
1969,3.316,58.10,192.00,1,0,0
1971,3.316,57.70,192.00,1,0,0
1974,3.320,57.80,192.00,1,0,0
1976,3.316,57.80,192.00,1,0,0
1979,3.316,58.10,193.00,1,0,0
1981,3.316,58.10,193.00,1,0,0
1984,3.316,58.00,192.00,1,0,0
1986,3.316,57.80,192.00,1,0,0
1988,3.316,57.70,192.00,1,0,0
2001,3.316,57.90,192.00,1,0,0
2004,3.316,57.80,192.00,1,0,0
2006,3.316,57.80,192.00,1,0,0
2009,3.316,57.70,192.00,1,0,0
2011,3.316,58.10,193.00,1,0,0
2014,3.316,58.00,193.00,1,0,0
2016,3.316,58.10,193.00,1,0,0
2018,3.316,57.70,192.00,1,0,0
2021,3.316,57.80,192.00,1,0,0
2023,3.316,57.70,192.00,1,0,0
2026,3.316,58.00,193.00,1,0,0
2028,3.316,58.10,193.00,1,0,0
2031,3.320,58.80,192.00,1,0,0
2033,3.316,58.10,193.00,1,0,0
2036,3.316,57.80,192.00,1,0,0
2038,3.316,57.70,192.00,1,0,0
2051,3.320,58.50,192.00,1,0,0
2053,3.316,57.80,192.00,1,0,0
2056,3.316,57.70,192.00,1,0,0
2058,3.316,57.80,192.00,1,0,0
2061,3.316,58.00,192.00,1,0,0
2063,3.316,58.00,192.00,1,0,0
2066,3.316,58.00,192.00,1,0,0
2068,3.316,57.70,192.00,1,0,0
2071,3.316,57.80,192.00,1,0,0
2073,3.316,57.80,192.00,1,0,0
2076,3.316,58.00,192.00,1,0,0
2078,3.316,58.00,192.00,1,0,0
2081,3.316,58.10,193.00,1,0,0
2083,3.316,58.10,192.00,1,0,0
2085,3.316,57.80,192.00,1,0,0
2088,3.316,57.70,192.00,1,0,0
2101,3.316,57.80,192.00,1,0,0
2103,3.316,57.80,192.00,1,0,0
2106,3.316,57.70,192.00,1,0,0
2108,3.316,58.10,193.00,1,0,0
2111,3.316,58.80,192.00,1,0,0
2113,3.316,58.10,193.00,1,0,0
2115,3.316,58.00,192.00,1,0,0
2118,3.316,57.80,192.00,1,0,0
2120,3.316,57.80,192.00,1,0,0
2123,3.316,57.80,192.00,1,0,0
2125,3.316,58.10,192.00,1,0,0
2128,3.316,58.00,192.00,1,0,0
2130,3.316,58.80,195.00,1,0,0
2133,3.316,57.80,192.00,1,0,0
2135,3.316,57.80,192.00,1,0,0
2138,3.316,57.80,192.00,1,0,0
2150,3.316,57.80,192.00,1,0,0
2153,3.316,57.70,192.00,1,0,0
2155,3.316,57.80,192.00,1,0,0
2158,3.316,58.10,193.00,1,0,0
2160,3.316,58.00,192.00,1,0,0
2163,3.320,58.00,193.00,1,0,0
2165,3.316,57.70,192.00,1,0,0
2168,3.316,57.70,192.00,1,0,0
2170,3.316,57.80,192.00,1,0,0
2173,3.316,58.10,193.00,1,0,0
2175,3.316,58.10,193.00,1,0,0
2178,3.316,58.00,192.00,1,0,0
2180,3.316,58.00,192.00,1,0,0
2182,3.316,57.70,192.00,1,0,0
2185,3.316,57.70,192.00,1,0,0
2187,3.316,57.80,192.00,1,0,0
2200,3.316,57.80,192.00,1,0,0
2203,3.316,57.80,192.00,1,0,0
2205,3.320,58.00,192.00,1,0,0
2208,3.316,58.00,192.00,1,0,0
2210,3.316,58.90,195.00,1,0,0
2212,3.316,58.10,193.00,1,0,0
2215,3.316,57.80,192.00,1,0,0
2217,3.316,57.80,192.00,1,0,0
2220,3.316,57.80,192.00,1,0,0
2222,3.316,58.10,193.00,1,0,0
2225,3.316,58.10,193.00,1,0,0
2227,3.316,58.10,193.00,1,0,0
2230,3.316,58.00,192.00,1,0,0
2232,3.316,57.80,192.00,1,0,0
2235,3.316,57.80,192.00,1,0,0
2237,3.316,57.80,192.00,1,0,0
2250,3.316,57.70,192.00,1,0,0
2252,3.316,57.70,192.00,1,0,0
2255,3.316,58.00,192.00,1,0,0
2257,3.316,58.00,192.00,1,0,0
2260,3.316,58.00,193.00,1,0,0
2262,3.316,57.80,192.00,1,0,0
2265,3.316,57.80,192.00,1,0,0
2267,3.316,57.70,192.00,1,0,0
2270,3.316,57.80,192.00,1,0,0
2272,3.316,58.10,193.00,1,0,0
2275,3.316,58.10,193.00,1,0,0
2277,3.316,58.10,193.00,1,0,0
2280,3.316,57.70,192.00,1,0,0
2282,3.316,57.80,192.00,1,0,0
2284,3.316,57.80,192.00,1,0,0
2287,3.316,58.00,192.00,1,0,0
2300,3.316,57.80,192.00,1,0,0
2302,3.312,57.70,192.00,1,0,0
2305,3.316,58.10,193.00,1,0,0
2307,3.316,58.00,192.00,1,0,0
2309,3.316,58.00,192.00,1,0,0
2312,3.316,57.70,192.00,1,0,0
2314,3.316,57.80,192.00,1,0,0
2317,3.316,57.70,192.00,1,0,0
2319,3.316,57.80,192.00,1,0,0
2322,3.316,58.10,193.00,1,0,0
2324,3.316,58.00,192.00,1,0,0
2327,3.316,58.10,192.00,1,0,0
2329,3.316,57.80,192.00,1,0,0
2332,3.316,57.70,192.00,1,0,0
2334,3.316,57.80,192.00,1,0,0
2337,3.316,58.00,192.00,1,0,0
2349,3.316,57.70,192.00,1,0,0
2352,3.312,58.00,192.00,1,0,0
2354,3.316,58.10,193.00,1,0,0
2357,3.316,58.00,192.00,1,0,0
2359,3.316,58.10,193.00,1,0,0
2362,3.316,57.90,192.00,1,0,0
2364,3.316,57.80,192.00,1,0,0
2367,3.316,57.80,192.00,1,0,0
2369,3.316,58.00,192.00,1,0,0
2372,3.316,58.10,193.00,1,0,0
2374,3.316,58.10,193.00,1,0,0
2377,3.316,57.80,192.00,1,0,0
2379,3.316,57.80,192.00,1,0,0
2381,3.316,57.80,192.00,1,0,0
2384,3.316,57.70,192.00,1,0,0
2386,3.316,58.10,193.00,1,0,0
2399,3.316,57.70,192.00,1,0,0
2402,3.316,58.00,193.00,1,0,0
2404,3.316,58.10,193.00,1,0,0
2406,3.316,58.10,193.00,1,0,0
2409,3.316,58.00,192.00,1,0,0
2411,3.316,57.80,192.00,1,0,0
2414,3.316,57.70,192.00,1,0,0
2416,3.316,57.80,192.00,1,0,0
2419,3.316,58.10,193.00,1,0,0
2421,3.316,58.10,193.00,1,0,0
2424,3.316,58.20,192.00,1,0,0
2426,3.316,57.80,192.00,1,0,0
2429,3.316,57.80,192.00,1,0,0
2431,3.316,57.80,192.00,1,0,0
2434,3.316,58.10,193.00,1,0,0
2436,3.316,58.10,193.00,1,0,0
2449,3.320,57.70,192.00,1,0,0
2451,3.316,58.10,193.00,1,0,0
2454,3.316,58.10,193.00,1,0,0
2456,3.316,58.00,192.00,1,0,0
2459,3.312,57.80,192.00,1,0,0
2461,3.316,57.70,192.00,1,0,0
2464,3.316,57.70,192.00,1,0,0
2466,3.316,58.00,192.00,1,0,0
2469,3.316,58.10,193.00,1,0,0
2471,3.316,58.10,193.00,1,0,0
2474,3.316,58.10,193.00,1,0,0
2476,3.316,57.80,192.00,1,0,0
2478,3.316,57.70,192.00,1,0,0
2481,3.312,57.70,192.00,1,0,0
2483,3.316,58.10,193.00,1,0,0
2486,3.316,58.10,193.00,1,0,0
2499,3.316,58.00,192.00,1,0,0
2501,3.316,58.10,193.00,1,0,0
2504,3.316,58.00,192.00,1,0,0
2506,3.320,58.10,193.00,1,0,0
2508,3.316,57.80,192.00,1,0,0
2511,3.316,57.70,192.00,1,0,0
2513,3.316,57.70,192.00,1,0,0
2516,3.316,58.00,192.00,1,0,0
2518,3.316,58.10,193.00,1,0,0
2521,3.316,58.00,193.00,1,0,0
2523,3.316,57.80,192.00,1,0,0
2526,3.316,57.80,192.00,1,0,0
2528,3.316,57.70,192.00,1,0,0
2531,3.316,57.80,192.00,1,0,0
2533,3.316,58.00,192.00,1,0,0
2536,3.316,58.10,192.00,1,0,0
2548,3.316,58.00,193.00,1,0,0
2551,3.316,58.10,193.00,1,0,0
2553,3.316,58.10,193.00,1,0,0
2556,3.316,58.10,193.00,1,0,0
2558,3.316,57.80,192.00,1,0,0
2561,3.316,57.70,192.00,1,0,0
2563,3.316,57.80,192.00,1,0,0
2566,3.316,58.00,193.00,1,0,0
2568,3.316,58.10,193.00,1,0,0
2571,3.316,58.80,195.00,1,0,0
2573,3.316,57.70,192.00,1,0,0
2575,3.316,57.70,192.00,1,0,0
2578,3.316,57.80,192.00,1,0,0
2580,3.316,57.90,193.00,1,0,0
2583,3.316,58.00,192.00,1,0,0
2585,3.316,58.10,193.00,1,0,0
2598,3.316,58.10,193.00,1,0,0
2601,3.316,58.00,193.00,1,0,0
2603,3.316,58.00,192.00,1,0,0
2605,3.316,57.80,192.00,1,0,0
2608,3.316,57.70,192.00,1,0,0
2610,3.316,57.80,192.00,1,0,0
2613,3.320,58.00,192.00,1,0,0
2615,3.316,58.10,193.00,1,0,0
2618,3.316,58.10,193.00,1,0,0
2620,3.316,58.00,192.00,1,0,0
2623,3.316,57.70,192.00,1,0,0
2625,3.316,57.70,192.00,1,0,0
2628,3.316,57.70,192.00,1,0,0
2630,3.316,58.70,195.00,1,0,0
2633,3.316,58.10,192.00,1,0,0
2635,3.316,58.10,193.00,1,0,0
2648,3.316,58.10,193.00,1,0,0
2650,3.316,58.80,195.00,1,0,0
2653,3.316,58.10,192.00,1,0,0
2655,3.316,57.70,192.00,1,0,0
2658,3.316,57.80,192.00,1,0,0
2660,3.316,57.70,192.00,1,0,0
2663,3.316,58.00,192.00,1,0,0
2665,3.316,58.00,192.00,1,0,0
2668,3.316,58.00,192.00,1,0,0
2670,3.316,58.00,192.00,1,0,0
2672,3.316,57.70,192.00,1,0,0
2675,3.316,57.70,192.00,1,0,0
2677,3.316,57.80,192.00,1,0,0
2680,3.316,58.10,193.00,1,0,0
2682,3.316,58.10,193.00,1,0,0
2685,3.316,58.00,193.00,1,0,0
2698,3.316,58.00,193.00,1,0,0
2700,3.316,58.10,193.00,1,0,0
2702,3.320,58.00,192.00,1,0,0
2705,3.316,57.80,192.00,1,0,0
2707,3.316,57.80,192.00,1,0,0
2710,3.320,57.70,192.00,1,0,0
2712,3.316,58.00,192.00,1,0,0
2715,3.316,58.00,193.00,1,0,0
2717,3.316,58.00,192.00,1,0,0
2720,3.316,57.80,192.00,1,0,0
2722,3.316,57.80,192.00,1,0,0
2725,3.320,57.80,192.00,1,0,0
2727,3.316,58.00,192.00,1,0,0
2730,3.316,58.00,195.00,1,0,0
2732,3.316,58.00,192.00,1,0,0
2735,3.320,58.10,193.00,1,0,0
2747,3.316,58.10,193.00,1,0,0
2750,3.316,58.00,195.00,1,0,0
2752,3.316,57.80,192.00,1,0,0
2755,3.316,57.70,192.00,1,0,0
2757,3.316,57.80,192.00,1,0,0
2760,3.316,58.10,193.00,1,0,0
2762,3.316,58.00,192.00,1,0,0
2765,3.316,58.10,193.00,1,0,0
2767,3.316,58.00,192.00,1,0,0
2769,3.316,57.80,192.00,1,0,0
2772,3.316,57.80,192.00,1,0,0
2774,3.316,57.70,192.00,1,0,0
2777,3.320,58.10,193.00,1,0,0
2779,3.316,58.00,192.00,1,0,0
2782,3.316,58.10,193.00,1,0,0
2784,3.316,57.80,192.00,1,0,0
2797,3.320,58.00,193.00,1,0,0
2799,3.316,58.00,192.00,1,0,0
2802,3.316,57.80,192.00,1,0,0
2804,3.316,57.80,192.00,1,0,0
2807,3.316,57.80,192.00,1,0,0
2809,3.316,58.10,195.00,1,0,0
2812,3.316,58.10,193.00,1,0,0
2814,3.316,58.10,193.00,1,0,0
2817,3.320,58.10,192.00,1,0,0
2819,3.316,57.80,192.00,1,0,0
2822,3.316,57.80,192.00,1,0,0
2824,3.316,57.80,192.00,1,0,0
2827,3.320,58.00,193.00,1,0,0
2829,3.316,58.10,193.00,1,0,0
2832,3.316,58.10,193.00,1,0,0
2834,3.316,57.80,192.00,1,0,0
2847,3.316,58.00,193.00,1,0,0
2849,3.320,57.90,192.00,1,0,0
2852,3.316,57.80,192.00,1,0,0
2854,3.316,57.80,192.00,1,0,0
2857,3.316,57.80,192.00,1,0,0
2859,3.316,58.00,192.00,1,0,0
2862,3.316,58.10,193.00,1,0,0
2864,3.320,58.00,192.00,1,0,0
2867,3.316,57.80,192.00,1,0,0
2869,3.316,57.70,192.00,1,0,0
2871,3.316,57.80,192.00,1,0,0
2874,3.316,58.10,193.00,1,0,0
2876,3.320,58.10,193.00,1,0,0
2879,3.316,58.10,193.00,1,0,0
2881,3.316,58.00,192.00,1,0,0
2884,3.316,57.70,192.00,1,0,0
2896,3.316,58.00,192.00,1,0,0
2899,3.316,57.80,192.00,1,0,0
2901,3.316,57.80,192.00,1,0,0
2904,3.320,57.90,192.00,1,0,0
2906,3.316,57.80,193.00,1,0,0
2909,3.316,58.00,192.00,1,0,0
2911,3.316,58.00,192.00,1,0,0
2914,3.316,58.10,192.00,1,0,0
2916,3.316,57.80,192.00,1,0,0
2919,3.316,57.80,192.00,1,0,0
2921,3.316,57.70,192.00,1,0,0
2924,3.316,58.10,193.00,1,0,0
2926,3.316,58.10,193.00,1,0,0
2929,3.316,58.10,193.00,1,0,0
2931,3.316,58.80,192.00,1,0,0
2934,3.316,57.80,192.00,1,0,0
2946,3.300,58.00,192.00,1,0,0
2949,3.316,57.70,192.00,1,0,0
2951,3.316,57.80,192.00,1,0,0
2954,3.316,57.80,192.00,1,0,0
2956,3.316,58.00,192.00,1,0,0
2959,3.316,58.00,193.00,1,0,0
2961,3.316,58.10,193.00,1,0,0
2964,3.316,57.80,192.00,1,0,0
2966,3.316,57.80,192.00,1,0,0
2968,3.316,57.80,192.00,1,0,0
2971,3.316,57.80,192.00,1,0,0
2973,3.316,58.00,193.00,1,0,0
2976,3.316,58.10,193.00,1,0,0
2978,3.316,58.00,192.00,1,0,0
2981,3.316,57.70,192.00,1,0,0
2983,3.316,57.80,192.00,1,0,0
2996,3.308,58.10,192.00,1,0,0
2998,3.316,57.70,192.00,1,0,0
3001,3.316,57.80,192.00,1,0,0
3003,3.316,57.80,192.00,1,0,0
3006,3.316,58.20,193.00,1,0,0
3008,3.316,58.10,193.00,1,0,0
3011,3.316,58.80,193.00,1,0,0
3013,3.316,57.80,192.00,1,0,0
3016,3.316,57.80,192.00,1,0,0
3018,3.316,57.70,192.00,1,0,0
3021,3.316,58.00,192.00,1,0,0
3023,3.316,58.10,193.00,1,0,0
3026,3.316,58.10,193.00,1,0,0
3028,3.320,58.00,192.00,1,0,0
3031,3.316,57.80,192.00,1,0,0
3033,3.316,57.80,192.00,1,0,0
3046,3.316,57.70,192.00,1,0,0
3048,3.316,57.80,192.00,1,0,0
3051,3.316,57.80,192.00,1,0,0
3053,3.316,58.00,192.00,1,0,0
3056,3.316,58.00,192.00,1,0,0
3058,3.316,58.10,193.00,1,0,0
3061,3.316,58.00,192.00,1,0,0
3063,3.316,57.80,192.00,1,0,0
3065,3.316,57.80,192.00,1,0,0
3068,3.316,57.80,192.00,1,0,0
3070,3.316,58.70,192.00,1,0,0
3073,3.316,58.10,193.00,1,0,0
3075,3.316,58.00,192.00,1,0,0
3078,3.320,57.90,192.00,1,0,0
3080,3.316,57.80,192.00,1,0,0
3083,3.316,57.80,192.00,1,0,0
3095,3.316,57.80,192.00,1,0,0
3098,3.316,57.70,192.00,1,0,0
3100,3.316,57.80,192.00,1,0,0
3103,3.316,58.10,193.00,1,0,0
3105,3.316,58.10,193.00,1,0,0
3108,3.320,58.10,193.00,1,0,0
3110,3.316,58.00,192.00,1,0,0
3113,3.316,57.80,192.00,1,0,0
3115,3.316,57.80,192.00,1,0,0
3118,3.316,57.90,192.00,1,0,0
3120,3.316,58.10,193.00,1,0,0
3123,3.316,58.10,193.00,1,0,0
3125,3.316,58.10,193.00,1,0,0
3128,3.316,57.80,192.00,1,0,0
3130,3.316,57.70,192.00,1,0,0
3132,3.320,57.80,192.00,1,0,0
3145,3.316,92.50,192.00,1,0,0
3148,3.316,57.70,192.00,1,0,0
3150,3.316,57.80,192.00,1,0,0
3153,3.316,58.20,193.00,1,0,0
3155,3.316,58.10,193.00,1,0,0
3158,3.316,58.10,193.00,1,0,0
3160,3.316,57.80,192.00,1,0,0
3162,3.316,57.80,192.00,1,0,0
3165,3.316,57.80,192.00,1,0,0
3167,3.316,58.00,193.00,1,0,0
3170,3.316,58.90,195.00,1,0,0
3172,3.316,58.10,193.00,1,0,0
3175,3.316,58.10,192.00,1,0,0
3177,3.316,57.70,192.00,1,0,0
3180,3.316,57.80,192.00,1,0,0
3182,3.316,57.70,192.00,1,0,0
3195,3.316,89.10,295.00,1,0,0
3197,3.316,57.70,192.00,1,0,0
3200,3.316,58.00,192.00,1,0,0
3202,3.316,58.10,193.00,1,0,0
3205,3.316,58.00,193.00,1,0,0
3207,3.316,58.10,193.00,1,0,0
3210,3.316,57.70,192.00,1,0,0
3212,3.316,57.70,192.00,1,0,0
3215,3.316,57.70,192.00,1,0,0
3217,3.316,58.10,193.00,1,0,0
3220,3.316,58.10,193.00,1,0,0
3222,3.316,58.10,193.00,1,0,0
3225,3.316,57.80,192.00,1,0,0
3227,3.316,57.80,192.00,1,0,0
3229,3.316,57.80,192.00,1,0,0
3232,3.316,57.70,192.00,1,0,0
3245,3.316,86.20,287.00,1,0,0
3247,3.316,57.80,192.00,1,0,0
3250,3.316,58.10,195.00,1,0,0
3252,3.320,58.20,193.00,1,0,0
3255,3.316,58.10,193.00,1,0,0
3257,3.320,58.10,192.00,1,0,0
3259,3.316,57.80,192.00,1,0,0
3262,3.316,57.80,192.00,1,0,0
3264,3.316,57.80,192.00,1,0,0
3267,3.316,58.00,192.00,1,0,0
3269,3.316,58.10,193.00,1,0,0
3272,3.316,58.20,193.00,1,0,0
3274,3.316,57.80,192.00,1,0,0
3277,3.316,57.80,192.00,1,0,0
3279,3.316,57.80,192.00,1,0,0
3282,3.316,58.10,193.00,1,0,0
3294,3.316,86.40,287.00,1,0,0
3297,3.320,57.80,192.00,1,0,0
3299,3.316,58.00,193.00,1,0,0
3302,3.316,58.10,193.00,1,0,0
3304,3.316,58.10,193.00,1,0,0
3307,3.316,57.80,192.00,1,0,0
3309,3.316,57.70,192.00,1,0,0
3312,3.316,57.80,192.00,1,0,0
3314,3.316,58.00,193.00,1,0,0
3317,3.316,58.10,193.00,1,0,0
3319,3.316,58.00,192.00,1,0,0
3322,3.316,58.10,193.00,1,0,0
3324,3.316,57.80,192.00,1,0,0
3327,3.316,57.80,192.00,1,0,0
3329,3.316,57.80,192.00,1,0,0
3331,3.316,58.10,193.00,1,0,0
3344,3.316,57.80,267.00,1,0,0
3347,3.320,58.10,193.00,1,0,0
3349,3.316,58.10,193.00,1,0,0
3352,3.316,58.10,193.00,1,0,0
3354,3.316,58.10,193.00,1,0,0
3356,3.316,57.90,192.00,1,0,0
3359,3.316,57.80,192.00,1,0,0
3361,3.316,57.80,192.00,1,0,0
3364,3.316,58.10,193.00,1,0,0
3366,3.316,58.10,193.00,1,0,0
3369,3.316,58.10,193.00,1,0,0
3371,3.320,57.80,192.00,1,0,0
3374,3.316,57.80,192.00,1,0,0
3376,3.320,57.80,192.00,1,0,0
3379,3.316,57.90,192.00,1,0,0
3381,3.316,58.10,193.00,1,0,0
3394,3.316,57.70,190.00,1,0,0
3396,3.316,58.10,193.00,1,0,0
3399,3.320,58.10,193.00,1,0,0
3401,3.316,58.00,192.00,1,0,0
3404,3.316,58.00,192.00,1,0,0
3406,3.316,57.80,192.00,1,0,0
3409,3.316,57.70,192.00,1,0,0
3411,3.316,57.70,192.00,1,0,0
3414,3.316,58.10,192.00,1,0,0
3416,3.316,58.00,192.00,1,0,0
3419,3.316,58.00,192.00,1,0,0
3421,3.316,57.80,192.00,1,0,0
3424,3.316,57.80,192.00,1,0,0
3426,3.316,57.80,192.00,1,0,0
3428,3.316,57.90,193.00,1,0,0
3431,3.316,58.10,193.00,1,0,0
3444,3.316,57.80,190.00,1,0,0
3446,3.316,58.10,193.00,1,0,0
3449,3.316,58.10,193.00,1,0,0
3451,3.320,58.10,193.00,1,0,0
3453,3.316,57.80,192.00,1,0,0
3456,3.316,57.80,192.00,1,0,0
3458,3.316,57.80,192.00,1,0,0
3461,3.316,58.00,192.00,1,0,0
3463,3.316,58.10,193.00,1,0,0
3466,3.316,58.10,193.00,1,0,0
3468,3.320,58.10,193.00,1,0,0
3471,3.316,57.80,192.00,1,0,0
3473,3.316,57.80,192.00,1,0,0
3476,3.316,57.80,192.00,1,0,0
3478,3.316,58.10,193.00,1,0,0
3481,3.316,58.10,193.00,1,0,0
3493,3.316,57.80,192.00,1,0,0
3496,3.296,58.00,192.00,1,0,0
3498,3.316,58.10,193.00,1,0,0
3501,3.316,58.10,192.00,1,0,0
3503,3.316,57.80,192.00,1,0,0
3506,3.316,57.80,192.00,1,0,0
3508,3.316,57.80,192.00,1,0,0
3511,3.316,58.00,192.00,1,0,0
3513,3.316,58.10,193.00,1,0,0
3516,3.316,58.10,193.00,1,0,0
3518,3.316,58.10,192.00,1,0,0
3521,3.316,57.80,192.00,1,0,0
3523,3.316,57.80,192.00,1,0,0
3525,3.316,57.80,192.00,1,0,0
3528,3.316,58.10,193.00,1,0,0
3530,3.316,58.80,195.00,1,0,0
3543,3.316,58.10,193.00,1,0,0
3546,3.296,58.20,192.00,1,0,0
3548,3.316,58.00,192.00,1,0,0
3551,3.316,58.60,195.00,1,0,0
3553,3.316,57.80,192.00,1,0,0
3555,3.316,57.80,192.00,1,0,0
3558,3.316,57.80,192.00,1,0,0
3560,3.316,58.10,193.00,1,0,0
3563,3.316,58.10,193.00,1,0,0
3565,3.316,58.20,193.00,1,0,0
3568,3.316,57.80,192.00,1,0,0
3570,3.316,57.70,192.00,1,0,0
3573,3.316,57.80,192.00,1,0,0
3575,3.316,58.00,192.00,1,0,0
3578,3.316,58.10,193.00,1,0,0
3580,3.316,58.10,193.00,1,0,0
3593,3.316,58.10,193.00,1,0,0
3595,3.300,58.20,193.00,1,0,0
3598,3.316,58.00,193.00,1,0,0
3600,3.316,57.80,192.00,1,0,0
3603,3.316,57.80,192.00,1,0,0
3605,3.316,57.80,192.00,1,0,0
3608,3.316,58.10,193.00,1,0,0
3610,3.316,59.00,195.00,1,0,0
3613,3.316,58.10,193.00,1,0,0
3615,3.316,58.00,192.00,1,0,0
3618,3.316,57.80,192.00,1,0,0
3620,3.316,57.80,192.00,1,0,0
3622,3.316,57.80,192.00,1,0,0
3625,3.316,58.10,193.00,1,0,0
3627,3.320,58.10,193.00,1,0,0
3630,3.316,58.00,195.00,1,0,0
3643,3.316,58.20,193.00,1,0,0
3645,3.316,58.10,193.00,1,0,0
3648,3.316,58.10,193.00,1,0,0
3650,3.316,57.80,192.00,1,0,0
3652,3.316,57.90,192.00,1,0,0
3655,3.316,57.70,192.00,1,0,0
3657,3.316,58.10,193.00,1,0,0
3660,3.316,58.10,193.00,1,0,0
3662,3.316,58.00,192.00,1,0,0
3665,3.316,58.10,192.00,1,0,0
3667,3.316,57.80,192.00,1,0,0
3670,3.316,57.80,192.00,1,0,0
3672,3.316,57.80,193.00,1,0,0
3675,3.316,58.00,192.00,1,0,0
3677,3.316,58.00,192.00,1,0,0
3680,3.316,58.10,193.00,1,0,0
3692,3.316,58.10,193.00,1,0,0
3695,3.316,64.60,193.00,1,0,0
3697,3.316,57.80,192.00,1,0,0
3700,3.316,57.70,192.00,1,0,0
3702,3.316,57.80,192.00,1,0,0
3705,3.320,57.80,192.00,1,0,0
3707,3.316,58.10,193.00,1,0,0
3710,3.316,58.00,195.00,1,0,0
3712,3.316,58.00,192.00,1,0,0
3715,3.316,57.70,192.00,1,0,0
3717,3.316,57.80,192.00,1,0,0
3719,3.316,57.70,192.00,1,0,0
3722,3.316,58.00,192.00,1,0,0
3724,3.316,58.10,193.00,1,0,0
3727,3.316,58.00,192.00,1,0,0
3729,3.316,58.10,193.00,1,0,0
3742,3.316,58.10,193.00,1,0,0
3745,3.316,72.80,241.00,1,0,0
3747,3.316,57.70,192.00,1,0,0
3749,3.316,57.70,192.00,1,0,0
3752,3.316,57.70,192.00,1,0,0
3754,3.316,57.90,193.00,1,0,0
3757,3.316,58.00,192.00,1,0,0
3759,3.316,58.00,192.00,1,0,0
3762,3.316,58.10,192.00,1,0,0
3764,3.316,57.70,192.00,1,0,0
3767,3.316,57.80,192.00,1,0,0
3769,3.316,57.80,192.00,1,0,0
3772,3.316,58.00,192.00,1,0,0
3774,3.316,58.10,193.00,1,0,0
3777,3.316,58.10,192.00,1,0,0
3779,3.316,57.80,192.00,1,0,0
3792,3.316,58.10,193.00,1,0,0
3794,3.320,90.10,298.00,1,0,0
3797,3.316,57.70,192.00,1,0,0
3804,3.316,58.10,193.00,1,0,0
3807,3.316,58.00,193.00,1,0,0
3809,3.316,58.10,193.00,1,0,0
3812,3.316,57.80,192.00,1,0,0
3814,3.316,57.70,192.00,1,0,0
3817,3.316,57.80,192.00,1,0,0
3819,3.316,57.80,192.00,1,0,0
3821,3.316,58.10,193.00,1,0,0
3824,3.316,58.10,193.00,1,0,0
3826,3.316,58.00,193.00,1,0,0
3829,3.316,57.70,192.00,1,0,0
3831,3.316,57.60,192.00,1,0,0
3834,3.316,57.70,192.00,1,0,0
3836,3.316,58.00,192.00,1,0,0
3839,3.316,58.10,193.00,1,0,0
3841,3.316,58.10,193.00,1,0,0
3854,3.316,58.10,193.00,1,0,0
3856,3.316,58.10,193.00,1,0,0
3859,3.316,58.00,193.00,1,0,0
3861,3.316,57.70,192.00,1,0,0
3864,3.316,57.70,192.00,1,0,0
3866,3.316,57.70,192.00,1,0,0
3869,3.316,58.00,192.00,1,0,0
3871,3.316,58.10,193.00,1,0,0
3874,3.316,58.10,193.00,1,0,0
3876,3.316,58.00,192.00,1,0,0
3879,3.316,57.80,192.00,1,0,0
3881,3.316,57.80,192.00,1,0,0
3884,3.316,57.80,192.00,1,0,0
3886,3.320,58.10,193.00,1,0,0
3889,3.316,58.10,193.00,1,0,0
3891,3.316,58.10,193.00,1,0,0
3904,3.316,58.00,193.00,1,0,0
3906,3.316,58.10,193.00,1,0,0
3909,3.316,58.10,193.00,1,0,0
3911,3.316,57.70,192.00,1,0,0
3914,3.316,57.70,192.00,1,0,0
3916,3.320,57.70,192.00,1,0,0
3918,3.316,58.00,193.00,1,0,0
3921,3.320,58.10,193.00,1,0,0
3923,3.316,58.00,192.00,1,0,0
3926,3.316,57.80,192.00,1,0,0
3928,3.316,57.80,192.00,1,0,0
3931,3.316,57.70,192.00,1,0,0
3933,3.316,57.70,193.00,1,0,0
3936,3.320,58.10,193.00,1,0,0
3938,3.316,58.10,193.00,1,0,0
3941,3.316,58.00,192.00,1,0,0
3953,3.316,58.10,193.00,1,0,0
3956,3.316,58.10,192.00,1,0,0
3958,3.316,57.80,192.00,1,0,0
3961,3.316,57.70,192.00,1,0,0
3963,3.316,57.70,192.00,1,0,0
3966,3.316,57.90,192.00,1,0,0
3968,3.316,58.00,192.00,1,0,0
3971,3.316,58.80,193.00,1,0,0
3973,3.316,58.10,193.00,1,0,0
3976,3.316,57.70,192.00,1,0,0
3978,3.320,57.70,192.00,1,0,0
3981,3.316,57.80,192.00,1,0,0
3983,3.316,58.10,193.00,1,0,0
3986,3.316,58.10,193.00,1,0,0
3988,3.316,57.90,192.00,1,0,0
3990,3.316,57.80,192.00,1,0,0
4003,3.316,58.20,193.00,1,0,0
4006,3.316,58.10,193.00,1,0,0
4008,3.316,57.80,192.00,1,0,0
4011,3.316,57.70,192.00,1,0,0
4013,3.316,57.70,192.00,1,0,0
4016,3.316,57.90,192.00,1,0,0
4018,3.316,58.10,193.00,1,0,0
4020,3.316,58.00,192.00,1,0,0
4023,3.316,58.10,192.00,1,0,0
4025,3.316,57.70,192.00,1,0,0
4028,3.316,57.80,192.00,1,0,0
4030,3.316,57.70,192.00,1,0,0
4033,3.316,58.10,193.00,1,0,0
4035,3.316,58.10,193.00,1,0,0
4038,3.316,58.10,193.00,1,0,0
4040,3.316,57.70,192.00,1,0,0
4053,3.316,58.10,193.00,1,0,0
4055,3.316,58.10,193.00,1,0,0
4058,3.316,57.80,192.00,1,0,0
4060,3.316,57.80,192.00,1,0,0
4063,3.316,57.90,192.00,1,0,0
4065,3.316,58.10,193.00,1,0,0
4068,3.316,58.10,193.00,1,0,0
4070,3.316,58.10,193.00,1,0,0
4073,3.316,57.80,192.00,1,0,0
4075,3.316,57.80,192.00,1,0,0
4078,3.320,57.80,192.00,1,0,0
4080,3.316,57.80,192.00,1,0,0
4083,3.316,58.10,193.00,1,0,0
4085,3.316,58.10,193.00,1,0,0
4087,3.316,58.10,193.00,1,0,0
4090,3.316,57.80,192.00,1,0,0
4103,3.316,58.20,193.00,1,0,0
4105,3.316,57.80,192.00,1,0,0
4108,3.316,57.80,192.00,1,0,0
4110,3.316,57.80,192.00,1,0,0
4113,3.316,57.70,193.00,1,0,0
4115,3.316,58.10,193.00,1,0,0
4117,3.316,58.10,193.00,1,0,0
4120,3.316,58.10,193.00,1,0,0
4122,3.316,57.80,192.00,1,0,0
4125,3.316,57.80,192.00,1,0,0
4127,3.316,57.80,192.00,1,0,0
4130,3.316,58.10,193.00,1,0,0
4132,3.316,58.10,193.00,1,0,0
4135,3.316,58.10,193.00,1,0,0
4137,3.316,57.90,192.00,1,0,0
4140,3.316,57.80,192.00,1,0,0
4152,3.316,58.10,193.00,1,0,0
4155,3.316,57.80,192.00,1,0,0
4157,3.316,57.80,192.00,1,0,0
4160,3.316,57.80,192.00,1,0,0
4162,3.316,58.00,192.00,1,0,0
4165,3.316,58.10,192.00,1,0,0
4167,3.316,58.10,193.00,1,0,0
4170,3.316,58.10,193.00,1,0,0
4172,3.316,57.80,192.00,1,0,0
4175,3.316,57.90,192.00,1,0,0
4177,3.316,57.80,192.00,1,0,0
4180,3.316,58.10,193.00,1,0,0
4182,3.316,58.00,192.00,1,0,0
4184,3.316,58.10,193.00,1,0,0
4187,3.316,57.90,192.00,1,0,0
4189,3.316,57.80,192.00,1,0,0
4202,3.316,58.10,193.00,1,0,0
4205,3.316,57.80,192.00,1,0,0
4207,3.316,57.80,192.00,1,0,0
4210,3.316,57.80,192.00,1,0,0
4212,3.316,58.10,193.00,1,0,0
4214,3.316,58.10,193.00,1,0,0
4217,3.316,58.10,193.00,1,0,0
4219,3.316,57.80,192.00,1,0,0
4222,3.316,57.80,192.00,1,0,0
4224,3.316,57.80,192.00,1,0,0
4227,3.316,57.90,192.00,1,0,0
4229,3.316,58.10,193.00,1,0,0
4232,3.316,58.80,193.00,1,0,0
4234,3.316,58.10,193.00,1,0,0
4237,3.316,57.80,192.00,1,0,0
4239,3.316,57.80,192.00,1,0,0
4252,3.316,58.90,192.00,1,0,0
4254,3.316,57.80,192.00,1,0,0
4257,3.316,57.80,192.00,1,0,0
4259,3.316,57.80,193.00,1,0,0
4262,3.316,58.10,193.00,1,0,0
4264,3.320,58.10,193.00,1,0,0
4267,3.316,58.10,193.00,1,0,0
4269,3.316,57.90,192.00,1,0,0
4272,3.316,57.90,192.00,1,0,0
4274,3.316,57.80,192.00,1,0,0
4277,3.316,58.10,193.00,1,0,0
4279,3.316,58.10,193.00,1,0,0
4281,3.316,58.00,192.00,1,0,0
4284,3.316,58.10,192.00,1,0,0
4286,3.316,57.80,192.00,1,0,0
4289,3.316,57.80,192.00,1,0,0
4302,3.316,57.80,192.00,1,0,0
4304,3.316,57.70,192.00,1,0,0
4307,3.320,57.70,192.00,1,0,0
4309,3.316,58.10,193.00,1,0,0
4311,3.316,58.80,193.00,1,0,0
4314,3.316,58.00,192.00,1,0,0
4316,3.316,58.10,193.00,1,0,0
4319,3.316,57.80,192.00,1,0,0
4321,3.316,57.80,192.00,1,0,0
4324,3.316,57.80,192.00,1,0,0
4326,3.316,58.10,193.00,1,0,0
4329,3.316,58.00,192.00,1,0,0
4331,3.316,58.70,195.00,1,0,0
4334,3.320,57.80,192.00,1,0,0
4336,3.316,57.80,192.00,1,0,0
4339,3.320,57.90,192.00,1,0,0
4351,3.316,57.80,192.00,1,0,0
4354,3.316,57.80,192.00,1,0,0
4356,3.316,57.80,192.00,1,0,0
4359,3.316,58.10,193.00,1,0,0
4361,3.316,58.00,192.00,1,0,0
4364,3.316,58.10,193.00,1,0,0
4366,3.316,57.80,192.00,1,0,0
4369,3.320,57.80,192.00,1,0,0
4371,3.316,57.80,192.00,1,0,0
4374,3.320,58.00,192.00,1,0,0
4376,3.316,58.00,192.00,1,0,0
4378,3.316,58.00,192.00,1,0,0
4381,3.316,58.10,193.00,1,0,0
4383,3.316,57.80,192.00,1,0,0
4386,3.316,57.80,192.00,1,0,0
4388,3.316,57.80,192.00,1,0,0
4401,3.316,57.80,192.00,1,0,0
4404,3.316,57.80,192.00,1,0,0
4406,3.316,57.70,192.00,1,0,0
4408,3.316,58.00,193.00,1,0,0
4411,3.316,59.00,195.00,1,0,0
4413,3.316,58.00,192.00,1,0,0
4416,3.320,57.80,192.00,1,0,0
4418,3.316,57.80,192.00,1,0,0
4421,3.316,57.80,192.00,1,0,0
4423,3.320,58.00,192.00,1,0,0
4426,3.316,58.10,193.00,1,0,0
4428,3.316,58.10,193.00,1,0,0
4431,3.320,58.10,193.00,1,0,0
4433,3.316,57.80,192.00,1,0,0
4436,3.316,57.80,192.00,1,0,0
4438,3.316,57.80,192.00,1,0,0
4451,3.316,57.80,192.00,1,0,0
4453,3.316,57.80,192.00,1,0,0
4456,3.316,58.10,193.00,1,0,0
4458,3.320,58.10,193.00,1,0,0
4461,3.316,58.10,193.00,1,0,0
4463,3.316,58.00,192.00,1,0,0
4466,3.316,57.70,192.00,1,0,0
4468,3.316,57.80,192.00,1,0,0
4471,3.320,57.80,192.00,1,0,0
4473,3.316,58.10,193.00,1,0,0
4476,3.316,58.10,193.00,1,0,0
4478,3.316,58.10,193.00,1,0,0
4480,3.316,57.80,192.00,1,0,0
4483,3.316,57.70,192.00,1,0,0
4485,3.316,57.80,192.00,1,0,0
4488,3.316,58.00,192.00,1,0,0
4501,3.316,57.80,192.00,1,0,0
4503,3.316,57.80,192.00,1,0,0
4505,3.316,58.10,193.00,1,0,0
4508,3.316,58.10,193.00,1,0,0
4510,3.316,58.00,192.00,1,0,0
4513,3.316,57.90,192.00,1,0,0
4515,3.316,57.70,192.00,1,0,0
4518,3.316,57.80,192.00,1,0,0
4520,3.316,57.80,193.00,1,0,0
4523,3.316,58.10,193.00,1,0,0
4525,3.320,58.10,193.00,1,0,0
4528,3.316,58.10,192.00,1,0,0
4530,3.316,57.80,192.00,1,0,0
4533,3.316,57.80,192.00,1,0,0
4535,3.316,57.80,192.00,1,0,0
4538,3.316,58.00,193.00,1,0,0
4550,3.316,57.80,192.00,1,0,0
4553,3.316,57.90,192.00,1,0,0
4555,3.316,58.10,193.00,1,0,0
4558,3.316,58.10,193.00,1,0,0
4560,3.316,58.10,193.00,1,0,0
4563,3.316,57.80,192.00,1,0,0
4565,3.316,57.80,192.00,1,0,0
4568,3.316,57.80,192.00,1,0,0
4570,3.316,58.10,193.00,1,0,0
4573,3.316,58.10,193.00,1,0,0
4575,3.316,58.10,193.00,1,0,0
4577,3.316,58.10,193.00,1,0,0
4580,3.316,57.70,192.00,1,0,0
4582,3.320,57.80,192.00,1,0,0
4585,3.316,57.80,192.00,1,0,0
4587,3.316,58.00,192.00,1,0,0
4600,3.320,57.70,192.00,1,0,0
4602,3.316,57.90,193.00,1,0,0
4605,3.316,58.10,193.00,1,0,0
4607,3.316,58.00,192.00,1,0,0
4610,3.316,58.10,192.00,1,0,0
4612,3.316,57.80,192.00,1,0,0
4615,3.316,57.70,192.00,1,0,0
4617,3.316,57.80,192.00,1,0,0
4620,3.316,58.10,193.00,1,0,0
4622,3.316,58.10,193.00,1,0,0
4625,3.316,58.10,193.00,1,0,0
4627,3.320,57.70,192.00,1,0,0
4630,3.316,57.70,192.00,1,0,0
4632,3.316,57.80,192.00,1,0,0
4635,3.316,58.00,192.00,1,0,0
4637,3.316,58.10,193.00,1,0,0
4650,3.316,57.80,192.00,1,0,0
4652,3.316,58.00,192.00,1,0,0
4655,3.316,58.00,192.00,1,0,0
4657,3.316,58.10,193.00,1,0,0
4660,3.320,57.80,192.00,1,0,0
4662,3.316,57.70,192.00,1,0,0
4665,3.320,57.80,192.00,1,0,0
4667,3.316,57.80,192.00,1,0,0
4670,3.316,58.10,192.00,1,0,0
4672,3.316,58.00,192.00,1,0,0
4674,3.316,58.00,192.00,1,0,0
4677,3.316,57.80,192.00,1,0,0
4679,3.316,57.70,192.00,1,0,0
4682,3.316,57.70,192.00,1,0,0
4684,3.316,58.10,193.00,1,0,0
4687,3.316,58.10,193.00,1,0,0
4700,3.316,57.80,192.00,1,0,0
4702,3.316,58.00,192.00,1,0,0
4704,3.320,58.10,193.00,1,0,0
4707,3.316,58.10,193.00,1,0,0
4709,3.316,57.70,192.00,1,0,0
4712,3.316,57.70,192.00,1,0,0
4714,3.316,57.80,192.00,1,0,0
4717,3.316,58.10,193.00,1,0,0
4719,3.316,58.10,193.00,1,0,0
4722,3.316,58.00,193.00,1,0,0
4724,3.316,57.90,192.00,1,0,0
4727,3.316,57.70,192.00,1,0,0
4729,3.316,57.80,192.00,1,0,0
4732,3.316,57.80,192.00,1,0,0
4734,3.316,58.00,192.00,1,0,0
4737,3.316,58.10,193.00,1,0,0
4749,3.316,58.00,192.00,1,0,0
4752,3.316,58.80,192.00,1,0,0
4754,3.316,58.10,193.00,1,0,0
4757,3.316,58.10,193.00,1,0,0
4759,3.316,57.70,192.00,1,0,0
4762,3.316,57.70,192.00,1,0,0
4764,3.316,57.70,192.00,1,0,0
4767,3.316,58.10,192.00,1,0,0
4769,3.316,58.10,193.00,1,0,0
4771,3.316,58.80,195.00,1,0,0
4774,3.316,57.90,192.00,1,0,0
4776,3.316,57.70,192.00,1,0,0
4779,3.316,57.70,192.00,1,0,0
4781,3.316,57.70,193.00,1,0,0
4784,3.316,58.10,193.00,1,0,0
4786,3.316,58.10,193.00,1,0,0
4799,3.316,58.10,193.00,1,0,0
4801,3.316,58.10,193.00,1,0,0
4804,3.316,58.10,192.00,1,0,0
4806,3.316,57.80,192.00,1,0,0
4809,3.316,57.80,192.00,1,0,0
4811,3.316,57.70,192.00,1,0,0
4814,3.316,58.00,192.00,1,0,0
4816,3.316,58.00,192.00,1,0,0
4819,3.316,58.10,193.00,1,0,0
4821,3.316,58.10,193.00,1,0,0
4824,3.316,57.80,192.00,1,0,0
4826,3.316,57.70,192.00,1,0,0
4829,3.316,57.80,192.00,1,0,0
4831,3.316,58.80,195.00,1,0,0
4834,3.316,58.10,193.00,1,0,0
4836,3.320,58.10,193.00,1,0,0
4849,3.316,58.00,192.00,1,0,0
4851,3.316,58.80,195.00,1,0,0
4854,3.316,58.10,193.00,1,0,0
4856,3.316,57.70,192.00,1,0,0
4859,3.316,57.80,192.00,1,0,0
4861,3.316,57.70,192.00,1,0,0
4864,3.316,58.00,193.00,1,0,0
4866,3.316,58.10,193.00,1,0,0
4868,3.316,58.20,193.00,1,0,0
4871,3.316,58.10,193.00,1,0,0
4873,3.316,57.80,192.00,1,0,0
4876,3.316,57.80,192.00,1,0,0
4878,3.316,57.80,192.00,1,0,0
4881,3.316,58.10,193.00,1,0,0
4883,3.316,58.00,192.00,1,0,0
4886,3.316,58.10,193.00,1,0,0
4898,3.316,58.00,193.00,1,0,0
4901,3.316,58.10,193.00,1,0,0
4903,3.316,58.10,193.00,1,0,0
4906,3.316,57.80,192.00,1,0,0
4908,3.316,57.80,192.00,1,0,0
4911,3.316,57.70,192.00,1,0,0
4913,3.316,58.10,193.00,1,0,0
4916,3.316,58.10,192.00,1,0,0
4918,3.316,58.10,193.00,1,0,0
4921,3.316,57.80,192.00,1,0,0
4923,3.316,57.70,192.00,1,0,0
4926,3.316,57.80,192.00,1,0,0
4928,3.316,57.90,192.00,1,0,0
4931,3.316,58.10,195.00,1,0,0
4933,3.316,58.20,193.00,1,0,0
4936,3.316,58.10,193.00,1,0,0
4948,3.316,58.10,193.00,1,0,0
4951,3.316,58.10,195.00,1,0,0
4953,3.316,57.80,192.00,1,0,0
4956,3.316,57.80,192.00,1,0,0
4958,3.316,57.80,192.00,1,0,0
4961,3.316,58.00,192.00,1,0,0
4963,3.316,58.00,192.00,1,0,0
4965,3.316,58.10,193.00,1,0,0
4968,3.316,58.10,193.00,1,0,0
4970,3.316,57.90,192.00,1,0,0
4973,3.316,57.80,192.00,1,0,0
4975,3.316,57.80,192.00,1,0,0
4978,3.316,58.10,193.00,1,0,0
4980,3.316,58.10,193.00,1,0,0
4983,3.316,58.10,192.00,1,0,0
4985,3.316,57.90,192.00,1,0,0
4998,3.316,58.10,193.00,1,0,0
5000,3.316,58.10,193.00,1,0,0
5003,3.316,57.80,192.00,1,0,0
5005,3.316,57.70,192.00,1,0,0
5008,3.316,57.70,192.00,1,0,0
5010,3.316,58.00,195.00,1,0,0
5013,3.316,58.00,192.00,1,0,0
5015,3.316,58.00,192.00,1,0,0
5018,3.316,58.00,192.00,1,0,0
5020,3.316,57.80,192.00,1,0,0
5023,3.316,57.80,192.00,1,0,0
5025,3.316,57.80,192.00,1,0,0
5028,3.316,58.00,193.00,1,0,0
5030,3.320,58.10,193.00,1,0,0
5033,3.320,58.10,193.00,1,0,0
5035,3.316,57.80,192.00,1,0,0
5048,3.316,58.10,192.00,1,0,0
5050,3.316,58.10,193.00,1,0,0
5053,3.316,57.80,192.00,1,0,0
5055,3.316,57.80,192.00,1,0,0
5058,3.316,57.80,192.00,1,0,0
5060,3.316,58.10,193.00,1,0,0
5062,3.316,58.00,192.00,1,0,0
5065,3.316,58.10,193.00,1,0,0
5067,3.316,57.80,192.00,1,0,0
5070,3.316,57.80,192.00,1,0,0
5072,3.316,57.80,192.00,1,0,0
5075,3.316,58.00,192.00,1,0,0
5077,3.316,58.10,193.00,1,0,0
5080,3.316,58.10,192.00,1,0,0
5082,3.316,58.10,193.00,1,0,0
5085,3.316,57.80,192.00,1,0,0
5097,3.316,58.00,192.00,1,0,0
5100,3.316,57.90,192.00,1,0,0
5102,3.316,57.80,192.00,1,0,0
5105,3.316,57.70,192.00,1,0,0
5107,3.316,57.70,193.00,1,0,0
5110,3.316,58.10,193.00,1,0,0
5112,3.320,58.10,193.00,1,0,0
5115,3.316,58.20,193.00,1,0,0
5117,3.316,57.70,192.00,1,0,0
5120,3.316,57.80,192.00,1,0,0
5122,3.316,57.80,192.00,1,0,0
5125,3.316,58.00,192.00,1,0,0
5127,3.316,58.10,193.00,1,0,0
5130,3.316,58.10,193.00,1,0,0
5132,3.320,58.80,192.00,1,0,0
5134,3.316,57.80,192.00,1,0,0
5147,3.316,58.00,192.00,1,0,0
5150,3.316,57.90,192.00,1,0,0
5152,3.316,57.70,192.00,1,0,0
5155,3.316,57.70,192.00,1,0,0
5157,3.316,58.10,193.00,1,0,0
5160,3.316,58.10,193.00,1,0,0
5162,3.320,58.10,193.00,1,0,0
5164,3.316,58.00,193.00,1,0,0
5167,3.316,57.80,192.00,1,0,0
5169,3.316,57.80,192.00,1,0,0
5172,3.316,57.80,192.00,1,0,0
5174,3.316,58.00,192.00,1,0,0
5177,3.316,58.10,193.00,1,0,0
5179,3.316,58.00,192.00,1,0,0
5182,3.316,57.80,192.00,1,0,0
5184,3.316,57.80,192.00,1,0,0
5197,3.316,58.00,192.00,1,0,0
5199,3.316,57.80,192.00,1,0,0
5202,3.316,57.80,192.00,1,0,0
5204,3.316,57.80,192.00,1,0,0
5207,3.316,58.10,193.00,1,0,0
5209,3.316,58.00,192.00,1,0,0
5212,3.316,58.90,193.00,1,0,0
5214,3.320,57.70,192.00,1,0,0
5217,3.316,57.80,192.00,1,0,0
5219,3.316,57.80,192.00,1,0,0
5222,3.316,58.10,193.00,1,0,0
5224,3.316,58.10,193.00,1,0,0
5227,3.316,58.10,193.00,1,0,0
5229,3.316,58.00,192.00,1,0,0
5231,3.316,57.80,192.00,1,0,0
5234,3.320,57.70,192.00,1,0,0
5247,3.316,57.80,192.00,1,0,0
5249,3.316,57.80,192.00,1,0,0
5252,3.320,57.70,192.00,1,0,0
5254,3.316,57.70,192.00,1,0,0
5257,3.316,58.00,193.00,1,0,0
5259,3.316,58.00,192.00,1,0,0
5261,3.316,58.00,192.00,1,0,0
5264,3.316,57.80,192.00,1,0,0
5266,3.316,57.80,192.00,1,0,0
5269,3.316,57.70,192.00,1,0,0
5271,3.316,58.70,192.00,1,0,0
5274,3.316,58.10,193.00,1,0,0
5276,3.316,58.10,193.00,1,0,0
5279,3.316,58.00,192.00,1,0,0
5281,3.316,57.80,192.00,1,0,0
5284,3.316,57.80,192.00,1,0,0
5296,3.316,57.80,192.00,1,0,0
5299,3.316,57.80,192.00,1,0,0
5301,3.316,57.80,192.00,1,0,0
5304,3.316,58.20,193.00,1,0,0
5306,3.316,58.10,193.00,1,0,0
5309,3.316,58.00,193.00,1,0,0
5311,3.316,58.60,195.00,1,0,0
5314,3.316,57.80,192.00,1,0,0
5316,3.316,57.80,192.00,1,0,0
5319,3.316,57.80,192.00,1,0,0
5321,3.316,58.10,193.00,1,0,0
5324,3.316,58.10,193.00,1,0,0
5326,3.316,58.10,193.00,1,0,0
5329,3.316,57.80,192.00,1,0,0
5331,3.316,57.80,192.00,1,0,0
5333,3.316,57.80,192.00,1,0,0
5346,3.316,57.70,192.00,1,0,0
5349,3.316,57.80,192.00,1,0,0
5351,3.316,57.80,192.00,1,0,0
5354,3.320,58.10,193.00,1,0,0
5356,3.316,58.00,192.00,1,0,0
5358,3.316,58.10,193.00,1,0,0
5361,3.320,57.80,192.00,1,0,0
5363,3.320,57.80,192.00,1,0,0
5366,3.316,57.70,192.00,1,0,0
5368,3.316,57.70,193.00,1,0,0
5371,3.320,58.80,195.00,1,0,0
5373,3.316,58.10,193.00,1,0,0
5376,3.316,58.00,192.00,1,0,0
5378,3.316,57.80,192.00,1,0,0
5381,3.316,57.70,192.00,1,0,0
5383,3.316,57.80,192.00,1,0,0
5396,3.316,57.70,192.00,1,0,0
5398,3.316,57.70,192.00,1,0,0
5401,3.316,57.90,192.00,1,0,0
5403,3.316,58.10,193.00,1,0,0
5406,3.316,58.10,192.00,1,0,0
5408,3.316,58.10,193.00,1,0,0
5411,3.316,57.80,192.00,1,0,0
5413,3.320,57.80,192.00,1,0,0
5416,3.316,57.80,192.00,1,0,0
5418,3.316,58.10,193.00,1,0,0
5421,3.316,58.00,193.00,1,0,0
5423,3.316,58.00,192.00,1,0,0
5426,3.320,57.90,192.00,1,0,0
5428,3.316,57.80,192.00,1,0,0
5430,3.316,57.70,192.00,1,0,0
5433,3.316,57.80,192.00,1,0,0
5446,3.316,57.70,192.00,1,0,0
5448,3.320,57.70,192.00,1,0,0
5451,3.316,58.00,195.00,1,0,0
5453,3.316,58.10,193.00,1,0,0
5455,3.316,58.00,192.00,1,0,0
5458,3.316,58.10,192.00,1,0,0
5460,3.320,57.80,192.00,1,0,0
5463,3.316,57.70,192.00,1,0,0
5465,3.316,57.80,192.00,1,0,0
5468,3.316,58.10,193.00,1,0,0
5470,3.316,58.10,193.00,1,0,0
5473,3.316,58.10,193.00,1,0,0
5475,3.316,57.80,192.00,1,0,0
5478,3.316,57.80,192.00,1,0,0
5480,3.316,57.70,192.00,1,0,0
5483,3.316,58.00,193.00,1,0,0
5495,3.316,86.80,192.00,1,0,0
5498,3.316,57.80,192.00,1,0,0
5500,3.316,58.10,193.00,1,0,0
5503,3.316,58.10,193.00,1,0,0
5505,3.316,58.00,192.00,1,0,0
5508,3.320,57.80,192.00,1,0,0
5510,3.316,57.70,192.00,1,0,0
5513,3.316,57.80,192.00,1,0,0
5515,3.320,57.80,192.00,1,0,0
5518,3.320,58.10,193.00,1,0,0
5520,3.320,58.10,193.00,1,0,0
5523,3.316,58.10,193.00,1,0,0
5525,3.316,57.80,192.00,1,0,0
5527,3.320,57.80,192.00,1,0,0
5530,3.320,57.80,192.00,1,0,0
5532,3.316,58.00,193.00,1,0,0
5545,3.312,86.00,192.00,1,0,0
5548,3.316,57.70,192.00,1,0,0
5550,3.316,58.10,193.00,1,0,0
5552,3.316,58.10,193.00,1,0,0
5555,3.316,58.10,192.00,1,0,0
5557,3.316,57.80,192.00,1,0,0
5560,3.320,57.80,192.00,1,0,0
5562,3.316,57.80,192.00,1,0,0
5565,3.320,58.00,193.00,1,0,0
5567,3.320,58.00,192.00,1,0,0
5570,3.320,58.10,192.00,1,0,0
5572,3.316,57.90,192.00,1,0,0
5575,3.320,57.80,192.00,1,0,0
5577,3.316,57.80,192.00,1,0,0
5580,3.316,57.70,192.00,1,0,0
5582,3.316,58.10,193.00,1,0,0
5595,3.312,85.20,282.00,1,0,0
5597,3.316,58.00,193.00,1,0,0
5600,3.316,58.10,193.00,1,0,0
5602,3.316,58.10,193.00,1,0,0
5605,3.320,58.10,193.00,1,0,0
5607,3.316,57.70,192.00,1,0,0
5610,3.316,57.80,192.00,1,0,0
5612,3.316,57.80,192.00,1,0,0
5615,3.316,58.00,192.00,1,0,0
5617,3.316,58.20,193.00,1,0,0
5620,3.316,58.10,193.00,1,0,0
5622,3.316,57.80,192.00,1,0,0
5624,3.316,57.70,192.00,1,0,0
5627,3.316,57.80,192.00,1,0,0
5629,3.316,57.70,192.00,1,0,0
5632,3.316,58.00,193.00,1,0,0
5645,3.316,65.40,216.00,1,0,0
5647,3.316,58.00,192.00,1,0,0
5650,3.316,58.10,193.00,1,0,0
5652,3.316,58.00,192.00,1,0,0
5654,3.316,57.70,192.00,1,0,0
5657,3.316,57.80,192.00,1,0,0
5659,3.316,57.80,192.00,1,0,0
5662,3.316,58.00,192.00,1,0,0
5664,3.316,58.10,193.00,1,0,0
5667,3.316,58.10,193.00,1,0,0
5669,3.316,58.10,193.00,1,0,0
5672,3.316,57.80,192.00,1,0,0
5674,3.316,57.80,192.00,1,0,0
5677,3.316,57.80,192.00,1,0,0
5679,3.316,58.10,193.00,1,0,0
5682,3.316,58.00,193.00,1,0,0
5694,3.316,57.70,195.00,1,0,0
5697,3.316,58.10,193.00,1,0,0
5699,3.316,58.00,192.00,1,0,0
5702,3.316,58.20,193.00,1,0,0
5704,3.316,57.90,192.00,1,0,0
5707,3.316,57.80,192.00,1,0,0
5709,3.316,57.80,192.00,1,0,0
5712,3.316,58.40,193.00,1,0,0
5714,3.316,58.10,193.00,1,0,0
5717,3.316,58.10,193.00,1,0,0
5719,3.316,58.00,192.00,1,0,0
5721,3.316,57.80,192.00,1,0,0
5724,3.316,57.80,192.00,1,0,0
5726,3.316,57.90,192.00,1,0,0
5729,3.316,58.10,193.00,1,0,0
5731,3.316,58.80,195.00,1,0,0
5744,3.316,58.10,192.00,1,0,0
5747,3.316,58.00,192.00,1,0,0
5749,3.316,58.00,192.00,1,0,0
5751,3.320,58.80,195.00,1,0,0
5754,3.320,57.70,192.00,1,0,0
5756,3.316,57.80,192.00,1,0,0
5759,3.316,57.70,192.00,1,0,0
5761,3.316,58.00,192.00,1,0,0
5764,3.316,58.00,193.00,1,0,0
5766,3.316,58.00,192.00,1,0,0
5769,3.316,57.80,192.00,1,0,0
5771,3.316,57.80,192.00,1,0,0
5774,3.316,57.70,192.00,1,0,0
5776,3.316,58.00,193.00,1,0,0
5779,3.320,58.10,193.00,1,0,0
5781,3.320,58.00,192.00,1,0,0
5794,3.320,58.20,192.00,1,0,0
5796,3.316,58.10,193.00,1,0,0
5799,3.320,58.10,193.00,1,0,0
5805,3.316,57.70,192.00,1,0,0
5808,3.316,57.80,192.00,1,0,0
5810,3.320,58.00,192.00,1,0,0
5813,3.316,58.10,192.00,1,0,0
5815,3.316,58.10,193.00,1,0,0
5818,3.316,57.80,192.00,1,0,0
5820,3.316,57.80,192.00,1,0,0
5822,3.320,57.80,192.00,1,0,0
5825,3.316,58.00,192.00,1,0,0
5827,3.316,58.10,193.00,1,0,0
5830,3.316,58.00,192.00,1,0,0
5832,3.316,58.10,193.00,1,0,0
5835,3.316,57.80,192.00,1,0,0
5837,3.320,57.80,192.00,1,0,0
5840,3.320,57.80,192.00,1,0,0
5842,3.316,58.10,193.00,1,0,0
5855,3.316,57.80,192.00,1,0,0
5857,3.316,57.80,192.00,1,0,0
5860,3.316,58.10,193.00,1,0,0
5862,3.316,58.10,193.00,1,0,0
5865,3.320,58.10,193.00,1,0,0
5867,3.316,57.70,192.00,1,0,0
5870,3.316,57.80,192.00,1,0,0
5872,3.316,57.80,192.00,1,0,0
5875,3.320,58.00,192.00,1,0,0
5877,3.316,58.10,193.00,1,0,0
5880,3.320,58.10,193.00,1,0,0
5882,3.316,57.80,192.00,1,0,0
5885,3.320,57.80,192.00,1,0,0
5887,3.316,57.80,192.00,1,0,0
5890,3.316,57.80,192.00,1,0,0
5892,3.320,58.10,193.00,1,0,0
5905,3.316,57.80,192.00,1,0,0
5907,3.316,58.10,193.00,1,0,0
5910,3.320,58.10,193.00,1,0,0
5912,3.316,58.10,193.00,1,0,0
5915,3.316,58.10,193.00,1,0,0
5917,3.316,57.80,192.00,1,0,0
5920,3.316,57.80,192.00,1,0,0
5922,3.316,57.80,192.00,1,0,0
5924,3.320,58.00,193.00,1,0,0
5927,3.320,58.00,192.00,1,0,0
5929,3.316,58.10,193.00,1,0,0
5932,3.316,58.00,192.00,1,0,0
5934,3.316,57.70,192.00,1,0,0
5937,3.316,57.80,192.00,1,0,0
5939,3.320,57.90,192.00,1,0,0
5942,3.316,58.10,193.00,1,0,0
5954,3.316,57.80,192.00,1,0,0
5957,3.320,58.10,193.00,1,0,0
5959,3.320,58.10,193.00,1,0,0
5962,3.316,58.00,193.00,1,0,0
5964,3.320,57.80,192.00,1,0,0
5967,3.316,57.80,192.00,1,0,0
5969,3.316,57.80,192.00,1,0,0
5972,3.316,58.10,193.00,1,0,0
5974,3.316,58.10,193.00,1,0,0
5977,3.316,58.00,193.00,1,0,0
5979,3.320,58.10,193.00,1,0,0
5982,3.320,57.70,192.00,1,0,0
5984,3.316,57.90,192.00,1,0,0
5987,3.320,57.80,192.00,1,0,0
5989,3.316,57.90,192.00,1,0,0
5991,3.316,57.90,195.00,1,0,0
6004,3.316,57.80,192.00,1,0,0
6007,3.316,58.00,193.00,1,0,0
6009,3.316,58.10,193.00,1,0,0
6012,3.316,58.10,193.00,1,0,0
6014,3.316,57.70,192.00,1,0,0
6017,3.316,57.80,192.00,1,0,0
6019,3.316,57.80,192.00,1,0,0
6021,3.316,58.00,193.00,1,0,0
6024,3.316,58.00,193.00,1,0,0
6026,3.316,58.00,192.00,1,0,0
6029,3.316,58.00,192.00,1,0,0
6031,3.316,57.80,192.00,1,0,0
6034,3.316,57.80,192.00,1,0,0
6036,3.316,57.80,192.00,1,0,0
6039,3.316,58.00,192.00,1,0,0
6041,3.316,58.10,193.00,1,0,0
6054,3.316,58.10,193.00,1,0,0
6056,3.316,58.10,193.00,1,0,0
6059,3.320,58.10,193.00,1,0,0
6061,3.320,57.90,192.00,1,0,0
6064,3.316,57.80,192.00,1,0,0
6066,3.320,57.70,192.00,1,0,0
6069,3.316,57.80,192.00,1,0,0
6071,3.316,58.10,193.00,1,0,0
6074,3.316,58.10,193.00,1,0,0
6076,3.316,58.10,193.00,1,0,0
6079,3.316,57.80,192.00,1,0,0
6081,3.320,57.70,192.00,1,0,0
6084,3.320,57.70,192.00,1,0,0
6086,3.316,58.00,193.00,1,0,0
6088,3.320,58.10,193.00,1,0,0
6091,3.316,58.00,192.00,1,0,0
6104,3.316,58.10,193.00,1,0,0
6106,3.320,58.10,193.00,1,0,0
6109,3.316,58.00,193.00,1,0,0
6111,3.320,57.80,192.00,1,0,0
6114,3.316,57.70,192.00,1,0,0
6116,3.316,57.80,192.00,1,0,0
6118,3.316,57.80,193.00,1,0,0
6121,3.316,58.00,193.00,1,0,0
6123,3.316,58.10,193.00,1,0,0
6126,3.316,58.10,192.00,1,0,0
6128,3.316,57.70,192.00,1,0,0
6131,3.320,57.80,192.00,1,0,0
6133,3.316,57.80,192.00,1,0,0
6136,3.316,58.10,193.00,1,0,0
6138,3.316,58.10,193.00,1,0,0
6141,3.316,58.10,193.00,1,0,0
6153,3.320,58.10,193.00,1,0,0
6156,3.320,58.00,193.00,1,0,0
6158,3.316,58.10,193.00,1,0,0
6161,3.316,57.70,192.00,1,0,0
6163,3.316,57.70,192.00,1,0,0
6166,3.320,57.90,192.00,1,0,0
6168,3.320,58.10,193.00,1,0,0
6171,3.316,58.20,193.00,1,0,0
6173,3.316,58.10,193.00,1,0,0
6176,3.316,58.10,193.00,1,0,0
6178,3.316,57.70,192.00,1,0,0
6181,3.320,57.80,192.00,1,0,0
6183,3.316,57.70,192.00,1,0,0
6186,3.320,58.10,193.00,1,0,0
6188,3.316,58.10,193.00,1,0,0
6190,3.320,58.10,193.00,1,0,0
6203,3.320,58.10,193.00,1,0,0
6206,3.320,58.10,193.00,1,0,0
6208,3.320,57.90,192.00,1,0,0
6211,3.320,57.80,192.00,1,0,0
6213,3.316,57.70,192.00,1,0,0
6215,3.320,57.80,192.00,1,0,0
6218,3.316,58.10,193.00,1,0,0
6220,3.316,58.10,193.00,1,0,0
6223,3.316,58.10,192.00,1,0,0
6225,3.316,57.80,192.00,1,0,0
6228,3.320,57.70,192.00,1,0,0
6230,3.316,57.70,192.00,1,0,0
6233,3.316,58.10,193.00,1,0,0
6235,3.320,58.10,193.00,1,0,0
6238,3.316,58.10,193.00,1,0,0
6240,3.316,58.10,193.00,1,0,0
6253,3.316,58.10,193.00,1,0,0
6255,3.316,58.10,193.00,1,0,0
6258,3.316,57.80,192.00,1,0,0
6260,3.316,57.80,192.00,1,0,0
6263,3.320,57.70,192.00,1,0,0
6265,3.316,57.80,192.00,1,0,0
6268,3.316,58.00,192.00,1,0,0
6270,3.316,58.10,193.00,1,0,0
6273,3.316,58.80,195.00,1,0,0
6275,3.316,57.80,192.00,1,0,0
6278,3.316,57.70,192.00,1,0,0
6280,3.316,57.80,192.00,1,0,0
6283,3.316,57.90,192.00,1,0,0
6285,3.316,58.10,193.00,1,0,0
6287,3.316,58.10,193.00,1,0,0
6290,3.316,58.00,192.00,1,0,0
6303,3.316,58.10,193.00,1,0,0
6305,3.316,58.10,193.00,1,0,0
6308,3.316,57.80,192.00,1,0,0
6310,3.316,57.70,192.00,1,0,0
6312,3.316,57.80,192.00,1,0,0
6315,3.316,58.10,193.00,1,0,0
6317,3.316,58.10,193.00,1,0,0
6320,3.316,58.10,193.00,1,0,0
6322,3.316,57.80,192.00,1,0,0
6325,3.316,57.90,192.00,1,0,0
6327,3.316,57.80,192.00,1,0,0
6330,3.316,57.70,192.00,1,0,0
6332,3.316,58.70,195.00,1,0,0
6335,3.316,58.00,193.00,1,0,0
6337,3.316,58.10,193.00,1,0,0
6340,3.316,57.70,192.00,1,0,0
6352,3.316,60.80,202.00,1,0,0
6355,3.316,58.00,192.00,1,0,0
6357,3.316,57.70,192.00,1,0,0
6360,3.320,57.70,192.00,1,0,0
6362,3.316,57.70,192.00,1,0,0
6365,3.316,58.00,192.00,1,0,0
6367,3.316,58.10,193.00,1,0,0
6370,3.316,58.10,193.00,1,0,0
6372,3.316,57.80,192.00,1,0,0
6375,3.316,57.80,192.00,1,0,0
6377,3.316,57.80,192.00,1,0,0
6380,3.316,57.80,192.00,1,0,0
6382,3.316,58.10,193.00,1,0,0
6384,3.316,58.10,193.00,1,0,0
6387,3.316,58.10,192.00,1,0,0
6389,3.316,57.80,192.00,1,0,0
6402,3.316,58.10,193.00,1,0,0
6405,3.316,57.80,192.00,1,0,0
6407,3.316,57.80,192.00,1,0,0
6410,3.316,57.80,192.00,1,0,0
6412,3.316,58.10,193.00,1,0,0
6414,3.316,58.10,193.00,1,0,0
6417,3.316,58.10,193.00,1,0,0
6419,3.316,58.20,193.00,1,0,0
6422,3.316,57.80,192.00,1,0,0
6424,3.316,57.80,192.00,1,0,0
6427,3.316,57.70,192.00,1,0,0
6429,3.316,58.10,193.00,1,0,0
6432,3.316,58.10,195.00,1,0,0
6434,3.320,58.00,192.00,1,0,0
6437,3.320,57.90,192.00,1,0,0
6439,3.316,57.80,192.00,1,0,0
6452,3.316,58.10,195.00,1,0,0
6454,3.316,57.90,192.00,1,0,0
6457,3.316,57.80,192.00,1,0,0
6459,3.316,57.80,192.00,1,0,0
6462,3.316,58.10,193.00,1,0,0
6464,3.316,58.10,193.00,1,0,0
6467,3.320,58.10,192.00,1,0,0
6469,3.316,57.80,192.00,1,0,0
6472,3.316,57.80,192.00,1,0,0
6474,3.316,57.80,192.00,1,0,0
6477,3.316,57.80,192.00,1,0,0
6479,3.316,58.00,192.00,1,0,0
6481,3.316,58.10,193.00,1,0,0
6484,3.316,58.10,193.00,1,0,0
6486,3.316,57.80,192.00,1,0,0
6489,3.316,57.80,192.00,1,0,0
6502,3.320,58.10,193.00,1,0,0
6504,3.320,57.80,192.00,1,0,0
6507,3.320,57.80,192.00,1,0,0
6509,3.320,57.70,192.00,1,0,0
6511,3.316,58.10,195.00,1,0,0
6514,3.316,58.10,193.00,1,0,0
6516,3.316,58.10,193.00,1,0,0
6519,3.316,57.80,192.00,1,0,0
6521,3.316,57.80,192.00,1,0,0
6524,3.316,57.80,192.00,1,0,0
6526,3.316,57.90,192.00,1,0,0
6529,3.316,58.00,192.00,1,0,0
6531,3.316,58.10,193.00,1,0,0
6534,3.316,58.00,192.00,1,0,0
6536,3.316,57.80,192.00,1,0,0
6539,3.320,57.80,192.00,1,0,0
6551,3.320,57.80,192.00,1,0,0
6554,3.316,57.80,192.00,1,0,0
6556,3.316,57.80,192.00,1,0,0
6559,3.316,58.00,192.00,1,0,0
6561,3.316,58.10,193.00,1,0,0
6564,3.316,58.00,193.00,1,0,0
6566,3.316,58.10,193.00,1,0,0
6569,3.316,57.70,192.00,1,0,0
6571,3.316,57.70,192.00,1,0,0
6574,3.316,57.80,192.00,1,0,0
6576,3.316,58.00,192.00,1,0,0
6578,3.316,58.10,193.00,1,0,0
6581,3.316,58.10,193.00,1,0,0
6583,3.320,57.90,192.00,1,0,0
6586,3.316,57.80,192.00,1,0,0
6588,3.316,57.70,192.00,1,0,0
6601,3.316,57.70,192.00,1,0,0
6604,3.320,57.70,192.00,1,0,0
6606,3.316,57.80,192.00,1,0,0
6608,3.320,58.00,193.00,1,0,0
6611,3.316,58.10,193.00,1,0,0
6613,3.316,58.10,193.00,1,0,0
6616,3.316,58.10,192.00,1,0,0
6618,3.316,57.80,192.00,1,0,0
6621,3.316,57.80,192.00,1,0,0
6623,3.320,57.80,193.00,1,0,0
6626,3.320,58.10,193.00,1,0,0
6628,3.316,58.10,193.00,1,0,0
6631,3.320,58.00,193.00,1,0,0
6633,3.320,57.80,192.00,1,0,0
6636,3.316,57.80,192.00,1,0,0
6638,3.316,57.80,192.00,1,0,0
6651,3.316,57.70,192.00,1,0,0
6653,3.316,57.80,192.00,1,0,0
6656,3.316,57.80,192.00,1,0,0
6658,3.316,58.10,193.00,1,0,0
6661,3.316,58.00,193.00,1,0,0
6663,3.316,58.00,192.00,1,0,0
6666,3.316,57.80,192.00,1,0,0
6668,3.316,57.80,192.00,1,0,0
6671,3.316,57.70,192.00,1,0,0
6673,3.316,58.00,192.00,1,0,0
6675,3.316,58.10,193.00,1,0,0
6678,3.316,58.10,193.00,1,0,0
6680,3.316,58.10,193.00,1,0,0
6683,3.316,57.70,192.00,1,0,0
6685,3.316,57.80,192.00,1,0,0
6688,3.320,57.80,192.00,1,0,0
6701,3.316,57.80,192.00,1,0,0
6703,3.316,57.70,192.00,1,0,0
6705,3.320,57.70,193.00,1,0,0
6708,3.316,58.00,192.00,1,0,0
6710,3.316,58.00,192.00,1,0,0
6713,3.316,58.80,192.00,1,0,0
6715,3.316,57.80,192.00,1,0,0
6718,3.316,57.70,192.00,1,0,0
6720,3.316,57.70,192.00,1,0,0
6723,3.316,58.10,193.00,1,0,0
6725,3.316,58.10,193.00,1,0,0
6728,3.316,58.00,192.00,1,0,0
6730,3.316,57.70,192.00,1,0,0
6733,3.316,57.70,192.00,1,0,0
6735,3.316,57.70,192.00,1,0,0
6738,3.316,58.00,192.00,1,0,0
6750,3.320,57.80,192.00,1,0,0
6753,3.316,57.80,192.00,1,0,0
6755,3.316,58.10,193.00,1,0,0
6758,3.320,58.10,193.00,1,0,0
6760,3.316,58.10,193.00,1,0,0
6763,3.316,58.00,192.00,1,0,0
6765,3.316,57.70,192.00,1,0,0
6768,3.316,57.70,192.00,1,0,0
6770,3.316,57.80,192.00,1,0,0
6773,3.316,58.80,192.00,1,0,0
6775,3.316,58.00,192.00,1,0,0
6777,3.320,58.10,193.00,1,0,0
6780,3.316,57.80,192.00,1,0,0
6782,3.316,57.70,192.00,1,0,0
6785,3.316,57.80,192.00,1,0,0
6787,3.316,58.00,193.00,1,0,0
6800,3.316,57.80,192.00,1,0,0
6802,3.316,57.70,192.00,1,0,0
6805,3.316,58.10,193.00,1,0,0
6807,3.316,58.00,192.00,1,0,0
6810,3.316,58.00,193.00,1,0,0
6812,3.316,57.70,192.00,1,0,0
6815,3.316,57.80,192.00,1,0,0
6817,3.316,57.80,192.00,1,0,0
6820,3.316,58.10,193.00,1,0,0
6822,3.316,58.10,193.00,1,0,0
6825,3.316,58.00,193.00,1,0,0
6827,3.316,58.00,192.00,1,0,0
6830,3.316,57.70,192.00,1,0,0
6832,3.316,57.70,192.00,1,0,0
6835,3.316,57.80,192.00,1,0,0
6837,3.316,58.20,193.00,1,0,0
6850,3.316,57.70,192.00,1,0,0
6852,3.316,57.80,193.00,1,0,0
6855,3.316,58.10,193.00,1,0,0
6857,3.316,58.10,193.00,1,0,0
6860,3.316,58.10,193.00,1,0,0
6862,3.316,57.80,192.00,1,0,0
6865,3.316,57.70,192.00,1,0,0
6867,3.316,57.80,192.00,1,0,0
6870,3.316,58.00,193.00,1,0,0
6872,3.316,58.80,195.00,1,0,0
6874,3.316,58.00,192.00,1,0,0
6877,3.316,58.00,192.00,1,0,0
6879,3.316,57.80,192.00,1,0,0
6882,3.316,57.80,192.00,1,0,0
6884,3.320,57.70,193.00,1,0,0
6887,3.320,58.00,193.00,1,0,0
6900,3.316,57.80,192.00,1,0,0
6902,3.316,58.10,193.00,1,0,0
6904,3.316,58.00,193.00,1,0,0
6907,3.316,58.00,193.00,1,0,0
6909,3.320,57.80,192.00,1,0,0
6912,3.316,57.80,192.00,1,0,0
6914,3.320,57.80,192.00,1,0,0
6917,3.320,57.70,192.00,1,0,0
6919,3.316,58.10,193.00,1,0,0
6922,3.320,58.10,193.00,1,0,0
6924,3.316,58.10,193.00,1,0,0
6927,3.316,57.70,192.00,1,0,0
6929,3.316,57.80,192.00,1,0,0
6932,3.320,57.70,192.00,1,0,0
6934,3.316,58.00,192.00,1,0,0
6937,3.316,58.10,193.00,1,0,0
6949,3.320,57.70,192.00,1,0,0
6952,3.316,58.80,195.00,1,0,0
6954,3.316,58.10,193.00,1,0,0
6957,3.316,58.10,193.00,1,0,0
6959,3.316,57.80,192.00,1,0,0
6962,3.316,57.80,192.00,1,0,0
6964,3.316,57.80,192.00,1,0,0
6967,3.316,57.70,193.00,1,0,0
6969,3.316,58.00,193.00,1,0,0
6971,3.316,58.10,193.00,1,0,0
6974,3.316,58.10,192.00,1,0,0
6976,3.316,57.80,192.00,1,0,0
6979,3.320,57.80,192.00,1,0,0
6981,3.316,57.70,192.00,1,0,0
6984,3.316,58.00,192.00,1,0,0
6986,3.316,58.10,193.00,1,0,0
6999,3.320,58.00,192.00,1,0,0
7001,3.316,58.00,193.00,1,0,0
7004,3.316,58.10,193.00,1,0,0
7006,3.320,58.10,193.00,1,0,0
7009,3.316,57.80,192.00,1,0,0
7011,3.316,57.80,192.00,1,0,0
7014,3.316,57.70,192.00,1,0,0
7016,3.316,58.10,193.00,1,0,0
7019,3.316,58.10,193.00,1,0,0
7021,3.316,58.00,192.00,1,0,0
7024,3.316,57.90,192.00,1,0,0
7026,3.316,57.80,192.00,1,0,0
7029,3.316,57.80,192.00,1,0,0
7031,3.316,57.80,192.00,1,0,0
7034,3.316,58.10,192.00,1,0,0
7036,3.316,58.10,193.00,1,0,0
7049,3.320,58.10,193.00,1,0,0
7051,3.316,58.10,193.00,1,0,0
7054,3.316,58.10,193.00,1,0,0
7056,3.316,57.80,192.00,1,0,0
7059,3.316,57.70,192.00,1,0,0
7061,3.316,57.80,192.00,1,0,0
7064,3.316,57.80,192.00,1,0,0
7066,3.316,58.10,193.00,1,0,0
7068,3.316,58.10,193.00,1,0,0
7071,3.316,58.10,192.00,1,0,0
7073,3.316,57.70,192.00,1,0,0
7076,3.316,57.80,192.00,1,0,0
7078,3.316,57.70,192.00,1,0,0
7081,3.316,58.10,193.00,1,0,0
7083,3.316,58.10,193.00,1,0,0
7086,3.316,58.10,193.00,1,0,0
7098,3.316,58.10,192.00,1,0,0
7101,3.316,58.00,192.00,1,0,0
7103,3.316,58.10,193.00,1,0,0
7106,3.316,57.80,192.00,1,0,0
7108,3.316,57.80,192.00,1,0,0
7111,3.316,57.80,192.00,1,0,0
7113,3.316,57.90,192.00,1,0,0
7116,3.316,58.00,192.00,1,0,0
7118,3.316,58.10,193.00,1,0,0
7121,3.320,58.00,192.00,1,0,0
7123,3.320,57.80,192.00,1,0,0
7126,3.316,57.70,192.00,1,0,0
7128,3.316,57.70,192.00,1,0,0
7131,3.316,58.00,193.00,1,0,0
7133,3.316,58.00,192.00,1,0,0
7136,3.316,58.10,193.00,1,0,0
7148,3.316,58.10,193.00,1,0,0
7151,3.316,58.10,192.00,1,0,0
7153,3.316,58.00,192.00,1,0,0
7156,3.316,57.80,192.00,1,0,0
7158,3.312,57.70,192.00,1,0,0
7161,3.316,57.80,192.00,1,0,0
7163,3.316,58.10,193.00,1,0,0
7166,3.316,58.10,193.00,1,0,0
7168,3.316,58.10,193.00,1,0,0
7170,3.316,57.80,192.00,1,0,0
7173,3.316,57.80,192.00,1,0,0
7175,3.316,57.80,192.00,1,0,0
7178,3.316,57.70,192.00,1,0,0
7180,3.316,58.10,193.00,1,0,0
7183,3.316,58.10,193.00,1,0,0
7185,3.316,58.00,192.00,1,0,0
7198,3.316,58.10,193.00,1,0,0
7200,3.316,58.10,193.00,1,0,0
7203,3.316,58.10,192.00,1,0,0
7205,3.316,57.80,192.00,1,0,0
7208,3.316,57.80,192.00,1,0,0
7210,3.316,57.80,193.00,1,0,0
7213,3.320,58.10,193.00,1,0,0
7215,3.316,58.10,193.00,1,0,0
7218,3.316,58.10,192.00,1,0,0
7220,3.316,57.80,192.00,1,0,0
7223,3.316,57.80,192.00,1,0,0
7225,3.316,57.80,192.00,1,0,0
7228,3.316,57.80,193.00,1,0,0
7230,3.316,58.10,193.00,1,0,0
7233,3.316,58.80,195.00,1,0,0
7235,3.316,58.10,192.00,1,0,0
7248,3.320,58.00,193.00,1,0,0
7250,3.316,58.10,193.00,1,0,0
7253,3.316,57.90,192.00,1,0,0
7255,3.316,57.80,192.00,1,0,0
7258,3.316,57.80,192.00,1,0,0
7260,3.316,58.00,193.00,1,0,0
7263,3.316,58.10,193.00,1,0,0
7265,3.316,58.10,193.00,1,0,0
7267,3.316,58.10,193.00,1,0,0
7270,3.316,57.70,192.00,1,0,0
7272,3.316,57.80,192.00,1,0,0
7275,3.316,57.80,192.00,1,0,0
7277,3.316,58.00,193.00,1,0,0
7280,3.316,58.10,193.00,1,0,0
7282,3.316,58.10,193.00,1,0,0
7285,3.316,57.90,192.00,1,0,0
7297,3.316,58.00,192.00,1,0,0
7300,3.316,58.10,192.00,1,0,0
7302,3.316,57.80,192.00,1,0,0
7305,3.316,57.80,192.00,1,0,0
7307,3.316,57.80,192.00,1,0,0
7310,3.316,58.10,193.00,1,0,0
7312,3.316,58.80,195.00,1,0,0
7315,3.320,58.10,193.00,1,0,0
7317,3.316,57.80,192.00,1,0,0
7320,3.316,57.80,192.00,1,0,0
7322,3.316,57.80,192.00,1,0,0
7325,3.316,57.90,192.00,1,0,0
7327,3.320,58.00,192.00,1,0,0
7330,3.316,58.10,193.00,1,0,0
7332,3.320,58.80,195.00,1,0,0
7334,3.316,57.80,192.00,1,0,0
7347,3.316,58.00,193.00,1,0,0
7350,3.316,58.00,192.00,1,0,0
7352,3.316,57.80,192.00,1,0,0
7355,3.316,57.80,192.00,1,0,0
7357,3.316,57.80,192.00,1,0,0
7360,3.316,58.10,193.00,1,0,0
7362,3.316,58.10,193.00,1,0,0
7364,3.316,58.10,193.00,1,0,0
7367,3.316,57.80,192.00,1,0,0
7369,3.316,57.80,192.00,1,0,0
7372,3.316,57.80,192.00,1,0,0
7374,3.316,58.00,193.00,1,0,0
7377,3.316,58.10,193.00,1,0,0
7379,3.316,58.00,192.00,1,0,0
7382,3.316,58.10,192.00,1,0,0
7384,3.316,57.80,192.00,1,0,0
7397,3.320,58.00,193.00,1,0,0
7399,3.320,57.80,192.00,1,0,0
7402,3.316,57.80,192.00,1,0,0
7404,3.316,57.80,192.00,1,0,0
7407,3.316,58.10,193.00,1,0,0
7409,3.316,58.10,193.00,1,0,0
7412,3.316,58.10,197.00,1,0,0
7414,3.316,58.10,193.00,1,0,0
7417,3.316,57.80,192.00,1,0,0
7419,3.316,57.70,192.00,1,0,0
7422,3.316,57.70,192.00,1,0,0
7424,3.316,58.00,192.00,1,0,0
7427,3.316,58.10,193.00,1,0,0
7429,3.316,58.10,193.00,1,0,0
7432,3.316,57.80,192.00,1,0,0
7434,3.316,57.80,192.00,1,0,0
7447,3.316,58.00,192.00,1,0,0
7449,3.316,57.70,192.00,1,0,0
7452,3.316,57.80,192.00,1,0,0
7454,3.316,57.80,192.00,1,0,0
7457,3.316,58.10,193.00,1,0,0
7459,3.316,58.10,193.00,1,0,0
7461,3.316,58.10,193.00,1,0,0
7464,3.320,58.20,192.00,1,0,0
7466,3.316,57.80,192.00,1,0,0
7469,3.316,57.70,192.00,1,0,0
7471,3.316,57.80,193.00,1,0,0
7474,3.316,58.10,193.00,1,0,0
7476,3.316,58.10,193.00,1,0,0
7479,3.316,58.10,193.00,1,0,0
7481,3.316,57.70,192.00,1,0,0
7484,3.316,57.80,192.00,1,0,0
7496,3.308,57.80,192.00,1,0,0
7499,3.320,57.80,192.00,1,0,0
7501,3.316,57.80,192.00,1,0,0
7504,3.316,57.80,192.00,1,0,0
7506,3.316,58.00,192.00,1,0,0
7509,3.316,58.10,192.00,1,0,0
7511,3.316,58.10,193.00,1,0,0
7514,3.316,57.70,192.00,1,0,0
7516,3.316,57.80,192.00,1,0,0
7519,3.316,57.80,192.00,1,0,0
7521,3.316,58.10,193.00,1,0,0
7524,3.316,58.10,193.00,1,0,0
7526,3.316,58.10,193.00,1,0,0
7529,3.316,58.00,192.00,1,0,0
7531,3.316,57.70,192.00,1,0,0
7533,3.316,57.80,192.00,1,0,0
7546,3.316,57.70,192.00,1,0,0
7549,3.316,57.80,192.00,1,0,0
7551,3.316,57.80,192.00,1,0,0
7554,3.316,57.80,193.00,1,0,0
7556,3.316,58.10,193.00,1,0,0
7558,3.316,58.10,193.00,1,0,0
7561,3.316,58.10,192.00,1,0,0
7563,3.316,57.80,192.00,1,0,0
7566,3.316,57.80,192.00,1,0,0
7568,3.316,57.80,192.00,1,0,0
7571,3.316,58.10,193.00,1,0,0
7573,3.316,58.20,193.00,1,0,0
7576,3.316,58.00,192.00,1,0,0
7578,3.316,57.70,192.00,1,0,0
7581,3.316,57.80,192.00,1,0,0
7583,3.316,57.80,192.00,1,0,0
7596,3.316,57.70,192.00,1,0,0
7598,3.316,57.80,192.00,1,0,0
7601,3.316,57.70,192.00,1,0,0
7603,3.316,58.10,193.00,1,0,0
7606,3.316,58.10,192.00,1,0,0
7608,3.316,58.10,193.00,1,0,0
7611,3.316,57.90,192.00,1,0,0
7613,3.316,57.80,192.00,1,0,0
7616,3.320,57.80,192.00,1,0,0
7618,3.316,57.80,192.00,1,0,0
7621,3.316,58.10,193.00,1,0,0
7623,3.316,58.10,193.00,1,0,0
7626,3.316,58.00,192.00,1,0,0
7628,3.316,57.80,192.00,1,0,0
7630,3.316,57.80,192.00,1,0,0
7633,3.316,57.80,192.00,1,0,0
7646,3.316,57.80,192.00,1,0,0
7648,3.316,57.80,192.00,1,0,0
7650,3.316,57.80,192.00,1,0,0
7653,3.316,58.10,193.00,1,0,0
7655,3.316,58.00,192.00,1,0,0
7658,3.316,58.10,193.00,1,0,0
7660,3.316,57.70,192.00,1,0,0
7663,3.316,57.80,192.00,1,0,0
7665,3.316,57.80,192.00,1,0,0
7668,3.316,58.00,192.00,1,0,0
7670,3.316,58.00,192.00,1,0,0
7673,3.316,58.70,193.00,1,0,0
7675,3.316,58.00,192.00,1,0,0
7678,3.316,57.70,192.00,1,0,0
7680,3.316,57.80,192.00,1,0,0
7683,3.316,57.70,192.00,1,0,0
7695,3.316,57.80,192.00,1,0,0
7698,3.316,57.70,192.00,1,0,0
7700,3.316,57.90,192.00,1,0,0
7703,3.316,58.10,193.00,1,0,0
7705,3.316,58.10,193.00,1,0,0
7708,3.316,58.10,193.00,1,0,0
7710,3.316,57.70,192.00,1,0,0
7713,3.316,57.70,192.00,1,0,0
7715,3.316,57.70,192.00,1,0,0
7718,3.316,58.00,193.00,1,0,0
7720,3.316,58.00,192.00,1,0,0
7722,3.316,58.10,193.00,1,0,0
7725,3.316,58.10,192.00,1,0,0
7727,3.316,57.70,192.00,1,0,0
7730,3.316,57.70,192.00,1,0,0
7732,3.316,57.70,192.00,1,0,0
7745,3.312,86.40,192.00,1,0,0
7747,3.316,57.80,192.00,1,0,0
7750,3.316,58.00,192.00,1,0,0
7752,3.316,58.80,195.00,1,0,0
7755,3.316,58.10,193.00,1,0,0
7757,3.316,57.80,192.00,1,0,0
7760,3.316,57.80,192.00,1,0,0
7762,3.316,57.80,192.00,1,0,0
7765,3.316,57.70,192.00,1,0,0
7767,3.316,58.10,193.00,1,0,0
7770,3.316,58.10,193.00,1,0,0
7772,3.316,58.80,195.00,1,0,0
7775,3.316,57.70,192.00,1,0,0
7777,3.316,57.80,192.00,1,0,0
7780,3.316,57.80,192.00,1,0,0
7782,3.316,58.10,193.00,1,0,0
7795,3.312,86.30,287.00,1,0,0
7797,3.316,57.70,192.00,1,0,0
7800,3.316,58.00,192.00,1,0,0
7806,3.316,57.80,192.00,1,0,0
7809,3.316,57.80,192.00,1,0,0
7811,3.320,57.80,192.00,1,0,0
7814,3.316,57.90,192.00,1,0,0
7816,3.316,58.00,192.00,1,0,0
7819,3.316,58.00,192.00,1,0,0
7821,3.316,58.10,193.00,1,0,0
7823,3.316,57.80,192.00,1,0,0
7826,3.316,57.80,192.00,1,0,0
7828,3.316,57.70,192.00,1,0,0
7831,3.316,58.00,192.00,1,0,0
7833,3.316,58.10,193.00,1,0,0
7836,3.316,58.10,192.00,1,0,0
7838,3.316,58.10,193.00,1,0,0
7841,3.316,57.70,192.00,1,0,0
7843,3.320,57.70,192.00,1,0,0
7856,3.316,57.90,192.00,1,0,0
7858,3.316,57.80,192.00,1,0,0
7861,3.316,57.70,192.00,1,0,0
7863,3.316,57.90,192.00,1,0,0
7866,3.316,58.10,193.00,1,0,0
7868,3.316,58.00,192.00,1,0,0
7871,3.316,58.00,192.00,1,0,0
7873,3.316,57.70,192.00,1,0,0
7876,3.316,57.70,192.00,1,0,0
7878,3.316,57.80,192.00,1,0,0
7881,3.316,58.00,192.00,1,0,0
7883,3.316,58.10,193.00,1,0,0
7886,3.316,58.10,193.00,1,0,0
7888,3.316,58.10,192.00,1,0,0
7891,3.316,57.80,192.00,1,0,0
7893,3.316,57.70,192.00,1,0,0
7906,3.320,57.80,192.00,1,0,0
7908,3.316,57.80,192.00,1,0,0
7911,3.316,57.80,192.00,1,0,0
7913,3.316,58.00,193.00,1,0,0
7916,3.316,58.00,193.00,1,0,0
7918,3.320,58.10,193.00,1,0,0
7921,3.316,57.90,192.00,1,0,0
7923,3.320,57.70,192.00,1,0,0
7925,3.316,57.80,192.00,1,0,0
7928,3.316,57.80,192.00,1,0,0
7930,3.316,58.00,193.00,1,0,0
7933,3.320,58.80,192.00,1,0,0
7935,3.316,58.10,193.00,1,0,0
7938,3.316,57.80,192.00,1,0,0
7940,3.316,57.80,192.00,1,0,0
7943,3.316,57.80,192.00,1,0,0
7955,3.316,57.80,192.00,1,0,0
7958,3.316,57.80,192.00,1,0,0
7960,3.316,57.70,192.00,1,0,0
7963,3.316,58.10,193.00,1,0,0
7965,3.316,58.10,193.00,1,0,0
7968,3.316,58.10,193.00,1,0,0
7970,3.316,57.80,192.00,1,0,0
7973,3.316,57.80,192.00,1,0,0
7975,3.316,57.70,192.00,1,0,0
7978,3.316,58.10,193.00,1,0,0
7980,3.316,58.00,192.00,1,0,0
7983,3.316,58.00,192.00,1,0,0
7985,3.316,58.00,192.00,1,0,0
7988,3.316,57.80,192.00,1,0,0
7990,3.316,57.70,192.00,1,0,0
7992,3.316,57.80,192.00,1,0,0
8005,3.316,57.80,192.00,1,0,0
8008,3.316,57.80,192.00,1,0,0
8010,3.316,58.00,192.00,1,0,0
8013,3.316,58.10,195.00,1,0,0
8015,3.316,58.00,192.00,1,0,0
8018,3.320,58.10,193.00,1,0,0
8020,3.316,57.80,192.00,1,0,0
8022,3.316,57.90,192.00,1,0,0
8025,3.316,57.80,192.00,1,0,0
8027,3.316,58.10,193.00,1,0,0
8030,3.316,58.20,193.00,1,0,0
8032,3.316,58.10,193.00,1,0,0
8035,3.316,57.90,192.00,1,0,0
8037,3.316,57.80,192.00,1,0,0
8040,3.316,57.80,192.00,1,0,0
8042,3.316,57.80,192.00,1,0,0
8055,3.316,57.70,192.00,1,0,0
8057,3.316,57.70,192.00,1,0,0
8060,3.316,58.10,193.00,1,0,0
8062,3.316,58.00,192.00,1,0,0
8065,3.316,58.10,193.00,1,0,0
8067,3.316,57.80,192.00,1,0,0
8070,3.316,57.80,192.00,1,0,0
8072,3.316,57.80,192.00,1,0,0
8075,3.316,57.90,192.00,1,0,0
8077,3.320,58.10,193.00,1,0,0
8080,3.320,58.10,193.00,1,0,0
8082,3.316,58.00,193.00,1,0,0
8085,3.316,57.80,192.00,1,0,0
8087,3.316,57.70,192.00,1,0,0
8089,3.316,57.70,192.00,1,0,0
8092,3.316,58.00,192.00,1,0,0
8105,3.316,57.70,192.00,1,0,0
8107,3.316,57.80,192.00,1,0,0
8110,3.316,58.10,192.00,1,0,0
8112,3.316,58.10,193.00,1,0,0
8115,3.316,58.10,193.00,1,0,0
8117,3.316,57.80,192.00,1,0,0
8119,3.316,57.80,192.00,1,0,0
8122,3.316,57.70,192.00,1,0,0
8124,3.320,58.00,193.00,1,0,0
8127,3.320,58.00,192.00,1,0,0
8129,3.316,58.00,193.00,1,0,0
8132,3.316,58.00,192.00,1,0,0
8134,3.316,57.70,192.00,1,0,0
8137,3.316,57.80,192.00,1,0,0
8139,3.316,57.70,192.00,1,0,0
8142,3.320,58.00,192.00,1,0,0
8154,3.316,57.80,192.00,1,0,0
8157,3.320,58.00,192.00,1,0,0
8159,3.316,58.10,193.00,1,0,0
8162,3.316,58.00,193.00,1,0,0
8164,3.316,58.10,193.00,1,0,0
8167,3.316,57.80,192.00,1,0,0
8169,3.316,57.80,192.00,1,0,0
8172,3.316,57.80,192.00,1,0,0
8174,3.316,58.10,193.00,1,0,0
8177,3.316,58.00,192.00,1,0,0
8179,3.316,58.10,193.00,1,0,0
8182,3.316,57.70,192.00,1,0,0
8184,3.316,57.70,192.00,1,0,0
8187,3.320,57.80,192.00,1,0,0
8189,3.316,57.70,192.00,1,0,0
8191,3.316,58.00,193.00,1,0,0
8204,3.316,57.80,192.00,1,0,0
8207,3.316,58.00,192.00,1,0,0
8209,3.316,58.10,193.00,1,0,0
8212,3.316,58.00,192.00,1,0,0
8214,3.316,58.90,192.00,1,0,0
8216,3.316,57.80,192.00,1,0,0
8219,3.316,57.80,192.00,1,0,0
8221,3.316,57.80,192.00,1,0,0
8224,3.316,58.10,193.00,1,0,0
8226,3.316,58.10,193.00,1,0,0
8229,3.316,58.10,192.00,1,0,0
8231,3.316,57.70,192.00,1,0,0
8234,3.316,57.80,192.00,1,0,0
8236,3.316,57.80,192.00,1,0,0
8239,3.316,58.10,193.00,1,0,0
8241,3.316,58.10,193.00,1,0,0
8254,3.316,57.80,192.00,1,0,0
8256,3.316,58.10,193.00,1,0,0
8259,3.316,58.10,192.00,1,0,0
8261,3.316,58.10,193.00,1,0,0
8264,3.316,57.70,192.00,1,0,0
8266,3.316,57.80,192.00,1,0,0
8269,3.316,57.80,192.00,1,0,0
8271,3.316,58.00,192.00,1,0,0
8274,3.316,58.80,193.00,1,0,0
8276,3.316,58.10,193.00,1,0,0
8279,3.316,58.00,193.00,1,0,0
8281,3.316,57.80,192.00,1,0,0
8284,3.316,57.70,192.00,1,0,0
8286,3.316,57.80,192.00,1,0,0
8288,3.316,58.20,193.00,1,0,0
8291,3.316,58.10,193.00,1,0,0
8304,3.320,58.10,193.00,1,0,0
8306,3.316,58.10,193.00,1,0,0
8309,3.316,58.10,193.00,1,0,0
8311,3.316,58.00,192.00,1,0,0
8313,3.316,57.70,192.00,1,0,0
8316,3.320,57.80,192.00,1,0,0
8318,3.316,57.80,192.00,1,0,0
8321,3.316,58.10,193.00,1,0,0
8323,3.316,58.20,193.00,1,0,0
8326,3.316,58.00,192.00,1,0,0
8328,3.316,57.80,192.00,1,0,0
8331,3.316,57.70,192.00,1,0,0
8333,3.316,57.80,192.00,1,0,0
8336,3.316,57.90,192.00,1,0,0
8338,3.316,58.00,192.00,1,0,0
8341,3.316,58.10,193.00,1,0,0
8353,3.316,59.50,193.00,1,0,0
8356,3.316,58.10,193.00,1,0,0
8358,3.316,58.10,193.00,1,0,0
8361,3.320,58.10,192.00,1,0,0
8363,3.316,57.80,192.00,1,0,0
8366,3.316,57.80,192.00,1,0,0
8368,3.316,57.80,192.00,1,0,0
8371,3.316,58.10,193.00,1,0,0
8373,3.320,59.00,197.00,1,0,0
8376,3.320,58.00,192.00,1,0,0
8378,3.316,57.70,192.00,1,0,0
8381,3.316,57.80,192.00,1,0,0
8383,3.320,57.70,192.00,1,0,0
8385,3.316,58.00,193.00,1,0,0
8388,3.316,58.00,192.00,1,0,0
8390,3.316,58.00,192.00,1,0,0
8403,3.316,58.10,193.00,1,0,0
8406,3.316,58.10,193.00,1,0,0
8408,3.316,58.10,193.00,1,0,0
8410,3.316,57.70,192.00,1,0,0
8413,3.316,57.80,192.00,1,0,0
8415,3.316,57.80,192.00,1,0,0
8418,3.316,58.00,193.00,1,0,0
8420,3.316,58.10,193.00,1,0,0
8423,3.316,58.10,193.00,1,0,0
8425,3.320,58.00,192.00,1,0,0
8428,3.316,57.80,192.00,1,0,0
8430,3.316,57.80,192.00,1,0,0
8433,3.316,57.80,192.00,1,0,0
8435,3.316,58.00,193.00,1,0,0
8438,3.316,58.10,193.00,1,0,0
8440,3.316,58.10,193.00,1,0,0
8453,3.316,58.90,195.00,1,0,0
8455,3.316,58.10,193.00,1,0,0
8458,3.316,58.10,192.00,1,0,0
8460,3.320,57.80,192.00,1,0,0
8463,3.316,57.80,192.00,1,0,0
8465,3.320,57.70,192.00,1,0,0
8468,3.316,58.10,193.00,1,0,0
8470,3.316,58.10,193.00,1,0,0
8473,3.320,58.10,193.00,1,0,0
8475,3.320,58.10,192.00,1,0,0
8478,3.320,57.70,192.00,1,0,0
8480,3.320,57.80,192.00,1,0,0
8482,3.316,57.80,192.00,1,0,0
8485,3.316,58.00,193.00,1,0,0
8487,3.316,58.00,192.00,1,0,0
8490,3.316,58.10,193.00,1,0,0
8503,3.316,58.10,193.00,1,0,0
8505,3.316,58.20,193.00,1,0,0
8508,3.316,57.90,192.00,1,0,0
8510,3.316,57.80,192.00,1,0,0
8512,3.316,57.80,192.00,1,0,0
8515,3.316,57.80,192.00,1,0,0
8517,3.316,58.10,192.00,1,0,0
8520,3.316,58.10,192.00,1,0,0
8522,3.316,58.10,193.00,1,0,0
8525,3.316,57.80,192.00,1,0,0
8527,3.316,57.80,192.00,1,0,0
8530,3.316,57.80,192.00,1,0,0
8532,3.316,58.00,192.00,1,0,0
8535,3.320,58.10,193.00,1,0,0
8537,3.316,58.10,193.00,1,0,0
8540,3.316,58.10,193.00,1,0,0
8552,3.316,58.00,192.00,1,0,0
8555,3.316,58.10,193.00,1,0,0
8557,3.316,57.70,192.00,1,0,0
8560,3.316,57.70,192.00,1,0,0
8562,3.316,57.80,192.00,1,0,0
8565,3.316,58.10,193.00,1,0,0
8567,3.316,58.10,193.00,1,0,0
8570,3.316,58.10,192.00,1,0,0
8572,3.316,58.10,193.00,1,0,0
8575,3.316,57.80,192.00,1,0,0
8577,3.316,57.70,192.00,1,0,0
8579,3.316,57.80,192.00,1,0,0
8582,3.316,58.00,192.00,1,0,0
8584,3.316,58.10,193.00,1,0,0
8587,3.316,58.10,193.00,1,0,0
8589,3.316,57.80,192.00,1,0,0
8602,3.316,58.00,193.00,1,0,0
8605,3.316,58.10,193.00,1,0,0
8607,3.316,57.80,192.00,1,0,0
8609,3.316,57.90,192.00,1,0,0
8612,3.316,57.80,192.00,1,0,0
8614,3.316,58.10,193.00,1,0,0
8617,3.320,58.00,192.00,1,0,0
8619,3.316,58.10,193.00,1,0,0
8622,3.316,58.10,192.00,1,0,0
8624,3.320,57.80,192.00,1,0,0
8627,3.316,57.80,192.00,1,0,0
8629,3.316,57.80,192.00,1,0,0
8632,3.316,58.10,192.00,1,0,0
8634,3.316,58.20,193.00,1,0,0
8637,3.316,58.20,193.00,1,0,0
8639,3.316,57.80,192.00,1,0,0
8652,3.316,58.20,193.00,1,0,0
8654,3.316,57.80,192.00,1,0,0
8657,3.316,57.80,192.00,1,0,0
8659,3.316,57.80,192.00,1,0,0
8662,3.316,57.80,192.00,1,0,0
8664,3.316,58.10,193.00,1,0,0
8667,3.316,58.10,193.00,1,0,0
8669,3.316,58.10,193.00,1,0,0
8672,3.316,57.80,192.00,1,0,0
8674,3.320,57.80,192.00,1,0,0
8676,3.316,57.80,192.00,1,0,0
8679,3.316,58.10,193.00,1,0,0
8681,3.316,58.10,193.00,1,0,0
8684,3.316,58.10,192.00,1,0,0
8686,3.316,58.10,193.00,1,0,0
8689,3.316,57.80,192.00,1,0,0
8702,3.316,58.10,193.00,1,0,0
8704,3.316,57.80,192.00,1,0,0
8706,3.316,57.70,192.00,1,0,0
8709,3.316,57.80,192.00,1,0,0
8711,3.316,57.80,193.00,1,0,0
8714,3.316,58.10,193.00,1,0,0
8716,3.316,58.00,192.00,1,0,0
8719,3.316,58.10,192.00,1,0,0
8721,3.316,57.80,192.00,1,0,0
8724,3.316,57.70,192.00,1,0,0
8726,3.316,57.80,192.00,1,0,0
8729,3.316,58.10,193.00,1,0,0
8731,3.316,58.10,193.00,1,0,0
8734,3.320,58.80,192.00,1,0,0
8736,3.316,58.10,192.00,1,0,0
8739,3.320,57.80,192.00,1,0,0
8751,3.316,58.10,193.00,1,0,0
8754,3.316,57.80,192.00,1,0,0
8756,3.316,57.80,192.00,1,0,0
8759,3.316,57.80,192.00,1,0,0
8761,3.316,58.10,193.00,1,0,0
8764,3.316,58.10,192.00,1,0,0
8766,3.316,58.10,193.00,1,0,0
8769,3.316,57.90,192.00,1,0,0
8771,3.316,57.80,192.00,1,0,0
8773,3.316,57.80,192.00,1,0,0
8776,3.320,57.80,192.00,1,0,0
8778,3.316,58.00,192.00,1,0,0
8781,3.316,58.10,193.00,1,0,0
8783,3.316,58.10,193.00,1,0,0
8786,3.316,57.70,192.00,1,0,0
8788,3.316,57.80,192.00,1,0,0
8801,3.316,58.10,192.00,1,0,0
8803,3.316,57.80,192.00,1,0,0
8806,3.316,57.90,192.00,1,0,0
8808,3.316,57.80,192.00,1,0,0
8811,3.316,58.10,193.00,1,0,0
8813,3.316,58.80,195.00,1,0,0
8816,3.316,58.10,193.00,1,0,0
8818,3.320,57.80,192.00,1,0,0
8821,3.316,57.70,192.00,1,0,0
8823,3.316,57.80,192.00,1,0,0
8826,3.316,58.10,193.00,1,0,0
8828,3.316,58.10,193.00,1,0,0
8831,3.316,58.10,193.00,1,0,0
8833,3.316,58.70,195.00,1,0,0
8836,3.316,57.80,192.00,1,0,0
8838,3.316,57.80,192.00,1,0,0
8851,3.316,57.80,192.00,1,0,0
8853,3.316,57.80,192.00,1,0,0
8856,3.316,57.80,192.00,1,0,0
8858,3.316,58.00,192.00,1,0,0
8861,3.316,58.00,193.00,1,0,0
8863,3.316,58.10,193.00,1,0,0
8866,3.316,58.00,193.00,1,0,0
8868,3.316,57.70,192.00,1,0,0
8871,3.316,57.70,192.00,1,0,0
8873,3.316,57.80,192.00,1,0,0
8875,3.316,58.10,193.00,1,0,0
8878,3.316,58.00,192.00,1,0,0
8880,3.320,58.00,192.00,1,0,0
8883,3.320,58.00,192.00,1,0,0
8885,3.316,57.80,192.00,1,0,0
8888,3.316,57.80,192.00,1,0,0
8900,3.316,57.80,192.00,1,0,0
8903,3.316,57.80,192.00,1,0,0
8905,3.316,57.80,192.00,1,0,0
8908,3.316,58.10,193.00,1,0,0
8910,3.316,58.10,193.00,1,0,0
8913,3.316,58.00,195.00,1,0,0
8915,3.316,57.80,192.00,1,0,0
8918,3.316,57.70,192.00,1,0,0
8920,3.316,57.80,192.00,1,0,0
8923,3.316,57.80,192.00,1,0,0
8925,3.316,58.10,193.00,1,0,0
8928,3.316,58.00,193.00,1,0,0
8930,3.316,58.00,193.00,1,0,0
8933,3.316,57.70,192.00,1,0,0
8935,3.316,57.90,192.00,1,0,0
8937,3.316,57.70,192.00,1,0,0
8950,3.316,57.70,192.00,1,0,0
8953,3.316,57.80,192.00,1,0,0
8955,3.316,57.80,192.00,1,0,0
8958,3.316,58.10,193.00,1,0,0
8960,3.316,58.10,193.00,1,0,0
8962,3.316,58.10,193.00,1,0,0
8965,3.316,57.80,192.00,1,0,0
8967,3.316,57.80,192.00,1,0,0
8970,3.316,57.80,192.00,1,0,0
8972,3.316,57.90,195.00,1,0,0
8975,3.316,58.00,192.00,1,0,0
8977,3.316,58.00,192.00,1,0,0
8980,3.316,58.00,192.00,1,0,0
8982,3.316,57.80,192.00,1,0,0
8985,3.316,57.70,192.00,1,0,0
8987,3.316,57.80,192.00,1,0,0
9000,3.316,57.80,192.00,1,0,0
9002,3.316,57.80,192.00,1,0,0
9005,3.316,58.00,192.00,1,0,0
9007,3.316,58.10,193.00,1,0,0
9010,3.316,58.10,193.00,1,0,0
9012,3.316,58.00,192.00,1,0,0
9015,3.316,57.70,192.00,1,0,0
9017,3.316,57.80,192.00,1,0,0
9020,3.316,57.70,192.00,1,0,0
9022,3.320,58.00,192.00,1,0,0
9025,3.316,58.00,192.00,1,0,0
9027,3.316,58.10,193.00,1,0,0
9030,3.316,57.80,192.00,1,0,0
9032,3.316,57.80,192.00,1,0,0
9034,3.316,57.70,192.00,1,0,0
9037,3.316,57.70,192.00,1,0,0
9050,3.316,57.80,192.00,1,0,0
9052,3.316,57.80,192.00,1,0,0
9055,3.316,58.00,192.00,1,0,0
9057,3.316,58.10,193.00,1,0,0
9059,3.316,58.00,192.00,1,0,0
9062,3.316,58.00,192.00,1,0,0
9064,3.316,57.70,192.00,1,0,0
9067,3.316,57.70,192.00,1,0,0
9069,3.316,57.80,192.00,1,0,0
9072,3.316,58.00,192.00,1,0,0
9074,3.316,58.10,193.00,1,0,0
9077,3.316,58.00,193.00,1,0,0
9079,3.316,57.70,192.00,1,0,0
9082,3.316,57.80,192.00,1,0,0
9084,3.316,57.70,192.00,1,0,0
9087,3.316,58.10,193.00,1,0,0
9099,3.316,57.70,192.00,1,0,0
9102,3.316,57.70,192.00,1,0,0
9104,3.316,58.10,193.00,1,0,0
9107,3.316,58.10,193.00,1,0,0
9109,3.316,58.10,193.00,1,0,0
9112,3.316,57.80,192.00,1,0,0
9114,3.316,57.80,192.00,1,0,0
9117,3.316,57.70,192.00,1,0,0
9119,3.316,58.00,192.00,1,0,0
9122,3.316,58.10,193.00,1,0,0
9124,3.316,58.10,193.00,1,0,0
9127,3.316,58.10,193.00,1,0,0
9129,3.316,57.70,192.00,1,0,0
9131,3.316,57.80,192.00,1,0,0
9134,3.316,57.70,192.00,1,0,0
9136,3.316,58.10,192.00,1,0,0
9149,3.316,57.70,192.00,1,0,0
9152,3.316,57.80,193.00,1,0,0
9154,3.316,58.10,193.00,1,0,0
9157,3.316,58.10,193.00,1,0,0
9159,3.320,58.00,193.00,1,0,0
9161,3.316,57.80,192.00,1,0,0
9164,3.316,57.80,192.00,1,0,0
9166,3.316,57.70,192.00,1,0,0
9169,3.316,58.00,192.00,1,0,0
9171,3.316,58.10,193.00,1,0,0
9174,3.316,58.80,193.00,1,0,0
9176,3.320,57.70,192.00,1,0,0
9179,3.316,57.70,192.00,1,0,0
9181,3.320,57.70,192.00,1,0,0
9184,3.316,57.90,192.00,1,0,0
9186,3.316,58.00,192.00,1,0,0
9199,3.316,57.80,192.00,1,0,0
9201,3.316,58.10,192.00,1,0,0
9204,3.316,58.10,193.00,1,0,0
9206,3.316,58.10,193.00,1,0,0
9209,3.316,58.00,192.00,1,0,0
9211,3.316,57.70,192.00,1,0,0
9214,3.316,57.80,192.00,1,0,0
9216,3.316,57.80,192.00,1,0,0
9219,3.316,58.00,193.00,1,0,0
9221,3.316,58.10,193.00,1,0,0
9224,3.316,58.10,193.00,1,0,0
9226,3.316,57.80,192.00,1,0,0
9228,3.316,57.70,192.00,1,0,0
9231,3.316,57.70,192.00,1,0,0
9233,3.316,57.90,192.00,1,0,0
9236,3.316,58.10,193.00,1,0,0
9249,3.316,57.80,192.00,1,0,0
9251,3.316,58.10,193.00,1,0,0
9254,3.316,58.80,192.00,1,0,0
9256,3.316,58.10,193.00,1,0,0
9258,3.320,57.80,192.00,1,0,0
9261,3.316,57.80,192.00,1,0,0
9263,3.316,57.80,192.00,1,0,0
9266,3.316,58.00,192.00,1,0,0
9268,3.316,58.00,192.00,1,0,0
9271,3.316,58.10,193.00,1,0,0
9273,3.320,58.80,195.00,1,0,0
9276,3.316,57.70,192.00,1,0,0
9278,3.316,57.70,192.00,1,0,0
9281,3.316,57.80,192.00,1,0,0
9283,3.316,58.10,193.00,1,0,0
9286,3.316,58.10,193.00,1,0,0
9298,3.316,57.80,193.00,1,0,0
9301,3.316,58.00,193.00,1,0,0
9303,3.316,58.10,193.00,1,0,0
9306,3.316,58.10,192.00,1,0,0
9308,3.316,57.80,192.00,1,0,0
9311,3.316,57.70,192.00,1,0,0
9313,3.316,57.80,192.00,1,0,0
9316,3.316,58.00,193.00,1,0,0
9318,3.316,58.10,193.00,1,0,0
9321,3.320,58.00,192.00,1,0,0
9323,3.316,58.00,192.00,1,0,0
9325,3.316,57.70,192.00,1,0,0
9328,3.316,57.80,192.00,1,0,0
9330,3.316,57.80,193.00,1,0,0
9333,3.320,58.70,195.00,1,0,0
9335,3.316,58.10,193.00,1,0,0
9348,3.320,58.10,193.00,1,0,0
9351,3.316,58.10,193.00,1,0,0
9353,3.320,60.70,202.00,1,0,0
9355,3.316,57.90,192.00,1,0,0
9358,3.316,57.80,192.00,1,0,0
9360,3.316,57.70,192.00,1,0,0
9363,3.316,57.70,192.00,1,0,0
9365,3.320,58.00,192.00,1,0,0
9368,3.316,58.10,193.00,1,0,0
9370,3.316,58.10,193.00,1,0,0
9373,3.316,57.80,192.00,1,0,0
9375,3.316,57.70,192.00,1,0,0
9378,3.316,57.70,192.00,1,0,0
9380,3.316,58.00,192.00,1,0,0
9383,3.316,58.10,192.00,1,0,0
9385,3.316,58.00,192.00,1,0,0
9398,3.316,58.10,193.00,1,0,0
9400,3.316,58.10,193.00,1,0,0
9403,3.316,58.10,193.00,1,0,0
9405,3.320,57.80,192.00,1,0,0
9408,3.316,57.80,192.00,1,0,0
9410,3.316,57.80,192.00,1,0,0
9413,3.316,58.90,195.00,1,0,0
9415,3.316,58.10,193.00,1,0,0
9418,3.316,58.00,192.00,1,0,0
9420,3.316,58.10,193.00,1,0,0
9422,3.316,57.80,192.00,1,0,0
9425,3.316,57.80,192.00,1,0,0
9427,3.316,57.80,192.00,1,0,0
9430,3.316,58.10,193.00,1,0,0
9432,3.316,58.10,193.00,1,0,0
9435,3.316,58.10,192.00,1,0,0
9448,3.316,58.00,193.00,1,0,0
9450,3.316,58.10,193.00,1,0,0
9452,3.316,58.10,193.00,1,0,0
9455,3.316,57.80,192.00,1,0,0
9457,3.316,57.80,192.00,1,0,0
9460,3.316,57.70,192.00,1,0,0
9462,3.316,58.00,192.00,1,0,0
9465,3.316,58.00,192.00,1,0,0
9467,3.316,58.20,193.00,1,0,0
9470,3.316,58.20,192.00,1,0,0
9472,3.316,57.80,192.00,1,0,0
9475,3.316,57.70,192.00,1,0,0
9477,3.316,57.70,192.00,1,0,0
9480,3.316,58.10,192.00,1,0,0
9482,3.316,58.10,193.00,1,0,0
9485,3.316,58.10,193.00,1,0,0
9497,3.316,58.10,193.00,1,0,0
9500,3.316,58.10,192.00,1,0,0
9502,3.316,57.80,192.00,1,0,0
9505,3.316,57.80,192.00,1,0,0
9507,3.316,57.80,192.00,1,0,0
9510,3.316,57.80,192.00,1,0,0
9512,3.316,58.10,193.00,1,0,0
9515,3.316,58.10,193.00,1,0,0
9517,3.316,58.10,193.00,1,0,0
9520,3.316,57.80,192.00,1,0,0
9522,3.320,57.70,192.00,1,0,0
9524,3.316,57.70,192.00,1,0,0
9527,3.316,58.00,192.00,1,0,0
9529,3.316,58.10,193.00,1,0,0
9532,3.316,58.10,193.00,1,0,0
9534,3.320,58.10,193.00,1,0,0
9547,3.316,58.00,193.00,1,0,0
9549,3.316,58.20,193.00,1,0,0
9552,3.316,57.80,192.00,1,0,0
9554,3.316,57.80,192.00,1,0,0
9557,3.316,57.80,192.00,1,0,0
9559,3.316,57.80,193.00,1,0,0
9562,3.316,58.10,193.00,1,0,0
9564,3.316,58.00,192.00,1,0,0
9567,3.316,58.00,192.00,1,0,0
9569,3.316,57.80,192.00,1,0,0
9572,3.316,57.80,192.00,1,0,0
9574,3.316,57.80,192.00,1,0,0
9577,3.316,58.00,192.00,1,0,0
9579,3.316,58.10,193.00,1,0,0
9582,3.316,58.10,193.00,1,0,0
9584,3.320,58.10,192.00,1,0,0
9597,3.316,58.10,193.00,1,0,0
9599,3.316,58.10,193.00,1,0,0
9602,3.316,57.70,192.00,1,0,0
9604,3.316,57.80,192.00,1,0,0
9607,3.316,57.80,192.00,1,0,0
9609,3.316,58.10,193.00,1,0,0
9612,3.316,58.10,193.00,1,0,0
9614,3.316,58.10,193.00,1,0,0
9617,3.316,58.00,192.00,1,0,0
9619,3.316,57.80,192.00,1,0,0
9621,3.316,57.70,192.00,1,0,0
9624,3.316,57.70,192.00,1,0,0
9626,3.316,58.20,193.00,1,0,0
9629,3.316,58.10,193.00,1,0,0
9631,3.316,58.10,193.00,1,0,0
9634,3.316,57.80,192.00,1,0,0
9647,3.316,58.00,192.00,1,0,0
9649,3.316,58.10,192.00,1,0,0
9651,3.316,57.70,192.00,1,0,0
9654,3.316,57.70,192.00,1,0,0
9656,3.316,57.80,192.00,1,0,0
9659,3.316,58.10,193.00,1,0,0
9661,3.316,58.00,192.00,1,0,0
9664,3.316,58.10,192.00,1,0,0
9666,3.316,57.70,192.00,1,0,0
9669,3.316,57.80,192.00,1,0,0
9671,3.316,57.70,192.00,1,0,0
9674,3.316,58.10,193.00,1,0,0
9676,3.316,58.10,193.00,1,0,0
9679,3.316,58.10,193.00,1,0,0
9681,3.316,58.00,192.00,1,0,0
9684,3.316,57.70,192.00,1,0,0
9696,3.300,58.00,192.00,1,0,0
9699,3.316,57.80,192.00,1,0,0
9701,3.316,57.80,192.00,1,0,0
9704,3.316,57.80,192.00,1,0,0
9706,3.316,57.90,192.00,1,0,0
9709,3.316,58.00,193.00,1,0,0
9711,3.320,58.10,193.00,1,0,0
9714,3.316,58.90,195.00,1,0,0
9716,3.316,57.80,192.00,1,0,0
9718,3.316,57.80,192.00,1,0,0
9721,3.316,57.80,192.00,1,0,0
9723,3.316,58.00,192.00,1,0,0
9726,3.316,58.00,193.00,1,0,0
9728,3.316,58.00,193.00,1,0,0
9731,3.316,58.00,192.00,1,0,0
9733,3.316,57.80,192.00,1,0,0
9746,3.300,58.10,192.00,1,0,0
9748,3.316,57.80,192.00,1,0,0
9751,3.320,57.70,192.00,1,0,0
9753,3.320,57.80,192.00,1,0,0
9756,3.316,58.10,193.00,1,0,0
9758,3.316,58.10,193.00,1,0,0
9761,3.316,58.00,192.00,1,0,0
9763,3.316,57.80,192.00,1,0,0
9766,3.316,57.70,192.00,1,0,0
9768,3.316,57.80,192.00,1,0,0
9771,3.316,57.80,192.00,1,0,0
9773,3.320,58.80,195.00,1,0,0
9776,3.316,58.10,192.00,1,0,0
9778,3.316,58.00,193.00,1,0,0
9781,3.316,57.70,192.00,1,0,0
9783,3.316,57.80,192.00,1,0,0
9796,3.316,58.00,193.00,1,0,0
9798,3.316,57.70,192.00,1,0,0
9801,3.316,57.80,192.00,1,0,0
9807,3.316,58.00,192.00,1,0,0
9810,3.316,58.10,193.00,1,0,0
9812,3.316,57.90,192.00,1,0,0
9815,3.316,57.80,192.00,1,0,0
9817,3.316,57.70,192.00,1,0,0
9820,3.316,57.80,192.00,1,0,0
9822,3.316,58.10,193.00,1,0,0
9824,3.316,58.10,193.00,1,0,0
9827,3.316,58.00,192.00,1,0,0
9829,3.316,57.80,192.00,1,0,0
9832,3.316,57.70,192.00,1,0,0
9834,3.316,57.70,192.00,1,0,0
9837,3.316,58.00,192.00,1,0,0
9839,3.316,58.10,193.00,1,0,0
9842,3.316,58.10,193.00,1,0,0
9844,3.316,89.90,298.00,1,0,0
9857,3.320,58.10,193.00,1,0,0
9859,3.316,58.10,193.00,1,0,0
9862,3.316,57.80,192.00,1,0,0
9864,3.316,57.80,192.00,1,0,0
9867,3.316,57.80,192.00,1,0,0
9869,3.316,57.90,193.00,1,0,0
9872,3.316,58.10,193.00,1,0,0
9874,3.316,58.10,193.00,1,0,0
9877,3.316,58.00,192.00,1,0,0
9879,3.316,57.70,192.00,1,0,0
9882,3.316,57.60,192.00,1,0,0
9884,3.320,57.80,192.00,1,0,0
9887,3.316,58.00,193.00,1,0,0
9889,3.320,58.10,193.00,1,0,0
9892,3.316,58.10,193.00,1,0,0
9894,3.320,58.80,308.00,1,0,0
9907,3.316,58.00,192.00,1,0,0
9909,3.316,58.10,193.00,1,0,0
9912,3.316,57.80,192.00,1,0,0
9914,3.316,57.80,192.00,1,0,0
9917,3.316,57.80,192.00,1,0,0
9919,3.316,58.10,193.00,1,0,0
9921,3.316,58.10,192.00,1,0,0
9924,3.316,58.00,192.00,1,0,0
9926,3.316,57.80,192.00,1,0,0
9929,3.316,57.70,192.00,1,0,0
9931,3.316,57.70,192.00,1,0,0
9934,3.316,57.80,192.00,1,0,0
9936,3.316,58.10,193.00,1,0,0
9939,3.316,58.00,192.00,1,0,0
9941,3.316,58.10,193.00,1,0,0
9944,3.316,57.70,192.00,1,0,0
9956,3.316,58.10,193.00,1,0,0
9959,3.316,58.10,192.00,1,0,0
9961,3.320,57.80,192.00,1,0,0
9964,3.316,57.80,192.00,1,0,0
9966,3.316,57.80,192.00,1,0,0
9969,3.316,58.10,193.00,1,0,0
9971,3.316,58.10,193.00,1,0,0
9974,3.316,58.80,193.00,1,0,0
9976,3.316,57.80,192.00,1,0,0
9979,3.316,57.80,192.00,1,0,0
9981,3.316,57.80,192.00,1,0,0
9984,3.316,57.80,193.00,1,0,0
9986,3.320,58.10,193.00,1,0,0
9989,3.320,58.10,193.00,1,0,0
9991,3.316,57.90,192.00,1,0,0
9993,3.320,57.80,192.00,1,0,0
10006,3.320,58.10,193.00,1,0,0
10009,3.320,57.80,192.00,1,0,0
10011,3.320,57.70,192.00,1,0,0
10014,3.316,57.80,192.00,1,0,0
10016,3.316,58.00,192.00,1,0,0
10019,3.320,58.00,192.00,1,0,0
10021,3.316,58.00,192.00,1,0,0
10023,3.316,58.00,192.00,1,0,0
10026,3.316,57.70,192.00,1,0,0
10028,3.320,57.80,192.00,1,0,0
10031,3.316,57.80,192.00,1,0,0
10033,3.316,58.10,195.00,1,0,0
10036,3.316,58.10,192.00,1,0,0
10038,3.316,58.10,193.00,1,0,0
10051,3.316,58.10,193.00,1,0,0
10053,3.316,58.10,193.00,1,0,0
10056,3.316,58.10,192.00,1,0,0
10058,3.316,57.80,192.00,1,0,0
10061,3.316,57.70,192.00,1,0,0
10063,3.316,57.70,192.00,1,0,0
10066,3.316,58.00,192.00,1,0,0
10068,3.316,58.10,193.00,1,0,0
10071,3.316,58.10,192.00,1,0,0
10073,3.316,57.70,192.00,1,0,0
10076,3.316,57.70,192.00,1,0,0
10078,3.316,57.70,192.00,1,0,0
10081,3.316,57.70,192.00,1,0,0
10083,3.316,58.10,193.00,1,0,0
10096,3.308,57.80,192.00,1,0,0
10098,3.316,58.10,193.00,1,0,0
10101,3.316,58.00,193.00,1,0,0
10103,3.320,58.00,192.00,1,0,0
10106,3.316,58.10,193.00,1,0,0
10108,3.316,57.80,192.00,1,0,0
10111,3.316,57.70,192.00,1,0,0
10113,3.316,57.80,192.00,1,0,0
10116,3.316,58.10,192.00,1,0,0
10118,3.316,58.00,192.00,1,0,0
10120,3.316,58.10,193.00,1,0,0
10123,3.320,57.80,192.00,1,0,0
10125,3.316,57.80,192.00,1,0,0
10128,3.316,57.80,192.00,1,0,0
10141,3.316,57.70,192.00,1,0,0
10143,3.316,57.70,192.00,1,0,0
10145,3.308,79.60,192.00,1,0,0
10148,3.316,58.10,193.00,1,0,0
10150,3.320,58.10,193.00,1,0,0
10153,3.316,58.00,193.00,1,0,0
10155,3.316,57.80,192.00,1,0,0
10158,3.316,57.80,192.00,1,0,0
10160,3.316,57.70,192.00,1,0,0
10163,3.316,58.00,192.00,1,0,0
10165,3.316,58.00,192.00,1,0,0
10168,3.316,58.00,192.00,1,0,0
10170,3.316,58.10,193.00,1,0,0
10173,3.316,57.70,192.00,1,0,0
10185,3.316,58.00,193.00,1,0,0
10188,3.320,57.90,192.00,1,0,0
10190,3.316,57.70,192.00,1,0,0
10193,3.316,57.70,192.00,1,0,0
10195,3.300,61.40,192.00,1,0,0
10198,3.316,57.90,193.00,1,0,0
10200,3.316,58.00,193.00,1,0,0
10203,3.316,58.10,193.00,1,0,0
10205,3.316,57.70,192.00,1,0,0
10208,3.316,57.80,192.00,1,0,0
10210,3.316,57.70,192.00,1,0,0
10213,3.316,58.10,193.00,1,0,0
10215,3.316,58.10,193.00,1,0,0
10217,3.316,58.10,193.00,1,0,0
10230,3.316,58.10,193.00,1,0,0
10233,3.316,58.10,193.00,1,0,0
10235,3.320,58.10,193.00,1,0,0
10238,3.316,57.80,192.00,1,0,0
10240,3.316,57.70,192.00,1,0,0
10242,3.316,57.80,192.00,1,0,0
10245,3.316,58.30,193.00,1,0,0
10247,3.316,58.00,192.00,1,0,0
10250,3.316,58.10,193.00,1,0,0
10252,3.320,58.00,192.00,1,0,0
10255,3.316,57.80,192.00,1,0,0
10257,3.316,57.80,192.00,1,0,0
10260,3.316,57.70,192.00,1,0,0
10262,3.316,58.10,193.00,1,0,0
10275,3.316,57.70,192.00,1,0,0
10277,3.316,58.00,193.00,1,0,0
10280,3.316,58.00,192.00,1,0,0
10282,3.316,58.10,193.00,1,0,0
10285,3.316,58.10,192.00,1,0,0
10287,3.316,57.70,192.00,1,0,0
10290,3.316,57.70,192.00,1,0,0
10292,3.316,57.80,192.00,1,0,0
10295,3.316,58.20,193.00,1,0,0
10297,3.316,58.00,192.00,1,0,0
10300,3.316,58.00,193.00,1,0,0
10302,3.316,58.00,192.00,1,0,0
10305,3.316,57.80,192.00,1,0,0
10307,3.316,57.70,192.00,1,0,0
10320,3.316,57.80,192.00,1,0,0
10322,3.316,57.70,192.00,1,0,0
10325,3.316,57.70,192.00,1,0,0
10327,3.316,58.10,193.00,1,0,0
10330,3.316,58.00,193.00,1,0,0
10332,3.320,58.10,193.00,1,0,0
10335,3.316,58.10,193.00,1,0,0
10337,3.316,57.80,192.00,1,0,0
10340,3.316,57.80,192.00,1,0,0
10342,3.316,57.90,192.00,1,0,0
10344,3.316,58.40,193.00,1,0,0
10347,3.316,58.10,193.00,1,0,0
10349,3.316,58.00,192.00,1,0,0
10352,3.316,57.80,192.00,1,0,0
10365,3.316,58.00,192.00,1,0,0
10367,3.320,58.10,192.00,1,0,0
10369,3.316,57.70,192.00,1,0,0
10372,3.316,57.70,192.00,1,0,0
10374,3.316,57.80,192.00,1,0,0
10377,3.316,58.00,192.00,1,0,0
10379,3.316,58.10,193.00,1,0,0
10382,3.316,58.10,193.00,1,0,0
10384,3.316,57.80,192.00,1,0,0
10387,3.316,57.70,192.00,1,0,0
10389,3.316,57.80,192.00,1,0,0
10392,3.316,58.10,193.00,1,0,0
10394,3.316,62.40,206.00,1,0,0
10397,3.316,58.00,193.00,1,0,0
10409,3.316,58.10,193.00,1,0,0
10412,3.316,58.10,193.00,1,0,0
10414,3.316,59.00,195.00,1,0,0
10417,3.316,57.80,192.00,1,0,0
10419,3.316,57.80,192.00,1,0,0
10422,3.316,57.80,192.00,1,0,0
10424,3.316,58.00,192.00,1,0,0
10427,3.316,58.10,193.00,1,0,0
10429,3.316,58.10,193.00,1,0,0
10432,3.316,58.10,193.00,1,0,0
10434,3.316,57.80,192.00,1,0,0
10437,3.316,57.70,192.00,1,0,0
10439,3.316,57.70,192.00,1,0,0
10441,3.316,58.10,192.00,1,0,0
10454,3.316,57.70,192.00,1,0,0
10457,3.316,57.80,193.00,1,0,0
10459,3.316,58.00,192.00,1,0,0
10462,3.316,58.00,192.00,1,0,0
10464,3.316,58.00,192.00,1,0,0
10466,3.316,57.70,192.00,1,0,0
10469,3.316,57.80,192.00,1,0,0
10471,3.316,57.80,192.00,1,0,0
10474,3.316,58.80,195.00,1,0,0
10476,3.316,58.00,192.00,1,0,0
10479,3.316,58.00,193.00,1,0,0
10481,3.316,57.70,192.00,1,0,0
10484,3.316,57.80,192.00,1,0,0
10486,3.316,57.80,192.00,1,0,0
10499,3.316,57.80,192.00,1,0,0
10501,3.316,57.70,192.00,1,0,0
10504,3.316,57.80,192.00,1,0,0
10506,3.316,58.10,193.00,1,0,0
10509,3.316,58.10,192.00,1,0,0
10511,3.316,58.10,193.00,1,0,0
10514,3.316,58.00,192.00,1,0,0
10516,3.316,57.70,192.00,1,0,0
10519,3.316,57.90,192.00,1,0,0
10521,3.316,57.80,192.00,1,0,0
10524,3.316,58.10,193.00,1,0,0
10526,3.316,58.00,193.00,1,0,0
10529,3.316,58.00,192.00,1,0,0
10531,3.316,57.80,192.00,1,0,0
10544,3.316,58.10,238.00,1,0,0
10546,3.308,57.70,192.00,1,0,0
10549,3.316,57.80,192.00,1,0,0
10551,3.316,57.80,192.00,1,0,0
10554,3.316,57.80,192.00,1,0,0
10556,3.316,58.00,192.00,1,0,0
10559,3.316,58.10,193.00,1,0,0
10561,3.316,58.10,193.00,1,0,0
10563,3.316,57.70,192.00,1,0,0
10566,3.316,57.70,192.00,1,0,0
10568,3.316,57.70,192.00,1,0,0
10571,3.316,58.00,192.00,1,0,0
10573,3.316,58.10,193.00,1,0,0
10576,3.316,58.10,193.00,1,0,0
10588,3.316,58.00,193.00,1,0,0
10591,3.316,58.10,193.00,1,0,0
10593,3.316,58.10,193.00,1,0,0
10596,3.312,57.80,192.00,1,0,0
10598,3.316,57.70,192.00,1,0,0
10601,3.316,57.70,192.00,1,0,0
10603,3.316,57.80,192.00,1,0,0
10606,3.316,58.10,193.00,1,0,0
10608,3.316,58.10,193.00,1,0,0
10611,3.316,58.10,192.00,1,0,0
10613,3.316,57.80,192.00,1,0,0
10616,3.316,57.80,192.00,1,0,0
10618,3.316,57.70,192.00,1,0,0
10621,3.316,58.10,193.00,1,0,0
10633,3.316,57.70,192.00,1,0,0
10636,3.316,58.10,193.00,1,0,0
10638,3.316,58.00,192.00,1,0,0
10641,3.316,58.10,193.00,1,0,0
10643,3.316,58.10,193.00,1,0,0
10646,3.316,57.70,192.00,1,0,0
10648,3.316,57.70,192.00,1,0,0
10651,3.316,57.70,192.00,1,0,0
10653,3.316,58.00,192.00,1,0,0
10656,3.316,58.10,192.00,1,0,0
10658,3.316,58.00,192.00,1,0,0
10660,3.316,57.80,192.00,1,0,0
10663,3.316,57.80,192.00,1,0,0
10665,3.316,57.80,192.00,1,0,0
10678,3.316,57.70,192.00,1,0,0
10681,3.316,57.80,192.00,1,0,0
10683,3.316,57.70,192.00,1,0,0
10685,3.316,58.10,193.00,1,0,0
10688,3.316,58.10,193.00,1,0,0
10690,3.316,58.00,192.00,1,0,0
10693,3.316,58.00,192.00,1,0,0
10695,3.316,57.70,192.00,1,0,0
10698,3.316,57.80,192.00,1,0,0
10700,3.316,57.80,192.00,1,0,0
10703,3.316,58.10,193.00,1,0,0
10705,3.316,58.00,192.00,1,0,0
10708,3.316,58.00,192.00,1,0,0
10710,3.316,57.80,192.00,1,0,0
10723,3.316,58.00,193.00,1,0,0
10725,3.316,58.00,192.00,1,0,0
10728,3.316,57.70,192.00,1,0,0
10730,3.316,57.70,192.00,1,0,0
10733,3.316,57.80,192.00,1,0,0
10735,3.316,58.10,193.00,1,0,0
10738,3.316,58.00,193.00,1,0,0
10740,3.316,58.00,192.00,1,0,0
10743,3.316,57.70,192.00,1,0,0
10745,3.316,89.70,192.00,1,0,0
10748,3.316,57.80,192.00,1,0,0
10750,3.316,58.00,192.00,1,0,0
10753,3.316,58.10,193.00,1,0,0
10755,3.320,58.00,192.00,1,0,0
10768,3.316,58.00,192.00,1,0,0
10770,3.316,58.10,193.00,1,0,0
10773,3.316,58.10,193.00,1,0,0
10775,3.316,58.60,192.00,1,0,0
10778,3.316,57.80,192.00,1,0,0
10780,3.320,57.80,192.00,1,0,0
10782,3.316,57.80,193.00,1,0,0
10785,3.316,58.00,192.00,1,0,0
10787,3.316,58.20,193.00,1,0,0
10790,3.316,58.00,193.00,1,0,0
10792,3.316,57.80,192.00,1,0,0
10795,3.312,86.10,285.00,1,0,0
10797,3.316,57.60,192.00,1,0,0
10800,3.316,58.10,193.00,1,0,0
10812,3.316,57.80,192.00,1,0,0
10815,3.316,57.80,192.00,1,0,0
10817,3.316,58.10,193.00,1,0,0
10820,3.316,58.10,193.00,1,0,0
10822,3.316,58.10,193.00,1,0,0
10825,3.316,57.80,192.00,1,0,0
10827,3.316,57.80,192.00,1,0,0
10830,3.316,57.80,192.00,1,0,0
10832,3.316,58.10,193.00,1,0,0
10835,3.316,58.80,193.00,1,0,0
10837,3.316,58.10,193.00,1,0,0
10840,3.316,58.10,193.00,1,0,0
10842,3.316,57.80,192.00,1,0,0
10845,3.316,86.20,285.00,1,0,0
10857,3.316,57.80,192.00,1,0,0
10860,3.316,57.80,192.00,1,0,0
10862,3.316,57.70,192.00,1,0,0
10865,3.316,58.10,193.00,1,0,0
10867,3.316,58.10,193.00,1,0,0
10870,3.316,58.10,193.00,1,0,0
10872,3.316,57.90,192.00,1,0,0
10875,3.316,57.70,192.00,1,0,0
10877,3.316,57.70,192.00,1,0,0
10879,3.316,57.70,192.00,1,0,0
10882,3.316,58.10,193.00,1,0,0
10884,3.316,58.10,193.00,1,0,0
10887,3.316,58.10,193.00,1,0,0
10889,3.316,57.80,192.00,1,0,0
10902,3.316,58.20,193.00,1,0,0
10905,3.316,58.10,193.00,1,0,0
10907,3.316,57.70,192.00,1,0,0
10909,3.316,57.80,192.00,1,0,0
10912,3.316,57.70,192.00,1,0,0
10914,3.316,58.80,192.00,1,0,0
10917,3.316,58.00,192.00,1,0,0
10919,3.316,58.10,193.00,1,0,0
10922,3.316,57.80,192.00,1,0,0
10924,3.316,57.70,192.00,1,0,0
10927,3.316,57.70,192.00,1,0,0
10929,3.316,57.70,192.00,1,0,0
10932,3.316,58.00,193.00,1,0,0
10934,3.316,58.80,195.00,1,0,0
10947,3.316,58.00,192.00,1,0,0
10949,3.316,58.10,193.00,1,0,0
10952,3.316,58.10,193.00,1,0,0
10954,3.316,57.90,192.00,1,0,0
10957,3.316,57.70,192.00,1,0,0
10959,3.316,57.70,192.00,1,0,0
10962,3.316,57.90,192.00,1,0,0
10964,3.316,58.00,192.00,1,0,0
10967,3.316,58.00,192.00,1,0,0
10969,3.316,58.00,192.00,1,0,0
10972,3.316,57.80,192.00,1,0,0
10974,3.316,57.80,192.00,1,0,0
10977,3.316,57.80,192.00,1,0,0
10979,3.316,58.10,193.00,1,0,0
10992,3.316,57.70,192.00,1,0,0
10994,3.316,57.70,190.00,1,0,0
10997,3.316,58.00,192.00,1,0,0
10999,3.316,58.10,193.00,1,0,0
11002,3.316,58.10,193.00,1,0,0
11004,3.316,57.80,192.00,1,0,0
11006,3.316,57.80,192.00,1,0,0
11009,3.316,57.80,192.00,1,0,0
11011,3.316,58.00,192.00,1,0,0
11014,3.316,58.80,195.00,1,0,0
11016,3.316,58.10,193.00,1,0,0
11019,3.316,58.10,192.00,1,0,0
11021,3.316,57.80,192.00,1,0,0
11024,3.316,57.70,192.00,1,0,0
11036,3.316,57.80,192.00,1,0,0
11039,3.316,57.70,192.00,1,0,0
11041,3.316,57.90,192.00,1,0,0
11044,3.316,58.10,192.00,1,0,0
11046,3.316,58.00,192.00,1,0,0
11049,3.316,58.00,192.00,1,0,0
11051,3.316,58.00,192.00,1,0,0
11054,3.316,57.80,192.00,1,0,0
11056,3.316,57.80,192.00,1,0,0
11059,3.316,57.80,192.00,1,0,0
11061,3.316,58.00,192.00,1,0,0
11064,3.316,58.00,192.00,1,0,0
11066,3.316,58.10,193.00,1,0,0
11069,3.316,57.80,192.00,1,0,0
11081,3.316,58.00,192.00,1,0,0
11084,3.316,58.10,193.00,1,0,0
11086,3.316,57.80,192.00,1,0,0
11089,3.316,57.80,192.00,1,0,0
11091,3.316,57.70,192.00,1,0,0
11094,3.316,58.10,193.00,1,0,0
11096,3.296,58.00,192.00,1,0,0
11099,3.316,58.00,192.00,1,0,0
11101,3.316,58.00,192.00,1,0,0
11103,3.316,57.70,192.00,1,0,0
11106,3.316,57.70,192.00,1,0,0
11108,3.316,57.80,192.00,1,0,0
11111,3.316,58.00,192.00,1,0,0
11113,3.316,58.00,192.00,1,0,0
11126,3.316,58.00,192.00,1,0,0
11128,3.316,58.00,192.00,1,0,0
11131,3.316,58.00,192.00,1,0,0
11133,3.316,57.80,192.00,1,0,0
11136,3.316,57.70,192.00,1,0,0
11138,3.316,57.80,192.00,1,0,0
11141,3.316,57.80,192.00,1,0,0
11143,3.316,58.00,192.00,1,0,0
11146,3.296,58.10,193.00,1,0,0
11148,3.316,58.10,193.00,1,0,0
11151,3.316,57.70,192.00,1,0,0
11153,3.316,57.80,192.00,1,0,0
11156,3.316,57.80,192.00,1,0,0
11158,3.316,58.00,192.00,1,0,0
11171,3.316,57.80,192.00,1,0,0
11173,3.316,57.80,192.00,1,0,0
11176,3.316,58.00,192.00,1,0,0
11178,3.316,58.10,193.00,1,0,0
11181,3.316,58.00,192.00,1,0,0
11183,3.316,57.70,192.00,1,0,0
11186,3.316,57.80,192.00,1,0,0
11188,3.316,57.70,192.00,1,0,0
11191,3.316,57.80,193.00,1,0,0
11193,3.316,58.10,193.00,1,0,0
11196,3.300,58.10,193.00,1,0,0
11198,3.316,58.00,192.00,1,0,0
11200,3.316,57.70,192.00,1,0,0
11203,3.316,57.80,192.00,1,0,0
11216,3.316,57.70,192.00,1,0,0
11218,3.316,57.80,192.00,1,0,0
11221,3.316,57.70,192.00,1,0,0
11223,3.316,58.00,192.00,1,0,0
11225,3.316,58.00,193.00,1,0,0
11228,3.316,58.10,193.00,1,0,0
11230,3.316,58.00,192.00,1,0,0
11233,3.312,57.70,192.00,1,0,0
11235,3.316,57.80,192.00,1,0,0
11238,3.316,57.80,192.00,1,0,0
11240,3.316,58.10,193.00,1,0,0
11243,3.316,58.00,193.00,1,0,0
11245,3.316,58.10,193.00,1,0,0
11248,3.316,57.90,192.00,1,0,0
11260,3.316,58.10,193.00,1,0,0
11263,3.316,58.10,192.00,1,0,0
11265,3.316,57.80,192.00,1,0,0
11268,3.316,57.80,192.00,1,0,0
11270,3.316,57.80,192.00,1,0,0
11273,3.316,58.10,193.00,1,0,0
11275,3.316,58.10,193.00,1,0,0
11278,3.320,58.00,193.00,1,0,0
11280,3.316,57.80,192.00,1,0,0
11283,3.316,57.80,192.00,1,0,0
11285,3.316,57.70,192.00,1,0,0
11288,3.316,57.80,192.00,1,0,0
11290,3.316,58.00,192.00,1,0,0
11293,3.316,58.10,193.00,1,0,0
11305,3.316,58.00,192.00,1,0,0
11308,3.316,58.10,193.00,1,0,0
11310,3.316,58.00,192.00,1,0,0
11313,3.316,58.10,193.00,1,0,0
11315,3.316,57.80,192.00,1,0,0
11318,3.320,57.70,192.00,1,0,0
11320,3.316,57.80,192.00,1,0,0
11322,3.316,58.10,192.00,1,0,0
11325,3.316,58.20,193.00,1,0,0
11327,3.316,58.10,193.00,1,0,0
11330,3.316,57.80,192.00,1,0,0
11332,3.316,57.70,192.00,1,0,0
11335,3.316,57.70,192.00,1,0,0
11337,3.316,57.80,192.00,1,0,0
11350,3.320,57.70,192.00,1,0,0
11352,3.316,57.70,192.00,1,0,0
11355,3.316,58.10,193.00,1,0,0
11357,3.316,58.10,193.00,1,0,0
11360,3.316,58.00,193.00,1,0,0
11362,3.316,57.70,192.00,1,0,0
11365,3.316,57.80,192.00,1,0,0
11367,3.316,57.80,192.00,1,0,0
11370,3.316,58.00,192.00,1,0,0
11372,3.316,58.10,193.00,1,0,0
11375,3.316,58.90,193.00,1,0,0
11377,3.316,58.10,193.00,1,0,0
11380,3.316,57.80,192.00,1,0,0
11382,3.316,57.70,192.00,1,0,0
11395,3.316,92.60,306.00,1,0,0
11397,3.316,57.80,192.00,1,0,0
11400,3.316,57.80,192.00,1,0,0
11402,3.316,57.80,192.00,1,0,0
11405,3.316,58.00,193.00,1,0,0
11407,3.320,58.00,192.00,1,0,0
11410,3.316,58.10,193.00,1,0,0
11412,3.316,57.80,192.00,1,0,0
11415,3.316,57.70,192.00,1,0,0
11417,3.316,57.80,192.00,1,0,0
11419,3.316,58.00,192.00,1,0,0
11422,3.316,58.10,193.00,1,0,0
11424,3.316,58.00,192.00,1,0,0
11427,3.316,58.00,192.00,1,0,0
11440,3.316,58.10,193.00,1,0,0
11442,3.316,58.00,192.00,1,0,0
11445,3.316,93.00,308.00,1,0,0
11447,3.316,57.70,192.00,1,0,0
11449,3.316,57.80,192.00,1,0,0
11452,3.316,58.10,193.00,1,0,0
11454,3.316,58.80,195.00,1,0,0
11457,3.316,58.10,193.00,1,0,0
11459,3.316,58.00,192.00,1,0,0
11462,3.316,57.80,192.00,1,0,0
11464,3.316,57.70,192.00,1,0,0
11467,3.316,57.70,192.00,1,0,0
11469,3.316,58.10,193.00,1,0,0
11472,3.316,58.00,193.00,1,0,0
11484,3.316,57.90,193.00,1,0,0
11487,3.316,58.00,192.00,1,0,0
11489,3.316,58.00,192.00,1,0,0
11492,3.316,58.00,192.00,1,0,0
11494,3.316,91.00,301.00,1,0,0
11497,3.316,57.80,192.00,1,0,0
11499,3.316,57.80,192.00,1,0,0
11502,3.316,58.10,193.00,1,0,0
11504,3.320,58.10,193.00,1,0,0
11507,3.316,58.10,193.00,1,0,0
11509,3.316,57.90,192.00,1,0,0
11512,3.316,57.80,192.00,1,0,0
11514,3.316,57.70,192.00,1,0,0
11517,3.320,57.80,193.00,1,0,0
11529,3.316,57.80,192.00,1,0,0
11532,3.316,57.80,192.00,1,0,0
11534,3.316,58.80,195.00,1,0,0
11537,3.316,58.10,193.00,1,0,0
11539,3.316,58.10,193.00,1,0,0
11542,3.316,57.80,192.00,1,0,0
11544,3.316,57.70,290.00,1,0,0
11546,3.320,57.80,192.00,1,0,0
11549,3.316,57.90,192.00,1,0,0
11551,3.316,58.10,193.00,1,0,0
11554,3.316,58.10,195.00,1,0,0
11556,3.316,58.00,192.00,1,0,0
11559,3.316,57.80,192.00,1,0,0
11561,3.316,57.80,192.00,1,0,0
11574,3.316,58.10,192.00,1,0,0
11576,3.316,57.70,192.00,1,0,0
11579,3.316,57.80,192.00,1,0,0
11581,3.316,57.80,192.00,1,0,0
11584,3.316,58.00,192.00,1,0,0
11586,3.316,58.00,192.00,1,0,0
11589,3.316,58.10,193.00,1,0,0
11591,3.316,57.70,192.00,1,0,0
11594,3.316,57.70,192.00,1,0,0
11596,3.316,57.70,192.00,1,0,0
11599,3.316,58.00,192.00,1,0,0
11601,3.316,58.10,193.00,1,0,0
11604,3.316,58.10,193.00,1,0,0
11606,3.316,58.10,192.00,1,0,0
11619,3.316,58.20,193.00,1,0,0
11621,3.316,58.10,193.00,1,0,0
11624,3.316,57.70,192.00,1,0,0
11626,3.316,57.80,192.00,1,0,0
11629,3.316,57.80,192.00,1,0,0
11631,3.316,58.00,192.00,1,0,0
11634,3.316,58.10,195.00,1,0,0
11636,3.316,58.10,193.00,1,0,0
11639,3.316,58.10,193.00,1,0,0
11641,3.316,57.80,192.00,1,0,0
11643,3.316,57.80,192.00,1,0,0
11646,3.316,57.70,192.00,1,0,0
11648,3.316,58.10,192.00,1,0,0
11651,3.316,58.10,193.00,1,0,0
11664,3.316,57.80,193.00,1,0,0
11666,3.316,58.00,192.00,1,0,0
11668,3.316,58.10,193.00,1,0,0
11671,3.316,58.10,192.00,1,0,0
11673,3.316,57.70,192.00,1,0,0
11676,3.316,57.80,192.00,1,0,0
11678,3.316,57.80,192.00,1,0,0
11681,3.316,58.10,193.00,1,0,0
11683,3.316,58.10,193.00,1,0,0
11686,3.316,58.00,193.00,1,0,0
11688,3.316,57.80,192.00,1,0,0
11691,3.316,57.80,192.00,1,0,0
11693,3.316,57.80,192.00,1,0,0
11696,3.304,58.00,192.00,1,0,0
11708,3.320,57.80,192.00,1,0,0
11711,3.316,57.80,192.00,1,0,0
11713,3.316,58.10,193.00,1,0,0
11716,3.316,58.10,193.00,1,0,0
11718,3.320,58.10,193.00,1,0,0
11721,3.316,58.00,192.00,1,0,0
11723,3.316,57.80,192.00,1,0,0
11726,3.316,57.80,192.00,1,0,0
11728,3.316,57.80,192.00,1,0,0
11731,3.316,58.10,193.00,1,0,0
11733,3.316,58.10,193.00,1,0,0
11736,3.316,58.10,193.00,1,0,0
11738,3.316,57.80,192.00,1,0,0
11740,3.316,57.80,192.00,1,0,0
11753,3.316,57.90,192.00,1,0,0
11756,3.316,57.80,192.00,1,0,0
11758,3.316,57.80,192.00,1,0,0
11761,3.316,57.80,192.00,1,0,0
11763,3.316,58.10,193.00,1,0,0
11765,3.316,58.10,193.00,1,0,0
11768,3.316,58.00,193.00,1,0,0
11770,3.316,57.80,192.00,1,0,0
11773,3.316,57.80,192.00,1,0,0
11775,3.316,57.70,192.00,1,0,0
11778,3.316,58.10,193.00,1,0,0
11780,3.316,58.20,193.00,1,0,0
11783,3.316,58.20,193.00,1,0,0
11785,3.316,58.10,193.00,1,0,0
11798,3.320,58.00,192.00,1,0,0
11800,3.316,58.10,193.00,1,0,0
11803,3.320,57.70,192.00,1,0,0
11810,3.316,57.80,192.00,1,0,0
11813,3.316,58.00,193.00,1,0,0
11815,3.316,58.10,193.00,1,0,0
11818,3.316,58.10,193.00,1,0,0
11820,3.316,57.80,192.00,1,0,0
11823,3.316,57.70,192.00,1,0,0
11825,3.316,57.80,192.00,1,0,0
11827,3.320,58.00,192.00,1,0,0
11830,3.316,58.10,193.00,1,0,0
11832,3.316,58.10,193.00,1,0,0
11835,3.316,58.80,192.00,1,0,0
11837,3.316,57.70,192.00,1,0,0
11840,3.316,57.80,192.00,1,0,0
11842,3.316,57.80,192.00,1,0,0
11855,3.316,57.70,192.00,1,0,0
11857,3.316,57.80,192.00,1,0,0
11860,3.316,58.00,192.00,1,0,0
11862,3.316,58.10,193.00,1,0,0
11865,3.316,58.10,192.00,1,0,0
11867,3.316,57.90,192.00,1,0,0
11870,3.316,57.80,192.00,1,0,0
11872,3.316,57.80,192.00,1,0,0
11875,3.316,57.80,192.00,1,0,0
11877,3.316,58.10,193.00,1,0,0
11880,3.316,58.00,193.00,1,0,0
11882,3.316,58.10,193.00,1,0,0
11885,3.316,57.80,192.00,1,0,0
11887,3.316,57.80,192.00,1,0,0
11900,3.316,58.00,192.00,1,0,0
11902,3.316,57.80,192.00,1,0,0
11905,3.320,57.70,192.00,1,0,0
11907,3.316,57.80,192.00,1,0,0
11910,3.316,58.00,192.00,1,0,0
11912,3.316,58.00,192.00,1,0,0
11915,3.316,58.80,195.00,1,0,0
11917,3.316,57.80,192.00,1,0,0
11920,3.316,57.70,192.00,1,0,0
11922,3.316,57.80,192.00,1,0,0
11925,3.316,57.70,193.00,1,0,0
11927,3.320,58.00,192.00,1,0,0
11929,3.316,58.10,193.00,1,0,0
11932,3.316,58.00,193.00,1,0,0
11945,3.316,63.30,193.00,1,0,0
11947,3.316,58.00,192.00,1,0,0
11950,3.316,57.70,192.00,1,0,0
11952,3.316,57.70,192.00,1,0,0
11954,3.320,57.80,192.00,1,0,0
11957,3.316,58.00,192.00,1,0,0
11959,3.316,58.00,192.00,1,0,0
11962,3.316,58.20,193.00,1,0,0
11964,3.316,58.10,193.00,1,0,0
11967,3.316,57.80,192.00,1,0,0
11969,3.316,57.80,192.00,1,0,0
11972,3.316,57.80,192.00,1,0,0
11974,3.316,58.80,195.00,1,0,0
11977,3.316,58.00,193.00,1,0,0
11989,3.316,57.80,193.00,1,0,0
11992,3.320,57.80,192.00,1,0,0
11994,3.316,64.30,213.00,1,0,0
11997,3.316,58.10,192.00,1,0,0
11999,3.316,57.80,192.00,1,0,0
12002,3.316,57.70,192.00,1,0,0
12004,3.316,57.80,192.00,1,0,0
12007,3.320,58.00,192.00,1,0,0
12009,3.316,58.00,193.00,1,0,0
12012,3.320,58.10,192.00,1,0,0
12014,3.316,57.80,192.00,1,0,0
12017,3.316,57.70,192.00,1,0,0
12019,3.316,57.70,192.00,1,0,0
12022,3.316,57.80,192.00,1,0,0
12034,3.316,57.70,192.00,1,0,0
12037,3.316,57.70,192.00,1,0,0
12039,3.320,58.10,193.00,1,0,0
12042,3.316,58.10,192.00,1,0,0
12044,3.316,64.60,213.00,1,0,0
12047,3.316,58.10,193.00,1,0,0
12049,3.316,57.80,192.00,1,0,0
12051,3.316,57.80,192.00,1,0,0
12054,3.316,57.80,192.00,1,0,0
12056,3.316,58.20,192.00,1,0,0
12059,3.316,58.10,193.00,1,0,0
12061,3.316,58.00,192.00,1,0,0
12064,3.320,57.80,192.00,1,0,0
12066,3.316,57.80,192.00,1,0,0
12079,3.320,58.10,192.00,1,0,0
12081,3.316,57.80,192.00,1,0,0
12084,3.316,57.80,192.00,1,0,0
12086,3.316,57.80,192.00,1,0,0
12089,3.320,58.00,192.00,1,0,0
12091,3.316,58.10,193.00,1,0,0
12094,3.316,58.10,265.00,1,0,0
12096,3.312,57.70,192.00,1,0,0
12099,3.320,57.80,192.00,1,0,0
12101,3.316,57.80,192.00,1,0,0
12104,3.316,58.10,193.00,1,0,0
12106,3.316,58.10,193.00,1,0,0
12109,3.316,58.10,192.00,1,0,0
12111,3.316,58.00,192.00,1,0,0
12124,3.316,58.10,192.00,1,0,0
12126,3.316,58.10,193.00,1,0,0
12129,3.316,57.80,192.00,1,0,0
12131,3.316,57.80,192.00,1,0,0
12134,3.316,57.80,192.00,1,0,0
12136,3.316,57.80,192.00,1,0,0
12139,3.316,58.10,193.00,1,0,0
12141,3.320,58.10,193.00,1,0,0
12144,3.320,58.00,192.00,1,0,0
12146,3.316,57.70,192.00,1,0,0
12148,3.320,57.80,192.00,1,0,0
12151,3.316,57.80,192.00,1,0,0
12153,3.316,58.10,193.00,1,0,0
12156,3.320,58.10,193.00,1,0,0
12169,3.316,57.80,192.00,1,0,0
12171,3.320,58.10,193.00,1,0,0
12173,3.316,58.00,192.00,1,0,0
12176,3.320,58.80,193.00,1,0,0
12178,3.316,57.70,192.00,1,0,0
12181,3.316,57.70,192.00,1,0,0
12183,3.316,57.80,192.00,1,0,0
12186,3.316,58.00,192.00,1,0,0
12188,3.320,58.10,193.00,1,0,0
12191,3.316,58.10,193.00,1,0,0
12193,3.320,58.10,193.00,1,0,0
12196,3.316,57.70,192.00,1,0,0
12198,3.316,57.70,192.00,1,0,0
12201,3.316,57.80,192.00,1,0,0
12213,3.316,57.70,192.00,1,0,0
12216,3.316,57.80,192.00,1,0,0
12218,3.316,57.90,192.00,1,0,0
12221,3.316,58.10,193.00,1,0,0
12223,3.316,58.00,192.00,1,0,0
12226,3.316,58.10,193.00,1,0,0
12228,3.316,57.80,192.00,1,0,0
12231,3.320,57.70,192.00,1,0,0
12233,3.320,57.80,192.00,1,0,0
12236,3.316,58.70,193.00,1,0,0
12238,3.320,58.10,193.00,1,0,0
12241,3.316,58.10,193.00,1,0,0
12243,3.316,57.90,192.00,1,0,0
12245,3.316,57.80,192.00,1,0,0
12258,3.316,58.10,193.00,1,0,0
12261,3.316,57.80,192.00,1,0,0
12263,3.316,57.80,192.00,1,0,0
12266,3.316,57.70,192.00,1,0,0
12268,3.316,58.10,193.00,1,0,0
12270,3.316,58.10,193.00,1,0,0
12273,3.316,58.10,193.00,1,0,0
12275,3.316,58.10,193.00,1,0,0
12278,3.316,57.80,192.00,1,0,0
12280,3.316,57.70,192.00,1,0,0
12283,3.316,57.80,192.00,1,0,0
12285,3.316,58.10,193.00,1,0,0
12288,3.316,58.10,193.00,1,0,0
12290,3.316,58.10,193.00,1,0,0
12303,3.320,58.10,193.00,1,0,0
12305,3.316,58.10,193.00,1,0,0
12308,3.316,58.10,192.00,1,0,0
12310,3.316,57.80,192.00,1,0,0
12313,3.316,57.80,192.00,1,0,0
12315,3.316,57.80,193.00,1,0,0
12318,3.320,58.00,192.00,1,0,0
12320,3.316,58.10,193.00,1,0,0
12323,3.316,58.10,193.00,1,0,0
12325,3.316,57.70,192.00,1,0,0
12328,3.316,57.70,192.00,1,0,0
12330,3.316,57.80,192.00,1,0,0
12333,3.316,57.90,193.00,1,0,0
12335,3.316,58.70,195.00,1,0,0
12348,3.316,57.80,192.00,1,0,0
12350,3.316,58.10,193.00,1,0,0
12353,3.316,58.10,192.00,1,0,0
12355,3.316,60.80,202.00,1,0,0
12358,3.316,57.80,192.00,1,0,0
12360,3.320,57.80,192.00,1,0,0
12363,3.316,57.70,192.00,1,0,0
12365,3.316,58.00,193.00,1,0,0
12367,3.316,58.10,193.00,1,0,0
12370,3.316,58.10,193.00,1,0,0
12372,3.320,58.20,193.00,1,0,0
12375,3.320,57.80,192.00,1,0,0
12377,3.316,57.70,192.00,1,0,0
12380,3.316,57.70,192.00,1,0,0
12393,3.316,57.70,192.00,1,0,0
12395,3.312,87.20,288.00,1,0,0
12397,3.316,57.70,193.00,1,0,0
12400,3.316,58.00,193.00,1,0,0
12402,3.316,58.10,193.00,1,0,0
12405,3.316,58.00,192.00,1,0,0
12407,3.316,57.80,192.00,1,0,0
12410,3.316,57.70,192.00,1,0,0
12412,3.316,57.80,192.00,1,0,0
12415,3.316,58.80,195.00,1,0,0
12417,3.320,58.00,192.00,1,0,0
12420,3.316,58.10,192.00,1,0,0
12422,3.316,57.80,192.00,1,0,0
12425,3.316,57.70,192.00,1,0,0
12437,3.316,58.10,193.00,1,0,0
12440,3.316,57.70,192.00,1,0,0
12442,3.316,57.70,192.00,1,0,0
12445,3.316,77.50,257.00,1,0,0
12447,3.316,58.00,192.00,1,0,0
12450,3.316,58.10,193.00,1,0,0
12452,3.316,58.10,193.00,1,0,0
12455,3.320,58.00,192.00,1,0,0
12457,3.316,57.80,192.00,1,0,0
12460,3.316,57.80,192.00,1,0,0
12462,3.316,57.80,192.00,1,0,0
12464,3.320,58.10,193.00,1,0,0
12467,3.320,58.00,192.00,1,0,0
12469,3.316,58.10,193.00,1,0,0
12482,3.316,58.10,193.00,1,0,0
12485,3.316,58.10,193.00,1,0,0
12487,3.316,58.00,192.00,1,0,0
12490,3.316,57.80,192.00,1,0,0
12492,3.316,57.80,192.00,1,0,0
12494,3.316,57.70,200.00,1,0,0
12497,3.316,58.00,192.00,1,0,0
12499,3.316,58.10,193.00,1,0,0
12502,3.316,58.00,192.00,1,0,0
12504,3.316,57.80,192.00,1,0,0
12507,3.316,57.80,192.00,1,0,0
12509,3.316,57.70,192.00,1,0,0
12512,3.316,58.10,193.00,1,0,0
12514,3.316,58.00,192.00,1,0,0
12527,3.316,57.70,192.00,1,0,0
12529,3.316,58.10,193.00,1,0,0
12532,3.316,58.10,193.00,1,0,0
12534,3.316,58.10,193.00,1,0,0
12537,3.316,57.80,192.00,1,0,0
12539,3.316,57.80,192.00,1,0,0
12542,3.316,57.70,192.00,1,0,0
12544,3.316,57.80,190.00,1,0,0
12547,3.316,58.00,193.00,1,0,0
12549,3.320,58.10,193.00,1,0,0
12552,3.316,58.10,193.00,1,0,0
12554,3.320,57.80,192.00,1,0,0
12557,3.316,57.80,192.00,1,0,0
12559,3.316,57.70,192.00,1,0,0
12572,3.316,57.80,192.00,1,0,0
12574,3.316,57.80,192.00,1,0,0
12577,3.316,58.00,192.00,1,0,0
12579,3.316,58.00,192.00,1,0,0
12582,3.316,58.00,192.00,1,0,0
12584,3.316,58.10,193.00,1,0,0
12587,3.316,57.80,192.00,1,0,0
12589,3.316,57.80,192.00,1,0,0
12591,3.316,57.70,192.00,1,0,0
12594,3.316,58.10,192.00,1,0,0
12596,3.316,58.00,192.00,1,0,0
12599,3.316,58.00,192.00,1,0,0
12601,3.316,57.90,192.00,1,0,0
12604,3.316,57.70,192.00,1,0,0
12616,3.320,58.10,193.00,1,0,0
12619,3.316,57.80,192.00,1,0,0
12621,3.316,57.70,192.00,1,0,0
12624,3.316,57.80,192.00,1,0,0
12626,3.316,58.00,192.00,1,0,0
12629,3.316,58.00,192.00,1,0,0
12631,3.316,58.10,193.00,1,0,0
12634,3.316,58.10,192.00,1,0,0
12636,3.316,57.70,192.00,1,0,0
12639,3.316,57.80,192.00,1,0,0
12641,3.316,57.80,192.00,1,0,0
12644,3.316,58.00,193.00,1,0,0
12646,3.296,58.00,192.00,1,0,0
12649,3.316,58.10,193.00,1,0,0
12661,3.316,58.10,193.00,1,0,0
12664,3.316,58.00,193.00,1,0,0
12666,3.316,58.10,193.00,1,0,0
12669,3.316,57.80,192.00,1,0,0
12671,3.316,57.80,192.00,1,0,0
12674,3.316,57.80,192.00,1,0,0
12676,3.316,58.10,193.00,1,0,0
12679,3.316,58.00,193.00,1,0,0
12681,3.316,58.10,193.00,1,0,0
12684,3.316,57.80,192.00,1,0,0
12686,3.316,57.80,192.00,1,0,0
12688,3.316,57.80,192.00,1,0,0
12691,3.316,58.00,192.00,1,0,0
12693,3.320,58.00,192.00,1,0,0
12706,3.316,57.80,192.00,1,0,0
12709,3.320,58.20,193.00,1,0,0
12711,3.316,58.10,193.00,1,0,0
12713,3.320,58.10,193.00,1,0,0
12716,3.316,58.80,192.00,1,0,0
12718,3.316,57.70,192.00,1,0,0
12721,3.316,57.80,192.00,1,0,0
12723,3.316,57.70,193.00,1,0,0
12726,3.316,58.00,192.00,1,0,0
12728,3.316,58.10,193.00,1,0,0
12731,3.316,58.10,193.00,1,0,0
12733,3.320,57.70,192.00,1,0,0
12736,3.316,57.70,192.00,1,0,0
12738,3.316,57.80,192.00,1,0,0
12751,3.316,57.80,192.00,1,0,0
12753,3.316,57.70,192.00,1,0,0
12756,3.316,57.80,192.00,1,0,0
12758,3.316,58.10,193.00,1,0,0
12761,3.316,58.10,193.00,1,0,0
12763,3.316,58.10,193.00,1,0,0
12766,3.316,57.80,192.00,1,0,0
12768,3.316,57.80,192.00,1,0,0
12771,3.316,57.80,192.00,1,0,0
12773,3.316,58.00,192.00,1,0,0
12776,3.316,58.70,193.00,1,0,0
12778,3.316,58.10,193.00,1,0,0
12781,3.316,58.10,193.00,1,0,0
12783,3.316,57.80,192.00,1,0,0
12796,3.300,58.90,195.00,1,0,0
12798,3.316,57.80,192.00,1,0,0
12801,3.316,57.80,192.00,1,0,0
12803,3.316,57.80,192.00,1,0,0
12806,3.316,57.80,192.00,1,0,0
12808,3.316,58.10,193.00,1,0,0
12810,3.316,58.10,193.00,1,0,0
12813,3.316,58.10,192.00,1,0,0
12815,3.316,57.80,192.00,1,0,0
12818,3.316,57.80,192.00,1,0,0
12820,3.316,57.80,192.00,1,0,0
12823,3.316,58.10,193.00,1,0,0
12825,3.316,58.10,193.00,1,0,0
12828,3.316,58.10,193.00,1,0,0
12840,3.316,58.00,193.00,1,0,0
12843,3.316,58.10,193.00,1,0,0
12845,3.316,58.00,192.00,1,0,0
12848,3.316,57.70,192.00,1,0,0
12850,3.316,57.80,192.00,1,0,0
12853,3.316,57.80,192.00,1,0,0
12855,3.316,58.80,195.00,1,0,0
12858,3.316,58.00,192.00,1,0,0
12860,3.316,58.10,193.00,1,0,0
12863,3.320,57.90,192.00,1,0,0
12865,3.316,57.70,192.00,1,0,0
12868,3.316,57.80,192.00,1,0,0
12870,3.316,57.70,192.00,1,0,0
12873,3.316,58.00,192.00,1,0,0
12885,3.316,57.80,192.00,1,0,0
12888,3.316,58.10,193.00,1,0,0
12890,3.316,58.10,193.00,1,0,0
12893,3.316,58.00,193.00,1,0,0
12895,3.316,58.00,192.00,1,0,0
12898,3.316,57.80,192.00,1,0,0
12900,3.316,57.80,192.00,1,0,0
12903,3.316,57.80,192.00,1,0,0
12905,3.316,58.00,193.00,1,0,0
12907,3.316,58.10,193.00,1,0,0
12910,3.316,58.00,193.00,1,0,0
12912,3.316,57.80,192.00,1,0,0
12915,3.316,57.80,192.00,1,0,0
12917,3.316,57.80,192.00,1,0,0
12930,3.316,57.80,192.00,1,0,0
12933,3.316,57.80,192.00,1,0,0
12935,3.316,57.80,192.00,1,0,0
12937,3.316,58.00,193.00,1,0,0
12940,3.316,58.10,193.00,1,0,0
12942,3.316,58.10,193.00,1,0,0
12945,3.316,92.70,192.00,1,0,0
12947,3.316,57.80,192.00,1,0,0
12950,3.316,57.80,192.00,1,0,0
12952,3.316,58.00,192.00,1,0,0
12955,3.316,58.10,195.00,1,0,0
12957,3.316,58.10,193.00,1,0,0
12960,3.316,58.00,192.00,1,0,0
12962,3.316,57.80,192.00,1,0,0
12975,3.316,58.10,195.00,1,0,0
12977,3.316,57.70,192.00,1,0,0
12980,3.316,57.80,192.00,1,0,0
12982,3.316,57.70,192.00,1,0,0
12985,3.316,58.00,193.00,1,0,0
12987,3.320,58.10,193.00,1,0,0
12990,3.316,58.10,192.00,1,0,0
12992,3.316,58.00,192.00,1,0,0
12995,3.316,92.70,308.00,1,0,0
12997,3.316,57.70,192.00,1,0,0
13000,3.316,57.70,192.00,1,0,0
13002,3.316,58.10,193.00,1,0,0
13004,3.316,58.00,192.00,1,0,0
13007,3.316,58.00,192.00,1,0,0
13020,3.316,58.10,192.00,1,0,0
13022,3.316,58.10,193.00,1,0,0
13025,3.316,58.00,192.00,1,0,0
13027,3.316,57.70,192.00,1,0,0
13029,3.316,57.70,192.00,1,0,0
13032,3.316,57.80,192.00,1,0,0
13034,3.316,58.10,195.00,1,0,0
13037,3.316,58.10,193.00,1,0,0
13039,3.316,58.00,192.00,1,0,0
13042,3.320,58.00,192.00,1,0,0
13044,3.316,89.30,297.00,1,0,0
13047,3.316,57.70,192.00,1,0,0
13049,3.316,57.80,192.00,1,0,0
13052,3.316,58.10,193.00,1,0,0
13064,3.316,57.80,192.00,1,0,0
13067,3.316,58.10,193.00,1,0,0
13069,3.316,58.10,193.00,1,0,0
13072,3.316,58.10,193.00,1,0,0
13074,3.320,58.00,192.00,1,0,0
13077,3.316,57.80,192.00,1,0,0
13079,3.316,57.90,192.00,1,0,0
13082,3.316,57.80,192.00,1,0,0
13084,3.316,58.10,193.00,1,0,0
13087,3.316,58.00,193.00,1,0,0
13089,3.316,58.10,193.00,1,0,0
13092,3.316,57.80,192.00,1,0,0
13094,3.316,57.80,288.00,1,0,0
13097,3.316,57.80,192.00,1,0,0
13109,3.316,57.80,192.00,1,0,0
13112,3.316,57.80,192.00,1,0,0
13114,3.316,57.80,192.00,1,0,0
13117,3.320,58.10,193.00,1,0,0
13119,3.320,58.10,193.00,1,0,0
13122,3.316,58.10,193.00,1,0,0
13124,3.316,57.80,192.00,1,0,0
13126,3.316,57.80,192.00,1,0,0
13129,3.316,57.80,192.00,1,0,0
13131,3.316,57.70,193.00,1,0,0
13134,3.316,58.10,193.00,1,0,0
13136,3.316,58.10,193.00,1,0,0
13139,3.316,58.10,193.00,1,0,0
13141,3.316,57.80,192.00,1,0,0
13154,3.316,58.10,193.00,1,0,0
13156,3.316,57.80,192.00,1,0,0
13159,3.316,57.80,192.00,1,0,0
13161,3.320,57.80,192.00,1,0,0
13164,3.316,57.90,192.00,1,0,0
13166,3.316,58.10,193.00,1,0,0
13169,3.316,58.10,193.00,1,0,0
13171,3.316,58.10,193.00,1,0,0
13174,3.316,57.80,192.00,1,0,0
13176,3.316,57.80,192.00,1,0,0
13179,3.316,57.80,192.00,1,0,0
13181,3.316,58.10,193.00,1,0,0
13184,3.316,58.10,192.00,1,0,0
13186,3.316,58.10,193.00,1,0,0
13199,3.316,58.00,192.00,1,0,0
13201,3.316,58.10,193.00,1,0,0
13204,3.316,58.10,193.00,1,0,0
13206,3.316,57.80,192.00,1,0,0
13209,3.316,57.80,192.00,1,0,0
13211,3.316,57.70,192.00,1,0,0
13214,3.316,58.00,193.00,1,0,0
13216,3.316,58.00,192.00,1,0,0
13219,3.316,58.00,192.00,1,0,0
13221,3.316,58.10,192.00,1,0,0
13224,3.316,57.80,192.00,1,0,0
13226,3.316,57.60,192.00,1,0,0
13228,3.316,57.70,192.00,1,0,0
13231,3.316,58.00,193.00,1,0,0
13244,3.316,57.70,190.00,1,0,0
13246,3.316,58.00,192.00,1,0,0
13249,3.320,58.10,193.00,1,0,0
13251,3.316,58.10,193.00,1,0,0
13253,3.316,58.10,193.00,1,0,0
13256,3.316,57.80,192.00,1,0,0
13258,3.316,57.80,192.00,1,0,0
13261,3.316,57.70,192.00,1,0,0
13263,3.316,58.00,192.00,1,0,0
13266,3.316,58.10,193.00,1,0,0
13268,3.316,58.10,193.00,1,0,0
13271,3.316,57.90,192.00,1,0,0
13273,3.316,57.80,192.00,1,0,0
13276,3.320,57.80,192.00,1,0,0
13288,3.316,57.80,192.00,1,0,0
13291,3.316,57.80,192.00,1,0,0
13293,3.320,57.80,190.00,1,0,0
13296,3.296,58.10,193.00,1,0,0
13298,3.316,58.10,193.00,1,0,0
13301,3.316,58.00,192.00,1,0,0
13303,3.316,57.70,192.00,1,0,0
13306,3.316,57.80,192.00,1,0,0
13308,3.316,57.70,192.00,1,0,0
13311,3.316,58.00,192.00,1,0,0
13313,3.316,58.00,192.00,1,0,0
13316,3.316,58.70,193.00,1,0,0
13318,3.316,58.00,193.00,1,0,0
13321,3.316,57.80,192.00,1,0,0
13333,3.316,58.00,192.00,1,0,0
13336,3.320,58.60,195.00,1,0,0
13338,3.316,57.80,192.00,1,0,0
13341,3.316,57.80,192.00,1,0,0
13343,3.316,57.80,192.00,1,0,0
13346,3.296,58.10,192.00,1,0,0
13348,3.316,58.10,193.00,1,0,0
13350,3.316,58.00,192.00,1,0,0
13353,3.316,57.80,192.00,1,0,0
13355,3.316,57.80,192.00,1,0,0
13358,3.316,57.80,192.00,1,0,0
13360,3.316,58.00,192.00,1,0,0
13363,3.316,58.00,192.00,1,0,0
13365,3.316,58.00,192.00,1,0,0
13378,3.316,58.00,192.00,1,0,0
13380,3.316,58.00,192.00,1,0,0
13383,3.316,58.00,192.00,1,0,0
13385,3.316,57.70,192.00,1,0,0
13388,3.316,57.80,192.00,1,0,0
13390,3.316,57.80,192.00,1,0,0
13393,3.316,58.10,193.00,1,0,0
13395,3.292,59.10,197.00,1,0,0
13398,3.316,58.10,192.00,1,0,0
13400,3.316,58.10,193.00,1,0,0
13403,3.316,57.70,192.00,1,0,0
13405,3.316,57.70,192.00,1,0,0
13408,3.316,57.80,192.00,1,0,0
13410,3.316,58.00,192.00,1,0,0
13423,3.316,57.70,192.00,1,0,0
13425,3.316,57.90,192.00,1,0,0
13428,3.316,58.00,193.00,1,0,0
13430,3.316,58.00,192.00,1,0,0
13433,3.316,58.10,193.00,1,0,0
13435,3.316,57.80,192.00,1,0,0
13438,3.316,57.80,192.00,1,0,0
13440,3.316,57.80,192.00,1,0,0
13443,3.320,58.10,193.00,1,0,0
13445,3.316,58.10,193.00,1,0,0
13447,3.316,58.00,192.00,1,0,0
13450,3.316,58.10,192.00,1,0,0
13452,3.316,57.80,192.00,1,0,0
13455,3.316,57.80,192.00,1,0,0
13468,3.316,57.80,192.00,1,0,0
13470,3.316,57.80,192.00,1,0,0
13472,3.316,57.90,192.00,1,0,0
13475,3.316,58.80,195.00,1,0,0
13477,3.316,58.10,193.00,1,0,0
13480,3.316,58.10,193.00,1,0,0
13482,3.316,57.90,192.00,1,0,0
13485,3.316,57.80,192.00,1,0,0
13487,3.316,57.80,192.00,1,0,0
13490,3.316,57.90,192.00,1,0,0
13492,3.320,58.10,193.00,1,0,0
13495,3.316,64.30,195.00,1,0,0
13497,3.316,58.00,192.00,1,0,0
13500,3.316,57.70,192.00,1,0,0
13512,3.316,58.10,193.00,1,0,0
13515,3.316,58.10,192.00,1,0,0
13517,3.316,57.70,192.00,1,0,0
13520,3.316,57.80,192.00,1,0,0
13522,3.316,57.70,192.00,1,0,0
13525,3.316,58.00,192.00,1,0,0
13527,3.316,58.10,193.00,1,0,0
13530,3.320,58.10,193.00,1,0,0
13532,3.316,57.80,192.00,1,0,0
13535,3.316,57.80,192.00,1,0,0
13537,3.316,57.70,192.00,1,0,0
13540,3.320,57.70,193.00,1,0,0
13542,3.316,58.00,192.00,1,0,0
13544,3.316,64.50,213.00,1,0,0
13557,3.316,58.10,193.00,1,0,0
13560,3.316,58.10,193.00,1,0,0
13562,3.316,58.10,193.00,1,0,0
13565,3.316,57.80,192.00,1,0,0
13567,3.316,57.80,192.00,1,0,0
13569,3.316,57.80,192.00,1,0,0
13572,3.316,58.00,193.00,1,0,0
13574,3.316,58.10,195.00,1,0,0
13577,3.316,58.10,193.00,1,0,0
13579,3.316,58.10,193.00,1,0,0
13582,3.316,57.80,192.00,1,0,0
13584,3.316,57.70,192.00,1,0,0
13587,3.316,57.80,192.00,1,0,0
13589,3.316,58.10,193.00,1,0,0
13602,3.316,57.80,192.00,1,0,0
13604,3.316,57.80,193.00,1,0,0
13607,3.316,58.10,193.00,1,0,0
13609,3.316,58.10,193.00,1,0,0
13612,3.316,58.10,193.00,1,0,0
13614,3.316,57.80,192.00,1,0,0
13617,3.316,57.70,192.00,1,0,0
13619,3.320,57.80,192.00,1,0,0
13622,3.316,58.10,193.00,1,0,0
13624,3.316,58.10,193.00,1,0,0
13627,3.316,58.10,192.00,1,0,0
13629,3.316,57.70,192.00,1,0,0
13632,3.316,57.70,192.00,1,0,0
13634,3.316,57.80,192.00,1,0,0
13647,3.316,57.70,192.00,1,0,0
13649,3.316,57.70,192.00,1,0,0
13652,3.316,57.70,192.00,1,0,0
13654,3.316,58.10,193.00,1,0,0
13657,3.316,58.10,193.00,1,0,0
13659,3.316,58.10,193.00,1,0,0
13662,3.316,58.10,193.00,1,0,0
13664,3.316,57.80,192.00,1,0,0
13666,3.316,57.70,192.00,1,0,0
13669,3.316,57.70,192.00,1,0,0
13671,3.316,58.10,193.00,1,0,0
13674,3.316,58.00,192.00,1,0,0
13676,3.316,58.00,192.00,1,0,0
13679,3.316,57.80,192.00,1,0,0
13692,3.316,58.10,193.00,1,0,0
13694,3.316,58.00,306.00,1,0,0
13696,3.316,57.70,192.00,1,0,0
13699,3.316,57.80,192.00,1,0,0
13701,3.316,57.80,192.00,1,0,0
13704,3.316,58.00,192.00,1,0,0
13706,3.316,58.10,193.00,1,0,0
13709,3.316,58.10,193.00,1,0,0
13711,3.316,57.80,192.00,1,0,0
13714,3.316,57.80,192.00,1,0,0
13716,3.316,57.80,192.00,1,0,0
13719,3.316,58.10,193.00,1,0,0
13721,3.316,58.10,193.00,1,0,0
13724,3.316,58.10,193.00,1,0,0
13736,3.316,58.10,193.00,1,0,0
13739,3.316,58.10,193.00,1,0,0
13741,3.316,58.10,193.00,1,0,0
13744,3.316,57.80,192.00,1,0,0
13746,3.316,57.70,192.00,1,0,0
13749,3.316,57.80,192.00,1,0,0
13751,3.316,57.80,192.00,1,0,0
13754,3.316,58.10,192.00,1,0,0
13756,3.316,58.00,192.00,1,0,0
13759,3.316,58.00,192.00,1,0,0
13761,3.316,57.70,192.00,1,0,0
13763,3.316,57.80,192.00,1,0,0
13766,3.320,57.80,192.00,1,0,0
13768,3.320,58.10,192.00,1,0,0
13781,3.316,57.80,192.00,1,0,0
13784,3.316,57.90,192.00,1,0,0
13786,3.316,58.10,193.00,1,0,0
13789,3.316,58.10,193.00,1,0,0
13791,3.316,58.00,193.00,1,0,0
13793,3.316,57.80,192.00,1,0,0
13796,3.316,57.70,192.00,1,0,0
13798,3.316,57.70,192.00,1,0,0
13801,3.316,58.00,192.00,1,0,0
13803,3.316,58.00,193.00,1,0,0
13810,3.316,57.70,192.00,1,0,0
13813,3.316,57.70,192.00,1,0,0
13815,3.316,57.70,192.00,1,0,0
13818,3.316,58.00,192.00,1,0,0
13820,3.316,58.10,193.00,1,0,0
13823,3.316,58.00,192.00,1,0,0
13825,3.316,58.00,192.00,1,0,0
13827,3.316,57.70,192.00,1,0,0
13830,3.316,57.80,192.00,1,0,0
13832,3.316,57.80,192.00,1,0,0
13835,3.316,58.80,195.00,1,0,0
13848,3.316,57.60,192.00,1,0,0
13850,3.316,58.10,193.00,1,0,0
13853,3.320,58.10,193.00,1,0,0
13855,3.316,58.80,195.00,1,0,0
13857,3.316,57.90,192.00,1,0,0
13860,3.316,57.80,192.00,1,0,0
13862,3.316,57.70,192.00,1,0,0
13865,3.316,57.80,192.00,1,0,0
13867,3.316,58.10,193.00,1,0,0
13870,3.316,58.00,192.00,1,0,0
13872,3.316,58.10,193.00,1,0,0
13875,3.316,57.70,192.00,1,0,0
13877,3.316,57.60,192.00,1,0,0
13880,3.316,57.80,192.00,1,0,0
13892,3.316,57.80,192.00,1,0,0
13895,3.312,86.20,285.00,1,0,0
13897,3.316,57.70,192.00,1,0,0
13900,3.316,58.00,192.00,1,0,0
13902,3.316,58.10,193.00,1,0,0
13905,3.316,58.00,193.00,1,0,0
13907,3.320,57.70,192.00,1,0,0
13910,3.316,57.80,192.00,1,0,0
13912,3.316,57.70,192.00,1,0,0
13915,3.316,58.70,195.00,1,0,0
13917,3.316,58.00,192.00,1,0,0
13920,3.316,58.10,193.00,1,0,0
13922,3.316,58.10,192.00,1,0,0
13925,3.316,57.80,192.00,1,0,0
13937,3.316,58.00,192.00,1,0,0
13940,3.316,57.80,192.00,1,0,0
13942,3.316,57.70,192.00,1,0,0
13945,3.316,86.20,285.00,1,0,0
13947,3.316,57.80,192.00,1,0,0
13950,3.316,58.00,192.00,1,0,0
13952,3.316,58.00,192.00,1,0,0
13954,3.316,58.10,193.00,1,0,0
13957,3.316,57.70,192.00,1,0,0
13959,3.316,57.80,192.00,1,0,0
13962,3.316,57.80,192.00,1,0,0
13964,3.316,58.00,193.00,1,0,0
13967,3.316,58.10,193.00,1,0,0
13969,3.316,58.10,193.00,1,0,0
13982,3.316,58.00,193.00,1,0,0
13984,3.316,58.00,192.00,1,0,0
13987,3.316,58.00,192.00,1,0,0
13989,3.316,57.70,192.00,1,0,0
13992,3.316,57.70,192.00,1,0,0
13994,3.316,57.80,239.00,1,0,0
13997,3.316,58.10,193.00,1,0,0
13999,3.316,58.20,193.00,1,0,0
14002,3.316,58.10,193.00,1,0,0
14004,3.316,57.90,192.00,1,0,0
14007,3.316,57.80,192.00,1,0,0
14009,3.316,57.80,192.00,1,0,0
14012,3.316,57.80,192.00,1,0,0
14014,3.316,58.10,193.00,1,0,0
14027,3.316,57.70,192.00,1,0,0
14029,3.316,58.00,192.00,1,0,0
14032,3.316,58.10,193.00,1,0,0
14034,3.316,58.10,193.00,1,0,0
14037,3.316,58.80,195.00,1,0,0
14039,3.316,57.80,192.00,1,0,0
14042,3.316,57.80,192.00,1,0,0
14044,3.316,57.80,190.00,1,0,0
14047,3.316,58.10,192.00,1,0,0
14049,3.316,58.00,192.00,1,0,0
14051,3.316,58.00,192.00,1,0,0
14054,3.316,57.80,192.00,1,0,0
14056,3.316,57.70,192.00,1,0,0
14059,3.316,57.80,192.00,1,0,0
14072,3.316,57.80,192.00,1,0,0
14074,3.316,57.80,192.00,1,0,0
14077,3.316,57.80,192.00,1,0,0
14079,3.316,58.00,193.00,1,0,0
14081,3.316,58.10,193.00,1,0,0
14084,3.320,58.10,193.00,1,0,0
14086,3.316,57.80,192.00,1,0,0
14089,3.316,57.80,192.00,1,0,0
14091,3.316,57.80,192.00,1,0,0
14094,3.316,58.00,192.00,1,0,0
14096,3.320,58.80,195.00,1,0,0
14099,3.316,58.10,192.00,1,0,0
14101,3.316,58.10,193.00,1,0,0
14104,3.316,57.80,192.00,1,0,0
14116,3.316,58.80,195.00,1,0,0
14119,3.316,57.90,192.00,1,0,0
14121,3.316,57.80,192.00,1,0,0
14124,3.316,57.80,192.00,1,0,0
14126,3.316,57.80,192.00,1,0,0
14129,3.316,58.00,193.00,1,0,0
14131,3.320,58.10,193.00,1,0,0
14134,3.316,58.10,193.00,1,0,0
14136,3.316,57.70,192.00,1,0,0
14139,3.316,57.70,192.00,1,0,0
14141,3.316,57.80,192.00,1,0,0
14144,3.316,58.00,192.00,1,0,0
14146,3.296,58.00,192.00,1,0,0
14148,3.316,58.10,193.00,1,0,0
14161,3.316,58.00,192.00,1,0,0
14164,3.316,58.20,193.00,1,0,0
14166,3.316,58.00,192.00,1,0,0
14169,3.316,57.80,192.00,1,0,0
14171,3.320,57.80,192.00,1,0,0
14174,3.316,57.80,192.00,1,0,0
14176,3.316,58.70,195.00,1,0,0
14178,3.316,58.10,193.00,1,0,0
14181,3.316,58.10,193.00,1,0,0
14183,3.316,58.10,193.00,1,0,0
14186,3.316,57.80,192.00,1,0,0
14188,3.316,57.80,192.00,1,0,0
14191,3.316,57.90,192.00,1,0,0
14193,3.316,58.00,192.00,1,0,0
14206,3.316,57.80,192.00,1,0,0
14208,3.316,57.90,193.00,1,0,0
14211,3.316,58.10,193.00,1,0,0
14213,3.316,58.10,193.00,1,0,0
14216,3.316,58.10,193.00,1,0,0
14218,3.316,57.70,192.00,1,0,0
14221,3.316,57.80,192.00,1,0,0
14223,3.316,57.80,192.00,1,0,0
14226,3.316,58.20,193.00,1,0,0
14228,3.316,58.10,193.00,1,0,0
14231,3.316,58.10,193.00,1,0,0
14233,3.320,58.00,192.00,1,0,0
14236,3.316,57.80,192.00,1,0,0
14238,3.316,57.80,192.00,1,0,0
14251,3.316,57.80,192.00,1,0,0
14253,3.316,57.80,192.00,1,0,0
14256,3.316,57.90,192.00,1,0,0
14258,3.316,58.10,193.00,1,0,0
14261,3.316,58.00,192.00,1,0,0
14263,3.316,58.10,193.00,1,0,0
14266,3.316,57.80,192.00,1,0,0
14268,3.316,57.70,192.00,1,0,0
14271,3.316,57.80,192.00,1,0,0
14273,3.316,57.70,192.00,1,0,0
14275,3.316,58.10,195.00,1,0,0
14278,3.316,58.10,193.00,1,0,0
14280,3.316,58.00,192.00,1,0,0
14283,3.316,57.80,192.00,1,0,0
14296,3.300,58.10,193.00,1,0,0
14298,3.316,58.10,192.00,1,0,0
14300,3.316,57.80,192.00,1,0,0
14303,3.316,57.90,192.00,1,0,0
14305,3.316,57.90,193.00,1,0,0
14308,3.320,58.10,193.00,1,0,0
14310,3.316,58.10,193.00,1,0,0
14313,3.316,58.20,193.00,1,0,0
14315,3.320,57.80,192.00,1,0,0
14318,3.316,57.80,192.00,1,0,0
14320,3.316,57.80,192.00,1,0,0
14323,3.316,58.10,193.00,1,0,0
14325,3.320,58.10,193.00,1,0,0
14328,3.316,58.10,193.00,1,0,0
14340,3.316,58.10,193.00,1,0,0
14343,3.316,58.00,193.00,1,0,0
14345,3.316,58.10,193.00,1,0,0
14348,3.316,57.80,192.00,1,0,0
14350,3.316,57.80,192.00,1,0,0
14353,3.316,57.80,192.00,1,0,0
14355,3.316,58.00,192.00,1,0,0
14358,3.316,58.20,193.00,1,0,0
14360,3.316,58.10,193.00,1,0,0
14363,3.316,58.00,192.00,1,0,0
14365,3.316,57.80,192.00,1,0,0
14368,3.316,57.80,192.00,1,0,0
14370,3.316,57.80,192.00,1,0,0
14372,3.316,58.00,192.00,1,0,0
14385,3.316,57.70,192.00,1,0,0
14388,3.316,57.80,193.00,1,0,0
14390,3.316,58.10,193.00,1,0,0
14393,3.316,58.10,193.00,1,0,0
14395,3.316,79.10,193.00,1,0,0
14397,3.316,57.70,192.00,1,0,0
14400,3.316,57.80,192.00,1,0,0
14402,3.316,57.80,192.00,1,0,0
14405,3.316,58.10,193.00,1,0,0
14407,3.316,58.00,193.00,1,0,0
14410,3.316,58.10,193.00,1,0,0
14412,3.316,57.80,192.00,1,0,0
14415,3.316,57.70,192.00,1,0,0
14417,3.316,57.80,192.00,1,0,0
14430,3.316,57.80,192.00,1,0,0
14432,3.316,57.80,192.00,1,0,0
14435,3.316,57.80,192.00,1,0,0
14437,3.316,58.10,193.00,1,0,0
14440,3.316,58.10,193.00,1,0,0
14442,3.316,58.10,193.00,1,0,0
14445,3.316,91.60,303.00,1,0,0
14447,3.316,57.70,192.00,1,0,0
14450,3.316,57.70,192.00,1,0,0
14452,3.320,57.90,192.00,1,0,0
14455,3.316,58.20,193.00,1,0,0
14457,3.316,58.20,193.00,1,0,0
14460,3.316,58.10,193.00,1,0,0
14462,3.316,57.80,192.00,1,0,0
14475,3.316,58.10,193.00,1,0,0
14477,3.316,57.90,192.00,1,0,0
14480,3.316,57.70,192.00,1,0,0
14482,3.316,57.70,192.00,1,0,0
14485,3.316,57.80,192.00,1,0,0
14487,3.316,58.10,193.00,1,0,0
14490,3.316,58.10,193.00,1,0,0
14492,3.316,58.00,192.00,1,0,0
14494,3.316,92.50,306.00,1,0,0
14497,3.316,57.70,192.00,1,0,0
14499,3.316,57.80,192.00,1,0,0
14502,3.316,58.10,193.00,1,0,0
14504,3.316,58.10,193.00,1,0,0
14507,3.320,58.10,193.00,1,0,0
14520,3.316,58.10,193.00,1,0,0
14522,3.316,58.10,193.00,1,0,0
14524,3.316,58.00,192.00,1,0,0
14527,3.316,57.80,192.00,1,0,0
14529,3.316,57.70,192.00,1,0,0
14532,3.316,57.80,192.00,1,0,0
14534,3.316,57.80,193.00,1,0,0
14537,3.316,58.10,193.00,1,0,0
14539,3.316,58.10,193.00,1,0,0
14542,3.316,58.10,193.00,1,0,0
14544,3.316,92.50,306.00,1,0,0
14547,3.316,57.80,192.00,1,0,0
14549,3.316,57.80,192.00,1,0,0
14552,3.320,58.10,192.00,1,0,0
14564,3.316,57.80,192.00,1,0,0
14567,3.316,58.00,192.00,1,0,0
14569,3.316,58.10,193.00,1,0,0
14572,3.316,58.10,193.00,1,0,0
14574,3.316,58.10,193.00,1,0,0
14577,3.316,57.70,192.00,1,0,0
14579,3.316,57.80,192.00,1,0,0
14582,3.316,57.80,192.00,1,0,0
14584,3.316,58.20,193.00,1,0,0
14587,3.316,58.10,193.00,1,0,0
14589,3.316,58.10,193.00,1,0,0
14591,3.316,58.10,193.00,1,0,0
14594,3.320,57.80,301.00,1,0,0
14596,3.316,57.80,192.00,1,0,0
14609,3.316,57.70,192.00,1,0,0
14612,3.316,57.80,192.00,1,0,0
14614,3.316,57.70,192.00,1,0,0
14617,3.316,58.20,192.00,1,0,0
14619,3.316,58.10,193.00,1,0,0
14621,3.316,58.10,193.00,1,0,0
14624,3.316,58.10,192.00,1,0,0
14626,3.316,57.80,192.00,1,0,0
14629,3.316,57.80,192.00,1,0,0
14631,3.316,57.70,192.00,1,0,0
14634,3.316,58.10,193.00,1,0,0
14636,3.316,58.80,195.00,1,0,0
14639,3.320,58.00,193.00,1,0,0
14641,3.316,57.80,192.00,1,0,0
14654,3.316,58.10,193.00,1,0,0
14656,3.316,58.90,195.00,1,0,0
14659,3.316,57.80,192.00,1,0,0
14661,3.316,57.80,192.00,1,0,0
14664,3.316,57.80,192.00,1,0,0
14666,3.316,58.10,193.00,1,0,0
14669,3.316,58.10,193.00,1,0,0
14671,3.316,58.10,193.00,1,0,0
14674,3.316,57.80,192.00,1,0,0
14676,3.316,57.70,192.00,1,0,0
14679,3.316,57.70,192.00,1,0,0
14681,3.316,57.90,192.00,1,0,0
14684,3.320,58.00,193.00,1,0,0
14686,3.316,58.10,193.00,1,0,0
14699,3.316,58.00,192.00,1,0,0
14701,3.316,58.10,193.00,1,0,0
14704,3.320,58.10,193.00,1,0,0
14706,3.316,58.10,192.00,1,0,0
14709,3.316,57.80,192.00,1,0,0
14711,3.316,57.80,192.00,1,0,0
14714,3.316,57.70,192.00,1,0,0
14716,3.316,58.80,195.00,1,0,0
14718,3.316,58.00,192.00,1,0,0
14721,3.316,58.10,192.00,1,0,0
14723,3.316,57.80,192.00,1,0,0
14726,3.316,57.80,192.00,1,0,0
14728,3.316,57.70,192.00,1,0,0
14731,3.316,58.10,193.00,1,0,0
14743,3.316,57.80,192.00,1,0,0
14746,3.316,57.70,192.00,1,0,0
14748,3.316,58.00,192.00,1,0,0
14751,3.316,58.00,193.00,1,0,0
14753,3.320,58.00,192.00,1,0,0
14756,3.316,57.80,192.00,1,0,0
14758,3.316,57.70,192.00,1,0,0
14761,3.320,57.70,192.00,1,0,0
14763,3.316,58.00,192.00,1,0,0
14766,3.316,58.00,193.00,1,0,0
14768,3.316,58.10,193.00,1,0,0
14771,3.316,58.10,193.00,1,0,0
14773,3.316,57.80,192.00,1,0,0
14776,3.316,57.70,192.00,1,0,0
14788,3.316,57.70,192.00,1,0,0
14791,3.316,57.70,192.00,1,0,0
14793,3.316,57.70,190.00,1,0,0
14796,3.300,58.70,195.00,1,0,0
14798,3.316,58.10,193.00,1,0,0
14801,3.316,58.10,193.00,1,0,0
14803,3.316,58.10,193.00,1,0,0
14806,3.316,57.80,192.00,1,0,0
14808,3.316,57.80,192.00,1,0,0
14811,3.316,57.70,192.00,1,0,0
14813,3.316,58.10,193.00,1,0,0
14815,3.316,58.10,193.00,1,0,0
14818,3.316,58.10,193.00,1,0,0
14820,3.316,57.80,192.00,1,0,0
14833,3.316,58.10,193.00,1,0,0
14836,3.316,58.10,193.00,1,0,0
14838,3.320,57.80,192.00,1,0,0
14840,3.316,57.80,192.00,1,0,0
14843,3.316,57.70,192.00,1,0,0
14845,3.296,58.20,192.00,1,0,0
14848,3.316,58.00,192.00,1,0,0
14850,3.316,58.10,193.00,1,0,0
14853,3.316,58.00,192.00,1,0,0
14855,3.316,57.70,192.00,1,0,0
14858,3.316,57.80,192.00,1,0,0
14860,3.316,57.80,192.00,1,0,0
14863,3.316,58.00,193.00,1,0,0
14865,3.316,58.00,192.00,1,0,0
14878,3.316,58.10,193.00,1,0,0
14880,3.316,58.10,193.00,1,0,0
14883,3.316,58.10,193.00,1,0,0
14885,3.316,57.80,192.00,1,0,0
14888,3.316,57.80,192.00,1,0,0
14890,3.316,57.80,192.00,1,0,0
14893,3.316,57.80,192.00,1,0,0
14895,3.296,58.20,193.00,1,0,0
14898,3.320,58.10,193.00,1,0,0
14900,3.320,58.10,193.00,1,0,0
14903,3.316,57.80,192.00,1,0,0
14905,3.316,57.80,192.00,1,0,0
14908,3.316,57.80,192.00,1,0,0
14910,3.320,58.10,193.00,1,0,0
14923,3.316,57.70,192.00,1,0,0
14925,3.316,57.80,192.00,1,0,0
14928,3.316,58.00,192.00,1,0,0
14930,3.316,58.10,193.00,1,0,0
14933,3.316,58.10,193.00,1,0,0
14935,3.316,57.80,192.00,1,0,0
14937,3.316,57.80,192.00,1,0,0
14940,3.316,57.80,192.00,1,0,0
14942,3.316,57.80,193.00,1,0,0
14945,3.316,58.10,193.00,1,0,0
14947,3.316,58.00,192.00,1,0,0
14950,3.316,58.10,192.00,1,0,0
14952,3.316,57.80,192.00,1,0,0
14955,3.316,57.80,192.00,1,0,0
14967,3.316,57.70,192.00,1,0,0
14970,3.316,57.80,192.00,1,0,0
14972,3.316,57.80,192.00,1,0,0
14975,3.316,58.00,192.00,1,0,0
14977,3.316,58.20,193.00,1,0,0
14980,3.316,58.10,193.00,1,0,0
14982,3.316,58.10,193.00,1,0,0
14985,3.320,57.80,192.00,1,0,0
14987,3.316,57.70,192.00,1,0,0
14990,3.316,57.70,192.00,1,0,0
14992,3.316,58.00,192.00,1,0,0
14995,3.316,61.40,193.00,1,0,0
14997,3.316,58.00,192.00,1,0,0
15000,3.320,57.90,192.00,1,0,0
15012,3.316,58.10,193.00,1,0,0
15015,3.316,58.00,192.00,1,0,0
15017,3.316,57.80,192.00,1,0,0
15020,3.316,57.80,192.00,1,0,0
15022,3.316,57.80,192.00,1,0,0
15025,3.320,58.10,193.00,1,0,0
15027,3.316,58.10,193.00,1,0,0
15030,3.316,58.10,193.00,1,0,0
15032,3.316,58.10,192.00,1,0,0
15034,3.316,57.80,192.00,1,0,0
15037,3.316,57.80,192.00,1,0,0
15039,3.316,57.80,192.00,1,0,0
15042,3.316,58.10,193.00,1,0,0
15044,3.316,63.50,210.00,1,0,0
15057,3.316,58.20,193.00,1,0,0
15060,3.316,58.10,193.00,1,0,0
15062,3.316,58.10,193.00,1,0,0
15064,3.316,58.00,192.00,1,0,0
15067,3.316,57.80,192.00,1,0,0
15069,3.316,57.70,192.00,1,0,0
15072,3.316,57.80,192.00,1,0,0
15074,3.316,58.10,193.00,1,0,0
15077,3.316,58.80,193.00,1,0,0
15079,3.316,58.00,192.00,1,0,0
15082,3.316,57.80,192.00,1,0,0
15084,3.316,57.80,192.00,1,0,0
15087,3.316,57.80,192.00,1,0,0
15089,3.316,58.00,192.00,1,0,0
15102,3.316,57.70,192.00,1,0,0
15104,3.316,57.80,192.00,1,0,0
15107,3.316,58.00,192.00,1,0,0
15109,3.316,58.00,192.00,1,0,0
15112,3.316,58.20,193.00,1,0,0
15114,3.316,57.80,192.00,1,0,0
15117,3.316,57.80,192.00,1,0,0
15119,3.316,57.80,192.00,1,0,0
15122,3.316,58.10,193.00,1,0,0
15124,3.316,58.00,193.00,1,0,0
15127,3.316,58.00,192.00,1,0,0
15129,3.316,58.10,192.00,1,0,0
15131,3.316,57.70,192.00,1,0,0
15134,3.316,57.80,192.00,1,0,0
15147,3.316,57.70,192.00,1,0,0
15149,3.316,57.70,192.00,1,0,0
15152,3.316,57.80,192.00,1,0,0
15154,3.316,57.70,192.00,1,0,0
15157,3.316,58.80,193.00,1,0,0
15159,3.316,58.10,193.00,1,0,0
15161,3.316,58.10,193.00,1,0,0
15164,3.316,57.80,192.00,1,0,0
15166,3.316,57.90,192.00,1,0,0
15169,3.316,57.80,192.00,1,0,0
15171,3.316,58.00,192.00,1,0,0
15174,3.316,58.20,193.00,1,0,0
15176,3.316,58.70,195.00,1,0,0
15179,3.316,58.10,193.00,1,0,0
15191,3.316,58.00,192.00,1,0,0
15194,3.316,58.10,298.00,1,0,0
15196,3.316,57.70,192.00,1,0,0
15199,3.316,57.80,192.00,1,0,0
15201,3.316,57.70,192.00,1,0,0
15204,3.316,58.10,193.00,1,0,0
15206,3.316,58.10,192.00,1,0,0
15209,3.316,58.10,193.00,1,0,0
15211,3.316,57.90,192.00,1,0,0
15214,3.316,57.80,192.00,1,0,0
15216,3.316,57.70,192.00,1,0,0
15219,3.316,57.80,192.00,1,0,0
15221,3.316,58.10,193.00,1,0,0
15224,3.316,58.00,193.00,1,0,0
15236,3.316,58.40,193.00,1,0,0
15239,3.316,58.10,193.00,1,0,0
15241,3.316,58.10,193.00,1,0,0
15244,3.316,58.10,193.00,1,0,0
15246,3.316,57.70,192.00,1,0,0
15249,3.316,57.90,192.00,1,0,0
15251,3.316,57.80,192.00,1,0,0
15254,3.316,58.10,193.00,1,0,0
15256,3.320,58.80,195.00,1,0,0
15258,3.316,58.10,193.00,1,0,0
15261,3.320,57.90,192.00,1,0,0
15263,3.316,57.80,192.00,1,0,0
15266,3.316,57.80,192.00,1,0,0
15268,3.316,57.80,193.00,1,0,0
15281,3.316,57.70,192.00,1,0,0
15283,3.316,57.70,192.00,1,0,0
15286,3.316,58.10,193.00,1,0,0
15288,3.316,58.10,193.00,1,0,0
15291,3.316,58.10,193.00,1,0,0
15293,3.316,57.90,192.00,1,0,0
15296,3.316,57.70,192.00,1,0,0
15298,3.316,57.80,192.00,1,0,0
15301,3.316,58.00,192.00,1,0,0
15303,3.316,58.00,192.00,1,0,0
15306,3.316,58.10,193.00,1,0,0
15308,3.316,58.10,193.00,1,0,0
15311,3.316,57.70,192.00,1,0,0
15313,3.316,57.80,192.00,1,0,0
15326,3.316,58.00,192.00,1,0,0
15328,3.316,57.80,192.00,1,0,0
15331,3.316,57.80,192.00,1,0,0
15333,3.316,57.80,192.00,1,0,0
15336,3.316,58.00,195.00,1,0,0
15338,3.316,58.10,193.00,1,0,0
15341,3.316,58.10,193.00,1,0,0
15343,3.316,57.70,192.00,1,0,0
15346,3.316,57.70,192.00,1,0,0
15348,3.316,57.70,192.00,1,0,0
15351,3.316,57.90,193.00,1,0,0
15353,3.316,58.10,193.00,1,0,0
15355,3.316,58.10,193.00,1,0,0
15358,3.316,58.10,192.00,1,0,0
15371,3.316,58.10,193.00,1,0,0
15373,3.316,58.10,193.00,1,0,0
15376,3.316,57.80,192.00,1,0,0
15378,3.316,57.80,192.00,1,0,0
15380,3.316,57.60,192.00,1,0,0
15383,3.316,58.00,192.00,1,0,0
15385,3.316,58.10,193.00,1,0,0
15388,3.316,58.00,192.00,1,0,0
15390,3.316,58.00,192.00,1,0,0
15393,3.316,57.80,192.00,1,0,0
15395,3.316,87.80,192.00,1,0,0
15398,3.316,57.70,192.00,1,0,0
15400,3.316,58.00,192.00,1,0,0
15403,3.316,58.10,192.00,1,0,0
15415,3.316,57.80,195.00,1,0,0
15418,3.316,58.10,193.00,1,0,0
15420,3.316,58.10,193.00,1,0,0
15423,3.316,58.20,192.00,1,0,0
15425,3.316,57.70,192.00,1,0,0
15428,3.316,57.80,192.00,1,0,0
15430,3.316,57.70,192.00,1,0,0
15433,3.316,58.10,193.00,1,0,0
15435,3.316,58.10,193.00,1,0,0
15438,3.316,58.00,192.00,1,0,0
15440,3.316,58.00,192.00,1,0,0
15443,3.316,57.70,192.00,1,0,0
15445,3.312,86.60,287.00,1,0,0
15448,3.316,57.70,192.00,1,0,0
15460,3.316,57.70,192.00,1,0,0
15463,3.316,57.70,192.00,1,0,0
15465,3.316,58.10,193.00,1,0,0
15468,3.316,58.00,193.00,1,0,0
15470,3.316,58.10,193.00,1,0,0
15473,3.316,57.90,192.00,1,0,0
15475,3.316,57.70,192.00,1,0,0
15477,3.312,57.80,192.00,1,0,0
15480,3.316,57.70,192.00,1,0,0
15482,3.316,58.10,192.00,1,0,0
15485,3.316,58.10,193.00,1,0,0
15487,3.316,58.00,192.00,1,0,0
15490,3.316,57.80,192.00,1,0,0
15492,3.316,57.70,192.00,1,0,0
15505,3.316,58.10,192.00,1,0,0
15507,3.316,57.70,192.00,1,0,0
15510,3.316,57.80,192.00,1,0,0
15512,3.316,57.70,192.00,1,0,0
15515,3.316,58.00,192.00,1,0,0
15517,3.316,58.10,193.00,1,0,0
15520,3.316,58.00,193.00,1,0,0
15522,3.320,57.70,192.00,1,0,0
15525,3.316,57.80,192.00,1,0,0
15527,3.316,57.70,192.00,1,0,0
15530,3.316,58.00,192.00,1,0,0
15532,3.316,58.10,193.00,1,0,0
15535,3.316,58.10,193.00,1,0,0
15537,3.316,58.10,193.00,1,0,0
15550,3.316,58.10,192.00,1,0,0
15552,3.316,58.00,192.00,1,0,0
15555,3.316,57.70,192.00,1,0,0
15557,3.316,57.70,192.00,1,0,0
15560,3.316,57.70,192.00,1,0,0
15562,3.316,57.90,192.00,1,0,0
15565,3.316,58.00,193.00,1,0,0
15567,3.316,58.10,193.00,1,0,0
15570,3.316,58.10,193.00,1,0,0
15572,3.316,57.70,192.00,1,0,0
15574,3.320,57.80,192.00,1,0,0
15577,3.316,57.80,192.00,1,0,0
15579,3.316,58.10,193.00,1,0,0
15582,3.316,58.00,192.00,1,0,0
15595,3.316,57.70,197.00,1,0,0
15597,3.316,58.00,192.00,1,0,0
15600,3.316,58.10,193.00,1,0,0
15602,3.316,58.10,193.00,1,0,0
15604,3.316,57.80,192.00,1,0,0
15607,3.316,57.80,192.00,1,0,0
15609,3.316,57.70,192.00,1,0,0
15612,3.316,58.10,193.00,1,0,0
15614,3.316,58.00,192.00,1,0,0
15617,3.316,58.80,193.00,1,0,0
15619,3.316,57.80,192.00,1,0,0
15622,3.316,57.80,192.00,1,0,0
15624,3.316,57.70,192.00,1,0,0
15627,3.316,57.80,192.00,1,0,0
15639,3.316,57.80,192.00,1,0,0
15642,3.316,57.80,192.00,1,0,0
15644,3.316,58.00,192.00,1,0,0
15647,3.316,58.00,192.00,1,0,0
15649,3.316,58.10,193.00,1,0,0
15652,3.316,58.10,193.00,1,0,0
15654,3.316,57.70,192.00,1,0,0
15657,3.316,57.80,192.00,1,0,0
15659,3.316,57.80,192.00,1,0,0
15662,3.316,58.00,193.00,1,0,0
15664,3.316,58.00,192.00,1,0,0
15667,3.316,58.00,192.00,1,0,0
15669,3.316,57.80,192.00,1,0,0
15671,3.320,57.80,192.00,1,0,0
15684,3.316,57.90,192.00,1,0,0
15687,3.316,57.70,192.00,1,0,0
15689,3.316,57.80,192.00,1,0,0
15692,3.316,57.80,192.00,1,0,0
15694,3.316,58.20,192.00,1,0,0
15697,3.316,58.70,195.00,1,0,0
15699,3.316,58.00,192.00,1,0,0
15701,3.316,57.70,192.00,1,0,0
15704,3.316,57.70,192.00,1,0,0
15706,3.316,57.70,192.00,1,0,0
15709,3.316,58.10,193.00,1,0,0
15711,3.316,58.00,192.00,1,0,0
15714,3.316,58.10,193.00,1,0,0
15716,3.316,58.70,195.00,1,0,0
15729,3.316,58.00,192.00,1,0,0
15731,3.316,58.10,193.00,1,0,0
15734,3.316,57.80,192.00,1,0,0
15736,3.316,57.80,192.00,1,0,0
15739,3.316,57.80,192.00,1,0,0
15741,3.316,57.70,193.00,1,0,0
15744,3.316,60.60,200.00,1,0,0
15746,3.296,58.00,192.00,1,0,0
15749,3.316,58.00,192.00,1,0,0
15751,3.316,57.70,192.00,1,0,0
15754,3.316,57.80,192.00,1,0,0
15756,3.316,57.80,192.00,1,0,0
15759,3.316,58.00,193.00,1,0,0
15761,3.316,58.10,193.00,1,0,0
15774,3.316,58.00,192.00,1,0,0
15776,3.316,58.80,195.00,1,0,0
15779,3.316,58.10,193.00,1,0,0
15781,3.316,58.10,193.00,1,0,0
15784,3.316,57.80,192.00,1,0,0
15786,3.316,57.80,192.00,1,0,0
15789,3.316,57.80,192.00,1,0,0
15791,3.316,58.00,192.00,1,0,0
15794,3.316,58.10,210.00,1,0,0
15796,3.300,58.70,195.00,1,0,0
15798,3.320,58.00,193.00,1,0,0
15801,3.316,57.70,192.00,1,0,0
15803,3.316,57.80,192.00,1,0,0
15806,3.316,57.70,192.00,1,0,0
15823,3.316,58.00,192.00,1,0,0
15826,3.316,58.00,192.00,1,0,0
15828,3.316,58.10,193.00,1,0,0
15831,3.316,58.10,193.00,1,0,0
15833,3.316,57.70,192.00,1,0,0
15836,3.320,57.80,192.00,1,0,0
15838,3.316,57.80,192.00,1,0,0
15841,3.316,58.10,192.00,1,0,0
15843,3.316,58.00,192.00,1,0,0
15845,3.296,58.10,193.00,1,0,0
15848,3.316,58.00,192.00,1,0,0
15850,3.316,57.70,192.00,1,0,0
15853,3.316,57.70,192.00,1,0,0
15855,3.316,57.70,195.00,1,0,0
15868,3.316,57.80,192.00,1,0,0
15870,3.320,57.70,192.00,1,0,0
15873,3.320,58.00,193.00,1,0,0
15875,3.316,58.10,193.00,1,0,0
15878,3.316,58.10,193.00,1,0,0
15880,3.316,57.80,192.00,1,0,0
15883,3.316,57.70,192.00,1,0,0
15885,3.316,57.70,192.00,1,0,0
15888,3.316,57.70,192.00,1,0,0
15890,3.316,58.00,192.00,1,0,0
15893,3.316,58.00,192.00,1,0,0
15895,3.316,58.10,193.00,1,0,0
15898,3.316,57.70,192.00,1,0,0
15900,3.316,57.70,192.00,1,0,0
15913,3.320,58.00,192.00,1,0,0
15915,3.316,57.80,192.00,1,0,0
15918,3.316,57.80,192.00,1,0,0
15920,3.316,57.70,192.00,1,0,0
15923,3.316,58.10,193.00,1,0,0
15925,3.316,58.10,193.00,1,0,0
15928,3.316,58.00,192.00,1,0,0
15930,3.316,57.80,192.00,1,0,0
15933,3.320,57.70,192.00,1,0,0
15935,3.316,57.80,192.00,1,0,0
15938,3.316,57.90,193.00,1,0,0
15940,3.320,58.10,193.00,1,0,0
15942,3.320,58.10,193.00,1,0,0
15945,3.316,84.50,192.00,1,0,0
15958,3.316,58.10,192.00,1,0,0
15960,3.316,58.10,193.00,1,0,0
15963,3.316,57.80,192.00,1,0,0
15965,3.316,57.60,192.00,1,0,0
15967,3.316,57.70,192.00,1,0,0
15970,3.316,58.00,192.00,1,0,0
15972,3.316,58.00,192.00,1,0,0
15975,3.316,58.00,193.00,1,0,0
15977,3.320,58.10,193.00,1,0,0
15980,3.316,57.80,192.00,1,0,0
15982,3.316,57.80,192.00,1,0,0
15985,3.316,57.80,192.00,1,0,0
15987,3.316,58.00,192.00,1,0,0
15990,3.320,58.10,192.00,1,0,0
16002,3.316,57.70,193.00,1,0,0
16005,3.316,58.10,193.00,1,0,0
16007,3.316,58.10,193.00,1,0,0
16010,3.316,58.10,192.00,1,0,0
16012,3.316,57.70,192.00,1,0,0
16015,3.316,57.80,192.00,1,0,0
16017,3.316,57.80,192.00,1,0,0
16020,3.316,58.10,193.00,1,0,0
16022,3.316,58.10,193.00,1,0,0
16025,3.316,58.00,192.00,1,0,0
16027,3.316,58.00,192.00,1,0,0
16030,3.316,57.70,192.00,1,0,0
16032,3.316,57.70,192.00,1,0,0
16035,3.316,57.80,192.00,1,0,0
16047,3.316,57.70,192.00,1,0,0
16050,3.316,57.70,192.00,1,0,0
16052,3.316,58.00,192.00,1,0,0
16055,3.316,58.00,193.00,1,0,0
16057,3.316,58.80,195.00,1,0,0
16060,3.316,58.10,193.00,1,0,0
16062,3.316,57.70,192.00,1,0,0
16064,3.316,57.70,192.00,1,0,0
16067,3.316,57.80,192.00,1,0,0
16069,3.316,58.10,192.00,1,0,0
16072,3.316,58.10,193.00,1,0,0
16074,3.316,58.10,193.00,1,0,0
16077,3.316,57.80,192.00,1,0,0
16079,3.316,57.80,192.00,1,0,0
16092,3.316,58.10,192.00,1,0,0
16094,3.316,91.10,301.00,1,0,0
16097,3.316,57.70,192.00,1,0,0
16099,3.316,57.70,192.00,1,0,0
16102,3.316,58.00,192.00,1,0,0
16104,3.316,58.20,193.00,1,0,0
16107,3.316,58.10,193.00,1,0,0
16109,3.316,57.70,192.00,1,0,0
16112,3.316,57.70,192.00,1,0,0
16114,3.316,57.70,192.00,1,0,0
16117,3.316,58.60,195.00,1,0,0
16119,3.316,58.00,192.00,1,0,0
16122,3.316,58.10,193.00,1,0,0
16124,3.316,58.00,193.00,1,0,0
16137,3.316,58.00,195.00,1,0,0
16139,3.316,58.00,192.00,1,0,0
16142,3.316,57.80,192.00,1,0,0
16144,3.316,57.80,290.00,1,0,0
16147,3.316,57.60,192.00,1,0,0
16149,3.316,57.70,192.00,1,0,0
16152,3.316,58.10,192.00,1,0,0
16154,3.316,58.00,192.00,1,0,0
16157,3.316,58.10,193.00,1,0,0
16159,3.316,57.70,192.00,1,0,0
16161,3.316,57.80,192.00,1,0,0
16164,3.316,57.70,192.00,1,0,0
16166,3.316,58.00,193.00,1,0,0
16169,3.316,58.00,192.00,1,0,0
16182,3.316,57.80,192.00,1,0,0
16184,3.316,58.10,193.00,1,0,0
16187,3.316,58.00,192.00,1,0,0
16189,3.316,58.10,193.00,1,0,0
16191,3.316,57.80,192.00,1,0,0
16194,3.316,57.80,192.00,1,0,0
16196,3.316,57.70,192.00,1,0,0
16199,3.316,58.10,193.00,1,0,0
16201,3.316,58.10,193.00,1,0,0
16204,3.316,58.10,193.00,1,0,0
16206,3.316,57.90,192.00,1,0,0
16209,3.320,57.80,192.00,1,0,0
16211,3.316,57.70,192.00,1,0,0
16214,3.316,57.70,192.00,1,0,0
16226,3.316,57.80,192.00,1,0,0
16229,3.316,57.70,192.00,1,0,0
16231,3.316,58.00,192.00,1,0,0
16234,3.316,58.00,192.00,1,0,0
16236,3.316,58.00,192.00,1,0,0
16239,3.316,58.00,192.00,1,0,0
16241,3.316,57.80,192.00,1,0,0
16244,3.316,57.70,192.00,1,0,0
16246,3.316,57.70,192.00,1,0,0
16249,3.316,58.10,192.00,1,0,0
16251,3.316,58.00,192.00,1,0,0
16254,3.316,58.10,193.00,1,0,0
16256,3.316,57.90,192.00,1,0,0
16258,3.316,57.70,192.00,1,0,0
16271,3.316,58.10,193.00,1,0,0
16274,3.316,57.80,192.00,1,0,0
16276,3.316,57.80,192.00,1,0,0
16279,3.316,57.70,192.00,1,0,0
16281,3.316,58.10,193.00,1,0,0
16284,3.316,58.00,192.00,1,0,0
16286,3.316,58.00,193.00,1,0,0
16288,3.316,57.80,192.00,1,0,0
16291,3.316,57.80,192.00,1,0,0
16293,3.316,57.80,192.00,1,0,0
16296,3.304,57.90,192.00,1,0,0
16298,3.316,58.00,192.00,1,0,0
16301,3.320,58.00,193.00,1,0,0
16303,3.320,58.10,193.00,1,0,0
16316,3.316,58.00,192.00,1,0,0
16318,3.316,58.10,193.00,1,0,0
16321,3.316,58.10,192.00,1,0,0
16323,3.316,57.80,192.00,1,0,0
16326,3.316,57.80,192.00,1,0,0
16328,3.316,57.80,192.00,1,0,0
16331,3.316,58.10,193.00,1,0,0
16333,3.316,58.10,193.00,1,0,0
16336,3.316,58.10,193.00,1,0,0
16338,3.316,57.90,192.00,1,0,0
16341,3.320,57.80,192.00,1,0,0
16343,3.316,57.80,192.00,1,0,0
16346,3.296,59.50,192.00,1,0,0
16348,3.316,58.10,193.00,1,0,0
16361,3.316,57.80,192.00,1,0,0
16363,3.320,58.10,193.00,1,0,0
16366,3.316,58.00,193.00,1,0,0
16368,3.316,58.00,192.00,1,0,0
16371,3.316,57.80,192.00,1,0,0
16373,3.316,57.80,192.00,1,0,0
16376,3.316,57.70,192.00,1,0,0
16378,3.316,58.00,192.00,1,0,0
16381,3.320,58.00,193.00,1,0,0
16383,3.316,58.10,193.00,1,0,0
16385,3.316,58.10,193.00,1,0,0
16388,3.316,57.80,192.00,1,0,0
16390,3.316,57.80,192.00,1,0,0
16393,3.316,57.70,192.00,1,0,0
16406,3.316,57.80,192.00,1,0,0
16408,3.316,57.80,192.00,1,0,0
16410,3.316,57.70,193.00,1,0,0
16413,3.316,58.00,192.00,1,0,0
16415,3.316,58.10,193.00,1,0,0
16418,3.316,58.80,192.00,1,0,0
16420,3.316,57.80,192.00,1,0,0
16423,3.316,57.70,192.00,1,0,0
16425,3.316,57.80,192.00,1,0,0
16428,3.316,58.00,192.00,1,0,0
16430,3.316,58.10,193.00,1,0,0
16433,3.316,58.10,192.00,1,0,0
16435,3.316,57.70,192.00,1,0,0
16438,3.312,57.80,192.00,1,0,0
16450,3.316,58.10,193.00,1,0,0
16453,3.316,57.70,192.00,1,0,0
16455,3.316,57.80,192.00,1,0,0
16458,3.316,57.80,192.00,1,0,0
16460,3.316,58.10,193.00,1,0,0
16463,3.316,58.10,193.00,1,0,0
16465,3.316,58.10,193.00,1,0,0
16468,3.316,57.90,192.00,1,0,0
16470,3.316,57.80,192.00,1,0,0
16473,3.316,57.80,192.00,1,0,0
16475,3.316,57.80,192.00,1,0,0
16478,3.316,58.80,193.00,1,0,0
16480,3.316,58.00,192.00,1,0,0
16482,3.316,58.00,192.00,1,0,0
16495,3.316,58.10,193.00,1,0,0
16498,3.316,58.80,195.00,1,0,0
16500,3.316,58.00,192.00,1,0,0
16503,3.316,57.80,192.00,1,0,0
16505,3.316,57.80,192.00,1,0,0
16507,3.316,57.80,192.00,1,0,0
16510,3.316,58.10,193.00,1,0,0
16512,3.316,58.00,192.00,1,0,0
16515,3.316,58.00,192.00,1,0,0
16517,3.316,57.80,192.00,1,0,0
16520,3.316,57.80,192.00,1,0,0
16522,3.316,57.80,192.00,1,0,0
16525,3.316,58.00,192.00,1,0,0
16527,3.316,58.10,193.00,1,0,0
16540,3.316,57.80,192.00,1,0,0
16542,3.316,58.10,193.00,1,0,0
16545,3.316,58.10,193.00,1,0,0
16547,3.316,58.00,192.00,1,0,0
16550,3.316,57.80,192.00,1,0,0
16552,3.316,57.90,192.00,1,0,0
16555,3.316,57.80,192.00,1,0,0
16557,3.316,57.90,192.00,1,0,0
16560,3.316,58.10,193.00,1,0,0
16562,3.316,58.00,192.00,1,0,0
16565,3.316,58.10,193.00,1,0,0
16567,3.316,57.80,192.00,1,0,0
16570,3.316,57.70,192.00,1,0,0
16572,3.316,57.70,192.00,1,0,0
16585,3.316,57.80,192.00,1,0,0
16587,3.320,57.70,192.00,1,0,0
16590,3.316,58.00,192.00,1,0,0
16592,3.316,58.00,192.00,1,0,0
16595,3.316,64.50,193.00,1,0,0
16597,3.316,58.90,195.00,1,0,0
16600,3.316,57.70,192.00,1,0,0
16602,3.316,57.70,192.00,1,0,0
16604,3.316,57.70,192.00,1,0,0
16607,3.316,58.10,193.00,1,0,0
16609,3.316,58.00,192.00,1,0,0
16612,3.316,58.10,192.00,1,0,0
16614,3.316,57.80,192.00,1,0,0
16617,3.316,57.70,192.00,1,0,0
16630,3.316,58.00,192.00,1,0,0
16632,3.316,57.70,192.00,1,0,0
16634,3.316,57.80,192.00,1,0,0
16637,3.316,57.70,192.00,1,0,0
16639,3.316,58.10,192.00,1,0,0
16642,3.316,58.00,192.00,1,0,0
16644,3.316,64.60,213.00,1,0,0
16647,3.316,58.10,192.00,1,0,0
16649,3.316,57.70,192.00,1,0,0
16652,3.316,57.80,192.00,1,0,0
16654,3.316,57.70,192.00,1,0,0
16657,3.316,58.00,195.00,1,0,0
16659,3.316,58.10,193.00,1,0,0
16662,3.316,58.10,193.00,1,0,0
16674,3.316,58.00,192.00,1,0,0
16677,3.320,58.00,195.00,1,0,0
16679,3.316,58.00,192.00,1,0,0
16682,3.316,57.70,192.00,1,0,0
16684,3.316,57.70,192.00,1,0,0
16687,3.316,57.70,192.00,1,0,0
16689,3.316,58.00,192.00,1,0,0
16692,3.316,58.10,192.00,1,0,0
16694,3.316,77.90,257.00,1,0,0
16697,3.316,57.60,192.00,1,0,0
16699,3.316,57.80,192.00,1,0,0
16701,3.316,57.70,192.00,1,0,0
16704,3.316,58.00,192.00,1,0,0
16706,3.316,58.10,193.00,1,0,0
16719,3.316,57.70,192.00,1,0,0
16722,3.316,58.00,192.00,1,0,0
16724,3.316,58.10,193.00,1,0,0
16727,3.316,58.00,192.00,1,0,0
16729,3.316,57.90,192.00,1,0,0
16731,3.316,57.70,192.00,1,0,0
16734,3.316,57.70,192.00,1,0,0
16736,3.316,57.80,195.00,1,0,0
16739,3.316,58.00,192.00,1,0,0
16741,3.316,58.00,192.00,1,0,0
16744,3.316,58.10,301.00,1,0,0
16746,3.316,57.70,192.00,1,0,0
16749,3.316,57.80,192.00,1,0,0
16751,3.316,57.80,192.00,1,0,0
16764,3.316,57.80,192.00,1,0,0
16766,3.316,57.70,192.00,1,0,0
16769,3.316,57.80,192.00,1,0,0
16771,3.316,58.10,193.00,1,0,0
16774,3.316,58.00,192.00,1,0,0
16776,3.316,58.00,192.00,1,0,0
16779,3.312,57.70,192.00,1,0,0
16781,3.316,57.70,192.00,1,0,0
16784,3.316,57.70,192.00,1,0,0
16786,3.316,58.10,193.00,1,0,0
16789,3.316,58.10,192.00,1,0,0
16791,3.316,58.10,193.00,1,0,0
16794,3.316,58.10,193.00,1,0,0
16796,3.316,57.70,192.00,1,0,0
16809,3.316,58.10,193.00,1,0,0
16811,3.316,57.80,192.00,1,0,0
16814,3.316,57.70,192.00,1,0,0
16816,3.316,57.80,192.00,1,0,0
16819,3.316,57.90,192.00,1,0,0
16821,3.316,58.00,193.00,1,0,0
16824,3.316,58.10,193.00,1,0,0
16826,3.316,58.00,192.00,1,0,0
16828,3.316,57.80,192.00,1,0,0
16831,3.316,57.70,192.00,1,0,0
16833,3.316,57.80,192.00,1,0,0
16836,3.316,58.00,193.00,1,0,0
16838,3.316,58.10,193.00,1,0,0
16841,3.316,58.10,192.00,1,0,0
16853,3.316,58.00,193.00,1,0,0
16856,3.316,58.00,192.00,1,0,0
16858,3.316,58.10,193.00,1,0,0
16861,3.316,57.70,192.00,1,0,0
16863,3.316,57.80,192.00,1,0,0
16866,3.316,57.70,192.00,1,0,0
16868,3.316,58.00,192.00,1,0,0
16871,3.316,58.10,192.00,1,0,0
16873,3.316,58.00,192.00,1,0,0
16876,3.316,57.80,192.00,1,0,0
16878,3.316,57.70,192.00,1,0,0
16881,3.316,57.80,192.00,1,0,0
16883,3.316,57.70,192.00,1,0,0
16886,3.316,58.10,192.00,1,0,0
16898,3.316,57.70,192.00,1,0,0
16901,3.316,58.00,192.00,1,0,0
16903,3.316,58.10,193.00,1,0,0
16906,3.316,58.10,192.00,1,0,0
16908,3.316,57.80,192.00,1,0,0
16911,3.316,57.80,192.00,1,0,0
16913,3.316,57.80,192.00,1,0,0
16916,3.316,57.70,192.00,1,0,0
16918,3.316,58.20,193.00,1,0,0
16921,3.316,58.10,193.00,1,0,0
16923,3.316,58.10,193.00,1,0,0
16925,3.316,57.80,192.00,1,0,0
16928,3.316,57.70,192.00,1,0,0
16930,3.316,57.80,192.00,1,0,0
16943,3.316,57.80,192.00,1,0,0
16946,3.312,57.70,192.00,1,0,0
16948,3.316,57.70,192.00,1,0,0
16950,3.316,58.10,193.00,1,0,0
16953,3.316,58.10,193.00,1,0,0
16955,3.316,58.10,193.00,1,0,0
16958,3.316,57.90,192.00,1,0,0
16960,3.316,57.70,192.00,1,0,0
16963,3.316,57.80,192.00,1,0,0
16965,3.316,57.90,192.00,1,0,0
16968,3.316,58.10,193.00,1,0,0
16970,3.316,58.10,193.00,1,0,0
16973,3.316,58.10,193.00,1,0,0
16975,3.316,57.80,192.00,1,0,0
16988,3.316,58.10,193.00,1,0,0
16990,3.316,57.70,192.00,1,0,0
16993,3.316,57.80,192.00,1,0,0
16995,3.312,86.20,192.00,1,0,0
16998,3.316,58.10,193.00,1,0,0
17000,3.316,58.00,192.00,1,0,0
17003,3.316,58.00,192.00,1,0,0
17005,3.316,58.00,192.00,1,0,0
17008,3.316,57.70,192.00,1,0,0
17010,3.316,57.80,192.00,1,0,0
17013,3.316,57.70,192.00,1,0,0
17015,3.316,58.10,193.00,1,0,0
17018,3.320,58.70,193.00,1,0,0
17020,3.316,58.00,193.00,1,0,0
17033,3.316,58.10,193.00,1,0,0
17035,3.316,58.10,193.00,1,0,0
17038,3.316,58.70,195.00,1,0,0
17040,3.316,57.70,192.00,1,0,0
17043,3.316,57.80,192.00,1,0,0
17045,3.312,80.70,269.00,1,0,0
17047,3.316,57.90,193.00,1,0,0
17050,3.316,58.00,193.00,1,0,0
17052,3.320,58.00,192.00,1,0,0
17055,3.316,58.10,192.00,1,0,0
17057,3.316,57.70,192.00,1,0,0
17060,3.316,57.70,192.00,1,0,0
17062,3.316,57.70,192.00,1,0,0
17065,3.316,58.00,192.00,1,0,0
17077,3.316,57.80,192.00,1,0,0
17080,3.316,58.00,192.00,1,0,0
17082,3.320,58.10,193.00,1,0,0
17085,3.316,58.10,193.00,1,0,0
17087,3.316,57.90,192.00,1,0,0
17090,3.316,57.70,192.00,1,0,0
17092,3.316,57.80,192.00,1,0,0
17095,3.320,62.30,206.00,1,0,0
17097,3.316,58.80,195.00,1,0,0
17100,3.316,58.10,192.00,1,0,0
17102,3.316,58.10,193.00,1,0,0
17105,3.320,57.80,192.00,1,0,0
17107,3.320,57.80,192.00,1,0,0
17110,3.316,57.80,192.00,1,0,0
17122,3.316,57.70,192.00,1,0,0
17125,3.316,57.80,192.00,1,0,0
17127,3.316,57.70,192.00,1,0,0
17130,3.316,58.00,192.00,1,0,0
17132,3.316,58.10,193.00,1,0,0
17135,3.316,58.10,193.00,1,0,0
17137,3.316,57.90,192.00,1,0,0
17140,3.316,57.80,192.00,1,0,0
17142,3.316,57.80,192.00,1,0,0
17144,3.316,57.70,193.00,1,0,0
17147,3.316,58.00,192.00,1,0,0
17149,3.316,58.00,192.00,1,0,0
17152,3.316,58.00,192.00,1,0,0
17154,3.316,57.70,192.00,1,0,0
17167,3.316,58.00,192.00,1,0,0
17170,3.316,57.70,192.00,1,0,0
17172,3.316,57.70,192.00,1,0,0
17174,3.316,57.80,192.00,1,0,0
17177,3.316,57.90,192.00,1,0,0
17179,3.316,58.00,192.00,1,0,0
17182,3.316,58.00,192.00,1,0,0
17184,3.316,58.10,193.00,1,0,0
17187,3.316,57.70,192.00,1,0,0
17189,3.316,57.70,192.00,1,0,0
17192,3.316,57.70,192.00,1,0,0
17194,3.316,58.10,192.00,1,0,0
17197,3.316,58.00,195.00,1,0,0
17199,3.316,58.10,193.00,1,0,0
17212,3.316,58.00,192.00,1,0,0
17214,3.316,58.00,192.00,1,0,0
17217,3.316,58.10,195.00,1,0,0
17219,3.316,57.80,192.00,1,0,0
17222,3.316,57.80,192.00,1,0,0
17224,3.316,57.80,192.00,1,0,0
17227,3.316,57.80,193.00,1,0,0
17229,3.316,58.00,192.00,1,0,0
17232,3.316,58.00,192.00,1,0,0
17234,3.316,58.00,192.00,1,0,0
17237,3.316,57.80,192.00,1,0,0
17239,3.316,57.80,192.00,1,0,0
17241,3.316,57.70,192.00,1,0,0
17244,3.316,58.20,192.00,1,0,0
17257,3.316,57.70,192.00,1,0,0
17259,3.316,58.00,192.00,1,0,0
17262,3.316,58.00,192.00,1,0,0
17264,3.316,58.00,192.00,1,0,0
17266,3.316,58.10,193.00,1,0,0
17269,3.316,57.80,192.00,1,0,0
17271,3.316,57.70,192.00,1,0,0
17274,3.316,57.70,192.00,1,0,0
17276,3.316,58.00,195.00,1,0,0
17279,3.316,58.00,192.00,1,0,0
17281,3.316,58.00,193.00,1,0,0
17284,3.316,57.80,192.00,1,0,0
17286,3.316,57.80,192.00,1,0,0
17289,3.316,57.70,192.00,1,0,0
17301,3.316,57.70,192.00,1,0,0
17304,3.316,57.80,192.00,1,0,0
17306,3.316,57.80,192.00,1,0,0
17309,3.316,58.00,192.00,1,0,0
17311,3.316,58.10,193.00,1,0,0
17314,3.316,58.00,192.00,1,0,0
17316,3.316,57.80,192.00,1,0,0
17319,3.316,57.80,192.00,1,0,0
17321,3.316,57.80,192.00,1,0,0
17324,3.316,58.00,192.00,1,0,0
17326,3.316,58.00,192.00,1,0,0
17329,3.316,58.10,193.00,1,0,0
17331,3.316,58.10,193.00,1,0,0
17334,3.316,57.70,192.00,1,0,0
17346,3.300,58.00,192.00,1,0,0
17349,3.316,57.90,192.00,1,0,0
17351,3.316,57.70,192.00,1,0,0
17354,3.316,57.80,192.00,1,0,0
17356,3.316,57.80,192.00,1,0,0
17359,3.316,58.10,193.00,1,0,0
17361,3.316,58.10,193.00,1,0,0
17364,3.316,58.00,192.00,1,0,0
17366,3.316,57.80,192.00,1,0,0
17368,3.316,57.70,192.00,1,0,0
17371,3.316,57.70,192.00,1,0,0
17373,3.316,58.00,193.00,1,0,0
17376,3.316,58.00,192.00,1,0,0
17378,3.316,58.10,193.00,1,0,0
17391,3.316,58.00,192.00,1,0,0
17393,3.316,58.00,192.00,1,0,0
17396,3.300,58.10,192.00,1,0,0
17398,3.316,57.80,192.00,1,0,0
17401,3.316,57.70,192.00,1,0,0
17403,3.316,57.80,192.00,1,0,0
17406,3.316,58.00,192.00,1,0,0
17408,3.316,58.10,193.00,1,0,0
17411,3.316,58.00,193.00,1,0,0
17413,3.316,58.10,193.00,1,0,0
17416,3.316,57.80,192.00,1,0,0
17418,3.316,57.80,192.00,1,0,0
17421,3.316,57.70,192.00,1,0,0
17423,3.316,58.10,193.00,1,0,0
17436,3.316,57.80,192.00,1,0,0
17438,3.316,57.90,192.00,1,0,0
17441,3.316,58.10,192.00,1,0,0
17443,3.316,58.00,192.00,1,0,0
17446,3.304,58.10,193.00,1,0,0
17448,3.316,57.70,192.00,1,0,0
17451,3.316,57.70,192.00,1,0,0
17453,3.316,57.70,192.00,1,0,0
17456,3.316,58.00,193.00,1,0,0
17458,3.316,58.00,192.00,1,0,0
17461,3.316,58.00,192.00,1,0,0
17463,3.320,58.00,192.00,1,0,0
17465,3.316,57.80,192.00,1,0,0
17468,3.316,57.70,192.00,1,0,0
17481,3.316,57.70,192.00,1,0,0
17483,3.316,57.60,192.00,1,0,0
17486,3.316,57.80,192.00,1,0,0
17488,3.316,58.10,193.00,1,0,0
17490,3.316,58.00,192.00,1,0,0
17493,3.316,58.00,193.00,1,0,0
17495,3.316,57.80,192.00,1,0,0
17498,3.316,57.70,192.00,1,0,0
17500,3.316,57.70,192.00,1,0,0
17503,3.316,57.80,192.00,1,0,0
17505,3.316,58.10,193.00,1,0,0
17508,3.316,58.00,192.00,1,0,0
17510,3.316,58.00,192.00,1,0,0
17513,3.316,57.70,192.00,1,0,0
17525,3.316,58.00,192.00,1,0,0
17528,3.316,58.00,192.00,1,0,0
17530,3.316,57.70,192.00,1,0,0
17533,3.316,57.70,192.00,1,0,0
17535,3.316,57.80,192.00,1,0,0
17538,3.316,58.10,193.00,1,0,0
17540,3.316,58.00,192.00,1,0,0
17543,3.316,58.00,192.00,1,0,0
17545,3.316,92.40,192.00,1,0,0
17548,3.316,57.70,192.00,1,0,0
17550,3.316,57.80,192.00,1,0,0
17553,3.316,57.70,192.00,1,0,0
17555,3.316,58.10,193.00,1,0,0
17558,3.320,58.90,195.00,1,0,0
17570,3.316,58.10,193.00,1,0,0
17573,3.316,58.10,193.00,1,0,0
17575,3.316,58.00,192.00,1,0,0
17578,3.316,57.90,192.00,1,0,0
17580,3.316,57.80,192.00,1,0,0
17583,3.316,57.80,192.00,1,0,0
17585,3.316,58.00,193.00,1,0,0
17587,3.316,58.00,193.00,1,0,0
17590,3.316,58.10,193.00,1,0,0
17592,3.316,58.00,192.00,1,0,0
17595,3.316,94.30,313.00,1,0,0
17597,3.316,57.70,192.00,1,0,0
17600,3.316,57.70,192.00,1,0,0
17602,3.316,58.00,192.00,1,0,0
17615,3.316,57.80,192.00,1,0,0
17617,3.316,57.60,193.00,1,0,0
17620,3.316,58.00,193.00,1,0,0
17622,3.316,58.00,192.00,1,0,0
17625,3.316,58.00,193.00,1,0,0
17627,3.316,57.80,192.00,1,0,0
17630,3.316,57.70,192.00,1,0,0
17632,3.316,57.80,192.00,1,0,0
17635,3.316,58.00,192.00,1,0,0
17637,3.316,58.70,195.00,1,0,0
17640,3.316,58.00,192.00,1,0,0
17642,3.316,57.70,192.00,1,0,0
17645,3.316,91.20,303.00,1,0,0
17647,3.316,57.70,192.00,1,0,0
17660,3.316,57.80,192.00,1,0,0
17662,3.316,57.70,192.00,1,0,0
17665,3.316,57.70,192.00,1,0,0
17667,3.316,58.10,193.00,1,0,0
17670,3.316,58.00,193.00,1,0,0
17672,3.316,58.00,192.00,1,0,0
17675,3.316,58.00,192.00,1,0,0
17677,3.316,57.80,192.00,1,0,0
17680,3.316,57.70,192.00,1,0,0
17682,3.316,57.70,192.00,1,0,0
17684,3.316,58.00,193.00,1,0,0
17687,3.320,58.00,192.00,1,0,0
17689,3.320,58.10,193.00,1,0,0
17692,3.316,57.70,192.00,1,0,0
17705,3.316,58.00,192.00,1,0,0
17707,3.316,58.00,192.00,1,0,0
17710,3.316,57.70,192.00,1,0,0
17712,3.316,57.80,192.00,1,0,0
17714,3.316,57.80,192.00,1,0,0
17717,3.316,58.70,195.00,1,0,0
17719,3.316,58.00,192.00,1,0,0
17722,3.316,58.10,193.00,1,0,0
17724,3.316,57.80,192.00,1,0,0
17727,3.316,57.80,192.00,1,0,0
17729,3.316,57.70,192.00,1,0,0
17732,3.316,58.00,192.00,1,0,0
17734,3.316,58.10,193.00,1,0,0
17737,3.316,58.10,195.00,1,0,0
17749,3.320,58.10,193.00,1,0,0
17752,3.316,58.00,193.00,1,0,0
17754,3.316,58.10,193.00,1,0,0
17757,3.316,57.80,192.00,1,0,0
17759,3.316,57.80,192.00,1,0,0
17762,3.316,57.70,192.00,1,0,0
17764,3.316,57.80,192.00,1,0,0
17767,3.316,58.00,193.00,1,0,0
17769,3.316,58.10,193.00,1,0,0
17772,3.316,58.00,192.00,1,0,0
17774,3.316,57.80,192.00,1,0,0
17777,3.316,57.80,192.00,1,0,0
17779,3.316,57.80,192.00,1,0,0
17781,3.316,58.00,192.00,1,0,0
17794,3.316,57.70,285.00,1,0,0
17797,3.316,57.90,192.00,1,0,0
17799,3.316,58.10,193.00,1,0,0
17802,3.316,58.10,193.00,1,0,0
17804,3.316,58.10,193.00,1,0,0
17806,3.316,57.70,192.00,1,0,0
17809,3.316,57.70,192.00,1,0,0
17811,3.316,57.80,192.00,1,0,0
17814,3.316,58.00,192.00,1,0,0
17816,3.316,58.10,193.00,1,0,0
17819,3.316,58.10,192.00,1,0,0
17826,3.316,57.70,192.00,1,0,0
17829,3.316,57.70,192.00,1,0,0
17831,3.316,58.10,193.00,1,0,0
17834,3.316,58.00,192.00,1,0,0
17836,3.316,58.10,193.00,1,0,0
17839,3.316,57.80,192.00,1,0,0
17841,3.316,57.80,192.00,1,0,0
17843,3.316,57.80,192.00,1,0,0
17846,3.304,57.90,192.00,1,0,0
17848,3.316,58.00,192.00,1,0,0
17861,3.316,57.70,192.00,1,0,0
17864,3.316,58.10,192.00,1,0,0
17866,3.316,58.00,192.00,1,0,0
17868,3.316,58.00,192.00,1,0,0
17871,3.316,58.00,192.00,1,0,0
17873,3.316,57.70,192.00,1,0,0
17876,3.316,57.80,192.00,1,0,0
17878,3.316,57.70,192.00,1,0,0
17881,3.316,58.00,192.00,1,0,0
17883,3.320,58.00,192.00,1,0,0
17886,3.316,58.00,192.00,1,0,0
17888,3.316,57.70,192.00,1,0,0
17891,3.316,57.70,192.00,1,0,0
17893,3.316,57.70,190.00,1,0,0
17906,3.316,57.70,192.00,1,0,0
17908,3.316,57.70,192.00,1,0,0
17911,3.316,57.80,192.00,1,0,0
17913,3.316,58.10,193.00,1,0,0
17916,3.316,58.00,192.00,1,0,0
17918,3.316,58.00,192.00,1,0,0
17921,3.316,57.70,192.00,1,0,0
17923,3.316,57.70,192.00,1,0,0
17926,3.316,57.80,192.00,1,0,0
17928,3.316,58.10,193.00,1,0,0
17931,3.316,58.00,192.00,1,0,0
17933,3.316,58.10,193.00,1,0,0
17936,3.320,58.10,193.00,1,0,0
17938,3.316,57.70,192.00,1,0,0
17951,3.316,58.00,192.00,1,0,0
17953,3.316,57.80,192.00,1,0,0
17956,3.316,57.70,192.00,1,0,0
17958,3.316,57.80,192.00,1,0,0
17961,3.316,57.80,192.00,1,0,0
17963,3.316,58.00,192.00,1,0,0
17965,3.316,58.10,193.00,1,0,0
17968,3.316,58.00,192.00,1,0,0
17970,3.316,57.70,192.00,1,0,0
17973,3.316,57.70,192.00,1,0,0
17975,3.316,57.80,192.00,1,0,0
17978,3.316,58.00,192.00,1,0,0
17980,3.316,58.00,192.00,1,0,0
17983,3.316,58.00,192.00,1,0,0
17995,3.296,57.80,192.00,1,0,0
17998,3.316,57.80,195.00,1,0,0
18000,3.320,58.10,193.00,1,0,0
18003,3.316,57.80,192.00,1,0,0
18005,3.316,57.70,192.00,1,0,0
18008,3.316,57.70,192.00,1,0,0
18010,3.316,58.00,192.00,1,0,0
18013,3.316,58.00,193.00,1,0,0
18015,3.316,58.00,192.00,1,0,0
18018,3.316,57.90,192.00,1,0,0
18020,3.316,57.70,192.00,1,0,0
18023,3.316,57.80,192.00,1,0,0
18025,3.316,57.80,192.00,1,0,0
18028,3.316,58.00,193.00,1,0,0
18040,3.316,57.70,192.00,1,0,0
18043,3.316,58.10,193.00,1,0,0
18045,3.296,58.10,193.00,1,0,0
18048,3.316,58.10,193.00,1,0,0
18050,3.316,57.80,192.00,1,0,0
18053,3.316,57.80,192.00,1,0,0
18055,3.316,57.80,192.00,1,0,0
18058,3.316,57.80,192.00,1,0,0
18060,3.320,58.10,193.00,1,0,0
18062,3.316,58.10,193.00,1,0,0
18065,3.316,58.00,193.00,1,0,0
18067,3.316,57.70,192.00,1,0,0
18070,3.316,57.80,192.00,1,0,0
18072,3.316,57.70,192.00,1,0,0
18085,3.316,57.80,192.00,1,0,0
18088,3.316,57.70,192.00,1,0,0
18090,3.316,57.80,192.00,1,0,0
18092,3.316,58.10,193.00,1,0,0
18095,3.316,58.10,193.00,1,0,0
18097,3.316,58.00,192.00,1,0,0
18100,3.316,57.70,192.00,1,0,0
18102,3.316,57.80,192.00,1,0,0
18105,3.316,57.80,192.00,1,0,0
18107,3.316,57.90,192.00,1,0,0
18110,3.316,58.10,193.00,1,0,0
18112,3.316,58.00,192.00,1,0,0
18115,3.316,58.00,192.00,1,0,0
18117,3.316,57.70,192.00,1,0,0
18130,3.316,58.10,192.00,1,0,0
18132,3.316,57.70,192.00,1,0,0
18135,3.316,57.80,192.00,1,0,0
18137,3.316,57.70,192.00,1,0,0
18140,3.316,58.10,193.00,1,0,0
18142,3.316,58.00,192.00,1,0,0
18145,3.316,64.60,193.00,1,0,0
18147,3.316,58.10,193.00,1,0,0
18150,3.316,57.80,192.00,1,0,0
18152,3.316,57.70,192.00,1,0,0
18155,3.316,57.80,192.00,1,0,0
18157,3.316,58.10,193.00,1,0,0
18159,3.316,58.10,193.00,1,0,0
18162,3.316,58.10,192.00,1,0,0
18175,3.316,58.10,193.00,1,0,0
18177,3.316,58.10,193.00,1,0,0
18180,3.316,58.00,192.00,1,0,0
18182,3.320,57.70,192.00,1,0,0
18185,3.316,57.80,192.00,1,0,0
18187,3.316,57.80,192.00,1,0,0
18189,3.320,58.00,193.00,1,0,0
18192,3.320,58.10,193.00,1,0,0
18194,3.316,64.60,213.00,1,0,0
18197,3.316,58.00,192.00,1,0,0
18199,3.316,57.80,192.00,1,0,0
18202,3.320,57.80,192.00,1,0,0
18204,3.316,57.80,192.00,1,0,0
18207,3.316,58.00,192.00,1,0,0
18219,3.316,57.70,192.00,1,0,0
18222,3.316,58.10,193.00,1,0,0
18224,3.316,58.00,192.00,1,0,0
18227,3.316,58.00,192.00,1,0,0
18229,3.316,58.00,193.00,1,0,0
18232,3.316,57.80,192.00,1,0,0
18234,3.316,57.70,192.00,1,0,0
18237,3.316,57.70,192.00,1,0,0
18239,3.316,58.00,192.00,1,0,0
18242,3.316,58.00,193.00,1,0,0
18244,3.316,77.50,257.00,1,0,0
18247,3.316,57.70,192.00,1,0,0
18249,3.316,57.80,192.00,1,0,0
18252,3.316,57.70,192.00,1,0,0
18264,3.316,57.70,192.00,1,0,0
18267,3.320,57.80,192.00,1,0,0
18269,3.316,57.80,192.00,1,0,0
18272,3.316,58.00,192.00,1,0,0
18274,3.316,58.10,193.00,1,0,0
18277,3.320,58.10,193.00,1,0,0
18279,3.316,58.70,192.00,1,0,0
18282,3.316,57.80,192.00,1,0,0
18284,3.316,57.80,192.00,1,0,0
18286,3.320,57.80,192.00,1,0,0
18289,3.316,58.10,193.00,1,0,0
18291,3.316,58.10,193.00,1,0,0
18294,3.316,58.20,303.00,1,0,0
18296,3.316,57.70,192.00,1,0,0
18309,3.316,58.00,192.00,1,0,0
18311,3.316,57.80,192.00,1,0,0
18314,3.316,57.70,192.00,1,0,0
18316,3.316,57.70,192.00,1,0,0
18319,3.320,57.80,192.00,1,0,0
18321,3.316,58.10,193.00,1,0,0
18324,3.316,58.10,192.00,1,0,0
18326,3.316,58.10,193.00,1,0,0
18329,3.316,57.80,192.00,1,0,0
18331,3.316,57.70,192.00,1,0,0
18334,3.316,57.70,192.00,1,0,0
18336,3.316,58.00,193.00,1,0,0
18339,3.320,58.80,193.00,1,0,0
18341,3.316,58.00,193.00,1,0,0
18354,3.320,58.10,193.00,1,0,0
18356,3.316,58.10,193.00,1,0,0
18359,3.320,60.70,193.00,1,0,0
18361,3.316,57.70,192.00,1,0,0
18364,3.320,57.70,192.00,1,0,0
18366,3.316,57.70,192.00,1,0,0
18369,3.316,57.80,192.00,1,0,0
18371,3.316,58.00,192.00,1,0,0
18374,3.316,58.10,193.00,1,0,0
18376,3.316,58.10,192.00,1,0,0
18379,3.316,57.80,192.00,1,0,0
18381,3.316,57.70,192.00,1,0,0
18383,3.316,57.80,192.00,1,0,0
18386,3.316,58.10,193.00,1,0,0
18399,3.316,57.70,192.00,1,0,0
18401,3.316,58.00,193.00,1,0,0
18404,3.316,58.00,193.00,1,0,0
18406,3.316,58.10,193.00,1,0,0
18408,3.316,58.00,192.00,1,0,0
18411,3.316,57.70,192.00,1,0,0
18413,3.316,57.70,192.00,1,0,0
18416,3.316,57.80,192.00,1,0,0
18418,3.320,58.70,195.00,1,0,0
18421,3.316,58.00,192.00,1,0,0
18423,3.316,58.00,192.00,1,0,0
18426,3.316,57.80,192.00,1,0,0
18428,3.316,57.70,192.00,1,0,0
18431,3.320,57.70,192.00,1,0,0
18443,3.316,57.80,192.00,1,0,0
18446,3.320,57.70,192.00,1,0,0
18448,3.316,57.70,192.00,1,0,0
18451,3.316,58.00,193.00,1,0,0
18453,3.316,58.10,193.00,1,0,0
18456,3.316,58.10,192.00,1,0,0
18458,3.316,58.00,193.00,1,0,0
18461,3.316,57.70,192.00,1,0,0
18463,3.316,57.70,192.00,1,0,0
18466,3.316,57.90,192.00,1,0,0
18468,3.316,58.10,193.00,1,0,0
18471,3.316,58.00,192.00,1,0,0
18473,3.316,58.00,193.00,1,0,0
18476,3.316,57.80,192.00,1,0,0
18488,3.316,58.00,192.00,1,0,0
18491,3.316,58.00,193.00,1,0,0
18493,3.316,57.80,192.00,1,0,0
18496,3.312,57.80,192.00,1,0,0
18498,3.316,57.70,192.00,1,0,0
18501,3.320,58.00,192.00,1,0,0
18503,3.316,58.00,193.00,1,0,0
18505,3.320,58.10,193.00,1,0,0
18508,3.316,57.80,192.00,1,0,0
18510,3.316,57.60,192.00,1,0,0
18513,3.316,57.70,192.00,1,0,0
18515,3.320,57.90,193.00,1,0,0
18518,3.316,58.80,195.00,1,0,0
18520,3.320,58.10,193.00,1,0,0
18533,3.316,58.10,193.00,1,0,0
18535,3.316,58.00,192.00,1,0,0
18538,3.316,58.00,195.00,1,0,0
18540,3.320,57.70,192.00,1,0,0
18543,3.316,57.70,192.00,1,0,0
18545,3.312,86.10,192.00,1,0,0
18548,3.316,58.00,193.00,1,0,0
18550,3.316,58.00,193.00,1,0,0
18553,3.316,58.10,193.00,1,0,0
18555,3.316,58.00,192.00,1,0,0
18558,3.316,57.70,192.00,1,0,0
18560,3.316,57.80,192.00,1,0,0
18563,3.316,57.80,192.00,1,0,0
18565,3.316,58.00,192.00,1,0,0
18578,3.316,57.80,192.00,1,0,0
18580,3.320,57.80,192.00,1,0,0
18583,3.316,58.10,192.00,1,0,0
18585,3.316,58.10,193.00,1,0,0
18588,3.316,58.10,193.00,1,0,0
18590,3.316,57.70,192.00,1,0,0
18593,3.316,57.70,192.00,1,0,0
18595,3.312,82.80,275.00,1,0,0
18598,3.316,58.00,195.00,1,0,0
18600,3.316,58.10,193.00,1,0,0
18602,3.320,58.10,193.00,1,0,0
18605,3.316,58.10,192.00,1,0,0
18607,3.316,57.70,192.00,1,0,0
18610,3.320,57.70,192.00,1,0,0
18623,3.320,57.70,192.00,1,0,0
18625,3.316,57.70,192.00,1,0,0
18628,3.320,57.80,192.00,1,0,0
18630,3.316,58.00,192.00,1,0,0
18632,3.320,58.00,192.00,1,0,0
18635,3.316,58.00,192.00,1,0,0
18637,3.316,58.00,192.00,1,0,0
18640,3.316,57.70,192.00,1,0,0
18642,3.316,57.70,192.00,1,0,0
18645,3.316,63.40,210.00,1,0,0
18647,3.316,58.00,192.00,1,0,0
18650,3.316,58.00,193.00,1,0,0
18652,3.320,58.10,193.00,1,0,0
18655,3.320,57.70,192.00,1,0,0
18667,3.316,58.00,192.00,1,0,0
18670,3.316,58.00,192.00,1,0,0
18672,3.316,57.70,192.00,1,0,0
18675,3.316,57.80,192.00,1,0,0
18677,3.316,57.70,192.00,1,0,0
18680,3.316,58.10,193.00,1,0,0
18682,3.316,58.10,193.00,1,0,0
18685,3.316,58.00,193.00,1,0,0
18687,3.316,57.90,192.00,1,0,0
18690,3.316,57.70,192.00,1,0,0
18692,3.316,57.80,192.00,1,0,0
18695,3.316,57.80,195.00,1,0,0
18697,3.320,58.00,192.00,1,0,0
18699,3.316,58.00,192.00,1,0,0
18712,3.316,58.10,193.00,1,0,0
18715,3.316,58.00,192.00,1,0,0
18717,3.316,58.00,193.00,1,0,0
18720,3.316,57.80,192.00,1,0,0
18722,3.316,57.80,192.00,1,0,0
18725,3.316,57.80,192.00,1,0,0
18727,3.316,57.80,192.00,1,0,0
18729,3.316,58.00,192.00,1,0,0
18732,3.316,58.00,193.00,1,0,0
18734,3.316,58.00,192.00,1,0,0
18737,3.316,57.80,192.00,1,0,0
18739,3.316,57.80,192.00,1,0,0
18742,3.316,57.80,192.00,1,0,0
18744,3.316,58.10,192.00,1,0,0
18757,3.316,57.70,192.00,1,0,0
18759,3.316,57.70,192.00,1,0,0
18762,3.316,58.00,192.00,1,0,0
18764,3.316,58.10,193.00,1,0,0
18767,3.316,58.10,193.00,1,0,0
18769,3.316,57.70,192.00,1,0,0
18772,3.316,57.80,192.00,1,0,0
18774,3.316,57.70,192.00,1,0,0
18777,3.316,58.10,193.00,1,0,0
18779,3.316,58.00,192.00,1,0,0
18782,3.316,58.00,193.00,1,0,0
18784,3.316,57.80,192.00,1,0,0
18787,3.316,57.70,192.00,1,0,0
18789,3.316,57.80,192.00,1,0,0
18802,3.316,57.70,192.00,1,0,0
18804,3.316,57.70,192.00,1,0,0
18807,3.320,57.70,192.00,1,0,0
18809,3.316,58.00,192.00,1,0,0
18812,3.316,58.00,192.00,1,0,0
18814,3.316,58.00,193.00,1,0,0
18817,3.316,58.00,192.00,1,0,0
18819,3.316,57.70,192.00,1,0,0
18822,3.316,57.80,192.00,1,0,0
18824,3.316,57.80,192.00,1,0,0
18826,3.316,58.10,193.00,1,0,0
18829,3.316,58.10,193.00,1,0,0
18831,3.316,58.10,193.00,1,0,0
18834,3.316,57.80,192.00,1,0,0
18847,3.316,58.10,193.00,1,0,0
18849,3.320,58.00,192.00,1,0,0
18851,3.316,57.80,192.00,1,0,0
18854,3.316,57.80,192.00,1,0,0
18856,3.316,57.70,192.00,1,0,0
18859,3.316,58.00,192.00,1,0,0
18861,3.316,58.10,193.00,1,0,0
18864,3.316,58.00,192.00,1,0,0
18866,3.316,57.70,192.00,1,0,0
18869,3.316,57.70,192.00,1,0,0
18871,3.316,57.80,192.00,1,0,0
18874,3.316,57.90,192.00,1,0,0
18876,3.316,58.00,192.00,1,0,0
18879,3.316,58.80,192.00,1,0,0
18891,3.316,58.00,192.00,1,0,0
18894,3.316,58.00,213.00,1,0,0
18896,3.300,58.00,192.00,1,0,0
18899,3.316,58.80,195.00,1,0,0
18901,3.316,57.80,192.00,1,0,0
18904,3.316,57.80,192.00,1,0,0
18906,3.316,57.80,192.00,1,0,0
18909,3.316,58.10,193.00,1,0,0
18911,3.320,58.10,193.00,1,0,0
18914,3.316,58.10,193.00,1,0,0
18916,3.316,57.80,192.00,1,0,0
18919,3.316,57.70,192.00,1,0,0
18921,3.316,57.80,192.00,1,0,0
18923,3.316,58.00,193.00,1,0,0
18936,3.320,57.80,192.00,1,0,0
18939,3.316,57.80,192.00,1,0,0
18941,3.316,58.10,193.00,1,0,0
18944,3.316,58.10,193.00,1,0,0
18946,3.300,58.10,193.00,1,0,0
18948,3.320,57.70,192.00,1,0,0
18951,3.316,57.70,192.00,1,0,0
18953,3.316,57.70,192.00,1,0,0
18956,3.316,58.00,192.00,1,0,0
18958,3.316,58.80,195.00,1,0,0
18961,3.316,58.00,193.00,1,0,0
18963,3.316,58.00,192.00,1,0,0
18966,3.316,57.80,192.00,1,0,0
18968,3.316,57.70,192.00,1,0,0
18981,3.316,57.80,192.00,1,0,0
18983,3.316,57.70,192.00,1,0,0
18986,3.316,57.70,192.00,1,0,0
18988,3.316,57.80,193.00,1,0,0
18991,3.320,58.10,193.00,1,0,0
18993,3.316,58.00,192.00,1,0,0
18996,3.304,58.10,193.00,1,0,0
18998,3.316,57.80,192.00,1,0,0
19001,3.316,57.80,192.00,1,0,0
19003,3.316,57.80,192.00,1,0,0
19006,3.320,58.10,192.00,1,0,0
19008,3.316,58.10,193.00,1,0,0
19011,3.316,58.10,193.00,1,0,0
19013,3.316,58.00,192.00,1,0,0
19026,3.316,58.10,192.00,1,0,0
19028,3.316,58.00,192.00,1,0,0
19031,3.316,57.70,192.00,1,0,0
19033,3.316,57.80,192.00,1,0,0
19036,3.316,57.80,192.00,1,0,0
19038,3.316,58.70,195.00,1,0,0
19041,3.316,58.10,193.00,1,0,0
19043,3.320,58.00,192.00,1,0,0
19045,3.316,57.90,192.00,1,0,0
19048,3.316,57.80,192.00,1,0,0
19050,3.316,57.80,192.00,1,0,0
19053,3.316,57.80,192.00,1,0,0
19055,3.316,58.10,193.00,1,0,0
19058,3.320,58.00,195.00,1,0,0
19070,3.316,58.00,192.00,1,0,0
19073,3.316,58.10,193.00,1,0,0
19075,3.316,58.10,193.00,1,0,0
19078,3.316,58.00,192.00,1,0,0
19080,3.316,57.70,192.00,1,0,0
19083,3.316,57.70,192.00,1,0,0
19085,3.316,57.80,192.00,1,0,0
19088,3.316,58.10,193.00,1,0,0
19090,3.316,58.00,192.00,1,0,0
19093,3.316,58.00,193.00,1,0,0
19095,3.316,57.70,192.00,1,0,0
19098,3.316,57.70,192.00,1,0,0
19100,3.316,57.70,192.00,1,0,0
19103,3.316,57.70,193.00,1,0,0
19115,3.316,57.70,192.00,1,0,0
19118,3.316,57.70,192.00,1,0,0
19120,3.316,58.10,193.00,1,0,0
19123,3.316,58.10,193.00,1,0,0
19125,3.316,58.10,193.00,1,0,0
19128,3.316,57.80,192.00,1,0,0
19130,3.316,57.80,192.00,1,0,0
19133,3.316,57.70,192.00,1,0,0
19135,3.316,57.90,192.00,1,0,0
19138,3.316,58.00,195.00,1,0,0
19140,3.316,58.10,193.00,1,0,0
19142,3.320,58.00,192.00,1,0,0
19145,3.316,92.50,192.00,1,0,0
19147,3.320,57.70,192.00,1,0,0
19160,3.316,58.10,192.00,1,0,0
19163,3.316,57.80,192.00,1,0,0
19165,3.316,57.80,192.00,1,0,0
19167,3.316,57.80,193.00,1,0,0
19170,3.320,58.10,193.00,1,0,0
19172,3.316,58.10,193.00,1,0,0
19175,3.320,58.00,193.00,1,0,0
19177,3.316,57.70,192.00,1,0,0
19180,3.316,57.70,192.00,1,0,0
19182,3.316,57.80,192.00,1,0,0
19185,3.316,58.10,193.00,1,0,0
19187,3.316,58.10,193.00,1,0,0
19190,3.316,58.00,193.00,1,0,0
19192,3.316,57.80,192.00,1,0,0
19205,3.316,58.00,193.00,1,0,0
19207,3.316,58.00,192.00,1,0,0
19210,3.316,57.80,192.00,1,0,0
19212,3.316,57.70,192.00,1,0,0
19215,3.316,57.70,192.00,1,0,0
19217,3.316,58.10,193.00,1,0,0
19220,3.316,58.10,192.00,1,0,0
19222,3.316,58.00,192.00,1,0,0
19225,3.316,58.00,192.00,1,0,0
19227,3.316,57.70,192.00,1,0,0
19230,3.316,57.70,192.00,1,0,0
19232,3.316,57.80,192.00,1,0,0
19235,3.316,58.00,192.00,1,0,0
19237,3.316,58.10,193.00,1,0,0
19250,3.316,58.10,193.00,1,0,0
19252,3.316,58.10,193.00,1,0,0
19255,3.316,58.00,192.00,1,0,0
19257,3.316,58.00,192.00,1,0,0
19260,3.316,57.80,192.00,1,0,0
19262,3.316,57.70,192.00,1,0,0
19264,3.316,57.80,192.00,1,0,0
19267,3.316,58.00,192.00,1,0,0
19269,3.316,58.00,192.00,1,0,0
19272,3.316,58.00,192.00,1,0,0
19274,3.316,57.70,192.00,1,0,0
19277,3.316,57.70,192.00,1,0,0
19279,3.316,57.70,192.00,1,0,0
19282,3.320,58.00,192.00,1,0,0
19294,3.316,86.10,285.00,1,0,0
19297,3.316,57.70,192.00,1,0,0
19299,3.316,58.00,193.00,1,0,0
19302,3.316,58.00,192.00,1,0,0
19304,3.316,58.00,193.00,1,0,0
19307,3.316,58.00,192.00,1,0,0
19309,3.316,57.70,192.00,1,0,0
19312,3.316,57.70,192.00,1,0,0
19314,3.316,57.70,192.00,1,0,0
19317,3.316,58.00,193.00,1,0,0
19319,3.316,58.20,193.00,1,0,0
19322,3.316,58.00,192.00,1,0,0
19324,3.316,57.70,192.00,1,0,0
19327,3.316,57.80,192.00,1,0,0
19339,3.316,57.80,192.00,1,0,0
19342,3.316,57.80,192.00,1,0,0
19344,3.316,57.70,285.00,1,0,0
19347,3.316,57.70,192.00,1,0,0
19349,3.320,58.10,193.00,1,0,0
19352,3.316,58.00,193.00,1,0,0
19354,3.316,58.00,192.00,1,0,0
19357,3.316,57.70,192.00,1,0,0
19359,3.316,57.80,192.00,1,0,0
19361,3.316,57.80,192.00,1,0,0
19364,3.316,58.00,192.00,1,0,0
19366,3.316,58.00,192.00,1,0,0
19369,3.316,58.00,192.00,1,0,0
19371,3.316,58.00,192.00,1,0,0
19384,3.316,58.00,192.00,1,0,0
19387,3.316,58.10,193.00,1,0,0
19389,3.316,57.80,192.00,1,0,0
19391,3.316,57.70,192.00,1,0,0
19394,3.316,57.80,192.00,1,0,0
19396,3.316,57.80,193.00,1,0,0
19399,3.320,58.10,193.00,1,0,0
19401,3.316,58.10,193.00,1,0,0
19404,3.320,58.10,192.00,1,0,0
19406,3.316,57.80,192.00,1,0,0
19409,3.316,57.80,192.00,1,0,0
19411,3.316,57.80,192.00,1,0,0
19414,3.316,58.00,193.00,1,0,0
19416,3.316,58.00,192.00,1,0,0
19429,3.316,58.00,193.00,1,0,0
19431,3.316,58.10,193.00,1,0,0
19434,3.316,58.00,193.00,1,0,0
19436,3.320,58.10,193.00,1,0,0
19439,3.316,57.70,192.00,1,0,0
19441,3.316,57.80,192.00,1,0,0
19444,3.316,57.70,190.00,1,0,0
19446,3.316,58.00,192.00,1,0,0
19449,3.316,58.10,193.00,1,0,0
19451,3.316,58.10,193.00,1,0,0
19454,3.316,57.80,192.00,1,0,0
19456,3.316,57.70,192.00,1,0,0
19458,3.316,57.80,192.00,1,0,0
19461,3.316,57.80,192.00,1,0,0
19474,3.316,57.80,192.00,1,0,0
19476,3.316,57.70,192.00,1,0,0
19479,3.320,58.50,193.00,1,0,0
19481,3.316,58.00,192.00,1,0,0
19484,3.316,58.10,193.00,1,0,0
19486,3.316,58.10,192.00,1,0,0
19488,3.316,57.80,192.00,1,0,0
19491,3.316,57.80,192.00,1,0,0
19493,3.320,57.80,190.00,1,0,0
19496,3.292,58.00,192.00,1,0,0
19498,3.316,58.90,195.00,1,0,0
19501,3.316,58.10,193.00,1,0,0
19503,3.316,57.80,192.00,1,0,0
19506,3.316,57.80,192.00,1,0,0
19518,3.316,58.70,195.00,1,0,0
19521,3.316,57.70,192.00,1,0,0
19523,3.316,57.80,192.00,1,0,0
19526,3.316,57.70,192.00,1,0,0
19528,3.316,58.00,192.00,1,0,0
19531,3.320,58.10,193.00,1,0,0
19533,3.316,58.10,193.00,1,0,0
19536,3.316,57.70,192.00,1,0,0
19538,3.316,57.80,192.00,1,0,0
19541,3.316,57.80,192.00,1,0,0
19543,3.316,58.00,192.00,1,0,0
19546,3.296,58.10,192.00,1,0,0
19548,3.316,58.10,193.00,1,0,0
19551,3.316,58.10,193.00,1,0,0
19563,3.316,58.00,192.00,1,0,0
19566,3.316,58.00,193.00,1,0,0
19568,3.316,58.00,192.00,1,0,0
19571,3.316,57.80,192.00,1,0,0
19573,3.316,57.80,192.00,1,0,0
19576,3.316,57.80,193.00,1,0,0
19578,3.320,58.70,195.00,1,0,0
19581,3.320,58.00,192.00,1,0,0
19583,3.316,58.00,192.00,1,0,0
19585,3.316,57.70,192.00,1,0,0
19588,3.316,57.80,192.00,1,0,0
19590,3.316,57.80,192.00,1,0,0
19593,3.316,58.10,193.00,1,0,0
19595,3.296,58.10,193.00,1,0,0
19608,3.316,57.80,192.00,1,0,0
19610,3.316,58.00,193.00,1,0,0
19613,3.320,58.10,193.00,1,0,0
19615,3.316,58.10,193.00,1,0,0
19618,3.316,57.70,192.00,1,0,0
19620,3.316,57.80,192.00,1,0,0
19623,3.316,57.70,192.00,1,0,0
19625,3.316,58.10,193.00,1,0,0
19628,3.316,58.10,193.00,1,0,0
19630,3.316,58.00,192.00,1,0,0
19633,3.316,58.00,192.00,1,0,0
19635,3.316,57.70,192.00,1,0,0
19638,3.316,57.80,192.00,1,0,0
19640,3.316,57.70,192.00,1,0,0
19653,3.316,57.70,192.00,1,0,0
19655,3.316,57.80,192.00,1,0,0
19658,3.316,58.80,195.00,1,0,0
19660,3.316,58.00,192.00,1,0,0
19663,3.316,58.00,192.00,1,0,0
19665,3.316,58.00,192.00,1,0,0
19668,3.316,57.70,192.00,1,0,0
19670,3.316,57.70,192.00,1,0,0
19673,3.316,57.80,192.00,1,0,0
19675,3.316,58.10,193.00,1,0,0
19678,3.316,58.00,192.00,1,0,0
19680,3.316,58.10,193.00,1,0,0
19682,3.316,57.70,192.00,1,0,0
19685,3.316,57.80,192.00,1,0,0
19698,3.316,58.00,192.00,1,0,0
19700,3.316,57.70,192.00,1,0,0
19703,3.316,57.70,192.00,1,0,0
19705,3.316,57.80,192.00,1,0,0
19707,3.316,58.10,192.00,1,0,0
19710,3.316,58.00,193.00,1,0,0
19712,3.316,58.10,193.00,1,0,0
19715,3.320,57.90,192.00,1,0,0
19717,3.316,57.70,192.00,1,0,0
19720,3.316,57.70,192.00,1,0,0
19722,3.316,57.80,192.00,1,0,0
19725,3.316,58.00,192.00,1,0,0
19727,3.316,58.00,192.00,1,0,0
19730,3.316,58.00,192.00,1,0,0
19742,3.316,58.00,192.00,1,0,0
19745,3.316,63.70,192.00,1,0,0
19747,3.316,57.70,192.00,1,0,0
19750,3.316,57.70,192.00,1,0,0
19752,3.316,57.70,192.00,1,0,0
19755,3.316,57.90,192.00,1,0,0
19757,3.316,58.00,192.00,1,0,0
19760,3.316,58.00,192.00,1,0,0
19762,3.316,58.10,193.00,1,0,0
19765,3.316,57.70,192.00,1,0,0
19767,3.316,57.70,192.00,1,0,0
19770,3.316,57.70,192.00,1,0,0
19772,3.316,58.00,192.00,1,0,0
19775,3.316,58.00,193.00,1,0,0
19787,3.316,57.70,192.00,1,0,0
19790,3.316,58.10,192.00,1,0,0
19792,3.316,58.00,192.00,1,0,0
19795,3.316,76.40,252.00,1,0,0
19797,3.316,57.70,192.00,1,0,0
19800,3.316,57.70,192.00,1,0,0
19802,3.316,57.80,192.00,1,0,0
19804,3.316,57.90,192.00,1,0,0
19807,3.316,58.00,192.00,1,0,0
19809,3.316,58.00,192.00,1,0,0
19812,3.316,58.00,192.00,1,0,0
19814,3.316,57.70,192.00,1,0,0
19817,3.316,57.80,192.00,1,0,0
19819,3.316,57.70,192.00,1,0,0
19836,3.316,57.70,192.00,1,0,0
19839,3.316,58.80,193.00,1,0,0
19841,3.320,58.00,192.00,1,0,0
19844,3.316,58.00,192.00,1,0,0
19846,3.316,57.70,192.00,1,0,0
19849,3.316,57.80,192.00,1,0,0
19851,3.320,57.80,192.00,1,0,0
19854,3.316,58.00,193.00,1,0,0
19856,3.316,58.10,193.00,1,0,0
19858,3.316,58.90,195.00,1,0,0
19861,3.320,58.00,192.00,1,0,0
19863,3.316,57.80,192.00,1,0,0
19866,3.316,57.70,192.00,1,0,0
19868,3.316,57.80,192.00,1,0,0
19881,3.316,57.80,192.00,1,0,0
19883,3.316,57.80,192.00,1,0,0
19886,3.316,58.10,193.00,1,0,0
19888,3.316,58.10,193.00,1,0,0
19891,3.316,58.10,193.00,1,0,0
19893,3.316,58.20,193.00,1,0,0
19896,3.316,57.70,192.00,1,0,0
19898,3.316,57.70,192.00,1,0,0
19901,3.316,57.80,192.00,1,0,0
19903,3.316,58.10,193.00,1,0,0
19906,3.320,58.10,193.00,1,0,0
19908,3.316,58.10,193.00,1,0,0
19911,3.316,57.70,192.00,1,0,0
19913,3.316,57.70,192.00,1,0,0
19926,3.316,58.00,192.00,1,0,0
19928,3.316,57.80,192.00,1,0,0
19931,3.316,57.80,192.00,1,0,0
19933,3.316,57.70,192.00,1,0,0
19936,3.316,58.10,192.00,1,0,0
19938,3.316,58.70,195.00,1,0,0
19941,3.316,58.00,192.00,1,0,0
19943,3.316,58.00,192.00,1,0,0
19946,3.316,57.70,192.00,1,0,0
19948,3.316,57.70,192.00,1,0,0
19951,3.316,57.70,192.00,1,0,0
19953,3.316,58.10,193.00,1,0,0
19955,3.316,58.10,193.00,1,0,0
19958,3.320,58.00,195.00,1,0,0
19971,3.316,58.10,193.00,1,0,0
19973,3.316,58.10,193.00,1,0,0
19976,3.316,58.00,193.00,1,0,0
19978,3.316,57.80,192.00,1,0,0
19980,3.316,57.70,192.00,1,0,0
19983,3.316,57.80,192.00,1,0,0
19985,3.316,58.00,192.00,1,0,0
19988,3.316,58.00,193.00,1,0,0
19990,3.320,58.00,192.00,1,0,0
19993,3.316,57.70,192.00,1,0,0
19995,3.316,89.80,192.00,1,0,0
19998,3.316,57.70,192.00,1,0,0
20000,3.316,58.00,192.00,1,0,0
20003,3.316,58.10,192.00,1,0,0
20015,3.316,57.70,192.00,1,0,0
20018,3.316,58.00,192.00,1,0,0
20020,3.316,58.10,193.00,1,0,0
20023,3.316,58.00,193.00,1,0,0
20025,3.316,57.80,192.00,1,0,0
20028,3.316,57.80,192.00,1,0,0
20030,3.316,57.70,192.00,1,0,0
20033,3.316,58.00,192.00,1,0,0
20035,3.316,58.00,192.00,1,0,0
20038,3.316,58.10,193.00,1,0,0
20040,3.316,58.10,193.00,1,0,0
20043,3.316,57.80,192.00,1,0,0
20045,3.312,86.50,287.00,1,0,0
20048,3.316,57.70,192.00,1,0,0
20060,3.316,57.70,192.00,1,0,0
20063,3.316,57.70,192.00,1,0,0
20065,3.316,57.80,192.00,1,0,0
20068,3.316,58.10,193.00,1,0,0
20070,3.316,58.10,193.00,1,0,0
20073,3.316,58.10,193.00,1,0,0
20075,3.316,57.70,192.00,1,0,0
20077,3.316,57.80,192.00,1,0,0
20080,3.316,57.70,192.00,1,0,0
20082,3.316,58.00,192.00,1,0,0
20085,3.316,58.10,193.00,1,0,0
20087,3.316,58.00,192.00,1,0,0
20090,3.316,58.00,192.00,1,0,0
20092,3.316,57.70,192.00,1,0,0
20105,3.316,58.00,193.00,1,0,0
20107,3.316,57.80,192.00,1,0,0
20110,3.316,57.80,192.00,1,0,0
20112,3.316,57.70,192.00,1,0,0
20115,3.316,58.10,193.00,1,0,0
20117,3.316,58.00,192.00,1,0,0
20120,3.320,58.80,192.00,1,0,0
20122,3.316,57.90,192.00,1,0,0
20125,3.316,57.70,192.00,1,0,0
20127,3.316,57.70,192.00,1,0,0
20130,3.316,57.80,192.00,1,0,0
20132,3.316,58.00,192.00,1,0,0
20135,3.316,58.00,193.00,1,0,0
20137,3.316,58.10,193.00,1,0,0
20150,3.316,58.10,192.00,1,0,0
20152,3.316,58.10,193.00,1,0,0
20155,3.316,58.10,193.00,1,0,0
20157,3.316,57.70,192.00,1,0,0
20160,3.316,57.80,192.00,1,0,0
20162,3.316,57.70,192.00,1,0,0
20165,3.316,58.00,192.00,1,0,0
20167,3.316,58.00,192.00,1,0,0
20170,3.320,58.00,192.00,1,0,0
20172,3.316,57.90,192.00,1,0,0
20174,3.316,57.80,192.00,1,0,0
20177,3.320,57.70,192.00,1,0,0
20179,3.316,57.80,193.00,1,0,0
20182,3.316,58.10,193.00,1,0,0
20195,3.316,57.70,216.00,1,0,0
20197,3.316,58.00,192.00,1,0,0
20200,3.316,58.90,195.00,1,0,0
20202,3.316,58.00,192.00,1,0,0
20204,3.316,57.80,192.00,1,0,0
20207,3.316,57.80,192.00,1,0,0
20209,3.316,57.70,192.00,1,0,0
20212,3.316,57.90,192.00,1,0,0
20214,3.316,58.00,192.00,1,0,0
20217,3.316,58.10,192.00,1,0,0
20219,3.316,58.80,195.00,1,0,0
20222,3.316,57.80,192.00,1,0,0
20224,3.316,57.80,192.00,1,0,0
20227,3.316,57.80,192.00,1,0,0
20239,3.316,57.80,192.00,1,0,0
20242,3.316,57.70,192.00,1,0,0
20244,3.316,57.70,195.00,1,0,0
20247,3.316,58.00,192.00,1,0,0
20249,3.316,58.00,192.00,1,0,0
20252,3.316,58.10,193.00,1,0,0
20254,3.320,57.70,192.00,1,0,0
20257,3.316,57.70,192.00,1,0,0
20259,3.316,57.70,192.00,1,0,0
20262,3.316,58.00,193.00,1,0,0
20264,3.320,58.10,193.00,1,0,0
20267,3.316,58.00,192.00,1,0,0
20269,3.316,58.00,192.00,1,0,0
20271,3.316,57.70,192.00,1,0,0
20284,3.316,58.00,192.00,1,0,0
20287,3.320,57.70,192.00,1,0,0
20289,3.316,57.80,192.00,1,0,0
20292,3.320,57.70,192.00,1,0,0
20294,3.316,58.00,192.00,1,0,0
20296,3.320,58.00,192.00,1,0,0
20299,3.316,58.90,195.00,1,0,0
20301,3.316,58.00,193.00,1,0,0
20304,3.320,57.80,192.00,1,0,0
20306,3.316,57.80,192.00,1,0,0
20309,3.316,57.70,192.00,1,0,0
20311,3.316,58.00,192.00,1,0,0
20314,3.316,58.00,193.00,1,0,0
20316,3.320,58.00,192.00,1,0,0
20329,3.316,58.00,192.00,1,0,0
20331,3.316,58.00,192.00,1,0,0
20334,3.316,58.00,192.00,1,0,0
20336,3.316,57.80,192.00,1,0,0
20339,3.316,57.70,192.00,1,0,0
20341,3.316,57.80,192.00,1,0,0
20344,3.316,58.20,192.00,1,0,0
20346,3.316,58.10,193.00,1,0,0
20349,3.316,58.10,193.00,1,0,0
20351,3.316,57.80,192.00,1,0,0
20354,3.316,57.80,192.00,1,0,0
20356,3.316,57.70,192.00,1,0,0
20359,3.316,57.80,193.00,1,0,0
20361,3.316,58.10,193.00,1,0,0
20374,3.316,57.80,192.00,1,0,0
20376,3.316,58.10,193.00,1,0,0
20379,3.316,58.00,195.00,1,0,0
20381,3.320,58.10,193.00,1,0,0
20384,3.316,57.90,192.00,1,0,0
20386,3.316,57.80,192.00,1,0,0
20389,3.316,57.70,192.00,1,0,0
20391,3.316,57.80,192.00,1,0,0
20394,3.316,58.10,200.00,1,0,0
20396,3.296,58.00,192.00,1,0,0
20398,3.316,58.00,192.00,1,0,0
20401,3.320,57.70,192.00,1,0,0
20403,3.316,57.80,192.00,1,0,0
20406,3.316,57.80,192.00,1,0,0
20419,3.316,57.80,192.00,1,0,0
20421,3.316,57.70,192.00,1,0,0
20423,3.316,57.80,192.00,1,0,0
20426,3.320,58.00,192.00,1,0,0
20428,3.316,58.00,192.00,1,0,0
20431,3.320,58.00,193.00,1,0,0
20433,3.316,57.70,192.00,1,0,0
20436,3.316,57.70,192.00,1,0,0
20438,3.316,57.70,192.00,1,0,0
20441,3.316,58.10,193.00,1,0,0
20443,3.316,58.00,192.00,1,0,0
20446,3.300,58.10,192.00,1,0,0
20448,3.316,58.10,193.00,1,0,0
20451,3.316,57.80,192.00,1,0,0
20463,3.316,58.00,192.00,1,0,0
20466,3.316,57.70,192.00,1,0,0
20468,3.316,57.70,192.00,1,0,0
20471,3.320,57.80,192.00,1,0,0
20473,3.316,57.80,192.00,1,0,0
20476,3.316,58.00,192.00,1,0,0
20478,3.316,58.00,192.00,1,0,0
20481,3.316,58.10,193.00,1,0,0
20483,3.316,57.70,192.00,1,0,0
20486,3.316,57.90,192.00,1,0,0
20488,3.316,57.90,192.00,1,0,0
20491,3.316,58.10,193.00,1,0,0
20493,3.316,58.10,193.00,1,0,0
20495,3.300,58.00,192.00,1,0,0
20508,3.316,58.00,192.00,1,0,0
20511,3.316,58.00,192.00,1,0,0
20513,3.316,58.10,192.00,1,0,0
20516,3.316,57.70,192.00,1,0,0
20518,3.320,57.80,192.00,1,0,0
20520,3.316,57.70,192.00,1,0,0
20523,3.316,58.00,192.00,1,0,0
20525,3.316,58.10,193.00,1,0,0
20528,3.316,58.10,192.00,1,0,0
20530,3.316,57.80,192.00,1,0,0
20533,3.316,57.80,192.00,1,0,0
20535,3.316,57.80,192.00,1,0,0
20538,3.316,57.70,192.00,1,0,0
20540,3.316,58.00,192.00,1,0,0
20553,3.320,57.80,192.00,1,0,0
20555,3.316,58.00,192.00,1,0,0
20558,3.316,58.00,192.00,1,0,0
20560,3.316,58.10,193.00,1,0,0
20563,3.316,58.10,193.00,1,0,0
20565,3.316,57.70,192.00,1,0,0
20568,3.316,57.70,192.00,1,0,0
20570,3.316,57.80,192.00,1,0,0
20573,3.316,58.10,192.00,1,0,0
20575,3.316,58.10,193.00,1,0,0
20578,3.316,58.10,193.00,1,0,0
20580,3.316,58.30,192.00,1,0,0
20583,3.320,57.70,192.00,1,0,0
20585,3.316,57.70,192.00,1,0,0
20598,3.316,57.80,192.00,1,0,0
20600,3.316,57.80,192.00,1,0,0
20603,3.316,57.80,192.00,1,0,0
20605,3.316,58.10,193.00,1,0,0
20608,3.316,58.10,192.00,1,0,0
20610,3.316,58.10,193.00,1,0,0
20613,3.316,57.70,192.00,1,0,0
20615,3.316,57.70,192.00,1,0,0
20617,3.316,57.80,192.00,1,0,0
20620,3.316,57.90,192.00,1,0,0
20622,3.316,58.10,193.00,1,0,0
20625,3.316,58.10,192.00,1,0,0
20627,3.316,58.10,193.00,1,0,0
20630,3.320,57.70,192.00,1,0,0
20642,3.316,58.10,193.00,1,0,0
20645,3.320,91.80,192.00,1,0,0
20647,3.316,57.70,192.00,1,0,0
20650,3.320,57.70,192.00,1,0,0
20652,3.320,57.80,193.00,1,0,0
20655,3.316,58.00,193.00,1,0,0
20657,3.320,58.10,193.00,1,0,0
20660,3.316,58.90,193.00,1,0,0
20662,3.316,57.80,192.00,1,0,0
20665,3.316,57.80,192.00,1,0,0
20667,3.316,57.80,192.00,1,0,0
20670,3.316,58.00,192.00,1,0,0
20672,3.316,58.10,193.00,1,0,0
20675,3.316,58.10,193.00,1,0,0
20687,3.320,58.10,193.00,1,0,0
20690,3.316,58.10,193.00,1,0,0
20692,3.320,58.00,192.00,1,0,0
20695,3.316,92.00,305.00,1,0,0
20697,3.316,57.70,192.00,1,0,0
20700,3.316,57.70,192.00,1,0,0
20702,3.320,58.00,192.00,1,0,0
20705,3.316,58.00,193.00,1,0,0
20707,3.320,58.10,193.00,1,0,0
20710,3.316,58.10,193.00,1,0,0
20712,3.316,57.70,192.00,1,0,0
20714,3.316,57.70,192.00,1,0,0
20717,3.316,57.80,192.00,1,0,0
20719,3.316,58.80,192.00,1,0,0
20732,3.316,57.70,192.00,1,0,0
20735,3.316,57.80,193.00,1,0,0
20737,3.316,58.00,192.00,1,0,0
20739,3.316,58.80,195.00,1,0,0
20742,3.316,58.10,192.00,1,0,0
20744,3.316,91.50,303.00,1,0,0
20747,3.316,57.70,192.00,1,0,0
20749,3.316,57.70,192.00,1,0,0
20752,3.316,58.10,193.00,1,0,0
20754,3.316,58.10,193.00,1,0,0
20757,3.320,58.10,193.00,1,0,0
20759,3.320,57.90,192.00,1,0,0
20762,3.316,57.70,192.00,1,0,0
20764,3.316,57.80,192.00,1,0,0
20777,3.316,57.80,192.00,1,0,0
20779,3.316,57.80,192.00,1,0,0
20782,3.320,57.80,192.00,1,0,0
20784,3.316,58.10,193.00,1,0,0
20787,3.316,58.00,193.00,1,0,0
20789,3.320,58.00,193.00,1,0,0
20792,3.316,57.90,192.00,1,0,0
20794,3.316,57.80,293.00,1,0,0
20797,3.316,57.70,192.00,1,0,0
20799,3.316,57.80,192.00,1,0,0
20802,3.320,58.10,192.00,1,0,0
20804,3.316,58.00,192.00,1,0,0
20807,3.316,58.10,193.00,1,0,0
20809,3.316,57.70,192.00,1,0,0
20822,3.316,58.10,192.00,1,0,0
20824,3.316,58.10,192.00,1,0,0
20827,3.316,57.70,192.00,1,0,0
20829,3.320,57.70,192.00,1,0,0
20832,3.320,57.70,192.00,1,0,0
20834,3.320,58.00,192.00,1,0,0
20836,3.320,58.10,193.00,1,0,0
20839,3.316,58.10,195.00,1,0,0
20841,3.320,57.70,192.00,1,0,0
20844,3.320,57.70,192.00,1,0,0
20846,3.316,57.70,192.00,1,0,0
20849,3.320,58.00,192.00,1,0,0
20851,3.316,58.00,192.00,1,0,0
20854,3.316,58.10,193.00,1,0,0
20866,3.316,58.00,192.00,1,0,0
20869,3.316,58.00,192.00,1,0,0
20871,3.316,58.00,192.00,1,0,0
20874,3.316,57.80,192.00,1,0,0
20876,3.316,57.70,192.00,1,0,0
20879,3.316,57.80,192.00,1,0,0
20881,3.316,57.80,192.00,1,0,0
20884,3.316,58.00,193.00,1,0,0
20886,3.316,58.10,193.00,1,0,0
20889,3.316,58.10,193.00,1,0,0
20891,3.316,57.70,192.00,1,0,0
20894,3.316,57.70,192.00,1,0,0
20896,3.316,57.70,192.00,1,0,0
20899,3.316,58.00,195.00,1,0,0
20911,3.316,57.70,192.00,1,0,0
20914,3.316,58.00,193.00,1,0,0
20916,3.316,58.10,193.00,1,0,0
20919,3.316,58.10,195.00,1,0,0
20921,3.316,58.10,193.00,1,0,0
20924,3.320,57.70,192.00,1,0,0
20926,3.316,57.80,192.00,1,0,0
20929,3.320,57.70,192.00,1,0,0
20931,3.316,58.00,192.00,1,0,0
20934,3.320,58.10,193.00,1,0,0
20936,3.320,58.10,193.00,1,0,0
20938,3.320,57.80,192.00,1,0,0
20941,3.316,57.80,192.00,1,0,0
20943,3.316,57.80,190.00,1,0,0
20956,3.316,57.80,192.00,1,0,0
20959,3.316,57.80,192.00,1,0,0
20961,3.320,57.80,192.00,1,0,0
20963,3.316,58.10,193.00,1,0,0
20966,3.316,58.10,193.00,1,0,0
20968,3.316,58.00,192.00,1,0,0
20971,3.316,58.10,192.00,1,0,0
20973,3.316,57.80,192.00,1,0,0
20976,3.316,57.70,192.00,1,0,0
20978,3.320,57.70,192.00,1,0,0
20981,3.316,58.00,192.00,1,0,0
20983,3.316,58.10,193.00,1,0,0
20986,3.316,58.10,193.00,1,0,0
20988,3.316,57.90,192.00,1,0,0
21001,3.316,58.10,193.00,1,0,0
21003,3.316,58.00,192.00,1,0,0
21006,3.316,57.90,192.00,1,0,0
21008,3.316,57.70,192.00,1,0,0
21011,3.316,57.70,192.00,1,0,0
21013,3.316,58.10,193.00,1,0,0
21016,3.316,58.00,193.00,1,0,0
21018,3.316,58.10,193.00,1,0,0
21021,3.320,57.80,192.00,1,0,0
21023,3.316,57.70,192.00,1,0,0
21026,3.316,57.80,192.00,1,0,0
21028,3.320,58.00,193.00,1,0,0
21031,3.316,58.10,192.00,1,0,0
21033,3.316,58.00,193.00,1,0,0
21046,3.296,58.20,193.00,1,0,0
21048,3.316,58.00,192.00,1,0,0
21051,3.316,58.10,193.00,1,0,0
21053,3.320,58.00,192.00,1,0,0
21056,3.316,57.80,192.00,1,0,0
21058,3.316,57.80,192.00,1,0,0
21060,3.316,57.80,192.00,1,0,0
21063,3.316,58.10,193.00,1,0,0
21065,3.316,58.00,192.00,1,0,0
21068,3.316,58.10,193.00,1,0,0
21070,3.316,57.80,192.00,1,0,0
21073,3.316,57.80,192.00,1,0,0
21075,3.316,57.80,192.00,1,0,0
21078,3.316,58.00,192.00,1,0,0
21090,3.320,57.80,192.00,1,0,0
21093,3.316,57.70,192.00,1,0,0
21095,3.296,58.10,193.00,1,0,0
21098,3.316,58.00,192.00,1,0,0
21100,3.316,58.00,192.00,1,0,0
21103,3.316,57.70,192.00,1,0,0
21105,3.316,57.70,192.00,1,0,0
21108,3.316,57.80,192.00,1,0,0
21110,3.316,58.00,192.00,1,0,0
21113,3.316,58.10,193.00,1,0,0
21115,3.316,58.10,193.00,1,0,0
21118,3.316,58.00,192.00,1,0,0
21120,3.316,57.70,192.00,1,0,0
21123,3.316,57.80,192.00,1,0,0
21135,3.320,57.70,192.00,1,0,0
21138,3.316,57.70,192.00,1,0,0
21140,3.316,57.70,192.00,1,0,0
21143,3.316,57.70,193.00,1,0,0
21145,3.320,58.00,192.00,1,0,0
21148,3.316,58.10,193.00,1,0,0
21150,3.320,58.10,192.00,1,0,0
21153,3.316,57.80,192.00,1,0,0
21155,3.316,57.80,192.00,1,0,0
21157,3.316,57.80,192.00,1,0,0
21160,3.320,58.10,193.00,1,0,0
21162,3.320,58.10,193.00,1,0,0
21165,3.320,58.10,192.00,1,0,0
21167,3.316,57.70,192.00,1,0,0
21180,3.316,58.10,193.00,1,0,0
21182,3.316,58.00,192.00,1,0,0
21185,3.316,57.70,192.00,1,0,0
21187,3.316,57.70,192.00,1,0,0
21190,3.316,57.80,192.00,1,0,0
21192,3.320,58.20,193.00,1,0,0
21195,3.316,61.70,193.00,1,0,0
21197,3.316,58.00,192.00,1,0,0
21200,3.316,58.60,195.00,1,0,0
21202,3.316,57.80,192.00,1,0,0
21205,3.316,57.80,192.00,1,0,0
21207,3.316,57.70,192.00,1,0,0
21210,3.316,58.10,192.00,1,0,0
21212,3.316,58.10,193.00,1,0,0
21225,3.316,58.00,192.00,1,0,0
21227,3.316,58.10,193.00,1,0,0
21230,3.316,58.00,192.00,1,0,0
21232,3.316,57.70,192.00,1,0,0
21235,3.316,57.80,192.00,1,0,0
21237,3.316,57.80,192.00,1,0,0
21240,3.316,57.80,192.00,1,0,0
21242,3.316,58.00,192.00,1,0,0
21245,3.316,64.30,213.00,1,0,0
21247,3.316,58.00,192.00,1,0,0
21250,3.316,57.70,192.00,1,0,0
21252,3.316,57.70,192.00,1,0,0
21254,3.316,57.70,192.00,1,0,0
21257,3.316,58.00,192.00,1,0,0
21270,3.316,57.70,192.00,1,0,0
21272,3.316,57.70,192.00,1,0,0
21275,3.316,58.10,192.00,1,0,0
21277,3.316,58.00,192.00,1,0,0
21279,3.316,58.80,195.00,1,0,0
21282,3.316,57.80,192.00,1,0,0
21284,3.316,57.80,192.00,1,0,0
21287,3.316,57.70,192.00,1,0,0
21289,3.316,57.90,193.00,1,0,0
21292,3.316,58.00,192.00,1,0,0
21294,3.316,64.60,213.00,1,0,0
21297,3.316,58.00,192.00,1,0,0
21299,3.316,57.70,192.00,1,0,0
21302,3.316,57.70,192.00,1,0,0
21314,3.316,57.70,192.00,1,0,0
21317,3.316,57.80,192.00,1,0,0
21319,3.316,57.80,192.00,1,0,0
21322,3.316,58.00,193.00,1,0,0
21324,3.316,58.10,193.00,1,0,0
21327,3.316,58.00,192.00,1,0,0
21329,3.316,58.00,192.00,1,0,0
21332,3.316,57.70,192.00,1,0,0
21334,3.316,57.80,192.00,1,0,0
21337,3.320,57.90,192.00,1,0,0
21339,3.316,58.80,195.00,1,0,0
21342,3.316,58.00,193.00,1,0,0
21344,3.316,71.00,234.00,1,0,0
21347,3.316,57.80,192.00,1,0,0
21359,3.316,60.80,202.00,1,0,0
21362,3.316,58.10,193.00,1,0,0
21364,3.316,57.80,192.00,1,0,0
21367,3.316,57.70,192.00,1,0,0
21369,3.316,57.80,192.00,1,0,0
21372,3.316,58.10,193.00,1,0,0
21374,3.316,58.10,193.00,1,0,0
21376,3.316,58.00,192.00,1,0,0
21379,3.316,58.10,192.00,1,0,0
21381,3.316,57.70,192.00,1,0,0
21384,3.316,57.70,192.00,1,0,0
21386,3.316,57.70,193.00,1,0,0
21389,3.320,58.10,193.00,1,0,0
21391,3.316,58.10,193.00,1,0,0
21404,3.316,58.10,193.00,1,0,0
21406,3.316,58.10,193.00,1,0,0
21409,3.316,58.00,192.00,1,0,0
21411,3.316,58.00,192.00,1,0,0
21414,3.316,57.80,192.00,1,0,0
21416,3.316,57.80,192.00,1,0,0
21419,3.316,57.80,192.00,1,0,0
21421,3.316,58.00,192.00,1,0,0
21424,3.316,58.00,192.00,1,0,0
21426,3.316,58.00,192.00,1,0,0
21429,3.316,57.80,192.00,1,0,0
21431,3.316,57.60,192.00,1,0,0
21434,3.316,57.70,192.00,1,0,0
21436,3.316,57.90,192.00,1,0,0
21449,3.316,57.70,192.00,1,0,0
21451,3.316,57.70,192.00,1,0,0
21454,3.316,58.10,193.00,1,0,0
21456,3.316,58.10,193.00,1,0,0
21459,3.316,58.10,193.00,1,0,0
21461,3.316,58.00,192.00,1,0,0
21464,3.316,57.70,192.00,1,0,0
21466,3.316,57.70,192.00,1,0,0
21469,3.316,57.80,192.00,1,0,0
21471,3.316,58.00,192.00,1,0,0
21473,3.316,58.10,193.00,1,0,0
21476,3.316,58.10,193.00,1,0,0
21478,3.316,57.70,192.00,1,0,0
21481,3.316,57.70,192.00,1,0,0
21494,3.316,57.80,192.00,1,0,0
21496,3.316,57.80,192.00,1,0,0
21499,3.316,57.80,192.00,1,0,0
21501,3.316,57.70,192.00,1,0,0
21503,3.316,58.10,193.00,1,0,0
21506,3.320,58.10,193.00,1,0,0
21508,3.316,58.00,192.00,1,0,0
21511,3.316,57.80,192.00,1,0,0
21513,3.316,57.70,192.00,1,0,0
21516,3.316,57.70,192.00,1,0,0
21518,3.316,58.00,192.00,1,0,0
21521,3.316,58.10,193.00,1,0,0
21523,3.316,58.10,193.00,1,0,0
21526,3.316,58.10,193.00,1,0,0
21538,3.316,58.10,193.00,1,0,0
21541,3.316,58.10,192.00,1,0,0
21543,3.316,57.70,192.00,1,0,0
21546,3.316,57.70,192.00,1,0,0
21548,3.316,57.70,192.00,1,0,0
21551,3.316,58.10,193.00,1,0,0
21553,3.316,58.10,193.00,1,0,0
21556,3.316,58.00,193.00,1,0,0
21558,3.320,57.90,192.00,1,0,0
21561,3.316,57.80,192.00,1,0,0
21563,3.316,57.70,192.00,1,0,0
21566,3.316,57.80,192.00,1,0,0
21568,3.316,58.10,193.00,1,0,0
21570,3.316,58.10,193.00,1,0,0
21583,3.316,58.00,192.00,1,0,0
21586,3.316,58.10,193.00,1,0,0
21588,3.316,58.10,193.00,1,0,0
21591,3.316,58.00,192.00,1,0,0
21593,3.316,57.80,192.00,1,0,0
21595,3.312,57.70,192.00,1,0,0
21598,3.316,57.70,192.00,1,0,0
21600,3.316,58.10,192.00,1,0,0
21603,3.316,58.00,192.00,1,0,0
21605,3.316,58.00,193.00,1,0,0
21608,3.316,57.90,192.00,1,0,0
21610,3.316,57.70,192.00,1,0,0
21613,3.316,57.70,192.00,1,0,0
21615,3.316,57.70,192.00,1,0,0
21628,3.316,57.70,192.00,1,0,0
21630,3.316,57.70,192.00,1,0,0
21633,3.316,58.00,192.00,1,0,0
21635,3.316,58.00,192.00,1,0,0
21638,3.316,58.00,192.00,1,0,0
21640,3.316,57.80,192.00,1,0,0
21643,3.316,57.70,192.00,1,0,0
21645,3.312,86.50,192.00,1,0,0
21648,3.316,57.80,192.00,1,0,0
21650,3.316,58.00,192.00,1,0,0
21653,3.316,58.00,192.00,1,0,0
21655,3.316,58.00,192.00,1,0,0
21658,3.316,57.80,192.00,1,0,0
21660,3.316,57.70,192.00,1,0,0
21673,3.316,58.10,193.00,1,0,0
21675,3.316,57.90,192.00,1,0,0
21678,3.316,57.70,192.00,1,0,0
21680,3.316,57.80,192.00,1,0,0
21683,3.316,58.00,192.00,1,0,0
21685,3.316,58.00,192.00,1,0,0
21688,3.316,58.00,192.00,1,0,0
21690,3.316,57.80,192.00,1,0,0
21692,3.316,57.80,192.00,1,0,0
21695,3.312,86.40,287.00,1,0,0
21697,3.316,57.80,192.00,1,0,0
21700,3.316,58.00,192.00,1,0,0
21702,3.320,58.00,192.00,1,0,0
21705,3.316,58.00,192.00,1,0,0
21718,3.316,58.10,193.00,1,0,0
21720,3.316,58.70,192.00,1,0,0
21722,3.316,57.70,192.00,1,0,0
21725,3.316,57.70,192.00,1,0,0
21727,3.316,57.80,192.00,1,0,0
21730,3.316,58.00,192.00,1,0,0
21732,3.316,58.00,193.00,1,0,0
21735,3.316,58.00,192.00,1,0,0
21737,3.316,58.00,192.00,1,0,0
21740,3.316,57.70,192.00,1,0,0
21742,3.316,57.70,192.00,1,0,0
21745,3.316,70.70,234.00,1,0,0
21747,3.316,58.00,192.00,1,0,0
21750,3.316,58.10,192.00,1,0,0
21762,3.316,57.80,193.00,1,0,0
21765,3.316,58.10,192.00,1,0,0
21767,3.316,58.00,192.00,1,0,0
21770,3.316,58.00,192.00,1,0,0
21772,3.316,57.80,192.00,1,0,0
21775,3.316,57.80,192.00,1,0,0
21777,3.316,57.80,192.00,1,0,0
21780,3.316,58.40,192.00,1,0,0
21782,3.316,58.00,192.00,1,0,0
21785,3.316,58.00,192.00,1,0,0
21787,3.316,58.00,192.00,1,0,0
21789,3.316,57.70,192.00,1,0,0
21792,3.316,57.70,192.00,1,0,0
21794,3.316,57.70,197.00,1,0,0
21807,3.316,57.70,192.00,1,0,0
21810,3.316,57.70,192.00,1,0,0
21812,3.316,58.00,192.00,1,0,0
21815,3.320,58.10,192.00,1,0,0
21817,3.316,58.00,193.00,1,0,0
21819,3.316,58.70,195.00,1,0,0
21822,3.316,57.80,192.00,1,0,0
21824,3.316,57.70,192.00,1,0,0
21827,3.316,57.80,192.00,1,0,0
21829,3.316,58.00,192.00,1,0,0
21832,3.320,58.00,193.00,1,0,0
21839,3.316,57.80,192.00,1,0,0
21842,3.316,57.80,192.00,1,0,0
21844,3.316,57.90,190.00,1,0,0
21847,3.316,58.00,192.00,1,0,0
21849,3.316,58.10,193.00,1,0,0
21852,3.316,58.00,192.00,1,0,0
21854,3.316,57.80,192.00,1,0,0
21856,3.316,57.80,192.00,1,0,0
21859,3.316,57.70,192.00,1,0,0
21861,3.316,58.00,192.00,1,0,0
21874,3.316,57.80,192.00,1,0,0
21877,3.316,57.80,192.00,1,0,0
21879,3.316,58.70,195.00,1,0,0
21882,3.316,58.10,193.00,1,0,0
21884,3.316,58.00,193.00,1,0,0
21886,3.316,57.80,192.00,1,0,0
21889,3.316,57.80,192.00,1,0,0
21891,3.320,57.80,192.00,1,0,0
21894,3.316,58.10,192.00,1,0,0
21896,3.316,58.00,192.00,1,0,0
21899,3.316,58.10,195.00,1,0,0
21901,3.316,57.80,192.00,1,0,0
21904,3.320,57.80,192.00,1,0,0
21906,3.316,57.80,192.00,1,0,0
21919,3.316,57.80,192.00,1,0,0
21921,3.316,57.70,192.00,1,0,0
21924,3.316,57.80,192.00,1,0,0
21926,3.316,58.00,192.00,1,0,0
21929,3.316,58.10,193.00,1,0,0
21931,3.316,58.10,193.00,1,0,0
21934,3.316,58.00,192.00,1,0,0
21936,3.316,57.80,192.00,1,0,0
21939,3.316,57.70,192.00,1,0,0
21941,3.320,57.70,192.00,1,0,0
21944,3.316,58.00,195.00,1,0,0
21946,3.296,58.10,193.00,1,0,0
21949,3.316,58.10,193.00,1,0,0
21951,3.320,57.80,192.00,1,0,0
21964,3.316,58.00,192.00,1,0,0
21966,3.316,57.90,192.00,1,0,0
21969,3.316,57.70,192.00,1,0,0
21971,3.316,57.70,192.00,1,0,0
21974,3.316,57.80,192.00,1,0,0
21976,3.316,58.10,193.00,1,0,0
21979,3.316,58.00,192.00,1,0,0
21981,3.316,58.10,193.00,1,0,0
21983,3.316,57.70,192.00,1,0,0
21986,3.316,57.80,192.00,1,0,0
21988,3.316,57.70,192.00,1,0,0
21991,3.316,58.10,193.00,1,0,0
21993,3.316,58.10,193.00,1,0,0
21996,3.300,58.10,192.00,1,0,0
22008,3.316,58.10,193.00,1,0,0
22011,3.316,58.10,193.00,1,0,0
22013,3.316,58.00,192.00,1,0,0
22016,3.312,57.90,192.00,1,0,0
22018,3.316,57.80,192.00,1,0,0
22021,3.316,57.80,192.00,1,0,0
22023,3.316,57.80,193.00,1,0,0
22026,3.316,58.10,193.00,1,0,0
22028,3.316,58.10,193.00,1,0,0
22031,3.316,58.10,193.00,1,0,0
22033,3.316,57.80,192.00,1,0,0
22036,3.316,57.80,192.00,1,0,0
22038,3.316,57.90,192.00,1,0,0
22041,3.316,58.30,193.00,1,0,0
22053,3.316,57.70,192.00,1,0,0
22056,3.316,57.80,192.00,1,0,0
22058,3.316,58.00,192.00,1,0,0
22061,3.316,58.80,193.00,1,0,0
22063,3.316,58.00,192.00,1,0,0
22066,3.316,57.70,192.00,1,0,0
22068,3.316,57.70,192.00,1,0,0
22071,3.320,57.70,192.00,1,0,0
22073,3.316,58.00,192.00,1,0,0
22076,3.320,58.00,192.00,1,0,0
22078,3.316,58.00,192.00,1,0,0
22080,3.316,58.70,195.00,1,0,0
22083,3.312,57.70,192.00,1,0,0
22085,3.316,57.70,192.00,1,0,0
22098,3.316,57.80,192.00,1,0,0
22101,3.316,57.80,192.00,1,0,0
22103,3.316,57.80,192.00,1,0,0
22105,3.316,57.80,193.00,1,0,0
22108,3.316,58.10,193.00,1,0,0
22110,3.316,58.00,192.00,1,0,0
22113,3.316,58.10,192.00,1,0,0
22115,3.316,57.80,192.00,1,0,0
22118,3.316,57.80,192.00,1,0,0
22120,3.316,57.70,192.00,1,0,0
22123,3.316,58.10,193.00,1,0,0
22125,3.316,58.10,193.00,1,0,0
22128,3.316,58.10,193.00,1,0,0
22130,3.316,57.70,192.00,1,0,0
22143,3.316,58.10,193.00,1,0,0
22145,3.316,58.10,193.00,1,0,0
22148,3.316,57.70,192.00,1,0,0
22150,3.316,57.80,192.00,1,0,0
22153,3.316,57.80,192.00,1,0,0
22155,3.316,58.10,193.00,1,0,0
22158,3.316,58.20,193.00,1,0,0
22160,3.316,58.80,195.00,1,0,0
22163,3.316,57.80,192.00,1,0,0
22165,3.316,57.80,192.00,1,0,0
22168,3.316,57.80,192.00,1,0,0
22170,3.316,57.70,192.00,1,0,0
22173,3.316,58.10,193.00,1,0,0
22175,3.316,58.10,193.00,1,0,0
22188,3.316,58.00,192.00,1,0,0
22190,3.316,58.10,193.00,1,0,0
22193,3.316,58.00,192.00,1,0,0
22195,3.316,91.10,192.00,1,0,0
22198,3.316,57.70,192.00,1,0,0
22200,3.316,57.80,192.00,1,0,0
22202,3.316,57.70,192.00,1,0,0
22205,3.316,58.10,193.00,1,0,0
22207,3.316,58.10,193.00,1,0,0
22210,3.316,58.00,192.00,1,0,0
22212,3.316,57.80,192.00,1,0,0
22215,3.316,57.80,192.00,1,0,0
22217,3.316,57.70,192.00,1,0,0
22220,3.316,58.80,195.00,1,0,0
22232,3.316,57.70,192.00,1,0,0
22235,3.316,57.60,192.00,1,0,0
22237,3.320,58.00,192.00,1,0,0
22240,3.316,58.10,195.00,1,0,0
22242,3.316,58.00,193.00,1,0,0
22245,3.316,92.50,306.00,1,0,0
22247,3.316,57.80,192.00,1,0,0
22250,3.316,57.70,192.00,1,0,0
22252,3.316,57.90,192.00,1,0,0
22255,3.316,58.10,193.00,1,0,0
22257,3.316,58.10,193.00,1,0,0
22260,3.316,58.10,193.00,1,0,0
22262,3.316,57.70,192.00,1,0,0
22265,3.316,57.70,192.00,1,0,0
22277,3.316,57.70,192.00,1,0,0
22280,3.320,57.70,192.00,1,0,0
22282,3.316,57.80,192.00,1,0,0
22285,3.316,58.00,192.00,1,0,0
22287,3.316,58.00,192.00,1,0,0
22290,3.316,58.10,193.00,1,0,0
22292,3.316,58.10,192.00,1,0,0
22295,3.316,92.30,306.00,1,0,0
22297,3.316,57.70,192.00,1,0,0
22299,3.316,57.80,192.00,1,0,0
22302,3.316,58.00,192.00,1,0,0
22304,3.316,58.00,192.00,1,0,0
22307,3.316,58.00,193.00,1,0,0
22309,3.316,57.80,192.00,1,0,0
22322,3.316,58.10,193.00,1,0,0
22325,3.316,58.10,193.00,1,0,0
22327,3.316,57.70,192.00,1,0,0
22329,3.316,57.70,192.00,1,0,0
22332,3.316,57.80,192.00,1,0,0
22334,3.316,58.10,192.00,1,0,0
22337,3.316,58.00,193.00,1,0,0
22339,3.320,58.10,193.00,1,0,0
22342,3.316,58.10,193.00,1,0,0
22344,3.316,57.70,298.00,1,0,0
22347,3.316,57.70,192.00,1,0,0
22349,3.316,57.70,192.00,1,0,0
22352,3.316,58.10,192.00,1,0,0
22354,3.316,58.00,192.00,1,0,0
22367,3.320,58.20,193.00,1,0,0
22369,3.316,58.00,192.00,1,0,0
22372,3.316,58.10,193.00,1,0,0
22374,3.316,58.00,192.00,1,0,0
22377,3.316,57.70,192.00,1,0,0
22379,3.316,57.70,192.00,1,0,0
22382,3.316,57.70,192.00,1,0,0
22384,3.316,58.00,192.00,1,0,0
22387,3.320,58.00,193.00,1,0,0
22389,3.320,58.10,193.00,1,0,0
22392,3.316,57.80,192.00,1,0,0
22394,3.316,57.80,192.00,1,0,0
22396,3.316,57.70,192.00,1,0,0
22399,3.316,57.90,192.00,1,0,0
22412,3.316,57.80,192.00,1,0,0
22414,3.316,57.70,192.00,1,0,0
22417,3.316,58.10,193.00,1,0,0
22419,3.316,58.00,193.00,1,0,0
22422,3.316,58.00,192.00,1,0,0
22424,3.316,57.90,192.00,1,0,0
22426,3.316,57.80,192.00,1,0,0
22429,3.316,57.70,192.00,1,0,0
22431,3.316,57.70,193.00,1,0,0
22434,3.316,58.00,192.00,1,0,0
22436,3.316,58.00,192.00,1,0,0
22439,3.316,58.10,192.00,1,0,0
22441,3.316,57.70,192.00,1,0,0
22444,3.320,57.80,192.00,1,0,0
22456,3.316,57.80,192.00,1,0,0
22459,3.316,57.80,192.00,1,0,0
22461,3.316,57.80,192.00,1,0,0
22464,3.316,57.80,192.00,1,0,0
22466,3.316,58.10,193.00,1,0,0
22469,3.320,58.00,193.00,1,0,0
22471,3.316,58.10,193.00,1,0,0
22474,3.316,57.70,192.00,1,0,0
22476,3.316,57.80,192.00,1,0,0
22479,3.316,57.80,192.00,1,0,0
22481,3.316,58.00,192.00,1,0,0
22484,3.316,58.00,193.00,1,0,0
22486,3.316,58.00,192.00,1,0,0
22489,3.316,58.00,192.00,1,0,0
22501,3.316,58.10,193.00,1,0,0
22504,3.316,58.10,193.00,1,0,0
22506,3.316,57.80,192.00,1,0,0
22509,3.316,57.70,192.00,1,0,0
22511,3.316,57.80,192.00,1,0,0
22514,3.316,57.80,193.00,1,0,0
22516,3.316,58.00,192.00,1,0,0
22518,3.316,58.10,193.00,1,0,0
22521,3.320,58.80,192.00,1,0,0
22523,3.316,57.80,192.00,1,0,0
22526,3.320,57.70,192.00,1,0,0
22528,3.316,57.80,192.00,1,0,0
22531,3.316,58.00,192.00,1,0,0
22533,3.316,58.10,193.00,1,0,0
22546,3.304,58.00,192.00,1,0,0
22548,3.316,58.00,192.00,1,0,0
22551,3.316,58.10,193.00,1,0,0
22553,3.316,58.10,193.00,1,0,0
22556,3.316,57.80,192.00,1,0,0
22558,3.316,57.80,192.00,1,0,0
22561,3.316,57.70,192.00,1,0,0
22563,3.316,58.10,193.00,1,0,0
22566,3.316,58.00,193.00,1,0,0
22568,3.316,58.10,193.00,1,0,0
22571,3.316,57.90,192.00,1,0,0
22573,3.320,57.80,192.00,1,0,0
22576,3.316,57.70,192.00,1,0,0
22578,3.316,57.70,192.00,1,0,0
22591,3.316,57.80,192.00,1,0,0
22593,3.316,57.80,190.00,1,0,0
22596,3.296,58.00,192.00,1,0,0
22598,3.316,58.10,193.00,1,0,0
22601,3.316,58.90,192.00,1,0,0
22603,3.316,57.80,192.00,1,0,0
22606,3.316,57.70,192.00,1,0,0
22608,3.316,57.80,192.00,1,0,0
22611,3.316,57.80,192.00,1,0,0
22613,3.316,58.00,192.00,1,0,0
22615,3.316,58.00,192.00,1,0,0
22618,3.316,58.00,192.00,1,0,0
22620,3.316,57.80,192.00,1,0,0
22623,3.316,57.80,192.00,1,0,0
22636,3.316,58.10,193.00,1,0,0
22638,3.316,57.70,192.00,1,0,0
22641,3.316,57.70,192.00,1,0,0
22643,3.316,57.70,192.00,1,0,0
22645,3.296,58.00,192.00,1,0,0
22648,3.316,57.90,192.00,1,0,0
22650,3.316,58.10,193.00,1,0,0
22653,3.316,57.70,192.00,1,0,0
22655,3.316,57.70,192.00,1,0,0
22658,3.316,57.70,192.00,1,0,0
22660,3.316,57.80,192.00,1,0,0
22663,3.316,58.10,193.00,1,0,0
22665,3.316,58.00,192.00,1,0,0
22668,3.316,58.00,192.00,1,0,0
22680,3.320,58.70,195.00,1,0,0
22683,3.316,58.00,192.00,1,0,0
22685,3.316,57.80,192.00,1,0,0
22688,3.316,57.80,192.00,1,0,0
22690,3.316,57.80,192.00,1,0,0
22693,3.316,58.00,192.00,1,0,0
22695,3.296,58.10,193.00,1,0,0
22698,3.316,58.10,193.00,1,0,0
22700,3.316,58.90,195.00,1,0,0
22703,3.316,57.70,192.00,1,0,0
22705,3.316,57.80,192.00,1,0,0
22708,3.316,57.80,192.00,1,0,0
22710,3.320,58.00,192.00,1,0,0
22713,3.316,58.10,193.00,1,0,0
22725,3.316,57.80,192.00,1,0,0
22728,3.316,58.00,193.00,1,0,0
22730,3.316,58.10,193.00,1,0,0
22733,3.316,58.00,192.00,1,0,0
22735,3.316,57.80,192.00,1,0,0
22738,3.316,57.70,192.00,1,0,0
22740,3.316,57.80,192.00,1,0,0
22742,3.316,58.00,192.00,1,0,0
22745,3.316,58.00,192.00,1,0,0
22747,3.316,58.00,192.00,1,0,0
22750,3.316,58.10,192.00,1,0,0
22752,3.316,57.70,192.00,1,0,0
22755,3.316,57.80,192.00,1,0,0
22757,3.316,57.70,192.00,1,0,0
22770,3.316,57.70,192.00,1,0,0
22772,3.316,57.70,192.00,1,0,0
22775,3.316,58.00,192.00,1,0,0
22777,3.316,58.10,193.00,1,0,0
22780,3.316,58.10,195.00,1,0,0
22782,3.316,58.00,192.00,1,0,0
22785,3.316,57.70,192.00,1,0,0
22787,3.316,57.80,192.00,1,0,0
22790,3.316,57.70,192.00,1,0,0
22792,3.316,58.00,192.00,1,0,0
22795,3.316,63.70,193.00,1,0,0
22797,3.316,58.00,192.00,1,0,0
22800,3.316,57.70,192.00,1,0,0
22802,3.316,57.70,192.00,1,0,0
22815,3.316,58.00,192.00,1,0,0
22817,3.316,57.70,192.00,1,0,0
22820,3.316,57.80,192.00,1,0,0
22822,3.316,57.70,192.00,1,0,0
22825,3.316,58.10,193.00,1,0,0
22827,3.320,58.10,193.00,1,0,0
22830,3.316,58.00,192.00,1,0,0
22832,3.316,57.90,192.00,1,0,0
22835,3.316,57.70,192.00,1,0,0
22837,3.316,57.70,192.00,1,0,0
22839,3.316,57.70,195.00,1,0,0
22842,3.316,58.10,193.00,1,0,0
22844,3.316,64.50,213.00,1,0,0
22847,3.316,58.00,192.00,1,0,0
22860,3.316,58.10,195.00,1,0,0
22862,3.316,58.10,193.00,1,0,0
22864,3.320,57.70,192.00,1,0,0
22867,3.316,57.70,192.00,1,0,0
22869,3.316,57.80,192.00,1,0,0
22872,3.316,57.80,192.00,1,0,0
22874,3.316,58.00,192.00,1,0,0
22877,3.316,58.10,192.00,1,0,0
22879,3.316,58.00,192.00,1,0,0
22882,3.316,57.80,192.00,1,0,0
22884,3.316,57.70,192.00,1,0,0
22887,3.316,57.80,192.00,1,0,0
22889,3.316,58.10,193.00,1,0,0
22892,3.316,58.10,192.00,1,0,0
22904,3.316,57.70,192.00,1,0,0
22907,3.316,58.00,192.00,1,0,0
22909,3.316,58.00,192.00,1,0,0
22912,3.316,58.00,192.00,1,0,0
22914,3.316,57.70,192.00,1,0,0
22917,3.316,57.70,192.00,1,0,0
22919,3.316,57.70,192.00,1,0,0
22922,3.320,57.70,193.00,1,0,0
22924,3.320,58.10,193.00,1,0,0
22927,3.316,58.00,192.00,1,0,0
22929,3.316,58.00,192.00,1,0,0
22932,3.316,57.70,192.00,1,0,0
22934,3.316,57.70,192.00,1,0,0
22936,3.316,57.70,192.00,1,0,0
22949,3.316,57.70,192.00,1,0,0
22952,3.316,57.80,192.00,1,0,0
22954,3.316,58.00,192.00,1,0,0
22957,3.316,58.10,192.00,1,0,0
22959,3.316,58.00,192.00,1,0,0
22961,3.320,58.00,192.00,1,0,0
22964,3.316,57.80,192.00,1,0,0
22966,3.316,57.70,192.00,1,0,0
22969,3.320,57.70,192.00,1,0,0
22971,3.316,58.10,193.00,1,0,0
22974,3.316,58.10,193.00,1,0,0
22976,3.316,58.00,192.00,1,0,0
22979,3.316,57.90,192.00,1,0,0
22981,3.316,57.80,192.00,1,0,0
22994,3.316,58.10,305.00,1,0,0
22996,3.316,57.70,192.00,1,0,0
22999,3.316,57.70,192.00,1,0,0
23001,3.316,57.70,192.00,1,0,0
23004,3.316,58.10,193.00,1,0,0
23006,3.316,58.10,193.00,1,0,0
23009,3.316,58.00,193.00,1,0,0
23011,3.316,57.70,192.00,1,0,0
23014,3.316,57.80,192.00,1,0,0
23016,3.316,57.70,192.00,1,0,0
23019,3.316,57.90,192.00,1,0,0
23021,3.316,58.00,192.00,1,0,0
23024,3.316,58.10,193.00,1,0,0
23026,3.316,58.10,192.00,1,0,0
23039,3.316,58.10,193.00,1,0,0
23041,3.316,58.10,193.00,1,0,0
23044,3.316,58.10,193.00,1,0,0
23046,3.316,57.80,192.00,1,0,0
23049,3.316,57.70,192.00,1,0,0
23051,3.316,57.80,192.00,1,0,0
23054,3.316,58.10,193.00,1,0,0
23056,3.316,58.10,193.00,1,0,0
23058,3.316,58.10,193.00,1,0,0
23061,3.316,57.90,192.00,1,0,0
23063,3.316,57.80,192.00,1,0,0
23066,3.316,57.80,192.00,1,0,0
23068,3.316,57.90,193.00,1,0,0
23071,3.316,58.10,193.00,1,0,0
23084,3.316,57.80,192.00,1,0,0
23086,3.316,58.10,193.00,1,0,0
23088,3.316,58.20,193.00,1,0,0
23091,3.316,58.20,193.00,1,0,0
23093,3.316,57.80,192.00,1,0,0
23096,3.316,57.70,192.00,1,0,0
23098,3.316,57.70,192.00,1,0,0
23101,3.316,58.00,192.00,1,0,0
23103,3.316,58.10,193.00,1,0,0
23106,3.316,58.10,193.00,1,0,0
23108,3.316,58.10,193.00,1,0,0
23111,3.316,57.70,192.00,1,0,0
23113,3.316,57.70,192.00,1,0,0
23116,3.320,57.70,192.00,1,0,0
23128,3.316,57.70,192.00,1,0,0
23131,3.316,57.70,192.00,1,0,0
23133,3.316,57.80,192.00,1,0,0
23136,3.316,58.10,193.00,1,0,0
23138,3.316,58.10,193.00,1,0,0
23141,3.316,58.80,195.00,1,0,0
23143,3.316,57.70,192.00,1,0,0
23146,3.316,57.70,192.00,1,0,0
23148,3.316,57.70,192.00,1,0,0
23151,3.316,58.00,192.00,1,0,0
23153,3.316,58.10,193.00,1,0,0
23155,3.316,58.10,193.00,1,0,0
23158,3.316,58.00,192.00,1,0,0
23160,3.316,57.80,192.00,1,0,0
23173,3.316,58.00,192.00,1,0,0
23176,3.316,57.80,192.00,1,0,0
23178,3.316,57.70,192.00,1,0,0
23181,3.316,57.70,192.00,1,0,0
23183,3.316,58.00,192.00,1,0,0
23185,3.316,58.10,193.00,1,0,0
23188,3.316,58.00,193.00,1,0,0
23190,3.316,58.00,192.00,1,0,0
23193,3.316,57.70,192.00,1,0,0
23195,3.312,86.60,192.00,1,0,0
23198,3.316,57.80,192.00,1,0,0
23200,3.316,58.80,195.00,1,0,0
23203,3.316,58.00,193.00,1,0,0
23205,3.316,58.00,192.00,1,0,0
23218,3.316,58.10,193.00,1,0,0
23220,3.316,58.70,195.00,1,0,0
23223,3.316,58.00,192.00,1,0,0
23225,3.316,57.80,192.00,1,0,0
23228,3.316,57.80,192.00,1,0,0
23230,3.316,57.70,192.00,1,0,0
23233,3.316,58.10,192.00,1,0,0
23235,3.316,58.00,192.00,1,0,0
23238,3.316,58.00,192.00,1,0,0
23240,3.316,58.00,192.00,1,0,0
23243,3.316,57.70,192.00,1,0,0
23245,3.312,85.60,283.00,1,0,0
23248,3.316,57.70,192.00,1,0,0
23250,3.316,58.00,192.00,1,0,0
23263,3.316,57.80,192.00,1,0,0
23265,3.316,58.10,193.00,1,0,0
23268,3.320,58.10,193.00,1,0,0
23270,3.316,58.10,193.00,1,0,0
23273,3.316,57.80,192.00,1,0,0
23275,3.316,57.80,192.00,1,0,0
23277,3.316,57.80,192.00,1,0,0
23280,3.316,57.80,192.00,1,0,0
23282,3.316,58.00,192.00,1,0,0
23285,3.316,58.00,192.00,1,0,0
23287,3.316,58.00,192.00,1,0,0
23290,3.316,57.70,192.00,1,0,0
23292,3.316,57.80,192.00,1,0,0
23295,3.316,79.70,264.00,1,0,0
23307,3.320,57.80,192.00,1,0,0
23310,3.316,57.80,192.00,1,0,0
23312,3.316,57.80,192.00,1,0,0
23315,3.316,58.00,192.00,1,0,0
23317,3.316,58.00,192.00,1,0,0
23320,3.316,58.10,195.00,1,0,0
23322,3.316,57.80,192.00,1,0,0
23325,3.316,57.80,192.00,1,0,0
23327,3.320,57.80,192.00,1,0,0
23330,3.316,58.00,192.00,1,0,0
23332,3.316,58.10,193.00,1,0,0
23335,3.316,58.10,193.00,1,0,0
23337,3.316,58.00,192.00,1,0,0
23340,3.316,57.80,192.00,1,0,0
23352,3.316,58.20,193.00,1,0,0
23355,3.316,57.80,192.00,1,0,0
23357,3.316,57.80,192.00,1,0,0
23360,3.316,57.70,192.00,1,0,0
23362,3.316,58.00,192.00,1,0,0
23365,3.316,58.10,192.00,1,0,0
23367,3.316,58.10,193.00,1,0,0
23370,3.316,58.00,192.00,1,0,0
23372,3.316,57.80,192.00,1,0,0
23375,3.316,57.80,192.00,1,0,0
23377,3.316,57.70,192.00,1,0,0
23379,3.316,58.10,195.00,1,0,0
23382,3.316,58.00,192.00,1,0,0
23384,3.316,58.10,193.00,1,0,0
23397,3.320,58.00,192.00,1,0,0
23400,3.316,58.10,193.00,1,0,0
23402,3.316,58.10,193.00,1,0,0
23404,3.316,57.80,192.00,1,0,0
23407,3.320,57.70,192.00,1,0,0
23409,3.316,57.70,192.00,1,0,0
23412,3.316,58.00,192.00,1,0,0
23414,3.316,58.00,193.00,1,0,0
23417,3.320,58.00,193.00,1,0,0
23419,3.320,57.80,192.00,1,0,0
23422,3.316,57.70,192.00,1,0,0
23424,3.320,57.80,192.00,1,0,0
23427,3.316,57.80,192.00,1,0,0
23429,3.320,58.00,193.00,1,0,0
23442,3.316,57.80,192.00,1,0,0
23444,3.316,58.00,192.00,1,0,0
23447,3.316,58.00,193.00,1,0,0
23449,3.316,58.00,192.00,1,0,0
23452,3.316,58.10,193.00,1,0,0
23454,3.316,57.70,192.00,1,0,0
23457,3.316,57.80,192.00,1,0,0
23459,3.316,57.80,192.00,1,0,0
23462,3.316,58.20,193.00,1,0,0
23464,3.320,58.00,192.00,1,0,0
23467,3.316,58.00,192.00,1,0,0
23469,3.316,57.80,192.00,1,0,0
23472,3.316,57.80,192.00,1,0,0
23474,3.316,57.70,192.00,1,0,0
23487,3.316,57.70,192.00,1,0,0
23489,3.316,57.70,192.00,1,0,0
23492,3.316,57.60,192.00,1,0,0
23494,3.316,58.20,192.00,1,0,0
23497,3.320,58.00,192.00,1,0,0
23499,3.316,58.00,192.00,1,0,0
23501,3.316,57.70,192.00,1,0,0
23504,3.316,57.70,192.00,1,0,0
23506,3.316,57.70,192.00,1,0,0
23509,3.316,58.00,192.00,1,0,0
23511,3.316,58.10,193.00,1,0,0
23514,3.316,58.00,193.00,1,0,0
23516,3.316,58.10,193.00,1,0,0
23519,3.316,57.70,192.00,1,0,0
23531,3.316,58.10,193.00,1,0,0
23534,3.316,57.90,192.00,1,0,0
23536,3.316,57.70,192.00,1,0,0
23539,3.316,57.70,192.00,1,0,0
23541,3.316,57.80,193.00,1,0,0
23544,3.320,58.00,202.00,1,0,0
23546,3.300,58.00,192.00,1,0,0
23549,3.320,58.00,192.00,1,0,0
23551,3.316,57.70,192.00,1,0,0
23554,3.316,57.70,192.00,1,0,0
23556,3.316,57.80,192.00,1,0,0
23559,3.316,58.10,192.00,1,0,0
23561,3.316,58.10,193.00,1,0,0
23564,3.316,58.10,193.00,1,0,0
23576,3.316,58.00,192.00,1,0,0
23579,3.316,58.00,193.00,1,0,0
23581,3.316,58.00,192.00,1,0,0
23584,3.316,57.70,192.00,1,0,0
23586,3.316,57.80,192.00,1,0,0
23589,3.316,57.80,192.00,1,0,0
23591,3.316,58.10,193.00,1,0,0
23594,3.316,58.00,210.00,1,0,0
23596,3.300,58.20,192.00,1,0,0
23598,3.316,58.00,192.00,1,0,0
23601,3.316,57.70,192.00,1,0,0
23603,3.316,57.80,192.00,1,0,0
23606,3.316,57.80,192.00,1,0,0
23608,3.316,58.00,192.00,1,0,0
23621,3.316,57.80,192.00,1,0,0
23623,3.316,57.90,192.00,1,0,0
23626,3.316,58.10,193.00,1,0,0
23628,3.316,58.00,192.00,1,0,0
23631,3.316,58.10,192.00,1,0,0
23633,3.316,57.70,192.00,1,0,0
23636,3.316,57.80,192.00,1,0,0
23638,3.316,57.70,192.00,1,0,0
23641,3.316,58.00,192.00,1,0,0
23643,3.316,58.00,192.00,1,0,0
23646,3.300,58.10,192.00,1,0,0
23648,3.316,58.10,192.00,1,0,0
23651,3.316,57.70,192.00,1,0,0
23653,3.316,57.70,192.00,1,0,0
23666,3.316,57.70,192.00,1,0,0
23668,3.316,57.80,192.00,1,0,0
23671,3.316,57.70,192.00,1,0,0
23673,3.316,58.10,193.00,1,0,0
23676,3.316,58.00,193.00,1,0,0
23678,3.316,58.00,192.00,1,0,0
23681,3.316,58.20,193.00,1,0,0
23683,3.316,57.70,192.00,1,0,0
23686,3.316,57.70,192.00,1,0,0
23688,3.316,57.80,192.00,1,0,0
23691,3.316,58.10,193.00,1,0,0
23693,3.316,58.10,193.00,1,0,0
23695,3.304,58.10,193.00,1,0,0
23698,3.316,57.70,192.00,1,0,0
23711,3.316,58.10,193.00,1,0,0
23713,3.316,58.00,192.00,1,0,0
23716,3.316,57.80,192.00,1,0,0
23718,3.316,57.70,192.00,1,0,0
23720,3.316,57.80,192.00,1,0,0
23723,3.316,58.00,193.00,1,0,0
23725,3.316,58.00,192.00,1,0,0
23728,3.316,58.00,192.00,1,0,0
23730,3.316,57.70,192.00,1,0,0
23733,3.316,57.80,192.00,1,0,0
23735,3.316,57.80,192.00,1,0,0
23738,3.316,58.10,193.00,1,0,0
23740,3.316,58.70,195.00,1,0,0
23743,3.316,58.10,193.00,1,0,0
23755,3.320,58.00,192.00,1,0,0
23758,3.316,58.10,192.00,1,0,0
23760,3.316,58.80,195.00,1,0,0
23763,3.316,57.70,192.00,1,0,0
23765,3.316,57.70,192.00,1,0,0
23768,3.316,57.70,192.00,1,0,0
23770,3.316,58.00,192.00,1,0,0
23773,3.316,58.10,193.00,1,0,0
23775,3.316,58.00,192.00,1,0,0
23778,3.316,58.00,192.00,1,0,0
23780,3.316,57.70,192.00,1,0,0
23783,3.316,57.70,192.00,1,0,0
23785,3.316,57.80,192.00,1,0,0
23788,3.316,58.10,192.00,1,0,0
23800,3.316,57.70,192.00,1,0,0
23803,3.316,58.00,192.00,1,0,0
23805,3.316,58.00,193.00,1,0,0
23808,3.316,58.00,192.00,1,0,0
23810,3.316,58.00,193.00,1,0,0
23813,3.320,57.70,192.00,1,0,0
23815,3.316,57.80,192.00,1,0,0
23817,3.316,57.70,192.00,1,0,0
23820,3.316,58.80,195.00,1,0,0
23822,3.316,58.10,193.00,1,0,0
23825,3.320,58.00,193.00,1,0,0
23827,3.316,57.80,192.00,1,0,0
23830,3.316,57.70,192.00,1,0,0
23832,3.316,57.70,192.00,1,0,0
23849,3.316,57.70,192.00,1,0,0
23852,3.316,58.00,192.00,1,0,0
23854,3.316,58.00,192.00,1,0,0
23857,3.316,58.00,192.00,1,0,0
23859,3.316,58.00,193.00,1,0,0
23862,3.316,57.70,192.00,1,0,0
23864,3.316,57.70,192.00,1,0,0
23867,3.316,57.80,192.00,1,0,0
23869,3.316,58.00,193.00,1,0,0
23871,3.316,58.10,193.00,1,0,0
23874,3.316,58.10,192.00,1,0,0
23876,3.316,57.70,192.00,1,0,0
23879,3.316,57.60,192.00,1,0,0
23881,3.316,57.60,192.00,1,0,0
23894,3.316,57.70,303.00,1,0,0
23896,3.316,57.70,192.00,1,0,0
23899,3.320,57.70,192.00,1,0,0
23901,3.316,58.00,193.00,1,0,0
23904,3.316,58.00,192.00,1,0,0
23906,3.316,58.00,193.00,1,0,0
23909,3.320,58.00,192.00,1,0,0
23911,3.316,57.70,192.00,1,0,0
23914,3.316,57.70,192.00,1,0,0
23916,3.320,57.70,192.00,1,0,0
23919,3.316,58.00,192.00,1,0,0
23921,3.316,58.10,193.00,1,0,0
23924,3.320,58.00,193.00,1,0,0
23926,3.316,57.80,192.00,1,0,0
23939,3.316,58.00,193.00,1,0,0
23941,3.316,57.80,192.00,1,0,0
23944,3.316,57.80,192.00,1,0,0
23946,3.316,57.70,192.00,1,0,0
23949,3.316,57.70,192.00,1,0,0
23951,3.320,58.00,192.00,1,0,0
23954,3.316,58.00,192.00,1,0,0
23956,3.316,58.10,193.00,1,0,0
23959,3.316,57.70,192.00,1,0,0
23961,3.316,57.70,192.00,1,0,0
23964,3.316,57.70,192.00,1,0,0
23966,3.316,58.00,192.00,1,0,0
23968,3.316,58.00,192.00,1,0,0
23971,3.316,58.10,192.00,1,0,0
23984,3.316,58.00,192.00,1,0,0
23986,3.316,58.00,192.00,1,0,0
23989,3.316,58.00,193.00,1,0,0
23991,3.316,57.80,192.00,1,0,0
23993,3.316,57.80,192.00,1,0,0
23996,3.316,57.70,192.00,1,0,0
23998,3.316,57.70,192.00,1,0,0
24001,3.316,58.80,195.00,1,0,0
24003,3.316,58.00,192.00,1,0,0
24006,3.316,58.10,192.00,1,0,0
24008,3.316,57.80,192.00,1,0,0
24011,3.316,57.70,192.00,1,0,0
24013,3.316,57.60,192.00,1,0,0
24016,3.316,58.00,192.00,1,0,0
24028,3.316,57.70,192.00,1,0,0
24031,3.316,57.80,192.00,1,0,0
24033,3.316,58.00,192.00,1,0,0
24036,3.316,58.00,193.00,1,0,0
24038,3.320,58.00,192.00,1,0,0
24041,3.316,57.70,192.00,1,0,0
24043,3.316,57.80,192.00,1,0,0
24046,3.312,57.70,192.00,1,0,0
24048,3.316,57.90,192.00,1,0,0
24051,3.320,58.10,193.00,1,0,0
24053,3.320,58.10,193.00,1,0,0
24056,3.316,58.00,192.00,1,0,0
24058,3.316,57.70,192.00,1,0,0
24061,3.316,57.70,192.00,1,0,0
24073,3.316,57.70,192.00,1,0,0
24076,3.316,57.80,192.00,1,0,0
24078,3.316,57.70,192.00,1,0,0
24081,3.316,57.90,195.00,1,0,0
24083,3.316,58.10,193.00,1,0,0
24086,3.316,58.10,193.00,1,0,0
24088,3.316,58.10,192.00,1,0,0
24090,3.320,57.70,192.00,1,0,0
24093,3.316,57.70,192.00,1,0,0
24095,3.308,75.70,192.00,1,0,0
24098,3.316,58.00,193.00,1,0,0
24100,3.320,58.20,193.00,1,0,0
24103,3.316,58.10,192.00,1,0,0
24105,3.316,57.80,192.00,1,0,0
24118,3.316,58.00,193.00,1,0,0
24120,3.320,58.10,193.00,1,0,0
24123,3.316,57.80,192.00,1,0,0
24125,3.316,57.70,192.00,1,0,0
24128,3.316,57.70,192.00,1,0,0
24130,3.316,58.00,192.00,1,0,0
24133,3.320,58.10,192.00,1,0,0
24135,3.316,58.10,193.00,1,0,0
24138,3.316,57.80,192.00,1,0,0
24140,3.316,57.70,192.00,1,0,0
24143,3.316,57.70,192.00,1,0,0
24145,3.300,60.00,198.00,1,0,0
24148,3.316,58.10,192.00,1,0,0
24150,3.316,58.10,193.00,1,0,0
24163,3.316,58.00,193.00,1,0,0
24165,3.316,58.10,193.00,1,0,0
24168,3.316,58.00,192.00,1,0,0
24170,3.316,57.70,192.00,1,0,0
24173,3.316,57.80,192.00,1,0,0
24175,3.320,57.80,192.00,1,0,0
24178,3.316,57.70,192.00,1,0,0
24180,3.316,58.00,192.00,1,0,0
24183,3.316,58.00,192.00,1,0,0
24185,3.320,58.10,192.00,1,0,0
24187,3.316,57.80,192.00,1,0,0
24190,3.316,57.80,192.00,1,0,0
24192,3.316,57.80,192.00,1,0,0
24195,3.316,58.30,193.00,1,0,0
24208,3.320,57.80,192.00,1,0,0
24210,3.316,57.80,192.00,1,0,0
24213,3.316,58.10,192.00,1,0,0
24215,3.316,58.10,193.00,1,0,0
24217,3.316,58.00,193.00,1,0,0
24220,3.316,57.70,192.00,1,0,0
24222,3.316,57.80,192.00,1,0,0
24225,3.316,57.80,192.00,1,0,0
24227,3.316,57.90,192.00,1,0,0
24230,3.320,58.10,192.00,1,0,0
24232,3.316,57.90,192.00,1,0,0
24235,3.316,58.00,192.00,1,0,0
24237,3.320,57.70,192.00,1,0,0
24240,3.316,57.70,192.00,1,0,0
24252,3.320,57.70,192.00,1,0,0
24255,3.316,57.80,192.00,1,0,0
24257,3.316,57.80,192.00,1,0,0
24260,3.316,58.10,193.00,1,0,0
24262,3.316,58.10,193.00,1,0,0
24265,3.316,58.10,192.00,1,0,0
24267,3.316,58.00,192.00,1,0,0
24270,3.316,57.70,192.00,1,0,0
24272,3.316,57.70,192.00,1,0,0
24275,3.316,57.80,192.00,1,0,0
24277,3.316,58.00,192.00,1,0,0
24280,3.316,58.10,193.00,1,0,0
24282,3.316,58.70,192.00,1,0,0
24284,3.316,57.80,192.00,1,0,0
24297,3.316,58.00,192.00,1,0,0
24300,3.316,58.00,193.00,1,0,0
24302,3.316,57.80,192.00,1,0,0
24305,3.316,57.70,192.00,1,0,0
24307,3.316,57.70,192.00,1,0,0
24309,3.320,58.00,193.00,1,0,0
24312,3.316,58.10,193.00,1,0,0
24314,3.320,58.10,193.00,1,0,0
24317,3.320,58.00,192.00,1,0,0
24319,3.316,57.70,192.00,1,0,0
24322,3.316,57.80,192.00,1,0,0
24324,3.316,57.70,192.00,1,0,0
24327,3.316,58.10,193.00,1,0,0
24329,3.316,58.00,193.00,1,0,0
24342,3.320,58.00,192.00,1,0,0
24344,3.316,62.00,205.00,1,0,0
24347,3.316,58.00,192.00,1,0,0
24349,3.316,57.90,192.00,1,0,0
24352,3.320,57.70,192.00,1,0,0
24354,3.316,57.80,192.00,1,0,0
24357,3.316,57.80,192.00,1,0,0
24359,3.316,58.00,192.00,1,0,0
24362,3.316,60.60,193.00,1,0,0
24364,3.316,58.00,193.00,1,0,0
24367,3.316,57.70,192.00,1,0,0
24369,3.316,57.70,192.00,1,0,0
24372,3.316,57.70,192.00,1,0,0
24374,3.316,58.10,193.00,1,0,0
24387,3.316,57.80,192.00,1,0,0
24389,3.316,57.70,192.00,1,0,0
24392,3.320,58.00,193.00,1,0,0
24394,3.320,64.40,213.00,1,0,0
24397,3.316,57.90,192.00,1,0,0
24399,3.316,57.80,192.00,1,0,0
24402,3.320,57.70,192.00,1,0,0
24404,3.320,57.80,192.00,1,0,0
24406,3.316,57.70,192.00,1,0,0
24409,3.316,58.00,193.00,1,0,0
24411,3.320,58.10,193.00,1,0,0
24414,3.316,58.00,192.00,1,0,0
24416,3.316,57.80,192.00,1,0,0
24419,3.316,57.80,192.00,1,0,0
24432,3.320,57.70,192.00,1,0,0
24434,3.316,57.70,192.00,1,0,0
24436,3.316,57.80,192.00,1,0,0
24439,3.316,57.90,192.00,1,0,0
24441,3.316,58.80,195.00,1,0,0
24444,3.316,58.00,213.00,1,0,0
24446,3.300,58.00,192.00,1,0,0
24449,3.316,57.80,192.00,1,0,0
24451,3.316,57.70,192.00,1,0,0
24454,3.320,57.80,192.00,1,0,0
24456,3.316,58.10,193.00,1,0,0
24459,3.316,58.10,193.00,1,0,0
24461,3.320,58.80,195.00,1,0,0
24464,3.316,58.00,192.00,1,0,0
24476,3.316,58.00,192.00,1,0,0
24479,3.316,58.10,193.00,1,0,0
24481,3.316,57.70,192.00,1,0,0
24484,3.320,57.70,192.00,1,0,0
24486,3.316,57.80,192.00,1,0,0
24489,3.316,58.00,193.00,1,0,0
24491,3.316,58.10,193.00,1,0,0
24494,3.320,58.00,192.00,1,0,0
24496,3.308,58.10,192.00,1,0,0
24499,3.316,57.80,192.00,1,0,0
24501,3.320,57.70,192.00,1,0,0
24503,3.316,57.70,192.00,1,0,0
24506,3.316,58.10,193.00,1,0,0
24508,3.316,58.10,193.00,1,0,0
24521,3.316,58.60,195.00,1,0,0
24524,3.316,58.10,192.00,1,0,0
24526,3.316,58.00,192.00,1,0,0
24529,3.320,58.10,193.00,1,0,0
24531,3.316,57.80,192.00,1,0,0
24533,3.316,57.80,192.00,1,0,0
24536,3.316,57.70,192.00,1,0,0
24538,3.316,58.00,192.00,1,0,0
24541,3.320,58.10,195.00,1,0,0
24543,3.320,58.00,192.00,1,0,0
24546,3.316,57.80,192.00,1,0,0
24548,3.320,57.70,192.00,1,0,0
24551,3.316,57.70,192.00,1,0,0
24553,3.316,57.80,192.00,1,0,0
24566,3.316,57.60,192.00,1,0,0
24568,3.316,57.80,192.00,1,0,0
24571,3.316,58.00,192.00,1,0,0
24573,3.316,58.10,193.00,1,0,0
24576,3.316,58.00,192.00,1,0,0
24578,3.316,57.70,192.00,1,0,0
24581,3.316,57.70,192.00,1,0,0
24583,3.316,57.80,192.00,1,0,0
24586,3.316,58.00,193.00,1,0,0
24588,3.320,58.10,193.00,1,0,0
24591,3.316,58.00,192.00,1,0,0
24593,3.316,58.00,192.00,1,0,0
24596,3.316,57.60,192.00,1,0,0
24598,3.316,57.60,192.00,1,0,0
24611,3.316,58.00,192.00,1,0,0
24613,3.316,57.70,192.00,1,0,0
24616,3.320,57.60,192.00,1,0,0
24618,3.320,57.70,192.00,1,0,0
24621,3.316,58.00,195.00,1,0,0
24623,3.320,58.00,192.00,1,0,0
24626,3.316,58.00,192.00,1,0,0
24628,3.320,57.70,192.00,1,0,0
24630,3.316,57.70,192.00,1,0,0
24633,3.320,57.70,192.00,1,0,0
24635,3.320,57.90,192.00,1,0,0
24638,3.316,58.00,192.00,1,0,0
24640,3.316,58.00,192.00,1,0,0
24643,3.316,58.10,193.00,1,0,0
24655,3.316,58.00,193.00,1,0,0
24658,3.316,58.10,193.00,1,0,0
24660,3.316,57.70,192.00,1,0,0
24663,3.316,57.70,192.00,1,0,0
24665,3.320,57.70,192.00,1,0,0
24668,3.316,58.00,192.00,1,0,0
24670,3.320,58.10,193.00,1,0,0
24673,3.316,58.00,192.00,1,0,0
24675,3.316,58.00,192.00,1,0,0
24678,3.316,57.80,192.00,1,0,0
24680,3.320,57.70,192.00,1,0,0
24683,3.316,57.80,192.00,1,0,0
24685,3.320,58.00,193.00,1,0,0
24688,3.316,58.10,192.00,1,0,0
24700,3.316,57.80,192.00,1,0,0
24703,3.316,58.00,193.00,1,0,0
24705,3.316,58.10,193.00,1,0,0
24708,3.316,58.10,193.00,1,0,0
24710,3.316,57.70,192.00,1,0,0
24713,3.316,57.70,192.00,1,0,0
24715,3.316,57.70,192.00,1,0,0
24718,3.316,58.00,193.00,1,0,0
24720,3.320,58.10,193.00,1,0,0
24723,3.316,58.10,193.00,1,0,0
24725,3.316,58.10,192.00,1,0,0
24727,3.316,57.80,192.00,1,0,0
24730,3.316,57.70,192.00,1,0,0
24732,3.316,57.70,192.00,1,0,0
24745,3.316,86.90,192.00,1,0,0
24748,3.320,57.70,192.00,1,0,0
24750,3.316,58.00,193.00,1,0,0
24752,3.316,58.10,193.00,1,0,0
24755,3.316,58.10,193.00,1,0,0
24757,3.316,57.90,192.00,1,0,0
24760,3.316,57.70,192.00,1,0,0
24762,3.316,57.70,192.00,1,0,0
24765,3.316,57.70,192.00,1,0,0
24767,3.316,58.00,193.00,1,0,0
24770,3.320,58.00,193.00,1,0,0
24772,3.316,58.10,193.00,1,0,0
24775,3.316,57.80,192.00,1,0,0
24777,3.316,57.70,192.00,1,0,0
24790,3.316,58.00,192.00,1,0,0
24792,3.316,57.70,192.00,1,0,0
24795,3.312,86.30,287.00,1,0,0
24797,3.320,57.70,192.00,1,0,0
24800,3.316,58.10,193.00,1,0,0
24802,3.316,58.10,193.00,1,0,0
24805,3.316,58.10,193.00,1,0,0
24807,3.316,57.90,192.00,1,0,0
24810,3.316,57.70,192.00,1,0,0
24812,3.316,57.70,192.00,1,0,0
24815,3.316,57.70,192.00,1,0,0
24817,3.316,58.00,192.00,1,0,0
24820,3.316,58.00,192.00,1,0,0
24822,3.316,58.70,193.00,1,0,0
24835,3.320,58.00,193.00,1,0,0
24837,3.316,58.00,192.00,1,0,0
24840,3.316,57.80,192.00,1,0,0
24842,3.316,57.80,192.00,1,0,0
24845,3.316,86.00,285.00,1,0,0
24847,3.316,57.80,192.00,1,0,0
24849,3.316,58.00,193.00,1,0,0
24852,3.316,58.00,192.00,1,0,0
24854,3.316,58.00,192.00,1,0,0
24857,3.316,57.80,192.00,1,0,0
24859,3.316,57.80,192.00,1,0,0
24862,3.316,57.70,192.00,1,0,0
24864,3.320,58.00,192.00,1,0,0
24867,3.316,58.00,193.00,1,0,0
24879,3.316,57.80,192.00,1,0,0
24882,3.316,58.10,193.00,1,0,0
24884,3.316,58.00,192.00,1,0,0
24887,3.316,58.00,193.00,1,0,0
24889,3.320,57.70,192.00,1,0,0
24892,3.316,57.70,192.00,1,0,0
24894,3.316,57.80,234.00,1,0,0
24897,3.316,58.00,193.00,1,0,0
24899,3.316,58.00,192.00,1,0,0
24902,3.316,58.80,193.00,1,0,0
24904,3.320,57.80,192.00,1,0,0
24907,3.316,57.80,192.00,1,0,0
24909,3.320,57.70,192.00,1,0,0
24912,3.320,57.80,192.00,1,0,0
24924,3.316,57.80,192.00,1,0,0
24927,3.320,57.70,192.00,1,0,0
24929,3.320,58.00,192.00,1,0,0
24932,3.320,58.10,193.00,1,0,0
24934,3.320,58.10,193.00,1,0,0
24937,3.316,58.20,193.00,1,0,0
24939,3.316,57.80,192.00,1,0,0
24942,3.316,57.80,192.00,1,0,0
24944,3.320,57.70,190.00,1,0,0
24946,3.316,58.00,192.00,1,0,0
24949,3.316,58.10,193.00,1,0,0
24951,3.316,58.10,193.00,1,0,0
24954,3.316,57.90,192.00,1,0,0
24956,3.320,57.70,192.00,1,0,0
24969,3.320,58.10,193.00,1,0,0
24972,3.320,57.80,192.00,1,0,0
24974,3.316,57.80,192.00,1,0,0
24976,3.316,57.80,192.00,1,0,0
24979,3.320,58.10,193.00,1,0,0
24981,3.320,58.80,195.00,1,0,0
24984,3.320,58.10,193.00,1,0,0
24986,3.316,57.80,192.00,1,0,0
24989,3.320,57.80,192.00,1,0,0
24991,3.320,57.70,192.00,1,0,0
24994,3.320,58.00,192.00,1,0,0
24996,3.316,58.00,193.00,1,0,0
24999,3.320,58.10,193.00,1,0,0
25001,3.320,58.90,195.00,1,0,0
25014,3.320,58.00,192.00,1,0,0
25016,3.316,58.10,193.00,1,0,0
25019,3.316,58.00,192.00,1,0,0
25021,3.316,57.80,192.00,1,0,0
25024,3.320,57.80,192.00,1,0,0
25026,3.316,57.70,192.00,1,0,0
25029,3.316,58.10,193.00,1,0,0
25031,3.320,58.10,193.00,1,0,0
25034,3.316,58.10,193.00,1,0,0
25036,3.316,57.80,192.00,1,0,0
25039,3.316,57.80,192.00,1,0,0
25041,3.316,57.70,192.00,1,0,0
25043,3.320,58.00,192.00,1,0,0
25046,3.296,57.90,192.00,1,0,0
25059,3.316,57.80,192.00,1,0,0
25061,3.320,58.80,195.00,1,0,0
25064,3.316,58.10,193.00,1,0,0
25066,3.320,58.00,193.00,1,0,0
25068,3.320,57.80,192.00,1,0,0
25071,3.316,57.80,192.00,1,0,0
25073,3.316,57.80,192.00,1,0,0
25076,3.316,58.00,192.00,1,0,0
25078,3.316,58.00,193.00,1,0,0
25081,3.316,58.00,195.00,1,0,0
25083,3.320,58.10,193.00,1,0,0
25086,3.316,57.70,192.00,1,0,0
25088,3.316,57.80,192.00,1,0,0
25091,3.320,57.70,192.00,1,0,0
25103,3.316,57.80,192.00,1,0,0
25106,3.316,57.70,192.00,1,0,0
25108,3.320,57.80,192.00,1,0,0
25111,3.316,58.00,193.00,1,0,0
25113,3.320,58.10,193.00,1,0,0
25116,3.316,58.10,193.00,1,0,0
25118,3.316,57.80,192.00,1,0,0
25121,3.316,57.80,192.00,1,0,0
25123,3.316,57.80,192.00,1,0,0
25126,3.316,58.00,193.00,1,0,0
25128,3.320,58.00,193.00,1,0,0
25131,3.316,58.00,193.00,1,0,0
25133,3.320,58.00,192.00,1,0,0
25136,3.316,57.80,192.00,1,0,0
25148,3.320,58.00,192.00,1,0,0
25151,3.316,57.70,192.00,1,0,0
25153,3.316,57.70,192.00,1,0,0
25156,3.316,57.80,192.00,1,0,0
25158,3.320,58.00,192.00,1,0,0
25161,3.316,58.00,195.00,1,0,0
25163,3.320,58.00,192.00,1,0,0
25165,3.316,57.90,192.00,1,0,0
25168,3.320,57.80,192.00,1,0,0
25170,3.316,57.70,192.00,1,0,0
25173,3.316,57.80,192.00,1,0,0
25175,3.316,58.00,192.00,1,0,0
25178,3.316,58.00,192.00,1,0,0
25180,3.316,58.10,193.00,1,0,0
25193,3.320,58.10,193.00,1,0,0
25195,3.300,58.10,193.00,1,0,0
25198,3.320,58.00,192.00,1,0,0
25200,3.316,57.70,192.00,1,0,0
25203,3.316,57.70,192.00,1,0,0
25205,3.316,57.70,192.00,1,0,0
25208,3.316,58.10,193.00,1,0,0
25210,3.316,58.10,193.00,1,0,0
25213,3.316,58.10,193.00,1,0,0
25215,3.316,57.70,192.00,1,0,0
25218,3.316,57.70,192.00,1,0,0
25220,3.316,57.70,192.00,1,0,0
25223,3.316,57.70,193.00,1,0,0
25225,3.316,58.00,192.00,1,0,0
25238,3.316,57.80,192.00,1,0,0
25240,3.316,58.00,192.00,1,0,0
25243,3.320,58.10,193.00,1,0,0
25245,3.320,58.10,193.00,1,0,0
25248,3.316,57.70,192.00,1,0,0
25250,3.320,57.70,192.00,1,0,0
25253,3.320,57.70,192.00,1,0,0
25255,3.316,58.00,193.00,1,0,0
25258,3.320,58.10,193.00,1,0,0
25260,3.320,58.00,192.00,1,0,0
25263,3.316,58.00,192.00,1,0,0
25265,3.320,57.70,192.00,1,0,0
25267,3.316,57.80,192.00,1,0,0
25270,3.316,57.80,192.00,1,0,0
25283,3.316,57.80,192.00,1,0,0
25285,3.316,57.70,192.00,1,0,0
25288,3.320,57.70,193.00,1,0,0
25290,3.320,58.10,193.00,1,0,0
25292,3.316,58.00,193.00,1,0,0
25295,3.320,77.80,193.00,1,0,0
25297,3.316,57.70,192.00,1,0,0
25300,3.320,57.80,192.00,1,0,0
25302,3.320,57.70,192.00,1,0,0
25305,3.316,58.00,192.00,1,0,0
25307,3.316,58.10,193.00,1,0,0
25310,3.316,58.10,193.00,1,0,0
25312,3.320,57.80,192.00,1,0,0
25315,3.316,57.80,192.00,1,0,0
25327,3.316,58.10,193.00,1,0,0
25330,3.320,57.70,192.00,1,0,0
25332,3.316,57.80,192.00,1,0,0
25335,3.316,57.70,192.00,1,0,0
25337,3.316,58.10,193.00,1,0,0
25340,3.316,58.00,193.00,1,0,0
25342,3.320,58.00,192.00,1,0,0
25345,3.316,91.50,303.00,1,0,0
25347,3.316,57.60,192.00,1,0,0
25350,3.316,57.70,192.00,1,0,0
25352,3.316,57.80,192.00,1,0,0
25355,3.316,58.00,192.00,1,0,0
25357,3.316,58.10,193.00,1,0,0
25359,3.316,58.10,193.00,1,0,0
25372,3.316,58.00,192.00,1,0,0
25375,3.316,58.10,193.00,1,0,0
25377,3.316,58.10,193.00,1,0,0
25380,3.320,57.70,192.00,1,0,0
25382,3.320,57.70,192.00,1,0,0
25385,3.316,57.70,192.00,1,0,0
25387,3.316,58.00,192.00,1,0,0
25389,3.316,58.00,192.00,1,0,0
25392,3.316,58.00,192.00,1,0,0
25394,3.316,93.30,310.00,1,0,0
25397,3.320,57.70,192.00,1,0,0
25399,3.320,57.80,192.00,1,0,0
25402,3.320,58.00,193.00,1,0,0
25404,3.320,58.10,193.00,1,0,0
25417,3.320,57.80,192.00,1,0,0
25419,3.316,58.10,193.00,1,0,0
25422,3.316,58.00,192.00,1,0,0
25424,3.316,58.10,193.00,1,0,0
25427,3.320,58.00,193.00,1,0,0
25429,3.316,57.80,192.00,1,0,0
25432,3.320,57.80,192.00,1,0,0
25434,3.316,57.80,192.00,1,0,0
25437,3.320,58.10,193.00,1,0,0
25439,3.320,58.10,193.00,1,0,0
25442,3.320,58.70,195.00,1,0,0
25444,3.316,57.80,306.00,1,0,0
25447,3.316,57.70,192.00,1,0,0
25449,3.316,57.80,192.00,1,0,0
25462,3.316,57.80,192.00,1,0,0
25464,3.320,57.80,192.00,1,0,0
25467,3.320,57.80,192.00,1,0,0
25469,3.316,58.00,192.00,1,0,0
25472,3.320,58.10,193.00,1,0,0
25474,3.320,58.10,193.00,1,0,0
25477,3.316,57.80,192.00,1,0,0
25479,3.316,57.80,192.00,1,0,0
25482,3.316,57.70,192.00,1,0,0
25484,3.316,58.00,193.00,1,0,0
25486,3.316,58.00,192.00,1,0,0
25489,3.316,58.10,193.00,1,0,0
25491,3.316,58.10,193.00,1,0,0
25494,3.316,57.80,192.00,1,0,0
25507,3.316,58.10,193.00,1,0,0
25509,3.320,57.80,192.00,1,0,0
25511,3.316,57.80,192.00,1,0,0
25514,3.316,57.80,192.00,1,0,0
25516,3.316,57.80,193.00,1,0,0
25519,3.320,58.10,193.00,1,0,0
25521,3.316,58.80,195.00,1,0,0
25524,3.316,58.10,192.00,1,0,0
25526,3.316,57.80,192.00,1,0,0
25529,3.320,57.70,192.00,1,0,0
25531,3.316,57.60,192.00,1,0,0
25534,3.316,58.00,193.00,1,0,0
25536,3.320,58.00,192.00,1,0,0
25539,3.316,58.00,192.00,1,0,0
25551,3.320,58.00,193.00,1,0,0
25554,3.320,58.10,193.00,1,0,0
25556,3.320,58.00,192.00,1,0,0
25559,3.316,57.70,192.00,1,0,0
25561,3.316,57.70,192.00,1,0,0
25564,3.320,57.80,192.00,1,0,0
25566,3.316,58.00,192.00,1,0,0
25569,3.316,58.00,193.00,1,0,0
25571,3.320,58.00,193.00,1,0,0
25574,3.316,57.90,192.00,1,0,0
25576,3.316,57.70,192.00,1,0,0
25579,3.316,57.80,192.00,1,0,0
25581,3.320,57.70,192.00,1,0,0
25583,3.316,58.00,193.00,1,0,0
25596,3.316,57.70,192.00,1,0,0
25599,3.316,58.00,193.00,1,0,0
25601,3.320,59.00,195.00,1,0,0
25604,3.316,58.00,192.00,1,0,0
25606,3.320,58.10,192.00,1,0,0
25608,3.320,57.80,192.00,1,0,0
25611,3.316,57.80,192.00,1,0,0
25613,3.316,57.70,192.00,1,0,0
25616,3.316,58.00,192.00,1,0,0
25618,3.316,58.00,193.00,1,0,0
25621,3.316,58.00,195.00,1,0,0
25623,3.320,57.80,192.00,1,0,0
25626,3.316,57.70,192.00,1,0,0
25628,3.320,57.80,192.00,1,0,0
25641,3.320,57.70,192.00,1,0,0
25643,3.316,57.80,192.00,1,0,0
25646,3.312,57.70,192.00,1,0,0
25648,3.316,58.00,193.00,1,0,0
25651,3.316,58.10,192.00,1,0,0
25653,3.316,58.10,193.00,1,0,0
25656,3.320,57.80,192.00,1,0,0
25658,3.316,57.80,192.00,1,0,0
25661,3.316,57.70,192.00,1,0,0
25663,3.320,57.70,192.00,1,0,0
25666,3.320,58.00,192.00,1,0,0
25668,3.316,58.00,192.00,1,0,0
25671,3.316,58.10,193.00,1,0,0
25673,3.316,57.70,192.00,1,0,0
25686,3.316,58.00,192.00,1,0,0
25688,3.316,57.70,192.00,1,0,0
25691,3.316,57.80,192.00,1,0,0
25693,3.316,57.80,192.00,1,0,0
25696,3.304,65.80,192.00,1,0,0
25698,3.320,58.00,192.00,1,0,0
25701,3.316,58.10,193.00,1,0,0
25703,3.316,58.10,192.00,1,0,0
25705,3.316,57.70,192.00,1,0,0
25708,3.316,57.80,192.00,1,0,0
25710,3.316,57.70,192.00,1,0,0
25713,3.316,58.10,193.00,1,0,0
25715,3.316,58.00,192.00,1,0,0
25718,3.316,58.10,192.00,1,0,0
25731,3.316,58.00,193.00,1,0,0
25733,3.320,58.10,193.00,1,0,0
25735,3.316,58.00,193.00,1,0,0
25738,3.316,57.80,192.00,1,0,0
25740,3.316,57.70,192.00,1,0,0
25743,3.316,57.80,192.00,1,0,0
25745,3.296,58.60,195.00,1,0,0
25748,3.316,58.00,193.00,1,0,0
25750,3.320,58.00,193.00,1,0,0
25753,3.316,58.00,192.00,1,0,0
25755,3.316,57.70,192.00,1,0,0
25758,3.316,57.70,192.00,1,0,0
25760,3.316,57.70,192.00,1,0,0
25763,3.320,58.00,192.00,1,0,0
25775,3.316,57.70,192.00,1,0,0
25778,3.316,58.00,192.00,1,0,0
25780,3.316,58.10,193.00,1,0,0
25783,3.320,58.10,193.00,1,0,0
25785,3.320,58.00,192.00,1,0,0
25788,3.316,57.70,192.00,1,0,0
25790,3.316,57.80,192.00,1,0,0
25793,3.316,57.70,192.00,1,0,0
25795,3.316,58.10,193.00,1,0,0
25798,3.320,58.00,193.00,1,0,0
25800,3.320,58.10,192.00,1,0,0
25802,3.316,57.80,192.00,1,0,0
25805,3.316,57.80,192.00,1,0,0
25807,3.316,57.80,192.00,1,0,0
25820,3.316,57.70,192.00,1,0,0
25823,3.316,57.80,192.00,1,0,0
25825,3.316,57.70,192.00,1,0,0
25828,3.316,58.10,192.00,1,0,0
25830,3.316,58.00,193.00,1,0,0
25832,3.316,58.00,192.00,1,0,0
25835,3.316,58.00,192.00,1,0,0
25837,3.316,57.70,192.00,1,0,0
25840,3.320,57.70,192.00,1,0,0
25842,3.316,57.70,192.00,1,0,0
25845,3.316,58.20,193.00,1,0,0
25852,3.316,57.70,192.00,1,0,0
25855,3.320,57.80,192.00,1,0,0
25857,3.316,57.80,192.00,1,0,0
25860,3.316,58.00,192.00,1,0,0
25862,3.316,58.10,193.00,1,0,0
25865,3.316,58.00,193.00,1,0,0
25867,3.316,58.00,192.00,1,0,0
25869,3.320,57.80,192.00,1,0,0
25872,3.316,57.80,192.00,1,0,0
25874,3.316,57.70,192.00,1,0,0
25887,3.316,57.70,192.00,1,0,0
25890,3.316,57.70,192.00,1,0,0
25892,3.316,58.10,193.00,1,0,0
25895,3.316,60.30,192.00,1,0,0
25897,3.316,58.00,192.00,1,0,0
25899,3.316,58.10,193.00,1,0,0
25902,3.316,57.80,192.00,1,0,0
25904,3.316,57.70,192.00,1,0,0
25907,3.316,57.80,192.00,1,0,0
25909,3.316,58.00,192.00,1,0,0
25912,3.316,58.00,192.00,1,0,0
25914,3.316,58.10,193.00,1,0,0
25917,3.316,57.80,192.00,1,0,0
25919,3.316,57.70,192.00,1,0,0
25932,3.316,58.00,192.00,1,0,0
25934,3.316,57.70,192.00,1,0,0
25937,3.316,57.70,192.00,1,0,0
25939,3.316,57.70,192.00,1,0,0
25942,3.316,58.10,193.00,1,0,0
25944,3.316,64.00,211.00,1,0,0
25947,3.316,58.00,193.00,1,0,0
25949,3.316,57.80,192.00,1,0,0
25952,3.320,57.70,192.00,1,0,0
25954,3.316,57.80,192.00,1,0,0
25957,3.316,57.70,193.00,1,0,0
25959,3.320,58.10,193.00,1,0,0
25962,3.320,58.80,195.00,1,0,0
25964,3.320,58.00,193.00,1,0,0
25977,3.316,58.00,192.00,1,0,0
25979,3.316,58.10,193.00,1,0,0
25982,3.316,58.70,195.00,1,0,0
25984,3.316,57.80,192.00,1,0,0
25987,3.320,57.70,192.00,1,0,0
25989,3.316,57.70,192.00,1,0,0
25992,3.316,58.00,193.00,1,0,0
25994,3.320,64.60,213.00,1,0,0
25996,3.316,58.00,193.00,1,0,0
25999,3.316,57.80,192.00,1,0,0
26001,3.316,57.70,192.00,1,0,0
26004,3.316,57.70,192.00,1,0,0
26006,3.316,58.00,192.00,1,0,0
26009,3.320,58.00,192.00,1,0,0
26021,3.320,57.70,192.00,1,0,0
26024,3.320,58.10,193.00,1,0,0
26026,3.316,58.00,193.00,1,0,0
26029,3.320,58.00,192.00,1,0,0
26031,3.316,57.80,192.00,1,0,0
26034,3.316,57.70,192.00,1,0,0
26036,3.316,57.80,192.00,1,0,0
26039,3.316,58.10,193.00,1,0,0
26041,3.316,58.00,192.00,1,0,0
26044,3.316,58.10,215.00,1,0,0
26046,3.304,58.10,193.00,1,0,0
26049,3.316,57.80,192.00,1,0,0
26051,3.316,57.80,192.00,1,0,0
26054,3.316,57.70,192.00,1,0,0
26066,3.320,57.80,192.00,1,0,0
26069,3.316,57.70,192.00,1,0,0
26071,3.316,57.80,192.00,1,0,0
26074,3.316,58.00,192.00,1,0,0
26076,3.316,58.00,192.00,1,0,0
26079,3.316,58.00,192.00,1,0,0
26081,3.320,57.70,192.00,1,0,0
26084,3.316,57.70,192.00,1,0,0
26086,3.316,57.80,192.00,1,0,0
26089,3.316,58.10,192.00,1,0,0
26091,3.316,58.00,193.00,1,0,0
26093,3.316,58.00,192.00,1,0,0
26096,3.312,58.20,192.00,1,0,0
26098,3.316,57.70,192.00,1,0,0
26111,3.316,58.00,192.00,1,0,0
26114,3.316,57.80,192.00,1,0,0
26116,3.316,57.80,192.00,1,0,0
26118,3.316,57.80,192.00,1,0,0
26121,3.316,58.00,192.00,1,0,0
26123,3.316,58.10,193.00,1,0,0
26126,3.320,58.00,192.00,1,0,0
26128,3.316,57.90,192.00,1,0,0
26131,3.316,57.70,192.00,1,0,0
26133,3.316,57.70,192.00,1,0,0
26136,3.316,57.70,192.00,1,0,0
26138,3.316,58.00,192.00,1,0,0
26141,3.316,58.00,193.00,1,0,0
26143,3.316,58.00,193.00,1,0,0
26156,3.320,58.10,193.00,1,0,0
26158,3.316,58.00,192.00,1,0,0
26161,3.316,58.10,193.00,1,0,0
26163,3.316,57.70,192.00,1,0,0
26166,3.316,57.70,192.00,1,0,0
26168,3.316,57.60,192.00,1,0,0
26171,3.316,58.00,193.00,1,0,0
26173,3.316,58.00,192.00,1,0,0
26176,3.316,58.10,193.00,1,0,0
26178,3.316,57.80,192.00,1,0,0
26181,3.320,57.80,192.00,1,0,0
26183,3.316,57.80,192.00,1,0,0
26186,3.320,57.70,193.00,1,0,0
26188,3.320,58.10,193.00,1,0,0
26201,3.316,57.80,192.00,1,0,0
26203,3.316,58.00,192.00,1,0,0
26206,3.316,58.10,193.00,1,0,0
26208,3.316,58.00,192.00,1,0,0
26211,3.316,57.70,192.00,1,0,0
26213,3.316,57.70,192.00,1,0,0
26215,3.316,57.80,192.00,1,0,0
26218,3.320,57.90,192.00,1,0,0
26220,3.320,58.00,192.00,1,0,0
26223,3.316,58.70,192.00,1,0,0
26225,3.316,58.00,192.00,1,0,0
26228,3.316,57.70,192.00,1,0,0
26230,3.316,57.70,192.00,1,0,0
26233,3.316,57.70,192.00,1,0,0
26245,3.320,57.70,192.00,1,0,0
26248,3.316,57.70,192.00,1,0,0
26250,3.316,57.70,192.00,1,0,0
26253,3.316,58.00,192.00,1,0,0
26255,3.316,58.10,193.00,1,0,0
26258,3.316,58.00,192.00,1,0,0
26260,3.316,57.70,192.00,1,0,0
26263,3.316,57.70,192.00,1,0,0
26265,3.316,57.70,192.00,1,0,0
26268,3.316,57.80,192.00,1,0,0
26270,3.316,58.10,193.00,1,0,0
26273,3.316,58.00,192.00,1,0,0
26275,3.316,58.10,192.00,1,0,0
26278,3.316,57.70,192.00,1,0,0
26290,3.320,58.00,192.00,1,0,0
26293,3.316,57.80,192.00,1,0,0
26295,3.316,88.70,192.00,1,0,0
26298,3.316,57.70,192.00,1,0,0
26300,3.316,58.00,192.00,1,0,0
26303,3.316,58.80,193.00,1,0,0
26305,3.320,58.00,193.00,1,0,0
26308,3.316,58.10,193.00,1,0,0
26310,3.316,57.70,192.00,1,0,0
26312,3.316,57.70,192.00,1,0,0
26315,3.316,57.70,192.00,1,0,0
26317,3.320,58.10,193.00,1,0,0
26320,3.316,58.10,193.00,1,0,0
26322,3.320,58.70,195.00,1,0,0
26335,3.316,58.10,193.00,1,0,0
26337,3.320,58.00,192.00,1,0,0
26340,3.316,58.10,192.00,1,0,0
26342,3.316,57.80,192.00,1,0,0
26345,3.312,86.40,287.00,1,0,0
26347,3.320,57.60,192.00,1,0,0
26350,3.320,58.00,192.00,1,0,0
26352,3.316,58.00,192.00,1,0,0
26355,3.316,58.10,193.00,1,0,0
26357,3.320,57.80,192.00,1,0,0
26360,3.316,57.80,192.00,1,0,0
26362,3.316,57.70,192.00,1,0,0
26365,3.316,58.00,192.00,1,0,0
26367,3.316,58.00,192.00,1,0,0
26380,3.316,57.70,192.00,1,0,0
26382,3.316,58.80,195.00,1,0,0
26385,3.316,58.00,192.00,1,0,0
26387,3.316,58.10,193.00,1,0,0
26390,3.316,58.00,192.00,1,0,0
26392,3.316,57.80,192.00,1,0,0
26395,3.316,87.30,290.00,1,0,0
26397,3.320,57.70,192.00,1,0,0
26400,3.316,58.10,192.00,1,0,0
26402,3.316,59.00,195.00,1,0,0
26405,3.316,58.10,193.00,1,0,0
26407,3.316,57.80,192.00,1,0,0
26409,3.316,57.70,192.00,1,0,0
26412,3.316,57.70,192.00,1,0,0
26425,3.316,57.70,192.00,1,0,0
26427,3.316,57.70,192.00,1,0,0
26430,3.320,57.70,192.00,1,0,0
26432,3.320,58.00,192.00,1,0,0
26434,3.316,58.10,193.00,1,0,0
26437,3.316,58.00,193.00,1,0,0
26439,3.316,57.70,192.00,1,0,0
26442,3.316,57.80,192.00,1,0,0
26444,3.316,57.70,265.00,1,0,0
26447,3.316,58.00,192.00,1,0,0
26449,3.316,58.10,193.00,1,0,0
26452,3.320,58.10,192.00,1,0,0
26454,3.316,58.10,193.00,1,0,0
26457,3.316,57.80,192.00,1,0,0
26469,3.316,58.10,193.00,1,0,0
26472,3.316,57.80,192.00,1,0,0
26474,3.316,57.70,192.00,1,0,0
26477,3.316,57.80,192.00,1,0,0
26479,3.316,57.70,192.00,1,0,0
26482,3.316,58.00,195.00,1,0,0
26484,3.316,58.10,193.00,1,0,0
26487,3.320,58.00,192.00,1,0,0
26489,3.316,57.70,192.00,1,0,0
26492,3.316,57.80,192.00,1,0,0
26494,3.316,57.80,190.00,1,0,0
26497,3.316,58.00,192.00,1,0,0
26499,3.316,58.00,192.00,1,0,0
26502,3.316,58.00,192.00,1,0,0
26514,3.316,58.00,192.00,1,0,0
26517,3.316,58.00,193.00,1,0,0
26519,3.316,58.00,193.00,1,0,0
26522,3.320,57.80,192.00,1,0,0
26524,3.316,57.70,192.00,1,0,0
26527,3.316,57.70,192.00,1,0,0
26529,3.316,58.00,193.00,1,0,0
26531,3.320,58.00,193.00,1,0,0
26534,3.320,58.10,192.00,1,0,0
26536,3.316,57.90,192.00,1,0,0
26539,3.316,57.60,192.00,1,0,0
26541,3.316,57.80,192.00,1,0,0
26544,3.316,57.70,190.00,1,0,0
26546,3.316,58.00,192.00,1,0,0
26559,3.316,57.80,192.00,1,0,0
26561,3.316,58.00,195.00,1,0,0
26564,3.316,58.10,193.00,1,0,0
26566,3.320,58.10,193.00,1,0,0
26569,3.320,58.10,192.00,1,0,0
26571,3.316,57.80,192.00,1,0,0
26574,3.316,57.80,192.00,1,0,0
26576,3.316,57.70,192.00,1,0,0
26579,3.316,58.10,193.00,1,0,0
26581,3.316,58.10,193.00,1,0,0
26584,3.316,58.10,193.00,1,0,0
26586,3.320,57.80,192.00,1,0,0
26589,3.316,57.80,192.00,1,0,0
26591,3.316,57.70,192.00,1,0,0
26604,3.320,57.80,192.00,1,0,0
26606,3.320,57.80,192.00,1,0,0
26609,3.316,57.70,192.00,1,0,0
26611,3.320,58.00,192.00,1,0,0
26614,3.320,58.00,193.00,1,0,0
26616,3.316,58.10,193.00,1,0,0
26619,3.316,57.70,192.00,1,0,0
26621,3.320,57.70,192.00,1,0,0
26624,3.316,57.80,192.00,1,0,0
26626,3.316,57.90,192.00,1,0,0
26628,3.316,58.00,193.00,1,0,0
26631,3.316,58.00,193.00,1,0,0
26633,3.316,58.00,192.00,1,0,0
26636,3.316,57.70,192.00,1,0,0
26649,3.316,58.00,192.00,1,0,0
26651,3.320,58.00,192.00,1,0,0
26654,3.316,57.80,192.00,1,0,0
26656,3.316,57.80,192.00,1,0,0
26658,3.316,57.80,193.00,1,0,0
26661,3.320,58.10,193.00,1,0,0
26663,3.316,58.10,193.00,1,0,0
26666,3.316,58.00,192.00,1,0,0
26668,3.316,57.80,192.00,1,0,0
26671,3.316,57.80,192.00,1,0,0
26673,3.316,57.80,192.00,1,0,0
26676,3.316,58.10,193.00,1,0,0
26678,3.316,58.10,193.00,1,0,0
26681,3.316,58.10,193.00,1,0,0
26693,3.316,58.10,193.00,1,0,0
26696,3.300,58.10,192.00,1,0,0
26698,3.316,58.10,193.00,1,0,0
26701,3.316,57.70,192.00,1,0,0
26703,3.316,57.80,192.00,1,0,0
26706,3.316,57.80,192.00,1,0,0
26708,3.316,58.00,192.00,1,0,0
26711,3.316,58.20,193.00,1,0,0
26713,3.316,58.10,193.00,1,0,0
26716,3.316,58.00,192.00,1,0,0
26718,3.316,57.70,192.00,1,0,0
26721,3.316,57.80,192.00,1,0,0
26723,3.316,57.80,192.00,1,0,0
26725,3.316,58.10,193.00,1,0,0
26738,3.316,57.80,192.00,1,0,0
26741,3.316,57.80,192.00,1,0,0
26743,3.316,58.10,193.00,1,0,0
26746,3.300,58.00,192.00,1,0,0
26748,3.316,58.00,192.00,1,0,0
26750,3.316,57.70,192.00,1,0,0
26753,3.316,57.70,192.00,1,0,0
26755,3.316,57.80,192.00,1,0,0
26758,3.320,58.10,193.00,1,0,0
26760,3.316,58.00,192.00,1,0,0
26763,3.316,58.80,193.00,1,0,0
26765,3.316,57.70,192.00,1,0,0
26768,3.316,57.80,192.00,1,0,0
26770,3.316,57.70,192.00,1,0,0
26783,3.316,57.80,192.00,1,0,0
26785,3.316,57.80,192.00,1,0,0
26788,3.316,57.80,192.00,1,0,0
26790,3.316,58.10,193.00,1,0,0
26793,3.316,58.00,192.00,1,0,0
26795,3.316,58.20,193.00,1,0,0
26798,3.320,58.00,192.00,1,0,0
26800,3.320,57.70,192.00,1,0,0
26803,3.316,57.80,192.00,1,0,0
26805,3.316,57.80,192.00,1,0,0
26808,3.316,58.00,193.00,1,0,0
26810,3.320,58.10,193.00,1,0,0
26813,3.316,58.10,193.00,1,0,0
26815,3.316,57.70,192.00,1,0,0
26828,3.316,58.00,193.00,1,0,0
26830,3.316,57.80,192.00,1,0,0
26833,3.316,57.70,192.00,1,0,0
26835,3.316,57.80,192.00,1,0,0
26838,3.316,57.70,192.00,1,0,0
26840,3.316,58.10,193.00,1,0,0
26843,3.316,58.70,195.00,1,0,0
26845,3.316,68.10,193.00,1,0,0
26847,3.316,57.70,192.00,1,0,0
26850,3.316,57.80,192.00,1,0,0
26852,3.316,57.70,192.00,1,0,0
26855,3.316,58.10,193.00,1,0,0
26857,3.316,58.10,193.00,1,0,0
26860,3.316,58.10,193.00,1,0,0
26873,3.320,58.10,193.00,1,0,0
26875,3.316,58.10,193.00,1,0,0
26877,3.320,58.20,193.00,1,0,0
26880,3.316,57.80,192.00,1,0,0
26882,3.316,57.70,192.00,1,0,0
26885,3.316,57.80,192.00,1,0,0
26887,3.320,57.80,193.00,1,0,0
26890,3.316,58.10,193.00,1,0,0
26892,3.320,58.10,193.00,1,0,0
26895,3.316,86.20,285.00,1,0,0
26897,3.316,57.70,192.00,1,0,0
26900,3.316,57.70,192.00,1,0,0
26902,3.320,57.70,192.00,1,0,0
26905,3.316,58.00,193.00,1,0,0
26917,3.316,57.80,192.00,1,0,0
26920,3.316,58.00,192.00,1,0,0
26922,3.316,58.80,195.00,1,0,0
26925,3.316,58.10,192.00,1,0,0
26927,3.316,58.00,192.00,1,0,0
26930,3.316,57.70,192.00,1,0,0
26932,3.316,57.70,192.00,1,0,0
26935,3.316,57.80,192.00,1,0,0
26937,3.316,58.10,193.00,1,0,0
26940,3.316,58.10,193.00,1,0,0
26942,3.320,58.80,195.00,1,0,0
26945,3.316,92.30,306.00,1,0,0
26947,3.320,57.70,192.00,1,0,0
26949,3.316,57.70,192.00,1,0,0
26962,3.316,57.70,192.00,1,0,0
26965,3.316,57.80,192.00,1,0,0
26967,3.316,57.80,192.00,1,0,0
26970,3.316,57.90,193.00,1,0,0
26972,3.320,58.00,193.00,1,0,0
26974,3.316,58.00,192.00,1,0,0
26977,3.320,58.00,192.00,1,0,0
26979,3.316,57.70,192.00,1,0,0
26982,3.316,57.70,192.00,1,0,0
26984,3.316,57.70,192.00,1,0,0
26987,3.316,58.00,192.00,1,0,0
26989,3.316,58.10,193.00,1,0,0
26992,3.316,58.10,192.00,1,0,0
26994,3.316,92.90,308.00,1,0,0
27007,3.320,58.10,192.00,1,0,0
27009,3.316,58.00,192.00,1,0,0
27012,3.316,57.70,192.00,1,0,0
27014,3.316,57.80,192.00,1,0,0
27017,3.316,57.80,192.00,1,0,0
27019,3.316,58.10,193.00,1,0,0
27022,3.320,58.10,195.00,1,0,0
27024,3.320,58.10,193.00,1,0,0
27027,3.316,57.70,192.00,1,0,0
27029,3.316,57.70,192.00,1,0,0
27032,3.316,57.80,192.00,1,0,0
27034,3.320,57.80,192.00,1,0,0
27037,3.316,58.20,193.00,1,0,0
27039,3.316,58.10,193.00,1,0,0
27052,3.316,58.00,192.00,1,0,0
27054,3.316,58.10,193.00,1,0,0
27057,3.316,58.10,193.00,1,0,0
27059,3.316,58.00,192.00,1,0,0
27062,3.316,57.80,192.00,1,0,0
27064,3.316,57.70,192.00,1,0,0
27067,3.316,57.80,192.00,1,0,0
27069,3.316,58.10,193.00,1,0,0
27071,3.320,58.10,193.00,1,0,0
27074,3.316,58.10,193.00,1,0,0
27076,3.316,57.70,192.00,1,0,0
27079,3.316,57.80,192.00,1,0,0
27081,3.316,57.70,192.00,1,0,0
27084,3.316,58.00,193.00,1,0,0
27096,3.320,57.70,192.00,1,0,0
27099,3.320,57.70,192.00,1,0,0
27101,3.320,58.10,193.00,1,0,0
27104,3.316,58.10,193.00,1,0,0
27106,3.320,58.10,193.00,1,0,0
27109,3.316,57.70,192.00,1,0,0
27111,3.316,57.70,192.00,1,0,0
27114,3.320,57.70,192.00,1,0,0
27116,3.316,58.00,192.00,1,0,0
27119,3.316,58.00,192.00,1,0,0
27121,3.316,58.10,193.00,1,0,0
27124,3.316,58.10,193.00,1,0,0
27126,3.316,57.70,192.00,1,0,0
27129,3.320,57.80,192.00,1,0,0
27141,3.316,57.70,192.00,1,0,0
27144,3.316,57.70,192.00,1,0,0
27146,3.316,57.70,192.00,1,0,0
27149,3.316,58.00,192.00,1,0,0
27151,3.316,58.10,193.00,1,0,0
27154,3.316,58.10,193.00,1,0,0
27156,3.320,58.10,193.00,1,0,0
27159,3.316,57.80,192.00,1,0,0
27161,3.316,57.80,192.00,1,0,0
27164,3.316,57.70,192.00,1,0,0
27166,3.316,58.00,192.00,1,0,0
27168,3.316,58.10,193.00,1,0,0
27171,3.320,58.10,193.00,1,0,0
27173,3.316,57.80,192.00,1,0,0
27186,3.316,58.10,193.00,1,0,0
27189,3.316,58.00,192.00,1,0,0
27191,3.320,57.70,192.00,1,0,0
27193,3.316,57.70,192.00,1,0,0
27196,3.316,57.70,192.00,1,0,0
27198,3.316,58.10,192.00,1,0,0
27201,3.316,58.00,192.00,1,0,0
27203,3.316,58.10,193.00,1,0,0
27206,3.316,58.00,193.00,1,0,0
27208,3.320,57.70,192.00,1,0,0
27211,3.320,57.70,192.00,1,0,0
27213,3.316,57.70,192.00,1,0,0
27216,3.316,58.10,192.00,1,0,0
27218,3.316,58.10,193.00,1,0,0
27231,3.320,58.00,192.00,1,0,0
27233,3.316,58.00,192.00,1,0,0
27236,3.316,58.00,192.00,1,0,0
27238,3.316,57.80,192.00,1,0,0
27241,3.316,57.70,192.00,1,0,0
27243,3.316,57.70,192.00,1,0,0
27246,3.308,57.70,192.00,1,0,0
27248,3.316,58.10,193.00,1,0,0
27251,3.316,58.10,192.00,1,0,0
27253,3.316,58.10,193.00,1,0,0
27256,3.320,57.70,192.00,1,0,0
27258,3.316,57.80,192.00,1,0,0
27261,3.316,57.70,192.00,1,0,0
27263,3.320,58.00,192.00,1,0,0
27276,3.316,57.70,192.00,1,0,0
27278,3.316,57.70,192.00,1,0,0
27281,3.316,58.00,192.00,1,0,0
27283,3.316,58.10,193.00,1,0,0
27286,3.316,58.10,193.00,1,0,0
27288,3.316,57.80,192.00,1,0,0
27290,3.316,57.70,192.00,1,0,0
27293,3.316,57.70,192.00,1,0,0
27295,3.296,60.00,192.00,1,0,0
27298,3.316,58.00,192.00,1,0,0
27300,3.316,58.10,193.00,1,0,0
27303,3.316,58.90,192.00,1,0,0
27305,3.316,57.70,192.00,1,0,0
27308,3.316,57.80,192.00,1,0,0
27320,3.316,57.80,192.00,1,0,0
27323,3.316,57.70,192.00,1,0,0
27325,3.316,57.80,192.00,1,0,0
27328,3.316,57.90,192.00,1,0,0
27330,3.320,58.10,193.00,1,0,0
27333,3.316,58.10,192.00,1,0,0
27335,3.316,58.10,193.00,1,0,0
27338,3.316,57.80,192.00,1,0,0
27340,3.316,57.70,192.00,1,0,0
27343,3.316,57.70,192.00,1,0,0
27345,3.296,58.30,193.00,1,0,0
27348,3.320,58.00,193.00,1,0,0
27350,3.316,58.10,193.00,1,0,0
27353,3.320,58.00,192.00,1,0,0
27365,3.316,57.90,192.00,1,0,0
27368,3.316,58.00,192.00,1,0,0
27370,3.316,57.70,192.00,1,0,0
27373,3.316,57.70,192.00,1,0,0
27375,3.316,57.80,192.00,1,0,0
27378,3.316,58.00,192.00,1,0,0
27380,3.316,58.10,193.00,1,0,0
27383,3.316,58.80,195.00,1,0,0
27385,3.316,58.10,192.00,1,0,0
27387,3.316,57.70,192.00,1,0,0
27390,3.316,57.80,192.00,1,0,0
27392,3.316,57.80,192.00,1,0,0
27395,3.316,58.10,193.00,1,0,0
27397,3.316,58.10,193.00,1,0,0
27410,3.316,58.00,192.00,1,0,0
27412,3.320,58.00,193.00,1,0,0
27415,3.316,58.00,192.00,1,0,0
27417,3.316,58.00,192.00,1,0,0
27420,3.316,57.70,192.00,1,0,0
27422,3.316,57.80,192.00,1,0,0
27425,3.316,57.80,192.00,1,0,0
27427,3.320,58.10,193.00,1,0,0
27430,3.316,58.00,192.00,1,0,0
27432,3.316,58.00,193.00,1,0,0
27435,3.316,57.80,192.00,1,0,0
27437,3.316,57.80,192.00,1,0,0
27440,3.320,57.80,192.00,1,0,0
27442,3.316,57.80,192.00,1,0,0
27455,3.316,57.80,192.00,1,0,0
27457,3.316,57.80,192.00,1,0,0
27460,3.316,58.00,192.00,1,0,0
27462,3.316,58.90,195.00,1,0,0
27465,3.316,58.10,193.00,1,0,0
27467,3.316,58.00,192.00,1,0,0
27470,3.316,57.80,192.00,1,0,0
27472,3.316,57.80,192.00,1,0,0
27475,3.316,57.80,193.00,1,0,0
27477,3.320,58.10,193.00,1,0,0
27480,3.316,58.10,193.00,1,0,0
27482,3.316,58.00,195.00,1,0,0
27484,3.316,57.80,192.00,1,0,0
27487,3.316,57.80,192.00,1,0,0
27500,3.316,57.90,192.00,1,0,0
27502,3.316,57.70,192.00,1,0,0
27505,3.316,57.80,192.00,1,0,0
27507,3.316,57.80,192.00,1,0,0
27509,3.316,58.10,193.00,1,0,0
27512,3.316,58.10,193.00,1,0,0
27514,3.316,58.00,192.00,1,0,0
27517,3.316,57.80,192.00,1,0,0
27519,3.320,57.70,192.00,1,0,0
27522,3.316,57.80,192.00,1,0,0
27524,3.316,58.10,193.00,1,0,0
27527,3.316,58.10,193.00,1,0,0
27529,3.316,58.10,193.00,1,0,0
27532,3.316,58.00,192.00,1,0,0
27544,3.316,64.50,213.00,1,0,0
27547,3.316,58.00,192.00,1,0,0
27549,3.316,57.80,192.00,1,0,0
27552,3.316,57.70,192.00,1,0,0
27554,3.316,57.70,192.00,1,0,0
27557,3.316,58.10,193.00,1,0,0
27559,3.316,58.00,192.00,1,0,0
27562,3.320,58.10,195.00,1,0,0
27564,3.320,58.00,192.00,1,0,0
27567,3.316,57.80,192.00,1,0,0
27569,3.316,57.70,192.00,1,0,0
27572,3.316,57.70,192.00,1,0,0
27574,3.316,58.10,193.00,1,0,0
27577,3.320,58.00,192.00,1,0,0
27589,3.316,57.90,192.00,1,0,0
27592,3.316,58.00,192.00,1,0,0
27594,3.316,64.60,213.00,1,0,0
27597,3.316,58.00,192.00,1,0,0
27599,3.316,57.70,192.00,1,0,0
27602,3.316,57.70,192.00,1,0,0
27604,3.316,57.70,192.00,1,0,0
27606,3.316,58.10,193.00,1,0,0
27609,3.320,58.00,192.00,1,0,0
27611,3.316,58.10,193.00,1,0,0
27614,3.316,58.00,192.00,1,0,0
27616,3.320,57.80,192.00,1,0,0
27619,3.316,57.70,192.00,1,0,0
27621,3.316,57.70,192.00,1,0,0
27634,3.320,57.80,192.00,1,0,0
27636,3.316,57.80,192.00,1,0,0
27639,3.316,58.10,193.00,1,0,0
27641,3.320,58.10,193.00,1,0,0
27644,3.316,58.10,238.00,1,0,0
27646,3.308,57.90,192.00,1,0,0
27649,3.320,57.70,192.00,1,0,0
27651,3.316,57.70,192.00,1,0,0
27654,3.316,57.70,192.00,1,0,0
27656,3.316,58.00,192.00,1,0,0
27659,3.316,58.00,193.00,1,0,0
27661,3.320,58.00,193.00,1,0,0
27664,3.316,57.70,192.00,1,0,0
27666,3.320,57.70,192.00,1,0,0
27679,3.316,58.00,192.00,1,0,0
27681,3.316,57.70,192.00,1,0,0
27684,3.316,57.70,192.00,1,0,0
27686,3.316,57.70,192.00,1,0,0
27689,3.320,58.00,193.00,1,0,0
27691,3.316,58.10,193.00,1,0,0
27694,3.316,58.10,193.00,1,0,0
27696,3.316,57.80,192.00,1,0,0
27699,3.316,57.80,192.00,1,0,0
27701,3.316,57.80,192.00,1,0,0
27703,3.316,57.70,193.00,1,0,0
27706,3.316,58.10,193.00,1,0,0
27708,3.316,58.00,192.00,1,0,0
27711,3.316,58.10,192.00,1,0,0
27724,3.316,58.10,193.00,1,0,0
27726,3.316,58.10,192.00,1,0,0
27729,3.316,57.80,192.00,1,0,0
27731,3.316,57.80,192.00,1,0,0
27733,3.316,57.70,192.00,1,0,0
27736,3.316,57.90,192.00,1,0,0
27738,3.316,58.10,193.00,1,0,0
27741,3.316,58.10,192.00,1,0,0
27743,3.316,58.10,193.00,1,0,0
27746,3.312,57.70,192.00,1,0,0
27748,3.316,57.80,192.00,1,0,0
27751,3.316,57.70,192.00,1,0,0
27753,3.316,58.00,192.00,1,0,0
27756,3.316,58.00,192.00,1,0,0
27768,3.316,57.70,193.00,1,0,0
27771,3.320,58.10,193.00,1,0,0
27773,3.316,58.10,193.00,1,0,0
27776,3.316,58.00,193.00,1,0,0
27778,3.316,57.70,192.00,1,0,0
27781,3.316,57.70,192.00,1,0,0
27783,3.316,57.70,192.00,1,0,0
27786,3.316,57.90,193.00,1,0,0
27788,3.316,58.10,193.00,1,0,0
27791,3.316,58.10,193.00,1,0,0
27793,3.316,58.10,192.00,1,0,0
27796,3.316,57.60,192.00,1,0,0
27798,3.316,57.70,192.00,1,0,0
27800,3.316,57.80,192.00,1,0,0
27813,3.320,57.80,192.00,1,0,0
27816,3.316,57.80,192.00,1,0,0
27818,3.316,58.00,192.00,1,0,0
27821,3.316,58.10,193.00,1,0,0
27823,3.316,58.10,193.00,1,0,0
27826,3.316,58.10,193.00,1,0,0
27828,3.316,57.70,192.00,1,0,0
27830,3.316,57.70,192.00,1,0,0
27833,3.316,57.80,192.00,1,0,0
27835,3.316,58.10,193.00,1,0,0
27838,3.316,58.00,192.00,1,0,0
27840,3.316,58.10,193.00,1,0,0
27843,3.316,58.20,193.00,1,0,0
27845,3.316,90.30,192.00,1,0,0
27862,3.316,57.70,192.00,1,0,0
27865,3.316,57.70,192.00,1,0,0
27867,3.316,58.10,193.00,1,0,0
27870,3.316,58.00,192.00,1,0,0
27872,3.316,58.10,193.00,1,0,0
27875,3.320,58.00,192.00,1,0,0
27877,3.316,57.70,192.00,1,0,0
27880,3.316,57.80,192.00,1,0,0
27882,3.316,57.70,192.00,1,0,0
27884,3.316,58.00,192.00,1,0,0
27887,3.316,58.10,192.00,1,0,0
27889,3.316,57.90,192.00,1,0,0
27892,3.316,57.80,192.00,1,0,0
27894,3.316,57.80,288.00,1,0,0
27907,3.320,58.10,192.00,1,0,0
27909,3.316,57.80,192.00,1,0,0
27912,3.316,57.70,192.00,1,0,0
27914,3.316,57.70,192.00,1,0,0
27917,3.320,58.00,192.00,1,0,0
27919,3.320,58.00,193.00,1,0,0
27922,3.320,58.00,195.00,1,0,0
27924,3.316,57.70,192.00,1,0,0
27927,3.320,57.80,192.00,1,0,0
27929,3.320,57.80,192.00,1,0,0
27932,3.316,57.90,192.00,1,0,0
27934,3.320,58.00,192.00,1,0,0
27937,3.316,58.00,193.00,1,0,0
27939,3.316,58.10,193.00,1,0,0
27952,3.320,58.00,193.00,1,0,0
27954,3.320,58.00,192.00,1,0,0
27957,3.316,57.90,192.00,1,0,0
27959,3.320,57.70,192.00,1,0,0
27962,3.316,57.70,192.00,1,0,0
27964,3.316,57.70,192.00,1,0,0
27967,3.316,58.00,192.00,1,0,0
27969,3.316,58.00,192.00,1,0,0
27972,3.320,58.10,193.00,1,0,0
27974,3.316,57.70,192.00,1,0,0
27977,3.316,57.70,192.00,1,0,0
27979,3.316,57.80,192.00,1,0,0
27981,3.316,58.00,195.00,1,0,0
27984,3.316,58.00,193.00,1,0,0
27997,3.316,57.70,192.00,1,0,0
27999,3.316,57.90,192.00,1,0,0
28002,3.320,57.90,192.00,1,0,0
28004,3.316,58.80,193.00,1,0,0
28006,3.316,57.80,192.00,1,0,0
28009,3.316,57.80,192.00,1,0,0
28011,3.320,57.70,192.00,1,0,0
28014,3.316,58.10,193.00,1,0,0
28016,3.316,58.10,193.00,1,0,0
28019,3.316,58.10,192.00,1,0,0
28021,3.316,58.00,193.00,1,0,0
28024,3.316,57.80,192.00,1,0,0
28026,3.316,57.70,192.00,1,0,0
28029,3.316,57.70,192.00,1,0,0
28041,3.316,57.70,192.00,1,0,0
28044,3.316,57.80,192.00,1,0,0
28046,3.316,57.80,192.00,1,0,0
28049,3.316,58.00,193.00,1,0,0
28051,3.320,58.10,193.00,1,0,0
28054,3.316,58.10,193.00,1,0,0
28056,3.316,57.80,192.00,1,0,0
28059,3.316,57.70,192.00,1,0,0
28061,3.316,57.70,192.00,1,0,0
28064,3.316,58.70,193.00,1,0,0
28066,3.316,58.00,192.00,1,0,0
28069,3.320,58.10,193.00,1,0,0
28071,3.316,58.10,192.00,1,0,0
28074,3.316,57.80,192.00,1,0,0
28086,3.320,58.10,193.00,1,0,0
28089,3.320,57.80,192.00,1,0,0
28091,3.320,57.70,192.00,1,0,0
28094,3.316,57.80,190.00,1,0,0
28096,3.296,58.10,193.00,1,0,0
28099,3.316,58.10,193.00,1,0,0
28101,3.316,58.00,192.00,1,0,0
28103,3.316,58.60,195.00,1,0,0
28106,3.316,57.80,192.00,1,0,0
28108,3.316,57.70,192.00,1,0,0
28111,3.316,57.80,192.00,1,0,0
28113,3.320,58.10,193.00,1,0,0
28116,3.320,58.10,192.00,1,0,0
28118,3.316,58.00,192.00,1,0,0
28131,3.316,58.10,193.00,1,0,0
28133,3.316,58.10,193.00,1,0,0
28136,3.320,58.00,192.00,1,0,0
28138,3.316,57.70,192.00,1,0,0
28141,3.316,57.70,192.00,1,0,0
28143,3.320,57.80,190.00,1,0,0
28146,3.296,58.00,192.00,1,0,0
28148,3.316,58.10,193.00,1,0,0
28151,3.320,58.10,193.00,1,0,0
28153,3.316,57.90,192.00,1,0,0
28156,3.316,57.80,192.00,1,0,0
28158,3.320,57.80,192.00,1,0,0
28161,3.316,57.70,193.00,1,0,0
28163,3.316,58.80,195.00,1,0,0
28176,3.316,57.80,192.00,1,0,0
28178,3.320,58.10,193.00,1,0,0
28181,3.316,58.10,192.00,1,0,0
28183,3.316,58.80,195.00,1,0,0
28186,3.320,57.80,192.00,1,0,0
28188,3.320,57.80,192.00,1,0,0
28191,3.316,57.80,192.00,1,0,0
28193,3.316,57.80,192.00,1,0,0
28196,3.296,58.10,192.00,1,0,0
28198,3.316,58.10,193.00,1,0,0
28200,3.316,58.10,193.00,1,0,0
28203,3.316,57.80,192.00,1,0,0
28205,3.316,57.70,192.00,1,0,0
28208,3.316,57.60,192.00,1,0,0
28221,3.316,57.70,192.00,1,0,0
28223,3.316,57.70,192.00,1,0,0
28225,3.316,57.80,193.00,1,0,0
28228,3.320,58.10,193.00,1,0,0
28230,3.316,58.00,193.00,1,0,0
28233,3.320,58.00,193.00,1,0,0
28235,3.316,57.70,192.00,1,0,0
28238,3.316,57.80,192.00,1,0,0
28240,3.316,57.70,192.00,1,0,0
28243,3.316,58.70,195.00,1,0,0
28245,3.296,58.10,193.00,1,0,0
28248,3.316,58.00,193.00,1,0,0
28250,3.316,57.80,192.00,1,0,0
28253,3.316,57.80,192.00,1,0,0
28265,3.316,58.00,192.00,1,0,0
28268,3.316,57.80,192.00,1,0,0
28270,3.316,57.80,192.00,1,0,0
28273,3.316,57.80,192.00,1,0,0
28275,3.316,58.00,193.00,1,0,0
28278,3.320,58.00,192.00,1,0,0
28280,3.316,58.00,192.00,1,0,0
28283,3.316,58.00,192.00,1,0,0
28285,3.316,57.70,192.00,1,0,0
28288,3.320,57.70,192.00,1,0,0
28290,3.316,57.80,192.00,1,0,0
28293,3.316,58.10,193.00,1,0,0
28295,3.316,58.20,193.00,1,0,0
28297,3.320,58.10,193.00,1,0,0
28310,3.316,58.10,193.00,1,0,0
28313,3.320,58.10,193.00,1,0,0
28315,3.316,58.00,193.00,1,0,0
28318,3.320,57.80,192.00,1,0,0
28320,3.320,57.80,192.00,1,0,0
28322,3.316,57.80,192.00,1,0,0
28325,3.316,58.00,192.00,1,0,0
28327,3.320,58.00,193.00,1,0,0
28330,3.316,58.10,193.00,1,0,0
28332,3.320,57.80,192.00,1,0,0
28335,3.320,57.80,192.00,1,0,0
28337,3.316,57.80,192.00,1,0,0
28340,3.316,57.90,192.00,1,0,0
28342,3.316,58.10,193.00,1,0,0
28355,3.316,57.70,192.00,1,0,0
28357,3.320,58.10,192.00,1,0,0
28360,3.316,58.10,193.00,1,0,0
28362,3.320,58.10,193.00,1,0,0
28365,3.316,58.00,192.00,1,0,0
28367,3.316,57.80,192.00,1,0,0
28370,3.316,57.70,192.00,1,0,0
28372,3.316,57.80,192.00,1,0,0
28375,3.316,58.00,193.00,1,0,0
28377,3.316,58.00,192.00,1,0,0
28380,3.316,58.10,193.00,1,0,0
28382,3.316,57.70,192.00,1,0,0
28385,3.316,57.70,192.00,1,0,0
28387,3.316,57.70,192.00,1,0,0
28400,3.320,57.70,192.00,1,0,0
28402,3.316,57.80,192.00,1,0,0
28405,3.316,57.70,192.00,1,0,0
28407,3.316,58.10,193.00,1,0,0
28410,3.316,58.00,193.00,1,0,0
28412,3.320,58.00,193.00,1,0,0
28415,3.316,57.70,192.00,1,0,0
28417,3.316,57.80,192.00,1,0,0
28419,3.316,57.70,192.00,1,0,0
28422,3.316,58.00,192.00,1,0,0
28424,3.320,58.00,193.00,1,0,0
28427,3.320,58.00,193.00,1,0,0
28429,3.320,58.00,193.00,1,0,0
28432,3.316,57.80,192.00,1,0,0
28445,3.316,73.40,242.00,1,0,0
28447,3.316,57.80,192.00,1,0,0
28449,3.316,57.70,192.00,1,0,0
28452,3.316,57.80,192.00,1,0,0
28454,3.316,57.80,192.00,1,0,0
28457,3.316,58.10,193.00,1,0,0
28459,3.316,58.10,193.00,1,0,0
28462,3.316,58.10,192.00,1,0,0
28464,3.316,57.80,192.00,1,0,0
28467,3.320,57.70,192.00,1,0,0
28469,3.316,57.80,192.00,1,0,0
28472,3.316,58.00,192.00,1,0,0
28474,3.316,58.00,193.00,1,0,0
28477,3.316,58.00,192.00,1,0,0
28489,3.316,58.10,193.00,1,0,0
28492,3.316,58.10,193.00,1,0,0
28494,3.316,90.00,298.00,1,0,0
28497,3.316,57.70,192.00,1,0,0
28499,3.316,57.80,192.00,1,0,0
28502,3.316,57.70,192.00,1,0,0
28504,3.316,58.10,193.00,1,0,0
28507,3.316,58.00,192.00,1,0,0
28509,3.316,58.10,193.00,1,0,0
28512,3.316,58.00,192.00,1,0,0
28514,3.316,57.80,192.00,1,0,0
28516,3.316,57.70,192.00,1,0,0
28519,3.316,57.80,192.00,1,0,0
28521,3.316,58.00,192.00,1,0,0
28534,3.316,57.70,192.00,1,0,0
28537,3.320,58.00,193.00,1,0,0
28539,3.320,58.10,193.00,1,0,0
28542,3.316,58.00,192.00,1,0,0
28544,3.316,58.80,306.00,1,0,0
28546,3.316,57.70,192.00,1,0,0
28549,3.320,57.70,192.00,1,0,0
28551,3.316,57.80,192.00,1,0,0
28554,3.320,58.20,193.00,1,0,0
28556,3.316,58.10,193.00,1,0,0
28559,3.316,58.00,192.00,1,0,0
28561,3.316,57.70,192.00,1,0,0
28564,3.316,57.70,192.00,1,0,0
28566,3.316,57.80,192.00,1,0,0
28579,3.320,57.80,192.00,1,0,0
28581,3.316,57.80,192.00,1,0,0
28584,3.316,57.70,192.00,1,0,0
28586,3.316,58.10,193.00,1,0,0
28589,3.316,58.00,192.00,1,0,0
28591,3.316,58.10,193.00,1,0,0
28594,3.316,57.80,192.00,1,0,0
28596,3.316,57.70,192.00,1,0,0
28599,3.316,57.80,192.00,1,0,0
28601,3.316,57.80,192.00,1,0,0
28604,3.316,59.00,193.00,1,0,0
28606,3.316,58.10,193.00,1,0,0
28609,3.316,58.10,193.00,1,0,0
28611,3.316,57.70,192.00,1,0,0
28624,3.316,58.80,195.00,1,0,0
28626,3.316,58.00,192.00,1,0,0
28629,3.316,57.80,192.00,1,0,0
28631,3.316,57.70,192.00,1,0,0
28634,3.316,57.70,192.00,1,0,0
28636,3.316,58.10,193.00,1,0,0
28638,3.320,58.00,193.00,1,0,0
28641,3.320,58.10,193.00,1,0,0
28643,3.316,57.80,192.00,1,0,0
28646,3.316,57.70,192.00,1,0,0
28648,3.316,57.80,192.00,1,0,0
28651,3.316,58.10,193.00,1,0,0
28653,3.316,58.10,193.00,1,0,0
28656,3.320,58.00,192.00,1,0,0
28668,3.316,58.10,193.00,1,0,0
28671,3.320,58.00,192.00,1,0,0
28673,3.316,58.10,193.00,1,0,0
28676,3.316,57.80,192.00,1,0,0
28678,3.316,57.70,192.00,1,0,0
28681,3.316,57.80,192.00,1,0,0
28683,3.320,58.30,193.00,1,0,0
28686,3.316,58.00,192.00,1,0,0
28688,3.316,58.10,193.00,1,0,0
28691,3.316,58.10,193.00,1,0,0
28693,3.316,57.70,192.00,1,0,0
28696,3.312,57.70,192.00,1,0,0
28698,3.320,57.80,192.00,1,0,0
28701,3.316,58.00,192.00,1,0,0
28713,3.316,57.70,192.00,1,0,0
28716,3.316,58.00,192.00,1,0,0
28718,3.320,58.00,193.00,1,0,0
28721,3.316,58.10,192.00,1,0,0
28723,3.316,58.70,195.00,1,0,0
28726,3.316,57.70,192.00,1,0,0
28728,3.320,57.80,192.00,1,0,0
28731,3.316,57.80,192.00,1,0,0
28733,3.320,58.10,193.00,1,0,0
28735,3.316,58.10,193.00,1,0,0
28738,3.316,58.00,193.00,1,0,0
28740,3.316,57.70,192.00,1,0,0
28743,3.316,57.70,192.00,1,0,0
28745,3.312,85.70,192.00,1,0,0
28758,3.316,57.80,192.00,1,0,0
28761,3.316,57.80,192.00,1,0,0
28763,3.316,57.80,192.00,1,0,0
28765,3.316,58.10,192.00,1,0,0
28768,3.316,58.10,193.00,1,0,0
28770,3.316,58.10,193.00,1,0,0
28773,3.316,58.10,192.00,1,0,0
28775,3.316,57.80,192.00,1,0,0
28778,3.316,57.80,192.00,1,0,0
28780,3.316,57.80,192.00,1,0,0
28783,3.316,58.00,195.00,1,0,0
28785,3.316,58.10,193.00,1,0,0
28788,3.316,58.10,193.00,1,0,0
28790,3.316,57.80,192.00,1,0,0
28803,3.316,58.10,195.00,1,0,0
28805,3.316,57.80,192.00,1,0,0
28808,3.316,57.70,192.00,1,0,0
28810,3.316,57.70,192.00,1,0,0
28813,3.320,57.70,192.00,1,0,0
28815,3.320,58.00,193.00,1,0,0
28818,3.316,58.00,193.00,1,0,0
28820,3.316,58.10,193.00,1,0,0
28823,3.316,57.80,192.00,1,0,0
28825,3.316,57.70,192.00,1,0,0
28828,3.316,57.70,192.00,1,0,0
28830,3.316,58.10,193.00,1,0,0
28833,3.316,58.10,193.00,1,0,0
28835,3.320,58.00,192.00,1,0,0
28848,3.320,58.00,192.00,1,0,0
28850,3.316,58.00,192.00,1,0,0
28853,3.316,58.10,193.00,1,0,0
28855,3.320,57.80,192.00,1,0,0
28858,3.316,57.70,192.00,1,0,0
28860,3.316,57.80,192.00,1,0,0
28862,3.316,57.70,195.00,1,0,0
28865,3.316,58.00,192.00,1,0,0
28867,3.316,58.00,192.00,1,0,0
28870,3.316,58.00,193.00,1,0,0
28872,3.320,57.80,192.00,1,0,0
28875,3.316,57.70,192.00,1,0,0
28877,3.316,57.70,192.00,1,0,0
28880,3.316,58.10,193.00,1,0,0
28892,3.316,57.80,192.00,1,0,0
28895,3.320,59.40,197.00,1,0,0
28897,3.316,58.10,193.00,1,0,0
28900,3.316,58.10,193.00,1,0,0
28902,3.316,58.10,193.00,1,0,0
28905,3.316,57.80,192.00,1,0,0
28907,3.316,57.80,192.00,1,0,0
28910,3.316,57.80,192.00,1,0,0
28912,3.320,58.10,193.00,1,0,0
28915,3.316,58.00,192.00,1,0,0
28917,3.316,58.10,193.00,1,0,0
28920,3.320,58.00,193.00,1,0,0
28922,3.316,57.80,192.00,1,0,0
28925,3.316,57.80,192.00,1,0,0
28937,3.320,57.80,192.00,1,0,0
28940,3.316,57.80,192.00,1,0,0
28942,3.316,57.80,192.00,1,0,0
28945,3.316,57.90,193.00,1,0,0
28947,3.316,58.00,193.00,1,0,0
28950,3.316,58.10,193.00,1,0,0
28952,3.316,58.10,192.00,1,0,0
28955,3.316,57.70,192.00,1,0,0
28957,3.320,57.70,192.00,1,0,0
28959,3.320,57.70,192.00,1,0,0
28962,3.316,58.00,193.00,1,0,0
28964,3.316,58.10,193.00,1,0,0
28967,3.316,58.10,192.00,1,0,0
28969,3.316,57.70,192.00,1,0,0
28982,3.316,58.00,192.00,1,0,0
28984,3.316,58.10,193.00,1,0,0
28987,3.316,57.80,192.00,1,0,0
28989,3.316,57.80,192.00,1,0,0
28992,3.316,57.70,192.00,1,0,0
28994,3.320,58.10,192.00,1,0,0
28997,3.316,58.10,192.00,1,0,0
28999,3.316,58.10,193.00,1,0,0
29002,3.316,57.80,192.00,1,0,0
29004,3.316,57.80,192.00,1,0,0
29007,3.316,57.80,192.00,1,0,0
29009,3.320,57.80,192.00,1,0,0
29012,3.320,58.00,192.00,1,0,0
29014,3.316,58.10,193.00,1,0,0
29027,3.320,58.00,193.00,1,0,0
29029,3.320,58.10,193.00,1,0,0
29032,3.316,58.10,193.00,1,0,0
29034,3.316,57.70,192.00,1,0,0
29037,3.316,57.70,192.00,1,0,0
29039,3.316,57.80,192.00,1,0,0
29042,3.320,57.80,192.00,1,0,0
29044,3.316,59.30,195.00,1,0,0
29047,3.316,58.00,192.00,1,0,0
29049,3.316,58.00,192.00,1,0,0
29052,3.316,57.80,192.00,1,0,0
29054,3.316,57.80,192.00,1,0,0
29056,3.316,57.70,192.00,1,0,0
29059,3.316,58.10,193.00,1,0,0
29072,3.316,57.80,192.00,1,0,0
29074,3.316,57.70,192.00,1,0,0
29077,3.320,58.10,193.00,1,0,0
29079,3.316,58.00,193.00,1,0,0
29081,3.316,58.00,192.00,1,0,0
29084,3.316,57.80,192.00,1,0,0
29086,3.316,57.70,192.00,1,0,0
29089,3.316,57.80,192.00,1,0,0
29091,3.316,57.90,192.00,1,0,0
29094,3.320,58.00,206.00,1,0,0
29096,3.300,58.00,192.00,1,0,0
29099,3.316,58.00,192.00,1,0,0
29101,3.320,57.70,192.00,1,0,0
29104,3.316,57.80,192.00,1,0,0
29116,3.316,57.70,192.00,1,0,0
29119,3.316,57.80,192.00,1,0,0
29121,3.316,57.80,192.00,1,0,0
29124,3.316,58.00,192.00,1,0,0
29126,3.316,58.10,193.00,1,0,0
29129,3.320,58.00,193.00,1,0,0
29131,3.316,58.10,193.00,1,0,0
29134,3.316,57.70,192.00,1,0,0
29136,3.316,57.80,192.00,1,0,0
29139,3.316,57.70,192.00,1,0,0
29141,3.316,58.00,192.00,1,0,0
29144,3.316,58.80,213.00,1,0,0
29146,3.300,58.00,193.00,1,0,0
29149,3.320,57.70,192.00,1,0,0
29161,3.316,58.10,193.00,1,0,0
29164,3.316,58.80,195.00,1,0,0
29166,3.316,57.70,192.00,1,0,0
29169,3.316,57.70,192.00,1,0,0
29171,3.316,57.80,192.00,1,0,0
29174,3.316,58.10,193.00,1,0,0
29176,3.316,58.10,193.00,1,0,0
29178,3.316,58.00,192.00,1,0,0
29181,3.316,58.00,192.00,1,0,0
29183,3.320,57.70,192.00,1,0,0
29186,3.316,57.70,192.00,1,0,0
29188,3.316,57.70,192.00,1,0,0
29191,3.316,58.00,192.00,1,0,0
29193,3.316,58.00,192.00,1,0,0
29206,3.316,58.00,192.00,1,0,0
29208,3.316,58.10,193.00,1,0,0
29211,3.316,58.00,192.00,1,0,0
29213,3.316,57.90,192.00,1,0,0
29216,3.316,57.80,192.00,1,0,0
29218,3.316,57.70,192.00,1,0,0
29221,3.320,57.80,192.00,1,0,0
29223,3.316,58.80,195.00,1,0,0
29226,3.316,58.00,193.00,1,0,0
29228,3.316,58.10,193.00,1,0,0
29231,3.320,57.70,192.00,1,0,0
29233,3.316,57.80,192.00,1,0,0
29236,3.316,57.70,192.00,1,0,0
29238,3.316,58.00,192.00,1,0,0
29251,3.316,57.70,192.00,1,0,0
29253,3.320,57.70,192.00,1,0,0
29256,3.316,58.10,193.00,1,0,0
29258,3.316,58.00,192.00,1,0,0
29261,3.316,58.00,192.00,1,0,0
29263,3.316,57.90,192.00,1,0,0
29266,3.316,57.70,192.00,1,0,0
29268,3.316,57.80,192.00,1,0,0
29271,3.320,57.80,192.00,1,0,0
29273,3.316,58.00,192.00,1,0,0
29275,3.316,58.10,193.00,1,0,0
29278,3.320,58.00,192.00,1,0,0
29280,3.316,57.60,192.00,1,0,0
29283,3.316,57.70,192.00,1,0,0
29296,3.316,57.80,192.00,1,0,0
29298,3.320,57.70,192.00,1,0,0
29301,3.316,57.70,192.00,1,0,0
29303,3.316,57.70,192.00,1,0,0
29305,3.316,58.00,192.00,1,0,0
29308,3.316,58.10,192.00,1,0,0
29310,3.316,58.10,193.00,1,0,0
29313,3.316,57.70,192.00,1,0,0
29315,3.316,57.70,192.00,1,0,0
29318,3.320,57.70,192.00,1,0,0
29320,3.316,58.10,193.00,1,0,0
29323,3.316,58.00,195.00,1,0,0
29325,3.316,58.00,192.00,1,0,0
29328,3.316,58.00,192.00,1,0,0
29340,3.316,58.10,193.00,1,0,0
29343,3.320,58.00,195.00,1,0,0
29345,3.316,57.70,192.00,1,0,0
29348,3.316,57.70,192.00,1,0,0
29350,3.316,57.80,192.00,1,0,0
29353,3.316,58.10,193.00,1,0,0
29355,3.320,58.00,193.00,1,0,0
29358,3.316,58.10,193.00,1,0,0
29360,3.320,58.10,192.00,1,0,0
29363,3.316,57.70,192.00,1,0,0
29365,3.316,57.80,192.00,1,0,0
29368,3.316,57.80,192.00,1,0,0
29370,3.316,58.00,192.00,1,0,0
29372,3.320,58.00,192.00,1,0,0
29385,3.316,58.00,192.00,1,0,0
29388,3.320,58.10,193.00,1,0,0
29390,3.320,58.10,193.00,1,0,0
29393,3.316,58.00,193.00,1,0,0
29395,3.316,93.70,192.00,1,0,0
29398,3.320,57.70,192.00,1,0,0
29400,3.316,57.70,192.00,1,0,0
29402,3.316,58.00,195.00,1,0,0
29405,3.316,58.10,193.00,1,0,0
29407,3.320,58.10,193.00,1,0,0
29410,3.316,57.90,192.00,1,0,0
29412,3.316,57.70,192.00,1,0,0
29415,3.316,57.70,192.00,1,0,0
29417,3.316,57.70,192.00,1,0,0
29430,3.316,57.70,192.00,1,0,0
29432,3.316,57.80,192.00,1,0,0
29435,3.316,58.00,192.00,1,0,0
29437,3.316,58.10,193.00,1,0,0
29440,3.320,58.00,192.00,1,0,0
29442,3.316,57.80,192.00,1,0,0
29445,3.316,90.20,300.00,1,0,0
29447,3.316,57.70,192.00,1,0,0
29450,3.316,57.80,192.00,1,0,0
29452,3.320,58.00,192.00,1,0,0
29455,3.316,58.10,193.00,1,0,0
29457,3.316,58.00,192.00,1,0,0
29460,3.316,57.70,192.00,1,0,0
29462,3.316,57.70,192.00,1,0,0
29475,3.320,58.00,192.00,1,0,0
29477,3.316,57.70,192.00,1,0,0
29480,3.316,57.70,192.00,1,0,0
29482,3.316,57.70,192.00,1,0,0
29485,3.316,58.00,193.00,1,0,0
29487,3.320,58.10,193.00,1,0,0
29490,3.316,58.00,192.00,1,0,0
29492,3.316,57.80,192.00,1,0,0
29495,3.316,86.80,288.00,1,0,0
29497,3.316,57.80,192.00,1,0,0
29499,3.316,57.80,193.00,1,0,0
29502,3.316,58.10,193.00,1,0,0
29504,3.316,58.10,193.00,1,0,0
29507,3.316,58.10,192.00,1,0,0
29520,3.316,58.00,192.00,1,0,0
29522,3.316,58.10,193.00,1,0,0
29524,3.316,57.70,192.00,1,0,0
29527,3.316,57.70,192.00,1,0,0
29529,3.316,57.60,192.00,1,0,0
29532,3.316,58.00,192.00,1,0,0
29534,3.316,58.10,193.00,1,0,0
29537,3.316,58.10,193.00,1,0,0
29539,3.316,58.10,193.00,1,0,0
29542,3.316,57.80,192.00,1,0,0
29544,3.316,57.80,285.00,1,0,0
29547,3.316,57.60,192.00,1,0,0
29549,3.316,58.00,192.00,1,0,0
29552,3.316,58.00,192.00,1,0,0
29564,3.316,57.70,192.00,1,0,0
29567,3.316,58.10,192.00,1,0,0
29569,3.316,58.00,193.00,1,0,0
29572,3.316,58.10,193.00,1,0,0
29574,3.316,57.70,192.00,1,0,0
29577,3.316,57.70,192.00,1,0,0
29579,3.316,57.70,192.00,1,0,0
29582,3.316,58.00,192.00,1,0,0
29584,3.316,58.10,193.00,1,0,0
29587,3.316,58.10,193.00,1,0,0
29589,3.316,58.10,192.00,1,0,0
29592,3.316,57.80,192.00,1,0,0
29594,3.316,57.70,192.00,1,0,0
29596,3.316,57.60,192.00,1,0,0
29609,3.320,57.80,192.00,1,0,0
29612,3.316,57.60,192.00,1,0,0
29614,3.316,58.00,192.00,1,0,0
29617,3.320,58.00,192.00,1,0,0
29619,3.316,58.10,192.00,1,0,0
29621,3.316,58.00,192.00,1,0,0
29624,3.316,57.70,192.00,1,0,0
29626,3.316,57.80,192.00,1,0,0
29629,3.316,57.70,192.00,1,0,0
29631,3.316,58.00,192.00,1,0,0
29634,3.316,58.10,192.00,1,0,0
29636,3.316,58.00,192.00,1,0,0
29639,3.316,57.70,192.00,1,0,0
29641,3.316,57.80,192.00,1,0,0
29654,3.316,58.00,192.00,1,0,0
29656,3.316,57.70,192.00,1,0,0
29659,3.316,57.70,192.00,1,0,0
29661,3.316,57.70,192.00,1,0,0
29664,3.316,58.10,193.00,1,0,0
29666,3.316,58.00,192.00,1,0,0
29669,3.316,58.00,193.00,1,0,0
29671,3.320,57.70,192.00,1,0,0
29674,3.316,57.70,192.00,1,0,0
29676,3.316,57.70,192.00,1,0,0
29679,3.316,57.80,192.00,1,0,0
29681,3.316,58.00,192.00,1,0,0
29684,3.316,58.80,195.00,1,0,0
29686,3.316,58.00,192.00,1,0,0
29699,3.316,57.90,193.00,1,0,0
29701,3.316,58.10,193.00,1,0,0
29704,3.316,58.30,193.00,1,0,0
29706,3.316,57.80,192.00,1,0,0
29709,3.316,57.80,192.00,1,0,0
29711,3.320,57.70,192.00,1,0,0
29714,3.316,58.00,192.00,1,0,0
29716,3.316,58.00,192.00,1,0,0
29718,3.316,58.00,192.00,1,0,0
29721,3.316,57.80,192.00,1,0,0
29723,3.316,57.80,192.00,1,0,0
29726,3.316,57.70,192.00,1,0,0
29728,3.320,58.00,192.00,1,0,0
29731,3.320,58.10,193.00,1,0,0
29744,3.320,57.70,190.00,1,0,0
29746,3.296,57.90,192.00,1,0,0
29748,3.316,58.10,193.00,1,0,0
29751,3.316,58.00,192.00,1,0,0
29753,3.316,57.70,192.00,1,0,0
29756,3.316,57.70,192.00,1,0,0
29758,3.320,57.70,192.00,1,0,0
29761,3.316,58.00,193.00,1,0,0
29763,3.320,58.80,195.00,1,0,0
29766,3.316,58.00,192.00,1,0,0
29768,3.316,58.00,192.00,1,0,0
29771,3.316,57.70,192.00,1,0,0
29773,3.316,57.70,192.00,1,0,0
29776,3.316,57.70,192.00,1,0,0
29788,3.316,57.80,192.00,1,0,0
29791,3.316,57.80,192.00,1,0,0
29793,3.320,58.00,192.00,1,0,0
29796,3.296,58.20,193.00,1,0,0
29798,3.316,58.10,193.00,1,0,0
29801,3.316,58.10,193.00,1,0,0
29803,3.320,57.80,192.00,1,0,0
29806,3.316,57.80,192.00,1,0,0
29808,3.320,57.80,192.00,1,0,0
29811,3.316,58.00,192.00,1,0,0
29813,3.316,58.00,192.00,1,0,0
29815,3.316,58.00,192.00,1,0,0
29818,3.316,58.00,192.00,1,0,0
29820,3.316,57.80,192.00,1,0,0
29833,3.316,58.00,193.00,1,0,0
29836,3.320,57.70,192.00,1,0,0
29838,3.316,57.70,192.00,1,0,0
29840,3.316,57.70,192.00,1,0,0
29843,3.316,58.70,195.00,1,0,0
29845,3.296,58.10,193.00,1,0,0
29848,3.316,57.90,193.00,1,0,0
29850,3.320,57.80,192.00,1,0,0
29853,3.320,57.70,192.00,1,0,0
29855,3.316,57.70,192.00,1,0,0
29858,3.320,57.70,192.00,1,0,0
29865,3.320,58.00,192.00,1,0,0
29868,3.320,57.70,192.00,1,0,0
29870,3.316,57.70,192.00,1,0,0
29873,3.316,57.70,192.00,1,0,0
29875,3.316,58.00,193.00,1,0,0
29878,3.316,58.00,192.00,1,0,0
29880,3.316,58.00,192.00,1,0,0
29882,3.316,58.00,192.00,1,0,0
29885,3.316,57.70,192.00,1,0,0
29887,3.316,57.70,192.00,1,0,0
29900,3.316,57.70,192.00,1,0,0
29903,3.320,57.70,192.00,1,0,0
29905,3.316,57.80,192.00,1,0,0
29908,3.316,57.80,192.00,1,0,0
29910,3.316,58.10,193.00,1,0,0
29912,3.316,58.10,193.00,1,0,0
29915,3.320,58.00,192.00,1,0,0
29917,3.316,57.80,192.00,1,0,0
29920,3.316,57.80,192.00,1,0,0
29922,3.320,57.80,192.00,1,0,0
29925,3.316,58.00,192.00,1,0,0
29927,3.320,58.00,193.00,1,0,0
29930,3.316,58.00,192.00,1,0,0
29932,3.316,57.70,192.00,1,0,0
29945,3.316,64.40,193.00,1,0,0
29947,3.316,58.00,192.00,1,0,0
29950,3.316,57.70,192.00,1,0,0
29952,3.316,57.70,192.00,1,0,0
29955,3.316,57.70,192.00,1,0,0
29957,3.316,58.00,192.00,1,0,0
29960,3.316,58.10,193.00,1,0,0
29962,3.320,58.00,192.00,1,0,0
29965,3.316,57.80,192.00,1,0,0
29967,3.316,57.70,192.00,1,0,0
29970,3.316,57.70,192.00,1,0,0
29972,3.316,57.80,192.00,1,0,0
29975,3.316,58.00,192.00,1,0,0
29977,3.316,58.00,192.00,1,0,0
29990,3.316,58.00,193.00,1,0,0
29992,3.316,58.00,192.00,1,0,0
29995,3.316,64.50,213.00,1,0,0
29997,3.316,58.00,192.00,1,0,0
30000,3.316,57.70,192.00,1,0,0
30002,3.316,57.70,192.00,1,0,0
30005,3.316,57.70,192.00,1,0,0
30007,3.316,58.00,192.00,1,0,0
30009,3.320,58.00,192.00,1,0,0
30012,3.316,58.00,192.00,1,0,0
30014,3.316,57.70,192.00,1,0,0
30017,3.316,57.70,192.00,1,0,0
30019,3.316,57.70,192.00,1,0,0
30022,3.316,58.10,193.00,1,0,0
30034,3.316,57.80,192.00,1,0,0
30037,3.316,57.70,192.00,1,0,0
30039,3.316,58.00,192.00,1,0,0
30042,3.316,58.00,192.00,1,0,0
30044,3.316,77.20,256.00,1,0,0
30047,3.316,57.80,192.00,1,0,0
30049,3.316,57.80,192.00,1,0,0
30052,3.320,57.70,192.00,1,0,0
30054,3.316,57.90,192.00,1,0,0
30057,3.316,58.10,192.00,1,0,0
30059,3.316,58.10,193.00,1,0,0
30062,3.320,58.00,192.00,1,0,0
30064,3.316,57.80,192.00,1,0,0
30067,3.316,57.80,192.00,1,0,0
30079,3.316,57.80,192.00,1,0,0
30082,3.316,57.80,192.00,1,0,0
30084,3.316,57.80,192.00,1,0,0
30087,3.316,58.00,192.00,1,0,0
30089,3.316,58.00,192.00,1,0,0
30092,3.316,58.10,193.00,1,0,0
30094,3.316,58.00,303.00,1,0,0
30097,3.316,57.70,192.00,1,0,0
30099,3.316,57.70,192.00,1,0,0
30102,3.316,57.80,192.00,1,0,0
30104,3.320,58.80,195.00,1,0,0
30106,3.316,58.00,192.00,1,0,0
30109,3.316,58.00,192.00,1,0,0
30111,3.316,57.90,192.00,1,0,0
30124,3.316,58.80,195.00,1,0,0
30127,3.316,58.00,192.00,1,0,0
30129,3.316,57.80,192.00,1,0,0
30131,3.316,57.70,192.00,1,0,0
30134,3.316,57.70,192.00,1,0,0
30136,3.320,58.00,193.00,1,0,0
30139,3.320,58.10,193.00,1,0,0
30141,3.316,58.10,193.00,1,0,0
30144,3.316,58.10,193.00,1,0,0
30146,3.316,57.70,192.00,1,0,0
30149,3.316,57.70,192.00,1,0,0
30151,3.316,57.80,192.00,1,0,0
30154,3.316,58.00,193.00,1,0,0
30156,3.316,58.10,193.00,1,0,0
30169,3.316,58.00,192.00,1,0,0
30171,3.316,58.00,192.00,1,0,0
30174,3.316,58.10,193.00,1,0,0
30176,3.316,58.10,193.00,1,0,0
30179,3.316,57.70,192.00,1,0,0
30181,3.320,57.70,192.00,1,0,0
30184,3.316,57.70,192.00,1,0,0
30186,3.316,58.00,192.00,1,0,0
30189,3.316,58.10,192.00,1,0,0
30191,3.316,58.00,192.00,1,0,0
30194,3.316,57.70,192.00,1,0,0
30196,3.316,57.70,192.00,1,0,0
30199,3.316,57.70,192.00,1,0,0
30201,3.316,57.90,192.00,1,0,0
30214,3.316,57.70,192.00,1,0,0
30216,3.316,57.70,192.00,1,0,0
30219,3.320,58.00,192.00,1,0,0
30221,3.316,58.10,193.00,1,0,0
30224,3.320,58.00,192.00,1,0,0
30226,3.316,58.00,192.00,1,0,0
30228,3.316,57.80,192.00,1,0,0
30231,3.316,57.70,192.00,1,0,0
30233,3.316,57.70,192.00,1,0,0
30236,3.316,58.10,193.00,1,0,0
30238,3.316,58.00,192.00,1,0,0
30241,3.316,58.00,192.00,1,0,0
30243,3.316,57.80,192.00,1,0,0
30246,3.316,57.60,192.00,1,0,0
30258,3.316,57.80,192.00,1,0,0
30261,3.320,57.70,192.00,1,0,0
30263,3.316,57.60,192.00,1,0,0
30266,3.316,57.70,192.00,1,0,0
30268,3.316,58.00,192.00,1,0,0
30271,3.316,58.00,192.00,1,0,0
30273,3.316,58.00,192.00,1,0,0
30276,3.316,57.80,192.00,1,0,0
30278,3.316,57.80,192.00,1,0,0
30281,3.316,57.70,192.00,1,0,0
30283,3.316,58.00,192.00,1,0,0
30286,3.320,58.10,192.00,1,0,0
30288,3.316,58.00,192.00,1,0,0
30291,3.316,58.00,192.00,1,0,0
30303,3.316,58.10,193.00,1,0,0
30306,3.316,58.00,192.00,1,0,0
30308,3.316,57.80,192.00,1,0,0
30311,3.316,57.80,192.00,1,0,0
30313,3.316,57.80,192.00,1,0,0
30316,3.316,57.70,193.00,1,0,0
30318,3.316,58.10,193.00,1,0,0
30321,3.316,58.00,192.00,1,0,0
30323,3.316,58.00,192.00,1,0,0
30325,3.316,57.70,192.00,1,0,0
30328,3.316,57.80,192.00,1,0,0
30330,3.316,57.70,192.00,1,0,0
30333,3.316,58.00,192.00,1,0,0
30335,3.316,58.10,193.00,1,0,0
30348,3.320,57.90,192.00,1,0,0
30351,3.316,58.00,193.00,1,0,0
30353,3.316,58.10,193.00,1,0,0
30355,3.320,58.10,193.00,1,0,0
30358,3.316,57.80,192.00,1,0,0
30360,3.316,57.70,192.00,1,0,0
30363,3.316,57.80,192.00,1,0,0
30365,3.312,58.10,193.00,1,0,0
30368,3.316,58.00,192.00,1,0,0
30370,3.316,58.10,193.00,1,0,0
30373,3.316,58.00,192.00,1,0,0
30375,3.316,57.70,192.00,1,0,0
30378,3.316,57.80,192.00,1,0,0
30380,3.316,57.70,192.00,1,0,0
30393,3.316,57.80,192.00,1,0,0
30395,3.312,85.60,192.00,1,0,0
30398,3.316,58.00,192.00,1,0,0
30400,3.316,58.00,192.00,1,0,0
30403,3.316,58.00,193.00,1,0,0
30405,3.316,57.80,192.00,1,0,0
30408,3.316,57.70,192.00,1,0,0
30410,3.316,57.70,192.00,1,0,0
30413,3.316,57.80,192.00,1,0,0
30415,3.316,58.00,193.00,1,0,0
30418,3.316,58.00,192.00,1,0,0
30420,3.316,58.00,192.00,1,0,0
30422,3.316,57.70,192.00,1,0,0
30425,3.316,57.70,192.00,1,0,0
30438,3.316,58.10,193.00,1,0,0
30440,3.316,57.70,192.00,1,0,0
30443,3.316,57.70,192.00,1,0,0
30445,3.304,68.20,226.00,1,0,0
30448,3.316,58.10,193.00,1,0,0
30450,3.316,58.10,193.00,1,0,0
30452,3.316,58.00,192.00,1,0,0
30455,3.316,57.80,192.00,1,0,0
30457,3.316,57.70,192.00,1,0,0
30460,3.316,57.80,192.00,1,0,0
30462,3.316,57.80,192.00,1,0,0
30465,3.316,58.80,193.00,1,0,0
30467,3.316,58.00,192.00,1,0,0
30470,3.316,58.00,192.00,1,0,0
30482,3.316,58.10,193.00,1,0,0
30485,3.316,58.70,193.00,1,0,0
30487,3.320,57.70,192.00,1,0,0
30490,3.316,57.80,192.00,1,0,0
30492,3.316,57.70,192.00,1,0,0
30495,3.316,59.10,197.00,1,0,0
30497,3.316,58.00,192.00,1,0,0
30500,3.316,58.00,193.00,1,0,0
30502,3.320,58.00,192.00,1,0,0
30505,3.316,57.70,192.00,1,0,0
30507,3.316,57.70,192.00,1,0,0
30510,3.316,57.90,192.00,1,0,0
30512,3.316,58.00,192.00,1,0,0
30515,3.316,58.00,192.00,1,0,0
30527,3.316,57.80,192.00,1,0,0
30530,3.316,58.00,192.00,1,0,0
30532,3.316,58.00,192.00,1,0,0
30535,3.316,58.00,192.00,1,0,0
30537,3.320,57.80,192.00,1,0,0
30540,3.316,57.80,192.00,1,0,0
30542,3.316,57.70,192.00,1,0,0
30545,3.320,58.20,192.00,1,0,0
30547,3.316,58.00,192.00,1,0,0
30549,3.316,58.00,193.00,1,0,0
30552,3.316,58.10,192.00,1,0,0
30554,3.316,57.80,192.00,1,0,0
30557,3.316,57.70,192.00,1,0,0
30559,3.316,57.70,192.00,1,0,0
30572,3.316,57.70,192.00,1,0,0
30574,3.316,57.70,192.00,1,0,0
30577,3.316,58.00,192.00,1,0,0
30579,3.316,58.00,192.00,1,0,0
30582,3.316,58.00,192.00,1,0,0
30584,3.316,58.80,195.00,1,0,0
30587,3.320,57.70,192.00,1,0,0
30589,3.316,57.70,192.00,1,0,0
30592,3.316,57.80,192.00,1,0,0
30594,3.316,58.20,192.00,1,0,0
30597,3.316,58.00,192.00,1,0,0
30599,3.316,58.00,192.00,1,0,0
30602,3.316,57.70,192.00,1,0,0
30604,3.316,57.80,192.00,1,0,0
30617,3.316,58.00,193.00,1,0,0
30619,3.316,57.70,192.00,1,0,0
30622,3.316,57.70,192.00,1,0,0
30624,3.316,57.70,192.00,1,0,0
30627,3.316,58.00,192.00,1,0,0
30629,3.316,58.00,192.00,1,0,0
30632,3.316,58.00,192.00,1,0,0
30634,3.320,58.00,192.00,1,0,0
30637,3.316,57.80,192.00,1,0,0
30639,3.316,57.80,192.00,1,0,0
30642,3.316,57.70,192.00,1,0,0
30644,3.316,60.40,200.00,1,0,0
30646,3.316,58.00,192.00,1,0,0
30649,3.316,57.90,193.00,1,0,0
30662,3.316,58.00,192.00,1,0,0
30664,3.320,58.80,195.00,1,0,0
30667,3.320,57.90,192.00,1,0,0
30669,3.316,57.70,192.00,1,0,0
30671,3.316,57.80,192.00,1,0,0
