timestamp_ms,voltage_V,current_mA,power_mW,marker_ble,marker_wifi,marker_sleep
0,3.316,57.90,192.00,1,0,0
3,3.316,57.90,192.00,1,0,0
5,3.316,57.90,192.00,1,0,0
8,3.316,57.60,192.00,1,0,0
10,3.316,57.60,192.00,1,0,0
13,3.316,57.60,192.00,1,0,0
15,3.316,57.90,192.00,1,0,0
18,3.316,57.90,192.00,1,0,0
20,3.316,57.90,192.00,1,0,0
22,3.316,57.90,192.00,1,0,0
25,3.316,57.60,192.00,1,0,0
27,3.316,89.70,298.00,1,0,0
30,3.316,57.50,192.00,1,0,0
32,3.316,57.90,192.00,1,0,0
35,3.316,57.90,192.00,1,0,0
37,3.316,58.70,192.00,1,0,0
40,3.316,57.60,192.00,1,0,0
42,3.316,57.50,190.00,1,0,0
45,3.316,57.60,192.00,1,0,0
47,3.316,57.90,192.00,1,0,0
50,3.316,57.90,192.00,1,0,0
52,3.316,57.90,192.00,1,0,0
55,3.316,58.00,192.00,1,0,0
57,3.316,57.60,192.00,1,0,0
70,3.316,57.80,192.00,1,0,0
72,3.316,57.70,192.00,1,0,0
75,3.316,57.60,192.00,1,0,0
77,3.316,86.70,287.00,1,0,0
80,3.320,57.50,190.00,1,0,0
82,3.316,57.80,192.00,1,0,0
84,3.316,57.80,192.00,1,0,0
87,3.316,58.70,195.00,1,0,0
89,3.316,57.60,190.00,1,0,0
92,3.316,57.50,190.00,1,0,0
94,3.316,57.50,190.00,1,0,0
97,3.320,57.90,192.00,1,0,0
99,3.316,57.80,192.00,1,0,0
102,3.316,57.90,192.00,1,0,0
104,3.316,57.90,192.00,1,0,0
107,3.316,57.60,192.00,1,0,0
109,3.316,57.60,192.00,1,0,0
112,3.316,57.50,190.00,1,0,0
114,3.316,57.80,192.00,1,0,0
117,3.316,57.80,192.00,1,0,0
119,3.316,57.80,192.00,1,0,0
132,3.316,57.80,192.00,1,0,0
134,3.316,57.80,192.00,1,0,0
137,3.316,58.70,195.00,1,0,0
139,3.316,57.60,192.00,1,0,0
142,3.316,57.50,190.00,1,0,0
144,3.316,57.50,190.00,1,0,0
146,3.316,57.90,192.00,1,0,0
149,3.316,57.80,192.00,1,0,0
151,3.316,57.90,192.00,1,0,0
154,3.316,57.50,190.00,1,0,0
156,3.316,57.50,190.00,1,0,0
159,3.316,57.50,190.00,1,0,0
161,3.316,57.50,190.00,1,0,0
164,3.316,57.80,192.00,1,0,0
166,3.316,57.80,192.00,1,0,0
169,3.316,57.80,192.00,1,0,0
171,3.316,57.50,190.00,1,0,0
174,3.316,57.50,192.00,1,0,0
176,3.316,57.60,190.00,1,0,0
189,3.316,57.60,192.00,1,0,0
191,3.316,57.50,190.00,1,0,0
194,3.316,57.60,192.00,1,0,0
196,3.316,57.90,192.00,1,0,0
199,3.316,57.80,192.00,1,0,0
201,3.316,57.80,192.00,1,0,0
204,3.316,57.60,190.00,1,0,0
206,3.316,57.50,190.00,1,0,0
209,3.316,57.50,190.00,1,0,0
211,3.316,57.50,192.00,1,0,0
213,3.316,57.80,192.00,1,0,0
216,3.316,57.80,192.00,1,0,0
218,3.316,57.80,192.00,1,0,0
221,3.320,57.60,192.00,1,0,0
223,3.316,57.60,192.00,1,0,0
226,3.316,57.60,190.00,1,0,0
228,3.312,57.80,192.00,1,0,0
231,3.316,57.80,192.00,1,0,0
233,3.316,57.90,192.00,1,0,0
246,3.316,57.80,192.00,1,0,0
248,3.316,57.90,192.00,1,0,0
251,3.316,57.90,192.00,1,0,0
253,3.316,57.50,192.00,1,0,0
256,3.316,57.60,192.00,1,0,0
258,3.316,57.50,190.00,1,0,0
261,3.316,57.80,192.00,1,0,0
263,3.316,57.90,192.00,1,0,0
266,3.316,57.80,192.00,1,0,0
268,3.316,57.80,192.00,1,0,0
271,3.316,57.60,190.00,1,0,0
273,3.316,57.60,192.00,1,0,0
276,3.316,57.50,190.00,1,0,0
278,3.308,73.90,192.00,1,0,0
280,3.316,57.80,192.00,1,0,0
283,3.316,57.80,192.00,1,0,0
285,3.316,57.70,190.00,1,0,0
288,3.316,57.60,192.00,1,0,0
290,3.316,57.60,192.00,1,0,0
303,3.316,57.50,190.00,1,0,0
305,3.316,57.60,192.00,1,0,0
308,3.316,57.60,192.00,1,0,0
310,3.316,57.90,192.00,1,0,0
313,3.316,57.90,192.00,1,0,0
315,3.316,57.80,192.00,1,0,0
318,3.316,57.60,192.00,1,0,0
320,3.320,57.50,190.00,1,0,0
323,3.316,57.60,192.00,1,0,0
325,3.316,57.60,192.00,1,0,0
328,3.300,61.40,203.00,1,0,0
330,3.316,57.80,192.00,1,0,0
333,3.316,57.80,192.00,1,0,0
335,3.316,57.50,190.00,1,0,0
338,3.316,57.50,190.00,1,0,0
340,3.316,57.60,192.00,1,0,0
342,3.316,57.80,192.00,1,0,0
345,3.316,57.80,192.00,1,0,0
347,3.316,57.80,192.00,1,0,0
360,3.316,57.80,192.00,1,0,0
363,3.316,57.90,192.00,1,0,0
365,3.316,57.80,192.00,1,0,0
368,3.316,57.80,190.00,1,0,0
370,3.316,57.60,192.00,1,0,0
372,3.316,57.60,192.00,1,0,0
375,3.316,57.50,192.00,1,0,0
377,3.316,58.80,195.00,1,0,0
380,3.320,57.70,192.00,1,0,0
382,3.316,57.80,192.00,1,0,0
385,3.316,57.50,190.00,1,0,0
387,3.316,57.60,192.00,1,0,0
390,3.316,57.60,190.00,1,0,0
392,3.316,57.90,192.00,1,0,0
395,3.316,57.80,192.00,1,0,0
397,3.316,57.80,192.00,1,0,0
400,3.316,57.70,192.00,1,0,0
402,3.316,57.70,192.00,1,0,0
405,3.316,57.60,192.00,1,0,0
417,3.316,57.60,192.00,1,0,0
420,3.316,57.60,192.00,1,0,0
422,3.316,57.60,192.00,1,0,0
425,3.316,57.80,192.00,1,0,0
427,3.316,57.80,192.00,1,0,0
430,3.316,57.80,192.00,1,0,0
432,3.316,57.90,192.00,1,0,0
435,3.316,57.50,192.00,1,0,0
437,3.316,57.50,190.00,1,0,0
439,3.316,57.50,190.00,1,0,0
442,3.316,57.80,192.00,1,0,0
444,3.316,57.90,192.00,1,0,0
447,3.316,57.80,192.00,1,0,0
449,3.316,57.80,190.00,1,0,0
452,3.316,57.50,190.00,1,0,0
454,3.316,57.60,192.00,1,0,0
457,3.316,57.60,192.00,1,0,0
459,3.316,57.90,192.00,1,0,0
462,3.316,57.90,192.00,1,0,0
474,3.316,57.90,192.00,1,0,0
477,3.316,57.90,190.00,1,0,0
479,3.316,57.80,192.00,1,0,0
482,3.316,57.80,192.00,1,0,0
484,3.316,57.60,192.00,1,0,0
487,3.316,57.50,192.00,1,0,0
489,3.316,57.50,190.00,1,0,0
492,3.316,57.90,192.00,1,0,0
494,3.320,57.80,192.00,1,0,0
497,3.316,57.80,192.00,1,0,0
499,3.316,57.50,190.00,1,0,0
502,3.316,57.70,192.00,1,0,0
504,3.320,57.50,190.00,1,0,0
506,3.316,57.60,192.00,1,0,0
509,3.316,57.90,192.00,1,0,0
511,3.316,57.80,192.00,1,0,0
514,3.316,57.90,192.00,1,0,0
516,3.316,57.60,192.00,1,0,0
519,3.320,57.50,190.00,1,0,0
531,3.316,57.80,190.00,1,0,0
534,3.316,57.60,192.00,1,0,0
536,3.316,57.60,192.00,1,0,0
539,3.316,57.60,192.00,1,0,0
541,3.320,57.90,192.00,1,0,0
544,3.316,57.90,192.00,1,0,0
551,3.320,57.50,192.00,1,0,0
554,3.316,57.60,192.00,1,0,0
556,3.320,57.90,192.00,1,0,0
559,3.316,57.80,192.00,1,0,0
561,3.320,57.90,192.00,1,0,0
564,3.320,57.80,192.00,1,0,0
566,3.320,57.60,192.00,1,0,0
568,3.320,57.60,192.00,1,0,0
571,3.316,57.60,192.00,1,0,0
573,3.316,57.90,192.00,1,0,0
576,3.316,57.90,192.00,1,0,0
578,3.296,58.00,192.00,1,0,0
581,3.316,57.60,192.00,1,0,0
583,3.316,57.60,192.00,1,0,0
586,3.316,57.60,192.00,1,0,0
588,3.316,57.60,192.00,1,0,0
591,3.316,57.90,192.00,1,0,0
593,3.316,57.80,192.00,1,0,0
596,3.316,57.90,192.00,1,0,0
608,3.316,57.90,192.00,1,0,0
611,3.316,57.80,192.00,1,0,0
613,3.316,57.80,192.00,1,0,0
616,3.316,57.50,190.00,1,0,0
618,3.316,57.50,190.00,1,0,0
621,3.316,57.50,190.00,1,0,0
623,3.316,57.80,192.00,1,0,0
626,3.320,57.80,192.00,1,0,0
628,3.300,58.00,192.00,1,0,0
631,3.316,57.60,190.00,1,0,0
633,3.316,57.60,192.00,1,0,0
635,3.316,57.50,190.00,1,0,0
638,3.320,57.50,192.00,1,0,0
640,3.316,57.90,192.00,1,0,0
643,3.316,57.90,192.00,1,0,0
645,3.316,57.90,192.00,1,0,0
648,3.316,57.50,190.00,1,0,0
650,3.316,57.60,192.00,1,0,0
653,3.316,57.60,192.00,1,0,0
665,3.316,57.50,192.00,1,0,0
668,3.316,57.60,192.00,1,0,0
670,3.316,57.50,190.00,1,0,0
673,3.316,57.90,192.00,1,0,0
675,3.316,57.90,192.00,1,0,0
678,3.316,57.90,192.00,1,0,0
680,3.316,57.50,190.00,1,0,0
683,3.320,57.50,192.00,1,0,0
685,3.320,57.60,192.00,1,0,0
688,3.316,58.40,193.00,1,0,0
690,3.316,57.80,192.00,1,0,0
693,3.316,57.90,192.00,1,0,0
695,3.316,57.80,192.00,1,0,0
698,3.316,57.50,190.00,1,0,0
700,3.316,57.50,190.00,1,0,0
702,3.316,57.60,192.00,1,0,0
705,3.320,57.90,192.00,1,0,0
707,3.316,57.80,192.00,1,0,0
710,3.316,57.80,192.00,1,0,0
723,3.316,57.80,192.00,1,0,0
725,3.316,57.80,192.00,1,0,0
727,3.316,64.30,192.00,1,0,0
730,3.316,57.50,190.00,1,0,0
732,3.316,57.50,190.00,1,0,0
735,3.316,57.60,192.00,1,0,0
737,3.316,60.30,200.00,1,0,0
740,3.320,57.80,192.00,1,0,0
742,3.316,57.90,192.00,1,0,0
745,3.316,57.60,192.00,1,0,0
747,3.316,57.60,192.00,1,0,0
750,3.316,57.50,190.00,1,0,0
752,3.316,57.60,192.00,1,0,0
755,3.316,57.90,192.00,1,0,0
757,3.316,57.80,192.00,1,0,0
760,3.316,57.90,192.00,1,0,0
762,3.316,57.60,192.00,1,0,0
764,3.316,57.50,192.00,1,0,0
767,3.316,57.50,190.00,1,0,0
780,3.316,57.50,190.00,1,0,0
782,3.316,57.50,190.00,1,0,0
785,3.316,57.50,190.00,1,0,0
787,3.316,57.90,195.00,1,0,0
790,3.320,57.80,192.00,1,0,0
792,3.320,57.90,192.00,1,0,0
794,3.316,57.80,190.00,1,0,0
797,3.316,57.50,190.00,1,0,0
799,3.316,57.50,190.00,1,0,0
802,3.316,57.50,192.00,1,0,0
804,3.316,57.80,192.00,1,0,0
807,3.316,57.80,192.00,1,0,0
809,3.316,57.90,192.00,1,0,0
812,3.316,57.50,192.00,1,0,0
814,3.316,57.50,190.00,1,0,0
817,3.316,57.50,192.00,1,0,0
819,3.316,57.90,192.00,1,0,0
822,3.316,57.90,192.00,1,0,0
824,3.316,57.80,192.00,1,0,0
837,3.316,57.80,192.00,1,0,0
839,3.316,57.90,192.00,1,0,0
842,3.316,57.90,192.00,1,0,0
844,3.316,57.60,192.00,1,0,0
847,3.316,57.40,192.00,1,0,0
849,3.320,57.50,190.00,1,0,0
852,3.316,57.80,192.00,1,0,0
854,3.316,57.80,192.00,1,0,0
857,3.316,57.90,192.00,1,0,0
859,3.316,57.90,192.00,1,0,0
861,3.316,57.50,190.00,1,0,0
864,3.316,57.60,192.00,1,0,0
866,3.316,57.60,192.00,1,0,0
869,3.316,57.90,192.00,1,0,0
871,3.316,57.90,192.00,1,0,0
874,3.316,57.90,192.00,1,0,0
876,3.320,57.80,274.00,1,0,0
879,3.312,57.50,190.00,1,0,0
881,3.316,57.50,190.00,1,0,0
894,3.316,57.50,190.00,1,0,0
896,3.316,57.60,192.00,1,0,0
899,3.316,57.50,192.00,1,0,0
901,3.316,57.80,192.00,1,0,0
904,3.316,57.80,192.00,1,0,0
906,3.316,57.80,192.00,1,0,0
909,3.316,57.70,192.00,1,0,0
911,3.316,57.50,190.00,1,0,0
914,3.320,57.50,190.00,1,0,0
916,3.316,57.60,192.00,1,0,0
919,3.316,57.80,192.00,1,0,0
921,3.316,57.80,192.00,1,0,0
924,3.316,57.90,192.00,1,0,0
926,3.316,57.50,190.00,1,0,0
928,3.316,57.40,192.00,1,0,0
931,3.320,57.50,190.00,1,0,0
933,3.316,57.70,192.00,1,0,0
936,3.320,57.90,192.00,1,0,0
938,3.316,58.70,192.00,1,0,0
951,3.316,57.80,192.00,1,0,0
953,3.316,57.80,192.00,1,0,0
956,3.316,57.90,192.00,1,0,0
958,3.316,57.80,190.00,1,0,0
961,3.316,57.50,190.00,1,0,0
963,3.320,57.60,192.00,1,0,0
966,3.316,57.50,192.00,1,0,0
968,3.316,57.80,192.00,1,0,0
971,3.316,57.90,192.00,1,0,0
973,3.320,57.90,192.00,1,0,0
976,3.316,57.50,190.00,1,0,0
978,3.316,57.40,190.00,1,0,0
981,3.316,57.50,190.00,1,0,0
983,3.316,57.50,192.00,1,0,0
986,3.316,57.90,192.00,1,0,0
988,3.316,58.80,195.00,1,0,0
990,3.316,57.90,192.00,1,0,0
993,3.316,57.50,190.00,1,0,0
995,3.316,57.50,190.00,1,0,0
1008,3.316,57.50,190.00,1,0,0
1011,3.316,57.50,190.00,1,0,0
1013,3.316,57.50,190.00,1,0,0
1015,3.316,57.60,192.00,1,0,0
1018,3.316,57.80,192.00,1,0,0
1020,3.316,57.80,192.00,1,0,0
1023,3.316,57.90,192.00,1,0,0
1025,3.316,57.60,192.00,1,0,0
1028,3.316,91.70,192.00,1,0,0
1030,3.316,57.60,192.00,1,0,0
1033,3.316,57.90,192.00,1,0,0
1035,3.316,57.90,192.00,1,0,0
1038,3.316,58.80,195.00,1,0,0
1040,3.316,57.80,192.00,1,0,0
1043,3.316,57.60,190.00,1,0,0
1045,3.316,57.60,192.00,1,0,0
1058,3.320,57.60,192.00,1,0,0
1060,3.316,57.50,190.00,1,0,0
1063,3.316,57.50,192.00,1,0,0
1065,3.316,57.90,192.00,1,0,0
1068,3.316,57.90,192.00,1,0,0
1070,3.316,57.90,192.00,1,0,0
1072,3.316,57.90,192.00,1,0,0
1075,3.316,57.50,192.00,1,0,0
1077,3.316,91.30,303.00,1,0,0
1080,3.320,57.50,192.00,1,0,0
1082,3.316,57.90,192.00,1,0,0
1085,3.316,57.90,192.00,1,0,0
1087,3.316,57.90,195.00,1,0,0
1090,3.320,57.60,192.00,1,0,0
1092,3.316,57.60,192.00,1,0,0
1095,3.320,57.60,192.00,1,0,0
1107,3.316,57.50,192.00,1,0,0
1110,3.316,57.50,190.00,1,0,0
1112,3.316,57.60,192.00,1,0,0
1115,3.316,57.90,192.00,1,0,0
1117,3.320,57.80,192.00,1,0,0
1120,3.316,57.90,192.00,1,0,0
1122,3.316,57.90,192.00,1,0,0
1125,3.316,57.70,192.00,1,0,0
1127,3.316,89.80,298.00,1,0,0
1130,3.316,57.50,190.00,1,0,0
1132,3.316,57.90,192.00,1,0,0
1135,3.316,57.80,192.00,1,0,0
1137,3.316,57.90,192.00,1,0,0
1139,3.316,57.70,192.00,1,0,0
1142,3.316,57.50,190.00,1,0,0
1144,3.316,57.50,190.00,1,0,0
1157,3.320,57.60,192.00,1,0,0
1159,3.316,57.60,192.00,1,0,0
1162,3.316,57.60,190.00,1,0,0
1164,3.316,57.90,192.00,1,0,0
1167,3.316,57.90,192.00,1,0,0
1169,3.316,57.80,192.00,1,0,0
1172,3.316,57.70,192.00,1,0,0
1174,3.316,57.60,192.00,1,0,0
1177,3.316,57.60,288.00,1,0,0
1179,3.316,57.50,190.00,1,0,0
1182,3.316,57.90,192.00,1,0,0
1184,3.316,57.80,192.00,1,0,0
1187,3.316,57.90,192.00,1,0,0
1189,3.316,57.60,192.00,1,0,0
1192,3.316,57.60,190.00,1,0,0
1194,3.316,57.60,192.00,1,0,0
1207,3.320,57.60,192.00,1,0,0
1209,3.316,57.60,192.00,1,0,0
1212,3.316,57.50,190.00,1,0,0
1214,3.316,57.80,192.00,1,0,0
1217,3.316,57.80,192.00,1,0,0
1219,3.316,57.90,192.00,1,0,0
1222,3.316,57.70,192.00,1,0,0
1224,3.316,57.70,192.00,1,0,0
1226,3.316,57.60,190.00,1,0,0
1229,3.316,57.50,192.00,1,0,0
1231,3.316,57.90,192.00,1,0,0
1234,3.316,57.80,192.00,1,0,0
1236,3.320,57.80,192.00,1,0,0
1239,3.316,57.60,192.00,1,0,0
1241,3.316,57.60,192.00,1,0,0
1244,3.316,57.60,190.00,1,0,0
1256,3.316,57.60,192.00,1,0,0
1259,3.316,57.60,192.00,1,0,0
1261,3.316,57.60,192.00,1,0,0
1264,3.316,57.90,192.00,1,0,0
1266,3.316,57.90,192.00,1,0,0
1269,3.316,57.80,192.00,1,0,0
1271,3.316,57.60,192.00,1,0,0
1274,3.316,57.60,190.00,1,0,0
1276,3.316,57.50,190.00,1,0,0
1279,3.316,57.80,192.00,1,0,0
1281,3.316,57.90,192.00,1,0,0
1284,3.316,57.80,192.00,1,0,0
1286,3.316,57.90,192.00,1,0,0
1289,3.316,57.50,192.00,1,0,0
1291,3.316,57.60,192.00,1,0,0
1293,3.316,57.60,192.00,1,0,0
1306,3.316,57.60,192.00,1,0,0
1309,3.320,57.60,192.00,1,0,0
1311,3.316,57.80,192.00,1,0,0
1314,3.316,57.90,192.00,1,0,0
1316,3.316,57.90,192.00,1,0,0
1319,3.316,57.90,192.00,1,0,0
1321,3.316,57.60,192.00,1,0,0
1323,3.316,57.50,190.00,1,0,0
1326,3.316,57.60,190.00,1,0,0
1328,3.312,57.80,192.00,1,0,0
1331,3.316,57.90,192.00,1,0,0
1333,3.316,57.80,192.00,1,0,0
1336,3.320,57.70,192.00,1,0,0
1338,3.316,57.50,190.00,1,0,0
1341,3.316,57.60,190.00,1,0,0
1343,3.316,57.50,190.00,1,0,0
1356,3.316,57.60,192.00,1,0,0
1358,3.316,57.60,192.00,1,0,0
1361,3.320,57.80,192.00,1,0,0
1363,3.316,57.80,192.00,1,0,0
1366,3.316,57.80,192.00,1,0,0
1368,3.316,57.80,192.00,1,0,0
1371,3.316,57.50,190.00,1,0,0
1373,3.316,57.60,192.00,1,0,0
1376,3.316,57.50,190.00,1,0,0
1378,3.308,57.80,192.00,1,0,0
1381,3.316,57.90,192.00,1,0,0
1383,3.316,57.90,192.00,1,0,0
1386,3.316,57.90,192.00,1,0,0
1388,3.316,57.60,192.00,1,0,0
1391,3.316,57.50,190.00,1,0,0
1393,3.316,57.60,192.00,1,0,0
1406,3.316,57.60,192.00,1,0,0
1408,3.316,57.50,190.00,1,0,0
1411,3.316,57.90,192.00,1,0,0
1413,3.316,57.90,192.00,1,0,0
1416,3.316,57.90,192.00,1,0,0
1418,3.316,57.70,192.00,1,0,0
1420,3.316,57.60,192.00,1,0,0
1423,3.320,57.60,192.00,1,0,0
1425,3.316,57.60,192.00,1,0,0
1428,3.300,63.30,192.00,1,0,0
1430,3.316,57.80,192.00,1,0,0
1433,3.316,57.90,192.00,1,0,0
1435,3.316,57.60,192.00,1,0,0
1438,3.316,57.60,190.00,1,0,0
1440,3.316,57.50,190.00,1,0,0
1443,3.316,57.70,192.00,1,0,0
1455,3.316,57.60,192.00,1,0,0
1458,3.316,57.60,192.00,1,0,0
1460,3.316,57.90,192.00,1,0,0
1463,3.316,57.80,192.00,1,0,0
1465,3.316,57.90,192.00,1,0,0
1468,3.316,57.50,190.00,1,0,0
1470,3.316,57.60,192.00,1,0,0
1473,3.316,57.60,190.00,1,0,0
1475,3.316,57.80,192.00,1,0,0
1478,3.296,59.10,197.00,1,0,0
1480,3.316,57.80,192.00,1,0,0
1483,3.316,57.80,192.00,1,0,0
1485,3.316,57.50,190.00,1,0,0
1488,3.316,57.50,190.00,1,0,0
1490,3.316,57.50,190.00,1,0,0
1492,3.316,57.90,192.00,1,0,0
1505,3.316,57.60,192.00,1,0,0
1508,3.316,57.50,190.00,1,0,0
1510,3.316,57.80,192.00,1,0,0
1512,3.316,57.80,192.00,1,0,0
1515,3.316,57.90,192.00,1,0,0
1517,3.316,57.60,192.00,1,0,0
1520,3.316,57.50,190.00,1,0,0
1522,3.316,57.50,190.00,1,0,0
1525,3.316,57.60,192.00,1,0,0
1527,3.316,58.00,192.00,1,0,0
1530,3.316,57.80,192.00,1,0,0
1532,3.320,57.90,192.00,1,0,0
1535,3.316,57.50,190.00,1,0,0
1537,3.316,57.60,192.00,1,0,0
1540,3.316,57.50,190.00,1,0,0
1542,3.320,57.80,192.00,1,0,0
1555,3.316,57.60,190.00,1,0,0
1557,3.316,57.70,192.00,1,0,0
1560,3.316,57.80,192.00,1,0,0
1562,3.316,57.90,192.00,1,0,0
1565,3.316,57.90,192.00,1,0,0
1567,3.316,57.60,192.00,1,0,0
1570,3.316,57.50,192.00,1,0,0
1572,3.316,57.50,190.00,1,0,0
1575,3.316,57.90,192.00,1,0,0
1577,3.316,57.80,192.00,1,0,0
1579,3.316,57.90,192.00,1,0,0
1582,3.316,58.00,192.00,1,0,0
1584,3.316,57.60,190.00,1,0,0
1587,3.316,57.60,192.00,1,0,0
1589,3.316,57.60,192.00,1,0,0
1592,3.316,57.90,192.00,1,0,0
1605,3.316,57.60,192.00,1,0,0
1607,3.320,57.60,192.00,1,0,0
1609,3.316,57.90,192.00,1,0,0
1612,3.316,57.90,192.00,1,0,0
1614,3.316,57.90,192.00,1,0,0
1617,3.316,57.50,190.00,1,0,0
1619,3.316,57.60,192.00,1,0,0
1622,3.320,57.60,190.00,1,0,0
1624,3.316,57.80,192.00,1,0,0
1627,3.316,58.00,192.00,1,0,0
1629,3.316,57.80,192.00,1,0,0
1632,3.316,57.60,192.00,1,0,0
1634,3.316,57.50,190.00,1,0,0
1637,3.316,57.60,190.00,1,0,0
1639,3.316,57.70,192.00,1,0,0
1642,3.316,57.90,192.00,1,0,0
1654,3.316,57.50,190.00,1,0,0
1657,3.316,57.80,192.00,1,0,0
1659,3.316,57.80,192.00,1,0,0
1662,3.320,57.80,192.00,1,0,0
1664,3.316,57.90,192.00,1,0,0
1667,3.316,57.50,190.00,1,0,0
1669,3.316,57.50,190.00,1,0,0
1672,3.316,57.50,190.00,1,0,0
1674,3.316,57.90,192.00,1,0,0
1677,3.320,59.10,195.00,1,0,0
1679,3.316,57.80,192.00,1,0,0
1681,3.320,57.60,192.00,1,0,0
1684,3.316,57.50,190.00,1,0,0
1686,3.316,57.60,192.00,1,0,0
1689,3.316,57.70,192.00,1,0,0
1691,3.316,57.90,192.00,1,0,0
1704,3.316,57.60,192.00,1,0,0
1706,3.316,57.90,192.00,1,0,0
1709,3.316,57.80,192.00,1,0,0
1711,3.316,57.90,192.00,1,0,0
1714,3.316,57.60,192.00,1,0,0
1716,3.316,57.50,190.00,1,0,0
1719,3.316,57.50,192.00,1,0,0
1721,3.316,57.70,192.00,1,0,0
1724,3.316,57.90,192.00,1,0,0
1726,3.316,57.90,203.00,1,0,0
1729,3.300,57.80,192.00,1,0,0
1731,3.316,57.60,192.00,1,0,0
1734,3.316,57.50,190.00,1,0,0
1736,3.316,57.60,192.00,1,0,0
1739,3.316,57.90,192.00,1,0,0
1741,3.316,57.90,192.00,1,0,0
1754,3.316,57.60,192.00,1,0,0
1756,3.316,57.80,192.00,1,0,0
1759,3.316,57.90,192.00,1,0,0
1761,3.316,57.90,192.00,1,0,0
1764,3.316,57.70,190.00,1,0,0
1766,3.316,57.60,192.00,1,0,0
1768,3.316,57.60,192.00,1,0,0
1771,3.316,57.50,192.00,1,0,0
1773,3.316,57.90,192.00,1,0,0
1776,3.316,57.90,192.00,1,0,0
1778,3.300,58.00,192.00,1,0,0
1781,3.316,57.60,192.00,1,0,0
1783,3.316,57.60,192.00,1,0,0
1786,3.316,57.60,192.00,1,0,0
1788,3.316,57.90,192.00,1,0,0
1791,3.316,57.90,192.00,1,0,0
1803,3.316,57.60,192.00,1,0,0
1806,3.316,57.90,192.00,1,0,0
1808,3.316,57.90,192.00,1,0,0
1811,3.316,57.90,192.00,1,0,0
1813,3.316,57.50,190.00,1,0,0
1816,3.316,57.60,192.00,1,0,0
1818,3.316,57.60,192.00,1,0,0
1821,3.316,57.90,192.00,1,0,0
1823,3.316,57.90,192.00,1,0,0
1826,3.316,57.90,192.00,1,0,0
1828,3.300,58.10,193.00,1,0,0
1831,3.316,57.60,190.00,1,0,0
1833,3.316,57.60,192.00,1,0,0
1836,3.316,57.60,192.00,1,0,0
1838,3.316,58.70,192.00,1,0,0
1840,3.316,57.90,192.00,1,0,0
1853,3.316,57.90,192.00,1,0,0
1856,3.316,57.90,192.00,1,0,0
1858,3.316,57.90,192.00,1,0,0
1861,3.316,57.90,192.00,1,0,0
1863,3.316,57.60,192.00,1,0,0
1865,3.316,57.50,190.00,1,0,0
1868,3.316,57.60,190.00,1,0,0
1870,3.316,57.80,192.00,1,0,0
1873,3.316,57.80,192.00,1,0,0
1875,3.316,57.90,192.00,1,0,0
1878,3.316,57.60,192.00,1,0,0
1880,3.316,57.60,192.00,1,0,0
1883,3.316,57.50,190.00,1,0,0
1885,3.316,57.60,192.00,1,0,0
1888,3.316,58.70,195.00,1,0,0
1890,3.316,57.80,192.00,1,0,0
1903,3.316,57.70,192.00,1,0,0
1905,3.316,57.90,192.00,1,0,0
1908,3.316,57.90,192.00,1,0,0
1910,3.316,57.90,192.00,1,0,0
1913,3.316,57.50,190.00,1,0,0
1915,3.316,57.60,192.00,1,0,0
1918,3.316,57.50,190.00,1,0,0
1920,3.316,57.80,192.00,1,0,0
1923,3.316,57.80,192.00,1,0,0
1925,3.316,57.90,192.00,1,0,0
1927,3.316,68.20,190.00,1,0,0
1930,3.316,57.60,192.00,1,0,0
1932,3.316,57.60,192.00,1,0,0
1935,3.316,57.50,192.00,1,0,0
1937,3.320,58.70,195.00,1,0,0
1940,3.316,57.80,192.00,1,0,0
1953,3.316,57.90,192.00,1,0,0
1955,3.316,57.90,192.00,1,0,0
1957,3.316,57.90,192.00,1,0,0
1960,3.316,57.60,192.00,1,0,0
1962,3.316,57.60,192.00,1,0,0
1965,3.320,57.50,192.00,1,0,0
1967,3.316,57.60,192.00,1,0,0
1970,3.316,57.90,192.00,1,0,0
1972,3.316,57.90,192.00,1,0,0
1975,3.316,57.90,192.00,1,0,0
1977,3.316,78.60,261.00,1,0,0
1980,3.316,57.50,190.00,1,0,0
1982,3.316,57.50,190.00,1,0,0
1985,3.316,57.70,192.00,1,0,0
1987,3.316,57.90,195.00,1,0,0
1990,3.316,57.80,192.00,1,0,0
2002,3.320,57.90,192.00,1,0,0
2005,3.316,57.90,192.00,1,0,0
2007,3.316,57.90,192.00,1,0,0
2010,3.316,57.50,190.00,1,0,0
2012,3.316,57.50,190.00,1,0,0
2015,3.316,57.50,192.00,1,0,0
2017,3.316,57.80,192.00,1,0,0
2020,3.316,57.90,192.00,1,0,0
2022,3.316,57.90,192.00,1,0,0
2024,3.316,57.90,192.00,1,0,0
2027,3.316,90.10,298.00,1,0,0
2029,3.316,57.50,190.00,1,0,0
2032,3.320,57.50,192.00,1,0,0
2034,3.320,57.90,192.00,1,0,0
2037,3.316,57.90,192.00,1,0,0
2039,3.316,57.90,192.00,1,0,0
2052,3.316,57.90,192.00,1,0,0
2054,3.316,57.90,192.00,1,0,0
2057,3.316,57.90,192.00,1,0,0
2059,3.316,57.50,192.00,1,0,0
2062,3.316,57.60,192.00,1,0,0
2064,3.316,57.50,190.00,1,0,0
2067,3.316,57.80,192.00,1,0,0
2069,3.316,57.90,192.00,1,0,0
2072,3.316,57.90,192.00,1,0,0
2074,3.316,57.90,192.00,1,0,0
2077,3.316,57.60,305.00,1,0,0
2079,3.316,57.60,192.00,1,0,0
2082,3.316,57.60,192.00,1,0,0
2084,3.316,57.90,192.00,1,0,0
2087,3.316,57.90,192.00,1,0,0
2089,3.316,57.90,192.00,1,0,0
2102,3.316,57.80,192.00,1,0,0
2104,3.320,57.80,192.00,1,0,0
2107,3.316,57.90,192.00,1,0,0
2109,3.316,57.60,192.00,1,0,0
2112,3.316,57.60,190.00,1,0,0
2114,3.316,57.50,190.00,1,0,0
2116,3.316,57.90,192.00,1,0,0
2119,3.316,57.90,192.00,1,0,0
2121,3.316,57.90,192.00,1,0,0
2124,3.316,57.80,192.00,1,0,0
2126,3.316,57.60,192.00,1,0,0
2129,3.316,57.60,190.00,1,0,0
2131,3.316,57.60,192.00,1,0,0
2134,3.320,57.90,192.00,1,0,0
2136,3.316,57.90,192.00,1,0,0
2139,3.316,57.90,192.00,1,0,0
2151,3.316,57.90,192.00,1,0,0
2154,3.316,57.80,192.00,1,0,0
2156,3.316,57.80,192.00,1,0,0
2159,3.316,57.60,192.00,1,0,0
2161,3.316,57.50,190.00,1,0,0
2164,3.316,57.50,192.00,1,0,0
2166,3.316,57.90,192.00,1,0,0
2169,3.316,57.90,192.00,1,0,0
2171,3.316,57.90,192.00,1,0,0
2174,3.316,57.50,190.00,1,0,0
2176,3.316,57.60,192.00,1,0,0
2179,3.316,57.50,190.00,1,0,0
2181,3.316,57.50,192.00,1,0,0
2184,3.316,57.90,192.00,1,0,0
2186,3.316,57.90,192.00,1,0,0
2188,3.316,58.80,192.00,1,0,0
2201,3.320,57.80,192.00,1,0,0
2204,3.320,57.80,192.00,1,0,0
2206,3.316,57.90,192.00,1,0,0
2209,3.316,57.50,192.00,1,0,0
2211,3.316,57.60,192.00,1,0,0
2213,3.316,57.50,190.00,1,0,0
2216,3.316,57.90,192.00,1,0,0
2218,3.316,57.90,192.00,1,0,0
2221,3.316,57.90,192.00,1,0,0
2223,3.316,57.60,192.00,1,0,0
2226,3.316,57.60,192.00,1,0,0
2228,3.316,57.50,190.00,1,0,0
2231,3.316,57.60,192.00,1,0,0
2233,3.316,57.90,192.00,1,0,0
2236,3.316,57.90,192.00,1,0,0
2238,3.316,58.70,195.00,1,0,0
2251,3.316,57.90,192.00,1,0,0
2253,3.316,57.90,192.00,1,0,0
2256,3.316,57.70,192.00,1,0,0
2258,3.316,57.60,192.00,1,0,0
2261,3.316,57.50,192.00,1,0,0
2263,3.316,57.80,192.00,1,0,0
2266,3.316,57.80,192.00,1,0,0
2268,3.316,57.90,192.00,1,0,0
2271,3.316,57.90,192.00,1,0,0
2273,3.316,57.60,192.00,1,0,0
2276,3.316,57.50,190.00,1,0,0
2278,3.312,57.50,190.00,1,0,0
2281,3.316,57.80,192.00,1,0,0
2283,3.320,57.90,192.00,1,0,0
2285,3.316,57.90,192.00,1,0,0
2288,3.316,58.70,195.00,1,0,0
2301,3.316,57.90,192.00,1,0,0
2303,3.316,57.90,192.00,1,0,0
2306,3.316,57.60,190.00,1,0,0
2308,3.316,57.60,192.00,1,0,0
2310,3.316,57.60,192.00,1,0,0
2313,3.316,57.60,192.00,1,0,0
2315,3.316,57.90,192.00,1,0,0
2318,3.316,57.90,192.00,1,0,0
2320,3.316,57.90,192.00,1,0,0
2323,3.316,57.60,192.00,1,0,0
2325,3.316,57.60,192.00,1,0,0
2328,3.312,85.50,192.00,1,0,0
2330,3.316,57.80,192.00,1,0,0
2333,3.316,57.90,192.00,1,0,0
2335,3.316,57.90,192.00,1,0,0
2338,3.316,57.70,192.00,1,0,0
2350,3.316,57.90,192.00,1,0,0
2353,3.316,57.90,192.00,1,0,0
2355,3.316,57.50,190.00,1,0,0
2358,3.316,57.50,192.00,1,0,0
2360,3.316,57.60,192.00,1,0,0
2363,3.316,57.90,192.00,1,0,0
2365,3.316,57.90,192.00,1,0,0
2368,3.316,57.90,192.00,1,0,0
2370,3.316,57.90,192.00,1,0,0
2373,3.316,57.60,192.00,1,0,0
2375,3.316,57.60,192.00,1,0,0
2378,3.312,86.10,285.00,1,0,0
2380,3.316,57.70,192.00,1,0,0
2382,3.316,57.90,192.00,1,0,0
2385,3.316,57.60,192.00,1,0,0
2387,3.316,57.60,190.00,1,0,0
2400,3.316,57.80,192.00,1,0,0
2403,3.316,57.80,192.00,1,0,0
2405,3.316,57.60,192.00,1,0,0
2408,3.316,57.50,190.00,1,0,0
2410,3.316,57.60,190.00,1,0,0
2412,3.316,57.80,192.00,1,0,0
2415,3.316,57.90,192.00,1,0,0
2417,3.316,57.90,192.00,1,0,0
2420,3.316,57.50,190.00,1,0,0
2422,3.316,57.60,192.00,1,0,0
2425,3.316,57.50,190.00,1,0,0
2427,3.316,86.30,287.00,1,0,0
2430,3.316,57.90,192.00,1,0,0
2432,3.320,57.80,192.00,1,0,0
2435,3.316,57.90,192.00,1,0,0
2437,3.316,57.60,192.00,1,0,0
2450,3.316,57.90,192.00,1,0,0
2452,3.316,57.90,192.00,1,0,0
2455,3.316,57.60,192.00,1,0,0
2457,3.316,57.60,192.00,1,0,0
2460,3.316,57.60,192.00,1,0,0
2462,3.316,57.90,192.00,1,0,0
2465,3.316,57.90,192.00,1,0,0
2467,3.316,57.80,192.00,1,0,0
2470,3.316,57.60,190.00,1,0,0
2472,3.312,57.60,192.00,1,0,0
2474,3.316,57.60,192.00,1,0,0
2477,3.316,57.60,256.00,1,0,0
2479,3.316,57.80,192.00,1,0,0
2482,3.316,57.80,192.00,1,0,0
2484,3.316,57.80,192.00,1,0,0
2487,3.316,57.60,192.00,1,0,0
2499,3.316,57.80,192.00,1,0,0
2502,3.316,57.60,192.00,1,0,0
2504,3.316,57.50,190.00,1,0,0
2507,3.316,57.60,190.00,1,0,0
2509,3.316,57.50,190.00,1,0,0
2512,3.316,57.90,192.00,1,0,0
2514,3.316,57.80,192.00,1,0,0
2517,3.316,57.90,192.00,1,0,0
2519,3.316,57.50,192.00,1,0,0
2522,3.316,57.50,190.00,1,0,0
2524,3.316,57.60,192.00,1,0,0
2527,3.320,57.90,192.00,1,0,0
2529,3.316,57.80,192.00,1,0,0
2531,3.316,57.80,192.00,1,0,0
2534,3.316,57.90,192.00,1,0,0
2536,3.316,57.60,192.00,1,0,0
2553,3.316,57.60,192.00,1,0,0
2556,3.320,57.60,192.00,1,0,0
2558,3.316,57.60,192.00,1,0,0
2561,3.316,57.90,192.00,1,0,0
2563,3.316,57.90,192.00,1,0,0
2566,3.316,57.90,192.00,1,0,0
2568,3.316,57.60,192.00,1,0,0
2570,3.316,57.60,190.00,1,0,0
2573,3.316,57.60,192.00,1,0,0
2575,3.316,57.80,192.00,1,0,0
2578,3.296,59.30,197.00,1,0,0
2580,3.320,57.80,192.00,1,0,0
2583,3.316,57.80,192.00,1,0,0
2585,3.316,57.50,190.00,1,0,0
2588,3.316,57.60,190.00,1,0,0
2590,3.316,57.50,190.00,1,0,0
2603,3.316,57.60,192.00,1,0,0
2605,3.316,57.50,190.00,1,0,0
2608,3.316,57.60,192.00,1,0,0
2610,3.316,57.90,192.00,1,0,0
2613,3.316,57.90,192.00,1,0,0
2615,3.316,57.90,192.00,1,0,0
2618,3.316,57.60,192.00,1,0,0
2620,3.316,57.50,190.00,1,0,0
2623,3.316,57.60,192.00,1,0,0
2625,3.316,57.90,192.00,1,0,0
2628,3.296,58.00,192.00,1,0,0
2630,3.316,57.80,192.00,1,0,0
2633,3.316,57.80,192.00,1,0,0
2635,3.320,57.50,190.00,1,0,0
2638,3.316,57.60,192.00,1,0,0
2640,3.316,57.60,190.00,1,0,0
2653,3.316,57.50,190.00,1,0,0
2655,3.316,57.50,190.00,1,0,0
2658,3.316,57.70,192.00,1,0,0
2660,3.316,57.80,192.00,1,0,0
2663,3.316,57.80,192.00,1,0,0
2665,3.316,57.90,192.00,1,0,0
2667,3.316,57.60,190.00,1,0,0
2670,3.316,57.50,190.00,1,0,0
2672,3.316,57.50,190.00,1,0,0
2675,3.316,57.90,192.00,1,0,0
2677,3.316,57.90,192.00,1,0,0
2680,3.320,57.90,192.00,1,0,0
2682,3.316,57.80,192.00,1,0,0
2685,3.316,57.50,190.00,1,0,0
2687,3.316,57.60,192.00,1,0,0
2690,3.316,57.60,192.00,1,0,0
2702,3.316,57.60,192.00,1,0,0
2705,3.316,57.60,190.00,1,0,0
2707,3.316,57.90,192.00,1,0,0
2710,3.316,57.90,192.00,1,0,0
2712,3.320,57.80,192.00,1,0,0
2715,3.316,57.80,192.00,1,0,0
2717,3.316,57.50,190.00,1,0,0
2720,3.316,57.50,192.00,1,0,0
2722,3.316,57.60,192.00,1,0,0
2725,3.316,57.90,192.00,1,0,0
2727,3.316,58.00,192.00,1,0,0
2729,3.316,57.80,192.00,1,0,0
2732,3.316,57.60,192.00,1,0,0
2734,3.316,57.50,190.00,1,0,0
2737,3.316,57.60,190.00,1,0,0
2739,3.316,57.60,192.00,1,0,0
2752,3.316,57.50,190.00,1,0,0
2755,3.316,57.50,190.00,1,0,0
2757,3.316,57.80,192.00,1,0,0
2759,3.316,57.80,192.00,1,0,0
2762,3.316,57.90,192.00,1,0,0
2764,3.316,57.80,192.00,1,0,0
2767,3.316,57.60,192.00,1,0,0
2769,3.316,57.60,192.00,1,0,0
2772,3.316,57.50,192.00,1,0,0
2774,3.316,57.80,192.00,1,0,0
2777,3.316,59.00,195.00,1,0,0
2779,3.316,57.80,192.00,1,0,0
2782,3.316,57.50,190.00,1,0,0
2784,3.316,57.60,192.00,1,0,0
2787,3.316,57.50,192.00,1,0,0
2789,3.316,57.90,192.00,1,0,0
2802,3.316,57.60,190.00,1,0,0
2804,3.316,57.50,190.00,1,0,0
2807,3.316,57.90,192.00,1,0,0
2809,3.316,57.80,192.00,1,0,0
2812,3.316,57.90,192.00,1,0,0
2814,3.316,57.60,192.00,1,0,0
2817,3.316,57.50,192.00,1,0,0
2819,3.316,57.50,190.00,1,0,0
2822,3.316,57.60,192.00,1,0,0
2824,3.316,57.90,192.00,1,0,0
2826,3.316,60.90,202.00,1,0,0
2829,3.316,57.80,192.00,1,0,0
2831,3.316,57.50,190.00,1,0,0
2834,3.316,57.50,190.00,1,0,0
2836,3.316,57.50,190.00,1,0,0
2839,3.316,58.40,192.00,1,0,0
2851,3.316,57.60,192.00,1,0,0
2854,3.316,57.60,192.00,1,0,0
2856,3.316,57.90,192.00,1,0,0
2859,3.316,57.90,192.00,1,0,0
2861,3.316,57.90,192.00,1,0,0
2864,3.316,57.60,192.00,1,0,0
2866,3.316,57.60,192.00,1,0,0
2869,3.316,57.50,190.00,1,0,0
2871,3.316,57.80,192.00,1,0,0
2874,3.316,57.80,192.00,1,0,0
2876,3.316,57.90,211.00,1,0,0
2879,3.300,57.80,192.00,1,0,0
2881,3.316,57.50,190.00,1,0,0
2884,3.316,57.50,190.00,1,0,0
2886,3.316,57.60,192.00,1,0,0
2888,3.316,58.60,195.00,1,0,0
2901,3.316,57.50,190.00,1,0,0
2904,3.316,57.50,190.00,1,0,0
2906,3.316,57.90,192.00,1,0,0
2909,3.316,57.80,192.00,1,0,0
2911,3.316,57.80,192.00,1,0,0
2914,3.316,57.50,190.00,1,0,0
2916,3.316,57.60,192.00,1,0,0
2918,3.316,57.60,192.00,1,0,0
2921,3.320,57.80,192.00,1,0,0
2923,3.316,57.90,192.00,1,0,0
2926,3.316,57.90,192.00,1,0,0
2928,3.300,57.90,192.00,1,0,0
2931,3.316,57.60,192.00,1,0,0
2933,3.316,57.60,192.00,1,0,0
2936,3.316,57.60,192.00,1,0,0
2938,3.316,58.70,195.00,1,0,0
2951,3.316,57.60,192.00,1,0,0
2953,3.316,57.80,192.00,1,0,0
2956,3.316,57.90,192.00,1,0,0
2958,3.316,57.90,192.00,1,0,0
2961,3.316,57.90,192.00,1,0,0
2963,3.320,57.60,192.00,1,0,0
2966,3.316,57.60,192.00,1,0,0
2968,3.316,57.50,190.00,1,0,0
2971,3.316,57.90,192.00,1,0,0
2973,3.316,57.90,192.00,1,0,0
2976,3.316,57.90,192.00,1,0,0
2978,3.300,57.60,192.00,1,0,0
2981,3.316,57.50,190.00,1,0,0
2983,3.316,57.60,192.00,1,0,0
2986,3.316,57.60,192.00,1,0,0
2988,3.316,57.90,195.00,1,0,0
3001,3.316,57.60,190.00,1,0,0
3003,3.316,57.90,192.00,1,0,0
3006,3.316,57.80,192.00,1,0,0
3008,3.316,57.80,192.00,1,0,0
3011,3.316,57.90,192.00,1,0,0
3013,3.316,57.50,190.00,1,0,0
3015,3.316,57.60,192.00,1,0,0
3018,3.316,57.50,192.00,1,0,0
3020,3.316,57.80,192.00,1,0,0
3023,3.316,57.80,192.00,1,0,0
3025,3.316,57.90,192.00,1,0,0
3028,3.316,57.50,190.00,1,0,0
3030,3.320,57.50,190.00,1,0,0
3033,3.316,57.50,192.00,1,0,0
3035,3.316,57.80,192.00,1,0,0
3038,3.316,57.90,192.00,1,0,0
3050,3.316,57.50,190.00,1,0,0
3053,3.316,57.90,192.00,1,0,0
3055,3.316,57.90,192.00,1,0,0
3058,3.316,57.80,192.00,1,0,0
3060,3.320,57.60,192.00,1,0,0
3063,3.316,57.50,192.00,1,0,0
3065,3.320,57.50,190.00,1,0,0
3068,3.316,57.60,192.00,1,0,0
3070,3.316,57.80,192.00,1,0,0
3073,3.316,57.80,192.00,1,0,0
3075,3.316,57.80,192.00,1,0,0
3078,3.316,78.80,190.00,1,0,0
3080,3.316,57.50,190.00,1,0,0
3083,3.316,57.50,190.00,1,0,0
3085,3.316,57.70,192.00,1,0,0
3087,3.316,57.90,192.00,1,0,0
3100,3.316,57.50,190.00,1,0,0
3103,3.316,57.90,192.00,1,0,0
3105,3.316,57.90,192.00,1,0,0
3107,3.316,57.80,192.00,1,0,0
3110,3.316,57.50,190.00,1,0,0
3112,3.316,57.60,192.00,1,0,0
3115,3.316,57.60,190.00,1,0,0
3117,3.316,57.80,192.00,1,0,0
3120,3.316,57.90,192.00,1,0,0
3122,3.316,57.90,192.00,1,0,0
3125,3.316,57.90,192.00,1,0,0
3127,3.316,89.30,297.00,1,0,0
3130,3.316,57.50,190.00,1,0,0
3132,3.316,57.50,190.00,1,0,0
3135,3.316,57.90,192.00,1,0,0
3137,3.316,57.90,192.00,1,0,0
3150,3.316,57.60,192.00,1,0,0
3152,3.320,57.90,192.00,1,0,0
3155,3.316,57.90,192.00,1,0,0
3157,3.316,57.80,192.00,1,0,0
3160,3.316,57.50,190.00,1,0,0
3162,3.316,57.50,190.00,1,0,0
3165,3.316,57.50,190.00,1,0,0
3167,3.316,57.60,192.00,1,0,0
3170,3.316,57.90,192.00,1,0,0
3172,3.320,57.90,192.00,1,0,0
3174,3.316,57.90,192.00,1,0,0
3177,3.316,91.90,305.00,1,0,0
3179,3.316,57.60,192.00,1,0,0
3182,3.316,57.50,192.00,1,0,0
3184,3.316,57.90,192.00,1,0,0
3187,3.316,57.90,192.00,1,0,0
3200,3.316,57.80,192.00,1,0,0
3202,3.316,57.90,192.00,1,0,0
3204,3.316,57.90,192.00,1,0,0
3207,3.316,57.90,192.00,1,0,0
3209,3.316,57.60,192.00,1,0,0
3212,3.316,57.60,192.00,1,0,0
3214,3.316,57.60,192.00,1,0,0
3217,3.316,57.90,192.00,1,0,0
3219,3.316,58.00,192.00,1,0,0
3222,3.316,57.90,192.00,1,0,0
3224,3.316,57.90,192.00,1,0,0
3227,3.316,57.50,305.00,1,0,0
3229,3.316,57.50,190.00,1,0,0
3232,3.316,57.50,190.00,1,0,0
3234,3.316,57.80,192.00,1,0,0
3237,3.316,57.80,192.00,1,0,0
3249,3.316,57.80,192.00,1,0,0
3252,3.316,57.80,192.00,1,0,0
3254,3.316,57.90,192.00,1,0,0
3257,3.316,57.70,192.00,1,0,0
3259,3.316,57.50,190.00,1,0,0
3262,3.316,57.50,192.00,1,0,0
3264,3.316,57.50,190.00,1,0,0
3267,3.316,57.80,192.00,1,0,0
3269,3.316,57.80,192.00,1,0,0
3271,3.316,57.80,192.00,1,0,0
3274,3.316,57.60,192.00,1,0,0
3276,3.316,57.60,192.00,1,0,0
3279,3.316,57.60,190.00,1,0,0
3281,3.316,57.70,192.00,1,0,0
3284,3.316,57.80,192.00,1,0,0
3286,3.316,57.90,192.00,1,0,0
3299,3.316,57.90,192.00,1,0,0
3301,3.316,57.90,192.00,1,0,0
3304,3.316,57.80,192.00,1,0,0
3306,3.316,57.80,192.00,1,0,0
3309,3.316,57.50,190.00,1,0,0
3311,3.316,57.60,192.00,1,0,0
3314,3.316,57.50,192.00,1,0,0
3316,3.320,57.80,192.00,1,0,0
3319,3.316,58.00,192.00,1,0,0
3321,3.316,57.80,192.00,1,0,0
3324,3.316,57.50,190.00,1,0,0
3326,3.316,57.60,192.00,1,0,0
3329,3.316,57.50,190.00,1,0,0
3331,3.316,57.60,192.00,1,0,0
3334,3.316,57.90,192.00,1,0,0
3336,3.316,57.90,192.00,1,0,0
3349,3.316,57.80,192.00,1,0,0
3351,3.316,57.90,192.00,1,0,0
3354,3.320,57.90,192.00,1,0,0
3356,3.316,57.60,192.00,1,0,0
3359,3.316,57.60,190.00,1,0,0
3361,3.316,57.50,190.00,1,0,0
3363,3.316,57.60,192.00,1,0,0
3366,3.316,57.90,192.00,1,0,0
3368,3.316,57.90,192.00,1,0,0
3371,3.316,57.90,192.00,1,0,0
3373,3.316,57.60,192.00,1,0,0
3376,3.316,57.70,190.00,1,0,0
3378,3.312,57.60,192.00,1,0,0
3381,3.316,57.80,192.00,1,0,0
3383,3.316,57.90,192.00,1,0,0
3386,3.316,57.80,192.00,1,0,0
3398,3.316,57.90,192.00,1,0,0
3401,3.320,57.90,192.00,1,0,0
3403,3.316,57.90,192.00,1,0,0
3406,3.320,57.60,192.00,1,0,0
3408,3.316,57.50,190.00,1,0,0
3411,3.316,57.60,190.00,1,0,0
3413,3.316,57.90,192.00,1,0,0
3416,3.316,57.80,192.00,1,0,0
3418,3.316,57.90,192.00,1,0,0
3421,3.316,57.90,192.00,1,0,0
3423,3.316,57.60,192.00,1,0,0
3426,3.316,57.60,190.00,1,0,0
3428,3.312,57.50,190.00,1,0,0
3431,3.316,57.80,192.00,1,0,0
3433,3.316,57.90,192.00,1,0,0
3435,3.316,57.90,192.00,1,0,0
3448,3.316,57.90,192.00,1,0,0
3451,3.316,57.90,192.00,1,0,0
3453,3.316,57.80,192.00,1,0,0
3456,3.316,57.60,190.00,1,0,0
3458,3.316,57.60,192.00,1,0,0
3460,3.316,57.50,190.00,1,0,0
3463,3.316,57.80,192.00,1,0,0
3465,3.316,57.80,192.00,1,0,0
3468,3.320,57.80,192.00,1,0,0
3470,3.316,57.80,192.00,1,0,0
3473,3.316,57.50,190.00,1,0,0
3475,3.316,57.60,192.00,1,0,0
3478,3.312,86.00,192.00,1,0,0
3480,3.316,57.90,192.00,1,0,0
3483,3.316,57.80,192.00,1,0,0
3485,3.316,57.90,192.00,1,0,0
3498,3.316,57.90,192.00,1,0,0
3500,3.316,57.80,192.00,1,0,0
3503,3.316,57.80,192.00,1,0,0
3505,3.316,57.50,190.00,1,0,0
3508,3.316,57.50,190.00,1,0,0
3510,3.316,57.60,192.00,1,0,0
3513,3.316,57.90,192.00,1,0,0
3515,3.316,57.90,192.00,1,0,0
3518,3.316,57.90,192.00,1,0,0
3520,3.316,57.50,190.00,1,0,0
3523,3.316,57.60,190.00,1,0,0
3525,3.316,57.50,190.00,1,0,0
3528,3.312,85.60,283.00,1,0,0
3530,3.316,57.80,192.00,1,0,0
3532,3.316,57.80,192.00,1,0,0
3535,3.316,57.90,192.00,1,0,0
3548,3.316,57.90,192.00,1,0,0
3550,3.316,57.80,192.00,1,0,0
3553,3.316,57.90,192.00,1,0,0
3555,3.316,57.60,192.00,1,0,0
3557,3.316,57.50,190.00,1,0,0
3560,3.316,57.60,192.00,1,0,0
3562,3.316,57.90,192.00,1,0,0
3565,3.320,58.00,192.00,1,0,0
3567,3.316,57.90,192.00,1,0,0
3570,3.316,57.50,190.00,1,0,0
3572,3.316,57.50,190.00,1,0,0
3575,3.316,57.50,190.00,1,0,0
3577,3.316,81.00,269.00,1,0,0
3580,3.316,57.80,192.00,1,0,0
3582,3.316,57.80,192.00,1,0,0
3585,3.316,57.90,192.00,1,0,0
3597,3.316,57.90,192.00,1,0,0
3600,3.320,57.90,192.00,1,0,0
3602,3.316,57.70,192.00,1,0,0
3605,3.316,57.60,190.00,1,0,0
3607,3.316,57.60,192.00,1,0,0
3610,3.316,57.50,192.00,1,0,0
3612,3.316,57.80,192.00,1,0,0
3615,3.320,57.90,192.00,1,0,0
3617,3.320,57.80,192.00,1,0,0
3619,3.316,57.60,192.00,1,0,0
3622,3.316,57.60,192.00,1,0,0
3624,3.316,57.60,192.00,1,0,0
3627,3.316,57.80,226.00,1,0,0
3629,3.316,57.80,192.00,1,0,0
3632,3.316,57.90,192.00,1,0,0
3634,3.316,57.90,192.00,1,0,0
3647,3.316,57.90,192.00,1,0,0
3649,3.316,57.80,192.00,1,0,0
3652,3.320,57.50,190.00,1,0,0
3654,3.316,57.60,192.00,1,0,0
3657,3.316,57.60,192.00,1,0,0
3659,3.316,57.80,192.00,1,0,0
3662,3.316,57.90,192.00,1,0,0
3664,3.316,57.90,192.00,1,0,0
3667,3.316,57.90,192.00,1,0,0
3669,3.316,57.60,192.00,1,0,0
3672,3.316,57.60,190.00,1,0,0
3674,3.316,57.50,190.00,1,0,0
3677,3.316,57.90,190.00,1,0,0
3679,3.316,57.80,192.00,1,0,0
3682,3.320,57.80,192.00,1,0,0
3684,3.316,57.70,192.00,1,0,0
3697,3.316,57.80,192.00,1,0,0
3699,3.316,57.80,192.00,1,0,0
3702,3.316,57.50,190.00,1,0,0
3704,3.316,57.60,192.00,1,0,0
3707,3.316,57.50,190.00,1,0,0
3709,3.316,57.80,192.00,1,0,0
3712,3.316,57.90,192.00,1,0,0
3714,3.316,57.90,192.00,1,0,0
3716,3.316,57.90,192.00,1,0,0
3719,3.316,57.50,190.00,1,0,0
3721,3.316,57.60,192.00,1,0,0
3724,3.316,57.60,192.00,1,0,0
3726,3.320,57.80,190.00,1,0,0
3729,3.316,57.80,192.00,1,0,0
3731,3.316,57.90,192.00,1,0,0
3734,3.316,57.60,192.00,1,0,0
3746,3.316,57.80,192.00,1,0,0
3749,3.316,57.90,192.00,1,0,0
3751,3.316,57.60,192.00,1,0,0
3754,3.316,57.60,192.00,1,0,0
3756,3.320,57.60,192.00,1,0,0
3759,3.316,57.80,192.00,1,0,0
3761,3.316,57.80,192.00,1,0,0
3764,3.316,57.80,192.00,1,0,0
3766,3.316,57.90,192.00,1,0,0
3769,3.316,57.60,192.00,1,0,0
3771,3.316,57.60,192.00,1,0,0
3774,3.316,57.50,190.00,1,0,0
3776,3.316,57.90,190.00,1,0,0
3778,3.292,57.80,192.00,1,0,0
3781,3.316,57.90,192.00,1,0,0
3783,3.316,57.60,192.00,1,0,0
3796,3.316,57.80,192.00,1,0,0
3799,3.316,57.70,192.00,1,0,0
3801,3.316,57.60,192.00,1,0,0
3804,3.316,57.50,192.00,1,0,0
3806,3.320,57.60,190.00,1,0,0
3808,3.316,57.90,192.00,1,0,0
3811,3.316,57.80,192.00,1,0,0
3813,3.316,57.90,192.00,1,0,0
3816,3.316,57.60,192.00,1,0,0
3818,3.316,57.60,192.00,1,0,0
3821,3.316,57.60,192.00,1,0,0
3823,3.316,57.80,192.00,1,0,0
3826,3.316,57.90,192.00,1,0,0
3828,3.296,57.90,192.00,1,0,0
3831,3.316,57.80,192.00,1,0,0
3833,3.316,57.50,190.00,1,0,0
3846,3.316,57.90,192.00,1,0,0
3848,3.320,57.80,190.00,1,0,0
3851,3.316,57.50,190.00,1,0,0
3853,3.316,57.50,190.00,1,0,0
3856,3.316,57.60,192.00,1,0,0
3858,3.316,57.80,192.00,1,0,0
3861,3.316,57.80,192.00,1,0,0
3863,3.316,57.90,192.00,1,0,0
3866,3.316,57.50,190.00,1,0,0
3868,3.316,57.50,190.00,1,0,0
3871,3.316,57.60,192.00,1,0,0
3873,3.316,57.50,192.00,1,0,0
3875,3.316,57.80,192.00,1,0,0
3878,3.296,57.90,192.00,1,0,0
3880,3.316,57.80,192.00,1,0,0
3883,3.316,57.60,192.00,1,0,0
3896,3.320,57.90,192.00,1,0,0
3898,3.320,57.60,192.00,1,0,0
3900,3.320,57.60,190.00,1,0,0
3903,3.316,57.50,192.00,1,0,0
3905,3.320,57.70,192.00,1,0,0
3908,3.316,57.90,192.00,1,0,0
3910,3.316,57.80,192.00,1,0,0
3913,3.316,57.80,192.00,1,0,0
3915,3.316,57.60,192.00,1,0,0
3918,3.316,57.60,192.00,1,0,0
3920,3.316,57.60,192.00,1,0,0
3923,3.316,57.90,192.00,1,0,0
3925,3.316,57.80,192.00,1,0,0
3928,3.316,57.90,192.00,1,0,0
3930,3.316,57.80,192.00,1,0,0
3933,3.316,57.50,190.00,1,0,0
3945,3.316,57.80,192.00,1,0,0
3948,3.316,57.60,192.00,1,0,0
3950,3.316,57.60,192.00,1,0,0
3953,3.316,57.50,190.00,1,0,0
3955,3.316,57.80,192.00,1,0,0
3958,3.320,57.90,192.00,1,0,0
3960,3.316,57.90,192.00,1,0,0
3963,3.316,57.80,192.00,1,0,0
3965,3.316,57.60,192.00,1,0,0
3967,3.316,57.50,190.00,1,0,0
3970,3.316,57.50,190.00,1,0,0
3972,3.316,57.90,192.00,1,0,0
3975,3.316,57.90,192.00,1,0,0
3977,3.316,63.20,192.00,1,0,0
3980,3.316,57.50,190.00,1,0,0
3982,3.316,57.50,190.00,1,0,0
3995,3.316,57.90,192.00,1,0,0
3997,3.316,57.50,192.00,1,0,0
4000,3.316,57.50,190.00,1,0,0
4002,3.316,57.60,192.00,1,0,0
4005,3.316,57.80,192.00,1,0,0
4007,3.316,57.80,192.00,1,0,0
4010,3.316,57.90,192.00,1,0,0
4012,3.316,57.90,192.00,1,0,0
4015,3.316,57.50,190.00,1,0,0
4017,3.316,57.60,192.00,1,0,0
4020,3.316,57.60,192.00,1,0,0
4022,3.320,57.90,192.00,1,0,0
4025,3.316,57.80,192.00,1,0,0
4027,3.316,64.20,211.00,1,0,0
4030,3.316,57.60,192.00,1,0,0
4032,3.320,57.60,192.00,1,0,0
4045,3.316,57.90,192.00,1,0,0
4047,3.316,57.40,190.00,1,0,0
4050,3.316,57.50,190.00,1,0,0
4052,3.316,57.50,190.00,1,0,0
4055,3.316,57.80,192.00,1,0,0
4057,3.320,57.80,192.00,1,0,0
4060,3.316,57.80,192.00,1,0,0
4062,3.320,57.50,190.00,1,0,0
4064,3.320,57.50,190.00,1,0,0
4067,3.316,57.50,190.00,1,0,0
4069,3.316,57.60,192.00,1,0,0
4072,3.316,57.80,192.00,1,0,0
4074,3.316,57.80,192.00,1,0,0
4077,3.316,64.40,213.00,1,0,0
4079,3.316,57.50,190.00,1,0,0
4082,3.316,57.40,190.00,1,0,0
4094,3.320,57.90,190.00,1,0,0
4097,3.316,57.50,192.00,1,0,0
4099,3.316,57.60,192.00,1,0,0
4102,3.316,57.60,192.00,1,0,0
4104,3.316,57.90,192.00,1,0,0
4107,3.316,57.80,192.00,1,0,0
4109,3.316,57.80,192.00,1,0,0
4112,3.316,57.50,190.00,1,0,0
4114,3.316,57.50,190.00,1,0,0
4117,3.316,57.60,190.00,1,0,0
4119,3.316,57.80,192.00,1,0,0
4122,3.316,57.80,192.00,1,0,0
4124,3.316,57.80,192.00,1,0,0
4127,3.316,64.50,213.00,1,0,0
4129,3.300,57.50,190.00,1,0,0
4131,3.316,57.60,192.00,1,0,0
4144,3.316,57.60,192.00,1,0,0
4147,3.316,57.50,192.00,1,0,0
4149,3.320,57.60,192.00,1,0,0
4152,3.316,57.50,192.00,1,0,0
4154,3.316,57.80,192.00,1,0,0
4157,3.316,57.80,192.00,1,0,0
4159,3.316,57.90,192.00,1,0,0
4161,3.316,57.60,192.00,1,0,0
4164,3.316,57.50,190.00,1,0,0
4166,3.316,57.50,190.00,1,0,0
4169,3.316,57.80,192.00,1,0,0
4171,3.316,57.90,192.00,1,0,0
4174,3.316,57.90,192.00,1,0,0
4176,3.316,57.80,247.00,1,0,0
4179,3.308,57.50,190.00,1,0,0
4181,3.316,57.50,190.00,1,0,0
4194,3.316,57.60,192.00,1,0,0
4196,3.316,57.50,190.00,1,0,0
4199,3.316,57.50,192.00,1,0,0
4201,3.316,57.80,192.00,1,0,0
4204,3.316,57.90,192.00,1,0,0
4206,3.316,57.80,192.00,1,0,0
4209,3.316,57.90,192.00,1,0,0
4211,3.316,57.50,190.00,1,0,0
4214,3.316,57.50,192.00,1,0,0
4216,3.316,57.50,190.00,1,0,0
4219,3.316,57.90,192.00,1,0,0
4221,3.316,57.80,192.00,1,0,0
4223,3.316,57.80,192.00,1,0,0
4226,3.316,57.60,192.00,1,0,0
4228,3.312,57.50,190.00,1,0,0
4231,3.316,57.60,190.00,1,0,0
4244,3.316,57.60,190.00,1,0,0
4246,3.316,57.50,190.00,1,0,0
4249,3.316,57.60,192.00,1,0,0
4251,3.316,57.80,192.00,1,0,0
4253,3.320,57.90,192.00,1,0,0
4256,3.316,57.80,192.00,1,0,0
4258,3.316,57.80,192.00,1,0,0
4261,3.316,57.60,192.00,1,0,0
4263,3.316,57.50,190.00,1,0,0
4266,3.316,57.60,192.00,1,0,0
4268,3.316,57.90,192.00,1,0,0
4271,3.316,57.90,192.00,1,0,0
4273,3.316,57.90,192.00,1,0,0
4276,3.316,57.60,192.00,1,0,0
4278,3.316,57.50,190.00,1,0,0
4281,3.316,57.60,192.00,1,0,0
4293,3.316,57.60,192.00,1,0,0
4296,3.320,57.50,192.00,1,0,0
4298,3.320,57.60,192.00,1,0,0
4301,3.316,57.90,192.00,1,0,0
4303,3.316,57.90,192.00,1,0,0
4306,3.320,57.90,192.00,1,0,0
4308,3.316,57.70,192.00,1,0,0
4311,3.316,57.60,190.00,1,0,0
4313,3.316,57.50,190.00,1,0,0
4316,3.316,57.60,192.00,1,0,0
4318,3.316,57.90,192.00,1,0,0
4321,3.316,57.90,192.00,1,0,0
4323,3.316,57.90,192.00,1,0,0
4325,3.316,57.60,192.00,1,0,0
4328,3.316,57.50,190.00,1,0,0
4330,3.316,57.50,192.00,1,0,0
4343,3.316,57.50,190.00,1,0,0
4346,3.316,57.60,190.00,1,0,0
4348,3.316,57.60,190.00,1,0,0
4350,3.316,57.90,192.00,1,0,0
4353,3.316,57.80,192.00,1,0,0
4355,3.316,57.90,192.00,1,0,0
4358,3.316,57.50,190.00,1,0,0
4360,3.316,57.60,192.00,1,0,0
4363,3.320,57.70,190.00,1,0,0
4365,3.316,57.90,192.00,1,0,0
4368,3.320,57.80,192.00,1,0,0
4370,3.316,57.90,192.00,1,0,0
4373,3.320,57.80,192.00,1,0,0
4375,3.320,57.60,192.00,1,0,0
4378,3.320,91.50,190.00,1,0,0
4380,3.316,57.50,190.00,1,0,0
4393,3.316,57.60,192.00,1,0,0
4395,3.316,57.60,192.00,1,0,0
4398,3.320,57.50,192.00,1,0,0
4400,3.316,57.90,192.00,1,0,0
4403,3.316,57.90,192.00,1,0,0
4405,3.320,57.90,192.00,1,0,0
4408,3.316,57.60,190.00,1,0,0
4410,3.316,57.50,190.00,1,0,0
4413,3.316,57.50,190.00,1,0,0
4415,3.316,57.60,192.00,1,0,0
4418,3.316,57.80,192.00,1,0,0
4420,3.316,57.90,192.00,1,0,0
4422,3.320,57.80,192.00,1,0,0
4425,3.316,57.60,192.00,1,0,0
4427,3.316,91.00,301.00,1,0,0
4430,3.316,57.50,190.00,1,0,0
4442,3.316,57.50,190.00,1,0,0
4445,3.316,57.50,190.00,1,0,0
4447,3.316,57.70,192.00,1,0,0
4450,3.316,57.90,192.00,1,0,0
4452,3.320,57.90,192.00,1,0,0
4455,3.320,57.90,192.00,1,0,0
4457,3.316,57.60,192.00,1,0,0
4460,3.320,57.60,190.00,1,0,0
4462,3.316,57.50,190.00,1,0,0
4465,3.316,57.80,192.00,1,0,0
4467,3.316,57.90,192.00,1,0,0
4470,3.316,57.90,192.00,1,0,0
4472,3.320,57.80,192.00,1,0,0
4475,3.316,57.50,190.00,1,0,0
4477,3.316,87.60,290.00,1,0,0
4479,3.316,57.50,190.00,1,0,0
4492,3.316,57.50,190.00,1,0,0
4495,3.316,57.50,190.00,1,0,0
4497,3.316,57.90,192.00,1,0,0
4500,3.316,57.80,192.00,1,0,0
4502,3.316,57.80,192.00,1,0,0
4505,3.316,57.80,192.00,1,0,0
4507,3.320,57.60,192.00,1,0,0
4509,3.316,57.60,192.00,1,0,0
4512,3.316,57.50,190.00,1,0,0
4514,3.316,57.90,192.00,1,0,0
4517,3.316,57.80,192.00,1,0,0
4519,3.316,57.80,192.00,1,0,0
4522,3.316,57.60,192.00,1,0,0
4524,3.316,57.60,192.00,1,0,0
4527,3.316,57.50,285.00,1,0,0
4529,3.316,57.70,192.00,1,0,0
4542,3.316,57.50,190.00,1,0,0
4544,3.316,57.50,190.00,1,0,0
4547,3.316,57.90,192.00,1,0,0
4549,3.316,57.80,192.00,1,0,0
4556,3.316,57.60,192.00,1,0,0
4559,3.316,57.70,192.00,1,0,0
4561,3.316,57.60,192.00,1,0,0
4564,3.316,57.80,192.00,1,0,0
4566,3.316,57.80,192.00,1,0,0
4569,3.316,57.90,192.00,1,0,0
4571,3.316,57.70,192.00,1,0,0
4573,3.316,57.60,192.00,1,0,0
4576,3.316,57.50,190.00,1,0,0
4578,3.312,57.50,190.00,1,0,0
4581,3.316,57.90,192.00,1,0,0
4583,3.316,57.90,192.00,1,0,0
4586,3.320,57.90,192.00,1,0,0
4588,3.316,57.50,190.00,1,0,0
4591,3.316,57.50,192.00,1,0,0
4593,3.316,57.60,192.00,1,0,0
4606,3.316,57.60,192.00,1,0,0
4608,3.316,57.60,192.00,1,0,0
4611,3.316,57.60,192.00,1,0,0
4613,3.316,57.90,192.00,1,0,0
4616,3.316,57.80,192.00,1,0,0
4618,3.316,57.90,192.00,1,0,0
4621,3.316,57.60,192.00,1,0,0
4623,3.316,57.60,192.00,1,0,0
4626,3.316,57.50,190.00,1,0,0
4628,3.312,57.80,192.00,1,0,0
4631,3.316,57.90,192.00,1,0,0
4633,3.320,57.90,192.00,1,0,0
4636,3.316,57.90,192.00,1,0,0
4638,3.316,57.50,190.00,1,0,0
4641,3.316,57.60,192.00,1,0,0
4643,3.316,57.50,190.00,1,0,0
4656,3.316,57.60,192.00,1,0,0
4658,3.316,57.60,192.00,1,0,0
4661,3.316,57.50,190.00,1,0,0
4663,3.316,57.80,192.00,1,0,0
4666,3.316,57.90,192.00,1,0,0
4668,3.316,57.90,192.00,1,0,0
4670,3.316,57.50,192.00,1,0,0
4673,3.316,57.70,192.00,1,0,0
4675,3.316,57.50,190.00,1,0,0
4678,3.312,83.90,192.00,1,0,0
4680,3.320,57.80,192.00,1,0,0
4683,3.316,57.90,192.00,1,0,0
4685,3.316,57.90,192.00,1,0,0
4688,3.316,57.50,190.00,1,0,0
4690,3.316,57.50,190.00,1,0,0
4693,3.316,57.50,192.00,1,0,0
4705,3.316,57.60,192.00,1,0,0
4708,3.316,57.40,190.00,1,0,0
4710,3.316,57.80,192.00,1,0,0
4713,3.316,57.80,192.00,1,0,0
4715,3.320,57.80,192.00,1,0,0
4718,3.316,57.80,192.00,1,0,0
4720,3.316,57.50,190.00,1,0,0
4723,3.316,57.50,190.00,1,0,0
4725,3.316,57.50,192.00,1,0,0
4728,3.308,71.00,236.00,1,0,0
4730,3.316,57.80,192.00,1,0,0
4732,3.316,57.90,192.00,1,0,0
4735,3.316,57.60,192.00,1,0,0
4737,3.316,57.50,192.00,1,0,0
4740,3.320,57.50,190.00,1,0,0
4742,3.316,57.50,190.00,1,0,0
4755,3.316,57.50,190.00,1,0,0
4757,3.316,57.50,192.00,1,0,0
4760,3.316,57.70,192.00,1,0,0
4762,3.316,57.90,192.00,1,0,0
4765,3.316,57.90,192.00,1,0,0
4767,3.316,57.80,192.00,1,0,0
4770,3.316,57.50,190.00,1,0,0
4772,3.316,57.50,190.00,1,0,0
4775,3.316,57.50,190.00,1,0,0
4777,3.316,60.80,202.00,1,0,0
4780,3.316,57.80,192.00,1,0,0
4782,3.320,57.90,192.00,1,0,0
4785,3.316,57.90,192.00,1,0,0
4787,3.316,57.60,192.00,1,0,0
4790,3.316,57.60,192.00,1,0,0
4792,3.316,57.60,192.00,1,0,0
4805,3.316,57.50,192.00,1,0,0
4807,3.316,57.50,190.00,1,0,0
4810,3.316,57.80,192.00,1,0,0
4812,3.316,57.90,192.00,1,0,0
4815,3.316,57.90,192.00,1,0,0
4817,3.320,57.70,192.00,1,0,0
4820,3.316,57.60,192.00,1,0,0
4822,3.320,57.50,190.00,1,0,0
4824,3.316,57.60,192.00,1,0,0
4827,3.320,57.90,193.00,1,0,0
4829,3.316,57.90,192.00,1,0,0
4832,3.316,57.90,192.00,1,0,0
4834,3.316,57.50,190.00,1,0,0
4837,3.316,57.50,190.00,1,0,0
4839,3.316,57.60,192.00,1,0,0
4842,3.316,57.70,192.00,1,0,0
4854,3.316,57.60,192.00,1,0,0
4857,3.316,57.50,192.00,1,0,0
4859,3.316,57.80,192.00,1,0,0
4862,3.316,57.90,192.00,1,0,0
4864,3.316,57.90,192.00,1,0,0
4867,3.316,57.50,190.00,1,0,0
4869,3.316,57.50,190.00,1,0,0
4872,3.316,57.50,190.00,1,0,0
4874,3.316,57.80,192.00,1,0,0
4877,3.316,57.80,190.00,1,0,0
4879,3.320,57.80,192.00,1,0,0
4882,3.316,57.90,192.00,1,0,0
4884,3.316,57.60,192.00,1,0,0
4887,3.316,57.60,190.00,1,0,0
4889,3.316,57.60,192.00,1,0,0
4891,3.316,57.90,192.00,1,0,0
4904,3.316,57.60,192.00,1,0,0
4907,3.316,57.60,192.00,1,0,0
4909,3.320,57.90,192.00,1,0,0
4912,3.316,57.90,192.00,1,0,0
4914,3.316,57.90,192.00,1,0,0
4917,3.316,57.60,192.00,1,0,0
4919,3.316,57.60,192.00,1,0,0
4921,3.316,57.60,192.00,1,0,0
4924,3.316,57.70,192.00,1,0,0
4926,3.316,58.00,192.00,1,0,0
4929,3.316,57.70,192.00,1,0,0
4931,3.316,57.80,192.00,1,0,0
4934,3.316,57.60,192.00,1,0,0
4936,3.316,57.60,192.00,1,0,0
4939,3.316,57.60,190.00,1,0,0
4941,3.316,57.90,192.00,1,0,0
4954,3.320,57.60,190.00,1,0,0
4956,3.316,57.80,192.00,1,0,0
4959,3.316,57.90,192.00,1,0,0
4961,3.316,57.80,192.00,1,0,0
4964,3.320,57.80,192.00,1,0,0
4966,3.316,57.50,190.00,1,0,0
4969,3.316,57.60,192.00,1,0,0
4971,3.316,57.60,192.00,1,0,0
4974,3.316,57.80,192.00,1,0,0
4976,3.316,57.80,192.00,1,0,0
4979,3.296,57.70,192.00,1,0,0
4981,3.316,57.80,192.00,1,0,0
4984,3.320,57.60,192.00,1,0,0
4986,3.316,58.20,193.00,1,0,0
4988,3.316,57.50,190.00,1,0,0
4991,3.316,57.90,192.00,1,0,0
5004,3.316,57.50,190.00,1,0,0
5006,3.316,57.90,192.00,1,0,0
5009,3.316,57.90,192.00,1,0,0
5011,3.316,57.90,192.00,1,0,0
5014,3.316,57.80,192.00,1,0,0
5016,3.316,57.60,192.00,1,0,0
5018,3.316,57.60,192.00,1,0,0
5021,3.316,57.60,192.00,1,0,0
5023,3.316,57.80,192.00,1,0,0
5026,3.316,57.90,192.00,1,0,0
5028,3.296,58.00,192.00,1,0,0
5031,3.316,57.60,192.00,1,0,0
5033,3.316,57.60,192.00,1,0,0
5036,3.316,57.60,192.00,1,0,0
5038,3.316,57.70,192.00,1,0,0
5041,3.316,57.90,192.00,1,0,0
5053,3.316,57.60,192.00,1,0,0
5056,3.316,57.90,192.00,1,0,0
5058,3.316,57.90,192.00,1,0,0
5061,3.316,57.90,192.00,1,0,0
5063,3.316,57.90,192.00,1,0,0
5066,3.320,57.50,190.00,1,0,0
5068,3.316,57.60,192.00,1,0,0
5071,3.316,57.60,192.00,1,0,0
5073,3.316,57.90,192.00,1,0,0
5076,3.316,57.90,192.00,1,0,0
5078,3.296,57.90,192.00,1,0,0
5081,3.316,57.60,190.00,1,0,0
5083,3.316,57.60,192.00,1,0,0
5086,3.316,57.60,192.00,1,0,0
5088,3.316,57.50,192.00,1,0,0
5090,3.316,57.90,192.00,1,0,0
5103,3.316,57.60,192.00,1,0,0
5106,3.316,57.80,192.00,1,0,0
5108,3.316,57.90,192.00,1,0,0
5111,3.316,57.80,192.00,1,0,0
5113,3.316,57.60,192.00,1,0,0
5115,3.316,57.60,190.00,1,0,0
5118,3.316,57.50,190.00,1,0,0
5120,3.316,57.60,192.00,1,0,0
5123,3.316,57.80,192.00,1,0,0
5125,3.316,57.80,192.00,1,0,0
5128,3.316,58.00,192.00,1,0,0
5130,3.316,57.50,190.00,1,0,0
5133,3.316,57.60,192.00,1,0,0
5135,3.316,57.60,192.00,1,0,0
5138,3.316,57.80,192.00,1,0,0
5140,3.316,58.60,192.00,1,0,0
5153,3.316,57.60,192.00,1,0,0
5155,3.316,57.90,192.00,1,0,0
5158,3.316,57.90,192.00,1,0,0
5160,3.316,57.90,192.00,1,0,0
5163,3.316,57.60,192.00,1,0,0
5165,3.316,57.60,192.00,1,0,0
5168,3.316,57.60,192.00,1,0,0
5170,3.316,57.90,192.00,1,0,0
5173,3.316,57.90,192.00,1,0,0
5175,3.320,57.80,192.00,1,0,0
5178,3.316,57.90,192.00,1,0,0
5180,3.316,57.60,192.00,1,0,0
5183,3.316,57.60,192.00,1,0,0
5185,3.316,57.50,192.00,1,0,0
5187,3.316,57.80,192.00,1,0,0
5190,3.320,58.70,195.00,1,0,0
5203,3.316,57.60,192.00,1,0,0
5205,3.320,57.90,192.00,1,0,0
5208,3.320,57.80,192.00,1,0,0
5210,3.316,57.80,192.00,1,0,0
5212,3.316,57.50,192.00,1,0,0
5215,3.316,57.50,190.00,1,0,0
5217,3.316,57.60,192.00,1,0,0
5220,3.316,57.80,192.00,1,0,0
5222,3.320,57.90,192.00,1,0,0
5225,3.320,57.80,192.00,1,0,0
5227,3.316,64.40,190.00,1,0,0
5230,3.316,57.50,190.00,1,0,0
5232,3.316,57.60,192.00,1,0,0
5235,3.316,57.60,192.00,1,0,0
5237,3.316,57.90,192.00,1,0,0
5240,3.320,58.70,195.00,1,0,0
5252,3.316,57.80,192.00,1,0,0
5255,3.320,57.90,192.00,1,0,0
5257,3.316,57.90,192.00,1,0,0
5260,3.316,57.80,192.00,1,0,0
5262,3.316,57.60,192.00,1,0,0
5265,3.316,57.60,190.00,1,0,0
5267,3.316,57.60,192.00,1,0,0
5270,3.316,58.00,192.00,1,0,0
5272,3.316,57.80,192.00,1,0,0
5275,3.316,57.90,192.00,1,0,0
5277,3.320,71.70,238.00,1,0,0
5280,3.316,57.50,192.00,1,0,0
5282,3.316,57.50,190.00,1,0,0
5284,3.316,57.60,192.00,1,0,0
5287,3.316,57.90,192.00,1,0,0
5289,3.316,58.70,195.00,1,0,0
5302,3.316,57.80,192.00,1,0,0
5304,3.316,57.80,192.00,1,0,0
5307,3.320,57.80,192.00,1,0,0
5309,3.316,57.90,192.00,1,0,0
5312,3.316,57.50,190.00,1,0,0
5314,3.316,57.50,190.00,1,0,0
5317,3.316,57.50,192.00,1,0,0
5319,3.320,57.90,192.00,1,0,0
5322,3.316,57.80,192.00,1,0,0
5324,3.316,57.80,192.00,1,0,0
5327,3.316,83.90,279.00,1,0,0
5329,3.316,57.50,190.00,1,0,0
5332,3.316,57.60,190.00,1,0,0
5334,3.316,57.90,192.00,1,0,0
5337,3.316,57.90,192.00,1,0,0
5339,3.316,57.90,192.00,1,0,0
5352,3.316,57.90,192.00,1,0,0
5354,3.316,57.80,192.00,1,0,0
5357,3.320,57.90,192.00,1,0,0
5359,3.316,57.70,192.00,1,0,0
5362,3.316,57.60,192.00,1,0,0
5364,3.316,57.60,192.00,1,0,0
5367,3.316,57.50,190.00,1,0,0
5369,3.316,57.90,192.00,1,0,0
5371,3.316,57.80,192.00,1,0,0
5374,3.316,57.90,192.00,1,0,0
5376,3.316,57.60,301.00,1,0,0
5379,3.316,57.50,190.00,1,0,0
5381,3.316,57.50,190.00,1,0,0
5384,3.316,57.80,192.00,1,0,0
5386,3.316,57.80,192.00,1,0,0
5389,3.316,57.90,192.00,1,0,0
5401,3.316,57.80,192.00,1,0,0
5404,3.316,57.90,192.00,1,0,0
5406,3.316,57.80,192.00,1,0,0
5409,3.316,57.50,190.00,1,0,0
5411,3.316,57.50,192.00,1,0,0
5414,3.316,57.50,190.00,1,0,0
5416,3.316,57.80,192.00,1,0,0
5419,3.316,57.80,192.00,1,0,0
5421,3.320,57.80,192.00,1,0,0
5424,3.316,57.90,192.00,1,0,0
5426,3.316,57.50,190.00,1,0,0
5429,3.316,57.50,190.00,1,0,0
5431,3.316,57.50,190.00,1,0,0
5433,3.316,57.80,192.00,1,0,0
5436,3.320,57.90,192.00,1,0,0
5438,3.316,57.90,192.00,1,0,0
5451,3.316,57.80,192.00,1,0,0
5454,3.316,57.80,192.00,1,0,0
5456,3.316,57.90,192.00,1,0,0
5459,3.316,57.60,190.00,1,0,0
5461,3.316,57.50,190.00,1,0,0
5463,3.316,57.50,192.00,1,0,0
5466,3.316,57.70,192.00,1,0,0
5468,3.316,57.80,192.00,1,0,0
5471,3.316,57.90,192.00,1,0,0
5473,3.316,57.90,192.00,1,0,0
5476,3.316,57.50,190.00,1,0,0
5478,3.316,57.50,190.00,1,0,0
5481,3.316,57.50,190.00,1,0,0
5483,3.316,57.90,192.00,1,0,0
5486,3.316,57.90,192.00,1,0,0
5488,3.316,57.90,192.00,1,0,0
5501,3.316,57.90,192.00,1,0,0
5503,3.320,57.90,192.00,1,0,0
5506,3.316,57.90,192.00,1,0,0
5508,3.316,57.50,190.00,1,0,0
5511,3.316,57.50,190.00,1,0,0
5513,3.316,57.50,190.00,1,0,0
5516,3.316,57.80,192.00,1,0,0
5518,3.316,57.80,192.00,1,0,0
5521,3.316,57.90,192.00,1,0,0
5523,3.316,57.90,192.00,1,0,0
5526,3.316,57.60,190.00,1,0,0
5528,3.316,57.50,190.00,1,0,0
5530,3.316,57.50,190.00,1,0,0
5533,3.316,57.80,192.00,1,0,0
5535,3.320,57.80,192.00,1,0,0
5538,3.316,57.90,192.00,1,0,0
5551,3.316,57.90,192.00,1,0,0
5553,3.316,57.90,192.00,1,0,0
5555,3.316,57.90,192.00,1,0,0
5558,3.316,57.50,190.00,1,0,0
5560,3.316,57.50,190.00,1,0,0
5563,3.316,57.50,192.00,1,0,0
5565,3.316,57.80,192.00,1,0,0
5568,3.316,57.90,192.00,1,0,0
5570,3.316,57.80,192.00,1,0,0
5573,3.316,57.50,192.00,1,0,0
5575,3.316,57.50,190.00,1,0,0
5578,3.316,89.50,190.00,1,0,0
5580,3.316,57.80,192.00,1,0,0
5583,3.316,57.80,192.00,1,0,0
5585,3.316,57.90,192.00,1,0,0
5588,3.316,57.90,192.00,1,0,0
5600,3.316,57.80,192.00,1,0,0
5603,3.316,57.90,192.00,1,0,0
5605,3.316,57.90,192.00,1,0,0
5608,3.316,57.60,190.00,1,0,0
5610,3.316,57.60,192.00,1,0,0
5613,3.316,57.60,192.00,1,0,0
5615,3.316,57.90,192.00,1,0,0
5618,3.316,57.90,192.00,1,0,0
5620,3.316,57.80,192.00,1,0,0
5622,3.320,57.60,192.00,1,0,0
5625,3.316,57.60,192.00,1,0,0
5627,3.312,87.10,288.00,1,0,0
5630,3.316,57.50,192.00,1,0,0
5632,3.316,57.80,192.00,1,0,0
5635,3.316,57.80,192.00,1,0,0
5637,3.316,57.80,192.00,1,0,0
5650,3.316,57.80,192.00,1,0,0
5652,3.316,57.90,192.00,1,0,0
5655,3.316,57.50,190.00,1,0,0
5657,3.316,57.60,192.00,1,0,0
5660,3.316,57.50,190.00,1,0,0
5662,3.316,57.70,192.00,1,0,0
5665,3.316,57.90,192.00,1,0,0
5667,3.316,57.80,192.00,1,0,0
5670,3.316,57.90,192.00,1,0,0
5672,3.316,57.60,192.00,1,0,0
5675,3.316,57.60,192.00,1,0,0
5677,3.316,86.20,285.00,1,0,0
5680,3.316,57.70,192.00,1,0,0
5682,3.316,57.90,192.00,1,0,0
5685,3.316,57.80,192.00,1,0,0
5687,3.316,57.90,192.00,1,0,0
5700,3.316,57.90,192.00,1,0,0
5702,3.316,57.80,192.00,1,0,0
5705,3.316,57.60,192.00,1,0,0
5707,3.316,57.50,190.00,1,0,0
5710,3.316,57.60,192.00,1,0,0
5712,3.316,57.60,192.00,1,0,0
5715,3.316,57.90,192.00,1,0,0
5717,3.320,57.90,192.00,1,0,0
5719,3.316,57.90,192.00,1,0,0
5722,3.316,57.50,192.00,1,0,0
5724,3.316,57.60,192.00,1,0,0
5727,3.316,57.50,285.00,1,0,0
5729,3.316,57.80,192.00,1,0,0
5732,3.316,57.90,192.00,1,0,0
5734,3.316,57.90,192.00,1,0,0
5737,3.316,57.50,190.00,1,0,0
5749,3.316,57.90,192.00,1,0,0
5752,3.316,57.80,192.00,1,0,0
5754,3.316,57.60,190.00,1,0,0
5757,3.316,57.50,192.00,1,0,0
5759,3.316,57.50,190.00,1,0,0
5762,3.316,57.80,192.00,1,0,0
5764,3.316,57.80,192.00,1,0,0
5767,3.316,57.80,192.00,1,0,0
5769,3.316,57.80,192.00,1,0,0
5772,3.316,57.50,192.00,1,0,0
5774,3.316,57.60,192.00,1,0,0
5777,3.316,57.50,190.00,1,0,0
5779,3.316,57.80,192.00,1,0,0
5782,3.316,57.90,192.00,1,0,0
5784,3.316,57.80,192.00,1,0,0
5787,3.316,57.60,190.00,1,0,0
5799,3.316,57.80,192.00,1,0,0
5802,3.316,57.90,192.00,1,0,0
5804,3.316,57.50,190.00,1,0,0
5807,3.316,57.60,190.00,1,0,0
5809,3.316,57.60,192.00,1,0,0
5812,3.316,57.80,192.00,1,0,0
5814,3.316,57.90,192.00,1,0,0
5816,3.316,57.80,192.00,1,0,0
5819,3.316,57.60,192.00,1,0,0
5821,3.316,57.60,192.00,1,0,0
5824,3.316,57.50,192.00,1,0,0
5826,3.316,57.60,190.00,1,0,0
5829,3.316,57.80,192.00,1,0,0
5831,3.316,57.80,192.00,1,0,0
5834,3.316,57.90,192.00,1,0,0
5836,3.316,57.60,192.00,1,0,0
5849,3.316,57.90,192.00,1,0,0
5851,3.316,57.90,192.00,1,0,0
5854,3.316,57.60,192.00,1,0,0
5856,3.316,57.60,192.00,1,0,0
5859,3.316,57.60,192.00,1,0,0
5861,3.320,57.90,192.00,1,0,0
5864,3.316,57.90,192.00,1,0,0
5866,3.320,57.90,192.00,1,0,0
5869,3.316,57.70,190.00,1,0,0
5871,3.316,57.60,192.00,1,0,0
5874,3.316,57.60,192.00,1,0,0
5876,3.316,57.50,192.00,1,0,0
5879,3.300,57.80,192.00,1,0,0
5881,3.316,57.80,192.00,1,0,0
5883,3.316,57.80,192.00,1,0,0
5886,3.320,57.60,192.00,1,0,0
5899,3.316,57.80,192.00,1,0,0
5901,3.316,57.60,192.00,1,0,0
5904,3.316,57.60,192.00,1,0,0
5906,3.316,57.60,192.00,1,0,0
5908,3.316,57.50,190.00,1,0,0
5911,3.316,57.90,192.00,1,0,0
5913,3.316,57.80,192.00,1,0,0
5916,3.316,57.90,192.00,1,0,0
5918,3.316,57.50,190.00,1,0,0
5921,3.316,57.60,192.00,1,0,0
5923,3.316,57.60,192.00,1,0,0
5926,3.316,57.90,192.00,1,0,0
5928,3.296,58.80,192.00,1,0,0
5931,3.316,57.80,192.00,1,0,0
5933,3.316,57.80,192.00,1,0,0
5936,3.316,57.50,192.00,1,0,0
5948,3.316,57.90,192.00,1,0,0
5951,3.316,57.60,192.00,1,0,0
5953,3.316,57.60,192.00,1,0,0
5956,3.316,57.50,192.00,1,0,0
5958,3.316,57.90,192.00,1,0,0
5961,3.316,57.90,192.00,1,0,0
5963,3.316,57.90,192.00,1,0,0
5966,3.316,57.90,192.00,1,0,0
5968,3.316,57.60,192.00,1,0,0
5971,3.316,57.50,190.00,1,0,0
5973,3.316,57.60,192.00,1,0,0
5976,3.316,57.90,192.00,1,0,0
5978,3.296,58.00,192.00,1,0,0
5980,3.320,57.90,192.00,1,0,0
5983,3.316,57.60,192.00,1,0,0
5985,3.316,57.60,192.00,1,0,0
5998,3.316,57.80,192.00,1,0,0
6001,3.316,57.60,190.00,1,0,0
6003,3.316,57.60,192.00,1,0,0
6005,3.316,57.60,192.00,1,0,0
6008,3.316,57.80,192.00,1,0,0
6010,3.316,57.90,192.00,1,0,0
6013,3.316,57.80,192.00,1,0,0
6015,3.316,57.90,192.00,1,0,0
6018,3.316,57.60,192.00,1,0,0
6020,3.320,57.60,192.00,1,0,0
6023,3.316,57.60,190.00,1,0,0
6025,3.316,57.90,192.00,1,0,0
6028,3.296,58.00,192.00,1,0,0
6030,3.316,57.80,192.00,1,0,0
6033,3.316,57.60,192.00,1,0,0
6035,3.316,57.60,192.00,1,0,0
6048,3.316,57.80,192.00,1,0,0
6050,3.316,57.60,192.00,1,0,0
6053,3.316,57.50,192.00,1,0,0
6055,3.316,57.60,192.00,1,0,0
6058,3.316,57.90,192.00,1,0,0
6060,3.316,57.80,192.00,1,0,0
6063,3.316,57.80,192.00,1,0,0
6065,3.316,57.70,192.00,1,0,0
6068,3.316,57.50,190.00,1,0,0
6070,3.316,57.50,190.00,1,0,0
6073,3.316,57.50,190.00,1,0,0
6075,3.316,57.90,192.00,1,0,0
6077,3.316,58.00,192.00,1,0,0
6080,3.316,57.80,192.00,1,0,0
6082,3.316,57.60,192.00,1,0,0
6085,3.316,57.60,192.00,1,0,0
6097,3.316,57.80,192.00,1,0,0
6100,3.316,57.60,192.00,1,0,0
6102,3.316,57.60,192.00,1,0,0
6105,3.316,57.50,192.00,1,0,0
6107,3.316,57.80,192.00,1,0,0
6110,3.316,57.80,192.00,1,0,0
6112,3.316,57.90,192.00,1,0,0
6115,3.320,57.50,190.00,1,0,0
6117,3.316,57.60,192.00,1,0,0
6120,3.316,57.60,190.00,1,0,0
6122,3.316,57.80,192.00,1,0,0
6125,3.316,57.90,192.00,1,0,0
6127,3.316,59.60,192.00,1,0,0
6130,3.316,57.90,192.00,1,0,0
6132,3.316,57.60,192.00,1,0,0
6134,3.316,57.60,192.00,1,0,0
6147,3.320,57.80,192.00,1,0,0
6150,3.316,57.60,192.00,1,0,0
6152,3.316,57.60,192.00,1,0,0
6155,3.316,57.60,192.00,1,0,0
6157,3.316,57.90,192.00,1,0,0
6160,3.316,57.90,192.00,1,0,0
6162,3.316,57.90,192.00,1,0,0
6164,3.316,57.50,192.00,1,0,0
6167,3.316,57.60,192.00,1,0,0
6169,3.316,57.60,192.00,1,0,0
6172,3.316,57.70,192.00,1,0,0
6174,3.316,57.90,192.00,1,0,0
6177,3.316,62.20,205.00,1,0,0
6179,3.316,57.90,192.00,1,0,0
6182,3.316,57.60,192.00,1,0,0
6184,3.316,57.50,190.00,1,0,0
6197,3.316,57.60,192.00,1,0,0
6199,3.316,57.60,192.00,1,0,0
6202,3.320,57.60,192.00,1,0,0
6204,3.316,57.80,192.00,1,0,0
6207,3.316,58.00,192.00,1,0,0
6209,3.316,57.90,192.00,1,0,0
6212,3.316,57.80,192.00,1,0,0
6214,3.316,57.60,192.00,1,0,0
6217,3.316,57.60,192.00,1,0,0
6219,3.316,57.60,192.00,1,0,0
6222,3.320,57.90,192.00,1,0,0
6224,3.316,57.90,192.00,1,0,0
6227,3.316,64.10,211.00,1,0,0
6229,3.316,57.70,192.00,1,0,0
6232,3.316,57.60,192.00,1,0,0
6234,3.316,57.50,192.00,1,0,0
6247,3.316,57.60,192.00,1,0,0
6249,3.316,57.60,192.00,1,0,0
6252,3.316,57.60,192.00,1,0,0
6254,3.316,57.70,192.00,1,0,0
6257,3.316,57.90,192.00,1,0,0
6259,3.316,57.80,192.00,1,0,0
6262,3.316,57.90,192.00,1,0,0
6264,3.316,57.50,190.00,1,0,0
6266,3.316,57.60,192.00,1,0,0
6269,3.316,57.60,192.00,1,0,0
6271,3.316,57.90,192.00,1,0,0
6274,3.316,57.80,192.00,1,0,0
6276,3.316,57.80,211.00,1,0,0
6279,3.300,57.60,192.00,1,0,0
6281,3.316,57.60,192.00,1,0,0
6284,3.316,57.60,190.00,1,0,0
6296,3.316,57.60,192.00,1,0,0
6299,3.316,57.60,190.00,1,0,0
6301,3.316,57.60,192.00,1,0,0
6304,3.316,57.90,192.00,1,0,0
6306,3.316,57.80,192.00,1,0,0
6309,3.316,57.90,192.00,1,0,0
6311,3.316,57.90,192.00,1,0,0
6314,3.316,57.50,190.00,1,0,0
6316,3.316,57.60,192.00,1,0,0
6319,3.316,57.60,192.00,1,0,0
6321,3.316,57.90,192.00,1,0,0
6324,3.316,57.80,192.00,1,0,0
6326,3.320,57.90,192.00,1,0,0
6328,3.300,57.60,190.00,1,0,0
6331,3.316,57.50,190.00,1,0,0
6333,3.316,57.60,192.00,1,0,0
6346,3.316,57.60,192.00,1,0,0
6349,3.316,57.60,192.00,1,0,0
6351,3.316,57.60,190.00,1,0,0
6353,3.316,57.90,192.00,1,0,0
6356,3.316,57.90,192.00,1,0,0
6358,3.316,57.80,192.00,1,0,0
6361,3.320,57.60,192.00,1,0,0
6363,3.316,57.50,190.00,1,0,0
6366,3.316,57.60,190.00,1,0,0
6368,3.316,57.80,192.00,1,0,0
6371,3.320,57.90,192.00,1,0,0
6373,3.316,57.80,192.00,1,0,0
6376,3.320,57.80,192.00,1,0,0
6378,3.304,57.60,192.00,1,0,0
6381,3.316,57.50,192.00,1,0,0
6383,3.316,57.50,190.00,1,0,0
6396,3.316,57.60,192.00,1,0,0
6398,3.316,57.60,192.00,1,0,0
6401,3.316,57.60,192.00,1,0,0
6403,3.316,57.90,192.00,1,0,0
6406,3.316,57.80,192.00,1,0,0
6408,3.316,57.90,192.00,1,0,0
6411,3.316,57.60,192.00,1,0,0
6413,3.316,57.60,192.00,1,0,0
6415,3.316,57.60,192.00,1,0,0
6418,3.316,57.50,192.00,1,0,0
6420,3.316,57.90,192.00,1,0,0
6423,3.316,57.90,192.00,1,0,0
6425,3.316,57.90,192.00,1,0,0
6428,3.316,57.50,190.00,1,0,0
6430,3.316,57.50,190.00,1,0,0
6433,3.316,57.50,190.00,1,0,0
6445,3.316,57.60,192.00,1,0,0
6448,3.316,57.50,190.00,1,0,0
6450,3.316,57.60,192.00,1,0,0
6453,3.316,57.90,192.00,1,0,0
6455,3.316,57.80,192.00,1,0,0
6458,3.316,57.90,192.00,1,0,0
6460,3.316,57.50,190.00,1,0,0
6463,3.316,57.60,192.00,1,0,0
6465,3.320,57.60,192.00,1,0,0
6468,3.316,57.80,192.00,1,0,0
6470,3.320,57.90,192.00,1,0,0
6473,3.316,57.80,192.00,1,0,0
6475,3.316,57.80,192.00,1,0,0
6478,3.320,90.40,190.00,1,0,0
6480,3.316,57.50,190.00,1,0,0
6483,3.316,57.50,190.00,1,0,0
6495,3.316,57.50,190.00,1,0,0
6498,3.316,57.50,192.00,1,0,0
6500,3.316,57.80,192.00,1,0,0
6503,3.316,57.90,192.00,1,0,0
6505,3.316,57.80,192.00,1,0,0
6508,3.316,57.80,192.00,1,0,0
6510,3.316,57.50,190.00,1,0,0
6512,3.316,57.50,190.00,1,0,0
6515,3.320,57.50,190.00,1,0,0
6517,3.316,57.90,192.00,1,0,0
6520,3.320,57.80,192.00,1,0,0
6522,3.316,57.80,192.00,1,0,0
6525,3.316,57.60,192.00,1,0,0
6527,3.316,91.50,303.00,1,0,0
6530,3.316,57.50,190.00,1,0,0
6532,3.316,57.50,192.00,1,0,0
6545,3.316,57.50,190.00,1,0,0
6547,3.316,57.50,190.00,1,0,0
6550,3.316,57.80,192.00,1,0,0
6552,3.316,57.80,192.00,1,0,0
6559,3.316,57.50,190.00,1,0,0
6562,3.316,57.50,190.00,1,0,0
6564,3.316,57.50,190.00,1,0,0
6567,3.316,57.90,192.00,1,0,0
6569,3.320,57.80,192.00,1,0,0
6572,3.316,57.80,192.00,1,0,0
6574,3.316,57.70,192.00,1,0,0
6576,3.316,57.50,305.00,1,0,0
6579,3.316,57.50,190.00,1,0,0
6581,3.316,57.50,190.00,1,0,0
6584,3.316,57.90,192.00,1,0,0
6586,3.316,58.00,192.00,1,0,0
6589,3.316,57.80,192.00,1,0,0
6591,3.316,57.70,192.00,1,0,0
6594,3.316,57.60,190.00,1,0,0
6596,3.316,57.50,190.00,1,0,0
6609,3.316,57.50,190.00,1,0,0
6611,3.316,57.50,190.00,1,0,0
6614,3.316,57.60,192.00,1,0,0
6616,3.320,57.90,192.00,1,0,0
6619,3.316,57.90,192.00,1,0,0
6621,3.316,57.90,192.00,1,0,0
6624,3.316,57.50,190.00,1,0,0
6626,3.316,57.60,192.00,1,0,0
6629,3.316,57.50,190.00,1,0,0
6631,3.316,57.80,192.00,1,0,0
6634,3.316,57.90,192.00,1,0,0
6636,3.316,57.90,192.00,1,0,0
6639,3.316,57.90,192.00,1,0,0
6641,3.316,57.60,192.00,1,0,0
6644,3.316,57.60,192.00,1,0,0
6646,3.316,57.50,192.00,1,0,0
6659,3.316,57.60,192.00,1,0,0
6661,3.320,57.60,192.00,1,0,0
6664,3.316,57.50,190.00,1,0,0
6666,3.316,57.90,192.00,1,0,0
6669,3.320,57.80,192.00,1,0,0
6671,3.316,58.00,192.00,1,0,0
6673,3.316,57.60,192.00,1,0,0
6676,3.316,57.50,190.00,1,0,0
6678,3.316,57.50,192.00,1,0,0
6681,3.316,57.70,192.00,1,0,0
6683,3.320,57.80,192.00,1,0,0
6686,3.316,57.90,192.00,1,0,0
6688,3.316,57.80,192.00,1,0,0
6691,3.316,57.50,190.00,1,0,0
6693,3.316,57.60,192.00,1,0,0
6696,3.316,57.50,190.00,1,0,0
6708,3.316,57.60,192.00,1,0,0
6711,3.316,57.50,190.00,1,0,0
6713,3.316,57.80,192.00,1,0,0
6716,3.316,57.80,192.00,1,0,0
6718,3.316,57.80,192.00,1,0,0
6721,3.316,57.90,192.00,1,0,0
6723,3.320,57.50,190.00,1,0,0
6726,3.316,57.50,190.00,1,0,0
6728,3.312,57.50,190.00,1,0,0
6731,3.316,57.80,192.00,1,0,0
6733,3.316,57.90,192.00,1,0,0
6736,3.316,57.90,192.00,1,0,0
6738,3.316,57.80,192.00,1,0,0
6741,3.316,57.50,192.00,1,0,0
6743,3.316,57.60,192.00,1,0,0
6745,3.316,57.50,190.00,1,0,0
6758,3.316,57.60,192.00,1,0,0
6761,3.316,57.50,190.00,1,0,0
6763,3.316,57.60,192.00,1,0,0
6765,3.316,57.80,192.00,1,0,0
6768,3.316,57.90,192.00,1,0,0
6770,3.316,57.80,192.00,1,0,0
6773,3.316,57.60,192.00,1,0,0
6775,3.316,57.60,192.00,1,0,0
6778,3.312,85.60,190.00,1,0,0
6780,3.316,57.80,192.00,1,0,0
6783,3.316,57.80,192.00,1,0,0
6785,3.316,57.90,192.00,1,0,0
6788,3.316,57.60,192.00,1,0,0
6790,3.316,57.60,192.00,1,0,0
6793,3.316,57.50,190.00,1,0,0
6795,3.316,57.70,192.00,1,0,0
6808,3.316,57.60,192.00,1,0,0
6810,3.316,57.50,190.00,1,0,0
6813,3.316,57.90,192.00,1,0,0
6815,3.316,57.80,192.00,1,0,0
6818,3.316,57.90,192.00,1,0,0
6820,3.316,57.80,192.00,1,0,0
6823,3.316,57.60,192.00,1,0,0
6825,3.316,57.50,190.00,1,0,0
6828,3.312,85.00,282.00,1,0,0
6830,3.316,57.90,192.00,1,0,0
6832,3.316,57.90,192.00,1,0,0
6835,3.316,57.90,192.00,1,0,0
6837,3.316,57.60,192.00,1,0,0
6840,3.316,57.50,190.00,1,0,0
6842,3.316,57.60,192.00,1,0,0
6845,3.316,57.50,192.00,1,0,0
6858,3.316,57.60,192.00,1,0,0
6860,3.316,57.50,192.00,1,0,0
6862,3.316,57.80,192.00,1,0,0
6865,3.316,57.80,192.00,1,0,0
6867,3.316,57.90,192.00,1,0,0
6870,3.316,57.60,192.00,1,0,0
6872,3.316,57.60,192.00,1,0,0
6875,3.316,57.60,192.00,1,0,0
6877,3.316,85.90,285.00,1,0,0
6880,3.316,57.80,192.00,1,0,0
6882,3.316,57.90,192.00,1,0,0
6885,3.316,57.80,192.00,1,0,0
6887,3.320,57.60,192.00,1,0,0
6890,3.316,57.60,192.00,1,0,0
6892,3.316,57.50,190.00,1,0,0
6895,3.316,57.90,192.00,1,0,0
6907,3.316,57.50,190.00,1,0,0
6910,3.316,57.50,192.00,1,0,0
6912,3.316,57.80,192.00,1,0,0
6915,3.320,57.80,192.00,1,0,0
6917,3.316,57.90,192.00,1,0,0
6920,3.316,57.70,192.00,1,0,0
6922,3.316,57.60,192.00,1,0,0
6925,3.316,57.50,190.00,1,0,0
6927,3.316,57.60,252.00,1,0,0
6929,3.316,57.90,192.00,1,0,0
6932,3.316,57.80,192.00,1,0,0
6934,3.316,57.90,192.00,1,0,0
6937,3.316,57.60,192.00,1,0,0
6939,3.316,57.60,192.00,1,0,0
6942,3.320,57.50,192.00,1,0,0
6944,3.316,57.90,192.00,1,0,0
6957,3.316,57.60,192.00,1,0,0
6959,3.316,57.60,192.00,1,0,0
6962,3.316,57.80,192.00,1,0,0
6964,3.316,57.90,192.00,1,0,0
6967,3.316,57.80,192.00,1,0,0
6969,3.316,57.60,190.00,1,0,0
6972,3.316,57.60,192.00,1,0,0
6974,3.316,57.60,192.00,1,0,0
6977,3.316,57.80,192.00,1,0,0
6979,3.316,57.80,192.00,1,0,0
6982,3.316,57.80,192.00,1,0,0
6984,3.316,57.90,192.00,1,0,0
6987,3.316,58.20,192.00,1,0,0
6989,3.316,57.60,192.00,1,0,0
6992,3.316,57.60,192.00,1,0,0
6994,3.316,57.90,192.00,1,0,0
7007,3.316,57.60,192.00,1,0,0
7009,3.320,57.80,192.00,1,0,0
7012,3.316,57.90,192.00,1,0,0
7014,3.316,57.80,192.00,1,0,0
7017,3.316,57.90,192.00,1,0,0
7019,3.316,57.60,192.00,1,0,0
7022,3.316,57.60,192.00,1,0,0
7024,3.320,57.60,192.00,1,0,0
7027,3.316,57.90,190.00,1,0,0
7029,3.316,57.90,192.00,1,0,0
7031,3.316,57.80,192.00,1,0,0
7034,3.316,57.70,192.00,1,0,0
7036,3.316,57.60,192.00,1,0,0
7039,3.316,57.60,192.00,1,0,0
7041,3.316,57.60,192.00,1,0,0
7044,3.316,57.90,192.00,1,0,0
7056,3.316,57.60,192.00,1,0,0
7059,3.316,57.80,192.00,1,0,0
7061,3.316,57.90,192.00,1,0,0
7064,3.316,57.90,192.00,1,0,0
7066,3.316,57.90,192.00,1,0,0
7069,3.316,57.70,192.00,1,0,0
7071,3.316,57.60,192.00,1,0,0
7074,3.316,57.50,192.00,1,0,0
7076,3.316,57.90,190.00,1,0,0
7079,3.316,57.80,192.00,1,0,0
7081,3.316,57.80,192.00,1,0,0
7084,3.316,57.60,192.00,1,0,0
7086,3.316,57.60,192.00,1,0,0
7089,3.316,57.60,192.00,1,0,0
7091,3.316,57.50,192.00,1,0,0
7094,3.316,57.80,192.00,1,0,0
7106,3.316,57.60,192.00,1,0,0
7109,3.316,57.90,192.00,1,0,0
7111,3.316,57.80,192.00,1,0,0
7114,3.316,57.80,192.00,1,0,0
7116,3.316,57.60,192.00,1,0,0
7119,3.316,57.50,192.00,1,0,0
7121,3.316,57.60,192.00,1,0,0
7124,3.316,57.60,192.00,1,0,0
7126,3.316,57.90,192.00,1,0,0
7128,3.296,57.80,192.00,1,0,0
7131,3.316,57.80,192.00,1,0,0
7133,3.316,57.50,190.00,1,0,0
7136,3.316,57.50,190.00,1,0,0
7138,3.316,57.60,192.00,1,0,0
7141,3.316,58.20,192.00,1,0,0
7143,3.316,57.80,192.00,1,0,0
7156,3.316,57.60,190.00,1,0,0
7158,3.316,57.90,192.00,1,0,0
7161,3.316,57.80,192.00,1,0,0
7163,3.316,57.90,192.00,1,0,0
7166,3.316,57.60,192.00,1,0,0
7168,3.316,57.60,192.00,1,0,0
7171,3.316,57.50,192.00,1,0,0
7173,3.316,57.80,192.00,1,0,0
7176,3.316,57.80,192.00,1,0,0
7178,3.292,58.00,192.00,1,0,0
7181,3.320,57.80,192.00,1,0,0
7183,3.316,57.50,190.00,1,0,0
7186,3.316,57.60,190.00,1,0,0
7188,3.316,57.60,192.00,1,0,0
7191,3.320,58.60,195.00,1,0,0
7193,3.316,57.80,192.00,1,0,0
7206,3.316,57.50,190.00,1,0,0
7208,3.316,57.80,192.00,1,0,0
7211,3.316,57.90,192.00,1,0,0
7213,3.316,57.80,192.00,1,0,0
7216,3.316,57.50,190.00,1,0,0
7218,3.316,57.50,190.00,1,0,0
7221,3.316,57.60,192.00,1,0,0
7223,3.316,57.80,192.00,1,0,0
7225,3.316,57.90,192.00,1,0,0
7228,3.296,57.90,192.00,1,0,0
7230,3.316,57.90,192.00,1,0,0
7233,3.316,57.60,192.00,1,0,0
7235,3.316,57.60,192.00,1,0,0
7238,3.316,57.60,192.00,1,0,0
7240,3.316,58.60,195.00,1,0,0
7243,3.316,57.80,192.00,1,0,0
7255,3.320,57.90,192.00,1,0,0
7258,3.316,57.90,192.00,1,0,0
7260,3.316,57.80,192.00,1,0,0
7263,3.316,57.90,192.00,1,0,0
7265,3.316,57.50,190.00,1,0,0
7268,3.316,57.60,190.00,1,0,0
7270,3.316,57.60,192.00,1,0,0
7273,3.316,57.80,192.00,1,0,0
7275,3.320,57.90,192.00,1,0,0
7278,3.316,58.00,193.00,1,0,0
7280,3.316,57.70,192.00,1,0,0
7283,3.316,57.60,192.00,1,0,0
7285,3.316,57.50,190.00,1,0,0
7288,3.316,57.60,192.00,1,0,0
7290,3.316,57.90,195.00,1,0,0
7292,3.316,57.90,192.00,1,0,0
7305,3.316,58.00,192.00,1,0,0
7308,3.316,57.90,192.00,1,0,0
7310,3.320,57.80,192.00,1,0,0
7313,3.316,57.80,192.00,1,0,0
7315,3.316,57.60,192.00,1,0,0
7318,3.316,57.50,190.00,1,0,0
7320,3.316,57.60,192.00,1,0,0
7322,3.316,57.80,192.00,1,0,0
7325,3.316,57.90,192.00,1,0,0
7327,3.320,64.00,193.00,1,0,0
7330,3.320,57.60,192.00,1,0,0
7332,3.316,57.50,190.00,1,0,0
7335,3.316,57.50,192.00,1,0,0
7337,3.316,57.90,192.00,1,0,0
7340,3.316,57.90,192.00,1,0,0
7342,3.316,57.80,192.00,1,0,0
7355,3.316,57.90,192.00,1,0,0
7357,3.316,57.90,192.00,1,0,0
7360,3.316,57.90,192.00,1,0,0
7362,3.316,57.80,192.00,1,0,0
7365,3.316,57.50,190.00,1,0,0
7367,3.316,57.50,190.00,1,0,0
7370,3.316,57.60,192.00,1,0,0
7372,3.316,57.80,192.00,1,0,0
7375,3.316,57.90,192.00,1,0,0
7377,3.316,64.30,213.00,1,0,0
7380,3.316,57.50,192.00,1,0,0
7382,3.316,57.50,192.00,1,0,0
7385,3.316,57.60,192.00,1,0,0
7387,3.316,57.60,192.00,1,0,0
7389,3.316,57.90,192.00,1,0,0
7392,3.320,57.90,192.00,1,0,0
7405,3.316,57.90,192.00,1,0,0
7407,3.316,57.90,192.00,1,0,0
7410,3.316,57.90,192.00,1,0,0
7412,3.316,57.60,192.00,1,0,0
7415,3.316,57.60,190.00,1,0,0
7417,3.316,57.60,192.00,1,0,0
7419,3.316,57.80,192.00,1,0,0
7422,3.316,57.80,192.00,1,0,0
7424,3.316,57.90,192.00,1,0,0
7427,3.316,64.40,213.00,1,0,0
7429,3.316,57.50,190.00,1,0,0
7432,3.316,57.60,192.00,1,0,0
7434,3.316,57.60,192.00,1,0,0
7437,3.316,57.90,192.00,1,0,0
7439,3.316,57.90,192.00,1,0,0
7442,3.316,57.90,192.00,1,0,0
7454,3.316,57.80,192.00,1,0,0
7457,3.316,57.80,192.00,1,0,0
7459,3.316,57.90,192.00,1,0,0
7462,3.316,57.60,192.00,1,0,0
7464,3.316,57.60,192.00,1,0,0
7467,3.316,57.60,192.00,1,0,0
7469,3.316,57.90,192.00,1,0,0
7472,3.316,57.90,192.00,1,0,0
7474,3.316,57.90,192.00,1,0,0
7477,3.316,68.10,224.00,1,0,0
7479,3.316,57.50,190.00,1,0,0
7482,3.316,57.50,190.00,1,0,0
7484,3.316,57.50,192.00,1,0,0
7486,3.316,57.80,192.00,1,0,0
7489,3.316,57.90,192.00,1,0,0
7491,3.316,58.70,192.00,1,0,0
7504,3.316,57.80,192.00,1,0,0
7507,3.316,57.90,192.00,1,0,0
7509,3.316,57.80,192.00,1,0,0
7512,3.316,57.50,190.00,1,0,0
7514,3.316,57.50,190.00,1,0,0
7516,3.316,57.50,190.00,1,0,0
7519,3.316,57.90,192.00,1,0,0
7521,3.316,57.90,192.00,1,0,0
7524,3.316,57.80,192.00,1,0,0
7526,3.316,57.90,265.00,1,0,0
7529,3.312,57.50,190.00,1,0,0
7531,3.316,57.50,190.00,1,0,0
7534,3.316,57.50,192.00,1,0,0
7536,3.316,57.90,192.00,1,0,0
7539,3.316,57.90,192.00,1,0,0
7541,3.316,58.70,195.00,1,0,0
7554,3.316,57.90,192.00,1,0,0
7556,3.316,57.80,192.00,1,0,0
7559,3.316,57.90,192.00,1,0,0
7561,3.316,57.50,190.00,1,0,0
7564,3.316,57.50,190.00,1,0,0
7566,3.316,57.50,190.00,1,0,0
7569,3.316,57.90,192.00,1,0,0
7571,3.316,57.80,192.00,1,0,0
7574,3.316,57.80,192.00,1,0,0
7576,3.316,57.50,190.00,1,0,0
7579,3.316,57.60,190.00,1,0,0
7581,3.316,57.50,190.00,1,0,0
7583,3.316,57.60,192.00,1,0,0
7586,3.320,57.90,192.00,1,0,0
7588,3.316,57.90,192.00,1,0,0
7591,3.316,58.60,195.00,1,0,0
7604,3.316,57.80,192.00,1,0,0
7606,3.316,57.90,192.00,1,0,0
7609,3.320,57.90,190.00,1,0,0
7611,3.316,57.60,192.00,1,0,0
7613,3.316,57.50,190.00,1,0,0
7616,3.316,57.60,192.00,1,0,0
7618,3.316,57.90,192.00,1,0,0
7621,3.320,57.90,192.00,1,0,0
7623,3.316,57.90,192.00,1,0,0
7626,3.320,57.60,192.00,1,0,0
7628,3.316,57.50,190.00,1,0,0
7631,3.316,57.40,190.00,1,0,0
7633,3.316,57.80,192.00,1,0,0
7636,3.316,57.80,192.00,1,0,0
7638,3.316,57.80,192.00,1,0,0
7641,3.316,58.60,195.00,1,0,0
7653,3.316,57.80,192.00,1,0,0
7656,3.316,57.90,192.00,1,0,0
7658,3.316,57.60,192.00,1,0,0
7661,3.316,57.50,190.00,1,0,0
7663,3.316,57.50,190.00,1,0,0
7666,3.316,57.50,190.00,1,0,0
7668,3.316,57.90,192.00,1,0,0
7671,3.316,57.80,192.00,1,0,0
7673,3.316,57.80,192.00,1,0,0
7676,3.320,57.50,190.00,1,0,0
7678,3.316,57.50,190.00,1,0,0
7680,3.316,57.50,190.00,1,0,0
7683,3.316,57.80,192.00,1,0,0
7685,3.316,57.80,192.00,1,0,0
7688,3.316,57.80,192.00,1,0,0
7690,3.316,57.80,192.00,1,0,0
7703,3.316,57.90,192.00,1,0,0
7706,3.320,57.80,192.00,1,0,0
7708,3.316,57.50,190.00,1,0,0
7710,3.316,57.60,192.00,1,0,0
7713,3.316,57.60,192.00,1,0,0
7715,3.316,57.80,192.00,1,0,0
7718,3.316,57.90,192.00,1,0,0
7720,3.316,57.80,192.00,1,0,0
7723,3.316,57.90,192.00,1,0,0
7725,3.316,57.60,192.00,1,0,0
7728,3.316,92.00,190.00,1,0,0
7730,3.316,57.60,192.00,1,0,0
7733,3.316,57.90,192.00,1,0,0
7735,3.316,57.90,192.00,1,0,0
7738,3.316,57.80,192.00,1,0,0
7740,3.316,57.70,192.00,1,0,0
7753,3.316,57.80,192.00,1,0,0
7755,3.316,57.90,192.00,1,0,0
7758,3.316,57.60,192.00,1,0,0
7760,3.316,57.50,190.00,1,0,0
7763,3.316,57.50,192.00,1,0,0
7765,3.316,57.80,192.00,1,0,0
7768,3.316,57.80,192.00,1,0,0
7770,3.316,57.90,192.00,1,0,0
7773,3.316,57.90,192.00,1,0,0
7775,3.316,57.60,192.00,1,0,0
7777,3.316,90.80,301.00,1,0,0
7780,3.316,57.50,192.00,1,0,0
7782,3.316,57.90,192.00,1,0,0
7785,3.316,57.90,192.00,1,0,0
7787,3.316,57.90,192.00,1,0,0
7790,3.316,57.50,190.00,1,0,0
7803,3.320,57.90,192.00,1,0,0
7805,3.316,57.80,192.00,1,0,0
7807,3.316,57.50,190.00,1,0,0
7810,3.316,57.60,192.00,1,0,0
7812,3.316,57.50,190.00,1,0,0
7815,3.316,57.80,192.00,1,0,0
7817,3.320,57.90,192.00,1,0,0
7820,3.316,57.80,192.00,1,0,0
7822,3.316,57.70,192.00,1,0,0
7825,3.320,57.60,192.00,1,0,0
7827,3.316,87.30,290.00,1,0,0
7830,3.316,57.50,190.00,1,0,0
7832,3.316,57.80,192.00,1,0,0
7835,3.316,57.90,192.00,1,0,0
7837,3.316,57.80,192.00,1,0,0
7840,3.316,57.60,192.00,1,0,0
7852,3.316,57.80,192.00,1,0,0
7855,3.316,57.70,192.00,1,0,0
7857,3.316,57.50,190.00,1,0,0
7860,3.316,57.50,192.00,1,0,0
7862,3.316,57.60,192.00,1,0,0
7865,3.316,57.90,192.00,1,0,0
7867,3.316,57.80,192.00,1,0,0
7870,3.316,57.80,192.00,1,0,0
7872,3.316,57.60,192.00,1,0,0
7875,3.316,57.50,192.00,1,0,0
7877,3.316,85.70,283.00,1,0,0
7879,3.316,57.70,192.00,1,0,0
7882,3.316,57.80,192.00,1,0,0
7884,3.316,57.80,192.00,1,0,0
7887,3.316,58.00,192.00,1,0,0
7889,3.316,57.50,192.00,1,0,0
7902,3.316,57.70,192.00,1,0,0
7904,3.316,57.70,190.00,1,0,0
7907,3.316,57.50,190.00,1,0,0
7909,3.316,57.60,192.00,1,0,0
7912,3.316,57.50,192.00,1,0,0
7914,3.316,57.80,192.00,1,0,0
7917,3.316,57.80,192.00,1,0,0
7919,3.316,57.80,192.00,1,0,0
7922,3.316,57.50,190.00,1,0,0
7924,3.316,57.60,192.00,1,0,0
7927,3.316,57.50,190.00,1,0,0
7929,3.316,57.70,192.00,1,0,0
7932,3.316,57.80,192.00,1,0,0
7934,3.316,57.90,192.00,1,0,0
7936,3.316,57.80,192.00,1,0,0
7939,3.316,57.60,192.00,1,0,0
7952,3.316,57.80,192.00,1,0,0
7954,3.316,57.50,190.00,1,0,0
7957,3.316,57.50,190.00,1,0,0
7959,3.316,57.50,190.00,1,0,0
7962,3.316,57.80,192.00,1,0,0
7964,3.316,57.80,192.00,1,0,0
7966,3.316,57.90,192.00,1,0,0
7969,3.316,57.90,192.00,1,0,0
7971,3.316,57.60,192.00,1,0,0
7974,3.320,57.50,190.00,1,0,0
7976,3.316,57.60,190.00,1,0,0
7979,3.316,57.80,192.00,1,0,0
7981,3.316,57.90,192.00,1,0,0
7984,3.316,57.80,192.00,1,0,0
7986,3.320,58.40,193.00,1,0,0
7989,3.320,57.60,192.00,1,0,0
8001,3.316,57.80,192.00,1,0,0
8004,3.316,57.60,192.00,1,0,0
8006,3.316,57.60,192.00,1,0,0
8009,3.316,57.50,192.00,1,0,0
8011,3.316,57.90,192.00,1,0,0
8014,3.316,57.90,192.00,1,0,0
8016,3.320,58.00,192.00,1,0,0
8019,3.316,57.80,192.00,1,0,0
8021,3.316,57.60,192.00,1,0,0
8024,3.316,57.50,192.00,1,0,0
8026,3.316,57.60,190.00,1,0,0
8029,3.316,57.80,192.00,1,0,0
8031,3.320,57.80,192.00,1,0,0
8034,3.316,57.80,192.00,1,0,0
8036,3.316,57.50,192.00,1,0,0
8038,3.316,57.60,192.00,1,0,0
8051,3.316,57.90,192.00,1,0,0
8054,3.316,57.50,190.00,1,0,0
8056,3.316,57.50,190.00,1,0,0
8059,3.316,57.50,190.00,1,0,0
8061,3.316,57.80,192.00,1,0,0
8063,3.316,57.80,192.00,1,0,0
8066,3.316,57.90,192.00,1,0,0
8068,3.316,57.80,192.00,1,0,0
8071,3.316,57.50,190.00,1,0,0
8073,3.316,57.50,190.00,1,0,0
8076,3.316,57.50,190.00,1,0,0
8078,3.304,57.90,192.00,1,0,0
8081,3.316,57.90,192.00,1,0,0
8083,3.316,57.90,192.00,1,0,0
8086,3.316,57.60,192.00,1,0,0
8088,3.316,57.60,192.00,1,0,0
8101,3.316,57.80,192.00,1,0,0
8103,3.320,57.50,190.00,1,0,0
8106,3.316,57.60,190.00,1,0,0
8108,3.316,57.50,190.00,1,0,0
8111,3.316,57.80,192.00,1,0,0
8113,3.316,57.90,192.00,1,0,0
8116,3.316,57.80,192.00,1,0,0
8118,3.316,57.60,192.00,1,0,0
8121,3.316,57.50,190.00,1,0,0
8123,3.316,57.60,192.00,1,0,0
8125,3.316,57.70,192.00,1,0,0
8128,3.296,59.80,192.00,1,0,0
8130,3.316,57.80,192.00,1,0,0
8133,3.316,57.90,192.00,1,0,0
8135,3.316,57.50,190.00,1,0,0
8138,3.316,57.50,190.00,1,0,0
8151,3.316,57.80,190.00,1,0,0
8153,3.316,57.60,192.00,1,0,0
8155,3.316,57.60,192.00,1,0,0
8158,3.316,57.50,192.00,1,0,0
8160,3.316,57.90,192.00,1,0,0
8163,3.316,57.80,192.00,1,0,0
8165,3.316,57.90,192.00,1,0,0
8168,3.316,57.60,192.00,1,0,0
8170,3.316,57.60,192.00,1,0,0
8173,3.316,57.50,190.00,1,0,0
8175,3.316,57.90,192.00,1,0,0
8178,3.292,58.20,193.00,1,0,0
8180,3.316,57.90,192.00,1,0,0
8183,3.316,57.90,192.00,1,0,0
8185,3.316,57.60,192.00,1,0,0
8188,3.316,57.60,192.00,1,0,0
8200,3.316,57.60,192.00,1,0,0
8203,3.316,57.50,192.00,1,0,0
8205,3.316,57.50,190.00,1,0,0
8208,3.316,57.50,190.00,1,0,0
8210,3.320,57.90,192.00,1,0,0
8213,3.316,57.80,192.00,1,0,0
8215,3.316,57.90,192.00,1,0,0
8218,3.316,57.60,192.00,1,0,0
8220,3.316,57.60,192.00,1,0,0
8222,3.316,57.50,190.00,1,0,0
8225,3.316,57.80,192.00,1,0,0
8227,3.320,57.90,192.00,1,0,0
8230,3.316,57.80,192.00,1,0,0
8232,3.316,57.90,192.00,1,0,0
8235,3.320,57.50,190.00,1,0,0
8237,3.316,57.50,192.00,1,0,0
8250,3.316,57.60,192.00,1,0,0
8252,3.316,57.50,190.00,1,0,0
8255,3.316,57.50,190.00,1,0,0
8257,3.316,57.80,192.00,1,0,0
8260,3.316,57.80,192.00,1,0,0
8262,3.316,57.70,192.00,1,0,0
8265,3.316,57.80,192.00,1,0,0
8267,3.316,57.50,190.00,1,0,0
8270,3.316,57.50,192.00,1,0,0
8272,3.316,57.50,190.00,1,0,0
8275,3.316,57.80,192.00,1,0,0
8277,3.316,58.00,192.00,1,0,0
8280,3.316,57.80,192.00,1,0,0
8282,3.316,57.60,192.00,1,0,0
8284,3.316,57.60,190.00,1,0,0
8287,3.316,57.60,192.00,1,0,0
8300,3.316,57.60,190.00,1,0,0
8302,3.316,57.50,190.00,1,0,0
8305,3.316,57.50,190.00,1,0,0
8307,3.316,57.80,192.00,1,0,0
8310,3.316,57.80,192.00,1,0,0
8312,3.316,57.80,192.00,1,0,0
8314,3.316,57.80,192.00,1,0,0
8317,3.316,57.50,190.00,1,0,0
8319,3.316,57.50,190.00,1,0,0
8322,3.316,57.50,192.00,1,0,0
8324,3.316,57.80,192.00,1,0,0
8327,3.316,58.40,192.00,1,0,0
8329,3.316,57.80,192.00,1,0,0
8332,3.316,57.50,190.00,1,0,0
8334,3.316,57.50,190.00,1,0,0
8337,3.316,57.50,190.00,1,0,0
8349,3.316,57.60,192.00,1,0,0
8352,3.316,57.60,190.00,1,0,0
8354,3.316,57.50,190.00,1,0,0
8357,3.316,57.80,192.00,1,0,0
8359,3.316,57.90,192.00,1,0,0
8362,3.316,57.80,192.00,1,0,0
8364,3.316,57.60,192.00,1,0,0
8367,3.316,57.50,192.00,1,0,0
8369,3.316,57.50,190.00,1,0,0
8372,3.316,57.50,190.00,1,0,0
8374,3.316,57.80,192.00,1,0,0
8376,3.316,60.80,200.00,1,0,0
8379,3.316,57.80,192.00,1,0,0
8381,3.316,57.60,192.00,1,0,0
8384,3.316,57.60,192.00,1,0,0
8386,3.316,57.60,192.00,1,0,0
8399,3.316,57.60,192.00,1,0,0
8402,3.316,57.50,190.00,1,0,0
8404,3.316,57.60,192.00,1,0,0
8406,3.316,57.80,192.00,1,0,0
8409,3.316,57.80,192.00,1,0,0
8411,3.316,57.90,192.00,1,0,0
8414,3.316,57.60,192.00,1,0,0
8416,3.316,57.50,190.00,1,0,0
8419,3.320,57.50,192.00,1,0,0
8421,3.316,57.80,192.00,1,0,0
8424,3.316,57.80,192.00,1,0,0
8426,3.316,57.90,208.00,1,0,0
8429,3.300,57.80,192.00,1,0,0
8431,3.316,57.50,190.00,1,0,0
8434,3.316,57.50,192.00,1,0,0
8436,3.316,57.60,192.00,1,0,0
8449,3.316,57.50,190.00,1,0,0
8451,3.316,57.60,192.00,1,0,0
8454,3.316,57.60,192.00,1,0,0
8456,3.316,57.90,192.00,1,0,0
8459,3.316,57.80,192.00,1,0,0
8461,3.316,57.90,192.00,1,0,0
8464,3.316,57.50,192.00,1,0,0
8466,3.316,57.50,190.00,1,0,0
8469,3.316,57.60,192.00,1,0,0
8471,3.316,57.70,192.00,1,0,0
8473,3.316,57.90,192.00,1,0,0
8476,3.316,57.80,192.00,1,0,0
8478,3.300,58.00,190.00,1,0,0
8481,3.316,57.50,190.00,1,0,0
8483,3.316,57.60,192.00,1,0,0
8486,3.316,57.60,192.00,1,0,0
8499,3.316,57.50,190.00,1,0,0
8501,3.316,57.50,190.00,1,0,0
8503,3.316,57.80,192.00,1,0,0
8506,3.316,57.90,192.00,1,0,0
8508,3.320,57.90,192.00,1,0,0
8511,3.316,57.80,192.00,1,0,0
8513,3.316,57.50,190.00,1,0,0
8516,3.316,57.60,190.00,1,0,0
8518,3.316,57.60,192.00,1,0,0
8521,3.316,57.90,192.00,1,0,0
8523,3.316,57.80,192.00,1,0,0
8526,3.316,57.80,192.00,1,0,0
8528,3.300,57.90,192.00,1,0,0
8531,3.316,57.50,192.00,1,0,0
8533,3.316,57.60,192.00,1,0,0
8536,3.316,57.50,190.00,1,0,0
8548,3.316,57.50,190.00,1,0,0
8551,3.316,57.50,190.00,1,0,0
8553,3.316,57.90,192.00,1,0,0
8560,3.316,57.80,192.00,1,0,0
8563,3.316,57.60,190.00,1,0,0
8565,3.316,57.60,192.00,1,0,0
8568,3.316,57.60,192.00,1,0,0
8570,3.316,58.00,192.00,1,0,0
8573,3.316,57.90,192.00,1,0,0
8575,3.320,58.00,192.00,1,0,0
8577,3.316,64.60,190.00,1,0,0
8580,3.316,57.60,192.00,1,0,0
8582,3.316,57.60,192.00,1,0,0
8585,3.316,57.50,192.00,1,0,0
8587,3.316,57.90,192.00,1,0,0
8590,3.316,57.90,192.00,1,0,0
8592,3.316,58.70,192.00,1,0,0
8595,3.316,57.50,190.00,1,0,0
8597,3.316,57.60,192.00,1,0,0
8610,3.316,57.90,192.00,1,0,0
8612,3.316,57.60,192.00,1,0,0
8615,3.316,57.60,192.00,1,0,0
8617,3.316,57.60,192.00,1,0,0
8620,3.316,57.90,192.00,1,0,0
8622,3.316,57.90,192.00,1,0,0
8625,3.316,57.80,192.00,1,0,0
8627,3.316,74.90,247.00,1,0,0
8630,3.316,57.40,190.00,1,0,0
8632,3.316,57.60,192.00,1,0,0
8635,3.316,57.60,192.00,1,0,0
8637,3.316,57.90,192.00,1,0,0
8640,3.316,57.90,192.00,1,0,0
8642,3.316,58.60,195.00,1,0,0
8645,3.316,57.50,190.00,1,0,0
8647,3.316,57.60,192.00,1,0,0
8660,3.316,57.80,192.00,1,0,0
8662,3.316,57.50,190.00,1,0,0
8665,3.316,57.50,190.00,1,0,0
8667,3.316,57.50,192.00,1,0,0
8669,3.316,57.80,192.00,1,0,0
8672,3.316,57.80,192.00,1,0,0
8674,3.316,57.80,192.00,1,0,0
8677,3.316,87.30,288.00,1,0,0
8679,3.316,57.60,192.00,1,0,0
8682,3.316,57.60,192.00,1,0,0
8684,3.316,57.90,192.00,1,0,0
8687,3.316,57.90,192.00,1,0,0
8689,3.316,57.90,192.00,1,0,0
8692,3.316,58.70,195.00,1,0,0
8694,3.316,57.50,190.00,1,0,0
8697,3.316,57.50,192.00,1,0,0
8709,3.316,57.60,190.00,1,0,0
8712,3.316,57.50,190.00,1,0,0
8714,3.316,57.60,192.00,1,0,0
8717,3.316,57.50,190.00,1,0,0
8719,3.316,57.80,192.00,1,0,0
8722,3.316,57.90,192.00,1,0,0
8724,3.316,57.90,192.00,1,0,0
8727,3.316,57.50,303.00,1,0,0
8729,3.316,57.50,190.00,1,0,0
8732,3.320,57.60,192.00,1,0,0
8734,3.316,57.80,192.00,1,0,0
8736,3.316,57.90,192.00,1,0,0
8739,3.316,57.80,192.00,1,0,0
8741,3.316,57.80,192.00,1,0,0
8744,3.316,57.50,190.00,1,0,0
8746,3.316,57.50,190.00,1,0,0
8759,3.316,57.50,190.00,1,0,0
8761,3.316,57.50,190.00,1,0,0
8764,3.316,57.50,192.00,1,0,0
8766,3.316,57.80,192.00,1,0,0
8769,3.316,57.90,192.00,1,0,0
8771,3.316,57.80,192.00,1,0,0
8774,3.316,57.80,192.00,1,0,0
8776,3.316,57.60,192.00,1,0,0
8779,3.316,57.50,190.00,1,0,0
8781,3.316,57.50,190.00,1,0,0
8784,3.316,57.90,192.00,1,0,0
8786,3.316,57.90,192.00,1,0,0
8789,3.316,57.80,192.00,1,0,0
8791,3.316,57.60,192.00,1,0,0
8794,3.320,57.50,192.00,1,0,0
8796,3.316,57.50,190.00,1,0,0
8809,3.316,57.50,190.00,1,0,0
8811,3.316,57.60,192.00,1,0,0
8814,3.316,57.50,190.00,1,0,0
8816,3.316,57.80,192.00,1,0,0
8819,3.316,57.90,192.00,1,0,0
8821,3.316,57.90,192.00,1,0,0
8824,3.316,57.90,192.00,1,0,0
8826,3.316,57.60,192.00,1,0,0
8828,3.316,57.50,190.00,1,0,0
8831,3.316,57.50,190.00,1,0,0
8833,3.316,57.90,192.00,1,0,0
8836,3.316,57.80,192.00,1,0,0
8838,3.316,57.90,192.00,1,0,0
8841,3.316,57.60,192.00,1,0,0
8843,3.316,57.50,190.00,1,0,0
8846,3.316,57.50,190.00,1,0,0
8858,3.316,57.50,190.00,1,0,0
8861,3.316,57.50,190.00,1,0,0
8863,3.316,57.60,192.00,1,0,0
8866,3.316,57.80,192.00,1,0,0
8868,3.316,57.90,192.00,1,0,0
8871,3.316,57.80,192.00,1,0,0
8873,3.316,57.70,192.00,1,0,0
8876,3.316,57.60,190.00,1,0,0
8878,3.316,57.50,190.00,1,0,0
8881,3.316,57.50,190.00,1,0,0
8883,3.316,57.80,192.00,1,0,0
8886,3.316,57.80,192.00,1,0,0
8888,3.316,57.80,192.00,1,0,0
8891,3.316,57.60,192.00,1,0,0
8893,3.316,57.60,192.00,1,0,0
8895,3.316,57.50,190.00,1,0,0
8908,3.316,57.50,190.00,1,0,0
8911,3.316,57.50,190.00,1,0,0
8913,3.316,57.50,190.00,1,0,0
8916,3.316,57.80,192.00,1,0,0
8918,3.316,57.90,192.00,1,0,0
8921,3.316,57.80,192.00,1,0,0
8923,3.316,57.40,190.00,1,0,0
8925,3.316,57.50,190.00,1,0,0
8928,3.312,88.40,192.00,1,0,0
8930,3.320,57.80,192.00,1,0,0
8933,3.316,57.90,192.00,1,0,0
8935,3.316,57.80,192.00,1,0,0
8938,3.316,57.90,192.00,1,0,0
8940,3.316,57.50,190.00,1,0,0
8943,3.316,57.50,192.00,1,0,0
8945,3.316,57.50,190.00,1,0,0
8958,3.316,57.60,192.00,1,0,0
8960,3.316,57.60,192.00,1,0,0
8963,3.316,57.60,192.00,1,0,0
8965,3.316,57.90,192.00,1,0,0
8968,3.316,57.90,192.00,1,0,0
8970,3.316,57.90,192.00,1,0,0
8973,3.316,57.60,192.00,1,0,0
8975,3.316,57.60,190.00,1,0,0
8978,3.312,86.60,190.00,1,0,0
8980,3.316,57.80,192.00,1,0,0
8983,3.316,57.90,192.00,1,0,0
8985,3.316,57.80,192.00,1,0,0
8988,3.316,57.90,192.00,1,0,0
8990,3.316,57.50,190.00,1,0,0
8993,3.316,57.60,192.00,1,0,0
8995,3.312,57.50,192.00,1,0,0
9008,3.316,57.50,192.00,1,0,0
9010,3.316,57.50,190.00,1,0,0
9013,3.316,57.80,192.00,1,0,0
9015,3.316,57.90,192.00,1,0,0
9018,3.316,57.90,192.00,1,0,0
9020,3.316,57.80,192.00,1,0,0
9022,3.316,57.50,192.00,1,0,0
9025,3.316,57.60,192.00,1,0,0
9027,3.312,86.20,285.00,1,0,0
9030,3.316,57.80,192.00,1,0,0
9032,3.316,57.80,192.00,1,0,0
9035,3.316,57.80,192.00,1,0,0
9037,3.316,57.80,190.00,1,0,0
9040,3.316,57.60,190.00,1,0,0
9042,3.316,57.50,190.00,1,0,0
9045,3.316,57.60,192.00,1,0,0
9057,3.316,57.60,192.00,1,0,0
9060,3.316,57.50,190.00,1,0,0
9062,3.316,57.90,192.00,1,0,0
9065,3.316,57.90,192.00,1,0,0
9067,3.316,57.90,192.00,1,0,0
9070,3.316,57.70,192.00,1,0,0
9072,3.316,57.50,190.00,1,0,0
9075,3.316,57.50,190.00,1,0,0
9077,3.316,86.10,285.00,1,0,0
9080,3.316,57.80,192.00,1,0,0
9082,3.316,57.80,192.00,1,0,0
9084,3.316,57.90,192.00,1,0,0
9087,3.316,57.50,190.00,1,0,0
9089,3.320,57.60,192.00,1,0,0
9092,3.316,57.50,192.00,1,0,0
9094,3.316,57.70,192.00,1,0,0
9107,3.316,57.60,192.00,1,0,0
9109,3.316,57.60,192.00,1,0,0
9112,3.316,57.90,192.00,1,0,0
9114,3.316,57.80,192.00,1,0,0
9117,3.316,57.80,192.00,1,0,0
9119,3.316,57.80,190.00,1,0,0
9122,3.316,57.50,190.00,1,0,0
9124,3.316,57.50,190.00,1,0,0
9127,3.316,57.50,280.00,1,0,0
9129,3.316,57.80,192.00,1,0,0
9132,3.316,57.90,192.00,1,0,0
9134,3.316,57.90,192.00,1,0,0
9137,3.316,57.60,192.00,1,0,0
9139,3.316,57.60,192.00,1,0,0
9142,3.316,57.50,190.00,1,0,0
9144,3.316,57.50,192.00,1,0,0
9157,3.316,57.50,192.00,1,0,0
9159,3.316,57.50,190.00,1,0,0
9162,3.316,57.80,192.00,1,0,0
9164,3.320,57.80,192.00,1,0,0
9167,3.316,57.80,192.00,1,0,0
9169,3.316,57.60,192.00,1,0,0
9172,3.316,57.50,190.00,1,0,0
9174,3.316,57.50,190.00,1,0,0
9176,3.316,57.50,190.00,1,0,0
9179,3.316,57.90,192.00,1,0,0
9181,3.316,57.90,192.00,1,0,0
9184,3.316,57.90,192.00,1,0,0
9186,3.316,57.60,192.00,1,0,0
9189,3.316,57.60,192.00,1,0,0
9191,3.316,57.50,190.00,1,0,0
9194,3.316,57.90,192.00,1,0,0
9206,3.316,57.60,192.00,1,0,0
9209,3.316,57.60,192.00,1,0,0
9211,3.316,57.80,192.00,1,0,0
9214,3.316,57.90,192.00,1,0,0
9216,3.316,57.90,192.00,1,0,0
9219,3.316,57.60,192.00,1,0,0
9221,3.316,57.50,190.00,1,0,0
9224,3.316,57.60,192.00,1,0,0
9226,3.316,57.90,192.00,1,0,0
9229,3.316,57.80,192.00,1,0,0
9231,3.316,57.90,192.00,1,0,0
9234,3.320,57.80,192.00,1,0,0
9236,3.316,57.40,190.00,1,0,0
9239,3.316,57.60,190.00,1,0,0
9241,3.316,57.50,190.00,1,0,0
9244,3.316,57.80,192.00,1,0,0
9256,3.316,57.50,190.00,1,0,0
9259,3.316,57.50,190.00,1,0,0
9261,3.316,57.80,192.00,1,0,0
9264,3.316,57.80,192.00,1,0,0
9266,3.316,57.80,192.00,1,0,0
9268,3.316,57.60,190.00,1,0,0
9271,3.316,57.60,192.00,1,0,0
9273,3.316,57.60,192.00,1,0,0
9276,3.316,57.90,190.00,1,0,0
9278,3.296,57.80,192.00,1,0,0
9281,3.316,57.80,192.00,1,0,0
9283,3.316,57.90,192.00,1,0,0
9286,3.316,57.60,192.00,1,0,0
9288,3.316,57.60,192.00,1,0,0
9291,3.316,57.60,192.00,1,0,0
9293,3.316,57.80,192.00,1,0,0
9306,3.316,57.50,192.00,1,0,0
9308,3.316,57.90,192.00,1,0,0
9311,3.316,57.90,192.00,1,0,0
9313,3.316,57.80,192.00,1,0,0
9316,3.316,57.90,192.00,1,0,0
9318,3.316,57.60,192.00,1,0,0
9321,3.316,57.60,192.00,1,0,0
9323,3.316,57.60,192.00,1,0,0
9326,3.316,57.90,192.00,1,0,0
9328,3.296,58.00,192.00,1,0,0
9331,3.316,57.80,192.00,1,0,0
9333,3.316,57.60,192.00,1,0,0
9336,3.316,57.50,190.00,1,0,0
9338,3.316,57.50,190.00,1,0,0
9340,3.316,57.50,190.00,1,0,0
9343,3.316,57.80,192.00,1,0,0
9356,3.316,57.60,192.00,1,0,0
9358,3.316,57.80,192.00,1,0,0
9361,3.316,57.80,192.00,1,0,0
9363,3.316,57.80,192.00,1,0,0
9365,3.316,57.80,190.00,1,0,0
9368,3.316,57.60,192.00,1,0,0
9370,3.316,57.50,190.00,1,0,0
9373,3.316,57.50,190.00,1,0,0
9375,3.316,57.80,192.00,1,0,0
9378,3.292,57.90,192.00,1,0,0
9380,3.316,57.80,192.00,1,0,0
9383,3.316,57.50,190.00,1,0,0
9385,3.316,57.50,190.00,1,0,0
9388,3.316,57.50,192.00,1,0,0
9390,3.316,57.80,192.00,1,0,0
9393,3.316,57.80,192.00,1,0,0
9405,3.316,57.60,192.00,1,0,0
9408,3.316,57.80,192.00,1,0,0
9410,3.316,57.80,192.00,1,0,0
9413,3.316,57.80,192.00,1,0,0
9415,3.316,57.70,192.00,1,0,0
9418,3.316,57.60,192.00,1,0,0
9420,3.316,57.60,192.00,1,0,0
9423,3.316,57.60,192.00,1,0,0
9425,3.316,57.80,192.00,1,0,0
9427,3.316,57.90,192.00,1,0,0
9430,3.316,57.80,192.00,1,0,0
9432,3.316,57.60,190.00,1,0,0
9435,3.316,57.50,190.00,1,0,0
9437,3.316,57.60,192.00,1,0,0
9440,3.316,57.80,192.00,1,0,0
9442,3.316,57.80,192.00,1,0,0
9455,3.316,57.60,192.00,1,0,0
9457,3.316,57.90,192.00,1,0,0
9460,3.316,57.80,192.00,1,0,0
9462,3.320,57.80,192.00,1,0,0
9465,3.316,57.50,190.00,1,0,0
9467,3.316,57.60,192.00,1,0,0
9470,3.316,57.60,192.00,1,0,0
9472,3.320,57.80,192.00,1,0,0
9475,3.316,57.80,192.00,1,0,0
9477,3.316,59.70,192.00,1,0,0
9480,3.316,57.80,192.00,1,0,0
9482,3.316,57.60,192.00,1,0,0
9485,3.316,57.60,190.00,1,0,0
9487,3.316,57.60,192.00,1,0,0
9490,3.320,57.90,192.00,1,0,0
9492,3.316,58.70,192.00,1,0,0
9505,3.320,57.60,192.00,1,0,0
9507,3.316,57.90,192.00,1,0,0
9510,3.316,57.90,192.00,1,0,0
9512,3.320,57.80,192.00,1,0,0
9515,3.316,57.60,190.00,1,0,0
9517,3.316,57.50,190.00,1,0,0
9520,3.316,57.50,190.00,1,0,0
9522,3.316,57.70,192.00,1,0,0
9524,3.316,57.90,192.00,1,0,0
9527,3.316,62.10,205.00,1,0,0
9529,3.316,57.80,192.00,1,0,0
9532,3.316,57.60,192.00,1,0,0
9534,3.316,57.60,192.00,1,0,0
9537,3.316,57.60,192.00,1,0,0
9539,3.316,57.90,192.00,1,0,0
9542,3.316,58.60,195.00,1,0,0
9554,3.316,57.80,192.00,1,0,0
9557,3.316,57.90,192.00,1,0,0
9559,3.316,57.80,192.00,1,0,0
9562,3.316,57.90,192.00,1,0,0
9564,3.316,57.50,190.00,1,0,0
9567,3.316,57.50,192.00,1,0,0
9569,3.316,57.60,192.00,1,0,0
9572,3.316,57.80,192.00,1,0,0
9574,3.316,57.90,192.00,1,0,0
9577,3.316,64.20,211.00,1,0,0
9579,3.316,57.80,192.00,1,0,0
9582,3.316,57.50,190.00,1,0,0
9584,3.316,57.60,192.00,1,0,0
9587,3.316,57.50,190.00,1,0,0
9589,3.316,57.90,192.00,1,0,0
9591,3.316,58.60,195.00,1,0,0
9604,3.316,57.90,192.00,1,0,0
9607,3.316,57.90,192.00,1,0,0
9609,3.316,57.80,192.00,1,0,0
9612,3.316,57.90,192.00,1,0,0
9614,3.316,57.40,190.00,1,0,0
9616,3.316,57.50,190.00,1,0,0
9619,3.316,57.60,190.00,1,0,0
9621,3.316,57.90,192.00,1,0,0
9624,3.316,57.80,192.00,1,0,0
9626,3.316,57.80,213.00,1,0,0
9629,3.300,57.50,190.00,1,0,0
9631,3.316,57.60,192.00,1,0,0
9634,3.316,57.60,190.00,1,0,0
9636,3.316,57.80,192.00,1,0,0
9639,3.316,57.90,192.00,1,0,0
9641,3.316,57.90,195.00,1,0,0
9654,3.316,57.90,192.00,1,0,0
9656,3.316,57.90,192.00,1,0,0
9659,3.316,57.90,192.00,1,0,0
9661,3.316,57.80,192.00,1,0,0
9664,3.316,57.50,190.00,1,0,0
9666,3.312,57.60,192.00,1,0,0
9669,3.316,57.50,190.00,1,0,0
9671,3.316,57.80,192.00,1,0,0
9674,3.316,57.80,192.00,1,0,0
9676,3.316,57.90,192.00,1,0,0
9678,3.300,57.60,190.00,1,0,0
9681,3.316,57.50,190.00,1,0,0
9683,3.316,57.60,192.00,1,0,0
9686,3.316,57.50,192.00,1,0,0
9688,3.316,57.80,192.00,1,0,0
9691,3.316,57.80,192.00,1,0,0
9704,3.316,57.80,192.00,1,0,0
9706,3.316,57.90,192.00,1,0,0
9708,3.316,57.80,192.00,1,0,0
9711,3.316,57.60,192.00,1,0,0
9713,3.316,57.50,190.00,1,0,0
9716,3.316,57.40,190.00,1,0,0
9718,3.316,57.60,192.00,1,0,0
9721,3.316,57.90,192.00,1,0,0
9723,3.316,57.90,192.00,1,0,0
9726,3.316,57.80,192.00,1,0,0
9728,3.304,57.50,190.00,1,0,0
9731,3.316,57.60,190.00,1,0,0
9733,3.316,57.60,192.00,1,0,0
9736,3.316,57.90,192.00,1,0,0
9738,3.316,57.90,192.00,1,0,0
9741,3.316,57.90,192.00,1,0,0
9753,3.316,57.80,192.00,1,0,0
9756,3.316,57.90,192.00,1,0,0
9758,3.316,57.90,192.00,1,0,0
9761,3.316,57.60,192.00,1,0,0
9763,3.316,57.60,192.00,1,0,0
9766,3.316,57.60,192.00,1,0,0
9768,3.316,57.60,192.00,1,0,0
9771,3.316,57.80,192.00,1,0,0
9773,3.316,57.90,192.00,1,0,0
9776,3.316,57.80,192.00,1,0,0
9778,3.316,57.50,190.00,1,0,0
9780,3.316,57.60,192.00,1,0,0
9783,3.316,57.60,190.00,1,0,0
9785,3.316,57.90,192.00,1,0,0
9788,3.316,57.90,192.00,1,0,0
9790,3.316,57.90,192.00,1,0,0
9803,3.316,57.90,192.00,1,0,0
9805,3.316,57.80,192.00,1,0,0
9808,3.320,57.80,192.00,1,0,0
9810,3.316,57.60,192.00,1,0,0
9813,3.316,57.50,190.00,1,0,0
9815,3.316,57.50,190.00,1,0,0
9818,3.316,57.90,192.00,1,0,0
9820,3.316,57.90,192.00,1,0,0
9823,3.316,57.80,192.00,1,0,0
9825,3.316,57.80,192.00,1,0,0
9828,3.316,90.20,190.00,1,0,0
9830,3.316,57.50,190.00,1,0,0
9833,3.316,57.60,192.00,1,0,0
9835,3.316,57.80,192.00,1,0,0
9837,3.316,57.90,192.00,1,0,0
9840,3.316,57.90,192.00,1,0,0
9853,3.316,57.90,192.00,1,0,0
9855,3.316,57.90,192.00,1,0,0
9858,3.316,57.80,192.00,1,0,0
9860,3.316,57.50,190.00,1,0,0
9863,3.316,57.60,190.00,1,0,0
9865,3.316,57.50,192.00,1,0,0
9867,3.316,57.80,192.00,1,0,0
9870,3.316,57.80,192.00,1,0,0
9872,3.316,57.90,192.00,1,0,0
9875,3.316,57.70,192.00,1,0,0
9877,3.316,91.90,305.00,1,0,0
9880,3.316,57.40,190.00,1,0,0
9882,3.316,57.50,190.00,1,0,0
9885,3.316,57.80,192.00,1,0,0
9887,3.316,57.80,192.00,1,0,0
9890,3.316,57.90,192.00,1,0,0
9902,3.316,57.80,192.00,1,0,0
9905,3.316,57.80,192.00,1,0,0
9907,3.316,57.90,192.00,1,0,0
9910,3.316,57.50,190.00,1,0,0
9912,3.316,57.50,190.00,1,0,0
9915,3.316,57.50,190.00,1,0,0
9917,3.316,57.80,192.00,1,0,0
9920,3.316,57.80,192.00,1,0,0
9922,3.316,57.80,192.00,1,0,0
9925,3.316,57.80,190.00,1,0,0
9927,3.316,92.50,306.00,1,0,0
9929,3.316,57.50,190.00,1,0,0
9932,3.316,57.50,192.00,1,0,0
9934,3.316,57.80,192.00,1,0,0
9937,3.316,57.90,192.00,1,0,0
9939,3.316,57.90,192.00,1,0,0
9952,3.316,57.90,192.00,1,0,0
9954,3.316,57.90,192.00,1,0,0
9957,3.316,57.60,192.00,1,0,0
9959,3.316,57.50,190.00,1,0,0
9962,3.316,57.50,190.00,1,0,0
9964,3.316,57.60,192.00,1,0,0
9967,3.316,57.80,192.00,1,0,0
9969,3.316,57.90,192.00,1,0,0
9972,3.316,57.80,192.00,1,0,0
9974,3.316,57.50,190.00,1,0,0
9977,3.316,57.50,303.00,1,0,0
9979,3.316,57.50,190.00,1,0,0
9982,3.316,57.80,192.00,1,0,0
9984,3.316,57.90,192.00,1,0,0
9987,3.316,57.80,192.00,1,0,0
9989,3.316,57.80,192.00,1,0,0
10002,3.316,57.90,192.00,1,0,0
10004,3.316,57.90,192.00,1,0,0
10007,3.316,57.50,190.00,1,0,0
10009,3.316,57.50,190.00,1,0,0
10012,3.316,57.50,190.00,1,0,0
10014,3.316,57.50,192.00,1,0,0
10017,3.316,57.80,192.00,1,0,0
10019,3.316,57.90,192.00,1,0,0
10021,3.316,57.80,192.00,1,0,0
10024,3.320,57.50,190.00,1,0,0
10026,3.316,57.60,192.00,1,0,0
10029,3.316,57.60,190.00,1,0,0
10031,3.316,57.90,192.00,1,0,0
10034,3.316,57.90,192.00,1,0,0
10047,3.316,57.60,192.00,1,0,0
10049,3.320,57.80,192.00,1,0,0
10051,3.320,57.90,192.00,1,0,0
10054,3.320,57.90,192.00,1,0,0
10056,3.316,57.60,190.00,1,0,0
10059,3.316,57.60,192.00,1,0,0
10061,3.320,57.50,190.00,1,0,0
10064,3.316,57.60,192.00,1,0,0
10066,3.316,57.90,192.00,1,0,0
10069,3.316,57.90,192.00,1,0,0
10071,3.316,57.90,192.00,1,0,0
10074,3.316,57.50,192.00,1,0,0
10076,3.316,57.60,192.00,1,0,0
10079,3.316,57.50,190.00,1,0,0
10091,3.316,57.50,190.00,1,0,0
10094,3.316,57.60,190.00,1,0,0
10096,3.316,57.70,192.00,1,0,0
10099,3.316,57.80,192.00,1,0,0
10101,3.316,57.80,192.00,1,0,0
10104,3.320,57.80,192.00,1,0,0
10106,3.316,57.50,190.00,1,0,0
10109,3.316,57.60,192.00,1,0,0
10111,3.316,57.60,192.00,1,0,0
10114,3.316,57.80,192.00,1,0,0
10116,3.316,57.90,192.00,1,0,0
10118,3.316,57.90,192.00,1,0,0
10121,3.316,57.90,192.00,1,0,0
10123,3.316,57.60,192.00,1,0,0
10136,3.316,57.90,192.00,1,0,0
10139,3.316,57.70,192.00,1,0,0
10141,3.316,57.60,192.00,1,0,0
10144,3.316,57.60,192.00,1,0,0
10146,3.316,57.60,192.00,1,0,0
10148,3.316,57.80,192.00,1,0,0
10151,3.316,57.80,192.00,1,0,0
10153,3.316,57.80,192.00,1,0,0
10156,3.316,57.50,190.00,1,0,0
10158,3.316,57.60,192.00,1,0,0
10161,3.316,57.60,192.00,1,0,0
10163,3.316,57.90,192.00,1,0,0
10166,3.316,57.90,192.00,1,0,0
10168,3.316,57.90,192.00,1,0,0
10181,3.316,57.80,192.00,1,0,0
10183,3.316,57.80,192.00,1,0,0
10186,3.316,57.80,192.00,1,0,0
10188,3.316,57.60,192.00,1,0,0
10191,3.316,57.60,190.00,1,0,0
10193,3.316,57.50,190.00,1,0,0
10196,3.316,57.80,192.00,1,0,0
10198,3.316,57.80,192.00,1,0,0
10201,3.316,57.80,192.00,1,0,0
10203,3.316,57.90,192.00,1,0,0
10206,3.316,57.60,192.00,1,0,0
10208,3.316,57.50,190.00,1,0,0
10211,3.316,57.50,190.00,1,0,0
10213,3.316,57.80,192.00,1,0,0
10226,3.316,57.50,190.00,1,0,0
10228,3.312,57.80,192.00,1,0,0
10231,3.316,57.80,192.00,1,0,0
10233,3.316,57.90,192.00,1,0,0
10236,3.316,57.90,192.00,1,0,0
10238,3.316,57.60,192.00,1,0,0
10241,3.316,57.50,190.00,1,0,0
10243,3.316,57.60,192.00,1,0,0
10245,3.316,58.00,192.00,1,0,0
10248,3.316,57.80,192.00,1,0,0
10250,3.316,57.90,192.00,1,0,0
10253,3.320,57.60,192.00,1,0,0
10255,3.316,57.60,192.00,1,0,0
10258,3.316,57.60,190.00,1,0,0
10270,3.316,57.60,190.00,1,0,0
10273,3.316,57.60,192.00,1,0,0
10275,3.316,57.50,190.00,1,0,0
10278,3.312,80.70,192.00,1,0,0
10280,3.316,57.80,192.00,1,0,0
10283,3.316,57.90,192.00,1,0,0
10285,3.316,57.80,192.00,1,0,0
10288,3.316,57.60,192.00,1,0,0
10290,3.316,57.60,192.00,1,0,0
10293,3.316,57.60,192.00,1,0,0
10295,3.316,57.90,192.00,1,0,0
10298,3.316,57.90,192.00,1,0,0
10300,3.316,57.90,192.00,1,0,0
10303,3.316,57.70,190.00,1,0,0
10315,3.316,57.90,192.00,1,0,0
10318,3.316,57.90,192.00,1,0,0
10320,3.316,57.60,192.00,1,0,0
10323,3.316,57.60,192.00,1,0,0
10325,3.316,57.60,192.00,1,0,0
10328,3.304,68.30,226.00,1,0,0
10330,3.316,57.90,192.00,1,0,0
10333,3.316,57.90,192.00,1,0,0
10335,3.316,57.70,192.00,1,0,0
10338,3.316,57.50,190.00,1,0,0
10340,3.316,57.60,192.00,1,0,0
10342,3.316,57.60,192.00,1,0,0
10345,3.316,57.90,192.00,1,0,0
10347,3.316,57.90,192.00,1,0,0
10360,3.316,57.80,192.00,1,0,0
10363,3.316,57.80,192.00,1,0,0
10365,3.316,57.90,192.00,1,0,0
10367,3.316,57.80,192.00,1,0,0
10370,3.320,57.60,192.00,1,0,0
10372,3.316,57.60,192.00,1,0,0
10375,3.316,57.60,192.00,1,0,0
10377,3.316,60.10,200.00,1,0,0
10380,3.316,57.90,192.00,1,0,0
10382,3.316,57.90,192.00,1,0,0
10385,3.316,57.50,190.00,1,0,0
10387,3.316,57.50,190.00,1,0,0
10390,3.320,57.50,192.00,1,0,0
10392,3.316,58.40,193.00,1,0,0
10405,3.316,57.60,192.00,1,0,0
10407,3.316,57.60,192.00,1,0,0
10410,3.316,57.90,192.00,1,0,0
10412,3.316,58.00,192.00,1,0,0
10415,3.316,57.90,192.00,1,0,0
10417,3.320,57.60,192.00,1,0,0
10420,3.316,57.50,192.00,1,0,0
10422,3.316,57.60,192.00,1,0,0
10425,3.316,57.60,192.00,1,0,0
10427,3.316,57.90,193.00,1,0,0
10430,3.316,57.90,192.00,1,0,0
10432,3.316,57.80,192.00,1,0,0
10435,3.316,57.60,192.00,1,0,0
10437,3.316,57.60,192.00,1,0,0
10450,3.316,57.60,192.00,1,0,0
10452,3.316,57.50,192.00,1,0,0
10455,3.316,57.50,190.00,1,0,0
10457,3.316,57.50,192.00,1,0,0
10460,3.316,57.80,192.00,1,0,0
10462,3.316,57.80,192.00,1,0,0
10464,3.316,57.90,192.00,1,0,0
10467,3.316,57.60,192.00,1,0,0
10469,3.316,57.50,192.00,1,0,0
10472,3.316,57.60,190.00,1,0,0
10474,3.316,57.70,192.00,1,0,0
10477,3.316,57.80,190.00,1,0,0
10479,3.316,57.80,192.00,1,0,0
10482,3.316,57.90,192.00,1,0,0
10494,3.316,57.90,192.00,1,0,0
10497,3.316,57.80,192.00,1,0,0
10499,3.316,57.80,190.00,1,0,0
10502,3.316,57.50,190.00,1,0,0
10504,3.316,57.60,192.00,1,0,0
10507,3.316,57.60,192.00,1,0,0
10509,3.316,57.80,192.00,1,0,0
10512,3.316,57.70,192.00,1,0,0
10514,3.316,57.80,192.00,1,0,0
10517,3.316,57.50,192.00,1,0,0
10519,3.316,57.60,192.00,1,0,0
10522,3.320,57.60,192.00,1,0,0
10524,3.320,57.70,192.00,1,0,0
10527,3.316,57.90,190.00,1,0,0
10539,3.316,57.50,190.00,1,0,0
10542,3.320,57.90,192.00,1,0,0
10544,3.320,57.90,192.00,1,0,0
10547,3.316,57.80,192.00,1,0,0
10549,3.316,57.60,192.00,1,0,0
10552,3.316,57.50,190.00,1,0,0
10554,3.316,57.50,190.00,1,0,0
10561,3.316,57.80,192.00,1,0,0
10564,3.316,57.80,192.00,1,0,0
10566,3.316,57.50,190.00,1,0,0
10569,3.316,57.50,190.00,1,0,0
10571,3.316,57.50,190.00,1,0,0
10574,3.316,57.80,192.00,1,0,0
10576,3.316,57.80,192.00,1,0,0
10578,3.296,57.90,192.00,1,0,0
10581,3.316,57.90,192.00,1,0,0
10583,3.316,57.60,192.00,1,0,0
10586,3.316,57.60,190.00,1,0,0
10588,3.316,57.60,192.00,1,0,0
10591,3.316,57.90,192.00,1,0,0
10593,3.316,58.60,192.00,1,0,0
10606,3.316,57.60,192.00,1,0,0
10608,3.316,57.90,192.00,1,0,0
10611,3.316,57.90,192.00,1,0,0
10613,3.316,57.80,192.00,1,0,0
10616,3.316,57.60,192.00,1,0,0
10618,3.316,57.50,190.00,1,0,0
10621,3.316,57.60,192.00,1,0,0
10623,3.316,57.90,192.00,1,0,0
10626,3.316,57.90,192.00,1,0,0
10628,3.296,58.00,192.00,1,0,0
10631,3.316,57.50,190.00,1,0,0
10633,3.316,57.50,190.00,1,0,0
10636,3.316,57.50,192.00,1,0,0
10638,3.316,57.70,192.00,1,0,0
10651,3.316,57.50,192.00,1,0,0
10653,3.320,57.60,192.00,1,0,0
10656,3.316,57.90,192.00,1,0,0
10658,3.316,57.90,192.00,1,0,0
10661,3.316,57.80,192.00,1,0,0
10663,3.316,57.90,192.00,1,0,0
10666,3.316,57.50,190.00,1,0,0
10668,3.316,57.50,190.00,1,0,0
10671,3.316,57.60,192.00,1,0,0
10673,3.316,57.80,192.00,1,0,0
10675,3.316,57.80,192.00,1,0,0
10678,3.296,57.90,192.00,1,0,0
10680,3.316,57.60,190.00,1,0,0
10683,3.316,57.50,190.00,1,0,0
10696,3.316,57.80,192.00,1,0,0
10698,3.316,57.50,190.00,1,0,0
10701,3.316,57.50,190.00,1,0,0
10703,3.316,57.50,190.00,1,0,0
10705,3.316,57.80,192.00,1,0,0
10708,3.316,57.80,192.00,1,0,0
10710,3.316,57.80,192.00,1,0,0
10713,3.316,57.50,190.00,1,0,0
10715,3.320,57.50,190.00,1,0,0
10718,3.316,57.50,190.00,1,0,0
10720,3.316,57.50,190.00,1,0,0
10723,3.316,57.90,192.00,1,0,0
10725,3.316,57.90,192.00,1,0,0
10728,3.316,57.90,192.00,1,0,0
10740,3.316,57.80,192.00,1,0,0
10743,3.316,60.70,202.00,1,0,0
10745,3.316,57.80,190.00,1,0,0
10748,3.316,57.50,190.00,1,0,0
10750,3.316,57.60,192.00,1,0,0
10753,3.316,57.50,190.00,1,0,0
10755,3.316,57.90,192.00,1,0,0
10758,3.316,57.90,192.00,1,0,0
10760,3.316,57.90,192.00,1,0,0
10763,3.316,57.70,192.00,1,0,0
10765,3.316,57.60,192.00,1,0,0
10768,3.316,57.50,190.00,1,0,0
10770,3.316,57.60,192.00,1,0,0
10772,3.316,57.90,192.00,1,0,0
10785,3.316,57.60,192.00,1,0,0
10788,3.316,57.90,192.00,1,0,0
10790,3.316,57.90,192.00,1,0,0
10793,3.316,58.90,195.00,1,0,0
10795,3.316,57.60,192.00,1,0,0
10797,3.316,57.50,192.00,1,0,0
10800,3.320,57.60,192.00,1,0,0
10802,3.316,57.60,192.00,1,0,0
10805,3.316,57.90,192.00,1,0,0
10807,3.316,57.90,192.00,1,0,0
10810,3.316,57.80,192.00,1,0,0
10812,3.316,57.60,192.00,1,0,0
10815,3.316,57.50,190.00,1,0,0
10817,3.316,57.50,190.00,1,0,0
10830,3.316,57.60,192.00,1,0,0
10832,3.316,57.60,192.00,1,0,0
10835,3.316,57.60,192.00,1,0,0
10837,3.316,57.90,192.00,1,0,0
10840,3.316,57.90,192.00,1,0,0
10842,3.316,57.90,195.00,1,0,0
10845,3.316,57.60,192.00,1,0,0
10847,3.316,57.60,192.00,1,0,0
10850,3.316,57.60,192.00,1,0,0
10852,3.316,57.90,192.00,1,0,0
10855,3.316,57.90,192.00,1,0,0
10857,3.316,57.90,192.00,1,0,0
10860,3.316,57.90,192.00,1,0,0
10862,3.316,57.50,190.00,1,0,0
10875,3.316,57.80,192.00,1,0,0
10877,3.316,70.70,234.00,1,0,0
10880,3.316,57.50,192.00,1,0,0
10882,3.316,57.60,192.00,1,0,0
10885,3.316,57.60,190.00,1,0,0
10887,3.316,57.90,192.00,1,0,0
10890,3.316,57.80,192.00,1,0,0
10892,3.316,57.90,192.00,1,0,0
10894,3.316,57.50,192.00,1,0,0
10897,3.316,57.50,192.00,1,0,0
10899,3.316,57.60,192.00,1,0,0
10902,3.316,57.80,192.00,1,0,0
10904,3.316,57.90,192.00,1,0,0
10907,3.316,57.90,192.00,1,0,0
10920,3.316,57.90,192.00,1,0,0
10922,3.316,57.90,192.00,1,0,0
10924,3.316,57.90,192.00,1,0,0
10927,3.316,82.20,272.00,1,0,0
10929,3.316,57.50,190.00,1,0,0
10932,3.316,57.50,192.00,1,0,0
10934,3.316,57.80,192.00,1,0,0
10937,3.316,57.90,192.00,1,0,0
10939,3.316,57.90,192.00,1,0,0
10942,3.316,57.90,192.00,1,0,0
10944,3.316,57.50,190.00,1,0,0
10947,3.316,57.60,192.00,1,0,0
10949,3.316,57.60,192.00,1,0,0
10952,3.316,57.90,192.00,1,0,0
10964,3.316,57.50,190.00,1,0,0
10967,3.316,57.50,192.00,1,0,0
10969,3.316,57.80,192.00,1,0,0
10972,3.316,58.00,192.00,1,0,0
10974,3.316,57.80,192.00,1,0,0
10977,3.316,57.60,298.00,1,0,0
10979,3.316,57.50,190.00,1,0,0
10982,3.316,57.50,190.00,1,0,0
10984,3.316,57.60,192.00,1,0,0
10987,3.316,57.90,192.00,1,0,0
10989,3.316,57.80,192.00,1,0,0
10991,3.316,57.90,192.00,1,0,0
10994,3.316,57.50,190.00,1,0,0
10996,3.316,57.60,192.00,1,0,0
11009,3.316,57.50,190.00,1,0,0
11012,3.316,57.60,190.00,1,0,0
11014,3.316,57.40,190.00,1,0,0
11017,3.316,57.70,192.00,1,0,0
11019,3.316,57.90,192.00,1,0,0
11021,3.316,57.80,192.00,1,0,0
11024,3.316,57.80,192.00,1,0,0
11026,3.316,57.60,192.00,1,0,0
11029,3.316,57.60,190.00,1,0,0
11031,3.316,57.50,190.00,1,0,0
11034,3.316,57.90,192.00,1,0,0
11036,3.320,57.90,192.00,1,0,0
11039,3.320,57.80,192.00,1,0,0
11041,3.316,57.90,192.00,1,0,0
11054,3.316,57.90,192.00,1,0,0
11056,3.316,57.90,192.00,1,0,0
11059,3.320,57.50,190.00,1,0,0
11061,3.316,57.60,192.00,1,0,0
11064,3.316,57.50,190.00,1,0,0
11066,3.316,57.80,192.00,1,0,0
11069,3.316,57.80,192.00,1,0,0
11071,3.316,57.80,192.00,1,0,0
11074,3.316,57.70,192.00,1,0,0
11076,3.316,57.60,192.00,1,0,0
11079,3.316,57.50,190.00,1,0,0
11081,3.316,57.50,190.00,1,0,0
11084,3.316,57.80,192.00,1,0,0
11086,3.316,57.90,192.00,1,0,0
11099,3.316,57.60,192.00,1,0,0
11101,3.316,57.90,192.00,1,0,0
11104,3.316,57.80,192.00,1,0,0
11106,3.316,57.90,192.00,1,0,0
11109,3.316,57.50,190.00,1,0,0
11111,3.316,57.60,192.00,1,0,0
11113,3.316,57.50,190.00,1,0,0
11116,3.316,57.80,192.00,1,0,0
11118,3.316,57.90,192.00,1,0,0
11121,3.316,57.90,192.00,1,0,0
11123,3.316,57.80,190.00,1,0,0
11126,3.316,57.60,192.00,1,0,0
11128,3.316,57.50,190.00,1,0,0
11131,3.316,57.50,192.00,1,0,0
11143,3.316,57.60,192.00,1,0,0
11146,3.316,57.60,190.00,1,0,0
11148,3.316,57.90,192.00,1,0,0
11151,3.316,57.90,192.00,1,0,0
11153,3.316,57.90,192.00,1,0,0
11156,3.316,57.90,192.00,1,0,0
11158,3.316,57.60,192.00,1,0,0
11161,3.316,57.50,192.00,1,0,0
11163,3.316,57.60,192.00,1,0,0
11166,3.316,57.90,192.00,1,0,0
11168,3.316,57.80,192.00,1,0,0
11171,3.316,57.90,192.00,1,0,0
11173,3.316,57.60,192.00,1,0,0
11176,3.316,57.60,190.00,1,0,0
11188,3.316,57.90,192.00,1,0,0
11191,3.316,57.50,192.00,1,0,0
11193,3.320,57.50,192.00,1,0,0
11196,3.316,57.60,192.00,1,0,0
11198,3.316,57.80,192.00,1,0,0
11201,3.316,57.80,192.00,1,0,0
11203,3.316,57.80,192.00,1,0,0
11206,3.316,57.90,192.00,1,0,0
11208,3.316,57.60,192.00,1,0,0
11210,3.316,57.60,192.00,1,0,0
11213,3.316,57.60,192.00,1,0,0
11215,3.316,57.90,192.00,1,0,0
11218,3.316,57.90,192.00,1,0,0
11220,3.316,57.90,192.00,1,0,0
11233,3.316,57.90,192.00,1,0,0
11236,3.316,57.80,192.00,1,0,0
11238,3.316,57.80,192.00,1,0,0
11240,3.316,57.60,190.00,1,0,0
11243,3.316,57.60,192.00,1,0,0
11245,3.316,57.50,190.00,1,0,0
11248,3.316,57.80,192.00,1,0,0
11250,3.316,57.80,192.00,1,0,0
11253,3.316,57.80,192.00,1,0,0
11255,3.316,57.60,192.00,1,0,0
11258,3.316,57.60,192.00,1,0,0
11260,3.316,57.60,192.00,1,0,0
11263,3.316,57.50,190.00,1,0,0
11265,3.316,57.80,192.00,1,0,0
11278,3.312,85.50,190.00,1,0,0
11280,3.316,57.90,192.00,1,0,0
11283,3.320,57.80,192.00,1,0,0
11285,3.316,57.90,192.00,1,0,0
11288,3.316,57.60,192.00,1,0,0
11290,3.316,57.60,192.00,1,0,0
11293,3.316,57.60,192.00,1,0,0
11295,3.316,57.60,192.00,1,0,0
11298,3.316,57.90,192.00,1,0,0
11300,3.316,57.90,192.00,1,0,0
11303,3.316,57.90,192.00,1,0,0
11305,3.316,57.70,192.00,1,0,0
11308,3.316,57.60,192.00,1,0,0
11310,3.320,57.50,192.00,1,0,0
11323,3.316,57.60,192.00,1,0,0
11325,3.316,57.60,192.00,1,0,0
11328,3.312,86.00,285.00,1,0,0
11330,3.316,57.80,192.00,1,0,0
11333,3.316,57.80,192.00,1,0,0
11335,3.316,57.90,192.00,1,0,0
11337,3.316,57.70,192.00,1,0,0
11340,3.316,57.60,192.00,1,0,0
11342,3.316,57.60,192.00,1,0,0
11345,3.316,57.60,192.00,1,0,0
11347,3.320,57.80,192.00,1,0,0
11350,3.316,57.90,192.00,1,0,0
11352,3.316,57.90,192.00,1,0,0
11355,3.320,57.50,192.00,1,0,0
11367,3.316,57.90,192.00,1,0,0
11370,3.316,57.70,192.00,1,0,0
11372,3.316,57.60,192.00,1,0,0
11375,3.316,57.60,192.00,1,0,0
11377,3.316,85.60,283.00,1,0,0
11380,3.316,57.80,192.00,1,0,0
11382,3.316,57.90,192.00,1,0,0
11385,3.316,57.90,192.00,1,0,0
11387,3.316,57.60,192.00,1,0,0
11390,3.316,57.60,192.00,1,0,0
11392,3.316,57.50,190.00,1,0,0
11395,3.316,57.80,192.00,1,0,0
11397,3.316,57.80,192.00,1,0,0
11400,3.316,57.80,192.00,1,0,0
11412,3.316,57.90,192.00,1,0,0
11415,3.316,57.90,192.00,1,0,0
11417,3.316,57.80,192.00,1,0,0
11420,3.316,57.80,192.00,1,0,0
11422,3.316,57.60,192.00,1,0,0
11425,3.316,57.50,190.00,1,0,0
11427,3.316,57.50,265.00,1,0,0
11429,3.316,57.80,192.00,1,0,0
11432,3.316,57.90,192.00,1,0,0
11434,3.316,57.80,192.00,1,0,0
11437,3.316,57.50,190.00,1,0,0
11439,3.316,57.50,190.00,1,0,0
11442,3.316,57.50,192.00,1,0,0
11444,3.316,57.80,192.00,1,0,0
11457,3.320,57.50,190.00,1,0,0
11459,3.316,57.60,192.00,1,0,0
11462,3.316,57.90,192.00,1,0,0
11464,3.316,57.80,192.00,1,0,0
11467,3.316,57.80,192.00,1,0,0
11469,3.316,57.60,190.00,1,0,0
11472,3.316,57.60,192.00,1,0,0
11474,3.316,57.60,192.00,1,0,0
11477,3.316,57.80,192.00,1,0,0
11479,3.316,57.80,192.00,1,0,0
11482,3.316,57.80,192.00,1,0,0
11484,3.316,57.80,192.00,1,0,0
11487,3.316,57.60,192.00,1,0,0
11489,3.316,57.60,192.00,1,0,0
11502,3.316,57.50,190.00,1,0,0
11504,3.316,57.60,192.00,1,0,0
11507,3.320,57.50,190.00,1,0,0
11509,3.316,57.80,192.00,1,0,0
11512,3.316,57.80,192.00,1,0,0
11514,3.316,57.90,192.00,1,0,0
11517,3.316,57.90,192.00,1,0,0
11519,3.316,57.50,190.00,1,0,0
11522,3.316,57.50,190.00,1,0,0
11524,3.316,57.50,190.00,1,0,0
11526,3.316,57.90,192.00,1,0,0
11529,3.316,57.80,192.00,1,0,0
11531,3.316,57.80,192.00,1,0,0
11534,3.316,57.70,192.00,1,0,0
11547,3.316,57.80,192.00,1,0,0
11549,3.316,57.90,192.00,1,0,0
11552,3.316,57.50,192.00,1,0,0
11554,3.316,57.60,192.00,1,0,0
11556,3.316,57.50,190.00,1,0,0
11559,3.316,57.70,192.00,1,0,0
11561,3.316,57.90,192.00,1,0,0
11564,3.316,57.80,192.00,1,0,0
11566,3.316,57.90,192.00,1,0,0
11569,3.316,57.60,192.00,1,0,0
11571,3.316,57.50,190.00,1,0,0
11574,3.316,57.50,192.00,1,0,0
11576,3.316,57.80,190.00,1,0,0
11579,3.296,57.80,192.00,1,0,0
11591,3.316,57.80,192.00,1,0,0
11594,3.316,57.90,192.00,1,0,0
11596,3.316,57.80,192.00,1,0,0
11599,3.316,57.90,192.00,1,0,0
11601,3.316,57.60,192.00,1,0,0
11604,3.316,57.50,190.00,1,0,0
11606,3.316,57.50,190.00,1,0,0
11609,3.316,57.80,192.00,1,0,0
11611,3.320,57.80,192.00,1,0,0
11614,3.316,57.80,192.00,1,0,0
11616,3.316,57.90,192.00,1,0,0
11619,3.316,57.50,190.00,1,0,0
11621,3.316,57.60,192.00,1,0,0
11623,3.316,57.60,192.00,1,0,0
11636,3.316,57.50,192.00,1,0,0
11639,3.316,57.50,190.00,1,0,0
11641,3.316,57.60,192.00,1,0,0
11644,3.316,57.80,192.00,1,0,0
11646,3.316,57.80,192.00,1,0,0
11649,3.316,57.80,192.00,1,0,0
11651,3.316,57.50,190.00,1,0,0
11653,3.316,57.50,190.00,1,0,0
11656,3.316,57.60,192.00,1,0,0
11658,3.316,57.90,192.00,1,0,0
11661,3.316,57.80,192.00,1,0,0
11663,3.316,57.80,192.00,1,0,0
11666,3.316,57.50,190.00,1,0,0
11668,3.316,57.50,190.00,1,0,0
11681,3.316,57.80,192.00,1,0,0
11683,3.316,57.60,190.00,1,0,0
11686,3.316,57.60,192.00,1,0,0
11688,3.316,57.50,190.00,1,0,0
11691,3.316,57.90,192.00,1,0,0
11693,3.316,58.70,192.00,1,0,0
11696,3.316,57.80,192.00,1,0,0
11698,3.316,57.80,192.00,1,0,0
11701,3.316,57.40,192.00,1,0,0
11703,3.316,57.60,192.00,1,0,0
11706,3.316,57.50,190.00,1,0,0
11708,3.316,57.80,192.00,1,0,0
11711,3.316,57.80,192.00,1,0,0
11713,3.316,57.80,192.00,1,0,0
11726,3.316,57.80,192.00,1,0,0
11728,3.296,58.00,192.00,1,0,0
11731,3.316,57.80,192.00,1,0,0
11733,3.316,57.50,190.00,1,0,0
11736,3.316,57.60,190.00,1,0,0
11738,3.316,57.60,192.00,1,0,0
11741,3.316,57.80,192.00,1,0,0
11743,3.316,58.70,192.00,1,0,0
11746,3.316,57.80,192.00,1,0,0
11748,3.320,57.60,192.00,1,0,0
11750,3.316,57.60,192.00,1,0,0
11753,3.320,57.60,190.00,1,0,0
11755,3.316,57.70,192.00,1,0,0
11758,3.316,57.80,192.00,1,0,0
11771,3.316,57.60,192.00,1,0,0
11773,3.316,57.90,192.00,1,0,0
11775,3.316,57.90,192.00,1,0,0
11778,3.296,58.00,192.00,1,0,0
11780,3.316,57.80,192.00,1,0,0
11783,3.316,57.50,190.00,1,0,0
11785,3.316,57.60,192.00,1,0,0
11788,3.316,57.50,192.00,1,0,0
11790,3.316,57.80,192.00,1,0,0
11793,3.316,58.70,195.00,1,0,0
11795,3.316,57.80,192.00,1,0,0
11798,3.316,57.60,192.00,1,0,0
11800,3.320,57.50,190.00,1,0,0
11803,3.316,57.60,192.00,1,0,0
11815,3.316,57.60,192.00,1,0,0
11818,3.316,57.50,192.00,1,0,0
11820,3.316,57.50,190.00,1,0,0
11823,3.316,57.90,192.00,1,0,0
11825,3.316,57.80,192.00,1,0,0
11828,3.316,57.90,192.00,1,0,0
11830,3.316,57.60,192.00,1,0,0
11833,3.316,57.50,190.00,1,0,0
11835,3.316,57.50,190.00,1,0,0
11838,3.316,57.60,192.00,1,0,0
11840,3.316,57.90,192.00,1,0,0
11843,3.316,58.60,195.00,1,0,0
11845,3.316,57.80,192.00,1,0,0
11847,3.316,57.60,192.00,1,0,0
11860,3.320,57.90,192.00,1,0,0
11863,3.316,57.80,192.00,1,0,0
11865,3.316,57.50,190.00,1,0,0
11868,3.316,57.50,190.00,1,0,0
11870,3.316,57.60,192.00,1,0,0
11872,3.316,57.80,192.00,1,0,0
11875,3.316,57.90,192.00,1,0,0
11877,3.316,64.20,192.00,1,0,0
11880,3.316,57.50,190.00,1,0,0
11882,3.316,57.50,190.00,1,0,0
11885,3.316,57.50,190.00,1,0,0
11887,3.316,57.80,192.00,1,0,0
11890,3.316,57.90,192.00,1,0,0
11892,3.316,57.80,195.00,1,0,0
11905,3.316,57.90,192.00,1,0,0
11907,3.316,57.80,192.00,1,0,0
11910,3.316,57.80,192.00,1,0,0
11912,3.316,57.60,190.00,1,0,0
11915,3.316,57.60,190.00,1,0,0
11917,3.316,57.60,192.00,1,0,0
11920,3.316,57.50,190.00,1,0,0
11922,3.316,57.80,192.00,1,0,0
11925,3.316,57.90,192.00,1,0,0
11927,3.316,64.30,213.00,1,0,0
11930,3.316,57.50,190.00,1,0,0
11932,3.316,57.50,190.00,1,0,0
11935,3.316,57.50,190.00,1,0,0
11937,3.316,57.80,192.00,1,0,0
11950,3.316,57.50,190.00,1,0,0
11952,3.316,57.50,190.00,1,0,0
11955,3.316,57.80,192.00,1,0,0
11957,3.316,57.80,192.00,1,0,0
11960,3.316,57.80,192.00,1,0,0
11962,3.316,57.40,190.00,1,0,0
11965,3.316,57.50,190.00,1,0,0
11967,3.316,57.50,190.00,1,0,0
11969,3.316,57.80,192.00,1,0,0
11972,3.316,57.90,192.00,1,0,0
11974,3.316,57.80,192.00,1,0,0
11977,3.316,64.30,213.00,1,0,0
11979,3.316,57.50,190.00,1,0,0
11982,3.316,57.60,192.00,1,0,0
11994,3.316,57.70,190.00,1,0,0
11997,3.316,57.60,192.00,1,0,0
11999,3.316,57.60,192.00,1,0,0
12002,3.316,57.60,192.00,1,0,0
12004,3.316,57.90,192.00,1,0,0
12007,3.316,57.90,192.00,1,0,0
12009,3.316,57.80,192.00,1,0,0
12012,3.316,57.60,192.00,1,0,0
12014,3.316,57.60,192.00,1,0,0
12017,3.316,57.60,192.00,1,0,0
12019,3.316,57.80,192.00,1,0,0
12022,3.316,57.90,192.00,1,0,0
12024,3.316,57.90,192.00,1,0,0
12027,3.316,57.90,238.00,1,0,0
12039,3.316,57.90,192.00,1,0,0
12042,3.316,57.90,192.00,1,0,0
12044,3.320,57.60,192.00,1,0,0
12047,3.316,57.50,190.00,1,0,0
12049,3.316,57.50,190.00,1,0,0
12052,3.316,57.70,192.00,1,0,0
12054,3.316,57.80,192.00,1,0,0
12057,3.316,57.90,192.00,1,0,0
12059,3.316,57.80,192.00,1,0,0
12062,3.316,57.50,190.00,1,0,0
12064,3.316,57.50,192.00,1,0,0
12066,3.320,57.50,190.00,1,0,0
12069,3.316,57.90,192.00,1,0,0
12071,3.316,57.80,192.00,1,0,0
12084,3.316,57.60,192.00,1,0,0
12087,3.316,57.80,192.00,1,0,0
12089,3.316,57.80,192.00,1,0,0
12091,3.316,57.80,192.00,1,0,0
12094,3.316,57.50,190.00,1,0,0
12096,3.316,57.50,190.00,1,0,0
12099,3.316,57.60,190.00,1,0,0
12101,3.316,57.80,192.00,1,0,0
12104,3.316,57.90,192.00,1,0,0
12106,3.316,57.90,192.00,1,0,0
12109,3.316,57.70,192.00,1,0,0
12111,3.316,57.50,190.00,1,0,0
12114,3.316,57.50,190.00,1,0,0
12116,3.316,57.60,192.00,1,0,0
12129,3.316,57.50,190.00,1,0,0
12131,3.316,57.60,192.00,1,0,0
12134,3.316,57.60,192.00,1,0,0
12136,3.316,57.80,192.00,1,0,0
12139,3.316,57.80,192.00,1,0,0
12141,3.316,57.80,192.00,1,0,0
12144,3.316,57.50,190.00,1,0,0
12146,3.316,57.50,190.00,1,0,0
12149,3.316,57.50,190.00,1,0,0
12151,3.316,57.80,192.00,1,0,0
12154,3.316,57.90,192.00,1,0,0
12156,3.316,57.80,192.00,1,0,0
12158,3.320,57.90,192.00,1,0,0
12161,3.316,57.50,190.00,1,0,0
12174,3.320,57.90,192.00,1,0,0
12176,3.316,57.50,190.00,1,0,0
12179,3.316,57.50,190.00,1,0,0
12181,3.316,57.50,190.00,1,0,0
12184,3.316,57.80,192.00,1,0,0
12186,3.316,57.90,192.00,1,0,0
12188,3.316,57.90,192.00,1,0,0
12191,3.316,57.80,192.00,1,0,0
12193,3.316,57.50,190.00,1,0,0
12196,3.316,57.60,192.00,1,0,0
12198,3.316,57.50,190.00,1,0,0
12201,3.316,57.80,192.00,1,0,0
12203,3.316,57.80,192.00,1,0,0
12206,3.316,57.80,192.00,1,0,0
12218,3.316,57.90,192.00,1,0,0
12221,3.316,57.80,192.00,1,0,0
12223,3.316,57.90,192.00,1,0,0
12226,3.316,57.60,192.00,1,0,0
12228,3.316,57.50,190.00,1,0,0
12231,3.316,57.50,190.00,1,0,0
12233,3.316,57.80,192.00,1,0,0
12236,3.320,57.80,192.00,1,0,0
12238,3.316,57.80,192.00,1,0,0
12241,3.316,57.60,192.00,1,0,0
12243,3.316,57.50,190.00,1,0,0
12246,3.316,57.60,192.00,1,0,0
12248,3.316,57.60,192.00,1,0,0
12251,3.320,57.90,192.00,1,0,0
12263,3.316,57.50,190.00,1,0,0
12266,3.316,57.80,192.00,1,0,0
12268,3.316,57.80,192.00,1,0,0
12271,3.316,57.80,192.00,1,0,0
12273,3.316,57.80,192.00,1,0,0
12276,3.316,57.60,190.00,1,0,0
12278,3.316,57.50,190.00,1,0,0
12281,3.316,57.50,190.00,1,0,0
12283,3.316,57.80,192.00,1,0,0
12285,3.316,57.80,192.00,1,0,0
12288,3.316,57.80,192.00,1,0,0
12290,3.316,57.60,192.00,1,0,0
12293,3.316,57.50,190.00,1,0,0
12295,3.316,57.50,190.00,1,0,0
12308,3.320,57.50,190.00,1,0,0
12310,3.316,57.50,190.00,1,0,0
12313,3.316,57.50,190.00,1,0,0
12315,3.316,57.90,192.00,1,0,0
12318,3.316,57.80,192.00,1,0,0
12320,3.316,57.80,192.00,1,0,0
12323,3.316,57.50,190.00,1,0,0
12325,3.316,57.50,190.00,1,0,0
12328,3.316,89.20,190.00,1,0,0
12330,3.316,57.60,192.00,1,0,0
12333,3.316,57.90,192.00,1,0,0
12335,3.316,57.80,192.00,1,0,0
12338,3.316,57.90,192.00,1,0,0
12340,3.316,57.60,192.00,1,0,0
12353,3.316,57.80,192.00,1,0,0
12355,3.316,57.90,192.00,1,0,0
12358,3.316,57.50,190.00,1,0,0
12360,3.316,57.50,190.00,1,0,0
12363,3.316,57.50,190.00,1,0,0
12365,3.320,57.90,192.00,1,0,0
12368,3.316,57.90,192.00,1,0,0
12370,3.316,57.90,192.00,1,0,0
12372,3.316,57.70,192.00,1,0,0
12375,3.316,57.60,192.00,1,0,0
12377,3.312,86.50,287.00,1,0,0
12380,3.316,57.50,192.00,1,0,0
12382,3.316,57.90,192.00,1,0,0
12385,3.316,57.90,192.00,1,0,0
12398,3.316,57.80,192.00,1,0,0
12400,3.316,57.80,192.00,1,0,0
12402,3.316,57.80,192.00,1,0,0
12405,3.316,57.60,192.00,1,0,0
12407,3.316,57.50,190.00,1,0,0
12410,3.316,57.60,190.00,1,0,0
12412,3.316,57.60,192.00,1,0,0
12415,3.316,57.80,192.00,1,0,0
12417,3.316,57.80,192.00,1,0,0
12420,3.316,57.80,192.00,1,0,0
12422,3.316,57.50,190.00,1,0,0
12425,3.316,57.50,190.00,1,0,0
12427,3.316,85.80,285.00,1,0,0
12430,3.316,57.70,192.00,1,0,0
12442,3.316,57.50,190.00,1,0,0
12445,3.316,57.50,192.00,1,0,0
12447,3.316,57.80,192.00,1,0,0
12450,3.316,57.90,192.00,1,0,0
12452,3.316,57.80,192.00,1,0,0
12455,3.316,57.70,192.00,1,0,0
12457,3.316,57.50,190.00,1,0,0
12460,3.316,57.50,190.00,1,0,0
12462,3.316,57.50,192.00,1,0,0
12465,3.316,57.90,192.00,1,0,0
12467,3.316,57.80,192.00,1,0,0
12469,3.316,57.80,192.00,1,0,0
12472,3.316,57.60,192.00,1,0,0
12474,3.316,57.60,192.00,1,0,0
12487,3.316,57.70,192.00,1,0,0
12490,3.316,57.60,192.00,1,0,0
12492,3.316,57.60,192.00,1,0,0
12494,3.316,57.50,190.00,1,0,0
12497,3.316,57.90,192.00,1,0,0
12499,3.316,57.90,192.00,1,0,0
12502,3.320,57.80,192.00,1,0,0
12504,3.320,57.60,192.00,1,0,0
12507,3.316,57.50,190.00,1,0,0
12509,3.316,57.60,192.00,1,0,0
12512,3.316,57.70,192.00,1,0,0
12514,3.320,57.80,192.00,1,0,0
12517,3.320,57.80,192.00,1,0,0
12519,3.316,57.90,192.00,1,0,0
12532,3.316,57.80,192.00,1,0,0
12534,3.316,57.90,192.00,1,0,0
12537,3.316,57.50,190.00,1,0,0
12539,3.316,57.50,190.00,1,0,0
12542,3.316,57.50,190.00,1,0,0
12544,3.316,57.80,192.00,1,0,0
12547,3.316,57.80,192.00,1,0,0
12549,3.316,57.80,192.00,1,0,0
12552,3.316,57.90,192.00,1,0,0
12554,3.316,57.50,190.00,1,0,0
12557,3.316,57.50,190.00,1,0,0
12563,3.316,57.80,192.00,1,0,0
12566,3.316,57.80,192.00,1,0,0
12568,3.316,57.80,192.00,1,0,0
12571,3.316,57.50,190.00,1,0,0
12573,3.316,57.50,190.00,1,0,0
12576,3.316,57.50,190.00,1,0,0
12578,3.308,78.20,192.00,1,0,0
12580,3.316,57.80,192.00,1,0,0
12583,3.320,57.80,192.00,1,0,0
12596,3.316,57.90,192.00,1,0,0
12598,3.316,57.90,192.00,1,0,0
12601,3.316,57.80,192.00,1,0,0
12603,3.316,57.50,190.00,1,0,0
12605,3.316,57.50,190.00,1,0,0
12608,3.316,57.60,192.00,1,0,0
12610,3.316,57.90,192.00,1,0,0
12613,3.316,57.80,192.00,1,0,0
12615,3.316,57.90,192.00,1,0,0
12618,3.316,57.90,192.00,1,0,0
12620,3.316,57.60,192.00,1,0,0
12623,3.316,57.50,192.00,1,0,0
12625,3.316,57.60,192.00,1,0,0
12628,3.300,65.60,218.00,1,0,0
12640,3.316,57.50,190.00,1,0,0
12643,3.316,57.50,195.00,1,0,0
12645,3.316,57.80,192.00,1,0,0
12648,3.316,57.80,192.00,1,0,0
12650,3.316,57.90,192.00,1,0,0
12653,3.316,57.50,190.00,1,0,0
12655,3.316,57.50,190.00,1,0,0
12658,3.316,57.60,192.00,1,0,0
12660,3.316,57.80,192.00,1,0,0
12663,3.316,57.80,192.00,1,0,0
12665,3.316,57.90,192.00,1,0,0
12668,3.316,57.90,190.00,1,0,0
12670,3.316,57.60,192.00,1,0,0
12672,3.316,57.60,192.00,1,0,0
12685,3.316,57.60,192.00,1,0,0
12688,3.316,57.60,192.00,1,0,0
12690,3.316,57.50,190.00,1,0,0
12693,3.316,57.80,192.00,1,0,0
12695,3.316,57.90,192.00,1,0,0
12698,3.316,57.90,192.00,1,0,0
12700,3.320,57.90,192.00,1,0,0
12702,3.316,57.60,192.00,1,0,0
12705,3.320,57.50,192.00,1,0,0
12707,3.316,57.60,192.00,1,0,0
12710,3.316,57.90,192.00,1,0,0
12712,3.316,57.90,192.00,1,0,0
12715,3.316,57.90,192.00,1,0,0
12717,3.316,57.60,192.00,1,0,0
12730,3.316,57.70,192.00,1,0,0
12732,3.316,57.80,192.00,1,0,0
12735,3.316,57.50,190.00,1,0,0
12737,3.316,57.50,190.00,1,0,0
12740,3.316,57.50,190.00,1,0,0
12742,3.316,57.80,192.00,1,0,0
12745,3.320,57.80,192.00,1,0,0
12747,3.316,57.80,192.00,1,0,0
12750,3.316,57.60,192.00,1,0,0
12752,3.316,57.50,190.00,1,0,0
12755,3.316,57.50,190.00,1,0,0
12757,3.316,57.60,192.00,1,0,0
12760,3.316,57.80,192.00,1,0,0
12762,3.316,57.90,192.00,1,0,0
12775,3.316,57.80,192.00,1,0,0
12777,3.320,57.90,192.00,1,0,0
12780,3.316,57.90,192.00,1,0,0
12782,3.316,57.80,192.00,1,0,0
12785,3.316,57.50,190.00,1,0,0
12787,3.316,57.50,190.00,1,0,0
12790,3.316,57.60,192.00,1,0,0
12792,3.316,57.80,192.00,1,0,0
12794,3.316,57.80,192.00,1,0,0
12797,3.316,57.80,192.00,1,0,0
12799,3.316,57.60,190.00,1,0,0
12802,3.316,57.50,190.00,1,0,0
12804,3.316,57.50,190.00,1,0,0
12807,3.316,57.50,192.00,1,0,0
12820,3.316,57.50,190.00,1,0,0
12822,3.320,57.50,190.00,1,0,0
12824,3.316,57.80,192.00,1,0,0
12827,3.316,57.90,190.00,1,0,0
12829,3.316,57.80,192.00,1,0,0
12832,3.320,57.50,190.00,1,0,0
12834,3.316,57.50,190.00,1,0,0
12837,3.316,57.60,190.00,1,0,0
12839,3.316,57.50,190.00,1,0,0
12842,3.316,57.80,192.00,1,0,0
12844,3.316,58.60,192.00,1,0,0
12847,3.316,57.80,192.00,1,0,0
12849,3.316,57.50,190.00,1,0,0
12852,3.316,57.50,192.00,1,0,0
12864,3.320,57.80,192.00,1,0,0
12867,3.316,57.50,190.00,1,0,0
12869,3.316,57.50,190.00,1,0,0
12872,3.316,57.50,192.00,1,0,0
12874,3.316,57.70,192.00,1,0,0
12877,3.316,58.50,193.00,1,0,0
12879,3.316,57.80,192.00,1,0,0
12882,3.320,57.70,190.00,1,0,0
12884,3.316,57.50,192.00,1,0,0
12887,3.316,57.50,190.00,1,0,0
12889,3.316,57.60,192.00,1,0,0
12891,3.316,57.80,192.00,1,0,0
12894,3.316,58.70,195.00,1,0,0
12896,3.316,57.80,192.00,1,0,0
12909,3.316,57.80,192.00,1,0,0
12912,3.316,57.80,192.00,1,0,0
12914,3.316,57.70,192.00,1,0,0
12917,3.320,57.50,192.00,1,0,0
12919,3.316,57.50,190.00,1,0,0
12921,3.316,57.50,190.00,1,0,0
12924,3.316,57.80,192.00,1,0,0
12926,3.316,57.80,200.00,1,0,0
12929,3.296,57.80,192.00,1,0,0
12931,3.316,57.50,190.00,1,0,0
12934,3.316,57.60,192.00,1,0,0
12936,3.316,57.50,190.00,1,0,0
12939,3.316,57.80,192.00,1,0,0
12941,3.316,57.90,192.00,1,0,0
12954,3.316,57.50,190.00,1,0,0
12956,3.316,57.80,192.00,1,0,0
12959,3.316,57.90,192.00,1,0,0
12961,3.316,57.80,192.00,1,0,0
12964,3.316,57.50,190.00,1,0,0
12966,3.316,57.50,190.00,1,0,0
12969,3.316,57.50,190.00,1,0,0
12971,3.316,57.80,192.00,1,0,0
12974,3.316,57.80,192.00,1,0,0
12976,3.316,57.80,210.00,1,0,0
12979,3.300,57.80,192.00,1,0,0
12981,3.316,57.50,190.00,1,0,0
12984,3.316,57.50,190.00,1,0,0
12986,3.316,57.50,192.00,1,0,0
12999,3.316,57.60,192.00,1,0,0
13001,3.316,57.50,190.00,1,0,0
13004,3.316,57.50,190.00,1,0,0
13006,3.316,57.80,192.00,1,0,0
13009,3.316,57.80,192.00,1,0,0
13011,3.320,57.90,192.00,1,0,0
13013,3.316,57.50,190.00,1,0,0
13016,3.316,57.50,192.00,1,0,0
13018,3.316,57.50,190.00,1,0,0
13021,3.316,57.80,192.00,1,0,0
13023,3.316,57.90,192.00,1,0,0
13026,3.316,57.90,192.00,1,0,0
13028,3.300,57.90,192.00,1,0,0
13031,3.316,57.50,190.00,1,0,0
13043,3.316,57.90,195.00,1,0,0
13046,3.316,57.50,192.00,1,0,0
13048,3.316,57.50,190.00,1,0,0
13051,3.316,57.60,190.00,1,0,0
13053,3.316,57.70,192.00,1,0,0
13056,3.316,57.80,192.00,1,0,0
13058,3.316,57.80,192.00,1,0,0
13061,3.320,57.90,192.00,1,0,0
13063,3.316,57.50,192.00,1,0,0
13066,3.316,57.50,190.00,1,0,0
13068,3.316,57.50,190.00,1,0,0
13071,3.316,57.90,192.00,1,0,0
13073,3.320,57.90,192.00,1,0,0
13076,3.316,57.80,192.00,1,0,0
13088,3.316,57.90,192.00,1,0,0
13091,3.320,57.90,192.00,1,0,0
13093,3.316,57.80,195.00,1,0,0
13096,3.316,57.60,190.00,1,0,0
13098,3.316,57.50,190.00,1,0,0
13101,3.316,57.50,190.00,1,0,0
13103,3.316,57.60,192.00,1,0,0
13106,3.316,57.90,192.00,1,0,0
13108,3.316,57.80,192.00,1,0,0
13111,3.316,57.80,192.00,1,0,0
13113,3.316,57.60,192.00,1,0,0
13115,3.316,57.50,190.00,1,0,0
13118,3.316,57.50,192.00,1,0,0
13120,3.316,57.90,192.00,1,0,0
13133,3.316,57.60,192.00,1,0,0
13136,3.316,57.70,192.00,1,0,0
13138,3.320,57.80,192.00,1,0,0
13140,3.316,57.80,192.00,1,0,0
13143,3.320,57.80,192.00,1,0,0
13145,3.316,57.50,192.00,1,0,0
13148,3.316,57.60,192.00,1,0,0
13150,3.320,57.60,192.00,1,0,0
13153,3.316,57.90,192.00,1,0,0
13155,3.316,57.80,192.00,1,0,0
13158,3.316,57.90,192.00,1,0,0
13160,3.320,57.80,192.00,1,0,0
13163,3.316,57.50,190.00,1,0,0
13165,3.316,57.50,190.00,1,0,0
13178,3.316,57.50,190.00,1,0,0
13180,3.316,57.50,190.00,1,0,0
13183,3.316,57.50,192.00,1,0,0
13185,3.316,57.90,192.00,1,0,0
13188,3.316,57.90,192.00,1,0,0
13190,3.316,57.80,192.00,1,0,0
13193,3.316,57.70,192.00,1,0,0
13195,3.316,57.60,192.00,1,0,0
13198,3.316,57.60,190.00,1,0,0
13200,3.316,57.50,190.00,1,0,0
13203,3.316,57.90,192.00,1,0,0
13205,3.316,57.80,192.00,1,0,0
13207,3.316,57.90,192.00,1,0,0
13210,3.316,57.60,192.00,1,0,0
13223,3.316,57.80,192.00,1,0,0
13225,3.316,57.80,192.00,1,0,0
13228,3.316,87.70,190.00,1,0,0
13230,3.316,57.50,190.00,1,0,0
13233,3.316,57.50,190.00,1,0,0
13235,3.316,57.80,192.00,1,0,0
13237,3.316,57.90,192.00,1,0,0
13240,3.316,57.80,192.00,1,0,0
13242,3.316,57.80,190.00,1,0,0
13245,3.312,57.50,190.00,1,0,0
13247,3.316,57.50,190.00,1,0,0
13250,3.316,57.50,192.00,1,0,0
13252,3.316,57.80,192.00,1,0,0
13255,3.316,57.80,192.00,1,0,0
13267,3.316,57.90,192.00,1,0,0
13270,3.320,57.90,192.00,1,0,0
13272,3.316,57.90,192.00,1,0,0
13275,3.316,57.80,192.00,1,0,0
13277,3.316,90.90,301.00,1,0,0
13280,3.316,57.50,192.00,1,0,0
13282,3.316,57.50,190.00,1,0,0
13285,3.316,57.90,192.00,1,0,0
13287,3.316,57.90,192.00,1,0,0
13290,3.316,57.80,192.00,1,0,0
13292,3.316,57.60,192.00,1,0,0
13295,3.316,57.60,190.00,1,0,0
13297,3.316,57.50,190.00,1,0,0
13300,3.316,57.50,190.00,1,0,0
13312,3.316,57.50,190.00,1,0,0
13315,3.316,57.60,192.00,1,0,0
13317,3.316,57.80,192.00,1,0,0
13320,3.316,57.80,192.00,1,0,0
13322,3.316,57.90,192.00,1,0,0
13325,3.316,57.90,190.00,1,0,0
13327,3.316,91.80,305.00,1,0,0
13329,3.320,57.50,190.00,1,0,0
13332,3.316,57.50,192.00,1,0,0
13334,3.316,57.90,192.00,1,0,0
13337,3.316,57.90,192.00,1,0,0
13339,3.316,57.90,192.00,1,0,0
13342,3.316,57.50,190.00,1,0,0
13344,3.316,57.60,192.00,1,0,0
13357,3.316,57.80,192.00,1,0,0
13359,3.316,57.50,190.00,1,0,0
13362,3.316,57.50,190.00,1,0,0
13364,3.316,57.50,190.00,1,0,0
13367,3.316,57.90,192.00,1,0,0
13369,3.316,57.80,192.00,1,0,0
13372,3.320,57.80,192.00,1,0,0
13374,3.316,57.60,192.00,1,0,0
13377,3.316,57.50,306.00,1,0,0
13379,3.316,57.40,190.00,1,0,0
13382,3.316,57.60,192.00,1,0,0
13384,3.316,57.90,192.00,1,0,0
13387,3.316,57.80,192.00,1,0,0
13389,3.316,57.90,192.00,1,0,0
13402,3.316,57.90,192.00,1,0,0
13404,3.316,57.80,192.00,1,0,0
13407,3.316,57.60,192.00,1,0,0
13409,3.316,57.50,190.00,1,0,0
13412,3.316,57.50,192.00,1,0,0
13414,3.316,57.50,190.00,1,0,0
13417,3.316,57.80,192.00,1,0,0
13419,3.316,57.90,192.00,1,0,0
13422,3.316,57.90,192.00,1,0,0
13424,3.316,57.60,192.00,1,0,0
13426,3.316,57.60,192.00,1,0,0
13429,3.316,57.50,192.00,1,0,0
13431,3.320,57.80,192.00,1,0,0
13434,3.316,57.80,192.00,1,0,0
13447,3.320,57.50,190.00,1,0,0
13449,3.316,57.90,192.00,1,0,0
13452,3.316,57.90,192.00,1,0,0
13454,3.320,57.80,192.00,1,0,0
13456,3.316,57.70,192.00,1,0,0
13459,3.316,57.60,192.00,1,0,0
13461,3.316,57.60,192.00,1,0,0
13464,3.316,57.50,192.00,1,0,0
13466,3.316,57.80,192.00,1,0,0
13469,3.320,57.80,192.00,1,0,0
13471,3.316,57.90,192.00,1,0,0
13474,3.316,57.50,190.00,1,0,0
13476,3.316,57.60,192.00,1,0,0
13479,3.316,57.50,190.00,1,0,0
13491,3.316,57.50,190.00,1,0,0
13494,3.316,57.50,190.00,1,0,0
13496,3.316,57.50,190.00,1,0,0
13499,3.316,57.70,192.00,1,0,0
13501,3.316,57.80,192.00,1,0,0
13504,3.316,57.90,192.00,1,0,0
13506,3.316,57.50,190.00,1,0,0
13509,3.316,57.50,190.00,1,0,0
13511,3.316,57.40,190.00,1,0,0
13514,3.316,57.80,192.00,1,0,0
13516,3.316,57.80,192.00,1,0,0
13519,3.316,57.80,192.00,1,0,0
13521,3.316,57.80,192.00,1,0,0
13523,3.316,57.50,190.00,1,0,0
13536,3.316,57.90,192.00,1,0,0
13539,3.316,57.80,192.00,1,0,0
13541,3.316,57.60,192.00,1,0,0
13544,3.316,57.50,190.00,1,0,0
13546,3.316,57.50,192.00,1,0,0
13549,3.316,57.80,192.00,1,0,0
13551,3.316,57.80,192.00,1,0,0
13553,3.316,57.80,192.00,1,0,0
13556,3.316,57.60,192.00,1,0,0
13558,3.316,57.50,192.00,1,0,0
13561,3.316,57.50,192.00,1,0,0
13563,3.316,57.90,192.00,1,0,0
13566,3.316,57.80,192.00,1,0,0
13568,3.316,57.90,192.00,1,0,0
13581,3.316,57.80,192.00,1,0,0
13583,3.316,57.80,192.00,1,0,0
13586,3.316,57.80,192.00,1,0,0
13588,3.316,57.60,192.00,1,0,0
13591,3.316,57.60,190.00,1,0,0
13593,3.316,57.60,192.00,1,0,0
13596,3.316,57.70,192.00,1,0,0
13598,3.316,57.90,192.00,1,0,0
13601,3.316,57.80,192.00,1,0,0
13603,3.316,57.90,192.00,1,0,0
13606,3.316,57.50,192.00,1,0,0
13608,3.320,57.50,192.00,1,0,0
13611,3.316,57.50,190.00,1,0,0
13613,3.320,57.80,192.00,1,0,0
13626,3.316,57.60,190.00,1,0,0
13628,3.312,57.80,192.00,1,0,0
13631,3.316,58.00,192.00,1,0,0
13633,3.316,57.80,192.00,1,0,0
13636,3.316,57.80,192.00,1,0,0
13638,3.316,57.50,190.00,1,0,0
13641,3.316,57.60,190.00,1,0,0
13643,3.316,57.50,192.00,1,0,0
13645,3.316,57.80,192.00,1,0,0
13648,3.316,57.80,192.00,1,0,0
13650,3.316,57.80,192.00,1,0,0
13653,3.320,57.70,192.00,1,0,0
13655,3.316,57.50,190.00,1,0,0
13658,3.316,57.60,190.00,1,0,0
13671,3.316,57.50,190.00,1,0,0
13673,3.316,57.60,192.00,1,0,0
13675,3.316,57.60,192.00,1,0,0
13678,3.308,85.60,192.00,1,0,0
13680,3.316,57.80,192.00,1,0,0
13683,3.316,57.80,192.00,1,0,0
13685,3.316,57.80,192.00,1,0,0
13688,3.316,57.50,192.00,1,0,0
13690,3.316,57.60,192.00,1,0,0
13693,3.320,57.60,192.00,1,0,0
13695,3.316,57.90,192.00,1,0,0
13698,3.316,57.80,192.00,1,0,0
13700,3.316,57.90,192.00,1,0,0
13703,3.316,57.80,190.00,1,0,0
13715,3.316,57.90,192.00,1,0,0
13718,3.316,57.90,192.00,1,0,0
13720,3.316,57.50,190.00,1,0,0
13723,3.316,57.50,190.00,1,0,0
13725,3.316,57.50,190.00,1,0,0
13728,3.308,74.80,247.00,1,0,0
13730,3.316,57.80,192.00,1,0,0
13733,3.316,57.90,192.00,1,0,0
13735,3.316,57.90,192.00,1,0,0
13738,3.316,57.50,192.00,1,0,0
13740,3.320,57.50,190.00,1,0,0
13742,3.316,57.50,190.00,1,0,0
13745,3.316,57.80,192.00,1,0,0
13747,3.316,57.90,192.00,1,0,0
13760,3.316,57.60,192.00,1,0,0
13763,3.316,57.80,192.00,1,0,0
13765,3.316,57.90,192.00,1,0,0
13768,3.316,57.90,192.00,1,0,0
13770,3.316,57.50,190.00,1,0,0
13772,3.316,57.50,190.00,1,0,0
13775,3.316,57.60,192.00,1,0,0
13777,3.316,62.30,206.00,1,0,0
13780,3.316,57.80,192.00,1,0,0
13782,3.316,57.80,192.00,1,0,0
13785,3.316,57.60,192.00,1,0,0
13787,3.316,57.50,190.00,1,0,0
13790,3.316,57.50,192.00,1,0,0
13792,3.316,57.60,192.00,1,0,0
13805,3.316,57.50,190.00,1,0,0
13807,3.316,57.60,192.00,1,0,0
13810,3.316,57.80,192.00,1,0,0
13812,3.320,57.90,192.00,1,0,0
13815,3.320,57.80,192.00,1,0,0
13817,3.316,57.90,192.00,1,0,0
13820,3.320,57.50,190.00,1,0,0
13822,3.316,57.50,190.00,1,0,0
13825,3.316,57.60,192.00,1,0,0
13827,3.320,57.80,195.00,1,0,0
13830,3.316,57.90,192.00,1,0,0
13832,3.316,57.80,192.00,1,0,0
13835,3.316,57.60,192.00,1,0,0
13837,3.316,57.50,190.00,1,0,0
13850,3.316,57.90,192.00,1,0,0
13852,3.316,57.60,192.00,1,0,0
13855,3.316,57.50,190.00,1,0,0
13857,3.316,57.50,190.00,1,0,0
13860,3.316,57.80,192.00,1,0,0
13862,3.316,57.80,192.00,1,0,0
13864,3.316,57.90,192.00,1,0,0
13867,3.316,57.60,192.00,1,0,0
13869,3.316,57.50,190.00,1,0,0
13872,3.320,57.60,190.00,1,0,0
13874,3.316,57.60,192.00,1,0,0
13877,3.316,57.80,190.00,1,0,0
13879,3.316,57.80,192.00,1,0,0
13882,3.316,57.80,192.00,1,0,0
13894,3.320,57.80,192.00,1,0,0
13897,3.316,57.80,192.00,1,0,0
13899,3.316,57.80,190.00,1,0,0
13902,3.316,57.50,190.00,1,0,0
13904,3.316,57.50,190.00,1,0,0
13907,3.316,57.50,192.00,1,0,0
13909,3.320,57.80,192.00,1,0,0
13912,3.316,57.80,192.00,1,0,0
13914,3.316,57.80,192.00,1,0,0
13917,3.316,57.50,190.00,1,0,0
13919,3.316,57.50,190.00,1,0,0
13922,3.316,57.50,190.00,1,0,0
13924,3.316,57.40,192.00,1,0,0
13927,3.320,57.90,190.00,1,0,0
13939,3.316,57.60,192.00,1,0,0
13942,3.316,57.80,192.00,1,0,0
13944,3.316,58.60,192.00,1,0,0
13947,3.320,57.80,192.00,1,0,0
13949,3.316,57.60,192.00,1,0,0
13952,3.316,57.50,190.00,1,0,0
13954,3.316,57.50,190.00,1,0,0
13957,3.316,57.60,192.00,1,0,0
13959,3.316,57.70,192.00,1,0,0
13961,3.316,57.80,192.00,1,0,0
13964,3.316,57.80,192.00,1,0,0
13966,3.316,57.50,190.00,1,0,0
13969,3.316,57.50,190.00,1,0,0
13971,3.316,57.50,190.00,1,0,0
13984,3.316,57.50,190.00,1,0,0
13987,3.316,58.80,195.00,1,0,0
13989,3.316,57.50,190.00,1,0,0
13991,3.316,57.80,192.00,1,0,0
13994,3.316,58.70,195.00,1,0,0
13996,3.316,57.80,192.00,1,0,0
13999,3.320,57.50,192.00,1,0,0
14001,3.316,57.50,190.00,1,0,0
14004,3.316,57.50,190.00,1,0,0
14006,3.316,57.80,192.00,1,0,0
14009,3.320,57.80,192.00,1,0,0
14011,3.316,57.80,192.00,1,0,0
14014,3.316,57.80,192.00,1,0,0
14016,3.320,57.50,190.00,1,0,0
14029,3.296,57.80,192.00,1,0,0
14031,3.316,57.60,192.00,1,0,0
14034,3.316,57.40,190.00,1,0,0
14036,3.316,57.60,192.00,1,0,0
14039,3.320,57.60,192.00,1,0,0
14041,3.316,57.80,192.00,1,0,0
14044,3.316,58.80,195.00,1,0,0
14046,3.316,57.90,192.00,1,0,0
14049,3.320,57.50,192.00,1,0,0
14051,3.316,57.50,190.00,1,0,0
14054,3.316,57.50,190.00,1,0,0
14056,3.316,57.80,192.00,1,0,0
14058,3.316,57.80,192.00,1,0,0
14061,3.316,57.80,192.00,1,0,0
14074,3.316,57.80,192.00,1,0,0
14076,3.316,57.80,202.00,1,0,0
14079,3.300,57.80,192.00,1,0,0
14081,3.316,57.60,192.00,1,0,0
14084,3.316,57.60,192.00,1,0,0
14086,3.316,57.50,190.00,1,0,0
14088,3.316,57.80,192.00,1,0,0
14091,3.316,57.90,192.00,1,0,0
14093,3.316,57.90,195.00,1,0,0
14096,3.320,57.80,192.00,1,0,0
14098,3.316,57.50,190.00,1,0,0
14101,3.316,57.60,190.00,1,0,0
14103,3.316,57.60,192.00,1,0,0
14106,3.320,57.90,192.00,1,0,0
14118,3.316,57.60,192.00,1,0,0
14121,3.316,57.60,192.00,1,0,0
14123,3.316,57.90,192.00,1,0,0
14126,3.316,57.80,192.00,1,0,0
14128,3.300,58.00,192.00,1,0,0
14131,3.316,57.50,190.00,1,0,0
14133,3.316,57.50,190.00,1,0,0
14136,3.316,57.60,192.00,1,0,0
14138,3.316,57.90,192.00,1,0,0
14141,3.316,57.80,192.00,1,0,0
14143,3.316,57.90,192.00,1,0,0
14146,3.316,57.80,192.00,1,0,0
14148,3.316,57.50,190.00,1,0,0
14151,3.316,57.50,190.00,1,0,0
14163,3.316,57.50,190.00,1,0,0
14166,3.316,57.50,190.00,1,0,0
14168,3.316,57.50,190.00,1,0,0
14171,3.316,57.80,192.00,1,0,0
14173,3.316,57.90,192.00,1,0,0
14176,3.316,57.80,192.00,1,0,0
14178,3.300,57.90,192.00,1,0,0
14180,3.316,57.50,190.00,1,0,0
14183,3.316,57.50,190.00,1,0,0
14185,3.316,57.50,190.00,1,0,0
14188,3.316,57.80,192.00,1,0,0
14190,3.316,57.80,192.00,1,0,0
14193,3.316,57.80,192.00,1,0,0
14195,3.316,57.70,192.00,1,0,0
14208,3.316,57.70,192.00,1,0,0
14210,3.320,57.80,192.00,1,0,0
14213,3.320,57.60,192.00,1,0,0
14215,3.320,57.50,190.00,1,0,0
14218,3.316,57.50,192.00,1,0,0
14220,3.316,57.80,192.00,1,0,0
14223,3.316,57.80,192.00,1,0,0
14225,3.316,57.80,192.00,1,0,0
14228,3.316,57.70,192.00,1,0,0
14230,3.316,57.50,190.00,1,0,0
14233,3.320,57.60,190.00,1,0,0
14235,3.316,57.50,190.00,1,0,0
14238,3.316,57.90,192.00,1,0,0
14240,3.316,57.90,192.00,1,0,0
14253,3.316,57.70,192.00,1,0,0
14255,3.316,57.80,192.00,1,0,0
14258,3.316,57.80,192.00,1,0,0
14260,3.316,57.80,192.00,1,0,0
14263,3.316,57.50,190.00,1,0,0
14265,3.316,57.60,192.00,1,0,0
14268,3.316,57.50,190.00,1,0,0
14270,3.316,57.80,192.00,1,0,0
14273,3.316,57.90,192.00,1,0,0
14275,3.316,57.80,192.00,1,0,0
14277,3.316,65.00,190.00,1,0,0
14280,3.316,57.50,190.00,1,0,0
14282,3.316,57.50,192.00,1,0,0
14285,3.316,57.60,192.00,1,0,0
14298,3.316,57.50,190.00,1,0,0
14300,3.316,57.50,190.00,1,0,0
14303,3.316,57.70,192.00,1,0,0
14305,3.316,57.80,192.00,1,0,0
14307,3.320,57.90,192.00,1,0,0
14310,3.316,57.80,192.00,1,0,0
14312,3.316,57.50,190.00,1,0,0
14315,3.316,57.50,190.00,1,0,0
14317,3.316,57.50,190.00,1,0,0
14320,3.316,57.80,192.00,1,0,0
14322,3.316,57.80,192.00,1,0,0
14325,3.316,57.80,192.00,1,0,0
14327,3.316,76.80,254.00,1,0,0
14330,3.316,57.40,190.00,1,0,0
14342,3.316,57.80,192.00,1,0,0
14345,3.316,57.50,190.00,1,0,0
14347,3.316,57.50,190.00,1,0,0
14350,3.316,57.50,190.00,1,0,0
14352,3.316,57.80,192.00,1,0,0
14355,3.316,57.90,192.00,1,0,0
14357,3.316,57.80,192.00,1,0,0
14360,3.316,57.50,190.00,1,0,0
14362,3.316,57.50,190.00,1,0,0
14365,3.316,57.40,190.00,1,0,0
14367,3.316,57.50,192.00,1,0,0
14370,3.316,57.80,192.00,1,0,0
14372,3.316,57.80,192.00,1,0,0
14374,3.316,57.80,192.00,1,0,0
14387,3.320,57.80,192.00,1,0,0
14390,3.316,57.80,192.00,1,0,0
14392,3.320,57.60,192.00,1,0,0
14395,3.316,57.50,190.00,1,0,0
14397,3.316,57.50,190.00,1,0,0
14400,3.316,57.50,190.00,1,0,0
14402,3.316,57.70,192.00,1,0,0
14404,3.316,57.80,192.00,1,0,0
14407,3.316,57.80,192.00,1,0,0
14409,3.316,57.60,190.00,1,0,0
14412,3.316,57.40,190.00,1,0,0
14414,3.316,57.50,190.00,1,0,0
14417,3.316,57.50,190.00,1,0,0
14419,3.316,57.80,192.00,1,0,0
14432,3.316,57.50,190.00,1,0,0
14434,3.316,58.00,192.00,1,0,0
14437,3.316,57.90,192.00,1,0,0
14439,3.316,57.90,192.00,1,0,0
14442,3.316,57.60,192.00,1,0,0
14444,3.316,57.50,190.00,1,0,0
14447,3.316,57.50,192.00,1,0,0
14449,3.316,57.60,192.00,1,0,0
14452,3.316,57.80,192.00,1,0,0
14454,3.316,57.80,192.00,1,0,0
14457,3.316,57.80,192.00,1,0,0
14459,3.316,57.60,192.00,1,0,0
14462,3.316,57.60,190.00,1,0,0
14464,3.316,57.50,190.00,1,0,0
14477,3.320,57.60,306.00,1,0,0
14479,3.316,57.50,190.00,1,0,0
14482,3.316,57.50,190.00,1,0,0
14484,3.320,57.80,192.00,1,0,0
14487,3.316,57.80,192.00,1,0,0
14489,3.316,57.80,192.00,1,0,0
14492,3.316,57.60,190.00,1,0,0
14494,3.316,57.50,190.00,1,0,0
14496,3.316,57.50,190.00,1,0,0
14499,3.316,57.60,192.00,1,0,0
14501,3.316,57.80,192.00,1,0,0
14504,3.316,57.80,192.00,1,0,0
14506,3.316,57.80,192.00,1,0,0
14509,3.316,57.40,190.00,1,0,0
14522,3.316,57.90,192.00,1,0,0
14524,3.316,57.50,190.00,1,0,0
14526,3.316,57.50,306.00,1,0,0
14529,3.316,57.40,190.00,1,0,0
14531,3.316,57.40,190.00,1,0,0
14534,3.316,57.80,192.00,1,0,0
14536,3.316,57.90,192.00,1,0,0
14539,3.316,57.90,192.00,1,0,0
14541,3.316,57.50,190.00,1,0,0
14544,3.316,57.50,192.00,1,0,0
14546,3.316,57.50,190.00,1,0,0
14549,3.316,57.80,192.00,1,0,0
14551,3.316,57.80,192.00,1,0,0
14554,3.316,57.80,192.00,1,0,0
14571,3.316,57.80,192.00,1,0,0
14574,3.316,57.50,190.00,1,0,0
14576,3.316,57.50,190.00,1,0,0
14579,3.316,57.50,190.00,1,0,0
14581,3.316,57.50,192.00,1,0,0
14584,3.316,57.90,192.00,1,0,0
14586,3.316,57.90,192.00,1,0,0
14588,3.316,57.90,192.00,1,0,0
14591,3.316,57.50,190.00,1,0,0
14593,3.316,57.60,192.00,1,0,0
14596,3.316,57.50,190.00,1,0,0
14598,3.316,57.80,192.00,1,0,0
14601,3.320,57.90,192.00,1,0,0
14603,3.316,57.80,192.00,1,0,0
14616,3.316,57.90,192.00,1,0,0
14618,3.316,57.90,192.00,1,0,0
14621,3.320,57.90,192.00,1,0,0
14623,3.316,57.60,190.00,1,0,0
14626,3.316,57.50,190.00,1,0,0
14628,3.312,57.50,190.00,1,0,0
14631,3.320,57.80,192.00,1,0,0
14633,3.316,57.80,192.00,1,0,0
14636,3.316,57.80,192.00,1,0,0
14638,3.316,57.80,192.00,1,0,0
14641,3.316,57.60,192.00,1,0,0
14643,3.316,57.50,190.00,1,0,0
14646,3.316,57.50,190.00,1,0,0
14648,3.316,57.80,192.00,1,0,0
14661,3.316,57.50,190.00,1,0,0
14663,3.316,57.80,192.00,1,0,0
14666,3.316,57.80,192.00,1,0,0
14668,3.316,57.90,192.00,1,0,0
14671,3.316,57.80,192.00,1,0,0
14673,3.316,57.50,190.00,1,0,0
14676,3.316,57.60,190.00,1,0,0
14678,3.312,57.50,190.00,1,0,0
14681,3.316,57.80,192.00,1,0,0
14683,3.316,57.80,192.00,1,0,0
14685,3.316,57.80,192.00,1,0,0
14688,3.316,57.70,192.00,1,0,0
14690,3.316,57.50,192.00,1,0,0
14693,3.320,57.40,190.00,1,0,0
14706,3.316,57.60,190.00,1,0,0
14708,3.316,57.50,190.00,1,0,0
14711,3.316,57.50,192.00,1,0,0
14713,3.316,57.70,192.00,1,0,0
14715,3.320,57.90,192.00,1,0,0
14718,3.316,57.80,192.00,1,0,0
14720,3.320,57.80,192.00,1,0,0
14723,3.316,57.60,192.00,1,0,0
14725,3.316,57.60,192.00,1,0,0
14728,3.312,85.70,190.00,1,0,0
14730,3.316,57.80,192.00,1,0,0
14733,3.316,57.80,192.00,1,0,0
14735,3.316,57.80,192.00,1,0,0
14738,3.316,57.50,190.00,1,0,0
14750,3.320,57.80,192.00,1,0,0
14753,3.316,57.80,192.00,1,0,0
14755,3.316,57.50,190.00,1,0,0
14758,3.316,57.50,190.00,1,0,0
14760,3.316,57.50,190.00,1,0,0
14763,3.320,57.80,192.00,1,0,0
14765,3.316,57.90,192.00,1,0,0
14768,3.316,57.80,192.00,1,0,0
14770,3.316,57.80,192.00,1,0,0
14773,3.316,57.60,192.00,1,0,0
14775,3.320,57.40,190.00,1,0,0
14778,3.312,85.70,283.00,1,0,0
14780,3.316,57.80,192.00,1,0,0
14782,3.316,57.80,192.00,1,0,0
14795,3.320,57.60,192.00,1,0,0
14798,3.316,57.90,192.00,1,0,0
14800,3.316,57.80,192.00,1,0,0
14803,3.316,57.90,192.00,1,0,0
14805,3.316,57.50,190.00,1,0,0
14808,3.316,57.60,192.00,1,0,0
14810,3.316,57.50,192.00,1,0,0
14812,3.316,58.00,192.00,1,0,0
14815,3.316,57.90,192.00,1,0,0
14817,3.316,57.80,192.00,1,0,0
14820,3.316,57.60,192.00,1,0,0
14822,3.316,57.50,192.00,1,0,0
14825,3.316,57.50,190.00,1,0,0
14827,3.316,85.00,282.00,1,0,0
14840,3.316,57.60,192.00,1,0,0
14842,3.316,57.50,192.00,1,0,0
14845,3.316,58.50,192.00,1,0,0
14847,3.316,57.80,192.00,1,0,0
14850,3.316,57.80,192.00,1,0,0
14852,3.320,57.90,192.00,1,0,0
14855,3.316,57.50,192.00,1,0,0
14857,3.316,57.50,190.00,1,0,0
14860,3.316,57.50,190.00,1,0,0
14862,3.316,57.80,192.00,1,0,0
14865,3.316,57.90,192.00,1,0,0
14867,3.316,57.90,192.00,1,0,0
14870,3.320,57.50,192.00,1,0,0
14872,3.320,57.60,192.00,1,0,0
14885,3.316,57.90,192.00,1,0,0
14887,3.316,57.60,192.00,1,0,0
14890,3.316,57.50,192.00,1,0,0
14892,3.320,57.50,190.00,1,0,0
14895,3.316,58.70,195.00,1,0,0
14897,3.316,57.90,192.00,1,0,0
14900,3.316,57.80,192.00,1,0,0
14902,3.316,57.50,190.00,1,0,0
14904,3.316,57.50,192.00,1,0,0
14907,3.316,57.60,192.00,1,0,0
14909,3.320,57.60,192.00,1,0,0
14912,3.316,57.90,192.00,1,0,0
14914,3.316,57.90,192.00,1,0,0
14917,3.316,57.80,192.00,1,0,0
14930,3.316,57.80,192.00,1,0,0
14932,3.316,57.90,192.00,1,0,0
14934,3.316,57.80,192.00,1,0,0
14937,3.320,57.50,190.00,1,0,0
14939,3.316,57.50,190.00,1,0,0
14942,3.316,57.60,192.00,1,0,0
14944,3.316,58.60,195.00,1,0,0
14947,3.316,57.80,192.00,1,0,0
14949,3.316,57.80,192.00,1,0,0
14952,3.316,57.40,190.00,1,0,0
14954,3.316,57.60,192.00,1,0,0
14957,3.316,57.50,192.00,1,0,0
14959,3.316,57.80,192.00,1,0,0
14962,3.316,57.80,192.00,1,0,0
14974,3.316,57.50,190.00,1,0,0
14977,3.316,57.80,190.00,1,0,0
14979,3.316,57.80,192.00,1,0,0
14982,3.316,57.90,192.00,1,0,0
14984,3.316,57.60,192.00,1,0,0
14987,3.316,58.20,192.00,1,0,0
14989,3.316,57.60,192.00,1,0,0
14992,3.316,57.50,190.00,1,0,0
14994,3.316,57.80,195.00,1,0,0
14997,3.316,57.80,192.00,1,0,0
14999,3.316,57.90,192.00,1,0,0
15002,3.316,57.50,192.00,1,0,0
15004,3.316,57.50,190.00,1,0,0
15006,3.316,57.50,190.00,1,0,0
15019,3.316,57.50,190.00,1,0,0
15022,3.316,57.40,190.00,1,0,0
15024,3.316,57.50,192.00,1,0,0
15027,3.316,57.80,190.00,1,0,0
15029,3.316,57.80,192.00,1,0,0
15031,3.316,57.80,192.00,1,0,0
15034,3.316,57.60,192.00,1,0,0
15036,3.316,57.50,190.00,1,0,0
15039,3.316,57.50,192.00,1,0,0
15041,3.316,57.80,192.00,1,0,0
15044,3.316,57.80,192.00,1,0,0
15046,3.316,57.90,192.00,1,0,0
15049,3.316,57.90,192.00,1,0,0
15051,3.316,57.60,192.00,1,0,0
15064,3.316,57.80,192.00,1,0,0
15066,3.316,57.60,190.00,1,0,0
15069,3.316,57.50,190.00,1,0,0
15071,3.316,57.50,190.00,1,0,0
15074,3.316,57.50,192.00,1,0,0
15076,3.316,57.90,190.00,1,0,0
15079,3.296,57.80,192.00,1,0,0
15081,3.316,57.70,192.00,1,0,0
15084,3.316,57.50,190.00,1,0,0
15086,3.316,57.50,190.00,1,0,0
15089,3.320,57.50,190.00,1,0,0
15091,3.316,57.70,192.00,1,0,0
15094,3.316,57.80,192.00,1,0,0
15096,3.316,57.80,192.00,1,0,0
15109,3.316,57.90,192.00,1,0,0
15111,3.316,57.80,192.00,1,0,0
15114,3.316,57.90,192.00,1,0,0
15116,3.316,57.50,190.00,1,0,0
15119,3.316,57.50,190.00,1,0,0
15121,3.316,57.60,192.00,1,0,0
15124,3.316,57.80,192.00,1,0,0
15126,3.316,57.80,192.00,1,0,0
15128,3.296,57.90,192.00,1,0,0
15131,3.316,57.90,192.00,1,0,0
15133,3.316,57.40,190.00,1,0,0
15136,3.316,57.60,190.00,1,0,0
15138,3.316,57.60,192.00,1,0,0
15141,3.320,57.80,192.00,1,0,0
15153,3.316,57.60,192.00,1,0,0
15156,3.316,57.50,192.00,1,0,0
15158,3.320,57.80,192.00,1,0,0
15161,3.316,57.80,192.00,1,0,0
15163,3.316,57.80,192.00,1,0,0
15166,3.316,57.60,192.00,1,0,0
15168,3.316,57.60,192.00,1,0,0
15171,3.316,57.60,190.00,1,0,0
15173,3.316,57.80,192.00,1,0,0
15176,3.316,57.80,192.00,1,0,0
15178,3.296,58.00,192.00,1,0,0
15181,3.316,57.60,192.00,1,0,0
15183,3.316,57.50,190.00,1,0,0
15186,3.316,57.60,192.00,1,0,0
15198,3.316,57.50,190.00,1,0,0
15201,3.316,57.50,190.00,1,0,0
15203,3.312,57.60,192.00,1,0,0
15206,3.316,57.80,192.00,1,0,0
15208,3.316,57.80,192.00,1,0,0
15211,3.316,57.90,192.00,1,0,0
15213,3.316,57.80,192.00,1,0,0
15216,3.316,57.60,190.00,1,0,0
15218,3.316,57.60,192.00,1,0,0
15220,3.316,57.60,192.00,1,0,0
15223,3.316,57.90,192.00,1,0,0
15225,3.316,57.90,192.00,1,0,0
15228,3.296,57.80,192.00,1,0,0
15230,3.320,57.80,190.00,1,0,0
15243,3.316,57.80,192.00,1,0,0
15246,3.320,58.60,192.00,1,0,0
15248,3.316,57.50,190.00,1,0,0
15250,3.316,57.60,192.00,1,0,0
15253,3.316,57.50,190.00,1,0,0
15255,3.316,57.80,192.00,1,0,0
15258,3.316,57.90,192.00,1,0,0
15260,3.316,57.80,192.00,1,0,0
15263,3.316,57.70,192.00,1,0,0
15265,3.316,57.50,190.00,1,0,0
15268,3.316,57.50,190.00,1,0,0
15270,3.320,57.50,190.00,1,0,0
15273,3.316,57.80,192.00,1,0,0
15275,3.316,57.80,192.00,1,0,0
15288,3.316,57.70,192.00,1,0,0
15290,3.320,57.90,192.00,1,0,0
15293,3.320,57.80,192.00,1,0,0
15295,3.316,58.60,192.00,1,0,0
15298,3.316,57.50,190.00,1,0,0
15300,3.316,57.50,190.00,1,0,0
15303,3.316,57.50,190.00,1,0,0
15305,3.316,57.80,192.00,1,0,0
15308,3.320,57.90,192.00,1,0,0
15310,3.316,57.80,192.00,1,0,0
15313,3.316,57.80,192.00,1,0,0
15315,3.316,57.60,192.00,1,0,0
15317,3.316,57.50,190.00,1,0,0
15320,3.316,57.60,192.00,1,0,0
15333,3.316,57.50,190.00,1,0,0
15335,3.316,57.50,190.00,1,0,0
15338,3.316,57.90,192.00,1,0,0
15340,3.316,57.80,192.00,1,0,0
15343,3.316,57.80,192.00,1,0,0
15345,3.316,58.60,195.00,1,0,0
15347,3.316,57.50,190.00,1,0,0
15350,3.316,57.50,190.00,1,0,0
15352,3.316,57.50,190.00,1,0,0
15355,3.316,57.80,192.00,1,0,0
15357,3.316,57.90,192.00,1,0,0
15360,3.316,57.90,192.00,1,0,0
15362,3.316,57.60,192.00,1,0,0
15365,3.316,57.50,190.00,1,0,0
15377,3.316,64.30,192.00,1,0,0
15380,3.316,57.50,190.00,1,0,0
15382,3.316,57.50,190.00,1,0,0
15385,3.316,57.50,190.00,1,0,0
15387,3.316,57.80,192.00,1,0,0
15390,3.316,57.90,192.00,1,0,0
15392,3.316,57.90,192.00,1,0,0
15395,3.316,57.70,192.00,1,0,0
15397,3.316,57.60,192.00,1,0,0
15400,3.316,57.50,190.00,1,0,0
15402,3.316,57.70,192.00,1,0,0
15405,3.316,57.80,192.00,1,0,0
15407,3.316,57.70,192.00,1,0,0
15410,3.316,57.80,192.00,1,0,0
15422,3.316,57.90,192.00,1,0,0
15425,3.316,57.80,192.00,1,0,0
15427,3.316,65.40,216.00,1,0,0
15430,3.316,57.50,190.00,1,0,0
15432,3.316,57.50,190.00,1,0,0
15435,3.316,57.50,190.00,1,0,0
15437,3.316,57.80,192.00,1,0,0
15439,3.316,57.80,192.00,1,0,0
15442,3.316,57.80,192.00,1,0,0
15444,3.320,57.60,192.00,1,0,0
15447,3.316,57.50,190.00,1,0,0
15449,3.316,57.50,190.00,1,0,0
15452,3.316,57.60,192.00,1,0,0
15454,3.316,57.90,192.00,1,0,0
15467,3.316,57.50,190.00,1,0,0
15469,3.316,57.80,192.00,1,0,0
15472,3.316,57.70,192.00,1,0,0
15474,3.316,57.80,192.00,1,0,0
15477,3.316,76.90,254.00,1,0,0
15479,3.316,57.40,190.00,1,0,0
15482,3.316,57.50,190.00,1,0,0
15484,3.316,57.50,192.00,1,0,0
15487,3.316,57.80,192.00,1,0,0
15489,3.316,57.70,192.00,1,0,0
15492,3.320,57.80,192.00,1,0,0
15494,3.316,57.50,190.00,1,0,0
15497,3.316,57.40,190.00,1,0,0
15499,3.316,57.50,190.00,1,0,0
15512,3.316,57.50,190.00,1,0,0
15514,3.316,57.50,190.00,1,0,0
15517,3.316,57.50,190.00,1,0,0
15519,3.316,57.90,192.00,1,0,0
15522,3.316,57.80,192.00,1,0,0
15524,3.316,57.80,192.00,1,0,0
15527,3.316,57.60,292.00,1,0,0
15529,3.316,57.40,190.00,1,0,0
15532,3.316,57.40,190.00,1,0,0
15534,3.316,57.50,192.00,1,0,0
15537,3.316,57.80,192.00,1,0,0
15539,3.316,57.80,192.00,1,0,0
15541,3.316,57.80,192.00,1,0,0
15544,3.316,57.50,190.00,1,0,0
15557,3.316,57.80,192.00,1,0,0
15559,3.316,57.50,190.00,1,0,0
15562,3.316,57.50,190.00,1,0,0
15564,3.316,57.50,190.00,1,0,0
15566,3.316,57.50,190.00,1,0,0
15569,3.316,57.80,192.00,1,0,0
15571,3.316,57.80,192.00,1,0,0
15574,3.316,57.80,192.00,1,0,0
15576,3.316,57.50,190.00,1,0,0
15579,3.316,57.50,190.00,1,0,0
15581,3.316,57.60,192.00,1,0,0
15584,3.316,57.80,192.00,1,0,0
15586,3.316,57.90,192.00,1,0,0
15589,3.316,57.90,192.00,1,0,0
15601,3.316,57.80,192.00,1,0,0
15604,3.320,57.90,192.00,1,0,0
15606,3.316,57.80,192.00,1,0,0
15609,3.316,57.50,190.00,1,0,0
15611,3.316,57.50,190.00,1,0,0
15614,3.316,57.60,192.00,1,0,0
15616,3.320,57.80,192.00,1,0,0
15619,3.316,57.80,192.00,1,0,0
15621,3.316,57.90,192.00,1,0,0
15624,3.316,57.90,192.00,1,0,0
15626,3.316,57.50,190.00,1,0,0
15629,3.320,57.50,190.00,1,0,0
15631,3.316,57.60,190.00,1,0,0
15633,3.316,57.80,192.00,1,0,0
15646,3.316,57.50,190.00,1,0,0
15649,3.316,57.60,192.00,1,0,0
15651,3.316,57.90,192.00,1,0,0
15654,3.320,57.90,192.00,1,0,0
15656,3.316,57.90,192.00,1,0,0
15659,3.316,57.50,192.00,1,0,0
15661,3.320,57.50,190.00,1,0,0
15663,3.316,57.50,190.00,1,0,0
15666,3.316,57.70,192.00,1,0,0
15668,3.316,57.90,192.00,1,0,0
15671,3.316,57.90,192.00,1,0,0
15673,3.316,57.80,192.00,1,0,0
15676,3.316,57.50,190.00,1,0,0
15678,3.316,57.50,190.00,1,0,0
15691,3.316,57.50,190.00,1,0,0
15693,3.316,57.60,192.00,1,0,0
15696,3.316,57.50,190.00,1,0,0
15698,3.316,57.80,192.00,1,0,0
15701,3.316,57.90,192.00,1,0,0
15703,3.316,57.90,192.00,1,0,0
15706,3.316,57.80,192.00,1,0,0
15708,3.316,57.50,190.00,1,0,0
15711,3.316,57.50,192.00,1,0,0
15713,3.316,57.50,190.00,1,0,0
15716,3.320,57.90,192.00,1,0,0
15718,3.316,57.80,192.00,1,0,0
15721,3.316,57.80,192.00,1,0,0
15723,3.316,57.70,192.00,1,0,0
15736,3.316,57.90,192.00,1,0,0
15738,3.320,57.90,192.00,1,0,0
15741,3.316,57.60,190.00,1,0,0
15743,3.316,57.40,190.00,1,0,0
15746,3.312,57.50,190.00,1,0,0
15748,3.316,57.70,192.00,1,0,0
15751,3.316,57.90,192.00,1,0,0
15753,3.316,57.80,192.00,1,0,0
15756,3.316,57.80,192.00,1,0,0
15758,3.316,57.60,192.00,1,0,0
15760,3.316,57.60,192.00,1,0,0
15763,3.316,57.60,192.00,1,0,0
15765,3.316,57.80,192.00,1,0,0
15768,3.316,57.90,192.00,1,0,0
15781,3.316,57.70,192.00,1,0,0
15783,3.316,57.90,192.00,1,0,0
15785,3.316,57.90,192.00,1,0,0
15788,3.316,57.90,192.00,1,0,0
15790,3.316,57.60,190.00,1,0,0
15793,3.316,57.50,190.00,1,0,0
15795,3.316,57.60,192.00,1,0,0
15798,3.316,57.90,192.00,1,0,0
15800,3.316,57.90,192.00,1,0,0
15803,3.316,57.80,192.00,1,0,0
15805,3.316,57.80,192.00,1,0,0
15808,3.316,57.50,192.00,1,0,0
15810,3.316,57.50,190.00,1,0,0
15813,3.316,57.60,192.00,1,0,0
15825,3.316,57.50,190.00,1,0,0
15828,3.312,86.60,190.00,1,0,0
15830,3.316,57.80,192.00,1,0,0
15833,3.316,57.80,192.00,1,0,0
15835,3.316,57.90,192.00,1,0,0
15838,3.316,57.70,192.00,1,0,0
15840,3.316,57.50,190.00,1,0,0
15843,3.316,57.50,190.00,1,0,0
15845,3.316,57.50,190.00,1,0,0
15848,3.316,57.70,192.00,1,0,0
15850,3.316,57.80,192.00,1,0,0
15852,3.316,57.80,192.00,1,0,0
15855,3.316,57.50,190.00,1,0,0
15857,3.316,57.50,190.00,1,0,0
15870,3.316,57.80,192.00,1,0,0
15873,3.316,57.60,190.00,1,0,0
15875,3.316,57.50,190.00,1,0,0
15878,3.312,85.20,282.00,1,0,0
15880,3.316,57.80,192.00,1,0,0
15882,3.316,57.90,192.00,1,0,0
15885,3.316,57.80,192.00,1,0,0
15887,3.316,57.90,190.00,1,0,0
15890,3.316,57.60,192.00,1,0,0
15892,3.316,57.50,190.00,1,0,0
15895,3.316,57.60,192.00,1,0,0
15897,3.316,57.90,192.00,1,0,0
15900,3.316,57.80,192.00,1,0,0
15902,3.316,57.90,192.00,1,0,0
15915,3.316,57.80,192.00,1,0,0
15917,3.316,57.80,192.00,1,0,0
15920,3.316,57.90,192.00,1,0,0
15922,3.316,57.50,190.00,1,0,0
15925,3.316,57.60,192.00,1,0,0
15927,3.316,85.90,285.00,1,0,0
15930,3.316,57.70,192.00,1,0,0
15932,3.316,57.80,192.00,1,0,0
15935,3.316,57.80,192.00,1,0,0
15937,3.316,57.50,190.00,1,0,0
15940,3.316,57.50,190.00,1,0,0
15942,3.316,57.50,190.00,1,0,0
15945,3.316,57.50,190.00,1,0,0
15947,3.320,57.80,192.00,1,0,0
15960,3.316,57.50,190.00,1,0,0
15962,3.316,57.80,192.00,1,0,0
15965,3.316,57.80,192.00,1,0,0
15967,3.316,57.80,192.00,1,0,0
15970,3.316,57.80,190.00,1,0,0
15972,3.316,57.40,190.00,1,0,0
15975,3.316,57.50,190.00,1,0,0
15977,3.316,57.40,282.00,1,0,0
15979,3.316,57.80,192.00,1,0,0
15982,3.316,57.80,192.00,1,0,0
15984,3.316,57.80,192.00,1,0,0
15987,3.316,57.60,192.00,1,0,0
15989,3.316,57.60,192.00,1,0,0
15992,3.316,57.50,190.00,1,0,0
16004,3.316,57.50,192.00,1,0,0
16007,3.316,57.60,192.00,1,0,0
16009,3.316,57.60,192.00,1,0,0
16012,3.316,57.90,192.00,1,0,0
16014,3.316,57.90,192.00,1,0,0
16017,3.320,57.80,192.00,1,0,0
16019,3.316,57.60,192.00,1,0,0
16022,3.316,57.60,192.00,1,0,0
16024,3.316,57.50,190.00,1,0,0
16027,3.316,57.50,190.00,1,0,0
16029,3.316,57.90,192.00,1,0,0
16032,3.316,57.80,192.00,1,0,0
16034,3.316,57.90,192.00,1,0,0
16037,3.316,57.50,190.00,1,0,0
16049,3.316,57.90,192.00,1,0,0
16052,3.316,57.60,192.00,1,0,0
16054,3.316,57.50,190.00,1,0,0
16057,3.316,57.60,190.00,1,0,0
16059,3.316,57.60,192.00,1,0,0
16062,3.316,57.80,192.00,1,0,0
16064,3.316,57.80,192.00,1,0,0
16067,3.316,57.90,192.00,1,0,0
16069,3.316,57.50,190.00,1,0,0
16072,3.316,57.50,190.00,1,0,0
16074,3.316,57.50,192.00,1,0,0
16076,3.316,57.90,192.00,1,0,0
16079,3.316,57.80,192.00,1,0,0
16081,3.316,57.80,192.00,1,0,0
16094,3.316,57.80,195.00,1,0,0
16097,3.316,57.80,192.00,1,0,0
16099,3.316,57.90,192.00,1,0,0
16101,3.316,57.50,192.00,1,0,0
16104,3.316,57.50,190.00,1,0,0
16106,3.316,57.50,190.00,1,0,0
16109,3.316,57.50,192.00,1,0,0
16111,3.316,57.80,192.00,1,0,0
16114,3.316,57.80,192.00,1,0,0
16116,3.316,57.90,192.00,1,0,0
16119,3.320,57.50,190.00,1,0,0
16121,3.316,57.50,190.00,1,0,0
16124,3.316,57.50,190.00,1,0,0
16126,3.316,57.80,190.00,1,0,0
16139,3.316,57.50,190.00,1,0,0
16141,3.316,57.50,190.00,1,0,0
16144,3.316,57.80,192.00,1,0,0
16146,3.316,57.80,192.00,1,0,0
16149,3.316,57.80,192.00,1,0,0
16151,3.316,57.40,190.00,1,0,0
16154,3.316,57.60,190.00,1,0,0
16156,3.316,57.50,190.00,1,0,0
16159,3.316,57.80,192.00,1,0,0
16161,3.316,57.80,192.00,1,0,0
16164,3.316,57.80,192.00,1,0,0
16166,3.316,57.80,192.00,1,0,0
16169,3.316,57.50,190.00,1,0,0
16171,3.316,57.50,190.00,1,0,0
16184,3.316,57.60,190.00,1,0,0
16186,3.316,57.50,190.00,1,0,0
16189,3.316,57.60,192.00,1,0,0
16191,3.316,57.50,192.00,1,0,0
16194,3.316,57.80,192.00,1,0,0
16196,3.316,57.80,192.00,1,0,0
16198,3.316,57.70,192.00,1,0,0
16201,3.316,57.50,190.00,1,0,0
16203,3.316,57.50,190.00,1,0,0
16206,3.316,57.50,190.00,1,0,0
16208,3.316,57.70,192.00,1,0,0
16211,3.316,57.80,192.00,1,0,0
16213,3.316,57.80,192.00,1,0,0
16216,3.316,57.60,192.00,1,0,0
16228,3.296,57.80,192.00,1,0,0
16231,3.316,57.80,192.00,1,0,0
16233,3.316,57.40,190.00,1,0,0
16236,3.316,57.50,190.00,1,0,0
16238,3.316,57.50,190.00,1,0,0
16241,3.316,57.80,192.00,1,0,0
16243,3.320,57.80,192.00,1,0,0
16246,3.316,57.80,192.00,1,0,0
16248,3.316,57.90,192.00,1,0,0
16251,3.316,57.50,192.00,1,0,0
16253,3.316,57.50,190.00,1,0,0
16256,3.316,57.50,190.00,1,0,0
16258,3.316,57.80,192.00,1,0,0
16261,3.316,57.80,192.00,1,0,0
16273,3.316,57.70,192.00,1,0,0
16276,3.316,57.80,192.00,1,0,0
16278,3.296,57.90,192.00,1,0,0
16281,3.316,57.80,192.00,1,0,0
16283,3.316,57.50,190.00,1,0,0
16286,3.316,57.50,190.00,1,0,0
16288,3.316,57.60,190.00,1,0,0
16291,3.316,57.80,192.00,1,0,0
16293,3.316,57.80,192.00,1,0,0
16295,3.316,58.70,192.00,1,0,0
16298,3.316,57.60,192.00,1,0,0
16300,3.316,57.50,190.00,1,0,0
16303,3.316,57.40,190.00,1,0,0
16305,3.316,57.40,190.00,1,0,0
16318,3.316,57.50,190.00,1,0,0
16320,3.316,57.50,190.00,1,0,0
16323,3.316,57.60,192.00,1,0,0
16325,3.316,57.80,192.00,1,0,0
16328,3.296,57.90,192.00,1,0,0
16330,3.316,57.80,192.00,1,0,0
16333,3.320,57.50,190.00,1,0,0
16335,3.316,57.50,190.00,1,0,0
16338,3.316,57.50,190.00,1,0,0
16340,3.316,57.80,192.00,1,0,0
16343,3.316,57.80,192.00,1,0,0
16345,3.316,58.60,195.00,1,0,0
16348,3.316,57.80,190.00,1,0,0
16350,3.316,57.50,190.00,1,0,0
16363,3.316,57.80,192.00,1,0,0
16365,3.316,57.50,190.00,1,0,0
16368,3.316,57.50,190.00,1,0,0
16370,3.316,57.50,190.00,1,0,0
16373,3.316,57.80,192.00,1,0,0
16375,3.316,57.80,192.00,1,0,0
16378,3.316,57.90,192.00,1,0,0
16380,3.316,57.80,192.00,1,0,0
16383,3.316,57.50,190.00,1,0,0
16385,3.316,57.60,192.00,1,0,0
16387,3.316,57.50,190.00,1,0,0
16390,3.320,57.80,192.00,1,0,0
16392,3.316,57.70,192.00,1,0,0
16395,3.316,57.60,192.00,1,0,0
16408,3.316,57.80,192.00,1,0,0
16410,3.316,57.90,192.00,1,0,0
16413,3.316,57.80,192.00,1,0,0
16415,3.316,57.50,190.00,1,0,0
16417,3.316,57.50,190.00,1,0,0
16420,3.316,57.50,190.00,1,0,0
16422,3.316,57.90,192.00,1,0,0
16425,3.316,57.80,192.00,1,0,0
16427,3.316,64.00,192.00,1,0,0
16430,3.320,57.50,190.00,1,0,0
16432,3.316,57.50,190.00,1,0,0
16435,3.316,57.50,190.00,1,0,0
16437,3.316,57.70,192.00,1,0,0
16440,3.320,57.80,192.00,1,0,0
16452,3.316,57.50,190.00,1,0,0
16455,3.316,57.80,192.00,1,0,0
16457,3.316,57.80,192.00,1,0,0
16460,3.316,57.90,192.00,1,0,0
16462,3.316,57.90,192.00,1,0,0
16465,3.316,57.50,190.00,1,0,0
16467,3.316,57.50,190.00,1,0,0
16470,3.316,57.50,190.00,1,0,0
16472,3.316,57.80,192.00,1,0,0
16475,3.316,57.70,192.00,1,0,0
16477,3.316,64.20,211.00,1,0,0
16480,3.316,57.50,190.00,1,0,0
16482,3.316,57.50,190.00,1,0,0
16484,3.316,57.40,190.00,1,0,0
16497,3.316,57.40,190.00,1,0,0
16500,3.316,57.40,190.00,1,0,0
16502,3.316,57.60,192.00,1,0,0
16505,3.316,57.80,192.00,1,0,0
16507,3.316,57.70,192.00,1,0,0
16510,3.316,57.80,192.00,1,0,0
16512,3.316,57.50,190.00,1,0,0
16514,3.316,57.50,190.00,1,0,0
16517,3.316,57.50,190.00,1,0,0
16519,3.316,57.60,192.00,1,0,0
16522,3.316,57.80,192.00,1,0,0
16524,3.316,57.80,192.00,1,0,0
16527,3.316,64.20,211.00,1,0,0
16529,3.316,57.50,190.00,1,0,0
16542,3.316,57.80,192.00,1,0,0
16544,3.316,57.80,190.00,1,0,0
16547,3.316,57.50,190.00,1,0,0
16549,3.316,57.50,190.00,1,0,0
16552,3.316,57.50,192.00,1,0,0
16554,3.316,57.80,192.00,1,0,0
16557,3.316,57.80,192.00,1,0,0
16559,3.316,57.90,192.00,1,0,0
16562,3.316,57.60,192.00,1,0,0
16564,3.316,57.50,190.00,1,0,0
16571,3.316,57.80,192.00,1,0,0
16574,3.316,57.80,192.00,1,0,0
16576,3.316,57.80,192.00,1,0,0
16579,3.304,57.40,190.00,1,0,0
16581,3.316,57.50,190.00,1,0,0
16584,3.316,57.50,190.00,1,0,0
16586,3.316,57.80,192.00,1,0,0
16588,3.316,57.90,192.00,1,0,0
16591,3.316,57.80,192.00,1,0,0
16593,3.316,57.70,190.00,1,0,0
16596,3.316,57.50,190.00,1,0,0
16609,3.316,57.90,192.00,1,0,0
16611,3.316,57.60,192.00,1,0,0
16613,3.316,57.50,190.00,1,0,0
16616,3.316,57.40,190.00,1,0,0
16618,3.316,57.80,192.00,1,0,0
16621,3.316,57.80,192.00,1,0,0
16623,3.316,57.70,192.00,1,0,0
16626,3.316,57.70,192.00,1,0,0
16628,3.312,57.50,190.00,1,0,0
16631,3.316,57.50,192.00,1,0,0
16633,3.316,57.50,190.00,1,0,0
16636,3.316,57.80,192.00,1,0,0
16638,3.316,57.90,192.00,1,0,0
16641,3.316,57.80,192.00,1,0,0
16653,3.320,57.80,192.00,1,0,0
16656,3.316,57.80,192.00,1,0,0
16658,3.316,57.90,192.00,1,0,0
16661,3.316,57.40,190.00,1,0,0
16663,3.320,57.50,190.00,1,0,0
16666,3.316,57.40,190.00,1,0,0
16668,3.316,57.70,192.00,1,0,0
16671,3.316,57.80,192.00,1,0,0
16673,3.316,57.80,192.00,1,0,0
16676,3.320,57.80,192.00,1,0,0
16678,3.316,57.50,190.00,1,0,0
16681,3.316,57.50,190.00,1,0,0
16683,3.316,57.50,190.00,1,0,0
16685,3.316,57.80,192.00,1,0,0
16698,3.316,57.50,190.00,1,0,0
16701,3.316,57.80,192.00,1,0,0
16703,3.316,57.80,192.00,1,0,0
16706,3.316,57.80,192.00,1,0,0
16708,3.316,57.90,192.00,1,0,0
16710,3.316,57.50,190.00,1,0,0
16713,3.316,57.50,190.00,1,0,0
16715,3.316,57.40,190.00,1,0,0
16718,3.316,57.90,192.00,1,0,0
16720,3.316,57.80,192.00,1,0,0
16723,3.316,57.80,192.00,1,0,0
16725,3.316,57.70,192.00,1,0,0
16728,3.316,91.30,190.00,1,0,0
16730,3.316,57.50,192.00,1,0,0
16743,3.316,57.50,190.00,1,0,0
16745,3.316,57.50,192.00,1,0,0
16748,3.316,57.40,190.00,1,0,0
16750,3.316,57.80,192.00,1,0,0
16753,3.316,57.90,192.00,1,0,0
16755,3.316,57.90,192.00,1,0,0
16758,3.316,57.60,192.00,1,0,0
16760,3.316,57.50,190.00,1,0,0
16763,3.316,57.50,190.00,1,0,0
16765,3.316,57.50,190.00,1,0,0
16768,3.316,57.80,192.00,1,0,0
16770,3.316,57.80,192.00,1,0,0
16773,3.316,57.80,192.00,1,0,0
16775,3.316,57.50,190.00,1,0,0
16788,3.320,57.80,192.00,1,0,0
16790,3.316,57.90,192.00,1,0,0
16793,3.316,57.50,190.00,1,0,0
16795,3.316,57.40,190.00,1,0,0
16798,3.316,57.50,190.00,1,0,0
16800,3.316,57.80,192.00,1,0,0
16803,3.316,57.80,192.00,1,0,0
16805,3.316,57.80,192.00,1,0,0
16807,3.316,57.80,190.00,1,0,0
16810,3.316,57.50,190.00,1,0,0
16812,3.316,57.50,190.00,1,0,0
16815,3.316,57.40,192.00,1,0,0
16817,3.316,57.80,192.00,1,0,0
16820,3.316,57.70,192.00,1,0,0
16832,3.316,57.70,192.00,1,0,0
16835,3.320,57.80,192.00,1,0,0
16837,3.316,57.80,192.00,1,0,0
16840,3.316,57.70,192.00,1,0,0
16842,3.316,57.50,190.00,1,0,0
16845,3.316,57.50,192.00,1,0,0
16847,3.316,57.50,190.00,1,0,0
16850,3.316,57.70,192.00,1,0,0
16852,3.316,57.80,192.00,1,0,0
16855,3.316,57.80,192.00,1,0,0
16857,3.316,57.50,190.00,1,0,0
16860,3.316,57.50,190.00,1,0,0
16862,3.316,57.50,190.00,1,0,0
16865,3.316,57.60,192.00,1,0,0
16877,3.316,91.20,303.00,1,0,0
16880,3.316,57.40,190.00,1,0,0
16882,3.316,57.80,192.00,1,0,0
16885,3.316,57.80,192.00,1,0,0
16887,3.316,57.80,192.00,1,0,0
16890,3.316,57.80,190.00,1,0,0
16892,3.316,57.50,190.00,1,0,0
16895,3.320,57.50,190.00,1,0,0
16897,3.316,57.50,192.00,1,0,0
16900,3.316,57.80,192.00,1,0,0
16902,3.320,57.80,192.00,1,0,0
16904,3.316,57.80,192.00,1,0,0
16907,3.316,57.50,190.00,1,0,0
16909,3.316,57.60,192.00,1,0,0
16922,3.320,57.80,192.00,1,0,0
