timestamp_ms,voltage_V,current_mA,power_mW,marker_ble,marker_wifi,marker_sleep
0,3.336,30.70,103.00,1,0,0
2,3.336,30.60,102.00,1,0,0
5,3.336,30.70,103.00,1,0,0
7,3.332,30.70,103.00,1,0,0
10,3.336,30.70,103.00,1,0,0
12,3.336,30.80,103.00,1,0,0
14,3.336,30.80,103.00,1,0,0
17,3.336,30.60,103.00,1,0,0
19,3.336,30.60,102.00,1,0,0
22,3.336,30.60,102.00,1,0,0
24,3.336,30.70,103.00,1,0,0
27,3.336,30.70,103.00,1,0,0
29,3.336,30.70,103.00,1,0,0
32,3.336,30.70,103.00,1,0,0
34,3.336,30.70,103.00,1,0,0
37,3.336,30.70,103.00,1,0,0
39,3.336,30.80,103.00,1,0,0
42,3.336,30.80,103.00,1,0,0
44,3.336,30.70,103.00,1,0,0
46,3.336,30.70,103.00,1,0,0
49,3.336,30.60,102.00,1,0,0
51,3.336,30.70,103.00,1,0,0
54,3.336,30.60,102.00,1,0,0
67,3.336,30.70,103.00,1,0,0
69,3.336,30.60,102.00,1,0,0
71,3.336,30.60,103.00,1,0,0
74,3.336,30.70,103.00,1,0,0
76,3.336,30.70,103.00,1,0,0
79,3.336,30.70,103.00,1,0,0
81,3.336,30.60,102.00,1,0,0
84,3.336,30.60,102.00,1,0,0
86,3.336,30.60,103.00,1,0,0
89,3.336,30.70,103.00,1,0,0
91,3.336,30.80,103.00,1,0,0
94,3.336,30.70,103.00,1,0,0
96,3.336,97.30,321.00,1,0,0
99,3.292,96.80,318.00,1,0,0
101,3.292,31.00,103.00,1,0,0
104,3.336,30.70,103.00,1,0,0
106,3.336,30.80,103.00,1,0,0
108,3.336,30.80,103.00,1,0,0
111,3.336,30.70,103.00,1,0,0
113,3.336,30.60,102.00,1,0,0
116,3.336,30.60,102.00,1,0,0
129,3.336,30.60,102.00,1,0,0
131,3.336,30.60,247.00,1,0,0
133,3.292,88.40,288.00,1,0,0
136,3.288,96.90,319.00,1,0,0
138,3.292,96.30,316.00,1,0,0
141,3.292,96.10,316.00,1,0,0
143,3.292,96.00,316.00,1,0,0
146,3.292,95.90,316.00,1,0,0
148,3.292,95.90,316.00,1,0,0
151,3.292,95.90,316.00,1,0,0
153,3.292,96.10,316.00,1,0,0
156,3.292,96.20,316.00,1,0,0
158,3.292,96.10,316.00,1,0,0
161,3.292,96.20,316.00,1,0,0
163,3.292,96.40,316.00,1,0,0
166,3.292,96.50,318.00,1,0,0
168,3.292,96.40,316.00,1,0,0
170,3.292,97.10,319.00,1,0,0
173,3.292,96.90,318.00,1,0,0
186,3.292,96.50,318.00,1,0,0
188,3.292,96.10,316.00,1,0,0
191,3.292,99.00,103.00,1,0,0
193,3.340,30.80,103.00,1,0,0
196,3.336,30.60,102.00,1,0,0
198,3.336,31.30,103.00,1,0,0
200,3.292,96.90,319.00,1,0,0
203,3.292,30.80,103.00,1,0,0
205,3.336,30.80,103.00,1,0,0
208,3.336,30.80,103.00,1,0,0
210,3.336,30.60,102.00,1,0,0
213,3.336,30.60,102.00,1,0,0
215,3.336,30.60,102.00,1,0,0
218,3.336,30.70,103.00,1,0,0
220,3.336,30.80,103.00,1,0,0
223,3.336,30.80,103.00,1,0,0
225,3.336,30.70,103.00,1,0,0
228,3.336,30.60,102.00,1,0,0
230,3.336,30.60,102.00,1,0,0
243,3.336,30.60,102.00,1,0,0
245,3.336,30.60,103.00,1,0,0
248,3.336,30.60,102.00,1,0,0
250,3.336,30.80,103.00,1,0,0
253,3.336,30.70,103.00,1,0,0
255,3.336,30.80,103.00,1,0,0
257,3.340,30.70,103.00,1,0,0
260,3.336,30.70,102.00,1,0,0
262,3.336,30.60,102.00,1,0,0
265,3.336,30.60,102.00,1,0,0
267,3.336,30.80,103.00,1,0,0
270,3.336,30.80,103.00,1,0,0
272,3.336,30.70,103.00,1,0,0
275,3.336,30.60,102.00,1,0,0
277,3.336,30.70,103.00,1,0,0
280,3.336,30.60,102.00,1,0,0
282,3.336,30.80,103.00,1,0,0
285,3.336,30.80,103.00,1,0,0
287,3.336,30.70,103.00,1,0,0
300,3.336,30.80,102.00,1,0,0
302,3.292,97.20,319.00,1,0,0
305,3.292,97.80,319.00,1,0,0
307,3.304,30.60,102.00,1,0,0
310,3.336,30.60,102.00,1,0,0
312,3.336,30.60,102.00,1,0,0
315,3.336,30.70,103.00,1,0,0
317,3.336,30.70,103.00,1,0,0
320,3.336,30.70,103.00,1,0,0
322,3.336,30.80,102.00,1,0,0
324,3.336,30.60,102.00,1,0,0
327,3.336,30.70,103.00,1,0,0
329,3.336,30.60,102.00,1,0,0
332,3.336,30.70,103.00,1,0,0
334,3.336,30.70,103.00,1,0,0
337,3.336,30.80,103.00,1,0,0
339,3.336,30.60,102.00,1,0,0
342,3.336,30.60,102.00,1,0,0
344,3.336,30.60,102.00,1,0,0
357,3.336,30.60,102.00,1,0,0
359,3.336,30.60,102.00,1,0,0
362,3.340,30.60,102.00,1,0,0
364,3.336,30.80,103.00,1,0,0
367,3.336,30.70,103.00,1,0,0
369,3.336,30.70,103.00,1,0,0
372,3.336,30.70,103.00,1,0,0
374,3.336,30.60,102.00,1,0,0
377,3.336,30.70,103.00,1,0,0
379,3.336,30.70,103.00,1,0,0
382,3.336,30.80,103.00,1,0,0
384,3.336,30.70,103.00,1,0,0
387,3.336,30.80,103.00,1,0,0
389,3.336,30.60,103.00,1,0,0
391,3.336,30.60,102.00,1,0,0
394,3.336,30.60,102.00,1,0,0
396,3.336,30.80,103.00,1,0,0
399,3.336,30.70,103.00,1,0,0
401,3.336,30.70,103.00,1,0,0
414,3.340,30.80,103.00,1,0,0
416,3.336,30.80,103.00,1,0,0
419,3.336,30.70,103.00,1,0,0
421,3.336,30.70,103.00,1,0,0
424,3.336,30.60,102.00,1,0,0
426,3.336,30.60,103.00,1,0,0
429,3.336,30.80,103.00,1,0,0
431,3.336,30.70,103.00,1,0,0
434,3.336,30.70,103.00,1,0,0
436,3.336,30.60,102.00,1,0,0
439,3.336,30.60,102.00,1,0,0
441,3.336,30.60,102.00,1,0,0
444,3.336,30.70,103.00,1,0,0
446,3.336,30.70,103.00,1,0,0
448,3.336,30.80,103.00,1,0,0
451,3.336,30.70,103.00,1,0,0
453,3.336,30.70,103.00,1,0,0
456,3.336,30.60,102.00,1,0,0
458,3.336,30.60,102.00,1,0,0
471,3.336,30.60,102.00,1,0,0
474,3.336,30.60,102.00,1,0,0
476,3.336,30.70,103.00,1,0,0
478,3.336,30.70,103.00,1,0,0
481,3.336,30.70,103.00,1,0,0
483,3.336,30.80,103.00,1,0,0
486,3.336,30.60,102.00,1,0,0
488,3.336,30.60,102.00,1,0,0
491,3.336,30.60,102.00,1,0,0
493,3.336,30.70,103.00,1,0,0
496,3.336,30.70,103.00,1,0,0
498,3.336,30.80,103.00,1,0,0
501,3.336,30.60,102.00,1,0,0
503,3.336,30.60,102.00,1,0,0
506,3.336,97.30,321.00,1,0,0
508,3.292,96.70,318.00,1,0,0
511,3.296,30.70,103.00,1,0,0
513,3.336,30.70,103.00,1,0,0
515,3.336,30.80,103.00,1,0,0
528,3.336,30.80,103.00,1,0,0
531,3.336,30.70,103.00,1,0,0
533,3.336,30.60,102.00,1,0,0
536,3.336,30.60,102.00,1,0,0
538,3.336,30.70,103.00,1,0,0
540,3.336,30.60,103.00,1,0,0
543,3.336,30.80,103.00,1,0,0
545,3.336,30.70,103.00,1,0,0
548,3.336,30.70,103.00,1,0,0
550,3.336,30.60,102.00,1,0,0
553,3.336,30.60,102.00,1,0,0
555,3.336,30.60,102.00,1,0,0
558,3.336,30.70,103.00,1,0,0
560,3.336,30.80,103.00,1,0,0
563,3.336,30.70,103.00,1,0,0
565,3.336,30.70,103.00,1,0,0
568,3.336,30.60,102.00,1,0,0
570,3.336,30.70,102.00,1,0,0
573,3.336,30.70,103.00,1,0,0
585,3.336,30.60,103.00,1,0,0
588,3.336,30.60,102.00,1,0,0
590,3.336,30.80,103.00,1,0,0
593,3.336,30.70,103.00,1,0,0
595,3.336,30.70,103.00,1,0,0
598,3.336,30.60,102.00,1,0,0
600,3.336,30.60,102.00,1,0,0
602,3.336,30.60,102.00,1,0,0
605,3.336,30.60,102.00,1,0,0
607,3.336,30.70,321.00,1,0,0
610,3.292,96.90,319.00,1,0,0
612,3.288,66.80,223.00,1,0,0
615,3.336,30.60,102.00,1,0,0
617,3.336,30.70,103.00,1,0,0
620,3.336,30.60,102.00,1,0,0
622,3.336,30.70,103.00,1,0,0
625,3.336,30.80,103.00,1,0,0
627,3.336,30.70,103.00,1,0,0
630,3.336,30.70,103.00,1,0,0
642,3.336,30.70,103.00,1,0,0
645,3.336,30.70,103.00,1,0,0
647,3.336,30.60,102.00,1,0,0
650,3.336,30.60,102.00,1,0,0
652,3.336,30.60,103.00,1,0,0
655,3.336,30.70,103.00,1,0,0
657,3.336,30.70,103.00,1,0,0
660,3.336,30.70,103.00,1,0,0
662,3.336,30.60,102.00,1,0,0
665,3.332,30.60,102.00,1,0,0
667,3.336,30.60,102.00,1,0,0
669,3.336,30.70,103.00,1,0,0
672,3.336,30.80,103.00,1,0,0
674,3.336,30.70,103.00,1,0,0
677,3.336,30.70,103.00,1,0,0
679,3.336,30.60,102.00,1,0,0
682,3.336,30.60,102.00,1,0,0
684,3.336,30.60,102.00,1,0,0
687,3.336,30.70,103.00,1,0,0
699,3.336,30.60,102.00,1,0,0
702,3.336,30.60,102.00,1,0,0
704,3.336,30.70,103.00,1,0,0
707,3.336,30.80,103.00,1,0,0
709,3.336,30.70,102.00,1,0,0
712,3.292,96.70,318.00,1,0,0
714,3.292,96.50,319.00,1,0,0
717,3.296,30.60,102.00,1,0,0
719,3.336,30.70,103.00,1,0,0
722,3.336,30.70,103.00,1,0,0
724,3.336,30.70,103.00,1,0,0
727,3.336,30.70,103.00,1,0,0
729,3.336,30.60,102.00,1,0,0
732,3.336,30.60,102.00,1,0,0
734,3.336,30.60,102.00,1,0,0
736,3.336,30.70,103.00,1,0,0
739,3.336,30.70,103.00,1,0,0
741,3.336,30.80,103.00,1,0,0
744,3.336,30.60,102.00,1,0,0
757,3.336,30.70,103.00,1,0,0
759,3.336,30.80,102.00,1,0,0
761,3.340,30.60,102.00,1,0,0
764,3.336,30.70,103.00,1,0,0
766,3.336,30.60,102.00,1,0,0
769,3.336,30.60,102.00,1,0,0
771,3.336,30.80,103.00,1,0,0
774,3.336,30.80,103.00,1,0,0
776,3.336,30.60,102.00,1,0,0
779,3.336,30.60,102.00,1,0,0
781,3.336,30.60,102.00,1,0,0
784,3.336,30.70,103.00,1,0,0
786,3.336,30.70,103.00,1,0,0
789,3.336,30.70,103.00,1,0,0
791,3.336,30.70,103.00,1,0,0
794,3.336,30.60,102.00,1,0,0
796,3.336,30.60,102.00,1,0,0
798,3.336,30.60,102.00,1,0,0
801,3.336,30.70,103.00,1,0,0
814,3.336,97.40,321.00,1,0,0
816,3.292,96.60,318.00,1,0,0
819,3.288,96.70,108.00,1,0,0
821,3.340,30.80,103.00,1,0,0
824,3.336,30.70,103.00,1,0,0
826,3.336,30.70,102.00,1,0,0
828,3.336,30.60,102.00,1,0,0
831,3.336,30.70,103.00,1,0,0
833,3.336,30.70,103.00,1,0,0
836,3.336,30.70,103.00,1,0,0
838,3.336,30.70,103.00,1,0,0
841,3.336,30.60,102.00,1,0,0
843,3.336,30.50,102.00,1,0,0
846,3.336,30.60,102.00,1,0,0
848,3.336,30.70,103.00,1,0,0
851,3.336,30.80,103.00,1,0,0
853,3.336,30.80,103.00,1,0,0
856,3.336,30.70,103.00,1,0,0
858,3.336,30.60,102.00,1,0,0
871,3.336,30.70,103.00,1,0,0
873,3.336,30.70,103.00,1,0,0
876,3.336,30.60,102.00,1,0,0
878,3.336,30.60,102.00,1,0,0
881,3.336,30.80,103.00,1,0,0
883,3.336,30.70,103.00,1,0,0
886,3.336,30.70,103.00,1,0,0
888,3.336,30.70,103.00,1,0,0
891,3.336,30.60,102.00,1,0,0
893,3.336,30.70,102.00,1,0,0
895,3.336,30.60,102.00,1,0,0
898,3.336,30.80,103.00,1,0,0
900,3.336,30.80,103.00,1,0,0
903,3.336,30.70,103.00,1,0,0
905,3.336,30.60,102.00,1,0,0
908,3.336,30.60,102.00,1,0,0
910,3.336,30.60,102.00,1,0,0
913,3.336,30.60,102.00,1,0,0
915,3.336,88.30,290.00,1,0,0
928,3.336,30.60,102.00,1,0,0
930,3.336,30.70,103.00,1,0,0
933,3.336,30.70,103.00,1,0,0
935,3.336,30.80,103.00,1,0,0
938,3.336,30.60,102.00,1,0,0
940,3.336,30.60,102.00,1,0,0
943,3.336,30.60,102.00,1,0,0
945,3.336,30.60,102.00,1,0,0
948,3.336,30.80,103.00,1,0,0
950,3.336,30.70,103.00,1,0,0
952,3.336,30.70,103.00,1,0,0
955,3.336,30.60,102.00,1,0,0
957,3.336,30.60,102.00,1,0,0
960,3.336,30.60,102.00,1,0,0
962,3.336,30.70,103.00,1,0,0
965,3.336,30.70,103.00,1,0,0
967,3.336,30.70,103.00,1,0,0
970,3.336,30.70,102.00,1,0,0
972,3.336,30.50,102.00,1,0,0
985,3.336,30.70,103.00,1,0,0
987,3.336,30.60,102.00,1,0,0
990,3.336,30.60,102.00,1,0,0
992,3.336,30.60,102.00,1,0,0
995,3.336,30.70,103.00,1,0,0
997,3.336,30.70,103.00,1,0,0
1000,3.336,30.80,103.00,1,0,0
1002,3.336,30.60,102.00,1,0,0
1005,3.336,30.70,103.00,1,0,0
1007,3.336,30.60,103.00,1,0,0
1010,3.336,30.70,103.00,1,0,0
1012,3.336,30.70,103.00,1,0,0
1015,3.336,30.70,103.00,1,0,0
1017,3.336,79.30,261.00,1,0,0
1019,3.292,91.30,300.00,1,0,0
1022,3.292,64.60,102.00,1,0,0
1024,3.336,30.60,102.00,1,0,0
1037,3.336,30.60,102.00,1,0,0
1040,3.336,30.70,103.00,1,0,0
1042,3.336,30.60,102.00,1,0,0
1044,3.336,30.70,103.00,1,0,0
1047,3.336,30.70,103.00,1,0,0
1049,3.336,30.70,103.00,1,0,0
1052,3.336,30.60,102.00,1,0,0
1054,3.336,30.70,103.00,1,0,0
1057,3.336,30.70,103.00,1,0,0
1059,3.336,30.70,103.00,1,0,0
1062,3.336,30.70,103.00,1,0,0
1064,3.336,30.70,103.00,1,0,0
1067,3.336,30.70,103.00,1,0,0
1069,3.336,30.60,102.00,1,0,0
1072,3.336,30.60,102.00,1,0,0
1074,3.336,30.60,102.00,1,0,0
1087,3.336,30.70,103.00,1,0,0
1089,3.336,30.60,102.00,1,0,0
1092,3.336,30.70,103.00,1,0,0
1094,3.336,30.70,103.00,1,0,0
1097,3.336,30.70,103.00,1,0,0
1099,3.336,30.60,102.00,1,0,0
1102,3.336,30.70,103.00,1,0,0
1108,3.336,30.70,103.00,1,0,0
1111,3.336,30.70,103.00,1,0,0
1113,3.336,30.70,103.00,1,0,0
1116,3.336,30.70,103.00,1,0,0
1118,3.336,30.60,102.00,1,0,0
1121,3.336,97.40,319.00,1,0,0
1123,3.292,96.70,318.00,1,0,0
1125,3.292,69.50,103.00,1,0,0
1128,3.336,30.70,103.00,1,0,0
1130,3.336,30.80,103.00,1,0,0
1133,3.256,96.70,318.00,1,0,0
1135,3.292,96.40,318.00,1,0,0
1138,3.292,97.90,323.00,1,0,0
1140,3.292,97.60,318.00,1,0,0
1143,3.292,95.90,316.00,1,0,0
1145,3.292,98.10,323.00,1,0,0
1158,3.292,91.50,301.00,1,0,0
1160,3.292,97.10,319.00,1,0,0
1163,3.292,96.40,318.00,1,0,0
1165,3.292,96.00,316.00,1,0,0
1168,3.292,95.90,316.00,1,0,0
1170,3.288,96.10,316.00,1,0,0
1173,3.292,96.00,316.00,1,0,0
1175,3.292,96.00,316.00,1,0,0
1178,3.292,96.40,316.00,1,0,0
1180,3.288,96.90,319.00,1,0,0
1183,3.292,96.00,315.00,1,0,0
1185,3.292,96.50,318.00,1,0,0
1188,3.292,96.60,319.00,1,0,0
1190,3.336,30.70,103.00,1,0,0
1193,3.336,30.80,103.00,1,0,0
1195,3.336,30.70,103.00,1,0,0
1208,3.336,30.70,103.00,1,0,0
1210,3.336,30.70,103.00,1,0,0
1213,3.336,30.60,102.00,1,0,0
1215,3.336,30.60,103.00,1,0,0
1218,3.336,30.60,102.00,1,0,0
1220,3.336,30.60,102.00,1,0,0
1222,3.336,60.50,321.00,1,0,0
1225,3.292,96.90,319.00,1,0,0
1227,3.336,30.80,103.00,1,0,0
1230,3.336,30.60,102.00,1,0,0
1232,3.336,30.60,102.00,1,0,0
1235,3.336,30.60,102.00,1,0,0
1237,3.336,30.70,103.00,1,0,0
1240,3.336,30.80,103.00,1,0,0
1242,3.336,30.80,103.00,1,0,0
1245,3.336,30.80,103.00,1,0,0
1257,3.336,30.80,103.00,1,0,0
1260,3.336,30.80,103.00,1,0,0
1262,3.336,30.70,103.00,1,0,0
1265,3.336,30.60,102.00,1,0,0
1267,3.336,30.60,102.00,1,0,0
1270,3.336,30.70,103.00,1,0,0
1272,3.336,30.80,103.00,1,0,0
1275,3.336,30.80,103.00,1,0,0
1277,3.336,30.60,102.00,1,0,0
1280,3.336,30.60,102.00,1,0,0
1282,3.336,30.60,102.00,1,0,0
1285,3.336,30.60,103.00,1,0,0
1287,3.336,30.70,103.00,1,0,0
1289,3.336,30.70,103.00,1,0,0
1292,3.336,30.70,103.00,1,0,0
1294,3.336,30.70,103.00,1,0,0
1307,3.336,30.80,103.00,1,0,0
1309,3.336,30.70,103.00,1,0,0
1312,3.336,30.60,102.00,1,0,0
1314,3.336,30.60,102.00,1,0,0
1317,3.336,30.60,102.00,1,0,0
1319,3.336,30.70,103.00,1,0,0
1322,3.336,30.70,103.00,1,0,0
1324,3.336,49.90,164.00,1,0,0
1327,3.292,96.80,318.00,1,0,0
1329,3.288,91.80,102.00,1,0,0
1332,3.336,30.60,102.00,1,0,0
1334,3.336,30.80,103.00,1,0,0
1337,3.336,30.80,103.00,1,0,0
1339,3.336,30.80,103.00,1,0,0
1342,3.336,30.70,103.00,1,0,0
1344,3.336,30.60,102.00,1,0,0
1357,3.336,30.70,103.00,1,0,0
1359,3.340,30.60,102.00,1,0,0
1362,3.336,30.60,102.00,1,0,0
1364,3.336,30.60,102.00,1,0,0
1367,3.336,30.70,103.00,1,0,0
1369,3.336,30.80,103.00,1,0,0
1372,3.336,30.80,103.00,1,0,0
1374,3.336,30.80,102.00,1,0,0
1376,3.336,30.60,102.00,1,0,0
1379,3.336,30.60,102.00,1,0,0
1381,3.336,30.60,103.00,1,0,0
1384,3.336,30.70,103.00,1,0,0
1386,3.336,30.80,103.00,1,0,0
1389,3.336,30.70,103.00,1,0,0
1391,3.336,30.70,103.00,1,0,0
1394,3.336,30.60,102.00,1,0,0
1406,3.336,30.70,103.00,1,0,0
1409,3.336,30.60,102.00,1,0,0
1411,3.336,30.60,102.00,1,0,0
1414,3.336,30.60,102.00,1,0,0
1416,3.336,30.70,103.00,1,0,0
1419,3.336,30.80,103.00,1,0,0
1421,3.336,30.80,103.00,1,0,0
1424,3.336,30.60,102.00,1,0,0
1426,3.336,30.60,128.00,1,0,0
1429,3.292,97.30,321.00,1,0,0
1431,3.288,96.80,323.00,1,0,0
1434,3.336,30.80,103.00,1,0,0
1436,3.336,30.80,103.00,1,0,0
1439,3.336,30.70,103.00,1,0,0
1441,3.336,30.60,102.00,1,0,0
1443,3.336,30.60,102.00,1,0,0
1456,3.336,30.60,102.00,1,0,0
1459,3.336,30.60,102.00,1,0,0
1461,3.336,30.60,102.00,1,0,0
1464,3.336,30.70,103.00,1,0,0
1466,3.336,30.70,103.00,1,0,0
1468,3.336,30.80,103.00,1,0,0
1471,3.336,30.70,102.00,1,0,0
1473,3.336,30.70,103.00,1,0,0
1476,3.336,30.60,102.00,1,0,0
1478,3.336,30.60,102.00,1,0,0
1481,3.336,30.70,103.00,1,0,0
1483,3.336,30.70,103.00,1,0,0
1486,3.336,30.70,103.00,1,0,0
1488,3.340,30.60,102.00,1,0,0
1491,3.336,30.60,102.00,1,0,0
1493,3.336,30.60,102.00,1,0,0
1506,3.336,30.60,102.00,1,0,0
1508,3.336,30.60,102.00,1,0,0
1511,3.336,30.60,102.00,1,0,0
1513,3.336,30.70,103.00,1,0,0
1516,3.336,30.70,103.00,1,0,0
1518,3.336,30.70,103.00,1,0,0
1521,3.336,30.60,102.00,1,0,0
1523,3.336,30.60,102.00,1,0,0
1526,3.336,30.60,102.00,1,0,0
1528,3.336,30.60,102.00,1,0,0
1531,3.292,97.50,318.00,1,0,0
1533,3.292,96.70,319.00,1,0,0
1536,3.336,30.80,103.00,1,0,0
1538,3.336,30.70,102.00,1,0,0
1540,3.336,30.60,102.00,1,0,0
1543,3.336,30.60,102.00,1,0,0
1556,3.336,30.60,102.00,1,0,0
1558,3.336,30.60,102.00,1,0,0
1560,3.336,30.60,103.00,1,0,0
1563,3.336,30.70,103.00,1,0,0
1565,3.336,30.80,103.00,1,0,0
1568,3.336,30.80,103.00,1,0,0
1570,3.336,30.70,103.00,1,0,0
1573,3.336,30.60,102.00,1,0,0
1575,3.336,30.60,102.00,1,0,0
1578,3.336,30.70,103.00,1,0,0
1580,3.336,30.70,103.00,1,0,0
1583,3.336,30.80,103.00,1,0,0
1585,3.336,30.60,102.00,1,0,0
1588,3.332,30.60,102.00,1,0,0
1590,3.336,30.60,102.00,1,0,0
1593,3.336,30.70,103.00,1,0,0
1605,3.336,30.60,102.00,1,0,0
1608,3.336,30.60,102.00,1,0,0
1610,3.336,30.70,103.00,1,0,0
1613,3.336,30.80,103.00,1,0,0
1615,3.336,30.70,103.00,1,0,0
1618,3.336,30.70,103.00,1,0,0
1620,3.336,30.60,102.00,1,0,0
1623,3.336,30.70,103.00,1,0,0
1625,3.336,30.70,103.00,1,0,0
1627,3.336,30.80,103.00,1,0,0
1630,3.336,30.70,103.00,1,0,0
1632,3.296,97.60,321.00,1,0,0
1635,3.292,96.60,321.00,1,0,0
1637,3.316,30.60,102.00,1,0,0
1640,3.336,30.60,102.00,1,0,0
1642,3.336,30.70,103.00,1,0,0
1655,3.336,30.70,103.00,1,0,0
1657,3.336,30.50,103.00,1,0,0
1660,3.336,30.70,103.00,1,0,0
1662,3.336,30.70,103.00,1,0,0
1665,3.336,30.80,103.00,1,0,0
1667,3.336,30.70,103.00,1,0,0
1670,3.336,30.60,102.00,1,0,0
1672,3.336,30.60,102.00,1,0,0
1675,3.336,30.70,103.00,1,0,0
1677,3.336,30.70,103.00,1,0,0
1680,3.336,30.70,103.00,1,0,0
1682,3.336,30.60,102.00,1,0,0
1685,3.336,30.60,102.00,1,0,0
1687,3.336,30.60,102.00,1,0,0
1689,3.336,30.60,103.00,1,0,0
1692,3.336,30.70,103.00,1,0,0
1705,3.336,30.60,102.00,1,0,0
1707,3.336,30.70,103.00,1,0,0
1710,3.336,30.70,103.00,1,0,0
1712,3.336,30.70,103.00,1,0,0
1715,3.336,30.60,102.00,1,0,0
1717,3.336,30.60,102.00,1,0,0
1719,3.336,30.60,102.00,1,0,0
1722,3.336,30.70,103.00,1,0,0
1724,3.336,30.70,103.00,1,0,0
1727,3.336,30.70,103.00,1,0,0
1729,3.336,30.70,103.00,1,0,0
1732,3.336,30.70,103.00,1,0,0
1734,3.336,30.60,321.00,1,0,0
1737,3.292,96.70,318.00,1,0,0
1739,3.300,30.80,103.00,1,0,0
1742,3.336,30.70,103.00,1,0,0
1754,3.336,30.60,103.00,1,0,0
1757,3.336,30.70,103.00,1,0,0
1759,3.336,31.00,103.00,1,0,0
1762,3.336,30.70,103.00,1,0,0
1764,3.336,30.60,102.00,1,0,0
1767,3.336,30.60,102.00,1,0,0
1769,3.336,30.70,102.00,1,0,0
1772,3.336,30.70,103.00,1,0,0
1774,3.336,30.70,103.00,1,0,0
1777,3.336,30.60,102.00,1,0,0
1779,3.336,30.70,102.00,1,0,0
1781,3.336,30.60,102.00,1,0,0
1784,3.336,30.60,102.00,1,0,0
1786,3.336,30.60,103.00,1,0,0
1789,3.336,30.80,103.00,1,0,0
1791,3.336,30.70,103.00,1,0,0
1804,3.336,30.70,103.00,1,0,0
1806,3.336,30.70,103.00,1,0,0
1809,3.336,30.70,103.00,1,0,0
1811,3.336,30.60,102.00,1,0,0
1814,3.336,30.60,102.00,1,0,0
1816,3.336,30.60,102.00,1,0,0
1819,3.336,30.60,102.00,1,0,0
1821,3.336,30.70,103.00,1,0,0
1824,3.336,30.70,103.00,1,0,0
1826,3.336,30.80,103.00,1,0,0
1829,3.336,30.60,102.00,1,0,0
1831,3.336,30.60,102.00,1,0,0
1834,3.332,30.60,102.00,1,0,0
1836,3.336,30.80,102.00,1,0,0
1839,3.292,97.10,319.00,1,0,0
1841,3.292,96.70,321.00,1,0,0
1854,3.336,30.70,103.00,1,0,0
1856,3.336,30.70,103.00,1,0,0
1859,3.336,30.80,103.00,1,0,0
1861,3.336,30.60,102.00,1,0,0
1864,3.336,30.60,102.00,1,0,0
1866,3.336,30.70,103.00,1,0,0
1869,3.336,30.70,103.00,1,0,0
1871,3.336,30.70,103.00,1,0,0
1873,3.336,30.80,103.00,1,0,0
1876,3.336,30.70,102.00,1,0,0
1878,3.336,30.60,102.00,1,0,0
1881,3.336,30.60,102.00,1,0,0
1883,3.336,30.60,103.00,1,0,0
1886,3.336,30.70,103.00,1,0,0
1888,3.336,30.80,103.00,1,0,0
1891,3.336,30.70,103.00,1,0,0
1903,3.336,30.70,103.00,1,0,0
1906,3.336,30.80,103.00,1,0,0
1908,3.336,30.60,102.00,1,0,0
1911,3.336,30.60,102.00,1,0,0
1913,3.340,30.60,103.00,1,0,0
1916,3.336,30.60,102.00,1,0,0
1918,3.336,30.80,103.00,1,0,0
1921,3.336,30.70,103.00,1,0,0
1923,3.336,30.70,103.00,1,0,0
1926,3.336,30.60,102.00,1,0,0
1928,3.336,30.60,102.00,1,0,0
1931,3.336,30.60,102.00,1,0,0
1933,3.336,30.80,103.00,1,0,0
1936,3.336,30.70,103.00,1,0,0
1938,3.336,30.70,102.00,1,0,0
1940,3.292,96.90,319.00,1,0,0
1953,3.336,30.80,103.00,1,0,0
1956,3.336,30.70,103.00,1,0,0
1958,3.336,30.60,102.00,1,0,0
1961,3.336,30.60,102.00,1,0,0
1963,3.336,30.60,102.00,1,0,0
1966,3.336,30.70,103.00,1,0,0
1968,3.336,30.70,103.00,1,0,0
1970,3.336,30.70,103.00,1,0,0
1973,3.340,30.70,102.00,1,0,0
1975,3.336,30.60,102.00,1,0,0
1978,3.336,30.60,102.00,1,0,0
1980,3.336,30.70,103.00,1,0,0
1983,3.336,30.70,103.00,1,0,0
1985,3.336,30.70,103.00,1,0,0
1988,3.336,30.70,103.00,1,0,0
1990,3.336,30.60,102.00,1,0,0
2003,3.336,30.70,103.00,1,0,0
2005,3.336,30.70,103.00,1,0,0
2008,3.336,30.60,102.00,1,0,0
2010,3.336,30.60,102.00,1,0,0
2013,3.336,30.60,102.00,1,0,0
2015,3.336,30.70,103.00,1,0,0
2018,3.336,30.80,103.00,1,0,0
2020,3.336,30.70,103.00,1,0,0
2023,3.336,30.60,102.00,1,0,0
2025,3.336,30.60,102.00,1,0,0
2028,3.340,30.60,102.00,1,0,0
2030,3.336,30.70,103.00,1,0,0
2033,3.336,30.70,103.00,1,0,0
2035,3.336,30.80,103.00,1,0,0
2038,3.336,30.70,103.00,1,0,0
2040,3.336,30.60,102.00,1,0,0
2053,3.336,30.70,103.00,1,0,0
2055,3.332,30.60,103.00,1,0,0
2058,3.336,30.60,102.00,1,0,0
2060,3.336,30.60,102.00,1,0,0
2062,3.336,30.60,103.00,1,0,0
2065,3.336,30.70,103.00,1,0,0
2067,3.336,30.80,103.00,1,0,0
2070,3.336,30.70,103.00,1,0,0
2072,3.336,30.60,102.00,1,0,0
2075,3.336,30.60,102.00,1,0,0
2077,3.336,30.70,103.00,1,0,0
2080,3.336,30.70,103.00,1,0,0
2082,3.336,30.80,103.00,1,0,0
2085,3.336,30.70,103.00,1,0,0
2087,3.336,30.70,103.00,1,0,0
2090,3.336,30.70,103.00,1,0,0
2102,3.336,30.70,103.00,1,0,0
2105,3.336,30.70,103.00,1,0,0
2107,3.336,30.60,102.00,1,0,0
2110,3.336,30.60,102.00,1,0,0
2112,3.336,30.70,103.00,1,0,0
2115,3.336,30.70,103.00,1,0,0
2117,3.336,30.70,103.00,1,0,0
2120,3.332,30.70,103.00,1,0,0
2122,3.336,30.70,103.00,1,0,0
2124,3.336,30.70,103.00,1,0,0
2127,3.336,30.70,103.00,1,0,0
2129,3.336,30.70,103.00,1,0,0
2132,3.336,96.60,318.00,1,0,0
2134,3.292,95.90,316.00,1,0,0
2137,3.292,96.10,316.00,1,0,0
2139,3.292,94.90,316.00,1,0,0
2152,3.292,96.50,318.00,1,0,0
2154,3.292,97.90,323.00,1,0,0
2157,3.292,97.50,321.00,1,0,0
2159,3.292,96.20,321.00,1,0,0
2162,3.292,97.50,321.00,1,0,0
2164,3.292,97.30,321.00,1,0,0
2167,3.292,97.10,316.00,1,0,0
2169,3.288,98.10,323.00,1,0,0
2172,3.292,95.80,315.00,1,0,0
2174,3.292,96.00,316.00,1,0,0
2177,3.292,96.50,318.00,1,0,0
2179,3.292,93.80,308.00,1,0,0
2182,3.292,89.00,316.00,1,0,0
2184,3.284,123.60,406.00,1,0,0
2187,3.288,95.80,315.00,1,0,0
2189,3.288,96.10,316.00,1,0,0
2202,3.336,30.70,103.00,1,0,0
2204,3.336,30.60,103.00,1,0,0
2207,3.336,30.60,102.00,1,0,0
2209,3.336,30.80,103.00,1,0,0
2212,3.336,30.70,103.00,1,0,0
2214,3.336,30.70,103.00,1,0,0
2217,3.336,30.60,102.00,1,0,0
2219,3.336,30.70,103.00,1,0,0
2221,3.336,30.60,102.00,1,0,0
2224,3.336,30.70,103.00,1,0,0
2226,3.336,30.70,103.00,1,0,0
2229,3.340,30.70,103.00,1,0,0
2231,3.340,30.80,103.00,1,0,0
2234,3.336,30.70,103.00,1,0,0
2236,3.336,30.70,102.00,1,0,0
2239,3.336,30.60,102.00,1,0,0
2251,3.292,30.60,102.00,1,0,0
2254,3.336,30.60,102.00,1,0,0
2256,3.336,30.70,103.00,1,0,0
2259,3.336,31.10,103.00,1,0,0
2261,3.336,30.70,103.00,1,0,0
2264,3.336,30.70,103.00,1,0,0
2266,3.336,30.60,102.00,1,0,0
2269,3.336,30.60,102.00,1,0,0
2271,3.336,30.60,102.00,1,0,0
2274,3.336,30.70,103.00,1,0,0
2276,3.336,30.70,103.00,1,0,0
2279,3.336,30.70,103.00,1,0,0
2281,3.336,30.70,102.00,1,0,0
2283,3.336,30.60,102.00,1,0,0
2286,3.336,30.70,103.00,1,0,0
2288,3.336,30.70,103.00,1,0,0
2301,3.336,30.60,103.00,1,0,0
2304,3.336,30.60,102.00,1,0,0
2306,3.336,30.70,103.00,1,0,0
2308,3.336,30.70,103.00,1,0,0
2311,3.336,30.70,103.00,1,0,0
2313,3.336,30.60,102.00,1,0,0
2316,3.336,30.60,102.00,1,0,0
2318,3.336,30.70,103.00,1,0,0
2321,3.336,30.70,103.00,1,0,0
2323,3.336,30.70,103.00,1,0,0
2326,3.336,30.70,103.00,1,0,0
2328,3.336,30.70,103.00,1,0,0
2331,3.336,30.60,102.00,1,0,0
2333,3.336,30.60,102.00,1,0,0
2336,3.336,30.60,102.00,1,0,0
2338,3.336,30.80,103.00,1,0,0
2351,3.292,96.80,318.00,1,0,0
2353,3.292,61.60,103.00,1,0,0
2356,3.336,30.80,103.00,1,0,0
2358,3.336,30.70,103.00,1,0,0
2361,3.336,30.70,102.00,1,0,0
2363,3.336,30.70,103.00,1,0,0
2366,3.336,30.60,102.00,1,0,0
2368,3.336,30.60,102.00,1,0,0
2371,3.336,30.60,103.00,1,0,0
2373,3.336,30.80,103.00,1,0,0
2375,3.336,30.70,103.00,1,0,0
2378,3.336,30.70,102.00,1,0,0
2380,3.336,30.60,102.00,1,0,0
2383,3.336,30.60,102.00,1,0,0
2385,3.336,30.60,103.00,1,0,0
2388,3.336,30.70,102.00,1,0,0
2400,3.336,30.60,102.00,1,0,0
2403,3.336,30.70,103.00,1,0,0
2405,3.336,30.70,103.00,1,0,0
2408,3.336,30.70,103.00,1,0,0
2410,3.336,30.60,102.00,1,0,0
2413,3.336,30.60,102.00,1,0,0
2415,3.336,30.60,102.00,1,0,0
2418,3.336,30.70,103.00,1,0,0
2420,3.336,30.70,103.00,1,0,0
2423,3.336,30.70,103.00,1,0,0
2425,3.336,30.80,103.00,1,0,0
2428,3.336,30.60,102.00,1,0,0
2430,3.336,30.60,102.00,1,0,0
2433,3.336,30.60,102.00,1,0,0
2435,3.336,30.70,103.00,1,0,0
2437,3.336,30.70,103.00,1,0,0
2450,3.336,30.60,254.00,1,0,0
2453,3.292,97.30,318.00,1,0,0
2455,3.292,67.00,223.00,1,0,0
2458,3.336,30.80,103.00,1,0,0
2460,3.336,30.60,102.00,1,0,0
2463,3.336,30.60,102.00,1,0,0
2465,3.336,30.60,102.00,1,0,0
2467,3.336,30.70,103.00,1,0,0
2470,3.336,30.70,103.00,1,0,0
2472,3.336,30.70,103.00,1,0,0
2475,3.336,30.70,102.00,1,0,0
2477,3.336,30.60,102.00,1,0,0
2480,3.336,30.60,102.00,1,0,0
2482,3.336,30.60,103.00,1,0,0
2485,3.336,30.80,103.00,1,0,0
2487,3.336,30.70,103.00,1,0,0
2500,3.336,30.70,103.00,1,0,0
2502,3.336,30.70,103.00,1,0,0
2505,3.336,30.70,103.00,1,0,0
2507,3.336,30.70,103.00,1,0,0
2510,3.336,30.70,103.00,1,0,0
2512,3.336,30.60,103.00,1,0,0
2515,3.336,30.70,103.00,1,0,0
2517,3.336,30.70,103.00,1,0,0
2520,3.336,30.80,103.00,1,0,0
2522,3.336,30.80,103.00,1,0,0
2525,3.336,30.70,103.00,1,0,0
2527,3.336,30.60,102.00,1,0,0
2530,3.336,30.60,102.00,1,0,0
2532,3.336,30.70,103.00,1,0,0
2534,3.336,30.80,103.00,1,0,0
2537,3.336,30.80,103.00,1,0,0
2550,3.336,30.70,103.00,1,0,0
2552,3.336,30.80,103.00,1,0,0
2555,3.292,97.50,321.00,1,0,0
2557,3.292,96.70,290.00,1,0,0
2559,3.336,30.60,102.00,1,0,0
2562,3.336,30.60,102.00,1,0,0
2564,3.336,30.70,103.00,1,0,0
2567,3.336,30.70,103.00,1,0,0
2569,3.336,30.70,103.00,1,0,0
2572,3.336,30.70,102.00,1,0,0
2574,3.336,30.70,103.00,1,0,0
2577,3.336,30.60,102.00,1,0,0
2579,3.336,30.60,103.00,1,0,0
2582,3.336,30.80,103.00,1,0,0
2584,3.336,30.80,103.00,1,0,0
2587,3.336,30.70,103.00,1,0,0
2599,3.336,30.80,103.00,1,0,0
2602,3.336,30.80,103.00,1,0,0
2604,3.336,30.70,103.00,1,0,0
2607,3.336,30.60,102.00,1,0,0
2609,3.336,30.60,102.00,1,0,0
2612,3.336,30.60,102.00,1,0,0
2614,3.336,30.70,103.00,1,0,0
2617,3.336,30.80,103.00,1,0,0
2619,3.336,30.80,103.00,1,0,0
2622,3.336,30.60,102.00,1,0,0
2624,3.336,30.60,103.00,1,0,0
2626,3.336,30.60,102.00,1,0,0
2629,3.336,30.70,103.00,1,0,0
2631,3.336,33.20,103.00,1,0,0
2634,3.336,30.80,103.00,1,0,0
2636,3.336,30.80,103.00,1,0,0
2649,3.336,30.80,103.00,1,0,0
2651,3.336,30.80,103.00,1,0,0
2654,3.336,30.70,102.00,1,0,0
2656,3.336,97.50,321.00,1,0,0
2659,3.292,95.90,316.00,1,0,0
2661,3.332,30.70,103.00,1,0,0
2664,3.336,30.70,103.00,1,0,0
2666,3.336,30.70,103.00,1,0,0
2669,3.336,30.80,103.00,1,0,0
2671,3.336,30.70,103.00,1,0,0
2674,3.336,30.60,102.00,1,0,0
2676,3.336,30.60,103.00,1,0,0
2679,3.336,30.80,103.00,1,0,0
2681,3.336,30.80,103.00,1,0,0
2684,3.336,30.70,103.00,1,0,0
2686,3.336,30.60,102.00,1,0,0
2699,3.336,30.70,103.00,1,0,0
2701,3.336,30.70,103.00,1,0,0
2704,3.336,30.70,103.00,1,0,0
2706,3.336,30.60,102.00,1,0,0
2709,3.332,30.60,102.00,1,0,0
2711,3.332,30.70,103.00,1,0,0
2714,3.336,30.70,103.00,1,0,0
2716,3.336,30.70,103.00,1,0,0
2718,3.336,30.60,102.00,1,0,0
2721,3.336,30.60,102.00,1,0,0
2723,3.336,30.60,102.00,1,0,0
2726,3.336,30.70,103.00,1,0,0
2728,3.336,30.70,103.00,1,0,0
2731,3.336,30.80,103.00,1,0,0
2733,3.336,30.70,103.00,1,0,0
2736,3.336,30.50,102.00,1,0,0
2748,3.336,30.70,103.00,1,0,0
2751,3.336,30.60,102.00,1,0,0
2753,3.336,30.60,102.00,1,0,0
2756,3.336,30.70,103.00,1,0,0
2758,3.336,46.80,318.00,1,0,0
2761,3.292,98.40,324.00,1,0,0
2763,3.292,31.50,105.00,1,0,0
2766,3.336,30.70,102.00,1,0,0
2768,3.336,30.60,102.00,1,0,0
2771,3.336,30.60,102.00,1,0,0
2773,3.336,30.60,103.00,1,0,0
2776,3.336,30.70,103.00,1,0,0
2778,3.336,30.70,103.00,1,0,0
2781,3.336,30.80,103.00,1,0,0
2783,3.336,30.70,102.00,1,0,0
2786,3.336,30.60,102.00,1,0,0
2798,3.336,30.60,102.00,1,0,0
2801,3.336,30.60,102.00,1,0,0
2803,3.336,30.60,102.00,1,0,0
2806,3.336,30.60,102.00,1,0,0
2808,3.336,30.70,103.00,1,0,0
2811,3.336,30.70,103.00,1,0,0
2813,3.336,30.70,103.00,1,0,0
2815,3.336,30.60,102.00,1,0,0
2818,3.336,30.60,102.00,1,0,0
2820,3.336,30.60,102.00,1,0,0
2823,3.336,30.70,103.00,1,0,0
2825,3.336,30.70,103.00,1,0,0
2828,3.336,30.70,103.00,1,0,0
2830,3.336,30.70,103.00,1,0,0
2833,3.336,30.70,103.00,1,0,0
2835,3.336,30.60,102.00,1,0,0
2848,3.336,30.60,102.00,1,0,0
2850,3.336,30.70,103.00,1,0,0
2853,3.336,30.70,103.00,1,0,0
2855,3.336,30.70,103.00,1,0,0
2858,3.336,30.70,103.00,1,0,0
2860,3.336,37.20,123.00,1,0,0
2863,3.292,96.60,318.00,1,0,0
2865,3.292,96.50,102.00,1,0,0
2868,3.336,30.60,102.00,1,0,0
2870,3.336,30.60,102.00,1,0,0
2873,3.336,30.70,103.00,1,0,0
2875,3.336,30.70,103.00,1,0,0
2878,3.336,30.70,103.00,1,0,0
2880,3.336,30.60,103.00,1,0,0
2882,3.336,30.60,102.00,1,0,0
2885,3.336,30.70,103.00,1,0,0
2898,3.332,30.70,103.00,1,0,0
2900,3.336,30.60,102.00,1,0,0
2903,3.336,30.70,102.00,1,0,0
2905,3.336,30.80,103.00,1,0,0
2907,3.336,30.70,103.00,1,0,0
2910,3.336,30.70,103.00,1,0,0
2912,3.336,30.60,102.00,1,0,0
2915,3.332,30.60,102.00,1,0,0
2917,3.336,30.60,102.00,1,0,0
2920,3.336,30.70,103.00,1,0,0
2922,3.336,30.80,103.00,1,0,0
2925,3.336,30.80,103.00,1,0,0
2927,3.336,30.70,103.00,1,0,0
2930,3.336,30.60,102.00,1,0,0
2932,3.336,30.70,102.00,1,0,0
2935,3.336,30.70,103.00,1,0,0
2947,3.336,30.60,102.00,1,0,0
2950,3.336,30.60,102.00,1,0,0
2952,3.336,30.70,103.00,1,0,0
2955,3.336,30.80,103.00,1,0,0
2957,3.336,30.70,103.00,1,0,0
2960,3.336,31.00,103.00,1,0,0
2962,3.336,30.60,108.00,1,0,0
2965,3.296,97.10,319.00,1,0,0
2967,3.292,96.70,318.00,1,0,0
2969,3.332,30.70,103.00,1,0,0
2972,3.336,30.80,103.00,1,0,0
2974,3.336,30.70,103.00,1,0,0
2977,3.336,30.70,103.00,1,0,0
2979,3.336,30.50,102.00,1,0,0
2982,3.336,30.60,102.00,1,0,0
2984,3.336,30.60,103.00,1,0,0
2997,3.336,30.60,102.00,1,0,0
2999,3.336,30.70,103.00,1,0,0
3002,3.336,30.70,103.00,1,0,0
3004,3.336,30.70,103.00,1,0,0
3007,3.336,30.80,103.00,1,0,0
3009,3.336,30.60,102.00,1,0,0
3012,3.336,30.70,103.00,1,0,0
3014,3.336,30.60,102.00,1,0,0
3017,3.336,30.70,103.00,1,0,0
3019,3.336,30.70,103.00,1,0,0
3022,3.336,30.80,103.00,1,0,0
3024,3.336,30.80,103.00,1,0,0
3027,3.336,30.60,102.00,1,0,0
3029,3.336,30.60,103.00,1,0,0
3032,3.336,30.70,103.00,1,0,0
3034,3.336,30.70,103.00,1,0,0
3047,3.336,30.70,103.00,1,0,0
3049,3.336,30.70,103.00,1,0,0
3052,3.336,30.70,103.00,1,0,0
3054,3.336,30.80,103.00,1,0,0
3057,3.336,30.70,103.00,1,0,0
3059,3.336,30.60,102.00,1,0,0
3061,3.336,30.60,102.00,1,0,0
3064,3.336,30.60,102.00,1,0,0
3066,3.300,97.50,318.00,1,0,0
3069,3.292,96.80,318.00,1,0,0
3071,3.308,30.80,103.00,1,0,0
3074,3.336,30.70,102.00,1,0,0
3076,3.336,30.60,102.00,1,0,0
3079,3.336,30.60,102.00,1,0,0
3081,3.336,30.60,103.00,1,0,0
3084,3.336,30.70,103.00,1,0,0
3096,3.336,30.60,102.00,1,0,0
3099,3.336,30.70,103.00,1,0,0
3101,3.336,30.70,103.00,1,0,0
3104,3.336,30.70,103.00,1,0,0
3111,3.336,30.60,102.00,1,0,0
3114,3.336,30.70,103.00,1,0,0
3116,3.336,30.70,103.00,1,0,0
3119,3.336,30.70,103.00,1,0,0
3121,3.336,30.80,103.00,1,0,0
3124,3.336,30.60,102.00,1,0,0
3126,3.336,30.70,102.00,1,0,0
3128,3.336,30.60,102.00,1,0,0
3131,3.336,33.30,111.00,1,0,0
3133,3.336,30.70,103.00,1,0,0
3136,3.336,30.80,103.00,1,0,0
3138,3.336,30.60,102.00,1,0,0
3141,3.336,30.60,102.00,1,0,0
3143,3.336,30.60,102.00,1,0,0
3146,3.336,30.60,102.00,1,0,0
3148,3.336,30.70,103.00,1,0,0
3161,3.336,30.60,102.00,1,0,0
3163,3.336,30.70,103.00,1,0,0
3166,3.336,30.70,103.00,1,0,0
3168,3.304,97.60,321.00,1,0,0
3171,3.292,96.60,328.00,1,0,0
3173,3.288,30.70,103.00,1,0,0
3176,3.336,30.60,102.00,1,0,0
3178,3.332,30.60,103.00,1,0,0
3181,3.336,30.80,103.00,1,0,0
3183,3.336,30.70,103.00,1,0,0
3186,3.336,30.70,103.00,1,0,0
3188,3.336,30.60,102.00,1,0,0
3191,3.336,30.60,102.00,1,0,0
3193,3.336,30.60,102.00,1,0,0
3196,3.336,30.70,103.00,1,0,0
3198,3.336,30.70,103.00,1,0,0
3211,3.336,30.70,103.00,1,0,0
3213,3.336,30.70,103.00,1,0,0
3216,3.336,30.70,103.00,1,0,0
3218,3.336,30.70,103.00,1,0,0
3221,3.336,30.60,102.00,1,0,0
3223,3.336,30.60,102.00,1,0,0
3225,3.336,30.60,102.00,1,0,0
3228,3.336,30.70,103.00,1,0,0
3230,3.336,30.70,103.00,1,0,0
3233,3.336,30.70,103.00,1,0,0
3235,3.336,30.60,102.00,1,0,0
3238,3.336,30.60,102.00,1,0,0
3240,3.336,30.60,102.00,1,0,0
3243,3.336,30.60,102.00,1,0,0
3245,3.336,30.70,103.00,1,0,0
3248,3.336,30.70,103.00,1,0,0
3260,3.336,30.70,103.00,1,0,0
3263,3.336,30.70,103.00,1,0,0
3265,3.336,30.70,103.00,1,0,0
3268,3.336,30.70,102.00,1,0,0
3270,3.336,97.30,321.00,1,0,0
3273,3.292,96.50,318.00,1,0,0
3275,3.296,30.60,102.00,1,0,0
3278,3.336,30.70,102.00,1,0,0
3280,3.336,30.70,103.00,1,0,0
3283,3.336,30.70,103.00,1,0,0
3285,3.336,30.60,102.00,1,0,0
3288,3.336,30.60,102.00,1,0,0
3290,3.336,30.60,102.00,1,0,0
3292,3.336,30.70,103.00,1,0,0
3295,3.336,30.70,103.00,1,0,0
3297,3.336,30.70,103.00,1,0,0
3310,3.336,30.70,103.00,1,0,0
3312,3.336,30.70,103.00,1,0,0
3315,3.336,30.70,103.00,1,0,0
3317,3.336,30.60,102.00,1,0,0
3320,3.336,30.60,102.00,1,0,0
3322,3.336,30.60,102.00,1,0,0
3325,3.336,30.70,103.00,1,0,0
3327,3.336,30.80,103.00,1,0,0
3330,3.336,30.70,103.00,1,0,0
3332,3.336,30.70,103.00,1,0,0
3335,3.336,30.60,102.00,1,0,0
3337,3.336,30.60,102.00,1,0,0
3340,3.336,30.60,102.00,1,0,0
3342,3.336,30.80,103.00,1,0,0
3345,3.336,30.70,103.00,1,0,0
3347,3.336,30.70,103.00,1,0,0
3360,3.336,30.90,103.00,1,0,0
3362,3.336,30.60,102.00,1,0,0
3365,3.336,30.70,103.00,1,0,0
3367,3.332,30.60,102.00,1,0,0
3370,3.336,30.70,103.00,1,0,0
3372,3.336,30.60,102.00,1,0,0
3375,3.292,97.60,318.00,1,0,0
3377,3.292,30.80,103.00,1,0,0
3379,3.336,30.70,103.00,1,0,0
3382,3.336,30.70,102.00,1,0,0
3384,3.336,30.60,102.00,1,0,0
3387,3.336,30.60,102.00,1,0,0
3389,3.336,30.70,103.00,1,0,0
3392,3.336,30.70,103.00,1,0,0
3394,3.336,30.70,103.00,1,0,0
3397,3.336,30.70,102.00,1,0,0
3409,3.336,30.70,103.00,1,0,0
3412,3.336,30.70,103.00,1,0,0
3414,3.336,30.70,103.00,1,0,0
3417,3.336,30.60,102.00,1,0,0
3419,3.336,30.60,103.00,1,0,0
3422,3.336,30.70,103.00,1,0,0
3424,3.336,30.70,103.00,1,0,0
3427,3.336,30.70,103.00,1,0,0
3429,3.336,30.60,102.00,1,0,0
3432,3.336,30.60,102.00,1,0,0
3434,3.336,30.60,102.00,1,0,0
3437,3.336,30.60,102.00,1,0,0
3439,3.336,30.70,103.00,1,0,0
3441,3.336,30.70,103.00,1,0,0
3444,3.336,30.70,103.00,1,0,0
3446,3.336,30.60,102.00,1,0,0
3459,3.336,30.90,103.00,1,0,0
3462,3.336,30.70,103.00,1,0,0
3464,3.336,30.70,102.00,1,0,0
3466,3.336,30.60,102.00,1,0,0
3469,3.336,30.60,102.00,1,0,0
3471,3.336,30.70,103.00,1,0,0
3474,3.336,30.70,102.00,1,0,0
3476,3.292,97.50,321.00,1,0,0
3479,3.292,96.30,108.00,1,0,0
3481,3.336,30.70,103.00,1,0,0
3484,3.336,30.60,102.00,1,0,0
3486,3.336,30.70,103.00,1,0,0
3489,3.336,30.70,103.00,1,0,0
3491,3.336,30.70,103.00,1,0,0
3494,3.336,30.70,103.00,1,0,0
3496,3.336,30.60,102.00,1,0,0
3509,3.336,30.80,103.00,1,0,0
3511,3.336,30.70,103.00,1,0,0
3514,3.336,30.60,102.00,1,0,0
3516,3.336,30.70,102.00,1,0,0
3519,3.336,30.70,103.00,1,0,0
3521,3.336,30.70,103.00,1,0,0
3524,3.336,30.80,103.00,1,0,0
3526,3.336,30.70,103.00,1,0,0
3529,3.336,30.60,102.00,1,0,0
3531,3.336,30.60,102.00,1,0,0
3533,3.336,30.60,102.00,1,0,0
3536,3.336,30.80,103.00,1,0,0
3538,3.336,30.70,103.00,1,0,0
3541,3.336,30.70,103.00,1,0,0
3543,3.336,30.60,102.00,1,0,0
3546,3.336,30.70,103.00,1,0,0
3559,3.336,30.70,103.00,1,0,0
3561,3.336,30.60,102.00,1,0,0
3563,3.336,30.60,102.00,1,0,0
3566,3.336,30.60,102.00,1,0,0
3568,3.336,30.70,103.00,1,0,0
3571,3.336,30.70,103.00,1,0,0
3573,3.336,30.70,103.00,1,0,0
3576,3.336,30.60,102.00,1,0,0
3578,3.332,96.80,318.00,1,0,0
3581,3.292,96.40,318.00,1,0,0
3583,3.304,30.70,103.00,1,0,0
3586,3.336,30.70,103.00,1,0,0
3588,3.336,30.80,103.00,1,0,0
3591,3.336,30.70,103.00,1,0,0
3593,3.336,30.60,102.00,1,0,0
3596,3.336,30.60,102.00,1,0,0
3608,3.336,30.60,102.00,1,0,0
3611,3.336,30.60,102.00,1,0,0
3613,3.332,30.60,102.00,1,0,0
3616,3.336,30.70,103.00,1,0,0
3618,3.336,30.70,103.00,1,0,0
3621,3.336,30.80,103.00,1,0,0
3623,3.336,30.70,103.00,1,0,0
3626,3.336,30.60,102.00,1,0,0
3628,3.336,30.60,102.00,1,0,0
3630,3.336,30.60,102.00,1,0,0
3633,3.332,30.70,103.00,1,0,0
3635,3.336,30.80,103.00,1,0,0
3638,3.336,30.70,103.00,1,0,0
3640,3.336,30.70,103.00,1,0,0
3643,3.336,30.60,102.00,1,0,0
3645,3.336,30.60,102.00,1,0,0
3658,3.336,30.60,102.00,1,0,0
3660,3.336,30.60,102.00,1,0,0
3663,3.336,30.70,103.00,1,0,0
3665,3.336,30.70,103.00,1,0,0
3668,3.336,30.70,103.00,1,0,0
3670,3.336,30.70,103.00,1,0,0
3673,3.336,30.60,102.00,1,0,0
3675,3.336,30.60,102.00,1,0,0
3678,3.336,30.60,102.00,1,0,0
3680,3.332,92.90,306.00,1,0,0
3683,3.292,96.90,318.00,1,0,0
3685,3.288,30.70,103.00,1,0,0
3688,3.336,30.70,103.00,1,0,0
3690,3.336,30.70,103.00,1,0,0
3692,3.336,30.60,102.00,1,0,0
3695,3.336,30.60,102.00,1,0,0
3708,3.336,30.60,102.00,1,0,0
3710,3.336,30.60,102.00,1,0,0
3713,3.336,30.80,103.00,1,0,0
3715,3.336,30.70,103.00,1,0,0
3718,3.336,30.70,103.00,1,0,0
3720,3.336,30.70,103.00,1,0,0
3722,3.336,30.60,102.00,1,0,0
3725,3.336,30.60,102.00,1,0,0
3727,3.336,30.60,102.00,1,0,0
3730,3.336,30.70,103.00,1,0,0
3732,3.336,30.70,103.00,1,0,0
3735,3.336,30.70,103.00,1,0,0
3737,3.336,30.60,102.00,1,0,0
3740,3.336,30.60,102.00,1,0,0
3742,3.336,30.60,102.00,1,0,0
3745,3.336,30.70,103.00,1,0,0
3757,3.336,30.60,102.00,1,0,0
3760,3.336,30.60,102.00,1,0,0
3762,3.336,30.70,103.00,1,0,0
3765,3.336,30.90,103.00,1,0,0
3767,3.336,30.70,103.00,1,0,0
3770,3.336,30.60,102.00,1,0,0
3772,3.336,30.60,102.00,1,0,0
3775,3.336,30.70,103.00,1,0,0
3777,3.336,30.60,102.00,1,0,0
3780,3.336,30.80,103.00,1,0,0
3782,3.336,85.80,282.00,1,0,0
3784,3.292,96.80,318.00,1,0,0
3787,3.292,66.50,102.00,1,0,0
3789,3.336,30.60,102.00,1,0,0
3792,3.336,30.60,102.00,1,0,0
3794,3.336,30.70,102.00,1,0,0
3807,3.336,30.60,102.00,1,0,0
3810,3.336,30.60,103.00,1,0,0
3812,3.336,30.70,103.00,1,0,0
3814,3.336,30.70,103.00,1,0,0
3817,3.332,30.70,103.00,1,0,0
3819,3.336,30.60,102.00,1,0,0
3822,3.336,30.60,102.00,1,0,0
3824,3.336,30.60,102.00,1,0,0
3827,3.336,30.70,103.00,1,0,0
3829,3.336,30.80,103.00,1,0,0
3832,3.336,30.70,103.00,1,0,0
3834,3.336,30.60,102.00,1,0,0
3837,3.336,30.60,102.00,1,0,0
3839,3.336,30.70,102.00,1,0,0
3842,3.336,30.70,103.00,1,0,0
3844,3.336,30.70,103.00,1,0,0
3857,3.336,30.60,102.00,1,0,0
3859,3.336,30.70,103.00,1,0,0
3862,3.336,30.70,103.00,1,0,0
3864,3.336,31.00,103.00,1,0,0
3867,3.336,30.70,103.00,1,0,0
3869,3.340,30.60,102.00,1,0,0
3872,3.336,30.60,102.00,1,0,0
3874,3.336,30.60,102.00,1,0,0
3877,3.336,30.80,103.00,1,0,0
3879,3.336,30.70,103.00,1,0,0
3881,3.336,30.60,102.00,1,0,0
3884,3.332,30.60,256.00,1,0,0
3886,3.292,96.40,318.00,1,0,0
3889,3.292,96.60,321.00,1,0,0
3891,3.336,30.80,103.00,1,0,0
3894,3.336,30.70,103.00,1,0,0
3906,3.336,30.60,103.00,1,0,0
3909,3.336,30.70,103.00,1,0,0
3911,3.336,30.70,103.00,1,0,0
3914,3.336,30.80,103.00,1,0,0
3916,3.336,30.60,102.00,1,0,0
3919,3.336,30.60,102.00,1,0,0
3921,3.336,30.60,102.00,1,0,0
3924,3.336,30.70,103.00,1,0,0
3926,3.336,30.80,103.00,1,0,0
3929,3.336,30.70,103.00,1,0,0
3931,3.336,30.60,102.00,1,0,0
3934,3.336,30.60,102.00,1,0,0
3936,3.336,30.60,102.00,1,0,0
3939,3.336,30.70,103.00,1,0,0
3941,3.336,30.70,103.00,1,0,0
3943,3.336,30.70,103.00,1,0,0
3956,3.336,30.70,103.00,1,0,0
3959,3.336,30.70,103.00,1,0,0
3961,3.336,30.70,103.00,1,0,0
3964,3.336,30.60,102.00,1,0,0
3966,3.336,30.60,103.00,1,0,0
3969,3.336,30.60,102.00,1,0,0
3971,3.336,30.70,103.00,1,0,0
3973,3.336,30.70,103.00,1,0,0
3976,3.336,30.70,103.00,1,0,0
3978,3.336,30.80,103.00,1,0,0
3981,3.336,30.60,102.00,1,0,0
3983,3.336,30.60,102.00,1,0,0
3986,3.336,30.60,102.00,1,0,0
3988,3.292,97.40,318.00,1,0,0
3991,3.292,80.60,269.00,1,0,0
3993,3.340,30.70,103.00,1,0,0
4006,3.336,30.70,103.00,1,0,0
4008,3.336,30.70,103.00,1,0,0
4011,3.336,30.70,103.00,1,0,0
4013,3.336,30.60,102.00,1,0,0
4016,3.336,30.60,102.00,1,0,0
4018,3.336,30.60,102.00,1,0,0
4021,3.336,30.80,103.00,1,0,0
4023,3.336,30.70,103.00,1,0,0
4026,3.336,30.70,103.00,1,0,0
4028,3.336,30.70,103.00,1,0,0
4031,3.336,30.60,102.00,1,0,0
4033,3.336,30.60,102.00,1,0,0
4036,3.336,30.70,103.00,1,0,0
4038,3.336,30.70,103.00,1,0,0
4040,3.336,30.70,103.00,1,0,0
4043,3.336,30.70,103.00,1,0,0
4056,3.336,30.70,103.00,1,0,0
4058,3.332,30.70,103.00,1,0,0
4061,3.336,30.60,102.00,1,0,0
4063,3.336,30.60,102.00,1,0,0
4065,3.336,30.60,102.00,1,0,0
4068,3.336,30.60,102.00,1,0,0
4070,3.336,30.80,103.00,1,0,0
4073,3.336,30.70,103.00,1,0,0
4075,3.336,30.70,103.00,1,0,0
4078,3.336,30.60,102.00,1,0,0
4080,3.336,30.60,102.00,1,0,0
4083,3.336,30.60,102.00,1,0,0
4085,3.336,30.70,103.00,1,0,0
4088,3.336,30.80,103.00,1,0,0
4090,3.340,97.40,321.00,1,0,0
4093,3.292,96.90,319.00,1,0,0
4105,3.336,30.70,103.00,1,0,0
4108,3.336,30.80,103.00,1,0,0
4110,3.336,30.60,102.00,1,0,0
4113,3.336,30.60,102.00,1,0,0
4115,3.336,30.60,102.00,1,0,0
4118,3.336,30.70,103.00,1,0,0
4120,3.336,30.80,103.00,1,0,0
4123,3.336,30.70,103.00,1,0,0
4125,3.336,30.60,102.00,1,0,0
4128,3.336,30.60,102.00,1,0,0
4130,3.336,30.60,102.00,1,0,0
4132,3.336,30.60,102.00,1,0,0
4135,3.336,30.70,103.00,1,0,0
4137,3.336,30.80,103.00,1,0,0
4140,3.336,30.80,103.00,1,0,0
4142,3.336,30.60,102.00,1,0,0
4155,3.336,30.80,103.00,1,0,0
4157,3.336,30.80,103.00,1,0,0
4160,3.336,30.60,102.00,1,0,0
4162,3.336,30.60,102.00,1,0,0
4165,3.336,30.60,102.00,1,0,0
4167,3.336,30.70,103.00,1,0,0
4170,3.336,30.70,103.00,1,0,0
4172,3.336,30.80,103.00,1,0,0
4175,3.336,30.70,103.00,1,0,0
4177,3.336,30.60,102.00,1,0,0
4180,3.336,30.60,102.00,1,0,0
4182,3.336,30.70,103.00,1,0,0
4185,3.336,30.70,103.00,1,0,0
4187,3.336,30.70,103.00,1,0,0
4190,3.336,30.70,103.00,1,0,0
4192,3.336,45.80,321.00,1,0,0
4205,3.336,30.70,103.00,1,0,0
4207,3.336,30.60,102.00,1,0,0
4210,3.336,30.60,102.00,1,0,0
4212,3.336,30.60,102.00,1,0,0
4215,3.336,30.80,103.00,1,0,0
4217,3.336,30.70,103.00,1,0,0
4220,3.336,30.70,103.00,1,0,0
4222,3.336,30.80,102.00,1,0,0
4224,3.336,30.60,102.00,1,0,0
4227,3.336,30.60,102.00,1,0,0
4229,3.336,30.60,102.00,1,0,0
4232,3.336,30.70,103.00,1,0,0
4234,3.336,30.70,103.00,1,0,0
4237,3.336,30.70,103.00,1,0,0
4239,3.336,30.60,102.00,1,0,0
4242,3.336,30.60,102.00,1,0,0
4254,3.336,30.80,103.00,1,0,0
4257,3.336,30.60,102.00,1,0,0
4259,3.336,30.60,102.00,1,0,0
4262,3.336,30.60,102.00,1,0,0
4264,3.336,31.00,103.00,1,0,0
4267,3.336,30.70,103.00,1,0,0
4269,3.336,30.70,103.00,1,0,0
4272,3.336,30.60,102.00,1,0,0
4274,3.336,30.70,102.00,1,0,0
4277,3.336,30.60,102.00,1,0,0
4279,3.336,30.70,103.00,1,0,0
4282,3.336,30.70,103.00,1,0,0
4284,3.336,30.70,103.00,1,0,0
4287,3.336,30.70,103.00,1,0,0
4289,3.336,30.60,102.00,1,0,0
4291,3.336,30.60,102.00,1,0,0
4304,3.336,30.60,102.00,1,0,0
4307,3.336,30.60,102.00,1,0,0
4309,3.336,30.60,102.00,1,0,0
4312,3.336,30.70,103.00,1,0,0
4314,3.336,30.70,103.00,1,0,0
4317,3.336,30.70,103.00,1,0,0
4319,3.336,30.80,103.00,1,0,0
4321,3.336,30.60,102.00,1,0,0
4324,3.336,30.60,102.00,1,0,0
4326,3.336,30.60,102.00,1,0,0
4329,3.336,30.70,103.00,1,0,0
4331,3.336,30.70,103.00,1,0,0
4334,3.336,30.70,103.00,1,0,0
4336,3.336,30.60,102.00,1,0,0
4339,3.336,30.60,102.00,1,0,0
4341,3.336,30.60,102.00,1,0,0
4354,3.336,30.70,103.00,1,0,0
4356,3.336,30.60,102.00,1,0,0
4359,3.336,30.60,102.00,1,0,0
4361,3.336,30.70,102.00,1,0,0
4364,3.336,30.90,103.00,1,0,0
4366,3.336,30.70,103.00,1,0,0
4369,3.336,30.70,103.00,1,0,0
4371,3.336,30.60,102.00,1,0,0
4374,3.336,30.60,102.00,1,0,0
4376,3.336,30.70,103.00,1,0,0
4379,3.336,30.70,103.00,1,0,0
4381,3.336,30.70,103.00,1,0,0
4384,3.336,30.70,103.00,1,0,0
4386,3.336,30.60,102.00,1,0,0
4389,3.336,30.60,102.00,1,0,0
4391,3.336,30.60,102.00,1,0,0
4404,3.336,30.60,102.00,1,0,0
4406,3.336,30.70,103.00,1,0,0
4409,3.336,30.60,102.00,1,0,0
4411,3.336,30.70,102.00,1,0,0
4413,3.332,30.70,103.00,1,0,0
4416,3.336,30.70,102.00,1,0,0
4418,3.332,30.60,102.00,1,0,0
4421,3.336,30.60,102.00,1,0,0
4423,3.336,30.50,102.00,1,0,0
4426,3.336,30.70,103.00,1,0,0
4428,3.336,30.70,103.00,1,0,0
4431,3.336,30.80,103.00,1,0,0
4433,3.336,30.60,102.00,1,0,0
4436,3.336,30.60,102.00,1,0,0
4438,3.336,30.60,102.00,1,0,0
4441,3.336,30.70,103.00,1,0,0
4453,3.336,30.70,103.00,1,0,0
4456,3.336,30.60,102.00,1,0,0
4458,3.336,30.70,103.00,1,0,0
4461,3.336,30.70,102.00,1,0,0
4463,3.336,30.80,103.00,1,0,0
4466,3.336,30.70,103.00,1,0,0
4468,3.336,30.70,102.00,1,0,0
4471,3.336,30.60,102.00,1,0,0
4473,3.336,30.70,103.00,1,0,0
4476,3.336,30.70,103.00,1,0,0
4478,3.336,30.70,103.00,1,0,0
4480,3.336,30.70,103.00,1,0,0
4483,3.336,30.60,102.00,1,0,0
4485,3.336,30.60,102.00,1,0,0
4488,3.336,30.60,102.00,1,0,0
4490,3.336,30.70,103.00,1,0,0
4503,3.292,97.10,319.00,1,0,0
4505,3.336,30.60,103.00,1,0,0
4508,3.336,30.70,103.00,1,0,0
4510,3.336,30.70,103.00,1,0,0
4513,3.336,30.70,103.00,1,0,0
4515,3.336,30.60,102.00,1,0,0
4518,3.336,30.60,102.00,1,0,0
4520,3.332,30.60,103.00,1,0,0
4523,3.336,30.70,103.00,1,0,0
4525,3.336,30.70,103.00,1,0,0
4528,3.336,30.70,103.00,1,0,0
4530,3.336,30.50,102.00,1,0,0
4533,3.336,30.60,102.00,1,0,0
4535,3.336,30.60,102.00,1,0,0
4538,3.336,30.70,103.00,1,0,0
4540,3.336,30.70,103.00,1,0,0
4553,3.336,30.60,102.00,1,0,0
4555,3.336,30.70,103.00,1,0,0
4558,3.336,30.80,103.00,1,0,0
4560,3.336,30.70,103.00,1,0,0
4563,3.336,30.60,102.00,1,0,0
4565,3.336,30.60,102.00,1,0,0
4568,3.336,30.70,103.00,1,0,0
4570,3.336,30.60,102.00,1,0,0
4572,3.336,30.70,103.00,1,0,0
4575,3.336,30.70,103.00,1,0,0
4577,3.336,30.70,103.00,1,0,0
4580,3.336,30.60,102.00,1,0,0
4582,3.336,30.60,102.00,1,0,0
4585,3.336,30.60,102.00,1,0,0
4587,3.336,30.70,103.00,1,0,0
4590,3.336,30.80,103.00,1,0,0
4602,3.304,97.30,319.00,1,0,0
4605,3.292,96.60,319.00,1,0,0
4607,3.336,30.70,103.00,1,0,0
4610,3.336,30.60,103.00,1,0,0
4612,3.336,30.60,102.00,1,0,0
4615,3.336,30.60,102.00,1,0,0
4617,3.336,30.60,102.00,1,0,0
4620,3.336,30.70,103.00,1,0,0
4622,3.336,30.80,103.00,1,0,0
4625,3.336,30.70,103.00,1,0,0
4627,3.336,30.60,102.00,1,0,0
4630,3.336,30.60,102.00,1,0,0
4632,3.332,30.60,102.00,1,0,0
4635,3.336,30.70,103.00,1,0,0
4637,3.336,30.70,103.00,1,0,0
4639,3.336,30.70,103.00,1,0,0
4652,3.336,30.80,103.00,1,0,0
4655,3.336,30.70,103.00,1,0,0
4657,3.336,30.80,103.00,1,0,0
4660,3.336,30.60,102.00,1,0,0
4662,3.336,30.60,102.00,1,0,0
4665,3.336,30.60,102.00,1,0,0
4667,3.336,30.70,103.00,1,0,0
4669,3.332,30.80,103.00,1,0,0
4672,3.332,30.80,103.00,1,0,0
4674,3.336,30.70,103.00,1,0,0
4677,3.340,30.60,102.00,1,0,0
4679,3.336,30.60,102.00,1,0,0
4682,3.336,30.70,103.00,1,0,0
4684,3.336,30.70,103.00,1,0,0
4687,3.336,30.70,103.00,1,0,0
4689,3.336,30.70,103.00,1,0,0
4702,3.336,30.70,103.00,1,0,0
4704,3.312,97.40,321.00,1,0,0
4707,3.292,97.00,318.00,1,0,0
4709,3.292,30.60,102.00,1,0,0
4712,3.332,30.60,102.00,1,0,0
4714,3.336,30.60,102.00,1,0,0
4717,3.336,30.70,103.00,1,0,0
4719,3.336,30.80,103.00,1,0,0
4722,3.336,30.70,102.00,1,0,0
4724,3.332,30.60,102.00,1,0,0
4727,3.336,30.60,102.00,1,0,0
4729,3.336,30.70,102.00,1,0,0
4731,3.336,30.60,102.00,1,0,0
4734,3.336,30.80,103.00,1,0,0
4736,3.336,30.70,103.00,1,0,0
4739,3.336,30.70,103.00,1,0,0
4752,3.336,30.70,103.00,1,0,0
4754,3.336,30.80,103.00,1,0,0
4757,3.336,30.60,102.00,1,0,0
4759,3.336,30.60,102.00,1,0,0
4761,3.332,30.60,102.00,1,0,0
4764,3.336,30.60,102.00,1,0,0
4766,3.336,30.70,103.00,1,0,0
4769,3.336,30.70,103.00,1,0,0
4771,3.336,30.80,103.00,1,0,0
4774,3.336,30.60,102.00,1,0,0
4776,3.336,30.60,102.00,1,0,0
4779,3.336,30.60,102.00,1,0,0
4781,3.336,30.70,103.00,1,0,0
4784,3.336,30.70,103.00,1,0,0
4786,3.336,30.70,103.00,1,0,0
4789,3.336,30.70,103.00,1,0,0
4801,3.336,30.70,103.00,1,0,0
4804,3.336,30.70,103.00,1,0,0
4806,3.336,97.20,319.00,1,0,0
4809,3.292,96.90,319.00,1,0,0
4811,3.292,51.80,102.00,1,0,0
4814,3.336,30.70,103.00,1,0,0
4816,3.332,30.70,103.00,1,0,0
4819,3.336,30.70,103.00,1,0,0
4821,3.336,30.60,102.00,1,0,0
4824,3.336,30.60,102.00,1,0,0
4826,3.336,30.60,102.00,1,0,0
4829,3.336,30.60,102.00,1,0,0
4831,3.336,30.70,103.00,1,0,0
4833,3.336,30.80,103.00,1,0,0
4836,3.336,30.70,103.00,1,0,0
4838,3.336,30.60,102.00,1,0,0
4851,3.336,30.70,103.00,1,0,0
4853,3.336,30.70,103.00,1,0,0
4856,3.336,30.60,102.00,1,0,0
4858,3.336,30.60,102.00,1,0,0
4861,3.336,30.60,102.00,1,0,0
4863,3.336,30.70,103.00,1,0,0
4866,3.336,30.80,103.00,1,0,0
4868,3.336,30.70,103.00,1,0,0
4871,3.332,30.60,102.00,1,0,0
4873,3.336,30.60,102.00,1,0,0
4876,3.336,30.60,102.00,1,0,0
4878,3.336,30.60,102.00,1,0,0
4881,3.336,30.70,103.00,1,0,0
4883,3.336,30.70,103.00,1,0,0
4886,3.336,30.70,103.00,1,0,0
4888,3.336,30.70,102.00,1,0,0
4901,3.336,30.70,102.00,1,0,0
4903,3.332,30.60,102.00,1,0,0
4906,3.336,30.60,102.00,1,0,0
4908,3.336,30.60,323.00,1,0,0
4911,3.292,97.10,319.00,1,0,0
4913,3.292,97.80,323.00,1,0,0
4916,3.292,97.90,318.00,1,0,0
4918,3.292,50.40,103.00,1,0,0
4920,3.336,30.60,102.00,1,0,0
4923,3.336,30.60,102.00,1,0,0
4925,3.336,30.60,103.00,1,0,0
4928,3.336,30.70,103.00,1,0,0
4930,3.336,30.70,102.00,1,0,0
4933,3.336,30.70,103.00,1,0,0
4935,3.336,30.60,102.00,1,0,0
4938,3.336,30.60,102.00,1,0,0
4950,3.336,30.70,103.00,1,0,0
4953,3.336,30.60,102.00,1,0,0
4955,3.336,30.60,102.00,1,0,0
4958,3.336,30.60,102.00,1,0,0
4960,3.336,30.70,103.00,1,0,0
4963,3.336,30.70,103.00,1,0,0
4965,3.336,30.70,103.00,1,0,0
4968,3.336,30.60,102.00,1,0,0
4970,3.336,30.60,102.00,1,0,0
4973,3.336,30.70,103.00,1,0,0
4975,3.336,30.70,103.00,1,0,0
4978,3.336,30.70,103.00,1,0,0
4980,3.336,30.70,103.00,1,0,0
4983,3.336,30.70,103.00,1,0,0
4985,3.336,30.60,103.00,1,0,0
4987,3.336,30.60,102.00,1,0,0
5000,3.336,30.60,102.00,1,0,0
5003,3.336,30.60,102.00,1,0,0
5005,3.336,30.60,102.00,1,0,0
5008,3.336,30.70,103.00,1,0,0
5010,3.336,30.70,102.00,1,0,0
5012,3.292,97.00,319.00,1,0,0
5015,3.292,96.60,315.00,1,0,0
5017,3.292,98.10,323.00,1,0,0
5020,3.292,97.60,321.00,1,0,0
5022,3.296,30.60,102.00,1,0,0
5025,3.336,30.70,103.00,1,0,0
5027,3.336,30.70,103.00,1,0,0
5030,3.336,30.70,103.00,1,0,0
5032,3.336,30.60,102.00,1,0,0
5035,3.336,30.60,102.00,1,0,0
5037,3.336,30.60,102.00,1,0,0
5050,3.336,30.60,102.00,1,0,0
5052,3.336,30.60,103.00,1,0,0
5055,3.336,30.60,102.00,1,0,0
5057,3.336,30.70,103.00,1,0,0
5060,3.336,30.70,103.00,1,0,0
5062,3.336,30.70,103.00,1,0,0
5065,3.336,30.60,102.00,1,0,0
5067,3.336,30.60,102.00,1,0,0
5070,3.336,30.60,102.00,1,0,0
5072,3.336,30.70,103.00,1,0,0
5075,3.336,30.80,103.00,1,0,0
5077,3.336,30.70,103.00,1,0,0
5079,3.336,30.70,103.00,1,0,0
5082,3.336,30.60,102.00,1,0,0
5084,3.336,30.60,102.00,1,0,0
5087,3.336,30.60,102.00,1,0,0
5100,3.336,30.60,102.00,1,0,0
5102,3.336,30.60,102.00,1,0,0
5105,3.336,30.60,103.00,1,0,0
5111,3.336,30.70,103.00,1,0,0
5114,3.336,91.60,301.00,1,0,0
5116,3.288,96.80,318.00,1,0,0
5119,3.292,30.60,102.00,1,0,0
5121,3.336,30.80,103.00,1,0,0
5124,3.336,30.80,103.00,1,0,0
5126,3.336,30.80,103.00,1,0,0
5128,3.336,30.70,103.00,1,0,0
5131,3.336,30.60,116.00,1,0,0
5133,3.336,30.60,102.00,1,0,0
5136,3.336,30.60,102.00,1,0,0
5138,3.336,30.80,103.00,1,0,0
5141,3.336,30.80,103.00,1,0,0
5143,3.336,30.70,103.00,1,0,0
5146,3.336,30.60,102.00,1,0,0
5148,3.336,30.60,102.00,1,0,0
5161,3.336,30.70,102.00,1,0,0
5163,3.336,30.60,102.00,1,0,0
5166,3.336,30.60,102.00,1,0,0
5168,3.336,30.60,103.00,1,0,0
5171,3.336,30.70,103.00,1,0,0
5173,3.336,30.70,103.00,1,0,0
5176,3.336,30.70,103.00,1,0,0
5178,3.336,30.60,102.00,1,0,0
5181,3.336,30.60,102.00,1,0,0
5183,3.336,30.60,102.00,1,0,0
5186,3.336,30.70,103.00,1,0,0
5188,3.336,30.70,103.00,1,0,0
5191,3.336,30.70,103.00,1,0,0
5193,3.336,30.70,103.00,1,0,0
5195,3.336,30.60,102.00,1,0,0
5198,3.336,30.60,102.00,1,0,0
5211,3.336,30.60,102.00,1,0,0
5213,3.336,30.60,102.00,1,0,0
5216,3.336,85.00,280.00,1,0,0
5218,3.292,96.60,318.00,1,0,0
5220,3.292,96.70,172.00,1,0,0
5223,3.336,30.80,103.00,1,0,0
5225,3.336,30.70,103.00,1,0,0
5228,3.336,30.60,102.00,1,0,0
5230,3.336,30.60,102.00,1,0,0
5233,3.336,30.60,102.00,1,0,0
5235,3.336,30.70,103.00,1,0,0
5238,3.336,30.80,103.00,1,0,0
5240,3.336,30.70,103.00,1,0,0
5243,3.336,30.60,102.00,1,0,0
5245,3.336,30.60,102.00,1,0,0
5248,3.336,30.70,103.00,1,0,0
5260,3.336,30.60,102.00,1,0,0
5263,3.336,30.60,102.00,1,0,0
5265,3.336,30.60,102.00,1,0,0
5268,3.336,30.70,103.00,1,0,0
5270,3.336,30.80,103.00,1,0,0
5273,3.336,30.70,103.00,1,0,0
5275,3.336,30.60,102.00,1,0,0
5278,3.336,30.60,102.00,1,0,0
5280,3.336,30.60,102.00,1,0,0
5283,3.336,30.60,103.00,1,0,0
5285,3.336,30.70,103.00,1,0,0
5287,3.336,30.80,103.00,1,0,0
5290,3.336,30.70,103.00,1,0,0
5292,3.336,30.60,102.00,1,0,0
5295,3.336,30.60,102.00,1,0,0
5297,3.336,30.60,102.00,1,0,0
5310,3.336,30.60,102.00,1,0,0
5313,3.336,30.60,102.00,1,0,0
5315,3.336,30.70,103.00,1,0,0
5317,3.336,30.70,244.00,1,0,0
5320,3.292,97.40,321.00,1,0,0
5322,3.292,96.70,318.00,1,0,0
5325,3.336,30.60,102.00,1,0,0
5327,3.336,30.60,102.00,1,0,0
5330,3.336,30.60,102.00,1,0,0
5332,3.336,30.70,103.00,1,0,0
5335,3.336,30.70,103.00,1,0,0
5337,3.336,30.70,103.00,1,0,0
5340,3.336,30.60,102.00,1,0,0
5342,3.336,30.60,102.00,1,0,0
5345,3.336,30.60,102.00,1,0,0
5347,3.336,30.60,102.00,1,0,0
5360,3.336,30.60,102.00,1,0,0
5362,3.336,30.60,102.00,1,0,0
5365,3.336,30.70,103.00,1,0,0
5367,3.332,30.80,103.00,1,0,0
5370,3.336,30.70,103.00,1,0,0
5372,3.336,30.60,102.00,1,0,0
5375,3.336,30.60,102.00,1,0,0
5377,3.336,30.60,102.00,1,0,0
5380,3.336,30.60,103.00,1,0,0
5382,3.336,30.70,103.00,1,0,0
5384,3.336,30.70,103.00,1,0,0
5387,3.336,30.70,103.00,1,0,0
5389,3.336,30.60,102.00,1,0,0
5392,3.336,30.60,102.00,1,0,0
5394,3.336,30.60,102.00,1,0,0
5397,3.336,30.70,103.00,1,0,0
5410,3.336,30.60,102.00,1,0,0
5412,3.336,30.70,103.00,1,0,0
5414,3.336,30.70,103.00,1,0,0
5417,3.336,30.80,103.00,1,0,0
5419,3.336,30.70,103.00,1,0,0
5422,3.292,97.40,319.00,1,0,0
5424,3.292,94.10,315.00,1,0,0
5427,3.336,30.60,102.00,1,0,0
5429,3.336,30.70,103.00,1,0,0
5432,3.336,30.70,103.00,1,0,0
5434,3.336,30.70,103.00,1,0,0
5437,3.336,30.60,102.00,1,0,0
5439,3.336,30.60,102.00,1,0,0
5442,3.336,30.60,102.00,1,0,0
5444,3.336,30.70,103.00,1,0,0
5447,3.340,30.70,103.00,1,0,0
5459,3.336,30.60,102.00,1,0,0
5462,3.336,30.70,103.00,1,0,0
5464,3.336,30.90,103.00,1,0,0
5467,3.336,30.70,103.00,1,0,0
5469,3.336,30.60,102.00,1,0,0
5472,3.336,30.60,102.00,1,0,0
5474,3.336,30.60,102.00,1,0,0
5477,3.336,30.70,103.00,1,0,0
5479,3.340,30.70,103.00,1,0,0
5481,3.336,30.70,103.00,1,0,0
5484,3.336,30.70,103.00,1,0,0
5486,3.336,30.60,102.00,1,0,0
5489,3.336,30.70,103.00,1,0,0
5491,3.336,30.60,102.00,1,0,0
5494,3.336,30.80,103.00,1,0,0
5496,3.336,30.70,103.00,1,0,0
5509,3.336,30.70,103.00,1,0,0
5511,3.336,30.70,103.00,1,0,0
5514,3.336,30.70,103.00,1,0,0
5516,3.336,30.70,103.00,1,0,0
5519,3.336,30.60,102.00,1,0,0
5521,3.336,30.60,102.00,1,0,0
5524,3.336,97.30,321.00,1,0,0
5526,3.292,97.00,319.00,1,0,0
5529,3.336,30.70,103.00,1,0,0
5531,3.336,30.70,103.00,1,0,0
5534,3.336,30.70,103.00,1,0,0
5536,3.336,30.60,102.00,1,0,0
5539,3.336,30.70,103.00,1,0,0
5541,3.336,30.70,103.00,1,0,0
5544,3.336,30.70,103.00,1,0,0
5546,3.336,30.70,103.00,1,0,0
5559,3.336,30.70,103.00,1,0,0
5561,3.336,30.70,103.00,1,0,0
5564,3.336,30.80,103.00,1,0,0
5566,3.336,30.60,102.00,1,0,0
5569,3.336,30.60,102.00,1,0,0
5571,3.336,30.60,102.00,1,0,0
5573,3.336,30.60,103.00,1,0,0
5576,3.336,30.70,103.00,1,0,0
5578,3.336,30.70,103.00,1,0,0
5581,3.336,30.70,103.00,1,0,0
5583,3.336,30.60,102.00,1,0,0
5586,3.336,30.60,102.00,1,0,0
5588,3.336,30.60,102.00,1,0,0
5591,3.336,30.70,103.00,1,0,0
5593,3.336,30.70,103.00,1,0,0
5596,3.336,30.70,103.00,1,0,0
5608,3.340,30.70,103.00,1,0,0
5611,3.336,30.70,103.00,1,0,0
5613,3.336,30.70,103.00,1,0,0
5616,3.336,30.50,102.00,1,0,0
5618,3.336,30.60,102.00,1,0,0
5621,3.336,30.60,102.00,1,0,0
5623,3.336,30.80,103.00,1,0,0
5626,3.336,44.30,321.00,1,0,0
5628,3.292,96.70,318.00,1,0,0
5631,3.292,30.70,103.00,1,0,0
5633,3.336,30.60,102.00,1,0,0
5636,3.336,30.60,102.00,1,0,0
5638,3.336,30.70,103.00,1,0,0
5641,3.336,30.60,103.00,1,0,0
5643,3.336,30.70,103.00,1,0,0
5645,3.336,30.70,103.00,1,0,0
5658,3.336,30.70,103.00,1,0,0
5661,3.336,30.70,103.00,1,0,0
5663,3.336,30.60,102.00,1,0,0
5666,3.336,30.60,102.00,1,0,0
5668,3.336,30.60,102.00,1,0,0
5670,3.336,30.60,103.00,1,0,0
5673,3.336,30.70,103.00,1,0,0
5675,3.336,30.70,103.00,1,0,0
5678,3.336,30.80,103.00,1,0,0
5680,3.336,30.60,102.00,1,0,0
5683,3.336,30.60,102.00,1,0,0
5685,3.336,30.60,103.00,1,0,0
5688,3.336,30.70,103.00,1,0,0
5690,3.336,30.70,103.00,1,0,0
5693,3.336,30.70,103.00,1,0,0
5695,3.336,30.70,103.00,1,0,0
5708,3.336,30.60,102.00,1,0,0
5710,3.336,30.80,103.00,1,0,0
5713,3.336,30.60,102.00,1,0,0
5715,3.336,30.60,102.00,1,0,0
5718,3.336,30.60,102.00,1,0,0
5720,3.336,30.70,103.00,1,0,0
5723,3.336,30.70,103.00,1,0,0
5725,3.336,30.70,103.00,1,0,0
5728,3.336,36.30,120.00,1,0,0
5730,3.292,96.80,318.00,1,0,0
5733,3.292,33.50,111.00,1,0,0
5735,3.336,30.60,102.00,1,0,0
5738,3.336,30.70,103.00,1,0,0
5740,3.336,30.70,103.00,1,0,0
5742,3.336,30.70,103.00,1,0,0
5745,3.336,30.60,102.00,1,0,0
5758,3.336,30.70,103.00,1,0,0
5760,3.336,30.70,103.00,1,0,0
5763,3.336,30.60,102.00,1,0,0
5765,3.336,30.60,102.00,1,0,0
5767,3.336,30.60,103.00,1,0,0
5770,3.336,30.70,103.00,1,0,0
5772,3.336,30.80,103.00,1,0,0
5775,3.336,30.70,103.00,1,0,0
5777,3.336,30.60,102.00,1,0,0
5780,3.336,30.60,102.00,1,0,0
5782,3.336,30.70,102.00,1,0,0
5785,3.336,30.70,103.00,1,0,0
5787,3.336,30.80,103.00,1,0,0
5790,3.336,30.70,103.00,1,0,0
5792,3.336,30.60,102.00,1,0,0
5795,3.336,30.60,102.00,1,0,0
5807,3.336,30.70,103.00,1,0,0
5810,3.336,30.60,102.00,1,0,0
5812,3.336,30.60,102.00,1,0,0
5815,3.336,30.70,103.00,1,0,0
5817,3.336,30.70,102.00,1,0,0
5820,3.336,30.70,103.00,1,0,0
5822,3.336,30.70,103.00,1,0,0
5825,3.336,30.70,103.00,1,0,0
5827,3.336,30.60,102.00,1,0,0
5830,3.336,32.10,106.00,1,0,0
5832,3.292,97.40,321.00,1,0,0
5835,3.292,95.90,154.00,1,0,0
5837,3.336,30.70,103.00,1,0,0
5839,3.336,30.70,103.00,1,0,0
5842,3.336,30.60,103.00,1,0,0
5844,3.336,30.60,102.00,1,0,0
5857,3.336,30.60,102.00,1,0,0
5860,3.336,30.70,103.00,1,0,0
5862,3.336,30.60,102.00,1,0,0
5865,3.336,30.60,103.00,1,0,0
5867,3.336,30.70,103.00,1,0,0
5869,3.336,30.90,103.00,1,0,0
5872,3.336,30.70,103.00,1,0,0
5874,3.336,30.60,102.00,1,0,0
5877,3.336,30.60,102.00,1,0,0
5879,3.336,30.60,102.00,1,0,0
5882,3.336,30.70,103.00,1,0,0
5884,3.336,30.80,103.00,1,0,0
5887,3.336,30.70,103.00,1,0,0
5889,3.336,30.60,102.00,1,0,0
5892,3.336,30.60,102.00,1,0,0
5894,3.336,30.50,102.00,1,0,0
5907,3.336,30.60,102.00,1,0,0
5909,3.336,30.60,102.00,1,0,0
5912,3.336,30.60,102.00,1,0,0
5914,3.336,30.70,103.00,1,0,0
5917,3.336,30.70,103.00,1,0,0
5919,3.336,30.70,103.00,1,0,0
5922,3.336,30.70,103.00,1,0,0
5924,3.336,30.60,102.00,1,0,0
5927,3.336,30.60,102.00,1,0,0
5929,3.336,30.50,102.00,1,0,0
5932,3.336,30.70,102.00,1,0,0
5934,3.296,96.80,318.00,1,0,0
5936,3.292,96.70,319.00,1,0,0
5939,3.336,30.70,102.00,1,0,0
5941,3.336,30.60,102.00,1,0,0
5944,3.336,30.60,102.00,1,0,0
5957,3.336,30.60,102.00,1,0,0
5959,3.336,30.60,102.00,1,0,0
5962,3.332,30.70,102.00,1,0,0
5964,3.336,30.70,103.00,1,0,0
5966,3.336,30.80,103.00,1,0,0
5969,3.336,30.70,103.00,1,0,0
5971,3.336,30.60,102.00,1,0,0
5974,3.336,30.60,102.00,1,0,0
5976,3.336,30.60,102.00,1,0,0
5979,3.336,30.70,103.00,1,0,0
5981,3.336,30.80,103.00,1,0,0
5984,3.336,30.70,103.00,1,0,0
5986,3.336,30.60,102.00,1,0,0
5989,3.336,30.60,102.00,1,0,0
5991,3.336,30.60,103.00,1,0,0
5994,3.336,30.60,102.00,1,0,0
6006,3.336,30.60,102.00,1,0,0
6009,3.336,30.60,102.00,1,0,0
6011,3.336,30.70,103.00,1,0,0
6014,3.336,30.70,103.00,1,0,0
6016,3.336,30.80,103.00,1,0,0
6019,3.336,30.70,103.00,1,0,0
6021,3.336,30.60,102.00,1,0,0
6024,3.336,30.60,102.00,1,0,0
6026,3.336,30.60,102.00,1,0,0
6029,3.336,30.70,103.00,1,0,0
6031,3.336,30.70,103.00,1,0,0
6033,3.336,30.80,103.00,1,0,0
6036,3.308,96.20,321.00,1,0,0
6038,3.292,96.20,318.00,1,0,0
6041,3.336,30.60,102.00,1,0,0
6043,3.336,30.70,103.00,1,0,0
6056,3.336,30.60,102.00,1,0,0
6059,3.336,30.60,103.00,1,0,0
6061,3.336,30.70,103.00,1,0,0
6063,3.336,30.70,103.00,1,0,0
6066,3.336,30.70,103.00,1,0,0
6068,3.336,30.60,102.00,1,0,0
6071,3.336,30.60,102.00,1,0,0
6073,3.336,30.60,102.00,1,0,0
6076,3.336,30.70,103.00,1,0,0
6078,3.336,30.70,103.00,1,0,0
6081,3.336,30.70,103.00,1,0,0
6083,3.336,30.70,103.00,1,0,0
6086,3.336,30.60,102.00,1,0,0
6088,3.336,30.60,102.00,1,0,0
6091,3.336,30.60,102.00,1,0,0
6093,3.336,30.70,103.00,1,0,0
6106,3.336,30.60,102.00,1,0,0
6108,3.336,30.70,103.00,1,0,0
6111,3.336,30.80,103.00,1,0,0
6113,3.336,30.70,103.00,1,0,0
6116,3.336,30.70,103.00,1,0,0
6118,3.336,30.60,102.00,1,0,0
6121,3.336,30.60,102.00,1,0,0
6123,3.336,30.60,102.00,1,0,0
6126,3.336,30.80,103.00,1,0,0
6128,3.336,30.70,103.00,1,0,0
6130,3.336,30.70,103.00,1,0,0
6133,3.336,30.60,102.00,1,0,0
6135,3.336,30.60,102.00,1,0,0
6138,3.312,97.40,321.00,1,0,0
6140,3.292,97.20,316.00,1,0,0
6143,3.292,30.70,103.00,1,0,0
6156,3.336,30.70,103.00,1,0,0
6158,3.336,30.70,103.00,1,0,0
6160,3.336,30.70,103.00,1,0,0
6163,3.336,30.70,102.00,1,0,0
6165,3.336,30.60,102.00,1,0,0
6168,3.336,30.60,102.00,1,0,0
6170,3.336,30.60,102.00,1,0,0
6173,3.336,30.70,103.00,1,0,0
6175,3.336,30.70,103.00,1,0,0
6178,3.336,30.70,103.00,1,0,0
6180,3.336,30.60,102.00,1,0,0
6183,3.336,30.60,102.00,1,0,0
6185,3.336,30.60,102.00,1,0,0
6188,3.336,30.60,102.00,1,0,0
6190,3.336,30.80,103.00,1,0,0
6193,3.336,30.70,103.00,1,0,0
6205,3.336,30.70,103.00,1,0,0
6208,3.336,30.80,103.00,1,0,0
6210,3.336,30.70,103.00,1,0,0
6213,3.336,30.80,103.00,1,0,0
6215,3.336,30.60,102.00,1,0,0
6218,3.336,30.60,102.00,1,0,0
6220,3.336,30.60,102.00,1,0,0
6223,3.336,30.70,103.00,1,0,0
6225,3.336,30.70,103.00,1,0,0
6227,3.336,30.80,103.00,1,0,0
6230,3.336,30.60,102.00,1,0,0
6232,3.336,30.60,102.00,1,0,0
6235,3.336,30.60,102.00,1,0,0
6237,3.336,30.70,103.00,1,0,0
6240,3.336,96.30,316.00,1,0,0
6242,3.292,98.00,323.00,1,0,0
6255,3.336,30.70,103.00,1,0,0
6257,3.336,30.70,103.00,1,0,0
6260,3.336,30.80,103.00,1,0,0
6262,3.336,30.60,102.00,1,0,0
6265,3.336,30.50,102.00,1,0,0
6267,3.336,30.60,102.00,1,0,0
6270,3.336,30.70,103.00,1,0,0
6272,3.336,30.70,103.00,1,0,0
6275,3.336,30.80,103.00,1,0,0
6277,3.336,30.70,103.00,1,0,0
6280,3.336,30.60,102.00,1,0,0
6282,3.336,30.50,102.00,1,0,0
6285,3.332,30.70,103.00,1,0,0
6287,3.336,30.80,103.00,1,0,0
6290,3.336,30.80,103.00,1,0,0
6292,3.336,30.70,103.00,1,0,0
6305,3.336,30.70,103.00,1,0,0
6307,3.336,30.70,103.00,1,0,0
6310,3.336,30.70,103.00,1,0,0
6312,3.336,30.60,102.00,1,0,0
6315,3.336,30.60,102.00,1,0,0
6317,3.336,30.70,103.00,1,0,0
6320,3.336,30.60,103.00,1,0,0
6322,3.336,30.70,103.00,1,0,0
6324,3.336,30.70,103.00,1,0,0
6327,3.336,30.60,102.00,1,0,0
6329,3.336,30.60,102.00,1,0,0
6332,3.336,30.60,102.00,1,0,0
6334,3.336,30.70,103.00,1,0,0
6337,3.336,30.80,103.00,1,0,0
6339,3.336,30.80,103.00,1,0,0
6342,3.336,30.80,321.00,1,0,0
6354,3.336,30.70,103.00,1,0,0
6357,3.336,30.70,103.00,1,0,0
6359,3.336,30.70,103.00,1,0,0
6362,3.336,30.60,102.00,1,0,0
6364,3.336,30.60,102.00,1,0,0
6367,3.336,30.70,103.00,1,0,0
6369,3.336,31.00,103.00,1,0,0
6372,3.336,30.70,103.00,1,0,0
6374,3.336,30.70,103.00,1,0,0
6377,3.336,30.60,102.00,1,0,0
6379,3.336,30.60,102.00,1,0,0
6382,3.336,30.60,102.00,1,0,0
6384,3.336,30.80,103.00,1,0,0
6387,3.336,30.70,103.00,1,0,0
6389,3.336,30.70,103.00,1,0,0
6391,3.336,30.60,102.00,1,0,0
6404,3.336,30.80,103.00,1,0,0
6407,3.336,30.80,103.00,1,0,0
6409,3.336,30.60,102.00,1,0,0
6412,3.336,30.60,102.00,1,0,0
6414,3.336,30.60,102.00,1,0,0
6417,3.336,30.70,103.00,1,0,0
6419,3.336,30.70,103.00,1,0,0
6421,3.336,30.70,103.00,1,0,0
6424,3.336,30.60,102.00,1,0,0
6426,3.336,30.60,102.00,1,0,0
6429,3.336,30.60,102.00,1,0,0
6431,3.336,30.70,103.00,1,0,0
6434,3.336,30.80,103.00,1,0,0
6436,3.336,30.70,103.00,1,0,0
6439,3.336,30.70,103.00,1,0,0
6441,3.336,30.60,102.00,1,0,0
6454,3.336,30.70,103.00,1,0,0
6456,3.336,30.60,102.00,1,0,0
6459,3.336,30.60,102.00,1,0,0
6461,3.336,30.60,102.00,1,0,0
6464,3.336,30.70,103.00,1,0,0
6466,3.336,30.70,103.00,1,0,0
6469,3.336,30.80,103.00,1,0,0
6471,3.336,30.70,103.00,1,0,0
6474,3.336,30.60,102.00,1,0,0
6476,3.336,30.60,102.00,1,0,0
6479,3.336,30.60,102.00,1,0,0
6481,3.336,30.70,103.00,1,0,0
6484,3.336,30.70,103.00,1,0,0
6486,3.336,30.70,103.00,1,0,0
6489,3.336,30.70,103.00,1,0,0
6491,3.336,30.70,103.00,1,0,0
6504,3.336,30.70,103.00,1,0,0
6506,3.336,30.70,102.00,1,0,0
6509,3.336,30.70,103.00,1,0,0
6511,3.336,30.60,102.00,1,0,0
6514,3.336,30.80,103.00,1,0,0
6516,3.336,30.80,103.00,1,0,0
6518,3.336,30.80,103.00,1,0,0
6521,3.336,30.70,102.00,1,0,0
6523,3.336,30.60,102.00,1,0,0
6526,3.336,30.60,102.00,1,0,0
6528,3.336,30.70,103.00,1,0,0
6531,3.336,30.80,103.00,1,0,0
6533,3.336,30.80,103.00,1,0,0
6536,3.336,30.70,103.00,1,0,0
6538,3.336,30.70,103.00,1,0,0
6541,3.336,30.60,102.00,1,0,0
6553,3.336,30.60,102.00,1,0,0
6556,3.336,30.60,102.00,1,0,0
6558,3.336,30.60,102.00,1,0,0
6561,3.336,30.70,103.00,1,0,0
6563,3.336,30.70,103.00,1,0,0
6566,3.336,30.70,103.00,1,0,0
6568,3.336,30.80,103.00,1,0,0
6571,3.332,30.60,102.00,1,0,0
6573,3.336,30.70,102.00,1,0,0
6576,3.336,30.60,102.00,1,0,0
6578,3.336,30.70,103.00,1,0,0
6581,3.336,30.70,103.00,1,0,0
6583,3.336,30.70,103.00,1,0,0
6586,3.336,30.60,102.00,1,0,0
6588,3.336,30.60,102.00,1,0,0
6590,3.336,30.60,102.00,1,0,0
6603,3.336,30.60,102.00,1,0,0
6606,3.332,30.70,103.00,1,0,0
6608,3.336,30.60,102.00,1,0,0
6611,3.336,30.70,103.00,1,0,0
6613,3.336,30.70,103.00,1,0,0
6615,3.336,30.70,103.00,1,0,0
6618,3.336,30.60,102.00,1,0,0
6620,3.336,30.60,102.00,1,0,0
6623,3.336,30.70,103.00,1,0,0
6625,3.336,30.60,102.00,1,0,0
6628,3.332,30.70,103.00,1,0,0
6630,3.336,30.70,103.00,1,0,0
6633,3.336,30.70,102.00,1,0,0
6635,3.336,30.70,103.00,1,0,0
6638,3.336,30.60,102.00,1,0,0
6640,3.336,30.60,102.00,1,0,0
6653,3.292,96.50,318.00,1,0,0
6655,3.324,30.60,103.00,1,0,0
6658,3.336,30.80,103.00,1,0,0
6660,3.336,30.70,103.00,1,0,0
6663,3.336,30.70,103.00,1,0,0
6665,3.336,30.70,103.00,1,0,0
6668,3.336,30.60,102.00,1,0,0
6670,3.336,30.60,102.00,1,0,0
6673,3.336,30.60,102.00,1,0,0
6675,3.336,30.70,103.00,1,0,0
6678,3.336,30.70,103.00,1,0,0
6680,3.336,30.70,103.00,1,0,0
6683,3.336,30.60,102.00,1,0,0
6685,3.336,30.70,102.00,1,0,0
6687,3.336,30.50,102.00,1,0,0
6690,3.336,30.70,103.00,1,0,0
6703,3.336,30.60,102.00,1,0,0
6705,3.336,30.60,102.00,1,0,0
6708,3.336,30.70,103.00,1,0,0
6710,3.336,30.70,103.00,1,0,0
6713,3.336,30.70,103.00,1,0,0
6715,3.336,30.60,102.00,1,0,0
6717,3.336,30.60,102.00,1,0,0
6720,3.336,30.60,102.00,1,0,0
6722,3.336,30.60,103.00,1,0,0
6725,3.336,30.70,103.00,1,0,0
6727,3.336,30.70,103.00,1,0,0
6730,3.336,30.70,103.00,1,0,0
6732,3.336,30.60,102.00,1,0,0
6735,3.336,30.70,103.00,1,0,0
6737,3.336,30.60,102.00,1,0,0
6740,3.336,30.80,103.00,1,0,0
6752,3.336,75.10,321.00,1,0,0
6755,3.292,96.80,318.00,1,0,0
6757,3.336,30.70,103.00,1,0,0
6760,3.336,30.70,103.00,1,0,0
6762,3.336,30.80,103.00,1,0,0
6765,3.336,30.70,103.00,1,0,0
6767,3.336,30.60,102.00,1,0,0
6770,3.336,30.60,102.00,1,0,0
6772,3.336,30.70,103.00,1,0,0
6775,3.336,30.70,103.00,1,0,0
6777,3.336,30.70,103.00,1,0,0
6780,3.336,30.60,102.00,1,0,0
6782,3.336,30.60,102.00,1,0,0
6784,3.336,30.60,102.00,1,0,0
6787,3.336,30.70,103.00,1,0,0
6789,3.336,30.70,103.00,1,0,0
6802,3.336,30.60,102.00,1,0,0
6805,3.336,30.70,103.00,1,0,0
6807,3.336,30.70,103.00,1,0,0
6810,3.336,30.70,103.00,1,0,0
6812,3.336,30.60,102.00,1,0,0
6814,3.336,30.60,102.00,1,0,0
6817,3.336,30.60,102.00,1,0,0
6819,3.336,30.60,103.00,1,0,0
6822,3.336,30.70,103.00,1,0,0
6824,3.336,30.70,103.00,1,0,0
6827,3.336,30.80,102.00,1,0,0
6829,3.336,30.60,102.00,1,0,0
6832,3.336,30.60,102.00,1,0,0
6834,3.336,30.60,103.00,1,0,0
6837,3.336,30.70,103.00,1,0,0
6839,3.336,30.70,103.00,1,0,0
6852,3.336,30.70,103.00,1,0,0
6854,3.336,65.70,216.00,1,0,0
6857,3.292,99.80,319.00,1,0,0
6859,3.292,30.80,103.00,1,0,0
6862,3.336,30.60,102.00,1,0,0
6864,3.336,30.60,102.00,1,0,0
6867,3.336,30.60,102.00,1,0,0
6869,3.336,31.00,103.00,1,0,0
6872,3.336,30.70,103.00,1,0,0
6874,3.336,30.70,103.00,1,0,0
6877,3.336,30.60,102.00,1,0,0
6879,3.336,30.70,102.00,1,0,0
6881,3.336,30.60,102.00,1,0,0
6884,3.336,30.70,103.00,1,0,0
6886,3.336,30.80,103.00,1,0,0
6889,3.336,30.80,103.00,1,0,0
6902,3.336,30.80,103.00,1,0,0
6904,3.336,30.70,103.00,1,0,0
6907,3.336,30.70,103.00,1,0,0
6909,3.336,30.70,102.00,1,0,0
6911,3.336,30.60,102.00,1,0,0
6914,3.336,30.60,102.00,1,0,0
6916,3.336,30.60,102.00,1,0,0
6919,3.336,30.70,103.00,1,0,0
6921,3.336,30.70,103.00,1,0,0
6924,3.336,30.70,103.00,1,0,0
6926,3.336,30.60,102.00,1,0,0
6929,3.336,30.60,102.00,1,0,0
6931,3.336,30.60,102.00,1,0,0
6934,3.336,30.80,103.00,1,0,0
6936,3.336,30.70,103.00,1,0,0
6939,3.336,30.80,103.00,1,0,0
6951,3.336,30.70,103.00,1,0,0
6954,3.336,30.70,103.00,1,0,0
6956,3.336,57.20,188.00,1,0,0
6959,3.292,96.80,318.00,1,0,0
6961,3.292,96.60,103.00,1,0,0
6964,3.336,30.70,103.00,1,0,0
6966,3.336,30.70,103.00,1,0,0
6969,3.336,30.70,103.00,1,0,0
6971,3.336,30.70,103.00,1,0,0
6974,3.332,30.60,102.00,1,0,0
6976,3.336,30.70,102.00,1,0,0
6978,3.336,30.50,102.00,1,0,0
6981,3.336,30.60,102.00,1,0,0
6983,3.336,30.70,103.00,1,0,0
6986,3.336,30.80,103.00,1,0,0
6988,3.336,30.80,103.00,1,0,0
7001,3.336,30.70,103.00,1,0,0
7004,3.336,30.70,103.00,1,0,0
7006,3.336,30.70,103.00,1,0,0
7008,3.336,30.60,102.00,1,0,0
7011,3.336,30.60,102.00,1,0,0
7013,3.336,30.60,103.00,1,0,0
7016,3.336,30.70,103.00,1,0,0
7018,3.336,30.70,103.00,1,0,0
7021,3.336,30.70,103.00,1,0,0
7023,3.336,30.60,102.00,1,0,0
7026,3.336,30.60,102.00,1,0,0
7028,3.340,30.60,102.00,1,0,0
7031,3.336,30.70,103.00,1,0,0
7033,3.336,30.70,103.00,1,0,0
7036,3.336,30.70,103.00,1,0,0
7038,3.336,30.70,103.00,1,0,0
7051,3.336,30.70,103.00,1,0,0
7053,3.336,30.70,103.00,1,0,0
7056,3.336,30.70,103.00,1,0,0
7058,3.336,30.60,151.00,1,0,0
7061,3.292,98.20,323.00,1,0,0
7063,3.292,96.60,321.00,1,0,0
7066,3.336,30.70,103.00,1,0,0
7068,3.336,30.70,103.00,1,0,0
7071,3.336,30.60,102.00,1,0,0
7073,3.336,30.60,102.00,1,0,0
7076,3.336,30.70,103.00,1,0,0
7078,3.336,30.70,103.00,1,0,0
7080,3.336,30.70,103.00,1,0,0
7083,3.336,30.70,103.00,1,0,0
7085,3.336,30.70,103.00,1,0,0
7088,3.336,30.60,102.00,1,0,0
7101,3.336,30.70,103.00,1,0,0
7103,3.336,30.70,102.00,1,0,0
7105,3.340,30.60,102.00,1,0,0
7112,3.336,30.70,103.00,1,0,0
7115,3.336,30.70,103.00,1,0,0
7117,3.336,30.70,103.00,1,0,0
7120,3.336,30.60,102.00,1,0,0
7122,3.336,30.60,102.00,1,0,0
7125,3.332,30.60,102.00,1,0,0
7127,3.336,30.70,103.00,1,0,0
7129,3.336,30.80,103.00,1,0,0
7132,3.336,30.70,103.00,1,0,0
7134,3.336,30.70,102.00,1,0,0
7137,3.336,30.70,103.00,1,0,0
7139,3.336,30.60,102.00,1,0,0
7142,3.336,30.60,102.00,1,0,0
7144,3.336,30.70,103.00,1,0,0
7147,3.336,30.70,103.00,1,0,0
7149,3.336,30.80,103.00,1,0,0
7162,3.336,96.20,316.00,1,0,0
7164,3.292,97.10,319.00,1,0,0
7167,3.324,30.70,102.00,1,0,0
7169,3.336,30.60,102.00,1,0,0
7172,3.336,30.60,102.00,1,0,0
7174,3.336,30.60,102.00,1,0,0
7177,3.336,30.80,103.00,1,0,0
7179,3.336,30.70,103.00,1,0,0
7182,3.332,30.60,103.00,1,0,0
7184,3.336,30.60,102.00,1,0,0
7187,3.336,30.60,102.00,1,0,0
7189,3.336,30.70,102.00,1,0,0
7192,3.336,30.70,103.00,1,0,0
7194,3.336,30.70,103.00,1,0,0
7197,3.336,30.70,103.00,1,0,0
7199,3.336,30.70,102.00,1,0,0
7212,3.336,30.70,103.00,1,0,0
7214,3.336,30.70,103.00,1,0,0
7217,3.336,30.60,102.00,1,0,0
7219,3.336,30.60,102.00,1,0,0
7222,3.336,30.60,102.00,1,0,0
7224,3.336,30.60,102.00,1,0,0
7226,3.336,30.80,103.00,1,0,0
7229,3.336,30.70,103.00,1,0,0
7231,3.336,30.70,103.00,1,0,0
7234,3.336,30.60,102.00,1,0,0
7236,3.336,30.70,103.00,1,0,0
7239,3.336,30.60,102.00,1,0,0
7241,3.336,30.70,103.00,1,0,0
7244,3.336,30.80,103.00,1,0,0
7246,3.336,30.60,102.00,1,0,0
7249,3.336,30.60,102.00,1,0,0
7261,3.336,30.70,103.00,1,0,0
7264,3.336,32.70,319.00,1,0,0
7266,3.292,96.50,318.00,1,0,0
7269,3.316,30.60,102.00,1,0,0
7271,3.336,30.60,102.00,1,0,0
7274,3.336,30.70,103.00,1,0,0
7276,3.336,30.70,103.00,1,0,0
7279,3.336,30.80,103.00,1,0,0
7281,3.336,30.60,102.00,1,0,0
7284,3.336,30.60,102.00,1,0,0
7286,3.336,30.70,103.00,1,0,0
7289,3.336,30.60,103.00,1,0,0
7291,3.336,30.70,103.00,1,0,0
7293,3.336,30.60,102.00,1,0,0
7296,3.336,30.70,103.00,1,0,0
7298,3.336,30.60,102.00,1,0,0
7311,3.336,30.70,103.00,1,0,0
7314,3.336,30.60,102.00,1,0,0
7316,3.336,30.70,102.00,1,0,0
7318,3.336,30.60,102.00,1,0,0
7321,3.332,30.70,103.00,1,0,0
7323,3.336,30.70,103.00,1,0,0
7326,3.336,30.70,103.00,1,0,0
7328,3.336,30.70,103.00,1,0,0
7331,3.336,30.60,102.00,1,0,0
7333,3.336,30.60,103.00,1,0,0
7336,3.336,30.70,103.00,1,0,0
7338,3.336,30.70,103.00,1,0,0
7341,3.336,30.80,103.00,1,0,0
7343,3.336,30.70,103.00,1,0,0
7346,3.336,30.60,102.00,1,0,0
7348,3.336,30.60,103.00,1,0,0
7361,3.336,30.70,102.00,1,0,0
7363,3.336,30.60,102.00,1,0,0
7366,3.336,30.60,102.00,1,0,0
7368,3.292,96.50,319.00,1,0,0
7371,3.292,30.80,103.00,1,0,0
7373,3.336,30.70,103.00,1,0,0
7376,3.336,30.70,103.00,1,0,0
7378,3.336,30.60,102.00,1,0,0
7381,3.336,30.60,102.00,1,0,0
7383,3.336,30.70,103.00,1,0,0
7386,3.336,30.60,103.00,1,0,0
7388,3.336,30.70,103.00,1,0,0
7390,3.336,30.70,103.00,1,0,0
7393,3.336,30.80,103.00,1,0,0
7395,3.336,30.60,102.00,1,0,0
7398,3.336,30.50,102.00,1,0,0
7411,3.336,30.70,103.00,1,0,0
7413,3.336,30.60,102.00,1,0,0
7416,3.336,30.60,102.00,1,0,0
7418,3.336,30.60,102.00,1,0,0
7420,3.336,30.70,102.00,1,0,0
7423,3.336,30.70,103.00,1,0,0
7425,3.336,30.70,103.00,1,0,0
7428,3.336,30.70,102.00,1,0,0
7430,3.336,30.60,102.00,1,0,0
7433,3.336,30.60,102.00,1,0,0
7435,3.336,30.70,103.00,1,0,0
7438,3.336,30.80,103.00,1,0,0
7440,3.336,30.70,103.00,1,0,0
7443,3.336,30.60,102.00,1,0,0
7445,3.336,30.60,102.00,1,0,0
7448,3.336,30.60,102.00,1,0,0
7460,3.336,30.50,102.00,1,0,0
7463,3.336,30.60,102.00,1,0,0
7465,3.336,30.60,102.00,1,0,0
7468,3.336,30.70,102.00,1,0,0
7470,3.304,97.60,321.00,1,0,0
7473,3.292,96.80,318.00,1,0,0
7475,3.292,53.30,102.00,1,0,0
7478,3.336,30.60,102.00,1,0,0
7480,3.336,30.50,102.00,1,0,0
7482,3.336,30.60,103.00,1,0,0
7485,3.336,30.70,103.00,1,0,0
7487,3.336,30.80,103.00,1,0,0
7490,3.336,30.70,103.00,1,0,0
7492,3.336,30.60,102.00,1,0,0
7495,3.336,30.60,102.00,1,0,0
7497,3.336,30.60,102.00,1,0,0
7510,3.336,30.60,102.00,1,0,0
7512,3.336,30.60,102.00,1,0,0
7515,3.336,30.70,103.00,1,0,0
7517,3.336,30.70,103.00,1,0,0
7520,3.336,30.70,103.00,1,0,0
7522,3.336,30.70,103.00,1,0,0
7525,3.336,30.60,102.00,1,0,0
7527,3.336,30.60,102.00,1,0,0
7530,3.336,30.60,102.00,1,0,0
7532,3.336,30.70,103.00,1,0,0
7535,3.336,30.70,103.00,1,0,0
7537,3.336,30.70,103.00,1,0,0
7539,3.336,30.70,103.00,1,0,0
7542,3.336,30.60,103.00,1,0,0
7544,3.336,30.60,102.00,1,0,0
7547,3.336,30.60,102.00,1,0,0
7560,3.336,30.60,102.00,1,0,0
7562,3.336,30.60,102.00,1,0,0
7564,3.336,30.70,103.00,1,0,0
7567,3.336,30.70,103.00,1,0,0
7569,3.336,30.80,103.00,1,0,0
7572,3.312,96.20,318.00,1,0,0
7574,3.300,30.60,102.00,1,0,0
7577,3.336,30.60,102.00,1,0,0
7579,3.336,30.60,103.00,1,0,0
7582,3.336,30.70,103.00,1,0,0
7584,3.336,30.70,103.00,1,0,0
7587,3.336,30.80,103.00,1,0,0
7589,3.336,30.60,102.00,1,0,0
7592,3.336,30.60,102.00,1,0,0
7594,3.336,30.60,102.00,1,0,0
7597,3.336,30.60,103.00,1,0,0
7609,3.336,30.60,102.00,1,0,0
7612,3.340,30.70,103.00,1,0,0
7614,3.336,30.70,103.00,1,0,0
7617,3.336,30.70,103.00,1,0,0
7619,3.336,30.70,103.00,1,0,0
7622,3.336,30.60,102.00,1,0,0
7624,3.336,30.60,102.00,1,0,0
7627,3.336,30.70,103.00,1,0,0
7629,3.336,30.70,103.00,1,0,0
7631,3.336,32.00,103.00,1,0,0
7634,3.336,30.80,103.00,1,0,0
7636,3.336,30.60,102.00,1,0,0
7639,3.336,30.70,102.00,1,0,0
7641,3.336,30.60,102.00,1,0,0
7644,3.336,30.60,102.00,1,0,0
7646,3.336,30.80,103.00,1,0,0
7659,3.336,30.60,102.00,1,0,0
7661,3.336,30.70,103.00,1,0,0
7664,3.336,30.70,103.00,1,0,0
7666,3.336,30.70,103.00,1,0,0
7669,3.336,30.70,102.00,1,0,0
7671,3.336,30.60,102.00,1,0,0
7674,3.316,97.20,319.00,1,0,0
7676,3.292,96.60,318.00,1,0,0
7679,3.292,30.70,103.00,1,0,0
7681,3.336,30.60,102.00,1,0,0
7684,3.336,30.80,103.00,1,0,0
7686,3.336,30.60,102.00,1,0,0
7689,3.336,30.60,102.00,1,0,0
7691,3.336,30.60,102.00,1,0,0
7694,3.336,30.60,103.00,1,0,0
7696,3.336,30.70,103.00,1,0,0
7709,3.336,30.70,103.00,1,0,0
7711,3.336,30.70,103.00,1,0,0
7714,3.336,30.80,103.00,1,0,0
7716,3.336,30.70,103.00,1,0,0
7719,3.336,30.60,102.00,1,0,0
7721,3.336,30.60,102.00,1,0,0
7724,3.336,30.60,102.00,1,0,0
7726,3.336,30.70,103.00,1,0,0
7729,3.336,30.70,103.00,1,0,0
7731,3.336,30.70,103.00,1,0,0
7733,3.336,30.70,103.00,1,0,0
7736,3.336,30.60,102.00,1,0,0
7738,3.336,30.60,102.00,1,0,0
7741,3.336,30.60,102.00,1,0,0
7743,3.336,30.70,103.00,1,0,0
7746,3.336,30.70,103.00,1,0,0
7758,3.336,30.70,103.00,1,0,0
7761,3.336,30.60,102.00,1,0,0
7763,3.336,30.70,103.00,1,0,0
7766,3.336,30.70,102.00,1,0,0
7768,3.336,30.60,102.00,1,0,0
7771,3.336,30.60,102.00,1,0,0
7773,3.336,30.60,103.00,1,0,0
7776,3.336,97.40,321.00,1,0,0
7778,3.292,96.60,318.00,1,0,0
7781,3.292,95.90,103.00,1,0,0
7783,3.336,30.60,102.00,1,0,0
7786,3.336,30.60,102.00,1,0,0
7788,3.336,30.60,102.00,1,0,0
7791,3.336,30.80,103.00,1,0,0
7793,3.336,30.80,103.00,1,0,0
7796,3.336,30.80,103.00,1,0,0
7808,3.332,30.70,103.00,1,0,0
7811,3.336,30.80,103.00,1,0,0
7813,3.336,30.70,103.00,1,0,0
7816,3.336,30.60,102.00,1,0,0
7818,3.336,30.60,102.00,1,0,0
7821,3.336,30.70,103.00,1,0,0
7823,3.336,30.70,103.00,1,0,0
7826,3.336,30.70,103.00,1,0,0
7828,3.336,30.70,103.00,1,0,0
7830,3.336,30.70,103.00,1,0,0
7833,3.336,30.60,102.00,1,0,0
7835,3.336,30.60,102.00,1,0,0
7838,3.336,30.60,102.00,1,0,0
7840,3.336,30.70,103.00,1,0,0
7843,3.336,30.70,103.00,1,0,0
7845,3.336,30.80,103.00,1,0,0
7858,3.336,30.70,103.00,1,0,0
7860,3.336,30.80,103.00,1,0,0
7863,3.336,30.70,102.00,1,0,0
7865,3.336,30.60,102.00,1,0,0
7868,3.336,30.60,102.00,1,0,0
7870,3.336,30.60,102.00,1,0,0
7873,3.336,30.80,103.00,1,0,0
7875,3.336,30.70,103.00,1,0,0
7878,3.336,30.70,319.00,1,0,0
7880,3.292,30.50,102.00,1,0,0
7883,3.336,30.60,102.00,1,0,0
7885,3.336,30.70,102.00,1,0,0
7888,3.336,30.70,103.00,1,0,0
7890,3.336,30.70,103.00,1,0,0
7893,3.340,30.70,103.00,1,0,0
7895,3.336,30.80,102.00,1,0,0
7908,3.336,30.70,103.00,1,0,0
7910,3.336,30.70,103.00,1,0,0
7913,3.336,30.60,102.00,1,0,0
7915,3.336,30.60,103.00,1,0,0
7918,3.336,30.70,103.00,1,0,0
7920,3.336,30.80,103.00,1,0,0
7923,3.336,30.70,103.00,1,0,0
7925,3.336,30.70,103.00,1,0,0
7927,3.336,30.70,103.00,1,0,0
7930,3.336,30.60,102.00,1,0,0
7932,3.336,30.60,102.00,1,0,0
7935,3.336,30.60,102.00,1,0,0
7937,3.336,30.70,103.00,1,0,0
7940,3.336,30.70,103.00,1,0,0
7942,3.336,30.70,103.00,1,0,0
7945,3.336,30.70,103.00,1,0,0
7957,3.336,30.70,103.00,1,0,0
7960,3.336,30.70,102.00,1,0,0
7962,3.336,30.60,102.00,1,0,0
7965,3.336,30.60,102.00,1,0,0
7967,3.336,30.60,103.00,1,0,0
7970,3.336,30.70,103.00,1,0,0
7972,3.336,30.70,103.00,1,0,0
7975,3.336,30.90,103.00,1,0,0
7977,3.336,30.60,102.00,1,0,0
7980,3.336,30.60,102.00,1,0,0
7982,3.292,97.00,318.00,1,0,0
7985,3.292,55.10,184.00,1,0,0
7987,3.336,30.70,103.00,1,0,0
7990,3.336,30.70,103.00,1,0,0
7992,3.336,30.70,103.00,1,0,0
7995,3.336,30.70,103.00,1,0,0
8007,3.336,30.70,103.00,1,0,0
8010,3.336,30.60,102.00,1,0,0
8012,3.336,30.60,102.00,1,0,0
8015,3.336,30.60,102.00,1,0,0
8017,3.336,30.70,103.00,1,0,0
8020,3.336,30.70,103.00,1,0,0
8022,3.336,30.80,103.00,1,0,0
8024,3.336,30.70,103.00,1,0,0
8027,3.336,30.60,102.00,1,0,0
8029,3.336,30.60,102.00,1,0,0
8032,3.336,30.60,102.00,1,0,0
8034,3.336,30.70,103.00,1,0,0
8037,3.336,30.80,103.00,1,0,0
8039,3.336,30.80,103.00,1,0,0
8042,3.336,30.70,103.00,1,0,0
8044,3.336,30.70,103.00,1,0,0
8057,3.336,30.70,102.00,1,0,0
8059,3.336,30.60,102.00,1,0,0
8062,3.336,30.60,102.00,1,0,0
8064,3.336,30.60,102.00,1,0,0
8067,3.336,30.70,103.00,1,0,0
8069,3.336,30.70,103.00,1,0,0
8072,3.336,30.70,103.00,1,0,0
8074,3.336,30.60,102.00,1,0,0
8077,3.336,30.60,102.00,1,0,0
8079,3.336,30.60,102.00,1,0,0
8082,3.336,30.60,102.00,1,0,0
8084,3.292,97.30,321.00,1,0,0
8087,3.292,96.60,226.00,1,0,0
8089,3.336,30.70,103.00,1,0,0
8092,3.336,30.60,102.00,1,0,0
8094,3.336,30.60,102.00,1,0,0
8107,3.336,30.60,102.00,1,0,0
8109,3.336,30.60,103.00,1,0,0
8112,3.336,30.60,102.00,1,0,0
8114,3.336,30.70,103.00,1,0,0
8117,3.336,30.70,103.00,1,0,0
8119,3.336,30.70,103.00,1,0,0
8121,3.336,30.70,103.00,1,0,0
8124,3.336,30.60,102.00,1,0,0
8126,3.336,30.60,102.00,1,0,0
8129,3.336,30.60,102.00,1,0,0
8131,3.336,33.20,103.00,1,0,0
8134,3.336,30.70,103.00,1,0,0
8136,3.336,30.70,103.00,1,0,0
8139,3.336,30.60,102.00,1,0,0
8141,3.336,30.70,103.00,1,0,0
8144,3.336,30.60,102.00,1,0,0
8156,3.336,30.60,102.00,1,0,0
8159,3.336,30.60,102.00,1,0,0
8161,3.336,30.60,103.00,1,0,0
8164,3.336,30.70,103.00,1,0,0
8166,3.336,30.70,103.00,1,0,0
8169,3.336,30.70,103.00,1,0,0
8171,3.336,30.60,102.00,1,0,0
8174,3.336,30.70,103.00,1,0,0
8176,3.336,30.60,103.00,1,0,0
8179,3.336,30.60,103.00,1,0,0
8181,3.336,30.70,103.00,1,0,0
8184,3.336,30.70,103.00,1,0,0
8186,3.336,76.90,321.00,1,0,0
8188,3.292,96.60,318.00,1,0,0
8191,3.336,30.60,102.00,1,0,0
8193,3.336,30.60,102.00,1,0,0
8206,3.336,30.70,102.00,1,0,0
8209,3.336,30.60,102.00,1,0,0
8211,3.336,30.70,103.00,1,0,0
8213,3.336,30.70,103.00,1,0,0
8216,3.336,30.70,103.00,1,0,0
8218,3.336,30.70,103.00,1,0,0
8221,3.336,30.60,102.00,1,0,0
8223,3.336,30.60,102.00,1,0,0
8226,3.336,30.60,102.00,1,0,0
8228,3.336,30.70,103.00,1,0,0
8231,3.332,30.70,103.00,1,0,0
8233,3.336,30.70,103.00,1,0,0
8236,3.336,30.60,102.00,1,0,0
8238,3.336,30.60,102.00,1,0,0
8241,3.336,30.60,102.00,1,0,0
8243,3.336,30.70,103.00,1,0,0
8256,3.336,30.60,102.00,1,0,0
8258,3.336,30.70,103.00,1,0,0
8261,3.336,30.70,103.00,1,0,0
8263,3.336,30.70,103.00,1,0,0
8266,3.336,30.70,103.00,1,0,0
8268,3.336,30.60,102.00,1,0,0
8271,3.336,30.60,102.00,1,0,0
8273,3.336,30.60,102.00,1,0,0
8276,3.336,30.70,103.00,1,0,0
8278,3.336,30.60,102.00,1,0,0
8281,3.336,30.70,103.00,1,0,0
8283,3.336,30.70,102.00,1,0,0
8285,3.336,30.60,102.00,1,0,0
8288,3.336,67.80,223.00,1,0,0
8290,3.292,96.70,318.00,1,0,0
8293,3.292,30.70,103.00,1,0,0
8305,3.336,30.60,102.00,1,0,0
8308,3.336,30.70,103.00,1,0,0
8310,3.336,30.70,103.00,1,0,0
8313,3.336,30.70,103.00,1,0,0
8315,3.336,30.70,103.00,1,0,0
8318,3.336,30.60,102.00,1,0,0
8320,3.336,30.60,102.00,1,0,0
8323,3.336,30.60,102.00,1,0,0
8325,3.336,30.70,103.00,1,0,0
8328,3.336,30.70,103.00,1,0,0
8330,3.336,30.70,103.00,1,0,0
8333,3.336,30.60,102.00,1,0,0
8335,3.336,30.60,103.00,1,0,0
8338,3.336,30.60,102.00,1,0,0
8340,3.336,30.70,103.00,1,0,0
8343,3.332,30.70,103.00,1,0,0
8355,3.336,30.60,102.00,1,0,0
8358,3.336,30.70,103.00,1,0,0
8360,3.336,30.80,103.00,1,0,0
8363,3.336,30.70,103.00,1,0,0
8365,3.336,30.70,103.00,1,0,0
8368,3.336,30.60,102.00,1,0,0
8370,3.336,30.60,102.00,1,0,0
8372,3.336,30.60,103.00,1,0,0
8375,3.336,30.70,103.00,1,0,0
8377,3.336,30.70,103.00,1,0,0
8380,3.336,30.70,102.00,1,0,0
8382,3.336,30.60,102.00,1,0,0
8385,3.336,30.70,103.00,1,0,0
8387,3.336,30.60,103.00,1,0,0
8390,3.336,58.40,192.00,1,0,0
8392,3.292,97.60,321.00,1,0,0
8405,3.336,30.80,103.00,1,0,0
8407,3.336,30.80,102.00,1,0,0
8410,3.332,30.70,103.00,1,0,0
8412,3.336,30.70,103.00,1,0,0
8415,3.336,30.60,102.00,1,0,0
8417,3.336,30.60,102.00,1,0,0
8420,3.336,30.60,102.00,1,0,0
8422,3.336,30.70,103.00,1,0,0
8425,3.336,30.80,103.00,1,0,0
8427,3.336,30.70,103.00,1,0,0
8430,3.336,30.60,102.00,1,0,0
8432,3.336,30.60,102.00,1,0,0
8435,3.336,30.70,103.00,1,0,0
8437,3.336,30.70,103.00,1,0,0
8440,3.336,30.70,103.00,1,0,0
8442,3.336,30.70,103.00,1,0,0
8455,3.336,30.70,103.00,1,0,0
8457,3.336,30.70,103.00,1,0,0
8460,3.336,30.80,103.00,1,0,0
8462,3.336,30.70,102.00,1,0,0
8464,3.336,30.60,102.00,1,0,0
8467,3.336,30.60,102.00,1,0,0
8469,3.336,30.60,103.00,1,0,0
8472,3.336,30.80,103.00,1,0,0
8474,3.336,30.90,103.00,1,0,0
8477,3.336,30.70,103.00,1,0,0
8479,3.336,30.60,102.00,1,0,0
8482,3.336,30.60,102.00,1,0,0
8484,3.336,30.60,102.00,1,0,0
8487,3.336,30.70,103.00,1,0,0
8489,3.336,30.70,103.00,1,0,0
8492,3.336,30.70,161.00,1,0,0
8504,3.336,30.80,103.00,1,0,0
8507,3.336,30.80,103.00,1,0,0
8509,3.336,30.70,103.00,1,0,0
8512,3.336,30.60,102.00,1,0,0
8514,3.336,30.60,102.00,1,0,0
8517,3.336,30.60,102.00,1,0,0
8519,3.336,30.80,103.00,1,0,0
8522,3.336,30.70,103.00,1,0,0
8524,3.336,30.70,103.00,1,0,0
8527,3.336,30.60,102.00,1,0,0
8529,3.336,30.60,102.00,1,0,0
8532,3.336,30.70,103.00,1,0,0
8534,3.336,30.70,103.00,1,0,0
8536,3.336,30.70,103.00,1,0,0
8539,3.336,30.70,103.00,1,0,0
8541,3.336,30.70,103.00,1,0,0
8554,3.336,30.70,103.00,1,0,0
8557,3.336,30.70,103.00,1,0,0
8559,3.336,30.60,102.00,1,0,0
8561,3.336,30.60,102.00,1,0,0
8564,3.336,30.60,102.00,1,0,0
8566,3.336,30.60,103.00,1,0,0
8569,3.336,30.70,103.00,1,0,0
8571,3.336,30.70,103.00,1,0,0
8574,3.336,30.70,103.00,1,0,0
8576,3.336,30.60,102.00,1,0,0
8579,3.336,30.60,102.00,1,0,0
8581,3.336,30.60,102.00,1,0,0
8584,3.336,30.80,103.00,1,0,0
8586,3.336,30.80,103.00,1,0,0
8589,3.336,30.80,103.00,1,0,0
8591,3.336,30.60,102.00,1,0,0
8604,3.336,30.70,103.00,1,0,0
8606,3.336,30.70,103.00,1,0,0
8609,3.336,30.60,102.00,1,0,0
8611,3.336,30.60,102.00,1,0,0
8614,3.336,30.60,102.00,1,0,0
8616,3.336,30.70,103.00,1,0,0
8619,3.336,30.70,103.00,1,0,0
8621,3.336,30.70,103.00,1,0,0
8623,3.336,30.60,102.00,1,0,0
8626,3.336,30.70,102.00,1,0,0
8628,3.336,30.60,102.00,1,0,0
8631,3.336,30.70,103.00,1,0,0
8633,3.336,30.70,103.00,1,0,0
8636,3.336,30.70,103.00,1,0,0
8638,3.336,30.80,103.00,1,0,0
8641,3.336,30.70,103.00,1,0,0
8653,3.336,30.70,103.00,1,0,0
8656,3.336,30.70,103.00,1,0,0
8658,3.336,30.60,102.00,1,0,0
8661,3.336,30.70,103.00,1,0,0
8663,3.336,30.60,103.00,1,0,0
8666,3.336,30.70,103.00,1,0,0
8668,3.336,30.80,103.00,1,0,0
8671,3.336,30.70,103.00,1,0,0
8673,3.336,30.70,103.00,1,0,0
8676,3.336,30.60,102.00,1,0,0
8678,3.336,30.60,102.00,1,0,0
8681,3.336,30.70,103.00,1,0,0
8683,3.336,30.80,103.00,1,0,0
8686,3.336,30.80,103.00,1,0,0
8688,3.336,30.70,102.00,1,0,0
8691,3.336,30.70,103.00,1,0,0
8703,3.292,30.80,103.00,1,0,0
8706,3.336,30.70,103.00,1,0,0
8708,3.336,30.60,102.00,1,0,0
8711,3.332,30.60,102.00,1,0,0
8713,3.336,30.80,103.00,1,0,0
8716,3.336,30.80,103.00,1,0,0
8718,3.336,30.70,103.00,1,0,0
8721,3.336,30.70,103.00,1,0,0
8723,3.336,30.70,103.00,1,0,0
8725,3.336,30.60,102.00,1,0,0
8728,3.336,30.70,103.00,1,0,0
8730,3.336,30.70,103.00,1,0,0
8733,3.332,30.80,103.00,1,0,0
8735,3.336,30.70,103.00,1,0,0
8738,3.336,30.70,103.00,1,0,0
8740,3.336,30.60,102.00,1,0,0
8753,3.336,30.70,103.00,1,0,0
8755,3.336,30.60,102.00,1,0,0
8758,3.336,30.60,102.00,1,0,0
8760,3.336,30.70,103.00,1,0,0
8763,3.336,30.70,103.00,1,0,0
8765,3.336,30.80,103.00,1,0,0
8768,3.336,30.80,102.00,1,0,0
8770,3.332,30.60,102.00,1,0,0
8773,3.336,30.60,102.00,1,0,0
8775,3.336,30.70,103.00,1,0,0
8778,3.336,30.80,103.00,1,0,0
8780,3.336,30.70,103.00,1,0,0
8783,3.336,30.70,103.00,1,0,0
8785,3.336,30.70,102.00,1,0,0
8787,3.336,30.70,103.00,1,0,0
8790,3.336,30.60,102.00,1,0,0
8803,3.292,96.60,318.00,1,0,0
8805,3.308,30.70,103.00,1,0,0
8808,3.336,30.70,103.00,1,0,0
8810,3.336,30.70,103.00,1,0,0
8812,3.336,30.80,103.00,1,0,0
8815,3.336,30.70,103.00,1,0,0
8817,3.336,30.70,103.00,1,0,0
8820,3.336,30.70,103.00,1,0,0
8822,3.336,30.60,103.00,1,0,0
8825,3.336,30.60,102.00,1,0,0
8827,3.336,30.70,103.00,1,0,0
8830,3.336,30.70,103.00,1,0,0
8832,3.336,30.70,103.00,1,0,0
8835,3.336,30.60,102.00,1,0,0
8837,3.336,30.60,102.00,1,0,0
8840,3.336,30.60,102.00,1,0,0
8852,3.336,30.70,103.00,1,0,0
8855,3.336,30.60,102.00,1,0,0
8857,3.336,30.60,103.00,1,0,0
8860,3.336,30.70,103.00,1,0,0
8862,3.336,30.70,103.00,1,0,0
8865,3.340,30.70,103.00,1,0,0
8867,3.336,30.70,103.00,1,0,0
8870,3.336,30.60,102.00,1,0,0
8872,3.336,30.60,102.00,1,0,0
8875,3.336,30.90,103.00,1,0,0
8877,3.336,30.70,103.00,1,0,0
8880,3.336,30.70,103.00,1,0,0
8882,3.336,30.70,102.00,1,0,0
8884,3.336,30.60,102.00,1,0,0
8887,3.336,30.60,102.00,1,0,0
8889,3.336,30.70,103.00,1,0,0
8902,3.336,30.60,321.00,1,0,0
8904,3.292,96.70,318.00,1,0,0
8907,3.292,30.80,103.00,1,0,0
8909,3.336,30.80,103.00,1,0,0
8912,3.336,30.70,103.00,1,0,0
8914,3.336,30.60,102.00,1,0,0
8917,3.336,30.60,102.00,1,0,0
8919,3.336,30.60,102.00,1,0,0
8922,3.336,30.70,103.00,1,0,0
8924,3.336,30.70,103.00,1,0,0
8927,3.336,30.70,103.00,1,0,0
8929,3.336,30.70,103.00,1,0,0
8932,3.336,30.70,103.00,1,0,0
8934,3.336,30.70,103.00,1,0,0
8937,3.336,30.60,102.00,1,0,0
8939,3.336,30.70,103.00,1,0,0
8952,3.340,30.70,103.00,1,0,0
8954,3.336,30.60,102.00,1,0,0
8957,3.336,30.70,103.00,1,0,0
8959,3.336,30.80,103.00,1,0,0
8962,3.336,30.70,103.00,1,0,0
8964,3.336,30.60,102.00,1,0,0
8966,3.336,30.60,102.00,1,0,0
8969,3.336,30.60,102.00,1,0,0
8971,3.336,30.70,103.00,1,0,0
8974,3.336,30.90,103.00,1,0,0
8976,3.336,30.70,103.00,1,0,0
8979,3.336,30.70,102.00,1,0,0
8981,3.336,30.60,102.00,1,0,0
8984,3.336,30.60,102.00,1,0,0
8986,3.336,30.50,103.00,1,0,0
8989,3.336,30.70,103.00,1,0,0
9001,3.336,30.60,102.00,1,0,0
9004,3.336,30.70,102.00,1,0,0
9006,3.292,97.30,321.00,1,0,0
9009,3.292,96.70,244.00,1,0,0
9011,3.336,30.70,103.00,1,0,0
9014,3.336,30.60,102.00,1,0,0
9016,3.336,30.60,102.00,1,0,0
9019,3.336,30.60,102.00,1,0,0
9021,3.340,30.70,103.00,1,0,0
9024,3.336,30.70,103.00,1,0,0
9026,3.336,30.70,103.00,1,0,0
9029,3.336,30.60,102.00,1,0,0
9031,3.336,30.60,102.00,1,0,0
9034,3.340,30.60,102.00,1,0,0
9036,3.336,30.70,103.00,1,0,0
9038,3.336,30.80,103.00,1,0,0
9051,3.336,30.60,102.00,1,0,0
9054,3.336,30.70,103.00,1,0,0
9056,3.336,30.70,103.00,1,0,0
9059,3.336,30.70,103.00,1,0,0
9061,3.336,30.60,102.00,1,0,0
9063,3.336,30.60,102.00,1,0,0
9066,3.336,30.70,103.00,1,0,0
9068,3.336,30.70,103.00,1,0,0
9071,3.336,30.70,103.00,1,0,0
9073,3.336,30.80,103.00,1,0,0
9076,3.336,30.80,102.00,1,0,0
9078,3.332,30.60,102.00,1,0,0
9081,3.336,30.60,102.00,1,0,0
9083,3.336,30.60,103.00,1,0,0
9086,3.336,30.80,103.00,1,0,0
9088,3.336,30.70,103.00,1,0,0
9101,3.336,30.70,103.00,1,0,0
9103,3.336,30.80,103.00,1,0,0
9106,3.336,30.70,102.00,1,0,0
9108,3.316,96.60,318.00,1,0,0
9115,3.336,30.60,102.00,1,0,0
9118,3.336,30.80,103.00,1,0,0
9120,3.336,30.70,103.00,1,0,0
9123,3.336,30.70,103.00,1,0,0
9125,3.336,30.70,102.00,1,0,0
9128,3.336,30.50,102.00,1,0,0
9130,3.336,30.60,102.00,1,0,0
9132,3.336,30.60,103.00,1,0,0
9135,3.336,30.70,103.00,1,0,0
9137,3.336,30.70,103.00,1,0,0
9140,3.336,30.90,103.00,1,0,0
9142,3.336,30.60,102.00,1,0,0
9145,3.336,30.60,102.00,1,0,0
9147,3.336,30.50,103.00,1,0,0
9150,3.336,30.70,103.00,1,0,0
9152,3.336,30.70,103.00,1,0,0
9165,3.336,30.70,103.00,1,0,0
9167,3.336,30.70,103.00,1,0,0
9170,3.336,30.70,103.00,1,0,0
9172,3.336,30.80,103.00,1,0,0
9175,3.336,30.70,103.00,1,0,0
9177,3.336,30.60,102.00,1,0,0
9180,3.336,30.60,102.00,1,0,0
9182,3.336,30.70,103.00,1,0,0
9185,3.336,30.80,103.00,1,0,0
9187,3.336,30.80,103.00,1,0,0
9190,3.336,30.70,103.00,1,0,0
9192,3.336,30.60,102.00,1,0,0
9195,3.332,30.60,102.00,1,0,0
9197,3.336,30.60,102.00,1,0,0
9200,3.336,30.70,103.00,1,0,0
9202,3.336,30.70,103.00,1,0,0
9215,3.292,30.80,103.00,1,0,0
9217,3.336,30.70,103.00,1,0,0
9220,3.336,30.80,102.00,1,0,0
9222,3.332,30.70,102.00,1,0,0
9225,3.336,30.70,103.00,1,0,0
9227,3.336,30.60,102.00,1,0,0
9229,3.336,30.60,102.00,1,0,0
9232,3.336,30.80,103.00,1,0,0
9234,3.336,30.70,103.00,1,0,0
9237,3.336,30.80,103.00,1,0,0
9239,3.336,30.60,102.00,1,0,0
9242,3.336,30.70,103.00,1,0,0
9244,3.336,30.60,102.00,1,0,0
9247,3.336,30.70,103.00,1,0,0
9249,3.336,30.70,103.00,1,0,0
9252,3.336,30.80,103.00,1,0,0
9264,3.336,30.80,103.00,1,0,0
9267,3.336,30.70,103.00,1,0,0
9269,3.336,30.70,103.00,1,0,0
9272,3.336,30.60,102.00,1,0,0
9274,3.336,30.70,102.00,1,0,0
9277,3.336,30.60,102.00,1,0,0
9279,3.336,30.80,103.00,1,0,0
9282,3.332,30.80,102.00,1,0,0
9284,3.336,30.70,103.00,1,0,0
9287,3.336,30.70,103.00,1,0,0
9289,3.336,30.50,103.00,1,0,0
9292,3.336,30.60,102.00,1,0,0
9294,3.336,30.60,102.00,1,0,0
9296,3.336,30.80,103.00,1,0,0
9299,3.336,30.70,103.00,1,0,0
9301,3.336,30.80,103.00,1,0,0
9314,3.296,96.60,318.00,1,0,0
9317,3.292,54.30,182.00,1,0,0
9319,3.336,30.80,102.00,1,0,0
9322,3.336,30.60,102.00,1,0,0
9324,3.336,30.60,102.00,1,0,0
9326,3.336,30.60,103.00,1,0,0
9329,3.336,30.70,103.00,1,0,0
9331,3.336,30.70,103.00,1,0,0
9334,3.336,30.80,103.00,1,0,0
9336,3.336,30.70,103.00,1,0,0
9339,3.336,30.60,102.00,1,0,0
9341,3.336,30.60,102.00,1,0,0
9344,3.336,30.80,103.00,1,0,0
9346,3.336,30.70,103.00,1,0,0
9349,3.336,30.70,103.00,1,0,0
9351,3.336,30.60,102.00,1,0,0
9364,3.336,30.70,103.00,1,0,0
9366,3.336,30.70,103.00,1,0,0
9369,3.336,30.60,102.00,1,0,0
9371,3.336,30.60,102.00,1,0,0
9374,3.336,30.60,102.00,1,0,0
9376,3.336,30.80,103.00,1,0,0
9379,3.336,30.70,103.00,1,0,0
9381,3.336,30.80,103.00,1,0,0
9384,3.336,30.60,102.00,1,0,0
9386,3.336,30.60,102.00,1,0,0
9389,3.336,30.60,102.00,1,0,0
9391,3.336,30.60,102.00,1,0,0
9393,3.332,30.70,103.00,1,0,0
9396,3.336,30.70,103.00,1,0,0
9398,3.336,30.70,103.00,1,0,0
9401,3.336,30.70,102.00,1,0,0
9413,3.336,30.70,103.00,1,0,0
9416,3.292,97.20,318.00,1,0,0
9418,3.292,61.70,206.00,1,0,0
9421,3.336,30.70,103.00,1,0,0
9423,3.336,30.60,103.00,1,0,0
9426,3.336,30.70,103.00,1,0,0
9428,3.336,30.80,103.00,1,0,0
9431,3.336,30.70,103.00,1,0,0
9433,3.336,30.60,102.00,1,0,0
9436,3.336,30.70,103.00,1,0,0
9438,3.336,30.60,103.00,1,0,0
9441,3.336,30.70,103.00,1,0,0
9443,3.336,30.80,103.00,1,0,0
9446,3.336,30.70,103.00,1,0,0
9448,3.336,30.70,102.00,1,0,0
9451,3.336,30.60,102.00,1,0,0
9463,3.336,30.70,103.00,1,0,0
9466,3.336,30.60,102.00,1,0,0
9468,3.336,30.60,102.00,1,0,0
9471,3.336,30.70,103.00,1,0,0
9473,3.336,30.70,103.00,1,0,0
9476,3.336,30.70,103.00,1,0,0
9478,3.336,30.70,103.00,1,0,0
9480,3.336,30.70,103.00,1,0,0
9483,3.332,30.70,103.00,1,0,0
9485,3.336,30.60,102.00,1,0,0
9488,3.336,30.60,102.00,1,0,0
9490,3.336,30.80,103.00,1,0,0
9493,3.336,30.70,103.00,1,0,0
9495,3.336,30.70,103.00,1,0,0
9498,3.336,30.60,102.00,1,0,0
9500,3.336,30.60,102.00,1,0,0
9513,3.336,30.70,102.00,1,0,0
9515,3.336,30.60,102.00,1,0,0
9518,3.292,97.20,319.00,1,0,0
9520,3.292,96.50,324.00,1,0,0
9523,3.336,30.70,103.00,1,0,0
9525,3.332,30.80,103.00,1,0,0
9528,3.336,30.70,103.00,1,0,0
9530,3.336,30.60,102.00,1,0,0
9533,3.336,30.70,103.00,1,0,0
9535,3.336,30.60,102.00,1,0,0
9538,3.336,30.70,103.00,1,0,0
9540,3.336,30.70,103.00,1,0,0
9543,3.336,30.80,103.00,1,0,0
9545,3.336,30.80,102.00,1,0,0
9547,3.336,30.60,102.00,1,0,0
9550,3.336,30.70,103.00,1,0,0
9563,3.336,30.60,102.00,1,0,0
9565,3.336,30.60,102.00,1,0,0
9568,3.336,30.60,102.00,1,0,0
9570,3.336,30.80,103.00,1,0,0
9572,3.336,30.80,103.00,1,0,0
9575,3.336,30.70,103.00,1,0,0
9577,3.336,30.70,103.00,1,0,0
9580,3.336,30.60,102.00,1,0,0
9582,3.336,30.60,102.00,1,0,0
9585,3.336,30.60,102.00,1,0,0
9587,3.336,30.70,103.00,1,0,0
9590,3.336,30.70,103.00,1,0,0
9592,3.336,30.80,103.00,1,0,0
9595,3.336,30.60,102.00,1,0,0
9597,3.336,30.60,102.00,1,0,0
9600,3.336,30.60,102.00,1,0,0
9612,3.336,30.60,102.00,1,0,0
9615,3.336,30.60,102.00,1,0,0
9617,3.336,30.60,103.00,1,0,0
9620,3.336,97.40,321.00,1,0,0
9622,3.292,92.90,305.00,1,0,0
9625,3.288,93.00,303.00,1,0,0
9627,3.292,30.60,102.00,1,0,0
9630,3.336,30.60,102.00,1,0,0
9632,3.336,30.60,103.00,1,0,0
9635,3.336,30.70,103.00,1,0,0
9637,3.336,30.80,103.00,1,0,0
9640,3.336,30.70,103.00,1,0,0
9642,3.336,30.70,103.00,1,0,0
9644,3.336,30.60,102.00,1,0,0
9647,3.336,30.70,103.00,1,0,0
9649,3.336,30.60,102.00,1,0,0
9662,3.336,30.60,102.00,1,0,0
9665,3.336,30.60,102.00,1,0,0
9667,3.336,30.80,103.00,1,0,0
9670,3.336,30.80,103.00,1,0,0
9672,3.336,30.70,103.00,1,0,0
9674,3.336,30.60,102.00,1,0,0
9677,3.336,30.60,102.00,1,0,0
9679,3.336,30.60,102.00,1,0,0
9682,3.336,30.70,103.00,1,0,0
9684,3.336,30.70,103.00,1,0,0
9687,3.336,30.80,103.00,1,0,0
9689,3.336,30.70,103.00,1,0,0
9692,3.336,30.60,102.00,1,0,0
9694,3.336,30.60,102.00,1,0,0
9697,3.336,30.50,102.00,1,0,0
9699,3.336,30.70,103.00,1,0,0
9712,3.336,30.60,102.00,1,0,0
9714,3.336,30.60,103.00,1,0,0
9717,3.336,30.70,103.00,1,0,0
9719,3.336,30.70,103.00,1,0,0
9722,3.336,72.40,238.00,1,0,0
9724,3.292,96.60,318.00,1,0,0
9727,3.292,71.30,238.00,1,0,0
9729,3.336,30.60,102.00,1,0,0
9732,3.336,30.60,103.00,1,0,0
9734,3.336,30.80,103.00,1,0,0
9736,3.336,30.80,103.00,1,0,0
9739,3.336,30.70,103.00,1,0,0
9741,3.336,30.70,103.00,1,0,0
9744,3.336,30.60,102.00,1,0,0
9746,3.336,30.60,102.00,1,0,0
9749,3.336,30.70,103.00,1,0,0
9761,3.336,30.70,103.00,1,0,0
9764,3.336,30.70,103.00,1,0,0
9766,3.336,30.70,103.00,1,0,0
9769,3.336,30.70,103.00,1,0,0
9771,3.336,30.60,102.00,1,0,0
9774,3.336,30.60,102.00,1,0,0
9776,3.336,30.60,103.00,1,0,0
9779,3.336,30.60,102.00,1,0,0
9781,3.336,30.70,103.00,1,0,0
9784,3.336,30.70,103.00,1,0,0
9786,3.336,30.70,103.00,1,0,0
9789,3.336,30.60,102.00,1,0,0
9791,3.336,30.60,102.00,1,0,0
9794,3.336,30.60,102.00,1,0,0
9796,3.336,30.70,103.00,1,0,0
9799,3.336,30.80,103.00,1,0,0
9811,3.336,30.60,103.00,1,0,0
9814,3.336,30.80,103.00,1,0,0
9816,3.336,30.80,103.00,1,0,0
9819,3.336,30.70,103.00,1,0,0
9821,3.336,30.70,102.00,1,0,0
9824,3.336,61.20,202.00,1,0,0
9826,3.292,97.20,319.00,1,0,0
9829,3.292,96.70,308.00,1,0,0
9831,3.332,30.70,103.00,1,0,0
9833,3.336,30.80,103.00,1,0,0
9836,3.336,30.60,102.00,1,0,0
9838,3.336,30.70,103.00,1,0,0
9841,3.336,30.60,102.00,1,0,0
9843,3.336,30.70,103.00,1,0,0
9846,3.336,30.80,103.00,1,0,0
9848,3.336,30.70,103.00,1,0,0
9861,3.336,30.70,103.00,1,0,0
9863,3.336,30.70,103.00,1,0,0
9866,3.336,30.70,103.00,1,0,0
9868,3.336,30.70,103.00,1,0,0
9871,3.336,30.60,102.00,1,0,0
9873,3.336,30.60,102.00,1,0,0
9876,3.336,30.60,102.00,1,0,0
9878,3.332,30.70,103.00,1,0,0
9881,3.336,30.70,103.00,1,0,0
9883,3.336,30.80,103.00,1,0,0
9886,3.336,30.60,102.00,1,0,0
9888,3.336,30.60,102.00,1,0,0
9891,3.336,30.60,102.00,1,0,0
9893,3.336,30.70,103.00,1,0,0
9896,3.336,30.70,103.00,1,0,0
9898,3.336,30.70,103.00,1,0,0
9911,3.336,30.70,103.00,1,0,0
9913,3.336,30.70,103.00,1,0,0
9916,3.336,30.70,103.00,1,0,0
9918,3.336,30.70,102.00,1,0,0
9921,3.336,30.60,102.00,1,0,0
9923,3.336,30.60,102.00,1,0,0
9926,3.336,30.60,180.00,1,0,0
9928,3.292,96.60,318.00,1,0,0
9930,3.292,96.30,316.00,1,0,0
9933,3.336,30.70,102.00,1,0,0
9935,3.336,30.60,102.00,1,0,0
9938,3.336,30.60,102.00,1,0,0
9940,3.336,30.60,102.00,1,0,0
9943,3.336,30.70,103.00,1,0,0
9945,3.336,30.80,103.00,1,0,0
9948,3.336,30.70,103.00,1,0,0
9960,3.336,30.70,103.00,1,0,0
9963,3.336,30.70,103.00,1,0,0
9965,3.336,30.70,103.00,1,0,0
9968,3.336,30.60,102.00,1,0,0
9970,3.336,30.60,102.00,1,0,0
9973,3.336,30.60,102.00,1,0,0
9975,3.332,30.70,103.00,1,0,0
9978,3.336,30.70,103.00,1,0,0
9980,3.336,30.70,103.00,1,0,0
9983,3.336,30.70,103.00,1,0,0
9985,3.336,30.60,102.00,1,0,0
9988,3.336,30.60,102.00,1,0,0
9990,3.336,30.70,103.00,1,0,0
9993,3.332,30.70,103.00,1,0,0
9995,3.336,30.80,103.00,1,0,0
9997,3.336,30.80,103.00,1,0,0
10010,3.336,30.70,103.00,1,0,0
10013,3.336,30.70,103.00,1,0,0
10015,3.336,30.60,102.00,1,0,0
10018,3.336,30.60,102.00,1,0,0
10020,3.336,30.60,102.00,1,0,0
10023,3.336,30.60,103.00,1,0,0
10025,3.336,30.80,103.00,1,0,0
10027,3.336,30.70,103.00,1,0,0
10030,3.292,97.40,318.00,1,0,0
10032,3.292,96.70,321.00,1,0,0
10035,3.336,30.60,102.00,1,0,0
10037,3.336,30.60,102.00,1,0,0
10040,3.336,30.70,103.00,1,0,0
10042,3.336,30.70,103.00,1,0,0
10055,3.336,30.70,103.00,1,0,0
10057,3.336,30.70,103.00,1,0,0
10060,3.336,30.80,103.00,1,0,0
10062,3.336,30.70,103.00,1,0,0
10065,3.336,30.60,102.00,1,0,0
10067,3.332,30.60,102.00,1,0,0
10070,3.336,30.60,102.00,1,0,0
10072,3.336,30.70,103.00,1,0,0
10075,3.336,30.80,103.00,1,0,0
10077,3.336,30.70,103.00,1,0,0
10080,3.336,30.70,103.00,1,0,0
10082,3.336,30.60,102.00,1,0,0
10085,3.336,30.60,102.00,1,0,0
10087,3.336,30.80,103.00,1,0,0
10100,3.336,30.60,102.00,1,0,0
10102,3.336,30.60,103.00,1,0,0
10105,3.336,30.70,103.00,1,0,0
10107,3.336,30.70,103.00,1,0,0
10110,3.332,30.80,103.00,1,0,0
10112,3.336,30.60,102.00,1,0,0
10115,3.336,30.60,102.00,1,0,0
10117,3.336,30.60,102.00,1,0,0
10120,3.336,30.60,103.00,1,0,0
10122,3.336,30.70,103.00,1,0,0
10124,3.336,30.70,103.00,1,0,0
10127,3.336,30.70,102.00,1,0,0
10129,3.336,30.60,102.00,1,0,0
10132,3.284,97.30,321.00,1,0,0
10145,3.336,30.60,102.00,1,0,0
10147,3.336,30.70,102.00,1,0,0
10150,3.336,30.60,102.00,1,0,0
10152,3.336,30.70,103.00,1,0,0
10154,3.336,30.80,103.00,1,0,0
10157,3.336,30.70,103.00,1,0,0
10159,3.336,30.70,103.00,1,0,0
10162,3.336,30.70,103.00,1,0,0
10164,3.336,30.60,103.00,1,0,0
10167,3.336,30.70,103.00,1,0,0
10169,3.336,30.70,103.00,1,0,0
10172,3.336,30.80,103.00,1,0,0
10174,3.336,30.70,103.00,1,0,0
10177,3.336,30.60,102.00,1,0,0
10189,3.336,30.70,103.00,1,0,0
10192,3.336,30.70,102.00,1,0,0
10194,3.336,30.60,102.00,1,0,0
10197,3.336,30.60,102.00,1,0,0
10199,3.336,30.60,103.00,1,0,0
10202,3.336,30.70,103.00,1,0,0
10204,3.336,30.80,103.00,1,0,0
10207,3.336,30.70,103.00,1,0,0
10209,3.336,30.60,102.00,1,0,0
10212,3.336,30.60,102.00,1,0,0
10214,3.336,30.60,102.00,1,0,0
10217,3.336,30.60,103.00,1,0,0
10219,3.336,30.70,103.00,1,0,0
10221,3.336,30.80,103.00,1,0,0
10234,3.296,97.50,321.00,1,0,0
10237,3.292,96.70,318.00,1,0,0
10239,3.296,30.80,103.00,1,0,0
10242,3.336,30.60,102.00,1,0,0
10244,3.336,30.60,102.00,1,0,0
10247,3.336,30.60,102.00,1,0,0
10249,3.336,30.70,103.00,1,0,0
10251,3.336,30.70,103.00,1,0,0
10254,3.336,30.70,103.00,1,0,0
10256,3.336,30.70,103.00,1,0,0
10259,3.336,30.60,102.00,1,0,0
10261,3.336,30.60,102.00,1,0,0
10264,3.336,30.60,102.00,1,0,0
10266,3.336,30.70,103.00,1,0,0
10279,3.336,30.60,102.00,1,0,0
10281,3.336,30.70,103.00,1,0,0
10284,3.336,30.70,103.00,1,0,0
10286,3.336,30.80,103.00,1,0,0
10289,3.336,30.70,102.00,1,0,0
10291,3.336,30.60,102.00,1,0,0
10294,3.336,30.60,102.00,1,0,0
10296,3.336,30.60,102.00,1,0,0
10299,3.336,30.70,103.00,1,0,0
10301,3.336,30.70,103.00,1,0,0
10304,3.336,30.70,103.00,1,0,0
10306,3.336,30.60,102.00,1,0,0
10309,3.336,30.60,102.00,1,0,0
10311,3.336,30.60,102.00,1,0,0
10324,3.336,30.60,102.00,1,0,0
10326,3.336,30.60,102.00,1,0,0
10329,3.336,30.60,102.00,1,0,0
10331,3.336,30.70,103.00,1,0,0
10334,3.336,30.70,103.00,1,0,0
10336,3.336,97.40,321.00,1,0,0
10339,3.292,96.60,318.00,1,0,0
10341,3.304,30.60,102.00,1,0,0
10343,3.336,30.60,102.00,1,0,0
10346,3.336,30.70,103.00,1,0,0
10348,3.336,30.70,103.00,1,0,0
10351,3.336,30.70,103.00,1,0,0
10353,3.336,30.70,103.00,1,0,0
10356,3.336,30.60,102.00,1,0,0
10369,3.336,30.70,103.00,1,0,0
10371,3.340,30.60,102.00,1,0,0
10373,3.336,30.60,102.00,1,0,0
10376,3.336,30.60,102.00,1,0,0
10378,3.336,30.70,103.00,1,0,0
10381,3.336,30.70,103.00,1,0,0
10383,3.336,30.70,103.00,1,0,0
10386,3.336,30.70,102.00,1,0,0
10388,3.336,30.60,102.00,1,0,0
10391,3.336,30.60,102.00,1,0,0
10393,3.332,30.70,103.00,1,0,0
10396,3.336,30.60,102.00,1,0,0
10398,3.336,30.80,103.00,1,0,0
10401,3.336,30.70,103.00,1,0,0
10413,3.336,30.70,103.00,1,0,0
10416,3.336,30.70,103.00,1,0,0
10418,3.336,30.70,103.00,1,0,0
10421,3.336,30.60,102.00,1,0,0
10423,3.336,30.60,103.00,1,0,0
10426,3.336,30.60,102.00,1,0,0
10428,3.336,30.70,103.00,1,0,0
10431,3.336,30.70,103.00,1,0,0
10433,3.336,30.80,103.00,1,0,0
10436,3.336,30.60,102.00,1,0,0
10438,3.336,30.60,321.00,1,0,0
10441,3.292,96.70,318.00,1,0,0
10443,3.300,30.80,103.00,1,0,0
10445,3.336,30.70,103.00,1,0,0
10458,3.332,30.60,102.00,1,0,0
10461,3.336,30.70,103.00,1,0,0
10463,3.336,30.70,103.00,1,0,0
10466,3.336,30.70,103.00,1,0,0
10468,3.336,30.60,102.00,1,0,0
10470,3.336,30.60,102.00,1,0,0
10473,3.336,30.60,102.00,1,0,0
10475,3.336,30.60,103.00,1,0,0
10478,3.336,30.70,103.00,1,0,0
10480,3.336,30.70,103.00,1,0,0
10483,3.336,30.70,102.00,1,0,0
10485,3.336,30.60,102.00,1,0,0
10488,3.336,30.60,102.00,1,0,0
10490,3.336,30.60,102.00,1,0,0
10503,3.336,30.60,102.00,1,0,0
10505,3.336,30.50,102.00,1,0,0
10508,3.336,30.70,103.00,1,0,0
10510,3.336,30.70,103.00,1,0,0
10513,3.336,30.70,103.00,1,0,0
10515,3.336,30.80,103.00,1,0,0
10518,3.336,30.60,102.00,1,0,0
10520,3.336,30.60,103.00,1,0,0
10523,3.336,30.70,103.00,1,0,0
10525,3.336,30.70,103.00,1,0,0
10528,3.336,30.80,103.00,1,0,0
10530,3.336,30.70,103.00,1,0,0
10533,3.336,30.60,102.00,1,0,0
10535,3.332,30.60,102.00,1,0,0
10548,3.336,30.80,103.00,1,0,0
10550,3.336,30.60,102.00,1,0,0
10553,3.336,30.70,103.00,1,0,0
10555,3.336,30.60,102.00,1,0,0
10558,3.336,30.70,103.00,1,0,0
10560,3.336,30.70,103.00,1,0,0
10563,3.336,30.80,103.00,1,0,0
10565,3.336,30.60,102.00,1,0,0
10567,3.336,30.60,102.00,1,0,0
10570,3.336,30.60,102.00,1,0,0
10572,3.336,30.70,103.00,1,0,0
10575,3.336,30.70,103.00,1,0,0
10577,3.336,30.70,103.00,1,0,0
10580,3.336,30.90,102.00,1,0,0
10593,3.336,30.70,103.00,1,0,0
10595,3.336,30.70,103.00,1,0,0
10597,3.336,30.60,102.00,1,0,0
10600,3.336,30.60,102.00,1,0,0
10602,3.336,30.60,102.00,1,0,0
10605,3.336,30.70,103.00,1,0,0
10607,3.336,30.70,103.00,1,0,0
10610,3.336,30.80,103.00,1,0,0
10612,3.336,30.60,102.00,1,0,0
10615,3.336,30.60,102.00,1,0,0
10617,3.336,30.60,102.00,1,0,0
10620,3.336,30.60,102.00,1,0,0
10622,3.336,30.70,103.00,1,0,0
10625,3.336,30.80,103.00,1,0,0
10637,3.336,30.70,103.00,1,0,0
10640,3.336,30.80,103.00,1,0,0
10642,3.336,30.60,102.00,1,0,0
10645,3.292,97.20,319.00,1,0,0
10647,3.292,96.30,103.00,1,0,0
10650,3.336,30.60,102.00,1,0,0
10652,3.336,30.60,102.00,1,0,0
10655,3.336,30.70,103.00,1,0,0
10657,3.336,30.80,103.00,1,0,0
10660,3.336,30.70,103.00,1,0,0
10662,3.336,30.60,102.00,1,0,0
10664,3.336,30.60,102.00,1,0,0
10667,3.336,30.60,102.00,1,0,0
10669,3.336,30.70,103.00,1,0,0
10682,3.336,30.60,102.00,1,0,0
10685,3.336,30.60,102.00,1,0,0
10687,3.336,30.70,103.00,1,0,0
10689,3.336,30.80,103.00,1,0,0
10692,3.336,30.70,103.00,1,0,0
10694,3.340,30.70,103.00,1,0,0
10697,3.336,30.60,102.00,1,0,0
10699,3.336,30.60,102.00,1,0,0
10702,3.336,30.70,103.00,1,0,0
10704,3.336,30.80,103.00,1,0,0
10707,3.336,30.80,103.00,1,0,0
10709,3.336,30.70,103.00,1,0,0
10712,3.336,30.70,103.00,1,0,0
10714,3.336,30.60,102.00,1,0,0
10727,3.336,30.60,102.00,1,0,0
10729,3.336,30.70,103.00,1,0,0
10732,3.336,30.60,102.00,1,0,0
10734,3.336,30.70,103.00,1,0,0
10737,3.336,30.70,102.00,1,0,0
10739,3.332,30.70,103.00,1,0,0
10742,3.336,30.80,103.00,1,0,0
10744,3.336,30.50,102.00,1,0,0
10747,3.324,97.10,319.00,1,0,0
10749,3.292,96.20,316.00,1,0,0
10752,3.332,30.70,103.00,1,0,0
10754,3.336,30.80,103.00,1,0,0
10757,3.336,30.70,103.00,1,0,0
10759,3.336,30.70,102.00,1,0,0
10772,3.336,30.80,103.00,1,0,0
10774,3.336,30.60,102.00,1,0,0
10777,3.336,30.60,102.00,1,0,0
10779,3.336,30.60,102.00,1,0,0
10782,3.336,30.60,102.00,1,0,0
10784,3.336,30.80,103.00,1,0,0
10786,3.336,30.80,103.00,1,0,0
10789,3.336,30.70,103.00,1,0,0
10791,3.336,30.60,102.00,1,0,0
10794,3.336,30.60,102.00,1,0,0
10796,3.336,30.60,102.00,1,0,0
10799,3.336,30.70,103.00,1,0,0
10801,3.336,30.70,103.00,1,0,0
10804,3.336,30.70,103.00,1,0,0
10816,3.336,30.80,103.00,1,0,0
10819,3.336,30.70,103.00,1,0,0
10821,3.336,30.70,103.00,1,0,0
10824,3.336,30.60,102.00,1,0,0
10826,3.336,30.60,102.00,1,0,0
10829,3.336,30.60,102.00,1,0,0
10831,3.336,30.70,103.00,1,0,0
10834,3.336,30.80,103.00,1,0,0
10836,3.336,30.70,103.00,1,0,0
10839,3.336,30.70,103.00,1,0,0
10841,3.336,30.70,102.00,1,0,0
10844,3.336,30.60,102.00,1,0,0
10846,3.336,30.60,102.00,1,0,0
10849,3.328,98.00,321.00,1,0,0
10861,3.336,30.60,102.00,1,0,0
10864,3.336,30.70,103.00,1,0,0
10866,3.336,30.70,103.00,1,0,0
10869,3.336,30.70,102.00,1,0,0
10871,3.332,30.60,102.00,1,0,0
10874,3.336,30.70,103.00,1,0,0
10876,3.336,30.60,102.00,1,0,0
10879,3.336,30.60,102.00,1,0,0
10881,3.336,30.70,103.00,1,0,0
10883,3.336,30.70,102.00,1,0,0
10886,3.336,30.70,103.00,1,0,0
10888,3.336,30.60,102.00,1,0,0
10891,3.336,30.60,102.00,1,0,0
10893,3.336,30.60,102.00,1,0,0
10906,3.336,30.70,103.00,1,0,0
10909,3.336,30.60,102.00,1,0,0
10911,3.336,30.70,103.00,1,0,0
10913,3.336,30.70,103.00,1,0,0
10916,3.336,30.70,103.00,1,0,0
10918,3.336,30.80,103.00,1,0,0
10921,3.336,30.60,103.00,1,0,0
10923,3.336,30.70,103.00,1,0,0
10926,3.336,30.70,103.00,1,0,0
10928,3.336,30.70,103.00,1,0,0
10931,3.336,30.70,103.00,1,0,0
10933,3.336,30.70,103.00,1,0,0
10936,3.336,30.70,103.00,1,0,0
10938,3.336,30.60,102.00,1,0,0
10951,3.332,93.70,319.00,1,0,0
10953,3.292,97.20,319.00,1,0,0
10956,3.292,53.60,179.00,1,0,0
10958,3.336,30.60,102.00,1,0,0
10961,3.336,30.70,103.00,1,0,0
10963,3.336,30.70,103.00,1,0,0
10966,3.336,30.80,103.00,1,0,0
10968,3.336,30.70,103.00,1,0,0
10971,3.336,30.60,102.00,1,0,0
10973,3.336,30.70,102.00,1,0,0
10976,3.336,30.60,102.00,1,0,0
10978,3.336,30.70,102.00,1,0,0
10981,3.336,30.70,103.00,1,0,0
10983,3.336,30.70,103.00,1,0,0
10996,3.336,30.80,103.00,1,0,0
10998,3.336,30.70,103.00,1,0,0
11001,3.336,30.70,103.00,1,0,0
11003,3.336,30.60,102.00,1,0,0
11006,3.336,30.60,102.00,1,0,0
11008,3.336,30.60,102.00,1,0,0
11010,3.336,30.70,103.00,1,0,0
11013,3.336,30.70,103.00,1,0,0
11015,3.336,30.70,103.00,1,0,0
11018,3.336,30.70,102.00,1,0,0
11020,3.336,30.60,102.00,1,0,0
11023,3.336,30.60,102.00,1,0,0
11025,3.332,30.70,103.00,1,0,0
11028,3.336,30.70,103.00,1,0,0
11040,3.336,30.60,102.00,1,0,0
11043,3.336,30.80,103.00,1,0,0
11045,3.336,30.70,103.00,1,0,0
11048,3.336,30.70,103.00,1,0,0
11050,3.336,30.50,102.00,1,0,0
11053,3.336,89.20,293.00,1,0,0
11055,3.292,96.60,318.00,1,0,0
11058,3.292,30.70,103.00,1,0,0
11060,3.336,30.70,103.00,1,0,0
11063,3.336,30.70,103.00,1,0,0
11065,3.336,30.60,102.00,1,0,0
11068,3.336,30.70,103.00,1,0,0
11070,3.336,30.60,102.00,1,0,0
11073,3.336,30.70,103.00,1,0,0
11085,3.336,30.60,102.00,1,0,0
11088,3.336,30.60,102.00,1,0,0
11090,3.332,30.70,103.00,1,0,0
11093,3.336,30.70,103.00,1,0,0
11095,3.336,30.70,103.00,1,0,0
11098,3.336,30.70,103.00,1,0,0
11100,3.336,30.70,102.00,1,0,0
11103,3.336,30.70,102.00,1,0,0
11105,3.336,30.60,102.00,1,0,0
11107,3.336,30.70,103.00,1,0,0
11110,3.336,30.70,103.00,1,0,0
11117,3.336,30.60,102.00,1,0,0
11120,3.336,30.70,103.00,1,0,0
11122,3.336,30.70,103.00,1,0,0
11125,3.336,30.70,103.00,1,0,0
11127,3.336,30.70,103.00,1,0,0
11130,3.336,30.70,103.00,1,0,0
11132,3.336,30.70,102.00,1,0,0
11134,3.336,30.60,102.00,1,0,0
11137,3.336,30.70,103.00,1,0,0
11139,3.336,30.70,103.00,1,0,0
11152,3.332,30.60,102.00,1,0,0
11155,3.336,30.60,259.00,1,0,0
11157,3.292,96.80,319.00,1,0,0
11159,3.292,81.50,272.00,1,0,0
11162,3.336,30.70,102.00,1,0,0
11164,3.336,30.60,102.00,1,0,0
11167,3.336,30.60,102.00,1,0,0
11169,3.336,30.70,102.00,1,0,0
11172,3.336,30.70,103.00,1,0,0
11174,3.336,30.70,103.00,1,0,0
11177,3.336,30.70,103.00,1,0,0
11179,3.336,30.60,102.00,1,0,0
11182,3.336,30.60,102.00,1,0,0
11184,3.336,30.60,102.00,1,0,0
11197,3.336,30.60,102.00,1,0,0
11199,3.336,30.50,102.00,1,0,0
11202,3.336,30.60,102.00,1,0,0
11204,3.336,30.70,103.00,1,0,0
11207,3.336,30.80,103.00,1,0,0
11209,3.336,30.70,103.00,1,0,0
11212,3.336,30.60,102.00,1,0,0
11214,3.336,30.60,102.00,1,0,0
11217,3.336,30.50,102.00,1,0,0
11219,3.336,30.70,103.00,1,0,0
11222,3.336,30.70,103.00,1,0,0
11224,3.336,30.70,103.00,1,0,0
11226,3.336,30.80,103.00,1,0,0
11229,3.332,30.60,102.00,1,0,0
11242,3.336,30.70,103.00,1,0,0
11244,3.336,30.70,102.00,1,0,0
11247,3.336,30.60,102.00,1,0,0
11249,3.336,30.60,102.00,1,0,0
11252,3.336,30.60,103.00,1,0,0
11254,3.336,30.70,103.00,1,0,0
11256,3.336,30.80,103.00,1,0,0
11259,3.292,97.60,318.00,1,0,0
11261,3.292,88.40,295.00,1,0,0
11264,3.336,30.70,103.00,1,0,0
11266,3.336,30.60,102.00,1,0,0
11269,3.336,30.70,103.00,1,0,0
11271,3.336,30.70,103.00,1,0,0
11274,3.336,30.70,103.00,1,0,0
11286,3.336,30.80,103.00,1,0,0
11289,3.336,30.60,102.00,1,0,0
11291,3.336,30.80,103.00,1,0,0
11294,3.336,30.60,102.00,1,0,0
11296,3.336,30.60,102.00,1,0,0
11299,3.332,30.60,102.00,1,0,0
11301,3.336,30.70,102.00,1,0,0
11304,3.336,30.80,102.00,1,0,0
11306,3.332,30.60,102.00,1,0,0
11309,3.336,30.60,102.00,1,0,0
11311,3.336,30.70,102.00,1,0,0
11314,3.336,30.60,102.00,1,0,0
11316,3.336,30.70,103.00,1,0,0
11319,3.336,30.70,103.00,1,0,0
11331,3.336,30.60,103.00,1,0,0
11334,3.336,30.70,103.00,1,0,0
11336,3.336,30.70,103.00,1,0,0
11339,3.336,30.70,103.00,1,0,0
11341,3.336,30.60,102.00,1,0,0
11344,3.336,30.60,102.00,1,0,0
11346,3.332,30.60,102.00,1,0,0
11349,3.332,30.60,103.00,1,0,0
11351,3.336,30.80,103.00,1,0,0
11353,3.336,30.70,103.00,1,0,0
11356,3.336,30.70,103.00,1,0,0
11358,3.336,30.60,102.00,1,0,0
11361,3.292,97.30,321.00,1,0,0
11363,3.292,96.50,319.00,1,0,0
11376,3.336,30.60,102.00,1,0,0
11378,3.336,30.60,102.00,1,0,0
11381,3.336,30.70,103.00,1,0,0
11383,3.336,30.70,103.00,1,0,0
11386,3.336,30.70,103.00,1,0,0
11388,3.336,30.70,103.00,1,0,0
11391,3.336,30.60,102.00,1,0,0
11393,3.336,30.60,102.00,1,0,0
11396,3.336,30.60,102.00,1,0,0
11398,3.336,30.70,103.00,1,0,0
11401,3.336,30.70,103.00,1,0,0
11403,3.336,30.70,103.00,1,0,0
11406,3.336,30.60,102.00,1,0,0
11408,3.336,30.60,102.00,1,0,0
11421,3.336,30.80,102.00,1,0,0
11423,3.336,30.60,102.00,1,0,0
11426,3.336,30.60,102.00,1,0,0
11428,3.336,30.60,102.00,1,0,0
11431,3.336,30.70,103.00,1,0,0
11433,3.336,30.70,103.00,1,0,0
11436,3.336,30.70,103.00,1,0,0
11438,3.336,30.60,102.00,1,0,0
11441,3.336,30.60,102.00,1,0,0
11443,3.336,30.70,103.00,1,0,0
11446,3.336,30.60,102.00,1,0,0
11448,3.336,30.70,103.00,1,0,0
11450,3.336,30.70,103.00,1,0,0
11453,3.336,30.70,103.00,1,0,0
11466,3.292,96.80,323.00,1,0,0
11468,3.292,30.70,103.00,1,0,0
11471,3.336,30.60,102.00,1,0,0
11473,3.336,30.60,102.00,1,0,0
11475,3.336,30.60,102.00,1,0,0
11478,3.336,30.70,103.00,1,0,0
11480,3.336,30.80,103.00,1,0,0
11483,3.336,30.70,103.00,1,0,0
11485,3.336,30.70,103.00,1,0,0
11488,3.336,30.70,103.00,1,0,0
11490,3.336,30.70,102.00,1,0,0
11493,3.336,30.60,102.00,1,0,0
11495,3.336,30.70,103.00,1,0,0
11498,3.336,30.70,103.00,1,0,0
11510,3.336,30.80,103.00,1,0,0
11513,3.336,30.80,103.00,1,0,0
11515,3.336,30.70,103.00,1,0,0
11518,3.336,30.70,102.00,1,0,0
11520,3.336,30.60,102.00,1,0,0
11523,3.336,30.60,102.00,1,0,0
11525,3.336,30.60,103.00,1,0,0
11528,3.336,30.70,103.00,1,0,0
11530,3.336,30.70,103.00,1,0,0
11533,3.336,30.70,103.00,1,0,0
11535,3.336,30.70,102.00,1,0,0
11538,3.336,30.60,102.00,1,0,0
11540,3.336,30.60,102.00,1,0,0
11542,3.336,30.60,103.00,1,0,0
11555,3.336,30.70,102.00,1,0,0
11558,3.336,30.60,102.00,1,0,0
11560,3.336,30.70,103.00,1,0,0
11563,3.336,30.70,103.00,1,0,0
11565,3.336,97.50,321.00,1,0,0
11568,3.296,96.60,318.00,1,0,0
11570,3.324,30.60,103.00,1,0,0
11572,3.336,30.70,103.00,1,0,0
11575,3.336,30.70,103.00,1,0,0
11577,3.336,30.70,103.00,1,0,0
11580,3.336,30.70,103.00,1,0,0
11582,3.336,30.70,103.00,1,0,0
11585,3.336,30.60,102.00,1,0,0
11587,3.336,30.60,102.00,1,0,0
11600,3.336,30.70,102.00,1,0,0
11602,3.336,30.60,102.00,1,0,0
11605,3.336,30.60,102.00,1,0,0
11607,3.336,30.60,103.00,1,0,0
11610,3.336,30.70,103.00,1,0,0
11612,3.336,30.70,103.00,1,0,0
11615,3.336,30.70,102.00,1,0,0
11617,3.336,30.60,102.00,1,0,0
11620,3.340,30.60,102.00,1,0,0
11622,3.336,30.70,102.00,1,0,0
11625,3.336,30.80,103.00,1,0,0
11627,3.336,30.70,103.00,1,0,0
11630,3.336,30.70,103.00,1,0,0
11632,3.336,31.40,102.00,1,0,0
11645,3.336,30.70,103.00,1,0,0
11647,3.336,30.70,103.00,1,0,0
11650,3.336,30.60,102.00,1,0,0
11652,3.336,30.40,103.00,1,0,0
11655,3.336,30.60,102.00,1,0,0
11657,3.336,30.80,103.00,1,0,0
11660,3.336,30.70,103.00,1,0,0
11662,3.336,30.70,103.00,1,0,0
11665,3.336,30.60,102.00,1,0,0
11667,3.336,34.40,321.00,1,0,0
11669,3.296,96.80,318.00,1,0,0
11672,3.316,30.80,103.00,1,0,0
11674,3.336,30.70,103.00,1,0,0
11677,3.336,30.70,103.00,1,0,0
11690,3.336,30.70,103.00,1,0,0
11692,3.336,30.70,103.00,1,0,0
11695,3.336,30.70,103.00,1,0,0
11697,3.336,30.70,102.00,1,0,0
11699,3.336,30.70,103.00,1,0,0
11702,3.336,30.60,102.00,1,0,0
11704,3.336,30.60,103.00,1,0,0
11707,3.336,30.70,103.00,1,0,0
11709,3.336,30.80,103.00,1,0,0
11712,3.336,30.70,102.00,1,0,0
11714,3.336,30.60,102.00,1,0,0
11717,3.332,30.60,102.00,1,0,0
11719,3.336,30.60,103.00,1,0,0
11722,3.336,30.70,103.00,1,0,0
11734,3.336,30.60,102.00,1,0,0
11737,3.336,30.70,103.00,1,0,0
11739,3.336,30.70,103.00,1,0,0
11742,3.336,30.70,103.00,1,0,0
11744,3.336,30.70,103.00,1,0,0
11747,3.336,30.60,102.00,1,0,0
11749,3.336,30.60,102.00,1,0,0
11752,3.336,30.60,102.00,1,0,0
11754,3.336,30.80,103.00,1,0,0
11757,3.336,30.70,103.00,1,0,0
11759,3.336,30.70,103.00,1,0,0
11762,3.336,30.60,102.00,1,0,0
11764,3.336,30.60,102.00,1,0,0
11766,3.336,30.60,102.00,1,0,0
11779,3.336,30.60,102.00,1,0,0
11782,3.336,30.50,102.00,1,0,0
11784,3.336,30.60,102.00,1,0,0
11787,3.336,30.70,103.00,1,0,0
11789,3.336,30.80,103.00,1,0,0
11791,3.336,30.70,103.00,1,0,0
11794,3.336,30.60,102.00,1,0,0
11796,3.336,30.60,102.00,1,0,0
11799,3.336,30.60,102.00,1,0,0
11801,3.336,30.60,103.00,1,0,0
11804,3.336,30.70,103.00,1,0,0
11806,3.336,30.70,103.00,1,0,0
11809,3.336,30.70,102.00,1,0,0
11811,3.336,30.70,103.00,1,0,0
11824,3.336,30.80,103.00,1,0,0
11826,3.336,30.60,102.00,1,0,0
11829,3.336,30.60,102.00,1,0,0
11831,3.336,30.60,102.00,1,0,0
11834,3.336,30.70,103.00,1,0,0
11836,3.336,30.70,103.00,1,0,0
11839,3.336,30.70,103.00,1,0,0
11841,3.336,30.70,103.00,1,0,0
11844,3.336,30.60,102.00,1,0,0
11846,3.336,30.60,103.00,1,0,0
11849,3.336,30.60,102.00,1,0,0
11851,3.336,30.70,103.00,1,0,0
11854,3.336,30.80,103.00,1,0,0
11856,3.336,30.70,103.00,1,0,0
11869,3.336,30.70,103.00,1,0,0
11871,3.336,30.80,102.00,1,0,0
11874,3.292,96.60,318.00,1,0,0
11876,3.292,96.70,103.00,1,0,0
11879,3.336,30.60,102.00,1,0,0
11881,3.336,30.60,102.00,1,0,0
11884,3.336,30.70,103.00,1,0,0
11886,3.336,30.80,103.00,1,0,0
11888,3.336,30.70,103.00,1,0,0
11891,3.336,30.70,102.00,1,0,0
11893,3.336,30.60,102.00,1,0,0
11896,3.336,30.60,102.00,1,0,0
11898,3.336,30.60,103.00,1,0,0
11901,3.336,30.70,103.00,1,0,0
11914,3.336,30.60,102.00,1,0,0
11916,3.336,30.70,103.00,1,0,0
11918,3.336,30.70,103.00,1,0,0
11921,3.336,30.70,103.00,1,0,0
11923,3.340,30.70,103.00,1,0,0
11926,3.336,30.70,103.00,1,0,0
11928,3.336,30.70,102.00,1,0,0
11931,3.336,30.70,103.00,1,0,0
11933,3.336,30.70,103.00,1,0,0
11936,3.336,30.70,103.00,1,0,0
11938,3.336,30.60,102.00,1,0,0
11941,3.336,30.60,102.00,1,0,0
11943,3.336,30.60,102.00,1,0,0
11946,3.336,30.60,102.00,1,0,0
11958,3.336,30.60,102.00,1,0,0
11961,3.336,30.60,102.00,1,0,0
11963,3.336,30.70,103.00,1,0,0
11966,3.336,30.70,103.00,1,0,0
11968,3.336,30.70,103.00,1,0,0
11971,3.336,30.70,103.00,1,0,0
11973,3.336,30.70,102.00,1,0,0
11976,3.308,96.70,318.00,1,0,0
11978,3.292,96.60,318.00,1,0,0
11981,3.308,30.70,103.00,1,0,0
11983,3.336,30.70,103.00,1,0,0
11985,3.336,30.70,103.00,1,0,0
11988,3.336,30.60,102.00,1,0,0
11990,3.336,30.60,102.00,1,0,0
12003,3.336,30.70,103.00,1,0,0
12006,3.336,30.60,102.00,1,0,0
12008,3.336,30.70,102.00,1,0,0
12011,3.336,30.60,102.00,1,0,0
12013,3.336,30.60,102.00,1,0,0
12015,3.336,30.70,103.00,1,0,0
12018,3.336,30.70,103.00,1,0,0
12020,3.336,30.60,102.00,1,0,0
12023,3.336,30.60,102.00,1,0,0
12025,3.336,30.60,102.00,1,0,0
12028,3.336,30.70,103.00,1,0,0
12030,3.336,30.70,103.00,1,0,0
12033,3.336,30.70,103.00,1,0,0
12035,3.336,30.80,103.00,1,0,0
12048,3.336,30.70,103.00,1,0,0
12050,3.336,30.70,103.00,1,0,0
12053,3.336,30.60,102.00,1,0,0
12055,3.336,30.60,102.00,1,0,0
12058,3.336,30.70,103.00,1,0,0
12060,3.336,30.70,103.00,1,0,0
12063,3.340,30.80,103.00,1,0,0
12065,3.336,30.70,103.00,1,0,0
12068,3.336,30.70,103.00,1,0,0
12070,3.336,30.60,102.00,1,0,0
12073,3.336,30.60,102.00,1,0,0
12075,3.336,30.60,102.00,1,0,0
12078,3.312,97.50,319.00,1,0,0
12080,3.296,95.10,313.00,1,0,0
12093,3.336,30.70,103.00,1,0,0
12095,3.336,30.70,103.00,1,0,0
12098,3.336,30.70,103.00,1,0,0
12100,3.336,30.60,102.00,1,0,0
12103,3.336,30.60,102.00,1,0,0
12105,3.336,30.60,103.00,1,0,0
12107,3.336,30.60,102.00,1,0,0
12110,3.336,30.70,103.00,1,0,0
12112,3.336,30.70,103.00,1,0,0
12115,3.340,30.70,103.00,1,0,0
12117,3.336,30.60,102.00,1,0,0
12120,3.336,30.60,102.00,1,0,0
12122,3.336,30.60,102.00,1,0,0
12125,3.336,30.70,103.00,1,0,0
12137,3.336,30.60,102.00,1,0,0
12140,3.336,30.60,102.00,1,0,0
12142,3.336,30.70,103.00,1,0,0
12145,3.336,30.70,103.00,1,0,0
12147,3.336,30.70,103.00,1,0,0
12150,3.336,30.60,102.00,1,0,0
12152,3.336,30.70,103.00,1,0,0
12155,3.336,30.60,102.00,1,0,0
12157,3.336,30.70,103.00,1,0,0
12160,3.336,30.80,103.00,1,0,0
12162,3.336,30.70,103.00,1,0,0
12165,3.336,30.70,103.00,1,0,0
12167,3.336,30.60,102.00,1,0,0
12170,3.336,30.60,102.00,1,0,0
12182,3.296,96.20,316.00,1,0,0
12185,3.324,30.70,103.00,1,0,0
12187,3.336,30.70,102.00,1,0,0
12190,3.336,30.70,103.00,1,0,0
12192,3.336,30.80,103.00,1,0,0
12195,3.336,30.70,103.00,1,0,0
12197,3.336,30.70,103.00,1,0,0
12200,3.336,30.60,102.00,1,0,0
12202,3.336,30.60,102.00,1,0,0
12204,3.336,30.60,102.00,1,0,0
12207,3.336,30.70,103.00,1,0,0
12209,3.336,30.70,103.00,1,0,0
12212,3.336,30.70,103.00,1,0,0
12214,3.336,30.70,103.00,1,0,0
12227,3.336,30.80,103.00,1,0,0
12230,3.336,30.70,103.00,1,0,0
12232,3.336,30.60,102.00,1,0,0
12234,3.336,30.60,102.00,1,0,0
12237,3.336,30.60,102.00,1,0,0
12239,3.336,30.80,103.00,1,0,0
12242,3.336,30.70,103.00,1,0,0
12244,3.336,30.70,103.00,1,0,0
12247,3.336,30.60,102.00,1,0,0
12249,3.336,30.60,102.00,1,0,0
12252,3.336,30.60,102.00,1,0,0
12254,3.336,30.70,103.00,1,0,0
12257,3.336,30.80,103.00,1,0,0
12259,3.336,30.70,103.00,1,0,0
12272,3.336,30.70,102.00,1,0,0
12274,3.336,30.70,103.00,1,0,0
12277,3.336,30.70,103.00,1,0,0
12279,3.336,30.50,102.00,1,0,0
12282,3.328,97.40,321.00,1,0,0
12284,3.292,96.50,318.00,1,0,0
12287,3.292,128.90,424.00,1,0,0
12289,3.292,97.00,319.00,1,0,0
12292,3.292,97.70,123.00,1,0,0
12294,3.336,30.70,103.00,1,0,0
12297,3.336,30.60,102.00,1,0,0
12299,3.336,30.60,102.00,1,0,0
12302,3.336,30.50,102.00,1,0,0
12304,3.332,30.70,103.00,1,0,0
12317,3.336,30.60,102.00,1,0,0
12319,3.336,30.70,103.00,1,0,0
12322,3.336,30.70,103.00,1,0,0
12324,3.336,30.70,103.00,1,0,0
12327,3.336,30.70,103.00,1,0,0
12329,3.336,30.60,102.00,1,0,0
12331,3.336,30.60,102.00,1,0,0
12334,3.336,30.60,102.00,1,0,0
12336,3.336,30.70,103.00,1,0,0
12339,3.336,30.70,103.00,1,0,0
12341,3.336,30.70,103.00,1,0,0
12344,3.336,30.70,103.00,1,0,0
12346,3.336,30.60,102.00,1,0,0
12349,3.336,30.60,102.00,1,0,0
12361,3.336,30.60,102.00,1,0,0
12364,3.336,30.60,102.00,1,0,0
12366,3.336,30.60,102.00,1,0,0
12369,3.336,30.70,103.00,1,0,0
12371,3.336,30.70,103.00,1,0,0
12374,3.336,30.70,103.00,1,0,0
12376,3.336,30.60,102.00,1,0,0
12379,3.336,30.60,102.00,1,0,0
12381,3.336,30.60,102.00,1,0,0
12384,3.336,97.40,321.00,1,0,0
12386,3.292,96.80,318.00,1,0,0
12389,3.288,96.70,103.00,1,0,0
12391,3.336,30.70,103.00,1,0,0
12394,3.336,30.60,102.00,1,0,0
12406,3.336,30.70,103.00,1,0,0
12409,3.336,30.60,102.00,1,0,0
12411,3.336,30.60,102.00,1,0,0
12414,3.336,30.60,102.00,1,0,0
12416,3.336,30.70,103.00,1,0,0
12419,3.336,30.70,103.00,1,0,0
12421,3.336,30.70,103.00,1,0,0
12423,3.336,30.70,103.00,1,0,0
12426,3.336,30.60,102.00,1,0,0
12428,3.336,30.60,102.00,1,0,0
12431,3.336,30.60,102.00,1,0,0
12433,3.336,30.80,103.00,1,0,0
12436,3.336,30.70,103.00,1,0,0
12438,3.336,30.70,103.00,1,0,0
12451,3.336,30.70,103.00,1,0,0
12453,3.336,30.70,103.00,1,0,0
12456,3.336,30.70,103.00,1,0,0
12458,3.336,30.60,102.00,1,0,0
12461,3.336,30.60,102.00,1,0,0
12463,3.336,30.60,102.00,1,0,0
12466,3.336,30.70,103.00,1,0,0
12468,3.336,30.70,103.00,1,0,0
12471,3.336,30.60,103.00,1,0,0
12473,3.336,30.60,102.00,1,0,0
12476,3.336,30.60,102.00,1,0,0
12478,3.336,30.60,102.00,1,0,0
12481,3.336,30.70,103.00,1,0,0
12483,3.336,30.70,103.00,1,0,0
12496,3.336,30.60,102.00,1,0,0
12498,3.336,30.70,103.00,1,0,0
12501,3.336,30.70,103.00,1,0,0
12503,3.336,30.80,103.00,1,0,0
12506,3.336,30.60,102.00,1,0,0
12508,3.336,30.60,102.00,1,0,0
12511,3.336,30.60,102.00,1,0,0
12513,3.336,30.70,103.00,1,0,0
12516,3.336,30.70,103.00,1,0,0
12518,3.336,30.70,103.00,1,0,0
12521,3.336,30.70,103.00,1,0,0
12523,3.336,30.60,103.00,1,0,0
12525,3.336,30.60,102.00,1,0,0
12528,3.336,30.70,103.00,1,0,0
12541,3.336,30.60,102.00,1,0,0
12543,3.336,30.60,102.00,1,0,0
12546,3.336,30.60,103.00,1,0,0
12548,3.336,30.80,103.00,1,0,0
12550,3.336,30.70,103.00,1,0,0
12553,3.336,30.70,103.00,1,0,0
12555,3.336,30.60,102.00,1,0,0
12558,3.336,30.60,102.00,1,0,0
12560,3.336,30.60,103.00,1,0,0
12563,3.336,30.70,103.00,1,0,0
12565,3.336,30.70,103.00,1,0,0
12568,3.336,30.70,103.00,1,0,0
12570,3.336,30.60,102.00,1,0,0
12573,3.336,30.60,102.00,1,0,0
12585,3.336,30.80,103.00,1,0,0
12588,3.336,30.60,102.00,1,0,0
12590,3.292,97.20,318.00,1,0,0
12593,3.292,79.40,265.00,1,0,0
12595,3.336,30.70,103.00,1,0,0
12598,3.336,30.70,103.00,1,0,0
12600,3.336,30.70,103.00,1,0,0
12603,3.336,30.70,103.00,1,0,0
12605,3.336,30.60,102.00,1,0,0
12608,3.336,30.60,102.00,1,0,0
12610,3.332,30.70,103.00,1,0,0
12613,3.336,30.80,103.00,1,0,0
12615,3.336,30.70,103.00,1,0,0
12617,3.336,30.70,103.00,1,0,0
12630,3.336,30.70,103.00,1,0,0
12633,3.336,30.70,103.00,1,0,0
12635,3.336,30.60,102.00,1,0,0
12638,3.336,30.60,102.00,1,0,0
12640,3.336,30.60,102.00,1,0,0
12643,3.336,30.70,103.00,1,0,0
12645,3.336,30.70,103.00,1,0,0
12647,3.336,30.70,103.00,1,0,0
12650,3.336,30.70,102.00,1,0,0
12652,3.336,30.60,102.00,1,0,0
12655,3.336,30.60,102.00,1,0,0
12657,3.336,30.60,102.00,1,0,0
12660,3.336,30.70,103.00,1,0,0
12662,3.336,30.80,103.00,1,0,0
12675,3.332,30.70,102.00,1,0,0
12677,3.336,30.60,103.00,1,0,0
12680,3.336,30.70,103.00,1,0,0
12682,3.336,30.70,103.00,1,0,0
12685,3.336,30.70,103.00,1,0,0
12687,3.336,30.60,102.00,1,0,0
12690,3.336,30.60,102.00,1,0,0
12692,3.292,97.40,321.00,1,0,0
12695,3.292,96.80,300.00,1,0,0
12697,3.336,30.70,103.00,1,0,0
12700,3.336,30.60,102.00,1,0,0
12702,3.336,30.60,102.00,1,0,0
12705,3.336,30.60,102.00,1,0,0
12707,3.336,30.70,103.00,1,0,0
12720,3.336,30.60,102.00,1,0,0
12722,3.336,30.60,103.00,1,0,0
12725,3.336,30.70,103.00,1,0,0
12727,3.336,30.80,103.00,1,0,0
12730,3.336,30.70,103.00,1,0,0
12732,3.336,30.70,102.00,1,0,0
12735,3.336,30.60,102.00,1,0,0
12737,3.336,30.60,102.00,1,0,0
12739,3.336,30.60,103.00,1,0,0
12742,3.336,30.80,103.00,1,0,0
12744,3.336,30.80,103.00,1,0,0
12747,3.336,30.70,103.00,1,0,0
12749,3.336,30.50,102.00,1,0,0
12752,3.336,30.60,102.00,1,0,0
12765,3.336,30.60,102.00,1,0,0
12767,3.336,30.60,103.00,1,0,0
12769,3.336,30.60,102.00,1,0,0
12772,3.336,30.70,103.00,1,0,0
12774,3.336,30.70,103.00,1,0,0
12777,3.336,30.70,103.00,1,0,0
12779,3.336,30.70,103.00,1,0,0
12782,3.336,30.60,102.00,1,0,0
12784,3.336,30.60,102.00,1,0,0
12787,3.336,30.60,102.00,1,0,0
12789,3.336,30.80,103.00,1,0,0
12792,3.336,30.70,103.00,1,0,0
12794,3.336,97.50,321.00,1,0,0
12797,3.296,97.10,319.00,1,0,0
12809,3.336,30.80,103.00,1,0,0
12812,3.336,30.70,102.00,1,0,0
12814,3.336,30.60,102.00,1,0,0
12817,3.336,30.70,103.00,1,0,0
12819,3.336,30.60,102.00,1,0,0
12822,3.336,30.70,103.00,1,0,0
12824,3.336,30.70,103.00,1,0,0
12827,3.336,30.70,103.00,1,0,0
12829,3.336,30.70,102.00,1,0,0
12832,3.336,30.60,102.00,1,0,0
12834,3.336,30.60,102.00,1,0,0
12837,3.336,30.60,103.00,1,0,0
12839,3.336,30.80,103.00,1,0,0
12841,3.336,30.80,103.00,1,0,0
12854,3.336,30.80,103.00,1,0,0
12857,3.336,30.70,103.00,1,0,0
12859,3.336,30.70,103.00,1,0,0
12862,3.336,30.60,102.00,1,0,0
12864,3.336,30.60,102.00,1,0,0
12866,3.336,30.60,102.00,1,0,0
12869,3.336,30.70,103.00,1,0,0
12871,3.336,30.70,103.00,1,0,0
12874,3.336,30.80,103.00,1,0,0
12876,3.336,30.70,103.00,1,0,0
12879,3.336,30.60,102.00,1,0,0
12881,3.336,30.60,103.00,1,0,0
12884,3.336,30.60,102.00,1,0,0
12886,3.336,30.70,103.00,1,0,0
12899,3.292,96.60,318.00,1,0,0
12901,3.312,30.70,103.00,1,0,0
12904,3.336,30.70,103.00,1,0,0
12906,3.336,30.70,103.00,1,0,0
12909,3.336,30.70,102.00,1,0,0
12911,3.336,30.60,102.00,1,0,0
12914,3.336,30.60,102.00,1,0,0
12916,3.336,30.60,102.00,1,0,0
12919,3.336,30.80,103.00,1,0,0
12921,3.336,30.70,103.00,1,0,0
12924,3.336,30.70,103.00,1,0,0
12926,3.336,30.70,102.00,1,0,0
12929,3.336,30.60,102.00,1,0,0
12931,3.336,30.60,102.00,1,0,0
12944,3.336,30.60,102.00,1,0,0
12946,3.336,30.60,102.00,1,0,0
12949,3.336,30.60,102.00,1,0,0
12951,3.336,30.70,103.00,1,0,0
12954,3.336,30.70,103.00,1,0,0
12956,3.336,30.70,103.00,1,0,0
12959,3.336,30.60,102.00,1,0,0
12961,3.336,30.60,102.00,1,0,0
12963,3.336,30.70,103.00,1,0,0
12966,3.336,30.70,103.00,1,0,0
12968,3.336,30.80,103.00,1,0,0
12971,3.336,30.70,103.00,1,0,0
12973,3.336,30.80,103.00,1,0,0
12976,3.336,30.60,102.00,1,0,0
12988,3.336,30.70,103.00,1,0,0
12991,3.336,30.60,102.00,1,0,0
12993,3.336,30.60,102.00,1,0,0
12996,3.336,30.50,102.00,1,0,0
12998,3.336,45.60,321.00,1,0,0
13001,3.292,96.60,318.00,1,0,0
13003,3.324,30.80,103.00,1,0,0
13006,3.336,30.80,102.00,1,0,0
13008,3.336,30.60,102.00,1,0,0
13011,3.336,30.60,102.00,1,0,0
13013,3.336,30.60,102.00,1,0,0
13016,3.336,30.80,103.00,1,0,0
13018,3.336,30.70,103.00,1,0,0
13021,3.336,30.70,103.00,1,0,0
13033,3.336,30.70,103.00,1,0,0
13036,3.336,30.70,103.00,1,0,0
13038,3.336,30.70,103.00,1,0,0
13041,3.336,30.70,103.00,1,0,0
13043,3.336,30.60,102.00,1,0,0
13046,3.336,30.60,102.00,1,0,0
13048,3.336,30.70,103.00,1,0,0
13051,3.336,30.70,103.00,1,0,0
13053,3.336,30.70,103.00,1,0,0
13056,3.336,30.60,102.00,1,0,0
13058,3.336,30.70,102.00,1,0,0
13060,3.336,30.60,102.00,1,0,0
13063,3.336,30.70,103.00,1,0,0
13065,3.336,30.70,103.00,1,0,0
13078,3.336,30.60,102.00,1,0,0
13081,3.336,30.70,103.00,1,0,0
13083,3.336,30.70,103.00,1,0,0
13085,3.336,30.70,103.00,1,0,0
13088,3.336,30.60,102.00,1,0,0
13090,3.336,30.60,102.00,1,0,0
13093,3.336,30.60,102.00,1,0,0
13095,3.336,30.60,103.00,1,0,0
13098,3.336,30.70,103.00,1,0,0
13100,3.336,36.70,121.00,1,0,0
13103,3.292,96.20,318.00,1,0,0
13105,3.300,30.60,102.00,1,0,0
13108,3.336,30.70,103.00,1,0,0
13110,3.336,30.60,103.00,1,0,0
13127,3.336,30.70,103.00,1,0,0
13130,3.336,30.70,103.00,1,0,0
13132,3.336,30.70,103.00,1,0,0
13135,3.336,30.70,103.00,1,0,0
13137,3.336,30.60,103.00,1,0,0
13140,3.336,30.60,102.00,1,0,0
13142,3.336,30.60,102.00,1,0,0
13144,3.336,30.70,103.00,1,0,0
13147,3.336,30.70,103.00,1,0,0
13149,3.336,30.70,103.00,1,0,0
13152,3.336,30.70,102.00,1,0,0
13154,3.336,30.60,102.00,1,0,0
13157,3.336,30.60,102.00,1,0,0
13159,3.336,30.60,103.00,1,0,0
13172,3.336,30.60,102.00,1,0,0
13174,3.336,30.60,102.00,1,0,0
13177,3.336,30.70,103.00,1,0,0
13179,3.336,30.70,103.00,1,0,0
13182,3.332,30.70,103.00,1,0,0
13184,3.336,30.50,102.00,1,0,0
13187,3.336,30.60,102.00,1,0,0
13189,3.336,30.60,102.00,1,0,0
13192,3.336,30.70,103.00,1,0,0
13194,3.340,30.70,103.00,1,0,0
13197,3.336,30.70,103.00,1,0,0
13199,3.336,30.70,103.00,1,0,0
13202,3.336,30.60,102.00,1,0,0
13204,3.296,97.30,318.00,1,0,0
13217,3.336,30.70,102.00,1,0,0
13219,3.336,30.60,102.00,1,0,0
13222,3.336,30.60,102.00,1,0,0
13224,3.336,30.60,102.00,1,0,0
13227,3.336,30.70,103.00,1,0,0
13229,3.336,30.70,103.00,1,0,0
13232,3.336,30.70,103.00,1,0,0
13234,3.336,30.60,102.00,1,0,0
13237,3.336,30.60,102.00,1,0,0
13239,3.336,30.70,103.00,1,0,0
13241,3.336,30.70,103.00,1,0,0
13244,3.336,30.80,103.00,1,0,0
13246,3.336,30.70,103.00,1,0,0
13249,3.336,30.70,102.00,1,0,0
13262,3.336,30.70,103.00,1,0,0
13264,3.336,30.70,103.00,1,0,0
13267,3.336,30.60,102.00,1,0,0
13269,3.336,30.60,102.00,1,0,0
13271,3.336,30.60,102.00,1,0,0
13274,3.336,30.70,103.00,1,0,0
13276,3.336,30.70,103.00,1,0,0
13279,3.336,30.70,103.00,1,0,0
13281,3.336,30.60,102.00,1,0,0
13284,3.336,30.60,102.00,1,0,0
13286,3.340,30.60,102.00,1,0,0
13289,3.336,30.60,102.00,1,0,0
13291,3.336,30.80,103.00,1,0,0
13294,3.336,30.70,103.00,1,0,0
13306,3.300,97.40,319.00,1,0,0
13309,3.292,96.90,318.00,1,0,0
13311,3.332,30.80,103.00,1,0,0
13314,3.336,30.60,102.00,1,0,0
13316,3.336,30.60,102.00,1,0,0
13319,3.336,30.60,102.00,1,0,0
13321,3.336,30.60,102.00,1,0,0
13324,3.336,30.70,103.00,1,0,0
13326,3.336,30.80,103.00,1,0,0
13329,3.336,30.70,103.00,1,0,0
13331,3.336,30.60,102.00,1,0,0
13334,3.336,30.60,102.00,1,0,0
13336,3.336,30.60,102.00,1,0,0
13338,3.336,30.70,103.00,1,0,0
13351,3.336,30.70,102.00,1,0,0
13354,3.336,30.80,103.00,1,0,0
13356,3.336,30.70,103.00,1,0,0
13359,3.336,30.70,103.00,1,0,0
13361,3.340,30.70,103.00,1,0,0
13364,3.336,30.60,102.00,1,0,0
13366,3.336,30.60,102.00,1,0,0
13368,3.336,30.60,102.00,1,0,0
13371,3.336,30.70,103.00,1,0,0
13373,3.336,30.70,103.00,1,0,0
13376,3.336,30.70,103.00,1,0,0
13378,3.336,30.60,102.00,1,0,0
13381,3.336,30.60,102.00,1,0,0
13383,3.336,30.60,102.00,1,0,0
13396,3.336,30.60,103.00,1,0,0
13398,3.336,30.60,102.00,1,0,0
13401,3.336,30.60,102.00,1,0,0
13403,3.336,30.80,103.00,1,0,0
13406,3.336,30.70,103.00,1,0,0
13408,3.304,97.50,321.00,1,0,0
13411,3.292,35.70,102.00,1,0,0
13413,3.336,30.60,102.00,1,0,0
13416,3.336,30.70,103.00,1,0,0
13418,3.336,30.60,102.00,1,0,0
13421,3.336,30.70,103.00,1,0,0
13423,3.336,30.70,103.00,1,0,0
13426,3.336,30.70,103.00,1,0,0
13428,3.336,30.60,102.00,1,0,0
13441,3.336,30.80,103.00,1,0,0
13443,3.336,30.60,102.00,1,0,0
13446,3.336,30.60,102.00,1,0,0
13448,3.336,30.60,102.00,1,0,0
13451,3.336,30.70,103.00,1,0,0
13453,3.336,30.70,103.00,1,0,0
13456,3.336,30.80,103.00,1,0,0
13458,3.336,30.70,103.00,1,0,0
13460,3.336,30.60,102.00,1,0,0
13463,3.336,30.60,102.00,1,0,0
13465,3.336,30.60,102.00,1,0,0
13468,3.336,30.80,103.00,1,0,0
13470,3.336,30.70,103.00,1,0,0
13473,3.336,30.80,103.00,1,0,0
13486,3.336,30.70,103.00,1,0,0
13488,3.336,30.70,103.00,1,0,0
13490,3.336,30.70,103.00,1,0,0
13493,3.336,30.60,102.00,1,0,0
13495,3.336,30.60,102.00,1,0,0
13498,3.336,30.60,102.00,1,0,0
13500,3.336,30.70,103.00,1,0,0
13503,3.340,30.70,103.00,1,0,0
13505,3.336,30.70,103.00,1,0,0
13508,3.336,30.80,102.00,1,0,0
13510,3.336,30.60,321.00,1,0,0
13513,3.292,96.60,318.00,1,0,0
13515,3.292,87.80,293.00,1,0,0
13518,3.336,30.70,103.00,1,0,0
13530,3.336,30.60,102.00,1,0,0
13533,3.336,30.70,103.00,1,0,0
13535,3.336,30.70,103.00,1,0,0
13538,3.336,30.80,102.00,1,0,0
13540,3.336,30.60,102.00,1,0,0
13543,3.336,30.60,102.00,1,0,0
13545,3.336,30.60,102.00,1,0,0
13548,3.336,30.70,103.00,1,0,0
13550,3.336,30.60,102.00,1,0,0
13553,3.336,30.70,103.00,1,0,0
13555,3.336,30.60,102.00,1,0,0
13557,3.336,30.60,102.00,1,0,0
13560,3.336,30.60,102.00,1,0,0
13562,3.340,30.60,102.00,1,0,0
13575,3.336,30.60,102.00,1,0,0
13578,3.336,30.60,102.00,1,0,0
13580,3.336,30.60,102.00,1,0,0
13583,3.336,30.80,103.00,1,0,0
13585,3.336,30.70,103.00,1,0,0
13587,3.336,30.70,103.00,1,0,0
13590,3.336,30.60,102.00,1,0,0
13592,3.336,30.70,103.00,1,0,0
13595,3.336,30.60,102.00,1,0,0
13597,3.336,30.70,103.00,1,0,0
13600,3.336,30.70,103.00,1,0,0
13602,3.336,30.80,103.00,1,0,0
13605,3.336,30.70,103.00,1,0,0
13607,3.336,30.60,102.00,1,0,0
13620,3.336,30.70,103.00,1,0,0
13622,3.336,30.60,102.00,1,0,0
13625,3.336,30.60,102.00,1,0,0
13627,3.336,30.60,103.00,1,0,0
13630,3.336,30.70,103.00,1,0,0
13632,3.336,30.70,103.00,1,0,0
13635,3.336,30.70,103.00,1,0,0
13637,3.336,30.60,102.00,1,0,0
13640,3.336,30.70,103.00,1,0,0
13642,3.336,30.60,102.00,1,0,0
13645,3.336,30.60,102.00,1,0,0
13647,3.336,30.70,103.00,1,0,0
13650,3.336,30.60,102.00,1,0,0
13652,3.336,30.70,103.00,1,0,0
13665,3.336,30.70,103.00,1,0,0
13667,3.336,30.70,103.00,1,0,0
13670,3.336,30.70,103.00,1,0,0
13672,3.336,30.70,102.00,1,0,0
13675,3.336,30.60,102.00,1,0,0
13677,3.336,30.60,102.00,1,0,0
13680,3.336,30.70,103.00,1,0,0
13682,3.336,30.70,103.00,1,0,0
13684,3.340,30.70,103.00,1,0,0
13687,3.336,30.60,102.00,1,0,0
13689,3.336,30.70,103.00,1,0,0
13692,3.336,30.60,102.00,1,0,0
13694,3.336,30.70,103.00,1,0,0
13697,3.336,30.70,103.00,1,0,0
13709,3.336,30.60,103.00,1,0,0
13712,3.336,30.70,103.00,1,0,0
13714,3.336,30.70,102.00,1,0,0
13717,3.292,97.10,318.00,1,0,0
13719,3.292,46.50,156.00,1,0,0
13722,3.336,30.60,102.00,1,0,0
13724,3.336,30.60,103.00,1,0,0
13727,3.336,30.80,103.00,1,0,0
13729,3.336,30.70,103.00,1,0,0
13732,3.336,30.70,103.00,1,0,0
13734,3.336,30.60,102.00,1,0,0
13737,3.336,30.60,102.00,1,0,0
13739,3.336,30.60,102.00,1,0,0
13742,3.336,30.60,102.00,1,0,0
13754,3.336,30.60,102.00,1,0,0
13757,3.336,30.60,102.00,1,0,0
13759,3.336,30.70,103.00,1,0,0
13762,3.336,30.70,103.00,1,0,0
13764,3.340,30.70,103.00,1,0,0
13767,3.336,30.60,102.00,1,0,0
13769,3.336,30.60,102.00,1,0,0
13772,3.336,30.60,102.00,1,0,0
13774,3.336,30.70,103.00,1,0,0
13776,3.340,30.70,103.00,1,0,0
13779,3.336,30.70,103.00,1,0,0
13781,3.336,30.80,103.00,1,0,0
13784,3.336,30.60,102.00,1,0,0
13786,3.340,30.60,102.00,1,0,0
13799,3.336,30.70,102.00,1,0,0
13802,3.336,30.60,102.00,1,0,0
13804,3.336,30.60,102.00,1,0,0
13806,3.336,30.60,103.00,1,0,0
13809,3.336,30.80,103.00,1,0,0
13811,3.336,30.80,103.00,1,0,0
13814,3.336,30.70,103.00,1,0,0
13816,3.336,30.60,102.00,1,0,0
13819,3.292,97.20,319.00,1,0,0
13821,3.292,96.40,319.00,1,0,0
13824,3.312,30.80,103.00,1,0,0
13826,3.336,30.70,103.00,1,0,0
13829,3.336,30.80,103.00,1,0,0
13831,3.336,30.60,102.00,1,0,0
13844,3.336,30.70,103.00,1,0,0
13846,3.336,30.70,103.00,1,0,0
13849,3.336,30.60,102.00,1,0,0
13851,3.336,30.60,102.00,1,0,0
13854,3.336,30.60,102.00,1,0,0
13856,3.336,30.80,103.00,1,0,0
13859,3.336,30.70,103.00,1,0,0
13861,3.336,30.70,103.00,1,0,0
13864,3.336,30.70,103.00,1,0,0
13866,3.336,30.60,102.00,1,0,0
13869,3.336,30.60,102.00,1,0,0
13871,3.336,30.60,102.00,1,0,0
13873,3.336,30.70,103.00,1,0,0
13876,3.336,30.70,103.00,1,0,0
13889,3.340,30.90,103.00,1,0,0
13891,3.336,30.80,103.00,1,0,0
13894,3.336,30.70,103.00,1,0,0
13896,3.336,30.70,102.00,1,0,0
13899,3.336,30.60,102.00,1,0,0
13901,3.336,30.60,102.00,1,0,0
13903,3.340,30.60,103.00,1,0,0
13906,3.336,30.70,103.00,1,0,0
13908,3.336,30.70,103.00,1,0,0
13911,3.340,30.80,103.00,1,0,0
13913,3.336,30.60,102.00,1,0,0
13916,3.336,30.60,102.00,1,0,0
13918,3.336,30.60,102.00,1,0,0
13921,3.336,97.20,319.00,1,0,0
13933,3.336,30.60,102.00,1,0,0
13936,3.336,30.60,102.00,1,0,0
13938,3.336,30.70,103.00,1,0,0
13941,3.336,30.60,103.00,1,0,0
13943,3.336,30.80,103.00,1,0,0
13946,3.336,30.60,102.00,1,0,0
13948,3.336,30.60,102.00,1,0,0
13951,3.336,30.60,102.00,1,0,0
13953,3.336,30.70,103.00,1,0,0
13956,3.336,30.70,103.00,1,0,0
13958,3.336,30.70,103.00,1,0,0
13961,3.336,30.70,103.00,1,0,0
13963,3.336,30.60,102.00,1,0,0
13966,3.336,30.60,102.00,1,0,0
13978,3.340,30.70,103.00,1,0,0
13981,3.336,30.60,102.00,1,0,0
13983,3.336,30.60,102.00,1,0,0
13986,3.336,30.70,103.00,1,0,0
13988,3.336,30.70,103.00,1,0,0
13991,3.336,30.70,103.00,1,0,0
13993,3.336,30.70,102.00,1,0,0
13995,3.336,30.60,102.00,1,0,0
13998,3.336,30.60,102.00,1,0,0
14000,3.336,30.60,103.00,1,0,0
14003,3.336,30.70,103.00,1,0,0
14005,3.336,30.70,103.00,1,0,0
14008,3.336,30.70,103.00,1,0,0
14010,3.336,30.70,103.00,1,0,0
14023,3.336,97.20,319.00,1,0,0
14025,3.292,96.60,318.00,1,0,0
14028,3.316,30.60,102.00,1,0,0
14030,3.336,30.60,102.00,1,0,0
14033,3.336,30.60,102.00,1,0,0
14035,3.336,30.70,103.00,1,0,0
14038,3.336,30.70,103.00,1,0,0
14040,3.336,30.70,103.00,1,0,0
14043,3.336,30.60,102.00,1,0,0
14045,3.336,30.60,102.00,1,0,0
14048,3.336,30.60,102.00,1,0,0
14050,3.336,30.70,103.00,1,0,0
14053,3.336,30.70,103.00,1,0,0
14055,3.336,30.70,103.00,1,0,0
14068,3.336,30.70,103.00,1,0,0
14070,3.336,30.70,103.00,1,0,0
14073,3.336,30.70,103.00,1,0,0
14075,3.336,30.60,102.00,1,0,0
14078,3.336,30.70,103.00,1,0,0
14080,3.336,30.60,102.00,1,0,0
14083,3.336,30.70,103.00,1,0,0
14085,3.336,30.70,103.00,1,0,0
14088,3.336,30.70,103.00,1,0,0
14090,3.336,30.90,102.00,1,0,0
14092,3.336,30.60,102.00,1,0,0
14095,3.336,30.60,102.00,1,0,0
14097,3.336,30.60,103.00,1,0,0
14100,3.336,30.70,103.00,1,0,0
14113,3.336,30.60,102.00,1,0,0
14115,3.336,30.80,103.00,1,0,0
14118,3.336,30.70,103.00,1,0,0
14120,3.336,30.70,103.00,1,0,0
14122,3.336,30.60,102.00,1,0,0
14125,3.336,79.40,316.00,1,0,0
14127,3.292,96.60,318.00,1,0,0
14130,3.292,30.60,102.00,1,0,0
14132,3.336,30.70,103.00,1,0,0
14135,3.336,30.70,103.00,1,0,0
14137,3.336,30.80,103.00,1,0,0
14140,3.336,30.60,102.00,1,0,0
14142,3.336,30.60,103.00,1,0,0
14145,3.340,30.60,102.00,1,0,0
14157,3.336,30.60,102.00,1,0,0
14160,3.336,30.60,102.00,1,0,0
14162,3.336,30.60,103.00,1,0,0
14165,3.336,30.70,103.00,1,0,0
14167,3.336,30.70,103.00,1,0,0
14170,3.336,30.70,103.00,1,0,0
14172,3.336,30.60,102.00,1,0,0
14175,3.336,30.60,102.00,1,0,0
14177,3.336,30.60,102.00,1,0,0
14180,3.336,30.70,103.00,1,0,0
14182,3.336,30.70,103.00,1,0,0
14185,3.336,30.70,103.00,1,0,0
14187,3.336,30.70,102.00,1,0,0
14189,3.336,30.60,102.00,1,0,0
14202,3.336,30.80,103.00,1,0,0
14205,3.336,30.60,102.00,1,0,0
14207,3.336,30.70,102.00,1,0,0
14210,3.336,30.60,102.00,1,0,0
14212,3.336,30.70,103.00,1,0,0
14215,3.336,30.70,103.00,1,0,0
14217,3.336,30.70,103.00,1,0,0
14219,3.336,30.70,103.00,1,0,0
14222,3.336,30.60,102.00,1,0,0
14224,3.336,30.60,102.00,1,0,0
14227,3.336,67.70,223.00,1,0,0
14229,3.292,98.20,324.00,1,0,0
14232,3.292,96.50,290.00,1,0,0
14234,3.336,30.80,103.00,1,0,0
14247,3.336,30.70,103.00,1,0,0
14249,3.336,30.70,103.00,1,0,0
14252,3.336,30.70,103.00,1,0,0
14254,3.336,30.60,102.00,1,0,0
14257,3.336,30.60,102.00,1,0,0
14259,3.332,30.60,103.00,1,0,0
14262,3.336,30.80,103.00,1,0,0
14264,3.336,30.70,103.00,1,0,0
14267,3.336,30.70,103.00,1,0,0
14269,3.336,30.60,102.00,1,0,0
14272,3.336,30.60,102.00,1,0,0
14274,3.336,30.60,102.00,1,0,0
14277,3.336,30.60,103.00,1,0,0
14279,3.336,30.80,103.00,1,0,0
14292,3.336,30.70,103.00,1,0,0
14294,3.336,30.70,103.00,1,0,0
14297,3.336,30.70,103.00,1,0,0
14299,3.336,30.70,103.00,1,0,0
14302,3.336,30.60,102.00,1,0,0
14304,3.336,30.60,102.00,1,0,0
14307,3.336,30.60,102.00,1,0,0
14309,3.336,30.80,103.00,1,0,0
14311,3.336,30.70,103.00,1,0,0
14314,3.336,30.70,103.00,1,0,0
14316,3.336,30.60,102.00,1,0,0
14319,3.336,30.60,102.00,1,0,0
14321,3.336,30.60,102.00,1,0,0
14324,3.336,30.60,102.00,1,0,0
14337,3.296,30.60,102.00,1,0,0
14339,3.332,30.60,102.00,1,0,0
14341,3.336,30.80,103.00,1,0,0
14344,3.336,30.70,103.00,1,0,0
14346,3.336,30.80,103.00,1,0,0
14349,3.336,30.70,102.00,1,0,0
14351,3.336,30.60,102.00,1,0,0
14354,3.336,30.60,102.00,1,0,0
14356,3.336,30.60,103.00,1,0,0
14359,3.336,30.70,103.00,1,0,0
14361,3.336,30.70,103.00,1,0,0
14364,3.336,30.70,103.00,1,0,0
14366,3.336,30.60,102.00,1,0,0
14369,3.336,30.60,102.00,1,0,0
14381,3.336,30.60,102.00,1,0,0
14384,3.336,30.60,102.00,1,0,0
14386,3.336,30.60,102.00,1,0,0
14389,3.336,30.60,102.00,1,0,0
14391,3.336,30.70,103.00,1,0,0
14394,3.336,30.70,103.00,1,0,0
14396,3.336,30.70,103.00,1,0,0
14399,3.336,30.60,102.00,1,0,0
14401,3.336,30.60,102.00,1,0,0
14404,3.336,30.70,103.00,1,0,0
14406,3.336,30.70,103.00,1,0,0
14409,3.336,30.70,103.00,1,0,0
14411,3.336,30.80,103.00,1,0,0
14413,3.336,30.70,103.00,1,0,0
14426,3.340,30.70,103.00,1,0,0
14429,3.336,30.70,103.00,1,0,0
14431,3.336,30.60,162.00,1,0,0
14434,3.292,96.50,318.00,1,0,0
14436,3.292,96.40,319.00,1,0,0
14438,3.336,30.70,103.00,1,0,0
14441,3.336,30.70,103.00,1,0,0
14443,3.336,30.70,103.00,1,0,0
14446,3.336,30.70,102.00,1,0,0
14448,3.336,30.60,102.00,1,0,0
14451,3.336,30.60,102.00,1,0,0
14453,3.336,30.60,103.00,1,0,0
14456,3.336,30.70,103.00,1,0,0
14458,3.336,30.70,103.00,1,0,0
14471,3.336,30.80,103.00,1,0,0
14473,3.336,30.70,103.00,1,0,0
14476,3.336,30.80,103.00,1,0,0
14478,3.336,30.60,102.00,1,0,0
14481,3.332,30.60,102.00,1,0,0
14483,3.336,30.60,102.00,1,0,0
14486,3.336,30.60,102.00,1,0,0
14488,3.336,30.70,103.00,1,0,0
14491,3.320,30.80,103.00,1,0,0
14493,3.336,30.70,103.00,1,0,0
14496,3.336,30.60,102.00,1,0,0
14498,3.336,30.70,102.00,1,0,0
14501,3.336,30.70,103.00,1,0,0
14503,3.336,30.70,103.00,1,0,0
14516,3.336,30.60,102.00,1,0,0
14518,3.336,30.60,102.00,1,0,0
14521,3.336,30.70,103.00,1,0,0
14523,3.336,30.70,103.00,1,0,0
14526,3.336,30.70,103.00,1,0,0
14528,3.336,30.60,102.00,1,0,0
14531,3.336,30.70,103.00,1,0,0
14533,3.336,30.60,102.00,1,0,0
14535,3.288,97.60,321.00,1,0,0
14538,3.292,96.70,319.00,1,0,0
14540,3.336,30.80,103.00,1,0,0
14543,3.336,30.70,102.00,1,0,0
14545,3.336,30.60,102.00,1,0,0
14548,3.336,30.60,102.00,1,0,0
14560,3.336,30.60,102.00,1,0,0
14563,3.336,30.60,102.00,1,0,0
14565,3.336,30.60,102.00,1,0,0
14568,3.336,30.70,103.00,1,0,0
14570,3.336,30.70,103.00,1,0,0
14573,3.336,30.70,103.00,1,0,0
14575,3.336,30.60,102.00,1,0,0
14578,3.336,30.60,102.00,1,0,0
14580,3.336,30.60,102.00,1,0,0
14583,3.336,30.60,102.00,1,0,0
14585,3.336,30.70,103.00,1,0,0
14588,3.336,30.70,103.00,1,0,0
14590,3.336,30.70,103.00,1,0,0
14593,3.336,30.60,102.00,1,0,0
14605,3.336,30.70,103.00,1,0,0
14608,3.336,30.80,102.00,1,0,0
14610,3.336,30.70,102.00,1,0,0
14613,3.336,30.60,102.00,1,0,0
14615,3.336,30.60,102.00,1,0,0
14618,3.336,30.70,103.00,1,0,0
14620,3.336,30.70,103.00,1,0,0
14623,3.336,30.70,103.00,1,0,0
14625,3.336,30.70,103.00,1,0,0
14628,3.336,30.60,102.00,1,0,0
14630,3.336,30.60,102.00,1,0,0
14632,3.332,30.70,103.00,1,0,0
14635,3.340,30.80,103.00,1,0,0
14637,3.296,97.50,321.00,1,0,0
14650,3.336,30.70,103.00,1,0,0
14653,3.336,30.70,103.00,1,0,0
14655,3.336,30.80,103.00,1,0,0
14657,3.336,30.70,103.00,1,0,0
14660,3.336,30.60,102.00,1,0,0
14662,3.336,30.70,102.00,1,0,0
14665,3.336,30.70,103.00,1,0,0
14667,3.336,30.70,103.00,1,0,0
14670,3.336,30.70,103.00,1,0,0
14672,3.336,30.70,103.00,1,0,0
14675,3.336,30.60,102.00,1,0,0
14677,3.336,30.70,102.00,1,0,0
14680,3.336,30.60,102.00,1,0,0
14682,3.336,30.70,103.00,1,0,0
14695,3.336,30.60,102.00,1,0,0
14697,3.336,30.70,103.00,1,0,0
14700,3.336,30.70,103.00,1,0,0
14702,3.336,30.80,103.00,1,0,0
14705,3.336,30.70,103.00,1,0,0
14707,3.336,30.60,102.00,1,0,0
14710,3.336,30.60,102.00,1,0,0
14712,3.336,30.60,102.00,1,0,0
14715,3.336,30.80,103.00,1,0,0
14717,3.336,30.70,103.00,1,0,0
14720,3.336,30.70,103.00,1,0,0
14722,3.336,30.70,102.00,1,0,0
14725,3.336,30.70,103.00,1,0,0
14727,3.336,30.60,102.00,1,0,0
14740,3.296,97.30,321.00,1,0,0
14742,3.292,96.70,318.00,1,0,0
14745,3.304,30.70,103.00,1,0,0
14747,3.336,30.70,103.00,1,0,0
14750,3.336,30.70,103.00,1,0,0
14752,3.332,30.70,103.00,1,0,0
14754,3.336,30.60,102.00,1,0,0
14757,3.336,30.70,103.00,1,0,0
14759,3.336,30.60,102.00,1,0,0
14762,3.336,30.70,103.00,1,0,0
14764,3.336,30.70,103.00,1,0,0
14767,3.336,30.70,103.00,1,0,0
14769,3.336,30.70,103.00,1,0,0
14772,3.336,30.60,102.00,1,0,0
14784,3.336,30.70,103.00,1,0,0
14787,3.336,30.60,103.00,1,0,0
14789,3.336,30.60,102.00,1,0,0
14792,3.336,30.70,103.00,1,0,0
14794,3.336,30.70,103.00,1,0,0
14797,3.336,30.70,103.00,1,0,0
14799,3.336,30.70,103.00,1,0,0
14802,3.336,30.70,103.00,1,0,0
14804,3.336,30.60,103.00,1,0,0
14807,3.336,30.60,102.00,1,0,0
14809,3.336,30.60,102.00,1,0,0
14812,3.336,30.70,103.00,1,0,0
14814,3.336,30.70,103.00,1,0,0
14817,3.336,30.70,103.00,1,0,0
14829,3.336,30.70,103.00,1,0,0
14832,3.336,30.70,103.00,1,0,0
14834,3.336,30.60,102.00,1,0,0
14837,3.336,30.60,102.00,1,0,0
14839,3.336,30.60,102.00,1,0,0
14842,3.336,97.40,321.00,1,0,0
14844,3.292,96.70,318.00,1,0,0
14847,3.296,30.80,103.00,1,0,0
14849,3.336,30.80,103.00,1,0,0
14851,3.336,30.60,102.00,1,0,0
14854,3.336,30.60,102.00,1,0,0
14856,3.336,30.60,102.00,1,0,0
14859,3.336,30.70,103.00,1,0,0
14861,3.336,30.70,103.00,1,0,0
14874,3.336,30.70,103.00,1,0,0
14876,3.336,30.70,103.00,1,0,0
14879,3.336,30.70,103.00,1,0,0
14881,3.336,30.70,103.00,1,0,0
14884,3.336,30.60,102.00,1,0,0
14886,3.336,30.60,102.00,1,0,0
14889,3.336,30.60,102.00,1,0,0
14891,3.336,30.80,103.00,1,0,0
14894,3.336,30.70,103.00,1,0,0
14896,3.336,30.70,103.00,1,0,0
14899,3.336,30.70,103.00,1,0,0
14901,3.336,30.60,102.00,1,0,0
14904,3.336,30.60,102.00,1,0,0
14906,3.336,30.60,102.00,1,0,0
14919,3.336,30.60,102.00,1,0,0
14921,3.336,30.60,102.00,1,0,0
14924,3.336,30.70,103.00,1,0,0
14926,3.336,30.80,103.00,1,0,0
14929,3.336,30.80,103.00,1,0,0
14931,3.336,30.60,102.00,1,0,0
14934,3.336,30.60,102.00,1,0,0
14936,3.336,30.60,102.00,1,0,0
14939,3.336,30.60,102.00,1,0,0
14941,3.336,30.70,103.00,1,0,0
14944,3.336,30.70,102.00,1,0,0
14946,3.292,96.70,318.00,1,0,0
14948,3.292,30.70,103.00,1,0,0
14951,3.336,30.60,102.00,1,0,0
14964,3.336,30.70,103.00,1,0,0
14966,3.336,30.60,102.00,1,0,0
14969,3.336,30.60,102.00,1,0,0
14971,3.336,30.70,103.00,1,0,0
14973,3.336,30.80,103.00,1,0,0
14976,3.336,30.70,103.00,1,0,0
14978,3.336,30.70,103.00,1,0,0
14981,3.336,30.60,102.00,1,0,0
14983,3.336,30.60,102.00,1,0,0
14986,3.336,30.60,102.00,1,0,0
14988,3.336,30.70,103.00,1,0,0
14991,3.336,30.70,103.00,1,0,0
14993,3.336,30.70,103.00,1,0,0
14996,3.336,30.70,103.00,1,0,0
15008,3.336,30.70,103.00,1,0,0
15011,3.336,30.70,103.00,1,0,0
15013,3.336,30.60,102.00,1,0,0
15016,3.336,30.60,102.00,1,0,0
15018,3.336,30.60,102.00,1,0,0
15021,3.336,30.80,103.00,1,0,0
15023,3.336,30.70,103.00,1,0,0
15026,3.336,30.70,103.00,1,0,0
15028,3.336,30.70,103.00,1,0,0
15031,3.336,30.60,102.00,1,0,0
15033,3.336,30.60,102.00,1,0,0
15036,3.336,30.60,102.00,1,0,0
15038,3.336,30.70,103.00,1,0,0
15040,3.336,30.70,103.00,1,0,0
15053,3.336,30.70,103.00,1,0,0
15056,3.336,30.80,103.00,1,0,0
15058,3.336,30.70,103.00,1,0,0
15061,3.336,30.70,103.00,1,0,0
15063,3.336,30.60,102.00,1,0,0
15066,3.336,30.60,102.00,1,0,0
15068,3.336,30.60,102.00,1,0,0
15070,3.336,30.70,103.00,1,0,0
15073,3.336,30.70,103.00,1,0,0
15075,3.336,30.70,103.00,1,0,0
15078,3.336,30.60,102.00,1,0,0
15080,3.336,30.60,102.00,1,0,0
15083,3.336,30.60,102.00,1,0,0
15085,3.336,30.70,103.00,1,0,0
15098,3.336,30.60,102.00,1,0,0
15100,3.336,30.60,103.00,1,0,0
15103,3.336,30.80,103.00,1,0,0
15105,3.336,30.70,103.00,1,0,0
15108,3.336,30.70,103.00,1,0,0
15110,3.336,30.60,102.00,1,0,0
15113,3.336,30.60,102.00,1,0,0
15115,3.336,30.60,102.00,1,0,0
15118,3.336,30.70,103.00,1,0,0
15120,3.336,30.80,103.00,1,0,0
15123,3.336,30.70,103.00,1,0,0
15129,3.336,30.60,102.00,1,0,0
15132,3.336,30.60,102.00,1,0,0
15134,3.336,30.70,103.00,1,0,0
15137,3.336,30.70,103.00,1,0,0
15139,3.336,30.70,103.00,1,0,0
15142,3.336,30.60,102.00,1,0,0
15144,3.336,30.60,102.00,1,0,0
15146,3.336,30.60,102.00,1,0,0
15149,3.320,97.60,321.00,1,0,0
15162,3.336,30.70,103.00,1,0,0
15164,3.336,30.60,102.00,1,0,0
15167,3.336,30.70,103.00,1,0,0
15169,3.336,30.70,103.00,1,0,0
15171,3.336,30.80,103.00,1,0,0
15174,3.336,30.70,102.00,1,0,0
15176,3.336,30.60,102.00,1,0,0
15179,3.336,30.60,102.00,1,0,0
15181,3.336,30.60,102.00,1,0,0
15184,3.336,30.70,103.00,1,0,0
15186,3.336,30.70,103.00,1,0,0
15189,3.336,30.70,103.00,1,0,0
15191,3.336,30.60,102.00,1,0,0
15194,3.336,30.60,102.00,1,0,0
15206,3.336,30.60,102.00,1,0,0
15209,3.336,30.60,102.00,1,0,0
15211,3.336,30.60,102.00,1,0,0
15214,3.336,30.60,102.00,1,0,0
15216,3.336,30.80,103.00,1,0,0
15219,3.336,30.70,103.00,1,0,0
15221,3.336,30.70,103.00,1,0,0
15224,3.336,30.60,102.00,1,0,0
15226,3.336,30.60,102.00,1,0,0
15229,3.336,30.60,102.00,1,0,0
15231,3.336,30.70,103.00,1,0,0
15234,3.336,30.70,103.00,1,0,0
15236,3.336,30.70,103.00,1,0,0
15238,3.336,30.70,103.00,1,0,0
15251,3.336,97.60,321.00,1,0,0
15254,3.292,96.80,318.00,1,0,0
15256,3.292,53.30,102.00,1,0,0
15259,3.336,30.60,102.00,1,0,0
15261,3.336,30.60,102.00,1,0,0
15264,3.336,30.70,103.00,1,0,0
15266,3.336,30.70,103.00,1,0,0
15268,3.336,30.80,103.00,1,0,0
15271,3.336,30.70,102.00,1,0,0
15273,3.336,30.60,102.00,1,0,0
15276,3.336,30.60,102.00,1,0,0
15278,3.336,30.60,103.00,1,0,0
15281,3.336,30.70,103.00,1,0,0
15283,3.340,30.70,103.00,1,0,0
15296,3.336,30.70,103.00,1,0,0
15298,3.336,30.60,102.00,1,0,0
15301,3.336,30.70,102.00,1,0,0
15303,3.336,30.60,102.00,1,0,0
15306,3.336,30.60,102.00,1,0,0
15308,3.336,30.60,102.00,1,0,0
15311,3.340,30.60,102.00,1,0,0
15313,3.336,30.70,103.00,1,0,0
15316,3.336,30.70,103.00,1,0,0
15318,3.336,30.70,103.00,1,0,0
15321,3.336,30.60,102.00,1,0,0
15323,3.336,30.50,102.00,1,0,0
15326,3.336,30.60,102.00,1,0,0
15328,3.336,30.70,103.00,1,0,0
15341,3.340,30.60,102.00,1,0,0
15343,3.336,30.60,103.00,1,0,0
15346,3.336,30.70,103.00,1,0,0
15348,3.336,30.70,103.00,1,0,0
15351,3.336,30.70,103.00,1,0,0
15353,3.336,30.60,300.00,1,0,0
15356,3.292,96.80,318.00,1,0,0
15358,3.292,96.40,318.00,1,0,0
15361,3.340,30.70,103.00,1,0,0
15363,3.336,30.70,103.00,1,0,0
15365,3.340,30.70,103.00,1,0,0
15368,3.336,30.70,102.00,1,0,0
15370,3.336,30.60,102.00,1,0,0
15373,3.336,30.70,103.00,1,0,0
15386,3.336,30.60,102.00,1,0,0
15388,3.336,30.60,103.00,1,0,0
15390,3.336,30.60,102.00,1,0,0
15393,3.336,30.70,103.00,1,0,0
15395,3.336,30.70,103.00,1,0,0
15398,3.336,30.70,103.00,1,0,0
15400,3.336,30.60,102.00,1,0,0
15403,3.336,30.60,102.00,1,0,0
15405,3.336,30.60,102.00,1,0,0
15408,3.336,30.60,102.00,1,0,0
15410,3.336,30.70,103.00,1,0,0
15413,3.340,30.70,103.00,1,0,0
15415,3.336,30.70,103.00,1,0,0
15418,3.336,30.60,102.00,1,0,0
15430,3.336,30.70,103.00,1,0,0
15433,3.336,30.70,102.00,1,0,0
15435,3.336,30.60,102.00,1,0,0
15438,3.336,30.60,102.00,1,0,0
15440,3.336,30.60,103.00,1,0,0
15443,3.336,30.70,103.00,1,0,0
15445,3.336,30.70,103.00,1,0,0
15448,3.336,30.70,103.00,1,0,0
15450,3.336,30.60,102.00,1,0,0
15453,3.336,30.60,102.00,1,0,0
15455,3.336,30.60,102.00,1,0,0
15458,3.292,97.60,318.00,1,0,0
15460,3.292,96.60,318.00,1,0,0
15462,3.336,30.70,103.00,1,0,0
15475,3.336,30.70,103.00,1,0,0
15478,3.336,30.70,103.00,1,0,0
15480,3.340,30.70,103.00,1,0,0
15483,3.336,30.50,102.00,1,0,0
15485,3.336,30.60,102.00,1,0,0
15487,3.336,30.60,102.00,1,0,0
15490,3.336,30.70,103.00,1,0,0
15492,3.336,30.80,103.00,1,0,0
15495,3.336,30.70,103.00,1,0,0
15497,3.336,30.60,102.00,1,0,0
15500,3.336,30.60,102.00,1,0,0
15502,3.336,30.60,102.00,1,0,0
15505,3.336,30.60,102.00,1,0,0
15507,3.336,30.70,103.00,1,0,0
15520,3.336,30.60,102.00,1,0,0
15522,3.336,30.70,103.00,1,0,0
15525,3.336,30.70,103.00,1,0,0
15527,3.336,30.70,103.00,1,0,0
15530,3.336,30.70,102.00,1,0,0
15532,3.336,30.60,102.00,1,0,0
15535,3.336,30.60,102.00,1,0,0
15537,3.336,30.60,103.00,1,0,0
15540,3.336,30.70,103.00,1,0,0
15542,3.336,30.70,103.00,1,0,0
15545,3.340,30.70,103.00,1,0,0
15547,3.336,30.60,102.00,1,0,0
15550,3.336,30.60,102.00,1,0,0
15552,3.336,30.60,102.00,1,0,0
15565,3.336,30.60,102.00,1,0,0
15567,3.336,30.60,102.00,1,0,0
15570,3.336,30.70,103.00,1,0,0
15572,3.336,30.80,103.00,1,0,0
15575,3.336,30.70,102.00,1,0,0
15577,3.336,30.70,103.00,1,0,0
15580,3.336,30.60,102.00,1,0,0
15582,3.336,30.60,102.00,1,0,0
15584,3.336,30.60,102.00,1,0,0
15587,3.336,30.70,103.00,1,0,0
15589,3.336,30.70,103.00,1,0,0
15592,3.336,30.70,103.00,1,0,0
15594,3.336,30.70,103.00,1,0,0
15597,3.336,30.60,102.00,1,0,0
15609,3.336,30.70,103.00,1,0,0
15612,3.336,30.60,102.00,1,0,0
15614,3.336,30.60,102.00,1,0,0
15617,3.336,30.60,102.00,1,0,0
15619,3.336,30.70,103.00,1,0,0
15622,3.336,30.70,103.00,1,0,0
15624,3.336,30.70,103.00,1,0,0
15627,3.336,30.70,102.00,1,0,0
